active_dim_1,active_dim_2,c,epochs,final_train_mse,final_val_mse,init_method,inp_dim,linear_readout,lmda,load_model,lr,model_path,model_scaling,n_train1,n_train2,one_task,overlap_bool,pretrain_overlap,same_signs,save_path,scaling,seed,threshold,w_scaling
40.0,5.0,1e-05,100000.0,9.418570090513612e-11,1.56836199760437,complex,1000.0,0.0,0.0,1.0,0.1,data/diagonal/pretrain/seed=0--active_dim=40--c=1.0e-05--lmda=0.0000000000--init_method=complex/model.pt,0.001,1024.0,16.0,1.0,no,0.0,1.0,data/diagonal/sparse_overlap/init_method=complex--seed=0--n_train2=16--active_dim_2=5--load_model=True--linear_readout=False--one_task=True--overlap_bool=no--lmda=0.0000000000--c=1.0e-05--model_scaling=0.001--w_scaling=1.0--same_signs=True/,0.001,0.0,1e-10,1.0
40.0,5.0,1e-05,100000.0,9.3404249612572e-11,1.5713313817977903,complex,1000.0,0.0,-5e-06,1.0,0.1,data/diagonal/pretrain/seed=0--active_dim=40--c=1.0e-05--lmda=-0.0000050000--init_method=complex/model.pt,0.001,1024.0,16.0,1.0,no,0.0,1.0,data/diagonal/sparse_overlap/init_method=complex--seed=0--n_train2=16--active_dim_2=5--load_model=True--linear_readout=False--one_task=True--overlap_bool=no--lmda=-0.0000050000--c=1.0e-05--model_scaling=0.001--w_scaling=1.0--same_signs=True/,0.001,0.0,1e-10,1.0
40.0,5.0,1e-05,100000.0,9.480041751608326e-11,1.5728187561035156,complex,1000.0,0.0,-7.5e-06,1.0,0.1,data/diagonal/pretrain/seed=0--active_dim=40--c=1.0e-05--lmda=-0.0000075000--init_method=complex/model.pt,0.001,1024.0,16.0,1.0,no,0.0,1.0,data/diagonal/sparse_overlap/init_method=complex--seed=0--n_train2=16--active_dim_2=5--load_model=True--linear_readout=False--one_task=True--overlap_bool=no--lmda=-0.0000075000--c=1.0e-05--model_scaling=0.001--w_scaling=1.0--same_signs=True/,0.001,0.0,1e-10,1.0
40.0,5.0,1e-05,100000.0,9.243526777336084e-11,1.5743216276168823,complex,1000.0,0.0,-1e-05,1.0,0.1,data/diagonal/pretrain/seed=0--active_dim=40--c=1.0e-05--lmda=-0.0000100000--init_method=complex/model.pt,0.001,1024.0,16.0,1.0,no,0.0,1.0,data/diagonal/sparse_overlap/init_method=complex--seed=0--n_train2=16--active_dim_2=5--load_model=True--linear_readout=False--one_task=True--overlap_bool=no--lmda=-0.0000100000--c=1.0e-05--model_scaling=0.001--w_scaling=1.0--same_signs=True/,0.001,0.0,1e-10,1.0
40.0,5.0,1e-05,100000.0,9.309227694265232e-11,1.562583327293396,complex,1000.0,0.0,1e-05,1.0,0.1,data/diagonal/pretrain/seed=0--active_dim=40--c=1.0e-05--lmda=0.0000100000--init_method=complex/model.pt,0.001,1024.0,16.0,1.0,no,0.0,1.0,data/diagonal/sparse_overlap/init_method=complex--seed=0--n_train2=16--active_dim_2=5--load_model=True--linear_readout=False--one_task=True--overlap_bool=no--lmda=0.0000100000--c=1.0e-05--model_scaling=0.001--w_scaling=1.0--same_signs=True/,0.001,0.0,1e-10,1.0
40.0,5.0,1e-05,100000.0,9.085891067295292e-11,1.5631598234176636,complex,1000.0,0.0,9e-06,1.0,0.1,data/diagonal/pretrain/seed=0--active_dim=40--c=1.0e-05--lmda=0.0000090000--init_method=complex/model.pt,0.001,1024.0,16.0,1.0,no,0.0,1.0,data/diagonal/sparse_overlap/init_method=complex--seed=0--n_train2=16--active_dim_2=5--load_model=True--linear_readout=False--one_task=True--overlap_bool=no--lmda=0.0000090000--c=1.0e-05--model_scaling=0.001--w_scaling=1.0--same_signs=True/,0.001,0.0,1e-10,1.0
40.0,5.0,1e-05,100000.0,9.32870794501106e-11,1.57341730594635,complex,1000.0,0.0,-8.5e-06,1.0,0.1,data/diagonal/pretrain/seed=0--active_dim=40--c=1.0e-05--lmda=-0.0000085000--init_method=complex/model.pt,0.001,1024.0,16.0,1.0,no,0.0,1.0,data/diagonal/sparse_overlap/init_method=complex--seed=0--n_train2=16--active_dim_2=5--load_model=True--linear_readout=False--one_task=True--overlap_bool=no--lmda=-0.0000085000--c=1.0e-05--model_scaling=0.001--w_scaling=1.0--same_signs=True/,0.001,0.0,1e-10,1.0
40.0,5.0,0.001,100000.0,8.700459797061909e-11,1.165145754814148,complex,1000.0,0.0,0.0009,1.0,0.1,data/diagonal/pretrain/seed=0--active_dim=40--c=1.0e-03--lmda=0.0009000000--init_method=complex/model.pt,0.001,1024.0,16.0,1.0,no,0.0,1.0,data/diagonal/sparse_overlap/init_method=complex--seed=0--n_train2=16--active_dim_2=5--load_model=True--linear_readout=False--one_task=True--overlap_bool=no--lmda=0.0009000000--c=1.0e-03--model_scaling=0.001--w_scaling=1.0--same_signs=True/,0.001,0.0,1e-10,1.0
40.0,5.0,0.001,100000.0,9.053273408721195e-11,1.8073828220367432,complex,1000.0,0.0,-0.001,1.0,0.1,data/diagonal/pretrain/seed=0--active_dim=40--c=1.0e-03--lmda=-0.0010000000--init_method=complex/model.pt,0.001,1024.0,16.0,1.0,no,0.0,1.0,data/diagonal/sparse_overlap/init_method=complex--seed=0--n_train2=16--active_dim_2=5--load_model=True--linear_readout=False--one_task=True--overlap_bool=no--lmda=-0.0010000000--c=1.0e-03--model_scaling=0.001--w_scaling=1.0--same_signs=True/,0.001,0.0,1e-10,1.0
40.0,5.0,0.001,100000.0,8.855968736121156e-11,1.1567612886428833,complex,1000.0,0.0,0.0,1.0,0.1,data/diagonal/pretrain/seed=0--active_dim=40--c=1.0e-03--lmda=0.0000000000--init_method=complex/model.pt,0.001,1024.0,16.0,1.0,no,0.0,1.0,data/diagonal/sparse_overlap/init_method=complex--seed=0--n_train2=16--active_dim_2=5--load_model=True--linear_readout=False--one_task=True--overlap_bool=no--lmda=0.0000000000--c=1.0e-03--model_scaling=0.001--w_scaling=1.0--same_signs=True/,0.001,0.0,1e-10,1.0
40.0,5.0,0.001,100000.0,8.792908762211836e-11,1.2625843286514282,complex,1000.0,0.0,0.001,1.0,0.1,data/diagonal/pretrain/seed=0--active_dim=40--c=1.0e-03--lmda=0.0010000000--init_method=complex/model.pt,0.001,1024.0,16.0,1.0,no,0.0,1.0,data/diagonal/sparse_overlap/init_method=complex--seed=0--n_train2=16--active_dim_2=5--load_model=True--linear_readout=False--one_task=True--overlap_bool=no--lmda=0.0010000000--c=1.0e-03--model_scaling=0.001--w_scaling=1.0--same_signs=True/,0.001,0.0,1e-10,1.0
40.0,5.0,1e-05,100000.0,9.764217906438331e-11,2.002637386322021,complex,1000.0,0.0,1e-05,1.0,0.1,data/diagonal/pretrain/seed=0--active_dim=40--c=1.0e-05--lmda=0.0000100000--init_method=complex/model.pt,0.001,1024.0,32.0,1.0,no,0.0,1.0,data/diagonal/sparse_overlap/init_method=complex--seed=0--n_train2=32--active_dim_2=5--load_model=True--linear_readout=False--one_task=True--overlap_bool=no--lmda=0.0000100000--c=1.0e-05--model_scaling=0.001--w_scaling=1.0--same_signs=True/,0.001,0.0,1e-10,1.0
40.0,5.0,0.1,100000.0,2.087167244591015e-11,0.9706199169158936,complex,1000.0,0.0,-0.05,1.0,0.1,data/diagonal/pretrain/seed=0--active_dim=40--c=1.0e-01--lmda=-0.0500000000--init_method=complex/model.pt,0.001,1024.0,16.0,1.0,no,0.0,1.0,data/diagonal/sparse_overlap/init_method=complex--seed=0--n_train2=16--active_dim_2=5--load_model=True--linear_readout=False--one_task=True--overlap_bool=no--lmda=-0.0500000000--c=1.0e-01--model_scaling=0.001--w_scaling=1.0--same_signs=True/,0.001,0.0,1e-10,1.0
40.0,5.0,0.1,100000.0,4.666559152988192e-11,1.0003416538238523,complex,1000.0,0.0,-0.085,1.0,0.1,data/diagonal/pretrain/seed=0--active_dim=40--c=1.0e-01--lmda=-0.0850000000--init_method=complex/model.pt,0.001,1024.0,16.0,1.0,no,0.0,1.0,data/diagonal/sparse_overlap/init_method=complex--seed=0--n_train2=16--active_dim_2=5--load_model=True--linear_readout=False--one_task=True--overlap_bool=no--lmda=-0.0850000000--c=1.0e-01--model_scaling=0.001--w_scaling=1.0--same_signs=True/,0.001,0.0,1e-10,1.0
40.0,5.0,0.1,100000.0,3.8882248115656986e-11,0.9846736192703248,complex,1000.0,0.0,0.0,1.0,0.1,data/diagonal/pretrain/seed=0--active_dim=40--c=1.0e-01--lmda=0.0000000000--init_method=complex/model.pt,0.001,1024.0,16.0,1.0,no,0.0,1.0,data/diagonal/sparse_overlap/init_method=complex--seed=0--n_train2=16--active_dim_2=5--load_model=True--linear_readout=False--one_task=True--overlap_bool=no--lmda=0.0000000000--c=1.0e-01--model_scaling=0.001--w_scaling=1.0--same_signs=True/,0.001,0.0,1e-10,1.0
40.0,5.0,0.1,100000.0,2.4631772316263678e-11,0.9931061267852784,complex,1000.0,0.0,-0.075,1.0,0.1,data/diagonal/pretrain/seed=0--active_dim=40--c=1.0e-01--lmda=-0.0750000000--init_method=complex/model.pt,0.001,1024.0,16.0,1.0,no,0.0,1.0,data/diagonal/sparse_overlap/init_method=complex--seed=0--n_train2=16--active_dim_2=5--load_model=True--linear_readout=False--one_task=True--overlap_bool=no--lmda=-0.0750000000--c=1.0e-01--model_scaling=0.001--w_scaling=1.0--same_signs=True/,0.001,0.0,1e-10,1.0
40.0,5.0,1e-05,100000.0,9.841942538724168e-11,2.5140039920806885,complex,1000.0,0.0,-1e-05,1.0,0.1,data/diagonal/pretrain/seed=0--active_dim=40--c=1.0e-05--lmda=-0.0000100000--init_method=complex/model.pt,0.001,1024.0,32.0,1.0,no,0.0,1.0,data/diagonal/sparse_overlap/init_method=complex--seed=0--n_train2=32--active_dim_2=5--load_model=True--linear_readout=False--one_task=True--overlap_bool=no--lmda=-0.0000100000--c=1.0e-05--model_scaling=0.001--w_scaling=1.0--same_signs=True/,0.001,0.0,1e-10,1.0
40.0,5.0,0.1,100000.0,9.497309882977588e-11,1.5907050371170044,complex,1000.0,0.0,-0.1,1.0,0.1,data/diagonal/pretrain/seed=0--active_dim=40--c=1.0e-01--lmda=-0.1000000000--init_method=complex/model.pt,0.001,1024.0,16.0,1.0,no,0.0,1.0,data/diagonal/sparse_overlap/init_method=complex--seed=0--n_train2=16--active_dim_2=5--load_model=True--linear_readout=False--one_task=True--overlap_bool=no--lmda=-0.1000000000--c=1.0e-01--model_scaling=0.001--w_scaling=1.0--same_signs=True/,0.001,0.0,1e-10,1.0
40.0,5.0,0.1,100000.0,4.606521067374025e-11,0.9983844757080078,complex,1000.0,0.0,0.09,1.0,0.1,data/diagonal/pretrain/seed=0--active_dim=40--c=1.0e-01--lmda=0.0900000000--init_method=complex/model.pt,0.001,1024.0,16.0,1.0,no,0.0,1.0,data/diagonal/sparse_overlap/init_method=complex--seed=0--n_train2=16--active_dim_2=5--load_model=True--linear_readout=False--one_task=True--overlap_bool=no--lmda=0.0900000000--c=1.0e-01--model_scaling=0.001--w_scaling=1.0--same_signs=True/,0.001,0.0,1e-10,1.0
40.0,5.0,0.1,100000.0,5.284841314567856e-11,0.98648339509964,complex,1000.0,0.0,0.1,1.0,0.1,data/diagonal/pretrain/seed=0--active_dim=40--c=1.0e-01--lmda=0.1000000000--init_method=complex/model.pt,0.001,1024.0,16.0,1.0,no,0.0,1.0,data/diagonal/sparse_overlap/init_method=complex--seed=0--n_train2=16--active_dim_2=5--load_model=True--linear_readout=False--one_task=True--overlap_bool=no--lmda=0.1000000000--c=1.0e-01--model_scaling=0.001--w_scaling=1.0--same_signs=True/,0.001,0.0,1e-10,1.0
40.0,5.0,0.001,100000.0,9.182833660137388e-11,1.3570046424865725,complex,1000.0,0.0,-0.00075,1.0,0.1,data/diagonal/pretrain/seed=0--active_dim=40--c=1.0e-03--lmda=-0.0007500000--init_method=complex/model.pt,0.001,1024.0,16.0,1.0,no,0.0,1.0,data/diagonal/sparse_overlap/init_method=complex--seed=0--n_train2=16--active_dim_2=5--load_model=True--linear_readout=False--one_task=True--overlap_bool=no--lmda=-0.0007500000--c=1.0e-03--model_scaling=0.001--w_scaling=1.0--same_signs=True/,0.001,0.0,1e-10,1.0
40.0,5.0,0.001,100000.0,8.966040410118835e-11,1.3066248893737793,complex,1000.0,0.0,-0.0005,1.0,0.1,data/diagonal/pretrain/seed=0--active_dim=40--c=1.0e-03--lmda=-0.0005000000--init_method=complex/model.pt,0.001,1024.0,16.0,1.0,no,0.0,1.0,data/diagonal/sparse_overlap/init_method=complex--seed=0--n_train2=16--active_dim_2=5--load_model=True--linear_readout=False--one_task=True--overlap_bool=no--lmda=-0.0005000000--c=1.0e-03--model_scaling=0.001--w_scaling=1.0--same_signs=True/,0.001,0.0,1e-10,1.0
40.0,5.0,0.001,100000.0,9.344583440373808e-11,1.3821290731430054,complex,1000.0,0.0,-0.00085,1.0,0.1,data/diagonal/pretrain/seed=0--active_dim=40--c=1.0e-03--lmda=-0.0008500000--init_method=complex/model.pt,0.001,1024.0,16.0,1.0,no,0.0,1.0,data/diagonal/sparse_overlap/init_method=complex--seed=0--n_train2=16--active_dim_2=5--load_model=True--linear_readout=False--one_task=True--overlap_bool=no--lmda=-0.0008500000--c=1.0e-03--model_scaling=0.001--w_scaling=1.0--same_signs=True/,0.001,0.0,1e-10,1.0
40.0,5.0,1e-05,100000.0,9.243526777336084e-11,1.5743216276168823,complex,1000.0,0.0,-1e-05,1.0,0.1,data/diagonal/pretrain/seed=0--active_dim=40--c=1.0e-05--lmda=-0.0000100000--init_method=complex/model.pt,0.001,1024.0,16.0,1.0,no,0.0,1.0,data/diagonal/sparse_overlap/init_method=complex--seed=0--n_train2=16--active_dim_2=5--load_model=True--linear_readout=False--one_task=True--overlap_bool=no--lmda=-0.0000100000--c=1.0e-05--model_scaling=0.001--w_scaling=1.0--same_signs=True/,0.001,0.0,1e-10,1.0
40.0,5.0,1e-05,100000.0,9.309227694265232e-11,1.562583327293396,complex,1000.0,0.0,1e-05,1.0,0.1,data/diagonal/pretrain/seed=0--active_dim=40--c=1.0e-05--lmda=0.0000100000--init_method=complex/model.pt,0.001,1024.0,16.0,1.0,no,0.0,1.0,data/diagonal/sparse_overlap/init_method=complex--seed=0--n_train2=16--active_dim_2=5--load_model=True--linear_readout=False--one_task=True--overlap_bool=no--lmda=0.0000100000--c=1.0e-05--model_scaling=0.001--w_scaling=1.0--same_signs=True/,0.001,0.0,1e-10,1.0
40.0,5.0,0.001,100000.0,9.434435871424895e-11,1.137697458267212,complex,1000.0,0.0,0.0009,1.0,0.1,data/diagonal/pretrain/seed=0--active_dim=40--c=1.0e-03--lmda=0.0009000000--init_method=complex/model.pt,0.001,1024.0,32.0,1.0,no,0.0,1.0,data/diagonal/sparse_overlap/init_method=complex--seed=0--n_train2=32--active_dim_2=5--load_model=True--linear_readout=False--one_task=True--overlap_bool=no--lmda=0.0009000000--c=1.0e-03--model_scaling=0.001--w_scaling=1.0--same_signs=True/,0.001,0.0,1e-10,1.0
40.0,5.0,0.001,100000.0,9.370823561560826e-11,1.1496531963348389,complex,1000.0,0.0,0.0,1.0,0.1,data/diagonal/pretrain/seed=0--active_dim=40--c=1.0e-03--lmda=0.0000000000--init_method=complex/model.pt,0.001,1024.0,32.0,1.0,no,0.0,1.0,data/diagonal/sparse_overlap/init_method=complex--seed=0--n_train2=32--active_dim_2=5--load_model=True--linear_readout=False--one_task=True--overlap_bool=no--lmda=0.0000000000--c=1.0e-03--model_scaling=0.001--w_scaling=1.0--same_signs=True/,0.001,0.0,1e-10,1.0
40.0,5.0,0.001,100000.0,9.529837335930935e-11,1.259293794631958,complex,1000.0,0.0,-0.0005,1.0,0.1,data/diagonal/pretrain/seed=0--active_dim=40--c=1.0e-03--lmda=-0.0005000000--init_method=complex/model.pt,0.001,1024.0,32.0,1.0,no,0.0,1.0,data/diagonal/sparse_overlap/init_method=complex--seed=0--n_train2=32--active_dim_2=5--load_model=True--linear_readout=False--one_task=True--overlap_bool=no--lmda=-0.0005000000--c=1.0e-03--model_scaling=0.001--w_scaling=1.0--same_signs=True/,0.001,0.0,1e-10,1.0
40.0,5.0,0.001,100000.0,9.048048421611554e-11,1.2860883474349976,complex,1000.0,0.0,0.001,1.0,0.1,data/diagonal/pretrain/seed=0--active_dim=40--c=1.0e-03--lmda=0.0010000000--init_method=complex/model.pt,0.001,1024.0,32.0,1.0,no,0.0,1.0,data/diagonal/sparse_overlap/init_method=complex--seed=0--n_train2=32--active_dim_2=5--load_model=True--linear_readout=False--one_task=True--overlap_bool=no--lmda=0.0010000000--c=1.0e-03--model_scaling=0.001--w_scaling=1.0--same_signs=True/,0.001,0.0,1e-10,1.0
40.0,5.0,1e-05,100000.0,9.847014176278536e-11,2.252404928207397,complex,1000.0,0.0,-5e-06,1.0,0.1,data/diagonal/pretrain/seed=0--active_dim=40--c=1.0e-05--lmda=-0.0000050000--init_method=complex/model.pt,0.001,1024.0,32.0,1.0,no,0.0,1.0,data/diagonal/sparse_overlap/init_method=complex--seed=0--n_train2=32--active_dim_2=5--load_model=True--linear_readout=False--one_task=True--overlap_bool=no--lmda=-0.0000050000--c=1.0e-05--model_scaling=0.001--w_scaling=1.0--same_signs=True/,0.001,0.0,1e-10,1.0
40.0,5.0,0.001,100000.0,9.824336483221784e-11,2.287508249282837,complex,1000.0,0.0,-0.001,1.0,0.1,data/diagonal/pretrain/seed=0--active_dim=40--c=1.0e-03--lmda=-0.0010000000--init_method=complex/model.pt,0.001,1024.0,32.0,1.0,no,0.0,1.0,data/diagonal/sparse_overlap/init_method=complex--seed=0--n_train2=32--active_dim_2=5--load_model=True--linear_readout=False--one_task=True--overlap_bool=no--lmda=-0.0010000000--c=1.0e-03--model_scaling=0.001--w_scaling=1.0--same_signs=True/,0.001,0.0,1e-10,1.0
40.0,5.0,1e-05,100000.0,9.665876432585208e-11,2.399842500686645,complex,1000.0,0.0,-8.5e-06,1.0,0.1,data/diagonal/pretrain/seed=0--active_dim=40--c=1.0e-05--lmda=-0.0000085000--init_method=complex/model.pt,0.001,1024.0,32.0,1.0,no,0.0,1.0,data/diagonal/sparse_overlap/init_method=complex--seed=0--n_train2=32--active_dim_2=5--load_model=True--linear_readout=False--one_task=True--overlap_bool=no--lmda=-0.0000085000--c=1.0e-05--model_scaling=0.001--w_scaling=1.0--same_signs=True/,0.001,0.0,1e-10,1.0
40.0,5.0,1e-05,100000.0,9.578907111951196e-11,2.014439582824707,complex,1000.0,0.0,9e-06,1.0,0.1,data/diagonal/pretrain/seed=0--active_dim=40--c=1.0e-05--lmda=0.0000090000--init_method=complex/model.pt,0.001,1024.0,32.0,1.0,no,0.0,1.0,data/diagonal/sparse_overlap/init_method=complex--seed=0--n_train2=32--active_dim_2=5--load_model=True--linear_readout=False--one_task=True--overlap_bool=no--lmda=0.0000090000--c=1.0e-05--model_scaling=0.001--w_scaling=1.0--same_signs=True/,0.001,0.0,1e-10,1.0
40.0,5.0,1e-05,100000.0,9.784221349784515e-11,2.13487195968628,complex,1000.0,0.0,0.0,1.0,0.1,data/diagonal/pretrain/seed=0--active_dim=40--c=1.0e-05--lmda=0.0000000000--init_method=complex/model.pt,0.001,1024.0,32.0,1.0,no,0.0,1.0,data/diagonal/sparse_overlap/init_method=complex--seed=0--n_train2=32--active_dim_2=5--load_model=True--linear_readout=False--one_task=True--overlap_bool=no--lmda=0.0000000000--c=1.0e-05--model_scaling=0.001--w_scaling=1.0--same_signs=True/,0.001,0.0,1e-10,1.0
40.0,5.0,1e-05,100000.0,9.765658420812784e-11,2.346606731414795,complex,1000.0,0.0,-7.5e-06,1.0,0.1,data/diagonal/pretrain/seed=0--active_dim=40--c=1.0e-05--lmda=-0.0000075000--init_method=complex/model.pt,0.001,1024.0,32.0,1.0,no,0.0,1.0,data/diagonal/sparse_overlap/init_method=complex--seed=0--n_train2=32--active_dim_2=5--load_model=True--linear_readout=False--one_task=True--overlap_bool=no--lmda=-0.0000075000--c=1.0e-05--model_scaling=0.001--w_scaling=1.0--same_signs=True/,0.001,0.0,1e-10,1.0
40.0,5.0,0.001,100000.0,9.623055130525415e-11,1.3771083354949951,complex,1000.0,0.0,-0.00085,1.0,0.1,data/diagonal/pretrain/seed=0--active_dim=40--c=1.0e-03--lmda=-0.0008500000--init_method=complex/model.pt,0.001,1024.0,32.0,1.0,no,0.0,1.0,data/diagonal/sparse_overlap/init_method=complex--seed=0--n_train2=32--active_dim_2=5--load_model=True--linear_readout=False--one_task=True--overlap_bool=no--lmda=-0.0008500000--c=1.0e-03--model_scaling=0.001--w_scaling=1.0--same_signs=True/,0.001,0.0,1e-10,1.0
40.0,5.0,0.1,100000.0,5.024317073498708e-11,0.9694131016731262,complex,1000.0,0.0,0.1,1.0,0.1,data/diagonal/pretrain/seed=0--active_dim=40--c=1.0e-01--lmda=0.1000000000--init_method=complex/model.pt,0.001,1024.0,32.0,1.0,no,0.0,1.0,data/diagonal/sparse_overlap/init_method=complex--seed=0--n_train2=32--active_dim_2=5--load_model=True--linear_readout=False--one_task=True--overlap_bool=no--lmda=0.1000000000--c=1.0e-01--model_scaling=0.001--w_scaling=1.0--same_signs=True/,0.001,0.0,1e-10,1.0
40.0,5.0,0.1,100000.0,9.682241813857571e-11,1.9608454704284668,complex,1000.0,0.0,-0.1,1.0,0.1,data/diagonal/pretrain/seed=0--active_dim=40--c=1.0e-01--lmda=-0.1000000000--init_method=complex/model.pt,0.001,1024.0,32.0,1.0,no,0.0,1.0,data/diagonal/sparse_overlap/init_method=complex--seed=0--n_train2=32--active_dim_2=5--load_model=True--linear_readout=False--one_task=True--overlap_bool=no--lmda=-0.1000000000--c=1.0e-01--model_scaling=0.001--w_scaling=1.0--same_signs=True/,0.001,0.0,1e-10,1.0
40.0,5.0,0.001,100000.0,9.713414794720876e-11,1.3268872499465942,complex,1000.0,0.0,-0.00075,1.0,0.1,data/diagonal/pretrain/seed=0--active_dim=40--c=1.0e-03--lmda=-0.0007500000--init_method=complex/model.pt,0.001,1024.0,32.0,1.0,no,0.0,1.0,data/diagonal/sparse_overlap/init_method=complex--seed=0--n_train2=32--active_dim_2=5--load_model=True--linear_readout=False--one_task=True--overlap_bool=no--lmda=-0.0007500000--c=1.0e-03--model_scaling=0.001--w_scaling=1.0--same_signs=True/,0.001,0.0,1e-10,1.0
40.0,10.0,0.1,100000.0,9.420877966626051e-11,1.2612205743789673,complex,1000.0,0.0,-0.1,1.0,0.1,data/diagonal/pretrain/seed=0--active_dim=40--c=1.0e-01--lmda=-0.1000000000--init_method=complex/model.pt,0.001,1024.0,16.0,1.0,no,0.0,1.0,data/diagonal/sparse_overlap/init_method=complex--seed=0--n_train2=16--active_dim_2=10--load_model=True--linear_readout=False--one_task=True--overlap_bool=no--lmda=-0.1000000000--c=1.0e-01--model_scaling=0.001--w_scaling=1.0--same_signs=True/,0.001,0.0,1e-10,1.0
40.0,10.0,0.1,100000.0,3.6365396804960426e-11,0.9885379076004028,complex,1000.0,0.0,0.09,1.0,0.1,data/diagonal/pretrain/seed=0--active_dim=40--c=1.0e-01--lmda=0.0900000000--init_method=complex/model.pt,0.001,1024.0,16.0,1.0,no,0.0,1.0,data/diagonal/sparse_overlap/init_method=complex--seed=0--n_train2=16--active_dim_2=10--load_model=True--linear_readout=False--one_task=True--overlap_bool=no--lmda=0.0900000000--c=1.0e-01--model_scaling=0.001--w_scaling=1.0--same_signs=True/,0.001,0.0,1e-10,1.0
40.0,10.0,0.001,100000.0,8.946630242201437e-11,1.1204676628112793,complex,1000.0,0.0,0.0,1.0,0.1,data/diagonal/pretrain/seed=0--active_dim=40--c=1.0e-03--lmda=0.0000000000--init_method=complex/model.pt,0.001,1024.0,16.0,1.0,no,0.0,1.0,data/diagonal/sparse_overlap/init_method=complex--seed=0--n_train2=16--active_dim_2=10--load_model=True--linear_readout=False--one_task=True--overlap_bool=no--lmda=0.0000000000--c=1.0e-03--model_scaling=0.001--w_scaling=1.0--same_signs=True/,0.001,0.0,1e-10,1.0
40.0,10.0,0.001,100000.0,8.716855015578062e-11,1.204999327659607,complex,1000.0,0.0,0.0009,1.0,0.1,data/diagonal/pretrain/seed=0--active_dim=40--c=1.0e-03--lmda=0.0009000000--init_method=complex/model.pt,0.001,1024.0,16.0,1.0,no,0.0,1.0,data/diagonal/sparse_overlap/init_method=complex--seed=0--n_train2=16--active_dim_2=10--load_model=True--linear_readout=False--one_task=True--overlap_bool=no--lmda=0.0009000000--c=1.0e-03--model_scaling=0.001--w_scaling=1.0--same_signs=True/,0.001,0.0,1e-10,1.0
40.0,10.0,0.001,100000.0,9.275855084034387e-11,1.4745337963104248,complex,1000.0,0.0,-0.00075,1.0,0.1,data/diagonal/pretrain/seed=0--active_dim=40--c=1.0e-03--lmda=-0.0007500000--init_method=complex/model.pt,0.001,1024.0,16.0,1.0,no,0.0,1.0,data/diagonal/sparse_overlap/init_method=complex--seed=0--n_train2=16--active_dim_2=10--load_model=True--linear_readout=False--one_task=True--overlap_bool=no--lmda=-0.0007500000--c=1.0e-03--model_scaling=0.001--w_scaling=1.0--same_signs=True/,0.001,0.0,1e-10,1.0
40.0,10.0,0.001,100000.0,9.091835617702768e-11,1.3936221599578855,complex,1000.0,0.0,-0.0005,1.0,0.1,data/diagonal/pretrain/seed=0--active_dim=40--c=1.0e-03--lmda=-0.0005000000--init_method=complex/model.pt,0.001,1024.0,16.0,1.0,no,0.0,1.0,data/diagonal/sparse_overlap/init_method=complex--seed=0--n_train2=16--active_dim_2=10--load_model=True--linear_readout=False--one_task=True--overlap_bool=no--lmda=-0.0005000000--c=1.0e-03--model_scaling=0.001--w_scaling=1.0--same_signs=True/,0.001,0.0,1e-10,1.0
40.0,10.0,0.001,100000.0,8.898719261463127e-11,1.5213289260864258,complex,1000.0,0.0,-0.00085,1.0,0.1,data/diagonal/pretrain/seed=0--active_dim=40--c=1.0e-03--lmda=-0.0008500000--init_method=complex/model.pt,0.001,1024.0,16.0,1.0,no,0.0,1.0,data/diagonal/sparse_overlap/init_method=complex--seed=0--n_train2=16--active_dim_2=10--load_model=True--linear_readout=False--one_task=True--overlap_bool=no--lmda=-0.0008500000--c=1.0e-03--model_scaling=0.001--w_scaling=1.0--same_signs=True/,0.001,0.0,1e-10,1.0
40.0,10.0,0.1,100000.0,5.276283923660863e-11,0.9828888773918152,complex,1000.0,0.0,0.1,1.0,0.1,data/diagonal/pretrain/seed=0--active_dim=40--c=1.0e-01--lmda=0.1000000000--init_method=complex/model.pt,0.001,1024.0,16.0,1.0,no,0.0,1.0,data/diagonal/sparse_overlap/init_method=complex--seed=0--n_train2=16--active_dim_2=10--load_model=True--linear_readout=False--one_task=True--overlap_bool=no--lmda=0.1000000000--c=1.0e-01--model_scaling=0.001--w_scaling=1.0--same_signs=True/,0.001,0.0,1e-10,1.0
40.0,5.0,1e-05,100000.0,9.3404249612572e-11,1.5713313817977903,complex,1000.0,0.0,-5e-06,1.0,0.1,data/diagonal/pretrain/seed=0--active_dim=40--c=1.0e-05--lmda=-0.0000050000--init_method=complex/model.pt,0.001,1024.0,16.0,1.0,no,0.0,1.0,data/diagonal/sparse_overlap/init_method=complex--seed=0--n_train2=16--active_dim_2=5--load_model=True--linear_readout=False--one_task=True--overlap_bool=no--lmda=-0.0000050000--c=1.0e-05--model_scaling=0.001--w_scaling=1.0--same_signs=True/,0.001,0.0,1e-10,1.0
40.0,5.0,1e-05,100000.0,9.480041751608326e-11,1.5728187561035156,complex,1000.0,0.0,-7.5e-06,1.0,0.1,data/diagonal/pretrain/seed=0--active_dim=40--c=1.0e-05--lmda=-0.0000075000--init_method=complex/model.pt,0.001,1024.0,16.0,1.0,no,0.0,1.0,data/diagonal/sparse_overlap/init_method=complex--seed=0--n_train2=16--active_dim_2=5--load_model=True--linear_readout=False--one_task=True--overlap_bool=no--lmda=-0.0000075000--c=1.0e-05--model_scaling=0.001--w_scaling=1.0--same_signs=True/,0.001,0.0,1e-10,1.0
40.0,5.0,1e-05,100000.0,9.418570090513612e-11,1.56836199760437,complex,1000.0,0.0,0.0,1.0,0.1,data/diagonal/pretrain/seed=0--active_dim=40--c=1.0e-05--lmda=0.0000000000--init_method=complex/model.pt,0.001,1024.0,16.0,1.0,no,0.0,1.0,data/diagonal/sparse_overlap/init_method=complex--seed=0--n_train2=16--active_dim_2=5--load_model=True--linear_readout=False--one_task=True--overlap_bool=no--lmda=0.0000000000--c=1.0e-05--model_scaling=0.001--w_scaling=1.0--same_signs=True/,0.001,0.0,1e-10,1.0
40.0,5.0,1e-05,100000.0,9.085891067295292e-11,1.5631598234176636,complex,1000.0,0.0,9e-06,1.0,0.1,data/diagonal/pretrain/seed=0--active_dim=40--c=1.0e-05--lmda=0.0000090000--init_method=complex/model.pt,0.001,1024.0,16.0,1.0,no,0.0,1.0,data/diagonal/sparse_overlap/init_method=complex--seed=0--n_train2=16--active_dim_2=5--load_model=True--linear_readout=False--one_task=True--overlap_bool=no--lmda=0.0000090000--c=1.0e-05--model_scaling=0.001--w_scaling=1.0--same_signs=True/,0.001,0.0,1e-10,1.0
40.0,5.0,0.001,100000.0,9.053273408721195e-11,1.8073828220367432,complex,1000.0,0.0,-0.001,1.0,0.1,data/diagonal/pretrain/seed=0--active_dim=40--c=1.0e-03--lmda=-0.0010000000--init_method=complex/model.pt,0.001,1024.0,16.0,1.0,no,0.0,1.0,data/diagonal/sparse_overlap/init_method=complex--seed=0--n_train2=16--active_dim_2=5--load_model=True--linear_readout=False--one_task=True--overlap_bool=no--lmda=-0.0010000000--c=1.0e-03--model_scaling=0.001--w_scaling=1.0--same_signs=True/,0.001,0.0,1e-10,1.0
40.0,5.0,0.001,100000.0,8.792908762211836e-11,1.2625843286514282,complex,1000.0,0.0,0.001,1.0,0.1,data/diagonal/pretrain/seed=0--active_dim=40--c=1.0e-03--lmda=0.0010000000--init_method=complex/model.pt,0.001,1024.0,16.0,1.0,no,0.0,1.0,data/diagonal/sparse_overlap/init_method=complex--seed=0--n_train2=16--active_dim_2=5--load_model=True--linear_readout=False--one_task=True--overlap_bool=no--lmda=0.0010000000--c=1.0e-03--model_scaling=0.001--w_scaling=1.0--same_signs=True/,0.001,0.0,1e-10,1.0
40.0,5.0,0.001,100000.0,8.700459797061909e-11,1.165145754814148,complex,1000.0,0.0,0.0009,1.0,0.1,data/diagonal/pretrain/seed=0--active_dim=40--c=1.0e-03--lmda=0.0009000000--init_method=complex/model.pt,0.001,1024.0,16.0,1.0,no,0.0,1.0,data/diagonal/sparse_overlap/init_method=complex--seed=0--n_train2=16--active_dim_2=5--load_model=True--linear_readout=False--one_task=True--overlap_bool=no--lmda=0.0009000000--c=1.0e-03--model_scaling=0.001--w_scaling=1.0--same_signs=True/,0.001,0.0,1e-10,1.0
40.0,5.0,0.001,100000.0,8.855968736121156e-11,1.1567612886428833,complex,1000.0,0.0,0.0,1.0,0.1,data/diagonal/pretrain/seed=0--active_dim=40--c=1.0e-03--lmda=0.0000000000--init_method=complex/model.pt,0.001,1024.0,16.0,1.0,no,0.0,1.0,data/diagonal/sparse_overlap/init_method=complex--seed=0--n_train2=16--active_dim_2=5--load_model=True--linear_readout=False--one_task=True--overlap_bool=no--lmda=0.0000000000--c=1.0e-03--model_scaling=0.001--w_scaling=1.0--same_signs=True/,0.001,0.0,1e-10,1.0
40.0,5.0,1e-05,100000.0,9.32870794501106e-11,1.57341730594635,complex,1000.0,0.0,-8.5e-06,1.0,0.1,data/diagonal/pretrain/seed=0--active_dim=40--c=1.0e-05--lmda=-0.0000085000--init_method=complex/model.pt,0.001,1024.0,16.0,1.0,no,0.0,1.0,data/diagonal/sparse_overlap/init_method=complex--seed=0--n_train2=16--active_dim_2=5--load_model=True--linear_readout=False--one_task=True--overlap_bool=no--lmda=-0.0000085000--c=1.0e-05--model_scaling=0.001--w_scaling=1.0--same_signs=True/,0.001,0.0,1e-10,1.0
40.0,5.0,0.1,100000.0,9.403927636597588e-11,0.5723809599876404,complex,1000.0,0.0,-0.075,1.0,0.1,data/diagonal/pretrain/seed=0--active_dim=40--c=1.0e-01--lmda=-0.0750000000--init_method=complex/model.pt,0.001,1024.0,128.0,1.0,no,0.0,1.0,data/diagonal/sparse_overlap/init_method=complex--seed=0--n_train2=128--active_dim_2=5--load_model=True--linear_readout=False--one_task=True--overlap_bool=no--lmda=-0.0750000000--c=1.0e-01--model_scaling=0.001--w_scaling=1.0--same_signs=True/,0.001,0.0,1e-10,1.0
40.0,5.0,0.1,100000.0,9.582164922639079e-11,0.4408479928970337,complex,1000.0,0.0,-0.085,1.0,0.1,data/diagonal/pretrain/seed=0--active_dim=40--c=1.0e-01--lmda=-0.0850000000--init_method=complex/model.pt,0.001,1024.0,128.0,1.0,no,0.0,1.0,data/diagonal/sparse_overlap/init_method=complex--seed=0--n_train2=128--active_dim_2=5--load_model=True--linear_readout=False--one_task=True--overlap_bool=no--lmda=-0.0850000000--c=1.0e-01--model_scaling=0.001--w_scaling=1.0--same_signs=True/,0.001,0.0,1e-10,1.0
40.0,10.0,0.001,100000.0,9.743218731816936e-11,1.7810202836990356,complex,1000.0,0.0,-0.00085,1.0,0.1,data/diagonal/pretrain/seed=0--active_dim=40--c=1.0e-03--lmda=-0.0008500000--init_method=complex/model.pt,0.001,1024.0,32.0,1.0,no,0.0,1.0,data/diagonal/sparse_overlap/init_method=complex--seed=0--n_train2=32--active_dim_2=10--load_model=True--linear_readout=False--one_task=True--overlap_bool=no--lmda=-0.0008500000--c=1.0e-03--model_scaling=0.001--w_scaling=1.0--same_signs=True/,0.001,0.0,1e-10,1.0
40.0,10.0,0.001,100000.0,9.47401115891644e-11,1.1918905973434448,complex,1000.0,0.0,0.0,1.0,0.1,data/diagonal/pretrain/seed=0--active_dim=40--c=1.0e-03--lmda=0.0000000000--init_method=complex/model.pt,0.001,1024.0,32.0,1.0,no,0.0,1.0,data/diagonal/sparse_overlap/init_method=complex--seed=0--n_train2=32--active_dim_2=10--load_model=True--linear_readout=False--one_task=True--overlap_bool=no--lmda=0.0000000000--c=1.0e-03--model_scaling=0.001--w_scaling=1.0--same_signs=True/,0.001,0.0,1e-10,1.0
40.0,10.0,0.001,100000.0,9.819971225066836e-11,1.6981990337371826,complex,1000.0,0.0,-0.00075,1.0,0.1,data/diagonal/pretrain/seed=0--active_dim=40--c=1.0e-03--lmda=-0.0007500000--init_method=complex/model.pt,0.001,1024.0,32.0,1.0,no,0.0,1.0,data/diagonal/sparse_overlap/init_method=complex--seed=0--n_train2=32--active_dim_2=10--load_model=True--linear_readout=False--one_task=True--overlap_bool=no--lmda=-0.0007500000--c=1.0e-03--model_scaling=0.001--w_scaling=1.0--same_signs=True/,0.001,0.0,1e-10,1.0
40.0,10.0,0.1,100000.0,9.831331582166314e-11,1.6263327598571775,complex,1000.0,0.0,-0.1,1.0,0.1,data/diagonal/pretrain/seed=0--active_dim=40--c=1.0e-01--lmda=-0.1000000000--init_method=complex/model.pt,0.001,1024.0,32.0,1.0,no,0.0,1.0,data/diagonal/sparse_overlap/init_method=complex--seed=0--n_train2=32--active_dim_2=10--load_model=True--linear_readout=False--one_task=True--overlap_bool=no--lmda=-0.1000000000--c=1.0e-01--model_scaling=0.001--w_scaling=1.0--same_signs=True/,0.001,0.0,1e-10,1.0
40.0,10.0,0.1,100000.0,5.4437558627551397e-11,0.9651874899864196,complex,1000.0,0.0,0.1,1.0,0.1,data/diagonal/pretrain/seed=0--active_dim=40--c=1.0e-01--lmda=0.1000000000--init_method=complex/model.pt,0.001,1024.0,32.0,1.0,no,0.0,1.0,data/diagonal/sparse_overlap/init_method=complex--seed=0--n_train2=32--active_dim_2=10--load_model=True--linear_readout=False--one_task=True--overlap_bool=no--lmda=0.1000000000--c=1.0e-01--model_scaling=0.001--w_scaling=1.0--same_signs=True/,0.001,0.0,1e-10,1.0
40.0,10.0,0.001,100000.0,9.499854375372152e-11,1.337971329689026,complex,1000.0,0.0,0.0009,1.0,0.1,data/diagonal/pretrain/seed=0--active_dim=40--c=1.0e-03--lmda=0.0009000000--init_method=complex/model.pt,0.001,1024.0,32.0,1.0,no,0.0,1.0,data/diagonal/sparse_overlap/init_method=complex--seed=0--n_train2=32--active_dim_2=10--load_model=True--linear_readout=False--one_task=True--overlap_bool=no--lmda=0.0009000000--c=1.0e-03--model_scaling=0.001--w_scaling=1.0--same_signs=True/,0.001,0.0,1e-10,1.0
40.0,10.0,0.001,100000.0,9.694126751336184e-11,1.5796738862991333,complex,1000.0,0.0,-0.0005,1.0,0.1,data/diagonal/pretrain/seed=0--active_dim=40--c=1.0e-03--lmda=-0.0005000000--init_method=complex/model.pt,0.001,1024.0,32.0,1.0,no,0.0,1.0,data/diagonal/sparse_overlap/init_method=complex--seed=0--n_train2=32--active_dim_2=10--load_model=True--linear_readout=False--one_task=True--overlap_bool=no--lmda=-0.0005000000--c=1.0e-03--model_scaling=0.001--w_scaling=1.0--same_signs=True/,0.001,0.0,1e-10,1.0
40.0,10.0,0.1,100000.0,3.3943674260239476e-11,0.9652318358421326,complex,1000.0,0.0,0.09,1.0,0.1,data/diagonal/pretrain/seed=0--active_dim=40--c=1.0e-01--lmda=0.0900000000--init_method=complex/model.pt,0.001,1024.0,32.0,1.0,no,0.0,1.0,data/diagonal/sparse_overlap/init_method=complex--seed=0--n_train2=32--active_dim_2=10--load_model=True--linear_readout=False--one_task=True--overlap_bool=no--lmda=0.0900000000--c=1.0e-01--model_scaling=0.001--w_scaling=1.0--same_signs=True/,0.001,0.0,1e-10,1.0
40.0,10.0,1e-05,100000.0,9.793708899419328e-11,1.713727593421936,complex,1000.0,0.0,0.0,1.0,0.1,data/diagonal/pretrain/seed=0--active_dim=40--c=1.0e-05--lmda=0.0000000000--init_method=complex/model.pt,0.001,1024.0,32.0,1.0,no,0.0,1.0,data/diagonal/sparse_overlap/init_method=complex--seed=0--n_train2=32--active_dim_2=10--load_model=True--linear_readout=False--one_task=True--overlap_bool=no--lmda=0.0000000000--c=1.0e-05--model_scaling=0.001--w_scaling=1.0--same_signs=True/,0.001,0.0,1e-10,1.0
40.0,10.0,0.1,100000.0,8.877395346607031e-11,0.9580258727073668,complex,1000.0,0.0,-0.085,1.0,0.1,data/diagonal/pretrain/seed=0--active_dim=40--c=1.0e-01--lmda=-0.0850000000--init_method=complex/model.pt,0.001,1024.0,64.0,1.0,no,0.0,1.0,data/diagonal/sparse_overlap/init_method=complex--seed=0--n_train2=64--active_dim_2=10--load_model=True--linear_readout=False--one_task=True--overlap_bool=no--lmda=-0.0850000000--c=1.0e-01--model_scaling=0.001--w_scaling=1.0--same_signs=True/,0.001,0.0,1e-10,1.0
40.0,10.0,0.1,100000.0,8.151863906125101e-11,0.9522469639778136,complex,1000.0,0.0,-0.075,1.0,0.1,data/diagonal/pretrain/seed=0--active_dim=40--c=1.0e-01--lmda=-0.0750000000--init_method=complex/model.pt,0.001,1024.0,64.0,1.0,no,0.0,1.0,data/diagonal/sparse_overlap/init_method=complex--seed=0--n_train2=64--active_dim_2=10--load_model=True--linear_readout=False--one_task=True--overlap_bool=no--lmda=-0.0750000000--c=1.0e-01--model_scaling=0.001--w_scaling=1.0--same_signs=True/,0.001,0.0,1e-10,1.0
40.0,10.0,1e-05,100000.0,9.984376520000282e-11,0.2483772188425064,complex,1000.0,0.0,-1e-05,1.0,0.1,data/diagonal/pretrain/seed=0--active_dim=40--c=1.0e-05--lmda=-0.0000100000--init_method=complex/model.pt,0.001,1024.0,128.0,1.0,no,0.0,1.0,data/diagonal/sparse_overlap/init_method=complex--seed=0--n_train2=128--active_dim_2=10--load_model=True--linear_readout=False--one_task=True--overlap_bool=no--lmda=-0.0000100000--c=1.0e-05--model_scaling=0.001--w_scaling=1.0--same_signs=True/,0.001,0.0,1e-10,1.0
40.0,10.0,0.1,100000.0,3.0119063493261316e-11,0.9852255582809448,complex,1000.0,0.0,-0.075,1.0,0.1,data/diagonal/pretrain/seed=0--active_dim=40--c=1.0e-01--lmda=-0.0750000000--init_method=complex/model.pt,0.001,1024.0,16.0,1.0,no,0.0,1.0,data/diagonal/sparse_overlap/init_method=complex--seed=0--n_train2=16--active_dim_2=10--load_model=True--linear_readout=False--one_task=True--overlap_bool=no--lmda=-0.0750000000--c=1.0e-01--model_scaling=0.001--w_scaling=1.0--same_signs=True/,0.001,0.0,1e-10,1.0
40.0,10.0,0.1,100000.0,2.1603181049600903e-11,0.9706242084503174,complex,1000.0,0.0,-0.05,1.0,0.1,data/diagonal/pretrain/seed=0--active_dim=40--c=1.0e-01--lmda=-0.0500000000--init_method=complex/model.pt,0.001,1024.0,16.0,1.0,no,0.0,1.0,data/diagonal/sparse_overlap/init_method=complex--seed=0--n_train2=16--active_dim_2=10--load_model=True--linear_readout=False--one_task=True--overlap_bool=no--lmda=-0.0500000000--c=1.0e-01--model_scaling=0.001--w_scaling=1.0--same_signs=True/,0.001,0.0,1e-10,1.0
40.0,5.0,0.1,100000.0,9.876276185760702e-11,0.106864295899868,complex,1000.0,0.0,-0.085,1.0,0.1,data/diagonal/pretrain/seed=0--active_dim=40--c=1.0e-01--lmda=-0.0850000000--init_method=complex/model.pt,0.001,1024.0,256.0,1.0,no,0.0,1.0,data/diagonal/sparse_overlap/init_method=complex--seed=0--n_train2=256--active_dim_2=5--load_model=True--linear_readout=False--one_task=True--overlap_bool=no--lmda=-0.0850000000--c=1.0e-01--model_scaling=0.001--w_scaling=1.0--same_signs=True/,0.001,0.0,1e-10,1.0
40.0,10.0,0.1,100000.0,2.1465194205427807e-11,0.9663332104682922,complex,1000.0,0.0,0.0,1.0,0.1,data/diagonal/pretrain/seed=0--active_dim=40--c=1.0e-01--lmda=0.0000000000--init_method=complex/model.pt,0.001,1024.0,32.0,1.0,no,0.0,1.0,data/diagonal/sparse_overlap/init_method=complex--seed=0--n_train2=32--active_dim_2=10--load_model=True--linear_readout=False--one_task=True--overlap_bool=no--lmda=0.0000000000--c=1.0e-01--model_scaling=0.001--w_scaling=1.0--same_signs=True/,0.001,0.0,1e-10,1.0
40.0,10.0,1e-05,100000.0,9.809476841926568e-11,1.6557852029800415,complex,1000.0,0.0,9e-06,1.0,0.1,data/diagonal/pretrain/seed=0--active_dim=40--c=1.0e-05--lmda=0.0000090000--init_method=complex/model.pt,0.001,1024.0,32.0,1.0,no,0.0,1.0,data/diagonal/sparse_overlap/init_method=complex--seed=0--n_train2=32--active_dim_2=10--load_model=True--linear_readout=False--one_task=True--overlap_bool=no--lmda=0.0000090000--c=1.0e-05--model_scaling=0.001--w_scaling=1.0--same_signs=True/,0.001,0.0,1e-10,1.0
40.0,10.0,1e-05,100000.0,9.7387660435988e-11,1.865297079086304,complex,1000.0,0.0,-1e-05,1.0,0.1,data/diagonal/pretrain/seed=0--active_dim=40--c=1.0e-05--lmda=-0.0000100000--init_method=complex/model.pt,0.001,1024.0,32.0,1.0,no,0.0,1.0,data/diagonal/sparse_overlap/init_method=complex--seed=0--n_train2=32--active_dim_2=10--load_model=True--linear_readout=False--one_task=True--overlap_bool=no--lmda=-0.0000100000--c=1.0e-05--model_scaling=0.001--w_scaling=1.0--same_signs=True/,0.001,0.0,1e-10,1.0
40.0,10.0,1e-05,100000.0,9.84034867479444e-11,1.6516213417053225,complex,1000.0,0.0,1e-05,1.0,0.1,data/diagonal/pretrain/seed=0--active_dim=40--c=1.0e-05--lmda=0.0000100000--init_method=complex/model.pt,0.001,1024.0,32.0,1.0,no,0.0,1.0,data/diagonal/sparse_overlap/init_method=complex--seed=0--n_train2=32--active_dim_2=10--load_model=True--linear_readout=False--one_task=True--overlap_bool=no--lmda=0.0000100000--c=1.0e-05--model_scaling=0.001--w_scaling=1.0--same_signs=True/,0.001,0.0,1e-10,1.0
40.0,10.0,0.1,100000.0,5.5910616414411856e-11,0.9881847500801086,complex,1000.0,0.0,-0.085,1.0,0.1,data/diagonal/pretrain/seed=0--active_dim=40--c=1.0e-01--lmda=-0.0850000000--init_method=complex/model.pt,0.001,1024.0,16.0,1.0,no,0.0,1.0,data/diagonal/sparse_overlap/init_method=complex--seed=0--n_train2=16--active_dim_2=10--load_model=True--linear_readout=False--one_task=True--overlap_bool=no--lmda=-0.0850000000--c=1.0e-01--model_scaling=0.001--w_scaling=1.0--same_signs=True/,0.001,0.0,1e-10,1.0
40.0,10.0,0.1,100000.0,1.8456569605973527e-11,0.9815181493759156,complex,1000.0,0.0,0.0,1.0,0.1,data/diagonal/pretrain/seed=0--active_dim=40--c=1.0e-01--lmda=0.0000000000--init_method=complex/model.pt,0.001,1024.0,16.0,1.0,no,0.0,1.0,data/diagonal/sparse_overlap/init_method=complex--seed=0--n_train2=16--active_dim_2=10--load_model=True--linear_readout=False--one_task=True--overlap_bool=no--lmda=0.0000000000--c=1.0e-01--model_scaling=0.001--w_scaling=1.0--same_signs=True/,0.001,0.0,1e-10,1.0
40.0,10.0,1e-05,100000.0,9.701390385474795e-11,1.8039761781692505,complex,1000.0,0.0,-7.5e-06,1.0,0.1,data/diagonal/pretrain/seed=0--active_dim=40--c=1.0e-05--lmda=-0.0000075000--init_method=complex/model.pt,0.001,1024.0,32.0,1.0,no,0.0,1.0,data/diagonal/sparse_overlap/init_method=complex--seed=0--n_train2=32--active_dim_2=10--load_model=True--linear_readout=False--one_task=True--overlap_bool=no--lmda=-0.0000075000--c=1.0e-05--model_scaling=0.001--w_scaling=1.0--same_signs=True/,0.001,0.0,1e-10,1.0
40.0,10.0,0.001,100000.0,9.881170881520518e-11,2.310232162475586,complex,1000.0,0.0,-0.001,1.0,0.1,data/diagonal/pretrain/seed=0--active_dim=40--c=1.0e-03--lmda=-0.0010000000--init_method=complex/model.pt,0.001,1024.0,32.0,1.0,no,0.0,1.0,data/diagonal/sparse_overlap/init_method=complex--seed=0--n_train2=32--active_dim_2=10--load_model=True--linear_readout=False--one_task=True--overlap_bool=no--lmda=-0.0010000000--c=1.0e-03--model_scaling=0.001--w_scaling=1.0--same_signs=True/,0.001,0.0,1e-10,1.0
40.0,10.0,1e-05,100000.0,9.805549427976956e-11,1.8240786790847776,complex,1000.0,0.0,-8.5e-06,1.0,0.1,data/diagonal/pretrain/seed=0--active_dim=40--c=1.0e-05--lmda=-0.0000085000--init_method=complex/model.pt,0.001,1024.0,32.0,1.0,no,0.0,1.0,data/diagonal/sparse_overlap/init_method=complex--seed=0--n_train2=32--active_dim_2=10--load_model=True--linear_readout=False--one_task=True--overlap_bool=no--lmda=-0.0000085000--c=1.0e-05--model_scaling=0.001--w_scaling=1.0--same_signs=True/,0.001,0.0,1e-10,1.0
40.0,10.0,0.001,100000.0,9.4473900924541e-11,1.3640625476837158,complex,1000.0,0.0,0.001,1.0,0.1,data/diagonal/pretrain/seed=0--active_dim=40--c=1.0e-03--lmda=0.0010000000--init_method=complex/model.pt,0.001,1024.0,32.0,1.0,no,0.0,1.0,data/diagonal/sparse_overlap/init_method=complex--seed=0--n_train2=32--active_dim_2=10--load_model=True--linear_readout=False--one_task=True--overlap_bool=no--lmda=0.0010000000--c=1.0e-03--model_scaling=0.001--w_scaling=1.0--same_signs=True/,0.001,0.0,1e-10,1.0
40.0,10.0,1e-05,100000.0,9.822300611750379e-11,1.766071319580078,complex,1000.0,0.0,-5e-06,1.0,0.1,data/diagonal/pretrain/seed=0--active_dim=40--c=1.0e-05--lmda=-0.0000050000--init_method=complex/model.pt,0.001,1024.0,32.0,1.0,no,0.0,1.0,data/diagonal/sparse_overlap/init_method=complex--seed=0--n_train2=32--active_dim_2=10--load_model=True--linear_readout=False--one_task=True--overlap_bool=no--lmda=-0.0000050000--c=1.0e-05--model_scaling=0.001--w_scaling=1.0--same_signs=True/,0.001,0.0,1e-10,1.0
40.0,10.0,0.1,100000.0,5.431713412384909e-11,0.9396656155586244,complex,1000.0,0.0,0.0,1.0,0.1,data/diagonal/pretrain/seed=0--active_dim=40--c=1.0e-01--lmda=0.0000000000--init_method=complex/model.pt,0.001,1024.0,64.0,1.0,no,0.0,1.0,data/diagonal/sparse_overlap/init_method=complex--seed=0--n_train2=64--active_dim_2=10--load_model=True--linear_readout=False--one_task=True--overlap_bool=no--lmda=0.0000000000--c=1.0e-01--model_scaling=0.001--w_scaling=1.0--same_signs=True/,0.001,0.0,1e-10,1.0
40.0,10.0,0.1,100000.0,7.026066534132623e-11,0.9364752769470216,complex,1000.0,0.0,-0.05,1.0,0.1,data/diagonal/pretrain/seed=0--active_dim=40--c=1.0e-01--lmda=-0.0500000000--init_method=complex/model.pt,0.001,1024.0,64.0,1.0,no,0.0,1.0,data/diagonal/sparse_overlap/init_method=complex--seed=0--n_train2=64--active_dim_2=10--load_model=True--linear_readout=False--one_task=True--overlap_bool=no--lmda=-0.0500000000--c=1.0e-01--model_scaling=0.001--w_scaling=1.0--same_signs=True/,0.001,0.0,1e-10,1.0
40.0,10.0,0.001,100000.0,9.750993068546876e-11,1.117761254310608,complex,1000.0,0.0,-0.00085,1.0,0.1,data/diagonal/pretrain/seed=0--active_dim=40--c=1.0e-03--lmda=-0.0008500000--init_method=complex/model.pt,0.001,1024.0,64.0,1.0,no,0.0,1.0,data/diagonal/sparse_overlap/init_method=complex--seed=0--n_train2=64--active_dim_2=10--load_model=True--linear_readout=False--one_task=True--overlap_bool=no--lmda=-0.0008500000--c=1.0e-03--model_scaling=0.001--w_scaling=1.0--same_signs=True/,0.001,0.0,1e-10,1.0
40.0,10.0,0.1,100000.0,9.969119973973759e-11,1.3011585474014282,complex,1000.0,0.0,-0.1,1.0,0.1,data/diagonal/pretrain/seed=0--active_dim=40--c=1.0e-01--lmda=-0.1000000000--init_method=complex/model.pt,0.001,1024.0,64.0,1.0,no,0.0,1.0,data/diagonal/sparse_overlap/init_method=complex--seed=0--n_train2=64--active_dim_2=10--load_model=True--linear_readout=False--one_task=True--overlap_bool=no--lmda=-0.1000000000--c=1.0e-01--model_scaling=0.001--w_scaling=1.0--same_signs=True/,0.001,0.0,1e-10,1.0
40.0,10.0,0.1,100000.0,1.6529208557436448e-11,0.944640040397644,complex,1000.0,0.0,0.09,1.0,0.1,data/diagonal/pretrain/seed=0--active_dim=40--c=1.0e-01--lmda=0.0900000000--init_method=complex/model.pt,0.001,1024.0,64.0,1.0,no,0.0,1.0,data/diagonal/sparse_overlap/init_method=complex--seed=0--n_train2=64--active_dim_2=10--load_model=True--linear_readout=False--one_task=True--overlap_bool=no--lmda=0.0900000000--c=1.0e-01--model_scaling=0.001--w_scaling=1.0--same_signs=True/,0.001,0.0,1e-10,1.0
40.0,10.0,0.1,100000.0,2.8496772649933e-11,0.9445996284484864,complex,1000.0,0.0,0.1,1.0,0.1,data/diagonal/pretrain/seed=0--active_dim=40--c=1.0e-01--lmda=0.1000000000--init_method=complex/model.pt,0.001,1024.0,64.0,1.0,no,0.0,1.0,data/diagonal/sparse_overlap/init_method=complex--seed=0--n_train2=64--active_dim_2=10--load_model=True--linear_readout=False--one_task=True--overlap_bool=no--lmda=0.1000000000--c=1.0e-01--model_scaling=0.001--w_scaling=1.0--same_signs=True/,0.001,0.0,1e-10,1.0
40.0,10.0,1e-05,100000.0,9.965272357304043e-11,0.2125824987888336,complex,1000.0,0.0,9e-06,1.0,0.1,data/diagonal/pretrain/seed=0--active_dim=40--c=1.0e-05--lmda=0.0000090000--init_method=complex/model.pt,0.001,1024.0,128.0,1.0,no,0.0,1.0,data/diagonal/sparse_overlap/init_method=complex--seed=0--n_train2=128--active_dim_2=10--load_model=True--linear_readout=False--one_task=True--overlap_bool=no--lmda=0.0000090000--c=1.0e-05--model_scaling=0.001--w_scaling=1.0--same_signs=True/,0.001,0.0,1e-10,1.0
40.0,10.0,1e-05,100000.0,9.987365101604695e-11,0.2136029750108719,complex,1000.0,0.0,1e-05,1.0,0.1,data/diagonal/pretrain/seed=0--active_dim=40--c=1.0e-05--lmda=0.0000100000--init_method=complex/model.pt,0.001,1024.0,128.0,1.0,no,0.0,1.0,data/diagonal/sparse_overlap/init_method=complex--seed=0--n_train2=128--active_dim_2=10--load_model=True--linear_readout=False--one_task=True--overlap_bool=no--lmda=0.0000100000--c=1.0e-05--model_scaling=0.001--w_scaling=1.0--same_signs=True/,0.001,0.0,1e-10,1.0
40.0,10.0,1e-05,100000.0,9.9109588591606e-11,1.5288985967636108,complex,1000.0,0.0,-1e-05,1.0,0.1,data/diagonal/pretrain/seed=0--active_dim=40--c=1.0e-05--lmda=-0.0000100000--init_method=complex/model.pt,0.001,1024.0,64.0,1.0,no,0.0,1.0,data/diagonal/sparse_overlap/init_method=complex--seed=0--n_train2=64--active_dim_2=10--load_model=True--linear_readout=False--one_task=True--overlap_bool=no--lmda=-0.0000100000--c=1.0e-05--model_scaling=0.001--w_scaling=1.0--same_signs=True/,0.001,0.0,1e-10,1.0
40.0,10.0,0.1,100000.0,4.0055680994299785e-11,0.9633314609527588,complex,1000.0,0.0,-0.05,1.0,0.1,data/diagonal/pretrain/seed=0--active_dim=40--c=1.0e-01--lmda=-0.0500000000--init_method=complex/model.pt,0.001,1024.0,32.0,1.0,no,0.0,1.0,data/diagonal/sparse_overlap/init_method=complex--seed=0--n_train2=32--active_dim_2=10--load_model=True--linear_readout=False--one_task=True--overlap_bool=no--lmda=-0.0500000000--c=1.0e-01--model_scaling=0.001--w_scaling=1.0--same_signs=True/,0.001,0.0,1e-10,1.0
40.0,10.0,0.1,100000.0,8.016172448055414e-11,0.9830149412155152,complex,1000.0,0.0,-0.085,1.0,0.1,data/diagonal/pretrain/seed=0--active_dim=40--c=1.0e-01--lmda=-0.0850000000--init_method=complex/model.pt,0.001,1024.0,32.0,1.0,no,0.0,1.0,data/diagonal/sparse_overlap/init_method=complex--seed=0--n_train2=32--active_dim_2=10--load_model=True--linear_readout=False--one_task=True--overlap_bool=no--lmda=-0.0850000000--c=1.0e-01--model_scaling=0.001--w_scaling=1.0--same_signs=True/,0.001,0.0,1e-10,1.0
40.0,10.0,0.1,100000.0,6.534631863397422e-11,0.9743064641952516,complex,1000.0,0.0,-0.075,1.0,0.1,data/diagonal/pretrain/seed=0--active_dim=40--c=1.0e-01--lmda=-0.0750000000--init_method=complex/model.pt,0.001,1024.0,32.0,1.0,no,0.0,1.0,data/diagonal/sparse_overlap/init_method=complex--seed=0--n_train2=32--active_dim_2=10--load_model=True--linear_readout=False--one_task=True--overlap_bool=no--lmda=-0.0750000000--c=1.0e-01--model_scaling=0.001--w_scaling=1.0--same_signs=True/,0.001,0.0,1e-10,1.0
40.0,10.0,1e-05,100000.0,9.939662287683504e-11,1.4037752151489258,complex,1000.0,0.0,-5e-06,1.0,0.1,data/diagonal/pretrain/seed=0--active_dim=40--c=1.0e-05--lmda=-0.0000050000--init_method=complex/model.pt,0.001,1024.0,64.0,1.0,no,0.0,1.0,data/diagonal/sparse_overlap/init_method=complex--seed=0--n_train2=64--active_dim_2=10--load_model=True--linear_readout=False--one_task=True--overlap_bool=no--lmda=-0.0000050000--c=1.0e-05--model_scaling=0.001--w_scaling=1.0--same_signs=True/,0.001,0.0,1e-10,1.0
40.0,10.0,1e-05,100000.0,9.954989610427843e-11,1.3316165208816528,complex,1000.0,0.0,1e-05,1.0,0.1,data/diagonal/pretrain/seed=0--active_dim=40--c=1.0e-05--lmda=0.0000100000--init_method=complex/model.pt,0.001,1024.0,64.0,1.0,no,0.0,1.0,data/diagonal/sparse_overlap/init_method=complex--seed=0--n_train2=64--active_dim_2=10--load_model=True--linear_readout=False--one_task=True--overlap_bool=no--lmda=0.0000100000--c=1.0e-05--model_scaling=0.001--w_scaling=1.0--same_signs=True/,0.001,0.0,1e-10,1.0
40.0,10.0,1e-05,100000.0,9.95026006034294e-11,1.4336026906967163,complex,1000.0,0.0,-7.5e-06,1.0,0.1,data/diagonal/pretrain/seed=0--active_dim=40--c=1.0e-05--lmda=-0.0000075000--init_method=complex/model.pt,0.001,1024.0,64.0,1.0,no,0.0,1.0,data/diagonal/sparse_overlap/init_method=complex--seed=0--n_train2=64--active_dim_2=10--load_model=True--linear_readout=False--one_task=True--overlap_bool=no--lmda=-0.0000075000--c=1.0e-05--model_scaling=0.001--w_scaling=1.0--same_signs=True/,0.001,0.0,1e-10,1.0
40.0,10.0,1e-05,100000.0,9.1566150217659e-09,7.411875412799418e-05,complex,1000.0,0.0,0.0,1.0,0.1,data/diagonal/pretrain/seed=0--active_dim=40--c=1.0e-05--lmda=0.0000000000--init_method=complex/model.pt,0.001,1024.0,256.0,1.0,no,0.0,1.0,data/diagonal/sparse_overlap/init_method=complex--seed=0--n_train2=256--active_dim_2=10--load_model=True--linear_readout=False--one_task=True--overlap_bool=no--lmda=0.0000000000--c=1.0e-05--model_scaling=0.001--w_scaling=1.0--same_signs=True/,0.001,0.0,1e-10,1.0
40.0,10.0,1e-05,100000.0,3.052960551030992e-09,0.0001409843971487,complex,1000.0,0.0,1e-05,1.0,0.1,data/diagonal/pretrain/seed=0--active_dim=40--c=1.0e-05--lmda=0.0000100000--init_method=complex/model.pt,0.001,1024.0,256.0,1.0,no,0.0,1.0,data/diagonal/sparse_overlap/init_method=complex--seed=0--n_train2=256--active_dim_2=10--load_model=True--linear_readout=False--one_task=True--overlap_bool=no--lmda=0.0000100000--c=1.0e-05--model_scaling=0.001--w_scaling=1.0--same_signs=True/,0.001,0.0,1e-10,1.0
40.0,10.0,1e-05,100000.0,3.3418208200686195e-09,0.0001350097445538,complex,1000.0,0.0,9e-06,1.0,0.1,data/diagonal/pretrain/seed=0--active_dim=40--c=1.0e-05--lmda=0.0000090000--init_method=complex/model.pt,0.001,1024.0,256.0,1.0,no,0.0,1.0,data/diagonal/sparse_overlap/init_method=complex--seed=0--n_train2=256--active_dim_2=10--load_model=True--linear_readout=False--one_task=True--overlap_bool=no--lmda=0.0000090000--c=1.0e-05--model_scaling=0.001--w_scaling=1.0--same_signs=True/,0.001,0.0,1e-10,1.0
40.0,10.0,1e-05,100000.0,1.7019264220152763e-08,4.33756758866366e-05,complex,1000.0,0.0,-5e-06,1.0,0.1,data/diagonal/pretrain/seed=0--active_dim=40--c=1.0e-05--lmda=-0.0000050000--init_method=complex/model.pt,0.001,1024.0,256.0,1.0,no,0.0,1.0,data/diagonal/sparse_overlap/init_method=complex--seed=0--n_train2=256--active_dim_2=10--load_model=True--linear_readout=False--one_task=True--overlap_bool=no--lmda=-0.0000050000--c=1.0e-05--model_scaling=0.001--w_scaling=1.0--same_signs=True/,0.001,0.0,1e-10,1.0
40.0,20.0,0.001,100000.0,8.92752677339459e-11,1.378798484802246,complex,1000.0,0.0,0.001,1.0,0.1,data/diagonal/pretrain/seed=0--active_dim=40--c=1.0e-03--lmda=0.0010000000--init_method=complex/model.pt,0.001,1024.0,32.0,1.0,no,0.0,1.0,data/diagonal/sparse_overlap/init_method=complex--seed=0--n_train2=32--active_dim_2=20--load_model=True--linear_readout=False--one_task=True--overlap_bool=no--lmda=0.0010000000--c=1.0e-03--model_scaling=0.001--w_scaling=1.0--same_signs=True/,0.001,0.0,1e-10,1.0
40.0,20.0,0.001,100000.0,9.798841599240048e-11,3.093082427978516,complex,1000.0,0.0,-0.001,1.0,0.1,data/diagonal/pretrain/seed=0--active_dim=40--c=1.0e-03--lmda=-0.0010000000--init_method=complex/model.pt,0.001,1024.0,32.0,1.0,no,0.0,1.0,data/diagonal/sparse_overlap/init_method=complex--seed=0--n_train2=32--active_dim_2=20--load_model=True--linear_readout=False--one_task=True--overlap_bool=no--lmda=-0.0010000000--c=1.0e-03--model_scaling=0.001--w_scaling=1.0--same_signs=True/,0.001,0.0,1e-10,1.0
40.0,20.0,0.001,100000.0,8.767372938756067e-11,1.1032670736312866,complex,1000.0,0.0,0.0,1.0,0.1,data/diagonal/pretrain/seed=0--active_dim=40--c=1.0e-03--lmda=0.0000000000--init_method=complex/model.pt,0.001,1024.0,16.0,1.0,no,0.0,1.0,data/diagonal/sparse_overlap/init_method=complex--seed=0--n_train2=16--active_dim_2=20--load_model=True--linear_readout=False--one_task=True--overlap_bool=no--lmda=0.0000000000--c=1.0e-03--model_scaling=0.001--w_scaling=1.0--same_signs=True/,0.001,0.0,1e-10,1.0
40.0,20.0,0.001,100000.0,8.011177832223382e-11,1.2450623512268066,complex,1000.0,0.0,0.0009,1.0,0.1,data/diagonal/pretrain/seed=0--active_dim=40--c=1.0e-03--lmda=0.0009000000--init_method=complex/model.pt,0.001,1024.0,16.0,1.0,no,0.0,1.0,data/diagonal/sparse_overlap/init_method=complex--seed=0--n_train2=16--active_dim_2=20--load_model=True--linear_readout=False--one_task=True--overlap_bool=no--lmda=0.0009000000--c=1.0e-03--model_scaling=0.001--w_scaling=1.0--same_signs=True/,0.001,0.0,1e-10,1.0
40.0,20.0,0.001,100000.0,8.321456024251717e-11,1.2117372751235962,complex,1000.0,0.0,0.001,1.0,0.1,data/diagonal/pretrain/seed=0--active_dim=40--c=1.0e-03--lmda=0.0010000000--init_method=complex/model.pt,0.001,1024.0,16.0,1.0,no,0.0,1.0,data/diagonal/sparse_overlap/init_method=complex--seed=0--n_train2=16--active_dim_2=20--load_model=True--linear_readout=False--one_task=True--overlap_bool=no--lmda=0.0010000000--c=1.0e-03--model_scaling=0.001--w_scaling=1.0--same_signs=True/,0.001,0.0,1e-10,1.0
40.0,20.0,0.001,100000.0,9.299429282183523e-11,1.5073320865631104,complex,1000.0,0.0,-0.00075,1.0,0.1,data/diagonal/pretrain/seed=0--active_dim=40--c=1.0e-03--lmda=-0.0007500000--init_method=complex/model.pt,0.001,1024.0,16.0,1.0,no,0.0,1.0,data/diagonal/sparse_overlap/init_method=complex--seed=0--n_train2=16--active_dim_2=20--load_model=True--linear_readout=False--one_task=True--overlap_bool=no--lmda=-0.0007500000--c=1.0e-03--model_scaling=0.001--w_scaling=1.0--same_signs=True/,0.001,0.0,1e-10,1.0
40.0,20.0,0.001,100000.0,9.043078785797576e-11,1.5450985431671145,complex,1000.0,0.0,-0.00085,1.0,0.1,data/diagonal/pretrain/seed=0--active_dim=40--c=1.0e-03--lmda=-0.0008500000--init_method=complex/model.pt,0.001,1024.0,16.0,1.0,no,0.0,1.0,data/diagonal/sparse_overlap/init_method=complex--seed=0--n_train2=16--active_dim_2=20--load_model=True--linear_readout=False--one_task=True--overlap_bool=no--lmda=-0.0008500000--c=1.0e-03--model_scaling=0.001--w_scaling=1.0--same_signs=True/,0.001,0.0,1e-10,1.0
40.0,20.0,0.001,100000.0,8.715950183812993e-11,1.4353407621383667,complex,1000.0,0.0,-0.0005,1.0,0.1,data/diagonal/pretrain/seed=0--active_dim=40--c=1.0e-03--lmda=-0.0005000000--init_method=complex/model.pt,0.001,1024.0,16.0,1.0,no,0.0,1.0,data/diagonal/sparse_overlap/init_method=complex--seed=0--n_train2=16--active_dim_2=20--load_model=True--linear_readout=False--one_task=True--overlap_bool=no--lmda=-0.0005000000--c=1.0e-03--model_scaling=0.001--w_scaling=1.0--same_signs=True/,0.001,0.0,1e-10,1.0
40.0,20.0,0.1,100000.0,9.452479077243224e-11,1.3516854047775269,complex,1000.0,0.0,-0.1,1.0,0.1,data/diagonal/pretrain/seed=0--active_dim=40--c=1.0e-01--lmda=-0.1000000000--init_method=complex/model.pt,0.001,1024.0,16.0,1.0,no,0.0,1.0,data/diagonal/sparse_overlap/init_method=complex--seed=0--n_train2=16--active_dim_2=20--load_model=True--linear_readout=False--one_task=True--overlap_bool=no--lmda=-0.1000000000--c=1.0e-01--model_scaling=0.001--w_scaling=1.0--same_signs=True/,0.001,0.0,1e-10,1.0
40.0,20.0,0.001,100000.0,9.452631732909111e-11,1.270566463470459,complex,1000.0,0.0,0.0009,1.0,0.1,data/diagonal/pretrain/seed=0--active_dim=40--c=1.0e-03--lmda=0.0009000000--init_method=complex/model.pt,0.001,1024.0,32.0,1.0,no,0.0,1.0,data/diagonal/sparse_overlap/init_method=complex--seed=0--n_train2=32--active_dim_2=20--load_model=True--linear_readout=False--one_task=True--overlap_bool=no--lmda=0.0009000000--c=1.0e-03--model_scaling=0.001--w_scaling=1.0--same_signs=True/,0.001,0.0,1e-10,1.0
40.0,20.0,0.001,100000.0,9.315839072376876e-11,1.3166868686676023,complex,1000.0,0.0,0.0,1.0,0.1,data/diagonal/pretrain/seed=0--active_dim=40--c=1.0e-03--lmda=0.0000000000--init_method=complex/model.pt,0.001,1024.0,32.0,1.0,no,0.0,1.0,data/diagonal/sparse_overlap/init_method=complex--seed=0--n_train2=32--active_dim_2=20--load_model=True--linear_readout=False--one_task=True--overlap_bool=no--lmda=0.0000000000--c=1.0e-03--model_scaling=0.001--w_scaling=1.0--same_signs=True/,0.001,0.0,1e-10,1.0
40.0,20.0,0.1,100000.0,6.217934500618583e-11,1.0029789209365845,complex,1000.0,0.0,0.1,1.0,0.1,data/diagonal/pretrain/seed=0--active_dim=40--c=1.0e-01--lmda=0.1000000000--init_method=complex/model.pt,0.001,1024.0,16.0,1.0,no,0.0,1.0,data/diagonal/sparse_overlap/init_method=complex--seed=0--n_train2=16--active_dim_2=20--load_model=True--linear_readout=False--one_task=True--overlap_bool=no--lmda=0.1000000000--c=1.0e-01--model_scaling=0.001--w_scaling=1.0--same_signs=True/,0.001,0.0,1e-10,1.0
40.0,20.0,0.1,100000.0,6.352403325582401e-11,0.9884660243988036,complex,1000.0,0.0,-0.085,1.0,0.1,data/diagonal/pretrain/seed=0--active_dim=40--c=1.0e-01--lmda=-0.0850000000--init_method=complex/model.pt,0.001,1024.0,16.0,1.0,no,0.0,1.0,data/diagonal/sparse_overlap/init_method=complex--seed=0--n_train2=16--active_dim_2=20--load_model=True--linear_readout=False--one_task=True--overlap_bool=no--lmda=-0.0850000000--c=1.0e-01--model_scaling=0.001--w_scaling=1.0--same_signs=True/,0.001,0.0,1e-10,1.0
40.0,20.0,0.1,100000.0,7.419317243906319e-11,0.9782108664512634,complex,1000.0,0.0,0.09,1.0,0.1,data/diagonal/pretrain/seed=0--active_dim=40--c=1.0e-01--lmda=0.0900000000--init_method=complex/model.pt,0.001,1024.0,16.0,1.0,no,0.0,1.0,data/diagonal/sparse_overlap/init_method=complex--seed=0--n_train2=16--active_dim_2=20--load_model=True--linear_readout=False--one_task=True--overlap_bool=no--lmda=0.0900000000--c=1.0e-01--model_scaling=0.001--w_scaling=1.0--same_signs=True/,0.001,0.0,1e-10,1.0
40.0,20.0,0.1,100000.0,4.139662224122986e-11,0.9821064472198486,complex,1000.0,0.0,-0.075,1.0,0.1,data/diagonal/pretrain/seed=0--active_dim=40--c=1.0e-01--lmda=-0.0750000000--init_method=complex/model.pt,0.001,1024.0,16.0,1.0,no,0.0,1.0,data/diagonal/sparse_overlap/init_method=complex--seed=0--n_train2=16--active_dim_2=20--load_model=True--linear_readout=False--one_task=True--overlap_bool=no--lmda=-0.0750000000--c=1.0e-01--model_scaling=0.001--w_scaling=1.0--same_signs=True/,0.001,0.0,1e-10,1.0
40.0,20.0,0.1,100000.0,3.9669212359427775e-11,0.9611189365386964,complex,1000.0,0.0,0.0,1.0,0.1,data/diagonal/pretrain/seed=0--active_dim=40--c=1.0e-01--lmda=0.0000000000--init_method=complex/model.pt,0.001,1024.0,16.0,1.0,no,0.0,1.0,data/diagonal/sparse_overlap/init_method=complex--seed=0--n_train2=16--active_dim_2=20--load_model=True--linear_readout=False--one_task=True--overlap_bool=no--lmda=0.0000000000--c=1.0e-01--model_scaling=0.001--w_scaling=1.0--same_signs=True/,0.001,0.0,1e-10,1.0
40.0,20.0,1e-05,100000.0,9.923950550216888e-11,1.8860924243927,complex,1000.0,0.0,-7.5e-06,1.0,0.1,data/diagonal/pretrain/seed=0--active_dim=40--c=1.0e-05--lmda=-0.0000075000--init_method=complex/model.pt,0.001,1024.0,32.0,1.0,no,0.0,1.0,data/diagonal/sparse_overlap/init_method=complex--seed=0--n_train2=32--active_dim_2=20--load_model=True--linear_readout=False--one_task=True--overlap_bool=no--lmda=-0.0000075000--c=1.0e-05--model_scaling=0.001--w_scaling=1.0--same_signs=True/,0.001,0.0,1e-10,1.0
40.0,20.0,1e-05,100000.0,9.889915275618222e-11,1.9174177646636963,complex,1000.0,0.0,-8.5e-06,1.0,0.1,data/diagonal/pretrain/seed=0--active_dim=40--c=1.0e-05--lmda=-0.0000085000--init_method=complex/model.pt,0.001,1024.0,32.0,1.0,no,0.0,1.0,data/diagonal/sparse_overlap/init_method=complex--seed=0--n_train2=32--active_dim_2=20--load_model=True--linear_readout=False--one_task=True--overlap_bool=no--lmda=-0.0000085000--c=1.0e-05--model_scaling=0.001--w_scaling=1.0--same_signs=True/,0.001,0.0,1e-10,1.0
40.0,20.0,0.1,100000.0,6.426251891733514e-11,0.968800961971283,complex,1000.0,0.0,-0.075,1.0,0.1,data/diagonal/pretrain/seed=0--active_dim=40--c=1.0e-01--lmda=-0.0750000000--init_method=complex/model.pt,0.001,1024.0,32.0,1.0,no,0.0,1.0,data/diagonal/sparse_overlap/init_method=complex--seed=0--n_train2=32--active_dim_2=20--load_model=True--linear_readout=False--one_task=True--overlap_bool=no--lmda=-0.0750000000--c=1.0e-01--model_scaling=0.001--w_scaling=1.0--same_signs=True/,0.001,0.0,1e-10,1.0
40.0,20.0,0.1,100000.0,2.2889669326620062e-11,0.939032018184662,complex,1000.0,0.0,0.0,1.0,0.1,data/diagonal/pretrain/seed=0--active_dim=40--c=1.0e-01--lmda=0.0000000000--init_method=complex/model.pt,0.001,1024.0,32.0,1.0,no,0.0,1.0,data/diagonal/sparse_overlap/init_method=complex--seed=0--n_train2=32--active_dim_2=20--load_model=True--linear_readout=False--one_task=True--overlap_bool=no--lmda=0.0000000000--c=1.0e-01--model_scaling=0.001--w_scaling=1.0--same_signs=True/,0.001,0.0,1e-10,1.0
40.0,20.0,0.1,100000.0,2.5032691197690585e-11,0.962498426437378,complex,1000.0,0.0,0.09,1.0,0.1,data/diagonal/pretrain/seed=0--active_dim=40--c=1.0e-01--lmda=0.0900000000--init_method=complex/model.pt,0.001,1024.0,32.0,1.0,no,0.0,1.0,data/diagonal/sparse_overlap/init_method=complex--seed=0--n_train2=32--active_dim_2=20--load_model=True--linear_readout=False--one_task=True--overlap_bool=no--lmda=0.0900000000--c=1.0e-01--model_scaling=0.001--w_scaling=1.0--same_signs=True/,0.001,0.0,1e-10,1.0
40.0,20.0,0.1,100000.0,5.0064015433282094e-11,0.962477445602417,complex,1000.0,0.0,0.1,1.0,0.1,data/diagonal/pretrain/seed=0--active_dim=40--c=1.0e-01--lmda=0.1000000000--init_method=complex/model.pt,0.001,1024.0,32.0,1.0,no,0.0,1.0,data/diagonal/sparse_overlap/init_method=complex--seed=0--n_train2=32--active_dim_2=20--load_model=True--linear_readout=False--one_task=True--overlap_bool=no--lmda=0.1000000000--c=1.0e-01--model_scaling=0.001--w_scaling=1.0--same_signs=True/,0.001,0.0,1e-10,1.0
40.0,20.0,0.1,100000.0,7.319626155188885e-11,0.9749037027359008,complex,1000.0,0.0,-0.085,1.0,0.1,data/diagonal/pretrain/seed=0--active_dim=40--c=1.0e-01--lmda=-0.0850000000--init_method=complex/model.pt,0.001,1024.0,32.0,1.0,no,0.0,1.0,data/diagonal/sparse_overlap/init_method=complex--seed=0--n_train2=32--active_dim_2=20--load_model=True--linear_readout=False--one_task=True--overlap_bool=no--lmda=-0.0850000000--c=1.0e-01--model_scaling=0.001--w_scaling=1.0--same_signs=True/,0.001,0.0,1e-10,1.0
40.0,20.0,0.1,100000.0,4.319198471103292e-11,0.9698360562324524,complex,1000.0,0.0,-0.05,1.0,0.1,data/diagonal/pretrain/seed=0--active_dim=40--c=1.0e-01--lmda=-0.0500000000--init_method=complex/model.pt,0.001,1024.0,32.0,1.0,no,0.0,1.0,data/diagonal/sparse_overlap/init_method=complex--seed=0--n_train2=32--active_dim_2=20--load_model=True--linear_readout=False--one_task=True--overlap_bool=no--lmda=-0.0500000000--c=1.0e-01--model_scaling=0.001--w_scaling=1.0--same_signs=True/,0.001,0.0,1e-10,1.0
40.0,20.0,1e-05,100000.0,9.927885596949791e-11,1.2823716402053833,complex,1000.0,0.0,1e-05,1.0,0.1,data/diagonal/pretrain/seed=0--active_dim=40--c=1.0e-05--lmda=0.0000100000--init_method=complex/model.pt,0.001,1024.0,64.0,1.0,no,0.0,1.0,data/diagonal/sparse_overlap/init_method=complex--seed=0--n_train2=64--active_dim_2=20--load_model=True--linear_readout=False--one_task=True--overlap_bool=no--lmda=0.0000100000--c=1.0e-05--model_scaling=0.001--w_scaling=1.0--same_signs=True/,0.001,0.0,1e-10,1.0
40.0,20.0,1e-05,100000.0,9.95356019828364e-11,1.3378479480743408,complex,1000.0,0.0,-7.5e-06,1.0,0.1,data/diagonal/pretrain/seed=0--active_dim=40--c=1.0e-05--lmda=-0.0000075000--init_method=complex/model.pt,0.001,1024.0,64.0,1.0,no,0.0,1.0,data/diagonal/sparse_overlap/init_method=complex--seed=0--n_train2=64--active_dim_2=20--load_model=True--linear_readout=False--one_task=True--overlap_bool=no--lmda=-0.0000075000--c=1.0e-05--model_scaling=0.001--w_scaling=1.0--same_signs=True/,0.001,0.0,1e-10,1.0
40.0,20.0,1e-05,100000.0,9.953834978482232e-11,1.3878376483917236,complex,1000.0,0.0,-1e-05,1.0,0.1,data/diagonal/pretrain/seed=0--active_dim=40--c=1.0e-05--lmda=-0.0000100000--init_method=complex/model.pt,0.001,1024.0,64.0,1.0,no,0.0,1.0,data/diagonal/sparse_overlap/init_method=complex--seed=0--n_train2=64--active_dim_2=20--load_model=True--linear_readout=False--one_task=True--overlap_bool=no--lmda=-0.0000100000--c=1.0e-05--model_scaling=0.001--w_scaling=1.0--same_signs=True/,0.001,0.0,1e-10,1.0
40.0,20.0,1e-05,100000.0,9.921581611838092e-11,1.3223203420639038,complex,1000.0,0.0,-5e-06,1.0,0.1,data/diagonal/pretrain/seed=0--active_dim=40--c=1.0e-05--lmda=-0.0000050000--init_method=complex/model.pt,0.001,1024.0,64.0,1.0,no,0.0,1.0,data/diagonal/sparse_overlap/init_method=complex--seed=0--n_train2=64--active_dim_2=20--load_model=True--linear_readout=False--one_task=True--overlap_bool=no--lmda=-0.0000050000--c=1.0e-05--model_scaling=0.001--w_scaling=1.0--same_signs=True/,0.001,0.0,1e-10,1.0
40.0,20.0,1e-05,100000.0,9.896251873531267e-11,1.3042585849761963,complex,1000.0,0.0,0.0,1.0,0.1,data/diagonal/pretrain/seed=0--active_dim=40--c=1.0e-05--lmda=0.0000000000--init_method=complex/model.pt,0.001,1024.0,64.0,1.0,no,0.0,1.0,data/diagonal/sparse_overlap/init_method=complex--seed=0--n_train2=64--active_dim_2=20--load_model=True--linear_readout=False--one_task=True--overlap_bool=no--lmda=0.0000000000--c=1.0e-05--model_scaling=0.001--w_scaling=1.0--same_signs=True/,0.001,0.0,1e-10,1.0
40.0,20.0,1e-05,100000.0,9.931483413438967e-11,1.2847856283187866,complex,1000.0,0.0,9e-06,1.0,0.1,data/diagonal/pretrain/seed=0--active_dim=40--c=1.0e-05--lmda=0.0000090000--init_method=complex/model.pt,0.001,1024.0,64.0,1.0,no,0.0,1.0,data/diagonal/sparse_overlap/init_method=complex--seed=0--n_train2=64--active_dim_2=20--load_model=True--linear_readout=False--one_task=True--overlap_bool=no--lmda=0.0000090000--c=1.0e-05--model_scaling=0.001--w_scaling=1.0--same_signs=True/,0.001,0.0,1e-10,1.0
40.0,20.0,0.001,100000.0,9.96854959689486e-11,0.918331742286682,complex,1000.0,0.0,-0.001,1.0,0.1,data/diagonal/pretrain/seed=0--active_dim=40--c=1.0e-03--lmda=-0.0010000000--init_method=complex/model.pt,0.001,1024.0,128.0,1.0,no,0.0,1.0,data/diagonal/sparse_overlap/init_method=complex--seed=0--n_train2=128--active_dim_2=20--load_model=True--linear_readout=False--one_task=True--overlap_bool=no--lmda=-0.0010000000--c=1.0e-03--model_scaling=0.001--w_scaling=1.0--same_signs=True/,0.001,0.0,1e-10,1.0
40.0,20.0,0.001,100000.0,9.844033921346804e-11,0.8303045034408569,complex,1000.0,0.0,0.0,1.0,0.1,data/diagonal/pretrain/seed=0--active_dim=40--c=1.0e-03--lmda=0.0000000000--init_method=complex/model.pt,0.001,1024.0,128.0,1.0,no,0.0,1.0,data/diagonal/sparse_overlap/init_method=complex--seed=0--n_train2=128--active_dim_2=20--load_model=True--linear_readout=False--one_task=True--overlap_bool=no--lmda=0.0000000000--c=1.0e-03--model_scaling=0.001--w_scaling=1.0--same_signs=True/,0.001,0.0,1e-10,1.0
40.0,20.0,0.001,100000.0,9.813101720101968e-11,0.9334508776664734,complex,1000.0,0.0,0.0009,1.0,0.1,data/diagonal/pretrain/seed=0--active_dim=40--c=1.0e-03--lmda=0.0009000000--init_method=complex/model.pt,0.001,1024.0,128.0,1.0,no,0.0,1.0,data/diagonal/sparse_overlap/init_method=complex--seed=0--n_train2=128--active_dim_2=20--load_model=True--linear_readout=False--one_task=True--overlap_bool=no--lmda=0.0009000000--c=1.0e-03--model_scaling=0.001--w_scaling=1.0--same_signs=True/,0.001,0.0,1e-10,1.0
40.0,20.0,0.001,100000.0,9.897516140000562e-11,0.9599775671958924,complex,1000.0,0.0,-0.0005,1.0,0.1,data/diagonal/pretrain/seed=0--active_dim=40--c=1.0e-03--lmda=-0.0005000000--init_method=complex/model.pt,0.001,1024.0,128.0,1.0,no,0.0,1.0,data/diagonal/sparse_overlap/init_method=complex--seed=0--n_train2=128--active_dim_2=20--load_model=True--linear_readout=False--one_task=True--overlap_bool=no--lmda=-0.0005000000--c=1.0e-03--model_scaling=0.001--w_scaling=1.0--same_signs=True/,0.001,0.0,1e-10,1.0
40.0,20.0,0.001,100000.0,9.864531413938947e-11,0.7792889475822449,complex,1000.0,0.0,0.001,1.0,0.1,data/diagonal/pretrain/seed=0--active_dim=40--c=1.0e-03--lmda=0.0010000000--init_method=complex/model.pt,0.001,1024.0,128.0,1.0,no,0.0,1.0,data/diagonal/sparse_overlap/init_method=complex--seed=0--n_train2=128--active_dim_2=20--load_model=True--linear_readout=False--one_task=True--overlap_bool=no--lmda=0.0010000000--c=1.0e-03--model_scaling=0.001--w_scaling=1.0--same_signs=True/,0.001,0.0,1e-10,1.0
40.0,20.0,1e-05,100000.0,9.98195900936416e-11,0.9125816226005554,complex,1000.0,0.0,-8.5e-06,1.0,0.1,data/diagonal/pretrain/seed=0--active_dim=40--c=1.0e-05--lmda=-0.0000085000--init_method=complex/model.pt,0.001,1024.0,128.0,1.0,no,0.0,1.0,data/diagonal/sparse_overlap/init_method=complex--seed=0--n_train2=128--active_dim_2=20--load_model=True--linear_readout=False--one_task=True--overlap_bool=no--lmda=-0.0000085000--c=1.0e-05--model_scaling=0.001--w_scaling=1.0--same_signs=True/,0.001,0.0,1e-10,1.0
40.0,20.0,1e-05,100000.0,9.975602982548182e-11,0.8967899680137634,complex,1000.0,0.0,-7.5e-06,1.0,0.1,data/diagonal/pretrain/seed=0--active_dim=40--c=1.0e-05--lmda=-0.0000075000--init_method=complex/model.pt,0.001,1024.0,128.0,1.0,no,0.0,1.0,data/diagonal/sparse_overlap/init_method=complex--seed=0--n_train2=128--active_dim_2=20--load_model=True--linear_readout=False--one_task=True--overlap_bool=no--lmda=-0.0000075000--c=1.0e-05--model_scaling=0.001--w_scaling=1.0--same_signs=True/,0.001,0.0,1e-10,1.0
40.0,20.0,0.001,100000.0,9.932964867287451e-11,0.975604772567749,complex,1000.0,0.0,-0.00075,1.0,0.1,data/diagonal/pretrain/seed=0--active_dim=40--c=1.0e-03--lmda=-0.0007500000--init_method=complex/model.pt,0.001,1024.0,128.0,1.0,no,0.0,1.0,data/diagonal/sparse_overlap/init_method=complex--seed=0--n_train2=128--active_dim_2=20--load_model=True--linear_readout=False--one_task=True--overlap_bool=no--lmda=-0.0007500000--c=1.0e-03--model_scaling=0.001--w_scaling=1.0--same_signs=True/,0.001,0.0,1e-10,1.0
40.0,20.0,1e-05,100000.0,9.973477599345415e-11,0.8446681499481201,complex,1000.0,0.0,1e-05,1.0,0.1,data/diagonal/pretrain/seed=0--active_dim=40--c=1.0e-05--lmda=0.0000100000--init_method=complex/model.pt,0.001,1024.0,128.0,1.0,no,0.0,1.0,data/diagonal/sparse_overlap/init_method=complex--seed=0--n_train2=128--active_dim_2=20--load_model=True--linear_readout=False--one_task=True--overlap_bool=no--lmda=0.0000100000--c=1.0e-05--model_scaling=0.001--w_scaling=1.0--same_signs=True/,0.001,0.0,1e-10,1.0
40.0,20.0,1e-05,100000.0,9.984414683916754e-11,0.8611581325531006,complex,1000.0,0.0,0.0,1.0,0.1,data/diagonal/pretrain/seed=0--active_dim=40--c=1.0e-05--lmda=0.0000000000--init_method=complex/model.pt,0.001,1024.0,128.0,1.0,no,0.0,1.0,data/diagonal/sparse_overlap/init_method=complex--seed=0--n_train2=128--active_dim_2=20--load_model=True--linear_readout=False--one_task=True--overlap_bool=no--lmda=0.0000000000--c=1.0e-05--model_scaling=0.001--w_scaling=1.0--same_signs=True/,0.001,0.0,1e-10,1.0
40.0,20.0,1e-05,100000.0,9.955658519800179e-11,0.8472650647163391,complex,1000.0,0.0,9e-06,1.0,0.1,data/diagonal/pretrain/seed=0--active_dim=40--c=1.0e-05--lmda=0.0000090000--init_method=complex/model.pt,0.001,1024.0,128.0,1.0,no,0.0,1.0,data/diagonal/sparse_overlap/init_method=complex--seed=0--n_train2=128--active_dim_2=20--load_model=True--linear_readout=False--one_task=True--overlap_bool=no--lmda=0.0000090000--c=1.0e-05--model_scaling=0.001--w_scaling=1.0--same_signs=True/,0.001,0.0,1e-10,1.0
40.0,20.0,1e-05,100000.0,9.995898553327719e-11,0.8774155974388123,complex,1000.0,0.0,-5e-06,1.0,0.1,data/diagonal/pretrain/seed=0--active_dim=40--c=1.0e-05--lmda=-0.0000050000--init_method=complex/model.pt,0.001,1024.0,128.0,1.0,no,0.0,1.0,data/diagonal/sparse_overlap/init_method=complex--seed=0--n_train2=128--active_dim_2=20--load_model=True--linear_readout=False--one_task=True--overlap_bool=no--lmda=-0.0000050000--c=1.0e-05--model_scaling=0.001--w_scaling=1.0--same_signs=True/,0.001,0.0,1e-10,1.0
40.0,20.0,1e-05,100000.0,9.981140913772888e-11,1.0286401510238647,complex,1000.0,0.0,-1e-05,1.0,0.1,data/diagonal/pretrain/seed=0--active_dim=40--c=1.0e-05--lmda=-0.0000100000--init_method=complex/model.pt,0.001,1024.0,128.0,1.0,no,0.0,1.0,data/diagonal/sparse_overlap/init_method=complex--seed=0--n_train2=128--active_dim_2=20--load_model=True--linear_readout=False--one_task=True--overlap_bool=no--lmda=-0.0000100000--c=1.0e-05--model_scaling=0.001--w_scaling=1.0--same_signs=True/,0.001,0.0,1e-10,1.0
40.0,20.0,0.1,100000.0,9.10705677537038e-11,0.7398771643638611,complex,1000.0,0.0,0.09,1.0,0.1,data/diagonal/pretrain/seed=0--active_dim=40--c=1.0e-01--lmda=0.0900000000--init_method=complex/model.pt,0.001,1024.0,256.0,1.0,no,0.0,1.0,data/diagonal/sparse_overlap/init_method=complex--seed=0--n_train2=256--active_dim_2=20--load_model=True--linear_readout=False--one_task=True--overlap_bool=no--lmda=0.0900000000--c=1.0e-01--model_scaling=0.001--w_scaling=1.0--same_signs=True/,0.001,0.0,1e-10,1.0
40.0,30.0,1e-05,100000.0,8.84132420053696e-11,1.427488923072815,complex,1000.0,0.0,-7.5e-06,1.0,0.1,data/diagonal/pretrain/seed=0--active_dim=40--c=1.0e-05--lmda=-0.0000075000--init_method=complex/model.pt,0.001,1024.0,16.0,1.0,no,0.0,1.0,data/diagonal/sparse_overlap/init_method=complex--seed=0--n_train2=16--active_dim_2=30--load_model=True--linear_readout=False--one_task=True--overlap_bool=no--lmda=-0.0000075000--c=1.0e-05--model_scaling=0.001--w_scaling=1.0--same_signs=True/,0.001,0.0,1e-10,1.0
40.0,30.0,1e-05,100000.0,8.958471464648453e-11,1.4171069860458374,complex,1000.0,0.0,9e-06,1.0,0.1,data/diagonal/pretrain/seed=0--active_dim=40--c=1.0e-05--lmda=0.0000090000--init_method=complex/model.pt,0.001,1024.0,16.0,1.0,no,0.0,1.0,data/diagonal/sparse_overlap/init_method=complex--seed=0--n_train2=16--active_dim_2=30--load_model=True--linear_readout=False--one_task=True--overlap_bool=no--lmda=0.0000090000--c=1.0e-05--model_scaling=0.001--w_scaling=1.0--same_signs=True/,0.001,0.0,1e-10,1.0
40.0,30.0,1e-05,100000.0,9.140069257007608e-11,1.4291250705718994,complex,1000.0,0.0,-1e-05,1.0,0.1,data/diagonal/pretrain/seed=0--active_dim=40--c=1.0e-05--lmda=-0.0000100000--init_method=complex/model.pt,0.001,1024.0,16.0,1.0,no,0.0,1.0,data/diagonal/sparse_overlap/init_method=complex--seed=0--n_train2=16--active_dim_2=30--load_model=True--linear_readout=False--one_task=True--overlap_bool=no--lmda=-0.0000100000--c=1.0e-05--model_scaling=0.001--w_scaling=1.0--same_signs=True/,0.001,0.0,1e-10,1.0
40.0,30.0,1e-05,100000.0,9.23655180118388e-11,1.422664761543274,complex,1000.0,0.0,0.0,1.0,0.1,data/diagonal/pretrain/seed=0--active_dim=40--c=1.0e-05--lmda=0.0000000000--init_method=complex/model.pt,0.001,1024.0,16.0,1.0,no,0.0,1.0,data/diagonal/sparse_overlap/init_method=complex--seed=0--n_train2=16--active_dim_2=30--load_model=True--linear_readout=False--one_task=True--overlap_bool=no--lmda=0.0000000000--c=1.0e-05--model_scaling=0.001--w_scaling=1.0--same_signs=True/,0.001,0.0,1e-10,1.0
40.0,30.0,1e-05,100000.0,9.224396246843014e-11,1.4258674383163452,complex,1000.0,0.0,-5e-06,1.0,0.1,data/diagonal/pretrain/seed=0--active_dim=40--c=1.0e-05--lmda=-0.0000050000--init_method=complex/model.pt,0.001,1024.0,16.0,1.0,no,0.0,1.0,data/diagonal/sparse_overlap/init_method=complex--seed=0--n_train2=16--active_dim_2=30--load_model=True--linear_readout=False--one_task=True--overlap_bool=no--lmda=-0.0000050000--c=1.0e-05--model_scaling=0.001--w_scaling=1.0--same_signs=True/,0.001,0.0,1e-10,1.0
40.0,30.0,1e-05,100000.0,9.008355172923643e-11,1.4164751768112185,complex,1000.0,0.0,1e-05,1.0,0.1,data/diagonal/pretrain/seed=0--active_dim=40--c=1.0e-05--lmda=0.0000100000--init_method=complex/model.pt,0.001,1024.0,16.0,1.0,no,0.0,1.0,data/diagonal/sparse_overlap/init_method=complex--seed=0--n_train2=16--active_dim_2=30--load_model=True--linear_readout=False--one_task=True--overlap_bool=no--lmda=0.0000100000--c=1.0e-05--model_scaling=0.001--w_scaling=1.0--same_signs=True/,0.001,0.0,1e-10,1.0
40.0,30.0,0.1,100000.0,5.1433239611764485e-11,0.998509645462036,complex,1000.0,0.0,0.1,1.0,0.1,data/diagonal/pretrain/seed=0--active_dim=40--c=1.0e-01--lmda=0.1000000000--init_method=complex/model.pt,0.001,1024.0,16.0,1.0,no,0.0,1.0,data/diagonal/sparse_overlap/init_method=complex--seed=0--n_train2=16--active_dim_2=30--load_model=True--linear_readout=False--one_task=True--overlap_bool=no--lmda=0.1000000000--c=1.0e-01--model_scaling=0.001--w_scaling=1.0--same_signs=True/,0.001,0.0,1e-10,1.0
40.0,30.0,0.001,100000.0,9.41411115729096e-11,1.4686729907989502,complex,1000.0,0.0,-0.00075,1.0,0.1,data/diagonal/pretrain/seed=0--active_dim=40--c=1.0e-03--lmda=-0.0007500000--init_method=complex/model.pt,0.001,1024.0,16.0,1.0,no,0.0,1.0,data/diagonal/sparse_overlap/init_method=complex--seed=0--n_train2=16--active_dim_2=30--load_model=True--linear_readout=False--one_task=True--overlap_bool=no--lmda=-0.0007500000--c=1.0e-03--model_scaling=0.001--w_scaling=1.0--same_signs=True/,0.001,0.0,1e-10,1.0
40.0,30.0,0.1,100000.0,1.6493559990005124e-11,0.9623560309410096,complex,1000.0,0.0,0.0,1.0,0.1,data/diagonal/pretrain/seed=0--active_dim=40--c=1.0e-01--lmda=0.0000000000--init_method=complex/model.pt,0.001,1024.0,16.0,1.0,no,0.0,1.0,data/diagonal/sparse_overlap/init_method=complex--seed=0--n_train2=16--active_dim_2=30--load_model=True--linear_readout=False--one_task=True--overlap_bool=no--lmda=0.0000000000--c=1.0e-01--model_scaling=0.001--w_scaling=1.0--same_signs=True/,0.001,0.0,1e-10,1.0
40.0,30.0,0.001,100000.0,9.322149996382476e-11,1.5004534721374512,complex,1000.0,0.0,-0.00085,1.0,0.1,data/diagonal/pretrain/seed=0--active_dim=40--c=1.0e-03--lmda=-0.0008500000--init_method=complex/model.pt,0.001,1024.0,16.0,1.0,no,0.0,1.0,data/diagonal/sparse_overlap/init_method=complex--seed=0--n_train2=16--active_dim_2=30--load_model=True--linear_readout=False--one_task=True--overlap_bool=no--lmda=-0.0008500000--c=1.0e-03--model_scaling=0.001--w_scaling=1.0--same_signs=True/,0.001,0.0,1e-10,1.0
40.0,30.0,0.1,100000.0,5.899233879169685e-11,0.9901069402694702,complex,1000.0,0.0,0.09,1.0,0.1,data/diagonal/pretrain/seed=0--active_dim=40--c=1.0e-01--lmda=0.0900000000--init_method=complex/model.pt,0.001,1024.0,16.0,1.0,no,0.0,1.0,data/diagonal/sparse_overlap/init_method=complex--seed=0--n_train2=16--active_dim_2=30--load_model=True--linear_readout=False--one_task=True--overlap_bool=no--lmda=0.0900000000--c=1.0e-01--model_scaling=0.001--w_scaling=1.0--same_signs=True/,0.001,0.0,1e-10,1.0
40.0,30.0,0.1,100000.0,9.28244564546432e-11,1.4335209131240845,complex,1000.0,0.0,-0.1,1.0,0.1,data/diagonal/pretrain/seed=0--active_dim=40--c=1.0e-01--lmda=-0.1000000000--init_method=complex/model.pt,0.001,1024.0,16.0,1.0,no,0.0,1.0,data/diagonal/sparse_overlap/init_method=complex--seed=0--n_train2=16--active_dim_2=30--load_model=True--linear_readout=False--one_task=True--overlap_bool=no--lmda=-0.1000000000--c=1.0e-01--model_scaling=0.001--w_scaling=1.0--same_signs=True/,0.001,0.0,1e-10,1.0
40.0,30.0,0.001,100000.0,8.861422706729627e-11,1.2338191270828247,complex,1000.0,0.0,0.0009,1.0,0.1,data/diagonal/pretrain/seed=0--active_dim=40--c=1.0e-03--lmda=0.0009000000--init_method=complex/model.pt,0.001,1024.0,16.0,1.0,no,0.0,1.0,data/diagonal/sparse_overlap/init_method=complex--seed=0--n_train2=16--active_dim_2=30--load_model=True--linear_readout=False--one_task=True--overlap_bool=no--lmda=0.0009000000--c=1.0e-03--model_scaling=0.001--w_scaling=1.0--same_signs=True/,0.001,0.0,1e-10,1.0
40.0,30.0,0.001,100000.0,8.560511327582175e-11,1.1431795358657837,complex,1000.0,0.0,0.0,1.0,0.1,data/diagonal/pretrain/seed=0--active_dim=40--c=1.0e-03--lmda=0.0000000000--init_method=complex/model.pt,0.001,1024.0,16.0,1.0,no,0.0,1.0,data/diagonal/sparse_overlap/init_method=complex--seed=0--n_train2=16--active_dim_2=30--load_model=True--linear_readout=False--one_task=True--overlap_bool=no--lmda=0.0000000000--c=1.0e-03--model_scaling=0.001--w_scaling=1.0--same_signs=True/,0.001,0.0,1e-10,1.0
40.0,30.0,1e-05,100000.0,9.762699676452158e-11,1.9418224096298216,complex,1000.0,0.0,-5e-06,1.0,0.1,data/diagonal/pretrain/seed=0--active_dim=40--c=1.0e-05--lmda=-0.0000050000--init_method=complex/model.pt,0.001,1024.0,32.0,1.0,no,0.0,1.0,data/diagonal/sparse_overlap/init_method=complex--seed=0--n_train2=32--active_dim_2=30--load_model=True--linear_readout=False--one_task=True--overlap_bool=no--lmda=-0.0000050000--c=1.0e-05--model_scaling=0.001--w_scaling=1.0--same_signs=True/,0.001,0.0,1e-10,1.0
40.0,30.0,1e-05,100000.0,9.824794450219444e-11,1.8696438074111936,complex,1000.0,0.0,0.0,1.0,0.1,data/diagonal/pretrain/seed=0--active_dim=40--c=1.0e-05--lmda=0.0000000000--init_method=complex/model.pt,0.001,1024.0,32.0,1.0,no,0.0,1.0,data/diagonal/sparse_overlap/init_method=complex--seed=0--n_train2=32--active_dim_2=30--load_model=True--linear_readout=False--one_task=True--overlap_bool=no--lmda=0.0000000000--c=1.0e-05--model_scaling=0.001--w_scaling=1.0--same_signs=True/,0.001,0.0,1e-10,1.0
40.0,30.0,0.001,100000.0,9.087433583410132e-11,1.3023449182510376,complex,1000.0,0.0,0.0009,1.0,0.1,data/diagonal/pretrain/seed=0--active_dim=40--c=1.0e-03--lmda=0.0009000000--init_method=complex/model.pt,0.001,1024.0,32.0,1.0,no,0.0,1.0,data/diagonal/sparse_overlap/init_method=complex--seed=0--n_train2=32--active_dim_2=30--load_model=True--linear_readout=False--one_task=True--overlap_bool=no--lmda=0.0009000000--c=1.0e-03--model_scaling=0.001--w_scaling=1.0--same_signs=True/,0.001,0.0,1e-10,1.0
40.0,30.0,0.001,100000.0,9.223507374533924e-11,1.324710488319397,complex,1000.0,0.0,0.001,1.0,0.1,data/diagonal/pretrain/seed=0--active_dim=40--c=1.0e-03--lmda=0.0010000000--init_method=complex/model.pt,0.001,1024.0,32.0,1.0,no,0.0,1.0,data/diagonal/sparse_overlap/init_method=complex--seed=0--n_train2=32--active_dim_2=30--load_model=True--linear_readout=False--one_task=True--overlap_bool=no--lmda=0.0010000000--c=1.0e-03--model_scaling=0.001--w_scaling=1.0--same_signs=True/,0.001,0.0,1e-10,1.0
40.0,30.0,1e-05,100000.0,9.761127323093531e-11,2.024777173995972,complex,1000.0,0.0,-8.5e-06,1.0,0.1,data/diagonal/pretrain/seed=0--active_dim=40--c=1.0e-05--lmda=-0.0000085000--init_method=complex/model.pt,0.001,1024.0,32.0,1.0,no,0.0,1.0,data/diagonal/sparse_overlap/init_method=complex--seed=0--n_train2=32--active_dim_2=30--load_model=True--linear_readout=False--one_task=True--overlap_bool=no--lmda=-0.0000085000--c=1.0e-05--model_scaling=0.001--w_scaling=1.0--same_signs=True/,0.001,0.0,1e-10,1.0
40.0,30.0,0.001,100000.0,9.987471266681423e-11,2.4634313583374023,complex,1000.0,0.0,-0.001,1.0,0.1,data/diagonal/pretrain/seed=0--active_dim=40--c=1.0e-03--lmda=-0.0010000000--init_method=complex/model.pt,0.001,1024.0,32.0,1.0,no,0.0,1.0,data/diagonal/sparse_overlap/init_method=complex--seed=0--n_train2=32--active_dim_2=30--load_model=True--linear_readout=False--one_task=True--overlap_bool=no--lmda=-0.0010000000--c=1.0e-03--model_scaling=0.001--w_scaling=1.0--same_signs=True/,0.001,0.0,1e-10,1.0
40.0,30.0,1e-05,100000.0,9.834536657260527e-11,1.995734930038452,complex,1000.0,0.0,-7.5e-06,1.0,0.1,data/diagonal/pretrain/seed=0--active_dim=40--c=1.0e-05--lmda=-0.0000075000--init_method=complex/model.pt,0.001,1024.0,32.0,1.0,no,0.0,1.0,data/diagonal/sparse_overlap/init_method=complex--seed=0--n_train2=32--active_dim_2=30--load_model=True--linear_readout=False--one_task=True--overlap_bool=no--lmda=-0.0000075000--c=1.0e-05--model_scaling=0.001--w_scaling=1.0--same_signs=True/,0.001,0.0,1e-10,1.0
40.0,30.0,0.001,100000.0,9.325986510821947e-11,1.2966450452804563,complex,1000.0,0.0,0.0,1.0,0.1,data/diagonal/pretrain/seed=0--active_dim=40--c=1.0e-03--lmda=0.0000000000--init_method=complex/model.pt,0.001,1024.0,32.0,1.0,no,0.0,1.0,data/diagonal/sparse_overlap/init_method=complex--seed=0--n_train2=32--active_dim_2=30--load_model=True--linear_readout=False--one_task=True--overlap_bool=no--lmda=0.0000000000--c=1.0e-03--model_scaling=0.001--w_scaling=1.0--same_signs=True/,0.001,0.0,1e-10,1.0
40.0,30.0,0.001,100000.0,9.547122814534956e-11,1.5137180089950562,complex,1000.0,0.0,-0.0005,1.0,0.1,data/diagonal/pretrain/seed=0--active_dim=40--c=1.0e-03--lmda=-0.0005000000--init_method=complex/model.pt,0.001,1024.0,32.0,1.0,no,0.0,1.0,data/diagonal/sparse_overlap/init_method=complex--seed=0--n_train2=32--active_dim_2=30--load_model=True--linear_readout=False--one_task=True--overlap_bool=no--lmda=-0.0005000000--c=1.0e-03--model_scaling=0.001--w_scaling=1.0--same_signs=True/,0.001,0.0,1e-10,1.0
40.0,30.0,1e-05,100000.0,9.917782567425704e-11,1.3741717338562012,complex,1000.0,0.0,9e-06,1.0,0.1,data/diagonal/pretrain/seed=0--active_dim=40--c=1.0e-05--lmda=0.0000090000--init_method=complex/model.pt,0.001,1024.0,64.0,1.0,no,0.0,1.0,data/diagonal/sparse_overlap/init_method=complex--seed=0--n_train2=64--active_dim_2=30--load_model=True--linear_readout=False--one_task=True--overlap_bool=no--lmda=0.0000090000--c=1.0e-05--model_scaling=0.001--w_scaling=1.0--same_signs=True/,0.001,0.0,1e-10,1.0
40.0,30.0,0.001,100000.0,9.564931485739335e-11,1.6144746541976929,complex,1000.0,0.0,-0.00075,1.0,0.1,data/diagonal/pretrain/seed=0--active_dim=40--c=1.0e-03--lmda=-0.0007500000--init_method=complex/model.pt,0.001,1024.0,32.0,1.0,no,0.0,1.0,data/diagonal/sparse_overlap/init_method=complex--seed=0--n_train2=32--active_dim_2=30--load_model=True--linear_readout=False--one_task=True--overlap_bool=no--lmda=-0.0007500000--c=1.0e-03--model_scaling=0.001--w_scaling=1.0--same_signs=True/,0.001,0.0,1e-10,1.0
40.0,30.0,0.001,100000.0,9.817358731512016e-11,1.682163119316101,complex,1000.0,0.0,-0.00085,1.0,0.1,data/diagonal/pretrain/seed=0--active_dim=40--c=1.0e-03--lmda=-0.0008500000--init_method=complex/model.pt,0.001,1024.0,32.0,1.0,no,0.0,1.0,data/diagonal/sparse_overlap/init_method=complex--seed=0--n_train2=32--active_dim_2=30--load_model=True--linear_readout=False--one_task=True--overlap_bool=no--lmda=-0.0008500000--c=1.0e-03--model_scaling=0.001--w_scaling=1.0--same_signs=True/,0.001,0.0,1e-10,1.0
40.0,30.0,1e-05,100000.0,9.868719730299348e-11,1.432581663131714,complex,1000.0,0.0,-5e-06,1.0,0.1,data/diagonal/pretrain/seed=0--active_dim=40--c=1.0e-05--lmda=-0.0000050000--init_method=complex/model.pt,0.001,1024.0,64.0,1.0,no,0.0,1.0,data/diagonal/sparse_overlap/init_method=complex--seed=0--n_train2=64--active_dim_2=30--load_model=True--linear_readout=False--one_task=True--overlap_bool=no--lmda=-0.0000050000--c=1.0e-05--model_scaling=0.001--w_scaling=1.0--same_signs=True/,0.001,0.0,1e-10,1.0
40.0,30.0,1e-05,100000.0,9.898885183767804e-11,1.404009222984314,complex,1000.0,0.0,0.0,1.0,0.1,data/diagonal/pretrain/seed=0--active_dim=40--c=1.0e-05--lmda=0.0000000000--init_method=complex/model.pt,0.001,1024.0,64.0,1.0,no,0.0,1.0,data/diagonal/sparse_overlap/init_method=complex--seed=0--n_train2=64--active_dim_2=30--load_model=True--linear_readout=False--one_task=True--overlap_bool=no--lmda=0.0000000000--c=1.0e-05--model_scaling=0.001--w_scaling=1.0--same_signs=True/,0.001,0.0,1e-10,1.0
40.0,30.0,1e-05,100000.0,9.937206613130911e-11,0.9846806526184082,complex,1000.0,0.0,-5e-06,1.0,0.1,data/diagonal/pretrain/seed=0--active_dim=40--c=1.0e-05--lmda=-0.0000050000--init_method=complex/model.pt,0.001,1024.0,128.0,1.0,no,0.0,1.0,data/diagonal/sparse_overlap/init_method=complex--seed=0--n_train2=128--active_dim_2=30--load_model=True--linear_readout=False--one_task=True--overlap_bool=no--lmda=-0.0000050000--c=1.0e-05--model_scaling=0.001--w_scaling=1.0--same_signs=True/,0.001,0.0,1e-10,1.0
40.0,30.0,1e-05,100000.0,9.947149354205819e-11,0.9761002659797668,complex,1000.0,0.0,0.0,1.0,0.1,data/diagonal/pretrain/seed=0--active_dim=40--c=1.0e-05--lmda=0.0000000000--init_method=complex/model.pt,0.001,1024.0,128.0,1.0,no,0.0,1.0,data/diagonal/sparse_overlap/init_method=complex--seed=0--n_train2=128--active_dim_2=30--load_model=True--linear_readout=False--one_task=True--overlap_bool=no--lmda=0.0000000000--c=1.0e-05--model_scaling=0.001--w_scaling=1.0--same_signs=True/,0.001,0.0,1e-10,1.0
40.0,30.0,1e-05,100000.0,9.906974546280978e-11,0.9648572206497192,complex,1000.0,0.0,1e-05,1.0,0.1,data/diagonal/pretrain/seed=0--active_dim=40--c=1.0e-05--lmda=0.0000100000--init_method=complex/model.pt,0.001,1024.0,128.0,1.0,no,0.0,1.0,data/diagonal/sparse_overlap/init_method=complex--seed=0--n_train2=128--active_dim_2=30--load_model=True--linear_readout=False--one_task=True--overlap_bool=no--lmda=0.0000100000--c=1.0e-05--model_scaling=0.001--w_scaling=1.0--same_signs=True/,0.001,0.0,1e-10,1.0
40.0,30.0,1e-05,100000.0,9.954045226967524e-11,0.9920031428337096,complex,1000.0,0.0,-7.5e-06,1.0,0.1,data/diagonal/pretrain/seed=0--active_dim=40--c=1.0e-05--lmda=-0.0000075000--init_method=complex/model.pt,0.001,1024.0,128.0,1.0,no,0.0,1.0,data/diagonal/sparse_overlap/init_method=complex--seed=0--n_train2=128--active_dim_2=30--load_model=True--linear_readout=False--one_task=True--overlap_bool=no--lmda=-0.0000075000--c=1.0e-05--model_scaling=0.001--w_scaling=1.0--same_signs=True/,0.001,0.0,1e-10,1.0
40.0,30.0,1e-05,100000.0,9.960252067564568e-11,0.9960689544677734,complex,1000.0,0.0,-8.5e-06,1.0,0.1,data/diagonal/pretrain/seed=0--active_dim=40--c=1.0e-05--lmda=-0.0000085000--init_method=complex/model.pt,0.001,1024.0,128.0,1.0,no,0.0,1.0,data/diagonal/sparse_overlap/init_method=complex--seed=0--n_train2=128--active_dim_2=30--load_model=True--linear_readout=False--one_task=True--overlap_bool=no--lmda=-0.0000085000--c=1.0e-05--model_scaling=0.001--w_scaling=1.0--same_signs=True/,0.001,0.0,1e-10,1.0
40.0,30.0,1e-05,100000.0,9.953675383922443e-11,0.9664998054504396,complex,1000.0,0.0,9e-06,1.0,0.1,data/diagonal/pretrain/seed=0--active_dim=40--c=1.0e-05--lmda=0.0000090000--init_method=complex/model.pt,0.001,1024.0,128.0,1.0,no,0.0,1.0,data/diagonal/sparse_overlap/init_method=complex--seed=0--n_train2=128--active_dim_2=30--load_model=True--linear_readout=False--one_task=True--overlap_bool=no--lmda=0.0000090000--c=1.0e-05--model_scaling=0.001--w_scaling=1.0--same_signs=True/,0.001,0.0,1e-10,1.0
40.0,30.0,0.001,100000.0,9.879189133421562e-11,0.9620019793510436,complex,1000.0,0.0,0.001,1.0,0.1,data/diagonal/pretrain/seed=0--active_dim=40--c=1.0e-03--lmda=0.0010000000--init_method=complex/model.pt,0.001,1024.0,128.0,1.0,no,0.0,1.0,data/diagonal/sparse_overlap/init_method=complex--seed=0--n_train2=128--active_dim_2=30--load_model=True--linear_readout=False--one_task=True--overlap_bool=no--lmda=0.0010000000--c=1.0e-03--model_scaling=0.001--w_scaling=1.0--same_signs=True/,0.001,0.0,1e-10,1.0
40.0,30.0,0.001,100000.0,9.968065955989758e-11,1.2825255393981934,complex,1000.0,0.0,-0.001,1.0,0.1,data/diagonal/pretrain/seed=0--active_dim=40--c=1.0e-03--lmda=-0.0010000000--init_method=complex/model.pt,0.001,1024.0,128.0,1.0,no,0.0,1.0,data/diagonal/sparse_overlap/init_method=complex--seed=0--n_train2=128--active_dim_2=30--load_model=True--linear_readout=False--one_task=True--overlap_bool=no--lmda=-0.0010000000--c=1.0e-03--model_scaling=0.001--w_scaling=1.0--same_signs=True/,0.001,0.0,1e-10,1.0
40.0,30.0,0.1,100000.0,8.105752180576076e-11,0.9931405186653136,complex,1000.0,0.0,-0.085,1.0,0.1,data/diagonal/pretrain/seed=0--active_dim=40--c=1.0e-01--lmda=-0.0850000000--init_method=complex/model.pt,0.001,1024.0,32.0,1.0,no,0.0,1.0,data/diagonal/sparse_overlap/init_method=complex--seed=0--n_train2=32--active_dim_2=30--load_model=True--linear_readout=False--one_task=True--overlap_bool=no--lmda=-0.0850000000--c=1.0e-01--model_scaling=0.001--w_scaling=1.0--same_signs=True/,0.001,0.0,1e-10,1.0
40.0,30.0,1e-05,100000.0,9.941925754874956e-11,1.5493074655532837,complex,1000.0,0.0,-1e-05,1.0,0.1,data/diagonal/pretrain/seed=0--active_dim=40--c=1.0e-05--lmda=-0.0000100000--init_method=complex/model.pt,0.001,1024.0,64.0,1.0,no,0.0,1.0,data/diagonal/sparse_overlap/init_method=complex--seed=0--n_train2=64--active_dim_2=30--load_model=True--linear_readout=False--one_task=True--overlap_bool=no--lmda=-0.0000100000--c=1.0e-05--model_scaling=0.001--w_scaling=1.0--same_signs=True/,0.001,0.0,1e-10,1.0
40.0,30.0,0.1,100000.0,6.619554210329781e-11,0.9857000112533568,complex,1000.0,0.0,-0.075,1.0,0.1,data/diagonal/pretrain/seed=0--active_dim=40--c=1.0e-01--lmda=-0.0750000000--init_method=complex/model.pt,0.001,1024.0,32.0,1.0,no,0.0,1.0,data/diagonal/sparse_overlap/init_method=complex--seed=0--n_train2=32--active_dim_2=30--load_model=True--linear_readout=False--one_task=True--overlap_bool=no--lmda=-0.0750000000--c=1.0e-01--model_scaling=0.001--w_scaling=1.0--same_signs=True/,0.001,0.0,1e-10,1.0
40.0,30.0,0.1,100000.0,5.780700224056189e-11,0.9548375010490416,complex,1000.0,0.0,-0.05,1.0,0.1,data/diagonal/pretrain/seed=0--active_dim=40--c=1.0e-01--lmda=-0.0500000000--init_method=complex/model.pt,0.001,1024.0,32.0,1.0,no,0.0,1.0,data/diagonal/sparse_overlap/init_method=complex--seed=0--n_train2=32--active_dim_2=30--load_model=True--linear_readout=False--one_task=True--overlap_bool=no--lmda=-0.0500000000--c=1.0e-01--model_scaling=0.001--w_scaling=1.0--same_signs=True/,0.001,0.0,1e-10,1.0
40.0,30.0,1e-05,100000.0,9.862625993672935e-11,1.3707504272460938,complex,1000.0,0.0,1e-05,1.0,0.1,data/diagonal/pretrain/seed=0--active_dim=40--c=1.0e-05--lmda=0.0000100000--init_method=complex/model.pt,0.001,1024.0,64.0,1.0,no,0.0,1.0,data/diagonal/sparse_overlap/init_method=complex--seed=0--n_train2=64--active_dim_2=30--load_model=True--linear_readout=False--one_task=True--overlap_bool=no--lmda=0.0000100000--c=1.0e-05--model_scaling=0.001--w_scaling=1.0--same_signs=True/,0.001,0.0,1e-10,1.0
40.0,30.0,0.1,100000.0,9.524913496816724e-11,0.8535302877426147,complex,1000.0,0.0,-0.085,1.0,0.1,data/diagonal/pretrain/seed=0--active_dim=40--c=1.0e-01--lmda=-0.0850000000--init_method=complex/model.pt,0.001,1024.0,128.0,1.0,no,0.0,1.0,data/diagonal/sparse_overlap/init_method=complex--seed=0--n_train2=128--active_dim_2=30--load_model=True--linear_readout=False--one_task=True--overlap_bool=no--lmda=-0.0850000000--c=1.0e-01--model_scaling=0.001--w_scaling=1.0--same_signs=True/,0.001,0.0,1e-10,1.0
40.0,30.0,1e-05,100000.0,1.2418974182359932e-10,0.0067460471764206,complex,1000.0,0.0,-1e-05,1.0,0.1,data/diagonal/pretrain/seed=0--active_dim=40--c=1.0e-05--lmda=-0.0000100000--init_method=complex/model.pt,0.001,1024.0,256.0,1.0,no,0.0,1.0,data/diagonal/sparse_overlap/init_method=complex--seed=0--n_train2=256--active_dim_2=30--load_model=True--linear_readout=False--one_task=True--overlap_bool=no--lmda=-0.0000100000--c=1.0e-05--model_scaling=0.001--w_scaling=1.0--same_signs=True/,0.001,0.0,1e-10,1.0
40.0,30.0,0.001,100000.0,9.723112592840975e-11,1.1975501775741575,complex,1000.0,0.0,0.0009,1.0,0.1,data/diagonal/pretrain/seed=0--active_dim=40--c=1.0e-03--lmda=0.0009000000--init_method=complex/model.pt,0.001,1024.0,64.0,1.0,no,0.0,1.0,data/diagonal/sparse_overlap/init_method=complex--seed=0--n_train2=64--active_dim_2=30--load_model=True--linear_readout=False--one_task=True--overlap_bool=no--lmda=0.0009000000--c=1.0e-03--model_scaling=0.001--w_scaling=1.0--same_signs=True/,0.001,0.0,1e-10,1.0
40.0,30.0,0.1,100000.0,9.955487823010144e-11,1.3705954551696775,complex,1000.0,0.0,-0.1,1.0,0.1,data/diagonal/pretrain/seed=0--active_dim=40--c=1.0e-01--lmda=-0.1000000000--init_method=complex/model.pt,0.001,1024.0,64.0,1.0,no,0.0,1.0,data/diagonal/sparse_overlap/init_method=complex--seed=0--n_train2=64--active_dim_2=30--load_model=True--linear_readout=False--one_task=True--overlap_bool=no--lmda=-0.1000000000--c=1.0e-01--model_scaling=0.001--w_scaling=1.0--same_signs=True/,0.001,0.0,1e-10,1.0
40.0,30.0,0.001,100000.0,9.816187446221035e-11,1.3641412258148191,complex,1000.0,0.0,-0.00075,1.0,0.1,data/diagonal/pretrain/seed=0--active_dim=40--c=1.0e-03--lmda=-0.0007500000--init_method=complex/model.pt,0.001,1024.0,64.0,1.0,no,0.0,1.0,data/diagonal/sparse_overlap/init_method=complex--seed=0--n_train2=64--active_dim_2=30--load_model=True--linear_readout=False--one_task=True--overlap_bool=no--lmda=-0.0007500000--c=1.0e-03--model_scaling=0.001--w_scaling=1.0--same_signs=True/,0.001,0.0,1e-10,1.0
40.0,30.0,0.001,100000.0,9.723836319475152e-11,1.3093658685684204,complex,1000.0,0.0,-0.0005,1.0,0.1,data/diagonal/pretrain/seed=0--active_dim=40--c=1.0e-03--lmda=-0.0005000000--init_method=complex/model.pt,0.001,1024.0,64.0,1.0,no,0.0,1.0,data/diagonal/sparse_overlap/init_method=complex--seed=0--n_train2=64--active_dim_2=30--load_model=True--linear_readout=False--one_task=True--overlap_bool=no--lmda=-0.0005000000--c=1.0e-03--model_scaling=0.001--w_scaling=1.0--same_signs=True/,0.001,0.0,1e-10,1.0
40.0,30.0,0.001,100000.0,9.784831972448059e-11,1.26810622215271,complex,1000.0,0.0,0.0,1.0,0.1,data/diagonal/pretrain/seed=0--active_dim=40--c=1.0e-03--lmda=0.0000000000--init_method=complex/model.pt,0.001,1024.0,64.0,1.0,no,0.0,1.0,data/diagonal/sparse_overlap/init_method=complex--seed=0--n_train2=64--active_dim_2=30--load_model=True--linear_readout=False--one_task=True--overlap_bool=no--lmda=0.0000000000--c=1.0e-03--model_scaling=0.001--w_scaling=1.0--same_signs=True/,0.001,0.0,1e-10,1.0
40.0,30.0,0.001,100000.0,9.79699793512978e-11,1.4027824401855469,complex,1000.0,0.0,-0.00085,1.0,0.1,data/diagonal/pretrain/seed=0--active_dim=40--c=1.0e-03--lmda=-0.0008500000--init_method=complex/model.pt,0.001,1024.0,64.0,1.0,no,0.0,1.0,data/diagonal/sparse_overlap/init_method=complex--seed=0--n_train2=64--active_dim_2=30--load_model=True--linear_readout=False--one_task=True--overlap_bool=no--lmda=-0.0008500000--c=1.0e-03--model_scaling=0.001--w_scaling=1.0--same_signs=True/,0.001,0.0,1e-10,1.0
40.0,30.0,0.001,100000.0,9.645287346593534e-11,1.2962467670440674,complex,1000.0,0.0,0.001,1.0,0.1,data/diagonal/pretrain/seed=0--active_dim=40--c=1.0e-03--lmda=0.0010000000--init_method=complex/model.pt,0.001,1024.0,64.0,1.0,no,0.0,1.0,data/diagonal/sparse_overlap/init_method=complex--seed=0--n_train2=64--active_dim_2=30--load_model=True--linear_readout=False--one_task=True--overlap_bool=no--lmda=0.0010000000--c=1.0e-03--model_scaling=0.001--w_scaling=1.0--same_signs=True/,0.001,0.0,1e-10,1.0
40.0,30.0,0.1,100000.0,8.948609908632219e-11,0.8641937375068665,complex,1000.0,0.0,-0.05,1.0,0.1,data/diagonal/pretrain/seed=0--active_dim=40--c=1.0e-01--lmda=-0.0500000000--init_method=complex/model.pt,0.001,1024.0,128.0,1.0,no,0.0,1.0,data/diagonal/sparse_overlap/init_method=complex--seed=0--n_train2=128--active_dim_2=30--load_model=True--linear_readout=False--one_task=True--overlap_bool=no--lmda=-0.0500000000--c=1.0e-01--model_scaling=0.001--w_scaling=1.0--same_signs=True/,0.001,0.0,1e-10,1.0
40.0,30.0,0.1,100000.0,9.381436599786852e-11,0.8623248338699341,complex,1000.0,0.0,-0.075,1.0,0.1,data/diagonal/pretrain/seed=0--active_dim=40--c=1.0e-01--lmda=-0.0750000000--init_method=complex/model.pt,0.001,1024.0,128.0,1.0,no,0.0,1.0,data/diagonal/sparse_overlap/init_method=complex--seed=0--n_train2=128--active_dim_2=30--load_model=True--linear_readout=False--one_task=True--overlap_bool=no--lmda=-0.0750000000--c=1.0e-01--model_scaling=0.001--w_scaling=1.0--same_signs=True/,0.001,0.0,1e-10,1.0
40.0,30.0,0.001,100000.0,9.925125998844207e-11,0.9758448004722596,complex,1000.0,0.0,-0.00075,1.0,0.1,data/diagonal/pretrain/seed=0--active_dim=40--c=1.0e-03--lmda=-0.0007500000--init_method=complex/model.pt,0.001,1024.0,128.0,1.0,no,0.0,1.0,data/diagonal/sparse_overlap/init_method=complex--seed=0--n_train2=128--active_dim_2=30--load_model=True--linear_readout=False--one_task=True--overlap_bool=no--lmda=-0.0007500000--c=1.0e-03--model_scaling=0.001--w_scaling=1.0--same_signs=True/,0.001,0.0,1e-10,1.0
40.0,30.0,0.1,100000.0,8.006185991948911e-11,0.8798381686210632,complex,1000.0,0.0,0.0,1.0,0.1,data/diagonal/pretrain/seed=0--active_dim=40--c=1.0e-01--lmda=0.0000000000--init_method=complex/model.pt,0.001,1024.0,128.0,1.0,no,0.0,1.0,data/diagonal/sparse_overlap/init_method=complex--seed=0--n_train2=128--active_dim_2=30--load_model=True--linear_readout=False--one_task=True--overlap_bool=no--lmda=0.0000000000--c=1.0e-01--model_scaling=0.001--w_scaling=1.0--same_signs=True/,0.001,0.0,1e-10,1.0
40.0,30.0,0.1,100000.0,6.242944355916434e-11,0.8695687651634216,complex,1000.0,0.0,0.09,1.0,0.1,data/diagonal/pretrain/seed=0--active_dim=40--c=1.0e-01--lmda=0.0900000000--init_method=complex/model.pt,0.001,1024.0,128.0,1.0,no,0.0,1.0,data/diagonal/sparse_overlap/init_method=complex--seed=0--n_train2=128--active_dim_2=30--load_model=True--linear_readout=False--one_task=True--overlap_bool=no--lmda=0.0900000000--c=1.0e-01--model_scaling=0.001--w_scaling=1.0--same_signs=True/,0.001,0.0,1e-10,1.0
40.0,30.0,0.1,100000.0,5.3842021119354655e-11,0.8694266676902771,complex,1000.0,0.0,0.1,1.0,0.1,data/diagonal/pretrain/seed=0--active_dim=40--c=1.0e-01--lmda=0.1000000000--init_method=complex/model.pt,0.001,1024.0,128.0,1.0,no,0.0,1.0,data/diagonal/sparse_overlap/init_method=complex--seed=0--n_train2=128--active_dim_2=30--load_model=True--linear_readout=False--one_task=True--overlap_bool=no--lmda=0.1000000000--c=1.0e-01--model_scaling=0.001--w_scaling=1.0--same_signs=True/,0.001,0.0,1e-10,1.0
40.0,30.0,0.001,100000.0,9.939404160830279e-11,0.9850006103515624,complex,1000.0,0.0,-0.00085,1.0,0.1,data/diagonal/pretrain/seed=0--active_dim=40--c=1.0e-03--lmda=-0.0008500000--init_method=complex/model.pt,0.001,1024.0,128.0,1.0,no,0.0,1.0,data/diagonal/sparse_overlap/init_method=complex--seed=0--n_train2=128--active_dim_2=30--load_model=True--linear_readout=False--one_task=True--overlap_bool=no--lmda=-0.0008500000--c=1.0e-03--model_scaling=0.001--w_scaling=1.0--same_signs=True/,0.001,0.0,1e-10,1.0
40.0,30.0,0.1,100000.0,1.000030058762036e-10,0.9524829983711244,complex,1000.0,0.0,-0.1,1.0,0.1,data/diagonal/pretrain/seed=0--active_dim=40--c=1.0e-01--lmda=-0.1000000000--init_method=complex/model.pt,0.001,1024.0,128.0,1.0,no,0.0,1.0,data/diagonal/sparse_overlap/init_method=complex--seed=0--n_train2=128--active_dim_2=30--load_model=True--linear_readout=False--one_task=True--overlap_bool=no--lmda=-0.1000000000--c=1.0e-01--model_scaling=0.001--w_scaling=1.0--same_signs=True/,0.001,0.0,1e-10,1.0
40.0,30.0,0.001,100000.0,9.893304231400888e-11,0.9127954840660096,complex,1000.0,0.0,0.0,1.0,0.1,data/diagonal/pretrain/seed=0--active_dim=40--c=1.0e-03--lmda=0.0000000000--init_method=complex/model.pt,0.001,1024.0,128.0,1.0,no,0.0,1.0,data/diagonal/sparse_overlap/init_method=complex--seed=0--n_train2=128--active_dim_2=30--load_model=True--linear_readout=False--one_task=True--overlap_bool=no--lmda=0.0000000000--c=1.0e-03--model_scaling=0.001--w_scaling=1.0--same_signs=True/,0.001,0.0,1e-10,1.0
40.0,30.0,0.001,100000.0,9.891995556010612e-11,0.963938295841217,complex,1000.0,0.0,-0.0005,1.0,0.1,data/diagonal/pretrain/seed=0--active_dim=40--c=1.0e-03--lmda=-0.0005000000--init_method=complex/model.pt,0.001,1024.0,128.0,1.0,no,0.0,1.0,data/diagonal/sparse_overlap/init_method=complex--seed=0--n_train2=128--active_dim_2=30--load_model=True--linear_readout=False--one_task=True--overlap_bool=no--lmda=-0.0005000000--c=1.0e-03--model_scaling=0.001--w_scaling=1.0--same_signs=True/,0.001,0.0,1e-10,1.0
40.0,40.0,0.001,100000.0,8.711215082612965e-11,1.3353838920593262,complex,1000.0,0.0,0.0,1.0,0.1,data/diagonal/pretrain/seed=0--active_dim=40--c=1.0e-03--lmda=0.0000000000--init_method=complex/model.pt,0.001,1024.0,16.0,1.0,no,0.0,1.0,data/diagonal/sparse_overlap/init_method=complex--seed=0--n_train2=16--active_dim_2=40--load_model=True--linear_readout=False--one_task=True--overlap_bool=no--lmda=0.0000000000--c=1.0e-03--model_scaling=0.001--w_scaling=1.0--same_signs=True/,0.001,0.0,1e-10,1.0
40.0,40.0,0.001,100000.0,8.308576049387284e-11,1.1531156301498413,complex,1000.0,0.0,0.0009,1.0,0.1,data/diagonal/pretrain/seed=0--active_dim=40--c=1.0e-03--lmda=0.0009000000--init_method=complex/model.pt,0.001,1024.0,16.0,1.0,no,0.0,1.0,data/diagonal/sparse_overlap/init_method=complex--seed=0--n_train2=16--active_dim_2=40--load_model=True--linear_readout=False--one_task=True--overlap_bool=no--lmda=0.0009000000--c=1.0e-03--model_scaling=0.001--w_scaling=1.0--same_signs=True/,0.001,0.0,1e-10,1.0
40.0,40.0,0.001,100000.0,9.199377370983086e-11,1.260800838470459,complex,1000.0,0.0,-0.0005,1.0,0.1,data/diagonal/pretrain/seed=0--active_dim=40--c=1.0e-03--lmda=-0.0005000000--init_method=complex/model.pt,0.001,1024.0,16.0,1.0,no,0.0,1.0,data/diagonal/sparse_overlap/init_method=complex--seed=0--n_train2=16--active_dim_2=40--load_model=True--linear_readout=False--one_task=True--overlap_bool=no--lmda=-0.0005000000--c=1.0e-03--model_scaling=0.001--w_scaling=1.0--same_signs=True/,0.001,0.0,1e-10,1.0
40.0,40.0,0.001,100000.0,9.163349246055219e-11,1.3139636516571045,complex,1000.0,0.0,-0.00085,1.0,0.1,data/diagonal/pretrain/seed=0--active_dim=40--c=1.0e-03--lmda=-0.0008500000--init_method=complex/model.pt,0.001,1024.0,16.0,1.0,no,0.0,1.0,data/diagonal/sparse_overlap/init_method=complex--seed=0--n_train2=16--active_dim_2=40--load_model=True--linear_readout=False--one_task=True--overlap_bool=no--lmda=-0.0008500000--c=1.0e-03--model_scaling=0.001--w_scaling=1.0--same_signs=True/,0.001,0.0,1e-10,1.0
40.0,40.0,0.1,100000.0,9.476784634809832e-11,1.353002429008484,complex,1000.0,0.0,-0.1,1.0,0.1,data/diagonal/pretrain/seed=0--active_dim=40--c=1.0e-01--lmda=-0.1000000000--init_method=complex/model.pt,0.001,1024.0,16.0,1.0,no,0.0,1.0,data/diagonal/sparse_overlap/init_method=complex--seed=0--n_train2=16--active_dim_2=40--load_model=True--linear_readout=False--one_task=True--overlap_bool=no--lmda=-0.1000000000--c=1.0e-01--model_scaling=0.001--w_scaling=1.0--same_signs=True/,0.001,0.0,1e-10,1.0
40.0,40.0,0.001,100000.0,9.154903224395383e-11,1.2966715097427368,complex,1000.0,0.0,-0.00075,1.0,0.1,data/diagonal/pretrain/seed=0--active_dim=40--c=1.0e-03--lmda=-0.0007500000--init_method=complex/model.pt,0.001,1024.0,16.0,1.0,no,0.0,1.0,data/diagonal/sparse_overlap/init_method=complex--seed=0--n_train2=16--active_dim_2=40--load_model=True--linear_readout=False--one_task=True--overlap_bool=no--lmda=-0.0007500000--c=1.0e-03--model_scaling=0.001--w_scaling=1.0--same_signs=True/,0.001,0.0,1e-10,1.0
40.0,40.0,1e-05,100000.0,8.980201304797929e-11,1.340705633163452,complex,1000.0,0.0,9e-06,1.0,0.1,data/diagonal/pretrain/seed=0--active_dim=40--c=1.0e-05--lmda=0.0000090000--init_method=complex/model.pt,0.001,1024.0,16.0,1.0,no,0.0,1.0,data/diagonal/sparse_overlap/init_method=complex--seed=0--n_train2=16--active_dim_2=40--load_model=True--linear_readout=False--one_task=True--overlap_bool=no--lmda=0.0000090000--c=1.0e-05--model_scaling=0.001--w_scaling=1.0--same_signs=True/,0.001,0.0,1e-10,1.0
40.0,30.0,0.001,100000.0,9.983919940781404e-11,0.1129451692104339,complex,1000.0,0.0,-0.00075,1.0,0.1,data/diagonal/pretrain/seed=0--active_dim=40--c=1.0e-03--lmda=-0.0007500000--init_method=complex/model.pt,0.001,1024.0,256.0,1.0,no,0.0,1.0,data/diagonal/sparse_overlap/init_method=complex--seed=0--n_train2=256--active_dim_2=30--load_model=True--linear_readout=False--one_task=True--overlap_bool=no--lmda=-0.0007500000--c=1.0e-03--model_scaling=0.001--w_scaling=1.0--same_signs=True/,0.001,0.0,1e-10,1.0
40.0,30.0,1e-05,100000.0,9.994689104120268e-11,0.0078717097640037,complex,1000.0,0.0,-8.5e-06,1.0,0.1,data/diagonal/pretrain/seed=0--active_dim=40--c=1.0e-05--lmda=-0.0000085000--init_method=complex/model.pt,0.001,1024.0,256.0,1.0,no,0.0,1.0,data/diagonal/sparse_overlap/init_method=complex--seed=0--n_train2=256--active_dim_2=30--load_model=True--linear_readout=False--one_task=True--overlap_bool=no--lmda=-0.0000085000--c=1.0e-05--model_scaling=0.001--w_scaling=1.0--same_signs=True/,0.001,0.0,1e-10,1.0
40.0,30.0,0.1,100000.0,8.642125209901153e-11,0.7340369820594788,complex,1000.0,0.0,0.1,1.0,0.1,data/diagonal/pretrain/seed=0--active_dim=40--c=1.0e-01--lmda=0.1000000000--init_method=complex/model.pt,0.001,1024.0,256.0,1.0,no,0.0,1.0,data/diagonal/sparse_overlap/init_method=complex--seed=0--n_train2=256--active_dim_2=30--load_model=True--linear_readout=False--one_task=True--overlap_bool=no--lmda=0.1000000000--c=1.0e-01--model_scaling=0.001--w_scaling=1.0--same_signs=True/,0.001,0.0,1e-10,1.0
40.0,30.0,0.1,100000.0,9.379147458687952e-11,0.7192263603210449,complex,1000.0,0.0,0.0,1.0,0.1,data/diagonal/pretrain/seed=0--active_dim=40--c=1.0e-01--lmda=0.0000000000--init_method=complex/model.pt,0.001,1024.0,256.0,1.0,no,0.0,1.0,data/diagonal/sparse_overlap/init_method=complex--seed=0--n_train2=256--active_dim_2=30--load_model=True--linear_readout=False--one_task=True--overlap_bool=no--lmda=0.0000000000--c=1.0e-01--model_scaling=0.001--w_scaling=1.0--same_signs=True/,0.001,0.0,1e-10,1.0
40.0,30.0,0.1,100000.0,2.818182076591569e-10,0.0037438727449625,complex,1000.0,0.0,-0.1,1.0,0.1,data/diagonal/pretrain/seed=0--active_dim=40--c=1.0e-01--lmda=-0.1000000000--init_method=complex/model.pt,0.001,1024.0,256.0,1.0,no,0.0,1.0,data/diagonal/sparse_overlap/init_method=complex--seed=0--n_train2=256--active_dim_2=30--load_model=True--linear_readout=False--one_task=True--overlap_bool=no--lmda=-0.1000000000--c=1.0e-01--model_scaling=0.001--w_scaling=1.0--same_signs=True/,0.001,0.0,1e-10,1.0
40.0,30.0,0.1,100000.0,8.980061833030462e-11,0.7332431077957153,complex,1000.0,0.0,0.09,1.0,0.1,data/diagonal/pretrain/seed=0--active_dim=40--c=1.0e-01--lmda=0.0900000000--init_method=complex/model.pt,0.001,1024.0,256.0,1.0,no,0.0,1.0,data/diagonal/sparse_overlap/init_method=complex--seed=0--n_train2=256--active_dim_2=30--load_model=True--linear_readout=False--one_task=True--overlap_bool=no--lmda=0.0900000000--c=1.0e-01--model_scaling=0.001--w_scaling=1.0--same_signs=True/,0.001,0.0,1e-10,1.0
40.0,30.0,0.1,100000.0,9.862776567670648e-11,0.4941727519035339,complex,1000.0,0.0,-0.085,1.0,0.1,data/diagonal/pretrain/seed=0--active_dim=40--c=1.0e-01--lmda=-0.0850000000--init_method=complex/model.pt,0.001,1024.0,256.0,1.0,no,0.0,1.0,data/diagonal/sparse_overlap/init_method=complex--seed=0--n_train2=256--active_dim_2=30--load_model=True--linear_readout=False--one_task=True--overlap_bool=no--lmda=-0.0850000000--c=1.0e-01--model_scaling=0.001--w_scaling=1.0--same_signs=True/,0.001,0.0,1e-10,1.0
40.0,30.0,0.1,100000.0,9.7783663111084e-11,0.5699887275695801,complex,1000.0,0.0,-0.075,1.0,0.1,data/diagonal/pretrain/seed=0--active_dim=40--c=1.0e-01--lmda=-0.0750000000--init_method=complex/model.pt,0.001,1024.0,256.0,1.0,no,0.0,1.0,data/diagonal/sparse_overlap/init_method=complex--seed=0--n_train2=256--active_dim_2=30--load_model=True--linear_readout=False--one_task=True--overlap_bool=no--lmda=-0.0750000000--c=1.0e-01--model_scaling=0.001--w_scaling=1.0--same_signs=True/,0.001,0.0,1e-10,1.0
40.0,30.0,0.1,100000.0,9.523571514735707e-11,0.7084779739379883,complex,1000.0,0.0,-0.05,1.0,0.1,data/diagonal/pretrain/seed=0--active_dim=40--c=1.0e-01--lmda=-0.0500000000--init_method=complex/model.pt,0.001,1024.0,256.0,1.0,no,0.0,1.0,data/diagonal/sparse_overlap/init_method=complex--seed=0--n_train2=256--active_dim_2=30--load_model=True--linear_readout=False--one_task=True--overlap_bool=no--lmda=-0.0500000000--c=1.0e-01--model_scaling=0.001--w_scaling=1.0--same_signs=True/,0.001,0.0,1e-10,1.0
40.0,40.0,1e-05,100000.0,9.459415195589571e-11,1.3402060270309448,complex,1000.0,0.0,1e-05,1.0,0.1,data/diagonal/pretrain/seed=0--active_dim=40--c=1.0e-05--lmda=0.0000100000--init_method=complex/model.pt,0.001,1024.0,16.0,1.0,no,0.0,1.0,data/diagonal/sparse_overlap/init_method=complex--seed=0--n_train2=16--active_dim_2=40--load_model=True--linear_readout=False--one_task=True--overlap_bool=no--lmda=0.0000100000--c=1.0e-05--model_scaling=0.001--w_scaling=1.0--same_signs=True/,0.001,0.0,1e-10,1.0
40.0,40.0,1e-05,100000.0,9.116121746366446e-11,1.3504432439804075,complex,1000.0,0.0,-1e-05,1.0,0.1,data/diagonal/pretrain/seed=0--active_dim=40--c=1.0e-05--lmda=-0.0000100000--init_method=complex/model.pt,0.001,1024.0,16.0,1.0,no,0.0,1.0,data/diagonal/sparse_overlap/init_method=complex--seed=0--n_train2=16--active_dim_2=40--load_model=True--linear_readout=False--one_task=True--overlap_bool=no--lmda=-0.0000100000--c=1.0e-05--model_scaling=0.001--w_scaling=1.0--same_signs=True/,0.001,0.0,1e-10,1.0
40.0,40.0,0.001,100000.0,8.78492140143905e-11,1.1177263259887695,complex,1000.0,0.0,0.001,1.0,0.1,data/diagonal/pretrain/seed=0--active_dim=40--c=1.0e-03--lmda=0.0010000000--init_method=complex/model.pt,0.001,1024.0,16.0,1.0,no,0.0,1.0,data/diagonal/sparse_overlap/init_method=complex--seed=0--n_train2=16--active_dim_2=40--load_model=True--linear_readout=False--one_task=True--overlap_bool=no--lmda=0.0010000000--c=1.0e-03--model_scaling=0.001--w_scaling=1.0--same_signs=True/,0.001,0.0,1e-10,1.0
40.0,40.0,0.001,100000.0,9.473653805880387e-11,1.2620518207550049,complex,1000.0,0.0,-0.001,1.0,0.1,data/diagonal/pretrain/seed=0--active_dim=40--c=1.0e-03--lmda=-0.0010000000--init_method=complex/model.pt,0.001,1024.0,16.0,1.0,no,0.0,1.0,data/diagonal/sparse_overlap/init_method=complex--seed=0--n_train2=16--active_dim_2=40--load_model=True--linear_readout=False--one_task=True--overlap_bool=no--lmda=-0.0010000000--c=1.0e-03--model_scaling=0.001--w_scaling=1.0--same_signs=True/,0.001,0.0,1e-10,1.0
40.0,40.0,1e-05,100000.0,9.267760170406092e-11,1.349644660949707,complex,1000.0,0.0,-8.5e-06,1.0,0.1,data/diagonal/pretrain/seed=0--active_dim=40--c=1.0e-05--lmda=-0.0000085000--init_method=complex/model.pt,0.001,1024.0,16.0,1.0,no,0.0,1.0,data/diagonal/sparse_overlap/init_method=complex--seed=0--n_train2=16--active_dim_2=40--load_model=True--linear_readout=False--one_task=True--overlap_bool=no--lmda=-0.0000085000--c=1.0e-05--model_scaling=0.001--w_scaling=1.0--same_signs=True/,0.001,0.0,1e-10,1.0
40.0,40.0,1e-05,100000.0,9.79278949597706e-11,1.9052232503890991,complex,1000.0,0.0,-7.5e-06,1.0,0.1,data/diagonal/pretrain/seed=0--active_dim=40--c=1.0e-05--lmda=-0.0000075000--init_method=complex/model.pt,0.001,1024.0,32.0,1.0,no,0.0,1.0,data/diagonal/sparse_overlap/init_method=complex--seed=0--n_train2=32--active_dim_2=40--load_model=True--linear_readout=False--one_task=True--overlap_bool=no--lmda=-0.0000075000--c=1.0e-05--model_scaling=0.001--w_scaling=1.0--same_signs=True/,0.001,0.0,1e-10,1.0
40.0,40.0,1e-05,100000.0,9.741383394379356e-11,1.7212122678756714,complex,1000.0,0.0,1e-05,1.0,0.1,data/diagonal/pretrain/seed=0--active_dim=40--c=1.0e-05--lmda=0.0000100000--init_method=complex/model.pt,0.001,1024.0,32.0,1.0,no,0.0,1.0,data/diagonal/sparse_overlap/init_method=complex--seed=0--n_train2=32--active_dim_2=40--load_model=True--linear_readout=False--one_task=True--overlap_bool=no--lmda=0.0000100000--c=1.0e-05--model_scaling=0.001--w_scaling=1.0--same_signs=True/,0.001,0.0,1e-10,1.0
40.0,40.0,1e-05,100000.0,9.910363502063646e-11,1.977193713188172,complex,1000.0,0.0,-1e-05,1.0,0.1,data/diagonal/pretrain/seed=0--active_dim=40--c=1.0e-05--lmda=-0.0000100000--init_method=complex/model.pt,0.001,1024.0,32.0,1.0,no,0.0,1.0,data/diagonal/sparse_overlap/init_method=complex--seed=0--n_train2=32--active_dim_2=40--load_model=True--linear_readout=False--one_task=True--overlap_bool=no--lmda=-0.0000100000--c=1.0e-05--model_scaling=0.001--w_scaling=1.0--same_signs=True/,0.001,0.0,1e-10,1.0
40.0,40.0,1e-05,100000.0,9.785296878339622e-11,1.727877140045166,complex,1000.0,0.0,9e-06,1.0,0.1,data/diagonal/pretrain/seed=0--active_dim=40--c=1.0e-05--lmda=0.0000090000--init_method=complex/model.pt,0.001,1024.0,32.0,1.0,no,0.0,1.0,data/diagonal/sparse_overlap/init_method=complex--seed=0--n_train2=32--active_dim_2=40--load_model=True--linear_readout=False--one_task=True--overlap_bool=no--lmda=0.0000090000--c=1.0e-05--model_scaling=0.001--w_scaling=1.0--same_signs=True/,0.001,0.0,1e-10,1.0
40.0,40.0,1e-05,100000.0,9.855786325951854e-11,1.8591095209121704,complex,1000.0,0.0,-5e-06,1.0,0.1,data/diagonal/pretrain/seed=0--active_dim=40--c=1.0e-05--lmda=-0.0000050000--init_method=complex/model.pt,0.001,1024.0,32.0,1.0,no,0.0,1.0,data/diagonal/sparse_overlap/init_method=complex--seed=0--n_train2=32--active_dim_2=40--load_model=True--linear_readout=False--one_task=True--overlap_bool=no--lmda=-0.0000050000--c=1.0e-05--model_scaling=0.001--w_scaling=1.0--same_signs=True/,0.001,0.0,1e-10,1.0
40.0,40.0,1e-05,100000.0,9.831178926500428e-11,1.7965916395187378,complex,1000.0,0.0,0.0,1.0,0.1,data/diagonal/pretrain/seed=0--active_dim=40--c=1.0e-05--lmda=0.0000000000--init_method=complex/model.pt,0.001,1024.0,32.0,1.0,no,0.0,1.0,data/diagonal/sparse_overlap/init_method=complex--seed=0--n_train2=32--active_dim_2=40--load_model=True--linear_readout=False--one_task=True--overlap_bool=no--lmda=0.0000000000--c=1.0e-05--model_scaling=0.001--w_scaling=1.0--same_signs=True/,0.001,0.0,1e-10,1.0
40.0,40.0,1e-05,100000.0,9.224143671104912e-11,1.3478047847747805,complex,1000.0,0.0,-5e-06,1.0,0.1,data/diagonal/pretrain/seed=0--active_dim=40--c=1.0e-05--lmda=-0.0000050000--init_method=complex/model.pt,0.001,1024.0,16.0,1.0,no,0.0,1.0,data/diagonal/sparse_overlap/init_method=complex--seed=0--n_train2=16--active_dim_2=40--load_model=True--linear_readout=False--one_task=True--overlap_bool=no--lmda=-0.0000050000--c=1.0e-05--model_scaling=0.001--w_scaling=1.0--same_signs=True/,0.001,0.0,1e-10,1.0
40.0,40.0,1e-05,100000.0,9.123531097277038e-11,1.3491175174713137,complex,1000.0,0.0,-7.5e-06,1.0,0.1,data/diagonal/pretrain/seed=0--active_dim=40--c=1.0e-05--lmda=-0.0000075000--init_method=complex/model.pt,0.001,1024.0,16.0,1.0,no,0.0,1.0,data/diagonal/sparse_overlap/init_method=complex--seed=0--n_train2=16--active_dim_2=40--load_model=True--linear_readout=False--one_task=True--overlap_bool=no--lmda=-0.0000075000--c=1.0e-05--model_scaling=0.001--w_scaling=1.0--same_signs=True/,0.001,0.0,1e-10,1.0
40.0,40.0,1e-05,100000.0,9.33738919517424e-11,1.345211386680603,complex,1000.0,0.0,0.0,1.0,0.1,data/diagonal/pretrain/seed=0--active_dim=40--c=1.0e-05--lmda=0.0000000000--init_method=complex/model.pt,0.001,1024.0,16.0,1.0,no,0.0,1.0,data/diagonal/sparse_overlap/init_method=complex--seed=0--n_train2=16--active_dim_2=40--load_model=True--linear_readout=False--one_task=True--overlap_bool=no--lmda=0.0000000000--c=1.0e-05--model_scaling=0.001--w_scaling=1.0--same_signs=True/,0.001,0.0,1e-10,1.0
40.0,40.0,0.001,100000.0,9.5581896564223e-11,1.2075599431991575,complex,1000.0,0.0,0.001,1.0,0.1,data/diagonal/pretrain/seed=0--active_dim=40--c=1.0e-03--lmda=0.0010000000--init_method=complex/model.pt,0.001,1024.0,64.0,1.0,no,0.0,1.0,data/diagonal/sparse_overlap/init_method=complex--seed=0--n_train2=64--active_dim_2=40--load_model=True--linear_readout=False--one_task=True--overlap_bool=no--lmda=0.0010000000--c=1.0e-03--model_scaling=0.001--w_scaling=1.0--same_signs=True/,0.001,0.0,1e-10,1.0
40.0,40.0,1e-05,100000.0,9.92677884337212e-11,1.6001211404800415,complex,1000.0,0.0,-8.5e-06,1.0,0.1,data/diagonal/pretrain/seed=0--active_dim=40--c=1.0e-05--lmda=-0.0000085000--init_method=complex/model.pt,0.001,1024.0,64.0,1.0,no,0.0,1.0,data/diagonal/sparse_overlap/init_method=complex--seed=0--n_train2=64--active_dim_2=40--load_model=True--linear_readout=False--one_task=True--overlap_bool=no--lmda=-0.0000085000--c=1.0e-05--model_scaling=0.001--w_scaling=1.0--same_signs=True/,0.001,0.0,1e-10,1.0
40.0,40.0,0.001,100000.0,9.911727688605152e-11,1.778984546661377,complex,1000.0,0.0,-0.001,1.0,0.1,data/diagonal/pretrain/seed=0--active_dim=40--c=1.0e-03--lmda=-0.0010000000--init_method=complex/model.pt,0.001,1024.0,64.0,1.0,no,0.0,1.0,data/diagonal/sparse_overlap/init_method=complex--seed=0--n_train2=64--active_dim_2=40--load_model=True--linear_readout=False--one_task=True--overlap_bool=no--lmda=-0.0010000000--c=1.0e-03--model_scaling=0.001--w_scaling=1.0--same_signs=True/,0.001,0.0,1e-10,1.0
40.0,40.0,0.001,100000.0,9.083246654828514e-11,1.4651389122009275,complex,1000.0,0.0,0.0,1.0,0.1,data/diagonal/pretrain/seed=0--active_dim=40--c=1.0e-03--lmda=0.0000000000--init_method=complex/model.pt,0.001,1024.0,32.0,1.0,no,0.0,1.0,data/diagonal/sparse_overlap/init_method=complex--seed=0--n_train2=32--active_dim_2=40--load_model=True--linear_readout=False--one_task=True--overlap_bool=no--lmda=0.0000000000--c=1.0e-03--model_scaling=0.001--w_scaling=1.0--same_signs=True/,0.001,0.0,1e-10,1.0
40.0,40.0,0.001,100000.0,9.776852938347956e-11,1.5603841543197632,complex,1000.0,0.0,-0.00075,1.0,0.1,data/diagonal/pretrain/seed=0--active_dim=40--c=1.0e-03--lmda=-0.0007500000--init_method=complex/model.pt,0.001,1024.0,32.0,1.0,no,0.0,1.0,data/diagonal/sparse_overlap/init_method=complex--seed=0--n_train2=32--active_dim_2=40--load_model=True--linear_readout=False--one_task=True--overlap_bool=no--lmda=-0.0007500000--c=1.0e-03--model_scaling=0.001--w_scaling=1.0--same_signs=True/,0.001,0.0,1e-10,1.0
40.0,40.0,0.001,100000.0,9.351467517015875e-11,1.2459222078323364,complex,1000.0,0.0,0.0009,1.0,0.1,data/diagonal/pretrain/seed=0--active_dim=40--c=1.0e-03--lmda=0.0009000000--init_method=complex/model.pt,0.001,1024.0,32.0,1.0,no,0.0,1.0,data/diagonal/sparse_overlap/init_method=complex--seed=0--n_train2=32--active_dim_2=40--load_model=True--linear_readout=False--one_task=True--overlap_bool=no--lmda=0.0009000000--c=1.0e-03--model_scaling=0.001--w_scaling=1.0--same_signs=True/,0.001,0.0,1e-10,1.0
40.0,40.0,0.1,100000.0,9.843799386732852e-11,1.7123252153396606,complex,1000.0,0.0,-0.1,1.0,0.1,data/diagonal/pretrain/seed=0--active_dim=40--c=1.0e-01--lmda=-0.1000000000--init_method=complex/model.pt,0.001,1024.0,32.0,1.0,no,0.0,1.0,data/diagonal/sparse_overlap/init_method=complex--seed=0--n_train2=32--active_dim_2=40--load_model=True--linear_readout=False--one_task=True--overlap_bool=no--lmda=-0.1000000000--c=1.0e-01--model_scaling=0.001--w_scaling=1.0--same_signs=True/,0.001,0.0,1e-10,1.0
40.0,40.0,1e-05,100000.0,9.835658676404788e-11,1.9297949075698853,complex,1000.0,0.0,-8.5e-06,1.0,0.1,data/diagonal/pretrain/seed=0--active_dim=40--c=1.0e-05--lmda=-0.0000085000--init_method=complex/model.pt,0.001,1024.0,32.0,1.0,no,0.0,1.0,data/diagonal/sparse_overlap/init_method=complex--seed=0--n_train2=32--active_dim_2=40--load_model=True--linear_readout=False--one_task=True--overlap_bool=no--lmda=-0.0000085000--c=1.0e-05--model_scaling=0.001--w_scaling=1.0--same_signs=True/,0.001,0.0,1e-10,1.0
40.0,40.0,0.001,100000.0,9.232533487724126e-11,1.2755119800567627,complex,1000.0,0.0,0.001,1.0,0.1,data/diagonal/pretrain/seed=0--active_dim=40--c=1.0e-03--lmda=0.0010000000--init_method=complex/model.pt,0.001,1024.0,32.0,1.0,no,0.0,1.0,data/diagonal/sparse_overlap/init_method=complex--seed=0--n_train2=32--active_dim_2=40--load_model=True--linear_readout=False--one_task=True--overlap_bool=no--lmda=0.0010000000--c=1.0e-03--model_scaling=0.001--w_scaling=1.0--same_signs=True/,0.001,0.0,1e-10,1.0
40.0,40.0,0.001,100000.0,9.88690865288966e-11,2.0543811321258545,complex,1000.0,0.0,-0.001,1.0,0.1,data/diagonal/pretrain/seed=0--active_dim=40--c=1.0e-03--lmda=-0.0010000000--init_method=complex/model.pt,0.001,1024.0,32.0,1.0,no,0.0,1.0,data/diagonal/sparse_overlap/init_method=complex--seed=0--n_train2=32--active_dim_2=40--load_model=True--linear_readout=False--one_task=True--overlap_bool=no--lmda=-0.0010000000--c=1.0e-03--model_scaling=0.001--w_scaling=1.0--same_signs=True/,0.001,0.0,1e-10,1.0
40.0,40.0,0.001,100000.0,9.495649405666383e-11,1.4545962810516355,complex,1000.0,0.0,-0.0005,1.0,0.1,data/diagonal/pretrain/seed=0--active_dim=40--c=1.0e-03--lmda=-0.0005000000--init_method=complex/model.pt,0.001,1024.0,32.0,1.0,no,0.0,1.0,data/diagonal/sparse_overlap/init_method=complex--seed=0--n_train2=32--active_dim_2=40--load_model=True--linear_readout=False--one_task=True--overlap_bool=no--lmda=-0.0005000000--c=1.0e-03--model_scaling=0.001--w_scaling=1.0--same_signs=True/,0.001,0.0,1e-10,1.0
40.0,40.0,0.001,100000.0,9.742941176060782e-11,1.632018804550171,complex,1000.0,0.0,-0.00085,1.0,0.1,data/diagonal/pretrain/seed=0--active_dim=40--c=1.0e-03--lmda=-0.0008500000--init_method=complex/model.pt,0.001,1024.0,32.0,1.0,no,0.0,1.0,data/diagonal/sparse_overlap/init_method=complex--seed=0--n_train2=32--active_dim_2=40--load_model=True--linear_readout=False--one_task=True--overlap_bool=no--lmda=-0.0008500000--c=1.0e-03--model_scaling=0.001--w_scaling=1.0--same_signs=True/,0.001,0.0,1e-10,1.0
40.0,40.0,1e-05,100000.0,9.903983189119003e-11,1.5761446952819824,complex,1000.0,0.0,-7.5e-06,1.0,0.1,data/diagonal/pretrain/seed=0--active_dim=40--c=1.0e-05--lmda=-0.0000075000--init_method=complex/model.pt,0.001,1024.0,64.0,1.0,no,0.0,1.0,data/diagonal/sparse_overlap/init_method=complex--seed=0--n_train2=64--active_dim_2=40--load_model=True--linear_readout=False--one_task=True--overlap_bool=no--lmda=-0.0000075000--c=1.0e-05--model_scaling=0.001--w_scaling=1.0--same_signs=True/,0.001,0.0,1e-10,1.0
40.0,40.0,0.1,100000.0,3.083967109462904e-11,0.9649156332015992,complex,1000.0,0.0,0.1,1.0,0.1,data/diagonal/pretrain/seed=0--active_dim=40--c=1.0e-01--lmda=0.1000000000--init_method=complex/model.pt,0.001,1024.0,64.0,1.0,no,0.0,1.0,data/diagonal/sparse_overlap/init_method=complex--seed=0--n_train2=64--active_dim_2=40--load_model=True--linear_readout=False--one_task=True--overlap_bool=no--lmda=0.1000000000--c=1.0e-01--model_scaling=0.001--w_scaling=1.0--same_signs=True/,0.001,0.0,1e-10,1.0
40.0,40.0,0.001,100000.0,9.848403342838096e-11,1.335059642791748,complex,1000.0,0.0,-0.00085,1.0,0.1,data/diagonal/pretrain/seed=0--active_dim=40--c=1.0e-03--lmda=-0.0008500000--init_method=complex/model.pt,0.001,1024.0,64.0,1.0,no,0.0,1.0,data/diagonal/sparse_overlap/init_method=complex--seed=0--n_train2=64--active_dim_2=40--load_model=True--linear_readout=False--one_task=True--overlap_bool=no--lmda=-0.0008500000--c=1.0e-03--model_scaling=0.001--w_scaling=1.0--same_signs=True/,0.001,0.0,1e-10,1.0
40.0,40.0,0.1,100000.0,9.972357661869323e-11,1.442493200302124,complex,1000.0,0.0,-0.1,1.0,0.1,data/diagonal/pretrain/seed=0--active_dim=40--c=1.0e-01--lmda=-0.1000000000--init_method=complex/model.pt,0.001,1024.0,64.0,1.0,no,0.0,1.0,data/diagonal/sparse_overlap/init_method=complex--seed=0--n_train2=64--active_dim_2=40--load_model=True--linear_readout=False--one_task=True--overlap_bool=no--lmda=-0.1000000000--c=1.0e-01--model_scaling=0.001--w_scaling=1.0--same_signs=True/,0.001,0.0,1e-10,1.0
40.0,40.0,0.1,100000.0,6.771509741820836e-11,0.9386382699012756,complex,1000.0,0.0,-0.05,1.0,0.1,data/diagonal/pretrain/seed=0--active_dim=40--c=1.0e-01--lmda=-0.0500000000--init_method=complex/model.pt,0.001,1024.0,64.0,1.0,no,0.0,1.0,data/diagonal/sparse_overlap/init_method=complex--seed=0--n_train2=64--active_dim_2=40--load_model=True--linear_readout=False--one_task=True--overlap_bool=no--lmda=-0.0500000000--c=1.0e-01--model_scaling=0.001--w_scaling=1.0--same_signs=True/,0.001,0.0,1e-10,1.0
40.0,40.0,0.1,100000.0,8.138840990046248e-11,0.9757858514785768,complex,1000.0,0.0,-0.075,1.0,0.1,data/diagonal/pretrain/seed=0--active_dim=40--c=1.0e-01--lmda=-0.0750000000--init_method=complex/model.pt,0.001,1024.0,64.0,1.0,no,0.0,1.0,data/diagonal/sparse_overlap/init_method=complex--seed=0--n_train2=64--active_dim_2=40--load_model=True--linear_readout=False--one_task=True--overlap_bool=no--lmda=-0.0750000000--c=1.0e-01--model_scaling=0.001--w_scaling=1.0--same_signs=True/,0.001,0.0,1e-10,1.0
40.0,40.0,0.1,100000.0,1.895718998445872e-11,0.9649737477302552,complex,1000.0,0.0,0.09,1.0,0.1,data/diagonal/pretrain/seed=0--active_dim=40--c=1.0e-01--lmda=0.0900000000--init_method=complex/model.pt,0.001,1024.0,64.0,1.0,no,0.0,1.0,data/diagonal/sparse_overlap/init_method=complex--seed=0--n_train2=64--active_dim_2=40--load_model=True--linear_readout=False--one_task=True--overlap_bool=no--lmda=0.0900000000--c=1.0e-01--model_scaling=0.001--w_scaling=1.0--same_signs=True/,0.001,0.0,1e-10,1.0
40.0,40.0,0.1,100000.0,5.1544022522387316e-11,0.9484828114509584,complex,1000.0,0.0,0.0,1.0,0.1,data/diagonal/pretrain/seed=0--active_dim=40--c=1.0e-01--lmda=0.0000000000--init_method=complex/model.pt,0.001,1024.0,64.0,1.0,no,0.0,1.0,data/diagonal/sparse_overlap/init_method=complex--seed=0--n_train2=64--active_dim_2=40--load_model=True--linear_readout=False--one_task=True--overlap_bool=no--lmda=0.0000000000--c=1.0e-01--model_scaling=0.001--w_scaling=1.0--same_signs=True/,0.001,0.0,1e-10,1.0
40.0,40.0,1e-05,100000.0,9.86593862162266e-11,1.500349760055542,complex,1000.0,0.0,0.0,1.0,0.1,data/diagonal/pretrain/seed=0--active_dim=40--c=1.0e-05--lmda=0.0000000000--init_method=complex/model.pt,0.001,1024.0,64.0,1.0,no,0.0,1.0,data/diagonal/sparse_overlap/init_method=complex--seed=0--n_train2=64--active_dim_2=40--load_model=True--linear_readout=False--one_task=True--overlap_bool=no--lmda=0.0000000000--c=1.0e-05--model_scaling=0.001--w_scaling=1.0--same_signs=True/,0.001,0.0,1e-10,1.0
40.0,40.0,1e-05,100000.0,9.911106657600752e-11,1.5397237539291382,complex,1000.0,0.0,-5e-06,1.0,0.1,data/diagonal/pretrain/seed=0--active_dim=40--c=1.0e-05--lmda=-0.0000050000--init_method=complex/model.pt,0.001,1024.0,64.0,1.0,no,0.0,1.0,data/diagonal/sparse_overlap/init_method=complex--seed=0--n_train2=64--active_dim_2=40--load_model=True--linear_readout=False--one_task=True--overlap_bool=no--lmda=-0.0000050000--c=1.0e-05--model_scaling=0.001--w_scaling=1.0--same_signs=True/,0.001,0.0,1e-10,1.0
40.0,40.0,0.1,100000.0,7.877744290230027e-11,0.8980157971382141,complex,1000.0,0.0,0.0,1.0,0.1,data/diagonal/pretrain/seed=0--active_dim=40--c=1.0e-01--lmda=0.0000000000--init_method=complex/model.pt,0.001,1024.0,128.0,1.0,no,0.0,1.0,data/diagonal/sparse_overlap/init_method=complex--seed=0--n_train2=128--active_dim_2=40--load_model=True--linear_readout=False--one_task=True--overlap_bool=no--lmda=0.0000000000--c=1.0e-01--model_scaling=0.001--w_scaling=1.0--same_signs=True/,0.001,0.0,1e-10,1.0
40.0,40.0,0.1,100000.0,6.675991010007819e-11,0.8735183477401733,complex,1000.0,0.0,0.09,1.0,0.1,data/diagonal/pretrain/seed=0--active_dim=40--c=1.0e-01--lmda=0.0900000000--init_method=complex/model.pt,0.001,1024.0,128.0,1.0,no,0.0,1.0,data/diagonal/sparse_overlap/init_method=complex--seed=0--n_train2=128--active_dim_2=40--load_model=True--linear_readout=False--one_task=True--overlap_bool=no--lmda=0.0900000000--c=1.0e-01--model_scaling=0.001--w_scaling=1.0--same_signs=True/,0.001,0.0,1e-10,1.0
40.0,40.0,0.001,100000.0,9.913778131753759e-11,1.09910786151886,complex,1000.0,0.0,-0.00075,1.0,0.1,data/diagonal/pretrain/seed=0--active_dim=40--c=1.0e-03--lmda=-0.0007500000--init_method=complex/model.pt,0.001,1024.0,128.0,1.0,no,0.0,1.0,data/diagonal/sparse_overlap/init_method=complex--seed=0--n_train2=128--active_dim_2=40--load_model=True--linear_readout=False--one_task=True--overlap_bool=no--lmda=-0.0007500000--c=1.0e-03--model_scaling=0.001--w_scaling=1.0--same_signs=True/,0.001,0.0,1e-10,1.0
40.0,40.0,0.001,100000.0,9.913736498390335e-11,1.1180328130722046,complex,1000.0,0.0,-0.00085,1.0,0.1,data/diagonal/pretrain/seed=0--active_dim=40--c=1.0e-03--lmda=-0.0008500000--init_method=complex/model.pt,0.001,1024.0,128.0,1.0,no,0.0,1.0,data/diagonal/sparse_overlap/init_method=complex--seed=0--n_train2=128--active_dim_2=40--load_model=True--linear_readout=False--one_task=True--overlap_bool=no--lmda=-0.0008500000--c=1.0e-03--model_scaling=0.001--w_scaling=1.0--same_signs=True/,0.001,0.0,1e-10,1.0
40.0,40.0,0.001,100000.0,9.925612415306871e-11,1.072876214981079,complex,1000.0,0.0,-0.0005,1.0,0.1,data/diagonal/pretrain/seed=0--active_dim=40--c=1.0e-03--lmda=-0.0005000000--init_method=complex/model.pt,0.001,1024.0,128.0,1.0,no,0.0,1.0,data/diagonal/sparse_overlap/init_method=complex--seed=0--n_train2=128--active_dim_2=40--load_model=True--linear_readout=False--one_task=True--overlap_bool=no--lmda=-0.0005000000--c=1.0e-03--model_scaling=0.001--w_scaling=1.0--same_signs=True/,0.001,0.0,1e-10,1.0
40.0,40.0,0.1,100000.0,9.960909874706656e-11,1.151469349861145,complex,1000.0,0.0,-0.1,1.0,0.1,data/diagonal/pretrain/seed=0--active_dim=40--c=1.0e-01--lmda=-0.1000000000--init_method=complex/model.pt,0.001,1024.0,128.0,1.0,no,0.0,1.0,data/diagonal/sparse_overlap/init_method=complex--seed=0--n_train2=128--active_dim_2=40--load_model=True--linear_readout=False--one_task=True--overlap_bool=no--lmda=-0.1000000000--c=1.0e-01--model_scaling=0.001--w_scaling=1.0--same_signs=True/,0.001,0.0,1e-10,1.0
40.0,40.0,0.1,100000.0,8.785843580438879e-11,0.8704444169998169,complex,1000.0,0.0,-0.05,1.0,0.1,data/diagonal/pretrain/seed=0--active_dim=40--c=1.0e-01--lmda=-0.0500000000--init_method=complex/model.pt,0.001,1024.0,128.0,1.0,no,0.0,1.0,data/diagonal/sparse_overlap/init_method=complex--seed=0--n_train2=128--active_dim_2=40--load_model=True--linear_readout=False--one_task=True--overlap_bool=no--lmda=-0.0500000000--c=1.0e-01--model_scaling=0.001--w_scaling=1.0--same_signs=True/,0.001,0.0,1e-10,1.0
40.0,40.0,0.1,100000.0,5.9037531807693e-11,0.8733192086219788,complex,1000.0,0.0,0.1,1.0,0.1,data/diagonal/pretrain/seed=0--active_dim=40--c=1.0e-01--lmda=0.1000000000--init_method=complex/model.pt,0.001,1024.0,128.0,1.0,no,0.0,1.0,data/diagonal/sparse_overlap/init_method=complex--seed=0--n_train2=128--active_dim_2=40--load_model=True--linear_readout=False--one_task=True--overlap_bool=no--lmda=0.1000000000--c=1.0e-01--model_scaling=0.001--w_scaling=1.0--same_signs=True/,0.001,0.0,1e-10,1.0
40.0,40.0,0.001,100000.0,9.678680079616696e-11,1.1705971956253052,complex,1000.0,0.0,0.0009,1.0,0.1,data/diagonal/pretrain/seed=0--active_dim=40--c=1.0e-03--lmda=0.0009000000--init_method=complex/model.pt,0.001,1024.0,64.0,1.0,no,0.0,1.0,data/diagonal/sparse_overlap/init_method=complex--seed=0--n_train2=64--active_dim_2=40--load_model=True--linear_readout=False--one_task=True--overlap_bool=no--lmda=0.0009000000--c=1.0e-03--model_scaling=0.001--w_scaling=1.0--same_signs=True/,0.001,0.0,1e-10,1.0
40.0,40.0,0.001,100000.0,9.720802635060366e-11,1.2262476682662964,complex,1000.0,0.0,0.0,1.0,0.1,data/diagonal/pretrain/seed=0--active_dim=40--c=1.0e-03--lmda=0.0000000000--init_method=complex/model.pt,0.001,1024.0,64.0,1.0,no,0.0,1.0,data/diagonal/sparse_overlap/init_method=complex--seed=0--n_train2=64--active_dim_2=40--load_model=True--linear_readout=False--one_task=True--overlap_bool=no--lmda=0.0000000000--c=1.0e-03--model_scaling=0.001--w_scaling=1.0--same_signs=True/,0.001,0.0,1e-10,1.0
40.0,40.0,0.001,100000.0,9.810334489213088e-11,1.2618534564971924,complex,1000.0,0.0,-0.0005,1.0,0.1,data/diagonal/pretrain/seed=0--active_dim=40--c=1.0e-03--lmda=-0.0005000000--init_method=complex/model.pt,0.001,1024.0,64.0,1.0,no,0.0,1.0,data/diagonal/sparse_overlap/init_method=complex--seed=0--n_train2=64--active_dim_2=40--load_model=True--linear_readout=False--one_task=True--overlap_bool=no--lmda=-0.0005000000--c=1.0e-03--model_scaling=0.001--w_scaling=1.0--same_signs=True/,0.001,0.0,1e-10,1.0
40.0,40.0,0.001,100000.0,9.719820781572963e-11,1.3053098917007446,complex,1000.0,0.0,-0.00075,1.0,0.1,data/diagonal/pretrain/seed=0--active_dim=40--c=1.0e-03--lmda=-0.0007500000--init_method=complex/model.pt,0.001,1024.0,64.0,1.0,no,0.0,1.0,data/diagonal/sparse_overlap/init_method=complex--seed=0--n_train2=64--active_dim_2=40--load_model=True--linear_readout=False--one_task=True--overlap_bool=no--lmda=-0.0007500000--c=1.0e-03--model_scaling=0.001--w_scaling=1.0--same_signs=True/,0.001,0.0,1e-10,1.0
40.0,40.0,1e-05,100000.0,9.918474375147923e-11,1.1488832235336304,complex,1000.0,0.0,9e-06,1.0,0.1,data/diagonal/pretrain/seed=0--active_dim=40--c=1.0e-05--lmda=0.0000090000--init_method=complex/model.pt,0.001,1024.0,128.0,1.0,no,0.0,1.0,data/diagonal/sparse_overlap/init_method=complex--seed=0--n_train2=128--active_dim_2=40--load_model=True--linear_readout=False--one_task=True--overlap_bool=no--lmda=0.0000090000--c=1.0e-05--model_scaling=0.001--w_scaling=1.0--same_signs=True/,0.001,0.0,1e-10,1.0
40.0,40.0,1e-05,100000.0,9.944767925818e-11,1.1457804441452026,complex,1000.0,0.0,1e-05,1.0,0.1,data/diagonal/pretrain/seed=0--active_dim=40--c=1.0e-05--lmda=0.0000100000--init_method=complex/model.pt,0.001,1024.0,128.0,1.0,no,0.0,1.0,data/diagonal/sparse_overlap/init_method=complex--seed=0--n_train2=128--active_dim_2=40--load_model=True--linear_readout=False--one_task=True--overlap_bool=no--lmda=0.0000100000--c=1.0e-05--model_scaling=0.001--w_scaling=1.0--same_signs=True/,0.001,0.0,1e-10,1.0
40.0,40.0,1e-05,100000.0,9.954771729159262e-11,1.1900297403335571,complex,1000.0,0.0,-5e-06,1.0,0.1,data/diagonal/pretrain/seed=0--active_dim=40--c=1.0e-05--lmda=-0.0000050000--init_method=complex/model.pt,0.001,1024.0,128.0,1.0,no,0.0,1.0,data/diagonal/sparse_overlap/init_method=complex--seed=0--n_train2=128--active_dim_2=40--load_model=True--linear_readout=False--one_task=True--overlap_bool=no--lmda=-0.0000050000--c=1.0e-05--model_scaling=0.001--w_scaling=1.0--same_signs=True/,0.001,0.0,1e-10,1.0
40.0,40.0,0.1,100000.0,8.675499207910775e-11,0.9842544794082642,complex,1000.0,0.0,-0.085,1.0,0.1,data/diagonal/pretrain/seed=0--active_dim=40--c=1.0e-01--lmda=-0.0850000000--init_method=complex/model.pt,0.001,1024.0,64.0,1.0,no,0.0,1.0,data/diagonal/sparse_overlap/init_method=complex--seed=0--n_train2=64--active_dim_2=40--load_model=True--linear_readout=False--one_task=True--overlap_bool=no--lmda=-0.0850000000--c=1.0e-01--model_scaling=0.001--w_scaling=1.0--same_signs=True/,0.001,0.0,1e-10,1.0
40.0,40.0,1e-05,100000.0,9.997859484744963e-11,1.2710036039352417,complex,1000.0,0.0,-1e-05,1.0,0.1,data/diagonal/pretrain/seed=0--active_dim=40--c=1.0e-05--lmda=-0.0000100000--init_method=complex/model.pt,0.001,1024.0,128.0,1.0,no,0.0,1.0,data/diagonal/sparse_overlap/init_method=complex--seed=0--n_train2=128--active_dim_2=40--load_model=True--linear_readout=False--one_task=True--overlap_bool=no--lmda=-0.0000100000--c=1.0e-05--model_scaling=0.001--w_scaling=1.0--same_signs=True/,0.001,0.0,1e-10,1.0
40.0,40.0,1e-05,100000.0,9.994258198808835e-11,1.16975736618042,complex,1000.0,0.0,0.0,1.0,0.1,data/diagonal/pretrain/seed=0--active_dim=40--c=1.0e-05--lmda=0.0000000000--init_method=complex/model.pt,0.001,1024.0,128.0,1.0,no,0.0,1.0,data/diagonal/sparse_overlap/init_method=complex--seed=0--n_train2=128--active_dim_2=40--load_model=True--linear_readout=False--one_task=True--overlap_bool=no--lmda=0.0000000000--c=1.0e-05--model_scaling=0.001--w_scaling=1.0--same_signs=True/,0.001,0.0,1e-10,1.0
40.0,40.0,0.001,100000.0,9.828444308412898e-11,0.970179319381714,complex,1000.0,0.0,0.001,1.0,0.1,data/diagonal/pretrain/seed=0--active_dim=40--c=1.0e-03--lmda=0.0010000000--init_method=complex/model.pt,0.001,1024.0,128.0,1.0,no,0.0,1.0,data/diagonal/sparse_overlap/init_method=complex--seed=0--n_train2=128--active_dim_2=40--load_model=True--linear_readout=False--one_task=True--overlap_bool=no--lmda=0.0010000000--c=1.0e-03--model_scaling=0.001--w_scaling=1.0--same_signs=True/,0.001,0.0,1e-10,1.0
40.0,40.0,0.001,100000.0,9.831921388148146e-11,1.0251318216323853,complex,1000.0,0.0,0.0009,1.0,0.1,data/diagonal/pretrain/seed=0--active_dim=40--c=1.0e-03--lmda=0.0009000000--init_method=complex/model.pt,0.001,1024.0,128.0,1.0,no,0.0,1.0,data/diagonal/sparse_overlap/init_method=complex--seed=0--n_train2=128--active_dim_2=40--load_model=True--linear_readout=False--one_task=True--overlap_bool=no--lmda=0.0009000000--c=1.0e-03--model_scaling=0.001--w_scaling=1.0--same_signs=True/,0.001,0.0,1e-10,1.0
40.0,40.0,1e-05,100000.0,9.970859554675472e-11,1.2197980880737305,complex,1000.0,0.0,-8.5e-06,1.0,0.1,data/diagonal/pretrain/seed=0--active_dim=40--c=1.0e-05--lmda=-0.0000085000--init_method=complex/model.pt,0.001,1024.0,128.0,1.0,no,0.0,1.0,data/diagonal/sparse_overlap/init_method=complex--seed=0--n_train2=128--active_dim_2=40--load_model=True--linear_readout=False--one_task=True--overlap_bool=no--lmda=-0.0000085000--c=1.0e-05--model_scaling=0.001--w_scaling=1.0--same_signs=True/,0.001,0.0,1e-10,1.0
40.0,40.0,1e-05,100000.0,9.967582315084655e-11,1.208261489868164,complex,1000.0,0.0,-7.5e-06,1.0,0.1,data/diagonal/pretrain/seed=0--active_dim=40--c=1.0e-05--lmda=-0.0000075000--init_method=complex/model.pt,0.001,1024.0,128.0,1.0,no,0.0,1.0,data/diagonal/sparse_overlap/init_method=complex--seed=0--n_train2=128--active_dim_2=40--load_model=True--linear_readout=False--one_task=True--overlap_bool=no--lmda=-0.0000075000--c=1.0e-05--model_scaling=0.001--w_scaling=1.0--same_signs=True/,0.001,0.0,1e-10,1.0
40.0,40.0,0.001,100000.0,9.863569683243868e-11,0.9387560486793518,complex,1000.0,0.0,0.0,1.0,0.1,data/diagonal/pretrain/seed=0--active_dim=40--c=1.0e-03--lmda=0.0000000000--init_method=complex/model.pt,0.001,1024.0,128.0,1.0,no,0.0,1.0,data/diagonal/sparse_overlap/init_method=complex--seed=0--n_train2=128--active_dim_2=40--load_model=True--linear_readout=False--one_task=True--overlap_bool=no--lmda=0.0000000000--c=1.0e-03--model_scaling=0.001--w_scaling=1.0--same_signs=True/,0.001,0.0,1e-10,1.0
40.0,40.0,0.001,100000.0,9.971533321273539e-11,1.3188605308532717,complex,1000.0,0.0,-0.001,1.0,0.1,data/diagonal/pretrain/seed=0--active_dim=40--c=1.0e-03--lmda=-0.0010000000--init_method=complex/model.pt,0.001,1024.0,128.0,1.0,no,0.0,1.0,data/diagonal/sparse_overlap/init_method=complex--seed=0--n_train2=128--active_dim_2=40--load_model=True--linear_readout=False--one_task=True--overlap_bool=no--lmda=-0.0010000000--c=1.0e-03--model_scaling=0.001--w_scaling=1.0--same_signs=True/,0.001,0.0,1e-10,1.0
40.0,40.0,1e-05,100000.0,9.989643834362738e-11,0.0749042406678199,complex,1000.0,0.0,-1e-05,1.0,0.1,data/diagonal/pretrain/seed=0--active_dim=40--c=1.0e-05--lmda=-0.0000100000--init_method=complex/model.pt,0.001,1024.0,256.0,1.0,no,0.0,1.0,data/diagonal/sparse_overlap/init_method=complex--seed=0--n_train2=256--active_dim_2=40--load_model=True--linear_readout=False--one_task=True--overlap_bool=no--lmda=-0.0000100000--c=1.0e-05--model_scaling=0.001--w_scaling=1.0--same_signs=True/,0.001,0.0,1e-10,1.0
40.0,40.0,0.1,100000.0,9.630282682415724e-11,0.8869419097900391,complex,1000.0,0.0,-0.085,1.0,0.1,data/diagonal/pretrain/seed=0--active_dim=40--c=1.0e-01--lmda=-0.0850000000--init_method=complex/model.pt,0.001,1024.0,128.0,1.0,no,0.0,1.0,data/diagonal/sparse_overlap/init_method=complex--seed=0--n_train2=128--active_dim_2=40--load_model=True--linear_readout=False--one_task=True--overlap_bool=no--lmda=-0.0850000000--c=1.0e-01--model_scaling=0.001--w_scaling=1.0--same_signs=True/,0.001,0.0,1e-10,1.0
40.0,40.0,0.1,100000.0,9.159561997762464e-11,0.8838270306587219,complex,1000.0,0.0,-0.075,1.0,0.1,data/diagonal/pretrain/seed=0--active_dim=40--c=1.0e-01--lmda=-0.0750000000--init_method=complex/model.pt,0.001,1024.0,128.0,1.0,no,0.0,1.0,data/diagonal/sparse_overlap/init_method=complex--seed=0--n_train2=128--active_dim_2=40--load_model=True--linear_readout=False--one_task=True--overlap_bool=no--lmda=-0.0750000000--c=1.0e-01--model_scaling=0.001--w_scaling=1.0--same_signs=True/,0.001,0.0,1e-10,1.0
40.0,40.0,1e-05,100000.0,9.984988530442608e-11,0.1174411252140998,complex,1000.0,0.0,1e-05,1.0,0.1,data/diagonal/pretrain/seed=0--active_dim=40--c=1.0e-05--lmda=0.0000100000--init_method=complex/model.pt,0.001,1024.0,256.0,1.0,no,0.0,1.0,data/diagonal/sparse_overlap/init_method=complex--seed=0--n_train2=256--active_dim_2=40--load_model=True--linear_readout=False--one_task=True--overlap_bool=no--lmda=0.0000100000--c=1.0e-05--model_scaling=0.001--w_scaling=1.0--same_signs=True/,0.001,0.0,1e-10,1.0
40.0,40.0,0.001,100000.0,9.954539970102871e-11,0.3743953108787536,complex,1000.0,0.0,0.0,1.0,0.1,data/diagonal/pretrain/seed=0--active_dim=40--c=1.0e-03--lmda=0.0000000000--init_method=complex/model.pt,0.001,1024.0,256.0,1.0,no,0.0,1.0,data/diagonal/sparse_overlap/init_method=complex--seed=0--n_train2=256--active_dim_2=40--load_model=True--linear_readout=False--one_task=True--overlap_bool=no--lmda=0.0000000000--c=1.0e-03--model_scaling=0.001--w_scaling=1.0--same_signs=True/,0.001,0.0,1e-10,1.0
40.0,40.0,0.001,100000.0,9.985639398690792e-11,0.3228541612625122,complex,1000.0,0.0,-0.00085,1.0,0.1,data/diagonal/pretrain/seed=0--active_dim=40--c=1.0e-03--lmda=-0.0008500000--init_method=complex/model.pt,0.001,1024.0,256.0,1.0,no,0.0,1.0,data/diagonal/sparse_overlap/init_method=complex--seed=0--n_train2=256--active_dim_2=40--load_model=True--linear_readout=False--one_task=True--overlap_bool=no--lmda=-0.0008500000--c=1.0e-03--model_scaling=0.001--w_scaling=1.0--same_signs=True/,0.001,0.0,1e-10,1.0
40.0,40.0,0.001,100000.0,9.936009653932487e-11,0.5092495083808899,complex,1000.0,0.0,0.0009,1.0,0.1,data/diagonal/pretrain/seed=0--active_dim=40--c=1.0e-03--lmda=0.0009000000--init_method=complex/model.pt,0.001,1024.0,256.0,1.0,no,0.0,1.0,data/diagonal/sparse_overlap/init_method=complex--seed=0--n_train2=256--active_dim_2=40--load_model=True--linear_readout=False--one_task=True--overlap_bool=no--lmda=0.0009000000--c=1.0e-03--model_scaling=0.001--w_scaling=1.0--same_signs=True/,0.001,0.0,1e-10,1.0
40.0,40.0,0.001,100000.0,9.977364073820992e-11,0.4030103087425232,complex,1000.0,0.0,-0.0005,1.0,0.1,data/diagonal/pretrain/seed=0--active_dim=40--c=1.0e-03--lmda=-0.0005000000--init_method=complex/model.pt,0.001,1024.0,256.0,1.0,no,0.0,1.0,data/diagonal/sparse_overlap/init_method=complex--seed=0--n_train2=256--active_dim_2=40--load_model=True--linear_readout=False--one_task=True--overlap_bool=no--lmda=-0.0005000000--c=1.0e-03--model_scaling=0.001--w_scaling=1.0--same_signs=True/,0.001,0.0,1e-10,1.0
40.0,40.0,0.001,100000.0,9.998922523291044e-11,0.3552416861057281,complex,1000.0,0.0,-0.00075,1.0,0.1,data/diagonal/pretrain/seed=0--active_dim=40--c=1.0e-03--lmda=-0.0007500000--init_method=complex/model.pt,0.001,1024.0,256.0,1.0,no,0.0,1.0,data/diagonal/sparse_overlap/init_method=complex--seed=0--n_train2=256--active_dim_2=40--load_model=True--linear_readout=False--one_task=True--overlap_bool=no--lmda=-0.0007500000--c=1.0e-03--model_scaling=0.001--w_scaling=1.0--same_signs=True/,0.001,0.0,1e-10,1.0
40.0,40.0,0.001,100000.0,9.966651115522751e-11,0.4323885142803192,complex,1000.0,0.0,0.001,1.0,0.1,data/diagonal/pretrain/seed=0--active_dim=40--c=1.0e-03--lmda=0.0010000000--init_method=complex/model.pt,0.001,1024.0,256.0,1.0,no,0.0,1.0,data/diagonal/sparse_overlap/init_method=complex--seed=0--n_train2=256--active_dim_2=40--load_model=True--linear_readout=False--one_task=True--overlap_bool=no--lmda=0.0010000000--c=1.0e-03--model_scaling=0.001--w_scaling=1.0--same_signs=True/,0.001,0.0,1e-10,1.0
40.0,40.0,0.1,100000.0,9.999252814640867e-11,0.0485807918012142,complex,1000.0,0.0,-0.1,1.0,0.1,data/diagonal/pretrain/seed=0--active_dim=40--c=1.0e-01--lmda=-0.1000000000--init_method=complex/model.pt,0.001,1024.0,256.0,1.0,no,0.0,1.0,data/diagonal/sparse_overlap/init_method=complex--seed=0--n_train2=256--active_dim_2=40--load_model=True--linear_readout=False--one_task=True--overlap_bool=no--lmda=-0.1000000000--c=1.0e-01--model_scaling=0.001--w_scaling=1.0--same_signs=True/,0.001,0.0,1e-10,1.0
40.0,40.0,0.1,100000.0,8.772110815513655e-11,0.7485576272010803,complex,1000.0,0.0,0.1,1.0,0.1,data/diagonal/pretrain/seed=0--active_dim=40--c=1.0e-01--lmda=0.1000000000--init_method=complex/model.pt,0.001,1024.0,256.0,1.0,no,0.0,1.0,data/diagonal/sparse_overlap/init_method=complex--seed=0--n_train2=256--active_dim_2=40--load_model=True--linear_readout=False--one_task=True--overlap_bool=no--lmda=0.1000000000--c=1.0e-01--model_scaling=0.001--w_scaling=1.0--same_signs=True/,0.001,0.0,1e-10,1.0
40.0,40.0,0.1,100000.0,8.920145178059613e-11,0.7479561567306519,complex,1000.0,0.0,0.09,1.0,0.1,data/diagonal/pretrain/seed=0--active_dim=40--c=1.0e-01--lmda=0.0900000000--init_method=complex/model.pt,0.001,1024.0,256.0,1.0,no,0.0,1.0,data/diagonal/sparse_overlap/init_method=complex--seed=0--n_train2=256--active_dim_2=40--load_model=True--linear_readout=False--one_task=True--overlap_bool=no--lmda=0.0900000000--c=1.0e-01--model_scaling=0.001--w_scaling=1.0--same_signs=True/,0.001,0.0,1e-10,1.0
40.0,40.0,0.1,100000.0,9.696771857692356e-11,0.734999418258667,complex,1000.0,0.0,-0.05,1.0,0.1,data/diagonal/pretrain/seed=0--active_dim=40--c=1.0e-01--lmda=-0.0500000000--init_method=complex/model.pt,0.001,1024.0,256.0,1.0,no,0.0,1.0,data/diagonal/sparse_overlap/init_method=complex--seed=0--n_train2=256--active_dim_2=40--load_model=True--linear_readout=False--one_task=True--overlap_bool=no--lmda=-0.0500000000--c=1.0e-01--model_scaling=0.001--w_scaling=1.0--same_signs=True/,0.001,0.0,1e-10,1.0
40.0,40.0,0.1,100000.0,9.270559320206928e-11,0.7315689921379089,complex,1000.0,0.0,0.0,1.0,0.1,data/diagonal/pretrain/seed=0--active_dim=40--c=1.0e-01--lmda=0.0000000000--init_method=complex/model.pt,0.001,1024.0,256.0,1.0,no,0.0,1.0,data/diagonal/sparse_overlap/init_method=complex--seed=0--n_train2=256--active_dim_2=40--load_model=True--linear_readout=False--one_task=True--overlap_bool=no--lmda=0.0000000000--c=1.0e-01--model_scaling=0.001--w_scaling=1.0--same_signs=True/,0.001,0.0,1e-10,1.0
40.0,40.0,0.1,100000.0,9.867779510175367e-11,0.5670992732048035,complex,1000.0,0.0,-0.085,1.0,0.1,data/diagonal/pretrain/seed=0--active_dim=40--c=1.0e-01--lmda=-0.0850000000--init_method=complex/model.pt,0.001,1024.0,256.0,1.0,no,0.0,1.0,data/diagonal/sparse_overlap/init_method=complex--seed=0--n_train2=256--active_dim_2=40--load_model=True--linear_readout=False--one_task=True--overlap_bool=no--lmda=-0.0850000000--c=1.0e-01--model_scaling=0.001--w_scaling=1.0--same_signs=True/,0.001,0.0,1e-10,1.0
40.0,40.0,0.1,100000.0,9.854035643019896e-11,0.6242629885673523,complex,1000.0,0.0,-0.075,1.0,0.1,data/diagonal/pretrain/seed=0--active_dim=40--c=1.0e-01--lmda=-0.0750000000--init_method=complex/model.pt,0.001,1024.0,256.0,1.0,no,0.0,1.0,data/diagonal/sparse_overlap/init_method=complex--seed=0--n_train2=256--active_dim_2=40--load_model=True--linear_readout=False--one_task=True--overlap_bool=no--lmda=-0.0750000000--c=1.0e-01--model_scaling=0.001--w_scaling=1.0--same_signs=True/,0.001,0.0,1e-10,1.0
40.0,5.0,0.1,100000.0,6.024757082112586e-11,0.8458791971206665,complex,1000.0,0.0,0.09,1.0,0.1,data/diagonal/pretrain/seed=0--active_dim=40--c=1.0e-01--lmda=0.0900000000--init_method=complex/model.pt,0.001,1024.0,128.0,1.0,no,0.0,1.0,data/diagonal/sparse_overlap/init_method=complex--seed=0--n_train2=128--active_dim_2=5--load_model=True--linear_readout=False--one_task=True--overlap_bool=no--lmda=0.0900000000--c=1.0e-01--model_scaling=0.001--w_scaling=1.0--same_signs=True/,0.001,0.0,1e-10,1.0
40.0,5.0,0.1,100000.0,7.925395756336329e-11,0.8343173861503601,complex,1000.0,0.0,0.0,1.0,0.1,data/diagonal/pretrain/seed=0--active_dim=40--c=1.0e-01--lmda=0.0000000000--init_method=complex/model.pt,0.001,1024.0,128.0,1.0,no,0.0,1.0,data/diagonal/sparse_overlap/init_method=complex--seed=0--n_train2=128--active_dim_2=5--load_model=True--linear_readout=False--one_task=True--overlap_bool=no--lmda=0.0000000000--c=1.0e-01--model_scaling=0.001--w_scaling=1.0--same_signs=True/,0.001,0.0,1e-10,1.0
40.0,5.0,0.001,100000.0,9.996467542627839e-11,0.0002461295225657,complex,1000.0,0.0,-0.00085,1.0,0.1,data/diagonal/pretrain/seed=0--active_dim=40--c=1.0e-03--lmda=-0.0008500000--init_method=complex/model.pt,0.001,1024.0,256.0,1.0,no,0.0,1.0,data/diagonal/sparse_overlap/init_method=complex--seed=0--n_train2=256--active_dim_2=5--load_model=True--linear_readout=False--one_task=True--overlap_bool=no--lmda=-0.0008500000--c=1.0e-03--model_scaling=0.001--w_scaling=1.0--same_signs=True/,0.001,0.0,1e-10,1.0
40.0,5.0,1e-05,100000.0,9.994059052553792e-11,0.0030586803331971,complex,1000.0,0.0,1e-05,1.0,0.1,data/diagonal/pretrain/seed=0--active_dim=40--c=1.0e-05--lmda=0.0000100000--init_method=complex/model.pt,0.001,1024.0,128.0,1.0,no,0.0,1.0,data/diagonal/sparse_overlap/init_method=complex--seed=0--n_train2=128--active_dim_2=5--load_model=True--linear_readout=False--one_task=True--overlap_bool=no--lmda=0.0000100000--c=1.0e-05--model_scaling=0.001--w_scaling=1.0--same_signs=True/,0.001,0.0,1e-10,1.0
40.0,5.0,1e-05,100000.0,9.938896927685903e-11,0.9294449090957642,complex,1000.0,0.0,9e-06,1.0,0.1,data/diagonal/pretrain/seed=0--active_dim=40--c=1.0e-05--lmda=0.0000090000--init_method=complex/model.pt,0.001,1024.0,64.0,1.0,no,0.0,1.0,data/diagonal/sparse_overlap/init_method=complex--seed=0--n_train2=64--active_dim_2=5--load_model=True--linear_readout=False--one_task=True--overlap_bool=no--lmda=0.0000090000--c=1.0e-05--model_scaling=0.001--w_scaling=1.0--same_signs=True/,0.001,0.0,1e-10,1.0
40.0,5.0,1e-05,100000.0,9.950273244241359e-11,1.0696338415145874,complex,1000.0,0.0,-8.5e-06,1.0,0.1,data/diagonal/pretrain/seed=0--active_dim=40--c=1.0e-05--lmda=-0.0000085000--init_method=complex/model.pt,0.001,1024.0,64.0,1.0,no,0.0,1.0,data/diagonal/sparse_overlap/init_method=complex--seed=0--n_train2=64--active_dim_2=5--load_model=True--linear_readout=False--one_task=True--overlap_bool=no--lmda=-0.0000085000--c=1.0e-05--model_scaling=0.001--w_scaling=1.0--same_signs=True/,0.001,0.0,1e-10,1.0
40.0,5.0,0.001,100000.0,9.906635234369075e-11,0.969544231891632,complex,1000.0,0.0,-0.001,1.0,0.1,data/diagonal/pretrain/seed=0--active_dim=40--c=1.0e-03--lmda=-0.0010000000--init_method=complex/model.pt,0.001,1024.0,64.0,1.0,no,0.0,1.0,data/diagonal/sparse_overlap/init_method=complex--seed=0--n_train2=64--active_dim_2=5--load_model=True--linear_readout=False--one_task=True--overlap_bool=no--lmda=-0.0010000000--c=1.0e-03--model_scaling=0.001--w_scaling=1.0--same_signs=True/,0.001,0.0,1e-10,1.0
40.0,5.0,1e-05,100000.0,9.932485389718691e-11,1.0399045944213867,complex,1000.0,0.0,-7.5e-06,1.0,0.1,data/diagonal/pretrain/seed=0--active_dim=40--c=1.0e-05--lmda=-0.0000075000--init_method=complex/model.pt,0.001,1024.0,64.0,1.0,no,0.0,1.0,data/diagonal/sparse_overlap/init_method=complex--seed=0--n_train2=64--active_dim_2=5--load_model=True--linear_readout=False--one_task=True--overlap_bool=no--lmda=-0.0000075000--c=1.0e-05--model_scaling=0.001--w_scaling=1.0--same_signs=True/,0.001,0.0,1e-10,1.0
40.0,5.0,1e-05,100000.0,9.921839738691316e-11,0.9608018398284912,complex,1000.0,0.0,0.0,1.0,0.1,data/diagonal/pretrain/seed=0--active_dim=40--c=1.0e-05--lmda=0.0000000000--init_method=complex/model.pt,0.001,1024.0,64.0,1.0,no,0.0,1.0,data/diagonal/sparse_overlap/init_method=complex--seed=0--n_train2=64--active_dim_2=5--load_model=True--linear_readout=False--one_task=True--overlap_bool=no--lmda=0.0000000000--c=1.0e-05--model_scaling=0.001--w_scaling=1.0--same_signs=True/,0.001,0.0,1e-10,1.0
40.0,5.0,1e-05,100000.0,9.945490264673396e-11,0.9986644387245178,complex,1000.0,0.0,-5e-06,1.0,0.1,data/diagonal/pretrain/seed=0--active_dim=40--c=1.0e-05--lmda=-0.0000050000--init_method=complex/model.pt,0.001,1024.0,64.0,1.0,no,0.0,1.0,data/diagonal/sparse_overlap/init_method=complex--seed=0--n_train2=64--active_dim_2=5--load_model=True--linear_readout=False--one_task=True--overlap_bool=no--lmda=-0.0000050000--c=1.0e-05--model_scaling=0.001--w_scaling=1.0--same_signs=True/,0.001,0.0,1e-10,1.0
40.0,5.0,1e-05,100000.0,9.952366014642776e-11,1.251945972442627,complex,1000.0,0.0,-1e-05,1.0,0.1,data/diagonal/pretrain/seed=0--active_dim=40--c=1.0e-05--lmda=-0.0000100000--init_method=complex/model.pt,0.001,1024.0,64.0,1.0,no,0.0,1.0,data/diagonal/sparse_overlap/init_method=complex--seed=0--n_train2=64--active_dim_2=5--load_model=True--linear_readout=False--one_task=True--overlap_bool=no--lmda=-0.0000100000--c=1.0e-05--model_scaling=0.001--w_scaling=1.0--same_signs=True/,0.001,0.0,1e-10,1.0
40.0,5.0,1e-05,100000.0,9.947528911702364e-11,0.92367285490036,complex,1000.0,0.0,1e-05,1.0,0.1,data/diagonal/pretrain/seed=0--active_dim=40--c=1.0e-05--lmda=0.0000100000--init_method=complex/model.pt,0.001,1024.0,64.0,1.0,no,0.0,1.0,data/diagonal/sparse_overlap/init_method=complex--seed=0--n_train2=64--active_dim_2=5--load_model=True--linear_readout=False--one_task=True--overlap_bool=no--lmda=0.0000100000--c=1.0e-05--model_scaling=0.001--w_scaling=1.0--same_signs=True/,0.001,0.0,1e-10,1.0
40.0,5.0,0.001,100000.0,9.990329397080444e-11,0.0014408938586711,complex,1000.0,0.0,-0.0005,1.0,0.1,data/diagonal/pretrain/seed=0--active_dim=40--c=1.0e-03--lmda=-0.0005000000--init_method=complex/model.pt,0.001,1024.0,256.0,1.0,no,0.0,1.0,data/diagonal/sparse_overlap/init_method=complex--seed=0--n_train2=256--active_dim_2=5--load_model=True--linear_readout=False--one_task=True--overlap_bool=no--lmda=-0.0005000000--c=1.0e-03--model_scaling=0.001--w_scaling=1.0--same_signs=True/,0.001,0.0,1e-10,1.0
40.0,5.0,0.001,100000.0,1.0000052869107988e-10,0.0005196052370592,complex,1000.0,0.0,-0.00075,1.0,0.1,data/diagonal/pretrain/seed=0--active_dim=40--c=1.0e-03--lmda=-0.0007500000--init_method=complex/model.pt,0.001,1024.0,256.0,1.0,no,0.0,1.0,data/diagonal/sparse_overlap/init_method=complex--seed=0--n_train2=256--active_dim_2=5--load_model=True--linear_readout=False--one_task=True--overlap_bool=no--lmda=-0.0007500000--c=1.0e-03--model_scaling=0.001--w_scaling=1.0--same_signs=True/,0.001,0.0,1e-10,1.0
40.0,5.0,0.1,100000.0,6.248679351728015e-11,0.9444144368171692,complex,1000.0,0.0,0.0,1.0,0.1,data/diagonal/pretrain/seed=0--active_dim=40--c=1.0e-01--lmda=0.0000000000--init_method=complex/model.pt,0.001,1024.0,64.0,1.0,no,0.0,1.0,data/diagonal/sparse_overlap/init_method=complex--seed=0--n_train2=64--active_dim_2=5--load_model=True--linear_readout=False--one_task=True--overlap_bool=no--lmda=0.0000000000--c=1.0e-01--model_scaling=0.001--w_scaling=1.0--same_signs=True/,0.001,0.0,1e-10,1.0
40.0,5.0,0.001,100000.0,9.7054697612009e-11,1.148821473121643,complex,1000.0,0.0,0.0,1.0,0.1,data/diagonal/pretrain/seed=0--active_dim=40--c=1.0e-03--lmda=0.0000000000--init_method=complex/model.pt,0.001,1024.0,64.0,1.0,no,0.0,1.0,data/diagonal/sparse_overlap/init_method=complex--seed=0--n_train2=64--active_dim_2=5--load_model=True--linear_readout=False--one_task=True--overlap_bool=no--lmda=0.0000000000--c=1.0e-03--model_scaling=0.001--w_scaling=1.0--same_signs=True/,0.001,0.0,1e-10,1.0
40.0,5.0,0.1,100000.0,2.8108319491404462e-11,0.952445387840271,complex,1000.0,0.0,0.1,1.0,0.1,data/diagonal/pretrain/seed=0--active_dim=40--c=1.0e-01--lmda=0.1000000000--init_method=complex/model.pt,0.001,1024.0,64.0,1.0,no,0.0,1.0,data/diagonal/sparse_overlap/init_method=complex--seed=0--n_train2=64--active_dim_2=5--load_model=True--linear_readout=False--one_task=True--overlap_bool=no--lmda=0.1000000000--c=1.0e-01--model_scaling=0.001--w_scaling=1.0--same_signs=True/,0.001,0.0,1e-10,1.0
40.0,5.0,0.1,100000.0,8.980019505777648e-11,0.9319912791252136,complex,1000.0,0.0,-0.085,1.0,0.1,data/diagonal/pretrain/seed=0--active_dim=40--c=1.0e-01--lmda=-0.0850000000--init_method=complex/model.pt,0.001,1024.0,64.0,1.0,no,0.0,1.0,data/diagonal/sparse_overlap/init_method=complex--seed=0--n_train2=64--active_dim_2=5--load_model=True--linear_readout=False--one_task=True--overlap_bool=no--lmda=-0.0850000000--c=1.0e-01--model_scaling=0.001--w_scaling=1.0--same_signs=True/,0.001,0.0,1e-10,1.0
