status,setting,seed,inp_dim,alpha_requested,n_train,alpha,n_test,c_pt,lambda_pt,gamma_reinit,rho_pt,a_pt,rho_ft,omega,ft_teacher_norm,save_folder,lr,epochs,test_every_n_epochs,log_every_n_epochs,no_tuning,threshold,stop_pred_mse,stop_beta_rate,stop_grad_norm,lr_decay,lr_decay_interval,stop_reason,final_epoch,final_test_pred_mse,final_param_mse,final_grad_norm,final_beta_update_rate,final_beta_l1,final_beta_l2,final_active_frac,beta0_l2,empirical_omega,n_ov,n_new,n_ptonly,n_none,wall_s
ok,ptft,0,5000,0.01,50,0.01,10000,0.001,-0.00099,0.0,0.1,1.0,0.1,0.0,unit_total_var,,0.5,5000000,5000,50000,True,1e-05,,0.0,0.0,1.0,2000,train_pred_mse,10000,1.1612475429459792,1.1604419564837716,3.196361670658169e-05,0.02009322226731425,247.70121932861525,26.410829000954735,0.9912,0.0,0.0,0,500,500,4000,7.5113680362701425
ok,ptft,1,5000,0.01,50,0.01,10000,0.001,-0.00099,0.0,0.1,1.0,0.1,0.0,unit_total_var,,0.5,5000000,5000,50000,True,1e-05,,0.0,0.0,1.0,2000,train_pred_mse,10000,1.1636357736262128,1.1427779360413757,4.0628377273448496e-05,0.016956033277122837,254.60139983172596,31.319715588763927,0.9902,0.0,0.0,0,500,500,4000,8.804529905319212
ok,ptft,2,5000,0.01,50,0.01,10000,0.001,-0.00099,0.0,0.1,1.0,0.1,0.0,unit_total_var,,0.5,5000000,5000,50000,True,1e-05,,0.0,0.0,1.0,2000,train_pred_mse,10000,1.1172198593037708,1.1200349551411808,2.682530524877257e-05,0.015003413840757956,239.3227894019801,28.431849262861142,0.991,0.0,0.0,0,500,500,4000,9.329484462738037
ok,ptft,3,5000,0.01,50,0.01,10000,0.001,-0.00099,0.0,0.1,1.0,0.1,0.0,unit_total_var,,0.5,5000000,5000,50000,True,1e-05,,0.0,0.0,1.0,2000,train_pred_mse,10000,1.1785823829736803,1.194667287506595,3.3759857990246565e-05,0.015858602904919458,265.23239038758123,31.903890476974983,0.991,0.0,0.0,0,500,500,4000,8.405213594436647
ok,ptft,4,5000,0.01,50,0.01,10000,0.001,-0.00099,0.0,0.1,1.0,0.1,0.0,unit_total_var,,0.5,5000000,5000,50000,True,1e-05,,0.0,0.0,1.0,2000,train_pred_mse,10000,1.081030911075135,1.09772376611779,4.861981730552865e-05,0.02557527049086211,229.31106840732087,26.96143121267035,0.9906,0.0,0.0,0,500,500,4000,8.522215604782103
ok,ptft,5,5000,0.01,50,0.01,10000,0.001,-0.00099,0.0,0.1,1.0,0.1,0.0,unit_total_var,,0.5,5000000,5000,50000,True,1e-05,,0.0,0.0,1.0,2000,train_pred_mse,10000,1.1297613324634912,1.1385010225301295,5.059869645515727e-05,0.025428236658625505,205.7207880493936,25.037760693982037,0.9906,0.0,0.0,0,500,500,4000,9.883554458618164
ok,ptft,0,5000,0.0575,288,0.0576,10000,0.001,-0.00099,0.0,0.1,1.0,0.1,0.0,unit_total_var,,0.5,5000000,5000,50000,True,1e-05,,0.0,0.0,1.0,2000,train_pred_mse,35000,1.1934693172006074,1.1907033402739315,4.1405165815141546e-05,0.0035757527481118092,653.143361679511,39.16911118897762,0.9934,0.0,0.0,0,500,500,4000,40.997814416885376
ok,ptft,1,5000,0.059,295,0.059000000000000004,10000,0.001,-0.00099,0.0,0.1,1.0,0.1,0.0,unit_total_var,,0.5,5000000,5000,50000,True,1e-05,,0.0,0.0,1.0,2000,train_pred_mse,35000,1.1013258984996008,1.0849454451559126,4.727443982421052e-05,0.003811128515199732,606.6474797967127,36.090582183356936,0.9942,0.0,0.0,0,500,500,4000,43.28101944923401
ok,ptft,2,5000,0.059,295,0.059000000000000004,10000,0.001,-0.00099,0.0,0.1,1.0,0.1,0.0,unit_total_var,,0.5,5000000,5000,50000,True,1e-05,,0.0,0.0,1.0,2000,train_pred_mse,35000,1.1456951116671652,1.1483198722402908,5.098854698857408e-05,0.004106027140716847,644.3629809710072,39.85399790749136,0.9916,0.0,0.0,0,500,500,4000,53.29691338539124
ok,ptft,3,5000,0.059,295,0.059000000000000004,10000,0.001,-0.00099,0.0,0.1,1.0,0.1,0.0,unit_total_var,,0.5,5000000,5000,50000,True,1e-05,,0.0,0.0,1.0,2000,train_pred_mse,35000,1.070604251450442,1.086780117082043,4.3359801617673e-05,0.003918246864498654,644.9917612191657,38.12001381546896,0.9940000000000001,0.0,0.0,0,500,500,4000,53.27353310585022
ok,ptft,4,5000,0.059,295,0.059000000000000004,10000,0.001,-0.00099,0.0,0.1,1.0,0.1,0.0,unit_total_var,,0.5,5000000,5000,50000,True,1e-05,,0.0,0.0,1.0,2000,train_pred_mse,30000,1.0463503145927031,1.0578697910976789,6.456967241935458e-05,0.006557712008792838,601.8212160497774,34.650019136920726,0.9940000000000001,0.0,0.0,0,500,500,4000,53.883965969085686
ok,ptft,5,5000,0.059,295,0.059000000000000004,10000,0.001,-0.00099,0.0,0.1,1.0,0.1,0.0,unit_total_var,,0.5,5000000,5000,50000,True,1e-05,,0.0,0.0,1.0,2000,train_pred_mse,35000,1.1433332318954743,1.144777669584777,4.9207885191350956e-05,0.004300791680243807,640.3236814762647,38.05735935844472,0.995,0.0,0.0,0,500,500,4000,80.41683363914491
ok,ptft,0,5000,0.105,525,0.105,10000,0.001,-0.00099,0.0,0.1,1.0,0.1,0.0,unit_total_var,,0.5,5000000,5000,50000,True,1e-05,,0.0,0.0,1.0,2000,train_pred_mse,65000,0.977885938886548,0.9866595901693808,3.5567940063922905e-05,0.0021005022293925923,865.1298633154614,42.28166628368066,0.9934,0.0,0.0,0,500,500,4000,231.0837121009827
ok,ptft,1,5000,0.10800000000000001,540,0.10800000000000001,10000,0.001,-0.00099,0.0,0.1,1.0,0.1,0.0,unit_total_var,,0.5,5000000,5000,50000,True,1e-05,,0.0,0.0,1.0,2000,train_pred_mse,65000,0.9462693182273656,0.9253411327566188,4.230087634223826e-05,0.002443308449172022,858.1424210774544,40.67122822186085,0.9928,0.0,0.0,0,500,500,4000,212.52907013893127
ok,ptft,2,5000,0.10800000000000001,540,0.10800000000000001,10000,0.001,-0.00099,0.0,0.1,1.0,0.1,0.0,unit_total_var,,0.5,5000000,5000,50000,True,1e-05,,0.0,0.0,1.0,2000,train_pred_mse,70000,0.9585152787940531,0.9435438136837756,3.4325954260748654e-05,0.002011289310149287,853.4481892943792,40.512422937089426,0.995,0.0,0.0,0,500,500,4000,270.21610355377203
ok,ptft,3,5000,0.10800000000000001,540,0.10800000000000001,10000,0.001,-0.00099,0.0,0.1,1.0,0.1,0.0,unit_total_var,,0.5,5000000,5000,50000,True,1e-05,,0.0,0.0,1.0,2000,train_pred_mse,65000,0.8897929707740201,0.898767456261333,4.0185874485152025e-05,0.002295568209342177,871.528118535634,42.18392491001249,0.9942,0.0,0.0,0,500,500,4000,239.5447998046875
ok,ptft,4,5000,0.10800000000000001,540,0.10800000000000001,10000,0.001,-0.00099,0.0,0.1,1.0,0.1,0.0,unit_total_var,,0.5,5000000,5000,50000,True,1e-05,,0.0,0.0,1.0,2000,train_pred_mse,65000,0.8549582218393578,0.858618764683197,4.026996244408485e-05,0.0022693902855562,850.4348126903052,42.02149742615282,0.9948,0.0,0.0,0,500,500,4000,272.83093070983887
ok,ptft,5,5000,0.10800000000000001,540,0.10800000000000001,10000,0.001,-0.00099,0.0,0.1,1.0,0.1,0.0,unit_total_var,,0.5,5000000,5000,50000,True,1e-05,,0.0,0.0,1.0,2000,train_pred_mse,65000,0.9138110720850412,0.9099124307878772,3.933478800781024e-05,0.0023563929052006416,900.7660113591876,42.36403627379281,0.996,0.0,0.0,0,500,500,4000,304.58952093124384
ok,ptft,0,5000,0.15250000000000002,763,0.1526,10000,0.001,-0.00099,0.0,0.1,1.0,0.1,0.0,unit_total_var,,0.5,5000000,5000,50000,True,1e-05,,0.0,0.0,1.0,2000,train_pred_mse,90000,0.8665157237589909,0.8560700131887439,3.529019290930309e-05,0.0019905807526630517,1016.7019615829836,41.58925337289017,0.9948,0.0,0.0,0,500,500,4000,487.78347849845886
ok,ptft,1,5000,0.15700000000000006,785,0.157,10000,0.001,-0.00099,0.0,0.1,1.0,0.1,0.0,unit_total_var,,0.5,5000000,5000,50000,True,1e-05,,0.0,0.0,1.0,2000,train_pred_mse,105000,0.8090216956473711,0.7801264049177982,3.0670749727688206e-05,0.0016531231513909526,1021.2295727536618,41.875054230720906,0.9936,0.0,0.0,0,500,500,4000,322.0480253696442
ok,ptft,2,5000,0.15700000000000006,785,0.157,10000,0.001,-0.00099,0.0,0.1,1.0,0.1,0.0,unit_total_var,,0.5,5000000,5000,50000,True,1e-05,,0.0,0.0,1.0,2000,train_pred_mse,105000,0.7297215579020506,0.7257471372805065,3.114319323941359e-05,0.0015358159209564461,1064.2196659345514,45.06647955156327,0.9952,0.0,0.0,0,500,500,4000,629.5146646499634
ok,ptft,3,5000,0.15700000000000006,785,0.157,10000,0.001,-0.00099,0.0,0.1,1.0,0.1,0.0,unit_total_var,,0.5,5000000,5000,50000,True,1e-05,,0.0,0.0,1.0,2000,train_pred_mse,100000,0.7263585360671141,0.7349195761202683,3.3298858116875895e-05,0.001622814986498411,1045.3963355175079,45.2508976612944,0.995,0.0,0.0,0,500,500,4000,545.6993343830109
ok,ptft,4,5000,0.15700000000000006,785,0.157,10000,0.001,-0.00099,0.0,0.1,1.0,0.1,0.0,unit_total_var,,0.5,5000000,5000,50000,True,1e-05,,0.0,0.0,1.0,2000,train_pred_mse,100000,0.7649044296053382,0.7730473477958995,3.384570943710133e-05,0.0017242944534323233,1030.5899779583362,42.67120289195515,0.9954,0.0,0.0,0,500,500,4000,486.3292133808136
ok,ptft,5,5000,0.15700000000000006,785,0.157,10000,0.001,-0.00099,0.0,0.1,1.0,0.1,0.0,unit_total_var,,0.5,5000000,5000,50000,True,1e-05,,0.0,0.0,1.0,2000,train_pred_mse,105000,0.7733906420723591,0.7611861938768444,3.022331434163081e-05,0.0014904151610224414,1037.484395987818,43.395288154917715,0.996,0.0,0.0,0,500,500,4000,763.8594574928284
ok,ptft,0,5000,0.2,1000,0.2,10000,0.001,-0.00099,0.0,0.1,1.0,0.1,0.0,unit_total_var,,0.5,5000000,5000,50000,True,1e-05,,0.0,0.0,1.0,2000,train_pred_mse,155000,0.6497941949314854,0.6342939565419741,2.6107870618618288e-05,0.0010494222888532052,1166.6924017630056,47.997228186711524,0.9964,0.0,0.0,0,500,500,4000,1291.8855345249174
ok,ptft,1,5000,0.206,1030,0.20600000000000002,10000,0.001,-0.00099,0.0,0.1,1.0,0.1,0.0,unit_total_var,,0.5,5000000,5000,50000,True,1e-05,,0.0,0.0,1.0,2000,train_pred_mse,155000,0.621128482491728,0.6087418354594263,2.572919070377801e-05,0.0011448864848880892,1159.83840384841,45.70852388159335,0.9952,0.0,0.0,0,500,500,4000,1267.7072806358335
ok,ptft,2,5000,0.206,1030,0.20600000000000002,10000,0.001,-0.00099,0.0,0.1,1.0,0.1,0.0,unit_total_var,,0.5,5000000,5000,50000,True,1e-05,,0.0,0.0,1.0,2000,train_pred_mse,155000,0.5694648538440459,0.5759607664126317,2.616743171077015e-05,0.001049974612162254,1170.3150560536535,46.947741284742705,0.9938,0.0,0.0,0,500,500,4000,549.7067859172821
ok,ptft,3,5000,0.206,1030,0.20600000000000002,10000,0.001,-0.00099,0.0,0.1,1.0,0.1,0.0,unit_total_var,,0.5,5000000,5000,50000,True,1e-05,,0.0,0.0,1.0,2000,train_pred_mse,150000,0.5069382342682746,0.5149458128676966,2.7104217616941777e-05,0.0011002882626152493,1162.3491625089227,48.21735273936226,0.9954,0.0,0.0,0,500,500,4000,1134.3328523635864
ok,ptft,4,5000,0.206,1030,0.20600000000000002,10000,0.001,-0.00099,0.0,0.1,1.0,0.1,0.0,unit_total_var,,0.5,5000000,5000,50000,True,1e-05,,0.0,0.0,1.0,2000,train_pred_mse,160000,0.6107705174406155,0.6041497431258879,2.5301976117019435e-05,0.0010723356490935849,1137.022828473759,44.84222834989596,0.9952,0.0,0.0,0,500,500,4000,1133.5840945243835
ok,ptft,5,5000,0.206,1030,0.20600000000000002,10000,0.001,-0.00099,0.0,0.1,1.0,0.1,0.0,unit_total_var,,0.5,5000000,5000,50000,True,1e-05,,0.0,0.0,1.0,2000,train_pred_mse,160000,0.5251638590015449,0.5302922331176186,2.5069168481057583e-05,0.000947013659406279,1193.7251932316335,49.780251392948344,0.9952,0.0,0.0,0,500,500,4000,1571.6527678966522
ok,ptft,0,5000,0.255,1275,0.255,10000,0.001,-0.00099,0.0,0.1,1.0,0.1,0.0,unit_total_var,,0.5,5000000,5000,50000,True,1e-05,,0.0,0.0,1.0,2000,train_pred_mse,245000,0.4005150295506785,0.392468786203808,1.952353482913472e-05,0.0006316074405657745,1292.5101575530534,52.00874628812613,0.9946,0.0,0.0,0,500,500,4000,1743.4541554450989
ok,ptft,1,5000,0.255,1275,0.255,10000,0.001,-0.00099,0.0,0.1,1.0,0.1,0.0,unit_total_var,,0.5,5000000,5000,50000,True,1e-05,,0.0,0.0,1.0,2000,train_pred_mse,245000,0.3283739880897305,0.33120153133516816,2.088470545079472e-05,0.0006537624784517139,1259.6700867609927,50.79480171786271,0.9964,0.0,0.0,0,500,500,4000,2499.284538984299
ok,ptft,2,5000,0.255,1275,0.255,10000,0.001,-0.00099,0.0,0.1,1.0,0.1,0.0,unit_total_var,,0.5,5000000,5000,50000,True,1e-05,,0.0,0.0,1.0,2000,train_pred_mse,235000,0.3712643679392385,0.370953440187575,2.057965492381667e-05,0.0006752498648935957,1263.730362955186,50.59992897625783,0.9954,0.0,0.0,0,500,500,4000,1044.40935754776
ok,ptft,3,5000,0.255,1275,0.255,10000,0.001,-0.00099,0.0,0.1,1.0,0.1,0.0,unit_total_var,,0.5,5000000,5000,50000,True,1e-05,,0.0,0.0,1.0,2000,train_pred_mse,230000,0.3883746274715471,0.38554108184869024,2.053787384792097e-05,0.00070327865244059,1225.1593652648187,49.66510991807355,0.9952,0.0,0.0,0,500,500,4000,2064.560661315918
ok,ptft,4,5000,0.255,1275,0.255,10000,0.001,-0.00099,0.0,0.1,1.0,0.1,0.0,unit_total_var,,0.5,5000000,5000,50000,True,1e-05,,0.0,0.0,1.0,2000,train_pred_mse,215000,0.3534410512022441,0.3584060441792949,2.1809504075167404e-05,0.0007449391365751332,1246.481178585711,49.79872573150148,0.9972,0.0,0.0,0,500,500,4000,1821.8971831798556
ok,ptft,5,5000,0.255,1275,0.255,10000,0.001,-0.00099,0.0,0.1,1.0,0.1,0.0,unit_total_var,,0.5,5000000,5000,50000,True,1e-05,,0.0,0.0,1.0,2000,train_pred_mse,240000,0.3139105279992668,0.32111111941709314,1.9892767113831077e-05,0.0006286985084567031,1266.1822173444375,53.104619920717575,0.997,0.0,0.0,0,500,500,4000,2908.855112791061
ok,ptft,1,5000,0.30400000000000005,1520,0.304,10000,0.001,-0.00099,0.0,0.1,1.0,0.1,0.0,unit_total_var,,0.5,5000000,5000,50000,True,1e-05,,0.0,0.0,1.0,2000,train_pred_mse,340000,0.19281984558406345,0.19066846868763504,1.6770321687820967e-05,0.00044770428851937424,1312.8811520960958,54.1818278212717,0.9978,0.0,0.0,0,500,500,4000,3827.8620865345
ok,ptft,2,5000,0.30400000000000005,1520,0.304,10000,0.001,-0.00099,0.0,0.1,1.0,0.1,0.0,unit_total_var,,0.5,5000000,5000,50000,True,1e-05,,0.0,0.0,1.0,2000,train_pred_mse,340000,0.19779128201849508,0.20072486945781784,1.5884289850520005e-05,0.0004207508637643834,1321.1043242329972,54.7851623594053,0.9956,0.0,0.0,0,500,500,4000,1966.0397243499758
ok,ptft,3,5000,0.30400000000000005,1520,0.304,10000,0.001,-0.00099,0.0,0.1,1.0,0.1,0.0,unit_total_var,,0.5,5000000,5000,50000,True,1e-05,,0.0,0.0,1.0,2000,train_pred_mse,330000,0.19440389967625196,0.19905314093282744,1.6915315565021986e-05,0.00044564016556504065,1294.6396023039115,55.86621874382978,0.9958,0.0,0.0,0,500,500,4000,3744.3539822101593
ok,ptft,4,5000,0.30400000000000005,1520,0.304,10000,0.001,-0.00099,0.0,0.1,1.0,0.1,0.0,unit_total_var,,0.5,5000000,5000,50000,True,1e-05,,0.0,0.0,1.0,2000,train_pred_mse,350000,0.13321693550525954,0.1358717180034373,1.5849504405127482e-05,0.0004006706527988978,1304.4226434195336,56.538518731553964,0.9944,0.0,0.0,0,500,500,4000,3502.934653520584
ok,ptft,5,5000,0.30400000000000005,1520,0.304,10000,0.001,-0.00099,0.0,0.1,1.0,0.1,0.0,unit_total_var,,0.5,5000000,5000,50000,True,1e-05,,0.0,0.0,1.0,2000,train_pred_mse,325000,0.1721355186901031,0.17289529647480162,1.6735466198906385e-05,0.0004253203237265792,1300.5869255883024,57.24447198537602,0.9916,0.0,0.0,0,500,500,4000,4428.232313156128
ok,ptft,0,5000,0.31625000000000003,1581,0.3162,10000,0.001,-0.00099,0.0,0.1,1.0,0.1,0.0,unit_total_var,,0.5,5000000,5000,50000,True,1e-05,,0.0,0.0,1.0,2000,train_pred_mse,380000,0.16710712018697044,0.1686338815650627,1.5499860423075865e-05,0.0003830652980267715,1363.955347510373,57.74678426464055,0.9962,0.0,0.0,0,500,500,4000,2831.8681514263153
ok,ptft,2,5000,0.35300000000000004,1765,0.353,10000,0.001,-0.00099,0.0,0.1,1.0,0.1,0.0,unit_total_var,,0.5,5000000,5000,50000,True,1e-05,,0.0,0.0,1.0,2000,train_pred_mse,495000,0.09400468509337094,0.0955484591180612,1.2627169452796522e-05,0.0002461085765659576,1341.5091288137746,59.12920053552612,0.9958,0.0,0.0,0,500,500,4000,4393.602386236191
ok,ptft,4,5000,0.35300000000000004,1765,0.353,10000,0.001,-0.00099,0.0,0.1,1.0,0.1,0.0,unit_total_var,,0.5,5000000,5000,50000,True,1e-05,,0.0,0.0,1.0,2000,train_pred_mse,470000,0.08168200144118802,0.08224278403925396,1.2953565738391988e-05,0.00027173464569711604,1308.6073795792731,59.024478372756064,0.9962,0.0,0.0,0,500,500,4000,5441.277692556381
ok,ptft,0,5000,0.01,50,0.01,10000,0.001,-0.00099,1.0,0.1,1.0,0.1,0.0,unit_total_var,,0.5,5000000,5000,50000,True,1e-05,,0.0,0.0,1.0,2000,train_pred_mse,5000,1.0239199538592534,1.017402206022376,9.611491571830409e-17,47.940873953511506,372.8440005078664,6.6675834587615395,1.0,0.0,0.0,0,500,500,4000,4.561737060546875
ok,ptft,1,5000,0.01,50,0.01,10000,0.001,-0.00099,1.0,0.1,1.0,0.1,0.0,unit_total_var,,0.5,5000000,5000,50000,True,1e-05,,0.0,0.0,1.0,2000,train_pred_mse,5000,0.955273601170868,0.9439629549227262,1.0003192272511511e-16,47.058710251024934,428.273794373572,7.635058960390433,1.0,0.0,0.0,0,500,500,4000,5.062735557556152
ok,ptft,2,5000,0.01,50,0.01,10000,0.001,-0.00099,1.0,0.1,1.0,0.1,0.0,unit_total_var,,0.5,5000000,5000,50000,True,1e-05,,0.0,0.0,1.0,2000,train_pred_mse,5000,0.9496341304123256,0.9506234626484392,1.0028894332718724e-16,47.58760751324761,373.86996630305794,6.701245056271192,1.0,0.0,0.0,0,500,500,4000,4.853606462478638
ok,ptft,3,5000,0.01,50,0.01,10000,0.001,-0.00099,1.0,0.1,1.0,0.1,0.0,unit_total_var,,0.5,5000000,5000,50000,True,1e-05,,0.0,0.0,1.0,2000,train_pred_mse,5000,0.980907909825082,0.9845394824340916,1.2407173770981787e-16,49.8846624269157,413.24974186635774,7.369609774149632,1.0,0.0,0.0,0,500,500,4000,4.664474010467528
ok,ptft,4,5000,0.01,50,0.01,10000,0.001,-0.00099,1.0,0.1,1.0,0.1,0.0,unit_total_var,,0.5,5000000,5000,50000,True,1e-05,,0.0,0.0,1.0,2000,train_pred_mse,5000,0.9241315843126932,0.94524086260213,9.73797540266982e-17,49.56586567557948,369.830200006272,6.611976140946187,1.0,0.0,0.0,0,500,500,4000,5.190897703170776
ok,ptft,5,5000,0.01,50,0.01,10000,0.001,-0.00099,1.0,0.1,1.0,0.1,0.0,unit_total_var,,0.5,5000000,5000,50000,True,1e-05,,0.0,0.0,1.0,2000,train_pred_mse,5000,1.0163640866667552,1.0086151620806112,9.43804851940748e-17,50.66890726781352,322.66257363332784,5.75594662783924,0.9998,0.0,0.0,0,500,500,4000,5.717320203781128
ok,ptft,0,5000,0.0575,288,0.0576,10000,0.001,-0.00099,1.0,0.1,1.0,0.1,0.0,unit_total_var,,0.5,5000000,5000,50000,True,1e-05,,0.0,0.0,1.0,2000,train_pred_mse,5000,0.9704757277580122,0.9615948596787188,1.2464636586107007e-07,277.7873167327631,943.2148753414027,17.252112084446043,1.0,0.0,0.0,0,500,500,4000,17.56093955039978
ok,ptft,1,5000,0.059,295,0.059000000000000004,10000,0.001,-0.00099,1.0,0.1,1.0,0.1,0.0,unit_total_var,,0.5,5000000,5000,50000,True,1e-05,,0.0,0.0,1.0,2000,train_pred_mse,5000,0.9152881269095362,0.9006110178100757,1.3907194022525895e-07,291.22046047493274,883.4288125086816,16.088812325286693,1.0,0.0,0.0,0,500,500,4000,8.036686658859253
ok,ptft,2,5000,0.059,295,0.059000000000000004,10000,0.001,-0.00099,1.0,0.1,1.0,0.1,0.0,unit_total_var,,0.5,5000000,5000,50000,True,1e-05,,0.0,0.0,1.0,2000,train_pred_mse,5000,0.8966520126161428,0.8972843293584425,1.4690068619734398e-07,282.82854663099124,931.356859588896,17.062345769446168,1.0,0.0,0.0,0,500,500,4000,7.6963655948638925
ok,ptft,3,5000,0.059,295,0.059000000000000004,10000,0.001,-0.00099,1.0,0.1,1.0,0.1,0.0,unit_total_var,,0.5,5000000,5000,50000,True,1e-05,,0.0,0.0,1.0,2000,train_pred_mse,5000,0.9223162445573329,0.9271952100589228,1.3992917203954362e-07,286.2695248997811,943.311135188914,17.44655991250865,1.0,0.0,0.0,0,500,500,4000,8.099469661712646
ok,ptft,4,5000,0.059,295,0.059000000000000004,10000,0.001,-0.00099,1.0,0.1,1.0,0.1,0.0,unit_total_var,,0.5,5000000,5000,50000,True,1e-05,,0.0,0.0,1.0,2000,train_pred_mse,5000,0.8826228513199527,0.8998957345908415,1.5643368020130518e-07,279.2576472760621,866.4677198625003,15.985991861446204,1.0,0.0,0.0,0,500,500,4000,8.418006896972656
ok,ptft,5,5000,0.059,295,0.059000000000000004,10000,0.001,-0.00099,1.0,0.1,1.0,0.1,0.0,unit_total_var,,0.5,5000000,5000,50000,True,1e-05,,0.0,0.0,1.0,2000,train_pred_mse,5000,0.9543258062761576,0.948850299454237,1.9518177995654449e-07,295.4171690654158,931.5721555545626,17.239418615400865,1.0,0.0,0.0,0,500,500,4000,8.684979677200317
ok,ptft,0,5000,0.105,525,0.105,10000,0.001,-0.00099,1.0,0.1,1.0,0.1,0.0,unit_total_var,,0.5,5000000,5000,50000,True,1e-05,,0.0,0.0,1.0,2000,train_pred_mse,5000,0.8961535472382355,0.893281167150775,4.180362387261587e-05,516.1771394838314,1228.728110421358,23.345411295933733,1.0,0.0,0.0,0,500,500,4000,10.237842798233034
ok,ptft,1,5000,0.10800000000000001,540,0.10800000000000001,10000,0.001,-0.00099,1.0,0.1,1.0,0.1,0.0,unit_total_var,,0.5,5000000,5000,50000,True,1e-05,,0.0,0.0,1.0,2000,train_pred_mse,5000,0.8451491275643482,0.8306393854165984,5.256697044290449e-05,521.0328050970396,1222.1145041056625,23.00801236942196,1.0,0.0,0.0,0,500,500,4000,10.761844158172607
ok,ptft,2,5000,0.10800000000000001,540,0.10800000000000001,10000,0.001,-0.00099,1.0,0.1,1.0,0.1,0.0,unit_total_var,,0.5,5000000,5000,50000,True,1e-05,,0.0,0.0,1.0,2000,train_pred_mse,5000,0.8393290448714881,0.8380020597685207,4.9920490266749496e-05,510.66901648440034,1213.0962108067515,22.67715259618194,1.0,0.0,0.0,0,500,500,4000,11.451962232589722
ok,ptft,3,5000,0.10800000000000001,540,0.10800000000000001,10000,0.001,-0.00099,1.0,0.1,1.0,0.1,0.0,unit_total_var,,0.5,5000000,5000,50000,True,1e-05,,0.0,0.0,1.0,2000,train_pred_mse,5000,0.8401851627081472,0.8432122015747229,4.442252879585845e-05,505.2129346660866,1246.111507395945,24.054998263475213,1.0,0.0,0.0,0,500,500,4000,12.043911457061768
ok,ptft,4,5000,0.10800000000000001,540,0.10800000000000001,10000,0.001,-0.00099,1.0,0.1,1.0,0.1,0.0,unit_total_var,,0.5,5000000,5000,50000,True,1e-05,,0.0,0.0,1.0,2000,train_pred_mse,5000,0.7972981329450091,0.8092089504839387,5.487129756998922e-05,509.70127738812124,1233.8258725307514,23.80251935635662,1.0,0.0,0.0,0,500,500,4000,11.689618349075316
ok,ptft,5,5000,0.10800000000000001,540,0.10800000000000001,10000,0.001,-0.00099,1.0,0.1,1.0,0.1,0.0,unit_total_var,,0.5,5000000,5000,50000,True,1e-05,,0.0,0.0,1.0,2000,train_pred_mse,5000,0.8675153720506561,0.8634156107341138,5.493263886831732e-05,499.72995756589404,1271.5244192562716,24.410072715426057,1.0,0.0,0.0,0,500,500,4000,13.41890263557434
ok,ptft,0,5000,0.15250000000000002,763,0.1526,10000,0.001,-0.00099,1.0,0.1,1.0,0.1,0.0,unit_total_var,,0.5,5000000,5000,50000,True,1e-05,,0.0,0.0,1.0,2000,train_pred_mse,10000,0.8584625104354598,0.8515659769615253,9.70857327079895e-06,0.009284985659169026,1380.8457551857375,26.469696891926265,1.0,0.0,0.0,0,500,500,4000,25.993041038513184
ok,ptft,1,5000,0.15700000000000006,785,0.157,10000,0.001,-0.00099,1.0,0.1,1.0,0.1,0.0,unit_total_var,,0.5,5000000,5000,50000,True,1e-05,,0.0,0.0,1.0,2000,train_pred_mse,10000,0.7910367359941926,0.7709818228097475,1.2096191357123127e-05,0.009853609640529542,1394.6467980405118,27.1454238282824,1.0,0.0,0.0,0,500,500,4000,25.97956609725952
ok,ptft,2,5000,0.15700000000000006,785,0.157,10000,0.001,-0.00099,1.0,0.1,1.0,0.1,0.0,unit_total_var,,0.5,5000000,5000,50000,True,1e-05,,0.0,0.0,1.0,2000,train_pred_mse,10000,0.7452040472412231,0.7361237109462206,1.2154701604765214e-05,0.00980497917699265,1467.5675782851206,29.2324757133088,1.0,0.0,0.0,0,500,500,4000,31.140482902526852
ok,ptft,3,5000,0.15700000000000006,785,0.157,10000,0.001,-0.00099,1.0,0.1,1.0,0.1,0.0,unit_total_var,,0.5,5000000,5000,50000,True,1e-05,,0.0,0.0,1.0,2000,train_pred_mse,10000,0.7638992352262082,0.7720894960846629,1.3496544762460467e-05,0.010496720177615292,1441.934773563908,28.635174057553893,1.0,0.0,0.0,0,500,500,4000,31.844234704971317
ok,ptft,4,5000,0.15700000000000006,785,0.157,10000,0.001,-0.00099,1.0,0.1,1.0,0.1,0.0,unit_total_var,,0.5,5000000,5000,50000,True,1e-05,,0.0,0.0,1.0,2000,train_pred_mse,10000,0.7473054110417651,0.7530584226575021,1.203252408828516e-05,0.009969306200928896,1403.4383232121759,27.67535895479225,1.0,0.0,0.0,0,500,500,4000,33.20995330810547
ok,ptft,5,5000,0.15700000000000006,785,0.157,10000,0.001,-0.00099,1.0,0.1,1.0,0.1,0.0,unit_total_var,,0.5,5000000,5000,50000,True,1e-05,,0.0,0.0,1.0,2000,train_pred_mse,10000,0.8044845774323199,0.7932188807757988,9.231843522389313e-06,0.008231931014157182,1433.9212648154278,28.657606399173602,1.0,0.0,0.0,0,500,500,4000,51.215224266052246
ok,ptft,0,5000,0.2,1000,0.2,10000,0.001,-0.00099,1.0,0.1,1.0,0.1,0.0,unit_total_var,,0.5,5000000,5000,50000,True,1e-05,,0.0,0.0,1.0,2000,train_pred_mse,10000,0.7359606125543386,0.7263609635697944,6.43662541325152e-05,0.02536903133719061,1592.6448441166117,32.806164228720725,1.0,0.0,0.0,0,500,500,4000,43.17156004905701
ok,ptft,1,5000,0.206,1030,0.20600000000000002,10000,0.001,-0.00099,1.0,0.1,1.0,0.1,0.0,unit_total_var,,0.5,5000000,5000,50000,True,1e-05,,0.0,0.0,1.0,2000,train_pred_mse,10000,0.7117637608555107,0.6980475278034686,8.69034542351529e-05,0.030945125888187583,1558.8574184002127,30.956063784363174,1.0,0.0,0.0,0,500,500,4000,47.265719652175896
ok,ptft,2,5000,0.206,1030,0.20600000000000002,10000,0.001,-0.00099,1.0,0.1,1.0,0.1,0.0,unit_total_var,,0.5,5000000,5000,50000,True,1e-05,,0.0,0.0,1.0,2000,train_pred_mse,10000,0.6738382180640686,0.6759871090705606,8.474581386418651e-05,0.030877556654728563,1586.5573070065016,32.298694286121346,1.0,0.0,0.0,0,500,500,4000,53.92393207550049
ok,ptft,3,5000,0.206,1030,0.20600000000000002,10000,0.001,-0.00099,1.0,0.1,1.0,0.1,0.0,unit_total_var,,0.5,5000000,5000,50000,True,1e-05,,0.0,0.0,1.0,2000,train_pred_mse,10000,0.6637382505571985,0.6711115501804931,8.079021599971581e-05,0.027894908326110367,1579.6534937751403,33.1611109570639,1.0,0.0,0.0,0,500,500,4000,52.296700954437256
ok,ptft,4,5000,0.206,1030,0.20600000000000002,10000,0.001,-0.00099,1.0,0.1,1.0,0.1,0.0,unit_total_var,,0.5,5000000,5000,50000,True,1e-05,,0.0,0.0,1.0,2000,train_pred_mse,10000,0.6825487575457546,0.693198429840514,7.748094184174096e-05,0.02853863038887642,1535.336731203966,31.08039252541602,1.0,0.0,0.0,0,500,500,4000,46.50449323654175
ok,ptft,5,5000,0.206,1030,0.20600000000000002,10000,0.001,-0.00099,1.0,0.1,1.0,0.1,0.0,unit_total_var,,0.5,5000000,5000,50000,True,1e-05,,0.0,0.0,1.0,2000,train_pred_mse,10000,0.6820806783548983,0.683098176405856,8.037555996810345e-05,0.02883413852881925,1630.6489345850378,34.128598861023306,1.0,0.0,0.0,0,500,500,4000,75.0200548171997
ok,ptft,0,5000,0.255,1275,0.255,10000,0.001,-0.00099,1.0,0.1,1.0,0.1,0.0,unit_total_var,,0.5,5000000,5000,50000,True,1e-05,,0.0,0.0,1.0,2000,train_pred_mse,15000,0.632674692328499,0.6184918585256552,4.991396615608985e-05,0.009046482969501229,1748.959633323244,37.719441612812155,1.0,0.0,0.0,0,500,500,4000,179.4805154800415
ok,ptft,1,5000,0.255,1275,0.255,10000,0.001,-0.00099,1.0,0.1,1.0,0.1,0.0,unit_total_var,,0.5,5000000,5000,50000,True,1e-05,,0.0,0.0,1.0,2000,train_pred_mse,15000,0.58321984113739,0.5862430248566834,4.620457340300803e-05,0.008733769873785656,1706.2763517608735,36.26824537517346,1.0,0.0,0.0,0,500,500,4000,96.27246689796448
ok,ptft,2,5000,0.255,1275,0.255,10000,0.001,-0.00099,1.0,0.1,1.0,0.1,0.0,unit_total_var,,0.5,5000000,5000,50000,True,1e-05,,0.0,0.0,1.0,2000,train_pred_mse,15000,0.5888829803062418,0.5920593467900171,4.468525743509321e-05,0.00833779763096548,1713.570061138145,36.11399145096696,1.0,0.0,0.0,0,500,500,4000,99.8338668346405
ok,ptft,3,5000,0.255,1275,0.255,10000,0.001,-0.00099,1.0,0.1,1.0,0.1,0.0,unit_total_var,,0.5,5000000,5000,50000,True,1e-05,,0.0,0.0,1.0,2000,train_pred_mse,15000,0.6301664929922671,0.6204474519568784,5.067221409827616e-05,0.009436208415693582,1642.085838544651,35.72806158729839,1.0,0.0,0.0,0,500,500,4000,118.80684757232666
ok,ptft,4,5000,0.255,1275,0.255,10000,0.001,-0.00099,1.0,0.1,1.0,0.1,0.0,unit_total_var,,0.5,5000000,5000,50000,True,1e-05,,0.0,0.0,1.0,2000,train_pred_mse,15000,0.577780416270422,0.5877541943479496,4.904619896752656e-05,0.009083375201847512,1682.9204908715192,35.72568293325186,1.0,0.0,0.0,0,500,500,4000,64.68033504486084
ok,ptft,5,5000,0.255,1275,0.255,10000,0.001,-0.00099,1.0,0.1,1.0,0.1,0.0,unit_total_var,,0.5,5000000,5000,50000,True,1e-05,,0.0,0.0,1.0,2000,train_pred_mse,15000,0.5892110585630683,0.6010899026694425,5.457444605447559e-05,0.00965838025405643,1732.2974632900318,37.67893583057327,1.0,0.0,0.0,0,500,500,4000,143.45394325256348
ok,ptft,1,5000,0.30400000000000005,1520,0.304,10000,0.001,-0.00099,1.0,0.1,1.0,0.1,0.0,unit_total_var,,0.5,5000000,5000,50000,True,1e-05,,0.0,0.0,1.0,2000,train_pred_mse,20000,0.5141950208212202,0.5071382153201122,4.6227233136937344e-05,0.006095149339842359,1789.1993370831906,39.65139697838297,1.0,0.0,0.0,0,500,500,4000,171.13596367836
ok,ptft,2,5000,0.30400000000000005,1520,0.304,10000,0.001,-0.00099,1.0,0.1,1.0,0.1,0.0,unit_total_var,,0.5,5000000,5000,50000,True,1e-05,,0.0,0.0,1.0,2000,train_pred_mse,20000,0.5008969369845733,0.5023684933974822,4.411905196021879e-05,0.005787620172702492,1811.6267818889391,40.05644699980007,1.0,0.0,0.0,0,500,500,4000,178.59831976890564
ok,ptft,3,5000,0.30400000000000005,1520,0.304,10000,0.001,-0.00099,1.0,0.1,1.0,0.1,0.0,unit_total_var,,0.5,5000000,5000,50000,True,1e-05,,0.0,0.0,1.0,2000,train_pred_mse,20000,0.4933004189341664,0.5011385811998471,5.045304910734821e-05,0.006231835753341796,1768.6351771645345,41.09484255165157,1.0,0.0,0.0,0,500,500,4000,246.6706964969635
ok,ptft,4,5000,0.30400000000000005,1520,0.304,10000,0.001,-0.00099,1.0,0.1,1.0,0.1,0.0,unit_total_var,,0.5,5000000,5000,50000,True,1e-05,,0.0,0.0,1.0,2000,train_pred_mse,20000,0.4769415438822265,0.484832893484089,4.3774940541248296e-05,0.005634061099572908,1815.7383152740592,40.30644468829039,1.0,0.0,0.0,0,500,500,4000,189.98362112045288
ok,ptft,5,5000,0.30400000000000005,1520,0.304,10000,0.001,-0.00099,1.0,0.1,1.0,0.1,0.0,unit_total_var,,0.5,5000000,5000,50000,True,1e-05,,0.0,0.0,1.0,2000,train_pred_mse,20000,0.5156373717044266,0.5139340316420826,4.2157765102868515e-05,0.005278624146488786,1797.869137915223,41.56768016451859,1.0,0.0,0.0,0,500,500,4000,168.53830671310425
ok,ptft,0,5000,0.31625000000000003,1581,0.3162,10000,0.001,-0.00099,1.0,0.1,1.0,0.1,0.0,unit_total_var,,0.5,5000000,5000,50000,True,1e-05,,0.0,0.0,1.0,2000,train_pred_mse,20000,0.5145280676328252,0.5113322287042704,5.775546836931372e-05,0.0068385420491870715,1876.158404365831,42.22425459833021,1.0,0.0,0.0,0,500,500,4000,240.3000054359436
ok,ptft,1,5000,0.35300000000000004,1765,0.353,10000,0.001,-0.00099,1.0,0.1,1.0,0.1,0.0,unit_total_var,,0.5,5000000,5000,50000,True,1e-05,,0.0,0.0,1.0,2000,train_pred_mse,25000,0.4289347112864747,0.4208104476262667,4.6824396242267904e-05,0.0047742897580942655,1854.11435115216,43.40957801368688,1.0,0.0,0.0,0,500,500,4000,263.71685910224915
ok,ptft,2,5000,0.35300000000000004,1765,0.353,10000,0.001,-0.00099,1.0,0.1,1.0,0.1,0.0,unit_total_var,,0.5,5000000,5000,50000,True,1e-05,,0.0,0.0,1.0,2000,train_pred_mse,25000,0.4181504365558667,0.4188191657426724,5.140706301178075e-05,0.005033008676822158,1856.143458563959,43.961994975128405,1.0,0.0,0.0,0,500,500,4000,277.3255450725556
ok,ptft,3,5000,0.35300000000000004,1765,0.353,10000,0.001,-0.00099,1.0,0.1,1.0,0.1,0.0,unit_total_var,,0.5,5000000,5000,50000,True,1e-05,,0.0,0.0,1.0,2000,train_pred_mse,25000,0.4226338835138233,0.41986492230143896,4.782312145904906e-05,0.004641431886573702,1853.9373528161252,44.523722581537626,1.0,0.0,0.0,0,500,500,4000,448.4943864345551
ok,ptft,4,5000,0.35300000000000004,1765,0.353,10000,0.001,-0.00099,1.0,0.1,1.0,0.1,0.0,unit_total_var,,0.5,5000000,5000,50000,True,1e-05,,0.0,0.0,1.0,2000,train_pred_mse,25000,0.4182743623218936,0.422663520740562,4.4564434933102556e-05,0.004574939974095564,1831.6403342873425,42.970956512545655,1.0,0.0,0.0,0,500,500,4000,289.4074907302856
ok,ptft,5,5000,0.35300000000000004,1765,0.353,10000,0.001,-0.00099,1.0,0.1,1.0,0.1,0.0,unit_total_var,,0.5,5000000,5000,50000,True,1e-05,,0.0,0.0,1.0,2000,train_pred_mse,25000,0.4316666983338746,0.4286227261049889,4.3031571582357415e-05,0.0041920801149142395,1869.9133365201212,45.18591349100486,1.0,0.0,0.0,0,500,500,4000,312.89985084533686
ok,ptft,0,5000,0.3775,1888,0.3776,10000,0.001,-0.00099,1.0,0.1,1.0,0.1,0.0,unit_total_var,,0.5,5000000,5000,50000,True,1e-05,,0.0,0.0,1.0,2000,train_pred_mse,25000,0.384007289538844,0.3828548767147343,6.752457345704327e-05,0.006005450674682607,1940.9061267689328,47.52997119434728,0.9998,0.0,0.0,0,500,500,4000,245.9149842262268
ok,ptft,1,5000,0.402,2010,0.402,10000,0.001,-0.00099,1.0,0.1,1.0,0.1,0.0,unit_total_var,,0.5,5000000,5000,50000,True,1e-05,,0.0,0.0,1.0,2000,train_pred_mse,30000,0.3463692216523977,0.33752978404692097,5.459209212944592e-05,0.0045772626213100255,1905.920588424973,47.09940609683179,1.0,0.0,0.0,0,500,500,4000,379.74573636054987
ok,ptft,2,5000,0.402,2010,0.402,10000,0.001,-0.00099,1.0,0.1,1.0,0.1,0.0,unit_total_var,,0.5,5000000,5000,50000,True,1e-05,,0.0,0.0,1.0,2000,train_pred_mse,30000,0.3408471616501155,0.3412525445215095,5.6133860787578294e-05,0.004588107504641622,1917.7658006196066,47.29260893045003,1.0,0.0,0.0,0,500,500,4000,392.34111189842224
ok,ptft,3,5000,0.402,2010,0.402,10000,0.001,-0.00099,1.0,0.1,1.0,0.1,0.0,unit_total_var,,0.5,5000000,5000,50000,True,1e-05,,0.0,0.0,1.0,2000,train_pred_mse,30000,0.3514146983626093,0.3530054829523049,5.6825563013846447e-05,0.004647915272586148,1880.4177292404104,47.46921703069498,1.0,0.0,0.0,0,500,500,4000,283.81683325767517
ok,ptft,4,5000,0.402,2010,0.402,10000,0.001,-0.00099,1.0,0.1,1.0,0.1,0.0,unit_total_var,,0.5,5000000,5000,50000,True,1e-05,,0.0,0.0,1.0,2000,train_pred_mse,30000,0.3272939798888381,0.3349038900969733,5.726890378297269e-05,0.004732770462486132,1903.4584950846095,46.90043997805853,1.0,0.0,0.0,0,500,500,4000,399.7683777809143
ok,ptft,5,5000,0.402,2010,0.402,10000,0.001,-0.00099,1.0,0.1,1.0,0.1,0.0,unit_total_var,,0.5,5000000,5000,50000,True,1e-05,,0.0,0.0,1.0,2000,train_pred_mse,30000,0.3619558149640244,0.3609413054482563,5.6802920378253675e-05,0.004618907203930747,1929.987122565104,47.753920028461856,1.0,0.0,0.0,0,500,500,4000,428.1644010543823
ok,ptft,0,5000,0.43875,2194,0.4388,10000,0.001,-0.00099,1.0,0.1,1.0,0.1,0.0,unit_total_var,,0.5,5000000,5000,50000,True,1e-05,,0.0,0.0,1.0,2000,train_pred_mse,35000,0.3174461130579665,0.31579219393632424,5.769866925654524e-05,0.004235223594306595,1988.3365341042727,50.524718764964504,1.0,0.0,0.0,0,500,500,4000,479.5712699890137
ok,ptft,1,5000,0.451,2255,0.451,10000,0.001,-0.00099,1.0,0.1,1.0,0.1,0.0,unit_total_var,,0.5,5000000,5000,50000,True,1e-05,,0.0,0.0,1.0,2000,train_pred_mse,40000,0.2684741878786696,0.26805883864155405,4.159486468145126e-05,0.002990274193524347,1922.677745683945,50.100124188832204,1.0,0.0,0.0,0,500,500,4000,559.0751211643219
ok,ptft,2,5000,0.451,2255,0.451,10000,0.001,-0.00099,1.0,0.1,1.0,0.1,0.0,unit_total_var,,0.5,5000000,5000,50000,True,1e-05,,0.0,0.0,1.0,2000,train_pred_mse,40000,0.307394757809462,0.30459892221678186,4.293655535262782e-05,0.0031501880970572697,1948.548033603318,48.7728503679211,1.0,0.0,0.0,0,500,500,4000,601.3466894626617
ok,ptft,3,5000,0.451,2255,0.451,10000,0.001,-0.00099,1.0,0.1,1.0,0.1,0.0,unit_total_var,,0.5,5000000,5000,50000,True,1e-05,,0.0,0.0,1.0,2000,train_pred_mse,40000,0.28073305178627045,0.27543790929623146,4.025110198835945e-05,0.002838617296388706,1927.4254145455707,50.996635819783364,1.0,0.0,0.0,0,500,500,4000,446.5868966579437
ok,ptft,4,5000,0.451,2255,0.451,10000,0.001,-0.00099,1.0,0.1,1.0,0.1,0.0,unit_total_var,,0.5,5000000,5000,50000,True,1e-05,,0.0,0.0,1.0,2000,train_pred_mse,40000,0.2648934397003768,0.2675486552713449,4.333051803924184e-05,0.003047810527836241,1904.4446823360504,50.135522636901655,1.0,0.0,0.0,0,500,500,4000,381.4520173072815
ok,ptft,5,5000,0.451,2255,0.451,10000,0.001,-0.00099,1.0,0.1,1.0,0.1,0.0,unit_total_var,,0.5,5000000,5000,50000,True,1e-05,,0.0,0.0,1.0,2000,train_pred_mse,40000,0.2920103441646346,0.2923032722877555,4.2527548206943045e-05,0.0029592579122356623,1922.1559224479831,51.203557706969406,1.0,0.0,0.0,0,500,500,4000,638.5679090023042
ok,ptft,0,5000,0.5,2500,0.5,10000,0.001,-0.00099,1.0,0.1,1.0,0.1,0.0,unit_total_var,,0.5,5000000,5000,50000,True,1e-05,,0.0,0.0,1.0,2000,train_pred_mse,50000,0.2596450959508185,0.2606527960262199,4.1234446047158985e-05,0.0026307051723401405,2002.1252328502765,52.801970940312316,1.0,0.0,0.0,0,500,500,4000,770.2425084114075
ok,ptft,1,5000,0.5,2500,0.5,10000,0.001,-0.00099,1.0,0.1,1.0,0.1,0.0,unit_total_var,,0.5,5000000,5000,50000,True,1e-05,,0.0,0.0,1.0,2000,train_pred_mse,50000,0.2232101642000288,0.2214382197903114,3.777194993345654e-05,0.002416566505986486,1926.6991261982141,52.3803480895241,1.0,0.0,0.0,0,500,500,4000,755.7045414447784
ok,ptft,2,5000,0.5,2500,0.5,10000,0.001,-0.00099,1.0,0.1,1.0,0.1,0.0,unit_total_var,,0.5,5000000,5000,50000,True,1e-05,,0.0,0.0,1.0,2000,train_pred_mse,50000,0.2328357857305231,0.2319323784743635,4.101497867528879e-05,0.0026042681134660125,1955.6028424235,52.489880732936754,1.0,0.0,0.0,0,500,500,4000,811.8847496509552
ok,ptft,3,5000,0.5,2500,0.5,10000,0.001,-0.00099,1.0,0.1,1.0,0.1,0.0,unit_total_var,,0.5,5000000,5000,50000,True,1e-05,,0.0,0.0,1.0,2000,train_pred_mse,50000,0.22273301898535866,0.2284181462304944,3.808132181070521e-05,0.002361794437660037,1912.6144516964137,53.71359753338577,1.0,0.0,0.0,0,500,500,4000,1117.7259573936462
ok,ptft,4,5000,0.5,2500,0.5,10000,0.001,-0.00099,1.0,0.1,1.0,0.1,0.0,unit_total_var,,0.5,5000000,5000,50000,True,1e-05,,0.0,0.0,1.0,2000,train_pred_mse,45000,0.2406023913342589,0.24520093634766002,4.872477651847879e-05,0.003232149409775477,1926.297815937948,51.3127968025093,1.0,0.0,0.0,0,500,500,4000,636.5829710960387
ok,ptft,5,5000,0.5,2500,0.5,10000,0.001,-0.00099,1.0,0.1,1.0,0.1,0.0,unit_total_var,,0.5,5000000,5000,50000,True,1e-05,,0.0,0.0,1.0,2000,train_pred_mse,50000,0.23947763435901756,0.23778504357821675,4.046366970752786e-05,0.002496134814484007,1937.4094760898236,53.68662922666297,1.0,0.0,0.0,0,500,500,4000,865.0618305206299
ok,ptft,0,5000,0.01,50,0.01,10000,0.001,0.00099,0.0,0.1,1.0,0.1,0.0,unit_total_var,,0.5,5000000,5000,50000,True,1e-05,,0.0,0.0,1.0,2000,train_pred_mse,5000,1.1256376270213262,1.1193243467226224,4.803268089167644e-12,126.11134447376725,384.75309558175485,21.60095167682277,0.9996,0.0,0.0,0,500,500,4000,4.910505294799805
ok,ptft,1,5000,0.01,50,0.01,10000,0.001,0.00099,0.0,0.1,1.0,0.1,0.0,unit_total_var,,0.5,5000000,5000,50000,True,1e-05,,0.0,0.0,1.0,2000,train_pred_mse,5000,1.0810847643311774,1.0674763926496744,3.3838329321042546e-12,111.71549327844663,399.7153754573653,23.694489365408447,0.9994,0.0,0.0,0,500,500,4000,4.710520505905151
ok,ptft,2,5000,0.01,50,0.01,10000,0.001,0.00099,0.0,0.1,1.0,0.1,0.0,unit_total_var,,0.5,5000000,5000,50000,True,1e-05,,0.0,0.0,1.0,2000,train_pred_mse,5000,1.053803932755907,1.0501590274117822,1.1792211835929424e-12,120.16523449440511,370.5901245526777,21.318430620159873,0.9998,0.0,0.0,0,500,500,4000,5.530343055725098
ok,ptft,3,5000,0.01,50,0.01,10000,0.001,0.00099,0.0,0.1,1.0,0.1,0.0,unit_total_var,,0.5,5000000,5000,50000,True,1e-05,,0.0,0.0,1.0,2000,train_pred_mse,5000,1.1161079799751616,1.1132318585336376,5.329932953123557e-12,135.6970221537545,427.0736507039664,24.321276466133423,0.9996,0.0,0.0,0,500,500,4000,4.472567796707153
ok,ptft,4,5000,0.01,50,0.01,10000,0.001,0.00099,0.0,0.1,1.0,0.1,0.0,unit_total_var,,0.5,5000000,5000,50000,True,1e-05,,0.0,0.0,1.0,2000,train_pred_mse,5000,1.0211188143636227,1.0439042014494602,4.837046062105912e-12,126.49509147019259,372.57730331244085,21.25331785084234,0.9994,0.0,0.0,0,500,500,4000,4.977692604064941
ok,ptft,5,5000,0.01,50,0.01,10000,0.001,0.00099,0.0,0.1,1.0,0.1,0.0,unit_total_var,,0.5,5000000,5000,50000,True,1e-05,,0.0,0.0,1.0,2000,train_pred_mse,5000,1.0759922038684453,1.0810232614818116,2.2269482171806274e-12,126.83077924402856,320.28218870648084,18.17130143692635,0.9994,0.0,0.0,0,500,500,4000,4.8419320583343515
ok,ptft,0,5000,0.0575,288,0.0576,10000,0.001,0.00099,0.0,0.1,1.0,0.1,0.0,unit_total_var,,0.5,5000000,5000,50000,True,1e-05,,0.0,0.0,1.0,2000,train_pred_mse,15000,1.8169868507546159,1.8040259319779797,4.4240028473095365e-05,0.008187871177216898,1189.5761570448778,63.315519415631634,1.0,0.0,0.0,0,500,500,4000,18.515633583068848
ok,ptft,1,5000,0.059,295,0.059000000000000004,10000,0.001,0.00099,0.0,0.1,1.0,0.1,0.0,unit_total_var,,0.5,5000000,5000,50000,True,1e-05,,0.0,0.0,1.0,2000,train_pred_mse,15000,1.6426449325352106,1.6304807301995476,3.640102170993144e-05,0.0074272714072324405,1107.9262853518744,59.26779082419875,1.0,0.0,0.0,0,500,500,4000,18.897141218185425
ok,ptft,2,5000,0.059,295,0.059000000000000004,10000,0.001,0.00099,0.0,0.1,1.0,0.1,0.0,unit_total_var,,0.5,5000000,5000,50000,True,1e-05,,0.0,0.0,1.0,2000,train_pred_mse,15000,1.7190123253818914,1.7123249064876784,4.800816004701773e-05,0.00896621588738359,1144.9523060048932,62.234481851665315,0.9998,0.0,0.0,0,500,500,4000,17.763656139373783
ok,ptft,3,5000,0.059,295,0.059000000000000004,10000,0.001,0.00099,0.0,0.1,1.0,0.1,0.0,unit_total_var,,0.5,5000000,5000,50000,True,1e-05,,0.0,0.0,1.0,2000,train_pred_mse,15000,1.7216116370830037,1.7354823219808124,4.286150023654048e-05,0.007875594194997936,1184.7626554723065,62.484412151359386,1.0,0.0,0.0,0,500,500,4000,33.213965654373176
ok,ptft,4,5000,0.059,295,0.059000000000000004,10000,0.001,0.00099,0.0,0.1,1.0,0.1,0.0,unit_total_var,,0.5,5000000,5000,50000,True,1e-05,,0.0,0.0,1.0,2000,train_pred_mse,15000,1.602490163289838,1.6317735659568455,3.847109932507104e-05,0.007479508787051538,1124.740581032959,59.143913408539845,1.0,0.0,0.0,0,500,500,4000,18.925010442733765
ok,ptft,5,5000,0.059,295,0.059000000000000004,10000,0.001,0.00099,0.0,0.1,1.0,0.1,0.0,unit_total_var,,0.5,5000000,5000,50000,True,1e-05,,0.0,0.0,1.0,2000,train_pred_mse,15000,1.7511681365044272,1.76117011786331,5.633166883018246e-05,0.010040379405288688,1144.7229693798356,62.309480379274476,0.9998,0.0,0.0,0,500,500,4000,18.716595888137817
ok,ptft,0,5000,0.105,525,0.105,10000,0.001,0.00099,0.0,0.1,1.0,0.1,0.0,unit_total_var,,0.5,5000000,5000,50000,True,1e-05,,0.0,0.0,1.0,2000,train_pred_mse,25000,1.5811075941237072,1.5894804049423858,5.3437106161746207e-05,0.0042897210921079496,1395.3907511144146,60.96024654233562,0.9996,0.0,0.0,0,500,500,4000,49.604599952697754
ok,ptft,1,5000,0.10800000000000001,540,0.10800000000000001,10000,0.001,0.00099,0.0,0.1,1.0,0.1,0.0,unit_total_var,,0.5,5000000,5000,50000,True,1e-05,,0.0,0.0,1.0,2000,train_pred_mse,25000,1.5316058960559322,1.5215733296747234,5.663893768419914e-05,0.004668353773926972,1369.863786566924,59.21871859218611,1.0,0.0,0.0,0,500,500,4000,104.53588557243349
ok,ptft,2,5000,0.10800000000000001,540,0.10800000000000001,10000,0.001,0.00099,0.0,0.1,1.0,0.1,0.0,unit_total_var,,0.5,5000000,5000,50000,True,1e-05,,0.0,0.0,1.0,2000,train_pred_mse,25000,1.4313830911317755,1.429046159888954,6.0510976892315306e-05,0.005356386500418139,1336.2206251647924,56.23464251660067,0.9998,0.0,0.0,0,500,500,4000,57.22879648208618
ok,ptft,3,5000,0.10800000000000001,540,0.10800000000000001,10000,0.001,0.00099,0.0,0.1,1.0,0.1,0.0,unit_total_var,,0.5,5000000,5000,50000,True,1e-05,,0.0,0.0,1.0,2000,train_pred_mse,25000,1.5620427415363147,1.5557266815120965,7.191913531727366e-05,0.005536645695372278,1404.5792874930398,60.96774226676532,1.0,0.0,0.0,0,500,500,4000,44.880698442459106
ok,ptft,4,5000,0.10800000000000001,540,0.10800000000000001,10000,0.001,0.00099,0.0,0.1,1.0,0.1,0.0,unit_total_var,,0.5,5000000,5000,50000,True,1e-05,,0.0,0.0,1.0,2000,train_pred_mse,25000,1.492080474363047,1.4897084843393649,6.861374359336681e-05,0.005874757133944755,1440.5555911202357,61.360847363773615,1.0,0.0,0.0,0,500,500,4000,100.6246371269226
ok,ptft,5,5000,0.10800000000000001,540,0.10800000000000001,10000,0.001,0.00099,0.0,0.1,1.0,0.1,0.0,unit_total_var,,0.5,5000000,5000,50000,True,1e-05,,0.0,0.0,1.0,2000,train_pred_mse,25000,1.550995910518275,1.5311874881630751,5.211058913267565e-05,0.004266970103851378,1422.310322804974,59.931648034541034,0.9996,0.0,0.0,0,500,500,4000,61.08160257339478
ok,ptft,0,5000,0.15250000000000002,763,0.1526,10000,0.001,0.00099,0.0,0.1,1.0,0.1,0.0,unit_total_var,,0.5,5000000,5000,50000,True,1e-05,,0.0,0.0,1.0,2000,train_pred_mse,40000,1.3134140627144542,1.2851296799970415,4.081905269317966e-05,0.0026214197022520138,1430.0288503999982,53.534161069760906,1.0,0.0,0.0,0,500,500,4000,253.5447728633881
ok,ptft,1,5000,0.15700000000000006,785,0.157,10000,0.001,0.00099,0.0,0.1,1.0,0.1,0.0,unit_total_var,,0.5,5000000,5000,50000,True,1e-05,,0.0,0.0,1.0,2000,train_pred_mse,40000,1.2698760124692077,1.2109199734330378,5.550349047398604e-05,0.0035712208313341508,1427.3366412819046,52.476102591161435,0.9998,0.0,0.0,0,500,500,4000,111.0884931087494
ok,ptft,2,5000,0.15700000000000006,785,0.157,10000,0.001,0.00099,0.0,0.1,1.0,0.1,0.0,unit_total_var,,0.5,5000000,5000,50000,True,1e-05,,0.0,0.0,1.0,2000,train_pred_mse,40000,1.1990895033321527,1.1892397572300324,5.092329719024311e-05,0.003104619622386633,1520.5327293952857,56.330211474713145,1.0,0.0,0.0,0,500,500,4000,127.08561491966248
ok,ptft,3,5000,0.15700000000000006,785,0.157,10000,0.001,0.00099,0.0,0.1,1.0,0.1,0.0,unit_total_var,,0.5,5000000,5000,50000,True,1e-05,,0.0,0.0,1.0,2000,train_pred_mse,40000,1.1572798802279196,1.165034239811073,5.366444857659652e-05,0.003422111619787773,1463.949768424476,54.17598882958666,1.0,0.0,0.0,0,500,500,4000,102.06177401542664
ok,ptft,4,5000,0.15700000000000006,785,0.157,10000,0.001,0.00099,0.0,0.1,1.0,0.1,0.0,unit_total_var,,0.5,5000000,5000,50000,True,1e-05,,0.0,0.0,1.0,2000,train_pred_mse,40000,1.2067385304854483,1.227344755841657,4.747872862948478e-05,0.002906905005745857,1460.7321969495395,54.48228678379771,0.9996,0.0,0.0,0,500,500,4000,109.11298942565918
ok,ptft,5,5000,0.15700000000000006,785,0.157,10000,0.001,0.00099,0.0,0.1,1.0,0.1,0.0,unit_total_var,,0.5,5000000,5000,50000,True,1e-05,,0.0,0.0,1.0,2000,train_pred_mse,40000,1.23936346807914,1.214992480512043,4.1933697608821214e-05,0.0027647662504587315,1457.82705918707,54.105156415697444,1.0,0.0,0.0,0,500,500,4000,164.6745934486389
ok,ptft,0,5000,0.2,1000,0.2,10000,0.001,0.00099,0.0,0.1,1.0,0.1,0.0,unit_total_var,,0.5,5000000,5000,50000,True,1e-05,,0.0,0.0,1.0,2000,train_pred_mse,60000,1.0178950615103144,1.0071931109323913,3.969286828307839e-05,0.002001124838847228,1532.8853441448584,54.01949171877181,1.0,0.0,0.0,0,500,500,4000,319.3547191619873
ok,ptft,1,5000,0.206,1030,0.20600000000000002,10000,0.001,0.00099,0.0,0.1,1.0,0.1,0.0,unit_total_var,,0.5,5000000,5000,50000,True,1e-05,,0.0,0.0,1.0,2000,train_pred_mse,65000,1.005571613568765,0.996254262100936,3.612733689931263e-05,0.0018265630765438813,1525.0893407145036,52.13850179443705,1.0,0.0,0.0,0,500,500,4000,531.4783918857573
ok,ptft,2,5000,0.206,1030,0.20600000000000002,10000,0.001,0.00099,0.0,0.1,1.0,0.1,0.0,unit_total_var,,0.5,5000000,5000,50000,True,1e-05,,0.0,0.0,1.0,2000,train_pred_mse,60000,0.9349686712034376,0.9464198836874442,4.164134979000061e-05,0.002144326751251268,1523.2647431938624,52.18696523280238,1.0,0.0,0.0,0,500,500,4000,434.4974603652954
ok,ptft,3,5000,0.206,1030,0.20600000000000002,10000,0.001,0.00099,0.0,0.1,1.0,0.1,0.0,unit_total_var,,0.5,5000000,5000,50000,True,1e-05,,0.0,0.0,1.0,2000,train_pred_mse,60000,0.9662733535683352,0.9583957945639124,3.8488297315391465e-05,0.0019741565099224367,1549.114828724002,54.261913220042345,1.0,0.0,0.0,0,500,500,4000,287.31167578697205
ok,ptft,4,5000,0.206,1030,0.20600000000000002,10000,0.001,0.00099,0.0,0.1,1.0,0.1,0.0,unit_total_var,,0.5,5000000,5000,50000,True,1e-05,,0.0,0.0,1.0,2000,train_pred_mse,65000,0.9323993912107535,0.9313935864697204,3.641787326369254e-05,0.0019080520405983133,1477.7401940020084,50.0924818539002,1.0,0.0,0.0,0,500,500,4000,607.6725568771362
ok,ptft,5,5000,0.206,1030,0.20600000000000002,10000,0.001,0.00099,0.0,0.1,1.0,0.1,0.0,unit_total_var,,0.5,5000000,5000,50000,True,1e-05,,0.0,0.0,1.0,2000,train_pred_mse,60000,0.8911460913113124,0.9028936356484832,3.649828065507411e-05,0.0019227153681692297,1544.2353044774538,53.42266942445509,1.0,0.0,0.0,0,500,500,4000,282.1550080776214
ok,ptft,0,5000,0.255,1275,0.255,10000,0.001,0.00099,0.0,0.1,1.0,0.1,0.0,unit_total_var,,0.5,5000000,5000,50000,True,1e-05,,0.0,0.0,1.0,2000,train_pred_mse,85000,0.7609423305495375,0.7423244041447714,3.6647728901188956e-05,0.0016757643900755699,1608.8181957747297,52.82518802133586,1.0,0.0,0.0,0,500,500,4000,571.44540143013
ok,ptft,1,5000,0.255,1275,0.255,10000,0.001,0.00099,0.0,0.1,1.0,0.1,0.0,unit_total_var,,0.5,5000000,5000,50000,True,1e-05,,0.0,0.0,1.0,2000,train_pred_mse,85000,0.7046222748264986,0.7091453428791581,3.330055149335289e-05,0.0015376761888859427,1587.6778939706167,51.56402746776239,1.0,0.0,0.0,0,500,500,4000,892.8960206508636
ok,ptft,2,5000,0.255,1275,0.255,10000,0.001,0.00099,0.0,0.1,1.0,0.1,0.0,unit_total_var,,0.5,5000000,5000,50000,True,1e-05,,0.0,0.0,1.0,2000,train_pred_mse,80000,0.6948615504033019,0.6886952751951341,3.800513703363402e-05,0.0017373145522254765,1568.2507899623745,50.92234519312349,1.0,0.0,0.0,0,500,500,4000,889.5271389484406
ok,ptft,3,5000,0.255,1275,0.255,10000,0.001,0.00099,0.0,0.1,1.0,0.1,0.0,unit_total_var,,0.5,5000000,5000,50000,True,1e-05,,0.0,0.0,1.0,2000,train_pred_mse,85000,0.7061777187725088,0.7086959326792461,3.359925020086972e-05,0.0015742135024462527,1529.0371498641439,50.408849559865395,1.0,0.0,0.0,0,500,500,4000,740.0312547683716
ok,ptft,4,5000,0.255,1275,0.255,10000,0.001,0.00099,0.0,0.1,1.0,0.1,0.0,unit_total_var,,0.5,5000000,5000,50000,True,1e-05,,0.0,0.0,1.0,2000,train_pred_mse,80000,0.6464670182273062,0.6689635434961673,3.56620552311497e-05,0.0017215915603046848,1545.911545837466,50.209358339152296,1.0,0.0,0.0,0,500,500,4000,908.630526304245
ok,ptft,5,5000,0.255,1275,0.255,10000,0.001,0.00099,0.0,0.1,1.0,0.1,0.0,unit_total_var,,0.5,5000000,5000,50000,True,1e-05,,0.0,0.0,1.0,2000,train_pred_mse,85000,0.6559950420263227,0.6721409151513291,3.298973356129464e-05,0.0014515246864368215,1601.8593399995925,53.469034096924226,0.9998,0.0,0.0,0,500,500,4000,591.7526574134828
ok,ptft,1,5000,0.30400000000000005,1520,0.304,10000,0.001,0.00099,0.0,0.1,1.0,0.1,0.0,unit_total_var,,0.5,5000000,5000,50000,True,1e-05,,0.0,0.0,1.0,2000,train_pred_mse,115000,0.5081877817245251,0.5041529518887584,3.0057579382755684e-05,0.0012429269415148135,1603.4968167566994,51.53475581405154,1.0,0.0,0.0,0,500,500,4000,786.3491847515106
ok,ptft,2,5000,0.30400000000000005,1520,0.304,10000,0.001,0.00099,0.0,0.1,1.0,0.1,0.0,unit_total_var,,0.5,5000000,5000,50000,True,1e-05,,0.0,0.0,1.0,2000,train_pred_mse,115000,0.487732464941313,0.4915364205054426,3.170882336240769e-05,0.001291026207441762,1626.2639884581008,52.665301736205436,1.0,0.0,0.0,0,500,500,4000,1516.8695538043976
ok,ptft,3,5000,0.30400000000000005,1520,0.304,10000,0.001,0.00099,0.0,0.1,1.0,0.1,0.0,unit_total_var,,0.5,5000000,5000,50000,True,1e-05,,0.0,0.0,1.0,2000,train_pred_mse,120000,0.4755853370180733,0.483522522781628,2.859625612517678e-05,0.001067774159565913,1569.3088266910572,53.520683336994,1.0,0.0,0.0,0,500,500,4000,1171.7758243083956
ok,ptft,4,5000,0.30400000000000005,1520,0.304,10000,0.001,0.00099,0.0,0.1,1.0,0.1,0.0,unit_total_var,,0.5,5000000,5000,50000,True,1e-05,,0.0,0.0,1.0,2000,train_pred_mse,115000,0.44715767775480536,0.4565893596013042,2.9365185020133448e-05,0.0011661618441259794,1616.735774068298,52.62627156693962,1.0,0.0,0.0,0,500,500,4000,856.3358035087585
ok,ptft,5,5000,0.30400000000000005,1520,0.304,10000,0.001,0.00099,0.0,0.1,1.0,0.1,0.0,unit_total_var,,0.5,5000000,5000,50000,True,1e-05,,0.0,0.0,1.0,2000,train_pred_mse,110000,0.4350083972362185,0.4388573339633145,3.2247915251485716e-05,0.0012859700510110881,1582.8102514763855,53.136635381729015,1.0,0.0,0.0,0,500,500,4000,612.9703073501588
ok,ptft,0,5000,0.31625000000000003,1581,0.3162,10000,0.001,0.00099,0.0,0.1,1.0,0.1,0.0,unit_total_var,,0.5,5000000,5000,50000,True,1e-05,,0.0,0.0,1.0,2000,train_pred_mse,130000,0.4273670233806823,0.4287362252348148,2.8857413894897496e-05,0.0010535050505607773,1614.7100362550045,54.08910219747156,1.0,0.0,0.0,0,500,500,4000,1104.8873031139374
ok,ptft,1,5000,0.35300000000000004,1765,0.353,10000,0.001,0.00099,0.0,0.1,1.0,0.1,0.0,unit_total_var,,0.5,5000000,5000,50000,True,1e-05,,0.0,0.0,1.0,2000,train_pred_mse,165000,0.2940678303285725,0.2879765829450026,2.412040674246065e-05,0.0007917177087379657,1575.241746328568,54.20890428173747,1.0,0.0,0.0,0,500,500,4000,1387.297734260559
ok,ptft,2,5000,0.35300000000000004,1765,0.353,10000,0.001,0.00099,0.0,0.1,1.0,0.1,0.0,unit_total_var,,0.5,5000000,5000,50000,True,1e-05,,0.0,0.0,1.0,2000,train_pred_mse,170000,0.295751123019508,0.29470351990008065,2.3446030501417214e-05,0.0007541627989467229,1579.8074770970165,54.74348196912285,1.0,0.0,0.0,0,500,500,4000,1683.3773291110992
ok,ptft,3,5000,0.35300000000000004,1765,0.353,10000,0.001,0.00099,0.0,0.1,1.0,0.1,0.0,unit_total_var,,0.5,5000000,5000,50000,True,1e-05,,0.0,0.0,1.0,2000,train_pred_mse,165000,0.27969518268015897,0.2800421248980541,2.5009928468196742e-05,0.0007994468910087497,1565.4414782235629,55.30272304881596,1.0,0.0,0.0,0,500,500,4000,1669.2528162002563
ok,ptft,4,5000,0.35300000000000004,1765,0.353,10000,0.001,0.00099,0.0,0.1,1.0,0.1,0.0,unit_total_var,,0.5,5000000,5000,50000,True,1e-05,,0.0,0.0,1.0,2000,train_pred_mse,155000,0.30195667323012365,0.3050343118990932,2.552629907131068e-05,0.0008494007495754329,1566.0236298023972,53.68295814178514,1.0,0.0,0.0,0,500,500,4000,1278.9431278705595
ok,ptft,5,5000,0.35300000000000004,1765,0.353,10000,0.001,0.00099,0.0,0.1,1.0,0.1,0.0,unit_total_var,,0.5,5000000,5000,50000,True,1e-05,,0.0,0.0,1.0,2000,train_pred_mse,165000,0.2789579401176225,0.2752538330324108,2.4077915594065853e-05,0.0007707649274853727,1567.7089512642817,56.23568167422915,1.0,0.0,0.0,0,500,500,4000,1380.713589668274
ok,ptft,0,5000,0.3775,1888,0.3776,10000,0.001,0.00099,0.0,0.1,1.0,0.1,0.0,unit_total_var,,0.5,5000000,5000,50000,True,1e-05,,0.0,0.0,1.0,2000,train_pred_mse,180000,0.20156211171110064,0.20164024970701008,2.2420734915954975e-05,0.0006229972464755604,1575.6463626601087,58.75890144042726,1.0,0.0,0.0,0,500,500,4000,1799.9437720775604
ok,ptft,1,5000,0.402,2010,0.402,10000,0.001,0.00099,0.0,0.1,1.0,0.1,0.0,unit_total_var,,0.5,5000000,5000,50000,True,1e-05,,0.0,0.0,1.0,2000,train_pred_mse,215000,0.1447060246435154,0.14174298939927468,2.0218855892716413e-05,0.0005497942153001202,1531.3364762933502,57.30713966799818,1.0,0.0,0.0,0,500,500,4000,1916.0597500801086
ok,ptft,2,5000,0.402,2010,0.402,10000,0.001,0.00099,0.0,0.1,1.0,0.1,0.0,unit_total_var,,0.5,5000000,5000,50000,True,1e-05,,0.0,0.0,1.0,2000,train_pred_mse,225000,0.16375970332269507,0.16206003918128425,1.9923415954094094e-05,0.000560645561849401,1563.369359472355,57.2058696630189,1.0,0.0,0.0,0,500,500,4000,2618.4523694515233
ok,ptft,3,5000,0.402,2010,0.402,10000,0.001,0.00099,0.0,0.1,1.0,0.1,0.0,unit_total_var,,0.5,5000000,5000,50000,True,1e-05,,0.0,0.0,1.0,2000,train_pred_mse,225000,0.18655863118386828,0.1857391222045084,1.974654688381555e-05,0.0005320974806719478,1531.4162326145831,57.90144223535862,1.0,0.0,0.0,0,500,500,4000,2439.665630817413
ok,ptft,4,5000,0.402,2010,0.402,10000,0.001,0.00099,0.0,0.1,1.0,0.1,0.0,unit_total_var,,0.5,5000000,5000,50000,True,1e-05,,0.0,0.0,1.0,2000,train_pred_mse,235000,0.13873848869350244,0.13903509266559108,1.924332159633336e-05,0.0005008140439412903,1523.6380721012722,57.621761597368966,1.0,0.0,0.0,0,500,500,4000,3635.007903814316
ok,ptft,5,5000,0.402,2010,0.402,10000,0.001,0.00099,0.0,0.1,1.0,0.1,0.0,unit_total_var,,0.5,5000000,5000,50000,True,1e-05,,0.0,0.0,1.0,2000,train_pred_mse,230000,0.16886123013605192,0.16776774019467344,1.992158933976173e-05,0.0005467393577435531,1561.9127053107957,58.39380935841535,1.0,0.0,0.0,0,500,500,4000,2075.1294040679927
ok,ptft,0,5000,0.43875,2194,0.4388,10000,0.001,0.00099,0.0,0.1,1.0,0.1,0.0,unit_total_var,,0.5,5000000,5000,50000,True,1e-05,,0.0,0.0,1.0,2000,train_pred_mse,290000,0.0918089492036127,0.09129082467538084,1.695719065182273e-05,0.00036519371141189525,1539.2111259989133,62.00088542489403,1.0,0.0,0.0,0,500,500,4000,3548.2046098709106
ok,ptft,1,5000,0.451,2255,0.451,10000,0.001,0.00099,0.0,0.1,1.0,0.1,0.0,unit_total_var,,0.5,5000000,5000,50000,True,1e-05,,0.0,0.0,1.0,2000,train_pred_mse,320000,0.07012709080812407,0.0700826340786382,1.611512905527046e-05,0.0003382418847062982,1463.6680571576258,60.72175345126508,1.0,0.0,0.0,0,500,500,4000,4298.901825428009
ok,ptft,2,5000,0.451,2255,0.451,10000,0.001,0.00099,0.0,0.1,1.0,0.1,0.0,unit_total_var,,0.5,5000000,5000,50000,True,1e-05,,0.0,0.0,1.0,2000,train_pred_mse,290000,0.09215380796278387,0.09281665925715324,1.6716284379210526e-05,0.0003817419130549017,1523.7900248438486,59.31555689990065,1.0,0.0,0.0,0,500,500,4000,3960.908320426941
ok,ptft,3,5000,0.451,2255,0.451,10000,0.001,0.00099,0.0,0.1,1.0,0.1,0.0,unit_total_var,,0.5,5000000,5000,50000,True,1e-05,,0.0,0.0,1.0,2000,train_pred_mse,305000,0.06270331957405602,0.06404356298092169,1.5737721087804886e-05,0.0003120938853428973,1452.5586589988038,62.40837275676363,1.0,0.0,0.0,0,500,500,4000,3998.2320301532745
ok,ptft,5,5000,0.451,2255,0.451,10000,0.001,0.00099,0.0,0.1,1.0,0.1,0.0,unit_total_var,,0.5,5000000,5000,50000,True,1e-05,,0.0,0.0,1.0,2000,train_pred_mse,305000,0.08191164733924683,0.0814057850959949,1.6184864304095073e-05,0.0003469844902221897,1486.92356830366,62.03586434125884,1.0,0.0,0.0,0,500,500,4000,3861.262439966202
ok,ptft,0,5000,0.5,2500,0.5,10000,0.001,0.00099,0.0,0.1,1.0,0.1,0.0,unit_total_var,,0.5,5000000,5000,50000,True,1e-05,,0.0,0.0,1.0,2000,train_pred_mse,405000,0.04143765142909393,0.04113282242384779,1.2712485454707687e-05,0.00022803632729648745,1477.980549652914,64.68594952047641,1.0,0.0,0.0,0,500,500,4000,5377.154811382294
ok,ptft,4,5000,0.5,2500,0.5,10000,0.001,0.00099,0.0,0.1,1.0,0.1,0.0,unit_total_var,,0.5,5000000,5000,50000,True,1e-05,,0.0,0.0,1.0,2000,train_pred_mse,385000,0.03609798967910688,0.03571817512337951,1.3854534681523804e-05,0.00025921045404594283,1412.6603659012135,62.68872019047957,1.0,0.0,0.0,0,500,500,4000,4722.12411904335
ok,ptft,0,5000,0.01,50,0.01,10000,0.001,0.00099,1.0,0.1,1.0,0.1,0.0,unit_total_var,,0.5,5000000,5000,50000,True,1e-05,,0.0,0.0,1.0,2000,train_pred_mse,5000,1.0353320216164383,1.0285474014838312,3.7291455437964877e-17,33.846482300798286,376.92264178578245,8.685477634303831,1.0,0.0,0.0,0,500,500,4000,5.148782014846802
ok,ptft,1,5000,0.01,50,0.01,10000,0.001,0.00099,1.0,0.1,1.0,0.1,0.0,unit_total_var,,0.5,5000000,5000,50000,True,1e-05,,0.0,0.0,1.0,2000,train_pred_mse,5000,0.9716120929575262,0.9593471963716844,3.812944570345907e-17,32.05542265017549,421.5385157909236,10.01946843506678,1.0,0.0,0.0,0,500,500,4000,4.606994390487671
ok,ptft,2,5000,0.01,50,0.01,10000,0.001,0.00099,1.0,0.1,1.0,0.1,0.0,unit_total_var,,0.5,5000000,5000,50000,True,1e-05,,0.0,0.0,1.0,2000,train_pred_mse,5000,0.9620699717072324,0.9621271021053512,3.323144081198927e-17,33.15730733659462,373.69744390662964,8.756240243141882,1.0,0.0,0.0,0,500,500,4000,5.069663763046265
ok,ptft,3,5000,0.01,50,0.01,10000,0.001,0.00099,1.0,0.1,1.0,0.1,0.0,unit_total_var,,0.5,5000000,5000,50000,True,1e-05,,0.0,0.0,1.0,2000,train_pred_mse,5000,0.9962467050680728,0.9978730266218244,2.9024094585538647e-17,35.52201444191142,418.1416606510462,9.575867210339283,1.0,0.0,0.0,0,500,500,4000,33.278291940689094
ok,ptft,0,5000,0.0575,288,0.0576,10000,0.001,0.00099,1.0,0.1,1.0,0.1,0.0,unit_total_var,,0.5,5000000,5000,50000,True,1e-05,,0.0,0.0,1.0,2000,train_pred_mse,5000,1.0341720993684596,1.0232767924804798,1.570505589224754e-08,191.49956597264287,982.836198537786,21.317533491794904,1.0,0.0,0.0,0,500,500,4000,9.204536676406859
ok,ptft,1,5000,0.059,295,0.059000000000000004,10000,0.001,0.00099,1.0,0.1,1.0,0.1,0.0,unit_total_var,,0.5,5000000,5000,50000,True,1e-05,,0.0,0.0,1.0,2000,train_pred_mse,5000,0.9689154723798632,0.9550044879858692,1.5020706932397383e-08,197.40587967639254,913.0868026133796,19.938263256944847,1.0,0.0,0.0,0,500,500,4000,7.897622108459473
ok,ptft,2,5000,0.059,295,0.059000000000000004,10000,0.001,0.00099,1.0,0.1,1.0,0.1,0.0,unit_total_var,,0.5,5000000,5000,50000,True,1e-05,,0.0,0.0,1.0,2000,train_pred_mse,5000,0.9613861442144572,0.9612782192782356,1.7531356727581827e-08,192.75344200522488,954.2645749176123,21.31024240436295,1.0,0.0,0.0,0,500,500,4000,9.423361539840696
ok,ptft,3,5000,0.059,295,0.059000000000000004,10000,0.001,0.00099,1.0,0.1,1.0,0.1,0.0,unit_total_var,,0.5,5000000,5000,50000,True,1e-05,,0.0,0.0,1.0,2000,train_pred_mse,5000,0.9857903547784116,0.991574855520208,1.4913052925699024e-08,199.7393387473992,982.81620782813,21.587218922113053,1.0,0.0,0.0,0,500,500,4000,7.459222078323363
ok,ptft,0,5000,0.105,525,0.105,10000,0.001,0.00099,1.0,0.1,1.0,0.1,0.0,unit_total_var,,0.5,5000000,5000,50000,True,1e-05,,0.0,0.0,1.0,2000,train_pred_mse,5000,0.9875485707197108,0.9844134020617232,1.7456833293492036e-05,352.49300302221513,1304.8227268542273,27.283176767090424,1.0,0.0,0.0,0,500,500,4000,12.223109006881714
ok,ptft,1,5000,0.10800000000000001,540,0.10800000000000001,10000,0.001,0.00099,1.0,0.1,1.0,0.1,0.0,unit_total_var,,0.5,5000000,5000,50000,True,1e-05,,0.0,0.0,1.0,2000,train_pred_mse,5000,0.9334681941017626,0.9263341918970828,2.279264199339869e-05,347.913531783287,1287.585063463714,27.270738395198283,1.0,0.0,0.0,0,500,500,4000,12.725652933120728
ok,ptft,2,5000,0.10800000000000001,540,0.10800000000000001,10000,0.001,0.00099,1.0,0.1,1.0,0.1,0.0,unit_total_var,,0.5,5000000,5000,50000,True,1e-05,,0.0,0.0,1.0,2000,train_pred_mse,5000,0.92805982805043,0.9264900043246068,2.353785283158875e-05,337.2694293058878,1271.9914274280584,26.635118768824785,1.0,0.0,0.0,0,500,500,4000,11.15040898323059
ok,ptft,3,5000,0.10800000000000001,540,0.10800000000000001,10000,0.001,0.00099,1.0,0.1,1.0,0.1,0.0,unit_total_var,,0.5,5000000,5000,50000,True,1e-05,,0.0,0.0,1.0,2000,train_pred_mse,5000,0.9600184087218424,0.961870937723635,2.1404466443972416e-05,319.355142204439,1310.5911456565448,28.526987456458734,1.0,0.0,0.0,0,500,500,4000,11.292867183685305
ok,ptft,0,5000,0.15250000000000002,763,0.1526,10000,0.001,0.00099,1.0,0.1,1.0,0.1,0.0,unit_total_var,,0.5,5000000,5000,50000,True,1e-05,,0.0,0.0,1.0,2000,train_pred_mse,10000,0.9644358907950064,0.953568753379506,4.7708399580161584e-06,0.006069010365761718,1452.8994893602521,29.99159030772941,1.0,0.0,0.0,0,500,500,4000,31.69521951675415
ok,ptft,1,5000,0.15700000000000006,785,0.157,10000,0.001,0.00099,1.0,0.1,1.0,0.1,0.0,unit_total_var,,0.5,5000000,5000,50000,True,1e-05,,0.0,0.0,1.0,2000,train_pred_mse,10000,0.9072364806476264,0.8758545988574835,5.66788078064209e-06,0.0063170656118488435,1480.5727171196024,30.46663823706687,1.0,0.0,0.0,0,500,500,4000,38.94114613533021
ok,ptft,2,5000,0.15700000000000006,785,0.157,10000,0.001,0.00099,1.0,0.1,1.0,0.1,0.0,unit_total_var,,0.5,5000000,5000,50000,True,1e-05,,0.0,0.0,1.0,2000,train_pred_mse,10000,0.8599607456313182,0.8523954973909588,5.7217878149989585e-06,0.0063807139001915095,1561.6674661324662,32.58491743673256,1.0,0.0,0.0,0,500,500,4000,26.79192638397217
ok,ptft,0,5000,0.2,1000,0.2,10000,0.001,0.00099,1.0,0.1,1.0,0.1,0.0,unit_total_var,,0.5,5000000,5000,50000,True,1e-05,,0.0,0.0,1.0,2000,train_pred_mse,10000,0.8682248441150586,0.8537576494378672,3.6731028628888375e-05,0.018582284332590703,1698.5635819046292,35.52221725309752,1.0,0.0,0.0,0,500,500,4000,43.792256355285645
ok,ptft,1,5000,0.206,1030,0.20600000000000002,10000,0.001,0.00099,1.0,0.1,1.0,0.1,0.0,unit_total_var,,0.5,5000000,5000,50000,True,1e-05,,0.0,0.0,1.0,2000,train_pred_mse,10000,0.8357047619400854,0.8178758455559391,5.711481981989329e-05,0.023692218068730377,1657.3965907842935,33.9530395455974,1.0,0.0,0.0,0,500,500,4000,59.700895071029656
ok,ptft,2,5000,0.206,1030,0.20600000000000002,10000,0.001,0.00099,1.0,0.1,1.0,0.1,0.0,unit_total_var,,0.5,5000000,5000,50000,True,1e-05,,0.0,0.0,1.0,2000,train_pred_mse,10000,0.7927167141105061,0.7996857719767552,5.666391617182227e-05,0.02452520375140549,1692.576943360533,34.984047102656476,1.0,0.0,0.0,0,500,500,4000,35.344394207000725
ok,ptft,0,5000,0.255,1275,0.255,10000,0.001,0.00099,1.0,0.1,1.0,0.1,0.0,unit_total_var,,0.5,5000000,5000,50000,True,1e-05,,0.0,0.0,1.0,2000,train_pred_mse,15000,0.7777114273933632,0.7575975377907104,2.9288128892986848e-05,0.006324894841929273,1866.2587619803264,39.74026055127354,0.9998,0.0,0.0,0,500,500,4000,100.77888727188109
ok,ptft,1,5000,0.255,1275,0.255,10000,0.001,0.00099,1.0,0.1,1.0,0.1,0.0,unit_total_var,,0.5,5000000,5000,50000,True,1e-05,,0.0,0.0,1.0,2000,train_pred_mse,15000,0.703735271662088,0.7073243239244766,2.760999499029572e-05,0.0061015432151941,1821.7590105789843,38.09799728458145,1.0,0.0,0.0,0,500,500,4000,153.26431298255918
ok,ptft,2,5000,0.255,1275,0.255,10000,0.001,0.00099,1.0,0.1,1.0,0.1,0.0,unit_total_var,,0.5,5000000,5000,50000,True,1e-05,,0.0,0.0,1.0,2000,train_pred_mse,15000,0.710173821504167,0.7148419348206466,2.9685836385983734e-05,0.00651602256534274,1835.37994112804,37.86589153514576,1.0,0.0,0.0,0,500,500,4000,88.62159776687622
ok,ptft,1,5000,0.30400000000000005,1520,0.304,10000,0.001,0.00099,1.0,0.1,1.0,0.1,0.0,unit_total_var,,0.5,5000000,5000,50000,True,1e-05,,0.0,0.0,1.0,2000,train_pred_mse,20000,0.6389808839313429,0.6331596104316579,3.2097809658708976e-05,0.004769185608040809,1911.1122336941305,40.99358709639865,1.0,0.0,0.0,0,500,500,4000,132.2986445426941
ok,ptft,2,5000,0.30400000000000005,1520,0.304,10000,0.001,0.00099,1.0,0.1,1.0,0.1,0.0,unit_total_var,,0.5,5000000,5000,50000,True,1e-05,,0.0,0.0,1.0,2000,train_pred_mse,20000,0.6225654957178399,0.6233937159771434,3.0989440709425385e-05,0.004488691142741498,1938.5400128643885,41.300714649852814,1.0,0.0,0.0,0,500,500,4000,166.55596566200256
ok,ptft,0,5000,0.31625000000000003,1581,0.3162,10000,0.001,0.00099,1.0,0.1,1.0,0.1,0.0,unit_total_var,,0.5,5000000,5000,50000,True,1e-05,,0.0,0.0,1.0,2000,train_pred_mse,20000,0.6375435645980224,0.6316253033149101,4.3492759183293694e-05,0.0057692022099780785,2004.305310580792,43.108036248964986,1.0,0.0,0.0,0,500,500,4000,160.1248540878296
ok,ptft,1,5000,0.35300000000000004,1765,0.353,10000,0.001,0.00099,1.0,0.1,1.0,0.1,0.0,unit_total_var,,0.5,5000000,5000,50000,True,1e-05,,0.0,0.0,1.0,2000,train_pred_mse,20000,0.5324363924771807,0.5239301108276533,8.141067465555269e-05,0.009554429816793329,1975.1925894736526,43.90397687532629,1.0,0.0,0.0,0,500,500,4000,199.47237300872803
ok,ptft,2,5000,0.35300000000000004,1765,0.353,10000,0.001,0.00099,1.0,0.1,1.0,0.1,0.0,unit_total_var,,0.5,5000000,5000,50000,True,1e-05,,0.0,0.0,1.0,2000,train_pred_mse,25000,0.5204034417192283,0.5192829171638503,3.9214019352657376e-05,0.004251831336896189,1983.9669165168548,44.4576645391428,1.0,0.0,0.0,0,500,500,4000,254.21423101425168
ok,ptft,0,5000,0.3775,1888,0.3776,10000,0.001,0.00099,1.0,0.1,1.0,0.1,0.0,unit_total_var,,0.5,5000000,5000,50000,True,1e-05,,0.0,0.0,1.0,2000,train_pred_mse,25000,0.4878101547887399,0.4857893415848602,5.137017209215617e-05,0.005165554333026591,2076.515493023587,47.6506237388571,1.0,0.0,0.0,0,500,500,4000,254.92950224876404
ok,ptft,1,5000,0.402,2010,0.402,10000,0.001,0.00099,1.0,0.1,1.0,0.1,0.0,unit_total_var,,0.5,5000000,5000,50000,True,1e-05,,0.0,0.0,1.0,2000,train_pred_mse,30000,0.4509336277820041,0.4412655905695601,4.1401041296066175e-05,0.0038391959927995037,2049.0210571840908,47.1349068175691,1.0,0.0,0.0,0,500,500,4000,340.3440036773682
ok,ptft,2,5000,0.402,2010,0.402,10000,0.001,0.00099,1.0,0.1,1.0,0.1,0.0,unit_total_var,,0.5,5000000,5000,50000,True,1e-05,,0.0,0.0,1.0,2000,train_pred_mse,30000,0.4336678308383788,0.4345694926597388,4.591760032001981e-05,0.004172560294232395,2046.337766871195,47.33686658374923,1.0,0.0,0.0,0,500,500,4000,563.0399458408357
ok,ptft,0,5000,0.43875,2194,0.4388,10000,0.001,0.00099,1.0,0.1,1.0,0.1,0.0,unit_total_var,,0.5,5000000,5000,50000,True,1e-05,,0.0,0.0,1.0,2000,train_pred_mse,35000,0.4108967253939039,0.4067521847907905,4.6750150159624546e-05,0.003784292058185497,2121.90961679352,50.349530771541,1.0,0.0,0.0,0,500,500,4000,477.27693104743963
ok,ptft,1,5000,0.451,2255,0.451,10000,0.001,0.00099,1.0,0.1,1.0,0.1,0.0,unit_total_var,,0.5,5000000,5000,50000,True,1e-05,,0.0,0.0,1.0,2000,train_pred_mse,35000,0.35117909793109403,0.3509973368788723,5.485825658317219e-05,0.004414537606739222,2055.997240160187,49.684061217818396,1.0,0.0,0.0,0,500,500,4000,477.4654233455658
ok,ptft,2,5000,0.451,2255,0.451,10000,0.001,0.00099,1.0,0.1,1.0,0.1,0.0,unit_total_var,,0.5,5000000,5000,50000,True,1e-05,,0.0,0.0,1.0,2000,train_pred_mse,35000,0.4014807149863425,0.3970415346862976,5.285257923901431e-05,0.004322990288676557,2079.7982436036955,48.546610673051475,1.0,0.0,0.0,0,500,500,4000,741.0691845417023
ok,ptft,0,5000,0.5,2500,0.5,10000,0.001,0.00099,1.0,0.1,1.0,0.1,0.0,unit_total_var,,0.5,5000000,5000,50000,True,1e-05,,0.0,0.0,1.0,2000,train_pred_mse,45000,0.3373943049760275,0.33867582605270263,4.8329325681735904e-05,0.0034145880659681325,2125.5696382621218,52.34837836365404,1.0,0.0,0.0,0,500,500,4000,696.0328993797302
ok,ptft,1,5000,0.5,2500,0.5,10000,0.001,0.00099,1.0,0.1,1.0,0.1,0.0,unit_total_var,,0.5,5000000,5000,50000,True,1e-05,,0.0,0.0,1.0,2000,train_pred_mse,45000,0.2866909970172873,0.28528022342194503,4.299726634800829e-05,0.003032361249947984,2048.4968191755847,51.884658701029814,1.0,0.0,0.0,0,500,500,4000,665.7941143512727
ok,ptft,2,5000,0.5,2500,0.5,10000,0.001,0.00099,1.0,0.1,1.0,0.1,0.0,unit_total_var,,0.5,5000000,5000,50000,True,1e-05,,0.0,0.0,1.0,2000,train_pred_mse,45000,0.2967610763559931,0.2936740395535144,4.683791720782156e-05,0.0033496809676736065,2070.738905020207,52.03973522241761,1.0,0.0,0.0,0,500,500,4000,853.628910779953
ok,ptft,0,5000,0.01,50,0.01,10000,0.001,0.0,0.0,0.1,1.0,0.1,0.0,unit_total_var,,0.5,5000000,5000,50000,True,1e-05,,0.0,0.0,1.0,2000,train_pred_mse,5000,1.1263658250776725,1.121147093463248,3.275512318735561e-08,254.44552879538819,369.189161726976,21.816716067202826,0.9996,0.0,0.0,0,500,500,4000,4.95233678817749
ok,ptft,1,5000,0.01,50,0.01,10000,0.001,0.0,0.0,0.1,1.0,0.1,0.0,unit_total_var,,0.5,5000000,5000,50000,True,1e-05,,0.0,0.0,1.0,2000,train_pred_mse,5000,1.0870760458035684,1.0722090092925325,2.619564005552613e-08,227.98222014417505,377.48305264682267,24.19246803813109,0.9998,0.0,0.0,0,500,500,4000,4.778786659240723
ok,ptft,10,5000,0.01,50,0.01,10000,0.001,0.0,0.0,0.1,1.0,0.1,0.0,unit_total_var,,0.5,5000000,5000,50000,True,1e-05,,0.0,0.0,1.0,2000,train_pred_mse,5000,1.1895813839091491,1.1597591071080495,1.4555904870112741e-08,261.4715719123925,402.29493596042954,23.46110203236299,0.9992,0.0,0.0,0,500,500,4000,4.589592933654785
ok,ptft,11,5000,0.01,50,0.01,10000,0.001,0.0,0.0,0.1,1.0,0.1,0.0,unit_total_var,,0.5,5000000,5000,50000,True,1e-05,,0.0,0.0,1.0,2000,train_pred_mse,5000,1.2519007081615579,1.2385202788890204,1.7113908430064668e-08,262.9776620381824,397.951674986064,24.00428766345312,0.9994,0.0,0.0,0,500,500,4000,4.8181190490722665
ok,ptft,13,5000,0.01,50,0.01,10000,0.001,0.0,0.0,0.1,1.0,0.1,0.0,unit_total_var,,0.5,5000000,5000,50000,True,1e-05,,0.0,0.0,1.0,2000,train_pred_mse,5000,1.1546709467976637,1.1819224225373262,2.095458698076995e-09,262.5844916335768,431.0832302278785,25.68467044359358,0.9994,0.0,0.0,0,500,500,4000,4.964853525161743
ok,ptft,14,5000,0.01,50,0.01,10000,0.001,0.0,0.0,0.1,1.0,0.1,0.0,unit_total_var,,0.5,5000000,5000,50000,True,1e-05,,0.0,0.0,1.0,2000,train_pred_mse,5000,1.2038987522137838,1.1974701268810048,1.435019868771385e-08,262.10929664846805,365.31858763791917,21.035975624571613,0.9996,0.0,0.0,0,500,500,4000,5.17430853843689
ok,ptft,15,5000,0.01,50,0.01,10000,0.001,0.0,0.0,0.1,1.0,0.1,0.0,unit_total_var,,0.5,5000000,5000,50000,True,1e-05,,0.0,0.0,1.0,2000,train_pred_mse,5000,1.1219128911397354,1.1339225133383537,1.5232002163979634e-08,244.93560603848087,377.0539962197688,22.705810742050918,0.9994,0.0,0.0,0,500,500,4000,4.901863098144531
ok,ptft,2,5000,0.01,50,0.01,10000,0.001,0.0,0.0,0.1,1.0,0.1,0.0,unit_total_var,,0.5,5000000,5000,50000,True,1e-05,,0.0,0.0,1.0,2000,train_pred_mse,5000,1.0562285928540678,1.0530161375806038,1.480229216848126e-08,243.87006528575589,353.2357046155352,21.652864280727687,0.9998,0.0,0.0,0,500,500,4000,5.350543975830078
ok,ptft,3,5000,0.01,50,0.01,10000,0.001,0.0,0.0,0.1,1.0,0.1,0.0,unit_total_var,,0.5,5000000,5000,50000,True,1e-05,,0.0,0.0,1.0,2000,train_pred_mse,5000,1.117427726966133,1.1169875363890671,2.5457456971335228e-08,275.3315360483449,406.77758943719965,24.708796559791953,0.9998,0.0,0.0,0,500,500,4000,5.23250150680542
ok,ptft,4,5000,0.01,50,0.01,10000,0.001,0.0,0.0,0.1,1.0,0.1,0.0,unit_total_var,,0.5,5000000,5000,50000,True,1e-05,,0.0,0.0,1.0,2000,train_pred_mse,5000,1.0235847629982917,1.0461613045724645,2.496986862925126e-08,255.84285933402847,355.38699247068723,21.51880111353831,0.9990000000000001,0.0,0.0,0,500,500,4000,5.3302972316741934
ok,ptft,5,5000,0.01,50,0.01,10000,0.001,0.0,0.0,0.1,1.0,0.1,0.0,unit_total_var,,0.5,5000000,5000,50000,True,1e-05,,0.0,0.0,1.0,2000,train_pred_mse,5000,1.0765145250291166,1.082373731905076,1.8860675094362374e-08,255.97229876919982,307.71064805480887,18.358262726522998,0.9994,0.0,0.0,0,500,500,4000,4.740495443344116
ok,ptft,6,5000,0.01,50,0.01,10000,0.001,0.0,0.0,0.1,1.0,0.1,0.0,unit_total_var,,0.5,5000000,5000,50000,True,1e-05,,0.0,0.0,1.0,2000,train_pred_mse,5000,1.1178596232558349,1.1123546619519151,4.7869841482133466e-08,262.87538363243567,416.5362856829625,25.226474237355262,1.0,0.0,0.0,0,500,500,4000,4.59825873374939
ok,ptft,7,5000,0.01,50,0.01,10000,0.001,0.0,0.0,0.1,1.0,0.1,0.0,unit_total_var,,0.5,5000000,5000,50000,True,1e-05,,0.0,0.0,1.0,2000,train_pred_mse,5000,1.1078630951718442,1.1153739849617583,2.342632848576852e-08,265.7882226894141,380.4814581367627,22.74458727428664,0.9994,0.0,0.0,0,500,500,4000,4.726028680801392
ok,ptft,9,5000,0.01,50,0.01,10000,0.001,0.0,0.0,0.1,1.0,0.1,0.0,unit_total_var,,0.5,5000000,5000,50000,True,1e-05,,0.0,0.0,1.0,2000,train_pred_mse,5000,1.0991860127875646,1.0748898885486458,1.8331521663483602e-08,251.97187574898132,396.9288989597089,23.625519645357073,0.9994,0.0,0.0,0,500,500,4000,4.71367335319519
ok,ptft,0,5000,0.0575,288,0.0576,10000,0.001,0.0,0.0,0.1,1.0,0.1,0.0,unit_total_var,,0.5,5000000,5000,50000,True,1e-05,,0.0,0.0,1.0,2000,train_pred_mse,15000,1.6220119817294605,1.613617360046661,8.11467428261414e-05,0.01209620631069182,1052.9905659335632,55.997116493296616,0.9996,0.0,0.0,0,500,500,4000,18.282171487808228
ok,ptft,1,5000,0.059,295,0.059000000000000004,10000,0.001,0.0,0.0,0.1,1.0,0.1,0.0,unit_total_var,,0.5,5000000,5000,50000,True,1e-05,,0.0,0.0,1.0,2000,train_pred_mse,15000,1.4692193352907759,1.455084594174446,7.227480942748795e-05,0.011480089497122502,986.45669228347,52.166345424390094,1.0,0.0,0.0,0,500,500,4000,19.30794358253479
ok,ptft,2,5000,0.059,295,0.059000000000000004,10000,0.001,0.0,0.0,0.1,1.0,0.1,0.0,unit_total_var,,0.5,5000000,5000,50000,True,1e-05,,0.0,0.0,1.0,2000,train_pred_mse,15000,1.5340588880638109,1.532490514320208,9.03894897772378e-05,0.013270527606973434,1012.2470021813376,55.22227396822375,0.9998,0.0,0.0,0,500,500,4000,20.618748188018802
ok,ptft,3,5000,0.059,295,0.059000000000000004,10000,0.001,0.0,0.0,0.1,1.0,0.1,0.0,unit_total_var,,0.5,5000000,5000,50000,True,1e-05,,0.0,0.0,1.0,2000,train_pred_mse,15000,1.5212413250908796,1.532340202721228,7.77212024967965e-05,0.011634746161378221,1041.7798363063953,54.97328843546903,1.0,0.0,0.0,0,500,500,4000,20.44521117210388
ok,ptft,4,5000,0.059,295,0.059000000000000004,10000,0.001,0.0,0.0,0.1,1.0,0.1,0.0,unit_total_var,,0.5,5000000,5000,50000,True,1e-05,,0.0,0.0,1.0,2000,train_pred_mse,15000,1.4243938420768143,1.45194396858255,7.224572168911397e-05,0.011487128794491729,984.9082216855903,51.61078826695422,1.0,0.0,0.0,0,500,500,4000,27.54020428657532
ok,ptft,5,5000,0.059,295,0.059000000000000004,10000,0.001,0.0,0.0,0.1,1.0,0.1,0.0,unit_total_var,,0.5,5000000,5000,50000,True,1e-05,,0.0,0.0,1.0,2000,train_pred_mse,15000,1.5810568500608384,1.5851759662086884,0.00010091766208433211,0.014426543324518724,1022.8084243942948,55.59715841644307,0.9998,0.0,0.0,0,500,500,4000,18.49508619308472
ok,ptft,0,5000,0.105,525,0.105,10000,0.001,0.0,0.0,0.1,1.0,0.1,0.0,unit_total_var,,0.5,5000000,5000,50000,True,1e-05,,0.0,0.0,1.0,2000,train_pred_mse,30000,1.384454237563534,1.3945098188344247,4.426501059259336e-05,0.00327685321539723,1249.5122235551778,54.373274468216685,1.0,0.0,0.0,0,500,500,4000,109.17655062675476
ok,ptft,1,5000,0.10800000000000001,540,0.10800000000000001,10000,0.001,0.0,0.0,0.1,1.0,0.1,0.0,unit_total_var,,0.5,5000000,5000,50000,True,1e-05,,0.0,0.0,1.0,2000,train_pred_mse,30000,1.3477215630982375,1.3392033174165985,4.8182815047140646e-05,0.0035547659861149016,1231.775713331047,52.75396552840215,0.9998,0.0,0.0,0,500,500,4000,68.82176804542543
ok,ptft,2,5000,0.10800000000000001,540,0.10800000000000001,10000,0.001,0.0,0.0,0.1,1.0,0.1,0.0,unit_total_var,,0.5,5000000,5000,50000,True,1e-05,,0.0,0.0,1.0,2000,train_pred_mse,30000,1.2753398460964114,1.2673310280383214,5.357701536446178e-05,0.0042661010940726884,1205.2188651296874,50.241865104711245,1.0,0.0,0.0,0,500,500,4000,63.82349038124085
ok,ptft,3,5000,0.10800000000000001,540,0.10800000000000001,10000,0.001,0.0,0.0,0.1,1.0,0.1,0.0,unit_total_var,,0.5,5000000,5000,50000,True,1e-05,,0.0,0.0,1.0,2000,train_pred_mse,30000,1.3389778096922895,1.3358587248419522,5.635696294536864e-05,0.004091461878598118,1251.8148705520998,53.89848533239772,0.9998,0.0,0.0,0,500,500,4000,60.81689119338989
ok,ptft,4,5000,0.10800000000000001,540,0.10800000000000001,10000,0.001,0.0,0.0,0.1,1.0,0.1,0.0,unit_total_var,,0.5,5000000,5000,50000,True,1e-05,,0.0,0.0,1.0,2000,train_pred_mse,30000,1.263572287843309,1.2619839709019762,5.780997828390454e-05,0.004562392938290688,1273.484628626734,53.71358934937851,1.0,0.0,0.0,0,500,500,4000,149.3508102893829
ok,ptft,5,5000,0.10800000000000001,540,0.10800000000000001,10000,0.001,0.0,0.0,0.1,1.0,0.1,0.0,unit_total_var,,0.5,5000000,5000,50000,True,1e-05,,0.0,0.0,1.0,2000,train_pred_mse,30000,1.3571886447411938,1.3426476016147073,4.428297200510528e-05,0.0032276000582512746,1286.2572246863256,53.725972524363016,1.0,0.0,0.0,0,500,500,4000,56.86011695861816
ok,ptft,0,5000,0.15250000000000002,763,0.1526,10000,0.001,0.0,0.0,0.1,1.0,0.1,0.0,unit_total_var,,0.5,5000000,5000,50000,True,1e-05,,0.0,0.0,1.0,2000,train_pred_mse,45000,1.1891637352607112,1.1664936571162323,4.300560500594636e-05,0.0027063125134461595,1324.4029266362606,49.49272561111915,0.9998,0.0,0.0,0,500,500,4000,146.7220833301544
ok,ptft,1,5000,0.15700000000000006,785,0.157,10000,0.001,0.0,0.0,0.1,1.0,0.1,0.0,unit_total_var,,0.5,5000000,5000,50000,True,1e-05,,0.0,0.0,1.0,2000,train_pred_mse,50000,1.1432287525882583,1.0898886438078947,4.0186262349986514e-05,0.0025120457315377107,1323.7032206525278,48.650587985268565,0.9998,0.0,0.0,0,500,500,4000,251.2513496875763
ok,ptft,2,5000,0.15700000000000006,785,0.157,10000,0.001,0.0,0.0,0.1,1.0,0.1,0.0,unit_total_var,,0.5,5000000,5000,50000,True,1e-05,,0.0,0.0,1.0,2000,train_pred_mse,45000,1.0626946870614644,1.0541663661745329,5.267773241031861e-05,0.003179209355196009,1403.2440545507654,52.236210974680546,1.0,0.0,0.0,0,500,500,4000,164.15937376022342
ok,ptft,3,5000,0.15700000000000006,785,0.157,10000,0.001,0.0,0.0,0.1,1.0,0.1,0.0,unit_total_var,,0.5,5000000,5000,50000,True,1e-05,,0.0,0.0,1.0,2000,train_pred_mse,50000,1.0302039201910205,1.0374509187683736,3.811792645424504e-05,0.0022705811293394964,1352.240452541142,50.617177559265386,1.0,0.0,0.0,0,500,500,4000,163.30811429023746
ok,ptft,4,5000,0.15700000000000006,785,0.157,10000,0.001,0.0,0.0,0.1,1.0,0.1,0.0,unit_total_var,,0.5,5000000,5000,50000,True,1e-05,,0.0,0.0,1.0,2000,train_pred_mse,45000,1.076680950072996,1.0937845442074956,5.16837436003701e-05,0.003146660237712264,1350.1585609460913,50.184239989833934,1.0,0.0,0.0,0,500,500,4000,338.19831538200384
ok,ptft,5,5000,0.15700000000000006,785,0.157,10000,0.001,0.0,0.0,0.1,1.0,0.1,0.0,unit_total_var,,0.5,5000000,5000,50000,True,1e-05,,0.0,0.0,1.0,2000,train_pred_mse,45000,1.1097333907026397,1.0888248457587568,4.505354031499188e-05,0.0029245384168284532,1348.6768523725611,50.20969047139253,0.9998,0.0,0.0,0,500,500,4000,111.2858669757843
ok,ptft,0,5000,0.2,1000,0.2,10000,0.001,0.0,0.0,0.1,1.0,0.1,0.0,unit_total_var,,0.5,5000000,5000,50000,True,1e-05,,0.0,0.0,1.0,2000,train_pred_mse,70000,0.9248359548199192,0.9120087041865864,3.7447766414841356e-05,0.0018348939732598976,1443.603885818051,51.80390995903403,1.0,0.0,0.0,0,500,500,4000,313.58737111091614
ok,ptft,1,5000,0.206,1030,0.20600000000000002,10000,0.001,0.0,0.0,0.1,1.0,0.1,0.0,unit_total_var,,0.5,5000000,5000,50000,True,1e-05,,0.0,0.0,1.0,2000,train_pred_mse,75000,0.9130655799966618,0.901738602815758,3.501503840761561e-05,0.0017437184065112006,1437.4259030247965,49.823841084649565,0.9998,0.0,0.0,0,500,500,4000,553.4413731098175
ok,ptft,2,5000,0.206,1030,0.20600000000000002,10000,0.001,0.0,0.0,0.1,1.0,0.1,0.0,unit_total_var,,0.5,5000000,5000,50000,True,1e-05,,0.0,0.0,1.0,2000,train_pred_mse,70000,0.8339999879789303,0.8441450201262609,3.882178049700267e-05,0.0019308222518729687,1432.3313328292875,49.82761795716546,0.9996,0.0,0.0,0,500,500,4000,334.84077215194696
ok,ptft,3,5000,0.206,1030,0.20600000000000002,10000,0.001,0.0,0.0,0.1,1.0,0.1,0.0,unit_total_var,,0.5,5000000,5000,50000,True,1e-05,,0.0,0.0,1.0,2000,train_pred_mse,70000,0.8509836233022641,0.8464747645402944,3.466291605264902e-05,0.0017538940554405428,1456.0417350903886,51.75568512334026,1.0,0.0,0.0,0,500,500,4000,311.053905248642
ok,ptft,4,5000,0.206,1030,0.20600000000000002,10000,0.001,0.0,0.0,0.1,1.0,0.1,0.0,unit_total_var,,0.5,5000000,5000,50000,True,1e-05,,0.0,0.0,1.0,2000,train_pred_mse,75000,0.8551348817705889,0.8534638583472158,3.63694364137747e-05,0.001865523511559284,1399.9585364596735,48.13189317295232,1.0,0.0,0.0,0,500,500,4000,343.4825298786164
ok,ptft,5,5000,0.206,1030,0.20600000000000002,10000,0.001,0.0,0.0,0.1,1.0,0.1,0.0,unit_total_var,,0.5,5000000,5000,50000,True,1e-05,,0.0,0.0,1.0,2000,train_pred_mse,70000,0.7973318877589541,0.8075415518401091,3.493114094718731e-05,0.0017806881866169477,1458.6704603428714,51.60195100048103,1.0,0.0,0.0,0,500,500,4000,282.7024433612824
ok,ptft,0,5000,0.255,1275,0.255,10000,0.001,0.0,0.0,0.1,1.0,0.1,0.0,unit_total_var,,0.5,5000000,5000,50000,True,1e-05,,0.0,0.0,1.0,2000,train_pred_mse,100000,0.6762571032230307,0.6601955178411977,3.4438961970129684e-05,0.0015093189035474367,1531.959572659025,51.86066202419656,0.9998,0.0,0.0,0,500,500,4000,866.4337871074678
ok,ptft,1,5000,0.255,1275,0.255,10000,0.001,0.0,0.0,0.1,1.0,0.1,0.0,unit_total_var,,0.5,5000000,5000,50000,True,1e-05,,0.0,0.0,1.0,2000,train_pred_mse,100000,0.6156388913214569,0.6198167365707854,3.203427301344979e-05,0.0014103355744766828,1509.8172431817768,50.32366602048113,1.0,0.0,0.0,0,500,500,4000,1118.883704662323
ok,ptft,2,5000,0.255,1275,0.255,10000,0.001,0.0,0.0,0.1,1.0,0.1,0.0,unit_total_var,,0.5,5000000,5000,50000,True,1e-05,,0.0,0.0,1.0,2000,train_pred_mse,95000,0.6207707778868755,0.6160872609789376,3.466071200242728e-05,0.001519038545871983,1497.0614801296374,50.131092264344346,1.0,0.0,0.0,0,500,500,4000,682.9863698482512
ok,ptft,3,5000,0.255,1275,0.255,10000,0.001,0.0,0.0,0.1,1.0,0.1,0.0,unit_total_var,,0.5,5000000,5000,50000,True,1e-05,,0.0,0.0,1.0,2000,train_pred_mse,100000,0.6338560455590088,0.6343736234101397,3.111888982325262e-05,0.0014076454027564824,1458.2291261833398,49.51819714793544,1.0,0.0,0.0,0,500,500,4000,648.2641348838806
ok,ptft,4,5000,0.255,1275,0.255,10000,0.001,0.0,0.0,0.1,1.0,0.1,0.0,unit_total_var,,0.5,5000000,5000,50000,True,1e-05,,0.0,0.0,1.0,2000,train_pred_mse,95000,0.5772258987795346,0.5956910942665984,3.2037181339061075e-05,0.0014600850836273065,1475.036790260161,49.337935418354654,0.9998,0.0,0.0,0,500,500,4000,705.4771645069122
ok,ptft,5,5000,0.255,1275,0.255,10000,0.001,0.0,0.0,0.1,1.0,0.1,0.0,unit_total_var,,0.5,5000000,5000,50000,True,1e-05,,0.0,0.0,1.0,2000,train_pred_mse,100000,0.5700511765839201,0.5852294422379459,3.054794229016508e-05,0.0012915594395215473,1521.1441089228808,52.518764834070886,1.0,0.0,0.0,0,500,500,4000,672.5688784122468
ok,ptft,1,5000,0.30400000000000005,1520,0.304,10000,0.001,0.0,0.0,0.1,1.0,0.1,0.0,unit_total_var,,0.5,5000000,5000,50000,True,1e-05,,0.0,0.0,1.0,2000,train_pred_mse,135000,0.4428855318295721,0.4391798064737762,2.8617959448254302e-05,0.0011319551808224176,1540.3687995583566,51.33231151200086,0.9998,0.0,0.0,0,500,500,4000,925.913684606552
ok,ptft,2,5000,0.30400000000000005,1520,0.304,10000,0.001,0.0,0.0,0.1,1.0,0.1,0.0,unit_total_var,,0.5,5000000,5000,50000,True,1e-05,,0.0,0.0,1.0,2000,train_pred_mse,140000,0.4213391414698919,0.4254610540072024,2.6633166574773815e-05,0.0010132253178066243,1558.3333008127856,52.443188261626645,1.0,0.0,0.0,0,500,500,4000,1245.3637506961825
ok,ptft,3,5000,0.30400000000000005,1520,0.304,10000,0.001,0.0,0.0,0.1,1.0,0.1,0.0,unit_total_var,,0.5,5000000,5000,50000,True,1e-05,,0.0,0.0,1.0,2000,train_pred_mse,140000,0.4144041416958357,0.4218826550900658,2.754303842759697e-05,0.0009782396063140546,1508.8198020291993,53.41222717948922,1.0,0.0,0.0,0,500,500,4000,1317.5790481567385
ok,ptft,4,5000,0.30400000000000005,1520,0.304,10000,0.001,0.0,0.0,0.1,1.0,0.1,0.0,unit_total_var,,0.5,5000000,5000,50000,True,1e-05,,0.0,0.0,1.0,2000,train_pred_mse,135000,0.3793510513468231,0.3877133932433138,2.7969854265428554e-05,0.0010641979044245585,1547.372850268418,52.5197176691055,1.0,0.0,0.0,0,500,500,4000,1533.1718080043793
ok,ptft,5,5000,0.30400000000000005,1520,0.304,10000,0.001,0.0,0.0,0.1,1.0,0.1,0.0,unit_total_var,,0.5,5000000,5000,50000,True,1e-05,,0.0,0.0,1.0,2000,train_pred_mse,135000,0.3766474039126973,0.3799395197343143,2.710060027978145e-05,0.0010003862144692137,1519.5423671721014,53.39865437937039,1.0,0.0,0.0,0,500,500,4000,1001.161146402359
ok,ptft,0,5000,0.31625000000000003,1581,0.3162,10000,0.001,0.0,0.0,0.1,1.0,0.1,0.0,unit_total_var,,0.5,5000000,5000,50000,True,1e-05,,0.0,0.0,1.0,2000,train_pred_mse,155000,0.3747417799082354,0.37661390601559797,2.664970893865495e-05,0.0009136024124194424,1560.787240790743,54.34498697862648,1.0,0.0,0.0,0,500,500,4000,1590.5938529968262
ok,ptft,1,5000,0.35300000000000004,1765,0.353,10000,0.001,0.0,0.0,0.1,1.0,0.1,0.0,unit_total_var,,0.5,5000000,5000,50000,True,1e-05,,0.0,0.0,1.0,2000,train_pred_mse,200000,0.2462145209105934,0.2408978340957061,2.1453818513116368e-05,0.0006575115177112887,1519.954225677251,54.76721798098408,1.0,0.0,0.0,0,500,500,4000,1652.272450685501
ok,ptft,2,5000,0.35300000000000004,1765,0.353,10000,0.001,0.0,0.0,0.1,1.0,0.1,0.0,unit_total_var,,0.5,5000000,5000,50000,True,1e-05,,0.0,0.0,1.0,2000,train_pred_mse,200000,0.2537267648502294,0.25371956901535864,2.2193616504110785e-05,0.0006721205582413282,1528.1469143309432,55.2037034325916,1.0,0.0,0.0,0,500,500,4000,1988.4107286930084
ok,ptft,3,5000,0.35300000000000004,1765,0.353,10000,0.001,0.0,0.0,0.1,1.0,0.1,0.0,unit_total_var,,0.5,5000000,5000,50000,True,1e-05,,0.0,0.0,1.0,2000,train_pred_mse,200000,0.23371173969405096,0.2338781865556236,2.1908312706738187e-05,0.0006479787815302217,1509.574882221679,56.000266929088404,1.0,0.0,0.0,0,500,500,4000,2175.490039110184
ok,ptft,4,5000,0.35300000000000004,1765,0.353,10000,0.001,0.0,0.0,0.1,1.0,0.1,0.0,unit_total_var,,0.5,5000000,5000,50000,True,1e-05,,0.0,0.0,1.0,2000,train_pred_mse,190000,0.2579298053409111,0.2603368963140795,2.197612285507374e-05,0.0006772743847356434,1513.4090060513056,54.20324354967242,1.0,0.0,0.0,0,500,500,4000,2521.239384174347
ok,ptft,5,5000,0.35300000000000004,1765,0.353,10000,0.001,0.0,0.0,0.1,1.0,0.1,0.0,unit_total_var,,0.5,5000000,5000,50000,True,1e-05,,0.0,0.0,1.0,2000,train_pred_mse,195000,0.2376254222768483,0.2339639325652743,2.26578514677302e-05,0.0006761934193535785,1514.730481490195,56.88794583338382,0.9998,0.0,0.0,0,500,500,4000,1746.419848203659
ok,ptft,0,5000,0.3775,1888,0.3776,10000,0.001,0.0,0.0,0.1,1.0,0.1,0.0,unit_total_var,,0.5,5000000,5000,50000,True,1e-05,,0.0,0.0,1.0,2000,train_pred_mse,220000,0.16743839454909207,0.16792341423591065,1.961067906716505e-05,0.0005005888556008259,1528.600407102825,59.580986934558275,1.0,0.0,0.0,0,500,500,4000,2930.263222694397
ok,ptft,1,5000,0.402,2010,0.402,10000,0.001,0.0,0.0,0.1,1.0,0.1,0.0,unit_total_var,,0.5,5000000,5000,50000,True,1e-05,,0.0,0.0,1.0,2000,train_pred_mse,260000,0.1116087291761068,0.10921331144532663,1.83146733126441e-05,0.00045338743953977185,1477.551048478553,58.43377351543445,1.0,0.0,0.0,0,500,500,4000,2621.547270774841
ok,ptft,2,5000,0.402,2010,0.402,10000,0.001,0.0,0.0,0.1,1.0,0.1,0.0,unit_total_var,,0.5,5000000,5000,50000,True,1e-05,,0.0,0.0,1.0,2000,train_pred_mse,270000,0.12942994062458346,0.12804509054690635,1.832303704447475e-05,0.00046978860675979004,1513.671586858507,58.13772355600746,0.9998,0.0,0.0,0,500,500,4000,3114.346044778824
ok,ptft,3,5000,0.402,2010,0.402,10000,0.001,0.0,0.0,0.1,1.0,0.1,0.0,unit_total_var,,0.5,5000000,5000,50000,True,1e-05,,0.0,0.0,1.0,2000,train_pred_mse,270000,0.15429973911561576,0.15360033374696494,1.804734319237465e-05,0.00044775920390310696,1484.9308428149664,58.75670963894132,1.0,0.0,0.0,0,500,500,4000,3178.7225959300995
ok,ptft,4,5000,0.402,2010,0.402,10000,0.001,0.0,0.0,0.1,1.0,0.1,0.0,unit_total_var,,0.5,5000000,5000,50000,True,1e-05,,0.0,0.0,1.0,2000,train_pred_mse,285000,0.10809469510156423,0.10819500196680418,1.7133824653062088e-05,0.00040648425625909677,1472.7719802993906,58.675283639848345,1.0,0.0,0.0,0,500,500,4000,3275.2975130081177
ok,ptft,5,5000,0.402,2010,0.402,10000,0.001,0.0,0.0,0.1,1.0,0.1,0.0,unit_total_var,,0.5,5000000,5000,50000,True,1e-05,,0.0,0.0,1.0,2000,train_pred_mse,280000,0.13267863877264424,0.13185175697797116,1.7469920579820183e-05,0.0004378068249145103,1510.0435627779266,59.46111320445129,0.9996,0.0,0.0,0,500,500,4000,3399.924735546112
ok,ptft,0,5000,0.43875,2194,0.4388,10000,0.001,0.0,0.0,0.1,1.0,0.1,0.0,unit_total_var,,0.5,5000000,5000,50000,True,1e-05,,0.0,0.0,1.0,2000,train_pred_mse,350000,0.0690447474063189,0.06866409924744946,1.5393305915556416e-05,0.0003061008116955438,1492.8578330699606,63.141455207159346,1.0,0.0,0.0,0,500,500,4000,3788.784406900406
ok,ptft,1,5000,0.451,2255,0.451,10000,0.001,0.0,0.0,0.1,1.0,0.1,0.0,unit_total_var,,0.5,5000000,5000,50000,True,1e-05,,0.0,0.0,1.0,2000,train_pred_mse,390000,0.053867104187031535,0.053910977493918016,1.4387589136081751e-05,0.00027650580545321256,1424.4428656508649,61.68032493389128,1.0,0.0,0.0,0,500,500,4000,5699.228280067444
ok,ptft,2,5000,0.451,2255,0.451,10000,0.001,0.0,0.0,0.1,1.0,0.1,0.0,unit_total_var,,0.5,5000000,5000,50000,True,1e-05,,0.0,0.0,1.0,2000,train_pred_mse,355000,0.06837177079792899,0.06895958252982243,1.4502918449278656e-05,0.0003031743036428726,1476.454049736622,60.498986228510006,1.0,0.0,0.0,0,500,500,4000,4870.713390827179
ok,ptft,3,5000,0.451,2255,0.451,10000,0.001,0.0,0.0,0.1,1.0,0.1,0.0,unit_total_var,,0.5,5000000,5000,50000,True,1e-05,,0.0,0.0,1.0,2000,train_pred_mse,370000,0.04649651533671127,0.047554292884129816,1.4147156668492145e-05,0.0002572136849502138,1410.189788774447,63.46202828316304,1.0,0.0,0.0,0,500,500,4000,4377.832280397415
ok,ptft,4,5000,0.451,2255,0.451,10000,0.001,0.0,0.0,0.1,1.0,0.1,0.0,unit_total_var,,0.5,5000000,5000,50000,True,1e-05,,0.0,0.0,1.0,2000,train_pred_mse,380000,0.05190827938834152,0.05231043716266067,1.3760802087785333e-05,0.00026558521449926317,1415.0178523772145,61.583492152827255,1.0,0.0,0.0,0,500,500,4000,4669.530808448792
ok,ptft,0,5000,0.5,2500,0.5,10000,0.001,0.0,0.0,0.1,1.0,0.1,0.0,unit_total_var,,0.5,5000000,5000,50000,True,1e-05,,0.0,0.0,1.0,2000,train_pred_mse,485000,0.029230396286977905,0.02898203205446797,1.1297471246527115e-05,0.0001859287070540433,1437.9244131394837,65.75754459319677,1.0,0.0,0.0,0,500,500,4000,6360.204764604569
ok,ptft,4,5000,0.5,2500,0.5,10000,0.001,0.0,0.0,0.1,1.0,0.1,0.0,unit_total_var,,0.5,5000000,5000,50000,True,1e-05,,0.0,0.0,1.0,2000,train_pred_mse,470000,0.02530141367029333,0.025026705679930268,1.1955556274702843e-05,0.00019944179630074,1375.4136859079888,63.684810153353204,0.9998,0.0,0.0,0,500,500,4000,5252.537180662155
ok,ptft,0,5000,0.01,50,0.01,10000,0.001,0.0,1.0,0.1,1.0,0.1,0.0,unit_total_var,,0.5,5000000,5000,50000,True,1e-05,,0.0,0.0,1.0,2000,train_pred_mse,5000,1.0291022696870655,1.022428999945463,2.668031580786053e-17,39.73486638770282,375.158232443365,7.422030038729857,1.0,0.0,0.0,0,500,500,4000,4.634349822998047
ok,ptft,1,5000,0.01,50,0.01,10000,0.001,0.0,1.0,0.1,1.0,0.1,0.0,unit_total_var,,0.5,5000000,5000,50000,True,1e-05,,0.0,0.0,1.0,2000,train_pred_mse,5000,0.9630256820186164,0.951095268629226,3.6392021782512503e-17,38.21936007416001,424.05708251630216,8.558590750103676,1.0,0.0,0.0,0,500,500,4000,4.817898988723755
ok,ptft,2,5000,0.01,50,0.01,10000,0.001,0.0,1.0,0.1,1.0,0.1,0.0,unit_total_var,,0.5,5000000,5000,50000,True,1e-05,,0.0,0.0,1.0,2000,train_pred_mse,5000,0.9553895813356984,0.9558834822771596,3.4382935027495345e-17,39.166235802410824,373.5441020515075,7.483088490533468,1.0,0.0,0.0,0,500,500,4000,4.821658134460449
ok,ptft,3,5000,0.01,50,0.01,10000,0.001,0.0,1.0,0.1,1.0,0.1,0.0,unit_total_var,,0.5,5000000,5000,50000,True,1e-05,,0.0,0.0,1.0,2000,train_pred_mse,5000,0.9880157298699794,0.990512094533062,4.7500667016543086e-17,41.56276234407447,415.84327074366144,8.19017009953967,1.0,0.0,0.0,0,500,500,4000,4.647214651107788
ok,ptft,4,5000,0.01,50,0.01,10000,0.001,0.0,1.0,0.1,1.0,0.1,0.0,unit_total_var,,0.5,5000000,5000,50000,True,1e-05,,0.0,0.0,1.0,2000,train_pred_mse,5000,0.9293202390313732,0.9502550626199172,2.1765912676405378e-17,40.76195958054322,370.0166610481912,7.374404051172726,1.0,0.0,0.0,0,500,500,4000,4.489699363708496
ok,ptft,5,5000,0.01,50,0.01,10000,0.001,0.0,1.0,0.1,1.0,0.1,0.0,unit_total_var,,0.5,5000000,5000,50000,True,1e-05,,0.0,0.0,1.0,2000,train_pred_mse,5000,1.0186880014353001,1.012486236208402,3.048090776947046e-17,41.720402004765525,322.468693648873,6.429092336743675,1.0,0.0,0.0,0,500,500,4000,4.684084177017212
ok,ptft,0,5000,0.0575,288,0.0576,10000,0.001,0.0,1.0,0.1,1.0,0.1,0.0,unit_total_var,,0.5,5000000,5000,50000,True,1e-05,,0.0,0.0,1.0,2000,train_pred_mse,5000,1.0009207257422503,0.9906308416277724,3.611158324131161e-08,228.64055460287773,963.2313534548384,18.74625715761222,1.0,0.0,0.0,0,500,500,4000,17.163610935211178
ok,ptft,1,5000,0.059,295,0.059000000000000004,10000,0.001,0.0,1.0,0.1,1.0,0.1,0.0,unit_total_var,,0.5,5000000,5000,50000,True,1e-05,,0.0,0.0,1.0,2000,train_pred_mse,5000,0.9408821437464572,0.9266649664333289,3.5045097717842696e-08,237.70112876133442,897.2663473494493,17.55072686967986,1.0,0.0,0.0,0,500,500,4000,10.252103328704834
ok,ptft,2,5000,0.059,295,0.059000000000000004,10000,0.001,0.0,1.0,0.1,1.0,0.1,0.0,unit_total_var,,0.5,5000000,5000,50000,True,1e-05,,0.0,0.0,1.0,2000,train_pred_mse,5000,0.9277137826630364,0.9278781760272384,3.916375050774906e-08,231.29167469396128,941.9609724894067,18.676266964327688,1.0,0.0,0.0,0,500,500,4000,7.981892585754394
ok,ptft,3,5000,0.059,295,0.059000000000000004,10000,0.001,0.0,1.0,0.1,1.0,0.1,0.0,unit_total_var,,0.5,5000000,5000,50000,True,1e-05,,0.0,0.0,1.0,2000,train_pred_mse,5000,0.9520232634627104,0.9574989138967848,3.329008059374276e-08,237.20659513018242,963.791691814836,18.96044179307876,1.0,0.0,0.0,0,500,500,4000,7.761128902435303
ok,ptft,4,5000,0.059,295,0.059000000000000004,10000,0.001,0.0,1.0,0.1,1.0,0.1,0.0,unit_total_var,,0.5,5000000,5000,50000,True,1e-05,,0.0,0.0,1.0,2000,train_pred_mse,5000,0.907661247295099,0.9240048541297644,5.0268846315805596e-08,228.9549081378158,884.9575807326221,17.351402302628134,1.0,0.0,0.0,0,500,500,4000,7.381762266159058
ok,ptft,5,5000,0.059,295,0.059000000000000004,10000,0.001,0.0,1.0,0.1,1.0,0.1,0.0,unit_total_var,,0.5,5000000,5000,50000,True,1e-05,,0.0,0.0,1.0,2000,train_pred_mse,5000,0.9870910679108218,0.9796328980402088,5.333989093981416e-08,243.0193214459277,948.5615988109134,18.80233697388921,1.0,0.0,0.0,0,500,500,4000,8.089953899383545
ok,ptft,0,5000,0.105,525,0.105,10000,0.001,0.0,1.0,0.1,1.0,0.1,0.0,unit_total_var,,0.5,5000000,5000,50000,True,1e-05,,0.0,0.0,1.0,2000,train_pred_mse,5000,0.9408500355048668,0.937839678196452,2.399867676690777e-05,425.9147875044058,1268.6259377461542,24.72971532434916,1.0,0.0,0.0,0,500,500,4000,31.971641778945926
ok,ptft,1,5000,0.10800000000000001,540,0.10800000000000001,10000,0.001,0.0,1.0,0.1,1.0,0.1,0.0,unit_total_var,,0.5,5000000,5000,50000,True,1e-05,,0.0,0.0,1.0,2000,train_pred_mse,5000,0.8882002895241429,0.8778681032602974,3.0336972287620616e-05,423.78654471006587,1256.3684244411031,24.559929547807172,1.0,0.0,0.0,0,500,500,4000,10.660811424255373
ok,ptft,2,5000,0.10800000000000001,540,0.10800000000000001,10000,0.001,0.0,1.0,0.1,1.0,0.1,0.0,unit_total_var,,0.5,5000000,5000,50000,True,1e-05,,0.0,0.0,1.0,2000,train_pred_mse,5000,0.8839752621963741,0.8824585674529488,3.018772100233714e-05,413.8261698949648,1241.7914340261846,24.145160585275498,1.0,0.0,0.0,0,500,500,4000,11.074373245239258
ok,ptft,3,5000,0.10800000000000001,540,0.10800000000000001,10000,0.001,0.0,1.0,0.1,1.0,0.1,0.0,unit_total_var,,0.5,5000000,5000,50000,True,1e-05,,0.0,0.0,1.0,2000,train_pred_mse,5000,0.9020631677775096,0.9047953990473948,2.78429207335008e-05,397.50092666735384,1276.8935943911501,25.712803951959447,1.0,0.0,0.0,0,500,500,4000,12.03608751296997
ok,ptft,4,5000,0.10800000000000001,540,0.10800000000000001,10000,0.001,0.0,1.0,0.1,1.0,0.1,0.0,unit_total_var,,0.5,5000000,5000,50000,True,1e-05,,0.0,0.0,1.0,2000,train_pred_mse,5000,0.8445305258258515,0.8556139298662672,3.291647964964861e-05,422.20438571097947,1279.1369240430838,25.11907768855911,1.0,0.0,0.0,0,500,500,4000,10.493357419967653
ok,ptft,5,5000,0.10800000000000001,540,0.10800000000000001,10000,0.001,0.0,1.0,0.1,1.0,0.1,0.0,unit_total_var,,0.5,5000000,5000,50000,True,1e-05,,0.0,0.0,1.0,2000,train_pred_mse,5000,0.9257435241295624,0.9182180910324229,3.5950882594825485e-05,400.592573563138,1306.8381485539358,25.977846012669268,1.0,0.0,0.0,0,500,500,4000,12.811429262161255
ok,ptft,0,5000,0.15250000000000002,763,0.1526,10000,0.001,0.0,1.0,0.1,1.0,0.1,0.0,unit_total_var,,0.5,5000000,5000,50000,True,1e-05,,0.0,0.0,1.0,2000,train_pred_mse,10000,0.9145786523923084,0.90528473650595,6.048113435768557e-06,0.007147787524557623,1417.6114495982215,27.780711321586317,1.0,0.0,0.0,0,500,500,4000,29.600962400436398
ok,ptft,1,5000,0.15700000000000006,785,0.157,10000,0.001,0.0,1.0,0.1,1.0,0.1,0.0,unit_total_var,,0.5,5000000,5000,50000,True,1e-05,,0.0,0.0,1.0,2000,train_pred_mse,10000,0.8530130423202467,0.8263696314824831,7.367512148969728e-06,0.0075235719725257185,1439.4764326076674,28.33203640404239,1.0,0.0,0.0,0,500,500,4000,32.927340745925896
ok,ptft,2,5000,0.15700000000000006,785,0.157,10000,0.001,0.0,1.0,0.1,1.0,0.1,0.0,unit_total_var,,0.5,5000000,5000,50000,True,1e-05,,0.0,0.0,1.0,2000,train_pred_mse,10000,0.8052331468862877,0.7969996253815769,7.418569707981136e-06,0.00755882271762343,1516.339570314916,30.390435546431327,1.0,0.0,0.0,0,500,500,4000,28.32587027549744
ok,ptft,3,5000,0.15700000000000006,785,0.157,10000,0.001,0.0,1.0,0.1,1.0,0.1,0.0,unit_total_var,,0.5,5000000,5000,50000,True,1e-05,,0.0,0.0,1.0,2000,train_pred_mse,10000,0.8244491091673432,0.8331392751700498,8.527102996761522e-06,0.008188139780147225,1489.2352574845606,29.806341219060354,1.0,0.0,0.0,0,500,500,4000,27.794814825057983
ok,ptft,4,5000,0.15700000000000006,785,0.157,10000,0.001,0.0,1.0,0.1,1.0,0.1,0.0,unit_total_var,,0.5,5000000,5000,50000,True,1e-05,,0.0,0.0,1.0,2000,train_pred_mse,10000,0.8051441634640379,0.8144623307282154,6.5900166025467414e-06,0.007105839812710725,1449.483260968702,28.90382841374637,1.0,0.0,0.0,0,500,500,4000,27.649816274642944
ok,ptft,5,5000,0.15700000000000006,785,0.157,10000,0.001,0.0,1.0,0.1,1.0,0.1,0.0,unit_total_var,,0.5,5000000,5000,50000,True,1e-05,,0.0,0.0,1.0,2000,train_pred_mse,10000,0.8670963496216185,0.8525839824467736,5.334587807805754e-06,0.006053483467976697,1482.2146249582493,29.722721506818754,1.0,0.0,0.0,0,500,500,4000,32.54766321182251
ok,ptft,0,5000,0.2,1000,0.2,10000,0.001,0.0,1.0,0.1,1.0,0.1,0.0,unit_total_var,,0.5,5000000,5000,50000,True,1e-05,,0.0,0.0,1.0,2000,train_pred_mse,10000,0.8092407521110406,0.7966272666338311,4.338806430497166e-05,0.02084612153632155,1650.2004509060587,33.72885939781498,1.0,0.0,0.0,0,500,500,4000,40.83728623390198
ok,ptft,1,5000,0.206,1030,0.20600000000000002,10000,0.001,0.0,1.0,0.1,1.0,0.1,0.0,unit_total_var,,0.5,5000000,5000,50000,True,1e-05,,0.0,0.0,1.0,2000,train_pred_mse,10000,0.7802504195497347,0.7637151313430333,6.528989728822158e-05,0.026238693470630795,1610.7437033431574,32.036847627123336,1.0,0.0,0.0,0,500,500,4000,88.74038672447205
ok,ptft,2,5000,0.206,1030,0.20600000000000002,10000,0.001,0.0,1.0,0.1,1.0,0.1,0.0,unit_total_var,,0.5,5000000,5000,50000,True,1e-05,,0.0,0.0,1.0,2000,train_pred_mse,10000,0.7384831381971249,0.7435237395801813,6.471153327803116e-05,0.02687866117823441,1644.6822483088956,33.17687208456059,1.0,0.0,0.0,0,500,500,4000,88.99618721008301
ok,ptft,3,5000,0.206,1030,0.20600000000000002,10000,0.001,0.0,1.0,0.1,1.0,0.1,0.0,unit_total_var,,0.5,5000000,5000,50000,True,1e-05,,0.0,0.0,1.0,2000,train_pred_mse,10000,0.7360706885659016,0.7426841971023374,6.016280519159163e-05,0.023922917643997527,1641.7404917354584,33.97482329087294,1.0,0.0,0.0,0,500,500,4000,44.71988892555237
ok,ptft,4,5000,0.206,1030,0.20600000000000002,10000,0.001,0.0,1.0,0.1,1.0,0.1,0.0,unit_total_var,,0.5,5000000,5000,50000,True,1e-05,,0.0,0.0,1.0,2000,train_pred_mse,10000,0.7433765950239322,0.7543636408468658,6.0561555950988315e-05,0.02527349821354106,1589.9180716084838,31.961311000936924,1.0,0.0,0.0,0,500,500,4000,41.23699951171875
ok,ptft,5,5000,0.206,1030,0.20600000000000002,10000,0.001,0.0,1.0,0.1,1.0,0.1,0.0,unit_total_var,,0.5,5000000,5000,50000,True,1e-05,,0.0,0.0,1.0,2000,train_pred_mse,10000,0.7488866962012904,0.7522790974772025,5.965202816850459e-05,0.025028486924503948,1694.2127201429134,34.81464141774105,1.0,0.0,0.0,0,500,500,4000,50.740160703659065
ok,ptft,0,5000,0.255,1275,0.255,10000,0.001,0.0,1.0,0.1,1.0,0.1,0.0,unit_total_var,,0.5,5000000,5000,50000,True,1e-05,,0.0,0.0,1.0,2000,train_pred_mse,15000,0.7153234455412552,0.6972686398490756,3.426954368366455e-05,0.007108490794606956,1814.6878664759147,38.31459345471516,1.0,0.0,0.0,0,500,500,4000,115.64611506462096
ok,ptft,1,5000,0.255,1275,0.255,10000,0.001,0.0,1.0,0.1,1.0,0.1,0.0,unit_total_var,,0.5,5000000,5000,50000,True,1e-05,,0.0,0.0,1.0,2000,train_pred_mse,15000,0.6519295481861412,0.6553045688744004,3.205928428760076e-05,0.006855696832043028,1771.3173419818336,36.8002617083191,1.0,0.0,0.0,0,500,500,4000,157.4255332946777
ok,ptft,2,5000,0.255,1275,0.255,10000,0.001,0.0,1.0,0.1,1.0,0.1,0.0,unit_total_var,,0.5,5000000,5000,50000,True,1e-05,,0.0,0.0,1.0,2000,train_pred_mse,15000,0.6578946539674942,0.6620870279789608,3.380618891296542e-05,0.007085577437066549,1782.0184448999485,36.594269764195474,1.0,0.0,0.0,0,500,500,4000,167.48664093017578
ok,ptft,3,5000,0.255,1275,0.255,10000,0.001,0.0,1.0,0.1,1.0,0.1,0.0,unit_total_var,,0.5,5000000,5000,50000,True,1e-05,,0.0,0.0,1.0,2000,train_pred_mse,15000,0.6877886796148579,0.6826249429064979,3.8236738496563e-05,0.007974348754749994,1707.8982679391434,36.120520907154265,1.0,0.0,0.0,0,500,500,4000,89.61019277572632
ok,ptft,4,5000,0.255,1275,0.255,10000,0.001,0.0,1.0,0.1,1.0,0.1,0.0,unit_total_var,,0.5,5000000,5000,50000,True,1e-05,,0.0,0.0,1.0,2000,train_pred_mse,15000,0.6381604149505999,0.6567284303865514,3.5302996606946615e-05,0.007403205636339719,1748.7493148654928,36.24719205971875,1.0,0.0,0.0,0,500,500,4000,84.8432240486145
ok,ptft,5,5000,0.255,1275,0.255,10000,0.001,0.0,1.0,0.1,1.0,0.1,0.0,unit_total_var,,0.5,5000000,5000,50000,True,1e-05,,0.0,0.0,1.0,2000,train_pred_mse,15000,0.6595652605955078,0.6726850469313291,4.1122374239442465e-05,0.008288970826319882,1803.8957138862875,38.04238705408239,1.0,0.0,0.0,0,500,500,4000,125.47231531143187
ok,ptft,1,5000,0.30400000000000005,1520,0.304,10000,0.001,0.0,1.0,0.1,1.0,0.1,0.0,unit_total_var,,0.5,5000000,5000,50000,True,1e-05,,0.0,0.0,1.0,2000,train_pred_mse,20000,0.5878920125282581,0.5816126345929852,3.574138531208349e-05,0.005173422170167326,1859.2372813645547,39.980644212920616,1.0,0.0,0.0,0,500,500,4000,144.8399052619934
ok,ptft,2,5000,0.30400000000000005,1520,0.304,10000,0.001,0.0,1.0,0.1,1.0,0.1,0.0,unit_total_var,,0.5,5000000,5000,50000,True,1e-05,,0.0,0.0,1.0,2000,train_pred_mse,20000,0.5717392191896249,0.5726751670006637,3.4237596819360274e-05,0.004867977240261915,1885.978550898776,40.31297511770264,1.0,0.0,0.0,0,500,500,4000,281.42651295661926
ok,ptft,3,5000,0.30400000000000005,1520,0.304,10000,0.001,0.0,1.0,0.1,1.0,0.1,0.0,unit_total_var,,0.5,5000000,5000,50000,True,1e-05,,0.0,0.0,1.0,2000,train_pred_mse,20000,0.5605105373005925,0.5721862844893605,3.8086793274996914e-05,0.005204770110511531,1843.6558393379426,41.210822449622476,1.0,0.0,0.0,0,500,500,4000,255.05489420890808
ok,ptft,4,5000,0.30400000000000005,1520,0.304,10000,0.001,0.0,1.0,0.1,1.0,0.1,0.0,unit_total_var,,0.5,5000000,5000,50000,True,1e-05,,0.0,0.0,1.0,2000,train_pred_mse,20000,0.5477785099402701,0.5570822696954533,3.282460016987453e-05,0.00471029695854159,1892.196048999287,40.458211329067,1.0,0.0,0.0,0,500,500,4000,176.28465366363525
ok,ptft,5,5000,0.30400000000000005,1520,0.304,10000,0.001,0.0,1.0,0.1,1.0,0.1,0.0,unit_total_var,,0.5,5000000,5000,50000,True,1e-05,,0.0,0.0,1.0,2000,train_pred_mse,20000,0.5779720881708044,0.5784557455211052,3.246468551949366e-05,0.004499035814268695,1873.1801073341308,41.549745155989946,1.0,0.0,0.0,0,500,500,4000,209.91105461120603
ok,ptft,0,5000,0.31625000000000003,1581,0.3162,10000,0.001,0.0,1.0,0.1,1.0,0.1,0.0,unit_total_var,,0.5,5000000,5000,50000,True,1e-05,,0.0,0.0,1.0,2000,train_pred_mse,20000,0.588361169005703,0.5832666322412027,4.714300812129402e-05,0.006073973726060328,1952.3290142338994,42.334761444625336,1.0,0.0,0.0,0,500,500,4000,212.9679996967316
ok,ptft,1,5000,0.35300000000000004,1765,0.353,10000,0.001,0.0,1.0,0.1,1.0,0.1,0.0,unit_total_var,,0.5,5000000,5000,50000,True,1e-05,,0.0,0.0,1.0,2000,train_pred_mse,25000,0.4914314493990764,0.4829977777572462,3.752361197296703e-05,0.004117303751727918,1928.341733058492,43.37862219613893,1.0,0.0,0.0,0,500,500,4000,229.76634407043457
ok,ptft,2,5000,0.35300000000000004,1765,0.353,10000,0.001,0.0,1.0,0.1,1.0,0.1,0.0,unit_total_var,,0.5,5000000,5000,50000,True,1e-05,,0.0,0.0,1.0,2000,train_pred_mse,25000,0.4796387268258383,0.4793244110545444,4.233992686317104e-05,0.004477806948394437,1932.5468433243595,43.919586966668774,1.0,0.0,0.0,0,500,500,4000,202.79129934310916
ok,ptft,3,5000,0.35300000000000004,1765,0.353,10000,0.001,0.0,1.0,0.1,1.0,0.1,0.0,unit_total_var,,0.5,5000000,5000,50000,True,1e-05,,0.0,0.0,1.0,2000,train_pred_mse,25000,0.4916965678107039,0.4894113615044564,3.875722880671651e-05,0.004091010745317606,1930.742846686416,44.36196269001697,1.0,0.0,0.0,0,500,500,4000,253.95389199256897
ok,ptft,4,5000,0.35300000000000004,1765,0.353,10000,0.001,0.0,1.0,0.1,1.0,0.1,0.0,unit_total_var,,0.5,5000000,5000,50000,True,1e-05,,0.0,0.0,1.0,2000,train_pred_mse,25000,0.4791352675886666,0.4869966435069306,3.605804974285044e-05,0.004028182468811123,1908.8004244194715,42.93913578360342,1.0,0.0,0.0,0,500,500,4000,334.6906819343567
ok,ptft,5,5000,0.35300000000000004,1765,0.353,10000,0.001,0.0,1.0,0.1,1.0,0.1,0.0,unit_total_var,,0.5,5000000,5000,50000,True,1e-05,,0.0,0.0,1.0,2000,train_pred_mse,20000,0.4980066017511696,0.4965463332425478,7.776990928409544e-05,0.00873156699626902,1947.1818544597606,45.015704064052365,1.0,0.0,0.0,0,500,500,4000,237.1066575050354
ok,ptft,0,5000,0.3775,1888,0.3776,10000,0.001,0.0,1.0,0.1,1.0,0.1,0.0,unit_total_var,,0.5,5000000,5000,50000,True,1e-05,,0.0,0.0,1.0,2000,train_pred_mse,25000,0.4473992603517374,0.4456794682760785,5.5557672207966885e-05,0.0054049012081872185,2023.9659443587373,47.2758743689967,1.0,0.0,0.0,0,500,500,4000,306.53515744209284
ok,ptft,1,5000,0.402,2010,0.402,10000,0.001,0.0,1.0,0.1,1.0,0.1,0.0,unit_total_var,,0.5,5000000,5000,50000,True,1e-05,,0.0,0.0,1.0,2000,train_pred_mse,30000,0.4108981874916977,0.4014251225072766,4.4570091410196526e-05,0.0040381512996116075,1994.4622327174961,46.790345256086596,1.0,0.0,0.0,0,500,500,4000,375.94465708732605
ok,ptft,2,5000,0.402,2010,0.402,10000,0.001,0.0,1.0,0.1,1.0,0.1,0.0,unit_total_var,,0.5,5000000,5000,50000,True,1e-05,,0.0,0.0,1.0,2000,train_pred_mse,30000,0.3983385802539733,0.399117548933201,4.845787041515906e-05,0.004283125522858811,1998.4945285511255,47.02646609435729,1.0,0.0,0.0,0,500,500,4000,318.728688955307
ok,ptft,3,5000,0.402,2010,0.402,10000,0.001,0.0,1.0,0.1,1.0,0.1,0.0,unit_total_var,,0.5,5000000,5000,50000,True,1e-05,,0.0,0.0,1.0,2000,train_pred_mse,30000,0.4139757483188972,0.4148271489621001,4.613058028655597e-05,0.004118718366118075,1957.844099552271,47.106573420726654,1.0,0.0,0.0,0,500,500,4000,316.1143164634705
ok,ptft,4,5000,0.402,2010,0.402,10000,0.001,0.0,1.0,0.1,1.0,0.1,0.0,unit_total_var,,0.5,5000000,5000,50000,True,1e-05,,0.0,0.0,1.0,2000,train_pred_mse,30000,0.3849273195989239,0.3931628111151216,4.973879433568781e-05,0.004418923814945963,1984.1336649095208,46.616228618966076,1.0,0.0,0.0,0,500,500,4000,451.50520420074463
ok,ptft,5,5000,0.402,2010,0.402,10000,0.001,0.0,1.0,0.1,1.0,0.1,0.0,unit_total_var,,0.5,5000000,5000,50000,True,1e-05,,0.0,0.0,1.0,2000,train_pred_mse,30000,0.4276388713762593,0.4269802433489736,4.744536093552656e-05,0.004177032477899164,2011.0437161022885,47.44551943724541,1.0,0.0,0.0,0,500,500,4000,412.65298438072205
ok,ptft,0,5000,0.43875,2194,0.4388,10000,0.001,0.0,1.0,0.1,1.0,0.1,0.0,unit_total_var,,0.5,5000000,5000,50000,True,1e-05,,0.0,0.0,1.0,2000,train_pred_mse,35000,0.37596199995968455,0.3726584370181753,4.964088300291747e-05,0.0039166802211506565,2072.3818187590305,50.159297371209995,1.0,0.0,0.0,0,500,500,4000,426.8905081748962
ok,ptft,1,5000,0.451,2255,0.451,10000,0.001,0.0,1.0,0.1,1.0,0.1,0.0,unit_total_var,,0.5,5000000,5000,50000,True,1e-05,,0.0,0.0,1.0,2000,train_pred_mse,35000,0.320654120155041,0.3205093040219619,5.724837193482e-05,0.004485347712425392,2007.3632933988306,49.57501215445034,1.0,0.0,0.0,0,500,500,4000,529.267148733139
ok,ptft,2,5000,0.451,2255,0.451,10000,0.001,0.0,1.0,0.1,1.0,0.1,0.0,unit_total_var,,0.5,5000000,5000,50000,True,1e-05,,0.0,0.0,1.0,2000,train_pred_mse,35000,0.36733901919976025,0.3635667963347767,5.587598252693218e-05,0.00447078360255135,2031.4344350722854,48.35339710189135,1.0,0.0,0.0,0,500,500,4000,495.7592706680298
ok,ptft,3,5000,0.451,2255,0.451,10000,0.001,0.0,1.0,0.1,1.0,0.1,0.0,unit_total_var,,0.5,5000000,5000,50000,True,1e-05,,0.0,0.0,1.0,2000,train_pred_mse,35000,0.3287160745135256,0.32493777932642043,5.0465074640457645e-05,0.003921672010363122,2003.8877970990336,50.53229289374619,1.0,0.0,0.0,0,500,500,4000,402.25055932998663
ok,ptft,4,5000,0.451,2255,0.451,10000,0.001,0.0,1.0,0.1,1.0,0.1,0.0,unit_total_var,,0.5,5000000,5000,50000,True,1e-05,,0.0,0.0,1.0,2000,train_pred_mse,35000,0.3123986386901589,0.3156364380715033,5.724464923490725e-05,0.0044091301366228465,1984.1787870756687,49.710169698658454,1.0,0.0,0.0,0,500,500,4000,617.2576315402985
ok,ptft,5,5000,0.451,2255,0.451,10000,0.001,0.0,1.0,0.1,1.0,0.1,0.0,unit_total_var,,0.5,5000000,5000,50000,True,1e-05,,0.0,0.0,1.0,2000,train_pred_mse,35000,0.33862441963902545,0.3402218474838894,5.618927127287244e-05,0.0042636023716601384,1999.323376235624,50.73342982670084,1.0,0.0,0.0,0,500,500,4000,580.3435580730437
ok,ptft,0,5000,0.5,2500,0.5,10000,0.001,0.0,1.0,0.1,1.0,0.1,0.0,unit_total_var,,0.5,5000000,5000,50000,True,1e-05,,0.0,0.0,1.0,2000,train_pred_mse,50000,0.3102634486017392,0.3114083704139076,3.6432533368950595e-05,0.0024858292668630128,2083.028224235414,52.33165726260935,1.0,0.0,0.0,0,500,500,4000,677.4876520633698
ok,ptft,1,5000,0.5,2500,0.5,10000,0.001,0.0,1.0,0.1,1.0,0.1,0.0,unit_total_var,,0.5,5000000,5000,50000,True,1e-05,,0.0,0.0,1.0,2000,train_pred_mse,45000,0.2646437235676707,0.2630688736038798,4.497635657083893e-05,0.0031027930770411863,2006.3787037755105,51.8770906813341,1.0,0.0,0.0,0,500,500,4000,702.0105717182159
ok,ptft,2,5000,0.5,2500,0.5,10000,0.001,0.0,1.0,0.1,1.0,0.1,0.0,unit_total_var,,0.5,5000000,5000,50000,True,1e-05,,0.0,0.0,1.0,2000,train_pred_mse,45000,0.27456148623904875,0.27222360727019196,4.898016224971109e-05,0.003396663987118421,2030.8696686316814,52.02938019554742,1.0,0.0,0.0,0,500,500,4000,690.6819212436676
ok,ptft,3,5000,0.5,2500,0.5,10000,0.001,0.0,1.0,0.1,1.0,0.1,0.0,unit_total_var,,0.5,5000000,5000,50000,True,1e-05,,0.0,0.0,1.0,2000,train_pred_mse,45000,0.25782333525089696,0.26446390885573434,4.5714271059573715e-05,0.003066747405425705,1985.293458811875,53.29012467323618,1.0,0.0,0.0,0,500,500,4000,534.2471108436583
ok,ptft,4,5000,0.5,2500,0.5,10000,0.001,0.0,1.0,0.1,1.0,0.1,0.0,unit_total_var,,0.5,5000000,5000,50000,True,1e-05,,0.0,0.0,1.0,2000,train_pred_mse,45000,0.2835141371376999,0.28722476804715513,4.266225234032338e-05,0.003044602010866761,1998.8737114629214,50.886515926546686,1.0,0.0,0.0,0,500,500,4000,758.3314933776855
ok,ptft,5,5000,0.5,2500,0.5,10000,0.001,0.0,1.0,0.1,1.0,0.1,0.0,unit_total_var,,0.5,5000000,5000,50000,True,1e-05,,0.0,0.0,1.0,2000,train_pred_mse,45000,0.2766167350574059,0.2752982269879798,4.8463494561895296e-05,0.003249880191878211,2006.98719743224,53.22139449924479,1.0,0.0,0.0,0,500,500,4000,503.24337029457087
ok,ptft,0,5000,0.01,50,0.01,10000,0.001,-0.00099,0.0,0.1,1.0,0.1,1.0,unit_total_var,,0.5,5000000,5000,50000,True,1e-05,,0.0,0.0,1.0,2000,train_pred_mse,10000,1.0102337999928357,1.0048096011495469,4.3657375058106546e-05,0.021119783574282742,241.53024215359198,27.446050115792126,0.9914,0.0,1.0,500,0,0,4500,7.770708799362183
ok,ptft,1,5000,0.01,50,0.01,10000,0.001,-0.00099,0.0,0.1,1.0,0.1,1.0,unit_total_var,,0.5,5000000,5000,50000,True,1e-05,,0.0,0.0,1.0,2000,train_pred_mse,10000,0.94743693752474,0.9303392419837896,6.150927001037373e-05,0.025629184761274883,236.36674781728982,30.34676161498305,0.9856,0.0,1.0,500,0,0,4500,7.968759298324585
ok,ptft,2,5000,0.01,50,0.01,10000,0.001,-0.00099,0.0,0.1,1.0,0.1,1.0,unit_total_var,,0.5,5000000,5000,50000,True,1e-05,,0.0,0.0,1.0,2000,train_pred_mse,10000,0.9527901710189379,0.939033990335203,5.7895664050899155e-05,0.02355635968111788,221.9033454812479,25.921839958891912,0.988,0.0,1.0,500,0,0,4500,7.436951875686645
ok,ptft,3,5000,0.01,50,0.01,10000,0.001,-0.00099,0.0,0.1,1.0,0.1,1.0,unit_total_var,,0.5,5000000,5000,50000,True,1e-05,,0.0,0.0,1.0,2000,train_pred_mse,10000,1.0031848562014931,1.0065095794244805,3.561194718288986e-05,0.020351184670550863,230.112604544236,24.062308785715608,0.988,0.0,1.0,500,0,0,4500,8.111267805099487
ok,ptft,4,5000,0.01,50,0.01,10000,0.001,-0.00099,0.0,0.1,1.0,0.1,1.0,unit_total_var,,0.5,5000000,5000,50000,True,1e-05,,0.0,0.0,1.0,2000,train_pred_mse,10000,0.9413611083259259,0.9419212844593988,3.4576213796762394e-05,0.019373210494817127,226.61381612151303,28.098064135464142,0.9902,0.0,1.0,500,0,0,4500,8.940240383148193
ok,ptft,5,5000,0.01,50,0.01,10000,0.001,-0.00099,0.0,0.1,1.0,0.1,1.0,unit_total_var,,0.5,5000000,5000,50000,True,1e-05,,0.0,0.0,1.0,2000,train_pred_mse,10000,0.9928102107007232,0.9992368726327412,3.262033293122305e-05,0.014459902856699718,252.96222423555255,29.108824457268963,0.9908,0.0,1.0,500,0,0,4500,8.605304479598999
ok,ptft,0,5000,0.0575,288,0.0576,10000,0.001,-0.00099,0.0,0.1,1.0,0.1,1.0,unit_total_var,,0.5,5000000,5000,50000,True,1e-05,,0.0,0.0,1.0,2000,train_pred_mse,45000,0.6682204925352248,0.6733739966553324,4.788531907064319e-05,0.003111842960592569,599.4223687478852,40.37477307658181,0.9914,0.0,1.0,500,0,0,4500,55.39395499229431
ok,ptft,1,5000,0.059,295,0.059000000000000004,10000,0.001,-0.00099,0.0,0.1,1.0,0.1,1.0,unit_total_var,,0.5,5000000,5000,50000,True,1e-05,,0.0,0.0,1.0,2000,train_pred_mse,40000,0.5984770007554558,0.5868711349694007,4.1383112882305615e-05,0.002995572162628905,637.7861972188093,42.204711750528986,0.9928,0.0,1.0,500,0,0,4500,50.556111574172974
ok,ptft,2,5000,0.059,295,0.059000000000000004,10000,0.001,-0.00099,0.0,0.1,1.0,0.1,1.0,unit_total_var,,0.5,5000000,5000,50000,True,1e-05,,0.0,0.0,1.0,2000,train_pred_mse,45000,0.6600411606059758,0.6572550705907441,4.448740503531722e-05,0.003117989270554369,637.7142678080992,43.738007318336344,0.993,0.0,1.0,500,0,0,4500,90.50866866111755
ok,ptft,3,5000,0.059,295,0.059000000000000004,10000,0.001,-0.00099,0.0,0.1,1.0,0.1,1.0,unit_total_var,,0.5,5000000,5000,50000,True,1e-05,,0.0,0.0,1.0,2000,train_pred_mse,45000,0.6533705504032284,0.6588137069792375,4.2818753468837706e-05,0.002876835183895368,583.0607344054717,39.07007502286497,0.9934,0.0,1.0,500,0,0,4500,55.68733334541321
ok,ptft,4,5000,0.059,295,0.059000000000000004,10000,0.001,-0.00099,0.0,0.1,1.0,0.1,1.0,unit_total_var,,0.5,5000000,5000,50000,True,1e-05,,0.0,0.0,1.0,2000,train_pred_mse,40000,0.6032142698577231,0.6108553815311041,5.141359345345033e-05,0.003718255437819115,634.2593333443151,41.541322469013906,0.993,0.0,1.0,500,0,0,4500,56.077974557876594
ok,ptft,5,5000,0.059,295,0.059000000000000004,10000,0.001,-0.00099,0.0,0.1,1.0,0.1,1.0,unit_total_var,,0.5,5000000,5000,50000,True,1e-05,,0.0,0.0,1.0,2000,train_pred_mse,45000,0.6196222312473492,0.6252058233534216,4.7707221443708506e-05,0.003103048264337287,645.1642756099632,42.24762258516269,0.9958,0.0,1.0,500,0,0,4500,56.80405521392822
ok,ptft,0,5000,0.105,525,0.105,10000,0.001,-0.00099,0.0,0.1,1.0,0.1,1.0,unit_total_var,,0.5,5000000,5000,50000,True,1e-05,,0.0,0.0,1.0,2000,train_pred_mse,85000,0.3465597946857545,0.35096716803957045,3.1056338641524635e-05,0.0013775003603359814,906.729546192686,50.672155765204,0.9936,0.0,1.0,500,0,0,4500,182.63846349716187
ok,ptft,1,5000,0.10800000000000001,540,0.10800000000000001,10000,0.001,-0.00099,0.0,0.1,1.0,0.1,1.0,unit_total_var,,0.5,5000000,5000,50000,True,1e-05,,0.0,0.0,1.0,2000,train_pred_mse,100000,0.3229806077320791,0.3140612047060552,2.9122465582555768e-05,0.0012335141415524974,883.4384387168624,48.916015221006106,0.9940000000000001,0.0,1.0,500,0,0,4500,327.40800142288214
ok,ptft,2,5000,0.10800000000000001,540,0.10800000000000001,10000,0.001,-0.00099,0.0,0.1,1.0,0.1,1.0,unit_total_var,,0.5,5000000,5000,50000,True,1e-05,,0.0,0.0,1.0,2000,train_pred_mse,90000,0.40421655058564976,0.4010739429874698,3.089339313463041e-05,0.0014148563433248164,829.3721187405348,46.169245426666606,0.9938,0.0,1.0,500,0,0,4500,371.73758935928345
ok,ptft,3,5000,0.10800000000000001,540,0.10800000000000001,10000,0.001,-0.00099,0.0,0.1,1.0,0.1,1.0,unit_total_var,,0.5,5000000,5000,50000,True,1e-05,,0.0,0.0,1.0,2000,train_pred_mse,95000,0.30323852817087793,0.30685703429594563,3.123812726852666e-05,0.0012513993789383029,871.0695434100853,52.62276662160343,0.9922,0.0,1.0,500,0,0,4500,198.0714430809021
ok,ptft,4,5000,0.10800000000000001,540,0.10800000000000001,10000,0.001,-0.00099,0.0,0.1,1.0,0.1,1.0,unit_total_var,,0.5,5000000,5000,50000,True,1e-05,,0.0,0.0,1.0,2000,train_pred_mse,90000,0.2879767382446304,0.28794677247608497,3.383267682903509e-05,0.001431309983124979,897.249167909998,50.42089483550375,0.9940000000000001,0.0,1.0,500,0,0,4500,228.12459564208984
ok,ptft,5,5000,0.10800000000000001,540,0.10800000000000001,10000,0.001,-0.00099,0.0,0.1,1.0,0.1,1.0,unit_total_var,,0.5,5000000,5000,50000,True,1e-05,,0.0,0.0,1.0,2000,train_pred_mse,85000,0.3239705132368765,0.3298831727779393,3.508575148352501e-05,0.0015327220406558845,866.5668078053833,48.64646331444678,0.991,0.0,1.0,500,0,0,4500,186.78852581977844
ok,ptft,0,5000,0.15250000000000002,763,0.1526,10000,0.001,-0.00099,0.0,0.1,1.0,0.1,1.0,unit_total_var,,0.5,5000000,5000,50000,True,1e-05,,0.0,0.0,1.0,2000,train_pred_mse,155000,0.13487670742627272,0.13331348913403268,2.4501690070578416e-05,0.0006932849741177479,1079.849703599656,58.41424730100593,0.9948,0.0,1.0,500,0,0,4500,447.23067450523376
ok,ptft,1,5000,0.15700000000000006,785,0.157,10000,0.001,-0.00099,0.0,0.1,1.0,0.1,1.0,unit_total_var,,0.5,5000000,5000,50000,True,1e-05,,0.0,0.0,1.0,2000,train_pred_mse,165000,0.13765112022417453,0.13852086302315136,2.3025734706231235e-05,0.0006574088153289227,1038.3743049624659,54.90691759236609,0.9934,0.0,1.0,500,0,0,4500,445.1849808692932
ok,ptft,2,5000,0.15700000000000006,785,0.157,10000,0.001,-0.00099,0.0,0.1,1.0,0.1,1.0,unit_total_var,,0.5,5000000,5000,50000,True,1e-05,,0.0,0.0,1.0,2000,train_pred_mse,150000,0.13512438025612672,0.13244029646148375,2.3616122299936843e-05,0.0006562134125044199,1065.9590604392156,55.50259747038909,0.992,0.0,1.0,500,0,0,4500,401.0657308101654
ok,ptft,3,5000,0.15700000000000006,785,0.157,10000,0.001,-0.00099,0.0,0.1,1.0,0.1,1.0,unit_total_var,,0.5,5000000,5000,50000,True,1e-05,,0.0,0.0,1.0,2000,train_pred_mse,180000,0.09133662223477702,0.09157182325708522,2.112149233331608e-05,0.0005375323440250223,1076.8573236781524,59.757217308232924,0.9932,0.0,1.0,500,0,0,4500,682.5374326705933
ok,ptft,4,5000,0.15700000000000006,785,0.157,10000,0.001,-0.00099,0.0,0.1,1.0,0.1,1.0,unit_total_var,,0.5,5000000,5000,50000,True,1e-05,,0.0,0.0,1.0,2000,train_pred_mse,160000,0.10953853460802154,0.10974395394910308,2.4101160604915507e-05,0.0006679756388403385,1042.3266937392732,56.20698758309759,0.9938,0.0,1.0,500,0,0,4500,812.6614291667938
ok,ptft,5,5000,0.15700000000000006,785,0.157,10000,0.001,-0.00099,0.0,0.1,1.0,0.1,1.0,unit_total_var,,0.5,5000000,5000,50000,True,1e-05,,0.0,0.0,1.0,2000,train_pred_mse,155000,0.11098720976537843,0.11345358715957113,2.4469951716705677e-05,0.0006762187891800459,1061.5765994588023,57.5306545531035,0.9940000000000001,0.0,1.0,500,0,0,4500,626.7293591499329
ok,ptft,0,5000,0.2,1000,0.2,10000,0.001,-0.00099,0.0,0.1,1.0,0.1,1.0,unit_total_var,,0.5,5000000,5000,50000,True,1e-05,,0.0,0.0,1.0,2000,train_pred_mse,305000,0.02384001590698373,0.024872782684163156,1.4551805378887396e-05,0.0002334157170662648,1208.8668386523939,65.7032777488952,0.9944,0.0,1.0,500,0,0,4500,1234.3187627792356
ok,ptft,1,5000,0.206,1030,0.20600000000000002,10000,0.001,-0.00099,0.0,0.1,1.0,0.1,1.0,unit_total_var,,0.5,5000000,5000,50000,True,1e-05,,0.0,0.0,1.0,2000,train_pred_mse,310000,0.01546910948948712,0.015599234047420918,1.4196478064878977e-05,0.00023374144440243573,1177.3180939798915,64.498064099461,0.9948,0.0,1.0,500,0,0,4500,2331.516454935074
ok,ptft,2,5000,0.206,1030,0.20600000000000002,10000,0.001,-0.00099,0.0,0.1,1.0,0.1,1.0,unit_total_var,,0.5,5000000,5000,50000,True,1e-05,,0.0,0.0,1.0,2000,train_pred_mse,330000,0.01894508991200651,0.019202904375862844,1.4087718953053864e-05,0.0002169247043096268,1198.9886465566913,64.20360249874675,0.993,0.0,1.0,500,0,0,4500,2629.795764923096
ok,ptft,3,5000,0.206,1030,0.20600000000000002,10000,0.001,-0.00099,0.0,0.1,1.0,0.1,1.0,unit_total_var,,0.5,5000000,5000,50000,True,1e-05,,0.0,0.0,1.0,2000,train_pred_mse,305000,0.019846241184870668,0.0199726521766327,1.5111138262128219e-05,0.00023034523536124145,1164.2596164689858,64.94936880005044,0.9938,0.0,1.0,500,0,0,4500,1653.3695974349976
ok,ptft,4,5000,0.206,1030,0.20600000000000002,10000,0.001,-0.00099,0.0,0.1,1.0,0.1,1.0,unit_total_var,,0.5,5000000,5000,50000,True,1e-05,,0.0,0.0,1.0,2000,train_pred_mse,315000,0.01859451171713096,0.01886398084865665,1.421628397737708e-05,0.000240539780192308,1169.4810308175086,63.77523178897592,0.9922,0.0,1.0,500,0,0,4500,3176.306564807892
ok,ptft,5,5000,0.206,1030,0.20600000000000002,10000,0.001,-0.00099,0.0,0.1,1.0,0.1,1.0,unit_total_var,,0.5,5000000,5000,50000,True,1e-05,,0.0,0.0,1.0,2000,train_pred_mse,315000,0.02552908036018764,0.025632722000193352,1.4178384510541266e-05,0.00022719004977803442,1178.2798861876006,65.23367484579094,0.9932,0.0,1.0,500,0,0,4500,2551.757610797882
ok,ptft,0,5000,0.255,1275,0.255,10000,0.001,-0.00099,0.0,0.1,1.0,0.1,1.0,unit_total_var,,0.5,5000000,5000,50000,True,1e-05,,0.0,0.0,1.0,2000,train_pred_mse,365000,0.0011504863729826194,0.0011649095411869568,1.0306683594356481e-05,0.0001417704627103944,1265.0760414588174,70.32067198476737,0.9926,0.0,1.0,500,0,0,4500,2834.545877456665
ok,ptft,1,5000,0.255,1275,0.255,10000,0.001,-0.00099,0.0,0.1,1.0,0.1,1.0,unit_total_var,,0.5,5000000,5000,50000,True,1e-05,,0.0,0.0,1.0,2000,train_pred_mse,320000,0.0007294251325428874,0.0007274361860594549,1.2035213366736211e-05,0.0001912665531352801,1221.0299751321675,68.01618826032869,0.9942,0.0,1.0,500,0,0,4500,1893.758441448212
ok,ptft,2,5000,0.255,1275,0.255,10000,0.001,-0.00099,0.0,0.1,1.0,0.1,1.0,unit_total_var,,0.5,5000000,5000,50000,True,1e-05,,0.0,0.0,1.0,2000,train_pred_mse,350000,0.0013534958226388213,0.001351350956075508,1.128359757203785e-05,0.00017215965443182274,1244.8930704524234,67.69763523529221,0.9928,0.0,1.0,500,0,0,4500,4245.342665672302
ok,ptft,3,5000,0.255,1275,0.255,10000,0.001,-0.00099,0.0,0.1,1.0,0.1,1.0,unit_total_var,,0.5,5000000,5000,50000,True,1e-05,,0.0,0.0,1.0,2000,train_pred_mse,325000,0.0006540369772596392,0.0006567296217439667,1.1001286505659644e-05,0.00016418953019359467,1214.714729987872,69.58295244642015,0.9928,0.0,1.0,500,0,0,4500,2563.030428647995
ok,ptft,4,5000,0.255,1275,0.255,10000,0.001,-0.00099,0.0,0.1,1.0,0.1,1.0,unit_total_var,,0.5,5000000,5000,50000,True,1e-05,,0.0,0.0,1.0,2000,train_pred_mse,360000,0.0015811701234896096,0.001590391354471831,1.0905233402889236e-05,0.00016015166290511216,1212.1840567673828,67.5217327679898,0.988,0.0,1.0,500,0,0,4500,3358.8506922721863
ok,ptft,5,5000,0.255,1275,0.255,10000,0.001,-0.00099,0.0,0.1,1.0,0.1,1.0,unit_total_var,,0.5,5000000,5000,50000,True,1e-05,,0.0,0.0,1.0,2000,train_pred_mse,320000,0.0009806527059269602,0.000979859781664769,1.0817282160040795e-05,0.00016909972399553483,1236.474088077275,69.969285193535,0.9914,0.0,1.0,500,0,0,4500,2648.239783287049
ok,ptft,1,5000,0.30400000000000005,1520,0.304,10000,0.001,-0.00099,0.0,0.1,1.0,0.1,1.0,unit_total_var,,0.5,5000000,5000,50000,True,1e-05,,0.0,0.0,1.0,2000,train_pred_mse,245000,0.00019975673011531176,0.00020007180883180263,1.2805078116306055e-05,0.0001923316817161517,1225.5869933811052,68.54754152128925,0.9912,0.0,1.0,500,0,0,4500,2235.8384459018707
ok,ptft,2,5000,0.30400000000000005,1520,0.304,10000,0.001,-0.00099,0.0,0.1,1.0,0.1,1.0,unit_total_var,,0.5,5000000,5000,50000,True,1e-05,,0.0,0.0,1.0,2000,train_pred_mse,235000,0.0001895094023172345,0.000188335428097828,1.2898910379623298e-05,0.00018904541111725736,1252.8984391909567,68.70935900108479,0.9936,0.0,1.0,500,0,0,4500,1804.1152911186216
ok,ptft,3,5000,0.30400000000000005,1520,0.304,10000,0.001,-0.00099,0.0,0.1,1.0,0.1,1.0,unit_total_var,,0.5,5000000,5000,50000,True,1e-05,,0.0,0.0,1.0,2000,train_pred_mse,265000,0.00019875658980257269,0.00019856484636849222,1.2419709724140261e-05,0.00017401368424612562,1218.151291889514,69.9990734586936,0.9908,0.0,1.0,500,0,0,4500,2717.5886063575745
ok,ptft,4,5000,0.30400000000000005,1520,0.304,10000,0.001,-0.00099,0.0,0.1,1.0,0.1,1.0,unit_total_var,,0.5,5000000,5000,50000,True,1e-05,,0.0,0.0,1.0,2000,train_pred_mse,265000,0.00023698794585393662,0.00023050271304183505,1.2452067403280928e-05,0.00018178408315730439,1220.5345198565394,68.44457294603295,0.9904,0.0,1.0,500,0,0,4500,3036.469959259033
ok,ptft,5,5000,0.30400000000000005,1520,0.304,10000,0.001,-0.00099,0.0,0.1,1.0,0.1,1.0,unit_total_var,,0.5,5000000,5000,50000,True,1e-05,,0.0,0.0,1.0,2000,train_pred_mse,310000,0.0004329810029989286,0.00042419803258987983,1.1488274189272907e-05,0.00016907853117076167,1239.8558251519707,70.37429020657567,0.9932,0.0,1.0,500,0,0,4500,2875.932600259781
ok,ptft,0,5000,0.31625000000000003,1581,0.3162,10000,0.001,-0.00099,0.0,0.1,1.0,0.1,1.0,unit_total_var,,0.5,5000000,5000,50000,True,1e-05,,0.0,0.0,1.0,2000,train_pred_mse,290000,0.00026512159763211133,0.00026636357336074716,1.1497981166707633e-05,0.00015696377634202342,1271.384285690966,70.95534340308285,0.993,0.0,1.0,500,0,0,4500,3224.5161230564117
ok,ptft,1,5000,0.35300000000000004,1765,0.353,10000,0.001,-0.00099,0.0,0.1,1.0,0.1,1.0,unit_total_var,,0.5,5000000,5000,50000,True,1e-05,,0.0,0.0,1.0,2000,train_pred_mse,190000,8.735121419366144e-05,8.51443070250229e-05,1.5729267882650806e-05,0.00024814014993574377,1226.6703720611556,68.76553050523715,0.9862,0.0,1.0,500,0,0,4500,2398.8037931919102
ok,ptft,2,5000,0.35300000000000004,1765,0.353,10000,0.001,-0.00099,0.0,0.1,1.0,0.1,1.0,unit_total_var,,0.5,5000000,5000,50000,True,1e-05,,0.0,0.0,1.0,2000,train_pred_mse,195000,9.140273771488532e-05,9.114673347829565e-05,1.4645594856421235e-05,0.00022570249589499013,1254.071453632848,68.88948789707793,0.9916,0.0,1.0,500,0,0,4500,2183.443853855133
ok,ptft,3,5000,0.35300000000000004,1765,0.353,10000,0.001,-0.00099,0.0,0.1,1.0,0.1,1.0,unit_total_var,,0.5,5000000,5000,50000,True,1e-05,,0.0,0.0,1.0,2000,train_pred_mse,190000,8.198966272678258e-05,8.168127208003613e-05,1.4578726989646024e-05,0.0002238701850172326,1219.8854197609523,70.18181354103389,0.993,0.0,1.0,500,0,0,4500,2309.2877740859985
ok,ptft,4,5000,0.35300000000000004,1765,0.353,10000,0.001,-0.00099,0.0,0.1,1.0,0.1,1.0,unit_total_var,,0.5,5000000,5000,50000,True,1e-05,,0.0,0.0,1.0,2000,train_pred_mse,205000,9.972069440609698e-05,9.894986601432509e-05,1.4282859114332153e-05,0.00021647389092000968,1222.57401003087,68.69473382838316,0.9924,0.0,1.0,500,0,0,4500,2770.650162220001
ok,ptft,5,5000,0.35300000000000004,1765,0.353,10000,0.001,-0.00099,0.0,0.1,1.0,0.1,1.0,unit_total_var,,0.5,5000000,5000,50000,True,1e-05,,0.0,0.0,1.0,2000,train_pred_mse,190000,8.409756499029029e-05,8.324273271316114e-05,1.6026893597505208e-05,0.00023499761918600092,1243.4421742265786,70.88676549706307,0.9906,0.0,1.0,500,0,0,4500,2262.3043599128728
ok,ptft,0,5000,0.3775,1888,0.3776,10000,0.001,-0.00099,0.0,0.1,1.0,0.1,1.0,unit_total_var,,0.5,5000000,5000,50000,True,1e-05,,0.0,0.0,1.0,2000,train_pred_mse,190000,6.654876984431842e-05,6.705442265008492e-05,1.4659790048388391e-05,0.00021052307908752524,1273.7034048182006,71.32718605671161,0.9890000000000001,0.0,1.0,500,0,0,4500,1874.9337952136996
ok,ptft,1,5000,0.402,2010,0.402,10000,0.001,-0.00099,0.0,0.1,1.0,0.1,1.0,unit_total_var,,0.5,5000000,5000,50000,True,1e-05,,0.0,0.0,1.0,2000,train_pred_mse,175000,4.906879783604957e-05,4.969204538260589e-05,1.7754938622881486e-05,0.00028511936972977687,1227.2889131812985,68.87131046946328,0.9866,0.0,1.0,500,0,0,4500,2465.321925163269
ok,ptft,2,5000,0.402,2010,0.402,10000,0.001,-0.00099,0.0,0.1,1.0,0.1,1.0,unit_total_var,,0.5,5000000,5000,50000,True,1e-05,,0.0,0.0,1.0,2000,train_pred_mse,170000,4.556886416256823e-05,4.569908826645433e-05,1.7123335233626098e-05,0.00027359147934043123,1254.682867826888,69.01534621060165,0.9894,0.0,1.0,500,0,0,4500,2210.8029267787933
ok,ptft,3,5000,0.402,2010,0.402,10000,0.001,-0.00099,0.0,0.1,1.0,0.1,1.0,unit_total_var,,0.5,5000000,5000,50000,True,1e-05,,0.0,0.0,1.0,2000,train_pred_mse,200000,5.900530861737996e-05,5.930826414847683e-05,1.4989998609817028e-05,0.00020831472427948212,1219.9370181805812,70.26326340083698,0.9852,0.0,1.0,500,0,0,4500,2750.245329856873
ok,ptft,4,5000,0.402,2010,0.402,10000,0.001,-0.00099,0.0,0.1,1.0,0.1,1.0,unit_total_var,,0.5,5000000,5000,50000,True,1e-05,,0.0,0.0,1.0,2000,train_pred_mse,200000,5.527689685474473e-05,5.441396010528371e-05,1.454669408066205e-05,0.0001776031413046649,1222.9474712546069,68.77993909743249,0.99,0.0,1.0,500,0,0,4500,2986.694089651108
ok,ptft,5,5000,0.402,2010,0.402,10000,0.001,-0.00099,0.0,0.1,1.0,0.1,1.0,unit_total_var,,0.5,5000000,5000,50000,True,1e-05,,0.0,0.0,1.0,2000,train_pred_mse,170000,5.963699195266545e-05,6.024121165065328e-05,1.5720172676226926e-05,0.00020582177920089374,1244.0272099505355,70.9494090912133,0.9894,0.0,1.0,500,0,0,4500,2304.866452217102
ok,ptft,0,5000,0.43875,2194,0.4388,10000,0.001,-0.00099,0.0,0.1,1.0,0.1,1.0,unit_total_var,,0.5,5000000,5000,50000,True,1e-05,,0.0,0.0,1.0,2000,train_pred_mse,155000,4.077219957752442e-05,4.031734605615421e-05,1.7805408831103957e-05,0.00026471045888431144,1274.3260992566638,71.40730696229654,0.9888,0.0,1.0,500,0,0,4500,2449.9929354190826
ok,ptft,1,5000,0.451,2255,0.451,10000,0.001,-0.00099,0.0,0.1,1.0,0.1,1.0,unit_total_var,,0.5,5000000,5000,50000,True,1e-05,,0.0,0.0,1.0,2000,train_pred_mse,145000,3.3044075716544014e-05,3.37099650097651e-05,1.9077233995507277e-05,0.00030347351496597,1227.5991928631888,68.93340259909989,0.9868,0.0,1.0,500,0,0,4500,2311.898318529129
ok,ptft,2,5000,0.451,2255,0.451,10000,0.001,-0.00099,0.0,0.1,1.0,0.1,1.0,unit_total_var,,0.5,5000000,5000,50000,True,1e-05,,0.0,0.0,1.0,2000,train_pred_mse,130000,3.0502084671246428e-05,3.1232686417256905e-05,2.0060207413277814e-05,0.00034393376482314307,1255.109006944538,69.08499705162792,0.9908,0.0,1.0,500,0,0,4500,2044.0018520355225
ok,ptft,3,5000,0.451,2255,0.451,10000,0.001,-0.00099,0.0,0.1,1.0,0.1,1.0,unit_total_var,,0.5,5000000,5000,50000,True,1e-05,,0.0,0.0,1.0,2000,train_pred_mse,150000,2.917468248868627e-05,2.956912756850497e-05,2.1052481189722885e-05,0.0003555925148800005,1220.7588504812945,70.38328440506963,0.9872,0.0,1.0,500,0,0,4500,2831.5747039318085
ok,ptft,4,5000,0.451,2255,0.451,10000,0.001,-0.00099,0.0,0.1,1.0,0.1,1.0,unit_total_var,,0.5,5000000,5000,50000,True,1e-05,,0.0,0.0,1.0,2000,train_pred_mse,160000,3.387310732426483e-05,3.2960008342334496e-05,2.0568509583778617e-05,0.00033511577517339746,1223.5790372529816,68.87119447421608,0.9896,0.0,1.0,500,0,0,4500,2750.9324836730957
ok,ptft,5,5000,0.451,2255,0.451,10000,0.001,-0.00099,0.0,0.1,1.0,0.1,1.0,unit_total_var,,0.5,5000000,5000,50000,True,1e-05,,0.0,0.0,1.0,2000,train_pred_mse,140000,3.51562470766886e-05,3.531950661422939e-05,1.962064653318767e-05,0.0002931547454461821,1244.4186482533078,71.04362620412249,0.9884,0.0,1.0,500,0,0,4500,2104.144793510437
ok,ptft,0,5000,0.5,2500,0.5,10000,0.001,-0.00099,0.0,0.1,1.0,0.1,1.0,unit_total_var,,0.5,5000000,5000,50000,True,1e-05,,0.0,0.0,1.0,2000,train_pred_mse,115000,2.0667750725030264e-05,2.0892191424378487e-05,2.12559120184252e-05,0.0003703481565389025,1274.8907537632138,71.51484543288862,0.9892,0.0,1.0,500,0,0,4500,1554.1004309654236
ok,ptft,1,5000,0.5,2500,0.5,10000,0.001,-0.00099,0.0,0.1,1.0,0.1,1.0,unit_total_var,,0.5,5000000,5000,50000,True,1e-05,,0.0,0.0,1.0,2000,train_pred_mse,125000,2.5163328328664247e-05,2.5327497602644016e-05,2.1249250002183614e-05,0.0003287533810566768,1227.8318365472107,68.97961594150782,0.9872,0.0,1.0,500,0,0,4500,1712.5048315525055
ok,ptft,2,5000,0.5,2500,0.5,10000,0.001,-0.00099,0.0,0.1,1.0,0.1,1.0,unit_total_var,,0.5,5000000,5000,50000,True,1e-05,,0.0,0.0,1.0,2000,train_pred_mse,145000,2.6372495134306284e-05,2.660882716462397e-05,1.909474742613652e-05,0.00025828221523534737,1255.1009633446338,69.1023612331818,0.988,0.0,1.0,500,0,0,4500,2424.520137548447
ok,ptft,3,5000,0.5,2500,0.5,10000,0.001,-0.00099,0.0,0.1,1.0,0.1,1.0,unit_total_var,,0.5,5000000,5000,50000,True,1e-05,,0.0,0.0,1.0,2000,train_pred_mse,120000,2.4318934438913904e-05,2.361502805323198e-05,1.9560625435147485e-05,0.00037566377041736747,1220.9444922741932,70.40190275108145,0.9904,0.0,1.0,500,0,0,4500,3090.609518289566
ok,ptft,4,5000,0.5,2500,0.5,10000,0.001,-0.00099,0.0,0.1,1.0,0.1,1.0,unit_total_var,,0.5,5000000,5000,50000,True,1e-05,,0.0,0.0,1.0,2000,train_pred_mse,110000,2.659595168777233e-05,2.5964454894487452e-05,2.517299701116731e-05,0.0005880373872393142,1223.8262644832655,68.91805393678784,0.9864,0.0,1.0,500,0,0,4500,2075.7140727043147
ok,ptft,5,5000,0.5,2500,0.5,10000,0.001,-0.00099,0.0,0.1,1.0,0.1,1.0,unit_total_var,,0.5,5000000,5000,50000,True,1e-05,,0.0,0.0,1.0,2000,train_pred_mse,130000,2.3424478835621122e-05,2.345035984389934e-05,1.888397885307704e-05,0.0002919854947721963,1244.7723499841431,71.11904856589399,0.9888,0.0,1.0,500,0,0,4500,2174.371725082397
ok,ptft,0,5000,0.01,50,0.01,10000,0.001,-0.00099,1.0,0.1,1.0,0.1,1.0,unit_total_var,,0.5,5000000,5000,50000,True,1e-05,,0.0,0.0,1.0,2000,train_pred_mse,5000,1.004464265656649,1.0165007710694995,8.846700231205094e-17,47.67251399411595,388.91576975005694,6.907274017930021,1.0,0.0,1.0,500,0,0,4500,5.017638444900513
ok,ptft,1,5000,0.01,50,0.01,10000,0.001,-0.00099,1.0,0.1,1.0,0.1,1.0,unit_total_var,,0.5,5000000,5000,50000,True,1e-05,,0.0,0.0,1.0,2000,train_pred_mse,5000,0.9577067163553816,0.9448135157792034,1.0814626258387066e-16,49.11840051937593,405.9341414988194,7.226317298983441,1.0,0.0,1.0,500,0,0,4500,6.016263008117676
ok,ptft,2,5000,0.01,50,0.01,10000,0.001,-0.00099,1.0,0.1,1.0,0.1,1.0,unit_total_var,,0.5,5000000,5000,50000,True,1e-05,,0.0,0.0,1.0,2000,train_pred_mse,5000,0.9614939775160612,0.9508699307567404,8.552845127028169e-17,48.0608272891952,363.12021629578936,6.4986408155936575,1.0,0.0,1.0,500,0,0,4500,4.585280895233153
ok,ptft,3,5000,0.01,50,0.01,10000,0.001,-0.00099,1.0,0.1,1.0,0.1,1.0,unit_total_var,,0.5,5000000,5000,50000,True,1e-05,,0.0,0.0,1.0,2000,train_pred_mse,5000,0.9814060771227248,0.9866925855256816,9.088869730691675e-17,48.58627100377085,364.6407398485977,6.50387915408127,1.0,0.0,1.0,500,0,0,4500,4.683388710021973
ok,ptft,4,5000,0.01,50,0.01,10000,0.001,-0.00099,1.0,0.1,1.0,0.1,1.0,unit_total_var,,0.5,5000000,5000,50000,True,1e-05,,0.0,0.0,1.0,2000,train_pred_mse,5000,0.9356936342516874,0.9446216795021808,9.795282227953311e-17,49.26139031296589,372.64441349370543,6.6772340863787045,1.0,0.0,1.0,500,0,0,4500,5.079447746276856
ok,ptft,5,5000,0.01,50,0.01,10000,0.001,-0.00099,1.0,0.1,1.0,0.1,1.0,unit_total_var,,0.5,5000000,5000,50000,True,1e-05,,0.0,0.0,1.0,2000,train_pred_mse,5000,0.987579968595418,1.004638794519344,1.0720237782150862e-16,48.678409970528,399.71320983736166,7.136173670890947,1.0,0.0,1.0,500,0,0,4500,4.869982957839966
ok,ptft,0,5000,0.0575,288,0.0576,10000,0.001,-0.00099,1.0,0.1,1.0,0.1,1.0,unit_total_var,,0.5,5000000,5000,50000,True,1e-05,,0.0,0.0,1.0,2000,train_pred_mse,5000,0.965901047524546,0.968099863880187,1.884507802789317e-07,280.11024881901125,878.7100311029562,16.000083679329155,1.0,0.0,1.0,500,0,0,4500,8.024359703063965
ok,ptft,1,5000,0.059,295,0.059000000000000004,10000,0.001,-0.00099,1.0,0.1,1.0,0.1,1.0,unit_total_var,,0.5,5000000,5000,50000,True,1e-05,,0.0,0.0,1.0,2000,train_pred_mse,5000,0.904293192097916,0.8907898181394593,1.477204328952088e-07,293.8020101941638,929.1157462736667,17.007674724335626,1.0,0.0,1.0,500,0,0,4500,7.51189112663269
ok,ptft,2,5000,0.059,295,0.059000000000000004,10000,0.001,-0.00099,1.0,0.1,1.0,0.1,1.0,unit_total_var,,0.5,5000000,5000,50000,True,1e-05,,0.0,0.0,1.0,2000,train_pred_mse,5000,0.9006161513749741,0.8910659734080729,1.4543598547735919e-07,286.37039103935086,934.1912370346193,17.373567931812612,1.0,0.0,1.0,500,0,0,4500,7.235095500946045
ok,ptft,3,5000,0.059,295,0.059000000000000004,10000,0.001,-0.00099,1.0,0.1,1.0,0.1,1.0,unit_total_var,,0.5,5000000,5000,50000,True,1e-05,,0.0,0.0,1.0,2000,train_pred_mse,5000,0.9303322933583712,0.9407355601385434,1.7587576637743505e-07,293.6070049142731,853.3110427751158,15.722925982283853,1.0,0.0,1.0,500,0,0,4500,7.52536129951477
ok,ptft,4,5000,0.059,295,0.059000000000000004,10000,0.001,-0.00099,1.0,0.1,1.0,0.1,1.0,unit_total_var,,0.5,5000000,5000,50000,True,1e-05,,0.0,0.0,1.0,2000,train_pred_mse,5000,0.8821047172031955,0.8914928559964801,1.9029014505087528e-07,281.76566928832244,910.8184959048973,16.80333613489441,1.0,0.0,1.0,500,0,0,4500,8.2863450050354
ok,ptft,5,5000,0.059,295,0.059000000000000004,10000,0.001,-0.00099,1.0,0.1,1.0,0.1,1.0,unit_total_var,,0.5,5000000,5000,50000,True,1e-05,,0.0,0.0,1.0,2000,train_pred_mse,5000,0.9350460134374664,0.950114078774392,2.1230573239095547e-07,281.8362738517368,922.3331479078707,17.110817867702544,1.0,0.0,1.0,500,0,0,4500,7.488119602203369
ok,ptft,0,5000,0.105,525,0.105,10000,0.001,-0.00099,1.0,0.1,1.0,0.1,1.0,unit_total_var,,0.5,5000000,5000,50000,True,1e-05,,0.0,0.0,1.0,2000,train_pred_mse,5000,0.8777334105936996,0.8904364634419275,5.14200744179676e-05,494.40284000825693,1237.9042698156134,23.64687762109215,1.0,0.0,1.0,500,0,0,4500,12.482683658599855
ok,ptft,1,5000,0.10800000000000001,540,0.10800000000000001,10000,0.001,-0.00099,1.0,0.1,1.0,0.1,1.0,unit_total_var,,0.5,5000000,5000,50000,True,1e-05,,0.0,0.0,1.0,2000,train_pred_mse,5000,0.8371463507009381,0.8284161379659494,4.528885353914178e-05,520.7983922722758,1213.615322650364,23.086830579529444,1.0,0.0,1.0,500,0,0,4500,11.205199241638184
ok,ptft,2,5000,0.10800000000000001,540,0.10800000000000001,10000,0.001,-0.00099,1.0,0.1,1.0,0.1,1.0,unit_total_var,,0.5,5000000,5000,50000,True,1e-05,,0.0,0.0,1.0,2000,train_pred_mse,5000,0.8464543258081141,0.8381518030448646,4.7984931111387455e-05,510.2971105032904,1164.4779209718954,22.251093524191276,1.0,0.0,1.0,500,0,0,4500,11.10849404335022
ok,ptft,3,5000,0.10800000000000001,540,0.10800000000000001,10000,0.001,-0.00099,1.0,0.1,1.0,0.1,1.0,unit_total_var,,0.5,5000000,5000,50000,True,1e-05,,0.0,0.0,1.0,2000,train_pred_mse,5000,0.8437973436517324,0.8465490900191355,5.4675174955907e-05,517.3567339334941,1213.4165050983165,23.436103973373356,1.0,0.0,1.0,500,0,0,4500,16.01613187789917
ok,ptft,4,5000,0.10800000000000001,540,0.10800000000000001,10000,0.001,-0.00099,1.0,0.1,1.0,0.1,1.0,unit_total_var,,0.5,5000000,5000,50000,True,1e-05,,0.0,0.0,1.0,2000,train_pred_mse,5000,0.8061476598506602,0.8154142793034364,5.241838754375932e-05,509.19142362758566,1229.1373539900835,23.35336211417429,1.0,0.0,1.0,500,0,0,4500,11.037191390991213
ok,ptft,5,5000,0.10800000000000001,540,0.10800000000000001,10000,0.001,-0.00099,1.0,0.1,1.0,0.1,1.0,unit_total_var,,0.5,5000000,5000,50000,True,1e-05,,0.0,0.0,1.0,2000,train_pred_mse,5000,0.8765816047247231,0.894677521249932,4.5721136072462236e-05,511.1120486362901,1181.0497351239287,22.385990081878333,1.0,0.0,1.0,500,0,0,4500,21.62027621269226
ok,ptft,0,5000,0.15250000000000002,763,0.1526,10000,0.001,-0.00099,1.0,0.1,1.0,0.1,1.0,unit_total_var,,0.5,5000000,5000,50000,True,1e-05,,0.0,0.0,1.0,2000,train_pred_mse,10000,0.7956540208977247,0.8024959941507886,9.096052148503452e-06,0.007846718192665395,1456.9773672786189,28.803541617469946,1.0,0.0,1.0,500,0,0,4500,40.60097336769104
ok,ptft,1,5000,0.15700000000000006,785,0.157,10000,0.001,-0.00099,1.0,0.1,1.0,0.1,1.0,unit_total_var,,0.5,5000000,5000,50000,True,1e-05,,0.0,0.0,1.0,2000,train_pred_mse,10000,0.7767560030070872,0.7686849026846788,1.1652217000310534e-05,0.00943114612937677,1376.2925283269174,26.846978913202857,1.0,0.0,1.0,500,0,0,4500,58.69899606704712
ok,ptft,2,5000,0.15700000000000006,785,0.157,10000,0.001,-0.00099,1.0,0.1,1.0,0.1,1.0,unit_total_var,,0.5,5000000,5000,50000,True,1e-05,,0.0,0.0,1.0,2000,train_pred_mse,10000,0.7639666819699145,0.7595962916675527,1.1486543362682691e-05,0.009625090089449373,1406.9790583196873,27.529894298259315,1.0,0.0,1.0,500,0,0,4500,25.545849561691284
ok,ptft,3,5000,0.15700000000000006,785,0.157,10000,0.001,-0.00099,1.0,0.1,1.0,0.1,1.0,unit_total_var,,0.5,5000000,5000,50000,True,1e-05,,0.0,0.0,1.0,2000,train_pred_mse,10000,0.7457971180039805,0.7503008379245072,1.4006959513030828e-05,0.010269178343206193,1458.9906620281283,29.33561457704709,1.0,0.0,1.0,500,0,0,4500,26.954592943191532
ok,ptft,4,5000,0.15700000000000006,785,0.157,10000,0.001,-0.00099,1.0,0.1,1.0,0.1,1.0,unit_total_var,,0.5,5000000,5000,50000,True,1e-05,,0.0,0.0,1.0,2000,train_pred_mse,10000,0.7409830126844258,0.7497818106023697,1.37724755352651e-05,0.010704912059038486,1397.8148377625196,27.275534065269674,1.0,0.0,1.0,500,0,0,4500,43.44281530380249
ok,ptft,5,5000,0.15700000000000006,785,0.157,10000,0.001,-0.00099,1.0,0.1,1.0,0.1,1.0,unit_total_var,,0.5,5000000,5000,50000,True,1e-05,,0.0,0.0,1.0,2000,train_pred_mse,10000,0.8002262048970759,0.811861205051483,1.022534831673102e-05,0.008551439684703328,1392.4639935605844,27.38135963177136,1.0,0.0,1.0,500,0,0,4500,72.8470196723938
ok,ptft,0,5000,0.2,1000,0.2,10000,0.001,-0.00099,1.0,0.1,1.0,0.1,1.0,unit_total_var,,0.5,5000000,5000,50000,True,1e-05,,0.0,0.0,1.0,2000,train_pred_mse,10000,0.6972074447982676,0.7166065391958185,6.295842456491395e-05,0.024700801667570136,1613.4978569184898,33.27369877606969,1.0,0.0,1.0,500,0,0,4500,53.93626117706299
ok,ptft,1,5000,0.206,1030,0.20600000000000002,10000,0.001,-0.00099,1.0,0.1,1.0,0.1,1.0,unit_total_var,,0.5,5000000,5000,50000,True,1e-05,,0.0,0.0,1.0,2000,train_pred_mse,10000,0.6672060248736666,0.6638206644830623,8.498370079397223e-05,0.030198674599295136,1561.4371669529373,32.21490696487107,1.0,0.0,1.0,500,0,0,4500,56.09068870544434
ok,ptft,2,5000,0.206,1030,0.20600000000000002,10000,0.001,-0.00099,1.0,0.1,1.0,0.1,1.0,unit_total_var,,0.5,5000000,5000,50000,True,1e-05,,0.0,0.0,1.0,2000,train_pred_mse,10000,0.6702529899441344,0.6655324875122471,9.327509939413477e-05,0.03325034349050997,1610.8924026262976,32.467288389713374,1.0,0.0,1.0,500,0,0,4500,76.88378834724426
ok,ptft,3,5000,0.206,1030,0.20600000000000002,10000,0.001,-0.00099,1.0,0.1,1.0,0.1,1.0,unit_total_var,,0.5,5000000,5000,50000,True,1e-05,,0.0,0.0,1.0,2000,train_pred_mse,10000,0.6520936149465697,0.6636671023240146,7.8701560059683e-05,0.027449640114020717,1576.2037921897077,33.37072145078341,1.0,0.0,1.0,500,0,0,4500,62.20492172241211
ok,ptft,4,5000,0.206,1030,0.20600000000000002,10000,0.001,-0.00099,1.0,0.1,1.0,0.1,1.0,unit_total_var,,0.5,5000000,5000,50000,True,1e-05,,0.0,0.0,1.0,2000,train_pred_mse,10000,0.6527706355041375,0.6646721424639994,7.533585728453203e-05,0.027247959588383545,1548.6827275570777,32.02896048224246,1.0,0.0,1.0,500,0,0,4500,39.042773246765144
ok,ptft,5,5000,0.206,1030,0.20600000000000002,10000,0.001,-0.00099,1.0,0.1,1.0,0.1,1.0,unit_total_var,,0.5,5000000,5000,50000,True,1e-05,,0.0,0.0,1.0,2000,train_pred_mse,10000,0.6932075846373333,0.6929683885068979,8.65921772821289e-05,0.030000417905285594,1611.7383455498773,33.32823718740248,1.0,0.0,1.0,500,0,0,4500,91.79131984710692
ok,ptft,0,5000,0.255,1275,0.255,10000,0.001,-0.00099,1.0,0.1,1.0,0.1,1.0,unit_total_var,,0.5,5000000,5000,50000,True,1e-05,,0.0,0.0,1.0,2000,train_pred_mse,15000,0.5996786720356639,0.6021822735598192,4.2326369887603295e-05,0.007716197467982769,1774.6820175939592,38.40405795312445,1.0,0.0,1.0,500,0,0,4500,117.03152465820312
ok,ptft,1,5000,0.255,1275,0.255,10000,0.001,-0.00099,1.0,0.1,1.0,0.1,1.0,unit_total_var,,0.5,5000000,5000,50000,True,1e-05,,0.0,0.0,1.0,2000,train_pred_mse,15000,0.5965222244008028,0.5872823640757837,5.153139302104616e-05,0.009666225485445523,1701.5431034198716,35.92590903949782,1.0,0.0,1.0,500,0,0,4500,75.85844683647157
ok,ptft,2,5000,0.255,1275,0.255,10000,0.001,-0.00099,1.0,0.1,1.0,0.1,1.0,unit_total_var,,0.5,5000000,5000,50000,True,1e-05,,0.0,0.0,1.0,2000,train_pred_mse,15000,0.610391358705619,0.5987526733264058,4.5512497938302706e-05,0.008841043572971309,1698.3218594828718,35.724535042987455,1.0,0.0,1.0,500,0,0,4500,154.3048198223114
ok,ptft,3,5000,0.255,1275,0.255,10000,0.001,-0.00099,1.0,0.1,1.0,0.1,1.0,unit_total_var,,0.5,5000000,5000,50000,True,1e-05,,0.0,0.0,1.0,2000,train_pred_mse,15000,0.5538669380042839,0.5636400383217172,4.615640147136622e-05,0.008336609314796385,1732.4123930624555,38.40322417251485,1.0,0.0,1.0,500,0,0,4500,114.81317281723022
ok,ptft,4,5000,0.255,1275,0.255,10000,0.001,-0.00099,1.0,0.1,1.0,0.1,1.0,unit_total_var,,0.5,5000000,5000,50000,True,1e-05,,0.0,0.0,1.0,2000,train_pred_mse,15000,0.5641087030592867,0.5730922973278277,4.810001734035835e-05,0.00901568397204677,1674.7379814287513,36.278691529134015,1.0,0.0,1.0,500,0,0,4500,127.1346161365509
ok,ptft,5,5000,0.255,1275,0.255,10000,0.001,-0.00099,1.0,0.1,1.0,0.1,1.0,unit_total_var,,0.5,5000000,5000,50000,True,1e-05,,0.0,0.0,1.0,2000,train_pred_mse,15000,0.5934724568386736,0.6022858018742234,5.0893434256844204e-05,0.00920962142082547,1726.5768944166553,37.449799752010854,1.0,0.0,1.0,500,0,0,4500,104.42416143417358
ok,ptft,1,5000,0.30400000000000005,1520,0.304,10000,0.001,-0.00099,1.0,0.1,1.0,0.1,1.0,unit_total_var,,0.5,5000000,5000,50000,True,1e-05,,0.0,0.0,1.0,2000,train_pred_mse,20000,0.5034837413462899,0.4979451168750004,4.116916738299879e-05,0.005463253974631437,1798.4031781401873,39.67436901500081,1.0,0.0,1.0,500,0,0,4500,217.40339136123657
ok,ptft,2,5000,0.30400000000000005,1520,0.304,10000,0.001,-0.00099,1.0,0.1,1.0,0.1,1.0,unit_total_var,,0.5,5000000,5000,50000,True,1e-05,,0.0,0.0,1.0,2000,train_pred_mse,20000,0.4954372613694161,0.4867990446596686,4.380426162687046e-05,0.005591114930040403,1802.3403621840225,40.96898756838789,1.0,0.0,1.0,500,0,0,4500,189.80529379844663
ok,ptft,3,5000,0.30400000000000005,1520,0.304,10000,0.001,-0.00099,1.0,0.1,1.0,0.1,1.0,unit_total_var,,0.5,5000000,5000,50000,True,1e-05,,0.0,0.0,1.0,2000,train_pred_mse,20000,0.4727525016669777,0.4735941791492245,4.2163111564704655e-05,0.005258573076390683,1799.6639754515163,41.990976495689175,1.0,0.0,1.0,500,0,0,4500,222.534282207489
ok,ptft,4,5000,0.30400000000000005,1520,0.304,10000,0.001,-0.00099,1.0,0.1,1.0,0.1,1.0,unit_total_var,,0.5,5000000,5000,50000,True,1e-05,,0.0,0.0,1.0,2000,train_pred_mse,20000,0.5114221785495312,0.502558266623368,4.811941683391498e-05,0.006222282877465362,1779.9819186702307,39.26411986025509,1.0,0.0,1.0,500,0,0,4500,244.6048526763916
ok,ptft,5,5000,0.30400000000000005,1520,0.304,10000,0.001,-0.00099,1.0,0.1,1.0,0.1,1.0,unit_total_var,,0.5,5000000,5000,50000,True,1e-05,,0.0,0.0,1.0,2000,train_pred_mse,20000,0.5545792877015703,0.559828694315958,4.435584182923835e-05,0.005851724839108261,1759.7175379405942,39.1019135348157,1.0,0.0,1.0,500,0,0,4500,202.6901693344116
ok,ptft,0,5000,0.31625000000000003,1581,0.3162,10000,0.001,-0.00099,1.0,0.1,1.0,0.1,1.0,unit_total_var,,0.5,5000000,5000,50000,True,1e-05,,0.0,0.0,1.0,2000,train_pred_mse,20000,0.5112608187333689,0.5163849172143762,5.986209282563441e-05,0.007156328720138438,1832.5849592336733,41.57264526582513,1.0,0.0,1.0,500,0,0,4500,185.40332460403442
ok,ptft,1,5000,0.35300000000000004,1765,0.353,10000,0.001,-0.00099,1.0,0.1,1.0,0.1,1.0,unit_total_var,,0.5,5000000,5000,50000,True,1e-05,,0.0,0.0,1.0,2000,train_pred_mse,25000,0.39991085487590505,0.3913564080993771,6.21422846670585e-05,0.005961136394004856,1838.5791301666106,44.55171443389433,1.0,0.0,1.0,500,0,0,4500,352.24222707748413
ok,ptft,2,5000,0.35300000000000004,1765,0.353,10000,0.001,-0.00099,1.0,0.1,1.0,0.1,1.0,unit_total_var,,0.5,5000000,5000,50000,True,1e-05,,0.0,0.0,1.0,2000,train_pred_mse,25000,0.4145592244871512,0.41567840245022936,4.433631450217959e-05,0.004495974146811158,1855.9298100387564,43.5751730031228,1.0,0.0,1.0,500,0,0,4500,285.61673903465265
ok,ptft,3,5000,0.35300000000000004,1765,0.353,10000,0.001,-0.00099,1.0,0.1,1.0,0.1,1.0,unit_total_var,,0.5,5000000,5000,50000,True,1e-05,,0.0,0.0,1.0,2000,train_pred_mse,25000,0.4250292851829005,0.4342167195068757,4.6727980399501866e-05,0.004745830073909657,1835.9319907172064,43.90479311081781,1.0,0.0,1.0,500,0,0,4500,243.91001081466675
ok,ptft,4,5000,0.35300000000000004,1765,0.353,10000,0.001,-0.00099,1.0,0.1,1.0,0.1,1.0,unit_total_var,,0.5,5000000,5000,50000,True,1e-05,,0.0,0.0,1.0,2000,train_pred_mse,25000,0.3956192573926591,0.3942028714350945,4.9605135272144875e-05,0.004849558463186448,1847.6484890927368,44.18604342698731,1.0,0.0,1.0,500,0,0,4500,238.33087682724
ok,ptft,5,5000,0.35300000000000004,1765,0.353,10000,0.001,-0.00099,1.0,0.1,1.0,0.1,1.0,unit_total_var,,0.5,5000000,5000,50000,True,1e-05,,0.0,0.0,1.0,2000,train_pred_mse,25000,0.41653993972398295,0.4185166965257179,5.4305464796360135e-05,0.005112599183080144,1855.760243017562,45.330511993963135,1.0,0.0,1.0,500,0,0,4500,369.6023616790772
ok,ptft,0,5000,0.3775,1888,0.3776,10000,0.001,-0.00099,1.0,0.1,1.0,0.1,1.0,unit_total_var,,0.5,5000000,5000,50000,True,1e-05,,0.0,0.0,1.0,2000,train_pred_mse,30000,0.3972118301196874,0.4033884671374466,3.786897604428909e-05,0.003330533239900955,1922.6155054321566,46.666113520055845,1.0,0.0,1.0,500,0,0,4500,334.9810867309571
ok,ptft,1,5000,0.402,2010,0.402,10000,0.001,-0.00099,1.0,0.1,1.0,0.1,1.0,unit_total_var,,0.5,5000000,5000,50000,True,1e-05,,0.0,0.0,1.0,2000,train_pred_mse,30000,0.3538310246765167,0.35332899852378136,5.0552633031839363e-05,0.004300982026142286,1891.901477291226,46.02658843236164,1.0,0.0,1.0,500,0,0,4500,469.19170022010803
ok,ptft,2,5000,0.402,2010,0.402,10000,0.001,-0.00099,1.0,0.1,1.0,0.1,1.0,unit_total_var,,0.5,5000000,5000,50000,True,1e-05,,0.0,0.0,1.0,2000,train_pred_mse,30000,0.35322595550841257,0.35950899119410545,5.183179321882317e-05,0.004424878298563903,1903.7622222488685,46.127355034387406,1.0,0.0,1.0,500,0,0,4500,434.7233264446258
ok,ptft,3,5000,0.402,2010,0.402,10000,0.001,-0.00099,1.0,0.1,1.0,0.1,1.0,unit_total_var,,0.5,5000000,5000,50000,True,1e-05,,0.0,0.0,1.0,2000,train_pred_mse,30000,0.3565660564381993,0.3630275656041815,5.301670599478502e-05,0.004429220489901383,1873.5488065183108,46.8778062601876,1.0,0.0,1.0,500,0,0,4500,490.36484146118164
ok,ptft,4,5000,0.402,2010,0.402,10000,0.001,-0.00099,1.0,0.1,1.0,0.1,1.0,unit_total_var,,0.5,5000000,5000,50000,True,1e-05,,0.0,0.0,1.0,2000,train_pred_mse,30000,0.3620899689448627,0.3616638474615194,5.08427569636684e-05,0.0043126238220596,1864.800511870275,45.721021995449675,1.0,0.0,1.0,500,0,0,4500,304.3558521270752
ok,ptft,5,5000,0.402,2010,0.402,10000,0.001,-0.00099,1.0,0.1,1.0,0.1,1.0,unit_total_var,,0.5,5000000,5000,50000,True,1e-05,,0.0,0.0,1.0,2000,train_pred_mse,30000,0.35407512066502433,0.35226777495817674,5.350222307771349e-05,0.004360379965906639,1883.3593678572754,48.410029522428886,1.0,0.0,1.0,500,0,0,4500,398.8409869670868
ok,ptft,0,5000,0.43875,2194,0.4388,10000,0.001,-0.00099,1.0,0.1,1.0,0.1,1.0,unit_total_var,,0.5,5000000,5000,50000,True,1e-05,,0.0,0.0,1.0,2000,train_pred_mse,40000,0.3316190167390645,0.3283592873390568,3.802614647432215e-05,0.0027499544368593805,1962.3764009809665,49.78047607776871,1.0,0.0,1.0,500,0,0,4500,496.15935277938837
ok,ptft,1,5000,0.451,2255,0.451,10000,0.001,-0.00099,1.0,0.1,1.0,0.1,1.0,unit_total_var,,0.5,5000000,5000,50000,True,1e-05,,0.0,0.0,1.0,2000,train_pred_mse,40000,0.3075495283553982,0.30616558495983104,4.1237364465671366e-05,0.0030013581012364736,1902.0553982185315,48.45684427500392,1.0,0.0,1.0,500,0,0,4500,704.4027907848358
ok,ptft,2,5000,0.451,2255,0.451,10000,0.001,-0.00099,1.0,0.1,1.0,0.1,1.0,unit_total_var,,0.5,5000000,5000,50000,True,1e-05,,0.0,0.0,1.0,2000,train_pred_mse,40000,0.28190257037409217,0.27898351308813346,4.2346389989709855e-05,0.0030546216422196065,1936.723826668521,49.702798682795276,1.0,0.0,1.0,500,0,0,4500,682.6401062011719
ok,ptft,3,5000,0.451,2255,0.451,10000,0.001,-0.00099,1.0,0.1,1.0,0.1,1.0,unit_total_var,,0.5,5000000,5000,50000,True,1e-05,,0.0,0.0,1.0,2000,train_pred_mse,40000,0.2698327212567379,0.2767082977300698,4.262959800212057e-05,0.0030106748763212053,1931.805330613722,50.940272517738244,1.0,0.0,1.0,500,0,0,4500,775.5743870735167
ok,ptft,4,5000,0.451,2255,0.451,10000,0.001,-0.00099,1.0,0.1,1.0,0.1,1.0,unit_total_var,,0.5,5000000,5000,50000,True,1e-05,,0.0,0.0,1.0,2000,train_pred_mse,40000,0.2796513142416254,0.2867130602014937,4.187214508841847e-05,0.003049135930096659,1902.9248385773205,49.15313739430307,1.0,0.0,1.0,500,0,0,4500,476.86959600448614
ok,ptft,5,5000,0.451,2255,0.451,10000,0.001,-0.00099,1.0,0.1,1.0,0.1,1.0,unit_total_var,,0.5,5000000,5000,50000,True,1e-05,,0.0,0.0,1.0,2000,train_pred_mse,40000,0.29094989012817485,0.29797330706280184,4.4234904558559495e-05,0.0031403451992594754,1932.0339642840927,50.51260116299935,1.0,0.0,1.0,500,0,0,4500,587.4935948848723
ok,ptft,0,5000,0.5,2500,0.5,10000,0.001,-0.00099,1.0,0.1,1.0,0.1,1.0,unit_total_var,,0.5,5000000,5000,50000,True,1e-05,,0.0,0.0,1.0,2000,train_pred_mse,50000,0.2215642579426132,0.22375147528306616,3.765154560704954e-05,0.0023196695744803664,1981.9996398659528,55.047275779258186,1.0,0.0,1.0,500,0,0,4500,659.7984824180602
ok,ptft,1,5000,0.5,2500,0.5,10000,0.001,-0.00099,1.0,0.1,1.0,0.1,1.0,unit_total_var,,0.5,5000000,5000,50000,True,1e-05,,0.0,0.0,1.0,2000,train_pred_mse,50000,0.2427450713463617,0.2384230438347747,4.052380803852165e-05,0.002679510469752312,1935.8035404069635,51.41767598443704,1.0,0.0,1.0,500,0,0,4500,715.8011028766632
ok,ptft,2,5000,0.5,2500,0.5,10000,0.001,-0.00099,1.0,0.1,1.0,0.1,1.0,unit_total_var,,0.5,5000000,5000,50000,True,1e-05,,0.0,0.0,1.0,2000,train_pred_mse,50000,0.2338224554487336,0.235645316259964,4.114038666158292e-05,0.0026490511326048762,1930.0700825610995,52.36925819371496,1.0,0.0,1.0,500,0,0,4500,1060.3549551963806
ok,ptft,3,5000,0.5,2500,0.5,10000,0.001,-0.00099,1.0,0.1,1.0,0.1,1.0,unit_total_var,,0.5,5000000,5000,50000,True,1e-05,,0.0,0.0,1.0,2000,train_pred_mse,50000,0.2425521077984377,0.24154279970572265,3.827486769612512e-05,0.00242531238749857,1927.9130868065915,52.837318789975406,1.0,0.0,1.0,500,0,0,4500,1215.7674338817594
ok,ptft,4,5000,0.5,2500,0.5,10000,0.001,-0.00099,1.0,0.1,1.0,0.1,1.0,unit_total_var,,0.5,5000000,5000,50000,True,1e-05,,0.0,0.0,1.0,2000,train_pred_mse,50000,0.2369724742619567,0.2362318712286323,3.905116663834581e-05,0.002562288833226044,1930.9006561374124,51.21993182671618,1.0,0.0,1.0,500,0,0,4500,943.0629963874817
ok,ptft,5,5000,0.5,2500,0.5,10000,0.001,-0.00099,1.0,0.1,1.0,0.1,1.0,unit_total_var,,0.5,5000000,5000,50000,True,1e-05,,0.0,0.0,1.0,2000,train_pred_mse,50000,0.21408268385891294,0.21830951944875351,3.9057179433791416e-05,0.0023680723858233287,1930.902997524019,54.82257541236633,1.0,0.0,1.0,500,0,0,4500,731.007383108139
ok,ptft,0,5000,0.01,50,0.01,10000,0.001,0.00099,0.0,0.1,1.0,0.1,1.0,unit_total_var,,0.5,5000000,5000,50000,True,1e-05,,0.0,0.0,1.0,2000,train_pred_mse,5000,0.928441621844212,0.9298851104671968,2.529157016952478e-12,115.96234682366304,383.4089491812175,21.53390448861364,0.9996,0.0,1.0,500,0,0,4500,13.44017457962036
ok,ptft,1,5000,0.01,50,0.01,10000,0.001,0.00099,0.0,0.1,1.0,0.1,1.0,unit_total_var,,0.5,5000000,5000,50000,True,1e-05,,0.0,0.0,1.0,2000,train_pred_mse,5000,0.8774718079118001,0.8616059227854669,7.421568096940789e-13,109.42812346048166,374.37294727007264,21.582854250489444,0.9992,0.0,1.0,500,0,0,4500,4.6691741943359375
ok,ptft,2,5000,0.01,50,0.01,10000,0.001,0.00099,0.0,0.1,1.0,0.1,1.0,unit_total_var,,0.5,5000000,5000,50000,True,1e-05,,0.0,0.0,1.0,2000,train_pred_mse,5000,0.8849351743130348,0.874525192026775,1.5912707031384195e-12,114.90233588667178,355.5734748249407,20.205629974934286,0.9996,0.0,1.0,500,0,0,4500,5.258012056350708
ok,ptft,3,5000,0.01,50,0.01,10000,0.001,0.00099,0.0,0.1,1.0,0.1,1.0,unit_total_var,,0.5,5000000,5000,50000,True,1e-05,,0.0,0.0,1.0,2000,train_pred_mse,5000,0.90421077102524,0.9120435567381237,4.6032121751812e-12,115.41571098303072,362.21984331652345,20.219801946662848,0.9998,0.0,1.0,500,0,0,4500,6.58594536781311
ok,ptft,4,5000,0.01,50,0.01,10000,0.001,0.00099,0.0,0.1,1.0,0.1,1.0,unit_total_var,,0.5,5000000,5000,50000,True,1e-05,,0.0,0.0,1.0,2000,train_pred_mse,5000,0.8661096439671102,0.868167712576648,1.4120834418831465e-11,112.88970769028043,354.17030711935564,20.291578696722343,0.9996,0.0,1.0,500,0,0,4500,4.84848690032959
ok,ptft,5,5000,0.01,50,0.01,10000,0.001,0.00099,0.0,0.1,1.0,0.1,1.0,unit_total_var,,0.5,5000000,5000,50000,True,1e-05,,0.0,0.0,1.0,2000,train_pred_mse,5000,0.90527748595339,0.9141310883834104,9.468556822183767e-13,115.91753540464751,391.0940816148212,22.008184917345567,0.9998,0.0,1.0,500,0,0,4500,14.993083953857422
ok,ptft,0,5000,0.0575,288,0.0576,10000,0.001,0.00099,0.0,0.1,1.0,0.1,1.0,unit_total_var,,0.5,5000000,5000,50000,True,1e-05,,0.0,0.0,1.0,2000,train_pred_mse,20000,0.4640034665849797,0.4713752685558329,4.129502399936136e-05,0.0070025036320730365,868.4515973402362,49.3165609724869,0.9998,0.0,1.0,500,0,0,4500,85.32495188713074
ok,ptft,1,5000,0.059,295,0.059000000000000004,10000,0.001,0.00099,0.0,0.1,1.0,0.1,1.0,unit_total_var,,0.5,5000000,5000,50000,True,1e-05,,0.0,0.0,1.0,2000,train_pred_mse,20000,0.4104656436871281,0.4028511706851873,4.118669040040296e-05,0.0066136572595233535,900.1014978349597,50.045311512792274,1.0,0.0,1.0,500,0,0,4500,28.337071895599365
ok,ptft,2,5000,0.059,295,0.059000000000000004,10000,0.001,0.00099,0.0,0.1,1.0,0.1,1.0,unit_total_var,,0.5,5000000,5000,50000,True,1e-05,,0.0,0.0,1.0,2000,train_pred_mse,20000,0.455781037283047,0.44768036255808585,3.49249602583978e-05,0.005858371764317366,870.1058041126296,49.467858000674525,0.9994,0.0,1.0,500,0,0,4500,23.97145676612854
ok,ptft,3,5000,0.059,295,0.059000000000000004,10000,0.001,0.00099,0.0,0.1,1.0,0.1,1.0,unit_total_var,,0.5,5000000,5000,50000,True,1e-05,,0.0,0.0,1.0,2000,train_pred_mse,15000,0.4442532867200579,0.4494884820491999,9.050713262540677e-05,0.016671988162117686,866.9277734836792,49.615331612215186,1.0,0.0,1.0,500,0,0,4500,26.85578179359436
ok,ptft,4,5000,0.059,295,0.059000000000000004,10000,0.001,0.00099,0.0,0.1,1.0,0.1,1.0,unit_total_var,,0.5,5000000,5000,50000,True,1e-05,,0.0,0.0,1.0,2000,train_pred_mse,15000,0.3888241258398968,0.3945582889958544,8.208791266219232e-05,0.01574576137317442,897.9656119529117,50.51315336139309,1.0,0.0,1.0,500,0,0,4500,31.14531898498535
ok,ptft,5,5000,0.059,295,0.059000000000000004,10000,0.001,0.00099,0.0,0.1,1.0,0.1,1.0,unit_total_var,,0.5,5000000,5000,50000,True,1e-05,,0.0,0.0,1.0,2000,train_pred_mse,15000,0.4498428535407018,0.4498154435200452,8.78353691894007e-05,0.01636592878605128,888.6378649380897,50.71561150314307,1.0,0.0,1.0,500,0,0,4500,38.150998115539544
ok,ptft,0,5000,0.105,525,0.105,10000,0.001,0.00099,0.0,0.1,1.0,0.1,1.0,unit_total_var,,0.5,5000000,5000,50000,True,1e-05,,0.0,0.0,1.0,2000,train_pred_mse,40000,0.07329415257066957,0.0743311999843779,4.671610120765174e-05,0.002648246920937861,1175.3375437312814,63.07662428393134,0.9998,0.0,1.0,500,0,0,4500,122.86432480812073
ok,ptft,1,5000,0.10800000000000001,540,0.10800000000000001,10000,0.001,0.00099,0.0,0.1,1.0,0.1,1.0,unit_total_var,,0.5,5000000,5000,50000,True,1e-05,,0.0,0.0,1.0,2000,train_pred_mse,45000,0.06679270063467836,0.0658819804215653,4.066553953716588e-05,0.0022164308753171136,1123.8638323653909,61.305265914033264,1.0,0.0,1.0,500,0,0,4500,80.26177310943605
ok,ptft,2,5000,0.10800000000000001,540,0.10800000000000001,10000,0.001,0.00099,0.0,0.1,1.0,0.1,1.0,unit_total_var,,0.5,5000000,5000,50000,True,1e-05,,0.0,0.0,1.0,2000,train_pred_mse,45000,0.07745462733359837,0.07554215533149862,3.825543758660745e-05,0.0022341052341892454,1130.2163250884978,60.12428667295902,0.9998,0.0,1.0,500,0,0,4500,89.44543170928955
ok,ptft,3,5000,0.10800000000000001,540,0.10800000000000001,10000,0.001,0.00099,0.0,0.1,1.0,0.1,1.0,unit_total_var,,0.5,5000000,5000,50000,True,1e-05,,0.0,0.0,1.0,2000,train_pred_mse,45000,0.06270503187119658,0.06349166896009557,4.0491194468911205e-05,0.0022110254559919752,1113.140689844286,62.5782052426006,0.9998,0.0,1.0,500,0,0,4500,193.34360718727112
ok,ptft,4,5000,0.10800000000000001,540,0.10800000000000001,10000,0.001,0.00099,0.0,0.1,1.0,0.1,1.0,unit_total_var,,0.5,5000000,5000,50000,True,1e-05,,0.0,0.0,1.0,2000,train_pred_mse,45000,0.06529004184106252,0.06495165078254167,3.946757481463786e-05,0.00218604194800609,1125.0095832581876,61.31323499270521,0.9998,0.0,1.0,500,0,0,4500,134.7405171394348
ok,ptft,5,5000,0.10800000000000001,540,0.10800000000000001,10000,0.001,0.00099,0.0,0.1,1.0,0.1,1.0,unit_total_var,,0.5,5000000,5000,50000,True,1e-05,,0.0,0.0,1.0,2000,train_pred_mse,45000,0.05485461700217436,0.055403758546092065,3.798792230261161e-05,0.0020123500720069217,1145.2502437354485,62.820924033154974,1.0,0.0,1.0,500,0,0,4500,90.98475813865662
ok,ptft,0,5000,0.15250000000000002,763,0.1526,10000,0.001,0.00099,0.0,0.1,1.0,0.1,1.0,unit_total_var,,0.5,5000000,5000,50000,True,1e-05,,0.0,0.0,1.0,2000,train_pred_mse,45000,0.004497756633520236,0.004421159131611756,3.2621398818631126e-05,0.002047489792451197,1253.7795181980462,69.00471324614666,0.9994,0.0,1.0,500,0,0,4500,226.06383657455444
ok,ptft,1,5000,0.15700000000000006,785,0.157,10000,0.001,0.00099,0.0,0.1,1.0,0.1,1.0,unit_total_var,,0.5,5000000,5000,50000,True,1e-05,,0.0,0.0,1.0,2000,train_pred_mse,55000,0.004691129315284857,0.004691962044011446,2.652248385227357e-05,0.0009516471326924354,1206.7955068198662,66.13702186357577,0.9998,0.0,1.0,500,0,0,4500,206.3242108821869
ok,ptft,2,5000,0.15700000000000006,785,0.157,10000,0.001,0.00099,0.0,0.1,1.0,0.1,1.0,unit_total_var,,0.5,5000000,5000,50000,True,1e-05,,0.0,0.0,1.0,2000,train_pred_mse,50000,0.005163233470292254,0.005000682985462575,2.958757681670743e-05,0.001121005620267258,1230.6870181116815,66.21773733530178,0.9998,0.0,1.0,500,0,0,4500,329.9323980808258
ok,ptft,3,5000,0.15700000000000006,785,0.157,10000,0.001,0.00099,0.0,0.1,1.0,0.1,1.0,unit_total_var,,0.5,5000000,5000,50000,True,1e-05,,0.0,0.0,1.0,2000,train_pred_mse,50000,0.0033230867468890322,0.003319287556592746,2.8402071234989916e-05,0.0012546514056907235,1206.7071212488327,68.22345502933852,0.9998,0.0,1.0,500,0,0,4500,275.2850241661072
ok,ptft,4,5000,0.15700000000000006,785,0.157,10000,0.001,0.00099,0.0,0.1,1.0,0.1,1.0,unit_total_var,,0.5,5000000,5000,50000,True,1e-05,,0.0,0.0,1.0,2000,train_pred_mse,45000,0.0038490945035825476,0.003813919172651515,3.025435838406985e-05,0.0015101678363431375,1201.0876666905287,66.37805384041116,0.9998,0.0,1.0,500,0,0,4500,295.046927690506
ok,ptft,5,5000,0.15700000000000006,785,0.157,10000,0.001,0.00099,0.0,0.1,1.0,0.1,1.0,unit_total_var,,0.5,5000000,5000,50000,True,1e-05,,0.0,0.0,1.0,2000,train_pred_mse,50000,0.004090126572390427,0.004222568838549642,2.9599615548579494e-05,0.0013979765091037234,1223.7357942869826,68.42864553261055,1.0,0.0,1.0,500,0,0,4500,386.03935766220087
ok,ptft,0,5000,0.2,1000,0.2,10000,0.001,0.00099,0.0,0.1,1.0,0.1,1.0,unit_total_var,,0.5,5000000,5000,50000,True,1e-05,,0.0,0.0,1.0,2000,train_pred_mse,40000,0.0008202644761663004,0.0008358149538396325,2.363088863604565e-05,0.0007950892050625695,1269.9313579081575,70.32175670450137,0.9996,0.0,1.0,500,0,0,4500,276.88398718833923
ok,ptft,1,5000,0.206,1030,0.20600000000000002,10000,0.001,0.00099,0.0,0.1,1.0,0.1,1.0,unit_total_var,,0.5,5000000,5000,50000,True,1e-05,,0.0,0.0,1.0,2000,train_pred_mse,40000,0.0005614573563741356,0.0005572894366454896,2.213999752673164e-05,0.000745886684695824,1225.2298023179296,68.0225070817777,0.9998,0.0,1.0,500,0,0,4500,327.01943349838257
ok,ptft,2,5000,0.206,1030,0.20600000000000002,10000,0.001,0.00099,0.0,0.1,1.0,0.1,1.0,unit_total_var,,0.5,5000000,5000,50000,True,1e-05,,0.0,0.0,1.0,2000,train_pred_mse,35000,0.0006984430720037697,0.0007006737096044058,2.485600153231463e-05,0.0014956331044716875,1251.137555445827,68.08912242493285,0.9998,0.0,1.0,500,0,0,4500,162.40192770957947
ok,ptft,3,5000,0.206,1030,0.20600000000000002,10000,0.001,0.00099,0.0,0.1,1.0,0.1,1.0,unit_total_var,,0.5,5000000,5000,50000,True,1e-05,,0.0,0.0,1.0,2000,train_pred_mse,40000,0.0007537321802533857,0.0007636648662117355,2.2027587138128126e-05,0.0007982383012577866,1217.3200752387188,69.28157632588554,1.0,0.0,1.0,500,0,0,4500,316.25004959106445
ok,ptft,4,5000,0.206,1030,0.20600000000000002,10000,0.001,0.00099,0.0,0.1,1.0,0.1,1.0,unit_total_var,,0.5,5000000,5000,50000,True,1e-05,,0.0,0.0,1.0,2000,train_pred_mse,40000,0.0007043982957299357,0.0007172794667631796,2.3014791572233552e-05,0.0008383134436011004,1220.6268076897968,67.83100386239184,0.9998,0.0,1.0,500,0,0,4500,318.9629368782044
ok,ptft,5,5000,0.206,1030,0.20600000000000002,10000,0.001,0.00099,0.0,0.1,1.0,0.1,1.0,unit_total_var,,0.5,5000000,5000,50000,True,1e-05,,0.0,0.0,1.0,2000,train_pred_mse,45000,0.0008187615267072015,0.0008180674770507388,2.179315055120635e-05,0.0005826651721606948,1241.270479349167,69.93895750288355,0.9998,0.0,1.0,500,0,0,4500,264.78389573097235
ok,ptft,0,5000,0.255,1275,0.255,10000,0.001,0.00099,0.0,0.1,1.0,0.1,1.0,unit_total_var,,0.5,5000000,5000,50000,True,1e-05,,0.0,0.0,1.0,2000,train_pred_mse,25000,0.00021097981605834067,0.0002119050949252255,2.3018189015986103e-05,0.0022393292822899995,1276.2781381467862,70.94390941008888,0.9998,0.0,1.0,500,0,0,4500,189.2184455394745
ok,ptft,1,5000,0.255,1275,0.255,10000,0.001,0.00099,0.0,0.1,1.0,0.1,1.0,unit_total_var,,0.5,5000000,5000,50000,True,1e-05,,0.0,0.0,1.0,2000,train_pred_mse,20000,0.0002274153767866417,0.00022369041798376207,4.214691056786125e-05,0.0056402743602990075,1229.8544489910678,68.40913711321124,0.9996,0.0,1.0,500,0,0,4500,250.8806395530701
ok,ptft,2,5000,0.255,1275,0.255,10000,0.001,0.00099,0.0,0.1,1.0,0.1,1.0,unit_total_var,,0.5,5000000,5000,50000,True,1e-05,,0.0,0.0,1.0,2000,train_pred_mse,25000,0.00025447746683299524,0.00024978158704173085,2.2540949609969425e-05,0.0018810092984493762,1256.2712928276144,68.48646345810938,1.0,0.0,1.0,500,0,0,4500,150.528383731842
ok,ptft,3,5000,0.255,1275,0.255,10000,0.001,0.00099,0.0,0.1,1.0,0.1,1.0,unit_total_var,,0.5,5000000,5000,50000,True,1e-05,,0.0,0.0,1.0,2000,train_pred_mse,25000,0.00018752746858103172,0.00019017534490492968,2.186800887561065e-05,0.001833031901005907,1223.4063700391694,69.88588896033106,0.9998,0.0,1.0,500,0,0,4500,139.88969922065738
ok,ptft,4,5000,0.255,1275,0.255,10000,0.001,0.00099,0.0,0.1,1.0,0.1,1.0,unit_total_var,,0.5,5000000,5000,50000,True,1e-05,,0.0,0.0,1.0,2000,train_pred_mse,25000,0.0002448701381834017,0.00024839505486590825,2.5893445403598143e-05,0.0025083924110912183,1224.6284292348876,68.30424520701108,0.9998,0.0,1.0,500,0,0,4500,145.43114304542542
ok,ptft,5,5000,0.255,1275,0.255,10000,0.001,0.00099,0.0,0.1,1.0,0.1,1.0,unit_total_var,,0.5,5000000,5000,50000,True,1e-05,,0.0,0.0,1.0,2000,train_pred_mse,25000,0.00021237050293192769,0.00021591700478381303,2.2146392927367785e-05,0.0017948028323547186,1246.800574302022,70.51723570476088,0.9998,0.0,1.0,500,0,0,4500,124.04372811317444
ok,ptft,1,5000,0.30400000000000005,1520,0.304,10000,0.001,0.00099,0.0,0.1,1.0,0.1,1.0,unit_total_var,,0.5,5000000,5000,50000,True,1e-05,,0.0,0.0,1.0,2000,train_pred_mse,20000,0.00012450552528004967,0.00012380464701214586,2.596440922578229e-05,0.003662696551699036,1231.1697615499602,68.58127404800264,0.9996,0.0,1.0,500,0,0,4500,145.14601421356198
ok,ptft,2,5000,0.30400000000000005,1520,0.304,10000,0.001,0.00099,0.0,0.1,1.0,0.1,1.0,unit_total_var,,0.5,5000000,5000,50000,True,1e-05,,0.0,0.0,1.0,2000,train_pred_mse,20000,0.00011960760525190344,0.00011770503132793013,2.6301658491207655e-05,0.003549859310958812,1258.378052356561,68.74238554618066,1.0,0.0,1.0,500,0,0,4500,135.539621591568
ok,ptft,3,5000,0.30400000000000005,1520,0.304,10000,0.001,0.00099,0.0,0.1,1.0,0.1,1.0,unit_total_var,,0.5,5000000,5000,50000,True,1e-05,,0.0,0.0,1.0,2000,train_pred_mse,20000,0.00010840895906954388,0.00010990269988707465,2.6438040416233054e-05,0.003529687266345734,1223.9450737491472,70.0433046271803,0.9998,0.0,1.0,500,0,0,4500,141.2184913158417
ok,ptft,4,5000,0.30400000000000005,1520,0.304,10000,0.001,0.00099,0.0,0.1,1.0,0.1,1.0,unit_total_var,,0.5,5000000,5000,50000,True,1e-05,,0.0,0.0,1.0,2000,train_pred_mse,20000,0.00011753448691415148,0.00011355184621632917,2.584812723088411e-05,0.003430500989609252,1226.8468521444706,68.52555426398266,0.9998,0.0,1.0,500,0,0,4500,231.48968505859372
ok,ptft,5,5000,0.30400000000000005,1520,0.304,10000,0.001,0.00099,0.0,0.1,1.0,0.1,1.0,unit_total_var,,0.5,5000000,5000,50000,True,1e-05,,0.0,0.0,1.0,2000,train_pred_mse,20000,0.00018330442205244805,0.00018231997034472527,3.4611669403983793e-05,0.004692962885555166,1246.555980675056,70.57569088545863,0.9996,0.0,1.0,500,0,0,4500,128.9755501747131
ok,ptft,0,5000,0.31625000000000003,1581,0.3162,10000,0.001,0.00099,0.0,0.1,1.0,0.1,1.0,unit_total_var,,0.5,5000000,5000,50000,True,1e-05,,0.0,0.0,1.0,2000,train_pred_mse,20000,0.00013009654734621342,0.00013089020951012788,2.4301795640725755e-05,0.0032322261261958467,1277.4494949720595,71.06540586383956,1.0,0.0,1.0,500,0,0,4500,220.29935669898987
ok,ptft,1,5000,0.35300000000000004,1765,0.353,10000,0.001,0.00099,0.0,0.1,1.0,0.1,1.0,unit_total_var,,0.5,5000000,5000,50000,True,1e-05,,0.0,0.0,1.0,2000,train_pred_mse,15000,8.505169384106141e-05,8.196497215245624e-05,5.11622489011981e-05,0.009588542208099116,1230.9671359099432,68.70284544231811,0.9996,0.0,1.0,500,0,0,4500,106.36745119094849
ok,ptft,2,5000,0.35300000000000004,1765,0.353,10000,0.001,0.00099,0.0,0.1,1.0,0.1,1.0,unit_total_var,,0.5,5000000,5000,50000,True,1e-05,,0.0,0.0,1.0,2000,train_pred_mse,15000,8.673815204308962e-05,8.697286988154675e-05,4.500634776563251e-05,0.009144794016078879,1258.3039146712106,68.82496526281231,0.9998,0.0,1.0,500,0,0,4500,197.90848231315613
ok,ptft,3,5000,0.35300000000000004,1765,0.353,10000,0.001,0.00099,0.0,0.1,1.0,0.1,1.0,unit_total_var,,0.5,5000000,5000,50000,True,1e-05,,0.0,0.0,1.0,2000,train_pred_mse,15000,9.559986566667592e-05,9.73942015562711e-05,5.029151554195662e-05,0.009449650350861791,1224.3912391235303,70.07477098311486,0.9998,0.0,1.0,500,0,0,4500,211.22362518310547
ok,ptft,4,5000,0.35300000000000004,1765,0.353,10000,0.001,0.00099,0.0,0.1,1.0,0.1,1.0,unit_total_var,,0.5,5000000,5000,50000,True,1e-05,,0.0,0.0,1.0,2000,train_pred_mse,15000,9.004326779073588e-05,8.98612948773179e-05,5.170161137641185e-05,0.010004201489678215,1226.6537569321224,68.63126697441389,1.0,0.0,1.0,500,0,0,4500,209.4459979534149
ok,ptft,5,5000,0.35300000000000004,1765,0.353,10000,0.001,0.00099,0.0,0.1,1.0,0.1,1.0,unit_total_var,,0.5,5000000,5000,50000,True,1e-05,,0.0,0.0,1.0,2000,train_pred_mse,15000,7.716950201856306e-05,7.676647645467787e-05,3.898306997889079e-05,0.007917305414996462,1248.1879386434684,70.81702171503639,0.9992,0.0,1.0,500,0,0,4500,212.27094721794128
ok,ptft,0,5000,0.3775,1888,0.3776,10000,0.001,0.00099,0.0,0.1,1.0,0.1,1.0,unit_total_var,,0.5,5000000,5000,50000,True,1e-05,,0.0,0.0,1.0,2000,train_pred_mse,15000,6.750900381704327e-05,6.852465782108247e-05,3.7035765749407893e-05,0.0071993852037741625,1278.244016121178,71.23275383857964,0.9998,0.0,1.0,500,0,0,4500,211.35541105270386
ok,ptft,1,5000,0.402,2010,0.402,10000,0.001,0.00099,0.0,0.1,1.0,0.1,1.0,unit_total_var,,0.5,5000000,5000,50000,True,1e-05,,0.0,0.0,1.0,2000,train_pred_mse,15000,4.9525939697283295e-05,4.953926528860733e-05,3.066367929863081e-05,0.006405420157122877,1231.7639529106038,68.77489323786462,0.9990000000000001,0.0,1.0,500,0,0,4500,142.47752737998962
ok,ptft,2,5000,0.402,2010,0.402,10000,0.001,0.00099,0.0,0.1,1.0,0.1,1.0,unit_total_var,,0.5,5000000,5000,50000,True,1e-05,,0.0,0.0,1.0,2000,train_pred_mse,15000,4.810738712420734e-05,4.881523519841906e-05,2.584412739029263e-05,0.005695204358158612,1259.1999372901876,68.91398627427392,0.9998,0.0,1.0,500,0,0,4500,187.09769868850708
ok,ptft,3,5000,0.402,2010,0.402,10000,0.001,0.00099,0.0,0.1,1.0,0.1,1.0,unit_total_var,,0.5,5000000,5000,50000,True,1e-05,,0.0,0.0,1.0,2000,train_pred_mse,15000,6.025716475975718e-05,6.020802276784653e-05,3.499625760354711e-05,0.007065163618725948,1224.6325044222665,70.16024742510504,1.0,0.0,1.0,500,0,0,4500,184.94658708572388
ok,ptft,4,5000,0.402,2010,0.402,10000,0.001,0.00099,0.0,0.1,1.0,0.1,1.0,unit_total_var,,0.5,5000000,5000,50000,True,1e-05,,0.0,0.0,1.0,2000,train_pred_mse,15000,6.058319229737446e-05,5.9939027597058167e-05,3.761526177380348e-05,0.0077885537234286374,1227.2423197755631,68.6836766565054,1.0,0.0,1.0,500,0,0,4500,232.92898631095886
ok,ptft,5,5000,0.402,2010,0.402,10000,0.001,0.00099,0.0,0.1,1.0,0.1,1.0,unit_total_var,,0.5,5000000,5000,50000,True,1e-05,,0.0,0.0,1.0,2000,train_pred_mse,15000,6.077513090318435e-05,6.073273158924865e-05,3.5285870420559026e-05,0.007285017815743506,1248.117433547605,70.86849905448265,1.0,0.0,1.0,500,0,0,4500,202.2100822925568
ok,ptft,0,5000,0.43875,2194,0.4388,10000,0.001,0.00099,0.0,0.1,1.0,0.1,1.0,unit_total_var,,0.5,5000000,5000,50000,True,1e-05,,0.0,0.0,1.0,2000,train_pred_mse,15000,4.1903189861549065e-05,4.190453912057984e-05,2.5264687697971703e-05,0.0052164691785651,1278.8455117607816,71.31052443443205,0.9998,0.0,1.0,500,0,0,4500,237.2150592803955
ok,ptft,1,5000,0.451,2255,0.451,10000,0.001,0.00099,0.0,0.1,1.0,0.1,1.0,unit_total_var,,0.5,5000000,5000,50000,True,1e-05,,0.0,0.0,1.0,2000,train_pred_mse,15000,3.4034068632490736e-05,3.477077071623443e-05,2.301988104707891e-05,0.005022601711743196,1232.1638858734427,68.8266235544414,0.9994,0.0,1.0,500,0,0,4500,255.55472469329837
ok,ptft,2,5000,0.451,2255,0.451,10000,0.001,0.00099,0.0,0.1,1.0,0.1,1.0,unit_total_var,,0.5,5000000,5000,50000,True,1e-05,,0.0,0.0,1.0,2000,train_pred_mse,15000,2.969330456959045e-05,2.9804873069348914e-05,2.1049608559041655e-05,0.004429315109573461,1259.4240975479318,68.99171219061931,0.9998,0.0,1.0,500,0,0,4500,188.4735622406006
ok,ptft,3,5000,0.451,2255,0.451,10000,0.001,0.00099,0.0,0.1,1.0,0.1,1.0,unit_total_var,,0.5,5000000,5000,50000,True,1e-05,,0.0,0.0,1.0,2000,train_pred_mse,15000,3.469787548179786e-05,3.5463154562518873e-05,2.50312147615379e-05,0.005434842064084238,1225.5549272701091,70.25228875163049,0.9992,0.0,1.0,500,0,0,4500,199.8202998638153
ok,ptft,4,5000,0.451,2255,0.451,10000,0.001,0.00099,0.0,0.1,1.0,0.1,1.0,unit_total_var,,0.5,5000000,5000,50000,True,1e-05,,0.0,0.0,1.0,2000,train_pred_mse,15000,3.396768040578283e-05,3.420782150870654e-05,2.5686280316622752e-05,0.005424761565195153,1227.8503495634109,68.77146354911994,1.0,0.0,1.0,500,0,0,4500,260.27990436553955
ok,ptft,5,5000,0.451,2255,0.451,10000,0.001,0.00099,0.0,0.1,1.0,0.1,1.0,unit_total_var,,0.5,5000000,5000,50000,True,1e-05,,0.0,0.0,1.0,2000,train_pred_mse,15000,3.3695784004255276e-05,3.438536983895728e-05,1.8814359841328616e-05,0.004034231809278384,1249.1385440829958,70.94259808041015,0.9996,0.0,1.0,500,0,0,4500,199.06296133995056
ok,ptft,0,5000,0.5,2500,0.5,10000,0.001,0.00099,0.0,0.1,1.0,0.1,1.0,unit_total_var,,0.5,5000000,5000,50000,True,1e-05,,0.0,0.0,1.0,2000,train_pred_mse,15000,2.182628033923042e-05,2.1785833046108626e-05,1.7424994402270153e-05,0.0038142294655249174,1279.311907793087,71.40466813210345,0.9994,0.0,1.0,500,0,0,4500,261.86717915534973
ok,ptft,1,5000,0.5,2500,0.5,10000,0.001,0.00099,0.0,0.1,1.0,0.1,1.0,unit_total_var,,0.5,5000000,5000,50000,True,1e-05,,0.0,0.0,1.0,2000,train_pred_mse,15000,2.73604756419487e-05,2.728432402538699e-05,2.0961836703328507e-05,0.004642417281613408,1232.4460580607547,68.85762986975644,0.9994,0.0,1.0,500,0,0,4500,280.7922508716583
ok,ptft,2,5000,0.5,2500,0.5,10000,0.001,0.00099,0.0,0.1,1.0,0.1,1.0,unit_total_var,,0.5,5000000,5000,50000,True,1e-05,,0.0,0.0,1.0,2000,train_pred_mse,15000,2.778142990867729e-05,2.7943383245701257e-05,1.9337422979474398e-05,0.0044253269008633946,1259.4203033083454,69.00403010555388,0.9992,0.0,1.0,500,0,0,4500,305.9372441768646
ok,ptft,3,5000,0.5,2500,0.5,10000,0.001,0.00099,0.0,0.1,1.0,0.1,1.0,unit_total_var,,0.5,5000000,5000,50000,True,1e-05,,0.0,0.0,1.0,2000,train_pred_mse,10000,4.932105328013388e-05,4.900698214411143e-05,8.627834858981651e-05,0.030727476854937014,1224.531642377475,70.23415894572823,0.9992,0.0,1.0,500,0,0,4500,167.21158957481384
ok,ptft,4,5000,0.5,2500,0.5,10000,0.001,0.00099,0.0,0.1,1.0,0.1,1.0,unit_total_var,,0.5,5000000,5000,50000,True,1e-05,,0.0,0.0,1.0,2000,train_pred_mse,10000,5.3410884814286135e-05,5.123829729202925e-05,9.619312851816664e-05,0.03134359996460862,1227.1659551128707,68.75223190937314,0.9998,0.0,1.0,500,0,0,4500,140.37905240058902
ok,ptft,5,5000,0.5,2500,0.5,10000,0.001,0.00099,0.0,0.1,1.0,0.1,1.0,unit_total_var,,0.5,5000000,5000,50000,True,1e-05,,0.0,0.0,1.0,2000,train_pred_mse,15000,2.3116670931546384e-05,2.3860048813784343e-05,1.8772880238506575e-05,0.004116539594514268,1249.0265658638796,71.00858518496194,0.9996,0.0,1.0,500,0,0,4500,206.0591082572937
ok,ptft,0,5000,0.01,50,0.01,10000,0.001,0.00099,1.0,0.1,1.0,0.1,1.0,unit_total_var,,0.5,5000000,5000,50000,True,1e-05,,0.0,0.0,1.0,2000,train_pred_mse,5000,0.9674452540442892,0.9759566713873754,3.562507834336434e-17,32.90005559228309,387.36811763741065,9.049250445400624,1.0,0.0,1.0,500,0,0,4500,13.651586055755615
ok,ptft,1,5000,0.01,50,0.01,10000,0.001,0.00099,1.0,0.1,1.0,0.1,1.0,unit_total_var,,0.5,5000000,5000,50000,True,1e-05,,0.0,0.0,1.0,2000,train_pred_mse,5000,0.9164657385175182,0.902714043960392,2.856481797343823e-17,33.024835086065124,397.86144561580187,9.52515957043382,1.0,0.0,1.0,500,0,0,4500,5.770212650299072
ok,ptft,2,5000,0.01,50,0.01,10000,0.001,0.00099,1.0,0.1,1.0,0.1,1.0,unit_total_var,,0.5,5000000,5000,50000,True,1e-05,,0.0,0.0,1.0,2000,train_pred_mse,5000,0.925848348823145,0.9154082101433716,4.166678759002477e-17,32.81103202481708,360.1559205457676,8.51168948991902,1.0,0.0,1.0,500,0,0,4500,6.353280067443848
ok,ptft,3,5000,0.01,50,0.01,10000,0.001,0.00099,1.0,0.1,1.0,0.1,1.0,unit_total_var,,0.5,5000000,5000,50000,True,1e-05,,0.0,0.0,1.0,2000,train_pred_mse,5000,0.9445431047412374,0.951210570234755,4.7028011473530336e-17,33.02080100193116,363.75159405378366,8.517965568794851,1.0,0.0,1.0,500,0,0,4500,5.411470651626587
ok,ptft,0,5000,0.0575,288,0.0576,10000,0.001,0.00099,1.0,0.1,1.0,0.1,1.0,unit_total_var,,0.5,5000000,5000,50000,True,1e-05,,0.0,0.0,1.0,2000,train_pred_mse,5000,0.7751418759957395,0.7820237404760292,1.9564751380153423e-08,171.75724741414078,848.7613328502912,20.867747859244048,1.0,0.0,1.0,500,0,0,4500,27.57139897346497
ok,ptft,1,5000,0.059,295,0.059000000000000004,10000,0.001,0.00099,1.0,0.1,1.0,0.1,1.0,unit_total_var,,0.5,5000000,5000,50000,True,1e-05,,0.0,0.0,1.0,2000,train_pred_mse,5000,0.700535935251578,0.6873916075468213,1.5242357752479152e-08,179.9518412654405,891.8420264565715,22.300755546898063,1.0,0.0,1.0,500,0,0,4500,10.463855743408203
ok,ptft,2,5000,0.059,295,0.059000000000000004,10000,0.001,0.00099,1.0,0.1,1.0,0.1,1.0,unit_total_var,,0.5,5000000,5000,50000,True,1e-05,,0.0,0.0,1.0,2000,train_pred_mse,5000,0.7038315728217365,0.6926203627273156,1.4995757294708116e-08,168.66573058363218,887.4542441631412,22.832617102329305,1.0,0.0,1.0,500,0,0,4500,7.51837158203125
ok,ptft,3,5000,0.059,295,0.059000000000000004,10000,0.001,0.00099,1.0,0.1,1.0,0.1,1.0,unit_total_var,,0.5,5000000,5000,50000,True,1e-05,,0.0,0.0,1.0,2000,train_pred_mse,5000,0.7443959211635924,0.7525970924767255,1.5277450555578105e-08,183.8132695229869,834.2318577223606,20.456329358912352,1.0,0.0,1.0,500,0,0,4500,9.139288187026976
ok,ptft,0,5000,0.105,525,0.105,10000,0.001,0.00099,1.0,0.1,1.0,0.1,1.0,unit_total_var,,0.5,5000000,5000,50000,True,1e-05,,0.0,0.0,1.0,2000,train_pred_mse,5000,0.5577634509193573,0.5660739645525156,1.8026116477783876e-05,275.4523592094487,1164.605828354039,30.841233796995088,1.0,0.0,1.0,500,0,0,4500,15.391761302947998
ok,ptft,1,5000,0.10800000000000001,540,0.10800000000000001,10000,0.001,0.00099,1.0,0.1,1.0,0.1,1.0,unit_total_var,,0.5,5000000,5000,50000,True,1e-05,,0.0,0.0,1.0,2000,train_pred_mse,5000,0.5237761887135585,0.5154536254905031,1.3721255784435864e-05,293.37028176141786,1139.6470948288782,30.14026976755371,1.0,0.0,1.0,500,0,0,4500,20.62313961982727
ok,ptft,2,5000,0.10800000000000001,540,0.10800000000000001,10000,0.001,0.00099,1.0,0.1,1.0,0.1,1.0,unit_total_var,,0.5,5000000,5000,50000,True,1e-05,,0.0,0.0,1.0,2000,train_pred_mse,5000,0.5506192261035179,0.5454391489824593,1.4910116768791547e-05,284.7571764682975,1097.737217926644,28.998697830517834,1.0,0.0,1.0,500,0,0,4500,10.411151170730589
ok,ptft,3,5000,0.10800000000000001,540,0.10800000000000001,10000,0.001,0.00099,1.0,0.1,1.0,0.1,1.0,unit_total_var,,0.5,5000000,5000,50000,True,1e-05,,0.0,0.0,1.0,2000,train_pred_mse,5000,0.5318233752358904,0.5359886849016361,2.0837410123950728e-05,291.0029982852985,1136.3499859507212,30.66275616209697,1.0,0.0,1.0,500,0,0,4500,16.507022380828854
ok,ptft,0,5000,0.15250000000000002,763,0.1526,10000,0.001,0.00099,1.0,0.1,1.0,0.1,1.0,unit_total_var,,0.5,5000000,5000,50000,True,1e-05,,0.0,0.0,1.0,2000,train_pred_mse,5000,0.4207639244774756,0.4227282020932586,0.0001287978048640632,375.9020638437984,1325.7464402584194,37.22923304624139,1.0,0.0,1.0,500,0,0,4500,23.375020027160645
ok,ptft,1,5000,0.15700000000000006,785,0.157,10000,0.001,0.00099,1.0,0.1,1.0,0.1,1.0,unit_total_var,,0.5,5000000,5000,50000,True,1e-05,,0.0,0.0,1.0,2000,train_pred_mse,5000,0.4195832498218869,0.4163292696902917,0.00014355721146834836,387.7912606327686,1262.2135415426699,34.882997187906426,1.0,0.0,1.0,500,0,0,4500,30.794572353363037
ok,ptft,2,5000,0.15700000000000006,785,0.157,10000,0.001,0.00099,1.0,0.1,1.0,0.1,1.0,unit_total_var,,0.5,5000000,5000,50000,True,1e-05,,0.0,0.0,1.0,2000,train_pred_mse,5000,0.41700886437604495,0.41118538248058384,0.0001575008797680609,380.6080473674859,1282.0581328566566,35.65255533517548,1.0,0.0,1.0,500,0,0,4500,33.6042914390564
ok,ptft,0,5000,0.2,1000,0.2,10000,0.001,0.00099,1.0,0.1,1.0,0.1,1.0,unit_total_var,,0.5,5000000,5000,50000,True,1e-05,,0.0,0.0,1.0,2000,train_pred_mse,10000,0.3104074468992065,0.3199244844750061,2.625027226295041e-05,0.009446329500386066,1437.4336530324088,42.53893682223044,1.0,0.0,1.0,500,0,0,4500,54.16540694236755
ok,ptft,1,5000,0.206,1030,0.20600000000000002,10000,0.001,0.00099,1.0,0.1,1.0,0.1,1.0,unit_total_var,,0.5,5000000,5000,50000,True,1e-05,,0.0,0.0,1.0,2000,train_pred_mse,10000,0.28609808594847,0.2841547798289905,3.7623765425712594e-05,0.011912825810146951,1390.9766021530083,41.457786386055716,1.0,0.0,1.0,500,0,0,4500,42.8800835609436
ok,ptft,2,5000,0.206,1030,0.20600000000000002,10000,0.001,0.00099,1.0,0.1,1.0,0.1,1.0,unit_total_var,,0.5,5000000,5000,50000,True,1e-05,,0.0,0.0,1.0,2000,train_pred_mse,10000,0.2854734124001065,0.2845921974984823,3.9923966162619626e-05,0.013063591920865909,1423.554882245497,41.81021812290216,1.0,0.0,1.0,500,0,0,4500,36.99363565444946
ok,ptft,0,5000,0.255,1275,0.255,10000,0.001,0.00099,1.0,0.1,1.0,0.1,1.0,unit_total_var,,0.5,5000000,5000,50000,True,1e-05,,0.0,0.0,1.0,2000,train_pred_mse,10000,0.2165598967544955,0.2173184556349971,9.831940474140041e-05,0.01899032372049373,1534.1378438376855,48.234041139688905,1.0,0.0,1.0,500,0,0,4500,73.56893253326416
ok,ptft,1,5000,0.255,1275,0.255,10000,0.001,0.00099,1.0,0.1,1.0,0.1,1.0,unit_total_var,,0.5,5000000,5000,50000,True,1e-05,,0.0,0.0,1.0,2000,train_pred_mse,10000,0.21626116844599336,0.2135432038896244,0.00010790516831456964,0.021372331581957504,1481.3794108222214,45.535664200621156,1.0,0.0,1.0,500,0,0,4500,64.68854975700378
ok,ptft,2,5000,0.255,1275,0.255,10000,0.001,0.00099,1.0,0.1,1.0,0.1,1.0,unit_total_var,,0.5,5000000,5000,50000,True,1e-05,,0.0,0.0,1.0,2000,train_pred_mse,10000,0.22974390195240105,0.2259280983126937,0.00010457458378269392,0.021716862583957015,1475.4747690937465,45.22654297178974,1.0,0.0,1.0,500,0,0,4500,53.64407753944397
ok,ptft,1,5000,0.30400000000000005,1520,0.304,10000,0.001,0.00099,1.0,0.1,1.0,0.1,1.0,unit_total_var,,0.5,5000000,5000,50000,True,1e-05,,0.0,0.0,1.0,2000,train_pred_mse,15000,0.16516710224240738,0.16339406012708224,5.717416838901478e-05,0.0069586706779691575,1522.2779932325693,49.22726426895474,1.0,0.0,1.0,500,0,0,4500,175.53868317604062
ok,ptft,2,5000,0.30400000000000005,1520,0.304,10000,0.001,0.00099,1.0,0.1,1.0,0.1,1.0,unit_total_var,,0.5,5000000,5000,50000,True,1e-05,,0.0,0.0,1.0,2000,train_pred_mse,15000,0.1583679271763395,0.1554814602736042,5.8805479925427846e-05,0.007059720548746033,1533.6240294475385,50.19698303397437,1.0,0.0,1.0,500,0,0,4500,198.10460424423215
ok,ptft,0,5000,0.31625000000000003,1581,0.3162,10000,0.001,0.00099,1.0,0.1,1.0,0.1,1.0,unit_total_var,,0.5,5000000,5000,50000,True,1e-05,,0.0,0.0,1.0,2000,train_pred_mse,15000,0.17279645679322414,0.17402495982633867,7.801858503302464e-05,0.008650368580541575,1551.0220322090086,51.19687277220143,1.0,0.0,1.0,500,0,0,4500,179.2026822566986
ok,ptft,1,5000,0.35300000000000004,1765,0.353,10000,0.001,0.00099,1.0,0.1,1.0,0.1,1.0,unit_total_var,,0.5,5000000,5000,50000,True,1e-05,,0.0,0.0,1.0,2000,train_pred_mse,20000,0.1134621242969361,0.11055678521839782,5.867316105203751e-05,0.005145610923397941,1531.7760214724979,53.42387180903662,1.0,0.0,1.0,500,0,0,4500,301.7809655666352
ok,ptft,2,5000,0.35300000000000004,1765,0.353,10000,0.001,0.00099,1.0,0.1,1.0,0.1,1.0,unit_total_var,,0.5,5000000,5000,50000,True,1e-05,,0.0,0.0,1.0,2000,train_pred_mse,20000,0.12006573141461327,0.12030274390321455,4.4178545004606484e-05,0.0039923080366142385,1554.4154477617633,52.690500357672605,1.0,0.0,1.0,500,0,0,4500,337.48321437835693
ok,ptft,0,5000,0.3775,1888,0.3776,10000,0.001,0.00099,1.0,0.1,1.0,0.1,1.0,unit_total_var,,0.5,5000000,5000,50000,True,1e-05,,0.0,0.0,1.0,2000,train_pred_mse,20000,0.11205725892936028,0.11346324964364607,6.861802076231424e-05,0.00558738328830649,1599.9888225704156,55.73297494661978,1.0,0.0,1.0,500,0,0,4500,259.0095536708832
ok,ptft,1,5000,0.402,2010,0.402,10000,0.001,0.00099,1.0,0.1,1.0,0.1,1.0,unit_total_var,,0.5,5000000,5000,50000,True,1e-05,,0.0,0.0,1.0,2000,train_pred_mse,25000,0.09400751301200334,0.09450366391633183,4.0980855386910714e-05,0.003106601693380044,1558.3090640756243,54.74602366104462,1.0,0.0,1.0,500,0,0,4500,385.4848141670227
ok,ptft,2,5000,0.402,2010,0.402,10000,0.001,0.00099,1.0,0.1,1.0,0.1,1.0,unit_total_var,,0.5,5000000,5000,50000,True,1e-05,,0.0,0.0,1.0,2000,train_pred_mse,25000,0.09439625313190704,0.09615061080608857,4.1898139330494026e-05,0.0031767801837840185,1577.1484503297522,54.7950093198283,1.0,0.0,1.0,500,0,0,4500,333.52426004409784
ok,ptft,0,5000,0.43875,2194,0.4388,10000,0.001,0.00099,1.0,0.1,1.0,0.1,1.0,unit_total_var,,0.5,5000000,5000,50000,True,1e-05,,0.0,0.0,1.0,2000,train_pred_mse,30000,0.08401322502272855,0.08332746709065139,4.286732374700309e-05,0.002765335540334562,1607.251815406531,58.363010181604146,1.0,0.0,1.0,500,0,0,4500,434.8889558315277
ok,ptft,1,5000,0.451,2255,0.451,10000,0.001,0.00099,1.0,0.1,1.0,0.1,1.0,unit_total_var,,0.5,5000000,5000,50000,True,1e-05,,0.0,0.0,1.0,2000,train_pred_mse,30000,0.07523706143754409,0.07538472758069502,4.291353689327489e-05,0.0028192956637694477,1554.5532573150394,56.62206975643565,1.0,0.0,1.0,500,0,0,4500,400.4064333438873
ok,ptft,2,5000,0.451,2255,0.451,10000,0.001,0.00099,1.0,0.1,1.0,0.1,1.0,unit_total_var,,0.5,5000000,5000,50000,True,1e-05,,0.0,0.0,1.0,2000,train_pred_mse,30000,0.06602084340325623,0.06569547550665968,4.5602501643665526e-05,0.00295714161712214,1573.715869786424,57.70717542589082,1.0,0.0,1.0,500,0,0,4500,621.618816614151
ok,ptft,0,5000,0.5,2500,0.5,10000,0.001,0.00099,1.0,0.1,1.0,0.1,1.0,unit_total_var,,0.5,5000000,5000,50000,True,1e-05,,0.0,0.0,1.0,2000,train_pred_mse,35000,0.049983243058331586,0.050468378093372235,4.5613770382859256e-05,0.002630767294027548,1607.6853583640961,62.018345359573225,1.0,0.0,1.0,500,0,0,4500,555.2058455944061
ok,ptft,1,5000,0.5,2500,0.5,10000,0.001,0.00099,1.0,0.1,1.0,0.1,1.0,unit_total_var,,0.5,5000000,5000,50000,True,1e-05,,0.0,0.0,1.0,2000,train_pred_mse,35000,0.05715102892884257,0.056237132188810386,4.796099109139485e-05,0.002923949135095205,1563.030242824047,58.6951785024391,1.0,0.0,1.0,500,0,0,4500,644.4192528724669
ok,ptft,2,5000,0.5,2500,0.5,10000,0.001,0.00099,1.0,0.1,1.0,0.1,1.0,unit_total_var,,0.5,5000000,5000,50000,True,1e-05,,0.0,0.0,1.0,2000,train_pred_mse,35000,0.05385430524513058,0.05429663868462757,4.801273296757407e-05,0.002897944811899164,1570.5643638550814,59.31490162261197,1.0,0.0,1.0,500,0,0,4500,579.5419914722443
ok,ptft,0,5000,0.01,50,0.01,10000,0.001,0.0,0.0,0.1,1.0,0.1,1.0,unit_total_var,,0.5,5000000,5000,50000,True,1e-05,,0.0,0.0,1.0,2000,train_pred_mse,5000,0.9303237492912968,0.9306950618613348,2.0691863059165447e-08,233.960037591519,367.6332747195698,21.740665833596417,0.9990000000000001,0.0,1.0,500,0,0,4500,4.61778712272644
ok,ptft,1,5000,0.01,50,0.01,10000,0.001,0.0,0.0,0.1,1.0,0.1,1.0,unit_total_var,,0.5,5000000,5000,50000,True,1e-05,,0.0,0.0,1.0,2000,train_pred_mse,5000,0.8815224663934352,0.8655923207688243,1.0788910016757621e-08,222.80788945308697,354.5619623864085,21.983476738372488,1.0,0.0,1.0,500,0,0,4500,4.611359119415283
ok,ptft,2,5000,0.01,50,0.01,10000,0.001,0.0,0.0,0.1,1.0,0.1,1.0,unit_total_var,,0.5,5000000,5000,50000,True,1e-05,,0.0,0.0,1.0,2000,train_pred_mse,5000,0.8858693837862341,0.8753072996713354,9.778692027701528e-09,232.463953770748,340.2140064681484,20.456144666367965,0.9998,0.0,1.0,500,0,0,4500,4.5521323680877686
ok,ptft,3,5000,0.01,50,0.01,10000,0.001,0.0,0.0,0.1,1.0,0.1,1.0,unit_total_var,,0.5,5000000,5000,50000,True,1e-05,,0.0,0.0,1.0,2000,train_pred_mse,5000,0.9086412741137468,0.9160267664029104,3.13460714654183e-08,232.22903231663582,349.1773586009597,20.360609967412863,0.9998,0.0,1.0,500,0,0,4500,4.942809581756592
ok,ptft,4,5000,0.01,50,0.01,10000,0.001,0.0,0.0,0.1,1.0,0.1,1.0,unit_total_var,,0.5,5000000,5000,50000,True,1e-05,,0.0,0.0,1.0,2000,train_pred_mse,5000,0.8667968850848407,0.8687176778278516,6.351247558206623e-08,229.1922139153517,338.1959752925132,20.612414654417602,0.9998,0.0,1.0,500,0,0,4500,5.4897100925445566
ok,ptft,5,5000,0.01,50,0.01,10000,0.001,0.0,0.0,0.1,1.0,0.1,1.0,unit_total_var,,0.5,5000000,5000,50000,True,1e-05,,0.0,0.0,1.0,2000,train_pred_mse,5000,0.9060754186679444,0.9148595665491076,1.130667604695643e-08,234.6007751096891,373.11317751275584,22.288501391362146,0.9998,0.0,1.0,500,0,0,4500,4.925570011138916
ok,ptft,0,5000,0.0575,288,0.0576,10000,0.001,0.0,0.0,0.1,1.0,0.1,1.0,unit_total_var,,0.5,5000000,5000,50000,True,1e-05,,0.0,0.0,1.0,2000,train_pred_mse,25000,0.4784706628560765,0.4850880815487164,3.4791273252502866e-05,0.004182421042295838,825.8880491748889,47.99471812719189,0.9998,0.0,1.0,500,0,0,4500,55.71067380905152
ok,ptft,1,5000,0.059,295,0.059000000000000004,10000,0.001,0.0,0.0,0.1,1.0,0.1,1.0,unit_total_var,,0.5,5000000,5000,50000,True,1e-05,,0.0,0.0,1.0,2000,train_pred_mse,25000,0.42253119281728413,0.4148247672373073,3.985247561238928e-05,0.004539439217097193,861.1471097837866,49.03395099213315,1.0,0.0,1.0,500,0,0,4500,45.45238184928894
ok,ptft,2,5000,0.059,295,0.059000000000000004,10000,0.001,0.0,0.0,0.1,1.0,0.1,1.0,unit_total_var,,0.5,5000000,5000,50000,True,1e-05,,0.0,0.0,1.0,2000,train_pred_mse,20000,0.4796719110400021,0.4714446315758649,7.94335318460513e-05,0.009656129606226084,834.7155682996439,48.851093106311204,1.0,0.0,1.0,500,0,0,4500,53.40337133407593
ok,ptft,3,5000,0.059,295,0.059000000000000004,10000,0.001,0.0,0.0,0.1,1.0,0.1,1.0,unit_total_var,,0.5,5000000,5000,50000,True,1e-05,,0.0,0.0,1.0,2000,train_pred_mse,20000,0.4604103153858821,0.4649450603300589,7.377952192578087e-05,0.009009650782308748,827.4555098729503,48.47995980738285,0.9998,0.0,1.0,500,0,0,4500,38.218631029129035
ok,ptft,4,5000,0.059,295,0.059000000000000004,10000,0.001,0.0,0.0,0.1,1.0,0.1,1.0,unit_total_var,,0.5,5000000,5000,50000,True,1e-05,,0.0,0.0,1.0,2000,train_pred_mse,20000,0.4010916708127436,0.40743687857978905,6.731975003901474e-05,0.008606232607660514,858.9440708431497,49.50038797916753,0.9994,0.0,1.0,500,0,0,4500,30.48422861099243
ok,ptft,5,5000,0.059,295,0.059000000000000004,10000,0.001,0.0,0.0,0.1,1.0,0.1,1.0,unit_total_var,,0.5,5000000,5000,50000,True,1e-05,,0.0,0.0,1.0,2000,train_pred_mse,20000,0.4604487002988286,0.4601528389077228,6.986221213432946e-05,0.009039767743671524,855.0301932790453,49.823420930575935,0.9998,0.0,1.0,500,0,0,4500,34.27351140975952
ok,ptft,0,5000,0.105,525,0.105,10000,0.001,0.0,0.0,0.1,1.0,0.1,1.0,unit_total_var,,0.5,5000000,5000,50000,True,1e-05,,0.0,0.0,1.0,2000,train_pred_mse,50000,0.09895496951675284,0.10080780178138704,3.662068521211079e-05,0.00163488520170961,1132.8604743571582,60.92387164015376,0.9996,0.0,1.0,500,0,0,4500,115.03879284858705
ok,ptft,1,5000,0.10800000000000001,540,0.10800000000000001,10000,0.001,0.0,0.0,0.1,1.0,0.1,1.0,unit_total_var,,0.5,5000000,5000,50000,True,1e-05,,0.0,0.0,1.0,2000,train_pred_mse,55000,0.0905036067319801,0.08916137551716903,3.684781122746029e-05,0.0015409269311704359,1088.6403571227186,59.44751466587296,1.0,0.0,1.0,500,0,0,4500,180.25983881950376
ok,ptft,2,5000,0.10800000000000001,540,0.10800000000000001,10000,0.001,0.0,0.0,0.1,1.0,0.1,1.0,unit_total_var,,0.5,5000000,5000,50000,True,1e-05,,0.0,0.0,1.0,2000,train_pred_mse,50000,0.11241269315924564,0.1093367012318808,4.1149397962792245e-05,0.0019649715195346395,1084.1305494698822,57.590888649573095,0.9996,0.0,1.0,500,0,0,4500,89.02004718780519
ok,ptft,3,5000,0.10800000000000001,540,0.10800000000000001,10000,0.001,0.0,0.0,0.1,1.0,0.1,1.0,unit_total_var,,0.5,5000000,5000,50000,True,1e-05,,0.0,0.0,1.0,2000,train_pred_mse,55000,0.09010748457277924,0.09155899267239384,3.782648214130287e-05,0.0016043547546000314,1073.5548727116297,60.70183867720181,0.9994,0.0,1.0,500,0,0,4500,189.28720235824585
ok,ptft,4,5000,0.10800000000000001,540,0.10800000000000001,10000,0.001,0.0,0.0,0.1,1.0,0.1,1.0,unit_total_var,,0.5,5000000,5000,50000,True,1e-05,,0.0,0.0,1.0,2000,train_pred_mse,55000,0.08912152938444301,0.08856295570722593,3.3522118472088675e-05,0.0014846494340167915,1087.6058886508863,59.41129715537902,1.0,0.0,1.0,500,0,0,4500,112.3082127571106
ok,ptft,5,5000,0.10800000000000001,540,0.10800000000000001,10000,0.001,0.0,0.0,0.1,1.0,0.1,1.0,unit_total_var,,0.5,5000000,5000,50000,True,1e-05,,0.0,0.0,1.0,2000,train_pred_mse,50000,0.08015820944004351,0.0813561836823667,4.061633592475741e-05,0.0017949249099782731,1100.6151810880465,60.26988202581406,1.0,0.0,1.0,500,0,0,4500,194.3763656616211
ok,ptft,0,5000,0.15250000000000002,763,0.1526,10000,0.001,0.0,0.0,0.1,1.0,0.1,1.0,unit_total_var,,0.5,5000000,5000,50000,True,1e-05,,0.0,0.0,1.0,2000,train_pred_mse,70000,0.008321706069115127,0.008169879322691748,2.81121537249423e-05,0.0009699939463862383,1238.9910103816726,68.08386362490883,0.9994,0.0,1.0,500,0,0,4500,249.47727942466736
ok,ptft,1,5000,0.15700000000000006,785,0.157,10000,0.001,0.0,0.0,0.1,1.0,0.1,1.0,unit_total_var,,0.5,5000000,5000,50000,True,1e-05,,0.0,0.0,1.0,2000,train_pred_mse,80000,0.00872888332481209,0.008738185560779954,2.6117180945970888e-05,0.0007448230834121057,1192.238619714039,65.09468009289411,0.9994,0.0,1.0,500,0,0,4500,435.5892930030823
ok,ptft,2,5000,0.15700000000000006,785,0.157,10000,0.001,0.0,0.0,0.1,1.0,0.1,1.0,unit_total_var,,0.5,5000000,5000,50000,True,1e-05,,0.0,0.0,1.0,2000,train_pred_mse,75000,0.009718882909125884,0.009425339840318956,2.771683972346874e-05,0.0008028124150816253,1215.4331250667985,65.13928140118838,0.9998,0.0,1.0,500,0,0,4500,633.6452395915985
ok,ptft,3,5000,0.15700000000000006,785,0.157,10000,0.001,0.0,0.0,0.1,1.0,0.1,1.0,unit_total_var,,0.5,5000000,5000,50000,True,1e-05,,0.0,0.0,1.0,2000,train_pred_mse,80000,0.005628881949454621,0.005618775724729361,2.4376057796792127e-05,0.0007073493905065316,1196.2567620126304,67.57346203236497,1.0,0.0,1.0,500,0,0,4500,193.28604459762573
ok,ptft,4,5000,0.15700000000000006,785,0.157,10000,0.001,0.0,0.0,0.1,1.0,0.1,1.0,unit_total_var,,0.5,5000000,5000,50000,True,1e-05,,0.0,0.0,1.0,2000,train_pred_mse,75000,0.007308276376314467,0.0072406033994826926,2.505513618822089e-05,0.0006936269502883307,1186.3152313609298,65.44078198082235,0.9996,0.0,1.0,500,0,0,4500,467.6360459327698
ok,ptft,5,5000,0.15700000000000006,785,0.157,10000,0.001,0.0,0.0,0.1,1.0,0.1,1.0,unit_total_var,,0.5,5000000,5000,50000,True,1e-05,,0.0,0.0,1.0,2000,train_pred_mse,80000,0.007271052535641358,0.0075027414519791315,2.514558448291776e-05,0.0006980463086539628,1209.996007204229,67.50064389301251,1.0,0.0,1.0,500,0,0,4500,200.88689494132998
ok,ptft,0,5000,0.2,1000,0.2,10000,0.001,0.0,0.0,0.1,1.0,0.1,1.0,unit_total_var,,0.5,5000000,5000,50000,True,1e-05,,0.0,0.0,1.0,2000,train_pred_mse,75000,0.0011461511174371529,0.0011720892488568419,2.0493420921880875e-05,0.0003790471800534717,1265.6431393357338,70.11681677369788,0.9998,0.0,1.0,500,0,0,4500,383.3961148262024
ok,ptft,1,5000,0.206,1030,0.20600000000000002,10000,0.001,0.0,0.0,0.1,1.0,0.1,1.0,unit_total_var,,0.5,5000000,5000,50000,True,1e-05,,0.0,0.0,1.0,2000,train_pred_mse,70000,0.0007650232814357784,0.0007611985569283082,2.035493922254657e-05,0.0004254769480551884,1221.8719872626805,67.88178897183971,0.9998,0.0,1.0,500,0,0,4500,209.27055215835568
ok,ptft,2,5000,0.206,1030,0.20600000000000002,10000,0.001,0.0,0.0,0.1,1.0,0.1,1.0,unit_total_var,,0.5,5000000,5000,50000,True,1e-05,,0.0,0.0,1.0,2000,train_pred_mse,70000,0.0009664213333413922,0.0009736826929060845,1.998765007646404e-05,0.00043218206516000264,1247.4251139616808,67.91681193300116,1.0,0.0,1.0,500,0,0,4500,279.16155791282654
ok,ptft,3,5000,0.206,1030,0.20600000000000002,10000,0.001,0.0,0.0,0.1,1.0,0.1,1.0,unit_total_var,,0.5,5000000,5000,50000,True,1e-05,,0.0,0.0,1.0,2000,train_pred_mse,75000,0.0010395453670332358,0.0010508932947776949,1.9500222756672682e-05,0.0003744252138874382,1213.7535340706827,69.09372655517437,0.9994,0.0,1.0,500,0,0,4500,315.64164853096014
ok,ptft,4,5000,0.206,1030,0.20600000000000002,10000,0.001,0.0,0.0,0.1,1.0,0.1,1.0,unit_total_var,,0.5,5000000,5000,50000,True,1e-05,,0.0,0.0,1.0,2000,train_pred_mse,75000,0.0009539985519399443,0.0009706599106445203,2.035727026367249e-05,0.0004239778434877728,1216.9825671212702,67.66696594107404,1.0,0.0,1.0,500,0,0,4500,568.0206332206726
ok,ptft,5,5000,0.206,1030,0.20600000000000002,10000,0.001,0.0,0.0,0.1,1.0,0.1,1.0,unit_total_var,,0.5,5000000,5000,50000,True,1e-05,,0.0,0.0,1.0,2000,train_pred_mse,80000,0.0011119694319864494,0.0011128684948576882,1.9184668078274913e-05,0.0003450798367160018,1237.415618860733,69.76065954328328,1.0,0.0,1.0,500,0,0,4500,330.8883917331696
ok,ptft,0,5000,0.255,1275,0.255,10000,0.001,0.0,0.0,0.1,1.0,0.1,1.0,unit_total_var,,0.5,5000000,5000,50000,True,1e-05,,0.0,0.0,1.0,2000,train_pred_mse,40000,0.0002364063593736325,0.000237806980293023,2.0203837253229152e-05,0.001015482325431044,1274.4533520280365,70.9219079165251,0.9998,0.0,1.0,500,0,0,4500,272.26244854927063
ok,ptft,1,5000,0.255,1275,0.255,10000,0.001,0.0,0.0,0.1,1.0,0.1,1.0,unit_total_var,,0.5,5000000,5000,50000,True,1e-05,,0.0,0.0,1.0,2000,train_pred_mse,35000,0.00021381329771447436,0.0002100957536739771,2.453895700821813e-05,0.0016197280640239614,1228.49641654576,68.42224778170637,0.9996,0.0,1.0,500,0,0,4500,180.53846716880798
ok,ptft,2,5000,0.255,1275,0.255,10000,0.001,0.0,0.0,0.1,1.0,0.1,1.0,unit_total_var,,0.5,5000000,5000,50000,True,1e-05,,0.0,0.0,1.0,2000,train_pred_mse,50000,0.00027256594176340386,0.00026820667434958507,1.8233671611209974e-05,0.0003323725869198868,1254.7566290746604,68.46569568343288,0.9998,0.0,1.0,500,0,0,4500,537.2441017627716
ok,ptft,3,5000,0.255,1275,0.255,10000,0.001,0.0,0.0,0.1,1.0,0.1,1.0,unit_total_var,,0.5,5000000,5000,50000,True,1e-05,,0.0,0.0,1.0,2000,train_pred_mse,40000,0.00020357112837530368,0.0002058612151086299,2.0449798087113835e-05,0.0008598776345057077,1221.6749478475135,69.88236176874743,0.9998,0.0,1.0,500,0,0,4500,262.99845147132874
ok,ptft,4,5000,0.255,1275,0.255,10000,0.001,0.0,0.0,0.1,1.0,0.1,1.0,unit_total_var,,0.5,5000000,5000,50000,True,1e-05,,0.0,0.0,1.0,2000,train_pred_mse,50000,0.0002645163664088554,0.00026807818927572816,1.9048634553252572e-05,0.0004564510526662024,1223.0757642254275,68.28893268506563,0.9998,0.0,1.0,500,0,0,4500,220.6366274356842
ok,ptft,5,5000,0.255,1275,0.255,10000,0.001,0.0,0.0,0.1,1.0,0.1,1.0,unit_total_var,,0.5,5000000,5000,50000,True,1e-05,,0.0,0.0,1.0,2000,train_pred_mse,45000,0.00022469952578494423,0.00022818109848914703,1.8562025512928748e-05,0.0004820920402758205,1245.0598555605125,70.51058067068138,0.9998,0.0,1.0,500,0,0,4500,445.9450285434723
ok,ptft,1,5000,0.30400000000000005,1520,0.304,10000,0.001,0.0,0.0,0.1,1.0,0.1,1.0,unit_total_var,,0.5,5000000,5000,50000,True,1e-05,,0.0,0.0,1.0,2000,train_pred_mse,30000,0.00012959271252818602,0.00012884386002076943,2.5127568233348397e-05,0.001987554142794853,1229.7261695911975,68.59018657260006,0.9990000000000001,0.0,1.0,500,0,0,4500,207.6733033657074
ok,ptft,2,5000,0.30400000000000005,1520,0.304,10000,0.001,0.0,0.0,0.1,1.0,0.1,1.0,unit_total_var,,0.5,5000000,5000,50000,True,1e-05,,0.0,0.0,1.0,2000,train_pred_mse,30000,0.00012170935401783077,0.00012016389762793225,2.4539452362106195e-05,0.001878090056804061,1257.005676078815,68.75049776382225,0.9998,0.0,1.0,500,0,0,4500,340.17374968528753
ok,ptft,3,5000,0.30400000000000005,1520,0.304,10000,0.001,0.0,0.0,0.1,1.0,0.1,1.0,unit_total_var,,0.5,5000000,5000,50000,True,1e-05,,0.0,0.0,1.0,2000,train_pred_mse,30000,0.00011078194739025176,0.00011237897704005676,2.547463736065953e-05,0.0020391397292514267,1222.5588743061767,70.05728584327751,0.9996,0.0,1.0,500,0,0,4500,288.2907497882843
ok,ptft,4,5000,0.30400000000000005,1520,0.304,10000,0.001,0.0,0.0,0.1,1.0,0.1,1.0,unit_total_var,,0.5,5000000,5000,50000,True,1e-05,,0.0,0.0,1.0,2000,train_pred_mse,30000,0.00012068868935952268,0.00011671997411153027,2.489802286750675e-05,0.0018841587897338204,1225.343883637447,68.53385142099363,0.9996,0.0,1.0,500,0,0,4500,316.41799306869507
ok,ptft,5,5000,0.30400000000000005,1520,0.304,10000,0.001,0.0,0.0,0.1,1.0,0.1,1.0,unit_total_var,,0.5,5000000,5000,50000,True,1e-05,,0.0,0.0,1.0,2000,train_pred_mse,40000,0.00016906978383370006,0.0001675907367015596,1.8724448029877662e-05,0.0006816535194428258,1245.4900266827885,70.59941848554996,0.9996,0.0,1.0,500,0,0,4500,494.15222787857056
ok,ptft,0,5000,0.31625000000000003,1581,0.3162,10000,0.001,0.0,0.0,0.1,1.0,0.1,1.0,unit_total_var,,0.5,5000000,5000,50000,True,1e-05,,0.0,0.0,1.0,2000,train_pred_mse,30000,0.00013821213942929713,0.0001388192162033842,2.321415254059995e-05,0.0016869810489010275,1275.9434103086544,71.06409267687914,0.9996,0.0,1.0,500,0,0,4500,313.28627729415894
ok,ptft,1,5000,0.35300000000000004,1765,0.353,10000,0.001,0.0,0.0,0.1,1.0,0.1,1.0,unit_total_var,,0.5,5000000,5000,50000,True,1e-05,,0.0,0.0,1.0,2000,train_pred_mse,25000,6.981133309743019e-05,6.749531186300435e-05,3.1844158057121416e-05,0.003100330977203425,1230.126366153248,68.74422721885071,0.9994,0.0,1.0,500,0,0,4500,228.73546814918518
ok,ptft,2,5000,0.35300000000000004,1765,0.353,10000,0.001,0.0,0.0,0.1,1.0,0.1,1.0,unit_total_var,,0.5,5000000,5000,50000,True,1e-05,,0.0,0.0,1.0,2000,train_pred_mse,25000,7.462966805453536e-05,7.47230972705355e-05,2.666511871343993e-05,0.0025401744497026463,1257.5061074097955,68.86074219302648,0.9988,0.0,1.0,500,0,0,4500,334.3715479373932
ok,ptft,3,5000,0.35300000000000004,1765,0.353,10000,0.001,0.0,0.0,0.1,1.0,0.1,1.0,unit_total_var,,0.5,5000000,5000,50000,True,1e-05,,0.0,0.0,1.0,2000,train_pred_mse,25000,7.627054812920351e-05,7.734834190963474e-05,2.933818797590868e-05,0.002797589396229378,1223.5458917757844,70.12298378402886,0.9998,0.0,1.0,500,0,0,4500,340.40188646316534
ok,ptft,4,5000,0.35300000000000004,1765,0.353,10000,0.001,0.0,0.0,0.1,1.0,0.1,1.0,unit_total_var,,0.5,5000000,5000,50000,True,1e-05,,0.0,0.0,1.0,2000,train_pred_mse,25000,7.683519829118914e-05,7.690619301663116e-05,3.3715043570287486e-05,0.0032374542464686557,1225.8713416902353,68.67189997477838,1.0,0.0,1.0,500,0,0,4500,375.15540432929987
ok,ptft,5,5000,0.35300000000000004,1765,0.353,10000,0.001,0.0,0.0,0.1,1.0,0.1,1.0,unit_total_var,,0.5,5000000,5000,50000,True,1e-05,,0.0,0.0,1.0,2000,train_pred_mse,20000,9.159483202918584e-05,9.026826723407914e-05,5.8776506763751724e-05,0.006582052859861515,1246.2411853838776,70.818789338074,0.9996,0.0,1.0,500,0,0,4500,251.82433462142944
ok,ptft,0,5000,0.3775,1888,0.3776,10000,0.001,0.0,0.0,0.1,1.0,0.1,1.0,unit_total_var,,0.5,5000000,5000,50000,True,1e-05,,0.0,0.0,1.0,2000,train_pred_mse,20000,8.260786263344836e-05,8.398054160327788e-05,5.7979873437674646e-05,0.006285122458152843,1276.2152236409675,71.23462399731531,0.9996,0.0,1.0,500,0,0,4500,272.6250057220459
ok,ptft,1,5000,0.402,2010,0.402,10000,0.001,0.0,0.0,0.1,1.0,0.1,1.0,unit_total_var,,0.5,5000000,5000,50000,True,1e-05,,0.0,0.0,1.0,2000,train_pred_mse,20000,5.920372744052619e-05,5.967736690483891e-05,5.1967583833864553e-05,0.005909668018498546,1229.8500533702604,68.78152208024632,1.0,0.0,1.0,500,0,0,4500,223.31179523468015
ok,ptft,2,5000,0.402,2010,0.402,10000,0.001,0.0,0.0,0.1,1.0,0.1,1.0,unit_total_var,,0.5,5000000,5000,50000,True,1e-05,,0.0,0.0,1.0,2000,train_pred_mse,20000,5.119933442962311e-05,5.175146754188805e-05,3.892727837313737e-05,0.0046834684335890974,1257.7182319832846,68.92910443095276,1.0,0.0,1.0,500,0,0,4500,313.90121769905085
ok,ptft,3,5000,0.402,2010,0.402,10000,0.001,0.0,0.0,0.1,1.0,0.1,1.0,unit_total_var,,0.5,5000000,5000,50000,True,1e-05,,0.0,0.0,1.0,2000,train_pred_mse,20000,7.269094845027482e-05,7.238199959767447e-05,5.5867437586270704e-05,0.006112965110415816,1222.6661356969867,70.16455742610357,0.9992,0.0,1.0,500,0,0,4500,307.71981573104864
ok,ptft,4,5000,0.402,2010,0.402,10000,0.001,0.0,0.0,0.1,1.0,0.1,1.0,unit_total_var,,0.5,5000000,5000,50000,True,1e-05,,0.0,0.0,1.0,2000,train_pred_mse,20000,7.470053476020061e-05,7.394193319474651e-05,5.932426393020696e-05,0.0066577396721110614,1225.3272496375484,68.68484337840243,0.9996,0.0,1.0,500,0,0,4500,279.6787209510803
ok,ptft,5,5000,0.402,2010,0.402,10000,0.001,0.0,0.0,0.1,1.0,0.1,1.0,unit_total_var,,0.5,5000000,5000,50000,True,1e-05,,0.0,0.0,1.0,2000,train_pred_mse,20000,7.462477617104998e-05,7.429493264808368e-05,5.6527120417450075e-05,0.006264051076126755,1246.2513636651684,70.87060640844508,0.9996,0.0,1.0,500,0,0,4500,188.0565555095673
ok,ptft,0,5000,0.43875,2194,0.4388,10000,0.001,0.0,0.0,0.1,1.0,0.1,1.0,unit_total_var,,0.5,5000000,5000,50000,True,1e-05,,0.0,0.0,1.0,2000,train_pred_mse,20000,4.5093551453364204e-05,4.492856365323107e-05,4.122800516644702e-05,0.004639093162211025,1277.2980599965495,71.32842572350138,0.9996,0.0,1.0,500,0,0,4500,306.36335182189936
ok,ptft,1,5000,0.451,2255,0.451,10000,0.001,0.0,0.0,0.1,1.0,0.1,1.0,unit_total_var,,0.5,5000000,5000,50000,True,1e-05,,0.0,0.0,1.0,2000,train_pred_mse,20000,3.563969076616992e-05,3.6643438614664725e-05,3.788502105253368e-05,0.004520510530222466,1230.67925268032,68.84316664457414,1.0,0.0,1.0,500,0,0,4500,371.5782537460327
ok,ptft,2,5000,0.451,2255,0.451,10000,0.001,0.0,0.0,0.1,1.0,0.1,1.0,unit_total_var,,0.5,5000000,5000,50000,True,1e-05,,0.0,0.0,1.0,2000,train_pred_mse,20000,3.1712218565891416e-05,3.204973433259304e-05,3.72972212356432e-05,0.004235559249871841,1258.0078085919065,69.00877875915954,1.0,0.0,1.0,500,0,0,4500,344.76965808868414
ok,ptft,3,5000,0.451,2255,0.451,10000,0.001,0.0,0.0,0.1,1.0,0.1,1.0,unit_total_var,,0.5,5000000,5000,50000,True,1e-05,,0.0,0.0,1.0,2000,train_pred_mse,20000,3.599591304257137e-05,3.6911766809164e-05,4.043161719529088e-05,0.0045351892928958215,1224.1273114614446,70.27259187876136,0.9994,0.0,1.0,500,0,0,4500,226.61144876480103
ok,ptft,4,5000,0.451,2255,0.451,10000,0.001,0.0,0.0,0.1,1.0,0.1,1.0,unit_total_var,,0.5,5000000,5000,50000,True,1e-05,,0.0,0.0,1.0,2000,train_pred_mse,20000,3.897789158446445e-05,3.896040512286839e-05,4.441563266613654e-05,0.004999897026340835,1226.2357047556934,68.7868544996972,0.9994,0.0,1.0,500,0,0,4500,310.04465484619135
ok,ptft,5,5000,0.451,2255,0.451,10000,0.001,0.0,0.0,0.1,1.0,0.1,1.0,unit_total_var,,0.5,5000000,5000,50000,True,1e-05,,0.0,0.0,1.0,2000,train_pred_mse,20000,3.302457491315915e-05,3.374010378322637e-05,3.155114493725552e-05,0.003661351860852088,1247.5755027570501,70.96569256199777,0.9998,0.0,1.0,500,0,0,4500,418.1000304222107
ok,ptft,0,5000,0.5,2500,0.5,10000,0.001,0.0,0.0,0.1,1.0,0.1,1.0,unit_total_var,,0.5,5000000,5000,50000,True,1e-05,,0.0,0.0,1.0,2000,train_pred_mse,20000,2.1868799371539026e-05,2.1721457576601867e-05,3.10246403702181e-05,0.003591353669302924,1277.9980047413526,71.4264435317736,0.9994,0.0,1.0,500,0,0,4500,343.0149223804474
ok,ptft,1,5000,0.5,2500,0.5,10000,0.001,0.0,0.0,0.1,1.0,0.1,1.0,unit_total_var,,0.5,5000000,5000,50000,True,1e-05,,0.0,0.0,1.0,2000,train_pred_mse,20000,2.7984740130152307e-05,2.8071411809774933e-05,3.65260600991854e-05,0.004264373293053968,1230.979995723062,68.87766644478711,0.9994,0.0,1.0,500,0,0,4500,308.9246482849121
ok,ptft,2,5000,0.5,2500,0.5,10000,0.001,0.0,0.0,0.1,1.0,0.1,1.0,unit_total_var,,0.5,5000000,5000,50000,True,1e-05,,0.0,0.0,1.0,2000,train_pred_mse,20000,2.8889634273082353e-05,2.9092772216780377e-05,3.272326221504995e-05,0.00397988534907369,1258.0830789360843,69.01755375949332,0.9994,0.0,1.0,500,0,0,4500,302.52681446075434
ok,ptft,3,5000,0.5,2500,0.5,10000,0.001,0.0,0.0,0.1,1.0,0.1,1.0,unit_total_var,,0.5,5000000,5000,50000,True,1e-05,,0.0,0.0,1.0,2000,train_pred_mse,15000,4.4238316207060684e-05,4.3793857395249185e-05,7.796456631631955e-05,0.010962146879308349,1223.276218124754,70.27247340946859,1.0,0.0,1.0,500,0,0,4500,342.81724047660833
ok,ptft,4,5000,0.5,2500,0.5,10000,0.001,0.0,0.0,0.1,1.0,0.1,1.0,unit_total_var,,0.5,5000000,5000,50000,True,1e-05,,0.0,0.0,1.0,2000,train_pred_mse,20000,2.202149638905213e-05,2.1337604496419933e-05,2.5619801094290397e-05,0.0030579248412393387,1227.2479912675553,68.83900942284656,0.9998,0.0,1.0,500,0,0,4500,456.34891867637634
ok,ptft,5,5000,0.5,2500,0.5,10000,0.001,0.0,0.0,0.1,1.0,0.1,1.0,unit_total_var,,0.5,5000000,5000,50000,True,1e-05,,0.0,0.0,1.0,2000,train_pred_mse,20000,2.3565132473390424e-05,2.411129701306548e-05,3.2371041265716754e-05,0.003917122106809446,1247.6549831159427,71.02863367903565,0.9996,0.0,1.0,500,0,0,4500,363.6535363197327
ok,ptft,0,5000,0.01,50,0.01,10000,0.001,0.0,1.0,0.1,1.0,0.1,1.0,unit_total_var,,0.5,5000000,5000,50000,True,1e-05,,0.0,0.0,1.0,2000,train_pred_mse,5000,0.9812509513907244,0.9911452080497508,2.185612166782688e-17,38.99734993948057,387.8657440967344,7.72581760778311,1.0,0.0,1.0,500,0,0,4500,4.789634466171265
ok,ptft,1,5000,0.01,50,0.01,10000,0.001,0.0,1.0,0.1,1.0,0.1,1.0,unit_total_var,,0.5,5000000,5000,50000,True,1e-05,,0.0,0.0,1.0,2000,train_pred_mse,5000,0.9314829927341741,0.9180870963305536,2.9978794201436953e-17,39.5817337065585,400.8250490551042,8.12914289063627,1.0,0.0,1.0,500,0,0,4500,5.002609014511108
ok,ptft,2,5000,0.01,50,0.01,10000,0.001,0.0,1.0,0.1,1.0,0.1,1.0,unit_total_var,,0.5,5000000,5000,50000,True,1e-05,,0.0,0.0,1.0,2000,train_pred_mse,5000,0.939168282752977,0.9286495151394422,1.9908333194895253e-17,39.08207462259496,361.1089872233175,7.27458654687096,1.0,0.0,1.0,500,0,0,4500,4.488870620727539
ok,ptft,3,5000,0.01,50,0.01,10000,0.001,0.0,1.0,0.1,1.0,0.1,1.0,unit_total_var,,0.5,5000000,5000,50000,True,1e-05,,0.0,0.0,1.0,2000,train_pred_mse,5000,0.9583148532917068,0.9644665965634216,2.759497753110689e-17,39.394301466625784,363.8724508701949,7.280099603855202,1.0,0.0,1.0,500,0,0,4500,5.5576252937316895
ok,ptft,4,5000,0.01,50,0.01,10000,0.001,0.0,1.0,0.1,1.0,0.1,1.0,unit_total_var,,0.5,5000000,5000,50000,True,1e-05,,0.0,0.0,1.0,2000,train_pred_mse,5000,0.9139524642753556,0.9214744088026896,2.6781500395253224e-17,39.81764716982868,369.4183122375563,7.495560326606863,1.0,0.0,1.0,500,0,0,4500,4.563724279403687
ok,ptft,5,5000,0.01,50,0.01,10000,0.001,0.0,1.0,0.1,1.0,0.1,1.0,unit_total_var,,0.5,5000000,5000,50000,True,1e-05,,0.0,0.0,1.0,2000,train_pred_mse,5000,0.9623533304335492,0.9778910707366776,2.8350950560357325e-17,39.7032833404369,398.37982122106064,7.994969624611353,1.0,0.0,1.0,500,0,0,4500,4.47479510307312
ok,ptft,0,5000,0.0575,288,0.0576,10000,0.001,0.0,1.0,0.1,1.0,0.1,1.0,unit_total_var,,0.5,5000000,5000,50000,True,1e-05,,0.0,0.0,1.0,2000,train_pred_mse,5000,0.8439030679581448,0.8490357594359226,4.896927343664713e-08,214.4960867065455,856.7909817675653,18.093117888079835,1.0,0.0,1.0,500,0,0,4500,8.21996545791626
ok,ptft,1,5000,0.059,295,0.059000000000000004,10000,0.001,0.0,1.0,0.1,1.0,0.1,1.0,unit_total_var,,0.5,5000000,5000,50000,True,1e-05,,0.0,0.0,1.0,2000,train_pred_mse,5000,0.7722764235597875,0.7588743531434521,3.974660287138642e-08,224.6602171508644,903.6293954235484,19.29175073271269,1.0,0.0,1.0,500,0,0,4500,10.429898738861084
ok,ptft,2,5000,0.059,295,0.059000000000000004,10000,0.001,0.0,1.0,0.1,1.0,0.1,1.0,unit_total_var,,0.5,5000000,5000,50000,True,1e-05,,0.0,0.0,1.0,2000,train_pred_mse,5000,0.7718992505655609,0.7610179431590735,3.8811013983336136e-08,213.884752904491,901.064533836712,19.817625710061566,1.0,0.0,1.0,500,0,0,4500,8.447100877761839
ok,ptft,3,5000,0.059,295,0.059000000000000004,10000,0.001,0.0,1.0,0.1,1.0,0.1,1.0,unit_total_var,,0.5,5000000,5000,50000,True,1e-05,,0.0,0.0,1.0,2000,train_pred_mse,5000,0.8123865020462661,0.8215070771976476,4.14053810395572e-08,227.45789260420705,839.0789131339192,17.703163090341196,1.0,0.0,1.0,500,0,0,4500,10.35006856918335
ok,ptft,4,5000,0.059,295,0.059000000000000004,10000,0.001,0.0,1.0,0.1,1.0,0.1,1.0,unit_total_var,,0.5,5000000,5000,50000,True,1e-05,,0.0,0.0,1.0,2000,train_pred_mse,5000,0.7531415371246578,0.7609004736088775,4.239469563160742e-08,217.76992456085858,891.1658063470547,19.029291591323915,1.0,0.0,1.0,500,0,0,4500,8.18664288520813
ok,ptft,5,5000,0.059,295,0.059000000000000004,10000,0.001,0.0,1.0,0.1,1.0,0.1,1.0,unit_total_var,,0.5,5000000,5000,50000,True,1e-05,,0.0,0.0,1.0,2000,train_pred_mse,5000,0.8039412280474882,0.8168376733266847,4.628742577915019e-08,214.42398196420058,898.6972869687031,19.395374134175146,1.0,0.0,1.0,500,0,0,4500,7.566001653671265
ok,ptft,0,5000,0.105,525,0.105,10000,0.001,0.0,1.0,0.1,1.0,0.1,1.0,unit_total_var,,0.5,5000000,5000,50000,True,1e-05,,0.0,0.0,1.0,2000,train_pred_mse,5000,0.6656945514799728,0.6752769675303901,2.7260027577140343e-05,357.50223016354056,1185.3563767077335,27.040455663823188,1.0,0.0,1.0,500,0,0,4500,47.40173029899597
ok,ptft,1,5000,0.10800000000000001,540,0.10800000000000001,10000,0.001,0.0,1.0,0.1,1.0,0.1,1.0,unit_total_var,,0.5,5000000,5000,50000,True,1e-05,,0.0,0.0,1.0,2000,train_pred_mse,5000,0.6295833646297218,0.6206219835492197,2.1236365676946095e-05,379.15927344450307,1162.1481964442933,26.386846004797626,1.0,0.0,1.0,500,0,0,4500,11.515587091445925
ok,ptft,2,5000,0.10800000000000001,540,0.10800000000000001,10000,0.001,0.0,1.0,0.1,1.0,0.1,1.0,unit_total_var,,0.5,5000000,5000,50000,True,1e-05,,0.0,0.0,1.0,2000,train_pred_mse,5000,0.6517055860262386,0.6456886352061599,2.310055367213575e-05,369.5918204040882,1115.7006854128767,25.44222495616694,1.0,0.0,1.0,500,0,0,4500,11.386518478393555
ok,ptft,3,5000,0.10800000000000001,540,0.10800000000000001,10000,0.001,0.0,1.0,0.1,1.0,0.1,1.0,unit_total_var,,0.5,5000000,5000,50000,True,1e-05,,0.0,0.0,1.0,2000,train_pred_mse,5000,0.6365618340367322,0.6405796499353519,3.0509186280768733e-05,378.1653341310565,1157.7807992644587,26.96478420818316,1.0,0.0,1.0,500,0,0,4500,10.975262880325317
ok,ptft,4,5000,0.10800000000000001,540,0.10800000000000001,10000,0.001,0.0,1.0,0.1,1.0,0.1,1.0,unit_total_var,,0.5,5000000,5000,50000,True,1e-05,,0.0,0.0,1.0,2000,train_pred_mse,5000,0.6046137132446777,0.6100647602026287,2.845201007308945e-05,367.191414767018,1167.852502686108,26.830307808375014,1.0,0.0,1.0,500,0,0,4500,22.19401526451111
ok,ptft,5,5000,0.10800000000000001,540,0.10800000000000001,10000,0.001,0.0,1.0,0.1,1.0,0.1,1.0,unit_total_var,,0.5,5000000,5000,50000,True,1e-05,,0.0,0.0,1.0,2000,train_pred_mse,5000,0.6734795690771848,0.6879553480603683,2.358622878408262e-05,377.3335921035493,1138.672083968728,25.488071077101864,1.0,0.0,1.0,500,0,0,4500,18.95623803138733
ok,ptft,0,5000,0.15250000000000002,763,0.1526,10000,0.001,0.0,1.0,0.1,1.0,0.1,1.0,unit_total_var,,0.5,5000000,5000,50000,True,1e-05,,0.0,0.0,1.0,2000,train_pred_mse,10000,0.541361300433628,0.5446238591352186,4.6259846844069385e-06,0.00422026232232394,1364.5169665752128,33.117229441015944,1.0,0.0,1.0,500,0,0,4500,114.79840588569641
ok,ptft,1,5000,0.15700000000000006,785,0.157,10000,0.001,0.0,1.0,0.1,1.0,0.1,1.0,unit_total_var,,0.5,5000000,5000,50000,True,1e-05,,0.0,0.0,1.0,2000,train_pred_mse,10000,0.5342792805234243,0.5293986247410623,5.777718633201646e-06,0.00503739968979052,1296.4291270062947,30.891712950408944,1.0,0.0,1.0,500,0,0,4500,62.58230662345886
ok,ptft,2,5000,0.15700000000000006,785,0.157,10000,0.001,0.0,1.0,0.1,1.0,0.1,1.0,unit_total_var,,0.5,5000000,5000,50000,True,1e-05,,0.0,0.0,1.0,2000,train_pred_mse,10000,0.5274900794233699,0.5216904489008948,6.72695773793213e-06,0.005415633636017518,1319.1290338697074,31.693549507516664,1.0,0.0,1.0,500,0,0,4500,62.540432453155525
ok,ptft,3,5000,0.15700000000000006,785,0.157,10000,0.001,0.0,1.0,0.1,1.0,0.1,1.0,unit_total_var,,0.5,5000000,5000,50000,True,1e-05,,0.0,0.0,1.0,2000,train_pred_mse,10000,0.4950144235754585,0.4968638038313611,7.710939453079275e-06,0.0058526303686718155,1357.5476591859567,33.85369183162367,1.0,0.0,1.0,500,0,0,4500,52.12587428092957
ok,ptft,4,5000,0.15700000000000006,785,0.157,10000,0.001,0.0,1.0,0.1,1.0,0.1,1.0,unit_total_var,,0.5,5000000,5000,50000,True,1e-05,,0.0,0.0,1.0,2000,train_pred_mse,10000,0.5109166177026339,0.5157916440588104,7.541682936038533e-06,0.0060138820638745176,1310.2380960496298,31.339701469318733,1.0,0.0,1.0,500,0,0,4500,73.55854821205139
ok,ptft,5,5000,0.15700000000000006,785,0.157,10000,0.001,0.0,1.0,0.1,1.0,0.1,1.0,unit_total_var,,0.5,5000000,5000,50000,True,1e-05,,0.0,0.0,1.0,2000,train_pred_mse,10000,0.5555310507455301,0.5652688864063211,5.597072299796023e-06,0.0048158540416761925,1310.2096402004186,31.45145517318675,1.0,0.0,1.0,500,0,0,4500,44.3333842754364
ok,ptft,0,5000,0.2,1000,0.2,10000,0.001,0.0,1.0,0.1,1.0,0.1,1.0,unit_total_var,,0.5,5000000,5000,50000,True,1e-05,,0.0,0.0,1.0,2000,train_pred_mse,10000,0.4260729119062631,0.43898936026036345,3.606001616589068e-05,0.013654649561326808,1490.3969454673452,38.2142321125285,1.0,0.0,1.0,500,0,0,4500,79.35181641578673
ok,ptft,1,5000,0.206,1030,0.20600000000000002,10000,0.001,0.0,1.0,0.1,1.0,0.1,1.0,unit_total_var,,0.5,5000000,5000,50000,True,1e-05,,0.0,0.0,1.0,2000,train_pred_mse,10000,0.4002198374871027,0.3977967006032391,5.0889553008285086e-05,0.016996113273113844,1442.448271702377,37.16248108174768,1.0,0.0,1.0,500,0,0,4500,49.7133629322052
ok,ptft,2,5000,0.206,1030,0.20600000000000002,10000,0.001,0.0,1.0,0.1,1.0,0.1,1.0,unit_total_var,,0.5,5000000,5000,50000,True,1e-05,,0.0,0.0,1.0,2000,train_pred_mse,10000,0.3985894638040714,0.39689616272167305,5.507423676452533e-05,0.018906324858477246,1478.5844731031275,37.49447831942144,1.0,0.0,1.0,500,0,0,4500,75.84024000167847
ok,ptft,3,5000,0.206,1030,0.20600000000000002,10000,0.001,0.0,1.0,0.1,1.0,0.1,1.0,unit_total_var,,0.5,5000000,5000,50000,True,1e-05,,0.0,0.0,1.0,2000,train_pred_mse,10000,0.3989849236644412,0.4071886047769537,4.751495080436302e-05,0.015506470669759171,1446.718170468832,38.370284426946995,1.0,0.0,1.0,500,0,0,4500,33.83475542068481
ok,ptft,4,5000,0.206,1030,0.20600000000000002,10000,0.001,0.0,1.0,0.1,1.0,0.1,1.0,unit_total_var,,0.5,5000000,5000,50000,True,1e-05,,0.0,0.0,1.0,2000,train_pred_mse,10000,0.39869444458116704,0.4063697307302622,4.769810637951354e-05,0.015812017200095774,1426.0759623939568,36.885719774064505,1.0,0.0,1.0,500,0,0,4500,97.07375907897949
ok,ptft,5,5000,0.206,1030,0.20600000000000002,10000,0.001,0.0,1.0,0.1,1.0,0.1,1.0,unit_total_var,,0.5,5000000,5000,50000,True,1e-05,,0.0,0.0,1.0,2000,train_pred_mse,10000,0.4236460072965372,0.4237798162324238,5.083096880324751e-05,0.017011385608790855,1478.0207991104348,38.482868598436156,1.0,0.0,1.0,500,0,0,4500,82.1347131729126
ok,ptft,0,5000,0.255,1275,0.255,10000,0.001,0.0,1.0,0.1,1.0,0.1,1.0,unit_total_var,,0.5,5000000,5000,50000,True,1e-05,,0.0,0.0,1.0,2000,train_pred_mse,15000,0.321450216847498,0.3226204816839237,2.671367328445163e-05,0.004440783723424468,1608.4696766247437,43.9729835990195,1.0,0.0,1.0,500,0,0,4500,104.27915668487549
ok,ptft,1,5000,0.255,1275,0.255,10000,0.001,0.0,1.0,0.1,1.0,0.1,1.0,unit_total_var,,0.5,5000000,5000,50000,True,1e-05,,0.0,0.0,1.0,2000,train_pred_mse,15000,0.3218399412179844,0.31750888063175714,3.1683346755524625e-05,0.005406141090276565,1549.8630510453165,41.28412261832075,1.0,0.0,1.0,500,0,0,4500,85.41586112976073
ok,ptft,2,5000,0.255,1275,0.255,10000,0.001,0.0,1.0,0.1,1.0,0.1,1.0,unit_total_var,,0.5,5000000,5000,50000,True,1e-05,,0.0,0.0,1.0,2000,train_pred_mse,15000,0.3370201550898206,0.33124146534872323,2.8224966568894336e-05,0.005082074746157916,1544.1302880085047,41.022736905864456,1.0,0.0,1.0,500,0,0,4500,138.6602189540863
ok,ptft,3,5000,0.255,1275,0.255,10000,0.001,0.0,1.0,0.1,1.0,0.1,1.0,unit_total_var,,0.5,5000000,5000,50000,True,1e-05,,0.0,0.0,1.0,2000,train_pred_mse,15000,0.2959816341589676,0.3008849355029581,2.860705274001717e-05,0.004704285637741225,1567.6331495268278,43.897412955478934,1.0,0.0,1.0,500,0,0,4500,105.5609049797058
ok,ptft,4,5000,0.255,1275,0.255,10000,0.001,0.0,1.0,0.1,1.0,0.1,1.0,unit_total_var,,0.5,5000000,5000,50000,True,1e-05,,0.0,0.0,1.0,2000,train_pred_mse,15000,0.31072559870416183,0.3165912133294145,3.049277406011314e-05,0.0052100428235308275,1522.3087644766165,41.536566676100016,1.0,0.0,1.0,500,0,0,4500,103.32071733474731
ok,ptft,5,5000,0.255,1275,0.255,10000,0.001,0.0,1.0,0.1,1.0,0.1,1.0,unit_total_var,,0.5,5000000,5000,50000,True,1e-05,,0.0,0.0,1.0,2000,train_pred_mse,15000,0.32652266969564364,0.3319053598171989,3.4030503239820324e-05,0.00554056362552664,1562.2274107550045,42.94458494924847,1.0,0.0,1.0,500,0,0,4500,149.11241722106934
ok,ptft,1,5000,0.30400000000000005,1520,0.304,10000,0.001,0.0,1.0,0.1,1.0,0.1,1.0,unit_total_var,,0.5,5000000,5000,50000,True,1e-05,,0.0,0.0,1.0,2000,train_pred_mse,15000,0.2541600195618499,0.25138527904538394,7.634543315150417e-05,0.009900611717720465,1605.5206366344244,45.20055311902366,1.0,0.0,1.0,500,0,0,4500,131.90808773040771
ok,ptft,2,5000,0.30400000000000005,1520,0.304,10000,0.001,0.0,1.0,0.1,1.0,0.1,1.0,unit_total_var,,0.5,5000000,5000,50000,True,1e-05,,0.0,0.0,1.0,2000,train_pred_mse,15000,0.2471259358130597,0.24270772042297406,7.990658459710036e-05,0.01012042260457332,1612.8146109062818,46.28397279890706,1.0,0.0,1.0,500,0,0,4500,120.28979706764221
ok,ptft,3,5000,0.30400000000000005,1520,0.304,10000,0.001,0.0,1.0,0.1,1.0,0.1,1.0,unit_total_var,,0.5,5000000,5000,50000,True,1e-05,,0.0,0.0,1.0,2000,train_pred_mse,15000,0.2353385578759519,0.2364526988501968,7.826581735036927e-05,0.009679284657169373,1598.9418929011856,47.53344514328658,1.0,0.0,1.0,500,0,0,4500,87.94593453407288
ok,ptft,4,5000,0.30400000000000005,1520,0.304,10000,0.001,0.0,1.0,0.1,1.0,0.1,1.0,unit_total_var,,0.5,5000000,5000,50000,True,1e-05,,0.0,0.0,1.0,2000,train_pred_mse,15000,0.2576036917911064,0.2515592190819328,8.669252001813058e-05,0.011035209529963766,1588.996058520592,44.87291118708576,1.0,0.0,1.0,500,0,0,4500,109.87036466598512
ok,ptft,5,5000,0.30400000000000005,1520,0.304,10000,0.001,0.0,1.0,0.1,1.0,0.1,1.0,unit_total_var,,0.5,5000000,5000,50000,True,1e-05,,0.0,0.0,1.0,2000,train_pred_mse,15000,0.29624338509520304,0.2987138821005122,7.930345508859015e-05,0.010280053063429214,1588.132325925957,44.6334537247898,1.0,0.0,1.0,500,0,0,4500,202.00201725959775
ok,ptft,0,5000,0.31625000000000003,1581,0.3162,10000,0.001,0.0,1.0,0.1,1.0,0.1,1.0,unit_total_var,,0.5,5000000,5000,50000,True,1e-05,,0.0,0.0,1.0,2000,train_pred_mse,20000,0.2636489784450952,0.26577419807936964,3.809084586044616e-05,0.004113225166604963,1635.758293261602,47.217201574692545,1.0,0.0,1.0,500,0,0,4500,227.61384105682373
ok,ptft,1,5000,0.35300000000000004,1765,0.353,10000,0.001,0.0,1.0,0.1,1.0,0.1,1.0,unit_total_var,,0.5,5000000,5000,50000,True,1e-05,,0.0,0.0,1.0,2000,train_pred_mse,25000,0.1845946281806244,0.18013586764603282,3.839929080787934e-05,0.0033699777049193613,1625.5517385488126,49.90684898359688,1.0,0.0,1.0,500,0,0,4500,333.2252247333526
ok,ptft,2,5000,0.35300000000000004,1765,0.353,10000,0.001,0.0,1.0,0.1,1.0,0.1,1.0,unit_total_var,,0.5,5000000,5000,50000,True,1e-05,,0.0,0.0,1.0,2000,train_pred_mse,20000,0.19457354499455573,0.19499218353241093,5.998012629592286e-05,0.005771413373185208,1642.942071964823,48.990931339261934,1.0,0.0,1.0,500,0,0,4500,197.28955078125
ok,ptft,3,5000,0.35300000000000004,1765,0.353,10000,0.001,0.0,1.0,0.1,1.0,0.1,1.0,unit_total_var,,0.5,5000000,5000,50000,True,1e-05,,0.0,0.0,1.0,2000,train_pred_mse,20000,0.20056221487066808,0.20593794788277947,6.45536680747995e-05,0.006238347343624156,1627.2540360449348,49.43299384620672,0.9998,0.0,1.0,500,0,0,4500,159.86354160308838
ok,ptft,4,5000,0.35300000000000004,1765,0.353,10000,0.001,0.0,1.0,0.1,1.0,0.1,1.0,unit_total_var,,0.5,5000000,5000,50000,True,1e-05,,0.0,0.0,1.0,2000,train_pred_mse,20000,0.18321393765612626,0.18303898969741655,6.510178456225132e-05,0.006081488105890263,1625.4200729402944,49.5438693085954,1.0,0.0,1.0,500,0,0,4500,280.5109910964966
ok,ptft,5,5000,0.35300000000000004,1765,0.353,10000,0.001,0.0,1.0,0.1,1.0,0.1,1.0,unit_total_var,,0.5,5000000,5000,50000,True,1e-05,,0.0,0.0,1.0,2000,train_pred_mse,20000,0.1990754688847525,0.1999314449019068,7.110759894520579e-05,0.00636810501985207,1644.2852410192456,50.726049146642104,1.0,0.0,1.0,500,0,0,4500,158.85130667686462
ok,ptft,0,5000,0.3775,1888,0.3776,10000,0.001,0.0,1.0,0.1,1.0,0.1,1.0,unit_total_var,,0.5,5000000,5000,50000,True,1e-05,,0.0,0.0,1.0,2000,train_pred_mse,25000,0.1822293290231512,0.18468535739998626,4.652151054206493e-05,0.0037944650605825046,1696.865484624182,52.169395483947135,1.0,0.0,1.0,500,0,0,4500,329.82926106452936
ok,ptft,1,5000,0.402,2010,0.402,10000,0.001,0.0,1.0,0.1,1.0,0.1,1.0,unit_total_var,,0.5,5000000,5000,50000,True,1e-05,,0.0,0.0,1.0,2000,train_pred_mse,25000,0.15644203019589792,0.15693770203885984,5.571375521417312e-05,0.004444629195007212,1656.4007711069526,51.33659977177194,1.0,0.0,1.0,500,0,0,4500,431.0955412387848
ok,ptft,2,5000,0.402,2010,0.402,10000,0.001,0.0,1.0,0.1,1.0,0.1,1.0,unit_total_var,,0.5,5000000,5000,50000,True,1e-05,,0.0,0.0,1.0,2000,train_pred_mse,25000,0.15733367450262362,0.16019574835756922,5.7057327509391785e-05,0.004562880840051566,1674.3594730464365,51.36650972758566,1.0,0.0,1.0,500,0,0,4500,334.38998222351074
ok,ptft,3,5000,0.402,2010,0.402,10000,0.001,0.0,1.0,0.1,1.0,0.1,1.0,unit_total_var,,0.5,5000000,5000,50000,True,1e-05,,0.0,0.0,1.0,2000,train_pred_mse,25000,0.16323693229539946,0.16543384260973826,6.0008721318774525e-05,0.004706986835791578,1645.1620573592145,52.148725473584406,1.0,0.0,1.0,500,0,0,4500,330.29698371887207
ok,ptft,4,5000,0.402,2010,0.402,10000,0.001,0.0,1.0,0.1,1.0,0.1,1.0,unit_total_var,,0.5,5000000,5000,50000,True,1e-05,,0.0,0.0,1.0,2000,train_pred_mse,25000,0.16404111047123224,0.16304165785366695,5.614468519257041e-05,0.0044692452731225855,1636.301520859833,50.955276771616106,1.0,0.0,1.0,500,0,0,4500,225.1286673545837
ok,ptft,5,5000,0.402,2010,0.402,10000,0.001,0.0,1.0,0.1,1.0,0.1,1.0,unit_total_var,,0.5,5000000,5000,50000,True,1e-05,,0.0,0.0,1.0,2000,train_pred_mse,25000,0.1601456757469803,0.15984121458629744,6.0150266335955675e-05,0.004650086078393509,1656.554594319762,53.56717881823637,1.0,0.0,1.0,500,0,0,4500,389.65735244750977
ok,ptft,0,5000,0.43875,2194,0.4388,10000,0.001,0.0,1.0,0.1,1.0,0.1,1.0,unit_total_var,,0.5,5000000,5000,50000,True,1e-05,,0.0,0.0,1.0,2000,train_pred_mse,30000,0.14244786537676055,0.14122126007742644,5.777206693914109e-05,0.00391753137395564,1711.3334810490476,55.07986987122592,1.0,0.0,1.0,500,0,0,4500,273.22509717941284
ok,ptft,1,5000,0.451,2255,0.451,10000,0.001,0.0,1.0,0.1,1.0,0.1,1.0,unit_total_var,,0.5,5000000,5000,50000,True,1e-05,,0.0,0.0,1.0,2000,train_pred_mse,35000,0.12877180453226178,0.1287601791045104,3.833484495060132e-05,0.0025755338448492245,1656.3118194094848,53.52057202277747,1.0,0.0,1.0,500,0,0,4500,611.620756149292
ok,ptft,2,5000,0.451,2255,0.451,10000,0.001,0.0,1.0,0.1,1.0,0.1,1.0,unit_total_var,,0.5,5000000,5000,50000,True,1e-05,,0.0,0.0,1.0,2000,train_pred_mse,35000,0.11461026913236738,0.11386809227335085,4.022257740676719e-05,0.002666595551635569,1679.6640493817583,54.732050944119685,1.0,0.0,1.0,500,0,0,4500,532.4009597301483
ok,ptft,3,5000,0.451,2255,0.451,10000,0.001,0.0,1.0,0.1,1.0,0.1,1.0,unit_total_var,,0.5,5000000,5000,50000,True,1e-05,,0.0,0.0,1.0,2000,train_pred_mse,35000,0.11396934259590882,0.11664407762785882,4.0182034814866446e-05,0.0026552271458667037,1673.3089361276925,55.83475430561846,1.0,0.0,1.0,500,0,0,4500,456.8138906955719
ok,ptft,4,5000,0.451,2255,0.451,10000,0.001,0.0,1.0,0.1,1.0,0.1,1.0,unit_total_var,,0.5,5000000,5000,50000,True,1e-05,,0.0,0.0,1.0,2000,train_pred_mse,35000,0.11700789883742045,0.11999061293725966,3.917591386071602e-05,0.002646691054725205,1654.1070959340489,54.1030992362137,1.0,0.0,1.0,500,0,0,4500,521.4478597640991
ok,ptft,5,5000,0.451,2255,0.451,10000,0.001,0.0,1.0,0.1,1.0,0.1,1.0,unit_total_var,,0.5,5000000,5000,50000,True,1e-05,,0.0,0.0,1.0,2000,train_pred_mse,35000,0.12335338003701565,0.12633138197353005,4.233907567640463e-05,0.00277136288007898,1683.5575798668985,55.675505422520025,1.0,0.0,1.0,500,0,0,4500,720.3380904197693
ok,ptft,0,5000,0.5,2500,0.5,10000,0.001,0.0,1.0,0.1,1.0,0.1,1.0,unit_total_var,,0.5,5000000,5000,50000,True,1e-05,,0.0,0.0,1.0,2000,train_pred_mse,40000,0.08765352802071769,0.08852004490666106,4.40523761277563e-05,0.0025842782355246746,1715.7029957514706,59.49378808954584,1.0,0.0,1.0,500,0,0,4500,734.6675314903259
ok,ptft,1,5000,0.5,2500,0.5,10000,0.001,0.0,1.0,0.1,1.0,0.1,1.0,unit_total_var,,0.5,5000000,5000,50000,True,1e-05,,0.0,0.0,1.0,2000,train_pred_mse,40000,0.09876297575739504,0.0971108217539737,4.691191356771167e-05,0.002918819054082957,1671.4255571614544,56.01988283779602,1.0,0.0,1.0,500,0,0,4500,723.3303763866425
ok,ptft,2,5000,0.5,2500,0.5,10000,0.001,0.0,1.0,0.1,1.0,0.1,1.0,unit_total_var,,0.5,5000000,5000,50000,True,1e-05,,0.0,0.0,1.0,2000,train_pred_mse,40000,0.0940637177385372,0.09485804420127872,4.701935347693852e-05,0.00288495158452423,1675.9163676504559,56.74237516232174,1.0,0.0,1.0,500,0,0,4500,777.6536993980408
ok,ptft,3,5000,0.5,2500,0.5,10000,0.001,0.0,1.0,0.1,1.0,0.1,1.0,unit_total_var,,0.5,5000000,5000,50000,True,1e-05,,0.0,0.0,1.0,2000,train_pred_mse,40000,0.0990247700296081,0.09842804045578163,4.484064952822837e-05,0.002683931857540193,1669.3354603545388,57.39664303562417,1.0,0.0,1.0,500,0,0,4500,628.9924275875093
ok,ptft,4,5000,0.5,2500,0.5,10000,0.001,0.0,1.0,0.1,1.0,0.1,1.0,unit_total_var,,0.5,5000000,5000,50000,True,1e-05,,0.0,0.0,1.0,2000,train_pred_mse,40000,0.09500239883563807,0.09463389405293207,4.4201101819017606e-05,0.002725811777476039,1667.7861037558175,55.97879756367797,1.0,0.0,1.0,500,0,0,4500,492.232057094574
ok,ptft,5,5000,0.5,2500,0.5,10000,0.001,0.0,1.0,0.1,1.0,0.1,1.0,unit_total_var,,0.5,5000000,5000,50000,True,1e-05,,0.0,0.0,1.0,2000,train_pred_mse,40000,0.08647136774156458,0.08860596707450356,4.432220341007249e-05,0.0025611417141538514,1673.9725939465725,59.15457298361951,1.0,0.0,1.0,500,0,0,4500,611.0337891578673
