status,setting,seed,inp_dim,alpha_requested,n_train,alpha,n_test,c_pt,lambda_pt,gamma_reinit,rho_pt,a_pt,rho_ft,omega,ft_teacher_norm,save_folder,lr,epochs,test_every_n_epochs,log_every_n_epochs,no_tuning,threshold,stop_pred_mse,stop_beta_rate,stop_grad_norm,lr_decay,lr_decay_interval,stop_reason,final_epoch,final_test_pred_mse,final_param_mse,final_grad_norm,final_beta_update_rate,final_beta_l1,final_beta_l2,final_active_frac,beta0_l2,empirical_omega,n_ov,n_new,n_ptonly,n_none,wall_s
ok,ptft,10,5000,0.01,50,0.01,10000,0.001,0.0,0.0,0.1,1.0,0.1,0.0,unit_total_var,,0.5,5000000,5000,50000,True,0.0001,,0.0,0.0,1.0,2000,train_pred_mse,5000,1.1895813839091491,1.1597591071080495,1.4555904870112741e-08,261.4715719123925,402.29493596042954,23.46110203236299,0.9992,0.0,0.0,0,500,500,4000,6.222774028778076
ok,ptft,11,5000,0.01,50,0.01,10000,0.001,0.0,0.0,0.1,1.0,0.1,0.0,unit_total_var,,0.5,5000000,5000,50000,True,0.0001,,0.0,0.0,1.0,2000,train_pred_mse,5000,1.2519007081615579,1.2385202788890204,1.7113908430064668e-08,262.9776620381824,397.951674986064,24.00428766345312,0.9994,0.0,0.0,0,500,500,4000,5.2179832458496085
ok,ptft,12,5000,0.01,50,0.01,10000,0.001,0.0,0.0,0.1,1.0,0.1,0.0,unit_total_var,,0.5,5000000,5000,50000,True,0.0001,,0.0,0.0,1.0,2000,train_pred_mse,5000,1.0627013256643472,1.0626524408884084,4.452909430948592e-09,273.5710153337974,418.3221503245349,25.233631622511226,0.9998,0.0,0.0,0,500,500,4000,4.6585726737976065
ok,ptft,13,5000,0.01,50,0.01,10000,0.001,0.0,0.0,0.1,1.0,0.1,0.0,unit_total_var,,0.5,5000000,5000,50000,True,0.0001,,0.0,0.0,1.0,2000,train_pred_mse,5000,1.1546709467976637,1.1819224225373262,2.095458698076995e-09,262.5844916335768,431.0832302278785,25.68467044359358,0.9994,0.0,0.0,0,500,500,4000,4.529974699020387
ok,ptft,14,5000,0.01,50,0.01,10000,0.001,0.0,0.0,0.1,1.0,0.1,0.0,unit_total_var,,0.5,5000000,5000,50000,True,0.0001,,0.0,0.0,1.0,2000,train_pred_mse,5000,1.2038987522137838,1.1974701268810048,1.435019868771385e-08,262.10929664846805,365.31858763791917,21.035975624571613,0.9996,0.0,0.0,0,500,500,4000,6.055521726608276
ok,ptft,15,5000,0.01,50,0.01,10000,0.001,0.0,0.0,0.1,1.0,0.1,0.0,unit_total_var,,0.5,5000000,5000,50000,True,0.0001,,0.0,0.0,1.0,2000,train_pred_mse,5000,1.1219128911397354,1.1339225133383537,1.5232002163979634e-08,244.93560603848087,377.0539962197688,22.705810742050918,0.9994,0.0,0.0,0,500,500,4000,5.2762577533721915
ok,ptft,16,5000,0.01,50,0.01,10000,0.001,0.0,0.0,0.1,1.0,0.1,0.0,unit_total_var,,0.5,5000000,5000,50000,True,0.0001,,0.0,0.0,1.0,2000,train_pred_mse,5000,1.0544775278105143,1.0583720138613522,2.502250785807193e-08,288.6744786917966,385.2109965659935,23.399434423554226,0.9998,0.0,0.0,0,500,500,4000,5.539664268493652
ok,ptft,17,5000,0.01,50,0.01,10000,0.001,0.0,0.0,0.1,1.0,0.1,0.0,unit_total_var,,0.5,5000000,5000,50000,True,0.0001,,0.0,0.0,1.0,2000,train_pred_mse,5000,1.0958906227316698,1.0710277361162521,6.721549613618896e-08,256.5133976258732,382.89017322808337,23.69617953836868,0.9996,0.0,0.0,0,500,500,4000,5.2673513889312735
ok,ptft,18,5000,0.01,50,0.01,10000,0.001,0.0,0.0,0.1,1.0,0.1,0.0,unit_total_var,,0.5,5000000,5000,50000,True,0.0001,,0.0,0.0,1.0,2000,train_pred_mse,5000,1.0448963816484431,1.0347040087111812,5.891575507464884e-09,266.19689171817737,395.23412573931455,24.032532324447875,0.9994,0.0,0.0,0,500,500,4000,5.707211971282959
ok,ptft,19,5000,0.01,50,0.01,10000,0.001,0.0,0.0,0.1,1.0,0.1,0.0,unit_total_var,,0.5,5000000,5000,50000,True,0.0001,,0.0,0.0,1.0,2000,train_pred_mse,5000,1.0682507849460103,1.0901876366925274,7.631221920843756e-09,252.217736161074,378.7404183519042,22.481466450813862,0.9994,0.0,0.0,0,500,500,4000,5.741001844406128
ok,ptft,6,5000,0.01,50,0.01,10000,0.001,0.0,0.0,0.1,1.0,0.1,0.0,unit_total_var,,0.5,5000000,5000,50000,True,0.0001,,0.0,0.0,1.0,2000,train_pred_mse,5000,1.1178596232558349,1.1123546619519151,4.7869841482133466e-08,262.87538363243567,416.5362856829625,25.226474237355262,1.0,0.0,0.0,0,500,500,4000,6.521040678024293
ok,ptft,7,5000,0.01,50,0.01,10000,0.001,0.0,0.0,0.1,1.0,0.1,0.0,unit_total_var,,0.5,5000000,5000,50000,True,0.0001,,0.0,0.0,1.0,2000,train_pred_mse,5000,1.1078630951718442,1.1153739849617583,2.342632848576852e-08,265.7882226894141,380.4814581367627,22.74458727428664,0.9994,0.0,0.0,0,500,500,4000,4.713651180267334
ok,ptft,8,5000,0.01,50,0.01,10000,0.001,0.0,0.0,0.1,1.0,0.1,0.0,unit_total_var,,0.5,5000000,5000,50000,True,0.0001,,0.0,0.0,1.0,2000,train_pred_mse,5000,1.2117912482326945,1.1963223503561995,4.863662622677381e-09,246.6734406143608,437.95743770027855,26.66701551999993,0.9994,0.0,0.0,0,500,500,4000,5.044919729232788
ok,ptft,9,5000,0.01,50,0.01,10000,0.001,0.0,0.0,0.1,1.0,0.1,0.0,unit_total_var,,0.5,5000000,5000,50000,True,0.0001,,0.0,0.0,1.0,2000,train_pred_mse,5000,1.0991860127875646,1.0748898885486458,1.8331521663483602e-08,251.97187574898132,396.9288989597089,23.625519645357073,0.9994,0.0,0.0,0,500,500,4000,5.4091784954071045
ok,ptft,10,5000,0.059,295,0.059000000000000004,10000,0.001,0.0,0.0,0.1,1.0,0.1,0.0,unit_total_var,,0.5,5000000,5000,50000,True,0.0001,,0.0,0.0,1.0,2000,train_pred_mse,10000,1.7080730533491726,1.684013123839145,0.0002558559629589415,0.05557133638136861,1103.0503004996535,58.24987267194969,1.0,0.0,0.0,0,500,500,4000,18.450596332550052
ok,ptft,11,5000,0.059,295,0.059000000000000004,10000,0.001,0.0,0.0,0.1,1.0,0.1,0.0,unit_total_var,,0.5,5000000,5000,50000,True,0.0001,,0.0,0.0,1.0,2000,train_pred_mse,10000,1.7420287548173017,1.7488403983168692,0.00031499912476555753,0.06659524440862216,1058.5606593981768,57.35166487733897,0.9998,0.0,0.0,0,500,500,4000,16.175895929336548
ok,ptft,12,5000,0.059,295,0.059000000000000004,10000,0.001,0.0,0.0,0.1,1.0,0.1,0.0,unit_total_var,,0.5,5000000,5000,50000,True,0.0001,,0.0,0.0,1.0,2000,train_pred_mse,15000,1.5351725385172104,1.5191485660557806,0.00010879577254280294,0.014380875624110912,1038.0510135267189,55.43183521732632,0.9998,0.0,0.0,0,500,500,4000,20.240449428558353
ok,ptft,13,5000,0.059,295,0.059000000000000004,10000,0.001,0.0,0.0,0.1,1.0,0.1,0.0,unit_total_var,,0.5,5000000,5000,50000,True,0.0001,,0.0,0.0,1.0,2000,train_pred_mse,15000,1.6800985293729238,1.673440086270999,8.721457057393629e-05,0.011794990629966523,1079.0499334484932,57.06918506923986,0.9998,0.0,0.0,0,500,500,4000,22.36275601387024
ok,ptft,14,5000,0.059,295,0.059000000000000004,10000,0.001,0.0,0.0,0.1,1.0,0.1,0.0,unit_total_var,,0.5,5000000,5000,50000,True,0.0001,,0.0,0.0,1.0,2000,train_pred_mse,15000,1.8178240120139928,1.8081478078437792,7.841882623797205e-05,0.011081998744337213,1163.2404689334946,61.29965041852147,1.0,0.0,0.0,0,500,500,4000,34.266804695129395
ok,ptft,15,5000,0.059,295,0.059000000000000004,10000,0.001,0.0,0.0,0.1,1.0,0.1,0.0,unit_total_var,,0.5,5000000,5000,50000,True,0.0001,,0.0,0.0,1.0,2000,train_pred_mse,10000,1.6181898525419616,1.611694358522875,0.00036756933092109526,0.07759768228602558,1081.8450657538046,56.53707712484418,1.0,0.0,0.0,0,500,500,4000,28.740720987319946
ok,ptft,16,5000,0.059,295,0.059000000000000004,10000,0.001,0.0,0.0,0.1,1.0,0.1,0.0,unit_total_var,,0.5,5000000,5000,50000,True,0.0001,,0.0,0.0,1.0,2000,train_pred_mse,15000,1.5586178951887213,1.5495068482548762,0.00013403546750580513,0.01798707889568545,1018.150926279353,56.316376973484594,0.9996,0.0,0.0,0,500,500,4000,20.238152980804447
ok,ptft,17,5000,0.059,295,0.059000000000000004,10000,0.001,0.0,0.0,0.1,1.0,0.1,0.0,unit_total_var,,0.5,5000000,5000,50000,True,0.0001,,0.0,0.0,1.0,2000,train_pred_mse,15000,1.4506045148284346,1.4480247959506964,0.00010062111575092704,0.014828835678778202,967.0987846295894,50.81320125601138,0.9998,0.0,0.0,0,500,500,4000,30.59212017059326
ok,ptft,18,5000,0.059,295,0.059000000000000004,10000,0.001,0.0,0.0,0.1,1.0,0.1,0.0,unit_total_var,,0.5,5000000,5000,50000,True,0.0001,,0.0,0.0,1.0,2000,train_pred_mse,15000,1.4945107351809643,1.4832963109414827,9.87881827361957e-05,0.014446030192962431,1035.4705181253387,54.83787101955677,0.9998,0.0,0.0,0,500,500,4000,27.743216037750244
ok,ptft,19,5000,0.059,295,0.059000000000000004,10000,0.001,0.0,0.0,0.1,1.0,0.1,0.0,unit_total_var,,0.5,5000000,5000,50000,True,0.0001,,0.0,0.0,1.0,2000,train_pred_mse,15000,1.4840958102641215,1.4827954431317278,0.0001275283001513082,0.018486670630440214,938.8408379858046,51.56425437176505,0.9996,0.0,0.0,0,500,500,4000,22.032108306884766
ok,ptft,6,5000,0.059,295,0.059000000000000004,10000,0.001,0.0,0.0,0.1,1.0,0.1,0.0,unit_total_var,,0.5,5000000,5000,50000,True,0.0001,,0.0,0.0,1.0,2000,train_pred_mse,15000,1.5100440740936194,1.5133999318483349,9.858332297242459e-05,0.014599081555788002,981.3118882489376,52.89098494107806,1.0,0.0,0.0,0,500,500,4000,23.030565023422238
ok,ptft,7,5000,0.059,295,0.059000000000000004,10000,0.001,0.0,0.0,0.1,1.0,0.1,0.0,unit_total_var,,0.5,5000000,5000,50000,True,0.0001,,0.0,0.0,1.0,2000,train_pred_mse,15000,1.5688977543176208,1.566164469090406,0.00010865721803103996,0.015550483361115294,1034.0741207841527,54.26785314079621,0.9996,0.0,0.0,0,500,500,4000,18.26869297027588
ok,ptft,8,5000,0.059,295,0.059000000000000004,10000,0.001,0.0,0.0,0.1,1.0,0.1,0.0,unit_total_var,,0.5,5000000,5000,50000,True,0.0001,,0.0,0.0,1.0,2000,train_pred_mse,10000,1.624974493221507,1.6558022384733908,0.00035032712148066575,0.0724199133762466,1046.2452047172826,56.44364861080181,1.0,0.0,0.0,0,500,500,4000,13.643232822418213
ok,ptft,9,5000,0.059,295,0.059000000000000004,10000,0.001,0.0,0.0,0.1,1.0,0.1,0.0,unit_total_var,,0.5,5000000,5000,50000,True,0.0001,,0.0,0.0,1.0,2000,train_pred_mse,15000,1.549116332872177,1.5147285077892332,9.936453689674674e-05,0.014522308735532528,996.5607986738572,53.86355543401996,0.9998,0.0,0.0,0,500,500,4000,28.76354718208313
ok,ptft,10,5000,0.10800000000000001,540,0.10800000000000001,10000,0.001,0.0,0.0,0.1,1.0,0.1,0.0,unit_total_var,,0.5,5000000,5000,50000,True,0.0001,,0.0,0.0,1.0,2000,train_pred_mse,20000,1.4755854052891428,1.4753106176767483,0.00022614274883073237,0.01961158531207405,1314.1897157529224,55.648632913962494,1.0,0.0,0.0,0,500,500,4000,70.15675568580627
ok,ptft,11,5000,0.10800000000000001,540,0.10800000000000001,10000,0.001,0.0,0.0,0.1,1.0,0.1,0.0,unit_total_var,,0.5,5000000,5000,50000,True,0.0001,,0.0,0.0,1.0,2000,train_pred_mse,20000,1.5207113964399066,1.5066863229067189,0.00019908718617771832,0.016924337542144702,1267.0829899014889,54.29733994645225,0.9998,0.0,0.0,0,500,500,4000,46.52030682563782
ok,ptft,12,5000,0.10800000000000001,540,0.10800000000000001,10000,0.001,0.0,0.0,0.1,1.0,0.1,0.0,unit_total_var,,0.5,5000000,5000,50000,True,0.0001,,0.0,0.0,1.0,2000,train_pred_mse,20000,1.353442724867021,1.3589943735060273,0.0002242796622674419,0.01846225426269394,1250.4187520584273,54.35258348473198,1.0,0.0,0.0,0,500,500,4000,41.514265775680535
ok,ptft,13,5000,0.10800000000000001,540,0.10800000000000001,10000,0.001,0.0,0.0,0.1,1.0,0.1,0.0,unit_total_var,,0.5,5000000,5000,50000,True,0.0001,,0.0,0.0,1.0,2000,train_pred_mse,20000,1.379223360284799,1.38931334308777,0.00019757579866734018,0.018706541418220615,1256.8488134061658,52.400855369926674,1.0,0.0,0.0,0,500,500,4000,54.96575617790222
ok,ptft,14,5000,0.10800000000000001,540,0.10800000000000001,10000,0.001,0.0,0.0,0.1,1.0,0.1,0.0,unit_total_var,,0.5,5000000,5000,50000,True,0.0001,,0.0,0.0,1.0,2000,train_pred_mse,20000,1.529567129641528,1.5252676126360587,0.00021389835911591232,0.017482795913728418,1343.5030103348727,57.057303535060655,1.0,0.0,0.0,0,500,500,4000,87.15016531944275
ok,ptft,15,5000,0.10800000000000001,540,0.10800000000000001,10000,0.001,0.0,0.0,0.1,1.0,0.1,0.0,unit_total_var,,0.5,5000000,5000,50000,True,0.0001,,0.0,0.0,1.0,2000,train_pred_mse,20000,1.401140444073613,1.4134541981271054,0.00018967431710301437,0.01620824149831871,1326.4339284943374,55.62912214788204,1.0,0.0,0.0,0,500,500,4000,47.5787980556488
ok,ptft,16,5000,0.10800000000000001,540,0.10800000000000001,10000,0.001,0.0,0.0,0.1,1.0,0.1,0.0,unit_total_var,,0.5,5000000,5000,50000,True,0.0001,,0.0,0.0,1.0,2000,train_pred_mse,20000,1.2623905683733043,1.2529549060185214,0.00020721585573794656,0.01916619214253755,1187.1570777944048,48.35326821568832,0.9998,0.0,0.0,0,500,500,4000,44.43658971786499
ok,ptft,17,5000,0.10800000000000001,540,0.10800000000000001,10000,0.001,0.0,0.0,0.1,1.0,0.1,0.0,unit_total_var,,0.5,5000000,5000,50000,True,0.0001,,0.0,0.0,1.0,2000,train_pred_mse,20000,1.2197046364982198,1.1989894792562128,0.00019576054438988997,0.016810301381607978,1225.9206919122962,51.987190697859965,1.0,0.0,0.0,0,500,500,4000,87.18913531303406
ok,ptft,18,5000,0.10800000000000001,540,0.10800000000000001,10000,0.001,0.0,0.0,0.1,1.0,0.1,0.0,unit_total_var,,0.5,5000000,5000,50000,True,0.0001,,0.0,0.0,1.0,2000,train_pred_mse,20000,1.3115204135410812,1.296630473267324,0.0001978147789582134,0.017710826065633088,1256.9453990161658,53.04914002263129,1.0,0.0,0.0,0,500,500,4000,78.84568285942079
ok,ptft,19,5000,0.10800000000000001,540,0.10800000000000001,10000,0.001,0.0,0.0,0.1,1.0,0.1,0.0,unit_total_var,,0.5,5000000,5000,50000,True,0.0001,,0.0,0.0,1.0,2000,train_pred_mse,25000,1.416690679916836,1.446588603064788,0.00012168116009869067,0.009070149735716827,1231.0947262105765,55.07064821732479,1.0,0.0,0.0,0,500,500,4000,61.06240224838257
ok,ptft,6,5000,0.10800000000000001,540,0.10800000000000001,10000,0.001,0.0,0.0,0.1,1.0,0.1,0.0,unit_total_var,,0.5,5000000,5000,50000,True,0.0001,,0.0,0.0,1.0,2000,train_pred_mse,20000,1.4170628078387628,1.3866346678371202,0.00017908499238290695,0.016022150488464358,1272.8134934945324,54.56940622286221,1.0,0.0,0.0,0,500,500,4000,92.94433856010436
ok,ptft,7,5000,0.10800000000000001,540,0.10800000000000001,10000,0.001,0.0,0.0,0.1,1.0,0.1,0.0,unit_total_var,,0.5,5000000,5000,50000,True,0.0001,,0.0,0.0,1.0,2000,train_pred_mse,20000,1.4198859571048383,1.4302626832598144,0.0002260640458509585,0.019072631198793384,1297.8209421139366,56.596767811124934,1.0,0.0,0.0,0,500,500,4000,40.530663251876824
ok,ptft,8,5000,0.10800000000000001,540,0.10800000000000001,10000,0.001,0.0,0.0,0.1,1.0,0.1,0.0,unit_total_var,,0.5,5000000,5000,50000,True,0.0001,,0.0,0.0,1.0,2000,train_pred_mse,20000,1.4346784422355896,1.4036296068194802,0.00017804389710155652,0.015141220237685903,1320.319410577139,55.64333936178938,1.0,0.0,0.0,0,500,500,4000,78.22767305374146
ok,ptft,9,5000,0.10800000000000001,540,0.10800000000000001,10000,0.001,0.0,0.0,0.1,1.0,0.1,0.0,unit_total_var,,0.5,5000000,5000,50000,True,0.0001,,0.0,0.0,1.0,2000,train_pred_mse,20000,1.327952807673063,1.3285661821249228,0.0001829456074067324,0.015782223977169146,1282.3629583128272,54.79115925170646,1.0,0.0,0.0,0,500,500,4000,110.71553707122804
ok,ptft,10,5000,0.15700000000000006,785,0.157,10000,0.001,0.0,0.0,0.1,1.0,0.1,0.0,unit_total_var,,0.5,5000000,5000,50000,True,0.0001,,0.0,0.0,1.0,2000,train_pred_mse,35000,1.2377438714827698,1.2280942584674297,0.00012415505210393234,0.007211450857175294,1389.426296499454,52.36509492407691,1.0,0.0,0.0,0,500,500,4000,218.65787839889526
ok,ptft,11,5000,0.15700000000000006,785,0.157,10000,0.001,0.0,0.0,0.1,1.0,0.1,0.0,unit_total_var,,0.5,5000000,5000,50000,True,0.0001,,0.0,0.0,1.0,2000,train_pred_mse,30000,1.2744375762237214,1.2873589511935544,0.00018460323040368724,0.011612621238789356,1476.7578221717874,54.380220360747536,0.9996,0.0,0.0,0,500,500,4000,108.61240005493164
ok,ptft,12,5000,0.15700000000000006,785,0.157,10000,0.001,0.0,0.0,0.1,1.0,0.1,0.0,unit_total_var,,0.5,5000000,5000,50000,True,0.0001,,0.0,0.0,1.0,2000,train_pred_mse,30000,1.006640094123831,1.004778025657244,0.00017471816511792335,0.01189465836319457,1345.626558468087,50.17206581025814,1.0,0.0,0.0,0,500,500,4000,185.47094464302063
ok,ptft,13,5000,0.15700000000000006,785,0.157,10000,0.001,0.0,0.0,0.1,1.0,0.1,0.0,unit_total_var,,0.5,5000000,5000,50000,True,0.0001,,0.0,0.0,1.0,2000,train_pred_mse,30000,1.2505576375425111,1.2454623384921009,0.00017742943962627467,0.011330597051108941,1406.0562460742153,53.065695346060174,1.0,0.0,0.0,0,500,500,4000,143.95210313796997
ok,ptft,14,5000,0.15700000000000006,785,0.157,10000,0.001,0.0,0.0,0.1,1.0,0.1,0.0,unit_total_var,,0.5,5000000,5000,50000,True,0.0001,,0.0,0.0,1.0,2000,train_pred_mse,30000,1.2803144880816608,1.2721544918244083,0.00017874584236003422,0.011783804556169496,1401.6888057379633,52.98180823551043,1.0,0.0,0.0,0,500,500,4000,260.6070511341095
ok,ptft,15,5000,0.15700000000000006,785,0.157,10000,0.001,0.0,0.0,0.1,1.0,0.1,0.0,unit_total_var,,0.5,5000000,5000,50000,True,0.0001,,0.0,0.0,1.0,2000,train_pred_mse,35000,1.1347515770375487,1.150338022739092,0.00012695816342975976,0.008166073077179864,1391.816054256069,51.749160271377505,0.9998,0.0,0.0,0,500,500,4000,174.92956757545468
ok,ptft,16,5000,0.15700000000000006,785,0.157,10000,0.001,0.0,0.0,0.1,1.0,0.1,0.0,unit_total_var,,0.5,5000000,5000,50000,True,0.0001,,0.0,0.0,1.0,2000,train_pred_mse,35000,1.0352368271877308,1.0348683140936898,0.00014607189813933334,0.009341075983599206,1286.2910738643413,48.25996491611069,1.0,0.0,0.0,0,500,500,4000,128.45842266082764
ok,ptft,17,5000,0.15700000000000006,785,0.157,10000,0.001,0.0,0.0,0.1,1.0,0.1,0.0,unit_total_var,,0.5,5000000,5000,50000,True,0.0001,,0.0,0.0,1.0,2000,train_pred_mse,35000,1.0807862602905025,1.07058204796586,0.0001261037586972792,0.008471319423373187,1359.8560462616986,50.38435265636698,0.9996,0.0,0.0,0,500,500,4000,212.5445191860199
ok,ptft,18,5000,0.15700000000000006,785,0.157,10000,0.001,0.0,0.0,0.1,1.0,0.1,0.0,unit_total_var,,0.5,5000000,5000,50000,True,0.0001,,0.0,0.0,1.0,2000,train_pred_mse,30000,0.987444594002011,1.00926374087822,0.00017906266200448282,0.011907682483401323,1355.3158763938372,50.39550736595614,0.9998,0.0,0.0,0,500,500,4000,179.116051197052
ok,ptft,19,5000,0.15700000000000006,785,0.157,10000,0.001,0.0,0.0,0.1,1.0,0.1,0.0,unit_total_var,,0.5,5000000,5000,50000,True,0.0001,,0.0,0.0,1.0,2000,train_pred_mse,30000,1.1010156503110728,1.1197150141100058,0.0001822021721551028,0.011913460595849744,1358.9384368738354,50.49888749375312,1.0,0.0,0.0,0,500,500,4000,140.12301802635193
ok,ptft,6,5000,0.15700000000000006,785,0.157,10000,0.001,0.0,0.0,0.1,1.0,0.1,0.0,unit_total_var,,0.5,5000000,5000,50000,True,0.0001,,0.0,0.0,1.0,2000,train_pred_mse,35000,1.2015279147605975,1.2064997064330696,0.00011946574321396191,0.0068599914978999185,1347.6577170386238,52.80611620794927,1.0,0.0,0.0,0,500,500,4000,94.61414885520935
ok,ptft,7,5000,0.15700000000000006,785,0.157,10000,0.001,0.0,0.0,0.1,1.0,0.1,0.0,unit_total_var,,0.5,5000000,5000,50000,True,0.0001,,0.0,0.0,1.0,2000,train_pred_mse,35000,1.1505251543063733,1.1475257698729506,0.0001200000939059138,0.007388814466437919,1381.1765097410046,52.072766178368006,1.0,0.0,0.0,0,500,500,4000,83.84600973129271
ok,ptft,8,5000,0.15700000000000006,785,0.157,10000,0.001,0.0,0.0,0.1,1.0,0.1,0.0,unit_total_var,,0.5,5000000,5000,50000,True,0.0001,,0.0,0.0,1.0,2000,train_pred_mse,30000,1.1324211348088151,1.1383322026440534,0.0001870741202566693,0.012179107720447484,1386.914231767419,52.156893623288966,0.9998,0.0,0.0,0,500,500,4000,184.47395396232605
ok,ptft,9,5000,0.15700000000000006,785,0.157,10000,0.001,0.0,0.0,0.1,1.0,0.1,0.0,unit_total_var,,0.5,5000000,5000,50000,True,0.0001,,0.0,0.0,1.0,2000,train_pred_mse,35000,1.0780812183349655,1.081843161833939,0.00012128713078282732,0.007437016478238898,1341.6104320428576,50.8518771002009,1.0,0.0,0.0,0,500,500,4000,195.93131422996518
ok,ptft,10,5000,0.206,1030,0.20600000000000002,10000,0.001,0.0,0.0,0.1,1.0,0.1,0.0,unit_total_var,,0.5,5000000,5000,50000,True,0.0001,,0.0,0.0,1.0,2000,train_pred_mse,50000,0.8853231639316586,0.8884131012837347,0.00011994534117640122,0.006328207007840193,1473.95962529441,52.10209969674293,1.0,0.0,0.0,0,500,500,4000,383.67744398117065
ok,ptft,11,5000,0.206,1030,0.20600000000000002,10000,0.001,0.0,0.0,0.1,1.0,0.1,0.0,unit_total_var,,0.5,5000000,5000,50000,True,0.0001,,0.0,0.0,1.0,2000,train_pred_mse,45000,1.0148554786510504,0.999896672073922,0.0001481051809997484,0.0077789237143225986,1530.5156421489712,53.740520199156855,1.0,0.0,0.0,0,500,500,4000,232.5751266479492
ok,ptft,12,5000,0.206,1030,0.20600000000000002,10000,0.001,0.0,0.0,0.1,1.0,0.1,0.0,unit_total_var,,0.5,5000000,5000,50000,True,0.0001,,0.0,0.0,1.0,2000,train_pred_mse,45000,0.8056701745426147,0.7937032377556705,0.000135863955435325,0.00729629218689913,1424.1271269224628,50.04455438640944,1.0,0.0,0.0,0,500,500,4000,392.95062375068665
ok,ptft,13,5000,0.206,1030,0.20600000000000002,10000,0.001,0.0,0.0,0.1,1.0,0.1,0.0,unit_total_var,,0.5,5000000,5000,50000,True,0.0001,,0.0,0.0,1.0,2000,train_pred_mse,45000,0.8812647395045354,0.8799239462564312,0.00013349332089458165,0.007329484754654044,1549.2184312068875,52.68097674278211,1.0,0.0,0.0,0,500,500,4000,281.98337626457214
ok,ptft,14,5000,0.206,1030,0.20600000000000002,10000,0.001,0.0,0.0,0.1,1.0,0.1,0.0,unit_total_var,,0.5,5000000,5000,50000,True,0.0001,,0.0,0.0,1.0,2000,train_pred_mse,45000,0.9855823796899396,0.9907811304609488,0.00012231850293773823,0.006721973321112361,1547.252831454791,52.341214719131386,1.0,0.0,0.0,0,500,500,4000,370.6526608467102
ok,ptft,15,5000,0.206,1030,0.20600000000000002,10000,0.001,0.0,0.0,0.1,1.0,0.1,0.0,unit_total_var,,0.5,5000000,5000,50000,True,0.0001,,0.0,0.0,1.0,2000,train_pred_mse,45000,0.9538856027420644,0.9342637912888164,0.0001484687203517273,0.007716095917617883,1509.479589594715,52.305464731598384,0.9998,0.0,0.0,0,500,500,4000,319.7913949489593
ok,ptft,16,5000,0.206,1030,0.20600000000000002,10000,0.001,0.0,0.0,0.1,1.0,0.1,0.0,unit_total_var,,0.5,5000000,5000,50000,True,0.0001,,0.0,0.0,1.0,2000,train_pred_mse,45000,0.7909812941634964,0.7882934781968557,0.00013856313270942596,0.008116003606821279,1417.9658250079087,49.344026118175925,1.0,0.0,0.0,0,500,500,4000,231.22333526611328
ok,ptft,17,5000,0.206,1030,0.20600000000000002,10000,0.001,0.0,0.0,0.1,1.0,0.1,0.0,unit_total_var,,0.5,5000000,5000,50000,True,0.0001,,0.0,0.0,1.0,2000,train_pred_mse,50000,0.8510455319730806,0.8421739522076718,0.00011207173698530102,0.006103521486681592,1412.5050746079748,48.48702699212014,1.0,0.0,0.0,0,500,500,4000,366.4425840377808
ok,ptft,18,5000,0.206,1030,0.20600000000000002,10000,0.001,0.0,0.0,0.1,1.0,0.1,0.0,unit_total_var,,0.5,5000000,5000,50000,True,0.0001,,0.0,0.0,1.0,2000,train_pred_mse,50000,0.8862736783836903,0.8893788167953518,0.00012068195054571274,0.006516164859895318,1434.7043019337855,49.8855130284458,1.0,0.0,0.0,0,500,500,4000,364.2290551662445
ok,ptft,19,5000,0.206,1030,0.20600000000000002,10000,0.001,0.0,0.0,0.1,1.0,0.1,0.0,unit_total_var,,0.5,5000000,5000,50000,True,0.0001,,0.0,0.0,1.0,2000,train_pred_mse,50000,0.8619604397984849,0.8522504416615643,0.00011159496452132316,0.005905256330133354,1412.4984571246466,49.30314382067736,1.0,0.0,0.0,0,500,500,4000,285.8824009895325
ok,ptft,6,5000,0.206,1030,0.20600000000000002,10000,0.001,0.0,0.0,0.1,1.0,0.1,0.0,unit_total_var,,0.5,5000000,5000,50000,True,0.0001,,0.0,0.0,1.0,2000,train_pred_mse,45000,0.8658678898368575,0.8498764253943114,0.00014440669569513017,0.008229809751680145,1464.0635927445571,50.9700758548698,0.9998,0.0,0.0,0,500,500,4000,420.6651997566223
ok,ptft,7,5000,0.206,1030,0.20600000000000002,10000,0.001,0.0,0.0,0.1,1.0,0.1,0.0,unit_total_var,,0.5,5000000,5000,50000,True,0.0001,,0.0,0.0,1.0,2000,train_pred_mse,50000,0.9290005059531814,0.9473575338960998,0.0001151015850725572,0.006504212881877204,1485.1437638398154,50.12832004412071,1.0,0.0,0.0,0,500,500,4000,333.1355602741241
ok,ptft,8,5000,0.206,1030,0.20600000000000002,10000,0.001,0.0,0.0,0.1,1.0,0.1,0.0,unit_total_var,,0.5,5000000,5000,50000,True,0.0001,,0.0,0.0,1.0,2000,train_pred_mse,50000,0.8940048189180041,0.882795786691203,0.00011217650843824443,0.005491890805526716,1553.7933101371011,54.62874825177536,1.0,0.0,0.0,0,500,500,4000,394.49012541770935
ok,ptft,9,5000,0.206,1030,0.20600000000000002,10000,0.001,0.0,0.0,0.1,1.0,0.1,0.0,unit_total_var,,0.5,5000000,5000,50000,True,0.0001,,0.0,0.0,1.0,2000,train_pred_mse,50000,0.9013003957267978,0.9004018492073792,0.00012319181664189726,0.006469981584288257,1454.5563992002972,50.4408160893824,1.0,0.0,0.0,0,500,500,4000,501.3038220405578
ok,ptft,10,5000,0.255,1275,0.255,10000,0.001,0.0,0.0,0.1,1.0,0.1,0.0,unit_total_var,,0.5,5000000,5000,50000,True,0.0001,,0.0,0.0,1.0,2000,train_pred_mse,70000,0.6692871733215384,0.6653557706043324,9.839064098811144e-05,0.004313191053409673,1572.9034632350476,54.04741697250447,1.0,0.0,0.0,0,500,500,4000,810.1792771816254
ok,ptft,11,5000,0.255,1275,0.255,10000,0.001,0.0,0.0,0.1,1.0,0.1,0.0,unit_total_var,,0.5,5000000,5000,50000,True,0.0001,,0.0,0.0,1.0,2000,train_pred_mse,65000,0.7142981588398024,0.722419462136191,0.00011012382875799893,0.004805434748750538,1628.8195166942498,54.996548658044475,1.0,0.0,0.0,0,500,500,4000,439.6065919399262
ok,ptft,12,5000,0.255,1275,0.255,10000,0.001,0.0,0.0,0.1,1.0,0.1,0.0,unit_total_var,,0.5,5000000,5000,50000,True,0.0001,,0.0,0.0,1.0,2000,train_pred_mse,65000,0.6471634619530179,0.640469344718169,0.00010929903122935866,0.005225191128877041,1516.6950684308526,50.792442023545846,0.9998,0.0,0.0,0,500,500,4000,591.3777089118958
ok,ptft,13,5000,0.255,1275,0.255,10000,0.001,0.0,0.0,0.1,1.0,0.1,0.0,unit_total_var,,0.5,5000000,5000,50000,True,0.0001,,0.0,0.0,1.0,2000,train_pred_mse,60000,0.7204553846298669,0.7273163131353265,0.00012626856739522582,0.005940772774423881,1606.9678110849695,53.45360466044003,1.0,0.0,0.0,0,500,500,4000,504.0829582214356
ok,ptft,14,5000,0.255,1275,0.255,10000,0.001,0.0,0.0,0.1,1.0,0.1,0.0,unit_total_var,,0.5,5000000,5000,50000,True,0.0001,,0.0,0.0,1.0,2000,train_pred_mse,60000,0.6677159176160492,0.6884738607810074,0.00012269237678782716,0.0056486125414866644,1622.3169258622413,54.672005182179994,0.9996,0.0,0.0,0,500,500,4000,625.0815992355348
ok,ptft,15,5000,0.255,1275,0.255,10000,0.001,0.0,0.0,0.1,1.0,0.1,0.0,unit_total_var,,0.5,5000000,5000,50000,True,0.0001,,0.0,0.0,1.0,2000,train_pred_mse,65000,0.687099619599954,0.6888422266879939,0.00010704978952479283,0.005056775860894175,1521.0550658542945,51.32085826950157,1.0,0.0,0.0,0,500,500,4000,359.5044445991516
ok,ptft,16,5000,0.255,1275,0.255,10000,0.001,0.0,0.0,0.1,1.0,0.1,0.0,unit_total_var,,0.5,5000000,5000,50000,True,0.0001,,0.0,0.0,1.0,2000,train_pred_mse,65000,0.6484765018688711,0.6387731282608471,0.0001108800400963708,0.005139824643622423,1494.3407172595291,50.40636581721694,1.0,0.0,0.0,0,500,500,4000,459.1925573348999
ok,ptft,17,5000,0.255,1275,0.255,10000,0.001,0.0,0.0,0.1,1.0,0.1,0.0,unit_total_var,,0.5,5000000,5000,50000,True,0.0001,,0.0,0.0,1.0,2000,train_pred_mse,65000,0.6316357669269388,0.6248387092070233,0.00010934359714533908,0.005087817885745818,1498.1431282194787,50.87767119836317,0.9998,0.0,0.0,0,500,500,4000,615.1838843822478
ok,ptft,18,5000,0.255,1275,0.255,10000,0.001,0.0,0.0,0.1,1.0,0.1,0.0,unit_total_var,,0.5,5000000,5000,50000,True,0.0001,,0.0,0.0,1.0,2000,train_pred_mse,65000,0.5912041549589605,0.5878411763364433,0.00010676312303902844,0.005099948779163411,1467.3818297264927,48.24344918507746,1.0,0.0,0.0,0,500,500,4000,619.6999275684358
ok,ptft,19,5000,0.255,1275,0.255,10000,0.001,0.0,0.0,0.1,1.0,0.1,0.0,unit_total_var,,0.5,5000000,5000,50000,True,0.0001,,0.0,0.0,1.0,2000,train_pred_mse,60000,0.6208548999518243,0.620611518117724,0.00012478967674518942,0.006226625388926202,1507.9901905805173,50.46522127337688,1.0,0.0,0.0,0,500,500,4000,516.6141228675841
ok,ptft,6,5000,0.255,1275,0.255,10000,0.001,0.0,0.0,0.1,1.0,0.1,0.0,unit_total_var,,0.5,5000000,5000,50000,True,0.0001,,0.0,0.0,1.0,2000,train_pred_mse,65000,0.6229357947170227,0.6216424811287565,0.00011172108143997932,0.004975245448459543,1536.7284044431726,52.42298554254218,1.0,0.0,0.0,0,500,500,4000,498.1867151260376
ok,ptft,7,5000,0.255,1275,0.255,10000,0.001,0.0,0.0,0.1,1.0,0.1,0.0,unit_total_var,,0.5,5000000,5000,50000,True,0.0001,,0.0,0.0,1.0,2000,train_pred_mse,65000,0.6798437929364567,0.6836012011474238,0.00010889531613658365,0.005213878867099032,1513.443982019513,50.014587807189315,1.0,0.0,0.0,0,500,500,4000,564.9360988140106
ok,ptft,8,5000,0.255,1275,0.255,10000,0.001,0.0,0.0,0.1,1.0,0.1,0.0,unit_total_var,,0.5,5000000,5000,50000,True,0.0001,,0.0,0.0,1.0,2000,train_pred_mse,65000,0.6705362634651005,0.679545753745566,0.00011330492692952734,0.005166855210100125,1573.465259928364,51.746670850320776,1.0,0.0,0.0,0,500,500,4000,627.276829957962
ok,ptft,9,5000,0.255,1275,0.255,10000,0.001,0.0,0.0,0.1,1.0,0.1,0.0,unit_total_var,,0.5,5000000,5000,50000,True,0.0001,,0.0,0.0,1.0,2000,train_pred_mse,65000,0.59778221969858,0.5918026080559571,0.00010603222457630012,0.00505043761174941,1464.5186529404575,49.83252829135312,0.9998,0.0,0.0,0,500,500,4000,560.1870141029358
ok,ptft,10,5000,0.30400000000000005,1520,0.304,10000,0.001,0.0,0.0,0.1,1.0,0.1,0.0,unit_total_var,,0.5,5000000,5000,50000,True,0.0001,,0.0,0.0,1.0,2000,train_pred_mse,85000,0.4986456305823214,0.4873361205229911,9.981681230805107e-05,0.0040336630648819295,1607.9596477821137,53.25017303366829,1.0,0.0,0.0,0,500,500,4000,1097.5853562355044
ok,ptft,11,5000,0.30400000000000005,1520,0.304,10000,0.001,0.0,0.0,0.1,1.0,0.1,0.0,unit_total_var,,0.5,5000000,5000,50000,True,0.0001,,0.0,0.0,1.0,2000,train_pred_mse,85000,0.5781591283047973,0.56319796095596,9.597954429421557e-05,0.0037810238582870045,1660.5388469597278,54.85005462663916,1.0,0.0,0.0,0,500,500,4000,736.2897584438324
ok,ptft,12,5000,0.30400000000000005,1520,0.304,10000,0.001,0.0,0.0,0.1,1.0,0.1,0.0,unit_total_var,,0.5,5000000,5000,50000,True,0.0001,,0.0,0.0,1.0,2000,train_pred_mse,85000,0.41129245674073583,0.4093654261050618,9.932118242213806e-05,0.004130925171112096,1486.277545594735,50.626709923946635,1.0,0.0,0.0,0,500,500,4000,863.696261882782
ok,ptft,13,5000,0.30400000000000005,1520,0.304,10000,0.001,0.0,0.0,0.1,1.0,0.1,0.0,unit_total_var,,0.5,5000000,5000,50000,True,0.0001,,0.0,0.0,1.0,2000,train_pred_mse,85000,0.4858877693521195,0.4987712758485712,9.7538452647628e-05,0.003991123307410403,1589.1608297920388,53.73572276866684,1.0,0.0,0.0,0,500,500,4000,851.3959074020386
ok,ptft,14,5000,0.30400000000000005,1520,0.304,10000,0.001,0.0,0.0,0.1,1.0,0.1,0.0,unit_total_var,,0.5,5000000,5000,50000,True,0.0001,,0.0,0.0,1.0,2000,train_pred_mse,80000,0.4809646858915249,0.4808659753809344,0.00010000195843303104,0.004140363537280199,1605.4837609281274,54.52847976957781,1.0,0.0,0.0,0,500,500,4000,991.1862154006958
ok,ptft,15,5000,0.30400000000000005,1520,0.304,10000,0.001,0.0,0.0,0.1,1.0,0.1,0.0,unit_total_var,,0.5,5000000,5000,50000,True,0.0001,,0.0,0.0,1.0,2000,train_pred_mse,85000,0.4073208482243675,0.4046964838401553,9.649185344275532e-05,0.003935737180578145,1586.3020610237472,53.702120787901904,0.9996,0.0,0.0,0,500,500,4000,684.450332403183
ok,ptft,16,5000,0.30400000000000005,1520,0.304,10000,0.001,0.0,0.0,0.1,1.0,0.1,0.0,unit_total_var,,0.5,5000000,5000,50000,True,0.0001,,0.0,0.0,1.0,2000,train_pred_mse,90000,0.4268935149297267,0.4363613868665724,8.997527539884753e-05,0.003625463799923057,1496.7714947866946,51.03748353797723,1.0,0.0,0.0,0,500,500,4000,793.2482776641846
ok,ptft,17,5000,0.30400000000000005,1520,0.304,10000,0.001,0.0,0.0,0.1,1.0,0.1,0.0,unit_total_var,,0.5,5000000,5000,50000,True,0.0001,,0.0,0.0,1.0,2000,train_pred_mse,90000,0.4212224869089949,0.41407960961497664,9.164102107100536e-05,0.003674969905463412,1521.5739921193713,52.346274115416996,0.9998,0.0,0.0,0,500,500,4000,950.5642788410187
ok,ptft,18,5000,0.30400000000000005,1520,0.304,10000,0.001,0.0,0.0,0.1,1.0,0.1,0.0,unit_total_var,,0.5,5000000,5000,50000,True,0.0001,,0.0,0.0,1.0,2000,train_pred_mse,85000,0.3687683746527273,0.3715097084175286,9.539367326578824e-05,0.0038912599377376217,1511.8849499962696,51.65972285582957,1.0,0.0,0.0,0,500,500,4000,898.220290184021
ok,ptft,19,5000,0.30400000000000005,1520,0.304,10000,0.001,0.0,0.0,0.1,1.0,0.1,0.0,unit_total_var,,0.5,5000000,5000,50000,True,0.0001,,0.0,0.0,1.0,2000,train_pred_mse,90000,0.4342543982921847,0.44591919754950216,8.765344075161302e-05,0.00354880865215865,1525.1586278487111,52.23081467676268,1.0,0.0,0.0,0,500,500,4000,1439.839563369751
ok,ptft,6,5000,0.30400000000000005,1520,0.304,10000,0.001,0.0,0.0,0.1,1.0,0.1,0.0,unit_total_var,,0.5,5000000,5000,50000,True,0.0001,,0.0,0.0,1.0,2000,train_pred_mse,85000,0.4085101740499094,0.4016096074554795,9.9456009288651e-05,0.0037849580114250616,1537.6002329305436,53.175283223102284,1.0,0.0,0.0,0,500,500,4000,654.1091241836548
ok,ptft,7,5000,0.30400000000000005,1520,0.304,10000,0.001,0.0,0.0,0.1,1.0,0.1,0.0,unit_total_var,,0.5,5000000,5000,50000,True,0.0001,,0.0,0.0,1.0,2000,train_pred_mse,85000,0.4558018475698144,0.4601140033771306,9.333055509621883e-05,0.0038635476710434523,1579.3277952253195,53.068901101742156,1.0,0.0,0.0,0,500,500,4000,864.4055891036987
ok,ptft,8,5000,0.30400000000000005,1520,0.304,10000,0.001,0.0,0.0,0.1,1.0,0.1,0.0,unit_total_var,,0.5,5000000,5000,50000,True,0.0001,,0.0,0.0,1.0,2000,train_pred_mse,85000,0.4549814553705872,0.44659598393262906,8.972873589832044e-05,0.0035308584293390383,1571.3328689719876,53.93730541927023,0.9998,0.0,0.0,0,500,500,4000,970.2663447856903
ok,ptft,9,5000,0.30400000000000005,1520,0.304,10000,0.001,0.0,0.0,0.1,1.0,0.1,0.0,unit_total_var,,0.5,5000000,5000,50000,True,0.0001,,0.0,0.0,1.0,2000,train_pred_mse,90000,0.4359564830683266,0.4270936333233911,9.222073087859936e-05,0.0036183790047578436,1532.165603827791,52.24677434671588,0.9998,0.0,0.0,0,500,500,4000,1249.8179190158846
ok,ptft,10,5000,0.35300000000000004,1765,0.353,10000,0.001,0.0,0.0,0.1,1.0,0.1,0.0,unit_total_var,,0.5,5000000,5000,50000,True,0.0001,,0.0,0.0,1.0,2000,train_pred_mse,115000,0.2992172735447186,0.2918606701816509,7.995372170365574e-05,0.0025570562345780114,1584.87582150815,56.16143316584144,1.0,0.0,0.0,0,500,500,4000,1719.8654644489288
ok,ptft,11,5000,0.35300000000000004,1765,0.353,10000,0.001,0.0,0.0,0.1,1.0,0.1,0.0,unit_total_var,,0.5,5000000,5000,50000,True,0.0001,,0.0,0.0,1.0,2000,train_pred_mse,115000,0.2797404228577407,0.2764318405388361,7.874192022030233e-05,0.002535751380925554,1627.4160443894625,58.40964975222178,1.0,0.0,0.0,0,500,500,4000,1686.3883786201475
ok,ptft,12,5000,0.35300000000000004,1765,0.353,10000,0.001,0.0,0.0,0.1,1.0,0.1,0.0,unit_total_var,,0.5,5000000,5000,50000,True,0.0001,,0.0,0.0,1.0,2000,train_pred_mse,120000,0.2535497235137589,0.2545964966951069,7.580376025312102e-05,0.002551040093680944,1516.1618800603271,54.086626044284365,1.0,0.0,0.0,0,500,500,4000,1404.1199369430542
ok,ptft,13,5000,0.35300000000000004,1765,0.353,10000,0.001,0.0,0.0,0.1,1.0,0.1,0.0,unit_total_var,,0.5,5000000,5000,50000,True,0.0001,,0.0,0.0,1.0,2000,train_pred_mse,110000,0.2419702428630177,0.2394709914229909,8.163821911794398e-05,0.00253497089682682,1609.6422103908121,58.63035310163225,0.9996,0.0,0.0,0,500,500,4000,1279.0636956691742
ok,ptft,14,5000,0.35300000000000004,1765,0.353,10000,0.001,0.0,0.0,0.1,1.0,0.1,0.0,unit_total_var,,0.5,5000000,5000,50000,True,0.0001,,0.0,0.0,1.0,2000,train_pred_mse,115000,0.29296924197188323,0.2961943209547274,7.657120839416215e-05,0.002520440087532557,1630.953220938763,58.416793118105545,1.0,0.0,0.0,0,500,500,4000,2308.4627952575684
ok,ptft,15,5000,0.35300000000000004,1765,0.353,10000,0.001,0.0,0.0,0.1,1.0,0.1,0.0,unit_total_var,,0.5,5000000,5000,50000,True,0.0001,,0.0,0.0,1.0,2000,train_pred_mse,115000,0.2157098992517126,0.2129563896207036,7.610376511001301e-05,0.0022641784307667018,1559.074573827127,58.618644064916836,0.9998,0.0,0.0,0,500,500,4000,1844.414264202118
ok,ptft,16,5000,0.35300000000000004,1765,0.353,10000,0.001,0.0,0.0,0.1,1.0,0.1,0.0,unit_total_var,,0.5,5000000,5000,50000,True,0.0001,,0.0,0.0,1.0,2000,train_pred_mse,110000,0.2318706624483128,0.2336351741130672,8.061936073861858e-05,0.002719906222055789,1509.0478688680485,54.87469220023265,1.0,0.0,0.0,0,500,500,4000,1030.8519520759585
ok,ptft,17,5000,0.35300000000000004,1765,0.353,10000,0.001,0.0,0.0,0.1,1.0,0.1,0.0,unit_total_var,,0.5,5000000,5000,50000,True,0.0001,,0.0,0.0,1.0,2000,train_pred_mse,115000,0.2117076669789073,0.2070681963441351,7.841866129702758e-05,0.002548483525832909,1514.6774216460967,55.95968487789223,1.0,0.0,0.0,0,500,500,4000,1290.2427706718445
ok,ptft,18,5000,0.35300000000000004,1765,0.353,10000,0.001,0.0,0.0,0.1,1.0,0.1,0.0,unit_total_var,,0.5,5000000,5000,50000,True,0.0001,,0.0,0.0,1.0,2000,train_pred_mse,115000,0.24701114657398784,0.24464151103930204,7.885708125737471e-05,0.002815726555054959,1494.5163877610019,53.33830552907198,0.9998,0.0,0.0,0,500,500,4000,1027.7571649551394
ok,ptft,19,5000,0.35300000000000004,1765,0.353,10000,0.001,0.0,0.0,0.1,1.0,0.1,0.0,unit_total_var,,0.5,5000000,5000,50000,True,0.0001,,0.0,0.0,1.0,2000,train_pred_mse,120000,0.25782746408927576,0.2638542230522689,7.508968159604534e-05,0.002471620140125016,1523.8257805827227,54.73394913797527,1.0,0.0,0.0,0,500,500,4000,1477.5536015033722
ok,ptft,6,5000,0.35300000000000004,1765,0.353,10000,0.001,0.0,0.0,0.1,1.0,0.1,0.0,unit_total_var,,0.5,5000000,5000,50000,True,0.0001,,0.0,0.0,1.0,2000,train_pred_mse,120000,0.24294612047694455,0.2497352177422721,7.361583915440141e-05,0.00239040843631302,1534.879517855498,56.13783455665573,1.0,0.0,0.0,0,500,500,4000,1856.000049829483
ok,ptft,7,5000,0.35300000000000004,1765,0.353,10000,0.001,0.0,0.0,0.1,1.0,0.1,0.0,unit_total_var,,0.5,5000000,5000,50000,True,0.0001,,0.0,0.0,1.0,2000,train_pred_mse,110000,0.256163121611527,0.2537214721158465,8.288470703380919e-05,0.002814091401821837,1569.4588175678393,56.083383043312615,1.0,0.0,0.0,0,500,500,4000,1246.3066623210907
ok,ptft,8,5000,0.35300000000000004,1765,0.353,10000,0.001,0.0,0.0,0.1,1.0,0.1,0.0,unit_total_var,,0.5,5000000,5000,50000,True,0.0001,,0.0,0.0,1.0,2000,train_pred_mse,115000,0.31316267581381635,0.3063862185922899,7.641104523879235e-05,0.002662085377548968,1576.7100443883874,55.07487457212842,0.9998,0.0,0.0,0,500,500,4000,1681.7027752399445
ok,ptft,9,5000,0.35300000000000004,1765,0.353,10000,0.001,0.0,0.0,0.1,1.0,0.1,0.0,unit_total_var,,0.5,5000000,5000,50000,True,0.0001,,0.0,0.0,1.0,2000,train_pred_mse,120000,0.2537635589275589,0.2507796354862423,7.633203558792821e-05,0.0024960782686658475,1511.4959679721585,54.98932297054735,1.0,0.0,0.0,0,500,500,4000,1847.1370170116425
ok,ptft,10,5000,0.402,2010,0.402,10000,0.001,0.0,0.0,0.1,1.0,0.1,0.0,unit_total_var,,0.5,5000000,5000,50000,True,0.0001,,0.0,0.0,1.0,2000,train_pred_mse,150000,0.1393235588093494,0.1369252960501603,6.543092573636917e-05,0.0017472042617384708,1554.31069427703,60.59936358361959,0.9998,0.0,0.0,0,500,500,4000,2402.073480844497
ok,ptft,11,5000,0.402,2010,0.402,10000,0.001,0.0,0.0,0.1,1.0,0.1,0.0,unit_total_var,,0.5,5000000,5000,50000,True,0.0001,,0.0,0.0,1.0,2000,train_pred_mse,150000,0.1368462243000382,0.13467675089409115,6.475489620140039e-05,0.001648502915254527,1592.53545739531,63.752245078668146,1.0,0.0,0.0,0,500,500,4000,1942.552880048752
ok,ptft,12,5000,0.402,2010,0.402,10000,0.001,0.0,0.0,0.1,1.0,0.1,0.0,unit_total_var,,0.5,5000000,5000,50000,True,0.0001,,0.0,0.0,1.0,2000,train_pred_mse,150000,0.1121535121048667,0.11166044212083999,6.412180063129504e-05,0.0017629222355279644,1461.5347207041352,57.906889228864145,1.0,0.0,0.0,0,500,500,4000,2008.5188574790955
ok,ptft,13,5000,0.402,2010,0.402,10000,0.001,0.0,0.0,0.1,1.0,0.1,0.0,unit_total_var,,0.5,5000000,5000,50000,True,0.0001,,0.0,0.0,1.0,2000,train_pred_mse,145000,0.1399217806702286,0.14036699672815794,6.522740283640375e-05,0.0018016426215588454,1574.2694485344346,60.54818716904882,0.9998,0.0,0.0,0,500,500,4000,1925.7698006629944
ok,ptft,14,5000,0.402,2010,0.402,10000,0.001,0.0,0.0,0.1,1.0,0.1,0.0,unit_total_var,,0.5,5000000,5000,50000,True,0.0001,,0.0,0.0,1.0,2000,train_pred_mse,145000,0.1679145533956135,0.16785104584146993,6.760698427687131e-05,0.0017909087821847101,1599.1516402258444,61.55372393183425,0.9998,0.0,0.0,0,500,500,4000,3140.989027261734
ok,ptft,15,5000,0.402,2010,0.402,10000,0.001,0.0,0.0,0.1,1.0,0.1,0.0,unit_total_var,,0.5,5000000,5000,50000,True,0.0001,,0.0,0.0,1.0,2000,train_pred_mse,150000,0.16877322948437518,0.17034923629716314,6.566248105770005e-05,0.001876629646595063,1550.678286580497,58.929060222823104,1.0,0.0,0.0,0,500,500,4000,1836.7872619628906
ok,ptft,16,5000,0.402,2010,0.402,10000,0.001,0.0,0.0,0.1,1.0,0.1,0.0,unit_total_var,,0.5,5000000,5000,50000,True,0.0001,,0.0,0.0,1.0,2000,train_pred_mse,150000,0.15095493866374976,0.14566030394838372,6.436520571389202e-05,0.0017287747649332285,1473.3465798666348,57.032300723677466,1.0,0.0,0.0,0,500,500,4000,1768.3158416748047
ok,ptft,17,5000,0.402,2010,0.402,10000,0.001,0.0,0.0,0.1,1.0,0.1,0.0,unit_total_var,,0.5,5000000,5000,50000,True,0.0001,,0.0,0.0,1.0,2000,train_pred_mse,150000,0.1478528746690949,0.14860211394540127,6.751240319192204e-05,0.0019470913403132211,1483.023588125998,57.50956577086893,1.0,0.0,0.0,0,500,500,4000,1782.9949502944946
ok,ptft,18,5000,0.402,2010,0.402,10000,0.001,0.0,0.0,0.1,1.0,0.1,0.0,unit_total_var,,0.5,5000000,5000,50000,True,0.0001,,0.0,0.0,1.0,2000,train_pred_mse,145000,0.1409820960412099,0.140399927030135,6.530276800999339e-05,0.0018870931316632175,1480.4740626403284,56.06270882258193,0.9998,0.0,0.0,0,500,500,4000,2036.936189889908
ok,ptft,19,5000,0.402,2010,0.402,10000,0.001,0.0,0.0,0.1,1.0,0.1,0.0,unit_total_var,,0.5,5000000,5000,50000,True,0.0001,,0.0,0.0,1.0,2000,train_pred_mse,150000,0.15145509818984565,0.1542668629370648,6.283999720723466e-05,0.001697229940587087,1500.9498657532665,57.45885020842746,1.0,0.0,0.0,0,500,500,4000,2047.771504163742
ok,ptft,6,5000,0.402,2010,0.402,10000,0.001,0.0,0.0,0.1,1.0,0.1,0.0,unit_total_var,,0.5,5000000,5000,50000,True,0.0001,,0.0,0.0,1.0,2000,train_pred_mse,145000,0.1282742117949774,0.12626301477118793,6.631390028605443e-05,0.0018492150914577426,1496.8450614543383,58.781197318322135,1.0,0.0,0.0,0,500,500,4000,1218.4779391288755
ok,ptft,7,5000,0.402,2010,0.402,10000,0.001,0.0,0.0,0.1,1.0,0.1,0.0,unit_total_var,,0.5,5000000,5000,50000,True,0.0001,,0.0,0.0,1.0,2000,train_pred_mse,145000,0.17373819287615724,0.17794971545807975,6.576815021542538e-05,0.0019838311752978016,1576.721584955622,57.66719245813914,0.9998,0.0,0.0,0,500,500,4000,1982.9492700099945
ok,ptft,8,5000,0.402,2010,0.402,10000,0.001,0.0,0.0,0.1,1.0,0.1,0.0,unit_total_var,,0.5,5000000,5000,50000,True,0.0001,,0.0,0.0,1.0,2000,train_pred_mse,150000,0.14638559055688513,0.1456165216782178,6.498600249572111e-05,0.0017192363727004168,1548.1588278373133,61.11141595576514,1.0,0.0,0.0,0,500,500,4000,2457.642472743988
ok,ptft,9,5000,0.402,2010,0.402,10000,0.001,0.0,0.0,0.1,1.0,0.1,0.0,unit_total_var,,0.5,5000000,5000,50000,True,0.0001,,0.0,0.0,1.0,2000,train_pred_mse,140000,0.14902683232912836,0.14695532548590573,6.80684297201835e-05,0.00197209383090552,1491.3953329027265,57.580177404599006,0.9998,0.0,0.0,0,500,500,4000,2433.598914384842
ok,ptft,10,5000,0.451,2255,0.451,10000,0.001,0.0,0.0,0.1,1.0,0.1,0.0,unit_total_var,,0.5,5000000,5000,50000,True,0.0001,,0.0,0.0,1.0,2000,train_pred_mse,180000,0.07173944997135631,0.07144024123193793,5.6241088513690103e-05,0.001287767260334623,1508.5391939899505,63.629293233140935,0.9996,0.0,0.0,0,500,500,4000,3260.7947936058044
ok,ptft,11,5000,0.451,2255,0.451,10000,0.001,0.0,0.0,0.1,1.0,0.1,0.0,unit_total_var,,0.5,5000000,5000,50000,True,0.0001,,0.0,0.0,1.0,2000,train_pred_mse,185000,0.05630120334392105,0.055516042341621136,5.353466810158792e-05,0.0012026233878274055,1539.2679491949937,67.12153657187247,0.9998,0.0,0.0,0,500,500,4000,2772.8003208637238
ok,ptft,12,5000,0.451,2255,0.451,10000,0.001,0.0,0.0,0.1,1.0,0.1,0.0,unit_total_var,,0.5,5000000,5000,50000,True,0.0001,,0.0,0.0,1.0,2000,train_pred_mse,180000,0.05623026945051601,0.05765745385958487,5.4584078393444925e-05,0.0012463077549575154,1429.885881389945,60.580327240935574,1.0,0.0,0.0,0,500,500,4000,2611.4671280384064
ok,ptft,13,5000,0.451,2255,0.451,10000,0.001,0.0,0.0,0.1,1.0,0.1,0.0,unit_total_var,,0.5,5000000,5000,50000,True,0.0001,,0.0,0.0,1.0,2000,train_pred_mse,185000,0.07028409208792802,0.07235322185267166,5.439327294016136e-05,0.0012588683595406314,1535.9003477745844,63.66005973869053,0.9998,0.0,0.0,0,500,500,4000,2802.5688185691833
ok,ptft,14,5000,0.451,2255,0.451,10000,0.001,0.0,0.0,0.1,1.0,0.1,0.0,unit_total_var,,0.5,5000000,5000,50000,True,0.0001,,0.0,0.0,1.0,2000,train_pred_mse,185000,0.06487924767988758,0.064937641951439,5.354504715146815e-05,0.001157024059723792,1538.3457752405814,66.16694158498728,1.0,0.0,0.0,0,500,500,4000,4460.639953136444
ok,ptft,15,5000,0.451,2255,0.451,10000,0.001,0.0,0.0,0.1,1.0,0.1,0.0,unit_total_var,,0.5,5000000,5000,50000,True,0.0001,,0.0,0.0,1.0,2000,train_pred_mse,180000,0.05579297768697397,0.054532508028013814,5.48612343155279e-05,0.001235274007950682,1481.1658009728992,63.88360915238288,1.0,0.0,0.0,0,500,500,4000,2381.917840242386
ok,ptft,16,5000,0.451,2255,0.451,10000,0.001,0.0,0.0,0.1,1.0,0.1,0.0,unit_total_var,,0.5,5000000,5000,50000,True,0.0001,,0.0,0.0,1.0,2000,train_pred_mse,175000,0.06331296875179092,0.062129226582204086,5.554770420780262e-05,0.0012400654592651902,1423.7820245324936,60.98350189809603,0.9998,0.0,0.0,0,500,500,4000,2287.569977998733
ok,ptft,17,5000,0.451,2255,0.451,10000,0.001,0.0,0.0,0.1,1.0,0.1,0.0,unit_total_var,,0.5,5000000,5000,50000,True,0.0001,,0.0,0.0,1.0,2000,train_pred_mse,180000,0.07217695372640526,0.07261194578756469,5.3986097297086344e-05,0.0012663275410269106,1437.012784100618,60.09800231296102,1.0,0.0,0.0,0,500,500,4000,2303.856751203537
ok,ptft,18,5000,0.451,2255,0.451,10000,0.001,0.0,0.0,0.1,1.0,0.1,0.0,unit_total_var,,0.5,5000000,5000,50000,True,0.0001,,0.0,0.0,1.0,2000,train_pred_mse,180000,0.07045665606686717,0.06859392639930965,5.489056090011015e-05,0.001390223594432966,1435.47538327647,59.061531769010934,1.0,0.0,0.0,0,500,500,4000,3804.516824245453
ok,ptft,19,5000,0.451,2255,0.451,10000,0.001,0.0,0.0,0.1,1.0,0.1,0.0,unit_total_var,,0.5,5000000,5000,50000,True,0.0001,,0.0,0.0,1.0,2000,train_pred_mse,185000,0.052601831391166566,0.05312909961429614,5.493612121396524e-05,0.0012158503246714118,1426.0773989857014,62.74412854178826,1.0,0.0,0.0,0,500,500,4000,2837.441520690918
ok,ptft,6,5000,0.451,2255,0.451,10000,0.001,0.0,0.0,0.1,1.0,0.1,0.0,unit_total_var,,0.5,5000000,5000,50000,True,0.0001,,0.0,0.0,1.0,2000,train_pred_mse,170000,0.05199945590469699,0.052109752116222124,5.856262560874654e-05,0.0013736177349588875,1428.5438456817792,62.61788372917776,0.9998,0.0,0.0,0,500,500,4000,2150.167592287064
ok,ptft,7,5000,0.451,2255,0.451,10000,0.001,0.0,0.0,0.1,1.0,0.1,0.0,unit_total_var,,0.5,5000000,5000,50000,True,0.0001,,0.0,0.0,1.0,2000,train_pred_mse,180000,0.09078966619453256,0.08901106985652976,5.563225470534194e-05,0.0013908214777610744,1533.099032625284,61.28107008673072,1.0,0.0,0.0,0,500,500,4000,2761.4410467147827
ok,ptft,8,5000,0.451,2255,0.451,10000,0.001,0.0,0.0,0.1,1.0,0.1,0.0,unit_total_var,,0.5,5000000,5000,50000,True,0.0001,,0.0,0.0,1.0,2000,train_pred_mse,185000,0.06413077707609867,0.06390354239478184,5.2782860141732535e-05,0.001190618030293302,1501.3065714069119,64.28891223642532,1.0,0.0,0.0,0,500,500,4000,3385.747020959854
ok,ptft,9,5000,0.451,2255,0.451,10000,0.001,0.0,0.0,0.1,1.0,0.1,0.0,unit_total_var,,0.5,5000000,5000,50000,True,0.0001,,0.0,0.0,1.0,2000,train_pred_mse,175000,0.06048797886568319,0.06038987027542804,5.5334671146508766e-05,0.0013459404725388513,1437.9201977562234,61.15483943799391,0.9998,0.0,0.0,0,500,500,4000,3271.098398208618
ok,ptft,10,5000,0.5,2500,0.5,10000,0.001,0.0,0.0,0.1,1.0,0.1,0.0,unit_total_var,,0.5,5000000,5000,50000,True,0.0001,,0.0,0.0,1.0,2000,train_pred_mse,195000,0.02877809810200128,0.028400799745517,4.868478528797735e-05,0.0010341734651445902,1452.8031843641506,66.67594541125368,1.0,0.0,0.0,0,500,500,4000,3877.812617778778
ok,ptft,11,5000,0.5,2500,0.5,10000,0.001,0.0,0.0,0.1,1.0,0.1,0.0,unit_total_var,,0.5,5000000,5000,50000,True,0.0001,,0.0,0.0,1.0,2000,train_pred_mse,195000,0.02479160566562806,0.02472070874220812,4.695363098660652e-05,0.0009196938598273393,1493.5529808220003,69.7330263064157,1.0,0.0,0.0,0,500,500,4000,3102.199940919876
ok,ptft,12,5000,0.5,2500,0.5,10000,0.001,0.0,0.0,0.1,1.0,0.1,0.0,unit_total_var,,0.5,5000000,5000,50000,True,0.0001,,0.0,0.0,1.0,2000,train_pred_mse,210000,0.03582488490647668,0.035834636770167835,4.7223722223660276e-05,0.001076096868784832,1396.0589172617106,62.30888400450564,1.0,0.0,0.0,0,500,500,4000,3304.663630485535
ok,ptft,13,5000,0.5,2500,0.5,10000,0.001,0.0,0.0,0.1,1.0,0.1,0.0,unit_total_var,,0.5,5000000,5000,50000,True,0.0001,,0.0,0.0,1.0,2000,train_pred_mse,195000,0.02978730146942058,0.030225377810637007,4.77639479124592e-05,0.0009953977888390037,1477.9310215215385,66.36485222703871,0.9998,0.0,0.0,0,500,500,4000,3704.8233954906464
ok,ptft,14,5000,0.5,2500,0.5,10000,0.001,0.0,0.0,0.1,1.0,0.1,0.0,unit_total_var,,0.5,5000000,5000,50000,True,0.0001,,0.0,0.0,1.0,2000,train_pred_mse,195000,0.03878610851145763,0.0393572868184794,4.98933347141694e-05,0.0010840431771123684,1514.2965076642402,67.5328002119868,1.0,0.0,0.0,0,500,500,4000,5642.337472200395
ok,ptft,15,5000,0.5,2500,0.5,10000,0.001,0.0,0.0,0.1,1.0,0.1,0.0,unit_total_var,,0.5,5000000,5000,50000,True,0.0001,,0.0,0.0,1.0,2000,train_pred_mse,210000,0.030662016684853532,0.030264643592180975,4.69858061868271e-05,0.0009908081487458114,1444.1714104555178,65.77702538068883,1.0,0.0,0.0,0,500,500,4000,3074.2701852321625
ok,ptft,16,5000,0.5,2500,0.5,10000,0.001,0.0,0.0,0.1,1.0,0.1,0.0,unit_total_var,,0.5,5000000,5000,50000,True,0.0001,,0.0,0.0,1.0,2000,train_pred_mse,205000,0.029391252485757993,0.02914634840372316,4.6369703664879494e-05,0.0009771643829816882,1375.863319128942,63.24434977575258,1.0,0.0,0.0,0,500,500,4000,3528.243921995163
ok,ptft,17,5000,0.5,2500,0.5,10000,0.001,0.0,0.0,0.1,1.0,0.1,0.0,unit_total_var,,0.5,5000000,5000,50000,True,0.0001,,0.0,0.0,1.0,2000,train_pred_mse,195000,0.02083538329906044,0.02102172182398768,4.796630485343727e-05,0.00104665896913324,1372.0317834866205,64.54561005499846,1.0,0.0,0.0,0,500,500,4000,2795.293928861618
ok,ptft,18,5000,0.5,2500,0.5,10000,0.001,0.0,0.0,0.1,1.0,0.1,0.0,unit_total_var,,0.5,5000000,5000,50000,True,0.0001,,0.0,0.0,1.0,2000,train_pred_mse,205000,0.029864730687793238,0.02972183186222445,4.706569872968359e-05,0.0010984974721063938,1389.967306544766,61.899709013775826,1.0,0.0,0.0,0,500,500,4000,4663.991120815277
ok,ptft,19,5000,0.5,2500,0.5,10000,0.001,0.0,0.0,0.1,1.0,0.1,0.0,unit_total_var,,0.5,5000000,5000,50000,True,0.0001,,0.0,0.0,1.0,2000,train_pred_mse,200000,0.026455620116956832,0.026826520602508383,4.780968244323118e-05,0.001022951645766106,1388.4915564054636,64.7892427298276,1.0,0.0,0.0,0,500,500,4000,3923.681492328644
ok,ptft,6,5000,0.5,2500,0.5,10000,0.001,0.0,0.0,0.1,1.0,0.1,0.0,unit_total_var,,0.5,5000000,5000,50000,True,0.0001,,0.0,0.0,1.0,2000,train_pred_mse,210000,0.02781861149309488,0.02814320689438797,4.667902011280496e-05,0.000961440644289456,1388.2932878164725,64.5738962163333,0.9998,0.0,0.0,0,500,500,4000,2383.613643169403
ok,ptft,7,5000,0.5,2500,0.5,10000,0.001,0.0,0.0,0.1,1.0,0.1,0.0,unit_total_var,,0.5,5000000,5000,50000,True,0.0001,,0.0,0.0,1.0,2000,train_pred_mse,200000,0.028754610630016907,0.028520840925547943,4.8875811041039757e-05,0.0010724655807085226,1455.3618625497836,65.31649561251687,0.9998,0.0,0.0,0,500,500,4000,3331.522186756134
ok,ptft,8,5000,0.5,2500,0.5,10000,0.001,0.0,0.0,0.1,1.0,0.1,0.0,unit_total_var,,0.5,5000000,5000,50000,True,0.0001,,0.0,0.0,1.0,2000,train_pred_mse,215000,0.03534705298789132,0.03574302289839508,4.6756714799632344e-05,0.0010170612325173358,1461.1812056967276,65.98933241865801,1.0,0.0,0.0,0,500,500,4000,4232.411271333695
ok,ptft,9,5000,0.5,2500,0.5,10000,0.001,0.0,0.0,0.1,1.0,0.1,0.0,unit_total_var,,0.5,5000000,5000,50000,True,0.0001,,0.0,0.0,1.0,2000,train_pred_mse,205000,0.024173592325229,0.023983768217417743,4.681167019046874e-05,0.0010018694786413517,1380.2214495972805,63.97034744030347,0.9996,0.0,0.0,0,500,500,4000,3827.792941808701
ok,ptft,10,5000,0.01,50,0.01,10000,0.001,0.0,0.0,0.1,1.0,0.9,0.0,unit_total_var,,0.5,5000000,5000,50000,True,0.0001,,0.0,0.0,1.0,2000,train_pred_mse,5000,1.2046211377509222,1.1835675813502993,7.621665289622441e-09,234.60924110145257,441.0072504910677,26.74170303017882,0.9998,0.0,0.0,0,4500,500,0,4.9914281368255615
ok,ptft,11,5000,0.01,50,0.01,10000,0.001,0.0,0.0,0.1,1.0,0.9,0.0,unit_total_var,,0.5,5000000,5000,50000,True,0.0001,,0.0,0.0,1.0,2000,train_pred_mse,5000,1.13978430335999,1.1094076041949947,3.013619164983199e-08,249.96106020029382,359.9997684190692,21.81688535371841,0.9998,0.0,0.0,0,4500,500,0,5.1418845653533936
ok,ptft,12,5000,0.01,50,0.01,10000,0.001,0.0,0.0,0.1,1.0,0.9,0.0,unit_total_var,,0.5,5000000,5000,50000,True,0.0001,,0.0,0.0,1.0,2000,train_pred_mse,5000,1.0471939840066706,1.0655833760948543,1.7903734688503466e-08,244.160265263915,349.67518815603694,20.543655651501048,0.9994,0.0,0.0,0,4500,500,0,5.2458176612854
ok,ptft,13,5000,0.01,50,0.01,10000,0.001,0.0,0.0,0.1,1.0,0.9,0.0,unit_total_var,,0.5,5000000,5000,50000,True,0.0001,,0.0,0.0,1.0,2000,train_pred_mse,5000,1.1769708342982186,1.168374960506222,2.6177211197796473e-09,289.17906217275106,435.2594382560502,28.09646951909243,0.9994,0.0,0.0,0,4500,500,0,5.006422758102417
ok,ptft,14,5000,0.01,50,0.01,10000,0.001,0.0,0.0,0.1,1.0,0.9,0.0,unit_total_var,,0.5,5000000,5000,50000,True,0.0001,,0.0,0.0,1.0,2000,train_pred_mse,5000,1.1418756018743188,1.12269512656127,1.040467698755282e-08,283.97135800070413,432.90541542878304,25.53390234676839,0.9998,0.0,0.0,0,4500,500,0,6.178334951400758
ok,ptft,15,5000,0.01,50,0.01,10000,0.001,0.0,0.0,0.1,1.0,0.9,0.0,unit_total_var,,0.5,5000000,5000,50000,True,0.0001,,0.0,0.0,1.0,2000,train_pred_mse,5000,1.0926211602777431,1.0883814866661838,1.2852107616755625e-08,286.0446203062648,386.4993099334862,24.12219741382325,0.9998,0.0,0.0,0,4500,500,0,5.946866512298584
ok,ptft,16,5000,0.01,50,0.01,10000,0.001,0.0,0.0,0.1,1.0,0.9,0.0,unit_total_var,,0.5,5000000,5000,50000,True,0.0001,,0.0,0.0,1.0,2000,train_pred_mse,5000,1.0916202361909415,1.0926376484301823,4.945787610025551e-08,254.08132719948918,353.05528030499414,22.45664807136269,0.9996,0.0,0.0,0,4500,500,0,5.477525234222412
ok,ptft,17,5000,0.01,50,0.01,10000,0.001,0.0,0.0,0.1,1.0,0.9,0.0,unit_total_var,,0.5,5000000,5000,50000,True,0.0001,,0.0,0.0,1.0,2000,train_pred_mse,5000,1.0430613783673663,1.0881036958276304,1.0577522238221068e-08,261.0453030129852,373.95473907138364,21.695223020138375,0.9996,0.0,0.0,0,4500,500,0,6.151108980178832
ok,ptft,18,5000,0.01,50,0.01,10000,0.001,0.0,0.0,0.1,1.0,0.9,0.0,unit_total_var,,0.5,5000000,5000,50000,True,0.0001,,0.0,0.0,1.0,2000,train_pred_mse,5000,1.125200026670614,1.1214430821401828,7.75258868237758e-09,275.90102282757067,382.91821114752884,22.11600091216705,0.9998,0.0,0.0,0,4500,500,0,7.208970785140991
ok,ptft,19,5000,0.01,50,0.01,10000,0.001,0.0,0.0,0.1,1.0,0.9,0.0,unit_total_var,,0.5,5000000,5000,50000,True,0.0001,,0.0,0.0,1.0,2000,train_pred_mse,5000,1.110162650410305,1.1149678474943778,3.0300702331182906e-08,278.9029738791819,436.15420963262267,25.71138033550848,0.9998,0.0,0.0,0,4500,500,0,4.697921514511108
ok,ptft,6,5000,0.01,50,0.01,10000,0.001,0.0,0.0,0.1,1.0,0.9,0.0,unit_total_var,,0.5,5000000,5000,50000,True,0.0001,,0.0,0.0,1.0,2000,train_pred_mse,5000,1.081138635637103,1.0718955289652512,4.5146737727740704e-08,250.8513891228587,387.7815697202726,23.144428944515727,0.9994,0.0,0.0,0,4500,500,0,5.9596502780914316
ok,ptft,7,5000,0.01,50,0.01,10000,0.001,0.0,0.0,0.1,1.0,0.9,0.0,unit_total_var,,0.5,5000000,5000,50000,True,0.0001,,0.0,0.0,1.0,2000,train_pred_mse,5000,1.0655023404191746,1.065891879719933,1.9520716897355415e-08,253.62778662747996,330.73560981420144,19.792458755620046,0.9992,0.0,0.0,0,4500,500,0,5.817174196243286
ok,ptft,8,5000,0.01,50,0.01,10000,0.001,0.0,0.0,0.1,1.0,0.9,0.0,unit_total_var,,0.5,5000000,5000,50000,True,0.0001,,0.0,0.0,1.0,2000,train_pred_mse,5000,1.084077862090201,1.075846850703524,1.3223904084416998e-08,243.8589690739242,352.14864934085233,21.633813935221323,0.9988,0.0,0.0,0,4500,500,0,4.682964324951172
ok,ptft,9,5000,0.01,50,0.01,10000,0.001,0.0,0.0,0.1,1.0,0.9,0.0,unit_total_var,,0.5,5000000,5000,50000,True,0.0001,,0.0,0.0,1.0,2000,train_pred_mse,5000,1.0585702423691112,1.0608354046294384,3.342574932607885e-08,243.12034428926611,339.09718192448867,19.846549434442426,0.9998,0.0,0.0,0,4500,500,0,5.038618087768555
ok,ptft,10,5000,0.059,295,0.059000000000000004,10000,0.001,0.0,0.0,0.1,1.0,0.9,0.0,unit_total_var,,0.5,5000000,5000,50000,True,0.0001,,0.0,0.0,1.0,2000,train_pred_mse,15000,1.6865667136600435,1.710080425608178,8.688063001290721e-05,0.011394203070659564,1097.5074825047698,59.10844984529623,0.9998,0.0,0.0,0,4500,500,0,33.31847643852234
ok,ptft,11,5000,0.059,295,0.059000000000000004,10000,0.001,0.0,0.0,0.1,1.0,0.9,0.0,unit_total_var,,0.5,5000000,5000,50000,True,0.0001,,0.0,0.0,1.0,2000,train_pred_mse,10000,1.7050524011396424,1.6572751284434633,0.00035680452458591763,0.07445052613838443,1088.6662611896068,57.95124881854586,0.9998,0.0,0.0,0,4500,500,0,16.428463220596313
ok,ptft,12,5000,0.059,295,0.059000000000000004,10000,0.001,0.0,0.0,0.1,1.0,0.9,0.0,unit_total_var,,0.5,5000000,5000,50000,True,0.0001,,0.0,0.0,1.0,2000,train_pred_mse,15000,1.554925541020782,1.5767527876213785,0.00010847374504057848,0.015029718870837412,1028.2351328876384,55.67265774705734,1.0,0.0,0.0,0,4500,500,0,24.187702178955078
ok,ptft,13,5000,0.059,295,0.059000000000000004,10000,0.001,0.0,0.0,0.1,1.0,0.9,0.0,unit_total_var,,0.5,5000000,5000,50000,True,0.0001,,0.0,0.0,1.0,2000,train_pred_mse,15000,1.6033450691550448,1.6020208065677959,9.649640140977516e-05,0.01343276784558557,1049.1458614959022,55.8099472573289,0.9998,0.0,0.0,0,4500,500,0,36.49946665763854
ok,ptft,14,5000,0.059,295,0.059000000000000004,10000,0.001,0.0,0.0,0.1,1.0,0.9,0.0,unit_total_var,,0.5,5000000,5000,50000,True,0.0001,,0.0,0.0,1.0,2000,train_pred_mse,10000,1.6941246795581308,1.653113389457488,0.00033028607729363384,0.06831495721227437,1069.8148627545693,58.43340904558749,1.0,0.0,0.0,0,4500,500,0,41.07305145263672
ok,ptft,15,5000,0.059,295,0.059000000000000004,10000,0.001,0.0,0.0,0.1,1.0,0.9,0.0,unit_total_var,,0.5,5000000,5000,50000,True,0.0001,,0.0,0.0,1.0,2000,train_pred_mse,10000,1.637562112773272,1.6103836070325803,0.0003224508009467305,0.06292776209601161,1070.2021332093989,57.48951282557237,0.9998,0.0,0.0,0,4500,500,0,25.808815717697144
ok,ptft,16,5000,0.059,295,0.059000000000000004,10000,0.001,0.0,0.0,0.1,1.0,0.9,0.0,unit_total_var,,0.5,5000000,5000,50000,True,0.0001,,0.0,0.0,1.0,2000,train_pred_mse,15000,1.7021314821305702,1.6529494802174451,9.734635097259937e-05,0.013432027154214888,1062.800492206816,58.39207317274689,0.9996,0.0,0.0,0,4500,500,0,22.149892568588253
ok,ptft,17,5000,0.059,295,0.059000000000000004,10000,0.001,0.0,0.0,0.1,1.0,0.9,0.0,unit_total_var,,0.5,5000000,5000,50000,True,0.0001,,0.0,0.0,1.0,2000,train_pred_mse,10000,1.517595618233181,1.5787272726654145,0.00033395551220228296,0.06731506825310346,1059.5868815145564,55.313152923457295,0.9996,0.0,0.0,0,4500,500,0,24.87952995300293
ok,ptft,18,5000,0.059,295,0.059000000000000004,10000,0.001,0.0,0.0,0.1,1.0,0.9,0.0,unit_total_var,,0.5,5000000,5000,50000,True,0.0001,,0.0,0.0,1.0,2000,train_pred_mse,15000,1.6333782110434383,1.6051449123073147,8.534935933148064e-05,0.012131724527930932,1040.1845576940823,55.18528165924477,0.9998,0.0,0.0,0,4500,500,0,57.5776731967926
ok,ptft,19,5000,0.059,295,0.059000000000000004,10000,0.001,0.0,0.0,0.1,1.0,0.9,0.0,unit_total_var,,0.5,5000000,5000,50000,True,0.0001,,0.0,0.0,1.0,2000,train_pred_mse,10000,1.5326544874860633,1.5436269732576646,0.0003126325822654594,0.06785375751136156,1011.5715577643878,54.01803733273741,1.0,0.0,0.0,0,4500,500,0,20.415658235549927
ok,ptft,6,5000,0.059,295,0.059000000000000004,10000,0.001,0.0,0.0,0.1,1.0,0.9,0.0,unit_total_var,,0.5,5000000,5000,50000,True,0.0001,,0.0,0.0,1.0,2000,train_pred_mse,15000,1.5345792494161439,1.5105743998045618,8.077143204939893e-05,0.012344678208166029,992.812809227296,53.18347917915314,0.9996,0.0,0.0,0,4500,500,0,22.259578466415405
ok,ptft,7,5000,0.059,295,0.059000000000000004,10000,0.001,0.0,0.0,0.1,1.0,0.9,0.0,unit_total_var,,0.5,5000000,5000,50000,True,0.0001,,0.0,0.0,1.0,2000,train_pred_mse,10000,1.5547876268175866,1.5585981826034594,0.00028294870059934795,0.06285004966026399,1064.1265084848324,55.023561426216574,0.9998,0.0,0.0,0,4500,500,0,15.229857206344604
ok,ptft,8,5000,0.059,295,0.059000000000000004,10000,0.001,0.0,0.0,0.1,1.0,0.9,0.0,unit_total_var,,0.5,5000000,5000,50000,True,0.0001,,0.0,0.0,1.0,2000,train_pred_mse,15000,1.5513598633033516,1.5568850092534536,7.925057476216239e-05,0.01274797089472866,1003.9195237110504,54.51368655765168,1.0,0.0,0.0,0,4500,500,0,20.319338321685787
ok,ptft,9,5000,0.059,295,0.059000000000000004,10000,0.001,0.0,0.0,0.1,1.0,0.9,0.0,unit_total_var,,0.5,5000000,5000,50000,True,0.0001,,0.0,0.0,1.0,2000,train_pred_mse,10000,1.6202833239974062,1.6288568357255475,0.00032826044102854504,0.0642708688558837,1113.9215372843928,58.34273742788184,1.0,0.0,0.0,0,4500,500,0,14.299835205078125
ok,ptft,10,5000,0.10800000000000001,540,0.10800000000000001,10000,0.001,0.0,0.0,0.1,1.0,0.9,0.0,unit_total_var,,0.5,5000000,5000,50000,True,0.0001,,0.0,0.0,1.0,2000,train_pred_mse,20000,1.6095196754728776,1.5768711192732352,0.0002231175536758965,0.017998185907883737,1275.0114602145673,55.985818068636554,0.9998,0.0,0.0,0,4500,500,0,90.12233805656432
ok,ptft,11,5000,0.10800000000000001,540,0.10800000000000001,10000,0.001,0.0,0.0,0.1,1.0,0.9,0.0,unit_total_var,,0.5,5000000,5000,50000,True,0.0001,,0.0,0.0,1.0,2000,train_pred_mse,20000,1.4736211030999558,1.4512311491551475,0.0002271688474764877,0.020234825582881102,1203.8172671144694,52.44217992017261,1.0,0.0,0.0,0,4500,500,0,46.27865052223206
ok,ptft,12,5000,0.10800000000000001,540,0.10800000000000001,10000,0.001,0.0,0.0,0.1,1.0,0.9,0.0,unit_total_var,,0.5,5000000,5000,50000,True,0.0001,,0.0,0.0,1.0,2000,train_pred_mse,20000,1.4113799787663488,1.4260138668390916,0.00018532913036274976,0.016582415326933928,1261.998554058125,52.73241513448918,1.0,0.0,0.0,0,4500,500,0,48.88161206245422
ok,ptft,13,5000,0.10800000000000001,540,0.10800000000000001,10000,0.001,0.0,0.0,0.1,1.0,0.9,0.0,unit_total_var,,0.5,5000000,5000,50000,True,0.0001,,0.0,0.0,1.0,2000,train_pred_mse,20000,1.4938864044753104,1.4923778416255078,0.0002017252755978567,0.016952483262573082,1275.8793879117125,54.232351318901685,1.0,0.0,0.0,0,4500,500,0,81.00622892379761
ok,ptft,14,5000,0.10800000000000001,540,0.10800000000000001,10000,0.001,0.0,0.0,0.1,1.0,0.9,0.0,unit_total_var,,0.5,5000000,5000,50000,True,0.0001,,0.0,0.0,1.0,2000,train_pred_mse,20000,1.54529065258083,1.4963160179503616,0.00017687161206280484,0.015453825707722562,1317.7359252623428,54.8890861647661,1.0,0.0,0.0,0,4500,500,0,44.686572313308716
ok,ptft,15,5000,0.10800000000000001,540,0.10800000000000001,10000,0.001,0.0,0.0,0.1,1.0,0.9,0.0,unit_total_var,,0.5,5000000,5000,50000,True,0.0001,,0.0,0.0,1.0,2000,train_pred_mse,25000,1.483575259922892,1.4921492579320716,0.00012409360818430346,0.00912079252680714,1250.0465585943684,55.13329842299007,1.0,0.0,0.0,0,4500,500,0,114.08759093284607
ok,ptft,16,5000,0.10800000000000001,540,0.10800000000000001,10000,0.001,0.0,0.0,0.1,1.0,0.9,0.0,unit_total_var,,0.5,5000000,5000,50000,True,0.0001,,0.0,0.0,1.0,2000,train_pred_mse,20000,1.4230958216169836,1.4476077105655718,0.00017698050924240958,0.016051575911865436,1282.4545312491307,53.28150168634757,1.0,0.0,0.0,0,4500,500,0,39.447788953781135
ok,ptft,17,5000,0.10800000000000001,540,0.10800000000000001,10000,0.001,0.0,0.0,0.1,1.0,0.9,0.0,unit_total_var,,0.5,5000000,5000,50000,True,0.0001,,0.0,0.0,1.0,2000,train_pred_mse,25000,1.5356038050692813,1.5215858854211397,0.00012456996248626288,0.009393614770309285,1298.5156047907954,55.9995411066492,1.0,0.0,0.0,0,4500,500,0,121.77727460861206
ok,ptft,18,5000,0.10800000000000001,540,0.10800000000000001,10000,0.001,0.0,0.0,0.1,1.0,0.9,0.0,unit_total_var,,0.5,5000000,5000,50000,True,0.0001,,0.0,0.0,1.0,2000,train_pred_mse,20000,1.5784496309067657,1.571769582808721,0.00020227450863614385,0.017701867807796836,1297.095751342582,57.339494051155135,1.0,0.0,0.0,0,4500,500,0,36.760488986968994
ok,ptft,19,5000,0.10800000000000001,540,0.10800000000000001,10000,0.001,0.0,0.0,0.1,1.0,0.9,0.0,unit_total_var,,0.5,5000000,5000,50000,True,0.0001,,0.0,0.0,1.0,2000,train_pred_mse,20000,1.5359712510135657,1.53507237409667,0.00021852914419294512,0.017966095558438422,1303.3074131330588,56.44028891236432,0.9998,0.0,0.0,0,4500,500,0,43.02304267883301
ok,ptft,6,5000,0.10800000000000001,540,0.10800000000000001,10000,0.001,0.0,0.0,0.1,1.0,0.9,0.0,unit_total_var,,0.5,5000000,5000,50000,True,0.0001,,0.0,0.0,1.0,2000,train_pred_mse,20000,1.4475107007401562,1.438954118135032,0.0002385150918451999,0.020689982989507832,1258.1533858334608,53.40210716832254,1.0,0.0,0.0,0,4500,500,0,48.29976463317871
ok,ptft,7,5000,0.10800000000000001,540,0.10800000000000001,10000,0.001,0.0,0.0,0.1,1.0,0.9,0.0,unit_total_var,,0.5,5000000,5000,50000,True,0.0001,,0.0,0.0,1.0,2000,train_pred_mse,20000,1.6036173207073852,1.6023096291491696,0.0002078611047102575,0.016146020213411813,1311.4647233801688,59.46097568087368,1.0,0.0,0.0,0,4500,500,0,43.237340450286865
ok,ptft,8,5000,0.10800000000000001,540,0.10800000000000001,10000,0.001,0.0,0.0,0.1,1.0,0.9,0.0,unit_total_var,,0.5,5000000,5000,50000,True,0.0001,,0.0,0.0,1.0,2000,train_pred_mse,20000,1.5188606595204734,1.5083191080431182,0.00022926334706096783,0.017505760728618286,1296.5637743979273,56.48618558812368,1.0,0.0,0.0,0,4500,500,0,125.02955460548401
ok,ptft,9,5000,0.10800000000000001,540,0.10800000000000001,10000,0.001,0.0,0.0,0.1,1.0,0.9,0.0,unit_total_var,,0.5,5000000,5000,50000,True,0.0001,,0.0,0.0,1.0,2000,train_pred_mse,20000,1.4559966293406184,1.4629785599133236,0.0002004060941067087,0.017895943216856725,1248.6177105809131,54.20875313794093,0.9996,0.0,0.0,0,4500,500,0,74.61612749099731
ok,ptft,10,5000,0.15700000000000006,785,0.157,10000,0.001,0.0,0.0,0.1,1.0,0.9,0.0,unit_total_var,,0.5,5000000,5000,50000,True,0.0001,,0.0,0.0,1.0,2000,train_pred_mse,30000,1.5139989190926613,1.4877215372185957,0.0001639440950738728,0.009847993173758384,1533.5816921126432,57.86028267258603,1.0,0.0,0.0,0,4500,500,0,158.87224054336545
ok,ptft,11,5000,0.15700000000000006,785,0.157,10000,0.001,0.0,0.0,0.1,1.0,0.9,0.0,unit_total_var,,0.5,5000000,5000,50000,True,0.0001,,0.0,0.0,1.0,2000,train_pred_mse,30000,1.4117772988614972,1.3755226260380535,0.00015211073885905408,0.01078047563466889,1501.1331263902146,53.92630868051261,1.0,0.0,0.0,0,4500,500,0,111.65287899971008
ok,ptft,12,5000,0.15700000000000006,785,0.157,10000,0.001,0.0,0.0,0.1,1.0,0.9,0.0,unit_total_var,,0.5,5000000,5000,50000,True,0.0001,,0.0,0.0,1.0,2000,train_pred_mse,35000,1.2916102721702136,1.327048158780927,0.00013374967754776202,0.008435591479560394,1466.449267716976,53.36529092425257,1.0,0.0,0.0,0,4500,500,0,235.67996668815613
ok,ptft,13,5000,0.15700000000000006,785,0.157,10000,0.001,0.0,0.0,0.1,1.0,0.9,0.0,unit_total_var,,0.5,5000000,5000,50000,True,0.0001,,0.0,0.0,1.0,2000,train_pred_mse,30000,1.3014381463616231,1.3101893147111388,0.00018290967997486418,0.012022440394469085,1396.588608190102,50.89070534887991,1.0,0.0,0.0,0,4500,500,0,193.19052815437317
ok,ptft,14,5000,0.15700000000000006,785,0.157,10000,0.001,0.0,0.0,0.1,1.0,0.9,0.0,unit_total_var,,0.5,5000000,5000,50000,True,0.0001,,0.0,0.0,1.0,2000,train_pred_mse,30000,1.3873532818236352,1.355639805797259,0.00017184659557075566,0.011129478241245334,1397.9649753374174,52.265621581078456,0.9998,0.0,0.0,0,4500,500,0,112.22597670555115
ok,ptft,15,5000,0.15700000000000006,785,0.157,10000,0.001,0.0,0.0,0.1,1.0,0.9,0.0,unit_total_var,,0.5,5000000,5000,50000,True,0.0001,,0.0,0.0,1.0,2000,train_pred_mse,30000,1.3131233361458436,1.326897522265437,0.000183588700401846,0.012260705624062515,1390.4042195498032,51.29578016586591,1.0,0.0,0.0,0,4500,500,0,171.5734100341797
ok,ptft,16,5000,0.15700000000000006,785,0.157,10000,0.001,0.0,0.0,0.1,1.0,0.9,0.0,unit_total_var,,0.5,5000000,5000,50000,True,0.0001,,0.0,0.0,1.0,2000,train_pred_mse,30000,1.3200054118095903,1.318694385184835,0.00015827074737071654,0.010776689096701866,1456.5832408184754,52.21827341331173,0.9998,0.0,0.0,0,4500,500,0,84.83991956710815
ok,ptft,17,5000,0.15700000000000006,785,0.157,10000,0.001,0.0,0.0,0.1,1.0,0.9,0.0,unit_total_var,,0.5,5000000,5000,50000,True,0.0001,,0.0,0.0,1.0,2000,train_pred_mse,30000,1.4320070013874338,1.451211971256721,0.0001813442855425025,0.011544937570497413,1515.298028266726,56.30329826536579,1.0,0.0,0.0,0,4500,500,0,138.47799372673038
ok,ptft,18,5000,0.15700000000000006,785,0.157,10000,0.001,0.0,0.0,0.1,1.0,0.9,0.0,unit_total_var,,0.5,5000000,5000,50000,True,0.0001,,0.0,0.0,1.0,2000,train_pred_mse,30000,1.436673481304266,1.3925568713316232,0.00016158033363016997,0.011068003808079544,1492.4329053442127,53.37812874722442,1.0,0.0,0.0,0,4500,500,0,165.032874584198
ok,ptft,19,5000,0.15700000000000006,785,0.157,10000,0.001,0.0,0.0,0.1,1.0,0.9,0.0,unit_total_var,,0.5,5000000,5000,50000,True,0.0001,,0.0,0.0,1.0,2000,train_pred_mse,35000,1.3346057170920538,1.3298006592733975,0.0001294365679544637,0.007924326994638645,1439.68125026772,52.27146284195501,0.9998,0.0,0.0,0,4500,500,0,170.54697656631467
ok,ptft,6,5000,0.15700000000000006,785,0.157,10000,0.001,0.0,0.0,0.1,1.0,0.9,0.0,unit_total_var,,0.5,5000000,5000,50000,True,0.0001,,0.0,0.0,1.0,2000,train_pred_mse,30000,1.3449366665785891,1.3323615615036546,0.0001744735004188942,0.011785417003964248,1439.2720378169086,52.784127738420075,0.9998,0.0,0.0,0,4500,500,0,131.21595001220706
ok,ptft,7,5000,0.15700000000000006,785,0.157,10000,0.001,0.0,0.0,0.1,1.0,0.9,0.0,unit_total_var,,0.5,5000000,5000,50000,True,0.0001,,0.0,0.0,1.0,2000,train_pred_mse,35000,1.3209804970510892,1.309143559693223,0.00012420092978621678,0.008582365607047055,1373.2663527551244,49.36763075078822,0.9998,0.0,0.0,0,4500,500,0,118.14611911773682
ok,ptft,8,5000,0.15700000000000006,785,0.157,10000,0.001,0.0,0.0,0.1,1.0,0.9,0.0,unit_total_var,,0.5,5000000,5000,50000,True,0.0001,,0.0,0.0,1.0,2000,train_pred_mse,30000,1.4232698791412504,1.4093715401028022,0.00018706779230215145,0.011849432571324243,1486.4627524475006,55.88853034736173,1.0,0.0,0.0,0,4500,500,0,99.07462072372437
ok,ptft,9,5000,0.15700000000000006,785,0.157,10000,0.001,0.0,0.0,0.1,1.0,0.9,0.0,unit_total_var,,0.5,5000000,5000,50000,True,0.0001,,0.0,0.0,1.0,2000,train_pred_mse,30000,1.3512188384678907,1.3370485742612417,0.00017994021048583665,0.01197106142870235,1452.9698311765521,52.429907883740405,1.0,0.0,0.0,0,4500,500,0,228.76383304595947
ok,ptft,10,5000,0.206,1030,0.20600000000000002,10000,0.001,0.0,0.0,0.1,1.0,0.9,0.0,unit_total_var,,0.5,5000000,5000,50000,True,0.0001,,0.0,0.0,1.0,2000,train_pred_mse,40000,1.2982404595083608,1.3013804052130773,0.00015756914882095565,0.008894069406840358,1577.2513056651562,52.60641230823675,1.0,0.0,0.0,0,4500,500,0,468.33234119415283
ok,ptft,11,5000,0.206,1030,0.20600000000000002,10000,0.001,0.0,0.0,0.1,1.0,0.9,0.0,unit_total_var,,0.5,5000000,5000,50000,True,0.0001,,0.0,0.0,1.0,2000,train_pred_mse,45000,1.3370638717318248,1.294661982086519,0.0001276860828532304,0.006947967903459297,1568.985657962382,52.33528877395544,1.0,0.0,0.0,0,4500,500,0,235.94356298446652
ok,ptft,12,5000,0.206,1030,0.20600000000000002,10000,0.001,0.0,0.0,0.1,1.0,0.9,0.0,unit_total_var,,0.5,5000000,5000,50000,True,0.0001,,0.0,0.0,1.0,2000,train_pred_mse,45000,1.2623223845782918,1.260412761847456,0.00012564038177764248,0.00708729251379119,1614.3353858907146,53.051950884240036,1.0,0.0,0.0,0,4500,500,0,184.1092796325684
ok,ptft,13,5000,0.206,1030,0.20600000000000002,10000,0.001,0.0,0.0,0.1,1.0,0.9,0.0,unit_total_var,,0.5,5000000,5000,50000,True,0.0001,,0.0,0.0,1.0,2000,train_pred_mse,45000,1.2231476229572344,1.2136197062429954,0.00011675002630764505,0.007057723851234938,1594.2249028782514,51.64858030048376,0.9998,0.0,0.0,0,4500,500,0,357.4042935371399
ok,ptft,14,5000,0.206,1030,0.20600000000000002,10000,0.001,0.0,0.0,0.1,1.0,0.9,0.0,unit_total_var,,0.5,5000000,5000,50000,True,0.0001,,0.0,0.0,1.0,2000,train_pred_mse,40000,1.3184990542221715,1.286827138912783,0.0001624581692615807,0.0092341094951506,1664.7927488950102,54.532850664176856,1.0,0.0,0.0,0,4500,500,0,233.72608160972595
ok,ptft,15,5000,0.206,1030,0.20600000000000002,10000,0.001,0.0,0.0,0.1,1.0,0.9,0.0,unit_total_var,,0.5,5000000,5000,50000,True,0.0001,,0.0,0.0,1.0,2000,train_pred_mse,45000,1.2233140053264329,1.2257924823508868,0.00013425715496761498,0.007727244809259274,1544.148623845338,50.08368800304039,0.9998,0.0,0.0,0,4500,500,0,333.61505270004267
ok,ptft,16,5000,0.206,1030,0.20600000000000002,10000,0.001,0.0,0.0,0.1,1.0,0.9,0.0,unit_total_var,,0.5,5000000,5000,50000,True,0.0001,,0.0,0.0,1.0,2000,train_pred_mse,45000,1.3115892814565868,1.2890884542683652,0.00012413278440594216,0.006818477945951238,1632.8613600128522,54.55905158570611,0.9998,0.0,0.0,0,4500,500,0,450.5211336612701
ok,ptft,17,5000,0.206,1030,0.20600000000000002,10000,0.001,0.0,0.0,0.1,1.0,0.9,0.0,unit_total_var,,0.5,5000000,5000,50000,True,0.0001,,0.0,0.0,1.0,2000,train_pred_mse,45000,1.2343475153586112,1.2535660860911677,0.0001318814054531666,0.0073146913687133185,1586.219135965886,51.822175411162796,1.0,0.0,0.0,0,4500,500,0,325.25154757499695
ok,ptft,18,5000,0.206,1030,0.20600000000000002,10000,0.001,0.0,0.0,0.1,1.0,0.9,0.0,unit_total_var,,0.5,5000000,5000,50000,True,0.0001,,0.0,0.0,1.0,2000,train_pred_mse,40000,1.3468020000531706,1.3155340666047008,0.00014443778043176666,0.008150924614064756,1669.1707781991581,54.772693876459904,1.0,0.0,0.0,0,4500,500,0,343.61634588241577
ok,ptft,19,5000,0.206,1030,0.20600000000000002,10000,0.001,0.0,0.0,0.1,1.0,0.9,0.0,unit_total_var,,0.5,5000000,5000,50000,True,0.0001,,0.0,0.0,1.0,2000,train_pred_mse,40000,1.2746833623551286,1.2866799341069195,0.00015320409136795326,0.008616352843471608,1649.8336315115591,53.85210382017272,1.0,0.0,0.0,0,4500,500,0,171.61409950256348
ok,ptft,6,5000,0.206,1030,0.20600000000000002,10000,0.001,0.0,0.0,0.1,1.0,0.9,0.0,unit_total_var,,0.5,5000000,5000,50000,True,0.0001,,0.0,0.0,1.0,2000,train_pred_mse,45000,1.2483924257475951,1.2356565191275821,0.00012104908426547414,0.006816572003756692,1666.3382103717306,54.39861677151934,1.0,0.0,0.0,0,4500,500,0,343.77281308174133
ok,ptft,7,5000,0.206,1030,0.20600000000000002,10000,0.001,0.0,0.0,0.1,1.0,0.9,0.0,unit_total_var,,0.5,5000000,5000,50000,True,0.0001,,0.0,0.0,1.0,2000,train_pred_mse,45000,1.1911050063683104,1.2085810873764211,0.00012649695096797914,0.007326583689184181,1592.8238901762554,51.50067829627996,0.9998,0.0,0.0,0,4500,500,0,248.13378691673282
ok,ptft,8,5000,0.206,1030,0.20600000000000002,10000,0.001,0.0,0.0,0.1,1.0,0.9,0.0,unit_total_var,,0.5,5000000,5000,50000,True,0.0001,,0.0,0.0,1.0,2000,train_pred_mse,45000,1.2472635752199561,1.2519120165424402,0.00011905223612516097,0.006800930912820261,1647.0183114691458,53.89252442921399,0.9998,0.0,0.0,0,4500,500,0,209.580201625824
ok,ptft,9,5000,0.206,1030,0.20600000000000002,10000,0.001,0.0,0.0,0.1,1.0,0.9,0.0,unit_total_var,,0.5,5000000,5000,50000,True,0.0001,,0.0,0.0,1.0,2000,train_pred_mse,40000,1.2134164838136057,1.246404056186837,0.00014884781534709167,0.008790622544951584,1632.7259798926025,52.48510262725389,1.0,0.0,0.0,0,4500,500,0,364.19884729385376
ok,ptft,10,5000,0.255,1275,0.255,10000,0.001,0.0,0.0,0.1,1.0,0.9,0.0,unit_total_var,,0.5,5000000,5000,50000,True,0.0001,,0.0,0.0,1.0,2000,train_pred_mse,55000,1.2351582662355722,1.2157348577507543,0.0001193832909690966,0.006133299738098404,1807.5032105131968,55.16611343286526,0.9998,0.0,0.0,0,4500,500,0,794.5025660991669
ok,ptft,11,5000,0.255,1275,0.255,10000,0.001,0.0,0.0,0.1,1.0,0.9,0.0,unit_total_var,,0.5,5000000,5000,50000,True,0.0001,,0.0,0.0,1.0,2000,train_pred_mse,55000,1.2366196599623456,1.2112761934738658,0.0001318599381324015,0.006923641417582061,1785.2895948572568,53.50296022571303,0.9996,0.0,0.0,0,4500,500,0,369.1892018318176
ok,ptft,12,5000,0.255,1275,0.255,10000,0.001,0.0,0.0,0.1,1.0,0.9,0.0,unit_total_var,,0.5,5000000,5000,50000,True,0.0001,,0.0,0.0,1.0,2000,train_pred_mse,60000,1.1478636575827503,1.151723192932817,0.00011545908738129729,0.005626408609519706,1776.4186269420816,53.761331399084355,0.9998,0.0,0.0,0,4500,500,0,413.023006439209
ok,ptft,13,5000,0.255,1275,0.255,10000,0.001,0.0,0.0,0.1,1.0,0.9,0.0,unit_total_var,,0.5,5000000,5000,50000,True,0.0001,,0.0,0.0,1.0,2000,train_pred_mse,55000,1.2168059147457275,1.209224288390704,0.00011742134385444454,0.006015334231569699,1856.7304628489446,55.461323449775676,1.0,0.0,0.0,0,4500,500,0,506.9437096118927
ok,ptft,14,5000,0.255,1275,0.255,10000,0.001,0.0,0.0,0.1,1.0,0.9,0.0,unit_total_var,,0.5,5000000,5000,50000,True,0.0001,,0.0,0.0,1.0,2000,train_pred_mse,55000,1.2347737864374122,1.216804818251846,0.00011909292704413628,0.006050673803036861,1828.735702066284,55.375976396325385,1.0,0.0,0.0,0,4500,500,0,436.3412895202637
ok,ptft,15,5000,0.255,1275,0.255,10000,0.001,0.0,0.0,0.1,1.0,0.9,0.0,unit_total_var,,0.5,5000000,5000,50000,True,0.0001,,0.0,0.0,1.0,2000,train_pred_mse,55000,1.1744664684210373,1.156618014966904,0.00013892705038880338,0.00717101842794641,1760.8765889215192,53.12552159003524,1.0,0.0,0.0,0,4500,500,0,501.631863117218
ok,ptft,16,5000,0.255,1275,0.255,10000,0.001,0.0,0.0,0.1,1.0,0.9,0.0,unit_total_var,,0.5,5000000,5000,50000,True,0.0001,,0.0,0.0,1.0,2000,train_pred_mse,60000,1.1357803240231552,1.1489948851738063,0.00010962812518690186,0.0056412668132389925,1753.856233077254,52.163432839224555,1.0,0.0,0.0,0,4500,500,0,743.5048687458037
ok,ptft,17,5000,0.255,1275,0.255,10000,0.001,0.0,0.0,0.1,1.0,0.9,0.0,unit_total_var,,0.5,5000000,5000,50000,True,0.0001,,0.0,0.0,1.0,2000,train_pred_mse,60000,1.1615707278096363,1.1808224437963348,0.00010896670087962204,0.00543810158549559,1764.4910831245527,53.439236872663,1.0,0.0,0.0,0,4500,500,0,529.0564205646515
ok,ptft,18,5000,0.255,1275,0.255,10000,0.001,0.0,0.0,0.1,1.0,0.9,0.0,unit_total_var,,0.5,5000000,5000,50000,True,0.0001,,0.0,0.0,1.0,2000,train_pred_mse,55000,1.1994960451704662,1.1977646030090368,0.0001226819697757557,0.006164813268356197,1807.7356336869989,55.406824981773745,0.9998,0.0,0.0,0,4500,500,0,410.7982678413391
ok,ptft,19,5000,0.255,1275,0.255,10000,0.001,0.0,0.0,0.1,1.0,0.9,0.0,unit_total_var,,0.5,5000000,5000,50000,True,0.0001,,0.0,0.0,1.0,2000,train_pred_mse,55000,1.1539162851264748,1.1744073253607907,0.00010965458869047033,0.005748482738502032,1790.3247177908506,53.85828836540848,0.9998,0.0,0.0,0,4500,500,0,340.08789682388306
ok,ptft,6,5000,0.255,1275,0.255,10000,0.001,0.0,0.0,0.1,1.0,0.9,0.0,unit_total_var,,0.5,5000000,5000,50000,True,0.0001,,0.0,0.0,1.0,2000,train_pred_mse,60000,1.1545382494373828,1.1553431096499298,0.0001137745050806402,0.005843276991908264,1773.4427882225073,52.67461447622871,1.0,0.0,0.0,0,4500,500,0,371.7510979175568
ok,ptft,7,5000,0.255,1275,0.255,10000,0.001,0.0,0.0,0.1,1.0,0.9,0.0,unit_total_var,,0.5,5000000,5000,50000,True,0.0001,,0.0,0.0,1.0,2000,train_pred_mse,55000,1.1690661971443241,1.1669091579901256,0.00013067212750896104,0.006658070989925131,1772.7813264624294,53.32875102977221,1.0,0.0,0.0,0,4500,500,0,415.15252327919006
ok,ptft,8,5000,0.255,1275,0.255,10000,0.001,0.0,0.0,0.1,1.0,0.9,0.0,unit_total_var,,0.5,5000000,5000,50000,True,0.0001,,0.0,0.0,1.0,2000,train_pred_mse,55000,1.1080823722587152,1.1253692786916036,0.00013557589426739028,0.007093176515122568,1735.8593357434838,52.252453164119,1.0,0.0,0.0,0,4500,500,0,363.2668764591217
ok,ptft,9,5000,0.255,1275,0.255,10000,0.001,0.0,0.0,0.1,1.0,0.9,0.0,unit_total_var,,0.5,5000000,5000,50000,True,0.0001,,0.0,0.0,1.0,2000,train_pred_mse,55000,1.1772723189671694,1.1812497118977252,0.00013840345521239105,0.007066819699311891,1781.6936815937215,53.89055834952116,1.0,0.0,0.0,0,4500,500,0,568.0171692371367
ok,ptft,10,5000,0.30400000000000005,1520,0.304,10000,0.001,0.0,0.0,0.1,1.0,0.9,0.0,unit_total_var,,0.5,5000000,5000,50000,True,0.0001,,0.0,0.0,1.0,2000,train_pred_mse,70000,1.1484500299094729,1.138577181063515,0.00011457579595263203,0.005201524908669663,2016.6125914229974,56.19781304978311,1.0,0.0,0.0,0,4500,500,0,676.5281991958617
ok,ptft,11,5000,0.30400000000000005,1520,0.304,10000,0.001,0.0,0.0,0.1,1.0,0.9,0.0,unit_total_var,,0.5,5000000,5000,50000,True,0.0001,,0.0,0.0,1.0,2000,train_pred_mse,70000,1.1657697177779769,1.1388714024785265,0.0001183787649317803,0.005626778816635622,1965.305763979948,55.11966404847468,1.0,0.0,0.0,0,4500,500,0,546.495667219162
ok,ptft,12,5000,0.30400000000000005,1520,0.304,10000,0.001,0.0,0.0,0.1,1.0,0.9,0.0,unit_total_var,,0.5,5000000,5000,50000,True,0.0001,,0.0,0.0,1.0,2000,train_pred_mse,75000,1.0746273953859384,1.068144633273702,0.00010011822908172102,0.004630744406546442,1910.5211802223275,53.62774321787567,1.0,0.0,0.0,0,4500,500,0,736.8337452411653
ok,ptft,13,5000,0.30400000000000005,1520,0.304,10000,0.001,0.0,0.0,0.1,1.0,0.9,0.0,unit_total_var,,0.5,5000000,5000,50000,True,0.0001,,0.0,0.0,1.0,2000,train_pred_mse,70000,1.1108163657692691,1.1040715512882235,0.00011524398334929887,0.0056312981835395185,1912.7695089696465,53.363958029911785,0.9998,0.0,0.0,0,4500,500,0,704.3506968021393
ok,ptft,14,5000,0.30400000000000005,1520,0.304,10000,0.001,0.0,0.0,0.1,1.0,0.9,0.0,unit_total_var,,0.5,5000000,5000,50000,True,0.0001,,0.0,0.0,1.0,2000,train_pred_mse,70000,1.1312932005164318,1.0940632857929742,0.0001140475804472748,0.005254653764220138,1925.5024170153952,54.456065416363494,1.0,0.0,0.0,0,4500,500,0,751.2279818058014
ok,ptft,15,5000,0.30400000000000005,1520,0.304,10000,0.001,0.0,0.0,0.1,1.0,0.9,0.0,unit_total_var,,0.5,5000000,5000,50000,True,0.0001,,0.0,0.0,1.0,2000,train_pred_mse,75000,1.0802655924362408,1.0562694493795426,9.94272538629798e-05,0.004843080638026511,1930.2309790766494,53.68231418202297,0.9994,0.0,0.0,0,4500,500,0,684.4603247642518
ok,ptft,16,5000,0.30400000000000005,1520,0.304,10000,0.001,0.0,0.0,0.1,1.0,0.9,0.0,unit_total_var,,0.5,5000000,5000,50000,True,0.0001,,0.0,0.0,1.0,2000,train_pred_mse,75000,1.07091924140899,1.103010119895981,9.96790777577244e-05,0.004802310312541465,1899.3460723331252,52.821553588922605,1.0,0.0,0.0,0,4500,500,0,811.2442297935486
ok,ptft,17,5000,0.30400000000000005,1520,0.304,10000,0.001,0.0,0.0,0.1,1.0,0.9,0.0,unit_total_var,,0.5,5000000,5000,50000,True,0.0001,,0.0,0.0,1.0,2000,train_pred_mse,75000,1.0766849267270309,1.1024431926274274,9.989712599440075e-05,0.004702530820483642,1917.814914534983,54.14128665373226,1.0,0.0,0.0,0,4500,500,0,780.4799032211304
ok,ptft,18,5000,0.30400000000000005,1520,0.304,10000,0.001,0.0,0.0,0.1,1.0,0.9,0.0,unit_total_var,,0.5,5000000,5000,50000,True,0.0001,,0.0,0.0,1.0,2000,train_pred_mse,70000,1.1026613891421069,1.1041137591970158,0.00011289514741227448,0.005385596653260232,1944.758108183786,54.68372126323259,1.0,0.0,0.0,0,4500,500,0,739.1250598430634
ok,ptft,19,5000,0.30400000000000005,1520,0.304,10000,0.001,0.0,0.0,0.1,1.0,0.9,0.0,unit_total_var,,0.5,5000000,5000,50000,True,0.0001,,0.0,0.0,1.0,2000,train_pred_mse,70000,1.070429423514623,1.049196059554624,0.00011399308916705796,0.00570118064349583,1910.7741607133169,53.43747001717975,1.0,0.0,0.0,0,4500,500,0,996.6752903461456
ok,ptft,6,5000,0.30400000000000005,1520,0.304,10000,0.001,0.0,0.0,0.1,1.0,0.9,0.0,unit_total_var,,0.5,5000000,5000,50000,True,0.0001,,0.0,0.0,1.0,2000,train_pred_mse,75000,1.037497914509412,1.0296334954621689,0.00010589759187609788,0.005230154643174976,1856.9847546066824,51.54701092285228,1.0,0.0,0.0,0,4500,500,0,684.9307565689088
ok,ptft,7,5000,0.30400000000000005,1520,0.304,10000,0.001,0.0,0.0,0.1,1.0,0.9,0.0,unit_total_var,,0.5,5000000,5000,50000,True,0.0001,,0.0,0.0,1.0,2000,train_pred_mse,70000,1.1218468785910276,1.1122951317671417,0.00011597431048818601,0.005348606572001264,2014.190905024065,55.939161413791076,1.0,0.0,0.0,0,4500,500,0,635.6113302707672
ok,ptft,8,5000,0.30400000000000005,1520,0.304,10000,0.001,0.0,0.0,0.1,1.0,0.9,0.0,unit_total_var,,0.5,5000000,5000,50000,True,0.0001,,0.0,0.0,1.0,2000,train_pred_mse,75000,1.039054400152653,1.057997952167824,9.976567841934971e-05,0.004911547055846845,1879.5896616119423,52.032696491168,1.0,0.0,0.0,0,4500,500,0,727.0991253852844
ok,ptft,9,5000,0.30400000000000005,1520,0.304,10000,0.001,0.0,0.0,0.1,1.0,0.9,0.0,unit_total_var,,0.5,5000000,5000,50000,True,0.0001,,0.0,0.0,1.0,2000,train_pred_mse,70000,1.0967018815585303,1.1062159640420828,0.00011797257480556616,0.0056499611807251365,2004.2533595349128,56.37653780335725,1.0,0.0,0.0,0,4500,500,0,573.9003028869629
ok,ptft,10,5000,0.35300000000000004,1765,0.353,10000,0.001,0.0,0.0,0.1,1.0,0.9,0.0,unit_total_var,,0.5,5000000,5000,50000,True,0.0001,,0.0,0.0,1.0,2000,train_pred_mse,90000,0.9684485730819166,1.0046044514075514,0.00010511474397892012,0.004872277349960911,2138.0267130264256,55.217615456236075,1.0,0.0,0.0,0,4500,500,0,1149.675167798996
ok,ptft,11,5000,0.35300000000000004,1765,0.353,10000,0.001,0.0,0.0,0.1,1.0,0.9,0.0,unit_total_var,,0.5,5000000,5000,50000,True,0.0001,,0.0,0.0,1.0,2000,train_pred_mse,95000,1.0498570825586475,1.0257064579207844,9.365977754736213e-05,0.004243225763224332,2066.0648680699383,54.72254678739742,1.0,0.0,0.0,0,4500,500,0,897.5719478130341
ok,ptft,12,5000,0.35300000000000004,1765,0.353,10000,0.001,0.0,0.0,0.1,1.0,0.9,0.0,unit_total_var,,0.5,5000000,5000,50000,True,0.0001,,0.0,0.0,1.0,2000,train_pred_mse,95000,1.0313007043492086,1.014947390110449,9.651863959761562e-05,0.0042320058023913205,2037.672818613522,54.080188731748365,1.0,0.0,0.0,0,4500,500,0,1403.0430624485016
ok,ptft,13,5000,0.35300000000000004,1765,0.353,10000,0.001,0.0,0.0,0.1,1.0,0.9,0.0,unit_total_var,,0.5,5000000,5000,50000,True,0.0001,,0.0,0.0,1.0,2000,train_pred_mse,90000,1.0115092992482464,1.018388015916817,9.809365786888128e-05,0.0043976862487069045,2113.952850408149,55.935267047338144,1.0,0.0,0.0,0,4500,500,0,987.9700784683228
ok,ptft,14,5000,0.35300000000000004,1765,0.353,10000,0.001,0.0,0.0,0.1,1.0,0.9,0.0,unit_total_var,,0.5,5000000,5000,50000,True,0.0001,,0.0,0.0,1.0,2000,train_pred_mse,95000,1.0115222201969836,0.9989089225467199,9.657788747274859e-05,0.0041782052284222,2112.8192090849802,55.71406695738128,0.9998,0.0,0.0,0,4500,500,0,1090.767193317413
ok,ptft,15,5000,0.35300000000000004,1765,0.353,10000,0.001,0.0,0.0,0.1,1.0,0.9,0.0,unit_total_var,,0.5,5000000,5000,50000,True,0.0001,,0.0,0.0,1.0,2000,train_pred_mse,90000,0.9813482861919892,0.98388062138943,9.835421840198556e-05,0.004429636376888031,2077.457702097744,55.29979033759381,1.0,0.0,0.0,0,4500,500,0,908.2504961490632
ok,ptft,16,5000,0.35300000000000004,1765,0.353,10000,0.001,0.0,0.0,0.1,1.0,0.9,0.0,unit_total_var,,0.5,5000000,5000,50000,True,0.0001,,0.0,0.0,1.0,2000,train_pred_mse,100000,0.992302276364692,0.9978394317312638,8.78771457459248e-05,0.0036956551095192595,2059.01858911025,55.27967815332819,0.9998,0.0,0.0,0,4500,500,0,1602.5955891609192
ok,ptft,17,5000,0.35300000000000004,1765,0.353,10000,0.001,0.0,0.0,0.1,1.0,0.9,0.0,unit_total_var,,0.5,5000000,5000,50000,True,0.0001,,0.0,0.0,1.0,2000,train_pred_mse,95000,0.9670482928297752,0.9982148508141854,8.986710543790679e-05,0.003982739763832986,2084.4535933171205,54.3152704300097,1.0,0.0,0.0,0,4500,500,0,1096.9222912788389
ok,ptft,18,5000,0.35300000000000004,1765,0.353,10000,0.001,0.0,0.0,0.1,1.0,0.9,0.0,unit_total_var,,0.5,5000000,5000,50000,True,0.0001,,0.0,0.0,1.0,2000,train_pred_mse,90000,1.0607726688501846,1.0375968693687816,9.143457734862647e-05,0.0039762391963317776,2153.5864688225033,56.6271080237154,1.0,0.0,0.0,0,4500,500,0,1438.820748090744
ok,ptft,19,5000,0.35300000000000004,1765,0.353,10000,0.001,0.0,0.0,0.1,1.0,0.9,0.0,unit_total_var,,0.5,5000000,5000,50000,True,0.0001,,0.0,0.0,1.0,2000,train_pred_mse,95000,0.955886890296898,0.971064810285532,9.696701772863207e-05,0.0044122698671449035,2030.96474229066,53.44951532174944,1.0,0.0,0.0,0,4500,500,0,1543.007327079773
ok,ptft,6,5000,0.35300000000000004,1765,0.353,10000,0.001,0.0,0.0,0.1,1.0,0.9,0.0,unit_total_var,,0.5,5000000,5000,50000,True,0.0001,,0.0,0.0,1.0,2000,train_pred_mse,95000,0.9925617075978598,0.9939562572137038,9.0289331845697e-05,0.00399261437142496,2112.7871660491933,55.472524328142825,0.9998,0.0,0.0,0,4500,500,0,1006.9905254840852
ok,ptft,7,5000,0.35300000000000004,1765,0.353,10000,0.001,0.0,0.0,0.1,1.0,0.9,0.0,unit_total_var,,0.5,5000000,5000,50000,True,0.0001,,0.0,0.0,1.0,2000,train_pred_mse,90000,1.0140126978015485,1.005269978995042,0.00010074890351191754,0.004650333684639882,2089.0470395138827,55.299045792144355,1.0,0.0,0.0,0,4500,500,0,979.7540919780732
ok,ptft,8,5000,0.35300000000000004,1765,0.353,10000,0.001,0.0,0.0,0.1,1.0,0.9,0.0,unit_total_var,,0.5,5000000,5000,50000,True,0.0001,,0.0,0.0,1.0,2000,train_pred_mse,95000,1.0306171790667868,1.033962230833224,9.521446408475004e-05,0.004228235680748135,2053.721801039312,54.59435295779261,1.0,0.0,0.0,0,4500,500,0,1171.4704718589785
ok,ptft,9,5000,0.35300000000000004,1765,0.353,10000,0.001,0.0,0.0,0.1,1.0,0.9,0.0,unit_total_var,,0.5,5000000,5000,50000,True,0.0001,,0.0,0.0,1.0,2000,train_pred_mse,95000,1.0033631401214935,1.0003662171820686,9.49911378307872e-05,0.00424110727515586,2070.3646164700203,54.86462798669275,1.0,0.0,0.0,0,4500,500,0,713.9984202384949
ok,ptft,10,5000,0.402,2010,0.402,10000,0.001,0.0,0.0,0.1,1.0,0.9,0.0,unit_total_var,,0.5,5000000,5000,50000,True,0.0001,,0.0,0.0,1.0,2000,train_pred_mse,115000,0.970647265784224,0.9594322826633028,8.511224552232855e-05,0.0035328811812532787,2311.208597733114,58.12791741748736,1.0,0.0,0.0,0,4500,500,0,1734.5870661735535
ok,ptft,11,5000,0.402,2010,0.402,10000,0.001,0.0,0.0,0.1,1.0,0.9,0.0,unit_total_var,,0.5,5000000,5000,50000,True,0.0001,,0.0,0.0,1.0,2000,train_pred_mse,115000,0.9897274947240604,0.9692330700490248,9.053943422111156e-05,0.003853143229889513,2299.349257238157,57.9011217971064,1.0,0.0,0.0,0,4500,500,0,1227.1235530376434
ok,ptft,12,5000,0.402,2010,0.402,10000,0.001,0.0,0.0,0.1,1.0,0.9,0.0,unit_total_var,,0.5,5000000,5000,50000,True,0.0001,,0.0,0.0,1.0,2000,train_pred_mse,110000,0.9195616986178888,0.9194836585236164,9.247196621055616e-05,0.004055100219109534,2215.110064325774,55.463362959443366,1.0,0.0,0.0,0,4500,500,0,1849.3153488636015
ok,ptft,13,5000,0.402,2010,0.402,10000,0.001,0.0,0.0,0.1,1.0,0.9,0.0,unit_total_var,,0.5,5000000,5000,50000,True,0.0001,,0.0,0.0,1.0,2000,train_pred_mse,110000,0.9540537459126944,0.9415466124862081,8.77537518706644e-05,0.0037190067106582783,2290.343479933244,57.19941011973075,1.0,0.0,0.0,0,4500,500,0,1279.670928478241
ok,ptft,14,5000,0.402,2010,0.402,10000,0.001,0.0,0.0,0.1,1.0,0.9,0.0,unit_total_var,,0.5,5000000,5000,50000,True,0.0001,,0.0,0.0,1.0,2000,train_pred_mse,115000,0.9369206320880862,0.9350312778365258,8.362435231817951e-05,0.0036877811530420623,2215.7350562389283,55.56029373531781,1.0,0.0,0.0,0,4500,500,0,1589.6821205615995
ok,ptft,15,5000,0.402,2010,0.402,10000,0.001,0.0,0.0,0.1,1.0,0.9,0.0,unit_total_var,,0.5,5000000,5000,50000,True,0.0001,,0.0,0.0,1.0,2000,train_pred_mse,120000,0.9057602444688604,0.907062600993664,8.087503056532299e-05,0.0035709365649543357,2185.459430337155,54.925390212556685,1.0,0.0,0.0,0,4500,500,0,2488.4078676700587
ok,ptft,16,5000,0.402,2010,0.402,10000,0.001,0.0,0.0,0.1,1.0,0.9,0.0,unit_total_var,,0.5,5000000,5000,50000,True,0.0001,,0.0,0.0,1.0,2000,train_pred_mse,115000,0.8905602586216063,0.9062775573658991,8.472341569709573e-05,0.003565457962418593,2253.575950086109,57.057213302633,0.9998,0.0,0.0,0,4500,500,0,2064.3898012638087
ok,ptft,17,5000,0.402,2010,0.402,10000,0.001,0.0,0.0,0.1,1.0,0.9,0.0,unit_total_var,,0.5,5000000,5000,50000,True,0.0001,,0.0,0.0,1.0,2000,train_pred_mse,115000,0.8904211166793852,0.9068328100926134,8.270968965791145e-05,0.003489906237501135,2259.1903271082106,56.87964121705975,1.0,0.0,0.0,0,4500,500,0,1892.3950173854828
ok,ptft,18,5000,0.402,2010,0.402,10000,0.001,0.0,0.0,0.1,1.0,0.9,0.0,unit_total_var,,0.5,5000000,5000,50000,True,0.0001,,0.0,0.0,1.0,2000,train_pred_mse,120000,0.9757994594292794,0.9714512386298316,8.234532068638296e-05,0.003328855030214613,2232.213908927199,56.758729478764664,1.0,0.0,0.0,0,4500,500,0,1855.286397218704
ok,ptft,19,5000,0.402,2010,0.402,10000,0.001,0.0,0.0,0.1,1.0,0.9,0.0,unit_total_var,,0.5,5000000,5000,50000,True,0.0001,,0.0,0.0,1.0,2000,train_pred_mse,115000,0.9373675032675649,0.9262357772762184,8.613800748613031e-05,0.0036672571744846743,2259.784371269357,56.55051068012283,0.9998,0.0,0.0,0,4500,500,0,1955.2573826313017
ok,ptft,6,5000,0.402,2010,0.402,10000,0.001,0.0,0.0,0.1,1.0,0.9,0.0,unit_total_var,,0.5,5000000,5000,50000,True,0.0001,,0.0,0.0,1.0,2000,train_pred_mse,120000,0.8838559854956222,0.8882706840991854,8.547985970879921e-05,0.0036928710498022256,2179.570042027652,54.58543864930365,1.0,0.0,0.0,0,4500,500,0,1626.2026550769806
ok,ptft,7,5000,0.402,2010,0.402,10000,0.001,0.0,0.0,0.1,1.0,0.9,0.0,unit_total_var,,0.5,5000000,5000,50000,True,0.0001,,0.0,0.0,1.0,2000,train_pred_mse,115000,0.9240638312165488,0.8957330138991394,8.899777400200916e-05,0.003893765669517532,2218.34860018086,54.91638156611205,1.0,0.0,0.0,0,4500,500,0,1484.3390386104584
ok,ptft,8,5000,0.402,2010,0.402,10000,0.001,0.0,0.0,0.1,1.0,0.9,0.0,unit_total_var,,0.5,5000000,5000,50000,True,0.0001,,0.0,0.0,1.0,2000,train_pred_mse,120000,0.9258452729346619,0.9291313922284432,8.194721330536841e-05,0.00351926109909702,2196.5325737254866,55.62958480676582,1.0,0.0,0.0,0,4500,500,0,1949.645513534546
ok,ptft,9,5000,0.402,2010,0.402,10000,0.001,0.0,0.0,0.1,1.0,0.9,0.0,unit_total_var,,0.5,5000000,5000,50000,True,0.0001,,0.0,0.0,1.0,2000,train_pred_mse,120000,0.8908561403937573,0.9032664442964174,8.534716465424596e-05,0.003737935030038279,2213.636483980521,54.99561643166282,0.9998,0.0,0.0,0,4500,500,0,1368.6393978595736
ok,ptft,10,5000,0.451,2255,0.451,10000,0.001,0.0,0.0,0.1,1.0,0.9,0.0,unit_total_var,,0.5,5000000,5000,50000,True,0.0001,,0.0,0.0,1.0,2000,train_pred_mse,135000,0.8981668878849818,0.8882724710899993,8.250895487233767e-05,0.0033845532776583453,2459.9734461585526,58.87379090614072,1.0,0.0,0.0,0,4500,500,0,2136.834503173828
ok,ptft,11,5000,0.451,2255,0.451,10000,0.001,0.0,0.0,0.1,1.0,0.9,0.0,unit_total_var,,0.5,5000000,5000,50000,True,0.0001,,0.0,0.0,1.0,2000,train_pred_mse,145000,0.8966453965038096,0.881806754311582,7.795200295041025e-05,0.003166486858357053,2389.4334504235976,57.68065966582085,0.9998,0.0,0.0,0,4500,500,0,2338.7483792304997
ok,ptft,12,5000,0.451,2255,0.451,10000,0.001,0.0,0.0,0.1,1.0,0.9,0.0,unit_total_var,,0.5,5000000,5000,50000,True,0.0001,,0.0,0.0,1.0,2000,train_pred_mse,145000,0.8333961292343425,0.8464435255323355,7.52969272645252e-05,0.0030558228103510204,2325.826860300891,56.42973706493486,1.0,0.0,0.0,0,4500,500,0,2443.167720079422
ok,ptft,13,5000,0.451,2255,0.451,10000,0.001,0.0,0.0,0.1,1.0,0.9,0.0,unit_total_var,,0.5,5000000,5000,50000,True,0.0001,,0.0,0.0,1.0,2000,train_pred_mse,140000,0.8357295634405196,0.8326164521040257,7.816412384444465e-05,0.003121068690189491,2402.8599527351357,57.95626993173525,0.9998,0.0,0.0,0,4500,500,0,1650.8931651115415
ok,ptft,14,5000,0.451,2255,0.451,10000,0.001,0.0,0.0,0.1,1.0,0.9,0.0,unit_total_var,,0.5,5000000,5000,50000,True,0.0001,,0.0,0.0,1.0,2000,train_pred_mse,140000,0.8439441920774267,0.8394377294476318,7.540452504837382e-05,0.0031099952324625075,2362.21281661984,56.78955402564206,1.0,0.0,0.0,0,4500,500,0,2098.7158238887787
ok,ptft,15,5000,0.451,2255,0.451,10000,0.001,0.0,0.0,0.1,1.0,0.9,0.0,unit_total_var,,0.5,5000000,5000,50000,True,0.0001,,0.0,0.0,1.0,2000,train_pred_mse,150000,0.8648029553254891,0.8205891652142141,7.155209981149118e-05,0.002927087920944978,2349.492969412057,56.420001306044,1.0,0.0,0.0,0,4500,500,0,2356.0939106941228
ok,ptft,16,5000,0.451,2255,0.451,10000,0.001,0.0,0.0,0.1,1.0,0.9,0.0,unit_total_var,,0.5,5000000,5000,50000,True,0.0001,,0.0,0.0,1.0,2000,train_pred_mse,145000,0.8471329144181958,0.8454343140012573,7.458882432803046e-05,0.003142633369402228,2403.5106365748056,56.94123339650557,1.0,0.0,0.0,0,4500,500,0,2934.924871444702
ok,ptft,17,5000,0.451,2255,0.451,10000,0.001,0.0,0.0,0.1,1.0,0.9,0.0,unit_total_var,,0.5,5000000,5000,50000,True,0.0001,,0.0,0.0,1.0,2000,train_pred_mse,145000,0.8469664473870112,0.856930071587898,7.499968523412483e-05,0.0030290579516632807,2365.230151983924,57.44341787140974,0.9998,0.0,0.0,0,4500,500,0,3581.235292673111
ok,ptft,18,5000,0.451,2255,0.451,10000,0.001,0.0,0.0,0.1,1.0,0.9,0.0,unit_total_var,,0.5,5000000,5000,50000,True,0.0001,,0.0,0.0,1.0,2000,train_pred_mse,145000,0.8736003909018176,0.8735888637310539,7.655057972939893e-05,0.003063921517600361,2379.1871341771907,57.81038331777928,1.0,0.0,0.0,0,4500,500,0,2754.173800945282
ok,ptft,19,5000,0.451,2255,0.451,10000,0.001,0.0,0.0,0.1,1.0,0.9,0.0,unit_total_var,,0.5,5000000,5000,50000,True,0.0001,,0.0,0.0,1.0,2000,train_pred_mse,145000,0.8062709632433409,0.8197975480597138,7.578401175869199e-05,0.003133427932249548,2343.5644106412688,56.685940949871686,0.9998,0.0,0.0,0,4500,500,0,1591.9331147670746
ok,ptft,6,5000,0.451,2255,0.451,10000,0.001,0.0,0.0,0.1,1.0,0.9,0.0,unit_total_var,,0.5,5000000,5000,50000,True,0.0001,,0.0,0.0,1.0,2000,train_pred_mse,140000,0.8182047871257415,0.8020193024891651,7.748729800453634e-05,0.003188374336139405,2353.8952894426034,56.63931737883319,0.9998,0.0,0.0,0,4500,500,0,2093.63849568367
ok,ptft,7,5000,0.451,2255,0.451,10000,0.001,0.0,0.0,0.1,1.0,0.9,0.0,unit_total_var,,0.5,5000000,5000,50000,True,0.0001,,0.0,0.0,1.0,2000,train_pred_mse,145000,0.8315151349871945,0.8422304596656184,7.277423808956407e-05,0.002918692156460591,2364.1367292727336,57.006614763324365,1.0,0.0,0.0,0,4500,500,0,2067.9453167915344
ok,ptft,8,5000,0.451,2255,0.451,10000,0.001,0.0,0.0,0.1,1.0,0.9,0.0,unit_total_var,,0.5,5000000,5000,50000,True,0.0001,,0.0,0.0,1.0,2000,train_pred_mse,140000,0.8293469808919566,0.84775859059429,7.751104232825127e-05,0.003100259860780461,2363.857047643074,57.12088121252573,0.9998,0.0,0.0,0,4500,500,0,1281.4857306480408
ok,ptft,9,5000,0.451,2255,0.451,10000,0.001,0.0,0.0,0.1,1.0,0.9,0.0,unit_total_var,,0.5,5000000,5000,50000,True,0.0001,,0.0,0.0,1.0,2000,train_pred_mse,145000,0.8167190814622484,0.8224927878056684,7.252038038645365e-05,0.0029814882386236786,2365.666164896058,56.72231690534945,1.0,0.0,0.0,0,4500,500,0,1351.9698491096494
ok,ptft,10,5000,0.5,2500,0.5,10000,0.001,0.0,0.0,0.1,1.0,0.9,0.0,unit_total_var,,0.5,5000000,5000,50000,True,0.0001,,0.0,0.0,1.0,2000,train_pred_mse,175000,0.8153910861855496,0.8056386912114208,6.918021182011632e-05,0.002774596403774439,2573.4958148580986,59.2306062436468,1.0,0.0,0.0,0,4500,500,0,2920.394583463669
ok,ptft,11,5000,0.5,2500,0.5,10000,0.001,0.0,0.0,0.1,1.0,0.9,0.0,unit_total_var,,0.5,5000000,5000,50000,True,0.0001,,0.0,0.0,1.0,2000,train_pred_mse,185000,0.8155409242889731,0.8015706888193769,6.422194457763206e-05,0.002429942931007349,2502.327241208108,58.40459207863283,1.0,0.0,0.0,0,4500,500,0,3238.7604196071625
ok,ptft,12,5000,0.5,2500,0.5,10000,0.001,0.0,0.0,0.1,1.0,0.9,0.0,unit_total_var,,0.5,5000000,5000,50000,True,0.0001,,0.0,0.0,1.0,2000,train_pred_mse,175000,0.765412442822977,0.7612858244579547,6.737431902984102e-05,0.0026758049066272498,2478.4129757014043,57.4219840742411,1.0,0.0,0.0,0,4500,500,0,3284.21129822731
ok,ptft,13,5000,0.5,2500,0.5,10000,0.001,0.0,0.0,0.1,1.0,0.9,0.0,unit_total_var,,0.5,5000000,5000,50000,True,0.0001,,0.0,0.0,1.0,2000,train_pred_mse,180000,0.8115172389587422,0.8041175088005464,6.354387492893056e-05,0.002382255025828145,2531.8430553474304,58.88925217540283,1.0,0.0,0.0,0,4500,500,0,2896.6809918880463
ok,ptft,14,5000,0.5,2500,0.5,10000,0.001,0.0,0.0,0.1,1.0,0.9,0.0,unit_total_var,,0.5,5000000,5000,50000,True,0.0001,,0.0,0.0,1.0,2000,train_pred_mse,175000,0.7557005943383412,0.7648057334370425,6.76070522800008e-05,0.002630800739681101,2547.0435930710264,58.830067901652505,1.0,0.0,0.0,0,4500,500,0,3640.646198511124
ok,ptft,15,5000,0.5,2500,0.5,10000,0.001,0.0,0.0,0.1,1.0,0.9,0.0,unit_total_var,,0.5,5000000,5000,50000,True,0.0001,,0.0,0.0,1.0,2000,train_pred_mse,185000,0.7796465555231598,0.7591488404313166,6.560904242019334e-05,0.002524536751973424,2477.717442243079,57.61938321760427,1.0,0.0,0.0,0,4500,500,0,3167.460458755493
ok,ptft,16,5000,0.5,2500,0.5,10000,0.001,0.0,0.0,0.1,1.0,0.9,0.0,unit_total_var,,0.5,5000000,5000,50000,True,0.0001,,0.0,0.0,1.0,2000,train_pred_mse,175000,0.7472679708517808,0.759011324712329,6.791993972408022e-05,0.002646080102436556,2558.4878104209965,59.015323975367686,1.0,0.0,0.0,0,4500,500,0,4499.820302486421
ok,ptft,17,5000,0.5,2500,0.5,10000,0.001,0.0,0.0,0.1,1.0,0.9,0.0,unit_total_var,,0.5,5000000,5000,50000,True,0.0001,,0.0,0.0,1.0,2000,train_pred_mse,175000,0.7996227794082762,0.8019670608800459,7.32527941850404e-05,0.0028962716649395845,2504.274396387617,58.22397169922645,1.0,0.0,0.0,0,4500,500,0,4661.5865099430075
ok,ptft,18,5000,0.5,2500,0.5,10000,0.001,0.0,0.0,0.1,1.0,0.9,0.0,unit_total_var,,0.5,5000000,5000,50000,True,0.0001,,0.0,0.0,1.0,2000,train_pred_mse,175000,0.8224275226196123,0.8076521047069493,6.84968126345198e-05,0.0026314287777026747,2548.60755726246,59.15676786490555,1.0,0.0,0.0,0,4500,500,0,2416.4417941570277
ok,ptft,19,5000,0.5,2500,0.5,10000,0.001,0.0,0.0,0.1,1.0,0.9,0.0,unit_total_var,,0.5,5000000,5000,50000,True,0.0001,,0.0,0.0,1.0,2000,train_pred_mse,160000,0.7545992269186665,0.7814070100130788,6.917050753415399e-05,0.0027823588497010105,2541.3038378099754,58.802949589777754,1.0,0.0,0.0,0,4500,500,0,2189.7715516090398
ok,ptft,6,5000,0.5,2500,0.5,10000,0.001,0.0,0.0,0.1,1.0,0.9,0.0,unit_total_var,,0.5,5000000,5000,50000,True,0.0001,,0.0,0.0,1.0,2000,train_pred_mse,180000,0.7726551772886185,0.7767187034221459,6.708334026869039e-05,0.0026108067138899986,2427.49724518246,56.64714493582715,0.9998,0.0,0.0,0,4500,500,0,2844.4934618473053
ok,ptft,7,5000,0.5,2500,0.5,10000,0.001,0.0,0.0,0.1,1.0,0.9,0.0,unit_total_var,,0.5,5000000,5000,50000,True,0.0001,,0.0,0.0,1.0,2000,train_pred_mse,175000,0.7628648826338134,0.7661516661448102,6.659726273746762e-05,0.002682790688903088,2470.755586829961,57.345636031372344,1.0,0.0,0.0,0,4500,500,0,2879.49541592598
ok,ptft,8,5000,0.5,2500,0.5,10000,0.001,0.0,0.0,0.1,1.0,0.9,0.0,unit_total_var,,0.5,5000000,5000,50000,True,0.0001,,0.0,0.0,1.0,2000,train_pred_mse,180000,0.7628624100597474,0.7667640453764217,6.717307953712381e-05,0.0026874327833294933,2515.861464530129,57.66078922159919,1.0,0.0,0.0,0,4500,500,0,2973.530053853989
ok,ptft,9,5000,0.5,2500,0.5,10000,0.001,0.0,0.0,0.1,1.0,0.9,0.0,unit_total_var,,0.5,5000000,5000,50000,True,0.0001,,0.0,0.0,1.0,2000,train_pred_mse,185000,0.7228689614946586,0.7189107418300918,6.788274621465341e-05,0.00262651408713529,2537.545480059213,58.51662787393544,0.9998,0.0,0.0,0,4500,500,0,3321.4382667541504
ok,ptft,10,5000,0.01,50,0.01,10000,1.0,0.0,0.0,0.1,1.0,0.1,0.0,unit_total_var,,0.5,5000000,5000,50000,True,0.0001,,0.0,0.0,1.0,2000,train_pred_mse,5000,1.0646494268013007,1.0402001000079737,1.0784581599991753e-16,11.450368395551061,407.48212087472865,7.2401063380989426,1.0,0.0,0.0,0,500,500,4000,5.902801275253296
ok,ptft,11,5000,0.01,50,0.01,10000,1.0,0.0,0.0,0.1,1.0,0.1,0.0,unit_total_var,,0.5,5000000,5000,50000,True,0.0001,,0.0,0.0,1.0,2000,train_pred_mse,5000,1.1214830764019847,1.1137256264108415,1.1944981497649434e-16,11.178273072650994,411.13643243757554,7.260357453169088,1.0,0.0,0.0,0,500,500,4000,5.028654098510742
ok,ptft,12,5000,0.01,50,0.01,10000,1.0,0.0,0.0,0.1,1.0,0.1,0.0,unit_total_var,,0.5,5000000,5000,50000,True,0.0001,,0.0,0.0,1.0,2000,train_pred_mse,5000,0.9321714319537292,0.9251459740292964,1.0983767888784536e-16,11.190759603474849,424.0128067243145,7.501103092219969,1.0,0.0,0.0,0,500,500,4000,5.16875696182251
ok,ptft,13,5000,0.01,50,0.01,10000,1.0,0.0,0.0,0.1,1.0,0.1,0.0,unit_total_var,,0.5,5000000,5000,50000,True,0.0001,,0.0,0.0,1.0,2000,train_pred_mse,5000,1.0324463286472358,1.0393566558901162,2.9733218128487256e-17,10.7425727581731,430.5055330675956,7.651281470258674,1.0,0.0,0.0,0,500,500,4000,6.458080768585205
ok,ptft,14,5000,0.01,50,0.01,10000,1.0,0.0,0.0,0.1,1.0,0.1,0.0,unit_total_var,,0.5,5000000,5000,50000,True,0.0001,,0.0,0.0,1.0,2000,train_pred_mse,5000,1.1135840450524561,1.1016783590259147,8.433012810422108e-17,10.944041628205174,357.9132456715728,6.3358290742474725,1.0,0.0,0.0,0,500,500,4000,5.853894710540772
ok,ptft,15,5000,0.01,50,0.01,10000,1.0,0.0,0.0,0.1,1.0,0.1,0.0,unit_total_var,,0.5,5000000,5000,50000,True,0.0001,,0.0,0.0,1.0,2000,train_pred_mse,5000,1.0167835504939204,1.022063895942589,9.807290170425609e-17,10.892884469555533,390.5144627323012,6.955084285421807,1.0,0.0,0.0,0,500,500,4000,5.6371514797210684
ok,ptft,16,5000,0.01,50,0.01,10000,1.0,0.0,0.0,0.1,1.0,0.1,0.0,unit_total_var,,0.5,5000000,5000,50000,True,0.0001,,0.0,0.0,1.0,2000,train_pred_mse,5000,0.9522407685383107,0.9406431693936468,1.1099039487848307e-16,11.158697689207296,379.38825507598193,6.746064306398091,1.0,0.0,0.0,0,500,500,4000,5.039824962615967
ok,ptft,17,5000,0.01,50,0.01,10000,1.0,0.0,0.0,0.1,1.0,0.1,0.0,unit_total_var,,0.5,5000000,5000,50000,True,0.0001,,0.0,0.0,1.0,2000,train_pred_mse,5000,0.9683787388071258,0.9492773413921356,7.617462408537882e-17,11.24399540652526,408.0062409340583,7.238643094740531,1.0,0.0,0.0,0,500,500,4000,5.986897468566895
ok,ptft,18,5000,0.01,50,0.01,10000,1.0,0.0,0.0,0.1,1.0,0.1,0.0,unit_total_var,,0.5,5000000,5000,50000,True,0.0001,,0.0,0.0,1.0,2000,train_pred_mse,5000,0.9166230309281774,0.9100620244743192,8.5987968323421e-17,10.843196653807194,402.78735875308183,7.093931309409607,1.0,0.0,0.0,0,500,500,4000,6.405404567718506
ok,ptft,19,5000,0.01,50,0.01,10000,1.0,0.0,0.0,0.1,1.0,0.1,0.0,unit_total_var,,0.5,5000000,5000,50000,True,0.0001,,0.0,0.0,1.0,2000,train_pred_mse,5000,0.9628446851186172,0.9803376226601526,7.529212749815472e-17,11.073453605308435,391.0854332660417,6.95294666554268,1.0,0.0,0.0,0,500,500,4000,5.162116289138794
ok,ptft,6,5000,0.01,50,0.01,10000,1.0,0.0,0.0,0.1,1.0,0.1,0.0,unit_total_var,,0.5,5000000,5000,50000,True,0.0001,,0.0,0.0,1.0,2000,train_pred_mse,5000,0.9751709440340816,0.9747755087859559,1.0813845660047912e-16,11.267393283285804,424.7908601643295,7.5697857726153135,1.0,0.0,0.0,0,500,500,4000,5.994572162628174
ok,ptft,7,5000,0.01,50,0.01,10000,1.0,0.0,0.0,0.1,1.0,0.1,0.0,unit_total_var,,0.5,5000000,5000,50000,True,0.0001,,0.0,0.0,1.0,2000,train_pred_mse,5000,0.9963603322320344,1.0034428905216322,8.0193527621827e-17,11.288479111821426,384.6448027857598,6.840028089600228,1.0,0.0,0.0,0,500,500,4000,5.593087196350098
ok,ptft,8,5000,0.01,50,0.01,10000,1.0,0.0,0.0,0.1,1.0,0.1,0.0,unit_total_var,,0.5,5000000,5000,50000,True,0.0001,,0.0,0.0,1.0,2000,train_pred_mse,5000,1.0572775074919627,1.0420531208544324,9.731306470741036e-17,10.88649772744887,460.38962320529276,8.168143855238467,1.0,0.0,0.0,0,500,500,4000,4.6984052658081055
ok,ptft,9,5000,0.01,50,0.01,10000,1.0,0.0,0.0,0.1,1.0,0.1,0.0,unit_total_var,,0.5,5000000,5000,50000,True,0.0001,,0.0,0.0,1.0,2000,train_pred_mse,5000,0.9782936658439194,0.9540309766109508,9.924160105687324e-17,10.80092566666672,402.3918350799006,7.183973064058459,1.0,0.0,0.0,0,500,500,4000,5.7838284969329825
ok,ptft,10,5000,0.059,295,0.059000000000000004,10000,1.0,0.0,0.0,0.1,1.0,0.1,0.0,unit_total_var,,0.5,5000000,5000,50000,True,0.0001,,0.0,0.0,1.0,2000,train_pred_mse,5000,1.007406325077866,0.9867071973152048,2.8902099489286167e-16,70.09431998002722,1016.8392523989947,18.144726286403547,1.0,0.0,0.0,0,500,500,4000,27.844369649887085
ok,ptft,11,5000,0.059,295,0.059000000000000004,10000,1.0,0.0,0.0,0.1,1.0,0.1,0.0,unit_total_var,,0.5,5000000,5000,50000,True,0.0001,,0.0,0.0,1.0,2000,train_pred_mse,5000,1.0775339020051609,1.0635720113654883,2.1754329893699206e-16,68.22653072768911,991.6102496775096,17.714032187425264,1.0,0.0,0.0,0,500,500,4000,10.232964277267458
ok,ptft,12,5000,0.059,295,0.059000000000000004,10000,1.0,0.0,0.0,0.1,1.0,0.1,0.0,unit_total_var,,0.5,5000000,5000,50000,True,0.0001,,0.0,0.0,1.0,2000,train_pred_mse,5000,0.8802700910950003,0.8790136154714244,2.7922979133335764e-16,68.49351029814828,960.7288513993968,17.19365389378268,1.0,0.0,0.0,0,500,500,4000,11.168449878692627
ok,ptft,13,5000,0.059,295,0.059000000000000004,10000,1.0,0.0,0.0,0.1,1.0,0.1,0.0,unit_total_var,,0.5,5000000,5000,50000,True,0.0001,,0.0,0.0,1.0,2000,train_pred_mse,5000,0.9911782820678788,0.9914520872379556,2.9294070269165016e-16,69.89714044705921,987.2402999348184,17.55942487906454,1.0,0.0,0.0,0,500,500,4000,19.971333026885983
ok,ptft,14,5000,0.059,295,0.059000000000000004,10000,1.0,0.0,0.0,0.1,1.0,0.1,0.0,unit_total_var,,0.5,5000000,5000,50000,True,0.0001,,0.0,0.0,1.0,2000,train_pred_mse,5000,1.0483593622737817,1.0392796573582783,2.4487071441752837e-16,68.84288897865551,1077.9126188779253,19.054476503739625,1.0,0.0,0.0,0,500,500,4000,23.625853300094604
ok,ptft,15,5000,0.059,295,0.059000000000000004,10000,1.0,0.0,0.0,0.1,1.0,0.1,0.0,unit_total_var,,0.5,5000000,5000,50000,True,0.0001,,0.0,0.0,1.0,2000,train_pred_mse,5000,0.9698644223329346,0.9692762384260096,2.291841523979658e-16,70.31349673401503,1009.8697213173634,17.910845626956093,1.0,0.0,0.0,0,500,500,4000,7.549328327178955
ok,ptft,16,5000,0.059,295,0.059000000000000004,10000,1.0,0.0,0.0,0.1,1.0,0.1,0.0,unit_total_var,,0.5,5000000,5000,50000,True,0.0001,,0.0,0.0,1.0,2000,train_pred_mse,5000,0.9036758661200456,0.8923435818317761,2.9880163371584996e-16,72.30352743229771,966.4612592128143,17.20176987807043,1.0,0.0,0.0,0,500,500,4000,9.408321619033812
ok,ptft,17,5000,0.059,295,0.059000000000000004,10000,1.0,0.0,0.0,0.1,1.0,0.1,0.0,unit_total_var,,0.5,5000000,5000,50000,True,0.0001,,0.0,0.0,1.0,2000,train_pred_mse,5000,0.9298062020100252,0.9127491681760636,2.2768150079408446e-16,68.28120187158042,873.8839348263582,15.586928635195385,1.0,0.0,0.0,0,500,500,4000,8.560208797454834
ok,ptft,18,5000,0.059,295,0.059000000000000004,10000,1.0,0.0,0.0,0.1,1.0,0.1,0.0,unit_total_var,,0.5,5000000,5000,50000,True,0.0001,,0.0,0.0,1.0,2000,train_pred_mse,5000,0.8732912969776833,0.8643390604735643,2.622127257884903e-16,71.1654180100071,949.2700666762587,16.987745366777826,1.0,0.0,0.0,0,500,500,4000,23.46535325050354
ok,ptft,19,5000,0.059,295,0.059000000000000004,10000,1.0,0.0,0.0,0.1,1.0,0.1,0.0,unit_total_var,,0.5,5000000,5000,50000,True,0.0001,,0.0,0.0,1.0,2000,train_pred_mse,5000,0.924453253263716,0.9414156106174376,2.438652012358995e-16,70.82035929780298,892.857221266815,15.845944766100793,1.0,0.0,0.0,0,500,500,4000,21.25752544403076
ok,ptft,6,5000,0.059,295,0.059000000000000004,10000,1.0,0.0,0.0,0.1,1.0,0.1,0.0,unit_total_var,,0.5,5000000,5000,50000,True,0.0001,,0.0,0.0,1.0,2000,train_pred_mse,5000,0.9403015072281524,0.9369056058378232,2.643816738772826e-16,71.40131556081027,897.9937178813504,15.962634277474306,1.0,0.0,0.0,0,500,500,4000,16.82172441482544
ok,ptft,7,5000,0.059,295,0.059000000000000004,10000,1.0,0.0,0.0,0.1,1.0,0.1,0.0,unit_total_var,,0.5,5000000,5000,50000,True,0.0001,,0.0,0.0,1.0,2000,train_pred_mse,5000,0.962186109985272,0.9581570595932456,2.2567125161376334e-16,69.99863817231021,943.2263501925862,16.80506843624834,1.0,0.0,0.0,0,500,500,4000,9.93937921524048
ok,ptft,8,5000,0.059,295,0.059000000000000004,10000,1.0,0.0,0.0,0.1,1.0,0.1,0.0,unit_total_var,,0.5,5000000,5000,50000,True,0.0001,,0.0,0.0,1.0,2000,train_pred_mse,5000,0.9958937776427804,0.9948178534665038,2.9444951742344556e-16,71.958767421292,983.8850423909952,17.668803805355264,1.0,0.0,0.0,0,500,500,4000,10.113918781280518
ok,ptft,9,5000,0.059,295,0.059000000000000004,10000,1.0,0.0,0.0,0.1,1.0,0.1,0.0,unit_total_var,,0.5,5000000,5000,50000,True,0.0001,,0.0,0.0,1.0,2000,train_pred_mse,5000,0.922857694645512,0.9088444890890308,2.6791998977299263e-16,70.46807416298114,944.2694309937416,16.948943402915795,1.0,0.0,0.0,0,500,500,4000,14.374293088912964
ok,ptft,10,5000,0.10800000000000001,540,0.10800000000000001,10000,1.0,0.0,0.0,0.1,1.0,0.1,0.0,unit_total_var,,0.5,5000000,5000,50000,True,0.0001,,0.0,0.0,1.0,2000,train_pred_mse,5000,0.9529796258255104,0.9373540757736806,3.0517130424599366e-10,124.86192244335889,1342.2577944084405,23.987721105531737,1.0,0.0,0.0,0,500,500,4000,42.462515830993645
ok,ptft,11,5000,0.10800000000000001,540,0.10800000000000001,10000,1.0,0.0,0.0,0.1,1.0,0.1,0.0,unit_total_var,,0.5,5000000,5000,50000,True,0.0001,,0.0,0.0,1.0,2000,train_pred_mse,5000,1.0236842660607022,1.0100453412787307,1.3663445642703927e-10,124.56068921715081,1341.3404698565182,24.08900513499511,1.0,0.0,0.0,0,500,500,4000,10.164784193038939
ok,ptft,12,5000,0.10800000000000001,540,0.10800000000000001,10000,1.0,0.0,0.0,0.1,1.0,0.1,0.0,unit_total_var,,0.5,5000000,5000,50000,True,0.0001,,0.0,0.0,1.0,2000,train_pred_mse,5000,0.8421377319402115,0.8390222731611284,2.334631161789347e-10,125.1959080626218,1241.0586632426366,22.274151784240495,1.0,0.0,0.0,0,500,500,4000,20.510131120681766
ok,ptft,13,5000,0.10800000000000001,540,0.10800000000000001,10000,1.0,0.0,0.0,0.1,1.0,0.1,0.0,unit_total_var,,0.5,5000000,5000,50000,True,0.0001,,0.0,0.0,1.0,2000,train_pred_mse,5000,0.9398445509090572,0.9393211624360304,1.9145001639239588e-10,125.1559684307836,1317.6187198877276,23.75733843168627,1.0,0.0,0.0,0,500,500,4000,28.89306354522705
ok,ptft,14,5000,0.10800000000000001,540,0.10800000000000001,10000,1.0,0.0,0.0,0.1,1.0,0.1,0.0,unit_total_var,,0.5,5000000,5000,50000,True,0.0001,,0.0,0.0,1.0,2000,train_pred_mse,5000,0.9991467363116772,0.9914366466434541,1.401231856248623e-10,124.19284114612043,1366.1993955535622,24.46249834676148,1.0,0.0,0.0,0,500,500,4000,12.265912771224976
ok,ptft,15,5000,0.10800000000000001,540,0.10800000000000001,10000,1.0,0.0,0.0,0.1,1.0,0.1,0.0,unit_total_var,,0.5,5000000,5000,50000,True,0.0001,,0.0,0.0,1.0,2000,train_pred_mse,5000,0.8957738429361216,0.9145852409826936,1.6003607679844674e-10,129.31604448645746,1348.9147851272992,24.350895280458737,1.0,0.0,0.0,0,500,500,4000,10.299295186996462
ok,ptft,16,5000,0.10800000000000001,540,0.10800000000000001,10000,1.0,0.0,0.0,0.1,1.0,0.1,0.0,unit_total_var,,0.5,5000000,5000,50000,True,0.0001,,0.0,0.0,1.0,2000,train_pred_mse,5000,0.8599732749569006,0.8569961624932714,2.2430348752691774e-10,121.6513648004462,1211.2837701085955,21.766718296562168,1.0,0.0,0.0,0,500,500,4000,13.76409649848938
ok,ptft,17,5000,0.10800000000000001,540,0.10800000000000001,10000,1.0,0.0,0.0,0.1,1.0,0.1,0.0,unit_total_var,,0.5,5000000,5000,50000,True,0.0001,,0.0,0.0,1.0,2000,train_pred_mse,5000,0.8661933298917447,0.8470067178139139,1.454608474145809e-10,126.47041388615344,1319.8505264943374,23.70886396576555,1.0,0.0,0.0,0,500,500,4000,12.28165054321289
ok,ptft,18,5000,0.10800000000000001,540,0.10800000000000001,10000,1.0,0.0,0.0,0.1,1.0,0.1,0.0,unit_total_var,,0.5,5000000,5000,50000,True,0.0001,,0.0,0.0,1.0,2000,train_pred_mse,5000,0.8182633761706481,0.8148276227747591,1.6470729312257615e-10,125.61347387521714,1286.7896534577085,23.14844277967905,1.0,0.0,0.0,0,500,500,4000,27.76489067077637
ok,ptft,19,5000,0.10800000000000001,540,0.10800000000000001,10000,1.0,0.0,0.0,0.1,1.0,0.1,0.0,unit_total_var,,0.5,5000000,5000,50000,True,0.0001,,0.0,0.0,1.0,2000,train_pred_mse,5000,0.8635357826091516,0.8872042066285474,1.931801483251076e-10,125.90636304975115,1282.3475329213961,22.89889973960841,1.0,0.0,0.0,0,500,500,4000,31.50981569290161
ok,ptft,6,5000,0.10800000000000001,540,0.10800000000000001,10000,1.0,0.0,0.0,0.1,1.0,0.1,0.0,unit_total_var,,0.5,5000000,5000,50000,True,0.0001,,0.0,0.0,1.0,2000,train_pred_mse,5000,0.8722986921870115,0.875547515915655,1.384736945865136e-10,121.89957725737386,1306.3668399827334,23.703979437651228,1.0,0.0,0.0,0,500,500,4000,10.605778217315674
ok,ptft,7,5000,0.10800000000000001,540,0.10800000000000001,10000,1.0,0.0,0.0,0.1,1.0,0.1,0.0,unit_total_var,,0.5,5000000,5000,50000,True,0.0001,,0.0,0.0,1.0,2000,train_pred_mse,5000,0.902255744321642,0.9028415588375864,1.206871554940477e-10,126.34877655050077,1313.6858425539622,23.607505081508588,1.0,0.0,0.0,0,500,500,4000,11.586928606033325
ok,ptft,8,5000,0.10800000000000001,540,0.10800000000000001,10000,1.0,0.0,0.0,0.1,1.0,0.1,0.0,unit_total_var,,0.5,5000000,5000,50000,True,0.0001,,0.0,0.0,1.0,2000,train_pred_mse,5000,0.9427055034191874,0.9319880529363388,1.9720691594667152e-10,127.3033555071132,1386.4017627304831,24.89455941306785,1.0,0.0,0.0,0,500,500,4000,19.63364863395691
ok,ptft,9,5000,0.10800000000000001,540,0.10800000000000001,10000,1.0,0.0,0.0,0.1,1.0,0.1,0.0,unit_total_var,,0.5,5000000,5000,50000,True,0.0001,,0.0,0.0,1.0,2000,train_pred_mse,5000,0.8636955383313077,0.8517699538405592,1.9989390618880781e-10,126.35492532346017,1330.0448944254258,23.84651316567884,1.0,0.0,0.0,0,500,500,4000,23.38170981407165
ok,ptft,10,5000,0.15700000000000006,785,0.157,10000,1.0,0.0,0.0,0.1,1.0,0.1,0.0,unit_total_var,,0.5,5000000,5000,50000,True,0.0001,,0.0,0.0,1.0,2000,train_pred_mse,5000,0.9065743260602296,0.8910944475858074,3.227551621792969e-07,179.5000833537121,1557.4329032004684,28.218226175876797,1.0,0.0,0.0,0,500,500,4000,55.06519603729248
ok,ptft,11,5000,0.15700000000000006,785,0.157,10000,1.0,0.0,0.0,0.1,1.0,0.1,0.0,unit_total_var,,0.5,5000000,5000,50000,True,0.0001,,0.0,0.0,1.0,2000,train_pred_mse,5000,0.9530881033697428,0.9467415149127126,2.7725639445666466e-07,175.27220874554394,1644.6093850819566,29.8200076571696,1.0,0.0,0.0,0,500,500,4000,45.45550060272217
ok,ptft,12,5000,0.15700000000000006,785,0.157,10000,1.0,0.0,0.0,0.1,1.0,0.1,0.0,unit_total_var,,0.5,5000000,5000,50000,True,0.0001,,0.0,0.0,1.0,2000,train_pred_mse,5000,0.7897137577309226,0.7815248599822596,2.8940981102993483e-07,177.0032073882906,1521.468947787472,27.68649734075038,1.0,0.0,0.0,0,500,500,4000,22.59235000610352
ok,ptft,13,5000,0.15700000000000006,785,0.157,10000,1.0,0.0,0.0,0.1,1.0,0.1,0.0,unit_total_var,,0.5,5000000,5000,50000,True,0.0001,,0.0,0.0,1.0,2000,train_pred_mse,5000,0.8754584793417118,0.887910962453372,2.258436263145149e-07,178.90991674947705,1565.3530770612533,28.594200866388125,1.0,0.0,0.0,0,500,500,4000,19.43655157089233
ok,ptft,14,5000,0.15700000000000006,785,0.157,10000,1.0,0.0,0.0,0.1,1.0,0.1,0.0,unit_total_var,,0.5,5000000,5000,50000,True,0.0001,,0.0,0.0,1.0,2000,train_pred_mse,5000,0.9587907832512952,0.9470872692564524,3.5572585351248454e-07,181.7834531397297,1570.7614982206767,28.51398050096845,1.0,0.0,0.0,0,500,500,4000,28.72766494750977
ok,ptft,15,5000,0.15700000000000006,785,0.157,10000,1.0,0.0,0.0,0.1,1.0,0.1,0.0,unit_total_var,,0.5,5000000,5000,50000,True,0.0001,,0.0,0.0,1.0,2000,train_pred_mse,5000,0.8552055087048448,0.8683322994755095,3.148831321285736e-07,174.56882489605732,1579.8071763360665,28.551954801044957,1.0,0.0,0.0,0,500,500,4000,38.550997972488396
ok,ptft,16,5000,0.15700000000000006,785,0.157,10000,1.0,0.0,0.0,0.1,1.0,0.1,0.0,unit_total_var,,0.5,5000000,5000,50000,True,0.0001,,0.0,0.0,1.0,2000,train_pred_mse,5000,0.8196042072914537,0.8070365937816503,3.294042631075877e-07,183.5440652507286,1465.396927376673,26.670681552198854,1.0,0.0,0.0,0,500,500,4000,20.23821520805359
ok,ptft,17,5000,0.15700000000000006,785,0.157,10000,1.0,0.0,0.0,0.1,1.0,0.1,0.0,unit_total_var,,0.5,5000000,5000,50000,True,0.0001,,0.0,0.0,1.0,2000,train_pred_mse,5000,0.8330779136642482,0.8081779886731423,2.452987110925324e-07,181.7423311376504,1507.3989589897585,27.510862768277267,1.0,0.0,0.0,0,500,500,4000,20.42567086219788
ok,ptft,18,5000,0.15700000000000006,785,0.157,10000,1.0,0.0,0.0,0.1,1.0,0.1,0.0,unit_total_var,,0.5,5000000,5000,50000,True,0.0001,,0.0,0.0,1.0,2000,train_pred_mse,5000,0.7712064129758116,0.7649381259280406,2.715286919236525e-07,171.14008858548667,1534.5085193256546,27.73291104085324,1.0,0.0,0.0,0,500,500,4000,21.7452404499054
ok,ptft,19,5000,0.15700000000000006,785,0.157,10000,1.0,0.0,0.0,0.1,1.0,0.1,0.0,unit_total_var,,0.5,5000000,5000,50000,True,0.0001,,0.0,0.0,1.0,2000,train_pred_mse,5000,0.8257457039600409,0.8371697977738192,2.8952412551602306e-07,182.20369250065158,1516.0813870379934,27.566838375036244,1.0,0.0,0.0,0,500,500,4000,35.51477599143982
ok,ptft,6,5000,0.15700000000000006,785,0.157,10000,1.0,0.0,0.0,0.1,1.0,0.1,0.0,unit_total_var,,0.5,5000000,5000,50000,True,0.0001,,0.0,0.0,1.0,2000,train_pred_mse,5000,0.8333693158822325,0.8391408912060814,2.4744199741162793e-07,181.3464787243391,1501.8270610466104,27.15503560447991,1.0,0.0,0.0,0,500,500,4000,35.70306658744811
ok,ptft,7,5000,0.15700000000000006,785,0.157,10000,1.0,0.0,0.0,0.1,1.0,0.1,0.0,unit_total_var,,0.5,5000000,5000,50000,True,0.0001,,0.0,0.0,1.0,2000,train_pred_mse,5000,0.8466042445327692,0.8483360442052302,2.212964801883745e-07,176.02525297606448,1577.0274430167178,28.619115052740693,1.0,0.0,0.0,0,500,500,4000,17.215359687805176
ok,ptft,8,5000,0.15700000000000006,785,0.157,10000,1.0,0.0,0.0,0.1,1.0,0.1,0.0,unit_total_var,,0.5,5000000,5000,50000,True,0.0001,,0.0,0.0,1.0,2000,train_pred_mse,5000,0.8877373577919947,0.8852663227635731,4.143056103191346e-07,176.98170920066707,1601.2229948837494,29.00242354954384,1.0,0.0,0.0,0,500,500,4000,27.567981958389282
ok,ptft,9,5000,0.15700000000000006,785,0.157,10000,1.0,0.0,0.0,0.1,1.0,0.1,0.0,unit_total_var,,0.5,5000000,5000,50000,True,0.0001,,0.0,0.0,1.0,2000,train_pred_mse,5000,0.8194437684922777,0.8093507612784866,2.555931650991213e-07,181.74003016382258,1518.0124578025477,27.73790481245613,1.0,0.0,0.0,0,500,500,4000,31.390120029449463
ok,ptft,10,5000,0.206,1030,0.20600000000000002,10000,1.0,0.0,0.0,0.1,1.0,0.1,0.0,unit_total_var,,0.5,5000000,5000,50000,True,0.0001,,0.0,0.0,1.0,2000,train_pred_mse,5000,0.8304188583537387,0.8232913434861144,1.0514219571452679e-05,235.39609039595737,1782.0673552776814,33.15519209431225,1.0,0.0,0.0,0,500,500,4000,69.51597547531128
ok,ptft,11,5000,0.206,1030,0.20600000000000002,10000,1.0,0.0,0.0,0.1,1.0,0.1,0.0,unit_total_var,,0.5,5000000,5000,50000,True,0.0001,,0.0,0.0,1.0,2000,train_pred_mse,5000,0.8968565698863517,0.8825464539441724,9.203510818211438e-06,219.116059544556,1841.7754812172159,34.27802742242497,1.0,0.0,0.0,0,500,500,4000,43.97977113723755
ok,ptft,12,5000,0.206,1030,0.20600000000000002,10000,1.0,0.0,0.0,0.1,1.0,0.1,0.0,unit_total_var,,0.5,5000000,5000,50000,True,0.0001,,0.0,0.0,1.0,2000,train_pred_mse,5000,0.7320362753312667,0.7324711582733177,8.621653929837474e-06,221.00214365458766,1709.1563128908106,31.365585106790963,1.0,0.0,0.0,0,500,500,4000,29.49819540977478
ok,ptft,13,5000,0.206,1030,0.20600000000000002,10000,1.0,0.0,0.0,0.1,1.0,0.1,0.0,unit_total_var,,0.5,5000000,5000,50000,True,0.0001,,0.0,0.0,1.0,2000,train_pred_mse,5000,0.8064955687803985,0.8134455020293423,9.421402543877312e-06,225.49779408127998,1840.9245384323458,33.90089004635902,1.0,0.0,0.0,0,500,500,4000,27.79602789878845
ok,ptft,14,5000,0.206,1030,0.20600000000000002,10000,1.0,0.0,0.0,0.1,1.0,0.1,0.0,unit_total_var,,0.5,5000000,5000,50000,True,0.0001,,0.0,0.0,1.0,2000,train_pred_mse,5000,0.8778688404576335,0.8738842204935936,1.0704901568206365e-05,219.72189162959285,1821.9185072555981,33.79557006415403,1.0,0.0,0.0,0,500,500,4000,57.57298636436462
ok,ptft,15,5000,0.206,1030,0.20600000000000002,10000,1.0,0.0,0.0,0.1,1.0,0.1,0.0,unit_total_var,,0.5,5000000,5000,50000,True,0.0001,,0.0,0.0,1.0,2000,train_pred_mse,5000,0.8168528948209277,0.8124601080654111,1.1173148038712714e-05,233.0186298984301,1781.559522607913,32.68371070746067,1.0,0.0,0.0,0,500,500,4000,35.82025051116944
ok,ptft,16,5000,0.206,1030,0.20600000000000002,10000,1.0,0.0,0.0,0.1,1.0,0.1,0.0,unit_total_var,,0.5,5000000,5000,50000,True,0.0001,,0.0,0.0,1.0,2000,train_pred_mse,5000,0.7491906644969637,0.7494879479367413,9.273484108026757e-06,224.59657462351646,1694.9335632360214,31.168477254092522,1.0,0.0,0.0,0,500,500,4000,24.65603804588318
ok,ptft,17,5000,0.206,1030,0.20600000000000002,10000,1.0,0.0,0.0,0.1,1.0,0.1,0.0,unit_total_var,,0.5,5000000,5000,50000,True,0.0001,,0.0,0.0,1.0,2000,train_pred_mse,5000,0.7725355770358169,0.7665050639097338,1.1438654519511404e-05,229.55373170392122,1675.4411388380634,30.779238556354017,0.9998,0.0,0.0,0,500,500,4000,29.38984084129333
ok,ptft,18,5000,0.206,1030,0.20600000000000002,10000,1.0,0.0,0.0,0.1,1.0,0.1,0.0,unit_total_var,,0.5,5000000,5000,50000,True,0.0001,,0.0,0.0,1.0,2000,train_pred_mse,5000,0.7266296521694575,0.728826808365308,1.1795228053927955e-05,230.07446089051936,1670.26656815358,30.683537503865274,1.0,0.0,0.0,0,500,500,4000,30.033046007156372
ok,ptft,19,5000,0.206,1030,0.20600000000000002,10000,1.0,0.0,0.0,0.1,1.0,0.1,0.0,unit_total_var,,0.5,5000000,5000,50000,True,0.0001,,0.0,0.0,1.0,2000,train_pred_mse,5000,0.7744038214491479,0.7851790822413215,1.1799423373587456e-05,237.73531564433492,1696.9048426100494,31.53391873377355,1.0,0.0,0.0,0,500,500,4000,23.66350150108337
ok,ptft,6,5000,0.206,1030,0.20600000000000002,10000,1.0,0.0,0.0,0.1,1.0,0.1,0.0,unit_total_var,,0.5,5000000,5000,50000,True,0.0001,,0.0,0.0,1.0,2000,train_pred_mse,5000,0.7771808698024691,0.7700036935360259,9.742327145482671e-06,234.156216699346,1761.3478616721313,32.391607891555665,1.0,0.0,0.0,0,500,500,4000,44.08556151390076
ok,ptft,7,5000,0.206,1030,0.20600000000000002,10000,1.0,0.0,0.0,0.1,1.0,0.1,0.0,unit_total_var,,0.5,5000000,5000,50000,True,0.0001,,0.0,0.0,1.0,2000,train_pred_mse,5000,0.8029088194315734,0.8094614428095749,1.0949191843440629e-05,232.5317241734621,1722.9235149516949,31.567642941443342,1.0,0.0,0.0,0,500,500,4000,24.490906476974487
ok,ptft,8,5000,0.206,1030,0.20600000000000002,10000,1.0,0.0,0.0,0.1,1.0,0.1,0.0,unit_total_var,,0.5,5000000,5000,50000,True,0.0001,,0.0,0.0,1.0,2000,train_pred_mse,5000,0.8192148045970203,0.8125793362021371,1.0718733728134073e-05,231.37998990628026,1851.4268350850089,34.10947991419486,1.0,0.0,0.0,0,500,500,4000,50.899861574172974
ok,ptft,9,5000,0.206,1030,0.20600000000000002,10000,1.0,0.0,0.0,0.1,1.0,0.1,0.0,unit_total_var,,0.5,5000000,5000,50000,True,0.0001,,0.0,0.0,1.0,2000,train_pred_mse,5000,0.7564591137161683,0.7614843733490962,9.57348869508898e-06,221.10501591744878,1699.7381441083298,31.388267075429923,1.0,0.0,0.0,0,500,500,4000,39.637299299240105
ok,ptft,10,5000,0.255,1275,0.255,10000,1.0,0.0,0.0,0.1,1.0,0.1,0.0,unit_total_var,,0.5,5000000,5000,50000,True,0.0001,,0.0,0.0,1.0,2000,train_pred_mse,5000,0.7559709573464943,0.7473243237959916,7.31386995562636e-05,276.83546221934654,1973.364184752012,37.72531295271667,1.0,0.0,0.0,0,500,500,4000,82.06288528442383
ok,ptft,11,5000,0.255,1275,0.255,10000,1.0,0.0,0.0,0.1,1.0,0.1,0.0,unit_total_var,,0.5,5000000,5000,50000,True,0.0001,,0.0,0.0,1.0,2000,train_pred_mse,5000,0.7914429282219302,0.8049769296409759,6.692490574195062e-05,271.96874887332507,2050.9091278738597,38.88660699914565,1.0,0.0,0.0,0,500,500,4000,51.76181173324585
ok,ptft,12,5000,0.255,1275,0.255,10000,1.0,0.0,0.0,0.1,1.0,0.1,0.0,unit_total_var,,0.5,5000000,5000,50000,True,0.0001,,0.0,0.0,1.0,2000,train_pred_mse,5000,0.6840503546305464,0.6767838026120924,7.157048742479312e-05,278.85314004200484,1858.6085490875312,35.04546640401387,1.0,0.0,0.0,0,500,500,4000,37.20903396606445
ok,ptft,13,5000,0.255,1275,0.255,10000,1.0,0.0,0.0,0.1,1.0,0.1,0.0,unit_total_var,,0.5,5000000,5000,50000,True,0.0001,,0.0,0.0,1.0,2000,train_pred_mse,5000,0.7330909253731265,0.7527480532507314,6.731423943899405e-05,269.52099209387694,1996.9333320046694,37.63050583600006,1.0,0.0,0.0,0,500,500,4000,35.371665954589844
ok,ptft,14,5000,0.255,1275,0.255,10000,1.0,0.0,0.0,0.1,1.0,0.1,0.0,unit_total_var,,0.5,5000000,5000,50000,True,0.0001,,0.0,0.0,1.0,2000,train_pred_mse,5000,0.8030494874896719,0.7959730360540406,6.320247754341499e-05,275.6565437909183,2038.1549265108483,38.325606818101676,1.0,0.0,0.0,0,500,500,4000,53.087565660476685
ok,ptft,15,5000,0.255,1275,0.255,10000,1.0,0.0,0.0,0.1,1.0,0.1,0.0,unit_total_var,,0.5,5000000,5000,50000,True,0.0001,,0.0,0.0,1.0,2000,train_pred_mse,5000,0.7626143410366121,0.7623681623261856,6.649367562891401e-05,281.2689803423175,1910.8450448766087,35.813644521869634,1.0,0.0,0.0,0,500,500,4000,42.75543093681336
ok,ptft,16,5000,0.255,1275,0.255,10000,1.0,0.0,0.0,0.1,1.0,0.1,0.0,unit_total_var,,0.5,5000000,5000,50000,True,0.0001,,0.0,0.0,1.0,2000,train_pred_mse,5000,0.7112168347161713,0.6989593813400594,6.777610388270253e-05,271.27189370962435,1846.021965663024,34.529874355449216,1.0,0.0,0.0,0,500,500,4000,71.050080537796
ok,ptft,17,5000,0.255,1275,0.255,10000,1.0,0.0,0.0,0.1,1.0,0.1,0.0,unit_total_var,,0.5,5000000,5000,50000,True,0.0001,,0.0,0.0,1.0,2000,train_pred_mse,5000,0.712165662393718,0.7045116295705262,6.919353970400225e-05,284.7679662828883,1875.1562045474386,34.90146246107422,1.0,0.0,0.0,0,500,500,4000,37.35132050514221
ok,ptft,18,5000,0.255,1275,0.255,10000,1.0,0.0,0.0,0.1,1.0,0.1,0.0,unit_total_var,,0.5,5000000,5000,50000,True,0.0001,,0.0,0.0,1.0,2000,train_pred_mse,5000,0.6763184014418401,0.6752386837251676,6.639938748615915e-05,283.70356188153664,1824.932784196842,34.22733157691612,1.0,0.0,0.0,0,500,500,4000,37.877606630325324
ok,ptft,19,5000,0.255,1275,0.255,10000,1.0,0.0,0.0,0.1,1.0,0.1,0.0,unit_total_var,,0.5,5000000,5000,50000,True,0.0001,,0.0,0.0,1.0,2000,train_pred_mse,5000,0.7187398467019777,0.7268088329846681,7.593594749585414e-05,281.4661431375172,1884.8769752117873,35.3593969586563,1.0,0.0,0.0,0,500,500,4000,45.66853427886963
ok,ptft,6,5000,0.255,1275,0.255,10000,1.0,0.0,0.0,0.1,1.0,0.1,0.0,unit_total_var,,0.5,5000000,5000,50000,True,0.0001,,0.0,0.0,1.0,2000,train_pred_mse,5000,0.7062962776582947,0.7082639468132842,6.0881517070802464e-05,272.86624016496523,1920.3666337193813,36.21217261339885,1.0,0.0,0.0,0,500,500,4000,38.16944360733032
ok,ptft,7,5000,0.255,1275,0.255,10000,1.0,0.0,0.0,0.1,1.0,0.1,0.0,unit_total_var,,0.5,5000000,5000,50000,True,0.0001,,0.0,0.0,1.0,2000,train_pred_mse,5000,0.7548739444097227,0.7552340797820851,6.669816589632241e-05,277.26266971051,1869.51046524599,34.992963711996296,1.0,0.0,0.0,0,500,500,4000,36.82048344612122
ok,ptft,8,5000,0.255,1275,0.255,10000,1.0,0.0,0.0,0.1,1.0,0.1,0.0,unit_total_var,,0.5,5000000,5000,50000,True,0.0001,,0.0,0.0,1.0,2000,train_pred_mse,5000,0.780096437876616,0.7782243837371561,7.035636034518699e-05,279.1830803943298,1939.997251192393,36.183303023059906,1.0,0.0,0.0,0,500,500,4000,39.97085285186768
ok,ptft,9,5000,0.255,1275,0.255,10000,1.0,0.0,0.0,0.1,1.0,0.1,0.0,unit_total_var,,0.5,5000000,5000,50000,True,0.0001,,0.0,0.0,1.0,2000,train_pred_mse,5000,0.7190842051327869,0.705770496949206,6.769426453006196e-05,284.6130790526732,1857.9240021952612,34.967420960070946,1.0,0.0,0.0,0,500,500,4000,46.15480446815491
ok,ptft,10,5000,0.30400000000000005,1520,0.304,10000,1.0,0.0,0.0,0.1,1.0,0.1,0.0,unit_total_var,,0.5,5000000,5000,50000,True,0.0001,,0.0,0.0,1.0,2000,train_pred_mse,5000,0.7433547407236051,0.7170032672324155,0.0002072351653875495,321.4902822642096,2058.154276316439,39.367073471735466,1.0,0.0,0.0,0,500,500,4000,93.29026055336
ok,ptft,11,5000,0.30400000000000005,1520,0.304,10000,1.0,0.0,0.0,0.1,1.0,0.1,0.0,unit_total_var,,0.5,5000000,5000,50000,True,0.0001,,0.0,0.0,1.0,2000,train_pred_mse,5000,0.7778748992443449,0.772831832791802,0.00023376635416175282,322.7739789809644,2122.691322242808,40.471582164159216,1.0,0.0,0.0,0,500,500,4000,59.89605712890625
ok,ptft,12,5000,0.30400000000000005,1520,0.304,10000,1.0,0.0,0.0,0.1,1.0,0.1,0.0,unit_total_var,,0.5,5000000,5000,50000,True,0.0001,,0.0,0.0,1.0,2000,train_pred_mse,5000,0.6352380287426278,0.6328119199615527,0.00020059434986934024,333.5174608060462,1955.2731383683933,37.50022688569915,1.0,0.0,0.0,0,500,500,4000,46.38028025627136
ok,ptft,13,5000,0.30400000000000005,1520,0.304,10000,1.0,0.0,0.0,0.1,1.0,0.1,0.0,unit_total_var,,0.5,5000000,5000,50000,True,0.0001,,0.0,0.0,1.0,2000,train_pred_mse,5000,0.6904860443509584,0.7100738660485951,0.00020806622008022032,315.0694716845042,2060.6713734144573,39.731619472864345,1.0,0.0,0.0,0,500,500,4000,45.90219473838806
ok,ptft,14,5000,0.30400000000000005,1520,0.304,10000,1.0,0.0,0.0,0.1,1.0,0.1,0.0,unit_total_var,,0.5,5000000,5000,50000,True,0.0001,,0.0,0.0,1.0,2000,train_pred_mse,5000,0.7747854438133686,0.7595169717989613,0.00020808701995714293,332.24961890557694,2111.8278380976103,40.17220205731814,1.0,0.0,0.0,0,500,500,4000,55.35485148429871
ok,ptft,15,5000,0.30400000000000005,1520,0.304,10000,1.0,0.0,0.0,0.1,1.0,0.1,0.0,unit_total_var,,0.5,5000000,5000,50000,True,0.0001,,0.0,0.0,1.0,2000,train_pred_mse,5000,0.6723320623004082,0.6841434717606966,0.00021670891983245326,330.56846855291036,2087.055299166577,40.12967986287069,1.0,0.0,0.0,0,500,500,4000,54.84593987464905
ok,ptft,16,5000,0.30400000000000005,1520,0.304,10000,1.0,0.0,0.0,0.1,1.0,0.1,0.0,unit_total_var,,0.5,5000000,5000,50000,True,0.0001,,0.0,0.0,1.0,2000,train_pred_mse,5000,0.6495770780195685,0.6466815022620447,0.00022203744115913525,326.9943975932371,1952.8391791858692,37.353929324353814,1.0,0.0,0.0,0,500,500,4000,83.75255298614502
ok,ptft,17,5000,0.30400000000000005,1520,0.304,10000,1.0,0.0,0.0,0.1,1.0,0.1,0.0,unit_total_var,,0.5,5000000,5000,50000,True,0.0001,,0.0,0.0,1.0,2000,train_pred_mse,5000,0.6495970022565541,0.6371497652457313,0.0002020184490192609,329.38670647543825,2004.358790172284,38.57439479011497,1.0,0.0,0.0,0,500,500,4000,46.0528335571289
ok,ptft,18,5000,0.30400000000000005,1520,0.304,10000,1.0,0.0,0.0,0.1,1.0,0.1,0.0,unit_total_var,,0.5,5000000,5000,50000,True,0.0001,,0.0,0.0,1.0,2000,train_pred_mse,5000,0.6037418073110834,0.6070585980959252,0.0001984711783003145,323.57323785758143,1998.9280160295216,38.21247146958786,1.0,0.0,0.0,0,500,500,4000,45.28009605407715
ok,ptft,19,5000,0.30400000000000005,1520,0.304,10000,1.0,0.0,0.0,0.1,1.0,0.1,0.0,unit_total_var,,0.5,5000000,5000,50000,True,0.0001,,0.0,0.0,1.0,2000,train_pred_mse,5000,0.6544717370166607,0.6725002310852225,0.00022119548049972823,328.34122042677916,2007.0319433228478,38.2953137034986,1.0,0.0,0.0,0,500,500,4000,44.0504035949707
ok,ptft,6,5000,0.30400000000000005,1520,0.304,10000,1.0,0.0,0.0,0.1,1.0,0.1,0.0,unit_total_var,,0.5,5000000,5000,50000,True,0.0001,,0.0,0.0,1.0,2000,train_pred_mse,5000,0.6663707135316571,0.6585232915558633,0.00018579169908609084,318.86491037654514,2041.3289290545351,39.030338827666654,1.0,0.0,0.0,0,500,500,4000,55.35724520683289
ok,ptft,7,5000,0.30400000000000005,1520,0.304,10000,1.0,0.0,0.0,0.1,1.0,0.1,0.0,unit_total_var,,0.5,5000000,5000,50000,True,0.0001,,0.0,0.0,1.0,2000,train_pred_mse,5000,0.6822763847469512,0.68516893668068,0.00022016710213128442,326.3209461544992,2035.8646717654813,38.86859333254401,1.0,0.0,0.0,0,500,500,4000,44.6155846118927
ok,ptft,8,5000,0.30400000000000005,1520,0.304,10000,1.0,0.0,0.0,0.1,1.0,0.1,0.0,unit_total_var,,0.5,5000000,5000,50000,True,0.0001,,0.0,0.0,1.0,2000,train_pred_mse,5000,0.7220946962746675,0.7113861855801742,0.00020898428518369936,328.22384120924613,2060.1975280491565,39.615077852418935,1.0,0.0,0.0,0,500,500,4000,56.02761268615723
ok,ptft,9,5000,0.30400000000000005,1520,0.304,10000,1.0,0.0,0.0,0.1,1.0,0.1,0.0,unit_total_var,,0.5,5000000,5000,50000,True,0.0001,,0.0,0.0,1.0,2000,train_pred_mse,5000,0.6728221176975315,0.6479919050118105,0.00023588488052031137,327.30383347637866,1989.1174444253384,38.259969933068355,1.0,0.0,0.0,0,500,500,4000,53.83389210700989
ok,ptft,10,5000,0.35300000000000004,1765,0.353,10000,1.0,0.0,0.0,0.1,1.0,0.1,0.0,unit_total_var,,0.5,5000000,5000,50000,True,0.0001,,0.0,0.0,1.0,2000,train_pred_mse,5000,0.6833969842904731,0.6539888046288851,0.00039976852306490237,378.40488657056716,2166.663699454639,42.312553689365394,1.0,0.0,0.0,0,500,500,4000,46.38487672805786
ok,ptft,11,5000,0.35300000000000004,1765,0.353,10000,1.0,0.0,0.0,0.1,1.0,0.1,0.0,unit_total_var,,0.5,5000000,5000,50000,True,0.0001,,0.0,0.0,1.0,2000,train_pred_mse,10000,0.6784366718616611,0.6899210543839851,4.023267076422244e-05,0.02022021535556231,2267.894308973893,44.48315530571585,1.0,0.0,0.0,0,500,500,4000,160.98134779930115
ok,ptft,12,5000,0.35300000000000004,1765,0.353,10000,1.0,0.0,0.0,0.1,1.0,0.1,0.0,unit_total_var,,0.5,5000000,5000,50000,True,0.0001,,0.0,0.0,1.0,2000,train_pred_mse,5000,0.5636603167545554,0.5681025354623894,0.00043802447788311277,355.5615220764855,2077.3671891570466,40.72591062656817,1.0,0.0,0.0,0,500,500,4000,51.87960314750672
ok,ptft,13,5000,0.35300000000000004,1765,0.353,10000,1.0,0.0,0.0,0.1,1.0,0.1,0.0,unit_total_var,,0.5,5000000,5000,50000,True,0.0001,,0.0,0.0,1.0,2000,train_pred_mse,5000,0.6184554251841801,0.6235470400264721,0.00044146496765761124,366.44218066048205,2234.3979800249167,43.927766415815036,1.0,0.0,0.0,0,500,500,4000,47.317998170852654
ok,ptft,14,5000,0.35300000000000004,1765,0.353,10000,1.0,0.0,0.0,0.1,1.0,0.1,0.0,unit_total_var,,0.5,5000000,5000,50000,True,0.0001,,0.0,0.0,1.0,2000,train_pred_mse,5000,0.6689999453077209,0.6777770057998662,0.0004592108890907707,378.73331757439917,2232.0225856964453,43.846930456737795,1.0,0.0,0.0,0,500,500,4000,68.51882934570311
ok,ptft,15,5000,0.35300000000000004,1765,0.353,10000,1.0,0.0,0.0,0.1,1.0,0.1,0.0,unit_total_var,,0.5,5000000,5000,50000,True,0.0001,,0.0,0.0,1.0,2000,train_pred_mse,5000,0.6059885131054598,0.6045823520366688,0.0004466095230881831,380.126778095054,2209.080644373762,43.748769721292994,1.0,0.0,0.0,0,500,500,4000,63.57642340660095
ok,ptft,16,5000,0.35300000000000004,1765,0.353,10000,1.0,0.0,0.0,0.1,1.0,0.1,0.0,unit_total_var,,0.5,5000000,5000,50000,True,0.0001,,0.0,0.0,1.0,2000,train_pred_mse,5000,0.5706069248454507,0.5677549548013403,0.00038468630570449473,362.2489784784256,2110.8022740783354,41.43704758095304,1.0,0.0,0.0,0,500,500,4000,53.719953298568726
ok,ptft,17,5000,0.35300000000000004,1765,0.353,10000,1.0,0.0,0.0,0.1,1.0,0.1,0.0,unit_total_var,,0.5,5000000,5000,50000,True,0.0001,,0.0,0.0,1.0,2000,train_pred_mse,5000,0.5824131661521434,0.5684914716862889,0.00043494893752974323,368.5297631860992,2128.1411652545003,42.039435794824016,1.0,0.0,0.0,0,500,500,4000,53.57883334159851
ok,ptft,18,5000,0.35300000000000004,1765,0.353,10000,1.0,0.0,0.0,0.1,1.0,0.1,0.0,unit_total_var,,0.5,5000000,5000,50000,True,0.0001,,0.0,0.0,1.0,2000,train_pred_mse,5000,0.5671326584286605,0.5592264539135348,0.0004182011097192599,363.95460739798415,2056.0167357070795,40.443257319392536,1.0,0.0,0.0,0,500,500,4000,51.32900595664978
ok,ptft,19,5000,0.35300000000000004,1765,0.353,10000,1.0,0.0,0.0,0.1,1.0,0.1,0.0,unit_total_var,,0.5,5000000,5000,50000,True,0.0001,,0.0,0.0,1.0,2000,train_pred_mse,5000,0.6101534892184931,0.6147304253675062,0.00044451387072670683,369.9185870295776,2108.878515417493,41.119875240246294,1.0,0.0,0.0,0,500,500,4000,68.5622842311859
ok,ptft,6,5000,0.35300000000000004,1765,0.353,10000,1.0,0.0,0.0,0.1,1.0,0.1,0.0,unit_total_var,,0.5,5000000,5000,50000,True,0.0001,,0.0,0.0,1.0,2000,train_pred_mse,5000,0.5873796402151195,0.5889601652939093,0.000405945456005994,359.0764841341214,2138.3206324995026,42.28752971908217,1.0,0.0,0.0,0,500,500,4000,39.91057562828064
ok,ptft,7,5000,0.35300000000000004,1765,0.353,10000,1.0,0.0,0.0,0.1,1.0,0.1,0.0,unit_total_var,,0.5,5000000,5000,50000,True,0.0001,,0.0,0.0,1.0,2000,train_pred_mse,5000,0.6104260070770448,0.615478255996798,0.0004425453255382452,370.73967295435,2156.425125504074,42.3806138845488,1.0,0.0,0.0,0,500,500,4000,50.06019115447998
ok,ptft,8,5000,0.35300000000000004,1765,0.353,10000,1.0,0.0,0.0,0.1,1.0,0.1,0.0,unit_total_var,,0.5,5000000,5000,50000,True,0.0001,,0.0,0.0,1.0,2000,train_pred_mse,5000,0.6852686116047872,0.6699473247237123,0.0004358736007737955,375.1921969503032,2124.712736410825,41.70694314408903,1.0,0.0,0.0,0,500,500,4000,40.28799819946289
ok,ptft,9,5000,0.35300000000000004,1765,0.353,10000,1.0,0.0,0.0,0.1,1.0,0.1,0.0,unit_total_var,,0.5,5000000,5000,50000,True,0.0001,,0.0,0.0,1.0,2000,train_pred_mse,5000,0.5904141224160357,0.5794862589896493,0.000432426735746632,376.33981847894887,2088.796173414636,41.528854177303636,1.0,0.0,0.0,0,500,500,4000,62.789710521698
ok,ptft,10,5000,0.402,2010,0.402,10000,1.0,0.0,0.0,0.1,1.0,0.1,0.0,unit_total_var,,0.5,5000000,5000,50000,True,0.0001,,0.0,0.0,1.0,2000,train_pred_mse,10000,0.578684236057014,0.5738457145489806,9.651009808617708e-05,0.033415212363356976,2277.0536997369736,46.096452099621665,1.0,0.0,0.0,0,500,500,4000,124.38074159622192
ok,ptft,11,5000,0.402,2010,0.402,10000,1.0,0.0,0.0,0.1,1.0,0.1,0.0,unit_total_var,,0.5,5000000,5000,50000,True,0.0001,,0.0,0.0,1.0,2000,train_pred_mse,10000,0.6075488629368105,0.6048476980987155,9.941293585680052e-05,0.0341463166485608,2389.8411722325973,48.151710429114246,1.0,0.0,0.0,0,500,500,4000,118.31454610824585
ok,ptft,12,5000,0.402,2010,0.402,10000,1.0,0.0,0.0,0.1,1.0,0.1,0.0,unit_total_var,,0.5,5000000,5000,50000,True,0.0001,,0.0,0.0,1.0,2000,train_pred_mse,10000,0.5018005858988734,0.5082303597146056,9.614894708452168e-05,0.03462930049152253,2186.203798743782,43.82453467317318,1.0,0.0,0.0,0,500,500,4000,103.18915224075316
ok,ptft,13,5000,0.402,2010,0.402,10000,1.0,0.0,0.0,0.1,1.0,0.1,0.0,unit_total_var,,0.5,5000000,5000,50000,True,0.0001,,0.0,0.0,1.0,2000,train_pred_mse,10000,0.5474550631295279,0.5635098976060714,9.236550847188492e-05,0.03258369078715905,2305.7835222046388,46.77626350345531,1.0,0.0,0.0,0,500,500,4000,216.3263418674469
ok,ptft,14,5000,0.402,2010,0.402,10000,1.0,0.0,0.0,0.1,1.0,0.1,0.0,unit_total_var,,0.5,5000000,5000,50000,True,0.0001,,0.0,0.0,1.0,2000,train_pred_mse,10000,0.6172878840538573,0.6088466581470022,9.504900608922841e-05,0.032526504475108374,2320.5166342031325,47.20094263190578,1.0,0.0,0.0,0,500,500,4000,152.6098523139954
ok,ptft,15,5000,0.402,2010,0.402,10000,1.0,0.0,0.0,0.1,1.0,0.1,0.0,unit_total_var,,0.5,5000000,5000,50000,True,0.0001,,0.0,0.0,1.0,2000,train_pred_mse,10000,0.5639173595072442,0.5789864116010043,9.327089251673835e-05,0.034007759111824264,2245.45491233705,45.17913763082573,1.0,0.0,0.0,0,500,500,4000,103.55785036087036
ok,ptft,16,5000,0.402,2010,0.402,10000,1.0,0.0,0.0,0.1,1.0,0.1,0.0,unit_total_var,,0.5,5000000,5000,50000,True,0.0001,,0.0,0.0,1.0,2000,train_pred_mse,10000,0.5499379522188012,0.5356773014439856,8.802925598379561e-05,0.033547808353963544,2149.777545657022,43.093187963659524,1.0,0.0,0.0,0,500,500,4000,193.18042254447937
ok,ptft,17,5000,0.402,2010,0.402,10000,1.0,0.0,0.0,0.1,1.0,0.1,0.0,unit_total_var,,0.5,5000000,5000,50000,True,0.0001,,0.0,0.0,1.0,2000,train_pred_mse,10000,0.5454706364458232,0.532252703908851,8.957568287695956e-05,0.033901598998480484,2158.809031017794,43.779405004886996,1.0,0.0,0.0,0,500,500,4000,111.32317662239076
ok,ptft,18,5000,0.402,2010,0.402,10000,1.0,0.0,0.0,0.1,1.0,0.1,0.0,unit_total_var,,0.5,5000000,5000,50000,True,0.0001,,0.0,0.0,1.0,2000,train_pred_mse,10000,0.5241034892787069,0.5218982927428336,7.718046154878623e-05,0.0301490394618212,2146.118820104336,42.551942471539846,1.0,0.0,0.0,0,500,500,4000,103.6961088180542
ok,ptft,19,5000,0.402,2010,0.402,10000,1.0,0.0,0.0,0.1,1.0,0.1,0.0,unit_total_var,,0.5,5000000,5000,50000,True,0.0001,,0.0,0.0,1.0,2000,train_pred_mse,10000,0.552762109073397,0.5609998324937243,8.508801641154276e-05,0.031060988878478867,2181.3882634688566,43.89766729022102,1.0,0.0,0.0,0,500,500,4000,154.96876311302185
ok,ptft,6,5000,0.402,2010,0.402,10000,1.0,0.0,0.0,0.1,1.0,0.1,0.0,unit_total_var,,0.5,5000000,5000,50000,True,0.0001,,0.0,0.0,1.0,2000,train_pred_mse,10000,0.5558325171880578,0.5516715165088184,9.116908661272691e-05,0.0343559490232998,2211.829577621594,44.266183854929764,1.0,0.0,0.0,0,500,500,4000,125.77467060089113
ok,ptft,7,5000,0.402,2010,0.402,10000,1.0,0.0,0.0,0.1,1.0,0.1,0.0,unit_total_var,,0.5,5000000,5000,50000,True,0.0001,,0.0,0.0,1.0,2000,train_pred_mse,10000,0.5771722117110379,0.5778528297499944,9.639947175612438e-05,0.034949372244344204,2226.458916312344,44.38900465219552,1.0,0.0,0.0,0,500,500,4000,107.29236435890198
ok,ptft,8,5000,0.402,2010,0.402,10000,1.0,0.0,0.0,0.1,1.0,0.1,0.0,unit_total_var,,0.5,5000000,5000,50000,True,0.0001,,0.0,0.0,1.0,2000,train_pred_mse,10000,0.5593635700096947,0.5621520839926375,9.489194176869925e-05,0.033911832907283564,2296.596413444011,46.78533871346149,1.0,0.0,0.0,0,500,500,4000,138.39947366714478
ok,ptft,9,5000,0.402,2010,0.402,10000,1.0,0.0,0.0,0.1,1.0,0.1,0.0,unit_total_var,,0.5,5000000,5000,50000,True,0.0001,,0.0,0.0,1.0,2000,train_pred_mse,10000,0.5468749315299583,0.5326380207383803,8.90168327976622e-05,0.03348985126114695,2171.898306841124,44.08254284013567,1.0,0.0,0.0,0,500,500,4000,130.07897615432742
ok,ptft,10,5000,0.451,2255,0.451,10000,1.0,0.0,0.0,0.1,1.0,0.1,0.0,unit_total_var,,0.5,5000000,5000,50000,True,0.0001,,0.0,0.0,1.0,2000,train_pred_mse,10000,0.5160720482904648,0.5115734400763904,0.0001670561368978895,0.04728937727142303,2332.3280250041503,48.784521536003545,1.0,0.0,0.0,0,500,500,4000,168.98929786682132
ok,ptft,11,5000,0.451,2255,0.451,10000,1.0,0.0,0.0,0.1,1.0,0.1,0.0,unit_total_var,,0.5,5000000,5000,50000,True,0.0001,,0.0,0.0,1.0,2000,train_pred_mse,10000,0.5517794258734658,0.5430244711780677,0.00020839086780251624,0.052700471092009135,2442.041583656221,50.58208517411561,1.0,0.0,0.0,0,500,500,4000,162.921950340271
ok,ptft,12,5000,0.451,2255,0.451,10000,1.0,0.0,0.0,0.1,1.0,0.1,0.0,unit_total_var,,0.5,5000000,5000,50000,True,0.0001,,0.0,0.0,1.0,2000,train_pred_mse,10000,0.4561355243844811,0.4606108519218186,0.00017353761226229469,0.04864805039465943,2233.0974998758898,45.93412713543246,1.0,0.0,0.0,0,500,500,4000,117.62454915046692
ok,ptft,13,5000,0.451,2255,0.451,10000,1.0,0.0,0.0,0.1,1.0,0.1,0.0,unit_total_var,,0.5,5000000,5000,50000,True,0.0001,,0.0,0.0,1.0,2000,train_pred_mse,10000,0.5025957640562044,0.5150443475414045,0.00020494798871157068,0.053380403333283165,2342.399966391282,48.75283047275522,1.0,0.0,0.0,0,500,500,4000,145.3879256248474
ok,ptft,14,5000,0.451,2255,0.451,10000,1.0,0.0,0.0,0.1,1.0,0.1,0.0,unit_total_var,,0.5,5000000,5000,50000,True,0.0001,,0.0,0.0,1.0,2000,train_pred_mse,10000,0.5325634342684221,0.5352743281521575,0.00019086047106984285,0.04989171950224326,2391.636116186448,50.20045552731122,1.0,0.0,0.0,0,500,500,4000,199.10551500320437
ok,ptft,15,5000,0.451,2255,0.451,10000,1.0,0.0,0.0,0.1,1.0,0.1,0.0,unit_total_var,,0.5,5000000,5000,50000,True,0.0001,,0.0,0.0,1.0,2000,train_pred_mse,10000,0.5015982179469294,0.5025763124875895,0.00019843927428600332,0.053370129437703084,2337.871476061077,48.496046426375855,1.0,0.0,0.0,0,500,500,4000,119.39275670051576
ok,ptft,16,5000,0.451,2255,0.451,10000,1.0,0.0,0.0,0.1,1.0,0.1,0.0,unit_total_var,,0.5,5000000,5000,50000,True,0.0001,,0.0,0.0,1.0,2000,train_pred_mse,10000,0.4725977793746186,0.4591275027124621,0.00015952117877827358,0.04709549920699372,2226.5969904351755,46.58367558247542,1.0,0.0,0.0,0,500,500,4000,143.26446413993838
ok,ptft,17,5000,0.451,2255,0.451,10000,1.0,0.0,0.0,0.1,1.0,0.1,0.0,unit_total_var,,0.5,5000000,5000,50000,True,0.0001,,0.0,0.0,1.0,2000,train_pred_mse,10000,0.5054672361963454,0.4937159070666586,0.00018133198211753749,0.05229787867894512,2222.3496908818574,45.548017606587706,1.0,0.0,0.0,0,500,500,4000,154.27957820892334
ok,ptft,18,5000,0.451,2255,0.451,10000,1.0,0.0,0.0,0.1,1.0,0.1,0.0,unit_total_var,,0.5,5000000,5000,50000,True,0.0001,,0.0,0.0,1.0,2000,train_pred_mse,10000,0.4776818533171579,0.4702297057939695,0.00016750088182142863,0.04884396312259643,2209.6851870083483,45.03737470184797,1.0,0.0,0.0,0,500,500,4000,138.58184361457822
ok,ptft,19,5000,0.451,2255,0.451,10000,1.0,0.0,0.0,0.1,1.0,0.1,0.0,unit_total_var,,0.5,5000000,5000,50000,True,0.0001,,0.0,0.0,1.0,2000,train_pred_mse,10000,0.468798437238832,0.4797415932020485,0.00018616096148669952,0.05076459870245442,2279.628696834567,47.4515392340028,1.0,0.0,0.0,0,500,500,4000,192.56331205368042
ok,ptft,6,5000,0.451,2255,0.451,10000,1.0,0.0,0.0,0.1,1.0,0.1,0.0,unit_total_var,,0.5,5000000,5000,50000,True,0.0001,,0.0,0.0,1.0,2000,train_pred_mse,10000,0.4791737613248104,0.4805995747871221,0.00016986626248138465,0.04744117539652128,2269.916682224396,47.32928210510414,1.0,0.0,0.0,0,500,500,4000,201.8996865749359
ok,ptft,7,5000,0.451,2255,0.451,10000,1.0,0.0,0.0,0.1,1.0,0.1,0.0,unit_total_var,,0.5,5000000,5000,50000,True,0.0001,,0.0,0.0,1.0,2000,train_pred_mse,10000,0.5353559193821725,0.5222753846469111,0.0001658099253443982,0.047041314325236935,2292.001008164578,46.801365952644176,1.0,0.0,0.0,0,500,500,4000,122.3032684326172
ok,ptft,8,5000,0.451,2255,0.451,10000,1.0,0.0,0.0,0.1,1.0,0.1,0.0,unit_total_var,,0.5,5000000,5000,50000,True,0.0001,,0.0,0.0,1.0,2000,train_pred_mse,10000,0.5252962708399931,0.5121617576186708,0.00019706666446925027,0.05231809961667167,2328.824692319853,48.85873488311208,1.0,0.0,0.0,0,500,500,4000,132.15395784378052
ok,ptft,9,5000,0.451,2255,0.451,10000,1.0,0.0,0.0,0.1,1.0,0.1,0.0,unit_total_var,,0.5,5000000,5000,50000,True,0.0001,,0.0,0.0,1.0,2000,train_pred_mse,10000,0.4796173895112762,0.4730089456747227,0.00017632152734779448,0.04974335706485501,2247.9347681833124,46.620252249724274,1.0,0.0,0.0,0,500,500,4000,145.66989731788638
ok,ptft,10,5000,0.5,2500,0.5,10000,1.0,0.0,0.0,0.1,1.0,0.1,0.0,unit_total_var,,0.5,5000000,5000,50000,True,0.0001,,0.0,0.0,1.0,2000,train_pred_mse,15000,0.451656902981574,0.4485464757748533,0.00010011504338074116,0.01809643433658246,2391.743190441673,51.47218524817007,1.0,0.0,0.0,0,500,500,4000,255.43837785720825
ok,ptft,11,5000,0.5,2500,0.5,10000,1.0,0.0,0.0,0.1,1.0,0.1,0.0,unit_total_var,,0.5,5000000,5000,50000,True,0.0001,,0.0,0.0,1.0,2000,train_pred_mse,10000,0.4732949641082692,0.4670720398443234,0.00028395472277914155,0.0619606330704514,2468.247817947502,53.54057670421706,1.0,0.0,0.0,0,500,500,4000,168.15169668197632
ok,ptft,12,5000,0.5,2500,0.5,10000,1.0,0.0,0.0,0.1,1.0,0.1,0.0,unit_total_var,,0.5,5000000,5000,50000,True,0.0001,,0.0,0.0,1.0,2000,train_pred_mse,10000,0.4051841698498127,0.4067067543741945,0.00029328199170943235,0.0681758912707498,2227.799227564103,48.21725581604957,0.9998,0.0,0.0,0,500,500,4000,141.9575049877167
ok,ptft,13,5000,0.5,2500,0.5,10000,1.0,0.0,0.0,0.1,1.0,0.1,0.0,unit_total_var,,0.5,5000000,5000,50000,True,0.0001,,0.0,0.0,1.0,2000,train_pred_mse,10000,0.4577466355030825,0.4598664964476559,0.00029130893226000666,0.06628736247389587,2381.5629010424336,51.042526078536476,1.0,0.0,0.0,0,500,500,4000,155.14818000793457
ok,ptft,14,5000,0.5,2500,0.5,10000,1.0,0.0,0.0,0.1,1.0,0.1,0.0,unit_total_var,,0.5,5000000,5000,50000,True,0.0001,,0.0,0.0,1.0,2000,train_pred_mse,10000,0.4998122885612804,0.5036218880307861,0.00029363287546123264,0.06484295783017291,2415.4916972979518,51.418425656749314,1.0,0.0,0.0,0,500,500,4000,172.25134134292603
ok,ptft,15,5000,0.5,2500,0.5,10000,1.0,0.0,0.0,0.1,1.0,0.1,0.0,unit_total_var,,0.5,5000000,5000,50000,True,0.0001,,0.0,0.0,1.0,2000,train_pred_mse,10000,0.4612143369310599,0.4587386612940241,0.0002850782898546158,0.06427470758113846,2343.014809668685,50.18655392197136,1.0,0.0,0.0,0,500,500,4000,132.3621187210083
ok,ptft,16,5000,0.5,2500,0.5,10000,1.0,0.0,0.0,0.1,1.0,0.1,0.0,unit_total_var,,0.5,5000000,5000,50000,True,0.0001,,0.0,0.0,1.0,2000,train_pred_mse,15000,0.4210323852279838,0.4125932605776687,0.0001020535906200794,0.019300561724226492,2260.9603787134392,48.72120365713147,1.0,0.0,0.0,0,500,500,4000,388.6955797672272
ok,ptft,17,5000,0.5,2500,0.5,10000,1.0,0.0,0.0,0.1,1.0,0.1,0.0,unit_total_var,,0.5,5000000,5000,50000,True,0.0001,,0.0,0.0,1.0,2000,train_pred_mse,10000,0.3986852670874484,0.39302470980779936,0.00027364722305970126,0.0621528931501676,2293.1927457070165,49.948306597706754,1.0,0.0,0.0,0,500,500,4000,136.7284119129181
ok,ptft,18,5000,0.5,2500,0.5,10000,1.0,0.0,0.0,0.1,1.0,0.1,0.0,unit_total_var,,0.5,5000000,5000,50000,True,0.0001,,0.0,0.0,1.0,2000,train_pred_mse,10000,0.4033935047968109,0.3973810754320877,0.0002905048174334747,0.06693620805352178,2233.7514680475088,48.18768345404799,1.0,0.0,0.0,0,500,500,4000,181.85593128204343
ok,ptft,19,5000,0.5,2500,0.5,10000,1.0,0.0,0.0,0.1,1.0,0.1,0.0,unit_total_var,,0.5,5000000,5000,50000,True,0.0001,,0.0,0.0,1.0,2000,train_pred_mse,10000,0.4224440893248917,0.4228608466666836,0.0002787943756590479,0.0636282380228222,2304.236091469441,49.77871112147571,1.0,0.0,0.0,0,500,500,4000,185.2119278907776
ok,ptft,6,5000,0.5,2500,0.5,10000,1.0,0.0,0.0,0.1,1.0,0.1,0.0,unit_total_var,,0.5,5000000,5000,50000,True,0.0001,,0.0,0.0,1.0,2000,train_pred_mse,10000,0.41700445267077374,0.41912084833782537,0.00029931400028296746,0.06806830328426036,2290.437559951072,49.87590348058021,1.0,0.0,0.0,0,500,500,4000,241.0125687122345
ok,ptft,7,5000,0.5,2500,0.5,10000,1.0,0.0,0.0,0.1,1.0,0.1,0.0,unit_total_var,,0.5,5000000,5000,50000,True,0.0001,,0.0,0.0,1.0,2000,train_pred_mse,10000,0.438224747536672,0.4404637729581696,0.00029782013772824604,0.06707537278013438,2361.578201598005,50.1895481646547,1.0,0.0,0.0,0,500,500,4000,133.31728792190552
ok,ptft,8,5000,0.5,2500,0.5,10000,1.0,0.0,0.0,0.1,1.0,0.1,0.0,unit_total_var,,0.5,5000000,5000,50000,True,0.0001,,0.0,0.0,1.0,2000,train_pred_mse,15000,0.4549310321897336,0.4705311300064981,0.00010734137870727459,0.019506304411848918,2379.3201767876985,50.67690165516721,1.0,0.0,0.0,0,500,500,4000,291.2483403682709
ok,ptft,9,5000,0.5,2500,0.5,10000,1.0,0.0,0.0,0.1,1.0,0.1,0.0,unit_total_var,,0.5,5000000,5000,50000,True,0.0001,,0.0,0.0,1.0,2000,train_pred_mse,10000,0.4277610322247967,0.4246684088639094,0.0002754447471175213,0.06456439333180597,2262.3776803262267,48.634303868815444,1.0,0.0,0.0,0,500,500,4000,266.1241385936737
ok,ptft,10,5000,0.01,50,0.01,10000,1e-06,0.0,0.0,0.1,1.0,0.1,0.0,unit_total_var,,0.5,5000000,5000,50000,True,0.0001,,0.0,0.0,1.0,2000,train_pred_mse,5000,1.1956480824435278,1.1657729904451717,2.2062817560570942e-08,268.22002432976717,403.15797251807265,24.03974228109394,0.6248,0.0,0.0,0,500,500,4000,6.1601905822753915
ok,ptft,11,5000,0.01,50,0.01,10000,1e-06,0.0,0.0,0.1,1.0,0.1,0.0,unit_total_var,,0.5,5000000,5000,50000,True,0.0001,,0.0,0.0,1.0,2000,train_pred_mse,5000,1.258550587873985,1.245002444334973,2.6561193840542098e-08,270.0305481426257,398.3923227324839,24.62045038133366,0.6386,0.0,0.0,0,500,500,4000,5.037982940673828
ok,ptft,12,5000,0.01,50,0.01,10000,1e-06,0.0,0.0,0.1,1.0,0.1,0.0,unit_total_var,,0.5,5000000,5000,50000,True,0.0001,,0.0,0.0,1.0,2000,train_pred_mse,5000,1.0697907622394058,1.0699899733164882,6.819619878180596e-09,281.03459907161596,418.9652275308979,25.893068717135147,0.6462,0.0,0.0,0,500,500,4000,5.4043052196502686
ok,ptft,13,5000,0.01,50,0.01,10000,1e-06,0.0,0.0,0.1,1.0,0.1,0.0,unit_total_var,,0.5,5000000,5000,50000,True,0.0001,,0.0,0.0,1.0,2000,train_pred_mse,5000,1.161593722210034,1.189493293627059,3.187355733826532e-09,269.7705848224137,431.9537974627685,26.357965663543283,0.6462,0.0,0.0,0,500,500,4000,5.523768663406372
ok,ptft,14,5000,0.01,50,0.01,10000,1e-06,0.0,0.0,0.1,1.0,0.1,0.0,unit_total_var,,0.5,5000000,5000,50000,True,0.0001,,0.0,0.0,1.0,2000,train_pred_mse,5000,1.2084682397098423,1.2023041193221662,2.185843901293916e-08,268.9315724461225,365.98886295768585,21.559385976316232,0.6006,0.0,0.0,0,500,500,4000,4.776014804840088
ok,ptft,15,5000,0.01,50,0.01,10000,1e-06,0.0,0.0,0.1,1.0,0.1,0.0,unit_total_var,,0.5,5000000,5000,50000,True,0.0001,,0.0,0.0,1.0,2000,train_pred_mse,5000,1.127573075811701,1.1399268838750312,2.448974209488969e-08,251.73990319045154,378.04427671311936,23.310133114378697,0.623,0.0,0.0,0,500,500,4000,5.3668389320373535
ok,ptft,16,5000,0.01,50,0.01,10000,1e-06,0.0,0.0,0.1,1.0,0.1,0.0,unit_total_var,,0.5,5000000,5000,50000,True,0.0001,,0.0,0.0,1.0,2000,train_pred_mse,5000,1.061039355442047,1.0654604142055106,4.037701233277603e-08,297.5827515244938,386.41382235124064,24.094342787369555,0.6498,0.0,0.0,0,500,500,4000,4.665278434753418
ok,ptft,17,5000,0.01,50,0.01,10000,1e-06,0.0,0.0,0.1,1.0,0.1,0.0,unit_total_var,,0.5,5000000,5000,50000,True,0.0001,,0.0,0.0,1.0,2000,train_pred_mse,5000,1.1021093462493292,1.0770336138806957,1.0607105171171749e-07,262.9893624161981,383.1979214977032,24.26725826155936,0.6134,0.0,0.0,0,500,500,4000,6.261621952056885
ok,ptft,18,5000,0.01,50,0.01,10000,1e-06,0.0,0.0,0.1,1.0,0.1,0.0,unit_total_var,,0.5,5000000,5000,50000,True,0.0001,,0.0,0.0,1.0,2000,train_pred_mse,5000,1.0517254967017815,1.0414035496162382,8.694729858663872e-09,273.5786973745719,396.07062441541,24.67123835287785,0.6486,0.0,0.0,0,500,500,4000,4.710534572601318
ok,ptft,19,5000,0.01,50,0.01,10000,1e-06,0.0,0.0,0.1,1.0,0.1,0.0,unit_total_var,,0.5,5000000,5000,50000,True,0.0001,,0.0,0.0,1.0,2000,train_pred_mse,5000,1.0732357234013066,1.0953997785159713,1.1469119138161407e-08,258.3892434226988,379.09497544076135,23.005883483592125,0.5986,0.0,0.0,0,500,500,4000,6.163505792617798
ok,ptft,6,5000,0.01,50,0.01,10000,1e-06,0.0,0.0,0.1,1.0,0.1,0.0,unit_total_var,,0.5,5000000,5000,50000,True,0.0001,,0.0,0.0,1.0,2000,train_pred_mse,5000,1.1258948925096397,1.1202638186451517,7.518836638932422e-08,270.6085277755784,417.7438441620256,25.93917159302461,0.6504,0.0,0.0,0,500,500,4000,4.947307825088501
ok,ptft,7,5000,0.01,50,0.01,10000,1e-06,0.0,0.0,0.1,1.0,0.1,0.0,unit_total_var,,0.5,5000000,5000,50000,True,0.0001,,0.0,0.0,1.0,2000,train_pred_mse,5000,1.113871625143199,1.1214018739595162,3.5893029508431906e-08,273.15854725308327,381.49794866841904,23.34903779887815,0.6238,0.0,0.0,0,500,500,4000,6.541331768035889
ok,ptft,8,5000,0.01,50,0.01,10000,1e-06,0.0,0.0,0.1,1.0,0.1,0.0,unit_total_var,,0.5,5000000,5000,50000,True,0.0001,,0.0,0.0,1.0,2000,train_pred_mse,5000,1.2193925133938173,1.203986141096193,7.770387081043828e-09,252.9642064638054,438.1905642571019,27.31642958745601,0.6448,0.0,0.0,0,500,500,4000,4.829011917114258
ok,ptft,9,5000,0.01,50,0.01,10000,1e-06,0.0,0.0,0.1,1.0,0.1,0.0,unit_total_var,,0.5,5000000,5000,50000,True,0.0001,,0.0,0.0,1.0,2000,train_pred_mse,5000,1.105837974162901,1.0813807580391137,2.859040048788833e-08,258.8059571912715,397.6046054928604,24.23896182864043,0.6278,0.0,0.0,0,500,500,4000,5.980065584182738
ok,ptft,10,5000,0.059,295,0.059000000000000004,10000,1e-06,0.0,0.0,0.1,1.0,0.1,0.0,unit_total_var,,0.5,5000000,5000,50000,True,0.0001,,0.0,0.0,1.0,2000,train_pred_mse,20000,2.7062466599225963,2.686847268022663,0.00023320600568720924,0.022417507434829405,1494.6608086186407,90.58250212803594,0.9196,0.0,0.0,0,500,500,4000,25.611858129501343
ok,ptft,11,5000,0.059,295,0.059000000000000004,10000,1e-06,0.0,0.0,0.1,1.0,0.1,0.0,unit_total_var,,0.5,5000000,5000,50000,True,0.0001,,0.0,0.0,1.0,2000,train_pred_mse,25000,2.434273790353696,2.4750333902473747,0.00011665841230059658,0.01109847258083068,1349.615832904662,82.22275295261248,0.9036,0.0,0.0,0,500,500,4000,36.86414337158203
ok,ptft,12,5000,0.059,295,0.059000000000000004,10000,1e-06,0.0,0.0,0.1,1.0,0.1,0.0,unit_total_var,,0.5,5000000,5000,50000,True,0.0001,,0.0,0.0,1.0,2000,train_pred_mse,25000,2.26067234879624,2.2498055382415414,0.00018902696680304004,0.016745027758812862,1330.4325699638355,81.13728626705276,0.9088,0.0,0.0,0,500,500,4000,47.489656686782844
ok,ptft,13,5000,0.059,295,0.059000000000000004,10000,1e-06,0.0,0.0,0.1,1.0,0.1,0.0,unit_total_var,,0.5,5000000,5000,50000,True,0.0001,,0.0,0.0,1.0,2000,train_pred_mse,25000,2.367016591909729,2.3688771110973788,0.00013739457854773535,0.012581010345477137,1365.3512646439285,81.19776186450802,0.9068,0.0,0.0,0,500,500,4000,30.63322138786316
ok,ptft,14,5000,0.059,295,0.059000000000000004,10000,1e-06,0.0,0.0,0.1,1.0,0.1,0.0,unit_total_var,,0.5,5000000,5000,50000,True,0.0001,,0.0,0.0,1.0,2000,train_pred_mse,25000,2.9025814971862887,2.8632037365327023,0.00016360678103114512,0.013394783000558044,1520.8425643017263,93.71547584177117,0.9196,0.0,0.0,0,500,500,4000,31.02938270568848
ok,ptft,15,5000,0.059,295,0.059000000000000004,10000,1e-06,0.0,0.0,0.1,1.0,0.1,0.0,unit_total_var,,0.5,5000000,5000,50000,True,0.0001,,0.0,0.0,1.0,2000,train_pred_mse,25000,2.509951791707454,2.477568340940849,0.00014062663257675037,0.014488343845950153,1460.4254648914387,85.14274625683841,0.9248,0.0,0.0,0,500,500,4000,37.19081115722656
ok,ptft,16,5000,0.059,295,0.059000000000000004,10000,1e-06,0.0,0.0,0.1,1.0,0.1,0.0,unit_total_var,,0.5,5000000,5000,50000,True,0.0001,,0.0,0.0,1.0,2000,train_pred_mse,30000,2.152997211036661,2.1571657146611964,0.00013000868322902978,0.012417481775038158,1297.6172405698962,77.73125644934666,0.9054,0.0,0.0,0,500,500,4000,42.173743724823
ok,ptft,17,5000,0.059,295,0.059000000000000004,10000,1e-06,0.0,0.0,0.1,1.0,0.1,0.0,unit_total_var,,0.5,5000000,5000,50000,True,0.0001,,0.0,0.0,1.0,2000,train_pred_mse,25000,2.075145876499824,2.0901480348402983,0.00017448387404307264,0.016188646384804554,1272.6697966102358,75.28611345048054,0.9092,0.0,0.0,0,500,500,4000,32.000036239624016
ok,ptft,18,5000,0.059,295,0.059000000000000004,10000,1e-06,0.0,0.0,0.1,1.0,0.1,0.0,unit_total_var,,0.5,5000000,5000,50000,True,0.0001,,0.0,0.0,1.0,2000,train_pred_mse,25000,2.161014451353309,2.1543265131556875,0.0001836071058705468,0.018033876241111062,1329.4395441644706,78.59521399353841,0.9072,0.0,0.0,0,500,500,4000,29.2740318775177
ok,ptft,19,5000,0.059,295,0.059000000000000004,10000,1e-06,0.0,0.0,0.1,1.0,0.1,0.0,unit_total_var,,0.5,5000000,5000,50000,True,0.0001,,0.0,0.0,1.0,2000,train_pred_mse,30000,2.098503826732949,2.0859042294587016,0.00015753898832590572,0.014112839129242626,1215.3073807088942,74.33524507961428,0.9102,0.0,0.0,0,500,500,4000,73.80537962913512
ok,ptft,6,5000,0.059,295,0.059000000000000004,10000,1e-06,0.0,0.0,0.1,1.0,0.1,0.0,unit_total_var,,0.5,5000000,5000,50000,True,0.0001,,0.0,0.0,1.0,2000,train_pred_mse,25000,2.120381978202304,2.1241389729408486,0.000194995251256356,0.018221547758719342,1218.9584701898837,75.58494887772096,0.8978,0.0,0.0,0,500,500,4000,30.155270338058468
ok,ptft,7,5000,0.059,295,0.059000000000000004,10000,1e-06,0.0,0.0,0.1,1.0,0.1,0.0,unit_total_var,,0.5,5000000,5000,50000,True,0.0001,,0.0,0.0,1.0,2000,train_pred_mse,30000,2.356370519505519,2.3547742385006054,0.0001346397489753723,0.01148079963501678,1358.4012682155596,81.97141574106989,0.9136,0.0,0.0,0,500,500,4000,63.75588440895081
ok,ptft,8,5000,0.059,295,0.059000000000000004,10000,1e-06,0.0,0.0,0.1,1.0,0.1,0.0,unit_total_var,,0.5,5000000,5000,50000,True,0.0001,,0.0,0.0,1.0,2000,train_pred_mse,25000,2.5334795784272823,2.5665675702006987,0.0001255622923275601,0.011039919676802543,1403.9576313419338,86.98932909455796,0.9134,0.0,0.0,0,500,500,4000,43.843472719192505
ok,ptft,9,5000,0.059,295,0.059000000000000004,10000,1e-06,0.0,0.0,0.1,1.0,0.1,0.0,unit_total_var,,0.5,5000000,5000,50000,True,0.0001,,0.0,0.0,1.0,2000,train_pred_mse,25000,2.1053627735255582,2.0519422601959363,0.00017552284915439806,0.017466505510508542,1232.0455775736855,73.7829127500187,0.8992,0.0,0.0,0,500,500,4000,71.65802788734436
ok,ptft,10,5000,0.10800000000000001,540,0.10800000000000001,10000,1e-06,0.0,0.0,0.1,1.0,0.1,0.0,unit_total_var,,0.5,5000000,5000,50000,True,0.0001,,0.0,0.0,1.0,2000,train_pred_mse,45000,2.2836645211568487,2.301200225100269,0.000139026487112053,0.007905384216883525,1665.3084306581222,82.74748562349323,0.9502,0.0,0.0,0,500,500,4000,100.51662802696228
ok,ptft,11,5000,0.10800000000000001,540,0.10800000000000001,10000,1e-06,0.0,0.0,0.1,1.0,0.1,0.0,unit_total_var,,0.5,5000000,5000,50000,True,0.0001,,0.0,0.0,1.0,2000,train_pred_mse,45000,2.268783840445193,2.2496298466469895,0.0001408089601307218,0.007541317089291005,1578.5658680711053,79.56726588783613,0.9436,0.0,0.0,0,500,500,4000,190.6862545013428
ok,ptft,12,5000,0.10800000000000001,540,0.10800000000000001,10000,1e-06,0.0,0.0,0.1,1.0,0.1,0.0,unit_total_var,,0.5,5000000,5000,50000,True,0.0001,,0.0,0.0,1.0,2000,train_pred_mse,50000,2.077487647966623,2.085371310813645,0.0001259571885887658,0.006240270706101797,1558.901953422442,79.33160083055837,0.9502,0.0,0.0,0,500,500,4000,192.96377277374268
ok,ptft,13,5000,0.10800000000000001,540,0.10800000000000001,10000,1e-06,0.0,0.0,0.1,1.0,0.1,0.0,unit_total_var,,0.5,5000000,5000,50000,True,0.0001,,0.0,0.0,1.0,2000,train_pred_mse,45000,2.0601242319898985,2.090903117685712,0.00013749305366188028,0.007519611315319861,1584.4179092860086,77.17321037918404,0.946,0.0,0.0,0,500,500,4000,119.29877614974977
ok,ptft,14,5000,0.10800000000000001,540,0.10800000000000001,10000,1e-06,0.0,0.0,0.1,1.0,0.1,0.0,unit_total_var,,0.5,5000000,5000,50000,True,0.0001,,0.0,0.0,1.0,2000,train_pred_mse,45000,2.3398310060086738,2.343181737483463,0.00014764316575238782,0.007849226401902314,1679.7693044562168,83.47649377226277,0.946,0.0,0.0,0,500,500,4000,232.00836396217343
ok,ptft,15,5000,0.10800000000000001,540,0.10800000000000001,10000,1e-06,0.0,0.0,0.1,1.0,0.1,0.0,unit_total_var,,0.5,5000000,5000,50000,True,0.0001,,0.0,0.0,1.0,2000,train_pred_mse,45000,2.195733684946916,2.2078622885972727,0.00014612995421669605,0.0076755991111423175,1668.436775372123,82.3295723107974,0.9470000000000001,0.0,0.0,0,500,500,4000,195.70357537269592
ok,ptft,16,5000,0.10800000000000001,540,0.10800000000000001,10000,1e-06,0.0,0.0,0.1,1.0,0.1,0.0,unit_total_var,,0.5,5000000,5000,50000,True,0.0001,,0.0,0.0,1.0,2000,train_pred_mse,45000,1.892510794213477,1.8803697724284345,0.0001433616325823857,0.008461679318243645,1505.9570256465472,72.67923406766556,0.941,0.0,0.0,0,500,500,4000,91.09097075462341
ok,ptft,17,5000,0.10800000000000001,540,0.10800000000000001,10000,1e-06,0.0,0.0,0.1,1.0,0.1,0.0,unit_total_var,,0.5,5000000,5000,50000,True,0.0001,,0.0,0.0,1.0,2000,train_pred_mse,45000,1.9344869689822928,1.8953041587847657,0.00014367084596100468,0.007845924648675591,1554.4441874822146,77.15881216951925,0.9470000000000001,0.0,0.0,0,500,500,4000,92.91286134719849
ok,ptft,18,5000,0.10800000000000001,540,0.10800000000000001,10000,1e-06,0.0,0.0,0.1,1.0,0.1,0.0,unit_total_var,,0.5,5000000,5000,50000,True,0.0001,,0.0,0.0,1.0,2000,train_pred_mse,50000,2.061603860517537,2.052104175279508,0.00011942693236386651,0.006355388805575075,1602.4108323293603,78.96067672866072,0.9436,0.0,0.0,0,500,500,4000,166.18666625022888
ok,ptft,19,5000,0.10800000000000001,540,0.10800000000000001,10000,1e-06,0.0,0.0,0.1,1.0,0.1,0.0,unit_total_var,,0.5,5000000,5000,50000,True,0.0001,,0.0,0.0,1.0,2000,train_pred_mse,50000,2.057862443956865,2.0872429243083497,0.00012146757107533574,0.006377480925677038,1514.7818397447718,77.68559039480678,0.9428,0.0,0.0,0,500,500,4000,197.043616771698
ok,ptft,6,5000,0.10800000000000001,540,0.10800000000000001,10000,1e-06,0.0,0.0,0.1,1.0,0.1,0.0,unit_total_var,,0.5,5000000,5000,50000,True,0.0001,,0.0,0.0,1.0,2000,train_pred_mse,45000,2.133197084051716,2.1007046631246693,0.0001367551760824014,0.007703817445676609,1592.9064420227328,79.28587043622251,0.9454,0.0,0.0,0,500,500,4000,105.64694857597351
ok,ptft,7,5000,0.10800000000000001,540,0.10800000000000001,10000,1e-06,0.0,0.0,0.1,1.0,0.1,0.0,unit_total_var,,0.5,5000000,5000,50000,True,0.0001,,0.0,0.0,1.0,2000,train_pred_mse,50000,2.2257474429032933,2.256216850094063,0.0001337561955391139,0.00665825995471984,1653.710404903279,84.38777767164827,0.9476,0.0,0.0,0,500,500,4000,83.87439250946045
ok,ptft,8,5000,0.10800000000000001,540,0.10800000000000001,10000,1e-06,0.0,0.0,0.1,1.0,0.1,0.0,unit_total_var,,0.5,5000000,5000,50000,True,0.0001,,0.0,0.0,1.0,2000,train_pred_mse,45000,2.266373293966143,2.2213099915316974,0.00012711681835122322,0.006810165038958683,1658.0615401319753,82.46600181587891,0.9464,0.0,0.0,0,500,500,4000,159.60687327384952
ok,ptft,9,5000,0.10800000000000001,540,0.10800000000000001,10000,1e-06,0.0,0.0,0.1,1.0,0.1,0.0,unit_total_var,,0.5,5000000,5000,50000,True,0.0001,,0.0,0.0,1.0,2000,train_pred_mse,45000,2.063450291091385,2.0664549332157,0.000123075851821709,0.006620459317685157,1617.0410880547192,80.31648768917171,0.9506,0.0,0.0,0,500,500,4000,215.6529333591461
ok,ptft,10,5000,0.15700000000000006,785,0.157,10000,1e-06,0.0,0.0,0.1,1.0,0.1,0.0,unit_total_var,,0.5,5000000,5000,50000,True,0.0001,,0.0,0.0,1.0,2000,train_pred_mse,75000,1.6618064535210084,1.6530072572414205,0.0001083239588989405,0.005063317532962282,1577.6452219416865,67.97069230495119,0.9554,0.0,0.0,0,500,500,4000,235.6217124462128
ok,ptft,11,5000,0.15700000000000006,785,0.157,10000,1e-06,0.0,0.0,0.1,1.0,0.1,0.0,unit_total_var,,0.5,5000000,5000,50000,True,0.0001,,0.0,0.0,1.0,2000,train_pred_mse,75000,1.7190010491746592,1.747804281596623,0.00010114720790680442,0.004648556241664636,1680.2496066192707,70.76444676315684,0.9512,0.0,0.0,0,500,500,4000,449.20460844039917
ok,ptft,12,5000,0.15700000000000006,785,0.157,10000,1e-06,0.0,0.0,0.1,1.0,0.1,0.0,unit_total_var,,0.5,5000000,5000,50000,True,0.0001,,0.0,0.0,1.0,2000,train_pred_mse,70000,1.3645470460545779,1.367647854190242,0.00010453709302612668,0.005187551844315726,1530.0648119435,65.18576079402328,0.9632,0.0,0.0,0,500,500,4000,409.850711107254
ok,ptft,13,5000,0.15700000000000006,785,0.157,10000,1e-06,0.0,0.0,0.1,1.0,0.1,0.0,unit_total_var,,0.5,5000000,5000,50000,True,0.0001,,0.0,0.0,1.0,2000,train_pred_mse,75000,1.6920056824994634,1.677480847217652,9.44562436799914e-05,0.004356978402542812,1601.0514891960113,68.53321123217097,0.9520000000000001,0.0,0.0,0,500,500,4000,444.90142846107483
ok,ptft,14,5000,0.15700000000000006,785,0.157,10000,1e-06,0.0,0.0,0.1,1.0,0.1,0.0,unit_total_var,,0.5,5000000,5000,50000,True,0.0001,,0.0,0.0,1.0,2000,train_pred_mse,70000,1.6898448611353691,1.6771760326664304,0.00011699750340929348,0.005830562432832425,1583.925327268653,67.96611057684919,0.9568,0.0,0.0,0,500,500,4000,268.1377866268158
ok,ptft,15,5000,0.15700000000000006,785,0.157,10000,1e-06,0.0,0.0,0.1,1.0,0.1,0.0,unit_total_var,,0.5,5000000,5000,50000,True,0.0001,,0.0,0.0,1.0,2000,train_pred_mse,75000,1.5344872047599565,1.5527496794481983,0.0001084681726126796,0.005557839187587943,1574.0333383592003,66.82260372218944,0.9552,0.0,0.0,0,500,500,4000,266.19884634017944
ok,ptft,16,5000,0.15700000000000006,785,0.157,10000,1e-06,0.0,0.0,0.1,1.0,0.1,0.0,unit_total_var,,0.5,5000000,5000,50000,True,0.0001,,0.0,0.0,1.0,2000,train_pred_mse,80000,1.358082312121062,1.358372618510617,0.00010040914641768697,0.005171926710925592,1443.4041102706515,61.53334582937175,0.9578,0.0,0.0,0,500,500,4000,290.3171126842499
ok,ptft,17,5000,0.15700000000000006,785,0.157,10000,1e-06,0.0,0.0,0.1,1.0,0.1,0.0,unit_total_var,,0.5,5000000,5000,50000,True,0.0001,,0.0,0.0,1.0,2000,train_pred_mse,75000,1.4454361142309065,1.4327367921118412,0.00010318059157076946,0.005228368443844465,1536.4432740667282,64.71747885531681,0.9548,0.0,0.0,0,500,500,4000,234.70568108558655
ok,ptft,18,5000,0.15700000000000006,785,0.157,10000,1e-06,0.0,0.0,0.1,1.0,0.1,0.0,unit_total_var,,0.5,5000000,5000,50000,True,0.0001,,0.0,0.0,1.0,2000,train_pred_mse,70000,1.3860329456126579,1.4309309142496172,0.0001146821976658913,0.005658219887105479,1543.5230007494522,65.78893562813367,0.9542,0.0,0.0,0,500,500,4000,410.9787249565125
ok,ptft,19,5000,0.15700000000000006,785,0.157,10000,1e-06,0.0,0.0,0.1,1.0,0.1,0.0,unit_total_var,,0.5,5000000,5000,50000,True,0.0001,,0.0,0.0,1.0,2000,train_pred_mse,75000,1.4535050884948724,1.4825859802878922,9.704126679669484e-05,0.004539876160886366,1539.8932029580415,65.19183524191082,0.96,0.0,0.0,0,500,500,4000,397.73494052886963
ok,ptft,6,5000,0.15700000000000006,785,0.157,10000,1e-06,0.0,0.0,0.1,1.0,0.1,0.0,unit_total_var,,0.5,5000000,5000,50000,True,0.0001,,0.0,0.0,1.0,2000,train_pred_mse,80000,1.5964116407367306,1.6086078545786888,9.916798270290395e-05,0.004423568235786275,1526.7048197600961,67.87175254565076,0.95,0.0,0.0,0,500,500,4000,267.8564195632934
ok,ptft,7,5000,0.15700000000000006,785,0.157,10000,1e-06,0.0,0.0,0.1,1.0,0.1,0.0,unit_total_var,,0.5,5000000,5000,50000,True,0.0001,,0.0,0.0,1.0,2000,train_pred_mse,75000,1.5483597962238271,1.5459391125227482,0.00010182358715926636,0.005054202087769189,1550.907129198461,66.48945000919342,0.9514,0.0,0.0,0,500,500,4000,435.48182034492487
ok,ptft,8,5000,0.15700000000000006,785,0.157,10000,1e-06,0.0,0.0,0.1,1.0,0.1,0.0,unit_total_var,,0.5,5000000,5000,50000,True,0.0001,,0.0,0.0,1.0,2000,train_pred_mse,75000,1.4855453731900965,1.4994827086668048,0.00010221537556403271,0.00515993708668105,1560.0530327615961,65.74309191879601,0.9578,0.0,0.0,0,500,500,4000,424.30785250663763
ok,ptft,9,5000,0.15700000000000006,785,0.157,10000,1e-06,0.0,0.0,0.1,1.0,0.1,0.0,unit_total_var,,0.5,5000000,5000,50000,True,0.0001,,0.0,0.0,1.0,2000,train_pred_mse,75000,1.4456929381657848,1.4593601945221453,9.573325771224526e-05,0.004803713654386298,1532.9133955511145,65.40538346824638,0.9540000000000001,0.0,0.0,0,500,500,4000,182.22265696525574
ok,ptft,10,5000,0.206,1030,0.20600000000000002,10000,1e-06,0.0,0.0,0.1,1.0,0.1,0.0,unit_total_var,,0.5,5000000,5000,50000,True,0.0001,,0.0,0.0,1.0,2000,train_pred_mse,115000,1.0910523980073987,1.0983149633078368,8.658911373724459e-05,0.0038663132545776525,1569.3516885628135,60.91204053449178,0.9584,0.0,0.0,0,500,500,4000,569.5725383758545
ok,ptft,11,5000,0.206,1030,0.20600000000000002,10000,1e-06,0.0,0.0,0.1,1.0,0.1,0.0,unit_total_var,,0.5,5000000,5000,50000,True,0.0001,,0.0,0.0,1.0,2000,train_pred_mse,105000,1.2342521114705072,1.2174834706873885,8.8965245487888e-05,0.004186606386061432,1637.0171617314174,62.52312391583848,0.9652,0.0,0.0,0,500,500,4000,801.4982435703278
ok,ptft,12,5000,0.206,1030,0.20600000000000002,10000,1e-06,0.0,0.0,0.1,1.0,0.1,0.0,unit_total_var,,0.5,5000000,5000,50000,True,0.0001,,0.0,0.0,1.0,2000,train_pred_mse,110000,1.0319510072735472,1.014805390351179,8.513580055667807e-05,0.0037573712245379844,1536.1410835425418,59.51766574977084,0.9612,0.0,0.0,0,500,500,4000,830.8508818149568
ok,ptft,13,5000,0.206,1030,0.20600000000000002,10000,1e-06,0.0,0.0,0.1,1.0,0.1,0.0,unit_total_var,,0.5,5000000,5000,50000,True,0.0001,,0.0,0.0,1.0,2000,train_pred_mse,105000,1.1301802691798046,1.1268827655728444,8.859135977894209e-05,0.004119213160253008,1667.4977719168728,62.43192921558033,0.9616,0.0,0.0,0,500,500,4000,597.1007273197174
ok,ptft,14,5000,0.206,1030,0.20600000000000002,10000,1e-06,0.0,0.0,0.1,1.0,0.1,0.0,unit_total_var,,0.5,5000000,5000,50000,True,0.0001,,0.0,0.0,1.0,2000,train_pred_mse,100000,1.2435850834333153,1.251345340333963,9.260838241548536e-05,0.004178394231807177,1664.7407856397465,62.183109171721384,0.9586,0.0,0.0,0,500,500,4000,632.6225261688232
ok,ptft,15,5000,0.206,1030,0.20600000000000002,10000,1e-06,0.0,0.0,0.1,1.0,0.1,0.0,unit_total_var,,0.5,5000000,5000,50000,True,0.0001,,0.0,0.0,1.0,2000,train_pred_mse,110000,1.1976408429463388,1.166118125243188,8.509479737666061e-05,0.003763084674693588,1615.504226389337,61.525519260183614,0.9572,0.0,0.0,0,500,500,4000,526.3228785991669
ok,ptft,16,5000,0.206,1030,0.20600000000000002,10000,1e-06,0.0,0.0,0.1,1.0,0.1,0.0,unit_total_var,,0.5,5000000,5000,50000,True,0.0001,,0.0,0.0,1.0,2000,train_pred_mse,105000,0.9996188806955479,0.9931005915601752,9.083405806583758e-05,0.004222315239617632,1523.3408339190191,58.163761834648675,0.9608,0.0,0.0,0,500,500,4000,1219.4075520038605
ok,ptft,17,5000,0.206,1030,0.20600000000000002,10000,1e-06,0.0,0.0,0.1,1.0,0.1,0.0,unit_total_var,,0.5,5000000,5000,50000,True,0.0001,,0.0,0.0,1.0,2000,train_pred_mse,110000,1.0228512742447964,1.0204563851895978,8.6259583770551e-05,0.00405688779105044,1500.7168172945596,57.04476373356246,0.9582,0.0,0.0,0,500,500,4000,884.1627514362335
ok,ptft,18,5000,0.206,1030,0.20600000000000002,10000,1e-06,0.0,0.0,0.1,1.0,0.1,0.0,unit_total_var,,0.5,5000000,5000,50000,True,0.0001,,0.0,0.0,1.0,2000,train_pred_mse,120000,1.1008529030303296,1.1002605920483255,7.863920861308676e-05,0.003454970468707605,1524.8455198418574,58.964230113425685,0.956,0.0,0.0,0,500,500,4000,1081.856039762497
ok,ptft,19,5000,0.206,1030,0.20600000000000002,10000,1e-06,0.0,0.0,0.1,1.0,0.1,0.0,unit_total_var,,0.5,5000000,5000,50000,True,0.0001,,0.0,0.0,1.0,2000,train_pred_mse,110000,1.0567836661570018,1.045761363132493,8.36838672996997e-05,0.003965524750544488,1503.6197209805594,56.95455693592931,0.9588,0.0,0.0,0,500,500,4000,792.1305499076843
ok,ptft,6,5000,0.206,1030,0.20600000000000002,10000,1e-06,0.0,0.0,0.1,1.0,0.1,0.0,unit_total_var,,0.5,5000000,5000,50000,True,0.0001,,0.0,0.0,1.0,2000,train_pred_mse,110000,1.087661640783972,1.0669658414174459,8.235761999190159e-05,0.003741584702120064,1563.7492851051638,59.62144277991639,0.9640000000000001,0.0,0.0,0,500,500,4000,861.7314300537109
ok,ptft,7,5000,0.206,1030,0.20600000000000002,10000,1e-06,0.0,0.0,0.1,1.0,0.1,0.0,unit_total_var,,0.5,5000000,5000,50000,True,0.0001,,0.0,0.0,1.0,2000,train_pred_mse,110000,1.1856423362995894,1.2105035220190696,8.761959093809246e-05,0.004087422224007503,1614.3467390615176,60.46901873026442,0.9594,0.0,0.0,0,500,500,4000,416.3314700126648
ok,ptft,8,5000,0.206,1030,0.20600000000000002,10000,1e-06,0.0,0.0,0.1,1.0,0.1,0.0,unit_total_var,,0.5,5000000,5000,50000,True,0.0001,,0.0,0.0,1.0,2000,train_pred_mse,115000,1.1740099731136262,1.1531241122805822,8.117574461514936e-05,0.003363463609510842,1678.6848648172909,64.67001913745429,0.96,0.0,0.0,0,500,500,4000,966.9787600040436
ok,ptft,9,5000,0.206,1030,0.20600000000000002,10000,1e-06,0.0,0.0,0.1,1.0,0.1,0.0,unit_total_var,,0.5,5000000,5000,50000,True,0.0001,,0.0,0.0,1.0,2000,train_pred_mse,120000,1.150736393446118,1.145729503121384,8.358178373524948e-05,0.003637952458869615,1562.1677623846847,59.961018712111546,0.9554,0.0,0.0,0,500,500,4000,1250.514182329178
ok,ptft,10,5000,0.255,1275,0.255,10000,1e-06,0.0,0.0,0.1,1.0,0.1,0.0,unit_total_var,,0.5,5000000,5000,50000,True,0.0001,,0.0,0.0,1.0,2000,train_pred_mse,160000,0.7878745224895388,0.7818490726895568,7.113788081828416e-05,0.002872061766700319,1636.4926595410868,59.97235632710429,0.963,0.0,0.0,0,500,500,4000,1077.605129480362
ok,ptft,11,5000,0.255,1275,0.255,10000,1e-06,0.0,0.0,0.1,1.0,0.1,0.0,unit_total_var,,0.5,5000000,5000,50000,True,0.0001,,0.0,0.0,1.0,2000,train_pred_mse,155000,0.8293872573350158,0.8369860717940101,7.198985278183922e-05,0.002825412714838132,1679.8194120970215,60.62493598857474,0.9636,0.0,0.0,0,500,500,4000,1442.9831681251526
ok,ptft,12,5000,0.255,1275,0.255,10000,1e-06,0.0,0.0,0.1,1.0,0.1,0.0,unit_total_var,,0.5,5000000,5000,50000,True,0.0001,,0.0,0.0,1.0,2000,train_pred_mse,155000,0.786447857376962,0.7794994582413357,7.048517978797794e-05,0.0029385050304803037,1587.5004888843253,56.95583404651373,0.9628,0.0,0.0,0,500,500,4000,1471.0442008972168
ok,ptft,13,5000,0.255,1275,0.255,10000,1e-06,0.0,0.0,0.1,1.0,0.1,0.0,unit_total_var,,0.5,5000000,5000,50000,True,0.0001,,0.0,0.0,1.0,2000,train_pred_mse,140000,0.8627769186584987,0.8665380711424892,7.643206785786426e-05,0.003299744831253295,1663.5776475144214,59.22538950611992,0.9614,0.0,0.0,0,500,500,4000,507.33535623550415
ok,ptft,14,5000,0.255,1275,0.255,10000,1e-06,0.0,0.0,0.1,1.0,0.1,0.0,unit_total_var,,0.5,5000000,5000,50000,True,0.0001,,0.0,0.0,1.0,2000,train_pred_mse,145000,0.8053142110619479,0.8316688628502258,7.319306336997248e-05,0.002927481313376268,1687.3278457268952,61.1519622345541,0.9666,0.0,0.0,0,500,500,4000,1205.763543367386
ok,ptft,15,5000,0.255,1275,0.255,10000,1e-06,0.0,0.0,0.1,1.0,0.1,0.0,unit_total_var,,0.5,5000000,5000,50000,True,0.0001,,0.0,0.0,1.0,2000,train_pred_mse,155000,0.7886736648751485,0.7876094246115309,7.064602979726379e-05,0.002975438999666416,1560.8140428002616,56.792756712273366,0.9646,0.0,0.0,0,500,500,4000,999.5279927253723
ok,ptft,16,5000,0.255,1275,0.255,10000,1e-06,0.0,0.0,0.1,1.0,0.1,0.0,unit_total_var,,0.5,5000000,5000,50000,True,0.0001,,0.0,0.0,1.0,2000,train_pred_mse,150000,0.759782697116043,0.7495876433371376,7.139249218674851e-05,0.0028967986725313435,1547.1184553926025,56.312992747421866,0.9652,0.0,0.0,0,500,500,4000,1393.969378709793
ok,ptft,17,5000,0.255,1275,0.255,10000,1e-06,0.0,0.0,0.1,1.0,0.1,0.0,unit_total_var,,0.5,5000000,5000,50000,True,0.0001,,0.0,0.0,1.0,2000,train_pred_mse,160000,0.7466301238919021,0.7361073498516962,6.560370162225899e-05,0.002705816668199475,1553.082589842046,56.65526673917448,0.9640000000000001,0.0,0.0,0,500,500,4000,1583.3684339523315
ok,ptft,18,5000,0.255,1275,0.255,10000,1e-06,0.0,0.0,0.1,1.0,0.1,0.0,unit_total_var,,0.5,5000000,5000,50000,True,0.0001,,0.0,0.0,1.0,2000,train_pred_mse,155000,0.6845046661731813,0.6802317330791026,7.045528438505625e-05,0.0030315203678216588,1514.9640060214788,53.48145276466739,0.9588,0.0,0.0,0,500,500,4000,1095.830421924591
ok,ptft,19,5000,0.255,1275,0.255,10000,1e-06,0.0,0.0,0.1,1.0,0.1,0.0,unit_total_var,,0.5,5000000,5000,50000,True,0.0001,,0.0,0.0,1.0,2000,train_pred_mse,145000,0.7364402077328861,0.7299383448764838,7.443255786306218e-05,0.0031362547781651155,1566.527519856706,56.43164729344711,0.9620000000000001,0.0,0.0,0,500,500,4000,1263.148087501526
ok,ptft,6,5000,0.255,1275,0.255,10000,1e-06,0.0,0.0,0.1,1.0,0.1,0.0,unit_total_var,,0.5,5000000,5000,50000,True,0.0001,,0.0,0.0,1.0,2000,train_pred_mse,155000,0.7521203467735678,0.7496310795010553,7.242799363888034e-05,0.002956747941740844,1596.6156611753167,58.1276543839637,0.9648,0.0,0.0,0,500,500,4000,849.7382068634033
ok,ptft,7,5000,0.255,1275,0.255,10000,1e-06,0.0,0.0,0.1,1.0,0.1,0.0,unit_total_var,,0.5,5000000,5000,50000,True,0.0001,,0.0,0.0,1.0,2000,train_pred_mse,155000,0.7804816892079227,0.7817671764088809,7.06884163042802e-05,0.0030644518282263327,1557.432387207607,55.54012403131054,0.9638,0.0,0.0,0,500,500,4000,1038.1342487335203
ok,ptft,8,5000,0.255,1275,0.255,10000,1e-06,0.0,0.0,0.1,1.0,0.1,0.0,unit_total_var,,0.5,5000000,5000,50000,True,0.0001,,0.0,0.0,1.0,2000,train_pred_mse,160000,0.7961584635730657,0.8077437755205497,7.07076165351772e-05,0.002826044824172486,1636.313142339968,58.078735365125176,0.9652,0.0,0.0,0,500,500,4000,2637.766002893448
ok,ptft,9,5000,0.255,1275,0.255,10000,1e-06,0.0,0.0,0.1,1.0,0.1,0.0,unit_total_var,,0.5,5000000,5000,50000,True,0.0001,,0.0,0.0,1.0,2000,train_pred_mse,155000,0.6871722156667184,0.6820694983957335,7.096808259497642e-05,0.0029238450315855844,1505.4651454040381,55.039337992259256,0.963,0.0,0.0,0,500,500,4000,1366.2416615486145
ok,ptft,10,5000,0.30400000000000005,1520,0.304,10000,1e-06,0.0,0.0,0.1,1.0,0.1,0.0,unit_total_var,,0.5,5000000,5000,50000,True,0.0001,,0.0,0.0,1.0,2000,train_pred_mse,205000,0.5450639828219923,0.5325504087963987,6.033040133892576e-05,0.0022586397991297283,1627.0440288884624,57.27821308657098,0.9624,0.0,0.0,0,500,500,4000,1490.9925966262815
ok,ptft,11,5000,0.30400000000000005,1520,0.304,10000,1e-06,0.0,0.0,0.1,1.0,0.1,0.0,unit_total_var,,0.5,5000000,5000,50000,True,0.0001,,0.0,0.0,1.0,2000,train_pred_mse,210000,0.6364157804551808,0.618175854581575,6.039620152849674e-05,0.002112328784302894,1673.9162994117914,58.87024264858914,0.9678,0.0,0.0,0,500,500,4000,2223.7433364391327
ok,ptft,12,5000,0.30400000000000005,1520,0.304,10000,1e-06,0.0,0.0,0.1,1.0,0.1,0.0,unit_total_var,,0.5,5000000,5000,50000,True,0.0001,,0.0,0.0,1.0,2000,train_pred_mse,210000,0.4320579380650572,0.4291940272539722,5.967179249873856e-05,0.002233418252756121,1488.9546704578797,54.23475093010629,0.9628,0.0,0.0,0,500,500,4000,2353.909245014191
ok,ptft,13,5000,0.30400000000000005,1520,0.304,10000,1e-06,0.0,0.0,0.1,1.0,0.1,0.0,unit_total_var,,0.5,5000000,5000,50000,True,0.0001,,0.0,0.0,1.0,2000,train_pred_mse,200000,0.5275281108341463,0.5397074214026608,6.365220307992284e-05,0.002354019260167382,1606.604201057467,57.63652915381885,0.9656,0.0,0.0,0,500,500,4000,2212.822342634201
ok,ptft,14,5000,0.30400000000000005,1520,0.304,10000,1e-06,0.0,0.0,0.1,1.0,0.1,0.0,unit_total_var,,0.5,5000000,5000,50000,True,0.0001,,0.0,0.0,1.0,2000,train_pred_mse,195000,0.4887424770453703,0.4923236101134996,5.938267889329733e-05,0.002207757876232766,1606.5587541825644,58.47367606046628,0.9716,0.0,0.0,0,500,500,4000,1928.1289863586426
ok,ptft,15,5000,0.30400000000000005,1520,0.304,10000,1e-06,0.0,0.0,0.1,1.0,0.1,0.0,unit_total_var,,0.5,5000000,5000,50000,True,0.0001,,0.0,0.0,1.0,2000,train_pred_mse,200000,0.4157736666865821,0.4126770605668196,6.21461336748162e-05,0.0022958772531209448,1590.889782382336,57.380702860868645,0.9704,0.0,0.0,0,500,500,4000,1560.2429492473602
ok,ptft,16,5000,0.30400000000000005,1520,0.304,10000,1e-06,0.0,0.0,0.1,1.0,0.1,0.0,unit_total_var,,0.5,5000000,5000,50000,True,0.0001,,0.0,0.0,1.0,2000,train_pred_mse,220000,0.4589517227616982,0.4687125916404317,5.685480021216383e-05,0.002116161514687073,1507.3468438134955,54.467358224196474,0.9664,0.0,0.0,0,500,500,4000,4873.944858789444
ok,ptft,17,5000,0.30400000000000005,1520,0.304,10000,1e-06,0.0,0.0,0.1,1.0,0.1,0.0,unit_total_var,,0.5,5000000,5000,50000,True,0.0001,,0.0,0.0,1.0,2000,train_pred_mse,220000,0.4501271928567843,0.4425746451644358,5.947354669761924e-05,0.002201771071105587,1526.591193415139,55.57394873373935,0.968,0.0,0.0,0,500,500,4000,2582.0616581439967
ok,ptft,18,5000,0.30400000000000005,1520,0.304,10000,1e-06,0.0,0.0,0.1,1.0,0.1,0.0,unit_total_var,,0.5,5000000,5000,50000,True,0.0001,,0.0,0.0,1.0,2000,train_pred_mse,210000,0.3795435283711197,0.3814242515332534,5.814114499179052e-05,0.0021965882770875254,1508.7374824902483,55.18517212160111,0.9658,0.0,0.0,0,500,500,4000,1218.5324392318726
ok,ptft,19,5000,0.30400000000000005,1520,0.304,10000,1e-06,0.0,0.0,0.1,1.0,0.1,0.0,unit_total_var,,0.5,5000000,5000,50000,True,0.0001,,0.0,0.0,1.0,2000,train_pred_mse,210000,0.4702349282631216,0.4815452330695762,5.8033794943473595e-05,0.002201772104487144,1543.6846311563784,56.05662109201759,0.9672,0.0,0.0,0,500,500,4000,2101.934897661209
ok,ptft,6,5000,0.30400000000000005,1520,0.304,10000,1e-06,0.0,0.0,0.1,1.0,0.1,0.0,unit_total_var,,0.5,5000000,5000,50000,True,0.0001,,0.0,0.0,1.0,2000,train_pred_mse,220000,0.4312711809777624,0.4223350100634688,5.780993889175797e-05,0.00198364550237706,1541.9892792926642,56.579350239804675,0.9674,0.0,0.0,0,500,500,4000,2462.8810579776764
ok,ptft,7,5000,0.30400000000000005,1520,0.304,10000,1e-06,0.0,0.0,0.1,1.0,0.1,0.0,unit_total_var,,0.5,5000000,5000,50000,True,0.0001,,0.0,0.0,1.0,2000,train_pred_mse,200000,0.4756846190468961,0.4800039967863288,5.8819390602334555e-05,0.0021787538141378173,1584.6580099634587,57.00315374988987,0.9694,0.0,0.0,0,500,500,4000,1279.4367799758909
ok,ptft,8,5000,0.30400000000000005,1520,0.304,10000,1e-06,0.0,0.0,0.1,1.0,0.1,0.0,unit_total_var,,0.5,5000000,5000,50000,True,0.0001,,0.0,0.0,1.0,2000,train_pred_mse,200000,0.4859975112877862,0.4749800583178878,6.00655851253407e-05,0.0021285422371129124,1581.970721569027,57.69555694170232,0.9664,0.0,0.0,0,500,500,4000,3199.8640677928925
ok,ptft,9,5000,0.30400000000000005,1520,0.304,10000,1e-06,0.0,0.0,0.1,1.0,0.1,0.0,unit_total_var,,0.5,5000000,5000,50000,True,0.0001,,0.0,0.0,1.0,2000,train_pred_mse,220000,0.4641618691694122,0.4549846470612765,5.7685790287280665e-05,0.0020672870117552306,1540.2307792905567,56.01142334129318,0.9628,0.0,0.0,0,500,500,4000,1844.0782985687256
ok,ptft,10,5000,0.35300000000000004,1765,0.353,10000,1e-06,0.0,0.0,0.1,1.0,0.1,0.0,unit_total_var,,0.5,5000000,5000,50000,True,0.0001,,0.0,0.0,1.0,2000,train_pred_mse,305000,0.2691773207566415,0.2644782414022151,4.58494800259062e-05,0.0012968545000016907,1556.5344732532135,59.23415119789311,0.9690000000000001,0.0,0.0,0,500,500,4000,3688.903187036514
ok,ptft,11,5000,0.35300000000000004,1765,0.353,10000,1e-06,0.0,0.0,0.1,1.0,0.1,0.0,unit_total_var,,0.5,5000000,5000,50000,True,0.0001,,0.0,0.0,1.0,2000,train_pred_mse,285000,0.2312664230755795,0.2280261589521096,5.075168364412325e-05,0.0014805721104328019,1583.2552403340355,61.7067979067069,0.9688,0.0,0.0,0,500,500,4000,3534.208051204681
ok,ptft,12,5000,0.35300000000000004,1765,0.353,10000,1e-06,0.0,0.0,0.1,1.0,0.1,0.0,unit_total_var,,0.5,5000000,5000,50000,True,0.0001,,0.0,0.0,1.0,2000,train_pred_mse,295000,0.22872736383637854,0.229115991127298,4.76000803364119e-05,0.0014971309744650945,1486.8500473145252,56.71794396849392,0.9684,0.0,0.0,0,500,500,4000,2815.751952886581
ok,ptft,13,5000,0.35300000000000004,1765,0.353,10000,1e-06,0.0,0.0,0.1,1.0,0.1,0.0,unit_total_var,,0.5,5000000,5000,50000,True,0.0001,,0.0,0.0,1.0,2000,train_pred_mse,300000,0.2028464725086646,0.1986527788199424,4.4117203920310194e-05,0.0011861201329673894,1566.5993405066367,61.82770182172945,0.9644,0.0,0.0,0,500,500,4000,4936.7039642333975
ok,ptft,14,5000,0.35300000000000004,1765,0.353,10000,1e-06,0.0,0.0,0.1,1.0,0.1,0.0,unit_total_var,,0.5,5000000,5000,50000,True,0.0001,,0.0,0.0,1.0,2000,train_pred_mse,280000,0.2661258929062729,0.2676443708408149,4.676811139784016e-05,0.0013911579363433135,1601.4687397102896,61.29419165125222,0.9670000000000001,0.0,0.0,0,500,500,4000,4289.93447971344
ok,ptft,15,5000,0.35300000000000004,1765,0.353,10000,1e-06,0.0,0.0,0.1,1.0,0.1,0.0,unit_total_var,,0.5,5000000,5000,50000,True,0.0001,,0.0,0.0,1.0,2000,train_pred_mse,300000,0.181228513879935,0.17938026354207134,4.695790854179615e-05,0.0012429061735706372,1518.3119077503652,61.64560539019124,0.9682,0.0,0.0,0,500,500,4000,2851.568712949753
ok,ptft,16,5000,0.35300000000000004,1765,0.353,10000,1e-06,0.0,0.0,0.1,1.0,0.1,0.0,unit_total_var,,0.5,5000000,5000,50000,True,0.0001,,0.0,0.0,1.0,2000,train_pred_mse,285000,0.19472841005096592,0.1960726263875787,4.566174198018056e-05,0.0014160321655958727,1464.197511443529,57.83191876549539,0.971,0.0,0.0,0,500,500,4000,2856.8436148166656
ok,ptft,17,5000,0.35300000000000004,1765,0.353,10000,1e-06,0.0,0.0,0.1,1.0,0.1,0.0,unit_total_var,,0.5,5000000,5000,50000,True,0.0001,,0.0,0.0,1.0,2000,train_pred_mse,300000,0.16942689634843244,0.16561860355190353,4.4607439674269094e-05,0.0012680875878007087,1465.827846007926,58.889948536262686,0.9684,0.0,0.0,0,500,500,4000,3523.2601461410522
ok,ptft,18,5000,0.35300000000000004,1765,0.353,10000,1e-06,0.0,0.0,0.1,1.0,0.1,0.0,unit_total_var,,0.5,5000000,5000,50000,True,0.0001,,0.0,0.0,1.0,2000,train_pred_mse,285000,0.2163306499343174,0.2155979784387374,4.903335029785425e-05,0.0015640597047061515,1465.8648361803982,56.428313250689115,0.9668,0.0,0.0,0,500,500,4000,2699.311170816421
ok,ptft,19,5000,0.35300000000000004,1765,0.353,10000,1e-06,0.0,0.0,0.1,1.0,0.1,0.0,unit_total_var,,0.5,5000000,5000,50000,True,0.0001,,0.0,0.0,1.0,2000,train_pred_mse,310000,0.22812660447575425,0.2332335640126812,4.566925954462614e-05,0.0013606559619659475,1487.7987523095096,57.59678510668535,0.9670000000000001,0.0,0.0,0,500,500,4000,3465.2165036201477
ok,ptft,6,5000,0.35300000000000004,1765,0.353,10000,1e-06,0.0,0.0,0.1,1.0,0.1,0.0,unit_total_var,,0.5,5000000,5000,50000,True,0.0001,,0.0,0.0,1.0,2000,train_pred_mse,300000,0.21288022966965714,0.21849644318086475,4.572075792155535e-05,0.0013435384933786225,1504.319920509427,58.936873138941266,0.966,0.0,0.0,0,500,500,4000,4183.8693256378165
ok,ptft,7,5000,0.35300000000000004,1765,0.353,10000,1e-06,0.0,0.0,0.1,1.0,0.1,0.0,unit_total_var,,0.5,5000000,5000,50000,True,0.0001,,0.0,0.0,1.0,2000,train_pred_mse,270000,0.224017087512712,0.22213465043929465,4.961629123639533e-05,0.001596116725552468,1534.4411503350586,58.90840556075529,0.9714,0.0,0.0,0,500,500,4000,2537.623262166977
ok,ptft,8,5000,0.35300000000000004,1765,0.353,10000,1e-06,0.0,0.0,0.1,1.0,0.1,0.0,unit_total_var,,0.5,5000000,5000,50000,True,0.0001,,0.0,0.0,1.0,2000,train_pred_mse,280000,0.27271605309333463,0.2666997946273578,4.919534273357176e-05,0.0015529860104513064,1534.2754883002722,58.481148746967364,0.9726,0.0,0.0,0,500,500,4000,5185.182848453522
ok,ptft,9,5000,0.35300000000000004,1765,0.353,10000,1e-06,0.0,0.0,0.1,1.0,0.1,0.0,unit_total_var,,0.5,5000000,5000,50000,True,0.0001,,0.0,0.0,1.0,2000,train_pred_mse,290000,0.2365536723453061,0.232532637388896,4.772973991189586e-05,0.0014192934700547413,1491.1533830486817,57.80310244973645,0.9692,0.0,0.0,0,500,500,4000,2431.6924078464513
ok,ptft,10,5000,0.402,2010,0.402,10000,1e-06,0.0,0.0,0.1,1.0,0.1,0.0,unit_total_var,,0.5,5000000,5000,50000,True,0.0001,,0.0,0.0,1.0,2000,train_pred_mse,400000,0.07821097063435721,0.07690343318482265,3.650821438290615e-05,0.0008157515290854116,1468.491527851057,64.37958051027253,0.9682,0.0,0.0,0,500,500,4000,5309.615106344223
ok,ptft,11,5000,0.402,2010,0.402,10000,1e-06,0.0,0.0,0.1,1.0,0.1,0.0,unit_total_var,,0.5,5000000,5000,50000,True,0.0001,,0.0,0.0,1.0,2000,train_pred_mse,405000,0.08327471861709068,0.0822890877251915,3.735259372017496e-05,0.000774362833393792,1515.8765089683552,67.06212979587806,0.9682,0.0,0.0,0,500,500,4000,5270.31773853302
ok,ptft,12,5000,0.402,2010,0.402,10000,1e-06,0.0,0.0,0.1,1.0,0.1,0.0,unit_total_var,,0.5,5000000,5000,50000,True,0.0001,,0.0,0.0,1.0,2000,train_pred_mse,380000,0.056760830994473176,0.05611164855658755,3.726324042091965e-05,0.0008686638596707786,1375.1150966174366,61.592045789151676,0.9668,0.0,0.0,0,500,500,4000,5762.26456809044
ok,ptft,13,5000,0.402,2010,0.402,10000,1e-06,0.0,0.0,0.1,1.0,0.1,0.0,unit_total_var,,0.5,5000000,5000,50000,True,0.0001,,0.0,0.0,1.0,2000,train_pred_mse,385000,0.0831834237159261,0.08268673781606431,3.822251565333315e-05,0.0008171685198020409,1493.0573852237096,64.06063606555941,0.9702,0.0,0.0,0,500,500,4000,4036.2152531147
ok,ptft,14,5000,0.402,2010,0.402,10000,1e-06,0.0,0.0,0.1,1.0,0.1,0.0,unit_total_var,,0.5,5000000,5000,50000,True,0.0001,,0.0,0.0,1.0,2000,train_pred_mse,390000,0.11236229830851713,0.11210295190956138,3.724386560637063e-05,0.0008242875222737588,1529.6978211540295,64.85418865139391,0.9744,0.0,0.0,0,500,500,4000,5255.988878488542
ok,ptft,15,5000,0.402,2010,0.402,10000,1e-06,0.0,0.0,0.1,1.0,0.1,0.0,unit_total_var,,0.5,5000000,5000,50000,True,0.0001,,0.0,0.0,1.0,2000,train_pred_mse,385000,0.10746927208935786,0.10821832297240297,3.753298545733732e-05,0.0009043610138018506,1478.5345448889166,62.239053673418816,0.9684,0.0,0.0,0,500,500,4000,6864.857666492462
ok,ptft,16,5000,0.402,2010,0.402,10000,1e-06,0.0,0.0,0.1,1.0,0.1,0.0,unit_total_var,,0.5,5000000,5000,50000,True,0.0001,,0.0,0.0,1.0,2000,train_pred_mse,405000,0.0940835818874133,0.09130785588317704,3.543923260689223e-05,0.0008087244095101888,1397.8024205787965,60.327708585759574,0.9702,0.0,0.0,0,500,500,4000,4234.277237653732
ok,ptft,17,5000,0.402,2010,0.402,10000,1e-06,0.0,0.0,0.1,1.0,0.1,0.0,unit_total_var,,0.5,5000000,5000,50000,True,0.0001,,0.0,0.0,1.0,2000,train_pred_mse,390000,0.09353572579643284,0.09388010518854964,3.809501364977561e-05,0.0009364454243991721,1413.4363603952859,60.59194035889761,0.9692,0.0,0.0,0,500,500,4000,5004.545552492142
ok,ptft,18,5000,0.402,2010,0.402,10000,1e-06,0.0,0.0,0.1,1.0,0.1,0.0,unit_total_var,,0.5,5000000,5000,50000,True,0.0001,,0.0,0.0,1.0,2000,train_pred_mse,370000,0.08547891568351676,0.08456106421007445,3.884229422272205e-05,0.0009429062681260275,1403.2901485842926,59.4693399895986,0.9686,0.0,0.0,0,500,500,4000,3931.682034492493
ok,ptft,19,5000,0.402,2010,0.402,10000,1e-06,0.0,0.0,0.1,1.0,0.1,0.0,unit_total_var,,0.5,5000000,5000,50000,True,0.0001,,0.0,0.0,1.0,2000,train_pred_mse,405000,0.0903476310400543,0.09154910585762413,3.623117849416997e-05,0.000847140681267726,1419.4702482238854,60.99764379801788,0.9740000000000001,0.0,0.0,0,500,500,4000,3906.310144901276
ok,ptft,6,5000,0.402,2010,0.402,10000,1e-06,0.0,0.0,0.1,1.0,0.1,0.0,unit_total_var,,0.5,5000000,5000,50000,True,0.0001,,0.0,0.0,1.0,2000,train_pred_mse,390000,0.06131494915801705,0.060351641635161886,3.4599095758142516e-05,0.0007663450363135313,1396.251124174351,62.85073097789219,0.9666,0.0,0.0,0,500,500,4000,6566.806920528412
ok,ptft,7,5000,0.402,2010,0.402,10000,1e-06,0.0,0.0,0.1,1.0,0.1,0.0,unit_total_var,,0.5,5000000,5000,50000,True,0.0001,,0.0,0.0,1.0,2000,train_pred_mse,375000,0.10017876182237297,0.10301248474987344,3.905036688246202e-05,0.0009470706615488236,1493.3968462098403,61.44413822541915,0.9690000000000001,0.0,0.0,0,500,500,4000,4646.347555398941
ok,ptft,9,5000,0.402,2010,0.402,10000,1e-06,0.0,0.0,0.1,1.0,0.1,0.0,unit_total_var,,0.5,5000000,5000,50000,True,0.0001,,0.0,0.0,1.0,2000,train_pred_mse,365000,0.09192785010344638,0.09094757812115406,3.8153840369579547e-05,0.0009186128529932693,1418.52645987073,60.969457967718576,0.972,0.0,0.0,0,500,500,4000,4327.036615371704
ok,ptft,10,5000,0.451,2255,0.451,10000,1e-06,0.0,0.0,0.1,1.0,0.1,0.0,unit_total_var,,0.5,5000000,5000,50000,True,0.0001,,0.0,0.0,1.0,2000,train_pred_mse,445000,0.020850266902457015,0.02082180104307833,3.121913655154305e-05,0.0005615447376621172,1393.7183761089245,67.8269787762715,0.9688,0.0,0.0,0,500,500,4000,6262.58208012581
ok,ptft,11,5000,0.451,2255,0.451,10000,1e-06,0.0,0.0,0.1,1.0,0.1,0.0,unit_total_var,,0.5,5000000,5000,50000,True,0.0001,,0.0,0.0,1.0,2000,train_pred_mse,415000,0.013471479238487393,0.013140825688764221,3.053362720462097e-05,0.0005993013096337607,1422.264159295888,71.4350183966999,0.9682,0.0,0.0,0,500,500,4000,5986.712213039398
ok,ptft,12,5000,0.451,2255,0.451,10000,1e-06,0.0,0.0,0.1,1.0,0.1,0.0,unit_total_var,,0.5,5000000,5000,50000,True,0.0001,,0.0,0.0,1.0,2000,train_pred_mse,450000,0.016118507392176327,0.016520719390535992,3.0764480887499626e-05,0.0006246939147790826,1319.6182396335996,64.49056964091893,0.9690000000000001,0.0,0.0,0,500,500,4000,6760.8101065158835
ok,ptft,13,5000,0.451,2255,0.451,10000,1e-06,0.0,0.0,0.1,1.0,0.1,0.0,unit_total_var,,0.5,5000000,5000,50000,True,0.0001,,0.0,0.0,1.0,2000,train_pred_mse,430000,0.01936178626606026,0.019738515944023767,3.270894882657284e-05,0.000645934773228608,1413.1109132350891,68.0679117988615,0.9716,0.0,0.0,0,500,500,4000,5164.655814886093
ok,ptft,14,5000,0.451,2255,0.451,10000,1e-06,0.0,0.0,0.1,1.0,0.1,0.0,unit_total_var,,0.5,5000000,5000,50000,True,0.0001,,0.0,0.0,1.0,2000,train_pred_mse,430000,0.017971362554420927,0.01802372460615724,3.2453147130571685e-05,0.0007055937110340844,1423.5289730799536,70.33641843565553,0.9668,0.0,0.0,0,500,500,4000,5879.4134504795065
ok,ptft,15,5000,0.451,2255,0.451,10000,1e-06,0.0,0.0,0.1,1.0,0.1,0.0,unit_total_var,,0.5,5000000,5000,50000,True,0.0001,,0.0,0.0,1.0,2000,train_pred_mse,425000,0.013943057837686623,0.013632711861436112,3.2516465949670136e-05,0.0006097781399324906,1366.0130348016146,68.08075789584889,0.9676,0.0,0.0,0,500,500,4000,6543.275041103363
ok,ptft,16,5000,0.451,2255,0.451,10000,1e-06,0.0,0.0,0.1,1.0,0.1,0.0,unit_total_var,,0.5,5000000,5000,50000,True,0.0001,,0.0,0.0,1.0,2000,train_pred_mse,440000,0.02001934291147658,0.02009081711980989,3.0092513542567516e-05,0.0006047438757313348,1316.860382956614,64.62508986096084,0.9740000000000001,0.0,0.0,0,500,500,4000,5073.908531188965
ok,ptft,17,5000,0.451,2255,0.451,10000,1e-06,0.0,0.0,0.1,1.0,0.1,0.0,unit_total_var,,0.5,5000000,5000,50000,True,0.0001,,0.0,0.0,1.0,2000,train_pred_mse,455000,0.0241087636472652,0.024229674691977687,3.0254679167679797e-05,0.0005365728653195772,1328.734054852185,64.2441369470644,0.9694,0.0,0.0,0,500,500,4000,6263.068950653076
ok,ptft,18,5000,0.451,2255,0.451,10000,1e-06,0.0,0.0,0.1,1.0,0.1,0.0,unit_total_var,,0.5,5000000,5000,50000,True,0.0001,,0.0,0.0,1.0,2000,train_pred_mse,420000,0.02213869598172694,0.02155971778130272,3.2520607227017163e-05,0.0007359168339890858,1325.8144213187352,63.193348850361815,0.9718,0.0,0.0,0,500,500,4000,3889.356119632721
ok,ptft,19,5000,0.451,2255,0.451,10000,1e-06,0.0,0.0,0.1,1.0,0.1,0.0,unit_total_var,,0.5,5000000,5000,50000,True,0.0001,,0.0,0.0,1.0,2000,train_pred_mse,440000,0.014518240778308825,0.014666354428198582,3.046473004369285e-05,0.0006139458663110049,1319.1419797963622,66.60160449122232,0.9674,0.0,0.0,0,500,500,4000,5591.9440639019
ok,ptft,7,5000,0.451,2255,0.451,10000,1e-06,0.0,0.0,0.1,1.0,0.1,0.0,unit_total_var,,0.5,5000000,5000,50000,True,0.0001,,0.0,0.0,1.0,2000,train_pred_mse,445000,0.03250418589177585,0.03210931608370195,3.09711992270236e-05,0.0006373906358339006,1419.7078782957224,65.495251027691,0.9648,0.0,0.0,0,500,500,4000,4622.827280044557
ok,ptft,9,5000,0.451,2255,0.451,10000,1e-06,0.0,0.0,0.1,1.0,0.1,0.0,unit_total_var,,0.5,5000000,5000,50000,True,0.0001,,0.0,0.0,1.0,2000,train_pred_mse,385000,0.013616726159804991,0.01358829118592168,3.5240648688047324e-05,0.0007182254286179973,1316.4825348840989,65.62512209827027,0.9644,0.0,0.0,0,500,500,4000,5096.323062896729
ok,ptft,14,5000,0.5,2500,0.5,10000,1e-06,0.0,0.0,0.1,1.0,0.1,0.0,unit_total_var,,0.5,5000000,5000,50000,True,0.0001,,0.0,0.0,1.0,2000,train_pred_mse,390000,0.0063273436000313285,0.006427344104664182,3.064211485798304e-05,0.0005107685142996415,1392.3367124260467,71.82386961450062,0.9670000000000001,0.0,0.0,0,500,500,4000,6107.6408989429465
ok,ptft,15,5000,0.5,2500,0.5,10000,1e-06,0.0,0.0,0.1,1.0,0.1,0.0,unit_total_var,,0.5,5000000,5000,50000,True,0.0001,,0.0,0.0,1.0,2000,train_pred_mse,410000,0.0055672138798481385,0.005498224767938324,3.449006393283892e-05,0.0006275676130834369,1338.352746818868,69.39210313012906,0.9678,0.0,0.0,0,500,500,4000,4679.998979330063
ok,ptft,16,5000,0.5,2500,0.5,10000,1e-06,0.0,0.0,0.1,1.0,0.1,0.0,unit_total_var,,0.5,5000000,5000,50000,True,0.0001,,0.0,0.0,1.0,2000,train_pred_mse,370000,0.005068969688134574,0.005021355127151954,3.5827499385261545e-05,0.0007122988276849375,1269.1334933540418,66.67231494095614,0.9674,0.0,0.0,0,500,500,4000,5696.063871860504
ok,ptft,17,5000,0.5,2500,0.5,10000,1e-06,0.0,0.0,0.1,1.0,0.1,0.0,unit_total_var,,0.5,5000000,5000,50000,True,0.0001,,0.0,0.0,1.0,2000,train_pred_mse,335000,0.0034429710053130364,0.0034415190912907684,3.969071146481126e-05,0.0009395440805760297,1273.418559480392,67.51051210415356,0.9664,0.0,0.0,0,500,500,4000,4735.934124946594
ok,ptft,18,5000,0.5,2500,0.5,10000,1e-06,0.0,0.0,0.1,1.0,0.1,0.0,unit_total_var,,0.5,5000000,5000,50000,True,0.0001,,0.0,0.0,1.0,2000,train_pred_mse,345000,0.0048333599020174145,0.004846334793526373,4.069114963141391e-05,0.0009859541529332622,1279.981003360103,65.48763311079253,0.9604,0.0,0.0,0,500,500,4000,5211.783798933029
ok,ptft,6,5000,0.5,2500,0.5,10000,1e-06,0.0,0.0,0.1,1.0,0.1,0.0,unit_total_var,,0.5,5000000,5000,50000,True,0.0001,,0.0,0.0,1.0,2000,train_pred_mse,395000,0.005240628329915795,0.005287692594733592,3.2024654797692024e-05,0.0006664601034909653,1287.7094861651494,67.92746638959598,0.9682,0.0,0.0,0,500,500,4000,6417.4699721336365
ok,ptft,7,5000,0.5,2500,0.5,10000,1e-06,0.0,0.0,0.1,1.0,0.1,0.0,unit_total_var,,0.5,5000000,5000,50000,True,0.0001,,0.0,0.0,1.0,2000,train_pred_mse,330000,0.004703811039625109,0.0046920702085477255,3.5746986420492075e-05,0.000804567558464262,1344.847785561097,68.8538031539249,0.9670000000000001,0.0,0.0,0,500,500,4000,6439.904118299483
ok,ptft,10,5000,0.01,50,0.01,10000,1.0,0.0,0.0,0.1,1.0,0.9,0.0,unit_total_var,,0.5,5000000,5000,50000,True,0.0001,,0.0,0.0,1.0,2000,train_pred_mse,5000,1.0322401809097352,1.0278714295205171,1.0517032218850106e-16,10.893498268690061,469.5345080345048,8.367807646452414,0.9998,0.0,0.0,0,4500,500,0,5.08686375617981
ok,ptft,11,5000,0.01,50,0.01,10000,1.0,0.0,0.0,0.1,1.0,0.9,0.0,unit_total_var,,0.5,5000000,5000,50000,True,0.0001,,0.0,0.0,1.0,2000,train_pred_mse,5000,1.0296244644176762,1.0060841245599677,9.200712710995697e-17,11.161886289474275,378.61942385817963,6.700197161147587,1.0,0.0,0.0,0,4500,500,0,5.201058864593506
ok,ptft,12,5000,0.01,50,0.01,10000,1.0,0.0,0.0,0.1,1.0,0.9,0.0,unit_total_var,,0.5,5000000,5000,50000,True,0.0001,,0.0,0.0,1.0,2000,train_pred_mse,5000,0.961502565517748,0.9738068346996414,1.0632498571883515e-16,10.961213353217865,360.1614024839982,6.380574510385702,1.0,0.0,0.0,0,4500,500,0,5.0760836601257315
ok,ptft,13,5000,0.01,50,0.01,10000,1.0,0.0,0.0,0.1,1.0,0.9,0.0,unit_total_var,,0.5,5000000,5000,50000,True,0.0001,,0.0,0.0,1.0,2000,train_pred_mse,5000,1.013343842676018,0.999065302522059,1.0822493662220263e-16,11.070948218743546,448.1057294448087,7.961271141524403,1.0,0.0,0.0,0,4500,500,0,5.4836249351501465
ok,ptft,14,5000,0.01,50,0.01,10000,1.0,0.0,0.0,0.1,1.0,0.9,0.0,unit_total_var,,0.5,5000000,5000,50000,True,0.0001,,0.0,0.0,1.0,2000,train_pred_mse,5000,1.0010601801971049,0.9824605471775296,1.2102391117377656e-16,11.425425229527226,417.61690304981784,7.406343788274857,1.0,0.0,0.0,0,4500,500,0,4.723543405532837
ok,ptft,15,5000,0.01,50,0.01,10000,1.0,0.0,0.0,0.1,1.0,0.9,0.0,unit_total_var,,0.5,5000000,5000,50000,True,0.0001,,0.0,0.0,1.0,2000,train_pred_mse,5000,0.97458194888632,0.9635745119209896,1.1308757388304787e-16,10.841358833255685,386.46804692329073,6.8375588490376265,1.0,0.0,0.0,0,4500,500,0,5.230627536773682
ok,ptft,16,5000,0.01,50,0.01,10000,1.0,0.0,0.0,0.1,1.0,0.9,0.0,unit_total_var,,0.5,5000000,5000,50000,True,0.0001,,0.0,0.0,1.0,2000,train_pred_mse,5000,0.9787988686746171,0.9833805154360712,9.138737414384795e-17,11.066128676466489,380.1804121827183,6.789212090768182,1.0,0.0,0.0,0,4500,500,0,5.44073486328125
ok,ptft,17,5000,0.01,50,0.01,10000,1.0,0.0,0.0,0.1,1.0,0.9,0.0,unit_total_var,,0.5,5000000,5000,50000,True,0.0001,,0.0,0.0,1.0,2000,train_pred_mse,5000,0.9508546246388608,0.9861351959559148,9.234975679230241e-17,11.116306802529886,371.7362187245382,6.587306514808358,1.0,0.0,0.0,0,4500,500,0,5.092494010925293
ok,ptft,18,5000,0.01,50,0.01,10000,1.0,0.0,0.0,0.1,1.0,0.9,0.0,unit_total_var,,0.5,5000000,5000,50000,True,0.0001,,0.0,0.0,1.0,2000,train_pred_mse,5000,1.0228638019770588,1.0156504136837503,9.063353491924587e-17,11.56996404458291,377.13201167051767,6.638656438641727,1.0,0.0,0.0,0,4500,500,0,5.080172300338745
ok,ptft,19,5000,0.01,50,0.01,10000,1.0,0.0,0.0,0.1,1.0,0.9,0.0,unit_total_var,,0.5,5000000,5000,50000,True,0.0001,,0.0,0.0,1.0,2000,train_pred_mse,5000,0.9579420367710816,0.972467257614322,1.215865805720542e-16,11.42811813180629,427.6274272692616,7.558114573347068,1.0,0.0,0.0,0,4500,500,0,5.055135011672974
ok,ptft,6,5000,0.01,50,0.01,10000,1.0,0.0,0.0,0.1,1.0,0.9,0.0,unit_total_var,,0.5,5000000,5000,50000,True,0.0001,,0.0,0.0,1.0,2000,train_pred_mse,5000,0.9710568497794184,0.9556470228214796,1.2870850536920574e-16,11.044533585644439,400.9365675029824,7.091660675809939,1.0,0.0,0.0,0,4500,500,0,4.60004186630249
ok,ptft,7,5000,0.01,50,0.01,10000,1.0,0.0,0.0,0.1,1.0,0.9,0.0,unit_total_var,,0.5,5000000,5000,50000,True,0.0001,,0.0,0.0,1.0,2000,train_pred_mse,5000,0.9797495442101772,0.9805919157748788,9.510650465471131e-17,11.51767441763574,348.41122904993614,6.1854536394842246,1.0,0.0,0.0,0,4500,500,0,5.3855535984039316
ok,ptft,8,5000,0.01,50,0.01,10000,1.0,0.0,0.0,0.1,1.0,0.9,0.0,unit_total_var,,0.5,5000000,5000,50000,True,0.0001,,0.0,0.0,1.0,2000,train_pred_mse,5000,0.979207078031826,0.9737883009973536,1.0265462548735491e-16,11.253681590451958,381.32289282744193,6.816561366936161,1.0,0.0,0.0,0,4500,500,0,5.475871801376343
ok,ptft,9,5000,0.01,50,0.01,10000,1.0,0.0,0.0,0.1,1.0,0.9,0.0,unit_total_var,,0.5,5000000,5000,50000,True,0.0001,,0.0,0.0,1.0,2000,train_pred_mse,5000,0.9728798365513234,0.9752478113114064,3.1180476304865026e-17,10.962202710627803,344.34374501957893,6.1470180945651,1.0,0.0,0.0,0,4500,500,0,5.394502878189087
ok,ptft,10,5000,0.059,295,0.059000000000000004,10000,1.0,0.0,0.0,0.1,1.0,0.9,0.0,unit_total_var,,0.5,5000000,5000,50000,True,0.0001,,0.0,0.0,1.0,2000,train_pred_mse,5000,0.981112010156622,0.9757243523128144,2.5780968529425567e-16,71.35521181526511,1041.5484902379164,18.52424995983667,1.0,0.0,0.0,0,4500,500,0,14.602992534637453
ok,ptft,11,5000,0.059,295,0.059000000000000004,10000,1.0,0.0,0.0,0.1,1.0,0.9,0.0,unit_total_var,,0.5,5000000,5000,50000,True,0.0001,,0.0,0.0,1.0,2000,train_pred_mse,5000,0.9820817068625708,0.9527838027968144,2.728531894364117e-16,71.12539348005659,1006.6240900873039,18.01498269359219,1.0,0.0,0.0,0,4500,500,0,23.93285608291626
ok,ptft,12,5000,0.059,295,0.059000000000000004,10000,1.0,0.0,0.0,0.1,1.0,0.9,0.0,unit_total_var,,0.5,5000000,5000,50000,True,0.0001,,0.0,0.0,1.0,2000,train_pred_mse,5000,0.9166068441379523,0.926510588885881,2.448497105485986e-16,70.22496132642375,955.1728482798317,16.98833164012337,1.0,0.0,0.0,0,4500,500,0,8.044517040252687
ok,ptft,13,5000,0.059,295,0.059000000000000004,10000,1.0,0.0,0.0,0.1,1.0,0.9,0.0,unit_total_var,,0.5,5000000,5000,50000,True,0.0001,,0.0,0.0,1.0,2000,train_pred_mse,5000,0.967725784002216,0.9529378491685024,2.710659481837424e-16,70.7706596100268,978.8369914715804,17.44208205150133,1.0,0.0,0.0,0,4500,500,0,7.868006706237793
ok,ptft,14,5000,0.059,295,0.059000000000000004,10000,1.0,0.0,0.0,0.1,1.0,0.9,0.0,unit_total_var,,0.5,5000000,5000,50000,True,0.0001,,0.0,0.0,1.0,2000,train_pred_mse,5000,0.950493780565711,0.9348489374299545,2.1387229937183733e-16,69.71371714449923,974.5450896472588,17.402492825752375,1.0,0.0,0.0,0,4500,500,0,8.255906820297241
ok,ptft,15,5000,0.059,295,0.059000000000000004,10000,1.0,0.0,0.0,0.1,1.0,0.9,0.0,unit_total_var,,0.5,5000000,5000,50000,True,0.0001,,0.0,0.0,1.0,2000,train_pred_mse,5000,0.924680671462912,0.9131387280739496,2.2712869133828176e-16,67.55028604709585,992.4505280970534,17.646445462945227,1.0,0.0,0.0,0,4500,500,0,9.531063079833984
ok,ptft,16,5000,0.059,295,0.059000000000000004,10000,1.0,0.0,0.0,0.1,1.0,0.9,0.0,unit_total_var,,0.5,5000000,5000,50000,True,0.0001,,0.0,0.0,1.0,2000,train_pred_mse,5000,0.9325316073490502,0.9330744195876376,2.4707341384582147e-16,66.14820364157667,990.5391134593906,17.589704522008144,1.0,0.0,0.0,0,4500,500,0,13.878613710403442
ok,ptft,17,5000,0.059,295,0.059000000000000004,10000,1.0,0.0,0.0,0.1,1.0,0.9,0.0,unit_total_var,,0.5,5000000,5000,50000,True,0.0001,,0.0,0.0,1.0,2000,train_pred_mse,5000,0.910020967942393,0.9368573030491404,2.4503991498956505e-16,68.25080172899315,975.6058879776033,17.351381466336385,1.0,0.0,0.0,0,4500,500,0,7.5303587913513175
ok,ptft,18,5000,0.059,295,0.059000000000000004,10000,1.0,0.0,0.0,0.1,1.0,0.9,0.0,unit_total_var,,0.5,5000000,5000,50000,True,0.0001,,0.0,0.0,1.0,2000,train_pred_mse,5000,0.975672371621768,0.9628350862602668,2.6111136405961584e-16,69.2932328930573,1000.6299922333176,17.92857847445755,1.0,0.0,0.0,0,4500,500,0,8.119103193283081
ok,ptft,19,5000,0.059,295,0.059000000000000004,10000,1.0,0.0,0.0,0.1,1.0,0.9,0.0,unit_total_var,,0.5,5000000,5000,50000,True,0.0001,,0.0,0.0,1.0,2000,train_pred_mse,5000,0.9253848944791808,0.9326826734755704,2.2799417606448114e-16,67.15524549396318,912.9251401650412,16.259155197419926,1.0,0.0,0.0,0,4500,500,0,8.284528970718384
ok,ptft,6,5000,0.059,295,0.059000000000000004,10000,1.0,0.0,0.0,0.1,1.0,0.9,0.0,unit_total_var,,0.5,5000000,5000,50000,True,0.0001,,0.0,0.0,1.0,2000,train_pred_mse,5000,0.9222079710408508,0.912661222397386,2.3857957366150736e-16,67.19964714186561,936.8030284878599,16.59215142146748,1.0,0.0,0.0,0,4500,500,0,15.950055360794067
ok,ptft,7,5000,0.059,295,0.059000000000000004,10000,1.0,0.0,0.0,0.1,1.0,0.9,0.0,unit_total_var,,0.5,5000000,5000,50000,True,0.0001,,0.0,0.0,1.0,2000,train_pred_mse,5000,0.931326507782563,0.928691009858678,2.4149315401997347e-16,69.95200068559659,985.8803043752467,17.56619782150571,1.0,0.0,0.0,0,4500,500,0,18.635643720626828
ok,ptft,8,5000,0.059,295,0.059000000000000004,10000,1.0,0.0,0.0,0.1,1.0,0.9,0.0,unit_total_var,,0.5,5000000,5000,50000,True,0.0001,,0.0,0.0,1.0,2000,train_pred_mse,5000,0.928026388274692,0.9315517791542552,2.1941898453460176e-16,69.81562662146479,917.0789189223124,16.352902961764883,1.0,0.0,0.0,0,4500,500,0,12.81351637840271
ok,ptft,9,5000,0.059,295,0.059000000000000004,10000,1.0,0.0,0.0,0.1,1.0,0.9,0.0,unit_total_var,,0.5,5000000,5000,50000,True,0.0001,,0.0,0.0,1.0,2000,train_pred_mse,5000,0.9129668905586537,0.9175849436083844,3.04295061033572e-16,70.56573251764945,1032.6231871447087,18.410501970022995,1.0,0.0,0.0,0,4500,500,0,7.771273612976074
ok,ptft,10,5000,0.10800000000000001,540,0.10800000000000001,10000,1.0,0.0,0.0,0.1,1.0,0.9,0.0,unit_total_var,,0.5,5000000,5000,50000,True,0.0001,,0.0,0.0,1.0,2000,train_pred_mse,5000,0.9544138449995972,0.9376127025498004,2.0739507743701743e-10,124.74570102381513,1305.1612717200474,23.283275573465442,1.0,0.0,0.0,0,4500,500,0,33.124934673309326
ok,ptft,11,5000,0.10800000000000001,540,0.10800000000000001,10000,1.0,0.0,0.0,0.1,1.0,0.9,0.0,unit_total_var,,0.5,5000000,5000,50000,True,0.0001,,0.0,0.0,1.0,2000,train_pred_mse,5000,0.935529699125442,0.9201318056500519,1.3782457449936962e-10,126.49377405330831,1248.571379029371,22.19620769349596,1.0,0.0,0.0,0,4500,500,0,35.08382773399353
ok,ptft,12,5000,0.10800000000000001,540,0.10800000000000001,10000,1.0,0.0,0.0,0.1,1.0,0.9,0.0,unit_total_var,,0.5,5000000,5000,50000,True,0.0001,,0.0,0.0,1.0,2000,train_pred_mse,5000,0.8662925704689667,0.8784485974973953,2.031423660209499e-10,128.84811612492936,1302.9264485603896,23.18623195358245,1.0,0.0,0.0,0,4500,500,0,11.186351776123047
ok,ptft,13,5000,0.10800000000000001,540,0.10800000000000001,10000,1.0,0.0,0.0,0.1,1.0,0.9,0.0,unit_total_var,,0.5,5000000,5000,50000,True,0.0001,,0.0,0.0,1.0,2000,train_pred_mse,5000,0.9141085719549706,0.9064488110539448,1.0923779982078309e-10,119.80520499391555,1308.936773839541,23.345067847638354,1.0,0.0,0.0,0,4500,500,0,20.726377487182614
ok,ptft,14,5000,0.10800000000000001,540,0.10800000000000001,10000,1.0,0.0,0.0,0.1,1.0,0.9,0.0,unit_total_var,,0.5,5000000,5000,50000,True,0.0001,,0.0,0.0,1.0,2000,train_pred_mse,5000,0.9063937880908968,0.8863450227241274,1.8191001541401213e-10,127.17713826044044,1334.9208838502666,23.59064298241428,1.0,0.0,0.0,0,4500,500,0,14.828241109848022
ok,ptft,15,5000,0.10800000000000001,540,0.10800000000000001,10000,1.0,0.0,0.0,0.1,1.0,0.9,0.0,unit_total_var,,0.5,5000000,5000,50000,True,0.0001,,0.0,0.0,1.0,2000,train_pred_mse,5000,0.8872910895682651,0.8762250360939288,2.2906748870324408e-10,126.93340649126577,1250.2963139933129,22.442178935565764,1.0,0.0,0.0,0,4500,500,0,23.80384373664856
ok,ptft,16,5000,0.10800000000000001,540,0.10800000000000001,10000,1.0,0.0,0.0,0.1,1.0,0.9,0.0,unit_total_var,,0.5,5000000,5000,50000,True,0.0001,,0.0,0.0,1.0,2000,train_pred_mse,5000,0.8876690387310088,0.8867463141325834,2.206133402931428e-10,123.9171709382135,1318.4175215523167,23.409288741525067,1.0,0.0,0.0,0,4500,500,0,20.061817169189453
ok,ptft,17,5000,0.10800000000000001,540,0.10800000000000001,10000,1.0,0.0,0.0,0.1,1.0,0.9,0.0,unit_total_var,,0.5,5000000,5000,50000,True,0.0001,,0.0,0.0,1.0,2000,train_pred_mse,5000,0.8573054137293661,0.8899969035901093,2.0641451952345682e-10,125.59547637531055,1324.044476820843,23.343753352050733,1.0,0.0,0.0,0,4500,500,0,19.597435235977173
ok,ptft,18,5000,0.10800000000000001,540,0.10800000000000001,10000,1.0,0.0,0.0,0.1,1.0,0.9,0.0,unit_total_var,,0.5,5000000,5000,50000,True,0.0001,,0.0,0.0,1.0,2000,train_pred_mse,5000,0.9233889933615954,0.9170609071787802,1.5231107939767773e-10,129.3687290913683,1327.3335435131994,23.622142576569857,1.0,0.0,0.0,0,4500,500,0,13.246414184570312
ok,ptft,19,5000,0.10800000000000001,540,0.10800000000000001,10000,1.0,0.0,0.0,0.1,1.0,0.9,0.0,unit_total_var,,0.5,5000000,5000,50000,True,0.0001,,0.0,0.0,1.0,2000,train_pred_mse,5000,0.8604777162311117,0.8747838802167096,2.1556995579171177e-10,125.52716591434336,1344.925704543553,23.89273533859957,1.0,0.0,0.0,0,4500,500,0,12.769678831100464
ok,ptft,6,5000,0.10800000000000001,540,0.10800000000000001,10000,1.0,0.0,0.0,0.1,1.0,0.9,0.0,unit_total_var,,0.5,5000000,5000,50000,True,0.0001,,0.0,0.0,1.0,2000,train_pred_mse,5000,0.878219636926075,0.8668887599413873,1.6611139335196494e-10,123.18736088282765,1274.2980939730958,22.677783404731027,1.0,0.0,0.0,0,4500,500,0,23.80074882507324
ok,ptft,7,5000,0.10800000000000001,540,0.10800000000000001,10000,1.0,0.0,0.0,0.1,1.0,0.9,0.0,unit_total_var,,0.5,5000000,5000,50000,True,0.0001,,0.0,0.0,1.0,2000,train_pred_mse,5000,0.887237733788912,0.8819129182361927,1.1187005904276394e-10,131.50769000818644,1324.8109030599744,23.53734520492347,1.0,0.0,0.0,0,4500,500,0,11.033522605895996
ok,ptft,8,5000,0.10800000000000001,540,0.10800000000000001,10000,1.0,0.0,0.0,0.1,1.0,0.9,0.0,unit_total_var,,0.5,5000000,5000,50000,True,0.0001,,0.0,0.0,1.0,2000,train_pred_mse,5000,0.8792665129298459,0.8716049965886683,1.897982270167969e-10,122.50747417963795,1354.280973260742,24.057789556665746,1.0,0.0,0.0,0,4500,500,0,22.65826439857483
ok,ptft,9,5000,0.10800000000000001,540,0.10800000000000001,10000,1.0,0.0,0.0,0.1,1.0,0.9,0.0,unit_total_var,,0.5,5000000,5000,50000,True,0.0001,,0.0,0.0,1.0,2000,train_pred_mse,5000,0.8768939751004975,0.8795282104585418,2.0076917057514656e-10,125.37931539500124,1307.9798161679125,23.208152820062143,1.0,0.0,0.0,0,4500,500,0,12.313592672348022
ok,ptft,10,5000,0.15700000000000006,785,0.157,10000,1.0,0.0,0.0,0.1,1.0,0.9,0.0,unit_total_var,,0.5,5000000,5000,50000,True,0.0001,,0.0,0.0,1.0,2000,train_pred_mse,5000,0.8851985466514564,0.8748676825272476,2.596283473837437e-07,177.41873991586914,1646.3413089705994,29.35803898930124,1.0,0.0,0.0,0,4500,500,0,20.96452021598816
ok,ptft,11,5000,0.15700000000000006,785,0.157,10000,1.0,0.0,0.0,0.1,1.0,0.9,0.0,unit_total_var,,0.5,5000000,5000,50000,True,0.0001,,0.0,0.0,1.0,2000,train_pred_mse,5000,0.8756946052070299,0.8533479372234095,3.8280409648727153e-07,177.84174655798932,1627.2052231285406,28.901323483546467,1.0,0.0,0.0,0,4500,500,0,16.65678858757019
ok,ptft,12,5000,0.15700000000000006,785,0.157,10000,1.0,0.0,0.0,0.1,1.0,0.9,0.0,unit_total_var,,0.5,5000000,5000,50000,True,0.0001,,0.0,0.0,1.0,2000,train_pred_mse,5000,0.811317226118495,0.8232968661743311,4.3144467920775546e-07,181.25147751508754,1604.7620161376126,28.641084180509424,1.0,0.0,0.0,0,4500,500,0,19.694406032562252
ok,ptft,13,5000,0.15700000000000006,785,0.157,10000,1.0,0.0,0.0,0.1,1.0,0.9,0.0,unit_total_var,,0.5,5000000,5000,50000,True,0.0001,,0.0,0.0,1.0,2000,train_pred_mse,5000,0.8646848777069396,0.8653876167686473,4.004037542124049e-07,184.67854615310156,1531.5174787295655,27.436871636750087,1.0,0.0,0.0,0,4500,500,0,33.00028824806213
ok,ptft,14,5000,0.15700000000000006,785,0.157,10000,1.0,0.0,0.0,0.1,1.0,0.9,0.0,unit_total_var,,0.5,5000000,5000,50000,True,0.0001,,0.0,0.0,1.0,2000,train_pred_mse,5000,0.8695910700471507,0.8510532794533437,2.414867111793925e-07,177.44787572585068,1515.645975183449,27.124422305509917,1.0,0.0,0.0,0,4500,500,0,24.53866767883301
ok,ptft,15,5000,0.15700000000000006,785,0.157,10000,1.0,0.0,0.0,0.1,1.0,0.9,0.0,unit_total_var,,0.5,5000000,5000,50000,True,0.0001,,0.0,0.0,1.0,2000,train_pred_mse,5000,0.8432219676291222,0.836842204514923,2.584269522040822e-07,175.80756957480492,1489.1327089333035,26.59008999286917,1.0,0.0,0.0,0,4500,500,0,33.070095777511604
ok,ptft,16,5000,0.15700000000000006,785,0.157,10000,1.0,0.0,0.0,0.1,1.0,0.9,0.0,unit_total_var,,0.5,5000000,5000,50000,True,0.0001,,0.0,0.0,1.0,2000,train_pred_mse,5000,0.8382822487264396,0.8367767608395261,2.483458955248998e-07,175.9400301219492,1598.4170910916787,28.35586062261186,1.0,0.0,0.0,0,4500,500,0,33.28545188903809
ok,ptft,17,5000,0.15700000000000006,785,0.157,10000,1.0,0.0,0.0,0.1,1.0,0.9,0.0,unit_total_var,,0.5,5000000,5000,50000,True,0.0001,,0.0,0.0,1.0,2000,train_pred_mse,5000,0.8152076876236722,0.8413936061204247,2.6348871705171035e-07,176.87716119071655,1584.416232722653,28.20628304212673,1.0,0.0,0.0,0,4500,500,0,23.64018225669861
ok,ptft,18,5000,0.15700000000000006,785,0.157,10000,1.0,0.0,0.0,0.1,1.0,0.9,0.0,unit_total_var,,0.5,5000000,5000,50000,True,0.0001,,0.0,0.0,1.0,2000,train_pred_mse,5000,0.8954366802911969,0.8718161520671905,2.55567490638415e-07,177.7600694736171,1587.0789058307366,28.08751455830081,1.0,0.0,0.0,0,4500,500,0,18.56392765045166
ok,ptft,19,5000,0.15700000000000006,785,0.157,10000,1.0,0.0,0.0,0.1,1.0,0.9,0.0,unit_total_var,,0.5,5000000,5000,50000,True,0.0001,,0.0,0.0,1.0,2000,train_pred_mse,5000,0.8318102259410525,0.834367872041643,3.3834448581630806e-07,185.03375144177102,1550.8183249891733,27.84275905255917,1.0,0.0,0.0,0,4500,500,0,20.88116836547852
ok,ptft,6,5000,0.15700000000000006,785,0.157,10000,1.0,0.0,0.0,0.1,1.0,0.9,0.0,unit_total_var,,0.5,5000000,5000,50000,True,0.0001,,0.0,0.0,1.0,2000,train_pred_mse,5000,0.8274656111893477,0.8173202271482173,3.0812483609438875e-07,174.6748588917994,1573.3208500647208,27.710556940829573,1.0,0.0,0.0,0,4500,500,0,32.7643883228302
ok,ptft,7,5000,0.15700000000000006,785,0.157,10000,1.0,0.0,0.0,0.1,1.0,0.9,0.0,unit_total_var,,0.5,5000000,5000,50000,True,0.0001,,0.0,0.0,1.0,2000,train_pred_mse,5000,0.8541599396178241,0.8513564464875897,2.4671513926975265e-07,177.1202263365588,1494.0426072213984,26.643030216230322,1.0,0.0,0.0,0,4500,500,0,32.23827910423279
ok,ptft,8,5000,0.15700000000000006,785,0.157,10000,1.0,0.0,0.0,0.1,1.0,0.9,0.0,unit_total_var,,0.5,5000000,5000,50000,True,0.0001,,0.0,0.0,1.0,2000,train_pred_mse,5000,0.8354218343306373,0.8283690182137545,2.8267595008630124e-07,175.5057618218638,1597.1328881440313,28.35225010694818,1.0,0.0,0.0,0,4500,500,0,16.7552387714386
ok,ptft,9,5000,0.15700000000000006,785,0.157,10000,1.0,0.0,0.0,0.1,1.0,0.9,0.0,unit_total_var,,0.5,5000000,5000,50000,True,0.0001,,0.0,0.0,1.0,2000,train_pred_mse,5000,0.8406617545915284,0.8352245260950222,3.190530503448287e-07,173.62908386464485,1556.7431686810755,27.65080820844922,1.0,0.0,0.0,0,4500,500,0,30.85946774482727
ok,ptft,10,5000,0.206,1030,0.20600000000000002,10000,1.0,0.0,0.0,0.1,1.0,0.9,0.0,unit_total_var,,0.5,5000000,5000,50000,True,0.0001,,0.0,0.0,1.0,2000,train_pred_mse,5000,0.8447849796965556,0.8458687594126472,1.1527025201594306e-05,227.05994984380982,1786.7838718672656,31.825442421825077,1.0,0.0,0.0,0,4500,500,0,20.85177421569824
ok,ptft,11,5000,0.206,1030,0.20600000000000002,10000,1.0,0.0,0.0,0.1,1.0,0.9,0.0,unit_total_var,,0.5,5000000,5000,50000,True,0.0001,,0.0,0.0,1.0,2000,train_pred_mse,5000,0.8393636161287671,0.8296589820435409,1.162808065871494e-05,230.897254038421,1738.6701047666309,30.96488760017181,1.0,0.0,0.0,0,4500,500,0,29.92222023010254
ok,ptft,12,5000,0.206,1030,0.20600000000000002,10000,1.0,0.0,0.0,0.1,1.0,0.9,0.0,unit_total_var,,0.5,5000000,5000,50000,True,0.0001,,0.0,0.0,1.0,2000,train_pred_mse,5000,0.7796752494002831,0.7857753521551373,1.0494162389111425e-05,227.59190678738707,1782.9549988536382,31.833922021978093,1.0,0.0,0.0,0,4500,500,0,26.67799687385559
ok,ptft,13,5000,0.206,1030,0.20600000000000002,10000,1.0,0.0,0.0,0.1,1.0,0.9,0.0,unit_total_var,,0.5,5000000,5000,50000,True,0.0001,,0.0,0.0,1.0,2000,train_pred_mse,5000,0.8214362422956587,0.8074544965898078,1.0372410228824992e-05,235.74595207961372,1812.5220480935347,32.46703188805595,1.0,0.0,0.0,0,4500,500,0,50.564684629440315
ok,ptft,14,5000,0.206,1030,0.20600000000000002,10000,1.0,0.0,0.0,0.1,1.0,0.9,0.0,unit_total_var,,0.5,5000000,5000,50000,True,0.0001,,0.0,0.0,1.0,2000,train_pred_mse,5000,0.8054967046633259,0.7858092641138138,1.070075881031336e-05,234.45468769496063,1830.8845499262866,32.744954038457315,1.0,0.0,0.0,0,4500,500,0,31.006479263305664
ok,ptft,15,5000,0.206,1030,0.20600000000000002,10000,1.0,0.0,0.0,0.1,1.0,0.9,0.0,unit_total_var,,0.5,5000000,5000,50000,True,0.0001,,0.0,0.0,1.0,2000,train_pred_mse,5000,0.7957169805962603,0.7963026046101248,1.005609165731808e-05,229.50219680719712,1699.1453037150477,30.265889710398174,1.0,0.0,0.0,0,4500,500,0,41.551338911056526
ok,ptft,16,5000,0.206,1030,0.20600000000000002,10000,1.0,0.0,0.0,0.1,1.0,0.9,0.0,unit_total_var,,0.5,5000000,5000,50000,True,0.0001,,0.0,0.0,1.0,2000,train_pred_mse,5000,0.7920870804542134,0.7904073594495811,8.95722482988913e-06,227.68454931568152,1811.0786147390425,32.34346809496028,1.0,0.0,0.0,0,4500,500,0,31.554360389709476
ok,ptft,17,5000,0.206,1030,0.20600000000000002,10000,1.0,0.0,0.0,0.1,1.0,0.9,0.0,unit_total_var,,0.5,5000000,5000,50000,True,0.0001,,0.0,0.0,1.0,2000,train_pred_mse,5000,0.7818913760637166,0.7990616865860695,1.0466862601412677e-05,233.77807971867531,1776.862639321886,31.82612887625331,1.0,0.0,0.0,0,4500,500,0,30.78440260887146
ok,ptft,18,5000,0.206,1030,0.20600000000000002,10000,1.0,0.0,0.0,0.1,1.0,0.9,0.0,unit_total_var,,0.5,5000000,5000,50000,True,0.0001,,0.0,0.0,1.0,2000,train_pred_mse,5000,0.8295338315253749,0.8136953026680643,9.698408907889397e-06,222.94771265001583,1849.7125294063096,33.0093930712353,1.0,0.0,0.0,0,4500,500,0,26.68892955780029
ok,ptft,19,5000,0.206,1030,0.20600000000000002,10000,1.0,0.0,0.0,0.1,1.0,0.9,0.0,unit_total_var,,0.5,5000000,5000,50000,True,0.0001,,0.0,0.0,1.0,2000,train_pred_mse,5000,0.7707449533906857,0.7800900810146553,9.72500867956926e-06,226.43117253443236,1827.7381834037994,32.56867415911114,1.0,0.0,0.0,0,4500,500,0,30.58052563667297
ok,ptft,6,5000,0.206,1030,0.20600000000000002,10000,1.0,0.0,0.0,0.1,1.0,0.9,0.0,unit_total_var,,0.5,5000000,5000,50000,True,0.0001,,0.0,0.0,1.0,2000,train_pred_mse,5000,0.7693066190311961,0.7587624626234513,8.719058966221197e-06,230.9451987664036,1835.2635410221528,32.66690131088269,1.0,0.0,0.0,0,4500,500,0,23.65518283843994
ok,ptft,7,5000,0.206,1030,0.20600000000000002,10000,1.0,0.0,0.0,0.1,1.0,0.9,0.0,unit_total_var,,0.5,5000000,5000,50000,True,0.0001,,0.0,0.0,1.0,2000,train_pred_mse,5000,0.7799705760376205,0.7868884156903301,1.0620728740157713e-05,232.53992034126262,1799.522612651092,32.162901383831546,1.0,0.0,0.0,0,4500,500,0,19.25622701644897
ok,ptft,8,5000,0.206,1030,0.20600000000000002,10000,1.0,0.0,0.0,0.1,1.0,0.9,0.0,unit_total_var,,0.5,5000000,5000,50000,True,0.0001,,0.0,0.0,1.0,2000,train_pred_mse,5000,0.7798729118081956,0.7776413685760217,1.1761709768008262e-05,227.78134633314838,1828.702025051344,32.519715105545195,1.0,0.0,0.0,0,4500,500,0,56.16575336456299
ok,ptft,9,5000,0.206,1030,0.20600000000000002,10000,1.0,0.0,0.0,0.1,1.0,0.9,0.0,unit_total_var,,0.5,5000000,5000,50000,True,0.0001,,0.0,0.0,1.0,2000,train_pred_mse,5000,0.7736714753199256,0.7869391627801186,8.394715874392183e-06,229.38699219836067,1796.6599451686768,31.820084680912085,1.0,0.0,0.0,0,4500,500,0,40.18104386329651
ok,ptft,10,5000,0.255,1275,0.255,10000,1.0,0.0,0.0,0.1,1.0,0.9,0.0,unit_total_var,,0.5,5000000,5000,50000,True,0.0001,,0.0,0.0,1.0,2000,train_pred_mse,5000,0.7825686038593789,0.7731994077183943,6.474332602990954e-05,275.8027042149912,2086.988476209791,37.22595013303557,1.0,0.0,0.0,0,4500,500,0,70.67273831367494
ok,ptft,11,5000,0.255,1275,0.255,10000,1.0,0.0,0.0,0.1,1.0,0.9,0.0,unit_total_var,,0.5,5000000,5000,50000,True,0.0001,,0.0,0.0,1.0,2000,train_pred_mse,5000,0.7875095667169871,0.7710529223537715,7.366462127616363e-05,276.89521047383414,2008.467535673295,35.537668868834494,1.0,0.0,0.0,0,4500,500,0,43.044068336486816
ok,ptft,12,5000,0.255,1275,0.255,10000,1.0,0.0,0.0,0.1,1.0,0.9,0.0,unit_total_var,,0.5,5000000,5000,50000,True,0.0001,,0.0,0.0,1.0,2000,train_pred_mse,5000,0.7221927434575448,0.7318950923946839,7.646034819104885e-05,283.5507330138744,2022.7806387444912,35.82624546043309,1.0,0.0,0.0,0,4500,500,0,33.28863382339477
ok,ptft,13,5000,0.255,1275,0.255,10000,1.0,0.0,0.0,0.1,1.0,0.9,0.0,unit_total_var,,0.5,5000000,5000,50000,True,0.0001,,0.0,0.0,1.0,2000,train_pred_mse,5000,0.7538196391314875,0.7452533994135523,7.766830742968639e-05,273.64189189184225,2071.862860061369,37.02576303250427,1.0,0.0,0.0,0,4500,500,0,49.39028692245483
ok,ptft,14,5000,0.255,1275,0.255,10000,1.0,0.0,0.0,0.1,1.0,0.9,0.0,unit_total_var,,0.5,5000000,5000,50000,True,0.0001,,0.0,0.0,1.0,2000,train_pred_mse,5000,0.748735411229002,0.7389317695069787,6.192700989472907e-05,277.44020591896583,2034.3299227931518,36.230948140731066,1.0,0.0,0.0,0,4500,500,0,32.814924240112305
ok,ptft,15,5000,0.255,1275,0.255,10000,1.0,0.0,0.0,0.1,1.0,0.9,0.0,unit_total_var,,0.5,5000000,5000,50000,True,0.0001,,0.0,0.0,1.0,2000,train_pred_mse,5000,0.7463614472595249,0.7359030888713864,6.0205350616997604e-05,269.36233466542075,1950.525637157784,34.89550623017047,1.0,0.0,0.0,0,4500,500,0,49.0858805179596
ok,ptft,16,5000,0.255,1275,0.255,10000,1.0,0.0,0.0,0.1,1.0,0.9,0.0,unit_total_var,,0.5,5000000,5000,50000,True,0.0001,,0.0,0.0,1.0,2000,train_pred_mse,5000,0.7466099017381564,0.7548094008400184,6.521259618087702e-05,281.140921486262,1963.566587835168,35.013285604559805,1.0,0.0,0.0,0,4500,500,0,52.574706077575684
ok,ptft,17,5000,0.255,1275,0.255,10000,1.0,0.0,0.0,0.1,1.0,0.9,0.0,unit_total_var,,0.5,5000000,5000,50000,True,0.0001,,0.0,0.0,1.0,2000,train_pred_mse,5000,0.7348039743359698,0.7511994722837353,6.853162006505777e-05,273.8612052710724,1974.639997301813,35.413180814766775,1.0,0.0,0.0,0,4500,500,0,56.41904473304749
ok,ptft,18,5000,0.255,1275,0.255,10000,1.0,0.0,0.0,0.1,1.0,0.9,0.0,unit_total_var,,0.5,5000000,5000,50000,True,0.0001,,0.0,0.0,1.0,2000,train_pred_mse,5000,0.7743890415071583,0.7609671421297692,6.552981089278638e-05,282.45698634845587,2047.9499175490093,36.79543602260481,1.0,0.0,0.0,0,4500,500,0,35.89762735366821
ok,ptft,19,5000,0.255,1275,0.255,10000,1.0,0.0,0.0,0.1,1.0,0.9,0.0,unit_total_var,,0.5,5000000,5000,50000,True,0.0001,,0.0,0.0,1.0,2000,train_pred_mse,5000,0.7218069115157829,0.7291653223018141,6.439040980376255e-05,272.20951780432256,2028.9928715475721,36.23020647798154,1.0,0.0,0.0,0,4500,500,0,40.301291942596436
ok,ptft,6,5000,0.255,1275,0.255,10000,1.0,0.0,0.0,0.1,1.0,0.9,0.0,unit_total_var,,0.5,5000000,5000,50000,True,0.0001,,0.0,0.0,1.0,2000,train_pred_mse,5000,0.7350310945517439,0.7306554891106235,7.99569336859273e-05,285.3198808606048,1961.9610801231079,34.82269045338541,1.0,0.0,0.0,0,4500,500,0,40.04745078086853
ok,ptft,7,5000,0.255,1275,0.255,10000,1.0,0.0,0.0,0.1,1.0,0.9,0.0,unit_total_var,,0.5,5000000,5000,50000,True,0.0001,,0.0,0.0,1.0,2000,train_pred_mse,5000,0.7483634108063543,0.7463184366711382,7.564965485741804e-05,277.2866968905829,1978.9338830034835,35.31089391647971,1.0,0.0,0.0,0,4500,500,0,43.2320671081543
ok,ptft,8,5000,0.255,1275,0.255,10000,1.0,0.0,0.0,0.1,1.0,0.9,0.0,unit_total_var,,0.5,5000000,5000,50000,True,0.0001,,0.0,0.0,1.0,2000,train_pred_mse,5000,0.7318632289909951,0.7379708400633629,6.474147461825204e-05,279.39299406622916,1977.3661699520733,35.4595427792354,1.0,0.0,0.0,0,4500,500,0,65.93743705749512
ok,ptft,9,5000,0.255,1275,0.255,10000,1.0,0.0,0.0,0.1,1.0,0.9,0.0,unit_total_var,,0.5,5000000,5000,50000,True,0.0001,,0.0,0.0,1.0,2000,train_pred_mse,5000,0.7251150016364347,0.7390535292137456,6.88066403282889e-05,271.870909086115,1999.8639570071946,35.49058020703765,1.0,0.0,0.0,0,4500,500,0,52.8650643825531
ok,ptft,10,5000,0.30400000000000005,1520,0.304,10000,1.0,0.0,0.0,0.1,1.0,0.9,0.0,unit_total_var,,0.5,5000000,5000,50000,True,0.0001,,0.0,0.0,1.0,2000,train_pred_mse,5000,0.7349262864767386,0.7262872823091074,0.00022781859677597544,321.61129458707774,2248.379192320527,40.23626294172175,1.0,0.0,0.0,0,4500,500,0,49.800930738449104
ok,ptft,11,5000,0.30400000000000005,1520,0.304,10000,1.0,0.0,0.0,0.1,1.0,0.9,0.0,unit_total_var,,0.5,5000000,5000,50000,True,0.0001,,0.0,0.0,1.0,2000,train_pred_mse,5000,0.7344695800114709,0.7179528792413713,0.0002387763000972269,323.49435486706716,2189.797313515383,39.04790178448414,1.0,0.0,0.0,0,4500,500,0,52.44711875915527
ok,ptft,12,5000,0.30400000000000005,1520,0.304,10000,1.0,0.0,0.0,0.1,1.0,0.9,0.0,unit_total_var,,0.5,5000000,5000,50000,True,0.0001,,0.0,0.0,1.0,2000,train_pred_mse,5000,0.6955421421472155,0.6970798482102398,0.0002023520983290948,325.5756182611373,2144.1914184199272,38.200420044473425,1.0,0.0,0.0,0,4500,500,0,56.13539385795593
ok,ptft,13,5000,0.30400000000000005,1520,0.304,10000,1.0,0.0,0.0,0.1,1.0,0.9,0.0,unit_total_var,,0.5,5000000,5000,50000,True,0.0001,,0.0,0.0,1.0,2000,train_pred_mse,5000,0.7284881969732009,0.7225877866310408,0.00021187801830867156,321.22099560402864,2147.0680899486147,38.48050285505013,1.0,0.0,0.0,0,4500,500,0,61.418545961380005
ok,ptft,14,5000,0.30400000000000005,1520,0.304,10000,1.0,0.0,0.0,0.1,1.0,0.9,0.0,unit_total_var,,0.5,5000000,5000,50000,True,0.0001,,0.0,0.0,1.0,2000,train_pred_mse,5000,0.7245871419363317,0.6994841913941945,0.00019964116912000058,332.3626802613408,2166.2710765710017,38.767815239211494,1.0,0.0,0.0,0,4500,500,0,41.77200126647949
ok,ptft,15,5000,0.30400000000000005,1520,0.304,10000,1.0,0.0,0.0,0.1,1.0,0.9,0.0,unit_total_var,,0.5,5000000,5000,50000,True,0.0001,,0.0,0.0,1.0,2000,train_pred_mse,5000,0.7010745001734935,0.6828760242225616,0.00022788049513580136,320.76140965576155,2164.916904884666,38.47443460335632,1.0,0.0,0.0,0,4500,500,0,54.2176673412323
ok,ptft,16,5000,0.30400000000000005,1520,0.304,10000,1.0,0.0,0.0,0.1,1.0,0.9,0.0,unit_total_var,,0.5,5000000,5000,50000,True,0.0001,,0.0,0.0,1.0,2000,train_pred_mse,5000,0.7045949512171105,0.7162479002825702,0.00020713147809239555,322.71063611210616,2118.7413332982806,37.61016842763377,1.0,0.0,0.0,0,4500,500,0,61.47652554512024
ok,ptft,17,5000,0.30400000000000005,1520,0.304,10000,1.0,0.0,0.0,0.1,1.0,0.9,0.0,unit_total_var,,0.5,5000000,5000,50000,True,0.0001,,0.0,0.0,1.0,2000,train_pred_mse,5000,0.6808185888561551,0.6999913109264359,0.00022045161861690893,312.58021978544184,2177.4704617029665,38.867028910061116,1.0,0.0,0.0,0,4500,500,0,65.56725358963014
ok,ptft,18,5000,0.30400000000000005,1520,0.304,10000,1.0,0.0,0.0,0.1,1.0,0.9,0.0,unit_total_var,,0.5,5000000,5000,50000,True,0.0001,,0.0,0.0,1.0,2000,train_pred_mse,5000,0.7224670024387159,0.7208432924727168,0.00021627888154237524,327.50374106279577,2194.145024711368,39.43888383637924,1.0,0.0,0.0,0,4500,500,0,43.80533456802368
ok,ptft,19,5000,0.30400000000000005,1520,0.304,10000,1.0,0.0,0.0,0.1,1.0,0.9,0.0,unit_total_var,,0.5,5000000,5000,50000,True,0.0001,,0.0,0.0,1.0,2000,train_pred_mse,5000,0.6984476996273813,0.6890824917299437,0.00022174485391247232,321.73263947296164,2166.544677529716,38.795026673411385,1.0,0.0,0.0,0,4500,500,0,49.37262964248657
ok,ptft,6,5000,0.30400000000000005,1520,0.304,10000,1.0,0.0,0.0,0.1,1.0,0.9,0.0,unit_total_var,,0.5,5000000,5000,50000,True,0.0001,,0.0,0.0,1.0,2000,train_pred_mse,5000,0.7005253815038625,0.6882422189230296,0.00022682726734136435,338.1773056429027,2101.5442149595897,37.66014813864779,1.0,0.0,0.0,0,4500,500,0,50.384562015533454
ok,ptft,7,5000,0.30400000000000005,1520,0.304,10000,1.0,0.0,0.0,0.1,1.0,0.9,0.0,unit_total_var,,0.5,5000000,5000,50000,True,0.0001,,0.0,0.0,1.0,2000,train_pred_mse,5000,0.687305604510349,0.6807201594849009,0.00023087958152790498,331.3241134166093,2219.62105119641,39.63702160111594,1.0,0.0,0.0,0,4500,500,0,72.23290848731996
ok,ptft,8,5000,0.30400000000000005,1520,0.304,10000,1.0,0.0,0.0,0.1,1.0,0.9,0.0,unit_total_var,,0.5,5000000,5000,50000,True,0.0001,,0.0,0.0,1.0,2000,train_pred_mse,5000,0.7067184501426457,0.7082838601376136,0.00020287411611957524,323.1334004865067,2106.615829607966,37.54791218477147,1.0,0.0,0.0,0,4500,500,0,36.25411152839661
ok,ptft,9,5000,0.30400000000000005,1520,0.304,10000,1.0,0.0,0.0,0.1,1.0,0.9,0.0,unit_total_var,,0.5,5000000,5000,50000,True,0.0001,,0.0,0.0,1.0,2000,train_pred_mse,5000,0.6638826191002313,0.6659262387060142,0.000243212864572241,314.72155883343083,2265.24587124312,40.27598523801911,1.0,0.0,0.0,0,4500,500,0,61.519993543624885
ok,ptft,10,5000,0.35300000000000004,1765,0.353,10000,1.0,0.0,0.0,0.1,1.0,0.9,0.0,unit_total_var,,0.5,5000000,5000,50000,True,0.0001,,0.0,0.0,1.0,2000,train_pred_mse,10000,0.6703207429866676,0.6815282006451906,4.419975878787479e-05,0.022543058010519517,2404.4004862260745,42.857550872596896,1.0,0.0,0.0,0,4500,500,0,66.90686273574829
ok,ptft,11,5000,0.35300000000000004,1765,0.353,10000,1.0,0.0,0.0,0.1,1.0,0.9,0.0,unit_total_var,,0.5,5000000,5000,50000,True,0.0001,,0.0,0.0,1.0,2000,train_pred_mse,5000,0.6917837505958155,0.6765770804869706,0.0004532321201262673,369.23490038110464,2316.398166615887,41.39195961969068,1.0,0.0,0.0,0,4500,500,0,61.992092847824104
ok,ptft,12,5000,0.35300000000000004,1765,0.353,10000,1.0,0.0,0.0,0.1,1.0,0.9,0.0,unit_total_var,,0.5,5000000,5000,50000,True,0.0001,,0.0,0.0,1.0,2000,train_pred_mse,10000,0.6536712430889142,0.6574018539484092,3.898865253124526e-05,0.02204165374228297,2279.3892282580546,40.788597949555246,1.0,0.0,0.0,0,4500,500,0,139.15597987174988
ok,ptft,13,5000,0.35300000000000004,1765,0.353,10000,1.0,0.0,0.0,0.1,1.0,0.9,0.0,unit_total_var,,0.5,5000000,5000,50000,True,0.0001,,0.0,0.0,1.0,2000,train_pred_mse,5000,0.6447304548666951,0.6524281637984884,0.0004463354458866252,363.4992760339048,2380.1569458569893,42.648127741803215,1.0,0.0,0.0,0,4500,500,0,67.60459780693054
ok,ptft,14,5000,0.35300000000000004,1765,0.353,10000,1.0,0.0,0.0,0.1,1.0,0.9,0.0,unit_total_var,,0.5,5000000,5000,50000,True,0.0001,,0.0,0.0,1.0,2000,train_pred_mse,10000,0.6533848730502659,0.6449734039560897,3.991463396387944e-05,0.02171846935239197,2368.550787410414,42.162280398134335,1.0,0.0,0.0,0,4500,500,0,88.06597638130188
ok,ptft,15,5000,0.35300000000000004,1765,0.353,10000,1.0,0.0,0.0,0.1,1.0,0.9,0.0,unit_total_var,,0.5,5000000,5000,50000,True,0.0001,,0.0,0.0,1.0,2000,train_pred_mse,10000,0.6337977037305036,0.6287743420191615,3.994567057817736e-05,0.021358367627927987,2337.967579497269,41.971635614686335,1.0,0.0,0.0,0,4500,500,0,107.59198498725893
ok,ptft,16,5000,0.35300000000000004,1765,0.353,10000,1.0,0.0,0.0,0.1,1.0,0.9,0.0,unit_total_var,,0.5,5000000,5000,50000,True,0.0001,,0.0,0.0,1.0,2000,train_pred_mse,10000,0.6575857681871059,0.652644235329539,3.7119204436088035e-05,0.020815679852182564,2319.220243633779,41.68715336013887,1.0,0.0,0.0,0,4500,500,0,159.83818006515503
ok,ptft,17,5000,0.35300000000000004,1765,0.353,10000,1.0,0.0,0.0,0.1,1.0,0.9,0.0,unit_total_var,,0.5,5000000,5000,50000,True,0.0001,,0.0,0.0,1.0,2000,train_pred_mse,5000,0.634234721486535,0.6533687991745879,0.0004504383266118697,373.2924435601921,2336.9761075149327,41.57261983473069,1.0,0.0,0.0,0,4500,500,0,72.14435982704163
ok,ptft,18,5000,0.35300000000000004,1765,0.353,10000,1.0,0.0,0.0,0.1,1.0,0.9,0.0,unit_total_var,,0.5,5000000,5000,50000,True,0.0001,,0.0,0.0,1.0,2000,train_pred_mse,5000,0.6677096072317187,0.6562012144153672,0.0004591039365977803,375.58997701237985,2406.892332287003,43.19543519965587,1.0,0.0,0.0,0,4500,500,0,50.061912536621094
ok,ptft,19,5000,0.35300000000000004,1765,0.353,10000,1.0,0.0,0.0,0.1,1.0,0.9,0.0,unit_total_var,,0.5,5000000,5000,50000,True,0.0001,,0.0,0.0,1.0,2000,train_pred_mse,5000,0.6395080788471363,0.6487210584289628,0.0004538959423408568,377.9003210540584,2289.424457223297,41.12405505221917,1.0,0.0,0.0,0,4500,500,0,49.25364565849304
ok,ptft,6,5000,0.35300000000000004,1765,0.353,10000,1.0,0.0,0.0,0.1,1.0,0.9,0.0,unit_total_var,,0.5,5000000,5000,50000,True,0.0001,,0.0,0.0,1.0,2000,train_pred_mse,10000,0.6181165420308233,0.6190469737345791,3.9817489031472274e-05,0.021443082098592758,2365.149270281083,42.20372441396201,1.0,0.0,0.0,0,4500,500,0,100.2787835597992
ok,ptft,7,5000,0.35300000000000004,1765,0.353,10000,1.0,0.0,0.0,0.1,1.0,0.9,0.0,unit_total_var,,0.5,5000000,5000,50000,True,0.0001,,0.0,0.0,1.0,2000,train_pred_mse,10000,0.6514797544178932,0.6450469561949678,3.821959218559724e-05,0.020849758895108785,2335.237563692102,41.893091877310226,1.0,0.0,0.0,0,4500,500,0,170.12087750434875
ok,ptft,8,5000,0.35300000000000004,1765,0.353,10000,1.0,0.0,0.0,0.1,1.0,0.9,0.0,unit_total_var,,0.5,5000000,5000,50000,True,0.0001,,0.0,0.0,1.0,2000,train_pred_mse,10000,0.6512811197779336,0.6589585529512801,3.7848912128765104e-05,0.020851948829173583,2288.835328461505,40.80462108892447,1.0,0.0,0.0,0,4500,500,0,113.67195224761964
ok,ptft,9,5000,0.35300000000000004,1765,0.353,10000,1.0,0.0,0.0,0.1,1.0,0.9,0.0,unit_total_var,,0.5,5000000,5000,50000,True,0.0001,,0.0,0.0,1.0,2000,train_pred_mse,5000,0.6432730874474069,0.6483403090536832,0.0004420902910451786,369.73572653290637,2299.7502264598393,41.19003763723736,1.0,0.0,0.0,0,4500,500,0,66.1209785938263
ok,ptft,10,5000,0.402,2010,0.402,10000,1.0,0.0,0.0,0.1,1.0,0.9,0.0,unit_total_var,,0.5,5000000,5000,50000,True,0.0001,,0.0,0.0,1.0,2000,train_pred_mse,10000,0.6143016035731406,0.6228427094348985,0.00010262231847654022,0.036024700972013934,2584.43154521345,46.20190523348195,1.0,0.0,0.0,0,4500,500,0,160.03341698646543
ok,ptft,11,5000,0.402,2010,0.402,10000,1.0,0.0,0.0,0.1,1.0,0.9,0.0,unit_total_var,,0.5,5000000,5000,50000,True,0.0001,,0.0,0.0,1.0,2000,train_pred_mse,10000,0.6165029678286407,0.6001581587331011,0.00011145937731594824,0.039562194299582056,2576.7248777367067,46.04140655495361,1.0,0.0,0.0,0,4500,500,0,137.04872345924377
ok,ptft,12,5000,0.402,2010,0.402,10000,1.0,0.0,0.0,0.1,1.0,0.9,0.0,unit_total_var,,0.5,5000000,5000,50000,True,0.0001,,0.0,0.0,1.0,2000,train_pred_mse,10000,0.591518264658809,0.5947035264531765,8.800877177791045e-05,0.034632294502520505,2478.900426360823,44.45617581977636,1.0,0.0,0.0,0,4500,500,0,130.47097682952878
ok,ptft,13,5000,0.402,2010,0.402,10000,1.0,0.0,0.0,0.1,1.0,0.9,0.0,unit_total_var,,0.5,5000000,5000,50000,True,0.0001,,0.0,0.0,1.0,2000,train_pred_mse,10000,0.6009108519243939,0.6067691099222975,8.709679575450719e-05,0.033393267668432015,2554.5989780425407,45.44715239653655,1.0,0.0,0.0,0,4500,500,0,206.34700202941892
ok,ptft,14,5000,0.402,2010,0.402,10000,1.0,0.0,0.0,0.1,1.0,0.9,0.0,unit_total_var,,0.5,5000000,5000,50000,True,0.0001,,0.0,0.0,1.0,2000,train_pred_mse,10000,0.6207894515346899,0.6101479212137764,9.411195227000815e-05,0.034098645236249274,2473.1241378247,44.20826546880537,1.0,0.0,0.0,0,4500,500,0,107.90731620788574
ok,ptft,15,5000,0.402,2010,0.402,10000,1.0,0.0,0.0,0.1,1.0,0.9,0.0,unit_total_var,,0.5,5000000,5000,50000,True,0.0001,,0.0,0.0,1.0,2000,train_pred_mse,10000,0.5953280550881443,0.5963917267147847,0.00010417376015262824,0.03771283812758856,2450.875211189444,43.84224833828885,1.0,0.0,0.0,0,4500,500,0,154.4380924701691
ok,ptft,16,5000,0.402,2010,0.402,10000,1.0,0.0,0.0,0.1,1.0,0.9,0.0,unit_total_var,,0.5,5000000,5000,50000,True,0.0001,,0.0,0.0,1.0,2000,train_pred_mse,10000,0.5797360073435888,0.5878894323346194,9.435082063457275e-05,0.03481067266958576,2538.649937173125,45.357232375571506,1.0,0.0,0.0,0,4500,500,0,153.74863100051883
ok,ptft,17,5000,0.402,2010,0.402,10000,1.0,0.0,0.0,0.1,1.0,0.9,0.0,unit_total_var,,0.5,5000000,5000,50000,True,0.0001,,0.0,0.0,1.0,2000,train_pred_mse,10000,0.5720767233192197,0.5897433175095568,0.00010529006172107544,0.037223380346525135,2542.284988446465,45.374504148615706,1.0,0.0,0.0,0,4500,500,0,149.56043529510495
ok,ptft,18,5000,0.402,2010,0.402,10000,1.0,0.0,0.0,0.1,1.0,0.9,0.0,unit_total_var,,0.5,5000000,5000,50000,True,0.0001,,0.0,0.0,1.0,2000,train_pred_mse,10000,0.6273217163434743,0.6271312612457944,9.59498406398026e-05,0.03463426198565773,2517.4222397694502,45.05349079361096,1.0,0.0,0.0,0,4500,500,0,201.02097392082214
ok,ptft,19,5000,0.402,2010,0.402,10000,1.0,0.0,0.0,0.1,1.0,0.9,0.0,unit_total_var,,0.5,5000000,5000,50000,True,0.0001,,0.0,0.0,1.0,2000,train_pred_mse,10000,0.597821853188838,0.592656574164523,9.592018844124273e-05,0.035646977510015936,2510.222450893945,44.752799294183085,1.0,0.0,0.0,0,4500,500,0,154.17962002754214
ok,ptft,6,5000,0.402,2010,0.402,10000,1.0,0.0,0.0,0.1,1.0,0.9,0.0,unit_total_var,,0.5,5000000,5000,50000,True,0.0001,,0.0,0.0,1.0,2000,train_pred_mse,10000,0.5867071551223944,0.5893641650483064,9.411309532236556e-05,0.0351781914590563,2430.523032062377,43.811422527074406,1.0,0.0,0.0,0,4500,500,0,122.44921779632568
ok,ptft,7,5000,0.402,2010,0.402,10000,1.0,0.0,0.0,0.1,1.0,0.9,0.0,unit_total_var,,0.5,5000000,5000,50000,True,0.0001,,0.0,0.0,1.0,2000,train_pred_mse,10000,0.6109773008090947,0.5974299454073541,0.00011175473368533628,0.039484166720913004,2489.471805021711,44.630260486735665,1.0,0.0,0.0,0,4500,500,0,155.62943577766418
ok,ptft,8,5000,0.402,2010,0.402,10000,1.0,0.0,0.0,0.1,1.0,0.9,0.0,unit_total_var,,0.5,5000000,5000,50000,True,0.0001,,0.0,0.0,1.0,2000,train_pred_mse,10000,0.6011997756375907,0.60113205704837,0.00011104409643103074,0.03988108692873061,2474.787776543044,44.11898350329179,1.0,0.0,0.0,0,4500,500,0,184.1645588874817
ok,ptft,9,5000,0.402,2010,0.402,10000,1.0,0.0,0.0,0.1,1.0,0.9,0.0,unit_total_var,,0.5,5000000,5000,50000,True,0.0001,,0.0,0.0,1.0,2000,train_pred_mse,10000,0.5881658749925935,0.5993830724180443,0.00010554639233995066,0.038863094505140056,2478.3046198067623,44.209470147178905,1.0,0.0,0.0,0,4500,500,0,145.7092092037201
ok,ptft,10,5000,0.451,2255,0.451,10000,1.0,0.0,0.0,0.1,1.0,0.9,0.0,unit_total_var,,0.5,5000000,5000,50000,True,0.0001,,0.0,0.0,1.0,2000,train_pred_mse,10000,0.5794148032597605,0.5740945150091857,0.00021664542713165712,0.05778456528062623,2722.1231696109344,48.614471984422636,1.0,0.0,0.0,0,4500,500,0,127.1123423576355
ok,ptft,11,5000,0.451,2255,0.451,10000,1.0,0.0,0.0,0.1,1.0,0.9,0.0,unit_total_var,,0.5,5000000,5000,50000,True,0.0001,,0.0,0.0,1.0,2000,train_pred_mse,10000,0.5834348449359897,0.5713580878252297,0.00022702483478293198,0.05972813759367125,2652.234242829685,47.36219892818457,1.0,0.0,0.0,0,4500,500,0,150.43975830078125
ok,ptft,12,5000,0.451,2255,0.451,10000,1.0,0.0,0.0,0.1,1.0,0.9,0.0,unit_total_var,,0.5,5000000,5000,50000,True,0.0001,,0.0,0.0,1.0,2000,train_pred_mse,10000,0.54435097211937,0.5539587213154836,0.00019984411464943284,0.055830680546920905,2591.693333683962,46.55458667291113,1.0,0.0,0.0,0,4500,500,0,147.86238265037537
ok,ptft,13,5000,0.451,2255,0.451,10000,1.0,0.0,0.0,0.1,1.0,0.9,0.0,unit_total_var,,0.5,5000000,5000,50000,True,0.0001,,0.0,0.0,1.0,2000,train_pred_mse,10000,0.5565112965667257,0.5592776306709804,0.0001947134534686641,0.05365823413319778,2671.645830220982,47.801033220671826,1.0,0.0,0.0,0,4500,500,0,169.49796152114868
ok,ptft,14,5000,0.451,2255,0.451,10000,1.0,0.0,0.0,0.1,1.0,0.9,0.0,unit_total_var,,0.5,5000000,5000,50000,True,0.0001,,0.0,0.0,1.0,2000,train_pred_mse,10000,0.5629949426764401,0.5581615762224222,0.00020198817434782825,0.05502425231472853,2620.084005269988,46.91152400880907,1.0,0.0,0.0,0,4500,500,0,123.2870147228241
ok,ptft,15,5000,0.451,2255,0.451,10000,1.0,0.0,0.0,0.1,1.0,0.9,0.0,unit_total_var,,0.5,5000000,5000,50000,True,0.0001,,0.0,0.0,1.0,2000,train_pred_mse,10000,0.5674872318771377,0.5406176967381423,0.00021941168878740664,0.059618178000342976,2609.801621180646,46.706962317245036,1.0,0.0,0.0,0,4500,500,0,170.995046377182
ok,ptft,16,5000,0.451,2255,0.451,10000,1.0,0.0,0.0,0.1,1.0,0.9,0.0,unit_total_var,,0.5,5000000,5000,50000,True,0.0001,,0.0,0.0,1.0,2000,train_pred_mse,10000,0.5434468241445184,0.5509875545285793,0.00021290609685648148,0.056472905883703975,2658.7267465619243,47.267589208577135,1.0,0.0,0.0,0,4500,500,0,107.87992072105408
ok,ptft,17,5000,0.451,2255,0.451,10000,1.0,0.0,0.0,0.1,1.0,0.9,0.0,unit_total_var,,0.5,5000000,5000,50000,True,0.0001,,0.0,0.0,1.0,2000,train_pred_mse,10000,0.5505409543606885,0.5565229415008625,0.00019761767416100773,0.05618712964472832,2619.1148216829847,47.070804824565926,1.0,0.0,0.0,0,4500,500,0,168.2834191322327
ok,ptft,18,5000,0.451,2255,0.451,10000,1.0,0.0,0.0,0.1,1.0,0.9,0.0,unit_total_var,,0.5,5000000,5000,50000,True,0.0001,,0.0,0.0,1.0,2000,train_pred_mse,10000,0.5669461422924165,0.5705653640218463,0.0001889540376762558,0.0530565247004617,2659.1375765835783,47.911713321658475,1.0,0.0,0.0,0,4500,500,0,217.97271490097046
ok,ptft,19,5000,0.451,2255,0.451,10000,1.0,0.0,0.0,0.1,1.0,0.9,0.0,unit_total_var,,0.5,5000000,5000,50000,True,0.0001,,0.0,0.0,1.0,2000,train_pred_mse,10000,0.5369880471852005,0.5441189394345872,0.00019626940968811224,0.054592543445539835,2618.9863464251025,47.13023791033419,1.0,0.0,0.0,0,4500,500,0,160.40546751022342
ok,ptft,6,5000,0.451,2255,0.451,10000,1.0,0.0,0.0,0.1,1.0,0.9,0.0,unit_total_var,,0.5,5000000,5000,50000,True,0.0001,,0.0,0.0,1.0,2000,train_pred_mse,10000,0.5469697448288813,0.5300899269539681,0.00021044602903588582,0.0568123896687321,2612.7024121140507,46.90117501679502,1.0,0.0,0.0,0,4500,500,0,317.73878479003906
ok,ptft,7,5000,0.451,2255,0.451,10000,1.0,0.0,0.0,0.1,1.0,0.9,0.0,unit_total_var,,0.5,5000000,5000,50000,True,0.0001,,0.0,0.0,1.0,2000,train_pred_mse,10000,0.5541668602869478,0.5554176194592197,0.00020126745380144218,0.05593945330868687,2616.6036762203576,46.786486894619806,1.0,0.0,0.0,0,4500,500,0,220.65282988548282
ok,ptft,8,5000,0.451,2255,0.451,10000,1.0,0.0,0.0,0.1,1.0,0.9,0.0,unit_total_var,,0.5,5000000,5000,50000,True,0.0001,,0.0,0.0,1.0,2000,train_pred_mse,10000,0.5352041106305362,0.5464850872182943,0.00020877752704771905,0.057022935107561,2614.9386617226332,46.97868465492457,1.0,0.0,0.0,0,4500,500,0,128.018883228302
ok,ptft,9,5000,0.451,2255,0.451,10000,1.0,0.0,0.0,0.1,1.0,0.9,0.0,unit_total_var,,0.5,5000000,5000,50000,True,0.0001,,0.0,0.0,1.0,2000,train_pred_mse,10000,0.5385173639349389,0.5423799723546489,0.00020555183763520168,0.056602543956311036,2621.913053946665,47.159270141346425,1.0,0.0,0.0,0,4500,500,0,163.08899879455566
ok,ptft,10,5000,0.5,2500,0.5,10000,1.0,0.0,0.0,0.1,1.0,0.9,0.0,unit_total_var,,0.5,5000000,5000,50000,True,0.0001,,0.0,0.0,1.0,2000,train_pred_mse,15000,0.5400000300327873,0.5362300943361239,0.00012147717808431001,0.022247810835593983,2821.581167825438,50.53464864343149,1.0,0.0,0.0,0,4500,500,0,177.70233917236328
ok,ptft,11,5000,0.5,2500,0.5,10000,1.0,0.0,0.0,0.1,1.0,0.9,0.0,unit_total_var,,0.5,5000000,5000,50000,True,0.0001,,0.0,0.0,1.0,2000,train_pred_mse,15000,0.5350445498303048,0.5241992762692215,0.00011200430980607425,0.021019039559808227,2769.7088489872704,49.89521882295412,1.0,0.0,0.0,0,4500,500,0,238.81522583961487
ok,ptft,12,5000,0.5,2500,0.5,10000,1.0,0.0,0.0,0.1,1.0,0.9,0.0,unit_total_var,,0.5,5000000,5000,50000,True,0.0001,,0.0,0.0,1.0,2000,train_pred_mse,15000,0.4994946856333832,0.5098713709767299,0.00011048000194121787,0.0211647739594034,2726.233495735249,48.90449564809207,1.0,0.0,0.0,0,4500,500,0,256.38036370277405
ok,ptft,13,5000,0.5,2500,0.5,10000,1.0,0.0,0.0,0.1,1.0,0.9,0.0,unit_total_var,,0.5,5000000,5000,50000,True,0.0001,,0.0,0.0,1.0,2000,train_pred_mse,15000,0.5228985436443587,0.5204180535549784,0.00011206586961983706,0.020952694561799063,2794.5470743684346,49.950833030626136,1.0,0.0,0.0,0,4500,500,0,212.2399218082428
ok,ptft,14,5000,0.5,2500,0.5,10000,1.0,0.0,0.0,0.1,1.0,0.9,0.0,unit_total_var,,0.5,5000000,5000,50000,True,0.0001,,0.0,0.0,1.0,2000,train_pred_mse,15000,0.494607892866665,0.4979268700389842,0.00011662468795954819,0.02135218982752165,2793.510323142851,50.06275743347979,1.0,0.0,0.0,0,4500,500,0,235.5348832607269
ok,ptft,15,5000,0.5,2500,0.5,10000,1.0,0.0,0.0,0.1,1.0,0.9,0.0,unit_total_var,,0.5,5000000,5000,50000,True,0.0001,,0.0,0.0,1.0,2000,train_pred_mse,15000,0.505988374128598,0.4958678075347484,0.00010820186413012644,0.020781024123489308,2723.82040628414,49.16570268107482,1.0,0.0,0.0,0,4500,500,0,199.39158153533938
ok,ptft,16,5000,0.5,2500,0.5,10000,1.0,0.0,0.0,0.1,1.0,0.9,0.0,unit_total_var,,0.5,5000000,5000,50000,True,0.0001,,0.0,0.0,1.0,2000,train_pred_mse,15000,0.48326228583655795,0.4907892633581474,0.00011222417803215419,0.020855710907766785,2822.3179286710883,50.3962344211849,1.0,0.0,0.0,0,4500,500,0,294.6378645896912
ok,ptft,17,5000,0.5,2500,0.5,10000,1.0,0.0,0.0,0.1,1.0,0.9,0.0,unit_total_var,,0.5,5000000,5000,50000,True,0.0001,,0.0,0.0,1.0,2000,train_pred_mse,15000,0.5122567593067724,0.5129361059252319,0.00010992558078678467,0.020894701780455303,2770.2347981124794,49.4288378014088,1.0,0.0,0.0,0,4500,500,0,210.87784743309018
ok,ptft,18,5000,0.5,2500,0.5,10000,1.0,0.0,0.0,0.1,1.0,0.9,0.0,unit_total_var,,0.5,5000000,5000,50000,True,0.0001,,0.0,0.0,1.0,2000,train_pred_mse,15000,0.5367971767242098,0.5274849020846417,0.00011362964791573064,0.02129057837520423,2810.16896724097,50.18740306624228,1.0,0.0,0.0,0,4500,500,0,234.88156533241272
ok,ptft,19,5000,0.5,2500,0.5,10000,1.0,0.0,0.0,0.1,1.0,0.9,0.0,unit_total_var,,0.5,5000000,5000,50000,True,0.0001,,0.0,0.0,1.0,2000,train_pred_mse,15000,0.4805453610968933,0.4916460288898514,0.00010597119083871318,0.020071126070270656,2803.8058768591027,49.98295171085418,1.0,0.0,0.0,0,4500,500,0,204.10699892044067
ok,ptft,6,5000,0.5,2500,0.5,10000,1.0,0.0,0.0,0.1,1.0,0.9,0.0,unit_total_var,,0.5,5000000,5000,50000,True,0.0001,,0.0,0.0,1.0,2000,train_pred_mse,15000,0.5132580223396335,0.5140819983926702,0.00010494963918864544,0.020638427973399102,2681.166647020957,47.852109780852004,1.0,0.0,0.0,0,4500,500,0,421.10027122497564
ok,ptft,7,5000,0.5,2500,0.5,10000,1.0,0.0,0.0,0.1,1.0,0.9,0.0,unit_total_var,,0.5,5000000,5000,50000,True,0.0001,,0.0,0.0,1.0,2000,train_pred_mse,15000,0.5126308296767846,0.5109099476213248,0.00010952444285860054,0.021175333117636072,2734.610969645516,49.20648912021157,1.0,0.0,0.0,0,4500,500,0,362.5336854457855
ok,ptft,8,5000,0.5,2500,0.5,10000,1.0,0.0,0.0,0.1,1.0,0.9,0.0,unit_total_var,,0.5,5000000,5000,50000,True,0.0001,,0.0,0.0,1.0,2000,train_pred_mse,15000,0.489988272484476,0.5027380068978451,0.00010206772021725537,0.01989426612380527,2756.1290689838897,49.37592797289285,1.0,0.0,0.0,0,4500,500,0,280.4748525619507
ok,ptft,9,5000,0.5,2500,0.5,10000,1.0,0.0,0.0,0.1,1.0,0.9,0.0,unit_total_var,,0.5,5000000,5000,50000,True,0.0001,,0.0,0.0,1.0,2000,train_pred_mse,15000,0.4834872115413863,0.4825818539042552,0.00011625332975934097,0.021468776524518937,2794.5410352471004,50.29576301437686,1.0,0.0,0.0,0,4500,500,0,251.1585557460785
ok,ptft,10,5000,0.01,50,0.01,10000,1e-06,0.0,0.0,0.1,1.0,0.9,0.0,unit_total_var,,0.5,5000000,5000,50000,True,0.0001,,0.0,0.0,1.0,2000,train_pred_mse,5000,1.213015510173536,1.1913035775663197,1.2281763260829086e-08,240.65773451530453,441.4415659260609,27.40015261936431,0.6378,0.0,0.0,0,4500,500,0,4.5537545680999765
ok,ptft,11,5000,0.01,50,0.01,10000,1e-06,0.0,0.0,0.1,1.0,0.9,0.0,unit_total_var,,0.5,5000000,5000,50000,True,0.0001,,0.0,0.0,1.0,2000,train_pred_mse,5000,1.1451033136187712,1.1144978639017362,4.655090846650762e-08,256.32273981916353,360.1065750033104,22.347065456726565,0.6146,0.0,0.0,0,4500,500,0,5.607334613800049
ok,ptft,12,5000,0.01,50,0.01,10000,1e-06,0.0,0.0,0.1,1.0,0.9,0.0,unit_total_var,,0.5,5000000,5000,50000,True,0.0001,,0.0,0.0,1.0,2000,train_pred_mse,5000,1.0512574635100551,1.069858446017392,2.6901129594459867e-08,250.00944386900554,349.8240212771465,21.012333140849908,0.5756,0.0,0.0,0,4500,500,0,5.301596641540527
ok,ptft,13,5000,0.01,50,0.01,10000,1e-06,0.0,0.0,0.1,1.0,0.9,0.0,unit_total_var,,0.5,5000000,5000,50000,True,0.0001,,0.0,0.0,1.0,2000,train_pred_mse,5000,1.1866909531248893,1.1782993226272949,4.21711469327801e-09,297.8378595222511,436.0165787025769,28.905277883076266,0.6602,0.0,0.0,0,4500,500,0,5.792697191238402
ok,ptft,14,5000,0.01,50,0.01,10000,1e-06,0.0,0.0,0.1,1.0,0.9,0.0,unit_total_var,,0.5,5000000,5000,50000,True,0.0001,,0.0,0.0,1.0,2000,train_pred_mse,5000,1.1508632893350477,1.1317060289918186,1.691230577275853e-08,293.2729754490271,434.70261635888426,26.34035874946398,0.6666,0.0,0.0,0,4500,500,0,6.4863219261169425
ok,ptft,15,5000,0.01,50,0.01,10000,1e-06,0.0,0.0,0.1,1.0,0.9,0.0,unit_total_var,,0.5,5000000,5000,50000,True,0.0001,,0.0,0.0,1.0,2000,train_pred_mse,5000,1.1001472618179249,1.096067519809062,2.0917124726060103e-08,295.04724788048486,387.966653484726,24.85327466344347,0.6452,0.0,0.0,0,4500,500,0,4.786735773086548
ok,ptft,16,5000,0.01,50,0.01,10000,1e-06,0.0,0.0,0.1,1.0,0.9,0.0,unit_total_var,,0.5,5000000,5000,50000,True,0.0001,,0.0,0.0,1.0,2000,train_pred_mse,5000,1.0970996572887366,1.0979310528025628,7.592316185573781e-08,260.5036988133536,352.9695104347753,22.99853242318929,0.5972,0.0,0.0,0,4500,500,0,4.747464656829834
ok,ptft,17,5000,0.01,50,0.01,10000,1e-06,0.0,0.0,0.1,1.0,0.9,0.0,unit_total_var,,0.5,5000000,5000,50000,True,0.0001,,0.0,0.0,1.0,2000,train_pred_mse,5000,1.0480284707324987,1.0933168049302255,1.816378208387736e-08,267.870980582036,374.644773881904,22.237599705174123,0.6134,0.0,0.0,0,4500,500,0,5.113449096679688
ok,ptft,18,5000,0.01,50,0.01,10000,1e-06,0.0,0.0,0.1,1.0,0.9,0.0,unit_total_var,,0.5,5000000,5000,50000,True,0.0001,,0.0,0.0,1.0,2000,train_pred_mse,5000,1.1305638084228755,1.1269797231724918,1.1863860877617995e-08,283.3095214445986,383.79321781217453,22.68453663276357,0.6288,0.0,0.0,0,4500,500,0,5.524200916290283
ok,ptft,19,5000,0.01,50,0.01,10000,1e-06,0.0,0.0,0.1,1.0,0.9,0.0,unit_total_var,,0.5,5000000,5000,50000,True,0.0001,,0.0,0.0,1.0,2000,train_pred_mse,5000,1.1197414389333158,1.1241392813155477,5.035017212095256e-08,288.10740192876966,438.30052176579267,26.52966803645908,0.672,0.0,0.0,0,4500,500,0,6.009176254272461
ok,ptft,6,5000,0.01,50,0.01,10000,1e-06,0.0,0.0,0.1,1.0,0.9,0.0,unit_total_var,,0.5,5000000,5000,50000,True,0.0001,,0.0,0.0,1.0,2000,train_pred_mse,5000,1.0869921322895324,1.0778782058344212,7.005197960122104e-08,257.52822716060473,388.3428915544748,23.733707874494964,0.6248,0.0,0.0,0,4500,500,0,5.3417809009552
ok,ptft,7,5000,0.01,50,0.01,10000,1e-06,0.0,0.0,0.1,1.0,0.9,0.0,unit_total_var,,0.5,5000000,5000,50000,True,0.0001,,0.0,0.0,1.0,2000,train_pred_mse,5000,1.069306823937744,1.0697368910487082,2.9283735967463613e-08,259.5638161839927,330.86464602351003,20.23320471077817,0.5682,0.0,0.0,0,4500,500,0,5.321805238723755
ok,ptft,8,5000,0.01,50,0.01,10000,1e-06,0.0,0.0,0.1,1.0,0.9,0.0,unit_total_var,,0.5,5000000,5000,50000,True,0.0001,,0.0,0.0,1.0,2000,train_pred_mse,5000,1.0883891602294509,1.080145696271985,2.0594419038970643e-08,249.1987060930101,351.79212753255706,22.083058754212207,0.573,0.0,0.0,0,4500,500,0,4.669694185256958
ok,ptft,9,5000,0.01,50,0.01,10000,1e-06,0.0,0.0,0.1,1.0,0.9,0.0,unit_total_var,,0.5,5000000,5000,50000,True,0.0001,,0.0,0.0,1.0,2000,train_pred_mse,5000,1.0628046018757795,1.0652142553782125,4.9877566869319336e-08,249.5076684194535,339.82599480367,20.34501568126337,0.5906,0.0,0.0,0,4500,500,0,6.0064141750335684
ok,ptft,10,5000,0.059,295,0.059000000000000004,10000,1e-06,0.0,0.0,0.1,1.0,0.9,0.0,unit_total_var,,0.5,5000000,5000,50000,True,0.0001,,0.0,0.0,1.0,2000,train_pred_mse,25000,2.4891566101977527,2.537118194935918,0.00012530783476633842,0.011630018898332916,1425.15588663356,86.5538221483717,0.9066,0.0,0.0,0,4500,500,0,84.37380194664001
ok,ptft,11,5000,0.059,295,0.059000000000000004,10000,1e-06,0.0,0.0,0.1,1.0,0.9,0.0,unit_total_var,,0.5,5000000,5000,50000,True,0.0001,,0.0,0.0,1.0,2000,train_pred_mse,25000,2.5265997695683096,2.4591627495162642,0.00017904693208595606,0.015545962806940837,1395.7214886066886,85.05017700422566,0.9078,0.0,0.0,0,4500,500,0,32.22275805473328
ok,ptft,12,5000,0.059,295,0.059000000000000004,10000,1e-06,0.0,0.0,0.1,1.0,0.9,0.0,unit_total_var,,0.5,5000000,5000,50000,True,0.0001,,0.0,0.0,1.0,2000,train_pred_mse,30000,2.2044786738387336,2.2261659884350298,0.0001323853494509875,0.011041373574154138,1301.0390237952674,78.90958377539556,0.8998,0.0,0.0,0,4500,500,0,51.38970756530762
ok,ptft,13,5000,0.059,295,0.059000000000000004,10000,1e-06,0.0,0.0,0.1,1.0,0.9,0.0,unit_total_var,,0.5,5000000,5000,50000,True,0.0001,,0.0,0.0,1.0,2000,train_pred_mse,25000,2.5349356892262525,2.5208180510268603,0.0001948008292128069,0.01646263345953938,1451.7601945845472,86.97290003263242,0.9179999999999999,0.0,0.0,0,4500,500,0,43.56984877586365
ok,ptft,14,5000,0.059,295,0.059000000000000004,10000,1e-06,0.0,0.0,0.1,1.0,0.9,0.0,unit_total_var,,0.5,5000000,5000,50000,True,0.0001,,0.0,0.0,1.0,2000,train_pred_mse,25000,2.528971966460431,2.460516198636162,0.00014895377410992285,0.01240444318360654,1401.412986713984,85.68270469423524,0.9056,0.0,0.0,0,4500,500,0,59.28445076942444
ok,ptft,15,5000,0.059,295,0.059000000000000004,10000,1e-06,0.0,0.0,0.1,1.0,0.9,0.0,unit_total_var,,0.5,5000000,5000,50000,True,0.0001,,0.0,0.0,1.0,2000,train_pred_mse,25000,2.310763043176453,2.2871573981802302,0.00013991907435830569,0.013498795546943226,1346.255524828953,81.09856513931572,0.9059999999999999,0.0,0.0,0,4500,500,0,32.85518527030945
ok,ptft,16,5000,0.059,295,0.059000000000000004,10000,1e-06,0.0,0.0,0.1,1.0,0.9,0.0,unit_total_var,,0.5,5000000,5000,50000,True,0.0001,,0.0,0.0,1.0,2000,train_pred_mse,25000,2.441802745902796,2.3671057646182923,0.00019502710994465878,0.017963541032465447,1343.9760380217213,82.93084810254288,0.9106,0.0,0.0,0,4500,500,0,29.506344079971317
ok,ptft,17,5000,0.059,295,0.059000000000000004,10000,1e-06,0.0,0.0,0.1,1.0,0.9,0.0,unit_total_var,,0.5,5000000,5000,50000,True,0.0001,,0.0,0.0,1.0,2000,train_pred_mse,25000,2.1699149622133587,2.2687765378491886,0.00015935743534881518,0.01582900481834304,1361.7837785231172,79.87147488042915,0.902,0.0,0.0,0,4500,500,0,31.09667110443115
ok,ptft,18,5000,0.059,295,0.059000000000000004,10000,1e-06,0.0,0.0,0.1,1.0,0.9,0.0,unit_total_var,,0.5,5000000,5000,50000,True,0.0001,,0.0,0.0,1.0,2000,train_pred_mse,25000,2.4861815832108274,2.45996393782067,0.0001430582142805074,0.013094158455589538,1395.6562174283933,84.83923231028321,0.9144,0.0,0.0,0,4500,500,0,30.53856921195984
ok,ptft,19,5000,0.059,295,0.059000000000000004,10000,1e-06,0.0,0.0,0.1,1.0,0.9,0.0,unit_total_var,,0.5,5000000,5000,50000,True,0.0001,,0.0,0.0,1.0,2000,train_pred_mse,25000,2.2091206897149127,2.224420497917195,0.0001521938068287455,0.014643694680699015,1295.4998367047433,78.8128237002331,0.9056,0.0,0.0,0,4500,500,0,49.333691835403435
ok,ptft,6,5000,0.059,295,0.059000000000000004,10000,1e-06,0.0,0.0,0.1,1.0,0.9,0.0,unit_total_var,,0.5,5000000,5000,50000,True,0.0001,,0.0,0.0,1.0,2000,train_pred_mse,25000,2.2483520413633866,2.208041804331365,0.00015927423468887328,0.014591330399890584,1312.6210666280479,78.84372277821464,0.9172,0.0,0.0,0,4500,500,0,37.37653923034668
ok,ptft,7,5000,0.059,295,0.059000000000000004,10000,1e-06,0.0,0.0,0.1,1.0,0.9,0.0,unit_total_var,,0.5,5000000,5000,50000,True,0.0001,,0.0,0.0,1.0,2000,train_pred_mse,25000,2.5296689900895744,2.5479684867773025,0.00011897827567432805,0.010431719018570759,1489.548341151846,88.49358931611151,0.9218,0.0,0.0,0,4500,500,0,34.55615520477295
ok,ptft,8,5000,0.059,295,0.059000000000000004,10000,1e-06,0.0,0.0,0.1,1.0,0.9,0.0,unit_total_var,,0.5,5000000,5000,50000,True,0.0001,,0.0,0.0,1.0,2000,train_pred_mse,25000,2.24072683878603,2.25876916036768,0.00016609598988761345,0.01605841656987749,1288.8128884227115,79.88783815547521,0.9048,0.0,0.0,0,4500,500,0,34.68126535415649
ok,ptft,9,5000,0.059,295,0.059000000000000004,10000,1e-06,0.0,0.0,0.1,1.0,0.9,0.0,unit_total_var,,0.5,5000000,5000,50000,True,0.0001,,0.0,0.0,1.0,2000,train_pred_mse,25000,2.561265032988229,2.5650774508548526,0.00013476879632533448,0.01175458126474821,1483.2674437569708,89.03074512563799,0.912,0.0,0.0,0,4500,500,0,34.580809116363525
ok,ptft,10,5000,0.10800000000000001,540,0.10800000000000001,10000,1e-06,0.0,0.0,0.1,1.0,0.9,0.0,unit_total_var,,0.5,5000000,5000,50000,True,0.0001,,0.0,0.0,1.0,2000,train_pred_mse,50000,2.2903783687921564,2.281871975753775,0.00011406847611722756,0.006054561076643077,1600.3617637364914,80.47441494240465,0.9422,0.0,0.0,0,4500,500,0,93.11635446548462
ok,ptft,11,5000,0.10800000000000001,540,0.10800000000000001,10000,1e-06,0.0,0.0,0.1,1.0,0.9,0.0,unit_total_var,,0.5,5000000,5000,50000,True,0.0001,,0.0,0.0,1.0,2000,train_pred_mse,45000,2.122791893683182,2.0980153357457016,0.00013665268835774523,0.0077164784109279546,1504.627256625601,76.27839987489867,0.9466,0.0,0.0,0,4500,500,0,209.82801818847656
ok,ptft,12,5000,0.10800000000000001,540,0.10800000000000001,10000,1e-06,0.0,0.0,0.1,1.0,0.9,0.0,unit_total_var,,0.5,5000000,5000,50000,True,0.0001,,0.0,0.0,1.0,2000,train_pred_mse,45000,2.0266460254415404,2.043516854124747,0.00011763468036513179,0.007274756648030464,1549.8702920326514,75.60557098123726,0.9458,0.0,0.0,0,4500,500,0,165.7072422504425
ok,ptft,13,5000,0.10800000000000001,540,0.10800000000000001,10000,1e-06,0.0,0.0,0.1,1.0,0.9,0.0,unit_total_var,,0.5,5000000,5000,50000,True,0.0001,,0.0,0.0,1.0,2000,train_pred_mse,50000,2.1258758831803264,2.1351954905019017,0.0001303277238418202,0.006757564639320123,1587.412611895126,77.3209052313188,0.9518,0.0,0.0,0,4500,500,0,196.35250401496887
ok,ptft,14,5000,0.10800000000000001,540,0.10800000000000001,10000,1e-06,0.0,0.0,0.1,1.0,0.9,0.0,unit_total_var,,0.5,5000000,5000,50000,True,0.0001,,0.0,0.0,1.0,2000,train_pred_mse,45000,2.2322392919200937,2.1919899675441177,0.00014499268600970077,0.008091453058454434,1641.8032081664223,79.52924885372467,0.9478,0.0,0.0,0,4500,500,0,171.50956773757937
ok,ptft,15,5000,0.10800000000000001,540,0.10800000000000001,10000,1e-06,0.0,0.0,0.1,1.0,0.9,0.0,unit_total_var,,0.5,5000000,5000,50000,True,0.0001,,0.0,0.0,1.0,2000,train_pred_mse,50000,2.2453115667109227,2.2719574007815417,0.00013617356891829023,0.006704631357025668,1590.2879415258749,82.20181329518138,0.9488,0.0,0.0,0,4500,500,0,95.67532467842102
ok,ptft,16,5000,0.10800000000000001,540,0.10800000000000001,10000,1e-06,0.0,0.0,0.1,1.0,0.9,0.0,unit_total_var,,0.5,5000000,5000,50000,True,0.0001,,0.0,0.0,1.0,2000,train_pred_mse,45000,2.146766991749068,2.202213797189478,0.00011915061112435561,0.006801558432898152,1616.911459602993,80.10880287668817,0.9432,0.0,0.0,0,4500,500,0,229.80327582359314
ok,ptft,17,5000,0.10800000000000001,540,0.10800000000000001,10000,1e-06,0.0,0.0,0.1,1.0,0.9,0.0,unit_total_var,,0.5,5000000,5000,50000,True,0.0001,,0.0,0.0,1.0,2000,train_pred_mse,50000,2.2223528142619746,2.19714624017481,0.00012822871318106366,0.007051713090189309,1613.032808227399,79.74354181647833,0.9496,0.0,0.0,0,4500,500,0,237.93254017829892
ok,ptft,18,5000,0.10800000000000001,540,0.10800000000000001,10000,1e-06,0.0,0.0,0.1,1.0,0.9,0.0,unit_total_var,,0.5,5000000,5000,50000,True,0.0001,,0.0,0.0,1.0,2000,train_pred_mse,45000,2.2067233073309187,2.2088802118034625,0.0001413781092625709,0.0076956513545625846,1584.2845498794388,79.7282330173113,0.9458,0.0,0.0,0,4500,500,0,91.04025983810423
ok,ptft,19,5000,0.10800000000000001,540,0.10800000000000001,10000,1e-06,0.0,0.0,0.1,1.0,0.9,0.0,unit_total_var,,0.5,5000000,5000,50000,True,0.0001,,0.0,0.0,1.0,2000,train_pred_mse,50000,2.2402790140815503,2.2262512248734527,0.00011302902336309175,0.006100396333668561,1590.438820597481,80.18134761450607,0.9452,0.0,0.0,0,4500,500,0,176.36595368385315
ok,ptft,6,5000,0.10800000000000001,540,0.10800000000000001,10000,1e-06,0.0,0.0,0.1,1.0,0.9,0.0,unit_total_var,,0.5,5000000,5000,50000,True,0.0001,,0.0,0.0,1.0,2000,train_pred_mse,50000,2.068332048715268,2.0611520392593348,0.00012261437668011538,0.006500213695357229,1532.905715809462,76.24606940840224,0.9428,0.0,0.0,0,4500,500,0,133.79404211044314
ok,ptft,7,5000,0.10800000000000001,540,0.10800000000000001,10000,1e-06,0.0,0.0,0.1,1.0,0.9,0.0,unit_total_var,,0.5,5000000,5000,50000,True,0.0001,,0.0,0.0,1.0,2000,train_pred_mse,50000,2.30176886681142,2.306920822364551,0.00012891004261182502,0.006639021235643093,1609.2157294739725,83.11380103898297,0.9436,0.0,0.0,0,4500,500,0,111.80883598327637
ok,ptft,8,5000,0.10800000000000001,540,0.10800000000000001,10000,1e-06,0.0,0.0,0.1,1.0,0.9,0.0,unit_total_var,,0.5,5000000,5000,50000,True,0.0001,,0.0,0.0,1.0,2000,train_pred_mse,50000,2.126774413605919,2.1175171616512114,0.00013029401414467958,0.007053878720484086,1561.7647597098896,77.93321300384281,0.9428,0.0,0.0,0,4500,500,0,119.34155249595642
ok,ptft,9,5000,0.10800000000000001,540,0.10800000000000001,10000,1e-06,0.0,0.0,0.1,1.0,0.9,0.0,unit_total_var,,0.5,5000000,5000,50000,True,0.0001,,0.0,0.0,1.0,2000,train_pred_mse,45000,2.114393344708754,2.112386367152811,0.0001295520071917153,0.006923737453698581,1552.420517795902,77.79604804862575,0.9508,0.0,0.0,0,4500,500,0,108.66165041923523
ok,ptft,10,5000,0.15700000000000006,785,0.157,10000,1e-06,0.0,0.0,0.1,1.0,0.9,0.0,unit_total_var,,0.5,5000000,5000,50000,True,0.0001,,0.0,0.0,1.0,2000,train_pred_mse,75000,2.0635168301386653,2.0356499191818584,0.00010020254530996259,0.004276626246101424,1751.6151062690742,76.68294553822653,0.9598,0.0,0.0,0,4500,500,0,525.8081176280975
ok,ptft,11,5000,0.15700000000000006,785,0.157,10000,1e-06,0.0,0.0,0.1,1.0,0.9,0.0,unit_total_var,,0.5,5000000,5000,50000,True,0.0001,,0.0,0.0,1.0,2000,train_pred_mse,65000,1.8655726134154071,1.830490486706829,0.00011549506944520967,0.005698936323484667,1699.1203968371522,70.8583851503181,0.9594,0.0,0.0,0,4500,500,0,378.3543901443482
ok,ptft,12,5000,0.15700000000000006,785,0.157,10000,1e-06,0.0,0.0,0.1,1.0,0.9,0.0,unit_total_var,,0.5,5000000,5000,50000,True,0.0001,,0.0,0.0,1.0,2000,train_pred_mse,80000,1.7211029135756772,1.7712696203757234,0.00010160298902408387,0.0048132567841995145,1664.2448512597696,70.11247814749291,0.956,0.0,0.0,0,4500,500,0,438.57885098457336
ok,ptft,13,5000,0.15700000000000006,785,0.157,10000,1e-06,0.0,0.0,0.1,1.0,0.9,0.0,unit_total_var,,0.5,5000000,5000,50000,True,0.0001,,0.0,0.0,1.0,2000,train_pred_mse,75000,1.6939919796673246,1.7088110742154992,0.00010589120929134994,0.005073176809851181,1589.2283390001044,66.6038665573101,0.9526,0.0,0.0,0,4500,500,0,489.9919743537903
ok,ptft,14,5000,0.15700000000000006,785,0.157,10000,1e-06,0.0,0.0,0.1,1.0,0.9,0.0,unit_total_var,,0.5,5000000,5000,50000,True,0.0001,,0.0,0.0,1.0,2000,train_pred_mse,70000,1.7831772120719922,1.7459130650881598,0.00011207695062407092,0.005419756917476025,1578.5653706451324,67.60770782928503,0.9520000000000001,0.0,0.0,0,4500,500,0,407.5060434341431
ok,ptft,15,5000,0.15700000000000006,785,0.157,10000,1e-06,0.0,0.0,0.1,1.0,0.9,0.0,unit_total_var,,0.5,5000000,5000,50000,True,0.0001,,0.0,0.0,1.0,2000,train_pred_mse,75000,1.6838621954964017,1.6993800569153732,0.00010125153650258124,0.004901344739183818,1572.1351994699614,66.39789029455393,0.9562,0.0,0.0,0,4500,500,0,243.94968724250796
ok,ptft,16,5000,0.15700000000000006,785,0.157,10000,1e-06,0.0,0.0,0.1,1.0,0.9,0.0,unit_total_var,,0.5,5000000,5000,50000,True,0.0001,,0.0,0.0,1.0,2000,train_pred_mse,70000,1.709764703556167,1.7008524882839422,0.00011126931527053755,0.0054971518032461844,1638.9247395785378,67.22594336453098,0.9568,0.0,0.0,0,4500,500,0,415.5731761455536
ok,ptft,17,5000,0.15700000000000006,785,0.157,10000,1e-06,0.0,0.0,0.1,1.0,0.9,0.0,unit_total_var,,0.5,5000000,5000,50000,True,0.0001,,0.0,0.0,1.0,2000,train_pred_mse,75000,1.947713322111992,1.9661122553048784,0.0001035307584459232,0.004423094521300821,1748.4182401755593,74.63085037000822,0.9526,0.0,0.0,0,4500,500,0,391.5932128429413
ok,ptft,18,5000,0.15700000000000006,785,0.157,10000,1e-06,0.0,0.0,0.1,1.0,0.9,0.0,unit_total_var,,0.5,5000000,5000,50000,True,0.0001,,0.0,0.0,1.0,2000,train_pred_mse,70000,1.9035666287074644,1.8537527810362096,0.00010404150184467429,0.005169148769097654,1697.144406160348,70.71944262299306,0.9564,0.0,0.0,0,4500,500,0,210.12176299095157
ok,ptft,19,5000,0.15700000000000006,785,0.157,10000,1e-06,0.0,0.0,0.1,1.0,0.9,0.0,unit_total_var,,0.5,5000000,5000,50000,True,0.0001,,0.0,0.0,1.0,2000,train_pred_mse,80000,1.7478975321637973,1.7279094115891196,9.847426085713813e-05,0.004758985902601459,1625.0273698066094,67.79752579190286,0.9574,0.0,0.0,0,4500,500,0,595.1038594245912
ok,ptft,6,5000,0.15700000000000006,785,0.157,10000,1e-06,0.0,0.0,0.1,1.0,0.9,0.0,unit_total_var,,0.5,5000000,5000,50000,True,0.0001,,0.0,0.0,1.0,2000,train_pred_mse,70000,1.7634958196694397,1.741968200204016,0.00010797020733078676,0.0053467772843098895,1612.750897956501,68.50280976299608,0.9590000000000001,0.0,0.0,0,4500,500,0,283.78137588500977
ok,ptft,7,5000,0.15700000000000006,785,0.157,10000,1e-06,0.0,0.0,0.1,1.0,0.9,0.0,unit_total_var,,0.5,5000000,5000,50000,True,0.0001,,0.0,0.0,1.0,2000,train_pred_mse,70000,1.683736887970985,1.6617447946708719,0.00011923492621132575,0.0062923770319804895,1537.7005162016062,63.633037918986595,0.9566,0.0,0.0,0,4500,500,0,249.1814422607422
ok,ptft,8,5000,0.15700000000000006,785,0.157,10000,1e-06,0.0,0.0,0.1,1.0,0.9,0.0,unit_total_var,,0.5,5000000,5000,50000,True,0.0001,,0.0,0.0,1.0,2000,train_pred_mse,75000,1.8639789385278844,1.8442083748198181,0.00010079117330620545,0.004544634593223819,1668.1693094581408,71.76306876652467,0.9590000000000001,0.0,0.0,0,4500,500,0,267.86581015586853
ok,ptft,9,5000,0.15700000000000006,785,0.157,10000,1e-06,0.0,0.0,0.1,1.0,0.9,0.0,unit_total_var,,0.5,5000000,5000,50000,True,0.0001,,0.0,0.0,1.0,2000,train_pred_mse,70000,1.7810333903032785,1.7719852686998034,0.00011543295587344233,0.0054839193774872865,1659.9103084062276,69.28343315285527,0.9626,0.0,0.0,0,4500,500,0,261.23464465141296
ok,ptft,10,5000,0.206,1030,0.20600000000000002,10000,1e-06,0.0,0.0,0.1,1.0,0.9,0.0,unit_total_var,,0.5,5000000,5000,50000,True,0.0001,,0.0,0.0,1.0,2000,train_pred_mse,95000,1.5609731930999928,1.5637049304709436,9.471216047649931e-05,0.004433945376556675,1682.1867168513354,63.15590595845258,0.9628,0.0,0.0,0,4500,500,0,1043.229237318039
ok,ptft,11,5000,0.206,1030,0.20600000000000002,10000,1e-06,0.0,0.0,0.1,1.0,0.9,0.0,unit_total_var,,0.5,5000000,5000,50000,True,0.0001,,0.0,0.0,1.0,2000,train_pred_mse,105000,1.6351122282658452,1.5869940882189453,8.516327392693345e-05,0.0036652057291683697,1690.437218948572,64.07333048423091,0.963,0.0,0.0,0,4500,500,0,1012.1205291748047
ok,ptft,12,5000,0.206,1030,0.20600000000000002,10000,1e-06,0.0,0.0,0.1,1.0,0.9,0.0,unit_total_var,,0.5,5000000,5000,50000,True,0.0001,,0.0,0.0,1.0,2000,train_pred_mse,100000,1.5802972308719705,1.5797434616673067,9.210440621741944e-05,0.004125575068615423,1741.8005544197476,65.5451399819587,0.9654,0.0,0.0,0,4500,500,0,729.0589272975923
ok,ptft,13,5000,0.206,1030,0.20600000000000002,10000,1e-06,0.0,0.0,0.1,1.0,0.9,0.0,unit_total_var,,0.5,5000000,5000,50000,True,0.0001,,0.0,0.0,1.0,2000,train_pred_mse,95000,1.481020664636577,1.4731088577110083,9.867466678511558e-05,0.004847675024017309,1698.4088693439785,62.18875953865164,0.9592,0.0,0.0,0,4500,500,0,401.31388568878174
ok,ptft,14,5000,0.206,1030,0.20600000000000002,10000,1e-06,0.0,0.0,0.1,1.0,0.9,0.0,unit_total_var,,0.5,5000000,5000,50000,True,0.0001,,0.0,0.0,1.0,2000,train_pred_mse,100000,1.6897692905523582,1.6427133487622765,9.005005305106279e-05,0.0038448203293147405,1824.746087429301,67.96789105884308,0.9602,0.0,0.0,0,4500,500,0,528.2815613746643
ok,ptft,15,5000,0.206,1030,0.20600000000000002,10000,1e-06,0.0,0.0,0.1,1.0,0.9,0.0,unit_total_var,,0.5,5000000,5000,50000,True,0.0001,,0.0,0.0,1.0,2000,train_pred_mse,105000,1.5043377096367143,1.508303096246649,8.727258781190755e-05,0.004091900830022151,1663.6324653111526,61.56032957088075,0.9544,0.0,0.0,0,4500,500,0,508.3842251300812
ok,ptft,16,5000,0.206,1030,0.20600000000000002,10000,1e-06,0.0,0.0,0.1,1.0,0.9,0.0,unit_total_var,,0.5,5000000,5000,50000,True,0.0001,,0.0,0.0,1.0,2000,train_pred_mse,100000,1.6366059950601657,1.6134049134669295,8.874833926404242e-05,0.0037952687073849896,1759.054407215463,66.98726201542067,0.9586,0.0,0.0,0,4500,500,0,797.9515318870544
ok,ptft,17,5000,0.206,1030,0.20600000000000002,10000,1e-06,0.0,0.0,0.1,1.0,0.9,0.0,unit_total_var,,0.5,5000000,5000,50000,True,0.0001,,0.0,0.0,1.0,2000,train_pred_mse,105000,1.5167947941755968,1.5335377598976643,8.862676683654999e-05,0.00404106963747475,1707.2363952637359,63.09340458173261,0.9596,0.0,0.0,0,4500,500,0,786.648063659668
ok,ptft,18,5000,0.206,1030,0.20600000000000002,10000,1e-06,0.0,0.0,0.1,1.0,0.9,0.0,unit_total_var,,0.5,5000000,5000,50000,True,0.0001,,0.0,0.0,1.0,2000,train_pred_mse,90000,1.6896502250830925,1.6502375414406183,9.459907698677976e-05,0.004182135534847052,1798.57307780786,67.28444162516007,0.9618,0.0,0.0,0,4500,500,0,707.7169749736786
ok,ptft,19,5000,0.206,1030,0.20600000000000002,10000,1e-06,0.0,0.0,0.1,1.0,0.9,0.0,unit_total_var,,0.5,5000000,5000,50000,True,0.0001,,0.0,0.0,1.0,2000,train_pred_mse,95000,1.6014517700146291,1.6069351972215835,9.822860613029311e-05,0.004330718374682314,1773.0418052439745,66.21229170808945,0.9648,0.0,0.0,0,4500,500,0,941.2621858119963
ok,ptft,6,5000,0.206,1030,0.20600000000000002,10000,1e-06,0.0,0.0,0.1,1.0,0.9,0.0,unit_total_var,,0.5,5000000,5000,50000,True,0.0001,,0.0,0.0,1.0,2000,train_pred_mse,100000,1.6345136706142172,1.6148278324877627,8.714924980639392e-05,0.0038328855225323545,1824.7423555472446,68.65206867956982,0.9604,0.0,0.0,0,4500,500,0,1174.1204371452334
ok,ptft,7,5000,0.206,1030,0.20600000000000002,10000,1e-06,0.0,0.0,0.1,1.0,0.9,0.0,unit_total_var,,0.5,5000000,5000,50000,True,0.0001,,0.0,0.0,1.0,2000,train_pred_mse,100000,1.4874731527277019,1.5072813791342432,9.263425741596708e-05,0.004395034911868212,1718.9946553775146,63.48273413185576,0.9624,0.0,0.0,0,4500,500,0,847.6035597324371
ok,ptft,8,5000,0.206,1030,0.20600000000000002,10000,1e-06,0.0,0.0,0.1,1.0,0.9,0.0,unit_total_var,,0.5,5000000,5000,50000,True,0.0001,,0.0,0.0,1.0,2000,train_pred_mse,95000,1.5648590747227775,1.5769449741625459,9.80533588670948e-05,0.004370023561954173,1768.1361314564554,66.39484982272465,0.9652,0.0,0.0,0,4500,500,0,504.82049036025995
ok,ptft,9,5000,0.206,1030,0.20600000000000002,10000,1e-06,0.0,0.0,0.1,1.0,0.9,0.0,unit_total_var,,0.5,5000000,5000,50000,True,0.0001,,0.0,0.0,1.0,2000,train_pred_mse,95000,1.5307662784071068,1.5707311184145485,9.050282245337314e-05,0.004124387303498861,1780.8349904516558,65.20172575880657,0.9678,0.0,0.0,0,4500,500,0,505.39846324920654
ok,ptft,10,5000,0.255,1275,0.255,10000,1e-06,0.0,0.0,0.1,1.0,0.9,0.0,unit_total_var,,0.5,5000000,5000,50000,True,0.0001,,0.0,0.0,1.0,2000,train_pred_mse,125000,1.4540626863043262,1.4367448261494684,8.625811990790686e-05,0.0036255288116564506,1879.761193040748,63.73239355765501,0.9676,0.0,0.0,0,4500,500,0,1093.7218782901764
ok,ptft,11,5000,0.255,1275,0.255,10000,1e-06,0.0,0.0,0.1,1.0,0.9,0.0,unit_total_var,,0.5,5000000,5000,50000,True,0.0001,,0.0,0.0,1.0,2000,train_pred_mse,130000,1.4838298013486435,1.451039289646478,7.764920642989748e-05,0.0032740033607388877,1878.4328842309822,62.720725902798385,0.9666,0.0,0.0,0,4500,500,0,549.2489759922029
ok,ptft,12,5000,0.255,1275,0.255,10000,1e-06,0.0,0.0,0.1,1.0,0.9,0.0,unit_total_var,,0.5,5000000,5000,50000,True,0.0001,,0.0,0.0,1.0,2000,train_pred_mse,140000,1.371304135131307,1.3747810755713554,7.408383120135212e-05,0.0030685299847387263,1848.5078614261083,62.44576390789635,0.9662,0.0,0.0,0,4500,500,0,1350.0025732517242
ok,ptft,13,5000,0.255,1275,0.255,10000,1e-06,0.0,0.0,0.1,1.0,0.9,0.0,unit_total_var,,0.5,5000000,5000,50000,True,0.0001,,0.0,0.0,1.0,2000,train_pred_mse,120000,1.4773195149352447,1.4688934505929885,8.34475567406852e-05,0.0035997288151403835,1955.9830120652662,65.17234525476043,0.9638,0.0,0.0,0,4500,500,0,772.9220111370088
ok,ptft,14,5000,0.255,1275,0.255,10000,1e-06,0.0,0.0,0.1,1.0,0.9,0.0,unit_total_var,,0.5,5000000,5000,50000,True,0.0001,,0.0,0.0,1.0,2000,train_pred_mse,125000,1.5141641898408125,1.48669929801689,8.08637870708148e-05,0.003344154082999882,1925.839247667777,65.50825359980873,0.9612,0.0,0.0,0,4500,500,0,764.5456519126892
ok,ptft,15,5000,0.255,1275,0.255,10000,1e-06,0.0,0.0,0.1,1.0,0.9,0.0,unit_total_var,,0.5,5000000,5000,50000,True,0.0001,,0.0,0.0,1.0,2000,train_pred_mse,125000,1.4213507291497252,1.398157730915944,8.798964557314285e-05,0.00378442356423154,1852.8458559105475,62.378605878690564,0.9668,0.0,0.0,0,4500,500,0,847.9707579612732
ok,ptft,16,5000,0.255,1275,0.255,10000,1e-06,0.0,0.0,0.1,1.0,0.9,0.0,unit_total_var,,0.5,5000000,5000,50000,True,0.0001,,0.0,0.0,1.0,2000,train_pred_mse,135000,1.352705904734568,1.3734437637977663,7.982640978013073e-05,0.0034473615065413184,1838.2206276454294,61.086139414612454,0.9658,0.0,0.0,0,4500,500,0,1293.5122137069702
ok,ptft,17,5000,0.255,1275,0.255,10000,1e-06,0.0,0.0,0.1,1.0,0.9,0.0,unit_total_var,,0.5,5000000,5000,50000,True,0.0001,,0.0,0.0,1.0,2000,train_pred_mse,135000,1.4059068133376422,1.4286793357198482,7.826847069113597e-05,0.003231232973882636,1849.9716689320246,62.924666019717094,0.9636,0.0,0.0,0,4500,500,0,1802.4191544055936
ok,ptft,18,5000,0.255,1275,0.255,10000,1e-06,0.0,0.0,0.1,1.0,0.9,0.0,unit_total_var,,0.5,5000000,5000,50000,True,0.0001,,0.0,0.0,1.0,2000,train_pred_mse,130000,1.427183605162316,1.4308721358653065,7.781953943731198e-05,0.0031460068261855646,1884.0186707154983,64.25552719207026,0.9654,0.0,0.0,0,4500,500,0,1246.4243876934054
ok,ptft,19,5000,0.255,1275,0.255,10000,1e-06,0.0,0.0,0.1,1.0,0.9,0.0,unit_total_var,,0.5,5000000,5000,50000,True,0.0001,,0.0,0.0,1.0,2000,train_pred_mse,120000,1.4009130490760104,1.4304040165290803,8.28298325352658e-05,0.003529402050445425,1878.7478784435784,63.51052158622023,0.9662,0.0,0.0,0,4500,500,0,1278.45969581604
ok,ptft,6,5000,0.255,1275,0.255,10000,1e-06,0.0,0.0,0.1,1.0,0.9,0.0,unit_total_var,,0.5,5000000,5000,50000,True,0.0001,,0.0,0.0,1.0,2000,train_pred_mse,135000,1.3985682000827304,1.3967913306876942,7.954251481880539e-05,0.003428868803475807,1874.2285136329212,62.206599363755686,0.9678,0.0,0.0,0,4500,500,0,1908.8894834518435
ok,ptft,7,5000,0.255,1275,0.255,10000,1e-06,0.0,0.0,0.1,1.0,0.9,0.0,unit_total_var,,0.5,5000000,5000,50000,True,0.0001,,0.0,0.0,1.0,2000,train_pred_mse,130000,1.4148624007176436,1.4087095810850074,7.771543680041516e-05,0.0031187030945576443,1861.049305434876,62.968500051275775,0.9716,0.0,0.0,0,4500,500,0,1589.8448610305786
ok,ptft,8,5000,0.255,1275,0.255,10000,1e-06,0.0,0.0,0.1,1.0,0.9,0.0,unit_total_var,,0.5,5000000,5000,50000,True,0.0001,,0.0,0.0,1.0,2000,train_pred_mse,130000,1.3198767596085514,1.340165165870966,8.263708643507977e-05,0.003627550253154476,1817.426128443101,60.853425349327686,0.9666,0.0,0.0,0,4500,500,0,850.0245397090912
ok,ptft,9,5000,0.255,1275,0.255,10000,1e-06,0.0,0.0,0.1,1.0,0.9,0.0,unit_total_var,,0.5,5000000,5000,50000,True,0.0001,,0.0,0.0,1.0,2000,train_pred_mse,130000,1.4317677078435225,1.4300854820772624,7.970038991373864e-05,0.0033045579630706892,1875.868053897385,63.399379112521714,0.9666,0.0,0.0,0,4500,500,0,853.7464473247528
ok,ptft,10,5000,0.30400000000000005,1520,0.304,10000,1e-06,0.0,0.0,0.1,1.0,0.9,0.0,unit_total_var,,0.5,5000000,5000,50000,True,0.0001,,0.0,0.0,1.0,2000,train_pred_mse,170000,1.353141844711361,1.3410005055227303,6.810052830114658e-05,0.002621626497791837,2088.4601708761193,63.92028924087914,0.9672,0.0,0.0,0,4500,500,0,1911.650995016098
ok,ptft,11,5000,0.30400000000000005,1520,0.304,10000,1e-06,0.0,0.0,0.1,1.0,0.9,0.0,unit_total_var,,0.5,5000000,5000,50000,True,0.0001,,0.0,0.0,1.0,2000,train_pred_mse,170000,1.3981915535230305,1.3685675065399958,7.118670274333834e-05,0.002730161692729009,2043.3712483391787,63.70925207755729,0.9716,0.0,0.0,0,4500,500,0,1983.2159628868105
ok,ptft,12,5000,0.30400000000000005,1520,0.304,10000,1e-06,0.0,0.0,0.1,1.0,0.9,0.0,unit_total_var,,0.5,5000000,5000,50000,True,0.0001,,0.0,0.0,1.0,2000,train_pred_mse,180000,1.2772045399991043,1.2646828100599148,6.535789432697437e-05,0.002599822083450461,1976.5925436793927,61.512985021923036,0.9706,0.0,0.0,0,4500,500,0,2096.1534259319305
ok,ptft,13,5000,0.30400000000000005,1520,0.304,10000,1e-06,0.0,0.0,0.1,1.0,0.9,0.0,unit_total_var,,0.5,5000000,5000,50000,True,0.0001,,0.0,0.0,1.0,2000,train_pred_mse,165000,1.3040815689376166,1.2991212141765789,7.019088492051763e-05,0.002976677519453848,1982.7540337024147,60.87248621585432,0.9714,0.0,0.0,0,4500,500,0,1368.6275932788851
ok,ptft,14,5000,0.30400000000000005,1520,0.304,10000,1e-06,0.0,0.0,0.1,1.0,0.9,0.0,unit_total_var,,0.5,5000000,5000,50000,True,0.0001,,0.0,0.0,1.0,2000,train_pred_mse,170000,1.310839402796949,1.2725620331711178,6.499059241233938e-05,0.002631985364368708,1979.4521341460766,61.635310544070386,0.9674,0.0,0.0,0,4500,500,0,854.3310298919678
ok,ptft,15,5000,0.30400000000000005,1520,0.304,10000,1e-06,0.0,0.0,0.1,1.0,0.9,0.0,unit_total_var,,0.5,5000000,5000,50000,True,0.0001,,0.0,0.0,1.0,2000,train_pred_mse,165000,1.2685168336291746,1.2433372837593932,7.493415984981157e-05,0.0030409005302828125,1983.00560814755,61.003710967692854,0.9702,0.0,0.0,0,4500,500,0,1377.051340341568
ok,ptft,16,5000,0.30400000000000005,1520,0.304,10000,1e-06,0.0,0.0,0.1,1.0,0.9,0.0,unit_total_var,,0.5,5000000,5000,50000,True,0.0001,,0.0,0.0,1.0,2000,train_pred_mse,170000,1.2691238409390748,1.3124560628651258,6.69926314749021e-05,0.002716916581832362,1962.7735388261706,60.84381295664539,0.9698,0.0,0.0,0,4500,500,0,1711.208816766739
ok,ptft,17,5000,0.30400000000000005,1520,0.304,10000,1e-06,0.0,0.0,0.1,1.0,0.9,0.0,unit_total_var,,0.5,5000000,5000,50000,True,0.0001,,0.0,0.0,1.0,2000,train_pred_mse,170000,1.2713914009588791,1.2999926831626585,6.964064858573497e-05,0.002792635893304609,1977.6615336730426,61.64866357174556,0.9682,0.0,0.0,0,4500,500,0,2213.997052192688
ok,ptft,18,5000,0.30400000000000005,1520,0.304,10000,1e-06,0.0,0.0,0.1,1.0,0.9,0.0,unit_total_var,,0.5,5000000,5000,50000,True,0.0001,,0.0,0.0,1.0,2000,train_pred_mse,165000,1.2785487037862195,1.2860802737701609,6.861430957652399e-05,0.002796875179283304,2012.9566881636802,61.85165551039651,0.9692,0.0,0.0,0,4500,500,0,1876.9543681144714
ok,ptft,19,5000,0.30400000000000005,1520,0.304,10000,1e-06,0.0,0.0,0.1,1.0,0.9,0.0,unit_total_var,,0.5,5000000,5000,50000,True,0.0001,,0.0,0.0,1.0,2000,train_pred_mse,165000,1.250264671896662,1.2211059728968277,6.953565936570923e-05,0.0029309897177442106,1967.043591959033,60.34018481222709,0.9674,0.0,0.0,0,4500,500,0,1312.2185332775114
ok,ptft,6,5000,0.30400000000000005,1520,0.304,10000,1e-06,0.0,0.0,0.1,1.0,0.9,0.0,unit_total_var,,0.5,5000000,5000,50000,True,0.0001,,0.0,0.0,1.0,2000,train_pred_mse,175000,1.2042121637080292,1.203189162836675,6.728438114422808e-05,0.00286412828801666,1910.1008066013626,58.528256925895036,0.9728,0.0,0.0,0,4500,500,0,2929.8962502479553
ok,ptft,7,5000,0.30400000000000005,1520,0.304,10000,1e-06,0.0,0.0,0.1,1.0,0.9,0.0,unit_total_var,,0.5,5000000,5000,50000,True,0.0001,,0.0,0.0,1.0,2000,train_pred_mse,170000,1.3471324534120075,1.3415132157888392,6.763828958989222e-05,0.0026419086452338213,2098.4592969783434,64.49603834140551,0.9662,0.0,0.0,0,4500,500,0,1989.4518735408785
ok,ptft,8,5000,0.30400000000000005,1520,0.304,10000,1e-06,0.0,0.0,0.1,1.0,0.9,0.0,unit_total_var,,0.5,5000000,5000,50000,True,0.0001,,0.0,0.0,1.0,2000,train_pred_mse,165000,1.2148306065768266,1.2378302310069906,7.478467558553152e-05,0.003239588557037167,1949.0656336971842,59.41700582816672,0.9726,0.0,0.0,0,4500,500,0,1277.072660446167
ok,ptft,9,5000,0.30400000000000005,1520,0.304,10000,1e-06,0.0,0.0,0.1,1.0,0.9,0.0,unit_total_var,,0.5,5000000,5000,50000,True,0.0001,,0.0,0.0,1.0,2000,train_pred_mse,160000,1.2928048464601216,1.3079607630910544,7.37657885363395e-05,0.003064663318753055,2058.33434866655,63.91876533617582,0.9726,0.0,0.0,0,4500,500,0,1312.7500019073484
ok,ptft,10,5000,0.35300000000000004,1765,0.353,10000,1e-06,0.0,0.0,0.1,1.0,0.9,0.0,unit_total_var,,0.5,5000000,5000,50000,True,0.0001,,0.0,0.0,1.0,2000,train_pred_mse,205000,1.1367889844483974,1.1786698628682053,6.859518896539429e-05,0.0027259320875908212,2181.766224332367,61.835367977380635,0.9772,0.0,0.0,0,4500,500,0,2850.0084133148193
ok,ptft,11,5000,0.35300000000000004,1765,0.353,10000,1e-06,0.0,0.0,0.1,1.0,0.9,0.0,unit_total_var,,0.5,5000000,5000,50000,True,0.0001,,0.0,0.0,1.0,2000,train_pred_mse,220000,1.202324893455937,1.1768732340914176,6.195614766537816e-05,0.002413853773926437,2100.5118619227032,60.55997889015424,0.97,0.0,0.0,0,4500,500,0,2000.016266822815
ok,ptft,12,5000,0.35300000000000004,1765,0.353,10000,1e-06,0.0,0.0,0.1,1.0,0.9,0.0,unit_total_var,,0.5,5000000,5000,50000,True,0.0001,,0.0,0.0,1.0,2000,train_pred_mse,230000,1.2018479779397748,1.1809060155343931,5.712750568533538e-05,0.0021646785779762547,2076.6577909455755,60.39764538379612,0.9746,0.0,0.0,0,4500,500,0,2995.594706058502
ok,ptft,13,5000,0.35300000000000004,1765,0.353,10000,1e-06,0.0,0.0,0.1,1.0,0.9,0.0,unit_total_var,,0.5,5000000,5000,50000,True,0.0001,,0.0,0.0,1.0,2000,train_pred_mse,205000,1.173760834483778,1.1779138953832795,6.366487874312958e-05,0.0025134443059477624,2155.613372598457,61.83569015123193,0.9712,0.0,0.0,0,4500,500,0,1965.9584860801695
ok,ptft,14,5000,0.35300000000000004,1765,0.353,10000,1e-06,0.0,0.0,0.1,1.0,0.9,0.0,unit_total_var,,0.5,5000000,5000,50000,True,0.0001,,0.0,0.0,1.0,2000,train_pred_mse,225000,1.175394249522427,1.1612931054593014,5.752293111457222e-05,0.0022436286252758945,2157.257468920247,62.03028743699236,0.968,0.0,0.0,0,4500,500,0,2842.2336823940277
ok,ptft,15,5000,0.35300000000000004,1765,0.353,10000,1e-06,0.0,0.0,0.1,1.0,0.9,0.0,unit_total_var,,0.5,5000000,5000,50000,True,0.0001,,0.0,0.0,1.0,2000,train_pred_mse,210000,1.1349311946128635,1.1377605063594494,6.281274095459154e-05,0.002419937898552877,2117.059544846201,61.42046401772142,0.9702,0.0,0.0,0,4500,500,0,1902.0779557228088
ok,ptft,16,5000,0.35300000000000004,1765,0.353,10000,1e-06,0.0,0.0,0.1,1.0,0.9,0.0,unit_total_var,,0.5,5000000,5000,50000,True,0.0001,,0.0,0.0,1.0,2000,train_pred_mse,225000,1.1464888594894165,1.1584963876496008,6.145296636087937e-05,0.0022993223291062825,2108.7760891853613,61.53454040835965,0.9744,0.0,0.0,0,4500,500,0,3997.820469617844
ok,ptft,17,5000,0.35300000000000004,1765,0.353,10000,1e-06,0.0,0.0,0.1,1.0,0.9,0.0,unit_total_var,,0.5,5000000,5000,50000,True,0.0001,,0.0,0.0,1.0,2000,train_pred_mse,215000,1.134022946170964,1.1723065053885138,6.013791896821286e-05,0.002362790328174256,2121.321175451331,60.73982819520739,0.9728,0.0,0.0,0,4500,500,0,3929.9413306713104
ok,ptft,18,5000,0.35300000000000004,1765,0.353,10000,1e-06,0.0,0.0,0.1,1.0,0.9,0.0,unit_total_var,,0.5,5000000,5000,50000,True,0.0001,,0.0,0.0,1.0,2000,train_pred_mse,205000,1.2436699474535526,1.216767770277779,6.04444572351623e-05,0.0022915900086028142,2197.704046758874,63.18481686585796,0.9726,0.0,0.0,0,4500,500,0,1772.7955532073975
ok,ptft,19,5000,0.35300000000000004,1765,0.353,10000,1e-06,0.0,0.0,0.1,1.0,0.9,0.0,unit_total_var,,0.5,5000000,5000,50000,True,0.0001,,0.0,0.0,1.0,2000,train_pred_mse,220000,1.0960386804420652,1.110340687980026,5.915146066278595e-05,0.002441818602191689,2060.950571586908,58.882843278418605,0.97,0.0,0.0,0,4500,500,0,3363.287832736969
ok,ptft,6,5000,0.35300000000000004,1765,0.353,10000,1e-06,0.0,0.0,0.1,1.0,0.9,0.0,unit_total_var,,0.5,5000000,5000,50000,True,0.0001,,0.0,0.0,1.0,2000,train_pred_mse,215000,1.147742772539217,1.1528979124520822,6.321122970767128e-05,0.002478244657244066,2154.2680144875526,61.69213142759625,0.973,0.0,0.0,0,4500,500,0,2879.284599542618
ok,ptft,7,5000,0.35300000000000004,1765,0.353,10000,1e-06,0.0,0.0,0.1,1.0,0.9,0.0,unit_total_var,,0.5,5000000,5000,50000,True,0.0001,,0.0,0.0,1.0,2000,train_pred_mse,210000,1.1976448623002738,1.183491256220706,6.362790033888036e-05,0.0024699978195377487,2135.0161064014223,62.059841437255834,0.9738,0.0,0.0,0,4500,500,0,2811.7049689292908
ok,ptft,8,5000,0.35300000000000004,1765,0.353,10000,1e-06,0.0,0.0,0.1,1.0,0.9,0.0,unit_total_var,,0.5,5000000,5000,50000,True,0.0001,,0.0,0.0,1.0,2000,train_pred_mse,225000,1.200403817123397,1.205236609173286,5.768331070830215e-05,0.002255446551777211,2103.4008142075472,61.11634552678663,0.9748,0.0,0.0,0,4500,500,0,2005.2036039829252
ok,ptft,9,5000,0.35300000000000004,1765,0.353,10000,1e-06,0.0,0.0,0.1,1.0,0.9,0.0,unit_total_var,,0.5,5000000,5000,50000,True,0.0001,,0.0,0.0,1.0,2000,train_pred_mse,210000,1.1718194445390746,1.1672260749008272,6.425380085702886e-05,0.0026001895691839037,2118.9208428643874,61.37374113980093,0.9754,0.0,0.0,0,4500,500,0,2368.601695537567
ok,ptft,10,5000,0.402,2010,0.402,10000,1e-06,0.0,0.0,0.1,1.0,0.9,0.0,unit_total_var,,0.5,5000000,5000,50000,True,0.0001,,0.0,0.0,1.0,2000,train_pred_mse,270000,1.1263741593550427,1.1104707413924486,5.510548442790215e-05,0.002042387259231884,2355.5268613071107,63.834667863808576,0.9744,0.0,0.0,0,4500,500,0,3852.882131576538
ok,ptft,11,5000,0.402,2010,0.402,10000,1e-06,0.0,0.0,0.1,1.0,0.9,0.0,unit_total_var,,0.5,5000000,5000,50000,True,0.0001,,0.0,0.0,1.0,2000,train_pred_mse,270000,1.1480896616624228,1.1306853905049945,5.595499017323634e-05,0.002066755275077339,2329.540926558537,63.473688228337934,0.9778,0.0,0.0,0,4500,500,0,2733.163187026977
ok,ptft,12,5000,0.402,2010,0.402,10000,1e-06,0.0,0.0,0.1,1.0,0.9,0.0,unit_total_var,,0.5,5000000,5000,50000,True,0.0001,,0.0,0.0,1.0,2000,train_pred_mse,255000,1.0585082628894924,1.05647366516375,5.590503580687927e-05,0.002208834276109986,2246.155273648309,60.46939835627711,0.9736,0.0,0.0,0,4500,500,0,3746.253148317337
ok,ptft,13,5000,0.402,2010,0.402,10000,1e-06,0.0,0.0,0.1,1.0,0.9,0.0,unit_total_var,,0.5,5000000,5000,50000,True,0.0001,,0.0,0.0,1.0,2000,train_pred_mse,260000,1.1088117834695026,1.0919287162912923,5.273398678554425e-05,0.0019141060918567196,2326.107761557435,62.688024057103654,0.978,0.0,0.0,0,4500,500,0,3454.7368013858795
ok,ptft,14,5000,0.402,2010,0.402,10000,1e-06,0.0,0.0,0.1,1.0,0.9,0.0,unit_total_var,,0.5,5000000,5000,50000,True,0.0001,,0.0,0.0,1.0,2000,train_pred_mse,265000,1.0681860352064363,1.0648179050832225,5.338593759608717e-05,0.0020361135831757546,2236.7391784068805,60.48452832767118,0.9754,0.0,0.0,0,4500,500,0,3693.947974920273
ok,ptft,15,5000,0.402,2010,0.402,10000,1e-06,0.0,0.0,0.1,1.0,0.9,0.0,unit_total_var,,0.5,5000000,5000,50000,True,0.0001,,0.0,0.0,1.0,2000,train_pred_mse,270000,1.0414398368425355,1.0423564606329438,5.3333754017785966e-05,0.0020765632740260046,2214.503386432633,60.08047665345292,0.972,0.0,0.0,0,4500,500,0,4370.763240814209
ok,ptft,16,5000,0.402,2010,0.402,10000,1e-06,0.0,0.0,0.1,1.0,0.9,0.0,unit_total_var,,0.5,5000000,5000,50000,True,0.0001,,0.0,0.0,1.0,2000,train_pred_mse,270000,1.034157354955634,1.04932462750248,5.404642314558065e-05,0.0019787166028776334,2288.067540665249,62.424189466192104,0.975,0.0,0.0,0,4500,500,0,5026.0431990623465
ok,ptft,17,5000,0.402,2010,0.402,10000,1e-06,0.0,0.0,0.1,1.0,0.9,0.0,unit_total_var,,0.5,5000000,5000,50000,True,0.0001,,0.0,0.0,1.0,2000,train_pred_mse,260000,1.0338751747503303,1.050069362010453,5.4802138399759726e-05,0.002060740682173874,2289.385448020258,62.186865039121436,0.9768,0.0,0.0,0,4500,500,0,3967.478204488754
ok,ptft,18,5000,0.402,2010,0.402,10000,1e-06,0.0,0.0,0.1,1.0,0.9,0.0,unit_total_var,,0.5,5000000,5000,50000,True,0.0001,,0.0,0.0,1.0,2000,train_pred_mse,285000,1.1153131341742195,1.1080479372790264,5.2152940036337845e-05,0.001893669303065164,2263.216643202845,61.777154957033396,0.9774,0.0,0.0,0,4500,500,0,3960.432497978209
ok,ptft,19,5000,0.402,2010,0.402,10000,1e-06,0.0,0.0,0.1,1.0,0.9,0.0,unit_total_var,,0.5,5000000,5000,50000,True,0.0001,,0.0,0.0,1.0,2000,train_pred_mse,265000,1.0811249252372794,1.0728305029038765,5.7481028372901184e-05,0.0021561832594166187,2291.4789484448925,62.09663310701375,0.9782,0.0,0.0,0,4500,500,0,4504.632471084595
ok,ptft,6,5000,0.402,2010,0.402,10000,1e-06,0.0,0.0,0.1,1.0,0.9,0.0,unit_total_var,,0.5,5000000,5000,50000,True,0.0001,,0.0,0.0,1.0,2000,train_pred_mse,275000,1.020098715932652,1.021063129222175,5.510442299050352e-05,0.002088234735441596,2211.4628929302935,59.59461754208967,0.9772,0.0,0.0,0,4500,500,0,4271.673692941667
ok,ptft,7,5000,0.402,2010,0.402,10000,1e-06,0.0,0.0,0.1,1.0,0.9,0.0,unit_total_var,,0.5,5000000,5000,50000,True,0.0001,,0.0,0.0,1.0,2000,train_pred_mse,265000,1.055147055409596,1.0230684986298129,5.387204353981713e-05,0.0021296456953328984,2246.9756951640593,59.7496642200065,0.9740000000000001,0.0,0.0,0,4500,500,0,3890.7597949504852
ok,ptft,8,5000,0.402,2010,0.402,10000,1e-06,0.0,0.0,0.1,1.0,0.9,0.0,unit_total_var,,0.5,5000000,5000,50000,True,0.0001,,0.0,0.0,1.0,2000,train_pred_mse,275000,1.0643785391149791,1.0663041205034491,5.274608308236562e-05,0.0019550904551325385,2220.792234590081,60.73905316167187,0.9746,0.0,0.0,0,4500,500,0,2951.683789253235
ok,ptft,9,5000,0.402,2010,0.402,10000,1e-06,0.0,0.0,0.1,1.0,0.9,0.0,unit_total_var,,0.5,5000000,5000,50000,True,0.0001,,0.0,0.0,1.0,2000,train_pred_mse,270000,1.0271446457458824,1.0406627192365268,5.74566119403437e-05,0.002184926719241053,2249.4989047145805,60.2988760797855,0.9782,0.0,0.0,0,4500,500,0,3499.126228570938
ok,ptft,10,5000,0.451,2255,0.451,10000,1e-06,0.0,0.0,0.1,1.0,0.9,0.0,unit_total_var,,0.5,5000000,5000,50000,True,0.0001,,0.0,0.0,1.0,2000,train_pred_mse,315000,1.0319340452438412,1.0176424513446467,5.060607036638981e-05,0.0018473696390085969,2490.216770122633,63.622463894093826,0.9796,0.0,0.0,0,4500,500,0,3688.758602380753
ok,ptft,11,5000,0.451,2255,0.451,10000,1e-06,0.0,0.0,0.1,1.0,0.9,0.0,unit_total_var,,0.5,5000000,5000,50000,True,0.0001,,0.0,0.0,1.0,2000,train_pred_mse,340000,1.0193597861550177,1.0052951487033708,4.803032214576112e-05,0.0017170101831851324,2412.462535021596,62.29371469754193,0.9782,0.0,0.0,0,4500,500,0,5584.291931152344
ok,ptft,12,5000,0.451,2255,0.451,10000,1e-06,0.0,0.0,0.1,1.0,0.9,0.0,unit_total_var,,0.5,5000000,5000,50000,True,0.0001,,0.0,0.0,1.0,2000,train_pred_mse,335000,0.9521709642183868,0.9595359596594324,4.608124614024058e-05,0.0016862720867844465,2343.118421852793,60.61010559899096,0.982,0.0,0.0,0,4500,500,0,5240.686728477478
ok,ptft,13,5000,0.451,2255,0.451,10000,1e-06,0.0,0.0,0.1,1.0,0.9,0.0,unit_total_var,,0.5,5000000,5000,50000,True,0.0001,,0.0,0.0,1.0,2000,train_pred_mse,330000,0.9465222296757998,0.9439190632084342,4.816108573537422e-05,0.0017224871360284652,2431.162101226497,62.385948336936785,0.9788,0.0,0.0,0,4500,500,0,4993.005536794663
ok,ptft,14,5000,0.451,2255,0.451,10000,1e-06,0.0,0.0,0.1,1.0,0.9,0.0,unit_total_var,,0.5,5000000,5000,50000,True,0.0001,,0.0,0.0,1.0,2000,train_pred_mse,315000,0.9550701100858358,0.9502112303699912,4.9884288602371505e-05,0.0018102771073767493,2377.885910625345,61.07465037241148,0.9802,0.0,0.0,0,4500,500,0,6071.074554443359
ok,ptft,15,5000,0.451,2255,0.451,10000,1e-06,0.0,0.0,0.1,1.0,0.9,0.0,unit_total_var,,0.5,5000000,5000,50000,True,0.0001,,0.0,0.0,1.0,2000,train_pred_mse,330000,0.9792955600219656,0.9271680538012372,4.801344632152763e-05,0.0018305061100386886,2363.9419746644157,60.561411097746074,0.9778,0.0,0.0,0,4500,500,0,3778.146596431732
ok,ptft,16,5000,0.451,2255,0.451,10000,1e-06,0.0,0.0,0.1,1.0,0.9,0.0,unit_total_var,,0.5,5000000,5000,50000,True,0.0001,,0.0,0.0,1.0,2000,train_pred_mse,320000,0.969318786683934,0.9638728227416036,4.9829451238189175e-05,0.0018606756955613266,2422.4906007963923,61.44096783646203,0.9776,0.0,0.0,0,4500,500,0,5219.89111685753
ok,ptft,17,5000,0.451,2255,0.451,10000,1e-06,0.0,0.0,0.1,1.0,0.9,0.0,unit_total_var,,0.5,5000000,5000,50000,True,0.0001,,0.0,0.0,1.0,2000,train_pred_mse,330000,0.9675244314452756,0.9808812699486976,4.9223949854100924e-05,0.001731608556347855,2387.610796364792,62.05841614375914,0.9786,0.0,0.0,0,4500,500,0,3970.378011226654
ok,ptft,18,5000,0.451,2255,0.451,10000,1e-06,0.0,0.0,0.1,1.0,0.9,0.0,unit_total_var,,0.5,5000000,5000,50000,True,0.0001,,0.0,0.0,1.0,2000,train_pred_mse,345000,0.9961311020864352,0.995464429242606,4.657784495992641e-05,0.0016587962283990646,2398.549852618561,62.14321490043075,0.9808,0.0,0.0,0,4500,500,0,4352.3499495983115
ok,ptft,19,5000,0.451,2255,0.451,10000,1e-06,0.0,0.0,0.1,1.0,0.9,0.0,unit_total_var,,0.5,5000000,5000,50000,True,0.0001,,0.0,0.0,1.0,2000,train_pred_mse,340000,0.9296402170826171,0.9424270634935172,4.877952772771892e-05,0.001713605605655615,2360.987904341996,61.25086689633039,0.9804,0.0,0.0,0,4500,500,0,5455.44863796234
ok,ptft,6,5000,0.451,2255,0.451,10000,1e-06,0.0,0.0,0.1,1.0,0.9,0.0,unit_total_var,,0.5,5000000,5000,50000,True,0.0001,,0.0,0.0,1.0,2000,train_pred_mse,320000,0.931136124509308,0.9139166068537524,5.083697390928455e-05,0.0018477765753910048,2368.450734126553,60.77873616312974,0.9796,0.0,0.0,0,4500,500,0,3737.87371301651
ok,ptft,7,5000,0.451,2255,0.451,10000,1e-06,0.0,0.0,0.1,1.0,0.9,0.0,unit_total_var,,0.5,5000000,5000,50000,True,0.0001,,0.0,0.0,1.0,2000,train_pred_mse,335000,0.9436994605558896,0.9575722526015372,4.832445424054838e-05,0.001740003345997708,2389.3930557718318,61.41974563378885,0.978,0.0,0.0,0,4500,500,0,5196.460575580597
ok,ptft,8,5000,0.451,2255,0.451,10000,1e-06,0.0,0.0,0.1,1.0,0.9,0.0,unit_total_var,,0.5,5000000,5000,50000,True,0.0001,,0.0,0.0,1.0,2000,train_pred_mse,320000,0.9448158244579268,0.9651272146791384,5.011742170353961e-05,0.001825820141443738,2385.1949489222643,61.5069470390831,0.9776,0.0,0.0,0,4500,500,0,5717.5692331790915
ok,ptft,9,5000,0.451,2255,0.451,10000,1e-06,0.0,0.0,0.1,1.0,0.9,0.0,unit_total_var,,0.5,5000000,5000,50000,True,0.0001,,0.0,0.0,1.0,2000,train_pred_mse,320000,0.9374151566867596,0.9436882666623101,4.8801534287323716e-05,0.0018503945599215887,2384.766605048593,61.13715720073896,0.9796,0.0,0.0,0,4500,500,0,5170.3593311309805
ok,ptft,10,5000,0.5,2500,0.5,10000,1e-06,0.0,0.0,0.1,1.0,0.9,0.0,unit_total_var,,0.5,5000000,5000,50000,True,0.0001,,0.0,0.0,1.0,2000,train_pred_mse,385000,0.9394270616494372,0.9326970911728799,4.742426864853017e-05,0.0016749004077516714,2594.335583077052,63.57227856554713,0.9864,0.0,0.0,0,4500,500,0,4066.7281517982483
ok,ptft,11,5000,0.5,2500,0.5,10000,1e-06,0.0,0.0,0.1,1.0,0.9,0.0,unit_total_var,,0.5,5000000,5000,50000,True,0.0001,,0.0,0.0,1.0,2000,train_pred_mse,405000,0.9123468843772096,0.8969365439913709,4.431609193422921e-05,0.001597595527643802,2510.8467837343437,61.89689441619922,0.9806,0.0,0.0,0,4500,500,0,5431.209927320479
ok,ptft,13,5000,0.5,2500,0.5,10000,1e-06,0.0,0.0,0.1,1.0,0.9,0.0,unit_total_var,,0.5,5000000,5000,50000,True,0.0001,,0.0,0.0,1.0,2000,train_pred_mse,415000,0.9220730948277138,0.9155115385704641,4.132818086837348e-05,0.001388460554158384,2546.950078631281,62.91699868988977,0.9812,0.0,0.0,0,4500,500,0,6123.017439365387
ok,ptft,15,5000,0.5,2500,0.5,10000,1e-06,0.0,0.0,0.1,1.0,0.9,0.0,unit_total_var,,0.5,5000000,5000,50000,True,0.0001,,0.0,0.0,1.0,2000,train_pred_mse,425000,0.8790513975246287,0.8572897095321883,4.198643010488026e-05,0.0014911662323291864,2490.2532174372227,61.21155708457411,0.9802,0.0,0.0,0,4500,500,0,6742.2434833049765
ok,ptft,16,5000,0.5,2500,0.5,10000,1e-06,0.0,0.0,0.1,1.0,0.9,0.0,unit_total_var,,0.5,5000000,5000,50000,True,0.0001,,0.0,0.0,1.0,2000,train_pred_mse,395000,0.8555992991887283,0.8670093143548341,4.382149360662215e-05,0.001535822402614017,2570.960507551022,63.00143558251494,0.985,0.0,0.0,0,4500,500,0,7070.853589773177
ok,ptft,17,5000,0.5,2500,0.5,10000,1e-06,0.0,0.0,0.1,1.0,0.9,0.0,unit_total_var,,0.5,5000000,5000,50000,True,0.0001,,0.0,0.0,1.0,2000,train_pred_mse,400000,0.9136680601169366,0.9161965357060704,4.5481116913292605e-05,0.0016083864867685092,2524.4795424511826,62.20818545913948,0.9832,0.0,0.0,0,4500,500,0,5875.967221021651
ok,ptft,19,5000,0.5,2500,0.5,10000,1e-06,0.0,0.0,0.1,1.0,0.9,0.0,unit_total_var,,0.5,5000000,5000,50000,True,0.0001,,0.0,0.0,1.0,2000,train_pred_mse,360000,0.8559171013632396,0.8878728731854246,4.3792890033203026e-05,0.0016373246795091765,2554.3687791955026,62.599195528213464,0.9812,0.0,0.0,0,4500,500,0,6622.7599823474875
ok,ptft,6,5000,0.5,2500,0.5,10000,1e-06,0.0,0.0,0.1,1.0,0.9,0.0,unit_total_var,,0.5,5000000,5000,50000,True,0.0001,,0.0,0.0,1.0,2000,train_pred_mse,405000,0.8749599314886033,0.8763542590679857,4.3616330548221706e-05,0.0015080331327635627,2441.4493484080394,60.399657700691634,0.9808,0.0,0.0,0,4500,500,0,5514.9181027412415
ok,ptft,7,5000,0.5,2500,0.5,10000,1e-06,0.0,0.0,0.1,1.0,0.9,0.0,unit_total_var,,0.5,5000000,5000,50000,True,0.0001,,0.0,0.0,1.0,2000,train_pred_mse,380000,0.8460949572734852,0.849551861375149,4.5494905607417996e-05,0.0017047788207948257,2482.334979131112,60.74632740302926,0.9802,0.0,0.0,0,4500,500,0,5634.281693935394
ok,ptft,9,5000,0.5,2500,0.5,10000,1e-06,0.0,0.0,0.1,1.0,0.9,0.0,unit_total_var,,0.5,5000000,5000,50000,True,0.0001,,0.0,0.0,1.0,2000,train_pred_mse,415000,0.8265773360661404,0.8194384949389983,4.330251863831981e-05,0.0014976597754178128,2549.9100400895773,62.418187306304105,0.9798,0.0,0.0,0,4500,500,0,6664.439521551131
ok,ptft,10,5000,0.01,50,0.01,10000,0.001,0.0,1.0,0.1,1.0,0.1,0.0,unit_total_var,,0.5,5000000,5000,50000,True,0.0001,,0.0,0.0,1.0,2000,train_pred_mse,5000,1.0711317954066637,1.0456350666115302,3.3018575320301467e-17,41.223174654487416,406.8158897637902,8.050460664512018,1.0,0.0,0.0,0,500,500,4000,5.274796485900879
ok,ptft,11,5000,0.01,50,0.01,10000,0.001,0.0,1.0,0.1,1.0,0.1,0.0,unit_total_var,,0.5,5000000,5000,50000,True,0.0001,,0.0,0.0,1.0,2000,train_pred_mse,5000,1.1277336992437397,1.1191944556573536,4.0107762814627745e-17,40.38380748082266,410.1629253200665,8.064506320457923,1.0,0.0,0.0,0,500,500,4000,4.635510444641113
ok,ptft,12,5000,0.01,50,0.01,10000,0.001,0.0,1.0,0.1,1.0,0.1,0.0,unit_total_var,,0.5,5000000,5000,50000,True,0.0001,,0.0,0.0,1.0,2000,train_pred_mse,5000,0.9369125388906144,0.9307246304272936,4.3266006700250105e-17,40.689539300155374,424.55109490553497,8.313404018965809,1.0,0.0,0.0,0,500,500,4000,4.633175611495972
ok,ptft,13,5000,0.01,50,0.01,10000,0.001,0.0,1.0,0.1,1.0,0.1,0.0,unit_total_var,,0.5,5000000,5000,50000,True,0.0001,,0.0,0.0,1.0,2000,train_pred_mse,5000,1.035906611583096,1.0451732712662736,3.3859643066268677e-17,39.11147036022575,431.8085431284726,8.473884292226487,1.0,0.0,0.0,0,500,500,4000,5.408482313156128
ok,ptft,14,5000,0.01,50,0.01,10000,0.001,0.0,1.0,0.1,1.0,0.1,0.0,unit_total_var,,0.5,5000000,5000,50000,True,0.0001,,0.0,0.0,1.0,2000,train_pred_mse,5000,1.117392729668763,1.1057376404075283,2.979284114545369e-17,39.72813025038203,359.53877005394907,7.027350474733187,1.0,0.0,0.0,0,500,500,4000,5.136254549026488
ok,ptft,15,5000,0.01,50,0.01,10000,0.001,0.0,1.0,0.1,1.0,0.1,0.0,unit_total_var,,0.5,5000000,5000,50000,True,0.0001,,0.0,0.0,1.0,2000,train_pred_mse,5000,1.0213960351664364,1.027273965654403,4.2076053749260375e-17,38.94292655929512,388.50093305389197,7.746182231827802,1.0,0.0,0.0,0,500,500,4000,4.5262627601623535
ok,ptft,16,5000,0.01,50,0.01,10000,0.001,0.0,1.0,0.1,1.0,0.1,0.0,unit_total_var,,0.5,5000000,5000,50000,True,0.0001,,0.0,0.0,1.0,2000,train_pred_mse,5000,0.9547613172457352,0.9450455418313606,3.2772439573600385e-17,40.87152431310089,381.0222929795062,7.45395175403662,1.0,0.0,0.0,0,500,500,4000,6.084272861480713
ok,ptft,17,5000,0.01,50,0.01,10000,0.001,0.0,1.0,0.1,1.0,0.1,0.0,unit_total_var,,0.5,5000000,5000,50000,True,0.0001,,0.0,0.0,1.0,2000,train_pred_mse,5000,0.9745616932119038,0.9548016036913556,3.3067975438287047e-17,40.376475095307896,405.40235170995857,8.062734327672548,1.0,0.0,0.0,0,500,500,4000,5.511987686157227
ok,ptft,18,5000,0.01,50,0.01,10000,0.001,0.0,1.0,0.1,1.0,0.1,0.0,unit_total_var,,0.5,5000000,5000,50000,True,0.0001,,0.0,0.0,1.0,2000,train_pred_mse,5000,0.9221368533471698,0.9151310436005632,3.308209338576639e-17,39.40900100326264,402.2241118054306,7.8608720153514735,1.0,0.0,0.0,0,500,500,4000,5.301569938659668
ok,ptft,19,5000,0.01,50,0.01,10000,0.001,0.0,1.0,0.1,1.0,0.1,0.0,unit_total_var,,0.5,5000000,5000,50000,True,0.0001,,0.0,0.0,1.0,2000,train_pred_mse,5000,0.9677015713101552,0.9854066464680472,3.275850204127341e-17,39.92478247596506,389.93901417058623,7.736999271876693,1.0,0.0,0.0,0,500,500,4000,4.659569025039673
ok,ptft,6,5000,0.01,50,0.01,10000,0.001,0.0,1.0,0.1,1.0,0.1,0.0,unit_total_var,,0.5,5000000,5000,50000,True,0.0001,,0.0,0.0,1.0,2000,train_pred_mse,5000,0.9817199999617824,0.9806803517736624,3.5341592120143286e-17,40.432585433069946,423.58734035948237,8.411086806634703,1.0,0.0,0.0,0,500,500,4000,5.33307409286499
ok,ptft,7,5000,0.01,50,0.01,10000,0.001,0.0,1.0,0.1,1.0,0.1,0.0,unit_total_var,,0.5,5000000,5000,50000,True,0.0001,,0.0,0.0,1.0,2000,train_pred_mse,5000,1.0009054509843172,1.0082245485173598,2.4952893287311783e-17,40.664211751742734,383.9652797084968,7.592505143438885,1.0,0.0,0.0,0,500,500,4000,5.0613839626312265
ok,ptft,8,5000,0.01,50,0.01,10000,0.001,0.0,1.0,0.1,1.0,0.1,0.0,unit_total_var,,0.5,5000000,5000,50000,True,0.0001,,0.0,0.0,1.0,2000,train_pred_mse,5000,1.0648134081887006,1.0491068756121025,3.5049376570467476e-17,39.02804179834548,458.7903389965717,9.091457917597914,1.0,0.0,0.0,0,500,500,4000,4.929518222808838
ok,ptft,9,5000,0.01,50,0.01,10000,0.001,0.0,1.0,0.1,1.0,0.1,0.0,unit_total_var,,0.5,5000000,5000,50000,True,0.0001,,0.0,0.0,1.0,2000,train_pred_mse,5000,0.9829863052431148,0.9592772611689356,2.839856448223272e-17,39.020392511900745,401.93380544039866,7.982241232330776,1.0,0.0,0.0,0,500,500,4000,6.018118858337402
ok,ptft,10,5000,0.059,295,0.059000000000000004,10000,0.001,0.0,1.0,0.1,1.0,0.1,0.0,unit_total_var,,0.5,5000000,5000,50000,True,0.0001,,0.0,0.0,1.0,2000,train_pred_mse,5000,1.0335931874368611,1.0109929232411534,5.943750152828102e-08,240.77779904529038,1006.214283491252,19.703576425307507,1.0,0.0,0.0,0,500,500,4000,9.196889400482178
ok,ptft,11,5000,0.059,295,0.059000000000000004,10000,0.001,0.0,1.0,0.1,1.0,0.1,0.0,unit_total_var,,0.5,5000000,5000,50000,True,0.0001,,0.0,0.0,1.0,2000,train_pred_mse,5000,1.1031695798709769,1.0895939383340416,3.4108460769067784e-08,229.8935582185981,980.3737635003392,19.37584351151297,1.0,0.0,0.0,0,500,500,4000,7.360870361328125
ok,ptft,12,5000,0.059,295,0.059000000000000004,10000,0.001,0.0,1.0,0.1,1.0,0.1,0.0,unit_total_var,,0.5,5000000,5000,50000,True,0.0001,,0.0,0.0,1.0,2000,train_pred_mse,5000,0.9061454757869974,0.9024830502125084,4.431765419372859e-08,231.29877579883726,952.5720838535632,18.784474513072265,1.0,0.0,0.0,0,500,500,4000,8.005842924118044
ok,ptft,13,5000,0.059,295,0.059000000000000004,10000,0.001,0.0,1.0,0.1,1.0,0.1,0.0,unit_total_var,,0.5,5000000,5000,50000,True,0.0001,,0.0,0.0,1.0,2000,train_pred_mse,5000,1.0169727387216356,1.0176785671884698,4.898759780475568e-08,236.4907888969194,976.0584105827808,19.25201831181723,1.0,0.0,0.0,0,500,500,4000,11.52372145652771
ok,ptft,14,5000,0.059,295,0.059000000000000004,10000,0.001,0.0,1.0,0.1,1.0,0.1,0.0,unit_total_var,,0.5,5000000,5000,50000,True,0.0001,,0.0,0.0,1.0,2000,train_pred_mse,5000,1.0738023128414964,1.065533085995377,4.311075406558902e-08,233.11403802396805,1065.1568086362365,20.743867439605673,1.0,0.0,0.0,0,500,500,4000,9.143694400787354
ok,ptft,15,5000,0.059,295,0.059000000000000004,10000,0.001,0.0,1.0,0.1,1.0,0.1,0.0,unit_total_var,,0.5,5000000,5000,50000,True,0.0001,,0.0,0.0,1.0,2000,train_pred_mse,5000,0.990387390649575,0.9918994181418146,3.66303061776662e-08,238.26895100036842,998.5052323031398,19.500684347510628,1.0,0.0,0.0,0,500,500,4000,8.409650802612305
ok,ptft,16,5000,0.059,295,0.059000000000000004,10000,0.001,0.0,1.0,0.1,1.0,0.1,0.0,unit_total_var,,0.5,5000000,5000,50000,True,0.0001,,0.0,0.0,1.0,2000,train_pred_mse,5000,0.9280161322513992,0.9157801526365924,6.189131645891228e-08,244.17034299176723,950.7400640787956,18.885596724277864,1.0,0.0,0.0,0,500,500,4000,10.977952480316162
ok,ptft,17,5000,0.059,295,0.059000000000000004,10000,0.001,0.0,1.0,0.1,1.0,0.1,0.0,unit_total_var,,0.5,5000000,5000,50000,True,0.0001,,0.0,0.0,1.0,2000,train_pred_mse,5000,0.9491120885994988,0.933557621808246,4.61911206691019e-08,229.04706502864585,864.1082815828012,17.045899956366274,1.0,0.0,0.0,0,500,500,4000,8.913290739059446
ok,ptft,18,5000,0.059,295,0.059000000000000004,10000,0.001,0.0,1.0,0.1,1.0,0.1,0.0,unit_total_var,,0.5,5000000,5000,50000,True,0.0001,,0.0,0.0,1.0,2000,train_pred_mse,5000,0.8970822230535669,0.8885265652797276,4.0344650768535786e-08,238.7746954832183,935.5833540867022,18.62656319370563,1.0,0.0,0.0,0,500,500,4000,8.593122005462646
ok,ptft,19,5000,0.059,295,0.059000000000000004,10000,0.001,0.0,1.0,0.1,1.0,0.1,0.0,unit_total_var,,0.5,5000000,5000,50000,True,0.0001,,0.0,0.0,1.0,2000,train_pred_mse,5000,0.9485204700700662,0.9624734087269629,6.325244683908896e-08,239.29137373630346,883.5252520763736,17.342998127854546,1.0,0.0,0.0,0,500,500,4000,7.934188365936278
ok,ptft,6,5000,0.059,295,0.059000000000000004,10000,0.001,0.0,1.0,0.1,1.0,0.1,0.0,unit_total_var,,0.5,5000000,5000,50000,True,0.0001,,0.0,0.0,1.0,2000,train_pred_mse,5000,0.9609795216427316,0.9588790423965912,3.947458637911551e-08,240.92279867252844,891.4944995542833,17.47150616845833,1.0,0.0,0.0,0,500,500,4000,10.563067436218262
ok,ptft,7,5000,0.059,295,0.059000000000000004,10000,0.001,0.0,1.0,0.1,1.0,0.1,0.0,unit_total_var,,0.5,5000000,5000,50000,True,0.0001,,0.0,0.0,1.0,2000,train_pred_mse,5000,0.9861196689998488,0.9811896334767918,3.936464764992212e-08,235.57328615871785,934.8835148025328,18.341280891833748,1.0,0.0,0.0,0,500,500,4000,9.30209183692932
ok,ptft,8,5000,0.059,295,0.059000000000000004,10000,0.001,0.0,1.0,0.1,1.0,0.1,0.0,unit_total_var,,0.5,5000000,5000,50000,True,0.0001,,0.0,0.0,1.0,2000,train_pred_mse,5000,1.0172822614119126,1.0204157031245673,4.7592494934854566e-08,243.3309730144223,973.2571062738797,19.279956043092927,1.0,0.0,0.0,0,500,500,4000,9.714083909988405
ok,ptft,9,5000,0.059,295,0.059000000000000004,10000,0.001,0.0,1.0,0.1,1.0,0.1,0.0,unit_total_var,,0.5,5000000,5000,50000,True,0.0001,,0.0,0.0,1.0,2000,train_pred_mse,5000,0.9491828138810114,0.934096914223098,5.035442885088625e-08,236.72946434296355,925.7246719802793,18.688498029326094,1.0,0.0,0.0,0,500,500,4000,10.259140253067015
ok,ptft,10,5000,0.10800000000000001,540,0.10800000000000001,10000,0.001,0.0,1.0,0.1,1.0,0.1,0.0,unit_total_var,,0.5,5000000,5000,50000,True,0.0001,,0.0,0.0,1.0,2000,train_pred_mse,5000,0.9743055749820348,0.9625293808451908,4.2490347590855704e-05,415.31572307783256,1316.4977448015684,25.791215625043467,1.0,0.0,0.0,0,500,500,4000,20.500548601150516
ok,ptft,11,5000,0.10800000000000001,540,0.10800000000000001,10000,0.001,0.0,1.0,0.1,1.0,0.1,0.0,unit_total_var,,0.5,5000000,5000,50000,True,0.0001,,0.0,0.0,1.0,2000,train_pred_mse,5000,1.0485638916994993,1.0337089271018352,2.9534533491337812e-05,415.45813303676096,1313.0422663274092,25.758371627483267,1.0,0.0,0.0,0,500,500,4000,13.203004837036133
ok,ptft,12,5000,0.10800000000000001,540,0.10800000000000001,10000,0.001,0.0,1.0,0.1,1.0,0.1,0.0,unit_total_var,,0.5,5000000,5000,50000,True,0.0001,,0.0,0.0,1.0,2000,train_pred_mse,5000,0.8648789495909603,0.8620130615482485,3.38180083453232e-05,419.1518809321553,1221.4677922418628,23.90373062586947,1.0,0.0,0.0,0,500,500,4000,27.5062837600708
ok,ptft,13,5000,0.10800000000000001,540,0.10800000000000001,10000,0.001,0.0,1.0,0.1,1.0,0.1,0.0,unit_total_var,,0.5,5000000,5000,50000,True,0.0001,,0.0,0.0,1.0,2000,train_pred_mse,5000,0.9589105467482888,0.9592431191272152,3.5094684190381616e-05,417.0226830898202,1286.7527284892135,25.449924385173418,1.0,0.0,0.0,0,500,500,4000,16.671098709106445
ok,ptft,14,5000,0.10800000000000001,540,0.10800000000000001,10000,0.001,0.0,1.0,0.1,1.0,0.1,0.0,unit_total_var,,0.5,5000000,5000,50000,True,0.0001,,0.0,0.0,1.0,2000,train_pred_mse,5000,1.0213131436468212,1.0126347469600367,2.818779533838825e-05,419.0341356660003,1336.2638643394694,26.2810792265402,1.0,0.0,0.0,0,500,500,4000,19.45565843582153
ok,ptft,15,5000,0.10800000000000001,540,0.10800000000000001,10000,0.001,0.0,1.0,0.1,1.0,0.1,0.0,unit_total_var,,0.5,5000000,5000,50000,True,0.0001,,0.0,0.0,1.0,2000,train_pred_mse,5000,0.9164882097273409,0.9344117465859694,2.8940851622153003e-05,437.94571324254053,1325.6739320565705,25.942427782079843,1.0,0.0,0.0,0,500,500,4000,18.729878425598145
ok,ptft,16,5000,0.10800000000000001,540,0.10800000000000001,10000,0.001,0.0,1.0,0.1,1.0,0.1,0.0,unit_total_var,,0.5,5000000,5000,50000,True,0.0001,,0.0,0.0,1.0,2000,train_pred_mse,5000,0.8854644365312159,0.8800988685010125,3.0423920169937665e-05,406.14246803919934,1196.7790974183913,23.27451353901288,1.0,0.0,0.0,0,500,500,4000,22.689943552017212
ok,ptft,17,5000,0.10800000000000001,540,0.10800000000000001,10000,0.001,0.0,1.0,0.1,1.0,0.1,0.0,unit_total_var,,0.5,5000000,5000,50000,True,0.0001,,0.0,0.0,1.0,2000,train_pred_mse,5000,0.8726672075316073,0.8534482302474942,2.931908155980669e-05,428.506887199826,1293.891706351292,25.171218759909614,1.0,0.0,0.0,0,500,500,4000,15.158170461654663
ok,ptft,18,5000,0.10800000000000001,540,0.10800000000000001,10000,0.001,0.0,1.0,0.1,1.0,0.1,0.0,unit_total_var,,0.5,5000000,5000,50000,True,0.0001,,0.0,0.0,1.0,2000,train_pred_mse,5000,0.8425830333484952,0.8376023145359232,3.274287998327197e-05,425.02876947232767,1266.8564076384007,24.691117286847607,1.0,0.0,0.0,0,500,500,4000,34.49235224723816
ok,ptft,19,5000,0.10800000000000001,540,0.10800000000000001,10000,0.001,0.0,1.0,0.1,1.0,0.1,0.0,unit_total_var,,0.5,5000000,5000,50000,True,0.0001,,0.0,0.0,1.0,2000,train_pred_mse,5000,0.8909557290360368,0.9142280318105492,3.552312649835265e-05,419.80617904497086,1257.1297726581975,24.659526608736428,1.0,0.0,0.0,0,500,500,4000,11.486908912658693
ok,ptft,6,5000,0.10800000000000001,540,0.10800000000000001,10000,0.001,0.0,1.0,0.1,1.0,0.1,0.0,unit_total_var,,0.5,5000000,5000,50000,True,0.0001,,0.0,0.0,1.0,2000,train_pred_mse,5000,0.8998804212461048,0.8989276341010173,3.109859479611023e-05,404.6798781860894,1278.6294161526193,25.38271021617733,1.0,0.0,0.0,0,500,500,4000,13.368093967437744
ok,ptft,7,5000,0.10800000000000001,540,0.10800000000000001,10000,0.001,0.0,1.0,0.1,1.0,0.1,0.0,unit_total_var,,0.5,5000000,5000,50000,True,0.0001,,0.0,0.0,1.0,2000,train_pred_mse,5000,0.9232177858683864,0.9234907769235531,3.0958833026856985e-05,432.30307338103137,1291.8115714178855,25.16179566863839,1.0,0.0,0.0,0,500,500,4000,16.79422378540039
ok,ptft,8,5000,0.10800000000000001,540,0.10800000000000001,10000,0.001,0.0,1.0,0.1,1.0,0.1,0.0,unit_total_var,,0.5,5000000,5000,50000,True,0.0001,,0.0,0.0,1.0,2000,train_pred_mse,5000,0.960716800545734,0.9473583783416252,3.0812750347474654e-05,428.9306995719672,1355.7380155664125,26.53699690005005,1.0,0.0,0.0,0,500,500,4000,22.179258346557614
ok,ptft,9,5000,0.10800000000000001,540,0.10800000000000001,10000,0.001,0.0,1.0,0.1,1.0,0.1,0.0,unit_total_var,,0.5,5000000,5000,50000,True,0.0001,,0.0,0.0,1.0,2000,train_pred_mse,5000,0.8818790920655516,0.8711300936583588,3.561066465144433e-05,429.28926304485833,1304.459982033824,25.531024484886398,1.0,0.0,0.0,0,500,500,4000,19.43476247787476
ok,ptft,10,5000,0.15700000000000006,785,0.157,10000,0.001,0.0,1.0,0.1,1.0,0.1,0.0,unit_total_var,,0.5,5000000,5000,50000,True,0.0001,,0.0,0.0,1.0,2000,train_pred_mse,5000,0.9176280329411424,0.9040813047515596,0.0002806391949643686,585.5131122720165,1500.1865966967675,29.946769400217327,1.0,0.0,0.0,0,500,500,4000,31.42170763015747
ok,ptft,11,5000,0.15700000000000006,785,0.157,10000,0.001,0.0,1.0,0.1,1.0,0.1,0.0,unit_total_var,,0.5,5000000,5000,50000,True,0.0001,,0.0,0.0,1.0,2000,train_pred_mse,5000,0.9658466846273336,0.9631231902569491,0.00026197298887437374,573.5777621386322,1587.1317674013708,31.61856230728573,1.0,0.0,0.0,0,500,500,4000,29.736047744750977
ok,ptft,12,5000,0.15700000000000006,785,0.157,10000,0.001,0.0,1.0,0.1,1.0,0.1,0.0,unit_total_var,,0.5,5000000,5000,50000,True,0.0001,,0.0,0.0,1.0,2000,train_pred_mse,5000,0.7888216893140718,0.7822702975181428,0.000291564341573252,591.4926734445961,1470.9812492090387,29.157913303881248,1.0,0.0,0.0,0,500,500,4000,32.48083877563477
ok,ptft,13,5000,0.15700000000000006,785,0.157,10000,0.001,0.0,1.0,0.1,1.0,0.1,0.0,unit_total_var,,0.5,5000000,5000,50000,True,0.0001,,0.0,0.0,1.0,2000,train_pred_mse,5000,0.8943832580460188,0.904576540441556,0.00025977696505954863,586.5705693430576,1509.5292397851395,30.365420289994287,1.0,0.0,0.0,0,500,500,4000,35.287678241729736
ok,ptft,14,5000,0.15700000000000006,785,0.157,10000,0.001,0.0,1.0,0.1,1.0,0.1,0.0,unit_total_var,,0.5,5000000,5000,50000,True,0.0001,,0.0,0.0,1.0,2000,train_pred_mse,5000,0.9690345015282044,0.9590671923695141,0.0002899032899888788,607.6653357803715,1520.5757172019055,30.168659432164212,1.0,0.0,0.0,0,500,500,4000,27.45316028594971
ok,ptft,15,5000,0.15700000000000006,785,0.157,10000,0.001,0.0,1.0,0.1,1.0,0.1,0.0,unit_total_var,,0.5,5000000,5000,50000,True,0.0001,,0.0,0.0,1.0,2000,train_pred_mse,5000,0.8641735517048739,0.8776897924527027,0.0002809769347829502,579.4413608455543,1527.1903299650512,30.175818105115482,1.0,0.0,0.0,0,500,500,4000,28.52568244934082
ok,ptft,16,5000,0.15700000000000006,785,0.157,10000,0.001,0.0,1.0,0.1,1.0,0.1,0.0,unit_total_var,,0.5,5000000,5000,50000,True,0.0001,,0.0,0.0,1.0,2000,train_pred_mse,5000,0.8237383192386002,0.814433860881848,0.0003093522318075632,607.0933007987627,1411.8090310217276,28.22567511422555,1.0,0.0,0.0,0,500,500,4000,37.297694444656365
ok,ptft,17,5000,0.15700000000000006,785,0.157,10000,0.001,0.0,1.0,0.1,1.0,0.1,0.0,unit_total_var,,0.5,5000000,5000,50000,True,0.0001,,0.0,0.0,1.0,2000,train_pred_mse,5000,0.8387508581891123,0.8175676418865704,0.0002628662003761982,602.6572123108018,1459.3076090322816,29.094172558339658,1.0,0.0,0.0,0,500,500,4000,24.477434158325195
ok,ptft,18,5000,0.15700000000000006,785,0.157,10000,0.001,0.0,1.0,0.1,1.0,0.1,0.0,unit_total_var,,0.5,5000000,5000,50000,True,0.0001,,0.0,0.0,1.0,2000,train_pred_mse,5000,0.7700189051080145,0.7667943660918408,0.0002453315744495187,568.7710688312038,1486.0923188380787,29.20716682724239,1.0,0.0,0.0,0,500,500,4000,41.97342109680176
ok,ptft,19,5000,0.15700000000000006,785,0.157,10000,0.001,0.0,1.0,0.1,1.0,0.1,0.0,unit_total_var,,0.5,5000000,5000,50000,True,0.0001,,0.0,0.0,1.0,2000,train_pred_mse,5000,0.8341228086992329,0.8468391759455904,0.00028449361754940287,600.0932668932942,1464.4974211025437,29.20969465367063,1.0,0.0,0.0,0,500,500,4000,18.5982723236084
ok,ptft,6,5000,0.15700000000000006,785,0.157,10000,0.001,0.0,1.0,0.1,1.0,0.1,0.0,unit_total_var,,0.5,5000000,5000,50000,True,0.0001,,0.0,0.0,1.0,2000,train_pred_mse,5000,0.8487043338194249,0.8533236531271842,0.00024951248322952136,604.5269992515159,1454.8835527661315,28.789516137417387,1.0,0.0,0.0,0,500,500,4000,32.870678186416626
ok,ptft,7,5000,0.15700000000000006,785,0.157,10000,0.001,0.0,1.0,0.1,1.0,0.1,0.0,unit_total_var,,0.5,5000000,5000,50000,True,0.0001,,0.0,0.0,1.0,2000,train_pred_mse,5000,0.8595581855478976,0.8592966661800918,0.00023290698127863065,584.1931595619014,1515.4252722490592,30.48253515091018,1.0,0.0,0.0,0,500,500,4000,26.37909483909607
ok,ptft,8,5000,0.15700000000000006,785,0.157,10000,0.001,0.0,1.0,0.1,1.0,0.1,0.0,unit_total_var,,0.5,5000000,5000,50000,True,0.0001,,0.0,0.0,1.0,2000,train_pred_mse,5000,0.8887932736877009,0.8870034687960319,0.00031159767543410697,586.2616449242041,1541.4645661298966,30.671585223483078,1.0,0.0,0.0,0,500,500,4000,15.84131669998169
ok,ptft,9,5000,0.15700000000000006,785,0.157,10000,0.001,0.0,1.0,0.1,1.0,0.1,0.0,unit_total_var,,0.5,5000000,5000,50000,True,0.0001,,0.0,0.0,1.0,2000,train_pred_mse,5000,0.8218434030020635,0.8126958609701045,0.00027218634554191783,611.7708257555665,1463.8427443033152,29.210066183696426,1.0,0.0,0.0,0,500,500,4000,15.49281096458435
ok,ptft,10,5000,0.206,1030,0.20600000000000002,10000,0.001,0.0,1.0,0.1,1.0,0.1,0.0,unit_total_var,,0.5,5000000,5000,50000,True,0.0001,,0.0,0.0,1.0,2000,train_pred_mse,10000,0.8074666200330295,0.801477107611021,6.129604324159665e-05,0.024554325491267244,1689.8342623004426,35.08288855585185,1.0,0.0,0.0,0,500,500,4000,51.35522246360779
ok,ptft,11,5000,0.206,1030,0.20600000000000002,10000,0.001,0.0,1.0,0.1,1.0,0.1,0.0,unit_total_var,,0.5,5000000,5000,50000,True,0.0001,,0.0,0.0,1.0,2000,train_pred_mse,10000,0.8796539050983159,0.8639141477711588,5.522522105493422e-05,0.02173825291308127,1750.3281957304407,36.07861361618432,1.0,0.0,0.0,0,500,500,4000,86.88138151168823
ok,ptft,12,5000,0.206,1030,0.20600000000000002,10000,0.001,0.0,1.0,0.1,1.0,0.1,0.0,unit_total_var,,0.5,5000000,5000,50000,True,0.0001,,0.0,0.0,1.0,2000,train_pred_mse,10000,0.7117352380414118,0.7091072220991035,5.394419887386474e-05,0.023207349255136886,1634.8417398060556,32.969297869581,1.0,0.0,0.0,0,500,500,4000,77.13285160064697
ok,ptft,13,5000,0.206,1030,0.20600000000000002,10000,0.001,0.0,1.0,0.1,1.0,0.1,0.0,unit_total_var,,0.5,5000000,5000,50000,True,0.0001,,0.0,0.0,1.0,2000,train_pred_mse,10000,0.7819291889815395,0.7866572353250982,5.388839068215587e-05,0.023148964511496138,1761.7739426485941,35.55301105921231,1.0,0.0,0.0,0,500,500,4000,81.79581260681151
ok,ptft,14,5000,0.206,1030,0.20600000000000002,10000,0.001,0.0,1.0,0.1,1.0,0.1,0.0,unit_total_var,,0.5,5000000,5000,50000,True,0.0001,,0.0,0.0,1.0,2000,train_pred_mse,10000,0.855545450995203,0.8540274738536245,5.501971032538461e-05,0.022676752777408344,1739.3730206544226,35.63868051782436,1.0,0.0,0.0,0,500,500,4000,72.22726154327394
ok,ptft,15,5000,0.206,1030,0.20600000000000002,10000,0.001,0.0,1.0,0.1,1.0,0.1,0.0,unit_total_var,,0.5,5000000,5000,50000,True,0.0001,,0.0,0.0,1.0,2000,train_pred_mse,10000,0.8016611823577546,0.7955612093262018,6.350709200585763e-05,0.025795806276397517,1700.4361046889828,34.43160524808972,1.0,0.0,0.0,0,500,500,4000,32.56937551498413
ok,ptft,16,5000,0.206,1030,0.20600000000000002,10000,0.001,0.0,1.0,0.1,1.0,0.1,0.0,unit_total_var,,0.5,5000000,5000,50000,True,0.0001,,0.0,0.0,1.0,2000,train_pred_mse,10000,0.7251312242975706,0.7271152326414692,5.750743164642031e-05,0.024881886152193847,1625.7907532318695,32.77940894442103,1.0,0.0,0.0,0,500,500,4000,73.34886622428894
ok,ptft,17,5000,0.206,1030,0.20600000000000002,10000,0.001,0.0,1.0,0.1,1.0,0.1,0.0,unit_total_var,,0.5,5000000,5000,50000,True,0.0001,,0.0,0.0,1.0,2000,train_pred_mse,10000,0.7665411411553675,0.7581219266079329,6.592972093949343e-05,0.026405874291799983,1611.0747982693915,32.40183371611754,1.0,0.0,0.0,0,500,500,4000,60.510932445526116
ok,ptft,18,5000,0.206,1030,0.20600000000000002,10000,0.001,0.0,1.0,0.1,1.0,0.1,0.0,unit_total_var,,0.5,5000000,5000,50000,True,0.0001,,0.0,0.0,1.0,2000,train_pred_mse,10000,0.7244239819505566,0.7247845438282601,7.258528977411937e-05,0.02882966862588432,1605.8808610818774,32.267381276229536,1.0,0.0,0.0,0,500,500,4000,96.25364804267885
ok,ptft,19,5000,0.206,1030,0.20600000000000002,10000,0.001,0.0,1.0,0.1,1.0,0.1,0.0,unit_total_var,,0.5,5000000,5000,50000,True,0.0001,,0.0,0.0,1.0,2000,train_pred_mse,10000,0.7608652909067437,0.7678586240384241,6.816841624436275e-05,0.02689412440526421,1616.0368655125117,33.30814705946695,1.0,0.0,0.0,0,500,500,4000,37.97311520576478
ok,ptft,6,5000,0.206,1030,0.20600000000000002,10000,0.001,0.0,1.0,0.1,1.0,0.1,0.0,unit_total_var,,0.5,5000000,5000,50000,True,0.0001,,0.0,0.0,1.0,2000,train_pred_mse,10000,0.7594054355804134,0.7507901168711619,5.731423064795417e-05,0.023932771022046308,1683.633605786605,34.110347591573635,1.0,0.0,0.0,0,500,500,4000,51.96924996376038
ok,ptft,7,5000,0.206,1030,0.20600000000000002,10000,0.001,0.0,1.0,0.1,1.0,0.1,0.0,unit_total_var,,0.5,5000000,5000,50000,True,0.0001,,0.0,0.0,1.0,2000,train_pred_mse,10000,0.7920518553791182,0.800546367553633,6.430534155723242e-05,0.02771982366358915,1656.8203856318871,33.178222910477835,1.0,0.0,0.0,0,500,500,4000,63.75217843055725
ok,ptft,8,5000,0.206,1030,0.20600000000000002,10000,0.001,0.0,1.0,0.1,1.0,0.1,0.0,unit_total_var,,0.5,5000000,5000,50000,True,0.0001,,0.0,0.0,1.0,2000,train_pred_mse,10000,0.7821178523481579,0.7776513182258202,6.119215310612963e-05,0.0243092919369147,1760.230228811272,36.016464112858,1.0,0.0,0.0,0,500,500,4000,39.50166773796081
ok,ptft,9,5000,0.206,1030,0.20600000000000002,10000,0.001,0.0,1.0,0.1,1.0,0.1,0.0,unit_total_var,,0.5,5000000,5000,50000,True,0.0001,,0.0,0.0,1.0,2000,train_pred_mse,10000,0.7426628155811902,0.7489763127797817,6.251667740452796e-05,0.02526957424145869,1623.5898638608176,33.194366924514306,1.0,0.0,0.0,0,500,500,4000,79.43283200263976
ok,ptft,10,5000,0.255,1275,0.255,10000,0.001,0.0,1.0,0.1,1.0,0.1,0.0,unit_total_var,,0.5,5000000,5000,50000,True,0.0001,,0.0,0.0,1.0,2000,train_pred_mse,10000,0.698067027146189,0.6931951564195515,0.000204597595906718,0.04813048103474661,1844.8727608279496,39.73767877025133,1.0,0.0,0.0,0,500,500,4000,79.34025192260742
ok,ptft,11,5000,0.255,1275,0.255,10000,0.001,0.0,1.0,0.1,1.0,0.1,0.0,unit_total_var,,0.5,5000000,5000,50000,True,0.0001,,0.0,0.0,1.0,2000,train_pred_mse,10000,0.7405559395627043,0.7543806922856593,0.00018366945292530107,0.0432608165723888,1920.8999218737758,40.81851688153822,1.0,0.0,0.0,0,500,500,4000,66.97561264038086
ok,ptft,12,5000,0.255,1275,0.255,10000,0.001,0.0,1.0,0.1,1.0,0.1,0.0,unit_total_var,,0.5,5000000,5000,50000,True,0.0001,,0.0,0.0,1.0,2000,train_pred_mse,10000,0.6376172587286492,0.6312008742234402,0.00019441727875415692,0.04932859805814969,1752.6982153170627,36.7132108507199,1.0,0.0,0.0,0,500,500,4000,102.74164867401123
ok,ptft,13,5000,0.255,1275,0.255,10000,0.001,0.0,1.0,0.1,1.0,0.1,0.0,unit_total_var,,0.5,5000000,5000,50000,True,0.0001,,0.0,0.0,1.0,2000,train_pred_mse,10000,0.6944882599777092,0.7101639446516647,0.00018919134792650348,0.04596143101158737,1873.3170298818884,39.60939091402876,1.0,0.0,0.0,0,500,500,4000,103.5268874168396
ok,ptft,14,5000,0.255,1275,0.255,10000,0.001,0.0,1.0,0.1,1.0,0.1,0.0,unit_total_var,,0.5,5000000,5000,50000,True,0.0001,,0.0,0.0,1.0,2000,train_pred_mse,10000,0.7300913301861462,0.7302812447793485,0.00017706722093122602,0.04369025267986396,1899.9576126582072,40.27573519723154,1.0,0.0,0.0,0,500,500,4000,90.13731455802916
ok,ptft,15,5000,0.255,1275,0.255,10000,0.001,0.0,1.0,0.1,1.0,0.1,0.0,unit_total_var,,0.5,5000000,5000,50000,True,0.0001,,0.0,0.0,1.0,2000,train_pred_mse,10000,0.7167451792341488,0.7175320194981732,0.00019055340469991888,0.05002276974902319,1800.3307698107649,37.47404446379959,1.0,0.0,0.0,0,500,500,4000,126.90565395355223
ok,ptft,16,5000,0.255,1275,0.255,10000,0.001,0.0,1.0,0.1,1.0,0.1,0.0,unit_total_var,,0.5,5000000,5000,50000,True,0.0001,,0.0,0.0,1.0,2000,train_pred_mse,10000,0.6682330257411759,0.6563896590224116,0.0002051671831947417,0.05229295793220005,1742.7411249792026,36.21883064843023,1.0,0.0,0.0,0,500,500,4000,99.17628717422484
ok,ptft,17,5000,0.255,1275,0.255,10000,0.001,0.0,1.0,0.1,1.0,0.1,0.0,unit_total_var,,0.5,5000000,5000,50000,True,0.0001,,0.0,0.0,1.0,2000,train_pred_mse,10000,0.6694364307999292,0.6610550801154688,0.00019065776756917714,0.05101014008923816,1772.1300374234036,36.48840057267813,1.0,0.0,0.0,0,500,500,4000,51.67094922065735
ok,ptft,18,5000,0.255,1275,0.255,10000,0.001,0.0,1.0,0.1,1.0,0.1,0.0,unit_total_var,,0.5,5000000,5000,50000,True,0.0001,,0.0,0.0,1.0,2000,train_pred_mse,10000,0.6418448932787394,0.6384760931199819,0.0001982640078703343,0.051570605577721744,1725.5296435272055,35.73419584334528,1.0,0.0,0.0,0,500,500,4000,153.87298655509952
ok,ptft,19,5000,0.255,1275,0.255,10000,0.001,0.0,1.0,0.1,1.0,0.1,0.0,unit_total_var,,0.5,5000000,5000,50000,True,0.0001,,0.0,0.0,1.0,2000,train_pred_mse,10000,0.6732158137446544,0.6817167805000799,0.00020444207425526857,0.05149230199274539,1779.6436061120723,36.966730323209056,1.0,0.0,0.0,0,500,500,4000,55.05395364761353
ok,ptft,6,5000,0.255,1275,0.255,10000,0.001,0.0,1.0,0.1,1.0,0.1,0.0,unit_total_var,,0.5,5000000,5000,50000,True,0.0001,,0.0,0.0,1.0,2000,train_pred_mse,10000,0.6534857151000782,0.6528030043522137,0.00017674086977202474,0.04443083184804796,1805.7039735576443,37.99916601353868,1.0,0.0,0.0,0,500,500,4000,69.31862545013428
ok,ptft,7,5000,0.255,1275,0.255,10000,0.001,0.0,1.0,0.1,1.0,0.1,0.0,unit_total_var,,0.5,5000000,5000,50000,True,0.0001,,0.0,0.0,1.0,2000,train_pred_mse,10000,0.7094354298272417,0.7104618922788901,0.0001835687354563317,0.04704726594840528,1765.524856526332,36.60761146614931,1.0,0.0,0.0,0,500,500,4000,110.86814379692078
ok,ptft,8,5000,0.255,1275,0.255,10000,0.001,0.0,1.0,0.1,1.0,0.1,0.0,unit_total_var,,0.5,5000000,5000,50000,True,0.0001,,0.0,0.0,1.0,2000,train_pred_mse,10000,0.7259332352216147,0.7265640615748827,0.00020015566344761863,0.0500423172185354,1828.7863799586864,37.85340733001691,1.0,0.0,0.0,0,500,500,4000,69.57496523857118
ok,ptft,9,5000,0.255,1275,0.255,10000,0.001,0.0,1.0,0.1,1.0,0.1,0.0,unit_total_var,,0.5,5000000,5000,50000,True,0.0001,,0.0,0.0,1.0,2000,train_pred_mse,10000,0.6638690651976522,0.6548828528117678,0.0001864088583774199,0.04933948224013316,1746.4663317803738,36.6506295989658,1.0,0.0,0.0,0,500,500,4000,99.85903143882751
ok,ptft,10,5000,0.30400000000000005,1520,0.304,10000,0.001,0.0,1.0,0.1,1.0,0.1,0.0,unit_total_var,,0.5,5000000,5000,50000,True,0.0001,,0.0,0.0,1.0,2000,train_pred_mse,15000,0.6639221002250537,0.6418049259513862,0.00010904499727662347,0.016325086239865425,1928.4237582676294,41.22910540553024,1.0,0.0,0.0,0,500,500,4000,136.21563839912417
ok,ptft,11,5000,0.30400000000000005,1520,0.304,10000,0.001,0.0,1.0,0.1,1.0,0.1,0.0,unit_total_var,,0.5,5000000,5000,50000,True,0.0001,,0.0,0.0,1.0,2000,train_pred_mse,15000,0.7076535124813365,0.6997036394498857,0.00011804008465727758,0.01726907189819123,1989.5547359629554,42.393152409206266,1.0,0.0,0.0,0,500,500,4000,214.737957239151
ok,ptft,12,5000,0.30400000000000005,1520,0.304,10000,0.001,0.0,1.0,0.1,1.0,0.1,0.0,unit_total_var,,0.5,5000000,5000,50000,True,0.0001,,0.0,0.0,1.0,2000,train_pred_mse,15000,0.5653665755693076,0.5636230954757201,0.00010819311891097171,0.0172258525099045,1825.1444935288373,39.349235376666385,1.0,0.0,0.0,0,500,500,4000,153.75283098220825
ok,ptft,13,5000,0.30400000000000005,1520,0.304,10000,0.001,0.0,1.0,0.1,1.0,0.1,0.0,unit_total_var,,0.5,5000000,5000,50000,True,0.0001,,0.0,0.0,1.0,2000,train_pred_mse,15000,0.6165056180503914,0.6342762948856234,0.00011241539097171799,0.016629738664497292,1918.1391911763296,41.73202412232625,1.0,0.0,0.0,0,500,500,4000,177.3468554019928
ok,ptft,14,5000,0.30400000000000005,1520,0.304,10000,0.001,0.0,1.0,0.1,1.0,0.1,0.0,unit_total_var,,0.5,5000000,5000,50000,True,0.0001,,0.0,0.0,1.0,2000,train_pred_mse,15000,0.6857214223784703,0.6738503231599361,0.00010943569099507888,0.016197242971787863,1971.1249755254648,42.18800904191654,1.0,0.0,0.0,0,500,500,4000,153.01916646957397
ok,ptft,15,5000,0.30400000000000005,1520,0.304,10000,0.001,0.0,1.0,0.1,1.0,0.1,0.0,unit_total_var,,0.5,5000000,5000,50000,True,0.0001,,0.0,0.0,1.0,2000,train_pred_mse,15000,0.5972054598724593,0.6027731504003929,0.0001129704264363616,0.01659413802837021,1947.656444259049,41.98166858307096,1.0,0.0,0.0,0,500,500,4000,161.00801658630368
ok,ptft,16,5000,0.30400000000000005,1520,0.304,10000,0.001,0.0,1.0,0.1,1.0,0.1,0.0,unit_total_var,,0.5,5000000,5000,50000,True,0.0001,,0.0,0.0,1.0,2000,train_pred_mse,15000,0.5677793001829179,0.5721763229668533,0.00011530395289525935,0.017976918204357997,1823.9501438078275,39.23021481970572,1.0,0.0,0.0,0,500,500,4000,148.1662788391113
ok,ptft,17,5000,0.30400000000000005,1520,0.304,10000,0.001,0.0,1.0,0.1,1.0,0.1,0.0,unit_total_var,,0.5,5000000,5000,50000,True,0.0001,,0.0,0.0,1.0,2000,train_pred_mse,15000,0.5726525754018544,0.5602057176064466,0.00010339529128076922,0.015686435479870198,1860.7494183594226,40.59474195581654,1.0,0.0,0.0,0,500,500,4000,240.5521545410156
ok,ptft,18,5000,0.30400000000000005,1520,0.304,10000,0.001,0.0,1.0,0.1,1.0,0.1,0.0,unit_total_var,,0.5,5000000,5000,50000,True,0.0001,,0.0,0.0,1.0,2000,train_pred_mse,15000,0.5375026888792944,0.5400782766817358,0.0001058517575996711,0.01631867936521504,1865.2549849950312,40.13145203842515,1.0,0.0,0.0,0,500,500,4000,202.19065260887143
ok,ptft,19,5000,0.30400000000000005,1520,0.304,10000,0.001,0.0,1.0,0.1,1.0,0.1,0.0,unit_total_var,,0.5,5000000,5000,50000,True,0.0001,,0.0,0.0,1.0,2000,train_pred_mse,15000,0.5826779040336741,0.5995268522264675,0.00011707542920196104,0.017960520066868327,1867.9106036533385,40.22824782423936,1.0,0.0,0.0,0,500,500,4000,118.99632406234741
ok,ptft,6,5000,0.30400000000000005,1520,0.304,10000,0.001,0.0,1.0,0.1,1.0,0.1,0.0,unit_total_var,,0.5,5000000,5000,50000,True,0.0001,,0.0,0.0,1.0,2000,train_pred_mse,15000,0.5845570616985531,0.5787249557228982,9.816237202949812e-05,0.014863072147284544,1903.4840651149646,40.899921703724644,1.0,0.0,0.0,0,500,500,4000,98.83137440681458
ok,ptft,7,5000,0.30400000000000005,1520,0.304,10000,0.001,0.0,1.0,0.1,1.0,0.1,0.0,unit_total_var,,0.5,5000000,5000,50000,True,0.0001,,0.0,0.0,1.0,2000,train_pred_mse,15000,0.6065638004426879,0.6122278091944842,0.0001122860067335252,0.017255355169330643,1904.1725455608994,40.925443769589435,1.0,0.0,0.0,0,500,500,4000,192.9962294101715
ok,ptft,8,5000,0.30400000000000005,1520,0.304,10000,0.001,0.0,1.0,0.1,1.0,0.1,0.0,unit_total_var,,0.5,5000000,5000,50000,True,0.0001,,0.0,0.0,1.0,2000,train_pred_mse,15000,0.629908390678697,0.6200178381783786,0.0001083477956233214,0.016035160423405276,1913.7434258124317,41.651417294110786,1.0,0.0,0.0,0,500,500,4000,209.31070709228518
ok,ptft,9,5000,0.30400000000000005,1520,0.304,10000,0.001,0.0,1.0,0.1,1.0,0.1,0.0,unit_total_var,,0.5,5000000,5000,50000,True,0.0001,,0.0,0.0,1.0,2000,train_pred_mse,15000,0.5999200801117046,0.5809909442472939,0.00012064206165444053,0.01814496883756199,1859.702518675865,40.21918744611195,0.9998,0.0,0.0,0,500,500,4000,144.309579372406
ok,ptft,10,5000,0.35300000000000004,1765,0.353,10000,0.001,0.0,1.0,0.1,1.0,0.1,0.0,unit_total_var,,0.5,5000000,5000,50000,True,0.0001,,0.0,0.0,1.0,2000,train_pred_mse,15000,0.5671680594440551,0.5435445089452028,0.00020551458839486824,0.025324160086866037,1997.2977655669479,44.42332323713168,1.0,0.0,0.0,0,500,500,4000,175.05221080780032
ok,ptft,11,5000,0.35300000000000004,1765,0.353,10000,0.001,0.0,1.0,0.1,1.0,0.1,0.0,unit_total_var,,0.5,5000000,5000,50000,True,0.0001,,0.0,0.0,1.0,2000,train_pred_mse,15000,0.5633276375971655,0.5712822399970495,0.00023549416606949712,0.02777128055401382,2069.6675399707433,46.33441784859503,1.0,0.0,0.0,0,500,500,4000,121.3199496269226
ok,ptft,12,5000,0.35300000000000004,1765,0.353,10000,0.001,0.0,1.0,0.1,1.0,0.1,0.0,unit_total_var,,0.5,5000000,5000,50000,True,0.0001,,0.0,0.0,1.0,2000,train_pred_mse,15000,0.4685293325931209,0.4721897650182285,0.00022375157232120533,0.02751334441394836,1914.5968434934455,42.869947473506926,1.0,0.0,0.0,0,500,500,4000,180.6656858921051
ok,ptft,13,5000,0.35300000000000004,1765,0.353,10000,0.001,0.0,1.0,0.1,1.0,0.1,0.0,unit_total_var,,0.5,5000000,5000,50000,True,0.0001,,0.0,0.0,1.0,2000,train_pred_mse,15000,0.5084234726136371,0.5126882070275978,0.00020844359890751998,0.025295915024523226,2052.32718654652,46.21361391414084,1.0,0.0,0.0,0,500,500,4000,200.66015243530273
ok,ptft,14,5000,0.35300000000000004,1765,0.353,10000,0.001,0.0,1.0,0.1,1.0,0.1,0.0,unit_total_var,,0.5,5000000,5000,50000,True,0.0001,,0.0,0.0,1.0,2000,train_pred_mse,15000,0.5495707707465772,0.5566278871066159,0.0002298254930391751,0.02654211473520356,2044.5932563282688,46.22474115454065,1.0,0.0,0.0,0,500,500,4000,122.52755761146544
ok,ptft,15,5000,0.35300000000000004,1765,0.353,10000,0.001,0.0,1.0,0.1,1.0,0.1,0.0,unit_total_var,,0.5,5000000,5000,50000,True,0.0001,,0.0,0.0,1.0,2000,train_pred_mse,15000,0.4867881204725248,0.485162266256491,0.00021348795750855877,0.025696535150468,2013.2902056486976,46.06466643676162,1.0,0.0,0.0,0,500,500,4000,146.9689576625824
ok,ptft,16,5000,0.35300000000000004,1765,0.353,10000,0.001,0.0,1.0,0.1,1.0,0.1,0.0,unit_total_var,,0.5,5000000,5000,50000,True,0.0001,,0.0,0.0,1.0,2000,train_pred_mse,15000,0.4668501780147768,0.466086277494246,0.0001933241345847194,0.0239853436893616,1933.953416862817,43.56929404748747,1.0,0.0,0.0,0,500,500,4000,181.6992325782776
ok,ptft,17,5000,0.35300000000000004,1765,0.353,10000,0.001,0.0,1.0,0.1,1.0,0.1,0.0,unit_total_var,,0.5,5000000,5000,50000,True,0.0001,,0.0,0.0,1.0,2000,train_pred_mse,15000,0.4731634721104098,0.461536359749978,0.00021712999636751856,0.027345531838238832,1952.8380472662927,44.124394329632686,1.0,0.0,0.0,0,500,500,4000,278.22370600700384
ok,ptft,18,5000,0.35300000000000004,1765,0.353,10000,0.001,0.0,1.0,0.1,1.0,0.1,0.0,unit_total_var,,0.5,5000000,5000,50000,True,0.0001,,0.0,0.0,1.0,2000,train_pred_mse,15000,0.477789242227725,0.4687401155449625,0.0002129095582410211,0.026794062531386127,1892.3248991147568,42.42125262339714,1.0,0.0,0.0,0,500,500,4000,228.1079635620117
ok,ptft,19,5000,0.35300000000000004,1765,0.353,10000,0.001,0.0,1.0,0.1,1.0,0.1,0.0,unit_total_var,,0.5,5000000,5000,50000,True,0.0001,,0.0,0.0,1.0,2000,train_pred_mse,15000,0.5047026591803271,0.5104349220221154,0.00022083480368979014,0.028075842210795947,1940.1906136861521,43.149916834343536,1.0,0.0,0.0,0,500,500,4000,126.67049837112428
ok,ptft,6,5000,0.35300000000000004,1765,0.353,10000,0.001,0.0,1.0,0.1,1.0,0.1,0.0,unit_total_var,,0.5,5000000,5000,50000,True,0.0001,,0.0,0.0,1.0,2000,train_pred_mse,15000,0.4769322561012876,0.4836275820465658,0.00020768744566759361,0.024978740835846492,1949.1883139649156,44.565115728644315,1.0,0.0,0.0,0,500,500,4000,192.0006306171417
ok,ptft,7,5000,0.35300000000000004,1765,0.353,10000,0.001,0.0,1.0,0.1,1.0,0.1,0.0,unit_total_var,,0.5,5000000,5000,50000,True,0.0001,,0.0,0.0,1.0,2000,train_pred_mse,15000,0.5080848797953246,0.5093415867428485,0.00021932414110732156,0.026796660041662444,1991.0696929562343,44.4469059508204,1.0,0.0,0.0,0,500,500,4000,219.99027919769287
ok,ptft,8,5000,0.35300000000000004,1765,0.353,10000,0.001,0.0,1.0,0.1,1.0,0.1,0.0,unit_total_var,,0.5,5000000,5000,50000,True,0.0001,,0.0,0.0,1.0,2000,train_pred_mse,15000,0.580831226232134,0.5677264251663977,0.0002240043955738084,0.027511607519374672,1968.4677800433192,43.747269248078624,1.0,0.0,0.0,0,500,500,4000,195.74894046783447
ok,ptft,9,5000,0.35300000000000004,1765,0.353,10000,0.001,0.0,1.0,0.1,1.0,0.1,0.0,unit_total_var,,0.5,5000000,5000,50000,True,0.0001,,0.0,0.0,1.0,2000,train_pred_mse,15000,0.4832488464726208,0.47631815628032603,0.00021898519922769117,0.027012257460471947,1913.3921467213208,43.73784576347593,1.0,0.0,0.0,0,500,500,4000,270.3683264255524
ok,ptft,10,5000,0.402,2010,0.402,10000,0.001,0.0,1.0,0.1,1.0,0.1,0.0,unit_total_var,,0.5,5000000,5000,50000,True,0.0001,,0.0,0.0,1.0,2000,train_pred_mse,20000,0.44432768622732427,0.4387811027561873,0.00017008020302346932,0.015818693211250626,2060.187547696268,48.293942516529405,1.0,0.0,0.0,0,500,500,4000,255.91937708854675
ok,ptft,11,5000,0.402,2010,0.402,10000,0.001,0.0,1.0,0.1,1.0,0.1,0.0,unit_total_var,,0.5,5000000,5000,50000,True,0.0001,,0.0,0.0,1.0,2000,train_pred_mse,20000,0.4588195436343294,0.4519185272472948,0.00016780380723085871,0.015492336189178647,2142.9105324362367,50.4891667151868,1.0,0.0,0.0,0,500,500,4000,361.29118847846985
ok,ptft,12,5000,0.402,2010,0.402,10000,0.001,0.0,1.0,0.1,1.0,0.1,0.0,unit_total_var,,0.5,5000000,5000,50000,True,0.0001,,0.0,0.0,1.0,2000,train_pred_mse,20000,0.38460191777508734,0.3898188272751484,0.00017016333584828278,0.016706599399510285,1976.4512870373667,45.810482547711665,1.0,0.0,0.0,0,500,500,4000,252.31344366073608
ok,ptft,13,5000,0.402,2010,0.402,10000,0.001,0.0,1.0,0.1,1.0,0.1,0.0,unit_total_var,,0.5,5000000,5000,50000,True,0.0001,,0.0,0.0,1.0,2000,train_pred_mse,20000,0.4248763899213331,0.4345107395354105,0.00016267289354652032,0.01525765616095692,2078.018861081022,48.89568748009988,1.0,0.0,0.0,0,500,500,4000,291.33506107330317
ok,ptft,14,5000,0.402,2010,0.402,10000,0.001,0.0,1.0,0.1,1.0,0.1,0.0,unit_total_var,,0.5,5000000,5000,50000,True,0.0001,,0.0,0.0,1.0,2000,train_pred_mse,20000,0.4799409282599725,0.4755012899174326,0.00016238243814092592,0.015013133733089575,2094.7593359581765,49.49634568353008,1.0,0.0,0.0,0,500,500,4000,262.4144806861877
ok,ptft,15,5000,0.402,2010,0.402,10000,0.001,0.0,1.0,0.1,1.0,0.1,0.0,unit_total_var,,0.5,5000000,5000,50000,True,0.0001,,0.0,0.0,1.0,2000,train_pred_mse,20000,0.4487802142109011,0.4593106385604581,0.00017058521138470283,0.01642526337911169,2028.580611373177,47.21490881589019,1.0,0.0,0.0,0,500,500,4000,221.19470500946045
ok,ptft,16,5000,0.402,2010,0.402,10000,0.001,0.0,1.0,0.1,1.0,0.1,0.0,unit_total_var,,0.5,5000000,5000,50000,True,0.0001,,0.0,0.0,1.0,2000,train_pred_mse,20000,0.43304046330494783,0.4205591879085634,0.00015872209167342818,0.01599003440683154,1946.8109495307892,45.090332450396396,1.0,0.0,0.0,0,500,500,4000,289.93897151947016
ok,ptft,17,5000,0.402,2010,0.402,10000,0.001,0.0,1.0,0.1,1.0,0.1,0.0,unit_total_var,,0.5,5000000,5000,50000,True,0.0001,,0.0,0.0,1.0,2000,train_pred_mse,20000,0.4177063495914421,0.4121464003464089,0.00016342564637347883,0.01617947675452841,1949.9470430334836,45.845526955190586,1.0,0.0,0.0,0,500,500,4000,396.262939453125
ok,ptft,18,5000,0.402,2010,0.402,10000,0.001,0.0,1.0,0.1,1.0,0.1,0.0,unit_total_var,,0.5,5000000,5000,50000,True,0.0001,,0.0,0.0,1.0,2000,train_pred_mse,20000,0.4163069127757084,0.41566679278311497,0.0001453193589469012,0.01492000466721504,1955.3704926513647,44.36859726450746,1.0,0.0,0.0,0,500,500,4000,452.38613772392273
ok,ptft,19,5000,0.402,2010,0.402,10000,0.001,0.0,1.0,0.1,1.0,0.1,0.0,unit_total_var,,0.5,5000000,5000,50000,True,0.0001,,0.0,0.0,1.0,2000,train_pred_mse,20000,0.4348810919163192,0.4430092991692513,0.00015817916584621102,0.015517260548262043,1981.248872372701,45.916683870285475,1.0,0.0,0.0,0,500,500,4000,358.6154434680939
ok,ptft,6,5000,0.402,2010,0.402,10000,0.001,0.0,1.0,0.1,1.0,0.1,0.0,unit_total_var,,0.5,5000000,5000,50000,True,0.0001,,0.0,0.0,1.0,2000,train_pred_mse,20000,0.4388181100179714,0.4346888372571342,0.00016009940044097866,0.016339551271268113,2010.8488868479733,46.26627903684203,1.0,0.0,0.0,0,500,500,4000,330.8794934749603
ok,ptft,7,5000,0.402,2010,0.402,10000,0.001,0.0,1.0,0.1,1.0,0.1,0.0,unit_total_var,,0.5,5000000,5000,50000,True,0.0001,,0.0,0.0,1.0,2000,train_pred_mse,20000,0.4665234590565231,0.4691675312999195,0.0001693589933221733,0.016714896627724248,2034.960292857228,46.257276944500475,1.0,0.0,0.0,0,500,500,4000,259.75494170188904
ok,ptft,8,5000,0.402,2010,0.402,10000,0.001,0.0,1.0,0.1,1.0,0.1,0.0,unit_total_var,,0.5,5000000,5000,50000,True,0.0001,,0.0,0.0,1.0,2000,train_pred_mse,20000,0.4267069547557471,0.4275997237093723,0.00016974321306378954,0.015940324216292708,2054.7359163463752,49.1207481026785,1.0,0.0,0.0,0,500,500,4000,218.1055269241333
ok,ptft,9,5000,0.402,2010,0.402,10000,0.001,0.0,1.0,0.1,1.0,0.1,0.0,unit_total_var,,0.5,5000000,5000,50000,True,0.0001,,0.0,0.0,1.0,2000,train_pred_mse,20000,0.4349919120913665,0.4238679346571165,0.00015571009392276603,0.0155992553453239,1973.0027007284734,46.088755406754544,1.0,0.0,0.0,0,500,500,4000,430.05269193649286
ok,ptft,10,5000,0.451,2255,0.451,10000,0.001,0.0,1.0,0.1,1.0,0.1,0.0,unit_total_var,,0.5,5000000,5000,50000,True,0.0001,,0.0,0.0,1.0,2000,train_pred_mse,25000,0.3716397118640496,0.36830914870862025,0.00013365597872423617,0.010715868829458195,2081.0887938334877,51.258983642460706,1.0,0.0,0.0,0,500,500,4000,363.23023223876953
ok,ptft,11,5000,0.451,2255,0.451,10000,0.001,0.0,1.0,0.1,1.0,0.1,0.0,unit_total_var,,0.5,5000000,5000,50000,True,0.0001,,0.0,0.0,1.0,2000,train_pred_mse,25000,0.3770243327193596,0.3722649594096288,0.00015585306689045662,0.012130789092052756,2165.5072967907427,53.13044431556809,1.0,0.0,0.0,0,500,500,4000,326.8890120983124
ok,ptft,12,5000,0.451,2255,0.451,10000,0.001,0.0,1.0,0.1,1.0,0.1,0.0,unit_total_var,,0.5,5000000,5000,50000,True,0.0001,,0.0,0.0,1.0,2000,train_pred_mse,25000,0.3265035102244839,0.3309612995818874,0.00013796680928084283,0.011525282741619002,1995.8170008122056,48.195143698911025,1.0,0.0,0.0,0,500,500,4000,354.7460021972656
ok,ptft,13,5000,0.451,2255,0.451,10000,0.001,0.0,1.0,0.1,1.0,0.1,0.0,unit_total_var,,0.5,5000000,5000,50000,True,0.0001,,0.0,0.0,1.0,2000,train_pred_mse,25000,0.3622140533172029,0.3726758750094427,0.00016168213932252987,0.01300316859003618,2096.4253670082694,51.059592290423424,1.0,0.0,0.0,0,500,500,4000,401.1686441898346
ok,ptft,14,5000,0.451,2255,0.451,10000,0.001,0.0,1.0,0.1,1.0,0.1,0.0,unit_total_var,,0.5,5000000,5000,50000,True,0.0001,,0.0,0.0,1.0,2000,train_pred_mse,25000,0.3784966399560538,0.3797714679091536,0.0001480832129704174,0.011573671734195023,2133.2998151087145,52.80755352862722,0.9998,0.0,0.0,0,500,500,4000,348.28500866889954
ok,ptft,15,5000,0.451,2255,0.451,10000,0.001,0.0,1.0,0.1,1.0,0.1,0.0,unit_total_var,,0.5,5000000,5000,50000,True,0.0001,,0.0,0.0,1.0,2000,train_pred_mse,25000,0.3626544724090761,0.3624340743764809,0.00014965538678691543,0.012326644924231052,2091.255153504159,50.769189177599046,1.0,0.0,0.0,0,500,500,4000,438.3690707683563
ok,ptft,16,5000,0.451,2255,0.451,10000,0.001,0.0,1.0,0.1,1.0,0.1,0.0,unit_total_var,,0.5,5000000,5000,50000,True,0.0001,,0.0,0.0,1.0,2000,train_pred_mse,25000,0.3421386744445073,0.33202998210931123,0.00012805889005152815,0.010774571988644784,1986.6245374997989,48.969366753008636,1.0,0.0,0.0,0,500,500,4000,362.66267800331116
ok,ptft,17,5000,0.451,2255,0.451,10000,0.001,0.0,1.0,0.1,1.0,0.1,0.0,unit_total_var,,0.5,5000000,5000,50000,True,0.0001,,0.0,0.0,1.0,2000,train_pred_mse,25000,0.3702357793372832,0.3637315898176083,0.00014929112027392902,0.012784465538241458,1998.2473426948332,47.673173287129316,1.0,0.0,0.0,0,500,500,4000,709.627144575119
ok,ptft,18,5000,0.451,2255,0.451,10000,0.001,0.0,1.0,0.1,1.0,0.1,0.0,unit_total_var,,0.5,5000000,5000,50000,True,0.0001,,0.0,0.0,1.0,2000,train_pred_mse,25000,0.3588775449249729,0.3518521265573531,0.0001353554608971962,0.011758215133190659,1988.8551218762645,46.98367612968004,1.0,0.0,0.0,0,500,500,4000,482.9560225009918
ok,ptft,19,5000,0.451,2255,0.451,10000,0.001,0.0,1.0,0.1,1.0,0.1,0.0,unit_total_var,,0.5,5000000,5000,50000,True,0.0001,,0.0,0.0,1.0,2000,train_pred_mse,25000,0.3299224157405866,0.3365896677944585,0.0001491611286877871,0.012368145636173243,2029.0060960938288,49.81527118082136,1.0,0.0,0.0,0,500,500,4000,402.4853916168213
ok,ptft,6,5000,0.451,2255,0.451,10000,0.001,0.0,1.0,0.1,1.0,0.1,0.0,unit_total_var,,0.5,5000000,5000,50000,True,0.0001,,0.0,0.0,1.0,2000,train_pred_mse,25000,0.3410311564224904,0.34115747448524736,0.00013518739858250033,0.011253772025349721,2017.074250025092,49.69444975059171,1.0,0.0,0.0,0,500,500,4000,426.3685472011566
ok,ptft,7,5000,0.451,2255,0.451,10000,0.001,0.0,1.0,0.1,1.0,0.1,0.0,unit_total_var,,0.5,5000000,5000,50000,True,0.0001,,0.0,0.0,1.0,2000,train_pred_mse,25000,0.40378865972250216,0.39239430644532414,0.0001386440343052751,0.011627414466316228,2075.685588989273,48.89688792152743,1.0,0.0,0.0,0,500,500,4000,354.778981924057
ok,ptft,8,5000,0.451,2255,0.451,10000,0.001,0.0,1.0,0.1,1.0,0.1,0.0,unit_total_var,,0.5,5000000,5000,50000,True,0.0001,,0.0,0.0,1.0,2000,train_pred_mse,25000,0.3728016516106118,0.3651141033893621,0.00015032845601987627,0.012045339236640529,2078.4250057225,51.3302003206911,1.0,0.0,0.0,0,500,500,4000,300.90938854217535
ok,ptft,9,5000,0.451,2255,0.451,10000,0.001,0.0,1.0,0.1,1.0,0.1,0.0,unit_total_var,,0.5,5000000,5000,50000,True,0.0001,,0.0,0.0,1.0,2000,train_pred_mse,25000,0.34785836944966,0.34385858309841394,0.00014081436056494456,0.011761434052500942,2005.1759277620968,48.94168364601733,1.0,0.0,0.0,0,500,500,4000,449.90266036987305
ok,ptft,10,5000,0.5,2500,0.5,10000,0.001,0.0,1.0,0.1,1.0,0.1,0.0,unit_total_var,,0.5,5000000,5000,50000,True,0.0001,,0.0,0.0,1.0,2000,train_pred_mse,30000,0.3033829819921052,0.29950546905027875,0.00013775282223712538,0.009766881532715335,2097.4584458073696,53.921126027784176,1.0,0.0,0.0,0,500,500,4000,489.1719794273377
ok,ptft,11,5000,0.5,2500,0.5,10000,0.001,0.0,1.0,0.1,1.0,0.1,0.0,unit_total_var,,0.5,5000000,5000,50000,True,0.0001,,0.0,0.0,1.0,2000,train_pred_mse,30000,0.30134325997590833,0.2976049885577963,0.00012279215383692214,0.008398907966847328,2162.7080099999553,56.485514351357686,1.0,0.0,0.0,0,500,500,4000,629.7916967868805
ok,ptft,12,5000,0.5,2500,0.5,10000,0.001,0.0,1.0,0.1,1.0,0.1,0.0,unit_total_var,,0.5,5000000,5000,50000,True,0.0001,,0.0,0.0,1.0,2000,train_pred_mse,30000,0.2782182583376054,0.27986147128771544,0.00013570909958272566,0.010271271556161922,1978.233912141526,50.78866952575765,1.0,0.0,0.0,0,500,500,4000,456.87382626533514
ok,ptft,13,5000,0.5,2500,0.5,10000,0.001,0.0,1.0,0.1,1.0,0.1,0.0,unit_total_var,,0.5,5000000,5000,50000,True,0.0001,,0.0,0.0,1.0,2000,train_pred_mse,30000,0.31438624133540705,0.3168464789359761,0.0001357889860462572,0.009687559471143815,2119.842831688191,53.58101400179311,1.0,0.0,0.0,0,500,500,4000,517.5319051742554
ok,ptft,14,5000,0.5,2500,0.5,10000,0.001,0.0,1.0,0.1,1.0,0.1,0.0,unit_total_var,,0.5,5000000,5000,50000,True,0.0001,,0.0,0.0,1.0,2000,train_pred_mse,30000,0.34559894474553565,0.34944454239436706,0.0001367884434945037,0.00971035010031594,2152.6106804776446,54.11490333789313,1.0,0.0,0.0,0,500,500,4000,640.7948079109193
ok,ptft,15,5000,0.5,2500,0.5,10000,0.001,0.0,1.0,0.1,1.0,0.1,0.0,unit_total_var,,0.5,5000000,5000,50000,True,0.0001,,0.0,0.0,1.0,2000,train_pred_mse,30000,0.3121032403131572,0.3094454723131322,0.00013583639090227622,0.009821383660075829,2079.291890185215,52.746600460525634,1.0,0.0,0.0,0,500,500,4000,584.7865965366364
ok,ptft,16,5000,0.5,2500,0.5,10000,0.001,0.0,1.0,0.1,1.0,0.1,0.0,unit_total_var,,0.5,5000000,5000,50000,True,0.0001,,0.0,0.0,1.0,2000,train_pred_mse,30000,0.2856100394030221,0.28152894544642115,0.00014178133682665525,0.010461134663047962,1990.2311284874716,51.024959501871045,1.0,0.0,0.0,0,500,500,4000,481.95890498161316
ok,ptft,17,5000,0.5,2500,0.5,10000,0.001,0.0,1.0,0.1,1.0,0.1,0.0,unit_total_var,,0.5,5000000,5000,50000,True,0.0001,,0.0,0.0,1.0,2000,train_pred_mse,30000,0.2609314158783113,0.2583310074880227,0.0001282041167861379,0.009291453826684894,2015.4480682014096,52.58629780540839,1.0,0.0,0.0,0,500,500,4000,718.2129592895508
ok,ptft,18,5000,0.5,2500,0.5,10000,0.001,0.0,1.0,0.1,1.0,0.1,0.0,unit_total_var,,0.5,5000000,5000,50000,True,0.0001,,0.0,0.0,1.0,2000,train_pred_mse,30000,0.27977850974799323,0.27549411792101186,0.00013664822532384312,0.010254888746595392,1990.9941007475168,50.38688904949479,1.0,0.0,0.0,0,500,500,4000,630.1960523128511
ok,ptft,19,5000,0.5,2500,0.5,10000,0.001,0.0,1.0,0.1,1.0,0.1,0.0,unit_total_var,,0.5,5000000,5000,50000,True,0.0001,,0.0,0.0,1.0,2000,train_pred_mse,30000,0.27522276002377416,0.2761452232986845,0.00012898622539538558,0.009322614945514946,2023.198145049617,52.46190777799529,1.0,0.0,0.0,0,500,500,4000,477.4321131706238
ok,ptft,6,5000,0.5,2500,0.5,10000,0.001,0.0,1.0,0.1,1.0,0.1,0.0,unit_total_var,,0.5,5000000,5000,50000,True,0.0001,,0.0,0.0,1.0,2000,train_pred_mse,30000,0.27808474279432266,0.2802182566206875,0.0001382118928034247,0.01008347924081222,2020.4910309951047,52.42095022291031,1.0,0.0,0.0,0,500,500,4000,557.4574201107025
ok,ptft,7,5000,0.5,2500,0.5,10000,0.001,0.0,1.0,0.1,1.0,0.1,0.0,unit_total_var,,0.5,5000000,5000,50000,True,0.0001,,0.0,0.0,1.0,2000,train_pred_mse,30000,0.3014743400408223,0.301024762308439,0.00013743872900875726,0.010004107244495651,2099.6289520964533,52.72490015129297,1.0,0.0,0.0,0,500,500,4000,475.6079607009888
ok,ptft,8,5000,0.5,2500,0.5,10000,0.001,0.0,1.0,0.1,1.0,0.1,0.0,unit_total_var,,0.5,5000000,5000,50000,True,0.0001,,0.0,0.0,1.0,2000,train_pred_mse,30000,0.31179905152354764,0.3197324605909312,0.0001473740685214933,0.010568707725267459,2092.867582369025,53.06497538667756,1.0,0.0,0.0,0,500,500,4000,684.6610882282258
ok,ptft,9,5000,0.5,2500,0.5,10000,0.001,0.0,1.0,0.1,1.0,0.1,0.0,unit_total_var,,0.5,5000000,5000,50000,True,0.0001,,0.0,0.0,1.0,2000,train_pred_mse,30000,0.28637191944011625,0.2844197722931475,0.0001292945372291336,0.009668971439608928,2010.322375556174,51.102914550117944,1.0,0.0,0.0,0,500,500,4000,585.4578270912169
ok,ptft,10,5000,0.01,50,0.01,10000,0.001,0.0,10.0,0.1,1.0,0.1,0.0,unit_total_var,,0.5,5000000,5000,50000,True,0.0001,,0.0,0.0,1.0,2000,train_pred_mse,5000,1.0646694550647045,1.0403459254288108,8.956590369331076e-17,0.5053761066404001,410.45567487958976,7.342101113589608,0.9998,0.0,0.0,0,500,500,4000,4.802948474884033
ok,ptft,11,5000,0.01,50,0.01,10000,0.001,0.0,10.0,0.1,1.0,0.1,0.0,unit_total_var,,0.5,5000000,5000,50000,True,0.0001,,0.0,0.0,1.0,2000,train_pred_mse,5000,1.121209784775864,1.1128925435659585,8.780818885742101e-17,0.520588165711136,422.83307600002234,7.390480335390454,1.0,0.0,0.0,0,500,500,4000,6.259886026382446
ok,ptft,12,5000,0.01,50,0.01,10000,0.001,0.0,10.0,0.1,1.0,0.1,0.0,unit_total_var,,0.5,5000000,5000,50000,True,0.0001,,0.0,0.0,1.0,2000,train_pred_mse,5000,0.9342319484889572,0.926712776099734,4.907237656929836e-17,0.5192370989469091,434.9951068477131,7.641801367051108,1.0,0.0,0.0,0,500,500,4000,4.964036703109741
ok,ptft,13,5000,0.01,50,0.01,10000,0.001,0.0,10.0,0.1,1.0,0.1,0.0,unit_total_var,,0.5,5000000,5000,50000,True,0.0001,,0.0,0.0,1.0,2000,train_pred_mse,5000,1.032640288462106,1.0390356113585673,5.705779303217931e-17,0.5347352890989718,441.13179285894586,7.8070638941047505,1.0,0.0,0.0,0,500,500,4000,7.064806938171388
ok,ptft,14,5000,0.01,50,0.01,10000,0.001,0.0,10.0,0.1,1.0,0.1,0.0,unit_total_var,,0.5,5000000,5000,50000,True,0.0001,,0.0,0.0,1.0,2000,train_pred_mse,5000,1.1133096295018847,1.101148963112624,1.0278809242260249e-16,0.5297864422864078,368.49057951127253,6.465140615964656,1.0,0.0,0.0,0,500,500,4000,4.666086435317993
ok,ptft,15,5000,0.01,50,0.01,10000,0.001,0.0,10.0,0.1,1.0,0.1,0.0,unit_total_var,,0.5,5000000,5000,50000,True,0.0001,,0.0,0.0,1.0,2000,train_pred_mse,5000,1.0174737348938259,1.0226856647058506,7.232794400693079e-17,0.5322216870803136,404.4912413246901,7.107804275421512,1.0,0.0,0.0,0,500,500,4000,4.682941436767578
ok,ptft,16,5000,0.01,50,0.01,10000,0.001,0.0,10.0,0.1,1.0,0.1,0.0,unit_total_var,,0.5,5000000,5000,50000,True,0.0001,,0.0,0.0,1.0,2000,train_pred_mse,5000,0.9515843850915796,0.9399628613736991,1.1519816965825923e-16,0.5207900273400503,391.05683685300767,6.858356773161683,1.0,0.0,0.0,0,500,500,4000,5.4004528522491455
ok,ptft,17,5000,0.01,50,0.01,10000,0.001,0.0,10.0,0.1,1.0,0.1,0.0,unit_total_var,,0.5,5000000,5000,50000,True,0.0001,,0.0,0.0,1.0,2000,train_pred_mse,5000,0.9690177143355678,0.9499629228046436,7.20517913243213e-17,0.5156935510585864,412.352365189318,7.372407719063863,1.0,0.0,0.0,0,500,500,4000,4.868431329727173
ok,ptft,18,5000,0.01,50,0.01,10000,0.001,0.0,10.0,0.1,1.0,0.1,0.0,unit_total_var,,0.5,5000000,5000,50000,True,0.0001,,0.0,0.0,1.0,2000,train_pred_mse,5000,0.9157027367828594,0.9094954791479176,7.510339521040606e-17,0.5324850206540648,413.6952778620245,7.247861807821335,1.0,0.0,0.0,0,500,500,4000,5.278454303741455
ok,ptft,19,5000,0.01,50,0.01,10000,0.001,0.0,10.0,0.1,1.0,0.1,0.0,unit_total_var,,0.5,5000000,5000,50000,True,0.0001,,0.0,0.0,1.0,2000,train_pred_mse,5000,0.9633281954566656,0.980553970429494,3.144107055829289e-11,0.5207387895367134,398.638300246113,7.065003499926838,1.0,0.0,0.0,0,500,500,4000,6.974104881286621
ok,ptft,6,5000,0.01,50,0.01,10000,0.001,0.0,10.0,0.1,1.0,0.1,0.0,unit_total_var,,0.5,5000000,5000,50000,True,0.0001,,0.0,0.0,1.0,2000,train_pred_mse,5000,0.9755370360295104,0.9755847355844636,9.048540217287296e-17,0.5160746931736835,436.6692903166925,7.693804518780897,1.0,0.0,0.0,0,500,500,4000,4.682809352874756
ok,ptft,7,5000,0.01,50,0.01,10000,0.001,0.0,10.0,0.1,1.0,0.1,0.0,unit_total_var,,0.5,5000000,5000,50000,True,0.0001,,0.0,0.0,1.0,2000,train_pred_mse,5000,0.9971079807805114,1.0033935852992435,4.989322692898009e-17,0.5110299978489808,388.27760176336716,6.939284469329787,1.0,0.0,0.0,0,500,500,4000,4.9556829929351816
ok,ptft,8,5000,0.01,50,0.01,10000,0.001,0.0,10.0,0.1,1.0,0.1,0.0,unit_total_var,,0.5,5000000,5000,50000,True,0.0001,,0.0,0.0,1.0,2000,train_pred_mse,5000,1.0561363679060756,1.0411999678931296,7.807542553594824e-14,0.5275793587831836,471.85899972742175,8.298757046707351,0.9998,0.0,0.0,0,500,500,4000,5.37222695350647
ok,ptft,9,5000,0.01,50,0.01,10000,0.001,0.0,10.0,0.1,1.0,0.1,0.0,unit_total_var,,0.5,5000000,5000,50000,True,0.0001,,0.0,0.0,1.0,2000,train_pred_mse,5000,0.9785078324735778,0.9541637557426966,5.4653612154321806e-17,0.532900597588354,417.72774951032335,7.304221289340734,1.0,0.0,0.0,0,500,500,4000,6.867536067962647
ok,ptft,10,5000,0.059,295,0.059000000000000004,10000,0.001,0.0,10.0,0.1,1.0,0.1,0.0,unit_total_var,,0.5,5000000,5000,50000,True,0.0001,,0.0,0.0,1.0,2000,train_pred_mse,5000,1.0051946674892245,0.9847794921287136,5.963894174385623e-17,1.9305406431563492,1018.5510123496248,18.11726350479195,1.0,0.0,0.0,0,500,500,4000,7.887499332427978
ok,ptft,11,5000,0.059,295,0.059000000000000004,10000,0.001,0.0,10.0,0.1,1.0,0.1,0.0,unit_total_var,,0.5,5000000,5000,50000,True,0.0001,,0.0,0.0,1.0,2000,train_pred_mse,5000,1.0754808167408676,1.0614718419732512,7.229708311074665e-17,1.8639879193757625,993.3969849544548,17.684398859051303,1.0,0.0,0.0,0,500,500,4000,7.483746290206909
ok,ptft,12,5000,0.059,295,0.059000000000000004,10000,0.001,0.0,10.0,0.1,1.0,0.1,0.0,unit_total_var,,0.5,5000000,5000,50000,True,0.0001,,0.0,0.0,1.0,2000,train_pred_mse,5000,0.8781210438931539,0.8771899267986167,7.105882873740499e-17,1.875876668383224,962.0806460001402,17.165943263564934,1.0,0.0,0.0,0,500,500,4000,8.024870157241821
ok,ptft,13,5000,0.059,295,0.059000000000000004,10000,0.001,0.0,10.0,0.1,1.0,0.1,0.0,unit_total_var,,0.5,5000000,5000,50000,True,0.0001,,0.0,0.0,1.0,2000,train_pred_mse,5000,0.9891730219988004,0.9893416984179456,6.463478479336006e-17,1.9268801011231296,989.0357142813207,17.529209494299952,1.0,0.0,0.0,0,500,500,4000,9.0932195186615
ok,ptft,14,5000,0.059,295,0.059000000000000004,10000,0.001,0.0,10.0,0.1,1.0,0.1,0.0,unit_total_var,,0.5,5000000,5000,50000,True,0.0001,,0.0,0.0,1.0,2000,train_pred_mse,5000,1.0463996110980738,1.037228352824861,7.804662075086543e-17,1.8863053443700042,1079.7747865704996,19.024468255476872,1.0,0.0,0.0,0,500,500,4000,7.87317419052124
ok,ptft,15,5000,0.059,295,0.059000000000000004,10000,0.001,0.0,10.0,0.1,1.0,0.1,0.0,unit_total_var,,0.5,5000000,5000,50000,True,0.0001,,0.0,0.0,1.0,2000,train_pred_mse,5000,0.9684537975142532,0.967532385303016,8.753979571714776e-17,1.9403387161507115,1011.4446793397153,17.882853856908095,1.0,0.0,0.0,0,500,500,4000,7.7233829498291025
ok,ptft,16,5000,0.059,295,0.059000000000000004,10000,0.001,0.0,10.0,0.1,1.0,0.1,0.0,unit_total_var,,0.5,5000000,5000,50000,True,0.0001,,0.0,0.0,1.0,2000,train_pred_mse,5000,0.9018198298153096,0.8906069436705205,7.927188415402518e-17,2.0322467142003595,968.7512843636516,17.172627343375847,1.0,0.0,0.0,0,500,500,4000,9.211347579956056
ok,ptft,17,5000,0.059,295,0.059000000000000004,10000,0.001,0.0,10.0,0.1,1.0,0.1,0.0,unit_total_var,,0.5,5000000,5000,50000,True,0.0001,,0.0,0.0,1.0,2000,train_pred_mse,5000,0.9282881826514288,0.9110226089710634,7.824313275009407e-17,1.868643822927126,875.4735808093693,15.560714415901302,1.0,0.0,0.0,0,500,500,4000,17.90793776512146
ok,ptft,18,5000,0.059,295,0.059000000000000004,10000,0.001,0.0,10.0,0.1,1.0,0.1,0.0,unit_total_var,,0.5,5000000,5000,50000,True,0.0001,,0.0,0.0,1.0,2000,train_pred_mse,5000,0.8714101365326634,0.8623859652763213,8.556797508076024e-17,1.9821670055203708,951.397657747331,16.95852789904888,1.0,0.0,0.0,0,500,500,4000,8.120526552200317
ok,ptft,19,5000,0.059,295,0.059000000000000004,10000,0.001,0.0,10.0,0.1,1.0,0.1,0.0,unit_total_var,,0.5,5000000,5000,50000,True,0.0001,,0.0,0.0,1.0,2000,train_pred_mse,5000,0.9223307060142392,0.9396918064146944,7.921219810863535e-17,1.9704312993447763,894.2396574641051,15.81963352816518,1.0,0.0,0.0,0,500,500,4000,12.351712226867676
ok,ptft,6,5000,0.059,295,0.059000000000000004,10000,0.001,0.0,10.0,0.1,1.0,0.1,0.0,unit_total_var,,0.5,5000000,5000,50000,True,0.0001,,0.0,0.0,1.0,2000,train_pred_mse,5000,0.9386526244255238,0.9351023427098284,7.301246186471016e-17,1.9896050966138008,899.0387537142906,15.936229204438225,1.0,0.0,0.0,0,500,500,4000,8.817566156387327
ok,ptft,7,5000,0.059,295,0.059000000000000004,10000,0.001,0.0,10.0,0.1,1.0,0.1,0.0,unit_total_var,,0.5,5000000,5000,50000,True,0.0001,,0.0,0.0,1.0,2000,train_pred_mse,5000,0.9601591957587364,0.9562868970939222,6.318770325021693e-17,1.9335810084101792,944.5195696556168,16.77774350174688,1.0,0.0,0.0,0,500,500,4000,8.124085187911987
ok,ptft,8,5000,0.059,295,0.059000000000000004,10000,0.001,0.0,10.0,0.1,1.0,0.1,0.0,unit_total_var,,0.5,5000000,5000,50000,True,0.0001,,0.0,0.0,1.0,2000,train_pred_mse,5000,0.9943342155934772,0.9927486917154152,6.975156677244495e-17,2.0123619942221143,985.6658011228579,17.640439086379672,1.0,0.0,0.0,0,500,500,4000,11.589736223220825
ok,ptft,9,5000,0.059,295,0.059000000000000004,10000,0.001,0.0,10.0,0.1,1.0,0.1,0.0,unit_total_var,,0.5,5000000,5000,50000,True,0.0001,,0.0,0.0,1.0,2000,train_pred_mse,5000,0.920764929670107,0.9068809401915352,7.396815621110505e-17,1.9599181743031928,947.1070648418673,16.917851571325727,1.0,0.0,0.0,0,500,500,4000,12.716465473175047
ok,ptft,10,5000,0.10800000000000001,540,0.10800000000000001,10000,0.001,0.0,10.0,0.1,1.0,0.1,0.0,unit_total_var,,0.5,5000000,5000,50000,True,0.0001,,0.0,0.0,1.0,2000,train_pred_mse,5000,0.952013847715875,0.9358876313671376,7.298904819758196e-17,4.18798581595941,1346.2644629997415,23.95141448375351,1.0,0.0,0.0,0,500,500,4000,11.693204879760742
ok,ptft,11,5000,0.10800000000000001,540,0.10800000000000001,10000,0.001,0.0,10.0,0.1,1.0,0.1,0.0,unit_total_var,,0.5,5000000,5000,50000,True,0.0001,,0.0,0.0,1.0,2000,train_pred_mse,5000,1.021841507373673,1.008434090178979,6.170705013102881e-17,4.1672617674838595,1345.5175290614275,24.055662767684964,1.0,0.0,0.0,0,500,500,4000,11.17023253440857
ok,ptft,12,5000,0.10800000000000001,540,0.10800000000000001,10000,0.001,0.0,10.0,0.1,1.0,0.1,0.0,unit_total_var,,0.5,5000000,5000,50000,True,0.0001,,0.0,0.0,1.0,2000,train_pred_mse,5000,0.8404266565624843,0.8373228730030403,6.752735207821074e-17,4.191289742509599,1244.214346320553,22.24177382777783,1.0,0.0,0.0,0,500,500,4000,11.874943733215332
ok,ptft,13,5000,0.10800000000000001,540,0.10800000000000001,10000,0.001,0.0,10.0,0.1,1.0,0.1,0.0,unit_total_var,,0.5,5000000,5000,50000,True,0.0001,,0.0,0.0,1.0,2000,train_pred_mse,5000,0.938958657520786,0.9383715901907059,7.138642490401633e-17,4.194586023285651,1322.5109111749173,23.723477867214328,1.0,0.0,0.0,0,500,500,4000,12.967969179153442
ok,ptft,14,5000,0.10800000000000001,540,0.10800000000000001,10000,0.001,0.0,10.0,0.1,1.0,0.1,0.0,unit_total_var,,0.5,5000000,5000,50000,True,0.0001,,0.0,0.0,1.0,2000,train_pred_mse,5000,0.997956025488352,0.9904346447983292,6.55190183623697e-17,4.15116516979212,1371.2732838710922,24.42665126402885,1.0,0.0,0.0,0,500,500,4000,12.38963222503662
ok,ptft,15,5000,0.10800000000000001,540,0.10800000000000001,10000,0.001,0.0,10.0,0.1,1.0,0.1,0.0,unit_total_var,,0.5,5000000,5000,50000,True,0.0001,,0.0,0.0,1.0,2000,train_pred_mse,5000,0.8944232829734338,0.9133619277874202,6.429327852770326e-17,4.351143247353506,1352.763453331873,24.3189394030062,1.0,0.0,0.0,0,500,500,4000,11.221755027770996
ok,ptft,16,5000,0.10800000000000001,540,0.10800000000000001,10000,0.001,0.0,10.0,0.1,1.0,0.1,0.0,unit_total_var,,0.5,5000000,5000,50000,True,0.0001,,0.0,0.0,1.0,2000,train_pred_mse,5000,0.8578321539745648,0.8551902189949786,7.103105014542451e-17,4.052942319496445,1213.7782189832155,21.736477808724732,1.0,0.0,0.0,0,500,500,4000,19.93531346321106
ok,ptft,17,5000,0.10800000000000001,540,0.10800000000000001,10000,0.001,0.0,10.0,0.1,1.0,0.1,0.0,unit_total_var,,0.5,5000000,5000,50000,True,0.0001,,0.0,0.0,1.0,2000,train_pred_mse,5000,0.8665820352113213,0.8474344652013186,6.880373450409633e-17,4.228085686914839,1323.5684832470038,23.679836438524045,1.0,0.0,0.0,0,500,500,4000,28.63952159881592
ok,ptft,18,5000,0.10800000000000001,540,0.10800000000000001,10000,0.001,0.0,10.0,0.1,1.0,0.1,0.0,unit_total_var,,0.5,5000000,5000,50000,True,0.0001,,0.0,0.0,1.0,2000,train_pred_mse,5000,0.8163552099283828,0.8131279715103509,6.791461962012006e-17,4.203658738035529,1289.9952093440559,23.118211062672962,1.0,0.0,0.0,0,500,500,4000,11.425913095474243
ok,ptft,19,5000,0.10800000000000001,540,0.10800000000000001,10000,0.001,0.0,10.0,0.1,1.0,0.1,0.0,unit_total_var,,0.5,5000000,5000,50000,True,0.0001,,0.0,0.0,1.0,2000,train_pred_mse,5000,0.861552331881534,0.885355948134088,7.095650394520294e-17,4.2258346416373165,1286.303290916923,22.865190740071483,1.0,0.0,0.0,0,500,500,4000,13.725951194763185
ok,ptft,6,5000,0.10800000000000001,540,0.10800000000000001,10000,0.001,0.0,10.0,0.1,1.0,0.1,0.0,unit_total_var,,0.5,5000000,5000,50000,True,0.0001,,0.0,0.0,1.0,2000,train_pred_mse,5000,0.8702578975872184,0.8740478886004639,6.693912030447177e-17,4.06912584331115,1311.3154105946244,23.669784532762947,1.0,0.0,0.0,0,500,500,4000,11.510077476501465
ok,ptft,7,5000,0.10800000000000001,540,0.10800000000000001,10000,0.001,0.0,10.0,0.1,1.0,0.1,0.0,unit_total_var,,0.5,5000000,5000,50000,True,0.0001,,0.0,0.0,1.0,2000,train_pred_mse,5000,0.9008627845144109,0.9015200966788104,6.828734725470875e-17,4.229005927020377,1317.0078728747803,23.577881959410767,1.0,0.0,0.0,0,500,500,4000,27.403289794921875
ok,ptft,8,5000,0.10800000000000001,540,0.10800000000000001,10000,0.001,0.0,10.0,0.1,1.0,0.1,0.0,unit_total_var,,0.5,5000000,5000,50000,True,0.0001,,0.0,0.0,1.0,2000,train_pred_mse,5000,0.9418799365383348,0.9315246969457328,6.842835543571835e-17,4.272052864627819,1391.1734033764642,24.861849953506628,1.0,0.0,0.0,0,500,500,4000,20.98091769218445
ok,ptft,9,5000,0.10800000000000001,540,0.10800000000000001,10000,0.001,0.0,10.0,0.1,1.0,0.1,0.0,unit_total_var,,0.5,5000000,5000,50000,True,0.0001,,0.0,0.0,1.0,2000,train_pred_mse,5000,0.8628748223852352,0.8508316689757652,5.9317928161134e-17,4.2372698671949705,1333.943246462913,23.813441954066978,1.0,0.0,0.0,0,500,500,4000,23.84410071372986
ok,ptft,10,5000,0.15700000000000006,785,0.157,10000,0.001,0.0,10.0,0.1,1.0,0.1,0.0,unit_total_var,,0.5,5000000,5000,50000,True,0.0001,,0.0,0.0,1.0,2000,train_pred_mse,5000,0.90769545997396,0.8919784448144965,6.543469429974439e-17,6.428857033309653,1567.1908649018355,28.176632064428066,1.0,0.0,0.0,0,500,500,4000,42.21669387817383
ok,ptft,11,5000,0.15700000000000006,785,0.157,10000,0.001,0.0,10.0,0.1,1.0,0.1,0.0,unit_total_var,,0.5,5000000,5000,50000,True,0.0001,,0.0,0.0,1.0,2000,train_pred_mse,5000,0.9540432682334248,0.947078179705638,6.5806559498844e-17,6.247126468075918,1655.1666446492625,29.77690828867428,1.0,0.0,0.0,0,500,500,4000,19.027076244354244
ok,ptft,12,5000,0.15700000000000006,785,0.157,10000,0.001,0.0,10.0,0.1,1.0,0.1,0.0,unit_total_var,,0.5,5000000,5000,50000,True,0.0001,,0.0,0.0,1.0,2000,train_pred_mse,5000,0.7919213850846425,0.7834279963606967,7.036698423809828e-17,6.31397652908434,1529.626139474593,27.652117546995783,1.0,0.0,0.0,0,500,500,4000,21.580690145492554
ok,ptft,13,5000,0.15700000000000006,785,0.157,10000,0.001,0.0,10.0,0.1,1.0,0.1,0.0,unit_total_var,,0.5,5000000,5000,50000,True,0.0001,,0.0,0.0,1.0,2000,train_pred_mse,5000,0.8752710057783119,0.8881122332628807,7.54618149184419e-17,6.4002242826876685,1575.5307429459226,28.55132420063242,1.0,0.0,0.0,0,500,500,4000,23.51306915283203
ok,ptft,14,5000,0.15700000000000006,785,0.157,10000,0.001,0.0,10.0,0.1,1.0,0.1,0.0,unit_total_var,,0.5,5000000,5000,50000,True,0.0001,,0.0,0.0,1.0,2000,train_pred_mse,5000,0.9597671590285508,0.9477045042586124,7.095032883061742e-17,6.5046421489585455,1578.6656897657724,28.47586751394547,1.0,0.0,0.0,0,500,500,4000,14.488491773605347
ok,ptft,15,5000,0.15700000000000006,785,0.157,10000,0.001,0.0,10.0,0.1,1.0,0.1,0.0,unit_total_var,,0.5,5000000,5000,50000,True,0.0001,,0.0,0.0,1.0,2000,train_pred_mse,5000,0.8560905633511006,0.8691935454536449,6.728175745138552e-17,6.2163556071934725,1588.5084076069713,28.51355704257947,1.0,0.0,0.0,0,500,500,4000,24.11952233314514
ok,ptft,16,5000,0.15700000000000006,785,0.157,10000,0.001,0.0,10.0,0.1,1.0,0.1,0.0,unit_total_var,,0.5,5000000,5000,50000,True,0.0001,,0.0,0.0,1.0,2000,train_pred_mse,5000,0.8210365037523104,0.8079975594913756,7.395092449829307e-17,6.584626853388847,1474.665387735601,26.63276659631237,1.0,0.0,0.0,0,500,500,4000,31.70341873168945
ok,ptft,17,5000,0.15700000000000006,785,0.157,10000,0.001,0.0,10.0,0.1,1.0,0.1,0.0,unit_total_var,,0.5,5000000,5000,50000,True,0.0001,,0.0,0.0,1.0,2000,train_pred_mse,5000,0.8342754588131873,0.8087941474535991,7.17230899435778e-17,6.5045154419829325,1514.9593186839359,27.474080937080803,1.0,0.0,0.0,0,500,500,4000,39.15742015838622
ok,ptft,18,5000,0.15700000000000006,785,0.157,10000,0.001,0.0,10.0,0.1,1.0,0.1,0.0,unit_total_var,,0.5,5000000,5000,50000,True,0.0001,,0.0,0.0,1.0,2000,train_pred_mse,5000,0.7733576937327233,0.7667291026748735,6.859591689969501e-17,6.066199614948204,1542.289296494991,27.69799358784195,0.9998,0.0,0.0,0,500,500,4000,18.594513654708862
ok,ptft,19,5000,0.15700000000000006,785,0.157,10000,0.001,0.0,10.0,0.1,1.0,0.1,0.0,unit_total_var,,0.5,5000000,5000,50000,True,0.0001,,0.0,0.0,1.0,2000,train_pred_mse,5000,0.8272423796581404,0.8385183254319574,7.388451395527447e-17,6.538136570780012,1524.8999352170413,27.526788664328667,1.0,0.0,0.0,0,500,500,4000,20.84087061882019
ok,ptft,6,5000,0.15700000000000006,785,0.157,10000,0.001,0.0,10.0,0.1,1.0,0.1,0.0,unit_total_var,,0.5,5000000,5000,50000,True,0.0001,,0.0,0.0,1.0,2000,train_pred_mse,5000,0.8331565982738566,0.8391031122542614,7.150778599108257e-17,6.48875504062844,1509.1261150499524,27.118663718806943,1.0,0.0,0.0,0,500,500,4000,18.155307531356808
ok,ptft,7,5000,0.15700000000000006,785,0.157,10000,0.001,0.0,10.0,0.1,1.0,0.1,0.0,unit_total_var,,0.5,5000000,5000,50000,True,0.0001,,0.0,0.0,1.0,2000,train_pred_mse,5000,0.8475190424178992,0.8496488351335835,7.227798515038236e-17,6.276348812270515,1588.3485837894073,28.57500623949739,1.0,0.0,0.0,0,500,500,4000,39.812301874160774
ok,ptft,8,5000,0.15700000000000006,785,0.157,10000,0.001,0.0,10.0,0.1,1.0,0.1,0.0,unit_total_var,,0.5,5000000,5000,50000,True,0.0001,,0.0,0.0,1.0,2000,train_pred_mse,5000,0.8901070834616139,0.8875321961776353,7.187045378922447e-17,6.318356989397035,1611.0602805200442,28.962822790021054,1.0,0.0,0.0,0,500,500,4000,29.57035517692566
ok,ptft,9,5000,0.15700000000000006,785,0.157,10000,0.001,0.0,10.0,0.1,1.0,0.1,0.0,unit_total_var,,0.5,5000000,5000,50000,True,0.0001,,0.0,0.0,1.0,2000,train_pred_mse,5000,0.8209773834321752,0.8108534962046666,7.682337557743839e-17,6.498619268833412,1526.7126035410065,27.703073572116164,1.0,0.0,0.0,0,500,500,4000,32.678341627120965
ok,ptft,10,5000,0.206,1030,0.20600000000000002,10000,0.001,0.0,10.0,0.1,1.0,0.1,0.0,unit_total_var,,0.5,5000000,5000,50000,True,0.0001,,0.0,0.0,1.0,2000,train_pred_mse,5000,0.8389312942347337,0.831762330198254,8.166674351416155e-17,8.71482381877692,1802.5266327594445,33.101658183262856,1.0,0.0,0.0,0,500,500,4000,22.94773530960083
ok,ptft,11,5000,0.206,1030,0.20600000000000002,10000,0.001,0.0,10.0,0.1,1.0,0.1,0.0,unit_total_var,,0.5,5000000,5000,50000,True,0.0001,,0.0,0.0,1.0,2000,train_pred_mse,5000,0.904174965567906,0.8901140444348371,8.018197722124804e-17,8.01742709140664,1861.7090444430387,34.2305061577894,1.0,0.0,0.0,0,500,500,4000,22.09321880340576
ok,ptft,12,5000,0.206,1030,0.20600000000000002,10000,0.001,0.0,10.0,0.1,1.0,0.1,0.0,unit_total_var,,0.5,5000000,5000,50000,True,0.0001,,0.0,0.0,1.0,2000,train_pred_mse,5000,0.7393049242053068,0.7402329012703589,9.150971096533428e-17,8.098097714888889,1724.4486461147021,31.323157786840163,1.0,0.0,0.0,0,500,500,4000,42.95397210121155
ok,ptft,13,5000,0.206,1030,0.20600000000000002,10000,0.001,0.0,10.0,0.1,1.0,0.1,0.0,unit_total_var,,0.5,5000000,5000,50000,True,0.0001,,0.0,0.0,1.0,2000,train_pred_mse,5000,0.8145126017350289,0.821933225832292,8.046948296912817e-17,8.292807630287689,1857.7548169416525,33.85747578492232,1.0,0.0,0.0,0,500,500,4000,32.41615080833435
ok,ptft,14,5000,0.206,1030,0.20600000000000002,10000,0.001,0.0,10.0,0.1,1.0,0.1,0.0,unit_total_var,,0.5,5000000,5000,50000,True,0.0001,,0.0,0.0,1.0,2000,train_pred_mse,5000,0.8868388566804982,0.8823331843368664,8.466739521049702e-17,8.085380592821899,1840.591921444679,33.74632693974587,1.0,0.0,0.0,0,500,500,4000,22.339591026306152
ok,ptft,15,5000,0.206,1030,0.20600000000000002,10000,0.001,0.0,10.0,0.1,1.0,0.1,0.0,unit_total_var,,0.5,5000000,5000,50000,True,0.0001,,0.0,0.0,1.0,2000,train_pred_mse,5000,0.8229732461678688,0.8188077371591956,8.191378377926034e-17,8.601414663798417,1797.637150313521,32.64111356229579,1.0,0.0,0.0,0,500,500,4000,42.185616254806526
ok,ptft,16,5000,0.206,1030,0.20600000000000002,10000,0.001,0.0,10.0,0.1,1.0,0.1,0.0,unit_total_var,,0.5,5000000,5000,50000,True,0.0001,,0.0,0.0,1.0,2000,train_pred_mse,5000,0.7562526840441677,0.7561472894317184,8.781726353455028e-17,8.253966570327718,1708.9903726834293,31.127034097207126,1.0,0.0,0.0,0,500,500,4000,21.144065141677856
ok,ptft,17,5000,0.206,1030,0.20600000000000002,10000,0.001,0.0,10.0,0.1,1.0,0.1,0.0,unit_total_var,,0.5,5000000,5000,50000,True,0.0001,,0.0,0.0,1.0,2000,train_pred_mse,5000,0.7764751941901131,0.7709208037874088,9.547500664989142e-17,8.47188712945755,1688.5589551849564,30.738922311004874,1.0,0.0,0.0,0,500,500,4000,49.66256284713745
ok,ptft,18,5000,0.206,1030,0.20600000000000002,10000,0.001,0.0,10.0,0.1,1.0,0.1,0.0,unit_total_var,,0.5,5000000,5000,50000,True,0.0001,,0.0,0.0,1.0,2000,train_pred_mse,5000,0.7299304663308424,0.7324336304686618,9.593118152069935e-17,8.487979733011544,1682.8187206963055,30.646003149203906,1.0,0.0,0.0,0,500,500,4000,30.25515556335449
ok,ptft,19,5000,0.206,1030,0.20600000000000002,10000,0.001,0.0,10.0,0.1,1.0,0.1,0.0,unit_total_var,,0.5,5000000,5000,50000,True,0.0001,,0.0,0.0,1.0,2000,train_pred_mse,5000,0.7804814288886004,0.7919014421552011,9.347146916144028e-17,8.798059948935578,1714.5429100787,31.48809310621849,1.0,0.0,0.0,0,500,500,4000,20.554311037063602
ok,ptft,6,5000,0.206,1030,0.20600000000000002,10000,0.001,0.0,10.0,0.1,1.0,0.1,0.0,unit_total_var,,0.5,5000000,5000,50000,True,0.0001,,0.0,0.0,1.0,2000,train_pred_mse,5000,0.7840550569766027,0.7770936145057582,8.500423766127062e-17,8.653214203244023,1776.7402840660932,32.34794331020206,1.0,0.0,0.0,0,500,500,4000,45.23694205284119
ok,ptft,7,5000,0.206,1030,0.20600000000000002,10000,0.001,0.0,10.0,0.1,1.0,0.1,0.0,unit_total_var,,0.5,5000000,5000,50000,True,0.0001,,0.0,0.0,1.0,2000,train_pred_mse,5000,0.8079382042119856,0.8141799962906583,9.37698044925205e-17,8.593595854973803,1736.2492629305905,31.52784703999709,1.0,0.0,0.0,0,500,500,4000,60.291457891464226
ok,ptft,8,5000,0.206,1030,0.20600000000000002,10000,0.001,0.0,10.0,0.1,1.0,0.1,0.0,unit_total_var,,0.5,5000000,5000,50000,True,0.0001,,0.0,0.0,1.0,2000,train_pred_mse,5000,0.8304196393892224,0.8234234601226883,8.735037496157238e-17,8.542268456252044,1870.6691471440067,34.0606421061972,1.0,0.0,0.0,0,500,500,4000,36.54723191261292
ok,ptft,9,5000,0.206,1030,0.20600000000000002,10000,0.001,0.0,10.0,0.1,1.0,0.1,0.0,unit_total_var,,0.5,5000000,5000,50000,True,0.0001,,0.0,0.0,1.0,2000,train_pred_mse,5000,0.7634256713033357,0.7680979941553109,9.229346598612177e-17,8.120339244946248,1716.5692993906102,31.339107374786447,1.0,0.0,0.0,0,500,500,4000,42.11997389793396
ok,ptft,10,5000,0.255,1275,0.255,10000,0.001,0.0,10.0,0.1,1.0,0.1,0.0,unit_total_var,,0.5,5000000,5000,50000,True,0.0001,,0.0,0.0,1.0,2000,train_pred_mse,5000,0.7770951827959584,0.7672972384033513,1.1081802640604407e-16,10.386148061195346,2009.4182637380766,37.66620823485598,1.0,0.0,0.0,0,500,500,4000,37.91643500328064
ok,ptft,11,5000,0.255,1275,0.255,10000,0.001,0.0,10.0,0.1,1.0,0.1,0.0,unit_total_var,,0.5,5000000,5000,50000,True,0.0001,,0.0,0.0,1.0,2000,train_pred_mse,5000,0.8097277709688354,0.8230971058206851,1.0699182481544251e-16,10.19809462107602,2085.0636537036607,38.83273526722032,1.0,0.0,0.0,0,500,500,4000,62.80955314636231
ok,ptft,12,5000,0.255,1275,0.255,10000,0.001,0.0,10.0,0.1,1.0,0.1,0.0,unit_total_var,,0.5,5000000,5000,50000,True,0.0001,,0.0,0.0,1.0,2000,train_pred_mse,5000,0.6989960835686873,0.6914319148527371,1.1403550970975026e-16,10.472152748534107,1884.9057929814985,35.01065422565575,1.0,0.0,0.0,0,500,500,4000,51.72866749763489
ok,ptft,13,5000,0.255,1275,0.255,10000,0.001,0.0,10.0,0.1,1.0,0.1,0.0,unit_total_var,,0.5,5000000,5000,50000,True,0.0001,,0.0,0.0,1.0,2000,train_pred_mse,5000,0.7484526244658689,0.7689941528505286,1.0904590706174697e-16,10.096243739238624,2029.254310279622,37.576502741427696,1.0,0.0,0.0,0,500,500,4000,41.3681824207306
ok,ptft,14,5000,0.255,1275,0.255,10000,0.001,0.0,10.0,0.1,1.0,0.1,0.0,unit_total_var,,0.5,5000000,5000,50000,True,0.0001,,0.0,0.0,1.0,2000,train_pred_mse,5000,0.8256670837679321,0.8172672759335609,1.0201031498250324e-16,10.340423011000594,2073.888823176621,38.267598821684274,1.0,0.0,0.0,0,500,500,4000,51.749018430709846
ok,ptft,15,5000,0.255,1275,0.255,10000,0.001,0.0,10.0,0.1,1.0,0.1,0.0,unit_total_var,,0.5,5000000,5000,50000,True,0.0001,,0.0,0.0,1.0,2000,train_pred_mse,5000,0.7762445066354478,0.7759264225397906,1.1132536904247328e-16,10.575513262263927,1936.6553971912606,35.77968280786641,1.0,0.0,0.0,0,500,500,4000,59.883244752883904
ok,ptft,16,5000,0.255,1275,0.255,10000,0.001,0.0,10.0,0.1,1.0,0.1,0.0,unit_total_var,,0.5,5000000,5000,50000,True,0.0001,,0.0,0.0,1.0,2000,train_pred_mse,5000,0.7246642104808804,0.7121327111187453,1.1066495220902092e-16,10.17447225129006,1871.0541202180655,34.49199258210722,1.0,0.0,0.0,0,500,500,4000,56.06000542640686
ok,ptft,17,5000,0.255,1275,0.255,10000,0.001,0.0,10.0,0.1,1.0,0.1,0.0,unit_total_var,,0.5,5000000,5000,50000,True,0.0001,,0.0,0.0,1.0,2000,train_pred_mse,5000,0.7242422422108562,0.7167685105569803,1.1365008968564903e-16,10.728676173899274,1898.6902730184086,34.871626417939574,1.0,0.0,0.0,0,500,500,4000,31.060638666152954
ok,ptft,18,5000,0.255,1275,0.255,10000,0.001,0.0,10.0,0.1,1.0,0.1,0.0,unit_total_var,,0.5,5000000,5000,50000,True,0.0001,,0.0,0.0,1.0,2000,train_pred_mse,5000,0.6871174173504161,0.6865030144827866,1.1792348551216184e-16,10.686718033274534,1848.8479071327768,34.194933351144535,1.0,0.0,0.0,0,500,500,4000,49.43822503089905
ok,ptft,19,5000,0.255,1275,0.255,10000,0.001,0.0,10.0,0.1,1.0,0.1,0.0,unit_total_var,,0.5,5000000,5000,50000,True,0.0001,,0.0,0.0,1.0,2000,train_pred_mse,5000,0.7326132985889041,0.7406348095970838,1.1699044363125082e-16,10.58092816530431,1910.5824798983608,35.32879164925519,1.0,0.0,0.0,0,500,500,4000,31.153700113296512
ok,ptft,6,5000,0.255,1275,0.255,10000,0.001,0.0,10.0,0.1,1.0,0.1,0.0,unit_total_var,,0.5,5000000,5000,50000,True,0.0001,,0.0,0.0,1.0,2000,train_pred_mse,5000,0.7223019536830211,0.724800016689317,1.1701312491609992e-16,10.23450279827012,1948.4785192815493,36.16711214540565,1.0,0.0,0.0,0,500,500,4000,52.31595969200134
ok,ptft,7,5000,0.255,1275,0.255,10000,0.001,0.0,10.0,0.1,1.0,0.1,0.0,unit_total_var,,0.5,5000000,5000,50000,True,0.0001,,0.0,0.0,1.0,2000,train_pred_mse,5000,0.7683104201135146,0.7686082938821468,1.171707630618767e-16,10.397016238920669,1893.5245942389106,34.95926816596204,1.0,0.0,0.0,0,500,500,4000,58.747807741165154
ok,ptft,8,5000,0.255,1275,0.255,10000,0.001,0.0,10.0,0.1,1.0,0.1,0.0,unit_total_var,,0.5,5000000,5000,50000,True,0.0001,,0.0,0.0,1.0,2000,train_pred_mse,5000,0.7964062061486264,0.7942045876626805,1.059914166320822e-16,10.501366961943784,1967.7375659469026,36.146257852525636,1.0,0.0,0.0,0,500,500,4000,45.76733040809631
ok,ptft,9,5000,0.255,1275,0.255,10000,0.001,0.0,10.0,0.1,1.0,0.1,0.0,unit_total_var,,0.5,5000000,5000,50000,True,0.0001,,0.0,0.0,1.0,2000,train_pred_mse,5000,0.7348185412395979,0.7205217334857984,1.1094972295304535e-16,10.713847415594527,1884.5958345010126,34.93093749822317,1.0,0.0,0.0,0,500,500,4000,34.913806438446045
ok,ptft,10,5000,0.30400000000000005,1520,0.304,10000,0.001,0.0,10.0,0.1,1.0,0.1,0.0,unit_total_var,,0.5,5000000,5000,50000,True,0.0001,,0.0,0.0,1.0,2000,train_pred_mse,5000,0.7682301040935826,0.7408914392070943,1.4544769143911863e-16,12.23765515212034,2099.6224207647615,39.38022900592215,1.0,0.0,0.0,0,500,500,4000,42.772068738937385
ok,ptft,11,5000,0.30400000000000005,1520,0.304,10000,0.001,0.0,10.0,0.1,1.0,0.1,0.0,unit_total_var,,0.5,5000000,5000,50000,True,0.0001,,0.0,0.0,1.0,2000,train_pred_mse,5000,0.8012222550890068,0.7967086616155513,1.4102168051447888e-16,12.312582050480636,2166.260211230968,40.499272088446105,1.0,0.0,0.0,0,500,500,4000,50.34153962135315
ok,ptft,12,5000,0.30400000000000005,1520,0.304,10000,0.001,0.0,10.0,0.1,1.0,0.1,0.0,unit_total_var,,0.5,5000000,5000,50000,True,0.0001,,0.0,0.0,1.0,2000,train_pred_mse,5000,0.6580000051337602,0.6552321458119039,1.5228960971398386e-16,12.73232976898329,1998.3108975810446,37.50696440553517,1.0,0.0,0.0,0,500,500,4000,59.055938959121704
ok,ptft,13,5000,0.30400000000000005,1520,0.304,10000,0.001,0.0,10.0,0.1,1.0,0.1,0.0,unit_total_var,,0.5,5000000,5000,50000,True,0.0001,,0.0,0.0,1.0,2000,train_pred_mse,5000,0.7154501375232672,0.7356086574714928,1.3251528256692508e-16,11.96793599157992,2108.444276401538,39.73483290583205,1.0,0.0,0.0,0,500,500,4000,49.044682025909424
ok,ptft,14,5000,0.30400000000000005,1520,0.304,10000,0.001,0.0,10.0,0.1,1.0,0.1,0.0,unit_total_var,,0.5,5000000,5000,50000,True,0.0001,,0.0,0.0,1.0,2000,train_pred_mse,5000,0.8032438603761755,0.7874515618234484,1.3468512739152627e-16,12.670356592352645,2157.6870116779032,40.172159162564284,1.0,0.0,0.0,0,500,500,4000,39.440504550933845
ok,ptft,15,5000,0.30400000000000005,1520,0.304,10000,0.001,0.0,10.0,0.1,1.0,0.1,0.0,unit_total_var,,0.5,5000000,5000,50000,True,0.0001,,0.0,0.0,1.0,2000,train_pred_mse,5000,0.6961768891521664,0.7098243124823729,1.422935462659033e-16,12.60300103308222,2132.985611059942,40.1372383293422,1.0,0.0,0.0,0,500,500,4000,68.41788864135742
ok,ptft,16,5000,0.30400000000000005,1520,0.304,10000,0.001,0.0,10.0,0.1,1.0,0.1,0.0,unit_total_var,,0.5,5000000,5000,50000,True,0.0001,,0.0,0.0,1.0,2000,train_pred_mse,5000,0.6754466754235726,0.6706135807499074,1.519067103493533e-16,12.460881747424205,1994.890030769493,37.38089464666105,1.0,0.0,0.0,0,500,500,4000,43.508265733718865
ok,ptft,17,5000,0.30400000000000005,1520,0.304,10000,0.001,0.0,10.0,0.1,1.0,0.1,0.0,unit_total_var,,0.5,5000000,5000,50000,True,0.0001,,0.0,0.0,1.0,2000,train_pred_mse,5000,0.6748733041452272,0.6624500205839431,1.4269926454304166e-16,12.548920311461638,2050.0331333618633,38.5737645332957,1.0,0.0,0.0,0,500,500,4000,41.137451887130744
ok,ptft,18,5000,0.30400000000000005,1520,0.304,10000,0.001,0.0,10.0,0.1,1.0,0.1,0.0,unit_total_var,,0.5,5000000,5000,50000,True,0.0001,,0.0,0.0,1.0,2000,train_pred_mse,5000,0.624359779446288,0.6282912496173794,1.4288503711763239e-16,12.318590394056285,2041.1812346766017,38.21874067732129,1.0,0.0,0.0,0,500,500,4000,58.37161087989807
ok,ptft,19,5000,0.30400000000000005,1520,0.304,10000,0.001,0.0,10.0,0.1,1.0,0.1,0.0,unit_total_var,,0.5,5000000,5000,50000,True,0.0001,,0.0,0.0,1.0,2000,train_pred_mse,5000,0.6784246353428017,0.6968470690347192,1.3751273578020788e-16,12.53358656934706,2052.305864337143,38.30999127085504,1.0,0.0,0.0,0,500,500,4000,39.8969349861145
ok,ptft,6,5000,0.30400000000000005,1520,0.304,10000,0.001,0.0,10.0,0.1,1.0,0.1,0.0,unit_total_var,,0.5,5000000,5000,50000,True,0.0001,,0.0,0.0,1.0,2000,train_pred_mse,5000,0.6903170979567048,0.6818159379291763,1.4043718182249782e-16,12.126822685800393,2080.828749063742,39.03342699531682,1.0,0.0,0.0,0,500,500,4000,42.28048205375672
ok,ptft,7,5000,0.30400000000000005,1520,0.304,10000,0.001,0.0,10.0,0.1,1.0,0.1,0.0,unit_total_var,,0.5,5000000,5000,50000,True,0.0001,,0.0,0.0,1.0,2000,train_pred_mse,5000,0.7087267164695062,0.7109407693477638,1.3800800586768296e-16,12.44435489613199,2081.929296305574,38.872356101363,1.0,0.0,0.0,0,500,500,4000,59.91611933708191
ok,ptft,8,5000,0.30400000000000005,1520,0.304,10000,0.001,0.0,10.0,0.1,1.0,0.1,0.0,unit_total_var,,0.5,5000000,5000,50000,True,0.0001,,0.0,0.0,1.0,2000,train_pred_mse,5000,0.7526467147956246,0.7417001229479477,1.3785693930967102e-16,12.490000986494836,2108.6454133445473,39.6141786411781,1.0,0.0,0.0,0,500,500,4000,51.343911409378045
ok,ptft,9,5000,0.30400000000000005,1520,0.304,10000,0.001,0.0,10.0,0.1,1.0,0.1,0.0,unit_total_var,,0.5,5000000,5000,50000,True,0.0001,,0.0,0.0,1.0,2000,train_pred_mse,5000,0.6978887911531889,0.671668480229329,1.5064169785318462e-16,12.482461068209744,2034.5446929661746,38.277675565637004,1.0,0.0,0.0,0,500,500,4000,43.2999746799469
ok,ptft,10,5000,0.35300000000000004,1765,0.353,10000,0.001,0.0,10.0,0.1,1.0,0.1,0.0,unit_total_var,,0.5,5000000,5000,50000,True,0.0001,,0.0,0.0,1.0,2000,train_pred_mse,5000,0.7214713554877248,0.6907894132770298,1.8881078693014435e-16,14.607639491967852,2233.6809162341706,42.43904636036211,1.0,0.0,0.0,0,500,500,4000,68.41598510742189
ok,ptft,11,5000,0.35300000000000004,1765,0.353,10000,0.001,0.0,10.0,0.1,1.0,0.1,0.0,unit_total_var,,0.5,5000000,5000,50000,True,0.0001,,0.0,0.0,1.0,2000,train_pred_mse,5000,0.7183260546996707,0.7305821005873033,1.8125833748428923e-16,14.511527911294758,2328.674955780793,44.3912900994487,1.0,0.0,0.0,0,500,500,4000,64.08420538902283
ok,ptft,12,5000,0.35300000000000004,1765,0.353,10000,0.001,0.0,10.0,0.1,1.0,0.1,0.0,unit_total_var,,0.5,5000000,5000,50000,True,0.0001,,0.0,0.0,1.0,2000,train_pred_mse,5000,0.5976469319790094,0.6023562755831791,1.8496921263883927e-16,13.667667486700337,2146.9854666270244,40.88483858742815,1.0,0.0,0.0,0,500,500,4000,65.02744364738464
ok,ptft,13,5000,0.35300000000000004,1765,0.353,10000,0.001,0.0,10.0,0.1,1.0,0.1,0.0,unit_total_var,,0.5,5000000,5000,50000,True,0.0001,,0.0,0.0,1.0,2000,train_pred_mse,5000,0.6591732899501578,0.6633969889484878,1.7401681617213203e-16,14.1057825420675,2312.9900718754448,44.04657556000304,1.0,0.0,0.0,0,500,500,4000,79.50340485572816
ok,ptft,14,5000,0.35300000000000004,1765,0.353,10000,0.001,0.0,10.0,0.1,1.0,0.1,0.0,unit_total_var,,0.5,5000000,5000,50000,True,0.0001,,0.0,0.0,1.0,2000,train_pred_mse,5000,0.7138307602248251,0.7232576694669295,1.774929147366251e-16,14.59468673916961,2313.769188299404,43.98253119518486,1.0,0.0,0.0,0,500,500,4000,56.82463502883911
ok,ptft,15,5000,0.35300000000000004,1765,0.353,10000,0.001,0.0,10.0,0.1,1.0,0.1,0.0,unit_total_var,,0.5,5000000,5000,50000,True,0.0001,,0.0,0.0,1.0,2000,train_pred_mse,5000,0.6479569980671648,0.6467803406739837,1.7810124452649511e-16,14.670616477369856,2290.703613355105,43.88994050797247,1.0,0.0,0.0,0,500,500,4000,79.20521736145021
ok,ptft,16,5000,0.35300000000000004,1765,0.353,10000,0.001,0.0,10.0,0.1,1.0,0.1,0.0,unit_total_var,,0.5,5000000,5000,50000,True,0.0001,,0.0,0.0,1.0,2000,train_pred_mse,5000,0.6085507797624761,0.6050500789607397,1.8398872408754847e-16,13.923314621528874,2181.3938755416625,41.538590788306365,1.0,0.0,0.0,0,500,500,4000,55.39390850067139
ok,ptft,17,5000,0.35300000000000004,1765,0.353,10000,0.001,0.0,10.0,0.1,1.0,0.1,0.0,unit_total_var,,0.5,5000000,5000,50000,True,0.0001,,0.0,0.0,1.0,2000,train_pred_mse,5000,0.6181380398128169,0.6037227144828909,1.8480568706434836e-16,14.237421630019718,2197.902905512145,42.211171363709845,1.0,0.0,0.0,0,500,500,4000,39.441042900085456
ok,ptft,18,5000,0.35300000000000004,1765,0.353,10000,0.001,0.0,10.0,0.1,1.0,0.1,0.0,unit_total_var,,0.5,5000000,5000,50000,True,0.0001,,0.0,0.0,1.0,2000,train_pred_mse,5000,0.5981518287337735,0.5909336306113806,1.902129132047661e-16,13.979287084945517,2123.178863704822,40.58509132432988,1.0,0.0,0.0,0,500,500,4000,64.06507134437561
ok,ptft,19,5000,0.35300000000000004,1765,0.353,10000,0.001,0.0,10.0,0.1,1.0,0.1,0.0,unit_total_var,,0.5,5000000,5000,50000,True,0.0001,,0.0,0.0,1.0,2000,train_pred_mse,5000,0.6450783312278109,0.6491487040469603,1.8996009100941134e-16,14.276563785983562,2177.7205987993284,41.30341632469729,1.0,0.0,0.0,0,500,500,4000,50.33910393714905
ok,ptft,6,5000,0.35300000000000004,1765,0.353,10000,0.001,0.0,10.0,0.1,1.0,0.1,0.0,unit_total_var,,0.5,5000000,5000,50000,True,0.0001,,0.0,0.0,1.0,2000,train_pred_mse,5000,0.6268080086681193,0.6269620280872609,1.8501803951213807e-16,13.806758543313553,2214.5985849493345,42.401205201607674,1.0,0.0,0.0,0,500,500,4000,56.55462384223938
ok,ptft,7,5000,0.35300000000000004,1765,0.353,10000,0.001,0.0,10.0,0.1,1.0,0.1,0.0,unit_total_var,,0.5,5000000,5000,50000,True,0.0001,,0.0,0.0,1.0,2000,train_pred_mse,5000,0.6444917818322727,0.6509695224898467,1.9263516838849694e-16,14.30326514479941,2225.010739990227,42.555561025780975,1.0,0.0,0.0,0,500,500,4000,66.92012071609497
ok,ptft,8,5000,0.35300000000000004,1765,0.353,10000,0.001,0.0,10.0,0.1,1.0,0.1,0.0,unit_total_var,,0.5,5000000,5000,50000,True,0.0001,,0.0,0.0,1.0,2000,train_pred_mse,5000,0.721174272038397,0.7051527718923306,1.9668347693901166e-16,14.494950970146967,2193.7727777656282,41.86213000117211,1.0,0.0,0.0,0,500,500,4000,57.03576326370239
ok,ptft,9,5000,0.35300000000000004,1765,0.353,10000,0.001,0.0,10.0,0.1,1.0,0.1,0.0,unit_total_var,,0.5,5000000,5000,50000,True,0.0001,,0.0,0.0,1.0,2000,train_pred_mse,5000,0.6293190708059696,0.6174067211859782,1.9189436957038076e-16,14.532311132231273,2164.927090629763,41.669984015962136,1.0,0.0,0.0,0,500,500,4000,49.97714328765869
ok,ptft,10,5000,0.402,2010,0.402,10000,0.001,0.0,10.0,0.1,1.0,0.1,0.0,unit_total_var,,0.5,5000000,5000,50000,True,0.0001,,0.0,0.0,1.0,2000,train_pred_mse,5000,0.6324551708699128,0.6281871543149556,3.1922312597350555e-16,16.245454213538082,2362.516668002893,45.98088457431885,1.0,0.0,0.0,0,500,500,4000,89.56253051757812
ok,ptft,11,5000,0.402,2010,0.402,10000,0.001,0.0,10.0,0.1,1.0,0.1,0.0,unit_total_var,,0.5,5000000,5000,50000,True,0.0001,,0.0,0.0,1.0,2000,train_pred_mse,5000,0.6636484333676222,0.6629682807975229,3.110953747417925e-16,15.74434530020119,2481.357972095117,48.04673056716962,1.0,0.0,0.0,0,500,500,4000,75.73990726470947
ok,ptft,12,5000,0.402,2010,0.402,10000,0.001,0.0,10.0,0.1,1.0,0.1,0.0,unit_total_var,,0.5,5000000,5000,50000,True,0.0001,,0.0,0.0,1.0,2000,train_pred_mse,5000,0.5478023896561098,0.5541710727219392,2.98117248319756e-16,16.12285209624183,2262.3882490993687,43.7333696765412,1.0,0.0,0.0,0,500,500,4000,72.513263463974
ok,ptft,13,5000,0.402,2010,0.402,10000,0.001,0.0,10.0,0.1,1.0,0.1,0.0,unit_total_var,,0.5,5000000,5000,50000,True,0.0001,,0.0,0.0,1.0,2000,train_pred_mse,5000,0.597526321238832,0.6158217694356027,2.8445877748719503e-16,15.86112519832838,2393.121306895654,46.67037321944365,1.0,0.0,0.0,0,500,500,4000,64.41424822807312
ok,ptft,14,5000,0.402,2010,0.402,10000,0.001,0.0,10.0,0.1,1.0,0.1,0.0,unit_total_var,,0.5,5000000,5000,50000,True,0.0001,,0.0,0.0,1.0,2000,train_pred_mse,5000,0.6778784891366338,0.6677749153333836,3.10084095825312e-16,15.71214703362557,2417.1249924489875,47.039601061195974,1.0,0.0,0.0,0,500,500,4000,62.77910923957825
ok,ptft,15,5000,0.402,2010,0.402,10000,0.001,0.0,10.0,0.1,1.0,0.1,0.0,unit_total_var,,0.5,5000000,5000,50000,True,0.0001,,0.0,0.0,1.0,2000,train_pred_mse,5000,0.6092835727822943,0.6255387981992261,3.085679380318229e-16,16.030223010768573,2326.4322094648387,45.0878615430266,1.0,0.0,0.0,0,500,500,4000,88.19996309280396
ok,ptft,16,5000,0.402,2010,0.402,10000,0.001,0.0,10.0,0.1,1.0,0.1,0.0,unit_total_var,,0.5,5000000,5000,50000,True,0.0001,,0.0,0.0,1.0,2000,train_pred_mse,5000,0.5952329052532742,0.5802712327418453,2.957907189204458e-16,16.58810528937156,2224.39473102086,43.00126887764864,1.0,0.0,0.0,0,500,500,4000,72.04834628105165
ok,ptft,17,5000,0.402,2010,0.402,10000,0.001,0.0,10.0,0.1,1.0,0.1,0.0,unit_total_var,,0.5,5000000,5000,50000,True,0.0001,,0.0,0.0,1.0,2000,train_pred_mse,5000,0.5944420200196812,0.5784563819731359,3.0322217204390097e-16,16.41258752577845,2237.258069318446,43.67515287945961,1.0,0.0,0.0,0,500,500,4000,77.18340492248534
ok,ptft,18,5000,0.402,2010,0.402,10000,0.001,0.0,10.0,0.1,1.0,0.1,0.0,unit_total_var,,0.5,5000000,5000,50000,True,0.0001,,0.0,0.0,1.0,2000,train_pred_mse,5000,0.5619468158337733,0.5594926788283219,2.9062759003038435e-16,16.21848977604885,2211.9425181845622,42.478858326511606,1.0,0.0,0.0,0,500,500,4000,68.53354406356812
ok,ptft,19,5000,0.402,2010,0.402,10000,0.001,0.0,10.0,0.1,1.0,0.1,0.0,unit_total_var,,0.5,5000000,5000,50000,True,0.0001,,0.0,0.0,1.0,2000,train_pred_mse,5000,0.5986834340134722,0.6068878529936784,3.0121639122476764e-16,15.811939619637732,2255.438686332553,43.79013442835674,1.0,0.0,0.0,0,500,500,4000,62.196080446243286
ok,ptft,6,5000,0.402,2010,0.402,10000,0.001,0.0,10.0,0.1,1.0,0.1,0.0,unit_total_var,,0.5,5000000,5000,50000,True,0.0001,,0.0,0.0,1.0,2000,train_pred_mse,5000,0.6003732499476089,0.5960717930241238,3.302993960201902e-16,16.070843099928208,2284.961532138009,44.185901489246966,1.0,0.0,0.0,0,500,500,4000,81.71560072898866
ok,ptft,7,5000,0.402,2010,0.402,10000,0.001,0.0,10.0,0.1,1.0,0.1,0.0,unit_total_var,,0.5,5000000,5000,50000,True,0.0001,,0.0,0.0,1.0,2000,train_pred_mse,5000,0.6204619536759176,0.6204262088098579,2.961542670326358e-16,15.916457917827444,2297.9422153143873,44.31395808870504,1.0,0.0,0.0,0,500,500,4000,75.08051300048828
ok,ptft,8,5000,0.402,2010,0.402,10000,0.001,0.0,10.0,0.1,1.0,0.1,0.0,unit_total_var,,0.5,5000000,5000,50000,True,0.0001,,0.0,0.0,1.0,2000,train_pred_mse,5000,0.6174367874053737,0.6207104133584402,2.9486336182025217e-16,16.317051791117013,2396.821566316789,46.63777268569937,1.0,0.0,0.0,0,500,500,4000,75.33743739128113
ok,ptft,9,5000,0.402,2010,0.402,10000,0.001,0.0,10.0,0.1,1.0,0.1,0.0,unit_total_var,,0.5,5000000,5000,50000,True,0.0001,,0.0,0.0,1.0,2000,train_pred_mse,5000,0.5932234365628836,0.5779446122562394,2.9453038380782435e-16,15.992325930646524,2248.939680670842,43.9802380085794,1.0,0.0,0.0,0,500,500,4000,64.40635848045349
ok,ptft,10,5000,0.451,2255,0.451,10000,0.001,0.0,10.0,0.1,1.0,0.1,0.0,unit_total_var,,0.5,5000000,5000,50000,True,0.0001,,0.0,0.0,1.0,2000,train_pred_mse,5000,0.5811470668404767,0.5766087179695151,2.1921344053518082e-14,17.895710781987805,2447.693359112616,48.70417831021781,1.0,0.0,0.0,0,500,500,4000,98.28595399856569
ok,ptft,11,5000,0.451,2255,0.451,10000,0.001,0.0,10.0,0.1,1.0,0.1,0.0,unit_total_var,,0.5,5000000,5000,50000,True,0.0001,,0.0,0.0,1.0,2000,train_pred_mse,5000,0.6227719385415796,0.6127166764684876,5.6368441060413316e-14,18.01556222324087,2558.964745443841,50.58958980898297,1.0,0.0,0.0,0,500,500,4000,87.73062825202942
ok,ptft,12,5000,0.451,2255,0.451,10000,0.001,0.0,10.0,0.1,1.0,0.1,0.0,unit_total_var,,0.5,5000000,5000,50000,True,0.0001,,0.0,0.0,1.0,2000,train_pred_mse,5000,0.5109096155031384,0.5152625837928019,4.159140236483482e-14,17.706133476977552,2332.2405024469963,45.902568605901926,1.0,0.0,0.0,0,500,500,4000,83.07171654701233
ok,ptft,13,5000,0.451,2255,0.451,10000,0.001,0.0,10.0,0.1,1.0,0.1,0.0,unit_total_var,,0.5,5000000,5000,50000,True,0.0001,,0.0,0.0,1.0,2000,train_pred_mse,5000,0.5630796649704776,0.5757382961707644,8.078443003796684e-14,18.02401060298776,2450.2176874392458,48.76417410840229,1.0,0.0,0.0,0,500,500,4000,70.05069947242737
ok,ptft,14,5000,0.451,2255,0.451,10000,0.001,0.0,10.0,0.1,1.0,0.1,0.0,unit_total_var,,0.5,5000000,5000,50000,True,0.0001,,0.0,0.0,1.0,2000,train_pred_mse,5000,0.6047616389640974,0.6079571416280243,4.811704814834797e-14,18.169707568096666,2514.545366685561,50.108970862527634,1.0,0.0,0.0,0,500,500,4000,54.77519106864929
ok,ptft,15,5000,0.451,2255,0.451,10000,0.001,0.0,10.0,0.1,1.0,0.1,0.0,unit_total_var,,0.5,5000000,5000,50000,True,0.0001,,0.0,0.0,1.0,2000,train_pred_mse,5000,0.5598753954851851,0.5616765071270924,5.5364179145661546e-14,18.15248081601196,2447.1471195112144,48.50336102177263,1.0,0.0,0.0,0,500,500,4000,79.30454874038695
ok,ptft,16,5000,0.451,2255,0.451,10000,0.001,0.0,10.0,0.1,1.0,0.1,0.0,unit_total_var,,0.5,5000000,5000,50000,True,0.0001,,0.0,0.0,1.0,2000,train_pred_mse,5000,0.5333695413547195,0.5179835424331223,4.342877566870586e-14,17.751664769177864,2336.819647846416,46.48416430808817,1.0,0.0,0.0,0,500,500,4000,89.34367561340332
ok,ptft,17,5000,0.451,2255,0.451,10000,0.001,0.0,10.0,0.1,1.0,0.1,0.0,unit_total_var,,0.5,5000000,5000,50000,True,0.0001,,0.0,0.0,1.0,2000,train_pred_mse,5000,0.5584994278466257,0.5448825781150923,2.3861600979883846e-14,18.160886011251762,2316.7490047762576,45.561998602365534,1.0,0.0,0.0,0,500,500,4000,67.82757902145386
ok,ptft,18,5000,0.451,2255,0.451,10000,0.001,0.0,10.0,0.1,1.0,0.1,0.0,unit_total_var,,0.5,5000000,5000,50000,True,0.0001,,0.0,0.0,1.0,2000,train_pred_mse,5000,0.5218236011337402,0.51454386923329,1.9365449633830372e-14,17.384723742605928,2296.614988965485,45.052980359747245,1.0,0.0,0.0,0,500,500,4000,76.44357228279114
ok,ptft,19,5000,0.451,2255,0.451,10000,0.001,0.0,10.0,0.1,1.0,0.1,0.0,unit_total_var,,0.5,5000000,5000,50000,True,0.0001,,0.0,0.0,1.0,2000,train_pred_mse,5000,0.5285068423641126,0.5405653175613881,2.819178734008882e-14,18.158989928964136,2387.146028533219,47.41769980539016,1.0,0.0,0.0,0,500,500,4000,71.08538269996644
ok,ptft,6,5000,0.451,2255,0.451,10000,0.001,0.0,10.0,0.1,1.0,0.1,0.0,unit_total_var,,0.5,5000000,5000,50000,True,0.0001,,0.0,0.0,1.0,2000,train_pred_mse,5000,0.5373316414409852,0.5393810853148326,1.5685929929612622e-14,17.751759434331092,2376.9358499926525,47.28200311078251,1.0,0.0,0.0,0,500,500,4000,55.136528491973884
ok,ptft,7,5000,0.451,2255,0.451,10000,0.001,0.0,10.0,0.1,1.0,0.1,0.0,unit_total_var,,0.5,5000000,5000,50000,True,0.0001,,0.0,0.0,1.0,2000,train_pred_mse,5000,0.5892548637960506,0.5755761104664191,2.2908665772284118e-14,18.02966656893624,2383.509730146769,46.77726121506185,1.0,0.0,0.0,0,500,500,4000,84.16412711143494
ok,ptft,8,5000,0.451,2255,0.451,10000,0.001,0.0,10.0,0.1,1.0,0.1,0.0,unit_total_var,,0.5,5000000,5000,50000,True,0.0001,,0.0,0.0,1.0,2000,train_pred_mse,5000,0.5931029870347088,0.578809848994568,4.142186849665346e-14,18.213870638649226,2445.1736834679627,48.82431384627001,1.0,0.0,0.0,0,500,500,4000,86.29810762405396
ok,ptft,9,5000,0.451,2255,0.451,10000,0.001,0.0,10.0,0.1,1.0,0.1,0.0,unit_total_var,,0.5,5000000,5000,50000,True,0.0001,,0.0,0.0,1.0,2000,train_pred_mse,5000,0.5387367544805839,0.5308434266242973,2.9727483530360857e-14,17.545328140760585,2358.0702194001465,46.57516631510209,1.0,0.0,0.0,0,500,500,4000,72.58305048942566
ok,ptft,10,5000,0.5,2500,0.5,10000,0.001,0.0,10.0,0.1,1.0,0.1,0.0,unit_total_var,,0.5,5000000,5000,50000,True,0.0001,,0.0,0.0,1.0,2000,train_pred_mse,5000,0.5277053502899507,0.5251286668992223,3.7713949992756105e-11,19.61902746876144,2534.357976349128,51.277222128728006,1.0,0.0,0.0,0,500,500,4000,95.36863327026369
ok,ptft,11,5000,0.5,2500,0.5,10000,0.001,0.0,10.0,0.1,1.0,0.1,0.0,unit_total_var,,0.5,5000000,5000,50000,True,0.0001,,0.0,0.0,1.0,2000,train_pred_mse,5000,0.55738754998832,0.5502101921191899,3.688796252957185e-11,19.533868050538853,2627.162804061184,53.587242674598805,1.0,0.0,0.0,0,500,500,4000,94.32414937019348
ok,ptft,12,5000,0.5,2500,0.5,10000,0.001,0.0,10.0,0.1,1.0,0.1,0.0,unit_total_var,,0.5,5000000,5000,50000,True,0.0001,,0.0,0.0,1.0,2000,train_pred_mse,5000,0.4684633382343102,0.4698142476792052,2.0623218417925468e-11,19.97818709999108,2370.0248431843115,48.31153132649785,1.0,0.0,0.0,0,500,500,4000,89.46691513061523
ok,ptft,13,5000,0.5,2500,0.5,10000,0.001,0.0,10.0,0.1,1.0,0.1,0.0,unit_total_var,,0.5,5000000,5000,50000,True,0.0001,,0.0,0.0,1.0,2000,train_pred_mse,5000,0.5272571846678056,0.5283388428659258,2.3223196547962654e-11,19.867016273360612,2524.048674985227,51.14074644166608,1.0,0.0,0.0,0,500,500,4000,83.33784937858582
ok,ptft,14,5000,0.5,2500,0.5,10000,0.001,0.0,10.0,0.1,1.0,0.1,0.0,unit_total_var,,0.5,5000000,5000,50000,True,0.0001,,0.0,0.0,1.0,2000,train_pred_mse,5000,0.5757085324514557,0.5802675578896431,2.323755247520243e-11,19.447085926142712,2562.3135150057024,51.47695578516262,1.0,0.0,0.0,0,500,500,4000,63.11113262176514
ok,ptft,15,5000,0.5,2500,0.5,10000,0.001,0.0,10.0,0.1,1.0,0.1,0.0,unit_total_var,,0.5,5000000,5000,50000,True,0.0001,,0.0,0.0,1.0,2000,train_pred_mse,5000,0.5283752346049083,0.5261684966277506,2.6744932780463587e-11,19.527071197881664,2476.297472150693,50.29311543098624,1.0,0.0,0.0,0,500,500,4000,86.65611863136292
ok,ptft,16,5000,0.5,2500,0.5,10000,0.001,0.0,10.0,0.1,1.0,0.1,0.0,unit_total_var,,0.5,5000000,5000,50000,True,0.0001,,0.0,0.0,1.0,2000,train_pred_mse,5000,0.4891862758738272,0.4789729341965334,2.670010438419403e-11,19.687733771237323,2391.780776375651,48.534558697595884,1.0,0.0,0.0,0,500,500,4000,77.99107718467712
ok,ptft,17,5000,0.5,2500,0.5,10000,0.001,0.0,10.0,0.1,1.0,0.1,0.0,unit_total_var,,0.5,5000000,5000,50000,True,0.0001,,0.0,0.0,1.0,2000,train_pred_mse,5000,0.4674575298834724,0.4605162043366943,2.4025407659473486e-11,19.229696056173577,2444.648540485044,49.976262006507206,1.0,0.0,0.0,0,500,500,4000,85.15844559669496
ok,ptft,18,5000,0.5,2500,0.5,10000,0.001,0.0,10.0,0.1,1.0,0.1,0.0,unit_total_var,,0.5,5000000,5000,50000,True,0.0001,,0.0,0.0,1.0,2000,train_pred_mse,5000,0.4590839463353282,0.4528580431416298,3.435953508152593e-11,19.234900318402158,2359.7650286209587,48.354421125428026,1.0,0.0,0.0,0,500,500,4000,82.90863370895386
ok,ptft,19,5000,0.5,2500,0.5,10000,0.001,0.0,10.0,0.1,1.0,0.1,0.0,unit_total_var,,0.5,5000000,5000,50000,True,0.0001,,0.0,0.0,1.0,2000,train_pred_mse,5000,0.4915646411740221,0.4931458075221141,2.8222189002171466e-11,20.02194337378567,2449.2663235481273,49.85806666566295,0.9998,0.0,0.0,0,500,500,4000,75.81089043617249
ok,ptft,6,5000,0.5,2500,0.5,10000,0.001,0.0,10.0,0.1,1.0,0.1,0.0,unit_total_var,,0.5,5000000,5000,50000,True,0.0001,,0.0,0.0,1.0,2000,train_pred_mse,5000,0.4839633510759566,0.4865277743325442,3.767135013622932e-11,20.131343869414533,2437.309431080805,49.998161631412856,1.0,0.0,0.0,0,500,500,4000,77.17804670333862
ok,ptft,7,5000,0.5,2500,0.5,10000,0.001,0.0,10.0,0.1,1.0,0.1,0.0,unit_total_var,,0.5,5000000,5000,50000,True,0.0001,,0.0,0.0,1.0,2000,train_pred_mse,5000,0.5035906242922159,0.5068626852810252,4.51382527399217e-11,19.426083281445287,2500.872119988447,50.31465204242775,1.0,0.0,0.0,0,500,500,4000,105.23751711845398
ok,ptft,8,5000,0.5,2500,0.5,10000,0.001,0.0,10.0,0.1,1.0,0.1,0.0,unit_total_var,,0.5,5000000,5000,50000,True,0.0001,,0.0,0.0,1.0,2000,train_pred_mse,5000,0.5266815178696012,0.5452454304930286,4.915339858426777e-11,19.107647117659546,2513.614657422442,50.51900945797758,1.0,0.0,0.0,0,500,500,4000,88.50027060508728
ok,ptft,9,5000,0.5,2500,0.5,10000,0.001,0.0,10.0,0.1,1.0,0.1,0.0,unit_total_var,,0.5,5000000,5000,50000,True,0.0001,,0.0,0.0,1.0,2000,train_pred_mse,5000,0.4931638768887886,0.4897073572211321,2.805972902680461e-11,19.373005861268094,2395.726370123598,48.72550081315471,1.0,0.0,0.0,0,500,500,4000,80.75347828865051
ok,ptft,10,5000,0.01,50,0.01,10000,0.001,0.0,1.0,0.1,1.0,0.9,0.0,unit_total_var,,0.5,5000000,5000,50000,True,0.0001,,0.0,0.0,1.0,2000,train_pred_mse,5000,1.041521618399999,1.0356280096214447,3.434177696671212e-17,38.67123197371612,465.4163567170056,9.342096596086147,1.0,0.0,0.0,0,4500,500,0,5.170025825500488
ok,ptft,11,5000,0.01,50,0.01,10000,0.001,0.0,1.0,0.1,1.0,0.9,0.0,unit_total_var,,0.5,5000000,5000,50000,True,0.0001,,0.0,0.0,1.0,2000,train_pred_mse,5000,1.0350820050925809,1.0108933445756292,2.5123210365155273e-17,39.87563291416476,376.45949716757116,7.465565814460462,1.0,0.0,0.0,0,4500,500,0,6.904015779495238
ok,ptft,12,5000,0.01,50,0.01,10000,0.001,0.0,1.0,0.1,1.0,0.9,0.0,unit_total_var,,0.5,5000000,5000,50000,True,0.0001,,0.0,0.0,1.0,2000,train_pred_mse,5000,0.9652835180158928,0.9781162017023288,3.0757571725073804e-17,39.26047114788177,359.09899429427094,7.106605588707489,1.0,0.0,0.0,0,4500,500,0,4.574906826019287
ok,ptft,13,5000,0.01,50,0.01,10000,0.001,0.0,1.0,0.1,1.0,0.9,0.0,unit_total_var,,0.5,5000000,5000,50000,True,0.0001,,0.0,0.0,1.0,2000,train_pred_mse,5000,1.0188523700259466,1.0051755158385594,5.5206673691078225e-17,40.444473930115954,448.4930950404128,8.798961898711184,1.0,0.0,0.0,0,4500,500,0,6.691128730773926
ok,ptft,14,5000,0.01,50,0.01,10000,0.001,0.0,1.0,0.1,1.0,0.9,0.0,unit_total_var,,0.5,5000000,5000,50000,True,0.0001,,0.0,0.0,1.0,2000,train_pred_mse,5000,1.0065456627507348,0.9878533965071962,4.1995288866299615e-17,41.29653733158913,419.88275945625526,8.191488819465157,1.0,0.0,0.0,0,4500,500,0,5.496713399887085
ok,ptft,15,5000,0.01,50,0.01,10000,0.001,0.0,1.0,0.1,1.0,0.9,0.0,unit_total_var,,0.5,5000000,5000,50000,True,0.0001,,0.0,0.0,1.0,2000,train_pred_mse,5000,0.9780047990472508,0.9680193738953364,3.09290712994345e-17,39.75307981334302,386.6807113718807,7.548933828436894,1.0,0.0,0.0,0,4500,500,0,4.497937202453613
ok,ptft,16,5000,0.01,50,0.01,10000,0.001,0.0,1.0,0.1,1.0,0.9,0.0,unit_total_var,,0.5,5000000,5000,50000,True,0.0001,,0.0,0.0,1.0,2000,train_pred_mse,5000,0.9838276950761684,0.9883269158272464,3.3511569656325815e-17,39.66744412840541,377.7269122076272,7.55875918069509,1.0,0.0,0.0,0,4500,500,0,4.950084447860718
ok,ptft,17,5000,0.01,50,0.01,10000,0.001,0.0,1.0,0.1,1.0,0.9,0.0,unit_total_var,,0.5,5000000,5000,50000,True,0.0001,,0.0,0.0,1.0,2000,train_pred_mse,5000,0.953815197479187,0.990547101305538,3.548399493188855e-17,40.1791075446153,372.63920987333915,7.312785984529334,1.0,0.0,0.0,0,4500,500,0,5.192123889923097
ok,ptft,18,5000,0.01,50,0.01,10000,0.001,0.0,1.0,0.1,1.0,0.9,0.0,unit_total_var,,0.5,5000000,5000,50000,True,0.0001,,0.0,0.0,1.0,2000,train_pred_mse,5000,1.0270695741457057,1.020095087385024,2.5873027624060798e-17,41.79545045137847,378.0995042986576,7.3614859992046915,1.0,0.0,0.0,0,4500,500,0,5.707232713699341
ok,ptft,19,5000,0.01,50,0.01,10000,0.001,0.0,1.0,0.1,1.0,0.9,0.0,unit_total_var,,0.5,5000000,5000,50000,True,0.0001,,0.0,0.0,1.0,2000,train_pred_mse,5000,0.9646479306969391,0.978174862201492,3.117333244092524e-17,41.28219564448067,427.9829588448428,8.371187165288998,1.0,0.0,0.0,0,4500,500,0,6.9922542572021475
ok,ptft,6,5000,0.01,50,0.01,10000,0.001,0.0,1.0,0.1,1.0,0.9,0.0,unit_total_var,,0.5,5000000,5000,50000,True,0.0001,,0.0,0.0,1.0,2000,train_pred_mse,5000,0.9751726484600504,0.9609437312214548,2.6357909366847325e-17,39.60738256177519,398.81976156531687,7.889696798527367,1.0,0.0,0.0,0,4500,500,0,4.745323181152344
ok,ptft,7,5000,0.01,50,0.01,10000,0.001,0.0,1.0,0.1,1.0,0.9,0.0,unit_total_var,,0.5,5000000,5000,50000,True,0.0001,,0.0,0.0,1.0,2000,train_pred_mse,5000,0.9843026855122756,0.9847436121746741,2.319778428650068e-17,41.15676545764346,346.42799497578994,6.896709996695828,1.0,0.0,0.0,0,4500,500,0,4.680700302124023
ok,ptft,8,5000,0.01,50,0.01,10000,0.001,0.0,1.0,0.1,1.0,0.9,0.0,unit_total_var,,0.5,5000000,5000,50000,True,0.0001,,0.0,0.0,1.0,2000,train_pred_mse,5000,0.9849143324950672,0.9788818267565332,3.9717045691553005e-17,40.15787724789777,378.6399864323689,7.61211922208469,1.0,0.0,0.0,0,4500,500,0,5.600032091140747
ok,ptft,9,5000,0.01,50,0.01,10000,0.001,0.0,1.0,0.1,1.0,0.9,0.0,unit_total_var,,0.5,5000000,5000,50000,True,0.0001,,0.0,0.0,1.0,2000,train_pred_mse,5000,0.9776250184011528,0.9792867252457949,1.444886877256386e-17,39.149621571202886,343.0398090954634,6.8473812204981375,1.0,0.0,0.0,0,4500,500,0,5.964433193206787
ok,ptft,10,5000,0.059,295,0.059000000000000004,10000,0.001,0.0,1.0,0.1,1.0,0.9,0.0,unit_total_var,,0.5,5000000,5000,50000,True,0.0001,,0.0,0.0,1.0,2000,train_pred_mse,5000,1.0117857192559314,1.007950136453306,4.3407844438328556e-08,242.18131455065566,1024.9822573953138,20.32663825498545,1.0,0.0,0.0,0,4500,500,0,12.270586729049684
ok,ptft,11,5000,0.059,295,0.059000000000000004,10000,0.001,0.0,1.0,0.1,1.0,0.9,0.0,unit_total_var,,0.5,5000000,5000,50000,True,0.0001,,0.0,0.0,1.0,2000,train_pred_mse,5000,1.0125113274874498,0.982945810492041,5.112359013487289e-08,237.92658311103736,993.2128655194774,19.726191193933424,1.0,0.0,0.0,0,4500,500,0,12.552016258239744
ok,ptft,12,5000,0.059,295,0.059000000000000004,10000,0.001,0.0,1.0,0.1,1.0,0.9,0.0,unit_total_var,,0.5,5000000,5000,50000,True,0.0001,,0.0,0.0,1.0,2000,train_pred_mse,5000,0.9399285716966408,0.9529954697887292,4.6939030301310316e-08,236.8720427052994,943.6048365634706,18.586301375545517,1.0,0.0,0.0,0,4500,500,0,7.300028085708617
ok,ptft,13,5000,0.059,295,0.059000000000000004,10000,0.001,0.0,1.0,0.1,1.0,0.9,0.0,unit_total_var,,0.5,5000000,5000,50000,True,0.0001,,0.0,0.0,1.0,2000,train_pred_mse,5000,0.9921994108308324,0.978563275260854,6.010561049695268e-08,239.30111553627552,969.7140341450237,18.962550821557006,1.0,0.0,0.0,0,4500,500,0,12.538739204406738
ok,ptft,14,5000,0.059,295,0.059000000000000004,10000,0.001,0.0,1.0,0.1,1.0,0.9,0.0,unit_total_var,,0.5,5000000,5000,50000,True,0.0001,,0.0,0.0,1.0,2000,train_pred_mse,5000,0.9772290237926654,0.9600055303333634,3.9644145565736215e-08,239.7791640987554,967.7511592366513,18.889324518183148,1.0,0.0,0.0,0,4500,500,0,12.625268936157227
ok,ptft,15,5000,0.059,295,0.059000000000000004,10000,0.001,0.0,1.0,0.1,1.0,0.9,0.0,unit_total_var,,0.5,5000000,5000,50000,True,0.0001,,0.0,0.0,1.0,2000,train_pred_mse,5000,0.9564386835864458,0.9418954667937944,4.11070082527736e-08,228.07901599917045,979.4188519044844,19.33158031180725,1.0,0.0,0.0,0,4500,500,0,7.572939872741699
ok,ptft,16,5000,0.059,295,0.059000000000000004,10000,0.001,0.0,1.0,0.1,1.0,0.9,0.0,unit_total_var,,0.5,5000000,5000,50000,True,0.0001,,0.0,0.0,1.0,2000,train_pred_mse,5000,0.9647708865567418,0.9613452863964514,3.598589008211425e-08,224.84088397603455,979.1899450385727,19.22625928034998,1.0,0.0,0.0,0,4500,500,0,8.910134315490723
ok,ptft,17,5000,0.059,295,0.059000000000000004,10000,0.001,0.0,1.0,0.1,1.0,0.9,0.0,unit_total_var,,0.5,5000000,5000,50000,True,0.0001,,0.0,0.0,1.0,2000,train_pred_mse,5000,0.9339457409049856,0.9634556465763162,3.4995510522970484e-08,232.21014629236697,966.0031198298798,18.958647174119577,1.0,0.0,0.0,0,4500,500,0,9.712586879730225
ok,ptft,18,5000,0.059,295,0.059000000000000004,10000,0.001,0.0,1.0,0.1,1.0,0.9,0.0,unit_total_var,,0.5,5000000,5000,50000,True,0.0001,,0.0,0.0,1.0,2000,train_pred_mse,5000,1.009155100843075,0.9927914763074334,4.680594303741368e-08,231.93629420716724,987.1288014487213,19.62250707383395,1.0,0.0,0.0,0,4500,500,0,9.449067115783693
ok,ptft,19,5000,0.059,295,0.059000000000000004,10000,0.001,0.0,1.0,0.1,1.0,0.9,0.0,unit_total_var,,0.5,5000000,5000,50000,True,0.0001,,0.0,0.0,1.0,2000,train_pred_mse,5000,0.9463454466121152,0.95477714308261,4.038998908069797e-08,229.85522492409447,905.9698834262546,17.688230246887738,1.0,0.0,0.0,0,4500,500,0,10.23866367340088
ok,ptft,6,5000,0.059,295,0.059000000000000004,10000,0.001,0.0,1.0,0.1,1.0,0.9,0.0,unit_total_var,,0.5,5000000,5000,50000,True,0.0001,,0.0,0.0,1.0,2000,train_pred_mse,5000,0.945930764264664,0.9377008721923572,4.3181130619352916e-08,228.3627916537917,928.0400653980334,18.145472063887524,1.0,0.0,0.0,0,4500,500,0,7.86387300491333
ok,ptft,7,5000,0.059,295,0.059000000000000004,10000,0.001,0.0,1.0,0.1,1.0,0.9,0.0,unit_total_var,,0.5,5000000,5000,50000,True,0.0001,,0.0,0.0,1.0,2000,train_pred_mse,5000,0.9565840062883266,0.9541268228934876,4.2232389511612544e-08,240.1961327404505,980.4042095899704,19.055390065995127,1.0,0.0,0.0,0,4500,500,0,7.646732807159424
ok,ptft,8,5000,0.059,295,0.059000000000000004,10000,0.001,0.0,1.0,0.1,1.0,0.9,0.0,unit_total_var,,0.5,5000000,5000,50000,True,0.0001,,0.0,0.0,1.0,2000,train_pred_mse,5000,0.9515724741942508,0.9555242067374926,3.804724805302937e-08,234.2297503394917,912.1867324355643,17.853993195757564,1.0,0.0,0.0,0,4500,500,0,9.851400136947634
ok,ptft,9,5000,0.059,295,0.059000000000000004,10000,0.001,0.0,1.0,0.1,1.0,0.9,0.0,unit_total_var,,0.5,5000000,5000,50000,True,0.0001,,0.0,0.0,1.0,2000,train_pred_mse,5000,0.9410835051127214,0.9470604736833428,4.856356033675333e-08,239.93880238592254,1018.3062298849212,20.096739970704128,1.0,0.0,0.0,0,4500,500,0,9.787748098373411
ok,ptft,10,5000,0.10800000000000001,540,0.10800000000000001,10000,0.001,0.0,1.0,0.1,1.0,0.9,0.0,unit_total_var,,0.5,5000000,5000,50000,True,0.0001,,0.0,0.0,1.0,2000,train_pred_mse,5000,1.0031216827211131,0.9820374206706888,3.0595041969562666e-05,416.0889882809738,1276.5928072713045,25.193962275819526,1.0,0.0,0.0,0,4500,500,0,20.85628390312195
ok,ptft,11,5000,0.10800000000000001,540,0.10800000000000001,10000,0.001,0.0,1.0,0.1,1.0,0.9,0.0,unit_total_var,,0.5,5000000,5000,50000,True,0.0001,,0.0,0.0,1.0,2000,train_pred_mse,5000,0.9732964048683173,0.9562655670019892,2.8086901522494513e-05,421.08996805877814,1224.2898327922005,23.886494821899692,1.0,0.0,0.0,0,4500,500,0,17.681397438049316
ok,ptft,12,5000,0.10800000000000001,540,0.10800000000000001,10000,0.001,0.0,1.0,0.1,1.0,0.9,0.0,unit_total_var,,0.5,5000000,5000,50000,True,0.0001,,0.0,0.0,1.0,2000,train_pred_mse,5000,0.9070919826368102,0.9176129963371342,3.3721124180345455e-05,433.58829645592436,1282.4232091310325,24.864256283064805,1.0,0.0,0.0,0,4500,500,0,15.14867877960205
ok,ptft,13,5000,0.10800000000000001,540,0.10800000000000001,10000,0.001,0.0,1.0,0.1,1.0,0.9,0.0,unit_total_var,,0.5,5000000,5000,50000,True,0.0001,,0.0,0.0,1.0,2000,train_pred_mse,5000,0.9534063681997392,0.9447700178387636,2.6226764382242275e-05,407.0053865215808,1285.7211039406125,25.01711240207666,1.0,0.0,0.0,0,4500,500,0,21.800439596176147
ok,ptft,14,5000,0.10800000000000001,540,0.10800000000000001,10000,0.001,0.0,1.0,0.1,1.0,0.9,0.0,unit_total_var,,0.5,5000000,5000,50000,True,0.0001,,0.0,0.0,1.0,2000,train_pred_mse,5000,0.953706314877924,0.9283808087587896,3.0221143709769542e-05,429.76326664632734,1315.7094708883512,25.34950677964227,1.0,0.0,0.0,0,4500,500,0,25.27834272384644
ok,ptft,15,5000,0.10800000000000001,540,0.10800000000000001,10000,0.001,0.0,1.0,0.1,1.0,0.9,0.0,unit_total_var,,0.5,5000000,5000,50000,True,0.0001,,0.0,0.0,1.0,2000,train_pred_mse,5000,0.9246252779026286,0.9161380142507928,3.6517088119943576e-05,426.3364686711956,1227.8725571687125,24.24123074171553,1.0,0.0,0.0,0,4500,500,0,10.714902162551882
ok,ptft,16,5000,0.10800000000000001,540,0.10800000000000001,10000,0.001,0.0,1.0,0.1,1.0,0.9,0.0,unit_total_var,,0.5,5000000,5000,50000,True,0.0001,,0.0,0.0,1.0,2000,train_pred_mse,5000,0.9206753052373062,0.9238859311155628,3.596107947865228e-05,418.61029198830147,1297.178363443114,24.997589965700943,1.0,0.0,0.0,0,4500,500,0,16.060067653656006
ok,ptft,17,5000,0.10800000000000001,540,0.10800000000000001,10000,0.001,0.0,1.0,0.1,1.0,0.9,0.0,unit_total_var,,0.5,5000000,5000,50000,True,0.0001,,0.0,0.0,1.0,2000,train_pred_mse,5000,0.907077603069228,0.9311245906582388,3.582465402003037e-05,418.1227902952358,1303.9790925473171,25.083778558558933,1.0,0.0,0.0,0,4500,500,0,16.68984293937683
ok,ptft,18,5000,0.10800000000000001,540,0.10800000000000001,10000,0.001,0.0,1.0,0.1,1.0,0.9,0.0,unit_total_var,,0.5,5000000,5000,50000,True,0.0001,,0.0,0.0,1.0,2000,train_pred_mse,5000,0.9649744558703746,0.9584337682262636,3.2905975777769584e-05,434.5928410447879,1302.3300536287488,25.40303180355584,1.0,0.0,0.0,0,4500,500,0,19.941316127777103
ok,ptft,19,5000,0.10800000000000001,540,0.10800000000000001,10000,0.001,0.0,1.0,0.1,1.0,0.9,0.0,unit_total_var,,0.5,5000000,5000,50000,True,0.0001,,0.0,0.0,1.0,2000,train_pred_mse,5000,0.9121481320221976,0.9243835544776196,3.4612335201824075e-05,412.14961761461416,1314.7330100614633,25.924085582096,1.0,0.0,0.0,0,4500,500,0,15.738698482513428
ok,ptft,6,5000,0.10800000000000001,540,0.10800000000000001,10000,0.001,0.0,1.0,0.1,1.0,0.9,0.0,unit_total_var,,0.5,5000000,5000,50000,True,0.0001,,0.0,0.0,1.0,2000,train_pred_mse,5000,0.919416871871266,0.9071121134648578,3.3351776138604056e-05,408.884428430028,1249.8908699347214,24.461897457644724,1.0,0.0,0.0,0,4500,500,0,11.832386255264282
ok,ptft,7,5000,0.10800000000000001,540,0.10800000000000001,10000,0.001,0.0,1.0,0.1,1.0,0.9,0.0,unit_total_var,,0.5,5000000,5000,50000,True,0.0001,,0.0,0.0,1.0,2000,train_pred_mse,5000,0.9324890983490018,0.926638278512637,3.431133672699735e-05,436.5582237958301,1296.190867980302,25.46608605550757,1.0,0.0,0.0,0,4500,500,0,12.393197536468506
ok,ptft,8,5000,0.10800000000000001,540,0.10800000000000001,10000,0.001,0.0,1.0,0.1,1.0,0.9,0.0,unit_total_var,,0.5,5000000,5000,50000,True,0.0001,,0.0,0.0,1.0,2000,train_pred_mse,5000,0.9211081287577374,0.9144948598403858,3.069821639970769e-05,416.11292284446733,1328.1689249249514,25.854551527022913,1.0,0.0,0.0,0,4500,500,0,23.224326848983765
ok,ptft,9,5000,0.10800000000000001,540,0.10800000000000001,10000,0.001,0.0,1.0,0.1,1.0,0.9,0.0,unit_total_var,,0.5,5000000,5000,50000,True,0.0001,,0.0,0.0,1.0,2000,train_pred_mse,5000,0.9202657909655594,0.9220632402512696,3.514539267381268e-05,416.55747511566284,1281.68219042204,25.008487161590203,1.0,0.0,0.0,0,4500,500,0,20.51189112663269
ok,ptft,10,5000,0.15700000000000006,785,0.157,10000,0.001,0.0,1.0,0.1,1.0,0.9,0.0,unit_total_var,,0.5,5000000,5000,50000,True,0.0001,,0.0,0.0,1.0,2000,train_pred_mse,5000,0.9358629031644023,0.9242333848606706,0.00027790659639723034,591.9379793729863,1607.0473185704489,30.98828450592552,1.0,0.0,0.0,0,4500,500,0,28.366295099258426
ok,ptft,11,5000,0.15700000000000006,785,0.157,10000,0.001,0.0,1.0,0.1,1.0,0.9,0.0,unit_total_var,,0.5,5000000,5000,50000,True,0.0001,,0.0,0.0,1.0,2000,train_pred_mse,5000,0.927612202835562,0.8997302605210025,0.00031331821920231736,585.3493908985107,1587.8607895321632,30.404776652638823,1.0,0.0,0.0,0,4500,500,0,39.39587759971619
ok,ptft,12,5000,0.15700000000000006,785,0.157,10000,0.001,0.0,1.0,0.1,1.0,0.9,0.0,unit_total_var,,0.5,5000000,5000,50000,True,0.0001,,0.0,0.0,1.0,2000,train_pred_mse,5000,0.8545684618137566,0.8704292233322242,0.00034688823901107266,596.8743722772384,1560.7055539665628,30.180525890819396,1.0,0.0,0.0,0,4500,500,0,36.703994512557976
ok,ptft,13,5000,0.15700000000000006,785,0.157,10000,0.001,0.0,1.0,0.1,1.0,0.9,0.0,unit_total_var,,0.5,5000000,5000,50000,True,0.0001,,0.0,0.0,1.0,2000,train_pred_mse,5000,0.9028131655456972,0.9041478100883776,0.00030351042919232545,623.6861816339759,1495.7485433644824,28.853295150917482,1.0,0.0,0.0,0,4500,500,0,32.914296865463264
ok,ptft,14,5000,0.15700000000000006,785,0.157,10000,0.001,0.0,1.0,0.1,1.0,0.9,0.0,unit_total_var,,0.5,5000000,5000,50000,True,0.0001,,0.0,0.0,1.0,2000,train_pred_mse,5000,0.917030378854588,0.8948991370992199,0.00028235475233415967,591.5541075706412,1479.4508345367535,28.646151342230464,1.0,0.0,0.0,0,4500,500,0,28.178778648376465
ok,ptft,15,5000,0.15700000000000006,785,0.157,10000,0.001,0.0,1.0,0.1,1.0,0.9,0.0,unit_total_var,,0.5,5000000,5000,50000,True,0.0001,,0.0,0.0,1.0,2000,train_pred_mse,5000,0.8849875063001956,0.8833976883163861,0.00027168250376847315,581.4394454481343,1455.0417619661764,28.219051659910235,1.0,0.0,0.0,0,4500,500,0,14.681132316589355
ok,ptft,16,5000,0.15700000000000006,785,0.157,10000,0.001,0.0,1.0,0.1,1.0,0.9,0.0,unit_total_var,,0.5,5000000,5000,50000,True,0.0001,,0.0,0.0,1.0,2000,train_pred_mse,5000,0.8810164523440548,0.8802886973423188,0.00027795776209550656,594.7119310934992,1561.8219673930066,29.81129877551857,1.0,0.0,0.0,0,4500,500,0,26.858225584030148
ok,ptft,17,5000,0.15700000000000006,785,0.157,10000,0.001,0.0,1.0,0.1,1.0,0.9,0.0,unit_total_var,,0.5,5000000,5000,50000,True,0.0001,,0.0,0.0,1.0,2000,train_pred_mse,5000,0.8679322225352846,0.8918741241569608,0.0002718581854774119,585.2814027809535,1549.7862702131326,29.884701324266015,1.0,0.0,0.0,0,4500,500,0,41.655669212341316
ok,ptft,18,5000,0.15700000000000006,785,0.157,10000,0.001,0.0,1.0,0.1,1.0,0.9,0.0,unit_total_var,,0.5,5000000,5000,50000,True,0.0001,,0.0,0.0,1.0,2000,train_pred_mse,5000,0.9447880172621986,0.9172235699996568,0.00026602589067910895,594.0547298780989,1558.2087499381187,29.599143411735803,1.0,0.0,0.0,0,4500,500,0,16.166699171066284
ok,ptft,19,5000,0.15700000000000006,785,0.157,10000,0.001,0.0,1.0,0.1,1.0,0.9,0.0,unit_total_var,,0.5,5000000,5000,50000,True,0.0001,,0.0,0.0,1.0,2000,train_pred_mse,5000,0.8788595969905264,0.8828381134349451,0.0003173931429188814,608.3856788063036,1507.9113450568268,29.472906584706337,1.0,0.0,0.0,0,4500,500,0,22.334032773971558
ok,ptft,6,5000,0.15700000000000006,785,0.157,10000,0.001,0.0,1.0,0.1,1.0,0.9,0.0,unit_total_var,,0.5,5000000,5000,50000,True,0.0001,,0.0,0.0,1.0,2000,train_pred_mse,5000,0.8726114354638832,0.8629234954759857,0.0002812099296061829,584.4118924051177,1539.7280902240964,29.2059439334555,1.0,0.0,0.0,0,4500,500,0,17.667205095291138
ok,ptft,7,5000,0.15700000000000006,785,0.157,10000,0.001,0.0,1.0,0.1,1.0,0.9,0.0,unit_total_var,,0.5,5000000,5000,50000,True,0.0001,,0.0,0.0,1.0,2000,train_pred_mse,5000,0.8983910070774733,0.8951277077117691,0.00027653082272722574,585.0289194747204,1461.1962911803678,28.133236419030236,1.0,0.0,0.0,0,4500,500,0,23.49012470245361
ok,ptft,8,5000,0.15700000000000006,785,0.157,10000,0.001,0.0,1.0,0.1,1.0,0.9,0.0,unit_total_var,,0.5,5000000,5000,50000,True,0.0001,,0.0,0.0,1.0,2000,train_pred_mse,5000,0.8887234908606024,0.8809028624587231,0.00027653520284659,578.9592895336214,1556.6524965159156,30.10825302169071,1.0,0.0,0.0,0,4500,500,0,35.23778200149536
ok,ptft,9,5000,0.15700000000000006,785,0.157,10000,0.001,0.0,1.0,0.1,1.0,0.9,0.0,unit_total_var,,0.5,5000000,5000,50000,True,0.0001,,0.0,0.0,1.0,2000,train_pred_mse,5000,0.8870733018992043,0.8808425641957165,0.0002839961952357578,574.7926685336482,1523.0399965901856,29.158699295486045,1.0,0.0,0.0,0,4500,500,0,39.17966651916504
ok,ptft,10,5000,0.206,1030,0.20600000000000002,10000,0.001,0.0,1.0,0.1,1.0,0.9,0.0,unit_total_var,,0.5,5000000,5000,50000,True,0.0001,,0.0,0.0,1.0,2000,train_pred_mse,10000,0.8979494317179308,0.9011527108639144,7.14825880467354e-05,0.028078205429759938,1735.2597032209228,33.46326395470315,1.0,0.0,0.0,0,4500,500,0,69.02642297744751
ok,ptft,11,5000,0.206,1030,0.20600000000000002,10000,0.001,0.0,1.0,0.1,1.0,0.9,0.0,unit_total_var,,0.5,5000000,5000,50000,True,0.0001,,0.0,0.0,1.0,2000,train_pred_mse,10000,0.8971011904612602,0.8807235391327786,6.901938252682328e-05,0.02882842229284422,1701.6898740499778,32.49174787827367,1.0,0.0,0.0,0,4500,500,0,95.65532326698305
ok,ptft,12,5000,0.206,1030,0.20600000000000002,10000,0.001,0.0,1.0,0.1,1.0,0.9,0.0,unit_total_var,,0.5,5000000,5000,50000,True,0.0001,,0.0,0.0,1.0,2000,train_pred_mse,10000,0.8342467648298936,0.8384902793832338,6.470511010452398e-05,0.02706532243460628,1739.3126265961769,33.41754031291464,1.0,0.0,0.0,0,4500,500,0,43.97350335121155
ok,ptft,13,5000,0.206,1030,0.20600000000000002,10000,0.001,0.0,1.0,0.1,1.0,0.9,0.0,unit_total_var,,0.5,5000000,5000,50000,True,0.0001,,0.0,0.0,1.0,2000,train_pred_mse,10000,0.8706633956849091,0.8570837903551259,6.143048676014902e-05,0.02557434622807112,1764.2908882645306,33.9193074107771,1.0,0.0,0.0,0,4500,500,0,74.18869590759276
ok,ptft,14,5000,0.206,1030,0.20600000000000002,10000,0.001,0.0,1.0,0.1,1.0,0.9,0.0,unit_total_var,,0.5,5000000,5000,50000,True,0.0001,,0.0,0.0,1.0,2000,train_pred_mse,10000,0.8617480212038038,0.8412076033205682,5.904666089045233e-05,0.025095381547181696,1784.743348550381,34.331493756505324,1.0,0.0,0.0,0,4500,500,0,93.25413703918457
ok,ptft,15,5000,0.206,1030,0.20600000000000002,10000,0.001,0.0,1.0,0.1,1.0,0.9,0.0,unit_total_var,,0.5,5000000,5000,50000,True,0.0001,,0.0,0.0,1.0,2000,train_pred_mse,10000,0.847248684126422,0.8471728897444204,6.750185301566864e-05,0.027411255428082437,1665.677442023041,31.79715472541472,1.0,0.0,0.0,0,4500,500,0,45.79802441596985
ok,ptft,16,5000,0.206,1030,0.20600000000000002,10000,0.001,0.0,1.0,0.1,1.0,0.9,0.0,unit_total_var,,0.5,5000000,5000,50000,True,0.0001,,0.0,0.0,1.0,2000,train_pred_mse,10000,0.8533008552777889,0.8471174354997726,5.7708881014322745e-05,0.025134050994853448,1766.4574301857472,34.043681928693765,1.0,0.0,0.0,0,4500,500,0,65.8909809589386
ok,ptft,17,5000,0.206,1030,0.20600000000000002,10000,0.001,0.0,1.0,0.1,1.0,0.9,0.0,unit_total_var,,0.5,5000000,5000,50000,True,0.0001,,0.0,0.0,1.0,2000,train_pred_mse,10000,0.8333453287121941,0.8519950004547227,6.376234489290576e-05,0.027680019071109008,1733.4794811653226,33.315343013107594,1.0,0.0,0.0,0,4500,500,0,56.75358009338379
ok,ptft,18,5000,0.206,1030,0.20600000000000002,10000,0.001,0.0,1.0,0.1,1.0,0.9,0.0,unit_total_var,,0.5,5000000,5000,50000,True,0.0001,,0.0,0.0,1.0,2000,train_pred_mse,10000,0.8891658109872176,0.8706265573541219,6.186310948390296e-05,0.02603863447758636,1802.7743627717632,34.66780288634634,1.0,0.0,0.0,0,4500,500,0,43.746602535247796
ok,ptft,19,5000,0.206,1030,0.20600000000000002,10000,0.001,0.0,1.0,0.1,1.0,0.9,0.0,unit_total_var,,0.5,5000000,5000,50000,True,0.0001,,0.0,0.0,1.0,2000,train_pred_mse,10000,0.8340921677979394,0.8443912839741677,5.841754101510855e-05,0.02479052711778092,1781.4136606203629,34.35144934207109,1.0,0.0,0.0,0,4500,500,0,94.28736925125122
ok,ptft,6,5000,0.206,1030,0.20600000000000002,10000,0.001,0.0,1.0,0.1,1.0,0.9,0.0,unit_total_var,,0.5,5000000,5000,50000,True,0.0001,,0.0,0.0,1.0,2000,train_pred_mse,10000,0.8212893363641312,0.8102109140770649,5.9411023063191e-05,0.026216116007647262,1791.2758054881522,34.184500431656325,1.0,0.0,0.0,0,4500,500,0,60.94276857376098
ok,ptft,7,5000,0.206,1030,0.20600000000000002,10000,0.001,0.0,1.0,0.1,1.0,0.9,0.0,unit_total_var,,0.5,5000000,5000,50000,True,0.0001,,0.0,0.0,1.0,2000,train_pred_mse,10000,0.8224766950083806,0.8310390188360747,6.289462844142491e-05,0.027407547647629503,1758.8750984389212,33.43840143321767,1.0,0.0,0.0,0,4500,500,0,70.12002611160278
ok,ptft,8,5000,0.206,1030,0.20600000000000002,10000,0.001,0.0,1.0,0.1,1.0,0.9,0.0,unit_total_var,,0.5,5000000,5000,50000,True,0.0001,,0.0,0.0,1.0,2000,train_pred_mse,10000,0.8263178516215066,0.82635008787336,6.808320989597207e-05,0.028011348219794063,1785.969084176738,33.95775760523969,1.0,0.0,0.0,0,4500,500,0,80.89568519592284
ok,ptft,9,5000,0.206,1030,0.20600000000000002,10000,0.001,0.0,1.0,0.1,1.0,0.9,0.0,unit_total_var,,0.5,5000000,5000,50000,True,0.0001,,0.0,0.0,1.0,2000,train_pred_mse,10000,0.8215671815040044,0.8374150483725924,5.349040027088471e-05,0.025208098234196605,1759.2733785505852,33.245946493819325,1.0,0.0,0.0,0,4500,500,0,101.37275195121764
ok,ptft,10,5000,0.255,1275,0.255,10000,0.001,0.0,1.0,0.1,1.0,0.9,0.0,unit_total_var,,0.5,5000000,5000,50000,True,0.0001,,0.0,0.0,1.0,2000,train_pred_mse,10000,0.8472330390021976,0.8360298098597184,0.00018838409755458717,0.05003180273424162,2014.8386560232032,38.70065959863289,1.0,0.0,0.0,0,4500,500,0,81.12225556373595
ok,ptft,11,5000,0.255,1275,0.255,10000,0.001,0.0,1.0,0.1,1.0,0.9,0.0,unit_total_var,,0.5,5000000,5000,50000,True,0.0001,,0.0,0.0,1.0,2000,train_pred_mse,10000,0.8510039909999814,0.8332962515942938,0.000215413960461342,0.05503063079539889,1945.5305703772246,37.036853336315815,1.0,0.0,0.0,0,4500,500,0,102.16283655166626
ok,ptft,12,5000,0.255,1275,0.255,10000,0.001,0.0,1.0,0.1,1.0,0.9,0.0,unit_total_var,,0.5,5000000,5000,50000,True,0.0001,,0.0,0.0,1.0,2000,train_pred_mse,10000,0.7745233951487877,0.7835059686621758,0.0002193697376178861,0.055573061370233635,1964.1506884645687,37.14731378169649,1.0,0.0,0.0,0,4500,500,0,98.06850862503052
ok,ptft,13,5000,0.255,1275,0.255,10000,0.001,0.0,1.0,0.1,1.0,0.9,0.0,unit_total_var,,0.5,5000000,5000,50000,True,0.0001,,0.0,0.0,1.0,2000,train_pred_mse,10000,0.8109166468457731,0.8041035523373907,0.0002148312109619768,0.055664692408366766,2012.1906241249985,38.42802374962435,1.0,0.0,0.0,0,4500,500,0,70.83678770065308
ok,ptft,14,5000,0.255,1275,0.255,10000,0.001,0.0,1.0,0.1,1.0,0.9,0.0,unit_total_var,,0.5,5000000,5000,50000,True,0.0001,,0.0,0.0,1.0,2000,train_pred_mse,10000,0.8099754178990679,0.7997259727667978,0.00018542354483395152,0.049519041967383236,1973.1674035346994,37.72297341491566,1.0,0.0,0.0,0,4500,500,0,116.47504425048828
ok,ptft,15,5000,0.255,1275,0.255,10000,0.001,0.0,1.0,0.1,1.0,0.9,0.0,unit_total_var,,0.5,5000000,5000,50000,True,0.0001,,0.0,0.0,1.0,2000,train_pred_mse,10000,0.7987461930865262,0.7865949730865259,0.00019084406494634907,0.05133758174306341,1903.6390751613405,36.27074900274295,1.0,0.0,0.0,0,4500,500,0,74.51956105232239
ok,ptft,16,5000,0.255,1275,0.255,10000,0.001,0.0,1.0,0.1,1.0,0.9,0.0,unit_total_var,,0.5,5000000,5000,50000,True,0.0001,,0.0,0.0,1.0,2000,train_pred_mse,10000,0.8003027901071842,0.8080096556407842,0.00019754426344298695,0.05572625176806017,1907.8880138943725,36.32769560879989,1.0,0.0,0.0,0,4500,500,0,96.49493789672852
ok,ptft,17,5000,0.255,1275,0.255,10000,0.001,0.0,1.0,0.1,1.0,0.9,0.0,unit_total_var,,0.5,5000000,5000,50000,True,0.0001,,0.0,0.0,1.0,2000,train_pred_mse,10000,0.7886530562037268,0.8063361513837753,0.0002050681562117078,0.053171775951523455,1915.3374906988709,36.81415225218875,1.0,0.0,0.0,0,4500,500,0,85.43002605438231
ok,ptft,18,5000,0.255,1275,0.255,10000,0.001,0.0,1.0,0.1,1.0,0.9,0.0,unit_total_var,,0.5,5000000,5000,50000,True,0.0001,,0.0,0.0,1.0,2000,train_pred_mse,10000,0.8265764165543442,0.8154983484531585,0.00019148715577785796,0.052120457205307384,1978.6506423921485,38.206646334569655,1.0,0.0,0.0,0,4500,500,0,121.76270461082458
ok,ptft,19,5000,0.255,1275,0.255,10000,0.001,0.0,1.0,0.1,1.0,0.9,0.0,unit_total_var,,0.5,5000000,5000,50000,True,0.0001,,0.0,0.0,1.0,2000,train_pred_mse,10000,0.7758018207571262,0.7864765005778576,0.00018671388311078228,0.04988678887156256,1971.2893884350215,37.560233915520115,1.0,0.0,0.0,0,4500,500,0,111.24510765075684
ok,ptft,6,5000,0.255,1275,0.255,10000,0.001,0.0,1.0,0.1,1.0,0.9,0.0,unit_total_var,,0.5,5000000,5000,50000,True,0.0001,,0.0,0.0,1.0,2000,train_pred_mse,10000,0.7902842636053777,0.7872314494709147,0.00022766073395191836,0.0589761314750217,1908.6126785739968,36.17575146355078,1.0,0.0,0.0,0,4500,500,0,85.24412369728087
ok,ptft,7,5000,0.255,1275,0.255,10000,0.001,0.0,1.0,0.1,1.0,0.9,0.0,unit_total_var,,0.5,5000000,5000,50000,True,0.0001,,0.0,0.0,1.0,2000,train_pred_mse,10000,0.8010547125733095,0.8011089477131771,0.00021533491396994838,0.057715886859417975,1924.27063560429,36.65335675808994,1.0,0.0,0.0,0,4500,500,0,79.83186221122743
ok,ptft,8,5000,0.255,1275,0.255,10000,0.001,0.0,1.0,0.1,1.0,0.9,0.0,unit_total_var,,0.5,5000000,5000,50000,True,0.0001,,0.0,0.0,1.0,2000,train_pred_mse,10000,0.7797371725050222,0.7875095113941526,0.000199766137119806,0.051781189814073855,1915.6025488110517,36.71850140560496,1.0,0.0,0.0,0,4500,500,0,101.30818414688109
ok,ptft,9,5000,0.255,1275,0.255,10000,0.001,0.0,1.0,0.1,1.0,0.9,0.0,unit_total_var,,0.5,5000000,5000,50000,True,0.0001,,0.0,0.0,1.0,2000,train_pred_mse,10000,0.7854603286156236,0.7988010650595402,0.00020076053775737451,0.05386136017827072,1943.1800542723965,36.97227532401432,1.0,0.0,0.0,0,4500,500,0,126.18760061264038
ok,ptft,10,5000,0.30400000000000005,1520,0.304,10000,0.001,0.0,1.0,0.1,1.0,0.9,0.0,unit_total_var,,0.5,5000000,5000,50000,True,0.0001,,0.0,0.0,1.0,2000,train_pred_mse,15000,0.7974813291651286,0.7907038209668078,0.00011540224452361147,0.017677976656216527,2185.5796937642863,41.756534816768365,1.0,0.0,0.0,0,4500,500,0,140.83865213394162
ok,ptft,11,5000,0.30400000000000005,1520,0.304,10000,0.001,0.0,1.0,0.1,1.0,0.9,0.0,unit_total_var,,0.5,5000000,5000,50000,True,0.0001,,0.0,0.0,1.0,2000,train_pred_mse,15000,0.7981512492310989,0.7801226535086413,0.00012820898066056975,0.020050722899977096,2137.2812865804917,40.46511640670777,1.0,0.0,0.0,0,4500,500,0,179.30233430862427
ok,ptft,12,5000,0.30400000000000005,1520,0.304,10000,0.001,0.0,1.0,0.1,1.0,0.9,0.0,unit_total_var,,0.5,5000000,5000,50000,True,0.0001,,0.0,0.0,1.0,2000,train_pred_mse,15000,0.7513059691286288,0.7517133614737621,0.00010979608673812832,0.01776814006684934,2090.2929718856767,39.544604330708964,1.0,0.0,0.0,0,4500,500,0,165.46172404289248
ok,ptft,13,5000,0.30400000000000005,1520,0.304,10000,0.001,0.0,1.0,0.1,1.0,0.9,0.0,unit_total_var,,0.5,5000000,5000,50000,True,0.0001,,0.0,0.0,1.0,2000,train_pred_mse,15000,0.7836825809145049,0.7791382529739355,0.00011263615589406184,0.0185374120074242,2086.1815355410768,39.82851990578933,1.0,0.0,0.0,0,4500,500,0,123.6788854598999
ok,ptft,14,5000,0.30400000000000005,1520,0.304,10000,0.001,0.0,1.0,0.1,1.0,0.9,0.0,unit_total_var,,0.5,5000000,5000,50000,True,0.0001,,0.0,0.0,1.0,2000,train_pred_mse,15000,0.7828488456337694,0.7545885967090036,0.00010609834103654688,0.016957680362301362,2110.04648574008,40.09925741682071,1.0,0.0,0.0,0,4500,500,0,168.04938292503357
ok,ptft,15,5000,0.30400000000000005,1520,0.304,10000,0.001,0.0,1.0,0.1,1.0,0.9,0.0,unit_total_var,,0.5,5000000,5000,50000,True,0.0001,,0.0,0.0,1.0,2000,train_pred_mse,15000,0.7544156925412712,0.7338742967015515,0.00012206575413733884,0.019932536828288668,2113.0560396974274,39.723459772841466,1.0,0.0,0.0,0,4500,500,0,129.2335102558136
ok,ptft,16,5000,0.30400000000000005,1520,0.304,10000,0.001,0.0,1.0,0.1,1.0,0.9,0.0,unit_total_var,,0.5,5000000,5000,50000,True,0.0001,,0.0,0.0,1.0,2000,train_pred_mse,15000,0.7544818447205436,0.7704168212296139,0.00011504782129106079,0.0189922363493096,2069.366332857357,38.8984974449103,1.0,0.0,0.0,0,4500,500,0,227.9505436420441
ok,ptft,17,5000,0.30400000000000005,1520,0.304,10000,0.001,0.0,1.0,0.1,1.0,0.9,0.0,unit_total_var,,0.5,5000000,5000,50000,True,0.0001,,0.0,0.0,1.0,2000,train_pred_mse,15000,0.7383355702203472,0.759633052090593,0.000112499581519782,0.018382308651125646,2116.7386402055954,40.25899572014917,1.0,0.0,0.0,0,4500,500,0,141.34477567672732
ok,ptft,18,5000,0.30400000000000005,1520,0.304,10000,0.001,0.0,1.0,0.1,1.0,0.9,0.0,unit_total_var,,0.5,5000000,5000,50000,True,0.0001,,0.0,0.0,1.0,2000,train_pred_mse,15000,0.7820562591891123,0.7804984439979488,0.00011093749959306477,0.017923317588395403,2126.2634166541056,40.87564593183362,1.0,0.0,0.0,0,4500,500,0,197.0516815185547
ok,ptft,19,5000,0.30400000000000005,1520,0.304,10000,0.001,0.0,1.0,0.1,1.0,0.9,0.0,unit_total_var,,0.5,5000000,5000,50000,True,0.0001,,0.0,0.0,1.0,2000,train_pred_mse,15000,0.7531016180060085,0.7420873057183923,0.00011649369347510237,0.01848937676989594,2107.728169496318,40.14089724306082,1.0,0.0,0.0,0,4500,500,0,191.43767070770264
ok,ptft,6,5000,0.30400000000000005,1520,0.304,10000,0.001,0.0,1.0,0.1,1.0,0.9,0.0,unit_total_var,,0.5,5000000,5000,50000,True,0.0001,,0.0,0.0,1.0,2000,train_pred_mse,15000,0.7521360457026025,0.7394743431935286,0.00011821035585955598,0.019517196197191368,2048.613624528516,38.88101521298254,1.0,0.0,0.0,0,4500,500,0,140.4334013462067
ok,ptft,7,5000,0.30400000000000005,1520,0.304,10000,0.001,0.0,1.0,0.1,1.0,0.9,0.0,unit_total_var,,0.5,5000000,5000,50000,True,0.0001,,0.0,0.0,1.0,2000,train_pred_mse,15000,0.7466735409398222,0.7385401135118542,0.00011754761132359529,0.01874288415532571,2164.775943840751,41.047648947661344,1.0,0.0,0.0,0,4500,500,0,156.7767608165741
ok,ptft,8,5000,0.30400000000000005,1520,0.304,10000,0.001,0.0,1.0,0.1,1.0,0.9,0.0,unit_total_var,,0.5,5000000,5000,50000,True,0.0001,,0.0,0.0,1.0,2000,train_pred_mse,15000,0.7603620802787328,0.7640341493752615,0.00011019788423150344,0.01817617828284232,2053.145204254639,38.90059764715031,1.0,0.0,0.0,0,4500,500,0,241.71301555633545
ok,ptft,9,5000,0.30400000000000005,1520,0.304,10000,0.001,0.0,1.0,0.1,1.0,0.9,0.0,unit_total_var,,0.5,5000000,5000,50000,True,0.0001,,0.0,0.0,1.0,2000,train_pred_mse,15000,0.7262972236110292,0.7290431183742928,0.00012231812171383804,0.01883221596072541,2198.1766234627007,41.71336694823547,1.0,0.0,0.0,0,4500,500,0,208.38313007354736
ok,ptft,10,5000,0.35300000000000004,1765,0.353,10000,0.001,0.0,1.0,0.1,1.0,0.9,0.0,unit_total_var,,0.5,5000000,5000,50000,True,0.0001,,0.0,0.0,1.0,2000,train_pred_mse,20000,0.7145095668124034,0.7305357303373802,0.00011021133690736506,0.012945872551711157,2336.6311867994073,43.88452792091553,1.0,0.0,0.0,0,4500,500,0,210.33149695396423
ok,ptft,11,5000,0.35300000000000004,1765,0.353,10000,0.001,0.0,1.0,0.1,1.0,0.9,0.0,unit_total_var,,0.5,5000000,5000,50000,True,0.0001,,0.0,0.0,1.0,2000,train_pred_mse,15000,0.7521388811357554,0.7327145883519359,0.00024211572796893066,0.031609141504214774,2255.615313246388,42.69017388515609,1.0,0.0,0.0,0,4500,500,0,135.4886827468872
ok,ptft,12,5000,0.35300000000000004,1765,0.353,10000,0.001,0.0,1.0,0.1,1.0,0.9,0.0,unit_total_var,,0.5,5000000,5000,50000,True,0.0001,,0.0,0.0,1.0,2000,train_pred_mse,15000,0.7110272631854233,0.7110419317327628,0.0002587739022556495,0.0349408437068902,2207.2427630518123,41.73183973352194,1.0,0.0,0.0,0,4500,500,0,197.28599977493286
ok,ptft,13,5000,0.35300000000000004,1765,0.353,10000,0.001,0.0,1.0,0.1,1.0,0.9,0.0,unit_total_var,,0.5,5000000,5000,50000,True,0.0001,,0.0,0.0,1.0,2000,train_pred_mse,15000,0.7015677367451217,0.7109998413810418,0.00022770926884577635,0.029560107190284714,2316.625752484246,43.96592946566336,1.0,0.0,0.0,0,4500,500,0,146.25889897346497
ok,ptft,14,5000,0.35300000000000004,1765,0.353,10000,0.001,0.0,1.0,0.1,1.0,0.9,0.0,unit_total_var,,0.5,5000000,5000,50000,True,0.0001,,0.0,0.0,1.0,2000,train_pred_mse,15000,0.7065831880282866,0.6960866386386195,0.0002634911484551476,0.034208404299673194,2291.329170140615,43.1215232087207,1.0,0.0,0.0,0,4500,500,0,195.82492899894714
ok,ptft,15,5000,0.35300000000000004,1765,0.353,10000,0.001,0.0,1.0,0.1,1.0,0.9,0.0,unit_total_var,,0.5,5000000,5000,50000,True,0.0001,,0.0,0.0,1.0,2000,train_pred_mse,15000,0.687572462780204,0.6842240312650559,0.0002520239122752711,0.033112977865058665,2259.073701250123,42.98249633571279,1.0,0.0,0.0,0,4500,500,0,153.94578504562378
ok,ptft,16,5000,0.35300000000000004,1765,0.353,10000,0.001,0.0,1.0,0.1,1.0,0.9,0.0,unit_total_var,,0.5,5000000,5000,50000,True,0.0001,,0.0,0.0,1.0,2000,train_pred_mse,15000,0.7096491002511429,0.7055524101833065,0.0002542854486656696,0.03343631509995238,2236.955130081877,42.7135901756061,1.0,0.0,0.0,0,4500,500,0,192.05570006370544
ok,ptft,17,5000,0.35300000000000004,1765,0.353,10000,0.001,0.0,1.0,0.1,1.0,0.9,0.0,unit_total_var,,0.5,5000000,5000,50000,True,0.0001,,0.0,0.0,1.0,2000,train_pred_mse,15000,0.688844154014751,0.708484670508321,0.0002325902179759292,0.03074814182357625,2280.3301076163957,42.807225701472724,1.0,0.0,0.0,0,4500,500,0,176.37367272377014
ok,ptft,18,5000,0.35300000000000004,1765,0.353,10000,0.001,0.0,1.0,0.1,1.0,0.9,0.0,unit_total_var,,0.5,5000000,5000,50000,True,0.0001,,0.0,0.0,1.0,2000,train_pred_mse,15000,0.7319873646186643,0.7164288351160991,0.000233262579577908,0.029978524322765317,2344.670006220992,44.50912510023664,1.0,0.0,0.0,0,4500,500,0,172.24812436103818
ok,ptft,19,5000,0.35300000000000004,1765,0.353,10000,0.001,0.0,1.0,0.1,1.0,0.9,0.0,unit_total_var,,0.5,5000000,5000,50000,True,0.0001,,0.0,0.0,1.0,2000,train_pred_mse,15000,0.6878745517242509,0.6994647593109087,0.00024646887742826883,0.03291690532075422,2229.190091592499,42.29318532973143,1.0,0.0,0.0,0,4500,500,0,221.74221920967102
ok,ptft,6,5000,0.35300000000000004,1765,0.353,10000,0.001,0.0,1.0,0.1,1.0,0.9,0.0,unit_total_var,,0.5,5000000,5000,50000,True,0.0001,,0.0,0.0,1.0,2000,train_pred_mse,15000,0.6803451352802549,0.6808675096019131,0.00024723601929172367,0.03273919706573026,2294.341399635244,43.21802378540072,1.0,0.0,0.0,0,4500,500,0,171.25960922241208
ok,ptft,7,5000,0.35300000000000004,1765,0.353,10000,0.001,0.0,1.0,0.1,1.0,0.9,0.0,unit_total_var,,0.5,5000000,5000,50000,True,0.0001,,0.0,0.0,1.0,2000,train_pred_mse,15000,0.7045323649780829,0.6979263555117831,0.0002480058808214165,0.03192803992680112,2263.40391946232,42.83721899683301,1.0,0.0,0.0,0,4500,500,0,176.84707021713257
ok,ptft,8,5000,0.35300000000000004,1765,0.353,10000,0.001,0.0,1.0,0.1,1.0,0.9,0.0,unit_total_var,,0.5,5000000,5000,50000,True,0.0001,,0.0,0.0,1.0,2000,train_pred_mse,15000,0.7109200807946958,0.7165923655769404,0.00025360811217093915,0.03353684546759859,2218.130288370417,41.81574014285072,1.0,0.0,0.0,0,4500,500,0,230.7285623550415
ok,ptft,9,5000,0.35300000000000004,1765,0.353,10000,0.001,0.0,1.0,0.1,1.0,0.9,0.0,unit_total_var,,0.5,5000000,5000,50000,True,0.0001,,0.0,0.0,1.0,2000,train_pred_mse,15000,0.7018362575076615,0.706256938249959,0.000235235582404214,0.03043005885705308,2240.8871145751723,42.521244358754075,1.0,0.0,0.0,0,4500,500,0,248.07189965248108
ok,ptft,10,5000,0.402,2010,0.402,10000,0.001,0.0,1.0,0.1,1.0,0.9,0.0,unit_total_var,,0.5,5000000,5000,50000,True,0.0001,,0.0,0.0,1.0,2000,train_pred_mse,20000,0.672341172759381,0.6793812698083288,0.00018659451608727943,0.018946404715539652,2504.776443855597,47.17707448878187,1.0,0.0,0.0,0,4500,500,0,234.5838541984558
ok,ptft,11,5000,0.402,2010,0.402,10000,0.001,0.0,1.0,0.1,1.0,0.9,0.0,unit_total_var,,0.5,5000000,5000,50000,True,0.0001,,0.0,0.0,1.0,2000,train_pred_mse,20000,0.6801299811896636,0.6622538426722085,0.00020422340409189066,0.021046742296796102,2499.577318200681,46.98804874703103,1.0,0.0,0.0,0,4500,500,0,217.0268771648407
ok,ptft,12,5000,0.402,2010,0.402,10000,0.001,0.0,1.0,0.1,1.0,0.9,0.0,unit_total_var,,0.5,5000000,5000,50000,True,0.0001,,0.0,0.0,1.0,2000,train_pred_mse,20000,0.6464926560869808,0.6496754923833987,0.00017939865849252512,0.019266500758936676,2404.645618549671,45.39893203453393,1.0,0.0,0.0,0,4500,500,0,237.2000560760498
ok,ptft,13,5000,0.402,2010,0.402,10000,0.001,0.0,1.0,0.1,1.0,0.9,0.0,unit_total_var,,0.5,5000000,5000,50000,True,0.0001,,0.0,0.0,1.0,2000,train_pred_mse,20000,0.6607866608897645,0.6610799216587846,0.00017433907615158878,0.018344894276696583,2477.975890653717,46.39921453841652,1.0,0.0,0.0,0,4500,500,0,232.25037479400638
ok,ptft,14,5000,0.402,2010,0.402,10000,0.001,0.0,1.0,0.1,1.0,0.9,0.0,unit_total_var,,0.5,5000000,5000,50000,True,0.0001,,0.0,0.0,1.0,2000,train_pred_mse,20000,0.6725207451075619,0.6635414525431206,0.0001805288191962252,0.01881152281327691,2404.994038017784,45.13100210691472,1.0,0.0,0.0,0,4500,500,0,211.2536084651947
ok,ptft,15,5000,0.402,2010,0.402,10000,0.001,0.0,1.0,0.1,1.0,0.9,0.0,unit_total_var,,0.5,5000000,5000,50000,True,0.0001,,0.0,0.0,1.0,2000,train_pred_mse,20000,0.6496220326676916,0.650756372128745,0.00019304707152976996,0.020324586440929385,2372.7015631532418,44.79854248363954,1.0,0.0,0.0,0,4500,500,0,214.51421904563904
ok,ptft,16,5000,0.402,2010,0.402,10000,0.001,0.0,1.0,0.1,1.0,0.9,0.0,unit_total_var,,0.5,5000000,5000,50000,True,0.0001,,0.0,0.0,1.0,2000,train_pred_mse,20000,0.6284024793397389,0.6379260803239863,0.00017934417800336268,0.018854723354053526,2456.789589815906,46.30065597756578,1.0,0.0,0.0,0,4500,500,0,295.02458214759827
ok,ptft,17,5000,0.402,2010,0.402,10000,0.001,0.0,1.0,0.1,1.0,0.9,0.0,unit_total_var,,0.5,5000000,5000,50000,True,0.0001,,0.0,0.0,1.0,2000,train_pred_mse,20000,0.6216607676436045,0.6400479798714205,0.00019205826680635983,0.01987969678056129,2464.8406936457595,46.27617616104808,1.0,0.0,0.0,0,4500,500,0,254.5275731086731
ok,ptft,18,5000,0.402,2010,0.402,10000,0.001,0.0,1.0,0.1,1.0,0.9,0.0,unit_total_var,,0.5,5000000,5000,50000,True,0.0001,,0.0,0.0,1.0,2000,train_pred_mse,20000,0.6863404468634564,0.6847894693458678,0.00017502220449504974,0.018371037802459196,2432.919895341852,46.032743742217434,1.0,0.0,0.0,0,4500,500,0,260.7065002918244
ok,ptft,19,5000,0.402,2010,0.402,10000,0.001,0.0,1.0,0.1,1.0,0.9,0.0,unit_total_var,,0.5,5000000,5000,50000,True,0.0001,,0.0,0.0,1.0,2000,train_pred_mse,20000,0.66092031559241,0.6540097111138882,0.00018294030300408749,0.019313966278654938,2437.4617781912193,45.76199856752371,1.0,0.0,0.0,0,4500,500,0,391.95906686782837
ok,ptft,6,5000,0.402,2010,0.402,10000,0.001,0.0,1.0,0.1,1.0,0.9,0.0,unit_total_var,,0.5,5000000,5000,50000,True,0.0001,,0.0,0.0,1.0,2000,train_pred_mse,20000,0.6377904205878243,0.6408660146643969,0.00018311022584574198,0.019371223414326233,2354.695082599451,44.72456089277852,1.0,0.0,0.0,0,4500,500,0,237.6113967895508
ok,ptft,7,5000,0.402,2010,0.402,10000,0.001,0.0,1.0,0.1,1.0,0.9,0.0,unit_total_var,,0.5,5000000,5000,50000,True,0.0001,,0.0,0.0,1.0,2000,train_pred_mse,20000,0.6643879358768386,0.6504759366440321,0.0002018381864542336,0.021168166714200663,2412.110845490487,45.460844986888006,1.0,0.0,0.0,0,4500,500,0,237.5343940258026
ok,ptft,8,5000,0.402,2010,0.402,10000,0.001,0.0,1.0,0.1,1.0,0.9,0.0,unit_total_var,,0.5,5000000,5000,50000,True,0.0001,,0.0,0.0,1.0,2000,train_pred_mse,20000,0.6545991819974902,0.6550637775808327,0.00020581469226154116,0.021450374220841503,2399.525541604385,45.00754434748397,1.0,0.0,0.0,0,4500,500,0,346.18982195854187
ok,ptft,9,5000,0.402,2010,0.402,10000,0.001,0.0,1.0,0.1,1.0,0.9,0.0,unit_total_var,,0.5,5000000,5000,50000,True,0.0001,,0.0,0.0,1.0,2000,train_pred_mse,20000,0.6379319170520082,0.6509476489558743,0.00020356957914554496,0.02152310401301521,2396.968953338028,45.05914805030539,1.0,0.0,0.0,0,4500,500,0,338.33803296089167
ok,ptft,10,5000,0.451,2255,0.451,10000,0.001,0.0,1.0,0.1,1.0,0.9,0.0,unit_total_var,,0.5,5000000,5000,50000,True,0.0001,,0.0,0.0,1.0,2000,train_pred_mse,25000,0.6360240814729632,0.6302216886637058,0.00017563949681676368,0.015564635996095038,2649.802908425344,49.5862715451984,1.0,0.0,0.0,0,4500,500,0,362.9600269794464
ok,ptft,11,5000,0.451,2255,0.451,10000,0.001,0.0,1.0,0.1,1.0,0.9,0.0,unit_total_var,,0.5,5000000,5000,50000,True,0.0001,,0.0,0.0,1.0,2000,train_pred_mse,25000,0.6397005104605094,0.6260133600641437,0.0001881601471611508,0.016647914796902294,2578.282295100485,48.30857903673426,1.0,0.0,0.0,0,4500,500,0,321.9122619628906
ok,ptft,12,5000,0.451,2255,0.451,10000,0.001,0.0,1.0,0.1,1.0,0.9,0.0,unit_total_var,,0.5,5000000,5000,50000,True,0.0001,,0.0,0.0,1.0,2000,train_pred_mse,25000,0.5964821264990348,0.6077895273321601,0.0001708681308568049,0.015393512282182662,2521.311184266788,47.47975407672786,1.0,0.0,0.0,0,4500,500,0,397.5335237979889
ok,ptft,13,5000,0.451,2255,0.451,10000,0.001,0.0,1.0,0.1,1.0,0.9,0.0,unit_total_var,,0.5,5000000,5000,50000,True,0.0001,,0.0,0.0,1.0,2000,train_pred_mse,25000,0.6067187401784793,0.6076096755531389,0.00016071474540019597,0.014377976558712466,2592.908581227637,48.738871857917616,1.0,0.0,0.0,0,4500,500,0,328.964061498642
ok,ptft,14,5000,0.451,2255,0.451,10000,0.001,0.0,1.0,0.1,1.0,0.9,0.0,unit_total_var,,0.5,5000000,5000,50000,True,0.0001,,0.0,0.0,1.0,2000,train_pred_mse,25000,0.6148486206362525,0.6089677540415761,0.00016619142375337258,0.015117222647415269,2548.7141972343397,47.8405738847577,1.0,0.0,0.0,0,4500,500,0,301.8335132598877
ok,ptft,15,5000,0.451,2255,0.451,10000,0.001,0.0,1.0,0.1,1.0,0.9,0.0,unit_total_var,,0.5,5000000,5000,50000,True,0.0001,,0.0,0.0,1.0,2000,train_pred_mse,25000,0.6218909374405892,0.5898291099347011,0.00018447406393214065,0.01662345312913512,2540.9678759418593,47.56438571082172,1.0,0.0,0.0,0,4500,500,0,321.1623699665069
ok,ptft,16,5000,0.451,2255,0.451,10000,0.001,0.0,1.0,0.1,1.0,0.9,0.0,unit_total_var,,0.5,5000000,5000,50000,True,0.0001,,0.0,0.0,1.0,2000,train_pred_mse,25000,0.5988119652896592,0.6050600295577844,0.0001771073550100747,0.01575387532529578,2587.604752648919,48.16458588355874,1.0,0.0,0.0,0,4500,500,0,401.7862412929535
ok,ptft,17,5000,0.451,2255,0.451,10000,0.001,0.0,1.0,0.1,1.0,0.9,0.0,unit_total_var,,0.5,5000000,5000,50000,True,0.0001,,0.0,0.0,1.0,2000,train_pred_mse,25000,0.600324599816136,0.6073795801309917,0.00016858587644880742,0.015447722902018856,2546.8906435567833,47.99405875598627,1.0,0.0,0.0,0,4500,500,0,372.0165612697601
ok,ptft,18,5000,0.451,2255,0.451,10000,0.001,0.0,1.0,0.1,1.0,0.9,0.0,unit_total_var,,0.5,5000000,5000,50000,True,0.0001,,0.0,0.0,1.0,2000,train_pred_mse,25000,0.618859619913348,0.6212080538511465,0.00016138364883056842,0.014394570154996013,2578.4550965189765,48.83727105371921,1.0,0.0,0.0,0,4500,500,0,350.24522995948786
ok,ptft,19,5000,0.451,2255,0.451,10000,0.001,0.0,1.0,0.1,1.0,0.9,0.0,unit_total_var,,0.5,5000000,5000,50000,True,0.0001,,0.0,0.0,1.0,2000,train_pred_mse,25000,0.5818635268129853,0.5922870416304219,0.00016933452865659473,0.015326151027455171,2541.9705144294308,47.99989957040288,1.0,0.0,0.0,0,4500,500,0,549.6163501739502
ok,ptft,6,5000,0.451,2255,0.451,10000,0.001,0.0,1.0,0.1,1.0,0.9,0.0,unit_total_var,,0.5,5000000,5000,50000,True,0.0001,,0.0,0.0,1.0,2000,train_pred_mse,25000,0.5945051472645553,0.5776564043093502,0.00017286501892510225,0.015794658778931724,2544.576131141347,47.791988756494035,1.0,0.0,0.0,0,4500,500,0,338.4973728656769
ok,ptft,7,5000,0.451,2255,0.451,10000,0.001,0.0,1.0,0.1,1.0,0.9,0.0,unit_total_var,,0.5,5000000,5000,50000,True,0.0001,,0.0,0.0,1.0,2000,train_pred_mse,25000,0.6019269994165287,0.6050066684594408,0.00016309835729842072,0.015040213835523687,2549.3625795553394,47.70233796087612,1.0,0.0,0.0,0,4500,500,0,320.2241523265838
ok,ptft,8,5000,0.451,2255,0.451,10000,0.001,0.0,1.0,0.1,1.0,0.9,0.0,unit_total_var,,0.5,5000000,5000,50000,True,0.0001,,0.0,0.0,1.0,2000,train_pred_mse,25000,0.5843703385630648,0.5984007598246645,0.00017461206834058126,0.01583302258799257,2544.658641408561,47.889985083254004,1.0,0.0,0.0,0,4500,500,0,481.06039667129517
ok,ptft,9,5000,0.451,2255,0.451,10000,0.001,0.0,1.0,0.1,1.0,0.9,0.0,unit_total_var,,0.5,5000000,5000,50000,True,0.0001,,0.0,0.0,1.0,2000,train_pred_mse,25000,0.5868738053784216,0.5900400243437408,0.00017443671678813076,0.01583731606607019,2551.165504329367,47.9932078360531,1.0,0.0,0.0,0,4500,500,0,434.7551052570343
ok,ptft,10,5000,0.5,2500,0.5,10000,0.001,0.0,1.0,0.1,1.0,0.9,0.0,unit_total_var,,0.5,5000000,5000,50000,True,0.0001,,0.0,0.0,1.0,2000,train_pred_mse,35000,0.5907423869186624,0.5847944543796598,0.00012159631735539834,0.009475285060446705,2747.772971915138,51.314588211347925,1.0,0.0,0.0,0,4500,500,0,560.7809762954712
ok,ptft,11,5000,0.5,2500,0.5,10000,0.001,0.0,1.0,0.1,1.0,0.9,0.0,unit_total_var,,0.5,5000000,5000,50000,True,0.0001,,0.0,0.0,1.0,2000,train_pred_mse,30000,0.5914061318201459,0.5790012190983622,0.00016883769936687983,0.01355223950504377,2681.368330933365,50.62739877560913,1.0,0.0,0.0,0,4500,500,0,468.2041084766388
ok,ptft,12,5000,0.5,2500,0.5,10000,0.001,0.0,1.0,0.1,1.0,0.9,0.0,unit_total_var,,0.5,5000000,5000,50000,True,0.0001,,0.0,0.0,1.0,2000,train_pred_mse,30000,0.5493773789318006,0.5581804249898472,0.00016437032713609198,0.013463761938730702,2651.787394891325,49.55879042987698,1.0,0.0,0.0,0,4500,500,0,501.65953493118286
ok,ptft,13,5000,0.5,2500,0.5,10000,0.001,0.0,1.0,0.1,1.0,0.9,0.0,unit_total_var,,0.5,5000000,5000,50000,True,0.0001,,0.0,0.0,1.0,2000,train_pred_mse,30000,0.5800214137087106,0.5764793192328442,0.00016601804975029978,0.01334485840615016,2713.360623783971,50.6966152781691,1.0,0.0,0.0,0,4500,500,0,495.0172898769378
ok,ptft,14,5000,0.5,2500,0.5,10000,0.001,0.0,1.0,0.1,1.0,0.9,0.0,unit_total_var,,0.5,5000000,5000,50000,True,0.0001,,0.0,0.0,1.0,2000,train_pred_mse,30000,0.5429677502536858,0.5474289009054524,0.0001734084901763113,0.013777937810170577,2715.124159583326,50.766764459362896,1.0,0.0,0.0,0,4500,500,0,421.1460132598877
ok,ptft,15,5000,0.5,2500,0.5,10000,0.001,0.0,1.0,0.1,1.0,0.9,0.0,unit_total_var,,0.5,5000000,5000,50000,True,0.0001,,0.0,0.0,1.0,2000,train_pred_mse,30000,0.5570791854991485,0.5459761018817164,0.00016827888955959895,0.01352799045732044,2645.9592590005745,49.88022382819435,1.0,0.0,0.0,0,4500,500,0,526.8735845088959
ok,ptft,16,5000,0.5,2500,0.5,10000,0.001,0.0,1.0,0.1,1.0,0.9,0.0,unit_total_var,,0.5,5000000,5000,50000,True,0.0001,,0.0,0.0,1.0,2000,train_pred_mse,30000,0.5318192138425221,0.5407747909425811,0.00017094436770048797,0.013642746212120764,2741.7008448722645,51.05747343232437,1.0,0.0,0.0,0,4500,500,0,627.7776749134064
ok,ptft,17,5000,0.5,2500,0.5,10000,0.001,0.0,1.0,0.1,1.0,0.9,0.0,unit_total_var,,0.5,5000000,5000,50000,True,0.0001,,0.0,0.0,1.0,2000,train_pred_mse,30000,0.5626821187193222,0.5651030132285384,0.0001713981123116805,0.01386046386782696,2686.9831759462318,50.08744000149333,1.0,0.0,0.0,0,4500,500,0,484.1721758842468
ok,ptft,18,5000,0.5,2500,0.5,10000,0.001,0.0,1.0,0.1,1.0,0.9,0.0,unit_total_var,,0.5,5000000,5000,50000,True,0.0001,,0.0,0.0,1.0,2000,train_pred_mse,30000,0.5896690178693533,0.5792807238653505,0.00017602371918826692,0.014115281291428059,2727.114073793427,50.89137806492872,1.0,0.0,0.0,0,4500,500,0,383.7279815673828
ok,ptft,19,5000,0.5,2500,0.5,10000,0.001,0.0,1.0,0.1,1.0,0.9,0.0,unit_total_var,,0.5,5000000,5000,50000,True,0.0001,,0.0,0.0,1.0,2000,train_pred_mse,30000,0.5315654359158418,0.5458380911800891,0.0001605080069057413,0.012967608451074251,2723.905178552778,50.69124836605053,1.0,0.0,0.0,0,4500,500,0,722.0060014724731
ok,ptft,6,5000,0.5,2500,0.5,10000,0.001,0.0,1.0,0.1,1.0,0.9,0.0,unit_total_var,,0.5,5000000,5000,50000,True,0.0001,,0.0,0.0,1.0,2000,train_pred_mse,30000,0.562912536219598,0.5645291452254997,0.00016153784585985528,0.013452546383230036,2603.5013427994,48.58431512658402,1.0,0.0,0.0,0,4500,500,0,406.4263513088226
ok,ptft,7,5000,0.5,2500,0.5,10000,0.001,0.0,1.0,0.1,1.0,0.9,0.0,unit_total_var,,0.5,5000000,5000,50000,True,0.0001,,0.0,0.0,1.0,2000,train_pred_mse,30000,0.5638731587917156,0.5628885214626366,0.00016691444743753426,0.013616593586663674,2651.8179149813027,49.8503917297001,1.0,0.0,0.0,0,4500,500,0,442.72275471687317
ok,ptft,8,5000,0.5,2500,0.5,10000,0.001,0.0,1.0,0.1,1.0,0.9,0.0,unit_total_var,,0.5,5000000,5000,50000,True,0.0001,,0.0,0.0,1.0,2000,train_pred_mse,30000,0.5421669435062038,0.5543293247300352,0.00016706676571936975,0.013559337790423094,2680.7601072605107,49.99212830566061,1.0,0.0,0.0,0,4500,500,0,629.2937076091766
ok,ptft,9,5000,0.5,2500,0.5,10000,0.001,0.0,1.0,0.1,1.0,0.9,0.0,unit_total_var,,0.5,5000000,5000,50000,True,0.0001,,0.0,0.0,1.0,2000,train_pred_mse,35000,0.5302811836389172,0.5290648305580955,0.00011994300136037595,0.00925714607826879,2724.5983853891466,51.04492969845828,1.0,0.0,0.0,0,4500,500,0,644.7827548980712
ok,ptft,10,5000,0.01,50,0.01,10000,0.001,0.0,10.0,0.1,1.0,0.9,0.0,unit_total_var,,0.5,5000000,5000,50000,True,0.0001,,0.0,0.0,1.0,2000,train_pred_mse,5000,1.0313666892715296,1.0275175340931129,4.446434782473416e-17,0.5280574259301763,480.79951023867926,8.516393476168432,1.0,0.0,0.0,0,4500,500,0,5.361879110336304
ok,ptft,11,5000,0.01,50,0.01,10000,0.001,0.0,10.0,0.1,1.0,0.9,0.0,unit_total_var,,0.5,5000000,5000,50000,True,0.0001,,0.0,0.0,1.0,2000,train_pred_mse,5000,1.0289275533640516,1.005366629931721,1.243241168125049e-16,0.5156027420597652,383.05117570884806,6.787368373456094,1.0,0.0,0.0,0,4500,500,0,5.011541604995728
ok,ptft,12,5000,0.01,50,0.01,10000,0.001,0.0,10.0,0.1,1.0,0.9,0.0,unit_total_var,,0.5,5000000,5000,50000,True,0.0001,,0.0,0.0,1.0,2000,train_pred_mse,5000,0.9610714787941628,0.9731076582576028,1.0299628660152622e-16,0.530257191731097,371.29827133660064,6.5279776597570525,1.0,0.0,0.0,0,4500,500,0,5.514341592788696
ok,ptft,13,5000,0.01,50,0.01,10000,0.001,0.0,10.0,0.1,1.0,0.9,0.0,unit_total_var,,0.5,5000000,5000,50000,True,0.0001,,0.0,0.0,1.0,2000,train_pred_mse,5000,1.0137406415979366,0.9992309644784184,3.075790614022107e-17,0.5259488599885344,459.18944538371017,8.119678435233835,1.0,0.0,0.0,0,4500,500,0,5.66340184211731
ok,ptft,14,5000,0.01,50,0.01,10000,0.001,0.0,10.0,0.1,1.0,0.9,0.0,unit_total_var,,0.5,5000000,5000,50000,True,0.0001,,0.0,0.0,1.0,2000,train_pred_mse,5000,1.0018155657386252,0.9830706326465366,9.487752106218974e-17,0.5083254760333054,422.68758971437285,7.5271948822258254,1.0,0.0,0.0,0,4500,500,0,4.650656700134277
ok,ptft,15,5000,0.01,50,0.01,10000,0.001,0.0,10.0,0.1,1.0,0.9,0.0,unit_total_var,,0.5,5000000,5000,50000,True,0.0001,,0.0,0.0,1.0,2000,train_pred_mse,5000,0.9745102406890022,0.9636451430105486,7.698401977370455e-17,0.533671453834225,394.6468848910516,6.983588707078688,1.0,0.0,0.0,0,4500,500,0,4.810182571411133
ok,ptft,16,5000,0.01,50,0.01,10000,0.001,0.0,10.0,0.1,1.0,0.9,0.0,unit_total_var,,0.5,5000000,5000,50000,True,0.0001,,0.0,0.0,1.0,2000,train_pred_mse,5000,0.9791157028133212,0.9835880292109528,1.1119725230590678e-16,0.5205811966619529,389.57891276245766,6.893267692479043,1.0,0.0,0.0,0,4500,500,0,5.375980138778687
ok,ptft,17,5000,0.01,50,0.01,10000,0.001,0.0,10.0,0.1,1.0,0.9,0.0,unit_total_var,,0.5,5000000,5000,50000,True,0.0001,,0.0,0.0,1.0,2000,train_pred_mse,5000,0.9521214653516172,0.9862559145177384,7.306918340191432e-17,0.5234769574410436,379.23201809528257,6.723913009990082,1.0,0.0,0.0,0,4500,500,0,5.22551417350769
ok,ptft,18,5000,0.01,50,0.01,10000,0.001,0.0,10.0,0.1,1.0,0.9,0.0,unit_total_var,,0.5,5000000,5000,50000,True,0.0001,,0.0,0.0,1.0,2000,train_pred_mse,5000,1.0225015007923577,1.0154729555429929,1.0527353619047863e-16,0.5030418040550558,380.6810511152565,6.747098454433041,1.0,0.0,0.0,0,4500,500,0,5.271788835525513
ok,ptft,19,5000,0.01,50,0.01,10000,0.001,0.0,10.0,0.1,1.0,0.9,0.0,unit_total_var,,0.5,5000000,5000,50000,True,0.0001,,0.0,0.0,1.0,2000,train_pred_mse,5000,0.9560970951866332,0.9713825113452672,3.282300513863082e-12,0.5098916831992609,434.00932021556565,7.696756221872736,1.0,0.0,0.0,0,4500,500,0,6.774649620056152
ok,ptft,6,5000,0.01,50,0.01,10000,0.001,0.0,10.0,0.1,1.0,0.9,0.0,unit_total_var,,0.5,5000000,5000,50000,True,0.0001,,0.0,0.0,1.0,2000,train_pred_mse,5000,0.9712530809687564,0.9553062000480106,5.717326179745791e-17,0.5224915350310363,407.71684228064925,7.207499055201179,1.0,0.0,0.0,0,4500,500,0,5.083315372467041
ok,ptft,7,5000,0.01,50,0.01,10000,0.001,0.0,10.0,0.1,1.0,0.9,0.0,unit_total_var,,0.5,5000000,5000,50000,True,0.0001,,0.0,0.0,1.0,2000,train_pred_mse,5000,0.9797403343992046,0.9805451601817108,1.153046862793889e-16,0.5034773841100384,350.9750881406135,6.2846807267258775,1.0,0.0,0.0,0,4500,500,0,5.011786460876465
ok,ptft,8,5000,0.01,50,0.01,10000,0.001,0.0,10.0,0.1,1.0,0.9,0.0,unit_total_var,,0.5,5000000,5000,50000,True,0.0001,,0.0,0.0,1.0,2000,train_pred_mse,5000,0.9801290360650609,0.9746389197700116,8.590945814692816e-17,0.5191357415616735,392.7718307309085,6.955757800655626,1.0,0.0,0.0,0,4500,500,0,5.67097544670105
ok,ptft,9,5000,0.01,50,0.01,10000,0.001,0.0,10.0,0.1,1.0,0.9,0.0,unit_total_var,,0.5,5000000,5000,50000,True,0.0001,,0.0,0.0,1.0,2000,train_pred_mse,5000,0.9734076630167016,0.9755924706474162,1.0965190054857675e-16,0.5235112952675953,352.1752328846428,6.233101512802443,1.0,0.0,0.0,0,4500,500,0,5.509791135787964
ok,ptft,10,5000,0.059,295,0.059000000000000004,10000,0.001,0.0,10.0,0.1,1.0,0.9,0.0,unit_total_var,,0.5,5000000,5000,50000,True,0.0001,,0.0,0.0,1.0,2000,train_pred_mse,5000,0.9785055688374454,0.973022251698194,7.444121578250807e-17,1.990250208409928,1044.036668133084,18.492906816181947,1.0,0.0,0.0,0,4500,500,0,8.343673467636107
ok,ptft,11,5000,0.059,295,0.059000000000000004,10000,0.001,0.0,10.0,0.1,1.0,0.9,0.0,unit_total_var,,0.5,5000000,5000,50000,True,0.0001,,0.0,0.0,1.0,2000,train_pred_mse,5000,0.9795171949570668,0.9501954494818312,6.326816668995951e-17,1.9848478445188968,1008.6815238252124,17.984308217973517,1.0,0.0,0.0,0,4500,500,0,9.08190631866455
ok,ptft,12,5000,0.059,295,0.059000000000000004,10000,0.001,0.0,10.0,0.1,1.0,0.9,0.0,unit_total_var,,0.5,5000000,5000,50000,True,0.0001,,0.0,0.0,1.0,2000,train_pred_mse,5000,0.9148375017872394,0.9242531357501867,6.941566819366998e-17,1.944334199795532,956.9236830056096,16.960133261316127,1.0,0.0,0.0,0,4500,500,0,8.985662937164307
ok,ptft,13,5000,0.059,295,0.059000000000000004,10000,0.001,0.0,10.0,0.1,1.0,0.9,0.0,unit_total_var,,0.5,5000000,5000,50000,True,0.0001,,0.0,0.0,1.0,2000,train_pred_mse,5000,0.9656748855908668,0.9507567114130484,5.869903724109965e-17,1.9632754805775172,980.4358916132919,17.41546644136301,1.0,0.0,0.0,0,4500,500,0,16.72274923324585
ok,ptft,14,5000,0.059,295,0.059000000000000004,10000,0.001,0.0,10.0,0.1,1.0,0.9,0.0,unit_total_var,,0.5,5000000,5000,50000,True,0.0001,,0.0,0.0,1.0,2000,train_pred_mse,5000,0.9481969707137884,0.9327563034334748,6.878306703708499e-17,1.9160671480493896,975.409911648674,17.377161654065794,1.0,0.0,0.0,0,4500,500,0,8.452428340911865
ok,ptft,15,5000,0.059,295,0.059000000000000004,10000,0.001,0.0,10.0,0.1,1.0,0.9,0.0,unit_total_var,,0.5,5000000,5000,50000,True,0.0001,,0.0,0.0,1.0,2000,train_pred_mse,5000,0.9218428046417088,0.9107091413132,7.377627412255547e-17,1.8301288985033544,994.3023736050436,17.61678487466694,1.0,0.0,0.0,0,4500,500,0,8.281113862991331
ok,ptft,16,5000,0.059,295,0.059000000000000004,10000,0.001,0.0,10.0,0.1,1.0,0.9,0.0,unit_total_var,,0.5,5000000,5000,50000,True,0.0001,,0.0,0.0,1.0,2000,train_pred_mse,5000,0.9296689179438145,0.9306991157701814,5.928215205438335e-17,1.7756713338498735,992.1647214142939,17.56135606394148,1.0,0.0,0.0,0,4500,500,0,8.629643201828003
ok,ptft,17,5000,0.059,295,0.059000000000000004,10000,0.001,0.0,10.0,0.1,1.0,0.9,0.0,unit_total_var,,0.5,5000000,5000,50000,True,0.0001,,0.0,0.0,1.0,2000,train_pred_mse,5000,0.908121533385228,0.9346275732927356,7.618846071741315e-17,1.863270161109708,977.1253760551438,17.323178147842732,1.0,0.0,0.0,0,4500,500,0,10.199947834014893
ok,ptft,18,5000,0.059,295,0.059000000000000004,10000,0.001,0.0,10.0,0.1,1.0,0.9,0.0,unit_total_var,,0.5,5000000,5000,50000,True,0.0001,,0.0,0.0,1.0,2000,train_pred_mse,5000,0.9726157629128952,0.9602552677536365,7.365887159674102e-17,1.9044639980478129,1002.7178336229043,17.89812998438764,1.0,0.0,0.0,0,4500,500,0,9.516523599624632
ok,ptft,19,5000,0.059,295,0.059000000000000004,10000,0.001,0.0,10.0,0.1,1.0,0.9,0.0,unit_total_var,,0.5,5000000,5000,50000,True,0.0001,,0.0,0.0,1.0,2000,train_pred_mse,5000,0.9237132603961368,0.9308500566954954,6.726416832582267e-17,1.8130227719198169,914.0314397521753,16.234588805464607,1.0,0.0,0.0,0,4500,500,0,9.6420476436615
ok,ptft,6,5000,0.059,295,0.059000000000000004,10000,0.001,0.0,10.0,0.1,1.0,0.9,0.0,unit_total_var,,0.5,5000000,5000,50000,True,0.0001,,0.0,0.0,1.0,2000,train_pred_mse,5000,0.920349609004132,0.9105567807724988,6.55202164117138e-17,1.8179170266725255,938.0618619929202,16.564864632199154,1.0,0.0,0.0,0,4500,500,0,8.18204140663147
ok,ptft,7,5000,0.059,295,0.059000000000000004,10000,0.001,0.0,10.0,0.1,1.0,0.9,0.0,unit_total_var,,0.5,5000000,5000,50000,True,0.0001,,0.0,0.0,1.0,2000,train_pred_mse,5000,0.9292045269676836,0.9265445223802856,6.142704441524655e-17,1.9204774321664668,986.7616127611733,17.54021388514683,1.0,0.0,0.0,0,4500,500,0,8.301806688308716
ok,ptft,8,5000,0.059,295,0.059000000000000004,10000,0.001,0.0,10.0,0.1,1.0,0.9,0.0,unit_total_var,,0.5,5000000,5000,50000,True,0.0001,,0.0,0.0,1.0,2000,train_pred_mse,5000,0.9260922806697672,0.9295093778960888,7.104953366030197e-17,1.9262663407192864,918.0119196772732,16.326427262160333,1.0,0.0,0.0,0,4500,500,0,8.83361530303955
ok,ptft,9,5000,0.059,295,0.059000000000000004,10000,0.001,0.0,10.0,0.1,1.0,0.9,0.0,unit_total_var,,0.5,5000000,5000,50000,True,0.0001,,0.0,0.0,1.0,2000,train_pred_mse,5000,0.9106713288871876,0.9151146775937168,6.178081038516022e-17,1.9592190448397333,1034.718669157666,18.38089973069345,1.0,0.0,0.0,0,4500,500,0,8.326709270477295
ok,ptft,10,5000,0.10800000000000001,540,0.10800000000000001,10000,0.001,0.0,10.0,0.1,1.0,0.9,0.0,unit_total_var,,0.5,5000000,5000,50000,True,0.0001,,0.0,0.0,1.0,2000,train_pred_mse,5000,0.9496995896273148,0.9334950533328144,5.73864369158039e-17,4.18041946308052,1309.6844778398904,23.24612064137945,1.0,0.0,0.0,0,4500,500,0,14.108175277709961
ok,ptft,11,5000,0.10800000000000001,540,0.10800000000000001,10000,0.001,0.0,10.0,0.1,1.0,0.9,0.0,unit_total_var,,0.5,5000000,5000,50000,True,0.0001,,0.0,0.0,1.0,2000,train_pred_mse,5000,0.931963460798372,0.9167528667904072,7.11617177794152e-17,4.248748453301,1252.2807500699519,22.162864488839393,1.0,0.0,0.0,0,4500,500,0,13.359710693359375
ok,ptft,12,5000,0.10800000000000001,540,0.10800000000000001,10000,0.001,0.0,10.0,0.1,1.0,0.9,0.0,unit_total_var,,0.5,5000000,5000,50000,True,0.0001,,0.0,0.0,1.0,2000,train_pred_mse,5000,0.8623339349241371,0.8747345773838843,6.537552208985283e-17,4.340657654310205,1306.560859613389,23.152804396811252,0.9998,0.0,0.0,0,4500,500,0,21.119310140609738
ok,ptft,13,5000,0.10800000000000001,540,0.10800000000000001,10000,0.001,0.0,10.0,0.1,1.0,0.9,0.0,unit_total_var,,0.5,5000000,5000,50000,True,0.0001,,0.0,0.0,1.0,2000,train_pred_mse,5000,0.9103144202819476,0.902877533253678,5.5452838059507566e-17,3.966517230394272,1312.7010510065054,23.312493749194125,1.0,0.0,0.0,0,4500,500,0,28.79954433441162
ok,ptft,14,5000,0.10800000000000001,540,0.10800000000000001,10000,0.001,0.0,10.0,0.1,1.0,0.9,0.0,unit_total_var,,0.5,5000000,5000,50000,True,0.0001,,0.0,0.0,1.0,2000,train_pred_mse,5000,0.9017689967513908,0.8823719323298399,6.387435188142735e-17,4.266690719478837,1338.2588947941586,23.556128196447673,1.0,0.0,0.0,0,4500,500,0,10.895101070404053
ok,ptft,15,5000,0.10800000000000001,540,0.10800000000000001,10000,0.001,0.0,10.0,0.1,1.0,0.9,0.0,unit_total_var,,0.5,5000000,5000,50000,True,0.0001,,0.0,0.0,1.0,2000,train_pred_mse,5000,0.8839361708391185,0.8725075434806524,7.123489209092085e-17,4.271028638946071,1254.2141075016411,22.406997351968823,1.0,0.0,0.0,0,4500,500,0,13.138320446014404
ok,ptft,16,5000,0.10800000000000001,540,0.10800000000000001,10000,0.001,0.0,10.0,0.1,1.0,0.9,0.0,unit_total_var,,0.5,5000000,5000,50000,True,0.0001,,0.0,0.0,1.0,2000,train_pred_mse,5000,0.8847198186527337,0.8832185884524574,6.554597702756301e-17,4.137362780075721,1321.7754940366199,23.37762922572403,1.0,0.0,0.0,0,4500,500,0,14.369038105010985
ok,ptft,17,5000,0.10800000000000001,540,0.10800000000000001,10000,0.001,0.0,10.0,0.1,1.0,0.9,0.0,unit_total_var,,0.5,5000000,5000,50000,True,0.0001,,0.0,0.0,1.0,2000,train_pred_mse,5000,0.8522689611402661,0.8861395054700313,6.275027069790265e-17,4.210822681236833,1327.0251114449036,23.30993755985198,1.0,0.0,0.0,0,4500,500,0,16.821856498718258
ok,ptft,18,5000,0.10800000000000001,540,0.10800000000000001,10000,0.001,0.0,10.0,0.1,1.0,0.9,0.0,unit_total_var,,0.5,5000000,5000,50000,True,0.0001,,0.0,0.0,1.0,2000,train_pred_mse,5000,0.9194804782894788,0.9131940638700916,6.72176497712526e-17,4.358783048565808,1331.4208430916174,23.58733383419115,1.0,0.0,0.0,0,4500,500,0,15.382143259048462
ok,ptft,19,5000,0.10800000000000001,540,0.10800000000000001,10000,0.001,0.0,10.0,0.1,1.0,0.9,0.0,unit_total_var,,0.5,5000000,5000,50000,True,0.0001,,0.0,0.0,1.0,2000,train_pred_mse,5000,0.8554597207470211,0.8700662038153221,6.003372746606782e-17,4.220070962314162,1350.2893803365214,23.852080125322825,1.0,0.0,0.0,0,4500,500,0,22.49986815452576
ok,ptft,6,5000,0.10800000000000001,540,0.10800000000000001,10000,0.001,0.0,10.0,0.1,1.0,0.9,0.0,unit_total_var,,0.5,5000000,5000,50000,True,0.0001,,0.0,0.0,1.0,2000,train_pred_mse,5000,0.8742381488349064,0.8630872708764157,6.105510783533105e-17,4.121896974103615,1278.5580800969587,22.64230547061913,1.0,0.0,0.0,0,4500,500,0,10.754007577896118
ok,ptft,7,5000,0.10800000000000001,540,0.10800000000000001,10000,0.001,0.0,10.0,0.1,1.0,0.9,0.0,unit_total_var,,0.5,5000000,5000,50000,True,0.0001,,0.0,0.0,1.0,2000,train_pred_mse,5000,0.8830500558552201,0.8778294477094604,6.303717728509708e-17,4.4587600715761795,1329.308121527748,23.50028459882645,1.0,0.0,0.0,0,4500,500,0,13.338266134262085
ok,ptft,8,5000,0.10800000000000001,540,0.10800000000000001,10000,0.001,0.0,10.0,0.1,1.0,0.9,0.0,unit_total_var,,0.5,5000000,5000,50000,True,0.0001,,0.0,0.0,1.0,2000,train_pred_mse,5000,0.8754041272053733,0.8676006729790501,8.074952152300773e-17,4.0776710913891,1358.3746997405444,24.023092749275733,1.0,0.0,0.0,0,4500,500,0,14.896413803100586
ok,ptft,9,5000,0.10800000000000001,540,0.10800000000000001,10000,0.001,0.0,10.0,0.1,1.0,0.9,0.0,unit_total_var,,0.5,5000000,5000,50000,True,0.0001,,0.0,0.0,1.0,2000,train_pred_mse,5000,0.8726520973282788,0.8754490600066409,7.096843880534142e-17,4.2069057069201055,1312.1063653343754,23.17238953724062,1.0,0.0,0.0,0,4500,500,0,12.791158676147461
ok,ptft,10,5000,0.15700000000000006,785,0.157,10000,0.001,0.0,10.0,0.1,1.0,0.9,0.0,unit_total_var,,0.5,5000000,5000,50000,True,0.0001,,0.0,0.0,1.0,2000,train_pred_mse,5000,0.8798461891827252,0.8697709334488074,6.50310135343916e-17,6.322556542061918,1652.6636827752682,29.32125959375029,1.0,0.0,0.0,0,4500,500,0,24.030344247817997
ok,ptft,11,5000,0.15700000000000006,785,0.157,10000,0.001,0.0,10.0,0.1,1.0,0.9,0.0,unit_total_var,,0.5,5000000,5000,50000,True,0.0001,,0.0,0.0,1.0,2000,train_pred_mse,5000,0.8700240837164892,0.8485036241559634,6.900162732293476e-17,6.357677884594394,1633.1219223680268,28.86648635823069,1.0,0.0,0.0,0,4500,500,0,19.837857961654663
ok,ptft,12,5000,0.15700000000000006,785,0.157,10000,0.001,0.0,10.0,0.1,1.0,0.9,0.0,unit_total_var,,0.5,5000000,5000,50000,True,0.0001,,0.0,0.0,1.0,2000,train_pred_mse,5000,0.807051978637673,0.8184371794975154,7.014382035856592e-17,6.50069826690693,1611.462733810567,28.605307261697888,1.0,0.0,0.0,0,4500,500,0,38.258767127990716
ok,ptft,13,5000,0.15700000000000006,785,0.157,10000,0.001,0.0,10.0,0.1,1.0,0.9,0.0,unit_total_var,,0.5,5000000,5000,50000,True,0.0001,,0.0,0.0,1.0,2000,train_pred_mse,5000,0.8608486437964294,0.8614527036541616,6.784506620578863e-17,6.612832541713168,1536.8144921550625,27.404707812580824,1.0,0.0,0.0,0,4500,500,0,37.41852402687073
ok,ptft,14,5000,0.15700000000000006,785,0.157,10000,0.001,0.0,10.0,0.1,1.0,0.9,0.0,unit_total_var,,0.5,5000000,5000,50000,True,0.0001,,0.0,0.0,1.0,2000,train_pred_mse,5000,0.8645834115145388,0.8466288110583348,7.57246170712174e-17,6.331850142489138,1520.5615701993693,27.09083199753342,1.0,0.0,0.0,0,4500,500,0,16.281826734542847
ok,ptft,15,5000,0.15700000000000006,785,0.157,10000,0.001,0.0,10.0,0.1,1.0,0.9,0.0,unit_total_var,,0.5,5000000,5000,50000,True,0.0001,,0.0,0.0,1.0,2000,train_pred_mse,5000,0.8390840054690867,0.8320208741654713,6.86365026048833e-17,6.269930031625086,1494.049226111109,26.553125264663567,1.0,0.0,0.0,0,4500,500,0,21.468431949615482
ok,ptft,16,5000,0.15700000000000006,785,0.157,10000,0.001,0.0,10.0,0.1,1.0,0.9,0.0,unit_total_var,,0.5,5000000,5000,50000,True,0.0001,,0.0,0.0,1.0,2000,train_pred_mse,5000,0.8338116594467109,0.8322042301204161,6.420433551468913e-17,6.258371424699988,1603.915619786765,28.322391324824597,1.0,0.0,0.0,0,4500,500,0,23.62460446357727
ok,ptft,17,5000,0.15700000000000006,785,0.157,10000,0.001,0.0,10.0,0.1,1.0,0.9,0.0,unit_total_var,,0.5,5000000,5000,50000,True,0.0001,,0.0,0.0,1.0,2000,train_pred_mse,5000,0.8097544315225573,0.836270482248668,6.630391742639979e-17,6.309925779225497,1589.9678778140426,28.168954378228307,1.0,0.0,0.0,0,4500,500,0,24.75988507270813
ok,ptft,18,5000,0.15700000000000006,785,0.157,10000,0.001,0.0,10.0,0.1,1.0,0.9,0.0,unit_total_var,,0.5,5000000,5000,50000,True,0.0001,,0.0,0.0,1.0,2000,train_pred_mse,5000,0.8902421494997296,0.8671543345815582,6.48365744048482e-17,6.3397065739792975,1591.4638081055655,28.053787493329157,1.0,0.0,0.0,0,4500,500,0,30.03760266304016
ok,ptft,19,5000,0.15700000000000006,785,0.157,10000,0.001,0.0,10.0,0.1,1.0,0.9,0.0,unit_total_var,,0.5,5000000,5000,50000,True,0.0001,,0.0,0.0,1.0,2000,train_pred_mse,5000,0.8269905991073949,0.8293029025907759,6.393742228319237e-17,6.649617196142515,1557.6260982739834,27.80475727713341,1.0,0.0,0.0,0,4500,500,0,44.061759233474724
ok,ptft,6,5000,0.15700000000000006,785,0.157,10000,0.001,0.0,10.0,0.1,1.0,0.9,0.0,unit_total_var,,0.5,5000000,5000,50000,True,0.0001,,0.0,0.0,1.0,2000,train_pred_mse,5000,0.8227479146290855,0.8125289354856281,6.617890522771643e-17,6.217228095653077,1578.0320959701528,27.676342806953308,1.0,0.0,0.0,0,4500,500,0,17.677458286285397
ok,ptft,7,5000,0.15700000000000006,785,0.157,10000,0.001,0.0,10.0,0.1,1.0,0.9,0.0,unit_total_var,,0.5,5000000,5000,50000,True,0.0001,,0.0,0.0,1.0,2000,train_pred_mse,5000,0.8495100990885288,0.8467447049204743,7.162154404459562e-17,6.323423480669776,1499.0194198013287,26.60853073834889,1.0,0.0,0.0,0,4500,500,0,23.299514532089233
ok,ptft,8,5000,0.15700000000000006,785,0.157,10000,0.001,0.0,10.0,0.1,1.0,0.9,0.0,unit_total_var,,0.5,5000000,5000,50000,True,0.0001,,0.0,0.0,1.0,2000,train_pred_mse,5000,0.8297737302597461,0.8228836253226036,6.316169757607395e-17,6.2612188536734905,1603.5901820014549,28.312437120548537,1.0,0.0,0.0,0,4500,500,0,24.841986656188965
ok,ptft,9,5000,0.15700000000000006,785,0.157,10000,0.001,0.0,10.0,0.1,1.0,0.9,0.0,unit_total_var,,0.5,5000000,5000,50000,True,0.0001,,0.0,0.0,1.0,2000,train_pred_mse,5000,0.8358102612545139,0.8303997481290782,6.73537345768545e-17,6.176585140334972,1561.9233145365802,27.616396584579128,1.0,0.0,0.0,0,4500,500,0,28.145399570465088
ok,ptft,10,5000,0.206,1030,0.20600000000000002,10000,0.001,0.0,10.0,0.1,1.0,0.9,0.0,unit_total_var,,0.5,5000000,5000,50000,True,0.0001,,0.0,0.0,1.0,2000,train_pred_mse,5000,0.8389857778179379,0.8396886894674748,7.621387367303814e-17,8.356700848006044,1796.1073523463306,31.78826284811125,1.0,0.0,0.0,0,4500,500,0,37.362794399261475
ok,ptft,11,5000,0.206,1030,0.20600000000000002,10000,0.001,0.0,10.0,0.1,1.0,0.9,0.0,unit_total_var,,0.5,5000000,5000,50000,True,0.0001,,0.0,0.0,1.0,2000,train_pred_mse,5000,0.8326030609974221,0.8239072238605689,8.297203176013918e-17,8.51944519277035,1745.5898472293482,30.930684154368898,1.0,0.0,0.0,0,4500,500,0,27.66807293891907
ok,ptft,12,5000,0.206,1030,0.20600000000000002,10000,0.001,0.0,10.0,0.1,1.0,0.9,0.0,unit_total_var,,0.5,5000000,5000,50000,True,0.0001,,0.0,0.0,1.0,2000,train_pred_mse,5000,0.7735537044673657,0.7799620519749083,8.036758345800468e-17,8.380534732366232,1790.8603073693625,31.79821301222348,1.0,0.0,0.0,0,4500,500,0,34.84290552139282
ok,ptft,13,5000,0.206,1030,0.20600000000000002,10000,0.001,0.0,10.0,0.1,1.0,0.9,0.0,unit_total_var,,0.5,5000000,5000,50000,True,0.0001,,0.0,0.0,1.0,2000,train_pred_mse,5000,0.8155861378766194,0.8015187965238725,7.803731071671728e-17,8.716817737150711,1821.604271710672,32.43193583281281,1.0,0.0,0.0,0,4500,500,0,25.63858318328857
ok,ptft,14,5000,0.206,1030,0.20600000000000002,10000,0.001,0.0,10.0,0.1,1.0,0.9,0.0,unit_total_var,,0.5,5000000,5000,50000,True,0.0001,,0.0,0.0,1.0,2000,train_pred_mse,5000,0.7992229472090152,0.7796388012021245,8.030372297137592e-17,8.660075842241179,1839.8141526881475,32.708790226721355,1.0,0.0,0.0,0,4500,500,0,26.84824538230896
ok,ptft,15,5000,0.206,1030,0.20600000000000002,10000,0.001,0.0,10.0,0.1,1.0,0.9,0.0,unit_total_var,,0.5,5000000,5000,50000,True,0.0001,,0.0,0.0,1.0,2000,train_pred_mse,5000,0.789751185681897,0.7904086431250466,8.422359116205432e-17,8.466965389253074,1705.945671114782,30.22935821358297,1.0,0.0,0.0,0,4500,500,0,32.78525805473328
ok,ptft,16,5000,0.206,1030,0.20600000000000002,10000,0.001,0.0,10.0,0.1,1.0,0.9,0.0,unit_total_var,,0.5,5000000,5000,50000,True,0.0001,,0.0,0.0,1.0,2000,train_pred_mse,5000,0.7851165385635077,0.7841182158085448,8.387753094715001e-17,8.38337259790347,1820.252616553882,32.304317837652604,1.0,0.0,0.0,0,4500,500,0,33.56715750694275
ok,ptft,17,5000,0.206,1030,0.20600000000000002,10000,0.001,0.0,10.0,0.1,1.0,0.9,0.0,unit_total_var,,0.5,5000000,5000,50000,True,0.0001,,0.0,0.0,1.0,2000,train_pred_mse,5000,0.7760034155219432,0.7929286417583579,7.70101735068522e-17,8.646150515948923,1784.7834157018888,31.791140732969176,1.0,0.0,0.0,0,4500,500,0,42.176029682159424
ok,ptft,18,5000,0.206,1030,0.20600000000000002,10000,0.001,0.0,10.0,0.1,1.0,0.9,0.0,unit_total_var,,0.5,5000000,5000,50000,True,0.0001,,0.0,0.0,1.0,2000,train_pred_mse,5000,0.8228410236260535,0.80737972581767,7.474332995279614e-17,8.206255903976928,1858.6588665873624,32.97040550423646,1.0,0.0,0.0,0,4500,500,0,38.60112595558167
ok,ptft,19,5000,0.206,1030,0.20600000000000002,10000,0.001,0.0,10.0,0.1,1.0,0.9,0.0,unit_total_var,,0.5,5000000,5000,50000,True,0.0001,,0.0,0.0,1.0,2000,train_pred_mse,5000,0.7634977644105606,0.7725970610705916,7.819244939517318e-17,8.35825943657036,1837.2306373427414,32.525232602097354,1.0,0.0,0.0,0,4500,500,0,33.67827248573303
ok,ptft,6,5000,0.206,1030,0.20600000000000002,10000,0.001,0.0,10.0,0.1,1.0,0.9,0.0,unit_total_var,,0.5,5000000,5000,50000,True,0.0001,,0.0,0.0,1.0,2000,train_pred_mse,5000,0.7632445622462242,0.7529042226424054,7.862421468661262e-17,8.514755395506688,1843.355533165404,32.631861780087945,1.0,0.0,0.0,0,4500,500,0,22.183783531188965
ok,ptft,7,5000,0.206,1030,0.20600000000000002,10000,0.001,0.0,10.0,0.1,1.0,0.9,0.0,unit_total_var,,0.5,5000000,5000,50000,True,0.0001,,0.0,0.0,1.0,2000,train_pred_mse,5000,0.7752401458248257,0.781882442233823,7.807689229793143e-17,8.568597589907316,1806.5936207554403,32.134164318949885,1.0,0.0,0.0,0,4500,500,0,24.30845069885254
ok,ptft,8,5000,0.206,1030,0.20600000000000002,10000,0.001,0.0,10.0,0.1,1.0,0.9,0.0,unit_total_var,,0.5,5000000,5000,50000,True,0.0001,,0.0,0.0,1.0,2000,train_pred_mse,5000,0.7747967223291297,0.7721460815145923,7.39622141165146e-17,8.383017696589024,1836.6341831807035,32.487039018796395,1.0,0.0,0.0,0,4500,500,0,34.54624128341675
ok,ptft,9,5000,0.206,1030,0.20600000000000002,10000,0.001,0.0,10.0,0.1,1.0,0.9,0.0,unit_total_var,,0.5,5000000,5000,50000,True,0.0001,,0.0,0.0,1.0,2000,train_pred_mse,5000,0.7680112642166163,0.7809862299734258,7.601605480182226e-17,8.454575560526225,1803.5599819957981,31.78630091343896,1.0,0.0,0.0,0,4500,500,0,45.4599130153656
ok,ptft,10,5000,0.255,1275,0.255,10000,0.001,0.0,10.0,0.1,1.0,0.9,0.0,unit_total_var,,0.5,5000000,5000,50000,True,0.0001,,0.0,0.0,1.0,2000,train_pred_mse,5000,0.7742364776205317,0.7651862250181144,9.794411619912792e-17,10.353988897850831,2101.947607631383,37.202717191354964,1.0,0.0,0.0,0,4500,500,0,48.37989568710327
ok,ptft,11,5000,0.255,1275,0.255,10000,0.001,0.0,10.0,0.1,1.0,0.9,0.0,unit_total_var,,0.5,5000000,5000,50000,True,0.0001,,0.0,0.0,1.0,2000,train_pred_mse,5000,0.779397297098298,0.7631989636414178,9.606192674866934e-17,10.4199975873515,2021.2055648152468,35.51673798638834,1.0,0.0,0.0,0,4500,500,0,64.39424300193787
ok,ptft,12,5000,0.255,1275,0.255,10000,0.001,0.0,10.0,0.1,1.0,0.9,0.0,unit_total_var,,0.5,5000000,5000,50000,True,0.0001,,0.0,0.0,1.0,2000,train_pred_mse,5000,0.7160843601375776,0.7257579338715333,9.653126647998223e-17,10.667908498504948,2034.257606290232,35.81425391331317,1.0,0.0,0.0,0,4500,500,0,53.8045597076416
ok,ptft,13,5000,0.255,1275,0.255,10000,0.001,0.0,10.0,0.1,1.0,0.9,0.0,unit_total_var,,0.5,5000000,5000,50000,True,0.0001,,0.0,0.0,1.0,2000,train_pred_mse,5000,0.7470063958605077,0.7380117647040672,9.257526766109836e-17,10.28303493831108,2084.563621843674,37.01190079944478,1.0,0.0,0.0,0,4500,500,0,38.21984219551087
ok,ptft,14,5000,0.255,1275,0.255,10000,0.001,0.0,10.0,0.1,1.0,0.9,0.0,unit_total_var,,0.5,5000000,5000,50000,True,0.0001,,0.0,0.0,1.0,2000,train_pred_mse,5000,0.7414306816396438,0.7315450481401277,9.076473202339834e-17,10.429816701331696,2046.6672233323075,36.20807205587358,1.0,0.0,0.0,0,4500,500,0,52.400229692459106
ok,ptft,15,5000,0.255,1275,0.255,10000,0.001,0.0,10.0,0.1,1.0,0.9,0.0,unit_total_var,,0.5,5000000,5000,50000,True,0.0001,,0.0,0.0,1.0,2000,train_pred_mse,5000,0.7401364361619155,0.7299997345049913,1.0067126510680755e-16,10.096551342753518,1959.8776626403665,34.87497863527119,1.0,0.0,0.0,0,4500,500,0,32.37740421295166
ok,ptft,16,5000,0.255,1275,0.255,10000,0.001,0.0,10.0,0.1,1.0,0.9,0.0,unit_total_var,,0.5,5000000,5000,50000,True,0.0001,,0.0,0.0,1.0,2000,train_pred_mse,5000,0.739612064634328,0.747958077737745,1.0405073306259011e-16,10.608114610385456,1975.0505353558567,34.997251638897765,1.0,0.0,0.0,0,4500,500,0,43.824306964874275
ok,ptft,17,5000,0.255,1275,0.255,10000,0.001,0.0,10.0,0.1,1.0,0.9,0.0,unit_total_var,,0.5,5000000,5000,50000,True,0.0001,,0.0,0.0,1.0,2000,train_pred_mse,5000,0.7284276188332948,0.7446069974526015,9.55344116369482e-17,10.281661812126847,1987.2868998971685,35.39402109527701,1.0,0.0,0.0,0,4500,500,0,52.69899654388428
ok,ptft,18,5000,0.255,1275,0.255,10000,0.001,0.0,10.0,0.1,1.0,0.9,0.0,unit_total_var,,0.5,5000000,5000,50000,True,0.0001,,0.0,0.0,1.0,2000,train_pred_mse,5000,0.7681697336812172,0.7543043121742047,9.472841223734339e-17,10.637673105507943,2061.7369101595455,36.777328655185045,1.0,0.0,0.0,0,4500,500,0,49.73797249794006
ok,ptft,19,5000,0.255,1275,0.255,10000,0.001,0.0,10.0,0.1,1.0,0.9,0.0,unit_total_var,,0.5,5000000,5000,50000,True,0.0001,,0.0,0.0,1.0,2000,train_pred_mse,5000,0.715211881045478,0.7218880866233764,9.845185586852172e-17,10.20160212156756,2040.7134373415595,36.21141856011312,1.0,0.0,0.0,0,4500,500,0,45.72099804878235
ok,ptft,6,5000,0.255,1275,0.255,10000,0.001,0.0,10.0,0.1,1.0,0.9,0.0,unit_total_var,,0.5,5000000,5000,50000,True,0.0001,,0.0,0.0,1.0,2000,train_pred_mse,5000,0.7281973515291613,0.7236085991680947,1.0512719470760248e-16,10.747382190324318,1973.0021539376278,34.81092997215992,1.0,0.0,0.0,0,4500,500,0,41.02693748474121
ok,ptft,7,5000,0.255,1275,0.255,10000,0.001,0.0,10.0,0.1,1.0,0.9,0.0,unit_total_var,,0.5,5000000,5000,50000,True,0.0001,,0.0,0.0,1.0,2000,train_pred_mse,5000,0.7417909919573451,0.7394480212254474,9.857268786026431e-17,10.436519163633186,1990.5328402775228,35.29693332455498,1.0,0.0,0.0,0,4500,500,0,36.466198444366455
ok,ptft,8,5000,0.255,1275,0.255,10000,0.001,0.0,10.0,0.1,1.0,0.9,0.0,unit_total_var,,0.5,5000000,5000,50000,True,0.0001,,0.0,0.0,1.0,2000,train_pred_mse,5000,0.7261330644521018,0.7320111175120112,1.000918925382332e-16,10.472421646737363,1988.7528786102184,35.444393393232076,1.0,0.0,0.0,0,4500,500,0,45.35836243629456
ok,ptft,9,5000,0.255,1275,0.255,10000,0.001,0.0,10.0,0.1,1.0,0.9,0.0,unit_total_var,,0.5,5000000,5000,50000,True,0.0001,,0.0,0.0,1.0,2000,train_pred_mse,5000,0.7177381103173102,0.7316507833157704,9.170820763282646e-17,10.220443222142071,2011.915440665901,35.470039340305455,1.0,0.0,0.0,0,4500,500,0,63.45353627204895
ok,ptft,10,5000,0.30400000000000005,1520,0.304,10000,0.001,0.0,10.0,0.1,1.0,0.9,0.0,unit_total_var,,0.5,5000000,5000,50000,True,0.0001,,0.0,0.0,1.0,2000,train_pred_mse,5000,0.7265591345283321,0.7174975523351851,1.2509318885271755e-16,12.263187287009096,2269.28548863706,40.291039782520606,1.0,0.0,0.0,0,4500,500,0,58.9863440990448
ok,ptft,11,5000,0.30400000000000005,1520,0.304,10000,0.001,0.0,10.0,0.1,1.0,0.9,0.0,unit_total_var,,0.5,5000000,5000,50000,True,0.0001,,0.0,0.0,1.0,2000,train_pred_mse,5000,0.7257816168440251,0.7094668007307999,1.3089483001386232e-16,12.352608886996922,2208.150224855885,39.12026557279242,1.0,0.0,0.0,0,4500,500,0,42.636092185974114
ok,ptft,12,5000,0.30400000000000005,1520,0.304,10000,0.001,0.0,10.0,0.1,1.0,0.9,0.0,unit_total_var,,0.5,5000000,5000,50000,True,0.0001,,0.0,0.0,1.0,2000,train_pred_mse,5000,0.6881159205669647,0.6897827362533133,1.3096379723567063e-16,12.434705728753402,2160.513816538311,38.25158095583552,1.0,0.0,0.0,0,4500,500,0,60.90246915817261
ok,ptft,13,5000,0.30400000000000005,1520,0.304,10000,0.001,0.0,10.0,0.1,1.0,0.9,0.0,unit_total_var,,0.5,5000000,5000,50000,True,0.0001,,0.0,0.0,1.0,2000,train_pred_mse,5000,0.7210768587077745,0.7149502771556936,1.2862262563440783e-16,12.257846195018766,2165.3695385779665,38.54265513153932,1.0,0.0,0.0,0,4500,500,0,49.84851455688477
ok,ptft,14,5000,0.30400000000000005,1520,0.304,10000,0.001,0.0,10.0,0.1,1.0,0.9,0.0,unit_total_var,,0.5,5000000,5000,50000,True,0.0001,,0.0,0.0,1.0,2000,train_pred_mse,5000,0.7171137290526293,0.6924710440740787,1.338705023728244e-16,12.680152443118539,2183.358809162596,38.81474225585424,1.0,0.0,0.0,0,4500,500,0,69.5599467754364
ok,ptft,15,5000,0.30400000000000005,1520,0.304,10000,0.001,0.0,10.0,0.1,1.0,0.9,0.0,unit_total_var,,0.5,5000000,5000,50000,True,0.0001,,0.0,0.0,1.0,2000,train_pred_mse,5000,0.6939360541405759,0.6761287213717282,1.2286641568999614e-16,12.225021095208731,2181.0354982477506,38.548706640995704,1.0,0.0,0.0,0,4500,500,0,71.79671692848207
ok,ptft,16,5000,0.30400000000000005,1520,0.304,10000,0.001,0.0,10.0,0.1,1.0,0.9,0.0,unit_total_var,,0.5,5000000,5000,50000,True,0.0001,,0.0,0.0,1.0,2000,train_pred_mse,5000,0.6981572574035529,0.7091490414065824,1.2379992835906563e-16,12.30536234910156,2134.4050639290062,37.66941097024789,1.0,0.0,0.0,0,4500,500,0,54.64387154579162
ok,ptft,17,5000,0.30400000000000005,1520,0.304,10000,0.001,0.0,10.0,0.1,1.0,0.9,0.0,unit_total_var,,0.5,5000000,5000,50000,True,0.0001,,0.0,0.0,1.0,2000,train_pred_mse,5000,0.6735193437609258,0.6922058714638585,1.2600070869137111e-16,11.886193761209269,2196.3728178229385,38.92764238447664,1.0,0.0,0.0,0,4500,500,0,59.48482728004456
ok,ptft,18,5000,0.30400000000000005,1520,0.304,10000,0.001,0.0,10.0,0.1,1.0,0.9,0.0,unit_total_var,,0.5,5000000,5000,50000,True,0.0001,,0.0,0.0,1.0,2000,train_pred_mse,5000,0.7144352132587531,0.7129021277772742,1.2799118404133912e-16,12.501486383689448,2214.650712089636,39.49937913934689,1.0,0.0,0.0,0,4500,500,0,60.907601118087776
ok,ptft,19,5000,0.30400000000000005,1520,0.304,10000,0.001,0.0,10.0,0.1,1.0,0.9,0.0,unit_total_var,,0.5,5000000,5000,50000,True,0.0001,,0.0,0.0,1.0,2000,train_pred_mse,5000,0.6912496107670251,0.6822406277310029,1.2658944981650386e-16,12.249613206067838,2185.072290593516,38.85727706594832,1.0,0.0,0.0,0,4500,500,0,56.110501527786255
ok,ptft,6,5000,0.30400000000000005,1520,0.304,10000,0.001,0.0,10.0,0.1,1.0,0.9,0.0,unit_total_var,,0.5,5000000,5000,50000,True,0.0001,,0.0,0.0,1.0,2000,train_pred_mse,5000,0.6934357648474055,0.6812416810770014,1.3236122796500969e-16,12.945587064556484,2118.163609867952,37.73355916499154,1.0,0.0,0.0,0,4500,500,0,53.060702800750725
ok,ptft,7,5000,0.30400000000000005,1520,0.304,10000,0.001,0.0,10.0,0.1,1.0,0.9,0.0,unit_total_var,,0.5,5000000,5000,50000,True,0.0001,,0.0,0.0,1.0,2000,train_pred_mse,5000,0.679828394733168,0.6733933960277662,1.2560378268391042e-16,12.657864505948346,2238.6451151724987,39.706977212890024,1.0,0.0,0.0,0,4500,500,0,47.88084316253662
ok,ptft,8,5000,0.30400000000000005,1520,0.304,10000,0.001,0.0,10.0,0.1,1.0,0.9,0.0,unit_total_var,,0.5,5000000,5000,50000,True,0.0001,,0.0,0.0,1.0,2000,train_pred_mse,5000,0.699335721078033,0.7007095872388056,1.2782327758835622e-16,12.341563530204773,2123.333949884948,37.601802764434574,1.0,0.0,0.0,0,4500,500,0,55.698736667633064
ok,ptft,9,5000,0.30400000000000005,1520,0.304,10000,0.001,0.0,10.0,0.1,1.0,0.9,0.0,unit_total_var,,0.5,5000000,5000,50000,True,0.0001,,0.0,0.0,1.0,2000,train_pred_mse,5000,0.6557343171329144,0.6577197076953948,1.1922660859955272e-16,11.98264489918758,2286.288229104488,40.34872217073508,1.0,0.0,0.0,0,4500,500,0,77.24127626419067
ok,ptft,10,5000,0.35300000000000004,1765,0.353,10000,0.001,0.0,10.0,0.1,1.0,0.9,0.0,unit_total_var,,0.5,5000000,5000,50000,True,0.0001,,0.0,0.0,1.0,2000,train_pred_mse,5000,0.6643569297918018,0.6748306935107533,1.661412734520253e-16,14.41173955376428,2420.6366506334666,42.84678160917645,1.0,0.0,0.0,0,4500,500,0,69.14912962913513
ok,ptft,11,5000,0.35300000000000004,1765,0.353,10000,0.001,0.0,10.0,0.1,1.0,0.9,0.0,unit_total_var,,0.5,5000000,5000,50000,True,0.0001,,0.0,0.0,1.0,2000,train_pred_mse,5000,0.6828097859267589,0.6686948945336925,1.713637036831049e-16,14.266355216523236,2346.896076276574,41.64458496998122,1.0,0.0,0.0,0,4500,500,0,57.167623043060296
ok,ptft,12,5000,0.35300000000000004,1765,0.353,10000,0.001,0.0,10.0,0.1,1.0,0.9,0.0,unit_total_var,,0.5,5000000,5000,50000,True,0.0001,,0.0,0.0,1.0,2000,train_pred_mse,5000,0.6457394137292692,0.6499969748711966,1.7477283632945632e-16,13.99969166007686,2293.960849385269,40.77335546608737,1.0,0.0,0.0,0,4500,500,0,68.38997960090636
ok,ptft,13,5000,0.35300000000000004,1765,0.353,10000,0.001,0.0,10.0,0.1,1.0,0.9,0.0,unit_total_var,,0.5,5000000,5000,50000,True,0.0001,,0.0,0.0,1.0,2000,train_pred_mse,5000,0.6366685670787344,0.6442585695863463,1.7486340750426618e-16,14.009061811864171,2411.3663505031186,42.88857863834238,1.0,0.0,0.0,0,4500,500,0,59.605759859085076
ok,ptft,14,5000,0.35300000000000004,1765,0.353,10000,0.001,0.0,10.0,0.1,1.0,0.9,0.0,unit_total_var,,0.5,5000000,5000,50000,True,0.0001,,0.0,0.0,1.0,2000,train_pred_mse,5000,0.6465088721155315,0.638502350301598,1.700926117403346e-16,14.799055745532144,2384.361526285591,42.14852521690425,0.9998,0.0,0.0,0,4500,500,0,81.04936194419861
ok,ptft,15,5000,0.35300000000000004,1765,0.353,10000,0.001,0.0,10.0,0.1,1.0,0.9,0.0,unit_total_var,,0.5,5000000,5000,50000,True,0.0001,,0.0,0.0,1.0,2000,train_pred_mse,5000,0.62669364213047,0.6214349903356768,1.7740485646938838e-16,14.845918446084482,2354.2289138496467,41.95371164172745,1.0,0.0,0.0,0,4500,500,0,64.72709822654724
ok,ptft,16,5000,0.35300000000000004,1765,0.353,10000,0.001,0.0,10.0,0.1,1.0,0.9,0.0,unit_total_var,,0.5,5000000,5000,50000,True,0.0001,,0.0,0.0,1.0,2000,train_pred_mse,5000,0.6506476953714134,0.6457557685902675,1.7444265338637804e-16,14.380295203886506,2336.512463384989,41.66796757063146,1.0,0.0,0.0,0,4500,500,0,62.74505877494812
ok,ptft,17,5000,0.35300000000000004,1765,0.353,10000,0.001,0.0,10.0,0.1,1.0,0.9,0.0,unit_total_var,,0.5,5000000,5000,50000,True,0.0001,,0.0,0.0,1.0,2000,train_pred_mse,5000,0.6268007620138576,0.6455059781701883,1.6789521032123659e-16,14.409629466213039,2366.8000288714597,41.82439132095495,1.0,0.0,0.0,0,4500,500,0,66.80336809158325
ok,ptft,18,5000,0.35300000000000004,1765,0.353,10000,0.001,0.0,10.0,0.1,1.0,0.9,0.0,unit_total_var,,0.5,5000000,5000,50000,True,0.0001,,0.0,0.0,1.0,2000,train_pred_mse,5000,0.6582004276275131,0.6475325202855842,1.6632499630382176e-16,14.517973227875846,2439.6093332372466,43.448064515956446,1.0,0.0,0.0,0,4500,500,0,68.15193390846252
ok,ptft,19,5000,0.35300000000000004,1765,0.353,10000,0.001,0.0,10.0,0.1,1.0,0.9,0.0,unit_total_var,,0.5,5000000,5000,50000,True,0.0001,,0.0,0.0,1.0,2000,train_pred_mse,5000,0.6327248629058188,0.6416158261419872,1.7670297430423479e-16,14.619162435404466,2320.019608842925,41.390033747816624,1.0,0.0,0.0,0,4500,500,0,63.16144585609436
ok,ptft,6,5000,0.35300000000000004,1765,0.353,10000,0.001,0.0,10.0,0.1,1.0,0.9,0.0,unit_total_var,,0.5,5000000,5000,50000,True,0.0001,,0.0,0.0,1.0,2000,train_pred_mse,5000,0.6093082897435799,0.610253007344474,1.7556525683965733e-16,14.70496582661357,2379.6706661158914,42.187097069508965,1.0,0.0,0.0,0,4500,500,0,63.05571055412293
ok,ptft,7,5000,0.35300000000000004,1765,0.353,10000,0.001,0.0,10.0,0.1,1.0,0.9,0.0,unit_total_var,,0.5,5000000,5000,50000,True,0.0001,,0.0,0.0,1.0,2000,train_pred_mse,5000,0.6443677227517329,0.637944921261994,1.7734090744353792e-16,14.495023072207493,2350.511402172613,41.878001783838045,1.0,0.0,0.0,0,4500,500,0,68.2437970638275
ok,ptft,8,5000,0.35300000000000004,1765,0.353,10000,0.001,0.0,10.0,0.1,1.0,0.9,0.0,unit_total_var,,0.5,5000000,5000,50000,True,0.0001,,0.0,0.0,1.0,2000,train_pred_mse,5000,0.6428275027914858,0.6508273262157167,1.707507311813986e-16,14.391100139244735,2302.661910928585,40.78711345073606,1.0,0.0,0.0,0,4500,500,0,66.14680075645447
ok,ptft,9,5000,0.35300000000000004,1765,0.353,10000,0.001,0.0,10.0,0.1,1.0,0.9,0.0,unit_total_var,,0.5,5000000,5000,50000,True,0.0001,,0.0,0.0,1.0,2000,train_pred_mse,5000,0.635085790197235,0.640096744150111,1.7600805041797894e-16,14.274224665045116,2329.2457641687743,41.42904737536525,1.0,0.0,0.0,0,4500,500,0,71.7230546474457
ok,ptft,10,5000,0.402,2010,0.402,10000,0.001,0.0,10.0,0.1,1.0,0.9,0.0,unit_total_var,,0.5,5000000,5000,50000,True,0.0001,,0.0,0.0,1.0,2000,train_pred_mse,5000,0.6058269882884169,0.6145174172276333,2.9341461306196846e-16,16.187572649300527,2606.713582144549,46.23849740280987,1.0,0.0,0.0,0,4500,500,0,78.23233485221863
ok,ptft,11,5000,0.402,2010,0.402,10000,0.001,0.0,10.0,0.1,1.0,0.9,0.0,unit_total_var,,0.5,5000000,5000,50000,True,0.0001,,0.0,0.0,1.0,2000,train_pred_mse,5000,0.606742612424817,0.5907086837285829,2.970040048974945e-16,16.282714781255045,2598.1667450411514,46.093096024901364,1.0,0.0,0.0,0,4500,500,0,55.81409239768982
ok,ptft,12,5000,0.402,2010,0.402,10000,0.001,0.0,10.0,0.1,1.0,0.9,0.0,unit_total_var,,0.5,5000000,5000,50000,True,0.0001,,0.0,0.0,1.0,2000,train_pred_mse,5000,0.5835474555545811,0.5867539732339261,2.7652684797877763e-16,16.251014419119834,2499.201521840993,44.48363156241658,1.0,0.0,0.0,0,4500,500,0,76.34837365150452
ok,ptft,13,5000,0.402,2010,0.402,10000,0.001,0.0,10.0,0.1,1.0,0.9,0.0,unit_total_var,,0.5,5000000,5000,50000,True,0.0001,,0.0,0.0,1.0,2000,train_pred_mse,5000,0.5918561974128663,0.5986597813266245,2.6891385908985667e-16,16.041609429873517,2573.8905668829652,45.472465585679856,1.0,0.0,0.0,0,4500,500,0,68.21242952346803
ok,ptft,14,5000,0.402,2010,0.402,10000,0.001,0.0,10.0,0.1,1.0,0.9,0.0,unit_total_var,,0.5,5000000,5000,50000,True,0.0001,,0.0,0.0,1.0,2000,train_pred_mse,5000,0.6133771374677851,0.6025218559338735,2.868172904134553e-16,15.640608763456516,2491.028579007354,44.2381076227637,1.0,0.0,0.0,0,4500,500,0,65.2258975505829
ok,ptft,15,5000,0.402,2010,0.402,10000,0.001,0.0,10.0,0.1,1.0,0.9,0.0,unit_total_var,,0.5,5000000,5000,50000,True,0.0001,,0.0,0.0,1.0,2000,train_pred_mse,5000,0.5873388710292996,0.5883503785503004,2.919775728299042e-16,16.1774530183412,2471.6174855474924,43.884044320175136,1.0,0.0,0.0,0,4500,500,0,73.63711643218994
ok,ptft,16,5000,0.402,2010,0.402,10000,0.001,0.0,10.0,0.1,1.0,0.9,0.0,unit_total_var,,0.5,5000000,5000,50000,True,0.0001,,0.0,0.0,1.0,2000,train_pred_mse,5000,0.5730681979815317,0.5810142251103559,2.6868481795991116e-16,15.958055862350564,2559.992638988544,45.38923361498675,1.0,0.0,0.0,0,4500,500,0,70.6756908893585
ok,ptft,17,5000,0.402,2010,0.402,10000,0.001,0.0,10.0,0.1,1.0,0.9,0.0,unit_total_var,,0.5,5000000,5000,50000,True,0.0001,,0.0,0.0,1.0,2000,train_pred_mse,5000,0.5653803780260312,0.5827862652868202,2.6474618713339884e-16,16.619369896446692,2563.1845884175045,45.41848469253846,1.0,0.0,0.0,0,4500,500,0,74.80311727523805
ok,ptft,18,5000,0.402,2010,0.402,10000,0.001,0.0,10.0,0.1,1.0,0.9,0.0,unit_total_var,,0.5,5000000,5000,50000,True,0.0001,,0.0,0.0,1.0,2000,train_pred_mse,5000,0.6185906496397221,0.6186319072080907,2.9874881645890564e-16,16.219396739155584,2538.886225200239,45.08315773086523,1.0,0.0,0.0,0,4500,500,0,64.76786994934082
ok,ptft,19,5000,0.402,2010,0.402,10000,0.001,0.0,10.0,0.1,1.0,0.9,0.0,unit_total_var,,0.5,5000000,5000,50000,True,0.0001,,0.0,0.0,1.0,2000,train_pred_mse,5000,0.5882756192873252,0.5833032359787692,2.7745854761235434e-16,16.37538896489944,2530.096247347954,44.784536465866005,1.0,0.0,0.0,0,4500,500,0,70.61934304237366
ok,ptft,6,5000,0.402,2010,0.402,10000,0.001,0.0,10.0,0.1,1.0,0.9,0.0,unit_total_var,,0.5,5000000,5000,50000,True,0.0001,,0.0,0.0,1.0,2000,train_pred_mse,5000,0.5790133619343304,0.5817270069012662,2.898364049302228e-16,16.40439805680268,2450.5402782772353,43.842656969983594,1.0,0.0,0.0,0,4500,500,0,72.5434877872467
ok,ptft,7,5000,0.402,2010,0.402,10000,0.001,0.0,10.0,0.1,1.0,0.9,0.0,unit_total_var,,0.5,5000000,5000,50000,True,0.0001,,0.0,0.0,1.0,2000,train_pred_mse,5000,0.6030978557433144,0.5894659254176986,2.920753570289753e-16,16.364484324249148,2510.720401343553,44.68458698759868,1.0,0.0,0.0,0,4500,500,0,56.71733975410461
ok,ptft,8,5000,0.402,2010,0.402,10000,0.001,0.0,10.0,0.1,1.0,0.9,0.0,unit_total_var,,0.5,5000000,5000,50000,True,0.0001,,0.0,0.0,1.0,2000,train_pred_mse,5000,0.593383890956609,0.5932959775417911,2.687529610873452e-16,16.44670928974486,2495.0866005746084,44.17311726118294,1.0,0.0,0.0,0,4500,500,0,74.21512246131897
ok,ptft,9,5000,0.402,2010,0.402,10000,0.001,0.0,10.0,0.1,1.0,0.9,0.0,unit_total_var,,0.5,5000000,5000,50000,True,0.0001,,0.0,0.0,1.0,2000,train_pred_mse,5000,0.5807954298009277,0.5915598819088745,2.87264918971072e-16,16.463495507541598,2499.2704882371354,44.25759809856023,1.0,0.0,0.0,0,4500,500,0,79.12294816970825
ok,ptft,10,5000,0.451,2255,0.451,10000,0.001,0.0,10.0,0.1,1.0,0.9,0.0,unit_total_var,,0.5,5000000,5000,50000,True,0.0001,,0.0,0.0,1.0,2000,train_pred_mse,5000,0.570989818519174,0.5656799175347099,4.861690184566228e-14,18.090489991542782,2752.774913785888,48.811336733251956,1.0,0.0,0.0,0,4500,500,0,86.08513760566711
ok,ptft,11,5000,0.451,2255,0.451,10000,0.001,0.0,10.0,0.1,1.0,0.9,0.0,unit_total_var,,0.5,5000000,5000,50000,True,0.0001,,0.0,0.0,1.0,2000,train_pred_mse,5000,0.5746004641068632,0.5629195913844556,7.420978301207447e-14,18.387870721860708,2685.3862209548724,47.57804987977161,1.0,0.0,0.0,0,4500,500,0,88.49836993217468
ok,ptft,12,5000,0.451,2255,0.451,10000,0.001,0.0,10.0,0.1,1.0,0.9,0.0,unit_total_var,,0.5,5000000,5000,50000,True,0.0001,,0.0,0.0,1.0,2000,train_pred_mse,5000,0.5367694284176266,0.5458110764722182,3.5732938212335245e-14,18.00876932278174,2620.344316211399,46.72899614900883,1.0,0.0,0.0,0,4500,500,0,69.38917469978333
ok,ptft,13,5000,0.451,2255,0.451,10000,0.001,0.0,10.0,0.1,1.0,0.9,0.0,unit_total_var,,0.5,5000000,5000,50000,True,0.0001,,0.0,0.0,1.0,2000,train_pred_mse,5000,0.5487966334596783,0.5520550026736617,3.523129004097674e-14,17.851034345023578,2701.470695532397,47.9624900503907,1.0,0.0,0.0,0,4500,500,0,80.21195816993712
ok,ptft,14,5000,0.451,2255,0.451,10000,0.001,0.0,10.0,0.1,1.0,0.9,0.0,unit_total_var,,0.5,5000000,5000,50000,True,0.0001,,0.0,0.0,1.0,2000,train_pred_mse,5000,0.5549090158885117,0.5505438669170256,5.981306838441105e-14,17.544495869158045,2647.753309921208,47.085347649473626,1.0,0.0,0.0,0,4500,500,0,94.9434986114502
ok,ptft,15,5000,0.451,2255,0.451,10000,0.001,0.0,10.0,0.1,1.0,0.9,0.0,unit_total_var,,0.5,5000000,5000,50000,True,0.0001,,0.0,0.0,1.0,2000,train_pred_mse,5000,0.5590435336115158,0.5332390713513152,6.392032380711537e-14,18.0103198501375,2638.753695891496,46.91814372005393,1.0,0.0,0.0,0,4500,500,0,77.7875394821167
ok,ptft,16,5000,0.451,2255,0.451,10000,0.001,0.0,10.0,0.1,1.0,0.9,0.0,unit_total_var,,0.5,5000000,5000,50000,True,0.0001,,0.0,0.0,1.0,2000,train_pred_mse,5000,0.5352149040796232,0.5426589090802709,7.237931282651812e-14,17.462018143962144,2687.9441051538697,47.45800963552339,1.0,0.0,0.0,0,4500,500,0,96.61492681503296
ok,ptft,17,5000,0.451,2255,0.451,10000,0.001,0.0,10.0,0.1,1.0,0.9,0.0,unit_total_var,,0.5,5000000,5000,50000,True,0.0001,,0.0,0.0,1.0,2000,train_pred_mse,5000,0.5431937603745111,0.5489865078135889,2.370532938795639e-14,17.69209045900697,2648.946265492318,47.244330714203215,1.0,0.0,0.0,0,4500,500,0,80.13466477394105
ok,ptft,18,5000,0.451,2255,0.451,10000,0.001,0.0,10.0,0.1,1.0,0.9,0.0,unit_total_var,,0.5,5000000,5000,50000,True,0.0001,,0.0,0.0,1.0,2000,train_pred_mse,5000,0.5592053834397868,0.5629942857623536,3.5783047058288807e-14,18.316471767189967,2689.503648897081,48.0625494006637,1.0,0.0,0.0,0,4500,500,0,72.2374415397644
ok,ptft,19,5000,0.451,2255,0.451,10000,0.001,0.0,10.0,0.1,1.0,0.9,0.0,unit_total_var,,0.5,5000000,5000,50000,True,0.0001,,0.0,0.0,1.0,2000,train_pred_mse,5000,0.5306931876681246,0.5368601665894377,2.0459724326038084e-14,18.175410514122067,2648.273954960693,47.29705616147861,1.0,0.0,0.0,0,4500,500,0,79.72658705711366
ok,ptft,6,5000,0.451,2255,0.451,10000,0.001,0.0,10.0,0.1,1.0,0.9,0.0,unit_total_var,,0.5,5000000,5000,50000,True,0.0001,,0.0,0.0,1.0,2000,train_pred_mse,5000,0.5393938219257876,0.5226614965979255,3.47428545692893e-14,17.878495530794204,2641.534067911688,47.09027769787937,1.0,0.0,0.0,0,4500,500,0,80.16612267494202
ok,ptft,7,5000,0.451,2255,0.451,10000,0.001,0.0,10.0,0.1,1.0,0.9,0.0,unit_total_var,,0.5,5000000,5000,50000,True,0.0001,,0.0,0.0,1.0,2000,train_pred_mse,5000,0.5465862679663924,0.5476828430737793,8.543422565969585e-14,18.16771803266295,2644.077035744077,46.96353430823946,1.0,0.0,0.0,0,4500,500,0,82.50247097015381
ok,ptft,8,5000,0.451,2255,0.451,10000,0.001,0.0,10.0,0.1,1.0,0.9,0.0,unit_total_var,,0.5,5000000,5000,50000,True,0.0001,,0.0,0.0,1.0,2000,train_pred_mse,5000,0.5281486004446028,0.5385956402293411,3.2782357795021983e-14,18.325612006128743,2645.5384018700743,47.16649843232956,1.0,0.0,0.0,0,4500,500,0,80.72280263900755
ok,ptft,9,5000,0.451,2255,0.451,10000,0.001,0.0,10.0,0.1,1.0,0.9,0.0,unit_total_var,,0.5,5000000,5000,50000,True,0.0001,,0.0,0.0,1.0,2000,train_pred_mse,5000,0.531076713331041,0.535063683951174,4.4281823004214683e-14,17.571998423856748,2650.179851172301,47.344142775550424,1.0,0.0,0.0,0,4500,500,0,84.19844341278076
ok,ptft,10,5000,0.5,2500,0.5,10000,0.001,0.0,10.0,0.1,1.0,0.9,0.0,unit_total_var,,0.5,5000000,5000,50000,True,0.0001,,0.0,0.0,1.0,2000,train_pred_mse,5000,0.5319086102283856,0.5287753179119721,4.6804077644860884e-11,19.763923410653085,2849.547794688998,50.663714523419344,1.0,0.0,0.0,0,4500,500,0,75.76093149185179
ok,ptft,11,5000,0.5,2500,0.5,10000,0.001,0.0,10.0,0.1,1.0,0.9,0.0,unit_total_var,,0.5,5000000,5000,50000,True,0.0001,,0.0,0.0,1.0,2000,train_pred_mse,5000,0.5260260501099541,0.5154957750308253,2.6299122462274308e-11,19.190641192926904,2798.634394195672,50.00442966173847,1.0,0.0,0.0,0,4500,500,0,98.07981467247008
ok,ptft,12,5000,0.5,2500,0.5,10000,0.001,0.0,10.0,0.1,1.0,0.9,0.0,unit_total_var,,0.5,5000000,5000,50000,True,0.0001,,0.0,0.0,1.0,2000,train_pred_mse,5000,0.491432508364813,0.5020124008729286,2.6967258906034172e-11,19.45172622808201,2751.0354292143734,49.01747137372653,1.0,0.0,0.0,0,4500,500,0,73.87846517562865
ok,ptft,13,5000,0.5,2500,0.5,10000,0.001,0.0,10.0,0.1,1.0,0.9,0.0,unit_total_var,,0.5,5000000,5000,50000,True,0.0001,,0.0,0.0,1.0,2000,train_pred_mse,5000,0.5132558642983193,0.5111470364855826,3.981626621059172e-11,19.649167727497726,2822.413440185844,50.05660543941502,1.0,0.0,0.0,0,4500,500,0,82.94187784194945
ok,ptft,14,5000,0.5,2500,0.5,10000,0.001,0.0,10.0,0.1,1.0,0.9,0.0,unit_total_var,,0.5,5000000,5000,50000,True,0.0001,,0.0,0.0,1.0,2000,train_pred_mse,5000,0.4873549169996046,0.4903836146462685,4.512202199357868e-11,19.183526965835398,2820.1316876098167,50.17678806533431,1.0,0.0,0.0,0,4500,500,0,80.61333012580872
ok,ptft,15,5000,0.5,2500,0.5,10000,0.001,0.0,10.0,0.1,1.0,0.9,0.0,unit_total_var,,0.5,5000000,5000,50000,True,0.0001,,0.0,0.0,1.0,2000,train_pred_mse,5000,0.4983234810038133,0.4880545076173226,3.0437649477190266e-11,20.118473541740478,2751.30989028598,49.268539565265435,1.0,0.0,0.0,0,4500,500,0,85.2903699874878
ok,ptft,16,5000,0.5,2500,0.5,10000,0.001,0.0,10.0,0.1,1.0,0.9,0.0,unit_total_var,,0.5,5000000,5000,50000,True,0.0001,,0.0,0.0,1.0,2000,train_pred_mse,5000,0.4755169656209559,0.4828899079235494,2.542432344629345e-11,19.305945873336068,2848.007036457436,50.50833640829057,1.0,0.0,0.0,0,4500,500,0,74.70322537422179
ok,ptft,17,5000,0.5,2500,0.5,10000,0.001,0.0,10.0,0.1,1.0,0.9,0.0,unit_total_var,,0.5,5000000,5000,50000,True,0.0001,,0.0,0.0,1.0,2000,train_pred_mse,5000,0.5042964466428006,0.5045784194766234,2.6298402546240874e-11,19.79563108317056,2796.4008773369287,49.53763198486355,1.0,0.0,0.0,0,4500,500,0,115.47143125534058
ok,ptft,18,5000,0.5,2500,0.5,10000,0.001,0.0,10.0,0.1,1.0,0.9,0.0,unit_total_var,,0.5,5000000,5000,50000,True,0.0001,,0.0,0.0,1.0,2000,train_pred_mse,5000,0.5283458362520643,0.5191383619047072,3.3828438315785515e-11,19.841559393704845,2837.117763311409,50.299634488991146,1.0,0.0,0.0,0,4500,500,0,79.24603796005248
ok,ptft,19,5000,0.5,2500,0.5,10000,0.001,0.0,10.0,0.1,1.0,0.9,0.0,unit_total_var,,0.5,5000000,5000,50000,True,0.0001,,0.0,0.0,1.0,2000,train_pred_mse,5000,0.4723287910588471,0.4827720697118948,2.222634967346223e-11,19.895508972263528,2828.969924283065,50.08093682701626,1.0,0.0,0.0,0,4500,500,0,85.23045349121094
ok,ptft,6,5000,0.5,2500,0.5,10000,0.001,0.0,10.0,0.1,1.0,0.9,0.0,unit_total_var,,0.5,5000000,5000,50000,True,0.0001,,0.0,0.0,1.0,2000,train_pred_mse,5000,0.5056214318299427,0.5063176767675605,1.8316746473140535e-11,20.04987104393249,2706.270624374928,47.952466639757965,1.0,0.0,0.0,0,4500,500,0,87.73749542236328
ok,ptft,7,5000,0.5,2500,0.5,10000,0.001,0.0,10.0,0.1,1.0,0.9,0.0,unit_total_var,,0.5,5000000,5000,50000,True,0.0001,,0.0,0.0,1.0,2000,train_pred_mse,5000,0.5040979206966228,0.5023629841337303,1.9703477208817898e-11,20.028918117718007,2761.407858682333,49.3181920838683,1.0,0.0,0.0,0,4500,500,0,88.27403926849365
ok,ptft,8,5000,0.5,2500,0.5,10000,0.001,0.0,10.0,0.1,1.0,0.9,0.0,unit_total_var,,0.5,5000000,5000,50000,True,0.0001,,0.0,0.0,1.0,2000,train_pred_mse,5000,0.4813957316828085,0.4941557816927858,2.6590891374781838e-11,19.819233263786572,2779.9021406762245,49.47264929569086,1.0,0.0,0.0,0,4500,500,0,87.54856848716736
ok,ptft,9,5000,0.5,2500,0.5,10000,0.001,0.0,10.0,0.1,1.0,0.9,0.0,unit_total_var,,0.5,5000000,5000,50000,True,0.0001,,0.0,0.0,1.0,2000,train_pred_mse,5000,0.4759881765700804,0.4751665497014973,1.9821503033715863e-11,19.510550266581102,2820.236900745689,50.41468748331547,1.0,0.0,0.0,0,4500,500,0,91.59750699996948
ok,ptft,10,5000,0.01,50,0.01,10000,0.001,-0.001,1e-06,0.1,1.0,0.1,0.0,unit_total_var,,0.5,5000000,5000,50000,True,0.0001,,0.0,0.0,1.0,2000,train_pred_mse,30000,1.2225348521200945,1.2073042732182409,0.00012891258743941386,0.016314692041634767,173.7949723449301,31.230607861382605,0.1836,0.0,0.0,0,500,500,4000,18.45713305473328
ok,ptft,11,5000,0.01,50,0.01,10000,0.001,-0.001,1e-06,0.1,1.0,0.1,0.0,unit_total_var,,0.5,5000000,5000,50000,True,0.0001,,0.0,0.0,1.0,2000,train_pred_mse,25000,1.2881158942009898,1.2837213408495851,0.00018528509231841383,0.025794318978363248,183.892195266946,29.373582886312708,0.20199999999999999,0.0,0.0,0,500,500,4000,20.73404049873352
ok,ptft,12,5000,0.01,50,0.01,10000,0.001,-0.001,1e-06,0.1,1.0,0.1,0.0,unit_total_var,,0.5,5000000,5000,50000,True,0.0001,,0.0,0.0,1.0,2000,train_pred_mse,15000,1.12715845230401,1.114168059099799,0.0002342501929595192,0.0533310824332999,186.85764300717648,32.818702402578026,0.1866,0.0,0.0,0,500,500,4000,11.66982126235962
ok,ptft,13,5000,0.01,50,0.01,10000,0.001,-0.001,1e-06,0.1,1.0,0.1,0.0,unit_total_var,,0.5,5000000,5000,50000,True,0.0001,,0.0,0.0,1.0,2000,train_pred_mse,25000,1.278497921052849,1.2885873503740664,0.0001230491024269307,0.015746623786948712,186.39333703360643,35.052098677961226,0.182,0.0,0.0,0,500,500,4000,21.129206895828247
ok,ptft,14,5000,0.01,50,0.01,10000,0.001,-0.001,1e-06,0.1,1.0,0.1,0.0,unit_total_var,,0.5,5000000,5000,50000,True,0.0001,,0.0,0.0,1.0,2000,train_pred_mse,25000,1.2634694064702423,1.248193170792677,0.00013284417488751708,0.02130180094976974,155.63945177660386,27.44650233099201,0.1814,0.0,0.0,0,500,500,4000,19.24387764930725
ok,ptft,15,5000,0.01,50,0.01,10000,0.001,-0.001,1e-06,0.1,1.0,0.1,0.0,unit_total_var,,0.5,5000000,5000,50000,True,0.0001,,0.0,0.0,1.0,2000,train_pred_mse,25000,1.1917405651891508,1.1966957780307146,0.00015809120170808168,0.02264822137453474,167.75970035708298,28.595695026562353,0.1802,0.0,0.0,0,500,500,4000,16.706761360168453
ok,ptft,16,5000,0.01,50,0.01,10000,0.001,-0.001,1e-06,0.1,1.0,0.1,0.0,unit_total_var,,0.5,5000000,5000,50000,True,0.0001,,0.0,0.0,1.0,2000,train_pred_mse,25000,1.0878555583727578,1.0787718035509102,0.00011962251338000715,0.021835298021252867,166.0565957654057,27.30451480162346,0.1854,0.0,0.0,0,500,500,4000,20.822023868560787
ok,ptft,17,5000,0.01,50,0.01,10000,0.001,-0.001,1e-06,0.1,1.0,0.1,0.0,unit_total_var,,0.5,5000000,5000,50000,True,0.0001,,0.0,0.0,1.0,2000,train_pred_mse,20000,1.1001486511432437,1.0803112989974444,0.00021897369120814282,0.03139008527673382,181.0319798928635,29.3614065777459,0.1922,0.0,0.0,0,500,500,4000,14.886322259902954
ok,ptft,18,5000,0.01,50,0.01,10000,0.001,-0.001,1e-06,0.1,1.0,0.1,0.0,unit_total_var,,0.5,5000000,5000,50000,True,0.0001,,0.0,0.0,1.0,2000,train_pred_mse,25000,1.1240394650562542,1.1059075671868408,0.00014323258999120758,0.017052692497261192,173.98701365837238,30.613384559004164,0.1894,0.0,0.0,0,500,500,4000,17.933370351791382
ok,ptft,19,5000,0.01,50,0.01,10000,0.001,-0.001,1e-06,0.1,1.0,0.1,0.0,unit_total_var,,0.5,5000000,5000,50000,True,0.0001,,0.0,0.0,1.0,2000,train_pred_mse,20000,1.0930079343474255,1.1125030796464461,0.00015652929481315756,0.02398310646973413,173.93999049421882,28.288398400571218,0.1888,0.0,0.0,0,500,500,4000,13.224560022354126
ok,ptft,6,5000,0.01,50,0.01,10000,0.001,-0.001,1e-06,0.1,1.0,0.1,0.0,unit_total_var,,0.5,5000000,5000,50000,True,0.0001,,0.0,0.0,1.0,2000,train_pred_mse,25000,1.1147075719407409,1.1299417576938886,0.00014744291931945608,0.024853932745105826,186.26982340383452,28.776179410269204,0.175,0.0,0.0,0,500,500,4000,15.700499296188354
ok,ptft,7,5000,0.01,50,0.01,10000,0.001,-0.001,1e-06,0.1,1.0,0.1,0.0,unit_total_var,,0.5,5000000,5000,50000,True,0.0001,,0.0,0.0,1.0,2000,train_pred_mse,25000,1.1107173449626695,1.108637246592955,0.00011469491874233892,0.021511128434835904,169.337538431242,26.468442157426626,0.1934,0.0,0.0,0,500,500,4000,20.39254856109619
ok,ptft,8,5000,0.01,50,0.01,10000,0.001,-0.001,1e-06,0.1,1.0,0.1,0.0,unit_total_var,,0.5,5000000,5000,50000,True,0.0001,,0.0,0.0,1.0,2000,train_pred_mse,20000,1.2466661644674428,1.227521029672389,0.00014100773412802374,0.031443661128560195,204.6918819197721,31.37328659240066,0.2026,0.0,0.0,0,500,500,4000,17.571185111999508
ok,ptft,9,5000,0.01,50,0.01,10000,0.001,-0.001,1e-06,0.1,1.0,0.1,0.0,unit_total_var,,0.5,5000000,5000,50000,True,0.0001,,0.0,0.0,1.0,2000,train_pred_mse,20000,1.0486625700167094,1.0329216013966964,0.00016060334255844731,0.027319464064705014,178.08926551511726,27.944116652685928,0.1834,0.0,0.0,0,500,500,4000,13.236012935638428
ok,ptft,10,5000,0.059,295,0.059000000000000004,10000,0.001,-0.001,1e-06,0.1,1.0,0.1,0.0,unit_total_var,,0.5,5000000,5000,50000,True,0.0001,,0.0,0.0,1.0,2000,train_pred_mse,85000,1.1809231155401954,1.1640798121116789,9.122460606932696e-05,0.006548151510701809,561.9771474265049,39.932272029936854,0.32,0.0,0.0,0,500,500,4000,157.66310262680054
ok,ptft,11,5000,0.059,295,0.059000000000000004,10000,0.001,-0.001,1e-06,0.1,1.0,0.1,0.0,unit_total_var,,0.5,5000000,5000,50000,True,0.0001,,0.0,0.0,1.0,2000,train_pred_mse,80000,1.2237122331609476,1.21048128545787,0.00011009155486496056,0.008139536126473388,540.0815289775039,39.63827397128587,0.3142,0.0,0.0,0,500,500,4000,200.105562210083
ok,ptft,12,5000,0.059,295,0.059000000000000004,10000,0.001,-0.001,1e-06,0.1,1.0,0.1,0.0,unit_total_var,,0.5,5000000,5000,50000,True,0.0001,,0.0,0.0,1.0,2000,train_pred_mse,80000,1.0107468990470228,0.9995593582357876,0.000103294572291602,0.00832248040363833,534.5509401118737,37.00039148725895,0.326,0.0,0.0,0,500,500,4000,115.24386548995972
ok,ptft,13,5000,0.059,295,0.059000000000000004,10000,0.001,-0.001,1e-06,0.1,1.0,0.1,0.0,unit_total_var,,0.5,5000000,5000,50000,True,0.0001,,0.0,0.0,1.0,2000,train_pred_mse,80000,1.1479896158904788,1.1307507070846312,0.00010858468861591176,0.007553670999025827,540.7787732625779,39.612910244225056,0.3264,0.0,0.0,0,500,500,4000,142.52490448951718
ok,ptft,14,5000,0.059,295,0.059000000000000004,10000,0.001,-0.001,1e-06,0.1,1.0,0.1,0.0,unit_total_var,,0.5,5000000,5000,50000,True,0.0001,,0.0,0.0,1.0,2000,train_pred_mse,70000,1.1574810239793634,1.1422610286511612,0.0001025931408290024,0.0073634301473806734,594.6419866474376,42.58497130103883,0.3306,0.0,0.0,0,500,500,4000,86.50569868087769
ok,ptft,15,5000,0.059,295,0.059000000000000004,10000,0.001,-0.001,1e-06,0.1,1.0,0.1,0.0,unit_total_var,,0.5,5000000,5000,50000,True,0.0001,,0.0,0.0,1.0,2000,train_pred_mse,70000,1.057033274038445,1.0455674298644952,0.00010756098095181645,0.00811177062593099,555.4686840478582,39.79509510285385,0.3302,0.0,0.0,0,500,500,4000,95.59989166259766
ok,ptft,16,5000,0.059,295,0.059000000000000004,10000,0.001,-0.001,1e-06,0.1,1.0,0.1,0.0,unit_total_var,,0.5,5000000,5000,50000,True,0.0001,,0.0,0.0,1.0,2000,train_pred_mse,85000,0.9791834189291018,0.9652062758031854,9.680973742584236e-05,0.006933494640144594,524.4429486787068,37.377398764714385,0.3228,0.0,0.0,0,500,500,4000,112.7438313961029
ok,ptft,17,5000,0.059,295,0.059000000000000004,10000,0.001,-0.001,1e-06,0.1,1.0,0.1,0.0,unit_total_var,,0.5,5000000,5000,50000,True,0.0001,,0.0,0.0,1.0,2000,train_pred_mse,85000,1.084667868907363,1.0602749861099945,9.469751867245468e-05,0.0071724024235548575,480.2132488317691,33.992365711519696,0.304,0.0,0.0,0,500,500,4000,102.63907122612
ok,ptft,18,5000,0.059,295,0.059000000000000004,10000,0.001,-0.001,1e-06,0.1,1.0,0.1,0.0,unit_total_var,,0.5,5000000,5000,50000,True,0.0001,,0.0,0.0,1.0,2000,train_pred_mse,85000,0.984832845348506,0.9697935984935754,9.42278986801742e-05,0.006643334257622004,519.3411210590948,37.11811098032662,0.32299999999999995,0.0,0.0,0,500,500,4000,99.53262114524841
ok,ptft,19,5000,0.059,295,0.059000000000000004,10000,0.001,-0.001,1e-06,0.1,1.0,0.1,0.0,unit_total_var,,0.5,5000000,5000,50000,True,0.0001,,0.0,0.0,1.0,2000,train_pred_mse,85000,0.9980805254328796,1.0279916794496795,9.48178316405952e-05,0.0075757529050234544,492.50762861346993,33.950256892374675,0.3234,0.0,0.0,0,500,500,4000,98.20292711257936
ok,ptft,6,5000,0.059,295,0.059000000000000004,10000,0.001,-0.001,1e-06,0.1,1.0,0.1,0.0,unit_total_var,,0.5,5000000,5000,50000,True,0.0001,,0.0,0.0,1.0,2000,train_pred_mse,90000,1.1355434942552245,1.1240361705922628,9.805368322531175e-05,0.006407965458754733,493.7836032902432,38.020798306595005,0.319,0.0,0.0,0,500,500,4000,112.77719211578369
ok,ptft,7,5000,0.059,295,0.059000000000000004,10000,0.001,-0.001,1e-06,0.1,1.0,0.1,0.0,unit_total_var,,0.5,5000000,5000,50000,True,0.0001,,0.0,0.0,1.0,2000,train_pred_mse,90000,1.0805430181214168,1.0805445450563114,8.477364978474536e-05,0.0058271546623871505,511.9091224968184,38.01630079553585,0.312,0.0,0.0,0,500,500,4000,115.93856811523438
ok,ptft,8,5000,0.059,295,0.059000000000000004,10000,0.001,-0.001,1e-06,0.1,1.0,0.1,0.0,unit_total_var,,0.5,5000000,5000,50000,True,0.0001,,0.0,0.0,1.0,2000,train_pred_mse,80000,1.1731946025877835,1.171948111211775,9.422632439917571e-05,0.007208555356192141,542.720722319096,37.55152016247785,0.3114,0.0,0.0,0,500,500,4000,120.1030387878418
ok,ptft,9,5000,0.059,295,0.059000000000000004,10000,0.001,-0.001,1e-06,0.1,1.0,0.1,0.0,unit_total_var,,0.5,5000000,5000,50000,True,0.0001,,0.0,0.0,1.0,2000,train_pred_mse,90000,1.0230787210773993,1.0160460926084869,8.667795798152303e-05,0.006604883570873121,508.5268103790706,36.98970970133993,0.3064,0.0,0.0,0,500,500,4000,106.60956764221191
ok,ptft,10,5000,0.10800000000000001,540,0.10800000000000001,10000,0.001,-0.001,1e-06,0.1,1.0,0.1,0.0,unit_total_var,,0.5,5000000,5000,50000,True,0.0001,,0.0,0.0,1.0,2000,train_pred_mse,155000,0.9097062394810322,0.9020160494915712,7.436268639814435e-05,0.00405045928164297,803.0053165130804,43.63524793576802,0.3986,0.0,0.0,0,500,500,4000,645.3130884170532
ok,ptft,11,5000,0.10800000000000001,540,0.10800000000000001,10000,0.001,-0.001,1e-06,0.1,1.0,0.1,0.0,unit_total_var,,0.5,5000000,5000,50000,True,0.0001,,0.0,0.0,1.0,2000,train_pred_mse,145000,1.0481630938040658,1.0434572927158063,7.26319007321824e-05,0.0039680321882644455,793.9764835056314,43.397441417188304,0.3844,0.0,0.0,0,500,500,4000,846.625866651535
ok,ptft,12,5000,0.10800000000000001,540,0.10800000000000001,10000,0.001,-0.001,1e-06,0.1,1.0,0.1,0.0,unit_total_var,,0.5,5000000,5000,50000,True,0.0001,,0.0,0.0,1.0,2000,train_pred_mse,145000,0.7986360829513329,0.8002418666234516,7.703118553756205e-05,0.00469420626405104,740.635354310383,41.3831891138218,0.39899999999999997,0.0,0.0,0,500,500,4000,336.1151554584503
ok,ptft,13,5000,0.10800000000000001,540,0.10800000000000001,10000,0.001,-0.001,1e-06,0.1,1.0,0.1,0.0,unit_total_var,,0.5,5000000,5000,50000,True,0.0001,,0.0,0.0,1.0,2000,train_pred_mse,155000,0.9580189244987932,0.9577894590623004,7.438605622137353e-05,0.003852628325233471,770.3800450136071,43.49003915947971,0.3974,0.0,0.0,0,500,500,4000,719.4369215965271
ok,ptft,14,5000,0.10800000000000001,540,0.10800000000000001,10000,0.001,-0.001,1e-06,0.1,1.0,0.1,0.0,unit_total_var,,0.5,5000000,5000,50000,True,0.0001,,0.0,0.0,1.0,2000,train_pred_mse,160000,0.9532085193636372,0.9541096385259924,6.252062912401004e-05,0.00330292277751362,805.0956623491687,44.88342958416567,0.3874,0.0,0.0,0,500,500,4000,334.72879767417913
ok,ptft,15,5000,0.10800000000000001,540,0.10800000000000001,10000,0.001,-0.001,1e-06,0.1,1.0,0.1,0.0,unit_total_var,,0.5,5000000,5000,50000,True,0.0001,,0.0,0.0,1.0,2000,train_pred_mse,135000,0.8336464695033564,0.8471546048330106,8.177545036903178e-05,0.004783132545556947,805.5455428891229,43.34169903450305,0.3918,0.0,0.0,0,500,500,4000,797.8369104862213
ok,ptft,16,5000,0.10800000000000001,540,0.10800000000000001,10000,0.001,-0.001,1e-06,0.1,1.0,0.1,0.0,unit_total_var,,0.5,5000000,5000,50000,True,0.0001,,0.0,0.0,1.0,2000,train_pred_mse,155000,0.8226695407175337,0.8202648589302499,7.566104875069819e-05,0.00434507964828955,721.8600699400968,39.683130161824295,0.382,0.0,0.0,0,500,500,4000,344.05139422416687
ok,ptft,17,5000,0.10800000000000001,540,0.10800000000000001,10000,0.001,-0.001,1e-06,0.1,1.0,0.1,0.0,unit_total_var,,0.5,5000000,5000,50000,True,0.0001,,0.0,0.0,1.0,2000,train_pred_mse,145000,0.8174198242589733,0.8154070431347931,7.984283874395858e-05,0.004193779046847841,766.1266124147843,44.588578772024505,0.3846,0.0,0.0,0,500,500,4000,333.8723742961884
ok,ptft,18,5000,0.10800000000000001,540,0.10800000000000001,10000,0.001,-0.001,1e-06,0.1,1.0,0.1,0.0,unit_total_var,,0.5,5000000,5000,50000,True,0.0001,,0.0,0.0,1.0,2000,train_pred_mse,150000,0.8121698551530271,0.8074378057733367,7.247071933363289e-05,0.003961999990858668,766.4441481078917,42.015520999631725,0.386,0.0,0.0,0,500,500,4000,417.57511353492737
ok,ptft,19,5000,0.10800000000000001,540,0.10800000000000001,10000,0.001,-0.001,1e-06,0.1,1.0,0.1,0.0,unit_total_var,,0.5,5000000,5000,50000,True,0.0001,,0.0,0.0,1.0,2000,train_pred_mse,150000,0.8499363959609002,0.8844692265166657,7.032655063818994e-05,0.0038898161583847627,771.4392731079187,41.8461069861038,0.39399999999999996,0.0,0.0,0,500,500,4000,268.9066572189331
ok,ptft,6,5000,0.10800000000000001,540,0.10800000000000001,10000,0.001,-0.001,1e-06,0.1,1.0,0.1,0.0,unit_total_var,,0.5,5000000,5000,50000,True,0.0001,,0.0,0.0,1.0,2000,train_pred_mse,145000,0.872847749255423,0.8779394980403221,7.286505138270693e-05,0.003793951289033626,768.1373096435916,43.63081534388775,0.3776,0.0,0.0,0,500,500,4000,564.1090462207793
ok,ptft,7,5000,0.10800000000000001,540,0.10800000000000001,10000,0.001,-0.001,1e-06,0.1,1.0,0.1,0.0,unit_total_var,,0.5,5000000,5000,50000,True,0.0001,,0.0,0.0,1.0,2000,train_pred_mse,160000,0.8431045611069968,0.8422790427230837,7.305859835483816e-05,0.003915065375868172,777.7830328652948,43.08381487921051,0.3904,0.0,0.0,0,500,500,4000,1005.4794096946716
ok,ptft,8,5000,0.10800000000000001,540,0.10800000000000001,10000,0.001,-0.001,1e-06,0.1,1.0,0.1,0.0,unit_total_var,,0.5,5000000,5000,50000,True,0.0001,,0.0,0.0,1.0,2000,train_pred_mse,140000,0.8446605073544051,0.8380922504987517,7.593470233003007e-05,0.0039102090938800856,810.9485872777337,45.81391520601598,0.3668,0.0,0.0,0,500,500,4000,575.5096604824066
ok,ptft,9,5000,0.10800000000000001,540,0.10800000000000001,10000,0.001,-0.001,1e-06,0.1,1.0,0.1,0.0,unit_total_var,,0.5,5000000,5000,50000,True,0.0001,,0.0,0.0,1.0,2000,train_pred_mse,155000,0.8245177099787062,0.8382615252415079,6.742202501914187e-05,0.0034988540923286977,785.7665100231751,43.9282838765018,0.3838,0.0,0.0,0,500,500,4000,280.48956513404846
ok,ptft,10,5000,0.15700000000000006,785,0.157,10000,0.001,-0.001,1e-06,0.1,1.0,0.1,0.0,unit_total_var,,0.5,5000000,5000,50000,True,0.0001,,0.0,0.0,1.0,2000,train_pred_mse,250000,0.7851004091107793,0.7803748053134038,5.639093359359114e-05,0.0025585083504918817,957.0645976116382,46.701557923062936,0.4438,0.0,0.0,0,500,500,4000,1668.0501551628113
ok,ptft,11,5000,0.15700000000000006,785,0.157,10000,0.001,-0.001,1e-06,0.1,1.0,0.1,0.0,unit_total_var,,0.5,5000000,5000,50000,True,0.0001,,0.0,0.0,1.0,2000,train_pred_mse,240000,0.7594857386620864,0.7412692101467391,5.0093327022405184e-05,0.002150995396988556,1015.1661308093677,49.272451651469076,0.44,0.0,0.0,0,500,500,4000,1894.4516615867612
ok,ptft,12,5000,0.15700000000000006,785,0.157,10000,0.001,-0.001,1e-06,0.1,1.0,0.1,0.0,unit_total_var,,0.5,5000000,5000,50000,True,0.0001,,0.0,0.0,1.0,2000,train_pred_mse,245000,0.6359747893803268,0.6305387731120844,5.2567902876053164e-05,0.0023745978823077702,941.5209189666699,46.939195047881896,0.4306,0.0,0.0,0,500,500,4000,918.8869905471802
ok,ptft,13,5000,0.15700000000000006,785,0.157,10000,0.001,-0.001,1e-06,0.1,1.0,0.1,0.0,unit_total_var,,0.5,5000000,5000,50000,True,0.0001,,0.0,0.0,1.0,2000,train_pred_mse,250000,0.7151987111400842,0.7178582653832657,5.384790526829294e-05,0.0022696496328805053,983.3747791292592,46.96980521809542,0.4448,0.0,0.0,0,500,500,4000,1841.3069286346438
ok,ptft,14,5000,0.15700000000000006,785,0.157,10000,0.001,-0.001,1e-06,0.1,1.0,0.1,0.0,unit_total_var,,0.5,5000000,5000,50000,True,0.0001,,0.0,0.0,1.0,2000,train_pred_mse,245000,0.7783152406959836,0.7813302478244234,5.2500101085323464e-05,0.0023087071575922397,971.8207521997862,46.88046835967625,0.4374,0.0,0.0,0,500,500,4000,671.0527477264403
ok,ptft,15,5000,0.15700000000000006,785,0.157,10000,0.001,-0.001,1e-06,0.1,1.0,0.1,0.0,unit_total_var,,0.5,5000000,5000,50000,True,0.0001,,0.0,0.0,1.0,2000,train_pred_mse,235000,0.6414801331611171,0.6517356228890472,5.343382729767917e-05,0.002264351032190724,973.233250733242,48.32815662425738,0.436,0.0,0.0,0,500,500,4000,581.9940013885497
ok,ptft,16,5000,0.15700000000000006,785,0.157,10000,0.001,-0.001,1e-06,0.1,1.0,0.1,0.0,unit_total_var,,0.5,5000000,5000,50000,True,0.0001,,0.0,0.0,1.0,2000,train_pred_mse,235000,0.6365023835422509,0.6385892221190971,5.81487243632052e-05,0.002709539282006429,903.2862956175827,44.531269355757395,0.4384,0.0,0.0,0,500,500,4000,756.9301629066467
ok,ptft,17,5000,0.15700000000000006,785,0.157,10000,0.001,-0.001,1e-06,0.1,1.0,0.1,0.0,unit_total_var,,0.5,5000000,5000,50000,True,0.0001,,0.0,0.0,1.0,2000,train_pred_mse,240000,0.649060221902653,0.6426032657935794,6.055451850443481e-05,0.0025406148837867674,939.3148289085347,45.35488935111007,0.4436,0.0,0.0,0,500,500,4000,864.2567367553711
ok,ptft,18,5000,0.15700000000000006,785,0.157,10000,0.001,-0.001,1e-06,0.1,1.0,0.1,0.0,unit_total_var,,0.5,5000000,5000,50000,True,0.0001,,0.0,0.0,1.0,2000,train_pred_mse,245000,0.5352301773395044,0.534230068744846,5.58139803412491e-05,0.002234243943395177,928.3913428347162,46.409345777719295,0.4242,0.0,0.0,0,500,500,4000,1180.3407754898074
ok,ptft,19,5000,0.15700000000000006,785,0.157,10000,0.001,-0.001,1e-06,0.1,1.0,0.1,0.0,unit_total_var,,0.5,5000000,5000,50000,True,0.0001,,0.0,0.0,1.0,2000,train_pred_mse,235000,0.6410545879281351,0.6516189576082588,5.621892016549608e-05,0.002792505398217288,947.5260792942023,45.34790389565927,0.4364,0.0,0.0,0,500,500,4000,1361.8889031410215
ok,ptft,6,5000,0.15700000000000006,785,0.157,10000,0.001,-0.001,1e-06,0.1,1.0,0.1,0.0,unit_total_var,,0.5,5000000,5000,50000,True,0.0001,,0.0,0.0,1.0,2000,train_pred_mse,250000,0.6542547881735676,0.643094159017768,5.413864099188501e-05,0.002302891257295601,931.5904124875793,45.773490534968424,0.4442,0.0,0.0,0,500,500,4000,684.5352766513823
ok,ptft,7,5000,0.15700000000000006,785,0.157,10000,0.001,-0.001,1e-06,0.1,1.0,0.1,0.0,unit_total_var,,0.5,5000000,5000,50000,True,0.0001,,0.0,0.0,1.0,2000,train_pred_mse,230000,0.6554724647828866,0.6550580234926368,5.740575832934682e-05,0.0024992882016134353,970.6408631467797,48.20821348966028,0.4416,0.0,0.0,0,500,500,4000,2020.446717977524
ok,ptft,8,5000,0.15700000000000006,785,0.157,10000,0.001,-0.001,1e-06,0.1,1.0,0.1,0.0,unit_total_var,,0.5,5000000,5000,50000,True,0.0001,,0.0,0.0,1.0,2000,train_pred_mse,230000,0.7018449463604639,0.6895543627404842,5.5656949207035316e-05,0.0026008686507819853,982.0343314188768,48.367671878917285,0.4346,0.0,0.0,0,500,500,4000,679.5148992538452
ok,ptft,9,5000,0.15700000000000006,785,0.157,10000,0.001,-0.001,1e-06,0.1,1.0,0.1,0.0,unit_total_var,,0.5,5000000,5000,50000,True,0.0001,,0.0,0.0,1.0,2000,train_pred_mse,240000,0.6267303918605744,0.6297143970058618,5.938849094858136e-05,0.002664266175026663,930.5952143794768,45.75270629774054,0.4394,0.0,0.0,0,500,500,4000,1112.991161108017
ok,ptft,10,5000,0.206,1030,0.20600000000000002,10000,0.001,-0.001,1e-06,0.1,1.0,0.1,0.0,unit_total_var,,0.5,5000000,5000,50000,True,0.0001,,0.0,0.0,1.0,2000,train_pred_mse,350000,0.4536548543966156,0.45001073938549,4.848987860161772e-05,0.0017237641717645215,1109.8510961496715,52.54660015232522,0.4708,0.0,0.0,0,500,500,4000,2863.369264125824
ok,ptft,11,5000,0.206,1030,0.20600000000000002,10000,0.001,-0.001,1e-06,0.1,1.0,0.1,0.0,unit_total_var,,0.5,5000000,5000,50000,True,0.0001,,0.0,0.0,1.0,2000,train_pred_mse,345000,0.5073541004412133,0.4982530380398435,4.7552347773536966e-05,0.0015913518996928866,1169.1508609661282,52.95060782084652,0.4858,0.0,0.0,0,500,500,4000,3156.367998838425
ok,ptft,12,5000,0.206,1030,0.20600000000000002,10000,0.001,-0.001,1e-06,0.1,1.0,0.1,0.0,unit_total_var,,0.5,5000000,5000,50000,True,0.0001,,0.0,0.0,1.0,2000,train_pred_mse,360000,0.4106554446201076,0.4049304102227607,4.3561568036740256e-05,0.0015537110487400224,1069.0396123290457,49.64791584875638,0.474,0.0,0.0,0,500,500,4000,1835.3939163684845
ok,ptft,13,5000,0.206,1030,0.20600000000000002,10000,0.001,-0.001,1e-06,0.1,1.0,0.1,0.0,unit_total_var,,0.5,5000000,5000,50000,True,0.0001,,0.0,0.0,1.0,2000,train_pred_mse,370000,0.415447311014351,0.4166880057505966,4.510937741630615e-05,0.0015241038827961328,1155.3242781739345,53.082028828118275,0.479,0.0,0.0,0,500,500,4000,1592.1146252155304
ok,ptft,14,5000,0.206,1030,0.20600000000000002,10000,0.001,-0.001,1e-06,0.1,1.0,0.1,0.0,unit_total_var,,0.5,5000000,5000,50000,True,0.0001,,0.0,0.0,1.0,2000,train_pred_mse,355000,0.4944803785053417,0.4931668534590466,4.606267989445869e-05,0.001555489852164751,1158.3521889370174,52.25803766210301,0.4762,0.0,0.0,0,500,500,4000,1760.5194642543793
ok,ptft,15,5000,0.206,1030,0.20600000000000002,10000,0.001,-0.001,1e-06,0.1,1.0,0.1,0.0,unit_total_var,,0.5,5000000,5000,50000,True,0.0001,,0.0,0.0,1.0,2000,train_pred_mse,340000,0.4512701534907276,0.4481546294892914,4.8828972554883206e-05,0.0017119432995610845,1127.5069386775654,51.7518482711521,0.4762,0.0,0.0,0,500,500,4000,1938.6760957241056
ok,ptft,16,5000,0.206,1030,0.20600000000000002,10000,0.001,-0.001,1e-06,0.1,1.0,0.1,0.0,unit_total_var,,0.5,5000000,5000,50000,True,0.0001,,0.0,0.0,1.0,2000,train_pred_mse,350000,0.396200020166362,0.3969446953266428,4.658458392291045e-05,0.0016760523619909404,1055.7562591471303,49.87888894895603,0.4722,0.0,0.0,0,500,500,4000,2053.6543707847595
ok,ptft,17,5000,0.206,1030,0.20600000000000002,10000,0.001,-0.001,1e-06,0.1,1.0,0.1,0.0,unit_total_var,,0.5,5000000,5000,50000,True,0.0001,,0.0,0.0,1.0,2000,train_pred_mse,395000,0.44940849637538616,0.4451629146875372,3.919518953412172e-05,0.0014747893496570158,1053.7065368159667,48.27629096032086,0.47700000000000004,0.0,0.0,0,500,500,4000,2134.297241210937
ok,ptft,18,5000,0.206,1030,0.20600000000000002,10000,0.001,-0.001,1e-06,0.1,1.0,0.1,0.0,unit_total_var,,0.5,5000000,5000,50000,True,0.0001,,0.0,0.0,1.0,2000,train_pred_mse,360000,0.4495146781130099,0.4433459033462561,4.269124595897024e-05,0.0016536408245015012,1064.0265657368136,47.595836555521146,0.4802,0.0,0.0,0,500,500,4000,2388.8763897418976
ok,ptft,19,5000,0.206,1030,0.20600000000000002,10000,0.001,-0.001,1e-06,0.1,1.0,0.1,0.0,unit_total_var,,0.5,5000000,5000,50000,True,0.0001,,0.0,0.0,1.0,2000,train_pred_mse,365000,0.4342251377081477,0.43259049558262586,4.281330677507353e-05,0.0016110513719085654,1061.7236258020384,49.45117224297707,0.47100000000000003,0.0,0.0,0,500,500,4000,2800.442332029343
ok,ptft,6,5000,0.206,1030,0.20600000000000002,10000,0.001,-0.001,1e-06,0.1,1.0,0.1,0.0,unit_total_var,,0.5,5000000,5000,50000,True,0.0001,,0.0,0.0,1.0,2000,train_pred_mse,335000,0.35497406177850016,0.3516578944756625,5.09332590966901e-05,0.0018640248232795942,1097.7829992017296,51.843869507221356,0.4754,0.0,0.0,0,500,500,4000,1080.826577425003
ok,ptft,7,5000,0.206,1030,0.20600000000000002,10000,0.001,-0.001,1e-06,0.1,1.0,0.1,0.0,unit_total_var,,0.5,5000000,5000,50000,True,0.0001,,0.0,0.0,1.0,2000,train_pred_mse,355000,0.4725775273299814,0.4693180834245609,4.5645307343040945e-05,0.0017458331532367506,1096.764260042608,49.42635106948072,0.4736,0.0,0.0,0,500,500,4000,3204.2049453258514
ok,ptft,8,5000,0.206,1030,0.20600000000000002,10000,0.001,-0.001,1e-06,0.1,1.0,0.1,0.0,unit_total_var,,0.5,5000000,5000,50000,True,0.0001,,0.0,0.0,1.0,2000,train_pred_mse,360000,0.3261496855334384,0.3332779140091248,4.495607949258144e-05,0.00145850221535365,1145.576763206642,55.411466419557954,0.49,0.0,0.0,0,500,500,4000,1417.4113392829895
ok,ptft,9,5000,0.206,1030,0.20600000000000002,10000,0.001,-0.001,1e-06,0.1,1.0,0.1,0.0,unit_total_var,,0.5,5000000,5000,50000,True,0.0001,,0.0,0.0,1.0,2000,train_pred_mse,360000,0.4189939004439197,0.4199162364221087,4.5635169161864115e-05,0.001677153718073846,1071.1095095762503,49.3029837873738,0.4854,0.0,0.0,0,500,500,4000,1462.6206350326538
ok,ptft,10,5000,0.255,1275,0.255,10000,0.001,-0.001,1e-06,0.1,1.0,0.1,0.0,unit_total_var,,0.5,5000000,5000,50000,True,0.0001,,0.0,0.0,1.0,2000,train_pred_mse,500000,0.17175329673908155,0.17358897652824712,3.23730002218528e-05,0.0008548442722194589,1235.4710391268625,59.027454174590865,0.5088,0.0,0.0,0,500,500,4000,2758.356132984161
ok,ptft,11,5000,0.255,1275,0.255,10000,0.001,-0.001,1e-06,0.1,1.0,0.1,0.0,unit_total_var,,0.5,5000000,5000,50000,True,0.0001,,0.0,0.0,1.0,2000,train_pred_mse,515000,0.19654032709403588,0.19744137756792746,3.462748415324524e-05,0.0009133626399099873,1280.704406527805,60.41320242396095,0.5058,0.0,0.0,0,500,500,4000,5615.084665060042
ok,ptft,12,5000,0.255,1275,0.255,10000,0.001,-0.001,1e-06,0.1,1.0,0.1,0.0,unit_total_var,,0.5,5000000,5000,50000,True,0.0001,,0.0,0.0,1.0,2000,train_pred_mse,515000,0.21509186068014052,0.21479373837415494,3.4199686293306516e-05,0.000953148332677718,1172.8410291707214,53.642863362180115,0.5016,0.0,0.0,0,500,500,4000,6062.3250279426575
ok,ptft,13,5000,0.255,1275,0.255,10000,0.001,-0.001,1e-06,0.1,1.0,0.1,0.0,unit_total_var,,0.5,5000000,5000,50000,True,0.0001,,0.0,0.0,1.0,2000,train_pred_mse,510000,0.20587900265001066,0.20902203052379825,3.574209406754277e-05,0.000986483618672576,1260.9113656358295,58.54960510205537,0.5112,0.0,0.0,0,500,500,4000,3336.520988941193
ok,ptft,14,5000,0.255,1275,0.255,10000,0.001,-0.001,1e-06,0.1,1.0,0.1,0.0,unit_total_var,,0.5,5000000,5000,50000,True,0.0001,,0.0,0.0,1.0,2000,train_pred_mse,485000,0.20709379599653413,0.20938877664365727,3.840881172047976e-05,0.0010447446645568733,1279.514323115373,60.2611922613565,0.522,0.0,0.0,0,500,500,4000,3371.798846721649
ok,ptft,15,5000,0.255,1275,0.255,10000,0.001,-0.001,1e-06,0.1,1.0,0.1,0.0,unit_total_var,,0.5,5000000,5000,50000,True,0.0001,,0.0,0.0,1.0,2000,train_pred_mse,470000,0.25307981392494605,0.24991336645984194,3.864236932580825e-05,0.0010945211449411847,1212.6324336995735,56.38678856846978,0.5188,0.0,0.0,0,500,500,4000,3291.9734582901
ok,ptft,16,5000,0.255,1275,0.255,10000,0.001,-0.001,1e-06,0.1,1.0,0.1,0.0,unit_total_var,,0.5,5000000,5000,50000,True,0.0001,,0.0,0.0,1.0,2000,train_pred_mse,520000,0.2118858188083016,0.2106171245805771,3.488941026440199e-05,0.000977053344343941,1166.7166861624914,54.05773124212363,0.504,0.0,0.0,0,500,500,4000,3107.703956365585
ok,ptft,17,5000,0.255,1275,0.255,10000,0.001,-0.001,1e-06,0.1,1.0,0.1,0.0,unit_total_var,,0.5,5000000,5000,50000,True,0.0001,,0.0,0.0,1.0,2000,train_pred_mse,495000,0.17995540005959784,0.18041893448902932,3.64251517717736e-05,0.001018397955729217,1175.0485483618768,55.79634241500145,0.5144,0.0,0.0,0,500,500,4000,3719.019186258316
ok,ptft,18,5000,0.255,1275,0.255,10000,0.001,-0.001,1e-06,0.1,1.0,0.1,0.0,unit_total_var,,0.5,5000000,5000,50000,True,0.0001,,0.0,0.0,1.0,2000,train_pred_mse,515000,0.21724246366612893,0.2216853242559206,3.2945418738327084e-05,0.0009760269041399387,1156.0089392378295,52.67924886011085,0.5032,0.0,0.0,0,500,500,4000,4060.034423589705
ok,ptft,19,5000,0.255,1275,0.255,10000,0.001,-0.001,1e-06,0.1,1.0,0.1,0.0,unit_total_var,,0.5,5000000,5000,50000,True,0.0001,,0.0,0.0,1.0,2000,train_pred_mse,525000,0.1784271659991886,0.18429683961325327,3.3947591956109854e-05,0.0009572830678335557,1180.9577026240645,56.31871073662324,0.5094,0.0,0.0,0,500,500,4000,3574.674978971481
ok,ptft,6,5000,0.255,1275,0.255,10000,0.001,-0.001,1e-06,0.1,1.0,0.1,0.0,unit_total_var,,0.5,5000000,5000,50000,True,0.0001,,0.0,0.0,1.0,2000,train_pred_mse,510000,0.15282548897143694,0.15495848875452556,3.533917897057982e-05,0.0009477535251513556,1193.7664375457166,57.6537198203759,0.5112,0.0,0.0,0,500,500,4000,3132.404814004898
ok,ptft,7,5000,0.255,1275,0.255,10000,0.001,-0.001,1e-06,0.1,1.0,0.1,0.0,unit_total_var,,0.5,5000000,5000,50000,True,0.0001,,0.0,0.0,1.0,2000,train_pred_mse,485000,0.27577349708278925,0.2782514652774909,3.5717251530718986e-05,0.0010757713879726166,1200.818110211499,53.84700134777873,0.5102,0.0,0.0,0,500,500,4000,5371.267985343933
ok,ptft,8,5000,0.255,1275,0.255,10000,0.001,-0.001,1e-06,0.1,1.0,0.1,0.0,unit_total_var,,0.5,5000000,5000,50000,True,0.0001,,0.0,0.0,1.0,2000,train_pred_mse,475000,0.2495219248490109,0.2501224436666246,3.793067886872686e-05,0.0011229268966256904,1231.0564339621128,56.334280736994714,0.509,0.0,0.0,0,500,500,4000,2807.2673959732056
ok,ptft,9,5000,0.255,1275,0.255,10000,0.001,-0.001,1e-06,0.1,1.0,0.1,0.0,unit_total_var,,0.5,5000000,5000,50000,True,0.0001,,0.0,0.0,1.0,2000,train_pred_mse,510000,0.24256749487672755,0.2404611660447108,3.566654936115606e-05,0.0010451821696637156,1155.9306059310538,54.39800275565692,0.5072,0.0,0.0,0,500,500,4000,3473.620679378509
ok,ptft,10,5000,0.30400000000000005,1520,0.304,10000,0.001,-0.001,1e-06,0.1,1.0,0.1,0.0,unit_total_var,,0.5,5000000,5000,50000,True,0.0001,,0.0,0.0,1.0,2000,train_pred_mse,735000,0.07062509554224614,0.0697768825475564,2.8021582398146553e-05,0.0005597530403987359,1286.9636708951452,63.1776336553575,0.5266,0.0,0.0,0,500,500,4000,5760.926331758498
ok,ptft,12,5000,0.30400000000000005,1520,0.304,10000,0.001,-0.001,1e-06,0.1,1.0,0.1,0.0,unit_total_var,,0.5,5000000,5000,50000,True,0.0001,,0.0,0.0,1.0,2000,train_pred_mse,725000,0.06816637392408334,0.0680794623916012,2.8535177495923724e-05,0.0005999009439338716,1218.4021113841832,59.4583330565123,0.526,0.0,0.0,0,500,500,4000,6297.754559278487
ok,ptft,13,5000,0.30400000000000005,1520,0.304,10000,0.001,-0.001,1e-06,0.1,1.0,0.1,0.0,unit_total_var,,0.5,5000000,5000,50000,True,0.0001,,0.0,0.0,1.0,2000,train_pred_mse,675000,0.08455403264661981,0.08608765772124563,2.8221827770519e-05,0.0005672469869688491,1303.3390505847874,62.159441739756325,0.5324,0.0,0.0,0,500,500,4000,6858.1940450668335
ok,ptft,14,5000,0.30400000000000005,1520,0.304,10000,0.001,-0.001,1e-06,0.1,1.0,0.1,0.0,unit_total_var,,0.5,5000000,5000,50000,True,0.0001,,0.0,0.0,1.0,2000,train_pred_mse,670000,0.10001852969509653,0.09891155642445372,2.9392619459651257e-05,0.000592621973704865,1325.1613144330945,63.57340713494382,0.537,0.0,0.0,0,500,500,4000,4165.001829624176
ok,ptft,15,5000,0.30400000000000005,1520,0.304,10000,0.001,-0.001,1e-06,0.1,1.0,0.1,0.0,unit_total_var,,0.5,5000000,5000,50000,True,0.0001,,0.0,0.0,1.0,2000,train_pred_mse,730000,0.0435983308204372,0.04321999195022392,2.695407659555122e-05,0.000471910106327978,1280.991587640433,64.35490805123477,0.5116,0.0,0.0,0,500,500,4000,4759.3346915245065
ok,ptft,16,5000,0.30400000000000005,1520,0.304,10000,0.001,-0.001,1e-06,0.1,1.0,0.1,0.0,unit_total_var,,0.5,5000000,5000,50000,True,0.0001,,0.0,0.0,1.0,2000,train_pred_mse,710000,0.05757708161899588,0.058949866732555485,2.6712767347905718e-05,0.0005494089551445391,1208.2753894563634,60.1548359433037,0.5208,0.0,0.0,0,500,500,4000,5041.48281764984
ok,ptft,18,5000,0.30400000000000005,1520,0.304,10000,0.001,-0.001,1e-06,0.1,1.0,0.1,0.0,unit_total_var,,0.5,5000000,5000,50000,True,0.0001,,0.0,0.0,1.0,2000,train_pred_mse,725000,0.04632055707424804,0.04600290225158013,2.6522956773198044e-05,0.0005333047178458395,1226.1573214090795,60.77776741372454,0.5238,0.0,0.0,0,500,500,4000,6506.400977611542
ok,ptft,19,5000,0.30400000000000005,1520,0.304,10000,0.001,-0.001,1e-06,0.1,1.0,0.1,0.0,unit_total_var,,0.5,5000000,5000,50000,True,0.0001,,0.0,0.0,1.0,2000,train_pred_mse,795000,0.06554811128418085,0.06594236932499102,2.503373078143133e-05,0.00047940287245861173,1232.3140623315046,61.401108191984974,0.5202,0.0,0.0,0,500,500,4000,6909.663185119629
ok,ptft,6,5000,0.30400000000000005,1520,0.304,10000,0.001,-0.001,1e-06,0.1,1.0,0.1,0.0,unit_total_var,,0.5,5000000,5000,50000,True,0.0001,,0.0,0.0,1.0,2000,train_pred_mse,730000,0.041728676312909836,0.04123196889377869,2.487741380486241e-05,0.00045066867294246915,1230.3702266112427,63.20956430774538,0.5146,0.0,0.0,0,500,500,4000,5237.397346019745
ok,ptft,8,5000,0.30400000000000005,1520,0.304,10000,0.001,-0.001,1e-06,0.1,1.0,0.1,0.0,unit_total_var,,0.5,5000000,5000,50000,True,0.0001,,0.0,0.0,1.0,2000,train_pred_mse,695000,0.0764256737623195,0.07653366174312717,3.0165418050970147e-05,0.0006124233326451567,1275.9108182415669,63.06535398191957,0.5266,0.0,0.0,0,500,500,4000,5747.062808275224
ok,ptft,10,5000,0.35300000000000004,1765,0.353,10000,0.001,-0.001,1e-06,0.1,1.0,0.1,0.0,unit_total_var,,0.5,5000000,5000,50000,True,0.0001,,0.0,0.0,1.0,2000,train_pred_mse,785000,0.009145293586532464,0.008999413290783029,2.2911391796022425e-05,0.0003535413601545537,1298.1005995450764,68.95501582689387,0.515,0.0,0.0,0,500,500,4000,6854.100918054582
ok,ptft,12,5000,0.35300000000000004,1765,0.353,10000,0.001,-0.001,1e-06,0.1,1.0,0.1,0.0,unit_total_var,,0.5,5000000,5000,50000,True,0.0001,,0.0,0.0,1.0,2000,train_pred_mse,790000,0.007716811129083109,0.0076803914515477766,2.167324417723842e-05,0.0003129888960816816,1234.8228138122486,65.3546684383502,0.5074,0.0,0.0,0,500,500,4000,6748.994881153107
ok,ptft,16,5000,0.35300000000000004,1765,0.353,10000,0.001,-0.001,1e-06,0.1,1.0,0.1,0.0,unit_total_var,,0.5,5000000,5000,50000,True,0.0001,,0.0,0.0,1.0,2000,train_pred_mse,745000,0.004705595580019403,0.004694048139410774,1.9816749494192717e-05,0.0002473787286637941,1220.3942144712655,66.51942386798018,0.4782,0.0,0.0,0,500,500,4000,6086.212240219116
ok,ptft,17,5000,0.35300000000000004,1765,0.353,10000,0.001,-0.001,1e-06,0.1,1.0,0.1,0.0,unit_total_var,,0.5,5000000,5000,50000,True,0.0001,,0.0,0.0,1.0,2000,train_pred_mse,675000,0.002497797880006741,0.0025132984958139465,2.7283258084169087e-05,0.000424703120829629,1232.3584536454,67.59623464134202,0.4704,0.0,0.0,0,500,500,4000,6231.539529085158
ok,ptft,6,5000,0.35300000000000004,1765,0.353,10000,0.001,-0.001,1e-06,0.1,1.0,0.1,0.0,unit_total_var,,0.5,5000000,5000,50000,True,0.0001,,0.0,0.0,1.0,2000,train_pred_mse,675000,0.00411396851619239,0.0042869858172041465,2.6339999900093882e-05,0.00047091065824574784,1237.0716474532455,67.97937029747345,0.4758,0.0,0.0,0,500,500,4000,6318.733471870422
ok,ptft,10,5000,0.402,2010,0.402,10000,0.001,-0.001,1e-06,0.1,1.0,0.1,0.0,unit_total_var,,0.5,5000000,5000,50000,True,0.0001,,0.0,0.0,1.0,2000,train_pred_mse,585000,0.00124276347740399,0.0012361594691063275,2.5109753673883922e-05,0.0004274258261421704,1297.9794292821941,71.33562990615789,0.457,0.0,0.0,0,500,500,4000,7188.320756196977
ok,ptft,12,5000,0.402,2010,0.402,10000,0.001,-0.001,1e-06,0.1,1.0,0.1,0.0,unit_total_var,,0.5,5000000,5000,50000,True,0.0001,,0.0,0.0,1.0,2000,train_pred_mse,560000,0.001005219651412167,0.0010093983896189028,3.7112646295589095e-05,0.0006394724804383307,1233.1990481672278,67.4211411318334,0.43799999999999994,0.0,0.0,0,500,500,4000,6804.065443277358
ok,ptft,15,5000,0.402,2010,0.402,10000,0.001,-0.001,1e-06,0.1,1.0,0.1,0.0,unit_total_var,,0.5,5000000,5000,50000,True,0.0001,,0.0,0.0,1.0,2000,train_pred_mse,800000,0.0020951871942484846,0.002121731747734805,2.615712483229288e-05,0.00035676370402163945,1288.662974231073,70.2192325280098,0.4818,0.0,0.0,0,500,500,4000,6956.4702734947205
ok,ptft,16,5000,0.402,2010,0.402,10000,0.001,-0.001,1e-06,0.1,1.0,0.1,0.0,unit_total_var,,0.5,5000000,5000,50000,True,0.0001,,0.0,0.0,1.0,2000,train_pred_mse,560000,0.0011698259252001198,0.0011553895233511078,3.441575180484342e-05,0.000564630837588704,1220.8346050376615,67.73153280370757,0.4452,0.0,0.0,0,500,500,4000,5621.45346713066
ok,ptft,18,5000,0.402,2010,0.402,10000,0.001,-0.001,1e-06,0.1,1.0,0.1,0.0,unit_total_var,,0.5,5000000,5000,50000,True,0.0001,,0.0,0.0,1.0,2000,train_pred_mse,590000,0.0017220317143903671,0.00172848652398055,3.850967014471129e-05,0.0008995364813755744,1231.0759783703909,66.39006097730153,0.455,0.0,0.0,0,500,500,4000,7066.51181602478
ok,ptft,7,5000,0.402,2010,0.402,10000,0.001,-0.001,1e-06,0.1,1.0,0.1,0.0,unit_total_var,,0.5,5000000,5000,50000,True,0.0001,,0.0,0.0,1.0,2000,train_pred_mse,610000,0.001180917860714622,0.0011935434933755627,2.5340136828229375e-05,0.0002491729512194689,1296.6275622888538,69.91915065472818,0.4432,0.0,0.0,0,500,500,4000,4916.905856370926
ok,ptft,13,5000,0.451,2255,0.451,10000,0.001,-0.001,1e-06,0.1,1.0,0.1,0.0,unit_total_var,,0.5,5000000,5000,50000,True,0.0001,,0.0,0.0,1.0,2000,train_pred_mse,505000,0.0005072582081026573,0.0005144648921566521,3.156723985599104e-05,0.0005685236907943539,1317.2399659569176,71.82760305327652,0.4124,0.0,0.0,0,500,500,4000,6309.28529548645
ok,ptft,14,5000,0.451,2255,0.451,10000,0.001,-0.001,1e-06,0.1,1.0,0.1,0.0,unit_total_var,,0.5,5000000,5000,50000,True,0.0001,,0.0,0.0,1.0,2000,train_pred_mse,485000,0.0005391418369307568,0.0005455289582820894,3.82504040804956e-05,0.0007718364497660226,1335.119297847488,73.79603710666194,0.3958,0.0,0.0,0,500,500,4000,7035.472388029098
ok,ptft,16,5000,0.451,2255,0.451,10000,0.001,-0.001,1e-06,0.1,1.0,0.1,0.0,unit_total_var,,0.5,5000000,5000,50000,True,0.0001,,0.0,0.0,1.0,2000,train_pred_mse,575000,0.0005365248482060927,0.0005317640846056905,3.030657875843745e-05,0.00045599311805088067,1219.6437570477738,68.28724797608943,0.4024,0.0,0.0,0,500,500,4000,6968.5561821460715
ok,ptft,18,5000,0.451,2255,0.451,10000,0.001,-0.001,1e-06,0.1,1.0,0.1,0.0,unit_total_var,,0.5,5000000,5000,50000,True,0.0001,,0.0,0.0,1.0,2000,train_pred_mse,535000,0.0006088546760280876,0.000611502706339764,3.682655122868039e-05,0.0006614708407917245,1231.0967099587235,67.10645935364151,0.4062,0.0,0.0,0,500,500,4000,7150.231357336043
ok,ptft,6,5000,0.451,2255,0.451,10000,0.001,-0.001,1e-06,0.1,1.0,0.1,0.0,unit_total_var,,0.5,5000000,5000,50000,True,0.0001,,0.0,0.0,1.0,2000,train_pred_mse,520000,0.00045979595327856013,0.00046557343200348046,4.7056440488933806e-05,0.0007259987957734858,1237.4826530646658,69.62041262785482,0.389,0.0,0.0,0,500,500,4000,5933.706677436829
ok,ptft,7,5000,0.451,2255,0.451,10000,0.001,-0.001,1e-06,0.1,1.0,0.1,0.0,unit_total_var,,0.5,5000000,5000,50000,True,0.0001,,0.0,0.0,1.0,2000,train_pred_mse,430000,0.000488702791175603,0.0004911826958274568,2.6530710600353345e-05,0.0004932120301418378,1296.7228401389964,70.4625622273857,0.4106,0.0,0.0,0,500,500,4000,4660.679149389267
ok,ptft,9,5000,0.451,2255,0.451,10000,0.001,-0.001,1e-06,0.1,1.0,0.1,0.0,unit_total_var,,0.5,5000000,5000,50000,True,0.0001,,0.0,0.0,1.0,2000,train_pred_mse,540000,0.0004496593483343972,0.00044602427913956866,4.317326246942629e-05,0.0008313070946735354,1237.029271176727,68.82034594771025,0.397,0.0,0.0,0,500,500,4000,7193.351405620575
ok,ptft,13,5000,0.5,2500,0.5,10000,0.001,-0.001,1e-06,0.1,1.0,0.1,0.0,unit_total_var,,0.5,5000000,5000,50000,True,0.0001,,0.0,0.0,1.0,2000,train_pred_mse,430000,0.00032485790660808256,0.00032906921256732684,2.889434907761956e-05,0.00025450301174782927,1317.0001200349436,72.00328211054877,0.365,0.0,0.0,0,500,500,4000,6468.059537410736
ok,ptft,15,5000,0.5,2500,0.5,10000,0.001,-0.001,1e-06,0.1,1.0,0.1,0.0,unit_total_var,,0.5,5000000,5000,50000,True,0.0001,,0.0,0.0,1.0,2000,train_pred_mse,415000,0.00039289177559957727,0.0003936484595077576,4.453694859607923e-05,0.0009575737558695609,1289.1891033480376,71.25290101471249,0.3838,0.0,0.0,0,500,500,4000,5430.286005973816
ok,ptft,16,5000,0.5,2500,0.5,10000,0.001,-0.001,1e-06,0.1,1.0,0.1,0.0,unit_total_var,,0.5,5000000,5000,50000,True,0.0001,,0.0,0.0,1.0,2000,train_pred_mse,430000,0.000343664477284865,0.0003409706157104448,4.9120480036948855e-05,0.0009689729318821052,1220.6588750617086,68.45370931632482,0.3704,0.0,0.0,0,500,500,4000,6154.944418668748
ok,ptft,17,5000,0.5,2500,0.5,10000,0.001,-0.001,1e-06,0.1,1.0,0.1,0.0,unit_total_var,,0.5,5000000,5000,50000,True,0.0001,,0.0,0.0,1.0,2000,train_pred_mse,410000,0.00031290720332335595,0.00031283423331819447,4.177556913111026e-05,0.0007754606387743142,1232.9322680385894,68.87902461678513,0.3608,0.0,0.0,0,500,500,4000,6187.153517961501
ok,ptft,18,5000,0.5,2500,0.5,10000,0.001,-0.001,1e-06,0.1,1.0,0.1,0.0,unit_total_var,,0.5,5000000,5000,50000,True,0.0001,,0.0,0.0,1.0,2000,train_pred_mse,395000,0.00032003254386538983,0.00032444659864290564,3.3178703439545674e-05,0.0004505074520524168,1231.4902922843519,67.36878267073007,0.3676,0.0,0.0,0,500,500,4000,5658.6887674331665
ok,ptft,6,5000,0.5,2500,0.5,10000,0.001,-0.001,1e-06,0.1,1.0,0.1,0.0,unit_total_var,,0.5,5000000,5000,50000,True,0.0001,,0.0,0.0,1.0,2000,train_pred_mse,505000,0.0003217121287701554,0.00032534845482875543,4.60815727807579e-05,0.0009773997628010956,1238.0313618050895,69.75481543461791,0.3652,0.0,0.0,0,500,500,4000,7139.37716937065
ok,ptft,9,5000,0.5,2500,0.5,10000,0.001,-0.001,1e-06,0.1,1.0,0.1,0.0,unit_total_var,,0.5,5000000,5000,50000,True,0.0001,,0.0,0.0,1.0,2000,train_pred_mse,430000,0.00031237431182177215,0.00031261445549743644,3.1414895690999296e-05,0.0003991198596570667,1237.635458610947,68.98314860367267,0.3678,0.0,0.0,0,500,500,4000,5518.990863800049
ok,ptft,10,5000,0.01,50,0.01,10000,0.001,-0.001,1e-06,0.1,1.0,0.9,0.0,unit_total_var,,0.5,5000000,5000,50000,True,0.0001,,0.0,0.0,1.0,2000,train_pred_mse,20000,1.2277140154788941,1.2296013778733734,0.00016135648307161426,0.026404515036922926,217.32444574250283,33.16481660743889,0.1986,0.0,0.0,0,4500,500,0,16.862345933914185
ok,ptft,11,5000,0.01,50,0.01,10000,0.001,-0.001,1e-06,0.1,1.0,0.9,0.0,unit_total_var,,0.5,5000000,5000,50000,True,0.0001,,0.0,0.0,1.0,2000,train_pred_mse,25000,1.1711666117598176,1.143569283693929,0.00017076160583807064,0.023868090713449898,168.60429220567704,27.49778473137887,0.1902,0.0,0.0,0,4500,500,0,17.491576433181766
ok,ptft,12,5000,0.01,50,0.01,10000,0.001,-0.001,1e-06,0.1,1.0,0.9,0.0,unit_total_var,,0.5,5000000,5000,50000,True,0.0001,,0.0,0.0,1.0,2000,train_pred_mse,20000,1.067086462830782,1.0787206962078495,0.00016856662502946708,0.029178908856601005,157.81339608508944,25.4998198233397,0.1722,0.0,0.0,0,4500,500,0,15.35513162612915
ok,ptft,13,5000,0.01,50,0.01,10000,0.001,-0.001,1e-06,0.1,1.0,0.9,0.0,unit_total_var,,0.5,5000000,5000,50000,True,0.0001,,0.0,0.0,1.0,2000,train_pred_mse,25000,1.1754043083965142,1.176059120534901,0.00013923261325281098,0.019826562552590174,189.93581836031208,31.545378270635037,0.1774,0.0,0.0,0,4500,500,0,19.815537929534916
ok,ptft,14,5000,0.01,50,0.01,10000,0.001,-0.001,1e-06,0.1,1.0,0.9,0.0,unit_total_var,,0.5,5000000,5000,50000,True,0.0001,,0.0,0.0,1.0,2000,train_pred_mse,25000,1.1303134751033397,1.110240027840529,0.0001409233655464245,0.024264031375293708,183.19247976751103,26.487164640450697,0.188,0.0,0.0,0,4500,500,0,17.653296709060672
ok,ptft,15,5000,0.01,50,0.01,10000,0.001,-0.001,1e-06,0.1,1.0,0.9,0.0,unit_total_var,,0.5,5000000,5000,50000,True,0.0001,,0.0,0.0,1.0,2000,train_pred_mse,25000,1.0978792082892468,1.087334505474664,0.00012768226880266982,0.02193479937858217,175.48476908845245,25.345915947911205,0.1958,0.0,0.0,0,4500,500,0,16.262430906295776
ok,ptft,16,5000,0.01,50,0.01,10000,0.001,-0.001,1e-06,0.1,1.0,0.9,0.0,unit_total_var,,0.5,5000000,5000,50000,True,0.0001,,0.0,0.0,1.0,2000,train_pred_mse,15000,1.1494873934582126,1.147520452280051,0.0002503356884917165,0.07040090938325018,164.08802060731668,27.480219277388958,0.1678,0.0,0.0,0,4500,500,0,10.50596809387207
ok,ptft,17,5000,0.01,50,0.01,10000,0.001,-0.001,1e-06,0.1,1.0,0.9,0.0,unit_total_var,,0.5,5000000,5000,50000,True,0.0001,,0.0,0.0,1.0,2000,train_pred_mse,20000,1.0588485282679343,1.0937973969532429,0.00018021333885734925,0.03256053728288268,164.35210487995158,26.073890418861776,0.1816,0.0,0.0,0,4500,500,0,13.81261134147644
ok,ptft,18,5000,0.01,50,0.01,10000,0.001,-0.001,1e-06,0.1,1.0,0.9,0.0,unit_total_var,,0.5,5000000,5000,50000,True,0.0001,,0.0,0.0,1.0,2000,train_pred_mse,20000,1.1455114500042265,1.1418443747548734,0.00020803225210105683,0.045769868815494635,173.88370838690068,25.936334351796607,0.1954,0.0,0.0,0,4500,500,0,22.072002172470093
ok,ptft,19,5000,0.01,50,0.01,10000,0.001,-0.001,1e-06,0.1,1.0,0.9,0.0,unit_total_var,,0.5,5000000,5000,50000,True,0.0001,,0.0,0.0,1.0,2000,train_pred_mse,15000,1.1448278037624031,1.1544145202503433,0.0001962903267197653,0.053204700647429236,190.8003903700659,29.60689522022328,0.1864,0.0,0.0,0,4500,500,0,10.642457962036133
ok,ptft,6,5000,0.01,50,0.01,10000,0.001,-0.001,1e-06,0.1,1.0,0.9,0.0,unit_total_var,,0.5,5000000,5000,50000,True,0.0001,,0.0,0.0,1.0,2000,train_pred_mse,25000,1.12221894529497,1.1146544968865482,0.00016098141362608302,0.02203825008416885,176.00258488826114,29.28683096652297,0.1922,0.0,0.0,0,4500,500,0,16.135856866836548
ok,ptft,7,5000,0.01,50,0.01,10000,0.001,-0.001,1e-06,0.1,1.0,0.9,0.0,unit_total_var,,0.5,5000000,5000,50000,True,0.0001,,0.0,0.0,1.0,2000,train_pred_mse,20000,1.1022698981049224,1.1048697735175739,0.00013889620944588095,0.02977908311690806,159.0695412830952,24.876837290812077,0.1926,0.0,0.0,0,4500,500,0,18.5913815498352
ok,ptft,8,5000,0.01,50,0.01,10000,0.001,-0.001,1e-06,0.1,1.0,0.9,0.0,unit_total_var,,0.5,5000000,5000,50000,True,0.0001,,0.0,0.0,1.0,2000,train_pred_mse,25000,1.125060913437155,1.1263128420137565,0.00016241116881845794,0.026284941663636558,163.6066099065319,28.526475556536173,0.1782,0.0,0.0,0,4500,500,0,20.114375352859497
ok,ptft,9,5000,0.01,50,0.01,10000,0.001,-0.001,1e-06,0.1,1.0,0.9,0.0,unit_total_var,,0.5,5000000,5000,50000,True,0.0001,,0.0,0.0,1.0,2000,train_pred_mse,20000,1.0593586309483158,1.072442175796687,0.00021503062457265985,0.04304640415997881,147.58616604780275,23.62970627718068,0.171,0.0,0.0,0,4500,500,0,14.813495397567749
ok,ptft,10,5000,0.059,295,0.059000000000000004,10000,0.001,-0.001,1e-06,0.1,1.0,0.9,0.0,unit_total_var,,0.5,5000000,5000,50000,True,0.0001,,0.0,0.0,1.0,2000,train_pred_mse,85000,1.2680475959427195,1.2691337876433393,9.624223755984248e-05,0.006248922046591846,568.3681665123954,42.14947170176821,0.3246,0.0,0.0,0,4500,500,0,142.76117849349976
ok,ptft,11,5000,0.059,295,0.059000000000000004,10000,0.001,-0.001,1e-06,0.1,1.0,0.9,0.0,unit_total_var,,0.5,5000000,5000,50000,True,0.0001,,0.0,0.0,1.0,2000,train_pred_mse,75000,1.2080591284773985,1.1810358185143517,0.00011015673844719397,0.008425383240351877,564.1968967861094,38.64724516537627,0.3258,0.0,0.0,0,4500,500,0,112.87296867370605
ok,ptft,12,5000,0.059,295,0.059000000000000004,10000,0.001,-0.001,1e-06,0.1,1.0,0.9,0.0,unit_total_var,,0.5,5000000,5000,50000,True,0.0001,,0.0,0.0,1.0,2000,train_pred_mse,90000,1.1431974712058854,1.1598052962215966,9.650212297048309e-05,0.006912574337529585,516.6282706057088,37.462086252502,0.3168,0.0,0.0,0,4500,500,0,126.66540336608887
ok,ptft,13,5000,0.059,295,0.059000000000000004,10000,0.001,-0.001,1e-06,0.1,1.0,0.9,0.0,unit_total_var,,0.5,5000000,5000,50000,True,0.0001,,0.0,0.0,1.0,2000,train_pred_mse,75000,1.1744946119598838,1.1840981060304263,0.00010252132819214984,0.007688658147214399,542.2138415144474,38.90265500307971,0.3204,0.0,0.0,0,4500,500,0,144.75606369972232
ok,ptft,14,5000,0.059,295,0.059000000000000004,10000,0.001,-0.001,1e-06,0.1,1.0,0.9,0.0,unit_total_var,,0.5,5000000,5000,50000,True,0.0001,,0.0,0.0,1.0,2000,train_pred_mse,80000,1.2179896227427294,1.199684014326634,9.791298163603283e-05,0.0071678337955514045,533.1657791057427,38.6710909561667,0.3222,0.0,0.0,0,4500,500,0,167.20596337318418
ok,ptft,15,5000,0.059,295,0.059000000000000004,10000,0.001,-0.001,1e-06,0.1,1.0,0.9,0.0,unit_total_var,,0.5,5000000,5000,50000,True,0.0001,,0.0,0.0,1.0,2000,train_pred_mse,85000,1.182174193000499,1.1589138564615349,9.832556887456404e-05,0.00706069865331982,551.4833090928832,38.87812272052519,0.31,0.0,0.0,0,4500,500,0,96.8909764289856
ok,ptft,16,5000,0.059,295,0.059000000000000004,10000,0.001,-0.001,1e-06,0.1,1.0,0.9,0.0,unit_total_var,,0.5,5000000,5000,50000,True,0.0001,,0.0,0.0,1.0,2000,train_pred_mse,70000,1.1309822579575448,1.152684018151553,0.00010661616058911712,0.008177693087593559,555.9439745760471,37.56388714720439,0.3284,0.0,0.0,0,4500,500,0,80.3702952861786
ok,ptft,17,5000,0.059,295,0.059000000000000004,10000,0.001,-0.001,1e-06,0.1,1.0,0.9,0.0,unit_total_var,,0.5,5000000,5000,50000,True,0.0001,,0.0,0.0,1.0,2000,train_pred_mse,75000,1.1422958464832664,1.1599279007573975,9.563016658347521e-05,0.00728294486914377,534.002143089634,37.579643478313045,0.3186,0.0,0.0,0,4500,500,0,92.64374113082886
ok,ptft,18,5000,0.059,295,0.059000000000000004,10000,0.001,-0.001,1e-06,0.1,1.0,0.9,0.0,unit_total_var,,0.5,5000000,5000,50000,True,0.0001,,0.0,0.0,1.0,2000,train_pred_mse,80000,1.2359376336439871,1.2318826711038111,0.00010108080577547812,0.007161716954748308,549.8962811103856,40.42841444673681,0.3158,0.0,0.0,0,4500,500,0,95.42221307754515
ok,ptft,19,5000,0.059,295,0.059000000000000004,10000,0.001,-0.001,1e-06,0.1,1.0,0.9,0.0,unit_total_var,,0.5,5000000,5000,50000,True,0.0001,,0.0,0.0,1.0,2000,train_pred_mse,90000,1.1253629891898929,1.1426241764250558,8.894767689250643e-05,0.006868205327156714,498.54316257632433,35.573509925989974,0.314,0.0,0.0,0,4500,500,0,112.49467420578004
ok,ptft,6,5000,0.059,295,0.059000000000000004,10000,0.001,-0.001,1e-06,0.1,1.0,0.9,0.0,unit_total_var,,0.5,5000000,5000,50000,True,0.0001,,0.0,0.0,1.0,2000,train_pred_mse,80000,1.1440481012851196,1.1317411699450821,9.379339739467912e-05,0.006539713857092883,522.8912580018128,36.65601162859201,0.3206,0.0,0.0,0,4500,500,0,97.23960185050964
ok,ptft,7,5000,0.059,295,0.059000000000000004,10000,0.001,-0.001,1e-06,0.1,1.0,0.9,0.0,unit_total_var,,0.5,5000000,5000,50000,True,0.0001,,0.0,0.0,1.0,2000,train_pred_mse,80000,1.1889099630089743,1.2013236431178802,9.619999615337372e-05,0.006984073125184207,546.0374064039888,39.339894015435576,0.3188,0.0,0.0,0,4500,500,0,92.33670544624329
ok,ptft,8,5000,0.059,295,0.059000000000000004,10000,0.001,-0.001,1e-06,0.1,1.0,0.9,0.0,unit_total_var,,0.5,5000000,5000,50000,True,0.0001,,0.0,0.0,1.0,2000,train_pred_mse,80000,1.1443492217919131,1.1516881184160082,0.00010488580983928866,0.007118507986202745,505.570934143653,37.113356389264325,0.3246,0.0,0.0,0,4500,500,0,101.2735242843628
ok,ptft,9,5000,0.059,295,0.059000000000000004,10000,0.001,-0.001,1e-06,0.1,1.0,0.9,0.0,unit_total_var,,0.5,5000000,5000,50000,True,0.0001,,0.0,0.0,1.0,2000,train_pred_mse,80000,1.1626829508369618,1.1833079079515436,9.408538740835426e-05,0.00628064368250082,568.0863749106577,41.54087465642331,0.3096,0.0,0.0,0,4500,500,0,92.48555946350098
ok,ptft,10,5000,0.10800000000000001,540,0.10800000000000001,10000,0.001,-0.001,1e-06,0.1,1.0,0.9,0.0,unit_total_var,,0.5,5000000,5000,50000,True,0.0001,,0.0,0.0,1.0,2000,train_pred_mse,135000,1.2200258005104887,1.1867310813476442,7.538636135884783e-05,0.004347897561455893,796.8400225207796,42.55294767675547,0.3964,0.0,0.0,0,4500,500,0,254.26491832733157
ok,ptft,11,5000,0.10800000000000001,540,0.10800000000000001,10000,0.001,-0.001,1e-06,0.1,1.0,0.9,0.0,unit_total_var,,0.5,5000000,5000,50000,True,0.0001,,0.0,0.0,1.0,2000,train_pred_mse,150000,1.120196878303,1.1069481869777658,7.342242860583077e-05,0.004405341287112235,748.2399993698664,40.8144755506929,0.3786,0.0,0.0,0,4500,500,0,282.0292637348175
ok,ptft,12,5000,0.10800000000000001,540,0.10800000000000001,10000,0.001,-0.001,1e-06,0.1,1.0,0.9,0.0,unit_total_var,,0.5,5000000,5000,50000,True,0.0001,,0.0,0.0,1.0,2000,train_pred_mse,160000,1.1155308697430115,1.1304188448146095,6.908997361229909e-05,0.003643144175676727,784.6278076163214,42.89476678982564,0.3922,0.0,0.0,0,4500,500,0,302.4343390464782
ok,ptft,13,5000,0.10800000000000001,540,0.10800000000000001,10000,0.001,-0.001,1e-06,0.1,1.0,0.9,0.0,unit_total_var,,0.5,5000000,5000,50000,True,0.0001,,0.0,0.0,1.0,2000,train_pred_mse,145000,1.1586067641245177,1.1535843421680747,7.068216133573591e-05,0.0039101549477507415,794.1221681143384,42.696606814504655,0.3856,0.0,0.0,0,4500,500,0,1125.4604661464693
ok,ptft,14,5000,0.10800000000000001,540,0.10800000000000001,10000,0.001,-0.001,1e-06,0.1,1.0,0.9,0.0,unit_total_var,,0.5,5000000,5000,50000,True,0.0001,,0.0,0.0,1.0,2000,train_pred_mse,130000,1.1981978905575754,1.1683387623284034,8.381888192587683e-05,0.004742373385698332,823.3031659676682,44.00509923870418,0.3972,0.0,0.0,0,4500,500,0,850.0221836566925
ok,ptft,15,5000,0.10800000000000001,540,0.10800000000000001,10000,0.001,-0.001,1e-06,0.1,1.0,0.9,0.0,unit_total_var,,0.5,5000000,5000,50000,True,0.0001,,0.0,0.0,1.0,2000,train_pred_mse,155000,1.0947984585500148,1.0792912281194909,7.136678636141203e-05,0.0042063298533131345,764.1607671349643,40.59055938913611,0.381,0.0,0.0,0,4500,500,0,310.4037120342254
ok,ptft,16,5000,0.10800000000000001,540,0.10800000000000001,10000,0.001,-0.001,1e-06,0.1,1.0,0.9,0.0,unit_total_var,,0.5,5000000,5000,50000,True,0.0001,,0.0,0.0,1.0,2000,train_pred_mse,145000,1.1486737265830405,1.1447333344748662,7.253814248441655e-05,0.0041089966393370895,795.3724396451468,43.41256672400832,0.3862,0.0,0.0,0,4500,500,0,750.691517829895
ok,ptft,17,5000,0.10800000000000001,540,0.10800000000000001,10000,0.001,-0.001,1e-06,0.1,1.0,0.9,0.0,unit_total_var,,0.5,5000000,5000,50000,True,0.0001,,0.0,0.0,1.0,2000,train_pred_mse,140000,1.1445797567796403,1.1679063745049805,7.805046051067805e-05,0.004676508216491132,809.0755614285142,42.75606301565281,0.3966,0.0,0.0,0,4500,500,0,325.5550186634064
ok,ptft,18,5000,0.10800000000000001,540,0.10800000000000001,10000,0.001,-0.001,1e-06,0.1,1.0,0.9,0.0,unit_total_var,,0.5,5000000,5000,50000,True,0.0001,,0.0,0.0,1.0,2000,train_pred_mse,145000,1.1652047542952355,1.1595034946113512,7.260300756452607e-05,0.003929774434327764,806.1928458239513,43.40607827483617,0.392,0.0,0.0,0,4500,500,0,273.5075306892395
ok,ptft,19,5000,0.10800000000000001,540,0.10800000000000001,10000,0.001,-0.001,1e-06,0.1,1.0,0.9,0.0,unit_total_var,,0.5,5000000,5000,50000,True,0.0001,,0.0,0.0,1.0,2000,train_pred_mse,150000,1.1694883986549751,1.189785333464157,7.368179264475196e-05,0.0037877139777902327,822.3729484761387,45.2988116354288,0.4112,0.0,0.0,0,4500,500,0,345.4682343006134
ok,ptft,6,5000,0.10800000000000001,540,0.10800000000000001,10000,0.001,-0.001,1e-06,0.1,1.0,0.9,0.0,unit_total_var,,0.5,5000000,5000,50000,True,0.0001,,0.0,0.0,1.0,2000,train_pred_mse,155000,1.1130485293330141,1.1030986261989555,6.866047604611271e-05,0.003900038837918153,767.6336097194269,41.42959971325555,0.3878,0.0,0.0,0,4500,500,0,309.72526621818537
ok,ptft,7,5000,0.10800000000000001,540,0.10800000000000001,10000,0.001,-0.001,1e-06,0.1,1.0,0.9,0.0,unit_total_var,,0.5,5000000,5000,50000,True,0.0001,,0.0,0.0,1.0,2000,train_pred_mse,135000,1.1170237951890407,1.1052183772049848,8.074572216503797e-05,0.004880947828118663,806.9259983939357,42.397909236760505,0.3828,0.0,0.0,0,4500,500,0,241.5342836380005
ok,ptft,8,5000,0.10800000000000001,540,0.10800000000000001,10000,0.001,-0.001,1e-06,0.1,1.0,0.9,0.0,unit_total_var,,0.5,5000000,5000,50000,True,0.0001,,0.0,0.0,1.0,2000,train_pred_mse,150000,1.1671688733446752,1.160123812435227,7.306706232911779e-05,0.003907534271565577,815.459468183883,44.96103680324633,0.3866,0.0,0.0,0,4500,500,0,277.12725377082825
ok,ptft,9,5000,0.10800000000000001,540,0.10800000000000001,10000,0.001,-0.001,1e-06,0.1,1.0,0.9,0.0,unit_total_var,,0.5,5000000,5000,50000,True,0.0001,,0.0,0.0,1.0,2000,train_pred_mse,140000,1.1398285617309234,1.163064583918337,8.283528130897365e-05,0.004599677080421225,794.9825593230037,42.64132354056603,0.402,0.0,0.0,0,4500,500,0,276.52311110496515
ok,ptft,10,5000,0.15700000000000006,785,0.157,10000,0.001,-0.001,1e-06,0.1,1.0,0.9,0.0,unit_total_var,,0.5,5000000,5000,50000,True,0.0001,,0.0,0.0,1.0,2000,train_pred_mse,190000,1.134721298632292,1.122776512369999,7.04307091360215e-05,0.003502787580367159,1078.46740168784,48.08198772876743,0.4586,0.0,0.0,0,4500,500,0,536.9343531131743
ok,ptft,11,5000,0.15700000000000006,785,0.157,10000,0.001,-0.001,1e-06,0.1,1.0,0.9,0.0,unit_total_var,,0.5,5000000,5000,50000,True,0.0001,,0.0,0.0,1.0,2000,train_pred_mse,205000,1.1264779507820142,1.107429598736555,6.220063792558586e-05,0.0028966971511384092,1055.3902114787318,47.73918260474631,0.4582,0.0,0.0,0,4500,500,0,613.5207364559174
ok,ptft,12,5000,0.15700000000000006,785,0.157,10000,0.001,-0.001,1e-06,0.1,1.0,0.9,0.0,unit_total_var,,0.5,5000000,5000,50000,True,0.0001,,0.0,0.0,1.0,2000,train_pred_mse,210000,1.0644188918263973,1.0658998715399255,6.467132840281127e-05,0.003359404204186085,1048.6283875739164,45.954259667633714,0.45899999999999996,0.0,0.0,0,4500,500,0,527.2265787124634
ok,ptft,13,5000,0.15700000000000006,785,0.157,10000,0.001,-0.001,1e-06,0.1,1.0,0.9,0.0,unit_total_var,,0.5,5000000,5000,50000,True,0.0001,,0.0,0.0,1.0,2000,train_pred_mse,205000,1.0893857673665857,1.0888875637429591,6.246520640755666e-05,0.0031586285977613176,988.8203141713857,45.053959409550856,0.4504,0.0,0.0,0,4500,500,0,1521.3865435123444
ok,ptft,14,5000,0.15700000000000006,785,0.157,10000,0.001,-0.001,1e-06,0.1,1.0,0.9,0.0,unit_total_var,,0.5,5000000,5000,50000,True,0.0001,,0.0,0.0,1.0,2000,train_pred_mse,215000,1.1215447627509334,1.1075387779987211,6.108794367742191e-05,0.003036557085805368,987.540718941766,44.15341717414362,0.451,0.0,0.0,0,4500,500,0,1713.5794353485107
ok,ptft,15,5000,0.15700000000000006,785,0.157,10000,0.001,-0.001,1e-06,0.1,1.0,0.9,0.0,unit_total_var,,0.5,5000000,5000,50000,True,0.0001,,0.0,0.0,1.0,2000,train_pred_mse,220000,1.0706111308406976,1.0568603278761588,6.171590843705269e-05,0.003229100639342669,967.708481326814,43.452954583545434,0.4448,0.0,0.0,0,4500,500,0,700.0411903858185
ok,ptft,16,5000,0.15700000000000006,785,0.157,10000,0.001,-0.001,1e-06,0.1,1.0,0.9,0.0,unit_total_var,,0.5,5000000,5000,50000,True,0.0001,,0.0,0.0,1.0,2000,train_pred_mse,220000,1.0909005191098868,1.0928933249705692,6.1028417854570334e-05,0.0029962511177133626,1034.7020358575624,45.801814610783005,0.4528,0.0,0.0,0,4500,500,0,954.1273429393767
ok,ptft,17,5000,0.15700000000000006,785,0.157,10000,0.001,-0.001,1e-06,0.1,1.0,0.9,0.0,unit_total_var,,0.5,5000000,5000,50000,True,0.0001,,0.0,0.0,1.0,2000,train_pred_mse,195000,1.090014310584431,1.1229074047233063,6.392583288877281e-05,0.003187600319901985,1048.759968291111,46.28562227760303,0.46299999999999997,0.0,0.0,0,4500,500,0,591.267055273056
ok,ptft,18,5000,0.15700000000000006,785,0.157,10000,0.001,-0.001,1e-06,0.1,1.0,0.9,0.0,unit_total_var,,0.5,5000000,5000,50000,True,0.0001,,0.0,0.0,1.0,2000,train_pred_mse,205000,1.1394731483651204,1.1237473088826235,6.740377450232662e-05,0.0034112416550328185,1047.0781797732848,46.219688376220006,0.462,0.0,0.0,0,4500,500,0,1455.7932035923004
ok,ptft,19,5000,0.15700000000000006,785,0.157,10000,0.001,-0.001,1e-06,0.1,1.0,0.9,0.0,unit_total_var,,0.5,5000000,5000,50000,True,0.0001,,0.0,0.0,1.0,2000,train_pred_mse,205000,1.072078880127639,1.0734366220056286,6.604428545732181e-05,0.003339160560916856,1009.8174264032699,44.72512203969019,0.4384,0.0,0.0,0,4500,500,0,497.2266252040863
ok,ptft,6,5000,0.15700000000000006,785,0.157,10000,0.001,-0.001,1e-06,0.1,1.0,0.9,0.0,unit_total_var,,0.5,5000000,5000,50000,True,0.0001,,0.0,0.0,1.0,2000,train_pred_mse,210000,1.1190116326920578,1.0975633460122558,6.466662328042424e-05,0.0030912580447745816,1026.4261014731378,46.52781784458893,0.4652,0.0,0.0,0,4500,500,0,747.998607635498
ok,ptft,7,5000,0.15700000000000006,785,0.157,10000,0.001,-0.001,1e-06,0.1,1.0,0.9,0.0,unit_total_var,,0.5,5000000,5000,50000,True,0.0001,,0.0,0.0,1.0,2000,train_pred_mse,220000,1.078867783066441,1.0791147754829828,6.121369106196693e-05,0.0030136828523985165,972.02507159758,43.690472441062994,0.4466,0.0,0.0,0,4500,500,0,1583.0890355110168
ok,ptft,8,5000,0.15700000000000006,785,0.157,10000,0.001,-0.001,1e-06,0.1,1.0,0.9,0.0,unit_total_var,,0.5,5000000,5000,50000,True,0.0001,,0.0,0.0,1.0,2000,train_pred_mse,190000,1.0898180181282102,1.0862550444062455,6.45719736441338e-05,0.0032648047793342088,1043.8104665802389,47.21669131521396,0.452,0.0,0.0,0,4500,500,0,1503.9471909999847
ok,ptft,9,5000,0.15700000000000006,785,0.157,10000,0.001,-0.001,1e-06,0.1,1.0,0.9,0.0,unit_total_var,,0.5,5000000,5000,50000,True,0.0001,,0.0,0.0,1.0,2000,train_pred_mse,215000,1.0816828155906355,1.0612940648560742,6.489044053625843e-05,0.0034607376005046328,1017.9741801474236,44.272862570472775,0.4574,0.0,0.0,0,4500,500,0,593.9751176834106
ok,ptft,10,5000,0.206,1030,0.20600000000000002,10000,0.001,-0.001,1e-06,0.1,1.0,0.9,0.0,unit_total_var,,0.5,5000000,5000,50000,True,0.0001,,0.0,0.0,1.0,2000,train_pred_mse,280000,1.1159650015890483,1.1085455815523944,5.193643234120956e-05,0.002449485975987923,1223.5452122207885,47.48710547311643,0.4966,0.0,0.0,0,4500,500,0,1806.1240773200989
ok,ptft,11,5000,0.206,1030,0.20600000000000002,10000,0.001,-0.001,1e-06,0.1,1.0,0.9,0.0,unit_total_var,,0.5,5000000,5000,50000,True,0.0001,,0.0,0.0,1.0,2000,train_pred_mse,315000,1.083900124592157,1.06850782949591,4.600850273826369e-05,0.002038505785846471,1184.177414160928,46.817709236151295,0.5062,0.0,0.0,0,4500,500,0,1326.7533152103426
ok,ptft,12,5000,0.206,1030,0.20600000000000002,10000,0.001,-0.001,1e-06,0.1,1.0,0.9,0.0,unit_total_var,,0.5,5000000,5000,50000,True,0.0001,,0.0,0.0,1.0,2000,train_pred_mse,295000,1.0294482517476649,1.040316879283858,5.241827223076537e-05,0.0022990544139680226,1232.1159922175912,47.91265776943683,0.5024,0.0,0.0,0,4500,500,0,1211.1461350917814
ok,ptft,13,5000,0.206,1030,0.20600000000000002,10000,0.001,-0.001,1e-06,0.1,1.0,0.9,0.0,unit_total_var,,0.5,5000000,5000,50000,True,0.0001,,0.0,0.0,1.0,2000,train_pred_mse,305000,1.071650675370667,1.055013825644077,4.930800882823381e-05,0.0021302116129036067,1232.6739135693022,49.39266814040097,0.488,0.0,0.0,0,4500,500,0,3007.9364392757416
ok,ptft,14,5000,0.206,1030,0.20600000000000002,10000,0.001,-0.001,1e-06,0.1,1.0,0.9,0.0,unit_total_var,,0.5,5000000,5000,50000,True,0.0001,,0.0,0.0,1.0,2000,train_pred_mse,270000,1.051749938996029,1.0300670294351966,5.148475813622849e-05,0.002329156939736187,1258.3723148999886,48.98847680013707,0.4904,0.0,0.0,0,4500,500,0,1190.3559131622314
ok,ptft,15,5000,0.206,1030,0.20600000000000002,10000,0.001,-0.001,1e-06,0.1,1.0,0.9,0.0,unit_total_var,,0.5,5000000,5000,50000,True,0.0001,,0.0,0.0,1.0,2000,train_pred_mse,285000,1.0099563968718404,1.010988290783415,5.355614498257658e-05,0.002551091574755694,1169.742851551845,45.608596152048044,0.4878,0.0,0.0,0,4500,500,0,2705.2160148620605
ok,ptft,16,5000,0.206,1030,0.20600000000000002,10000,0.001,-0.001,1e-06,0.1,1.0,0.9,0.0,unit_total_var,,0.5,5000000,5000,50000,True,0.0001,,0.0,0.0,1.0,2000,train_pred_mse,285000,1.0623323570968548,1.0554547442667717,5.0870781958991854e-05,0.0022336584166682567,1245.018321704476,48.4471022958009,0.5024,0.0,0.0,0,4500,500,0,2086.743225812912
ok,ptft,17,5000,0.206,1030,0.20600000000000002,10000,0.001,-0.001,1e-06,0.1,1.0,0.9,0.0,unit_total_var,,0.5,5000000,5000,50000,True,0.0001,,0.0,0.0,1.0,2000,train_pred_mse,280000,1.0529394886421541,1.0741158563479,5.642428893178942e-05,0.002496718094368741,1221.651828468696,47.95670964392126,0.5012,0.0,0.0,0,4500,500,0,1335.5620987415316
ok,ptft,18,5000,0.206,1030,0.20600000000000002,10000,0.001,-0.001,1e-06,0.1,1.0,0.9,0.0,unit_total_var,,0.5,5000000,5000,50000,True,0.0001,,0.0,0.0,1.0,2000,train_pred_mse,275000,1.050315710580534,1.053643728060865,5.195850248449509e-05,0.0023508252402421803,1267.6310836789082,49.67172894039735,0.4858,0.0,0.0,0,4500,500,0,948.2867007255554
ok,ptft,19,5000,0.206,1030,0.20600000000000002,10000,0.001,-0.001,1e-06,0.1,1.0,0.9,0.0,unit_total_var,,0.5,5000000,5000,50000,True,0.0001,,0.0,0.0,1.0,2000,train_pred_mse,275000,1.0518665463499548,1.0648732346544718,5.682167362531857e-05,0.0024783831336537897,1267.4680254822724,49.68607198502098,0.5096,0.0,0.0,0,4500,500,0,1019.800918340683
ok,ptft,6,5000,0.206,1030,0.20600000000000002,10000,0.001,-0.001,1e-06,0.1,1.0,0.9,0.0,unit_total_var,,0.5,5000000,5000,50000,True,0.0001,,0.0,0.0,1.0,2000,train_pred_mse,270000,0.972339425835287,0.9772062736604088,5.506428353321648e-05,0.0025022031914883587,1260.8819640212732,48.82514786935262,0.4992,0.0,0.0,0,4500,500,0,2480.0395939350133
ok,ptft,7,5000,0.206,1030,0.20600000000000002,10000,0.001,-0.001,1e-06,0.1,1.0,0.9,0.0,unit_total_var,,0.5,5000000,5000,50000,True,0.0001,,0.0,0.0,1.0,2000,train_pred_mse,300000,1.017718018417156,1.0308767007657846,4.877632362110019e-05,0.002149737049894788,1229.0984958989893,48.59258145695157,0.4938,0.0,0.0,0,4500,500,0,1358.8628005981445
ok,ptft,8,5000,0.206,1030,0.20600000000000002,10000,0.001,-0.001,1e-06,0.1,1.0,0.9,0.0,unit_total_var,,0.5,5000000,5000,50000,True,0.0001,,0.0,0.0,1.0,2000,train_pred_mse,280000,1.0373295304184782,1.0274430909493828,5.5633158065659154e-05,0.002503638660395884,1268.4337017267974,49.63744857438643,0.5118,0.0,0.0,0,4500,500,0,2796.1560711860657
ok,ptft,9,5000,0.206,1030,0.20600000000000002,10000,0.001,-0.001,1e-06,0.1,1.0,0.9,0.0,unit_total_var,,0.5,5000000,5000,50000,True,0.0001,,0.0,0.0,1.0,2000,train_pred_mse,275000,1.031412159680481,1.0545233036454975,5.450861206288371e-05,0.002448925064215544,1235.5218497084372,48.84173267659082,0.4982,0.0,0.0,0,4500,500,0,1313.8067305088045
ok,ptft,10,5000,0.255,1275,0.255,10000,0.001,-0.001,1e-06,0.1,1.0,0.9,0.0,unit_total_var,,0.5,5000000,5000,50000,True,0.0001,,0.0,0.0,1.0,2000,train_pred_mse,370000,1.1102733255688155,1.0834497268429268,4.4660490447836704e-05,0.0017341810950766373,1491.2728578035087,53.472000393951845,0.5492,0.0,0.0,0,4500,500,0,1935.513043642044
ok,ptft,11,5000,0.255,1275,0.255,10000,0.001,-0.001,1e-06,0.1,1.0,0.9,0.0,unit_total_var,,0.5,5000000,5000,50000,True,0.0001,,0.0,0.0,1.0,2000,train_pred_mse,365000,1.0284326033782023,1.0089476536708597,4.689481302668727e-05,0.001899897270738993,1443.528685848719,50.917158502761204,0.5404,0.0,0.0,0,4500,500,0,2785.3125739097595
ok,ptft,12,5000,0.255,1275,0.255,10000,0.001,-0.001,1e-06,0.1,1.0,0.9,0.0,unit_total_var,,0.5,5000000,5000,50000,True,0.0001,,0.0,0.0,1.0,2000,train_pred_mse,345000,0.9552430907645576,0.9734697726005482,4.8550149359778886e-05,0.0020744031904810158,1454.4100986742455,51.0873337709945,0.5488,0.0,0.0,0,4500,500,0,2740.2264580726624
ok,ptft,13,5000,0.255,1275,0.255,10000,0.001,-0.001,1e-06,0.1,1.0,0.9,0.0,unit_total_var,,0.5,5000000,5000,50000,True,0.0001,,0.0,0.0,1.0,2000,train_pred_mse,385000,1.024241321312651,1.0187142754597116,4.372967838681687e-05,0.0016818917782247711,1486.9682604317636,52.59552508868509,0.5362,0.0,0.0,0,4500,500,0,2783.728929758072
ok,ptft,14,5000,0.255,1275,0.255,10000,0.001,-0.001,1e-06,0.1,1.0,0.9,0.0,unit_total_var,,0.5,5000000,5000,50000,True,0.0001,,0.0,0.0,1.0,2000,train_pred_mse,335000,0.9900912628123678,0.9876710000826944,5.207694058603034e-05,0.002123421227354197,1477.7183235349332,52.04208400438794,0.555,0.0,0.0,0,4500,500,0,4178.784963846208
ok,ptft,15,5000,0.255,1275,0.255,10000,0.001,-0.001,1e-06,0.1,1.0,0.9,0.0,unit_total_var,,0.5,5000000,5000,50000,True,0.0001,,0.0,0.0,1.0,2000,train_pred_mse,380000,0.9565099310588908,0.9542516830069854,4.454359364727896e-05,0.001802500729841076,1401.6911566980866,49.94905363110505,0.5312,0.0,0.0,0,4500,500,0,3763.5308241844177
ok,ptft,16,5000,0.255,1275,0.255,10000,0.001,-0.001,1e-06,0.1,1.0,0.9,0.0,unit_total_var,,0.5,5000000,5000,50000,True,0.0001,,0.0,0.0,1.0,2000,train_pred_mse,405000,0.9769999372029834,0.9748993092600748,4.4279145108876454e-05,0.001738787572290516,1402.2601226370396,49.65864120540857,0.5364,0.0,0.0,0,4500,500,0,2162.0594866275787
ok,ptft,17,5000,0.255,1275,0.255,10000,0.001,-0.001,1e-06,0.1,1.0,0.9,0.0,unit_total_var,,0.5,5000000,5000,50000,True,0.0001,,0.0,0.0,1.0,2000,train_pred_mse,390000,0.9797118002901011,0.9963624492948752,4.4407447192501064e-05,0.0017361621338742256,1409.5979144564826,50.86232885166735,0.5304,0.0,0.0,0,4500,500,0,2728.6721532344823
ok,ptft,18,5000,0.255,1275,0.255,10000,0.001,-0.001,1e-06,0.1,1.0,0.9,0.0,unit_total_var,,0.5,5000000,5000,50000,True,0.0001,,0.0,0.0,1.0,2000,train_pred_mse,345000,1.0071323303928923,0.9947731654582428,4.970305296454612e-05,0.0020144258989633693,1471.2016219175355,51.63948996673349,0.5408,0.0,0.0,0,4500,500,0,2228.6090290546413
ok,ptft,19,5000,0.255,1275,0.255,10000,0.001,-0.001,1e-06,0.1,1.0,0.9,0.0,unit_total_var,,0.5,5000000,5000,50000,True,0.0001,,0.0,0.0,1.0,2000,train_pred_mse,350000,1.0091448339976161,1.0087565270933547,4.732047231553174e-05,0.0020051249367219405,1453.994623021959,51.757666044138546,0.5448,0.0,0.0,0,4500,500,0,2265.54318523407
ok,ptft,6,5000,0.255,1275,0.255,10000,0.001,-0.001,1e-06,0.1,1.0,0.9,0.0,unit_total_var,,0.5,5000000,5000,50000,True,0.0001,,0.0,0.0,1.0,2000,train_pred_mse,375000,0.9680147673477271,0.9640407758394054,4.723211943337384e-05,0.001984470657669496,1418.0283118700436,49.95047345500447,0.5554,0.0,0.0,0,4500,500,0,4052.770629405975
ok,ptft,7,5000,0.255,1275,0.255,10000,0.001,-0.001,1e-06,0.1,1.0,0.9,0.0,unit_total_var,,0.5,5000000,5000,50000,True,0.0001,,0.0,0.0,1.0,2000,train_pred_mse,355000,0.9945974846911254,0.981943886214492,4.638852089690589e-05,0.0019480511424102094,1425.6090925764636,50.70932371714449,0.539,0.0,0.0,0,4500,500,0,1970.4110023975365
ok,ptft,8,5000,0.255,1275,0.255,10000,0.001,-0.001,1e-06,0.1,1.0,0.9,0.0,unit_total_var,,0.5,5000000,5000,50000,True,0.0001,,0.0,0.0,1.0,2000,train_pred_mse,385000,0.9779626058124864,0.9864308074835472,4.439319461328562e-05,0.0017520036644761085,1399.2104302908385,50.564760040300854,0.5312,0.0,0.0,0,4500,500,0,4153.460995674133
ok,ptft,9,5000,0.255,1275,0.255,10000,0.001,-0.001,1e-06,0.1,1.0,0.9,0.0,unit_total_var,,0.5,5000000,5000,50000,True,0.0001,,0.0,0.0,1.0,2000,train_pred_mse,365000,0.990104730051484,0.9969436493189864,4.790277168996941e-05,0.0020324987017580785,1440.2542496517237,51.292220453815744,0.547,0.0,0.0,0,4500,500,0,2926.946312189102
ok,ptft,10,5000,0.30400000000000005,1520,0.304,10000,0.001,-0.001,1e-06,0.1,1.0,0.9,0.0,unit_total_var,,0.5,5000000,5000,50000,True,0.0001,,0.0,0.0,1.0,2000,train_pred_mse,460000,0.9867086324151428,0.970468049590584,4.116743102846265e-05,0.0014896185091730694,1688.2329548261796,54.56118295571914,0.581,0.0,0.0,0,4500,500,0,6750.818065643311
ok,ptft,11,5000,0.30400000000000005,1520,0.304,10000,0.001,-0.001,1e-06,0.1,1.0,0.9,0.0,unit_total_var,,0.5,5000000,5000,50000,True,0.0001,,0.0,0.0,1.0,2000,train_pred_mse,465000,0.9987094082518772,0.9777533862827502,4.197340113113952e-05,0.001579787536925611,1648.0750721198885,53.32145772719509,0.5888,0.0,0.0,0,4500,500,0,6046.723339557648
ok,ptft,12,5000,0.30400000000000005,1520,0.304,10000,0.001,-0.001,1e-06,0.1,1.0,0.9,0.0,unit_total_var,,0.5,5000000,5000,50000,True,0.0001,,0.0,0.0,1.0,2000,train_pred_mse,445000,0.9443374330074082,0.9404489675058086,4.250930794478123e-05,0.0017066044541346624,1595.0625743646265,52.289203807757474,0.5760000000000001,0.0,0.0,0,4500,500,0,6188.461667060852
ok,ptft,13,5000,0.30400000000000005,1520,0.304,10000,0.001,-0.001,1e-06,0.1,1.0,0.9,0.0,unit_total_var,,0.5,5000000,5000,50000,True,0.0001,,0.0,0.0,1.0,2000,train_pred_mse,455000,0.9781070499064856,0.9783961942322628,3.997719364716281e-05,0.0015236403418714241,1603.7461236608576,52.591322317040536,0.5666,0.0,0.0,0,4500,500,0,4890.62482571602
ok,ptft,14,5000,0.30400000000000005,1520,0.304,10000,0.001,-0.001,1e-06,0.1,1.0,0.9,0.0,unit_total_var,,0.5,5000000,5000,50000,True,0.0001,,0.0,0.0,1.0,2000,train_pred_mse,475000,0.9678999461819392,0.9311266657760772,4.067775055722681e-05,0.001555843527175342,1627.1499764548025,52.4703484503574,0.5820000000000001,0.0,0.0,0,4500,500,0,3299.4980659484863
ok,ptft,15,5000,0.30400000000000005,1520,0.304,10000,0.001,-0.001,1e-06,0.1,1.0,0.9,0.0,unit_total_var,,0.5,5000000,5000,50000,True,0.0001,,0.0,0.0,1.0,2000,train_pred_mse,450000,0.93618223841984,0.9089091116060944,4.1823706110288576e-05,0.0015956127221623715,1609.1958422150215,53.2537822976126,0.5806,0.0,0.0,0,4500,500,0,3710.9211602211
ok,ptft,16,5000,0.30400000000000005,1520,0.304,10000,0.001,-0.001,1e-06,0.1,1.0,0.9,0.0,unit_total_var,,0.5,5000000,5000,50000,True,0.0001,,0.0,0.0,1.0,2000,train_pred_mse,450000,0.9365329533782092,0.9435110803603084,4.2047130079559055e-05,0.0017021860543489512,1591.046273993013,50.746159255887925,0.588,0.0,0.0,0,4500,500,0,5709.037360429765
ok,ptft,17,5000,0.30400000000000005,1520,0.304,10000,0.001,-0.001,1e-06,0.1,1.0,0.9,0.0,unit_total_var,,0.5,5000000,5000,50000,True,0.0001,,0.0,0.0,1.0,2000,train_pred_mse,480000,0.9197351971773003,0.9529405269667791,4.188975183908816e-05,0.001582708588670293,1619.4489222434606,52.5896325428617,0.5842,0.0,0.0,0,4500,500,0,4704.396154642105
ok,ptft,19,5000,0.30400000000000005,1520,0.304,10000,0.001,-0.001,1e-06,0.1,1.0,0.9,0.0,unit_total_var,,0.5,5000000,5000,50000,True,0.0001,,0.0,0.0,1.0,2000,train_pred_mse,470000,0.9523662592174578,0.9403868442973162,4.10996629070421e-05,0.0015158241835749198,1610.2231608840775,53.258972951429186,0.586,0.0,0.0,0,4500,500,0,3569.976041316986
ok,ptft,6,5000,0.30400000000000005,1520,0.304,10000,0.001,-0.001,1e-06,0.1,1.0,0.9,0.0,unit_total_var,,0.5,5000000,5000,50000,True,0.0001,,0.0,0.0,1.0,2000,train_pred_mse,515000,0.9420463668339673,0.925688741033156,3.771405683487905e-05,0.0013887077924871931,1556.1461249264166,51.661345643691035,0.5674,0.0,0.0,0,4500,500,0,6517.535762310028
ok,ptft,7,5000,0.30400000000000005,1520,0.304,10000,0.001,-0.001,1e-06,0.1,1.0,0.9,0.0,unit_total_var,,0.5,5000000,5000,50000,True,0.0001,,0.0,0.0,1.0,2000,train_pred_mse,455000,0.9375883080900574,0.9238848992860356,4.246457727246646e-05,0.0016247543464134005,1660.8643330382824,53.99110938424872,0.5906,0.0,0.0,0,4500,500,0,5258.5928399562845
ok,ptft,8,5000,0.30400000000000005,1520,0.304,10000,0.001,-0.001,1e-06,0.1,1.0,0.9,0.0,unit_total_var,,0.5,5000000,5000,50000,True,0.0001,,0.0,0.0,1.0,2000,train_pred_mse,490000,0.9148021053586264,0.9213319623998636,3.9419536953308554e-05,0.001536581138511838,1575.6826044127192,50.64447893721721,0.5858,0.0,0.0,0,4500,500,0,3079.441930770874
ok,ptft,9,5000,0.30400000000000005,1520,0.304,10000,0.001,-0.001,1e-06,0.1,1.0,0.9,0.0,unit_total_var,,0.5,5000000,5000,50000,True,0.0001,,0.0,0.0,1.0,2000,train_pred_mse,455000,0.9565019429463484,0.9645516855407604,3.955818310159599e-05,0.0014362859404736595,1692.4622138237787,55.688505239464156,0.594,0.0,0.0,0,4500,500,0,4948.334976673126
ok,ptft,11,5000,0.35300000000000004,1765,0.353,10000,0.001,-0.001,1e-06,0.1,1.0,0.9,0.0,unit_total_var,,0.5,5000000,5000,50000,True,0.0001,,0.0,0.0,1.0,2000,train_pred_mse,560000,0.8923932621063364,0.882513037122083,3.608532147845678e-05,0.0013442764121725894,1796.8121393837414,54.586086380630604,0.6206,0.0,0.0,0,4500,500,0,3952.499417304993
ok,ptft,12,5000,0.35300000000000004,1765,0.353,10000,0.001,-0.001,1e-06,0.1,1.0,0.9,0.0,unit_total_var,,0.5,5000000,5000,50000,True,0.0001,,0.0,0.0,1.0,2000,train_pred_mse,575000,0.8643168061332949,0.861311973405772,3.482216838305127e-05,0.0013122412218012404,1756.851744791692,53.20928261871077,0.6088,0.0,0.0,0,4500,500,0,5403.697915315628
ok,ptft,13,5000,0.35300000000000004,1765,0.353,10000,0.001,-0.001,1e-06,0.1,1.0,0.9,0.0,unit_total_var,,0.5,5000000,5000,50000,True,0.0001,,0.0,0.0,1.0,2000,train_pred_mse,595000,0.8846272995229605,0.8894550067402699,3.468550169818784e-05,0.0012436298572540045,1842.6692240436212,55.50427068190289,0.6184,0.0,0.0,0,4500,500,0,6985.657471656799
ok,ptft,15,5000,0.35300000000000004,1765,0.353,10000,0.001,-0.001,1e-06,0.1,1.0,0.9,0.0,unit_total_var,,0.5,5000000,5000,50000,True,0.0001,,0.0,0.0,1.0,2000,train_pred_mse,580000,0.8741646710728913,0.8655663970688302,3.6634038806217776e-05,0.0013573992464083224,1806.1512224202427,54.69395819615973,0.6114,0.0,0.0,0,4500,500,0,4836.545043945313
ok,ptft,18,5000,0.35300000000000004,1765,0.353,10000,0.001,-0.001,1e-06,0.1,1.0,0.9,0.0,unit_total_var,,0.5,5000000,5000,50000,True,0.0001,,0.0,0.0,1.0,2000,train_pred_mse,550000,0.9108847624720458,0.9018818264392426,3.5323494936947445e-05,0.001315975273047688,1868.1804981903185,56.1733587647192,0.6102,0.0,0.0,0,4500,500,0,5854.9149532318115
ok,ptft,7,5000,0.35300000000000004,1765,0.353,10000,0.001,-0.001,1e-06,0.1,1.0,0.9,0.0,unit_total_var,,0.5,5000000,5000,50000,True,0.0001,,0.0,0.0,1.0,2000,train_pred_mse,580000,0.8765562887206907,0.8782366646497245,3.6058655633790944e-05,0.0013168734775816464,1810.5248240878916,54.58257180517611,0.6148,0.0,0.0,0,4500,500,0,5008.4650168418875
ok,ptft,8,5000,0.35300000000000004,1765,0.353,10000,0.001,-0.001,1e-06,0.1,1.0,0.9,0.0,unit_total_var,,0.5,5000000,5000,50000,True,0.0001,,0.0,0.0,1.0,2000,train_pred_mse,560000,0.8580556343529082,0.8706963842796884,3.854664290860501e-05,0.0014597642939393276,1774.9889373652422,53.040930971045164,0.6178,0.0,0.0,0,4500,500,0,4981.814322710037
ok,ptft,11,5000,0.402,2010,0.402,10000,0.001,-0.001,1e-06,0.1,1.0,0.9,0.0,unit_total_var,,0.5,5000000,5000,50000,True,0.0001,,0.0,0.0,1.0,2000,train_pred_mse,670000,0.900031498854014,0.8670634027197611,3.388715979456172e-05,0.0011399061630850823,2048.850289522251,58.87559234711893,0.645,0.0,0.0,0,4500,500,0,6550.352222442627
ok,ptft,12,5000,0.402,2010,0.402,10000,0.001,-0.001,1e-06,0.1,1.0,0.9,0.0,unit_total_var,,0.5,5000000,5000,50000,True,0.0001,,0.0,0.0,1.0,2000,train_pred_mse,705000,0.7986511011163941,0.7974357492736489,3.0501042383780108e-05,0.0010338933904755908,1964.293273386625,55.88066093161064,0.6428,0.0,0.0,0,4500,500,0,6658.972685098647
ok,ptft,17,5000,0.402,2010,0.402,10000,0.001,-0.001,1e-06,0.1,1.0,0.9,0.0,unit_total_var,,0.5,5000000,5000,50000,True,0.0001,,0.0,0.0,1.0,2000,train_pred_mse,735000,0.7970294403323173,0.8121809666262337,3.0606694337113756e-05,0.001000827965476411,2016.8693502809547,57.62832967383346,0.6514,0.0,0.0,0,4500,500,0,6980.379331827165
ok,ptft,19,5000,0.402,2010,0.402,10000,0.001,-0.001,1e-06,0.1,1.0,0.9,0.0,unit_total_var,,0.5,5000000,5000,50000,True,0.0001,,0.0,0.0,1.0,2000,train_pred_mse,685000,0.8143321050378448,0.7996976946856398,3.3750642516328554e-05,0.0011985739212385695,2001.3655435912494,56.3978672039604,0.6456,0.0,0.0,0,4500,500,0,6265.712072610854
ok,ptft,8,5000,0.402,2010,0.402,10000,0.001,-0.001,1e-06,0.1,1.0,0.9,0.0,unit_total_var,,0.5,5000000,5000,50000,True,0.0001,,0.0,0.0,1.0,2000,train_pred_mse,705000,0.8125260640157408,0.8139482128209635,3.4190027438536194e-05,0.0011819711037760856,1956.7395057473013,55.94475798987043,0.6426,0.0,0.0,0,4500,500,0,7086.6827573776245
ok,ptft,10,5000,0.01,50,0.01,10000,0.001,-0.000999,0.0,0.1,1.0,0.1,0.0,unit_total_var,,0.5,5000000,5000,50000,True,0.0001,,0.0,0.0,1.0,2000,train_pred_mse,10000,1.2004466989329499,1.175555970548834,6.625428223123684e-05,0.02949982651442768,225.6118419095461,26.35345370128739,0.9279999999999999,0.0,0.0,0,500,500,4000,9.452594995498655
ok,ptft,11,5000,0.01,50,0.01,10000,0.001,-0.000999,0.0,0.1,1.0,0.1,0.0,unit_total_var,,0.5,5000000,5000,50000,True,0.0001,,0.0,0.0,1.0,2000,train_pred_mse,10000,1.321851852259559,1.3007109675197908,8.671427211399382e-05,0.03593810715042827,238.60734575714974,29.98647852920255,0.9284,0.0,0.0,0,500,500,4000,9.411162614822386
ok,ptft,12,5000,0.01,50,0.01,10000,0.001,-0.000999,0.0,0.1,1.0,0.1,0.0,unit_total_var,,0.5,5000000,5000,50000,True,0.0001,,0.0,0.0,1.0,2000,train_pred_mse,10000,1.0966105326138014,1.090854137767183,6.0810173914240284e-05,0.023212867675045903,239.8203705463063,29.398366314059768,0.9256,0.0,0.0,0,500,500,4000,7.6828744411468515
ok,ptft,13,5000,0.01,50,0.01,10000,0.001,-0.000999,0.0,0.1,1.0,0.1,0.0,unit_total_var,,0.5,5000000,5000,50000,True,0.0001,,0.0,0.0,1.0,2000,train_pred_mse,10000,1.2259940874158717,1.246713002993985,5.220822752469485e-05,0.029952289748391408,242.1721807443925,31.820532476674465,0.9252,0.0,0.0,0,500,500,4000,7.949542284011841
ok,ptft,14,5000,0.01,50,0.01,10000,0.001,-0.000999,0.0,0.1,1.0,0.1,0.0,unit_total_var,,0.5,5000000,5000,50000,True,0.0001,,0.0,0.0,1.0,2000,train_pred_mse,10000,1.272922935417802,1.2674655910506467,0.00013258888836506762,0.04718785725446989,203.49949306788872,28.495571690901595,0.9244,0.0,0.0,0,500,500,4000,8.171965599060059
ok,ptft,15,5000,0.01,50,0.01,10000,0.001,-0.000999,0.0,0.1,1.0,0.1,0.0,unit_total_var,,0.5,5000000,5000,50000,True,0.0001,,0.0,0.0,1.0,2000,train_pred_mse,10000,1.1587035186227534,1.1564395081680967,9.917204864726617e-05,0.0447005496285243,219.68375643533653,25.305361923568935,0.9272,0.0,0.0,0,500,500,4000,8.95513916015625
ok,ptft,16,5000,0.01,50,0.01,10000,0.001,-0.000999,0.0,0.1,1.0,0.1,0.0,unit_total_var,,0.5,5000000,5000,50000,True,0.0001,,0.0,0.0,1.0,2000,train_pred_mse,10000,1.080571227798721,1.0840769491975253,6.175091998937446e-05,0.027670393596238584,213.49476361451264,26.723734194461866,0.9284,0.0,0.0,0,500,500,4000,8.710255146026611
ok,ptft,17,5000,0.01,50,0.01,10000,0.001,-0.000999,0.0,0.1,1.0,0.1,0.0,unit_total_var,,0.5,5000000,5000,50000,True,0.0001,,0.0,0.0,1.0,2000,train_pred_mse,10000,1.1726062869229092,1.1520546891030183,0.00015947921041597262,0.05019717361674387,221.33297775988817,32.84223432405303,0.9218,0.0,0.0,0,500,500,4000,9.217620849609377
ok,ptft,18,5000,0.01,50,0.01,10000,0.001,-0.000999,0.0,0.1,1.0,0.1,0.0,unit_total_var,,0.5,5000000,5000,50000,True,0.0001,,0.0,0.0,1.0,2000,train_pred_mse,10000,1.104713969227998,1.0852201685025318,0.00012114833625032531,0.045301011631286144,223.36774391472224,28.83417048143064,0.9314,0.0,0.0,0,500,500,4000,9.127681016921995
ok,ptft,19,5000,0.01,50,0.01,10000,0.001,-0.000999,0.0,0.1,1.0,0.1,0.0,unit_total_var,,0.5,5000000,5000,50000,True,0.0001,,0.0,0.0,1.0,2000,train_pred_mse,10000,1.132349615303293,1.148571902842746,6.220972350216465e-05,0.025794143323150314,226.45942643228656,28.384978162009663,0.9256,0.0,0.0,0,500,500,4000,10.747148513793944
ok,ptft,6,5000,0.01,50,0.01,10000,0.001,-0.000999,0.0,0.1,1.0,0.1,0.0,unit_total_var,,0.5,5000000,5000,50000,True,0.0001,,0.0,0.0,1.0,2000,train_pred_mse,10000,1.1702044585168072,1.1747391446666269,8.725874276846071e-05,0.029749193949978794,238.3006747913712,31.11789157340578,0.9246,0.0,0.0,0,500,500,4000,9.552941799163818
ok,ptft,7,5000,0.01,50,0.01,10000,0.001,-0.000999,0.0,0.1,1.0,0.1,0.0,unit_total_var,,0.5,5000000,5000,50000,True,0.0001,,0.0,0.0,1.0,2000,train_pred_mse,10000,1.1460361589335628,1.1494868541698016,5.352271715597538e-05,0.028315858375492744,213.79502309038884,26.815753311333683,0.9192,0.0,0.0,0,500,500,4000,8.408819913864138
ok,ptft,8,5000,0.01,50,0.01,10000,0.001,-0.000999,0.0,0.1,1.0,0.1,0.0,unit_total_var,,0.5,5000000,5000,50000,True,0.0001,,0.0,0.0,1.0,2000,train_pred_mse,10000,1.3043974135420509,1.2876981593250356,0.00010510349921054537,0.0394103943414186,260.8231128053892,34.72945485024544,0.9262,0.0,0.0,0,500,500,4000,7.19624662399292
ok,ptft,9,5000,0.01,50,0.01,10000,0.001,-0.000999,0.0,0.1,1.0,0.1,0.0,unit_total_var,,0.5,5000000,5000,50000,True,0.0001,,0.0,0.0,1.0,2000,train_pred_mse,10000,1.0801350870775452,1.0682469388226068,4.8723710918727066e-05,0.03449500237527792,234.98410993083183,26.921529146534947,0.9236,0.0,0.0,0,500,500,4000,8.405893564224241
ok,ptft,10,5000,0.059,295,0.059000000000000004,10000,0.001,-0.000999,0.0,0.1,1.0,0.1,0.0,unit_total_var,,0.5,5000000,5000,50000,True,0.0001,,0.0,0.0,1.0,2000,train_pred_mse,30000,1.2206972960175355,1.1991749572165329,0.00013139131547512683,0.01169165295026283,631.0795800315243,38.32912105404363,0.9496,0.0,0.0,0,500,500,4000,43.08936357498169
ok,ptft,11,5000,0.059,295,0.059000000000000004,10000,0.001,-0.000999,0.0,0.1,1.0,0.1,0.0,unit_total_var,,0.5,5000000,5000,50000,True,0.0001,,0.0,0.0,1.0,2000,train_pred_mse,30000,1.2914112885126774,1.2725534696655068,0.00013979208203456986,0.012589418955706987,622.4589014702947,38.356571857207115,0.9468,0.0,0.0,0,500,500,4000,132.59527444839478
ok,ptft,12,5000,0.059,295,0.059000000000000004,10000,0.001,-0.000999,0.0,0.1,1.0,0.1,0.0,unit_total_var,,0.5,5000000,5000,50000,True,0.0001,,0.0,0.0,1.0,2000,train_pred_mse,30000,1.0929199554076805,1.0855859675494128,0.00016820911211929844,0.01437856192714322,603.1260322102864,37.89970907181648,0.9470000000000001,0.0,0.0,0,500,500,4000,42.23722457885742
ok,ptft,13,5000,0.059,295,0.059000000000000004,10000,0.001,-0.000999,0.0,0.1,1.0,0.1,0.0,unit_total_var,,0.5,5000000,5000,50000,True,0.0001,,0.0,0.0,1.0,2000,train_pred_mse,30000,1.1955950812563487,1.1833608769551351,0.00014446511876132294,0.012270519209436344,620.2522434366806,37.59268676795959,0.9522,0.0,0.0,0,500,500,4000,38.393632173538215
ok,ptft,14,5000,0.059,295,0.059000000000000004,10000,0.001,-0.000999,0.0,0.1,1.0,0.1,0.0,unit_total_var,,0.5,5000000,5000,50000,True,0.0001,,0.0,0.0,1.0,2000,train_pred_mse,30000,1.2340258666084738,1.2198453737028936,0.00013321846064089142,0.01081019992561318,667.965812344408,41.74149614181935,0.9478,0.0,0.0,0,500,500,4000,39.12516188621521
ok,ptft,15,5000,0.059,295,0.059000000000000004,10000,0.001,-0.000999,0.0,0.1,1.0,0.1,0.0,unit_total_var,,0.5,5000000,5000,50000,True,0.0001,,0.0,0.0,1.0,2000,train_pred_mse,30000,1.1380696184003822,1.1414398354560855,0.00015044289717570437,0.012627345353660335,626.5039537333364,39.76588801075635,0.9448,0.0,0.0,0,500,500,4000,37.5505805015564
ok,ptft,16,5000,0.059,295,0.059000000000000004,10000,0.001,-0.000999,0.0,0.1,1.0,0.1,0.0,unit_total_var,,0.5,5000000,5000,50000,True,0.0001,,0.0,0.0,1.0,2000,train_pred_mse,35000,1.0945709312705374,1.0768805104652115,0.00012958871246578128,0.010045950048932809,587.9524851106313,39.136615176836145,0.9484,0.0,0.0,0,500,500,4000,49.434048414230354
ok,ptft,17,5000,0.059,295,0.059000000000000004,10000,0.001,-0.000999,0.0,0.1,1.0,0.1,0.0,unit_total_var,,0.5,5000000,5000,50000,True,0.0001,,0.0,0.0,1.0,2000,train_pred_mse,35000,1.1091386509294057,1.0926013850645158,0.00012163272331989763,0.010723162244395205,544.0006514276079,33.17334449620202,0.9458,0.0,0.0,0,500,500,4000,59.66912579536438
ok,ptft,18,5000,0.059,295,0.059000000000000004,10000,0.001,-0.000999,0.0,0.1,1.0,0.1,0.0,unit_total_var,,0.5,5000000,5000,50000,True,0.0001,,0.0,0.0,1.0,2000,train_pred_mse,35000,1.0708685418553117,1.0506133067818677,0.00012578308905012114,0.011007564146909907,582.66548684446,36.916539190280304,0.9494,0.0,0.0,0,500,500,4000,48.65515494346619
ok,ptft,19,5000,0.059,295,0.059000000000000004,10000,0.001,-0.000999,0.0,0.1,1.0,0.1,0.0,unit_total_var,,0.5,5000000,5000,50000,True,0.0001,,0.0,0.0,1.0,2000,train_pred_mse,30000,1.070916505280051,1.098683436808379,0.00015974849695246115,0.01466505410863391,565.1991711056587,34.36514245117602,0.9464,0.0,0.0,0,500,500,4000,98.63571524620056
ok,ptft,6,5000,0.059,295,0.059000000000000004,10000,0.001,-0.000999,0.0,0.1,1.0,0.1,0.0,unit_total_var,,0.5,5000000,5000,50000,True,0.0001,,0.0,0.0,1.0,2000,train_pred_mse,30000,1.124698028180923,1.1209567230248787,0.00017134467107302073,0.016255880972962374,567.0466535860302,35.14002556260196,0.9494,0.0,0.0,0,500,500,4000,54.466030836105354
ok,ptft,7,5000,0.059,295,0.059000000000000004,10000,0.001,-0.000999,0.0,0.1,1.0,0.1,0.0,unit_total_var,,0.5,5000000,5000,50000,True,0.0001,,0.0,0.0,1.0,2000,train_pred_mse,30000,1.1399963298434967,1.1326834228076927,0.0001794677170857189,0.016166386540845804,581.8048657573013,35.716126729883364,0.9486,0.0,0.0,0,500,500,4000,41.709245443344116
ok,ptft,8,5000,0.059,295,0.059000000000000004,10000,0.001,-0.000999,0.0,0.1,1.0,0.1,0.0,unit_total_var,,0.5,5000000,5000,50000,True,0.0001,,0.0,0.0,1.0,2000,train_pred_mse,30000,1.2228186964549757,1.2400453719360982,0.0001407405799834537,0.012609802974899331,617.3889356654635,37.415497652689794,0.9506,0.0,0.0,0,500,500,4000,38.370060443878174
ok,ptft,9,5000,0.059,295,0.059000000000000004,10000,0.001,-0.000999,0.0,0.1,1.0,0.1,0.0,unit_total_var,,0.5,5000000,5000,50000,True,0.0001,,0.0,0.0,1.0,2000,train_pred_mse,35000,1.1050654411910001,1.0790941371508835,0.0001298695392194786,0.01041615372291384,583.189965234788,36.05845687808346,0.9456,0.0,0.0,0,500,500,4000,45.31913995742798
ok,ptft,10,5000,0.10800000000000001,540,0.10800000000000001,10000,0.001,-0.000999,0.0,0.1,1.0,0.1,0.0,unit_total_var,,0.5,5000000,5000,50000,True,0.0001,,0.0,0.0,1.0,2000,train_pred_mse,55000,0.9901554559586678,0.981995616050552,0.00013023536631154222,0.008038739161729857,870.2299896912125,42.18479672024,0.9534,0.0,0.0,0,500,500,4000,255.56116819381714
ok,ptft,11,5000,0.10800000000000001,540,0.10800000000000001,10000,0.001,-0.000999,0.0,0.1,1.0,0.1,0.0,unit_total_var,,0.5,5000000,5000,50000,True,0.0001,,0.0,0.0,1.0,2000,train_pred_mse,50000,1.0965271010251136,1.090404098942805,0.00014118016980959648,0.008994708822858124,859.8960907688122,41.7899704440866,0.9566,0.0,0.0,0,500,500,4000,351.205687046051
ok,ptft,12,5000,0.10800000000000001,540,0.10800000000000001,10000,0.001,-0.000999,0.0,0.1,1.0,0.1,0.0,unit_total_var,,0.5,5000000,5000,50000,True,0.0001,,0.0,0.0,1.0,2000,train_pred_mse,60000,0.87866385848238,0.8755685976802233,0.0001129646685661055,0.007175619290269539,805.5417179075642,40.02553685683366,0.9582,0.0,0.0,0,500,500,4000,138.08034300804138
ok,ptft,13,5000,0.10800000000000001,540,0.10800000000000001,10000,0.001,-0.000999,0.0,0.1,1.0,0.1,0.0,unit_total_var,,0.5,5000000,5000,50000,True,0.0001,,0.0,0.0,1.0,2000,train_pred_mse,60000,0.9980715249007924,1.0007675105902163,0.00010927463123019483,0.006631043024094757,836.6701251041072,41.29598854314435,0.9522,0.0,0.0,0,500,500,4000,137.1714680194855
ok,ptft,14,5000,0.10800000000000001,540,0.10800000000000001,10000,0.001,-0.000999,0.0,0.1,1.0,0.1,0.0,unit_total_var,,0.5,5000000,5000,50000,True,0.0001,,0.0,0.0,1.0,2000,train_pred_mse,55000,1.021112177058998,1.026871899693193,0.0001279690262966089,0.0073705213517419816,876.8182352583633,43.74726206425541,0.9544,0.0,0.0,0,500,500,4000,210.48551487922668
ok,ptft,15,5000,0.10800000000000001,540,0.10800000000000001,10000,0.001,-0.000999,0.0,0.1,1.0,0.1,0.0,unit_total_var,,0.5,5000000,5000,50000,True,0.0001,,0.0,0.0,1.0,2000,train_pred_mse,55000,0.9143497386958456,0.9209230533752594,0.00011399579047646928,0.006899925096331629,873.2673493885322,42.03637737146334,0.9574,0.0,0.0,0,500,500,4000,99.71767163276672
ok,ptft,16,5000,0.10800000000000001,540,0.10800000000000001,10000,0.001,-0.000999,0.0,0.1,1.0,0.1,0.0,unit_total_var,,0.5,5000000,5000,50000,True,0.0001,,0.0,0.0,1.0,2000,train_pred_mse,60000,0.906784728287686,0.9014438683054624,0.00011286019921235618,0.007526102183372572,782.3981827698095,37.53947591222057,0.9568,0.0,0.0,0,500,500,4000,135.1374912261963
ok,ptft,17,5000,0.10800000000000001,540,0.10800000000000001,10000,0.001,-0.000999,0.0,0.1,1.0,0.1,0.0,unit_total_var,,0.5,5000000,5000,50000,True,0.0001,,0.0,0.0,1.0,2000,train_pred_mse,60000,0.8668870796536452,0.859228507634997,0.00010302187755874249,0.005784797265626442,817.0435666850946,43.1653695452356,0.955,0.0,0.0,0,500,500,4000,109.04058027267456
ok,ptft,18,5000,0.10800000000000001,540,0.10800000000000001,10000,0.001,-0.000999,0.0,0.1,1.0,0.1,0.0,unit_total_var,,0.5,5000000,5000,50000,True,0.0001,,0.0,0.0,1.0,2000,train_pred_mse,55000,0.884360578351673,0.8856161484408794,0.00013030383735009203,0.007856408273435067,826.1193260076866,41.169467781806496,0.9508,0.0,0.0,0,500,500,4000,104.86420941352844
ok,ptft,19,5000,0.10800000000000001,540,0.10800000000000001,10000,0.001,-0.000999,0.0,0.1,1.0,0.1,0.0,unit_total_var,,0.5,5000000,5000,50000,True,0.0001,,0.0,0.0,1.0,2000,train_pred_mse,55000,0.9891461881917476,1.0198856397992262,0.00013200385547026535,0.008284217789145199,845.084090622268,41.676439965620496,0.9590000000000001,0.0,0.0,0,500,500,4000,189.68177366256714
ok,ptft,6,5000,0.10800000000000001,540,0.10800000000000001,10000,0.001,-0.000999,0.0,0.1,1.0,0.1,0.0,unit_total_var,,0.5,5000000,5000,50000,True,0.0001,,0.0,0.0,1.0,2000,train_pred_mse,55000,0.9492456308574201,0.9399112603447706,0.00012002331380569588,0.007614694900103711,834.8607550632091,40.77125751689365,0.9572,0.0,0.0,0,500,500,4000,198.5990002155304
ok,ptft,7,5000,0.10800000000000001,540,0.10800000000000001,10000,0.001,-0.000999,0.0,0.1,1.0,0.1,0.0,unit_total_var,,0.5,5000000,5000,50000,True,0.0001,,0.0,0.0,1.0,2000,train_pred_mse,55000,0.9544773063312972,0.9515171011548184,0.00013388779685540175,0.008121515357321023,843.6536652246483,41.25581740121401,0.9576,0.0,0.0,0,500,500,4000,105.13833808898926
ok,ptft,8,5000,0.10800000000000001,540,0.10800000000000001,10000,0.001,-0.000999,0.0,0.1,1.0,0.1,0.0,unit_total_var,,0.5,5000000,5000,50000,True,0.0001,,0.0,0.0,1.0,2000,train_pred_mse,55000,0.9247669332658914,0.9112316751295352,0.00012583757855421951,0.0075391257084814955,875.8238546003798,43.8911692728652,0.9506,0.0,0.0,0,500,500,4000,97.82546162605286
ok,ptft,9,5000,0.10800000000000001,540,0.10800000000000001,10000,0.001,-0.000999,0.0,0.1,1.0,0.1,0.0,unit_total_var,,0.5,5000000,5000,50000,True,0.0001,,0.0,0.0,1.0,2000,train_pred_mse,60000,0.90415815567643,0.9168452792547308,0.00010965160184089114,0.006524666358015533,852.965962911259,42.71480034254272,0.9626,0.0,0.0,0,500,500,4000,140.5864315032959
ok,ptft,10,5000,0.15700000000000006,785,0.157,10000,0.001,-0.000999,0.0,0.1,1.0,0.1,0.0,unit_total_var,,0.5,5000000,5000,50000,True,0.0001,,0.0,0.0,1.0,2000,train_pred_mse,85000,0.8549439537470829,0.8478421251209631,0.00010226227633122653,0.005239870107162014,1019.2259185412511,44.27005155288661,0.9632,0.0,0.0,0,500,500,4000,572.9577004909515
ok,ptft,11,5000,0.15700000000000006,785,0.157,10000,0.001,-0.000999,0.0,0.1,1.0,0.1,0.0,unit_total_var,,0.5,5000000,5000,50000,True,0.0001,,0.0,0.0,1.0,2000,train_pred_mse,80000,0.8505213007119276,0.8349481499613974,0.00010695313535418412,0.005575674828110087,1079.564138142691,46.41347277720847,0.9606,0.0,0.0,0,500,500,4000,761.9942696094513
ok,ptft,12,5000,0.15700000000000006,785,0.157,10000,0.001,-0.000999,0.0,0.1,1.0,0.1,0.0,unit_total_var,,0.5,5000000,5000,50000,True,0.0001,,0.0,0.0,1.0,2000,train_pred_mse,90000,0.7014734614836913,0.7005702686605662,8.91895563912015e-05,0.004468101931164649,999.2321117758772,44.33177526450631,0.955,0.0,0.0,0,500,500,4000,413.7444884777069
ok,ptft,13,5000,0.15700000000000006,785,0.157,10000,0.001,-0.000999,0.0,0.1,1.0,0.1,0.0,unit_total_var,,0.5,5000000,5000,50000,True,0.0001,,0.0,0.0,1.0,2000,train_pred_mse,85000,0.8429160295195841,0.8473271307672561,0.00010504630141436711,0.005477699976504585,1046.429783908649,45.34444888057715,0.9596,0.0,0.0,0,500,500,4000,879.3575201034546
ok,ptft,14,5000,0.15700000000000006,785,0.157,10000,0.001,-0.000999,0.0,0.1,1.0,0.1,0.0,unit_total_var,,0.5,5000000,5000,50000,True,0.0001,,0.0,0.0,1.0,2000,train_pred_mse,90000,0.8881608325410021,0.8833934166045576,9.633195155010376e-05,0.004647020248403688,1032.7546011053544,45.52516688110558,0.9612,0.0,0.0,0,500,500,4000,667.8365395069122
ok,ptft,15,5000,0.15700000000000006,785,0.157,10000,0.001,-0.000999,0.0,0.1,1.0,0.1,0.0,unit_total_var,,0.5,5000000,5000,50000,True,0.0001,,0.0,0.0,1.0,2000,train_pred_mse,90000,0.7807312109092988,0.7822053191987417,9.428177454063676e-05,0.0044387906157462775,1031.1654207550198,45.9543903744471,0.9648,0.0,0.0,0,500,500,4000,258.1863355636597
ok,ptft,16,5000,0.15700000000000006,785,0.157,10000,0.001,-0.000999,0.0,0.1,1.0,0.1,0.0,unit_total_var,,0.5,5000000,5000,50000,True,0.0001,,0.0,0.0,1.0,2000,train_pred_mse,90000,0.7016586731992565,0.7068807132641723,9.844902316233227e-05,0.0054159295922384144,961.1144808455324,41.890032623668716,0.9582,0.0,0.0,0,500,500,4000,325.29210853576666
ok,ptft,17,5000,0.15700000000000006,785,0.157,10000,0.001,-0.000999,0.0,0.1,1.0,0.1,0.0,unit_total_var,,0.5,5000000,5000,50000,True,0.0001,,0.0,0.0,1.0,2000,train_pred_mse,85000,0.7312408463650826,0.7288492756042778,9.959036632204771e-05,0.00522927463204769,994.1685432740629,43.71340173679643,0.9584,0.0,0.0,0,500,500,4000,236.24860072135925
ok,ptft,18,5000,0.15700000000000006,785,0.157,10000,0.001,-0.000999,0.0,0.1,1.0,0.1,0.0,unit_total_var,,0.5,5000000,5000,50000,True,0.0001,,0.0,0.0,1.0,2000,train_pred_mse,90000,0.6062981278342656,0.6082882926905555,9.632695247439932e-05,0.004774073393906932,984.0930669435652,43.778857512980004,0.9638,0.0,0.0,0,500,500,4000,246.39518547058103
ok,ptft,19,5000,0.15700000000000006,785,0.157,10000,0.001,-0.000999,0.0,0.1,1.0,0.1,0.0,unit_total_var,,0.5,5000000,5000,50000,True,0.0001,,0.0,0.0,1.0,2000,train_pred_mse,85000,0.7488237479007558,0.7611734624235126,0.00010086615126910012,0.005245743157664203,1008.3326404960285,43.22727917044868,0.9618,0.0,0.0,0,500,500,4000,277.337548494339
ok,ptft,6,5000,0.15700000000000006,785,0.157,10000,0.001,-0.000999,0.0,0.1,1.0,0.1,0.0,unit_total_var,,0.5,5000000,5000,50000,True,0.0001,,0.0,0.0,1.0,2000,train_pred_mse,85000,0.8085698357282618,0.8021017533177003,0.00010110358530418141,0.005109172934820721,993.0892705612331,44.31802883926468,0.9620000000000001,0.0,0.0,0,500,500,4000,570.4698231220245
ok,ptft,7,5000,0.15700000000000006,785,0.157,10000,0.001,-0.000999,0.0,0.1,1.0,0.1,0.0,unit_total_var,,0.5,5000000,5000,50000,True,0.0001,,0.0,0.0,1.0,2000,train_pred_mse,85000,0.7713827584155138,0.7671069707667189,0.00010018748873960504,0.0052030169378363715,1031.948156022885,45.56385937561468,0.9628,0.0,0.0,0,500,500,4000,266.7853889465332
ok,ptft,8,5000,0.15700000000000006,785,0.157,10000,0.001,-0.000999,0.0,0.1,1.0,0.1,0.0,unit_total_var,,0.5,5000000,5000,50000,True,0.0001,,0.0,0.0,1.0,2000,train_pred_mse,85000,0.7921691219070587,0.7862125728262994,9.54513847507777e-05,0.00479603478155474,1041.9635720425902,46.60911373856478,0.9536,0.0,0.0,0,500,500,4000,297.31047439575195
ok,ptft,9,5000,0.15700000000000006,785,0.157,10000,0.001,-0.000999,0.0,0.1,1.0,0.1,0.0,unit_total_var,,0.5,5000000,5000,50000,True,0.0001,,0.0,0.0,1.0,2000,train_pred_mse,90000,0.7340368732529425,0.7317886233576546,9.565181260651296e-05,0.004623745331146336,984.4009636783474,44.102017158183756,0.9620000000000001,0.0,0.0,0,500,500,4000,344.35164189338684
ok,ptft,10,5000,0.206,1030,0.20600000000000002,10000,0.001,-0.000999,0.0,0.1,1.0,0.1,0.0,unit_total_var,,0.5,5000000,5000,50000,True,0.0001,,0.0,0.0,1.0,2000,train_pred_mse,130000,0.5599859788829996,0.5583836506816875,7.879986264943445e-05,0.003233778815348919,1164.6491036894474,49.701524340521225,0.9664,0.0,0.0,0,500,500,4000,788.3719730377197
ok,ptft,11,5000,0.206,1030,0.20600000000000002,10000,0.001,-0.000999,0.0,0.1,1.0,0.1,0.0,unit_total_var,,0.5,5000000,5000,50000,True,0.0001,,0.0,0.0,1.0,2000,train_pred_mse,130000,0.6692897954593849,0.6603609239445908,7.820586250231885e-05,0.0031790864408578518,1221.9796980429185,50.682888298149614,0.9590000000000001,0.0,0.0,0,500,500,4000,1558.2359907627106
ok,ptft,12,5000,0.206,1030,0.20600000000000002,10000,0.001,-0.000999,0.0,0.1,1.0,0.1,0.0,unit_total_var,,0.5,5000000,5000,50000,True,0.0001,,0.0,0.0,1.0,2000,train_pred_mse,125000,0.5080738894424023,0.4951397461494224,7.85880392499845e-05,0.0032048553749235925,1118.2924078038432,47.41874077936138,0.965,0.0,0.0,0,500,500,4000,716.5150988101959
ok,ptft,13,5000,0.206,1030,0.20600000000000002,10000,0.001,-0.000999,0.0,0.1,1.0,0.1,0.0,unit_total_var,,0.5,5000000,5000,50000,True,0.0001,,0.0,0.0,1.0,2000,train_pred_mse,130000,0.5164590020308817,0.5187942664807824,7.89662023659597e-05,0.003234378645894337,1206.1973278829335,50.24374372457493,0.9628,0.0,0.0,0,500,500,4000,1734.3087561130524
ok,ptft,14,5000,0.206,1030,0.20600000000000002,10000,0.001,-0.000999,0.0,0.1,1.0,0.1,0.0,unit_total_var,,0.5,5000000,5000,50000,True,0.0001,,0.0,0.0,1.0,2000,train_pred_mse,115000,0.6110723721360677,0.6144648743744916,8.526379355586078e-05,0.0036038320728155188,1215.7161709143902,49.39005186415778,0.9646,0.0,0.0,0,500,500,4000,497.1992030143738
ok,ptft,15,5000,0.206,1030,0.20600000000000002,10000,0.001,-0.000999,0.0,0.1,1.0,0.1,0.0,unit_total_var,,0.5,5000000,5000,50000,True,0.0001,,0.0,0.0,1.0,2000,train_pred_mse,125000,0.5785763458471521,0.5697018039412824,8.092504387810753e-05,0.003323503850316375,1182.0576502737938,49.18545527281354,0.9676,0.0,0.0,0,500,500,4000,446.8782269954682
ok,ptft,16,5000,0.206,1030,0.20600000000000002,10000,0.001,-0.000999,0.0,0.1,1.0,0.1,0.0,unit_total_var,,0.5,5000000,5000,50000,True,0.0001,,0.0,0.0,1.0,2000,train_pred_mse,130000,0.4858365398285216,0.485667136605729,7.737798543679591e-05,0.003090250674312927,1103.9057126934492,47.67803872117996,0.9586,0.0,0.0,0,500,500,4000,1180.5070431232452
ok,ptft,17,5000,0.206,1030,0.20600000000000002,10000,0.001,-0.000999,0.0,0.1,1.0,0.1,0.0,unit_total_var,,0.5,5000000,5000,50000,True,0.0001,,0.0,0.0,1.0,2000,train_pred_mse,135000,0.5490150000461236,0.5434458532459868,7.97162278787042e-05,0.0033440531012006755,1104.7032076883143,45.950316314399615,0.9536,0.0,0.0,0,500,500,4000,632.4351897239685
ok,ptft,18,5000,0.206,1030,0.20600000000000002,10000,0.001,-0.000999,0.0,0.1,1.0,0.1,0.0,unit_total_var,,0.5,5000000,5000,50000,True,0.0001,,0.0,0.0,1.0,2000,train_pred_mse,135000,0.5453684251248049,0.5464325231554207,7.37602273071153e-05,0.003208657237662148,1116.9807365429172,45.60330424576554,0.9592,0.0,0.0,0,500,500,4000,1442.8762018680573
ok,ptft,19,5000,0.206,1030,0.20600000000000002,10000,0.001,-0.000999,0.0,0.1,1.0,0.1,0.0,unit_total_var,,0.5,5000000,5000,50000,True,0.0001,,0.0,0.0,1.0,2000,train_pred_mse,140000,0.5469110697205898,0.5417267992276563,7.266766425454956e-05,0.002789443793170677,1109.1998604826977,47.5813833634684,0.9564,0.0,0.0,0,500,500,4000,590.996367931366
ok,ptft,6,5000,0.206,1030,0.20600000000000002,10000,0.001,-0.000999,0.0,0.1,1.0,0.1,0.0,unit_total_var,,0.5,5000000,5000,50000,True,0.0001,,0.0,0.0,1.0,2000,train_pred_mse,130000,0.4898769885315319,0.484073003094776,7.632453951495841e-05,0.003013995766303916,1151.672722390425,48.8869240851445,0.966,0.0,0.0,0,500,500,4000,761.0712795257567
ok,ptft,7,5000,0.206,1030,0.20600000000000002,10000,0.001,-0.000999,0.0,0.1,1.0,0.1,0.0,unit_total_var,,0.5,5000000,5000,50000,True,0.0001,,0.0,0.0,1.0,2000,train_pred_mse,125000,0.5797460282001607,0.5778267509798111,7.937542351119485e-05,0.003339723034653133,1149.4187477247795,46.66429788578046,0.9702,0.0,0.0,0,500,500,4000,996.8360023498536
ok,ptft,8,5000,0.206,1030,0.20600000000000002,10000,0.001,-0.000999,0.0,0.1,1.0,0.1,0.0,unit_total_var,,0.5,5000000,5000,50000,True,0.0001,,0.0,0.0,1.0,2000,train_pred_mse,135000,0.4633545191774454,0.4638681799224026,7.171201917187719e-05,0.0026395049035215,1207.2841694969345,52.222511770285436,0.9678,0.0,0.0,0,500,500,4000,1391.334869146347
ok,ptft,9,5000,0.206,1030,0.20600000000000002,10000,0.001,-0.000999,0.0,0.1,1.0,0.1,0.0,unit_total_var,,0.5,5000000,5000,50000,True,0.0001,,0.0,0.0,1.0,2000,train_pred_mse,130000,0.540669397128277,0.5436343981169588,8.149474976690667e-05,0.003465446422991835,1127.6152424392171,46.71239265314726,0.9626,0.0,0.0,0,500,500,4000,817.8858292102814
ok,ptft,10,5000,0.255,1275,0.255,10000,0.001,-0.000999,0.0,0.1,1.0,0.1,0.0,unit_total_var,,0.5,5000000,5000,50000,True,0.0001,,0.0,0.0,1.0,2000,train_pred_mse,180000,0.3344990082441656,0.3331020751100349,6.496565695302502e-05,0.002100285824795869,1289.2243455926116,54.76136919019857,0.965,0.0,0.0,0,500,500,4000,1140.6898674964905
ok,ptft,11,5000,0.255,1275,0.255,10000,0.001,-0.000999,0.0,0.1,1.0,0.1,0.0,unit_total_var,,0.5,5000000,5000,50000,True,0.0001,,0.0,0.0,1.0,2000,train_pred_mse,185000,0.3437397349314026,0.34541011330946503,6.511278009369084e-05,0.001938475374052053,1334.893219222841,55.902059970877154,0.9626,0.0,0.0,0,500,500,4000,1110.9957852363586
ok,ptft,12,5000,0.255,1275,0.255,10000,0.001,-0.000999,0.0,0.1,1.0,0.1,0.0,unit_total_var,,0.5,5000000,5000,50000,True,0.0001,,0.0,0.0,1.0,2000,train_pred_mse,180000,0.31962162212334816,0.31714705312161456,6.372611031779542e-05,0.002182021782607297,1219.1188290310438,50.75132904703661,0.9656,0.0,0.0,0,500,500,4000,1404.4766237735748
ok,ptft,13,5000,0.255,1275,0.255,10000,0.001,-0.000999,0.0,0.1,1.0,0.1,0.0,unit_total_var,,0.5,5000000,5000,50000,True,0.0001,,0.0,0.0,1.0,2000,train_pred_mse,180000,0.3605648379529945,0.3661406931104884,6.713019159600808e-05,0.002179418231986307,1314.2490354253673,54.2417818928601,0.9614,0.0,0.0,0,500,500,4000,1578.0918235778809
ok,ptft,14,5000,0.255,1275,0.255,10000,0.001,-0.000999,0.0,0.1,1.0,0.1,0.0,unit_total_var,,0.5,5000000,5000,50000,True,0.0001,,0.0,0.0,1.0,2000,train_pred_mse,170000,0.34316715466367104,0.3494754089201221,6.631288560374793e-05,0.0020547223608497,1328.4787795551265,56.24992597256996,0.9690000000000001,0.0,0.0,0,500,500,4000,906.216231584549
ok,ptft,15,5000,0.255,1275,0.255,10000,0.001,-0.000999,0.0,0.1,1.0,0.1,0.0,unit_total_var,,0.5,5000000,5000,50000,True,0.0001,,0.0,0.0,1.0,2000,train_pred_mse,165000,0.3888156711694519,0.3860217464946502,6.579219356672865e-05,0.0021986016122093753,1265.6552106209242,52.58499459815879,0.9696,0.0,0.0,0,500,500,4000,1010.9281713962556
ok,ptft,16,5000,0.255,1275,0.255,10000,0.001,-0.000999,0.0,0.1,1.0,0.1,0.0,unit_total_var,,0.5,5000000,5000,50000,True,0.0001,,0.0,0.0,1.0,2000,train_pred_mse,185000,0.3471231232481403,0.3453468988340991,6.369933722478313e-05,0.0021754569129684553,1215.804632992841,50.849026418757504,0.9714,0.0,0.0,0,500,500,4000,1405.869775056839
ok,ptft,17,5000,0.255,1275,0.255,10000,0.001,-0.000999,0.0,0.1,1.0,0.1,0.0,unit_total_var,,0.5,5000000,5000,50000,True,0.0001,,0.0,0.0,1.0,2000,train_pred_mse,185000,0.31211801562522,0.3092879960496329,6.34304821588836e-05,0.002017681099092525,1224.3232441742396,51.75015749810176,0.9676,0.0,0.0,0,500,500,4000,2242.3369092941284
ok,ptft,18,5000,0.255,1275,0.255,10000,0.001,-0.000999,0.0,0.1,1.0,0.1,0.0,unit_total_var,,0.5,5000000,5000,50000,True,0.0001,,0.0,0.0,1.0,2000,train_pred_mse,180000,0.3059999473284997,0.3089049139057896,6.558833442361513e-05,0.002363264647596457,1198.8337954064646,49.34939611950448,0.9646,0.0,0.0,0,500,500,4000,2391.0289912223816
ok,ptft,19,5000,0.255,1275,0.255,10000,0.001,-0.000999,0.0,0.1,1.0,0.1,0.0,unit_total_var,,0.5,5000000,5000,50000,True,0.0001,,0.0,0.0,1.0,2000,train_pred_mse,185000,0.29286292563397004,0.2988011580382297,6.268128365510166e-05,0.00207331879743826,1229.1642236605044,52.20451137267671,0.9652,0.0,0.0,0,500,500,4000,1293.0026695728302
ok,ptft,6,5000,0.255,1275,0.255,10000,0.001,-0.000999,0.0,0.1,1.0,0.1,0.0,unit_total_var,,0.5,5000000,5000,50000,True,0.0001,,0.0,0.0,1.0,2000,train_pred_mse,185000,0.2729865239707769,0.2750874024478604,6.256699518965392e-05,0.001954868864374969,1246.1496993135222,53.30663092656022,0.9696,0.0,0.0,0,500,500,4000,1509.4567000865936
ok,ptft,7,5000,0.255,1275,0.255,10000,0.001,-0.000999,0.0,0.1,1.0,0.1,0.0,unit_total_var,,0.5,5000000,5000,50000,True,0.0001,,0.0,0.0,1.0,2000,train_pred_mse,175000,0.4029134532483125,0.4084345266450925,6.468534799178789e-05,0.002487171391349079,1253.4274881738847,50.009304774902155,0.9694,0.0,0.0,0,500,500,4000,1115.8494575023649
ok,ptft,8,5000,0.255,1275,0.255,10000,0.001,-0.000999,0.0,0.1,1.0,0.1,0.0,unit_total_var,,0.5,5000000,5000,50000,True,0.0001,,0.0,0.0,1.0,2000,train_pred_mse,175000,0.3546626443557261,0.3588274792552644,6.629180143672495e-05,0.0022591853262489635,1282.206487922288,52.82685174741725,0.9696,0.0,0.0,0,500,500,4000,2899.172873735428
ok,ptft,9,5000,0.255,1275,0.255,10000,0.001,-0.000999,0.0,0.1,1.0,0.1,0.0,unit_total_var,,0.5,5000000,5000,50000,True,0.0001,,0.0,0.0,1.0,2000,train_pred_mse,185000,0.3471021935922675,0.3425883798722905,6.094616005128465e-05,0.0019453380520015589,1202.1544262821958,51.149490184978816,0.9646,0.0,0.0,0,500,500,4000,2729.636440753937
ok,ptft,10,5000,0.30400000000000005,1520,0.304,10000,0.001,-0.000999,0.0,0.1,1.0,0.1,0.0,unit_total_var,,0.5,5000000,5000,50000,True,0.0001,,0.0,0.0,1.0,2000,train_pred_mse,255000,0.1850896087661265,0.18115073903066092,5.1243644439210184e-05,0.0013777975093724909,1337.5426261512575,57.63990798181182,0.972,0.0,0.0,0,500,500,4000,2184.3275909423833
ok,ptft,11,5000,0.30400000000000005,1520,0.304,10000,0.001,-0.000999,0.0,0.1,1.0,0.1,0.0,unit_total_var,,0.5,5000000,5000,50000,True,0.0001,,0.0,0.0,1.0,2000,train_pred_mse,240000,0.2035227740144992,0.2005366364546078,5.4324143430694564e-05,0.0014110999510514336,1383.0354858866476,59.21931767785125,0.9666,0.0,0.0,0,500,500,4000,1889.083327770233
ok,ptft,12,5000,0.30400000000000005,1520,0.304,10000,0.001,-0.000999,0.0,0.1,1.0,0.1,0.0,unit_total_var,,0.5,5000000,5000,50000,True,0.0001,,0.0,0.0,1.0,2000,train_pred_mse,265000,0.1768485474306295,0.1768185920411959,4.7898198172166476e-05,0.0012403225919133394,1262.809808615063,54.578680755816144,0.9704,0.0,0.0,0,500,500,4000,2305.980696439743
ok,ptft,13,5000,0.30400000000000005,1520,0.304,10000,0.001,-0.000999,0.0,0.1,1.0,0.1,0.0,unit_total_var,,0.5,5000000,5000,50000,True,0.0001,,0.0,0.0,1.0,2000,train_pred_mse,245000,0.2286728674716157,0.2342049298610267,5.399501484957253e-05,0.0014651094181365024,1355.6573429184527,56.481907148192064,0.9658,0.0,0.0,0,500,500,4000,2627.079860448837
ok,ptft,14,5000,0.30400000000000005,1520,0.304,10000,0.001,-0.000999,0.0,0.1,1.0,0.1,0.0,unit_total_var,,0.5,5000000,5000,50000,True,0.0001,,0.0,0.0,1.0,2000,train_pred_mse,245000,0.2182411660177862,0.21587092041075506,5.313144343642237e-05,0.0013580095487426627,1368.5945799137876,58.691404320331145,0.9676,0.0,0.0,0,500,500,4000,2055.156258106232
ok,ptft,15,5000,0.30400000000000005,1520,0.304,10000,0.001,-0.000999,0.0,0.1,1.0,0.1,0.0,unit_total_var,,0.5,5000000,5000,50000,True,0.0001,,0.0,0.0,1.0,2000,train_pred_mse,255000,0.13444837678190638,0.13476716706135158,5.3030793430014864e-05,0.0013401523622499922,1324.486698397894,58.93658439890466,0.9674,0.0,0.0,0,500,500,4000,3733.036175251007
ok,ptft,16,5000,0.30400000000000005,1520,0.304,10000,0.001,-0.000999,0.0,0.1,1.0,0.1,0.0,unit_total_var,,0.5,5000000,5000,50000,True,0.0001,,0.0,0.0,1.0,2000,train_pred_mse,250000,0.18153896492645136,0.18473224044597766,5.237903653143541e-05,0.001442009497165056,1258.1441120996444,54.186310451783974,0.9656,0.0,0.0,0,500,500,4000,2150.48848938942
ok,ptft,17,5000,0.30400000000000005,1520,0.304,10000,0.001,-0.000999,0.0,0.1,1.0,0.1,0.0,unit_total_var,,0.5,5000000,5000,50000,True,0.0001,,0.0,0.0,1.0,2000,train_pred_mse,265000,0.15400832210540044,0.15328757156975206,4.929466576303278e-05,0.0012091824657501893,1267.7203831796862,56.470406862666934,0.9662,0.0,0.0,0,500,500,4000,2103.262068271637
ok,ptft,18,5000,0.30400000000000005,1520,0.304,10000,0.001,-0.000999,0.0,0.1,1.0,0.1,0.0,unit_total_var,,0.5,5000000,5000,50000,True,0.0001,,0.0,0.0,1.0,2000,train_pred_mse,245000,0.14042314488148336,0.14077449608174936,5.462402783010794e-05,0.001427333948917484,1270.2509316223807,56.06250409914684,0.9704,0.0,0.0,0,500,500,4000,2163.119600057602
ok,ptft,19,5000,0.30400000000000005,1520,0.304,10000,0.001,-0.000999,0.0,0.1,1.0,0.1,0.0,unit_total_var,,0.5,5000000,5000,50000,True,0.0001,,0.0,0.0,1.0,2000,train_pred_mse,260000,0.17819704980206286,0.1808067665954494,5.008245007220144e-05,0.0013632243174846199,1277.8441803010146,56.05520442079532,0.963,0.0,0.0,0,500,500,4000,3577.460369586945
ok,ptft,6,5000,0.30400000000000005,1520,0.304,10000,0.001,-0.000999,0.0,0.1,1.0,0.1,0.0,unit_total_var,,0.5,5000000,5000,50000,True,0.0001,,0.0,0.0,1.0,2000,train_pred_mse,255000,0.13730549955594784,0.13450486734922232,4.799015543413293e-05,0.0011514339259739632,1279.465149913549,57.82232564348605,0.9690000000000001,0.0,0.0,0,500,500,4000,2555.4166541099553
ok,ptft,7,5000,0.30400000000000005,1520,0.304,10000,0.001,-0.000999,0.0,0.1,1.0,0.1,0.0,unit_total_var,,0.5,5000000,5000,50000,True,0.0001,,0.0,0.0,1.0,2000,train_pred_mse,240000,0.19620599964926147,0.19720460566896067,5.4445636547087594e-05,0.0014392322277428599,1336.52083238278,56.991730783432246,0.9704,0.0,0.0,0,500,500,4000,1815.042828321457
ok,ptft,8,5000,0.30400000000000005,1520,0.304,10000,0.001,-0.000999,0.0,0.1,1.0,0.1,0.0,unit_total_var,,0.5,5000000,5000,50000,True,0.0001,,0.0,0.0,1.0,2000,train_pred_mse,250000,0.17900803684435482,0.17691526257874762,5.400906655633191e-05,0.0014145386130913534,1322.0850761493198,58.3009837703165,0.97,0.0,0.0,0,500,500,4000,2466.7205827236176
ok,ptft,9,5000,0.30400000000000005,1520,0.304,10000,0.001,-0.000999,0.0,0.1,1.0,0.1,0.0,unit_total_var,,0.5,5000000,5000,50000,True,0.0001,,0.0,0.0,1.0,2000,train_pred_mse,265000,0.16409745177965565,0.16021674816736356,5.017602685544041e-05,0.0012910951850164873,1275.7249516308486,56.060273420027066,0.9726,0.0,0.0,0,500,500,4000,4671.034831523895
ok,ptft,10,5000,0.35300000000000004,1765,0.353,10000,0.001,-0.000999,0.0,0.1,1.0,0.1,0.0,unit_total_var,,0.5,5000000,5000,50000,True,0.0001,,0.0,0.0,1.0,2000,train_pred_mse,320000,0.07462214495492812,0.07314804425930302,4.142173058552716e-05,0.000825660246148128,1348.831981741312,62.854845896465186,0.9694,0.0,0.0,0,500,500,4000,3428.071388244629
ok,ptft,11,5000,0.35300000000000004,1765,0.353,10000,0.001,-0.000999,0.0,0.1,1.0,0.1,0.0,unit_total_var,,0.5,5000000,5000,50000,True,0.0001,,0.0,0.0,1.0,2000,train_pred_mse,355000,0.06716812844063748,0.06558680015710493,3.92041664728575e-05,0.000705517431541399,1388.0009496565694,65.701917185608,0.971,0.0,0.0,0,500,500,4000,4073.215771913528
ok,ptft,12,5000,0.35300000000000004,1765,0.353,10000,0.001,-0.000999,0.0,0.1,1.0,0.1,0.0,unit_total_var,,0.5,5000000,5000,50000,True,0.0001,,0.0,0.0,1.0,2000,train_pred_mse,355000,0.060357407796539364,0.060344565159524376,3.9805148700583316e-05,0.0007690301815196477,1281.853360422244,59.88871871487156,0.9648,0.0,0.0,0,500,500,4000,3836.9413113594055
ok,ptft,13,5000,0.35300000000000004,1765,0.353,10000,0.001,-0.000999,0.0,0.1,1.0,0.1,0.0,unit_total_var,,0.5,5000000,5000,50000,True,0.0001,,0.0,0.0,1.0,2000,train_pred_mse,345000,0.042432316274476765,0.0424964427996175,3.922714123313441e-05,0.0006845057147325271,1362.6077682269913,65.46629060983683,0.9726,0.0,0.0,0,500,500,4000,4381.629298210144
ok,ptft,14,5000,0.35300000000000004,1765,0.353,10000,0.001,-0.000999,0.0,0.1,1.0,0.1,0.0,unit_total_var,,0.5,5000000,5000,50000,True,0.0001,,0.0,0.0,1.0,2000,train_pred_mse,325000,0.07435257934767882,0.0744904695820076,4.136139600474349e-05,0.0007893830294503723,1390.0970772697478,64.80897108073574,0.9714,0.0,0.0,0,500,500,4000,3401.509136199951
ok,ptft,15,5000,0.35300000000000004,1765,0.353,10000,0.001,-0.000999,0.0,0.1,1.0,0.1,0.0,unit_total_var,,0.5,5000000,5000,50000,True,0.0001,,0.0,0.0,1.0,2000,train_pred_mse,335000,0.04491624028535113,0.04463611868950828,4.1825028916202305e-05,0.0007768541881830463,1334.8159480498084,64.87373109605547,0.9658,0.0,0.0,0,500,500,4000,5616.333866834641
ok,ptft,16,5000,0.35300000000000004,1765,0.353,10000,0.001,-0.000999,0.0,0.1,1.0,0.1,0.0,unit_total_var,,0.5,5000000,5000,50000,True,0.0001,,0.0,0.0,1.0,2000,train_pred_mse,325000,0.03641843920451632,0.03692837147759677,3.972565479482853e-05,0.0006994219259541662,1261.2589628888795,62.03511989230522,0.9690000000000001,0.0,0.0,0,500,500,4000,3305.4752542972565
ok,ptft,17,5000,0.35300000000000004,1765,0.353,10000,0.001,-0.000999,0.0,0.1,1.0,0.1,0.0,unit_total_var,,0.5,5000000,5000,50000,True,0.0001,,0.0,0.0,1.0,2000,train_pred_mse,335000,0.028634079855992287,0.028108896543355463,3.9555658260966856e-05,0.0006833231814874339,1274.9927486534093,63.387497267138635,0.9640000000000001,0.0,0.0,0,500,500,4000,4714.317867279053
ok,ptft,18,5000,0.35300000000000004,1765,0.353,10000,0.001,-0.000999,0.0,0.1,1.0,0.1,0.0,unit_total_var,,0.5,5000000,5000,50000,True,0.0001,,0.0,0.0,1.0,2000,train_pred_mse,350000,0.05724990962154304,0.0564092441625474,3.9721743615235416e-05,0.00078794252120376,1276.774732823216,59.37629587215065,0.9688,0.0,0.0,0,500,500,4000,2961.404750108719
ok,ptft,19,5000,0.35300000000000004,1765,0.353,10000,0.001,-0.000999,0.0,0.1,1.0,0.1,0.0,unit_total_var,,0.5,5000000,5000,50000,True,0.0001,,0.0,0.0,1.0,2000,train_pred_mse,350000,0.0620804971691812,0.06249897453897981,3.918048546283887e-05,0.0008025808102016089,1295.8487599789805,61.26106888409114,0.97,0.0,0.0,0,500,500,4000,2869.1458649635315
ok,ptft,6,5000,0.35300000000000004,1765,0.353,10000,0.001,-0.000999,0.0,0.1,1.0,0.1,0.0,unit_total_var,,0.5,5000000,5000,50000,True,0.0001,,0.0,0.0,1.0,2000,train_pred_mse,355000,0.03952689408603195,0.040908290903365375,4.0563367698234115e-05,0.0007532110190273947,1284.2421600370965,63.16646064760578,0.9652,0.0,0.0,0,500,500,4000,4020.585641145706
ok,ptft,7,5000,0.35300000000000004,1765,0.353,10000,0.001,-0.000999,0.0,0.1,1.0,0.1,0.0,unit_total_var,,0.5,5000000,5000,50000,True,0.0001,,0.0,0.0,1.0,2000,train_pred_mse,325000,0.06044812828512978,0.05991228745908761,4.142073181294967e-05,0.0008080608106690356,1342.7489453886328,62.595749613865614,0.9716,0.0,0.0,0,500,500,4000,3174.16459608078
ok,ptft,8,5000,0.35300000000000004,1765,0.353,10000,0.001,-0.000999,0.0,0.1,1.0,0.1,0.0,unit_total_var,,0.5,5000000,5000,50000,True,0.0001,,0.0,0.0,1.0,2000,train_pred_mse,345000,0.08228782558242094,0.08202818468658256,4.1255495036817945e-05,0.0008205482870380438,1342.221950124646,62.10471145573639,0.9662,0.0,0.0,0,500,500,4000,3557.500906229019
ok,ptft,10,5000,0.402,2010,0.402,10000,0.001,-0.000999,0.0,0.1,1.0,0.1,0.0,unit_total_var,,0.5,5000000,5000,50000,True,0.0001,,0.0,0.0,1.0,2000,train_pred_mse,380000,0.013556267415265142,0.013323444289247607,3.1872050592047915e-05,0.0005302861352954811,1332.1635231676594,68.28782172703525,0.9688,0.0,0.0,0,500,500,4000,4712.41570711136
ok,ptft,11,5000,0.402,2010,0.402,10000,0.001,-0.000999,0.0,0.1,1.0,0.1,0.0,unit_total_var,,0.5,5000000,5000,50000,True,0.0001,,0.0,0.0,1.0,2000,train_pred_mse,390000,0.016069927006159643,0.0157543409377428,3.318565902648697e-05,0.0005105543427718376,1381.4030555643212,70.57584263256436,0.9692,0.0,0.0,0,500,500,4000,5432.1399335861215
ok,ptft,12,5000,0.402,2010,0.402,10000,0.001,-0.000999,0.0,0.1,1.0,0.1,0.0,unit_total_var,,0.5,5000000,5000,50000,True,0.0001,,0.0,0.0,1.0,2000,train_pred_mse,350000,0.009635334405757907,0.009597034636570948,3.454142706689579e-05,0.0006234755735342412,1263.2912565203724,64.93419577323925,0.965,0.0,0.0,0,500,500,4000,4686.942512035371
ok,ptft,13,5000,0.402,2010,0.402,10000,0.001,-0.000999,0.0,0.1,1.0,0.1,0.0,unit_total_var,,0.5,5000000,5000,50000,True,0.0001,,0.0,0.0,1.0,2000,train_pred_mse,380000,0.013114263167725806,0.013025788712182232,3.511394472810064e-05,0.0005833730347934888,1352.741972417682,68.31999783774465,0.9718,0.0,0.0,0,500,500,4000,5715.573187112807
ok,ptft,14,5000,0.402,2010,0.402,10000,0.001,-0.000999,0.0,0.1,1.0,0.1,0.0,unit_total_var,,0.5,5000000,5000,50000,True,0.0001,,0.0,0.0,1.0,2000,train_pred_mse,400000,0.021814370651296832,0.02194771463295792,3.2873910397056294e-05,0.0004887925900861612,1377.364244021885,69.1874342988303,0.9658,0.0,0.0,0,500,500,4000,5160.3463151454935
ok,ptft,15,5000,0.402,2010,0.402,10000,0.001,-0.000999,0.0,0.1,1.0,0.1,0.0,unit_total_var,,0.5,5000000,5000,50000,True,0.0001,,0.0,0.0,1.0,2000,train_pred_mse,415000,0.020212359509190817,0.020478952370620283,3.273101783264512e-05,0.0005030920981287159,1326.8429308457255,66.52499170888987,0.9632,0.0,0.0,0,500,500,4000,4950.9985694885245
ok,ptft,16,5000,0.402,2010,0.402,10000,0.001,-0.000999,0.0,0.1,1.0,0.1,0.0,unit_total_var,,0.5,5000000,5000,50000,True,0.0001,,0.0,0.0,1.0,2000,train_pred_mse,385000,0.015962068024121166,0.0154096027161476,3.490216706797152e-05,0.0006101506180796642,1259.1051574518556,64.35628523654044,0.9678,0.0,0.0,0,500,500,4000,6710.916198730469
ok,ptft,17,5000,0.402,2010,0.402,10000,0.001,-0.000999,0.0,0.1,1.0,0.1,0.0,unit_total_var,,0.5,5000000,5000,50000,True,0.0001,,0.0,0.0,1.0,2000,train_pred_mse,385000,0.017918766137607983,0.01770832714381727,3.354942621966549e-05,0.0005702570651465608,1269.7435576457792,64.47294951527469,0.9686,0.0,0.0,0,500,500,4000,5091.062145233154
ok,ptft,18,5000,0.402,2010,0.402,10000,0.001,-0.000999,0.0,0.1,1.0,0.1,0.0,unit_total_var,,0.5,5000000,5000,50000,True,0.0001,,0.0,0.0,1.0,2000,train_pred_mse,410000,0.01693255752198002,0.01683944079652025,3.424604164141095e-05,0.0005589462593556128,1267.8197600066733,63.17161656405943,0.9708,0.0,0.0,0,500,500,4000,5178.158006429672
ok,ptft,19,5000,0.402,2010,0.402,10000,0.001,-0.000999,0.0,0.1,1.0,0.1,0.0,unit_total_var,,0.5,5000000,5000,50000,True,0.0001,,0.0,0.0,1.0,2000,train_pred_mse,405000,0.01675248509923609,0.016852569673240454,3.3156739256997115e-05,0.0005283513936735991,1279.3168062461232,65.5052680337754,0.9642,0.0,0.0,0,500,500,4000,5380.655222892761
ok,ptft,6,5000,0.402,2010,0.402,10000,0.001,-0.000999,0.0,0.1,1.0,0.1,0.0,unit_total_var,,0.5,5000000,5000,50000,True,0.0001,,0.0,0.0,1.0,2000,train_pred_mse,360000,0.008740433904323459,0.008674322966993518,3.206491182064153e-05,0.0005115306258181022,1268.9627800101446,66.81423953827688,0.9622,0.0,0.0,0,500,500,4000,5012.8923087120065
ok,ptft,7,5000,0.402,2010,0.402,10000,0.001,-0.000999,0.0,0.1,1.0,0.1,0.0,unit_total_var,,0.5,5000000,5000,50000,True,0.0001,,0.0,0.0,1.0,2000,train_pred_mse,375000,0.014179774606021475,0.014473821380016903,3.573003533430807e-05,0.000635816397860979,1333.192817395254,66.4257396321271,0.9652,0.0,0.0,0,500,500,4000,4662.199005365372
ok,ptft,8,5000,0.402,2010,0.402,10000,0.001,-0.000999,0.0,0.1,1.0,0.1,0.0,unit_total_var,,0.5,5000000,5000,50000,True,0.0001,,0.0,0.0,1.0,2000,train_pred_mse,405000,0.018147530309959303,0.01773653511119794,3.3113152553322635e-05,0.0005159103276232727,1332.2830785753888,68.07372914170247,0.9708,0.0,0.0,0,500,500,4000,5426.328376531601
ok,ptft,9,5000,0.402,2010,0.402,10000,0.001,-0.000999,0.0,0.1,1.0,0.1,0.0,unit_total_var,,0.5,5000000,5000,50000,True,0.0001,,0.0,0.0,1.0,2000,train_pred_mse,375000,0.014072565107328213,0.013828902547841077,3.5222358634946226e-05,0.0006246140006594348,1272.0725976307967,65.25701749177836,0.9704,0.0,0.0,0,500,500,4000,5138.689797639847
ok,ptft,10,5000,0.451,2255,0.451,10000,0.001,-0.000999,0.0,0.1,1.0,0.1,0.0,unit_total_var,,0.5,5000000,5000,50000,True,0.0001,,0.0,0.0,1.0,2000,train_pred_mse,355000,0.003914964981409137,0.0039159356541339976,3.368579258913442e-05,0.00057242958873181,1319.6410359290153,70.17012244900465,0.9686,0.0,0.0,0,500,500,4000,5230.486554145813
ok,ptft,11,5000,0.451,2255,0.451,10000,0.001,-0.000999,0.0,0.1,1.0,0.1,0.0,unit_total_var,,0.5,5000000,5000,50000,True,0.0001,,0.0,0.0,1.0,2000,train_pred_mse,335000,0.003245700476977909,0.0031581335966603145,3.464791172926518e-05,0.0005739088421580893,1365.2311909736807,72.97918309285913,0.9620000000000001,0.0,0.0,0,500,500,4000,5094.978035926819
ok,ptft,12,5000,0.451,2255,0.451,10000,0.001,-0.000999,0.0,0.1,1.0,0.1,0.0,unit_total_var,,0.5,5000000,5000,50000,True,0.0001,,0.0,0.0,1.0,2000,train_pred_mse,330000,0.00362184174140529,0.003698731797285979,3.5922607942290354e-05,0.0006729609963950138,1254.0966349101716,66.28393857169624,0.9690000000000001,0.0,0.0,0,500,500,4000,5054.016172647476
ok,ptft,13,5000,0.451,2255,0.451,10000,0.001,-0.000999,0.0,0.1,1.0,0.1,0.0,unit_total_var,,0.5,5000000,5000,50000,True,0.0001,,0.0,0.0,1.0,2000,train_pred_mse,345000,0.0038001566597243796,0.003883457749794944,3.419847824755077e-05,0.0004993448303673762,1339.9030036605172,70.21994082620043,0.9648,0.0,0.0,0,500,500,4000,5908.182289123535
ok,ptft,14,5000,0.451,2255,0.451,10000,0.001,-0.000999,0.0,0.1,1.0,0.1,0.0,unit_total_var,,0.5,5000000,5000,50000,True,0.0001,,0.0,0.0,1.0,2000,train_pred_mse,340000,0.0036066616175728507,0.0036383622995602907,3.8050474326882855e-05,0.000593495562645828,1356.3657132929422,72.30728759863109,0.9652,0.0,0.0,0,500,500,4000,4596.881615638733
ok,ptft,15,5000,0.451,2255,0.451,10000,0.001,-0.000999,0.0,0.1,1.0,0.1,0.0,unit_total_var,,0.5,5000000,5000,50000,True,0.0001,,0.0,0.0,1.0,2000,train_pred_mse,355000,0.0034020217533978305,0.0033465369480056594,3.624142830057021e-05,0.000567329238831637,1308.8089903529085,69.73570086492968,0.9664,0.0,0.0,0,500,500,4000,4320.911034107208
ok,ptft,16,5000,0.451,2255,0.451,10000,0.001,-0.000999,0.0,0.1,1.0,0.1,0.0,unit_total_var,,0.5,5000000,5000,50000,True,0.0001,,0.0,0.0,1.0,2000,train_pred_mse,340000,0.003686463521635342,0.0036555550473622647,3.4038426365374235e-05,0.0005633856396921425,1241.1546965338102,66.77169143286163,0.9628,0.0,0.0,0,500,500,4000,3965.297421693802
ok,ptft,17,5000,0.451,2255,0.451,10000,0.001,-0.000999,0.0,0.1,1.0,0.1,0.0,unit_total_var,,0.5,5000000,5000,50000,True,0.0001,,0.0,0.0,1.0,2000,train_pred_mse,385000,0.0051286864262997675,0.005109563248762664,3.146291656432178e-05,0.0005035390674402642,1255.941635268435,66.66400667070214,0.9640000000000001,0.0,0.0,0,500,500,4000,5505.998415708543
ok,ptft,18,5000,0.451,2255,0.451,10000,0.001,-0.000999,0.0,0.1,1.0,0.1,0.0,unit_total_var,,0.5,5000000,5000,50000,True,0.0001,,0.0,0.0,1.0,2000,train_pred_mse,360000,0.00450813081218298,0.004450302759812263,3.140067592602435e-05,0.0004673019915113883,1253.6564710076625,65.42913746774,0.9654,0.0,0.0,0,500,500,4000,6621.4546835422525
ok,ptft,6,5000,0.451,2255,0.451,10000,0.001,-0.000999,0.0,0.1,1.0,0.1,0.0,unit_total_var,,0.5,5000000,5000,50000,True,0.0001,,0.0,0.0,1.0,2000,train_pred_mse,340000,0.002882279248287305,0.002885018349074626,3.3844380519814954e-05,0.0005425475521002706,1257.0237493640632,68.29770035533406,0.9618,0.0,0.0,0,500,500,4000,5418.126014232636
ok,ptft,7,5000,0.451,2255,0.451,10000,0.001,-0.000999,0.0,0.1,1.0,0.1,0.0,unit_total_var,,0.5,5000000,5000,50000,True,0.0001,,0.0,0.0,1.0,2000,train_pred_mse,325000,0.0046790011885450965,0.004688487542707836,3.6057668090625855e-05,0.0006681023514311271,1323.1573528151334,68.57798967137589,0.9636,0.0,0.0,0,500,500,4000,4782.808393955231
ok,ptft,8,5000,0.451,2255,0.451,10000,0.001,-0.000999,0.0,0.1,1.0,0.1,0.0,unit_total_var,,0.5,5000000,5000,50000,True,0.0001,,0.0,0.0,1.0,2000,train_pred_mse,375000,0.004067820184866349,0.004079374150576722,3.444979564306506e-05,0.0004392951441000565,1314.9691018656986,70.3480126467679,0.9674,0.0,0.0,0,500,500,4000,5039.7700719833365
ok,ptft,9,5000,0.451,2255,0.451,10000,0.001,-0.000999,0.0,0.1,1.0,0.1,0.0,unit_total_var,,0.5,5000000,5000,50000,True,0.0001,,0.0,0.0,1.0,2000,train_pred_mse,335000,0.00298869333851967,0.0029619642633464034,3.44798564581368e-05,0.0004989407143851498,1256.3973464897686,67.41937233429012,0.9636,0.0,0.0,0,500,500,4000,5152.14023065567
ok,ptft,11,5000,0.5,2500,0.5,10000,0.001,-0.000999,0.0,0.1,1.0,0.1,0.0,unit_total_var,,0.5,5000000,5000,50000,True,0.0001,,0.0,0.0,1.0,2000,train_pred_mse,260000,0.0014556152025928465,0.0014644252531983393,3.935478561924999e-05,0.0006049507360627352,1361.6707619288895,73.67940620098481,0.9592,0.0,0.0,0,500,500,4000,4515.333686113358
ok,ptft,12,5000,0.5,2500,0.5,10000,0.001,-0.000999,0.0,0.1,1.0,0.1,0.0,unit_total_var,,0.5,5000000,5000,50000,True,0.0001,,0.0,0.0,1.0,2000,train_pred_mse,315000,0.002142128459766229,0.002123656667341124,4.1167982889306566e-05,0.0007842654829561651,1250.3185546797474,66.78240880952167,0.9646,0.0,0.0,0,500,500,4000,5368.585870742798
ok,ptft,13,5000,0.5,2500,0.5,10000,0.001,-0.000999,0.0,0.1,1.0,0.1,0.0,unit_total_var,,0.5,5000000,5000,50000,True,0.0001,,0.0,0.0,1.0,2000,train_pred_mse,280000,0.0015616766290309152,0.0015947664673327106,3.601440768222663e-05,0.0005995545370209543,1331.825137738486,71.01659435391254,0.9636,0.0,0.0,0,500,500,4000,3487.527701377869
ok,ptft,14,5000,0.5,2500,0.5,10000,0.001,-0.000999,0.0,0.1,1.0,0.1,0.0,unit_total_var,,0.5,5000000,5000,50000,True,0.0001,,0.0,0.0,1.0,2000,train_pred_mse,310000,0.001872656305407128,0.0019018887074334387,3.655171324945002e-05,0.00046257664729862423,1352.3523805157581,72.87561984389055,0.9646,0.0,0.0,0,500,500,4000,4749.995798826219
ok,ptft,15,5000,0.5,2500,0.5,10000,0.001,-0.000999,0.0,0.1,1.0,0.1,0.0,unit_total_var,,0.5,5000000,5000,50000,True,0.0001,,0.0,0.0,1.0,2000,train_pred_mse,295000,0.0020296607789438773,0.002026534338448907,4.086826941115667e-05,0.0007513545319762294,1306.4492532973559,70.15360464648147,0.9634,0.0,0.0,0,500,500,4000,4837.893748044969
ok,ptft,16,5000,0.5,2500,0.5,10000,0.001,-0.000999,0.0,0.1,1.0,0.1,0.0,unit_total_var,,0.5,5000000,5000,50000,True,0.0001,,0.0,0.0,1.0,2000,train_pred_mse,295000,0.0015717733311447096,0.0015605736826463724,4.042290127855376e-05,0.0006792040103404644,1235.5840775308793,67.52619251015574,0.9632,0.0,0.0,0,500,500,4000,4000.626636266709
ok,ptft,17,5000,0.5,2500,0.5,10000,0.001,-0.000999,0.0,0.1,1.0,0.1,0.0,unit_total_var,,0.5,5000000,5000,50000,True,0.0001,,0.0,0.0,1.0,2000,train_pred_mse,260000,0.001307856763335872,0.0013171379486178096,4.656040514794111e-05,0.0008309276657289738,1247.1137434151485,68.06648378282615,0.9554,0.0,0.0,0,500,500,4000,4314.6568908691415
ok,ptft,18,5000,0.5,2500,0.5,10000,0.001,-0.000999,0.0,0.1,1.0,0.1,0.0,unit_total_var,,0.5,5000000,5000,50000,True,0.0001,,0.0,0.0,1.0,2000,train_pred_mse,265000,0.0016163557914083114,0.0016306703184808648,4.047573474061218e-05,0.0007468461511235464,1247.4803451319424,66.34389585330091,0.9612,0.0,0.0,0,500,500,4000,4057.545842647553
ok,ptft,6,5000,0.5,2500,0.5,10000,0.001,-0.000999,0.0,0.1,1.0,0.1,0.0,unit_total_var,,0.5,5000000,5000,50000,True,0.0001,,0.0,0.0,1.0,2000,train_pred_mse,300000,0.0017502724428522655,0.0017475392023178252,3.888839584872335e-05,0.0006696844073590378,1254.3322042424581,68.74513575161843,0.9524,0.0,0.0,0,500,500,4000,5589.739862918854
ok,ptft,7,5000,0.5,2500,0.5,10000,0.001,-0.000999,0.0,0.1,1.0,0.1,0.0,unit_total_var,,0.5,5000000,5000,50000,True,0.0001,,0.0,0.0,1.0,2000,train_pred_mse,270000,0.0014717657464083985,0.0014718704080568293,3.888875877691177e-05,0.0006442059509833329,1311.814914268832,69.76062381963665,0.9588,0.0,0.0,0,500,500,4000,3426.723617076874
ok,ptft,8,5000,0.5,2500,0.5,10000,0.001,-0.000999,0.0,0.1,1.0,0.1,0.0,unit_total_var,,0.5,5000000,5000,50000,True,0.0001,,0.0,0.0,1.0,2000,train_pred_mse,330000,0.00198697441232663,0.001996045566515385,3.3785278262767824e-05,0.00043741767642169085,1310.2751606284946,70.99491117393539,0.9594,0.0,0.0,0,500,500,4000,5049.440047264099
ok,ptft,9,5000,0.5,2500,0.5,10000,0.001,-0.000999,0.0,0.1,1.0,0.1,0.0,unit_total_var,,0.5,5000000,5000,50000,True,0.0001,,0.0,0.0,1.0,2000,train_pred_mse,285000,0.001479464685056734,0.0014717220073433212,3.525402779458825e-05,0.0005370835642607687,1252.011298866234,68.03914186766319,0.9618,0.0,0.0,0,500,500,4000,6499.2420954704285
ok,ptft,10,5000,0.01,50,0.01,10000,0.001,-0.00099,0.0,0.1,1.0,0.1,0.0,unit_total_var,,0.5,5000000,5000,50000,True,0.0001,,0.0,0.0,1.0,2000,train_pred_mse,5000,1.203360353013163,1.1753714114384026,0.0002882408563798602,28649.170357854317,267.02012437186755,25.61306319850005,0.9894,0.0,0.0,0,500,500,4000,6.228089332580566
ok,ptft,11,5000,0.01,50,0.01,10000,0.001,-0.00099,0.0,0.1,1.0,0.1,0.0,unit_total_var,,0.5,5000000,5000,50000,True,0.0001,,0.0,0.0,1.0,2000,train_pred_mse,5000,1.3160920506322655,1.2970555035489502,0.0003676804204584877,32510.777181690508,263.6095294353605,29.570184270328568,0.9896,0.0,0.0,0,500,500,4000,6.15802001953125
ok,ptft,12,5000,0.01,50,0.01,10000,0.001,-0.00099,0.0,0.1,1.0,0.1,0.0,unit_total_var,,0.5,5000000,5000,50000,True,0.0001,,0.0,0.0,1.0,2000,train_pred_mse,5000,1.113028586138349,1.1106131869831841,0.000220674483544496,32968.700895679256,272.4343331845844,30.30539697754013,0.9894,0.0,0.0,0,500,500,4000,5.819730520248412
ok,ptft,13,5000,0.01,50,0.01,10000,0.001,-0.00099,0.0,0.1,1.0,0.1,0.0,unit_total_var,,0.5,5000000,5000,50000,True,0.0001,,0.0,0.0,1.0,2000,train_pred_mse,5000,1.212596009433289,1.240681181963174,0.000326679473959061,31887.085774632782,279.82621611722647,31.07860779433043,0.9926,0.0,0.0,0,500,500,4000,5.29416823387146
ok,ptft,14,5000,0.01,50,0.01,10000,0.001,-0.00099,0.0,0.1,1.0,0.1,0.0,unit_total_var,,0.5,5000000,5000,50000,True,0.0001,,0.0,0.0,1.0,2000,train_pred_mse,10000,1.268993730894375,1.2675280425472881,3.202703926599306e-05,0.016796504878288106,231.73358587623883,28.337221279965934,0.9912,0.0,0.0,0,500,500,4000,8.66460394859314
ok,ptft,15,5000,0.01,50,0.01,10000,0.001,-0.00099,0.0,0.1,1.0,0.1,0.0,unit_total_var,,0.5,5000000,5000,50000,True,0.0001,,0.0,0.0,1.0,2000,train_pred_mse,10000,1.160667565730479,1.1628492610696417,2.5365872843651785e-05,0.01987546934455647,252.5665059807644,25.908077775843893,0.9906,0.0,0.0,0,500,500,4000,10.111614227294922
ok,ptft,16,5000,0.01,50,0.01,10000,0.001,-0.00099,0.0,0.1,1.0,0.1,0.0,unit_total_var,,0.5,5000000,5000,50000,True,0.0001,,0.0,0.0,1.0,2000,train_pred_mse,5000,1.079073753066112,1.08440010066919,0.0003300839150371502,32599.116440034308,248.65005693225623,26.339069913839307,0.9922,0.0,0.0,0,500,500,4000,5.315105438232422
ok,ptft,17,5000,0.01,50,0.01,10000,0.001,-0.00099,0.0,0.1,1.0,0.1,0.0,unit_total_var,,0.5,5000000,5000,50000,True,0.0001,,0.0,0.0,1.0,2000,train_pred_mse,10000,1.1710989116456088,1.1471671909274936,5.4663187521146555e-05,0.020305532860141792,243.88317442670257,31.904646271841663,0.9904,0.0,0.0,0,500,500,4000,7.296299934387207
ok,ptft,18,5000,0.01,50,0.01,10000,0.001,-0.00099,0.0,0.1,1.0,0.1,0.0,unit_total_var,,0.5,5000000,5000,50000,True,0.0001,,0.0,0.0,1.0,2000,train_pred_mse,5000,1.1061477369586152,1.0864264456127302,0.00048776779376022195,32182.830247009668,256.6298669794141,28.95379747098804,0.9916,0.0,0.0,0,500,500,4000,4.578117370605469
ok,ptft,19,5000,0.01,50,0.01,10000,0.001,-0.00099,0.0,0.1,1.0,0.1,0.0,unit_total_var,,0.5,5000000,5000,50000,True,0.0001,,0.0,0.0,1.0,2000,train_pred_mse,5000,1.1313441823518942,1.1508827363256466,0.00026114117883888863,32084.175591385523,253.11877195824002,28.49086795289876,0.9908,0.0,0.0,0,500,500,4000,6.071612119674683
ok,ptft,6,5000,0.01,50,0.01,10000,0.001,-0.00099,0.0,0.1,1.0,0.1,0.0,unit_total_var,,0.5,5000000,5000,50000,True,0.0001,,0.0,0.0,1.0,2000,train_pred_mse,10000,1.1838238011415356,1.184439249545278,3.0987646958976924e-05,0.015100184071599004,269.3980245721454,31.7597967307977,0.9914,0.0,0.0,0,500,500,4000,8.30121636390686
ok,ptft,7,5000,0.01,50,0.01,10000,0.001,-0.00099,0.0,0.1,1.0,0.1,0.0,unit_total_var,,0.5,5000000,5000,50000,True,0.0001,,0.0,0.0,1.0,2000,train_pred_mse,5000,1.1462612637352514,1.1505099544847146,0.0003785694761267997,31130.900329865013,244.59520180820863,26.547163565646372,0.9898,0.0,0.0,0,500,500,4000,5.502490758895874
ok,ptft,8,5000,0.01,50,0.01,10000,0.001,-0.00099,0.0,0.1,1.0,0.1,0.0,unit_total_var,,0.5,5000000,5000,50000,True,0.0001,,0.0,0.0,1.0,2000,train_pred_mse,5000,1.3062357948386256,1.2900146961835155,0.00044764730287852843,32127.940316795502,288.6673362554284,34.60252665233863,0.9922,0.0,0.0,0,500,500,4000,5.325201988220215
ok,ptft,9,5000,0.01,50,0.01,10000,0.001,-0.00099,0.0,0.1,1.0,0.1,0.0,unit_total_var,,0.5,5000000,5000,50000,True,0.0001,,0.0,0.0,1.0,2000,train_pred_mse,5000,1.112217880377304,1.0949664562722563,0.0003406977642912993,29547.097898588785,265.05117020342425,27.60156829835263,0.9890000000000001,0.0,0.0,0,500,500,4000,5.892405986785889
ok,ptft,10,5000,0.059,295,0.059000000000000004,10000,0.001,-0.00099,0.0,0.1,1.0,0.1,0.0,unit_total_var,,0.5,5000000,5000,50000,True,0.0001,,0.0,0.0,1.0,2000,train_pred_mse,25000,1.2546358591377376,1.2347825148578984,0.00011650245379637639,0.011329049329421022,682.952902027801,39.561185430100494,0.9936,0.0,0.0,0,500,500,4000,41.412977695465095
ok,ptft,11,5000,0.059,295,0.059000000000000004,10000,0.001,-0.00099,0.0,0.1,1.0,0.1,0.0,unit_total_var,,0.5,5000000,5000,50000,True,0.0001,,0.0,0.0,1.0,2000,train_pred_mse,25000,1.3412253257111546,1.3235931184454517,0.0001329807259467443,0.012121380144323237,675.4994861775607,39.93405875799625,0.9916,0.0,0.0,0,500,500,4000,49.078967571258545
ok,ptft,12,5000,0.059,295,0.059000000000000004,10000,0.001,-0.00099,0.0,0.1,1.0,0.1,0.0,unit_total_var,,0.5,5000000,5000,50000,True,0.0001,,0.0,0.0,1.0,2000,train_pred_mse,25000,1.126952979538593,1.1198944553305732,0.00014782713664135525,0.013452156735120287,652.7052875426733,38.73047260091828,0.9928,0.0,0.0,0,500,500,4000,41.05564308166504
ok,ptft,13,5000,0.059,295,0.059000000000000004,10000,0.001,-0.00099,0.0,0.1,1.0,0.1,0.0,unit_total_var,,0.5,5000000,5000,50000,True,0.0001,,0.0,0.0,1.0,2000,train_pred_mse,25000,1.242367872155021,1.230506371829469,0.0001280489477658168,0.011957367049645902,675.374657450846,38.973452068032586,0.9916,0.0,0.0,0,500,500,4000,29.91909575462341
ok,ptft,14,5000,0.059,295,0.059000000000000004,10000,0.001,-0.00099,0.0,0.1,1.0,0.1,0.0,unit_total_var,,0.5,5000000,5000,50000,True,0.0001,,0.0,0.0,1.0,2000,train_pred_mse,25000,1.2691995881577351,1.2592944223264062,0.00011910052264971445,0.010497836648644614,723.118939504062,42.15812063372445,0.9938,0.0,0.0,0,500,500,4000,55.28781747817993
ok,ptft,15,5000,0.059,295,0.059000000000000004,10000,0.001,-0.00099,0.0,0.1,1.0,0.1,0.0,unit_total_var,,0.5,5000000,5000,50000,True,0.0001,,0.0,0.0,1.0,2000,train_pred_mse,25000,1.1810074881407868,1.1846746864134403,0.00012988428337741935,0.011265707774599464,675.5911039304892,40.59303443909993,0.9918,0.0,0.0,0,500,500,4000,36.82699537277222
ok,ptft,16,5000,0.059,295,0.059000000000000004,10000,0.001,-0.00099,0.0,0.1,1.0,0.1,0.0,unit_total_var,,0.5,5000000,5000,50000,True,0.0001,,0.0,0.0,1.0,2000,train_pred_mse,25000,1.137830294098138,1.1219704456595383,0.0001947179548110461,0.016328306176797574,635.5521369653231,40.32353482194257,0.9916,0.0,0.0,0,500,500,4000,29.07675385475159
ok,ptft,17,5000,0.059,295,0.059000000000000004,10000,0.001,-0.00099,0.0,0.1,1.0,0.1,0.0,unit_total_var,,0.5,5000000,5000,50000,True,0.0001,,0.0,0.0,1.0,2000,train_pred_mse,25000,1.1365143844551544,1.1208584310797811,0.0001727643097781491,0.015781989825873456,586.5915167027464,34.335660636694925,0.9934,0.0,0.0,0,500,500,4000,34.865121126174934
ok,ptft,18,5000,0.059,295,0.059000000000000004,10000,0.001,-0.00099,0.0,0.1,1.0,0.1,0.0,unit_total_var,,0.5,5000000,5000,50000,True,0.0001,,0.0,0.0,1.0,2000,train_pred_mse,25000,1.094964202782901,1.0769025657488458,0.00017023500524508274,0.017128362716392866,629.9078574525968,37.3841537475763,0.9940000000000001,0.0,0.0,0,500,500,4000,46.53228807449341
ok,ptft,19,5000,0.059,295,0.059000000000000004,10000,0.001,-0.00099,0.0,0.1,1.0,0.1,0.0,unit_total_var,,0.5,5000000,5000,50000,True,0.0001,,0.0,0.0,1.0,2000,train_pred_mse,25000,1.1215342172776654,1.1456730337322123,0.0001631454870623871,0.014947018926954388,614.1654979531785,36.25301678973348,0.9924,0.0,0.0,0,500,500,4000,28.69883394241333
ok,ptft,6,5000,0.059,295,0.059000000000000004,10000,0.001,-0.00099,0.0,0.1,1.0,0.1,0.0,unit_total_var,,0.5,5000000,5000,50000,True,0.0001,,0.0,0.0,1.0,2000,train_pred_mse,25000,1.1528669430366665,1.1526737861266392,0.00014370904302329736,0.015002059300209545,619.5504829444416,35.92474077645892,0.9958,0.0,0.0,0,500,500,4000,31.52782273292541
ok,ptft,7,5000,0.059,295,0.059000000000000004,10000,0.001,-0.00099,0.0,0.1,1.0,0.1,0.0,unit_total_var,,0.5,5000000,5000,50000,True,0.0001,,0.0,0.0,1.0,2000,train_pred_mse,25000,1.1752365285903514,1.1691754417289657,0.00016411434083894394,0.01578258733174712,630.7887657911491,36.77803802081397,0.9918,0.0,0.0,0,500,500,4000,56.96979999542236
ok,ptft,8,5000,0.059,295,0.059000000000000004,10000,0.001,-0.00099,0.0,0.1,1.0,0.1,0.0,unit_total_var,,0.5,5000000,5000,50000,True,0.0001,,0.0,0.0,1.0,2000,train_pred_mse,25000,1.258744373064562,1.2786487500304369,0.0001468474634110348,0.013529426952065216,665.0564163617826,39.24630171767076,0.9936,0.0,0.0,0,500,500,4000,46.377089500427246
ok,ptft,9,5000,0.059,295,0.059000000000000004,10000,0.001,-0.00099,0.0,0.1,1.0,0.1,0.0,unit_total_var,,0.5,5000000,5000,50000,True,0.0001,,0.0,0.0,1.0,2000,train_pred_mse,25000,1.1511412973086728,1.1245121497403074,0.00016242123161542058,0.014883080513442937,633.4384118471671,37.42151525470877,0.9938,0.0,0.0,0,500,500,4000,53.95075011253357
ok,ptft,10,5000,0.10800000000000001,540,0.10800000000000001,10000,0.001,-0.00099,0.0,0.1,1.0,0.1,0.0,unit_total_var,,0.5,5000000,5000,50000,True,0.0001,,0.0,0.0,1.0,2000,train_pred_mse,45000,1.0330155759101287,1.0240922482735089,0.00012841396785215995,0.00828087058633189,919.0020968778597,42.4318020356927,0.9932,0.0,0.0,0,500,500,4000,303.4329421520233
ok,ptft,11,5000,0.10800000000000001,540,0.10800000000000001,10000,0.001,-0.00099,0.0,0.1,1.0,0.1,0.0,unit_total_var,,0.5,5000000,5000,50000,True,0.0001,,0.0,0.0,1.0,2000,train_pred_mse,40000,1.13024359544855,1.1242728541077158,0.00015289154640020438,0.0102686267647041,906.0225956326393,42.05338828098163,0.9946,0.0,0.0,0,500,500,4000,218.95278787612915
ok,ptft,12,5000,0.10800000000000001,540,0.10800000000000001,10000,0.001,-0.00099,0.0,0.1,1.0,0.1,0.0,unit_total_var,,0.5,5000000,5000,50000,True,0.0001,,0.0,0.0,1.0,2000,train_pred_mse,45000,0.9170935332525474,0.9154169828288052,0.00014011051035876627,0.009379909492788076,852.0093932717289,40.28983724775948,0.9952,0.0,0.0,0,500,500,4000,271.41887307167053
ok,ptft,13,5000,0.10800000000000001,540,0.10800000000000001,10000,0.001,-0.00099,0.0,0.1,1.0,0.1,0.0,unit_total_var,,0.5,5000000,5000,50000,True,0.0001,,0.0,0.0,1.0,2000,train_pred_mse,45000,1.0338407088980737,1.0348810083205582,0.00012822281034625808,0.008233667698679541,881.8241900813084,41.25740904175647,0.9934,0.0,0.0,0,500,500,4000,214.18843007087708
ok,ptft,14,5000,0.10800000000000001,540,0.10800000000000001,10000,0.001,-0.00099,0.0,0.1,1.0,0.1,0.0,unit_total_var,,0.5,5000000,5000,50000,True,0.0001,,0.0,0.0,1.0,2000,train_pred_mse,45000,1.0630495294756126,1.0691111343265178,0.00012574024045702742,0.007636872497325209,926.1407576967212,43.91597888995223,0.9932,0.0,0.0,0,500,500,4000,120.14344263076781
ok,ptft,15,5000,0.10800000000000001,540,0.10800000000000001,10000,0.001,-0.00099,0.0,0.1,1.0,0.1,0.0,unit_total_var,,0.5,5000000,5000,50000,True,0.0001,,0.0,0.0,1.0,2000,train_pred_mse,40000,0.9659257440895206,0.970296220846584,0.0001391713016268418,0.009135497138051993,920.6206813748904,42.44455104873524,0.9944,0.0,0.0,0,500,500,4000,74.02366971969604
ok,ptft,16,5000,0.10800000000000001,540,0.10800000000000001,10000,0.001,-0.00099,0.0,0.1,1.0,0.1,0.0,unit_total_var,,0.5,5000000,5000,50000,True,0.0001,,0.0,0.0,1.0,2000,train_pred_mse,45000,0.9439285666073368,0.9383742490286364,0.00013711209693875064,0.00982964098624467,825.2601784282158,37.570500840509226,0.9946,0.0,0.0,0,500,500,4000,217.51130795478818
ok,ptft,17,5000,0.10800000000000001,540,0.10800000000000001,10000,0.001,-0.00099,0.0,0.1,1.0,0.1,0.0,unit_total_var,,0.5,5000000,5000,50000,True,0.0001,,0.0,0.0,1.0,2000,train_pred_mse,45000,0.8914271467586591,0.8840083702064189,0.00012431144971296326,0.007482338363848511,857.6496972914728,42.80444092907343,0.9928,0.0,0.0,0,500,500,4000,211.44436502456662
ok,ptft,18,5000,0.10800000000000001,540,0.10800000000000001,10000,0.001,-0.00099,0.0,0.1,1.0,0.1,0.0,unit_total_var,,0.5,5000000,5000,50000,True,0.0001,,0.0,0.0,1.0,2000,train_pred_mse,45000,0.9248948326782288,0.9240629436624482,0.00012731904606255094,0.008022509024348656,871.6964811408619,41.3524111636836,0.9940000000000001,0.0,0.0,0,500,500,4000,82.42728877067566
ok,ptft,19,5000,0.10800000000000001,540,0.10800000000000001,10000,0.001,-0.00099,0.0,0.1,1.0,0.1,0.0,unit_total_var,,0.5,5000000,5000,50000,True,0.0001,,0.0,0.0,1.0,2000,train_pred_mse,45000,1.0424891540446422,1.072169009984001,0.00013115446821694725,0.008497080435651509,893.5667905530407,42.73696934317036,0.9946,0.0,0.0,0,500,500,4000,241.9336862564087
ok,ptft,6,5000,0.10800000000000001,540,0.10800000000000001,10000,0.001,-0.00099,0.0,0.1,1.0,0.1,0.0,unit_total_var,,0.5,5000000,5000,50000,True,0.0001,,0.0,0.0,1.0,2000,train_pred_mse,45000,0.98651620140048,0.9737201340506962,0.00011248579837352978,0.007366889387599541,881.2835149483595,40.858966861440045,0.9938,0.0,0.0,0,500,500,4000,128.2428677082062
ok,ptft,7,5000,0.10800000000000001,540,0.10800000000000001,10000,0.001,-0.00099,0.0,0.1,1.0,0.1,0.0,unit_total_var,,0.5,5000000,5000,50000,True,0.0001,,0.0,0.0,1.0,2000,train_pred_mse,45000,1.0004242583251932,0.9995195449709856,0.00012540800194149964,0.008053878618208206,893.4587099618603,41.840660363368016,0.9946,0.0,0.0,0,500,500,4000,100.42779421806335
ok,ptft,8,5000,0.10800000000000001,540,0.10800000000000001,10000,0.001,-0.00099,0.0,0.1,1.0,0.1,0.0,unit_total_var,,0.5,5000000,5000,50000,True,0.0001,,0.0,0.0,1.0,2000,train_pred_mse,45000,0.9709146236219566,0.9554087529627666,0.00012679701699599838,0.007947488659644047,923.683465753702,43.696189301691646,0.992,0.0,0.0,0,500,500,4000,270.9006583690644
ok,ptft,9,5000,0.10800000000000001,540,0.10800000000000001,10000,0.001,-0.00099,0.0,0.1,1.0,0.1,0.0,unit_total_var,,0.5,5000000,5000,50000,True,0.0001,,0.0,0.0,1.0,2000,train_pred_mse,45000,0.9423506947606392,0.9530146126590219,0.00013512231496439836,0.008460515372356595,901.1687882369556,42.769481979364926,0.9946,0.0,0.0,0,500,500,4000,176.50663828849792
ok,ptft,10,5000,0.15700000000000006,785,0.157,10000,0.001,-0.00099,0.0,0.1,1.0,0.1,0.0,unit_total_var,,0.5,5000000,5000,50000,True,0.0001,,0.0,0.0,1.0,2000,train_pred_mse,65000,0.8962374362570811,0.8874487033539715,0.00012073427043752036,0.006408699274056867,1063.2077555984054,44.202055171011374,0.9934,0.0,0.0,0,500,500,4000,718.1710844039917
ok,ptft,11,5000,0.15700000000000006,785,0.157,10000,0.001,-0.00099,0.0,0.1,1.0,0.1,0.0,unit_total_var,,0.5,5000000,5000,50000,True,0.0001,,0.0,0.0,1.0,2000,train_pred_mse,65000,0.9017967959233658,0.8901513412582699,0.00010934947387751168,0.005777216508288793,1128.6449489212525,46.28325424796991,0.9954,0.0,0.0,0,500,500,4000,535.1470994949342
ok,ptft,12,5000,0.15700000000000006,785,0.157,10000,0.001,-0.00099,0.0,0.1,1.0,0.1,0.0,unit_total_var,,0.5,5000000,5000,50000,True,0.0001,,0.0,0.0,1.0,2000,train_pred_mse,70000,0.7329649514274624,0.7313304823038627,0.00010048551727651231,0.005274718658207294,1037.7757122577193,44.05429637074604,0.9936,0.0,0.0,0,500,500,4000,514.6920878887177
ok,ptft,13,5000,0.15700000000000006,785,0.157,10000,0.001,-0.00099,0.0,0.1,1.0,0.1,0.0,unit_total_var,,0.5,5000000,5000,50000,True,0.0001,,0.0,0.0,1.0,2000,train_pred_mse,65000,0.8941643156309886,0.8991688893601162,0.00011913910377084883,0.006306081797908812,1089.196807911159,45.3350826991397,0.9926,0.0,0.0,0,500,500,4000,430.6071228981018
ok,ptft,14,5000,0.15700000000000006,785,0.157,10000,0.001,-0.00099,0.0,0.1,1.0,0.1,0.0,unit_total_var,,0.5,5000000,5000,50000,True,0.0001,,0.0,0.0,1.0,2000,train_pred_mse,70000,0.9320114032231808,0.9274977807132708,0.00010805081921685235,0.005507915480896286,1075.4473706842844,45.43708032144185,0.996,0.0,0.0,0,500,500,4000,247.354677438736
ok,ptft,15,5000,0.15700000000000006,785,0.157,10000,0.001,-0.00099,0.0,0.1,1.0,0.1,0.0,unit_total_var,,0.5,5000000,5000,50000,True,0.0001,,0.0,0.0,1.0,2000,train_pred_mse,70000,0.8245022750668879,0.8274402868839891,0.00010566740771043536,0.005263607261374793,1072.4012740267585,45.69195928986766,0.995,0.0,0.0,0,500,500,4000,302.34874296188354
ok,ptft,16,5000,0.15700000000000006,785,0.157,10000,0.001,-0.00099,0.0,0.1,1.0,0.1,0.0,unit_total_var,,0.5,5000000,5000,50000,True,0.0001,,0.0,0.0,1.0,2000,train_pred_mse,70000,0.7425149826769367,0.7466614029645551,0.00011589128447674204,0.006317963597518548,997.9077133111772,41.815917991148254,0.995,0.0,0.0,0,500,500,4000,192.28495979309082
ok,ptft,17,5000,0.15700000000000006,785,0.157,10000,0.001,-0.00099,0.0,0.1,1.0,0.1,0.0,unit_total_var,,0.5,5000000,5000,50000,True,0.0001,,0.0,0.0,1.0,2000,train_pred_mse,70000,0.7642585480481858,0.7619604562105664,9.865287152415391e-05,0.005223834863068653,1035.9317059504192,43.30500041224832,0.9954,0.0,0.0,0,500,500,4000,270.6543400287628
ok,ptft,18,5000,0.15700000000000006,785,0.157,10000,0.001,-0.00099,0.0,0.1,1.0,0.1,0.0,unit_total_var,,0.5,5000000,5000,50000,True,0.0001,,0.0,0.0,1.0,2000,train_pred_mse,70000,0.6429751629796605,0.6470947783908325,0.00010882755747111188,0.005613694629800492,1025.0240228623527,43.42836393186038,0.9958,0.0,0.0,0,500,500,4000,216.3893845081329
ok,ptft,19,5000,0.15700000000000006,785,0.157,10000,0.001,-0.00099,0.0,0.1,1.0,0.1,0.0,unit_total_var,,0.5,5000000,5000,50000,True,0.0001,,0.0,0.0,1.0,2000,train_pred_mse,65000,0.7921592354996008,0.8055959843695882,0.00011131130809017595,0.006222259274782799,1051.4241992741613,43.15662440178618,0.9948,0.0,0.0,0,500,500,4000,352.5852544307709
ok,ptft,6,5000,0.15700000000000006,785,0.157,10000,0.001,-0.00099,0.0,0.1,1.0,0.1,0.0,unit_total_var,,0.5,5000000,5000,50000,True,0.0001,,0.0,0.0,1.0,2000,train_pred_mse,65000,0.8637800864789164,0.8587205466983481,0.00012058629697011542,0.006128946129043239,1037.350232647964,44.56252398926113,0.9936,0.0,0.0,0,500,500,4000,167.7623822689056
ok,ptft,7,5000,0.15700000000000006,785,0.157,10000,0.001,-0.00099,0.0,0.1,1.0,0.1,0.0,unit_total_var,,0.5,5000000,5000,50000,True,0.0001,,0.0,0.0,1.0,2000,train_pred_mse,70000,0.8203342187428582,0.8140003740676375,0.00010129184145990821,0.005356472021007325,1073.7891144952737,45.37098139177574,0.9952,0.0,0.0,0,500,500,4000,424.67836809158325
ok,ptft,8,5000,0.15700000000000006,785,0.157,10000,0.001,-0.00099,0.0,0.1,1.0,0.1,0.0,unit_total_var,,0.5,5000000,5000,50000,True,0.0001,,0.0,0.0,1.0,2000,train_pred_mse,65000,0.8299799287817725,0.8279390693939038,0.00011616642584726912,0.006038249994837463,1083.0860014942964,46.40994016477954,0.9962,0.0,0.0,0,500,500,4000,411.42064929008484
ok,ptft,9,5000,0.15700000000000006,785,0.157,10000,0.001,-0.00099,0.0,0.1,1.0,0.1,0.0,unit_total_var,,0.5,5000000,5000,50000,True,0.0001,,0.0,0.0,1.0,2000,train_pred_mse,70000,0.7786641170668452,0.7756522488214994,0.00010818220534485608,0.0053167512565336405,1023.8968239110457,44.0428586031979,0.9952,0.0,0.0,0,500,500,4000,393.05764293670654
ok,ptft,10,5000,0.206,1030,0.20600000000000002,10000,0.001,-0.00099,0.0,0.1,1.0,0.1,0.0,unit_total_var,,0.5,5000000,5000,50000,True,0.0001,,0.0,0.0,1.0,2000,train_pred_mse,100000,0.6036129057121394,0.6015396910462072,9.116964296197664e-05,0.0039325372826357,1203.221378960913,49.126223617261935,0.9948,0.0,0.0,0,500,500,4000,1354.4746022224424
ok,ptft,11,5000,0.206,1030,0.20600000000000002,10000,0.001,-0.00099,0.0,0.1,1.0,0.1,0.0,unit_total_var,,0.5,5000000,5000,50000,True,0.0001,,0.0,0.0,1.0,2000,train_pred_mse,100000,0.7179618671388619,0.7092003127395609,9.032010191876744e-05,0.003727467166588318,1258.7344731115927,50.40951029142336,0.9946,0.0,0.0,0,500,500,4000,1050.7942643165586
ok,ptft,12,5000,0.206,1030,0.20600000000000002,10000,0.001,-0.00099,0.0,0.1,1.0,0.1,0.0,unit_total_var,,0.5,5000000,5000,50000,True,0.0001,,0.0,0.0,1.0,2000,train_pred_mse,95000,0.540788706892825,0.5285985471884884,9.211220942330352e-05,0.003870340939412057,1151.946928088148,46.9883722392863,0.9958,0.0,0.0,0,500,500,4000,885.5633306503296
ok,ptft,13,5000,0.206,1030,0.20600000000000002,10000,0.001,-0.00099,0.0,0.1,1.0,0.1,0.0,unit_total_var,,0.5,5000000,5000,50000,True,0.0001,,0.0,0.0,1.0,2000,train_pred_mse,100000,0.5620077158452322,0.5644189039586954,8.91646113483021e-05,0.0037863614680765313,1244.442722730648,49.64699424070008,0.9956,0.0,0.0,0,500,500,4000,890.5417020320892
ok,ptft,14,5000,0.206,1030,0.20600000000000002,10000,0.001,-0.00099,0.0,0.1,1.0,0.1,0.0,unit_total_var,,0.5,5000000,5000,50000,True,0.0001,,0.0,0.0,1.0,2000,train_pred_mse,90000,0.6628128553363708,0.66762182301878,9.419167930980473e-05,0.00411137132895247,1254.8189558772804,48.9189133603607,0.9952,0.0,0.0,0,500,500,4000,376.3528835773468
ok,ptft,15,5000,0.206,1030,0.20600000000000002,10000,0.001,-0.00099,0.0,0.1,1.0,0.1,0.0,unit_total_var,,0.5,5000000,5000,50000,True,0.0001,,0.0,0.0,1.0,2000,train_pred_mse,100000,0.6324986282634181,0.6217243216555652,8.604768200236487e-05,0.003647412681802125,1224.7431822601525,48.663744347652454,0.9964,0.0,0.0,0,500,500,4000,387.1326553821564
ok,ptft,16,5000,0.206,1030,0.20600000000000002,10000,0.001,-0.00099,0.0,0.1,1.0,0.1,0.0,unit_total_var,,0.5,5000000,5000,50000,True,0.0001,,0.0,0.0,1.0,2000,train_pred_mse,100000,0.5226389962791271,0.5209625173255666,8.792733689096356e-05,0.0036457673894373134,1137.8352129028626,47.17046853500688,0.9954,0.0,0.0,0,500,500,4000,510.5315160751343
ok,ptft,17,5000,0.206,1030,0.20600000000000002,10000,0.001,-0.00099,0.0,0.1,1.0,0.1,0.0,unit_total_var,,0.5,5000000,5000,50000,True,0.0001,,0.0,0.0,1.0,2000,train_pred_mse,105000,0.5896675438684325,0.5824468413555322,8.749922829815074e-05,0.003727523212273103,1141.5949743382562,45.53647983890938,0.9926,0.0,0.0,0,500,500,4000,788.7842969894409
ok,ptft,18,5000,0.206,1030,0.20600000000000002,10000,0.001,-0.00099,0.0,0.1,1.0,0.1,0.0,unit_total_var,,0.5,5000000,5000,50000,True,0.0001,,0.0,0.0,1.0,2000,train_pred_mse,105000,0.5873111430377447,0.5913472012132455,8.288424263656102e-05,0.0036885060055537756,1158.3509857827858,45.26661432317285,0.9954,0.0,0.0,0,500,500,4000,843.3241453170776
ok,ptft,19,5000,0.206,1030,0.20600000000000002,10000,0.001,-0.00099,0.0,0.1,1.0,0.1,0.0,unit_total_var,,0.5,5000000,5000,50000,True,0.0001,,0.0,0.0,1.0,2000,train_pred_mse,105000,0.5834959554897128,0.5760723045217115,8.572930996742042e-05,0.0034137218477522284,1142.2661532163306,47.11892855932012,0.995,0.0,0.0,0,500,500,4000,799.9189705848694
ok,ptft,6,5000,0.206,1030,0.20600000000000002,10000,0.001,-0.00099,0.0,0.1,1.0,0.1,0.0,unit_total_var,,0.5,5000000,5000,50000,True,0.0001,,0.0,0.0,1.0,2000,train_pred_mse,95000,0.5431750644760089,0.5353714058023349,9.798866007428292e-05,0.004086002679270827,1187.4698402265249,48.35468658994679,0.9958,0.0,0.0,0,500,500,4000,855.1492159366608
ok,ptft,7,5000,0.206,1030,0.20600000000000002,10000,0.001,-0.00099,0.0,0.1,1.0,0.1,0.0,unit_total_var,,0.5,5000000,5000,50000,True,0.0001,,0.0,0.0,1.0,2000,train_pred_mse,95000,0.6228118070033204,0.6230897516395929,9.361679581040608e-05,0.0042002607293174865,1188.3353615530302,46.169891361288926,0.9946,0.0,0.0,0,500,500,4000,695.4640092849731
ok,ptft,8,5000,0.206,1030,0.20600000000000002,10000,0.001,-0.00099,0.0,0.1,1.0,0.1,0.0,unit_total_var,,0.5,5000000,5000,50000,True,0.0001,,0.0,0.0,1.0,2000,train_pred_mse,100000,0.5236854942330688,0.5226574939676616,9.001220179831907e-05,0.0034744705082870226,1248.2724053843574,51.52454865022857,0.9944,0.0,0.0,0,500,500,4000,598.7413835525513
ok,ptft,9,5000,0.206,1030,0.20600000000000002,10000,0.001,-0.00099,0.0,0.1,1.0,0.1,0.0,unit_total_var,,0.5,5000000,5000,50000,True,0.0001,,0.0,0.0,1.0,2000,train_pred_mse,105000,0.5882388014977411,0.5902224212453909,8.629936478364958e-05,0.0038212456336390744,1168.4360190078855,46.260667766872636,0.9944,0.0,0.0,0,500,500,4000,745.6225776672362
ok,ptft,10,5000,0.255,1275,0.255,10000,0.001,-0.00099,0.0,0.1,1.0,0.1,0.0,unit_total_var,,0.5,5000000,5000,50000,True,0.0001,,0.0,0.0,1.0,2000,train_pred_mse,140000,0.3862728895816679,0.3841761938569041,7.361240120945841e-05,0.002521151733261753,1323.8756497192646,53.872305996819456,0.9954,0.0,0.0,0,500,500,4000,1569.7398540973666
ok,ptft,11,5000,0.255,1275,0.255,10000,0.001,-0.00099,0.0,0.1,1.0,0.1,0.0,unit_total_var,,0.5,5000000,5000,50000,True,0.0001,,0.0,0.0,1.0,2000,train_pred_mse,140000,0.3993573098575937,0.401615863889186,7.450386562091714e-05,0.002401244119149912,1373.2016937007295,54.869121715633575,0.9978,0.0,0.0,0,500,500,4000,1795.1128180027008
ok,ptft,12,5000,0.255,1275,0.255,10000,0.001,-0.00099,0.0,0.1,1.0,0.1,0.0,unit_total_var,,0.5,5000000,5000,50000,True,0.0001,,0.0,0.0,1.0,2000,train_pred_mse,135000,0.3617230774433247,0.3584786432945461,7.687351432121532e-05,0.0027626146529021226,1254.4778903518159,49.938858529255974,0.9946,0.0,0.0,0,500,500,4000,765.7109775543213
ok,ptft,13,5000,0.255,1275,0.255,10000,0.001,-0.00099,0.0,0.1,1.0,0.1,0.0,unit_total_var,,0.5,5000000,5000,50000,True,0.0001,,0.0,0.0,1.0,2000,train_pred_mse,135000,0.4153239016738604,0.4220120306494609,8.099133091546672e-05,0.002820419025847449,1351.5316417199413,53.21917077291327,0.9958,0.0,0.0,0,500,500,4000,1134.1247870922086
ok,ptft,14,5000,0.255,1275,0.255,10000,0.001,-0.00099,0.0,0.1,1.0,0.1,0.0,unit_total_var,,0.5,5000000,5000,50000,True,0.0001,,0.0,0.0,1.0,2000,train_pred_mse,130000,0.3918302602331828,0.4006456603588022,7.837070812615304e-05,0.002609100052257416,1362.287819299856,55.173265291471154,0.9952,0.0,0.0,0,500,500,4000,1671.184024810791
ok,ptft,15,5000,0.255,1275,0.255,10000,0.001,-0.00099,0.0,0.1,1.0,0.1,0.0,unit_total_var,,0.5,5000000,5000,50000,True,0.0001,,0.0,0.0,1.0,2000,train_pred_mse,130000,0.4371354220842368,0.4352852695365775,7.440643531961516e-05,0.0026326730081140965,1300.7843808399691,51.640544484399186,0.9944,0.0,0.0,0,500,500,4000,1036.5089318752287
ok,ptft,16,5000,0.255,1275,0.255,10000,0.001,-0.00099,0.0,0.1,1.0,0.1,0.0,unit_total_var,,0.5,5000000,5000,50000,True,0.0001,,0.0,0.0,1.0,2000,train_pred_mse,140000,0.3947583154317157,0.3926743555115356,7.412717188368859e-05,0.002638247221075933,1251.3922764453873,49.98656469261242,0.9958,0.0,0.0,0,500,500,4000,1765.431337594986
ok,ptft,17,5000,0.255,1275,0.255,10000,0.001,-0.00099,0.0,0.1,1.0,0.1,0.0,unit_total_var,,0.5,5000000,5000,50000,True,0.0001,,0.0,0.0,1.0,2000,train_pred_mse,140000,0.3586931658727,0.3545395637449779,7.601877949116553e-05,0.002636452751612834,1257.2233162464254,50.81121698933592,0.9952,0.0,0.0,0,500,500,4000,556.6027870178224
ok,ptft,18,5000,0.255,1275,0.255,10000,0.001,-0.00099,0.0,0.1,1.0,0.1,0.0,unit_total_var,,0.5,5000000,5000,50000,True,0.0001,,0.0,0.0,1.0,2000,train_pred_mse,140000,0.34593428470916554,0.3478523345573465,7.156042428148215e-05,0.0026997967145088353,1231.5506686571384,48.417788962747096,0.9932,0.0,0.0,0,500,500,4000,1325.2823758125305
ok,ptft,19,5000,0.255,1275,0.255,10000,0.001,-0.00099,0.0,0.1,1.0,0.1,0.0,unit_total_var,,0.5,5000000,5000,50000,True,0.0001,,0.0,0.0,1.0,2000,train_pred_mse,140000,0.3392270856976701,0.34404408912313594,7.328461072234814e-05,0.0026029466475223874,1262.8869230239204,51.162655327446224,0.996,0.0,0.0,0,500,500,4000,733.2358374595642
ok,ptft,6,5000,0.255,1275,0.255,10000,0.001,-0.00099,0.0,0.1,1.0,0.1,0.0,unit_total_var,,0.5,5000000,5000,50000,True,0.0001,,0.0,0.0,1.0,2000,train_pred_mse,140000,0.3263461334321505,0.3277861164983569,7.386625684804427e-05,0.0024725631923598976,1282.9873498998368,52.180128406362705,0.9962,0.0,0.0,0,500,500,4000,1330.9568884372713
ok,ptft,7,5000,0.255,1275,0.255,10000,0.001,-0.00099,0.0,0.1,1.0,0.1,0.0,unit_total_var,,0.5,5000000,5000,50000,True,0.0001,,0.0,0.0,1.0,2000,train_pred_mse,135000,0.4460426283668441,0.451891377504307,7.660829296251825e-05,0.0030634607145473823,1286.166879682415,49.31129099577007,0.9956,0.0,0.0,0,500,500,4000,1320.4660649299624
ok,ptft,8,5000,0.255,1275,0.255,10000,0.001,-0.00099,0.0,0.1,1.0,0.1,0.0,unit_total_var,,0.5,5000000,5000,50000,True,0.0001,,0.0,0.0,1.0,2000,train_pred_mse,135000,0.397395296925544,0.40260317386422223,7.779914692569153e-05,0.002812445915065504,1317.2696670688533,51.827730356305615,0.9972,0.0,0.0,0,500,500,4000,1074.4951148033142
ok,ptft,9,5000,0.255,1275,0.255,10000,0.001,-0.00099,0.0,0.1,1.0,0.1,0.0,unit_total_var,,0.5,5000000,5000,50000,True,0.0001,,0.0,0.0,1.0,2000,train_pred_mse,135000,0.3806629531197539,0.3759007370405048,7.652508277517908e-05,0.002657848295214669,1233.9178677815362,50.327035494669026,0.995,0.0,0.0,0,500,500,4000,1156.075171709061
ok,ptft,10,5000,0.30400000000000005,1520,0.304,10000,0.001,-0.00099,0.0,0.1,1.0,0.1,0.0,unit_total_var,,0.5,5000000,5000,50000,True,0.0001,,0.0,0.0,1.0,2000,train_pred_mse,195000,0.2355626387890379,0.2301669914622023,5.9296281430391784e-05,0.0016956851066845182,1372.2223083996205,56.06982288685892,0.996,0.0,0.0,0,500,500,4000,2468.8623704910283
ok,ptft,11,5000,0.30400000000000005,1520,0.304,10000,0.001,-0.00099,0.0,0.1,1.0,0.1,0.0,unit_total_var,,0.5,5000000,5000,50000,True,0.0001,,0.0,0.0,1.0,2000,train_pred_mse,185000,0.2608130666898574,0.2562806044691265,6.164242874753012e-05,0.0017288681915014722,1420.7934754632495,57.50860948297279,0.9976,0.0,0.0,0,500,500,4000,2687.885829210281
ok,ptft,12,5000,0.30400000000000005,1520,0.304,10000,0.001,-0.00099,0.0,0.1,1.0,0.1,0.0,unit_total_var,,0.5,5000000,5000,50000,True,0.0001,,0.0,0.0,1.0,2000,train_pred_mse,195000,0.2176852957938811,0.217411453908135,5.836898543059751e-05,0.0016799869108248735,1290.5322726620086,53.33543602424245,0.9964,0.0,0.0,0,500,500,4000,2620.4041481018066
ok,ptft,13,5000,0.30400000000000005,1520,0.304,10000,0.001,-0.00099,0.0,0.1,1.0,0.1,0.0,unit_total_var,,0.5,5000000,5000,50000,True,0.0001,,0.0,0.0,1.0,2000,train_pred_mse,190000,0.2698872034622777,0.2764531460452821,6.081708694888789e-05,0.0017889744373364516,1386.9610684462925,55.4162297720907,0.9968,0.0,0.0,0,500,500,4000,2236.19660282135
ok,ptft,14,5000,0.30400000000000005,1520,0.304,10000,0.001,-0.00099,0.0,0.1,1.0,0.1,0.0,unit_total_var,,0.5,5000000,5000,50000,True,0.0001,,0.0,0.0,1.0,2000,train_pred_mse,185000,0.25710216828270743,0.25513455783194866,6.198136433753855e-05,0.0017445468329631542,1398.7854792187845,57.458129495841725,0.9966,0.0,0.0,0,500,500,4000,2520.6813871860504
ok,ptft,15,5000,0.30400000000000005,1520,0.304,10000,0.001,-0.00099,0.0,0.1,1.0,0.1,0.0,unit_total_var,,0.5,5000000,5000,50000,True,0.0001,,0.0,0.0,1.0,2000,train_pred_mse,195000,0.17063034843237182,0.1708201871293895,6.120901866533745e-05,0.0016467924340890009,1354.6501637240533,57.43587263761205,0.9966,0.0,0.0,0,500,500,4000,2749.5059452056885
ok,ptft,16,5000,0.30400000000000005,1520,0.304,10000,0.001,-0.00099,0.0,0.1,1.0,0.1,0.0,unit_total_var,,0.5,5000000,5000,50000,True,0.0001,,0.0,0.0,1.0,2000,train_pred_mse,195000,0.2240066009466211,0.22854420056675426,5.7962305612482497e-05,0.0016947899924646538,1288.5287113286274,52.96932909757877,0.9958,0.0,0.0,0,500,500,4000,1831.3571374416351
ok,ptft,17,5000,0.30400000000000005,1520,0.304,10000,0.001,-0.00099,0.0,0.1,1.0,0.1,0.0,unit_total_var,,0.5,5000000,5000,50000,True,0.0001,,0.0,0.0,1.0,2000,train_pred_mse,200000,0.1938329944841548,0.19238933600703514,5.752287876857866e-05,0.0015825842816076135,1298.6583774628525,55.106948798464344,0.9966,0.0,0.0,0,500,500,4000,2113.8053767681117
ok,ptft,18,5000,0.30400000000000005,1520,0.304,10000,0.001,-0.00099,0.0,0.1,1.0,0.1,0.0,unit_total_var,,0.5,5000000,5000,50000,True,0.0001,,0.0,0.0,1.0,2000,train_pred_mse,190000,0.17681747421171282,0.1776327518154717,6.223031059169084e-05,0.001741955849765364,1300.9858253124573,54.756274045790214,0.9972,0.0,0.0,0,500,500,4000,1922.642988920212
ok,ptft,19,5000,0.30400000000000005,1520,0.304,10000,0.001,-0.00099,0.0,0.1,1.0,0.1,0.0,unit_total_var,,0.5,5000000,5000,50000,True,0.0001,,0.0,0.0,1.0,2000,train_pred_mse,195000,0.21698706300248005,0.2206993413437287,6.1010176343175976e-05,0.0017406881397642453,1307.2800133205692,54.768123648762156,0.9964,0.0,0.0,0,500,500,4000,1613.4536862373352
ok,ptft,6,5000,0.30400000000000005,1520,0.304,10000,0.001,-0.00099,0.0,0.1,1.0,0.1,0.0,unit_total_var,,0.5,5000000,5000,50000,True,0.0001,,0.0,0.0,1.0,2000,train_pred_mse,200000,0.18020531490137984,0.17625499366429898,5.4280414719990034e-05,0.0014056084454988522,1312.7008364460132,56.328298576555355,0.996,0.0,0.0,0,500,500,4000,2295.428369760513
ok,ptft,7,5000,0.30400000000000005,1520,0.304,10000,0.001,-0.00099,0.0,0.1,1.0,0.1,0.0,unit_total_var,,0.5,5000000,5000,50000,True,0.0001,,0.0,0.0,1.0,2000,train_pred_mse,185000,0.2368415385124929,0.2379328304424453,6.14011145211437e-05,0.0017275244687698804,1367.032472442048,55.7240085937016,0.9966,0.0,0.0,0,500,500,4000,981.138231754303
ok,ptft,8,5000,0.30400000000000005,1520,0.304,10000,0.001,-0.00099,0.0,0.1,1.0,0.1,0.0,unit_total_var,,0.5,5000000,5000,50000,True,0.0001,,0.0,0.0,1.0,2000,train_pred_mse,190000,0.21898595649032213,0.2156944692126529,6.157086991302052e-05,0.0017181979956509186,1353.1073887824862,56.97848310083773,0.9952,0.0,0.0,0,500,500,4000,1964.1485531330109
ok,ptft,9,5000,0.30400000000000005,1520,0.304,10000,0.001,-0.00099,0.0,0.1,1.0,0.1,0.0,unit_total_var,,0.5,5000000,5000,50000,True,0.0001,,0.0,0.0,1.0,2000,train_pred_mse,200000,0.20319801760963813,0.1983814625301542,5.744648896495898e-05,0.0015956339901874062,1306.6707958480765,54.820372596298846,0.9962,0.0,0.0,0,500,500,4000,2036.0154979228973
ok,ptft,10,5000,0.35300000000000004,1765,0.353,10000,0.001,-0.00099,0.0,0.1,1.0,0.1,0.0,unit_total_var,,0.5,5000000,5000,50000,True,0.0001,,0.0,0.0,1.0,2000,train_pred_mse,250000,0.10916904331756083,0.10665041597526632,4.821782895926654e-05,0.0010497208552012224,1380.9797486600596,61.03884534040196,0.9964,0.0,0.0,0,500,500,4000,3455.528973340988
ok,ptft,11,5000,0.35300000000000004,1765,0.353,10000,0.001,-0.00099,0.0,0.1,1.0,0.1,0.0,unit_total_var,,0.5,5000000,5000,50000,True,0.0001,,0.0,0.0,1.0,2000,train_pred_mse,265000,0.09284439220430456,0.09107860085688378,4.592129543053756e-05,0.0009253931573525195,1415.9487003494135,64.09651787586597,0.9962,0.0,0.0,0,500,500,4000,4222.797350168228
ok,ptft,12,5000,0.35300000000000004,1765,0.353,10000,0.001,-0.00099,0.0,0.1,1.0,0.1,0.0,unit_total_var,,0.5,5000000,5000,50000,True,0.0001,,0.0,0.0,1.0,2000,train_pred_mse,270000,0.08923294696055734,0.08919823798335508,4.6419718550985684e-05,0.0009707239717805007,1312.0067874707765,58.2646213553403,0.9966,0.0,0.0,0,500,500,4000,2554.2797079086304
ok,ptft,13,5000,0.35300000000000004,1765,0.353,10000,0.001,-0.00099,0.0,0.1,1.0,0.1,0.0,unit_total_var,,0.5,5000000,5000,50000,True,0.0001,,0.0,0.0,1.0,2000,train_pred_mse,260000,0.06743073202149599,0.0673318496673824,4.757109775743403e-05,0.000921405759943292,1393.9699221594165,63.761178082757255,0.9956,0.0,0.0,0,500,500,4000,4093.00092792511
ok,ptft,14,5000,0.35300000000000004,1765,0.353,10000,0.001,-0.00099,0.0,0.1,1.0,0.1,0.0,unit_total_var,,0.5,5000000,5000,50000,True,0.0001,,0.0,0.0,1.0,2000,train_pred_mse,250000,0.10821986982056342,0.1084277949174104,4.972187704272728e-05,0.0010562621081405426,1422.4674358607742,62.99439693952698,0.9958,0.0,0.0,0,500,500,4000,3665.4938249588013
ok,ptft,15,5000,0.35300000000000004,1765,0.353,10000,0.001,-0.00099,0.0,0.1,1.0,0.1,0.0,unit_total_var,,0.5,5000000,5000,50000,True,0.0001,,0.0,0.0,1.0,2000,train_pred_mse,260000,0.07069433358465753,0.07012233259003503,4.985919129497996e-05,0.00101097998461629,1366.0327927538035,63.25750960271942,0.9948,0.0,0.0,0,500,500,4000,2819.096455574036
ok,ptft,16,5000,0.35300000000000004,1765,0.353,10000,0.001,-0.00099,0.0,0.1,1.0,0.1,0.0,unit_total_var,,0.5,5000000,5000,50000,True,0.0001,,0.0,0.0,1.0,2000,train_pred_mse,240000,0.06002290932287209,0.0607932263500074,4.878391413947633e-05,0.0010053028856425816,1293.2722079778516,60.22454095174286,0.996,0.0,0.0,0,500,500,4000,2983.996840000153
ok,ptft,17,5000,0.35300000000000004,1765,0.353,10000,0.001,-0.00099,0.0,0.1,1.0,0.1,0.0,unit_total_var,,0.5,5000000,5000,50000,True,0.0001,,0.0,0.0,1.0,2000,train_pred_mse,255000,0.04956428551918714,0.04862132159550025,4.674472583355948e-05,0.0008986631381737043,1306.418631146436,61.603786019053686,0.9964,0.0,0.0,0,500,500,4000,3875.3962438106537
ok,ptft,18,5000,0.35300000000000004,1765,0.353,10000,0.001,-0.00099,0.0,0.1,1.0,0.1,0.0,unit_total_var,,0.5,5000000,5000,50000,True,0.0001,,0.0,0.0,1.0,2000,train_pred_mse,260000,0.08550057926329924,0.0842849813803522,4.793937576700531e-05,0.0010721290724379589,1306.3931771886164,57.68560882275611,0.996,0.0,0.0,0,500,500,4000,2667.169278383255
ok,ptft,19,5000,0.35300000000000004,1765,0.353,10000,0.001,-0.00099,0.0,0.1,1.0,0.1,0.0,unit_total_var,,0.5,5000000,5000,50000,True,0.0001,,0.0,0.0,1.0,2000,train_pred_mse,270000,0.09501746517509334,0.09596189924645848,4.681304651339527e-05,0.0010456820895237827,1328.1745559332885,59.371760008023465,0.9964,0.0,0.0,0,500,500,4000,2932.2866899967194
ok,ptft,6,5000,0.35300000000000004,1765,0.353,10000,0.001,-0.00099,0.0,0.1,1.0,0.1,0.0,unit_total_var,,0.5,5000000,5000,50000,True,0.0001,,0.0,0.0,1.0,2000,train_pred_mse,275000,0.06483653422124018,0.06689805184047355,4.6413538731448074e-05,0.0009292202932991344,1317.7221427471495,61.33080483960526,0.9954,0.0,0.0,0,500,500,4000,2031.7648248672485
ok,ptft,7,5000,0.35300000000000004,1765,0.353,10000,0.001,-0.00099,0.0,0.1,1.0,0.1,0.0,unit_total_var,,0.5,5000000,5000,50000,True,0.0001,,0.0,0.0,1.0,2000,train_pred_mse,245000,0.09055032732986808,0.08975566560482663,4.965347121139189e-05,0.0010945814343866769,1373.7245229994953,60.84501739288533,0.9974,0.0,0.0,0,500,500,4000,2978.616876602173
ok,ptft,8,5000,0.35300000000000004,1765,0.353,10000,0.001,-0.00099,0.0,0.1,1.0,0.1,0.0,unit_total_var,,0.5,5000000,5000,50000,True,0.0001,,0.0,0.0,1.0,2000,train_pred_mse,255000,0.116714765299425,0.11589785194057875,4.966913268562258e-05,0.0011218188135727778,1372.940177123748,60.315416300544356,0.9956,0.0,0.0,0,500,500,4000,3055.14018368721
ok,ptft,9,5000,0.35300000000000004,1765,0.353,10000,0.001,-0.00099,0.0,0.1,1.0,0.1,0.0,unit_total_var,,0.5,5000000,5000,50000,True,0.0001,,0.0,0.0,1.0,2000,train_pred_mse,275000,0.0931342375688952,0.0916657014431166,4.584422936901585e-05,0.001010309546421683,1315.3948892364865,59.109050462060615,0.995,0.0,0.0,0,500,500,4000,3044.4986488819122
ok,ptft,10,5000,0.402,2010,0.402,10000,0.001,-0.00099,0.0,0.1,1.0,0.1,0.0,unit_total_var,,0.5,5000000,5000,50000,True,0.0001,,0.0,0.0,1.0,2000,train_pred_mse,320000,0.026166079882860457,0.025665563651768832,3.7503492284636466e-05,0.0006594376766015563,1360.5061614311735,66.70642726785357,0.995,0.0,0.0,0,500,500,4000,4525.048530578613
ok,ptft,12,5000,0.402,2010,0.402,10000,0.001,-0.00099,0.0,0.1,1.0,0.1,0.0,unit_total_var,,0.5,5000000,5000,50000,True,0.0001,,0.0,0.0,1.0,2000,train_pred_mse,295000,0.020377366028793312,0.02027761908610677,4.0384007616468544e-05,0.0007839429064615277,1290.852819985967,63.414883969829,0.9942,0.0,0.0,0,500,500,4000,4314.962376832962
ok,ptft,13,5000,0.402,2010,0.402,10000,0.001,-0.00099,0.0,0.1,1.0,0.1,0.0,unit_total_var,,0.5,5000000,5000,50000,True,0.0001,,0.0,0.0,1.0,2000,train_pred_mse,315000,0.02710994740809192,0.02696182274540807,3.984245700130825e-05,0.0006645324350129046,1383.4980667204109,66.55644211115191,0.995,0.0,0.0,0,500,500,4000,5272.3613810539255
ok,ptft,14,5000,0.402,2010,0.402,10000,0.001,-0.00099,0.0,0.1,1.0,0.1,0.0,unit_total_var,,0.5,5000000,5000,50000,True,0.0001,,0.0,0.0,1.0,2000,train_pred_mse,320000,0.04107748959087504,0.041308645388151335,3.917387632017258e-05,0.0006723043822347493,1409.1758261815212,67.33712426659774,0.9976,0.0,0.0,0,500,500,4000,5180.841104030609
ok,ptft,15,5000,0.402,2010,0.402,10000,0.001,-0.00099,0.0,0.1,1.0,0.1,0.0,unit_total_var,,0.5,5000000,5000,50000,True,0.0001,,0.0,0.0,1.0,2000,train_pred_mse,325000,0.03638577338476055,0.036797853136543116,3.8063709725572696e-05,0.0006324339552278002,1356.5589884888275,64.8041754074732,0.9976,0.0,0.0,0,500,500,4000,3960.684552669525
ok,ptft,16,5000,0.402,2010,0.402,10000,0.001,-0.00099,0.0,0.1,1.0,0.1,0.0,unit_total_var,,0.5,5000000,5000,50000,True,0.0001,,0.0,0.0,1.0,2000,train_pred_mse,320000,0.03239834338986692,0.03125066282282642,3.888680232920828e-05,0.000733166898274635,1290.657469627524,62.61385883627919,0.9956,0.0,0.0,0,500,500,4000,2620.8871755599976
ok,ptft,17,5000,0.402,2010,0.402,10000,0.001,-0.00099,0.0,0.1,1.0,0.1,0.0,unit_total_var,,0.5,5000000,5000,50000,True,0.0001,,0.0,0.0,1.0,2000,train_pred_mse,320000,0.033419663322801274,0.03312763725882783,3.734707595927513e-05,0.0006311245156779143,1298.2948685716744,62.841636805037325,0.9962,0.0,0.0,0,500,500,4000,2695.001264333725
ok,ptft,18,5000,0.402,2010,0.402,10000,0.001,-0.00099,0.0,0.1,1.0,0.1,0.0,unit_total_var,,0.5,5000000,5000,50000,True,0.0001,,0.0,0.0,1.0,2000,train_pred_mse,320000,0.030275797551001,0.030075611658504163,3.942719152842777e-05,0.0006857396340847504,1294.316212637651,61.63938872857053,0.996,0.0,0.0,0,500,500,4000,3558.0698385238647
ok,ptft,19,5000,0.402,2010,0.402,10000,0.001,-0.00099,0.0,0.1,1.0,0.1,0.0,unit_total_var,,0.5,5000000,5000,50000,True,0.0001,,0.0,0.0,1.0,2000,train_pred_mse,320000,0.031864501026921406,0.032128616888068416,3.918241876505147e-05,0.0006931886558712857,1309.3094560458715,63.69998737589153,0.996,0.0,0.0,0,500,500,4000,3117.8345737457275
ok,ptft,6,5000,0.402,2010,0.402,10000,0.001,-0.00099,0.0,0.1,1.0,0.1,0.0,unit_total_var,,0.5,5000000,5000,50000,True,0.0001,,0.0,0.0,1.0,2000,train_pred_mse,300000,0.019244180446121046,0.0190631245083554,3.83578092290906e-05,0.000701135835117444,1298.5662497108415,65.1897989616191,0.9952,0.0,0.0,0,500,500,4000,5681.205144882202
ok,ptft,7,5000,0.402,2010,0.402,10000,0.001,-0.00099,0.0,0.1,1.0,0.1,0.0,unit_total_var,,0.5,5000000,5000,50000,True,0.0001,,0.0,0.0,1.0,2000,train_pred_mse,310000,0.02940309424378567,0.03004656806831975,3.912715391179422e-05,0.0007133803956931856,1364.8520131157995,64.47256023640854,0.997,0.0,0.0,0,500,500,4000,4114.46157169342
ok,ptft,8,5000,0.402,2010,0.402,10000,0.001,-0.00099,0.0,0.1,1.0,0.1,0.0,unit_total_var,,0.5,5000000,5000,50000,True,0.0001,,0.0,0.0,1.0,2000,train_pred_mse,320000,0.0335143112166538,0.03299566180343054,3.872846670428472e-05,0.0006134755980717035,1361.4402466358058,66.5210957138602,0.9964,0.0,0.0,0,500,500,4000,4190.426676273346
ok,ptft,9,5000,0.402,2010,0.402,10000,0.001,-0.00099,0.0,0.1,1.0,0.1,0.0,unit_total_var,,0.5,5000000,5000,50000,True,0.0001,,0.0,0.0,1.0,2000,train_pred_mse,310000,0.028681780515098336,0.028255452165335333,3.9687439853238035e-05,0.000718260476106259,1302.4083787829068,63.537822938049146,0.9972,0.0,0.0,0,500,500,4000,3693.335841417313
ok,ptft,10,5000,0.451,2255,0.451,10000,0.001,-0.00099,0.0,0.1,1.0,0.1,0.0,unit_total_var,,0.5,5000000,5000,50000,True,0.0001,,0.0,0.0,1.0,2000,train_pred_mse,330000,0.008554478438110639,0.008535119470548228,3.4769405050896793e-05,0.0005598722341150698,1343.0574350387426,69.08093972801146,0.9968,0.0,0.0,0,500,500,4000,4931.551756143571
ok,ptft,11,5000,0.451,2255,0.451,10000,0.001,-0.00099,0.0,0.1,1.0,0.1,0.0,unit_total_var,,0.5,5000000,5000,50000,True,0.0001,,0.0,0.0,1.0,2000,train_pred_mse,300000,0.006906058907085014,0.006706693736551137,3.916353836484643e-05,0.0006830757662847249,1385.2909663560981,72.06002642158967,0.9962,0.0,0.0,0,500,500,4000,6402.004580497742
ok,ptft,12,5000,0.451,2255,0.451,10000,0.001,-0.00099,0.0,0.1,1.0,0.1,0.0,unit_total_var,,0.5,5000000,5000,50000,True,0.0001,,0.0,0.0,1.0,2000,train_pred_mse,310000,0.007383793065881789,0.007557565533434001,3.935841902932238e-05,0.0007511637701983888,1274.363907393866,65.36996857111926,0.9962,0.0,0.0,0,500,500,4000,3390.085775136948
ok,ptft,13,5000,0.451,2255,0.451,10000,0.001,-0.00099,0.0,0.1,1.0,0.1,0.0,unit_total_var,,0.5,5000000,5000,50000,True,0.0001,,0.0,0.0,1.0,2000,train_pred_mse,315000,0.007990732935760842,0.008191723532875924,3.5489957113137984e-05,0.0006034423306683067,1361.9037229978208,69.18468550515574,0.9952,0.0,0.0,0,500,500,4000,3555.1816234588623
ok,ptft,14,5000,0.451,2255,0.451,10000,0.001,-0.00099,0.0,0.1,1.0,0.1,0.0,unit_total_var,,0.5,5000000,5000,50000,True,0.0001,,0.0,0.0,1.0,2000,train_pred_mse,315000,0.00765569977334132,0.00771997985949968,3.62397614334612e-05,0.0005817064628412741,1378.009095240415,71.33276124108927,0.9968,0.0,0.0,0,500,500,4000,5932.783656835555
ok,ptft,15,5000,0.451,2255,0.451,10000,0.001,-0.00099,0.0,0.1,1.0,0.1,0.0,unit_total_var,,0.5,5000000,5000,50000,True,0.0001,,0.0,0.0,1.0,2000,train_pred_mse,320000,0.006878004634042982,0.0067505061449072605,3.540161886027257e-05,0.0005369269175773781,1328.1831968743738,68.83756498729525,0.996,0.0,0.0,0,500,500,4000,4945.4775075912485
ok,ptft,16,5000,0.451,2255,0.451,10000,0.001,-0.00099,0.0,0.1,1.0,0.1,0.0,unit_total_var,,0.5,5000000,5000,50000,True,0.0001,,0.0,0.0,1.0,2000,train_pred_mse,300000,0.008020527023081397,0.007966760561086696,3.7267763437782726e-05,0.0006510042804743528,1263.56188710464,65.75475075123511,0.996,0.0,0.0,0,500,500,4000,4187.060877084732
ok,ptft,17,5000,0.451,2255,0.451,10000,0.001,-0.00099,0.0,0.1,1.0,0.1,0.0,unit_total_var,,0.5,5000000,5000,50000,True,0.0001,,0.0,0.0,1.0,2000,train_pred_mse,335000,0.010659960019714466,0.010646210062808234,3.4604190496181705e-05,0.0005817962924200258,1278.5776096678646,65.4989317878968,0.9964,0.0,0.0,0,500,500,4000,4035.1766455173492
ok,ptft,18,5000,0.451,2255,0.451,10000,0.001,-0.00099,0.0,0.1,1.0,0.1,0.0,unit_total_var,,0.5,5000000,5000,50000,True,0.0001,,0.0,0.0,1.0,2000,train_pred_mse,315000,0.009388257970897105,0.009232725536093759,3.403530221262046e-05,0.0005974268821171495,1275.8191384471002,64.34522903409793,0.9952,0.0,0.0,0,500,500,4000,4094.87269282341
ok,ptft,19,5000,0.451,2255,0.451,10000,0.001,-0.00099,0.0,0.1,1.0,0.1,0.0,unit_total_var,,0.5,5000000,5000,50000,True,0.0001,,0.0,0.0,1.0,2000,train_pred_mse,305000,0.0070139158518081526,0.007116104759993218,3.6869178760793496e-05,0.0006629497331286708,1282.784408231047,67.34380046603907,0.996,0.0,0.0,0,500,500,4000,4234.601625919342
ok,ptft,6,5000,0.451,2255,0.451,10000,0.001,-0.00099,0.0,0.1,1.0,0.1,0.0,unit_total_var,,0.5,5000000,5000,50000,True,0.0001,,0.0,0.0,1.0,2000,train_pred_mse,310000,0.005898911561454815,0.005910818477518154,3.4855355848731874e-05,0.0005708937034030331,1276.1391124731051,67.45353486238851,0.9940000000000001,0.0,0.0,0,500,500,4000,4328.6864228248605
ok,ptft,7,5000,0.451,2255,0.451,10000,0.001,-0.00099,0.0,0.1,1.0,0.1,0.0,unit_total_var,,0.5,5000000,5000,50000,True,0.0001,,0.0,0.0,1.0,2000,train_pred_mse,310000,0.010675955211594009,0.01061911764551858,3.762642359221356e-05,0.0006992594478308223,1348.9819476327825,67.31769602937597,0.995,0.0,0.0,0,500,500,4000,5820.712993860246
ok,ptft,8,5000,0.451,2255,0.451,10000,0.001,-0.00099,0.0,0.1,1.0,0.1,0.0,unit_total_var,,0.5,5000000,5000,50000,True,0.0001,,0.0,0.0,1.0,2000,train_pred_mse,325000,0.008179811623801752,0.008192856348252548,3.463624891915924e-05,0.000489066973202862,1335.9151462501145,69.37762945572891,0.9940000000000001,0.0,0.0,0,500,500,4000,5947.5645871162415
ok,ptft,9,5000,0.451,2255,0.451,10000,0.001,-0.00099,0.0,0.1,1.0,0.1,0.0,unit_total_var,,0.5,5000000,5000,50000,True,0.0001,,0.0,0.0,1.0,2000,train_pred_mse,295000,0.006459637380856439,0.0064221597536300995,3.681590386831811e-05,0.0006135907284761597,1277.073381635733,66.44222368956726,0.9956,0.0,0.0,0,500,500,4000,3636.900787830353
ok,ptft,10,5000,0.5,2500,0.5,10000,0.001,-0.00099,0.0,0.1,1.0,0.1,0.0,unit_total_var,,0.5,5000000,5000,50000,True,0.0001,,0.0,0.0,1.0,2000,train_pred_mse,275000,0.0031579664688654104,0.0031505087027021085,3.8218390077745935e-05,0.0005648651335111494,1328.0198759867649,70.41573366432681,0.9924,0.0,0.0,0,500,500,4000,4721.513659000397
ok,ptft,11,5000,0.5,2500,0.5,10000,0.001,-0.00099,0.0,0.1,1.0,0.1,0.0,unit_total_var,,0.5,5000000,5000,50000,True,0.0001,,0.0,0.0,1.0,2000,train_pred_mse,255000,0.0028435708070844857,0.002866167534756393,3.939928504288944e-05,0.0006323915620168863,1376.513372900427,73.12950189159496,0.9958,0.0,0.0,0,500,500,4000,6104.784332990645
ok,ptft,12,5000,0.5,2500,0.5,10000,0.001,-0.00099,0.0,0.1,1.0,0.1,0.0,unit_total_var,,0.5,5000000,5000,50000,True,0.0001,,0.0,0.0,1.0,2000,train_pred_mse,305000,0.004193320823349811,0.004166356076534888,3.7465647995831074e-05,0.0006487428112164273,1266.9761984875522,66.14290038160175,0.9946,0.0,0.0,0,500,500,4000,4040.3558714389796
ok,ptft,13,5000,0.5,2500,0.5,10000,0.001,-0.00099,0.0,0.1,1.0,0.1,0.0,unit_total_var,,0.5,5000000,5000,50000,True,0.0001,,0.0,0.0,1.0,2000,train_pred_mse,270000,0.0031179916400786,0.0031791795198644066,3.5793424389338485e-05,0.000523014886581305,1347.5703676858611,70.39144980648881,0.9942,0.0,0.0,0,500,500,4000,4556.007184743881
ok,ptft,14,5000,0.5,2500,0.5,10000,0.001,-0.00099,0.0,0.1,1.0,0.1,0.0,unit_total_var,,0.5,5000000,5000,50000,True,0.0001,,0.0,0.0,1.0,2000,train_pred_mse,285000,0.003876708728532292,0.003952169135308428,3.672302448745693e-05,0.0005684212455472728,1369.7844909129667,72.13395337478437,0.9948,0.0,0.0,0,500,500,4000,4208.084569692613
ok,ptft,15,5000,0.5,2500,0.5,10000,0.001,-0.00099,0.0,0.1,1.0,0.1,0.0,unit_total_var,,0.5,5000000,5000,50000,True,0.0001,,0.0,0.0,1.0,2000,train_pred_mse,295000,0.0038295544399081977,0.0038046219129592687,3.9700240502017684e-05,0.0007224772588187912,1322.157523065251,69.54064017721373,0.9966,0.0,0.0,0,500,500,4000,4717.777476787567
ok,ptft,17,5000,0.5,2500,0.5,10000,0.001,-0.00099,0.0,0.1,1.0,0.1,0.0,unit_total_var,,0.5,5000000,5000,50000,True,0.0001,,0.0,0.0,1.0,2000,train_pred_mse,255000,0.002409090303127228,0.002439790088542316,4.264429850103013e-05,0.0007581996679935409,1260.6780822936828,67.60312348227836,0.9948,0.0,0.0,0,500,500,4000,4517.508450984955
ok,ptft,18,5000,0.5,2500,0.5,10000,0.001,-0.00099,0.0,0.1,1.0,0.1,0.0,unit_total_var,,0.5,5000000,5000,50000,True,0.0001,,0.0,0.0,1.0,2000,train_pred_mse,260000,0.003129703338718857,0.0031516604740088805,4.006012835991825e-05,0.0007740153138064557,1262.8701932789072,65.73951840215496,0.9958,0.0,0.0,0,500,500,4000,4940.230538606645
ok,ptft,19,5000,0.5,2500,0.5,10000,0.001,-0.00099,0.0,0.1,1.0,0.1,0.0,unit_total_var,,0.5,5000000,5000,50000,True,0.0001,,0.0,0.0,1.0,2000,train_pred_mse,275000,0.003270048208781905,0.0032833695425321264,3.4896860430370805e-05,0.0005693659929039639,1272.9864832853227,68.31063017172738,0.997,0.0,0.0,0,500,500,4000,3746.424453020096
ok,ptft,6,5000,0.5,2500,0.5,10000,0.001,-0.00099,0.0,0.1,1.0,0.1,0.0,unit_total_var,,0.5,5000000,5000,50000,True,0.0001,,0.0,0.0,1.0,2000,train_pred_mse,290000,0.003430439266332108,0.003427478949249141,3.8621905094957974e-05,0.0006533930460996156,1269.9378653019444,68.14233231868947,0.9962,0.0,0.0,0,500,500,4000,5966.065314054488
ok,ptft,7,5000,0.5,2500,0.5,10000,0.001,-0.00099,0.0,0.1,1.0,0.1,0.0,unit_total_var,,0.5,5000000,5000,50000,True,0.0001,,0.0,0.0,1.0,2000,train_pred_mse,260000,0.003029616141815249,0.003024710505469728,3.804652685562541e-05,0.0006314054593985993,1327.6304969710266,69.119431369098,0.996,0.0,0.0,0,500,500,4000,5368.958330631256
ok,ptft,8,5000,0.5,2500,0.5,10000,0.001,-0.00099,0.0,0.1,1.0,0.1,0.0,unit_total_var,,0.5,5000000,5000,50000,True,0.0001,,0.0,0.0,1.0,2000,train_pred_mse,305000,0.003904428973189549,0.003950648759224761,3.316887347630207e-05,0.0004902296357219862,1327.065386338494,70.26938584063289,0.9928,0.0,0.0,0,500,500,4000,5950.73117685318
ok,ptft,9,5000,0.5,2500,0.5,10000,0.001,-0.00099,0.0,0.1,1.0,0.1,0.0,unit_total_var,,0.5,5000000,5000,50000,True,0.0001,,0.0,0.0,1.0,2000,train_pred_mse,275000,0.0028428928113156467,0.0028241680037811696,3.763316331559269e-05,0.000617301750004233,1266.3965938059227,67.46274669057681,0.9946,0.0,0.0,0,500,500,4000,3744.6886324882507
ok,ptft,10,5000,0.01,50,0.01,10000,0.001,-0.001,0.0,0.1,1.0,0.1,0.0,unit_total_var,,0.5,5000000,5000,50000,True,0.0001,,0.0,0.0,1.0,2000,fixed_point,10000,1.0742889561585791,1.0501916829843267,0.0,0.0,0.0,0.0,0.0,0.0,0.0,0,500,500,4000,7.23781156539917
ok,ptft,11,5000,0.01,50,0.01,10000,0.001,-0.001,0.0,0.1,1.0,0.1,0.0,unit_total_var,,0.5,5000000,5000,50000,True,0.0001,,0.0,0.0,1.0,2000,fixed_point,10000,1.1342900826178943,1.1237696347878914,0.0,0.0,0.0,0.0,0.0,0.0,0.0,0,500,500,4000,10.861426830291748
ok,ptft,12,5000,0.01,50,0.01,10000,0.001,-0.001,0.0,0.1,1.0,0.1,0.0,unit_total_var,,0.5,5000000,5000,50000,True,0.0001,,0.0,0.0,1.0,2000,fixed_point,10000,0.940501179233012,0.9359003874242356,0.0,0.0,0.0,0.0,0.0,0.0,0.0,0,500,500,4000,8.521435976028442
ok,ptft,13,5000,0.01,50,0.01,10000,0.001,-0.001,0.0,0.1,1.0,0.1,0.0,unit_total_var,,0.5,5000000,5000,50000,True,0.0001,,0.0,0.0,1.0,2000,fixed_point,10000,1.0424376292540067,1.0505454030808066,0.0,0.0,0.0,0.0,0.0,0.0,0.0,0,500,500,4000,8.811925649642943
ok,ptft,14,5000,0.01,50,0.01,10000,0.001,-0.001,0.0,0.1,1.0,0.1,0.0,unit_total_var,,0.5,5000000,5000,50000,True,0.0001,,0.0,0.0,1.0,2000,fixed_point,10000,1.123930831834287,1.1093430810601976,0.0,0.0,0.0,0.0,0.0,0.0,0.0,0,500,500,4000,10.213696479797363
ok,ptft,15,5000,0.01,50,0.01,10000,0.001,-0.001,0.0,0.1,1.0,0.1,0.0,unit_total_var,,0.5,5000000,5000,50000,True,0.0001,,0.0,0.0,1.0,2000,fixed_point,10000,1.0260060913485374,1.031254881526246,0.0,0.0,0.0,0.0,0.0,0.0,0.0,0,500,500,4000,10.023930549621582
ok,ptft,16,5000,0.01,50,0.01,10000,0.001,-0.001,0.0,0.1,1.0,0.1,0.0,unit_total_var,,0.5,5000000,5000,50000,True,0.0001,,0.0,0.0,1.0,2000,fixed_point,10000,0.9609742446483588,0.9493534504151788,0.0,0.0,0.0,0.0,0.0,0.0,0.0,0,500,500,4000,11.255037546157837
ok,ptft,17,5000,0.01,50,0.01,10000,0.001,-0.001,0.0,0.1,1.0,0.1,0.0,unit_total_var,,0.5,5000000,5000,50000,True,0.0001,,0.0,0.0,1.0,2000,fixed_point,10000,0.9783195106926854,0.9592541978197608,0.0,0.0,0.0,0.0,0.0,0.0,0.0,0,500,500,4000,8.79151177406311
ok,ptft,18,5000,0.01,50,0.01,10000,0.001,-0.001,0.0,0.1,1.0,0.1,0.0,unit_total_var,,0.5,5000000,5000,50000,True,0.0001,,0.0,0.0,1.0,2000,fixed_point,10000,0.9272503142659044,0.9196700429912978,0.0,0.0,0.0,0.0,0.0,0.0,0.0,0,500,500,4000,7.772888422012329
ok,ptft,19,5000,0.01,50,0.01,10000,0.001,-0.001,0.0,0.1,1.0,0.1,0.0,unit_total_var,,0.5,5000000,5000,50000,True,0.0001,,0.0,0.0,1.0,2000,fixed_point,10000,0.969580883501878,0.9895460979293972,0.0,0.0,0.0,0.0,0.0,0.0,0.0,0,500,500,4000,8.067190885543821
ok,ptft,6,5000,0.01,50,0.01,10000,0.001,-0.001,0.0,0.1,1.0,0.1,0.0,unit_total_var,,0.5,5000000,5000,50000,True,0.0001,,0.0,0.0,1.0,2000,fixed_point,10000,0.9871879627166271,0.9856963359738816,0.0,0.0,0.0,0.0,0.0,0.0,0.0,0,500,500,4000,9.221773147583008
ok,ptft,7,5000,0.01,50,0.01,10000,0.001,-0.001,0.0,0.1,1.0,0.1,0.0,unit_total_var,,0.5,5000000,5000,50000,True,0.0001,,0.0,0.0,1.0,2000,fixed_point,10000,1.0049562430671106,1.0123668318602148,0.0,0.0,0.0,0.0,0.0,0.0,0.0,0,500,500,4000,7.984059333801269
ok,ptft,8,5000,0.01,50,0.01,10000,0.001,-0.001,0.0,0.1,1.0,0.1,0.0,unit_total_var,,0.5,5000000,5000,50000,True,0.0001,,0.0,0.0,1.0,2000,fixed_point,10000,1.0726426345224542,1.0547493509302177,0.0,0.0,0.0,0.0,0.0,0.0,0.0,0,500,500,4000,9.81201171875
ok,ptft,9,5000,0.01,50,0.01,10000,0.001,-0.001,0.0,0.1,1.0,0.1,0.0,unit_total_var,,0.5,5000000,5000,50000,True,0.0001,,0.0,0.0,1.0,2000,fixed_point,10000,0.9860449129325228,0.9638759488337914,0.0,0.0,0.0,0.0,0.0,0.0,0.0,0,500,500,4000,7.343203067779541
ok,ptft,10,5000,0.059,295,0.059000000000000004,10000,0.001,-0.001,0.0,0.1,1.0,0.1,0.0,unit_total_var,,0.5,5000000,5000,50000,True,0.0001,,0.0,0.0,1.0,2000,fixed_point,10000,1.0742889561585791,1.0501916829843267,0.0,0.0,0.0,0.0,0.0,0.0,0.0,0,500,500,4000,13.118462085723875
ok,ptft,11,5000,0.059,295,0.059000000000000004,10000,0.001,-0.001,0.0,0.1,1.0,0.1,0.0,unit_total_var,,0.5,5000000,5000,50000,True,0.0001,,0.0,0.0,1.0,2000,fixed_point,10000,1.1342900826178943,1.1237696347878914,0.0,0.0,0.0,0.0,0.0,0.0,0.0,0,500,500,4000,17.649858236312863
ok,ptft,12,5000,0.059,295,0.059000000000000004,10000,0.001,-0.001,0.0,0.1,1.0,0.1,0.0,unit_total_var,,0.5,5000000,5000,50000,True,0.0001,,0.0,0.0,1.0,2000,fixed_point,10000,0.940501179233012,0.9359003874242356,0.0,0.0,0.0,0.0,0.0,0.0,0.0,0,500,500,4000,14.9106707572937
ok,ptft,13,5000,0.059,295,0.059000000000000004,10000,0.001,-0.001,0.0,0.1,1.0,0.1,0.0,unit_total_var,,0.5,5000000,5000,50000,True,0.0001,,0.0,0.0,1.0,2000,fixed_point,10000,1.0424376292540067,1.0505454030808066,0.0,0.0,0.0,0.0,0.0,0.0,0.0,0,500,500,4000,14.471710920333862
ok,ptft,14,5000,0.059,295,0.059000000000000004,10000,0.001,-0.001,0.0,0.1,1.0,0.1,0.0,unit_total_var,,0.5,5000000,5000,50000,True,0.0001,,0.0,0.0,1.0,2000,fixed_point,10000,1.123930831834287,1.1093430810601976,0.0,0.0,0.0,0.0,0.0,0.0,0.0,0,500,500,4000,33.244017362594604
ok,ptft,15,5000,0.059,295,0.059000000000000004,10000,0.001,-0.001,0.0,0.1,1.0,0.1,0.0,unit_total_var,,0.5,5000000,5000,50000,True,0.0001,,0.0,0.0,1.0,2000,fixed_point,10000,1.0260060913485374,1.031254881526246,0.0,0.0,0.0,0.0,0.0,0.0,0.0,0,500,500,4000,17.971195459365845
ok,ptft,16,5000,0.059,295,0.059000000000000004,10000,0.001,-0.001,0.0,0.1,1.0,0.1,0.0,unit_total_var,,0.5,5000000,5000,50000,True,0.0001,,0.0,0.0,1.0,2000,fixed_point,10000,0.9609742446483588,0.9493534504151788,0.0,0.0,0.0,0.0,0.0,0.0,0.0,0,500,500,4000,24.277849674224854
ok,ptft,17,5000,0.059,295,0.059000000000000004,10000,0.001,-0.001,0.0,0.1,1.0,0.1,0.0,unit_total_var,,0.5,5000000,5000,50000,True,0.0001,,0.0,0.0,1.0,2000,fixed_point,10000,0.9783195106926854,0.9592541978197608,0.0,0.0,0.0,0.0,0.0,0.0,0.0,0,500,500,4000,16.05046033859253
ok,ptft,18,5000,0.059,295,0.059000000000000004,10000,0.001,-0.001,0.0,0.1,1.0,0.1,0.0,unit_total_var,,0.5,5000000,5000,50000,True,0.0001,,0.0,0.0,1.0,2000,fixed_point,10000,0.9272503142659044,0.9196700429912978,0.0,0.0,0.0,0.0,0.0,0.0,0.0,0,500,500,4000,14.844693660736086
ok,ptft,19,5000,0.059,295,0.059000000000000004,10000,0.001,-0.001,0.0,0.1,1.0,0.1,0.0,unit_total_var,,0.5,5000000,5000,50000,True,0.0001,,0.0,0.0,1.0,2000,fixed_point,10000,0.969580883501878,0.9895460979293972,0.0,0.0,0.0,0.0,0.0,0.0,0.0,0,500,500,4000,13.80591344833374
ok,ptft,6,5000,0.059,295,0.059000000000000004,10000,0.001,-0.001,0.0,0.1,1.0,0.1,0.0,unit_total_var,,0.5,5000000,5000,50000,True,0.0001,,0.0,0.0,1.0,2000,fixed_point,10000,0.9871879627166271,0.9856963359738816,0.0,0.0,0.0,0.0,0.0,0.0,0.0,0,500,500,4000,21.901115655899048
ok,ptft,7,5000,0.059,295,0.059000000000000004,10000,0.001,-0.001,0.0,0.1,1.0,0.1,0.0,unit_total_var,,0.5,5000000,5000,50000,True,0.0001,,0.0,0.0,1.0,2000,fixed_point,10000,1.0049562430671106,1.0123668318602148,0.0,0.0,0.0,0.0,0.0,0.0,0.0,0,500,500,4000,17.410693168640133
ok,ptft,8,5000,0.059,295,0.059000000000000004,10000,0.001,-0.001,0.0,0.1,1.0,0.1,0.0,unit_total_var,,0.5,5000000,5000,50000,True,0.0001,,0.0,0.0,1.0,2000,fixed_point,10000,1.0726426345224542,1.0547493509302177,0.0,0.0,0.0,0.0,0.0,0.0,0.0,0,500,500,4000,22.79184913635254
ok,ptft,9,5000,0.059,295,0.059000000000000004,10000,0.001,-0.001,0.0,0.1,1.0,0.1,0.0,unit_total_var,,0.5,5000000,5000,50000,True,0.0001,,0.0,0.0,1.0,2000,fixed_point,10000,0.9860449129325228,0.9638759488337914,0.0,0.0,0.0,0.0,0.0,0.0,0.0,0,500,500,4000,13.582756042480467
ok,ptft,10,5000,0.10800000000000001,540,0.10800000000000001,10000,0.001,-0.001,0.0,0.1,1.0,0.1,0.0,unit_total_var,,0.5,5000000,5000,50000,True,0.0001,,0.0,0.0,1.0,2000,fixed_point,10000,1.0742889561585791,1.0501916829843267,0.0,0.0,0.0,0.0,0.0,0.0,0.0,0,500,500,4000,36.03107357025147
ok,ptft,11,5000,0.10800000000000001,540,0.10800000000000001,10000,0.001,-0.001,0.0,0.1,1.0,0.1,0.0,unit_total_var,,0.5,5000000,5000,50000,True,0.0001,,0.0,0.0,1.0,2000,fixed_point,10000,1.1342900826178943,1.1237696347878914,0.0,0.0,0.0,0.0,0.0,0.0,0.0,0,500,500,4000,31.30365538597107
ok,ptft,12,5000,0.10800000000000001,540,0.10800000000000001,10000,0.001,-0.001,0.0,0.1,1.0,0.1,0.0,unit_total_var,,0.5,5000000,5000,50000,True,0.0001,,0.0,0.0,1.0,2000,fixed_point,10000,0.940501179233012,0.9359003874242356,0.0,0.0,0.0,0.0,0.0,0.0,0.0,0,500,500,4000,28.316045999526978
ok,ptft,13,5000,0.10800000000000001,540,0.10800000000000001,10000,0.001,-0.001,0.0,0.1,1.0,0.1,0.0,unit_total_var,,0.5,5000000,5000,50000,True,0.0001,,0.0,0.0,1.0,2000,fixed_point,10000,1.0424376292540067,1.0505454030808066,0.0,0.0,0.0,0.0,0.0,0.0,0.0,0,500,500,4000,67.17883944511415
ok,ptft,14,5000,0.10800000000000001,540,0.10800000000000001,10000,0.001,-0.001,0.0,0.1,1.0,0.1,0.0,unit_total_var,,0.5,5000000,5000,50000,True,0.0001,,0.0,0.0,1.0,2000,fixed_point,10000,1.123930831834287,1.1093430810601976,0.0,0.0,0.0,0.0,0.0,0.0,0.0,0,500,500,4000,17.8331937789917
ok,ptft,15,5000,0.10800000000000001,540,0.10800000000000001,10000,0.001,-0.001,0.0,0.1,1.0,0.1,0.0,unit_total_var,,0.5,5000000,5000,50000,True,0.0001,,0.0,0.0,1.0,2000,fixed_point,10000,1.0260060913485374,1.031254881526246,0.0,0.0,0.0,0.0,0.0,0.0,0.0,0,500,500,4000,48.38088130950928
ok,ptft,16,5000,0.10800000000000001,540,0.10800000000000001,10000,0.001,-0.001,0.0,0.1,1.0,0.1,0.0,unit_total_var,,0.5,5000000,5000,50000,True,0.0001,,0.0,0.0,1.0,2000,fixed_point,10000,0.9609742446483588,0.9493534504151788,0.0,0.0,0.0,0.0,0.0,0.0,0.0,0,500,500,4000,19.297672033309933
ok,ptft,17,5000,0.10800000000000001,540,0.10800000000000001,10000,0.001,-0.001,0.0,0.1,1.0,0.1,0.0,unit_total_var,,0.5,5000000,5000,50000,True,0.0001,,0.0,0.0,1.0,2000,fixed_point,10000,0.9783195106926854,0.9592541978197608,0.0,0.0,0.0,0.0,0.0,0.0,0.0,0,500,500,4000,29.56406617164612
ok,ptft,18,5000,0.10800000000000001,540,0.10800000000000001,10000,0.001,-0.001,0.0,0.1,1.0,0.1,0.0,unit_total_var,,0.5,5000000,5000,50000,True,0.0001,,0.0,0.0,1.0,2000,fixed_point,10000,0.9272503142659044,0.9196700429912978,0.0,0.0,0.0,0.0,0.0,0.0,0.0,0,500,500,4000,24.33550786972046
ok,ptft,19,5000,0.10800000000000001,540,0.10800000000000001,10000,0.001,-0.001,0.0,0.1,1.0,0.1,0.0,unit_total_var,,0.5,5000000,5000,50000,True,0.0001,,0.0,0.0,1.0,2000,fixed_point,10000,0.969580883501878,0.9895460979293972,0.0,0.0,0.0,0.0,0.0,0.0,0.0,0,500,500,4000,23.19428777694702
ok,ptft,6,5000,0.10800000000000001,540,0.10800000000000001,10000,0.001,-0.001,0.0,0.1,1.0,0.1,0.0,unit_total_var,,0.5,5000000,5000,50000,True,0.0001,,0.0,0.0,1.0,2000,fixed_point,10000,0.9871879627166271,0.9856963359738816,0.0,0.0,0.0,0.0,0.0,0.0,0.0,0,500,500,4000,37.7946593761444
ok,ptft,7,5000,0.10800000000000001,540,0.10800000000000001,10000,0.001,-0.001,0.0,0.1,1.0,0.1,0.0,unit_total_var,,0.5,5000000,5000,50000,True,0.0001,,0.0,0.0,1.0,2000,fixed_point,10000,1.0049562430671106,1.0123668318602148,0.0,0.0,0.0,0.0,0.0,0.0,0.0,0,500,500,4000,54.602992296218865
ok,ptft,8,5000,0.10800000000000001,540,0.10800000000000001,10000,0.001,-0.001,0.0,0.1,1.0,0.1,0.0,unit_total_var,,0.5,5000000,5000,50000,True,0.0001,,0.0,0.0,1.0,2000,fixed_point,10000,1.0726426345224542,1.0547493509302177,0.0,0.0,0.0,0.0,0.0,0.0,0.0,0,500,500,4000,54.07730340957642
ok,ptft,9,5000,0.10800000000000001,540,0.10800000000000001,10000,0.001,-0.001,0.0,0.1,1.0,0.1,0.0,unit_total_var,,0.5,5000000,5000,50000,True,0.0001,,0.0,0.0,1.0,2000,fixed_point,10000,0.9860449129325228,0.9638759488337914,0.0,0.0,0.0,0.0,0.0,0.0,0.0,0,500,500,4000,22.110087394714355
ok,ptft,10,5000,0.15700000000000006,785,0.157,10000,0.001,-0.001,0.0,0.1,1.0,0.1,0.0,unit_total_var,,0.5,5000000,5000,50000,True,0.0001,,0.0,0.0,1.0,2000,fixed_point,10000,1.0742889561585791,1.0501916829843267,0.0,0.0,0.0,0.0,0.0,0.0,0.0,0,500,500,4000,77.01958203315733
ok,ptft,11,5000,0.15700000000000006,785,0.157,10000,0.001,-0.001,0.0,0.1,1.0,0.1,0.0,unit_total_var,,0.5,5000000,5000,50000,True,0.0001,,0.0,0.0,1.0,2000,fixed_point,10000,1.1342900826178943,1.1237696347878914,0.0,0.0,0.0,0.0,0.0,0.0,0.0,0,500,500,4000,37.89661645889282
ok,ptft,12,5000,0.15700000000000006,785,0.157,10000,0.001,-0.001,0.0,0.1,1.0,0.1,0.0,unit_total_var,,0.5,5000000,5000,50000,True,0.0001,,0.0,0.0,1.0,2000,fixed_point,10000,0.940501179233012,0.9359003874242356,0.0,0.0,0.0,0.0,0.0,0.0,0.0,0,500,500,4000,53.00063562393189
ok,ptft,13,5000,0.15700000000000006,785,0.157,10000,0.001,-0.001,0.0,0.1,1.0,0.1,0.0,unit_total_var,,0.5,5000000,5000,50000,True,0.0001,,0.0,0.0,1.0,2000,fixed_point,10000,1.0424376292540067,1.0505454030808066,0.0,0.0,0.0,0.0,0.0,0.0,0.0,0,500,500,4000,90.13803172111513
ok,ptft,14,5000,0.15700000000000006,785,0.157,10000,0.001,-0.001,0.0,0.1,1.0,0.1,0.0,unit_total_var,,0.5,5000000,5000,50000,True,0.0001,,0.0,0.0,1.0,2000,fixed_point,10000,1.123930831834287,1.1093430810601976,0.0,0.0,0.0,0.0,0.0,0.0,0.0,0,500,500,4000,60.39919018745422
ok,ptft,15,5000,0.15700000000000006,785,0.157,10000,0.001,-0.001,0.0,0.1,1.0,0.1,0.0,unit_total_var,,0.5,5000000,5000,50000,True,0.0001,,0.0,0.0,1.0,2000,fixed_point,10000,1.0260060913485374,1.031254881526246,0.0,0.0,0.0,0.0,0.0,0.0,0.0,0,500,500,4000,57.51144599914551
ok,ptft,16,5000,0.15700000000000006,785,0.157,10000,0.001,-0.001,0.0,0.1,1.0,0.1,0.0,unit_total_var,,0.5,5000000,5000,50000,True,0.0001,,0.0,0.0,1.0,2000,fixed_point,10000,0.9609742446483588,0.9493534504151788,0.0,0.0,0.0,0.0,0.0,0.0,0.0,0,500,500,4000,83.64436125755309
ok,ptft,17,5000,0.15700000000000006,785,0.157,10000,0.001,-0.001,0.0,0.1,1.0,0.1,0.0,unit_total_var,,0.5,5000000,5000,50000,True,0.0001,,0.0,0.0,1.0,2000,fixed_point,10000,0.9783195106926854,0.9592541978197608,0.0,0.0,0.0,0.0,0.0,0.0,0.0,0,500,500,4000,51.07526278495789
ok,ptft,18,5000,0.15700000000000006,785,0.157,10000,0.001,-0.001,0.0,0.1,1.0,0.1,0.0,unit_total_var,,0.5,5000000,5000,50000,True,0.0001,,0.0,0.0,1.0,2000,fixed_point,10000,0.9272503142659044,0.9196700429912978,0.0,0.0,0.0,0.0,0.0,0.0,0.0,0,500,500,4000,41.325607538223274
ok,ptft,19,5000,0.15700000000000006,785,0.157,10000,0.001,-0.001,0.0,0.1,1.0,0.1,0.0,unit_total_var,,0.5,5000000,5000,50000,True,0.0001,,0.0,0.0,1.0,2000,fixed_point,10000,0.969580883501878,0.9895460979293972,0.0,0.0,0.0,0.0,0.0,0.0,0.0,0,500,500,4000,38.74256420135497
ok,ptft,6,5000,0.15700000000000006,785,0.157,10000,0.001,-0.001,0.0,0.1,1.0,0.1,0.0,unit_total_var,,0.5,5000000,5000,50000,True,0.0001,,0.0,0.0,1.0,2000,fixed_point,10000,0.9871879627166271,0.9856963359738816,0.0,0.0,0.0,0.0,0.0,0.0,0.0,0,500,500,4000,66.93618988990785
ok,ptft,7,5000,0.15700000000000006,785,0.157,10000,0.001,-0.001,0.0,0.1,1.0,0.1,0.0,unit_total_var,,0.5,5000000,5000,50000,True,0.0001,,0.0,0.0,1.0,2000,fixed_point,10000,1.0049562430671106,1.0123668318602148,0.0,0.0,0.0,0.0,0.0,0.0,0.0,0,500,500,4000,72.91749739646913
ok,ptft,8,5000,0.15700000000000006,785,0.157,10000,0.001,-0.001,0.0,0.1,1.0,0.1,0.0,unit_total_var,,0.5,5000000,5000,50000,True,0.0001,,0.0,0.0,1.0,2000,fixed_point,10000,1.0726426345224542,1.0547493509302177,0.0,0.0,0.0,0.0,0.0,0.0,0.0,0,500,500,4000,66.23037958145143
ok,ptft,9,5000,0.15700000000000006,785,0.157,10000,0.001,-0.001,0.0,0.1,1.0,0.1,0.0,unit_total_var,,0.5,5000000,5000,50000,True,0.0001,,0.0,0.0,1.0,2000,fixed_point,10000,0.9860449129325228,0.9638759488337914,0.0,0.0,0.0,0.0,0.0,0.0,0.0,0,500,500,4000,39.19496560096741
ok,ptft,10,5000,0.206,1030,0.20600000000000002,10000,0.001,-0.001,0.0,0.1,1.0,0.1,0.0,unit_total_var,,0.5,5000000,5000,50000,True,0.0001,,0.0,0.0,1.0,2000,fixed_point,10000,1.0742889561585791,1.0501916829843267,0.0,0.0,0.0,0.0,0.0,0.0,0.0,0,500,500,4000,83.21853017807005
ok,ptft,11,5000,0.206,1030,0.20600000000000002,10000,0.001,-0.001,0.0,0.1,1.0,0.1,0.0,unit_total_var,,0.5,5000000,5000,50000,True,0.0001,,0.0,0.0,1.0,2000,fixed_point,10000,1.1342900826178943,1.1237696347878914,0.0,0.0,0.0,0.0,0.0,0.0,0.0,0,500,500,4000,81.80341744422913
ok,ptft,12,5000,0.206,1030,0.20600000000000002,10000,0.001,-0.001,0.0,0.1,1.0,0.1,0.0,unit_total_var,,0.5,5000000,5000,50000,True,0.0001,,0.0,0.0,1.0,2000,fixed_point,10000,0.940501179233012,0.9359003874242356,0.0,0.0,0.0,0.0,0.0,0.0,0.0,0,500,500,4000,73.57806015014648
ok,ptft,13,5000,0.206,1030,0.20600000000000002,10000,0.001,-0.001,0.0,0.1,1.0,0.1,0.0,unit_total_var,,0.5,5000000,5000,50000,True,0.0001,,0.0,0.0,1.0,2000,fixed_point,10000,1.0424376292540067,1.0505454030808066,0.0,0.0,0.0,0.0,0.0,0.0,0.0,0,500,500,4000,116.38035821914671
ok,ptft,14,5000,0.206,1030,0.20600000000000002,10000,0.001,-0.001,0.0,0.1,1.0,0.1,0.0,unit_total_var,,0.5,5000000,5000,50000,True,0.0001,,0.0,0.0,1.0,2000,fixed_point,10000,1.123930831834287,1.1093430810601976,0.0,0.0,0.0,0.0,0.0,0.0,0.0,0,500,500,4000,42.29131960868835
ok,ptft,15,5000,0.206,1030,0.20600000000000002,10000,0.001,-0.001,0.0,0.1,1.0,0.1,0.0,unit_total_var,,0.5,5000000,5000,50000,True,0.0001,,0.0,0.0,1.0,2000,fixed_point,10000,1.0260060913485374,1.031254881526246,0.0,0.0,0.0,0.0,0.0,0.0,0.0,0,500,500,4000,60.66023397445679
ok,ptft,16,5000,0.206,1030,0.20600000000000002,10000,0.001,-0.001,0.0,0.1,1.0,0.1,0.0,unit_total_var,,0.5,5000000,5000,50000,True,0.0001,,0.0,0.0,1.0,2000,fixed_point,10000,0.9609742446483588,0.9493534504151788,0.0,0.0,0.0,0.0,0.0,0.0,0.0,0,500,500,4000,83.03388071060179
ok,ptft,17,5000,0.206,1030,0.20600000000000002,10000,0.001,-0.001,0.0,0.1,1.0,0.1,0.0,unit_total_var,,0.5,5000000,5000,50000,True,0.0001,,0.0,0.0,1.0,2000,fixed_point,10000,0.9783195106926854,0.9592541978197608,0.0,0.0,0.0,0.0,0.0,0.0,0.0,0,500,500,4000,69.56223249435425
ok,ptft,18,5000,0.206,1030,0.20600000000000002,10000,0.001,-0.001,0.0,0.1,1.0,0.1,0.0,unit_total_var,,0.5,5000000,5000,50000,True,0.0001,,0.0,0.0,1.0,2000,fixed_point,10000,0.9272503142659044,0.9196700429912978,0.0,0.0,0.0,0.0,0.0,0.0,0.0,0,500,500,4000,62.26646113395691
ok,ptft,19,5000,0.206,1030,0.20600000000000002,10000,0.001,-0.001,0.0,0.1,1.0,0.1,0.0,unit_total_var,,0.5,5000000,5000,50000,True,0.0001,,0.0,0.0,1.0,2000,fixed_point,10000,0.969580883501878,0.9895460979293972,0.0,0.0,0.0,0.0,0.0,0.0,0.0,0,500,500,4000,58.10885715484619
ok,ptft,6,5000,0.206,1030,0.20600000000000002,10000,0.001,-0.001,0.0,0.1,1.0,0.1,0.0,unit_total_var,,0.5,5000000,5000,50000,True,0.0001,,0.0,0.0,1.0,2000,fixed_point,10000,0.9871879627166271,0.9856963359738816,0.0,0.0,0.0,0.0,0.0,0.0,0.0,0,500,500,4000,98.4061222076416
ok,ptft,7,5000,0.206,1030,0.20600000000000002,10000,0.001,-0.001,0.0,0.1,1.0,0.1,0.0,unit_total_var,,0.5,5000000,5000,50000,True,0.0001,,0.0,0.0,1.0,2000,fixed_point,10000,1.0049562430671106,1.0123668318602148,0.0,0.0,0.0,0.0,0.0,0.0,0.0,0,500,500,4000,90.72181582450868
ok,ptft,8,5000,0.206,1030,0.20600000000000002,10000,0.001,-0.001,0.0,0.1,1.0,0.1,0.0,unit_total_var,,0.5,5000000,5000,50000,True,0.0001,,0.0,0.0,1.0,2000,fixed_point,10000,1.0726426345224542,1.0547493509302177,0.0,0.0,0.0,0.0,0.0,0.0,0.0,0,500,500,4000,88.23147964477539
ok,ptft,9,5000,0.206,1030,0.20600000000000002,10000,0.001,-0.001,0.0,0.1,1.0,0.1,0.0,unit_total_var,,0.5,5000000,5000,50000,True,0.0001,,0.0,0.0,1.0,2000,fixed_point,10000,0.9860449129325228,0.9638759488337914,0.0,0.0,0.0,0.0,0.0,0.0,0.0,0,500,500,4000,59.13941717147827
ok,ptft,10,5000,0.255,1275,0.255,10000,0.001,-0.001,0.0,0.1,1.0,0.1,0.0,unit_total_var,,0.5,5000000,5000,50000,True,0.0001,,0.0,0.0,1.0,2000,fixed_point,10000,1.0742889561585791,1.0501916829843267,0.0,0.0,0.0,0.0,0.0,0.0,0.0,0,500,500,4000,124.3576180934906
ok,ptft,11,5000,0.255,1275,0.255,10000,0.001,-0.001,0.0,0.1,1.0,0.1,0.0,unit_total_var,,0.5,5000000,5000,50000,True,0.0001,,0.0,0.0,1.0,2000,fixed_point,10000,1.1342900826178943,1.1237696347878914,0.0,0.0,0.0,0.0,0.0,0.0,0.0,0,500,500,4000,104.28832674026488
ok,ptft,12,5000,0.255,1275,0.255,10000,0.001,-0.001,0.0,0.1,1.0,0.1,0.0,unit_total_var,,0.5,5000000,5000,50000,True,0.0001,,0.0,0.0,1.0,2000,fixed_point,10000,0.940501179233012,0.9359003874242356,0.0,0.0,0.0,0.0,0.0,0.0,0.0,0,500,500,4000,50.85852813720703
ok,ptft,13,5000,0.255,1275,0.255,10000,0.001,-0.001,0.0,0.1,1.0,0.1,0.0,unit_total_var,,0.5,5000000,5000,50000,True,0.0001,,0.0,0.0,1.0,2000,fixed_point,10000,1.0424376292540067,1.0505454030808066,0.0,0.0,0.0,0.0,0.0,0.0,0.0,0,500,500,4000,141.77061367034912
ok,ptft,14,5000,0.255,1275,0.255,10000,0.001,-0.001,0.0,0.1,1.0,0.1,0.0,unit_total_var,,0.5,5000000,5000,50000,True,0.0001,,0.0,0.0,1.0,2000,fixed_point,10000,1.123930831834287,1.1093430810601976,0.0,0.0,0.0,0.0,0.0,0.0,0.0,0,500,500,4000,83.52662539482118
ok,ptft,15,5000,0.255,1275,0.255,10000,0.001,-0.001,0.0,0.1,1.0,0.1,0.0,unit_total_var,,0.5,5000000,5000,50000,True,0.0001,,0.0,0.0,1.0,2000,fixed_point,10000,1.0260060913485374,1.031254881526246,0.0,0.0,0.0,0.0,0.0,0.0,0.0,0,500,500,4000,122.00841760635376
ok,ptft,16,5000,0.255,1275,0.255,10000,0.001,-0.001,0.0,0.1,1.0,0.1,0.0,unit_total_var,,0.5,5000000,5000,50000,True,0.0001,,0.0,0.0,1.0,2000,fixed_point,10000,0.9609742446483588,0.9493534504151788,0.0,0.0,0.0,0.0,0.0,0.0,0.0,0,500,500,4000,113.29479455947876
ok,ptft,17,5000,0.255,1275,0.255,10000,0.001,-0.001,0.0,0.1,1.0,0.1,0.0,unit_total_var,,0.5,5000000,5000,50000,True,0.0001,,0.0,0.0,1.0,2000,fixed_point,10000,0.9783195106926854,0.9592541978197608,0.0,0.0,0.0,0.0,0.0,0.0,0.0,0,500,500,4000,89.19745707511902
ok,ptft,18,5000,0.255,1275,0.255,10000,0.001,-0.001,0.0,0.1,1.0,0.1,0.0,unit_total_var,,0.5,5000000,5000,50000,True,0.0001,,0.0,0.0,1.0,2000,fixed_point,10000,0.9272503142659044,0.9196700429912978,0.0,0.0,0.0,0.0,0.0,0.0,0.0,0,500,500,4000,82.23569273948671
ok,ptft,19,5000,0.255,1275,0.255,10000,0.001,-0.001,0.0,0.1,1.0,0.1,0.0,unit_total_var,,0.5,5000000,5000,50000,True,0.0001,,0.0,0.0,1.0,2000,fixed_point,10000,0.969580883501878,0.9895460979293972,0.0,0.0,0.0,0.0,0.0,0.0,0.0,0,500,500,4000,76.76285696029662
ok,ptft,6,5000,0.255,1275,0.255,10000,0.001,-0.001,0.0,0.1,1.0,0.1,0.0,unit_total_var,,0.5,5000000,5000,50000,True,0.0001,,0.0,0.0,1.0,2000,fixed_point,10000,0.9871879627166271,0.9856963359738816,0.0,0.0,0.0,0.0,0.0,0.0,0.0,0,500,500,4000,47.55028939247131
ok,ptft,7,5000,0.255,1275,0.255,10000,0.001,-0.001,0.0,0.1,1.0,0.1,0.0,unit_total_var,,0.5,5000000,5000,50000,True,0.0001,,0.0,0.0,1.0,2000,fixed_point,10000,1.0049562430671106,1.0123668318602148,0.0,0.0,0.0,0.0,0.0,0.0,0.0,0,500,500,4000,89.09182500839233
ok,ptft,8,5000,0.255,1275,0.255,10000,0.001,-0.001,0.0,0.1,1.0,0.1,0.0,unit_total_var,,0.5,5000000,5000,50000,True,0.0001,,0.0,0.0,1.0,2000,fixed_point,10000,1.0726426345224542,1.0547493509302177,0.0,0.0,0.0,0.0,0.0,0.0,0.0,0,500,500,4000,105.77299451828004
ok,ptft,9,5000,0.255,1275,0.255,10000,0.001,-0.001,0.0,0.1,1.0,0.1,0.0,unit_total_var,,0.5,5000000,5000,50000,True,0.0001,,0.0,0.0,1.0,2000,fixed_point,10000,0.9860449129325228,0.9638759488337914,0.0,0.0,0.0,0.0,0.0,0.0,0.0,0,500,500,4000,104.32821750640869
ok,ptft,10,5000,0.30400000000000005,1520,0.304,10000,0.001,-0.001,0.0,0.1,1.0,0.1,0.0,unit_total_var,,0.5,5000000,5000,50000,True,0.0001,,0.0,0.0,1.0,2000,fixed_point,10000,1.0742889561585791,1.0501916829843267,0.0,0.0,0.0,0.0,0.0,0.0,0.0,0,500,500,4000,143.18509340286258
ok,ptft,11,5000,0.30400000000000005,1520,0.304,10000,0.001,-0.001,0.0,0.1,1.0,0.1,0.0,unit_total_var,,0.5,5000000,5000,50000,True,0.0001,,0.0,0.0,1.0,2000,fixed_point,10000,1.1342900826178943,1.1237696347878914,0.0,0.0,0.0,0.0,0.0,0.0,0.0,0,500,500,4000,122.96198630332948
ok,ptft,12,5000,0.30400000000000005,1520,0.304,10000,0.001,-0.001,0.0,0.1,1.0,0.1,0.0,unit_total_var,,0.5,5000000,5000,50000,True,0.0001,,0.0,0.0,1.0,2000,fixed_point,10000,0.940501179233012,0.9359003874242356,0.0,0.0,0.0,0.0,0.0,0.0,0.0,0,500,500,4000,82.51610302925108
ok,ptft,13,5000,0.30400000000000005,1520,0.304,10000,0.001,-0.001,0.0,0.1,1.0,0.1,0.0,unit_total_var,,0.5,5000000,5000,50000,True,0.0001,,0.0,0.0,1.0,2000,fixed_point,10000,1.0424376292540067,1.0505454030808066,0.0,0.0,0.0,0.0,0.0,0.0,0.0,0,500,500,4000,127.91178035736084
ok,ptft,14,5000,0.30400000000000005,1520,0.304,10000,0.001,-0.001,0.0,0.1,1.0,0.1,0.0,unit_total_var,,0.5,5000000,5000,50000,True,0.0001,,0.0,0.0,1.0,2000,fixed_point,10000,1.123930831834287,1.1093430810601976,0.0,0.0,0.0,0.0,0.0,0.0,0.0,0,500,500,4000,77.54335927963255
ok,ptft,15,5000,0.30400000000000005,1520,0.304,10000,0.001,-0.001,0.0,0.1,1.0,0.1,0.0,unit_total_var,,0.5,5000000,5000,50000,True,0.0001,,0.0,0.0,1.0,2000,fixed_point,10000,1.0260060913485374,1.031254881526246,0.0,0.0,0.0,0.0,0.0,0.0,0.0,0,500,500,4000,84.29783129692079
ok,ptft,16,5000,0.30400000000000005,1520,0.304,10000,0.001,-0.001,0.0,0.1,1.0,0.1,0.0,unit_total_var,,0.5,5000000,5000,50000,True,0.0001,,0.0,0.0,1.0,2000,fixed_point,10000,0.9609742446483588,0.9493534504151788,0.0,0.0,0.0,0.0,0.0,0.0,0.0,0,500,500,4000,135.6877088546753
ok,ptft,17,5000,0.30400000000000005,1520,0.304,10000,0.001,-0.001,0.0,0.1,1.0,0.1,0.0,unit_total_var,,0.5,5000000,5000,50000,True,0.0001,,0.0,0.0,1.0,2000,fixed_point,10000,0.9783195106926854,0.9592541978197608,0.0,0.0,0.0,0.0,0.0,0.0,0.0,0,500,500,4000,103.12866282463074
ok,ptft,18,5000,0.30400000000000005,1520,0.304,10000,0.001,-0.001,0.0,0.1,1.0,0.1,0.0,unit_total_var,,0.5,5000000,5000,50000,True,0.0001,,0.0,0.0,1.0,2000,fixed_point,10000,0.9272503142659044,0.9196700429912978,0.0,0.0,0.0,0.0,0.0,0.0,0.0,0,500,500,4000,96.06579685211182
ok,ptft,19,5000,0.30400000000000005,1520,0.304,10000,0.001,-0.001,0.0,0.1,1.0,0.1,0.0,unit_total_var,,0.5,5000000,5000,50000,True,0.0001,,0.0,0.0,1.0,2000,fixed_point,10000,0.969580883501878,0.9895460979293972,0.0,0.0,0.0,0.0,0.0,0.0,0.0,0,500,500,4000,74.6824300289154
ok,ptft,6,5000,0.30400000000000005,1520,0.304,10000,0.001,-0.001,0.0,0.1,1.0,0.1,0.0,unit_total_var,,0.5,5000000,5000,50000,True,0.0001,,0.0,0.0,1.0,2000,fixed_point,10000,0.9871879627166271,0.9856963359738816,0.0,0.0,0.0,0.0,0.0,0.0,0.0,0,500,500,4000,104.6792209148407
ok,ptft,7,5000,0.30400000000000005,1520,0.304,10000,0.001,-0.001,0.0,0.1,1.0,0.1,0.0,unit_total_var,,0.5,5000000,5000,50000,True,0.0001,,0.0,0.0,1.0,2000,fixed_point,10000,1.0049562430671106,1.0123668318602148,0.0,0.0,0.0,0.0,0.0,0.0,0.0,0,500,500,4000,109.35975956916808
ok,ptft,8,5000,0.30400000000000005,1520,0.304,10000,0.001,-0.001,0.0,0.1,1.0,0.1,0.0,unit_total_var,,0.5,5000000,5000,50000,True,0.0001,,0.0,0.0,1.0,2000,fixed_point,10000,1.0726426345224542,1.0547493509302177,0.0,0.0,0.0,0.0,0.0,0.0,0.0,0,500,500,4000,85.96917080879211
ok,ptft,9,5000,0.30400000000000005,1520,0.304,10000,0.001,-0.001,0.0,0.1,1.0,0.1,0.0,unit_total_var,,0.5,5000000,5000,50000,True,0.0001,,0.0,0.0,1.0,2000,fixed_point,10000,0.9860449129325228,0.9638759488337914,0.0,0.0,0.0,0.0,0.0,0.0,0.0,0,500,500,4000,77.30519366264345
ok,ptft,10,5000,0.35300000000000004,1765,0.353,10000,0.001,-0.001,0.0,0.1,1.0,0.1,0.0,unit_total_var,,0.5,5000000,5000,50000,True,0.0001,,0.0,0.0,1.0,2000,fixed_point,10000,1.0742889561585791,1.0501916829843267,0.0,0.0,0.0,0.0,0.0,0.0,0.0,0,500,500,4000,76.9838352203369
ok,ptft,11,5000,0.35300000000000004,1765,0.353,10000,0.001,-0.001,0.0,0.1,1.0,0.1,0.0,unit_total_var,,0.5,5000000,5000,50000,True,0.0001,,0.0,0.0,1.0,2000,fixed_point,10000,1.1342900826178943,1.1237696347878914,0.0,0.0,0.0,0.0,0.0,0.0,0.0,0,500,500,4000,140.27136087417605
ok,ptft,12,5000,0.35300000000000004,1765,0.353,10000,0.001,-0.001,0.0,0.1,1.0,0.1,0.0,unit_total_var,,0.5,5000000,5000,50000,True,0.0001,,0.0,0.0,1.0,2000,fixed_point,10000,0.940501179233012,0.9359003874242356,0.0,0.0,0.0,0.0,0.0,0.0,0.0,0,500,500,4000,107.2366795539856
ok,ptft,13,5000,0.35300000000000004,1765,0.353,10000,0.001,-0.001,0.0,0.1,1.0,0.1,0.0,unit_total_var,,0.5,5000000,5000,50000,True,0.0001,,0.0,0.0,1.0,2000,fixed_point,10000,1.0424376292540067,1.0505454030808066,0.0,0.0,0.0,0.0,0.0,0.0,0.0,0,500,500,4000,139.03415894508362
ok,ptft,14,5000,0.35300000000000004,1765,0.353,10000,0.001,-0.001,0.0,0.1,1.0,0.1,0.0,unit_total_var,,0.5,5000000,5000,50000,True,0.0001,,0.0,0.0,1.0,2000,fixed_point,10000,1.123930831834287,1.1093430810601976,0.0,0.0,0.0,0.0,0.0,0.0,0.0,0,500,500,4000,149.83402967453003
ok,ptft,15,5000,0.35300000000000004,1765,0.353,10000,0.001,-0.001,0.0,0.1,1.0,0.1,0.0,unit_total_var,,0.5,5000000,5000,50000,True,0.0001,,0.0,0.0,1.0,2000,fixed_point,10000,1.0260060913485374,1.031254881526246,0.0,0.0,0.0,0.0,0.0,0.0,0.0,0,500,500,4000,137.5429208278656
ok,ptft,16,5000,0.35300000000000004,1765,0.353,10000,0.001,-0.001,0.0,0.1,1.0,0.1,0.0,unit_total_var,,0.5,5000000,5000,50000,True,0.0001,,0.0,0.0,1.0,2000,fixed_point,10000,0.9609742446483588,0.9493534504151788,0.0,0.0,0.0,0.0,0.0,0.0,0.0,0,500,500,4000,75.44136261940001
ok,ptft,17,5000,0.35300000000000004,1765,0.353,10000,0.001,-0.001,0.0,0.1,1.0,0.1,0.0,unit_total_var,,0.5,5000000,5000,50000,True,0.0001,,0.0,0.0,1.0,2000,fixed_point,10000,0.9783195106926854,0.9592541978197608,0.0,0.0,0.0,0.0,0.0,0.0,0.0,0,500,500,4000,179.57942152023315
ok,ptft,18,5000,0.35300000000000004,1765,0.353,10000,0.001,-0.001,0.0,0.1,1.0,0.1,0.0,unit_total_var,,0.5,5000000,5000,50000,True,0.0001,,0.0,0.0,1.0,2000,fixed_point,10000,0.9272503142659044,0.9196700429912978,0.0,0.0,0.0,0.0,0.0,0.0,0.0,0,500,500,4000,112.32485175132751
ok,ptft,19,5000,0.35300000000000004,1765,0.353,10000,0.001,-0.001,0.0,0.1,1.0,0.1,0.0,unit_total_var,,0.5,5000000,5000,50000,True,0.0001,,0.0,0.0,1.0,2000,fixed_point,10000,0.969580883501878,0.9895460979293972,0.0,0.0,0.0,0.0,0.0,0.0,0.0,0,500,500,4000,83.14880037307739
ok,ptft,6,5000,0.35300000000000004,1765,0.353,10000,0.001,-0.001,0.0,0.1,1.0,0.1,0.0,unit_total_var,,0.5,5000000,5000,50000,True,0.0001,,0.0,0.0,1.0,2000,fixed_point,10000,0.9871879627166271,0.9856963359738816,0.0,0.0,0.0,0.0,0.0,0.0,0.0,0,500,500,4000,136.7740261554718
ok,ptft,7,5000,0.35300000000000004,1765,0.353,10000,0.001,-0.001,0.0,0.1,1.0,0.1,0.0,unit_total_var,,0.5,5000000,5000,50000,True,0.0001,,0.0,0.0,1.0,2000,fixed_point,10000,1.0049562430671106,1.0123668318602148,0.0,0.0,0.0,0.0,0.0,0.0,0.0,0,500,500,4000,180.7968590259552
ok,ptft,8,5000,0.35300000000000004,1765,0.353,10000,0.001,-0.001,0.0,0.1,1.0,0.1,0.0,unit_total_var,,0.5,5000000,5000,50000,True,0.0001,,0.0,0.0,1.0,2000,fixed_point,10000,1.0726426345224542,1.0547493509302177,0.0,0.0,0.0,0.0,0.0,0.0,0.0,0,500,500,4000,109.33584976196288
ok,ptft,9,5000,0.35300000000000004,1765,0.353,10000,0.001,-0.001,0.0,0.1,1.0,0.1,0.0,unit_total_var,,0.5,5000000,5000,50000,True,0.0001,,0.0,0.0,1.0,2000,fixed_point,10000,0.9860449129325228,0.9638759488337914,0.0,0.0,0.0,0.0,0.0,0.0,0.0,0,500,500,4000,125.19109344482422
ok,ptft,10,5000,0.402,2010,0.402,10000,0.001,-0.001,0.0,0.1,1.0,0.1,0.0,unit_total_var,,0.5,5000000,5000,50000,True,0.0001,,0.0,0.0,1.0,2000,fixed_point,10000,1.0742889561585791,1.0501916829843267,0.0,0.0,0.0,0.0,0.0,0.0,0.0,0,500,500,4000,157.20682263374331
ok,ptft,11,5000,0.402,2010,0.402,10000,0.001,-0.001,0.0,0.1,1.0,0.1,0.0,unit_total_var,,0.5,5000000,5000,50000,True,0.0001,,0.0,0.0,1.0,2000,fixed_point,10000,1.1342900826178943,1.1237696347878914,0.0,0.0,0.0,0.0,0.0,0.0,0.0,0,500,500,4000,139.29740810394287
ok,ptft,12,5000,0.402,2010,0.402,10000,0.001,-0.001,0.0,0.1,1.0,0.1,0.0,unit_total_var,,0.5,5000000,5000,50000,True,0.0001,,0.0,0.0,1.0,2000,fixed_point,10000,0.940501179233012,0.9359003874242356,0.0,0.0,0.0,0.0,0.0,0.0,0.0,0,500,500,4000,150.2990832328796
ok,ptft,13,5000,0.402,2010,0.402,10000,0.001,-0.001,0.0,0.1,1.0,0.1,0.0,unit_total_var,,0.5,5000000,5000,50000,True,0.0001,,0.0,0.0,1.0,2000,fixed_point,10000,1.0424376292540067,1.0505454030808066,0.0,0.0,0.0,0.0,0.0,0.0,0.0,0,500,500,4000,153.58161616325378
ok,ptft,14,5000,0.402,2010,0.402,10000,0.001,-0.001,0.0,0.1,1.0,0.1,0.0,unit_total_var,,0.5,5000000,5000,50000,True,0.0001,,0.0,0.0,1.0,2000,fixed_point,10000,1.123930831834287,1.1093430810601976,0.0,0.0,0.0,0.0,0.0,0.0,0.0,0,500,500,4000,153.77938175201416
ok,ptft,15,5000,0.402,2010,0.402,10000,0.001,-0.001,0.0,0.1,1.0,0.1,0.0,unit_total_var,,0.5,5000000,5000,50000,True,0.0001,,0.0,0.0,1.0,2000,fixed_point,10000,1.0260060913485374,1.031254881526246,0.0,0.0,0.0,0.0,0.0,0.0,0.0,0,500,500,4000,81.43035173416138
ok,ptft,16,5000,0.402,2010,0.402,10000,0.001,-0.001,0.0,0.1,1.0,0.1,0.0,unit_total_var,,0.5,5000000,5000,50000,True,0.0001,,0.0,0.0,1.0,2000,fixed_point,10000,0.9609742446483588,0.9493534504151788,0.0,0.0,0.0,0.0,0.0,0.0,0.0,0,500,500,4000,145.55209684371945
ok,ptft,17,5000,0.402,2010,0.402,10000,0.001,-0.001,0.0,0.1,1.0,0.1,0.0,unit_total_var,,0.5,5000000,5000,50000,True,0.0001,,0.0,0.0,1.0,2000,fixed_point,10000,0.9783195106926854,0.9592541978197608,0.0,0.0,0.0,0.0,0.0,0.0,0.0,0,500,500,4000,132.578857421875
ok,ptft,18,5000,0.402,2010,0.402,10000,0.001,-0.001,0.0,0.1,1.0,0.1,0.0,unit_total_var,,0.5,5000000,5000,50000,True,0.0001,,0.0,0.0,1.0,2000,fixed_point,10000,0.9272503142659044,0.9196700429912978,0.0,0.0,0.0,0.0,0.0,0.0,0.0,0,500,500,4000,108.4635775089264
ok,ptft,19,5000,0.402,2010,0.402,10000,0.001,-0.001,0.0,0.1,1.0,0.1,0.0,unit_total_var,,0.5,5000000,5000,50000,True,0.0001,,0.0,0.0,1.0,2000,fixed_point,10000,0.969580883501878,0.9895460979293972,0.0,0.0,0.0,0.0,0.0,0.0,0.0,0,500,500,4000,116.49988222122192
ok,ptft,6,5000,0.402,2010,0.402,10000,0.001,-0.001,0.0,0.1,1.0,0.1,0.0,unit_total_var,,0.5,5000000,5000,50000,True,0.0001,,0.0,0.0,1.0,2000,fixed_point,10000,0.9871879627166271,0.9856963359738816,0.0,0.0,0.0,0.0,0.0,0.0,0.0,0,500,500,4000,150.85925459861755
ok,ptft,7,5000,0.402,2010,0.402,10000,0.001,-0.001,0.0,0.1,1.0,0.1,0.0,unit_total_var,,0.5,5000000,5000,50000,True,0.0001,,0.0,0.0,1.0,2000,fixed_point,10000,1.0049562430671106,1.0123668318602148,0.0,0.0,0.0,0.0,0.0,0.0,0.0,0,500,500,4000,143.4167196750641
ok,ptft,8,5000,0.402,2010,0.402,10000,0.001,-0.001,0.0,0.1,1.0,0.1,0.0,unit_total_var,,0.5,5000000,5000,50000,True,0.0001,,0.0,0.0,1.0,2000,fixed_point,10000,1.0726426345224542,1.0547493509302177,0.0,0.0,0.0,0.0,0.0,0.0,0.0,0,500,500,4000,124.07657027244568
ok,ptft,9,5000,0.402,2010,0.402,10000,0.001,-0.001,0.0,0.1,1.0,0.1,0.0,unit_total_var,,0.5,5000000,5000,50000,True,0.0001,,0.0,0.0,1.0,2000,fixed_point,10000,0.9860449129325228,0.9638759488337914,0.0,0.0,0.0,0.0,0.0,0.0,0.0,0,500,500,4000,114.50544428825378
ok,ptft,10,5000,0.451,2255,0.451,10000,0.001,-0.001,0.0,0.1,1.0,0.1,0.0,unit_total_var,,0.5,5000000,5000,50000,True,0.0001,,0.0,0.0,1.0,2000,fixed_point,10000,1.0742889561585791,1.0501916829843267,0.0,0.0,0.0,0.0,0.0,0.0,0.0,0,500,500,4000,173.4878876209259
ok,ptft,11,5000,0.451,2255,0.451,10000,0.001,-0.001,0.0,0.1,1.0,0.1,0.0,unit_total_var,,0.5,5000000,5000,50000,True,0.0001,,0.0,0.0,1.0,2000,fixed_point,10000,1.1342900826178943,1.1237696347878914,0.0,0.0,0.0,0.0,0.0,0.0,0.0,0,500,500,4000,217.8900830745697
ok,ptft,12,5000,0.451,2255,0.451,10000,0.001,-0.001,0.0,0.1,1.0,0.1,0.0,unit_total_var,,0.5,5000000,5000,50000,True,0.0001,,0.0,0.0,1.0,2000,fixed_point,10000,0.940501179233012,0.9359003874242356,0.0,0.0,0.0,0.0,0.0,0.0,0.0,0,500,500,4000,169.52420806884766
ok,ptft,13,5000,0.451,2255,0.451,10000,0.001,-0.001,0.0,0.1,1.0,0.1,0.0,unit_total_var,,0.5,5000000,5000,50000,True,0.0001,,0.0,0.0,1.0,2000,fixed_point,10000,1.0424376292540067,1.0505454030808066,0.0,0.0,0.0,0.0,0.0,0.0,0.0,0,500,500,4000,169.7101671695709
ok,ptft,14,5000,0.451,2255,0.451,10000,0.001,-0.001,0.0,0.1,1.0,0.1,0.0,unit_total_var,,0.5,5000000,5000,50000,True,0.0001,,0.0,0.0,1.0,2000,fixed_point,10000,1.123930831834287,1.1093430810601976,0.0,0.0,0.0,0.0,0.0,0.0,0.0,0,500,500,4000,165.3508236408234
ok,ptft,15,5000,0.451,2255,0.451,10000,0.001,-0.001,0.0,0.1,1.0,0.1,0.0,unit_total_var,,0.5,5000000,5000,50000,True,0.0001,,0.0,0.0,1.0,2000,fixed_point,10000,1.0260060913485374,1.031254881526246,0.0,0.0,0.0,0.0,0.0,0.0,0.0,0,500,500,4000,146.6791338920593
ok,ptft,16,5000,0.451,2255,0.451,10000,0.001,-0.001,0.0,0.1,1.0,0.1,0.0,unit_total_var,,0.5,5000000,5000,50000,True,0.0001,,0.0,0.0,1.0,2000,fixed_point,10000,0.9609742446483588,0.9493534504151788,0.0,0.0,0.0,0.0,0.0,0.0,0.0,0,500,500,4000,157.4203507900238
ok,ptft,17,5000,0.451,2255,0.451,10000,0.001,-0.001,0.0,0.1,1.0,0.1,0.0,unit_total_var,,0.5,5000000,5000,50000,True,0.0001,,0.0,0.0,1.0,2000,fixed_point,10000,0.9783195106926854,0.9592541978197608,0.0,0.0,0.0,0.0,0.0,0.0,0.0,0,500,500,4000,147.1186397075653
ok,ptft,18,5000,0.451,2255,0.451,10000,0.001,-0.001,0.0,0.1,1.0,0.1,0.0,unit_total_var,,0.5,5000000,5000,50000,True,0.0001,,0.0,0.0,1.0,2000,fixed_point,10000,0.9272503142659044,0.9196700429912978,0.0,0.0,0.0,0.0,0.0,0.0,0.0,0,500,500,4000,137.64769434928894
ok,ptft,19,5000,0.451,2255,0.451,10000,0.001,-0.001,0.0,0.1,1.0,0.1,0.0,unit_total_var,,0.5,5000000,5000,50000,True,0.0001,,0.0,0.0,1.0,2000,fixed_point,10000,0.969580883501878,0.9895460979293972,0.0,0.0,0.0,0.0,0.0,0.0,0.0,0,500,500,4000,136.29511260986328
ok,ptft,6,5000,0.451,2255,0.451,10000,0.001,-0.001,0.0,0.1,1.0,0.1,0.0,unit_total_var,,0.5,5000000,5000,50000,True,0.0001,,0.0,0.0,1.0,2000,fixed_point,10000,0.9871879627166271,0.9856963359738816,0.0,0.0,0.0,0.0,0.0,0.0,0.0,0,500,500,4000,166.03540539741516
ok,ptft,7,5000,0.451,2255,0.451,10000,0.001,-0.001,0.0,0.1,1.0,0.1,0.0,unit_total_var,,0.5,5000000,5000,50000,True,0.0001,,0.0,0.0,1.0,2000,fixed_point,10000,1.0049562430671106,1.0123668318602148,0.0,0.0,0.0,0.0,0.0,0.0,0.0,0,500,500,4000,160.10442996025083
ok,ptft,8,5000,0.451,2255,0.451,10000,0.001,-0.001,0.0,0.1,1.0,0.1,0.0,unit_total_var,,0.5,5000000,5000,50000,True,0.0001,,0.0,0.0,1.0,2000,fixed_point,10000,1.0726426345224542,1.0547493509302177,0.0,0.0,0.0,0.0,0.0,0.0,0.0,0,500,500,4000,137.91310286521912
ok,ptft,9,5000,0.451,2255,0.451,10000,0.001,-0.001,0.0,0.1,1.0,0.1,0.0,unit_total_var,,0.5,5000000,5000,50000,True,0.0001,,0.0,0.0,1.0,2000,fixed_point,10000,0.9860449129325228,0.9638759488337914,0.0,0.0,0.0,0.0,0.0,0.0,0.0,0,500,500,4000,165.64326953887942
ok,ptft,10,5000,0.5,2500,0.5,10000,0.001,-0.001,0.0,0.1,1.0,0.1,0.0,unit_total_var,,0.5,5000000,5000,50000,True,0.0001,,0.0,0.0,1.0,2000,fixed_point,10000,1.0742889561585791,1.0501916829843267,0.0,0.0,0.0,0.0,0.0,0.0,0.0,0,500,500,4000,178.34113240242004
ok,ptft,11,5000,0.5,2500,0.5,10000,0.001,-0.001,0.0,0.1,1.0,0.1,0.0,unit_total_var,,0.5,5000000,5000,50000,True,0.0001,,0.0,0.0,1.0,2000,fixed_point,10000,1.1342900826178943,1.1237696347878914,0.0,0.0,0.0,0.0,0.0,0.0,0.0,0,500,500,4000,234.1208117008209
ok,ptft,12,5000,0.5,2500,0.5,10000,0.001,-0.001,0.0,0.1,1.0,0.1,0.0,unit_total_var,,0.5,5000000,5000,50000,True,0.0001,,0.0,0.0,1.0,2000,fixed_point,10000,0.940501179233012,0.9359003874242356,0.0,0.0,0.0,0.0,0.0,0.0,0.0,0,500,500,4000,183.18372511863708
ok,ptft,13,5000,0.5,2500,0.5,10000,0.001,-0.001,0.0,0.1,1.0,0.1,0.0,unit_total_var,,0.5,5000000,5000,50000,True,0.0001,,0.0,0.0,1.0,2000,fixed_point,10000,1.0424376292540067,1.0505454030808066,0.0,0.0,0.0,0.0,0.0,0.0,0.0,0,500,500,4000,191.79203820228577
ok,ptft,14,5000,0.5,2500,0.5,10000,0.001,-0.001,0.0,0.1,1.0,0.1,0.0,unit_total_var,,0.5,5000000,5000,50000,True,0.0001,,0.0,0.0,1.0,2000,fixed_point,10000,1.123930831834287,1.1093430810601976,0.0,0.0,0.0,0.0,0.0,0.0,0.0,0,500,500,4000,126.88178873062134
ok,ptft,15,5000,0.5,2500,0.5,10000,0.001,-0.001,0.0,0.1,1.0,0.1,0.0,unit_total_var,,0.5,5000000,5000,50000,True,0.0001,,0.0,0.0,1.0,2000,fixed_point,10000,1.0260060913485374,1.031254881526246,0.0,0.0,0.0,0.0,0.0,0.0,0.0,0,500,500,4000,173.48323369026184
ok,ptft,16,5000,0.5,2500,0.5,10000,0.001,-0.001,0.0,0.1,1.0,0.1,0.0,unit_total_var,,0.5,5000000,5000,50000,True,0.0001,,0.0,0.0,1.0,2000,fixed_point,10000,0.9609742446483588,0.9493534504151788,0.0,0.0,0.0,0.0,0.0,0.0,0.0,0,500,500,4000,174.87544107437134
ok,ptft,17,5000,0.5,2500,0.5,10000,0.001,-0.001,0.0,0.1,1.0,0.1,0.0,unit_total_var,,0.5,5000000,5000,50000,True,0.0001,,0.0,0.0,1.0,2000,fixed_point,10000,0.9783195106926854,0.9592541978197608,0.0,0.0,0.0,0.0,0.0,0.0,0.0,0,500,500,4000,162.29154658317566
ok,ptft,18,5000,0.5,2500,0.5,10000,0.001,-0.001,0.0,0.1,1.0,0.1,0.0,unit_total_var,,0.5,5000000,5000,50000,True,0.0001,,0.0,0.0,1.0,2000,fixed_point,10000,0.9272503142659044,0.9196700429912978,0.0,0.0,0.0,0.0,0.0,0.0,0.0,0,500,500,4000,152.51791453361508
ok,ptft,19,5000,0.5,2500,0.5,10000,0.001,-0.001,0.0,0.1,1.0,0.1,0.0,unit_total_var,,0.5,5000000,5000,50000,True,0.0001,,0.0,0.0,1.0,2000,fixed_point,10000,0.969580883501878,0.9895460979293972,0.0,0.0,0.0,0.0,0.0,0.0,0.0,0,500,500,4000,146.73225927352902
ok,ptft,6,5000,0.5,2500,0.5,10000,0.001,-0.001,0.0,0.1,1.0,0.1,0.0,unit_total_var,,0.5,5000000,5000,50000,True,0.0001,,0.0,0.0,1.0,2000,fixed_point,10000,0.9871879627166271,0.9856963359738816,0.0,0.0,0.0,0.0,0.0,0.0,0.0,0,500,500,4000,157.66573476791382
ok,ptft,7,5000,0.5,2500,0.5,10000,0.001,-0.001,0.0,0.1,1.0,0.1,0.0,unit_total_var,,0.5,5000000,5000,50000,True,0.0001,,0.0,0.0,1.0,2000,fixed_point,10000,1.0049562430671106,1.0123668318602148,0.0,0.0,0.0,0.0,0.0,0.0,0.0,0,500,500,4000,185.430682182312
ok,ptft,8,5000,0.5,2500,0.5,10000,0.001,-0.001,0.0,0.1,1.0,0.1,0.0,unit_total_var,,0.5,5000000,5000,50000,True,0.0001,,0.0,0.0,1.0,2000,fixed_point,10000,1.0726426345224542,1.0547493509302177,0.0,0.0,0.0,0.0,0.0,0.0,0.0,0,500,500,4000,151.8601393699646
ok,ptft,9,5000,0.5,2500,0.5,10000,0.001,-0.001,0.0,0.1,1.0,0.1,0.0,unit_total_var,,0.5,5000000,5000,50000,True,0.0001,,0.0,0.0,1.0,2000,fixed_point,10000,0.9860449129325228,0.9638759488337914,0.0,0.0,0.0,0.0,0.0,0.0,0.0,0,500,500,4000,209.0033655166626
ok,ptft,10,5000,0.01,50,0.01,10000,0.001,0.00099,0.0,0.1,1.0,0.1,0.0,unit_total_var,,0.5,5000000,5000,50000,True,0.0001,,0.0,0.0,1.0,2000,train_pred_mse,5000,1.1882860460502422,1.1581883460321374,3.8100553326253376e-12,129.9331874662097,417.7559675873017,23.28759743859573,1.0,0.0,0.0,0,500,500,4000,4.853188753128052
ok,ptft,11,5000,0.01,50,0.01,10000,0.001,0.00099,0.0,0.1,1.0,0.1,0.0,unit_total_var,,0.5,5000000,5000,50000,True,0.0001,,0.0,0.0,1.0,2000,train_pred_mse,5000,1.2490256829561863,1.2360390083521635,2.540316224063349e-12,130.22123757288796,416.7581511838305,23.74214942214283,0.9996,0.0,0.0,0,500,500,4000,5.3317389488220215
ok,ptft,12,5000,0.01,50,0.01,10000,0.001,0.00099,0.0,0.1,1.0,0.1,0.0,unit_total_var,,0.5,5000000,5000,50000,True,0.0001,,0.0,0.0,1.0,2000,train_pred_mse,5000,1.059228799354833,1.059243620322071,4.2161008188768764e-13,135.09440423762402,439.5147333966175,24.887385296276666,0.9998,0.0,0.0,0,500,500,4000,6.569774627685548
ok,ptft,13,5000,0.01,50,0.01,10000,0.001,0.00099,0.0,0.1,1.0,0.1,0.0,unit_total_var,,0.5,5000000,5000,50000,True,0.0001,,0.0,0.0,1.0,2000,train_pred_mse,5000,1.1521561303704204,1.1789803540827342,7.146048104911728e-14,129.96911016763053,451.6431351952906,25.394093720454286,0.9992,0.0,0.0,0,500,500,4000,7.209842443466186
ok,ptft,14,5000,0.01,50,0.01,10000,0.001,0.00099,0.0,0.1,1.0,0.1,0.0,unit_total_var,,0.5,5000000,5000,50000,True,0.0001,,0.0,0.0,1.0,2000,train_pred_mse,5000,1.2032702925049283,1.195659304418326,1.9227386762746764e-12,129.85814131596473,380.4335918472812,20.817785483191408,0.9998,0.0,0.0,0,500,500,4000,4.680129766464233
ok,ptft,15,5000,0.01,50,0.01,10000,0.001,0.00099,0.0,0.1,1.0,0.1,0.0,unit_total_var,,0.5,5000000,5000,50000,True,0.0001,,0.0,0.0,1.0,2000,train_pred_mse,5000,1.1191686159967644,1.1319677126865673,2.0284986222567578e-12,121.42513165912855,393.1776242120362,22.487097794483407,0.9996,0.0,0.0,0,500,500,4000,4.979435920715332
ok,ptft,16,5000,0.01,50,0.01,10000,0.001,0.00099,0.0,0.1,1.0,0.1,0.0,unit_total_var,,0.5,5000000,5000,50000,True,0.0001,,0.0,0.0,1.0,2000,train_pred_mse,5000,1.0525357096376122,1.0557956075462855,5.1834441866793035e-12,142.83557100718642,403.78050134566774,23.118692776673843,1.0,0.0,0.0,0,500,500,4000,4.581062078475952
ok,ptft,17,5000,0.01,50,0.01,10000,0.001,0.00099,0.0,0.1,1.0,0.1,0.0,unit_total_var,,0.5,5000000,5000,50000,True,0.0001,,0.0,0.0,1.0,2000,train_pred_mse,5000,1.0915088697373558,1.066735573263403,2.0804802528856052e-11,125.88275294471993,404.6450043841721,23.23204503610847,0.9994,0.0,0.0,0,500,500,4000,4.776412010192871
ok,ptft,18,5000,0.01,50,0.01,10000,0.001,0.00099,0.0,0.1,1.0,0.1,0.0,unit_total_var,,0.5,5000000,5000,50000,True,0.0001,,0.0,0.0,1.0,2000,train_pred_mse,5000,1.0409802444637055,1.0318445783076338,6.358820328769828e-13,131.6085408804179,414.6156404456064,23.731734397036647,0.9992,0.0,0.0,0,500,500,4000,5.956587791442871
ok,ptft,19,5000,0.01,50,0.01,10000,0.001,0.00099,0.0,0.1,1.0,0.1,0.0,unit_total_var,,0.5,5000000,5000,50000,True,0.0001,,0.0,0.0,1.0,2000,train_pred_mse,5000,1.0664425248373202,1.0881143295599898,1.7391460685895408e-12,124.92755439284929,394.8045958703434,22.24674832507848,1.0,0.0,0.0,0,500,500,4000,5.158688545227051
ok,ptft,6,5000,0.01,50,0.01,10000,0.001,0.00099,0.0,0.1,1.0,0.1,0.0,unit_total_var,,0.5,5000000,5000,50000,True,0.0001,,0.0,0.0,1.0,2000,train_pred_mse,5000,1.11489625338266,1.1089113551256344,2.741727967738601e-11,129.7830093229367,437.4444877901343,24.8756038437913,0.9994,0.0,0.0,0,500,500,4000,6.547100305557251
ok,ptft,7,5000,0.01,50,0.01,10000,0.001,0.00099,0.0,0.1,1.0,0.1,0.0,unit_total_var,,0.5,5000000,5000,50000,True,0.0001,,0.0,0.0,1.0,2000,train_pred_mse,5000,1.1052562587914685,1.1130860151567634,6.472110268208606e-12,131.57475024586122,397.22355868268585,22.48835812511149,1.0,0.0,0.0,0,500,500,4000,6.000275611877441
ok,ptft,8,5000,0.01,50,0.01,10000,0.001,0.00099,0.0,0.1,1.0,0.1,0.0,unit_total_var,,0.5,5000000,5000,50000,True,0.0001,,0.0,0.0,1.0,2000,train_pred_mse,5000,1.2076534933494902,1.191714198888296,3.189181938181104e-13,121.41646968740544,461.80256511982356,26.225439031888772,0.9998,0.0,0.0,0,500,500,4000,5.203386306762695
ok,ptft,9,5000,0.01,50,0.01,10000,0.001,0.00099,0.0,0.1,1.0,0.1,0.0,unit_total_var,,0.5,5000000,5000,50000,True,0.0001,,0.0,0.0,1.0,2000,train_pred_mse,5000,1.0974518862053682,1.0728093858632384,3.6179562050916734e-12,124.8804930995762,415.234190345255,23.39146581034975,0.9998,0.0,0.0,0,500,500,4000,5.06708574295044
ok,ptft,10,5000,0.059,295,0.059000000000000004,10000,0.001,0.00099,0.0,0.1,1.0,0.1,0.0,unit_total_var,,0.5,5000000,5000,50000,True,0.0001,,0.0,0.0,1.0,2000,train_pred_mse,10000,1.9237316320643372,1.897262790062682,0.00015607515798839197,0.042482871734693985,1251.1114283101842,66.18374043246432,1.0,0.0,0.0,0,500,500,4000,26.58849024772644
ok,ptft,11,5000,0.059,295,0.059000000000000004,10000,0.001,0.00099,0.0,0.1,1.0,0.1,0.0,unit_total_var,,0.5,5000000,5000,50000,True,0.0001,,0.0,0.0,1.0,2000,train_pred_mse,10000,1.9147270453058507,1.9324551238564207,0.00019024790723439405,0.04876992375864275,1187.1997470274014,64.34873360228022,1.0,0.0,0.0,0,500,500,4000,22.42766284942627
ok,ptft,12,5000,0.059,295,0.059000000000000004,10000,0.001,0.00099,0.0,0.1,1.0,0.1,0.0,unit_total_var,,0.5,5000000,5000,50000,True,0.0001,,0.0,0.0,1.0,2000,train_pred_mse,10000,1.7082518427748572,1.6886392285227296,0.0002857432200406304,0.061742646690357464,1157.4937619262034,62.13216605389202,1.0,0.0,0.0,0,500,500,4000,25.23967695236206
ok,ptft,13,5000,0.059,295,0.059000000000000004,10000,0.001,0.00099,0.0,0.1,1.0,0.1,0.0,unit_total_var,,0.5,5000000,5000,50000,True,0.0001,,0.0,0.0,1.0,2000,train_pred_mse,10000,1.8462055335625085,1.8433479572577929,0.0002241677599780857,0.05316933862467523,1200.7444798287809,63.63480856432179,1.0,0.0,0.0,0,500,500,4000,13.241164207458494
ok,ptft,14,5000,0.059,295,0.059000000000000004,10000,0.001,0.00099,0.0,0.1,1.0,0.1,0.0,unit_total_var,,0.5,5000000,5000,50000,True,0.0001,,0.0,0.0,1.0,2000,train_pred_mse,10000,2.054876079930925,2.037356627165249,0.0002388392688974212,0.05182608288943917,1299.847325671945,69.22718124578108,1.0,0.0,0.0,0,500,500,4000,14.267165422439575
ok,ptft,15,5000,0.059,295,0.059000000000000004,10000,0.001,0.00099,0.0,0.1,1.0,0.1,0.0,unit_total_var,,0.5,5000000,5000,50000,True,0.0001,,0.0,0.0,1.0,2000,train_pred_mse,10000,1.8281474083249163,1.8149714152808532,0.00023585827042736957,0.059530343771525863,1228.462125845956,63.94435434748331,1.0,0.0,0.0,0,500,500,4000,14.542779207229614
ok,ptft,16,5000,0.059,295,0.059000000000000004,10000,0.001,0.00099,0.0,0.1,1.0,0.1,0.0,unit_total_var,,0.5,5000000,5000,50000,True,0.0001,,0.0,0.0,1.0,2000,train_pred_mse,15000,1.7125698852947508,1.7061985083938505,8.006223062335744e-05,0.013165568458120957,1138.9395285852738,62.273328252935855,0.9998,0.0,0.0,0,500,500,4000,20.927019357681274
ok,ptft,17,5000,0.059,295,0.059000000000000004,10000,0.001,0.00099,0.0,0.1,1.0,0.1,0.0,unit_total_var,,0.5,5000000,5000,50000,True,0.0001,,0.0,0.0,1.0,2000,train_pred_mse,10000,1.6036042567387103,1.6082072070659137,0.0002672940177139253,0.06535744588227822,1098.239186581439,57.69198609088461,1.0,0.0,0.0,0,500,500,4000,14.118892669677734
ok,ptft,18,5000,0.059,295,0.059000000000000004,10000,0.001,0.00099,0.0,0.1,1.0,0.1,0.0,unit_total_var,,0.5,5000000,5000,50000,True,0.0001,,0.0,0.0,1.0,2000,train_pred_mse,10000,1.6703511931402093,1.6605957986599176,0.0002918684962301439,0.06270163586211333,1158.7251280370497,61.70301197129721,1.0,0.0,0.0,0,500,500,4000,29.92778754234314
ok,ptft,19,5000,0.059,295,0.059000000000000004,10000,0.001,0.00099,0.0,0.1,1.0,0.1,0.0,unit_total_var,,0.5,5000000,5000,50000,True,0.0001,,0.0,0.0,1.0,2000,train_pred_mse,15000,1.624029084800788,1.6175837303303269,8.166420035546895e-05,0.01371938485480397,1051.5567703064394,57.13362827294427,1.0,0.0,0.0,0,500,500,4000,22.758403778076172
ok,ptft,6,5000,0.059,295,0.059000000000000004,10000,0.001,0.00099,0.0,0.1,1.0,0.1,0.0,unit_total_var,,0.5,5000000,5000,50000,True,0.0001,,0.0,0.0,1.0,2000,train_pred_mse,10000,1.660725762496618,1.6621740617654912,0.0002743420096242192,0.06408482976435775,1084.9384877914515,58.97028275046612,1.0,0.0,0.0,0,500,500,4000,19.050257682800293
ok,ptft,7,5000,0.059,295,0.059000000000000004,10000,0.001,0.00099,0.0,0.1,1.0,0.1,0.0,unit_total_var,,0.5,5000000,5000,50000,True,0.0001,,0.0,0.0,1.0,2000,train_pred_mse,10000,1.7539265624675449,1.7518576639362065,0.00032406920931216137,0.06699047024750962,1160.225531302009,61.657335012877645,0.9998,0.0,0.0,0,500,500,4000,17.144269704818726
ok,ptft,8,5000,0.059,295,0.059000000000000004,10000,0.001,0.00099,0.0,0.1,1.0,0.1,0.0,unit_total_var,,0.5,5000000,5000,50000,True,0.0001,,0.0,0.0,1.0,2000,train_pred_mse,10000,1.8242665036072243,1.85433561100964,0.0002182729537901408,0.053574812757589886,1188.5215412829348,64.15449027894839,0.9998,0.0,0.0,0,500,500,4000,18.560558080673214
ok,ptft,9,5000,0.059,295,0.059000000000000004,10000,0.001,0.00099,0.0,0.1,1.0,0.1,0.0,unit_total_var,,0.5,5000000,5000,50000,True,0.0001,,0.0,0.0,1.0,2000,train_pred_mse,10000,1.6911703386418615,1.6529648966139456,0.0002792175703824001,0.06227003752327776,1101.4112690516936,59.39604797258152,1.0,0.0,0.0,0,500,500,4000,18.233323097229004
ok,ptft,10,5000,0.10800000000000001,540,0.10800000000000001,10000,0.001,0.00099,0.0,0.1,1.0,0.1,0.0,unit_total_var,,0.5,5000000,5000,50000,True,0.0001,,0.0,0.0,1.0,2000,train_pred_mse,20000,1.681015468826896,1.6887911356722058,0.00014882111948151202,0.013500228765404531,1461.2907266759867,62.88449704414999,1.0,0.0,0.0,0,500,500,4000,92.81395077705385
ok,ptft,11,5000,0.10800000000000001,540,0.10800000000000001,10000,0.001,0.00099,0.0,0.1,1.0,0.1,0.0,unit_total_var,,0.5,5000000,5000,50000,True,0.0001,,0.0,0.0,1.0,2000,train_pred_mse,20000,1.715274320992514,1.6971994069357417,0.00012517557627822682,0.010905514660947696,1405.5883765534795,60.99021364647078,0.9996,0.0,0.0,0,500,500,4000,89.4081540107727
ok,ptft,12,5000,0.10800000000000001,540,0.10800000000000001,10000,0.001,0.00099,0.0,0.1,1.0,0.1,0.0,unit_total_var,,0.5,5000000,5000,50000,True,0.0001,,0.0,0.0,1.0,2000,train_pred_mse,20000,1.5471559388778502,1.5551646898096232,0.00014714253691938502,0.012603893064973991,1388.1401332358666,61.30221740085114,1.0,0.0,0.0,0,500,500,4000,48.052024364471436
ok,ptft,13,5000,0.10800000000000001,540,0.10800000000000001,10000,0.001,0.00099,0.0,0.1,1.0,0.1,0.0,unit_total_var,,0.5,5000000,5000,50000,True,0.0001,,0.0,0.0,1.0,2000,train_pred_mse,20000,1.5661831600784415,1.5843113843948868,0.00012758911249245434,0.012435909237304378,1413.510620761163,59.417955274801905,0.9998,0.0,0.0,0,500,500,4000,56.36178469657898
ok,ptft,14,5000,0.10800000000000001,540,0.10800000000000001,10000,0.001,0.00099,0.0,0.1,1.0,0.1,0.0,unit_total_var,,0.5,5000000,5000,50000,True,0.0001,,0.0,0.0,1.0,2000,train_pred_mse,20000,1.7564070433164758,1.750036518621659,0.00013942917658799116,0.01211032672741189,1494.6385202223605,64.38803242934266,1.0,0.0,0.0,0,500,500,4000,62.1208381652832
ok,ptft,15,5000,0.10800000000000001,540,0.10800000000000001,10000,0.001,0.00099,0.0,0.1,1.0,0.1,0.0,unit_total_var,,0.5,5000000,5000,50000,True,0.0001,,0.0,0.0,1.0,2000,train_pred_mse,20000,1.6092062975122932,1.62461658529372,0.00013075621372428772,0.011325620804853284,1479.9455442407416,62.89130032454765,1.0,0.0,0.0,0,500,500,4000,41.895890474319465
ok,ptft,16,5000,0.10800000000000001,540,0.10800000000000001,10000,0.001,0.00099,0.0,0.1,1.0,0.1,0.0,unit_total_var,,0.5,5000000,5000,50000,True,0.0001,,0.0,0.0,1.0,2000,train_pred_mse,20000,1.430095832441402,1.4183300974112154,0.00013453262764891597,0.012627576469848406,1329.6514405061266,55.008677182305405,1.0,0.0,0.0,0,500,500,4000,36.35042309761048
ok,ptft,17,5000,0.10800000000000001,540,0.10800000000000001,10000,0.001,0.00099,0.0,0.1,1.0,0.1,0.0,unit_total_var,,0.5,5000000,5000,50000,True,0.0001,,0.0,0.0,1.0,2000,train_pred_mse,20000,1.4102165973079517,1.3810182837507876,0.00012880951042892042,0.011315745895077596,1383.0680474229562,58.40802401810274,1.0,0.0,0.0,0,500,500,4000,45.34767508506775
ok,ptft,18,5000,0.10800000000000001,540,0.10800000000000001,10000,0.001,0.00099,0.0,0.1,1.0,0.1,0.0,unit_total_var,,0.5,5000000,5000,50000,True,0.0001,,0.0,0.0,1.0,2000,train_pred_mse,20000,1.4998803357498387,1.4862394563469077,0.00013808278777168467,0.012323732813807546,1406.0923918297503,59.94075200864932,1.0,0.0,0.0,0,500,500,4000,37.596771240234375
ok,ptft,19,5000,0.10800000000000001,540,0.10800000000000001,10000,0.001,0.00099,0.0,0.1,1.0,0.1,0.0,unit_total_var,,0.5,5000000,5000,50000,True,0.0001,,0.0,0.0,1.0,2000,train_pred_mse,20000,1.575656239781261,1.6066200035691098,0.00016447432119047505,0.01429592689730449,1357.7007507737574,60.921464579980686,0.9998,0.0,0.0,0,500,500,4000,43.38181138038635
ok,ptft,6,5000,0.10800000000000001,540,0.10800000000000001,10000,0.001,0.00099,0.0,0.1,1.0,0.1,0.0,unit_total_var,,0.5,5000000,5000,50000,True,0.0001,,0.0,0.0,1.0,2000,train_pred_mse,20000,1.618374031002254,1.584650080140212,0.0001232467655256505,0.011400683226895504,1417.421038122465,61.60715974432212,1.0,0.0,0.0,0,500,500,4000,35.00589871406555
ok,ptft,7,5000,0.10800000000000001,540,0.10800000000000001,10000,0.001,0.00099,0.0,0.1,1.0,0.1,0.0,unit_total_var,,0.5,5000000,5000,50000,True,0.0001,,0.0,0.0,1.0,2000,train_pred_mse,20000,1.6290561306708424,1.6432451097030991,0.00014692933395716584,0.01276952792762825,1450.1710591119818,64.04058181239533,1.0,0.0,0.0,0,500,500,4000,49.30478596687317
ok,ptft,8,5000,0.10800000000000001,540,0.10800000000000001,10000,0.001,0.00099,0.0,0.1,1.0,0.1,0.0,unit_total_var,,0.5,5000000,5000,50000,True,0.0001,,0.0,0.0,1.0,2000,train_pred_mse,20000,1.6582967647405396,1.6222974412460858,0.00011137411421087452,0.009618356204368884,1473.8255130583066,62.720702499889185,1.0,0.0,0.0,0,500,500,4000,106.39739871025084
ok,ptft,9,5000,0.10800000000000001,540,0.10800000000000001,10000,0.001,0.00099,0.0,0.1,1.0,0.1,0.0,unit_total_var,,0.5,5000000,5000,50000,True,0.0001,,0.0,0.0,1.0,2000,train_pred_mse,20000,1.5193267215232995,1.519313223610682,0.00011661972536965974,0.010430953949829786,1424.8673081645843,61.49732888025853,1.0,0.0,0.0,0,500,500,4000,53.06035399436951
ok,ptft,10,5000,0.15700000000000006,785,0.157,10000,0.001,0.00099,0.0,0.1,1.0,0.1,0.0,unit_total_var,,0.5,5000000,5000,50000,True,0.0001,,0.0,0.0,1.0,2000,train_pred_mse,30000,1.375349346142658,1.368796773090424,0.0001336938912316317,0.008143163692746891,1502.3263953312671,56.81171433762316,1.0,0.0,0.0,0,500,500,4000,94.37775897979736
ok,ptft,11,5000,0.15700000000000006,785,0.157,10000,0.001,0.00099,0.0,0.1,1.0,0.1,0.0,unit_total_var,,0.5,5000000,5000,50000,True,0.0001,,0.0,0.0,1.0,2000,train_pred_mse,30000,1.4208351074383658,1.4419274882995077,0.00012915693972598294,0.008010864486876901,1604.130160144531,58.90517347974927,1.0,0.0,0.0,0,500,500,4000,70.53820323944092
ok,ptft,12,5000,0.15700000000000006,785,0.157,10000,0.001,0.00099,0.0,0.1,1.0,0.1,0.0,unit_total_var,,0.5,5000000,5000,50000,True,0.0001,,0.0,0.0,1.0,2000,train_pred_mse,25000,1.1257451661723956,1.1246147988618769,0.00020470467201866467,0.01495070868093276,1457.872038817144,54.058403428284095,1.0,0.0,0.0,0,500,500,4000,99.88817834854126
ok,ptft,13,5000,0.15700000000000006,785,0.157,10000,0.001,0.00099,0.0,0.1,1.0,0.1,0.0,unit_total_var,,0.5,5000000,5000,50000,True,0.0001,,0.0,0.0,1.0,2000,train_pred_mse,30000,1.3876387811587738,1.3796692800265309,0.00012538471535228856,0.007964988813061092,1515.6678326662195,57.22724328522079,1.0,0.0,0.0,0,500,500,4000,151.2083547115326
ok,ptft,14,5000,0.15700000000000006,785,0.157,10000,0.001,0.00099,0.0,0.1,1.0,0.1,0.0,unit_total_var,,0.5,5000000,5000,50000,True,0.0001,,0.0,0.0,1.0,2000,train_pred_mse,30000,1.4221414714141762,1.4127108436532654,0.00012132097966023904,0.00796005502177442,1521.6650357585854,57.30872298650341,1.0,0.0,0.0,0,500,500,4000,155.68751239776608
ok,ptft,15,5000,0.15700000000000006,785,0.157,10000,0.001,0.00099,0.0,0.1,1.0,0.1,0.0,unit_total_var,,0.5,5000000,5000,50000,True,0.0001,,0.0,0.0,1.0,2000,train_pred_mse,30000,1.2602625627002213,1.27993530340579,0.0001403441843066571,0.009592621214852305,1505.2000397009522,55.665944844373904,0.9996,0.0,0.0,0,500,500,4000,89.5793354511261
ok,ptft,16,5000,0.15700000000000006,785,0.157,10000,0.001,0.00099,0.0,0.1,1.0,0.1,0.0,unit_total_var,,0.5,5000000,5000,50000,True,0.0001,,0.0,0.0,1.0,2000,train_pred_mse,30000,1.151238429954613,1.1501815020658108,0.00015967727018335474,0.01080379890218474,1387.650611883307,51.883297733025614,0.9998,0.0,0.0,0,500,500,4000,166.15171313285828
ok,ptft,17,5000,0.15700000000000006,785,0.157,10000,0.001,0.00099,0.0,0.1,1.0,0.1,0.0,unit_total_var,,0.5,5000000,5000,50000,True,0.0001,,0.0,0.0,1.0,2000,train_pred_mse,30000,1.2148793591952547,1.2002173069071418,0.00013408464918311636,0.00953674224993395,1467.582981722387,54.489023116626605,0.9998,0.0,0.0,0,500,500,4000,100.43614435195923
ok,ptft,18,5000,0.15700000000000006,785,0.157,10000,0.001,0.00099,0.0,0.1,1.0,0.1,0.0,unit_total_var,,0.5,5000000,5000,50000,True,0.0001,,0.0,0.0,1.0,2000,train_pred_mse,30000,1.1251929034326245,1.1520823093819499,0.00012456522461524623,0.008060346843612743,1469.779664101503,54.64142714644722,1.0,0.0,0.0,0,500,500,4000,94.20778489112854
ok,ptft,19,5000,0.15700000000000006,785,0.157,10000,0.001,0.00099,0.0,0.1,1.0,0.1,0.0,unit_total_var,,0.5,5000000,5000,50000,True,0.0001,,0.0,0.0,1.0,2000,train_pred_mse,30000,1.2155803635055893,1.2352433613605256,0.00012634411455837992,0.0081594490916784,1461.8116643366268,54.272482493950854,1.0,0.0,0.0,0,500,500,4000,108.66776633262634
ok,ptft,6,5000,0.15700000000000006,785,0.157,10000,0.001,0.00099,0.0,0.1,1.0,0.1,0.0,unit_total_var,,0.5,5000000,5000,50000,True,0.0001,,0.0,0.0,1.0,2000,train_pred_mse,30000,1.3244722214201194,1.331818748442816,0.00013092023665048702,0.007782550867175751,1453.52960024125,56.86481611775332,0.9998,0.0,0.0,0,500,500,4000,202.9592936038971
ok,ptft,7,5000,0.15700000000000006,785,0.157,10000,0.001,0.00099,0.0,0.1,1.0,0.1,0.0,unit_total_var,,0.5,5000000,5000,50000,True,0.0001,,0.0,0.0,1.0,2000,train_pred_mse,30000,1.2823103240375815,1.2814168381816715,0.00013176118372429775,0.008552042359687456,1486.5234070018969,56.03393744624423,1.0,0.0,0.0,0,500,500,4000,90.5221951007843
ok,ptft,8,5000,0.15700000000000006,785,0.157,10000,0.001,0.00099,0.0,0.1,1.0,0.1,0.0,unit_total_var,,0.5,5000000,5000,50000,True,0.0001,,0.0,0.0,1.0,2000,train_pred_mse,30000,1.252645773607893,1.25978328213922,0.00012736303981369696,0.008425083057514991,1495.2287637924355,55.6128726829609,1.0,0.0,0.0,0,500,500,4000,231.7254934310913
ok,ptft,9,5000,0.15700000000000006,785,0.157,10000,0.001,0.00099,0.0,0.1,1.0,0.1,0.0,unit_total_var,,0.5,5000000,5000,50000,True,0.0001,,0.0,0.0,1.0,2000,train_pred_mse,30000,1.1991101474774577,1.2051071402584417,0.0001249259920717614,0.008039617529570435,1455.079202878594,54.80990828639407,1.0,0.0,0.0,0,500,500,4000,95.11799192428587
ok,ptft,10,5000,0.206,1030,0.20600000000000002,10000,0.001,0.00099,0.0,0.1,1.0,0.1,0.0,unit_total_var,,0.5,5000000,5000,50000,True,0.0001,,0.0,0.0,1.0,2000,train_pred_mse,40000,0.9867445057722409,0.9919497884692856,0.000160838365180443,0.00880207265145407,1557.919582100591,54.26998539906957,1.0,0.0,0.0,0,500,500,4000,208.4953663349152
ok,ptft,11,5000,0.206,1030,0.20600000000000002,10000,0.001,0.00099,0.0,0.1,1.0,0.1,0.0,unit_total_var,,0.5,5000000,5000,50000,True,0.0001,,0.0,0.0,1.0,2000,train_pred_mse,40000,1.1189268121141374,1.1009079573781972,0.0001449198717161641,0.008051724212163262,1621.5916891465893,55.86741286805783,1.0,0.0,0.0,0,500,500,4000,359.2393569946289
ok,ptft,12,5000,0.206,1030,0.20600000000000002,10000,0.001,0.00099,0.0,0.1,1.0,0.1,0.0,unit_total_var,,0.5,5000000,5000,50000,True,0.0001,,0.0,0.0,1.0,2000,train_pred_mse,40000,0.9087059979700596,0.8961741030536009,0.00013675128948520372,0.007713281415414123,1517.5829919401401,52.394221209604254,0.9998,0.0,0.0,0,500,500,4000,191.5028064250946
ok,ptft,13,5000,0.206,1030,0.20600000000000002,10000,0.001,0.00099,0.0,0.1,1.0,0.1,0.0,unit_total_var,,0.5,5000000,5000,50000,True,0.0001,,0.0,0.0,1.0,2000,train_pred_mse,40000,0.9991587068959684,0.9958953530912524,0.00013002287495498329,0.00732759237466122,1653.567148420214,55.204082387159694,1.0,0.0,0.0,0,500,500,4000,370.7558534145355
ok,ptft,14,5000,0.206,1030,0.20600000000000002,10000,0.001,0.00099,0.0,0.1,1.0,0.1,0.0,unit_total_var,,0.5,5000000,5000,50000,True,0.0001,,0.0,0.0,1.0,2000,train_pred_mse,40000,1.1019545212329438,1.1063684620700571,0.00012206433377058423,0.0068558679952510975,1642.5568066597564,54.92069303024689,1.0,0.0,0.0,0,500,500,4000,173.3660774230957
ok,ptft,15,5000,0.206,1030,0.20600000000000002,10000,0.001,0.00099,0.0,0.1,1.0,0.1,0.0,unit_total_var,,0.5,5000000,5000,50000,True,0.0001,,0.0,0.0,1.0,2000,train_pred_mse,40000,1.0531802439884856,1.0332298999380902,0.00014494357459319957,0.0077888121182751536,1597.53381981222,54.53223235388656,1.0,0.0,0.0,0,500,500,4000,227.0756824016571
ok,ptft,16,5000,0.206,1030,0.20600000000000002,10000,0.001,0.00099,0.0,0.1,1.0,0.1,0.0,unit_total_var,,0.5,5000000,5000,50000,True,0.0001,,0.0,0.0,1.0,2000,train_pred_mse,40000,0.8908507846234901,0.8882971274384043,0.00013759893853368068,0.008289531350270727,1513.6565174214359,51.453274521552345,0.9998,0.0,0.0,0,500,500,4000,137.71881818771362
ok,ptft,17,5000,0.206,1030,0.20600000000000002,10000,0.001,0.00099,0.0,0.1,1.0,0.1,0.0,unit_total_var,,0.5,5000000,5000,50000,True,0.0001,,0.0,0.0,1.0,2000,train_pred_mse,40000,0.9431391404625,0.934959924358081,0.00014854880899560082,0.008756230882422354,1496.9404941162986,50.50500039975922,1.0,0.0,0.0,0,500,500,4000,193.37227129936215
ok,ptft,18,5000,0.206,1030,0.20600000000000002,10000,0.001,0.00099,0.0,0.1,1.0,0.1,0.0,unit_total_var,,0.5,5000000,5000,50000,True,0.0001,,0.0,0.0,1.0,2000,train_pred_mse,45000,0.980549050761182,0.9814259358036006,0.00011669622676446091,0.00645057229178811,1515.8013095046624,52.20452584554056,1.0,0.0,0.0,0,500,500,4000,244.4369893074036
ok,ptft,19,5000,0.206,1030,0.20600000000000002,10000,0.001,0.00099,0.0,0.1,1.0,0.1,0.0,unit_total_var,,0.5,5000000,5000,50000,True,0.0001,,0.0,0.0,1.0,2000,train_pred_mse,40000,0.9657176169605428,0.9567638331903188,0.00014531693779110997,0.008184743622385023,1503.375435441578,51.39421104220569,0.9994,0.0,0.0,0,500,500,4000,209.8445529937744
ok,ptft,6,5000,0.206,1030,0.20600000000000002,10000,0.001,0.00099,0.0,0.1,1.0,0.1,0.0,unit_total_var,,0.5,5000000,5000,50000,True,0.0001,,0.0,0.0,1.0,2000,train_pred_mse,40000,0.978815405914448,0.9624636773666958,0.00014568562302491876,0.00863529170971461,1560.151731378024,53.23294538110086,1.0,0.0,0.0,0,500,500,4000,165.74918222427368
ok,ptft,7,5000,0.206,1030,0.20600000000000002,10000,0.001,0.00099,0.0,0.1,1.0,0.1,0.0,unit_total_var,,0.5,5000000,5000,50000,True,0.0001,,0.0,0.0,1.0,2000,train_pred_mse,40000,1.0346881608110456,1.0580014593990097,0.00015526472729932952,0.009112146625469315,1578.8594626915853,52.85110140009977,1.0,0.0,0.0,0,500,500,4000,391.7276258468628
ok,ptft,8,5000,0.206,1030,0.20600000000000002,10000,0.001,0.00099,0.0,0.1,1.0,0.1,0.0,unit_total_var,,0.5,5000000,5000,50000,True,0.0001,,0.0,0.0,1.0,2000,train_pred_mse,40000,1.0247038652819231,1.0108525061366262,0.00014416781230660032,0.007409182101910014,1653.4093754939436,57.306636421207706,1.0,0.0,0.0,0,500,500,4000,398.1247041225433
ok,ptft,9,5000,0.206,1030,0.20600000000000002,10000,0.001,0.00099,0.0,0.1,1.0,0.1,0.0,unit_total_var,,0.5,5000000,5000,50000,True,0.0001,,0.0,0.0,1.0,2000,train_pred_mse,45000,1.0051324197753044,1.003390202283194,0.00011710803604699704,0.00620033123311757,1543.8649923791156,53.049721427612326,1.0,0.0,0.0,0,500,500,4000,294.5038897991181
ok,ptft,10,5000,0.255,1275,0.255,10000,0.001,0.00099,0.0,0.1,1.0,0.1,0.0,unit_total_var,,0.5,5000000,5000,50000,True,0.0001,,0.0,0.0,1.0,2000,train_pred_mse,60000,0.7527182904536679,0.7488690603385809,0.0001045941848070854,0.004782638600951369,1648.8761524997585,55.10077133108209,0.9998,0.0,0.0,0,500,500,4000,486.34689021110535
ok,ptft,11,5000,0.255,1275,0.255,10000,0.001,0.00099,0.0,0.1,1.0,0.1,0.0,unit_total_var,,0.5,5000000,5000,50000,True,0.0001,,0.0,0.0,1.0,2000,train_pred_mse,55000,0.8087902167341076,0.8188092402391173,0.0001224612809213001,0.005688275498076131,1708.1556618833692,56.16120278924386,0.9998,0.0,0.0,0,500,500,4000,503.79907417297363
ok,ptft,12,5000,0.255,1275,0.255,10000,0.001,0.00099,0.0,0.1,1.0,0.1,0.0,unit_total_var,,0.5,5000000,5000,50000,True,0.0001,,0.0,0.0,1.0,2000,train_pred_mse,55000,0.7371281799440953,0.7286682672129222,0.00012357857348582946,0.006145309121029586,1598.3778140077038,52.25763295258301,1.0,0.0,0.0,0,500,500,4000,643.2064595222472
ok,ptft,13,5000,0.255,1275,0.255,10000,0.001,0.00099,0.0,0.1,1.0,0.1,0.0,unit_total_var,,0.5,5000000,5000,50000,True,0.0001,,0.0,0.0,1.0,2000,train_pred_mse,55000,0.8071673203182054,0.8124627971040193,0.00011333130165314275,0.00554533731621521,1685.0849785814569,54.61892322883004,0.9996,0.0,0.0,0,500,500,4000,612.1504173278809
ok,ptft,14,5000,0.255,1275,0.255,10000,0.001,0.00099,0.0,0.1,1.0,0.1,0.0,unit_total_var,,0.5,5000000,5000,50000,True,0.0001,,0.0,0.0,1.0,2000,train_pred_mse,55000,0.7511853839285207,0.7755639519360903,0.0001114553180207579,0.005369718689657427,1704.2516413402825,55.6996514179529,1.0,0.0,0.0,0,500,500,4000,485.2967002391815
ok,ptft,15,5000,0.255,1275,0.255,10000,0.001,0.00099,0.0,0.1,1.0,0.1,0.0,unit_total_var,,0.5,5000000,5000,50000,True,0.0001,,0.0,0.0,1.0,2000,train_pred_mse,55000,0.7546897625182257,0.7574106097458635,0.00012204275982779531,0.006054689510511916,1586.0518695630842,51.99947205687457,1.0,0.0,0.0,0,500,500,4000,424.6517179012298
ok,ptft,16,5000,0.255,1275,0.255,10000,0.001,0.00099,0.0,0.1,1.0,0.1,0.0,unit_total_var,,0.5,5000000,5000,50000,True,0.0001,,0.0,0.0,1.0,2000,train_pred_mse,55000,0.7179120519448707,0.706228262360722,0.00012483606304141591,0.0062064413235248155,1564.9982948422248,51.35326775695665,1.0,0.0,0.0,0,500,500,4000,349.92208671569824
ok,ptft,17,5000,0.255,1275,0.255,10000,0.001,0.00099,0.0,0.1,1.0,0.1,0.0,unit_total_var,,0.5,5000000,5000,50000,True,0.0001,,0.0,0.0,1.0,2000,train_pred_mse,55000,0.711962454560025,0.705358745374644,0.00012098051452494912,0.005898087265812818,1573.8031228953535,51.87575922865668,1.0,0.0,0.0,0,500,500,4000,450.85574197769165
ok,ptft,18,5000,0.255,1275,0.255,10000,0.001,0.00099,0.0,0.1,1.0,0.1,0.0,unit_total_var,,0.5,5000000,5000,50000,True,0.0001,,0.0,0.0,1.0,2000,train_pred_mse,55000,0.6639398603534253,0.6593148027069117,0.00011951539106430718,0.005933044617102153,1537.2977635954621,49.174625536111634,0.9998,0.0,0.0,0,500,500,4000,615.6987984180449
ok,ptft,19,5000,0.255,1275,0.255,10000,0.001,0.00099,0.0,0.1,1.0,0.1,0.0,unit_total_var,,0.5,5000000,5000,50000,True,0.0001,,0.0,0.0,1.0,2000,train_pred_mse,55000,0.7055795476300862,0.7041236698640432,0.000111508214785127,0.005866492622932912,1583.271571795552,51.395848008500174,1.0,0.0,0.0,0,500,500,4000,394.7959895133972
ok,ptft,6,5000,0.255,1275,0.255,10000,0.001,0.00099,0.0,0.1,1.0,0.1,0.0,unit_total_var,,0.5,5000000,5000,50000,True,0.0001,,0.0,0.0,1.0,2000,train_pred_mse,55000,0.7072130574430956,0.7047616807628707,0.00012575636030662477,0.005862941375359001,1612.7741468071106,53.509019059475136,0.9996,0.0,0.0,0,500,500,4000,445.14976978302
ok,ptft,7,5000,0.255,1275,0.255,10000,0.001,0.00099,0.0,0.1,1.0,0.1,0.0,unit_total_var,,0.5,5000000,5000,50000,True,0.0001,,0.0,0.0,1.0,2000,train_pred_mse,55000,0.7465249266068751,0.7505362977656974,0.00012303913651628832,0.006171891341979225,1578.8934583701398,50.97219343702383,1.0,0.0,0.0,0,500,500,4000,610.9680941104889
ok,ptft,8,5000,0.255,1275,0.255,10000,0.001,0.00099,0.0,0.1,1.0,0.1,0.0,unit_total_var,,0.5,5000000,5000,50000,True,0.0001,,0.0,0.0,1.0,2000,train_pred_mse,55000,0.7544718003760709,0.7642230657259952,0.00012589827617207457,0.006043617235563639,1649.3844824375215,52.90393673898345,0.9998,0.0,0.0,0,500,500,4000,692.6028475761414
ok,ptft,9,5000,0.255,1275,0.255,10000,0.001,0.00099,0.0,0.1,1.0,0.1,0.0,unit_total_var,,0.5,5000000,5000,50000,True,0.0001,,0.0,0.0,1.0,2000,train_pred_mse,55000,0.6670695862143803,0.6604391869325041,0.00011831259446073552,0.005983341790694671,1532.7290548255655,50.548822611100064,0.9998,0.0,0.0,0,500,500,4000,452.7275867462158
ok,ptft,10,5000,0.30400000000000005,1520,0.304,10000,0.001,0.00099,0.0,0.1,1.0,0.1,0.0,unit_total_var,,0.5,5000000,5000,50000,True,0.0001,,0.0,0.0,1.0,2000,train_pred_mse,75000,0.5742529476909201,0.5618259686662695,9.93747168615234e-05,0.0042444720785948156,1679.9233474667553,53.50626288957052,0.9998,0.0,0.0,0,500,500,4000,593.4616866111755
ok,ptft,11,5000,0.30400000000000005,1520,0.304,10000,0.001,0.00099,0.0,0.1,1.0,0.1,0.0,unit_total_var,,0.5,5000000,5000,50000,True,0.0001,,0.0,0.0,1.0,2000,train_pred_mse,75000,0.6621243735706204,0.6441402543685028,9.610952464932012e-05,0.003984071004475054,1727.44938181022,55.18206620027231,0.9998,0.0,0.0,0,500,500,4000,1003.035796880722
ok,ptft,12,5000,0.30400000000000005,1520,0.304,10000,0.001,0.00099,0.0,0.1,1.0,0.1,0.0,unit_total_var,,0.5,5000000,5000,50000,True,0.0001,,0.0,0.0,1.0,2000,train_pred_mse,75000,0.4615241561029115,0.4591568394144199,0.00010093746920592249,0.004445576729222073,1544.125772728336,50.55890617495122,1.0,0.0,0.0,0,500,500,4000,894.1597399711609
ok,ptft,13,5000,0.30400000000000005,1520,0.304,10000,0.001,0.00099,0.0,0.1,1.0,0.1,0.0,unit_total_var,,0.5,5000000,5000,50000,True,0.0001,,0.0,0.0,1.0,2000,train_pred_mse,75000,0.5429904674901076,0.5582039399581475,9.838062537367021e-05,0.0042456386866381686,1647.010083761289,53.96804744549904,1.0,0.0,0.0,0,500,500,4000,1127.729409456253
ok,ptft,14,5000,0.30400000000000005,1520,0.304,10000,0.001,0.00099,0.0,0.1,1.0,0.1,0.0,unit_total_var,,0.5,5000000,5000,50000,True,0.0001,,0.0,0.0,1.0,2000,train_pred_mse,70000,0.542286238811521,0.5423076941326269,0.00010309797824478687,0.004567045250016319,1665.624429440384,54.415997299565255,0.9996,0.0,0.0,0,500,500,4000,825.6124641895294
ok,ptft,15,5000,0.30400000000000005,1520,0.304,10000,0.001,0.00099,0.0,0.1,1.0,0.1,0.0,unit_total_var,,0.5,5000000,5000,50000,True,0.0001,,0.0,0.0,1.0,2000,train_pred_mse,75000,0.4795236623867926,0.4760284670449384,9.659114423527165e-05,0.004143418617679035,1657.418893940226,53.75508305803834,1.0,0.0,0.0,0,500,500,4000,701.7306163311005
ok,ptft,16,5000,0.30400000000000005,1520,0.304,10000,0.001,0.00099,0.0,0.1,1.0,0.1,0.0,unit_total_var,,0.5,5000000,5000,50000,True,0.0001,,0.0,0.0,1.0,2000,train_pred_mse,80000,0.4822558181161367,0.4926803655234567,9.066237038240783e-05,0.00385228293432264,1557.3319508747727,51.21371698564202,1.0,0.0,0.0,0,500,500,4000,913.040890455246
ok,ptft,17,5000,0.30400000000000005,1520,0.304,10000,0.001,0.00099,0.0,0.1,1.0,0.1,0.0,unit_total_var,,0.5,5000000,5000,50000,True,0.0001,,0.0,0.0,1.0,2000,train_pred_mse,75000,0.4867256192825333,0.4778231647862184,0.00010779215278712193,0.0045837101043151715,1587.3719478150754,52.4776726110544,1.0,0.0,0.0,0,500,500,4000,946.1335289478302
ok,ptft,18,5000,0.30400000000000005,1520,0.304,10000,0.001,0.00099,0.0,0.1,1.0,0.1,0.0,unit_total_var,,0.5,5000000,5000,50000,True,0.0001,,0.0,0.0,1.0,2000,train_pred_mse,70000,0.4238488635839857,0.42769598434072975,0.00011199770136636245,0.004949287276948767,1573.372231803764,51.548613414859155,0.9998,0.0,0.0,0,500,500,4000,633.9547262191772
ok,ptft,19,5000,0.30400000000000005,1520,0.304,10000,0.001,0.00099,0.0,0.1,1.0,0.1,0.0,unit_total_var,,0.5,5000000,5000,50000,True,0.0001,,0.0,0.0,1.0,2000,train_pred_mse,75000,0.4904894852776928,0.50464352122419,0.00010154914611794599,0.004333955189109243,1582.2327584800303,52.287948832882925,1.0,0.0,0.0,0,500,500,4000,618.7068452835082
ok,ptft,6,5000,0.30400000000000005,1520,0.304,10000,0.001,0.00099,0.0,0.1,1.0,0.1,0.0,unit_total_var,,0.5,5000000,5000,50000,True,0.0001,,0.0,0.0,1.0,2000,train_pred_mse,75000,0.4734921981806346,0.4660717011405442,0.00010006203020000495,0.004045514946649822,1602.7363319033745,53.150944707475546,0.9998,0.0,0.0,0,500,500,4000,978.7007277011872
ok,ptft,7,5000,0.30400000000000005,1520,0.304,10000,0.001,0.00099,0.0,0.1,1.0,0.1,0.0,unit_total_var,,0.5,5000000,5000,50000,True,0.0001,,0.0,0.0,1.0,2000,train_pred_mse,70000,0.5142701154550618,0.5199844041278673,0.00011158483678662883,0.004936744743526347,1638.4809995024893,53.07420994029039,1.0,0.0,0.0,0,500,500,4000,921.0543615818024
ok,ptft,8,5000,0.30400000000000005,1520,0.304,10000,0.001,0.00099,0.0,0.1,1.0,0.1,0.0,unit_total_var,,0.5,5000000,5000,50000,True,0.0001,,0.0,0.0,1.0,2000,train_pred_mse,70000,0.5237791994687436,0.5140628598491171,0.00010739427537806472,0.004569845505436274,1634.648557734347,53.912976076228276,0.9998,0.0,0.0,0,500,500,4000,1096.3639221191406
ok,ptft,9,5000,0.30400000000000005,1520,0.304,10000,0.001,0.00099,0.0,0.1,1.0,0.1,0.0,unit_total_var,,0.5,5000000,5000,50000,True,0.0001,,0.0,0.0,1.0,2000,train_pred_mse,75000,0.5036475670423844,0.494087634015247,0.00010734150049731247,0.004518043692829914,1598.7464241035568,52.40045550194826,0.9998,0.0,0.0,0,500,500,4000,1019.348349571228
ok,ptft,10,5000,0.35300000000000004,1765,0.353,10000,0.001,0.00099,0.0,0.1,1.0,0.1,0.0,unit_total_var,,0.5,5000000,5000,50000,True,0.0001,,0.0,0.0,1.0,2000,train_pred_mse,100000,0.3478703458425956,0.3395335949876805,8.416067216438479e-05,0.0028975751711326327,1639.57758974582,55.57325650347054,0.9998,0.0,0.0,0,500,500,4000,1089.3960139751434
ok,ptft,11,5000,0.35300000000000004,1765,0.353,10000,0.001,0.00099,0.0,0.1,1.0,0.1,0.0,unit_total_var,,0.5,5000000,5000,50000,True,0.0001,,0.0,0.0,1.0,2000,train_pred_mse,95000,0.3345605485827389,0.3311184168258757,9.174459991090044e-05,0.003206094057709117,1687.1637444144076,57.64222341802138,1.0,0.0,0.0,0,500,500,4000,1298.2900650501253
ok,ptft,12,5000,0.35300000000000004,1765,0.353,10000,0.001,0.00099,0.0,0.1,1.0,0.1,0.0,unit_total_var,,0.5,5000000,5000,50000,True,0.0001,,0.0,0.0,1.0,2000,train_pred_mse,100000,0.300338055574346,0.301735882902134,8.663555867015876e-05,0.003152835280420108,1572.0885120647476,53.64824398923133,0.9998,0.0,0.0,0,500,500,4000,920.0068607330322
ok,ptft,13,5000,0.35300000000000004,1765,0.353,10000,0.001,0.00099,0.0,0.1,1.0,0.1,0.0,unit_total_var,,0.5,5000000,5000,50000,True,0.0001,,0.0,0.0,1.0,2000,train_pred_mse,95000,0.2947992798090017,0.2917805227546857,8.457438654664058e-05,0.002838601189512661,1670.8898717262744,58.0002108341922,0.9998,0.0,0.0,0,500,500,4000,1601.6367073059082
ok,ptft,14,5000,0.35300000000000004,1765,0.353,10000,0.001,0.00099,0.0,0.1,1.0,0.1,0.0,unit_total_var,,0.5,5000000,5000,50000,True,0.0001,,0.0,0.0,1.0,2000,train_pred_mse,95000,0.3424359655676225,0.34641237043441003,8.946750686355214e-05,0.003151383501031281,1686.4942348357495,57.890055504747174,1.0,0.0,0.0,0,500,500,4000,1208.0850138664246
ok,ptft,15,5000,0.35300000000000004,1765,0.353,10000,0.001,0.00099,0.0,0.1,1.0,0.1,0.0,unit_total_var,,0.5,5000000,5000,50000,True,0.0001,,0.0,0.0,1.0,2000,train_pred_mse,95000,0.2581421969159018,0.25474622038919525,8.828824284220059e-05,0.002855772602875534,1612.9337534800861,57.9219674521836,1.0,0.0,0.0,0,500,500,4000,1071.7233800888064
ok,ptft,16,5000,0.35300000000000004,1765,0.353,10000,0.001,0.00099,0.0,0.1,1.0,0.1,0.0,unit_total_var,,0.5,5000000,5000,50000,True,0.0001,,0.0,0.0,1.0,2000,train_pred_mse,95000,0.27914311588981816,0.28119853500449793,8.696560786225405e-05,0.0031114311846417164,1566.680776033829,54.258009703052174,1.0,0.0,0.0,0,500,500,4000,811.9131410121918
ok,ptft,17,5000,0.35300000000000004,1765,0.353,10000,0.001,0.00099,0.0,0.1,1.0,0.1,0.0,unit_total_var,,0.5,5000000,5000,50000,True,0.0001,,0.0,0.0,1.0,2000,train_pred_mse,100000,0.25680009250978536,0.2512138507511217,8.243004991947695e-05,0.0028394972043340287,1569.8808021446696,55.2514739124581,1.0,0.0,0.0,0,500,500,4000,1126.779922246933
ok,ptft,18,5000,0.35300000000000004,1765,0.353,10000,0.001,0.00099,0.0,0.1,1.0,0.1,0.0,unit_total_var,,0.5,5000000,5000,50000,True,0.0001,,0.0,0.0,1.0,2000,train_pred_mse,100000,0.2888206748193757,0.28586539535306965,8.232226496874261e-05,0.003129530488678321,1544.0273078407654,52.806955561148385,0.9998,0.0,0.0,0,500,500,4000,1079.5896077156067
ok,ptft,19,5000,0.35300000000000004,1765,0.353,10000,0.001,0.00099,0.0,0.1,1.0,0.1,0.0,unit_total_var,,0.5,5000000,5000,50000,True,0.0001,,0.0,0.0,1.0,2000,train_pred_mse,100000,0.30174303246166273,0.3088990384429204,8.488028299998496e-05,0.002991455727976288,1576.4342560729983,54.18400079431584,1.0,0.0,0.0,0,500,500,4000,958.882328748703
ok,ptft,6,5000,0.35300000000000004,1765,0.353,10000,0.001,0.00099,0.0,0.1,1.0,0.1,0.0,unit_total_var,,0.5,5000000,5000,50000,True,0.0001,,0.0,0.0,1.0,2000,train_pred_mse,100000,0.2912911550063907,0.29925888274537465,8.398017028632162e-05,0.002930538097748607,1589.5196380141456,55.60794668287311,0.9998,0.0,0.0,0,500,500,4000,645.5893404483795
ok,ptft,7,5000,0.35300000000000004,1765,0.353,10000,0.001,0.00099,0.0,0.1,1.0,0.1,0.0,unit_total_var,,0.5,5000000,5000,50000,True,0.0001,,0.0,0.0,1.0,2000,train_pred_mse,95000,0.30011640718290084,0.2971456615860891,8.762838807081754e-05,0.003175557677044252,1623.5950064118604,55.47034941447971,1.0,0.0,0.0,0,500,500,4000,1351.8551349639893
ok,ptft,8,5000,0.35300000000000004,1765,0.353,10000,0.001,0.00099,0.0,0.1,1.0,0.1,0.0,unit_total_var,,0.5,5000000,5000,50000,True,0.0001,,0.0,0.0,1.0,2000,train_pred_mse,95000,0.365312985584169,0.3572585319666053,8.847096280311783e-05,0.00336453007817856,1633.054577981798,54.40112001171272,0.9998,0.0,0.0,0,500,500,4000,1403.242196559906
ok,ptft,9,5000,0.35300000000000004,1765,0.353,10000,0.001,0.00099,0.0,0.1,1.0,0.1,0.0,unit_total_var,,0.5,5000000,5000,50000,True,0.0001,,0.0,0.0,1.0,2000,train_pred_mse,100000,0.2945477895834303,0.2916578014060398,8.711190006893011e-05,0.0030578951774176445,1562.418420658255,54.540429922203465,0.9998,0.0,0.0,0,500,500,4000,914.8493185043336
ok,ptft,10,5000,0.402,2010,0.402,10000,0.001,0.00099,0.0,0.1,1.0,0.1,0.0,unit_total_var,,0.5,5000000,5000,50000,True,0.0001,,0.0,0.0,1.0,2000,train_pred_mse,130000,0.17160337671443845,0.16885823302164527,6.933363465799991e-05,0.001979984895412879,1603.9450910042688,59.61862021792615,1.0,0.0,0.0,0,500,500,4000,2130.725909948349
ok,ptft,11,5000,0.402,2010,0.402,10000,0.001,0.00099,0.0,0.1,1.0,0.1,0.0,unit_total_var,,0.5,5000000,5000,50000,True,0.0001,,0.0,0.0,1.0,2000,train_pred_mse,130000,0.16754976382116446,0.16481981283523486,6.936273734187379e-05,0.0018642778080941527,1640.9471386736745,62.82813527585982,1.0,0.0,0.0,0,500,500,4000,1162.7269103527071
ok,ptft,12,5000,0.402,2010,0.402,10000,0.001,0.00099,0.0,0.1,1.0,0.1,0.0,unit_total_var,,0.5,5000000,5000,50000,True,0.0001,,0.0,0.0,1.0,2000,train_pred_mse,125000,0.13899018124997126,0.13859078479194772,7.371149475851523e-05,0.0021931757391404397,1505.6574713197879,56.93733548457728,0.9998,0.0,0.0,0,500,500,4000,975.8624098300934
ok,ptft,13,5000,0.402,2010,0.402,10000,0.001,0.00099,0.0,0.1,1.0,0.1,0.0,unit_total_var,,0.5,5000000,5000,50000,True,0.0001,,0.0,0.0,1.0,2000,train_pred_mse,120000,0.17280007243935253,0.17351140191557834,7.629803557957907e-05,0.00229949168275156,1622.2453317737522,59.58047692046937,1.0,0.0,0.0,0,500,500,4000,1815.326143026352
ok,ptft,14,5000,0.402,2010,0.402,10000,0.001,0.00099,0.0,0.1,1.0,0.1,0.0,unit_total_var,,0.5,5000000,5000,50000,True,0.0001,,0.0,0.0,1.0,2000,train_pred_mse,125000,0.2057092778901803,0.20543820543169244,7.163184176185727e-05,0.0020461465930000553,1651.5640101752622,60.61105372388237,1.0,0.0,0.0,0,500,500,4000,1617.1444454193115
ok,ptft,15,5000,0.402,2010,0.402,10000,0.001,0.00099,0.0,0.1,1.0,0.1,0.0,unit_total_var,,0.5,5000000,5000,50000,True,0.0001,,0.0,0.0,1.0,2000,train_pred_mse,130000,0.2058368772656246,0.2076071760583921,7.07178108923903e-05,0.0021523066933848327,1599.4331203320041,58.084357025820324,1.0,0.0,0.0,0,500,500,4000,1573.3661415576935
ok,ptft,16,5000,0.402,2010,0.402,10000,0.001,0.00099,0.0,0.1,1.0,0.1,0.0,unit_total_var,,0.5,5000000,5000,50000,True,0.0001,,0.0,0.0,1.0,2000,train_pred_mse,125000,0.18435990460779147,0.17786665361489165,7.358258800442014e-05,0.002157529774334891,1520.5414300187506,56.11684183755122,1.0,0.0,0.0,0,500,500,4000,1183.4856464862826
ok,ptft,17,5000,0.402,2010,0.402,10000,0.001,0.00099,0.0,0.1,1.0,0.1,0.0,unit_total_var,,0.5,5000000,5000,50000,True,0.0001,,0.0,0.0,1.0,2000,train_pred_mse,130000,0.17862944274555811,0.1799228342139889,7.195872115429641e-05,0.002214952819818428,1529.526438251765,56.752032387058286,0.9998,0.0,0.0,0,500,500,4000,2658.7970254421234
ok,ptft,18,5000,0.402,2010,0.402,10000,0.001,0.00099,0.0,0.1,1.0,0.1,0.0,unit_total_var,,0.5,5000000,5000,50000,True,0.0001,,0.0,0.0,1.0,2000,train_pred_mse,120000,0.17368285896660915,0.17317563250803447,7.588106249334195e-05,0.002376497903460639,1527.8260234734619,55.1466245733708,1.0,0.0,0.0,0,500,500,4000,1550.656665802002
ok,ptft,19,5000,0.402,2010,0.402,10000,0.001,0.00099,0.0,0.1,1.0,0.1,0.0,unit_total_var,,0.5,5000000,5000,50000,True,0.0001,,0.0,0.0,1.0,2000,train_pred_mse,125000,0.1851553445048263,0.18886200116041693,7.113647091740486e-05,0.002097183467431333,1548.6969089561362,56.489437649275544,1.0,0.0,0.0,0,500,500,4000,1467.9809083938599
ok,ptft,6,5000,0.402,2010,0.402,10000,0.001,0.00099,0.0,0.1,1.0,0.1,0.0,unit_total_var,,0.5,5000000,5000,50000,True,0.0001,,0.0,0.0,1.0,2000,train_pred_mse,125000,0.1653922437768783,0.16289349620494006,7.147475588189367e-05,0.002180254232831373,1552.55275241449,57.68008408840864,0.9996,0.0,0.0,0,500,500,4000,1411.6050786972046
ok,ptft,7,5000,0.402,2010,0.402,10000,0.001,0.00099,0.0,0.1,1.0,0.1,0.0,unit_total_var,,0.5,5000000,5000,50000,True,0.0001,,0.0,0.0,1.0,2000,train_pred_mse,120000,0.21555898420252745,0.2207030567998728,7.609412083351826e-05,0.0024676694877222016,1629.1907259196607,56.78961162564763,1.0,0.0,0.0,0,500,500,4000,1537.6514723300934
ok,ptft,8,5000,0.402,2010,0.402,10000,0.001,0.00099,0.0,0.1,1.0,0.1,0.0,unit_total_var,,0.5,5000000,5000,50000,True,0.0001,,0.0,0.0,1.0,2000,train_pred_mse,130000,0.17933722930917065,0.17857645756927906,6.95177270768285e-05,0.0019964660395940747,1597.7937810779306,60.223302171454364,1.0,0.0,0.0,0,500,500,4000,1560.996247291565
ok,ptft,9,5000,0.402,2010,0.402,10000,0.001,0.00099,0.0,0.1,1.0,0.1,0.0,unit_total_var,,0.5,5000000,5000,50000,True,0.0001,,0.0,0.0,1.0,2000,train_pred_mse,120000,0.1822008663957718,0.1797095286206084,7.335790100452476e-05,0.002284065164710203,1539.143379835668,56.64251512423685,1.0,0.0,0.0,0,500,500,4000,2753.410984992981
ok,ptft,10,5000,0.451,2255,0.451,10000,0.001,0.00099,0.0,0.1,1.0,0.1,0.0,unit_total_var,,0.5,5000000,5000,50000,True,0.0001,,0.0,0.0,1.0,2000,train_pred_mse,155000,0.09371935984956747,0.09332261750292556,6.117795725767543e-05,0.0014976388774507814,1552.423812670765,62.569960497756945,1.0,0.0,0.0,0,500,500,4000,1917.8381662368772
ok,ptft,11,5000,0.451,2255,0.451,10000,0.001,0.00099,0.0,0.1,1.0,0.1,0.0,unit_total_var,,0.5,5000000,5000,50000,True,0.0001,,0.0,0.0,1.0,2000,train_pred_mse,160000,0.0749435280258154,0.07413372404937599,5.8760607895768066e-05,0.0014023757356789847,1582.5825255940667,65.99885837230903,1.0,0.0,0.0,0,500,500,4000,2166.080540418625
ok,ptft,12,5000,0.451,2255,0.451,10000,0.001,0.00099,0.0,0.1,1.0,0.1,0.0,unit_total_var,,0.5,5000000,5000,50000,True,0.0001,,0.0,0.0,1.0,2000,train_pred_mse,155000,0.07442215827913826,0.07630962003137033,5.9457661201163784e-05,0.001484801828954558,1473.4232697975922,59.53650215566516,1.0,0.0,0.0,0,500,500,4000,2097.535378932953
ok,ptft,13,5000,0.451,2255,0.451,10000,0.001,0.00099,0.0,0.1,1.0,0.1,0.0,unit_total_var,,0.5,5000000,5000,50000,True,0.0001,,0.0,0.0,1.0,2000,train_pred_mse,160000,0.0928921338490598,0.09552991817069748,5.9408074043192894e-05,0.0014861701186759282,1581.7427386594766,62.54038537433021,1.0,0.0,0.0,0,500,500,4000,2013.3109171390533
ok,ptft,14,5000,0.451,2255,0.451,10000,0.001,0.00099,0.0,0.1,1.0,0.1,0.0,unit_total_var,,0.5,5000000,5000,50000,True,0.0001,,0.0,0.0,1.0,2000,train_pred_mse,155000,0.08612633377601403,0.08611298750956273,6.103955752012895e-05,0.0014506917469088807,1582.1681525253355,65.04277406847343,1.0,0.0,0.0,0,500,500,4000,2020.4008977413175
ok,ptft,15,5000,0.451,2255,0.451,10000,0.001,0.00099,0.0,0.1,1.0,0.1,0.0,unit_total_var,,0.5,5000000,5000,50000,True,0.0001,,0.0,0.0,1.0,2000,train_pred_mse,150000,0.07499521973949437,0.07343425583846228,6.354746983077896e-05,0.0015641237970933704,1525.2923417020347,62.73034238981917,1.0,0.0,0.0,0,500,500,4000,2091.5541508197784
ok,ptft,16,5000,0.451,2255,0.451,10000,0.001,0.00099,0.0,0.1,1.0,0.1,0.0,unit_total_var,,0.5,5000000,5000,50000,True,0.0001,,0.0,0.0,1.0,2000,train_pred_mse,150000,0.08298085567990841,0.0811961837145423,6.092752490652812e-05,0.0014778173760706293,1467.0553406164145,60.007563159444494,0.9998,0.0,0.0,0,500,500,4000,1970.696037530899
ok,ptft,17,5000,0.451,2255,0.451,10000,0.001,0.00099,0.0,0.1,1.0,0.1,0.0,unit_total_var,,0.5,5000000,5000,50000,True,0.0001,,0.0,0.0,1.0,2000,train_pred_mse,155000,0.09240550825208213,0.09300173457249204,5.8873058026845004e-05,0.001514274629084514,1479.1297488502255,59.0186616669964,1.0,0.0,0.0,0,500,500,4000,2781.9600791931152
ok,ptft,18,5000,0.451,2255,0.451,10000,0.001,0.00099,0.0,0.1,1.0,0.1,0.0,unit_total_var,,0.5,5000000,5000,50000,True,0.0001,,0.0,0.0,1.0,2000,train_pred_mse,155000,0.09128139438891014,0.08886779090754643,6.0238252567375856e-05,0.0016460621859239529,1478.0073256281153,57.98960375729117,1.0,0.0,0.0,0,500,500,4000,3111.272050619125
ok,ptft,19,5000,0.451,2255,0.451,10000,0.001,0.00099,0.0,0.1,1.0,0.1,0.0,unit_total_var,,0.5,5000000,5000,50000,True,0.0001,,0.0,0.0,1.0,2000,train_pred_mse,155000,0.06882694268784763,0.06952765701975377,6.253339549365865e-05,0.0015219638440444338,1465.7315189394205,61.732656259764994,1.0,0.0,0.0,0,500,500,4000,2178.8994798660283
ok,ptft,6,5000,0.451,2255,0.451,10000,0.001,0.00099,0.0,0.1,1.0,0.1,0.0,unit_total_var,,0.5,5000000,5000,50000,True,0.0001,,0.0,0.0,1.0,2000,train_pred_mse,150000,0.07049487188751727,0.07061954056397106,6.166952714229108e-05,0.0015592863551190455,1473.8871140558233,61.51192783574852,0.9998,0.0,0.0,0,500,500,4000,2620.1598677635197
ok,ptft,7,5000,0.451,2255,0.451,10000,0.001,0.00099,0.0,0.1,1.0,0.1,0.0,unit_total_var,,0.5,5000000,5000,50000,True,0.0001,,0.0,0.0,1.0,2000,train_pred_mse,155000,0.11846001018630868,0.1158419633426239,6.146360599959609e-05,0.0016661104836344512,1581.3294334624366,60.15049170320113,1.0,0.0,0.0,0,500,500,4000,3044.955790042877
ok,ptft,8,5000,0.451,2255,0.451,10000,0.001,0.00099,0.0,0.1,1.0,0.1,0.0,unit_total_var,,0.5,5000000,5000,50000,True,0.0001,,0.0,0.0,1.0,2000,train_pred_mse,155000,0.08479300141359128,0.0844200274081181,6.0993994676510574e-05,0.0014999155532845136,1546.9635511581428,63.20442120588033,0.9998,0.0,0.0,0,500,500,4000,1954.2304158210754
ok,ptft,9,5000,0.451,2255,0.451,10000,0.001,0.00099,0.0,0.1,1.0,0.1,0.0,unit_total_var,,0.5,5000000,5000,50000,True,0.0001,,0.0,0.0,1.0,2000,train_pred_mse,150000,0.08077943923688335,0.08066009978353893,6.222731461087404e-05,0.001610918453009489,1481.8485672890702,60.05182542655981,1.0,0.0,0.0,0,500,500,4000,2940.8494985103607
ok,ptft,10,5000,0.5,2500,0.5,10000,0.001,0.00099,0.0,0.1,1.0,0.1,0.0,unit_total_var,,0.5,5000000,5000,50000,True,0.0001,,0.0,0.0,1.0,2000,train_pred_mse,170000,0.04077234257063407,0.04020412120328328,5.4818184614932976e-05,0.001251289210608456,1492.1752693213884,65.65665288421667,0.9998,0.0,0.0,0,500,500,4000,2644.788693666458
ok,ptft,11,5000,0.5,2500,0.5,10000,0.001,0.00099,0.0,0.1,1.0,0.1,0.0,unit_total_var,,0.5,5000000,5000,50000,True,0.0001,,0.0,0.0,1.0,2000,train_pred_mse,170000,0.03507683559140004,0.03494658968135026,5.271883980221831e-05,0.0010905585719364957,1530.979146400813,68.7669316069414,1.0,0.0,0.0,0,500,500,4000,2544.1762218475337
ok,ptft,12,5000,0.5,2500,0.5,10000,0.001,0.00099,0.0,0.1,1.0,0.1,0.0,unit_total_var,,0.5,5000000,5000,50000,True,0.0001,,0.0,0.0,1.0,2000,train_pred_mse,185000,0.04879378730837503,0.048833624595069715,5.1973772563554524e-05,0.0012081219862038188,1433.1639186772518,61.39209403521132,1.0,0.0,0.0,0,500,500,4000,3398.7345123291016
ok,ptft,13,5000,0.5,2500,0.5,10000,0.001,0.00099,0.0,0.1,1.0,0.1,0.0,unit_total_var,,0.5,5000000,5000,50000,True,0.0001,,0.0,0.0,1.0,2000,train_pred_mse,175000,0.04213155734616602,0.042729713229677516,5.127597312948094e-05,0.001142081513931381,1519.2559249466242,65.3037070711484,0.9998,0.0,0.0,0,500,500,4000,2792.9518513679504
ok,ptft,14,5000,0.5,2500,0.5,10000,0.001,0.00099,0.0,0.1,1.0,0.1,0.0,unit_total_var,,0.5,5000000,5000,50000,True,0.0001,,0.0,0.0,1.0,2000,train_pred_mse,175000,0.054481777979864636,0.05529853881367015,5.272481914839972e-05,0.0012002469497810727,1558.6959337784253,66.3814335669476,1.0,0.0,0.0,0,500,500,4000,2466.929400444031
ok,ptft,15,5000,0.5,2500,0.5,10000,0.001,0.00099,0.0,0.1,1.0,0.1,0.0,unit_total_var,,0.5,5000000,5000,50000,True,0.0001,,0.0,0.0,1.0,2000,train_pred_mse,185000,0.04225702948462787,0.04167609953439528,5.151082535625512e-05,0.0011469750712697793,1481.8197874395892,64.78777505672318,1.0,0.0,0.0,0,500,500,4000,2788.9404559135437
ok,ptft,16,5000,0.5,2500,0.5,10000,0.001,0.00099,0.0,0.1,1.0,0.1,0.0,unit_total_var,,0.5,5000000,5000,50000,True,0.0001,,0.0,0.0,1.0,2000,train_pred_mse,180000,0.04052042700932079,0.040245281456781336,5.062588950443764e-05,0.0011270770371267546,1412.693693566087,62.30425213819442,0.9998,0.0,0.0,0,500,500,4000,2687.095470666885
ok,ptft,17,5000,0.5,2500,0.5,10000,0.001,0.00099,0.0,0.1,1.0,0.1,0.0,unit_total_var,,0.5,5000000,5000,50000,True,0.0001,,0.0,0.0,1.0,2000,train_pred_mse,170000,0.029761429833629727,0.03002238599996902,5.360604871886618e-05,0.001240404353647419,1408.515922452078,63.66427747461502,0.9998,0.0,0.0,0,500,500,4000,3730.7811484336853
ok,ptft,18,5000,0.5,2500,0.5,10000,0.001,0.00099,0.0,0.1,1.0,0.1,0.0,unit_total_var,,0.5,5000000,5000,50000,True,0.0001,,0.0,0.0,1.0,2000,train_pred_mse,180000,0.04204723968766231,0.04179153406686345,5.2317622293702585e-05,0.0012724890048511715,1428.6888103636245,60.91086346872221,1.0,0.0,0.0,0,500,500,4000,3085.097317457199
ok,ptft,19,5000,0.5,2500,0.5,10000,0.001,0.00099,0.0,0.1,1.0,0.1,0.0,unit_total_var,,0.5,5000000,5000,50000,True,0.0001,,0.0,0.0,1.0,2000,train_pred_mse,180000,0.03612869089148902,0.03661679213740799,5.05852357657573e-05,0.0011399294058104675,1423.8427785329459,63.898125141716825,1.0,0.0,0.0,0,500,500,4000,2760.683419466019
ok,ptft,6,5000,0.5,2500,0.5,10000,0.001,0.00099,0.0,0.1,1.0,0.1,0.0,unit_total_var,,0.5,5000000,5000,50000,True,0.0001,,0.0,0.0,1.0,2000,train_pred_mse,185000,0.038369796267898416,0.03886150253245721,5.097693801725366e-05,0.0010989286037685476,1424.5591488865432,63.649224069551536,1.0,0.0,0.0,0,500,500,4000,3054.191898584366
ok,ptft,7,5000,0.5,2500,0.5,10000,0.001,0.00099,0.0,0.1,1.0,0.1,0.0,unit_total_var,,0.5,5000000,5000,50000,True,0.0001,,0.0,0.0,1.0,2000,train_pred_mse,175000,0.04090714991340698,0.04055430315161514,5.373183524532141e-05,0.001237693145063348,1496.0777308049426,64.2935418760315,1.0,0.0,0.0,0,500,500,4000,3573.9246802330017
ok,ptft,8,5000,0.5,2500,0.5,10000,0.001,0.00099,0.0,0.1,1.0,0.1,0.0,unit_total_var,,0.5,5000000,5000,50000,True,0.0001,,0.0,0.0,1.0,2000,train_pred_mse,185000,0.049054119706212235,0.04952896402212844,5.3015848610838595e-05,0.0012321821828045814,1500.796616521033,64.90720357174416,1.0,0.0,0.0,0,500,500,4000,2539.5726823806767
ok,ptft,9,5000,0.5,2500,0.5,10000,0.001,0.00099,0.0,0.1,1.0,0.1,0.0,unit_total_var,,0.5,5000000,5000,50000,True,0.0001,,0.0,0.0,1.0,2000,train_pred_mse,175000,0.034122698811989656,0.033831624942475005,5.307945825709698e-05,0.0012020644908566766,1415.8266673528203,62.98328809576577,1.0,0.0,0.0,0,500,500,4000,2702.6033074855804
ok,ptft,10,5000,0.01,50,0.01,10000,0.001,-0.000999,0.0,0.1,1.0,0.9,0.0,unit_total_var,,0.5,5000000,5000,50000,True,0.0001,,0.0,0.0,1.0,2000,train_pred_mse,10000,1.2752894515050008,1.2650448905580496,5.443340705441062e-05,0.027243755437019016,269.68003090669845,33.80917229186982,0.9242,0.0,0.0,0,4500,500,0,8.992978572845459
ok,ptft,11,5000,0.01,50,0.01,10000,0.001,-0.000999,0.0,0.1,1.0,0.9,0.0,unit_total_var,,0.5,5000000,5000,50000,True,0.0001,,0.0,0.0,1.0,2000,train_pred_mse,10000,1.1917416904981155,1.1617391253443512,5.884627919446429e-05,0.032606472225174404,219.97924527160396,27.828287087255397,0.9236,0.0,0.0,0,4500,500,0,10.385084867477415
ok,ptft,12,5000,0.01,50,0.01,10000,0.001,-0.000999,0.0,0.1,1.0,0.9,0.0,unit_total_var,,0.5,5000000,5000,50000,True,0.0001,,0.0,0.0,1.0,2000,train_pred_mse,10000,1.1081545039849596,1.129243580262255,0.00011495742440076821,0.03949051048141165,204.10376399855355,28.023762999138818,0.9222,0.0,0.0,0,4500,500,0,7.448122262954713
ok,ptft,13,5000,0.01,50,0.01,10000,0.001,-0.000999,0.0,0.1,1.0,0.9,0.0,unit_total_var,,0.5,5000000,5000,50000,True,0.0001,,0.0,0.0,1.0,2000,train_pred_mse,10000,1.2232112579957068,1.2177238906462071,6.162467101547739e-05,0.03099894800461696,249.12450633976903,32.57726302929258,0.9256,0.0,0.0,0,4500,500,0,7.68926191329956
ok,ptft,14,5000,0.01,50,0.01,10000,0.001,-0.000999,0.0,0.1,1.0,0.9,0.0,unit_total_var,,0.5,5000000,5000,50000,True,0.0001,,0.0,0.0,1.0,2000,train_pred_mse,10000,1.1988285641443857,1.1682629320042208,4.807974901405153e-05,0.024146854333694324,239.66837043508812,30.627697318028744,0.9274,0.0,0.0,0,4500,500,0,8.328827381134031
ok,ptft,15,5000,0.01,50,0.01,10000,0.001,-0.000999,0.0,0.1,1.0,0.9,0.0,unit_total_var,,0.5,5000000,5000,50000,True,0.0001,,0.0,0.0,1.0,2000,train_pred_mse,10000,1.1202824184394458,1.114074747733392,0.00016082831179786437,0.048027718412385484,216.03888958835375,27.653497314619127,0.9276,0.0,0.0,0,4500,500,0,8.029193162918089
ok,ptft,16,5000,0.01,50,0.01,10000,0.001,-0.000999,0.0,0.1,1.0,0.9,0.0,unit_total_var,,0.5,5000000,5000,50000,True,0.0001,,0.0,0.0,1.0,2000,train_pred_mse,10000,1.1857520810448268,1.1816382013553537,0.00016770556887739014,0.051625213803657866,206.25043396261398,30.69227585727521,0.9192,0.0,0.0,0,4500,500,0,9.26141595840454
ok,ptft,17,5000,0.01,50,0.01,10000,0.001,-0.000999,0.0,0.1,1.0,0.9,0.0,unit_total_var,,0.5,5000000,5000,50000,True,0.0001,,0.0,0.0,1.0,2000,train_pred_mse,10000,1.0625895253537625,1.1066629042413838,8.506591493619384e-05,0.040831286391667936,220.56985052951987,25.184696584416137,0.9292,0.0,0.0,0,4500,500,0,9.532230138778688
ok,ptft,18,5000,0.01,50,0.01,10000,0.001,-0.000999,0.0,0.1,1.0,0.9,0.0,unit_total_var,,0.5,5000000,5000,50000,True,0.0001,,0.0,0.0,1.0,2000,train_pred_mse,10000,1.1433831812028439,1.1464206056350297,7.803632912748842e-05,0.039164249349686715,226.86433369449435,25.15030216464581,0.932,0.0,0.0,0,4500,500,0,8.421932697296143
ok,ptft,19,5000,0.01,50,0.01,10000,0.001,-0.000999,0.0,0.1,1.0,0.9,0.0,unit_total_var,,0.5,5000000,5000,50000,True,0.0001,,0.0,0.0,1.0,2000,train_pred_mse,10000,1.1026562356250234,1.1132653374178798,4.60977496955275e-05,0.027045713661635128,249.28203620797473,25.26970333724543,0.9312,0.0,0.0,0,4500,500,0,7.884270906448363
ok,ptft,6,5000,0.01,50,0.01,10000,0.001,-0.000999,0.0,0.1,1.0,0.9,0.0,unit_total_var,,0.5,5000000,5000,50000,True,0.0001,,0.0,0.0,1.0,2000,train_pred_mse,10000,1.1356745340409855,1.1228864943868506,4.409263772504404e-05,0.034931101454424414,232.6905279311253,28.356112346933088,0.9266,0.0,0.0,0,4500,500,0,8.217795848846437
ok,ptft,7,5000,0.01,50,0.01,10000,0.001,-0.000999,0.0,0.1,1.0,0.9,0.0,unit_total_var,,0.5,5000000,5000,50000,True,0.0001,,0.0,0.0,1.0,2000,train_pred_mse,10000,1.125273224044895,1.1312372727156732,0.00017767684180033897,0.0649214237276456,200.2802667418977,26.806851248422504,0.9162,0.0,0.0,0,4500,500,0,8.174937725067139
ok,ptft,8,5000,0.01,50,0.01,10000,0.001,-0.000999,0.0,0.1,1.0,0.9,0.0,unit_total_var,,0.5,5000000,5000,50000,True,0.0001,,0.0,0.0,1.0,2000,train_pred_mse,10000,1.1611531112123037,1.1544436986250344,0.0001440837654007636,0.0370855188425186,208.55822573114716,29.732897225465692,0.9276,0.0,0.0,0,4500,500,0,8.516209125518799
ok,ptft,9,5000,0.01,50,0.01,10000,0.001,-0.000999,0.0,0.1,1.0,0.9,0.0,unit_total_var,,0.5,5000000,5000,50000,True,0.0001,,0.0,0.0,1.0,2000,train_pred_mse,10000,1.0936830642008175,1.1077237637076882,0.00010757008636880538,0.04399874349941093,188.56603265718948,25.887656764303586,0.9226,0.0,0.0,0,4500,500,0,8.2850182056427
ok,ptft,10,5000,0.059,295,0.059000000000000004,10000,0.001,-0.000999,0.0,0.1,1.0,0.9,0.0,unit_total_var,,0.5,5000000,5000,50000,True,0.0001,,0.0,0.0,1.0,2000,train_pred_mse,30000,1.2835604731413288,1.2959080786344157,0.0001705326029377586,0.013996088871029686,651.8357424856307,41.438589079636934,0.9462,0.0,0.0,0,4500,500,0,40.06427025794983
ok,ptft,11,5000,0.059,295,0.059000000000000004,10000,0.001,-0.000999,0.0,0.1,1.0,0.9,0.0,unit_total_var,,0.5,5000000,5000,50000,True,0.0001,,0.0,0.0,1.0,2000,train_pred_mse,30000,1.2538065410770969,1.226079719994703,0.00014853952785150322,0.013374716904773373,637.6277642356768,38.402770518170044,0.948,0.0,0.0,0,4500,500,0,93.80169677734376
ok,ptft,12,5000,0.059,295,0.059000000000000004,10000,0.001,-0.000999,0.0,0.1,1.0,0.9,0.0,unit_total_var,,0.5,5000000,5000,50000,True,0.0001,,0.0,0.0,1.0,2000,train_pred_mse,30000,1.152542745312775,1.1746807889446962,0.00017776003019501308,0.014619824461948178,583.974092605175,36.91169360592643,0.9486,0.0,0.0,0,4500,500,0,34.825225114822395
ok,ptft,13,5000,0.059,295,0.059000000000000004,10000,0.001,-0.000999,0.0,0.1,1.0,0.9,0.0,unit_total_var,,0.5,5000000,5000,50000,True,0.0001,,0.0,0.0,1.0,2000,train_pred_mse,30000,1.2210558460012448,1.2167873309622774,0.00015759925487358566,0.013254022414503764,608.6819097821358,38.74847602001285,0.9490000000000001,0.0,0.0,0,4500,500,0,34.95926523208618
ok,ptft,14,5000,0.059,295,0.059000000000000004,10000,0.001,-0.000999,0.0,0.1,1.0,0.9,0.0,unit_total_var,,0.5,5000000,5000,50000,True,0.0001,,0.0,0.0,1.0,2000,train_pred_mse,30000,1.246213799864185,1.2169164422527727,0.00017292874454928752,0.014052510418213062,597.7822562695168,38.625656029422025,0.9498,0.0,0.0,0,4500,500,0,114.33569502830505
ok,ptft,15,5000,0.059,295,0.059000000000000004,10000,0.001,-0.000999,0.0,0.1,1.0,0.9,0.0,unit_total_var,,0.5,5000000,5000,50000,True,0.0001,,0.0,0.0,1.0,2000,train_pred_mse,30000,1.210471535695259,1.1884862154475917,0.00016303099342243726,0.014329253162189016,626.7081475142585,38.733983140615464,0.9446,0.0,0.0,0,4500,500,0,39.67023348808289
ok,ptft,16,5000,0.059,295,0.059000000000000004,10000,0.001,-0.000999,0.0,0.1,1.0,0.9,0.0,unit_total_var,,0.5,5000000,5000,50000,True,0.0001,,0.0,0.0,1.0,2000,train_pred_mse,30000,1.2412029537415217,1.239995318531875,0.0001414063209130816,0.010835835816187257,628.8225178040395,40.041346677599954,0.9418,0.0,0.0,0,4500,500,0,36.25535130500794
ok,ptft,17,5000,0.059,295,0.059000000000000004,10000,0.001,-0.000999,0.0,0.1,1.0,0.9,0.0,unit_total_var,,0.5,5000000,5000,50000,True,0.0001,,0.0,0.0,1.0,2000,train_pred_mse,30000,1.148747845519117,1.186097232534189,0.00015105307003022744,0.013041335560560068,601.0818215300295,37.290849497632706,0.9516,0.0,0.0,0,4500,500,0,111.36268424987793
ok,ptft,18,5000,0.059,295,0.059000000000000004,10000,0.001,-0.000999,0.0,0.1,1.0,0.9,0.0,unit_total_var,,0.5,5000000,5000,50000,True,0.0001,,0.0,0.0,1.0,2000,train_pred_mse,30000,1.287411919918907,1.2667723618033635,0.00017408600128285842,0.013892806147614088,622.7905448632887,40.09128897892593,0.9514,0.0,0.0,0,4500,500,0,41.19696283340454
ok,ptft,19,5000,0.059,295,0.059000000000000004,10000,0.001,-0.000999,0.0,0.1,1.0,0.9,0.0,unit_total_var,,0.5,5000000,5000,50000,True,0.0001,,0.0,0.0,1.0,2000,train_pred_mse,30000,1.141748061579135,1.157090420588989,0.00014142573028853666,0.0136672379182338,563.2266118038625,34.84905983751699,0.9520000000000001,0.0,0.0,0,4500,500,0,36.47636485099793
ok,ptft,6,5000,0.059,295,0.059000000000000004,10000,0.001,-0.000999,0.0,0.1,1.0,0.9,0.0,unit_total_var,,0.5,5000000,5000,50000,True,0.0001,,0.0,0.0,1.0,2000,train_pred_mse,30000,1.1982273316589185,1.1807977477370193,0.00017146740002825698,0.015553574165963981,598.3161240203973,37.59275307445151,0.9542,0.0,0.0,0,4500,500,0,39.828881502151496
ok,ptft,7,5000,0.059,295,0.059000000000000004,10000,0.001,-0.000999,0.0,0.1,1.0,0.9,0.0,unit_total_var,,0.5,5000000,5000,50000,True,0.0001,,0.0,0.0,1.0,2000,train_pred_mse,30000,1.2016202730373442,1.2089644766577348,0.00013746727482485854,0.012687141177794656,619.2633096014742,38.64040388547903,0.9466,0.0,0.0,0,4500,500,0,49.13155198097229
ok,ptft,8,5000,0.059,295,0.059000000000000004,10000,0.001,-0.000999,0.0,0.1,1.0,0.9,0.0,unit_total_var,,0.5,5000000,5000,50000,True,0.0001,,0.0,0.0,1.0,2000,train_pred_mse,30000,1.1428809664072377,1.138361823857826,0.00014696924832961172,0.014356665838963422,576.6590785038975,33.981166108249155,0.9490000000000001,0.0,0.0,0,4500,500,0,39.365605354309075
ok,ptft,9,5000,0.059,295,0.059000000000000004,10000,0.001,-0.000999,0.0,0.1,1.0,0.9,0.0,unit_total_var,,0.5,5000000,5000,50000,True,0.0001,,0.0,0.0,1.0,2000,train_pred_mse,30000,1.2015377819760935,1.2234213763638515,0.0001532815807446041,0.012240947512332413,632.5355058615821,41.26155864855809,0.9452,0.0,0.0,0,4500,500,0,38.904330492019646
ok,ptft,10,5000,0.10800000000000001,540,0.10800000000000001,10000,0.001,-0.000999,0.0,0.1,1.0,0.9,0.0,unit_total_var,,0.5,5000000,5000,50000,True,0.0001,,0.0,0.0,1.0,2000,train_pred_mse,55000,1.2743553227699262,1.2319620301522067,0.00011944026448256067,0.007268966161413823,865.6765608614551,42.13174235604804,0.9586,0.0,0.0,0,4500,500,0,107.39960527420044
ok,ptft,11,5000,0.10800000000000001,540,0.10800000000000001,10000,0.001,-0.000999,0.0,0.1,1.0,0.9,0.0,unit_total_var,,0.5,5000000,5000,50000,True,0.0001,,0.0,0.0,1.0,2000,train_pred_mse,60000,1.1529753175303228,1.1354565530091054,0.00011742518949796484,0.007384253829361424,807.5111791693538,39.52777455091066,0.9544,0.0,0.0,0,4500,500,0,391.06903290748596
ok,ptft,12,5000,0.10800000000000001,540,0.10800000000000001,10000,0.001,-0.000999,0.0,0.1,1.0,0.9,0.0,unit_total_var,,0.5,5000000,5000,50000,True,0.0001,,0.0,0.0,1.0,2000,train_pred_mse,55000,1.1328864819566025,1.1530883614893932,0.00011374823937516124,0.00728464909311015,854.9158878739239,41.92923246612088,0.9502,0.0,0.0,0,4500,500,0,256.79639410972595
ok,ptft,13,5000,0.10800000000000001,540,0.10800000000000001,10000,0.001,-0.000999,0.0,0.1,1.0,0.9,0.0,unit_total_var,,0.5,5000000,5000,50000,True,0.0001,,0.0,0.0,1.0,2000,train_pred_mse,55000,1.1938222327343866,1.1857743517104529,0.00011279460020327944,0.006835199274043545,861.0599369340628,42.333853841016996,0.9604,0.0,0.0,0,4500,500,0,107.94282054901123
ok,ptft,14,5000,0.10800000000000001,540,0.10800000000000001,10000,0.001,-0.000999,0.0,0.1,1.0,0.9,0.0,unit_total_var,,0.5,5000000,5000,50000,True,0.0001,,0.0,0.0,1.0,2000,train_pred_mse,50000,1.2445075856226462,1.2014168037688608,0.0001319414452834941,0.008617836301676255,904.2931827670137,42.646689459349616,0.9584,0.0,0.0,0,4500,500,0,100.86607766151428
ok,ptft,15,5000,0.10800000000000001,540,0.10800000000000001,10000,0.001,-0.000999,0.0,0.1,1.0,0.9,0.0,unit_total_var,,0.5,5000000,5000,50000,True,0.0001,,0.0,0.0,1.0,2000,train_pred_mse,60000,1.1218105694553906,1.1201914958954673,0.00011609877840461592,0.007645351136207888,834.9964078743648,39.421720007777346,0.9512,0.0,0.0,0,4500,500,0,202.31097292900085
ok,ptft,16,5000,0.10800000000000001,540,0.10800000000000001,10000,0.001,-0.000999,0.0,0.1,1.0,0.9,0.0,unit_total_var,,0.5,5000000,5000,50000,True,0.0001,,0.0,0.0,1.0,2000,train_pred_mse,50000,1.139166186555581,1.147749427007391,0.00013702807923623395,0.00880985805980872,864.5574069165103,41.593775404734025,0.9584,0.0,0.0,0,4500,500,0,344.5325405597687
ok,ptft,17,5000,0.10800000000000001,540,0.10800000000000001,10000,0.001,-0.000999,0.0,0.1,1.0,0.9,0.0,unit_total_var,,0.5,5000000,5000,50000,True,0.0001,,0.0,0.0,1.0,2000,train_pred_mse,55000,1.1949987558174937,1.2132988802442453,0.00010932321723552431,0.006726027191988085,880.6889100180839,43.1555442047499,0.955,0.0,0.0,0,4500,500,0,90.23227143287659
ok,ptft,18,5000,0.10800000000000001,540,0.10800000000000001,10000,0.001,-0.000999,0.0,0.1,1.0,0.9,0.0,unit_total_var,,0.5,5000000,5000,50000,True,0.0001,,0.0,0.0,1.0,2000,train_pred_mse,55000,1.2043161473895372,1.1972376879939322,0.00011377352010824794,0.00717800237994409,882.9607922930983,42.54821728566444,0.9590000000000001,0.0,0.0,0,4500,500,0,103.38899946212769
ok,ptft,19,5000,0.10800000000000001,540,0.10800000000000001,10000,0.001,-0.000999,0.0,0.1,1.0,0.9,0.0,unit_total_var,,0.5,5000000,5000,50000,True,0.0001,,0.0,0.0,1.0,2000,train_pred_mse,60000,1.2008573568271597,1.2136951582265516,0.00010926257037259117,0.0062523232045166854,896.2563676149617,43.96280319451203,0.9516,0.0,0.0,0,4500,500,0,115.78776836395264
ok,ptft,6,5000,0.10800000000000001,540,0.10800000000000001,10000,0.001,-0.000999,0.0,0.1,1.0,0.9,0.0,unit_total_var,,0.5,5000000,5000,50000,True,0.0001,,0.0,0.0,1.0,2000,train_pred_mse,50000,1.1542517919921502,1.1412306679366924,0.00013672455221280504,0.009229544233894752,837.1992871386675,40.862605398379344,0.953,0.0,0.0,0,4500,500,0,198.65499234199524
ok,ptft,7,5000,0.10800000000000001,540,0.10800000000000001,10000,0.001,-0.000999,0.0,0.1,1.0,0.9,0.0,unit_total_var,,0.5,5000000,5000,50000,True,0.0001,,0.0,0.0,1.0,2000,train_pred_mse,55000,1.1821166418589049,1.179978332059223,0.00011054046025292369,0.006742522293799793,876.219676747727,43.195873005992546,0.9592,0.0,0.0,0,4500,500,0,245.53413820266724
ok,ptft,8,5000,0.10800000000000001,540,0.10800000000000001,10000,0.001,-0.000999,0.0,0.1,1.0,0.9,0.0,unit_total_var,,0.5,5000000,5000,50000,True,0.0001,,0.0,0.0,1.0,2000,train_pred_mse,50000,1.2006218176375092,1.1895218834151104,0.00013813375909830957,0.00860210884058047,892.7264648713269,44.14104645203097,0.9548,0.0,0.0,0,4500,500,0,114.04834532737732
ok,ptft,9,5000,0.10800000000000001,540,0.10800000000000001,10000,0.001,-0.000999,0.0,0.1,1.0,0.9,0.0,unit_total_var,,0.5,5000000,5000,50000,True,0.0001,,0.0,0.0,1.0,2000,train_pred_mse,60000,1.1820187751639222,1.1959061805270097,0.00011113330527394335,0.006360919977455611,857.1005204630576,42.863748860761135,0.9606,0.0,0.0,0,4500,500,0,110.25186109542848
ok,ptft,10,5000,0.15700000000000006,785,0.157,10000,0.001,-0.000999,0.0,0.1,1.0,0.9,0.0,unit_total_var,,0.5,5000000,5000,50000,True,0.0001,,0.0,0.0,1.0,2000,train_pred_mse,70000,1.17046947159493,1.1535819367098092,0.00010546022036388924,0.00573560339341959,1156.0046026687014,46.85386729739864,0.963,0.0,0.0,0,4500,500,0,212.89761090278625
ok,ptft,11,5000,0.15700000000000006,785,0.157,10000,0.001,-0.000999,0.0,0.1,1.0,0.9,0.0,unit_total_var,,0.5,5000000,5000,50000,True,0.0001,,0.0,0.0,1.0,2000,train_pred_mse,75000,1.1436870389604052,1.118998771349211,0.00010685821582467994,0.005987695567989988,1116.5937851981066,45.532430823807296,0.9644,0.0,0.0,0,4500,500,0,635.5004496574403
ok,ptft,12,5000,0.15700000000000006,785,0.157,10000,0.001,-0.000999,0.0,0.1,1.0,0.9,0.0,unit_total_var,,0.5,5000000,5000,50000,True,0.0001,,0.0,0.0,1.0,2000,train_pred_mse,85000,1.0740281466113069,1.0904535297607068,0.00010179501145528446,0.005339586718046297,1112.0821712110196,45.23928356051211,0.9652,0.0,0.0,0,4500,500,0,205.9445343017578
ok,ptft,13,5000,0.15700000000000006,785,0.157,10000,0.001,-0.000999,0.0,0.1,1.0,0.9,0.0,unit_total_var,,0.5,5000000,5000,50000,True,0.0001,,0.0,0.0,1.0,2000,train_pred_mse,85000,1.096911309557496,1.097805114103278,9.652797992949598e-05,0.005026092750483157,1046.78734110802,43.53081961138651,0.963,0.0,0.0,0,4500,500,0,292.2003374099732
ok,ptft,14,5000,0.15700000000000006,785,0.157,10000,0.001,-0.000999,0.0,0.1,1.0,0.9,0.0,unit_total_var,,0.5,5000000,5000,50000,True,0.0001,,0.0,0.0,1.0,2000,train_pred_mse,85000,1.1423955008514044,1.12520740392262,0.00010062713522399156,0.005584639691985293,1052.1829738713648,43.162142743312685,0.9616,0.0,0.0,0,4500,500,0,277.9592425823212
ok,ptft,15,5000,0.15700000000000006,785,0.157,10000,0.001,-0.000999,0.0,0.1,1.0,0.9,0.0,unit_total_var,,0.5,5000000,5000,50000,True,0.0001,,0.0,0.0,1.0,2000,train_pred_mse,75000,1.09397217558104,1.0937864903827894,0.00011439592638876982,0.0064645575555966495,1036.0760173093054,42.43356185233762,0.9598,0.0,0.0,0,4500,500,0,204.38842964172363
ok,ptft,16,5000,0.15700000000000006,785,0.157,10000,0.001,-0.000999,0.0,0.1,1.0,0.9,0.0,unit_total_var,,0.5,5000000,5000,50000,True,0.0001,,0.0,0.0,1.0,2000,train_pred_mse,80000,1.121519597229061,1.1240520529440312,0.00010645817800719521,0.005407168106254736,1096.1352860811528,45.12402737963338,0.9620000000000001,0.0,0.0,0,4500,500,0,201.58044695854187
ok,ptft,17,5000,0.15700000000000006,785,0.157,10000,0.001,-0.000999,0.0,0.1,1.0,0.9,0.0,unit_total_var,,0.5,5000000,5000,50000,True,0.0001,,0.0,0.0,1.0,2000,train_pred_mse,80000,1.132285551674015,1.1609915639721036,0.00010597621079467108,0.005777463004753354,1130.6586400656931,45.379753490735865,0.9616,0.0,0.0,0,4500,500,0,219.0441722869873
ok,ptft,18,5000,0.15700000000000006,785,0.157,10000,0.001,-0.000999,0.0,0.1,1.0,0.9,0.0,unit_total_var,,0.5,5000000,5000,50000,True,0.0001,,0.0,0.0,1.0,2000,train_pred_mse,75000,1.170332992598225,1.1405412146058258,0.00010987568176880714,0.006123437843038551,1116.7001232490911,44.30407731531814,0.9614,0.0,0.0,0,4500,500,0,719.5036833286285
ok,ptft,19,5000,0.15700000000000006,785,0.157,10000,0.001,-0.000999,0.0,0.1,1.0,0.9,0.0,unit_total_var,,0.5,5000000,5000,50000,True,0.0001,,0.0,0.0,1.0,2000,train_pred_mse,80000,1.1006641358551612,1.0943323735632051,0.00010791888293183454,0.0057414844936254225,1069.5440801861746,43.56004230237192,0.9624,0.0,0.0,0,4500,500,0,281.5509088039398
ok,ptft,6,5000,0.15700000000000006,785,0.157,10000,0.001,-0.000999,0.0,0.1,1.0,0.9,0.0,unit_total_var,,0.5,5000000,5000,50000,True,0.0001,,0.0,0.0,1.0,2000,train_pred_mse,80000,1.1301989634978171,1.116929846870338,9.984661125764428e-05,0.005116735460479873,1089.3744669611688,45.19547569786172,0.968,0.0,0.0,0,4500,500,0,547.8286647796632
ok,ptft,7,5000,0.15700000000000006,785,0.157,10000,0.001,-0.000999,0.0,0.1,1.0,0.9,0.0,unit_total_var,,0.5,5000000,5000,50000,True,0.0001,,0.0,0.0,1.0,2000,train_pred_mse,85000,1.1148960335705809,1.1106507264728238,9.602551849796008e-05,0.005347005333981147,1032.2415467837545,42.18324621056409,0.9646,0.0,0.0,0,4500,500,0,291.44929385185236
ok,ptft,8,5000,0.15700000000000006,785,0.157,10000,0.001,-0.000999,0.0,0.1,1.0,0.9,0.0,unit_total_var,,0.5,5000000,5000,50000,True,0.0001,,0.0,0.0,1.0,2000,train_pred_mse,80000,1.1435467446536212,1.1377431021667987,9.92913102840233e-05,0.005225309299663345,1123.5352859483278,46.38980891151515,0.9614,0.0,0.0,0,4500,500,0,297.5422439575196
ok,ptft,9,5000,0.15700000000000006,785,0.157,10000,0.001,-0.000999,0.0,0.1,1.0,0.9,0.0,unit_total_var,,0.5,5000000,5000,50000,True,0.0001,,0.0,0.0,1.0,2000,train_pred_mse,80000,1.1168485074620815,1.0972201218913396,0.00010115699885025464,0.005522451487984213,1082.3720940145874,43.25371828950876,0.9620000000000001,0.0,0.0,0,4500,500,0,505.1573333740234
ok,ptft,10,5000,0.206,1030,0.20600000000000002,10000,0.001,-0.000999,0.0,0.1,1.0,0.9,0.0,unit_total_var,,0.5,5000000,5000,50000,True,0.0001,,0.0,0.0,1.0,2000,train_pred_mse,110000,1.131761040521459,1.1350803453702851,8.759395024562668e-05,0.004260325668585759,1285.5350954610146,46.90897378727822,0.9618,0.0,0.0,0,4500,500,0,627.6092920303345
ok,ptft,11,5000,0.206,1030,0.20600000000000002,10000,0.001,-0.000999,0.0,0.1,1.0,0.9,0.0,unit_total_var,,0.5,5000000,5000,50000,True,0.0001,,0.0,0.0,1.0,2000,train_pred_mse,115000,1.1309474001447073,1.1013937521746673,8.914625978754803e-05,0.00446803874502855,1248.252646828605,45.63338921130258,0.9634,0.0,0.0,0,4500,500,0,373.27867674827576
ok,ptft,12,5000,0.206,1030,0.20600000000000002,10000,0.001,-0.000999,0.0,0.1,1.0,0.9,0.0,unit_total_var,,0.5,5000000,5000,50000,True,0.0001,,0.0,0.0,1.0,2000,train_pred_mse,110000,1.0711033480583598,1.070567845840648,9.170555798696218e-05,0.004415485976959909,1291.000780154648,46.81583602733705,0.9668,0.0,0.0,0,4500,500,0,364.3073291778565
ok,ptft,13,5000,0.206,1030,0.20600000000000002,10000,0.001,-0.000999,0.0,0.1,1.0,0.9,0.0,unit_total_var,,0.5,5000000,5000,50000,True,0.0001,,0.0,0.0,1.0,2000,train_pred_mse,110000,1.083609612089978,1.0680088972408412,8.955275476604487e-05,0.00436638400685732,1292.8778436780362,47.588515921651755,0.9646,0.0,0.0,0,4500,500,0,377.93700671195984
ok,ptft,14,5000,0.206,1030,0.20600000000000002,10000,0.001,-0.000999,0.0,0.1,1.0,0.9,0.0,unit_total_var,,0.5,5000000,5000,50000,True,0.0001,,0.0,0.0,1.0,2000,train_pred_mse,95000,1.0801493332086227,1.066553787196419,0.00010348118306931616,0.005347792513625671,1327.4865714398618,47.83784450787563,0.965,0.0,0.0,0,4500,500,0,295.59138727188116
ok,ptft,15,5000,0.206,1030,0.20600000000000002,10000,0.001,-0.000999,0.0,0.1,1.0,0.9,0.0,unit_total_var,,0.5,5000000,5000,50000,True,0.0001,,0.0,0.0,1.0,2000,train_pred_mse,110000,1.0456857956572825,1.0413198442133405,9.112034228490125e-05,0.004766180546031883,1230.5667195455305,44.09706684928337,0.9682,0.0,0.0,0,4500,500,0,959.4657340049744
ok,ptft,16,5000,0.206,1030,0.20600000000000002,10000,0.001,-0.000999,0.0,0.1,1.0,0.9,0.0,unit_total_var,,0.5,5000000,5000,50000,True,0.0001,,0.0,0.0,1.0,2000,train_pred_mse,110000,1.1117804876246515,1.093821054259928,8.944238067104013e-05,0.004077798268198601,1309.47715463854,48.20566782168374,0.9676,0.0,0.0,0,4500,500,0,597.9995546340942
ok,ptft,17,5000,0.206,1030,0.20600000000000002,10000,0.001,-0.000999,0.0,0.1,1.0,0.9,0.0,unit_total_var,,0.5,5000000,5000,50000,True,0.0001,,0.0,0.0,1.0,2000,train_pred_mse,105000,1.0787681653363514,1.0959046841772495,9.174789821674256e-05,0.0045009448999913425,1283.8466110188056,46.725738236194466,0.965,0.0,0.0,0,4500,500,0,1142.3378715515134
ok,ptft,18,5000,0.206,1030,0.20600000000000002,10000,0.001,-0.000999,0.0,0.1,1.0,0.9,0.0,unit_total_var,,0.5,5000000,5000,50000,True,0.0001,,0.0,0.0,1.0,2000,train_pred_mse,105000,1.1076076901856178,1.1014073120039756,9.091018134254521e-05,0.0043181540331396545,1333.036768099352,48.32118110342226,0.9668,0.0,0.0,0,4500,500,0,908.4956147670746
ok,ptft,19,5000,0.206,1030,0.20600000000000002,10000,0.001,-0.000999,0.0,0.1,1.0,0.9,0.0,unit_total_var,,0.5,5000000,5000,50000,True,0.0001,,0.0,0.0,1.0,2000,train_pred_mse,110000,1.0771173303257222,1.0959125681333997,8.423343718011315e-05,0.003825555301849372,1329.1330867751994,48.13080674197903,0.971,0.0,0.0,0,4500,500,0,505.6007833480835
ok,ptft,6,5000,0.206,1030,0.20600000000000002,10000,0.001,-0.000999,0.0,0.1,1.0,0.9,0.0,unit_total_var,,0.5,5000000,5000,50000,True,0.0001,,0.0,0.0,1.0,2000,train_pred_mse,105000,1.0302330889199731,1.0244092694121103,8.698609793706587e-05,0.004313640197382681,1323.2838277348815,47.90831632518557,0.9654,0.0,0.0,0,4500,500,0,545.9909927845001
ok,ptft,7,5000,0.206,1030,0.20600000000000002,10000,0.001,-0.000999,0.0,0.1,1.0,0.9,0.0,unit_total_var,,0.5,5000000,5000,50000,True,0.0001,,0.0,0.0,1.0,2000,train_pred_mse,110000,1.034598613945081,1.050422863242364,9.009560551049317e-05,0.004410765501748413,1288.2680914123928,46.73800277361529,0.9632,0.0,0.0,0,4500,500,0,1351.7715685367587
ok,ptft,8,5000,0.206,1030,0.20600000000000002,10000,0.001,-0.000999,0.0,0.1,1.0,0.9,0.0,unit_total_var,,0.5,5000000,5000,50000,True,0.0001,,0.0,0.0,1.0,2000,train_pred_mse,110000,1.0689437495584249,1.0618003695266944,8.976931285978966e-05,0.004268303656855664,1333.0941006337462,48.10584015474792,0.9640000000000001,0.0,0.0,0,4500,500,0,605.7911913394927
ok,ptft,9,5000,0.206,1030,0.20600000000000002,10000,0.001,-0.000999,0.0,0.1,1.0,0.9,0.0,unit_total_var,,0.5,5000000,5000,50000,True,0.0001,,0.0,0.0,1.0,2000,train_pred_mse,100000,1.0493483556761871,1.0740125088384525,9.695362239332188e-05,0.00478033307692232,1293.8184768875285,47.130873392067244,0.9656,0.0,0.0,0,4500,500,0,639.1635212898253
ok,ptft,10,5000,0.255,1275,0.255,10000,0.001,-0.000999,0.0,0.1,1.0,0.9,0.0,unit_total_var,,0.5,5000000,5000,50000,True,0.0001,,0.0,0.0,1.0,2000,train_pred_mse,135000,1.133356528937514,1.1064379569860092,8.134978147278828e-05,0.0032924703824175113,1544.5368519091473,52.86676951442337,0.9638,0.0,0.0,0,4500,500,0,1645.6915740966795
ok,ptft,11,5000,0.255,1275,0.255,10000,0.001,-0.000999,0.0,0.1,1.0,0.9,0.0,unit_total_var,,0.5,5000000,5000,50000,True,0.0001,,0.0,0.0,1.0,2000,train_pred_mse,145000,1.0762714372418372,1.0561227867957528,7.325883692956979e-05,0.0031777394618210924,1504.1168136664085,49.87832561354004,0.9692,0.0,0.0,0,4500,500,0,1021.2340545654297
ok,ptft,12,5000,0.255,1275,0.255,10000,0.001,-0.000999,0.0,0.1,1.0,0.9,0.0,unit_total_var,,0.5,5000000,5000,50000,True,0.0001,,0.0,0.0,1.0,2000,train_pred_mse,155000,1.0015476225431597,1.0162351546376107,7.075560686090802e-05,0.002974661822133084,1514.2067921141909,50.464233292169574,0.9684,0.0,0.0,0,4500,500,0,1103.4825811386106
ok,ptft,13,5000,0.255,1275,0.255,10000,0.001,-0.000999,0.0,0.1,1.0,0.9,0.0,unit_total_var,,0.5,5000000,5000,50000,True,0.0001,,0.0,0.0,1.0,2000,train_pred_mse,145000,1.0594202503947967,1.054473899604238,7.209151295534515e-05,0.003001871873577749,1545.7705570915832,51.64835663229418,0.9694,0.0,0.0,0,4500,500,0,936.3847081661224
ok,ptft,14,5000,0.255,1275,0.255,10000,0.001,-0.000999,0.0,0.1,1.0,0.9,0.0,unit_total_var,,0.5,5000000,5000,50000,True,0.0001,,0.0,0.0,1.0,2000,train_pred_mse,130000,1.049216004524586,1.040726466306436,8.137521310207437e-05,0.003718940402923497,1539.2939338883878,50.97045375698721,0.9706,0.0,0.0,0,4500,500,0,1451.7112913131714
ok,ptft,15,5000,0.255,1275,0.255,10000,0.001,-0.000999,0.0,0.1,1.0,0.9,0.0,unit_total_var,,0.5,5000000,5000,50000,True,0.0001,,0.0,0.0,1.0,2000,train_pred_mse,140000,0.9869239489679371,0.9792794461588148,7.955285605143921e-05,0.0035560202477740634,1466.8578020720038,48.455668291199466,0.9692,0.0,0.0,0,4500,500,0,2036.9222919940948
ok,ptft,16,5000,0.255,1275,0.255,10000,0.001,-0.000999,0.0,0.1,1.0,0.9,0.0,unit_total_var,,0.5,5000000,5000,50000,True,0.0001,,0.0,0.0,1.0,2000,train_pred_mse,150000,0.9927704277627604,0.997607881492372,7.728051946020302e-05,0.003391193779202769,1461.2131436809327,48.03833094928192,0.9724,0.0,0.0,0,4500,500,0,1018.7608771324158
ok,ptft,17,5000,0.255,1275,0.255,10000,0.001,-0.000999,0.0,0.1,1.0,0.9,0.0,unit_total_var,,0.5,5000000,5000,50000,True,0.0001,,0.0,0.0,1.0,2000,train_pred_mse,140000,1.0033918041650296,1.017699992950006,8.065716585920671e-05,0.0035346291504031978,1464.8194987365293,49.20579818021171,0.9716,0.0,0.0,0,4500,500,0,1543.8782284259796
ok,ptft,18,5000,0.255,1275,0.255,10000,0.001,-0.000999,0.0,0.1,1.0,0.9,0.0,unit_total_var,,0.5,5000000,5000,50000,True,0.0001,,0.0,0.0,1.0,2000,train_pred_mse,130000,1.0480914653863107,1.0394184925480163,7.782805186697086e-05,0.0033777769282303783,1526.113785769174,51.135037643341256,0.9678,0.0,0.0,0,4500,500,0,959.7627444267273
ok,ptft,19,5000,0.255,1275,0.255,10000,0.001,-0.000999,0.0,0.1,1.0,0.9,0.0,unit_total_var,,0.5,5000000,5000,50000,True,0.0001,,0.0,0.0,1.0,2000,train_pred_mse,135000,1.0264245409267232,1.0424428780478112,8.048855205864213e-05,0.003526467220291186,1509.6094424932296,50.52831862752493,0.9714,0.0,0.0,0,4500,500,0,596.7528731822968
ok,ptft,6,5000,0.255,1275,0.255,10000,0.001,-0.000999,0.0,0.1,1.0,0.9,0.0,unit_total_var,,0.5,5000000,5000,50000,True,0.0001,,0.0,0.0,1.0,2000,train_pred_mse,145000,1.0005585404482558,0.996706254221578,7.92860117119088e-05,0.003626230618148853,1482.1409364950546,48.265241682562255,0.9670000000000001,0.0,0.0,0,4500,500,0,847.716649055481
ok,ptft,7,5000,0.255,1275,0.255,10000,0.001,-0.000999,0.0,0.1,1.0,0.9,0.0,unit_total_var,,0.5,5000000,5000,50000,True,0.0001,,0.0,0.0,1.0,2000,train_pred_mse,140000,1.0156164347685426,1.0106380834072717,7.931456486282034e-05,0.003587797983597653,1484.8555910119358,49.298113336174715,0.9648,0.0,0.0,0,4500,500,0,1342.248335838318
ok,ptft,8,5000,0.255,1275,0.255,10000,0.001,-0.000999,0.0,0.1,1.0,0.9,0.0,unit_total_var,,0.5,5000000,5000,50000,True,0.0001,,0.0,0.0,1.0,2000,train_pred_mse,150000,0.9833527384605488,0.9971318422675246,7.044727017772532e-05,0.0030860461983270807,1455.4431000872946,48.96402255258714,0.9670000000000001,0.0,0.0,0,4500,500,0,1086.4594895839693
ok,ptft,9,5000,0.255,1275,0.255,10000,0.001,-0.000999,0.0,0.1,1.0,0.9,0.0,unit_total_var,,0.5,5000000,5000,50000,True,0.0001,,0.0,0.0,1.0,2000,train_pred_mse,150000,1.0247773387622527,1.0266376362800806,7.18848161595362e-05,0.002946639191381085,1498.8423452964303,50.2142763789657,0.9690000000000001,0.0,0.0,0,4500,500,0,1254.7967076301575
ok,ptft,10,5000,0.30400000000000005,1520,0.304,10000,0.001,-0.000999,0.0,0.1,1.0,0.9,0.0,unit_total_var,,0.5,5000000,5000,50000,True,0.0001,,0.0,0.0,1.0,2000,train_pred_mse,180000,1.0121185253346772,0.995361362955782,6.741999090842015e-05,0.0027940270957944697,1749.280582092286,53.134421666543986,0.9706,0.0,0.0,0,4500,500,0,2562.567551612854
ok,ptft,11,5000,0.30400000000000005,1520,0.304,10000,0.001,-0.000999,0.0,0.1,1.0,0.9,0.0,unit_total_var,,0.5,5000000,5000,50000,True,0.0001,,0.0,0.0,1.0,2000,train_pred_mse,185000,1.0293707509389192,1.009015649656383,6.68538771877515e-05,0.0027010978401380147,1700.7460435370572,52.3180166338494,0.9732,0.0,0.0,0,4500,500,0,2591.165060281753
ok,ptft,12,5000,0.30400000000000005,1520,0.304,10000,0.001,-0.000999,0.0,0.1,1.0,0.9,0.0,unit_total_var,,0.5,5000000,5000,50000,True,0.0001,,0.0,0.0,1.0,2000,train_pred_mse,180000,0.9649731369133958,0.959734392014208,6.740502559749893e-05,0.002814348046584945,1646.7873706690393,51.17809528829354,0.9740000000000001,0.0,0.0,0,4500,500,0,1549.5216512680054
ok,ptft,13,5000,0.30400000000000005,1520,0.304,10000,0.001,-0.000999,0.0,0.1,1.0,0.9,0.0,unit_total_var,,0.5,5000000,5000,50000,True,0.0001,,0.0,0.0,1.0,2000,train_pred_mse,175000,0.9855764221102538,0.9841711599424512,6.804786545078909e-05,0.002821603764741812,1661.8564721908294,50.70270637983881,0.971,0.0,0.0,0,4500,500,0,2232.5122141838074
ok,ptft,14,5000,0.30400000000000005,1520,0.304,10000,0.001,-0.000999,0.0,0.1,1.0,0.9,0.0,unit_total_var,,0.5,5000000,5000,50000,True,0.0001,,0.0,0.0,1.0,2000,train_pred_mse,180000,1.0154203154239076,0.9806562472370514,6.61225264132271e-05,0.002769504485633533,1683.755392321048,52.02317203230129,0.9732,0.0,0.0,0,4500,500,0,1701.4354400634766
ok,ptft,15,5000,0.30400000000000005,1520,0.304,10000,0.001,-0.000999,0.0,0.1,1.0,0.9,0.0,unit_total_var,,0.5,5000000,5000,50000,True,0.0001,,0.0,0.0,1.0,2000,train_pred_mse,175000,0.9752515428914942,0.9406941164485888,6.943466100751226e-05,0.002873958969132932,1663.8873759841092,51.79319656812964,0.975,0.0,0.0,0,4500,500,0,1158.0055825710294
ok,ptft,16,5000,0.30400000000000005,1520,0.304,10000,0.001,-0.000999,0.0,0.1,1.0,0.9,0.0,unit_total_var,,0.5,5000000,5000,50000,True,0.0001,,0.0,0.0,1.0,2000,train_pred_mse,180000,0.9627022791254878,0.9744505397204616,6.55157397735443e-05,0.00273259556159838,1644.4329574244996,49.89119164535713,0.9696,0.0,0.0,0,4500,500,0,2453.699606180191
ok,ptft,17,5000,0.30400000000000005,1520,0.304,10000,0.001,-0.000999,0.0,0.1,1.0,0.9,0.0,unit_total_var,,0.5,5000000,5000,50000,True,0.0001,,0.0,0.0,1.0,2000,train_pred_mse,180000,0.9666990302860482,0.9926868502580456,6.994798397362103e-05,0.0028970038840627032,1672.5024581795508,51.63004283187776,0.9768,0.0,0.0,0,4500,500,0,1092.953820228577
ok,ptft,18,5000,0.30400000000000005,1520,0.304,10000,0.001,-0.000999,0.0,0.1,1.0,0.9,0.0,unit_total_var,,0.5,5000000,5000,50000,True,0.0001,,0.0,0.0,1.0,2000,train_pred_mse,180000,0.9890080471863064,0.9897475039569102,6.567840935076706e-05,0.002691993864715813,1683.5324136529794,51.95989271847753,0.9702,0.0,0.0,0,4500,500,0,1687.5784080028534
ok,ptft,19,5000,0.30400000000000005,1520,0.304,10000,0.001,-0.000999,0.0,0.1,1.0,0.9,0.0,unit_total_var,,0.5,5000000,5000,50000,True,0.0001,,0.0,0.0,1.0,2000,train_pred_mse,175000,0.9647246381211452,0.9470327215383076,6.986229399401752e-05,0.0028150871352063244,1663.6292372008088,51.602615124761144,0.9694,0.0,0.0,0,4500,500,0,1533.3818967342374
ok,ptft,6,5000,0.30400000000000005,1520,0.304,10000,0.001,-0.000999,0.0,0.1,1.0,0.9,0.0,unit_total_var,,0.5,5000000,5000,50000,True,0.0001,,0.0,0.0,1.0,2000,train_pred_mse,190000,0.9480628636100028,0.9331042459821474,6.483507070226022e-05,0.002611381887824298,1606.3561052886246,50.01515795454871,0.9674,0.0,0.0,0,4500,500,0,2680.402356863022
ok,ptft,7,5000,0.30400000000000005,1520,0.304,10000,0.001,-0.000999,0.0,0.1,1.0,0.9,0.0,unit_total_var,,0.5,5000000,5000,50000,True,0.0001,,0.0,0.0,1.0,2000,train_pred_mse,180000,0.974469917032222,0.9653891979028264,6.83039920070282e-05,0.0027668594615027587,1721.8624424783652,52.587745812879675,0.9748,0.0,0.0,0,4500,500,0,2019.0594511032104
ok,ptft,8,5000,0.30400000000000005,1520,0.304,10000,0.001,-0.000999,0.0,0.1,1.0,0.9,0.0,unit_total_var,,0.5,5000000,5000,50000,True,0.0001,,0.0,0.0,1.0,2000,train_pred_mse,180000,0.9313451943945728,0.9463186911222324,6.896811009336306e-05,0.002938677676984061,1631.5081038639676,49.576439329460364,0.971,0.0,0.0,0,4500,500,0,2560.6622905731197
ok,ptft,9,5000,0.30400000000000005,1520,0.304,10000,0.001,-0.000999,0.0,0.1,1.0,0.9,0.0,unit_total_var,,0.5,5000000,5000,50000,True,0.0001,,0.0,0.0,1.0,2000,train_pred_mse,185000,0.9847601007212672,0.9925954691343486,6.680821202783483e-05,0.002614021968011187,1750.0044032472924,54.14201248641085,0.9728,0.0,0.0,0,4500,500,0,1313.686938047409
ok,ptft,10,5000,0.35300000000000004,1765,0.353,10000,0.001,-0.000999,0.0,0.1,1.0,0.9,0.0,unit_total_var,,0.5,5000000,5000,50000,True,0.0001,,0.0,0.0,1.0,2000,train_pred_mse,230000,0.8868314884138637,0.9110029337622524,6.234491152546844e-05,0.002416323313432188,1907.6658629522487,54.3331692625689,0.976,0.0,0.0,0,4500,500,0,3803.902503490448
ok,ptft,11,5000,0.35300000000000004,1765,0.353,10000,0.001,-0.000999,0.0,0.1,1.0,0.9,0.0,unit_total_var,,0.5,5000000,5000,50000,True,0.0001,,0.0,0.0,1.0,2000,train_pred_mse,235000,0.9433337634180776,0.9242768915085132,5.861127424732549e-05,0.0022546708541861483,1849.3414836819575,53.306900492205976,0.9746,0.0,0.0,0,4500,500,0,3276.516501188278
ok,ptft,12,5000,0.35300000000000004,1765,0.353,10000,0.001,-0.000999,0.0,0.1,1.0,0.9,0.0,unit_total_var,,0.5,5000000,5000,50000,True,0.0001,,0.0,0.0,1.0,2000,train_pred_mse,235000,0.9035064120837134,0.8949159325231801,5.805174617581344e-05,0.00234150308880414,1814.8462158670732,51.592331410372154,0.9746,0.0,0.0,0,4500,500,0,4111.0708746910095
ok,ptft,13,5000,0.35300000000000004,1765,0.353,10000,0.001,-0.000999,0.0,0.1,1.0,0.9,0.0,unit_total_var,,0.5,5000000,5000,50000,True,0.0001,,0.0,0.0,1.0,2000,train_pred_mse,225000,0.913579156812283,0.9208255290544471,5.9085831847204665e-05,0.0022615722056787877,1890.8619250728439,54.54198746611817,0.9754,0.0,0.0,0,4500,500,0,1924.2492463588715
ok,ptft,14,5000,0.35300000000000004,1765,0.353,10000,0.001,-0.000999,0.0,0.1,1.0,0.9,0.0,unit_total_var,,0.5,5000000,5000,50000,True,0.0001,,0.0,0.0,1.0,2000,train_pred_mse,235000,0.8794959851695227,0.8783347478386553,5.946291593256097e-05,0.0023279406843541768,1877.2749263462565,53.49586328536571,0.9762,0.0,0.0,0,4500,500,0,3395.667561769485
ok,ptft,15,5000,0.35300000000000004,1765,0.353,10000,0.001,-0.000999,0.0,0.1,1.0,0.9,0.0,unit_total_var,,0.5,5000000,5000,50000,True,0.0001,,0.0,0.0,1.0,2000,train_pred_mse,240000,0.8923972895466539,0.8849487348565959,5.490487806329938e-05,0.002135148993681844,1854.4652103474725,53.36755175923481,0.9762,0.0,0.0,0,4500,500,0,2215.186248779297
ok,ptft,16,5000,0.35300000000000004,1765,0.353,10000,0.001,-0.000999,0.0,0.1,1.0,0.9,0.0,unit_total_var,,0.5,5000000,5000,50000,True,0.0001,,0.0,0.0,1.0,2000,train_pred_mse,240000,0.8967684016453892,0.8964722880840865,5.686847934406663e-05,0.002205187543605568,1822.0448528097174,53.2928465179705,0.9764,0.0,0.0,0,4500,500,0,2671.7863996028896
ok,ptft,17,5000,0.35300000000000004,1765,0.353,10000,0.001,-0.000999,0.0,0.1,1.0,0.9,0.0,unit_total_var,,0.5,5000000,5000,50000,True,0.0001,,0.0,0.0,1.0,2000,train_pred_mse,235000,0.8789925625726371,0.9004671146483443,5.6802891759652954e-05,0.002136878351948357,1861.2618788127766,53.30889814662085,0.9722,0.0,0.0,0,4500,500,0,4707.9895317554465
ok,ptft,18,5000,0.35300000000000004,1765,0.353,10000,0.001,-0.000999,0.0,0.1,1.0,0.9,0.0,unit_total_var,,0.5,5000000,5000,50000,True,0.0001,,0.0,0.0,1.0,2000,train_pred_mse,220000,0.9599001077927788,0.9421430298032426,5.753763934461309e-05,0.0022526753150239466,1919.4175131171364,55.09173667230729,0.9724,0.0,0.0,0,4500,500,0,2745.993949890137
ok,ptft,19,5000,0.35300000000000004,1765,0.353,10000,0.001,-0.000999,0.0,0.1,1.0,0.9,0.0,unit_total_var,,0.5,5000000,5000,50000,True,0.0001,,0.0,0.0,1.0,2000,train_pred_mse,230000,0.873733943282479,0.8881138956852651,6.053946333520828e-05,0.0023863139278311107,1828.6038005383634,52.22909848452484,0.9698,0.0,0.0,0,4500,500,0,2586.868511915207
ok,ptft,6,5000,0.35300000000000004,1765,0.353,10000,0.001,-0.000999,0.0,0.1,1.0,0.9,0.0,unit_total_var,,0.5,5000000,5000,50000,True,0.0001,,0.0,0.0,1.0,2000,train_pred_mse,235000,0.900764956427734,0.9005950259981279,5.578331118460753e-05,0.0021033265447492878,1886.4113159843325,54.14506420799094,0.976,0.0,0.0,0,4500,500,0,2708.5750880241394
ok,ptft,7,5000,0.35300000000000004,1765,0.353,10000,0.001,-0.000999,0.0,0.1,1.0,0.9,0.0,unit_total_var,,0.5,5000000,5000,50000,True,0.0001,,0.0,0.0,1.0,2000,train_pred_mse,225000,0.9086882921638182,0.9088266817736838,6.006173569621572e-05,0.002334607685939209,1861.486161978612,53.58825197973599,0.9746,0.0,0.0,0,4500,500,0,3060.0272936820984
ok,ptft,8,5000,0.35300000000000004,1765,0.353,10000,0.001,-0.000999,0.0,0.1,1.0,0.9,0.0,unit_total_var,,0.5,5000000,5000,50000,True,0.0001,,0.0,0.0,1.0,2000,train_pred_mse,230000,0.9099125440821187,0.9147261394421472,5.823593665650561e-05,0.0022602651319868533,1831.3651334113708,52.02830785156991,0.9744,0.0,0.0,0,4500,500,0,2726.4262990951543
ok,ptft,9,5000,0.35300000000000004,1765,0.353,10000,0.001,-0.000999,0.0,0.1,1.0,0.9,0.0,unit_total_var,,0.5,5000000,5000,50000,True,0.0001,,0.0,0.0,1.0,2000,train_pred_mse,240000,0.8844434595455491,0.8901001727543717,5.856722375025815e-05,0.002231479692674239,1836.6197313382631,52.89189830097839,0.9758,0.0,0.0,0,4500,500,0,4096.84498500824
ok,ptft,10,5000,0.402,2010,0.402,10000,0.001,-0.000999,0.0,0.1,1.0,0.9,0.0,unit_total_var,,0.5,5000000,5000,50000,True,0.0001,,0.0,0.0,1.0,2000,train_pred_mse,280000,0.8857696739571492,0.8731171382560213,5.3069781168751785e-05,0.0019568663298893227,2094.130161859902,57.10859893926113,0.9826,0.0,0.0,0,4500,500,0,5239.321261167526
ok,ptft,11,5000,0.402,2010,0.402,10000,0.001,-0.000999,0.0,0.1,1.0,0.9,0.0,unit_total_var,,0.5,5000000,5000,50000,True,0.0001,,0.0,0.0,1.0,2000,train_pred_mse,270000,0.9251021809131836,0.8960457781004753,5.4866172216819127e-05,0.001997324193834655,2095.711434181902,57.59341520714432,0.9792,0.0,0.0,0,4500,500,0,3352.243401288986
ok,ptft,12,5000,0.402,2010,0.402,10000,0.001,-0.000999,0.0,0.1,1.0,0.9,0.0,unit_total_var,,0.5,5000000,5000,50000,True,0.0001,,0.0,0.0,1.0,2000,train_pred_mse,270000,0.8324595313016442,0.8294089365302226,5.6211095032872814e-05,0.0021222315771362928,2015.2474945577496,54.39050065468303,0.9752,0.0,0.0,0,4500,500,0,3573.1359617710114
ok,ptft,13,5000,0.402,2010,0.402,10000,0.001,-0.000999,0.0,0.1,1.0,0.9,0.0,unit_total_var,,0.5,5000000,5000,50000,True,0.0001,,0.0,0.0,1.0,2000,train_pred_mse,280000,0.8413076067741802,0.8516760431965594,5.092696913617898e-05,0.0018509524329058035,2076.5102020407294,56.195407352197726,0.978,0.0,0.0,0,4500,500,0,3703.852028608322
ok,ptft,14,5000,0.402,2010,0.402,10000,0.001,-0.000999,0.0,0.1,1.0,0.9,0.0,unit_total_var,,0.5,5000000,5000,50000,True,0.0001,,0.0,0.0,1.0,2000,train_pred_mse,280000,0.8687082025468089,0.8695382307304708,5.319794137061925e-05,0.001956327652399574,2023.2774721216103,54.758654493597966,0.9812,0.0,0.0,0,4500,500,0,3528.248039007187
ok,ptft,15,5000,0.402,2010,0.402,10000,0.001,-0.000999,0.0,0.1,1.0,0.9,0.0,unit_total_var,,0.5,5000000,5000,50000,True,0.0001,,0.0,0.0,1.0,2000,train_pred_mse,295000,0.8167587396438848,0.8263105105659443,5.099890788782898e-05,0.0018990040245533144,1982.9260218840034,53.972296672000525,0.9816,0.0,0.0,0,4500,500,0,4528.336902618408
ok,ptft,16,5000,0.402,2010,0.402,10000,0.001,-0.000999,0.0,0.1,1.0,0.9,0.0,unit_total_var,,0.5,5000000,5000,50000,True,0.0001,,0.0,0.0,1.0,2000,train_pred_mse,280000,0.8112970677739175,0.8317942804928238,5.182281967326449e-05,0.001843654546614993,2052.3413122676625,56.440586143863456,0.9764,0.0,0.0,0,4500,500,0,2884.6670882701874
ok,ptft,17,5000,0.402,2010,0.402,10000,0.001,-0.000999,0.0,0.1,1.0,0.9,0.0,unit_total_var,,0.5,5000000,5000,50000,True,0.0001,,0.0,0.0,1.0,2000,train_pred_mse,290000,0.8185656110071844,0.8319845002558339,5.067606727145784e-05,0.0018008237846512203,2062.62970927129,56.318355462313185,0.9746,0.0,0.0,0,4500,500,0,2782.6454634666443
ok,ptft,18,5000,0.402,2010,0.402,10000,0.001,-0.000999,0.0,0.1,1.0,0.9,0.0,unit_total_var,,0.5,5000000,5000,50000,True,0.0001,,0.0,0.0,1.0,2000,train_pred_mse,285000,0.8854551866125822,0.880172998713803,5.2708750225124826e-05,0.0019141717697117703,2036.9414875804089,55.667834381619095,0.9802,0.0,0.0,0,4500,500,0,3633.256804466248
ok,ptft,19,5000,0.402,2010,0.402,10000,0.001,-0.000999,0.0,0.1,1.0,0.9,0.0,unit_total_var,,0.5,5000000,5000,50000,True,0.0001,,0.0,0.0,1.0,2000,train_pred_mse,270000,0.8408334290968934,0.8264768283786432,5.6495343332531385e-05,0.0021072934421579106,2047.7683105193528,55.35973382332842,0.9788,0.0,0.0,0,4500,500,0,5050.8270432949075
ok,ptft,6,5000,0.402,2010,0.402,10000,0.001,-0.000999,0.0,0.1,1.0,0.9,0.0,unit_total_var,,0.5,5000000,5000,50000,True,0.0001,,0.0,0.0,1.0,2000,train_pred_mse,290000,0.7949809757018114,0.8045810374747007,5.335233934505293e-05,0.002033237029177084,1980.9455219380625,53.58806730420101,0.9778,0.0,0.0,0,4500,500,0,5329.674388170241
ok,ptft,7,5000,0.402,2010,0.402,10000,0.001,-0.000999,0.0,0.1,1.0,0.9,0.0,unit_total_var,,0.5,5000000,5000,50000,True,0.0001,,0.0,0.0,1.0,2000,train_pred_mse,290000,0.8481735960737886,0.8265328214320121,5.261237459517052e-05,0.001926832212901563,2019.9406059448706,54.63329476890419,0.9778,0.0,0.0,0,4500,500,0,4394.693355321884
ok,ptft,8,5000,0.402,2010,0.402,10000,0.001,-0.000999,0.0,0.1,1.0,0.9,0.0,unit_total_var,,0.5,5000000,5000,50000,True,0.0001,,0.0,0.0,1.0,2000,train_pred_mse,290000,0.8503284039440013,0.85256435902361,5.379904222907835e-05,0.002008648435543306,2001.4364845663451,54.822745886097564,0.978,0.0,0.0,0,4500,500,0,3917.2967643737793
ok,ptft,9,5000,0.402,2010,0.402,10000,0.001,-0.000999,0.0,0.1,1.0,0.9,0.0,unit_total_var,,0.5,5000000,5000,50000,True,0.0001,,0.0,0.0,1.0,2000,train_pred_mse,305000,0.8094270196688469,0.8228638578699065,5.226443848485914e-05,0.0019172161507767368,2017.6358633116672,53.833746613760596,0.9790000000000001,0.0,0.0,0,4500,500,0,4099.7320387363425
ok,ptft,10,5000,0.451,2255,0.451,10000,0.001,-0.000999,0.0,0.1,1.0,0.9,0.0,unit_total_var,,0.5,5000000,5000,50000,True,0.0001,,0.0,0.0,1.0,2000,train_pred_mse,325000,0.8117202890846047,0.8072275682827245,4.934353063539674e-05,0.0017589955341005571,2274.462908308025,58.314472685761935,0.9796,0.0,0.0,0,4500,500,0,6950.6089544296265
ok,ptft,11,5000,0.451,2255,0.451,10000,0.001,-0.000999,0.0,0.1,1.0,0.9,0.0,unit_total_var,,0.5,5000000,5000,50000,True,0.0001,,0.0,0.0,1.0,2000,train_pred_mse,340000,0.8271119755039971,0.8113217089419292,4.6289768137002556e-05,0.001680735829345311,2201.592536966569,57.32205633622637,0.9804,0.0,0.0,0,4500,500,0,5206.329864978789
ok,ptft,12,5000,0.451,2255,0.451,10000,0.001,-0.000999,0.0,0.1,1.0,0.9,0.0,unit_total_var,,0.5,5000000,5000,50000,True,0.0001,,0.0,0.0,1.0,2000,train_pred_mse,355000,0.7513958806981219,0.7729913347437904,4.696005349251459e-05,0.0016357630036364945,2157.2764943035345,55.972291725089455,0.983,0.0,0.0,0,4500,500,0,5428.2396800518045
ok,ptft,13,5000,0.451,2255,0.451,10000,0.001,-0.000999,0.0,0.1,1.0,0.9,0.0,unit_total_var,,0.5,5000000,5000,50000,True,0.0001,,0.0,0.0,1.0,2000,train_pred_mse,340000,0.750906049964595,0.7652716866792534,4.6682831340856315e-05,0.0015790468716907471,2219.557646703348,57.5357839946596,0.9802,0.0,0.0,0,4500,500,0,5108.8570709228525
ok,ptft,14,5000,0.451,2255,0.451,10000,0.001,-0.000999,0.0,0.1,1.0,0.9,0.0,unit_total_var,,0.5,5000000,5000,50000,True,0.0001,,0.0,0.0,1.0,2000,train_pred_mse,340000,0.7769592336340173,0.7704690094830767,4.763060791724007e-05,0.001726369787396198,2192.549591754939,56.200697423969366,0.9794,0.0,0.0,0,4500,500,0,4661.838627576828
ok,ptft,16,5000,0.451,2255,0.451,10000,0.001,-0.000999,0.0,0.1,1.0,0.9,0.0,unit_total_var,,0.5,5000000,5000,50000,True,0.0001,,0.0,0.0,1.0,2000,train_pred_mse,350000,0.7895146047021743,0.79005509086608,4.706872434477363e-05,0.0016948376048265589,2236.202380048284,56.7902113026511,0.978,0.0,0.0,0,4500,500,0,5047.240539550781
ok,ptft,17,5000,0.451,2255,0.451,10000,0.001,-0.000999,0.0,0.1,1.0,0.9,0.0,unit_total_var,,0.5,5000000,5000,50000,True,0.0001,,0.0,0.0,1.0,2000,train_pred_mse,365000,0.7666315727825469,0.772959670212333,4.747740454415533e-05,0.0016384262878669773,2184.7652189823793,56.469519029946156,0.9786,0.0,0.0,0,4500,500,0,4817.723631143571
ok,ptft,18,5000,0.451,2255,0.451,10000,0.001,-0.000999,0.0,0.1,1.0,0.9,0.0,unit_total_var,,0.5,5000000,5000,50000,True,0.0001,,0.0,0.0,1.0,2000,train_pred_mse,345000,0.7983976011526956,0.7982241409351893,4.695443782156365e-05,0.0016741335290432282,2212.9510726311855,57.145355347279136,0.9788,0.0,0.0,0,4500,500,0,6104.51916885376
ok,ptft,19,5000,0.451,2255,0.451,10000,0.001,-0.000999,0.0,0.1,1.0,0.9,0.0,unit_total_var,,0.5,5000000,5000,50000,True,0.0001,,0.0,0.0,1.0,2000,train_pred_mse,345000,0.7560178302925165,0.7696483872872882,4.777278406849744e-05,0.0016759126001673274,2173.7291946776304,56.73236588101811,0.9704,0.0,0.0,0,4500,500,0,6741.164562940598
ok,ptft,6,5000,0.451,2255,0.451,10000,0.001,-0.000999,0.0,0.1,1.0,0.9,0.0,unit_total_var,,0.5,5000000,5000,50000,True,0.0001,,0.0,0.0,1.0,2000,train_pred_mse,350000,0.7606124959809599,0.7457030340588587,4.591701568035506e-05,0.001656281572375656,2190.90591246075,56.3418701156711,0.9776,0.0,0.0,0,4500,500,0,5097.520443677902
ok,ptft,7,5000,0.451,2255,0.451,10000,0.001,-0.000999,0.0,0.1,1.0,0.9,0.0,unit_total_var,,0.5,5000000,5000,50000,True,0.0001,,0.0,0.0,1.0,2000,train_pred_mse,350000,0.7687187307344072,0.7751405968898449,4.5585044354259616e-05,0.0015673593338538926,2184.8154123971035,56.37373511494653,0.9756,0.0,0.0,0,4500,500,0,5979.463649511336
ok,ptft,9,5000,0.451,2255,0.451,10000,0.001,-0.000999,0.0,0.1,1.0,0.9,0.0,unit_total_var,,0.5,5000000,5000,50000,True,0.0001,,0.0,0.0,1.0,2000,train_pred_mse,355000,0.7406274017106163,0.7476354062784598,4.78933167627765e-05,0.0016734915949539533,2184.7570618896666,56.22473149334712,0.9782,0.0,0.0,0,4500,500,0,5330.354066848755
ok,ptft,11,5000,0.5,2500,0.5,10000,0.001,-0.000999,0.0,0.1,1.0,0.9,0.0,unit_total_var,,0.5,5000000,5000,50000,True,0.0001,,0.0,0.0,1.0,2000,train_pred_mse,445000,0.7614517655872947,0.7518710829705709,4.212070934457783e-05,0.0014211159925829756,2348.588042281481,58.53109616310131,0.9846,0.0,0.0,0,4500,500,0,6138.973647594452
ok,ptft,13,5000,0.5,2500,0.5,10000,0.001,-0.000999,0.0,0.1,1.0,0.9,0.0,unit_total_var,,0.5,5000000,5000,50000,True,0.0001,,0.0,0.0,1.0,2000,train_pred_mse,420000,0.7451414030066886,0.7306897378663212,4.084605001186895e-05,0.001384569783988415,2373.0417835583485,58.668581826772396,0.9798,0.0,0.0,0,4500,500,0,7146.937649965285
ok,ptft,14,5000,0.5,2500,0.5,10000,0.001,-0.000999,0.0,0.1,1.0,0.9,0.0,unit_total_var,,0.5,5000000,5000,50000,True,0.0001,,0.0,0.0,1.0,2000,train_pred_mse,410000,0.6938904172718412,0.7029806535790207,4.266027449409455e-05,0.0014251970385756325,2375.089213188219,58.59367025468395,0.9824,0.0,0.0,0,4500,500,0,5717.925501585008
ok,ptft,15,5000,0.5,2500,0.5,10000,0.001,-0.000999,0.0,0.1,1.0,0.9,0.0,unit_total_var,,0.5,5000000,5000,50000,True,0.0001,,0.0,0.0,1.0,2000,train_pred_mse,435000,0.6958510062860693,0.6809830640915284,4.0562311724943454e-05,0.0013769285706467613,2320.2982732635724,57.1253189430585,0.9786,0.0,0.0,0,4500,500,0,6476.816260814667
ok,ptft,17,5000,0.5,2500,0.5,10000,0.001,-0.000999,0.0,0.1,1.0,0.9,0.0,unit_total_var,,0.5,5000000,5000,50000,True,0.0001,,0.0,0.0,1.0,2000,train_pred_mse,420000,0.7414120166212326,0.7387937718265946,4.291234853288471e-05,0.0014775651123316985,2351.105630740499,57.990125850965434,0.9778,0.0,0.0,0,4500,500,0,7127.170715570451
ok,ptft,18,5000,0.5,2500,0.5,10000,0.001,-0.000999,0.0,0.1,1.0,0.9,0.0,unit_total_var,,0.5,5000000,5000,50000,True,0.0001,,0.0,0.0,1.0,2000,train_pred_mse,435000,0.7527941693057144,0.7410107503305439,4.162785411386796e-05,0.0014254222888546348,2391.739794649821,58.85610172654054,0.9828,0.0,0.0,0,4500,500,0,6891.840254306793
ok,ptft,19,5000,0.5,2500,0.5,10000,0.001,-0.000999,0.0,0.1,1.0,0.9,0.0,unit_total_var,,0.5,5000000,5000,50000,True,0.0001,,0.0,0.0,1.0,2000,train_pred_mse,410000,0.6988713372527632,0.7243782218470087,4.2161345783234726e-05,0.0013829926534728162,2392.5302824007317,58.873884431829964,0.9836,0.0,0.0,0,4500,500,0,6126.704590797424
ok,ptft,6,5000,0.5,2500,0.5,10000,0.001,-0.000999,0.0,0.1,1.0,0.9,0.0,unit_total_var,,0.5,5000000,5000,50000,True,0.0001,,0.0,0.0,1.0,2000,train_pred_mse,430000,0.7185007913248059,0.7183993215908497,4.009425476001511e-05,0.0013559839893291705,2270.3264969420266,56.361904314513815,0.9782,0.0,0.0,0,4500,500,0,6910.884769916534
ok,ptft,8,5000,0.5,2500,0.5,10000,0.001,-0.000999,0.0,0.1,1.0,0.9,0.0,unit_total_var,,0.5,5000000,5000,50000,True,0.0001,,0.0,0.0,1.0,2000,train_pred_mse,430000,0.6900512650243095,0.6931327867587918,4.2592615628011515e-05,0.0014491126824494446,2361.316754193677,57.328853633159895,0.981,0.0,0.0,0,4500,500,0,6399.561603546143
ok,ptft,10,5000,0.01,50,0.01,10000,0.001,-0.00099,0.0,0.1,1.0,0.9,0.0,unit_total_var,,0.5,5000000,5000,50000,True,0.0001,,0.0,0.0,1.0,2000,train_pred_mse,5000,1.276219512234894,1.2602544475988209,0.00028823997163522115,29348.66670894521,295.67722319571726,33.322537238023486,0.9890000000000001,0.0,0.0,0,4500,500,0,4.918785095214844
ok,ptft,11,5000,0.01,50,0.01,10000,0.001,-0.00099,0.0,0.1,1.0,0.9,0.0,unit_total_var,,0.5,5000000,5000,50000,True,0.0001,,0.0,0.0,1.0,2000,train_pred_mse,5000,1.2002386326572307,1.1677911606535116,0.00046854306742938464,32158.94663132873,242.51131268209903,27.965595403423468,0.99,0.0,0.0,0,4500,500,0,6.395000457763673
ok,ptft,12,5000,0.01,50,0.01,10000,0.001,-0.00099,0.0,0.1,1.0,0.9,0.0,unit_total_var,,0.5,5000000,5000,50000,True,0.0001,,0.0,0.0,1.0,2000,train_pred_mse,5000,1.111909126211882,1.1337890935191492,0.00046563054103900946,33362.485882693254,226.7941972354667,27.96405426016284,0.9890000000000001,0.0,0.0,0,4500,500,0,5.786229610443115
ok,ptft,13,5000,0.01,50,0.01,10000,0.001,-0.00099,0.0,0.1,1.0,0.9,0.0,unit_total_var,,0.5,5000000,5000,50000,True,0.0001,,0.0,0.0,1.0,2000,train_pred_mse,5000,1.2521540039645374,1.2480602469300928,0.00036964932471338286,35792.447060976745,281.74293138278745,34.66652601600112,0.9888,0.0,0.0,0,4500,500,0,5.525550603866577
ok,ptft,14,5000,0.01,50,0.01,10000,0.001,-0.00099,0.0,0.1,1.0,0.9,0.0,unit_total_var,,0.5,5000000,5000,50000,True,0.0001,,0.0,0.0,1.0,2000,train_pred_mse,5000,1.2126342702084851,1.1842204468048292,0.0003138050568899919,35168.351774045135,275.1826471363063,31.521323663324218,0.9896,0.0,0.0,0,4500,500,0,4.65848708152771
ok,ptft,15,5000,0.01,50,0.01,10000,0.001,-0.00099,0.0,0.1,1.0,0.9,0.0,unit_total_var,,0.5,5000000,5000,50000,True,0.0001,,0.0,0.0,1.0,2000,train_pred_mse,10000,1.1206168780221353,1.1154226281519706,4.0682564131867774e-05,0.021349905989833173,245.6591599610157,27.44042339505616,0.9868,0.0,0.0,0,4500,500,0,8.03410792350769
ok,ptft,16,5000,0.01,50,0.01,10000,0.001,-0.00099,0.0,0.1,1.0,0.9,0.0,unit_total_var,,0.5,5000000,5000,50000,True,0.0001,,0.0,0.0,1.0,2000,train_pred_mse,10000,1.178914772337527,1.1761464869573504,5.687969064951434e-05,0.0223212971531006,230.23429561115418,30.292172278782417,0.9904,0.0,0.0,0,4500,500,0,7.762655973434447
ok,ptft,17,5000,0.01,50,0.01,10000,0.001,-0.00099,0.0,0.1,1.0,0.9,0.0,unit_total_var,,0.5,5000000,5000,50000,True,0.0001,,0.0,0.0,1.0,2000,train_pred_mse,5000,1.0793158122346034,1.1243513944777457,0.0004998709795816602,31553.222008430548,253.16025326127968,26.129254978526077,0.988,0.0,0.0,0,4500,500,0,5.142265796661377
ok,ptft,18,5000,0.01,50,0.01,10000,0.001,-0.00099,0.0,0.1,1.0,0.9,0.0,unit_total_var,,0.5,5000000,5000,50000,True,0.0001,,0.0,0.0,1.0,2000,train_pred_mse,5000,1.1540236208750512,1.1584280755151206,0.0005008868167084841,32682.693447385467,259.84480440169546,26.109366190039307,0.9916,0.0,0.0,0,4500,500,0,5.027440309524536
ok,ptft,19,5000,0.01,50,0.01,10000,0.001,-0.00099,0.0,0.1,1.0,0.9,0.0,unit_total_var,,0.5,5000000,5000,50000,True,0.0001,,0.0,0.0,1.0,2000,train_pred_mse,5000,1.1187410939405529,1.1262796640841728,0.00031617097575701783,29023.338338782323,287.932691105675,26.668365136498785,0.99,0.0,0.0,0,4500,500,0,5.09096097946167
ok,ptft,6,5000,0.01,50,0.01,10000,0.001,-0.00099,0.0,0.1,1.0,0.9,0.0,unit_total_var,,0.5,5000000,5000,50000,True,0.0001,,0.0,0.0,1.0,2000,train_pred_mse,5000,1.1463759372275082,1.134571728526556,0.0003684163663540921,31826.73418485865,260.22395128727277,29.256163782884837,0.9908,0.0,0.0,0,4500,500,0,6.49137282371521
ok,ptft,7,5000,0.01,50,0.01,10000,0.001,-0.00099,0.0,0.1,1.0,0.9,0.0,unit_total_var,,0.5,5000000,5000,50000,True,0.0001,,0.0,0.0,1.0,2000,train_pred_mse,10000,1.1251100057226384,1.1305191414566351,4.6693346508171726e-05,0.026016239119356903,221.2022819955836,26.758104681429,0.9892,0.0,0.0,0,4500,500,0,10.19233751296997
ok,ptft,8,5000,0.01,50,0.01,10000,0.001,-0.00099,0.0,0.1,1.0,0.9,0.0,unit_total_var,,0.5,5000000,5000,50000,True,0.0001,,0.0,0.0,1.0,2000,train_pred_mse,10000,1.15470342959228,1.148240377475756,4.925870288133256e-05,0.017595284560309496,233.08452088380193,28.998692455582102,0.9892,0.0,0.0,0,4500,500,0,8.605452299118044
ok,ptft,9,5000,0.01,50,0.01,10000,0.001,-0.00099,0.0,0.1,1.0,0.9,0.0,unit_total_var,,0.5,5000000,5000,50000,True,0.0001,,0.0,0.0,1.0,2000,train_pred_mse,5000,1.0893692860054307,1.1004408990199783,0.0004542118522477504,30493.98966904794,215.9289052071741,24.79854233395737,0.9890000000000001,0.0,0.0,0,4500,500,0,5.491292715072632
ok,ptft,10,5000,0.059,295,0.059000000000000004,10000,0.001,-0.00099,0.0,0.1,1.0,0.9,0.0,unit_total_var,,0.5,5000000,5000,50000,True,0.0001,,0.0,0.0,1.0,2000,train_pred_mse,25000,1.3156754686632528,1.3299791979084898,0.00013679281527158386,0.011777711672278429,708.8364444825123,42.66588449283617,0.9914,0.0,0.0,0,4500,500,0,29.974180698394772
ok,ptft,11,5000,0.059,295,0.059000000000000004,10000,0.001,-0.00099,0.0,0.1,1.0,0.9,0.0,unit_total_var,,0.5,5000000,5000,50000,True,0.0001,,0.0,0.0,1.0,2000,train_pred_mse,25000,1.2778430124073576,1.2496086189873217,0.00014673555475627043,0.013222943912334492,691.5621590926663,39.26245394412246,0.9942,0.0,0.0,0,4500,500,0,38.10419058799744
ok,ptft,12,5000,0.059,295,0.059000000000000004,10000,0.001,-0.00099,0.0,0.1,1.0,0.9,0.0,unit_total_var,,0.5,5000000,5000,50000,True,0.0001,,0.0,0.0,1.0,2000,train_pred_mse,25000,1.175933002137149,1.2004651797207837,0.00017411173090708978,0.015858059846654206,639.0854123795123,38.20637827484944,0.995,0.0,0.0,0,4500,500,0,56.096577644348145
ok,ptft,13,5000,0.059,295,0.059000000000000004,10000,0.001,-0.00099,0.0,0.1,1.0,0.9,0.0,unit_total_var,,0.5,5000000,5000,50000,True,0.0001,,0.0,0.0,1.0,2000,train_pred_mse,25000,1.2476126343321097,1.2415138289257357,0.00015135779667755638,0.013250115878360887,655.8629429793417,39.642946879896726,0.993,0.0,0.0,0,4500,500,0,40.48574209213257
ok,ptft,14,5000,0.059,295,0.059000000000000004,10000,0.001,-0.00099,0.0,0.1,1.0,0.9,0.0,unit_total_var,,0.5,5000000,5000,50000,True,0.0001,,0.0,0.0,1.0,2000,train_pred_mse,25000,1.2692990926319934,1.2381333364691611,0.0001624041830824265,0.014469833648277875,652.9297597254704,39.391433264352,0.9938,0.0,0.0,0,4500,500,0,58.94830131530762
ok,ptft,15,5000,0.059,295,0.059000000000000004,10000,0.001,-0.00099,0.0,0.1,1.0,0.9,0.0,unit_total_var,,0.5,5000000,5000,50000,True,0.0001,,0.0,0.0,1.0,2000,train_pred_mse,25000,1.245872013323457,1.222575388407259,0.00013802197589190312,0.013089275879058384,678.240077265419,40.04463650572945,0.9912,0.0,0.0,0,4500,500,0,35.86035132408142
ok,ptft,16,5000,0.059,295,0.059000000000000004,10000,0.001,-0.00099,0.0,0.1,1.0,0.9,0.0,unit_total_var,,0.5,5000000,5000,50000,True,0.0001,,0.0,0.0,1.0,2000,train_pred_mse,25000,1.288025669485614,1.2776827222522782,0.00013791491105427162,0.011280641447943218,682.8571028067238,41.55587165222101,0.9936,0.0,0.0,0,4500,500,0,32.670345544815056
ok,ptft,17,5000,0.059,295,0.059000000000000004,10000,0.001,-0.00099,0.0,0.1,1.0,0.9,0.0,unit_total_var,,0.5,5000000,5000,50000,True,0.0001,,0.0,0.0,1.0,2000,train_pred_mse,25000,1.1668516004705909,1.2078538286710825,0.00013574421417858246,0.012363236647172787,652.802742318393,38.063466194695295,0.9926,0.0,0.0,0,4500,500,0,36.541280269622796
ok,ptft,18,5000,0.059,295,0.059000000000000004,10000,0.001,-0.00099,0.0,0.1,1.0,0.9,0.0,unit_total_var,,0.5,5000000,5000,50000,True,0.0001,,0.0,0.0,1.0,2000,train_pred_mse,25000,1.310325902555815,1.286119418706526,0.00014879226780842986,0.01339234979047171,674.0728112843324,40.62070534995574,0.9940000000000001,0.0,0.0,0,4500,500,0,32.62401962280273
ok,ptft,19,5000,0.059,295,0.059000000000000004,10000,0.001,-0.00099,0.0,0.1,1.0,0.9,0.0,unit_total_var,,0.5,5000000,5000,50000,True,0.0001,,0.0,0.0,1.0,2000,train_pred_mse,25000,1.159296330392654,1.1751473623062958,0.00012753334908137604,0.013187829923351432,608.8295310517552,35.683134264750926,0.9934,0.0,0.0,0,4500,500,0,32.45106315612793
ok,ptft,6,5000,0.059,295,0.059000000000000004,10000,0.001,-0.00099,0.0,0.1,1.0,0.9,0.0,unit_total_var,,0.5,5000000,5000,50000,True,0.0001,,0.0,0.0,1.0,2000,train_pred_mse,25000,1.2267552514644784,1.2091523624513645,0.00017617101190796946,0.015533389143498113,639.2815844674162,38.874372181776856,0.9902,0.0,0.0,0,4500,500,0,69.82439732551575
ok,ptft,7,5000,0.059,295,0.059000000000000004,10000,0.001,-0.00099,0.0,0.1,1.0,0.9,0.0,unit_total_var,,0.5,5000000,5000,50000,True,0.0001,,0.0,0.0,1.0,2000,train_pred_mse,25000,1.2337500970154691,1.237918276681779,0.00011761592623838518,0.0111240966893854,665.7110260501132,40.01238107169269,0.9940000000000001,0.0,0.0,0,4500,500,0,34.65992760658264
ok,ptft,8,5000,0.059,295,0.059000000000000004,10000,0.001,-0.00099,0.0,0.1,1.0,0.9,0.0,unit_total_var,,0.5,5000000,5000,50000,True,0.0001,,0.0,0.0,1.0,2000,train_pred_mse,25000,1.1730802853638551,1.1698259646629838,0.00011443959788468225,0.012068980604763734,628.224651892235,35.31327941861153,0.9936,0.0,0.0,0,4500,500,0,34.479578495025635
ok,ptft,9,5000,0.059,295,0.059000000000000004,10000,0.001,-0.00099,0.0,0.1,1.0,0.9,0.0,unit_total_var,,0.5,5000000,5000,50000,True,0.0001,,0.0,0.0,1.0,2000,train_pred_mse,25000,1.223082929123198,1.243718552592892,0.0001303376797481057,0.011379062311257545,680.5759824127327,41.80408138340721,0.9952,0.0,0.0,0,4500,500,0,31.680349588394165
ok,ptft,10,5000,0.10800000000000001,540,0.10800000000000001,10000,0.001,-0.00099,0.0,0.1,1.0,0.9,0.0,unit_total_var,,0.5,5000000,5000,50000,True,0.0001,,0.0,0.0,1.0,2000,train_pred_mse,45000,1.3011184028345135,1.2585424484052514,0.00011685157542625952,0.0073552350449614815,913.7746643707517,42.904496891045646,0.9948,0.0,0.0,0,4500,500,0,262.70043706893915
ok,ptft,11,5000,0.10800000000000001,540,0.10800000000000001,10000,0.001,-0.00099,0.0,0.1,1.0,0.9,0.0,unit_total_var,,0.5,5000000,5000,50000,True,0.0001,,0.0,0.0,1.0,2000,train_pred_mse,45000,1.171939509363723,1.1543145698996218,0.00013746099077194723,0.00923387233967079,852.3767700511763,39.87348313139821,0.9952,0.0,0.0,0,4500,500,0,209.48209357261658
ok,ptft,12,5000,0.10800000000000001,540,0.10800000000000001,10000,0.001,-0.00099,0.0,0.1,1.0,0.9,0.0,unit_total_var,,0.5,5000000,5000,50000,True,0.0001,,0.0,0.0,1.0,2000,train_pred_mse,40000,1.1470352655933227,1.16848061424749,0.00015405828028838226,0.010232708690040823,900.0793811902588,42.2105938289272,0.9934,0.0,0.0,0,4500,500,0,169.1717779636383
ok,ptft,13,5000,0.10800000000000001,540,0.10800000000000001,10000,0.001,-0.00099,0.0,0.1,1.0,0.9,0.0,unit_total_var,,0.5,5000000,5000,50000,True,0.0001,,0.0,0.0,1.0,2000,train_pred_mse,40000,1.2165352112644072,1.207140810777135,0.00015124381935959435,0.010119229320490222,907.3026557548063,42.75226845356402,0.9956,0.0,0.0,0,4500,500,0,214.10605335235599
ok,ptft,14,5000,0.10800000000000001,540,0.10800000000000001,10000,0.001,-0.00099,0.0,0.1,1.0,0.9,0.0,unit_total_var,,0.5,5000000,5000,50000,True,0.0001,,0.0,0.0,1.0,2000,train_pred_mse,40000,1.2672293648859003,1.2236231958960908,0.00014696346397223494,0.009890243841956258,949.2594714496615,43.31153428983926,0.9958,0.0,0.0,0,4500,500,0,75.22013187408447
ok,ptft,15,5000,0.10800000000000001,540,0.10800000000000001,10000,0.001,-0.00099,0.0,0.1,1.0,0.9,0.0,unit_total_var,,0.5,5000000,5000,50000,True,0.0001,,0.0,0.0,1.0,2000,train_pred_mse,45000,1.1508261235421209,1.1504660975441159,0.0001395902377166837,0.009411812529318631,879.4406150025688,40.36668835885107,0.9932,0.0,0.0,0,4500,500,0,91.30616903305055
ok,ptft,16,5000,0.10800000000000001,540,0.10800000000000001,10000,0.001,-0.00099,0.0,0.1,1.0,0.9,0.0,unit_total_var,,0.5,5000000,5000,50000,True,0.0001,,0.0,0.0,1.0,2000,train_pred_mse,40000,1.1551526232652625,1.1645172614840795,0.00014308112338723222,0.010137721863254451,912.2966381685213,41.697920371728905,0.9956,0.0,0.0,0,4500,500,0,75.98453021049501
ok,ptft,17,5000,0.10800000000000001,540,0.10800000000000001,10000,0.001,-0.00099,0.0,0.1,1.0,0.9,0.0,unit_total_var,,0.5,5000000,5000,50000,True,0.0001,,0.0,0.0,1.0,2000,train_pred_mse,45000,1.2215882395855144,1.235576545596916,0.00011647215910819155,0.007277446616374627,928.2579156429323,43.84098398229026,0.9952,0.0,0.0,0,4500,500,0,88.69979429244995
ok,ptft,18,5000,0.10800000000000001,540,0.10800000000000001,10000,0.001,-0.00099,0.0,0.1,1.0,0.9,0.0,unit_total_var,,0.5,5000000,5000,50000,True,0.0001,,0.0,0.0,1.0,2000,train_pred_mse,40000,1.2388228960735628,1.2294313872566118,0.0001582367962976684,0.01059248060436344,935.4102199829256,43.404457980325745,0.9952,0.0,0.0,0,4500,500,0,93.62951588630676
ok,ptft,19,5000,0.10800000000000001,540,0.10800000000000001,10000,0.001,-0.00099,0.0,0.1,1.0,0.9,0.0,unit_total_var,,0.5,5000000,5000,50000,True,0.0001,,0.0,0.0,1.0,2000,train_pred_mse,45000,1.2222796797621374,1.2317916179877841,0.00013039167987368233,0.007758981196132734,945.3297424541373,44.12316799868288,0.9940000000000001,0.0,0.0,0,4500,500,0,94.36903738975523
ok,ptft,6,5000,0.10800000000000001,540,0.10800000000000001,10000,0.001,-0.00099,0.0,0.1,1.0,0.9,0.0,unit_total_var,,0.5,5000000,5000,50000,True,0.0001,,0.0,0.0,1.0,2000,train_pred_mse,40000,1.1705496068512962,1.1577581184762002,0.0001539712655710376,0.010659933153679321,884.9733094418393,41.2134133504679,0.993,0.0,0.0,0,4500,500,0,213.39344429969788
ok,ptft,7,5000,0.10800000000000001,540,0.10800000000000001,10000,0.001,-0.00099,0.0,0.1,1.0,0.9,0.0,unit_total_var,,0.5,5000000,5000,50000,True,0.0001,,0.0,0.0,1.0,2000,train_pred_mse,40000,1.2156913942042695,1.2148139217842793,0.00014476664218230088,0.009695887225022496,926.6374178795253,44.228256592655974,0.9918,0.0,0.0,0,4500,500,0,121.97660064697266
ok,ptft,8,5000,0.10800000000000001,540,0.10800000000000001,10000,0.001,-0.00099,0.0,0.1,1.0,0.9,0.0,unit_total_var,,0.5,5000000,5000,50000,True,0.0001,,0.0,0.0,1.0,2000,train_pred_mse,40000,1.2284707739091598,1.2166218135169842,0.00015085071561255403,0.009542435469011484,944.2696671213057,44.82214432333788,0.993,0.0,0.0,0,4500,500,0,94.16735863685608
ok,ptft,9,5000,0.10800000000000001,540,0.10800000000000001,10000,0.001,-0.00099,0.0,0.1,1.0,0.9,0.0,unit_total_var,,0.5,5000000,5000,50000,True,0.0001,,0.0,0.0,1.0,2000,train_pred_mse,45000,1.1899125001131827,1.202650971186145,0.00013758128053626862,0.008269811460835821,898.4587484933957,42.869659189777295,0.9952,0.0,0.0,0,4500,500,0,86.87934350967406
ok,ptft,10,5000,0.15700000000000006,785,0.157,10000,0.001,-0.00099,0.0,0.1,1.0,0.9,0.0,unit_total_var,,0.5,5000000,5000,50000,True,0.0001,,0.0,0.0,1.0,2000,train_pred_mse,55000,1.206644455142647,1.1875216861804732,0.00012395875720363724,0.006972238776902975,1204.9405442174816,47.520578632927105,0.9958,0.0,0.0,0,4500,500,0,321.7882707118988
ok,ptft,11,5000,0.15700000000000006,785,0.157,10000,0.001,-0.00099,0.0,0.1,1.0,0.9,0.0,unit_total_var,,0.5,5000000,5000,50000,True,0.0001,,0.0,0.0,1.0,2000,train_pred_mse,60000,1.1617823309511366,1.1358110917665682,0.00011241836894511203,0.006445070942521303,1161.5810179046664,45.51494323946332,0.9948,0.0,0.0,0,4500,500,0,427.68840432167053
ok,ptft,12,5000,0.15700000000000006,785,0.157,10000,0.001,-0.00099,0.0,0.1,1.0,0.9,0.0,unit_total_var,,0.5,5000000,5000,50000,True,0.0001,,0.0,0.0,1.0,2000,train_pred_mse,65000,1.0861637630013872,1.106872821055488,0.00012269664474943718,0.0066454835508402655,1152.1356225409468,45.394421551540795,0.9938,0.0,0.0,0,4500,500,0,426.4060661792755
ok,ptft,13,5000,0.15700000000000006,785,0.157,10000,0.001,-0.00099,0.0,0.1,1.0,0.9,0.0,unit_total_var,,0.5,5000000,5000,50000,True,0.0001,,0.0,0.0,1.0,2000,train_pred_mse,65000,1.110032892099657,1.1117624407149207,0.00010880518651494971,0.005968791529342247,1085.6240020934115,43.68105763641056,0.995,0.0,0.0,0,4500,500,0,507.762001991272
ok,ptft,14,5000,0.15700000000000006,785,0.157,10000,0.001,-0.00099,0.0,0.1,1.0,0.9,0.0,unit_total_var,,0.5,5000000,5000,50000,True,0.0001,,0.0,0.0,1.0,2000,train_pred_mse,65000,1.1632254202835757,1.14377341175467,0.00011694072322244644,0.006505235153020399,1095.1166308313311,43.64175328174371,0.9952,0.0,0.0,0,4500,500,0,549.3866467475891
ok,ptft,15,5000,0.15700000000000006,785,0.157,10000,0.001,-0.00099,0.0,0.1,1.0,0.9,0.0,unit_total_var,,0.5,5000000,5000,50000,True,0.0001,,0.0,0.0,1.0,2000,train_pred_mse,60000,1.1091219188126016,1.1124402958019837,0.00012101385171878631,0.0070653558143434205,1078.8666525935896,42.736975344532965,0.9938,0.0,0.0,0,4500,500,0,245.3252682685852
ok,ptft,16,5000,0.15700000000000006,785,0.157,10000,0.001,-0.00099,0.0,0.1,1.0,0.9,0.0,unit_total_var,,0.5,5000000,5000,50000,True,0.0001,,0.0,0.0,1.0,2000,train_pred_mse,60000,1.1355667204971711,1.1374648398502163,0.00012821244042153884,0.006854671540709977,1138.9072308252244,45.20354149496708,0.9944,0.0,0.0,0,4500,500,0,251.06786489486691
ok,ptft,17,5000,0.15700000000000006,785,0.157,10000,0.001,-0.00099,0.0,0.1,1.0,0.9,0.0,unit_total_var,,0.5,5000000,5000,50000,True,0.0001,,0.0,0.0,1.0,2000,train_pred_mse,65000,1.1604504861175924,1.1877525054169662,0.00010829336025382218,0.006035801649802382,1177.225159407104,46.08400113329957,0.995,0.0,0.0,0,4500,500,0,204.8792774677277
ok,ptft,18,5000,0.15700000000000006,785,0.157,10000,0.001,-0.00099,0.0,0.1,1.0,0.9,0.0,unit_total_var,,0.5,5000000,5000,50000,True,0.0001,,0.0,0.0,1.0,2000,train_pred_mse,60000,1.1889888189711784,1.1572552893587027,0.0001145699686099358,0.006718344794564856,1164.8229175451047,44.461253716433106,0.9968,0.0,0.0,0,4500,500,0,224.92896819114685
ok,ptft,19,5000,0.15700000000000006,785,0.157,10000,0.001,-0.00099,0.0,0.1,1.0,0.9,0.0,unit_total_var,,0.5,5000000,5000,50000,True,0.0001,,0.0,0.0,1.0,2000,train_pred_mse,65000,1.112614982551536,1.1075033194556163,0.0001059658930629135,0.006071039528598195,1114.6301370896904,43.66178234385164,0.9942,0.0,0.0,0,4500,500,0,222.84733390808103
ok,ptft,6,5000,0.15700000000000006,785,0.157,10000,0.001,-0.00099,0.0,0.1,1.0,0.9,0.0,unit_total_var,,0.5,5000000,5000,50000,True,0.0001,,0.0,0.0,1.0,2000,train_pred_mse,60000,1.143134438782232,1.1311033903250258,0.00012538674255833636,0.007015094289641524,1130.1570259270654,45.269709567004135,0.9948,0.0,0.0,0,4500,500,0,454.1359341144562
ok,ptft,7,5000,0.15700000000000006,785,0.157,10000,0.001,-0.00099,0.0,0.1,1.0,0.9,0.0,unit_total_var,,0.5,5000000,5000,50000,True,0.0001,,0.0,0.0,1.0,2000,train_pred_mse,65000,1.1293792286109277,1.1243706188358131,0.00011591403272296332,0.006842041158922973,1071.6238923958567,42.23570416111191,0.9954,0.0,0.0,0,4500,500,0,294.66173672676086
ok,ptft,8,5000,0.15700000000000006,785,0.157,10000,0.001,-0.00099,0.0,0.1,1.0,0.9,0.0,unit_total_var,,0.5,5000000,5000,50000,True,0.0001,,0.0,0.0,1.0,2000,train_pred_mse,60000,1.1726013445180865,1.166332610150036,0.00012740658450978033,0.006919661895883123,1171.8267542712074,47.0163015264445,0.995,0.0,0.0,0,4500,500,0,268.68350887298584
ok,ptft,9,5000,0.15700000000000006,785,0.157,10000,0.001,-0.00099,0.0,0.1,1.0,0.9,0.0,unit_total_var,,0.5,5000000,5000,50000,True,0.0001,,0.0,0.0,1.0,2000,train_pred_mse,60000,1.1312415590765736,1.1117004036727465,0.0001294147782737823,0.0073370627539446264,1126.447219271507,43.42570367060021,0.9966,0.0,0.0,0,4500,500,0,227.28849148750302
ok,ptft,10,5000,0.206,1030,0.20600000000000002,10000,0.001,-0.00099,0.0,0.1,1.0,0.9,0.0,unit_total_var,,0.5,5000000,5000,50000,True,0.0001,,0.0,0.0,1.0,2000,train_pred_mse,85000,1.1459946247005082,1.1502081247310028,0.00010324006232563338,0.005068886810656818,1323.6746903523851,47.23577304288777,0.9952,0.0,0.0,0,4500,500,0,338.8417718410492
ok,ptft,11,5000,0.206,1030,0.20600000000000002,10000,0.001,-0.00099,0.0,0.1,1.0,0.9,0.0,unit_total_var,,0.5,5000000,5000,50000,True,0.0001,,0.0,0.0,1.0,2000,train_pred_mse,90000,1.1512520790309742,1.1179325734070629,9.814470032403809e-05,0.004962080260951445,1291.5671955811274,45.825223410262964,0.9948,0.0,0.0,0,4500,500,0,798.8712294101715
ok,ptft,12,5000,0.206,1030,0.20600000000000002,10000,0.001,-0.00099,0.0,0.1,1.0,0.9,0.0,unit_total_var,,0.5,5000000,5000,50000,True,0.0001,,0.0,0.0,1.0,2000,train_pred_mse,85000,1.0843724547488716,1.083486961415116,0.0001063355545858415,0.005514937994292608,1331.1779197166957,46.81964712552693,0.9968,0.0,0.0,0,4500,500,0,758.4469082355499
ok,ptft,13,5000,0.206,1030,0.20600000000000002,10000,0.001,-0.00099,0.0,0.1,1.0,0.9,0.0,unit_total_var,,0.5,5000000,5000,50000,True,0.0001,,0.0,0.0,1.0,2000,train_pred_mse,85000,1.0925071723323825,1.0790235325684876,0.00010401012984518844,0.005259016215627206,1330.2649948981955,47.47545240005472,0.9962,0.0,0.0,0,4500,500,0,835.6318564414978
ok,ptft,14,5000,0.206,1030,0.20600000000000002,10000,0.001,-0.00099,0.0,0.1,1.0,0.9,0.0,unit_total_var,,0.5,5000000,5000,50000,True,0.0001,,0.0,0.0,1.0,2000,train_pred_mse,75000,1.1016525072235337,1.0871746494038292,0.00011421195842024719,0.0061293672908426045,1370.4301132931846,47.980845668012236,0.9954,0.0,0.0,0,4500,500,0,611.8959777355194
ok,ptft,15,5000,0.206,1030,0.20600000000000002,10000,0.001,-0.00099,0.0,0.1,1.0,0.9,0.0,unit_total_var,,0.5,5000000,5000,50000,True,0.0001,,0.0,0.0,1.0,2000,train_pred_mse,90000,1.0613753478445112,1.05759159641148,9.268224188077438e-05,0.004912180616347592,1271.811899087918,44.145925280082146,0.9938,0.0,0.0,0,4500,500,0,515.4765396118164
ok,ptft,16,5000,0.206,1030,0.20600000000000002,10000,0.001,-0.00099,0.0,0.1,1.0,0.9,0.0,unit_total_var,,0.5,5000000,5000,50000,True,0.0001,,0.0,0.0,1.0,2000,train_pred_mse,90000,1.129677010377966,1.1098799580364669,9.180187690736856e-05,0.004189709589480807,1348.7750968522944,48.436410069879706,0.9962,0.0,0.0,0,4500,500,0,706.6366338729857
ok,ptft,17,5000,0.206,1030,0.20600000000000002,10000,0.001,-0.00099,0.0,0.1,1.0,0.9,0.0,unit_total_var,,0.5,5000000,5000,50000,True,0.0001,,0.0,0.0,1.0,2000,train_pred_mse,85000,1.0911273690556664,1.1089038043948236,9.416299158144031e-05,0.004868279243785786,1324.7749306004885,46.71674237125856,0.9956,0.0,0.0,0,4500,500,0,474.7131209373474
ok,ptft,18,5000,0.206,1030,0.20600000000000002,10000,0.001,-0.00099,0.0,0.1,1.0,0.9,0.0,unit_total_var,,0.5,5000000,5000,50000,True,0.0001,,0.0,0.0,1.0,2000,train_pred_mse,80000,1.1332796766923443,1.1220644607602774,0.00011044589779205212,0.0053819211025050865,1376.7853197944328,48.458347681103156,0.9962,0.0,0.0,0,4500,500,0,541.0471262931824
ok,ptft,19,5000,0.206,1030,0.20600000000000002,10000,0.001,-0.00099,0.0,0.1,1.0,0.9,0.0,unit_total_var,,0.5,5000000,5000,50000,True,0.0001,,0.0,0.0,1.0,2000,train_pred_mse,85000,1.0909494473117225,1.1094897749388957,9.869403109211132e-05,0.004759016849117482,1369.6912428842973,48.06991490389599,0.9964,0.0,0.0,0,4500,500,0,357.94509983062744
ok,ptft,6,5000,0.206,1030,0.20600000000000002,10000,0.001,-0.00099,0.0,0.1,1.0,0.9,0.0,unit_total_var,,0.5,5000000,5000,50000,True,0.0001,,0.0,0.0,1.0,2000,train_pred_mse,80000,1.0478305735740077,1.0406988124418521,0.00010834075617908615,0.005608105605054666,1361.8393703826127,47.958630590986516,0.995,0.0,0.0,0,4500,500,0,757.1065216064453
ok,ptft,7,5000,0.206,1030,0.20600000000000002,10000,0.001,-0.00099,0.0,0.1,1.0,0.9,0.0,unit_total_var,,0.5,5000000,5000,50000,True,0.0001,,0.0,0.0,1.0,2000,train_pred_mse,90000,1.0435809801577252,1.0608398743772556,9.080388992614844e-05,0.0045650785947780005,1326.2264833242893,46.60601661487547,0.9952,0.0,0.0,0,4500,500,0,469.8101840019226
ok,ptft,8,5000,0.206,1030,0.20600000000000002,10000,0.001,-0.00099,0.0,0.1,1.0,0.9,0.0,unit_total_var,,0.5,5000000,5000,50000,True,0.0001,,0.0,0.0,1.0,2000,train_pred_mse,85000,1.082900117279313,1.07812878040669,0.00010304611946483706,0.005029735563093353,1372.9204397652102,48.16630944393364,0.9962,0.0,0.0,0,4500,500,0,498.17401099205017
ok,ptft,9,5000,0.206,1030,0.20600000000000002,10000,0.001,-0.00099,0.0,0.1,1.0,0.9,0.0,unit_total_var,,0.5,5000000,5000,50000,True,0.0001,,0.0,0.0,1.0,2000,train_pred_mse,80000,1.0549218698271252,1.0822682316547243,0.00010074892409321329,0.005102874994334606,1334.9541052013526,46.90275891693556,0.996,0.0,0.0,0,4500,500,0,436.6687772274017
ok,ptft,10,5000,0.255,1275,0.255,10000,0.001,-0.00099,0.0,0.1,1.0,0.9,0.0,unit_total_var,,0.5,5000000,5000,50000,True,0.0001,,0.0,0.0,1.0,2000,train_pred_mse,105000,1.1373806226908345,1.1117669675726198,9.326415713824327e-05,0.003892702344020428,1580.3870414523333,52.62845938713674,0.9942,0.0,0.0,0,4500,500,0,828.5882251262665
ok,ptft,11,5000,0.255,1275,0.255,10000,0.001,-0.00099,0.0,0.1,1.0,0.9,0.0,unit_total_var,,0.5,5000000,5000,50000,True,0.0001,,0.0,0.0,1.0,2000,train_pred_mse,110000,1.0899555218769732,1.0694888357623342,8.917585093439331e-05,0.003998277113191796,1540.4301274451864,49.80160369132118,0.9956,0.0,0.0,0,4500,500,0,1204.1730253696444
ok,ptft,12,5000,0.255,1275,0.255,10000,0.001,-0.00099,0.0,0.1,1.0,0.9,0.0,unit_total_var,,0.5,5000000,5000,50000,True,0.0001,,0.0,0.0,1.0,2000,train_pred_mse,120000,1.0167852629027034,1.0303003620518532,8.205744225321512e-05,0.00351284491539979,1547.791013691946,50.51880353993397,0.9964,0.0,0.0,0,4500,500,0,1278.5205266475675
ok,ptft,13,5000,0.255,1275,0.255,10000,0.001,-0.00099,0.0,0.1,1.0,0.9,0.0,unit_total_var,,0.5,5000000,5000,50000,True,0.0001,,0.0,0.0,1.0,2000,train_pred_mse,115000,1.0730508395824705,1.0681034611124527,7.984753128119189e-05,0.003475474836626318,1582.1126749964455,51.62430771842878,0.9972,0.0,0.0,0,4500,500,0,1749.9138083457947
ok,ptft,14,5000,0.255,1275,0.255,10000,0.001,-0.00099,0.0,0.1,1.0,0.9,0.0,unit_total_var,,0.5,5000000,5000,50000,True,0.0001,,0.0,0.0,1.0,2000,train_pred_mse,100000,1.066393924549485,1.0573318639832479,9.718938810506608e-05,0.0045565689340392465,1575.538185348485,50.94014316614868,0.996,0.0,0.0,0,4500,500,0,1080.5898642539978
ok,ptft,15,5000,0.255,1275,0.255,10000,0.001,-0.00099,0.0,0.1,1.0,0.9,0.0,unit_total_var,,0.5,5000000,5000,50000,True,0.0001,,0.0,0.0,1.0,2000,train_pred_mse,110000,1.0033793040798291,0.9947958309928904,8.961318823161928e-05,0.004095725592348285,1508.248180071868,48.416367503094634,0.9958,0.0,0.0,0,4500,500,0,825.95791888237
ok,ptft,16,5000,0.255,1275,0.255,10000,0.001,-0.00099,0.0,0.1,1.0,0.9,0.0,unit_total_var,,0.5,5000000,5000,50000,True,0.0001,,0.0,0.0,1.0,2000,train_pred_mse,115000,1.0016161259802892,1.008994211894358,8.761306513590763e-05,0.003960731627617639,1500.9966195283253,47.89779920217266,0.995,0.0,0.0,0,4500,500,0,1267.5201725959778
ok,ptft,17,5000,0.255,1275,0.255,10000,0.001,-0.00099,0.0,0.1,1.0,0.9,0.0,unit_total_var,,0.5,5000000,5000,50000,True,0.0001,,0.0,0.0,1.0,2000,train_pred_mse,110000,1.0149936403192166,1.0299637347628632,9.399183342360576e-05,0.0042652440087030275,1504.3243968384063,49.10227057173781,0.9962,0.0,0.0,0,4500,500,0,875.9338223934174
ok,ptft,18,5000,0.255,1275,0.255,10000,0.001,-0.00099,0.0,0.1,1.0,0.9,0.0,unit_total_var,,0.5,5000000,5000,50000,True,0.0001,,0.0,0.0,1.0,2000,train_pred_mse,100000,1.0604426869698045,1.0539091726766519,9.478121093949389e-05,0.004308773108691858,1562.4705309715232,51.17323829200065,0.997,0.0,0.0,0,4500,500,0,737.495023727417
ok,ptft,19,5000,0.255,1275,0.255,10000,0.001,-0.00099,0.0,0.1,1.0,0.9,0.0,unit_total_var,,0.5,5000000,5000,50000,True,0.0001,,0.0,0.0,1.0,2000,train_pred_mse,110000,1.0356181059450196,1.052773182977231,8.398985691977831e-05,0.003751692620866239,1547.2113948881085,50.38710138730032,0.9976,0.0,0.0,0,4500,500,0,803.5724151134491
ok,ptft,6,5000,0.255,1275,0.255,10000,0.001,-0.00099,0.0,0.1,1.0,0.9,0.0,unit_total_var,,0.5,5000000,5000,50000,True,0.0001,,0.0,0.0,1.0,2000,train_pred_mse,115000,1.0118654887930378,1.0093104551033487,8.971085833957758e-05,0.0042278567358845325,1518.0706183994473,48.20902197692874,0.9972,0.0,0.0,0,4500,500,0,600.461608171463
ok,ptft,7,5000,0.255,1275,0.255,10000,0.001,-0.00099,0.0,0.1,1.0,0.9,0.0,unit_total_var,,0.5,5000000,5000,50000,True,0.0001,,0.0,0.0,1.0,2000,train_pred_mse,110000,1.0277098784473258,1.0247358171453749,8.80450214332944e-05,0.0041352768889957115,1522.8534385341384,49.19792299337061,0.9976,0.0,0.0,0,4500,500,0,1498.3795273303986
ok,ptft,8,5000,0.255,1275,0.255,10000,0.001,-0.00099,0.0,0.1,1.0,0.9,0.0,unit_total_var,,0.5,5000000,5000,50000,True,0.0001,,0.0,0.0,1.0,2000,train_pred_mse,115000,0.9873871914741044,1.0020112236820833,8.558542182222762e-05,0.003832946144436956,1490.895452110855,48.68550396193885,0.9958,0.0,0.0,0,4500,500,0,993.0666496753693
ok,ptft,9,5000,0.255,1275,0.255,10000,0.001,-0.00099,0.0,0.1,1.0,0.9,0.0,unit_total_var,,0.5,5000000,5000,50000,True,0.0001,,0.0,0.0,1.0,2000,train_pred_mse,115000,1.0321264820325189,1.0352945112057137,8.717028919158044e-05,0.003672051030135911,1534.5027693456439,49.984214390238684,0.9948,0.0,0.0,0,4500,500,0,822.034702539444
ok,ptft,10,5000,0.30400000000000005,1520,0.304,10000,0.001,-0.00099,0.0,0.1,1.0,0.9,0.0,unit_total_var,,0.5,5000000,5000,50000,True,0.0001,,0.0,0.0,1.0,2000,train_pred_mse,145000,1.024362859532874,1.0088659749349282,7.460073718554802e-05,0.003052431977929257,1783.8669059709393,53.08385836705494,0.9972,0.0,0.0,0,4500,500,0,1405.8287711143494
ok,ptft,11,5000,0.30400000000000005,1520,0.304,10000,0.001,-0.00099,0.0,0.1,1.0,0.9,0.0,unit_total_var,,0.5,5000000,5000,50000,True,0.0001,,0.0,0.0,1.0,2000,train_pred_mse,140000,1.0394096082763509,1.0188031663060524,8.121716100414353e-05,0.0033870394327804765,1731.9051563015446,52.18450123532631,0.9964,0.0,0.0,0,4500,500,0,1812.8707468509674
ok,ptft,12,5000,0.30400000000000005,1520,0.304,10000,0.001,-0.00099,0.0,0.1,1.0,0.9,0.0,unit_total_var,,0.5,5000000,5000,50000,True,0.0001,,0.0,0.0,1.0,2000,train_pred_mse,145000,0.970798184209492,0.9651437938655372,7.31527513328229e-05,0.0030845839854241838,1679.3463762581669,50.99026323449669,0.9964,0.0,0.0,0,4500,500,0,1775.3717691898346
ok,ptft,13,5000,0.30400000000000005,1520,0.304,10000,0.001,-0.00099,0.0,0.1,1.0,0.9,0.0,unit_total_var,,0.5,5000000,5000,50000,True,0.0001,,0.0,0.0,1.0,2000,train_pred_mse,135000,0.9958162670711936,0.9924256493642886,8.299377586506266e-05,0.003542139762364749,1698.646307617193,50.421313202220134,0.9968,0.0,0.0,0,4500,500,0,1876.6561806201933
ok,ptft,14,5000,0.30400000000000005,1520,0.304,10000,0.001,-0.00099,0.0,0.1,1.0,0.9,0.0,unit_total_var,,0.5,5000000,5000,50000,True,0.0001,,0.0,0.0,1.0,2000,train_pred_mse,140000,1.0271781832158358,0.9914142576893156,7.748710060530986e-05,0.003233215359756878,1716.5372732428862,51.95071716833036,0.9974,0.0,0.0,0,4500,500,0,1780.2826387882233
ok,ptft,15,5000,0.30400000000000005,1520,0.304,10000,0.001,-0.00099,0.0,0.1,1.0,0.9,0.0,unit_total_var,,0.5,5000000,5000,50000,True,0.0001,,0.0,0.0,1.0,2000,train_pred_mse,135000,0.9845559197033176,0.9509280637067664,8.372455497404792e-05,0.0036007835478471142,1700.0583502573995,51.50013476680323,0.9954,0.0,0.0,0,4500,500,0,1352.4908113479614
ok,ptft,16,5000,0.30400000000000005,1520,0.304,10000,0.001,-0.00099,0.0,0.1,1.0,0.9,0.0,unit_total_var,,0.5,5000000,5000,50000,True,0.0001,,0.0,0.0,1.0,2000,train_pred_mse,140000,0.9701788946351318,0.9848959626224688,7.886806884975771e-05,0.003403509184629028,1677.4953829125745,49.84971879589943,0.9968,0.0,0.0,0,4500,500,0,1934.4591257572172
ok,ptft,17,5000,0.30400000000000005,1520,0.304,10000,0.001,-0.00099,0.0,0.1,1.0,0.9,0.0,unit_total_var,,0.5,5000000,5000,50000,True,0.0001,,0.0,0.0,1.0,2000,train_pred_mse,145000,0.9768416459941972,1.0012263979665603,7.627536669600774e-05,0.003207440887658594,1706.7036916936,51.44599450903575,0.996,0.0,0.0,0,4500,500,0,1300.2619121074674
ok,ptft,18,5000,0.30400000000000005,1520,0.304,10000,0.001,-0.00099,0.0,0.1,1.0,0.9,0.0,unit_total_var,,0.5,5000000,5000,50000,True,0.0001,,0.0,0.0,1.0,2000,train_pred_mse,140000,0.9949650450615652,0.9961577690299328,7.708309218602708e-05,0.003285565237462817,1718.420470508829,51.815222722333395,0.995,0.0,0.0,0,4500,500,0,1805.3659944534304
ok,ptft,19,5000,0.30400000000000005,1520,0.304,10000,0.001,-0.00099,0.0,0.1,1.0,0.9,0.0,unit_total_var,,0.5,5000000,5000,50000,True,0.0001,,0.0,0.0,1.0,2000,train_pred_mse,140000,0.9747907373716779,0.9561237298624741,7.476207218041262e-05,0.003150976050428245,1696.5049432691244,51.396547921858634,0.9966,0.0,0.0,0,4500,500,0,1351.962363243103
ok,ptft,6,5000,0.30400000000000005,1520,0.304,10000,0.001,-0.00099,0.0,0.1,1.0,0.9,0.0,unit_total_var,,0.5,5000000,5000,50000,True,0.0001,,0.0,0.0,1.0,2000,train_pred_mse,145000,0.9515964308468629,0.9379200205382088,7.76643174015085e-05,0.0033028015437031872,1637.8464772338807,49.678756162183596,0.996,0.0,0.0,0,4500,500,0,1894.141757249832
ok,ptft,7,5000,0.30400000000000005,1520,0.304,10000,0.001,-0.00099,0.0,0.1,1.0,0.9,0.0,unit_total_var,,0.5,5000000,5000,50000,True,0.0001,,0.0,0.0,1.0,2000,train_pred_mse,140000,0.987975082547049,0.9780797830947964,8.110199906238856e-05,0.0034174843815414466,1758.730941866962,52.39486131209205,0.9982,0.0,0.0,0,4500,500,0,2113.8842208385468
ok,ptft,8,5000,0.30400000000000005,1520,0.304,10000,0.001,-0.00099,0.0,0.1,1.0,0.9,0.0,unit_total_var,,0.5,5000000,5000,50000,True,0.0001,,0.0,0.0,1.0,2000,train_pred_mse,140000,0.9393377887889884,0.9555430070338924,8.023556766882749e-05,0.003506527735260738,1662.5197592756845,49.48002929033906,0.9954,0.0,0.0,0,4500,500,0,1044.8680880069733
ok,ptft,9,5000,0.30400000000000005,1520,0.304,10000,0.001,-0.00099,0.0,0.1,1.0,0.9,0.0,unit_total_var,,0.5,5000000,5000,50000,True,0.0001,,0.0,0.0,1.0,2000,train_pred_mse,145000,0.9934270591450352,1.0011769441888512,7.577670555421003e-05,0.0030911521151969217,1785.130190138556,53.85035149532922,0.9958,0.0,0.0,0,4500,500,0,1261.0033774375916
ok,ptft,10,5000,0.35300000000000004,1765,0.353,10000,0.001,-0.00099,0.0,0.1,1.0,0.9,0.0,unit_total_var,,0.5,5000000,5000,50000,True,0.0001,,0.0,0.0,1.0,2000,train_pred_mse,180000,0.8908856653845258,0.918160403214662,7.273536681433618e-05,0.002920116701038969,1938.740845026806,53.98721556940566,0.9972,0.0,0.0,0,4500,500,0,1980.244486093521
ok,ptft,11,5000,0.35300000000000004,1765,0.353,10000,0.001,-0.00099,0.0,0.1,1.0,0.9,0.0,unit_total_var,,0.5,5000000,5000,50000,True,0.0001,,0.0,0.0,1.0,2000,train_pred_mse,185000,0.9581097325794609,0.9370406111442078,6.62992016748927e-05,0.0026020687025582216,1879.3983713371465,53.14971630574088,0.9966,0.0,0.0,0,4500,500,0,2127.399606704712
ok,ptft,12,5000,0.35300000000000004,1765,0.353,10000,0.001,-0.00099,0.0,0.1,1.0,0.9,0.0,unit_total_var,,0.5,5000000,5000,50000,True,0.0001,,0.0,0.0,1.0,2000,train_pred_mse,185000,0.9210542468571271,0.9115046824790392,6.667766692266388e-05,0.002746409627135452,1849.7191232079879,51.61383562314529,0.997,0.0,0.0,0,4500,500,0,2580.5092782974248
ok,ptft,13,5000,0.35300000000000004,1765,0.353,10000,0.001,-0.00099,0.0,0.1,1.0,0.9,0.0,unit_total_var,,0.5,5000000,5000,50000,True,0.0001,,0.0,0.0,1.0,2000,train_pred_mse,175000,0.9232192591748454,0.9311592382613372,6.749187425102759e-05,0.0026379580762560585,1919.8792421353671,54.406093223273245,0.9976,0.0,0.0,0,4500,500,0,2821.2463932037354
ok,ptft,14,5000,0.35300000000000004,1765,0.353,10000,0.001,-0.00099,0.0,0.1,1.0,0.9,0.0,unit_total_var,,0.5,5000000,5000,50000,True,0.0001,,0.0,0.0,1.0,2000,train_pred_mse,185000,0.8963223652334358,0.8922449072526002,6.848437030381176e-05,0.0027326563927395488,1909.8865311158465,53.43778471504378,0.9954,0.0,0.0,0,4500,500,0,2856.24120426178
ok,ptft,15,5000,0.35300000000000004,1765,0.353,10000,0.001,-0.00099,0.0,0.1,1.0,0.9,0.0,unit_total_var,,0.5,5000000,5000,50000,True,0.0001,,0.0,0.0,1.0,2000,train_pred_mse,185000,0.8976526185712468,0.8914510878403654,6.256457563194759e-05,0.002460778659785974,1886.4307246790909,53.16037873681236,0.9968,0.0,0.0,0,4500,500,0,1984.2967450618744
ok,ptft,16,5000,0.35300000000000004,1765,0.353,10000,0.001,-0.00099,0.0,0.1,1.0,0.9,0.0,unit_total_var,,0.5,5000000,5000,50000,True,0.0001,,0.0,0.0,1.0,2000,train_pred_mse,190000,0.9044322838709395,0.9043171794390356,6.388705721576973e-05,0.002521301356306045,1856.5180474700376,53.0951275127219,0.996,0.0,0.0,0,4500,500,0,1863.5264520645144
ok,ptft,17,5000,0.35300000000000004,1765,0.353,10000,0.001,-0.00099,0.0,0.1,1.0,0.9,0.0,unit_total_var,,0.5,5000000,5000,50000,True,0.0001,,0.0,0.0,1.0,2000,train_pred_mse,185000,0.8823730078849108,0.9068426065610647,6.346773422357291e-05,0.0024406898033619145,1890.597321216062,52.98417450643234,0.9976,0.0,0.0,0,4500,500,0,2178.0240032672878
ok,ptft,18,5000,0.35300000000000004,1765,0.353,10000,0.001,-0.00099,0.0,0.1,1.0,0.9,0.0,unit_total_var,,0.5,5000000,5000,50000,True,0.0001,,0.0,0.0,1.0,2000,train_pred_mse,175000,0.9691036836379872,0.9501585025273862,6.546951139034905e-05,0.0026016215724989637,1952.1133465618045,54.849548538559525,0.9968,0.0,0.0,0,4500,500,0,2316.5797472000118
ok,ptft,19,5000,0.35300000000000004,1765,0.353,10000,0.001,-0.00099,0.0,0.1,1.0,0.9,0.0,unit_total_var,,0.5,5000000,5000,50000,True,0.0001,,0.0,0.0,1.0,2000,train_pred_mse,185000,0.8822824080772301,0.8968289359426379,6.735936423382503e-05,0.002675910806418741,1857.921377820574,52.08782713008996,0.9962,0.0,0.0,0,4500,500,0,1778.2246305942535
ok,ptft,6,5000,0.35300000000000004,1765,0.353,10000,0.001,-0.00099,0.0,0.1,1.0,0.9,0.0,unit_total_var,,0.5,5000000,5000,50000,True,0.0001,,0.0,0.0,1.0,2000,train_pred_mse,185000,0.9096726168279858,0.908522827768544,6.445161861523031e-05,0.0025062817609352,1918.9769298228312,53.859220077491905,0.9968,0.0,0.0,0,4500,500,0,2964.7510194778442
ok,ptft,7,5000,0.35300000000000004,1765,0.353,10000,0.001,-0.00099,0.0,0.1,1.0,0.9,0.0,unit_total_var,,0.5,5000000,5000,50000,True,0.0001,,0.0,0.0,1.0,2000,train_pred_mse,175000,0.9162875835782829,0.9159971108495342,7.069798758807118e-05,0.002843204967427616,1894.3652602888856,53.37599741185673,0.996,0.0,0.0,0,4500,500,0,2830.642916202545
ok,ptft,8,5000,0.35300000000000004,1765,0.353,10000,0.001,-0.00099,0.0,0.1,1.0,0.9,0.0,unit_total_var,,0.5,5000000,5000,50000,True,0.0001,,0.0,0.0,1.0,2000,train_pred_mse,180000,0.9243493294849292,0.9291893714449424,6.87638516371729e-05,0.0027424885492615602,1864.7168361642025,52.05798224684097,0.9972,0.0,0.0,0,4500,500,0,1961.3592402935028
ok,ptft,9,5000,0.35300000000000004,1765,0.353,10000,0.001,-0.00099,0.0,0.1,1.0,0.9,0.0,unit_total_var,,0.5,5000000,5000,50000,True,0.0001,,0.0,0.0,1.0,2000,train_pred_mse,190000,0.8946059088926813,0.8984188553138384,6.596509137177471e-05,0.0025886807380247658,1868.464591193031,52.74883997456294,0.9966,0.0,0.0,0,4500,500,0,1992.6563732624054
ok,ptft,10,5000,0.402,2010,0.402,10000,0.001,-0.00099,0.0,0.1,1.0,0.9,0.0,unit_total_var,,0.5,5000000,5000,50000,True,0.0001,,0.0,0.0,1.0,2000,train_pred_mse,220000,0.8923988676152967,0.8793420173838691,6.079258762143715e-05,0.002290515640633316,2125.597658336866,56.77645370045269,0.9966,0.0,0.0,0,4500,500,0,4002.86390542984
ok,ptft,11,5000,0.402,2010,0.402,10000,0.001,-0.00099,0.0,0.1,1.0,0.9,0.0,unit_total_var,,0.5,5000000,5000,50000,True,0.0001,,0.0,0.0,1.0,2000,train_pred_mse,215000,0.9294431236073982,0.901733878648081,6.347225433221897e-05,0.002372995132034386,2125.139608199657,57.235535750148685,0.9976,0.0,0.0,0,4500,500,0,4234.177752971649
ok,ptft,12,5000,0.402,2010,0.402,10000,0.001,-0.00099,0.0,0.1,1.0,0.9,0.0,unit_total_var,,0.5,5000000,5000,50000,True,0.0001,,0.0,0.0,1.0,2000,train_pred_mse,215000,0.8428064995419506,0.8396002616353923,6.211472966020313e-05,0.002424231398642721,2044.8534697293112,54.19286400136541,0.997,0.0,0.0,0,4500,500,0,3400.997312784195
ok,ptft,13,5000,0.402,2010,0.402,10000,0.001,-0.00099,0.0,0.1,1.0,0.9,0.0,unit_total_var,,0.5,5000000,5000,50000,True,0.0001,,0.0,0.0,1.0,2000,train_pred_mse,220000,0.8523805865583176,0.8591081325873081,5.858856643168584e-05,0.002195114399747839,2107.855480212122,55.94934651423632,0.9978,0.0,0.0,0,4500,500,0,3398.775182247162
ok,ptft,14,5000,0.402,2010,0.402,10000,0.001,-0.00099,0.0,0.1,1.0,0.9,0.0,unit_total_var,,0.5,5000000,5000,50000,True,0.0001,,0.0,0.0,1.0,2000,train_pred_mse,220000,0.8740533225410178,0.8746062506005619,5.973574432516927e-05,0.0022874154678584487,2051.2833909515944,54.58321900920365,0.9968,0.0,0.0,0,4500,500,0,2309.071071147919
ok,ptft,15,5000,0.402,2010,0.402,10000,0.001,-0.00099,0.0,0.1,1.0,0.9,0.0,unit_total_var,,0.5,5000000,5000,50000,True,0.0001,,0.0,0.0,1.0,2000,train_pred_mse,235000,0.8234716720665699,0.8319548179352719,5.7275496277128384e-05,0.002135497302044839,2010.418650551911,53.75485140918683,0.9966,0.0,0.0,0,4500,500,0,3964.704888105393
ok,ptft,16,5000,0.402,2010,0.402,10000,0.001,-0.00099,0.0,0.1,1.0,0.9,0.0,unit_total_var,,0.5,5000000,5000,50000,True,0.0001,,0.0,0.0,1.0,2000,train_pred_mse,225000,0.8155330202103281,0.8360982301013,5.7311267868451305e-05,0.002108861078336021,2081.2348724831877,56.127661792245576,0.9972,0.0,0.0,0,4500,500,0,2721.224093675613
ok,ptft,17,5000,0.402,2010,0.402,10000,0.001,-0.00099,0.0,0.1,1.0,0.9,0.0,unit_total_var,,0.5,5000000,5000,50000,True,0.0001,,0.0,0.0,1.0,2000,train_pred_mse,225000,0.824293981622233,0.8381970323416889,5.83718064156133e-05,0.002121754227302737,2088.401631018379,56.05662084462379,0.9988,0.0,0.0,0,4500,500,0,3074.898579597473
ok,ptft,18,5000,0.402,2010,0.402,10000,0.001,-0.00099,0.0,0.1,1.0,0.9,0.0,unit_total_var,,0.5,5000000,5000,50000,True,0.0001,,0.0,0.0,1.0,2000,train_pred_mse,225000,0.8962659370707726,0.8913814234248605,6.0380812036805664e-05,0.002245848529473144,2065.1744067943428,55.49177847630924,0.9946,0.0,0.0,0,4500,500,0,3528.615246295929
ok,ptft,19,5000,0.402,2010,0.402,10000,0.001,-0.00099,0.0,0.1,1.0,0.9,0.0,unit_total_var,,0.5,5000000,5000,50000,True,0.0001,,0.0,0.0,1.0,2000,train_pred_mse,215000,0.8509532215568355,0.8361217540751733,6.371071463730181e-05,0.002445551349904705,2076.911972400248,55.127306143961455,0.9972,0.0,0.0,0,4500,500,0,3207.1309852600098
ok,ptft,6,5000,0.402,2010,0.402,10000,0.001,-0.00099,0.0,0.1,1.0,0.9,0.0,unit_total_var,,0.5,5000000,5000,50000,True,0.0001,,0.0,0.0,1.0,2000,train_pred_mse,230000,0.8031306310320621,0.8123662261504635,6.119441026113943e-05,0.00235903597374202,2008.3885049711762,53.365708692638954,0.9984,0.0,0.0,0,4500,500,0,4022.9288854599
ok,ptft,7,5000,0.402,2010,0.402,10000,0.001,-0.00099,0.0,0.1,1.0,0.9,0.0,unit_total_var,,0.5,5000000,5000,50000,True,0.0001,,0.0,0.0,1.0,2000,train_pred_mse,230000,0.8541538317460224,0.8316822948209741,5.8798915121706984e-05,0.0021948826442055517,2045.088598663558,54.33198337487352,0.9968,0.0,0.0,0,4500,500,0,4096.666390895844
ok,ptft,8,5000,0.402,2010,0.402,10000,0.001,-0.00099,0.0,0.1,1.0,0.9,0.0,unit_total_var,,0.5,5000000,5000,50000,True,0.0001,,0.0,0.0,1.0,2000,train_pred_mse,230000,0.857220260561099,0.8598286497131187,6.0838567103398085e-05,0.002331432740835016,2027.7803110019809,54.635851937835206,0.9974,0.0,0.0,0,4500,500,0,3096.527929544449
ok,ptft,9,5000,0.402,2010,0.402,10000,0.001,-0.00099,0.0,0.1,1.0,0.9,0.0,unit_total_var,,0.5,5000000,5000,50000,True,0.0001,,0.0,0.0,1.0,2000,train_pred_mse,240000,0.8177505805801127,0.8309217115663218,5.96943245025532e-05,0.002243022797114214,2045.2061932466427,53.65241801700573,0.9972,0.0,0.0,0,4500,500,0,2929.289282798767
ok,ptft,10,5000,0.451,2255,0.451,10000,0.001,-0.00099,0.0,0.1,1.0,0.9,0.0,unit_total_var,,0.5,5000000,5000,50000,True,0.0001,,0.0,0.0,1.0,2000,train_pred_mse,260000,0.819736602789364,0.8150416241260101,5.6130268327180346e-05,0.002042643823160512,2301.407350280401,58.024611741154345,0.9974,0.0,0.0,0,4500,500,0,2746.954928874969
ok,ptft,11,5000,0.451,2255,0.451,10000,0.001,-0.00099,0.0,0.1,1.0,0.9,0.0,unit_total_var,,0.5,5000000,5000,50000,True,0.0001,,0.0,0.0,1.0,2000,train_pred_mse,270000,0.831960524890304,0.8167791953189308,5.38261356109084e-05,0.002000894147708618,2230.0979466900303,57.000306273490416,0.996,0.0,0.0,0,4500,500,0,5201.689429283142
ok,ptft,12,5000,0.451,2255,0.451,10000,0.001,-0.00099,0.0,0.1,1.0,0.9,0.0,unit_total_var,,0.5,5000000,5000,50000,True,0.0001,,0.0,0.0,1.0,2000,train_pred_mse,280000,0.7607136665682875,0.7808104196446165,5.335034188656794e-05,0.001931537763449777,2181.036114162558,55.753971201509685,0.998,0.0,0.0,0,4500,500,0,5049.660717010498
ok,ptft,13,5000,0.451,2255,0.451,10000,0.001,-0.00099,0.0,0.1,1.0,0.9,0.0,unit_total_var,,0.5,5000000,5000,50000,True,0.0001,,0.0,0.0,1.0,2000,train_pred_mse,265000,0.7562873545720871,0.7681588134529098,5.462401483196379e-05,0.00191405025386479,2246.826955491054,57.24141830035154,0.9974,0.0,0.0,0,4500,500,0,3854.095338106155
ok,ptft,14,5000,0.451,2255,0.451,10000,0.001,-0.00099,0.0,0.1,1.0,0.9,0.0,unit_total_var,,0.5,5000000,5000,50000,True,0.0001,,0.0,0.0,1.0,2000,train_pred_mse,265000,0.7840930893862962,0.7781548742621751,5.569272803593589e-05,0.002054775295004709,2217.839438858597,56.03840828632036,0.9974,0.0,0.0,0,4500,500,0,3062.834074497223
ok,ptft,15,5000,0.451,2255,0.451,10000,0.001,-0.00099,0.0,0.1,1.0,0.9,0.0,unit_total_var,,0.5,5000000,5000,50000,True,0.0001,,0.0,0.0,1.0,2000,train_pred_mse,280000,0.7874342135155552,0.7570598435755099,5.34486791093163e-05,0.0020029289025376472,2197.5034317039826,55.860197103070966,0.9972,0.0,0.0,0,4500,500,0,4433.901774644853
ok,ptft,16,5000,0.451,2255,0.451,10000,0.001,-0.00099,0.0,0.1,1.0,0.9,0.0,unit_total_var,,0.5,5000000,5000,50000,True,0.0001,,0.0,0.0,1.0,2000,train_pred_mse,280000,0.7947346750572967,0.7951375555496653,5.253350509113214e-05,0.0019161294918276226,2259.493429364909,56.539553233764956,0.9974,0.0,0.0,0,4500,500,0,5167.013045310974
ok,ptft,17,5000,0.451,2255,0.451,10000,0.001,-0.00099,0.0,0.1,1.0,0.9,0.0,unit_total_var,,0.5,5000000,5000,50000,True,0.0001,,0.0,0.0,1.0,2000,train_pred_mse,285000,0.7768902364929113,0.7829865875457592,5.3326831150080466e-05,0.001882115632304512,2211.419881852393,56.3499307509333,0.9982,0.0,0.0,0,4500,500,0,4300.067836999893
ok,ptft,18,5000,0.451,2255,0.451,10000,0.001,-0.00099,0.0,0.1,1.0,0.9,0.0,unit_total_var,,0.5,5000000,5000,50000,True,0.0001,,0.0,0.0,1.0,2000,train_pred_mse,275000,0.8091630227440836,0.809405965244652,5.354992870045253e-05,0.0019371185915076734,2237.0410024486723,57.052324712602825,0.9978,0.0,0.0,0,4500,500,0,3394.243183851242
ok,ptft,19,5000,0.451,2255,0.451,10000,0.001,-0.00099,0.0,0.1,1.0,0.9,0.0,unit_total_var,,0.5,5000000,5000,50000,True,0.0001,,0.0,0.0,1.0,2000,train_pred_mse,275000,0.757420013710896,0.7718728124026655,5.420370456946047e-05,0.001960105512716023,2198.3607124779264,56.40258618186948,0.9968,0.0,0.0,0,4500,500,0,3610.6338951587677
ok,ptft,6,5000,0.451,2255,0.451,10000,0.001,-0.00099,0.0,0.1,1.0,0.9,0.0,unit_total_var,,0.5,5000000,5000,50000,True,0.0001,,0.0,0.0,1.0,2000,train_pred_mse,275000,0.7651809610546818,0.750301257277437,5.296130787293896e-05,0.0019285128594597864,2214.9699759358614,56.139674231527216,0.997,0.0,0.0,0,4500,500,0,5280.338385105133
ok,ptft,7,5000,0.451,2255,0.451,10000,0.001,-0.00099,0.0,0.1,1.0,0.9,0.0,unit_total_var,,0.5,5000000,5000,50000,True,0.0001,,0.0,0.0,1.0,2000,train_pred_mse,275000,0.7738971021814208,0.7817531560050855,5.204022329554773e-05,0.001866219299652861,2210.5216648255123,56.20005509052827,0.997,0.0,0.0,0,4500,500,0,3697.2940833568573
ok,ptft,8,5000,0.451,2255,0.451,10000,0.001,-0.00099,0.0,0.1,1.0,0.9,0.0,unit_total_var,,0.5,5000000,5000,50000,True,0.0001,,0.0,0.0,1.0,2000,train_pred_mse,285000,0.7739767473206532,0.7846040709095893,5.239939802397343e-05,0.001870128503551511,2215.640140381563,56.48854821733932,0.9978,0.0,0.0,0,4500,500,0,4044.668284893036
ok,ptft,9,5000,0.451,2255,0.451,10000,0.001,-0.00099,0.0,0.1,1.0,0.9,0.0,unit_total_var,,0.5,5000000,5000,50000,True,0.0001,,0.0,0.0,1.0,2000,train_pred_mse,280000,0.7480976131542236,0.7548797026603378,5.4539065144433394e-05,0.0019346893008077984,2211.046088109328,55.959425225943306,0.9972,0.0,0.0,0,4500,500,0,3922.285629749298
ok,ptft,10,5000,0.5,2500,0.5,10000,0.001,-0.00099,0.0,0.1,1.0,0.9,0.0,unit_total_var,,0.5,5000000,5000,50000,True,0.0001,,0.0,0.0,1.0,2000,train_pred_mse,335000,0.7480110834264403,0.7403885968598279,4.803474919621882e-05,0.001706136013844728,2435.8545158307447,58.62492504871202,0.9968,0.0,0.0,0,4500,500,0,3597.0169513225555
ok,ptft,11,5000,0.5,2500,0.5,10000,0.001,-0.00099,0.0,0.1,1.0,0.9,0.0,unit_total_var,,0.5,5000000,5000,50000,True,0.0001,,0.0,0.0,1.0,2000,train_pred_mse,355000,0.7665418401753709,0.7562634157816159,4.65976237571981e-05,0.001552861770795552,2371.6860294079042,58.27404342668214,0.9994,0.0,0.0,0,4500,500,0,6258.1572444438925
ok,ptft,12,5000,0.5,2500,0.5,10000,0.001,-0.00099,0.0,0.1,1.0,0.9,0.0,unit_total_var,,0.5,5000000,5000,50000,True,0.0001,,0.0,0.0,1.0,2000,train_pred_mse,330000,0.7061699751216066,0.7033474718967282,4.792999846079663e-05,0.0017051871139449164,2342.201519276216,56.964474133902655,0.996,0.0,0.0,0,4500,500,0,6233.624289512634
ok,ptft,13,5000,0.5,2500,0.5,10000,0.001,-0.00099,0.0,0.1,1.0,0.9,0.0,unit_total_var,,0.5,5000000,5000,50000,True,0.0001,,0.0,0.0,1.0,2000,train_pred_mse,335000,0.7524419871651474,0.7396967294088261,4.656419251131878e-05,0.0016049859277234408,2396.314037608593,58.43120938499217,0.998,0.0,0.0,0,4500,500,0,5222.8623349666605
ok,ptft,14,5000,0.5,2500,0.5,10000,0.001,-0.00099,0.0,0.1,1.0,0.9,0.0,unit_total_var,,0.5,5000000,5000,50000,True,0.0001,,0.0,0.0,1.0,2000,train_pred_mse,325000,0.6984862061753092,0.7080374391616461,4.8757385668281735e-05,0.0016800441416967172,2399.0459633705605,58.32722531629891,0.9974,0.0,0.0,0,4500,500,0,7071.472779750824
ok,ptft,15,5000,0.5,2500,0.5,10000,0.001,-0.00099,0.0,0.1,1.0,0.9,0.0,unit_total_var,,0.5,5000000,5000,50000,True,0.0001,,0.0,0.0,1.0,2000,train_pred_mse,345000,0.7094050398736712,0.6924722500676948,4.725001879380158e-05,0.0016618809363811555,2343.8521369084124,56.97720413863279,0.998,0.0,0.0,0,4500,500,0,5899.814685821533
ok,ptft,16,5000,0.5,2500,0.5,10000,0.001,-0.00099,0.0,0.1,1.0,0.9,0.0,unit_total_var,,0.5,5000000,5000,50000,True,0.0001,,0.0,0.0,1.0,2000,train_pred_mse,345000,0.6984156001522982,0.7093557888292664,4.696191383310868e-05,0.0015803134552538026,2419.4580509602038,58.83046218483078,0.9972,0.0,0.0,0,4500,500,0,5896.367751598358
ok,ptft,17,5000,0.5,2500,0.5,10000,0.001,-0.00099,0.0,0.1,1.0,0.9,0.0,unit_total_var,,0.5,5000000,5000,50000,True,0.0001,,0.0,0.0,1.0,2000,train_pred_mse,335000,0.7489449403682774,0.7471445130211608,4.902240224351429e-05,0.0017185130449424726,2374.650755458051,57.7379868957829,0.9974,0.0,0.0,0,4500,500,0,5801.767238616943
ok,ptft,18,5000,0.5,2500,0.5,10000,0.001,-0.00099,0.0,0.1,1.0,0.9,0.0,unit_total_var,,0.5,5000000,5000,50000,True,0.0001,,0.0,0.0,1.0,2000,train_pred_mse,340000,0.7608982778413741,0.7481142672453217,4.80606046298226e-05,0.0016700676275673981,2414.402602552239,58.66251180956944,0.9972,0.0,0.0,0,4500,500,0,5677.464076519012
ok,ptft,19,5000,0.5,2500,0.5,10000,0.001,-0.00099,0.0,0.1,1.0,0.9,0.0,unit_total_var,,0.5,5000000,5000,50000,True,0.0001,,0.0,0.0,1.0,2000,train_pred_mse,315000,0.7053053530622022,0.7315423420779386,4.832360437960821e-05,0.0016569571637180679,2414.6930967928083,58.595137594566715,0.9978,0.0,0.0,0,4500,500,0,6204.861944913863
ok,ptft,6,5000,0.5,2500,0.5,10000,0.001,-0.00099,0.0,0.1,1.0,0.9,0.0,unit_total_var,,0.5,5000000,5000,50000,True,0.0001,,0.0,0.0,1.0,2000,train_pred_mse,340000,0.7217595509741453,0.7232053949947587,4.661209909476117e-05,0.0016036762291718931,2293.986424486856,56.15639440498549,0.9958,0.0,0.0,0,4500,500,0,7032.490613698958
ok,ptft,7,5000,0.5,2500,0.5,10000,0.001,-0.00099,0.0,0.1,1.0,0.9,0.0,unit_total_var,,0.5,5000000,5000,50000,True,0.0001,,0.0,0.0,1.0,2000,train_pred_mse,345000,0.7199013557032835,0.722832834389252,4.559642821687275e-05,0.0016082937780223265,2342.2761692052827,57.21143857670695,0.9982,0.0,0.0,0,4500,500,0,5389.237606048584
ok,ptft,8,5000,0.5,2500,0.5,10000,0.001,-0.00099,0.0,0.1,1.0,0.9,0.0,unit_total_var,,0.5,5000000,5000,50000,True,0.0001,,0.0,0.0,1.0,2000,train_pred_mse,345000,0.6981114599332783,0.7007075903189851,4.72527343469894e-05,0.0016661603942114494,2385.4220559673026,57.09447469105751,0.9978,0.0,0.0,0,4500,500,0,5592.474594593048
ok,ptft,9,5000,0.5,2500,0.5,10000,0.001,-0.00099,0.0,0.1,1.0,0.9,0.0,unit_total_var,,0.5,5000000,5000,50000,True,0.0001,,0.0,0.0,1.0,2000,train_pred_mse,350000,0.6727010631770042,0.6677824998418423,4.821034308900571e-05,0.0016255560936195145,2402.614998074737,58.25233953844124,0.998,0.0,0.0,0,4500,500,0,5054.31161904335
ok,ptft,10,5000,0.01,50,0.01,10000,0.001,-0.001,0.0,0.1,1.0,0.9,0.0,unit_total_var,,0.5,5000000,5000,50000,True,0.0001,,0.0,0.0,1.0,2000,fixed_point,10000,1.0486076616374138,1.04115053111524,0.0,0.0,0.0,0.0,0.0,0.0,0.0,0,4500,500,0,7.83667778968811
ok,ptft,11,5000,0.01,50,0.01,10000,0.001,-0.001,0.0,0.1,1.0,0.9,0.0,unit_total_var,,0.5,5000000,5000,50000,True,0.0001,,0.0,0.0,1.0,2000,fixed_point,10000,1.0396861100966035,1.014620017275192,0.0,0.0,0.0,0.0,0.0,0.0,0.0,0,4500,500,0,8.569157600402832
ok,ptft,12,5000,0.01,50,0.01,10000,0.001,-0.001,0.0,0.1,1.0,0.9,0.0,unit_total_var,,0.5,5000000,5000,50000,True,0.0001,,0.0,0.0,1.0,2000,fixed_point,10000,0.9690290986845764,0.9815552086191937,0.0,0.0,0.0,0.0,0.0,0.0,0.0,0,4500,500,0,9.035778045654297
ok,ptft,13,5000,0.01,50,0.01,10000,0.001,-0.001,0.0,0.1,1.0,0.9,0.0,unit_total_var,,0.5,5000000,5000,50000,True,0.0001,,0.0,0.0,1.0,2000,fixed_point,10000,1.0231981575890865,1.011197035590664,0.0,0.0,0.0,0.0,0.0,0.0,0.0,0,4500,500,0,8.201377153396606
ok,ptft,14,5000,0.01,50,0.01,10000,0.001,-0.001,0.0,0.1,1.0,0.9,0.0,unit_total_var,,0.5,5000000,5000,50000,True,0.0001,,0.0,0.0,1.0,2000,fixed_point,10000,1.010632204734781,0.9929438041806068,0.0,0.0,0.0,0.0,0.0,0.0,0.0,0,4500,500,0,7.409562826156616
ok,ptft,15,5000,0.01,50,0.01,10000,0.001,-0.001,0.0,0.1,1.0,0.9,0.0,unit_total_var,,0.5,5000000,5000,50000,True,0.0001,,0.0,0.0,1.0,2000,fixed_point,10000,0.9846963877119342,0.9725310148775844,0.0,0.0,0.0,0.0,0.0,0.0,0.0,0,4500,500,0,8.233108043670653
ok,ptft,16,5000,0.01,50,0.01,10000,0.001,-0.001,0.0,0.1,1.0,0.9,0.0,unit_total_var,,0.5,5000000,5000,50000,True,0.0001,,0.0,0.0,1.0,2000,fixed_point,10000,0.9862536862699112,0.9921449306486736,0.0,0.0,0.0,0.0,0.0,0.0,0.0,0,4500,500,0,9.502739906311037
ok,ptft,17,5000,0.01,50,0.01,10000,0.001,-0.001,0.0,0.1,1.0,0.9,0.0,unit_total_var,,0.5,5000000,5000,50000,True,0.0001,,0.0,0.0,1.0,2000,fixed_point,10000,0.9585212963820046,0.9944151001470102,0.0,0.0,0.0,0.0,0.0,0.0,0.0,0,4500,500,0,9.602493524551393
ok,ptft,18,5000,0.01,50,0.01,10000,0.001,-0.001,0.0,0.1,1.0,0.9,0.0,unit_total_var,,0.5,5000000,5000,50000,True,0.0001,,0.0,0.0,1.0,2000,fixed_point,10000,1.0302074835728403,1.0240625401208123,0.0,0.0,0.0,0.0,0.0,0.0,0.0,0,4500,500,0,8.947960376739502
ok,ptft,19,5000,0.01,50,0.01,10000,0.001,-0.001,0.0,0.1,1.0,0.9,0.0,unit_total_var,,0.5,5000000,5000,50000,True,0.0001,,0.0,0.0,1.0,2000,fixed_point,10000,0.97134143304079,0.9833752734822504,0.0,0.0,0.0,0.0,0.0,0.0,0.0,0,4500,500,0,8.186570405960081
ok,ptft,6,5000,0.01,50,0.01,10000,0.001,-0.001,0.0,0.1,1.0,0.9,0.0,unit_total_var,,0.5,5000000,5000,50000,True,0.0001,,0.0,0.0,1.0,2000,fixed_point,10000,0.9790302216695788,0.965220900309254,0.0,0.0,0.0,0.0,0.0,0.0,0.0,0,4500,500,0,8.140692949295044
ok,ptft,7,5000,0.01,50,0.01,10000,0.001,-0.001,0.0,0.1,1.0,0.9,0.0,unit_total_var,,0.5,5000000,5000,50000,True,0.0001,,0.0,0.0,1.0,2000,fixed_point,10000,0.9882870128838698,0.9878607016563532,0.0,0.0,0.0,0.0,0.0,0.0,0.0,0,4500,500,0,7.519794940948486
ok,ptft,8,5000,0.01,50,0.01,10000,0.001,-0.001,0.0,0.1,1.0,0.9,0.0,unit_total_var,,0.5,5000000,5000,50000,True,0.0001,,0.0,0.0,1.0,2000,fixed_point,10000,0.9869694884369684,0.9826137793793001,0.0,0.0,0.0,0.0,0.0,0.0,0.0,0,4500,500,0,7.381939172744751
ok,ptft,9,5000,0.01,50,0.01,10000,0.001,-0.001,0.0,0.1,1.0,0.9,0.0,unit_total_var,,0.5,5000000,5000,50000,True,0.0001,,0.0,0.0,1.0,2000,fixed_point,10000,0.9787999262680741,0.9824307082438282,0.0,0.0,0.0,0.0,0.0,0.0,0.0,0,4500,500,0,8.096544981002808
ok,ptft,10,5000,0.059,295,0.059000000000000004,10000,0.001,-0.001,0.0,0.1,1.0,0.9,0.0,unit_total_var,,0.5,5000000,5000,50000,True,0.0001,,0.0,0.0,1.0,2000,fixed_point,10000,1.0486076616374138,1.04115053111524,0.0,0.0,0.0,0.0,0.0,0.0,0.0,0,4500,500,0,14.204953908920288
ok,ptft,11,5000,0.059,295,0.059000000000000004,10000,0.001,-0.001,0.0,0.1,1.0,0.9,0.0,unit_total_var,,0.5,5000000,5000,50000,True,0.0001,,0.0,0.0,1.0,2000,fixed_point,10000,1.0396861100966035,1.014620017275192,0.0,0.0,0.0,0.0,0.0,0.0,0.0,0,4500,500,0,12.764852523803713
ok,ptft,12,5000,0.059,295,0.059000000000000004,10000,0.001,-0.001,0.0,0.1,1.0,0.9,0.0,unit_total_var,,0.5,5000000,5000,50000,True,0.0001,,0.0,0.0,1.0,2000,fixed_point,10000,0.9690290986845764,0.9815552086191937,0.0,0.0,0.0,0.0,0.0,0.0,0.0,0,4500,500,0,35.99126386642456
ok,ptft,13,5000,0.059,295,0.059000000000000004,10000,0.001,-0.001,0.0,0.1,1.0,0.9,0.0,unit_total_var,,0.5,5000000,5000,50000,True,0.0001,,0.0,0.0,1.0,2000,fixed_point,10000,1.0231981575890865,1.011197035590664,0.0,0.0,0.0,0.0,0.0,0.0,0.0,0,4500,500,0,34.02882742881775
ok,ptft,14,5000,0.059,295,0.059000000000000004,10000,0.001,-0.001,0.0,0.1,1.0,0.9,0.0,unit_total_var,,0.5,5000000,5000,50000,True,0.0001,,0.0,0.0,1.0,2000,fixed_point,10000,1.010632204734781,0.9929438041806068,0.0,0.0,0.0,0.0,0.0,0.0,0.0,0,4500,500,0,13.721784591674805
ok,ptft,15,5000,0.059,295,0.059000000000000004,10000,0.001,-0.001,0.0,0.1,1.0,0.9,0.0,unit_total_var,,0.5,5000000,5000,50000,True,0.0001,,0.0,0.0,1.0,2000,fixed_point,10000,0.9846963877119342,0.9725310148775844,0.0,0.0,0.0,0.0,0.0,0.0,0.0,0,4500,500,0,15.62973928451538
ok,ptft,16,5000,0.059,295,0.059000000000000004,10000,0.001,-0.001,0.0,0.1,1.0,0.9,0.0,unit_total_var,,0.5,5000000,5000,50000,True,0.0001,,0.0,0.0,1.0,2000,fixed_point,10000,0.9862536862699112,0.9921449306486736,0.0,0.0,0.0,0.0,0.0,0.0,0.0,0,4500,500,0,28.96718096733093
ok,ptft,17,5000,0.059,295,0.059000000000000004,10000,0.001,-0.001,0.0,0.1,1.0,0.9,0.0,unit_total_var,,0.5,5000000,5000,50000,True,0.0001,,0.0,0.0,1.0,2000,fixed_point,10000,0.9585212963820046,0.9944151001470102,0.0,0.0,0.0,0.0,0.0,0.0,0.0,0,4500,500,0,19.595433950424194
ok,ptft,18,5000,0.059,295,0.059000000000000004,10000,0.001,-0.001,0.0,0.1,1.0,0.9,0.0,unit_total_var,,0.5,5000000,5000,50000,True,0.0001,,0.0,0.0,1.0,2000,fixed_point,10000,1.0302074835728403,1.0240625401208123,0.0,0.0,0.0,0.0,0.0,0.0,0.0,0,4500,500,0,15.819589614868164
ok,ptft,19,5000,0.059,295,0.059000000000000004,10000,0.001,-0.001,0.0,0.1,1.0,0.9,0.0,unit_total_var,,0.5,5000000,5000,50000,True,0.0001,,0.0,0.0,1.0,2000,fixed_point,10000,0.97134143304079,0.9833752734822504,0.0,0.0,0.0,0.0,0.0,0.0,0.0,0,4500,500,0,13.927865028381348
ok,ptft,6,5000,0.059,295,0.059000000000000004,10000,0.001,-0.001,0.0,0.1,1.0,0.9,0.0,unit_total_var,,0.5,5000000,5000,50000,True,0.0001,,0.0,0.0,1.0,2000,fixed_point,10000,0.9790302216695788,0.965220900309254,0.0,0.0,0.0,0.0,0.0,0.0,0.0,0,4500,500,0,19.57183790206909
ok,ptft,7,5000,0.059,295,0.059000000000000004,10000,0.001,-0.001,0.0,0.1,1.0,0.9,0.0,unit_total_var,,0.5,5000000,5000,50000,True,0.0001,,0.0,0.0,1.0,2000,fixed_point,10000,0.9882870128838698,0.9878607016563532,0.0,0.0,0.0,0.0,0.0,0.0,0.0,0,4500,500,0,13.745851516723633
ok,ptft,8,5000,0.059,295,0.059000000000000004,10000,0.001,-0.001,0.0,0.1,1.0,0.9,0.0,unit_total_var,,0.5,5000000,5000,50000,True,0.0001,,0.0,0.0,1.0,2000,fixed_point,10000,0.9869694884369684,0.9826137793793001,0.0,0.0,0.0,0.0,0.0,0.0,0.0,0,4500,500,0,25.961879014968872
ok,ptft,9,5000,0.059,295,0.059000000000000004,10000,0.001,-0.001,0.0,0.1,1.0,0.9,0.0,unit_total_var,,0.5,5000000,5000,50000,True,0.0001,,0.0,0.0,1.0,2000,fixed_point,10000,0.9787999262680741,0.9824307082438282,0.0,0.0,0.0,0.0,0.0,0.0,0.0,0,4500,500,0,15.377952098846436
ok,ptft,10,5000,0.10800000000000001,540,0.10800000000000001,10000,0.001,-0.001,0.0,0.1,1.0,0.9,0.0,unit_total_var,,0.5,5000000,5000,50000,True,0.0001,,0.0,0.0,1.0,2000,fixed_point,10000,1.0486076616374138,1.04115053111524,0.0,0.0,0.0,0.0,0.0,0.0,0.0,0,4500,500,0,21.66170144081116
ok,ptft,11,5000,0.10800000000000001,540,0.10800000000000001,10000,0.001,-0.001,0.0,0.1,1.0,0.9,0.0,unit_total_var,,0.5,5000000,5000,50000,True,0.0001,,0.0,0.0,1.0,2000,fixed_point,10000,1.0396861100966035,1.014620017275192,0.0,0.0,0.0,0.0,0.0,0.0,0.0,0,4500,500,0,18.21387219429016
ok,ptft,12,5000,0.10800000000000001,540,0.10800000000000001,10000,0.001,-0.001,0.0,0.1,1.0,0.9,0.0,unit_total_var,,0.5,5000000,5000,50000,True,0.0001,,0.0,0.0,1.0,2000,fixed_point,10000,0.9690290986845764,0.9815552086191937,0.0,0.0,0.0,0.0,0.0,0.0,0.0,0,4500,500,0,35.767064809799194
ok,ptft,13,5000,0.10800000000000001,540,0.10800000000000001,10000,0.001,-0.001,0.0,0.1,1.0,0.9,0.0,unit_total_var,,0.5,5000000,5000,50000,True,0.0001,,0.0,0.0,1.0,2000,fixed_point,10000,1.0231981575890865,1.011197035590664,0.0,0.0,0.0,0.0,0.0,0.0,0.0,0,4500,500,0,56.21261978149414
ok,ptft,14,5000,0.10800000000000001,540,0.10800000000000001,10000,0.001,-0.001,0.0,0.1,1.0,0.9,0.0,unit_total_var,,0.5,5000000,5000,50000,True,0.0001,,0.0,0.0,1.0,2000,fixed_point,10000,1.010632204734781,0.9929438041806068,0.0,0.0,0.0,0.0,0.0,0.0,0.0,0,4500,500,0,23.46606540679932
ok,ptft,15,5000,0.10800000000000001,540,0.10800000000000001,10000,0.001,-0.001,0.0,0.1,1.0,0.9,0.0,unit_total_var,,0.5,5000000,5000,50000,True,0.0001,,0.0,0.0,1.0,2000,fixed_point,10000,0.9846963877119342,0.9725310148775844,0.0,0.0,0.0,0.0,0.0,0.0,0.0,0,4500,500,0,28.6514630317688
ok,ptft,16,5000,0.10800000000000001,540,0.10800000000000001,10000,0.001,-0.001,0.0,0.1,1.0,0.9,0.0,unit_total_var,,0.5,5000000,5000,50000,True,0.0001,,0.0,0.0,1.0,2000,fixed_point,10000,0.9862536862699112,0.9921449306486736,0.0,0.0,0.0,0.0,0.0,0.0,0.0,0,4500,500,0,61.14081192016602
ok,ptft,17,5000,0.10800000000000001,540,0.10800000000000001,10000,0.001,-0.001,0.0,0.1,1.0,0.9,0.0,unit_total_var,,0.5,5000000,5000,50000,True,0.0001,,0.0,0.0,1.0,2000,fixed_point,10000,0.9585212963820046,0.9944151001470102,0.0,0.0,0.0,0.0,0.0,0.0,0.0,0,4500,500,0,32.953612089157104
ok,ptft,18,5000,0.10800000000000001,540,0.10800000000000001,10000,0.001,-0.001,0.0,0.1,1.0,0.9,0.0,unit_total_var,,0.5,5000000,5000,50000,True,0.0001,,0.0,0.0,1.0,2000,fixed_point,10000,1.0302074835728403,1.0240625401208123,0.0,0.0,0.0,0.0,0.0,0.0,0.0,0,4500,500,0,32.471102952957146
ok,ptft,19,5000,0.10800000000000001,540,0.10800000000000001,10000,0.001,-0.001,0.0,0.1,1.0,0.9,0.0,unit_total_var,,0.5,5000000,5000,50000,True,0.0001,,0.0,0.0,1.0,2000,fixed_point,10000,0.97134143304079,0.9833752734822504,0.0,0.0,0.0,0.0,0.0,0.0,0.0,0,4500,500,0,22.5705623626709
ok,ptft,6,5000,0.10800000000000001,540,0.10800000000000001,10000,0.001,-0.001,0.0,0.1,1.0,0.9,0.0,unit_total_var,,0.5,5000000,5000,50000,True,0.0001,,0.0,0.0,1.0,2000,fixed_point,10000,0.9790302216695788,0.965220900309254,0.0,0.0,0.0,0.0,0.0,0.0,0.0,0,4500,500,0,47.927502393722534
ok,ptft,7,5000,0.10800000000000001,540,0.10800000000000001,10000,0.001,-0.001,0.0,0.1,1.0,0.9,0.0,unit_total_var,,0.5,5000000,5000,50000,True,0.0001,,0.0,0.0,1.0,2000,fixed_point,10000,0.9882870128838698,0.9878607016563532,0.0,0.0,0.0,0.0,0.0,0.0,0.0,0,4500,500,0,21.792593240737915
ok,ptft,8,5000,0.10800000000000001,540,0.10800000000000001,10000,0.001,-0.001,0.0,0.1,1.0,0.9,0.0,unit_total_var,,0.5,5000000,5000,50000,True,0.0001,,0.0,0.0,1.0,2000,fixed_point,10000,0.9869694884369684,0.9826137793793001,0.0,0.0,0.0,0.0,0.0,0.0,0.0,0,4500,500,0,44.71103572845459
ok,ptft,9,5000,0.10800000000000001,540,0.10800000000000001,10000,0.001,-0.001,0.0,0.1,1.0,0.9,0.0,unit_total_var,,0.5,5000000,5000,50000,True,0.0001,,0.0,0.0,1.0,2000,fixed_point,10000,0.9787999262680741,0.9824307082438282,0.0,0.0,0.0,0.0,0.0,0.0,0.0,0,4500,500,0,25.87472224235535
ok,ptft,10,5000,0.15700000000000006,785,0.157,10000,0.001,-0.001,0.0,0.1,1.0,0.9,0.0,unit_total_var,,0.5,5000000,5000,50000,True,0.0001,,0.0,0.0,1.0,2000,fixed_point,10000,1.0486076616374138,1.04115053111524,0.0,0.0,0.0,0.0,0.0,0.0,0.0,0,4500,500,0,32.18448877334595
ok,ptft,11,5000,0.15700000000000006,785,0.157,10000,0.001,-0.001,0.0,0.1,1.0,0.9,0.0,unit_total_var,,0.5,5000000,5000,50000,True,0.0001,,0.0,0.0,1.0,2000,fixed_point,10000,1.0396861100966035,1.014620017275192,0.0,0.0,0.0,0.0,0.0,0.0,0.0,0,4500,500,0,27.28003764152527
ok,ptft,12,5000,0.15700000000000006,785,0.157,10000,0.001,-0.001,0.0,0.1,1.0,0.9,0.0,unit_total_var,,0.5,5000000,5000,50000,True,0.0001,,0.0,0.0,1.0,2000,fixed_point,10000,0.9690290986845764,0.9815552086191937,0.0,0.0,0.0,0.0,0.0,0.0,0.0,0,4500,500,0,88.81839513778688
ok,ptft,13,5000,0.15700000000000006,785,0.157,10000,0.001,-0.001,0.0,0.1,1.0,0.9,0.0,unit_total_var,,0.5,5000000,5000,50000,True,0.0001,,0.0,0.0,1.0,2000,fixed_point,10000,1.0231981575890865,1.011197035590664,0.0,0.0,0.0,0.0,0.0,0.0,0.0,0,4500,500,0,77.0887997150421
ok,ptft,14,5000,0.15700000000000006,785,0.157,10000,0.001,-0.001,0.0,0.1,1.0,0.9,0.0,unit_total_var,,0.5,5000000,5000,50000,True,0.0001,,0.0,0.0,1.0,2000,fixed_point,10000,1.010632204734781,0.9929438041806068,0.0,0.0,0.0,0.0,0.0,0.0,0.0,0,4500,500,0,40.24693608283997
ok,ptft,15,5000,0.15700000000000006,785,0.157,10000,0.001,-0.001,0.0,0.1,1.0,0.9,0.0,unit_total_var,,0.5,5000000,5000,50000,True,0.0001,,0.0,0.0,1.0,2000,fixed_point,10000,0.9846963877119342,0.9725310148775844,0.0,0.0,0.0,0.0,0.0,0.0,0.0,0,4500,500,0,45.93562936782837
ok,ptft,16,5000,0.15700000000000006,785,0.157,10000,0.001,-0.001,0.0,0.1,1.0,0.9,0.0,unit_total_var,,0.5,5000000,5000,50000,True,0.0001,,0.0,0.0,1.0,2000,fixed_point,10000,0.9862536862699112,0.9921449306486736,0.0,0.0,0.0,0.0,0.0,0.0,0.0,0,4500,500,0,80.19145226478577
ok,ptft,17,5000,0.15700000000000006,785,0.157,10000,0.001,-0.001,0.0,0.1,1.0,0.9,0.0,unit_total_var,,0.5,5000000,5000,50000,True,0.0001,,0.0,0.0,1.0,2000,fixed_point,10000,0.9585212963820046,0.9944151001470102,0.0,0.0,0.0,0.0,0.0,0.0,0.0,0,4500,500,0,56.48043918609619
ok,ptft,18,5000,0.15700000000000006,785,0.157,10000,0.001,-0.001,0.0,0.1,1.0,0.9,0.0,unit_total_var,,0.5,5000000,5000,50000,True,0.0001,,0.0,0.0,1.0,2000,fixed_point,10000,1.0302074835728403,1.0240625401208123,0.0,0.0,0.0,0.0,0.0,0.0,0.0,0,4500,500,0,45.837815761566155
ok,ptft,19,5000,0.15700000000000006,785,0.157,10000,0.001,-0.001,0.0,0.1,1.0,0.9,0.0,unit_total_var,,0.5,5000000,5000,50000,True,0.0001,,0.0,0.0,1.0,2000,fixed_point,10000,0.97134143304079,0.9833752734822504,0.0,0.0,0.0,0.0,0.0,0.0,0.0,0,4500,500,0,31.36478590965271
ok,ptft,6,5000,0.15700000000000006,785,0.157,10000,0.001,-0.001,0.0,0.1,1.0,0.9,0.0,unit_total_var,,0.5,5000000,5000,50000,True,0.0001,,0.0,0.0,1.0,2000,fixed_point,10000,0.9790302216695788,0.965220900309254,0.0,0.0,0.0,0.0,0.0,0.0,0.0,0,4500,500,0,74.69070959091188
ok,ptft,7,5000,0.15700000000000006,785,0.157,10000,0.001,-0.001,0.0,0.1,1.0,0.9,0.0,unit_total_var,,0.5,5000000,5000,50000,True,0.0001,,0.0,0.0,1.0,2000,fixed_point,10000,0.9882870128838698,0.9878607016563532,0.0,0.0,0.0,0.0,0.0,0.0,0.0,0,4500,500,0,38.14937782287598
ok,ptft,8,5000,0.15700000000000006,785,0.157,10000,0.001,-0.001,0.0,0.1,1.0,0.9,0.0,unit_total_var,,0.5,5000000,5000,50000,True,0.0001,,0.0,0.0,1.0,2000,fixed_point,10000,0.9869694884369684,0.9826137793793001,0.0,0.0,0.0,0.0,0.0,0.0,0.0,0,4500,500,0,72.74389290809631
ok,ptft,9,5000,0.15700000000000006,785,0.157,10000,0.001,-0.001,0.0,0.1,1.0,0.9,0.0,unit_total_var,,0.5,5000000,5000,50000,True,0.0001,,0.0,0.0,1.0,2000,fixed_point,10000,0.9787999262680741,0.9824307082438282,0.0,0.0,0.0,0.0,0.0,0.0,0.0,0,4500,500,0,32.23147702217102
ok,ptft,10,5000,0.206,1030,0.20600000000000002,10000,0.001,-0.001,0.0,0.1,1.0,0.9,0.0,unit_total_var,,0.5,5000000,5000,50000,True,0.0001,,0.0,0.0,1.0,2000,fixed_point,10000,1.0486076616374138,1.04115053111524,0.0,0.0,0.0,0.0,0.0,0.0,0.0,0,4500,500,0,56.95128393173218
ok,ptft,11,5000,0.206,1030,0.20600000000000002,10000,0.001,-0.001,0.0,0.1,1.0,0.9,0.0,unit_total_var,,0.5,5000000,5000,50000,True,0.0001,,0.0,0.0,1.0,2000,fixed_point,10000,1.0396861100966035,1.014620017275192,0.0,0.0,0.0,0.0,0.0,0.0,0.0,0,4500,500,0,109.57120823860168
ok,ptft,12,5000,0.206,1030,0.20600000000000002,10000,0.001,-0.001,0.0,0.1,1.0,0.9,0.0,unit_total_var,,0.5,5000000,5000,50000,True,0.0001,,0.0,0.0,1.0,2000,fixed_point,10000,0.9690290986845764,0.9815552086191937,0.0,0.0,0.0,0.0,0.0,0.0,0.0,0,4500,500,0,114.11220145225523
ok,ptft,13,5000,0.206,1030,0.20600000000000002,10000,0.001,-0.001,0.0,0.1,1.0,0.9,0.0,unit_total_var,,0.5,5000000,5000,50000,True,0.0001,,0.0,0.0,1.0,2000,fixed_point,10000,1.0231981575890865,1.011197035590664,0.0,0.0,0.0,0.0,0.0,0.0,0.0,0,4500,500,0,96.09878182411194
ok,ptft,14,5000,0.206,1030,0.20600000000000002,10000,0.001,-0.001,0.0,0.1,1.0,0.9,0.0,unit_total_var,,0.5,5000000,5000,50000,True,0.0001,,0.0,0.0,1.0,2000,fixed_point,10000,1.010632204734781,0.9929438041806068,0.0,0.0,0.0,0.0,0.0,0.0,0.0,0,4500,500,0,53.15050101280213
ok,ptft,15,5000,0.206,1030,0.20600000000000002,10000,0.001,-0.001,0.0,0.1,1.0,0.9,0.0,unit_total_var,,0.5,5000000,5000,50000,True,0.0001,,0.0,0.0,1.0,2000,fixed_point,10000,0.9846963877119342,0.9725310148775844,0.0,0.0,0.0,0.0,0.0,0.0,0.0,0,4500,500,0,66.64923262596129
ok,ptft,16,5000,0.206,1030,0.20600000000000002,10000,0.001,-0.001,0.0,0.1,1.0,0.9,0.0,unit_total_var,,0.5,5000000,5000,50000,True,0.0001,,0.0,0.0,1.0,2000,fixed_point,10000,0.9862536862699112,0.9921449306486736,0.0,0.0,0.0,0.0,0.0,0.0,0.0,0,4500,500,0,99.21828198432922
ok,ptft,17,5000,0.206,1030,0.20600000000000002,10000,0.001,-0.001,0.0,0.1,1.0,0.9,0.0,unit_total_var,,0.5,5000000,5000,50000,True,0.0001,,0.0,0.0,1.0,2000,fixed_point,10000,0.9585212963820046,0.9944151001470102,0.0,0.0,0.0,0.0,0.0,0.0,0.0,0,4500,500,0,80.38724064826965
ok,ptft,18,5000,0.206,1030,0.20600000000000002,10000,0.001,-0.001,0.0,0.1,1.0,0.9,0.0,unit_total_var,,0.5,5000000,5000,50000,True,0.0001,,0.0,0.0,1.0,2000,fixed_point,10000,1.0302074835728403,1.0240625401208123,0.0,0.0,0.0,0.0,0.0,0.0,0.0,0,4500,500,0,49.65611124038696
ok,ptft,19,5000,0.206,1030,0.20600000000000002,10000,0.001,-0.001,0.0,0.1,1.0,0.9,0.0,unit_total_var,,0.5,5000000,5000,50000,True,0.0001,,0.0,0.0,1.0,2000,fixed_point,10000,0.97134143304079,0.9833752734822504,0.0,0.0,0.0,0.0,0.0,0.0,0.0,0,4500,500,0,48.5278058052063
ok,ptft,6,5000,0.206,1030,0.20600000000000002,10000,0.001,-0.001,0.0,0.1,1.0,0.9,0.0,unit_total_var,,0.5,5000000,5000,50000,True,0.0001,,0.0,0.0,1.0,2000,fixed_point,10000,0.9790302216695788,0.965220900309254,0.0,0.0,0.0,0.0,0.0,0.0,0.0,0,4500,500,0,35.249596834182746
ok,ptft,7,5000,0.206,1030,0.20600000000000002,10000,0.001,-0.001,0.0,0.1,1.0,0.9,0.0,unit_total_var,,0.5,5000000,5000,50000,True,0.0001,,0.0,0.0,1.0,2000,fixed_point,10000,0.9882870128838698,0.9878607016563532,0.0,0.0,0.0,0.0,0.0,0.0,0.0,0,4500,500,0,56.8141975402832
ok,ptft,8,5000,0.206,1030,0.20600000000000002,10000,0.001,-0.001,0.0,0.1,1.0,0.9,0.0,unit_total_var,,0.5,5000000,5000,50000,True,0.0001,,0.0,0.0,1.0,2000,fixed_point,10000,0.9869694884369684,0.9826137793793001,0.0,0.0,0.0,0.0,0.0,0.0,0.0,0,4500,500,0,92.06189918518066
ok,ptft,9,5000,0.206,1030,0.20600000000000002,10000,0.001,-0.001,0.0,0.1,1.0,0.9,0.0,unit_total_var,,0.5,5000000,5000,50000,True,0.0001,,0.0,0.0,1.0,2000,fixed_point,10000,0.9787999262680741,0.9824307082438282,0.0,0.0,0.0,0.0,0.0,0.0,0.0,0,4500,500,0,61.42416191101074
ok,ptft,10,5000,0.255,1275,0.255,10000,0.001,-0.001,0.0,0.1,1.0,0.9,0.0,unit_total_var,,0.5,5000000,5000,50000,True,0.0001,,0.0,0.0,1.0,2000,fixed_point,10000,1.0486076616374138,1.04115053111524,0.0,0.0,0.0,0.0,0.0,0.0,0.0,0,4500,500,0,77.37344765663147
ok,ptft,11,5000,0.255,1275,0.255,10000,0.001,-0.001,0.0,0.1,1.0,0.9,0.0,unit_total_var,,0.5,5000000,5000,50000,True,0.0001,,0.0,0.0,1.0,2000,fixed_point,10000,1.0396861100966035,1.014620017275192,0.0,0.0,0.0,0.0,0.0,0.0,0.0,0,4500,500,0,126.74694347381592
ok,ptft,12,5000,0.255,1275,0.255,10000,0.001,-0.001,0.0,0.1,1.0,0.9,0.0,unit_total_var,,0.5,5000000,5000,50000,True,0.0001,,0.0,0.0,1.0,2000,fixed_point,10000,0.9690290986845764,0.9815552086191937,0.0,0.0,0.0,0.0,0.0,0.0,0.0,0,4500,500,0,136.68053793907166
ok,ptft,13,5000,0.255,1275,0.255,10000,0.001,-0.001,0.0,0.1,1.0,0.9,0.0,unit_total_var,,0.5,5000000,5000,50000,True,0.0001,,0.0,0.0,1.0,2000,fixed_point,10000,1.0231981575890865,1.011197035590664,0.0,0.0,0.0,0.0,0.0,0.0,0.0,0,4500,500,0,111.64551043510436
ok,ptft,14,5000,0.255,1275,0.255,10000,0.001,-0.001,0.0,0.1,1.0,0.9,0.0,unit_total_var,,0.5,5000000,5000,50000,True,0.0001,,0.0,0.0,1.0,2000,fixed_point,10000,1.010632204734781,0.9929438041806068,0.0,0.0,0.0,0.0,0.0,0.0,0.0,0,4500,500,0,78.25676012039185
ok,ptft,15,5000,0.255,1275,0.255,10000,0.001,-0.001,0.0,0.1,1.0,0.9,0.0,unit_total_var,,0.5,5000000,5000,50000,True,0.0001,,0.0,0.0,1.0,2000,fixed_point,10000,0.9846963877119342,0.9725310148775844,0.0,0.0,0.0,0.0,0.0,0.0,0.0,0,4500,500,0,87.61745381355286
ok,ptft,16,5000,0.255,1275,0.255,10000,0.001,-0.001,0.0,0.1,1.0,0.9,0.0,unit_total_var,,0.5,5000000,5000,50000,True,0.0001,,0.0,0.0,1.0,2000,fixed_point,10000,0.9862536862699112,0.9921449306486736,0.0,0.0,0.0,0.0,0.0,0.0,0.0,0,4500,500,0,123.66451072692871
ok,ptft,17,5000,0.255,1275,0.255,10000,0.001,-0.001,0.0,0.1,1.0,0.9,0.0,unit_total_var,,0.5,5000000,5000,50000,True,0.0001,,0.0,0.0,1.0,2000,fixed_point,10000,0.9585212963820046,0.9944151001470102,0.0,0.0,0.0,0.0,0.0,0.0,0.0,0,4500,500,0,99.09586691856384
ok,ptft,18,5000,0.255,1275,0.255,10000,0.001,-0.001,0.0,0.1,1.0,0.9,0.0,unit_total_var,,0.5,5000000,5000,50000,True,0.0001,,0.0,0.0,1.0,2000,fixed_point,10000,1.0302074835728403,1.0240625401208123,0.0,0.0,0.0,0.0,0.0,0.0,0.0,0,4500,500,0,80.311039686203
ok,ptft,19,5000,0.255,1275,0.255,10000,0.001,-0.001,0.0,0.1,1.0,0.9,0.0,unit_total_var,,0.5,5000000,5000,50000,True,0.0001,,0.0,0.0,1.0,2000,fixed_point,10000,0.97134143304079,0.9833752734822504,0.0,0.0,0.0,0.0,0.0,0.0,0.0,0,4500,500,0,42.16888618469238
ok,ptft,6,5000,0.255,1275,0.255,10000,0.001,-0.001,0.0,0.1,1.0,0.9,0.0,unit_total_var,,0.5,5000000,5000,50000,True,0.0001,,0.0,0.0,1.0,2000,fixed_point,10000,0.9790302216695788,0.965220900309254,0.0,0.0,0.0,0.0,0.0,0.0,0.0,0,4500,500,0,79.886878490448
ok,ptft,7,5000,0.255,1275,0.255,10000,0.001,-0.001,0.0,0.1,1.0,0.9,0.0,unit_total_var,,0.5,5000000,5000,50000,True,0.0001,,0.0,0.0,1.0,2000,fixed_point,10000,0.9882870128838698,0.9878607016563532,0.0,0.0,0.0,0.0,0.0,0.0,0.0,0,4500,500,0,75.14391303062439
ok,ptft,8,5000,0.255,1275,0.255,10000,0.001,-0.001,0.0,0.1,1.0,0.9,0.0,unit_total_var,,0.5,5000000,5000,50000,True,0.0001,,0.0,0.0,1.0,2000,fixed_point,10000,0.9869694884369684,0.9826137793793001,0.0,0.0,0.0,0.0,0.0,0.0,0.0,0,4500,500,0,115.14212536811829
ok,ptft,9,5000,0.255,1275,0.255,10000,0.001,-0.001,0.0,0.1,1.0,0.9,0.0,unit_total_var,,0.5,5000000,5000,50000,True,0.0001,,0.0,0.0,1.0,2000,fixed_point,10000,0.9787999262680741,0.9824307082438282,0.0,0.0,0.0,0.0,0.0,0.0,0.0,0,4500,500,0,72.04998588562013
ok,ptft,10,5000,0.30400000000000005,1520,0.304,10000,0.001,-0.001,0.0,0.1,1.0,0.9,0.0,unit_total_var,,0.5,5000000,5000,50000,True,0.0001,,0.0,0.0,1.0,2000,fixed_point,10000,1.0486076616374138,1.04115053111524,0.0,0.0,0.0,0.0,0.0,0.0,0.0,0,4500,500,0,95.47199964523315
ok,ptft,11,5000,0.30400000000000005,1520,0.304,10000,0.001,-0.001,0.0,0.1,1.0,0.9,0.0,unit_total_var,,0.5,5000000,5000,50000,True,0.0001,,0.0,0.0,1.0,2000,fixed_point,10000,1.0396861100966035,1.014620017275192,0.0,0.0,0.0,0.0,0.0,0.0,0.0,0,4500,500,0,147.81480240821838
ok,ptft,12,5000,0.30400000000000005,1520,0.304,10000,0.001,-0.001,0.0,0.1,1.0,0.9,0.0,unit_total_var,,0.5,5000000,5000,50000,True,0.0001,,0.0,0.0,1.0,2000,fixed_point,10000,0.9690290986845764,0.9815552086191937,0.0,0.0,0.0,0.0,0.0,0.0,0.0,0,4500,500,0,133.50221967697144
ok,ptft,13,5000,0.30400000000000005,1520,0.304,10000,0.001,-0.001,0.0,0.1,1.0,0.9,0.0,unit_total_var,,0.5,5000000,5000,50000,True,0.0001,,0.0,0.0,1.0,2000,fixed_point,10000,1.0231981575890865,1.011197035590664,0.0,0.0,0.0,0.0,0.0,0.0,0.0,0,4500,500,0,132.5163855552673
ok,ptft,14,5000,0.30400000000000005,1520,0.304,10000,0.001,-0.001,0.0,0.1,1.0,0.9,0.0,unit_total_var,,0.5,5000000,5000,50000,True,0.0001,,0.0,0.0,1.0,2000,fixed_point,10000,1.010632204734781,0.9929438041806068,0.0,0.0,0.0,0.0,0.0,0.0,0.0,0,4500,500,0,133.3077533245087
ok,ptft,15,5000,0.30400000000000005,1520,0.304,10000,0.001,-0.001,0.0,0.1,1.0,0.9,0.0,unit_total_var,,0.5,5000000,5000,50000,True,0.0001,,0.0,0.0,1.0,2000,fixed_point,10000,0.9846963877119342,0.9725310148775844,0.0,0.0,0.0,0.0,0.0,0.0,0.0,0,4500,500,0,106.0574095249176
ok,ptft,16,5000,0.30400000000000005,1520,0.304,10000,0.001,-0.001,0.0,0.1,1.0,0.9,0.0,unit_total_var,,0.5,5000000,5000,50000,True,0.0001,,0.0,0.0,1.0,2000,fixed_point,10000,0.9862536862699112,0.9921449306486736,0.0,0.0,0.0,0.0,0.0,0.0,0.0,0,4500,500,0,145.12803196907043
ok,ptft,17,5000,0.30400000000000005,1520,0.304,10000,0.001,-0.001,0.0,0.1,1.0,0.9,0.0,unit_total_var,,0.5,5000000,5000,50000,True,0.0001,,0.0,0.0,1.0,2000,fixed_point,10000,0.9585212963820046,0.9944151001470102,0.0,0.0,0.0,0.0,0.0,0.0,0.0,0,4500,500,0,114.8846127986908
ok,ptft,18,5000,0.30400000000000005,1520,0.304,10000,0.001,-0.001,0.0,0.1,1.0,0.9,0.0,unit_total_var,,0.5,5000000,5000,50000,True,0.0001,,0.0,0.0,1.0,2000,fixed_point,10000,1.0302074835728403,1.0240625401208123,0.0,0.0,0.0,0.0,0.0,0.0,0.0,0,4500,500,0,101.03939938545228
ok,ptft,19,5000,0.30400000000000005,1520,0.304,10000,0.001,-0.001,0.0,0.1,1.0,0.9,0.0,unit_total_var,,0.5,5000000,5000,50000,True,0.0001,,0.0,0.0,1.0,2000,fixed_point,10000,0.97134143304079,0.9833752734822504,0.0,0.0,0.0,0.0,0.0,0.0,0.0,0,4500,500,0,82.71244096755981
ok,ptft,6,5000,0.30400000000000005,1520,0.304,10000,0.001,-0.001,0.0,0.1,1.0,0.9,0.0,unit_total_var,,0.5,5000000,5000,50000,True,0.0001,,0.0,0.0,1.0,2000,fixed_point,10000,0.9790302216695788,0.965220900309254,0.0,0.0,0.0,0.0,0.0,0.0,0.0,0,4500,500,0,76.5871000289917
ok,ptft,7,5000,0.30400000000000005,1520,0.304,10000,0.001,-0.001,0.0,0.1,1.0,0.9,0.0,unit_total_var,,0.5,5000000,5000,50000,True,0.0001,,0.0,0.0,1.0,2000,fixed_point,10000,0.9882870128838698,0.9878607016563532,0.0,0.0,0.0,0.0,0.0,0.0,0.0,0,4500,500,0,92.7044632434845
ok,ptft,8,5000,0.30400000000000005,1520,0.304,10000,0.001,-0.001,0.0,0.1,1.0,0.9,0.0,unit_total_var,,0.5,5000000,5000,50000,True,0.0001,,0.0,0.0,1.0,2000,fixed_point,10000,0.9869694884369684,0.9826137793793001,0.0,0.0,0.0,0.0,0.0,0.0,0.0,0,4500,500,0,132.87224984169006
ok,ptft,9,5000,0.30400000000000005,1520,0.304,10000,0.001,-0.001,0.0,0.1,1.0,0.9,0.0,unit_total_var,,0.5,5000000,5000,50000,True,0.0001,,0.0,0.0,1.0,2000,fixed_point,10000,0.9787999262680741,0.9824307082438282,0.0,0.0,0.0,0.0,0.0,0.0,0.0,0,4500,500,0,104.68133640289308
ok,ptft,10,5000,0.35300000000000004,1765,0.353,10000,0.001,-0.001,0.0,0.1,1.0,0.9,0.0,unit_total_var,,0.5,5000000,5000,50000,True,0.0001,,0.0,0.0,1.0,2000,fixed_point,10000,1.0486076616374138,1.04115053111524,0.0,0.0,0.0,0.0,0.0,0.0,0.0,0,4500,500,0,137.53148007392886
ok,ptft,11,5000,0.35300000000000004,1765,0.353,10000,0.001,-0.001,0.0,0.1,1.0,0.9,0.0,unit_total_var,,0.5,5000000,5000,50000,True,0.0001,,0.0,0.0,1.0,2000,fixed_point,10000,1.0396861100966035,1.014620017275192,0.0,0.0,0.0,0.0,0.0,0.0,0.0,0,4500,500,0,167.2963767051697
ok,ptft,12,5000,0.35300000000000004,1765,0.353,10000,0.001,-0.001,0.0,0.1,1.0,0.9,0.0,unit_total_var,,0.5,5000000,5000,50000,True,0.0001,,0.0,0.0,1.0,2000,fixed_point,10000,0.9690290986845764,0.9815552086191937,0.0,0.0,0.0,0.0,0.0,0.0,0.0,0,4500,500,0,106.58326363563538
ok,ptft,13,5000,0.35300000000000004,1765,0.353,10000,0.001,-0.001,0.0,0.1,1.0,0.9,0.0,unit_total_var,,0.5,5000000,5000,50000,True,0.0001,,0.0,0.0,1.0,2000,fixed_point,10000,1.0231981575890865,1.011197035590664,0.0,0.0,0.0,0.0,0.0,0.0,0.0,0,4500,500,0,135.5259563922882
ok,ptft,14,5000,0.35300000000000004,1765,0.353,10000,0.001,-0.001,0.0,0.1,1.0,0.9,0.0,unit_total_var,,0.5,5000000,5000,50000,True,0.0001,,0.0,0.0,1.0,2000,fixed_point,10000,1.010632204734781,0.9929438041806068,0.0,0.0,0.0,0.0,0.0,0.0,0.0,0,4500,500,0,107.92654871940613
ok,ptft,15,5000,0.35300000000000004,1765,0.353,10000,0.001,-0.001,0.0,0.1,1.0,0.9,0.0,unit_total_var,,0.5,5000000,5000,50000,True,0.0001,,0.0,0.0,1.0,2000,fixed_point,10000,0.9846963877119342,0.9725310148775844,0.0,0.0,0.0,0.0,0.0,0.0,0.0,0,4500,500,0,158.47172880172732
ok,ptft,16,5000,0.35300000000000004,1765,0.353,10000,0.001,-0.001,0.0,0.1,1.0,0.9,0.0,unit_total_var,,0.5,5000000,5000,50000,True,0.0001,,0.0,0.0,1.0,2000,fixed_point,10000,0.9862536862699112,0.9921449306486736,0.0,0.0,0.0,0.0,0.0,0.0,0.0,0,4500,500,0,162.32398176193237
ok,ptft,17,5000,0.35300000000000004,1765,0.353,10000,0.001,-0.001,0.0,0.1,1.0,0.9,0.0,unit_total_var,,0.5,5000000,5000,50000,True,0.0001,,0.0,0.0,1.0,2000,fixed_point,10000,0.9585212963820046,0.9944151001470102,0.0,0.0,0.0,0.0,0.0,0.0,0.0,0,4500,500,0,130.2788152694702
ok,ptft,18,5000,0.35300000000000004,1765,0.353,10000,0.001,-0.001,0.0,0.1,1.0,0.9,0.0,unit_total_var,,0.5,5000000,5000,50000,True,0.0001,,0.0,0.0,1.0,2000,fixed_point,10000,1.0302074835728403,1.0240625401208123,0.0,0.0,0.0,0.0,0.0,0.0,0.0,0,4500,500,0,116.4006462097168
ok,ptft,19,5000,0.35300000000000004,1765,0.353,10000,0.001,-0.001,0.0,0.1,1.0,0.9,0.0,unit_total_var,,0.5,5000000,5000,50000,True,0.0001,,0.0,0.0,1.0,2000,fixed_point,10000,0.97134143304079,0.9833752734822504,0.0,0.0,0.0,0.0,0.0,0.0,0.0,0,4500,500,0,133.79230570793152
ok,ptft,6,5000,0.35300000000000004,1765,0.353,10000,0.001,-0.001,0.0,0.1,1.0,0.9,0.0,unit_total_var,,0.5,5000000,5000,50000,True,0.0001,,0.0,0.0,1.0,2000,fixed_point,10000,0.9790302216695788,0.965220900309254,0.0,0.0,0.0,0.0,0.0,0.0,0.0,0,4500,500,0,153.92822360992432
ok,ptft,7,5000,0.35300000000000004,1765,0.353,10000,0.001,-0.001,0.0,0.1,1.0,0.9,0.0,unit_total_var,,0.5,5000000,5000,50000,True,0.0001,,0.0,0.0,1.0,2000,fixed_point,10000,0.9882870128838698,0.9878607016563532,0.0,0.0,0.0,0.0,0.0,0.0,0.0,0,4500,500,0,104.83746981620787
ok,ptft,8,5000,0.35300000000000004,1765,0.353,10000,0.001,-0.001,0.0,0.1,1.0,0.9,0.0,unit_total_var,,0.5,5000000,5000,50000,True,0.0001,,0.0,0.0,1.0,2000,fixed_point,10000,0.9869694884369684,0.9826137793793001,0.0,0.0,0.0,0.0,0.0,0.0,0.0,0,4500,500,0,103.7876980304718
ok,ptft,9,5000,0.35300000000000004,1765,0.353,10000,0.001,-0.001,0.0,0.1,1.0,0.9,0.0,unit_total_var,,0.5,5000000,5000,50000,True,0.0001,,0.0,0.0,1.0,2000,fixed_point,10000,0.9787999262680741,0.9824307082438282,0.0,0.0,0.0,0.0,0.0,0.0,0.0,0,4500,500,0,123.66204237937927
ok,ptft,10,5000,0.402,2010,0.402,10000,0.001,-0.001,0.0,0.1,1.0,0.9,0.0,unit_total_var,,0.5,5000000,5000,50000,True,0.0001,,0.0,0.0,1.0,2000,fixed_point,10000,1.0486076616374138,1.04115053111524,0.0,0.0,0.0,0.0,0.0,0.0,0.0,0,4500,500,0,129.44879341125488
ok,ptft,11,5000,0.402,2010,0.402,10000,0.001,-0.001,0.0,0.1,1.0,0.9,0.0,unit_total_var,,0.5,5000000,5000,50000,True,0.0001,,0.0,0.0,1.0,2000,fixed_point,10000,1.0396861100966035,1.014620017275192,0.0,0.0,0.0,0.0,0.0,0.0,0.0,0,4500,500,0,186.2402377128601
ok,ptft,12,5000,0.402,2010,0.402,10000,0.001,-0.001,0.0,0.1,1.0,0.9,0.0,unit_total_var,,0.5,5000000,5000,50000,True,0.0001,,0.0,0.0,1.0,2000,fixed_point,10000,0.9690290986845764,0.9815552086191937,0.0,0.0,0.0,0.0,0.0,0.0,0.0,0,4500,500,0,120.3278510570526
ok,ptft,13,5000,0.402,2010,0.402,10000,0.001,-0.001,0.0,0.1,1.0,0.9,0.0,unit_total_var,,0.5,5000000,5000,50000,True,0.0001,,0.0,0.0,1.0,2000,fixed_point,10000,1.0231981575890865,1.011197035590664,0.0,0.0,0.0,0.0,0.0,0.0,0.0,0,4500,500,0,152.77144432067868
ok,ptft,14,5000,0.402,2010,0.402,10000,0.001,-0.001,0.0,0.1,1.0,0.9,0.0,unit_total_var,,0.5,5000000,5000,50000,True,0.0001,,0.0,0.0,1.0,2000,fixed_point,10000,1.010632204734781,0.9929438041806068,0.0,0.0,0.0,0.0,0.0,0.0,0.0,0,4500,500,0,151.14617991447452
ok,ptft,15,5000,0.402,2010,0.402,10000,0.001,-0.001,0.0,0.1,1.0,0.9,0.0,unit_total_var,,0.5,5000000,5000,50000,True,0.0001,,0.0,0.0,1.0,2000,fixed_point,10000,0.9846963877119342,0.9725310148775844,0.0,0.0,0.0,0.0,0.0,0.0,0.0,0,4500,500,0,137.38662695884705
ok,ptft,16,5000,0.402,2010,0.402,10000,0.001,-0.001,0.0,0.1,1.0,0.9,0.0,unit_total_var,,0.5,5000000,5000,50000,True,0.0001,,0.0,0.0,1.0,2000,fixed_point,10000,0.9862536862699112,0.9921449306486736,0.0,0.0,0.0,0.0,0.0,0.0,0.0,0,4500,500,0,183.29904580116272
ok,ptft,17,5000,0.402,2010,0.402,10000,0.001,-0.001,0.0,0.1,1.0,0.9,0.0,unit_total_var,,0.5,5000000,5000,50000,True,0.0001,,0.0,0.0,1.0,2000,fixed_point,10000,0.9585212963820046,0.9944151001470102,0.0,0.0,0.0,0.0,0.0,0.0,0.0,0,4500,500,0,150.0847487449646
ok,ptft,18,5000,0.402,2010,0.402,10000,0.001,-0.001,0.0,0.1,1.0,0.9,0.0,unit_total_var,,0.5,5000000,5000,50000,True,0.0001,,0.0,0.0,1.0,2000,fixed_point,10000,1.0302074835728403,1.0240625401208123,0.0,0.0,0.0,0.0,0.0,0.0,0.0,0,4500,500,0,131.42978143692014
ok,ptft,19,5000,0.402,2010,0.402,10000,0.001,-0.001,0.0,0.1,1.0,0.9,0.0,unit_total_var,,0.5,5000000,5000,50000,True,0.0001,,0.0,0.0,1.0,2000,fixed_point,10000,0.97134143304079,0.9833752734822504,0.0,0.0,0.0,0.0,0.0,0.0,0.0,0,4500,500,0,137.8703796863556
ok,ptft,6,5000,0.402,2010,0.402,10000,0.001,-0.001,0.0,0.1,1.0,0.9,0.0,unit_total_var,,0.5,5000000,5000,50000,True,0.0001,,0.0,0.0,1.0,2000,fixed_point,10000,0.9790302216695788,0.965220900309254,0.0,0.0,0.0,0.0,0.0,0.0,0.0,0,4500,500,0,140.88014578819275
ok,ptft,7,5000,0.402,2010,0.402,10000,0.001,-0.001,0.0,0.1,1.0,0.9,0.0,unit_total_var,,0.5,5000000,5000,50000,True,0.0001,,0.0,0.0,1.0,2000,fixed_point,10000,0.9882870128838698,0.9878607016563532,0.0,0.0,0.0,0.0,0.0,0.0,0.0,0,4500,500,0,96.9725489616394
ok,ptft,8,5000,0.402,2010,0.402,10000,0.001,-0.001,0.0,0.1,1.0,0.9,0.0,unit_total_var,,0.5,5000000,5000,50000,True,0.0001,,0.0,0.0,1.0,2000,fixed_point,10000,0.9869694884369684,0.9826137793793001,0.0,0.0,0.0,0.0,0.0,0.0,0.0,0,4500,500,0,122.56060481071472
ok,ptft,9,5000,0.402,2010,0.402,10000,0.001,-0.001,0.0,0.1,1.0,0.9,0.0,unit_total_var,,0.5,5000000,5000,50000,True,0.0001,,0.0,0.0,1.0,2000,fixed_point,10000,0.9787999262680741,0.9824307082438282,0.0,0.0,0.0,0.0,0.0,0.0,0.0,0,4500,500,0,141.67386627197266
ok,ptft,10,5000,0.451,2255,0.451,10000,0.001,-0.001,0.0,0.1,1.0,0.9,0.0,unit_total_var,,0.5,5000000,5000,50000,True,0.0001,,0.0,0.0,1.0,2000,fixed_point,10000,1.0486076616374138,1.04115053111524,0.0,0.0,0.0,0.0,0.0,0.0,0.0,0,4500,500,0,151.66300392150882
ok,ptft,11,5000,0.451,2255,0.451,10000,0.001,-0.001,0.0,0.1,1.0,0.9,0.0,unit_total_var,,0.5,5000000,5000,50000,True,0.0001,,0.0,0.0,1.0,2000,fixed_point,10000,1.0396861100966035,1.014620017275192,0.0,0.0,0.0,0.0,0.0,0.0,0.0,0,4500,500,0,198.1199939250946
ok,ptft,12,5000,0.451,2255,0.451,10000,0.001,-0.001,0.0,0.1,1.0,0.9,0.0,unit_total_var,,0.5,5000000,5000,50000,True,0.0001,,0.0,0.0,1.0,2000,fixed_point,10000,0.9690290986845764,0.9815552086191937,0.0,0.0,0.0,0.0,0.0,0.0,0.0,0,4500,500,0,187.01566743850708
ok,ptft,13,5000,0.451,2255,0.451,10000,0.001,-0.001,0.0,0.1,1.0,0.9,0.0,unit_total_var,,0.5,5000000,5000,50000,True,0.0001,,0.0,0.0,1.0,2000,fixed_point,10000,1.0231981575890865,1.011197035590664,0.0,0.0,0.0,0.0,0.0,0.0,0.0,0,4500,500,0,126.22835397720335
ok,ptft,14,5000,0.451,2255,0.451,10000,0.001,-0.001,0.0,0.1,1.0,0.9,0.0,unit_total_var,,0.5,5000000,5000,50000,True,0.0001,,0.0,0.0,1.0,2000,fixed_point,10000,1.010632204734781,0.9929438041806068,0.0,0.0,0.0,0.0,0.0,0.0,0.0,0,4500,500,0,147.19664978981018
ok,ptft,15,5000,0.451,2255,0.451,10000,0.001,-0.001,0.0,0.1,1.0,0.9,0.0,unit_total_var,,0.5,5000000,5000,50000,True,0.0001,,0.0,0.0,1.0,2000,fixed_point,10000,0.9846963877119342,0.9725310148775844,0.0,0.0,0.0,0.0,0.0,0.0,0.0,0,4500,500,0,155.3793747425079
ok,ptft,16,5000,0.451,2255,0.451,10000,0.001,-0.001,0.0,0.1,1.0,0.9,0.0,unit_total_var,,0.5,5000000,5000,50000,True,0.0001,,0.0,0.0,1.0,2000,fixed_point,10000,0.9862536862699112,0.9921449306486736,0.0,0.0,0.0,0.0,0.0,0.0,0.0,0,4500,500,0,161.7926173210144
ok,ptft,17,5000,0.451,2255,0.451,10000,0.001,-0.001,0.0,0.1,1.0,0.9,0.0,unit_total_var,,0.5,5000000,5000,50000,True,0.0001,,0.0,0.0,1.0,2000,fixed_point,10000,0.9585212963820046,0.9944151001470102,0.0,0.0,0.0,0.0,0.0,0.0,0.0,0,4500,500,0,163.0438098907471
ok,ptft,18,5000,0.451,2255,0.451,10000,0.001,-0.001,0.0,0.1,1.0,0.9,0.0,unit_total_var,,0.5,5000000,5000,50000,True,0.0001,,0.0,0.0,1.0,2000,fixed_point,10000,1.0302074835728403,1.0240625401208123,0.0,0.0,0.0,0.0,0.0,0.0,0.0,0,4500,500,0,144.9037537574768
ok,ptft,19,5000,0.451,2255,0.451,10000,0.001,-0.001,0.0,0.1,1.0,0.9,0.0,unit_total_var,,0.5,5000000,5000,50000,True,0.0001,,0.0,0.0,1.0,2000,fixed_point,10000,0.97134143304079,0.9833752734822504,0.0,0.0,0.0,0.0,0.0,0.0,0.0,0,4500,500,0,134.24210953712463
ok,ptft,6,5000,0.451,2255,0.451,10000,0.001,-0.001,0.0,0.1,1.0,0.9,0.0,unit_total_var,,0.5,5000000,5000,50000,True,0.0001,,0.0,0.0,1.0,2000,fixed_point,10000,0.9790302216695788,0.965220900309254,0.0,0.0,0.0,0.0,0.0,0.0,0.0,0,4500,500,0,153.4590930938721
ok,ptft,7,5000,0.451,2255,0.451,10000,0.001,-0.001,0.0,0.1,1.0,0.9,0.0,unit_total_var,,0.5,5000000,5000,50000,True,0.0001,,0.0,0.0,1.0,2000,fixed_point,10000,0.9882870128838698,0.9878607016563532,0.0,0.0,0.0,0.0,0.0,0.0,0.0,0,4500,500,0,134.06521224975586
ok,ptft,8,5000,0.451,2255,0.451,10000,0.001,-0.001,0.0,0.1,1.0,0.9,0.0,unit_total_var,,0.5,5000000,5000,50000,True,0.0001,,0.0,0.0,1.0,2000,fixed_point,10000,0.9869694884369684,0.9826137793793001,0.0,0.0,0.0,0.0,0.0,0.0,0.0,0,4500,500,0,158.10191202163696
ok,ptft,9,5000,0.451,2255,0.451,10000,0.001,-0.001,0.0,0.1,1.0,0.9,0.0,unit_total_var,,0.5,5000000,5000,50000,True,0.0001,,0.0,0.0,1.0,2000,fixed_point,10000,0.9787999262680741,0.9824307082438282,0.0,0.0,0.0,0.0,0.0,0.0,0.0,0,4500,500,0,143.2968747615814
ok,ptft,10,5000,0.5,2500,0.5,10000,0.001,-0.001,0.0,0.1,1.0,0.9,0.0,unit_total_var,,0.5,5000000,5000,50000,True,0.0001,,0.0,0.0,1.0,2000,fixed_point,10000,1.0486076616374138,1.04115053111524,0.0,0.0,0.0,0.0,0.0,0.0,0.0,0,4500,500,0,190.4555892944336
ok,ptft,11,5000,0.5,2500,0.5,10000,0.001,-0.001,0.0,0.1,1.0,0.9,0.0,unit_total_var,,0.5,5000000,5000,50000,True,0.0001,,0.0,0.0,1.0,2000,fixed_point,10000,1.0396861100966035,1.014620017275192,0.0,0.0,0.0,0.0,0.0,0.0,0.0,0,4500,500,0,214.9076223373413
ok,ptft,12,5000,0.5,2500,0.5,10000,0.001,-0.001,0.0,0.1,1.0,0.9,0.0,unit_total_var,,0.5,5000000,5000,50000,True,0.0001,,0.0,0.0,1.0,2000,fixed_point,10000,0.9690290986845764,0.9815552086191937,0.0,0.0,0.0,0.0,0.0,0.0,0.0,0,4500,500,0,176.13572788238525
ok,ptft,13,5000,0.5,2500,0.5,10000,0.001,-0.001,0.0,0.1,1.0,0.9,0.0,unit_total_var,,0.5,5000000,5000,50000,True,0.0001,,0.0,0.0,1.0,2000,fixed_point,10000,1.0231981575890865,1.011197035590664,0.0,0.0,0.0,0.0,0.0,0.0,0.0,0,4500,500,0,148.95568776130673
ok,ptft,14,5000,0.5,2500,0.5,10000,0.001,-0.001,0.0,0.1,1.0,0.9,0.0,unit_total_var,,0.5,5000000,5000,50000,True,0.0001,,0.0,0.0,1.0,2000,fixed_point,10000,1.010632204734781,0.9929438041806068,0.0,0.0,0.0,0.0,0.0,0.0,0.0,0,4500,500,0,223.34966230392456
ok,ptft,15,5000,0.5,2500,0.5,10000,0.001,-0.001,0.0,0.1,1.0,0.9,0.0,unit_total_var,,0.5,5000000,5000,50000,True,0.0001,,0.0,0.0,1.0,2000,fixed_point,10000,0.9846963877119342,0.9725310148775844,0.0,0.0,0.0,0.0,0.0,0.0,0.0,0,4500,500,0,237.3431158065796
ok,ptft,16,5000,0.5,2500,0.5,10000,0.001,-0.001,0.0,0.1,1.0,0.9,0.0,unit_total_var,,0.5,5000000,5000,50000,True,0.0001,,0.0,0.0,1.0,2000,fixed_point,10000,0.9862536862699112,0.9921449306486736,0.0,0.0,0.0,0.0,0.0,0.0,0.0,0,4500,500,0,181.20375633239743
ok,ptft,17,5000,0.5,2500,0.5,10000,0.001,-0.001,0.0,0.1,1.0,0.9,0.0,unit_total_var,,0.5,5000000,5000,50000,True,0.0001,,0.0,0.0,1.0,2000,fixed_point,10000,0.9585212963820046,0.9944151001470102,0.0,0.0,0.0,0.0,0.0,0.0,0.0,0,4500,500,0,177.8791217803955
ok,ptft,18,5000,0.5,2500,0.5,10000,0.001,-0.001,0.0,0.1,1.0,0.9,0.0,unit_total_var,,0.5,5000000,5000,50000,True,0.0001,,0.0,0.0,1.0,2000,fixed_point,10000,1.0302074835728403,1.0240625401208123,0.0,0.0,0.0,0.0,0.0,0.0,0.0,0,4500,500,0,157.8121492862701
ok,ptft,19,5000,0.5,2500,0.5,10000,0.001,-0.001,0.0,0.1,1.0,0.9,0.0,unit_total_var,,0.5,5000000,5000,50000,True,0.0001,,0.0,0.0,1.0,2000,fixed_point,10000,0.97134143304079,0.9833752734822504,0.0,0.0,0.0,0.0,0.0,0.0,0.0,0,4500,500,0,146.46314644813538
ok,ptft,6,5000,0.5,2500,0.5,10000,0.001,-0.001,0.0,0.1,1.0,0.9,0.0,unit_total_var,,0.5,5000000,5000,50000,True,0.0001,,0.0,0.0,1.0,2000,fixed_point,10000,0.9790302216695788,0.965220900309254,0.0,0.0,0.0,0.0,0.0,0.0,0.0,0,4500,500,0,111.12086081504822
ok,ptft,7,5000,0.5,2500,0.5,10000,0.001,-0.001,0.0,0.1,1.0,0.9,0.0,unit_total_var,,0.5,5000000,5000,50000,True,0.0001,,0.0,0.0,1.0,2000,fixed_point,10000,0.9882870128838698,0.9878607016563532,0.0,0.0,0.0,0.0,0.0,0.0,0.0,0,4500,500,0,119.59714865684508
ok,ptft,8,5000,0.5,2500,0.5,10000,0.001,-0.001,0.0,0.1,1.0,0.9,0.0,unit_total_var,,0.5,5000000,5000,50000,True,0.0001,,0.0,0.0,1.0,2000,fixed_point,10000,0.9869694884369684,0.9826137793793001,0.0,0.0,0.0,0.0,0.0,0.0,0.0,0,4500,500,0,172.31742310523987
ok,ptft,9,5000,0.5,2500,0.5,10000,0.001,-0.001,0.0,0.1,1.0,0.9,0.0,unit_total_var,,0.5,5000000,5000,50000,True,0.0001,,0.0,0.0,1.0,2000,fixed_point,10000,0.9787999262680741,0.9824307082438282,0.0,0.0,0.0,0.0,0.0,0.0,0.0,0,4500,500,0,213.6871249675751
ok,ptft,10,5000,0.01,50,0.01,10000,0.001,0.00099,0.0,0.1,1.0,0.9,0.0,unit_total_var,,0.5,5000000,5000,50000,True,0.0001,,0.0,0.0,1.0,2000,train_pred_mse,5000,1.1997161377094718,1.1791674785602748,1.880347731029381e-12,115.57156507359129,464.3174391746791,26.324149195884736,0.9996,0.0,0.0,0,4500,500,0,4.7618396282196045
ok,ptft,11,5000,0.01,50,0.01,10000,0.001,0.00099,0.0,0.1,1.0,0.9,0.0,unit_total_var,,0.5,5000000,5000,50000,True,0.0001,,0.0,0.0,1.0,2000,train_pred_mse,5000,1.1361857844218262,1.1068077967171626,4.053038888273668e-12,123.38587334743634,377.9949820491693,21.51437588347833,0.9998,0.0,0.0,0,4500,500,0,5.615316390991211
ok,ptft,12,5000,0.01,50,0.01,10000,0.001,0.00099,0.0,0.1,1.0,0.9,0.0,unit_total_var,,0.5,5000000,5000,50000,True,0.0001,,0.0,0.0,1.0,2000,train_pred_mse,5000,1.046173989999272,1.063718381228487,1.4864105848404654e-12,120.82329212848758,365.9637552055497,20.311601859415504,0.9998,0.0,0.0,0,4500,500,0,5.446732044219972
ok,ptft,13,5000,0.01,50,0.01,10000,0.001,0.00099,0.0,0.1,1.0,0.9,0.0,unit_total_var,,0.5,5000000,5000,50000,True,0.0001,,0.0,0.0,1.0,2000,train_pred_mse,5000,1.1700698893589525,1.1603402649592804,1.3884387515554447e-13,141.0471265084781,464.5750684382502,27.36648997916424,0.9996,0.0,0.0,0,4500,500,0,6.470866918563843
ok,ptft,14,5000,0.01,50,0.01,10000,0.001,0.00099,0.0,0.1,1.0,0.9,0.0,unit_total_var,,0.5,5000000,5000,50000,True,0.0001,,0.0,0.0,1.0,2000,train_pred_mse,5000,1.1379198849924226,1.1192688894652412,1.5453790690879171e-12,140.28810382833666,453.252183233885,25.187771481890863,0.9998,0.0,0.0,0,4500,500,0,4.760001182556152
ok,ptft,15,5000,0.01,50,0.01,10000,0.001,0.00099,0.0,0.1,1.0,0.9,0.0,unit_total_var,,0.5,5000000,5000,50000,True,0.0001,,0.0,0.0,1.0,2000,train_pred_mse,5000,1.089456597119064,1.0851366605700763,1.37552838544945e-12,141.21130913101675,405.9416831168263,23.778546776817585,0.9992,0.0,0.0,0,4500,500,0,4.671378135681152
ok,ptft,16,5000,0.01,50,0.01,10000,0.001,0.00099,0.0,0.1,1.0,0.9,0.0,unit_total_var,,0.5,5000000,5000,50000,True,0.0001,,0.0,0.0,1.0,2000,train_pred_mse,5000,1.087108310478852,1.0880807923083051,8.530175150507987e-12,124.27964206138898,374.19870897745767,21.944987863871468,0.9994,0.0,0.0,0,4500,500,0,4.981150150299072
ok,ptft,17,5000,0.01,50,0.01,10000,0.001,0.00099,0.0,0.1,1.0,0.9,0.0,unit_total_var,,0.5,5000000,5000,50000,True,0.0001,,0.0,0.0,1.0,2000,train_pred_mse,5000,1.0417176313502858,1.086750298085119,6.693591584841441e-13,129.71456067897788,387.84174370107047,21.53305732654229,0.9998,0.0,0.0,0,4500,500,0,4.789411783218384
ok,ptft,18,5000,0.01,50,0.01,10000,0.001,0.00099,0.0,0.1,1.0,0.9,0.0,unit_total_var,,0.5,5000000,5000,50000,True,0.0001,,0.0,0.0,1.0,2000,train_pred_mse,5000,1.124900300466608,1.1198869881822475,9.671742949530113e-13,137.02966051779865,398.0210471894087,21.935533227536407,0.9998,0.0,0.0,0,4500,500,0,5.928638696670532
ok,ptft,19,5000,0.01,50,0.01,10000,0.001,0.00099,0.0,0.1,1.0,0.9,0.0,unit_total_var,,0.5,5000000,5000,50000,True,0.0001,,0.0,0.0,1.0,2000,train_pred_mse,5000,1.1076044594318315,1.1131670256179893,8.363927125228582e-12,138.69277941179178,454.7366716910826,25.53009593332809,0.9996,0.0,0.0,0,4500,500,0,4.708979606628418
ok,ptft,6,5000,0.01,50,0.01,10000,0.001,0.00099,0.0,0.1,1.0,0.9,0.0,unit_total_var,,0.5,5000000,5000,50000,True,0.0001,,0.0,0.0,1.0,2000,train_pred_mse,5000,1.0786130974117591,1.0699187030396802,2.140142143003669e-11,124.396734936474,405.19717133209,22.92770423371668,0.9998,0.0,0.0,0,4500,500,0,5.00541877746582
ok,ptft,7,5000,0.01,50,0.01,10000,0.001,0.00099,0.0,0.1,1.0,0.9,0.0,unit_total_var,,0.5,5000000,5000,50000,True,0.0001,,0.0,0.0,1.0,2000,train_pred_mse,5000,1.0645201171319092,1.0642631621783258,2.308417660274884e-12,125.62963120703604,345.20251630804603,19.58514018929076,0.9998,0.0,0.0,0,4500,500,0,5.7378246784210205
ok,ptft,8,5000,0.01,50,0.01,10000,0.001,0.00099,0.0,0.1,1.0,0.9,0.0,unit_total_var,,0.5,5000000,5000,50000,True,0.0001,,0.0,0.0,1.0,2000,train_pred_mse,5000,1.0808381313044748,1.0725268729605195,8.549844958416946e-13,119.85088246157272,371.57343216637713,21.246103261249086,0.9996,0.0,0.0,0,4500,500,0,5.188353061676025
ok,ptft,9,5000,0.01,50,0.01,10000,0.001,0.00099,0.0,0.1,1.0,0.9,0.0,unit_total_var,,0.5,5000000,5000,50000,True,0.0001,,0.0,0.0,1.0,2000,train_pred_mse,5000,1.0579290409729976,1.0596617305551779,6.194041648930438e-12,120.75213266282469,351.34568248604467,19.69326813225771,0.9998,0.0,0.0,0,4500,500,0,5.153984069824219
ok,ptft,10,5000,0.059,295,0.059000000000000004,10000,0.001,0.00099,0.0,0.1,1.0,0.9,0.0,unit_total_var,,0.5,5000000,5000,50000,True,0.0001,,0.0,0.0,1.0,2000,train_pred_mse,10000,1.8583144032373575,1.888528794713116,0.00020907567422271604,0.04476478304576795,1225.5854099759802,65.86318920873337,1.0,0.0,0.0,0,4500,500,0,18.38142204284668
ok,ptft,11,5000,0.059,295,0.059000000000000004,10000,0.001,0.00099,0.0,0.1,1.0,0.9,0.0,unit_total_var,,0.5,5000000,5000,50000,True,0.0001,,0.0,0.0,1.0,2000,train_pred_mse,10000,1.8898650796213419,1.8370661618306672,0.0002393712557443769,0.0555368029371199,1213.016922642272,64.88445455696478,1.0,0.0,0.0,0,4500,500,0,26.265141010284424
ok,ptft,12,5000,0.059,295,0.059000000000000004,10000,0.001,0.00099,0.0,0.1,1.0,0.9,0.0,unit_total_var,,0.5,5000000,5000,50000,True,0.0001,,0.0,0.0,1.0,2000,train_pred_mse,10000,1.7149862877650082,1.7355153939314871,0.00030221770300443035,0.06280150167961411,1145.615739618029,61.99846553316936,1.0,0.0,0.0,0,4500,500,0,15.485944032669067
ok,ptft,13,5000,0.059,295,0.059000000000000004,10000,0.001,0.00099,0.0,0.1,1.0,0.9,0.0,unit_total_var,,0.5,5000000,5000,50000,True,0.0001,,0.0,0.0,1.0,2000,train_pred_mse,10000,1.7991074955741122,1.7960289101029492,0.00026862108168867327,0.05586214328004041,1192.091140268554,63.52229571052793,0.9998,0.0,0.0,0,4500,500,0,19.49948787689209
ok,ptft,14,5000,0.059,295,0.059000000000000004,10000,0.001,0.00099,0.0,0.1,1.0,0.9,0.0,unit_total_var,,0.5,5000000,5000,50000,True,0.0001,,0.0,0.0,1.0,2000,train_pred_mse,10000,1.8921421492079644,1.845969030888471,0.0001875370646785812,0.04826114723757242,1208.4210867041404,65.8975026806806,1.0,0.0,0.0,0,4500,500,0,14.04395580291748
ok,ptft,15,5000,0.059,295,0.059000000000000004,10000,0.001,0.00099,0.0,0.1,1.0,0.9,0.0,unit_total_var,,0.5,5000000,5000,50000,True,0.0001,,0.0,0.0,1.0,2000,train_pred_mse,10000,1.8035747113153318,1.7762920149931885,0.00022134635506339942,0.05021811164752514,1191.9610579371624,63.98066448683608,1.0,0.0,0.0,0,4500,500,0,13.32435131072998
ok,ptft,16,5000,0.059,295,0.059000000000000004,10000,0.001,0.00099,0.0,0.1,1.0,0.9,0.0,unit_total_var,,0.5,5000000,5000,50000,True,0.0001,,0.0,0.0,1.0,2000,train_pred_mse,10000,1.866770002099427,1.8085109681774665,0.00029146297704152005,0.058828233371578026,1179.1242054103805,64.44755810249342,1.0,0.0,0.0,0,4500,500,0,15.220344543457033
ok,ptft,17,5000,0.059,295,0.059000000000000004,10000,0.001,0.00099,0.0,0.1,1.0,0.9,0.0,unit_total_var,,0.5,5000000,5000,50000,True,0.0001,,0.0,0.0,1.0,2000,train_pred_mse,10000,1.6759831088214072,1.7486667380770748,0.0002298227822521768,0.052291131694815855,1186.4646147476042,62.12059556162928,0.9998,0.0,0.0,0,4500,500,0,19.141594171524048
ok,ptft,18,5000,0.059,295,0.059000000000000004,10000,0.001,0.00099,0.0,0.1,1.0,0.9,0.0,unit_total_var,,0.5,5000000,5000,50000,True,0.0001,,0.0,0.0,1.0,2000,train_pred_mse,10000,1.8130776755150877,1.782350754823946,0.000231893778255493,0.056229301588519735,1169.1473438222556,62.371721388694894,1.0,0.0,0.0,0,4500,500,0,14.239284992218018
ok,ptft,19,5000,0.059,295,0.059000000000000004,10000,0.001,0.00099,0.0,0.1,1.0,0.9,0.0,unit_total_var,,0.5,5000000,5000,50000,True,0.0001,,0.0,0.0,1.0,2000,train_pred_mse,10000,1.7031397926121092,1.7133303531678858,0.00021021303101136134,0.05128039980584483,1136.343082056926,61.04315984907461,0.9998,0.0,0.0,0,4500,500,0,13.310768842697144
ok,ptft,6,5000,0.059,295,0.059000000000000004,10000,0.001,0.00099,0.0,0.1,1.0,0.9,0.0,unit_total_var,,0.5,5000000,5000,50000,True,0.0001,,0.0,0.0,1.0,2000,train_pred_mse,10000,1.696795685018367,1.6694033896073877,0.00022202737483757357,0.056867603082956734,1117.427642074168,59.905087973009316,1.0,0.0,0.0,0,4500,500,0,15.150357246398926
ok,ptft,7,5000,0.059,295,0.059000000000000004,10000,0.001,0.00099,0.0,0.1,1.0,0.9,0.0,unit_total_var,,0.5,5000000,5000,50000,True,0.0001,,0.0,0.0,1.0,2000,train_pred_mse,10000,1.7509188601802812,1.7597355213004342,0.00017513630777470974,0.04421058051192743,1223.3722905279142,63.09696823486327,1.0,0.0,0.0,0,4500,500,0,13.88432240486145
ok,ptft,8,5000,0.059,295,0.059000000000000004,10000,0.001,0.00099,0.0,0.1,1.0,0.9,0.0,unit_total_var,,0.5,5000000,5000,50000,True,0.0001,,0.0,0.0,1.0,2000,train_pred_mse,10000,1.7080059008568471,1.7147843341575382,0.00025387574302226126,0.06185210584719492,1117.8808736418887,61.039893239301904,1.0,0.0,0.0,0,4500,500,0,19.04030013084412
ok,ptft,9,5000,0.059,295,0.059000000000000004,10000,0.001,0.00099,0.0,0.1,1.0,0.9,0.0,unit_total_var,,0.5,5000000,5000,50000,True,0.0001,,0.0,0.0,1.0,2000,train_pred_mse,10000,1.8347598136058965,1.8415852383909448,0.00021564942439119205,0.047516612876979065,1266.752257580452,66.40913080413893,1.0,0.0,0.0,0,4500,500,0,26.70535445213318
ok,ptft,10,5000,0.10800000000000001,540,0.10800000000000001,10000,0.001,0.00099,0.0,0.1,1.0,0.9,0.0,unit_total_var,,0.5,5000000,5000,50000,True,0.0001,,0.0,0.0,1.0,2000,train_pred_mse,20000,1.773915854464463,1.7456590958548552,0.00014786843636263063,0.012691194056896577,1413.5302438608571,62.54933242585768,1.0,0.0,0.0,0,4500,500,0,59.64633536338806
ok,ptft,11,5000,0.10800000000000001,540,0.10800000000000001,10000,0.001,0.00099,0.0,0.1,1.0,0.9,0.0,unit_total_var,,0.5,5000000,5000,50000,True,0.0001,,0.0,0.0,1.0,2000,train_pred_mse,20000,1.6359990930338848,1.610989922436007,0.0001383769884728028,0.013270583122424228,1335.061205404778,58.879921402456105,1.0,0.0,0.0,0,4500,500,0,38.04433226585388
ok,ptft,12,5000,0.10800000000000001,540,0.10800000000000001,10000,0.001,0.00099,0.0,0.1,1.0,0.9,0.0,unit_total_var,,0.5,5000000,5000,50000,True,0.0001,,0.0,0.0,1.0,2000,train_pred_mse,20000,1.5649706325403896,1.5784869259497365,0.00012401305759861462,0.01181308256401578,1401.206518372786,58.8956108988877,1.0,0.0,0.0,0,4500,500,0,40.41685152053833
ok,ptft,13,5000,0.10800000000000001,540,0.10800000000000001,10000,0.001,0.00099,0.0,0.1,1.0,0.9,0.0,unit_total_var,,0.5,5000000,5000,50000,True,0.0001,,0.0,0.0,1.0,2000,train_pred_mse,20000,1.6456269264329833,1.6482064463434785,0.00013772721770010757,0.011665494609584878,1416.6491277908085,60.42817207924121,1.0,0.0,0.0,0,4500,500,0,39.95181846618652
ok,ptft,14,5000,0.10800000000000001,540,0.10800000000000001,10000,0.001,0.00099,0.0,0.1,1.0,0.9,0.0,unit_total_var,,0.5,5000000,5000,50000,True,0.0001,,0.0,0.0,1.0,2000,train_pred_mse,20000,1.7086162876839488,1.6581583104107591,0.0001236082726169935,0.01059934297257372,1462.7374633238742,61.355331621352356,0.9998,0.0,0.0,0,4500,500,0,36.524527549743645
ok,ptft,15,5000,0.10800000000000001,540,0.10800000000000001,10000,0.001,0.00099,0.0,0.1,1.0,0.9,0.0,unit_total_var,,0.5,5000000,5000,50000,True,0.0001,,0.0,0.0,1.0,2000,train_pred_mse,20000,1.658245026249498,1.672322690582018,0.00017258328357917975,0.013223148045679771,1388.065640060381,62.22834411509345,1.0,0.0,0.0,0,4500,500,0,90.35342741012572
ok,ptft,16,5000,0.10800000000000001,540,0.10800000000000001,10000,0.001,0.00099,0.0,0.1,1.0,0.9,0.0,unit_total_var,,0.5,5000000,5000,50000,True,0.0001,,0.0,0.0,1.0,2000,train_pred_mse,20000,1.5838355189340398,1.616009198233532,0.00010711016987156824,0.010154708705138992,1428.472895338132,60.06053693956207,0.9998,0.0,0.0,0,4500,500,0,39.11587333679199
ok,ptft,17,5000,0.10800000000000001,540,0.10800000000000001,10000,0.001,0.00099,0.0,0.1,1.0,0.9,0.0,unit_total_var,,0.5,5000000,5000,50000,True,0.0001,,0.0,0.0,1.0,2000,train_pred_mse,20000,1.7030706997328746,1.683315308192112,0.0001765032395431829,0.014654541109350369,1439.780777239247,62.35095028349918,0.9998,0.0,0.0,0,4500,500,0,38.30556964874268
ok,ptft,18,5000,0.10800000000000001,540,0.10800000000000001,10000,0.001,0.00099,0.0,0.1,1.0,0.9,0.0,unit_total_var,,0.5,5000000,5000,50000,True,0.0001,,0.0,0.0,1.0,2000,train_pred_mse,20000,1.727515449723511,1.7271795900994824,0.00013163626301045722,0.012177535644651108,1431.9311389400573,63.28992693596665,1.0,0.0,0.0,0,4500,500,0,37.32398986816406
ok,ptft,19,5000,0.10800000000000001,540,0.10800000000000001,10000,0.001,0.00099,0.0,0.1,1.0,0.9,0.0,unit_total_var,,0.5,5000000,5000,50000,True,0.0001,,0.0,0.0,1.0,2000,train_pred_mse,20000,1.6944726940059314,1.6900482346633638,0.00014521266768237912,0.012518972005228321,1423.7649696918907,62.42606999891723,0.9998,0.0,0.0,0,4500,500,0,43.939711093902595
ok,ptft,6,5000,0.10800000000000001,540,0.10800000000000001,10000,0.001,0.00099,0.0,0.1,1.0,0.9,0.0,unit_total_var,,0.5,5000000,5000,50000,True,0.0001,,0.0,0.0,1.0,2000,train_pred_mse,20000,1.6052938301808355,1.5965344227924538,0.00015890757644396942,0.014142266788942688,1385.378360936333,59.78239669996744,1.0,0.0,0.0,0,4500,500,0,40.764136075973504
ok,ptft,7,5000,0.10800000000000001,540,0.10800000000000001,10000,0.001,0.00099,0.0,0.1,1.0,0.9,0.0,unit_total_var,,0.5,5000000,5000,50000,True,0.0001,,0.0,0.0,1.0,2000,train_pred_mse,20000,1.7714610080976405,1.7707076369560109,0.00014674139473382132,0.012092353240338327,1447.9719544727136,65.67880657121096,0.9998,0.0,0.0,0,4500,500,0,124.28774404525757
ok,ptft,8,5000,0.10800000000000001,540,0.10800000000000001,10000,0.001,0.00099,0.0,0.1,1.0,0.9,0.0,unit_total_var,,0.5,5000000,5000,50000,True,0.0001,,0.0,0.0,1.0,2000,train_pred_mse,20000,1.6639037702791972,1.6559612749330181,0.0001608828520164648,0.012667843882089445,1421.3266016262942,62.1392068356367,1.0,0.0,0.0,0,4500,500,0,84.18334627151489
ok,ptft,9,5000,0.10800000000000001,540,0.10800000000000001,10000,0.001,0.00099,0.0,0.1,1.0,0.9,0.0,unit_total_var,,0.5,5000000,5000,50000,True,0.0001,,0.0,0.0,1.0,2000,train_pred_mse,20000,1.6154624732004683,1.6192998815445736,0.00012942278383473344,0.011595256118504245,1385.6946128585364,60.534787520114186,1.0,0.0,0.0,0,4500,500,0,38.949555397033684
ok,ptft,10,5000,0.15700000000000006,785,0.157,10000,0.001,0.00099,0.0,0.1,1.0,0.9,0.0,unit_total_var,,0.5,5000000,5000,50000,True,0.0001,,0.0,0.0,1.0,2000,train_pred_mse,25000,1.6532152840239691,1.6254384827946875,0.00020168349193620507,0.012931473201932204,1651.011690744354,62.75920409322539,1.0,0.0,0.0,0,4500,500,0,125.57222104072572
ok,ptft,11,5000,0.15700000000000006,785,0.157,10000,0.001,0.00099,0.0,0.1,1.0,0.9,0.0,unit_total_var,,0.5,5000000,5000,50000,True,0.0001,,0.0,0.0,1.0,2000,train_pred_mse,25000,1.5312816829599694,1.4908120185489828,0.0001929431562519928,0.014440723125862618,1613.5399097994143,58.39415997292286,1.0,0.0,0.0,0,4500,500,0,66.97753643989563
ok,ptft,12,5000,0.15700000000000006,785,0.157,10000,0.001,0.00099,0.0,0.1,1.0,0.9,0.0,unit_total_var,,0.5,5000000,5000,50000,True,0.0001,,0.0,0.0,1.0,2000,train_pred_mse,30000,1.4002768930511484,1.440544852456045,0.0001484178725410865,0.009627517574154226,1578.1260377227436,57.771511552126896,0.9998,0.0,0.0,0,4500,500,0,84.98095107078551
ok,ptft,13,5000,0.15700000000000006,785,0.157,10000,0.001,0.00099,0.0,0.1,1.0,0.9,0.0,unit_total_var,,0.5,5000000,5000,50000,True,0.0001,,0.0,0.0,1.0,2000,train_pred_mse,30000,1.401219949098455,1.4123560634197492,0.00012779243870271397,0.008372245967929086,1508.6852009788079,54.934992282612036,1.0,0.0,0.0,0,4500,500,0,83.483366727829
ok,ptft,14,5000,0.15700000000000006,785,0.157,10000,0.001,0.00099,0.0,0.1,1.0,0.9,0.0,unit_total_var,,0.5,5000000,5000,50000,True,0.0001,,0.0,0.0,1.0,2000,train_pred_mse,25000,1.484335779600252,1.4503261066084916,0.0002082557168378245,0.014457888116192882,1497.64836746684,56.16442566300418,1.0,0.0,0.0,0,4500,500,0,192.5639238357544
ok,ptft,15,5000,0.15700000000000006,785,0.157,10000,0.001,0.00099,0.0,0.1,1.0,0.9,0.0,unit_total_var,,0.5,5000000,5000,50000,True,0.0001,,0.0,0.0,1.0,2000,train_pred_mse,30000,1.4102860536517394,1.4251711391520403,0.00013017155060695304,0.008617652799344658,1495.0275253577759,55.371039492023364,1.0,0.0,0.0,0,4500,500,0,126.62260603904724
ok,ptft,16,5000,0.15700000000000006,785,0.157,10000,0.001,0.00099,0.0,0.1,1.0,0.9,0.0,unit_total_var,,0.5,5000000,5000,50000,True,0.0001,,0.0,0.0,1.0,2000,train_pred_mse,25000,1.4157770190324437,1.413474905448845,0.00019302395745391128,0.01394831261035444,1571.1459300008078,56.13355829393582,1.0,0.0,0.0,0,4500,500,0,80.04198384284973
ok,ptft,17,5000,0.15700000000000006,785,0.157,10000,0.001,0.00099,0.0,0.1,1.0,0.9,0.0,unit_total_var,,0.5,5000000,5000,50000,True,0.0001,,0.0,0.0,1.0,2000,train_pred_mse,30000,1.5669166298769053,1.5864433966462872,0.00012499323987198572,0.0076928784639466565,1640.807978524284,61.502744237024146,0.9998,0.0,0.0,0,4500,500,0,127.33170700073242
ok,ptft,18,5000,0.15700000000000006,785,0.157,10000,0.001,0.00099,0.0,0.1,1.0,0.9,0.0,unit_total_var,,0.5,5000000,5000,50000,True,0.0001,,0.0,0.0,1.0,2000,train_pred_mse,25000,1.5556710554482949,1.5077708622685202,0.0001989319322739489,0.014315953332505862,1603.5837153921484,57.88595425511837,0.9998,0.0,0.0,0,4500,500,0,226.2307748794556
ok,ptft,19,5000,0.15700000000000006,785,0.157,10000,0.001,0.00099,0.0,0.1,1.0,0.9,0.0,unit_total_var,,0.5,5000000,5000,50000,True,0.0001,,0.0,0.0,1.0,2000,train_pred_mse,30000,1.4383076893588682,1.4327220637162723,0.00014451726098211804,0.009201109542569828,1543.2504456597867,56.39299243294031,1.0,0.0,0.0,0,4500,500,0,95.91994976997377
ok,ptft,6,5000,0.15700000000000006,785,0.157,10000,0.001,0.00099,0.0,0.1,1.0,0.9,0.0,unit_total_var,,0.5,5000000,5000,50000,True,0.0001,,0.0,0.0,1.0,2000,train_pred_mse,25000,1.438850927986436,1.4253231016378345,0.00021107916141959604,0.015072849378316237,1538.5508468379685,56.521399778456605,1.0,0.0,0.0,0,4500,500,0,100.84862732887268
ok,ptft,7,5000,0.15700000000000006,785,0.157,10000,0.001,0.00099,0.0,0.1,1.0,0.9,0.0,unit_total_var,,0.5,5000000,5000,50000,True,0.0001,,0.0,0.0,1.0,2000,train_pred_mse,30000,1.4132233986318836,1.3994328758104608,0.00013922379756956826,0.009941938684315931,1477.815812070246,53.2249413115449,0.9996,0.0,0.0,0,4500,500,0,227.3994235992432
ok,ptft,8,5000,0.15700000000000006,785,0.157,10000,0.001,0.00099,0.0,0.1,1.0,0.9,0.0,unit_total_var,,0.5,5000000,5000,50000,True,0.0001,,0.0,0.0,1.0,2000,train_pred_mse,30000,1.536467014882016,1.5187590498306645,0.00013011744361306137,0.008182958474487441,1590.3052291058475,60.014988691940935,0.9998,0.0,0.0,0,4500,500,0,203.02864503860474
ok,ptft,9,5000,0.15700000000000006,785,0.157,10000,0.001,0.00099,0.0,0.1,1.0,0.9,0.0,unit_total_var,,0.5,5000000,5000,50000,True,0.0001,,0.0,0.0,1.0,2000,train_pred_mse,30000,1.4627944454293111,1.4498357936112292,0.00012262960471478665,0.00812466785143186,1569.0069297909542,56.98845363085577,1.0,0.0,0.0,0,4500,500,0,80.11177849769592
ok,ptft,10,5000,0.206,1030,0.20600000000000002,10000,0.001,0.00099,0.0,0.1,1.0,0.9,0.0,unit_total_var,,0.5,5000000,5000,50000,True,0.0001,,0.0,0.0,1.0,2000,train_pred_mse,35000,1.3627014274906308,1.3649175379083456,0.00016671912488876124,0.00971400390301952,1660.9187078111004,54.99757182495009,0.9998,0.0,0.0,0,4500,500,0,238.3041524887085
ok,ptft,11,5000,0.206,1030,0.20600000000000002,10000,0.001,0.00099,0.0,0.1,1.0,0.9,0.0,unit_total_var,,0.5,5000000,5000,50000,True,0.0001,,0.0,0.0,1.0,2000,train_pred_mse,40000,1.4112703590731843,1.3667610475102159,0.00012705746367378334,0.0070906529405325045,1654.9507946617614,55.19186432693475,1.0,0.0,0.0,0,4500,500,0,219.7047836780548
ok,ptft,12,5000,0.206,1030,0.20600000000000002,10000,0.001,0.00099,0.0,0.1,1.0,0.9,0.0,unit_total_var,,0.5,5000000,5000,50000,True,0.0001,,0.0,0.0,1.0,2000,train_pred_mse,40000,1.3376607633845563,1.3346384409024954,0.0001257328411428625,0.0071710770036815235,1701.1253360661124,55.895112614944324,1.0,0.0,0.0,0,4500,500,0,151.69483017921448
ok,ptft,13,5000,0.206,1030,0.20600000000000002,10000,0.001,0.00099,0.0,0.1,1.0,0.9,0.0,unit_total_var,,0.5,5000000,5000,50000,True,0.0001,,0.0,0.0,1.0,2000,train_pred_mse,35000,1.2837988698272231,1.2742472969824197,0.00017614710417348882,0.011291509411374974,1677.823430998261,53.90161693583067,1.0,0.0,0.0,0,4500,500,0,302.0781366825104
ok,ptft,14,5000,0.206,1030,0.20600000000000002,10000,0.001,0.00099,0.0,0.1,1.0,0.9,0.0,unit_total_var,,0.5,5000000,5000,50000,True,0.0001,,0.0,0.0,1.0,2000,train_pred_mse,40000,1.4083143619832208,1.3716864462674914,0.00011792074678358855,0.006618904737818172,1762.1326963530712,57.75903483065014,1.0,0.0,0.0,0,4500,500,0,292.67306780815125
ok,ptft,15,5000,0.206,1030,0.20600000000000002,10000,0.001,0.00099,0.0,0.1,1.0,0.9,0.0,unit_total_var,,0.5,5000000,5000,50000,True,0.0001,,0.0,0.0,1.0,2000,train_pred_mse,40000,1.290642651485579,1.2947480054645109,0.00013279404521746342,0.0077969559880745705,1630.546787746394,52.871499452352154,1.0,0.0,0.0,0,4500,500,0,149.70267271995544
ok,ptft,16,5000,0.206,1030,0.20600000000000002,10000,0.001,0.00099,0.0,0.1,1.0,0.9,0.0,unit_total_var,,0.5,5000000,5000,50000,True,0.0001,,0.0,0.0,1.0,2000,train_pred_mse,40000,1.3954562630072656,1.3714773179079056,0.00012209566276743717,0.0068740448995822006,1721.9870255974395,57.608083885259745,1.0,0.0,0.0,0,4500,500,0,368.31389451026917
ok,ptft,17,5000,0.206,1030,0.20600000000000002,10000,0.001,0.00099,0.0,0.1,1.0,0.9,0.0,unit_total_var,,0.5,5000000,5000,50000,True,0.0001,,0.0,0.0,1.0,2000,train_pred_mse,40000,1.2969166022358265,1.3165395732432954,0.00013667015572289454,0.007706999647800308,1670.4606943569638,54.3476505452204,1.0,0.0,0.0,0,4500,500,0,272.4120836257934
ok,ptft,18,5000,0.206,1030,0.20600000000000002,10000,0.001,0.00099,0.0,0.1,1.0,0.9,0.0,unit_total_var,,0.5,5000000,5000,50000,True,0.0001,,0.0,0.0,1.0,2000,train_pred_mse,35000,1.4277012610436797,1.3936326253157272,0.00015349360835757419,0.009025261531495792,1758.280593727662,57.652059604369114,1.0,0.0,0.0,0,4500,500,0,383.3150324821472
ok,ptft,19,5000,0.206,1030,0.20600000000000002,10000,0.001,0.00099,0.0,0.1,1.0,0.9,0.0,unit_total_var,,0.5,5000000,5000,50000,True,0.0001,,0.0,0.0,1.0,2000,train_pred_mse,35000,1.3548582638963305,1.363384284100971,0.00016158231725265252,0.009369587897116224,1738.0907014136294,56.73420968071437,0.9998,0.0,0.0,0,4500,500,0,143.52796459197995
ok,ptft,6,5000,0.206,1030,0.20600000000000002,10000,0.001,0.00099,0.0,0.1,1.0,0.9,0.0,unit_total_var,,0.5,5000000,5000,50000,True,0.0001,,0.0,0.0,1.0,2000,train_pred_mse,40000,1.3418838667352355,1.3254551366924034,0.00012392987627817163,0.006965478366215508,1765.654308810866,57.749714260187886,0.9998,0.0,0.0,0,4500,500,0,197.492262840271
ok,ptft,7,5000,0.206,1030,0.20600000000000002,10000,0.001,0.00099,0.0,0.1,1.0,0.9,0.0,unit_total_var,,0.5,5000000,5000,50000,True,0.0001,,0.0,0.0,1.0,2000,train_pred_mse,40000,1.258081087516322,1.27427822070585,0.00012389590249958386,0.007326794028609146,1679.014018795587,54.08276121391994,1.0,0.0,0.0,0,4500,500,0,380.7883124351502
ok,ptft,8,5000,0.206,1030,0.20600000000000002,10000,0.001,0.00099,0.0,0.1,1.0,0.9,0.0,unit_total_var,,0.5,5000000,5000,50000,True,0.0001,,0.0,0.0,1.0,2000,train_pred_mse,40000,1.3131713364440267,1.3218342722264023,0.00011975438462654165,0.007035443972014427,1732.584486196092,56.52826264975742,0.9998,0.0,0.0,0,4500,500,0,349.79519414901733
ok,ptft,9,5000,0.206,1030,0.20600000000000002,10000,0.001,0.00099,0.0,0.1,1.0,0.9,0.0,unit_total_var,,0.5,5000000,5000,50000,True,0.0001,,0.0,0.0,1.0,2000,train_pred_mse,35000,1.2878891188685062,1.322219708121118,0.00016343737259899208,0.009796096425412036,1728.6869730121869,55.44406408961825,0.9998,0.0,0.0,0,4500,500,0,127.35878896713257
ok,ptft,10,5000,0.255,1275,0.255,10000,0.001,0.00099,0.0,0.1,1.0,0.9,0.0,unit_total_var,,0.5,5000000,5000,50000,True,0.0001,,0.0,0.0,1.0,2000,train_pred_mse,50000,1.2786275239950704,1.2606323899949634,0.00011376151895083567,0.006029223090168593,1880.709370071469,56.656117090899116,0.9998,0.0,0.0,0,4500,500,0,436.9115436077118
ok,ptft,11,5000,0.255,1275,0.255,10000,0.001,0.00099,0.0,0.1,1.0,0.9,0.0,unit_total_var,,0.5,5000000,5000,50000,True,0.0001,,0.0,0.0,1.0,2000,train_pred_mse,50000,1.2962995804244293,1.2691297292788817,0.0001266058555110507,0.00677727727695847,1859.147707869926,55.447673627786855,1.0,0.0,0.0,0,4500,500,0,298.0135633945465
ok,ptft,12,5000,0.255,1275,0.255,10000,0.001,0.00099,0.0,0.1,1.0,0.9,0.0,unit_total_var,,0.5,5000000,5000,50000,True,0.0001,,0.0,0.0,1.0,2000,train_pred_mse,50000,1.1981375569360757,1.1995127277514983,0.000138496396897974,0.007046980253699095,1843.329698304644,55.344994820443496,1.0,0.0,0.0,0,4500,500,0,285.1050930023193
ok,ptft,13,5000,0.255,1275,0.255,10000,0.001,0.00099,0.0,0.1,1.0,0.9,0.0,unit_total_var,,0.5,5000000,5000,50000,True,0.0001,,0.0,0.0,1.0,2000,train_pred_mse,45000,1.2799504729470303,1.272239309444695,0.00015097762743269724,0.008001142517443709,1942.678204883624,57.653884102554024,1.0,0.0,0.0,0,4500,500,0,278.6597120761872
ok,ptft,14,5000,0.255,1275,0.255,10000,0.001,0.00099,0.0,0.1,1.0,0.9,0.0,unit_total_var,,0.5,5000000,5000,50000,True,0.0001,,0.0,0.0,1.0,2000,train_pred_mse,50000,1.2980257350982352,1.2770935019754464,0.00011755793510941697,0.006040393715650645,1902.3631951359384,57.472710532112465,1.0,0.0,0.0,0,4500,500,0,474.35953187942505
ok,ptft,15,5000,0.255,1275,0.255,10000,0.001,0.00099,0.0,0.1,1.0,0.9,0.0,unit_total_var,,0.5,5000000,5000,50000,True,0.0001,,0.0,0.0,1.0,2000,train_pred_mse,50000,1.2392683476402022,1.2174238776485953,0.0001303574926687818,0.006899997563928944,1838.911015479879,55.24140433659127,1.0,0.0,0.0,0,4500,500,0,287.64501667022705
ok,ptft,16,5000,0.255,1275,0.255,10000,0.001,0.00099,0.0,0.1,1.0,0.9,0.0,unit_total_var,,0.5,5000000,5000,50000,True,0.0001,,0.0,0.0,1.0,2000,train_pred_mse,50000,1.1897761119592325,1.2037901904377062,0.0001343581681080498,0.00704018925384254,1826.5638426910232,54.135651621440296,0.9998,0.0,0.0,0,4500,500,0,564.5745077133179
ok,ptft,17,5000,0.255,1275,0.255,10000,0.001,0.00099,0.0,0.1,1.0,0.9,0.0,unit_total_var,,0.5,5000000,5000,50000,True,0.0001,,0.0,0.0,1.0,2000,train_pred_mse,50000,1.2164599004543315,1.2376881400328483,0.00013193334565349485,0.006800708403592399,1839.1291673297708,55.43657921863022,1.0,0.0,0.0,0,4500,500,0,373.7656235694885
ok,ptft,18,5000,0.255,1275,0.255,10000,0.001,0.00099,0.0,0.1,1.0,0.9,0.0,unit_total_var,,0.5,5000000,5000,50000,True,0.0001,,0.0,0.0,1.0,2000,train_pred_mse,50000,1.2485963142626235,1.2482328705130523,0.00011886934026703998,0.006177044794199981,1878.1546735705865,57.098770426522066,0.9998,0.0,0.0,0,4500,500,0,735.6058773994446
ok,ptft,19,5000,0.255,1275,0.255,10000,0.001,0.00099,0.0,0.1,1.0,0.9,0.0,unit_total_var,,0.5,5000000,5000,50000,True,0.0001,,0.0,0.0,1.0,2000,train_pred_mse,45000,1.1990984353412475,1.2213812534261386,0.00013933137554595894,0.00764465211701082,1859.8247004798377,55.52304752905498,1.0,0.0,0.0,0,4500,500,0,295.56251382827764
ok,ptft,6,5000,0.255,1275,0.255,10000,0.001,0.00099,0.0,0.1,1.0,0.9,0.0,unit_total_var,,0.5,5000000,5000,50000,True,0.0001,,0.0,0.0,1.0,2000,train_pred_mse,50000,1.2112219790492051,1.2122632344238276,0.0001362531063632146,0.007133910843828036,1850.3989458858368,54.768121773558036,1.0,0.0,0.0,0,4500,500,0,343.5841946601868
ok,ptft,7,5000,0.255,1275,0.255,10000,0.001,0.00099,0.0,0.1,1.0,0.9,0.0,unit_total_var,,0.5,5000000,5000,50000,True,0.0001,,0.0,0.0,1.0,2000,train_pred_mse,50000,1.2216587666486147,1.2200063541169752,0.00012471687427160363,0.006388224884228029,1846.1022803409423,55.21597360915411,0.9998,0.0,0.0,0,4500,500,0,586.323983669281
ok,ptft,8,5000,0.255,1275,0.255,10000,0.001,0.00099,0.0,0.1,1.0,0.9,0.0,unit_total_var,,0.5,5000000,5000,50000,True,0.0001,,0.0,0.0,1.0,2000,train_pred_mse,50000,1.1547278320569498,1.1726422297697743,0.0001299810089457066,0.006985697642265341,1805.5097466166615,53.95929317599071,1.0,0.0,0.0,0,4500,500,0,533.2735395431519
ok,ptft,9,5000,0.255,1275,0.255,10000,0.001,0.00099,0.0,0.1,1.0,0.9,0.0,unit_total_var,,0.5,5000000,5000,50000,True,0.0001,,0.0,0.0,1.0,2000,train_pred_mse,50000,1.2391647539723059,1.2417318980848733,0.00013039101050214792,0.006791118280938972,1857.693011850957,55.92839265441517,0.9996,0.0,0.0,0,4500,500,0,558.7343866825104
ok,ptft,10,5000,0.30400000000000005,1520,0.304,10000,0.001,0.00099,0.0,0.1,1.0,0.9,0.0,unit_total_var,,0.5,5000000,5000,50000,True,0.0001,,0.0,0.0,1.0,2000,train_pred_mse,60000,1.1950870183279378,1.1867130928245035,0.00012977345174184428,0.006030121854598605,2083.262021631149,57.729211468061244,1.0,0.0,0.0,0,4500,500,0,620.340443611145
ok,ptft,11,5000,0.30400000000000005,1520,0.304,10000,0.001,0.00099,0.0,0.1,1.0,0.9,0.0,unit_total_var,,0.5,5000000,5000,50000,True,0.0001,,0.0,0.0,1.0,2000,train_pred_mse,65000,1.2110486978516708,1.1821756276715227,0.00010728193711628387,0.0051487824986328245,2033.240495810596,56.530895225134536,1.0,0.0,0.0,0,4500,500,0,605.8959467411041
ok,ptft,12,5000,0.30400000000000005,1520,0.304,10000,0.001,0.00099,0.0,0.1,1.0,0.9,0.0,unit_total_var,,0.5,5000000,5000,50000,True,0.0001,,0.0,0.0,1.0,2000,train_pred_mse,65000,1.1158314899411046,1.1094761110265892,0.00010934569548984625,0.005187467287140592,1975.447192315361,54.95213217881833,0.9998,0.0,0.0,0,4500,500,0,563.9734506607057
ok,ptft,13,5000,0.30400000000000005,1520,0.304,10000,0.001,0.00099,0.0,0.1,1.0,0.9,0.0,unit_total_var,,0.5,5000000,5000,50000,True,0.0001,,0.0,0.0,1.0,2000,train_pred_mse,60000,1.1492084411219456,1.1427740010308176,0.00013057647993639909,0.0065707920393014724,1970.9940582322367,54.663841709753186,0.9998,0.0,0.0,0,4500,500,0,647.0757546424867
ok,ptft,14,5000,0.30400000000000005,1520,0.304,10000,0.001,0.00099,0.0,0.1,1.0,0.9,0.0,unit_total_var,,0.5,5000000,5000,50000,True,0.0001,,0.0,0.0,1.0,2000,train_pred_mse,65000,1.1666764568716996,1.129267530208676,0.00010560291345230559,0.004870069890059739,1985.1254432842804,55.59791783992985,1.0,0.0,0.0,0,4500,500,0,1018.8153710365297
ok,ptft,15,5000,0.30400000000000005,1520,0.304,10000,0.001,0.00099,0.0,0.1,1.0,0.9,0.0,unit_total_var,,0.5,5000000,5000,50000,True,0.0001,,0.0,0.0,1.0,2000,train_pred_mse,65000,1.114460249828813,1.092549979888093,0.00011012354288804416,0.0054910005706979605,1991.6548929393668,54.80618712463457,1.0,0.0,0.0,0,4500,500,0,801.7386426925659
ok,ptft,16,5000,0.30400000000000005,1520,0.304,10000,0.001,0.00099,0.0,0.1,1.0,0.9,0.0,unit_total_var,,0.5,5000000,5000,50000,True,0.0001,,0.0,0.0,1.0,2000,train_pred_mse,65000,1.1067116633178298,1.1431554492531146,0.00010750225049876302,0.0052962966620407345,1961.127583438609,54.12461055079441,1.0,0.0,0.0,0,4500,500,0,850.9909934997559
ok,ptft,17,5000,0.30400000000000005,1520,0.304,10000,0.001,0.00099,0.0,0.1,1.0,0.9,0.0,unit_total_var,,0.5,5000000,5000,50000,True,0.0001,,0.0,0.0,1.0,2000,train_pred_mse,65000,1.110094538930391,1.1375035542207994,0.00010708905418729058,0.005184706365550768,1974.6335703651675,55.30424020656704,1.0,0.0,0.0,0,4500,500,0,467.81687450408936
ok,ptft,18,5000,0.30400000000000005,1520,0.304,10000,0.001,0.00099,0.0,0.1,1.0,0.9,0.0,unit_total_var,,0.5,5000000,5000,50000,True,0.0001,,0.0,0.0,1.0,2000,train_pred_mse,60000,1.1423045412079251,1.1443054138809443,0.0001274535945318666,0.00623540849938031,2006.943153176665,55.98191866996504,1.0,0.0,0.0,0,4500,500,0,902.8388504981996
ok,ptft,19,5000,0.30400000000000005,1520,0.304,10000,0.001,0.00099,0.0,0.1,1.0,0.9,0.0,unit_total_var,,0.5,5000000,5000,50000,True,0.0001,,0.0,0.0,1.0,2000,train_pred_mse,65000,1.1027293337294777,1.081326658990448,0.00010448925093843151,0.005305173647341494,1973.4856325504682,54.44938297508586,1.0,0.0,0.0,0,4500,500,0,511.5456321239472
ok,ptft,6,5000,0.30400000000000005,1520,0.304,10000,0.001,0.00099,0.0,0.1,1.0,0.9,0.0,unit_total_var,,0.5,5000000,5000,50000,True,0.0001,,0.0,0.0,1.0,2000,train_pred_mse,65000,1.070762642372475,1.0638074082728868,0.00011430407674641728,0.005838024249476715,1917.2670274799,52.649084432094185,0.9998,0.0,0.0,0,4500,500,0,533.087292432785
ok,ptft,7,5000,0.30400000000000005,1520,0.304,10000,0.001,0.00099,0.0,0.1,1.0,0.9,0.0,unit_total_var,,0.5,5000000,5000,50000,True,0.0001,,0.0,0.0,1.0,2000,train_pred_mse,65000,1.1722017697713396,1.1638086052981238,0.00010405486299192676,0.004813260396848103,2087.278310088945,57.69579236288086,1.0,0.0,0.0,0,4500,500,0,516.6133780479431
ok,ptft,8,5000,0.30400000000000005,1520,0.304,10000,0.001,0.00099,0.0,0.1,1.0,0.9,0.0,unit_total_var,,0.5,5000000,5000,50000,True,0.0001,,0.0,0.0,1.0,2000,train_pred_mse,65000,1.0790257376347003,1.0976963908136261,0.00011100711100543369,0.005595202512508829,1941.8458949524509,53.352778327831565,1.0,0.0,0.0,0,4500,500,0,815.3864889144897
ok,ptft,9,5000,0.30400000000000005,1520,0.304,10000,0.001,0.00099,0.0,0.1,1.0,0.9,0.0,unit_total_var,,0.5,5000000,5000,50000,True,0.0001,,0.0,0.0,1.0,2000,train_pred_mse,65000,1.1308916220184615,1.1413655759888497,0.00010746166240246824,0.005190228524855585,2063.531273722708,57.536747394933265,1.0,0.0,0.0,0,4500,500,0,906.9031314849854
ok,ptft,10,5000,0.35300000000000004,1765,0.353,10000,0.001,0.00099,0.0,0.1,1.0,0.9,0.0,unit_total_var,,0.5,5000000,5000,50000,True,0.0001,,0.0,0.0,1.0,2000,train_pred_mse,80000,0.9961377769031744,1.0332458533227082,0.00010793138266292784,0.005121635354266908,2191.2372316834258,55.94895000110607,1.0,0.0,0.0,0,4500,500,0,921.7566061019896
ok,ptft,11,5000,0.35300000000000004,1765,0.353,10000,0.001,0.00099,0.0,0.1,1.0,0.9,0.0,unit_total_var,,0.5,5000000,5000,50000,True,0.0001,,0.0,0.0,1.0,2000,train_pred_mse,85000,1.077035748848553,1.0525538104234369,9.504121724464536e-05,0.004440343372279133,2117.038392644101,55.4662787873221,1.0,0.0,0.0,0,4500,500,0,1108.2706234455106
ok,ptft,12,5000,0.35300000000000004,1765,0.353,10000,0.001,0.00099,0.0,0.1,1.0,0.9,0.0,unit_total_var,,0.5,5000000,5000,50000,True,0.0001,,0.0,0.0,1.0,2000,train_pred_mse,85000,1.0600468699852388,1.0419902680009914,9.679638041839965e-05,0.004287804552559573,2085.720706784292,54.87761855799435,1.0,0.0,0.0,0,4500,500,0,809.367240190506
ok,ptft,13,5000,0.35300000000000004,1765,0.353,10000,0.001,0.00099,0.0,0.1,1.0,0.9,0.0,unit_total_var,,0.5,5000000,5000,50000,True,0.0001,,0.0,0.0,1.0,2000,train_pred_mse,80000,1.0398392295519778,1.0464176235300102,0.000102146907014739,0.0046626579885077155,2168.995933243249,56.72246274152504,1.0,0.0,0.0,0,4500,500,0,1030.6512293815613
ok,ptft,14,5000,0.35300000000000004,1765,0.353,10000,0.001,0.00099,0.0,0.1,1.0,0.9,0.0,unit_total_var,,0.5,5000000,5000,50000,True,0.0001,,0.0,0.0,1.0,2000,train_pred_mse,85000,1.0438111046465277,1.0300740901383234,9.786835778395446e-05,0.00430533394122544,2165.7390957967827,56.59710271797854,1.0,0.0,0.0,0,4500,500,0,1077.8126101493838
ok,ptft,15,5000,0.35300000000000004,1765,0.353,10000,0.001,0.00099,0.0,0.1,1.0,0.9,0.0,unit_total_var,,0.5,5000000,5000,50000,True,0.0001,,0.0,0.0,1.0,2000,train_pred_mse,80000,1.0078500695496249,1.0125899879628844,0.00010081253101746956,0.004670591910897316,2126.778716275011,56.12261912010416,1.0,0.0,0.0,0,4500,500,0,681.0566084384917
ok,ptft,16,5000,0.35300000000000004,1765,0.353,10000,0.001,0.00099,0.0,0.1,1.0,0.9,0.0,unit_total_var,,0.5,5000000,5000,50000,True,0.0001,,0.0,0.0,1.0,2000,train_pred_mse,85000,1.0209359466383263,1.0276535006499978,0.00010023671528779378,0.004343872911712385,2112.904405167314,56.14732254140885,1.0,0.0,0.0,0,4500,500,0,1652.077430009842
ok,ptft,17,5000,0.35300000000000004,1765,0.353,10000,0.001,0.00099,0.0,0.1,1.0,0.9,0.0,unit_total_var,,0.5,5000000,5000,50000,True,0.0001,,0.0,0.0,1.0,2000,train_pred_mse,80000,0.9966975769429784,1.0282052964603041,0.00010573435992186773,0.004874547322959386,2136.8878736230013,55.06552024990003,1.0,0.0,0.0,0,4500,500,0,1197.9487838745115
ok,ptft,18,5000,0.35300000000000004,1765,0.353,10000,0.001,0.00099,0.0,0.1,1.0,0.9,0.0,unit_total_var,,0.5,5000000,5000,50000,True,0.0001,,0.0,0.0,1.0,2000,train_pred_mse,75000,1.0895937105468636,1.0655817479105658,0.00011138144575567068,0.005006788113519957,2205.1012170557246,57.427592639913826,1.0,0.0,0.0,0,4500,500,0,608.3940908908844
ok,ptft,19,5000,0.35300000000000004,1765,0.353,10000,0.001,0.00099,0.0,0.1,1.0,0.9,0.0,unit_total_var,,0.5,5000000,5000,50000,True,0.0001,,0.0,0.0,1.0,2000,train_pred_mse,85000,0.9782056170231214,0.9945019148456808,9.796739264996508e-05,0.004559181242912678,2076.977198812271,54.080112736825505,1.0,0.0,0.0,0,4500,500,0,772.869334936142
ok,ptft,6,5000,0.35300000000000004,1765,0.353,10000,0.001,0.00099,0.0,0.1,1.0,0.9,0.0,unit_total_var,,0.5,5000000,5000,50000,True,0.0001,,0.0,0.0,1.0,2000,train_pred_mse,80000,1.020476138696213,1.023180804658428,0.00010457228327833144,0.004777524822950414,2163.3140257502405,56.3214294016393,1.0,0.0,0.0,0,4500,500,0,707.9805150032042
ok,ptft,7,5000,0.35300000000000004,1765,0.353,10000,0.001,0.00099,0.0,0.1,1.0,0.9,0.0,unit_total_var,,0.5,5000000,5000,50000,True,0.0001,,0.0,0.0,1.0,2000,train_pred_mse,80000,1.0445010369893974,1.0332346007340625,0.00010407863880608068,0.004904043446898123,2139.9447223029133,56.135214984077635,1.0,0.0,0.0,0,4500,500,0,889.7901599407196
ok,ptft,8,5000,0.35300000000000004,1765,0.353,10000,0.001,0.00099,0.0,0.1,1.0,0.9,0.0,unit_total_var,,0.5,5000000,5000,50000,True,0.0001,,0.0,0.0,1.0,2000,train_pred_mse,85000,1.062073045653654,1.064768716686346,9.559621890243944e-05,0.004330905097418726,2103.012986272847,55.517933104611814,1.0,0.0,0.0,0,4500,500,0,1235.2193117141726
ok,ptft,9,5000,0.35300000000000004,1765,0.353,10000,0.001,0.00099,0.0,0.1,1.0,0.9,0.0,unit_total_var,,0.5,5000000,5000,50000,True,0.0001,,0.0,0.0,1.0,2000,train_pred_mse,85000,1.0360841242853889,1.0323454485768957,9.592426158007331e-05,0.004342666956915381,2121.128704960218,55.77686631608061,1.0,0.0,0.0,0,4500,500,0,1315.043257713318
ok,ptft,10,5000,0.402,2010,0.402,10000,0.001,0.00099,0.0,0.1,1.0,0.9,0.0,unit_total_var,,0.5,5000000,5000,50000,True,0.0001,,0.0,0.0,1.0,2000,train_pred_mse,105000,0.9957017889944058,0.9860308232239108,8.326776330255652e-05,0.0034985742337342303,2360.280061789072,58.817155056499516,1.0,0.0,0.0,0,4500,500,0,997.6468887329103
ok,ptft,11,5000,0.402,2010,0.402,10000,0.001,0.00099,0.0,0.1,1.0,0.9,0.0,unit_total_var,,0.5,5000000,5000,50000,True,0.0001,,0.0,0.0,1.0,2000,train_pred_mse,100000,1.0072669940997343,0.9883757876616452,0.00010011948176941566,0.004369060973328286,2343.211781168918,58.309253747372466,1.0,0.0,0.0,0,4500,500,0,1544.6414234638214
ok,ptft,12,5000,0.402,2010,0.402,10000,0.001,0.00099,0.0,0.1,1.0,0.9,0.0,unit_total_var,,0.5,5000000,5000,50000,True,0.0001,,0.0,0.0,1.0,2000,train_pred_mse,100000,0.9396193518131292,0.940464827377364,8.992791752229772e-05,0.0039939435610735815,2260.0560415113127,55.982948178278285,1.0,0.0,0.0,0,4500,500,0,1141.0710694789884
ok,ptft,13,5000,0.402,2010,0.402,10000,0.001,0.00099,0.0,0.1,1.0,0.9,0.0,unit_total_var,,0.5,5000000,5000,50000,True,0.0001,,0.0,0.0,1.0,2000,train_pred_mse,95000,0.9821487381618444,0.9659115819774994,9.779857078296096e-05,0.00426232760170338,2335.956936764175,57.768035195206615,1.0,0.0,0.0,0,4500,500,0,1057.7979826927183
ok,ptft,14,5000,0.402,2010,0.402,10000,0.001,0.00099,0.0,0.1,1.0,0.9,0.0,unit_total_var,,0.5,5000000,5000,50000,True,0.0001,,0.0,0.0,1.0,2000,train_pred_mse,100000,0.9547518604112679,0.9529918510692494,9.291800395784374e-05,0.004190257019448943,2255.970442255981,55.97629168113981,1.0,0.0,0.0,0,4500,500,0,1769.4028174877167
ok,ptft,15,5000,0.402,2010,0.402,10000,0.001,0.00099,0.0,0.1,1.0,0.9,0.0,unit_total_var,,0.5,5000000,5000,50000,True,0.0001,,0.0,0.0,1.0,2000,train_pred_mse,105000,0.9294371518565008,0.9294459078266704,8.676811029697984e-05,0.00395227510846013,2229.4625601323787,55.479102070934545,1.0,0.0,0.0,0,4500,500,0,964.4262154102324
ok,ptft,16,5000,0.402,2010,0.402,10000,0.001,0.00099,0.0,0.1,1.0,0.9,0.0,unit_total_var,,0.5,5000000,5000,50000,True,0.0001,,0.0,0.0,1.0,2000,train_pred_mse,100000,0.9118385535391345,0.9264606437128968,9.15354754024482e-05,0.004003990139995916,2297.168234664614,57.518701024260395,1.0,0.0,0.0,0,4500,500,0,1388.6994323730469
ok,ptft,17,5000,0.402,2010,0.402,10000,0.001,0.00099,0.0,0.1,1.0,0.9,0.0,unit_total_var,,0.5,5000000,5000,50000,True,0.0001,,0.0,0.0,1.0,2000,train_pred_mse,100000,0.9111508461404172,0.9283413091892532,9.047444411461954e-05,0.0039237461175858825,2303.275128959211,57.381108637166214,1.0,0.0,0.0,0,4500,500,0,1432.9048066139221
ok,ptft,18,5000,0.402,2010,0.402,10000,0.001,0.00099,0.0,0.1,1.0,0.9,0.0,unit_total_var,,0.5,5000000,5000,50000,True,0.0001,,0.0,0.0,1.0,2000,train_pred_mse,105000,0.9959094573621332,0.991581748870992,8.737252814691648e-05,0.0036234272124587657,2273.5723764607137,57.24179528494914,1.0,0.0,0.0,0,4500,500,0,2193.253231525421
ok,ptft,19,5000,0.402,2010,0.402,10000,0.001,0.00099,0.0,0.1,1.0,0.9,0.0,unit_total_var,,0.5,5000000,5000,50000,True,0.0001,,0.0,0.0,1.0,2000,train_pred_mse,100000,0.9616142233546032,0.9515308957971812,9.393987848690115e-05,0.004091825032107677,2303.2237583858373,57.15214381642024,1.0,0.0,0.0,0,4500,500,0,1190.7832446098328
ok,ptft,6,5000,0.402,2010,0.402,10000,0.001,0.00099,0.0,0.1,1.0,0.9,0.0,unit_total_var,,0.5,5000000,5000,50000,True,0.0001,,0.0,0.0,1.0,2000,train_pred_mse,105000,0.9064337132838932,0.9105378891018668,9.240791290919722e-05,0.004098365091766319,2221.33709699055,55.132657598101645,1.0,0.0,0.0,0,4500,500,0,1261.965381383896
ok,ptft,7,5000,0.402,2010,0.402,10000,0.001,0.00099,0.0,0.1,1.0,0.9,0.0,unit_total_var,,0.5,5000000,5000,50000,True,0.0001,,0.0,0.0,1.0,2000,train_pred_mse,105000,0.9469116533136844,0.9177482837831704,8.530580555419537e-05,0.0038136190853221923,2265.246167497929,55.446244127450655,1.0,0.0,0.0,0,4500,500,0,1311.954131603241
ok,ptft,8,5000,0.402,2010,0.402,10000,0.001,0.00099,0.0,0.1,1.0,0.9,0.0,unit_total_var,,0.5,5000000,5000,50000,True,0.0001,,0.0,0.0,1.0,2000,train_pred_mse,105000,0.9460745305251026,0.9491523834244822,8.732868206450175e-05,0.0038808149502784907,2240.073906343209,56.08748153742168,1.0,0.0,0.0,0,4500,500,0,1712.8543965816498
ok,ptft,9,5000,0.402,2010,0.402,10000,0.001,0.00099,0.0,0.1,1.0,0.9,0.0,unit_total_var,,0.5,5000000,5000,50000,True,0.0001,,0.0,0.0,1.0,2000,train_pred_mse,105000,0.9114155195179108,0.9237289192514504,9.205438020295546e-05,0.0041326801029387015,2257.2422100411513,55.53114596954232,1.0,0.0,0.0,0,4500,500,0,2017.3587296009064
ok,ptft,10,5000,0.451,2255,0.451,10000,0.001,0.00099,0.0,0.1,1.0,0.9,0.0,unit_total_var,,0.5,5000000,5000,50000,True,0.0001,,0.0,0.0,1.0,2000,train_pred_mse,120000,0.917422507122054,0.9063854104274044,8.510695487253606e-05,0.00359068711219845,2498.36271177082,59.247152872115954,1.0,0.0,0.0,0,4500,500,0,1731.960559129715
ok,ptft,11,5000,0.451,2255,0.451,10000,0.001,0.00099,0.0,0.1,1.0,0.9,0.0,unit_total_var,,0.5,5000000,5000,50000,True,0.0001,,0.0,0.0,1.0,2000,train_pred_mse,130000,0.913443867634702,0.8983403520475811,8.08603166215441e-05,0.0033556441835245684,2427.3339285294587,57.995572231618965,0.9998,0.0,0.0,0,4500,500,0,2230.559723854065
ok,ptft,12,5000,0.451,2255,0.451,10000,0.001,0.00099,0.0,0.1,1.0,0.9,0.0,unit_total_var,,0.5,5000000,5000,50000,True,0.0001,,0.0,0.0,1.0,2000,train_pred_mse,130000,0.8496511984179379,0.8612446602289685,7.657373194698367e-05,0.0031745464627886285,2362.6652310626,56.6856850158076,1.0,0.0,0.0,0,4500,500,0,2362.033309698105
ok,ptft,13,5000,0.451,2255,0.451,10000,0.001,0.00099,0.0,0.1,1.0,0.9,0.0,unit_total_var,,0.5,5000000,5000,50000,True,0.0001,,0.0,0.0,1.0,2000,train_pred_mse,125000,0.8562468178843494,0.8500523052827511,8.02702472197068e-05,0.003268961789953285,2440.085903629359,58.28119428591527,1.0,0.0,0.0,0,4500,500,0,1524.426813840866
ok,ptft,14,5000,0.451,2255,0.451,10000,0.001,0.00099,0.0,0.1,1.0,0.9,0.0,unit_total_var,,0.5,5000000,5000,50000,True,0.0001,,0.0,0.0,1.0,2000,train_pred_mse,120000,0.8591027472570606,0.8542601371642405,8.547915768115531e-05,0.003617798051370619,2396.030165052059,57.03307398391221,1.0,0.0,0.0,0,4500,500,0,2304.072088956833
ok,ptft,15,5000,0.451,2255,0.451,10000,0.001,0.00099,0.0,0.1,1.0,0.9,0.0,unit_total_var,,0.5,5000000,5000,50000,True,0.0001,,0.0,0.0,1.0,2000,train_pred_mse,130000,0.8818998508442805,0.8356066157421712,7.856840603063359e-05,0.003303867253999708,2385.0550858499537,56.653018000344865,1.0,0.0,0.0,0,4500,500,0,1415.5993168354034
ok,ptft,16,5000,0.451,2255,0.451,10000,0.001,0.00099,0.0,0.1,1.0,0.9,0.0,unit_total_var,,0.5,5000000,5000,50000,True,0.0001,,0.0,0.0,1.0,2000,train_pred_mse,125000,0.8614735892174409,0.8596742626825491,8.3708876612529e-05,0.0036301746255770866,2440.2166544477514,57.197179351219646,1.0,0.0,0.0,0,4500,500,0,1942.549256324768
ok,ptft,17,5000,0.451,2255,0.451,10000,0.001,0.00099,0.0,0.1,1.0,0.9,0.0,unit_total_var,,0.5,5000000,5000,50000,True,0.0001,,0.0,0.0,1.0,2000,train_pred_mse,125000,0.8639881636172569,0.8746664633161294,8.361326623979155e-05,0.0034712457450827073,2402.156635701257,57.79057638955453,1.0,0.0,0.0,0,4500,500,0,2186.716189622879
ok,ptft,18,5000,0.451,2255,0.451,10000,0.001,0.00099,0.0,0.1,1.0,0.9,0.0,unit_total_var,,0.5,5000000,5000,50000,True,0.0001,,0.0,0.0,1.0,2000,train_pred_mse,130000,0.8864252361073497,0.8860456990150398,7.766550929950929e-05,0.003174656558016036,2414.1303759327925,58.03851452902445,1.0,0.0,0.0,0,4500,500,0,3131.235281944275
ok,ptft,19,5000,0.451,2255,0.451,10000,0.001,0.00099,0.0,0.1,1.0,0.9,0.0,unit_total_var,,0.5,5000000,5000,50000,True,0.0001,,0.0,0.0,1.0,2000,train_pred_mse,125000,0.8174157667453774,0.8307881425821965,8.455072812042837e-05,0.0036018453525365765,2376.7591370120253,56.83809615231946,1.0,0.0,0.0,0,4500,500,0,1632.9982528686526
ok,ptft,6,5000,0.451,2255,0.451,10000,0.001,0.00099,0.0,0.1,1.0,0.9,0.0,unit_total_var,,0.5,5000000,5000,50000,True,0.0001,,0.0,0.0,1.0,2000,train_pred_mse,125000,0.8321032855171246,0.815881366712246,7.911528883801414e-05,0.0033366799963931064,2388.3959272166385,56.88075052833073,1.0,0.0,0.0,0,4500,500,0,1792.2459831237793
ok,ptft,7,5000,0.451,2255,0.451,10000,0.001,0.00099,0.0,0.1,1.0,0.9,0.0,unit_total_var,,0.5,5000000,5000,50000,True,0.0001,,0.0,0.0,1.0,2000,train_pred_mse,125000,0.8469516259899523,0.8578325151189733,8.081518471313516e-05,0.0033195141196005343,2400.5468858434133,57.294922285069035,1.0,0.0,0.0,0,4500,500,0,1667.395194530487
ok,ptft,8,5000,0.451,2255,0.451,10000,0.001,0.00099,0.0,0.1,1.0,0.9,0.0,unit_total_var,,0.5,5000000,5000,50000,True,0.0001,,0.0,0.0,1.0,2000,train_pred_mse,125000,0.8429661738609484,0.8626893390505522,7.834653805176941e-05,0.0032309222421074684,2401.6194175515852,57.38953137187873,1.0,0.0,0.0,0,4500,500,0,1951.160061597824
ok,ptft,9,5000,0.451,2255,0.451,10000,0.001,0.00099,0.0,0.1,1.0,0.9,0.0,unit_total_var,,0.5,5000000,5000,50000,True,0.0001,,0.0,0.0,1.0,2000,train_pred_mse,125000,0.8332763324419379,0.8383494965501074,8.087008380213616e-05,0.003397056924840422,2400.609207997197,57.00827981028823,1.0,0.0,0.0,0,4500,500,0,2472.023949623108
ok,ptft,10,5000,0.5,2500,0.5,10000,0.001,0.00099,0.0,0.1,1.0,0.9,0.0,unit_total_var,,0.5,5000000,5000,50000,True,0.0001,,0.0,0.0,1.0,2000,train_pred_mse,155000,0.8304687151387868,0.8200977226752227,7.297212277787804e-05,0.003000652583543728,2606.077552748516,59.449291821307725,1.0,0.0,0.0,0,4500,500,0,2118.882048606873
ok,ptft,11,5000,0.5,2500,0.5,10000,0.001,0.00099,0.0,0.1,1.0,0.9,0.0,unit_total_var,,0.5,5000000,5000,50000,True,0.0001,,0.0,0.0,1.0,2000,train_pred_mse,160000,0.8270007756806239,0.8127899191360777,7.098204994707384e-05,0.0027836558732456103,2533.060324835792,58.5329725689171,1.0,0.0,0.0,0,4500,500,0,2836.416991710663
ok,ptft,12,5000,0.5,2500,0.5,10000,0.001,0.00099,0.0,0.1,1.0,0.9,0.0,unit_total_var,,0.5,5000000,5000,50000,True,0.0001,,0.0,0.0,1.0,2000,train_pred_mse,150000,0.7797883818863701,0.7753093226509462,7.650802177972053e-05,0.003106583636174029,2509.645933876037,57.601849003237966,1.0,0.0,0.0,0,4500,500,0,1961.1190989017487
ok,ptft,13,5000,0.5,2500,0.5,10000,0.001,0.00099,0.0,0.1,1.0,0.9,0.0,unit_total_var,,0.5,5000000,5000,50000,True,0.0001,,0.0,0.0,1.0,2000,train_pred_mse,155000,0.8249603290465769,0.8178894202513703,7.094312910169433e-05,0.0027358627420289486,2563.169263041008,59.05448505615951,1.0,0.0,0.0,0,4500,500,0,2395.1818721294408
ok,ptft,14,5000,0.5,2500,0.5,10000,0.001,0.00099,0.0,0.1,1.0,0.9,0.0,unit_total_var,,0.5,5000000,5000,50000,True,0.0001,,0.0,0.0,1.0,2000,train_pred_mse,155000,0.7704887588292002,0.7787437853813389,7.172128704491579e-05,0.002845781228908204,2581.892334154357,59.07959451531168,0.9998,0.0,0.0,0,4500,500,0,2666.996685504913
ok,ptft,15,5000,0.5,2500,0.5,10000,0.001,0.00099,0.0,0.1,1.0,0.9,0.0,unit_total_var,,0.5,5000000,5000,50000,True,0.0001,,0.0,0.0,1.0,2000,train_pred_mse,165000,0.7924594280403364,0.7721575883527549,6.746843600641648e-05,0.002642454852936891,2509.151370925114,57.81038021201946,1.0,0.0,0.0,0,4500,500,0,2500.414166688919
ok,ptft,16,5000,0.5,2500,0.5,10000,0.001,0.00099,0.0,0.1,1.0,0.9,0.0,unit_total_var,,0.5,5000000,5000,50000,True,0.0001,,0.0,0.0,1.0,2000,train_pred_mse,155000,0.7585691747098253,0.7709062546088209,7.118129468997072e-05,0.0028536932541340892,2591.6477962913423,59.168512961715905,1.0,0.0,0.0,0,4500,500,0,2651.5814836025243
ok,ptft,17,5000,0.5,2500,0.5,10000,0.001,0.00099,0.0,0.1,1.0,0.9,0.0,unit_total_var,,0.5,5000000,5000,50000,True,0.0001,,0.0,0.0,1.0,2000,train_pred_mse,155000,0.8089798655772554,0.8119758670397723,7.730122936035782e-05,0.003111144262285761,2533.6894031056618,58.38491782373832,1.0,0.0,0.0,0,4500,500,0,2314.249746799469
ok,ptft,18,5000,0.5,2500,0.5,10000,0.001,0.00099,0.0,0.1,1.0,0.9,0.0,unit_total_var,,0.5,5000000,5000,50000,True,0.0001,,0.0,0.0,1.0,2000,train_pred_mse,155000,0.8360561290279389,0.8210646887783456,7.218590181128392e-05,0.002835900848531927,2580.205189327303,59.33885255152322,0.9998,0.0,0.0,0,4500,500,0,4019.777163028717
ok,ptft,19,5000,0.5,2500,0.5,10000,0.001,0.00099,0.0,0.1,1.0,0.9,0.0,unit_total_var,,0.5,5000000,5000,50000,True,0.0001,,0.0,0.0,1.0,2000,train_pred_mse,145000,0.7662801368163085,0.7927633279388069,7.072325725114856e-05,0.0028924785263381037,2571.634122390029,58.952602821669636,1.0,0.0,0.0,0,4500,500,0,2156.388614177704
ok,ptft,6,5000,0.5,2500,0.5,10000,0.001,0.00099,0.0,0.1,1.0,0.9,0.0,unit_total_var,,0.5,5000000,5000,50000,True,0.0001,,0.0,0.0,1.0,2000,train_pred_mse,155000,0.7851590733059239,0.789216029893841,7.469255303532646e-05,0.0029823342681370873,2457.795377013024,56.82014017153799,0.9998,0.0,0.0,0,4500,500,0,2587.537154912949
ok,ptft,7,5000,0.5,2500,0.5,10000,0.001,0.00099,0.0,0.1,1.0,0.9,0.0,unit_total_var,,0.5,5000000,5000,50000,True,0.0001,,0.0,0.0,1.0,2000,train_pred_mse,150000,0.7735963543586515,0.7772169841011815,7.524743521000488e-05,0.0031210510564655797,2499.162963180902,57.44126171230974,1.0,0.0,0.0,0,4500,500,0,2154.8365077972408
ok,ptft,8,5000,0.5,2500,0.5,10000,0.001,0.00099,0.0,0.1,1.0,0.9,0.0,unit_total_var,,0.5,5000000,5000,50000,True,0.0001,,0.0,0.0,1.0,2000,train_pred_mse,160000,0.7756272057044112,0.7803281083823583,6.965345500857303e-05,0.00284782938539898,2546.2714297725274,57.85353598976975,1.0,0.0,0.0,0,4500,500,0,3068.241709947586
ok,ptft,9,5000,0.5,2500,0.5,10000,0.001,0.00099,0.0,0.1,1.0,0.9,0.0,unit_total_var,,0.5,5000000,5000,50000,True,0.0001,,0.0,0.0,1.0,2000,train_pred_mse,165000,0.7346233354395095,0.7312443525213667,6.986599182476823e-05,0.002778958507307809,2569.8112602318547,58.661363200185505,1.0,0.0,0.0,0,4500,500,0,2283.82155752182
