rho_pt,rho_ft,omega,c_pt,lambda_pt,gamma_reinit,seed,ft_teacher_norm,alpha,mse_best,active_best,mse_fwd,mse_bwd,diff_db,fp_residual,mse_se,mse_rel_se,mse_se_db,reliability_score_db,rho_pt_emp,rho_ft_emp
0.1,0.01,0.0,0.001,0.0,0.0,0,unit_total_var,0.01,1.0733471551854117,0.9995375,1.0733471551854117,1.0733471553812122,7.922420497408211e-10,8.59514869944178e-07,0.06628414801215532,0.0617546221573628,0.2681969163496295,0.7662082422721804,0.1018875,0.009675
0.1,0.01,0.0,0.001,0.0,0.0,0,unit_total_var,0.016202531645569618,1.1484588022261546,0.9995875,1.1484588132962872,1.1484588022261546,4.186216751023153e-08,8.429674664967024e-07,0.06641154487803147,0.05782666713799432,0.25113802444887035,0.7662082422721804,0.1018875,0.009675
0.1,0.01,0.0,0.001,0.0,0.0,0,unit_total_var,0.02240506329113924,1.2269469479732875,0.9996375,1.2269469564218052,1.2269469479732875,2.9904671072777944e-08,9.361870496604752e-07,0.06587984237103503,0.053694124656210734,0.23319062048817654,0.7662082422721804,0.1018875,0.009675
0.1,0.01,0.0,0.001,0.0,0.0,0,unit_total_var,0.028607594936708863,1.2979897957974005,0.9996625,1.2979898012326272,1.2979897957974005,1.818572803458096e-08,9.257914612703644e-07,0.06370841189655052,0.04908236729042405,0.21316201272979826,0.7662082422721804,0.1018875,0.009675
0.1,0.01,0.0,0.001,0.0,0.0,0,unit_total_var,0.03481012658227848,1.3473242932985934,0.9997,1.3473244092680177,1.3473242932985934,3.7381407791414745e-07,8.519945113860672e-07,0.06013755102516606,0.04463480048885187,0.19384647553160933,0.7662082422721804,0.1018875,0.009675
0.1,0.01,0.0,0.001,0.0,0.0,0,unit_total_var,0.0410126582278481,1.3618149487299127,0.9997375,1.3618149524072656,1.3618149487299127,1.1727394166882732e-08,9.626351911151687e-07,0.05592024102734867,0.04106302481075148,0.17833445085565688,0.7662082422721804,0.1018875,0.009675
0.1,0.01,0.0,0.001,0.0,0.0,0,unit_total_var,0.047215189873417725,1.3362861847361125,0.9997625,1.336286216741802,1.3362861847361125,1.0401884242838833e-07,8.436677525480719e-07,0.05122948551473055,0.038337211070431934,0.16649639219448845,0.7662082422721804,0.1018875,0.009675
0.1,0.01,0.0,0.001,0.0,0.0,0,unit_total_var,0.05341772151898734,1.2765148406769191,0.9997875,1.2765149069421895,1.2765148406769191,2.2544697086956944e-07,9.949789969709857e-07,0.04623762777961051,0.03622177064160985,0.15730915114416366,0.7662082422721804,0.1018875,0.009675
0.1,0.01,0.0,0.001,0.0,0.0,0,unit_total_var,0.05962025316455696,1.1935539032366151,0.9997875,1.1935539969215962,1.1935539032366151,3.408884067246376e-07,9.156376208352414e-07,0.04125415249920987,0.03456413018912601,0.15011011012923026,0.7662082422721804,0.1018875,0.009675
0.1,0.01,0.0,0.001,0.0,0.0,0,unit_total_var,0.06582278481012659,1.0977672488274606,0.9998,1.0977673707358218,1.0977672488274606,4.8228917082227e-07,9.303947621219776e-07,0.03648988138005554,0.033240089298556555,0.14435987360334446,0.7662082422721804,0.1018875,0.009675
0.1,0.01,0.0,0.001,0.0,0.0,0,unit_total_var,0.0720253164556962,0.9967371012205192,0.9998125,0.9967372659343804,0.9967371012205192,7.176848847070122e-07,9.675870558112363e-07,0.032029059592115404,0.032133909285503026,0.13955579484673625,0.7662082422721804,0.1018875,0.009675
0.1,0.01,0.0,0.001,0.0,0.0,0,unit_total_var,0.07822784810126583,0.8955230360803662,0.9998375,0.8955232428125921,0.8955230360803662,1.002572250552447e-06,9.695340548177e-07,0.02792543948059477,0.031183384854980636,0.13542771969583522,0.7662082422721804,0.1018875,0.009675
0.1,0.01,0.0,0.001,0.0,0.0,0,unit_total_var,0.08443037974683544,0.7969996415824546,0.9998375,0.7969999010733958,0.7969996415824546,1.4139964390480488e-06,9.919255301582552e-07,0.024201343483496868,0.03036556382314645,0.1318759680827351,0.7662082422721804,0.1018875,0.009675
0.1,0.01,0.0,0.001,0.0,0.0,0,unit_total_var,0.09063291139240506,0.7027823074980573,0.99985,0.7027826120899481,0.7027823074980573,1.8822691931763562e-06,9.613096558780398e-07,0.02085349719487209,0.02967276918098815,0.12886719918092024,0.7662082422721804,0.1018875,0.009675
0.1,0.01,0.0,0.001,0.0,0.0,0,unit_total_var,0.09683544303797467,0.6138524056321315,0.99985,0.6138527808151047,0.6138524056321315,2.6543814719559573e-06,9.858942258134107e-07,0.01785798217850483,0.029091654630098062,0.1263434507528677,0.7662082422721804,0.1018875,0.009675
0.1,0.01,0.0,0.001,0.0,0.0,0,unit_total_var,0.1030379746835443,0.5309006637276666,0.99985,0.5309011020511056,0.5309006637276666,3.5856307079029648e-06,9.605903050768916e-07,0.015177761606109366,0.028588703392345018,0.12415916128064215,0.7662082422721804,0.1018875,0.009675
0.1,0.01,0.0,0.001,0.0,0.0,0,unit_total_var,0.10924050632911393,0.4544863807196299,0.99985,0.4544863947046676,0.4544863807196299,1.3363710937852602e-07,9.822951660964918e-07,0.012776622120370751,0.028112222197154414,0.12208982974262272,0.36135252200270696,0.1018875,0.009675
0.1,0.01,0.0,0.001,0.0,0.0,0,unit_total_var,0.11544303797468355,0.3851128430791663,0.99985,0.3851134648033791,0.3851128430791663,7.01122234136875e-06,9.829150511286855e-07,0.010632593561303132,0.02760903395558124,0.1199045109758844,0.36135252200270696,0.1018875,0.009675
0.1,0.01,0.0,0.001,0.0,0.0,0,unit_total_var,0.12164556962025315,0.3232177241043181,0.99985,0.3232184589604415,0.3232177241043181,9.873950985728186e-06,9.986645759241242e-07,0.008744399424942425,0.027054207652672475,0.11749493095820382,0.36135252200270696,0.1018875,0.009675
0.1,0.01,0.0,0.001,0.0,0.0,0,unit_total_var,0.12784810126582274,0.2690144184616835,0.99985,0.2690152474785399,0.2690144184616835,1.3383553692847274e-05,9.533692457708298e-07,0.0071194829883961235,0.02646506097742925,0.11493629945730602,0.36135252200270696,0.1018875,0.009675
0.1,0.01,0.0,0.001,0.0,0.0,0,unit_total_var,0.1340506329113924,0.2222744195716572,0.99985,0.22227536353763308,0.2222744195716572,1.844379324911216e-05,9.862095429191695e-07,0.005754628915756142,0.025889748927680614,0.1124377509715232,0.36135252200270696,0.1018875,0.009675
0.1,0.01,0.0,0.001,0.0,0.0,0,unit_total_var,0.14025316455696205,0.18239726575921386,0.9998375,0.18239834258827176,0.18239726575921386,2.563961336754517e-05,9.989116593889236e-07,0.004627753072616787,0.025371833581792683,0.11018847320340178,0.36135252200270696,0.1018875,0.009675
0.1,0.01,0.0,0.001,0.0,0.0,0,unit_total_var,0.14645569620253165,0.1486711462322742,0.99985,0.14867233961197288,0.1486711462322742,3.486057321921976e-05,9.87259167084531e-07,0.0037054863465219353,0.02492404505130217,0.10824375232488584,0.36135252200270696,0.1018875,0.009675
0.1,0.01,0.0,0.001,0.0,0.0,0,unit_total_var,0.15265822784810126,0.12041974371791528,0.99985,0.12042106971958393,0.12041974371791528,4.782206134379408e-05,9.84111688584477e-07,0.0029550103405277307,0.02453925119995172,0.1065726138617678,0.36135252200270696,0.1018875,0.009675
0.1,0.01,0.0,0.001,0.0,0.0,0,unit_total_var,0.1588607594936709,0.0969899266321736,0.99985,0.09699139615869204,0.0969899266321736,6.580089761243357e-05,9.855362618216292e-07,0.0023474913314582607,0.0242034550697304,0.10511426979777194,0.36135252200270696,0.1018875,0.009675
0.1,0.01,0.0,0.001,0.0,0.0,0,unit_total_var,0.1650632911392405,0.07772331062999684,0.99985,0.07772493987680935,0.07772331062999684,9.103645722063902e-05,9.92395960297543e-07,0.0018567636774625199,0.02388940541019509,0.10375036945597416,0.36135252200270696,0.1018875,0.009675
0.1,0.01,0.0,0.001,0.0,0.0,0,unit_total_var,0.17126582278481015,0.06201113180534833,0.99985,0.06201290704955671,0.06201113180534833,0.00012432731120348706,9.880779113236038e-07,0.0014618040476578528,0.02357325217424552,0.1023773333978866,0.36135252200270696,0.1018875,0.009675
0.1,0.01,0.0,0.001,0.0,0.0,0,unit_total_var,0.17746835443037975,0.04930430715336498,0.99985,0.04930622291171148,0.04930430715336498,0.00016874532123622998,9.821688870537135e-07,0.0011466366193232072,0.02325631746038946,0.10100090342437393,0.36135252200270696,0.1018875,0.009675
0.1,0.01,0.0,0.001,0.0,0.0,0,unit_total_var,0.18367088607594936,0.03908225929920395,0.99985,0.03908434010910674,0.03908225929920395,0.00023122005197251383,9.86413552589438e-07,0.0008969775409615815,0.022951015551443604,0.09967499408067672,0.36135252200270696,0.1018875,0.009675
0.1,0.01,0.0,0.001,0.0,0.0,0,unit_total_var,0.18987341772151897,0.030896459460827145,0.99985,0.030898712277246738,0.030896459460827145,0.0003166544287172002,9.91366758212875e-07,0.0007004224610148184,0.022669991100529387,0.09845452039755738,0.36135252200270696,0.1018875,0.009675
0.1,0.01,0.0,0.001,0.0,0.0,0,unit_total_var,0.1960759493670886,0.02437327265837311,0.9998375,0.024375650730282618,0.02437327265837311,0.00042371541232100185,9.930724765710994e-07,0.0005465329187239466,0.02242345237688844,0.09738381632503004,0.36135252200270696,0.1018875,0.009675
0.1,0.01,0.0,0.001,0.0,0.0,0,unit_total_var,0.20227848101265825,0.01920057387164949,0.9998375,0.019203088052306687,0.01920057387164949,0.0005686409747305278,9.815663215007042e-07,0.0004265430680034683,0.02221512080080472,0.09647904378603638,0.36135252200270696,0.1018875,0.009675
0.1,0.01,0.0,0.001,0.0,0.0,0,unit_total_var,0.20848101265822785,0.015119606997749788,0.9998375,0.0151196222788851,0.015119606997749788,4.389339878230203e-06,9.926130911941387e-07,0.0003332992998669864,0.022044177465498308,0.09573664631361924,0.3005700947919745,0.1018875,0.009675
0.1,0.01,0.0,0.001,0.0,0.0,0,unit_total_var,0.21468354430379746,0.011914515616649529,0.9998375,0.01191663381822458,0.011914515616649529,0.0007720343162986866,9.699373782756648e-07,0.00026102392084071085,0.021908059818726656,0.09514549488479343,0.3005700947919745,0.1018875,0.009675
0.1,0.01,0.0,0.001,0.0,0.0,0,unit_total_var,0.2208860759493671,0.009406341239246723,0.9998375,0.009408279589205686,0.009406341239246723,0.0008948516176090492,9.742261413425712e-07,0.00020507634666404868,0.02180192504694541,0.09468455742756683,0.3005700947919745,0.1018875,0.009675
0.1,0.01,0.0,0.001,0.0,0.0,0,unit_total_var,0.2270886075949367,0.007447627159886855,0.9998125,0.007449392375080306,0.007447627159886855,0.001029230336548892,9.787695909868608e-07,0.00016175121574214896,0.02171848996595129,0.09432220347483787,0.3005700947919745,0.1018875,0.009675
0.1,0.01,0.0,0.001,0.0,0.0,0,unit_total_var,0.23329113924050635,0.005918787743288381,0.9998125,0.005920370170542773,0.005918787743288381,0.0011609599832844708,9.871950877593516e-07,0.0001281408047499441,0.021649839512364603,0.09402405834310933,0.3005700947919745,0.1018875,0.009675
0.1,0.01,0.0,0.001,0.0,0.0,0,unit_total_var,0.23949367088607595,0.004725057448313125,0.9998,0.004726480379260567,0.004725057448313125,0.0013076624662495815,9.695811707816082e-07,0.0001020161571372288,0.021590458582392308,0.09376617024093682,0.3005700947919745,0.1018875,0.009675
0.1,0.01,0.0,0.001,0.0,0.0,0,unit_total_var,0.2456962025316456,0.003791831999365137,0.9997875,0.003793121325462718,0.003791831999365137,0.0014764684526511473,9.939583224816142e-07,8.166741535756226e-05,0.021537719859750056,0.09353712887867527,0.3005700947919745,0.1018875,0.009675
0.1,0.01,0.0,0.001,0.0,0.0,0,unit_total_var,0.2518987341772152,0.0030606496704425226,0.9997875,0.0030617783239998628,0.0030606496704425226,0.0016012210120948114,9.700104233456577e-07,6.577415903288584e-05,0.02149026060319276,0.09333101594629463,0.3005700947919745,0.1018875,0.009675
0.1,0.01,0.0,0.001,0.0,0.0,0,unit_total_var,0.2581012658227848,0.002485830841176476,0.9997875,0.002486856017133757,0.002485830841176476,0.0017906949712340745,9.993624017629044e-07,5.331339170073756e-05,0.021446910553055084,0.0931427490706444,0.3005700947919745,0.1018875,0.009675
0.1,0.01,0.0,0.001,0.0,0.0,0,unit_total_var,0.2643037974683544,0.0020321180381826123,0.9997875,0.0020330273190023763,0.0020321180381826123,0.001942836550295368,9.890533486239805e-07,4.3500257052119757e-05,0.021406363328689025,0.09296665471265768,0.3005700947919745,0.1018875,0.009675
0.1,0.01,0.0,0.001,0.0,0.0,0,unit_total_var,0.2705063291139241,0.0016722655217371702,0.9997875,0.001673083682014115,0.0016722655217371702,0.002124277491123649,9.755972526642731e-07,3.573188727231906e-05,0.02136735273666369,0.09279723386413384,0.3005700947919745,0.1018875,0.009675
0.1,0.01,0.0,0.001,0.0,0.0,0,unit_total_var,0.2767088607594937,0.0013853150385310467,0.9997875,0.0013860526762849055,0.0013853150385310467,0.0023118694209856017,9.963606733068284e-07,2.9547023771271833e-05,0.02132873963643877,0.09262953930056524,0.3005700947919745,0.1018875,0.009675
0.1,0.01,0.0,0.001,0.0,0.0,0,unit_total_var,0.2829113924050633,0.001155198642208711,0.9997875,0.0011558672527926274,0.001155198642208711,0.002512900180526856,9.86432195287934e-07,2.459359531415578e-05,0.02128949465100949,0.09245910049442216,0.3005700947919745,0.1018875,0.009675
0.1,0.01,0.0,0.001,0.0,0.0,0,unit_total_var,0.2891139240506329,0.000969535360012804,0.999775,0.0009701355852072916,0.000969535360012804,0.002687821857907835,9.819176032890842e-07,2.0601404342253132e-05,0.021248739542600138,0.09228210330750664,0.3005700947919745,0.1018875,0.009675
0.1,0.01,0.0,0.001,0.0,0.0,0,unit_total_var,0.2953164556962025,0.0008188118295643007,0.9997625,0.0008193559240547608,0.0008188118295643007,0.002884896775775303,9.845114923787146e-07,1.7363486985147692e-05,0.02120571095606545,0.09209523253054556,0.3005700947919745,0.1018875,0.009675
0.1,0.01,0.0,0.001,0.0,0.0,0,unit_total_var,0.3015189873417722,0.0006956932124156317,0.9997625,0.0006961833063820972,0.0006956932124156317,0.00305839075768688,9.973903749363466e-07,1.4720727806976959e-05,0.021159797945796657,0.09189583486047252,0.3005700947919745,0.1018875,0.009675
0.1,0.01,0.0,0.001,0.0,0.0,0,unit_total_var,0.3077215189873418,0.0005945118254643696,0.99975,0.0005945118254643696,0.0005945164458508777,3.375207155187354e-05,9.987048156662182e-07,1.2550471383994992e-05,0.021110549607977758,0.09168195204689596,0.30029067621820904,0.1018875,0.009675
0.1,0.01,0.0,0.001,0.0,0.0,0,unit_total_var,0.3139240506329114,0.0005108635683167205,0.9997375,0.0005112655163202503,0.0005108635683167205,0.0034156900839121818,9.700108487206704e-07,1.0757595989328997e-05,0.021057669124410143,0.09145229502475803,0.30029067621820904,0.1018875,0.009675
0.1,0.01,0.0,0.001,0.0,0.0,0,unit_total_var,0.320126582278481,0.0004412949131857522,0.9997375,0.00044166349830996574,0.0004412949131857522,0.0036258671477966686,9.70730584332058e-07,9.267640427243415e-06,0.02100101349535029,0.09120624275406353,0.30029067621820904,0.1018875,0.009675
0.1,0.01,0.0,0.001,0.0,0.0,0,unit_total_var,0.3263291139240506,0.00038311046021292,0.9997375,0.0003834519664082486,0.00038311046021292,0.003869593938560456,9.808265993907495e-07,8.022510651920596e-06,0.020940463613188614,0.09094327795703644,0.30029067621820904,0.1018875,0.009675
0.1,0.01,0.0,0.001,0.0,0.0,0,unit_total_var,0.3325316455696203,0.00033418594500918253,0.9997375,0.00033450008653145464,0.00033418594500918253,0.004080538048079063,9.613236118845294e-07,6.976434760373468e-06,0.020875907154568617,0.09066291281953766,0.30029067621820904,0.1018875,0.009675
0.1,0.01,0.0,0.001,0.0,0.0,0,unit_total_var,0.3387341772151899,0.0002928181047741888,0.9997375,0.0002931105546722667,0.0002928181047741888,0.004335319171289598,9.904887488150491e-07,6.092755669735564e-06,0.020807305185019505,0.0903649782513089,0.30029067621820904,0.1018875,0.009675
0.1,0.01,0.0,0.001,0.0,0.0,0,unit_total_var,0.3449367088607595,0.00025767125987786517,0.999725,0.0002579412267810497,0.00025767125987786517,0.004547800920157386,9.888165860214015e-07,5.342683749351796e-06,0.02073449616338353,0.09004877268801613,0.30029067621820904,0.1018875,0.009675
0.1,0.01,0.0,0.001,0.0,0.0,0,unit_total_var,0.3511392405063291,0.00022765850151289336,0.9997,0.00022791062178674585,0.00022765850151289336,0.0048069304651434655,9.95896494260934e-07,4.702831407257296e-06,0.020657394193517312,0.08971392308744842,0.30029067621820904,0.1018875,0.009675
0.1,0.01,0.0,0.001,0.0,0.0,0,unit_total_var,0.3573417721518987,0.0002019142559268216,0.9997,0.00020214738589642903,0.0002019142559268216,0.005011466574487145,9.694181906348689e-07,4.1545609824744716e-06,0.02057586753052335,0.08935985728878579,0.30029067621820904,0.1018875,0.009675
0.1,0.01,0.0,0.001,0.0,0.0,0,unit_total_var,0.3635443037974684,0.00017972331972819426,0.9997,0.00017994115404316131,0.00017972331972819426,0.005260694865697246,9.930905877988951e-07,3.682519868281633e-06,0.020489939056606097,0.08898667466817949,0.30029067621820904,0.1018875,0.009675
0.1,0.01,0.0,0.001,0.0,0.0,0,unit_total_var,0.369746835443038,0.00016052183026097318,0.9997,0.0001607229749411353,0.00016052183026097318,0.005438596027701692,9.815445952861268e-07,3.2745717051764998e-06,0.0203995412951171,0.08859408217826871,0.30029067621820904,0.1018875,0.009675
0.1,0.01,0.0,0.001,0.0,0.0,0,unit_total_var,0.3759493670886076,0.00014383551754845676,0.9997,0.00014402727679696861,0.00014383551754845676,0.0057860895841486135,9.770994610427963e-07,2.9205479783608856e-06,0.020304776095215717,0.0881825221443324,0.30029067621820904,0.1018875,0.009675
0.1,0.01,0.0,0.001,0.0,0.0,0,unit_total_var,0.3821518987341772,0.0001292785612682612,0.9997,0.0001294590417736268,0.0001292785612682612,0.006058779192699149,9.794985904518214e-07,2.6121698882020286e-06,0.020205746897055968,0.08775244380125159,0.30029067621820904,0.1018875,0.009675
0.1,0.01,0.0,0.001,0.0,0.0,0,unit_total_var,0.3883544303797468,0.00011653214408253811,0.9997,0.00011669961338567246,0.00011653214408253811,0.00623680132829918,9.8836248560788e-07,2.342596744680534e-06,0.02010257996301265,0.0873043954995527,0.30029067621820904,0.1018875,0.009675
0.1,0.01,0.0,0.001,0.0,0.0,0,unit_total_var,0.3945569620253165,0.00010533519348124843,0.9997,0.00010549183773107704,0.00010533519348124843,0.0064536075331318435,9.584661752118362e-07,2.106214786085025e-06,0.019995356883831705,0.08683873158334307,0.30029067621820904,0.1018875,0.009675
0.1,0.01,0.0,0.001,0.0,0.0,0,unit_total_var,0.4007594936708861,9.546020545936832e-05,0.9996875,9.561065543715926e-05,9.546020545936832e-05,0.0068393064598240025,9.692898272836705e-07,1.898160556226297e-06,0.019884312495369923,0.08635647193179036,0.30029067621820904,0.1018875,0.009675
0.1,0.01,0.0,0.001,0.0,0.0,0,unit_total_var,0.4069620253164557,8.672706843325209e-05,0.9996875,8.672744782020491e-05,8.672706843325209e-05,1.899814010641876e-05,9.60659292326832e-07,1.7145517069158512e-06,0.01976951069475414,0.08585789404659043,0.3006227401684298,0.1018875,0.009675
0.1,0.01,0.0,0.001,0.0,0.0,0,unit_total_var,0.4131645569620253,7.897574622957993e-05,0.999675,7.911243731464036e-05,7.897574622957993e-05,0.0075102638831339155,9.93397825735376e-07,1.5519658227515628e-06,0.01965117009771644,0.08534394736380434,0.3006227401684298,0.1018875,0.009675
0.1,0.01,0.0,0.001,0.0,0.0,0,unit_total_var,0.4193670886075949,7.208072107717945e-05,0.999675,7.221032725236209e-05,7.208072107717945e-05,0.007801906284804261,9.844254957227377e-07,1.40768644526723e-06,0.01952930581479573,0.08481469750766872,0.3006227401684298,0.1018875,0.009675
0.1,0.01,0.0,0.001,0.0,0.0,0,unit_total_var,0.4255696202531646,6.592728970447487e-05,0.999675,6.605011268626732e-05,6.592728970447487e-05,0.008083407867786718,9.802784939824673e-07,1.2792604313859888e-06,0.01940411075778166,0.084270982283441,0.3006227401684298,0.1018875,0.009675
0.1,0.01,0.0,0.001,0.0,0.0,0,unit_total_var,0.4317721518987342,6.042075973343976e-05,0.999675,6.053789417536674e-05,6.042075973343976e-05,0.008411280388372688,9.807551769810965e-07,1.1646530936770589e-06,0.019275710845331917,0.08371334854890318,0.3006227401684298,0.1018875,0.009675
0.1,0.01,0.0,0.001,0.0,0.0,0,unit_total_var,0.4379746835443038,5.548028250041027e-05,0.9996625,5.559268487415454e-05,5.548028250041027e-05,0.008789852020264277,9.8571383398173e-07,1.062127255764563e-06,0.01914422940720802,0.08314233191840402,0.3006227401684298,0.1018875,0.009675
0.1,0.01,0.0,0.001,0.0,0.0,0,unit_total_var,0.4441772151898734,5.103661997533423e-05,0.9996625,5.114510131644203e-05,5.103661997533423e-05,0.009221388118604068,9.94571766110841e-07,9.70195252495194e-07,0.019009786560396924,0.0825584540533898,0.3006227401684298,0.1018875,0.009675
0.1,0.01,0.0,0.001,0.0,0.0,0,unit_total_var,0.450379746835443,4.703277542349188e-05,0.9996625,4.7132921352655264e-05,4.703277542349188e-05,0.00923751266273598,9.586564718496587e-07,8.876216930695776e-07,0.0188724072750814,0.08196182339798634,0.3006227401684298,0.1018875,0.009675
0.1,0.01,0.0,0.001,0.0,0.0,0,unit_total_var,0.4565822784810127,4.341220431360451e-05,0.99965,4.350992664047612e-05,4.341220431360451e-05,0.009765127645614768,9.755461140292798e-07,8.132144009410748e-07,0.01873239135858001,0.08135374199883455,0.3006227401684298,0.1018875,0.009675
0.1,0.01,0.0,0.001,0.0,0.0,0,unit_total_var,0.4627848101265823,4.013318315335097e-05,0.99965,4.022905165848065e-05,4.013318315335097e-05,0.01036187771894248,9.960792966522136e-07,7.46066318367773e-07,0.018589761881508748,0.0807343100503466,0.3006227401684298,0.1018875,0.009675
0.1,0.01,0.0,0.001,0.0,0.0,0,unit_total_var,0.4689873417721519,3.7159511099247554e-05,0.99965,3.724934232524974e-05,3.7159511099247554e-05,0.0104861781666159,9.70356423761476e-07,6.853892743618548e-07,0.01844451808128696,0.0801035242406768,0.3006227401684298,0.1018875,0.009675
0.1,0.01,0.0,0.001,0.0,0.0,0,unit_total_var,0.4751898734177215,3.445297460852824e-05,0.9996375,3.454194922690753e-05,3.445297460852824e-05,0.011201173960024846,9.97844010967863e-07,6.303854321293282e-07,0.018296981299643345,0.07946278013922092,0.3006227401684298,0.1018875,0.009675
0.1,0.01,0.0,0.001,0.0,0.0,0,unit_total_var,0.4813924050632911,3.1988957318502776e-05,0.9996375,3.207305385191889e-05,3.1988957318502776e-05,0.011402289975634972,9.775944503197934e-07,5.805043361422086e-07,0.01814702274795428,0.0788115184240933,0.3006227401684298,0.1018875,0.009675
0.1,0.01,0.0,0.001,0.0,0.0,0,unit_total_var,0.4875949367088608,2.973951450140848e-05,0.9996125,2.9821455764172484e-05,2.973951450140848e-05,0.01194965782173085,9.612232330213214e-07,5.35158181475852e-07,0.01799485265472328,0.07815065210608403,0.3006227401684298,0.1018875,0.009675
0.1,0.01,0.0,0.001,0.0,0.0,0,unit_total_var,0.4937974683544304,2.7680249908719054e-05,0.9996125,2.7760404546607038e-05,2.7680249908719054e-05,0.01255783919948783,9.981030220096443e-07,4.938348509376505e-07,0.017840693366792778,0.0774811468252605,0.3006227401684298,0.1018875,0.009675
0.1,0.01,0.0,0.001,0.0,0.0,0,unit_total_var,0.5,2.579518149789288e-05,0.9996125,2.587231646424213e-05,2.579518149789288e-05,0.01296726818836902,9.981925283390758e-07,4.561722500656126e-07,0.017684397766415245,0.07680236365736333,0.3006227401684298,0.1018875,0.009675
0.1,0.04,0.0,0.001,0.0,0.0,0,unit_total_var,0.01,1.0512037767258435,0.9994625,1.0512037767258435,1.051203777172201,1.8440815818809853e-09,8.982008949942609e-07,0.03296175076948338,0.03135619515385349,0.13617822528800053,0.3907874567004561,0.103375,0.03835
0.1,0.04,0.0,0.001,0.0,0.0,0,unit_total_var,0.016202531645569618,1.1275562539760946,0.9995625,1.1275562668318138,1.1275562539760946,4.951564802624375e-08,7.359965223940891e-07,0.033308007165759386,0.02953999594105001,0.12829057232642474,0.3907874567004561,0.103375,0.03835
0.1,0.04,0.0,0.001,0.0,0.0,0,unit_total_var,0.02240506329113924,1.2107405440199983,0.9996,1.2107405468860042,1.2107405440199983,1.0280405304818883e-08,8.169442651251302e-07,0.033770901789526506,0.027892765263644044,0.12113674039023305,0.3907874567004561,0.103375,0.03835
0.1,0.04,0.0,0.001,0.0,0.0,0,unit_total_var,0.028607594936708863,1.2964917981671409,0.9996625,1.2964917981671409,1.2964918062735908,2.7154716031319023e-08,9.698173855099412e-07,0.034272861688449056,0.026435077905545442,0.11480608463060955,0.3907874567004561,0.103375,0.03835
0.1,0.04,0.0,0.001,0.0,0.0,0,unit_total_var,0.03481012658227848,1.376043403627016,0.9997,1.376043403627016,1.376043419468717,4.999815650386097e-08,7.57603935142015e-07,0.0346785076242472,0.025201608853936262,0.10944919660348652,0.3907874567004561,0.103375,0.03835
0.1,0.04,0.0,0.001,0.0,0.0,0,unit_total_var,0.0410126582278481,1.4378680488747724,0.9997375,1.4378680488747724,1.4378680540488131,1.5627701799303395e-08,7.641210686415435e-07,0.034851466007285545,0.02423829226510676,0.10526556581494136,0.3907874567004561,0.103375,0.03835
0.1,0.04,0.0,0.001,0.0,0.0,0,unit_total_var,0.047215189873417725,1.474573272489781,0.9998125,1.4745734131779586,1.474573272489781,4.1435781672483074e-07,7.32296975947122e-07,0.03470641635483082,0.023536583093107254,0.10221808160193847,0.3907874567004561,0.103375,0.03835
0.1,0.04,0.0,0.001,0.0,0.0,0,unit_total_var,0.05341772151898734,1.486404457039991,0.9998125,1.4864044615777172,1.486404457039991,1.3258231401636069e-08,9.217871408395695e-07,0.03421433066207695,0.02301818357717453,0.09996670111002952,0.3907874567004561,0.103375,0.03835
0.1,0.04,0.0,0.001,0.0,0.0,0,unit_total_var,0.05962025316455696,1.4781145524011885,0.9997875,1.4781145733288106,1.4781145524011885,6.148881137590934e-08,9.713826898405389e-07,0.03340378864955088,0.02259891738112356,0.09814585115609446,0.3907874567004561,0.103375,0.03835
0.1,0.04,0.0,0.001,0.0,0.0,0,unit_total_var,0.06582278481012659,1.4550766955950996,0.99985,1.4550767358325232,1.4550766955950996,1.2009601180196225e-07,8.176965735628983e-07,0.03233670933862088,0.022223371068008042,0.09651487424124268,0.3907874567004561,0.103375,0.03835
0.1,0.04,0.0,0.001,0.0,0.0,0,unit_total_var,0.0720253164556962,1.4216443159542043,0.9998625,1.4216443802769618,1.4216443159542043,1.9649794169573906e-07,9.891559500374571e-07,0.031080977963163895,0.02186269632591076,0.0949484837386954,0.3907874567004561,0.103375,0.03835
0.1,0.04,0.0,0.001,0.0,0.0,0,unit_total_var,0.07822784810126583,1.3809957174268834,0.9998875,1.3809957997491007,1.3809957174268834,2.5888627508408035e-07,9.70075657136249e-07,0.02970082249660336,0.021506817234699983,0.09340292048331957,0.3907874567004561,0.103375,0.03835
0.1,0.04,0.0,0.001,0.0,0.0,0,unit_total_var,0.08443037974683544,1.3354182120901608,0.9998875,1.3354183041410284,1.3354182120901608,2.993607695067624e-07,8.749519846418251e-07,0.02825513313607727,0.02115826553829387,0.09188917969924763,0.3907874567004561,0.103375,0.03835
0.1,0.04,0.0,0.001,0.0,0.0,0,unit_total_var,0.09063291139240506,1.2865620958303017,0.9998875,1.2865622091013302,1.2865620958303017,3.823599399321864e-07,8.94627227410183e-07,0.026790817804702882,0.02082357151009726,0.09043562200353003,0.3907874567004561,0.103375,0.03835
0.1,0.04,0.0,0.001,0.0,0.0,0,unit_total_var,0.09683544303797467,1.2356315238563738,0.999875,1.2356316570104913,1.2356315238563738,4.6800437070171347e-07,8.912068949484819e-07,0.02533928709892937,0.020507154932277963,0.0890614422662337,0.3907874567004561,0.103375,0.03835
0.1,0.04,0.0,0.001,0.0,0.0,0,unit_total_var,0.1030379746835443,1.1835299662170595,0.9998875,1.1835301206788569,1.1835299662170595,5.667951288312878e-07,9.0131776531166e-07,0.023920125618873085,0.020210832257445462,0.08777452924080806,0.3907874567004561,0.103375,0.03835
0.1,0.04,0.0,0.001,0.0,0.0,0,unit_total_var,0.10924050632911393,1.1309364181336494,0.999875,1.130936427475261,1.1309364181336494,3.5873018444654286e-08,9.893639454361394e-07,0.02254583985466839,0.019935550304300144,0.08657899490862242,0.2998011141956244,0.103375,0.03835
0.1,0.04,0.0,0.001,0.0,0.0,0,unit_total_var,0.11544303797468355,1.0783328159902972,0.9998875,1.078333037744799,1.0783328159902972,8.931078157581318e-07,9.720527245349329e-07,0.021224189323912547,0.019682410670606467,0.0854796234479807,0.2998011141956244,0.103375,0.03835
0.1,0.04,0.0,0.001,0.0,0.0,0,unit_total_var,0.12164556962025315,1.0260292364857173,0.9998875,1.0260294878146683,1.0260292364857173,1.0638172803084656e-06,9.712954813778651e-07,0.01995861293857611,0.01945228481688976,0.08448019956385629,0.2998011141956244,0.103375,0.03835
0.1,0.04,0.0,0.001,0.0,0.0,0,unit_total_var,0.12784810126582274,0.9742079987807396,0.9998875,0.9742082890466448,0.9742079987807396,1.2939830323216441e-06,9.92970756286127e-07,0.01874849687358177,0.019244860334801463,0.08357936648403043,0.2998011141956244,0.103375,0.03835
0.1,0.04,0.0,0.001,0.0,0.0,0,unit_total_var,0.1340506329113924,0.9229797866950792,0.9999,0.9229800907702445,0.9229797866950792,1.4307804624413831e-06,9.233792903629022e-07,0.017590530264363618,0.019058413323817386,0.082769637403653,0.2998011141956244,0.103375,0.03835
0.1,0.04,0.0,0.001,0.0,0.0,0,unit_total_var,0.14025316455696205,0.8724328646033828,0.9998875,0.8724332324454054,0.8724328646033828,1.8311062481846108e-06,9.938939502518451e-07,0.016480544985589905,0.018890330309922626,0.08203966214929141,0.2998011141956244,0.103375,0.03835
0.1,0.04,0.0,0.001,0.0,0.0,0,unit_total_var,0.14645569620253165,0.8226576945421429,0.9999,0.8226581002218707,0.8226576945421429,2.1416492533843368e-06,9.774240963267289e-07,0.01541450931849818,0.018737452309465424,0.08137572142926175,0.2998011141956244,0.103375,0.03835
0.1,0.04,0.0,0.001,0.0,0.0,0,unit_total_var,0.15265822784810126,0.7737581321205209,0.9999,0.7737585888470171,0.7737581321205209,2.563510872466424e-06,9.83405621823863e-07,0.014388865694929009,0.01859607685866336,0.08076173564766254,0.2998011141956244,0.103375,0.03835
0.1,0.04,0.0,0.001,0.0,0.0,0,unit_total_var,0.1588607594936709,0.7258612795764757,0.9999,0.7258617761359466,0.7258612795764757,2.9709941891109537e-06,9.109187137923415e-07,0.013401346357428177,0.018462682518686727,0.08018241138997276,0.2998011141956244,0.103375,0.03835
0.1,0.04,0.0,0.001,0.0,0.0,0,unit_total_var,0.1650632911392405,0.6791017629325605,0.9999,0.679102310859244,0.6791017629325605,3.5040615722348183e-06,9.499034634430359e-07,0.012451379792587824,0.018335072108809015,0.07962820642153974,0.2998011141956244,0.103375,0.03835
0.1,0.04,0.0,0.001,0.0,0.0,0,unit_total_var,0.17126582278481015,0.6335897518426943,0.9999,0.6335903685284455,0.6335897518426943,4.227074186902159e-06,9.199407617899168e-07,0.01153899760948587,0.018212096354031208,0.07909412950446082,0.2998011141956244,0.103375,0.03835
0.1,0.04,0.0,0.001,0.0,0.0,0,unit_total_var,0.17746835443037975,0.5894066273475178,0.9999,0.5894073338850702,0.5894066273475178,5.206001461477428e-06,9.95174014306599e-07,0.010663673870287615,0.01809221914975219,0.07857350942121717,0.2998011141956244,0.103375,0.03835
0.1,0.04,0.0,0.001,0.0,0.0,0,unit_total_var,0.18367088607594936,0.5466296077278024,0.9998875,0.5466303648816266,0.5466296077278024,6.01554499457535e-06,9.245701515503412e-07,0.009824558064943674,0.01797297095885789,0.07805562110839377,0.2998011141956244,0.103375,0.03835
0.1,0.04,0.0,0.001,0.0,0.0,0,unit_total_var,0.18987341772151897,0.5053419645403395,0.9999,0.5053428238888539,0.5053419645403395,7.385296031170441e-06,9.516247172491888e-07,0.009021267894077398,0.01785180833395297,0.07752941851430256,0.2998011141956244,0.103375,0.03835
0.1,0.04,0.0,0.001,0.0,0.0,0,unit_total_var,0.1960759493670886,0.4656215200710746,0.9999,0.4656224723197181,0.4656215200710746,8.881804008709082e-06,9.940737921709795e-07,0.008254004968368945,0.017726854564430385,0.07698675118833588,0.2998011141956244,0.103375,0.03835
0.1,0.04,0.0,0.001,0.0,0.0,0,unit_total_var,0.20227848101265825,0.4275333213799311,0.9999,0.4275343421987507,0.4275333213799311,1.0369611651572797e-05,9.550994715112893e-07,0.00752306471535118,0.017596440649513125,0.07642037075221621,0.2998011141956244,0.103375,0.03835
0.1,0.04,0.0,0.001,0.0,0.0,0,unit_total_var,0.20848101265822785,0.3911391085734294,0.9999,0.3911391232308434,0.3911391085734294,1.6274603442667512e-07,9.80215814960772e-07,0.006828879283554525,0.017458952924602592,0.07582326914963544,0.29905386990765803,0.103375,0.03835
0.1,0.04,0.0,0.001,0.0,0.0,0,unit_total_var,0.21468354430379746,0.35650764621305364,0.9999,0.35650890642345473,0.35650764621305364,1.5351745235925307e-05,9.880555666974544e-07,0.0061724548111305715,0.01731366739730971,0.07519230212159843,0.29905386990765803,0.103375,0.03835
0.1,0.04,0.0,0.001,0.0,0.0,0,unit_total_var,0.2208860759493671,0.32370882477108165,0.9999,0.3237102208205803,0.32370882477108165,1.87296496108047e-05,9.987142692846618e-07,0.005555040027204613,0.01716060731780479,0.07452757064231183,0.29905386990765803,0.103375,0.03835
0.1,0.04,0.0,0.001,0.0,0.0,0,unit_total_var,0.2270886075949367,0.2927988481509661,0.9999,0.2928003483366719,0.2927988481509661,2.225147772705327e-05,9.53713708229387e-07,0.004977519611135464,0.016999792323530837,0.07382915999610701,0.29905386990765803,0.103375,0.03835
0.1,0.04,0.0,0.001,0.0,0.0,0,unit_total_var,0.23329113924050635,0.2638094090520618,0.9999,0.2638110687733914,0.2638094090520618,2.7322965853393555e-05,9.68421508318329e-07,0.0044404250611306175,0.016831943474215946,0.07310020170559434,0.29905386990765803,0.103375,0.03835
0.1,0.04,0.0,0.001,0.0,0.0,0,unit_total_var,0.23949367088607595,0.2367534983718369,0.9999,0.2367553255099103,0.2367534983718369,3.3516417980550266e-05,9.80246518844652e-07,0.003944131654238922,0.01665923283652774,0.07235012893645454,0.29905386990765803,0.103375,0.03835
0.1,0.04,0.0,0.001,0.0,0.0,0,unit_total_var,0.2456962025316456,0.2116364251122848,0.9999,0.21163841502304925,0.2116364251122848,4.083433185897434e-05,9.83828710610091e-07,0.0034888128298629344,0.016484935558762754,0.07159316547701362,0.29905386990765803,0.103375,0.03835
0.1,0.04,0.0,0.001,0.0,0.0,0,unit_total_var,0.2518987341772152,0.1884512472434275,0.9999,0.1884533873244545,0.1884512472434275,4.9318861888636434e-05,9.778195307896809e-07,0.0030741074914358503,0.01631248153781091,0.0708442071801995,0.29905386990765803,0.103375,0.03835
0.1,0.04,0.0,0.001,0.0,0.0,0,unit_total_var,0.2581012658227848,0.16716519712538408,0.9999,0.1671674757187879,0.16716519712538408,5.919735773041168e-05,9.645896715815285e-07,0.0026987429509251807,0.016144167550025134,0.07011322881897455,0.29905386990765803,0.103375,0.03835
0.1,0.04,0.0,0.001,0.0,0.0,0,unit_total_var,0.2643037974683544,0.14772069008020214,0.9999,0.1477232044310029,0.14772069008020214,7.392054455301889e-05,9.883290400525269e-07,0.0023605695234560514,0.01597995190906856,0.06940004935187809,0.29905386990765803,0.103375,0.03835
0.1,0.04,0.0,0.001,0.0,0.0,0,unit_total_var,0.2705063291139241,0.13004247495193982,0.9999,0.13004510819594672,0.13004247495193982,8.793986455657432e-05,9.629345785189258e-07,0.002056958205829055,0.01581758734282204,0.06869490900010329,0.29905386990765803,0.103375,0.03835
0.1,0.04,0.0,0.001,0.0,0.0,0,unit_total_var,0.2767088607594937,0.11404173096947715,0.9999,0.114044586278118,0.11404173096947715,0.00010873469324046424,9.72717958513947e-07,0.0017852038650147614,0.015653952722732387,0.06798425287457059,0.29905386990765803,0.103375,0.03835
0.1,0.04,0.0,0.001,0.0,0.0,0,unit_total_var,0.2829113924050633,0.0996267218997811,0.9999,0.09962977551929232,0.0996267218997811,0.00013311185540842985,9.703987917109025e-07,0.0015429306642880012,0.015487116657718632,0.06725969305039131,0.29905386990765803,0.103375,0.03835
0.1,0.04,0.0,0.001,0.0,0.0,0,unit_total_var,0.2891139240506329,0.08670968946373728,0.9999,0.08671300960139901,0.08670968946373728,0.0001662893581499958,9.863470227799986e-07,0.0013281953567772964,0.015317727061319475,0.0665240433803116,0.29905386990765803,0.103375,0.03835
0.1,0.04,0.0,0.001,0.0,0.0,0,unit_total_var,0.2953164556962025,0.0752027801407086,0.9999,0.07520629834224002,0.0752027801407086,0.00020317064993591322,9.80113984805353e-07,0.0011392327323722575,0.015148811390226391,0.0657904519416845,0.29905386990765803,0.103375,0.03835
0.1,0.04,0.0,0.001,0.0,0.0,0,unit_total_var,0.3015189873417722,0.06500896949386105,0.9999,0.06501264766932767,0.06500896949386105,0.00024571472712153763,9.726147612854066e-07,0.0009741054863912974,0.014984170553315485,0.0650754258720211,0.29905386990765803,0.103375,0.03835
0.1,0.04,0.0,0.001,0.0,0.0,0,unit_total_var,0.3077215189873418,0.056026052296937794,0.9999,0.056026052296937794,0.05602610090931545,3.768260896208631e-06,9.971810878972587e-07,0.0008306163723882603,0.014825538090494,0.06438649383948017,0.30035416921596875,0.103375,0.03835
0.1,0.04,0.0,0.001,0.0,0.0,0,unit_total_var,0.3139240506329114,0.04815374219897767,0.9999,0.04815793895899387,0.04815374219897767,0.0003784857031146061,9.967931461629664e-07,0.0007065266997885567,0.014672311382760131,0.06372103870298994,0.30035416921596875,0.103375,0.03835
0.1,0.04,0.0,0.001,0.0,0.0,0,unit_total_var,0.320126582278481,0.04129034993465501,0.9999,0.04129477191681072,0.04129034993465501,0.0004650819440801257,9.963729151463152e-07,0.0005997028331731817,0.014524043369025819,0.06307711890091426,0.30035416921596875,0.103375,0.03835
0.1,0.04,0.0,0.001,0.0,0.0,0,unit_total_var,0.3263291139240506,0.03533216234840552,0.9999,0.03533678589476928,0.03533216234840552,0.0005682780698990086,9.757955981432032e-07,0.0005081140730743177,0.014381063577821129,0.06245616555747551,0.30035416921596875,0.103375,0.03835
0.1,0.04,0.0,0.001,0.0,0.0,0,unit_total_var,0.3325316455696203,0.030179806474152245,0.9999,0.030184669487843662,0.030179806474152245,0.0006997426822703545,9.942940809998244e-07,0.00042986906790761187,0.014243599218430275,0.06185916543005737,0.30035416921596875,0.103375,0.03835
0.1,0.04,0.0,0.001,0.0,0.0,0,unit_total_var,0.3387341772151899,0.02574139563334828,0.9999,0.02574646410514466,0.02574139563334828,0.0008550401400029273,9.914817978851076e-07,0.0003632434965273971,0.014111258833876553,0.06128441844261101,0.30035416921596875,0.103375,0.03835
0.1,0.04,0.0,0.001,0.0,0.0,0,unit_total_var,0.3449367088607595,0.021930046862703584,0.9999,0.021935225121906914,0.021930046862703584,0.0010253621174918237,9.71331199639547e-07,0.00030664123038189213,0.01398269836364995,0.06072608741450801,0.30035416921596875,0.103375,0.03835
0.1,0.04,0.0,0.001,0.0,0.0,0,unit_total_var,0.3511392405063291,0.018666537757710717,0.9999,0.018672008219663017,0.018666537757710717,0.001272567741541053,9.86087677200265e-07,0.00025866030798933344,0.013856897907191534,0.06017974297390001,0.30035416921596875,0.103375,0.03835
0.1,0.04,0.0,0.001,0.0,0.0,0,unit_total_var,0.3573417721518987,0.01588166542052053,0.9999,0.01588698939398243,0.01588166542052053,0.0014556312386844186,9.725702746626872e-07,0.0002181261628444694,0.013734464054546251,0.05964801950787998,0.30035416921596875,0.103375,0.03835
0.1,0.04,0.0,0.001,0.0,0.0,0,unit_total_var,0.3635443037974684,0.013511053016793131,0.9999,0.013516144063513395,0.013511053016793131,0.001636139713120599,9.846264933804916e-07,0.0001839620313358716,0.013615669415790305,0.05913210094696601,0.30035416921596875,0.103375,0.03835
0.1,0.04,0.0,0.001,0.0,0.0,0,unit_total_var,0.369746835443038,0.011496651793160034,0.9999,0.01150137252942496,0.011496651793160034,0.0017829268379010446,9.821985597624485e-07,0.00015520048438071732,0.013499624688385734,0.05862812509930829,0.30035416921596875,0.103375,0.03835
0.1,0.04,0.0,0.001,0.0,0.0,0,unit_total_var,0.3759493670886076,0.009787993120682542,0.9999,0.009792468847617577,0.009787993120682542,0.001985431750679112,9.90493277036597e-07,0.000131013270590281,0.01338510039544706,0.058130752414636916,0.30035416921596875,0.103375,0.03835
0.1,0.04,0.0,0.001,0.0,0.0,0,unit_total_var,0.3821518987341772,0.008341246844388642,0.9999,0.00834541143182794,0.008341246844388642,0.0021677886032094307,9.829153651969014e-07,0.0001107001730378105,0.01327141794302385,0.05763703579687063,0.30035416921596875,0.103375,0.03835
0.1,0.04,0.0,0.001,0.0,0.0,0,unit_total_var,0.3883544303797468,0.007117750417792785,0.9999,0.007121668908076616,0.007117750417792785,0.0023902361629666307,9.886569695000125e-07,9.366005001447608e-05,0.013158658918462062,0.05714732957535085,0.30035416921596875,0.103375,0.03835
0.1,0.04,0.0,0.001,0.0,0.0,0,unit_total_var,0.3945569620253165,0.006083637543628653,0.9999,0.0060872804130722175,0.006083637543628653,0.0025997679887517218,9.842595415643365e-07,7.937521780260976e-05,0.013047328548647484,0.05666382792256364,0.30035416921596875,0.103375,0.03835
0.1,0.04,0.0,0.001,0.0,0.0,0,unit_total_var,0.4007594936708861,0.005209400793528109,0.9999,0.0052127821442302215,0.005209400793528109,0.002818031522959785,9.86434285803195e-07,6.739861224982204e-05,0.012937881902570177,0.05618850717802172,0.30035416921596875,0.103375,0.03835
0.1,0.04,0.0,0.001,0.0,0.0,0,unit_total_var,0.4069620253164557,0.004469804525800207,0.9999,0.004469804525800207,0.004469829326240784,2.4096500300885282e-05,9.96563261281003e-07,5.734980948728733e-05,0.01283049608909246,0.055722136515741066,0.30061001076926963,0.103375,0.03835
0.1,0.04,0.0,0.001,0.0,0.0,0,unit_total_var,0.4131645569620253,0.003843535569026912,0.9999,0.003846482525769657,0.003843535569026912,0.003328593245569777,9.847284167321946e-07,4.890962514167755e-05,0.012725165219183923,0.055264690359987614,0.30061001076926963,0.103375,0.03835
0.1,0.04,0.0,0.001,0.0,0.0,0,unit_total_var,0.4193670886075949,0.003312535580911763,0.9999,0.003315286411971755,0.003312535580911763,0.003605017816969536,9.84472924937807e-07,4.1810283746831106e-05,0.012621836875582474,0.054815941065484486,0.30061001076926963,0.103375,0.03835
0.1,0.04,0.0,0.001,0.0,0.0,0,unit_total_var,0.4255696202531646,0.0028616702879008713,0.9999,0.0028642250036984658,0.0028616702879008713,0.0038753731629554977,9.812669152786668e-07,3.5829206464778656e-05,0.012520382455052343,0.054375330115475205,0.30061001076926963,0.103375,0.03835
0.1,0.04,0.0,0.001,0.0,0.0,0,unit_total_var,0.4317721518987342,0.0024782160964818014,0.9999,0.002480583796885273,0.0024782160964818014,0.0041472909586275355,9.759007810403177e-07,3.07807401105253e-05,0.012420523034380728,0.053941646161837824,0.30061001076926963,0.103375,0.03835
0.1,0.04,0.0,0.001,0.0,0.0,0,unit_total_var,0.4379746835443038,0.0021514807418632686,0.9998875,0.0021537025561860377,0.0021514807418632686,0.004482604893009778,9.958885468785985e-07,2.6510251264196358e-05,0.012321863146791366,0.05351317171418528,0.30061001076926963,0.103375,0.03835
0.1,0.04,0.0,0.001,0.0,0.0,0,unit_total_var,0.4441772151898734,0.0018725817403936254,0.9998875,0.0018746385195530144,0.0018725817403936254,0.0047675229484980255,9.885058747036155e-07,2.289035771015466e-05,0.012223956485521959,0.05308796848687654,0.30061001076926963,0.103375,0.03835
0.1,0.04,0.0,0.001,0.0,0.0,0,unit_total_var,0.450379746835443,0.001633977747725729,0.9998875,0.0016359107189907538,0.001633977747725729,0.0051346023597318435,9.816871267970262e-07,1.981411995980244e-05,0.012126309545757859,0.05266389321573367,0.30061001076926963,0.103375,0.03835
0.1,0.04,0.0,0.001,0.0,0.0,0,unit_total_var,0.4565822784810127,0.0014293738637504323,0.9998875,0.0014311696400692655,0.0014293738637504323,0.00545278089575163,9.762284834610724e-07,1.71929810001154e-05,0.01202833033129902,0.05223837489392676,0.30061001076926963,0.103375,0.03835
0.1,0.04,0.0,0.001,0.0,0.0,0,unit_total_var,0.4627848101265823,0.0012534828846018126,0.9998875,0.0012551787744161339,0.0012534828846018126,0.0058717818548643655,9.99767701265197e-07,1.4953389378377234e-05,0.01192947232233442,0.051809040016074094,0.30061001076926963,0.103375,0.03835
0.1,0.04,0.0,0.001,0.0,0.0,0,unit_total_var,0.4689873417721519,0.001101959115331156,0.9998875,0.0011035425908301891,0.001101959115331156,0.0062361755395663465,9.972819772809116e-07,1.3035595881639699e-05,0.011829473253844178,0.05137474957966631,0.30061001076926963,0.103375,0.03835
0.1,0.04,0.0,0.001,0.0,0.0,0,unit_total_var,0.4751898734177215,0.0009711039324517588,0.9998875,0.0009725863981212207,0.0009711039324517588,0.006624787648259911,9.964775475913843e-07,1.1389502681290896e-05,0.011728407537734577,0.05093582675150631,0.30061001076926963,0.103375,0.03835
0.1,0.04,0.0,0.001,0.0,0.0,0,unit_total_var,0.4813924050632911,0.0008578348316401329,0.9998875,0.0008592268080518878,0.0008578348316401329,0.0070414223114703125,9.975001984095786e-07,9.973615066472288e-06,0.011626498130652129,0.050493239820006905,0.30061001076926963,0.103375,0.03835
0.1,0.04,0.0,0.001,0.0,0.0,0,unit_total_var,0.4875949367088608,0.0007595758599042242,0.9998875,0.0007608687558807736,0.0007595758599042242,0.007385967470259658,9.726348055953682e-07,8.753337262394274e-06,0.011523980321725852,0.05004801063287197,0.30061001076926963,0.103375,0.03835
0.1,0.04,0.0,0.001,0.0,0.0,0,unit_total_var,0.4937974683544304,0.0006741018060965162,0.9998875,0.0006753245342369541,0.0006741018060965162,0.007870370004166459,9.78423128700917e-07,7.698962125624005e-06,0.011421067346200948,0.049601065259004866,0.30061001076926963,0.103375,0.03835
0.1,0.04,0.0,0.001,0.0,0.0,0,unit_total_var,0.5,0.0005995929414258147,0.9998875,0.0006007311711389963,0.0005995929414258147,0.008236559218751438,9.768037135607366e-07,6.786130328645471e-06,0.011317895625169045,0.049152996167678716,0.30061001076926963,0.103375,0.03835
0.1,0.01,1.0,0.001,0.0,0.0,0,unit_total_var,0.01,0.8447855692318542,0.9995125,0.8447855692318542,0.8447855693275522,4.919724627683308e-10,9.052719747160154e-07,0.04904908720674395,0.05806099085161132,0.2521556794068998,0.7003925457328599,0.101325,0.009675
0.1,0.01,1.0,0.001,0.0,0.0,0,unit_total_var,0.016202531645569618,0.7307377866143985,0.9995625,0.7307377961987156,0.7307377866143985,5.6961828143187176e-08,8.766818595518089e-07,0.038234019839740105,0.052322489051624385,0.2272336827456378,0.7003925457328599,0.101325,0.009675
0.1,0.01,1.0,0.001,0.0,0.0,0,unit_total_var,0.02240506329113924,0.6067999895229995,0.999575,0.6068000117913136,0.6067999895229995,1.5937715724945178e-07,8.937825874966165e-07,0.028942693333072363,0.04769725417402194,0.20714654289714568,0.7003925457328599,0.101325,0.009675
0.1,0.01,1.0,0.001,0.0,0.0,0,unit_total_var,0.028607594936708863,0.487878195909501,0.9996,0.4878782366047315,0.487878195909501,3.6225667443545717e-07,8.59280500975501e-07,0.021388394102830784,0.043839618745327616,0.19039304509838145,0.7003925457328599,0.101325,0.009675
0.1,0.01,1.0,0.001,0.0,0.0,0,unit_total_var,0.03481012658227848,0.3822626643380162,0.9996,0.3822627328538574,0.3822626643380162,7.784189222093119e-07,9.873061674881e-07,0.01550829804245029,0.040569742978448606,0.17619215507773425,0.7003925457328599,0.101325,0.009675
0.1,0.01,1.0,0.001,0.0,0.0,0,unit_total_var,0.0410126582278481,0.2929621446501605,0.9996125,0.2929622448946206,0.2929621446501605,1.486048939902673e-06,9.778148468697625e-07,0.011058804763208292,0.0377482380067026,0.16393851467881546,0.7003925457328599,0.101325,0.009675
0.1,0.01,1.0,0.001,0.0,0.0,0,unit_total_var,0.047215189873417725,0.2203271185777533,0.9996125,0.2203272579651014,0.2203271185777533,2.7475118526965048e-06,9.223055243978706e-07,0.007762544162461037,0.035231905235131734,0.15301022030556,0.7003925457328599,0.101325,0.009675
0.1,0.01,1.0,0.001,0.0,0.0,0,unit_total_var,0.05341772151898734,0.16324430870120274,0.9996375,0.1632444970760668,0.16324430870120274,5.011514180530696e-06,9.797343683004556e-07,0.005377783944012293,0.032943163451141316,0.14307034103267555,0.7003925457328599,0.101325,0.009675
0.1,0.01,1.0,0.001,0.0,0.0,0,unit_total_var,0.05962025316455696,0.11959491659289168,0.99965,0.11959515624465585,0.11959491659289168,8.702655383885373e-06,9.639436275854507e-07,0.0036929826790684634,0.030879094064169964,0.1341062015824047,0.7003925457328599,0.101325,0.009675
0.1,0.01,1.0,0.001,0.0,0.0,0,unit_total_var,0.06582278481012659,0.08683563643006639,0.99965,0.08683594547701601,0.08683563643006639,1.5456459070861687e-05,9.866354386822709e-07,0.002523101464633476,0.02905606002744588,0.12618886535769394,0.7003925457328599,0.101325,0.009675
0.1,0.01,1.0,0.001,0.0,0.0,0,unit_total_var,0.0720253164556962,0.06253429460489347,0.9996625,0.06253467713568643,0.06253429460489347,2.65663034131336e-05,9.876830772137524e-07,0.0017183792773323304,0.02747899033945228,0.11933973872696887,0.7003925457328599,0.101325,0.009675
0.1,0.01,1.0,0.001,0.0,0.0,0,unit_total_var,0.07822784810126583,0.04463976251888078,0.9996625,0.04464022609789359,0.04463976251888078,4.510076900743343e-05,9.81479870709734e-07,0.001166931040970522,0.026141067405476417,0.11352921325259363,0.7003925457328599,0.101325,0.009675
0.1,0.01,1.0,0.001,0.0,0.0,0,unit_total_var,0.08443037974683544,0.031539714742697685,0.9996625,0.03154028340003101,0.031539714742697685,7.830207648673593e-05,9.695521168695542e-07,0.0007894523800475615,0.025030422325881745,0.10870574295838396,0.7003925457328599,0.101325,0.009675
0.1,0.01,1.0,0.001,0.0,0.0,0,unit_total_var,0.09063291139240506,0.022013321769971287,0.9996625,0.022013999641427744,0.022013321769971287,0.0001337332472495234,9.99923718936202e-07,0.0005312417615945327,0.02413273958132061,0.10480715633375727,0.7003925457328599,0.101325,0.009675
0.1,0.01,1.0,0.001,0.0,0.0,0,unit_total_var,0.09683544303797467,0.01515029669946472,0.9996625,0.015150931295445069,0.01515029669946472,0.0001819078306617428,9.660837461122895e-07,0.00035499038258144484,0.023431249540742462,0.10176062379642556,0.7003925457328599,0.101325,0.009675
0.1,0.01,1.0,0.001,0.0,0.0,0,unit_total_var,0.1030379746835443,0.01027111713748662,0.9996625,0.010271720113991571,0.01027111713748662,0.00025494956289762166,9.803888725290475e-07,0.000235288833124289,0.022907813237330585,0.0994873688144294,0.7003925457328599,0.101325,0.009675
0.1,0.01,1.0,0.001,0.0,0.0,0,unit_total_var,0.10924050632911393,0.0068630058892792225,0.99965,0.0068630058892792225,0.00686300677452985,5.601910366692664e-07,9.921539294022177e-07,0.00015472168174227068,0.022544302633334932,0.09790866232014306,0.3181345837312537,0.101325,0.009675
0.1,0.01,1.0,0.001,0.0,0.0,0,unit_total_var,0.11544303797468355,0.004532798091276942,0.99965,0.004533273299914481,0.004532798091276942,0.0004552809708222583,9.767352384115746e-07,0.00010118545525507776,0.02232295664124157,0.09694736889056764,0.3181345837312537,0.101325,0.009675
0.1,0.01,1.0,0.001,0.0,0.0,0,unit_total_var,0.12164556962025315,0.002975703884621647,0.9996375,0.0029761148450007874,0.002975703884621647,0.0005997421404551062,9.886265961156493e-07,6.613697831447509e-05,0.0222256584925231,0.09652480839968927,0.3181345837312537,0.101325,0.009675
0.1,0.01,1.0,0.001,0.0,0.0,0,unit_total_var,0.12784810126582274,0.0019567157627899514,0.9996125,0.001957050648208822,0.0019567157627899514,0.0007432170168932827,9.67100973331414e-07,4.350357547538961e-05,0.022232956008572627,0.09655650110920837,0.3181345837312537,0.101325,0.009675
0.1,0.01,1.0,0.001,0.0,0.0,0,unit_total_var,0.1340506329113924,0.0012995850637034444,0.9996125,0.001299857245459418,0.0012995850637034444,0.000909479965830684,9.663155375316812e-07,2.901184478183627e-05,0.02232392906945301,0.09695159209263036,0.3181345837312537,0.101325,0.009675
0.1,0.01,1.0,0.001,0.0,0.0,0,unit_total_var,0.14025316455696205,0.000878146140336062,0.9996,0.0008783699750507832,0.000878146140336062,0.0011068521505315232,9.955718854870454e-07,1.9738333776443285e-05,0.02247727669666638,0.0976175723757476,0.3181345837312537,0.101325,0.009675
0.1,0.01,1.0,0.001,0.0,0.0,0,unit_total_var,0.14645569620253165,0.0006067013269581247,0.9996,0.0006068819982108231,0.0006067013269581247,0.0012931049238744665,9.98880753735887e-07,1.3755780901780646e-05,0.02267306875814709,0.09846788649476296,0.3181345837312537,0.101325,0.009675
0.1,0.01,1.0,0.001,0.0,0.0,0,unit_total_var,0.15265822784810126,0.0004296336614228877,0.9995875,0.0004297763921777407,0.0004296336614228877,0.001442551888722221,9.840091723667401e-07,9.836138783963953e-06,0.02289424611513913,0.09942844755139883,0.3181345837312537,0.101325,0.009675
0.1,0.01,1.0,0.001,0.0,0.0,0,unit_total_var,0.1588607594936709,0.0003119704437156432,0.9995625,0.00031208544295329907,0.0003119704437156432,0.0016006109699233662,9.856689319881484e-07,7.215028005969394e-06,0.023127280648886705,0.10044050367239353,0.3181345837312537,0.101325,0.009675
0.1,0.01,1.0,0.001,0.0,0.0,0,unit_total_var,0.1650632911392405,0.00023206571932106758,0.9995625,0.0002321607796186829,0.00023206571932106758,0.0017786215726047774,9.827060137995725e-07,5.4215305512197035e-06,0.023362048333036674,0.10146008676994887,0.3181345837312537,0.101325,0.009675
0.1,0.01,1.0,0.001,0.0,0.0,0,unit_total_var,0.17126582278481015,0.0001765456677597333,0.9995625,0.000176623647964846,0.0001765456677597333,0.001917854797724772,9.841428783158301e-07,4.1649513418360185e-06,0.023591353980456968,0.10245594854338776,0.3181345837312537,0.101325,0.009675
0.1,0.01,1.0,0.001,0.0,0.0,0,unit_total_var,0.17746835443037975,0.00013708350108934542,0.9995625,0.0001371486356986639,0.00013708350108934542,0.0020630406247192927,9.924324489291036e-07,3.2639982136620877e-06,0.023810292177573918,0.10340678505224514,0.3181345837312537,0.101325,0.009675
0.1,0.01,1.0,0.001,0.0,0.0,0,unit_total_var,0.18367088607594936,0.00010842198062065622,0.9995375,0.00010847581885020385,0.00010842198062065622,0.002156005874212497,9.532658771654878e-07,2.603821327490157e-06,0.02401562222516792,0.1042985221186352,0.3181345837312537,0.101325,0.009675
0.1,0.01,1.0,0.001,0.0,0.0,0,unit_total_var,0.18987341772151897,8.717721077145005e-05,0.9995375,8.722338512915361e-05,8.717721077145005e-05,0.0022996789800089346,9.638509045964416e-07,2.1101648775557016e-06,0.024205464465797823,0.10512299649401237,0.3181345837312537,0.101325,0.009675
0.1,0.01,1.0,0.001,0.0,0.0,0,unit_total_var,0.1960759493670886,7.113452009554384e-05,0.999525,7.117429548987369e-05,7.113452009554384e-05,0.0024277111226993497,9.683274279151388e-07,1.7341667999310502e-06,0.024378695429473844,0.10587532901020516,0.3181345837312537,0.101325,0.009675
0.1,0.01,1.0,0.001,0.0,0.0,0,unit_total_var,0.20227848101265825,5.881173771271701e-05,0.9995125,5.884698403454958e-05,5.881173771271701e-05,0.0026019802543970627,9.624397478633084e-07,1.4429365976619703e-06,0.024534840386971943,0.10655345794438956,0.3181345837312537,0.101325,0.009675
0.1,0.01,1.0,0.001,0.0,0.0,0,unit_total_var,0.20848101265822785,4.9197342417224265e-05,0.9995125,4.919764260843426e-05,4.9197342417224265e-05,2.6499599748319724e-05,9.909256172557779e-07,1.2138906042994477e-06,0.024673906041608826,0.10715741240870016,0.3287017976830383,0.101325,0.009675
0.1,0.01,1.0,0.001,0.0,0.0,0,unit_total_var,0.21468354430379746,4.1590011662508646e-05,0.9995,4.1617356600864084e-05,4.1590011662508646e-05,0.0028544963051047034,9.978927901777013e-07,1.0312685181806502e-06,0.024796062250453468,0.10768793008301468,0.3287017976830383,0.101325,0.009675
0.1,0.01,1.0,0.001,0.0,0.0,0,unit_total_var,0.2208860759493671,3.549303524168838e-05,0.9995,3.5517554701442405e-05,3.549303524168838e-05,0.0029991770247690397,9.72185078843002e-07,8.838371937782574e-07,0.02490170783534865,0.10814674302858887,0.3287017976830383,0.101325,0.009675
0.1,0.01,1.0,0.001,0.0,0.0,0,unit_total_var,0.2270886075949367,3.054836298844821e-05,0.9994875,3.0570403607500496e-05,3.054836298844821e-05,0.00313230131438047,9.7472298346557e-07,7.634486112983372e-07,0.024991473735827788,0.10853659138100054,0.3287017976830383,0.101325,0.009675
0.1,0.01,1.0,0.001,0.0,0.0,0,unit_total_var,0.23329113924050635,2.6495893846263054e-05,0.999475,2.6515681260847532e-05,2.6495893846263054e-05,0.003242146775264132,9.353207031867485e-07,6.641423339097018e-07,0.025065858799225658,0.1088596416066977,0.3287017976830383,0.101325,0.009675
0.1,0.01,1.0,0.001,0.0,0.0,0,unit_total_var,0.23949367088607595,2.3140889196070306e-05,0.9994625,2.315919383296845e-05,2.3140889196070306e-05,0.0034339477133613627,9.874745092522397e-07,5.814322789946092e-07,0.025125753555457403,0.1091197612279616,0.3287017976830383,0.101325,0.009675
0.1,0.01,1.0,0.001,0.0,0.0,0,unit_total_var,0.2456962025316456,2.0339554310552164e-05,0.9994625,2.035633894702842e-05,2.0339554310552164e-05,0.0035824132767388046,9.91180024438598e-07,5.119785734645033e-07,0.02517157286966159,0.10931875198119627,0.3287017976830383,0.101325,0.009675
0.1,0.01,1.0,0.001,0.0,0.0,0,unit_total_var,0.2518987341772152,1.7981374332513255e-05,0.9994375,1.7996563011572447e-05,1.7981374332513255e-05,0.003666891646176396,9.401633321512449e-07,4.5320159944915456e-07,0.02520394665438293,0.1094593495418243,0.3287017976830383,0.101325,0.009675
0.1,0.01,1.0,0.001,0.0,0.0,0,unit_total_var,0.2581012658227848,1.5980207077787175e-05,0.9994375,1.5994819837470667e-05,1.5980207077787175e-05,0.003969498668169536,9.794110639588238e-07,4.030822418871659e-07,0.025223843466175025,0.10954576029751203,0.3287017976830383,0.101325,0.009675
0.1,0.01,1.0,0.001,0.0,0.0,0,unit_total_var,0.2643037974683544,1.4271150072196792e-05,0.9994375,1.4284423828655002e-05,1.4271150072196792e-05,0.004037544207058375,9.58965943379658e-07,3.600833860451387e-07,0.02523156047154581,0.10957927482600552,0.3287017976830383,0.101325,0.009675
0.1,0.01,1.0,0.001,0.0,0.0,0,unit_total_var,0.2705063291139241,1.2801737078428149e-05,0.9994375,1.2814013024277494e-05,1.2801737078428149e-05,0.004162576484617375,9.520669382589995e-07,3.2296060478894273e-07,0.02522787359327623,0.10956326291712627,0.3287017976830383,0.101325,0.009675
0.1,0.01,1.0,0.001,0.0,0.0,0,unit_total_var,0.2767088607594937,1.153083883231682e-05,0.999425,1.154238616554932e-05,1.153083883231682e-05,0.004346980990064253,9.57659872291572e-07,2.907312858861801e-07,0.025213368265226657,0.109500267077825,0.3287017976830383,0.101325,0.009675
0.1,0.01,1.0,0.001,0.0,0.0,0,unit_total_var,0.2829113924050633,1.0425559236993092e-05,0.999425,1.0436593936983342e-05,1.0425559236993092e-05,0.0045942618886698474,9.749444054053813e-07,2.6260526894629307e-07,0.02518860264248356,0.10939271134484277,0.3287017976830383,0.101325,0.009675
0.1,0.01,1.0,0.001,0.0,0.0,0,unit_total_var,0.2891139240506329,9.459803734917283e-06,0.9994,9.470072162419638e-06,9.459803734917283e-06,0.0047116229009418475,9.226168958820222e-07,2.3795047946358126e-07,0.025153849501684398,0.10924178037206393,0.3287017976830383,0.101325,0.009675
0.1,0.01,1.0,0.001,0.0,0.0,0,unit_total_var,0.2953164556962025,8.61114620940101e-06,0.999375,8.620809752935176e-06,8.61114620940101e-06,0.004870978177571317,9.59641018372093e-07,2.1622678976015812e-07,0.025110105496071792,0.10905180256952493,0.3287017976830383,0.101325,0.009675
0.1,0.01,1.0,0.001,0.0,0.0,0,unit_total_var,0.3015189873417722,7.862596812328475e-06,0.9993625,7.872009650805906e-06,7.862596812328475e-06,0.0051961188950429005,9.645831266780205e-07,1.9701672602001426e-07,0.02505746265802336,0.1088231776287633,0.3287017976830383,0.101325,0.009675
0.1,0.01,1.0,0.001,0.0,0.0,0,unit_total_var,0.3077215189873418,7.199414286893019e-06,0.9993375,7.1994893501369855e-06,7.199414286893019e-06,4.5280603949038316e-05,9.796948986853793e-07,1.7996010611625458e-07,0.02499649262355733,0.10855838813346284,0.3250005045639403,0.101325,0.009675
0.1,0.01,1.0,0.001,0.0,0.0,0,unit_total_var,0.3139240506329114,6.609750694134396e-06,0.999325,6.6179922601688106e-06,6.609750694134396e-06,0.005411757888708735,9.58635011224715e-07,1.6476422916137022e-07,0.02492744988212411,0.10825853931726363,0.3250005045639403,0.101325,0.009675
0.1,0.01,1.0,0.001,0.0,0.0,0,unit_total_var,0.320126582278481,6.083364017842515e-06,0.9992875,6.091150320781843e-06,6.083364017842515e-06,0.005555127322509179,9.444449685491045e-07,1.51176964334546e-07,0.024850882487246158,0.10792601134637164,0.3250005045639403,0.101325,0.009675
0.1,0.01,1.0,0.001,0.0,0.0,0,unit_total_var,0.3263291139240506,5.611839523275577e-06,0.999275,5.619571972685658e-06,5.611839523275577e-06,0.00597994409192637,9.364879120492969e-07,1.3898934913572395e-07,0.02476716387901933,0.10756242605051634,0.3250005045639403,0.101325,0.009675
0.1,0.01,1.0,0.001,0.0,0.0,0,unit_total_var,0.3325316455696203,5.188083882043414e-06,0.99925,5.1954851296581076e-06,5.188083882043414e-06,0.006191169026756428,9.342872983719023e-07,1.2802451148853696e-07,0.0246766464072883,0.10716931366563012,0.3250005045639403,0.101325,0.009675
0.1,0.01,1.0,0.001,0.0,0.0,0,unit_total_var,0.3387341772151899,4.806087964044173e-06,0.9992375,4.813225202016659e-06,4.806087964044173e-06,0.0064446672704789884,9.374998914506159e-07,1.1813202051172373e-07,0.024579662585351283,0.10674811827861876,0.3250005045639403,0.101325,0.009675
0.1,0.01,1.0,0.001,0.0,0.0,0,unit_total_var,0.3449367088607595,4.4607371913843135e-06,0.9992125,4.4676697763334464e-06,4.4607371913843135e-06,0.006744280373162326,9.458955683595144e-07,1.09183351240083e-07,0.024476526312952288,0.10630020313874924,0.3250005045639403,0.101325,0.009675
0.1,0.01,1.0,0.001,0.0,0.0,0,unit_total_var,0.3511392405063291,4.147658994349368e-06,0.9992,4.154131100456811e-06,4.147658994349368e-06,0.006771552896680078,9.593387735665204e-07,1.01068221711488e-07,0.02436753403526663,0.10582685569105972,0.3250005045639403,0.101325,0.009675
0.1,0.01,1.0,0.001,0.0,0.0,0,unit_total_var,0.3573417721518987,3.863101316143468e-06,0.999175,3.869466538900892e-06,3.863101316143468e-06,0.007149970865683032,9.771963607810295e-07,9.369165134915672e-08,0.024252962498713088,0.10532927782997596,0.3250005045639403,0.101325,0.009675
0.1,0.01,1.0,0.001,0.0,0.0,0,unit_total_var,0.3635443037974684,3.604111198360103e-06,0.9991375,3.6101259384398416e-06,3.604111198360103e-06,0.00724170548438252,9.105413635215193e-07,8.697641342133824e-08,0.024132555471904737,0.1048063567567235,0.3250005045639403,0.101325,0.009675
0.1,0.01,1.0,0.001,0.0,0.0,0,unit_total_var,0.369746835443038,3.3673169738765978e-06,0.999125,3.373304148251361e-06,3.3673169738765978e-06,0.007715008542518831,9.360512435250409e-07,8.084111367537002e-08,0.024007574666278685,0.10426357201445133,0.3250005045639403,0.101325,0.009675
0.1,0.01,1.0,0.001,0.0,0.0,0,unit_total_var,0.3759493670886076,3.150577375876026e-06,0.9991,3.1562922681816827e-06,3.150577375876026e-06,0.00787061414740009,9.657147252931791e-07,7.522873649497948e-08,0.02387776192103897,0.10369980242506814,0.3250005045639403,0.101325,0.009675
0.1,0.01,1.0,0.001,0.0,0.0,0,unit_total_var,0.3821518987341772,2.9520338001402217e-06,0.9990875,2.957514812837257e-06,2.9520338001402217e-06,0.008056027314474079,9.096688918606295e-07,7.008938532031772e-08,0.02374274485508549,0.10311343075800453,0.3250005045639403,0.101325,0.009675
0.1,0.01,1.0,0.001,0.0,0.0,0,unit_total_var,0.3883544303797468,2.7693102957379525e-06,0.9990625,2.7748476607016344e-06,2.7693102957379525e-06,0.008675250115743438,9.461820476303757e-07,6.536650375565717e-08,0.023603892946289944,0.10251040458008807,0.3250005045639403,0.101325,0.009675
0.1,0.01,1.0,0.001,0.0,0.0,0,unit_total_var,0.3945569620253165,2.601044783513372e-06,0.99905,2.6064049972812157e-06,2.601044783513372e-06,0.008940699118973328,9.875772339039413e-07,6.102271217296277e-08,0.023460846410547416,0.10188916136880452,0.3250005045639403,0.101325,0.009675
0.1,0.01,1.0,0.001,0.0,0.0,0,unit_total_var,0.4007594936708861,2.4458732017196966e-06,0.999025,2.4512660838894054e-06,2.4458732017196966e-06,0.009565175822160654,9.842594402616894e-07,5.702260132133953e-08,0.023313801092079044,0.10125055166479936,0.3250005045639403,0.101325,0.009675
0.1,0.01,1.0,0.001,0.0,0.0,0,unit_total_var,0.4069620253164557,2.302507953991972e-06,0.9990125,2.302507953991972e-06,2.302598065904047e-06,0.0001699639747911874,9.90981255786019e-07,5.333218784861872e-08,0.023162650863443955,0.100594114562453,0.3004404728076412,0.101325,0.009675
0.1,0.01,1.0,0.001,0.0,0.0,0,unit_total_var,0.4131645569620253,2.1700265760365074e-06,0.9990000000000001,2.174944883874113e-06,2.1700265760365074e-06,0.009832031746029202,9.424240502830387e-07,4.9925402973511134e-08,0.02300681637950189,0.09991733399779022,0.3004404728076412,0.101325,0.009675
0.1,0.01,1.0,0.001,0.0,0.0,0,unit_total_var,0.4193670886075949,2.0468862871892887e-06,0.998975,2.051765673245744e-06,2.0468862871892887e-06,0.01034043124885642,9.95230993904722e-07,4.676863776190297e-08,0.022848674132320262,0.0992305309447226,0.3004404728076412,0.101325,0.009675
0.1,0.01,1.0,0.001,0.0,0.0,0,unit_total_var,0.4255696202531646,1.9327628849687274e-06,0.9989625,1.937566782171274e-06,1.9327628849687274e-06,0.010781030545295778,9.558313408446553e-07,4.384737764550847e-08,0.02268637192203633,0.09852566140145247,0.3004404728076412,0.101325,0.009675
0.1,0.01,1.0,0.001,0.0,0.0,0,unit_total_var,0.4317721518987342,1.826630971613297e-06,0.99895,1.8311623749554185e-06,1.826630971613297e-06,0.010760391782994816,9.210981203808256e-07,4.1137230122602335e-08,0.022520821535326082,0.09780668520720033,0.3004404728076412,0.101325,0.009675
0.1,0.01,1.0,0.001,0.0,0.0,0,unit_total_var,0.4379746835443038,1.7275897014684994e-06,0.99895,1.7320795892247143e-06,1.7275897014684994e-06,0.011272375523567746,9.8023592179277e-07,3.861673553351734e-08,0.022352955392528698,0.0970776518120475,0.3004404728076412,0.101325,0.009675
0.1,0.01,1.0,0.001,0.0,0.0,0,unit_total_var,0.4441772151898734,1.6354361629505731e-06,0.9989375,1.6398937790880846e-06,1.6354361629505731e-06,0.011821216918477262,9.480067957876385e-07,3.6276064016086017e-08,0.022181277898758543,0.09633206592993393,0.3004404728076412,0.101325,0.009675
0.1,0.01,1.0,0.001,0.0,0.0,0,unit_total_var,0.450379746835443,1.5493871967847695e-06,0.9989125,1.5536282132103875e-06,1.5493871967847695e-06,0.01187136339846262,9.198455214673441e-07,3.409696475311034e-08,0.022006742293899862,0.0955740674290762,0.3004404728076412,0.101325,0.009675
0.1,0.01,1.0,0.001,0.0,0.0,0,unit_total_var,0.4565822784810127,1.4687493937276175e-06,0.998875,1.472984101498691e-06,1.4687493937276175e-06,0.012503590082481251,9.854869443678624e-07,3.206327600498059e-08,0.02183032458900663,0.09480789507162453,0.3004404728076412,0.101325,0.009675
0.1,0.01,1.0,0.001,0.0,0.0,0,unit_total_var,0.4627848101265823,1.393461946484523e-06,0.998875,1.3976961973683027e-06,1.393461946484523e-06,0.013176703788971622,9.590408085614205e-07,3.0168981565044364e-08,0.02165038065169686,0.09402640848136874,0.3004404728076412,0.101325,0.009675
0.1,0.01,1.0,0.001,0.0,0.0,0,unit_total_var,0.4689873417721519,1.3229103683215428e-06,0.99885,1.3269663836192983e-06,1.3229103683215428e-06,0.013295006544737477,9.351592578383387e-07,2.8400110052983616e-08,0.021467901932779143,0.09323391347446136,0.3004404728076412,0.101325,0.009675
0.1,0.01,1.0,0.001,0.0,0.0,0,unit_total_var,0.4751898734177215,1.2567207019132752e-06,0.9988375,1.260615269148364e-06,1.2567207019132752e-06,0.013437939381162778,9.147718700143816e-07,2.6746794187343497e-08,0.021283005958780857,0.09243092046212552,0.3004404728076412,0.101325,0.009675
0.1,0.01,1.0,0.001,0.0,0.0,0,unit_total_var,0.4813924050632911,1.1943855078741738e-06,0.9988375,1.1983073003522656e-06,1.1943855078741738e-06,0.0142367992398178,9.87363413934399e-07,2.5197606130045265e-08,0.021096711207500504,0.09162185263723956,0.3004404728076412,0.101325,0.009675
0.1,0.01,1.0,0.001,0.0,0.0,0,unit_total_var,0.4875949367088608,1.1359565537743258e-06,0.9988125,1.139908632812483e-06,1.1359565537743258e-06,0.015083211902577888,9.67996653580133e-07,2.3749692568619533e-08,0.020907219109488714,0.09079889891193166,0.3004404728076412,0.101325,0.009675
0.1,0.01,1.0,0.001,0.0,0.0,0,unit_total_var,0.4937974683544304,1.0809681851417273e-06,0.9987875,1.0847899892884399e-06,1.0809681851417273e-06,0.015327566985874341,9.522219432556851e-07,2.239290703250337e-08,0.02071560230939397,0.08996671772272061,0.3004404728076412,0.101325,0.009675
0.1,0.01,1.0,0.001,0.0,0.0,0,unit_total_var,0.5,1.028896644353869e-06,0.998775,1.0328721754178986e-06,1.028896644353869e-06,0.016748272909815398,9.616415340462162e-07,2.111844139295132e-08,0.02052532828135849,0.08914036811846746,0.3004404728076412,0.101325,0.009675
0.1,0.04,1.0,0.001,0.0,0.0,0,unit_total_var,0.01,0.8597667733582173,0.9994375,0.8597667734036654,0.8597667733582173,2.2957225009889728e-10,9.17021623081382e-07,0.02739739682835825,0.03186608005487933,0.13839262727721366,0.4027562031934233,0.101325,0.03835
0.1,0.04,1.0,0.001,0.0,0.0,0,unit_total_var,0.016202531645569618,0.7960983837196394,0.9995125,0.7960983901301076,0.7960983837196394,3.497094125393119e-08,9.657423305498014e-07,0.024356535550280767,0.03059488129655388,0.13287188121578355,0.4027562031934233,0.101325,0.03835
0.1,0.04,1.0,0.001,0.0,0.0,0,unit_total_var,0.02240506329113924,0.7279381921197006,0.9995375,0.7279382060458575,0.7279381921197006,8.308470555995483e-08,9.637239699600286e-07,0.021366930265747496,0.029352671005664126,0.127477030468815,0.4027562031934233,0.101325,0.03835
0.1,0.04,1.0,0.001,0.0,0.0,0,unit_total_var,0.028607594936708863,0.6567746735021568,0.999575,0.6567746972357276,0.6567746735021568,1.5693903931968123e-07,8.629650061209305e-07,0.0184502184183506,0.028092158791640752,0.12200269547959501,0.4027562031934233,0.101325,0.03835
0.1,0.04,1.0,0.001,0.0,0.0,0,unit_total_var,0.03481012658227848,0.5842581459594595,0.9995875,0.5842581882511824,0.5842581459594595,3.1436551362062914e-07,9.678950867453295e-07,0.01568895271066666,0.02685277530003884,0.11662012136594806,0.4027562031934233,0.101325,0.03835
0.1,0.04,1.0,0.001,0.0,0.0,0,unit_total_var,0.0410126582278481,0.5120158793867269,0.999625,0.5120159453597021,0.5120158793867269,5.595861063412144e-07,9.3582966798067e-07,0.01315146572234159,0.02568565986292049,0.11155140342510204,0.4027562031934233,0.101325,0.03835
0.1,0.04,1.0,0.001,0.0,0.0,0,unit_total_var,0.047215189873417725,0.4415145892889968,0.9996375,0.4415146824986661,0.4415145892889968,9.168539780723959e-07,9.270630236812849e-07,0.010869239694214723,0.02461807595467741,0.10691494542191524,0.4027562031934233,0.101325,0.03835
0.1,0.04,1.0,0.001,0.0,0.0,0,unit_total_var,0.05341772151898734,0.3741291375083616,0.999675,0.37412926640102656,0.3741291375083616,1.4962043284327817e-06,9.274311105755829e-07,0.008850943893941516,0.023657456761821176,0.10274302927523707,0.4027562031934233,0.101325,0.03835
0.1,0.04,1.0,0.001,0.0,0.0,0,unit_total_var,0.05962025316455696,0.31119023301910664,0.999675,0.3111904146190423,0.31119023301910664,2.5343927472221144e-06,9.220146592880951e-07,0.00709625629582202,0.022803595816538114,0.09903475830674577,0.4027562031934233,0.101325,0.03835
0.1,0.04,1.0,0.001,0.0,0.0,0,unit_total_var,0.06582278481012659,0.2538766847087321,0.999675,0.2538769269952061,0.2538766847087321,4.1446747491846744e-06,9.837601790962935e-07,0.005597533119557259,0.02204823623712907,0.0957542733348447,0.4027562031934233,0.101325,0.03835
0.1,0.04,1.0,0.001,0.0,0.0,0,unit_total_var,0.0720253164556962,0.20305918002735399,0.9997125,0.20305949704990106,0.20305918002735399,6.780340358503167e-06,9.981585527008008e-07,0.004339609990969564,0.021371158843372543,0.09281376357554576,0.4027562031934233,0.101325,0.03835
0.1,0.04,1.0,0.001,0.0,0.0,0,unit_total_var,0.07822784810126583,0.15921048841684873,0.999725,0.15921088672234252,0.15921048841684873,1.0864966459855909e-05,9.560472449265944e-07,0.0033036935674687173,0.02075047693352279,0.09011817629089658,0.4027562031934233,0.101325,0.03835
0.1,0.04,1.0,0.001,0.0,0.0,0,unit_total_var,0.08443037974683544,0.12239276140643394,0.999725,0.122393265549008,0.12239276140643394,1.7888793793829905e-05,9.758820020966395e-07,0.00246916423982872,0.020174103529123587,0.08761501840043291,0.4027562031934233,0.101325,0.03835
0.1,0.04,1.0,0.001,0.0,0.0,0,unit_total_var,0.09063291139240506,0.0922960730552492,0.999725,0.0922966803017456,0.0922960730552492,2.8573581330348933e-05,9.627860415584166e-07,0.0018126749740879071,0.01963978438175614,0.08529449982766357,0.4027562031934233,0.101325,0.03835
0.1,0.04,1.0,0.001,0.0,0.0,0,unit_total_var,0.09683544303797467,0.06831886927737645,0.999725,0.06831959650547632,0.06831886927737645,4.6228732012210116e-05,9.580702554634613e-07,0.0013083538381873554,0.0191506951450763,0.08317041226118031,0.4027562031934233,0.101325,0.03835
0.1,0.04,1.0,0.001,0.0,0.0,0,unit_total_var,0.1030379746835443,0.049679295977921915,0.999725,0.04968018466567997,0.049679295977921915,7.768804485763779e-05,9.83002246324194e-07,0.0009295830079645047,0.018711678369549012,0.08126378663043572,0.4027562031934233,0.101325,0.03835
0.1,0.04,1.0,0.001,0.0,0.0,0,unit_total_var,0.10924050632911393,0.035523939740301394,0.999725,0.03552394458291894,0.035523939740301394,5.920294725569875e-07,9.847435115672987e-07,0.0006510570478319407,0.018327275988854527,0.07959434830277481,0.3001213335566668,0.101325,0.03835
0.1,0.04,1.0,0.001,0.0,0.0,0,unit_total_var,0.11544303797468355,0.025012885457896983,0.999725,0.0250140780515396,0.025012885457896983,0.0002070630723558509,9.731446725114168e-07,0.0004502478700335922,0.01800063694336558,0.07817577295247488,0.3001213335566668,0.101325,0.03835
0.1,0.04,1.0,0.001,0.0,0.0,0,unit_total_var,0.12164556962025315,0.017376340670644624,0.9997125,0.017377576030196275,0.017376340670644624,0.00030874784059164995,9.947705975621444e-07,0.0003081296043588074,0.01773270967686296,0.0770121796185398,0.3001213335566668,0.101325,0.03835
0.1,0.04,1.0,0.001,0.0,0.0,0,unit_total_var,0.12784810126582274,0.011944520661518687,0.9997125,0.011945623517441212,0.011944520661518687,0.0004009722488405032,9.810107122754095e-07,0.00020929119604660163,0.017521941815620022,0.07609682642753621,0.3001213335566668,0.101325,0.03835
0.1,0.04,1.0,0.001,0.0,0.0,0,unit_total_var,0.1340506329113924,0.008157516456402999,0.999675,0.00815848368866715,0.008157516456402999,0.0005149100659416206,9.87125998774818e-07,0.00014165007602100766,0.01736436288888191,0.07541246984407017,0.3001213335566668,0.101325,0.03835
0.1,0.04,1.0,0.001,0.0,0.0,0,unit_total_var,0.14025316455696205,0.005563625794966498,0.999675,0.005564459160929272,0.005563625794966498,0.0006504735381689387,9.945412620948613e-07,9.599430833819714e-05,0.017253911725163964,0.07493278653484525,0.3001213335566668,0.101325,0.03835
0.1,0.04,1.0,0.001,0.0,0.0,0,unit_total_var,0.14645569620253165,0.003811097989157204,0.999675,0.0038117927124244385,0.003811097989157204,0.0007916012286059981,9.707876442999195e-07,6.548616042141296e-05,0.017183016707448855,0.0746248933849642,0.3001213335566668,0.101325,0.03835
0.1,0.04,1.0,0.001,0.0,0.0,0,unit_total_var,0.15265822784810126,0.002636450428988716,0.999675,0.002637022705924371,0.002636450428988716,0.0009425921395340707,9.674051436314723e-07,4.5197690714828494e-05,0.01714338726716183,0.0744527849125885,0.3001213335566668,0.101325,0.03835
0.1,0.04,1.0,0.001,0.0,0.0,0,unit_total_var,0.1588607594936709,0.0018502581712995774,0.99965,0.0018507327085800168,0.0018502581712995774,0.0011136959272306513,9.81897937984977e-07,3.168908550913229e-05,0.017126845323901272,0.07438094416580833,0.3001213335566668,0.101325,0.03835
0.1,0.04,1.0,0.001,0.0,0.0,0,unit_total_var,0.1650632911392405,0.0013214379979662404,0.9996375,0.001321829807341657,0.0013214379979662404,0.0012875021638407702,9.821126817077808e-07,2.2630952024158e-05,0.017126003686126913,0.07437728897939667,0.3001213335566668,0.101325,0.03835
0.1,0.04,1.0,0.001,0.0,0.0,0,unit_total_var,0.17126582278481015,0.0009620322310590275,0.9996375,0.0009623546948395962,0.0009620322310590275,0.001455468647602487,9.989708434215985e-07,1.6484106284375988e-05,0.01713467153406066,0.07441493296467269,0.3001213335566668,0.101325,0.03835
0.1,0.04,1.0,0.001,0.0,0.0,0,unit_total_var,0.17746835443037975,0.0007142758142667369,0.999625,0.0007145429545244756,0.0007142758142667369,0.001623964406352485,9.840946216255195e-07,1.2248367526643829e-05,0.017147952208374558,0.07447261020037753,0.3001213335566668,0.101325,0.03835
0.1,0.04,1.0,0.001,0.0,0.0,0,unit_total_var,0.18367088607594936,0.0005406232578779637,0.9996,0.0005408461669775492,0.0005406232578779637,0.0017903084647983294,9.894513905289726e-07,9.278271610444854e-06,0.01716217620171136,0.07453438421854552,0.3001213335566668,0.101325,0.03835
0.1,0.04,1.0,0.001,0.0,0.0,0,unit_total_var,0.18987341772151897,0.00041673898877372375,0.9995875,0.0004169246796275384,0.00041673898877372375,0.001934701427970253,9.863298664342102e-07,7.157362148791289e-06,0.01717468809398468,0.07458872267627023,0.3001213335566668,0.101325,0.03835
0.1,0.04,1.0,0.001,0.0,0.0,0,unit_total_var,0.1960759493670886,0.00032676371888645735,0.999575,0.000326918804906594,0.00032676371888645735,0.0020607252474391657,9.778647287808642e-07,5.614993038489869e-06,0.01718364896085953,0.07462763922663841,0.3001213335566668,0.101325,0.03835
0.1,0.04,1.0,0.001,0.0,0.0,0,unit_total_var,0.20227848101265825,0.0002602645767850306,0.999575,0.0002603970311349969,0.0002602645767850306,0.0022096576225507647,9.580817427121135e-07,4.473384404144527e-06,0.017187834239307122,0.07464581565998858,0.3001213335566668,0.101325,0.03835
0.1,0.04,1.0,0.001,0.0,0.0,0,unit_total_var,0.20848101265822785,0.00021028573545764527,0.99955,0.00021028573545764527,0.00021028577828801322,8.845578847171964e-07,9.89244822793833e-07,3.6140744186578575e-06,0.01718649346705586,0.07463999276008645,0.2995888927839168,0.101325,0.03835
0.1,0.04,1.0,0.001,0.0,0.0,0,unit_total_var,0.21468354430379746,0.00017213426299523686,0.99955,0.00017223209226214717,0.00017213426299523686,0.0024675297851928235,9.57932678055662e-07,2.957121002464387e-06,0.017179153940701592,0.07460811760213201,0.2995888927839168,0.101325,0.03835
0.1,0.04,1.0,0.001,0.0,0.0,0,unit_total_var,0.2208860759493671,0.00014257784533829737,0.99955,0.00014266570458649767,0.00014257784533829737,0.002675383046828017,9.607062688640757e-07,2.4474396161315618e-06,0.017165637552766153,0.07454941667517577,0.2995888927839168,0.101325,0.03835
0.1,0.04,1.0,0.001,0.0,0.0,0,unit_total_var,0.2270886075949367,0.00011936735038947141,0.9995375,0.00011944549763287273,0.00011936735038947141,0.0028423025040353878,9.970656499116992e-07,2.04666100735209e-06,0.017145902968225827,0.07446371046349062,0.2995888927839168,0.101325,0.03835
0.1,0.04,1.0,0.001,0.0,0.0,0,unit_total_var,0.23329113924050635,0.00010091414898920956,0.9995375,0.00010098267842077624,0.00010091414898920956,0.002948234056191268,9.614416422304428e-07,1.7276477367689187e-06,0.017119975286653315,0.07435110797313575,0.2995888927839168,0.101325,0.03835
0.1,0.04,1.0,0.001,0.0,0.0,0,unit_total_var,0.23949367088607595,8.6069858518278e-05,0.9995375,8.613040150736643e-05,8.6069858518278e-05,0.003053826650258884,9.521140281812391e-07,1.4707647638173668e-06,0.01708803510470546,0.07421239352542637,0.2995888927839168,0.101325,0.03835
0.1,0.04,1.0,0.001,0.0,0.0,0,unit_total_var,0.2456962025316456,7.400090784110609e-05,0.9995125,7.405614717906384e-05,7.400090784110609e-05,0.0032406616177595997,9.675535338517227e-07,1.261735861265279e-06,0.017050275436815768,0.07404840537139644,0.2995888927839168,0.101325,0.03835
0.1,0.04,1.0,0.001,0.0,0.0,0,unit_total_var,0.2518987341772152,6.409311574349661e-05,0.9995125,6.414214855643314e-05,6.409311574349661e-05,0.0033211895720910434,9.508777112643419e-07,1.0900245186392851e-06,0.017006889211028678,0.07385998138689702,0.2995888927839168,0.101325,0.03835
0.1,0.04,1.0,0.001,0.0,0.0,0,unit_total_var,0.2581012658227848,5.588440934950598e-05,0.9995125,5.593048353455762e-05,5.588440934950598e-05,0.0035790877122892084,9.544897975888313e-07,9.476957021509741e-07,0.016958141155684444,0.07364827127250187,0.2995888927839168,0.101325,0.03835
0.1,0.04,1.0,0.001,0.0,0.0,0,unit_total_var,0.2643037974683544,4.902634430498393e-05,0.9995125,4.906814700798552e-05,4.902634430498393e-05,0.0037014686754019976,9.776554312189434e-07,8.287549905528219e-07,0.016904278756688214,0.07341434984584053,0.2995888927839168,0.101325,0.03835
0.1,0.04,1.0,0.001,0.0,0.0,0,unit_total_var,0.2705063291139241,4.32534528787416e-05,0.9995125,4.329226462011626e-05,4.32534528787416e-05,0.003895219019298679,9.588360996709566e-07,7.2862647141315e-07,0.016845509963234837,0.07315912021879137,0.2995888927839168,0.101325,0.03835
0.1,0.04,1.0,0.001,0.0,0.0,0,unit_total_var,0.2767088607594937,3.835814842496949e-05,0.9995125,3.839380960632762e-05,3.835814842496949e-05,0.004035716037407156,9.554776404484266e-07,6.437308035967042e-07,0.0167821135802703,0.07288379322585012,0.2995888927839168,0.101325,0.03835
0.1,0.04,1.0,0.001,0.0,0.0,0,unit_total_var,0.2829113924050633,3.417937654917771e-05,0.9995,3.421278134829554e-05,3.417937654917771e-05,0.004242451627668231,9.66723383684365e-07,5.712853139343997e-07,0.016714328101111713,0.07258940463033273,0.2995888927839168,0.101325,0.03835
0.1,0.04,1.0,0.001,0.0,0.0,0,unit_total_var,0.2891139240506329,3.059018187698125e-05,0.9994875,3.0621011938566066e-05,3.059018187698125e-05,0.0043747968045053645,9.92145599641725e-07,5.090935603194884e-07,0.01664238422533131,0.07227695634775111,0.2995888927839168,0.101325,0.03835
0.1,0.04,1.0,0.001,0.0,0.0,0,unit_total_var,0.2953164556962025,2.7490615522902412e-05,0.9994625,2.751952174414499e-05,2.7490615522902412e-05,0.004564181860814642,9.64726578064207e-07,4.5542179292908135e-07,0.01656644583129358,0.0719471600927993,0.2995888927839168,0.101325,0.03835
0.1,0.04,1.0,0.001,0.0,0.0,0,unit_total_var,0.3015189873417722,2.4798399479264232e-05,0.9994625,2.4825291930585463e-05,2.4798399479264232e-05,0.004707124369502935,9.692866370231146e-07,4.0884605584357133e-07,0.01648679206839286,0.0716012281958932,0.2995888927839168,0.101325,0.03835
0.1,0.04,1.0,0.001,0.0,0.0,0,unit_total_var,0.3077215189873418,2.244869039767996e-05,0.99945,2.244869039767996e-05,2.244909023301641e-05,7.735183248058775e-05,9.720944330569858e-07,3.682392177402643e-07,0.016403594651486726,0.07123990640518378,0.29637237170892616,0.101325,0.03835
0.1,0.04,1.0,0.001,0.0,0.0,0,unit_total_var,0.3139240506329114,2.0388660998814025e-05,0.9994375,2.04119951628805e-05,2.0388660998814025e-05,0.004967518050989384,9.443451894318443e-07,3.3268203868065484e-07,0.016317012613040482,0.0708638853898924,0.29637237170892616,0.101325,0.03835
0.1,0.04,1.0,0.001,0.0,0.0,0,unit_total_var,0.320126582278481,1.8573878630719023e-05,0.999425,1.8596286342363987e-05,1.8573878630719023e-05,0.005236213885737584,9.55957926946499e-07,3.01403832091027e-07,0.016227296305928278,0.07047425241873673,0.29637237170892616,0.101325,0.03835
0.1,0.04,1.0,0.001,0.0,0.0,0,unit_total_var,0.3263291139240506,1.6968868324022322e-05,0.9994125,1.6990540511963802e-05,1.6968868324022322e-05,0.005543154745112133,9.759520276098057e-07,2.737856757632489e-07,0.01613458661681396,0.07007161935472359,0.29637237170892616,0.101325,0.03835
0.1,0.04,1.0,0.001,0.0,0.0,0,unit_total_var,0.3325316455696203,1.55446238705025e-05,0.9994125,1.5565064434722522e-05,1.55446238705025e-05,0.005707048838374361,9.338243423667736e-07,2.493195768382719e-07,0.016038958479489558,0.06965631163117685,0.29637237170892616,0.101325,0.03835
0.1,0.04,1.0,0.001,0.0,0.0,0,unit_total_var,0.3387341772151899,1.4274834513645428e-05,0.9994125,1.4294272375944242e-05,1.4274834513645428e-05,0.005909710563656746,9.68194043696538e-07,2.275512986863423e-07,0.015940731114523547,0.06922971560541047,0.29637237170892616,0.101325,0.03835
0.1,0.04,1.0,0.001,0.0,0.0,0,unit_total_var,0.3449367088607595,1.3140154137452945e-05,0.9994125,1.315882571122913e-05,1.3140154137452945e-05,0.006166750853893177,9.386732714722346e-07,2.0813833528689075e-07,0.015839870149897326,0.06879168200164441,0.29637237170892616,0.101325,0.03835
0.1,0.04,1.0,0.001,0.0,0.0,0,unit_total_var,0.3511392405063291,1.212166248419118e-05,0.9994,1.2139734771240175e-05,1.212166248419118e-05,0.006470110447303057,9.86828116441435e-07,1.9075499933367067e-07,0.015736702748690563,0.06834363167108047,0.29637237170892616,0.101325,0.03835
0.1,0.04,1.0,0.001,0.0,0.0,0,unit_total_var,0.3573417721518987,1.1205888472880023e-05,0.9993875,1.1222866893882847e-05,1.1205888472880023e-05,0.006575162857544114,9.676543057286768e-07,1.7516093676685212e-07,0.015631151174738938,0.06788522700984652,0.29637237170892616,0.101325,0.03835
0.1,0.04,1.0,0.001,0.0,0.0,0,unit_total_var,0.3635443037974684,1.0379515202223225e-05,0.9993875,1.0395579116880972e-05,1.0379515202223225e-05,0.006716186965832094,9.537329493779915e-07,1.6112575395626072e-07,0.015523437349149852,0.06741743180906623,0.29637237170892616,0.101325,0.03835
0.1,0.04,1.0,0.001,0.0,0.0,0,unit_total_var,0.369746835443038,9.631767437194346e-06,0.9993875,9.647677461193962e-06,9.631767437194346e-06,0.0071678798169827465,9.446130649123224e-07,1.4846093796811695e-07,0.015413675520737281,0.06694074224503432,0.29637237170892616,0.101325,0.03835
0.1,0.04,1.0,0.001,0.0,0.0,0,unit_total_var,0.3759493670886076,8.953401614109879e-06,0.999375,8.968661006850975e-06,8.953401614109879e-06,0.007395434115160526,9.399384145476057e-07,1.3700471776525671e-07,0.015301973894407654,0.06645562824568857,0.29637237170892616,0.101325,0.03835
0.1,0.04,1.0,0.001,0.0,0.0,0,unit_total_var,0.3821518987341772,8.336456997074048e-06,0.999375,8.351177166412544e-06,8.336456997074048e-06,0.007661829006870845,9.394328714055349e-07,1.2661773554560234e-07,0.01518843503781558,0.06596253525669314,0.29637237170892616,0.101325,0.03835
0.1,0.04,1.0,0.001,0.0,0.0,0,unit_total_var,0.3883544303797468,7.774052025830608e-06,0.999375,7.788333934092427e-06,7.774052025830608e-06,0.007971214319468345,9.428867511155485e-07,1.1717950098169269e-07,0.015073156262955781,0.06546188589867136,0.29637237170892616,0.101325,0.03835
0.1,0.04,1.0,0.001,0.0,0.0,0,unit_total_var,0.3945569620253165,7.260218748137669e-06,0.9993625,7.274149403430197e-06,7.260218748137669e-06,0.008325107101128992,9.498769439290207e-07,1.0858549715292325e-07,0.01495622940848396,0.0649540790218372,0.29637237170892616,0.101325,0.03835
0.1,0.04,1.0,0.001,0.0,0.0,0,unit_total_var,0.4007594936708861,6.7899728252413826e-06,0.99935,6.802883456099008e-06,6.7899728252413826e-06,0.008249947339109553,9.281098652461071e-07,1.0074743406353973e-07,0.01483767853812554,0.06443921913362229,0.29637237170892616,0.101325,0.03835
0.1,0.04,1.0,0.001,0.0,0.0,0,unit_total_var,0.4069620253164557,6.35807783976866e-06,0.99935,6.35807783976866e-06,6.35812697168347e-06,3.355988646092101e-05,9.808787539700159e-07,9.357696497864607e-08,0.014717807384071113,0.06391862532617018,0.29857910184203706,0.101325,0.03835
0.1,0.04,1.0,0.001,0.0,0.0,0,unit_total_var,0.4131645569620253,5.961364056048077e-06,0.99935,5.9740346413828425e-06,5.961364056048077e-06,0.009220919216950564,9.93299675596318e-07,8.701458729146066e-08,0.014596422307605984,0.06339145663722806,0.29857910184203706,0.101325,0.03835
0.1,0.04,1.0,0.001,0.0,0.0,0,unit_total_var,0.4193670886075949,5.596461294175084e-06,0.99935,5.6086846939311e-06,5.596461294175084e-06,0.009475212862923854,9.366424306017641e-07,8.100060936518777e-08,0.014473540529887145,0.06285778785733052,0.29857910184203706,0.101325,0.03835
0.1,0.04,1.0,0.001,0.0,0.0,0,unit_total_var,0.4255696202531646,5.2593477638890775e-06,0.99935,5.2715530778230335e-06,5.2593477638890775e-06,0.010066950481316894,9.601310274279934e-07,7.546953264498229e-08,0.014349599234178724,0.062319517649269476,0.29857910184203706,0.101325,0.03835
0.1,0.04,1.0,0.001,0.0,0.0,0,unit_total_var,0.4317721518987342,4.947810314907421e-06,0.9993375,4.959557376833992e-06,4.947810314907421e-06,0.0102987730399704,9.86263479517413e-07,7.038000844915215e-08,0.01422447587311541,0.06177611379659961,0.29857910184203706,0.101325,0.03835
0.1,0.04,1.0,0.001,0.0,0.0,0,unit_total_var,0.4379746835443038,4.659895275007873e-06,0.9993375,4.671242080221717e-06,4.659895275007873e-06,0.010562179363418522,9.375785907693793e-07,6.569523622352553e-08,0.014098007003690552,0.061226866475362025,0.29857910184203706,0.101325,0.03835
0.1,0.04,1.0,0.001,0.0,0.0,0,unit_total_var,0.4441772151898734,4.392545933226307e-06,0.9993375,4.403545205556877e-06,4.392545933226307e-06,0.010861474017524131,9.68292130107927e-07,6.136695238388988e-08,0.013970702484792482,0.060673989974574224,0.29857910184203706,0.101325,0.03835
0.1,0.04,1.0,0.001,0.0,0.0,0,unit_total_var,0.450379746835443,4.144750226207245e-06,0.999325,4.155446599454174e-06,4.144750226207245e-06,0.011193417569849371,9.250094472803421e-07,5.737228789668086e-08,0.013842158095297522,0.060115728784201385,0.29857910184203706,0.101325,0.03835
0.1,0.04,1.0,0.001,0.0,0.0,0,unit_total_var,0.4565822784810127,3.913945418126769e-06,0.9993,3.924809690183413e-06,3.913945418126769e-06,0.012038382013585648,9.600836029860157e-07,5.36715918243207e-08,0.013712912698207264,0.05955442315652445,0.29857910184203706,0.101325,0.03835
0.1,0.04,1.0,0.001,0.0,0.0,0,unit_total_var,0.4627848101265823,3.699455741040272e-06,0.9992875,3.7096736109878547e-06,3.699455741040272e-06,0.011978647253847896,9.214035995158688e-07,5.024793740822396e-08,0.013582521572239286,0.05898814169155401,0.29857910184203706,0.101325,0.03835
0.1,0.04,1.0,0.001,0.0,0.0,0,unit_total_var,0.4689873417721519,3.499097840529255e-06,0.999275,3.509530601807154e-06,3.499097840529255e-06,0.01292947411271683,9.607834632651205e-07,4.706831431523783e-08,0.013451557075671404,0.058419370109707325,0.29857910184203706,0.101325,0.03835
0.1,0.04,1.0,0.001,0.0,0.0,0,unit_total_var,0.4751898734177215,3.3124549942036026e-06,0.999275,3.3223236254683436e-06,3.3124549942036026e-06,0.012919482347747646,9.261005756121266e-07,4.412034701943066e-08,0.013319531011481202,0.057845988198255226,0.29857910184203706,0.101325,0.03835
0.1,0.04,1.0,0.001,0.0,0.0,0,unit_total_var,0.4813924050632911,3.1376375498771907e-06,0.99925,3.14776571946258e-06,3.1376375498771907e-06,0.013996276074237812,9.698676973254187e-07,4.137619351028873e-08,0.013187053269396346,0.05727064467463069,0.29857910184203706,0.101325,0.03835
0.1,0.04,1.0,0.001,0.0,0.0,0,unit_total_var,0.4875949367088608,2.9744308572816963e-06,0.9992375,2.984062357253978e-06,2.9744308572816963e-06,0.014040163453806542,9.387308894936994e-07,3.8826999753702924e-08,0.013053589616531393,0.05669101939489168,0.29857910184203706,0.101325,0.03835
0.1,0.04,1.0,0.001,0.0,0.0,0,unit_total_var,0.4937974683544304,2.8211733890408695e-06,0.999225,2.8307189604164006e-06,2.8211733890408695e-06,0.014669751864929024,9.872290952410779e-07,3.6448972337725306e-08,0.012919791629722224,0.05610994212128183,0.29857910184203706,0.101325,0.03835
0.1,0.04,1.0,0.001,0.0,0.0,0,unit_total_var,0.5,2.677746017271642e-06,0.9992125,2.687294527373209e-06,2.677746017271642e-06,0.015458856616241691,9.390161660747036e-07,3.423594927204435e-08,0.012785360915942054,0.05552611694935139,0.29857910184203706,0.101325,0.03835
0.1,0.01,0.0,1.0,0.0,0.0,0,unit_total_var,0.01,0.960636536493802,0.9999875,0.960636536493802,0.9606365365009258,3.220576583196077e-11,9.699202223600878e-07,0.0646413135216672,0.06729008429931216,0.2922371229799591,0.8721851783272908,0.1018875,0.009675
0.1,0.01,0.0,1.0,0.0,0.0,0,unit_total_var,0.016202531645569618,0.954896338554861,0.9999875,0.9548963386701028,0.954896338554861,5.241294898095107e-10,9.502577995590401e-07,0.06381274972188944,0.0668268870089748,0.2902254827076985,0.8721851783272908,0.1018875,0.009675
0.1,0.01,0.0,1.0,0.0,0.0,0,unit_total_var,0.02240506329113924,0.9490634876161248,0.9999875,0.9490634878133584,0.9490634876161248,9.025470648627021e-10,7.982822580743231e-07,0.06298361019341496,0.06636395880281766,0.2882150110531844,0.8721851783272908,0.1018875,0.009675
0.1,0.01,0.0,1.0,0.0,0.0,0,unit_total_var,0.028607594936708863,0.9431109825956256,0.9999875,0.9431109829435138,0.9431109825956256,1.6019955362267526e-09,7.596312343594036e-07,0.06214787998353297,0.06589667719963338,0.28618563283560594,0.8721851783272908,0.1018875,0.009675
0.1,0.01,0.0,1.0,0.0,0.0,0,unit_total_var,0.03481012658227848,0.9370110723306684,0.9999875,0.9370110728689196,0.9370110723306684,2.4947365839800284e-09,7.809697848415453e-07,0.06130109807834558,0.06542195699552268,0.2841239491846734,0.8721851783272908,0.1018875,0.009675
0.1,0.01,0.0,1.0,0.0,0.0,0,unit_total_var,0.0410126582278481,0.9307363844716464,0.9999875,0.9307363853130716,0.9307363844716464,3.926205749404943e-09,8.461542080340223e-07,0.060439586035570474,0.0649373840369208,0.28201947556467005,0.8721851783272908,0.1018875,0.009675
0.1,0.01,0.0,1.0,0.0,0.0,0,unit_total_var,0.047215189873417725,0.9242604505135452,0.9999875,0.924260451837723,0.9242604505135452,6.222089232732486e-09,9.520303621002312e-07,0.05956022168357297,0.06444095022185535,0.2798634908995391,0.8721851783272908,0.1018875,0.009675
0.1,0.01,0.0,1.0,0.0,0.0,0,unit_total_var,0.05341772151898734,0.9175580990392144,0.9999875,0.91755810063922,0.9175580990392144,7.57307461185519e-09,8.40005142777045e-07,0.05866037502331295,0.06393096533585928,0.27764865468111755,0.8721851783272908,0.1018875,0.009675
0.1,0.01,0.0,1.0,0.0,0.0,0,unit_total_var,0.05962025316455696,0.9106058264616776,0.9999875,0.9106058290023326,0.9106058264616776,1.211712430393419e-08,9.956771407360063e-07,0.05773790694436241,0.06340603724084813,0.2753689209305242,0.8721851783272908,0.1018875,0.009675
0.1,0.01,0.0,1.0,0.0,0.0,0,unit_total_var,0.06582278481012659,0.9033821754612648,0.9999875,0.9033821785630612,0.9033821754612648,1.491166295997104e-08,9.191565482069565e-07,0.05679119476547548,0.06286508225212438,0.27301958326491665,0.8721851783272908,0.1018875,0.009675
0.1,0.01,0.0,1.0,0.0,0.0,0,unit_total_var,0.0720253164556962,0.8958681133608456,1.0,0.8958681171628459,0.8958681133608456,1.84311474415999e-08,8.640029918183245e-07,0.0558191658179811,0.06230734746052712,0.2705973718413551,0.8721851783272908,0.1018875,0.009675
0.1,0.01,0.0,1.0,0.0,0.0,0,unit_total_var,0.07822784810126583,0.8880474023272503,1.0,0.8880474076432483,0.8880474023272503,2.5997582753234383e-08,8.249225302847663e-07,0.05482132806347143,0.06173243446217465,0.2681005564137659,0.8721851783272908,0.1018875,0.009675
0.1,0.01,0.0,1.0,0.0,0.0,0,unit_total_var,0.08443037974683544,0.8799069368094053,1.0,0.8799069433365414,0.8799069368094053,3.22158975052389e-08,7.984265195659646e-07,0.05379778862704608,0.061140316522699585,0.26552902087626645,0.8721851783272908,0.1018875,0.009675
0.1,0.01,0.0,1.0,0.0,0.0,0,unit_total_var,0.09063291139240506,0.8714370275691161,1.0,0.8714370355851152,0.8714370275691161,3.994900432680026e-08,7.821579330880013e-07,0.05274925411461322,0.060531343569090575,0.26288428494245913,0.8721851783272908,0.1018875,0.009675
0.1,0.01,0.0,1.0,0.0,0.0,0,unit_total_var,0.09683544303797467,0.8626316116591591,1.0,0.8626316214962808,0.8626316116591591,4.95252849841421e-08,7.744961649791549e-07,0.051677008955147284,0.05990623141639026,0.26016945735757513,0.8721851783272908,0.1018875,0.009675
0.1,0.01,0.0,1.0,0.0,0.0,0,unit_total_var,0.1030379746835443,0.8534883705965023,1.0,0.8534883848711499,0.8534883705965023,7.263602930240863e-08,8.941827189801187e-07,0.05058287087461965,0.059266034098704026,0.2573891157335712,0.8721851783272908,0.1018875,0.009675
0.1,0.01,0.0,1.0,0.0,0.0,0,unit_total_var,0.10924050632911393,0.8440087613896158,1.0,0.8440087613896158,0.8440087637085598,1.1932395072022928e-08,8.714064563264402e-07,0.04946912595086212,0.05861210003248524,0.2545491161686974,0.7571386287082981,0.1018875,0.009675
0.1,0.01,0.0,1.0,0.0,0.0,0,unit_total_var,0.11544303797468355,0.8341979291965747,1.0,0.8341979471644662,0.8341979291965747,9.354322005883377e-08,7.935019219473816e-07,0.048338446906463814,0.0579460164244463,0.2516563518141222,0.7571386287082981,0.1018875,0.009675
0.1,0.01,0.0,1.0,0.0,0.0,0,unit_total_var,0.12164556962025315,0.8240645370809904,1.0,0.8240645589210133,0.8240645370809904,1.1510022412952735e-07,8.119608523315947e-07,0.047193801776899004,0.057269545834443214,0.24871847737004046,0.7571386287082981,0.1018875,0.009675
0.1,0.01,0.0,1.0,0.0,0.0,0,unit_total_var,0.12784810126582274,0.8136205283476192,1.0,0.8136205548036903,0.8136205283476192,1.4121725178117828e-07,8.359711038963268e-07,0.04603835932349472,0.05658455965583115,0.2457436201945283,0.7571386287082981,0.1018875,0.009675
0.1,0.01,0.0,1.0,0.0,0.0,0,unit_total_var,0.1340506329113924,0.8028808025717277,1.0,0.8028808345029487,0.8028808025717277,1.727224359093782e-07,8.653935523739167e-07,0.044875396762080105,0.055892975169338464,0.2427401069319916,0.7571386287082981,0.1018875,0.009675
0.1,0.01,0.0,1.0,0.0,0.0,0,unit_total_var,0.14025316455696205,0.791862855610168,1.0,0.7918628940032708,0.791862855610168,2.1056565735477761e-07,9.001641316785934e-07,0.04370821536313672,0.05519669858672365,0.23971621615491095,0.7571386287082981,0.1018875,0.009675
0.1,0.01,0.0,1.0,0.0,0.0,0,unit_total_var,0.14645569620253165,0.7805863865874185,1.0,0.7805864325697425,0.7805863865874185,2.55831632545167e-07,9.402774736599896e-07,0.042540066906913164,0.05449757725456958,0.2366799707875573,0.7571386287082981,0.1018875,0.009675
0.1,0.01,0.0,1.0,0.0,0.0,0,unit_total_var,0.15265822784810126,0.7690728899440665,1.0,0.7690729390947023,0.7690728899440665,2.77553005689768e-07,9.857748857200475e-07,0.04137409273886005,0.05379736209641861,0.23363897499425754,0.7571386287082981,0.1018875,0.009675
0.1,0.01,0.0,1.0,0.0,0.0,0,unit_total_var,0.1588607594936709,0.7573452528439129,1.0,0.7573453049460491,0.7573452528439129,2.987761449357862e-07,8.235521704591521e-07,0.04021327606878007,0.053097680242630285,0.2306002953123765,0.7571386287082981,0.1018875,0.009675
0.1,0.01,0.0,1.0,0.0,0.0,0,unit_total_var,0.1650632911392405,0.7454273326262622,1.0,0.7454273944364802,0.7454273326262622,3.601133791164557e-07,8.70709275346826e-07,0.03906040518598728,0.052400017381132376,0.2275703840026027,0.7571386287082981,0.1018875,0.009675
0.1,0.01,0.0,1.0,0.0,0.0,0,unit_total_var,0.17126582278481015,0.7333436141711074,1.0,0.7333436872046413,0.7333436141711074,4.325129250304372e-07,9.226465387257576e-07,0.03791805054242768,0.05170570767877506,0.224555035277946,0.7571386287082981,0.1018875,0.009675
0.1,0.01,0.0,1.0,0.0,0.0,0,unit_total_var,0.17746835443037975,0.7211188376774755,1.0,0.7211189150870395,0.7211188376774755,4.661997845545329e-07,9.795222446484786e-07,0.03678854873364883,0.05101593081680487,0.22155937242896406,0.7571386287082981,0.1018875,0.009675
0.1,0.01,0.0,1.0,0.0,0.0,0,unit_total_var,0.18367088607594936,0.7087776972613998,1.0,0.708777778604978,0.7087776972613998,4.984223580528635e-07,8.35920488384545e-07,0.0356739961690388,0.05033171374731068,0.21858785545191065,0.7571386287082981,0.1018875,0.009675
0.1,0.01,0.0,1.0,0.0,0.0,0,unit_total_var,0.18987341772151897,0.6963445250341429,1.0,0.6963446202553181,0.6963445250341429,5.938730991417175e-07,8.921435217246199e-07,0.03457624714149704,0.04965393694996267,0.21564430822140765,0.7571386287082981,0.1018875,0.009675
0.1,0.01,0.0,1.0,0.0,0.0,0,unit_total_var,0.1960759493670886,0.6838431032709466,1.0,0.6838432143171794,0.6838431032709466,7.052313906186215e-07,9.530591498219109e-07,0.03349692055733,0.04898334193487967,0.21273195107498388,0.7571386287082981,0.1018875,0.009675
0.1,0.01,0.0,1.0,0.0,0.0,0,unit_total_var,0.20227848101265825,0.6712964319053651,1.0,0.6712965456121759,0.6712964319053651,7.35624888559272e-07,8.901004604489059e-07,0.032437407347616624,0.04832054187380134,0.2098534469836693,0.7571386287082981,0.1018875,0.009675
0.1,0.01,0.0,1.0,0.0,0.0,0,unit_total_var,0.20848101265822785,0.6587265631338267,1.0,0.6587265631338267,0.6587265714218873,5.464268748589518e-08,9.376806731076216e-07,0.03139888115799674,0.04766603157555945,0.20701094487491628,0.6147220048798432,0.1018875,0.009675
0.1,0.01,0.0,1.0,0.0,0.0,0,unit_total_var,0.21468354430379746,0.6461544930229718,1.0,0.6461546337785297,0.6461544930229718,9.460486014578605e-07,9.473955362437892e-07,0.030382313146931975,0.047020199464668636,0.20420613165495824,0.6147220048798432,0.1018875,0.009675
0.1,0.01,0.0,1.0,0.0,0.0,0,unit_total_var,0.2208860759493671,0.6336000439362655,1.0,0.6336001767097936,0.6336000439362655,9.1008207991905e-07,8.276692611275394e-07,0.029388485874558362,0.046383339388648435,0.2014402834873576,0.6147220048798432,0.1018875,0.009675
0.1,0.01,0.0,1.0,0.0,0.0,0,unit_total_var,0.2270886075949367,0.621081792681541,1.0,0.621081945538549,0.621081792681541,1.0688599751951244e-06,8.899300087961137e-07,0.02841800749651055,0.045755660255012265,0.1987143076459176,0.6147220048798432,0.1018875,0.009675
0.1,0.01,0.0,1.0,0.0,0.0,0,unit_total_var,0.23329113924050635,0.6086170803299562,1.0,0.6086172557498458,0.6086170803299562,1.2517538783285431e-06,9.568039871510337e-07,0.02747132949797393,0.045137296316233186,0.19602878718172048,0.6147220048798432,0.1018875,0.009675
0.1,0.01,0.0,1.0,0.0,0.0,0,unit_total_var,0.23949367088607595,0.5962219693807735,1.0,0.5962221347272122,0.5962219693807735,1.2044010393452707e-06,8.433738845070594e-07,0.026548760885460997,0.04452831705117157,0.19338402383762288,0.6147220048798432,0.1018875,0.009675
0.1,0.01,0.0,1.0,0.0,0.0,0,unit_total_var,0.2456962025316456,0.5839111918820453,1.0,0.5839113809031578,0.5839111918820453,1.4058783932568986e-06,9.083690972744308e-07,0.02565048141704701,0.04392873740674697,0.1907800825272717,0.6147220048798432,0.1018875,0.009675
0.1,0.01,0.0,1.0,0.0,0.0,0,unit_total_var,0.2518987341772152,0.57169826614685,1.0,0.5716984627851635,0.57169826614685,1.4937760846045478e-06,9.780708420947806e-07,0.0247765587672696,0.04333852354365079,0.18821681628841694,0.6147220048798432,0.1018875,0.009675
0.1,0.01,0.0,1.0,0.0,0.0,0,unit_total_var,0.2581012658227848,0.5595954853466243,1.0,0.5595956884232588,0.5595954853466243,1.5760499878503254e-06,8.688529096190224e-07,0.02392696054490742,0.042757601109105786,0.18569390221105006,0.6147220048798432,0.1018875,0.009675
0.1,0.01,0.0,1.0,0.0,0.0,0,unit_total_var,0.2643037974683544,0.5476138939009279,1.0,0.5476141246314891,0.5476138939009279,1.8298474442346446e-06,9.36771623827326e-07,0.0231015650074393,0.04218586355228369,0.18321087755080315,0.6147220048798432,0.1018875,0.009675
0.1,0.01,0.0,1.0,0.0,0.0,0,unit_total_var,0.2705063291139241,0.5357634745751932,1.0,0.5357636922428953,0.5357634745751932,1.7644327616750388e-06,8.367186339341971e-07,0.022300176464126083,0.04162317425951422,0.18076714900204488,0.6147220048798432,0.1018875,0.009675
0.1,0.01,0.0,1.0,0.0,0.0,0,unit_total_var,0.2767088607594937,0.5240530428469665,1.0,0.524053289426961,0.5240530428469665,2.0434631049504053e-06,9.031413483739923e-07,0.021522531478458708,0.0410693760340281,0.17836203386788058,0.6147220048798432,0.1018875,0.009675
0.1,0.01,0.0,1.0,0.0,0.0,0,unit_total_var,0.2829113924050633,0.5124904453975366,1.0,0.5124907240752508,0.5124904453975366,2.361569111819506e-06,9.743684259433394e-07,0.020768312304778762,0.04052429170395338,0.17599476270064673,0.6147220048798432,0.1018875,0.009675
0.1,0.01,0.0,1.0,0.0,0.0,0,unit_total_var,0.2891139240506329,0.5010825657568776,1.0,0.5010828289016489,0.5010825657568776,2.280707810164984e-06,8.760821899045368e-07,0.0200371540872462,0.039987729481229084,0.1736645025753777,0.6147220048798432,0.1018875,0.009675
0.1,0.01,0.0,1.0,0.0,0.0,0,unit_total_var,0.2953164556962025,0.4898353058582182,1.0,0.4898356025317157,0.4898353058582182,2.630345798504408e-06,9.460838423791529e-07,0.01932865076712909,0.03945948880361787,0.17137038246134384,0.6147220048798432,0.1018875,0.009675
0.1,0.01,0.0,1.0,0.0,0.0,0,unit_total_var,0.3015189873417722,0.4787537999128973,1.0,0.4787540968359876,0.4787537999128973,2.693493393213231e-06,9.12511583406328e-07,0.01864236610419821,0.03893935903504042,0.16911148757767586,0.6147220048798432,0.1018875,0.009675
0.1,0.01,0.0,1.0,0.0,0.0,0,unit_total_var,0.3077215189873418,0.4678423414408819,1.0,0.4678423414408819,0.4678423601025102,1.7323447076833534e-07,9.804274849756212e-07,0.017977835876542145,0.03842712444789242,0.16688688103129218,0.4957302757496163,0.1018875,0.009675
0.1,0.01,0.0,1.0,0.0,0.0,0,unit_total_var,0.3139240506329114,0.457104543388333,1.0,0.4571048699019825,0.457104543388333,3.1022011848236275e-06,9.981397095515376e-07,0.017334576702118028,0.037922564876786725,0.16469560665606542,0.4957302757496163,0.1018875,0.009675
0.1,0.01,0.0,1.0,0.0,0.0,0,unit_total_var,0.320126582278481,0.4465433043528819,1.0,0.44654364016283293,0.4465433043528819,3.265984564126967e-06,9.07301863861676e-07,0.01671208901525654,0.03742546098518984,0.1625367118855338,0.4957302757496163,0.1018875,0.009675
0.1,0.01,0.0,1.0,0.0,0.0,0,unit_total_var,0.3263291139240506,0.4361608722372318,1.0,0.43616124865692935,0.4361608722372318,3.748087858745919e-06,9.810404879573298e-07,0.016109860452102342,0.03693559298308639,0.16040924218378885,0.4957302757496163,0.1018875,0.009675
0.1,0.01,0.0,1.0,0.0,0.0,0,unit_total_var,0.3325316455696203,0.4259590234680816,1.0,0.4259593808574905,0.4259590234680816,3.643828971888752e-06,8.958366901623549e-07,0.015527373263565118,0.03645273936714392,0.15831223557408036,0.4957302757496163,0.1018875,0.009675
0.1,0.01,0.0,1.0,0.0,0.0,0,unit_total_var,0.3387341772151899,0.4159388941834513,1.0,0.4159392942050312,0.4159388941834513,4.17674527852796e-06,9.694850167107916e-07,0.014964102591914587,0.03597668503997758,0.1562447579003353,0.4957302757496163,0.1018875,0.009675
0.1,0.01,0.0,1.0,0.0,0.0,0,unit_total_var,0.3449367088607595,0.4061012668209252,1.0,0.4061016474765071,0.4061012668209252,4.0708206232586974e-06,8.892654710379587e-07,0.014419524464464581,0.0355072136990477,0.15420586977255962,0.4957302757496163,0.1018875,0.009675
0.1,0.01,0.0,1.0,0.0,0.0,0,unit_total_var,0.3511392405063291,0.3964463674676696,1.0,0.3964467930038278,0.3964463674676696,4.661611792577958e-06,9.63225505579146e-07,0.01389311303400873,0.03504411737393892,0.15219466798671544,0.4957302757496163,0.1018875,0.009675
0.1,0.01,0.0,1.0,0.0,0.0,0,unit_total_var,0.3573417721518987,0.3869741569431121,1.0,0.38697456285763787,0.3869741569431121,4.555506952108601e-06,8.874487962273746e-07,0.013384347837261371,0.034587187793082945,0.15021024803087432,0.4957302757496163,0.1018875,0.009675
0.1,0.01,0.0,1.0,0.0,0.0,0,unit_total_var,0.3635443037974684,0.3776841124724205,1.0,0.3776845657801067,0.3776841124724205,5.212528198406119e-06,9.621369398971071e-07,0.012892710374747124,0.03413622640981115,0.14825174762781032,0.4957302757496163,0.1018875,0.009675
0.1,0.01,0.0,1.0,0.0,0.0,0,unit_total_var,0.369746835443038,0.36857552414658395,1.0,0.3685759576626764,0.36857552414658395,5.1081399528030155e-06,8.903516341973726e-07,0.012417690799836274,0.033691034771201216,0.1463183049074327,0.4957302757496163,0.1018875,0.009675
0.1,0.01,0.0,1.0,0.0,0.0,0,unit_total_var,0.3759493670886076,0.3596472605085422,1.0,0.3596477442378068,0.3596472605085422,5.841301523368259e-06,9.66204471986032e-07,0.011958783967598287,0.033251425162222945,0.1444091046337236,0.4957302757496163,0.1018875,0.009675
0.1,0.01,0.0,1.0,0.0,0.0,0,unit_total_var,0.3821518987341772,0.3508980715803837,1.0,0.3508985354418364,0.3508980715803837,5.741049963425838e-06,8.980357861787526e-07,0.011515495694077293,0.03281720997272373,0.14252333202614276,0.4957302757496163,0.1018875,0.009675
0.1,0.01,0.0,1.0,0.0,0.0,0,unit_total_var,0.3883544303797468,0.3423263379208877,1.0,0.3423268551722523,0.3423263379208877,6.562137317978056e-06,9.755169392278162e-07,0.011087338375933795,0.032388213081332065,0.14066022219929228,0.4957302757496163,0.1018875,0.009675
0.1,0.01,0.0,1.0,0.0,0.0,0,unit_total_var,0.3945569620253165,0.3339303816404937,1.0,0.3339308790525917,0.3339303816404937,6.46910794532829e-06,9.106566789540691e-07,0.01067383693674293,0.031964258191500165,0.13881900950699338,0.4957302757496163,0.1018875,0.009675
0.1,0.01,0.0,1.0,0.0,0.0,0,unit_total_var,0.4007594936708861,0.3257082140196189,1.0,0.32570875276617983,0.3257082140196189,7.183560468249085e-06,8.630565382361509e-07,0.01027452462895135,0.031545181198078316,0.13699898124963622,0.4957302757496163,0.1018875,0.009675
0.1,0.01,0.0,1.0,0.0,0.0,0,unit_total_var,0.4069620253164557,0.3176577423461956,1.0,0.3176577423461956,0.3176577778943921,4.860068774092953e-07,9.742341928742349e-07,0.009888945803596188,0.031130819386164483,0.13519943076538007,0.4015938009284771,0.1018875,0.009675
0.1,0.01,0.0,1.0,0.0,0.0,0,unit_total_var,0.4131645569620253,0.3097768575529448,1.0,0.3097773744628569,0.3097768575529448,7.246859463627685e-06,8.731543825746256e-07,0.00951665833875345,0.03072101129157762,0.1334196568241965,0.4015938009284771,0.1018875,0.009675
0.1,0.01,0.0,1.0,0.0,0.0,0,unit_total_var,0.4193670886075949,0.30206305786623433,1.0,0.30206363421474386,0.30206305786623433,8.28650614526083e-06,9.518206276482031e-07,0.009157227698645666,0.0303156160946396,0.13165904785399385,0.4015938009284771,0.1018875,0.009675
0.1,0.01,0.0,1.0,0.0,0.0,0,unit_total_var,0.4255696202531646,0.2945140121687275,1.0,0.2945145710733679,0.2945140121687275,8.241678184361945e-06,8.9903246625056e-07,0.008810234471500316,0.0299144832078581,0.12991694986160254,0.4015938009284771,0.1018875,0.009675
0.1,0.01,0.0,1.0,0.0,0.0,0,unit_total_var,0.4317721518987342,0.2871271119457641,1.0,0.2871277350201004,0.2871271119457641,9.424308651695414e-06,9.811819161598123e-07,0.008475268005581538,0.02951747728783775,0.12819277505812496,0.4015938009284771,0.1018875,0.009675
0.1,0.01,0.0,1.0,0.0,0.0,0,unit_total_var,0.4379746835443038,0.2798998368809066,1.0,0.2799004430278398,0.2798998368809066,9.405006669460647e-06,9.308331234691992e-07,0.00815193184654125,0.02912446086922795,0.12648592643912882,0.4015938009284771,0.1018875,0.009675
0.1,0.01,0.0,1.0,0.0,0.0,0,unit_total_var,0.4441772151898734,0.2728294850948199,1.0,0.2728300762083191,0.2728294850948199,9.409432148110852e-06,8.857242255189135e-07,0.0078398391479144,0.028735307495044837,0.12479585480891126,0.4015938009284771,0.1018875,0.009675
0.1,0.01,0.0,1.0,0.0,0.0,0,unit_total_var,0.450379746835443,0.2659133080460484,1.0,0.26591396756750096,0.2659133080460484,1.077141172256546e-05,9.69202432088423e-07,0.007538614604296523,0.02834989591040346,0.12312203356419785,0.4015938009284771,0.1018875,0.009675
0.1,0.01,0.0,1.0,0.0,0.0,0,unit_total_var,0.4565822784810127,0.2591486440660133,1.0,0.259149289363315,0.2591486440660133,1.0814207011655697e-05,9.263026576888931e-07,0.007247896145962328,0.0279681036807434,0.1214639309784488,0.4015938009284771,0.1018875,0.009675
0.1,0.01,0.0,1.0,0.0,0.0,0,unit_total_var,0.4627848101265823,0.25253267942328383,1.0,0.2525333123685277,0.25253267942328383,1.0885097441182268e-05,8.879652684257168e-07,0.006967331006530098,0.027589819355029983,0.11982106302597055,0.4015938009284771,0.1018875,0.009675
0.1,0.01,0.0,1.0,0.0,0.0,0,unit_total_var,0.4689873417721519,0.2460625820822019,1.0,0.2460632890053995,0.2460625820822019,1.2477004841748853e-05,9.74311528345595e-07,0.006696577490735314,0.02721493627380613,0.11819296649062645,0.4015938009284771,0.1018875,0.009675
0.1,0.01,0.0,1.0,0.0,0.0,0,unit_total_var,0.4751898734177215,0.2397356374306097,1.0,0.23973633319389634,0.2397356374306097,1.260412180936754e-05,9.381359546978273e-07,0.006435306577908916,0.02684334564055619,0.1165791688751526,0.4015938009284771,0.1018875,0.009675
0.1,0.01,0.0,1.0,0.0,0.0,0,unit_total_var,0.4813924050632911,0.233548998510129,1.0,0.23354968501523196,0.233548998510129,1.2765841075790265e-05,9.060266297211685e-07,0.0061831979849282185,0.026474949686671655,0.11497924557587726,0.4015938009284771,0.1018875,0.009675
0.1,0.01,0.0,1.0,0.0,0.0,0,unit_total_var,0.4875949367088608,0.2274998207260965,1.0,0.2275005883988181,0.2274998207260965,1.4654757237053671e-05,9.969470653459214e-07,0.005939941837806606,0.026109655026753324,0.11339279102516467,0.4015938009284771,0.1018875,0.009675
0.1,0.01,0.0,1.0,0.0,0.0,0,unit_total_var,0.4937974683544304,0.2215854021554968,1.0,0.2215861622712167,0.2215854021554968,1.4897799824886704e-05,9.67136329244056e-07,0.005705240245792746,0.025747365080435725,0.1118193857798171,0.4015938009284771,0.1018875,0.009675
0.1,0.01,0.0,1.0,0.0,0.0,0,unit_total_var,0.5,0.21580287886694816,1.0,0.21580367460169014,0.21580287886694816,1.6013807237591493e-05,9.346940093024614e-07,0.0054788032421553825,0.025387998857667245,0.11025867810450944,0.4015938009284771,0.1018875,0.009675
0.1,0.01,0.0,1e-06,0.0,0.0,0,unit_total_var,0.01,1.0791169917804329,0.6181125,1.0791169917804329,1.0791169924471788,2.6833421040706185e-09,8.761525975842234e-07,0.06637794061297836,0.06151134781360594,0.2671403892988071,0.7616856916679402,0.1018875,0.009675
0.1,0.01,0.0,1e-06,0.0,0.0,0,unit_total_var,0.016202531645569618,1.1623081432704905,0.696,1.162308174324433,1.1623081432704905,1.160325321380995e-07,7.418180132390263e-07,0.06676871434947661,0.0574449338035295,0.2494801776417044,0.7616856916679402,0.1018875,0.009675
0.1,0.01,0.0,1e-06,0.0,0.0,0,unit_total_var,0.02240506329113924,1.2587458742730115,0.7482375,1.2587458742730115,1.258745878362498,1.4109610924073479e-08,9.091833490515457e-07,0.0672248625359072,0.053406222741133436,0.2319402783577021,0.7616856916679402,0.1018875,0.009675
0.1,0.01,0.0,1e-06,0.0,0.0,0,unit_total_var,0.028607594936708863,1.3712531192830018,0.7878375,1.3712531192830018,1.3712531811747004,1.9601940870472845e-07,6.589975214410515e-07,0.06774001905753703,0.04940008383934018,0.2145418381698344,0.7616856916679402,0.1018875,0.009675
0.1,0.01,0.0,1e-06,0.0,0.0,0,unit_total_var,0.03481012658227848,1.503818137060163,0.819725,1.503818137060163,1.5038183704515762,6.740216282885568e-07,9.685084796373644e-07,0.06828601178386738,0.045408424131232215,0.19720628032116608,0.7616856916679402,0.1018875,0.009675
0.1,0.01,0.0,1e-06,0.0,0.0,0,unit_total_var,0.0410126582278481,1.659628188827147,0.8480625,1.659628203128204,1.659628188827147,3.742326315503419e-08,8.59854964119222e-07,0.06843260477413578,0.0412336963392366,0.17907566788604767,0.7616856916679402,0.1018875,0.009675
0.1,0.01,0.0,1e-06,0.0,0.0,0,unit_total_var,0.047215189873417725,1.8354462364561368,0.8708625,1.835446298326049,1.8354462364561368,1.463936145640332e-07,9.474739286474687e-07,0.06690248845750696,0.036450257778556164,0.15830145817178026,0.7616856916679402,0.1018875,0.009675
0.1,0.01,0.0,1e-06,0.0,0.0,0,unit_total_var,0.05341772151898734,2.020695328632537,0.8907,2.0206954059480884,2.020695328632537,1.661691193532988e-07,8.810932428104935e-07,0.06425609813275204,0.03179900365100363,0.13810131815652232,0.7616856916679402,0.1018875,0.009675
0.1,0.01,0.0,1e-06,0.0,0.0,0,unit_total_var,0.05962025316455696,2.160812135932194,0.9066625,2.160812135932194,2.1608130303011817,1.7975622657040446e-06,9.581818858350744e-07,0.061006940093254775,0.028233338326256595,0.12261583040800828,0.7616856916679402,0.1018875,0.009675
0.1,0.01,0.0,1e-06,0.0,0.0,0,unit_total_var,0.06582278481012659,2.173583936377891,0.9179625,2.173583995525596,2.173583936377891,1.1818048939460368e-07,9.065022013032831e-07,0.056358531220819574,0.0259288497111074,0.11260756351632667,0.7616856916679402,0.1018875,0.009675
0.1,0.01,0.0,1e-06,0.0,0.0,0,unit_total_var,0.0720253164556962,2.0536028689833707,0.9255625,2.0536028689833707,2.053602872286928,6.98633861873077e-09,8.99118894892581e-07,0.05041255358771367,0.024548345909094996,0.1066121116817222,0.7616856916679402,0.1018875,0.009675
0.1,0.01,0.0,1e-06,0.0,0.0,0,unit_total_var,0.07822784810126583,1.8577654542267772,0.930275,1.8577657245255736,1.8577654542267772,6.318842182828632e-07,9.878097166904354e-07,0.044144229249234494,0.02376200351276734,0.10319707004560537,0.7616856916679402,0.1018875,0.009675
0.1,0.01,0.0,1e-06,0.0,0.0,0,unit_total_var,0.08443037974683544,1.6342984405882568,0.934225,1.6342987822777906,1.6342984405882568,9.079973386505457e-07,9.699351437575388e-07,0.038033500202363874,0.023272065406042926,0.10106929588336,0.7616856916679402,0.1018875,0.009675
0.1,0.01,0.0,1e-06,0.0,0.0,0,unit_total_var,0.09063291139240506,1.4100259229159484,0.9369875,1.4100263520934428,1.4100259229159484,1.3218862602304426e-06,9.677593020285258e-07,0.03229351808818106,0.022902783249117674,0.09946552385318032,0.7616856916679402,0.1018875,0.009675
0.1,0.01,0.0,1e-06,0.0,0.0,0,unit_total_var,0.09683544303797467,1.1973703701111218,0.9391,1.197370896007142,1.1973703701111218,1.9074606756319668e-06,9.437621137919905e-07,0.02709876898893511,0.022631902095940636,0.09828910195241657,0.7616856916679402,0.1018875,0.009675
0.1,0.01,0.0,1e-06,0.0,0.0,0,unit_total_var,0.1030379746835443,1.0001306545596709,0.94075,1.000131307961122,1.0001306545596709,2.837314812024864e-06,9.934238889286462e-07,0.022448045175691357,0.022445112619385303,0.0974778855629608,0.7616856916679402,0.1018875,0.009675
0.1,0.01,0.0,1e-06,0.0,0.0,0,unit_total_var,0.10924050632911393,0.8203333826052956,0.942025,0.8203333826052956,0.8203333948658744,6.490899651101499e-08,9.820113344716221e-07,0.01833588512927177,0.022351748103970673,0.09707240862445933,0.3008091939160144,0.1018875,0.009675
0.1,0.01,0.0,1e-06,0.0,0.0,0,unit_total_var,0.11544303797468355,0.6578626351837444,0.943075,0.6578636098836168,0.6578626351837444,6.434572201730048e-06,9.890429506498322e-07,0.014674060487589704,0.02230566033514149,0.09687225198760184,0.3008091939160144,0.1018875,0.009675
0.1,0.01,0.0,1e-06,0.0,0.0,0,unit_total_var,0.12164556962025315,0.5126450582922193,0.9441875,0.5126462773776952,0.5126450582922193,1.0327642041563223e-05,9.734527655069771e-07,0.011376199672865158,0.02219118177158057,0.0963750779030947,0.3008091939160144,0.1018875,0.009675
0.1,0.01,0.0,1e-06,0.0,0.0,0,unit_total_var,0.12784810126582274,0.38601872096506507,0.944725,0.3860202177083005,0.38601872096506507,1.6839236868015917e-05,9.996810867995978e-07,0.00842180158974672,0.021817080707100985,0.09475037762331852,0.3008091939160144,0.1018875,0.009675
0.1,0.01,0.0,1e-06,0.0,0.0,0,unit_total_var,0.1340506329113924,0.28197170949927763,0.9450875,0.2819734644878356,0.28197170949927763,2.7030352653056866e-05,9.69084186230873e-07,0.005984068539300321,0.02122223023695096,0.0921669748558814,0.3008091939160144,0.1018875,0.009675
0.1,0.01,0.0,1e-06,0.0,0.0,0,unit_total_var,0.14025316455696205,0.2000434714638516,0.945625,0.2000456102532748,0.2000434714638516,4.643288142069935e-05,9.966969538588444e-07,0.004146636513523764,0.020728677037946088,0.09002350054734627,0.3008091939160144,0.1018875,0.009675
0.1,0.01,0.0,1e-06,0.0,0.0,0,unit_total_var,0.14645569620253165,0.1365769810387676,0.945875,0.13657957489391176,0.1365769810387676,8.247995162768973e-05,9.944115301196987e-07,0.002788753386184691,0.02041891221327479,0.08867820900692155,0.3008091939160144,0.1018875,0.009675
0.1,0.01,0.0,1e-06,0.0,0.0,0,unit_total_var,0.15265822784810126,0.08951395613316952,0.9459375,0.08951705921839567,0.08951395613316952,0.00015054964504912505,9.888800885926585e-07,0.0018121320357549343,0.020244128558668924,0.08791913323969942,0.3008091939160144,0.1018875,0.009675
0.1,0.01,0.0,1e-06,0.0,0.0,0,unit_total_var,0.1588607594936709,0.056037749156094614,0.945925,0.056041450248688784,0.056037749156094614,0.00028682647623767815,9.971145625287112e-07,0.001118955457278236,0.0199678872568803,0.08671943250929373,0.3008091939160144,0.1018875,0.009675
0.1,0.01,0.0,1e-06,0.0,0.0,0,unit_total_var,0.1650632911392405,0.033555409523035415,0.9457375,0.033559794402132526,0.033555409523035415,0.0005674805966542351,9.87001622015926e-07,0.0006573176986581665,0.019589023290176963,0.08507404720798137,0.3008091939160144,0.1018875,0.009675
0.1,0.01,0.0,1e-06,0.0,0.0,0,unit_total_var,0.17126582278481015,0.018821449443987708,0.94525,0.018826859772349654,0.018821449443987708,0.0012482237943522991,9.959590166891408e-07,0.0003629107542521507,0.01928176442160666,0.08373963889662217,0.3008091939160144,0.1018875,0.009675
0.1,0.01,0.0,1e-06,0.0,0.0,0,unit_total_var,0.17746835443037975,0.009750433015981415,0.944725,0.009756935265683673,0.009750433015981415,0.0028952047548926885,9.927687475916323e-07,0.00018621800980116982,0.019098434858836503,0.08294344872181401,0.3008091939160144,0.1018875,0.009675
0.1,0.01,0.0,1e-06,0.0,0.0,0,unit_total_var,0.18367088607594936,0.004690613483217891,0.9438875,0.00469832123781133,0.004690613483217891,0.007130598175937307,9.935023876500582e-07,8.94608813820677e-05,0.019072320007210455,0.08283003336224487,0.3008091939160144,0.1018875,0.009675
0.1,0.01,0.0,1e-06,0.0,0.0,0,unit_total_var,0.18987341772151897,0.002098193904725628,0.942575,0.002104245868468891,0.002098193904725628,0.01250862078795123,9.916325506079129e-07,3.9960759028612495e-05,0.019045312703755087,0.08271274213362734,0.3008091939160144,0.1018875,0.009675
0.1,0.01,0.0,1e-06,0.0,0.0,0,unit_total_var,0.1960759493670886,0.0009004752355805491,0.941325,0.0009046283606739623,0.0009004752355805491,0.019984254611081557,9.964951264464228e-07,1.7178776135882997e-05,0.019077455389217447,0.08285233604292587,0.3008091939160144,0.1018875,0.009675
0.1,0.01,0.0,1e-06,0.0,0.0,0,unit_total_var,0.20227848101265825,0.0003883882590451303,0.939975,0.00039111561706605617,0.0003883882590451303,0.030390647395101663,9.98750930247122e-07,7.445783992269234e-06,0.01917098114802704,0.08325851325259408,0.3008091939160144,0.1018875,0.009675
0.1,0.01,0.0,1e-06,0.0,0.0,0,unit_total_var,0.20848101265822785,0.0001721962815867379,0.938225,0.0001721962815867379,0.0001722006414918333,0.000109959328774778,9.974286296256935e-07,3.316666057864295e-06,0.019260962125907697,0.08364929567429237,0.8667677574733581,0.1018875,0.009675
0.1,0.01,0.0,1e-06,0.0,0.0,0,unit_total_var,0.21468354430379746,7.989845722092979e-05,0.9367,8.10550277077073e-05,7.989845722092979e-05,0.0624156508448479,9.91246503833504e-07,1.5468905440691759e-06,0.01936070604957764,0.08408247803082472,0.8667677574733581,0.1018875,0.009675
0.1,0.01,0.0,1e-06,0.0,0.0,0,unit_total_var,0.2208860759493671,3.8647639050893045e-05,0.9350625,3.941774983171618e-05,3.8647639050893045e-05,0.08568860474118623,9.944905505670024e-07,7.507129592727314e-07,0.019424549020553544,0.08435974453085618,0.8667677574733581,0.1018875,0.009675
0.1,0.01,0.0,1e-06,0.0,0.0,0,unit_total_var,0.2270886075949367,1.9646041958589236e-05,0.9333875,2.0162861290406587e-05,1.9646041958589236e-05,0.11277095172946615,9.8968094963724e-07,3.823827599399962e-07,0.01946360293569559,0.08452935352928527,0.8667677574733581,0.1018875,0.009675
0.1,0.01,0.0,1e-06,0.0,0.0,0,unit_total_var,0.23329113924050635,1.0488008001521497e-05,0.931675,1.0845985137365747e-05,1.0488008001521497e-05,0.1457599495633488,9.915202912645985e-07,2.0434001646459087e-07,0.0194832056225498,0.08461448691659786,0.8667677574733581,0.1018875,0.009675
0.1,0.01,0.0,1e-06,0.0,0.0,0,unit_total_var,0.23949367088607595,5.831003921134003e-06,0.930275,6.087362012956473e-06,5.831003921134003e-06,0.18685796370085228,9.999911056574051e-07,1.1384707404456225e-07,0.01952443791573056,0.08479355649064407,0.8667677574733581,0.1018875,0.009675
0.1,0.01,0.0,1e-06,0.0,0.0,0,unit_total_var,0.2456962025316456,3.369282548158005e-06,0.9287375,3.5544157316445343e-06,3.369282548158005e-06,0.2323078994060168,9.956597402296236e-07,6.594893090229424e-08,0.01957358279089674,0.08500698997162902,0.8667677574733581,0.1018875,0.009675
0.1,0.01,0.0,1e-06,0.0,0.0,0,unit_total_var,0.2518987341772152,2.0177962961333413e-06,0.927275,2.154298618126371e-06,2.0177962961333413e-06,0.2842858236086414,9.939956771907836e-07,3.9589311642421334e-08,0.019620073502109932,0.08520889656502552,0.8667677574733581,0.1018875,0.009675
0.1,0.01,0.0,1e-06,0.0,0.0,0,unit_total_var,0.2581012658227848,1.2485073135716934e-06,0.925875,1.3507827647133792e-06,1.2485073135716934e-06,0.341944198988287,9.896691128750924e-07,2.4547838678445982e-08,0.019661750004667758,0.08538989531588444,0.8667677574733581,0.1018875,0.009675
0.1,0.01,0.0,1e-06,0.0,0.0,0,unit_total_var,0.2643037974683544,7.954009613723555e-07,0.9242125,8.731311783342572e-07,7.954009613723555e-07,0.40493384999450655,9.892274530525543e-07,1.5667986286246583e-08,0.019698223973998747,0.08554829975202,0.8667677574733581,0.1018875,0.009675
0.1,0.01,0.0,1e-06,0.0,0.0,0,unit_total_var,0.2705063291139241,5.203526817592675e-07,0.922625,5.807091019564782e-07,5.203526817592675e-07,0.4766083601834481,9.874984735488241e-07,1.0266226051826847e-08,0.019729361280732948,0.08568352735697991,0.8667677574733581,0.1018875,0.009675
0.1,0.01,0.0,1e-06,0.0,0.0,0,unit_total_var,0.2767088607594937,3.4847565470731763e-07,0.921325,3.964359977198697e-07,3.4847565470731763e-07,0.5600064029621734,9.93003892605119e-07,6.884353689111681e-09,0.019755623086191783,0.08579758092893583,0.8667677574733581,0.1018875,0.009675
0.1,0.01,0.0,1e-06,0.0,0.0,0,unit_total_var,0.2829113924050633,2.3843874553293556e-07,0.9197375,2.768270469917777e-07,2.3843874553293556e-07,0.6483169171482075,9.980966883256872e-07,4.715623620572479e-09,0.019777086186360208,0.08589079398861266,0.8667677574733581,0.1018875,0.009675
0.1,0.01,0.0,1e-06,0.0,0.0,0,unit_total_var,0.2891139240506329,1.6660639311588893e-07,0.9183,1.973951218210479e-07,1.6660639311588893e-07,0.7364475346244745,9.860730909491669e-07,3.297665812653562e-09,0.019793152897558702,0.08596057082877105,0.8667677574733581,0.1018875,0.009675
0.1,0.01,0.0,1e-06,0.0,0.0,0,unit_total_var,0.2953164556962025,1.1840242862683957e-07,0.9169625,1.436454671965178e-07,1.1840242862683957e-07,0.8393131560175533,9.847565801021595e-07,2.345015823057877e-09,0.019805470633110868,0.08601406607456953,0.8667677574733581,0.1018875,0.009675
0.1,0.01,0.0,1e-06,0.0,0.0,0,unit_total_var,0.3015189873417722,8.546659594821379e-08,0.9154125,1.0634316041022855e-07,8.546659594821379e-08,0.9491315618407724,9.885134827557706e-07,1.6934600756178713e-09,0.019814291850865084,0.08605237613651275,0.8667677574733581,0.1018875,0.009675
0.1,0.01,0.0,1e-06,0.0,0.0,0,unit_total_var,0.3077215189873418,6.253879411368465e-08,0.914,6.25738076517207e-08,6.253879411368465e-08,0.002430800182125381,9.995175380365505e-07,1.2395425455700787e-09,0.01982037810509755,0.08607880840279894,3.4710991395027087,0.1018875,0.009675
0.1,0.01,0.0,1e-06,0.0,0.0,0,unit_total_var,0.3139240506329114,4.649073934844216e-08,0.91265,6.091059800995693e-08,4.649073934844216e-08,1.1732641047097443,9.92572289649894e-07,9.215301675786055e-10,0.01982180065306888,0.08608498645014086,3.4710991395027087,0.1018875,0.009675
0.1,0.01,0.0,1e-06,0.0,0.0,0,unit_total_var,0.320126582278481,3.4934181756476465e-08,0.9109,4.738852472495972e-08,3.4934181756476465e-08,1.3242261320249042,9.961577756037682e-07,6.924504183958094e-10,0.019821572556724783,0.08608399584030503,3.4710991395027087,0.1018875,0.009675
0.1,0.01,0.0,1e-06,0.0,0.0,0,unit_total_var,0.3263291139240506,2.6637070469326108e-08,0.909125,3.71392561271862e-08,2.6637070469326108e-08,1.4434674123093174,9.814385982721719e-07,5.278556984182225e-10,0.019816582271165072,0.08606232330548799,3.4710991395027087,0.1018875,0.009675
0.1,0.01,0.0,1e-06,0.0,0.0,0,unit_total_var,0.3325316455696203,2.0475003244884088e-08,0.9076,2.9558281786397398e-08,2.0475003244884088e-08,1.5945520579561359,9.804283617955863e-07,4.0563571843806615e-10,0.019811265160088253,0.0860392313854847,3.4710991395027087,0.1018875,0.009675
0.1,0.01,0.0,1e-06,0.0,0.0,0,unit_total_var,0.3387341772151899,1.5886860348412782e-08,0.90625,2.3706686990885937e-08,1.5886860348412782e-08,1.7383278762741838,9.80223620300114e-07,3.1463114577892994e-10,0.019804488670435383,0.08600980146485553,3.4710991395027087,0.1018875,0.009675
0.1,0.01,0.0,1e-06,0.0,0.0,0,unit_total_var,0.3449367088607595,1.2376708366480587e-08,0.9045875,1.9305696829995138e-08,1.2376708366480587e-08,1.9308032415564185,9.982949525158409e-07,2.4506343590728e-10,0.01980037249410973,0.08599192513820783,3.4710991395027087,0.1018875,0.009675
0.1,0.01,0.0,1e-06,0.0,0.0,0,unit_total_var,0.3511392405063291,9.791894297177318e-09,0.9028,1.5807652205436218e-08,9.791894297177318e-09,2.0800065550198354,9.875728166328134e-07,1.9377766075825583e-10,0.01978959891490205,0.08594513607820539,3.4710991395027087,0.1018875,0.009675
0.1,0.01,0.0,1e-06,0.0,0.0,0,unit_total_var,0.3573417721518987,7.792807078484399e-09,0.9009375,1.3056501697948338e-08,7.792807078484399e-09,2.241329047351556,9.83832007550855e-07,1.541386496468376e-10,0.01977960548675812,0.08590173517122335,3.4710991395027087,0.1018875,0.009675
0.1,0.01,0.0,1e-06,0.0,0.0,0,unit_total_var,0.3635443037974684,6.2522635270484974e-09,0.89925,1.0895129041275054e-08,6.2522635270484974e-09,2.4119510353297926,9.773809801440263e-07,1.2359774838956915e-10,0.019768480303950956,0.08585341911619017,3.4710991395027087,0.1018875,0.009675
0.1,0.01,0.0,1e-06,0.0,0.0,0,unit_total_var,0.369746835443038,5.013285310591028e-09,0.897275,9.194355289668448e-09,5.013285310591028e-09,2.6339886040437652,9.917358685472945e-07,9.908063513962608e-11,0.019763613878170688,0.08583228449756054,3.4710991395027087,0.1018875,0.009675
0.1,0.01,0.0,1e-06,0.0,0.0,0,unit_total_var,0.3759493670886076,4.067126916373782e-09,0.895475,7.798442221664601e-09,4.067126916373782e-09,2.8272013387678068,9.903676234320104e-07,8.034218906276897e-11,0.01975404031266411,0.08579070703084409,3.4710991395027087,0.1018875,0.009675
0.1,0.01,0.0,1e-06,0.0,0.0,0,unit_total_var,0.3821518987341772,3.3180139242558727e-09,0.893375,6.612214718673642e-09,3.3180139242558727e-09,2.994687437513861,9.907987848034005e-07,6.551276405399897e-11,0.019744571767790712,0.08574958566294237,3.4710991395027087,0.1018875,0.009675
0.1,0.01,0.0,1e-06,0.0,0.0,0,unit_total_var,0.3883544303797468,2.731326199277353e-09,0.891225,5.666562200609047e-09,2.731326199277353e-09,3.1694608973650418,9.82051589144332e-07,5.3897935638217185e-11,0.019733247406508,0.08570040458678077,3.4710991395027087,0.1018875,0.009675
0.1,0.01,0.0,1e-06,0.0,0.0,0,unit_total_var,0.3945569620253165,2.241476436032647e-09,0.8886875,4.908403186174271e-09,2.241476436032647e-09,3.4040605172954344,9.900646430439515e-07,4.422751934632225e-11,0.019731422840475528,0.08569248059718307,3.4710991395027087,0.1018875,0.009675
0.1,0.01,0.0,1e-06,0.0,0.0,0,unit_total_var,0.4007594936708861,1.8284093058960519e-09,0.886075,4.258875295314293e-09,1.8284093058960519e-09,3.672215006124532,9.983669588514208e-07,3.612211128189733e-11,0.019756031193570688,0.08579935331676261,3.4710991395027087,0.1018875,0.009675
0.1,0.01,0.0,1e-06,0.0,0.0,0,unit_total_var,0.4069620253164557,1.5193460266566735e-09,0.8835375,1.5193460266566735e-09,1.559219092670786e-09,0.11250449649305948,9.940591271978796e-07,3.0021152299169685e-11,0.019759259426393696,0.08581337335377594,7.3850601265491616,0.1018875,0.009675
0.1,0.01,0.0,1e-06,0.0,0.0,0,unit_total_var,0.4131645569620253,1.3041668947618433e-09,0.8813625,1.6138362784833764e-09,1.3041668947618433e-09,0.925263022387952,9.828600994161595e-07,2.5691539480585426e-11,0.019699579542905826,0.08555418691298182,7.3850601265491616,0.1018875,0.009675
0.1,0.01,0.0,1e-06,0.0,0.0,0,unit_total_var,0.4193670886075949,1.0954801152753598e-09,0.878575,1.673152851824514e-09,1.0954801152753598e-09,1.8393111916718825,9.851094640409997e-07,2.1574109760979574e-11,0.01969374839410637,0.08552886255551423,7.3850601265491616,0.1018875,0.009675
0.1,0.01,0.0,1e-06,0.0,0.0,0,unit_total_var,0.4255696202531646,9.263356464123364e-10,0.8758625,1.6989081405640316e-09,9.263356464123364e-10,2.6340152083474777,9.849457096447394e-07,1.823451701813309e-11,0.019684567995148082,0.08548899258942168,7.3850601265491616,0.1018875,0.009675
0.1,0.01,0.0,1e-06,0.0,0.0,0,unit_total_var,0.4317721518987342,7.912172866982771e-10,0.8731125,1.6943659430098295e-09,7.912172866982771e-10,3.307114462128254,9.632918852004282e-07,1.5575971989353937e-11,0.019686086554493703,0.08549558760886414,7.3850601265491616,0.1018875,0.009675
0.1,0.01,0.0,1e-06,0.0,0.0,0,unit_total_var,0.4379746835443038,6.676568862984471e-10,0.870125,1.6638348311287746e-09,6.676568862984471e-10,3.9655687895439087,9.750056015992894e-07,1.3148533241831806e-11,0.019693548455297926,0.08552799423230195,7.3850601265491616,0.1018875,0.009675
0.1,0.01,0.0,1e-06,0.0,0.0,0,unit_total_var,0.4441772151898734,5.694546612788176e-10,0.866775,1.6121117879650278e-09,5.694546612788176e-10,4.519360013811792,9.630102300658591e-07,1.1227315039162208e-11,0.019715906818550157,0.08562509537015027,7.3850601265491616,0.1018875,0.009675
0.1,0.01,0.0,1e-06,0.0,0.0,0,unit_total_var,0.450379746835443,4.787634989709712e-10,0.8628375,1.5240609807029687e-09,4.787634989709712e-10,5.028813120403228,9.839364186417865e-07,9.45282173589318e-12,0.01974424064535114,0.08574814761645899,7.3850601265491616,0.1018875,0.009675
0.1,0.01,0.0,1e-06,0.0,0.0,0,unit_total_var,0.4565822784810127,4.0774826550554176e-10,0.8589125,1.405835842076537e-09,4.0774826550554176e-10,5.375424892511773,9.943634430232636e-07,8.057004913563013e-12,0.019759752757191086,0.08581551586220652,7.3850601265491616,0.1018875,0.009675
0.1,0.01,0.0,1e-06,0.0,0.0,0,unit_total_var,0.4627848101265823,3.5416309488740183e-10,0.8551375,1.2871247495230734e-09,3.5416309488740183e-10,5.604173371249062,9.710952884902887e-07,7.0088219528891936e-12,0.01978981450655521,0.08594607238085851,7.3850601265491616,0.1018875,0.009675
0.1,0.01,0.0,1e-06,0.0,0.0,0,unit_total_var,0.4689873417721519,3.04680841817971e-10,0.8506875,1.1716600967796445e-09,3.04680841817971e-10,5.84956492552712,9.591872306204242e-07,6.047305224474057e-12,0.01984799959324968,0.08619876700166319,7.3850601265491616,0.1018875,0.009675
0.1,0.01,0.0,1e-06,0.0,0.0,0,unit_total_var,0.4751898734177215,2.5867013988403776e-10,0.8454625,1.0798336253326396e-09,2.5867013988403776e-10,6.206105490605268,9.60514988688432e-07,5.158260732315244e-12,0.01994146187351853,0.08660466852753179,7.3850601265491616,0.1018875,0.009675
0.1,0.01,0.0,1e-06,0.0,0.0,0,unit_total_var,0.4813924050632911,2.1567878694395787e-10,0.8393125,9.901106579597473e-10,2.1567878694395787e-10,6.618763032300521,9.866072925638628e-07,4.325128755957741e-12,0.020053565847816018,0.08709152990190003,7.3850601265491616,0.1018875,0.009675
0.1,0.01,0.0,1e-06,0.0,0.0,0,unit_total_var,0.4875949367088608,1.841856735684584e-10,0.83275,9.041414206338937e-10,1.841856735684584e-10,6.909805190075487,9.812209098872488e-07,3.716858543508024e-12,0.02017995467017981,0.08764042958316846,7.3850601265491616,0.1018875,0.009675
0.1,0.01,0.0,1e-06,0.0,0.0,0,unit_total_var,0.4937974683544304,1.5480199550790145e-10,0.8244125,8.230527151643927e-10,1.5480199550790145e-10,7.256510971980332,9.85518389651768e-07,3.1523708969465164e-12,0.020363890572622573,0.08843925305771634,7.3850601265491616,0.1018875,0.009675
0.1,0.01,0.0,1e-06,0.0,0.0,0,unit_total_var,0.5,1.273564676294137e-10,0.8144875,7.622400500003404e-10,1.273564676294137e-10,7.770707590255654,9.982185112410223e-07,2.628073006503744e-12,0.02063556767412082,0.0896191317181179,7.3850601265491616,0.1018875,0.009675
0.1,0.04,0.0,1.0,0.0,0.0,0,unit_total_var,0.01,0.9399277808282628,0.9999875,0.9399277808282628,0.9399277808343224,2.7998492413416895e-11,9.688757245385204e-07,0.032111500974969544,0.03416379601704393,0.1483714809107047,0.4428959858409004,0.103375,0.03835
0.1,0.04,0.0,1.0,0.0,0.0,0,unit_total_var,0.016202531645569618,0.9345748231497192,0.9999875,0.934574823255402,0.9345748231497192,4.911062112533671e-10,9.510109464372364e-07,0.03171644665142044,0.03393676553850355,0.14738550007016527,0.4428959858409004,0.103375,0.03835
0.1,0.04,0.0,1.0,0.0,0.0,0,unit_total_var,0.02240506329113924,0.929155511480685,0.9999875,0.9291555116587504,0.929155511480685,8.322921796199977e-10,7.988394088442873e-07,0.031322512551001415,0.03371073212608558,0.14640384943277646,0.4428959858409004,0.103375,0.03835
0.1,0.04,0.0,1.0,0.0,0.0,0,unit_total_var,0.028607594936708863,0.9236799168940112,0.9999875,0.9236799172005687,0.9236799168940112,1.4413673032898087e-09,7.598728473112716e-07,0.030929436002281988,0.03348501514061935,0.14542357302017822,0.4428959858409004,0.103375,0.03835
0.1,0.04,0.0,1.0,0.0,0.0,0,unit_total_var,0.03481012658227848,0.9181492910854836,0.9999875,0.9181492915447114,0.9181492910854836,2.172196145178163e-09,7.806146129496483e-07,0.03053692530972755,0.033259215692063776,0.14444293847493336,0.4428959858409004,0.103375,0.03835
0.1,0.04,0.0,1.0,0.0,0.0,0,unit_total_var,0.0410126582278481,0.912561598649954,0.9999875,0.9125615993403376,0.912561598649954,3.285584249113072e-09,8.446909873782715e-07,0.03014468941639132,0.033033046164760216,0.14346069669810738,0.4428959858409004,0.103375,0.03835
0.1,0.04,0.0,1.0,0.0,0.0,0,unit_total_var,0.047215189873417725,0.9069133433853768,0.9999875,0.9069133444244644,0.9069133433853768,4.975888923119953e-09,9.485981564694157e-07,0.029752448475231424,0.03280627492387511,0.1424758417123998,0.4428959858409004,0.103375,0.03835
0.1,0.04,0.0,1.0,0.0,0.0,0,unit_total_var,0.05341772151898734,0.9012003439985616,0.9999875,0.9012003451921142,0.9012003439985616,5.751809362131155e-09,8.346134876546785e-07,0.029359938959519712,0.032578703675646366,0.14148751233894402,0.4428959858409004,0.103375,0.03835
0.1,0.04,0.0,1.0,0.0,0.0,0,unit_total_var,0.05962025316455696,0.8954181218844831,0.9999875,0.8954181236840574,0.8954181218844831,8.728270661784164e-09,9.858793816874822e-07,0.028966916709601775,0.03235015687267804,0.1404949461850863,0.4428959858409004,0.103375,0.03835
0.1,0.04,0.0,1.0,0.0,0.0,0,unit_total_var,0.06582278481012659,0.8895621229530727,0.9999875,0.8895621250309544,0.8895621229530727,1.0144458162386627e-08,9.057442582616205e-07,0.028573159244942387,0.03212047647677296,0.13949745689965698,0.4428959858409004,0.103375,0.03835
0.1,0.04,0.0,1.0,0.0,0.0,0,unit_total_var,0.0720253164556962,0.8836278553653009,0.9999875,0.8836278581152331,0.8836278553653009,1.351564915541559e-08,8.462801233122264e-07,0.028178467505166106,0.0318895192518765,0.13849442241637475,0.4428959858409004,0.103375,0.03835
0.1,0.04,0.0,1.0,0.0,0.0,0,unit_total_var,0.07822784810126583,0.8776109862064694,1.0,0.877610989395069,0.8776109862064694,1.577910069272548e-08,8.02106931985236e-07,0.027782667497614308,0.031657155544174184,0.1374852796558778,0.4428959858409004,0.103375,0.03835
0.1,0.04,0.0,1.0,0.0,0.0,0,unit_total_var,0.08443037974683544,0.8715074125788729,1.0,0.8715074162865709,0.8715074125788729,1.847640918040128e-08,7.696499224607578e-07,0.027385611724616173,0.031423268843554134,0.13646952262117934,0.4428959858409004,0.103375,0.03835
0.1,0.04,0.0,1.0,0.0,0.0,0,unit_total_var,0.09063291139240506,0.8653133172303482,1.0,0.8653133221481012,0.8653133172303482,2.468184578940935e-08,9.67986785838093e-07,0.026987180447101463,0.03118775582176487,0.13544670256338498,0.4428959858409004,0.103375,0.03835
0.1,0.04,0.0,1.0,0.0,0.0,0,unit_total_var,0.09683544303797467,0.8590252170806357,1.0,0.8590252228216397,0.8590252170806357,2.902460016773745e-08,9.458245600058037e-07,0.026587282941371648,0.03095052672810644,0.1344164297001573,0.4428959858409004,0.103375,0.03835
0.1,0.04,0.0,1.0,0.0,0.0,0,unit_total_var,0.1030379746835443,0.8526399985487957,1.0,0.8526400056054139,0.8526399985487957,3.594307484977577e-08,7.918081905700093e-07,0.02618585829523417,0.03071150584045182,0.1333783751744771,0.4428959858409004,0.103375,0.03835
0.1,0.04,0.0,1.0,0.0,0.0,0,unit_total_var,0.10924050632911393,0.8461549530086039,1.0,0.8461549530086039,0.8461549545095408,7.703655491297923e-09,9.75003572989408e-07,0.025782876102460425,0.030470631898786814,0.13233227293748315,0.39462453141098336,0.103375,0.03835
0.1,0.04,0.0,1.0,0.0,0.0,0,unit_total_var,0.11544303797468355,0.8395678082814123,1.0,0.8395678174981255,0.8395678082814123,4.767652606041394e-08,9.24738060348318e-07,0.025378337203390725,0.03022785884959066,0.131277922981276,0.39462453141098336,0.103375,0.03835
0.1,0.04,0.0,1.0,0.0,0.0,0,unit_total_var,0.12164556962025315,0.8328767400489252,1.0,0.8328767508621521,0.8328767400489252,5.63843904899386e-08,9.299769914150602e-07,0.024972273471850968,0.029983156295593075,0.13021519329218814,0.39462453141098336,0.103375,0.03835
0.1,0.04,0.0,1.0,0.0,0.0,0,unit_total_var,0.12784810126582274,0.8260804032156529,1.0,0.8260804159080207,0.8260804032156529,6.672746666325223e-08,9.404963456915992e-07,0.024564747871602115,0.029736509637536275,0.12914402046644868,0.39462453141098336,0.103375,0.03835
0.1,0.04,0.0,1.0,0.0,0.0,0,unit_total_var,0.1340506329113924,0.8191779378004327,1.0,0.8191779527015592,0.8191779378004327,7.899964915569768e-08,9.56015668407417e-07,0.024155853841381896,0.029487920422078942,0.12806441122111092,0.39462453141098336,0.103375,0.03835
0.1,0.04,0.0,1.0,0.0,0.0,0,unit_total_var,0.14025316455696205,0.8121689783615217,1.0,0.8121689958549305,0.8121689783615217,9.354322860755104e-08,9.763615942404158e-07,0.02374571440200551,0.02923740629679105,0.1269764421985974,0.39462453141098336,0.103375,0.03835
0.1,0.04,0.0,1.0,0.0,0.0,0,unit_total_var,0.14645569620253165,0.8050536590481089,1.0,0.8050536772421251,0.8050536590481089,9.814949164521637e-08,7.870536400389483e-07,0.02333448097178431,0.028985000825131182,0.1258802591631567,0.39462453141098336,0.103375,0.03835
0.1,0.04,0.0,1.0,0.0,0.0,0,unit_total_var,0.15265822784810126,0.7978326021306973,1.0,0.7978326234966275,0.7978326021306973,1.1630391449912735e-07,8.122638099905544e-07,0.02292233140493769,0.02873075297214122,0.12477607476726382,0.39462453141098336,0.103375,0.03835
0.1,0.04,0.0,1.0,0.0,0.0,0,unit_total_var,0.1588607594936709,0.7905069233047778,1.0,0.7905069483789228,0.7905069233047778,1.3775417162520398e-07,8.413536107809705e-07,0.02250946852566952,0.028474726611585982,0.1236641664111547,0.39462453141098336,0.103375,0.03835
0.1,0.04,0.0,1.0,0.0,0.0,0,unit_total_var,0.1650632911392405,0.7830782108080668,1.0,0.7830782402094251,0.7830782108080668,1.6305966910046266e-07,8.744219144318777e-07,0.022096117563143225,0.028216999602558218,0.12254487223257285,0.39462453141098336,0.103375,0.03835
0.1,0.04,0.0,1.0,0.0,0.0,0,unit_total_var,0.17126582278481015,0.7755485102306455,1.0,0.7755485446720056,0.7755485102306455,1.9286597963130703e-07,9.11604036701874e-07,0.021682523734569668,0.02795766280064333,0.12141858681231207,0.39462453141098336,0.103375,0.03835
0.1,0.04,0.0,1.0,0.0,0.0,0,unit_total_var,0.17746835443037975,0.7679203030954245,1.0,0.7679203392783597,0.7679203030954245,2.0463124439373812e-07,9.530685360914505e-07,0.021268949558141573,0.02769681889176281,0.12028575610966324,0.39462453141098336,0.103375,0.03835
0.1,0.04,0.0,1.0,0.0,0.0,0,unit_total_var,0.18367088607594936,0.7601964817125698,1.0,0.7601965240494546,0.7601964817125698,2.418674034387891e-07,9.990148726046757e-07,0.020855672030987375,0.02743458110198529,0.11914687185919445,0.39462453141098336,0.103375,0.03835
0.1,0.04,0.0,1.0,0.0,0.0,0,unit_total_var,0.18987341772151897,0.7523803261588304,1.0,0.7523803703435633,0.7523803261588304,2.550463436001848e-07,8.379852545203903e-07,0.020442979884197483,0.02717107182821509,0.11800246562390712,0.39462453141098336,0.103375,0.03835
0.1,0.04,0.0,1.0,0.0,0.0,0,unit_total_var,0.1960759493670886,0.7444754530986818,1.0,0.7444755047142606,0.7444754530986818,3.011027451815807e-07,8.8438374845623e-07,0.020031170077485026,0.02690642115077212,0.11685310233545272,0.39462453141098336,0.103375,0.03835
0.1,0.04,0.0,1.0,0.0,0.0,0,unit_total_var,0.20227848101265825,0.7364858067588007,1.0,0.7364858725816182,0.7364858067588007,3.881471291045102e-07,9.211951415011299e-07,0.01962054579112724,0.02664076566183301,0.11569937520611705,0.39462453141098336,0.103375,0.03835
0.1,0.04,0.0,1.0,0.0,0.0,0,unit_total_var,0.20848101265822785,0.7284156287209416,1.0,0.7284156287209416,0.72841563405741,3.1816983714350044e-08,9.502244413539528e-07,0.019211413081441156,0.026374246136337508,0.11454189561369538,0.34101432663032705,0.103375,0.03835
0.1,0.04,0.0,1.0,0.0,0.0,0,unit_total_var,0.21468354430379746,0.7202694058466222,1.0,0.720269471983749,0.7202694058466222,3.987811736383407e-07,8.468834771235834e-07,0.018804078467504853,0.026107007065504995,0.11338129107558025,0.34101432663032705,0.103375,0.03835
0.1,0.04,0.0,1.0,0.0,0.0,0,unit_total_var,0.2208860759493671,0.7120518090760862,1.0,0.7120518860267157,0.7120518090760862,4.693370831976296e-07,9.019460716075399e-07,0.018398845930075437,0.025839195541050058,0.11221820040297148,0.34101432663032705,0.103375,0.03835
0.1,0.04,0.0,1.0,0.0,0.0,0,unit_total_var,0.2270886075949367,0.7037677264615224,1.0,0.7037678158438825,0.7037677264615224,5.51577769902778e-07,9.618428276070292e-07,0.017996015450179478,0.02557095867504715,0.11105326249549063,0.34101432663032705,0.103375,0.03835
0.1,0.04,0.0,1.0,0.0,0.0,0,unit_total_var,0.23329113924050635,0.6954221907254153,1.0,0.6954222753671152,0.6954221907254153,5.285914290720228e-07,8.329346545821181e-07,0.017595880586290268,0.0253024433516214,0.1098871152627879,0.34101432663032705,0.103375,0.03835
0.1,0.04,0.0,1.0,0.0,0.0,0,unit_total_var,0.23949367088607595,0.6870203226995669,1.0,0.6870204208990635,0.6870203226995669,6.20760332692427e-07,8.921774217185431e-07,0.01719872592650038,0.02503379501048816,0.10872039034152163,0.34101432663032705,0.103375,0.03835
0.1,0.04,0.0,1.0,0.0,0.0,0,unit_total_var,0.2456962025316456,0.6785673528098032,1.0,0.6785674665419718,0.6785673528098032,7.279048848118919e-07,9.564937766270987e-07,0.01680482671183163,0.02476515653493557,0.10755370826592774,0.34101432663032705,0.103375,0.03835
0.1,0.04,0.0,1.0,0.0,0.0,0,unit_total_var,0.2518987341772152,0.6700685698959105,1.0,0.6700686779849266,0.6700685698959105,7.005620259459279e-07,8.380036824462421e-07,0.016414446908837876,0.024496667425227426,0.10638767487795407,0.34101432663032705,0.103375,0.03835
0.1,0.04,0.0,1.0,0.0,0.0,0,unit_total_var,0.2581012658227848,0.66152925765001,1.0,0.6615293826747412,0.66152925765001,8.20788272903883e-07,9.016978950171507e-07,0.01602783729567565,0.02422846323171298,0.10522287886528772,0.34101432663032705,0.103375,0.03835
0.1,0.04,0.0,1.0,0.0,0.0,0,unit_total_var,0.2643037974683544,0.6529547342041045,1.0,0.6529548785670145,0.6529547342041045,9.60189197929395e-07,9.707868482422557e-07,0.01564523594016974,0.02396067463886288,0.10405988778337337,0.34101432663032705,0.103375,0.03835
0.1,0.04,0.0,1.0,0.0,0.0,0,unit_total_var,0.2705063291139241,0.64435030169637,1.0,0.6443504393635964,0.64435030169637,9.278820887193009e-07,8.595099636465876e-07,0.015266866854401826,0.023693427029069444,0.10289924616102217,0.34101432663032705,0.103375,0.03835
0.1,0.04,0.0,1.0,0.0,0.0,0,unit_total_var,0.2767088607594937,0.63572118058802,1.0,0.635721339339692,0.63572118058802,1.0845158011640876e-06,9.281619703926935e-07,0.014892938594356434,0.023426840333652218,0.10174147485333693,0.34101432663032705,0.103375,0.03835
0.1,0.04,0.0,1.0,0.0,0.0,0,unit_total_var,0.2829113924050633,0.6270725858675461,1.0,0.6270727376940634,0.6270725858675461,1.0515116142251202e-06,8.277075203011464e-07,0.014523645805474716,0.023161028137406867,0.10058706715281752,0.34101432663032705,0.103375,0.03835
0.1,0.04,0.0,1.0,0.0,0.0,0,unit_total_var,0.2891139240506329,0.6184095996806132,1.0,0.6184097745298103,0.6184095996806132,1.2279245145130344e-06,8.961936135420956e-07,0.014159166872165466,0.02289609811923712,0.099436490703001,0.34101432663032705,0.103375,0.03835
0.1,0.04,0.0,1.0,0.0,0.0,0,unit_total_var,0.2953164556962025,0.6097372548503093,1.0,0.6097374558723327,0.6097372548503093,1.4318092009801833e-06,9.705026720041587e-07,0.013799665772006729,0.02263215124585843,0.09829018399676122,0.34101432663032705,0.103375,0.03835
0.1,0.04,0.0,1.0,0.0,0.0,0,unit_total_var,0.3015189873417722,0.6010604722214936,1.0,0.6010606781090588,0.6010604722214936,1.4876343112923962e-06,8.67454964748049e-07,0.013445291414796936,0.02236928235374341,0.09714855890366544,0.34101432663032705,0.103375,0.03835
0.1,0.04,0.0,1.0,0.0,0.0,0,unit_total_var,0.3077215189873418,0.5923840399972068,1.0,0.5923840399972068,0.5923840553131964,1.1228610530267248e-07,9.446423412384777e-07,0.013096176850751257,0.02210757881122693,0.09601199485957107,0.2940377320666961,0.103375,0.03835
0.1,0.04,0.0,1.0,0.0,0.0,0,unit_total_var,0.3139240506329114,0.5837126762712099,1.0,0.5837128893567546,0.5837126762712099,1.585400884351884e-06,8.581781152372514e-07,0.01275244176724365,0.021847121513116657,0.09488084318616384,0.2940377320666961,0.103375,0.03835
0.1,0.04,0.0,1.0,0.0,0.0,0,unit_total_var,0.320126582278481,0.5750508514008891,1.0,0.5750510957689378,0.5750508514008891,1.8455354391377912e-06,9.332173078746565e-07,0.012414190219786871,0.021587986852892226,0.09375543565611036,0.2940377320666961,0.103375,0.03835
0.1,0.04,0.0,1.0,0.0,0.0,0,unit_total_var,0.3263291139240506,0.5664030215798015,1.0,0.5664032573589627,0.5664030215798015,1.8078570107604717e-06,8.50075240421688e-07,0.01208151381580036,0.0213302425225466,0.09263606625200084,0.2940377320666961,0.103375,0.03835
0.1,0.04,0.0,1.0,0.0,0.0,0,unit_total_var,0.3325316455696203,0.5577734016258771,1.0,0.557773671694536,0.5577734016258771,2.102812712401203e-06,9.260174742564686e-07,0.01175448947561846,0.021073951252165858,0.09152300740713756,0.2940377320666961,0.103375,0.03835
0.1,0.04,0.0,1.0,0.0,0.0,0,unit_total_var,0.3387341772151899,0.5491661404849104,1.0,0.5491664017852389,0.5491661404849104,2.0664286339844296e-06,8.483476641174548e-07,0.011433182672201954,0.0208191689715366,0.0904165020214974,0.2940377320666961,0.103375,0.03835
0.1,0.04,0.0,1.0,0.0,0.0,0,unit_total_var,0.3449367088607595,0.5405851469252274,1.0,0.5405854458825672,0.5405851469252274,2.4017583135638176e-06,9.255771571403671e-07,0.011117645267930756,0.02056594660649921,0.08931677126319512,0.2940377320666961,0.103375,0.03835
0.1,0.04,0.0,1.0,0.0,0.0,0,unit_total_var,0.3511392405063291,0.5320342652405238,1.0,0.5320345552937712,0.5320342652405238,2.367676270154106e-06,8.525975605522262e-07,0.010807918888943044,0.020314328596969158,0.0882240081323313,0.2940377320666961,0.103375,0.03835
0.1,0.04,0.0,1.0,0.0,0.0,0,unit_total_var,0.3573417721518987,0.5235170885827581,1.0,0.523517420072541,0.5235170885827581,2.7499415220511025e-06,9.315218472139007e-07,0.01050403269481495,0.020064354963561924,0.08713838643623062,0.2940377320666961,0.103375,0.03835
0.1,0.04,0.0,1.0,0.0,0.0,0,unit_total_var,0.3635443037974684,0.5150371511720421,1.0,0.5150374736809509,0.5150371511720421,2.719489172964273e-06,8.626019258883845e-07,0.010206006888434229,0.01981605960892136,0.08606005341220457,0.2940377320666961,0.103375,0.03835
0.1,0.04,0.0,1.0,0.0,0.0,0,unit_total_var,0.369746835443038,0.5065977274602644,1.0,0.5065980956582834,0.5065977274602644,3.15647507154182e-06,9.436570183041227e-07,0.00991385037808271,0.019569472661837617,0.08498913990792617,0.2940377320666961,0.103375,0.03835
0.1,0.04,0.0,1.0,0.0,0.0,0,unit_total_var,0.3759493670886076,0.4982020420555165,1.0,0.4982024012737343,0.4982020420555165,3.13138888241582e-06,8.782900389192604e-07,0.009627564410845392,0.01932461852449123,0.083925751900719,0.2940377320666961,0.103375,0.03835
0.1,0.04,0.0,1.0,0.0,0.0,0,unit_total_var,0.3821518987341772,0.4898530527799816,1.0,0.4898534624844404,0.4898530527799816,3.6323609751143233e-06,9.61946920341461e-07,0.00934714009276386,0.01908151850788229,0.08286998194308047,0.2940377320666961,0.103375,0.03835
0.1,0.04,0.0,1.0,0.0,0.0,0,unit_total_var,0.3883544303797468,0.4815536797552305,1.0,0.4815540805821564,0.4815536797552305,3.6149002071717003e-06,8.99729647230174e-07,0.009072562141506141,0.018840188587319368,0.08182189941489422,0.2940377320666961,0.103375,0.03835
0.1,0.04,0.0,1.0,0.0,0.0,0,unit_total_var,0.3945569620253165,0.4733065702597515,1.0,0.4733070269987626,0.4733065702597515,4.190922944236063e-06,9.865027363886723e-07,0.008803806235043773,0.01860064234944431,0.08078156332219599,0.2940377320666961,0.103375,0.03835
0.1,0.04,0.0,1.0,0.0,0.0,0,unit_total_var,0.4007594936708861,0.4651143173126829,1.0,0.4651147967791935,0.4651143173126829,4.476954261090072e-06,9.352244028093536e-07,0.008540842801580774,0.01836288947398498,0.07974901570350981,0.2940377320666961,0.103375,0.03835
0.1,0.04,0.0,1.0,0.0,0.0,0,unit_total_var,0.4069620253164557,0.4569793544127442,1.0,0.4569793544127442,0.4569793956044737,3.9146932584444016e-07,9.195510655146677e-07,0.008283634828857538,0.018126934507802183,0.07872427630560126,0.2938852345618737,0.103375,0.03835
0.1,0.04,0.0,1.0,0.0,0.0,0,unit_total_var,0.4131645569620253,0.4489039471069479,1.0,0.4489044490134302,0.4489039471069479,4.855717914864499e-06,9.607915156806255e-07,0.008032139845713058,0.01789278062150668,0.07770735889825788,0.2938852345618737,0.103375,0.03835
0.1,0.04,0.0,1.0,0.0,0.0,0,unit_total_var,0.4193670886075949,0.4408902011057191,1.0,0.4408906960402999,0.4408902011057191,4.875300838591556e-06,9.100994526889393e-07,0.00778631051323414,0.017660429952189152,0.07669827276274657,0.2938852345618737,0.103375,0.03835
0.1,0.04,0.0,1.0,0.0,0.0,0,unit_total_var,0.4255696202531646,0.43294011559437695,1.0,0.43294060477105256,0.43294011559437695,4.907066895043499e-06,8.648266787147919e-07,0.007546094132947205,0.01742987970192433,0.07569700574783232,0.2938852345618737,0.103375,0.03835
0.1,0.04,0.0,1.0,0.0,0.0,0,unit_total_var,0.4317721518987342,0.4250555137683187,1.0,0.4250560708454485,0.4250555137683187,5.6918533468675045e-06,9.526675253113127e-07,0.007311433484836071,0.017201126083547874,0.07470354140606934,0.2938852345618737,0.103375,0.03835
0.1,0.04,0.0,1.0,0.0,0.0,0,unit_total_var,0.4379746835443038,0.4172381985857163,1.0,0.4172387507413617,0.4172381985857163,5.74726839719375e-06,9.093116393188438e-07,0.007082268731719197,0.016974161895352526,0.07371784846084044,0.2938852345618737,0.103375,0.03835
0.1,0.04,0.0,1.0,0.0,0.0,0,unit_total_var,0.4441772151898734,0.409489737042896,1.0,0.40949028557559614,0.409489737042896,5.8175955026662515e-06,8.706169154493181e-07,0.006858535241915107,0.01674897957502813,0.07273989406944988,0.2938852345618737,0.103375,0.03835
0.1,0.04,0.0,1.0,0.0,0.0,0,unit_total_var,0.450379746835443,0.40181157205830703,1.0,0.40181219664432793,0.40181157205830703,6.7507774894615125e-06,9.61130475651828e-07,0.006640165283094611,0.01652557005533692,0.07176963885338439,0.2938852345618737,0.103375,0.03835
0.1,0.04,0.0,1.0,0.0,0.0,0,unit_total_var,0.4565822784810127,0.3942051467342001,1.0,0.3942057689940809,0.3942051467342001,6.8554107297558176e-06,9.242260352593235e-07,0.006427089699063578,0.016303921327027116,0.07080703065712618,0.2938852345618737,0.103375,0.03835
0.1,0.04,0.0,1.0,0.0,0.0,0,unit_total_var,0.4627848101265823,0.3866716712376709,1.0,0.3866722926009322,0.3866716712376709,6.978903263288316e-06,8.914293809780816e-07,0.006219235595344854,0.01608402181478185,0.06985201920971283,0.2938852345618737,0.103375,0.03835
0.1,0.04,0.0,1.0,0.0,0.0,0,unit_total_var,0.4689873417721519,0.379212242714428,1.0,0.3792129502094943,0.379212242714428,8.102610676630206e-06,9.861931165033866e-07,0.00601652799089615,0.015865859044606308,0.06890455033727318,0.2938852345618737,0.103375,0.03835
0.1,0.04,0.0,1.0,0.0,0.0,0,unit_total_var,0.4751898734177215,0.3718279810996221,1.0,0.3718286896121696,0.3718279810996221,8.275407236801868e-06,9.552457083117358e-07,0.005818891488434973,0.01564941796802523,0.06796455868510957,0.2938852345618737,0.103375,0.03835
0.1,0.04,0.0,1.0,0.0,0.0,0,unit_total_var,0.4813924050632911,0.3645197746465459,1.0,0.3645204858042757,0.3645197746465459,8.472834617911928e-06,9.280188599802841e-07,0.005626247794346913,0.015434684715808259,0.06703198401991987,0.2938852345618737,0.103375,0.03835
0.1,0.04,0.0,1.0,0.0,0.0,0,unit_total_var,0.4875949367088608,0.3572884566933429,1.0,0.35728917214156897,0.3572884566933429,8.696471989644293e-06,9.042297817174473e-07,0.005438517827375791,0.015221644375831643,0.0661067615791735,0.2938852345618737,0.103375,0.03835
0.1,0.04,0.0,1.0,0.0,0.0,0,unit_total_var,0.4937974683544304,0.35013476614800026,1.0,0.35013548756158835,0.35013476614800026,8.948143628728644e-06,8.836379299381746e-07,0.005255621489306603,0.01501028174701474,0.06518882534541602,0.2938852345618737,0.103375,0.03835
0.1,0.04,0.0,1.0,0.0,0.0,0,unit_total_var,0.5,0.3430592799886666,1.0,0.3430601270286107,0.3430592799886666,1.072305403226892e-05,9.017152056145504e-07,0.005077477620544986,0.014800583796225328,0.06427811871647343,0.2938852345618737,0.103375,0.03835
0.1,0.04,0.0,1e-06,0.0,0.0,0,unit_total_var,0.01,1.0567025110599804,0.6122,1.0567025110599804,1.0567025119265316,3.561441697108592e-09,8.45114996650409e-07,0.033002225769148075,0.031231330884265125,0.13563594665530948,0.3882181351788652,0.103375,0.03835
0.1,0.04,0.0,1e-06,0.0,0.0,0,unit_total_var,0.016202531645569618,1.1400568673726652,0.692075,1.1400569010104398,1.1400568673726652,1.2814009620054634e-07,7.99921664906833e-07,0.033424962945539594,0.029318680411591733,0.12732941119439248,0.3882181351788652,0.103375,0.03835
0.1,0.04,0.0,1e-06,0.0,0.0,0,unit_total_var,0.02240506329113924,1.2364648486694287,0.7452875,1.2364648486694287,1.236464852466589,1.3337102866550765e-08,9.727567160666695e-07,0.034058485437922635,0.02754504948084313,0.11962662993282205,0.3882181351788652,0.103375,0.03835
0.1,0.04,0.0,1e-06,0.0,0.0,0,unit_total_var,0.028607594936708863,1.3485571845076652,0.784875,1.3485571845076652,1.3485572463795796,1.992546609930201e-07,7.656011860035504e-07,0.034942741756076034,0.02591120506975981,0.11253093381260247,0.3882181351788652,0.103375,0.03835
0.1,0.04,0.0,1e-06,0.0,0.0,0,unit_total_var,0.03481012658227848,1.4804353377351862,0.8171625,1.4804353377351862,1.4804355696306812,6.802791274740372e-07,9.944575785070242e-07,0.03614945527186461,0.02441812509499207,0.10604656987178372,0.3882181351788652,0.103375,0.03835
0.1,0.04,0.0,1e-06,0.0,0.0,0,unit_total_var,0.0410126582278481,1.6379318443402031,0.8457,1.6379318656554265,1.6379318443402031,5.651690582197944e-08,8.191142271130046e-07,0.03778475351577604,0.023068574950990475,0.1001855480658674,0.3882181351788652,0.103375,0.03835
0.1,0.04,0.0,1e-06,0.0,0.0,0,unit_total_var,0.047215189873417725,1.8286336266591527,0.868825,1.828633756475518,1.8286336266591527,3.083095934108826e-07,7.29032187507528e-07,0.03998324371243684,0.02186509267331192,0.09495889094322586,0.3882181351788652,0.103375,0.03835
0.1,0.04,0.0,1e-06,0.0,0.0,0,unit_total_var,0.05341772151898734,2.0566822771550752,0.8893,2.0566826660203814,2.0566822771550752,8.211382125367095e-07,6.030285106817247e-07,0.042790403093499636,0.020805548610400758,0.0903573495446692,0.3882181351788652,0.103375,0.03835
0.1,0.04,0.0,1e-06,0.0,0.0,0,unit_total_var,0.05962025316455696,2.2935033110142538,0.9069625,2.293503738463905,2.2935033110142538,8.094124246404988e-07,9.357054437941771e-07,0.045780713262966184,0.019961040842239118,0.08668969890829886,0.3882181351788652,0.103375,0.03835
0.1,0.04,0.0,1e-06,0.0,0.0,0,unit_total_var,0.06582278481012659,2.44876381865668,0.9189625,2.4487638348063663,2.44876381865668,2.8641878646595842e-08,9.094359540995356e-07,0.04758990074710418,0.01943425510640328,0.08440189752611038,0.3882181351788652,0.103375,0.03835
0.1,0.04,0.0,1e-06,0.0,0.0,0,unit_total_var,0.0720253164556962,2.478540077480669,0.926925,2.478540077480669,2.478540127217805,8.715034960360413e-08,9.284010999976999e-07,0.047411151302412906,0.01912866034855661,0.08307471635579668,0.3882181351788652,0.103375,0.03835
0.1,0.04,0.0,1e-06,0.0,0.0,0,unit_total_var,0.07822784810126583,2.421519526757899,0.9321,2.421519526757899,2.4215195886449647,1.1099316177265449e-07,9.129573541599713e-07,0.04574525700226339,0.018891136948009816,0.082043165333993,0.3882181351788652,0.103375,0.03835
0.1,0.04,0.0,1e-06,0.0,0.0,0,unit_total_var,0.08443037974683544,2.321055505733064,0.9360375,2.321055647692534,2.321055505733064,2.656214492802178e-07,9.643204350595622e-07,0.04331463753224714,0.01866161210934376,0.08104635162506896,0.3882181351788652,0.103375,0.03835
0.1,0.04,0.0,1e-06,0.0,0.0,0,unit_total_var,0.09063291139240506,2.202374065108571,0.93905,2.2023742573891183,2.202374065108571,3.7916527650949655e-07,9.519791781542608e-07,0.04059018280492622,0.018430194692165173,0.08004131855209934,0.3882181351788652,0.103375,0.03835
0.1,0.04,0.0,1e-06,0.0,0.0,0,unit_total_var,0.09683544303797467,2.077349969217828,0.9413125,2.0773501896094646,2.077349969217828,4.607546544299623e-07,8.925860335295965e-07,0.03779658144276788,0.01819461429361332,0.07901820588074296,0.3882181351788652,0.103375,0.03835
0.1,0.04,0.0,1e-06,0.0,0.0,0,unit_total_var,0.1030379746835443,1.951688885314513,0.9433375,1.9516891344566256,1.951688885314513,5.543969572308072e-07,9.310550908026016e-07,0.035064694419789946,0.017966334021592437,0.07802679725608251,0.3882181351788652,0.103375,0.03835
0.1,0.04,0.0,1e-06,0.0,0.0,0,unit_total_var,0.10924050632911393,1.8283464783859689,0.944975,1.8283464861359195,1.8283464783859689,1.8408769619782106e-08,9.768213047323115e-07,0.03246914706330785,0.017758749475083643,0.07712526902531096,0.30008307256680355,0.103375,0.03835
0.1,0.04,0.0,1e-06,0.0,0.0,0,unit_total_var,0.11544303797468355,1.7088631731389952,0.94635,1.708863487682354,1.7088631731389952,7.993877728651455e-07,9.059197569882825e-07,0.03002434204592085,0.017569775344136774,0.07630456480238408,0.30008307256680355,0.103375,0.03835
0.1,0.04,0.0,1e-06,0.0,0.0,0,unit_total_var,0.12164556962025315,1.5943760648623209,0.94745,1.5943764311724868,1.5943760648623209,9.9779762763319e-07,9.95135378545342e-07,0.027728707816657,0.017391573059679283,0.07553064211435963,0.30008307256680355,0.103375,0.03835
0.1,0.04,0.0,1e-06,0.0,0.0,0,unit_total_var,0.12784810126582274,1.4857362575553257,0.9484875,1.4857366683590219,1.4857362575553257,1.200817122848363e-06,9.61391437570569e-07,0.02558549814675277,0.01722075369477212,0.07478878303854565,0.30008307256680355,0.103375,0.03835
0.1,0.04,0.0,1e-06,0.0,0.0,0,unit_total_var,0.1340506329113924,1.3830820178961647,0.9498,1.3830824636786856,1.3830820178961647,1.399778576161026e-06,9.503940194832693e-07,0.023599537412572813,0.01706300646470017,0.07410369552298796,0.30008307256680355,0.103375,0.03835
0.1,0.04,0.0,1e-06,0.0,0.0,0,unit_total_var,0.14025316455696205,1.2858575679887092,0.9505875,1.2858580815867575,1.2858575679887092,1.7346614376023697e-06,9.971706766975785e-07,0.02176983755046264,0.016930209140126006,0.0735269640702472,0.30008307256680355,0.103375,0.03835
0.1,0.04,0.0,1e-06,0.0,0.0,0,unit_total_var,0.14645569620253165,1.1931921524038858,0.9514,1.1931926921130072,1.1931921524038858,1.964416542321601e-06,9.499273048163559e-07,0.02007477294078416,0.016824425890113473,0.07306755325266485,0.30008307256680355,0.103375,0.03835
0.1,0.04,0.0,1e-06,0.0,0.0,0,unit_total_var,0.15265822784810126,1.1042255196355486,0.9521625,1.104226139406812,1.1042255196355486,2.4375742039839388e-06,9.816277026786224e-07,0.018483560949625284,0.01673893658582154,0.07269627792150751,0.30008307256680355,0.103375,0.03835
0.1,0.04,0.0,1e-06,0.0,0.0,0,unit_total_var,0.1588607594936709,1.0185824580808776,0.9529375,1.018583147317171,1.0185824580808776,2.9387057993296435e-06,9.80771317493634e-07,0.016980048182821696,0.016670273523867664,0.07239807803233601,0.30008307256680355,0.103375,0.03835
0.1,0.04,0.0,1e-06,0.0,0.0,0,unit_total_var,0.1650632911392405,0.9360803677716308,0.9537,0.9360811309714304,0.9360803677716308,3.540863989182075e-06,9.734617707479742e-07,0.01555626354290531,0.016618512767164948,0.07217328392218476,0.30008307256680355,0.103375,0.03835
0.1,0.04,0.0,1e-06,0.0,0.0,0,unit_total_var,0.17126582278481015,0.8565429543825043,0.9543375,0.8565438054272041,0.8565429543825043,4.315064778603883e-06,9.349522960278023e-07,0.014194047894329681,0.016571320587841856,0.07196833089149468,0.30008307256680355,0.103375,0.03835
0.1,0.04,0.0,1e-06,0.0,0.0,0,unit_total_var,0.17746835443037975,0.780293006482244,0.955,0.7802939940281032,0.780293006482244,5.496466613186257e-06,9.749555802684995e-07,0.012887978992070644,0.016516845447805403,0.07173174836430729,0.30008307256680355,0.103375,0.03835
0.1,0.04,0.0,1e-06,0.0,0.0,0,unit_total_var,0.18367088607594936,0.7075403436881121,0.9555625,0.7075414037644281,0.7075403436881121,6.50683672787089e-06,9.439147814482851e-07,0.01164747557989446,0.01646192430410546,0.07149322886782028,0.30008307256680355,0.103375,0.03835
0.1,0.04,0.0,1e-06,0.0,0.0,0,unit_total_var,0.18987341772151897,0.6380370821258573,0.956225,0.638038304458496,0.6380370821258573,8.320077725665342e-06,9.461628862617031e-07,0.010467873636066842,0.016406371869781042,0.07125196771098642,0.30008307256680355,0.103375,0.03835
0.1,0.04,0.0,1e-06,0.0,0.0,0,unit_total_var,0.1960759493670886,0.5716959958099623,0.95675,0.5716973917486703,0.5716959958099623,1.0604372642664115e-05,9.94068580784102e-07,0.009338035159306271,0.016333917375223897,0.07093730183923384,0.30008307256680355,0.103375,0.03835
0.1,0.04,0.0,1e-06,0.0,0.0,0,unit_total_var,0.20227848101265825,0.5087280432695548,0.9573375,0.5087295900168166,0.5087280432695548,1.3204359154084246e-05,9.876063145064506e-07,0.00826217632623934,0.016240850952778205,0.07053311950204744,0.30008307256680355,0.103375,0.03835
0.1,0.04,0.0,1e-06,0.0,0.0,0,unit_total_var,0.20848101265822785,0.4491781682635218,0.957875,0.4491781754927592,0.4491781682635218,6.989693890346872e-08,9.6377516456414e-07,0.007247456676674704,0.01613492638053326,0.07007309492980801,0.3004907614510246,0.103375,0.03835
0.1,0.04,0.0,1e-06,0.0,0.0,0,unit_total_var,0.21468354430379746,0.3930334665201816,0.95825,0.3930354957984374,0.3930334665201816,2.2423079678368648e-05,9.996632455155918e-07,0.006292162375048944,0.016009227994649284,0.06952719377607246,0.3004907614510246,0.103375,0.03835
0.1,0.04,0.0,1e-06,0.0,0.0,0,unit_total_var,0.2208860759493671,0.34063123706798404,0.9585375,0.3406334850340673,0.34063123706798404,2.866079025753976e-05,9.65643057071475e-07,0.005403232274111333,0.01586240980310606,0.06888957047177006,0.3004907614510246,0.103375,0.03835
0.1,0.04,0.0,1e-06,0.0,0.0,0,unit_total_var,0.2270886075949367,0.2922578392903117,0.9588,0.2922603937827696,0.2922578392903117,3.795953370655525e-05,9.834382890261395e-07,0.00458613836439166,0.015692097004234882,0.06814991138429756,0.3004907614510246,0.103375,0.03835
0.1,0.04,0.0,1e-06,0.0,0.0,0,unit_total_var,0.23329113924050635,0.24786600153074945,0.959225,0.2478689086431384,0.24786600153074945,5.093620977181246e-05,9.792697941435335e-07,0.0038394008435919617,0.01548982442077946,0.06727145271594752,0.3004907614510246,0.103375,0.03835
0.1,0.04,0.0,1e-06,0.0,0.0,0,unit_total_var,0.23949367088607595,0.2074810502142556,0.95945,0.207484304906544,0.2074810502142556,6.812592346605584e-05,9.8774717693928e-07,0.003168818758678766,0.015272810482723512,0.06632897315800959,0.3004907614510246,0.103375,0.03835
0.1,0.04,0.0,1e-06,0.0,0.0,0,unit_total_var,0.2456962025316456,0.17138940193080085,0.9597875,0.17139309779024287,0.17138940193080085,9.365071804534608e-05,9.86925596802024e-07,0.0025838730926851885,0.015076037745486956,0.06547440001830125,0.3004907614510246,0.103375,0.03835
0.1,0.04,0.0,1e-06,0.0,0.0,0,unit_total_var,0.2518987341772152,0.1396047648589673,0.960075,0.1396089250394557,0.1396047648589673,0.00012941653617382087,9.961288321980177e-07,0.002081444466110889,0.014909551749280362,0.06475136052363435,0.3004907614510246,0.103375,0.03835
0.1,0.04,0.0,1e-06,0.0,0.0,0,unit_total_var,0.2581012658227848,0.11190501986580746,0.9602375,0.11190977293573057,0.11190501986580746,0.00018445894609264712,9.948957348515641e-07,0.0016506773963915842,0.014750700177445284,0.06406147691273803,0.3004907614510246,0.103375,0.03835
0.1,0.04,0.0,1e-06,0.0,0.0,0,unit_total_var,0.2643037974683544,0.08793626449044377,0.960425,0.08794164852093042,0.08793626449044377,0.0002658952100844658,9.847875497848158e-07,0.0012802886273533568,0.014559279209460716,0.06323014621157527,0.3004907614510246,0.103375,0.03835
0.1,0.04,0.0,1e-06,0.0,0.0,0,unit_total_var,0.2705063291139241,0.06759240670122027,0.9605375,0.0675985232873411,0.06759240670122027,0.00039298488476902094,9.963889703867856e-07,0.0009696809973129356,0.014346004893703974,0.06230390762692682,0.3004907614510246,0.103375,0.03835
0.1,0.04,0.0,1e-06,0.0,0.0,0,unit_total_var,0.2767088607594937,0.05084579864038991,0.9606375,0.05085267078132195,0.05084579864038991,0.000586937622001571,9.85931619956748e-07,0.0007198336492562848,0.014157190338327725,0.0614838964318976,0.3004907614510246,0.103375,0.03835
0.1,0.04,0.0,1e-06,0.0,0.0,0,unit_total_var,0.2829113924050633,0.03739904514101824,0.9605875,0.03740678123111106,0.03739904514101824,0.0008982565700392797,9.922938828399452e-07,0.0005227509318805127,0.013977654507204892,0.060704182224292004,0.3004907614510246,0.103375,0.03835
0.1,0.04,0.0,1e-06,0.0,0.0,0,unit_total_var,0.2891139240506329,0.02690935731344969,0.960625,0.026918058603345302,0.02690935731344969,0.001404088290570371,9.968037971708201e-07,0.00037167582702839533,0.013812140613355572,0.0599853645165212,0.3004907614510246,0.103375,0.03835
0.1,0.04,0.0,1e-06,0.0,0.0,0,unit_total_var,0.2953164556962025,0.018867931891599687,0.960575,0.01887767010513836,0.018867931891599687,0.0022409246500494358,9.892063805166942e-07,0.00025788884482659465,0.013668103441766768,0.0593598190284215,0.3004907614510246,0.103375,0.03835
0.1,0.04,0.0,1e-06,0.0,0.0,0,unit_total_var,0.3015189873417722,0.012869252677579778,0.960475,0.012880044826013176,0.012869252677579778,0.003640464976797375,9.904121043846636e-07,0.00017398884670869895,0.013519731958625254,0.0587154498644199,0.3004907614510246,0.103375,0.03835
0.1,0.04,0.0,1e-06,0.0,0.0,0,unit_total_var,0.3077215189873418,0.008573425117781324,0.96025,0.00857345304109183,0.008573425117781324,1.4144778489821874e-05,9.949984493724806e-07,0.00011480880599698079,0.013391241472310382,0.05815742277258376,0.3008806027483788,0.103375,0.03835
0.1,0.04,0.0,1e-06,0.0,0.0,0,unit_total_var,0.3139240506329114,0.005563908223551932,0.96,0.005577109577476947,0.005563908223551932,0.010292197623190448,9.983350590901665e-07,7.365675912848428e-05,0.013238313100977549,0.05749326329462075,0.3008806027483788,0.103375,0.03835
0.1,0.04,0.0,1e-06,0.0,0.0,0,unit_total_var,0.320126582278481,0.003558029782895375,0.9598,0.0035712548400924703,0.003558029782895375,0.016112629121867172,9.992775775215237e-07,4.6555291358058696e-05,0.013084570450159068,0.056825567445784285,0.3008806027483788,0.103375,0.03835
0.1,0.04,0.0,1e-06,0.0,0.0,0,unit_total_var,0.3263291139240506,0.002248918472500353,0.9593875,0.0022598793984915577,0.002248918472500353,0.02111551321742411,9.976135580680443e-07,2.9163707111880407e-05,0.012967880991904577,0.05631879156762224,0.3008806027483788,0.103375,0.03835
0.1,0.04,0.0,1e-06,0.0,0.0,0,unit_total_var,0.3325316455696203,0.0014087795940047403,0.95915,0.001417776106992099,0.0014087795940047403,0.027646008456894574,9.910403448269713e-07,1.8152451958101293e-05,0.012885232037255228,0.055959851718229404,0.3008806027483788,0.103375,0.03835
0.1,0.04,0.0,1e-06,0.0,0.0,0,unit_total_var,0.3387341772151899,0.0008799129802276633,0.9588,0.0008871443463176229,0.0008799129802276633,0.03554564839680907,9.930252032972623e-07,1.1272032624347156e-05,0.01281039475225232,0.05563483751905557,0.3008806027483788,0.103375,0.03835
0.1,0.04,0.0,1e-06,0.0,0.0,0,unit_total_var,0.3449367088607595,0.0005499933415165722,0.9584375,0.0005558006339397711,0.0005499933415165722,0.045616060443151696,9.953962774780084e-07,6.992995040890766e-06,0.0127146903662652,0.0552191986517741,0.3008806027483788,0.103375,0.03835
0.1,0.04,0.0,1e-06,0.0,0.0,0,unit_total_var,0.3511392405063291,0.0003453183928873925,0.9579625,0.00034992270432246733,0.0003453183928873925,0.05752411046693595,9.91286125528318e-07,4.357213342589106e-06,0.01261795905557218,0.054799099907161634,0.3008806027483788,0.103375,0.03835
0.1,0.04,0.0,1e-06,0.0,0.0,0,unit_total_var,0.3573417721518987,0.0002183958671871574,0.9576375,0.0002220674117135659,0.0002183958671871574,0.07240414975401421,9.931963500615579e-07,2.7390759367726072e-06,0.012541793817120712,0.054468318479438456,0.3008806027483788,0.103375,0.03835
0.1,0.04,0.0,1e-06,0.0,0.0,0,unit_total_var,0.3635443037974684,0.00013961645461873465,0.95725,0.00014252326611178116,0.00013961645461873465,0.08949160775916454,9.99076860966168e-07,1.7420423952668664e-06,0.012477343018228363,0.05418841221630643,0.3008806027483788,0.103375,0.03835
0.1,0.04,0.0,1e-06,0.0,0.0,0,unit_total_var,0.369746835443038,9.04108275884056e-05,0.956825,9.271778104665044e-05,9.04108275884056e-05,0.1094258475915808,9.923404272107331e-07,1.1224462409840135e-06,0.012414953727599298,0.05391745896980581,0.3008806027483788,0.103375,0.03835
0.1,0.04,0.0,1e-06,0.0,0.0,0,unit_total_var,0.3759493670886076,5.931444430856184e-05,0.956375,6.114424590145799e-05,5.931444430856184e-05,0.13195127126549264,9.901694807993786e-07,7.324558027118267e-07,0.012348691979671792,0.05362968785494402,0.3008806027483788,0.103375,0.03835
0.1,0.04,0.0,1e-06,0.0,0.0,0,unit_total_var,0.3821518987341772,3.945156515372574e-05,0.95605,4.0920400442871666e-05,3.945156515372574e-05,0.15875637460761285,9.92017824971974e-07,4.84466268304869e-07,0.012280026569721958,0.05333147776855564,0.3008806027483788,0.103375,0.03835
0.1,0.04,0.0,1e-06,0.0,0.0,0,unit_total_var,0.3883544303797468,2.659636887476137e-05,0.9555625,2.778731981746131e-05,2.659636887476137e-05,0.19024311891352846,9.979259208525541e-07,3.247250316564034e-07,0.01220937464003033,0.053024640336546726,0.3008806027483788,0.103375,0.03835
0.1,0.04,0.0,1e-06,0.0,0.0,0,unit_total_var,0.3945569620253165,1.8170679649044903e-05,0.9552125,1.9137502043872752e-05,1.8170679649044903e-05,0.2251407829470935,9.894246713665e-07,2.2056313523770198e-07,0.01213840866152166,0.05271643900785493,0.3008806027483788,0.103375,0.03835
0.1,0.04,0.0,1e-06,0.0,0.0,0,unit_total_var,0.4007594936708861,1.254551485635575e-05,0.954775,1.3339442644541198e-05,1.254551485635575e-05,0.2664919498278735,9.99415825078372e-07,1.5138927522030062e-07,0.012067203056525371,0.05240719699455023,0.3008806027483788,0.103375,0.03835
0.1,0.04,0.0,1e-06,0.0,0.0,0,unit_total_var,0.4069620253164557,8.763873706247086e-06,0.954325,8.763873706247086e-06,8.764910310673074e-06,0.0005136597977468682,9.969355116660331e-07,1.0512344121443713e-07,0.011995088557643491,0.05209400770525404,1.844476549242085,0.103375,0.03835
0.1,0.04,0.0,1e-06,0.0,0.0,0,unit_total_var,0.4131645569620253,6.1922217191932255e-06,0.95395,6.730424586182639e-06,6.1922217191932255e-06,0.36195964047734464,9.9014411898842e-07,7.382424473396993e-08,0.011922093245651478,0.051776993093224664,1.844476549242085,0.103375,0.03835
0.1,0.04,0.0,1e-06,0.0,0.0,0,unit_total_var,0.4193670886075949,4.420762065464555e-06,0.9535375,4.8702582338104015e-06,4.420762065464555e-06,0.4205484834293003,9.909918568791565e-07,5.2378504879282386e-08,0.011848297669867513,0.05145650297970617,1.844476549242085,0.103375,0.03835
0.1,0.04,0.0,1e-06,0.0,0.0,0,unit_total_var,0.4255696202531646,3.1875761149188823e-06,0.953175,3.562604852174588e-06,3.1875761149188823e-06,0.4830709114714935,9.942405515420485e-07,3.752957782128687e-08,0.011773704052316229,0.051132547014828916,1.844476549242085,0.103375,0.03835
0.1,0.04,0.0,1e-06,0.0,0.0,0,unit_total_var,0.4317721518987342,2.3215222272825697e-06,0.952825,2.6369402546801342e-06,2.3215222272825697e-06,0.5532744391780824,9.89119402052441e-07,2.7157728552040528e-08,0.011698241883227491,0.050804818978552026,1.844476549242085,0.103375,0.03835
0.1,0.04,0.0,1e-06,0.0,0.0,0,unit_total_var,0.4379746835443038,1.7055139916647212e-06,0.952425,1.973408425472985e-06,1.7055139916647212e-06,0.6336169147658808,9.885211236394104e-07,1.982151785132637e-08,0.011622020076175948,0.050473791876520235,1.844476549242085,0.103375,0.03835
0.1,0.04,0.0,1e-06,0.0,0.0,0,unit_total_var,0.4441772151898734,1.262133720229953e-06,0.952025,1.4910038998939286e-06,1.262133720229953e-06,0.7237340953248932,9.996633512736048e-07,1.4572076232059262e-08,0.011545588235614464,0.050141852610544616,1.844476549242085,0.103375,0.03835
0.1,0.04,0.0,1e-06,0.0,0.0,0,unit_total_var,0.450379746835443,9.420724936517401e-07,0.9517375,1.1373611355661935e-06,9.420724936517401e-07,0.8181406044024087,9.986413685283753e-07,1.0805451118612584e-08,0.011469872214109118,0.049813022107230216,1.844476549242085,0.103375,0.03835
0.1,0.04,0.0,1e-06,0.0,0.0,0,unit_total_var,0.4565822784810127,7.082954492228374e-07,0.9513375,8.766718659516342e-07,7.082954492228374e-07,0.9262261797330638,9.958862934630994e-07,8.071141253355767e-09,0.011395161810246926,0.04948855894584909,1.844476549242085,0.103375,0.03835
0.1,0.04,0.0,1e-06,0.0,0.0,0,unit_total_var,0.4627848101265823,5.362240797160505e-07,0.9509625,6.809955963729967e-07,5.362240797160505e-07,1.0379799103322045,9.912920126808997e-07,6.0706632015195345e-09,0.011321131279173748,0.0491670484344746,1.844476549242085,0.103375,0.03835
0.1,0.04,0.0,1e-06,0.0,0.0,0,unit_total_var,0.4689873417721519,4.0849006611779926e-07,0.9506,5.340411073653762e-07,4.0849006611779926e-07,1.1639318817902191,9.871461742386029e-07,4.594564060588014e-09,0.011247676361517805,0.04884803778040826,1.844476549242085,0.103375,0.03835
0.1,0.04,0.0,1e-06,0.0,0.0,0,unit_total_var,0.4751898734177215,3.1255740661613267e-07,0.950075,4.2229292451447757e-07,3.1255740661613267e-07,1.3068401015690227,9.913631535157406e-07,3.492821321375045e-09,0.011174975372331374,0.04853230139608252,1.844476549242085,0.103375,0.03835
0.1,0.04,0.0,1e-06,0.0,0.0,0,unit_total_var,0.4813924050632911,2.405644188098338e-07,0.9496125,3.364362429257072e-07,2.405644188098338e-07,1.4567138193884688,9.91145254909708e-07,2.6709577353484304e-09,0.011102879422329792,0.04821919266354992,1.844476549242085,0.103375,0.03835
0.1,0.04,0.0,1e-06,0.0,0.0,0,unit_total_var,0.4875949367088608,1.860993780498156e-07,0.94915,2.6981792775824776e-07,1.860993780498156e-07,1.6132588081139545,9.893429692076538e-07,2.05296402969301e-09,0.011031546968112205,0.04790939975107677,1.844476549242085,0.103375,0.03835
0.1,0.04,0.0,1e-06,0.0,0.0,0,unit_total_var,0.4937974683544304,1.4436327050075982e-07,0.9486875,2.1820325041530228e-07,1.4436327050075982e-07,1.7940450337730454,9.940999503768163e-07,1.5824221810794165e-09,0.010961390494897992,0.04760471405920951,1.844476549242085,0.103375,0.03835
0.1,0.04,0.0,1e-06,0.0,0.0,0,unit_total_var,0.5,1.1249407138300984e-07,0.948225,1.781175630450338e-07,1.1249407138300984e-07,1.995771095649204,9.952275252265508e-07,1.225320070898658e-09,0.010892307975295844,0.04730469248861765,1.844476549242085,0.103375,0.03835
0.1,0.01,1.0,1.0,0.0,0.0,0,unit_total_var,0.01,0.9567713370731202,0.9999875,0.9567713370731202,0.9567713370825908,4.298783551348606e-11,9.716134741211135e-07,0.06435672924485382,0.06726448290322834,0.2921259375294769,0.8717845642139309,0.101325,0.009675
0.1,0.01,1.0,1.0,0.0,0.0,0,unit_total_var,0.016202531645569618,0.9486604624619124,0.9999875,0.9486604626398072,0.9486604624619124,8.143981600206017e-10,9.52723098635033e-07,0.06336522832213551,0.06679442311498203,0.2900844938074771,0.8717845642139309,0.101325,0.009675
0.1,0.01,1.0,1.0,0.0,0.0,0,unit_total_var,0.02240506329113924,0.9404791123014,0.9999875,0.940479112611413,0.9404791123014,1.4315776897255714e-09,8.020639086225856e-07,0.06237723569401093,0.06632495594864479,0.2880456238097269,0.8717845642139309,0.101325,0.009675
0.1,0.01,1.0,1.0,0.0,0.0,0,unit_total_var,0.028607594936708863,0.9321976953876696,0.9999875,0.9321976959408588,0.9321976953876696,2.5772108336319377e-09,7.651971998257069e-07,0.06138583369084288,0.06585066021356614,0.2859857836043778,0.8717845642139309,0.101325,0.009675
0.1,0.01,1.0,1.0,0.0,0.0,0,unit_total_var,0.03481012658227848,0.9237865968056324,0.9999875,0.9237865976671606,0.9237865968056324,4.050252910836605e-09,7.88991357580926e-07,0.06038610224957151,0.0653680216387432,0.2838897109063853,0.8717845642139309,0.101325,0.009675
0.1,0.01,1.0,1.0,0.0,0.0,0,unit_total_var,0.0410126582278481,0.9152175353110696,0.9999875,0.9152175366590856,0.9152175353110696,6.396684959497635e-09,8.575614458550262e-07,0.059374176817682985,0.0648743872652118,0.2817458840613607,0.8717845642139309,0.101325,0.009675
0.1,0.01,1.0,1.0,0.0,0.0,0,unit_total_var,0.047215189873417725,0.9064641770657529,0.9999875,0.9064641791783784,0.9064641770657529,1.0121762483716878e-08,9.680917258947377e-07,0.0583469646370241,0.0643676453115827,0.2795451317192608,0.8717845642139309,0.101325,0.009675
0.1,0.01,1.0,1.0,0.0,0.0,0,unit_total_var,0.05341772151898734,0.8975025702634118,0.9999875,0.8975025728009978,0.8975025702634118,1.2279180006125046e-08,8.576911625368666e-07,0.0573020532932949,0.0638461160913189,0.2772801590941421,0.8717845642139309,0.101325,0.009675
0.1,0.01,1.0,1.0,0.0,0.0,0,unit_total_var,0.05962025316455696,0.8883115256695561,0.9999875,0.8883115291718443,0.8883115256695561,1.7122646744915926e-08,7.800176007322079e-07,0.056237689399367866,0.06330852158760324,0.2749454158294898,0.8717845642139309,0.101325,0.009675
0.1,0.01,1.0,1.0,0.0,0.0,0,unit_total_var,0.06582278481012659,0.8788729713334217,0.9999875,0.8788729761349227,0.8788729713334217,2.3726584474914606e-08,9.459989342985865e-07,0.05515278249417934,0.06275398640431712,0.2725371001282661,0.8717845642139309,0.101325,0.009675
0.1,0.01,1.0,1.0,0.0,0.0,0,unit_total_var,0.0720253164556962,0.8691722761030269,0.9999875,0.8691722819043229,0.8691722761030269,2.898701390030567e-08,8.93248525812851e-07,0.0540469121937432,0.062182048000961276,0.2700532032026062,0.8717845642139309,0.101325,0.009675
0.1,0.01,1.0,1.0,0.0,0.0,0,unit_total_var,0.07822784810126583,0.8591985172402344,1.0,0.8591985252152009,0.8591985172402344,4.031063705056681e-08,8.567006943849266e-07,0.052920325125982416,0.0615926634696295,0.2674935387058409,0.8717845642139309,0.101325,0.009675
0.1,0.01,1.0,1.0,0.0,0.0,0,unit_total_var,0.08443037974683544,0.8489446817905746,1.0,0.8489446914189428,0.8489446817905746,4.9255826084504406e-08,8.328611116326101e-07,0.051773914503000666,0.0609862051244615,0.2648597235777345,0.8717845642139309,0.101325,0.009675
0.1,0.01,1.0,1.0,0.0,0.0,0,unit_total_var,0.09063291139240506,0.8384077759852049,1.0,0.8384077876057414,0.8384077759852049,6.019427534198486e-08,8.193637839326585e-07,0.05060917775888823,0.060363440331189525,0.2621550904453181,0.8717845642139309,0.101325,0.009675
0.1,0.01,1.0,1.0,0.0,0.0,0,unit_total_var,0.09683544303797467,0.827588833582609,1.0,0.8275888475937021,0.827588833582609,7.352612862998598e-08,8.145758201294484e-07,0.04942815217831337,0.05972549431864646,0.2593845261153217,0.8717845642139309,0.101325,0.009675
0.1,0.01,1.0,1.0,0.0,0.0,0,unit_total_var,0.1030379746835443,0.8164928159512639,1.0,0.8164928355784904,0.8164928159512639,1.0439768605152723e-07,9.536980556390515e-07,0.04823333137535253,0.059073797629386075,0.2565542433551177,0.8717845642139309,0.101325,0.009675
0.1,0.01,1.0,1.0,0.0,0.0,0,unit_total_var,0.10924050632911393,0.8051284248952649,1.0,0.8051284248952649,0.8051284277193007,1.5233136307912787e-08,9.324027558932356e-07,0.047027568550591405,0.058410021428207524,0.2536714999412122,0.7544282865956438,0.101325,0.009675
0.1,0.01,1.0,1.0,0.0,0.0,0,unit_total_var,0.11544303797468355,0.7935078018995789,1.0,0.7935078261894339,0.7935078018995789,1.3294071976588384e-07,8.426544972905958e-07,0.04581397229550944,0.05773600736607167,0.2507442940621043,0.7544282865956438,0.101325,0.009675
0.1,0.01,1.0,1.0,0.0,0.0,0,unit_total_var,0.12164556962025315,0.7816461681658571,1.0,0.7816461972001799,0.7816461681658571,1.6131910429706409e-07,8.642215654219855e-07,0.04459580319096315,0.05705369642584929,0.24778105529929625,0.7544282865956438,0.101325,0.009675
0.1,0.01,1.0,1.0,0.0,0.0,0,unit_total_var,0.12784810126582274,0.7695614274870486,1.0,0.7695614620894865,0.7695614274870486,1.9527547734377038e-07,8.913433546808848e-07,0.0433763770434646,0.05636506131174902,0.24479035099831065,0.7544282865956438,0.101325,0.009675
0.1,0.01,1.0,1.0,0.0,0.0,0,unit_total_var,0.1340506329113924,0.7572737112843564,1.0,0.7572737523920129,0.7572737112843564,2.357513224637841e-07,9.238550298107384e-07,0.04215897859892978,0.055672048257725766,0.2417806335458184,0.7544282865956438,0.101325,0.009675
0.1,0.01,1.0,1.0,0.0,0.0,0,unit_total_var,0.14025316455696205,0.7448049246882111,1.0,0.7448049682127974,0.7448049246882111,2.537911130140458e-07,9.61665435283976e-07,0.04094678934621642,0.054976528737853726,0.23876003065045415,0.7544282865956438,0.101325,0.009675
0.1,0.01,1.0,1.0,0.0,0.0,0,unit_total_var,0.14645569620253165,0.7321782988468364,1.0,0.7321783446044029,0.7321782988468364,2.7141282465947825e-07,7.95457914648523e-07,0.03974283033171841,0.054280262600397235,0.2357361852361197,0.7544282865956438,0.101325,0.009675
0.1,0.01,1.0,1.0,0.0,0.0,0,unit_total_var,0.15265822784810126,0.7194179328702356,1.0,0.7194179868082786,0.7194179328702356,3.256103651150255e-07,8.358896046445352e-07,0.03854991830330157,0.053584872633769855,0.2327161449833481,0.7544282865956438,0.101325,0.009675
0.1,0.01,1.0,1.0,0.0,0.0,0,unit_total_var,0.1588607594936709,0.7065484165904997,1.0,0.7065484799451129,0.7065484165904997,3.894221123346142e-07,8.807453433234969e-07,0.03737063753026219,0.052891828291961776,0.2297062916497329,0.7544282865956438,0.101325,0.009675
0.1,0.01,1.0,1.0,0.0,0.0,0,unit_total_var,0.1650632911392405,0.693594437558669,1.0,0.6935945117079513,0.693594437558669,4.642860536030469e-07,9.301171211006931e-07,0.03620732092735222,0.05220243843764902,0.22671230955365174,0.7544282865956438,0.101325,0.009675
0.1,0.01,1.0,1.0,0.0,0.0,0,unit_total_var,0.17126582278481015,0.6805804539478084,1.0,0.6805805317730644,0.6805804539478084,4.966213342783021e-07,9.841187953441022e-07,0.03506204198353419,0.05151785035869247,0.22373918130297601,0.7544282865956438,0.101325,0.009675
0.1,0.01,1.0,1.0,0.0,0.0,0,unit_total_var,0.17746835443037975,0.6675304161130999,1.0,0.6675304971484608,0.6675304161130999,5.272150456203661e-07,8.362464676281434e-07,0.03393661461874437,0.05083905362148243,0.22079120452993345,0.7544282865956438,0.101325,0.009675
0.1,0.01,1.0,1.0,0.0,0.0,0,unit_total_var,0.18367088607594936,0.6544674869948628,1.0,0.6544675810600423,0.6544674869948628,6.242019090496598e-07,8.894740872733564e-07,0.032832597380543664,0.05016688839853917,0.21787202805741815,0.7544282865956438,0.101325,0.009675
0.1,0.01,1.0,1.0,0.0,0.0,0,unit_total_var,0.18987341772151897,0.6414138965788501,1.0,0.6414140053934361,0.6414138965788501,7.367718479756036e-07,9.470207835704514e-07,0.031751305542063,0.049502054307549226,0.21498469028643724,0.7544282865956438,0.101325,0.009675
0.1,0.01,1.0,1.0,0.0,0.0,0,unit_total_var,0.1960759493670886,0.6283907631271307,1.0,0.6283908649941234,0.6283907631271307,7.04024817554938e-07,8.15074177040742e-07,0.0306938235516782,0.0488451221003522,0.21213166996073526,0.7544282865956438,0.101325,0.009675
0.1,0.01,1.0,1.0,0.0,0.0,0,unit_total_var,0.20227848101265825,0.6154179308732132,1.0,0.6154180573000558,0.6154179308732132,8.921819096840977e-07,9.646623007064647e-07,0.029661019201582636,0.04819654695386723,0.20931494388855515,0.7544282865956438,0.101325,0.009675
0.1,0.01,1.0,1.0,0.0,0.0,0,unit_total_var,0.20848101265822785,0.6025139992270382,1.0,0.6025140046666346,0.6025139992270382,3.920882640784384e-08,9.311088025043545e-07,0.028653563451852857,0.04755667667242977,0.20653602256493345,0.6134430747721111,0.101325,0.009675
0.1,0.01,1.0,1.0,0.0,0.0,0,unit_total_var,0.21468354430379746,0.5896961404883323,1.0,0.5896962803382896,0.5896961404883323,1.0299551478354374e-06,9.95608788301183e-07,0.02767194491664272,0.04692576908122097,0.20379602571040487,0.6134430747721111,0.101325,0.009675
0.1,0.01,1.0,1.0,0.0,0.0,0,unit_total_var,0.2208860759493671,0.5769801945176558,1.0,0.5769803386156903,0.5769801945176558,1.084629490222255e-06,8.679974321523789e-07,0.026716489741218218,0.04630399794494278,0.2010957079754816,0.6134430747721111,0.101325,0.009675
0.1,0.01,1.0,1.0,0.0,0.0,0,unit_total_var,0.2270886075949367,0.5643805636285312,1.0,0.5643807279273536,0.5643805636285312,1.2642898461479037e-06,9.303067933785768e-07,0.025787376169238402,0.04569146747975425,0.19843552196519149,0.6134430747721111,0.101325,0.009675
0.1,0.01,1.0,1.0,0.0,0.0,0,unit_total_var,0.23329113924050635,0.5519103298709492,1.0,0.5519104998738688,0.5519103298709492,1.337741196483222e-06,9.9700968192451e-07,0.024884653950862742,0.0450882192342394,0.1958156481227423,0.6134430747721111,0.101325,0.009675
0.1,0.01,1.0,1.0,0.0,0.0,0,unit_total_var,0.23949367088607595,0.5395812517818246,1.0,0.5395814264116953,0.5395812517818246,1.4055487782549392e-06,8.767044477053787e-07,0.02400825876912126,0.04449424195121741,0.19323603755881896,0.6134430747721111,0.101325,0.009675
0.1,0.01,1.0,1.0,0.0,0.0,0,unit_total_var,0.2456962025316456,0.5274037544593374,1.0,0.5274039523671866,0.5274037544593374,1.6296863640796744e-06,9.412139885256464e-07,0.023158025319748244,0.04390948134885474,0.19069645453041367,0.6134430747721111,0.101325,0.009675
0.1,0.01,1.0,1.0,0.0,0.0,0,unit_total_var,0.2518987341772152,0.5153871084586882,1.0,0.5153872936636388,0.5153871084586882,1.560641938791463e-06,8.325303895162506e-07,0.022333704365882487,0.04333384362809045,0.1881964916733807,0.6134430747721111,0.101325,0.009675
0.1,0.01,1.0,1.0,0.0,0.0,0,unit_total_var,0.2581012658227848,0.503539351541007,1.0,0.5035395608244858,0.503539351541007,1.8050355117260608e-06,8.951097818510334e-07,0.02153497126419408,0.04276720617423349,0.1857356164788828,0.6134430747721111,0.101325,0.009675
0.1,0.01,1.0,1.0,0.0,0.0,0,unit_total_var,0.2643037974683544,0.4918674794059058,1.0,0.4918677153461129,0.4918674794059058,2.08323399597532e-06,9.620688672384856e-07,0.020761440692020863,0.042209419327940194,0.18331317898464888,0.6134430747721111,0.101325,0.009675
0.1,0.01,1.0,1.0,0.0,0.0,0,unit_total_var,0.2705063291139241,0.4803774670225132,1.0,0.4803776880472422,0.4803774670225132,1.9982160837095364e-06,8.570779232996982e-07,0.02001267551439093,0.04166031275037517,0.1809284394185162,0.6134430747721111,0.101325,0.009675
0.1,0.01,1.0,1.0,0.0,0.0,0,unit_total_var,0.2767088607594937,0.4690742703038726,1.0,0.4690745188822539,0.4690742703038726,2.3014732968285045e-06,9.223315373674269e-07,0.019288194260847245,0.04111970210677319,0.17858059722477113,0.6134430747721111,0.101325,0.009675
0.1,0.01,1.0,1.0,0.0,0.0,0,unit_total_var,0.2829113924050633,0.4579620201571038,1.0,0.4579622760338165,0.4579620201571038,2.4265290226033187e-06,9.92175129610473e-07,0.01858748246004327,0.04058738856481338,0.17626878888561592,0.6134430747721111,0.101325,0.009675
0.1,0.01,1.0,1.0,0.0,0.0,0,unit_total_var,0.2891139240506329,0.44704403508022106,1.0,0.4470442968510508,0.44704403508022106,2.543051347725367e-06,8.898117407341032e-07,0.017909998404735717,0.04006316380336404,0.17399210967387094,0.6134430747721111,0.101325,0.009675
0.1,0.01,1.0,1.0,0.0,0.0,0,unit_total_var,0.2953164556962025,0.4363228093335684,1.0,0.4363231025605874,0.4363228093335684,2.918638007276542e-06,9.582623849979657e-07,0.017255177715433754,0.03954681567481883,0.17174963824418846,0.6134430747721111,0.101325,0.009675
0.1,0.01,1.0,1.0,0.0,0.0,0,unit_total_var,0.3015189873417722,0.4258002313821028,1.0,0.4258005209325305,0.4258002313821028,2.9532654264308182e-06,8.939474405167402e-07,0.01662244278185786,0.039038125291532035,0.16954042397960134,0.6134430747721111,0.101325,0.009675
0.1,0.01,1.0,1.0,0.0,0.0,0,unit_total_var,0.3077215189873418,0.4154775047916665,1.0,0.4154775047916665,0.415477520524467,1.6445338779647045e-07,9.636308622162917e-07,0.0160112036571562,0.03853687256831082,0.1673635110622618,0.4972629771587795,0.101325,0.009675
0.1,0.01,1.0,1.0,0.0,0.0,0,unit_total_var,0.3139240506329114,0.4053553420569645,1.0,0.40535563250380463,0.4053553420569645,3.11182317513925e-06,8.431405813524863e-07,0.01542086615537591,0.038042834410725035,0.1652179306053703,0.4972629771587795,0.101325,0.009675
0.1,0.01,1.0,1.0,0.0,0.0,0,unit_total_var,0.320126582278481,0.3954338008335265,1.0,0.3954341251799544,0.3954338008335265,3.5622095460041687e-06,9.099224751452084e-07,0.01485083089325548,0.037555795336543615,0.1631027467814877,0.4972629771587795,0.101325,0.009675
0.1,0.01,1.0,1.0,0.0,0.0,0,unit_total_var,0.3263291139240506,0.3857125977468547,1.0,0.38571295939324696,0.3857125977468547,4.0719686058565685e-06,9.816451953525984e-07,0.01430050110700573,0.037075535490783296,0.16101700477255354,0.4972629771587795,0.101325,0.009675
0.1,0.01,1.0,1.0,0.0,0.0,0,unit_total_var,0.3325316455696203,0.3761910226354533,1.0,0.3761913642772193,0.3761910226354533,3.944088440732685e-06,8.943782461301453e-07,0.01376928314369378,0.0366018387340329,0.1589597658970319,0.4972629771587795,0.101325,0.009675
0.1,0.01,1.0,1.0,0.0,0.0,0,unit_total_var,0.3387341772151899,0.36686790445593226,1.0,0.3668682849829694,0.36686790445593226,4.504637901803221e-06,9.6590953013731e-07,0.013256586969857258,0.036134496391874,0.15693012389343836,0.4972629771587795,0.101325,0.009675
0.1,0.01,1.0,1.0,0.0,0.0,0,unit_total_var,0.3449367088607595,0.35774185610007964,1.0,0.3577422165101999,0.35774185610007964,4.375335033834915e-06,8.841073473320195e-07,0.012761832248154524,0.03567329914167034,0.15492716968511436,0.4972629771587795,0.101325,0.009675
0.1,0.01,1.0,1.0,0.0,0.0,0,unit_total_var,0.3511392405063291,0.34881107803957473,1.0,0.3488114791284975,0.34881107803957473,4.993838119027316e-06,9.558597540149094e-07,0.012284445168182879,0.03521804765268703,0.15295003758967748,0.4972629771587795,0.101325,0.009675
0.1,0.01,1.0,1.0,0.0,0.0,0,unit_total_var,0.3573417721518987,0.3400736310146529,1.0,0.3400740119399729,0.3400736310146529,4.8646427348586485e-06,8.789131538122774e-07,0.011823864466546168,0.03476854242202833,0.15099786117706024,0.4972629771587795,0.101325,0.009675
0.1,0.01,1.0,1.0,0.0,0.0,0,unit_total_var,0.3635443037974684,0.33152722629165843,1.0,0.33152764992956085,0.33152722629165843,5.549573947938313e-06,9.5131051836006e-07,0.011379537764721543,0.03432459497221048,0.1490698218999511,0.4972629771587795,0.101325,0.009675
0.1,0.01,1.0,1.0,0.0,0.0,0,unit_total_var,0.369746835443038,0.3231695008247939,1.0,0.32316990432135817,0.3231695008247939,5.42242450229935e-06,8.78709157881019e-07,0.010950927107772823,0.033886016718235615,0.14716510074411066,0.4972629771587795,0.101325,0.009675
0.1,0.01,1.0,1.0,0.0,0.0,0,unit_total_var,0.3759493670886076,0.3149977940625708,1.0,0.31499824258205605,0.3149977940625708,6.183833743733658e-06,9.521928516775801e-07,0.010537504921622972,0.03345263084455066,0.14528292980934868,0.4972629771587795,0.101325,0.009675
0.1,0.01,1.0,1.0,0.0,0.0,0,unit_total_var,0.3821518987341772,0.3070094269789434,1.0,0.3070098554541075,0.3070094269789434,6.061190737760569e-06,8.835106966031958e-07,0.01013875919579952,0.033024260184997184,0.14342253967281535,0.4972629771587795,0.101325,0.009675
0.1,0.01,1.0,1.0,0.0,0.0,0,unit_total_var,0.3883544303797468,0.29920146524563923,1.0,0.29920194137209805,0.29920146524563923,6.911026622979933e-06,9.585468898620777e-07,0.009754189145127894,0.03260073989651045,0.14158321443017674,0.4972629771587795,0.101325,0.009675
0.1,0.01,1.0,1.0,0.0,0.0,0,unit_total_var,0.3945569620253165,0.2915710036491884,1.0,0.2915714599119566,0.2915710036491884,6.7960203518069315e-06,8.934319977171867e-07,0.009383310139068114,0.032181904310203284,0.1397642345905976,0.4972629771587795,0.101325,0.009675
0.1,0.01,1.0,1.0,0.0,0.0,0,unit_total_var,0.4007594936708861,0.2841148970917393,1.0,0.2841154221868796,0.2841148970917393,8.026531290283856e-06,9.593501930638126e-07,0.009025649108956814,0.03176760247824132,0.13796494459596273,0.4972629771587795,0.101325,0.009675
0.1,0.01,1.0,1.0,0.0,0.0,0,unit_total_var,0.4069620253164557,0.2768301155335287,1.0,0.2768301155335287,0.27683014294770864,4.300769971266049e-07,9.323809893047041e-07,0.008680749244505305,0.031357676630575704,0.13618465925965578,0.4045897004429757,0.101325,0.009675
0.1,0.01,1.0,1.0,0.0,0.0,0,unit_total_var,0.4131645569620253,0.2697134338458781,1.0,0.2697139752226092,0.2697134338458781,8.717277728109707e-06,9.883676819200105e-07,0.00834816586847972,0.030951983923982438,0.1344227582214373,0.4045897004429757,0.101325,0.009675
0.1,0.01,1.0,1.0,0.0,0.0,0,unit_total_var,0.4193670886075949,0.2627616396899828,1.0,0.2627621618729155,0.2627616396899828,8.630671553433444e-06,9.295905218920095e-07,0.008027469614128091,0.03055038636385142,0.1326786421783302,0.4045897004429757,0.101325,0.009675
0.1,0.01,1.0,1.0,0.0,0.0,0,unit_total_var,0.4255696202531646,0.25597147355434197,1.0,0.2559719784740587,0.25597147355434197,8.56672141757997e-06,8.770044761519102e-07,0.007718243678664709,0.030152749333711003,0.1309517264984264,0.4045897004429757,0.101325,0.009675
0.1,0.01,1.0,1.0,0.0,0.0,0,unit_total_var,0.4317721518987342,0.2493396331227817,1.0,0.2493401945924967,0.2493396331227817,9.779549339228309e-06,9.565800374033986e-07,0.007420084684849123,0.029758946028428906,0.12924146047403362,0.4045897004429757,0.101325,0.009675
0.1,0.01,1.0,1.0,0.0,0.0,0,unit_total_var,0.4379746835443038,0.242862918087126,1.0,0.24286346285461516,0.242862918087126,9.741678597130488e-06,9.065665791396782e-07,0.007132604246287451,0.029368848494724337,0.12754728841111404,0.4045897004429757,0.101325,0.009675
0.1,0.01,1.0,1.0,0.0,0.0,0,unit_total_var,0.4441772151898734,0.2365379811711537,1.0,0.2365385870771768,0.2365379811711537,1.112469566333374e-05,9.902128388361575e-07,0.0068554247431548325,0.02898234232494948,0.12586871344356626,0.4045897004429757,0.101325,0.009675
0.1,0.01,1.0,1.0,0.0,0.0,0,unit_total_var,0.450379746835443,0.2303616372498197,1.0,0.2303622271875948,0.2303616372498197,1.1121920966417063e-05,9.42717740315402e-07,0.006588183640827667,0.028599308979919236,0.1242052207622504,0.4045897004429757,0.101325,0.009675
0.1,0.01,1.0,1.0,0.0,0.0,0,unit_total_var,0.4565822784810127,0.22433060102456848,1.0,0.2243311768886224,0.22433060102456848,1.114846832273031e-05,9.002643794886467e-07,0.006330529127905732,0.02821964145325148,0.12255634564435378,0.4045897004429757,0.101325,0.009675
0.1,0.01,1.0,1.0,0.0,0.0,0,unit_total_var,0.4627848101265823,0.2184416105112486,1.0,0.21844225183111493,0.2184416105112486,1.2750376157555365e-05,9.862261203252842e-07,0.006082121610716488,0.027843237359776243,0.12092164343673285,0.4045897004429757,0.101325,0.009675
0.1,0.01,1.0,1.0,0.0,0.0,0,unit_total_var,0.4689873417721519,0.21269154947302185,1.0,0.21269217773935506,0.21269154947302185,1.2828539704301535e-05,9.461258239085168e-07,0.005842635026008384,0.02746999135830488,0.1193006566484182,0.4045897004429757,0.101325,0.009675
0.1,0.01,1.0,1.0,0.0,0.0,0,unit_total_var,0.4751898734177215,0.2070772155462149,1.0,0.20707783262445886,0.2070772155462149,1.2941707580260696e-05,9.104515363844713e-07,0.005611753126360202,0.027099809660651862,0.11769297796249538,0.4045897004429757,0.101325,0.009675
0.1,0.01,1.0,1.0,0.0,0.0,0,unit_total_var,0.4813924050632911,0.20159548355259035,1.0,0.20159609122395186,0.20159548355259035,1.3090963979500715e-05,8.788218339716991e-07,0.00538917143689764,0.026732600065872827,0.11609820695535075,0.4045897004429757,0.101325,0.009675
0.1,0.01,1.0,1.0,0.0,0.0,0,unit_total_var,0.4875949367088608,0.19624322973262087,1.0,0.1962439081658268,0.19624322973262087,1.5013984878464724e-05,9.671185559056994e-07,0.005174595817857664,0.026368276882254696,0.11451597147260295,0.4045897004429757,0.101325,0.009675
0.1,0.01,1.0,1.0,0.0,0.0,0,unit_total_var,0.4937974683544304,0.1910174925885628,1.0,0.19101816313990674,0.1910174925885628,1.524552717402372e-05,9.378257939118841e-07,0.004967744245047907,0.026006750364732576,0.11294588175638738,0.4045897004429757,0.101325,0.009675
0.1,0.01,1.0,1.0,0.0,0.0,0,unit_total_var,0.5,0.18591516156279836,1.0,0.18591590194814936,0.18591516156279836,1.7295234528980075e-05,9.99306391413768e-07,0.004768342748401578,0.02564794989455945,0.11138763111338258,0.4045897004429757,0.101325,0.009675
0.1,0.01,1.0,1e-06,0.0,0.0,0,unit_total_var,0.01,0.8436637436687481,0.5837625,0.8436637436687481,0.8436637436907087,1.1304734925943194e-10,9.352204841661659e-07,0.0487154008575532,0.05774267440450845,0.2507732486421415,0.9663359165909008,0.101325,0.009675
0.1,0.01,1.0,1e-06,0.0,0.0,0,unit_total_var,0.016202531645569618,0.7277742140962788,0.6427625,0.7277742236934516,0.7277742140962788,5.7270497455519376e-08,8.493423067079675e-07,0.03774365521594751,0.051861764933257615,0.22523278332277344,0.9663359165909008,0.101325,0.009675
0.1,0.01,1.0,1e-06,0.0,0.0,0,unit_total_var,0.02240506329113924,0.6016747688663583,0.677825,0.6016747921914002,0.6016747688663583,1.6836233296402267e-07,9.81358471818794e-07,0.028330670868639832,0.047086353516234164,0.20449343505046275,0.9663359165909008,0.101325,0.009675
0.1,0.01,1.0,1e-06,0.0,0.0,0,unit_total_var,0.028607594936708863,0.4806895539108068,0.7011875,0.4806895963316596,0.4806895539108068,3.832648598489641e-07,9.266917544437092e-07,0.02069424074569636,0.0430511555271622,0.18696879285005225,0.9663359165909008,0.101325,0.009675
0.1,0.01,1.0,1e-06,0.0,0.0,0,unit_total_var,0.03481012658227848,0.3732568949485207,0.7190625,0.3732569657631089,0.3732568949485207,8.23946789019203e-07,9.680159589464665e-07,0.014769361397155819,0.03956889101591225,0.1718455102324184,0.9663359165909008,0.101325,0.009675
0.1,0.01,1.0,1e-06,0.0,0.0,0,unit_total_var,0.0410126582278481,0.28245729974676204,0.7338875,0.2824574090561503,0.28245729974676204,1.680694921901704e-06,9.475799780389593e-07,0.010304073760787277,0.03648011140099911,0.15843111080669814,0.9663359165909008,0.101325,0.009675
0.1,0.01,1.0,1e-06,0.0,0.0,0,unit_total_var,0.047215189873417725,0.2087659479302558,0.746225,0.2087661012425284,0.2087659479302558,3.1893443450670134e-06,9.442822230809612e-07,0.007018019503018869,0.03361668688115477,0.1459954161235495,0.9663359165909008,0.101325,0.009675
0.1,0.01,1.0,1e-06,0.0,0.0,0,unit_total_var,0.05341772151898734,0.15113044636337328,0.7583,0.15113065554127048,0.15113044636337328,6.0110153707881855e-06,9.536967136014596e-07,0.0046695179858987895,0.030897268540261882,0.13418513232918672,0.9663359165909008,0.101325,0.009675
0.1,0.01,1.0,1e-06,0.0,0.0,0,unit_total_var,0.05962025316455696,0.10734732125187256,0.770075,0.10734760841048004,0.10734732125187256,1.161754484435562e-05,9.611829461242394e-07,0.0030407820045957844,0.028326575541285263,0.12302075448795805,0.9663359165909008,0.101325,0.009675
0.1,0.01,1.0,1e-06,0.0,0.0,0,unit_total_var,0.06582278481012659,0.07471823023962182,0.7824,0.07471860587280256,0.07471823023962182,2.1833360751344344e-05,9.473024260575613e-07,0.001937112011113388,0.025925560668407937,0.11259327938537547,0.9663359165909008,0.101325,0.009675
0.1,0.01,1.0,1e-06,0.0,0.0,0,unit_total_var,0.0720253164556962,0.05066327045091628,0.79715,0.050663773021165114,0.05066327045091628,4.308099365246676e-05,9.677764347681972e-07,0.0012011078268989069,0.02370766466927095,0.10296107944677052,0.9663359165909008,0.101325,0.009675
0.1,0.01,1.0,1e-06,0.0,0.0,0,unit_total_var,0.07822784810126583,0.033018622040153704,0.8144625,0.03301932138482152,0.033018622040153704,9.198394572429436e-05,9.823520314422574e-07,0.0007162844326354729,0.021693347219772063,0.09421300991558257,0.9663359165909008,0.101325,0.009675
0.1,0.01,1.0,1e-06,0.0,0.0,0,unit_total_var,0.08443037974683544,0.02010146340305266,0.8371375,0.02010249471121477,0.02010146340305266,0.0002228096262406609,9.85715725626557e-07,0.0004005936792282269,0.019928582869612948,0.08654873572424572,0.9663359165909008,0.101325,0.009675
0.1,0.01,1.0,1e-06,0.0,0.0,0,unit_total_var,0.09063291139240506,0.01068435608150656,0.8628875,0.010686059762573414,0.01068435608150656,0.0006924519328244116,9.905994935582862e-07,0.00019781615321597289,0.018514560138852987,0.08040771303169755,0.9663359165909008,0.101325,0.009675
0.1,0.01,1.0,1e-06,0.0,0.0,0,unit_total_var,0.09683544303797467,0.004167289585191839,0.884075,0.004169563270070378,0.004167289585191839,0.0023688766923442017,9.973128700102585e-07,7.375653667833724e-05,0.017698922805947,0.07686544510254398,0.9663359165909008,0.101325,0.009675
0.1,0.01,1.0,1e-06,0.0,0.0,0,unit_total_var,0.1030379746835443,0.0007433169964454122,0.8890375,0.0007885876426654918,0.0007433169964454122,0.2567590395120938,3.9586764221576094e-05,1.2944575104560393e-05,0.017414609334190055,0.07563068738339601,0.9663359165909008,0.101325,0.009675
0.1,0.01,1.0,1e-06,0.0,0.0,0,unit_total_var,0.10924050632911393,1.918617323436228e-05,0.8733125,1.918617323436228e-05,2.1375373929260573e-05,0.4692535932909436,1.4626871903303253e-05,3.364178615810609e-07,0.017534390911186973,0.07615089216263035,2.2832958874495968,0.101325,0.009675
0.1,0.01,1.0,1e-06,0.0,0.0,0,unit_total_var,0.11544303797468355,5.225801868951131e-07,0.843325,5.81855067411365e-07,5.225801868951131e-07,0.4666188110669012,9.981910756887927e-07,9.427092180668199e-09,0.018039513202134292,0.07834461039907785,2.2832958874495968,0.101325,0.009675
0.1,0.01,1.0,1e-06,0.0,0.0,0,unit_total_var,0.12164556962025315,5.3895518588816284e-08,0.811575,6.450573378739463e-08,5.3895518588816284e-08,0.7804566481923274,9.963051435802868e-07,1.0074029536088974e-09,0.018691775865348863,0.08117735115293391,2.2832958874495968,0.101325,0.009675
0.1,0.01,1.0,1e-06,0.0,0.0,0,unit_total_var,0.12784810126582274,1.2563559422759887e-08,0.7837875,1.5913727202160674e-08,1.2563559422759887e-08,1.0265921077179172,9.90773076340874e-07,2.4325768519970655e-10,0.019362162983766043,0.08408880541560992,2.2832958874495968,0.101325,0.009675
0.1,0.01,1.0,1e-06,0.0,0.0,0,unit_total_var,0.1340506329113924,4.441026381822835e-09,0.759225,5.900703144165528e-09,4.441026381822835e-09,1.2342041336330711,9.994329956008628e-07,8.894041278821482e-11,0.02002699491996913,0.0869761338284705,2.2832958874495968,0.101325,0.009675
0.1,0.01,1.0,1e-06,0.0,0.0,0,unit_total_var,0.14025316455696205,2.0139605750130336e-09,0.735325,2.7735373486234444e-09,2.0139605750130336e-09,1.3898305387240697,9.794745893078943e-07,4.1620194323588225e-11,0.02066584363168027,0.08975061853114195,2.2832958874495968,0.101325,0.009675
0.1,0.01,1.0,1e-06,0.0,0.0,0,unit_total_var,0.14645569620253165,1.0662721648841167e-09,0.71325,1.5188024173340666e-09,1.0662721648841167e-09,1.5363320762899804,9.77281900980926e-07,2.2690223395004596e-11,0.021279954726634527,0.09241766912928397,2.2832958874495968,0.101325,0.009675
0.1,0.01,1.0,1e-06,0.0,0.0,0,unit_total_var,0.15265822784810126,6.27093604421873e-10,0.6914875,9.212654561210839e-10,6.27093604421873e-10,1.6705241557849035,9.928629776751531e-07,1.371444986907474e-11,0.021869860850707124,0.0949795988745406,2.2832958874495968,0.101325,0.009675
0.1,0.01,1.0,1e-06,0.0,0.0,0,unit_total_var,0.1588607594936709,4.014665758836669e-10,0.6715375,6.072936472881721e-10,4.014665758836669e-10,1.7974934421074238,9.807498639745511e-07,8.998240380707054e-12,0.02241342348588062,0.09734026140478698,2.2832958874495968,0.101325,0.009675
0.1,0.01,1.0,1e-06,0.0,0.0,0,unit_total_var,0.1650632911392405,2.724189760582143e-10,0.6514375,4.203039011062162e-10,2.724189760582143e-10,1.8832606477024851,9.798466092879153e-07,6.244811521762824e-12,0.022923555517763733,0.09955573666967628,2.2832958874495968,0.101325,0.009675
0.1,0.01,1.0,1e-06,0.0,0.0,0,unit_total_var,0.17126582278481015,1.9443397842196383e-10,0.633625,3.056192384166784e-10,1.9443397842196383e-10,1.9640852654994632,9.655301423088517e-07,4.546746163783231e-12,0.023384524663255142,0.10155770023182203,2.2832958874495968,0.101325,0.009675
0.1,0.01,1.0,1e-06,0.0,0.0,0,unit_total_var,0.17746835443037975,1.438494260652457e-10,0.616125,2.295088643586574e-10,1.438494260652457e-10,2.02891330555849,9.600255811923066e-07,3.4251183184810487e-12,0.023810441321660332,0.10340743277678248,2.2832958874495968,0.101325,0.009675
0.1,0.01,1.0,1e-06,0.0,0.0,0,unit_total_var,0.18367088607594936,1.0923359367202914e-10,0.5981,1.7700700745137362e-10,1.0923359367202914e-10,2.096342380654264,9.812342253560054e-07,2.644374099020813e-12,0.024208432681986768,0.1051358872931319,2.2832958874495968,0.101325,0.009675
0.1,0.01,1.0,1e-06,0.0,0.0,0,unit_total_var,0.18987341772151897,8.596429111201436e-11,0.5819875,1.4073087559393505e-10,8.596429111201436e-11,2.1407130354956934,9.438818348858619e-07,2.1100839047193244e-12,0.024546051359509432,0.10660214657948756,2.2832958874495968,0.101325,0.009675
0.1,0.01,1.0,1e-06,0.0,0.0,0,unit_total_var,0.1960759493670886,6.76929346392626e-11,0.5641375,1.1389394240411776e-10,6.76929346392626e-11,2.259572840454624,9.957175466786502e-07,1.6866586616105545e-12,0.0249163176422887,0.10821019261394622,2.2832958874495968,0.101325,0.009675
0.1,0.01,1.0,1e-06,0.0,0.0,0,unit_total_var,0.20227848101265825,5.398899694064907e-11,0.544075,9.284355506788068e-11,5.398899694064907e-11,2.354465028434518,9.5741505616441e-07,1.3703620917635728e-12,0.025382247669280336,0.11023370101070122,2.2832958874495968,0.101325,0.009675
0.1,0.01,1.0,1e-06,0.0,0.0,0,unit_total_var,0.20848101265822785,4.4488529871166346e-11,0.527225,4.4488529871166346e-11,4.5751907101226886e-11,0.12161147037424767,9.444362249857159e-07,1.1425413227742463e-12,0.025681705511126446,0.11153422989346544,3.0108729270201944,0.101325,0.009675
0.1,0.01,1.0,1e-06,0.0,0.0,0,unit_total_var,0.21468354430379746,3.877769189882072e-11,0.5211125,4.7851910854484726e-11,3.877769189882072e-11,0.9131732928534008,9.237938341275809e-07,9.931580659240569e-13,0.025611582775875837,0.11122969072371243,3.0108729270201944,0.101325,0.009675
0.1,0.01,1.0,1e-06,0.0,0.0,0,unit_total_var,0.2208860759493671,3.2656703034659853e-11,0.506975,4.822714203579362e-11,3.2656703034659853e-11,1.6931918919976001,9.437150537842036e-07,8.435385272615447e-13,0.02583048651195021,0.11218037757016353,3.0108729270201944,0.101325,0.009675
0.1,0.01,1.0,1e-06,0.0,0.0,0,unit_total_var,0.2270886075949367,2.785819580613295e-11,0.4928,4.496662249020997e-11,2.785819580613295e-11,2.0793728171531143,9.579215105121416e-07,7.245384981091759e-13,0.026008091232874092,0.11295170507273555,3.0108729270201944,0.101325,0.009675
0.1,0.01,1.0,1e-06,0.0,0.0,0,unit_total_var,0.23329113924050635,2.420318561978123e-11,0.480525,4.055861609140277e-11,2.420318561978123e-11,2.242105964104951,9.099958633361624e-07,6.335242637238449e-13,0.02617524294843512,0.11367763574982373,3.0108729270201944,0.101325,0.009675
0.1,0.01,1.0,1e-06,0.0,0.0,0,unit_total_var,0.23949367088607595,2.087474404193995e-11,0.46645,3.595632235500312e-11,2.087474404193995e-11,2.3615410626553768,9.443237225246708e-07,5.497050078232407e-13,0.02633349691468385,0.114364923992635,3.0108729270201944,0.101325,0.009675
0.1,0.01,1.0,1e-06,0.0,0.0,0,unit_total_var,0.2456962025316456,1.833223957971133e-11,0.4529125,3.162360775440574e-11,1.833223957971133e-11,2.367958902649434,9.114335789520745e-07,4.855891191715082e-13,0.026488259498251364,0.11503704935311965,3.0108729270201944,0.101325,0.009675
0.1,0.01,1.0,1e-06,0.0,0.0,0,unit_total_var,0.2518987341772152,1.5960981829052722e-11,0.439425,2.8272580582352728e-11,1.5960981829052722e-11,2.4830584739774366,9.592591339956696e-07,4.249072542776501e-13,0.026621623834206708,0.11561624330500063,3.0108729270201944,0.101325,0.009675
0.1,0.01,1.0,1e-06,0.0,0.0,0,unit_total_var,0.2581012658227848,1.4182553198364095e-11,0.4268625,2.5145080134811067e-11,1.4182553198364095e-11,2.486986027450982,9.307896057333568e-07,3.793494092109254e-13,0.02674761052577486,0.11616339655441354,3.0108729270201944,0.101325,0.009675
0.1,0.01,1.0,1e-06,0.0,0.0,0,unit_total_var,0.2643037974683544,1.2515300638883244e-11,0.414375,2.2780808716649413e-11,1.2515300638883244e-11,2.6012785086729906,9.76089535500645e-07,3.3565788894857647e-13,0.026819802307084462,0.11647692147702883,3.0108729270201944,0.101325,0.009675
0.1,0.01,1.0,1e-06,0.0,0.0,0,unit_total_var,0.2705063291139241,1.134133244288685e-11,0.403725,2.0528879398771945e-11,1.134133244288685e-11,2.577011624806431,9.203613592202141e-07,3.049231237307557e-13,0.026886005261401176,0.11676443725448325,3.0108729270201944,0.101325,0.009675
0.1,0.01,1.0,1e-06,0.0,0.0,0,unit_total_var,0.2767088607594937,1.0263414608060472e-11,0.391775,1.8865255464770985e-11,1.0263414608060472e-11,2.643708172744752,8.794581892911207e-07,2.768855221863149e-13,0.026977914540143418,0.11716359418041787,3.0108729270201944,0.101325,0.009675
0.1,0.01,1.0,1e-06,0.0,0.0,0,unit_total_var,0.2829113924050633,9.247716469718876e-12,0.3782875,1.723187479953982e-11,9.247716469718876e-12,2.7029802450875304,8.568731254194718e-07,2.507687542806634e-13,0.027116829879223852,0.11776689583256142,3.0108729270201944,0.101325,0.009675
0.1,0.01,1.0,1e-06,0.0,0.0,0,unit_total_var,0.2891139240506329,8.256458532249425e-12,0.3613125,1.568232903787559e-11,8.256458532249425e-12,2.7861675772650614,8.589886711243502e-07,2.2572821176457933e-13,0.027339592499967532,0.11873434160219425,3.0108729270201944,0.101325,0.009675
0.1,0.01,1.0,1e-06,0.0,0.0,0,unit_total_var,0.2953164556962025,7.244811417133032e-12,0.3385,1.4251056012292716e-11,7.244811417133032e-12,2.9381996179015464,8.968206175938862e-07,2.0077816644774013e-13,0.027713373735709115,0.12035765288340974,3.0108729270201944,0.101325,0.009675
0.1,0.01,1.0,1e-06,0.0,0.0,0,unit_total_var,0.3015189873417722,6.158268396921883e-12,0.305825,1.2952329925229164e-11,6.158268396921883e-12,3.228892854376141,9.884122372748215e-07,1.7473139768339515e-13,0.02837346254195936,0.1232243821446156,3.0108729270201944,0.101325,0.009675
0.1,0.01,1.0,1e-06,0.0,0.0,0,unit_total_var,0.3077215189873418,5.728401621427987e-12,0.29745,5.728401621427987e-12,7.13556706558591e-12,0.953950333354456,9.392695628963495e-07,1.6242810124330465e-13,0.028354873135241918,0.1231436493770232,2.6689136392185238,0.101325,0.009675
0.1,0.01,1.0,1e-06,0.0,0.0,0,unit_total_var,0.3139240506329114,6.635798487790406e-12,0.3491,6.722991804349085e-12,6.635798487790406e-12,0.056693926880157626,5.449692050402229e-07,1.7720659353502408e-13,0.026704637559605955,0.11597676733363188,2.6689136392185238,0.101325,0.009675
0.1,0.01,1.0,1e-06,0.0,0.0,0,unit_total_var,0.320126582278481,6.183219386634914e-12,0.3408625,7.246114000098003e-12,6.183219386634914e-12,0.6889050636406324,5.131370183840045e-07,1.6499103513894287e-13,0.026683678003658173,0.11588574113871923,2.6689136392185238,0.101325,0.009675
0.1,0.01,1.0,1e-06,0.0,0.0,0,unit_total_var,0.3263291139240506,5.7719605658080175e-12,0.3326375,7.389395640261137e-12,5.7719605658080175e-12,1.0728556469436086,4.841221779285688e-07,1.5388362431449012e-13,0.026660546717187747,0.11578528323798493,2.6689136392185238,0.101325,0.009675
0.1,0.01,1.0,1e-06,0.0,0.0,0,unit_total_var,0.3325316455696203,5.396818364887706e-12,0.3245625,7.279804583391142e-12,5.396818364887706e-12,1.2998191970279294,4.577604099417947e-07,1.4375088263308352e-13,0.026636227664866872,0.1156796669357042,2.6689136392185238,0.101325,0.009675
0.1,0.01,1.0,1e-06,0.0,0.0,0,unit_total_var,0.3387341772151899,5.053047949145091e-12,0.316575,7.020404446080377e-12,5.053047949145091e-12,1.428087132469571,4.3399462472806423e-07,1.3447273420015136e-13,0.026612202289294,0.11557532605533467,2.6689136392185238,0.101325,0.009675
0.1,0.01,1.0,1e-06,0.0,0.0,0,unit_total_var,0.3449367088607595,4.7361299613049214e-12,0.3085125,6.6827291824293656e-12,4.7361299613049214e-12,1.4953025060526386,4.1291876158382304e-07,1.2593760071000482e-13,0.02659082452106231,0.11548248358755038,2.6689136392185238,0.101325,0.009675
0.1,0.01,1.0,1e-06,0.0,0.0,0,unit_total_var,0.3511392405063291,4.441475037549607e-12,0.3001875,6.312582824476528e-12,4.441475037549607e-12,1.5267986375711615,3.9485717862437394e-07,1.1803652778092415e-13,0.02657597459920561,0.1154179911963598,2.6689136392185238,0.101325,0.009675
0.1,0.01,1.0,1e-06,0.0,0.0,0,unit_total_var,0.3573417721518987,4.164013761900324e-12,0.2911375,5.937585313819661e-12,4.164013761900324e-12,1.5409770664368807,3.805069152555953e-07,1.1065532454884783e-13,0.02657419760744216,0.11541027381918725,2.6689136392185238,0.101325,0.009675
0.1,0.01,1.0,1e-06,0.0,0.0,0,unit_total_var,0.3635443037974684,3.8975959630711435e-12,0.2822,5.5733889874827215e-12,3.8975959630711435e-12,1.5532253833902698,3.7119698200437095e-07,1.0366306793662641e-13,0.02659666854102142,0.11550786384375412,2.6689136392185238,0.101325,0.009675
0.1,0.01,1.0,1e-06,0.0,0.0,0,unit_total_var,0.369746835443038,3.634099927192019e-12,0.27155,5.2281284553891865e-12,3.634099927192019e-12,1.5794938470474165,3.6938067868805314e-07,9.689416902940852e-14,0.026662494419705262,0.1157937420025424,2.6689136392185238,0.101325,0.009675
0.1,0.01,1.0,1e-06,0.0,0.0,0,unit_total_var,0.3759493670886076,3.3621643576787325e-12,0.25745,4.9053935576929316e-12,3.3621643576787325e-12,1.6405491649494053,3.796309467507913e-07,9.011901441336425e-14,0.026803869420465577,0.1164077258296351,2.6689136392185238,0.101325,0.009675
0.1,0.01,1.0,1e-06,0.0,0.0,0,unit_total_var,0.3821518987341772,3.065631974528754e-12,0.2396125,4.6061325022931645e-12,3.065631974528754e-12,1.7681640982676043,4.108067082320139e-07,8.299404398503734e-14,0.027072409432901717,0.11757398028534755,2.6689136392185238,0.101325,0.009675
0.1,0.01,1.0,1e-06,0.0,0.0,0,unit_total_var,0.3883544303797468,2.722539357291504e-12,0.215875,4.3298323986584315e-12,2.722539357291504e-12,2.0149691911223755,4.810435065588522e-07,7.497554383840437e-14,0.027538828277212924,0.11959961158874804,2.6689136392185238,0.101325,0.009675
0.1,0.01,1.0,1e-06,0.0,0.0,0,unit_total_var,0.3945569620253165,2.3079149456467537e-12,0.1823375,4.075231819245638e-12,2.3079149456467537e-12,2.469325190062236,6.290881246353054e-07,6.518314109111278e-14,0.028243302992626663,0.12265910640419354,2.6689136392185238,0.101325,0.009675
0.1,0.01,1.0,1e-06,0.0,0.0,0,unit_total_var,0.4007594936708861,1.809867991123934e-12,0.1414125,3.840739022584849e-12,1.809867991123934e-12,3.267678986687386,9.344472245914885e-07,5.230259252887913e-14,0.0288985676222712,0.12550488453260358,2.6689136392185238,0.101325,0.009675
0.1,0.01,1.0,1e-06,0.0,0.0,0,unit_total_var,0.4069620253164557,1.7265479023657902e-12,0.1363375,1.7265479023657902e-12,2.72536288985495e-12,1.9824570583846681,9.04658523775942e-07,4.980269383788511e-14,0.02884524302490728,0.12527329874875492,3.1146950402203477,0.101325,0.009675
0.1,0.01,1.0,1e-06,0.0,0.0,0,unit_total_var,0.4131645569620253,2.1975772044068908e-12,0.176575,2.1975772044068908e-12,2.5940933842675016e-12,0.7204146463822383,3.433483853988291e-07,6.195499843149225e-14,0.028192410399621618,0.1224380826810752,3.1146950402203477,0.101325,0.009675
0.1,0.01,1.0,1e-06,0.0,0.0,0,unit_total_var,0.4193670886075949,2.471359559508205e-12,0.2251625,2.4910489088372497e-12,2.471359559508205e-12,0.03446318735144871,2.2905299489551416e-07,6.436480196767487e-14,0.026044288747883903,0.11310890888300933,3.1146950402203477,0.101325,0.009675
0.1,0.01,1.0,1e-06,0.0,0.0,0,unit_total_var,0.4255696202531646,2.3563100390393174e-12,0.21945,2.6270682031298327e-12,2.3563100390393174e-12,0.4723891438897994,2.1982727578877396e-07,6.12626269523445e-14,0.02599939139474263,0.11291392215579615,3.1146950402203477,0.101325,0.009675
0.1,0.01,1.0,1e-06,0.0,0.0,0,unit_total_var,0.4317721518987342,2.248082580793408e-12,0.21375,2.6554762217254417e-12,2.248082580793408e-12,0.7233015640228189,2.1136448621050246e-07,5.835319223322052e-14,0.02595687219489336,0.11272926361710135,3.1146950402203477,0.101325,0.009675
0.1,0.01,1.0,1e-06,0.0,0.0,0,unit_total_var,0.4379746835443038,2.145735024162289e-12,0.2072625,2.6189365300344213e-12,2.145735024162289e-12,0.8654888330562045,2.037855092905826e-07,5.5614890037356905e-14,0.02591880610191809,0.1125639446758336,3.1146950402203477,0.101325,0.009675
0.1,0.01,1.0,1e-06,0.0,0.0,0,unit_total_var,0.4441772151898734,2.0481342644146264e-12,0.2008125,2.546567810620785e-12,2.0481342644146264e-12,0.9459682197021948,1.973380493852154e-07,5.302379939902922e-14,0.02588882980978977,0.11243375929324106,3.1146950402203477,0.101325,0.009675
0.1,0.01,1.0,1e-06,0.0,0.0,0,unit_total_var,0.450379746835443,1.9537735192804824e-12,0.1943,2.456421315860037e-12,1.9537735192804824e-12,0.9942863832234394,1.9249584408158285e-07,5.05507069840575e-14,0.02587337093332796,0.11236662224580317,3.1146950402203477,0.101325,0.009675
0.1,0.01,1.0,1e-06,0.0,0.0,0,unit_total_var,0.4565822784810127,1.8604709429632373e-12,0.18705,2.35909554931823e-12,1.8604709429632373e-12,1.0312263971117377,1.9014675792216496e-07,4.8156027347018633e-14,0.02588378363508265,0.11241184403494084,3.1146950402203477,0.101325,0.009675
0.1,0.01,1.0,1e-06,0.0,0.0,0,unit_total_var,0.4627848101265823,1.7648821873684638e-12,0.1788625,2.2605631521978532e-12,1.7648821873684638e-12,1.0750092432800358,1.919615142217905e-07,4.578093007689378e-14,0.0259399354838272,0.1126557084155251,3.1146950402203477,0.101325,0.009675
0.1,0.01,1.0,1e-06,0.0,0.0,0,unit_total_var,0.4689873417721519,1.6617520593446202e-12,0.168225,2.1640469167758905e-12,1.6617520593446202e-12,1.14700446438124,2.0114473665129566e-07,4.333159006096505e-14,0.02607584556149407,0.11324595838318273,3.1146950402203477,0.101325,0.009675
0.1,0.01,1.0,1e-06,0.0,0.0,0,unit_total_var,0.4751898734177215,1.542898337529934e-12,0.1545625,2.0711796115424692e-12,1.542898337529934e-12,1.2788045121264844,2.2401655963091112e-07,4.065114284819807e-14,0.026347259478727247,0.1144246940488439,3.1146950402203477,0.101325,0.009675
0.1,0.01,1.0,1e-06,0.0,0.0,0,unit_total_var,0.4813924050632911,1.3962598240029017e-12,0.1352375,1.9826948278879023e-12,1.3962598240029017e-12,1.5228963187394842,2.7337064104307365e-07,3.7471340832385765e-14,0.0268369397931684,0.11655134863342828,3.1146950402203477,0.101325,0.009675
0.1,0.01,1.0,1e-06,0.0,0.0,0,unit_total_var,0.4875949367088608,1.2064676585386543e-12,0.1072875,1.898829299339444e-12,1.2064676585386543e-12,1.969702399712915,3.751601481037261e-07,3.3341029701550674e-14,0.02763524530938137,0.12001834543907047,3.1146950402203477,0.101325,0.009675
0.1,0.01,1.0,1e-06,0.0,0.0,0,unit_total_var,0.4937974683544304,9.612502552358264e-13,0.0744,1.819553488300549e-12,9.612502552358264e-13,2.7712835867357626,5.781960793811052e-07,2.758526090701181e-14,0.02758526090701181,0.11980126593776715,3.1146950402203477,0.101325,0.009675
0.1,0.01,1.0,1e-06,0.0,0.0,0,unit_total_var,0.5,6.717819156708759e-13,0.0448375,1.7447019583653865e-12,6.717819156708759e-13,4.144929400674101,9.476350432592472e-07,1.9608379838783402e-14,0.01960837983878341,0.08515811163046606,3.1146950402203477,0.101325,0.009675
0.1,0.04,1.0,1.0,0.0,0.0,0,unit_total_var,0.01,0.9362881905787956,0.9999875,0.9362881905787956,0.9362881905872624,3.927391745150999e-11,9.703642831482284e-07,0.03198648004689696,0.034163071123564565,0.14836833273832412,0.4429005290406912,0.101325,0.03835
0.1,0.04,1.0,1.0,0.0,0.0,0,unit_total_var,0.016202531645569618,0.9286575156644962,0.9999875,0.9286575158310718,0.9286575156644962,7.790049716405179e-10,9.530701277071785e-07,0.031516288535399145,0.0339374721076239,0.1473885686608658,0.4429005290406912,0.101325,0.03835
0.1,0.04,1.0,1.0,0.0,0.0,0,unit_total_var,0.02240506329113924,0.920983622477192,0.9999875,0.9209836227647084,0.920983622477192,1.3557978073563959e-09,8.02205846639481e-07,0.03104917381765112,0.03371305749622062,0.14641394838695673,0.4429005290406912,0.101325,0.03835
0.1,0.04,1.0,1.0,0.0,0.0,0,unit_total_var,0.028607594936708863,0.9132796397138478,0.9999875,0.9132796402188385,0.9132796397138478,2.4013957489188442e-09,7.649439623946819e-07,0.030584835018606288,0.033489014414237066,0.14544094164481616,0.4429005290406912,0.101325,0.03835
0.1,0.04,1.0,1.0,0.0,0.0,0,unit_total_var,0.03481012658227848,0.9055481396516891,0.9999875,0.9055481404215546,0.9055481396516891,3.692221028916976e-09,7.879876164906818e-07,0.030122943876060668,0.03326487301674231,0.1444675079238356,0.4429005290406912,0.101325,0.03835
0.1,0.04,1.0,1.0,0.0,0.0,0,unit_total_var,0.0410126582278481,0.8977878500460762,0.9999875,0.8977878512197404,0.8977878500460762,5.677464609554761e-09,8.551992181082824e-07,0.02966318020536408,0.03304030033803833,0.14349220117236192,0.4429005290406912,0.101325,0.03835
0.1,0.04,1.0,1.0,0.0,0.0,0,unit_total_var,0.047215189873417725,0.8899958674163047,0.9999875,0.8899958692014417,0.8899958674163047,8.710997367877836e-09,9.63376535878524e-07,0.02920524410493255,0.03281503338854437,0.14251387924115785,0.4429005290406912,0.101325,0.03835
0.1,0.04,1.0,1.0,0.0,0.0,0,unit_total_var,0.05341772151898734,0.8821685924617344,0.9999875,0.8821685945346619,0.8821685924617344,1.0205090439363572e-08,8.508516771144059e-07,0.02874886145181081,0.032588851720038815,0.1415315847357615,0.4429005290406912,0.101325,0.03835
0.1,0.04,1.0,1.0,0.0,0.0,0,unit_total_var,0.05962025316455696,0.8743021920762785,0.9999875,0.8743021948365729,0.8743021920762785,1.3711284885253859e-08,7.70600493638085e-07,0.028293786830647975,0.03236156455636507,0.14054448912585202,0.4429005290406912,0.101325,0.03835
0.1,0.04,1.0,1.0,0.0,0.0,0,unit_total_var,0.06582278481012659,0.8663928563969379,0.9999875,0.8663928600404089,0.8663928563969379,1.8263532242102087e-08,9.302218870743672e-07,0.02783980538829919,0.032133004309472725,0.13955186458577412,0.4429005290406912,0.101325,0.03835
0.1,0.04,1.0,1.0,0.0,0.0,0,unit_total_var,0.0720253164556962,0.8584369561642591,0.9999875,0.8584369603966361,0.8584369561642591,2.1412148720756363e-08,8.728762210807873e-07,0.027386734154671383,0.031903023230783444,0.138553069451605,0.4429005290406912,0.101325,0.03835
0.1,0.04,1.0,1.0,0.0,0.0,0,unit_total_var,0.07822784810126583,0.8504311418027471,1.0,0.8504311474001386,0.8504311418027471,2.8584515532337207e-08,8.309515067139729e-07,0.026934422835917186,0.03167149168458423,0.13754754072259656,0.4429005290406912,0.101325,0.03835
0.1,0.04,1.0,1.0,0.0,0.0,0,unit_total_var,0.08443037974683544,0.842372414804555,1.0,0.8423724213016259,0.842372414804555,3.3496372453534207e-08,8.008845355789163e-07,0.02648275449491925,0.03143829739612699,0.1365347907957132,0.4429005290406912,0.101325,0.03835
0.1,0.04,1.0,1.0,0.0,0.0,0,unit_total_var,0.09063291139240506,0.8342581771593421,1.0,0.8342581847044226,0.8342581771593421,3.9277850416574716e-08,7.802437309578636e-07,0.02603164589176012,0.031203345204716057,0.13551440639330475,0.4429005290406912,0.101325,0.03835
0.1,0.04,1.0,1.0,0.0,0.0,0,unit_total_var,0.09683544303797467,0.8260862662858153,1.0,0.8260862762305713,0.8260862662858153,5.228210187002703e-08,9.914369627495034e-07,0.025581047534223984,0.030966557099707637,0.13448604871944989,0.4429005290406912,0.101325,0.03835
0.1,0.04,1.0,1.0,0.0,0.0,0,unit_total_var,0.1030379746835443,0.8178549852261515,1.0,0.8178549970344345,0.8178549852261515,6.27039292711018e-08,8.5046463738081e-07,0.025130943671720286,0.03072787245378364,0.13344945447305165,0.4429005290406912,0.101325,0.03835
0.1,0.04,1.0,1.0,0.0,0.0,0,unit_total_var,0.10924050632911393,0.8095631150728094,1.0,0.8095631150728094,0.8095631151118536,2.094547868480845e-10,8.180354527098643e-07,0.02468135146657183,0.030487248007034107,0.1324044357787082,0.3948428105072683,0.101325,0.03835
0.1,0.04,1.0,1.0,0.0,0.0,0,unit_total_var,0.11544303797468355,0.8012099274283597,1.0,0.8012099429939055,0.8012099274283597,8.437277576600621e-08,9.814917376615995e-07,0.02423232040141617,0.030244658199873476,0.13135088163254985,0.3948428105072683,0.101325,0.03835
0.1,0.04,1.0,1.0,0.0,0.0,0,unit_total_var,0.12164556962025315,0.7927951899006508,1.0,0.7927952079684294,0.7927951899006508,9.897558106430893e-08,9.908858835672165e-07,0.023783931182939727,0.030000095214906913,0.13028875808406218,0.3948428105072683,0.101325,0.03835
0.1,0.04,1.0,1.0,0.0,0.0,0,unit_total_var,0.12784810126582274,0.7843191659693942,1.0,0.7843191845287927,0.7843191659693942,1.027674012554769e-07,7.87088872300501e-07,0.023336294072362998,0.02975356855333257,0.12921810639642453,0.3948428105072683,0.101325,0.03835
0.1,0.04,1.0,1.0,0.0,0.0,0,unit_total_var,0.1340506329113924,0.7757825986146126,1.0,0.7757826201618644,0.7757825986146126,1.2062467535933766e-07,8.046595958433045e-07,0.02288954692861633,0.02950510487022051,0.12813904233113527,0.3948428105072683,0.101325,0.03835
0.1,0.04,1.0,1.0,0.0,0.0,0,unit_total_var,0.14025316455696205,0.7671867113575497,1.0,0.7671867363602367,0.7671867113575497,1.4153697747154578e-07,8.262992956531434e-07,0.022443853434180042,0.02925474738015896,0.12705175356676646,0.3948428105072683,0.101325,0.03835
0.1,0.04,1.0,1.0,0.0,0.0,0,unit_total_var,0.14645569620253165,0.7585331823857984,1.0,0.7585332113792842,0.7585331823857984,1.6600078867057275e-07,8.519691370167949e-07,0.021999400406718245,0.029002555086020093,0.12595649634953615,0.3948428105072683,0.101325,0.03835
0.1,0.04,1.0,1.0,0.0,0.0,0,unit_total_var,0.15265822784810126,0.7498241249752889,1.0,0.7498241585713366,0.7498241249752889,1.9458666766780647e-07,8.816847945070093e-07,0.021556395205549854,0.028748601822140975,0.12485359133789595,0.3948428105072683,0.101325,0.03835
0.1,0.04,1.0,1.0,0.0,0.0,0,unit_total_var,0.1588607594936709,0.7410620618907464,1.0,0.7410621007870319,0.7410620618907464,2.279490827206132e-07,9.155080640255163e-07,0.021115062889821262,0.02849297511729082,0.1237434186644606,0.3948428105072683,0.101325,0.03835
0.1,0.04,1.0,1.0,0.0,0.0,0,unit_total_var,0.1650632911392405,0.7322498964049908,1.0,0.7322499367575857,0.7322498964049908,2.3932961790151813e-07,9.535407983207731e-07,0.02067564324964858,0.028235774905747957,0.12262641233828644,0.3948428105072683,0.101325,0.03835
0.1,0.04,1.0,1.0,0.0,0.0,0,unit_total_var,0.17126582278481015,0.7233908805389938,1.0,0.723390927222493,0.7233908805389938,2.8026874510089783e-07,9.959202778020426e-07,0.020238387769853625,0.027977112117827826,0.12150305412361223,0.3948428105072683,0.101325,0.03835
0.1,0.04,1.0,1.0,0.0,0.0,0,unit_total_var,0.17746835443037975,0.7144885869478036,1.0,0.7144886351055951,0.7144885869478036,2.92722134309642e-07,8.310232750829981e-07,0.019803556726178225,0.0277171071560097,0.12037386692176145,0.3948428105072683,0.101325,0.03835
0.1,0.04,1.0,1.0,0.0,0.0,0,unit_total_var,0.18367088607594936,0.7055468511921066,1.0,0.7055469068394526,0.7055468511921066,3.425333743312109e-07,8.741277177648499e-07,0.019371415646690825,0.02745588845582753,0.11923940852117085,0.3948428105072683,0.101325,0.03835
0.1,0.04,1.0,1.0,0.0,0.0,0,unit_total_var,0.18987341772151897,0.696569767835104,1.0,0.6965698320581195,0.696569767835104,4.004150229164338e-07,9.213753138226366e-07,0.0189422332127462,0.02719359077500233,0.11810026416718683,0.3948428105072683,0.101325,0.03835
0.1,0.04,1.0,1.0,0.0,0.0,0,unit_total_var,0.1960759493670886,0.6875616330726829,1.0,0.6875616998534821,0.6875616330726829,4.2181718251654843e-07,9.72996009096505e-07,0.018516277999807738,0.026930353744520758,0.11695704026947938,0.3948428105072683,0.101325,0.03835
0.1,0.04,1.0,1.0,0.0,0.0,0,unit_total_var,0.20227848101265825,0.6785269161716836,1.0,0.6785269905713918,0.6785269161716836,4.761989564894265e-07,8.336712760126376e-07,0.01809381620641585,0.02666632048806989,0.1158103584063238,0.3948428105072683,0.101325,0.03835
0.1,0.04,1.0,1.0,0.0,0.0,0,unit_total_var,0.20848101265822785,0.6694702154389672,1.0,0.6694702154389672,0.6694702204006989,3.2187432053021325e-08,8.616424231888685e-07,0.017675108704117936,0.026401635646372237,0.11466084674439653,0.3413911930048841,0.101325,0.03835
0.1,0.04,1.0,1.0,0.0,0.0,0,unit_total_var,0.21468354430379746,0.6603962395130315,1.0,0.6603963309718088,0.6603962395130315,6.014576883206502e-07,9.343913127679572e-07,0.017260409758743836,0.02613644464643145,0.11350913686514966,0.3413911930048841,0.101325,0.03835
0.1,0.04,1.0,1.0,0.0,0.0,0,unit_total_var,0.2208860759493671,0.6513097505382583,1.0,0.6513098457437992,0.6513097505382583,6.348321670568424e-07,9.94644491214558e-07,0.01684996473259312,0.025870892795122283,0.11235585982832198,0.3413911930048841,0.101325,0.03835
0.1,0.04,1.0,1.0,0.0,0.0,0,unit_total_var,0.2270886075949367,0.6422155741109461,1.0,0.6422156725721789,0.6422155741109461,6.6583821078936e-07,8.600379786116719e-07,0.0164440087255063,0.025605122934414408,0.11120163598870576,0.3413911930048841,0.101325,0.03835
0.1,0.04,1.0,1.0,0.0,0.0,0,unit_total_var,0.23329113924050635,0.6331185094523659,1.0,0.6331186224858664,0.6331185094523659,7.753654385211917e-07,9.193362817683235e-07,0.016042764430050187,0.025339275649872938,0.11004707590165252,0.3413911930048841,0.101325,0.03835
0.1,0.04,1.0,1.0,0.0,0.0,0,unit_total_var,0.23949367088607595,0.6240233692707188,1.0,0.6240234870446852,0.6240233692707188,8.196580676411712e-07,9.835204917152396e-07,0.015646442267684583,0.025073487690004632,0.1088927734583812,0.3413911930048841,0.101325,0.03835
0.1,0.04,1.0,1.0,0.0,0.0,0,unit_total_var,0.2456962025316456,0.6149349296023879,1.0,0.6149350515210668,0.6149349296023879,8.610440169753987e-07,8.60034129246401e-07,0.015255238970479796,0.02480789143063269,0.10773930355978743,0.3413911930048841,0.101325,0.03835
0.1,0.04,1.0,1.0,0.0,0.0,0,unit_total_var,0.2518987341772152,0.6058578676159186,1.0,0.6058580072508775,0.6058578676159186,1.0009391369081302e-06,9.23259113605468e-07,0.014869336185603663,0.024542614663262945,0.10658722119732927,0.3413911930048841,0.101325,0.03835
0.1,0.04,1.0,1.0,0.0,0.0,0,unit_total_var,0.2581012658227848,0.5967968157560846,1.0,0.5967969613497046,0.5967968157560846,1.0594979129585622e-06,9.91633118729851e-07,0.014488901435559028,0.024277779393314908,0.10543705623381143,0.3413911930048841,0.101325,0.03835
0.1,0.04,1.0,1.0,0.0,0.0,0,unit_total_var,0.2643037974683544,0.5877563132644733,1.0,0.5877564641062333,0.5877563132644733,1.1145730658412845e-06,8.75965131541534e-07,0.014114087242863515,0.024013501725693224,0.1042893129064278,0.3413911930048841,0.101325,0.03835
0.1,0.04,1.0,1.0,0.0,0.0,0,unit_total_var,0.2705063291139241,0.5787407428254071,1.0,0.5787409151687269,0.5787407428254071,1.2932862007986046e-06,9.43533793318352e-07,0.01374503019588278,0.023749892099836738,0.10314447084756727,0.3413911930048841,0.101325,0.03835
0.1,0.04,1.0,1.0,0.0,0.0,0,unit_total_var,0.2767088607594937,0.5697544222231958,1.0,0.5697545855410667,0.5697544222231958,1.2448879238569077e-06,8.393032366882379e-07,0.013381852863758712,0.02348705396887029,0.10200297934844238,0.3413911930048841,0.101325,0.03835
0.1,0.04,1.0,1.0,0.0,0.0,0,unit_total_var,0.2829113924050633,0.5608014733143359,1.0,0.5608016597380188,0.5608014733143359,1.4436974069553796e-06,9.063326640301741e-07,0.013024661879719636,0.023225084989067345,0.10086526252485993,0.3413911930048841,0.101325,0.03835
0.1,0.04,1.0,1.0,0.0,0.0,0,unit_total_var,0.2891139240506329,0.5518859198953733,1.0,0.5518861323773725,0.5518859198953733,1.6720800197767003e-06,9.78848927246645e-07,0.012673550084828232,0.022964075777165846,0.09973171392031256,0.3413911930048841,0.101325,0.03835
0.1,0.04,1.0,1.0,0.0,0.0,0,unit_total_var,0.2953164556962025,0.5430116403246986,1.0,0.5430118424194131,0.5430116403246986,1.6163300466942587e-06,8.783180760474352e-07,0.012328596202471695,0.022704110348536363,0.09860269840891857,0.3413911930048841,0.101325,0.03835
0.1,0.04,1.0,1.0,0.0,0.0,0,unit_total_var,0.3015189873417722,0.5341822866241152,1.0,0.5341825304238333,0.5341822866241152,1.982110803933068e-06,9.498062798485307e-07,0.011989864299735276,0.022445267467605327,0.09747855806023567,0.3413911930048841,0.101325,0.03835
0.1,0.04,1.0,1.0,0.0,0.0,0,unit_total_var,0.3077215189873418,0.5254014673572107,1.0,0.5254014673572107,0.5254014806494912,1.0987338949774995e-07,8.614356339364805e-07,0.011657406541887159,0.02218761702460474,0.09635959640368484,0.2998280687627519,0.101325,0.03835
0.1,0.04,1.0,1.0,0.0,0.0,0,unit_total_var,0.3139240506329114,0.5166725216401854,1.0,0.5166727714265182,0.5166725216401854,2.099604590188875e-06,9.306351493876265e-07,0.011331261233700271,0.021931224826373573,0.09524609923473644,0.2998280687627519,0.101325,0.03835
0.1,0.04,1.0,1.0,0.0,0.0,0,unit_total_var,0.320126582278481,0.5079986787538856,1.0,0.5079989177811123,0.5079986787538856,2.0434734477881022e-06,8.450991337838332e-07,0.011011455824990891,0.021676150520709727,0.09413832560048532,0.2998280687627519,0.101325,0.03835
0.1,0.04,1.0,1.0,0.0,0.0,0,unit_total_var,0.3263291139240506,0.4993829594657146,1.0,0.4993832311714741,0.4993829594657146,2.3629216361342738e-06,9.179834190575777e-07,0.010698005255575684,0.021422447548112948,0.09303650759007298,0.2998280687627519,0.101325,0.03835
0.1,0.04,1.0,1.0,0.0,0.0,0,unit_total_var,0.3325316455696203,0.4908282673595376,1.0,0.4908285518154471,0.4908282673595376,2.516920973416603e-06,9.96993355428799e-07,0.010390914642068677,0.021170163442231427,0.0919408516395106,0.2998280687627519,0.101325,0.03835
0.1,0.04,1.0,1.0,0.0,0.0,0,unit_total_var,0.3387341772151899,0.4823373483448562,1.0,0.482337644533723,0.4823373483448562,2.666871047996011e-06,9.120027169018385e-07,0.010090179117334348,0.020919340274931773,0.09085154046459323,0.2998280687627519,0.101325,0.03835
0.1,0.04,1.0,1.0,0.0,0.0,0,unit_total_var,0.3449367088607595,0.4739127089653936,1.0,0.473913019364782,0.4739127089653936,2.8445047970393485e-06,9.919893457777107e-07,0.00979578332224686,0.02067001609564806,0.08976873931191348,0.2998280687627519,0.101325,0.03835
0.1,0.04,1.0,1.0,0.0,0.0,0,unit_total_var,0.3511392405063291,0.4655567969894329,1.0,0.4655571205769548,0.4655567969894329,3.01858392504073e-06,9.122497077740378e-07,0.009507704582140128,0.02042222268823611,0.08869258621700332,0.2998280687627519,0.101325,0.03835
0.1,0.04,1.0,1.0,0.0,0.0,0,unit_total_var,0.3573417721518987,0.4572717969075008,1.0,0.4572721363668424,0.4572717969075008,3.2240183003295893e-06,9.936330211957056e-07,0.009225910648077392,0.020175988789318783,0.08762320598143017,0.2998280687627519,0.101325,0.03835
0.1,0.04,1.0,1.0,0.0,0.0,0,unit_total_var,0.3635443037974684,0.4490598470967324,1.0,0.4490602014079009,0.4490598470967324,3.4266106312408336e-06,9.184589684352318e-07,0.008950363262932911,0.019931337261166672,0.08656069789477355,0.2998280687627519,0.101325,0.03835
0.1,0.04,1.0,1.0,0.0,0.0,0,unit_total_var,0.369746835443038,0.44092285099155104,1.0,0.44092319412436026,0.44092285099155104,3.3797438105942486e-06,8.519178971155839e-07,0.008681016154419132,0.019688288177619258,0.08550514913661073,0.2998280687627519,0.101325,0.03835
0.1,0.04,1.0,1.0,0.0,0.0,0,unit_total_var,0.3759493670886076,0.4328625649480408,1.0,0.43286295378696416,0.4328625649480408,3.901250341442618e-06,9.30523136766226e-07,0.008417816787050591,0.01944685789139801,0.0844566307259086,0.2998280687627519,0.101325,0.03835
0.1,0.04,1.0,1.0,0.0,0.0,0,unit_total_var,0.3821518987341772,0.4248806860659912,1.0,0.4248810637652294,0.4248806860659912,3.860674948619192e-06,8.673433882222524e-07,0.008160707966523335,0.01920705796745922,0.08341519288863425,0.2998280687627519,0.101325,0.03835
0.1,0.04,1.0,1.0,0.0,0.0,0,unit_total_var,0.3883544303797468,0.4169786566540503,1.0,0.4169790843853898,0.4169786566540503,4.454934616315853e-06,9.484741223531046e-07,0.007909625839163175,0.018968898558578886,0.08238087971773356,0.2998280687627519,0.101325,0.03835
0.1,0.04,1.0,1.0,0.0,0.0,0,unit_total_var,0.3945569620253165,0.409157903720603,1.0,0.4091583204464536,0.409157903720603,4.4232713962699685e-06,8.88308147928285e-07,0.007664503363694407,0.0187323849643344,0.08135371422897872,0.2998280687627519,0.101325,0.03835
0.1,0.04,1.0,1.0,0.0,0.0,0,unit_total_var,0.4007594936708861,0.4014195711214076,1.0,0.4014200712752651,0.4014195711214076,5.411144366807008e-06,9.722558571567672e-07,0.007425267719401173,0.018497522925097824,0.08033372135248881,0.2998280687627519,0.101325,0.03835
0.1,0.04,1.0,1.0,0.0,0.0,0,unit_total_var,0.4069620253164557,0.39376488140386606,1.0,0.39376488140386606,0.3937649197457821,4.228838710318428e-07,9.529594811041876e-07,0.007191843991210764,0.018264310330494988,0.0793208919230253,0.298427921030599,0.101325,0.03835
0.1,0.04,1.0,1.0,0.0,0.0,0,unit_total_var,0.4131645569620253,0.3861948191982317,1.0,0.3861952706613645,0.3861948191982317,5.076915146950967e-06,8.637896220520247e-07,0.006964153092111831,0.018032746028468005,0.07831522093726433,0.298427921030599,0.101325,0.03835
0.1,0.04,1.0,1.0,0.0,0.0,0,unit_total_var,0.4193670886075949,0.37871013617360816,1.0,0.37871064719275455,0.37871013617360816,5.860224601583752e-06,9.479590676875204e-07,0.006742112292164345,0.017802830313138566,0.07731670967256019,0.298427921030599,0.101325,0.03835
0.1,0.04,1.0,1.0,0.0,0.0,0,unit_total_var,0.4255696202531646,0.3713116993132815,1.0,0.3713122013953144,0.3713116993132815,5.8724599663051436e-06,8.989191337960277e-07,0.00652563815189255,0.01757455572760385,0.07632532574399539,0.298427921030599,0.101325,0.03835
0.1,0.04,1.0,1.0,0.0,0.0,0,unit_total_var,0.4317721518987342,0.3640000898583034,1.0,0.3640006579043749,0.3640000898583034,6.777445629602141e-06,9.875227373612459e-07,0.006314643336138139,0.01734791697055976,0.0753410461282988,0.298427921030599,0.101325,0.03835
0.1,0.04,1.0,1.0,0.0,0.0,0,unit_total_var,0.4379746835443038,0.3567759324117868,1.0,0.3567764922253812,0.3567759324117868,6.814466507520933e-06,9.406320522487023e-07,0.00610904033263254,0.017122904819660185,0.07436383077333011,0.298427921030599,0.101325,0.03835
0.1,0.04,1.0,1.0,0.0,0.0,0,unit_total_var,0.4441772151898734,0.3496396413258899,1.0,0.3496401943412017,0.3496396413258899,6.869109792084771e-06,8.987391550974165e-07,0.005908738894767365,0.016899510800206966,0.07339364287394293,0.298427921030599,0.101325,0.03835
0.1,0.04,1.0,1.0,0.0,0.0,0,unit_total_var,0.450379746835443,0.3425915360630176,1.0,0.3425921619076505,0.3425915360630176,7.933664253556572e-06,9.896439561174477e-07,0.005713647587196663,0.016677725471144367,0.07243044142815308,0.298427921030599,0.101325,0.03835
0.1,0.04,1.0,1.0,0.0,0.0,0,unit_total_var,0.4565822784810127,0.33563196501306536,1.0,0.33563258515748023,0.33563196501306536,8.024415926399797e-06,9.497225388344076e-07,0.005523675283318486,0.01645753640629391,0.07147417246975317,0.298427921030599,0.101325,0.03835
0.1,0.04,1.0,1.0,0.0,0.0,0,unit_total_var,0.4627848101265823,0.3287610727456931,1.0,0.32876168870571626,0.3287610727456931,8.136844982686853e-06,9.141793233524708e-07,0.005338728911825024,0.016238932630429442,0.07052478833394164,0.298427921030599,0.101325,0.03835
0.1,0.04,1.0,1.0,0.0,0.0,0,unit_total_var,0.4689873417721519,0.3219789632436331,1.0,0.3219795765049325,0.3219789632436331,8.271836829720769e-06,8.826232456016214e-07,0.005158715368390268,0.016021901916886426,0.06958223592098907,0.298427921030599,0.101325,0.03835
0.1,0.04,1.0,1.0,0.0,0.0,0,unit_total_var,0.4751898734177215,0.315285622642543,1.0,0.31528631742627505,0.315285622642543,9.570382752066564e-06,9.754309386877935e-07,0.0049835408911842755,0.015806432432329452,0.06864646383937274,0.298427921030599,0.101325,0.03835
0.1,0.04,1.0,1.0,0.0,0.0,0,unit_total_var,0.4813924050632911,0.3086810893613091,1.0,0.3086817832475412,0.3086810893613091,9.762522983791657e-06,9.458175576071426e-07,0.004813112893418142,0.015592509743233497,0.06771740940508998,0.298427921030599,0.101325,0.03835
0.1,0.04,1.0,1.0,0.0,0.0,0,unit_total_var,0.4875949367088608,0.30216520793177376,1.0,0.3021659025731217,0.30216520793177376,9.98389455908466e-06,9.198362960205486e-07,0.004647337656141772,0.015380121649184375,0.06679501963241515,0.298427921030599,0.101325,0.03835
0.1,0.04,1.0,1.0,0.0,0.0,0,unit_total_var,0.4937974683544304,0.2957378002024434,1.0,0.29573849725775897,0.2957378002024434,1.0236328265911253e-05,8.972239786686487e-07,0.004486122154396781,0.015169255169024268,0.06587923814489617,0.298427921030599,0.101325,0.03835
0.1,0.04,1.0,1.0,0.0,0.0,0,unit_total_var,0.5,0.2893985675626433,1.0,0.2893993728451682,0.2893985675626433,1.2084692516900475e-05,8.950768233262352e-07,0.004329373601303618,0.014959899897799188,0.06497001975439208,0.298427921030599,0.101325,0.03835
0.1,0.04,1.0,1e-06,0.0,0.0,0,unit_total_var,0.01,0.8599275984723564,0.58625,0.8599275985865199,0.8599275984723564,5.765665722634594e-10,9.57716352445459e-07,0.027321834885807552,0.03177225028519171,0.13798512976507776,0.4748547922412213,0.101325,0.03835
0.1,0.04,1.0,1e-06,0.0,0.0,0,unit_total_var,0.016202531645569618,0.7961743458037238,0.65285,0.7961743522308462,0.7961743458037238,3.505844925477675e-08,8.386252616787716e-07,0.024239632733407474,0.0304451315985797,0.1322215265408149,0.4748547922412213,0.101325,0.03835
0.1,0.04,1.0,1e-06,0.0,0.0,0,unit_total_var,0.02240506329113924,0.7277361701576726,0.6947375,0.7277361838832328,0.7277361701576726,8.191066003249146e-08,9.159061420405122e-07,0.021196802524465437,0.029127042730159886,0.1264971393186866,0.4748547922412213,0.101325,0.03835
0.1,0.04,1.0,1e-06,0.0,0.0,0,unit_total_var,0.028607594936708863,0.6560379384218945,0.7262875,0.6560379651338786,0.6560379384218945,1.7683225839171254e-07,9.286844147027296e-07,0.018214554172170782,0.027764482974850603,0.12057961748874395,0.4748547922412213,0.101325,0.03835
0.1,0.04,1.0,1e-06,0.0,0.0,0,unit_total_var,0.03481012658227848,0.582639098265625,0.7514375,0.5826391431198609,0.582639098265625,3.343398415900367e-07,8.942538514133956e-07,0.015376209196468375,0.02639062370211613,0.11461302247814205,0.4748547922412213,0.101325,0.03835
0.1,0.04,1.0,1e-06,0.0,0.0,0,unit_total_var,0.0410126582278481,0.5089996179244197,0.77245,0.508999688432198,0.5089996179244197,6.015944968851271e-07,9.958153039946185e-07,0.0127481848201855,0.02504556854515842,0.10877152215291956,0.4748547922412213,0.101325,0.03835
0.1,0.04,1.0,1e-06,0.0,0.0,0,unit_total_var,0.047215189873417725,0.4363146110604543,0.791625,0.4363147169083532,0.4363146110604543,1.0535781220788463e-06,9.006205647921206e-07,0.010358242919784044,0.023740307239788587,0.10310284432927999,0.4748547922412213,0.101325,0.03835
0.1,0.04,1.0,1e-06,0.0,0.0,0,unit_total_var,0.05341772151898734,0.3656342079458225,0.8092125,0.3656343664042255,0.3656342079458225,1.8821432359317212e-06,9.533578495535265e-07,0.008214738180668087,0.0224670941671992,0.09757335021215346,0.4748547922412213,0.101325,0.03835
0.1,0.04,1.0,1e-06,0.0,0.0,0,unit_total_var,0.05962025316455696,0.29803008210499177,0.8257125,0.2980303096437251,0.29803008210499177,3.3157316838838824e-06,9.389306176998957e-07,0.006323729241188697,0.021218425994195232,0.09215045323951508,0.4748547922412213,0.101325,0.03835
0.1,0.04,1.0,1e-06,0.0,0.0,0,unit_total_var,0.06582278481012659,0.23463049176558906,0.8423375,0.2346308151235485,0.23463049176558906,5.98526132300492e-06,9.347250728986013e-07,0.004688760878658333,0.019983595667278857,0.08678765326884938,0.4748547922412213,0.101325,0.03835
0.1,0.04,1.0,1e-06,0.0,0.0,0,unit_total_var,0.0720253164556962,0.17660312356590532,0.8578875,0.1766036164745612,0.17660312356590532,1.2121371710804853e-05,9.809457623966014e-07,0.003310458919606668,0.01874518894549031,0.08140932121260275,0.4748547922412213,0.101325,0.03835
0.1,0.04,1.0,1e-06,0.0,0.0,0,unit_total_var,0.07822784810126583,0.1251303216694248,0.8734625,0.1251310295175078,0.1251303216694248,2.4567478359216466e-05,9.820064679200158e-07,0.0021922763411449764,0.01751994490141755,0.07608815393934651,0.4748547922412213,0.101325,0.03835
0.1,0.04,1.0,1e-06,0.0,0.0,0,unit_total_var,0.08443037974683544,0.08133070614100328,0.88915,0.0813317623682962,0.08133070614100328,5.640067916878877e-05,9.81674859623638e-07,0.0013353097282409905,0.0164182728959215,0.07130365321080429,0.4748547922412213,0.101325,0.03835
0.1,0.04,1.0,1e-06,0.0,0.0,0,unit_total_var,0.09063291139240506,0.04649552699385714,0.900925,0.04649712954260327,0.04649552699385714,0.00014968452422259304,9.865657176755251e-07,0.0007264140623393321,0.01562331065599717,0.06785117606959842,0.4748547922412213,0.101325,0.03835
0.1,0.04,1.0,1e-06,0.0,0.0,0,unit_total_var,0.09683544303797467,0.022150297478228616,0.9075,0.022152701685134626,0.022150297478228616,0.00047136032023686886,9.82566791596362e-07,0.0003352440262171975,0.0151349672186889,0.06573032746863194,0.4748547922412213,0.101325,0.03835
0.1,0.04,1.0,1e-06,0.0,0.0,0,unit_total_var,0.1030379746835443,0.007932873261478946,0.90985,0.007941811207476007,0.007932873261478946,0.004890429216199975,3.545200032165074e-06,0.0001177585022331092,0.01484436954324355,0.06446827779963367,0.4748547922412213,0.101325,0.03835
0.1,0.04,1.0,1e-06,0.0,0.0,0,unit_total_var,0.10924050632911393,0.0015678091975666374,0.9079375,0.0015678091975666374,0.0016157984598746198,0.13093981929394616,3.011892563477281e-05,2.3046593793206055e-05,0.014699871533459669,0.06384073091668224,2.1776949833299177,0.101325,0.03835
0.1,0.04,1.0,1e-06,0.0,0.0,0,unit_total_var,0.11544303797468355,0.00010802745777195855,0.8988375,0.00011766105518299744,0.00010802745777195855,0.37098582929550616,6.9558126053123615e-06,1.5891395419983913e-06,0.01471051503732503,0.06388695506665068,2.1776949833299177,0.101325,0.03835
0.1,0.04,1.0,1e-06,0.0,0.0,0,unit_total_var,0.12164556962025315,5.304627208007057e-06,0.88265,5.6007694876316805e-06,5.304627208007057e-06,0.2359283016002749,9.980326486237062e-07,7.896170090909149e-08,0.014885438281111054,0.06464663706197954,2.1776949833299177,0.101325,0.03835
0.1,0.04,1.0,1e-06,0.0,0.0,0,unit_total_var,0.12784810126582274,5.608586829080329e-07,0.866,6.14971969271979e-07,5.608586829080329e-07,0.4000187309610723,9.980626364887622e-07,8.487881124860521e-09,0.01513372509604585,0.06572493299853471,2.1776949833299177,0.101325,0.03835
0.1,0.04,1.0,1e-06,0.0,0.0,0,unit_total_var,0.1340506329113924,1.1476664040212025e-07,0.85095,1.3199956521104964e-07,1.1476664040212025e-07,0.6075683210417537,9.952201199265721e-07,1.7665997473775339e-09,0.015392972567531018,0.06685083046166851,2.1776949833299177,0.101325,0.03835
0.1,0.04,1.0,1e-06,0.0,0.0,0,unit_total_var,0.14025316455696205,3.5217822117812014e-08,0.8363625,4.23629807438568e-08,3.5217822117812014e-08,0.8022401479483534,9.886950649496049e-07,5.509730435533507e-10,0.015644722200884954,0.06794416522753632,2.1776949833299177,0.101325,0.03835
0.1,0.04,1.0,1e-06,0.0,0.0,0,unit_total_var,0.14645569620253165,1.399371691612703e-08,0.821125,1.7587575609886283e-08,1.399371691612703e-08,0.9927289333342912,9.845124488988969e-07,2.2224971456478247e-10,0.015882107369819043,0.06897511591707378,2.1776949833299177,0.101325,0.03835
0.1,0.04,1.0,1e-06,0.0,0.0,0,unit_total_var,0.15265822784810126,6.61403694950159e-09,0.808425,8.657518430413592e-09,6.61403694950159e-09,1.1692680798036292,9.922240907395694e-07,1.0650692740807263e-10,0.01610316486304157,0.06993515641197286,2.1776949833299177,0.101325,0.03835
0.1,0.04,1.0,1e-06,0.0,0.0,0,unit_total_var,0.1588607594936709,3.5432088125072734e-09,0.7951375,4.815503773637621e-09,3.5432088125072734e-09,1.3324498009287848,9.94369976113261e-07,5.7775370837345275e-11,0.016305945795066425,0.0708158228101088,2.1776949833299177,0.101325,0.03835
0.1,0.04,1.0,1e-06,0.0,0.0,0,unit_total_var,0.1650632911392405,2.0818216165794464e-09,0.7826625,2.9367920641023553e-09,2.0818216165794464e-09,1.49429684215292,9.959323266155683e-07,3.433091644737468e-11,0.016490806020057744,0.07161866056648003,2.1776949833299177,0.101325,0.03835
0.1,0.04,1.0,1e-06,0.0,0.0,0,unit_total_var,0.17126582278481015,1.3120058477173682e-09,0.7704,1.9152134181803226e-09,1.3120058477173682e-09,1.64281405054399,9.99728191968701e-07,2.1856472030971566e-11,0.01665882211500621,0.07234834519555054,2.1776949833299177,0.101325,0.03835
0.1,0.04,1.0,1e-06,0.0,0.0,0,unit_total_var,0.17746835443037975,8.790257427247792e-10,0.7591125,1.313596630285959e-09,8.790257427247792e-10,1.7446043190031588,9.772215573206273e-07,1.477234017021257e-11,0.016805355579714524,0.0729847319469204,2.1776949833299177,0.101325,0.03835
0.1,0.04,1.0,1e-06,0.0,0.0,0,unit_total_var,0.18367088607594936,6.128521883230473e-10,0.7465375,9.470306792056735e-10,6.128521883230473e-10,1.890083070881189,9.779607507075342e-07,1.0381871897901642e-11,0.016940254266382973,0.07357058949928143,2.1776949833299177,0.101325,0.03835
0.1,0.04,1.0,1e-06,0.0,0.0,0,unit_total_var,0.18987341772151897,4.443360143824042e-10,0.735175,7.030028993952177e-10,4.443360143824042e-10,1.9924560102222275,9.686776382884405e-07,7.579343217649126e-12,0.017057683762554964,0.07408057932128319,2.1776949833299177,0.101325,0.03835
0.1,0.04,1.0,1e-06,0.0,0.0,0,unit_total_var,0.1960759493670886,3.296648314302353e-10,0.723275,5.409906443555922e-10,3.296648314302353e-10,2.151171355046728,9.906514625942538e-07,5.6597909195089305e-12,0.017168318788977868,0.07456106113609008,2.1776949833299177,0.101325,0.03835
0.1,0.04,1.0,1e-06,0.0,0.0,0,unit_total_var,0.20227848101265825,2.5214600985076055e-10,0.71135,4.240125262299587e-10,2.5214600985076055e-10,2.257265868179488,9.76079042268206e-07,4.3534085710446094e-12,0.01726542717698088,0.07498279750665234,2.1776949833299177,0.101325,0.03835
0.1,0.04,1.0,1e-06,0.0,0.0,0,unit_total_var,0.20848101265822785,1.9767791743031659e-10,0.6997,1.9767791743031659e-10,1.9865537130468044e-10,0.021421550835029283,9.614197022269044e-07,3.428782965664797e-12,0.017345300933137745,0.07532968482213045,3.260999024250001,0.101325,0.03835
0.1,0.04,1.0,1e-06,0.0,0.0,0,unit_total_var,0.21468354430379746,1.5981221481044151e-10,0.689975,2.0778276478026675e-10,1.5981221481044151e-10,1.1399955038164509,9.495363179085415e-07,2.7783431978771297e-12,0.01738504907883676,0.07550230882556015,3.260999024250001,0.101325,0.03835
0.1,0.04,1.0,1e-06,0.0,0.0,0,unit_total_var,0.2208860759493671,1.2901614661371685e-10,0.6790875,2.0491626056931464e-10,1.2901614661371685e-10,2.009323555462089,9.781394629142698e-07,2.249982872720128e-12,0.017439544830436846,0.07573898086763102,3.260999024250001,0.101325,0.03835
0.1,0.04,1.0,1e-06,0.0,0.0,0,unit_total_var,0.2270886075949367,1.0670218799390488e-10,0.668525,1.8551783516460343e-10,1.0670218799390488e-10,2.4021234282127466,9.653190182196662e-07,1.8645820785532267e-12,0.01747463771464309,0.07589138732727943,3.260999024250001,0.101325,0.03835
0.1,0.04,1.0,1e-06,0.0,0.0,0,unit_total_var,0.23329113924050635,8.91547907142485e-11,0.6581875,1.6047172017195862e-10,8.91547907142485e-11,2.5525382318415812,9.628440499266468e-07,1.560322904443879e-12,0.017501279425857167,0.0760070908089668,3.260999024250001,0.101325,0.03835
0.1,0.04,1.0,1e-06,0.0,0.0,0,unit_total_var,0.23949367088607595,7.537791025321641e-11,0.6473625,1.369952754492878e-10,7.537791025321641e-11,2.5946149684241675,9.62434456724186e-07,1.3202613219135703e-12,0.0175152284996815,0.07606767086686246,3.260999024250001,0.101325,0.03835
0.1,0.04,1.0,1e-06,0.0,0.0,0,unit_total_var,0.2456962025316456,6.472461451045786e-11,0.6374,1.1824582324051166e-10,6.472461451045786e-11,2.6171633670982004,9.184677744578986e-07,1.1346311805840336e-12,0.017530134233564358,0.07613240564660291,3.260999024250001,0.101325,0.03835
0.1,0.04,1.0,1e-06,0.0,0.0,0,unit_total_var,0.2518987341772152,5.5042537303263543e-11,0.626,1.0324589866946642e-10,5.5042537303263543e-11,2.7317436337705203,9.537693916623555e-07,9.65732270834266e-13,0.01754519900696886,0.07619783112620987,3.260999024250001,0.101325,0.03835
0.1,0.04,1.0,1e-06,0.0,0.0,0,unit_total_var,0.2581012658227848,4.7352170525533094e-11,0.615925,8.965371237408751e-11,4.7352170525533094e-11,2.7722838654721045,9.830450731477258e-07,8.307120640570313e-13,0.017543273198196846,0.07618946744498101,3.260999024250001,0.101325,0.03835
0.1,0.04,1.0,1e-06,0.0,0.0,0,unit_total_var,0.2643037974683544,4.146476412680563e-11,0.605575,7.913714465459648e-11,4.146476412680563e-11,2.8070117721203762,9.496440539555808e-07,7.276233944719644e-13,0.01754799309232244,0.07620996568472015,3.260999024250001,0.101325,0.03835
0.1,0.04,1.0,1e-06,0.0,0.0,0,unit_total_var,0.2705063291139241,3.598745700038435e-11,0.59385,6.958352827377122e-11,3.598745700038435e-11,2.8635528715764598,9.916802525820411e-07,6.31105130607637e-13,0.017536808188500144,0.07616139026461373,3.260999024250001,0.101325,0.03835
0.1,0.04,1.0,1e-06,0.0,0.0,0,unit_total_var,0.2767088607594937,3.1870553986486213e-11,0.583575,6.228134809119529e-11,3.1870553986486213e-11,2.9096839176489335,9.61607576770548e-07,5.58836096534159e-13,0.0175345586013697,0.07615162043184061,3.260999024250001,0.101325,0.03835
0.1,0.04,1.0,1e-06,0.0,0.0,0,unit_total_var,0.2829113924050633,2.8009253023357555e-11,0.57255,5.551830807861816e-11,2.8009253023357555e-11,2.9713469570531004,9.995013039936085e-07,4.903733760078561e-13,0.017507549223070053,0.07603432019228885,3.260999024250001,0.101325,0.03835
0.1,0.04,1.0,1e-06,0.0,0.0,0,unit_total_var,0.2891139240506329,2.525033678716022e-11,0.5619125,5.0405035629400255e-11,2.525033678716022e-11,3.002067509832912,9.111753267582813e-07,4.428478668806794e-13,0.017538295453780536,0.07616784937565772,3.260999024250001,0.101325,0.03835
0.1,0.04,1.0,1e-06,0.0,0.0,0,unit_total_var,0.2953164556962025,2.1768027582706088e-11,0.5452375,4.5542514886916923e-11,2.1768027582706088e-11,3.20597929886138,9.870173350011942e-07,3.8262948804988675e-13,0.017577591106778638,0.07633850822825634,3.260999024250001,0.101325,0.03835
0.1,0.04,1.0,1e-06,0.0,0.0,0,unit_total_var,0.3015189873417722,1.9055662742546226e-11,0.5238875,4.194014019534609e-11,1.9055662742546226e-11,3.4260582004158664,9.216945503008213e-07,3.384915991862892e-13,0.01776330761934233,0.07714506479430364,3.260999024250001,0.101325,0.03835
0.1,0.04,1.0,1e-06,0.0,0.0,0,unit_total_var,0.3077215189873418,1.6954001613167016e-11,0.5105125,1.6954001613167016e-11,2.0431521539131327e-11,0.8102848968170093,9.42577686030985e-07,3.0134837839782465e-13,0.017774469135580825,0.07719353864342414,3.1301897613786736,0.101325,0.03835
0.1,0.04,1.0,1e-06,0.0,0.0,0,unit_total_var,0.3139240506329114,1.886019536951908e-11,0.54265,1.9545890786542078e-11,1.886019536951908e-11,0.15509280596582187,6.640681482442728e-07,3.243130816197521e-13,0.017195637439890527,0.07467970452953414,3.1301897613786736,0.101325,0.03835
0.1,0.04,1.0,1e-06,0.0,0.0,0,unit_total_var,0.320126582278481,1.7447217513095004e-11,0.53545,2.1005593584524394e-11,1.7447217513095004e-11,0.8060878309815962,6.227577824301739e-07,2.991048280837528e-13,0.017143411427023234,0.07445288983753341,3.1301897613786736,0.101325,0.03835
0.1,0.04,1.0,1e-06,0.0,0.0,0,unit_total_var,0.3263291139240506,1.6171186305660462e-11,0.5281375,2.1517507100389692e-11,1.6171186305660462e-11,1.24050074366329,5.855669142211357e-07,2.7638353846237714e-13,0.017091110895533588,0.07422575151526781,3.1301897613786736,0.101325,0.03835
0.1,0.04,1.0,1e-06,0.0,0.0,0,unit_total_var,0.3325316455696203,1.5013261017548385e-11,0.5205625,2.1338683734820456e-11,1.5013261017548385e-11,1.5269259147250551,5.522920376843649e-07,2.558151385600672e-13,0.01703927869242101,0.07400064711730099,3.1301897613786736,0.101325,0.03835
0.1,0.04,1.0,1e-06,0.0,0.0,0,unit_total_var,0.3387341772151899,1.3956440311745173e-11,0.51365,2.0699376317140968e-11,1.3956440311745173e-11,1.711825975887237,5.228833880211411e-07,2.3710160908182257e-13,0.016988687930853508,0.07378093423146051,3.1301897613786736,0.101325,0.03835
0.1,0.04,1.0,1e-06,0.0,0.0,0,unit_total_var,0.3449367088607595,1.2984836007702438e-11,0.5062125,1.978046568479155e-11,1.2984836007702438e-11,1.8280004276174824,4.974895802112295e-07,2.1996939784478985e-13,0.01694048332334015,0.07357158428100688,3.1301897613786736,0.101325,0.03835
0.1,0.04,1.0,1e-06,0.0,0.0,0,unit_total_var,0.3511392405063291,1.2082877032158336e-11,0.4980875,1.8713681671651427e-11,1.2082877032158336e-11,1.8998888197659625,4.765322863694563e-07,2.0415725770668673e-13,0.016896411108325137,0.07338018108314412,3.1301897613786736,0.101325,0.03835
0.1,0.04,1.0,1e-06,0.0,0.0,0,unit_total_var,0.3573417721518987,1.1234365594181852e-11,0.48955,1.7589559629157786e-11,1.1234365594181852e-11,1.9470641383874463,4.608277845113308e-07,1.894023872553069e-13,0.016859197403491673,0.07321856401654064,3.1301897613786736,0.101325,0.03835
0.1,0.04,1.0,1e-06,0.0,0.0,0,unit_total_var,0.3635443037974684,1.0421293875634e-11,0.4809375,1.6467058612052223e-11,1.0421293875634e-11,1.9869438833930388,4.517847620243589e-07,1.7542349381145845e-13,0.016833177905251826,0.07310556277146606,3.1301897613786736,0.101325,0.03835
0.1,0.04,1.0,1e-06,0.0,0.0,0,unit_total_var,0.369746835443038,9.622329419540992e-12,0.47,1.5382311127113144e-11,9.622329419540992e-12,2.03741370422982,4.5173531006520775e-07,1.618990617756044e-13,0.01682535015344833,0.0730715672773264,3.1301897613786736,0.101325,0.03835
0.1,0.04,1.0,1e-06,0.0,0.0,0,unit_total_var,0.3759493670886076,8.810938619841021e-12,0.456425,1.4355669131084535e-11,8.810938619841021e-12,2.1200126437201594,4.645309395836998e-07,1.4843861502172157e-13,0.016847083089134025,0.07316595221776495,3.1301897613786736,0.101325,0.03835
0.1,0.04,1.0,1e-06,0.0,0.0,0,unit_total_var,0.3821518987341772,7.953393623465747e-12,0.4399875,1.3396992242548748e-11,7.953393623465747e-12,2.264548291302333,4.967798928210897e-07,1.3454347275577172e-13,0.016916486109629196,0.07346736570604966,3.1301897613786736,0.101325,0.03835
0.1,0.04,1.0,1e-06,0.0,0.0,0,unit_total_var,0.3883544303797468,7.0078990139714e-12,0.4171125,1.2509432214720274e-11,7.0078990139714e-12,2.5164976324881816,5.609665579784297e-07,1.195487501639962e-13,0.01705914282235747,0.07408691593749313,3.1301897613786736,0.101325,0.03835
0.1,0.04,1.0,1e-06,0.0,0.0,0,unit_total_var,0.3945569620253165,5.929407400713935e-12,0.38215,1.1692045118187839e-11,5.929407400713935e-12,2.9487919148409247,6.845759706286425e-07,1.0252573891115649e-13,0.017291059963060018,0.0750941192821521,3.1301897613786736,0.101325,0.03835
0.1,0.04,1.0,1e-06,0.0,0.0,0,unit_total_var,0.4007594936708861,4.6950489226687284e-12,0.334625,1.0941539992770114e-11,4.6950489226687284e-12,3.6743833009919196,9.356472828778455e-07,8.214636200383291e-14,0.01749638041197233,0.07598581466199725,3.1301897613786736,0.101325,0.03835
0.1,0.04,1.0,1e-06,0.0,0.0,0,unit_total_var,0.4069620253164557,4.469721521883713e-12,0.3282875,4.469721521883713e-12,7.168129923196796e-12,2.0512540234084184,9.028226601946784e-07,7.796463440594035e-14,0.01744283934115946,0.07575328874590502,3.558499670099128,0.101325,0.03835
0.1,0.04,1.0,1e-06,0.0,0.0,0,unit_total_var,0.4131645569620253,5.632686303077894e-12,0.375525,5.632686303077894e-12,6.7954801548999854e-12,0.8150458344748301,3.800669792325611e-07,9.708446713924554e-14,0.017235908750358638,0.07485460060868727,3.558499670099128,0.101325,0.03835
0.1,0.04,1.0,1e-06,0.0,0.0,0,unit_total_var,0.4193670886075949,6.3969540938019474e-12,0.4121625,6.3969540938019474e-12,6.4480641964536504e-12,0.03456118503376615,1.1462201906088312e-07,1.0728962410489771e-13,0.01677198593762793,0.07283980943270747,3.558499670099128,0.101325,0.03835
0.1,0.04,1.0,1e-06,0.0,0.0,0,unit_total_var,0.4255696202531646,6.1229771702636335e-12,0.4228375,6.796602920360847e-12,6.1229771702636335e-12,0.4532925761138529,2.505651796560844e-07,9.913544105810033e-14,0.01619072524711568,0.07031542632834002,3.558499670099128,0.101325,0.03835
0.1,0.04,1.0,1e-06,0.0,0.0,0,unit_total_var,0.4317721518987342,5.8172511391300724e-12,0.4166,6.9284940829623885e-12,5.8172511391300724e-12,0.7592103708553282,2.4102612692589765e-07,9.38978221097359e-14,0.016141270140140048,0.07010064552772549,3.558499670099128,0.101325,0.03835
0.1,0.04,1.0,1e-06,0.0,0.0,0,unit_total_var,0.4379746835443038,5.5276499819585016e-12,0.4095125,6.882622300416653e-12,5.5276499819585016e-12,0.9521340216726769,2.3288645903237448e-07,8.896971016509797e-14,0.016095395051329776,0.06990141254845426,3.558499670099128,0.101325,0.03835
0.1,0.04,1.0,1e-06,0.0,0.0,0,unit_total_var,0.4441772151898734,5.2503699423786534e-12,0.40185,6.7268517450073866e-12,5.2503699423786534e-12,1.0762195126724097,2.2653937956330924e-07,8.429512987214087e-14,0.01605508388880335,0.06972634339401096,3.558499670099128,0.101325,0.03835
0.1,0.04,1.0,1e-06,0.0,0.0,0,unit_total_var,0.450379746835443,4.9805923421195614e-12,0.3939375,6.508066379789082e-12,4.9805923421195614e-12,1.1617097742725235,2.2265406073290734e-07,7.980712032237617e-14,0.016023620252448353,0.0695896985575151,3.558499670099128,0.101325,0.03835
0.1,0.04,1.0,1e-06,0.0,0.0,0,unit_total_var,0.4565822784810127,4.711813065147523e-12,0.3849875,6.2570551848368e-12,4.711813065147523e-12,1.2318193323507671,2.2235467124227448e-07,7.541952371099474e-14,0.0160064762052765,0.06951524290667284,3.558499670099128,0.101325,0.03835
0.1,0.04,1.0,1e-06,0.0,0.0,0,unit_total_var,0.4627848101265823,4.434856020158767e-12,0.3743,5.993292724133838e-12,4.434856020158767e-12,1.3078596519922885,2.2753947760235892e-07,7.10144194117257e-14,0.016012790288777726,0.06954266462290143,3.558499670099128,0.101325,0.03835
0.1,0.04,1.0,1e-06,0.0,0.0,0,unit_total_var,0.4689873417721519,4.136500623989958e-12,0.3605875,5.728671076070307e-12,4.136500623989958e-12,1.4142079284023763,2.4148642925508555e-07,6.642276792758367e-14,0.01605771978912795,0.06973779096366915,3.558499670099128,0.101325,0.03835
0.1,0.04,1.0,1e-06,0.0,0.0,0,unit_total_var,0.4751898734177215,3.797834495070445e-12,0.3415375,5.4701570207425855e-12,3.797834495070445e-12,1.5846375812930376,2.7009682318287376e-07,6.139465875779318e-14,0.016165701490542278,0.07020674953437682,3.558499670099128,0.101325,0.03835
0.1,0.04,1.0,1e-06,0.0,0.0,0,unit_total_var,0.4813924050632911,3.393134955936802e-12,0.31465,5.221593236062108e-12,3.393134955936802e-12,1.8720190382977224,3.2463622042526044e-07,5.555502445414786e-14,0.01637277183948901,0.0711060446335103,3.558499670099128,0.101325,0.03835
0.1,0.04,1.0,1e-06,0.0,0.0,0,unit_total_var,0.4875949367088608,2.8922298846578834e-12,0.2757375,4.9848825625945546e-12,2.8922298846578834e-12,2.3642212209472864,4.2782341037551634e-07,4.8348765425947464e-14,0.016716778179500263,0.0726000451855765,3.558499670099128,0.101325,0.03835
0.1,0.04,1.0,1e-06,0.0,0.0,0,unit_total_var,0.4937974683544304,2.2747761901034184e-12,0.2189125,4.7607502943759005e-12,2.2747761901034184e-12,3.207367290576244,6.248929856723993e-07,3.904242500331884e-14,0.017163193976258317,0.07453880435724118,3.558499670099128,0.101325,0.03835
0.1,0.04,1.0,1e-06,0.0,0.0,0,unit_total_var,0.5,1.5730694965222035e-12,0.1554,4.5492268169637305e-12,1.5730694965222035e-12,4.6118968086677805,9.839572880907252e-07,2.7143768091814535e-14,0.017255288562790717,0.07493876606468301,3.558499670099128,0.101325,0.03835
0.1,0.01,0.0,0.001,0.0,1.0,0,unit_total_var,0.01,0.965562155316822,0.9999875,0.965562155316822,0.9655621553397696,1.0321585253159073e-10,9.839747150408584e-07,0.06481154007489798,0.0671231155011786,0.2915119867031648,0.8685381225300535,0.1018875,0.009675
0.1,0.01,0.0,0.001,0.0,1.0,0,unit_total_var,0.016202531645569618,0.9622366610404459,0.9999875,0.9622366613654044,0.9622366610404459,1.4666619585490535e-09,9.152912952004043e-07,0.06399770033305842,0.06650931410559546,0.2888462811123021,0.8685381225300535,0.1018875,0.009675
0.1,0.01,0.0,0.001,0.0,1.0,0,unit_total_var,0.02240506329113924,0.9579866522148124,0.9999875,0.9579866530326028,0.9579866522148124,3.707377932427036e-09,7.684277605335409e-07,0.06307367105763287,0.06583982241486352,0.2859387156426525,0.8685381225300535,0.1018875,0.009675
0.1,0.01,0.0,0.001,0.0,1.0,0,unit_total_var,0.028607594936708863,0.952508644476412,0.9999875,0.952508646067722,0.952508644476412,7.255548162277137e-09,8.079614417511037e-07,0.06200003859095792,0.06509131329200582,0.2826879818255392,0.8685381225300535,0.1018875,0.009675
0.1,0.01,0.0,0.001,0.0,1.0,0,unit_total_var,0.03481012658227848,0.9455151803162553,0.9999875,0.9455151830873556,0.9455151803162553,1.272823180187288e-08,9.609575073454837e-07,0.06074516541158961,0.06424557392222048,0.27901498241127803,0.8685381225300535,0.1018875,0.009675
0.1,0.01,0.0,0.001,0.0,1.0,0,unit_total_var,0.0410126582278481,0.9367588872009752,0.9999875,0.9367588920121726,0.9367588872009752,2.2305381097709187e-08,9.524027007046244e-07,0.05929039547571933,0.06329312300722156,0.2748785406446008,0.8685381225300535,0.1018875,0.009675
0.1,0.01,0.0,0.001,0.0,1.0,0,unit_total_var,0.047215189873417725,0.9260597655556524,0.9999875,0.9260597720550676,0.9260597655556524,3.048032282126911e-08,7.757616593551121e-07,0.05763503429386008,0.06223684090116799,0.2702911657446786,0.8685381225300535,0.1018875,0.009675
0.1,0.01,0.0,0.001,0.0,1.0,0,unit_total_var,0.05341772151898734,0.9133256358374474,0.9999875,0.9133256445718584,0.9133256358374474,4.1532903061192166e-08,8.652433045597263e-07,0.05579731764775829,0.061092468511076616,0.26532121960208743,0.8685381225300535,0.1018875,0.009675
0.1,0.01,0.0,0.001,0.0,1.0,0,unit_total_var,0.05962025316455696,0.8985579153821409,0.9999875,0.8985579287742079,0.8985579153821409,6.472705549320779e-08,9.943779541998763e-07,0.053809965604804284,0.05988480506781786,0.2600764039080518,0.8685381225300535,0.1018875,0.009675
0.1,0.01,0.0,0.001,0.0,1.0,0,unit_total_var,0.06582278481012659,0.8818432841742638,0.9999875,0.8818433000326459,0.8818432841742638,7.810013269438087e-08,9.087781975836151e-07,0.05171268975014117,0.05864158709170604,0.2546771768397689,0.8685381225300535,0.1018875,0.009675
0.1,0.01,0.0,0.001,0.0,1.0,0,unit_total_var,0.0720253164556962,0.8633376075765556,0.9999875,0.8633376286910585,0.8633376075765556,1.062146703922906e-07,8.477920019345221e-07,0.04954542380746242,0.05738823766352495,0.24923394943421245,0.8685381225300535,0.1018875,0.009675
0.1,0.01,0.0,0.001,0.0,1.0,0,unit_total_var,0.07822784810126583,0.8432476698910927,0.9999875,0.8432476945558668,0.8432476698910927,1.2702999985236832e-07,8.019778157120071e-07,0.04734426848132822,0.05614515185964622,0.24383529638264445,0.8685381225300535,0.1018875,0.009675
0.1,0.01,0.0,0.001,0.0,1.0,0,unit_total_var,0.08443037974683544,0.8218131116868473,0.9999875,0.821813143779549,0.8218131116868473,1.6959674575822706e-07,9.642801881426522e-07,0.04513990814537085,0.054927218248826695,0.23854587791761026,0.8685381225300535,0.1018875,0.009675
0.1,0.01,0.0,0.001,0.0,1.0,0,unit_total_var,0.09063291139240506,0.7992895554007637,0.9999875,0.7992895963501349,0.7992895554007637,2.2249865938572808e-07,9.195652275195698e-07,0.042957430864137516,0.0537445167072134,0.23340947038499898,0.8685381225300535,0.1018875,0.009675
0.1,0.01,0.0,0.001,0.0,1.0,0,unit_total_var,0.09683544303797467,0.7759337964752321,0.9999875,0.7759338425143945,0.7759337964752321,2.5768375677692745e-07,8.784253591187505e-07,0.040816713188577394,0.05260334499411158,0.228453424605957,0.8685381225300535,0.1018875,0.009675
0.1,0.01,0.0,0.001,0.0,1.0,0,unit_total_var,0.1030379746835443,0.7519920368576014,0.9999875,0.7519920894491258,0.7519920368576014,3.037293869745384e-07,8.899258077121885e-07,0.0387329814775764,0.05150716972939295,0.2236927959192956,0.8685381225300535,0.1018875,0.009675
0.1,0.01,0.0,0.001,0.0,1.0,0,unit_total_var,0.10924050632911393,0.7276915756899033,0.9999875,0.7276915808272907,0.7276915756899033,3.066050324740388e-08,9.878509752425655e-07,0.03671742050522734,0.050457393945253,0.2191336776164192,0.6475958020468602,0.1018875,0.009675
0.1,0.01,0.0,0.001,0.0,1.0,0,unit_total_var,0.11544303797468355,0.7032358475570203,0.9999875,0.7032359220739207,0.7032358475570203,4.601909453505471e-07,9.347661853453816e-07,0.034777793896625143,0.049453954910632265,0.21477579725979806,0.6475958020468602,0.1018875,0.009675
0.1,0.01,0.0,0.001,0.0,1.0,0,unit_total_var,0.12164556962025315,0.6788022078215318,0.9999875,0.6788022871414113,0.6788022078215318,5.074848545838506e-07,8.818051542291983e-07,0.032919047522752355,0.0484957873493059,0.2106145284135708,0.6475958020468602,0.1018875,0.009675
0.1,0.01,0.0,0.001,0.0,1.0,0,unit_total_var,0.12784810126582274,0.654541822108749,0.9999875,0.6545419056083399,0.654541822108749,5.540273824156118e-07,8.29083131037578e-07,0.031143871482780108,0.047581178819778615,0.20664243403881724,0.6475958020468602,0.1018875,0.009675
0.1,0.01,0.0,0.001,0.0,1.0,0,unit_total_var,0.1340506329113924,0.6305809081385121,0.9999875,0.6305810139371755,0.6305809081385121,7.286578349585681e-07,9.447821058827801e-07,0.0294531947899196,0.04670803446438943,0.20285041628431236,0.6475958020468602,0.1018875,0.009675
0.1,0.01,0.0,0.001,0.0,1.0,0,unit_total_var,0.14025316455696205,0.6070228485131814,0.9999875,0.6070229573115001,0.6070228485131814,7.783974740327437e-07,8.792780672450817e-07,0.0278466062008573,0.045874065974721885,0.19922853715287436,0.6475958020468602,0.1018875,0.009675
0.1,0.01,0.0,0.001,0.0,1.0,0,unit_total_var,0.14645569620253165,0.5839505997603894,0.9999875,0.5839507219332386,0.5839505997603894,9.086211862907587e-07,9.85408445064451e-07,0.026322694140035397,0.04507691943605555,0.19576657372276365,0.6475958020468602,0.1018875,0.009675
0.1,0.01,0.0,0.001,0.0,1.0,0,unit_total_var,0.15265822784810126,0.5614293517308045,0.9999875,0.5614294868196437,0.5614293517308045,1.0449815306401431e-06,9.088577721527712e-07,0.02487932448409013,0.04431425682927125,0.19245437210595992,0.6475958020468602,0.1018875,0.009675
0.1,0.01,0.0,0.001,0.0,1.0,0,unit_total_var,0.1588607594936709,0.5395089422552276,0.9999875,0.5395090775008818,0.5395089422552276,1.0887017687366551e-06,8.361466456996425e-07,0.023513852380165387,0.04358380471299324,0.18928205887201904,0.6475958020468602,0.1018875,0.009675
0.1,0.01,0.0,0.001,0.0,1.0,0,unit_total_var,0.1650632911392405,0.5182261838880395,0.9999875,0.5182263449013768,0.5182261838880395,1.3493566162203765e-06,9.185774283437808e-07,0.022223290944549428,0.04288338110941664,0.18624015781173792,0.6475958020468602,0.1018875,0.009675
0.1,0.01,0.0,0.001,0.0,1.0,0,unit_total_var,0.17126582278481015,0.497606951678441,0.9999875,0.4976071104359376,0.497606951678441,1.385581400725755e-06,8.389655512530679e-07,0.02100444168285904,0.04221090885489142,0.1833196479180045,0.6475958020468602,0.1018875,0.009675
0.1,0.01,0.0,0.001,0.0,1.0,0,unit_total_var,0.17746835443037975,0.4776678766225042,0.9999875,0.4776680619831646,0.4776678766225042,1.6852943285350364e-06,9.105430205380571e-07,0.01985398923365144,0.041564422070906465,0.180511991488924,0.6475958020468602,0.1018875,0.009675
0.1,0.01,0.0,0.001,0.0,1.0,0,unit_total_var,0.18367088607594936,0.4584179784590308,0.9999875,0.4584181754805529,0.4584179784590308,1.8665354653002453e-06,9.816139523444178e-07,0.018768580037363456,0.04094206798008648,0.17780914201459372,0.6475958020468602,0.1018875,0.009675
0.1,0.01,0.0,0.001,0.0,1.0,0,unit_total_var,0.18987341772151897,0.4398599431836556,0.9999875,0.4398601503484781,0.4398599431836556,2.045435587127997e-06,8.876242514332943e-07,0.01774487706704394,0.04034210739584188,0.1752035463036249,0.6475958020468602,0.1018875,0.009675
0.1,0.01,0.0,0.001,0.0,1.0,0,unit_total_var,0.1960759493670886,0.4219911782880891,0.9999875,0.4219914141081537,0.4219911782880891,2.426954150536176e-06,9.476347928583095e-07,0.016779599223491426,0.03976291469305589,0.17268814435583904,0.6475958020468602,0.1018875,0.009675
0.1,0.01,0.0,0.001,0.0,1.0,0,unit_total_var,0.20227848101265825,0.4048048710822201,0.9999875,0.4048051099831903,0.4048048710822201,2.5630457991532296e-06,9.541850354288783e-07,0.01586955553675981,0.039202975730834366,0.17025636034088465,0.6475958020468602,0.1018875,0.009675
0.1,0.01,0.0,0.001,0.0,1.0,0,unit_total_var,0.20848101265822785,0.3882906986896184,0.9999875,0.3882906986896184,0.3882907105667371,1.3284292066373385e-07,9.892652224063878e-07,0.0150116626897151,0.03866088665109831,0.1679020973805908,0.4985709504600745,0.1018875,0.009675
0.1,0.01,0.0,0.001,0.0,1.0,0,unit_total_var,0.21468354430379746,0.3724355665203227,0.9999875,0.3724358494361973,0.3724355665203227,3.299060765016293e-06,9.515982080099405e-07,0.014202960904268338,0.03813535059760015,0.16561972329983618,0.4985709504600745,0.1018875,0.009675
0.1,0.01,0.0,0.001,0.0,1.0,0,unit_total_var,0.2208860759493671,0.3572241262357463,0.9999875,0.3572244163806942,0.3572241262357463,3.5274296834586494e-06,9.983545725678056e-07,0.01344062016464825,0.03762517472232056,0.1634040576254953,0.4985709504600745,0.1018875,0.009675
0.1,0.01,0.0,0.001,0.0,1.0,0,unit_total_var,0.2270886075949367,0.34263936366707937,0.9999875,0.342639658957135,0.34263936366707937,3.7427919865606896e-06,8.913661526666061e-07,0.012721947543010051,0.03712926444543351,0.16125034665778373,0.4985709504600745,0.1018875,0.009675
0.1,0.01,0.0,0.001,0.0,1.0,0,unit_total_var,0.23329113924050635,0.3286628746059709,0.9999875,0.32866319883813083,0.3286628746059709,4.2843953282911684e-06,9.296922014456754e-07,0.012044383456773687,0.03664661994821752,0.159154248239165,0.4985709504600745,0.1018875,0.009675
0.1,0.01,0.0,0.001,0.0,1.0,0,unit_total_var,0.23949367088607595,0.3152753750536861,0.9999875,0.31527572927891284,0.3152753750536861,4.879479560848665e-06,9.66378546518598e-07,0.01140550539893333,0.036176328065555916,0.1571117965439267,0.4985709504600745,0.1018875,0.009675
0.1,0.01,0.0,0.001,0.0,1.0,0,unit_total_var,0.2456962025316456,0.3024569376404553,0.9999875,0.3024572684612625,0.3024569376404553,4.750215803817071e-06,8.600218519561055e-07,0.010803022779047378,0.035717556566315034,0.1551193772381787,0.4985709504600745,0.1018875,0.009675
0.1,0.01,0.0,0.001,0.0,1.0,0,unit_total_var,0.2518987341772152,0.290187165030519,0.9999875,0.2901875238460579,0.290187165030519,5.370034618756846e-06,8.901219521462168e-07,0.010234770427815456,0.03526954897105482,0.15317370497345614,0.4985709504600745,0.1018875,0.009675
0.1,0.01,0.0,0.001,0.0,1.0,0,unit_total_var,0.2581012658227848,0.2784455602321408,0.9999875,0.27844594789363025,0.2784455602321408,6.046392996061911e-06,9.188958249861656e-07,0.009698708592126095,0.03483161514243667,0.1512717825213799,0.4985709504600745,0.1018875,0.009675
0.1,0.01,0.0,0.001,0.0,1.0,0,unit_total_var,0.2643037974683544,0.2672116056530041,0.9999875,0.2672120229893628,0.2672116056530041,6.7828916225920474e-06,9.463905947804108e-07,0.009192914641345966,0.034403126386971794,0.14941087950082005,0.4985709504600745,0.1018875,0.009675
0.1,0.01,0.0,0.001,0.0,1.0,0,unit_total_var,0.2705063291139241,0.2564649376689363,0.9999875,0.25646535461968284,0.2564649376689363,7.060585470952673e-06,9.726690293199172e-07,0.008715578447967241,0.03398350872904875,0.14758850316736855,0.4985709504600745,0.1018875,0.009675
0.1,0.01,0.0,0.001,0.0,1.0,0,unit_total_var,0.2767088607594937,0.24618546961037285,0.9999875,0.2461859160152088,0.24618546961037285,7.874996906132027e-06,9.978048384207128e-07,0.008264996931716999,0.03357223700000514,0.1458023727425041,0.4985709504600745,0.1018875,0.009675
0.1,0.01,0.0,0.001,0.0,1.0,0,unit_total_var,0.2829113924050633,0.23635352513982014,0.9999875,0.2363539681257407,0.23635352513982014,8.139762689651775e-06,8.854337657515644e-07,0.007839569545686462,0.03316882852095729,0.14405039197846944,0.4985709504600745,0.1018875,0.009675
0.1,0.01,0.0,0.001,0.0,1.0,0,unit_total_var,0.2891139240506329,0.2269497849213159,0.9999875,0.2269502571064464,0.2269497849213159,9.035795443423924e-06,9.066834746329632e-07,0.007437789354421048,0.03277284160899183,0.14233064267074438,0.4985709504600745,0.1018875,0.009675
0.1,0.01,0.0,0.001,0.0,1.0,0,unit_total_var,0.2953164556962025,0.21795554506035272,0.9999875,0.21795604726030168,0.21795554506035272,1.0006738544454663e-05,9.272066709975493e-07,0.00705824320936119,0.03238386620265493,0.14064134394506247,0.4985709504600745,0.1018875,0.009675
0.1,0.01,0.0,0.001,0.0,1.0,0,unit_total_var,0.3015189873417722,0.2093526292417044,0.9999875,0.20935316797010506,0.2093526292417044,1.1175712073097087e-05,9.676097575406215e-07,0.0066996030652253,0.03200152340809817,0.13898085028634774,0.4985709504600745,0.1018875,0.009675
0.1,0.01,0.0,0.001,0.0,1.0,0,unit_total_var,0.3077215189873418,0.20112347872938824,0.9999875,0.20112347872938824,0.2011234829272976,9.064724171281567e-08,9.811125397662934e-07,0.0063606226478829155,0.031625460578081674,0.13734763016709692,0.4084263034693495,0.1018875,0.009675
0.1,0.01,0.0,0.001,0.0,1.0,0,unit_total_var,0.3139240506329114,0.1932511398122476,0.9999875,0.1932516986350976,0.1932511398122476,1.2558442317178729e-05,9.8525827341156e-07,0.006040131914984942,0.031255349494203284,0.1357402581529008,0.4084263034693495,0.1018875,0.009675
0.1,0.01,0.0,0.001,0.0,1.0,0,unit_total_var,0.320126582278481,0.18571933191105053,0.9999875,0.1857198830360574,0.18571933191105053,1.2887737196543014e-05,8.764008487816e-07,0.0057370339765247325,0.03089088205029975,0.1341573961556939,0.4084263034693495,0.1018875,0.009675
0.1,0.01,0.0,0.001,0.0,1.0,0,unit_total_var,0.3263291139240506,0.1785123109679109,0.9999875,0.17851289313901028,0.1785123109679109,1.416335278747738e-05,8.933346200556969e-07,0.005450297397748863,0.0305317732328758,0.13259780637759366,0.4084263034693495,0.1018875,0.009675
0.1,0.01,0.0,0.001,0.0,1.0,0,unit_total_var,0.3325316455696203,0.1716150858258899,0.9999875,0.17161570010142488,0.1716150858258899,1.5545020209728477e-05,9.101018408896877e-07,0.005178957428706853,0.030177751587416406,0.1310603099066204,0.4084263034693495,0.1018875,0.009675
0.1,0.01,0.0,0.001,0.0,1.0,0,unit_total_var,0.3387341772151899,0.16501326418353368,0.9999875,0.16501391169567847,0.16501326418353368,1.7041684563068312e-05,9.456410321462273e-07,0.00492210853216645,0.029828562912929856,0.12954380276189426,0.4084263034693495,0.1018875,0.009675
0.1,0.01,0.0,0.001,0.0,1.0,0,unit_total_var,0.3449367088607595,0.15869308072229135,0.9999875,0.15869372038272025,0.15869308072229135,1.7505516523463882e-05,9.841827917078658e-07,0.004678901657230698,0.029483967643294105,0.12804724452096652,0.4084263034693495,0.1018875,0.009675
0.1,0.01,0.0,0.001,0.0,1.0,0,unit_total_var,0.3511392405063291,0.15264142737528674,0.9999875,0.15264205769827532,0.15264142737528674,1.7933875176012748e-05,8.991258675372649e-07,0.004448541720677138,0.02914373769409192,0.12656964462579914,0.4084263034693495,0.1018875,0.009675
0.1,0.01,0.0,0.001,0.0,1.0,0,unit_total_var,0.3573417721518987,0.14684566666210955,0.9999875,0.14684633035815756,0.14684566666210955,1.962869497518227e-05,9.361300876697952e-07,0.004230280547400976,0.02880766347116535,0.12511009282052984,0.4084263034693495,0.1018875,0.009675
0.1,0.01,0.0,0.001,0.0,1.0,0,unit_total_var,0.3635443037974684,0.14129386803370894,0.9999875,0.14129456648962094,0.14129386803370894,2.146836256322615e-05,9.74392162511606e-07,0.0040234193846715284,0.028475541371063944,0.12366770486660827,0.4084263034693495,0.1018875,0.009675
0.1,0.01,0.0,0.001,0.0,1.0,0,unit_total_var,0.369746835443038,0.13597466468135927,0.9999875,0.13597531209974126,0.13597466468135927,2.0678084556635667e-05,8.93424684900168e-07,0.00382730313349616,0.028147178317850588,0.1222416422458936,0.4084263034693495,0.1018875,0.009675
0.1,0.01,0.0,0.001,0.0,1.0,0,unit_total_var,0.3759493670886076,0.13087710391801416,0.9999875,0.13087778544032352,0.13087710391801416,2.261515565038508e-05,9.306369288530901e-07,0.0036413149316745865,0.02782239843842839,0.12083114115123098,0.4084263034693495,0.1018875,0.009675
0.1,0.01,0.0,0.001,0.0,1.0,0,unit_total_var,0.3821518987341772,0.1259908804517277,0.9999875,0.12599159766537552,0.1259908804517277,2.472250704954604e-05,9.693090785578562e-07,0.003464878860783384,0.027501029029723473,0.11943545154270045,0.4084263034693495,0.1018875,0.009675
0.1,0.01,0.0,0.001,0.0,1.0,0,unit_total_var,0.3883544303797468,0.12130619136517362,0.9999875,0.12130685850969505,0.12130619136517362,2.388471555470062e-05,8.923793415327451e-07,0.0032974548119108628,0.02718290612211526,0.11805386130928774,0.4084263034693495,0.1018875,0.009675
0.1,0.01,0.0,0.001,0.0,1.0,0,unit_total_var,0.3945569620253165,0.11681358500304102,0.9999875,0.11681428758908208,0.11681358500304102,2.612096213461257e-05,9.304349346539451e-07,0.0031385336623597072,0.026867882380957667,0.11668573058475518,0.4084263034693495,0.1018875,0.009675
0.1,0.01,0.0,0.001,0.0,1.0,0,unit_total_var,0.4007594936708861,0.11250420305986884,0.9999875,0.1125049345236398,0.11250420305986884,2.8236247011648168e-05,9.45721793321752e-07,0.0029876403214756275,0.02655581071834056,0.11533042057442533,0.4084263034693495,0.1018875,0.009675
0.1,0.01,0.0,0.001,0.0,1.0,0,unit_total_var,0.4069620253164557,0.10836959387193892,0.9999875,0.10836959501546592,0.10836959387193892,4.582719626000654e-08,8.971220546438731e-07,0.0028443283230656586,0.02624655331297836,0.11398733272806015,0.3389663363903139,0.1018875,0.009675
0.1,0.01,0.0,0.001,0.0,1.0,0,unit_total_var,0.4131645569620253,0.1044016447458978,0.9999875,0.10440237312037116,0.1044016447458978,3.029913099972248e-05,9.366447504266515e-07,0.002708177195437814,0.02593998592674686,0.11265592748634168,0.3389663363903139,0.1018875,0.009675
0.1,0.01,0.0,0.001,0.0,1.0,0,unit_total_var,0.4193670886075949,0.1005927349414536,0.9999875,0.10059350283791954,0.1005927349414536,3.3152684945747524e-05,9.7807996413124e-07,0.0025787938135162325,0.025635984696281762,0.1113356669175138,0.3389663363903139,0.1018875,0.009675
0.1,0.01,0.0,0.001,0.0,1.0,0,unit_total_var,0.4255696202531646,0.09693563365283908,0.9999875,0.09693635406796107,0.09693563365283908,3.227617520629167e-05,9.087191035206387e-07,0.002455809157244361,0.025334431361324627,0.11002603742379972,0.3389663363903139,0.1018875,0.009675
0.1,0.01,0.0,0.001,0.0,1.0,0,unit_total_var,0.4317721518987342,0.09342333982816924,0.9999875,0.09342410032482944,0.09342333982816924,3.5352852869152684e-05,9.503508682229269e-07,0.0023388742757635807,0.02503522438895251,0.10872659805331784,0.3389663363903139,0.1018875,0.009675
0.1,0.01,0.0,0.001,0.0,1.0,0,unit_total_var,0.4379746835443038,0.09004932423374437,0.9999875,0.09005008345517455,0.09004932423374437,3.6615964694064473e-05,9.94165953338566e-07,0.0022276634476446674,0.0247382583556345,0.10743689095749072,0.3389663363903139,0.1018875,0.009675
0.1,0.01,0.0,0.001,0.0,1.0,0,unit_total_var,0.4441772151898734,0.08680738625748309,0.9999875,0.08680814324142265,0.08680738625748309,3.787149096545761e-05,9.28283176770961e-07,0.002121870514947538,0.02444343282786752,0.1061564799591566,0.3389663363903139,0.1018875,0.009675
0.1,0.01,0.0,0.001,0.0,1.0,0,unit_total_var,0.450379746835443,0.08369150107509672,0.9999875,0.08369230158572738,0.08369150107509672,4.154014236412706e-05,9.727172927131986e-07,0.0020212053767132664,0.024150664652311957,0.10488500392794996,0.3389663363903139,0.1018875,0.009675
0.1,0.01,0.0,0.001,0.0,1.0,0,unit_total_var,0.4565822784810127,0.0806961134882903,0.9999875,0.08069687101100675,0.0806961134882903,4.076855468149176e-05,9.11720513308012e-07,0.0019253979803370163,0.023859860123454497,0.10362205590599728,0.3389663363903139,0.1018875,0.009675
0.1,0.01,0.0,0.001,0.0,1.0,0,unit_total_var,0.4627848101265823,0.07781577276211905,0.9999875,0.0778165751983878,0.07781577276211905,4.478421718445702e-05,9.570746370979322e-07,0.0018341914277344887,0.023570946642675745,0.10236732060150054,0.3389663363903139,0.1018875,0.009675
0.1,0.01,0.0,0.001,0.0,1.0,0,unit_total_var,0.4689873417721519,0.07504546531987226,0.9999875,0.07504622762753206,0.07504546531987226,4.411516768954016e-05,9.005698331510105e-07,0.0017473465778472072,0.02328383960842075,0.101120430594575,0.3389663363903139,0.1018875,0.009675
0.1,0.01,0.0,0.001,0.0,1.0,0,unit_total_var,0.4751898734177215,0.07238025684376112,0.9999875,0.07238106580953996,0.07238025684376112,4.853912182589682e-05,9.47166228559837e-07,0.0016646355977191205,0.02299847596993717,0.09988111205928246,0.3389663363903139,0.1018875,0.009675
0.1,0.01,0.0,0.001,0.0,1.0,0,unit_total_var,0.4813924050632911,0.06981557792413826,0.9999875,0.0698163929497851,0.06981557792413826,5.069915418864923e-05,9.966385259296828e-07,0.0015858457721448606,0.0227147839966038,0.0986490534734932,0.3389663363903139,0.1018875,0.009675
0.1,0.01,0.0,0.001,0.0,1.0,0,unit_total_var,0.4875949367088608,0.06734708862886499,0.9999875,0.06734790900384381,0.06734708862886499,5.29023843007792e-05,9.429840619468166e-07,0.0015107766867747394,0.022432694828135747,0.0974239557807897,0.3389663363903139,0.1018875,0.009675
0.1,0.01,0.0,0.001,0.0,1.0,0,unit_total_var,0.4937974683544304,0.06497052812767275,0.9999875,0.06497135713043375,0.06497052812767275,5.5414206721948744e-05,9.942571377319356e-07,0.0014392374442771126,0.02215215861334674,0.09620560248022077,0.3389663363903139,0.1018875,0.009675
0.1,0.01,0.0,0.001,0.0,1.0,0,unit_total_var,0.5,0.06268201631730573,0.9999875,0.06268285336824078,0.06268201631730573,5.7994971491837084e-05,9.325702963192127e-07,0.0013710505936216295,0.02187310929312112,0.0949937066806924,0.3389663363903139,0.1018875,0.009675
0.1,0.01,0.0,0.001,0.0,10.0,0,unit_total_var,0.01,0.9602672656774286,0.9999875,0.9602672656774494,0.9602672656774286,9.38971123076726e-14,8.911483746487646e-07,0.06461932008423099,0.06729305724968637,0.292250034339384,0.8723025249619714,0.1018875,0.009675
0.1,0.01,0.0,0.001,0.0,10.0,0,unit_total_var,0.016202531645569618,0.9543586279068926,0.9999875,0.9543586279108937,0.9543586279068926,1.8207241270218333e-11,8.166234692907892e-07,0.06378733125223053,0.06683790494159353,0.2902733329810815,0.8723025249619714,0.1018875,0.009675
0.1,0.01,0.0,0.001,0.0,10.0,0,unit_total_var,0.02240506329113924,0.9484416119676384,0.9999875,0.9484416119767212,0.9484416119676384,4.159012023663422e-11,9.412678991793656e-07,0.06296678720715755,0.06638973492161163,0.2883269553147554,0.8723025249619714,0.1018875,0.009675
0.1,0.01,0.0,0.001,0.0,10.0,0,unit_total_var,0.028607594936708863,0.9425192915399764,0.9999875,0.9425192915537656,0.9425192915399764,6.353684245397062e-11,9.254808901459909e-07,0.0621551853224505,0.06594579642067118,0.28639895490212697,0.8723025249619714,0.1018875,0.009675
0.1,0.01,0.0,0.001,0.0,10.0,0,unit_total_var,0.03481012658227848,0.93659309424834,0.9999875,0.936593094269366,0.93659309424834,9.749706597617092e-11,9.817345016926993e-07,0.061351331643932326,0.06550478753334142,0.2844836776397509,0.8723025249619714,0.1018875,0.009675
0.1,0.01,0.0,0.001,0.0,10.0,0,unit_total_var,0.0410126582278481,0.9306638105696168,0.9999875,0.930663810597298,0.9306638105696168,1.2917383829247342e-10,8.33110334497178e-07,0.06055454174251097,0.06506596802710991,0.28257790873867245,0.8723025249619714,0.1018875,0.009675
0.1,0.01,0.0,0.001,0.0,10.0,0,unit_total_var,0.047215189873417725,0.9247319246220098,0.9999875,0.92473192466397,0.9247319246220098,1.9706403175945295e-10,9.660993782745209e-07,0.0597643778829302,0.0646288684229857,0.28067960927753993,0.8723025249619714,0.1018875,0.009675
0.1,0.01,0.0,0.001,0.0,10.0,0,unit_total_var,0.05341772151898734,0.9187977525695308,0.9999875,0.9187977526179212,0.9187977525695308,2.2873020144587033e-10,8.78217633726308e-07,0.058980538761503526,0.06419316829689363,0.2787873876722767,0.8723025249619714,0.1018875,0.009675
0.1,0.01,0.0,0.001,0.0,10.0,0,unit_total_var,0.05962025316455696,0.9128615099063464,0.9999875,0.9128615099704328,0.9128615099063464,3.048926111581807e-10,8.17814452602761e-07,0.05820280570591947,0.06375863707068853,0.2769002425347214,0.8723025249619714,0.1018875,0.009675
0.1,0.01,0.0,0.001,0.0,10.0,0,unit_total_var,0.06582278481012659,0.9069233478253379,0.9999875,0.9069233478991124,0.9069233478253379,3.532799053296287e-10,7.76531123847235e-07,0.057431013542843225,0.06332510203927809,0.2750174238161883,0.8723025249619714,0.1018875,0.009675
0.1,0.01,0.0,0.001,0.0,10.0,0,unit_total_var,0.0720253164556962,0.900983374405494,1.0,0.9009833745022904,0.900983374405494,4.665799413494653e-10,9.755708560987841e-07,0.05666503355146095,0.06289242971753044,0.2731383517981156,0.8723025249619714,0.1018875,0.009675
0.1,0.01,0.0,0.001,0.0,10.0,0,unit_total_var,0.07822784810126583,0.8950416677845371,1.0,0.8950416678959842,0.8950416677845371,5.407663761225479e-10,9.520761068415596e-07,0.05590476288619919,0.06246051429603064,0.2712625669560528,0.8723025249619714,0.1018875,0.009675
0.1,0.01,0.0,0.001,0.0,10.0,0,unit_total_var,0.08443037974683544,0.8890982846148631,1.0,0.8890982847431594,0.8890982846148631,6.266844820856933e-10,9.397872418048792e-07,0.055150117676776696,0.06202927013931475,0.2693896973799054,0.8723025249619714,0.1018875,0.009675
0.1,0.01,0.0,0.001,0.0,10.0,0,unit_total_var,0.09063291139240506,0.8831532658573353,1.0,0.8831532660050029,0.8831532658573353,7.261615753151317e-10,9.367699931317476e-07,0.054401028368770206,0.061598626729823074,0.2675194368158031,0.8723025249619714,0.1018875,0.009675
0.1,0.01,0.0,0.001,0.0,10.0,0,unit_total_var,0.09683544303797467,0.8772066407799891,1.0,0.8772066409499203,0.8772066407799891,8.413094665371544e-10,9.417111641596421e-07,0.05365743646019635,0.061168525140764526,0.2656515293479436,0.8723025249619714,0.1018875,0.009675
0.1,0.01,0.0,0.001,0.0,10.0,0,unit_total_var,0.1030379746835443,0.8712584298090792,1.0,0.8712584300257011,0.8712584298090792,1.0797921445870884e-09,9.273127261621994e-07,0.05291929215729619,0.06073891551200546,0.263785758436518,0.8723025249619714,0.1018875,0.009675
0.1,0.01,0.0,0.001,0.0,10.0,0,unit_total_var,0.10924050632911393,0.8653086467186261,1.0,0.8653086467186261,0.8653086467413256,1.13928311229472e-10,9.28681060941017e-07,0.05218655264781767,0.06030975519049363,0.2619219388416737,0.7815762530576795,0.1018875,0.009675
0.1,0.01,0.0,0.001,0.0,10.0,0,unit_total_var,0.11544303797468355,0.8593573001099734,1.0,0.859357300368619,0.8593573001099734,1.3071207449755207e-09,9.968248377845155e-07,0.05145918080511833,0.059881007351113465,0.26005991063396633,0.7815762530576795,0.1018875,0.009675
0.1,0.01,0.0,0.001,0.0,10.0,0,unit_total_var,0.12164556962025315,0.85340439463337,1.0,0.8534043948953808,0.85340439463337,1.3333634196754927e-09,8.017540267246659e-07,0.0507371442041764,0.05945263994799736,0.2581995346399608,0.7815762530576795,0.1018875,0.009675
0.1,0.01,0.0,0.001,0.0,10.0,0,unit_total_var,0.12784810126582274,0.8474499319038389,1.0,0.8474499322052661,0.8474499319038389,1.5447300105719819e-09,8.317948640979013e-07,0.050020414328755695,0.05902462487238901,0.2563406887848797,0.7815762530576795,0.1018875,0.009675
0.1,0.01,0.0,0.001,0.0,10.0,0,unit_total_var,0.1340506329113924,0.8414939113377621,1.0,0.8414939116844725,0.8414939113377621,1.7893704296056967e-09,8.665682571518117e-07,0.04930896599145833,0.05859693733620671,0.254483265415452,0.7815762530576795,0.1018875,0.009675
0.1,0.01,0.0,0.001,0.0,10.0,0,unit_total_var,0.14025316455696205,0.8355363306295656,1.0,0.8355363310282881,0.8355363306295656,2.0724763016843895e-09,9.062068784260193e-07,0.048602776831583074,0.0581695553501085,0.2526271690331789,0.7815762530576795,0.1018875,0.009675
0.1,0.01,0.0,0.001,0.0,10.0,0,unit_total_var,0.14645569620253165,0.8295771862506994,1.0,0.8295771866585212,0.8295771862506994,2.135000176650692e-09,9.509095661996979e-07,0.04790182692661475,0.057742459316062665,0.2507723145248903,0.7815762530576795,0.1018875,0.009675
0.1,0.01,0.0,0.001,0.0,10.0,0,unit_total_var,0.15265822784810126,0.8236164738843934,1.0,0.8236164742995665,0.8236164738843934,2.1892154755676074e-09,7.88896954873053e-07,0.04720609847817223,0.057315631698739315,0.24891862573561574,0.7815762530576795,0.1018875,0.009675
0.1,0.01,0.0,0.001,0.0,10.0,0,unit_total_var,0.1588607594936709,0.8176541885291725,1.0,0.8176541890072873,0.8176541885291725,2.5394918390375665e-09,8.344076150024193e-07,0.04651557552240085,0.05688905673690101,0.2470660342151712,0.7815762530576795,0.1018875,0.009675
0.1,0.01,0.0,0.001,0.0,10.0,0,unit_total_var,0.1650632911392405,0.8116903250604715,1.0,0.8116903256109603,0.8116903250604715,2.945387822528289e-09,8.84848134319327e-07,0.04583024374629386,0.05646272024109623,0.2452144783395513,0.7815762530576795,0.1018875,0.009675
0.1,0.01,0.0,0.001,0.0,10.0,0,unit_total_var,0.17126582278481015,0.8057248782512028,1.0,0.8057248788848941,0.8057248782512028,3.415665195127815e-09,9.405874834556015e-07,0.045150090279209736,0.05603660939104476,0.24336390243098674,0.7815762530576795,0.1018875,0.009675
0.1,0.01,0.0,0.001,0.0,10.0,0,unit_total_var,0.17746835443037975,0.7997578430740568,1.0,0.7997578436531025,0.7997578430740568,3.1444061798779903e-09,7.959860681694407e-07,0.044475103550674334,0.055610712587355005,0.2415142561139598,0.7815762530576795,0.1018875,0.009675
0.1,0.01,0.0,0.001,0.0,10.0,0,unit_total_var,0.18367088607594936,0.793789214573011,1.0,0.7937892152406029,0.793789214573011,3.6524994140307858e-09,8.513793545716908e-07,0.043805273123987964,0.0551850192970326,0.2396654936442572,0.7815762530576795,0.1018875,0.009675
0.1,0.01,0.0,0.001,0.0,10.0,0,unit_total_var,0.18987341772151897,0.7878189884037844,1.0,0.787818989173303,0.7878189884037844,4.242061368842087e-09,9.123364748120365e-07,0.043140589629611065,0.0547595199717375,0.23781757355396504,0.7815762530576795,0.1018875,0.009675
0.1,0.01,0.0,0.001,0.0,10.0,0,unit_total_var,0.1960759493670886,0.7818471606822017,1.0,0.7818471614777516,0.7818471606822017,4.419059340676768e-09,9.793560593607251e-07,0.042481044635204634,0.05433420593116658,0.2359704581450058,0.7815762530576795,0.1018875,0.009675
0.1,0.01,0.0,0.001,0.0,10.0,0,unit_total_var,0.20227848101265825,0.7758737280044431,1.0,0.7758737290627304,0.7758737280044431,5.9237525995570195e-09,9.93589480913215e-07,0.04182663057026284,0.053909069298997234,0.2341241132109449,0.7815762530576795,0.1018875,0.009675
0.1,0.01,0.0,0.001,0.0,10.0,0,unit_total_var,0.20848101265822785,0.7698986882200796,1.0,0.7698986882200796,0.7698986883491965,7.283396108448414e-10,8.518853178429707e-07,0.041177340650911234,0.05348410288385955,0.23227850752006,0.6926845092527258,0.1018875,0.009675
0.1,0.01,0.0,0.001,0.0,10.0,0,unit_total_var,0.21468354430379746,0.7639220393023676,1.0,0.7639220402820932,0.7639220393023676,5.569801730942458e-09,9.82579990704835e-07,0.04053316877961266,0.0530593001566345,0.23043361271674706,0.6926845092527258,0.1018875,0.009675
0.1,0.01,0.0,0.001,0.0,10.0,0,unit_total_var,0.2208860759493671,0.7579437802881717,1.0,0.7579437812991866,0.7579437802881717,5.793018287292284e-09,8.558808985981159e-07,0.0398941095726898,0.05263465524781005,0.22858940331003935,0.6926845092527258,0.1018875,0.009675
0.1,0.01,0.0,0.001,0.0,10.0,0,unit_total_var,0.2270886075949367,0.7519639110451489,1.0,0.7519639122135383,0.7519639110451489,6.747997494116476e-09,9.2875774271306e-07,0.03926015819341985,0.05221016277078038,0.2267458559062051,0.6926845092527258,0.1018875,0.009675
0.1,0.01,0.0,0.001,0.0,10.0,0,unit_total_var,0.23329113924050635,0.7459824327163257,1.0,0.745982433806951,0.7459824327163257,6.3493792445967764e-09,8.155616342264694e-07,0.03863131041827846,0.05178581790138317,0.22490294955417345,0.6926845092527258,0.1018875,0.009675
0.1,0.01,0.0,0.001,0.0,10.0,0,unit_total_var,0.23949367088607595,0.739999346968054,1.0,0.7399993482303071,0.739999346968054,7.407973345863181e-09,8.886125328899652e-07,0.038007562490159616,0.05136161625802138,0.22306066522491028,0.6926845092527258,0.1018875,0.009675
0.1,0.01,0.0,0.001,0.0,10.0,0,unit_total_var,0.2456962025316456,0.7340146568457444,1.0,0.7340146583063021,0.7340146568457444,8.641682036625298e-09,9.69141353834857e-07,0.03738891116980829,0.05093755393179525,0.2212189859422796,0.6926845092527258,0.1018875,0.009675
0.1,0.01,0.0,0.001,0.0,10.0,0,unit_total_var,0.2518987341772152,0.7280283665057008,1.0,0.7280283678786132,0.7280283665057008,8.189904754374311e-09,8.600558771831856e-07,0.03677535366788439,0.05051362743514256,0.2193778965599912,0.6926845092527258,0.1018875,0.009675
0.1,0.01,0.0,0.001,0.0,10.0,0,unit_total_var,0.2581012658227848,0.7220404807560461,1.0,0.7220404823469571,0.7220404807560461,9.569046000024173e-09,9.414231385562745e-07,0.03616688756215091,0.0500898336396329,0.2175373834914444,0.6926845092527258,0.1018875,0.009675
0.1,0.01,0.0,0.001,0.0,10.0,0,unit_total_var,0.2643037974683544,0.7160510061226995,1.0,0.7160510076260361,0.7160510061226995,9.11793751612322e-09,8.416075729655859e-07,0.035563510878763936,0.049666169832418235,0.21569743495488986,0.6926845092527258,0.1018875,0.009675
0.1,0.01,0.0,0.001,0.0,10.0,0,unit_total_var,0.2705063291139241,0.7100599496673432,1.0,0.7100599514118876,0.7100599496673432,1.0670169636739502e-08,9.243747740583784e-07,0.03496522193901675,0.04924263360494793,0.2138580404901252,0.6926845092527258,0.1018875,0.009675
0.1,0.01,0.0,0.001,0.0,10.0,0,unit_total_var,0.2767088607594937,0.704067320261409,1.0,0.7040673219185727,0.704067320261409,1.022199214162356e-08,8.322530788973381e-07,0.03437201946560888,0.048819222930056035,0.21201919129328034,0.6926845092527258,0.1018875,0.009675
0.1,0.01,0.0,0.001,0.0,10.0,0,unit_total_var,0.2829113924050633,0.6980731273062515,1.0,0.6980731292320276,0.6980731273062515,1.1980892722363023e-08,9.170302064376301e-07,0.03378390242584128,0.048395936047857566,0.21018087972127206,0.6926845092527258,0.1018875,0.009675
0.1,0.01,0.0,0.001,0.0,10.0,0,unit_total_var,0.2891139240506329,0.6920773821035862,1.0,0.6920773839424449,0.6920773821035862,1.1539262656512506e-08,8.313467390053121e-07,0.033200870149221094,0.047972771553819946,0.20834309967429288,0.6926845092527258,0.1018875,0.009675
0.1,0.01,0.0,0.001,0.0,10.0,0,unit_total_var,0.2953164556962025,0.6860800964628613,1.0,0.6860800986027678,0.6860800964628613,1.3545788490887391e-08,9.187987188852276e-07,0.03262292216499769,0.04754972827981408,0.20650584607922254,0.6926845092527258,0.1018875,0.009675
0.1,0.01,0.0,0.001,0.0,10.0,0,unit_total_var,0.3015189873417722,0.6800812835880761,1.0,0.6800812862401763,0.6800812835880761,1.6936100744047167e-08,9.017084039442124e-07,0.032050058323997946,0.04712680542376257,0.2046691154526832,0.6926845092527258,0.1018875,0.009675
0.1,0.01,0.0,0.001,0.0,10.0,0,unit_total_var,0.3077215189873418,0.6740809591234196,1.0,0.6740809591234196,0.6740809595453049,2.718107516841428e-09,8.491908261021308e-07,0.031482278676790786,0.04670400231706679,0.2028329048909879,0.6043684077235592,0.1018875,0.009675
0.1,0.01,0.0,0.001,0.0,10.0,0,unit_total_var,0.3139240506329114,0.6680791389012869,1.0,0.6680791412104005,0.6680791389012869,1.5010725995523444e-08,8.537882649761741e-07,0.03091958349005848,0.046281318618791735,0.20099721291347475,0.6043684077235592,0.1018875,0.009675
0.1,0.01,0.0,0.001,0.0,10.0,0,unit_total_var,0.320126582278481,0.6620758390296829,1.0,0.6620758417241781,0.6620758390296829,1.7674778529652713e-08,9.48859963045834e-07,0.03036197324162148,0.045858754317509916,0.19916203947051486,0.6043684077235592,0.1018875,0.009675
0.1,0.01,0.0,0.001,0.0,10.0,0,unit_total_var,0.3263291139240506,0.656071078900334,1.0,0.6560710815131732,0.656071078900334,1.7296016618928437e-08,8.77236146834548e-07,0.029809448640679886,0.045436309569756764,0.19732738524193272,0.6043684077235592,0.1018875,0.009675
0.1,0.01,0.0,0.001,0.0,10.0,0,unit_total_var,0.3325316455696203,0.6500648778241322,1.0,0.6500648808771121,0.6500648778241322,2.039630642158841e-08,9.774310854027135e-07,0.029262010492309032,0.04501398474295905,0.1954932518234428,0.6043684077235592,0.1018875,0.009675
0.1,0.01,0.0,0.001,0.0,10.0,0,unit_total_var,0.3387341772151899,0.6440572574215534,1.0,0.6440572603970587,0.6440572574215534,2.0064140127118435e-08,9.093052142361557e-07,0.02871965986043677,0.044591780512518865,0.19365964214827894,0.6043684077235592,0.1018875,0.009675
0.1,0.01,0.0,0.001,0.0,10.0,0,unit_total_var,0.3449367088607595,0.6380482398448679,1.0,0.6380482427549007,0.6380482398448679,1.980745434337905e-08,8.493168195400358e-07,0.028182397887001224,0.0441696977235661,0.19182655988679376,0.6043684077235592,0.1018875,0.009675
0.1,0.01,0.0,0.001,0.0,10.0,0,unit_total_var,0.3511392405063291,0.6320378485501951,1.0,0.632037851960278,0.6320378485501951,2.3431827367303978e-08,9.506529181635416e-07,0.027650225852947876,0.04374773744384701,0.18999400967615024,0.6043684077235592,0.1018875,0.009675
0.1,0.01,0.0,0.001,0.0,10.0,0,unit_total_var,0.3573417721518987,0.6260261091483635,1.0,0.6260261125001727,0.6260261091483635,2.3252579861576805e-08,8.9332166908207e-07,0.02712314524249204,0.043325901022546735,0.188161997375785,0.6043684077235592,0.1018875,0.009675
0.1,0.01,0.0,0.001,0.0,10.0,0,unit_total_var,0.3635443037974684,0.6200130477342666,1.0,0.6200130510400897,0.6200130477342666,2.31559762475797e-08,8.427305431268907e-07,0.026601157579270864,0.042904189962582766,0.18633052951278573,0.6043684077235592,0.1018875,0.009675
0.1,0.01,0.0,0.001,0.0,10.0,0,unit_total_var,0.369746835443038,0.6139986917109621,1.0,0.6139986955958325,0.6139986917109621,2.7478524788904227e-08,9.4736421374364e-07,0.02608426449149788,0.042482605978869034,0.18449961353492916,0.6043684077235592,0.1018875,0.009675
0.1,0.01,0.0,0.001,0.0,10.0,0,unit_total_var,0.3759493670886076,0.6079830707349579,1.0,0.6079830745855658,0.6079830707349579,2.750566263642895e-08,8.989788682356449e-07,0.025572467783403413,0.04206115106542397,0.18266925810212709,0.6043684077235592,0.1018875,0.009675
0.1,0.01,0.0,0.001,0.0,10.0,0,unit_total_var,0.3821518987341772,0.6019662148704574,1.0,0.6019662187000557,0.6019662148704574,2.7629015963981374e-08,8.563268920624978e-07,0.02506576926190341,0.041639827356918256,0.18083947248513665,0.6043684077235592,0.1018875,0.009675
0.1,0.01,0.0,0.001,0.0,10.0,0,unit_total_var,0.3883544303797468,0.5959481554862208,1.0,0.5959481599990979,0.5959481554862208,3.2887384371349526e-08,9.666053983892198e-07,0.024564170807130758,0.04121863719351458,0.17901026684715518,0.6043684077235592,0.1018875,0.009675
0.1,0.01,0.0,0.001,0.0,10.0,0,unit_total_var,0.3945569620253165,0.5899289263258476,1.0,0.5899289308361394,0.5899289263258476,3.320391250838384e-08,9.260276385703036e-07,0.024067674452797286,0.04079758319818936,0.17718165257962454,0.6043684077235592,0.1018875,0.009675
0.1,0.01,0.0,0.001,0.0,10.0,0,unit_total_var,0.4007594936708861,0.5839085601589773,1.0,0.5839085659539007,0.5839085601589773,4.31009823387285e-08,8.73916974342137e-07,0.02357628220202512,0.04037666821600654,0.1753536420385005,0.6043684077235592,0.1018875,0.009675
0.1,0.01,0.0,0.001,0.0,10.0,0,unit_total_var,0.4069620253164557,0.577887094959613,1.0,0.577887094959613,0.5778870965321209,1.181773212621806e-08,9.086779186873173e-07,0.023089996112167957,0.039955895041715116,0.1735262473612237,0.5164685207555187,0.1018875,0.009675
0.1,0.01,0.0,0.001,0.0,10.0,0,unit_total_var,0.4131645569620253,0.5718645683040287,1.0,0.5718645736891741,0.5718645683040287,4.089672778206931e-08,9.757761176842905e-07,0.022608818308802885,0.039535266847976896,0.17169948232648932,0.5164685207555187,0.1018875,0.009675
0.1,0.01,0.0,0.001,0.0,10.0,0,unit_total_var,0.4193670886075949,0.5658410159441171,1.0,0.5658410213884831,0.5658410159441171,4.178661594522737e-08,9.470307418268931e-07,0.02213275096279003,0.039114787262038785,0.16987336268723044,0.5164685207555187,0.1018875,0.009675
0.1,0.01,0.0,0.001,0.0,10.0,0,unit_total_var,0.4255696202531646,0.5598164788025201,1.0,0.5598164843249789,0.5598164788025201,4.28421360609832e-08,9.224856398759584e-07,0.02166179621744106,0.03869445976970328,0.168047903582095,0.5164685207555187,0.1018875,0.009675
0.1,0.01,0.0,0.001,0.0,10.0,0,unit_total_var,0.4317721518987342,0.553790997960959,1.0,0.5537910035811016,0.553790997960959,4.407433307207498e-08,9.018338289479289e-07,0.021195956249085195,0.03827428818295718,0.1662231215663314,0.5164685207555187,0.1018875,0.009675
0.1,0.01,0.0,0.001,0.0,10.0,0,unit_total_var,0.4379746835443038,0.5477646158350179,1.0,0.5477646215733571,0.5477646158350179,4.549634891048981e-08,8.84819797875025e-07,0.0207352332379047,0.03785427652404254,0.1643990341083148,0.5164685207555187,0.1018875,0.009675
0.1,0.01,0.0,0.001,0.0,10.0,0,unit_total_var,0.4441772151898734,0.541737376171696,1.0,0.5417373820498841,0.541737376171696,4.712365697656651e-08,8.712338370742145e-07,0.02027962935986768,0.037434429027544784,0.16257565959861608,0.5164685207555187,0.1018875,0.009675
0.1,0.01,0.0,0.001,0.0,10.0,0,unit_total_var,0.450379746835443,0.5357093235648976,1.0,0.5357093305698649,0.5357093235648976,5.678860670599307e-08,9.98050211364898e-07,0.019829146742337392,0.037014750108106384,0.1607530172097839,0.5164685207555187,0.1018875,0.009675
0.1,0.01,0.0,0.001,0.0,10.0,0,unit_total_var,0.4565822784810127,0.5296805053700963,1.0,0.5296805125795083,0.5296805053700963,5.9111253225552225e-08,9.879312301563914e-07,0.01938378760194051,0.03659524450196019,0.1589311275110162,0.5164685207555187,0.1018875,0.009675
0.1,0.01,0.0,0.001,0.0,10.0,0,unit_total_var,0.4627848101265823,0.5236509688349753,1.0,0.5236509762788049,0.5236509688349753,6.173604694126311e-08,9.81353892370862e-07,0.01894355401861747,0.036175917063160035,0.15711001158320093,0.5164685207555187,0.1018875,0.009675
0.1,0.01,0.0,0.001,0.0,10.0,0,unit_total_var,0.4689873417721519,0.517620762999442,1.0,0.5176207707100755,0.517620762999442,6.469380231521883e-08,9.782278880265949e-07,0.01850844807354959,0.03575677290512695,0.1552896916336434,0.5164685207555187,0.1018875,0.009675
0.1,0.01,0.0,0.001,0.0,10.0,0,unit_total_var,0.4751898734177215,0.511589938216574,1.0,0.511589946229203,0.511589938216574,6.802011265349961e-08,9.785001395812287e-07,0.018078471805367074,0.03533781737066498,0.1534701908658468,0.5164685207555187,0.1018875,0.009675
0.1,0.01,0.0,0.001,0.0,10.0,0,unit_total_var,0.4813924050632911,0.5055585461478805,1.0,0.5055585545009409,0.5055585461478805,7.17560419971619e-08,9.821533524245751e-07,0.017653627202839285,0.03491905603683621,0.15165153350068394,0.5164685207555187,0.1018875,0.009675
0.1,0.01,0.0,0.001,0.0,10.0,0,unit_total_var,0.4875949367088608,0.49952663975822703,1.0,0.4995266484938936,0.49952663975822703,7.594893736140307e-08,9.8920544644443e-07,0.017233916197672797,0.034500494720389865,0.14983374479997585,0.5164685207555187,0.1018875,0.009675
0.1,0.01,0.0,0.001,0.0,10.0,0,unit_total_var,0.4937974683544304,0.4934942733104464,1.0,0.4934942824751965,0.4934942733104464,8.065342527174835e-08,9.99709570237428e-07,0.016819340657413778,0.034082139483781,0.1480168510926303,0.5164685207555187,0.1018875,0.009675
0.1,0.01,0.0,0.001,0.0,10.0,0,unit_total_var,0.5,0.4874614990321121,1.0,0.487461511402309,0.4874614990321121,1.1020989765242462e-07,9.96659508700759e-07,0.016409902381206203,0.03366399687726965,0.14620088082606505,0.5164685207555187,0.1018875,0.009675
0.1,0.04,0.0,0.001,0.0,1.0,0,unit_total_var,0.01,0.9448700761189072,0.9999875,0.9448700761189072,0.9448700761345604,7.194719819914042e-11,9.441095585316358e-07,0.03220382988759329,0.0340828127607468,0.14801977509734068,0.4413421795260277,0.103375,0.03835
0.1,0.04,0.0,0.001,0.0,1.0,0,unit_total_var,0.016202531645569618,0.9423686195891116,0.9999875,0.9423686198174296,0.9423686195891116,1.0522125948320138e-09,9.13614044861788e-07,0.03185653361535972,0.033804747901357006,0.14681215475689874,0.4413421795260277,0.103375,0.03835
0.1,0.04,0.0,0.001,0.0,1.0,0,unit_total_var,0.02240506329113924,0.939531309877606,0.9999875,0.9395313104425722,0.939531309877606,2.611532434748653e-09,9.560431877275732e-07,0.03149937647221331,0.03352669159723562,0.14560457157151546,0.4413421795260277,0.103375,0.03835
0.1,0.04,0.0,0.001,0.0,1.0,0,unit_total_var,0.028607594936708863,0.9363054541613473,0.9999875,0.9363054551035168,0.9363054541613473,4.370145356702437e-09,8.65326420296242e-07,0.03112927731870775,0.033246925114401235,0.14438956117435095,0.4413421795260277,0.103375,0.03835
0.1,0.04,0.0,0.001,0.0,1.0,0,unit_total_var,0.03481012658227848,0.9326348670517622,0.999975,0.9326348688687698,0.9326348670517622,8.46114994734748e-09,8.764616801215652e-07,0.030743391055457068,0.032964016402949665,0.14316090425169314,0.4413421795260277,0.103375,0.03835
0.1,0.04,0.0,0.001,0.0,1.0,0,unit_total_var,0.0410126582278481,0.928465573688245,0.9999875,0.9284655767616036,0.928465573688245,1.4375790613474491e-08,9.85184200885669e-07,0.03033920234874196,0.03267671221047242,0.1419131579974878,0.4413421795260277,0.103375,0.03835
0.1,0.04,0.0,0.001,0.0,1.0,0,unit_total_var,0.047215189873417725,0.9237485571176984,0.9999875,0.9237485610962538,0.9237485571176984,1.870492433164728e-08,8.899821253294249e-07,0.029914603509770894,0.032383924477361166,0.14064159702889606,0.4413421795260277,0.103375,0.03835
0.1,0.04,0.0,0.001,0.0,1.0,0,unit_total_var,0.05341772151898734,0.9184416749848242,0.9999875,0.918441680169278,0.9184416749848242,2.45152164679574e-08,8.436104153020095e-07,0.029467966557888938,0.03208474458476185,0.1393422752643731,0.4413421795260277,0.103375,0.03835
0.1,0.04,0.0,0.001,0.0,1.0,0,unit_total_var,0.05962025316455696,0.9125111582935868,0.9999875,0.9125111660656868,0.9125111582935868,3.6990015161997285e-08,8.313104125079462e-07,0.028998205426704417,0.03177846666656835,0.13801212716637054,0.4413421795260277,0.103375,0.03835
0.1,0.04,0.0,0.001,0.0,1.0,0,unit_total_var,0.06582278481012659,0.9059327155146152,0.9999875,0.9059327256934936,0.9059327155146152,4.879645720823334e-08,8.451512751861402e-07,0.028504820355412908,0.031464610856028905,0.13664906870006502,0.4413421795260277,0.103375,0.03835
0.1,0.04,0.0,0.001,0.0,1.0,0,unit_total_var,0.0720253164556962,0.8986921857861562,0.9999875,0.8986921975204772,0.8986921857861562,5.670629982246212e-08,8.808647962155192e-07,0.02798791718819902,0.03114294040925237,0.13525207169980102,0.4413421795260277,0.103375,0.03835
0.1,0.04,0.0,0.001,0.0,1.0,0,unit_total_var,0.07822784810126583,0.8907856978220904,0.9999875,0.8907857132669206,0.8907856978220904,7.529986711940495e-08,9.362907711363277e-07,0.02744819691519628,0.030813468359792068,0.13382119276958135,0.4413421795260277,0.103375,0.03835
0.1,0.04,0.0,0.001,0.0,1.0,0,unit_total_var,0.08443037974683544,0.8822193446508046,0.9999875,0.8822193625422359,0.8822193446508046,8.807503282248774e-08,7.865180506883006e-07,0.026886915109673303,0.03047645154540965,0.1323575473416324,0.4413421795260277,0.103375,0.03835
0.1,0.04,0.0,0.001,0.0,1.0,0,unit_total_var,0.09063291139240506,0.8730084219144922,0.9999875,0.8730084454158519,0.8730084219144922,1.1691193824159286e-07,8.622817286862984e-07,0.02630581480039728,0.03013237231172305,0.1308632302163565,0.4413421795260277,0.103375,0.03835
0.1,0.04,0.0,0.001,0.0,1.0,0,unit_total_var,0.09683544303797467,0.863176362125725,0.9999875,0.8631763894324879,0.863176362125725,1.3738995596757064e-07,9.537374747736749e-07,0.025707041273312425,0.029781910628326608,0.1293411944641805,0.4413421795260277,0.103375,0.03835
0.1,0.04,0.0,0.001,0.0,1.0,0,unit_total_var,0.1030379746835443,0.8527534402852821,0.9999875,0.8527534744024837,0.8527534402852821,1.7375376526462816e-07,9.78232044701599e-07,0.025093045806722315,0.029425909789736682,0.12779510246665512,0.4413421795260277,0.103375,0.03835
0.1,0.04,0.0,0.001,0.0,1.0,0,unit_total_var,0.10924050632911393,0.8417753881940977,0.9999875,0.8417753901630375,0.8417753881940977,1.0158287988559778e-08,9.385415440377187e-07,0.024466486942715672,0.02906533890852385,0.12622916302619788,0.3751297931809998,0.103375,0.03835
0.1,0.04,0.0,0.001,0.0,1.0,0,unit_total_var,0.11544303797468355,0.8302820124232709,0.9999875,0.8302820546858404,0.8302820124232709,2.210622404019702e-07,8.385314940184685e-07,0.02383013540631505,0.028701254573448038,0.12464796484948952,0.3751297931809998,0.103375,0.03835
0.1,0.04,0.0,0.001,0.0,1.0,0,unit_total_var,0.12164556962025315,0.8183158828057423,0.9999875,0.8183159316916081,0.8183158828057423,2.594457907401093e-07,9.491011052631392e-07,0.02318678649388544,0.028334762872236324,0.12305631161449368,0.3751297931809998,0.103375,0.03835
0.1,0.04,0.0,0.001,0.0,1.0,0,unit_total_var,0.12784810126582274,0.8059211898356989,1.0,0.8059212458870281,0.8059211898356989,3.0204916323661735e-07,8.59485059123699e-07,0.022539184688105725,0.027966983586448117,0.12145906647073228,0.3751297931809998,0.103375,0.03835
0.1,0.04,0.0,0.001,0.0,1.0,0,unit_total_var,0.1340506329113924,0.7931427052737772,1.0,0.7931427697564308,0.7931427052737772,3.530822303421388e-07,9.765398489847144e-07,0.021889959331346503,0.02759901740985,0.1198610096704963,0.3751297931809998,0.103375,0.03835
0.1,0.04,0.0,0.001,0.0,1.0,0,unit_total_var,0.14025316455696205,0.7800250137647466,1.0,0.7800250872332565,0.7800250137647466,4.090505605347517e-07,8.929358212839135e-07,0.0212415772129129,0.027231918000156983,0.11826671719110013,0.3751297931809998,0.103375,0.03835
0.1,0.04,0.0,0.001,0.0,1.0,0,unit_total_var,0.14645569620253165,0.7666118260568359,1.0,0.7666119013187165,0.7666118260568359,4.263672532811569e-07,8.210742405978523e-07,0.02059630637247271,0.02686666924825879,0.11668046201638578,0.3751297931809998,0.103375,0.03835
0.1,0.04,0.0,0.001,0.0,1.0,0,unit_total_var,0.15265822784810126,0.7529455178770383,1.0,0.7529456129081983,0.7529455178770383,5.481340255020228e-07,9.350294138954495e-07,0.01995619498771973,0.02650416864687244,0.11510614190769874,0.3751297931809998,0.103375,0.03835
0.1,0.04,0.0,0.001,0.0,1.0,0,unit_total_var,0.1588607594936709,0.7390668160296255,1.0,0.7390669130555233,0.7390668160296255,5.701488461351545e-07,8.648967861901724e-07,0.01932306187308238,0.026145216445907664,0.11354723230623845,0.3751297931809998,0.103375,0.03835
0.1,0.04,0.0,0.001,0.0,1.0,0,unit_total_var,0.1650632911392405,0.7250145056965215,1.0,0.7250146156432019,0.7250145056965215,6.585969329897523e-07,9.8305196516435e-07,0.01869849379112936,0.025790509905957968,0.11200676137628697,0.3751297931809998,0.103375,0.03835
0.1,0.04,0.0,0.001,0.0,1.0,0,unit_total_var,0.17126582278481015,0.7108253686793538,1.0,0.710825492016472,0.7108253686793538,7.535553401272209e-07,9.132583818072249e-07,0.018083853899957474,0.025440642240379747,0.11048730541071704,0.3751297931809998,0.103375,0.03835
0.1,0.04,0.0,0.001,0.0,1.0,0,unit_total_var,0.17746835443037975,0.6965340375725358,1.0,0.6965341630256083,0.6965340375725358,7.822097598531029e-07,8.512518943071257e-07,0.017480291232388756,0.025096104841205825,0.1089909984980117,0.3751297931809998,0.103375,0.03835
0.1,0.04,0.0,0.001,0.0,1.0,0,unit_total_var,0.18367088607594936,0.6821730049945588,1.0,0.6821731596004713,0.6821730049945588,9.842735870790877e-07,9.644631995264774e-07,0.016888756467495818,0.024757292276070837,0.1075195542236356,0.3751297931809998,0.103375,0.03835
0.1,0.04,0.0,0.001,0.0,1.0,0,unit_total_var,0.18987341772151897,0.6677726821040566,1.0,0.6677728387762307,0.6677726821040566,1.0189373500502086e-06,9.013134945057287e-07,0.01631001989141868,0.0244245090111026,0.10607429486718106,0.3751297931809998,0.103375,0.03835
0.1,0.04,0.0,0.001,0.0,1.0,0,unit_total_var,0.1960759493670886,0.6533613608267101,1.0,0.6533615195401812,0.6533613608267101,1.0549809099646978e-06,8.44420890544484e-07,0.015744687137343318,0.0240979771399724,0.1046561849692072,0.3751297931809998,0.103375,0.03835
0.1,0.04,0.0,0.001,0.0,1.0,0,unit_total_var,0.20227848101265825,0.638965322839814,1.0,0.6389655039870223,0.638965322839814,1.2312283474980035e-06,8.338607826452459e-07,0.015193218214919224,0.02377784469960681,0.1032658674459172,0.3751297931809998,0.103375,0.03835
0.1,0.04,0.0,0.001,0.0,1.0,0,unit_total_var,0.20848101265822785,0.6246088981301341,1.0,0.6246088981301341,0.6246089019046539,2.6244474149450522e-08,9.285550248705476e-07,0.014655944365150672,0.023464194008483662,0.10190369980191796,0.3027098006020575,0.103375,0.03835
0.1,0.04,0.0,0.001,0.0,1.0,0,unit_total_var,0.21468354430379746,0.6103145844026785,1.0,0.6103147809093036,0.6103145844026785,1.3983236084591508e-06,8.397763213707777e-07,0.014133085192288246,0.023157049746927564,0.10056978922249732,0.3027098006020575,0.103375,0.03835
0.1,0.04,0.0,0.001,0.0,1.0,0,unit_total_var,0.2208860759493671,0.5961030173223169,1.0,0.5961032532606041,0.5961030173223169,1.7189424137420415e-06,9.415906108145576e-07,0.013624761081023087,0.022856386706823342,0.09926402623020214,0.3027098006020575,0.103375,0.03835
0.1,0.04,0.0,0.001,0.0,1.0,0,unit_total_var,0.2270886075949367,0.5819932089272665,1.0,0.5819934460786437,0.5819932089272665,1.7696686480661583e-06,8.856896842601714e-07,0.013131010377604543,0.022562136767553875,0.09798611498095118,0.3027098006020575,0.103375,0.03835
0.1,0.04,0.0,0.001,0.0,1.0,0,unit_total_var,0.23329113924050635,0.5680024648086918,1.0,0.568002724814982,0.5680024648086918,1.9880067125832568e-06,9.881901865682607e-07,0.012651797990002515,0.022274195578119105,0.09673560228410938,0.3027098006020575,0.103375,0.03835
0.1,0.04,0.0,0.001,0.0,1.0,0,unit_total_var,0.23949367088607595,0.5541466314795548,1.0,0.5541469141250925,0.5541466314795548,2.2151423308969242e-06,9.298099046262108e-07,0.012187030019377966,0.021992428225791,0.09551190222114354,0.3027098006020575,0.103375,0.03835
0.1,0.04,0.0,0.001,0.0,1.0,0,unit_total_var,0.2456962025316456,0.5404400257563455,1.0,0.5404403087283237,0.5404400257563455,2.2739458711562577e-06,8.760252794282053e-07,0.011736560276668428,0.021716674778562373,0.0943143202161716,0.3027098006020575,0.103375,0.03835
0.1,0.04,0.0,0.001,0.0,1.0,0,unit_total_var,0.2518987341772152,0.5268955754084438,1.0,0.5268959082817544,0.5268955754084438,2.7437124745510744e-06,9.713889728146796e-07,0.011300200312810087,0.021446754993245658,0.093142073482976,0.3027098006020575,0.103375,0.03835
0.1,0.04,0.0,0.001,0.0,1.0,0,unit_total_var,0.2581012658227848,0.5135249714969066,1.0,0.5135253036457706,0.5135249714969066,2.8090235177913314e-06,9.15129032996731e-07,0.010877728535226814,0.02118247239957705,0.09199430876204244,0.3027098006020575,0.103375,0.03835
0.1,0.04,0.0,0.001,0.0,1.0,0,unit_total_var,0.2643037974683544,0.5003385926439798,1.0,0.5003389239252007,0.5003385926439798,2.875523909207089e-06,8.630502421613785e-07,0.010468893851026964,0.020923618535410863,0.09087012071377536,0.3027098006020575,0.103375,0.03835
0.1,0.04,0.0,0.001,0.0,1.0,0,unit_total_var,0.2705063291139241,0.4873456482136858,1.0,0.4873460337733242,0.4873456482136858,3.4358849365645483e-06,9.511243599380491e-07,0.010073422992895991,0.02066997628853169,0.08976856643180367,0.3027098006020575,0.103375,0.03835
0.1,0.04,0.0,0.001,0.0,1.0,0,unit_total_var,0.2767088607594937,0.4745543321201244,1.0,0.4745547154862755,0.4745543321201244,3.5084230716186937e-06,8.967328597453417e-07,0.009691027164186551,0.020421322719552062,0.08868867770266968,0.3027098006020575,0.103375,0.03835
0.1,0.04,0.0,0.001,0.0,1.0,0,unit_total_var,0.2829113924050633,0.4619716922381139,1.0,0.4619721351340361,0.4619716922381139,4.1636136169920235e-06,9.835884333675438e-07,0.009321402650300974,0.020177432528693657,0.0876294760618683,0.3027098006020575,0.103375,0.03835
0.1,0.04,0.0,0.001,0.0,1.0,0,unit_total_var,0.2891139240506329,0.4496039288667696,1.0,0.44960436798111103,0.4496039288667696,4.2416186776250706e-06,9.270301077890508e-07,0.008964238972146293,0.019938079711048638,0.08658997998255602,0.3027098006020575,0.103375,0.03835
0.1,0.04,0.0,0.001,0.0,1.0,0,unit_total_var,0.2953164556962025,0.4374562418963567,1.0,0.4374566771193096,0.4374562418963567,4.320771192833917e-06,8.744708972496795e-07,0.008619218067816379,0.019703040538300208,0.08556921782499856,0.3027098006020575,0.103375,0.03835
0.1,0.04,0.0,0.001,0.0,1.0,0,unit_total_var,0.3015189873417722,0.4255329806138915,1.0,0.4255334792674701,0.4255329806138915,5.08920296482529e-06,9.556467848170769e-07,0.008286018684750408,0.019472095142418,0.08456623471447249,0.3027098006020575,0.103375,0.03835
0.1,0.04,0.0,0.001,0.0,1.0,0,unit_total_var,0.3077215189873418,0.4138378027054453,1.0,0.4138378027054453,0.4138378047696322,2.1662231119989883e-08,9.069757471724672e-07,0.00796432034683067,0.01924502859517497,0.08358009722954776,0.29807608841832905,0.103375,0.03835
0.1,0.04,0.0,0.001,0.0,1.0,0,unit_total_var,0.3139240506329114,0.4023734951498645,1.0,0.4023740553103895,0.4023734951498645,6.045986094438405e-06,9.766503406005709e-07,0.007653801087362492,0.019021633332264653,0.08260990392989502,0.29807608841832905,0.103375,0.03835
0.1,0.04,0.0,0.001,0.0,1.0,0,unit_total_var,0.320126582278481,0.3911422918313515,1.0,0.3911428443282343,0.3911422918313515,6.13449844255598e-06,9.206563928998436e-07,0.007354143509607133,0.018801708900294558,0.08165478425749183,0.29807608841832905,0.103375,0.03835
0.1,0.04,0.0,0.001,0.0,1.0,0,unit_total_var,0.3263291139240506,0.3801456451487706,1.0,0.3801462296956329,0.3801456451487706,6.6781057412867995e-06,9.958554498812333e-07,0.007065031215902292,0.0185850641880624,0.08071390822693238,0.29807608841832905,0.103375,0.03835
0.1,0.04,0.0,0.001,0.0,1.0,0,unit_total_var,0.3325316455696203,0.3693845712363337,1.0,0.36938518612610255,0.3693845712363337,7.229403501618492e-06,9.385438939357727e-07,0.006786154696629126,0.01837151636820076,0.07978648182904857,0.29807608841832905,0.103375,0.03835
0.1,0.04,0.0,0.001,0.0,1.0,0,unit_total_var,0.3387341772151899,0.3588594172186895,1.0,0.3588600223993789,0.3588594172186895,7.323938001846387e-06,8.852311295104442e-07,0.006517207411858275,0.01816089281526832,0.0788717553610744,0.29807608841832905,0.103375,0.03835
0.1,0.04,0.0,0.001,0.0,1.0,0,unit_total_var,0.3449367088607595,0.3485700236153314,1.0,0.3485707029793973,0.3485700236153314,8.464404783303792e-06,9.531018057007401e-07,0.006257888316631001,0.017953030647113153,0.07796902143481207,0.29807608841832905,0.103375,0.03835
0.1,0.04,0.0,0.001,0.0,1.0,0,unit_total_var,0.3511392405063291,0.3385158911702022,1.0,0.3385165586672915,0.3385158911702022,8.56355711231771e-06,8.988698559919683e-07,0.006007904161368438,0.017747775859502348,0.0770776112183761,0.29807608841832905,0.103375,0.03835
0.1,0.04,0.0,0.001,0.0,1.0,0,unit_total_var,0.3573417721518987,0.3286959203944608,1.0,0.3286966660589177,0.3286959203944608,9.852193823434165e-06,9.645426448656735e-07,0.0057669650596346425,0.017544985203083244,0.07619690258773255,0.29807608841832905,0.103375,0.03835
0.1,0.04,0.0,0.001,0.0,1.0,0,unit_total_var,0.3635443037974684,0.31910879780599105,1.0,0.3191095293961693,0.31910879780599105,9.956642231578883e-06,9.096893643922855e-07,0.005534790061784839,0.01734452356011141,0.07532630873397328,0.29807608841832905,0.103375,0.03835
0.1,0.04,0.0,0.001,0.0,1.0,0,unit_total_var,0.369746835443038,0.30975266737601825,1.0,0.3097534809888393,0.30975266737601825,1.1407394729268104e-05,9.731537249368929e-07,0.005311101701576682,0.017146266234180228,0.07446528810748522,0.29807608841832905,0.103375,0.03835
0.1,0.04,0.0,0.001,0.0,1.0,0,unit_total_var,0.3759493670886076,0.3006255376738197,1.0,0.30062633500804403,0.3006255376738197,1.1518562174295255e-05,9.179787240354288e-07,0.005095631660617153,0.016950095790417983,0.07361333069510062,0.29807608841832905,0.103375,0.03835
0.1,0.04,0.0,0.001,0.0,1.0,0,unit_total_var,0.3821518987341772,0.29172492565078145,1.0,0.2917258087758948,0.29172492565078145,1.3147172192695676e-05,9.792812046827135e-07,0.004888115035874782,0.016755904641916862,0.07276996925281577,0.29807608841832905,0.103375,0.03835
0.1,0.04,0.0,0.001,0.0,1.0,0,unit_total_var,0.3883544303797468,0.28304828455430514,1.0,0.2830491492533406,0.28304828455430514,1.3267469420874535e-05,9.240781909669592e-07,0.00468829613012929,0.016563591393996956,0.07193476342913067,0.29807608841832905,0.103375,0.03835
0.1,0.04,0.0,0.001,0.0,1.0,0,unit_total_var,0.3945569620253165,0.274592620758698,1.0,0.27459357498430725,0.274592620758698,1.5091964066016315e-05,9.833152738725204e-07,0.004495922505965096,0.016373063826489162,0.07110731271693982,0.29807608841832905,0.103375,0.03835
0.1,0.04,0.0,0.001,0.0,1.0,0,unit_total_var,0.4007594936708861,0.26635493926840714,1.0,0.2663558759847589,0.26635493926840714,1.527323009220538e-05,9.344351497020399e-07,0.004310750876512271,0.01618423479719408,0.07028723866247982,0.29807608841832905,0.103375,0.03835
0.1,0.04,0.0,0.001,0.0,1.0,0,unit_total_var,0.4069620253164557,0.2583318490090535,1.0,0.2583318893007848,0.2583318490090535,6.773642224899845e-07,9.856747656966649e-07,0.004132541182142708,0.015997025523546187,0.06947419911741587,0.2987812148244235,0.103375,0.03835
0.1,0.04,0.0,0.001,0.0,1.0,0,unit_total_var,0.4131645569620253,0.2505200020359224,1.0,0.2505210067244629,0.2505200020359224,1.741696514123703e-05,9.312411368700424e-07,0.003961062272834472,0.015811361331006576,0.0686678697743461,0.2987812148244235,0.103375,0.03835
0.1,0.04,0.0,0.001,0.0,1.0,0,unit_total_var,0.4193670886075949,0.2429156878399039,1.0,0.2429167897299354,0.2429156878399039,1.969999052953142e-05,9.867956984876969e-07,0.0037960860378214592,0.015627175303405304,0.06786796002003698,0.2987812148244235,0.103375,0.03835
0.1,0.04,0.0,0.001,0.0,1.0,0,unit_total_var,0.4255696202531646,0.2355153074085263,1.0,0.2355163852986248,0.2355153074085263,1.9876442673982805e-05,9.331196468842506e-07,0.0036373934041119033,0.015444403355924794,0.06707419153766203,0.2987812148244235,0.103375,0.03835
0.1,0.04,0.0,0.001,0.0,1.0,0,unit_total_var,0.4317721518987342,0.2283149156340856,1.0,0.22831609476097897,0.2283149156340856,2.242897620163831e-05,9.87118470630044e-07,0.0034847680037531532,0.015262988815580062,0.06628631819957469,0.2987812148244235,0.103375,0.03835
0.1,0.04,0.0,0.001,0.0,1.0,0,unit_total_var,0.4379746835443038,0.2213107301331499,1.0,0.22131188385779665,0.2213107301331499,2.264033656995679e-05,9.344171174596737e-07,0.003338002473773269,0.015082876784894188,0.06550410158906204,0.2987812148244235,0.103375,0.03835
0.1,0.04,0.0,0.001,0.0,1.0,0,unit_total_var,0.4441772151898734,0.21449864569641364,1.0,0.21449990500540475,0.21449864569641364,2.549709993004967e-05,9.870800991018669e-07,0.003196891981033325,0.014904019420047912,0.0647273339230571,0.2987812148244235,0.103375,0.03835
0.1,0.04,0.0,0.001,0.0,1.0,0,unit_total_var,0.450379746835443,0.20787476316967995,1.0,0.20787599597998246,0.20787476316967995,2.575594631348821e-05,9.35545537594784e-07,0.003061240617396671,0.014726369717606854,0.06395581106823803,0.2987812148244235,0.103375,0.03835
0.1,0.04,0.0,0.001,0.0,1.0,0,unit_total_var,0.4565822784810127,0.2014348790437021,1.0,0.20143622216585544,0.2014348790437021,2.895767593980025e-05,9.871080373091699e-07,0.0029308548300229103,0.014549887506756209,0.06318935856497282,0.2987812148244235,0.103375,0.03835
0.1,0.04,0.0,0.001,0.0,1.0,0,unit_total_var,0.4627848101265823,0.19517503468003328,1.0,0.19517635055839666,0.19517503468003328,2.928021949788473e-05,9.369078099452645e-07,0.002805549898952312,0.01437453260121964,0.06242780188648085,0.2987812148244235,0.103375,0.03835
0.1,0.04,0.0,0.001,0.0,1.0,0,unit_total_var,0.4689873417721519,0.1890909809859879,1.0,0.18909241239099525,0.1890909809859879,3.287565276366422e-05,9.876166831013222e-07,0.0026851432794248163,0.014200271559349475,0.06167099579753161,0.2987812148244235,0.103375,0.03835
0.1,0.04,0.0,0.001,0.0,1.0,0,unit_total_var,0.4751898734177215,0.18317874851167432,1.0,0.1831801523258204,0.18317874851167432,3.328259451951254e-05,9.388953661204624e-07,0.0025694611523899066,0.014027070133772369,0.06091879156367248,0.2987812148244235,0.103375,0.03835
0.1,0.04,0.0,0.001,0.0,1.0,0,unit_total_var,0.4813924050632911,0.17743408692080187,1.0,0.17743561208120012,0.17743408692080187,3.7330250896694395e-05,9.890061812845021e-07,0.00245833168305922,0.01385490085767174,0.060171069898034675,0.2987812148244235,0.103375,0.03835
0.1,0.04,0.0,0.001,0.0,1.0,0,unit_total_var,0.4875949367088608,0.1718530567561767,1.0,0.17185455442676606,0.1718530567561767,3.784787135963086e-05,9.418878533229423e-07,0.002351591638772221,0.013683734715924396,0.059427704789539265,0.2987812148244235,0.103375,0.03835
0.1,0.04,0.0,0.001,0.0,1.0,0,unit_total_var,0.4937974683544304,0.16643144313966515,1.0,0.16643306871302485,0.16643144313966515,4.2418312252046064e-05,9.916657770503434e-07,0.0022490795657694315,0.013513549623445007,0.05868860032387933,0.2987812148244235,0.103375,0.03835
0.1,0.04,0.0,0.001,0.0,1.0,0,unit_total_var,0.5,0.16116534361125318,1.0,0.16116696899993962,0.16116534361125318,4.379935302001314e-05,9.834953258458514e-07,0.0021506421999206667,0.013344321748900493,0.057953653002890335,0.2987812148244235,0.103375,0.03835
0.1,0.04,0.0,0.001,0.0,10.0,0,unit_total_var,0.01,0.9395566126447636,0.9999875,0.9395566126447764,0.9395566126447636,5.956346527113965e-14,8.91175659489818e-07,0.032099747302386065,0.034164782483972186,0.14837576508213993,0.4429199576304669,0.103375,0.03835
0.1,0.04,0.0,0.001,0.0,10.0,0,unit_total_var,0.016202531645569618,0.9339859282088142,0.9999875,0.933985928212544,0.9339859282088142,1.7342627334215877e-11,8.166471161530353e-07,0.031698445604294516,0.0339388899199856,0.14739472614171642,0.4429199576304669,0.103375,0.03835
0.1,0.04,0.0,0.001,0.0,10.0,0,unit_total_var,0.02240506329113924,0.9283707229190582,0.9999875,0.9283707229275476,0.9283707229190582,3.9713288213505393e-11,9.412960935151206e-07,0.031299497384694334,0.033714438221705154,0.14641994480154627,0.4429199576304669,0.103375,0.03835
0.1,0.04,0.0,0.001,0.0,10.0,0,unit_total_var,0.028607594936708863,0.9227283863573386,0.9999875,0.9227283863702408,0.9227283863573386,6.07255357110148e-11,9.255086297343952e-07,0.030902985090645638,0.033490879382871895,0.14544904110068646,0.4429199576304669,0.103375,0.03835
0.1,0.04,0.0,0.001,0.0,10.0,0,unit_total_var,0.03481012658227848,0.9170671331591088,0.9999875,0.9170671331787918,0.9170671331591088,9.321321492450352e-11,9.817658792599104e-07,0.030508947098422813,0.033267953888311025,0.14448088797905306,0.4429199576304669,0.103375,0.03835
0.1,0.04,0.0,0.001,0.0,10.0,0,unit_total_var,0.0410126582278481,0.9113916221481444,0.9999875,0.911391622174056,0.9113916221481444,1.2347450839556018e-10,8.331367098435294e-07,0.030117404829316644,0.03304551424153989,0.14351484486756094,0.4429199576304669,0.103375,0.03835
0.1,0.04,0.0,0.001,0.0,10.0,0,unit_total_var,0.047215189873417725,0.9057047987421184,0.9999875,0.9057047987813944,0.9057047987421184,1.8833234971538102e-10,9.661293915996794e-07,0.0297283715987826,0.03282346702818692,0.14255050607274905,0.4429199576304669,0.103375,0.03835
0.1,0.04,0.0,0.001,0.0,10.0,0,unit_total_var,0.05341772151898734,0.9000086656623576,0.9999875,0.9000086657076254,0.9000086656623576,2.1843732378457048e-10,8.782458280620632e-07,0.029341856304023483,0.03260174865364154,0.14158759540673288,0.4429199576304669,0.103375,0.03835
0.1,0.04,0.0,0.001,0.0,10.0,0,unit_total_var,0.05962025316455696,0.8943046578072049,0.9999875,0.8943046578671267,0.8943046578072049,2.9099339604599095e-10,8.178408279491123e-07,0.02895786520704805,0.032380313525428174,0.14062591486390685,0.4429199576304669,0.103375,0.03835
0.1,0.04,0.0,0.001,0.0,10.0,0,unit_total_var,0.06582278481012659,0.8885938447150489,0.9999875,0.8885938447839737,0.8885938447150489,3.3686586853320927e-10,7.765563623252092e-07,0.02857640289554578,0.03215912766614939,0.13966531688230874,0.4429199576304669,0.103375,0.03835
0.1,0.04,0.0,0.001,0.0,10.0,0,unit_total_var,0.0720253164556962,0.8828770486336817,1.0,0.882877048724057,0.8828770486336817,4.4456383019308977e-10,9.756029157870216e-07,0.0281974728390614,0.03193816498310733,0.13870568814279174,0.4429199576304669,0.103375,0.03835
0.1,0.04,0.0,0.001,0.0,10.0,0,unit_total_var,0.07822784810126583,0.877154917664558,1.0,0.8771549177685162,0.877154917664558,5.147148263162649e-10,9.521072570350952e-07,0.02782107773530331,0.031717404958952373,0.13774693953963849,0.4429199576304669,0.103375,0.03835
0.1,0.04,0.0,0.001,0.0,10.0,0,unit_total_var,0.08443037974683544,0.8714279731543181,1.0,0.871427973273876,0.8714279731543181,5.958425974839088e-10,9.398179372510641e-07,0.02744721972762841,0.03149683114747555,0.13678899964787095,0.4429199576304669,0.103375,0.03835
0.1,0.04,0.0,0.001,0.0,10.0,0,unit_total_var,0.09063291139240506,0.8656966417560669,1.0,0.8656966418935356,0.8656966417560669,6.896400117639699e-10,9.368006885779323e-07,0.02707590055669088,0.03127643016122527,0.13583181032652564,0.4429199576304669,0.103375,0.03835
0.1,0.04,0.0,0.001,0.0,10.0,0,unit_total_var,0.09683544303797467,0.8599612777371723,1.0,0.8599612778951979,0.8599612777371723,7.980549554531535e-10,9.417415185453136e-07,0.026707121662949092,0.03105619096388142,0.1348753236454733,0.4429199576304669,0.103375,0.03835
0.1,0.04,0.0,0.001,0.0,10.0,0,unit_total_var,0.1030379746835443,0.8542221789434118,1.0,0.854222179146258,0.8542221789434118,1.031288832109567e-09,9.273469459003536e-07,0.02634088426030805,0.0308361043644279,0.13391949968863814,0.4429199576304669,0.103375,0.03835
0.1,0.04,0.0,0.001,0.0,10.0,0,unit_total_var,0.10924050632911393,0.8484795986038786,1.0,0.8484795986038786,0.8484795986268678,1.1767053997857602e-10,9.287150533054956e-07,0.02597718938902491,0.030616162641704987,0.1329643049234496,0.3967450784618581,0.103375,0.03835
0.1,0.04,0.0,0.001,0.0,10.0,0,unit_total_var,0.11544303797468355,0.8427337540056579,1.0,0.8427337542453557,0.8427337540056579,1.2352590061937008e-09,9.96857011159591e-07,0.02561603795560841,0.030396359269877337,0.13200971100856485,0.3967450784618581,0.103375,0.03835
0.1,0.04,0.0,0.001,0.0,10.0,0,unit_total_var,0.12164556962025315,0.8369848331919182,1.0,0.8369848334343564,0.8369848331919182,1.2579626229580754e-09,8.017794925763155e-07,0.02525743076660444,0.030176688710454782,0.13105569389062666,0.3967450784618581,0.103375,0.03835
0.1,0.04,0.0,0.001,0.0,10.0,0,unit_total_var,0.12784810126582274,0.8312330001309871,1.0,0.8312330004095455,0.8312330001309871,1.45538470164297e-09,8.318213531310904e-07,0.02490136854065912,0.02995714623545398,0.13010223303626434,0.3967450784618581,0.103375,0.03835
0.1,0.04,0.0,0.001,0.0,10.0,0,unit_total_var,0.1340506329113924,0.8254783988656632,1.0,0.8254783991856545,0.8254783988656632,1.6835138838544596e-09,8.66595541992865e-07,0.0245478519402036,0.029737727812061705,0.12914931093119258,0.3967450784618581,0.103375,0.03835
0.1,0.04,0.0,0.001,0.0,10.0,0,unit_total_var,0.14025316455696205,0.8197211566439875,1.0,0.8197211570114945,0.8197211566439875,1.947080163766657e-09,9.062353001354496e-07,0.024196881577226333,0.02951842999428068,0.12819691260963534,0.3967450784618581,0.103375,0.03835
0.1,0.04,0.0,0.001,0.0,10.0,0,unit_total_var,0.14645569620253165,0.8139613865414667,1.0,0.8139613869167144,0.8139613865414667,2.0021588831298227e-09,9.509392384643435e-07,0.0238484580263331,0.02929924984238568,0.1272450253045282,0.3967450784618581,0.103375,0.03835
0.1,0.04,0.0,0.001,0.0,10.0,0,unit_total_var,0.15265822784810126,0.8081991896172699,1.0,0.8081991899985912,0.8081991896172699,2.0490709129461493e-09,7.889212838563253e-07,0.023502581836885705,0.029080184858902874,0.1262936381694801,0.3967450784618581,0.103375,0.03835
0.1,0.04,0.0,0.001,0.0,10.0,0,unit_total_var,0.1588607594936709,0.8024346564482028,1.0,0.8024346568867021,0.8024346564482028,2.373250485021572e-09,8.344330808540691e-07,0.02315925352767328,0.02886123292603354,0.12534274200700807,0.3967450784618581,0.103375,0.03835
0.1,0.04,0.0,0.001,0.0,10.0,0,unit_total_var,0.1650632911392405,0.7966678688356224,1.0,0.7966678693397589,0.7966678688356224,2.7482431885772485e-09,8.848748507261918e-07,0.022818473610874773,0.028642392273489494,0.12439232912884822,0.3967450784618581,0.103375,0.03835
0.1,0.04,0.0,0.001,0.0,10.0,0,unit_total_var,0.17126582278481015,0.7908989008146557,1.0,0.7908989013941226,0.7908989008146557,3.181939600693795e-09,9.406154504176813e-07,0.022480242585052337,0.028423661433714012,0.12344239316148264,0.3967450784618581,0.103375,0.03835
0.1,0.04,0.0,0.001,0.0,10.0,0,unit_total_var,0.17746835443037975,0.7851278197634272,1.0,0.7851278202916456,0.7851278197634272,2.921847430670255e-09,7.960093739711738e-07,0.0221445609461086,0.028205039216138268,0.12249292893433668,0.3967450784618581,0.103375,0.03835
0.1,0.04,0.0,0.001,0.0,10.0,0,unit_total_var,0.18367088607594936,0.7793546869878774,1.0,0.7793546875959125,0.7793546869878774,3.388268998705257e-09,8.514037972418009e-07,0.021811429174038832,0.027986524669964683,0.12154393231814885,0.3967450784618581,0.103375,0.03835
0.1,0.04,0.0,0.001,0.0,10.0,0,unit_total_var,0.18987341772151897,0.7735795588141872,1.0,0.7735795595139382,0.7735795588141872,3.9284648867266014e-09,9.123624522544559e-07,0.021480847759357963,0.027768117079367702,0.12059540020412833,0.3967450784618581,0.103375,0.03835
0.1,0.04,0.0,0.001,0.0,10.0,0,unit_total_var,0.1960759493670886,0.7678024869598207,1.0,0.7678024876817361,0.7678024869598207,4.083392290965549e-09,9.793834578886162e-07,0.021152817189819983,0.027549815934533324,0.119647330378181,0.3967450784618581,0.103375,0.03835
0.1,0.04,0.0,0.001,0.0,10.0,0,unit_total_var,0.20227848101265825,0.7620235189763283,1.0,0.7620235199506622,0.7620235189763283,5.552950099740883e-09,9.936200626725622e-07,0.020827337957504,0.027331620926192155,0.11869972149716695,0.3967450784618581,0.103375,0.03835
0.1,0.04,0.0,0.001,0.0,10.0,0,unit_total_var,0.20848101265822785,0.7562426993924308,1.0,0.7562426993924308,0.7562426995241763,7.565870152603793e-10,8.519107836946205e-07,0.020504410560231414,0.02711353190808289,0.11775257292588147,0.3511276704385107,0.103375,0.03835
0.1,0.04,0.0,0.001,0.0,10.0,0,unit_total_var,0.21468354430379746,0.7504600689362464,1.0,0.7504600698198849,0.7504600689362464,5.113654166777337e-09,9.826058544604166e-07,0.02018403548586879,0.02689554890572529,0.11680588477515536,0.3511276704385107,0.103375,0.03835
0.1,0.04,0.0,0.001,0.0,10.0,0,unit_total_var,0.2208860759493671,0.744675665683568,1.0,0.7446756665933089,0.744675665683568,5.305604178218459e-09,8.559028401577963e-07,0.019866213256110172,0.0266776721351223,0.11585965798307755,0.3511276704385107,0.103375,0.03835
0.1,0.04,0.0,0.001,0.0,10.0,0,unit_total_var,0.2270886075949367,0.7388895251663109,1.0,0.7388895262157941,0.7388895251663109,6.1685092589414126e-09,9.287809916713742e-07,0.019550944370060462,0.02645990192601512,0.11491389398169588,0.3511276704385107,0.103375,0.03835
0.1,0.04,0.0,0.001,0.0,10.0,0,unit_total_var,0.23329113924050635,0.7331016809366429,1.0,0.7331016819133834,0.7331016809366429,5.7862785673989955e-09,8.15581415736233e-07,0.01923822936100901,0.026242238779795733,0.11396859494852808,0.3511276704385107,0.103375,0.03835
0.1,0.04,0.0,0.001,0.0,10.0,0,unit_total_var,0.23949367088607595,0.7273121640968315,1.0,0.7273121652252009,0.7273121640968315,6.737748803331556e-09,8.886335081115248e-07,0.01892806874467936,0.026024683319003785,0.11302376358722944,0.3511276704385107,0.103375,0.03835
0.1,0.04,0.0,0.001,0.0,10.0,0,unit_total_var,0.2456962025316456,0.7215210042430925,1.0,0.7215210055463159,0.7215210042430925,7.844300986548092e-09,9.69163522768213e-07,0.018620463063933144,0.02580723631665697,0.1120794032549732,0.3511276704385107,0.103375,0.03835
0.1,0.04,0.0,0.001,0.0,10.0,0,unit_total_var,0.2518987341772152,0.7157282293750971,1.0,0.7157282305963005,0.7157282293750971,7.410102975669019e-09,8.600746355114097e-07,0.018315412872248246,0.02558989868017285,0.11113551789262374,0.3511276704385107,0.103375,0.03835
0.1,0.04,0.0,0.001,0.0,10.0,0,unit_total_var,0.2581012658227848,0.7099338656213872,1.0,0.7099338670338058,0.7099338656213872,8.640320459107897e-09,9.414430337528757e-07,0.018012918708201382,0.025372671428253567,0.11019211192434823,0.3511276704385107,0.103375,0.03835
0.1,0.04,0.0,0.001,0.0,10.0,0,unit_total_var,0.2643037974683544,0.7041379383151112,1.0,0.7041379396454712,0.7041379383151112,8.20532464196333e-09,8.416245691478251e-07,0.01771298115014609,0.025155555731779498,0.10924919043521553,0.3511276704385107,0.103375,0.03835
0.1,0.04,0.0,0.001,0.0,10.0,0,unit_total_var,0.2705063291139241,0.6983404710461764,1.0,0.6983404725869795,0.6983404710461764,9.58217860613786e-09,9.243928502655764e-07,0.017415600753051274,0.024938552862275257,0.1083067589473869,0.3511276704385107,0.103375,0.03835
0.1,0.04,0.0,0.001,0.0,10.0,0,unit_total_var,0.2767088607594937,0.6925414868949786,1.0,0.6925414883537208,0.6925414868949786,9.147808288645365e-09,8.322683697770117e-07,0.017120778113295872,0.02472166424289925,0.10736482364156076,0.3511276704385107,0.103375,0.03835
0.1,0.04,0.0,0.001,0.0,10.0,0,unit_total_var,0.2829113924050633,0.6867410073818448,1.0,0.6867410090736632,0.6867410073818448,1.0699046093520792e-08,9.170465204988432e-07,0.016828513801745017,0.02450489139406809,0.10642339112082254,0.3511276704385107,0.103375,0.03835
0.1,0.04,0.0,0.001,0.0,10.0,0,unit_total_var,0.2891139240506329,0.6809390537627205,1.0,0.6809390553726237,0.6809390537627205,1.0267763084215176e-08,8.313604382692573e-07,0.01653880843239369,0.024288235989702527,0.10548246865491773,0.3511276704385107,0.103375,0.03835
0.1,0.04,0.0,0.001,0.0,10.0,0,unit_total_var,0.2953164556962025,0.6751356458682872,1.0,0.6751356477379654,0.6751356458682872,1.202707800018743e-08,9.188132423787464e-07,0.016251662591082933,0.024071699799203733,0.10454206392825792,0.3511276704385107,0.103375,0.03835
0.1,0.04,0.0,0.001,0.0,10.0,0,unit_total_var,0.3015189873417722,0.6693308028896806,1.0,0.6693308052689058,0.6693308028896806,1.5437573441801078e-08,9.017221316298674e-07,0.015967076904902632,0.023855284764974918,0.10360218537659316,0.3511276704385107,0.103375,0.03835
0.1,0.04,0.0,0.001,0.0,10.0,0,unit_total_var,0.3077215189873418,0.6635245446139278,1.0,0.6635245446139278,0.6635245450511893,2.861992642877453e-09,8.492025074247067e-07,0.01568505198964654,0.023638992885746068,0.10266284168029742,0.30587622628528555,0.103375,0.03835
0.1,0.04,0.0,0.001,0.0,10.0,0,unit_total_var,0.3139240506329114,0.6577168891780784,1.0,0.6577168911770769,0.6577168891780784,1.3199509707462198e-08,8.537987810086635e-07,0.015405588465950247,0.023422826324563408,0.10172404223336112,0.30587622628528555,0.103375,0.03835
0.1,0.04,0.0,0.001,0.0,10.0,0,unit_total_var,0.320126582278481,0.6519078531880258,1.0,0.6519078555158321,0.6519078531880258,1.550761252744337e-08,9.488709622473835e-07,0.015128686964056644,0.023206787416462017,0.10078579717671274,0.30587622628528555,0.103375,0.03835
0.1,0.04,0.0,0.001,0.0,10.0,0,unit_total_var,0.3263291139240506,0.6460974547376371,1.0,0.6460974569865404,0.6460974547376371,1.5116703222517458e-08,8.77245071251309e-07,0.014854348140407585,0.0229908785918984,0.09984811706569076,0.30587622628528555,0.103375,0.03835
0.1,0.04,0.0,0.001,0.0,10.0,0,unit_total_var,0.3325316455696203,0.6402857102395292,1.0,0.6402857128618185,0.6402857102395292,1.7786524697527284e-08,9.774402371931499e-07,0.014582572617051981,0.02277510240170233,0.09891101297840817,0.30587622628528555,0.103375,0.03835
0.1,0.04,0.0,0.001,0.0,10.0,0,unit_total_var,0.3387341772151899,0.6344726366126648,1.0,0.6344726391587613,0.6344726366126648,1.7427948639792135e-08,9.093124617720604e-07,0.014313361068616238,0.022559461579040967,0.09797449678485913,0.30587622628528555,0.103375,0.03835
0.1,0.04,0.0,0.001,0.0,10.0,0,unit_total_var,0.3449367088607595,0.6286582497744855,1.0,0.628658252255031,0.6286582497744855,1.713629371735692e-08,8.493222480865371e-07,0.014046714138351369,0.022343958968788297,0.09703858084017428,0.30587622628528555,0.103375,0.03835
0.1,0.04,0.0,0.001,0.0,10.0,0,unit_total_var,0.3511392405063291,0.6228425653468836,1.0,0.6228425682476174,0.6228425653468836,2.0226181174365362e-08,9.506582898666237e-07,0.01378263247396151,0.022128597563471696,0.096103278140735,0.30587622628528555,0.103375,0.03835
0.1,0.04,0.0,0.001,0.0,10.0,0,unit_total_var,0.3573417721518987,0.6170255994151597,1.0,0.6170256022552503,0.6170255994151597,1.999002430252972e-08,8.93325307060877e-07,0.013521116764762186,0.021913380543008287,0.09516860249674583,0.30587622628528555,0.103375,0.03835
0.1,0.04,0.0,0.001,0.0,10.0,0,unit_total_var,0.3635443037974684,0.6112073671201731,1.0,0.6112073699102957,0.6112073671201731,1.9825265429318503e-08,8.427326747550977e-07,0.013262167665458449,0.021698311209738568,0.09423456825008933,0.30587622628528555,0.103375,0.03835
0.1,0.04,0.0,0.001,0.0,10.0,0,unit_total_var,0.369746835443038,0.6053878833971741,1.0,0.6053878866692088,0.6053878833971741,2.3472993770923267e-08,9.473659758896248e-07,0.013005785833332931,0.021483393027871826,0.09330119044563526,0.30587622628528555,0.103375,0.03835
0.1,0.04,0.0,0.001,0.0,10.0,0,unit_total_var,0.3759493670886076,0.5995671638026128,1.0,0.59956716703291,0.5995671638026128,2.3398550652586888e-08,8.989790387659014e-07,0.012751971968312662,0.02126862966850336,0.09236848502674797,0.30587622628528555,0.103375,0.03835
0.1,0.04,0.0,0.001,0.0,10.0,0,unit_total_var,0.3821518987341772,0.5937452229647948,1.0,0.5937452261645911,0.5937452229647948,2.3404885141076196e-08,8.563256699289924e-07,0.012500726731517794,0.021054024938671388,0.09143646852718433,0.30587622628528555,0.103375,0.03835
0.1,0.04,0.0,0.001,0.0,10.0,0,unit_total_var,0.3883544303797468,0.5879220753742068,1.0,0.5879220791372044,0.5879220753742068,2.7797035340171302e-08,9.666032667610123e-07,0.012252050784566143,0.02083958282527124,0.09050515826181076,0.30587622628528555,0.103375,0.03835
0.1,0.04,0.0,0.001,0.0,10.0,0,unit_total_var,0.3945569620253165,0.5820977363040157,1.0,0.5820977400496792,0.5820977363040157,2.7945838976251025e-08,9.260241142783344e-07,0.012005944833543407,0.020625307546760483,0.08957457255115572,0.30587622628528555,0.103375,0.03835
0.1,0.04,0.0,0.001,0.0,10.0,0,unit_total_var,0.4007594936708861,0.5762722187789354,1.0,0.5762722238170073,0.5762722187789354,3.796828540458819e-08,8.739108352529001e-07,0.0117624095418291,0.02041120352244725,0.08864473058803056,0.30587622628528555,0.103375,0.03835
0.1,0.04,0.0,0.001,0.0,10.0,0,unit_total_var,0.4069620253164557,0.5704455396832057,1.0,0.5704455396832057,0.5704455412552151,1.1968101620851712e-08,9.086703585126087e-07,0.011521445575836654,0.02019727524249736,0.08771565187297764,0.300692350149837,0.103375,0.03835
0.1,0.04,0.0,0.001,0.0,10.0,0,unit_total_var,0.4131645569620253,0.5646177140420857,1.0,0.5646177184691229,0.5646177140420857,3.405202786410655e-08,9.757684438227443e-07,0.01128305361596888,0.019983527500746917,0.08678735722536267,0.300692350149837,0.103375,0.03835
0.1,0.04,0.0,0.001,0.0,10.0,0,unit_total_var,0.4193670886075949,0.5587887536050588,1.0,0.5587887580624424,0.5587887536050588,3.464309372702701e-08,9.470217889884224e-07,0.011047234348834523,0.01976996544322454,0.08585986899410393,0.300692350149837,0.103375,0.03835
0.1,0.04,0.0,0.001,0.0,10.0,0,unit_total_var,0.4255696202531646,0.5529586741205867,1.0,0.5529586786233021,0.5529586741205867,3.5364386530289955e-08,9.224754080605637e-07,0.010813988434577777,0.019556594264076074,0.08493320973709023,0.300692350149837,0.103375,0.03835
0.1,0.04,0.0,0.001,0.0,10.0,0,unit_total_var,0.4317721518987342,0.5471274901061332,1.0,0.5471274946695719,0.5471274901061332,3.622329902697175e-08,9.018223465773192e-07,0.010583316540447151,0.01934341946224302,0.08400740333592109,0.300692350149837,0.103375,0.03835
0.1,0.04,0.0,0.001,0.0,10.0,0,unit_total_var,0.4379746835443038,0.5412952161029543,1.0,0.5412952207430701,0.5412952161029543,3.7228791605059535e-08,8.848070649492002e-07,0.010355219329649494,0.019130446790573397,0.08308247477489797,0.300692350149837,0.103375,0.03835
0.1,0.04,0.0,0.001,0.0,10.0,0,unit_total_var,0.4441772151898734,0.5354618666884841,1.0,0.5354618714219564,0.5354618666884841,3.839154638640707e-08,8.712198820148842e-07,0.010129697460589095,0.01891768226789949,0.08215845019347742,0.300692350149837,0.103375,0.03835
0.1,0.04,0.0,0.001,0.0,10.0,0,unit_total_var,0.450379746835443,0.5296274560952006,1.0,0.5296274617257998,0.5296274560952006,4.6170909762111017e-08,9.980336699300094e-07,0.0099067515680635,0.018705132171778424,0.08123535685474356,0.300692350149837,0.103375,0.03835
0.1,0.04,0.0,0.001,0.0,10.0,0,unit_total_var,0.4565822784810127,0.5237919997867644,1.0,0.523792005557798,0.5237919997867644,4.784968199444961e-08,9.879132676360314e-07,0.009686382334418594,0.01849280313246846,0.0803132235535422,0.300692350149837,0.103375,0.03835
0.1,0.04,0.0,0.001,0.0,10.0,0,unit_total_var,0.4627848101265823,0.5179555121272045,1.0,0.5179555180613089,0.5179555121272045,4.975618095315326e-08,9.813344661324663e-07,0.00946859038083443,0.018280702027762268,0.07939208015974739,0.300692350149837,0.103375,0.03835
0.1,0.04,0.0,0.001,0.0,10.0,0,unit_total_var,0.4689873417721519,0.5121180079473184,1.0,0.5121180140687763,0.5121180079473184,5.191216345679095e-08,9.782070122810185e-07,0.009253376338331532,0.018068836078272463,0.07847195803208122,0.300692350149837,0.103375,0.03835
0.1,0.04,0.0,0.001,0.0,10.0,0,unit_total_var,0.4751898734177215,0.5062795021651975,1.0,0.5062795085002203,0.5062795021651975,5.4342816913077734e-08,9.784777432741976e-07,0.00904074082887782,0.0178572128443151,0.0775528900045792,0.300692350149837,0.103375,0.03835
0.1,0.04,0.0,0.001,0.0,10.0,0,unit_total_var,0.4813924050632911,0.5004400097947052,1.0,0.5004400163717467,0.5004400097947052,5.7077227832991184e-08,9.821293929235253e-07,0.008830684464429823,0.017645840243773518,0.0766349104641717,0.300692350149837,0.103375,0.03835
0.1,0.04,0.0,0.001,0.0,10.0,0,unit_total_var,0.4875949367088608,0.4945995459534863,1.0,0.4945995528035974,0.4945995459534863,6.014897246942041e-08,9.891798811167973e-07,0.008623207845929027,0.017434726571180434,0.07571805543355664,0.300692350149837,0.103375,0.03835
0.1,0.04,0.0,0.001,0.0,10.0,0,unit_total_var,0.4937974683544304,0.4887581258705601,1.0,0.4887581330277871,0.4887581258705601,6.35967776219104e-08,9.996822569746657e-07,0.008418311562248941,0.01722388051810805,0.07480236265975247,0.300692350149837,0.103375,0.03835
0.1,0.04,0.0,0.001,0.0,10.0,0,unit_total_var,0.5,0.4829157614461832,1.0,0.4829157719179288,0.4829157614461832,9.417421464874565e-08,9.966305896114136e-07,0.00821599618998098,0.017013311318265147,0.07388787224424692,0.300692350149837,0.103375,0.03835
0.1,0.01,1.0,0.001,0.0,1.0,0,unit_total_var,0.01,0.9340818151957774,0.9999875,0.9340818152118614,0.9340818151957774,7.47815143142816e-11,9.493540176208626e-07,0.06247893330808614,0.06688807371224861,0.2904912131836752,0.8640834127222411,0.101325,0.009675
0.1,0.01,1.0,0.001,0.0,1.0,0,unit_total_var,0.016202531645569618,0.9111513176962671,0.9999875,0.9111513189053356,0.9111513176962671,5.762948673826429e-09,7.900431455709621e-07,0.06025605777570633,0.06613177921759067,0.2872066679264376,0.8640834127222411,0.101325,0.009675
0.1,0.01,1.0,0.001,0.0,1.0,0,unit_total_var,0.02240506329113924,0.8870177729400704,0.9999875,0.887017775071556,0.8870177729400704,1.04360075026122e-08,8.294651721030276e-07,0.05788325091790478,0.0652560215631841,0.2834033007585046,0.8640834127222411,0.101325,0.009675
0.1,0.01,1.0,0.001,0.0,1.0,0,unit_total_var,0.028607594936708863,0.8613761919368855,0.9999875,0.8613761959074071,0.8613761919368855,2.001884447100366e-08,9.884692140360585e-07,0.05533748510689999,0.06424310960170426,0.2790042800032597,0.8640834127222411,0.101325,0.009675
0.1,0.01,1.0,0.001,0.0,1.0,0,unit_total_var,0.03481012658227848,0.8341258079693241,0.9999875,0.8341258137684372,0.8341258079693241,3.019356042965882e-08,9.807430316755017e-07,0.052635830059615474,0.06310298705150627,0.27405279068081523,0.8640834127222411,0.101325,0.009675
0.1,0.01,1.0,0.001,0.0,1.0,0,unit_total_var,0.0410126582278481,0.8053585544304888,0.9999875,0.8053585618973161,0.8053585544304888,4.026531896794694e-08,7.98212333563697e-07,0.04982471552945411,0.06186650064788569,0.268682798460407,0.8640834127222411,0.101325,0.009675
0.1,0.01,1.0,0.001,0.0,1.0,0,unit_total_var,0.047215189873417725,0.7753168863534158,0.9999875,0.7753168973452069,0.7753168863534158,6.15706210460587e-08,8.721461135507981e-07,0.04696395942502183,0.060573889530395275,0.2630690597046782,0.8640834127222411,0.101325,0.009675
0.1,0.01,1.0,0.001,0.0,1.0,0,unit_total_var,0.05341772151898734,0.7443368512748664,0.9999875,0.7443368672718235,0.7443368512748664,9.333664063859717e-08,9.724544334233087e-07,0.04411202874251873,0.05926352923003295,0.2573782372271537,0.8640834127222411,0.101325,0.009675
0.1,0.01,1.0,0.001,0.0,1.0,0,unit_total_var,0.05962025316455696,0.7127944554501907,0.9999875,0.7127944734816891,0.7127944554501907,1.0986308951466127e-07,8.632870045488518e-07,0.04131756126463386,0.057965604177628284,0.25174142034532043,0.8640834127222411,0.101325,0.009675
0.1,0.01,1.0,0.001,0.0,1.0,0,unit_total_var,0.06582278481012659,0.6810642137354502,0.9999875,0.6810642390986513,0.6810642137354502,1.6173362005211803e-07,9.788083001893708e-07,0.038616919158383126,0.056700849023589024,0.2462486585017409,0.8640834127222411,0.101325,0.009675
0.1,0.01,1.0,0.001,0.0,1.0,0,unit_total_var,0.0720253164556962,0.6494910224538598,0.9999875,0.6494910535609686,0.6494910224538598,2.0800357347638965e-07,8.811722391754984e-07,0.0360350607760563,0.055481999797181575,0.2409552635687329,0.8640834127222411,0.101325,0.009675
0.1,0.01,1.0,0.001,0.0,1.0,0,unit_total_var,0.07822784810126583,0.6183735761990452,0.9999875,0.6183736135642461,0.6183735761990452,2.624222754654681e-07,9.935963483087562e-07,0.03358752420629195,0.0543159111240559,0.23589100480724925,0.8640834127222411,0.101325,0.009675
0.1,0.01,1.0,0.001,0.0,1.0,0,unit_total_var,0.08443037974683544,0.5879570998623666,0.9999875,0.5879571438774653,0.5879570998623666,3.251174924834288e-07,8.929363746190687e-07,0.03128249734762798,0.053205407936992036,0.2310681507444712,0.8640834127222411,0.101325,0.009675
0.1,0.01,1.0,0.001,0.0,1.0,0,unit_total_var,0.09063291139240506,0.5584328113696806,0.9999875,0.5584328622691065,0.5584328113696806,3.958459875441634e-07,9.921771368937016e-07,0.029122643566526576,0.05215066696223816,0.2264874688927425,0.8640834127222411,0.101325,0.009675
0.1,0.01,1.0,0.001,0.0,1.0,0,unit_total_var,0.09683544303797467,0.5299418308455697,0.9999875,0.5299418885899829,0.5299418308455697,4.732232334880848e-07,8.846864121281328e-07,0.027106625640498185,0.0511501905732694,0.22214245514270625,0.8640834127222411,0.101325,0.009675
0.1,0.01,1.0,0.001,0.0,1.0,0,unit_total_var,0.1030379746835443,0.5025813551941261,0.9999875,0.5025814204494407,0.5025813551941261,5.638892277559647e-07,9.874034114787378e-07,0.0252303273971484,0.05020147909665886,0.21802225355060384,0.8640834127222411,0.101325,0.009675
0.1,0.01,1.0,0.001,0.0,1.0,0,unit_total_var,0.10924050632911393,0.4764117720949554,0.9999875,0.4764117720949554,0.476411772126173,2.845781388316482e-10,8.548865642055148e-07,0.023487808874347284,0.04930148718001418,0.21411363831904065,0.6339904788936875,0.101325,0.009675
0.1,0.01,1.0,0.001,0.0,1.0,0,unit_total_var,0.11544303797468355,0.4514635562769668,0.9999875,0.451463641134781,0.4514635562769668,8.163067977129401e-07,9.181089568599531e-07,0.021872022244063673,0.04844692764225133,0.21040233340195869,0.6339904788936875,0.101325,0.009675
0.1,0.01,1.0,0.001,0.0,1.0,0,unit_total_var,0.12164556962025315,0.4277436409738724,0.9999875,0.42774373177136266,0.4277436409738724,9.218803276311859e-07,9.783929266760085e-07,0.020375340472569482,0.04763446728554418,0.20687386290512808,0.6339904788936875,0.101325,0.009675
0.1,0.01,1.0,0.001,0.0,1.0,0,unit_total_var,0.12784810126582274,0.4052408505161485,0.9999875,0.40524094632327495,0.4052408505161485,1.0267597998492306e-06,8.52677422003012e-07,0.018989930381362163,0.04686084918925377,0.20351408220193384,0.6339904788936875,0.101325,0.009675
0.1,0.01,1.0,0.001,0.0,1.0,0,unit_total_var,0.1340506329113924,0.3839304145417163,0.9999875,0.3839305247248215,0.3839304145417163,1.246369287777327e-06,8.971331566520746e-07,0.01770800932138856,0.0461229656486735,0.20030949470232132,0.6339904788936875,0.101325,0.009675
0.1,0.01,1.0,0.001,0.0,1.0,0,unit_total_var,0.14025316455696205,0.3637777198517425,0.9999875,0.36377784507364186,0.3637777198517425,1.4949560558363828e-06,9.374474752021912e-07,0.016522019196784005,0.04541789751037405,0.19724742268402887,0.6339904788936875,0.101325,0.009675
0.1,0.01,1.0,0.001,0.0,1.0,0,unit_total_var,0.14645569620253165,0.34474122737877344,0.9999875,0.34474135590999033,0.34474122737877344,1.619196760671571e-06,9.735207457950423e-07,0.01542473374450904,0.04474293330620885,0.1943160903905172,0.6339904788936875,0.101325,0.009675
0.1,0.01,1.0,0.001,0.0,1.0,0,unit_total_var,0.15265822784810126,0.3267748189611282,0.9999875,0.3267749495477544,0.3267748189611282,1.7355388655104775e-06,8.373335349531884e-07,0.014409323288069298,0.04409557423634705,0.1915046456720072,0.6339904788936875,0.101325,0.009675
0.1,0.01,1.0,0.001,0.0,1.0,0,unit_total_var,0.1588607594936709,0.3098295581553029,0.9999875,0.30982970264107695,0.3098295581553029,2.0252864230130285e-06,8.623220046910519e-07,0.013469385152939035,0.04347353181256989,0.18880314975044574,0.6339904788936875,0.101325,0.009675
0.1,0.01,1.0,0.001,0.0,1.0,0,unit_total_var,0.1650632911392405,0.2938551574381531,0.9999875,0.2938553160454913,0.2938551574381531,2.344089304884278e-06,8.840255205644354e-07,0.01259895705079968,0.042874718145627065,0.18620253503803053,0.6339904788936875,0.101325,0.009675
0.1,0.01,1.0,0.001,0.0,1.0,0,unit_total_var,0.17126582278481015,0.2788009927476576,0.9999875,0.2788011656284304,0.2788009927476576,2.6930012548831432e-06,9.026248193322315e-07,0.011792511133294258,0.042297235089,0.18369455798917292,0.6339904788936875,0.101325,0.009675
0.1,0.01,1.0,0.001,0.0,1.0,0,unit_total_var,0.17746835443037975,0.2646169128515777,0.9999875,0.26461710009961203,0.2646169128515777,3.0731504798708893e-06,9.183373950172323e-07,0.011044940772498485,0.041739360698737855,0.18127174029631304,0.6339904788936875,0.101325,0.009675
0.1,0.01,1.0,0.001,0.0,1.0,0,unit_total_var,0.18367088607594936,0.25125382856051753,0.9999875,0.2512540302243693,0.25125382856051753,3.4857762516438133e-06,9.314050146702612e-07,0.010351540935145854,0.04119953512530282,0.1789273076189821,0.6339904788936875,0.101325,0.009675
0.1,0.01,1.0,0.001,0.0,1.0,0,unit_total_var,0.18987341772151897,0.23866413773548426,0.9999875,0.2386643538309577,0.23866413773548426,3.932263560990633e-06,9.420830016093619e-07,0.009707985144568792,0.0406763464200404,0.17665512794208632,0.6339904788936875,0.101325,0.009675
0.1,0.01,1.0,0.001,0.0,1.0,0,unit_total_var,0.1960759493670886,0.2268020215276204,0.9999875,0.22680225204962484,0.2268020215276204,4.4141750992210405e-06,9.506311662299538e-07,0.009110300792477974,0.04016851671389755,0.17444965155084247,0.6339904788936875,0.101325,0.009675
0.1,0.01,1.0,0.001,0.0,1.0,0,unit_total_var,0.20227848101265825,0.21562364613645588,0.9999875,0.2156238656545449,0.21562364613645588,4.4213817878002715e-06,9.09063204934668e-07,0.008554844195836003,0.03967488885899894,0.1723058530158804,0.6339904788936875,0.101325,0.009675
0.1,0.01,1.0,0.001,0.0,1.0,0,unit_total_var,0.20848101265822785,0.2050872501671471,0.9999875,0.20508725987129997,0.2050872501671471,2.0549595092234088e-07,9.623617300835718e-07,0.008038274840412675,0.0391944152250393,0.17021918253659368,0.506081778874,0.101325,0.009675
0.1,0.01,1.0,0.001,0.0,1.0,0,unit_total_var,0.21468354430379746,0.1951532626850375,0.9999875,0.19515351516198584,0.1951532626850375,5.618623693415259e-06,9.660314964632375e-07,0.00755753340210532,0.03872614425259497,0.16818550754291325,0.506081778874,0.101325,0.009675
0.1,0.01,1.0,0.001,0.0,1.0,0,unit_total_var,0.2208860759493671,0.1857842542259258,0.9999875,0.18578452018358124,0.1857842542259258,6.2170962751295625e-06,9.685405185644314e-07,0.0071098170686481315,0.03826921230903739,0.1662010773259894,0.506081778874,0.101325,0.009675
0.1,0.01,1.0,0.001,0.0,1.0,0,unit_total_var,0.2270886075949367,0.1769449440987525,0.9999875,0.17694522358103446,0.1769449440987525,6.859620522270404e-06,9.700962602110508e-07,0.006692559130347643,0.03782283333629778,0.16426247807900485,0.506081778874,0.101325,0.009675
0.1,0.01,1.0,0.001,0.0,1.0,0,unit_total_var,0.23329113924050635,0.16860214579142452,0.9999875,0.1686024388698067,0.16860214579142452,7.549264150696899e-06,9.70889329043878e-07,0.006303408844480966,0.03738629075503482,0.16236659773742174,0.506081778874,0.101325,0.009675
0.1,0.01,1.0,0.001,0.0,1.0,0,unit_total_var,0.23949367088607595,0.16072470001472933,0.9999875,0.16072500679160406,0.16072470001472933,8.289415174722592e-06,9.788022250489805e-07,0.005940212947509697,0.03695893006467156,0.16051059384135047,0.506081778874,0.101325,0.009675
0.1,0.01,1.0,0.001,0.0,1.0,0,unit_total_var,0.2456962025316456,0.1532834197711685,0.9999875,0.1532837155684766,0.1532834197711685,8.380750829317662e-06,8.604868644290775e-07,0.005600999278283924,0.03654015083069951,0.15869185873685318,0.506081778874,0.101325,0.009675
0.1,0.01,1.0,0.001,0.0,1.0,0,unit_total_var,0.2518987341772152,0.14625090385778072,0.9999875,0.1462512127823038,0.14625090385778072,9.173555202579564e-06,8.865221410303549e-07,0.005283958362196417,0.03612940653915353,0.15690801894393638,0.506081778874,0.101325,0.009675
0.1,0.01,1.0,0.001,0.0,1.0,0,unit_total_var,0.2581012658227848,0.13960159005454464,0.9999875,0.1396019123202909,0.13960159005454464,1.0025535791768904e-05,9.128892521914621e-07,0.004987433099375035,0.03572619120904255,0.15515687701507644,0.506081778874,0.101325,0.009675
0.1,0.01,1.0,0.001,0.0,1.0,0,unit_total_var,0.2643037974683544,0.13331156317853754,0.9999875,0.13331189904043228,0.13331156317853754,1.0941495270699876e-05,9.396852780341193e-07,0.0047099028939710545,0.03533004025812311,0.15343641529522606,0.506081778874,0.101325,0.009675
0.1,0.01,1.0,0.001,0.0,1.0,0,unit_total_var,0.2705063291139241,0.12735848342406994,0.9999875,0.1273588331801851,0.12735848342406994,1.1926723541222373e-05,9.670081615453794e-07,0.004449972301362192,0.034940525214523524,0.15174477295469002,0.506081778874,0.101325,0.009675
0.1,0.01,1.0,0.001,0.0,1.0,0,unit_total_var,0.2767088607594937,0.1217214920334769,0.9999875,0.12172183001709705,0.1217214920334769,1.2059022196808655e-05,9.949549020227266e-07,0.004206360056149733,0.034557250210117886,0.15008023076004187,0.506081778874,0.101325,0.009675
0.1,0.01,1.0,0.001,0.0,1.0,0,unit_total_var,0.2829113924050633,0.11638114535922893,0.9999875,0.11638147112131635,0.11638114535922893,1.21563057788876e-05,8.805373772347025e-07,0.003977889707806782,0.034179846705653154,0.14844118816564206,0.506081778874,0.101325,0.009675
0.1,0.01,1.0,0.001,0.0,1.0,0,unit_total_var,0.2891139240506329,0.11131922287584696,0.9999875,0.11131956200519584,0.11131922287584696,1.3230579293477264e-05,9.069705062536569e-07,0.0037634779792601663,0.03380797926929053,0.14682618840952405,0.506081778874,0.101325,0.009675
0.1,0.01,1.0,0.001,0.0,1.0,0,unit_total_var,0.2953164556962025,0.10651879568473327,0.9999875,0.10651914863176776,0.10651879568473327,1.439020170579397e-05,9.342517484078884e-07,0.003562130268055952,0.033441330660542674,0.1452338537337571,0.506081778874,0.101325,0.009675
0.1,0.01,1.0,0.001,0.0,1.0,0,unit_total_var,0.3015189873417722,0.1019640557581329,0.9999875,0.10196441123476216,0.1019640557581329,1.5140754090481327e-05,8.974657812466091e-07,0.00337293086312586,0.03307960671088573,0.1436629065806745,0.506081778874,0.101325,0.009675
0.1,0.01,1.0,0.001,0.0,1.0,0,unit_total_var,0.3077215189873418,0.0976402054641096,0.9999875,0.09764021947625157,0.0976402054641096,6.23246895870011e-07,9.91737659994385e-07,0.003195035329887917,0.03272253796170413,0.14211217670637782,0.4228903317578672,0.101325,0.009675
0.1,0.01,1.0,0.001,0.0,1.0,0,unit_total_var,0.3139240506329114,0.09353352943151226,0.9999875,0.0935338735149868,0.09353352943151226,1.5976439717846347e-05,8.843037533345921e-07,0.0030276676236635517,0.03236986396285292,0.1405805329902595,0.4228903317578672,0.101325,0.009675
0.1,0.01,1.0,0.001,0.0,1.0,0,unit_total_var,0.320126582278481,0.08963110394855184,0.9999875,0.0896314623962829,0.08963110394855184,1.73680288995115e-05,9.126891584720908e-07,0.0028701093216233105,0.03202135414142339,0.13906697406690016,0.4228903317578672,0.101325,0.009675
0.1,0.01,1.0,0.001,0.0,1.0,0,unit_total_var,0.3263291139240506,0.08592094783166511,0.9999875,0.08592132128483035,0.08592094783166511,1.887645568743324e-05,9.422949136528301e-07,0.00272169932935064,0.03167678427713516,0.13757052615999485,0.4228903317578672,0.101325,0.009675
0.1,0.01,1.0,0.001,0.0,1.0,0,unit_total_var,0.3325316455696203,0.08239184798171105,0.9999875,0.08239223714016904,0.08239184798171105,2.0512826923280162e-05,9.732178680721406e-07,0.0025818265989990237,0.031335947211332434,0.13609028959093264,0.4228903317578672,0.101325,0.009675
0.1,0.01,1.0,0.001,0.0,1.0,0,unit_total_var,0.3387341772151899,0.07903335540105377,0.9999875,0.07903370804797727,0.07903335540105377,1.937818158737059e-05,8.738295078636326e-07,0.002449926973723165,0.030998645588195532,0.13462540725427902,0.4228903317578672,0.101325,0.009675
0.1,0.01,1.0,0.001,0.0,1.0,0,unit_total_var,0.3449367088607595,0.07583562951318668,0.9999875,0.07583599760017515,0.07583562951318668,2.107950590257701e-05,9.042550588311826e-07,0.0023254771686956827,0.03066470448816301,0.1331751194840307,0.4228903317578672,0.101325,0.009675
0.1,0.01,1.0,0.001,0.0,1.0,0,unit_total_var,0.3511392405063291,0.07278954418978276,0.9999875,0.0727899285182466,0.07278954418978276,2.293066844849534e-05,9.361772210780829e-07,0.002207994427521294,0.030333950460857857,0.13173867299477168,0.4228903317578672,0.101325,0.009675
0.1,0.01,1.0,0.001,0.0,1.0,0,unit_total_var,0.3573417721518987,0.06988654083237787,0.9999875,0.06988694226354765,0.06988654083237787,2.494598231805867e-05,9.697037497424787e-07,0.0020970311842056547,0.03000622379114973,0.130315374152504,0.4228903317578672,0.101325,0.009675
0.1,0.01,1.0,0.001,0.0,1.0,0,unit_total_var,0.3635443037974684,0.06711863825000633,0.9999875,0.0671190045851852,0.06711863825000633,2.370383498373485e-05,8.771055535206074e-07,0.001992173157992084,0.02968137033072027,0.1289045534995871,0.4228903317578672,0.101325,0.009675
0.1,0.01,1.0,0.001,0.0,1.0,0,unit_total_var,0.369746835443038,0.06447828978283776,0.9999875,0.06447867316796267,0.06447828978283776,2.5822885460158318e-05,9.104641471857632e-07,0.001893034696554552,0.02935925724659066,0.1275056341497238,0.4228903317578672,0.101325,0.009675
0.1,0.01,1.0,0.001,0.0,1.0,0,unit_total_var,0.3759493670886076,0.06195850222818985,0.9999875,0.06195890363796242,0.06195850222818985,2.813649107480387e-05,9.456255543049965e-07,0.0017992593049275204,0.029039748222139783,0.12611802408735073,0.4228903317578672,0.101325,0.009675
0.1,0.01,1.0,0.001,0.0,1.0,0,unit_total_var,0.3821518987341772,0.05955270026225192,0.9999875,0.059553094501600165,0.05955270026225192,2.8750233997953962e-05,9.82715972375203e-07,0.001710515455786965,0.02872271867193892,0.12474118224482568,0.4228903317578672,0.101325,0.009675
0.1,0.01,1.0,0.001,0.0,1.0,0,unit_total_var,0.3883544303797468,0.05725474772321704,0.9999875,0.057255134333324735,0.05725474772321704,2.9325440459970764e-05,8.957225101635656e-07,0.001626495522748585,0.028408046274370963,0.12337457738611535,0.4228903317578672,0.101325,0.009675
0.1,0.01,1.0,0.001,0.0,1.0,0,unit_total_var,0.3945569620253165,0.0550588129340442,0.9999875,0.0550592187789841,0.0550588129340442,3.2012235447353994e-05,9.329901420329634e-07,0.0015469120538450945,0.02809563031622501,0.12201777211930236,0.4228903317578672,0.101325,0.009675
0.1,0.01,1.0,0.001,0.0,1.0,0,unit_total_var,0.4007594936708861,0.05295950280957147,0.9999875,0.052959926034153115,0.05295950280957147,3.470639946279164e-05,9.460725571841522e-07,0.0014714989557420644,0.02778536197806067,0.12067029384756167,0.4228903317578672,0.101325,0.009675
0.1,0.01,1.0,0.001,0.0,1.0,0,unit_total_var,0.4069620253164557,0.05095174473321749,0.9999875,0.05095174473321749,0.05095174569294541,8.180378152644607e-08,8.840846286162218e-07,0.0014000081521825215,0.02747713860463349,0.1193316967448314,0.3550024073557826,0.101325,0.009675
0.1,0.01,1.0,0.001,0.0,1.0,0,unit_total_var,0.4131645569620253,0.049030719486521816,0.9999875,0.049031134568764775,0.049030719486521816,3.676616751491224e-05,9.317569089617451e-07,0.001332207602888569,0.027170876071985497,0.11800161546540405,0.3550024073557826,0.101325,0.009675
0.1,0.01,1.0,0.001,0.0,1.0,0,unit_total_var,0.4193670886075949,0.04719195643379119,0.9999875,0.0471923936262349,0.04719195643379119,4.023342126302509e-05,9.74104784612351e-07,0.0012678819531852278,0.02686648422732856,0.11667965848069545,0.3550024073557826,0.101325,0.009675
0.1,0.01,1.0,0.001,0.0,1.0,0,unit_total_var,0.4255696202531646,0.04543126235932345,0.9999875,0.04543166935711725,0.04543126235932345,3.890627181846185e-05,8.990513857831672e-07,0.0012068303153733233,0.026563873700631527,0.11536543766159185,0.3550024073557826,0.101325,0.009675
0.1,0.01,1.0,0.001,0.0,1.0,0,unit_total_var,0.4317721518987342,0.043744615531921376,0.9999875,0.04374504517583919,0.043744615531921376,4.265463625507948e-05,9.42222143640592e-07,0.001148863918681175,0.026262978990930316,0.11405866854102065,0.3550024073557826,0.101325,0.009675
0.1,0.01,1.0,0.001,0.0,1.0,0,unit_total_var,0.4379746835443038,0.042128306393048716,0.9999875,0.04212876020059135,0.042128306393048716,4.678209664277233e-05,9.8816263616186e-07,0.001093807589570561,0.025963720909299173,0.11275900720584713,0.3550024073557826,0.101325,0.009675
0.1,0.01,1.0,0.001,0.0,1.0,0,unit_total_var,0.4441772151898734,0.0405788458235159,0.9999875,0.040579270990062186,0.0405788458235159,4.550314674567346e-05,9.179043134466268e-07,0.0010414975927850133,0.025666023063215214,0.1114661218875596,0.3550024073557826,0.101325,0.009675
0.1,0.01,1.0,0.001,0.0,1.0,0,unit_total_var,0.450379746835443,0.039092869291322,0.9999875,0.03909331941117095,0.039092869291322,5.000488445361384e-05,9.650808607819528e-07,0.0009917795963124859,0.025369833790446418,0.11017978821993538,0.3550024073557826,0.101325,0.009675
0.1,0.01,1.0,0.001,0.0,1.0,0,unit_total_var,0.4565822784810127,0.03766730841668454,0.9999875,0.03766773210592196,0.03766730841668454,4.885001629340025e-05,9.006986958493002e-07,0.0009445106688530923,0.02507507726341089,0.10889967688797043,0.3550024073557826,0.101325,0.009675
0.1,0.01,1.0,0.001,0.0,1.0,0,unit_total_var,0.4627848101265823,0.036299169662023185,0.9999875,0.03629961926456999,0.036299169662023185,5.3791504793565537e-05,9.494108026419924e-07,0.0008995554776408619,0.024781709499597508,0.10762559687804596,0.3550024073557826,0.101325,0.009675
0.1,0.01,1.0,0.001,0.0,1.0,0,unit_total_var,0.4689873417721519,0.03498572923399317,0.9999875,0.034986154433282284,0.03498572923399317,5.27816875273146e-05,8.903017909567268e-07,0.0008567886381272826,0.024489660695561587,0.10635724503765348,0.3550024073557826,0.101325,0.009675
0.1,0.01,1.0,0.001,0.0,1.0,0,unit_total_var,0.4751898734177215,0.033724317948561795,0.9999875,0.03372477020939507,0.033724317948561795,5.8240782683682824e-05,9.408913403952112e-07,0.0008160911913406273,0.024198893883795508,0.10509446081894737,0.3550024073557826,0.101325,0.009675
0.1,0.01,1.0,0.001,0.0,1.0,0,unit_total_var,0.4813924050632911,0.03251248826866685,0.9999875,0.032512943696146025,0.03251248826866685,6.083454892547024e-05,9.951164410271218e-07,0.0007773525510401553,0.02390935275751596,0.1038369996846748,0.3550024073557826,0.101325,0.009675
0.1,0.01,1.0,0.001,0.0,1.0,0,unit_total_var,0.4875949367088608,0.03134793213155828,0.9999875,0.03134839028726809,0.03134793213155828,6.347246184468247e-05,9.393960911374676e-07,0.00074046894204897,0.023620982045687543,0.10258462159577884,0.3550024073557826,0.101325,0.009675
0.1,0.01,1.0,0.001,0.0,1.0,0,unit_total_var,0.4937974683544304,0.030228390180037024,0.9999875,0.03022885316218913,0.030228390180037024,6.651662655166035e-05,9.96158107557932e-07,0.000705341857427933,0.023333755229008,0.1013372113803932,0.3550024073557826,0.101325,0.009675
0.1,0.01,1.0,0.001,0.0,1.0,0,unit_total_var,0.5,0.029151829281414618,0.9999875,0.02915229629276132,0.029151829281414618,6.957327594392382e-05,9.026928025068769e-07,0.0006718801658097143,0.023047615960006426,0.10009452432456106,0.3550024073557826,0.101325,0.009675
0.1,0.01,1.0,0.001,0.0,10.0,0,unit_total_var,0.01,0.9598869616049119,0.9999875,0.9598869616049353,0.9598869616049119,1.0452749776845849e-13,8.911410986911504e-07,0.06459133944608461,0.0672905686082965,0.2922392263071535,0.872264619628004,0.101325,0.009675
0.1,0.01,1.0,0.001,0.0,10.0,0,unit_total_var,0.016202531645569618,0.9537452452418024,0.9999875,0.9537452452460284,0.9537452452418024,1.9243190374496066e-11,8.166152838384734e-07,0.06374342552193002,0.06683485536619288,0.29026008884339505,0.872264619628004,0.101325,0.009675
0.1,0.01,1.0,0.001,0.0,10.0,0,unit_total_var,0.02240506329113924,0.9475979964511956,0.9999875,0.9475979964608324,0.9475979964511956,4.416572663146212e-11,9.412578947376459e-07,0.06290749439520993,0.06638626783805136,0.2883118979621703,0.872264619628004,0.101325,0.009675
0.1,0.01,1.0,0.001,0.0,10.0,0,unit_total_var,0.028607594936708863,0.9414483530275848,0.9999875,0.9414483530422826,0.9414483530275848,6.78016531807657e-11,9.254722499463242e-07,0.06208098658993892,0.0659419992507225,0.2863824640025714,0.872264619628004,0.101325,0.009675
0.1,0.01,1.0,0.001,0.0,10.0,0,unit_total_var,0.03481012658227848,0.9352977726908328,0.9999875,0.9352977727133404,0.9352977726908328,1.045111774899965e-10,9.817244972509798e-07,0.061262678479543524,0.06550072101988658,0.28446601699621066,0.872264619628004,0.101325,0.009675
0.1,0.01,1.0,0.001,0.0,10.0,0,unit_total_var,0.0410126582278481,0.9291470627531966,0.9999875,0.9291470627829546,0.9291470627531966,1.3909234874986964e-10,8.331035132869148e-07,0.060451866687808525,0.0650616776516313,0.2825592758747159,0.872264619628004,0.101325,0.009675
0.1,0.01,1.0,0.001,0.0,10.0,0,unit_total_var,0.047215189873417725,0.9229967177715546,0.9999875,0.922996717816832,0.9229967177715546,2.1304291664137054e-10,9.66091192822205e-07,0.05964809979628944,0.06462438993315313,0.28066015944332456,0.872264619628004,0.101325,0.009675
0.1,0.01,1.0,0.001,0.0,10.0,0,unit_total_var,0.05341772151898734,0.9168470608473956,0.9999875,0.9168470608998242,0.9168470608473956,2.483452332668889e-10,8.782121767580975e-07,0.0588510657700633,0.06418853076288453,0.2787672471179787,0.872264619628004,0.101325,0.009675
0.1,0.01,1.0,0.001,0.0,10.0,0,unit_total_var,0.05962025316455696,0.9106983123259568,0.9999875,0.9106983123956386,0.9106983123259568,3.322990771437162e-10,8.178105872502783e-07,0.05806053701920324,0.06375386473585802,0.27687951654789456,0.872264619628004,0.101325,0.009675
0.1,0.01,1.0,0.001,0.0,10.0,0,unit_total_var,0.06582278481012659,0.9045506269356012,0.9999875,0.9045506270161175,0.9045506269356012,3.8657715917267415e-10,7.765274858684279e-07,0.057276340644255165,0.0633202155177246,0.27499620192272445,0.872264619628004,0.101325,0.009675
0.1,0.01,1.0,0.001,0.0,10.0,0,unit_total_var,0.0720253164556962,0.8984041154244725,1.0,0.8984041155304554,0.8984041154244725,5.123282909025306e-10,9.75567672867328e-07,0.05649834102230605,0.06288744680962648,0.27311671130405035,0.872264619628004,0.101325,0.009675
0.1,0.01,1.0,0.001,0.0,10.0,0,unit_total_var,0.07822784810126583,0.8922588580168611,1.0,0.8922588581393031,0.8922588580168611,5.959689408641111e-10,9.520736057311294e-07,0.05572642899938416,0.062455450566489185,0.2712405754580757,0.872264619628004,0.101325,0.009675
0.1,0.01,1.0,0.001,0.0,10.0,0,unit_total_var,0.08443037974683544,0.8861149130446418,1.0,0.8861149131860592,0.8861149130446418,6.931004659094242e-10,9.397863323101774e-07,0.05496051483879704,0.06202413934097526,0.2693674146058394,0.872264619628004,0.101325,0.009675
0.1,0.01,1.0,0.001,0.0,10.0,0,unit_total_var,0.09063291139240506,0.8799723228668656,1.0,0.8799723230301472,0.8799723228668656,8.058469447291828e-10,9.367701068185852e-07,0.054200523458054,0.06159344112264109,0.26749691600995856,0.872264619628004,0.101325,0.009675
0.1,0.01,1.0,0.001,0.0,10.0,0,unit_total_var,0.09683544303797467,0.8738311179519609,1.0,0.8738311181404259,0.8738311179519609,9.366720732373324e-10,9.417124147148571e-07,0.05344639109205982,0.06116329573765311,0.26562881833879426,0.872264619628004,0.101325,0.009675
0.1,0.01,1.0,0.001,0.0,10.0,0,unit_total_var,0.1030379746835443,0.8676913197870649,1.0,0.867691320027073,0.8676913197870649,1.201281407681165e-09,9.27319888432976e-07,0.05269806289552991,0.06073365227217235,0.26376290047635337,0.872264619628004,0.101325,0.009675
0.1,0.01,1.0,0.001,0.0,10.0,0,unit_total_var,0.10924050632911393,0.8615529431162835,1.0,0.8615529431162835,0.8615529431404609,1.2187439946131915e-10,9.286898148275213e-07,0.0519554911764609,0.06030446717358435,0.2618989732760347,0.7815071952125999,0.101325,0.009675
0.1,0.01,1.0,0.001,0.0,10.0,0,unit_total_var,0.11544303797468355,0.8554159974445991,1.0,0.8554159977338197,0.8554159974445991,1.4683725346742447e-09,9.968300673790509e-07,0.05121863406994122,0.05987570284276615,0.2600368734469218,0.7815071952125999,0.101325,0.009675
0.1,0.01,1.0,0.001,0.0,10.0,0,unit_total_var,0.12164556962025315,0.8492804882862254,1.0,0.8492804885801171,0.8492804882862254,1.5028661648486265e-09,8.017593700060388e-07,0.0504874545307358,0.05944732656300055,0.2581764589021174,0.7815071952125999,0.101325,0.009675
0.1,0.01,1.0,0.001,0.0,10.0,0,unit_total_var,0.12784810126582274,0.8431464180893651,1.0,0.8431464184282731,0.8431464180893651,1.7456740497578949e-09,8.318020263686776e-07,0.04976191952160484,0.059019309640630624,0.25631760502665263,0.7815071952125999,0.101325,0.009675
0.1,0.01,1.0,0.001,0.0,10.0,0,unit_total_var,0.1340506329113924,0.8370137871020417,1.0,0.8370137874927408,0.8370137871020417,2.02718852815309e-09,8.665764426041279e-07,0.04904199941882622,0.058591626774299986,0.2544602019381331,0.7815071952125999,0.101325,0.009675
0.1,0.01,1.0,0.001,0.0,10.0,0,unit_total_var,0.14025316455696205,0.8308825938449008,1.0,0.8308825942951653,0.8308825938449008,2.3534898474508736e-09,9.062168828677385e-07,0.048327667497753066,0.058164255522693366,0.25260415217516463,0.7815071952125999,0.101325,0.009675
0.1,0.01,1.0,0.001,0.0,10.0,0,unit_total_var,0.14645569620253165,0.8247528356202963,1.0,0.8247528360820546,0.8247528356202963,2.431505108368981e-09,9.50921275943983e-07,0.04761889953440098,0.05773717588807902,0.25074936888870203,0.7815071952125999,0.101325,0.009675
0.1,0.01,1.0,0.001,0.0,10.0,0,unit_total_var,0.15265822784810126,0.8186245089585901,1.0,0.8186245094299045,0.8186245089585901,2.5004052162103108e-09,7.889082098699873e-07,0.04691567348318079,0.05731036998008328,0.2488957743818394,0.7815071952125999,0.101325,0.009675
0.1,0.01,1.0,0.001,0.0,10.0,0,unit_total_var,0.1588607594936709,0.8124976096980515,1.0,0.8124976102417927,0.8124976096980515,2.9063935702566823e-09,8.34420802675595e-07,0.04621796918005977,0.05688382172254729,0.2470432988367061,0.7815071952125999,0.101325,0.009675
0.1,0.01,1.0,0.001,0.0,10.0,0,unit_total_var,0.1650632911392405,0.8063721335867555,1.0,0.8063721342138539,0.8063721335867555,3.377415236371917e-09,8.848630272950685e-07,0.04552576815335083,0.056457516644147325,0.2451918794051417,0.7815071952125999,0.101325,0.009675
0.1,0.01,1.0,0.001,0.0,10.0,0,unit_total_var,0.17126582278481015,0.8002480762792011,1.0,0.8002480770022063,0.8002480762792011,3.923747993184179e-09,9.4060453648126e-07,0.04483905340990649,0.05603144167292249,0.2433414593163414,0.7815071952125999,0.101325,0.009675
0.1,0.01,1.0,0.001,0.0,10.0,0,unit_total_var,0.17746835443037975,0.7941254336545618,1.0,0.7941254343171648,0.7941254336545618,3.6236695866165287e-09,7.960022685438163e-07,0.04415780928867685,0.05560558498354951,0.2414919872135787,0.7815071952125999,0.101325,0.009675
0.1,0.01,1.0,0.001,0.0,10.0,0,unit_total_var,0.18367088607594936,0.7880042016491791,1.0,0.7880042024141418,0.7880042016491791,4.215956694864076e-09,8.513976581525641e-07,0.04348202129020201,0.055179935841966864,0.2396434164794167,0.7815071952125999,0.101325,0.009675
0.1,0.01,1.0,0.001,0.0,10.0,0,unit_total_var,0.18987341772151897,0.7818843768512563,1.0,0.7818843777341097,0.7818843768512563,4.903772721220889e-09,9.12357165816502e-07,0.04281167600709319,0.054754484517904066,0.2377957048558277,0.7815071952125999,0.101325,0.009675
0.1,0.01,1.0,0.001,0.0,10.0,0,unit_total_var,0.1960759493670886,0.7757659563118929,1.0,0.775765957226317,0.7757659563118929,5.119189960822723e-09,9.79379478849296e-07,0.04214676099083619,0.05432922216799533,0.2359488139365619,0.7815071952125999,0.101325,0.009675
0.1,0.01,1.0,0.001,0.0,10.0,0,unit_total_var,0.20227848101265825,0.7696489375630784,1.0,0.7696489387684229,0.7696489375630784,6.801470719963731e-09,9.936289870893231e-07,0.04148726467390127,0.05390414077002618,0.2341027088815847,0.7815071952125999,0.101325,0.009675
0.1,0.01,1.0,0.001,0.0,10.0,0,unit_total_var,0.20848101265822785,0.7635333194413536,1.0,0.7635333194413536,0.7635333195782424,7.786178368718312e-10,8.51921583944204e-07,0.04083317629220218,0.053479232998080765,0.2322573578748477,0.6926216655260228,0.101325,0.009675
0.1,0.01,1.0,0.001,0.0,10.0,0,unit_total_var,0.21468354430379746,0.7574191008425359,1.0,0.7574191019736323,0.7574191008425359,6.4855618653325556e-09,9.826077871366579e-07,0.040184485782471364,0.0530544922061921,0.2304127320532831,0.6926216655260228,0.101325,0.009675
0.1,0.01,1.0,0.001,0.0,10.0,0,unit_total_var,0.2208860759493671,0.7513062817788672,1.0,0.7513062829479715,0.7513062817788672,6.758037240928161e-09,8.55906932883954e-07,0.039541183808514006,0.05262991241720006,0.2285688054584141,0.6926216655260228,0.101325,0.009675
0.1,0.01,1.0,0.001,0.0,10.0,0,unit_total_var,0.2270886075949367,0.7451948630496016,1.0,0.7451948644015578,0.7451948630496016,7.879108476771535e-09,9.287869033869356e-07,0.038903261591798806,0.052205488149224315,0.2267255542827372,0.6926216655260228,0.101325,0.009675
0.1,0.01,1.0,0.001,0.0,10.0,0,unit_total_var,0.23329113924050635,0.7390848467842704,1.0,0.7390848480490385,0.7390848467842704,7.431918191969089e-09,8.155889759109414e-07,0.0382707109769231,0.05178121448902312,0.22488295718831447,0.6926216655260228,0.101325,0.009675
0.1,0.01,1.0,0.001,0.0,10.0,0,unit_total_var,0.23949367088607595,0.7329762355580846,1.0,0.7329762370225524,0.7329762355580846,8.677093266129532e-09,8.886431714927313e-07,0.037643524282761805,0.05135708697854332,0.22304099481406708,0.6926216655260228,0.101325,0.009675
0.1,0.01,1.0,0.001,0.0,10.0,0,unit_total_var,0.2456962025316456,0.7268690333660283,1.0,0.7268690350611768,0.7268690333660283,1.0128284877453098e-08,9.6917563041643e-07,0.03702169435317533,0.05093310163693873,0.22119964987139973,0.6926216655260228,0.101325,0.009675
0.1,0.01,1.0,0.001,0.0,10.0,0,unit_total_var,0.2518987341772152,0.7207632453063765,1.0,0.7207632469029354,0.7207632453063765,9.620034102653108e-09,8.600880505582609e-07,0.03640521448768173,0.050509254911031,0.2193589069290548,0.6926216655260228,0.101325,0.009675
0.1,0.01,1.0,0.001,0.0,10.0,0,unit_total_var,0.2581012658227848,0.7146588770429056,1.0,0.7146588788933035,0.7146588770429056,1.1244771114249374e-08,9.414590635969944e-07,0.03579407835734244,0.0500855436169073,0.21751875215947472,0.6926216655260228,0.101325,0.009675
0.1,0.01,1.0,0.001,0.0,10.0,0,unit_total_var,0.2643037974683544,0.7085559360257975,1.0,0.7085559377774909,0.7085559360257975,1.0736638023089997e-08,8.416413947998079e-07,0.035188280085615975,0.049661964986113416,0.2156791735394156,0.6926216655260228,0.101325,0.009675
0.1,0.01,1.0,0.001,0.0,10.0,0,unit_total_var,0.2705063291139241,0.7024544301205113,1.0,0.7024544321532629,0.7024544301205113,1.2567545004671388e-08,9.244126317753399e-07,0.034587814093620786,0.0492385165649635,0.21384016041265505,0.6926216655260228,0.101325,0.009675
0.1,0.01,1.0,0.001,0.0,10.0,0,unit_total_var,0.2767088607594937,0.6963543690713861,1.0,0.6963543710054884,0.6963543690713861,1.2062391974154707e-08,8.322887765643826e-07,0.033992675206151415,0.04881519627927644,0.21200170377113906,0.6926216655260228,0.101325,0.009675
0.1,0.01,1.0,0.001,0.0,10.0,0,unit_total_var,0.2829113924050633,0.69025576301585,1.0,0.6902557652630676,0.69025576301585,1.4139023063464153e-08,9.170703094696363e-07,0.03340285849359475,0.04839200233208011,0.2101637958107168,0.6926216655260228,0.101325,0.009675
0.1,0.01,1.0,0.001,0.0,10.0,0,unit_total_var,0.2891139240506329,0.6841586240622771,1.0,0.6841586262112386,0.6841586240622771,1.364131163583693e-08,8.313846819874016e-07,0.032818359389355185,0.0479689332782098,0.20832643025511774,0.6926216655260228,0.101325,0.009675
0.1,0.01,1.0,0.001,0.0,10.0,0,unit_total_var,0.2953164556962025,0.6780629646722104,1.0,0.6780629671721378,0.6780629646722104,1.6011856063258282e-08,9.188411240756977e-07,0.03223917352629889,0.047545987918517225,0.20648960189650709,0.6926216655260228,0.101325,0.009675
0.1,0.01,1.0,0.001,0.0,10.0,0,unit_total_var,0.3015189873417722,0.6719687987279682,1.0,0.6719688017757615,0.6719687987279682,1.9697935282891883e-08,9.017705906444462e-07,0.0316652968584272,0.047123165418348836,0.20465330711003035,0.6926216655260228,0.101325,0.009675
0.1,0.01,1.0,0.001,0.0,10.0,0,unit_total_var,0.3077215189873418,0.665876142547937,1.0,0.665876142547937,0.665876142988063,2.870568005519658e-09,8.492510517044138e-07,0.03109672553828396,0.04670046507342058,0.20281754283702094,0.6043233489460952,0.101325,0.009675
0.1,0.01,1.0,0.001,0.0,10.0,0,unit_total_var,0.3139240506329114,0.6597850125070251,1.0,0.6597850152099212,0.6597850125070251,1.7791444095749398e-08,8.53830982805448e-07,0.030533455932903363,0.04627788651470504,0.20098230747481308,0.6043233489460952,0.101325,0.009675
0.1,0.01,1.0,0.001,0.0,10.0,0,unit_total_var,0.320126582278481,0.6536954251394308,1.0,0.6536954282913433,0.6536954251394308,2.094030593369212e-08,9.489078536262241e-07,0.02997548461842906,0.04585542970877516,0.19914760087823485,0.6043233489460952,0.101325,0.009675
0.1,0.01,1.0,0.001,0.0,10.0,0,unit_total_var,0.3263291139240506,0.6476074003721158,1.0,0.6476074034315394,0.6476074003721158,2.051691772031461e-08,8.772819910518593e-07,0.02942280840007707,0.04543309477805642,0.19731342357897344,0.6043233489460952,0.101325,0.009675
0.1,0.01,1.0,0.001,0.0,10.0,0,unit_total_var,0.3325316455696203,0.6415209578151759,1.0,0.6415209613870586,0.6415209578151759,2.418079891874925e-08,9.774823013231069e-07,0.028875424176119324,0.045010882067610364,0.19547977707561207,0.6043233489460952,0.101325,0.009675
0.1,0.01,1.0,0.001,0.0,10.0,0,unit_total_var,0.3387341772151899,0.635436119479215,1.0,0.6354361229633523,0.635436119479215,2.3812647187426705e-08,9.093543269500515e-07,0.02833332910073702,0.044588792220307205,0.1936466641601006,0.6043233489460952,0.101325,0.009675
0.1,0.01,1.0,0.001,0.0,10.0,0,unit_total_var,0.3449367088607595,0.6293529077089086,1.0,0.6293529111189397,0.6293529077089086,2.3531434134582696e-08,8.493639711559807e-07,0.027796520402808327,0.0441668260563037,0.1918140883943346,0.6043233489460952,0.101325,0.009675
0.1,0.01,1.0,0.001,0.0,10.0,0,unit_total_var,0.3511392405063291,0.6232713460727761,1.0,0.6232713500646361,0.6232713460727761,2.781521590833336e-08,9.507057541213726e-07,0.027264995446770617,0.0437449846179629,0.18998205430523912,0.6043233489460952,0.101325,0.009675
0.1,0.01,1.0,0.001,0.0,10.0,0,unit_total_var,0.3573417721518987,0.6171914603458332,1.0,0.6171914642718128,0.6171914603458332,2.7625645770967818e-08,8.933726292070787e-07,0.026738751796634982,0.04332326921965569,0.1881505676010546,0.6043233489460952,0.101325,0.009675
0.1,0.01,1.0,0.001,0.0,10.0,0,unit_total_var,0.3635443037974684,0.6111132765667707,1.0,0.6111132804408781,0.6111132765667707,2.7531777302414184e-08,8.42779769527624e-07,0.026217787052058177,0.042901681336968304,0.18631963469017052,0.6043233489460952,0.101325,0.009675
0.1,0.01,1.0,0.001,0.0,10.0,0,unit_total_var,0.369746835443038,0.6050368219891713,1.0,0.6050368265361904,0.6050368219891713,3.2638431513021267e-08,9.474195508119009e-07,0.025702098913394863,0.04248022265635738,0.18448926289677506,0.6043233489460952,0.101325,0.009675
0.1,0.01,1.0,0.001,0.0,10.0,0,unit_total_var,0.3759493670886076,0.5989621261735334,1.0,0.5989621306820843,0.5989621261735334,3.269052717413956e-08,8.990324715796305e-07,0.025191685252905403,0.04205889513222207,0.18265946070871575,0.6043233489460952,0.101325,0.009675
0.1,0.01,1.0,0.001,0.0,10.0,0,unit_total_var,0.3821518987341772,0.5928892188421487,1.0,0.5928892233273697,0.5928892188421487,3.2854480025434896e-08,8.563789890558838e-07,0.024686543941610548,0.0416377008673236,0.1808302372581688,0.6043233489460952,0.101325,0.009675
0.1,0.01,1.0,0.001,0.0,10.0,0,unit_total_var,0.3883544303797468,0.5868181309152126,1.0,0.5868181361930466,0.5868181309152126,3.9060384260380936e-08,9.666639471106464e-07,0.024186672919737428,0.041216642168188364,0.1790016025622508,0.6043233489460952,0.101325,0.009675
0.1,0.01,1.0,0.001,0.0,10.0,0,unit_total_var,0.3945569620253165,0.5807488957467553,1.0,0.5807489010222847,0.5807488957467553,3.945135906846531e-08,9.260847662062588e-07,0.02369207027683859,0.04079572161110039,0.17717356780962132,0.6043233489460952,0.101325,0.009675
0.1,0.01,1.0,0.001,0.0,10.0,0,unit_total_var,0.4007594936708861,0.5746815453801839,1.0,0.5746815520045888,0.5746815453801839,5.0061508272136734e-08,8.739922066069994e-07,0.023202734068036367,0.040374942008423925,0.17534614521422304,0.6043233489460952,0.101325,0.009675
0.1,0.01,1.0,0.001,0.0,10.0,0,unit_total_var,0.4069620253164557,0.5686161171582507,1.0,0.5686161171582507,0.5686161188249592,1.272989447187456e-08,9.087563057619264e-07,0.022718662398929224,0.039954306101046416,0.17351934667957888,0.5164491779813203,0.101325,0.009675
0.1,0.01,1.0,0.001,0.0,10.0,0,unit_total_var,0.4131645569620253,0.5625526478527789,1.0,0.5625526541411601,0.5625526478527789,4.8546730635479214e-08,9.758377643720448e-07,0.022239853439352017,0.03953381701115418,0.17169318576517165,0.5164491779813203,0.101325,0.009675
0.1,0.01,1.0,0.001,0.0,10.0,0,unit_total_var,0.4193670886075949,0.5564911721579501,1.0,0.5564911785144813,0.5564911721579501,4.9607370655735394e-08,9.470914505982365e-07,0.021766305400518764,0.03911347832547609,0.16986767804796707,0.5164491779813203,0.101325,0.009675
0.1,0.01,1.0,0.001,0.0,10.0,0,unit_total_var,0.4255696202531646,0.5504317299428226,1.0,0.5504317363890303,0.5504317299428226,5.08610291660716e-08,9.225454959960188e-07,0.021298016462932518,0.03869329347191685,0.16804283841516598,0.5164491779813203,0.101325,0.009675
0.1,0.01,1.0,0.001,0.0,10.0,0,unit_total_var,0.4317721518987342,0.5443743610748848,1.0,0.5443743676331042,0.5443743610748848,5.232058475357349e-08,9.018929745252536e-07,0.020834984836640136,0.038273266205081334,0.16621868317281036,0.5164491779813203,0.101325,0.009675
0.1,0.01,1.0,0.001,0.0,10.0,0,unit_total_var,0.4379746835443038,0.5383191066232116,1.0,0.5383191133168125,0.5383191066232116,5.400131364297067e-08,8.848784034398705e-07,0.02037720873241013,0.037853400486252575,0.1643952295245336,0.5164491779813203,0.101325,0.009675
0.1,0.01,1.0,0.001,0.0,10.0,0,unit_total_var,0.4441772151898734,0.5322660088523661,1.0,0.5322660157059949,0.5322660088523661,5.592115792651954e-08,8.712921015785469e-07,0.019924686353900583,0.037433700485328326,0.1625724955799717,0.5164491779813203,0.101325,0.009675
0.1,0.01,1.0,0.001,0.0,10.0,0,unit_total_var,0.450379746835443,0.5262151106608333,1.0,0.5262151188115683,0.5262151106608333,6.726943313495326e-08,9.981160644656484e-07,0.01947741585374129,0.0370141705533334,0.16075050023538526,0.5164491779813203,0.101325,0.009675
0.1,0.01,1.0,0.001,0.0,10.0,0,unit_total_var,0.4565822784810127,0.5201664577849756,1.0,0.5201664661687407,0.5201664577849756,6.999726442913357e-08,9.879968416726117e-07,0.019035395470847108,0.0365948153441218,0.15892926370220542,0.5164491779813203,0.101325,0.009675
0.1,0.01,1.0,0.001,0.0,10.0,0,unit_total_var,0.4627848101265823,0.5141200954881451,1.0,0.5141201041389024,0.5141200954881451,7.30758484834837e-08,9.814194328328085e-07,0.018598623306016217,0.03617563963991188,0.1571088067493427,0.5164491779813203,0.101325,0.009675
0.1,0.01,1.0,0.001,0.0,10.0,0,unit_total_var,0.4689873417721519,0.5080760707485584,1.0,0.5080760797029603,0.5080760707485584,7.654065026230228e-08,9.782935279645244e-07,0.01816709745937368,0.035756648473146434,0.15528915123241827,0.5164491779813203,0.101325,0.009675
0.1,0.01,1.0,0.001,0.0,10.0,0,unit_total_var,0.4751898734177215,0.5020344317041622,1.0,0.5020344410019825,0.5020344317041622,8.043257082590571e-08,9.785660211036884e-07,0.017740815987133982,0.03533784710126865,0.15347031998421798,0.5164491779813203,0.101325,0.009675
0.1,0.01,1.0,0.001,0.0,10.0,0,unit_total_var,0.4813924050632911,0.4959952276445497,1.0,0.4959952373291688,0.4959952276445497,8.479873070399435e-08,9.822196886943857e-07,0.017319776894667325,0.03491924101148687,0.1516523368353847,0.5164491779813203,0.101325,0.009675
0.1,0.01,1.0,0.001,0.0,10.0,0,unit_total_var,0.4875949367088608,0.4899585090026029,1.0,0.4899585191215538,0.4899585090026029,8.969340026254713e-08,9.89272393780993e-07,0.016903978129695213,0.034500835926099635,0.14983522663754534,0.5164491779813203,0.101325,0.009675
0.1,0.01,1.0,0.001,0.0,10.0,0,unit_total_var,0.4937974683544304,0.4839243273458733,1.0,0.4839243379514615,0.4839243273458733,9.517910459777569e-08,9.99777242327582e-07,0.016493417575611395,0.03408263780841735,0.14801901528902794,0.5164491779813203,0.101325,0.009675
0.1,0.01,1.0,0.001,0.0,10.0,0,unit_total_var,0.5,0.4778927319311104,1.0,0.4778927458279163,0.4778927319311104,1.2628997358987706e-07,9.967456264803332e-07,0.016088093047512297,0.03366465311682422,0.14620373083823865,0.5164491779813203,0.101325,0.009675
0.1,0.04,1.0,0.001,0.0,1.0,0,unit_total_var,0.01,0.915412562306516,0.9999875,0.9154125623253816,0.915412562306516,8.950240548699641e-11,9.050703511093159e-07,0.031209906868710214,0.03409381535039488,0.14806755873704874,0.4416584396031754,0.101325,0.03835
0.1,0.04,1.0,0.001,0.0,1.0,0,unit_total_var,0.016202531645569618,0.8947209546275768,0.9999875,0.8947209558461929,0.8947209546275768,5.915120726562861e-09,9.533104474712671e-07,0.030271492669911464,0.03383344551543651,0.14693678691128395,0.4416584396031754,0.101325,0.03835
0.1,0.04,1.0,0.001,0.0,1.0,0,unit_total_var,0.02240506329113924,0.8740355563510398,0.9999875,0.8740355586095702,0.8740355563510398,1.1222281104394938e-08,9.365263125005184e-07,0.029341756338786083,0.033570437867863484,0.1457945592108908,0.4416584396031754,0.101325,0.03835
0.1,0.04,1.0,0.001,0.0,1.0,0,unit_total_var,0.028607594936708863,0.8533257139777506,0.9999875,0.8533257172518457,0.8533257139777506,1.666329052518734e-08,7.858885595624088e-07,0.028417040369224062,0.03330151652967181,0.14462664867846395,0.4416584396031754,0.101325,0.03835
0.1,0.04,1.0,0.001,0.0,1.0,0,unit_total_var,0.03481012658227848,0.8325640087581536,0.9999875,0.8325640142077875,0.8325640087581536,2.842719448725717e-08,9.235676756702559e-07,0.027495002696861705,0.033024491099336674,0.1434235425210497,0.4416584396031754,0.101325,0.03835
0.1,0.04,1.0,0.001,0.0,1.0,0,unit_total_var,0.0410126582278481,0.8117377729549561,0.9999875,0.8117377799522733,0.8117377729549561,3.743692023050471e-08,8.753391824711798e-07,0.026574573716152884,0.032737879893667984,0.1421788058703142,0.4416584396031754,0.101325,0.03835
0.1,0.04,1.0,0.001,0.0,1.0,0,unit_total_var,0.047215189873417725,0.7908504366813714,0.9999875,0.7908504457049149,0.7908504366813714,4.955267063344593e-08,8.613337172391765e-07,0.02565582221167248,0.03244080172646986,0.14088861178323345,0.4416584396031754,0.101325,0.03835
0.1,0.04,1.0,0.001,0.0,1.0,0,unit_total_var,0.05341772151898734,0.7699198331528262,0.9999875,0.7699198448052189,0.7699198331528262,6.572852928599103e-08,8.716595676361294e-07,0.024739782108317118,0.032132932602875766,0.13955155316798035,0.4416584396031754,0.101325,0.03835
0.1,0.04,1.0,0.001,0.0,1.0,0,unit_total_var,0.05962025316455696,0.7489754108174528,0.9999875,0.7489754258524487,0.7489754108174528,8.718064181678642e-08,9.009994368369688e-07,0.023828253664721046,0.03181446723159339,0.1381684756337283,0.4416584396031754,0.101325,0.03835
0.1,0.04,1.0,0.001,0.0,1.0,0,unit_total_var,0.06582278481012659,0.7280551414487781,0.9999875,0.7280551607994958,0.7280551414487781,1.1542957834009823e-07,9.463287682365263e-07,0.022923589733054143,0.03148606256311552,0.13674223228021626,0.4416584396031754,0.101325,0.03835
0.1,0.04,1.0,0.001,0.0,1.0,0,unit_total_var,0.0720253164556962,0.7072025228972245,0.9999875,0.7072025449357108,0.7072025228972245,1.3533878240323816e-07,7.928346033025946e-07,0.022028480851415858,0.03114875886071632,0.13527734091344115,0.4416584396031754,0.101325,0.03835
0.1,0.04,1.0,0.001,0.0,1.0,0,unit_total_var,0.07822784810126583,0.6864638763392593,0.9999875,0.6864639044897912,0.6864638763392593,1.7809561203563365e-07,8.534715991714846e-07,0.02114575380899673,0.030803884279769773,0.13377956963890336,0.4416584396031754,0.101325,0.03835
0.1,0.04,1.0,0.001,0.0,1.0,0,unit_total_var,0.08443037974683544,0.6658860877198097,0.9999875,0.6658861195960779,0.6658860877198097,2.0789872778870236e-07,9.242918785901112e-07,0.02027819771855239,0.030452952978775875,0.13225549436341555,0.4416584396031754,0.101325,0.03835
0.1,0.04,1.0,0.001,0.0,1.0,0,unit_total_var,0.09063291139240506,0.6455147935852004,0.9999875,0.6455148295566738,0.6455147935852004,2.420116804735528e-07,8.016097678975599e-07,0.019428424766568017,0.030097567026562175,0.13071207278349214,0.4416584396031754,0.101325,0.03835
0.1,0.04,1.0,0.001,0.0,1.0,0,unit_total_var,0.09683544303797467,0.6253930195684301,0.9999875,0.6253930648083539,0.6253930195684301,3.1416162293851363e-07,8.768750090482057e-07,0.01859876941322554,0.029739330039308957,0.12915626931571494,0.4416584396031754,0.101325,0.03835
0.1,0.04,1.0,0.001,0.0,1.0,0,unit_total_var,0.1030379746835443,0.6055602831735805,0.9999875,0.6055603331309594,0.6055602831735805,3.5828329059128805e-07,9.346086597972204e-07,0.017791226373406376,0.02937977748502145,0.12759475241290213,0.4416584396031754,0.101325,0.03835
0.1,0.04,1.0,0.001,0.0,1.0,0,unit_total_var,0.10924050632911393,0.5860520282986132,0.9999875,0.5860520294686142,0.5860520282986132,8.670304918467764e-09,8.477003836659947e-07,0.017007420861214068,0.029020325909610564,0.1260336740557783,0.3746019454212653,0.101325,0.03835
0.1,0.04,1.0,0.001,0.0,1.0,0,unit_total_var,0.11544303797468355,0.5668993541712428,0.9999875,0.5668994237697565,0.5668993541712428,5.331854477930166e-07,9.30265159126975e-07,0.01624860562254159,0.028662240489399794,0.12447852883530287,0.3746019454212653,0.101325,0.03835
0.1,0.04,1.0,0.001,0.0,1.0,0,unit_total_var,0.12164556962025315,0.5481290168326385,0.9999875,0.548129086017623,0.5481290168326385,5.481675700025336e-07,8.278446808063222e-07,0.015515678904537887,0.02830661838374327,0.12293408165400845,0.3746019454212653,0.101325,0.03835
0.1,0.04,1.0,0.001,0.0,1.0,0,unit_total_var,0.12784810126582274,0.5297635041698673,0.9999875,0.5297635884582174,0.5297635041698673,6.909868677240639e-07,9.078954539276651e-07,0.014809212945567304,0.027954384983112708,0.12140435143164975,0.3746019454212653,0.101325,0.03835
0.1,0.04,1.0,0.001,0.0,1.0,0,unit_total_var,0.1340506329113924,0.5118213069408805,0.9999875,0.5118213992673342,0.5118213069408805,7.834153290531277e-07,9.929874176251021e-07,0.014129492056842757,0.027606299044668,0.11989263340870322,0.3746019454212653,0.101325,0.03835
0.1,0.04,1.0,0.001,0.0,1.0,0,unit_total_var,0.14025316455696205,0.4943171860141748,0.9999875,0.4943172862643995,0.4943171860141748,8.807728359983004e-07,8.882479263228048e-07,0.013476551645669577,0.027262963997539687,0.11840154824458506,0.3746019454212653,0.101325,0.03835
0.1,0.04,1.0,0.001,0.0,1.0,0,unit_total_var,0.14645569620253165,0.4772624491950069,0.9999875,0.4772625580281373,0.4772624491950069,9.903486577478304e-07,9.684796418163444e-07,0.012850216402302859,0.026924842765185426,0.1169331063903272,0.3746019454212653,0.101325,0.03835
0.1,0.04,1.0,0.001,0.0,1.0,0,unit_total_var,0.15265822784810126,0.4606653403242479,0.9999875,0.460665457436047,0.4606653403242479,1.1040770209191921e-06,8.684824215343668e-07,0.012250138818305308,0.026592273709332717,0.11548877733224118,0.3746019454212653,0.101325,0.03835
0.1,0.04,1.0,0.001,0.0,1.0,0,unit_total_var,0.1588607594936709,0.4445312674335788,0.9999875,0.4445314056591528,0.4445312674335788,1.3504245739426324e-06,9.431231884349243e-07,0.011675830368955385,0.026265487321878816,0.11406956208391787,0.3746019454212653,0.101325,0.03835
0.1,0.04,1.0,0.001,0.0,1.0,0,unit_total_var,0.1650632911392405,0.4288631900567104,0.9999875,0.4288633245038861,0.4288631900567104,1.361498461971422e-06,8.469446304282258e-07,0.011126693164073016,0.02594462155309176,0.11267605975575926,0.3746019454212653,0.101325,0.03835
0.1,0.04,1.0,0.001,0.0,1.0,0,unit_total_var,0.17126582278481015,0.4136618041704172,0.9999875,0.4136619610982322,0.4136618041704172,1.647550499139783e-06,9.155804345795105e-07,0.01060204315518643,0.025629736776032343,0.11130853254463684,0.3746019454212653,0.101325,0.03835
0.1,0.04,1.0,0.001,0.0,1.0,0,unit_total_var,0.17746835443037975,0.3989258870630562,0.9999875,0.3989260536350471,0.3989258870630562,1.813401528494296e-06,9.861649297171482e-07,0.010101133989016754,0.025320828546331258,0.1099669611489,0.3746019454212653,0.101325,0.03835
0.1,0.04,1.0,0.001,0.0,1.0,0,unit_total_var,0.18367088607594936,0.3846525051859967,0.9999875,0.3846526805348152,0.3846525051859967,1.9797871040339032e-06,8.852794413094499e-07,0.009623174612907015,0.025017839434722463,0.10865109615641537,0.3746019454212653,0.101325,0.03835
0.1,0.04,1.0,0.001,0.0,1.0,0,unit_total_var,0.18987341772151897,0.3708371801251896,0.9999875,0.3708373814128513,0.3708371801251896,2.357317488765886e-06,9.490846517579143e-07,0.009167343434039412,0.02472066967757829,0.10736050429925288,0.3746019454212653,0.101325,0.03835
0.1,0.04,1.0,0.001,0.0,1.0,0,unit_total_var,0.1960759493670886,0.3574742013360364,0.9999875,0.35747439438726275,0.3574742013360364,2.345373719236932e-06,8.521861869503766e-07,0.008732803562406211,0.024429185462245755,0.10609460443644468,0.3746019454212653,0.101325,0.03835
0.1,0.04,1.0,0.001,0.0,1.0,0,unit_total_var,0.20227848101265825,0.3445566748660629,0.9999875,0.34455689757106844,0.3445566748660629,2.807071544097539e-06,9.361161827925457e-07,0.00831871021744043,0.024143227585633344,0.10485270515774928,0.3746019454212653,0.101325,0.03835
0.1,0.04,1.0,0.001,0.0,1.0,0,unit_total_var,0.20848101265822785,0.3320768200357855,0.9999875,0.3320768200357855,0.332076821195997,1.517340031398362e-08,9.766515289832969e-07,0.007924222044377243,0.023862617220688,0.10363402982714306,0.30821044485510823,0.101325,0.03835
0.1,0.04,1.0,0.001,0.0,1.0,0,unit_total_var,0.21468354430379746,0.3200260495909253,0.9999875,0.3200262860230762,0.3200260495909253,3.2085244514590268e-06,8.676578733268768e-07,0.007548506299720826,0.02358716207436781,0.10243774332655596,0.30821044485510823,0.101325,0.03835
0.1,0.04,1.0,0.001,0.0,1.0,0,unit_total_var,0.2208860759493671,0.30839505904046416,0.9999875,0.3083953243244525,0.30839505904046416,3.7358355564620638e-06,9.189933165565378e-07,0.007190743250167601,0.02331666166293576,0.101262974966181,0.30821044485510823,0.101325,0.03835
0.1,0.04,1.0,0.001,0.0,1.0,0,unit_total_var,0.2270886075949367,0.2971740652399953,0.9999875,0.29717433884565164,0.2971740652399953,3.9985108370999e-06,9.704590089310015e-07,0.006850132725101146,0.023050910312678308,0.1001088315164295,0.30821044485510823,0.101325,0.03835
0.1,0.04,1.0,0.001,0.0,1.0,0,unit_total_var,0.23329113924050635,0.28635285989062226,0.9999875,0.2863531402091433,0.28635285989062226,4.251423481704819e-06,8.698554572195151e-07,0.006525896029806935,0.022789700903632044,0.09897441346672947,0.30821044485510823,0.101325,0.03835
0.1,0.04,1.0,0.001,0.0,1.0,0,unit_total_var,0.23949367088607595,0.27592083407836143,0.9999875,0.27592114496231435,0.27592083407836143,4.8932553298186585e-06,9.152274071944079e-07,0.006217276802664042,0.0225328283869218,0.09785883030113086,0.30821044485510823,0.101325,0.03835
0.1,0.04,1.0,0.001,0.0,1.0,0,unit_total_var,0.2456962025316456,0.2658672042502168,0.9999875,0.26586754762396825,0.2658672042502168,5.609011823004551e-06,9.604518060868372e-07,0.005923545367794913,0.02228009048539909,0.09676120354113968,0.30821044485510823,0.101325,0.03835
0.1,0.04,1.0,0.001,0.0,1.0,0,unit_total_var,0.2518987341772152,0.25618102743663484,0.9999875,0.2561813508044079,0.25618102743663484,5.481934093332086e-06,8.606003196742762e-07,0.005643998490922558,0.02203128993351615,0.0956806764733672,0.30821044485510823,0.101325,0.03835
0.1,0.04,1.0,0.001,0.0,1.0,0,unit_total_var,0.2581012658227848,0.24685118738609604,0.9999875,0.24685154249745955,0.24685118738609604,6.247601898934363e-06,9.003805513385643e-07,0.005377958431393124,0.021786236834994616,0.09461642438875524,0.30821044485510823,0.101325,0.03835
0.1,0.04,1.0,0.001,0.0,1.0,0,unit_total_var,0.2643037974683544,0.2378666098143005,0.9999875,0.23786699843242726,0.2378666098143005,7.095345172736246e-06,9.398979913255443e-07,0.00512477608007534,0.021544747638502896,0.09356765013399923,0.30821044485510823,0.101325,0.03835
0.1,0.04,1.0,0.001,0.0,1.0,0,unit_total_var,0.2705063291139241,0.2292162152270421,0.9999875,0.2292166091388843,0.2292162152270421,7.463415808039998e-06,9.790946091658979e-07,0.004883828980454218,0.021306646982268296,0.09253359212259693,0.30821044485510823,0.101325,0.03835
0.1,0.04,1.0,0.001,0.0,1.0,0,unit_total_var,0.2767088607594937,0.22088902164432286,0.9999875,0.2208894188628476,0.22088902164432286,7.809788689527862e-06,8.771900920079291e-07,0.004654522053025325,0.021071767253874975,0.0915135224230754,0.30821044485510823,0.101325,0.03835
0.1,0.04,1.0,0.001,0.0,1.0,0,unit_total_var,0.2829113924050633,0.21287406139373408,0.9999875,0.21287449278647505,0.21287406139373408,8.801039256489673e-06,9.117561297067313e-07,0.004436284946366195,0.02083995070757257,0.09050675595434532,0.30821044485510823,0.101325,0.03835
0.1,0.04,1.0,0.001,0.0,1.0,0,unit_total_var,0.2891139240506329,0.20516059772767986,0.9999875,0.20516106495790032,0.20516059772767986,9.890557821634616e-06,9.460352792256544e-07,0.004228574648677689,0.020611046641083063,0.08951263822472925,0.30821044485510823,0.101325,0.03835
0.1,0.04,1.0,0.001,0.0,1.0,0,unit_total_var,0.2953164556962025,0.19773803530145764,0.9999875,0.19773850577270316,0.19773803530145764,1.03330056067108e-05,9.800157421135938e-07,0.004030872669002722,0.02038491311425004,0.08853055279596024,0.30821044485510823,0.101325,0.03835
0.1,0.04,1.0,0.001,0.0,1.0,0,unit_total_var,0.3015189873417722,0.1905959793767456,0.9999875,0.1905964817162624,0.1905959793767456,1.1446358595179618e-05,9.949656245566985e-07,0.003842684868457017,0.020161416211520882,0.08755991808018282,0.30821044485510823,0.101325,0.03835
0.1,0.04,1.0,0.001,0.0,1.0,0,unit_total_var,0.3077215189873418,0.18372426931127395,0.9999875,0.1837242749721631,0.18372426931127395,1.338142698870115e-07,9.091645641889912e-07,0.003663540826990843,0.019940429431148845,0.0866001846872914,0.2983119035163257,0.101325,0.03835
0.1,0.04,1.0,0.001,0.0,1.0,0,unit_total_var,0.3139240506329114,0.17711289622237078,0.9999875,0.17711344205549925,0.17711289622237078,1.338422867647182e-05,9.558933959930016e-07,0.0034929914092371003,0.019721835528292302,0.0856508434294085,0.2983119035163257,0.101325,0.03835
0.1,0.04,1.0,0.001,0.0,1.0,0,unit_total_var,0.320126582278481,0.17075222486860714,0.9999875,0.1707527346238099,0.17075222486860714,1.2965192190073084e-05,8.760951382136284e-07,0.0033306112371100788,0.019505521756293158,0.08471140465401944,0.2983119035163257,0.101325,0.03835
0.1,0.04,1.0,0.001,0.0,1.0,0,unit_total_var,0.3263291139240506,0.16463273676483908,0.9999875,0.16463328328436513,0.16463273676483908,1.4416939492889469e-05,9.225115635835834e-07,0.003175993550155864,0.019291385252815443,0.08378142163567515,0.2983119035163257,0.101325,0.03835
0.1,0.04,1.0,0.001,0.0,1.0,0,unit_total_var,0.3325316455696203,0.1587452868267542,0.9999875,0.1587458717757749,0.1587452868267542,1.600297362625014e-05,9.703270675842646e-07,0.003028753273137888,0.0190793272271655,0.08286046533184445,0.2983119035163257,0.101325,0.03835
0.1,0.04,1.0,0.001,0.0,1.0,0,unit_total_var,0.3387341772151899,0.15308100484393086,0.9999875,0.15308155132040374,0.15308100484393086,1.5503640918623773e-05,8.912020081908167e-07,0.002888524471683445,0.018869254710134373,0.08194813198238299,0.2983119035163257,0.101325,0.03835
0.1,0.04,1.0,0.001,0.0,1.0,0,unit_total_var,0.3449367088607595,0.14763118079833734,0.9999875,0.1476317647192714,0.14763118079833734,1.7177478135010915e-05,9.368139961551949e-07,0.002754957775656897,0.01866108338874659,0.08104405542069078,0.2983119035163257,0.101325,0.03835
0.1,0.04,1.0,0.001,0.0,1.0,0,unit_total_var,0.3511392405063291,0.14238749358509875,0.9999875,0.14238807785158464,0.14238749358509875,1.7820609365060136e-05,9.83923639008566e-07,0.002627722959384208,0.018454731474107543,0.08014788044211169,0.2983119035163257,0.101325,0.03835
0.1,0.04,1.0,0.001,0.0,1.0,0,unit_total_var,0.3573417721518987,0.1373419023301772,0.9999875,0.13734248513585545,0.1373419023301772,1.8429099112537987e-05,9.060189838372423e-07,0.0025065064632662625,0.01825012192739612,0.0792592724712967,0.2983119035163257,0.101325,0.03835
0.1,0.04,1.0,0.001,0.0,1.0,0,unit_total_var,0.3635443037974684,0.13248652304302808,0.9999875,0.13248714428721656,0.13248652304302808,2.036450834452808e-05,9.513693348672804e-07,0.0023910089123317453,0.018047185913054795,0.07837793255921796,0.2983119035163257,0.101325,0.03835
0.1,0.04,1.0,0.001,0.0,1.0,0,unit_total_var,0.369746835443038,0.12781386137556106,0.9999875,0.12781448281562965,0.12781386137556106,2.1115654719849886e-05,9.983555337989005e-07,0.002280947719939268,0.01784585564813709,0.07750356632827916,0.2983119035163257,0.101325,0.03835
0.1,0.04,1.0,0.001,0.0,1.0,0,unit_total_var,0.3759493670886076,0.12331669621488085,0.9999875,0.12331731615118402,0.12331669621488085,2.183274829015147e-05,9.220760981420996e-07,0.0021760547052242507,0.017646067175141063,0.07663589601457865,0.2983119035163257,0.101325,0.03835
0.1,0.04,1.0,0.001,0.0,1.0,0,unit_total_var,0.3821518987341772,0.11898794946560742,0.9999875,0.11898860925057465,0.11898794946560742,2.4081445001655773e-05,9.67743131630172e-07,0.0020760737225246108,0.0174477645160587,0.07577467850871653,0.2983119035163257,0.101325,0.03835
0.1,0.04,1.0,0.001,0.0,1.0,0,unit_total_var,0.3883544303797468,0.11482096478473593,0.9999875,0.1148215843327962,0.11482096478473593,2.3433488689050822e-05,8.961508108917826e-07,0.001980763818950011,0.017250889875934313,0.07491966281038942,0.2983119035163257,0.101325,0.03835
0.1,0.04,1.0,0.001,0.0,1.0,0,unit_total_var,0.3945569620253165,0.11080918141539332,0.9999875,0.11080984062601386,0.11080918141539332,2.5836368402920584e-05,9.40856768272269e-07,0.001889894305923086,0.017055394524018632,0.07407063728464226,0.2983119035163257,0.101325,0.03835
0.1,0.04,1.0,0.001,0.0,1.0,0,unit_total_var,0.4007594936708861,0.10694641538373773,0.9999875,0.10694706607334886,0.10694641538373773,2.642351750381522e-05,9.559488594046428e-07,0.0018032479379825328,0.01686122841529792,0.07322738458874196,0.2983119035163257,0.101325,0.03835
0.1,0.04,1.0,0.001,0.0,1.0,0,unit_total_var,0.4069620253164557,0.10322668997041244,0.9999875,0.10322669218621754,0.10322668997041244,9.322316962823153e-08,9.177488464739979e-07,0.001720618123308141,0.016668345403706316,0.07238970431287081,0.2969301220145625,0.101325,0.03835
0.1,0.04,1.0,0.001,0.0,1.0,0,unit_total_var,0.4131645569620253,0.0996441986544956,0.9999875,0.09964490074196992,0.0996441986544956,3.060003952626289e-05,9.638247353560558e-07,0.0016418081070186676,0.016476705409729286,0.07155742239390885,0.2969301220145625,0.101325,0.03835
0.1,0.04,1.0,0.001,0.0,1.0,0,unit_total_var,0.4193670886075949,0.09619348863055444,0.9999875,0.0961941515872876,0.09619348863055444,2.99310756801674e-05,8.98470661203632e-07,0.0015666326965993586,0.01628626551445958,0.07073035243741019,0.2969301220145625,0.101325,0.03835
0.1,0.04,1.0,0.001,0.0,1.0,0,unit_total_var,0.4255696202531646,0.09286917664925337,0.9999875,0.0928698820293324,0.09286917664925337,3.2986349573604905e-05,9.443494748406779e-07,0.0014949143973061415,0.01609699204023426,0.06990834818314308,0.2969301220145625,0.101325,0.03835
0.1,0.04,1.0,0.001,0.0,1.0,0,unit_total_var,0.4317721518987342,0.0896662144895675,0.9999875,0.08966692336496716,0.0896662144895675,3.433394163820935e-05,9.924827635288125e-07,0.0014264862207055509,0.015908848486868146,0.06909125111281733,0.2969301220145625,0.101325,0.03835
0.1,0.04,1.0,0.001,0.0,1.0,0,unit_total_var,0.4379746835443038,0.08657976543939724,0.9999875,0.08658047654681822,0.08657976543939724,3.566985417080559e-05,9.290751914470264e-07,0.0013611897729085614,0.015721800192001513,0.0682789106897174,0.2969301220145625,0.101325,0.03835
0.1,0.04,1.0,0.001,0.0,1.0,0,unit_total_var,0.4441772151898734,0.08360506616752353,0.9999875,0.08360582311502257,0.08360506616752353,3.932018104002566e-05,9.774642388826749e-07,0.0012988733399156218,0.015535820967033341,0.06747121317819421,0.2969301220145625,0.101325,0.03835
0.1,0.04,1.0,0.001,0.0,1.0,0,unit_total_var,0.450379746835443,0.08073771448189368,0.9999875,0.08073843411807513,0.08073771448189368,3.870962062002548e-05,9.18074026579063e-07,0.0012393948299492456,0.0153508783088874,0.06666801741918119,0.2969301220145625,0.101325,0.03835
0.1,0.04,1.0,0.001,0.0,1.0,0,unit_total_var,0.4565822784810127,0.07797332753241519,0.9999875,0.07797409425734564,0.07797332753241519,4.270470170197882e-05,9.670556688767817e-07,0.0011826175898876474,0.015166950383078212,0.06586922858671278,0.2969301220145625,0.101325,0.03835
0.1,0.04,1.0,0.001,0.0,1.0,0,unit_total_var,0.4627848101265823,0.07530786821886162,0.9999875,0.07530859953554564,0.07530786821886162,4.2174246299708784e-05,9.114444621260986e-07,0.0011284137236899226,0.014984008316508157,0.06507472128651925,0.2969301220145625,0.101325,0.03835
0.1,0.04,1.0,0.001,0.0,1.0,0,unit_total_var,0.4689873417721519,0.07273730598167948,0.9999875,0.07273808599369376,0.07273730598167948,4.6572125915744784e-05,9.61364534202147e-07,0.0010766600997595057,0.014802034323771718,0.06428441827756587,0.2969301220145625,0.101325,0.03835
0.1,0.04,1.0,0.001,0.0,1.0,0,unit_total_var,0.4751898734177215,0.07025794175261282,0.9999875,0.07025868828982046,0.07025794175261282,4.614642262978919e-05,9.093267259174809e-07,0.0010272415657578422,0.014621002838012119,0.06349820852440446,0.2969301220145625,0.101325,0.03835
0.1,0.04,1.0,0.001,0.0,1.0,0,unit_total_var,0.4813924050632911,0.06786607009130406,0.9999875,0.06786686731603919,0.06786607009130406,5.101640175553257e-05,9.605481403607286e-07,0.0009800471237880297,0.014440899885163776,0.06271603133843927,0.2969301220145625,0.101325,0.03835
0.1,0.04,1.0,0.001,0.0,1.0,0,unit_total_var,0.4875949367088608,0.06555830409162766,0.9999875,0.06555906982098192,0.06555830409162766,5.072585322096757e-05,9.119138615343305e-07,0.0009349730579725244,0.014261702936454212,0.06193778887845465,0.2969301220145625,0.101325,0.03835
0.1,0.04,1.0,0.001,0.0,1.0,0,unit_total_var,0.4937974683544304,0.06333123752303982,0.9999875,0.06333205635609915,0.06333123752303982,5.615118135260389e-05,9.64826265326124e-07,0.0008919192551320369,0.01408340165163452,0.06116343623732012,0.2969301220145625,0.101325,0.03835
0.1,0.04,1.0,0.001,0.0,1.0,0,unit_total_var,0.5,0.061181765154423064,0.9999875,0.061182560544407974,0.061181765154423064,5.645983491397999e-05,9.182566507170977e-07,0.0008507922346606848,0.013905977255041292,0.06039289187336561,0.2969301220145625,0.101325,0.03835
0.1,0.04,1.0,0.001,0.0,10.0,0,unit_total_var,0.01,0.9391983000726496,0.9999875,0.9391983000726648,0.9391983000726496,6.933342788784101e-14,8.911374607123435e-07,0.03208741251099583,0.03416468333525921,0.14837533448475054,0.4429199379068701,0.101325,0.03835
0.1,0.04,1.0,0.001,0.0,10.0,0,unit_total_var,0.016202531645569618,0.9334028296374096,0.9999875,0.9334028296413582,0.9334028296374096,1.8372692256463094e-11,8.16616193333175e-07,0.03167868485059766,0.0339389209511006,0.1473948609081365,0.4429199379068701,0.101325,0.03835
0.1,0.04,1.0,0.001,0.0,10.0,0,unit_total_var,0.02240506329113924,0.9275647940240797,0.9999875,0.927564794033112,0.9275647940240797,4.2289616253299294e-11,9.412588042323479e-07,0.03127249935100265,0.033714625169560725,0.14642075670576707,0.4429199379068701,0.101325,0.03835
0.1,0.04,1.0,0.001,0.0,10.0,0,unit_total_var,0.028607594936708863,0.9217019497012,0.9999875,0.9217019497149956,0.9217019497012,6.500378013640784e-11,9.254731594410259e-07,0.03086893826586152,0.03349123681019521,0.14545059338782845,0.4429199379068701,0.101325,0.03835
0.1,0.04,1.0,0.001,0.0,10.0,0,unit_total_var,0.03481012658227848,0.9158226876422836,0.9999875,0.9158226876634272,0.9158226876422836,1.0026529606577128e-10,9.817267709877342e-07,0.030468038863605974,0.03326849102422178,0.1444832207306738,0.4429199379068701,0.101325,0.03835
0.1,0.04,1.0,0.001,0.0,10.0,0,unit_total_var,0.0410126582278481,0.9099317682736704,0.9999875,0.9099317683016336,0.9099317682736704,1.3346390659307872e-10,8.331044227816164e-07,0.030069821102912998,0.033046237257944845,0.14351798488791093,0.4429199379068701,0.101325,0.03835
0.1,0.04,1.0,0.001,0.0,10.0,0,unit_total_var,0.047215189873417725,0.9040322021923156,0.9999875,0.9040322022348726,0.9040322021923156,2.044430180703216e-10,9.6609392130631e-07,0.029674296666132957,0.03282438014284398,0.1425544716793181,0.4429199379068701,0.101325,0.03835
0.1,0.04,1.0,0.001,0.0,10.0,0,unit_total_var,0.05341772151898734,0.8981260370405254,0.9999875,0.8981260370897939,0.8981260370405254,2.3824081596401925e-10,8.782137683738257e-07,0.02928147272427416,0.03260285474047883,0.1415923990808323,0.4429199379068701,0.101325,0.03835
0.1,0.04,1.0,0.001,0.0,10.0,0,unit_total_var,0.05962025316455696,0.8922147403046522,0.9999875,0.8922147403701234,0.8922147403046522,3.1868757632835814e-10,8.178114967449801e-07,0.028891353757770574,0.03238161448431735,0.14063156485657438,0.4429199379068701,0.101325,0.03835
0.1,0.04,1.0,0.001,0.0,10.0,0,unit_total_var,0.06582278481012659,0.8862994060948991,0.9999875,0.8862994061705194,0.8862994060948991,3.7054603829744787e-10,7.765293048578313e-07,0.02850394253779401,0.03216062466225099,0.13967181825377234,0.4429199379068701,0.101325,0.03835
0.1,0.04,1.0,0.001,0.0,10.0,0,unit_total_var,0.0720253164556962,0.8803808757504059,1.0,0.8803808758499126,0.8803808757504059,4.908696782379708e-10,9.755694918567317e-07,0.028119240694327585,0.03193985860989964,0.1387130434704948,0.4429199379068701,0.101325,0.03835
0.1,0.04,1.0,0.001,0.0,10.0,0,unit_total_var,0.07822784810126583,0.8744598125704557,1.0,0.8744598126853541,0.8744598125704557,5.706352057543995e-10,9.520758794678841e-07,0.027737249069886262,0.03171929535372612,0.13775514941982706,0.4429199379068701,0.101325,0.03835
0.1,0.04,1.0,0.001,0.0,10.0,0,unit_total_var,0.08443037974683544,0.8685367502354171,1.0,0.8685367503680429,0.8685367502354171,6.631688531655301e-10,9.397879239259056e-07,0.027357967941704812,0.03149891807605082,0.1367980630635146,0.4429199379068701,0.101325,0.03835
0.1,0.04,1.0,0.001,0.0,10.0,0,unit_total_var,0.09063291139240506,0.8626121255756006,1.0,0.8626121257286344,0.8626121255756006,7.704707982725267e-10,9.367720394948264e-07,0.026981397176627796,0.03127871308164576,0.1358417249239381,0.4429199379068701,0.101325,0.03835
0.1,0.04,1.0,0.001,0.0,10.0,0,unit_total_var,0.09683544303797467,0.8566863013722356,1.0,0.8566863015487522,0.8566863013722356,8.948459750968142e-10,9.417142337042607e-07,0.0266075363358169,0.031058669075479658,0.13488608594739984,0.4429199379068701,0.101325,0.03835
0.1,0.04,1.0,0.001,0.0,10.0,0,unit_total_var,0.1030379746835443,0.8507595826764717,1.0,0.8507595829027571,0.8507595826764717,1.1551379852647872e-09,9.273194336856251e-07,0.026236384749959644,0.030838776646418167,0.1339311052618628,0.4429199379068701,0.101325,0.03835
0.1,0.04,1.0,0.001,0.0,10.0,0,unit_total_var,0.10924050632911393,0.8448322288834234,1.0,0.8448322288834234,0.8448322289079939,1.2630740897634496e-10,9.286890190196572e-07,0.02586794157329815,0.03061902788378072,0.13297674851167762,0.3967842813264813,0.101325,0.03835
0.1,0.04,1.0,0.001,0.0,10.0,0,unit_total_var,0.11544303797468355,0.8389044625976708,1.0,0.8389044628679468,0.8389044625976708,1.3991985348127402e-09,9.968310905605906e-07,0.02550220582435512,0.03039941609726028,0.13202298664121026,0.3967842813264813,0.101325,0.03835
0.1,0.04,1.0,0.001,0.0,10.0,0,unit_total_var,0.12164556962025315,0.8329764764867831,1.0,0.8329764767611334,0.8329764764867831,1.4303985773622685e-09,8.017605068744159e-07,0.02513917642037649,0.03017993560443045,0.13106979497199625,0.3967842813264813,0.101325,0.03835
0.1,0.04,1.0,0.001,0.0,10.0,0,unit_total_var,0.12784810126582274,0.8270484385611168,1.0,0.8270484388772191,0.8270484385611168,1.6598967755854233e-09,8.318028221765417e-07,0.02477885218972472,0.029960581550500836,0.13011715241994884,0.3967842813264813,0.101325,0.03835
0.1,0.04,1.0,0.001,0.0,10.0,0,unit_total_var,0.1340506329113924,0.8211204964326873,1.0,0.8211204967967729,0.8211204964326873,1.9256660710453848e-09,8.665770110383163e-07,0.02442123190407293,0.02974134978991466,0.12916504098114373,0.3967842813264813,0.101325,0.03835
0.1,0.04,1.0,0.001,0.0,10.0,0,unit_total_var,0.14025316455696205,0.8151927805075194,1.0,0.8151927809267286,0.8151927805075194,2.2333398463914027e-09,9.062172239282519e-07,0.024066314284337236,0.029522236776133037,0.1282134452531582,0.3967842813264813,0.101325,0.03835
0.1,0.04,1.0,0.001,0.0,10.0,0,unit_total_var,0.14645569620253165,0.8092654066715465,1.0,0.8092654071009426,0.8092654066715465,2.304366364391797e-09,9.509215033176588e-07,0.023714098013956315,0.02930323947923437,0.12726235207721,0.3967842813264813,0.101325,0.03835
0.1,0.04,1.0,0.001,0.0,10.0,0,unit_total_var,0.15265822784810126,0.8033384785028278,1.0,0.8033384789405575,0.8033384785028278,2.366419837862565e-09,7.889080961831495e-07,0.023364581751209836,0.029084355320255693,0.12631175025300528,0.3967842813264813,0.101325,0.03835
0.1,0.04,1.0,0.001,0.0,10.0,0,unit_total_var,0.1588607594936709,0.7974120888191334,1.0,0.7974120893236157,0.7974120888191334,2.7475617336847336e-09,8.344202342414064e-07,0.023017764123871142,0.02886558210818893,0.12536163026511687,0.3967842813264813,0.101325,0.03835
0.1,0.04,1.0,0.001,0.0,10.0,0,unit_total_var,0.1650632911392405,0.7914863214569062,1.0,0.7914863220381203,0.7914863214569062,3.189165376227265e-09,8.848621178003668e-07,0.022673643753436515,0.028646918005734632,0.12441198413425456,0.3967842813264813,0.101325,0.03835
0.1,0.04,1.0,0.001,0.0,10.0,0,unit_total_var,0.17126582278481015,0.7855612522835844,1.0,0.7855612529529704,0.7855612522835844,3.700674433559925e-09,9.406031153957883e-07,0.022332219248053158,0.028428361484396782,0.1234628052222446,0.3967842813264813,0.101325,0.03835
0.1,0.04,1.0,0.001,0.0,10.0,0,unit_total_var,0.17746835443037975,0.7796369503463161,1.0,0.7796369509587385,0.7796369503463161,3.4114813196595147e-09,7.960006200846692e-07,0.021993489213581397,0.02820991129757492,0.12251408811516985,0.3967842813264813,0.101325,0.03835
0.1,0.04,1.0,0.001,0.0,10.0,0,unit_total_var,0.18367088607594936,0.7737134784380145,1.0,0.77371347914424,0.7737134784380145,3.964127026634401e-09,8.51395611789485e-07,0.02165745224022636,0.027991566443884085,0.12156582846407085,0.3967842813264813,0.101325,0.03835
0.1,0.04,1.0,0.001,0.0,10.0,0,unit_total_var,0.18987341772151897,0.7677908942623879,1.0,0.7677908950765036,0.7677908942623879,4.604977066335891e-09,9.123545510192345e-07,0.021324106929189283,0.02777332616021088,0.12061802295478813,0.3967842813264813,0.101325,0.03835
0.1,0.04,1.0,0.001,0.0,10.0,0,unit_total_var,0.1960759493670886,0.7618692507834635,1.0,0.7618692516254307,0.7618692507834635,4.799534103483437e-09,9.79376181931002e-07,0.020993451879251987,0.027555189893362284,0.1196706691848349,0.3967842813264813,0.101325,0.03835
0.1,0.04,1.0,0.001,0.0,10.0,0,unit_total_var,0.20227848101265825,0.7559485966796783,1.0,0.7559485978033695,0.7559485966796783,6.45563602574839e-09,9.936190963344416e-07,0.020665485693899317,0.027337157294381485,0.11872376563871105,0.3967842813264813,0.101325,0.03835
0.1,0.04,1.0,0.001,0.0,10.0,0,unit_total_var,0.20848101265822785,0.7500289775540666,1.0,0.7500289775540666,0.7500289776943807,8.124703132494915e-10,8.519123184669297e-07,0.02034020698274573,0.02711922817845993,0.11777731151380323,0.3512034238804316,0.101325,0.03835
0.1,0.04,1.0,0.001,0.0,10.0,0,unit_total_var,0.21468354430379746,0.7441104350476527,1.0,0.7441104360845209,0.7441104350476527,6.051602996492989e-09,9.826028986026358e-07,0.020017614345681996,0.026901402537648958,0.11683130677559075,0.3512034238804316,0.101325,0.03835
0.1,0.04,1.0,0.001,0.0,10.0,0,unit_total_var,0.2208860759493671,0.7381930081171578,1.0,0.738193009187067,0.7381930081171578,6.294500920489554e-09,8.559019306630943e-07,0.019697706416937667,0.026683680555548515,0.11588575222143815,0.3512034238804316,0.101325,0.03835
0.1,0.04,1.0,0.001,0.0,10.0,0,unit_total_var,0.2270886075949367,0.7322767330591876,1.0,0.7322767342947817,0.7322767330591876,7.327990214633928e-09,9.287809348279552e-07,0.019380481808282585,0.02646606253255915,0.1149406491559684,0.3512034238804316,0.101325,0.03835
0.1,0.04,1.0,0.001,0.0,10.0,0,unit_total_var,0.23329113924050635,0.7263616441805146,1.0,0.7263616453339943,0.7263616441805146,6.896700099900953e-09,8.15582950508542e-07,0.019065939166122918,0.026248548940979968,0.11399599963035045,0.3512034238804316,0.101325,0.03835
0.1,0.04,1.0,0.001,0.0,10.0,0,unit_total_var,0.23949367088607595,0.720447773203027,1.0,0.7204477745367742,0.720447773203027,8.039987120511682e-09,8.886361797522112e-07,0.018754077119413744,0.026031140378205763,0.11305180623903688,0.3512034238804316,0.101325,0.03835
0.1,0.04,1.0,0.001,0.0,10.0,0,unit_total_var,0.2456962025316456,0.7145351503354217,1.0,0.7145351518770798,0.7145351503354217,9.370198617020264e-09,9.69167388120695e-07,0.01844489432459996,0.025813837592092485,0.1121080722299249,0.3512034238804316,0.101325,0.03835
0.1,0.04,1.0,0.001,0.0,10.0,0,unit_total_var,0.2518987341772152,0.7086238041413844,1.0,0.7086238055901429,0.7086238041413844,8.879010859885739e-09,8.600800356362015e-07,0.018138389448961574,0.02559664146611509,0.11116480143989743,0.3512034238804316,0.101325,0.03835
0.1,0.04,1.0,0.001,0.0,10.0,0,unit_total_var,0.2581012658227848,0.7027137611921529,1.0,0.7027137628687936,0.7027137611921529,1.036205343751817e-08,9.414496844328823e-07,0.017834561144959498,0.02537955299851135,0.11022199820424604,0.3512034238804316,0.101325,0.03835
0.1,0.04,1.0,0.001,0.0,10.0,0,unit_total_var,0.2643037974683544,0.6968050473063632,1.0,0.6968050488898919,0.6968050473063632,9.869587147548486e-09,8.416320724791149e-07,0.017533408105141726,0.025162573338009763,0.10927966751183528,0.3512034238804316,0.101325,0.03835
0.1,0.04,1.0,0.001,0.0,10.0,0,unit_total_var,0.2705063291139241,0.6908976864164829,1.0,0.6908976882513078,0.6908976864164829,1.1533608956781904e-08,9.244017746823374e-07,0.01723492899868027,0.024945703738094162,0.10833781480647617,0.3512034238804316,0.101325,0.03835
0.1,0.04,1.0,0.001,0.0,10.0,0,unit_total_var,0.2767088607594937,0.6849917020015842,1.0,0.6849917037431755,0.6849917020015842,1.1041936920364036e-08,8.32278033158218e-07,0.016939122536406132,0.024728945601689863,0.10739644618099596,0.3512034238804316,0.101325,0.03835
0.1,0.04,1.0,0.001,0.0,10.0,0,unit_total_var,0.2829113924050633,0.6790871158330241,1.0,0.6790871178534134,0.6790871158330241,1.2920933212257069e-08,9.170578039174869e-07,0.016645987403613585,0.024512300433198842,0.10645556816892944,0.3512034238804316,0.101325,0.03835
0.1,0.04,1.0,0.001,0.0,10.0,0,unit_total_var,0.2891139240506329,0.6731839494872063,1.0,0.6731839514144653,0.6731839494872063,1.2433420959467869e-08,8.313724038089276e-07,0.016355522328916478,0.024295769887822186,0.1055151879587236,0.3512034238804316,0.101325,0.03835
0.1,0.04,1.0,0.001,0.0,10.0,0,unit_total_var,0.2953164556962025,0.6672822229605591,1.0,0.6672822251989935,0.6672822229605591,1.4568644068901905e-08,9.188268847992731e-07,0.016067726012725558,0.024079355720638268,0.10457531317258699,0.3512034238804316,0.101325,0.03835
0.1,0.04,1.0,0.001,0.0,10.0,0,unit_total_var,0.3015189873417722,0.6613819556425403,1.0,0.6613819584299772,0.6613819556425403,1.8303620619164462e-08,9.017455795401474e-07,0.01578259719680668,0.02386305985846515,0.10363595217858404,0.3512034238804316,0.101325,0.03835
0.1,0.04,1.0,0.001,0.0,10.0,0,unit_total_var,0.3077215189873418,0.655483167535584,1.0,0.655483167535584,0.6554831679940794,3.0377895754440946e-09,8.492262395520811e-07,0.015500134611657319,0.023646884282220518,0.10269711357973108,0.30598015028153197,0.101325,0.03835
0.1,0.04,1.0,0.001,0.0,10.0,0,unit_total_var,0.3139240506329114,0.6495858768712498,1.0,0.6495858792749526,0.6495858768712498,1.6070467179218898e-08,8.538150950698764e-07,0.015220336992582729,0.023430831141052433,0.10175880670965942,0.30598015028153197,0.101325,0.03835
0.1,0.04,1.0,0.001,0.0,10.0,0,unit_total_var,0.320126582278481,0.643690100249034,1.0,0.6436901030473847,0.643690100249034,1.888033196451033e-08,9.488893510933849e-07,0.01494320308445164,0.02321490275937185,0.10082104166315768,0.30598015028153197,0.101325,0.03835
0.1,0.04,1.0,0.001,0.0,10.0,0,unit_total_var,0.3263291139240506,0.6377958559044773,1.0,0.6377958586133861,0.6377958559044773,1.8445777794084958e-08,8.772636022058579e-07,0.01466873165838371,0.022999101550419364,0.09988382892079653,0.30598015028153197,0.101325,0.03835
0.1,0.04,1.0,0.001,0.0,10.0,0,unit_total_var,0.3325316455696203,0.6319031601802917,1.0,0.6319031633376027,0.6319031601802917,2.169957080688789e-08,9.774611555712909e-07,0.014396921451011962,0.022783430054225874,0.09894717951378999,0.30598015028153197,0.101325,0.03835
0.1,0.04,1.0,0.001,0.0,10.0,0,unit_total_var,0.3387341772151899,0.6260120300569494,1.0,0.6260120331281946,0.6260120300569494,2.13066968512976e-08,9.093333801502013e-07,0.014127771251531546,0.022567890988047498,0.09801110524303153,0.30598015028153197,0.101325,0.03835
0.1,0.04,1.0,0.001,0.0,10.0,0,unit_total_var,0.3449367088607595,0.620122481352541,1.0,0.6201224843500417,0.620122481352541,2.0992594773616705e-08,8.493431380429682e-07,0.013861279817686548,0.02235248718519911,0.09707561841345122,0.30598015028153197,0.101325,0.03835
0.1,0.04,1.0,0.001,0.0,10.0,0,unit_total_var,0.3511392405063291,0.6142345295539575,1.0,0.6142345330568342,0.6142345295539575,2.4767086603816324e-08,9.506817946203228e-07,0.013597445911628371,0.02213722162689635,0.0961407319723041,0.30598015028153197,0.101325,0.03835
0.1,0.04,1.0,0.001,0.0,10.0,0,unit_total_var,0.3573417721518987,0.6083481907164618,1.0,0.6083481941516842,0.6083481907164618,2.45237532503495e-08,8.933487265494476e-07,0.013336268337037448,0.02192209747731986,0.09520645966145212,0.30598015028153197,0.101325,0.03835
0.1,0.04,1.0,0.001,0.0,10.0,0,unit_total_var,0.3635443037974684,0.6024634797791175,1.0,0.6024634831591426,0.6024634797791175,2.4365397255365906e-08,8.427560089785401e-07,0.013077745862930009,0.02170711802767652,0.0942728157744251,0.30598015028153197,0.101325,0.03835
0.1,0.04,1.0,0.001,0.0,10.0,0,unit_total_var,0.369746835443038,0.5965804114386986,1.0,0.5965804153988548,0.5965804114386986,2.8828871290187408e-08,9.473920670188818e-07,0.012821877260848552,0.02149228673118454,0.09333981530835922,0.30598015028153197,0.101325,0.03835
0.1,0.04,1.0,0.001,0.0,10.0,0,unit_total_var,0.3759493670886076,0.590699001132957,1.0,0.5906990050480587,0.590699001132957,2.8784660877079208e-08,8.990050730517395e-07,0.012568661344859684,0.021277607242864927,0.092407474136809,0.30598015028153197,0.101325,0.03835
0.1,0.04,1.0,0.001,0.0,10.0,0,unit_total_var,0.3821518987341772,0.5848192631850601,1.0,0.5848192670683185,0.5848192631850601,2.883758964955518e-08,8.563515621062835e-07,0.01231809689021325,0.02106308335865352,0.09147580874531433,0.30598015028153197,0.101325,0.03835
0.1,0.04,1.0,0.001,0.0,10.0,0,unit_total_var,0.3883544303797468,0.5789412117418152,1.0,0.5789412163032344,0.5789412117418152,3.421762206912149e-08,9.666323137480506e-07,0.012070182672619676,0.020848719054401155,0.09054483640077604,0.30598015028153197,0.101325,0.03835
0.1,0.04,1.0,0.001,0.0,10.0,0,unit_total_var,0.3945569620253165,0.5730648618708055,1.0,0.5730648664164922,0.5730648618708055,3.444927054729874e-08,9.26053019156825e-07,0.011824917512112338,0.02063451853165306,0.08961457535027313,0.30598015028153197,0.101325,0.03835
0.1,0.04,1.0,0.001,0.0,10.0,0,unit_total_var,0.4007594936708861,0.5671902261147761,1.0,0.5671902320276374,0.5671902261147761,4.5274458404520594e-08,8.739475845231938e-07,0.011582300186015365,0.020420486201522762,0.08868504475102831,0.30598015028153197,0.101325,0.03835
0.1,0.04,1.0,0.001,0.0,10.0,0,unit_total_var,0.4069620253164557,0.561317321077843,1.0,0.561317321077843,0.561317322755307,1.2978636387828146e-08,9.087086993986305e-07,0.011342329474837263,0.02020662653533957,0.08775626402177797,0.3007003470077984,0.101325,0.03835
0.1,0.04,1.0,0.001,0.0,10.0,0,unit_total_var,0.4131645569620253,0.5554461614027454,1.0,0.5554461667785686,0.5554461614027454,4.203270353997368e-08,9.758006740412384e-07,0.011105004172935308,0.01999294431145279,0.08682825391462955,0.3007003470077984,0.101325,0.03835
0.1,0.04,1.0,0.001,0.0,10.0,0,unit_total_var,0.4193670886075949,0.5495767582674013,1.0,0.5495767636846581,0.5495767582674013,4.280902921038887e-08,9.470539055200786e-07,0.010870323080692914,0.019779444667497863,0.08590103674205021,0.3007003470077984,0.101325,0.03835
0.1,0.04,1.0,0.001,0.0,10.0,0,unit_total_var,0.4255696202531646,0.5437091269701282,1.0,0.5437091324466756,0.5437091269701282,4.374460926825918e-08,9.225074677488009e-07,0.010638284972342538,0.01956613278063845,0.08497463498817605,0.3007003470077984,0.101325,0.03835
0.1,0.04,1.0,0.001,0.0,10.0,0,unit_total_var,0.4317721518987342,0.5378432815026226,1.0,0.5378432870568374,0.5378432815026226,4.484884152944347e-08,9.018544631089752e-07,0.010408888629177809,0.01935301413470766,0.08404907246899171,0.3007003470077984,0.101325,0.03835
0.1,0.04,1.0,0.001,0.0,10.0,0,unit_total_var,0.4379746835443038,0.5319792358447843,1.0,0.5319792414957433,0.5319792358447843,4.613300852440716e-08,8.848392383242754e-07,0.01018213282853147,0.01914009446696208,0.08312437410108592,0.3007003470077984,0.101325,0.03835
0.1,0.04,1.0,0.001,0.0,10.0,0,unit_total_var,0.4441772151898734,0.5261170039766658,1.0,0.5261170097443391,0.5261170039766658,4.7610486664240164e-08,8.712521548659424e-07,0.00995801634304311,0.018927379780115914,0.08220056595391524,0.3007003470077984,0.101325,0.03835
0.1,0.04,1.0,0.001,0.0,10.0,0,unit_total_var,0.450379746835443,0.5202565994190765,1.0,0.5202566062664157,0.5202565994190765,5.715951667539798e-08,9.980698223444051e-07,0.009736537921978473,0.01871487633765796,0.0812776752294659,0.3007003470077984,0.101325,0.03835
0.1,0.04,1.0,0.001,0.0,10.0,0,unit_total_var,0.4565822784810127,0.5143980371193111,1.0,0.5143980441399705,0.5143980371193111,5.927381874215598e-08,9.879496047915381e-07,0.009517696362055666,0.018502590747343967,0.0803557306248565,0.3007003470077984,0.101325,0.03835
0.1,0.04,1.0,0.001,0.0,10.0,0,unit_total_var,0.4627848101265823,0.5085413306563024,1.0,0.5085413378773582,0.5085413306563024,6.166784327632513e-08,9.813710732942127e-07,0.0093014903993059,0.018290529871587392,0.07943476194316998,0.3007003470077984,0.101325,0.03835
0.1,0.04,1.0,0.001,0.0,10.0,0,unit_total_var,0.4689873417721519,0.5026864941146588,1.0,0.5026865015651637,0.5026864941146588,6.436841193391273e-08,9.782439178707136e-07,0.00908791877976684,0.01807870091233037,0.07851480046204365,0.3007003470077984,0.101325,0.03835
0.1,0.04,1.0,0.001,0.0,10.0,0,unit_total_var,0.4751898734177215,0.4968335416278298,1.0,0.4968335493391402,0.4968335416278298,6.740646973923957e-08,9.785150041352608e-07,0.008876980240720658,0.01786711141046565,0.07759587893115856,0.3007003470077984,0.101325,0.03835
0.1,0.04,1.0,0.001,0.0,10.0,0,unit_total_var,0.4813924050632911,0.4909824873860512,1.0,0.490982495392197,0.4909824873860512,7.081769703987106e-08,9.8216708011023e-07,0.00866867350978254,0.017655769263653004,0.07667803164961537,0.3007003470077984,0.101325,0.03835
0.1,0.04,1.0,0.001,0.0,10.0,0,unit_total_var,0.4875949367088608,0.4851333456438168,1.0,0.4851333539819146,0.4851333456438168,7.464318541039461e-08,9.89218023050853e-07,0.008462997303948049,0.017444682745352966,0.07576129454859662,0.3007003470077984,0.101325,0.03835
0.1,0.04,1.0,0.001,0.0,10.0,0,unit_total_var,0.4937974683544304,0.4792861307269133,1.0,0.4792861394376341,0.4792861307269133,7.893026054972553e-08,9.997209957646194e-07,0.008259950328594636,0.017233860525167108,0.07484570527970354,0.3007003470077984,0.101325,0.03835
0.1,0.04,1.0,0.001,0.0,10.0,0,unit_total_var,0.5,0.4734408534589444,1.0,0.47344086559572,0.4734408534589444,1.1133248278838437e-07,9.966725542653878e-07,0.008059531277151666,0.017023311820830368,0.07393130387505024,0.3007003470077984,0.101325,0.03835
0.1,0.01,0.0,0.001,-0.00099,0.0,0,unit_total_var,0.01,1.0997486764419178,0.9899,1.0997486764419178,1.0997486764540163,4.777833684244114e-11,8.372391135935686e-07,0.06360075756399651,0.057832083753688,0.2511615485119339,0.7072883133038147,0.1018875,0.009675
0.1,0.01,0.0,0.001,-0.00099,0.0,0,unit_total_var,0.016202531645569618,1.0831798206128798,0.9907625,1.0831798260856629,1.0831798206128798,2.1942797079343993e-08,9.954193700423277e-07,0.057521705862523274,0.053104484378204725,0.23062984529771746,0.7072883133038147,0.1018875,0.009675
0.1,0.01,0.0,0.001,-0.00099,0.0,0,unit_total_var,0.02240506329113924,1.0203004825177373,0.9912375,1.02030049750089,1.0203004825177373,6.37763150207471e-08,9.04587217576136e-07,0.05080936112480579,0.0497984289877296,0.21627182916821902,0.7072883133038147,0.1018875,0.009675
0.1,0.01,0.0,0.001,-0.00099,0.0,0,unit_total_var,0.028607594936708863,0.9226412553143511,0.9916625,0.9226412859276938,0.9226412553143511,1.4409940463089302e-07,9.189094285488865e-07,0.04337610563378006,0.04701296997498933,0.2041747343802112,0.7072883133038147,0.1018875,0.009675
0.1,0.01,0.0,0.001,-0.00099,0.0,0,unit_total_var,0.03481012658227848,0.8093325783762171,0.992,0.8093326309445614,0.8093325783762171,2.820860265373426e-07,8.738831382970602e-07,0.03625795034571877,0.044799815693152924,0.19456312745819013,0.7072883133038147,0.1018875,0.009675
0.1,0.01,0.0,0.001,-0.00099,0.0,0,unit_total_var,0.0410126582278481,0.6943014017590652,0.992175,0.6943014817035037,0.6943014017590652,5.000627454343487e-07,8.815196643752188e-07,0.029770878331239762,0.0428788970551017,0.1862206838112826,0.7072883133038147,0.1018875,0.009675
0.1,0.01,0.0,0.001,-0.00099,0.0,0,unit_total_var,0.047215189873417725,0.5840928418677599,0.9923,0.5840929642853249,0.5840928418677599,9.102194646892768e-07,9.524682837991351e-07,0.02402577126879479,0.04113348006794147,0.17864043414984376,0.7072883133038147,0.1018875,0.009675
0.1,0.01,0.0,0.001,-0.00099,0.0,0,unit_total_var,0.05341772151898734,0.4802082808884325,0.99245,0.4802084581392271,0.4802082808884325,1.6030341591921624e-06,9.46521316436133e-07,0.019057920332133958,0.03968677986326045,0.172357494991231,0.7072883133038147,0.1018875,0.009675
0.1,0.01,0.0,0.001,-0.00099,0.0,0,unit_total_var,0.05962025316455696,0.3833962164882623,0.99255,0.3833964734532785,0.3833962164882623,2.910786450094349e-06,9.625658332623743e-07,0.014828685497026116,0.03867718266197365,0.1679728700565928,0.7072883133038147,0.1018875,0.009675
0.1,0.01,0.0,0.001,-0.00099,0.0,0,unit_total_var,0.06582278481012659,0.2942604626443356,0.9926125,0.2942608263316853,0.2942604626443356,5.3676022284676606e-06,9.609316178327276e-07,0.01114856473087242,0.03788672331541658,0.1645399487328069,0.7072883133038147,0.1018875,0.009675
0.1,0.01,0.0,0.001,-0.00099,0.0,0,unit_total_var,0.0720253164556962,0.21481040034855395,0.9926375,0.21481091850347894,0.21481040034855395,1.047582207114317e-05,9.797589735072165e-07,0.00789744755076068,0.036764735496727284,0.15966721754861266,0.7072883133038147,0.1018875,0.009675
0.1,0.01,0.0,0.001,-0.00099,0.0,0,unit_total_var,0.07822784810126583,0.14983660580867075,0.9926125,0.14983727334508432,0.14983660580867075,1.9348191553802966e-05,9.632199071685221e-07,0.0052810335521844606,0.03524528284448671,0.15306831852479924,0.7072883133038147,0.1018875,0.009675
0.1,0.01,0.0,0.001,-0.00099,0.0,0,unit_total_var,0.08443037974683544,0.10053094671170408,0.9926375,0.1005318087680376,0.10053094671170408,3.7240741862731845e-05,9.828716447390915e-07,0.0034157197582699275,0.03397679888627032,0.14755936269043746,0.7072883133038147,0.1018875,0.009675
0.1,0.01,0.0,0.001,-0.00099,0.0,0,unit_total_var,0.09063291139240506,0.06467901204582538,0.992625,0.06468010490164006,0.06467901204582538,7.338040967574955e-05,9.804229125220942e-07,0.002143049169661173,0.033133610144552184,0.14389744051312614,0.7072883133038147,0.1018875,0.009675
0.1,0.01,0.0,0.001,-0.00099,0.0,0,unit_total_var,0.09683544303797467,0.04036151017819648,0.992575,0.04036279870618916,0.04036151017819648,0.00013864487780423929,9.699700670995348e-07,0.001307970789290789,0.03240638874799493,0.14073915811665824,0.7072883133038147,0.1018875,0.009675
0.1,0.01,0.0,0.001,-0.00099,0.0,0,unit_total_var,0.1030379746835443,0.02485600343007537,0.992475,0.02485748608633924,0.02485600343007537,0.00025904817401212204,9.908345594278334e-07,0.0007800502707931469,0.031382771288537024,0.1362936439744343,0.7072883133038147,0.1018875,0.009675
0.1,0.01,0.0,0.001,-0.00099,0.0,0,unit_total_var,0.10924050632911393,0.015247331008203998,0.9924125,0.015247331008203998,0.01524734264832532,3.3154907761456798e-06,9.98860273077051e-07,0.00046235824259264796,0.03032388044464115,0.1316949394700158,0.3869068042273521,0.1018875,0.009675
0.1,0.01,0.0,0.001,-0.00099,0.0,0,unit_total_var,0.11544303797468355,0.009334304616853192,0.9923,0.009336143815046568,0.009334304616853192,0.0008556341129164481,9.826147884389735e-07,0.00027524032347526535,0.029486966064758136,0.12806026649992902,0.3869068042273521,0.1018875,0.009675
0.1,0.01,0.0,0.001,-0.00099,0.0,0,unit_total_var,0.12164556962025315,0.005763960078728549,0.9922375,0.005765971723696529,0.005763960078728549,0.00151544056457098,9.957066997509643e-07,0.000166259520374721,0.028844668960891832,0.12527080562041326,0.3869068042273521,0.1018875,0.009675
0.1,0.01,0.0,0.001,-0.00099,0.0,0,unit_total_var,0.12784810126582274,0.0036221554217488227,0.992175,0.0036239762258429274,0.0036221554217488227,0.0021825857596766696,9.879591420652869e-07,0.0001026615981685792,0.028342681695036943,0.12309070262494848,0.3869068042273521,0.1018875,0.009675
0.1,0.01,0.0,0.001,-0.00099,0.0,0,unit_total_var,0.1340506329113924,0.00231601436686922,0.9920875,0.0023174900453440533,0.00231601436686922,0.002766282206025039,9.910924064354678e-07,6.451627932407677e-05,0.027856597198613088,0.12097966447959245,0.3869068042273521,0.1018875,0.009675
0.1,0.01,0.0,0.001,-0.00099,0.0,0,unit_total_var,0.14025316455696205,0.0015104682848488512,0.99195,0.0015116645316921105,0.0015104682848488512,0.003438124408766896,9.869013963964555e-07,4.134704862415675e-05,0.027373662220451227,0.1188823045182548,0.3869068042273521,0.1018875,0.009675
0.1,0.01,0.0,0.001,-0.00099,0.0,0,unit_total_var,0.14645569620253165,0.001005161811044756,0.9918125,0.0010061513474926263,0.001005161811044756,0.0042733301057751305,9.97310353322012e-07,2.705472615775306e-05,0.026915791925712564,0.11689379909393065,0.3869068042273521,0.1018875,0.009675
0.1,0.01,0.0,0.001,-0.00099,0.0,0,unit_total_var,0.15265822784810126,0.0006827563938677707,0.9916875,0.0006835527090687993,0.0006827563938677707,0.005062329396430697,9.77527702249181e-07,1.8081985032671548e-05,0.02648380182899244,0.1150176899415066,0.3869068042273521,0.1018875,0.009675
0.1,0.01,0.0,0.001,-0.00099,0.0,0,unit_total_var,0.1588607594936709,0.0004730158090439962,0.9915375,0.00047368177790763164,0.0004730158090439962,0.006110222615795635,9.759815227314286e-07,1.2335360481668002e-05,0.026078114612276448,0.1132558127455222,0.3869068042273521,0.1018875,0.009675
0.1,0.01,0.0,0.001,-0.00099,0.0,0,unit_total_var,0.1650632911392405,0.00033359808523710785,0.9914875,0.0003341554377107408,0.00033359808523710785,0.007249835505668045,9.787794754377577e-07,8.571905444953662e-06,0.02569530768997401,0.11159330340561903,0.3869068042273521,0.1018875,0.009675
0.1,0.01,0.0,0.001,-0.00099,0.0,0,unit_total_var,0.17126582278481015,0.00023897222986956783,0.99145,0.0002394409527956295,0.00023897222986956783,0.008509959710131909,9.75455567115563e-07,6.0527592410621525e-06,0.02532829544405966,0.10999938947370386,0.3869068042273521,0.1018875,0.009675
0.1,0.01,0.0,0.001,-0.00099,0.0,0,unit_total_var,0.17746835443037975,0.00017363141456673946,0.991325,0.00017403533907081332,0.00017363141456673946,0.010091402776865266,9.887110977487706e-07,4.337080945526932e-06,0.024978665043703076,0.10848096393789892,0.3869068042273521,0.1018875,0.009675
0.1,0.01,0.0,0.001,-0.00099,0.0,0,unit_total_var,0.18367088607594936,0.00012779592138423214,0.9912875,0.00012814344943899743,0.00012779592138423214,0.011794168967853123,9.93716886055207e-07,3.1501328642440568e-06,0.02464971362249383,0.10705234606744488,0.3869068042273521,0.1018875,0.009675
0.1,0.01,0.0,0.001,-0.00099,0.0,0,unit_total_var,0.18987341772151897,9.513271577393854e-05,0.9912,9.543355101665318e-05,9.513271577393854e-05,0.013711891050327552,9.97363222496328e-07,2.315480864678621e-06,0.02433948033377749,0.1057050200135228,0.3869068042273521,0.1018875,0.009675
0.1,0.01,0.0,0.001,-0.00099,0.0,0,unit_total_var,0.1960759493670886,7.14860160691443e-05,0.991075,7.174751079886148e-05,7.14860160691443e-05,0.0158574388019872,9.94716914838947e-07,1.7181851495555415e-06,0.024035262335694297,0.10438381803489097,0.3869068042273521,0.1018875,0.009675
0.1,0.01,0.0,0.001,-0.00099,0.0,0,unit_total_var,0.20227848101265825,5.415461683621874e-05,0.99105,5.438444635896587e-05,5.415461683621874e-05,0.018392243262255192,9.917956934318156e-07,1.28534923079724e-06,0.02373480426765009,0.10307894522494186,0.3869068042273521,0.1018875,0.009675
0.1,0.01,0.0,0.001,-0.00099,0.0,0,unit_total_var,0.20848101265822785,4.132821340781233e-05,0.9909375,4.132984608221712e-05,4.132821340781233e-05,0.0001715649966058663,9.89623664692657e-07,9.688790004702238e-07,0.02344352490899293,0.1018139350433706,0.3027126043514116,0.1018875,0.009675
0.1,0.01,0.0,0.001,-0.00099,0.0,0,unit_total_var,0.21468354430379746,3.174897196740407e-05,0.9907875,3.192988966408555e-05,3.174897196740407e-05,0.02467750419545212,9.865657077234163e-07,7.354403738067473e-07,0.023164226374378573,0.10060095691950384,0.3027126043514116,0.1018875,0.009675
0.1,0.01,0.0,0.001,-0.00099,0.0,0,unit_total_var,0.2208860759493671,2.4533508063087837e-05,0.990725,2.4694000103938628e-05,2.4533508063087837e-05,0.0283179292542286,9.912342242108726e-07,5.617658969723045e-07,0.02289790337067676,0.09944433081038784,0.3027126043514116,0.1018875,0.009675
0.1,0.01,0.0,0.001,-0.00099,0.0,0,unit_total_var,0.2270886075949367,1.9059013445288745e-05,0.9906625,1.9201701924304736e-05,1.9059013445288745e-05,0.03239307250982648,9.74581266340556e-07,4.315880501242047e-07,0.022644826363291664,0.09834523133234847,0.3027126043514116,0.1018875,0.009675
0.1,0.01,0.0,0.001,-0.00099,0.0,0,unit_total_var,0.23329113924050635,1.4873593224473254e-05,0.9905375,1.5001605785999176e-05,1.4873593224473254e-05,0.037218489704521567,9.918344436336476e-07,3.332492179814618e-07,0.022405427723620145,0.09730553625050364,0.3027126043514116,0.1018875,0.009675
0.1,0.01,0.0,0.001,-0.00099,0.0,0,unit_total_var,0.23949367088607595,1.1656066793883404e-05,0.9904625,1.1771997954328944e-05,1.1656066793883404e-05,0.0429815050974014,9.873259128388538e-07,2.5855474255333226e-07,0.022181988755333025,0.09633515314081112,0.3027126043514116,0.1018875,0.009675
0.1,0.01,0.0,0.001,-0.00099,0.0,0,unit_total_var,0.2456962025316456,9.166745716676897e-06,0.9904375,9.27097113267387e-06,9.166745716676897e-06,0.04910044508957867,9.860006368422709e-07,2.014638947833261e-07,0.02197768990327793,0.09544789449974417,0.3027126043514116,0.1018875,0.009675
0.1,0.01,0.0,0.001,-0.00099,0.0,0,unit_total_var,0.2518987341772152,7.232521513249403e-06,0.9903375,7.326280615755292e-06,7.232521513249403e-06,0.055938151266467166,9.836298812760172e-07,1.5761156386072619e-07,0.0217920629163694,0.09464172673867713,0.3027126043514116,0.1018875,0.009675
0.1,0.01,0.0,0.001,-0.00099,0.0,0,unit_total_var,0.2581012658227848,5.724815062726927e-06,0.9902375,5.809038076304174e-06,5.724815062726927e-06,0.06342761567231038,9.79136766100959e-07,1.237860094788065e-07,0.02162270887748869,0.09390623149293796,0.3027126043514116,0.1018875,0.009675
0.1,0.01,0.0,0.001,-0.00099,0.0,0,unit_total_var,0.2643037974683544,4.546187669947671e-06,0.9900875,4.621723539576332e-06,4.546187669947671e-06,0.07156603712724062,9.730944752063368e-07,9.759560883324831e-08,0.021467571494771062,0.09323247840042614,0.3027126043514116,0.1018875,0.009675
0.1,0.01,0.0,0.001,-0.00099,0.0,0,unit_total_var,0.2705063291139241,3.62148713706386e-06,0.99,3.6899661753800802e-06,3.62148713706386e-06,0.08135438157027862,9.903151926221943e-07,7.722852091647176e-08,0.021325084970227233,0.09261366728687656,0.3027126043514116,0.1018875,0.009675
0.1,0.01,0.0,0.001,-0.00099,0.0,0,unit_total_var,0.2767088607594937,2.8956777730712865e-06,0.9898875,2.9576326078597525e-06,2.8956777730712865e-06,0.09193993144389624,9.789703716378635e-07,6.136988410738983e-08,0.02119361645764134,0.09204270679127574,0.3027126043514116,0.1018875,0.009675
0.1,0.01,0.0,0.001,-0.00099,0.0,0,unit_total_var,0.2829113924050633,2.32322377902028e-06,0.9897875,2.3791247124327115e-06,2.32322377902028e-06,0.10326163915213726,9.908269580061711e-07,4.8954978037106313e-08,0.02107200282606912,0.09151454550011544,0.3027126043514116,0.1018875,0.009675
0.1,0.01,0.0,0.001,-0.00099,0.0,0,unit_total_var,0.2891139240506329,1.8717863536248729e-06,0.98965,1.922144086091346e-06,1.8717863536248729e-06,0.11529663056818862,9.753734604698618e-07,3.923012715687524e-08,0.020958656462529916,0.09102228849782668,0.3027126043514116,0.1018875,0.009675
0.1,0.01,0.0,0.001,-0.00099,0.0,0,unit_total_var,0.2953164556962025,1.5137283749751954e-06,0.9894625,1.5590421539843177e-06,1.5137283749751954e-06,0.12809906076856947,9.8483375494951e-07,3.15652467390243e-08,0.020852649168013083,0.09056190466732517,0.3027126043514116,0.1018875,0.009675
0.1,0.01,0.0,0.001,-0.00099,0.0,0,unit_total_var,0.3015189873417722,1.2296281361427628e-06,0.989325,1.2706841538769112e-06,1.2296281361427628e-06,0.1426382200901486,9.820777912275189e-07,2.5517888106247394e-08,0.020752524569171617,0.09012706905952893,0.3027126043514116,0.1018875,0.009675
0.1,0.01,0.0,0.001,-0.00099,0.0,0,unit_total_var,0.3077215189873418,1.003052936349846e-06,0.989125,1.003052936349846e-06,1.0033432021415424e-06,0.0012565896642300345,9.93569601518427e-07,2.0720487154506075e-08,0.020657421361936133,0.08971404107839219,0.4569555776396577,0.1018875,0.009675
0.1,0.01,0.0,0.001,-0.00099,0.0,0,unit_total_var,0.3139240506329114,8.222398724987605e-07,0.9889375,8.557713128071605e-07,8.222398724987605e-07,0.17359190961747828,9.887950583279282e-07,1.6910166887758533e-08,0.020565977707173312,0.0893169063317066,0.4569555776396577,0.1018875,0.009675
0.1,0.01,0.0,0.001,-0.00099,0.0,0,unit_total_var,0.320126582278481,6.773140963621636e-07,0.9887125,7.073058289940195e-07,6.773140963621636e-07,0.18817122869185002,9.773968205159956e-07,1.386958092454941e-08,0.020477325068299284,0.08893189281301507,0.4569555776396577,0.1018875,0.009675
0.1,0.01,0.0,0.001,-0.00099,0.0,0,unit_total_var,0.3263291139240506,5.602371751844976e-07,0.9885375,5.8786389869623e-07,5.602371751844976e-07,0.20904866998647972,9.942902420795405e-07,1.1423917019157497e-08,0.020391215587211558,0.08855792408825552,0.4569555776396577,0.1018875,0.009675
0.1,0.01,0.0,0.001,-0.00099,0.0,0,unit_total_var,0.3325316455696203,4.6588361760721063e-07,0.9883375,4.907907022593765e-07,4.6588361760721063e-07,0.2261888755142181,9.87830537541338e-07,9.460267102876172e-09,0.02030607376036172,0.08818815783245508,0.4569555776396577,0.1018875,0.009675
0.1,0.01,0.0,0.001,-0.00099,0.0,0,unit_total_var,0.3387341772151899,3.89235222459681e-07,0.98815,4.1180008482229096e-07,3.89235222459681e-07,0.24474298425711535,9.862417554652768e-07,7.87101471064778e-09,0.02022174319402222,0.08782191483628488,0.4569555776396577,0.1018875,0.009675
0.1,0.01,0.0,0.001,-0.00099,0.0,0,unit_total_var,0.3449367088607595,3.266926424498268e-07,0.988025,3.472706618974445e-07,3.266926424498268e-07,0.26528741116231913,9.897427419832195e-07,6.5788465724099156e-09,0.020137724936429482,0.08745702817976833,0.4569555776396577,0.1018875,0.009675
0.1,0.01,0.0,0.001,-0.00099,0.0,0,unit_total_var,0.3511392405063291,2.7545693544235857e-07,0.9877875,2.9433068126281304e-07,2.7545693544235857e-07,0.28781824165353953,9.954688065162308e-07,5.523882028182613e-09,0.02005352313715305,0.08709134441184756,0.4569555776396577,0.1018875,0.009675
0.1,0.01,0.0,0.001,-0.00099,0.0,0,unit_total_var,0.3573417721518987,2.3347655032078962e-07,0.9876,2.504510800233232e-07,2.3347655032078962e-07,0.3047964097605984,9.8223796632282e-07,4.6620879004429574e-09,0.019968120541602102,0.08672044565196765,0.4569555776396577,0.1018875,0.009675
0.1,0.01,0.0,0.001,-0.00099,0.0,0,unit_total_var,0.3635443037974684,1.9855263242956347e-07,0.9874375,2.1433543134642122e-07,1.9855263242956347e-07,0.33218319942741914,9.996991710642064e-07,3.947766168379794e-09,0.019882718854308132,0.08634955083659766,0.4569555776396577,0.1018875,0.009675
0.1,0.01,0.0,0.001,-0.00099,0.0,0,unit_total_var,0.369746835443038,1.6973683649996275e-07,0.9872375,1.8412614719609535e-07,1.6973683649996275e-07,0.3533936204994461,9.93766531098329e-07,3.3599977103702083e-09,0.01979533600162829,0.08597005192927946,0.4569555776396577,0.1018875,0.009675
0.1,0.01,0.0,0.001,-0.00099,0.0,0,unit_total_var,0.3759493670886076,1.45682686908952e-07,0.9870375,1.588754614003974e-07,1.45682686908952e-07,0.3764888202454131,9.93197407215976e-07,2.870925841451839e-09,0.019706705733990856,0.08558513556763399,0.4569555776396577,0.1018875,0.009675
0.1,0.01,0.0,0.001,-0.00099,0.0,0,unit_total_var,0.3821518987341772,1.2553996195648206e-07,0.9868875,1.3769988318766705e-07,1.2553996195648206e-07,0.401515791337701,9.93505295014457e-07,2.462657430804787e-09,0.01961652204147121,0.08519347276744459,0.4569555776396577,0.1018875,0.009675
0.1,0.01,0.0,0.001,-0.00099,0.0,0,unit_total_var,0.3883544303797468,1.0870933296725593e-07,0.9867,1.198730631440202e-07,1.0870933296725593e-07,0.42454772146192,9.750769696560278e-07,2.122411592842652e-09,0.01952372933317453,0.08479047915570352,0.4569555776396577,0.1018875,0.009675
0.1,0.01,0.0,0.001,-0.00099,0.0,0,unit_total_var,0.3945569620253165,9.433990604065695e-08,0.9864375,1.0463576751271727e-07,9.433990604065695e-08,0.4498472487883589,9.878175868931888e-07,1.8330816049767919e-09,0.01943060664260999,0.08438605244918188,0.4569555776396577,0.1018875,0.009675
0.1,0.01,0.0,0.001,-0.00099,0.0,0,unit_total_var,0.4007594936708861,8.224914747328727e-08,0.9862875,9.182468803039092e-08,8.224914747328727e-08,0.4782805641935539,9.813625227833816e-07,1.5902593073962229e-09,0.01933466006942752,0.08396936177627515,0.4569555776396577,0.1018875,0.009675
0.1,0.01,0.0,0.001,-0.00099,0.0,0,unit_total_var,0.4069620253164557,7.185448872562532e-08,0.986075,7.185448872562532e-08,7.196890882372804e-08,0.0069101451579030035,9.986733085010687e-07,1.3823498741628958e-09,0.019238183983764274,0.08355037145988341,0.9825447499764444,0.1018875,0.009675
0.1,0.01,0.0,0.001,-0.00099,0.0,0,unit_total_var,0.4131645569620253,6.30411128121224e-08,0.985775,7.07900366325871e-08,6.30411128121224e-08,0.503482662815955,9.999516780251848e-07,1.2065320585060155e-09,0.019138812826825724,0.08311880800869588,0.9825447499764444,0.1018875,0.009675
0.1,0.01,0.0,0.001,-0.00099,0.0,0,unit_total_var,0.4193670886075949,5.551486254212309e-08,0.9855625,6.317408442906906e-08,5.551486254212309e-08,0.5612968766885444,9.928762627153893e-07,1.0568343046108543e-09,0.01903696156698504,0.08267647360745882,0.9825447499764444,0.1018875,0.009675
0.1,0.01,0.0,0.001,-0.00099,0.0,0,unit_total_var,0.4255696202531646,4.910040919576803e-08,0.9852875,5.618097445010182e-08,4.910040919576803e-08,0.5850415621390255,9.681006647098659e-07,9.295603897720564e-10,0.018931825721977387,0.08221987443408825,0.9825447499764444,0.1018875,0.009675
0.1,0.01,0.0,0.001,-0.00099,0.0,0,unit_total_var,0.4317721518987342,4.3442846819215285e-08,0.9849375,5.012995387187572e-08,4.3442846819215285e-08,0.6217902806278772,9.794930753256241e-07,8.179113547945002e-10,0.018827296429218543,0.08176590948366409,0.9825447499764444,0.1018875,0.009675
0.1,0.01,0.0,0.001,-0.00099,0.0,0,unit_total_var,0.4379746835443038,3.8551395525626126e-08,0.9847,4.4883767883370577e-08,3.8551395525626126e-08,0.6604920400739047,9.877823604278893e-07,7.217053314476794e-10,0.018720601981008517,0.08130254138259083,0.9825447499764444,0.1018875,0.009675
0.1,0.01,0.0,0.001,-0.00099,0.0,0,unit_total_var,0.4441772151898734,3.435923616455124e-08,0.9844125,4.0214604611249864e-08,3.435923616455124e-08,0.6834030256393788,9.749039067955445e-07,6.394368685888149e-10,0.018610334220657915,0.08082365458406986,0.9825447499764444,0.1018875,0.009675
0.1,0.01,0.0,0.001,-0.00099,0.0,0,unit_total_var,0.450379746835443,3.06327969793953e-08,0.9841375,3.6206677595704866e-08,3.06327969793953e-08,0.7260202221935259,9.898703022931637e-07,5.66714170391275e-10,0.01850024242880815,0.08034553200703791,0.9825447499764444,0.1018875,0.009675
0.1,0.01,0.0,0.001,-0.00099,0.0,0,unit_total_var,0.4565822784810127,2.7447451536465686e-08,0.98395,3.262688661273437e-08,2.7447451536465686e-08,0.7507360673146621,9.749274146041457e-07,5.046413850159269e-10,0.018385728246772887,0.07984820323346213,0.9825447499764444,0.1018875,0.009675
0.1,0.01,0.0,0.001,-0.00099,0.0,0,unit_total_var,0.4627848101265823,2.463711069275612e-08,0.9837,2.9458204184104736e-08,2.463711069275612e-08,0.776164933086605,9.67169841658227e-07,4.501180677964042e-10,0.01826992107190351,0.07934525906335636,0.9825447499764444,0.1018875,0.009675
0.1,0.01,0.0,0.001,-0.00099,0.0,0,unit_total_var,0.4689873417721519,2.2143144345448912e-08,0.983425,2.6747063084202557e-08,2.2143144345448912e-08,0.8203681089791388,9.694900135109928e-07,4.019705786036052e-10,0.018153274545501592,0.07883866963586099,0.9825447499764444,0.1018875,0.009675
0.1,0.01,0.0,0.001,-0.00099,0.0,0,unit_total_var,0.4751898734177215,1.991006834484039e-08,0.9831375,2.4219552637856004e-08,1.991006834484039e-08,0.8509336615497176,9.930481292516103e-07,3.590851650918312e-10,0.018035355724174928,0.07832655470171396,0.9825447499764444,0.1018875,0.009675
0.1,0.01,0.0,0.001,-0.00099,0.0,0,unit_total_var,0.4813924050632911,1.8033109551711908e-08,0.9829,2.2085762574108357e-08,1.8033109551711908e-08,0.8804177806313902,9.588122634880106e-07,3.2301406570316227e-10,0.017912277678837598,0.07779203354237955,0.9825447499764444,0.1018875,0.009675
0.1,0.01,0.0,0.001,-0.00099,0.0,0,unit_total_var,0.4875949367088608,1.628852150425087e-08,0.9825875,2.0086674786880736e-08,1.628852150425087e-08,0.9102638264180598,9.725110513382278e-07,2.8979362954030836e-10,0.017791278936193197,0.0772665426799026,0.9825447499764444,0.1018875,0.009675
0.1,0.01,0.0,0.001,-0.00099,0.0,0,unit_total_var,0.4937974683544304,1.4720483400102627e-08,0.9822,1.8406089373392493e-08,1.4720483400102627e-08,0.9703945461496772,9.959064722701296e-07,2.6011294178961483e-10,0.01767013587256254,0.07674042503934611,0.9825447499764444,0.1018875,0.009675
0.1,0.01,0.0,0.001,-0.00099,0.0,0,unit_total_var,0.5,1.3299008197272714e-08,0.9818625,1.6815848649801998e-08,1.3299008197272714e-08,1.0189953614567455,9.865481959496876e-07,2.336044394780584e-10,0.017565553461796096,0.07628622940034606,0.9825447499764444,0.1018875,0.009675
0.1,0.01,0.0,0.001,-0.001,0.0,0,unit_total_var,0.01,0.9697033616058672,0.0,0.9697033616058672,0.9697033616058672,0.0,9.78497595838235e-07,0.06604202583259235,0.06810539021255338,0.29577795157179665,0.8873338547153901,0.1018875,0.009675
0.1,0.01,0.0,0.001,-0.001,0.0,0,unit_total_var,0.016202531645569618,0.9697033616058672,0.0,0.9697033616058672,0.9697033616058672,0.0,8.878959434355238e-07,0.06604202583259235,0.06810539021255338,0.29577795157179665,0.8873338547153901,0.1018875,0.009675
0.1,0.01,0.0,0.001,-0.001,0.0,0,unit_total_var,0.02240506329113924,0.9697033616058672,0.0,0.9697033616058672,0.9697033616058672,0.0,9.393600990392771e-07,0.06604202583259235,0.06810539021255338,0.29577795157179665,0.8873338547153901,0.1018875,0.009675
0.1,0.01,0.0,0.001,-0.001,0.0,0,unit_total_var,0.028607594936708863,0.9697033616058672,0.0,0.9697033616058672,0.9697033616058672,0.0,9.458257181904629e-07,0.06604202583259235,0.06810539021255338,0.29577795157179665,0.8873338547153901,0.1018875,0.009675
0.1,0.01,0.0,0.001,-0.001,0.0,0,unit_total_var,0.03481012658227848,0.9697033616058672,0.0,0.9697033616058672,0.9697033616058672,0.0,8.116904339772191e-07,0.06604202583259235,0.06810539021255338,0.29577795157179665,0.8873338547153901,0.1018875,0.009675
0.1,0.01,0.0,0.001,-0.001,0.0,0,unit_total_var,0.0410126582278481,0.9697033616058672,0.0,0.9697033616058672,0.9697033616058672,0.0,7.549054998889916e-07,0.06604202583259235,0.06810539021255338,0.29577795157179665,0.8873338547153901,0.1018875,0.009675
0.1,0.01,0.0,0.001,-0.001,0.0,0,unit_total_var,0.047215189873417725,0.9697033616058672,0.0,0.9697033616058672,0.9697033616058672,0.0,9.894501715734805e-07,0.06604202583259235,0.06810539021255338,0.29577795157179665,0.8873338547153901,0.1018875,0.009675
0.1,0.01,0.0,0.001,-0.001,0.0,0,unit_total_var,0.05341772151898734,0.9697033616058672,0.0,0.9697033616058672,0.9697033616058672,0.0,7.596726412373299e-07,0.06604202583259235,0.06810539021255338,0.29577795157179665,0.8873338547153901,0.1018875,0.009675
0.1,0.01,0.0,0.001,-0.001,0.0,0,unit_total_var,0.05962025316455696,0.9697033616058672,0.0,0.9697033616058672,0.9697033616058672,0.0,8.021454931395057e-07,0.06604202583259235,0.06810539021255338,0.29577795157179665,0.8873338547153901,0.1018875,0.009675
0.1,0.01,0.0,0.001,-0.001,0.0,0,unit_total_var,0.06582278481012659,0.9697033616058672,0.0,0.9697033616058672,0.9697033616058672,0.0,8.679625587149077e-07,0.06604202583259235,0.06810539021255338,0.29577795157179665,0.8873338547153901,0.1018875,0.009675
0.1,0.01,0.0,0.001,-0.001,0.0,0,unit_total_var,0.0720253164556962,0.9697033616058672,0.0,0.9697033616058672,0.9697033616058672,0.0,9.579621949029615e-07,0.06604202583259235,0.06810539021255338,0.29577795157179665,0.8873338547153901,0.1018875,0.009675
0.1,0.01,0.0,0.001,-0.001,0.0,0,unit_total_var,0.07822784810126583,0.9697033616058672,0.0,0.9697033616058672,0.9697033616058672,0.0,8.060523324360247e-07,0.06604202583259235,0.06810539021255338,0.29577795157179665,0.8873338547153901,0.1018875,0.009675
0.1,0.01,0.0,0.001,-0.001,0.0,0,unit_total_var,0.08443037974683544,0.9697033616058672,0.0,0.9697033616058672,0.9697033616058672,0.0,9.168291370542648e-07,0.06604202583259235,0.06810539021255338,0.29577795157179665,0.8873338547153901,0.1018875,0.009675
0.1,0.01,0.0,0.001,-0.001,0.0,0,unit_total_var,0.09063291139240506,0.9697033616058672,0.0,0.9697033616058672,0.9697033616058672,0.0,7.913413515581169e-07,0.06604202583259235,0.06810539021255338,0.29577795157179665,0.8873338547153901,0.1018875,0.009675
0.1,0.01,0.0,0.001,-0.001,0.0,0,unit_total_var,0.09683544303797467,0.9697033616058672,0.0,0.9697033616058672,0.9697033616058672,0.0,9.199558697048359e-07,0.06604202583259235,0.06810539021255338,0.29577795157179665,0.8873338547153901,0.1018875,0.009675
0.1,0.01,0.0,0.001,-0.001,0.0,0,unit_total_var,0.1030379746835443,0.9697033616058672,0.0,0.9697033616058672,0.9697033616058672,0.0,8.091995109538175e-07,0.06604202583259235,0.06810539021255338,0.29577795157179665,0.8873338547153901,0.1018875,0.009675
0.1,0.01,0.0,0.001,-0.001,0.0,0,unit_total_var,0.10924050632911393,0.9697033616058672,0.0,0.9697033616058672,0.9697033616058672,0.0,8.947175302864706e-07,0.06604202583259235,0.06810539021255338,0.29577795157179665,0.8873338547153901,0.1018875,0.009675
0.1,0.01,0.0,0.001,-0.001,0.0,0,unit_total_var,0.11544303797468355,0.9697033616058672,0.0,0.9697033616058672,0.9697033616058672,0.0,8.536396016722847e-07,0.06604202583259235,0.06810539021255338,0.29577795157179665,0.8873338547153901,0.1018875,0.009675
0.1,0.01,0.0,0.001,-0.001,0.0,0,unit_total_var,0.12164556962025315,0.9697033616058672,0.0,0.9697033616058672,0.9697033616058672,0.0,7.665879051543811e-07,0.06604202583259235,0.06810539021255338,0.29577795157179665,0.8873338547153901,0.1018875,0.009675
0.1,0.01,0.0,0.001,-0.001,0.0,0,unit_total_var,0.12784810126582274,0.9697033616058672,0.0,0.9697033616058672,0.9697033616058672,0.0,9.229414761335877e-07,0.06604202583259235,0.06810539021255338,0.29577795157179665,0.8873338547153901,0.1018875,0.009675
0.1,0.01,0.0,0.001,-0.001,0.0,0,unit_total_var,0.1340506329113924,0.9697033616058672,0.0,0.9697033616058672,0.9697033616058672,0.0,8.375323510279031e-07,0.06604202583259235,0.06810539021255338,0.29577795157179665,0.8873338547153901,0.1018875,0.009675
0.1,0.01,0.0,0.001,-0.001,0.0,0,unit_total_var,0.14025316455696205,0.9697033616058672,0.0,0.9697033616058672,0.9697033616058672,0.0,7.63454578667222e-07,0.06604202583259235,0.06810539021255338,0.29577795157179665,0.8873338547153901,0.1018875,0.009675
0.1,0.01,0.0,0.001,-0.001,0.0,0,unit_total_var,0.14645569620253165,0.9697033616058672,0.0,0.9697033616058672,0.9697033616058672,0.0,9.317181213219784e-07,0.06604202583259235,0.06810539021255338,0.29577795157179665,0.8873338547153901,0.1018875,0.009675
0.1,0.01,0.0,0.001,-0.001,0.0,0,unit_total_var,0.15265822784810126,0.9697033616058672,0.0,0.9697033616058672,0.9697033616058672,0.0,8.560063662343964e-07,0.06604202583259235,0.06810539021255338,0.29577795157179665,0.8873338547153901,0.1018875,0.009675
0.1,0.01,0.0,0.001,-0.001,0.0,0,unit_total_var,0.1588607594936709,0.9697033616058672,0.0,0.9697033616058672,0.9697033616058672,0.0,7.89162843517488e-07,0.06604202583259235,0.06810539021255338,0.29577795157179665,0.8873338547153901,0.1018875,0.009675
0.1,0.01,0.0,0.001,-0.001,0.0,0,unit_total_var,0.1650632911392405,0.9697033616058672,0.0,0.9697033616058672,0.9697033616058672,0.0,9.731394543521787e-07,0.06604202583259235,0.06810539021255338,0.29577795157179665,0.8873338547153901,0.1018875,0.009675
0.1,0.01,0.0,0.001,-0.001,0.0,0,unit_total_var,0.17126582278481015,0.9697033616058672,0.0,0.9697033616058672,0.9697033616058672,0.0,9.026533742684252e-07,0.06604202583259235,0.06810539021255338,0.29577795157179665,0.8873338547153901,0.1018875,0.009675
0.1,0.01,0.0,0.001,-0.001,0.0,0,unit_total_var,0.17746835443037975,0.9697033616058672,0.0,0.9697033616058672,0.9697033616058672,0.0,8.395577761888263e-07,0.06604202583259235,0.06810539021255338,0.29577795157179665,0.8873338547153901,0.1018875,0.009675
0.1,0.01,0.0,0.001,-0.001,0.0,0,unit_total_var,0.18367088607594936,0.9697033616058672,0.0,0.9697033616058672,0.9697033616058672,0.0,7.828543564514234e-07,0.06604202583259235,0.06810539021255338,0.29577795157179665,0.8873338547153901,0.1018875,0.009675
0.1,0.01,0.0,0.001,-0.001,0.0,0,unit_total_var,0.18987341772151897,0.9697033616058672,0.0,0.9697033616058672,0.9697033616058672,0.0,9.756104955016554e-07,0.06604202583259235,0.06810539021255338,0.29577795157179665,0.8873338547153901,0.1018875,0.009675
0.1,0.01,0.0,0.001,-0.001,0.0,0,unit_total_var,0.1960759493670886,0.9697033616058672,0.0,0.9697033616058672,0.9697033616058672,0.0,9.138869128122452e-07,0.06604202583259235,0.06810539021255338,0.29577795157179665,0.8873338547153901,0.1018875,0.009675
0.1,0.01,0.0,0.001,-0.001,0.0,0,unit_total_var,0.20227848101265825,0.9697033616058672,0.0,0.9697033616058672,0.9697033616058672,0.0,8.578412824533643e-07,0.06604202583259235,0.06810539021255338,0.29577795157179665,0.8873338547153901,0.1018875,0.009675
0.1,0.01,0.0,0.001,-0.001,0.0,0,unit_total_var,0.20848101265822785,0.9697033616058672,0.0,0.9697033616058672,0.9697033616058672,0.0,8.334520442687676e-07,0.06604202583259235,0.06810539021255338,0.29577795157179665,0.8873338547153901,0.1018875,0.009675
0.1,0.01,0.0,0.001,-0.001,0.0,0,unit_total_var,0.21468354430379746,0.9697033616058672,0.0,0.9697033616058672,0.9697033616058672,0.0,7.601786853328463e-07,0.06604202583259235,0.06810539021255338,0.29577795157179665,0.8873338547153901,0.1018875,0.009675
0.1,0.01,0.0,0.001,-0.001,0.0,0,unit_total_var,0.2208860759493671,0.9697033616058672,0.0,0.9697033616058672,0.9697033616058672,0.0,9.56648934291593e-07,0.06604202583259235,0.06810539021255338,0.29577795157179665,0.8873338547153901,0.1018875,0.009675
0.1,0.01,0.0,0.001,-0.001,0.0,0,unit_total_var,0.2270886075949367,0.9697033616058672,0.0,0.9697033616058672,0.9697033616058672,0.0,9.043905206951307e-07,0.06604202583259235,0.06810539021255338,0.29577795157179665,0.8873338547153901,0.1018875,0.009675
0.1,0.01,0.0,0.001,-0.001,0.0,0,unit_total_var,0.23329113924050635,0.9697033616058672,0.0,0.9697033616058672,0.9697033616058672,0.0,8.563003026651472e-07,0.06604202583259235,0.06810539021255338,0.29577795157179665,0.8873338547153901,0.1018875,0.009675
0.1,0.01,0.0,0.001,-0.001,0.0,0,unit_total_var,0.23949367088607595,0.9697033616058672,0.0,0.9697033616058672,0.9697033616058672,0.0,8.119464816047639e-07,0.06604202583259235,0.06810539021255338,0.29577795157179665,0.8873338547153901,0.1018875,0.009675
0.1,0.01,0.0,0.001,-0.001,0.0,0,unit_total_var,0.2456962025316456,0.9697033616058672,0.0,0.9697033616058672,0.9697033616058672,0.0,7.709517602094706e-07,0.06604202583259235,0.06810539021255338,0.29577795157179665,0.8873338547153901,0.1018875,0.009675
0.1,0.01,0.0,0.001,-0.001,0.0,0,unit_total_var,0.2518987341772152,0.9697033616058672,0.0,0.9697033616058672,0.9697033616058672,0.0,9.773137215063343e-07,0.06604202583259235,0.06810539021255338,0.29577795157179665,0.8873338547153901,0.1018875,0.009675
0.1,0.01,0.0,0.001,-0.001,0.0,0,unit_total_var,0.2581012658227848,0.9697033616058672,0.0,0.9697033616058672,0.9697033616058672,0.0,9.303413111005907e-07,0.06604202583259235,0.06810539021255338,0.29577795157179665,0.8873338547153901,0.1018875,0.009675
0.1,0.01,0.0,0.001,-0.001,0.0,0,unit_total_var,0.2643037974683544,0.9697033616058672,0.0,0.9697033616058672,0.9697033616058672,0.0,8.866758660630579e-07,0.06604202583259235,0.06810539021255338,0.29577795157179665,0.8873338547153901,0.1018875,0.009675
0.1,0.01,0.0,0.001,-0.001,0.0,0,unit_total_var,0.2705063291139241,0.9697033616058672,0.0,0.9697033616058672,0.9697033616058672,0.0,8.460140810129245e-07,0.06604202583259235,0.06810539021255338,0.29577795157179665,0.8873338547153901,0.1018875,0.009675
0.1,0.01,0.0,0.001,-0.001,0.0,0,unit_total_var,0.2767088607594937,0.9697033616058672,0.0,0.9697033616058672,0.9697033616058672,0.0,8.080866429338584e-07,0.06604202583259235,0.06810539021255338,0.29577795157179665,0.8873338547153901,0.1018875,0.009675
0.1,0.01,0.0,0.001,-0.001,0.0,0,unit_total_var,0.2829113924050633,0.9697033616058672,0.0,0.9697033616058672,0.9697033616058672,0.0,7.726537618601981e-07,0.06604202583259235,0.06810539021255338,0.29577795157179665,0.8873338547153901,0.1018875,0.009675
0.1,0.01,0.0,0.001,-0.001,0.0,0,unit_total_var,0.2891139240506329,0.9697033616058672,0.0,0.9697033616058672,0.9697033616058672,0.0,9.860018224117084e-07,0.06604202583259235,0.06810539021255338,0.29577795157179665,0.8873338547153901,0.1018875,0.009675
0.1,0.01,0.0,0.001,-0.001,0.0,0,unit_total_var,0.2953164556962025,0.9697033616058672,0.0,0.9697033616058672,0.9697033616058672,0.0,9.445838284882768e-07,0.06604202583259235,0.06810539021255338,0.29577795157179665,0.8873338547153901,0.1018875,0.009675
0.1,0.01,0.0,0.001,-0.001,0.0,0,unit_total_var,0.3015189873417722,0.9697033616058672,0.0,0.9697033616058672,0.9697033616058672,0.0,9.057218579577864e-07,0.06604202583259235,0.06810539021255338,0.29577795157179665,0.8873338547153901,0.1018875,0.009675
0.1,0.01,0.0,0.001,-0.001,0.0,0,unit_total_var,0.3077215189873418,0.9697033616058672,0.0,0.9697033616058672,0.9697033616058672,0.0,7.528838708026342e-07,0.06604202583259235,0.06810539021255338,0.29577795157179665,0.8873338547153901,0.1018875,0.009675
0.1,0.01,0.0,0.001,-0.001,0.0,0,unit_total_var,0.3139240506329114,0.9697033616058672,0.0,0.9697033616058672,0.9697033616058672,0.0,8.348620212927927e-07,0.06604202583259235,0.06810539021255338,0.29577795157179665,0.8873338547153901,0.1018875,0.009675
0.1,0.01,0.0,0.001,-0.001,0.0,0,unit_total_var,0.320126582278481,0.9697033616058672,0.0,0.9697033616058672,0.9697033616058672,0.0,8.025107058884373e-07,0.06604202583259235,0.06810539021255338,0.29577795157179665,0.8873338547153901,0.1018875,0.009675
0.1,0.01,0.0,0.001,-0.001,0.0,0,unit_total_var,0.3263291139240506,0.9697033616058672,0.0,0.9697033616058672,0.9697033616058672,0.0,7.720040908765212e-07,0.06604202583259235,0.06810539021255338,0.29577795157179665,0.8873338547153901,0.1018875,0.009675
0.1,0.01,0.0,0.001,-0.001,0.0,0,unit_total_var,0.3325316455696203,0.9697033616058672,0.0,0.9697033616058672,0.9697033616058672,0.0,9.909393980933599e-07,0.06604202583259235,0.06810539021255338,0.29577795157179665,0.8873338547153901,0.1018875,0.009675
0.1,0.01,0.0,0.001,-0.001,0.0,0,unit_total_var,0.3387341772151899,0.9697033616058672,0.0,0.9697033616058672,0.9697033616058672,0.0,9.5464939064982e-07,0.06604202583259235,0.06810539021255338,0.29577795157179665,0.8873338547153901,0.1018875,0.009675
0.1,0.01,0.0,0.001,-0.001,0.0,0,unit_total_var,0.3449367088607595,0.9697033616058672,0.0,0.9697033616058672,0.9697033616058672,0.0,9.203170447946718e-07,0.06604202583259235,0.06810539021255338,0.29577795157179665,0.8873338547153901,0.1018875,0.009675
0.1,0.01,0.0,0.001,-0.001,0.0,0,unit_total_var,0.3511392405063291,0.9697033616058672,0.0,0.9697033616058672,0.9697033616058672,0.0,8.878040413939915e-07,0.06604202583259235,0.06810539021255338,0.29577795157179665,0.8873338547153901,0.1018875,0.009675
0.1,0.01,0.0,0.001,-0.001,0.0,0,unit_total_var,0.3573417721518987,0.9697033616058672,0.0,0.9697033616058672,0.9697033616058672,0.0,8.569840646011073e-07,0.06604202583259235,0.06810539021255338,0.29577795157179665,0.8873338547153901,0.1018875,0.009675
0.1,0.01,0.0,0.001,-0.001,0.0,0,unit_total_var,0.3635443037974684,0.9697033616058672,0.0,0.9697033616058672,0.9697033616058672,0.0,8.277415730617577e-07,0.06604202583259235,0.06810539021255338,0.29577795157179665,0.8873338547153901,0.1018875,0.009675
0.1,0.01,0.0,0.001,-0.001,0.0,0,unit_total_var,0.369746835443038,0.9697033616058672,0.0,0.9697033616058672,0.9697033616058672,0.0,7.999707150041502e-07,0.06604202583259235,0.06810539021255338,0.29577795157179665,0.8873338547153901,0.1018875,0.009675
0.1,0.01,0.0,0.001,-0.001,0.0,0,unit_total_var,0.3759493670886076,0.9697033616058672,0.0,0.9697033616058672,0.9697033616058672,0.0,7.73574375223518e-07,0.06604202583259235,0.06810539021255338,0.29577795157179665,0.8873338547153901,0.1018875,0.009675
0.1,0.01,0.0,0.001,-0.001,0.0,0,unit_total_var,0.3821518987341772,0.9697033616058672,0.0,0.9697033616058672,0.9697033616058672,0.0,9.97951087100546e-07,0.06604202583259235,0.06810539021255338,0.29577795157179665,0.8873338547153901,0.1018875,0.009675
0.1,0.01,0.0,0.001,-0.001,0.0,0,unit_total_var,0.3883544303797468,0.9697033616058672,0.0,0.9697033616058672,0.9697033616058672,0.0,9.6607390176473e-07,0.06604202583259235,0.06810539021255338,0.29577795157179665,0.8873338547153901,0.1018875,0.009675
0.1,0.01,0.0,0.001,-0.001,0.0,0,unit_total_var,0.3945569620253165,0.9697033616058672,0.0,0.9697033616058672,0.9697033616058672,0.0,9.357000667620241e-07,0.06604202583259235,0.06810539021255338,0.29577795157179665,0.8873338547153901,0.1018875,0.009675
0.1,0.01,0.0,0.001,-0.001,0.0,0,unit_total_var,0.4007594936708861,0.9697033616058672,0.0,0.9697033616058672,0.9697033616058672,0.0,9.067365147608085e-07,0.06604202583259235,0.06810539021255338,0.29577795157179665,0.8873338547153901,0.1018875,0.009675
0.1,0.01,0.0,0.001,-0.001,0.0,0,unit_total_var,0.4069620253164557,0.9697033616058672,0.0,0.9697033616058672,0.9697033616058672,0.0,7.590505712862239e-07,0.06604202583259235,0.06810539021255338,0.29577795157179665,0.8873338547153901,0.1018875,0.009675
0.1,0.01,0.0,0.001,-0.001,0.0,0,unit_total_var,0.4131645569620253,0.9697033616058672,0.0,0.9697033616058672,0.9697033616058672,0.0,8.527028030336227e-07,0.06604202583259235,0.06810539021255338,0.29577795157179665,0.8873338547153901,0.1018875,0.009675
0.1,0.01,0.0,0.001,-0.001,0.0,0,unit_total_var,0.4193670886075949,0.9697033616058672,0.0,0.9697033616058672,0.9697033616058672,0.0,8.274794782714423e-07,0.06604202583259235,0.06810539021255338,0.29577795157179665,0.8873338547153901,0.1018875,0.009675
0.1,0.01,0.0,0.001,-0.001,0.0,0,unit_total_var,0.4255696202531646,0.9697033616058672,0.0,0.9697033616058672,0.9697033616058672,0.0,8.033590175315908e-07,0.06604202583259235,0.06810539021255338,0.29577795157179665,0.8873338547153901,0.1018875,0.009675
0.1,0.01,0.0,0.001,-0.001,0.0,0,unit_total_var,0.4317721518987342,0.9697033616058672,0.0,0.9697033616058672,0.9697033616058672,0.0,7.802780488397332e-07,0.06604202583259235,0.06810539021255338,0.29577795157179665,0.8873338547153901,0.1018875,0.009675
0.1,0.01,0.0,0.001,-0.001,0.0,0,unit_total_var,0.4379746835443038,0.9697033616058672,0.0,0.9697033616058672,0.9697033616058672,0.0,7.581776877430001e-07,0.06604202583259235,0.06810539021255338,0.29577795157179665,0.8873338547153901,0.1018875,0.009675
0.1,0.01,0.0,0.001,-0.001,0.0,0,unit_total_var,0.4441772151898734,0.9697033616058672,0.0,0.9697033616058672,0.9697033616058672,0.0,9.826708824434152e-07,0.06604202583259235,0.06810539021255338,0.29577795157179665,0.8873338547153901,0.1018875,0.009675
0.1,0.01,0.0,0.001,-0.001,0.0,0,unit_total_var,0.450379746835443,0.9697033616058672,0.0,0.9697033616058672,0.9697033616058672,0.0,9.55604623875672e-07,0.06604202583259235,0.06810539021255338,0.29577795157179665,0.8873338547153901,0.1018875,0.009675
0.1,0.01,0.0,0.001,-0.001,0.0,0,unit_total_var,0.4565822784810127,0.9697033616058672,0.0,0.9697033616058672,0.9697033616058672,0.0,9.296414265058672e-07,0.06604202583259235,0.06810539021255338,0.29577795157179665,0.8873338547153901,0.1018875,0.009675
0.1,0.01,0.0,0.001,-0.001,0.0,0,unit_total_var,0.4627848101265823,0.9697033616058672,0.0,0.9697033616058672,0.9697033616058672,0.0,9.047221536384598e-07,0.06604202583259235,0.06810539021255338,0.29577795157179665,0.8873338547153901,0.1018875,0.009675
0.1,0.01,0.0,0.001,-0.001,0.0,0,unit_total_var,0.4689873417721519,0.9697033616058672,0.0,0.9697033616058672,0.9697033616058672,0.0,8.807915818920263e-07,0.06604202583259235,0.06810539021255338,0.29577795157179665,0.8873338547153901,0.1018875,0.009675
0.1,0.01,0.0,0.001,-0.001,0.0,0,unit_total_var,0.4751898734177215,0.9697033616058672,0.0,0.9697033616058672,0.9697033616058672,0.0,8.57798087672279e-07,0.06604202583259235,0.06810539021255338,0.29577795157179665,0.8873338547153901,0.1018875,0.009675
0.1,0.01,0.0,0.001,-0.001,0.0,0,unit_total_var,0.4813924050632911,0.9697033616058672,0.0,0.9697033616058672,0.9697033616058672,0.0,8.35693377609914e-07,0.06604202583259235,0.06810539021255338,0.29577795157179665,0.8873338547153901,0.1018875,0.009675
0.1,0.01,0.0,0.001,-0.001,0.0,0,unit_total_var,0.4875949367088608,0.9697033616058672,0.0,0.9697033616058672,0.9697033616058672,0.0,8.144322278802463e-07,0.06604202583259235,0.06810539021255338,0.29577795157179665,0.8873338547153901,0.1018875,0.009675
0.1,0.01,0.0,0.001,-0.001,0.0,0,unit_total_var,0.4937974683544304,0.9697033616058672,0.0,0.9697033616058672,0.9697033616058672,0.0,7.939722532768202e-07,0.06604202583259235,0.06810539021255338,0.29577795157179665,0.8873338547153901,0.1018875,0.009675
0.1,0.01,0.0,0.001,-0.001,0.0,0,unit_total_var,0.5,0.9697033616058672,0.0,0.9697033616058672,0.9697033616058672,0.0,7.742737018201495e-07,0.06604202583259235,0.06810539021255338,0.29577795157179665,0.8873338547153901,0.1018875,0.009675
0.1,0.01,0.0,0.001,0.00099,0.0,0,unit_total_var,0.01,1.0712320824681256,0.9995625,1.0712320824681256,1.0712320826688662,8.138340001906387e-10,9.229654551745623e-07,0.06612319125451413,0.061726298471350735,0.2680739081442075,0.7663730674200856,0.1018875,0.009675
0.1,0.01,0.0,0.001,0.00099,0.0,0,unit_total_var,0.016202531645569618,1.1450123773326693,0.99965,1.145012384065035,1.1450123773326693,2.553535105587201e-08,7.710220302215021e-07,0.06624237369639148,0.05785297609682132,0.2512522828053022,0.7663730674200856,0.1018875,0.009675
0.1,0.01,0.0,0.001,0.00099,0.0,0,unit_total_var,0.02240506329113924,1.227593681888128,0.9997,1.2275937270734127,1.227593681888128,1.5985516865768545e-07,9.9623469651533e-07,0.06630930182529644,0.05401567538479665,0.2345870975589449,0.7663730674200856,0.1018875,0.009675
0.1,0.01,0.0,0.001,0.00099,0.0,0,unit_total_var,0.028607594936708863,1.3173056678609278,0.9997375,1.3173056760731474,1.3173056678609278,2.707436652649164e-08,8.864805991493084e-07,0.06604314136680396,0.05013501647954372,0.21773361007194428,0.7663730674200856,0.1018875,0.009675
0.1,0.01,0.0,0.001,0.00099,0.0,0,unit_total_var,0.03481012658227848,1.4075482719690573,0.9997875,1.4075482736525555,1.4075482719690573,5.194379815165463e-09,9.062318184760445e-07,0.06480379038151954,0.04604019035941394,0.1999500061886876,0.7663730674200856,0.1018875,0.009675
0.1,0.01,0.0,0.001,0.00099,0.0,0,unit_total_var,0.0410126582278481,1.4851933999312938,0.99985,1.4851934021369804,1.4851933999312938,6.4497829299625656e-09,8.856208566498933e-07,0.062165710255219074,0.041856979877566716,0.18178255389962675,0.7663730674200856,0.1018875,0.009675
0.1,0.01,0.0,0.001,0.00099,0.0,0,unit_total_var,0.047215189873417725,1.5338691184090187,0.9998625,1.53386914696969,1.5338691184090187,8.086571212650995e-08,9.68574198623173e-07,0.058584290381599034,0.03819380003058192,0.16587356596197975,0.7663730674200856,0.1018875,0.009675
0.1,0.01,0.0,0.001,0.00099,0.0,0,unit_total_var,0.05341772151898734,1.5405545994780587,0.999875,1.5405546988631351,1.5405545994780587,2.801743539393442e-07,9.999849446273856e-07,0.05447002308271335,0.03535741161083667,0.1535552875696833,0.7663730674200856,0.1018875,0.009675
0.1,0.01,0.0,0.001,0.00099,0.0,0,unit_total_var,0.05962025316455696,1.503817422343539,0.9998875,1.503817422343539,1.5038174375200757,4.382903151523009e-08,9.766050972359608e-07,0.04997837638011138,0.033234337917315386,0.14433489567198082,0.7663730674200856,0.1018875,0.009675
0.1,0.01,0.0,0.001,0.00099,0.0,0,unit_total_var,0.06582278481012659,1.4325582592579575,0.9998875,1.4325583521640803,1.4325582592579575,2.816542705730285e-07,9.016236468539772e-07,0.04531092051894625,0.031629373692918135,0.13736462460890225,0.7663730674200856,0.1018875,0.009675
0.1,0.01,0.0,0.001,0.00099,0.0,0,unit_total_var,0.0720253164556962,1.338821307975122,0.9998875,1.338821441674554,1.338821307975122,4.337018106870261e-07,9.326463441539091e-07,0.040699863052051394,0.030399772403986624,0.1320245340616614,0.7663730674200856,0.1018875,0.009675
0.1,0.01,0.0,0.001,0.00099,0.0,0,unit_total_var,0.07822784810126583,1.2329004385738296,0.9999,1.232900608922051,1.2329004385738296,6.000588935739515e-07,9.559621076959957e-07,0.036285832767963384,0.029431275740267725,0.12781840649371315,0.7663730674200856,0.1018875,0.009675
0.1,0.01,0.0,0.001,0.00099,0.0,0,unit_total_var,0.08443037974683544,1.1222202810503572,0.9999,1.1222205007843404,1.1222202810503572,8.503610982035781e-07,9.8022817240917e-07,0.032135626447034014,0.028635756267883738,0.1243635093226836,0.7663730674200856,0.1018875,0.009675
0.1,0.01,0.0,0.001,0.00099,0.0,0,unit_total_var,0.09063291139240506,1.011686059159724,0.9999,1.0116863228081234,1.011686059159724,1.131784203578512e-06,9.641736333776407e-07,0.028291114418082887,0.02796432170033126,0.12144750604621225,0.7663730674200856,0.1018875,0.009675
0.1,0.01,0.0,0.001,0.00099,0.0,0,unit_total_var,0.09683544303797467,0.9041913645671692,0.9999,0.9041916786495108,0.9041913645671692,1.5085767185452068e-06,9.584007187868335e-07,0.024770129816147304,0.027394786974109856,0.1189740481577099,0.7663730674200856,0.1018875,0.009675
0.1,0.01,0.0,0.001,0.00099,0.0,0,unit_total_var,0.1030379746835443,0.8013998963623608,0.9999,0.8014002761993313,0.8013998963623608,2.0584113122890098e-06,9.71270031513427e-07,0.021570988030368082,0.026916634414704932,0.11689745797713512,0.7663730674200856,0.1018875,0.009675
0.1,0.01,0.0,0.001,0.00099,0.0,0,unit_total_var,0.10924050632911393,0.7043013055383257,0.9999125,0.7043013055383257,0.7043013079658761,1.4969044226376127e-08,9.76261238960774e-07,0.018676595973422413,0.026517906223597214,0.11516580344536168,0.34216052108095185,0.1018875,0.009675
0.1,0.01,0.0,0.001,0.00099,0.0,0,unit_total_var,0.11544303797468355,0.6135455099865583,0.9999125,0.6135460395785753,0.6135455099865583,3.7486834743027937e-06,9.881968097147364e-07,0.01606042410160639,0.026176418603337585,0.11368274155419135,0.34216052108095185,0.1018875,0.009675
0.1,0.01,0.0,0.001,0.00099,0.0,0,unit_total_var,0.12164556962025315,0.5296193103466039,0.9999125,0.5296199348271152,0.5296193103466039,5.120815553816271e-06,9.647512477783948e-07,0.013695859758905077,0.025859819480415026,0.11230776903358458,0.34216052108095185,0.1018875,0.009675
0.1,0.01,0.0,0.001,0.00099,0.0,0,unit_total_var,0.12784810126582274,0.4529278187723069,0.9999125,0.4529285309254016,0.4529278187723069,6.828547582049538e-06,9.512034657710443e-07,0.011564469112222522,0.025532697778575045,0.11088709753338556,0.34216052108095185,0.1018875,0.009675
0.1,0.01,0.0,0.001,0.00099,0.0,0,unit_total_var,0.1340506329113924,0.3838128224026612,0.9999125,0.3838136647258301,0.3838128224026612,9.5311016590216e-06,9.792690218723976e-07,0.009661528755337484,0.025172501259485003,0.10932278392696992,0.34216052108095185,0.1018875,0.009675
0.1,0.01,0.0,0.001,0.00099,0.0,0,unit_total_var,0.14025316455696205,0.3224753126298715,0.9999125,0.3224762592505303,0.3224753126298715,1.2748620097369212e-05,9.666823297393991e-07,0.007991442775592774,0.02478156454960984,0.10762496736824796,0.34216052108095185,0.1018875,0.009675
0.1,0.01,0.0,0.001,0.00099,0.0,0,unit_total_var,0.14645569620253165,0.2688261215624821,0.9999125,0.2688271994652616,0.2688261215624821,1.7413720359904513e-05,9.759870174264051e-07,0.0065556517926021645,0.024386215723751617,0.1059079892332764,0.34216052108095185,0.1018875,0.009675
0.1,0.01,0.0,0.001,0.00099,0.0,0,unit_total_var,0.15265822784810126,0.2224487294960973,0.9999125,0.22244992317980453,0.2224487294960973,2.3304644511057404e-05,9.64834171446327e-07,0.005343297030699535,0.024020353106998883,0.10431906807737244,0.34216052108095185,0.1018875,0.009675
0.1,0.01,0.0,0.001,0.00099,0.0,0,unit_total_var,0.1588607594936709,0.18274318239246148,0.9999125,0.18274450667392672,0.18274318239246148,3.147181971119295e-05,9.83086404726663e-07,0.00433178658169729,0.02370423085001493,0.1029461665592231,0.34216052108095185,0.1018875,0.009675
0.1,0.01,0.0,0.001,0.00099,0.0,0,unit_total_var,0.1650632911392405,0.14907807829266598,0.9999125,0.14907955985794755,0.14907807829266598,4.316076759813825e-05,9.669159405367722e-07,0.003494363268234332,0.02343981964520829,0.101797843287214,0.34216052108095185,0.1018875,0.009675
0.1,0.01,0.0,0.001,0.00099,0.0,0,unit_total_var,0.17126582278481015,0.12083766603509286,0.9999125,0.12083930768151645,0.12083766603509286,5.900090290467119e-05,9.921245057720185e-07,0.002805893880249092,0.02322035812438006,0.10084473401235601,0.34216052108095185,0.1018875,0.009675
0.1,0.01,0.0,0.001,0.00099,0.0,0,unit_total_var,0.17746835443037975,0.09739700663148676,0.9999125,0.09739879983962868,0.09739700663148676,7.995864131338237e-05,9.671297590552186e-07,0.0022431883254134463,0.023031388776667626,0.10002405056275232,0.34216052108095185,0.1018875,0.009675
0.1,0.01,0.0,0.001,0.00099,0.0,0,unit_total_var,0.18367088607594936,0.07813010850794272,0.9999125,0.07813202234958755,0.07813010850794272,0.00010638161159981507,9.66177744088359e-07,0.0017853780955306672,0.022851345398415324,0.09924213210597037,0.34216052108095185,0.1018875,0.009675
0.1,0.01,0.0,0.001,0.00099,0.0,0,unit_total_var,0.18987341772151897,0.06245166049937305,0.9999125,0.06245375199239305,0.06245166049937305,0.00014544187629361716,9.76095010540856e-07,0.0014157025495896295,0.022668773548524646,0.09844923263638647,0.34216052108095185,0.1018875,0.009675
0.1,0.01,0.0,0.001,0.00099,0.0,0,unit_total_var,0.1960759493670886,0.04980387341038975,0.9999,0.04980610107733995,0.04980387341038975,0.00019425031863029574,9.689437770465936e-07,0.0011199486831724751,0.022487180343262997,0.09766058336642393,0.34216052108095185,0.1018875,0.009675
0.1,0.01,0.0,0.001,0.00099,0.0,0,unit_total_var,0.20227848101265825,0.03966474571023407,0.9999,0.03966712655066375,0.03966474571023407,0.0002606735053021225,9.940880574543787e-07,0.0008851071021971043,0.022314705069916386,0.09691153277163199,0.34216052108095185,0.1018875,0.009675
0.1,0.01,0.0,0.001,0.00099,0.0,0,unit_total_var,0.20848101265822785,0.03158157518584266,0.9999,0.03158157994977865,0.03158157518584266,6.551132880616706e-07,9.819076311756714e-07,0.0006998173865962406,0.02215903996169113,0.096235487796361,0.3004078155150436,0.1018875,0.009675
0.1,0.01,0.0,0.001,0.00099,0.0,0,unit_total_var,0.21468354430379746,0.025167341721600005,0.9999,0.025169937676263292,0.025167341721600005,0.0004479418832445958,9.670751341256392e-07,0.0005543231672054997,0.022025495316009037,0.09565551076928644,0.3004078155150436,0.1018875,0.009675
0.1,0.01,0.0,0.001,0.00099,0.0,0,unit_total_var,0.2208860759493671,0.020095937495579908,0.9999,0.020098405146631908,0.020095937495579908,0.0005332527744172921,9.734207286893335e-07,0.00044041164130587715,0.021915456365384563,0.0951776176787801,0.3004078155150436,0.1018875,0.009675
0.1,0.01,0.0,0.001,0.00099,0.0,0,unit_total_var,0.2270886075949367,0.016096320008366395,0.9999,0.01609856121360626,0.016096320008366395,0.0006046570343549718,9.710986746958028e-07,0.0003513455443374605,0.021827693793043463,0.09479646966992636,0.3004078155150436,0.1018875,0.009675
0.1,0.01,0.0,0.001,0.00099,0.0,0,unit_total_var,0.23329113924050635,0.012945664201637308,0.9999,0.0129476916850007,0.012945664201637308,0.0006801164302743246,9.692386690463017e-07,0.0002816917576183108,0.021759544603565703,0.09450050150056263,0.3004078155150436,0.1018875,0.009675
0.1,0.01,0.0,0.001,0.00099,0.0,0,unit_total_var,0.23949367088607595,0.010463115501674652,0.9999,0.010464925760830671,0.010463115501674652,0.0007513226435023057,9.749791312629874e-07,0.00022712313354260067,0.021707027271776647,0.09427242162655997,0.3004078155150436,0.1018875,0.009675
0.1,0.01,0.0,0.001,0.00099,0.0,0,unit_total_var,0.2456962025316456,0.00850351392710422,0.9999,0.008505153175358156,0.00850351392710422,0.0008371220026432981,9.96747399145681e-07,0.0001842307739811809,0.021665252219316197,0.094090994878912,0.3004078155150436,0.1018875,0.009675
0.1,0.01,0.0,0.001,0.00099,0.0,0,unit_total_var,0.2518987341772152,0.006951977986238657,0.9999,0.006953442126028867,0.006951977986238657,0.0009145611262937335,9.715690335587723e-07,0.00015036700572126937,0.02162938461815022,0.09393522386625712,0.3004078155150436,0.1018875,0.009675
0.1,0.01,0.0,0.001,0.00099,0.0,0,unit_total_var,0.2581012658227848,0.005718660280903914,0.9998875,0.0057199801531300845,0.005718660280903914,0.0010022401359535136,9.726347941496627e-07,0.0001234989548478117,0.021595784463750482,0.09378930024978807,0.3004078155150436,0.1018875,0.009675
0.1,0.01,0.0,0.001,0.00099,0.0,0,unit_total_var,0.2643037974683544,0.004733908700551983,0.9998875,0.004735093460679708,0.004733908700551983,0.0010867772121621042,9.690973139381278e-07,0.00010207397575945861,0.02156230341906606,0.0936438939202401,0.3004078155150436,0.1018875,0.009675
0.1,0.01,0.0,0.001,0.00099,0.0,0,unit_total_var,0.2705063291139241,0.003943711308644057,0.9998875,0.0039447746159609436,0.003943711308644057,0.001170791220268086,9.644504224137762e-07,8.489947471507067e-05,0.02152781176679516,0.0934940985777103,0.3004078155150436,0.1018875,0.009675
0.1,0.01,0.0,0.001,0.00099,0.0,0,unit_total_var,0.2767088607594937,0.0033061987672108983,0.9998875,0.0033071744996847467,0.0033061987672108983,0.001281510101364347,9.983054821000037e-07,7.105563819984699e-05,0.02149164136909692,0.0933370125364244,0.3004078155150436,0.1018875,0.009675
0.1,0.01,0.0,0.001,0.00099,0.0,0,unit_total_var,0.2829113924050633,0.0027890077090271057,0.9998875,0.002789875433912475,0.0027890077090271057,0.0013509805561753294,9.629456704379757e-07,5.983327035498411e-05,0.02145324667311724,0.09317026649044112,0.3004078155150436,0.1018875,0.009675
0.1,0.01,0.0,0.001,0.00099,0.0,0,unit_total_var,0.2891139240506329,0.002366951662397768,0.9998875,0.0023677447693117647,0.002366951662397768,0.0014549695614007876,9.704565206575257e-07,5.068159927131233e-05,0.02141218178489158,0.09299192394687733,0.3004078155150436,0.1018875,0.009675
0.1,0.01,0.0,0.001,0.00099,0.0,0,unit_total_var,0.2953164556962025,0.002020522693198374,0.9998875,0.0020212551842847667,0.002020522693198374,0.0015741431122116012,9.858411402219325e-07,4.317458780375113e-05,0.02136802914863984,0.0928001714840212,0.3004078155150436,0.1018875,0.009675
0.1,0.01,0.0,0.001,0.00099,0.0,0,unit_total_var,0.3015189873417722,0.0017345149416745035,0.9998875,0.0017351741367568414,0.0017345149416745035,0.0016502042905273127,9.756107073183307e-07,3.698061400213505e-05,0.021320435537115587,0.0925934750554329,0.3004078155150436,0.1018875,0.009675
0.1,0.01,0.0,0.001,0.00099,0.0,0,unit_total_var,0.3077215189873418,0.0014970053505460512,0.999875,0.0014970053505460512,0.0014970146720093686,2.7042304672875158e-05,9.950543823633584e-07,3.1840013564865085e-05,0.02126913811847837,0.09237069319693264,0.30029713231846,0.1018875,0.009675
0.1,0.01,0.0,0.001,0.00099,0.0,0,unit_total_var,0.3139240506329114,0.0012986687533943476,0.999875,0.001299217370223372,0.0012986687533943476,0.001834270277669248,9.682080902156942e-07,2.7549824556014172e-05,0.021213896525966943,0.09213078200894004,0.30029713231846,0.1018875,0.009675
0.1,0.01,0.0,0.001,0.00099,0.0,0,unit_total_var,0.320126582278481,0.0011321039709882524,0.999875,0.001132615672907672,0.0011321039709882524,0.001962532752024515,9.81354541622348e-07,2.394917415770476e-05,0.021154571286238585,0.0918731357664239,0.30029713231846,0.1018875,0.009675
0.1,0.01,0.0,0.001,0.00099,0.0,0,unit_total_var,0.3263291139240506,0.0009914854603839353,0.999875,0.000991958316904397,0.0009914854603839353,0.00207073156103732,9.628992976642992e-07,2.0911439983959145e-05,0.02109102031194846,0.09159713739188616,0.30029713231846,0.1018875,0.009675
0.1,0.01,0.0,0.001,0.00099,0.0,0,unit_total_var,0.3325316455696203,0.0008721373077910815,0.999875,0.0008725797314285205,0.0008721373077910815,0.0022025594317298673,9.961677258155108e-07,1.8335119192721258e-05,0.021023202457832933,0.09130260819371724,0.30029713231846,0.1018875,0.009675
0.1,0.01,0.0,0.001,0.00099,0.0,0,unit_total_var,0.3387341772151899,0.0007703532483386013,0.9998625,0.0007707633190941867,0.0007703532483386013,0.0023112005192480467,9.96367040421997e-07,1.61397158562254e-05,0.0209510583502224,0.09098929031534632,0.30029713231846,0.1018875,0.009675
0.1,0.01,0.0,0.001,0.00099,0.0,0,unit_total_var,0.3449367088607595,0.0006831339188643994,0.9998625,0.0006835100374365628,0.0006831339188643994,0.0023904722777707828,9.616423071040494e-07,1.4260145357629266e-05,0.02087459715268489,0.09065722355364378,0.30029713231846,0.1018875,0.009675
0.1,0.01,0.0,0.001,0.00099,0.0,0,unit_total_var,0.3511392405063291,0.0006080375789862193,0.9998625,0.0006083863844314611,0.0006080375789862193,0.0024906494583092353,9.792744005976406e-07,1.2643474453518847e-05,0.020793903025861173,0.09030677341362836,0.30029713231846,0.1018875,0.009675
0.1,0.01,0.0,0.001,0.00099,0.0,0,unit_total_var,0.3573417721518987,0.0005431100087956889,0.9998625,0.0005434370820834531,0.0005431100087956889,0.002614633632305185,9.608981442407738e-07,1.1247266395878266e-05,0.020709002253186882,0.08993805404281069,0.30029713231846,0.1018875,0.009675
0.1,0.01,0.0,0.001,0.00099,0.0,0,unit_total_var,0.3635443037974684,0.00048672543182016884,0.9998625,0.00048703547155091466,0.00048672543182016884,0.0027655361458371885,9.959212965982012e-07,1.0036288401579272e-05,0.020620020540219882,0.08955161137349199,0.30029713231846,0.1018875,0.009675
0.1,0.01,0.0,0.001,0.00099,0.0,0,unit_total_var,0.369746835443038,0.0004375765973144485,0.9998625,0.00043786661093345565,0.0004375765973144485,0.0028774298054443648,9.929885184251086e-07,8.982132549743233e-06,0.020526994827578846,0.08914760583674082,0.30029713231846,0.1018875,0.009675
0.1,0.01,0.0,0.001,0.00099,0.0,0,unit_total_var,0.3759493670886076,0.00039456505709594265,0.9998625,0.0003948389816150213,0.00039456505709594265,0.0030140183235616287,9.974106254806436e-07,8.06097704386178e-06,0.0204300327636506,0.08872650494356098,0.30029713231846,0.1018875,0.009675
0.1,0.01,0.0,0.001,0.00099,0.0,0,unit_total_var,0.3821518987341772,0.00035679293983642254,0.99985,0.0003570478283089031,0.00035679293983642254,0.0031014384928198524,9.612953501825228e-07,7.2533088662066975e-06,0.02032918271738251,0.08828851875762178,0.30029713231846,0.1018875,0.009675
0.1,0.01,0.0,0.001,0.00099,0.0,0,unit_total_var,0.3883544303797468,0.00032349461558259604,0.99985,0.00032373985821046534,0.00032349461558259604,0.003291157360152397,9.791749792653628e-07,6.542542081530823e-06,0.020224577987945996,0.08783422618986915,0.30029713231846,0.1018875,0.009675
0.1,0.01,0.0,0.001,0.00099,0.0,0,unit_total_var,0.3945569620253165,0.00029405283765326624,0.99985,0.0002942793637299092,0.00029405283765326624,0.0033443360646714377,9.556518462891517e-07,5.9152327780325996e-06,0.020116224095098088,0.08736365121230333,0.30029713231846,0.1018875,0.009675
0.1,0.01,0.0,0.001,0.00099,0.0,0,unit_total_var,0.4007594936708861,0.00026792763484268596,0.99985,0.00026814915994340154,0.00026792763484268596,0.003589304191329745,9.846541536191744e-07,5.359692804196793e-06,0.02000425528088487,0.08687737683072283,0.30029713231846,0.1018875,0.009675
0.1,0.01,0.0,0.001,0.00099,0.0,0,unit_total_var,0.4069620253164557,0.00024468298093914217,0.99985,0.00024468298093914217,0.00024468403361152096,1.8684128342272288e-05,9.839681020494542e-07,4.866422059494737e-06,0.019888682248419717,0.0863754495281584,0.2989688104837869,0.1018875,0.009675
0.1,0.01,0.0,0.001,0.00099,0.0,0,unit_total_var,0.4131645569620253,0.00022393983642533263,0.99985,0.00022413564047717543,0.00022393983642533263,0.0037956384156672134,9.670935302678874e-07,4.4271986030543235e-06,0.01976958934026224,0.08585823559969236,0.2989688104837869,0.1018875,0.009675
0.1,0.01,0.0,0.001,0.00099,0.0,0,unit_total_var,0.4193670886075949,0.00020537454426779292,0.9998375,0.00020556157293882225,0.00020537454426779292,0.003953194766438628,9.65187500256981e-07,4.035011424612481e-06,0.019647086443932076,0.0853262122807588,0.2989688104837869,0.1018875,0.009675
0.1,0.01,0.0,0.001,0.00099,0.0,0,unit_total_var,0.4255696202531646,0.0001887150493825312,0.9998375,0.00018889421123272432,0.0001887150493825312,0.0041211387993129725,9.681645307194062e-07,3.683955243280204e-06,0.019521258401669458,0.08477974803652538,0.2989688104837869,0.1018875,0.009675
0.1,0.01,0.0,0.001,0.00099,0.0,0,unit_total_var,0.4317721518987342,0.00017372764474656222,0.9998375,0.00017390038378448588,0.00017372764474656222,0.004316085643097267,9.758949036549336e-07,3.3689620301689576e-06,0.01939220459175438,0.08421927446137828,0.2989688104837869,0.1018875,0.009675
0.1,0.01,0.0,0.001,0.00099,0.0,0,unit_total_var,0.4379746835443038,0.00016021166641532424,0.9998375,0.00016037923377069732,0.00016021166641532424,0.00453996569276427,9.88049843300004e-07,3.085681298984782e-06,0.019260028735895083,0.08364524201297296,0.2989688104837869,0.1018875,0.009675
0.1,0.01,0.0,0.001,0.00099,0.0,0,unit_total_var,0.4441772151898734,0.00014799842174802836,0.9998125,0.0001481577123286108,0.00014799842174802836,0.004671794292079312,9.52917034762607e-07,2.830437554875329e-06,0.01912478201756929,0.08305787297832881,0.2989688104837869,0.1018875,0.009675
0.1,0.01,0.0,0.001,0.00099,0.0,0,unit_total_var,0.450379746835443,0.00013692990054473589,0.9998125,0.00013708206974154236,0.00013692990054473589,0.00482360308662777,9.733087542596053e-07,2.5998440344563233e-06,0.018986678761275643,0.08245809815691679,0.2989688104837869,0.1018875,0.009675
0.1,0.01,0.0,0.001,0.00099,0.0,0,unit_total_var,0.4565822784810127,0.00012688087277558605,0.9998,0.00012703100118182875,0.00012688087277558605,0.005135635840083808,9.979905793051913e-07,2.3911681201297287e-06,0.018845772950813345,0.08184615199739796,0.2989688104837869,0.1018875,0.009675
0.1,0.01,0.0,0.001,0.00099,0.0,0,unit_total_var,0.4627848101265823,0.00011774257581229347,0.9997875,0.00011788364037477356,0.00011774257581229347,0.005200063845855141,9.731109640830073e-07,2.2020337688478613e-06,0.018702102902507987,0.08122220090546008,0.2989688104837869,0.1018875,0.009675
0.1,0.01,0.0,0.001,0.00099,0.0,0,unit_total_var,0.4689873417721519,0.00010941255600816312,0.9997875,0.00010954942968238984,0.00010941255600816312,0.0054295716208159215,9.523261342812842e-07,2.030240827491069e-06,0.018555830350399604,0.0805869472831143,0.2989688104837869,0.1018875,0.009675
0.1,0.01,0.0,0.001,0.00099,0.0,0,unit_total_var,0.4751898734177215,0.00010180138956729346,0.9997875,0.0001019347710092628,0.00010180138956729346,0.005686455693243886,9.872765976415288e-07,1.8738707612350155e-06,0.01840712360803617,0.07994112210681185,0.2989688104837869,0.1018875,0.009675
0.1,0.01,0.0,0.001,0.00099,0.0,0,unit_total_var,0.4813924050632911,9.484105291665323e-05,0.9997875,9.496808422989562e-05,9.484105291665323e-05,0.0058131033559689635,9.72154295796751e-07,1.731412507101856e-06,0.01825593932011098,0.07928453708684803,0.2989688104837869,0.1018875,0.009675
0.1,0.01,0.0,0.001,0.00099,0.0,0,unit_total_var,0.4875949367088608,8.846158678166207e-05,0.9997875,8.858649485753331e-05,8.846158678166207e-05,0.006127928254748839,9.60109876213533e-07,1.6013704407820847e-06,0.018102438572965392,0.07861789181231442,0.2989688104837869,0.1018875,0.009675
0.1,0.01,0.0,0.001,0.00099,0.0,0,unit_total_var,0.4937974683544304,8.260464313958291e-05,0.9997875,8.272462753618597e-05,8.260464313958291e-05,0.0063036110054142105,9.51064247269734e-07,1.4824816674011288e-06,0.017946711117631426,0.07794157606699066,0.2989688104837869,0.1018875,0.009675
0.1,0.01,0.0,0.001,0.00099,0.0,0,unit_total_var,0.5,7.721775211756132e-05,0.9997875,7.733437801645709e-05,7.721775211756132e-05,0.006554421981419978,9.604015287646014e-07,1.3736164731430971e-06,0.017788868951427315,0.07725607624904966,0.2989688104837869,0.1018875,0.009675
0.1,0.04,0.0,0.001,-0.00099,0.0,0,unit_total_var,0.01,1.116807164974421,0.9896375,1.116807164974421,1.1168071650698337,3.7103231598223374e-10,9.735575332570079e-07,0.03495427494300265,0.03129839782484135,0.13592721467741334,0.39611951880555496,0.103375,0.03835
0.1,0.04,0.0,0.001,-0.00099,0.0,0,unit_total_var,0.016202531645569618,1.1396192488350103,0.9906125,1.1396192513656709,1.1396192488350103,9.644026466304467e-09,9.381667211982858e-07,0.03430815722453337,0.03010492957152602,0.13074404790999775,0.39611951880555496,0.103375,0.03835
0.1,0.04,0.0,0.001,-0.00099,0.0,0,unit_total_var,0.02240506329113924,1.141177075289148,0.991325,1.141177080218299,1.141177075289148,1.875872879253393e-08,8.661302359769251e-07,0.03362609864034002,0.02946615329774298,0.12796987780125085,0.39611951880555496,0.103375,0.03835
0.1,0.04,0.0,0.001,-0.00099,0.0,0,unit_total_var,0.028607594936708863,1.1296016207108717,0.99175,1.1296016295510531,1.1296016207108717,3.3987575309701874e-08,9.331564072567743e-07,0.03264581745763533,0.02890029268645253,0.12551237639115234,0.39611951880555496,0.103375,0.03835
0.1,0.04,0.0,0.001,-0.00099,0.0,0,unit_total_var,0.03481012658227848,1.109114923660126,0.9919625,1.109114937702094,1.109114923660126,5.4983925135143614e-08,8.684816421578033e-07,0.03135703210180285,0.028272121700719088,0.1227842644631948,0.39611951880555496,0.103375,0.03835
0.1,0.04,0.0,0.001,-0.00099,0.0,0,unit_total_var,0.0410126582278481,1.0822368789923733,0.9921875,1.0822368995644824,1.0822368789923733,8.255450878458247e-08,8.863603362385676e-07,0.029871965359068924,0.027602058235976484,0.11987421581056792,0.39611951880555496,0.103375,0.03835
0.1,0.04,0.0,0.001,-0.00099,0.0,0,unit_total_var,0.047215189873417725,1.0502418821513175,0.9923875,1.0502419114140005,1.0502418821513175,1.2100661542224778e-07,8.174419825479617e-07,0.02824023825469353,0.02688927068576448,0.11677861881230378,0.39611951880555496,0.103375,0.03835
0.1,0.04,0.0,0.001,-0.00099,0.0,0,unit_total_var,0.05341772151898734,1.0139485450628227,0.9925625,1.013948587895927,1.0139485450628227,1.834627652852472e-07,9.846806747759727e-07,0.026523385875552717,0.026158512682622738,0.1136049771285928,0.39611951880555496,0.103375,0.03835
0.1,0.04,0.0,0.001,-0.00099,0.0,0,unit_total_var,0.05962025316455696,0.9743319280580652,0.9927375,0.9743319805056162,0.9743319280580652,2.3377742899843845e-07,8.407871838755909e-07,0.02481371140065912,0.025467410731489795,0.11060355949049673,0.39611951880555496,0.103375,0.03835
0.1,0.04,0.0,0.001,-0.00099,0.0,0,unit_total_var,0.06582278481012659,0.932306084414448,0.99285,0.9323061544489896,0.932306084414448,3.2624064383313106e-07,8.839835370366699e-07,0.023156539394673218,0.02483791512442731,0.107869694805201,0.39611951880555496,0.103375,0.03835
0.1,0.04,0.0,0.001,-0.00099,0.0,0,unit_total_var,0.0720253164556962,0.8888475815221697,0.99305,0.8888476715849469,0.8888475815221697,4.4005030797045213e-07,9.174367594511068e-07,0.02157254306447342,0.024270238804644097,0.10540430787331104,0.39611951880555496,0.103375,0.03835
0.1,0.04,0.0,0.001,-0.00099,0.0,0,unit_total_var,0.07822784810126583,0.8448220282632602,0.993225,0.8448221417245335,0.8448220282632602,5.832660600058047e-07,9.528369524502978e-07,0.02007745480842452,0.023765306936537483,0.103211416632753,0.39611951880555496,0.103375,0.03835
0.1,0.04,0.0,0.001,-0.00099,0.0,0,unit_total_var,0.08443037974683544,0.8006720433386512,0.9933375,0.8006721700646414,0.8006720433386512,6.873774898163987e-07,8.88630120599032e-07,0.01868015840752878,0.023330599042319558,0.10132350423576676,0.39611951880555496,0.103375,0.03835
0.1,0.04,0.0,0.001,-0.00099,0.0,0,unit_total_var,0.09063291139240506,0.7564531390090666,0.993475,0.7564532920270501,0.7564531390090666,8.78505959978071e-07,9.007849275377565e-07,0.017375929134012858,0.02297026509371732,0.09975859378056312,0.39611951880555496,0.103375,0.03835
0.1,0.04,0.0,0.001,-0.00099,0.0,0,unit_total_var,0.09683544303797467,0.7120422373769384,0.9935375,0.7120424388484973,0.7120422373769384,1.228831230770666e-06,9.96271277031724e-07,0.016145377646656515,0.02267474708541697,0.09847517537748432,0.39611951880555496,0.103375,0.03835
0.1,0.04,0.0,0.001,-0.00099,0.0,0,unit_total_var,0.1030379746835443,0.6674057913341025,0.993625,0.6674060133482823,0.6674057913341025,1.4446910474585908e-06,9.345348583877922e-07,0.014971049484476896,0.02243170448753629,0.0974196547862142,0.39611951880555496,0.103375,0.03835
0.1,0.04,0.0,0.001,-0.00099,0.0,0,unit_total_var,0.10924050632911393,0.6226780604009072,0.993725,0.6226780606051407,0.6226780604009072,1.4244521118200735e-09,9.071759796697164e-07,0.013843199081821146,0.02223171163748453,0.09655109687423837,0.2997991606077396,0.103375,0.03835
0.1,0.04,0.0,0.001,-0.00099,0.0,0,unit_total_var,0.11544303797468355,0.5780142656983168,0.9938375,0.5780145848711452,0.5780142656983168,2.3981235086623087e-06,9.520027264287023e-07,0.012747381264944534,0.022053748534292712,0.09577821293725253,0.2997991606077396,0.103375,0.03835
0.1,0.04,0.0,0.001,-0.00099,0.0,0,unit_total_var,0.12164556962025315,0.5337654704519148,0.993875,0.5337658503122724,0.5337654704519148,3.0907057060325367e-06,9.206443332132609e-07,0.01167749584448175,0.02187757824535736,0.09501311509365327,0.2997991606077396,0.103375,0.03835
0.1,0.04,0.0,0.001,-0.00099,0.0,0,unit_total_var,0.12784810126582274,0.4902960068277325,0.9940000000000001,0.4902964559334566,0.4902960068277325,3.978087639300298e-06,9.404608909413522e-07,0.010641908852674629,0.021705069395789936,0.09426391867918717,0.2997991606077396,0.103375,0.03835
0.1,0.04,0.0,0.001,-0.00099,0.0,0,unit_total_var,0.1340506329113924,0.447728365508578,0.9940625,0.4477288920365888,0.447728365508578,5.107294796857786e-06,9.525410114008536e-07,0.009644695506349036,0.021541399315617524,0.09355310855247173,0.2997991606077396,0.103375,0.03835
0.1,0.04,0.0,0.001,-0.00099,0.0,0,unit_total_var,0.14025316455696205,0.4061825643100997,0.9942,0.4061831662135133,0.4061825643100997,6.435607051713532e-06,9.407448136045105e-07,0.00868043873237317,0.021370781257233133,0.09281212373977783,0.2997991606077396,0.103375,0.03835
0.1,0.04,0.0,0.001,-0.00099,0.0,0,unit_total_var,0.14645569620253165,0.3659189351280827,0.994225,0.3659196568864199,0.3659189351280827,8.56625126122168e-06,9.786471908412864e-07,0.007750358746817459,0.021180534820108718,0.09198589396132903,0.2997991606077396,0.103375,0.03835
0.1,0.04,0.0,0.001,-0.00099,0.0,0,unit_total_var,0.15265822784810126,0.3271359090632737,0.9943,0.3271367437053567,0.3271359090632737,1.1080409657360235e-05,9.500314774868456e-07,0.006862540495871515,0.02097764355958912,0.09110474841262843,0.2997991606077396,0.103375,0.03835
0.1,0.04,0.0,0.001,-0.00099,0.0,0,unit_total_var,0.1588607594936709,0.2899731213748762,0.9943,0.2899740822135789,0.2899731213748762,1.4390515000073377e-05,9.809135301797056e-07,0.006019341523109273,0.02075827405853762,0.09015203877458307,0.2997991606077396,0.103375,0.03835
0.1,0.04,0.0,0.001,-0.00099,0.0,0,unit_total_var,0.1650632911392405,0.25472202257873633,0.9943125,0.2547231450365242,0.25472202257873633,1.9137573753269518e-05,9.683215775879714e-07,0.005226685029866062,0.02051917214284233,0.08911363234859347,0.2997991606077396,0.103375,0.03835
0.1,0.04,0.0,0.001,-0.00099,0.0,0,unit_total_var,0.17126582278481015,0.221705431406978,0.99435,0.22170672324425092,0.221705431406978,2.5305476780701497e-05,9.786630126296105e-07,0.004491790180682012,0.020260172031764837,0.0879888091580606,0.2997991606077396,0.103375,0.03835
0.1,0.04,0.0,0.001,-0.00099,0.0,0,unit_total_var,0.17746835443037975,0.19107331541055325,0.9943375,0.19107480273690666,0.19107331541055325,3.3805616062920756e-05,9.905042464009028e-07,0.0038170586877504134,0.019976932307626625,0.08675871466557036,0.2997991606077396,0.103375,0.03835
0.1,0.04,0.0,0.001,-0.00099,0.0,0,unit_total_var,0.18367088607594936,0.16290734856940225,0.9943375,0.16290900910060024,0.16290734856940225,4.4267853307466964e-05,9.696237700529407e-07,0.003205456347014411,0.01967656078847059,0.08545421773266675,0.2997991606077396,0.103375,0.03835
0.1,0.04,0.0,0.001,-0.00099,0.0,0,unit_total_var,0.18987341772151897,0.137413255193511,0.9944125,0.13741512440686193,0.137413255193511,5.90760710377225e-05,9.645792291568256e-07,0.0026632438756236717,0.019381273457740173,0.08417180114954513,0.2997991606077396,0.103375,0.03835
0.1,0.04,0.0,0.001,-0.00099,0.0,0,unit_total_var,0.1960759493670886,0.11469810448166208,0.994425,0.11470026617953034,0.11469810448166208,8.18500543893208e-05,9.927552878652435e-07,0.0021918255693236122,0.01910951867276971,0.08299158511411034,0.2997991606077396,0.103375,0.03835
0.1,0.04,0.0,0.001,-0.00099,0.0,0,unit_total_var,0.20227848101265825,0.09470690023111517,0.9944125,0.09470932717798082,0.09470690023111517,0.00011129032038148523,9.991009786158855e-07,0.0017854920553344675,0.018852819076300625,0.08187675293157719,0.2997991606077396,0.103375,0.03835
0.1,0.04,0.0,0.001,-0.00099,0.0,0,unit_total_var,0.20848101265822785,0.0772698483550614,0.9944625,0.07726987846128218,0.0772698483550614,1.6921170775674454e-06,9.974212945018657e-07,0.0014353270407526956,0.01857551258748753,0.08067242615270229,0.30072879374599026,0.103375,0.03835
0.1,0.04,0.0,0.001,-0.00099,0.0,0,unit_total_var,0.21468354430379746,0.06222892678511975,0.994475,0.062231960584673326,0.06222892678511975,0.00021172312578165983,9.719750255210435e-07,0.0011362668043411607,0.01825946329212392,0.07929984150284401,0.30072879374599026,0.103375,0.03835
0.1,0.04,0.0,0.001,-0.00099,0.0,0,unit_total_var,0.2208860759493671,0.0495255969937559,0.994475,0.04952899190383682,0.0495255969937559,0.0002976925615847392,9.798714226960659e-07,0.0008881549358469727,0.01793325047568734,0.07788311724179878,0.30072879374599026,0.103375,0.03835
0.1,0.04,0.0,0.001,-0.00099,0.0,0,unit_total_var,0.2270886075949367,0.0389942045534528,0.994475,0.03899796535686362,0.0389942045534528,0.0004188359349353021,9.948262013059759e-07,0.0006874957075743652,0.017630715011302617,0.07656922241417552,0.30072879374599026,0.103375,0.03835
0.1,0.04,0.0,0.001,-0.00099,0.0,0,unit_total_var,0.23329113924050635,0.0304232200046155,0.9944625,0.030427264988681438,0.0304232200046155,0.0005773871028313947,9.789688473760272e-07,0.0005273278633583463,0.017333072017963434,0.07527657531833179,0.30072879374599026,0.103375,0.03835
0.1,0.04,0.0,0.001,-0.00099,0.0,0,unit_total_var,0.23949367088607595,0.023565040120006275,0.994475,0.023569423438464156,0.023565040120006275,0.0008077533424390992,9.933237381243298e-07,0.0004016808550216073,0.01704562576494779,0.07402821210304719,0.30072879374599026,0.103375,0.03835
0.1,0.04,0.0,0.001,-0.00099,0.0,0,unit_total_var,0.2456962025316456,0.018119640386408373,0.9944375,0.018124403388195213,0.018119640386408373,0.001141453982391738,9.984773497589972e-07,0.000304082276097856,0.01678191562377527,0.07288293351171565,0.30072879374599026,0.103375,0.03835
0.1,0.04,0.0,0.001,-0.00099,0.0,0,unit_total_var,0.2518987341772152,0.013844819345893456,0.9944125,0.01384993232438928,0.013844819345893456,0.0016035806339687042,9.938255620609016e-07,0.0002289476372473724,0.01653670095126818,0.07181797972020025,0.30072879374599026,0.103375,0.03835
0.1,0.04,0.0,0.001,-0.00099,0.0,0,unit_total_var,0.2581012658227848,0.0105271581681929,0.9944,0.01053256037826148,0.0105271581681929,0.0022280925256907835,9.943477530457991e-07,0.0001716444468461475,0.01630491763339888,0.0708113575607216,0.30072879374599026,0.103375,0.03835
0.1,0.04,0.0,0.001,-0.00099,0.0,0,unit_total_var,0.2643037974683544,0.007985021323386899,0.9943875,0.007990723285813999,0.007985021323386899,0.0031001133078163434,9.832121417967243e-07,0.00012848261990096242,0.01609045420137534,0.06987995470974305,0.30072879374599026,0.103375,0.03835
0.1,0.04,0.0,0.001,-0.00099,0.0,0,unit_total_var,0.2705063291139241,0.00604080006259954,0.9943875,0.0060467887821390644,0.00604080006259954,0.004303369507177024,9.839251540813554e-07,9.58917600810621e-05,0.01587401653545159,0.06893997786987599,0.30072879374599026,0.103375,0.03835
0.1,0.04,0.0,0.001,-0.00099,0.0,0,unit_total_var,0.2767088607594937,0.004569043031499157,0.994375,0.004574712147046364,0.004569043031499157,0.0053852402362508656,9.820550037065168e-07,7.151648495198415e-05,0.015652399082028073,0.06797750549872315,0.30072879374599026,0.103375,0.03835
0.1,0.04,0.0,0.001,-0.00099,0.0,0,unit_total_var,0.2829113924050633,0.0034642017887908986,0.99435,0.003469286145355771,0.0034642017887908986,0.006369401423693688,9.91807352468399e-07,5.347701356989505e-05,0.01543703768727629,0.06704220284516628,0.30072879374599026,0.103375,0.03835
0.1,0.04,0.0,0.001,-0.00099,0.0,0,unit_total_var,0.2891139240506329,0.0026341295839692807,0.9943375,0.002638606473552121,0.0026341295839692807,0.007374876678547081,9.832351715623189e-07,4.0137878197810634e-05,0.01523762477065696,0.06617616355208619,0.30072879374599026,0.103375,0.03835
0.1,0.04,0.0,0.001,-0.00099,0.0,0,unit_total_var,0.2953164556962025,0.0020087939683031786,0.994325,0.0020127939998063247,0.0020087939683031786,0.00863933449127785,9.990215854849271e-07,3.0238506081110118e-05,0.015053064952525959,0.06537463044613259,0.30072879374599026,0.103375,0.03835
0.1,0.04,0.0,0.001,-0.00099,0.0,0,unit_total_var,0.3015189873417722,0.0015372088390061265,0.9943,0.0015407184535887544,0.0015372088390061265,0.009904112492122865,9.849296013011988e-07,2.2879596507419034e-05,0.01488385697951861,0.06463976955642131,0.30072879374599026,0.103375,0.03835
0.1,0.04,0.0,0.001,-0.00099,0.0,0,unit_total_var,0.3077215189873418,0.0011807622171720446,0.9942875,0.0011807622171720446,0.0011807685835649633,2.3416076668780757e-05,9.879687452203634e-07,1.7386691251956092e-05,0.014724972563568013,0.06394974330534367,0.3005771214140609,0.103375,0.03835
0.1,0.04,0.0,0.001,-0.00099,0.0,0,unit_total_var,0.3139240506329114,0.0009110210888430805,0.9942375,0.0009137827199215996,0.0009110210888430805,0.013145106869469458,9.933526840602558e-07,1.3275248890589549e-05,0.014571834892919982,0.06328467485200408,0.3005771214140609,0.103375,0.03835
0.1,0.04,0.0,0.001,-0.00099,0.0,0,unit_total_var,0.320126582278481,0.000706024019217707,0.994225,0.0007084712465994941,0.000706024019217707,0.015027528673883241,9.874269228122429e-07,1.0178778217363833e-05,0.014417042395586178,0.06261241957768314,0.3005771214140609,0.103375,0.03835
0.1,0.04,0.0,0.001,-0.00099,0.0,0,unit_total_var,0.3263291139240506,0.0005494697907102189,0.9942125,0.0005516685474276132,0.0005494697907102189,0.01734403653901495,9.975463079996832e-07,7.832999745363428e-06,0.014255560319774563,0.061911111833170475,0.3005771214140609,0.103375,0.03835
0.1,0.04,0.0,0.001,-0.00099,0.0,0,unit_total_var,0.3325316455696203,0.00042955011698321213,0.99415,0.000431485099498771,0.00042955011698321213,0.019519611455272926,9.871078438354608e-07,6.054323424275571e-06,0.014094568211960675,0.06121193199263504,0.3005771214140609,0.103375,0.03835
0.1,0.04,0.0,0.001,-0.00099,0.0,0,unit_total_var,0.3387341772151899,0.0003372754739182878,0.9941125,0.0003390022822481834,0.0003372754739182878,0.022178607886701233,9.990235816017409e-07,4.701363103594048e-06,0.013939238003214708,0.06053734146732249,0.3005771214140609,0.103375,0.03835
0.1,0.04,0.0,0.001,-0.00099,0.0,0,unit_total_var,0.3449367088607595,0.00026595867945398467,0.9940625,0.00026750711350839637,0.00026595867945398467,0.025211672907666127,9.936468609896e-07,3.6682626421861e-06,0.013792603609391777,0.059900516386377216,0.3005771214140609,0.103375,0.03835
0.1,0.04,0.0,0.001,-0.00099,0.0,0,unit_total_var,0.3511392405063291,0.00021060224569349504,0.994025,0.0002119803036438443,0.00021060224569349504,0.028325120667119563,9.89124845741235e-07,2.875445534935325e-06,0.013653441944394898,0.059296144954371084,0.3005771214140609,0.103375,0.03835
0.1,0.04,0.0,0.001,-0.00099,0.0,0,unit_total_var,0.3573417721518987,0.00016745722727111518,0.9940125,0.00016868878914486388,0.00016745722727111518,0.03182324900328126,9.87358157074347e-07,2.263957013542117e-06,0.013519613637676828,0.05871493600306995,0.3005771214140609,0.103375,0.03835
0.1,0.04,0.0,0.001,-0.00099,0.0,0,unit_total_var,0.3635443037974684,0.00013368146830459752,0.9939875,0.0001347885768687374,0.00013368146830459752,0.03581880916844682,9.89650279346714e-07,1.7899579292123245e-06,0.013389723735932106,0.05815083132724306,0.3005771214140609,0.103375,0.03835
0.1,0.04,0.0,0.001,-0.00099,0.0,0,unit_total_var,0.369746835443038,0.00010711737134809981,0.993925,0.00010811996429751208,0.00010711737134809981,0.04045987035389231,9.968304216650956e-07,1.420644171462099e-06,0.013262500317016044,0.05759830703920196,0.3005771214140609,0.103375,0.03835
0.1,0.04,0.0,0.001,-0.00099,0.0,0,unit_total_var,0.3759493670886076,8.613787338812692e-05,0.9939125,8.70340591129395e-05,8.613787338812692e-05,0.04495093218162083,9.885207426551038e-07,1.1315972089880336e-06,0.013137046045810678,0.0570534660620451,0.3005771214140609,0.103375,0.03835
0.1,0.04,0.0,0.001,-0.00099,0.0,0,unit_total_var,0.3821518987341772,6.949540038766468e-05,0.9939125,7.030834509774571e-05,6.949540038766468e-05,0.05050814337653264,9.832212303087853e-07,9.043630069451315e-07,0.013013278604056426,0.056515950892113566,0.3005771214140609,0.103375,0.03835
0.1,0.04,0.0,0.001,-0.00099,0.0,0,unit_total_var,0.3883544303797468,5.6243850416165e-05,0.9938625,5.697791805841485e-05,5.6243850416165e-05,0.05631531775810573,9.813310807797043e-07,7.250606734448091e-07,0.01289137688973762,0.05598653847348152,0.3005771214140609,0.103375,0.03835
0.1,0.04,0.0,0.001,-0.00099,0.0,0,unit_total_var,0.3945569620253165,4.565242191077256e-05,0.9937875,4.631884958818153e-05,4.565242191077256e-05,0.06293942092469962,9.831397853195777e-07,5.830437318559789e-07,0.012771364748085762,0.05546533236467359,0.3005771214140609,0.103375,0.03835
0.1,0.04,0.0,0.001,-0.00099,0.0,0,unit_total_var,0.4007594936708861,3.7156016833992325e-05,0.993775,3.7764785055294575e-05,3.7156016833992325e-05,0.0705786621003952,9.904825239862372e-07,4.701444104998622e-07,0.012653251089867864,0.0549523712646592,0.3005771214140609,0.103375,0.03835
0.1,0.04,0.0,0.001,-0.00099,0.0,0,unit_total_var,0.4069620253164557,3.031912933660359e-05,0.993725,3.031912933660359e-05,3.032023833992085e-05,0.00015885192725306754,9.984708462975993e-07,3.801156222694885e-07,0.012537154944307176,0.05444817211078677,0.3199872896950602,0.103375,0.03835
0.1,0.04,0.0,0.001,-0.00099,0.0,0,unit_total_var,0.4131645569620253,2.4805505392489195e-05,0.993675,2.530655930278551e-05,2.4805505392489195e-05,0.08685022327554748,9.857484958388822e-07,3.081655338963532e-07,0.0124232717302209,0.053953583596195995,0.3199872896950602,0.103375,0.03835
0.1,0.04,0.0,0.001,-0.00099,0.0,0,unit_total_var,0.4193670886075949,2.0337037030099854e-05,0.993625,2.079377630099223e-05,2.0337037030099854e-05,0.09645688128045292,9.81888551898017e-07,2.503844538550127e-07,0.012311746961193555,0.053469237678354896,0.3199872896950602,0.103375,0.03835
0.1,0.04,0.0,0.001,-0.00099,0.0,0,unit_total_var,0.4255696202531646,1.6702326661074188e-05,0.9935875,1.7122400567621722e-05,1.6702326661074188e-05,0.10787679590985276,9.968914036822749e-07,2.0380771036185399e-07,0.012202354468185595,0.05299415211760492,0.3199872896950602,0.103375,0.03835
0.1,0.04,0.0,0.001,-0.00099,0.0,0,unit_total_var,0.4317721518987342,1.3747175710749906e-05,0.9935625,1.4133763317110495e-05,1.3747175710749906e-05,0.12044330701128557,9.927146243779092e-07,1.6626993302626134e-07,0.012094843080840448,0.05252723609494732,0.3199872896950602,0.103375,0.03835
0.1,0.04,0.0,0.001,-0.00099,0.0,0,unit_total_var,0.4379746835443038,1.1337208095261453e-05,0.99355,1.169008171079743e-05,1.1337208095261453e-05,0.13311428568155748,9.89056654494098e-07,1.3592260056644394e-07,0.011989071685405044,0.05206787676113929,0.3199872896950602,0.103375,0.03835
0.1,0.04,0.0,0.001,-0.00099,0.0,0,unit_total_var,0.4441772151898734,9.368166572240207e-06,0.993475,9.690513874945677e-06,9.368166572240207e-06,0.14692203536888115,9.860664676394643e-07,1.1133973803160901e-07,0.011884901615811513,0.0516154718970998,0.3199872896950602,0.103375,0.03835
0.1,0.04,0.0,0.001,-0.00099,0.0,0,unit_total_var,0.450379746835443,7.756401464496131e-06,0.9934625,8.051255401867911e-06,7.756401464496131e-06,0.16203323859751606,9.83807980105755e-07,9.138739800601164e-08,0.011782190288154241,0.05116940226879471,0.3199872896950602,0.103375,0.03835
0.1,0.04,0.0,0.001,-0.00099,0.0,0,unit_total_var,0.4565822784810127,6.43469613256417e-06,0.9934375,6.7047830349616135e-06,6.43469613256417e-06,0.17856685842154718,9.823643738482177e-07,7.516234168757451e-08,0.01168079115767398,0.05072903144042105,0.3199872896950602,0.103375,0.03835
0.1,0.04,0.0,0.001,-0.00099,0.0,0,unit_total_var,0.4627848101265823,5.348917507732496e-06,0.9933875,5.596692616629471e-06,5.348917507732496e-06,0.19665554944340613,9.818762299429287e-07,6.194343880863557e-08,0.01158055601326604,0.05029371573932962,0.3199872896950602,0.103375,0.03835
0.1,0.04,0.0,0.001,-0.00099,0.0,0,unit_total_var,0.4689873417721519,4.45536730340162e-06,0.99335,4.683057377833621e-06,4.45536730340162e-06,0.2164596551412643,9.825528064213648e-07,5.1153578687361056e-08,0.01148133817122236,0.04986281812627042,0.3199872896950602,0.103375,0.03835
0.1,0.04,0.0,0.001,-0.00099,0.0,0,unit_total_var,0.4751898734177215,3.7186937758975975e-06,0.993325,3.928331660493186e-06,3.7186937758975975e-06,0.2381773031361405,9.846659685499356e-07,4.2329878065170665e-08,0.011382996454165769,0.04943572547568475,0.3199872896950602,0.103375,0.03835
0.1,0.04,0.0,0.001,-0.00099,0.0,0,unit_total_var,0.4813924050632911,3.110246977110273e-06,0.9932625,3.303692407155945e-06,3.110246977110273e-06,0.2620472854657905,9.88483505507927e-07,3.510038358767378e-08,0.011285400756272258,0.04901187274515826,0.3199872896950602,0.103375,0.03835
0.1,0.04,0.0,0.001,-0.00099,0.0,0,unit_total_var,0.4875949367088608,2.606805118233606e-06,0.9932,2.783967700235313e-06,2.606805118233606e-06,0.28555627232844216,9.938338463818305e-07,2.9166085171557903e-08,0.011188440964593892,0.04859078172023423,0.3199872896950602,0.103375,0.03835
0.1,0.04,0.0,0.001,-0.00099,0.0,0,unit_total_var,0.4937974683544304,2.189717808537833e-06,0.993125,2.353490492377457e-06,2.189717808537833e-06,0.3132429777001917,9.976097096742187e-07,2.4288429744722293e-08,0.011092036448724273,0.04817210222750693,0.3199872896950602,0.103375,0.03835
0.1,0.04,0.0,0.001,-0.00099,0.0,0,unit_total_var,0.5,1.844938587400747e-06,0.993075,1.995280402257657e-06,1.844938587400747e-06,0.3402202256796656,9.81012340571107e-07,2.0287128386709407e-08,0.010996099558680191,0.047755453607935885,0.3199872896950602,0.103375,0.03835
0.1,0.04,0.0,0.001,-0.001,0.0,0,unit_total_var,0.01,0.948040039450104,0.0,0.948040039450104,0.948040039450104,0.0,9.566378196268488e-07,0.03274973738476668,0.034544677462950465,0.15002562801287014,0.4500768840386105,0.103375,0.03835
0.1,0.04,0.0,0.001,-0.001,0.0,0,unit_total_var,0.016202531645569618,0.948040039450104,0.0,0.948040039450104,0.948040039450104,0.0,8.680602334720787e-07,0.03274973738476668,0.034544677462950465,0.15002562801287014,0.4500768840386105,0.103375,0.03835
0.1,0.04,0.0,0.001,-0.001,0.0,0,unit_total_var,0.02240506329113924,0.948040039450104,0.0,0.948040039450104,0.948040039450104,0.0,9.183746598750986e-07,0.03274973738476668,0.034544677462950465,0.15002562801287014,0.4500768840386105,0.103375,0.03835
0.1,0.04,0.0,0.001,-0.001,0.0,0,unit_total_var,0.028607594936708863,0.948040039450104,0.0,0.948040039450104,0.948040039450104,0.0,9.246958256881045e-07,0.03274973738476668,0.034544677462950465,0.15002562801287014,0.4500768840386105,0.103375,0.03835
0.1,0.04,0.0,0.001,-0.001,0.0,0,unit_total_var,0.03481012658227848,0.948040039450104,0.0,0.948040039450104,0.948040039450104,0.0,7.935571453288048e-07,0.03274973738476668,0.034544677462950465,0.15002562801287014,0.4500768840386105,0.103375,0.03835
0.1,0.04,0.0,0.001,-0.001,0.0,0,unit_total_var,0.0410126582278481,0.948040039450104,0.0,0.948040039450104,0.948040039450104,0.0,9.8405439885596e-07,0.03274973738476668,0.034544677462950465,0.15002562801287014,0.4500768840386105,0.103375,0.03835
0.1,0.04,0.0,0.001,-0.001,0.0,0,unit_total_var,0.047215189873417725,0.948040039450104,0.0,0.948040039450104,0.948040039450104,0.0,9.673457022074672e-07,0.03274973738476668,0.034544677462950465,0.15002562801287014,0.4500768840386105,0.103375,0.03835
0.1,0.04,0.0,0.001,-0.001,0.0,0,unit_total_var,0.05341772151898734,0.948040039450104,0.0,0.948040039450104,0.948040039450104,0.0,9.902685818019563e-07,0.03274973738476668,0.034544677462950465,0.15002562801287014,0.4500768840386105,0.103375,0.03835
0.1,0.04,0.0,0.001,-0.001,0.0,0,unit_total_var,0.05962025316455696,0.948040039450104,0.0,0.948040039450104,0.948040039450104,0.0,7.842254365897361e-07,0.03274973738476668,0.034544677462950465,0.15002562801287014,0.4500768840386105,0.103375,0.03835
0.1,0.04,0.0,0.001,-0.001,0.0,0,unit_total_var,0.06582278481012659,0.948040039450104,0.0,0.948040039450104,0.948040039450104,0.0,8.485721423312498e-07,0.03274973738476668,0.034544677462950465,0.15002562801287014,0.4500768840386105,0.103375,0.03835
0.1,0.04,0.0,0.001,-0.001,0.0,0,unit_total_var,0.0720253164556962,0.948040039450104,0.0,0.948040039450104,0.948040039450104,0.0,9.36561169950778e-07,0.03274973738476668,0.034544677462950465,0.15002562801287014,0.4500768840386105,0.103375,0.03835
0.1,0.04,0.0,0.001,-0.001,0.0,0,unit_total_var,0.07822784810126583,0.948040039450104,0.0,0.948040039450104,0.948040039450104,0.0,7.880449945929512e-07,0.03274973738476668,0.034544677462950465,0.15002562801287014,0.4500768840386105,0.103375,0.03835
0.1,0.04,0.0,0.001,-0.001,0.0,0,unit_total_var,0.08443037974683544,0.948040039450104,0.0,0.948040039450104,0.948040039450104,0.0,8.96347032153244e-07,0.03274973738476668,0.034544677462950465,0.15002562801287014,0.4500768840386105,0.103375,0.03835
0.1,0.04,0.0,0.001,-0.001,0.0,0,unit_total_var,0.09063291139240506,0.948040039450104,0.0,0.948040039450104,0.948040039450104,0.0,7.736626628229716e-07,0.03274973738476668,0.034544677462950465,0.15002562801287014,0.4500768840386105,0.103375,0.03835
0.1,0.04,0.0,0.001,-0.001,0.0,0,unit_total_var,0.09683544303797467,0.948040039450104,0.0,0.948040039450104,0.948040039450104,0.0,8.994039149001767e-07,0.03274973738476668,0.034544677462950465,0.15002562801287014,0.4500768840386105,0.103375,0.03835
0.1,0.04,0.0,0.001,-0.001,0.0,0,unit_total_var,0.1030379746835443,0.948040039450104,0.0,0.948040039450104,0.948040039450104,0.0,7.91121870236111e-07,0.03274973738476668,0.034544677462950465,0.15002562801287014,0.4500768840386105,0.103375,0.03835
0.1,0.04,0.0,0.001,-0.001,0.0,0,unit_total_var,0.10924050632911393,0.948040039450104,0.0,0.948040039450104,0.948040039450104,0.0,8.747294035771347e-07,0.03274973738476668,0.034544677462950465,0.15002562801287014,0.4500768840386105,0.103375,0.03835
0.1,0.04,0.0,0.001,-0.001,0.0,0,unit_total_var,0.11544303797468355,0.948040039450104,0.0,0.948040039450104,0.948040039450104,0.0,8.345691604461082e-07,0.03274973738476668,0.034544677462950465,0.15002562801287014,0.4500768840386105,0.103375,0.03835
0.1,0.04,0.0,0.001,-0.001,0.0,0,unit_total_var,0.12164556962025315,0.948040039450104,0.0,0.948040039450104,0.948040039450104,0.0,9.992829506089151e-07,0.03274973738476668,0.034544677462950465,0.15002562801287014,0.4500768840386105,0.103375,0.03835
0.1,0.04,0.0,0.001,-0.001,0.0,0,unit_total_var,0.12784810126582274,0.948040039450104,0.0,0.948040039450104,0.948040039450104,0.0,9.023228226823221e-07,0.03274973738476668,0.034544677462950465,0.15002562801287014,0.4500768840386105,0.103375,0.03835
0.1,0.04,0.0,0.001,-0.001,0.0,0,unit_total_var,0.1340506329113924,0.948040039450104,0.0,0.948040039450104,0.948040039450104,0.0,8.188217499593975e-07,0.03274973738476668,0.034544677462950465,0.15002562801287014,0.4500768840386105,0.103375,0.03835
0.1,0.04,0.0,0.001,-0.001,0.0,0,unit_total_var,0.14025316455696205,0.948040039450104,0.0,0.948040039450104,0.948040039450104,0.0,9.951985173728417e-07,0.03274973738476668,0.034544677462950465,0.15002562801287014,0.4500768840386105,0.103375,0.03835
0.1,0.04,0.0,0.001,-0.001,0.0,0,unit_total_var,0.14645569620253165,0.948040039450104,0.0,0.948040039450104,0.948040039450104,0.0,9.109033962673151e-07,0.03274973738476668,0.034544677462950465,0.15002562801287014,0.4500768840386105,0.103375,0.03835
0.1,0.04,0.0,0.001,-0.001,0.0,0,unit_total_var,0.15265822784810126,0.948040039450104,0.0,0.948040039450104,0.948040039450104,0.0,8.36883051746895e-07,0.03274973738476668,0.034544677462950465,0.15002562801287014,0.4500768840386105,0.103375,0.03835
0.1,0.04,0.0,0.001,-0.001,0.0,0,unit_total_var,0.1588607594936709,0.948040039450104,0.0,0.948040039450104,0.948040039450104,0.0,7.7153282251885e-07,0.03274973738476668,0.034544677462950465,0.15002562801287014,0.4500768840386105,0.103375,0.03835
0.1,0.04,0.0,0.001,-0.001,0.0,0,unit_total_var,0.1650632911392405,0.948040039450104,0.0,0.948040039450104,0.948040039450104,0.0,9.513993708409884e-07,0.03274973738476668,0.034544677462950465,0.15002562801287014,0.4500768840386105,0.103375,0.03835
0.1,0.04,0.0,0.001,-0.001,0.0,0,unit_total_var,0.17126582278481015,0.948040039450104,0.0,0.948040039450104,0.948040039450104,0.0,8.824879600410894e-07,0.03274973738476668,0.034544677462950465,0.15002562801287014,0.4500768840386105,0.103375,0.03835
0.1,0.04,0.0,0.001,-0.001,0.0,0,unit_total_var,0.17746835443037975,0.948040039450104,0.0,0.948040039450104,0.948040039450104,0.0,8.208019242061937e-07,0.03274973738476668,0.034544677462950465,0.15002562801287014,0.4500768840386105,0.103375,0.03835
0.1,0.04,0.0,0.001,-0.001,0.0,0,unit_total_var,0.18367088607594936,0.948040039450104,0.0,0.948040039450104,0.948040039450104,0.0,7.653652680517098e-07,0.03274973738476668,0.034544677462950465,0.15002562801287014,0.4500768840386105,0.103375,0.03835
0.1,0.04,0.0,0.001,-0.001,0.0,0,unit_total_var,0.18987341772151897,0.948040039450104,0.0,0.948040039450104,0.948040039450104,0.0,9.538152063726102e-07,0.03274973738476668,0.034544677462950465,0.15002562801287014,0.4500768840386105,0.103375,0.03835
0.1,0.04,0.0,0.001,-0.001,0.0,0,unit_total_var,0.1960759493670886,0.948040039450104,0.0,0.948040039450104,0.948040039450104,0.0,8.934705384433529e-07,0.03274973738476668,0.034544677462950465,0.15002562801287014,0.4500768840386105,0.103375,0.03835
0.1,0.04,0.0,0.001,-0.001,0.0,0,unit_total_var,0.20227848101265825,0.948040039450104,0.0,0.948040039450104,0.948040039450104,0.0,8.386769776436155e-07,0.03274973738476668,0.034544677462950465,0.15002562801287014,0.4500768840386105,0.103375,0.03835
0.1,0.04,0.0,0.001,-0.001,0.0,0,unit_total_var,0.20848101265822785,0.948040039450104,0.0,0.948040039450104,0.948040039450104,0.0,8.148325978396542e-07,0.03274973738476668,0.034544677462950465,0.15002562801287014,0.4500768840386105,0.103375,0.03835
0.1,0.04,0.0,0.001,-0.001,0.0,0,unit_total_var,0.21468354430379746,0.948040039450104,0.0,0.948040039450104,0.948040039450104,0.0,9.909282345788029e-07,0.03274973738476668,0.034544677462950465,0.15002562801287014,0.4500768840386105,0.103375,0.03835
0.1,0.04,0.0,0.001,-0.001,0.0,0,unit_total_var,0.2208860759493671,0.948040039450104,0.0,0.948040039450104,0.948040039450104,0.0,9.352772503135044e-07,0.03274973738476668,0.034544677462950465,0.15002562801287014,0.4500768840386105,0.103375,0.03835
0.1,0.04,0.0,0.001,-0.001,0.0,0,unit_total_var,0.2270886075949367,0.948040039450104,0.0,0.948040039450104,0.948040039450104,0.0,8.841862975117466e-07,0.03274973738476668,0.034544677462950465,0.15002562801287014,0.4500768840386105,0.103375,0.03835
0.1,0.04,0.0,0.001,-0.001,0.0,0,unit_total_var,0.23329113924050635,0.948040039450104,0.0,0.948040039450104,0.948040039450104,0.0,8.37170421874589e-07,0.03274973738476668,0.034544677462950465,0.15002562801287014,0.4500768840386105,0.103375,0.03835
0.1,0.04,0.0,0.001,-0.001,0.0,0,unit_total_var,0.23949367088607595,0.948040039450104,0.0,0.948040039450104,0.948040039450104,0.0,7.938074726432377e-07,0.03274973738476668,0.034544677462950465,0.15002562801287014,0.4500768840386105,0.103375,0.03835
0.1,0.04,0.0,0.001,-0.001,0.0,0,unit_total_var,0.2456962025316456,0.948040039450104,0.0,0.948040039450104,0.948040039450104,0.0,7.537285786618497e-07,0.03274973738476668,0.034544677462950465,0.15002562801287014,0.4500768840386105,0.103375,0.03835
0.1,0.04,0.0,0.001,-0.001,0.0,0,unit_total_var,0.2518987341772152,0.948040039450104,0.0,0.948040039450104,0.948040039450104,0.0,9.554803828137892e-07,0.03274973738476668,0.034544677462950465,0.15002562801287014,0.4500768840386105,0.103375,0.03835
0.1,0.04,0.0,0.001,-0.001,0.0,0,unit_total_var,0.2581012658227848,0.948040039450104,0.0,0.948040039450104,0.948040039450104,0.0,9.095573423323343e-07,0.03274973738476668,0.034544677462950465,0.15002562801287014,0.4500768840386105,0.103375,0.03835
0.1,0.04,0.0,0.001,-0.001,0.0,0,unit_total_var,0.2643037974683544,0.948040039450104,0.0,0.948040039450104,0.948040039450104,0.0,8.668673912026749e-07,0.03274973738476668,0.034544677462950465,0.15002562801287014,0.4500768840386105,0.103375,0.03835
0.1,0.04,0.0,0.001,-0.001,0.0,0,unit_total_var,0.2705063291139241,0.948040039450104,0.0,0.948040039450104,0.948040039450104,0.0,8.271139964044494e-07,0.03274973738476668,0.034544677462950465,0.15002562801287014,0.4500768840386105,0.103375,0.03835
0.1,0.04,0.0,0.001,-0.001,0.0,0,unit_total_var,0.2767088607594937,0.948040039450104,0.0,0.948040039450104,0.948040039450104,0.0,7.900338632182979e-07,0.03274973738476668,0.034544677462950465,0.15002562801287014,0.4500768840386105,0.103375,0.03835
0.1,0.04,0.0,0.001,-0.001,0.0,0,unit_total_var,0.2829113924050633,0.948040039450104,0.0,0.948040039450104,0.948040039450104,0.0,7.553925578385191e-07,0.03274973738476668,0.034544677462950465,0.15002562801287014,0.4500768840386105,0.103375,0.03835
0.1,0.04,0.0,0.001,-0.001,0.0,0,unit_total_var,0.2891139240506329,0.948040039450104,0.0,0.948040039450104,0.948040039450104,0.0,9.639743900891062e-07,0.03274973738476668,0.034544677462950465,0.15002562801287014,0.4500768840386105,0.103375,0.03835
0.1,0.04,0.0,0.001,-0.001,0.0,0,unit_total_var,0.2953164556962025,0.948040039450104,0.0,0.948040039450104,0.948040039450104,0.0,9.234816817915714e-07,0.03274973738476668,0.034544677462950465,0.15002562801287014,0.4500768840386105,0.103375,0.03835
0.1,0.04,0.0,0.001,-0.001,0.0,0,unit_total_var,0.3015189873417722,0.948040039450104,0.0,0.948040039450104,0.948040039450104,0.0,8.854878927877509e-07,0.03274973738476668,0.034544677462950465,0.15002562801287014,0.4500768840386105,0.103375,0.03835
0.1,0.04,0.0,0.001,-0.001,0.0,0,unit_total_var,0.3077215189873418,0.948040039450104,0.0,0.948040039450104,0.948040039450104,0.0,9.814191064272393e-07,0.03274973738476668,0.034544677462950465,0.15002562801287014,0.4500768840386105,0.103375,0.03835
0.1,0.04,0.0,0.001,-0.001,0.0,0,unit_total_var,0.3139240506329114,0.948040039450104,0.0,0.948040039450104,0.948040039450104,0.0,8.162110756160245e-07,0.03274973738476668,0.034544677462950465,0.15002562801287014,0.4500768840386105,0.103375,0.03835
0.1,0.04,0.0,0.001,-0.001,0.0,0,unit_total_var,0.320126582278481,0.948040039450104,0.0,0.948040039450104,0.948040039450104,0.0,7.845824936403291e-07,0.03274973738476668,0.034544677462950465,0.15002562801287014,0.4500768840386105,0.103375,0.03835
0.1,0.04,0.0,0.001,-0.001,0.0,0,unit_total_var,0.3263291139240506,0.948040039450104,0.0,0.948040039450104,0.948040039450104,0.0,7.547574023547555e-07,0.03274973738476668,0.034544677462950465,0.15002562801287014,0.4500768840386105,0.103375,0.03835
0.1,0.04,0.0,0.001,-0.001,0.0,0,unit_total_var,0.3325316455696203,0.948040039450104,0.0,0.948040039450104,0.948040039450104,0.0,9.6880166022828e-07,0.03274973738476668,0.034544677462950465,0.15002562801287014,0.4500768840386105,0.103375,0.03835
0.1,0.04,0.0,0.001,-0.001,0.0,0,unit_total_var,0.3387341772151899,0.948040039450104,0.0,0.948040039450104,0.948040039450104,0.0,9.33322375828993e-07,0.03274973738476668,0.034544677462950465,0.15002562801287014,0.4500768840386105,0.103375,0.03835
0.1,0.04,0.0,0.001,-0.001,0.0,0,unit_total_var,0.3449367088607595,0.948040039450104,0.0,0.948040039450104,0.948040039450104,0.0,8.997570208890694e-07,0.03274973738476668,0.034544677462950465,0.15002562801287014,0.4500768840386105,0.103375,0.03835
0.1,0.04,0.0,0.001,-0.001,0.0,0,unit_total_var,0.3511392405063291,0.948040039450104,0.0,0.948040039450104,0.948040039450104,0.0,8.679703635827706e-07,0.03274973738476668,0.034544677462950465,0.15002562801287014,0.4500768840386105,0.103375,0.03835
0.1,0.04,0.0,0.001,-0.001,0.0,0,unit_total_var,0.3573417721518987,0.948040039450104,0.0,0.948040039450104,0.948040039450104,0.0,8.37838908473998e-07,0.03274973738476668,0.034544677462950465,0.15002562801287014,0.4500768840386105,0.103375,0.03835
0.1,0.04,0.0,0.001,-0.001,0.0,0,unit_total_var,0.3635443037974684,0.948040039450104,0.0,0.948040039450104,0.948040039450104,0.0,8.092496983636012e-07,0.03274973738476668,0.034544677462950465,0.15002562801287014,0.4500768840386105,0.103375,0.03835
0.1,0.04,0.0,0.001,-0.001,0.0,0,unit_total_var,0.369746835443038,0.948040039450104,0.0,0.948040039450104,0.948040039450104,0.0,7.820992462548304e-07,0.03274973738476668,0.034544677462950465,0.15002562801287014,0.4500768840386105,0.103375,0.03835
0.1,0.04,0.0,0.001,-0.001,0.0,0,unit_total_var,0.3759493670886076,0.948040039450104,0.0,0.948040039450104,0.948040039450104,0.0,7.562926045423524e-07,0.03274973738476668,0.034544677462950465,0.15002562801287014,0.4500768840386105,0.103375,0.03835
0.1,0.04,0.0,0.001,-0.001,0.0,0,unit_total_var,0.3821518987341772,0.948040039450104,0.0,0.948040039450104,0.948040039450104,0.0,9.756567069807431e-07,0.03274973738476668,0.034544677462950465,0.15002562801287014,0.4500768840386105,0.103375,0.03835
0.1,0.04,0.0,0.001,-0.001,0.0,0,unit_total_var,0.3883544303797468,0.948040039450104,0.0,0.948040039450104,0.948040039450104,0.0,9.444916617695751e-07,0.03274973738476668,0.034544677462950465,0.15002562801287014,0.4500768840386105,0.103375,0.03835
0.1,0.04,0.0,0.001,-0.001,0.0,0,unit_total_var,0.3945569620253165,0.948040039450104,0.0,0.948040039450104,0.948040039450104,0.0,9.147963835332008e-07,0.03274973738476668,0.034544677462950465,0.15002562801287014,0.4500768840386105,0.103375,0.03835
0.1,0.04,0.0,0.001,-0.001,0.0,0,unit_total_var,0.4007594936708861,0.948040039450104,0.0,0.948040039450104,0.948040039450104,0.0,8.864798810570562e-07,0.03274973738476668,0.034544677462950465,0.15002562801287014,0.4500768840386105,0.103375,0.03835
0.1,0.04,0.0,0.001,-0.001,0.0,0,unit_total_var,0.4069620253164557,0.948040039450104,0.0,0.948040039450104,0.948040039450104,0.0,9.894576864510896e-07,0.03274973738476668,0.034544677462950465,0.15002562801287014,0.4500768840386105,0.103375,0.03835
0.1,0.04,0.0,0.001,-0.001,0.0,0,unit_total_var,0.4131645569620253,0.948040039450104,0.0,0.948040039450104,0.948040039450104,0.0,8.33653291287817e-07,0.03274973738476668,0.034544677462950465,0.15002562801287014,0.4500768840386105,0.103375,0.03835
0.1,0.04,0.0,0.001,-0.001,0.0,0,unit_total_var,0.4193670886075949,0.948040039450104,0.0,0.948040039450104,0.948040039450104,0.0,8.08993459777696e-07,0.03274973738476668,0.034544677462950465,0.15002562801287014,0.4500768840386105,0.103375,0.03835
0.1,0.04,0.0,0.001,-0.001,0.0,0,unit_total_var,0.4255696202531646,0.948040039450104,0.0,0.948040039450104,0.948040039450104,0.0,7.854118537764521e-07,0.03274973738476668,0.034544677462950465,0.15002562801287014,0.4500768840386105,0.103375,0.03835
0.1,0.04,0.0,0.001,-0.001,0.0,0,unit_total_var,0.4317721518987342,0.948040039450104,0.0,0.948040039450104,0.948040039450104,0.0,7.628465175102407e-07,0.03274973738476668,0.034544677462950465,0.15002562801287014,0.4500768840386105,0.103375,0.03835
0.1,0.04,0.0,0.001,-0.001,0.0,0,unit_total_var,0.4379746835443038,0.948040039450104,0.0,0.948040039450104,0.948040039450104,0.0,9.883198428539686e-07,0.03274973738476668,0.034544677462950465,0.15002562801287014,0.4500768840386105,0.103375,0.03835
0.1,0.04,0.0,0.001,-0.001,0.0,0,unit_total_var,0.4441772151898734,0.948040039450104,0.0,0.948040039450104,0.948040039450104,0.0,9.60717863485172e-07,0.03274973738476668,0.034544677462950465,0.15002562801287014,0.4500768840386105,0.103375,0.03835
0.1,0.04,0.0,0.001,-0.001,0.0,0,unit_total_var,0.450379746835443,0.948040039450104,0.0,0.948040039450104,0.948040039450104,0.0,9.342562696801339e-07,0.03274973738476668,0.034544677462950465,0.15002562801287014,0.4500768840386105,0.103375,0.03835
0.1,0.04,0.0,0.001,-0.001,0.0,0,unit_total_var,0.4565822784810127,0.948040039450104,0.0,0.948040039450104,0.948040039450104,0.0,9.088730941186896e-07,0.03274973738476668,0.034544677462950465,0.15002562801287014,0.4500768840386105,0.103375,0.03835
0.1,0.04,0.0,0.001,-0.001,0.0,0,unit_total_var,0.4627848101265823,0.948040039450104,0.0,0.948040039450104,0.948040039450104,0.0,8.845105226029659e-07,0.03274973738476668,0.034544677462950465,0.15002562801287014,0.4500768840386105,0.103375,0.03835
0.1,0.04,0.0,0.001,-0.001,0.0,0,unit_total_var,0.4689873417721519,0.948040039450104,0.0,0.948040039450104,0.948040039450104,0.0,8.611145618786509e-07,0.03274973738476668,0.034544677462950465,0.15002562801287014,0.4500768840386105,0.103375,0.03835
0.1,0.04,0.0,0.001,-0.001,0.0,0,unit_total_var,0.4751898734177215,0.948040039450104,0.0,0.948040039450104,0.948040039450104,0.0,8.386347474242939e-07,0.03274973738476668,0.034544677462950465,0.15002562801287014,0.4500768840386105,0.103375,0.03835
0.1,0.04,0.0,0.001,-0.001,0.0,0,unit_total_var,0.4813924050632911,0.948040039450104,0.0,0.948040039450104,0.948040039450104,0.0,8.170238596783007e-07,0.03274973738476668,0.034544677462950465,0.15002562801287014,0.4500768840386105,0.103375,0.03835
0.1,0.04,0.0,0.001,-0.001,0.0,0,unit_total_var,0.4875949367088608,0.948040039450104,0.0,0.948040039450104,0.948040039450104,0.0,7.962376866732512e-07,0.03274973738476668,0.034544677462950465,0.15002562801287014,0.4500768840386105,0.103375,0.03835
0.1,0.04,0.0,0.001,-0.001,0.0,0,unit_total_var,0.4937974683544304,0.948040039450104,0.0,0.948040039450104,0.948040039450104,0.0,7.762347917772415e-07,0.03274973738476668,0.034544677462950465,0.15002562801287014,0.4500768840386105,0.103375,0.03835
0.1,0.04,0.0,0.001,-0.001,0.0,0,unit_total_var,0.5,0.948040039450104,0.0,0.948040039450104,0.948040039450104,0.0,7.569763078585369e-07,0.03274973738476668,0.034544677462950465,0.15002562801287014,0.4500768840386105,0.103375,0.03835
0.1,0.04,0.0,0.001,0.00099,0.0,0,unit_total_var,0.01,1.0476327302326436,0.9995,1.0476327302326436,1.0476327306084956,1.5580885748267548e-09,8.579243484518885e-07,0.03285141780139169,0.031357761984103436,0.1361850299453169,0.39032534570159694,0.103375,0.03835
0.1,0.04,0.0,0.001,0.00099,0.0,0,unit_total_var,0.016202531645569618,1.120754360107553,0.9996,1.1207543668979043,1.120754360107553,2.6312743761636167e-08,8.294770026395781e-07,0.03305349219069092,0.029492182557754182,0.12808292144115968,0.39032534570159694,0.103375,0.03835
0.1,0.04,0.0,0.001,0.00099,0.0,0,unit_total_var,0.02240506329113924,1.2034705369637786,0.9997,1.2034705816971496,1.2034705369637786,1.6142859537993104e-07,8.996909457437141e-07,0.03339295520316923,0.02774721455783697,0.12050462170654172,0.39032534570159694,0.103375,0.03835
0.1,0.04,0.0,0.001,0.00099,0.0,0,unit_total_var,0.028607594936708863,1.2956816326759308,0.9997625,1.2956816409081688,1.2956816326759308,2.7593317186713762e-08,9.742533038092917e-07,0.03387979638557135,0.026148241613644284,0.11356037044278693,0.39032534570159694,0.103375,0.03835
0.1,0.04,0.0,0.001,0.00099,0.0,0,unit_total_var,0.03481012658227848,1.395301290855346,0.999825,1.395301290855346,1.3953012980867174,2.2508004127175237e-08,9.5420434575999e-07,0.034494002029627414,0.024721543838379125,0.10736430073137387,0.39032534570159694,0.103375,0.03835
0.1,0.04,0.0,0.001,0.00099,0.0,0,unit_total_var,0.0410126582278481,1.495859210922736,0.9998875,1.495859210922736,1.4958592460972078,1.0212243717333537e-07,9.36882543101092e-07,0.035149275405716475,0.0234977163285536,0.10204928538818764,0.39032534570159694,0.103375,0.03835
0.1,0.04,0.0,0.001,0.00099,0.0,0,unit_total_var,0.047215189873417725,1.5849306614417211,0.9998875,1.5849306614417211,1.5849307089832478,1.30270825238199e-07,7.779547743780313e-07,0.035679626105712334,0.02251178993108545,0.09776746144835594,0.39032534570159694,0.103375,0.03835
0.1,0.04,0.0,0.001,0.00099,0.0,0,unit_total_var,0.05341772151898734,1.6486446065404006,0.9999,1.6486446065404006,1.6486446231225391,4.368152684008919e-08,8.957121551134152e-07,0.035909678126396574,0.021781333577860214,0.09459512981358703,0.39032534570159694,0.103375,0.03835
0.1,0.04,0.0,0.001,0.00099,0.0,0,unit_total_var,0.05962025316455696,1.6804861953490409,0.9999,1.680486227796972,1.6804861953490409,8.385642935593296e-08,8.615941418099737e-07,0.035741134635586716,0.02126832980509144,0.09236718273649673,0.39032534570159694,0.103375,0.03835
0.1,0.04,0.0,0.001,0.00099,0.0,0,unit_total_var,0.06582278481012659,1.683211090217846,0.9999,1.6832111565868273,1.683211090217846,1.7124222839726144e-07,8.044066390766601e-07,0.035175048582068706,0.020897586040450958,0.09075706302466276,0.39032534570159694,0.103375,0.03835
0.1,0.04,0.0,0.001,0.00099,0.0,0,unit_total_var,0.0720253164556962,1.6637052550657674,0.9999125,1.6637052550657674,1.6637053425817858,2.2845226199663673e-07,8.850759378731254e-07,0.03427581332503647,0.02060209476448491,0.08947376071863668,0.39032534570159694,0.103375,0.03835
0.1,0.04,0.0,0.001,0.00099,0.0,0,unit_total_var,0.07822784810126583,1.6286689891447352,0.9999125,1.62866905548575,1.6286689891447352,1.7690234388467732e-07,9.492259138710323e-07,0.03312599778546736,0.02033930651731931,0.08833248586210621,0.39032534570159694,0.103375,0.03835
0.1,0.04,0.0,0.001,0.00099,0.0,0,unit_total_var,0.08443037974683544,1.5832219831741174,0.9999125,1.583222075391483,1.5832219831741174,2.529619487212642e-07,9.700058285488922e-07,0.03180266096537933,0.020087303804119664,0.08723805198443367,0.39032534570159694,0.103375,0.03835
0.1,0.04,0.0,0.001,0.00099,0.0,0,unit_total_var,0.09063291139240506,1.5309766182492743,0.9999125,1.5309767321466916,1.5309766182492743,3.2309453579237873e-07,8.660076744604339e-07,0.030372237992987067,0.0198384727963506,0.08615739264842838,0.39032534570159694,0.103375,0.03835
0.1,0.04,0.0,0.001,0.00099,0.0,0,unit_total_var,0.09683544303797467,1.4744402855983023,0.9999125,1.4744404234967583,1.4744402855983023,4.061781022635103e-07,9.441740438376199e-07,0.02888980608093818,0.019593744394480646,0.08509455070345716,0.39032534570159694,0.103375,0.03835
0.1,0.04,0.0,0.001,0.00099,0.0,0,unit_total_var,0.1030379746835443,1.4153544267404303,0.9999125,1.4153545931227145,1.4153544267404303,5.105357518964125e-07,9.773912115207395e-07,0.02739663616072054,0.019356731885041088,0.08406521845354073,0.39032534570159694,0.103375,0.03835
0.1,0.04,0.0,0.001,0.00099,0.0,0,unit_total_var,0.10924050632911393,1.3549413429656427,0.999925,1.3549413429656427,1.3549413430297597,2.0551182977612825e-10,9.521857737837536e-07,0.025920343029187942,0.019130232584426504,0.08308154448942212,0.2991854883611863,0.103375,0.03835
0.1,0.04,0.0,0.001,0.00099,0.0,0,unit_total_var,0.11544303797468355,1.2940744570326057,0.9999125,1.2940746661173357,1.2940744570326057,7.016932968006985e-07,9.262786111463584e-07,0.024478454832468813,0.01891580094131481,0.08215027969593358,0.2991854883611863,0.103375,0.03835
0.1,0.04,0.0,0.001,0.00099,0.0,0,unit_total_var,0.12164556962025315,1.2333763196410854,0.999925,1.2333765491167414,1.2333763196410854,8.080259064069395e-07,8.991094286869836e-07,0.023082067182050064,0.0187145373350179,0.08127620295970661,0.2991854883611863,0.103375,0.03835
0.1,0.04,0.0,0.001,0.00099,0.0,0,unit_total_var,0.12784810126582274,1.1732705972101491,0.999925,1.1732708659464808,1.1732705972101491,9.947465906545716e-07,9.964289642283577e-07,0.021737822643143997,0.0185275440250809,0.08046410133312197,0.2991854883611863,0.103375,0.03835
0.1,0.04,0.0,0.001,0.00099,0.0,0,unit_total_var,0.1340506329113924,1.1140223558501634,0.9999125,1.1140226712341594,1.1140223558501634,1.2295041392218486e-06,9.834280305653922e-07,0.020448602070750287,0.018355647858740668,0.07971756576810311,0.2991854883611863,0.103375,0.03835
0.1,0.04,0.0,0.001,0.00099,0.0,0,unit_total_var,0.14025316455696205,1.0557831215252922,0.999925,1.055783475483855,1.0557831215252922,1.4560019182263686e-06,9.898913484462923e-07,0.019214071913890046,0.01819888149578621,0.07903673810431149,0.2991854883611863,0.103375,0.03835
0.1,0.04,0.0,0.001,0.00099,0.0,0,unit_total_var,0.14645569620253165,0.998639291027948,0.999925,0.9986396530509791,0.998639291027948,1.5743880462815857e-06,9.099955784463988e-07,0.01803178658652696,0.01805635603218252,0.0784177578805736,0.2991854883611863,0.103375,0.03835
0.1,0.04,0.0,0.001,0.00099,0.0,0,unit_total_var,0.15265822784810126,0.9426520771422588,0.999925,0.9426525009464362,0.9426520771422588,1.9525313607049455e-06,9.591314045209742e-07,0.01689847897511525,0.01792652812726476,0.0778539224535452,0.2991854883611863,0.103375,0.03835
0.1,0.04,0.0,0.001,0.00099,0.0,0,unit_total_var,0.1588607594936709,0.8878805000784203,0.999925,0.8878809548395815,0.8878805000784203,2.2244008318628157e-06,9.280431907399134e-07,0.01581086602205149,0.017807425684712105,0.077336667117727,0.2991854883611863,0.103375,0.03835
0.1,0.04,0.0,0.001,0.00099,0.0,0,unit_total_var,0.1650632911392405,0.8343939303553226,0.999925,0.8343944541720546,0.8343939303553226,2.7264177810959467e-06,9.180364308747356e-07,0.014766054875286224,0.017696742914942068,0.07685597795619807,0.2991854883611863,0.103375,0.03835
0.1,0.04,0.0,0.001,0.00099,0.0,0,unit_total_var,0.17126582278481015,0.782278757200333,0.999925,0.7822793387818179,0.782278757200333,3.228740822036613e-06,9.242848104662472e-07,0.013762048849055523,0.017592256880792703,0.07640220087552782,0.2991854883611863,0.103375,0.03835
0.1,0.04,0.0,0.001,0.00099,0.0,0,unit_total_var,0.17746835443037975,0.731627139106797,0.9999375,0.7316277644594416,0.731627139106797,3.712096943608856e-06,9.453846745444141e-07,0.01279791093885925,0.017492395039478047,0.07596850640917129,0.2991854883611863,0.103375,0.03835
0.1,0.04,0.0,0.001,0.00099,0.0,0,unit_total_var,0.18367088607594936,0.6825161156318676,0.9999375,0.6825168315358654,0.6825161156318676,4.5553941601106365e-06,9.828024927216459e-07,0.01187311389025179,0.01739609310068783,0.07555027240303952,0.2991854883611863,0.103375,0.03835
0.1,0.04,0.0,0.001,0.00099,0.0,0,unit_total_var,0.18987341772151897,0.6350038157022173,0.9999375,0.6350045809141072,0.6350038157022173,5.2334662064001955e-06,9.55109265454723e-07,0.0109868864047359,0.017302079346698227,0.07514197585723259,0.2991854883611863,0.103375,0.03835
0.1,0.04,0.0,0.001,0.00099,0.0,0,unit_total_var,0.1960759493670886,0.5891437734383057,0.99995,0.5891446410047494,0.5891437734383057,6.395366610956187e-06,9.47115028626655e-07,0.010138328252616657,0.017208580841732903,0.07473591700950613,0.2991854883611863,0.103375,0.03835
0.1,0.04,0.0,0.001,0.00099,0.0,0,unit_total_var,0.20227848101265825,0.5449930526000286,0.99995,0.5449940039736126,0.5449930526000286,7.581306498583017e-06,9.409993104725344e-07,0.009326845051793915,0.017113695316477554,0.07432383440919725,0.2991854883611863,0.103375,0.03835
0.1,0.04,0.0,0.001,0.00099,0.0,0,unit_total_var,0.20848101265822785,0.502606245066526,0.99995,0.5026062625551238,0.502606245066526,1.5111633500097812e-07,9.781510872386434e-07,0.008552226491351306,0.01701575850936615,0.07389850026016019,0.3005032058952088,0.103375,0.03835
0.1,0.04,0.0,0.001,0.00099,0.0,0,unit_total_var,0.21468354430379746,0.4620305109336894,0.99995,0.4620316466572502,0.4620305109336894,1.0675439338303503e-05,9.468965065373423e-07,0.007814431264432405,0.016913236419475192,0.07345325248103186,0.3005032058952088,0.103375,0.03835
0.1,0.04,0.0,0.001,0.00099,0.0,0,unit_total_var,0.2208860759493671,0.4233101381220629,0.99995,0.4233113979399477,0.4233101381220629,1.2925065859370474e-05,9.94124828901377e-07,0.007113615683051126,0.01680473733657636,0.07298204695108662,0.3005032058952088,0.103375,0.03835
0.1,0.04,0.0,0.001,0.00099,0.0,0,unit_total_var,0.2270886075949367,0.3864935293084888,0.99995,0.3864948909105736,0.3864935293084888,1.5300003378015962e-05,9.837699292969404e-07,0.006450378635039962,0.016689486746598137,0.07248151999845025,0.3005032058952088,0.103375,0.03835
0.1,0.04,0.0,0.001,0.00099,0.0,0,unit_total_var,0.23329113924050635,0.3516308380217608,0.99995,0.3516323592159973,0.3516308380217608,1.878802318788786e-05,9.784328667272746e-07,0.005825592415719496,0.016567353558901956,0.07195110230371317,0.3005032058952088,0.103375,0.03835
0.1,0.04,0.0,0.001,0.00099,0.0,0,unit_total_var,0.23949367088607595,0.3187647199177842,0.99995,0.3187663674556298,0.3187647199177842,2.2446484861049495e-05,9.751981049355152e-07,0.005239984908387239,0.016438409212094537,0.07139110412080238,0.3005032058952088,0.103375,0.03835
0.1,0.04,0.0,0.001,0.00099,0.0,0,unit_total_var,0.2456962025316456,0.2879211892900915,0.99995,0.2879229712250651,0.2879211892900915,2.6878262531226934e-05,9.724568179603208e-07,0.004694030058628138,0.01630317681794071,0.07080379729524665,0.3005032058952088,0.103375,0.03835
0.1,0.04,0.0,0.001,0.00099,0.0,0,unit_total_var,0.2518987341772152,0.2591092863283652,0.99995,0.2591112057595862,0.2591092863283652,3.2171571768380154e-05,9.674780869772803e-07,0.0041880218424625035,0.016163148383478192,0.07019566153128043,0.3005032058952088,0.103375,0.03835
0.1,0.04,0.0,0.001,0.00099,0.0,0,unit_total_var,0.2581012658227848,0.2323273065592472,0.99995,0.2323293564486204,0.2323273065592472,3.8318858381458654e-05,9.562452659706013e-07,0.00372203551481264,0.01602065452372238,0.06957681856130997,0.3005032058952088,0.103375,0.03835
0.1,0.04,0.0,0.001,0.00099,0.0,0,unit_total_var,0.2643037974683544,0.2075623485341168,0.99995,0.20756461884079613,0.2075623485341168,4.7502655358577777e-05,9.825717997014038e-07,0.0032957295853089123,0.01587826312712586,0.06895842058318631,0.3005032058952088,0.103375,0.03835
0.1,0.04,0.0,0.001,0.00099,0.0,0,unit_total_var,0.2705063291139241,0.18478191417483286,0.99995,0.1847843347392572,0.18478191417483286,5.689035596123659e-05,9.969151789634978e-07,0.002908092713112841,0.01573797265873826,0.06834914682034278,0.3005032058952088,0.103375,0.03835
0.1,0.04,0.0,0.001,0.00099,0.0,0,unit_total_var,0.2767088607594937,0.16393125641075995,0.99995,0.16393386212650074,0.16393125641075995,6.903131218738423e-05,9.995578302834929e-07,0.002557386453964237,0.015600359016075828,0.06775149836391374,0.3005032058952088,0.103375,0.03835
0.1,0.04,0.0,0.001,0.00099,0.0,0,unit_total_var,0.2829113924050633,0.14493834242798204,0.99995,0.1449411100669109,0.14493834242798204,8.29289764681107e-05,9.91080098211583e-07,0.00224137976536343,0.015464367315206062,0.06716089391118997,0.3005032058952088,0.103375,0.03835
0.1,0.04,0.0,0.001,0.00099,0.0,0,unit_total_var,0.2891139240506329,0.12771732590055454,0.99995,0.12772028767252733,0.12771732590055454,0.00010071196692607033,9.720662215717544e-07,0.0019576525978341353,0.015328011168652528,0.06656870669097206,0.3005032058952088,0.103375,0.03835
0.1,0.04,0.0,0.001,0.00099,0.0,0,unit_total_var,0.2953164556962025,0.11217454863543316,0.99995,0.11217772871586623,0.11217454863543316,0.00012311810697696046,9.788232317453629e-07,0.0017038810012850673,0.015189550767194738,0.06596738080781979,0.3005032058952088,0.103375,0.03835
0.1,0.04,0.0,0.001,0.00099,0.0,0,unit_total_var,0.3015189873417722,0.09821549491385108,0.99995,0.09821884040087486,0.09821549491385108,0.0001479299992546146,9.698717681749791e-07,0.0014780059269832127,0.015048602344056134,0.06535524958379918,0.3005032058952088,0.103375,0.03835
0.1,0.04,0.0,0.001,0.00099,0.0,0,unit_total_var,0.3077215189873418,0.08574526660283828,0.99995,0.08574526660283828,0.08574527508020098,4.293731663551626e-07,9.713841087610753e-07,0.001278157882614114,0.014906454119903632,0.0647379076901814,0.3003880398436227,0.103375,0.03835
0.1,0.04,0.0,0.001,0.00099,0.0,0,unit_total_var,0.3139240506329114,0.07466384078543073,0.99995,0.07466763617492105,0.07466384078543073,0.00022075944686683613,9.790156558220353e-07,0.0011024514092550163,0.01476553305666723,0.06412589528870632,0.3003880398436227,0.103375,0.03835
0.1,0.04,0.0,0.001,0.00099,0.0,0,unit_total_var,0.320126582278481,0.06486516756592033,0.99995,0.06486911919955145,0.06486516756592033,0.0002645673281609362,9.667102037480557e-07,0.0009488427644873967,0.01462792435590518,0.06352826829467798,0.3003880398436227,0.103375,0.03835
0.1,0.04,0.0,0.001,0.00099,0.0,0,unit_total_var,0.3263291139240506,0.056242153893207567,0.9999375,0.056246357510077886,0.056242153893207567,0.0003245856112563672,9.953684209362823e-07,0.0008151819181012295,0.014494144723708384,0.06294727073413682,0.3003880398436227,0.103375,0.03835
0.1,0.04,0.0,0.001,0.00099,0.0,0,unit_total_var,0.3325316455696203,0.048689119052508806,0.99995,0.048693529357367836,0.048689119052508806,0.00039337009136097844,9.969336879356303e-07,0.000699361359055822,0.014363812134320924,0.06238124349030545,0.3003880398436227,0.103375,0.03835
0.1,0.04,0.0,0.001,0.00099,0.0,0,unit_total_var,0.3387341772151899,0.04210029822958383,0.99995,0.042104803108695237,0.04210029822958383,0.0004646854194092498,9.754491016450428e-07,0.0005993713249444269,0.014236747722685947,0.061829409762111924,0.3003880398436227,0.103375,0.03835
0.1,0.04,0.0,0.001,0.00099,0.0,0,unit_total_var,0.3449367088607595,0.036371959392941834,0.99995,0.03637667442914415,0.036371959392941834,0.000562956058395514,9.965915495624422e-07,0.0005133176887831613,0.01411300621001939,0.06129200720077746,0.3003880398436227,0.103375,0.03835
0.1,0.04,0.0,0.001,0.00099,0.0,0,unit_total_var,0.3511392405063291,0.031406724284304764,0.99995,0.031411619038603934,0.031406724284304764,0.0006767974684667166,9.966513785236721e-07,0.0004394591042620754,0.013992516388654107,0.06076872655533295,0.3003880398436227,0.103375,0.03835
0.1,0.04,0.0,0.001,0.00099,0.0,0,unit_total_var,0.3573417721518987,0.027114027512646573,0.99995,0.02711908123298929,0.027114027512646573,0.0008093959262307492,9.789417959732427e-07,0.00037620286631445037,0.013874842685727194,0.060257676156870124,0.3003880398436227,0.103375,0.03835
0.1,0.04,0.0,0.001,0.00099,0.0,0,unit_total_var,0.3635443037974684,0.02340982870754176,0.99995,0.023415034114945048,0.02340982870754176,0.0009655894686488863,9.76675792102588e-07,0.00032209846244438486,0.013759112314248458,0.05975506553965185,0.3003880398436227,0.103375,0.03835
0.1,0.04,0.0,0.001,0.00099,0.0,0,unit_total_var,0.369746835443038,0.020218682695309083,0.9999375,0.02022386472278747,0.020218682695309083,0.00111294965076425,9.932042580318434e-07,0.00027587855111250716,0.013644734193118995,0.059258327671081974,0.3003880398436227,0.103375,0.03835
0.1,0.04,0.0,0.001,0.00099,0.0,0,unit_total_var,0.3759493670886076,0.01747413793659724,0.9999375,0.017478981622239268,0.01747413793659724,0.0012036613535038045,9.808368774122391e-07,0.00023645921145061703,0.013531952895678184,0.058768524719677626,0.3003880398436227,0.103375,0.03835
0.1,0.04,0.0,0.001,0.00099,0.0,0,unit_total_var,0.3821518987341772,0.015116085911877975,0.9999375,0.01512068921983841,0.015116085911877975,0.0013223574620297993,9.868582865890652e-07,0.000202873241921428,0.013421016730396685,0.05828673507542503,0.3003880398436227,0.103375,0.03835
0.1,0.04,0.0,0.001,0.00099,0.0,0,unit_total_var,0.3883544303797468,0.013091232457900184,0.999925,0.013095555310795282,0.013091232457900184,0.0014338460998430946,9.825690852061086e-07,0.0001742655577233004,0.013311623507085169,0.057811646343007006,0.3003880398436227,0.103375,0.03835
0.1,0.04,0.0,0.001,0.00099,0.0,0,unit_total_var,0.3945569620253165,0.011353005960134156,0.999925,0.011357078154068936,0.011353005960134156,0.0015574855338940097,9.973824462855552e-07,0.0001498953870509985,0.013203145279527996,0.05734053138665975,0.3003880398436227,0.103375,0.03835
0.1,0.04,0.0,0.001,0.00099,0.0,0,unit_total_var,0.4007594936708861,0.00986118215507682,0.999925,0.009865000142194054,0.00986118215507682,0.0016811471502258255,9.860740521755451e-07,0.00012913268265504023,0.01309505094057704,0.05687108363734595,0.3003880398436227,0.103375,0.03835
0.1,0.04,0.0,0.001,0.00099,0.0,0,unit_total_var,0.4069620253164557,0.00858060247960283,0.999925,0.00858062277962764,0.00858060247960283,1.0274544649746533e-05,9.993714843170576e-07,0.00011143742798888962,0.012987133275756612,0.056402403174032,0.3003012184470475,0.103375,0.03835
0.1,0.04,0.0,0.001,0.00099,0.0,0,unit_total_var,0.4131645569620253,0.007480870605467331,0.999925,0.007484269467834308,0.007480870605467331,0.0019727275372964925,9.900038539373268e-07,9.634962132618109e-05,0.012879466362613569,0.055934811711416184,0.3003012184470475,0.103375,0.03835
0.1,0.04,0.0,0.001,0.00099,0.0,0,unit_total_var,0.4193670886075949,0.0065355446023750785,0.999925,0.00653869496655904,0.0065355446023750785,0.002092948963259289,9.764913236759432e-07,8.347358687419551e-05,0.012772246530742123,0.05546916189809256,0.3003012184470475,0.103375,0.03835
0.1,0.04,0.0,0.001,0.00099,0.0,0,unit_total_var,0.4255696202531646,0.005721858534215875,0.999925,0.005724809872747367,0.005721858534215875,0.0022395163750488227,9.895759523481649e-07,7.2470992212733e-05,0.01266563858217869,0.055006169460211314,0.3003012184470475,0.103375,0.03835
0.1,0.04,0.0,0.001,0.00099,0.0,0,unit_total_var,0.4317721518987342,0.0050204859734335,0.999925,0.005023246414327578,0.0050204859734335,0.0023872485482847594,9.714993358528323e-07,6.30558695260752e-05,0.01255971431047569,0.054546146193208966,0.3003012184470475,0.103375,0.03835
0.1,0.04,0.0,0.001,0.00099,0.0,0,unit_total_var,0.4379746835443038,0.004414825245736314,0.999925,0.0044174448319722346,0.004414825245736314,0.0025761709514746656,9.818949989609527e-07,5.498438970123966e-05,0.012454488375126894,0.05408915576245806,0.3003012184470475,0.103375,0.03835
0.1,0.04,0.0,0.001,0.00099,0.0,0,unit_total_var,0.4441772151898734,0.003890901108101975,0.999925,0.003893350003759058,0.003890901108101975,0.002732547782514416,9.92062822655071e-07,4.805241334415169e-05,0.01234994465526064,0.053635128155902524,0.3003012184470475,0.103375,0.03835
0.1,0.04,0.0,0.001,0.00099,0.0,0,unit_total_var,0.450379746835443,0.0034368541108511647,0.999925,0.0034391451243994346,0.0034368541108511647,0.002894050871024234,9.725048430511696e-07,4.2087867721281234e-05,0.012246044307902795,0.053183894680649095,0.3003012184470475,0.103375,0.03835
0.1,0.04,0.0,0.001,0.00099,0.0,0,unit_total_var,0.4565822784810127,0.0030425235644177357,0.999925,0.0030447030319870503,0.0030425235644177357,0.0031098917193119746,9.83526315605221e-07,3.694449850257213e-05,0.012142715650467735,0.052735144023183925,0.3003012184470475,0.103375,0.03835
0.1,0.04,0.0,0.001,0.00099,0.0,0,unit_total_var,0.4627848101265823,0.0026993898792453865,0.999925,0.0027014353206433034,0.0026993898792453865,0.003289586023491609,9.957392256773614e-07,3.250020455951796e-05,0.012039833448810064,0.05228833229852407,0.3003012184470475,0.103375,0.03835
0.1,0.04,0.0,0.001,0.00099,0.0,0,unit_total_var,0.4689873417721519,0.002400218853231194,0.999925,0.002402142805344898,0.002400218853231194,0.003479795527841389,9.788413225103598e-07,2.8651975657957905e-05,0.011937234648159848,0.05184275136880127,0.3003012184470475,0.103375,0.03835
0.1,0.04,0.0,0.001,0.00099,0.0,0,unit_total_var,0.4751898734177215,0.0021387728312570607,0.999925,0.0021405875996047333,0.0021387728312570607,0.003683465972574851,9.943957740704557e-07,2.5311813286438085e-05,0.011834736684756328,0.05139760836967657,0.3003012184470475,0.103375,0.03835
0.1,0.04,0.0,0.001,0.00099,0.0,0,unit_total_var,0.4813924050632911,0.001909852703679884,0.999925,0.0019115699499997656,0.001909852703679884,0.0039032094514617204,9.81249317633104e-07,2.240660208220943e-05,0.011732110041280476,0.05095190652009842,0.3003012184470475,0.103375,0.03835
0.1,0.04,0.0,0.001,0.00099,0.0,0,unit_total_var,0.4875949367088608,0.0017089502478269238,0.999925,0.0017105556896399488,0.0017089502478269238,0.004077984272548464,9.706816508636695e-07,1.9873553049519542e-05,0.01162909983762866,0.050504538889841286,0.3003012184470475,0.103375,0.03835
0.1,0.04,0.0,0.001,0.00099,0.0,0,unit_total_var,0.4937974683544304,0.0015322265651317069,0.9999125,0.0015337570185772233,0.0015322265651317069,0.004335754078628185,9.936811494679063e-07,1.765960486746934e-05,0.011525452742657124,0.05005440527572689,0.3003012184470475,0.103375,0.03835
0.1,0.04,0.0,0.001,0.00099,0.0,0,unit_total_var,0.5,0.0013764912012761115,0.9999125,0.0013779448120839536,0.0013764912012761115,0.004583843721363222,9.731800059281648e-07,1.5720865422807197e-05,0.011420970514183284,0.04960064472289544,0.3003012184470475,0.103375,0.03835
0.1,0.01,1.0,0.001,-0.00099,0.0,0,unit_total_var,0.01,0.8058065761629584,0.989425,0.8058065761629584,0.8058065762917672,6.942232344542276e-10,9.283280633098914e-07,0.04273332737798945,0.05303174315289713,0.2303139341701378,0.6524708433936239,0.101325,0.009675
0.1,0.01,1.0,0.001,-0.00099,0.0,0,unit_total_var,0.016202531645569618,0.6010957992591885,0.990175,0.6010958233967152,0.6010957992591885,1.7439473776192924e-07,9.328026067123574e-07,0.02951063968125682,0.04909473617620812,0.21321573011823136,0.6524708433936239,0.101325,0.009675
0.1,0.01,1.0,0.001,-0.00099,0.0,0,unit_total_var,0.02240506329113924,0.4175234078898774,0.9904375,0.4175234641937573,0.4175234078898774,5.856548930260885e-07,9.46871058005172e-07,0.01924682527336169,0.04609759575069879,0.2001993146353527,0.6524708433936239,0.101325,0.009675
0.1,0.01,1.0,0.001,-0.00099,0.0,0,unit_total_var,0.028607594936708863,0.26653117946307586,0.990675,0.2665312974191957,0.26653117946307586,1.9220145537346407e-06,9.720128169021791e-07,0.01181795974578474,0.044339877119036836,0.1925656396106595,0.6524708433936239,0.101325,0.009675
0.1,0.01,1.0,0.001,-0.00099,0.0,0,unit_total_var,0.03481012658227848,0.14678185362902074,0.990725,0.14678208036119866,0.14678185362902074,6.7084898613956065e-06,9.612388183199982e-07,0.006196519150490049,0.04221583933768305,0.18334106073269973,0.6524708433936239,0.101325,0.009675
0.1,0.01,1.0,0.001,-0.00099,0.0,0,unit_total_var,0.0410126582278481,0.07027740234169443,0.9906625,0.07027777480366983,0.07027740234169443,2.3017036287598106e-05,9.85934008435052e-07,0.0028005903771265157,0.03985051074468885,0.17306856917444613,0.6524708433936239,0.101325,0.009675
0.1,0.01,1.0,0.001,-0.00099,0.0,0,unit_total_var,0.047215189873417725,0.0304263825933194,0.9904625,0.030426914531817957,0.0304263825933194,7.59261915295184e-05,9.825411243502558e-07,0.001164758893769568,0.03828121500139518,0.16625320435657912,0.6524708433936239,0.101325,0.009675
0.1,0.01,1.0,0.001,-0.00099,0.0,0,unit_total_var,0.05341772151898734,0.012750741757943586,0.9903,0.012751428511962036,0.012750741757943586,0.00023390439131532045,9.977349299528091e-07,0.0004629723034647072,0.03630944083517965,0.1576898979571112,0.6524708433936239,0.101325,0.009675
0.1,0.01,1.0,0.001,-0.00099,0.0,0,unit_total_var,0.05962025316455696,0.0054377851297853635,0.9899625,0.005438587212265918,0.0054377851297853635,0.0006405444481174527,9.91365467495342e-07,0.0001886609750641252,0.03469445198022598,0.1506760904766949,0.6524708433936239,0.101325,0.009675
0.1,0.01,1.0,0.001,-0.00099,0.0,0,unit_total_var,0.06582278481012659,0.002471019706175771,0.9897125,0.002471696752005791,0.002471019706175771,0.0011897800422069338,9.69934147471152e-07,8.262675797978256e-05,0.033438324175754285,0.14522079673622187,0.6524708433936239,0.101325,0.009675
0.1,0.01,1.0,0.001,-0.00099,0.0,0,unit_total_var,0.0720253164556962,0.001210268939496042,0.98935,0.0012107452450628887,0.001210268939496042,0.0017088448582356366,9.879502483184366e-07,3.9084309847235706e-05,0.03229390474443679,0.14025064629618136,0.6524708433936239,0.101325,0.009675
0.1,0.01,1.0,0.001,-0.00099,0.0,0,unit_total_var,0.07822784810126583,0.0006382662518299941,0.988975,0.0006386041489304507,0.0006382662518299941,0.0022985394526742198,9.851193062196395e-07,1.9941028078585244e-05,0.031242491705321517,0.13568441748529247,0.6524708433936239,0.101325,0.009675
0.1,0.01,1.0,0.001,-0.00099,0.0,0,unit_total_var,0.08443037974683544,0.00035928568615662304,0.9886,0.00035953930067066857,0.00035928568615662304,0.0030645397855977308,9.944396673691736e-07,1.087685299872847e-05,0.030273549483924987,0.13147635488493656,0.6524708433936239,0.101325,0.009675
0.1,0.01,1.0,0.001,-0.00099,0.0,0,unit_total_var,0.09063291139240506,0.0002134977264307583,0.988275,0.00021369087236696208,0.0002134977264307583,0.003927175034505126,9.869821177080351e-07,6.272070934541431e-06,0.029377694270555112,0.12758570512742862,0.6524708433936239,0.101325,0.009675
0.1,0.01,1.0,0.001,-0.00099,0.0,0,unit_total_var,0.09683544303797467,0.00013262598806222453,0.9880375,0.00013277598295920935,0.00013262598806222453,0.004908928351895271,9.89204086958989e-07,3.786929978886599e-06,0.02855345346878678,0.1240060728077536,0.6524708433936239,0.101325,0.009675
0.1,0.01,1.0,0.001,-0.00099,0.0,0,unit_total_var,0.1030379746835443,8.540205924637456e-05,0.9877625,8.552406075526165e-05,8.540205924637456e-05,0.0061997067611301295,9.930280720979456e-07,2.3737037383164787e-06,0.02779445553494948,0.12070978666333852,0.6524708433936239,0.101325,0.009675
0.1,0.01,1.0,0.001,-0.00099,0.0,0,unit_total_var,0.10924050632911393,5.6593852090678905e-05,0.98755,5.6594942846052196e-05,5.6593852090678905e-05,8.37024619002591e-05,9.892891939481537e-07,1.533187563328157e-06,0.02709106213288978,0.1176549879321217,0.3466282980313765,0.101325,0.009675
0.1,0.01,1.0,0.001,-0.00099,0.0,0,unit_total_var,0.11544303797468355,3.837574180103085e-05,0.9873375,3.845933580147177e-05,3.837574180103085e-05,0.009449961806168972,9.95514639024267e-07,1.0147538543548226e-06,0.026442586038234298,0.11483869203657122,0.3466282980313765,0.101325,0.009675
0.1,0.01,1.0,0.001,-0.00099,0.0,0,unit_total_var,0.12164556962025315,2.6506614362534065e-05,0.987075,2.657640264342367e-05,2.6506614362534065e-05,0.01141935197492927,9.687238546728788e-07,6.852177393256907e-07,0.02585082085376456,0.11226868849459454,0.3466282980313765,0.101325,0.009675
0.1,0.01,1.0,0.001,-0.00099,0.0,0,unit_total_var,0.12784810126582274,1.8576316362074405e-05,0.9868875,1.863607284607132e-05,1.8576316362074405e-05,0.01394800716491318,9.745847733520774e-07,4.7028678937011815e-07,0.025316471802249253,0.10994804004976122,0.3466282980313765,0.101325,0.009675
0.1,0.01,1.0,0.001,-0.00099,0.0,0,unit_total_var,0.1340506329113924,1.3167791679218173e-05,0.9867,1.3218930623392133e-05,1.3167791679218173e-05,0.01683376117506441,9.696700008828692e-07,3.2708150800061326e-07,0.02483951113206201,0.10787662617828923,0.3466282980313765,0.101325,0.009675
0.1,0.01,1.0,0.001,-0.00099,0.0,0,unit_total_var,0.14025316455696205,9.416035978174373e-06,0.9864375,9.460958353825072e-06,9.416035978174373e-06,0.020670215125036858,9.819181186745615e-07,2.2993028122433682e-07,0.024419010479282053,0.10605041504689874,0.3466282980313765,0.101325,0.009675
0.1,0.01,1.0,0.001,-0.00099,0.0,0,unit_total_var,0.14645569620253165,6.779529737593566e-06,0.98625,6.818936272435679e-06,6.779529737593566e-06,0.02517061634196693,9.696318427829254e-07,1.6306900528095456e-07,0.024053144036925024,0.10446147727660644,0.3466282980313765,0.101325,0.009675
0.1,0.01,1.0,0.001,-0.00099,0.0,0,unit_total_var,0.15265822784810126,4.906933925156252e-06,0.9859375,4.941740043812253e-06,4.906933925156252e-06,0.03069685979915704,9.940482386073743e-07,1.1648700306146591e-07,0.023739264648393783,0.10309831641238357,0.3466282980313765,0.101325,0.009675
0.1,0.01,1.0,0.001,-0.00099,0.0,0,unit_total_var,0.1588607594936709,3.5680403611958223e-06,0.9856875,3.5987386976769937e-06,3.5680403611958223e-06,0.03720555515013757,9.811301497409698e-07,8.375700276184525e-08,0.02347423074938935,0.10194728881383427,0.3466282980313765,0.101325,0.009675
0.1,0.01,1.0,0.001,-0.00099,0.0,0,unit_total_var,0.1650632911392405,2.6050636644656044e-06,0.9853375,2.6319109096345084e-06,2.6050636644656044e-06,0.044528429187785434,9.922601589373685e-07,6.057930221783737e-08,0.02325444212522324,0.10099275894722977,0.3466282980313765,0.101325,0.009675
0.1,0.01,1.0,0.001,-0.00099,0.0,0,unit_total_var,0.17126582278481015,1.9104250334704718e-06,0.984975,1.933956729797024e-06,1.9104250334704718e-06,0.05316752670065483,9.898421093859806e-07,4.408467518393483e-08,0.023075846689388682,0.10021712882446923,0.3466282980313765,0.101325,0.009675
0.1,0.01,1.0,0.001,-0.00099,0.0,0,unit_total_var,0.17746835443037975,1.408168066933275e-06,0.984625,1.4287846762783446e-06,1.408168066933275e-06,0.06312292173542744,9.729327505592078e-07,3.2294899608530264e-08,0.022933980940827943,0.09960101370675922,0.3466282980313765,0.101325,0.009675
0.1,0.01,1.0,0.001,-0.00099,0.0,0,unit_total_var,0.18367088607594936,1.0439953581353599e-06,0.9843,1.0617443644308307e-06,1.0439953581353599e-06,0.07321396814646874,9.733654695097231e-07,2.3828378388064867e-08,0.022824218711684524,0.09912432240237534,0.3466282980313765,0.101325,0.009675
0.1,0.01,1.0,0.001,-0.00099,0.0,0,unit_total_var,0.18987341772151897,7.792978855745777e-07,0.9840125,7.948140764367811e-07,7.792978855745777e-07,0.0856205212005463,9.911516396952575e-07,1.772261337434053e-08,0.022741770127187786,0.09876625274949864,0.3466282980313765,0.101325,0.009675
0.1,0.01,1.0,0.001,-0.00099,0.0,0,unit_total_var,0.1960759493670886,5.866725290450814e-07,0.98365,6.000847248391321e-07,5.866725290450814e-07,0.0981681909458274,9.69147700398973e-07,1.3306556118892779e-08,0.02268140309987187,0.09850408208097662,0.3466282980313765,0.101325,0.009675
0.1,0.01,1.0,0.001,-0.00099,0.0,0,unit_total_var,0.20227848101265825,4.454805557895221e-07,0.9832875,4.5724930904177114e-07,4.454805557895221e-07,0.11324305055488534,9.844058325135258e-07,1.0085274520207416e-08,0.02263909027933521,0.09832031983624827,0.3466282980313765,0.101325,0.009675
0.1,0.01,1.0,0.001,-0.00099,0.0,0,unit_total_var,0.20848101265822785,3.41678035510606e-07,0.982875,3.41678035510606e-07,3.4170094891201106e-07,0.00029123411817977285,9.797520743937743e-07,7.72536459065895e-09,0.022610070849635133,0.09819429005438103,0.363016801947591,0.101325,0.009675
0.1,0.01,1.0,0.001,-0.00099,0.0,0,unit_total_var,0.21468354430379746,2.6474297064876196e-07,0.9824375,2.734799192359259e-07,2.6474297064876196e-07,0.141010052558741,9.816614548517708e-07,5.980769382641916e-09,0.022590852433157445,0.0981108255321093,0.363016801947591,0.101325,0.009675
0.1,0.01,1.0,0.001,-0.00099,0.0,0,unit_total_var,0.2208860759493671,2.07258850699341e-07,0.982075,2.1495798745901466e-07,2.07258850699341e-07,0.15840501811725005,9.93172276341327e-07,4.679553769388541e-09,0.02257830608245972,0.0980563374233488,0.363016801947591,0.101325,0.009675
0.1,0.01,1.0,0.001,-0.00099,0.0,0,unit_total_var,0.2270886075949367,1.6404645141786206e-07,0.9814875,1.7067144575189194e-07,1.6404645141786206e-07,0.17194027043886706,9.802377306147422e-07,3.702369758565631e-09,0.02256903289626722,0.09801606448741818,0.363016801947591,0.101325,0.009675
0.1,0.01,1.0,0.001,-0.00099,0.0,0,unit_total_var,0.23329113924050635,1.311681279574345e-07,0.9812375,1.3694139130456332e-07,1.311681279574345e-07,0.18706415621741712,9.781468880325564e-07,2.9593492075327416e-09,0.022561496101347757,0.09798333260297057,0.363016801947591,0.101325,0.009675
0.1,0.01,1.0,0.001,-0.00099,0.0,0,unit_total_var,0.23949367088607595,1.059134854069642e-07,0.98075,1.110178507794108e-07,1.059134854069642e-07,0.20441555408612544,9.85541818381507e-07,2.3887720549189644e-09,0.022553993438515368,0.09795074895229372,0.363016801947591,0.101325,0.009675
0.1,0.01,1.0,0.001,-0.00099,0.0,0,unit_total_var,0.2456962025316456,8.63988935522617e-08,0.98025,9.090901209436156e-08,8.63988935522617e-08,0.2209875750358208,9.698655818247191e-07,1.9477890736076165e-09,0.02254414372134779,0.09790797217415184,0.363016801947591,0.101325,0.009675
0.1,0.01,1.0,0.001,-0.00099,0.0,0,unit_total_var,0.2518987341772152,7.110743010287795e-08,0.97975,7.508779887564698e-08,7.110743010287795e-08,0.2365439053676681,9.67207946409054e-07,1.602190717219587e-09,0.022531973309983837,0.09785511674917326,0.363016801947591,0.101325,0.009675
0.1,0.01,1.0,0.001,-0.00099,0.0,0,unit_total_var,0.2581012658227848,5.9009386843145046e-08,0.9791375,6.257909856638461e-08,5.9009386843145046e-08,0.25508200990462626,9.777768978844453e-07,1.3287053470856622e-09,0.022516847202929614,0.09778942490091,0.363016801947591,0.101325,0.009675
0.1,0.01,1.0,0.001,-0.00099,0.0,0,unit_total_var,0.2643037974683544,4.935509721183211e-08,0.9785875,5.2541079755994206e-08,4.935509721183211e-08,0.2716698194842877,9.973399349143416e-07,1.110398767789002e-09,0.022498157850306115,0.0977082580737627,0.363016801947591,0.101325,0.009675
0.1,0.01,1.0,0.001,-0.00099,0.0,0,unit_total_var,0.2705063291139241,4.163477454845634e-08,0.9781625,4.4521091512250995e-08,4.163477454845634e-08,0.2910958597629616,9.890752117204917e-07,9.356895408946532e-10,0.022473750633755868,0.0976022588790988,0.363016801947591,0.101325,0.009675
0.1,0.01,1.0,0.001,-0.00099,0.0,0,unit_total_var,0.2767088607594937,3.536864588403565e-08,0.9777125,3.7972053733995134e-08,3.536864588403565e-08,0.3084565393611882,9.870437838539118e-07,7.938444476730968e-10,0.022444864026626887,0.09747680593832857,0.363016801947591,0.101325,0.009675
0.1,0.01,1.0,0.001,-0.00099,0.0,0,unit_total_var,0.2829113924050633,3.027753272936757e-08,0.9772,3.256350134989656e-08,3.027753272936757e-08,0.3161061343539018,9.601982785563791e-07,6.785058263137283e-10,0.022409548108773557,0.09732343085585804,0.363016801947591,0.101325,0.009675
0.1,0.01,1.0,0.001,-0.00099,0.0,0,unit_total_var,0.2891139240506329,2.6037560786008846e-08,0.9766125,2.8148791039982743e-08,2.6037560786008846e-08,0.3385945027184647,9.786524804023932e-07,5.825103944906566e-10,0.02237192643650651,0.09716004200920254,0.363016801947591,0.101325,0.009675
0.1,0.01,1.0,0.001,-0.00099,0.0,0,unit_total_var,0.2953164556962025,2.2553226661081193e-08,0.9762375,2.4496222170721348e-08,2.2553226661081193e-08,0.3589042763436225,9.642069091431386e-07,5.035495632412934e-10,0.022327162796188276,0.09696563598940143,0.363016801947591,0.101325,0.009675
0.1,0.01,1.0,0.001,-0.00099,0.0,0,unit_total_var,0.3015189873417722,1.963611741871705e-08,0.97585,2.1408737554953268e-08,1.963611741871705e-08,0.3753543787594964,9.58201548805545e-07,4.3745261342919404e-10,0.022277958727839768,0.096751945435692,0.363016801947591,0.101325,0.009675
0.1,0.01,1.0,0.001,-0.00099,0.0,0,unit_total_var,0.3077215189873418,1.7171586116319385e-08,0.9754125,1.7171586116319385e-08,1.7175711860176865e-08,0.001043335519966604,9.68279313626761e-07,3.816399016763093e-10,0.022225081544075282,0.09652230274441696,0.6576240078884972,0.101325,0.009675
0.1,0.01,1.0,0.001,-0.00099,0.0,0,unit_total_var,0.3139240506329114,1.509076860567231e-08,0.9749125,1.657614323052435e-08,1.509076860567231e-08,0.4077213081542226,9.755366444584275e-07,3.345177006449466e-10,0.02216704194372236,0.09627023996276554,0.6576240078884972,0.101325,0.009675
0.1,0.01,1.0,0.001,-0.00099,0.0,0,unit_total_var,0.320126582278481,1.3318253765784894e-08,0.9745375,1.4734873827779212e-08,1.3318253765784894e-08,0.43899135736842254,9.869166999857976e-07,2.9439744497072394e-10,0.022104808193927215,0.09599996222152377,0.6576240078884972,0.101325,0.009675
0.1,0.01,1.0,0.001,-0.00099,0.0,0,unit_total_var,0.3263291139240506,1.1822654712231316e-08,0.97405,1.311265708895178e-08,1.1822654712231316e-08,0.44975698120209984,9.670684028284244e-07,2.605135355011274e-10,0.022035113250123847,0.09569728092642013,0.6576240078884972,0.101325,0.009675
0.1,0.01,1.0,0.001,-0.00099,0.0,0,unit_total_var,0.3325316455696203,1.05119824175625e-08,0.9735125,1.1707958947845136e-08,1.05119824175625e-08,0.4679656516630075,9.912016729619042e-07,2.3089551348384357e-10,0.021964982846440426,0.09539270845308656,0.6576240078884972,0.101325,0.009675
0.1,0.01,1.0,0.001,-0.00099,0.0,0,unit_total_var,0.3387341772151899,9.403961050555486e-09,0.973075,1.0521694824342208e-08,9.403961050555486e-09,0.4877487949391224,9.718767005225369e-07,2.058165341769119e-10,0.02188615340604313,0.09505035654332593,0.6576240078884972,0.101325,0.009675
0.1,0.01,1.0,0.001,-0.00099,0.0,0,unit_total_var,0.3449367088607595,8.439607703125756e-09,0.9726875,9.473233069208031e-09,8.439607703125756e-09,0.5017596249259952,9.590463526117194e-07,1.8401335218177849e-10,0.021803543322709885,0.09469158550991394,0.6576240078884972,0.101325,0.009675
0.1,0.01,1.0,0.001,-0.00099,0.0,0,unit_total_var,0.3511392405063291,7.596555745145871e-09,0.9720875,8.554969739675746e-09,7.596555745145871e-09,0.5160174857679891,9.525823994531271e-07,1.6497694018334572e-10,0.02171733423910757,0.09431718421692972,0.6576240078884972,0.101325,0.009675
0.1,0.01,1.0,0.001,-0.00099,0.0,0,unit_total_var,0.3573417721518987,6.856448702943183e-09,0.9715875,7.750657416458844e-09,6.856448702943183e-09,0.5323931009678091,9.523878441650959e-07,1.48289142801095e-10,0.021627689380574053,0.09392786154300868,0.6576240078884972,0.101325,0.009675
0.1,0.01,1.0,0.001,-0.00099,0.0,0,unit_total_var,0.3635443037974684,6.204247952884788e-09,0.971075,7.068488711449173e-09,6.204247952884788e-09,0.5663742268064453,9.58148553231497e-07,1.3360668777818551e-10,0.021534711183820828,0.09352406236513627,0.6576240078884972,0.101325,0.009675
0.1,0.01,1.0,0.001,-0.00099,0.0,0,unit_total_var,0.369746835443038,5.627840839811301e-09,0.97045,6.430032267013634e-09,5.627840839811301e-09,0.5787134558030544,9.686956042637323e-07,1.2065148819578527e-10,0.02143832628355401,0.09310546806188952,0.6576240078884972,0.101325,0.009675
0.1,0.01,1.0,0.001,-0.00099,0.0,0,unit_total_var,0.3759493670886076,5.118059028948723e-09,0.9699875,5.874991478595921e-09,5.118059028948723e-09,0.5990195052036853,9.804644136706406e-07,1.0920909017907334e-10,0.0213379895701409,0.09266971125221334,0.6576240078884972,0.101325,0.009675
0.1,0.01,1.0,0.001,-0.00099,0.0,0,unit_total_var,0.3821518987341772,4.669352756958364e-09,0.9694,5.385943254834077e-09,4.669352756958364e-09,0.6200508852177506,9.839432145901188e-07,9.913967472203514e-11,0.02123199507132871,0.09220938299275096,0.6576240078884972,0.101325,0.009675
0.1,0.01,1.0,0.001,-0.00099,0.0,0,unit_total_var,0.3883544303797468,4.2814882716123845e-09,0.9688375,4.952287155915343e-09,4.2814882716123845e-09,0.6321106040666535,9.418067907096148e-07,9.042556520494504e-11,0.021120124468048885,0.0917235351358348,0.6576240078884972,0.101325,0.009675
0.1,0.01,1.0,0.001,-0.00099,0.0,0,unit_total_var,0.3945569620253165,3.921589305602831e-09,0.9681,4.54701087469605e-09,3.921589305602831e-09,0.6426388330737041,9.397024631525463e-07,8.240222871276919e-11,0.02101245752456534,0.09125594354145188,0.6576240078884972,0.101325,0.009675
0.1,0.01,1.0,0.001,-0.00099,0.0,0,unit_total_var,0.4007594936708861,3.5686597539721406e-09,0.9674625,4.1953007172243955e-09,3.5686597539721406e-09,0.7025795323328765,9.8424174123333e-07,7.471661188562267e-11,0.02093688304200433,0.0909277277339625,0.6576240078884972,0.101325,0.009675
0.1,0.01,1.0,0.001,-0.00099,0.0,0,unit_total_var,0.4069620253164557,3.280821829274981e-09,0.9668125,3.280821829274981e-09,3.310742298589678e-09,0.039427315626099364,9.818955047310342e-07,6.832481131069415e-11,0.020825517161897532,0.09044407186193566,1.0196825217453591,0.101325,0.009675
0.1,0.01,1.0,0.001,-0.00099,0.0,0,unit_total_var,0.4131645569620253,3.047760908114632e-09,0.9664875,3.3471014090321487e-09,3.047760908114632e-09,0.40687976315433616,9.903773105286078e-07,6.295336666244269e-11,0.02065561195920257,0.08970618294216492,1.0196825217453591,0.101325,0.009675
0.1,0.01,1.0,0.001,-0.00099,0.0,0,unit_total_var,0.4193670886075949,2.8199296503517504e-09,0.965975,3.2608343171939085e-09,2.8199296503517504e-09,0.6309045891151186,9.601533913259177e-07,5.78967220384932e-11,0.020531264682887147,0.08916614958273003,1.0196825217453591,0.101325,0.009675
0.1,0.01,1.0,0.001,-0.00099,0.0,0,unit_total_var,0.4255696202531646,2.6049288336847012e-09,0.965325,3.0738846063516457e-09,2.6049288336847012e-09,0.7189169712289782,9.87742382420616e-07,5.314615534301951e-11,0.020402152510187264,0.08860542254122905,1.0196825217453591,0.101325,0.009675
0.1,0.01,1.0,0.001,-0.00099,0.0,0,unit_total_var,0.4317721518987342,2.420373890036134e-09,0.9647875,2.873624083020417e-09,2.420373890036134e-09,0.7454749539858625,9.485920770612393e-07,4.906354852688815e-11,0.020271061726812662,0.0880361025027494,1.0196825217453591,0.101325,0.009675
0.1,0.01,1.0,0.001,-0.00099,0.0,0,unit_total_var,0.4379746835443038,2.2481475790882024e-09,0.9641375,2.677842782538341e-09,2.2481475790882024e-09,0.7596025879669384,9.289222232048138e-07,4.5281608850954774e-11,0.02014174214902741,0.08747447471240745,1.0196825217453591,0.101325,0.009675
0.1,0.01,1.0,0.001,-0.00099,0.0,0,unit_total_var,0.4441772151898734,2.0832798240265877e-09,0.963625,2.4934385269282668e-09,2.0832798240265877e-09,0.7805105775960754,9.7009557399647e-07,4.167893489005965e-11,0.020006402601020788,0.08688670252358192,1.0196825217453591,0.101325,0.009675
0.1,0.01,1.0,0.001,-0.00099,0.0,0,unit_total_var,0.450379746835443,1.9404320898637308e-09,0.9630625,2.334747700597256e-09,1.9404320898637308e-09,0.8034150820332684,9.50316762182032e-07,3.8561749284943625e-11,0.019872764157209784,0.08630631813640935,1.0196825217453591,0.101325,0.009675
0.1,0.01,1.0,0.001,-0.00099,0.0,0,unit_total_var,0.4565822784810127,1.8037062132939904e-09,0.9625,2.1824414410448523e-09,1.8037062132939904e-09,0.827767982942305,9.890869311957221e-07,3.558513992640459e-11,0.019728900230053418,0.08568152503931996,1.0196825217453591,0.101325,0.009675
0.1,0.01,1.0,0.001,-0.00099,0.0,0,unit_total_var,0.4627848101265823,1.6874992141725548e-09,0.96195,2.0509711296184438e-09,1.6874992141725548e-09,0.8471596782645747,9.517263596272288e-07,3.305459064730686e-11,0.019587914690386853,0.08506923262026653,1.0196825217453591,0.101325,0.009675
0.1,0.01,1.0,0.001,-0.00099,0.0,0,unit_total_var,0.4689873417721519,1.5786361167639426e-09,0.961475,1.9233729830470986e-09,1.5786361167639426e-09,0.857814767969046,9.256544658709783e-07,3.070204888663841e-11,0.01944846476056481,0.08446360927003144,1.0196825217453591,0.101325,0.009675
0.1,0.01,1.0,0.001,-0.00099,0.0,0,unit_total_var,0.4751898734177215,1.4749519823459807e-09,0.960775,1.802546806041972e-09,1.4749519823459807e-09,0.8710866878314363,9.204096119219885e-07,2.8484173966795998e-11,0.019311933071536724,0.08387065967853315,1.0196825217453591,0.101325,0.009675
0.1,0.01,1.0,0.001,-0.00099,0.0,0,unit_total_var,0.4813924050632911,1.3735307195030444e-09,0.960125,1.6998349883574836e-09,1.3735307195030444e-09,0.9256838723072603,9.762932458386349e-07,2.6323597608348732e-11,0.019164913630670632,0.08323216235952667,1.0196825217453591,0.101325,0.009675
0.1,0.01,1.0,0.001,-0.00099,0.0,0,unit_total_var,0.4875949367088608,1.2856800835369285e-09,0.9594625,1.5998136516878048e-09,1.2856800835369285e-09,0.9493648213013728,9.60524803583055e-07,2.4469956354350488e-11,0.019032694577513568,0.08265794230764084,1.0196825217453591,0.101325,0.009675
0.1,0.01,1.0,0.001,-0.00099,0.0,0,unit_total_var,0.4937974683544304,1.1990411177113884e-09,0.958325,1.5045317010230515e-09,1.1990411177113884e-09,0.9856726666251916,9.355439058334076e-07,2.271065981231108e-11,0.018940684749543,0.08225834870195599,1.0196825217453591,0.101325,0.009675
0.1,0.01,1.0,0.001,-0.00099,0.0,0,unit_total_var,0.5,1.0928458242319174e-09,0.956925,1.4149142023251149e-09,1.0928458242319174e-09,1.1217120871058626,9.881166553938115e-07,2.0731780982990914e-11,0.01897045358393696,0.08238763310705585,1.0196825217453591,0.101325,0.009675
0.1,0.01,1.0,0.001,-0.001,0.0,0,unit_total_var,0.01,0.9697033616058672,0.0,0.9697033616058672,0.9697033616058672,0.0,9.78497595838235e-07,0.06604202583259235,0.06810539021255338,0.29577795157179665,0.8873338547153901,0.101325,0.009675
0.1,0.01,1.0,0.001,-0.001,0.0,0,unit_total_var,0.016202531645569618,0.9697033616058672,0.0,0.9697033616058672,0.9697033616058672,0.0,8.878959434355238e-07,0.06604202583259235,0.06810539021255338,0.29577795157179665,0.8873338547153901,0.101325,0.009675
0.1,0.01,1.0,0.001,-0.001,0.0,0,unit_total_var,0.02240506329113924,0.9697033616058672,0.0,0.9697033616058672,0.9697033616058672,0.0,9.393600990392771e-07,0.06604202583259235,0.06810539021255338,0.29577795157179665,0.8873338547153901,0.101325,0.009675
0.1,0.01,1.0,0.001,-0.001,0.0,0,unit_total_var,0.028607594936708863,0.9697033616058672,0.0,0.9697033616058672,0.9697033616058672,0.0,9.458257181904629e-07,0.06604202583259235,0.06810539021255338,0.29577795157179665,0.8873338547153901,0.101325,0.009675
0.1,0.01,1.0,0.001,-0.001,0.0,0,unit_total_var,0.03481012658227848,0.9697033616058672,0.0,0.9697033616058672,0.9697033616058672,0.0,8.116904339772191e-07,0.06604202583259235,0.06810539021255338,0.29577795157179665,0.8873338547153901,0.101325,0.009675
0.1,0.01,1.0,0.001,-0.001,0.0,0,unit_total_var,0.0410126582278481,0.9697033616058672,0.0,0.9697033616058672,0.9697033616058672,0.0,7.549054998889916e-07,0.06604202583259235,0.06810539021255338,0.29577795157179665,0.8873338547153901,0.101325,0.009675
0.1,0.01,1.0,0.001,-0.001,0.0,0,unit_total_var,0.047215189873417725,0.9697033616058672,0.0,0.9697033616058672,0.9697033616058672,0.0,9.894501715734805e-07,0.06604202583259235,0.06810539021255338,0.29577795157179665,0.8873338547153901,0.101325,0.009675
0.1,0.01,1.0,0.001,-0.001,0.0,0,unit_total_var,0.05341772151898734,0.9697033616058672,0.0,0.9697033616058672,0.9697033616058672,0.0,7.596726412373299e-07,0.06604202583259235,0.06810539021255338,0.29577795157179665,0.8873338547153901,0.101325,0.009675
0.1,0.01,1.0,0.001,-0.001,0.0,0,unit_total_var,0.05962025316455696,0.9697033616058672,0.0,0.9697033616058672,0.9697033616058672,0.0,8.021454931395057e-07,0.06604202583259235,0.06810539021255338,0.29577795157179665,0.8873338547153901,0.101325,0.009675
0.1,0.01,1.0,0.001,-0.001,0.0,0,unit_total_var,0.06582278481012659,0.9697033616058672,0.0,0.9697033616058672,0.9697033616058672,0.0,8.679625587149077e-07,0.06604202583259235,0.06810539021255338,0.29577795157179665,0.8873338547153901,0.101325,0.009675
0.1,0.01,1.0,0.001,-0.001,0.0,0,unit_total_var,0.0720253164556962,0.9697033616058672,0.0,0.9697033616058672,0.9697033616058672,0.0,9.579621949029615e-07,0.06604202583259235,0.06810539021255338,0.29577795157179665,0.8873338547153901,0.101325,0.009675
0.1,0.01,1.0,0.001,-0.001,0.0,0,unit_total_var,0.07822784810126583,0.9697033616058672,0.0,0.9697033616058672,0.9697033616058672,0.0,8.060523324360247e-07,0.06604202583259235,0.06810539021255338,0.29577795157179665,0.8873338547153901,0.101325,0.009675
0.1,0.01,1.0,0.001,-0.001,0.0,0,unit_total_var,0.08443037974683544,0.9697033616058672,0.0,0.9697033616058672,0.9697033616058672,0.0,9.168291370542648e-07,0.06604202583259235,0.06810539021255338,0.29577795157179665,0.8873338547153901,0.101325,0.009675
0.1,0.01,1.0,0.001,-0.001,0.0,0,unit_total_var,0.09063291139240506,0.9697033616058672,0.0,0.9697033616058672,0.9697033616058672,0.0,7.913413515581169e-07,0.06604202583259235,0.06810539021255338,0.29577795157179665,0.8873338547153901,0.101325,0.009675
0.1,0.01,1.0,0.001,-0.001,0.0,0,unit_total_var,0.09683544303797467,0.9697033616058672,0.0,0.9697033616058672,0.9697033616058672,0.0,9.199558697048359e-07,0.06604202583259235,0.06810539021255338,0.29577795157179665,0.8873338547153901,0.101325,0.009675
0.1,0.01,1.0,0.001,-0.001,0.0,0,unit_total_var,0.1030379746835443,0.9697033616058672,0.0,0.9697033616058672,0.9697033616058672,0.0,8.091995109538175e-07,0.06604202583259235,0.06810539021255338,0.29577795157179665,0.8873338547153901,0.101325,0.009675
0.1,0.01,1.0,0.001,-0.001,0.0,0,unit_total_var,0.10924050632911393,0.9697033616058672,0.0,0.9697033616058672,0.9697033616058672,0.0,8.947175302864706e-07,0.06604202583259235,0.06810539021255338,0.29577795157179665,0.8873338547153901,0.101325,0.009675
0.1,0.01,1.0,0.001,-0.001,0.0,0,unit_total_var,0.11544303797468355,0.9697033616058672,0.0,0.9697033616058672,0.9697033616058672,0.0,8.536396016722847e-07,0.06604202583259235,0.06810539021255338,0.29577795157179665,0.8873338547153901,0.101325,0.009675
0.1,0.01,1.0,0.001,-0.001,0.0,0,unit_total_var,0.12164556962025315,0.9697033616058672,0.0,0.9697033616058672,0.9697033616058672,0.0,7.665879051543811e-07,0.06604202583259235,0.06810539021255338,0.29577795157179665,0.8873338547153901,0.101325,0.009675
0.1,0.01,1.0,0.001,-0.001,0.0,0,unit_total_var,0.12784810126582274,0.9697033616058672,0.0,0.9697033616058672,0.9697033616058672,0.0,9.229414761335877e-07,0.06604202583259235,0.06810539021255338,0.29577795157179665,0.8873338547153901,0.101325,0.009675
0.1,0.01,1.0,0.001,-0.001,0.0,0,unit_total_var,0.1340506329113924,0.9697033616058672,0.0,0.9697033616058672,0.9697033616058672,0.0,8.375323510279031e-07,0.06604202583259235,0.06810539021255338,0.29577795157179665,0.8873338547153901,0.101325,0.009675
0.1,0.01,1.0,0.001,-0.001,0.0,0,unit_total_var,0.14025316455696205,0.9697033616058672,0.0,0.9697033616058672,0.9697033616058672,0.0,7.63454578667222e-07,0.06604202583259235,0.06810539021255338,0.29577795157179665,0.8873338547153901,0.101325,0.009675
0.1,0.01,1.0,0.001,-0.001,0.0,0,unit_total_var,0.14645569620253165,0.9697033616058672,0.0,0.9697033616058672,0.9697033616058672,0.0,9.317181213219784e-07,0.06604202583259235,0.06810539021255338,0.29577795157179665,0.8873338547153901,0.101325,0.009675
0.1,0.01,1.0,0.001,-0.001,0.0,0,unit_total_var,0.15265822784810126,0.9697033616058672,0.0,0.9697033616058672,0.9697033616058672,0.0,8.560063662343964e-07,0.06604202583259235,0.06810539021255338,0.29577795157179665,0.8873338547153901,0.101325,0.009675
0.1,0.01,1.0,0.001,-0.001,0.0,0,unit_total_var,0.1588607594936709,0.9697033616058672,0.0,0.9697033616058672,0.9697033616058672,0.0,7.89162843517488e-07,0.06604202583259235,0.06810539021255338,0.29577795157179665,0.8873338547153901,0.101325,0.009675
0.1,0.01,1.0,0.001,-0.001,0.0,0,unit_total_var,0.1650632911392405,0.9697033616058672,0.0,0.9697033616058672,0.9697033616058672,0.0,9.731394543521787e-07,0.06604202583259235,0.06810539021255338,0.29577795157179665,0.8873338547153901,0.101325,0.009675
0.1,0.01,1.0,0.001,-0.001,0.0,0,unit_total_var,0.17126582278481015,0.9697033616058672,0.0,0.9697033616058672,0.9697033616058672,0.0,9.026533742684252e-07,0.06604202583259235,0.06810539021255338,0.29577795157179665,0.8873338547153901,0.101325,0.009675
0.1,0.01,1.0,0.001,-0.001,0.0,0,unit_total_var,0.17746835443037975,0.9697033616058672,0.0,0.9697033616058672,0.9697033616058672,0.0,8.395577761888263e-07,0.06604202583259235,0.06810539021255338,0.29577795157179665,0.8873338547153901,0.101325,0.009675
0.1,0.01,1.0,0.001,-0.001,0.0,0,unit_total_var,0.18367088607594936,0.9697033616058672,0.0,0.9697033616058672,0.9697033616058672,0.0,7.828543564514234e-07,0.06604202583259235,0.06810539021255338,0.29577795157179665,0.8873338547153901,0.101325,0.009675
0.1,0.01,1.0,0.001,-0.001,0.0,0,unit_total_var,0.18987341772151897,0.9697033616058672,0.0,0.9697033616058672,0.9697033616058672,0.0,9.756104955016554e-07,0.06604202583259235,0.06810539021255338,0.29577795157179665,0.8873338547153901,0.101325,0.009675
0.1,0.01,1.0,0.001,-0.001,0.0,0,unit_total_var,0.1960759493670886,0.9697033616058672,0.0,0.9697033616058672,0.9697033616058672,0.0,9.138869128122452e-07,0.06604202583259235,0.06810539021255338,0.29577795157179665,0.8873338547153901,0.101325,0.009675
0.1,0.01,1.0,0.001,-0.001,0.0,0,unit_total_var,0.20227848101265825,0.9697033616058672,0.0,0.9697033616058672,0.9697033616058672,0.0,8.578412824533643e-07,0.06604202583259235,0.06810539021255338,0.29577795157179665,0.8873338547153901,0.101325,0.009675
0.1,0.01,1.0,0.001,-0.001,0.0,0,unit_total_var,0.20848101265822785,0.9697033616058672,0.0,0.9697033616058672,0.9697033616058672,0.0,8.334520442687676e-07,0.06604202583259235,0.06810539021255338,0.29577795157179665,0.8873338547153901,0.101325,0.009675
0.1,0.01,1.0,0.001,-0.001,0.0,0,unit_total_var,0.21468354430379746,0.9697033616058672,0.0,0.9697033616058672,0.9697033616058672,0.0,7.601786853328463e-07,0.06604202583259235,0.06810539021255338,0.29577795157179665,0.8873338547153901,0.101325,0.009675
0.1,0.01,1.0,0.001,-0.001,0.0,0,unit_total_var,0.2208860759493671,0.9697033616058672,0.0,0.9697033616058672,0.9697033616058672,0.0,9.56648934291593e-07,0.06604202583259235,0.06810539021255338,0.29577795157179665,0.8873338547153901,0.101325,0.009675
0.1,0.01,1.0,0.001,-0.001,0.0,0,unit_total_var,0.2270886075949367,0.9697033616058672,0.0,0.9697033616058672,0.9697033616058672,0.0,9.043905206951307e-07,0.06604202583259235,0.06810539021255338,0.29577795157179665,0.8873338547153901,0.101325,0.009675
0.1,0.01,1.0,0.001,-0.001,0.0,0,unit_total_var,0.23329113924050635,0.9697033616058672,0.0,0.9697033616058672,0.9697033616058672,0.0,8.563003026651472e-07,0.06604202583259235,0.06810539021255338,0.29577795157179665,0.8873338547153901,0.101325,0.009675
0.1,0.01,1.0,0.001,-0.001,0.0,0,unit_total_var,0.23949367088607595,0.9697033616058672,0.0,0.9697033616058672,0.9697033616058672,0.0,8.119464816047639e-07,0.06604202583259235,0.06810539021255338,0.29577795157179665,0.8873338547153901,0.101325,0.009675
0.1,0.01,1.0,0.001,-0.001,0.0,0,unit_total_var,0.2456962025316456,0.9697033616058672,0.0,0.9697033616058672,0.9697033616058672,0.0,7.709517602094706e-07,0.06604202583259235,0.06810539021255338,0.29577795157179665,0.8873338547153901,0.101325,0.009675
0.1,0.01,1.0,0.001,-0.001,0.0,0,unit_total_var,0.2518987341772152,0.9697033616058672,0.0,0.9697033616058672,0.9697033616058672,0.0,9.773137215063343e-07,0.06604202583259235,0.06810539021255338,0.29577795157179665,0.8873338547153901,0.101325,0.009675
0.1,0.01,1.0,0.001,-0.001,0.0,0,unit_total_var,0.2581012658227848,0.9697033616058672,0.0,0.9697033616058672,0.9697033616058672,0.0,9.303413111005907e-07,0.06604202583259235,0.06810539021255338,0.29577795157179665,0.8873338547153901,0.101325,0.009675
0.1,0.01,1.0,0.001,-0.001,0.0,0,unit_total_var,0.2643037974683544,0.9697033616058672,0.0,0.9697033616058672,0.9697033616058672,0.0,8.866758660630579e-07,0.06604202583259235,0.06810539021255338,0.29577795157179665,0.8873338547153901,0.101325,0.009675
0.1,0.01,1.0,0.001,-0.001,0.0,0,unit_total_var,0.2705063291139241,0.9697033616058672,0.0,0.9697033616058672,0.9697033616058672,0.0,8.460140810129245e-07,0.06604202583259235,0.06810539021255338,0.29577795157179665,0.8873338547153901,0.101325,0.009675
0.1,0.01,1.0,0.001,-0.001,0.0,0,unit_total_var,0.2767088607594937,0.9697033616058672,0.0,0.9697033616058672,0.9697033616058672,0.0,8.080866429338584e-07,0.06604202583259235,0.06810539021255338,0.29577795157179665,0.8873338547153901,0.101325,0.009675
0.1,0.01,1.0,0.001,-0.001,0.0,0,unit_total_var,0.2829113924050633,0.9697033616058672,0.0,0.9697033616058672,0.9697033616058672,0.0,7.726537618601981e-07,0.06604202583259235,0.06810539021255338,0.29577795157179665,0.8873338547153901,0.101325,0.009675
0.1,0.01,1.0,0.001,-0.001,0.0,0,unit_total_var,0.2891139240506329,0.9697033616058672,0.0,0.9697033616058672,0.9697033616058672,0.0,9.860018224117084e-07,0.06604202583259235,0.06810539021255338,0.29577795157179665,0.8873338547153901,0.101325,0.009675
0.1,0.01,1.0,0.001,-0.001,0.0,0,unit_total_var,0.2953164556962025,0.9697033616058672,0.0,0.9697033616058672,0.9697033616058672,0.0,9.445838284882768e-07,0.06604202583259235,0.06810539021255338,0.29577795157179665,0.8873338547153901,0.101325,0.009675
0.1,0.01,1.0,0.001,-0.001,0.0,0,unit_total_var,0.3015189873417722,0.9697033616058672,0.0,0.9697033616058672,0.9697033616058672,0.0,9.057218579577864e-07,0.06604202583259235,0.06810539021255338,0.29577795157179665,0.8873338547153901,0.101325,0.009675
0.1,0.01,1.0,0.001,-0.001,0.0,0,unit_total_var,0.3077215189873418,0.9697033616058672,0.0,0.9697033616058672,0.9697033616058672,0.0,7.528838708026342e-07,0.06604202583259235,0.06810539021255338,0.29577795157179665,0.8873338547153901,0.101325,0.009675
0.1,0.01,1.0,0.001,-0.001,0.0,0,unit_total_var,0.3139240506329114,0.9697033616058672,0.0,0.9697033616058672,0.9697033616058672,0.0,8.348620212927927e-07,0.06604202583259235,0.06810539021255338,0.29577795157179665,0.8873338547153901,0.101325,0.009675
0.1,0.01,1.0,0.001,-0.001,0.0,0,unit_total_var,0.320126582278481,0.9697033616058672,0.0,0.9697033616058672,0.9697033616058672,0.0,8.025107058884373e-07,0.06604202583259235,0.06810539021255338,0.29577795157179665,0.8873338547153901,0.101325,0.009675
0.1,0.01,1.0,0.001,-0.001,0.0,0,unit_total_var,0.3263291139240506,0.9697033616058672,0.0,0.9697033616058672,0.9697033616058672,0.0,7.720040908765212e-07,0.06604202583259235,0.06810539021255338,0.29577795157179665,0.8873338547153901,0.101325,0.009675
0.1,0.01,1.0,0.001,-0.001,0.0,0,unit_total_var,0.3325316455696203,0.9697033616058672,0.0,0.9697033616058672,0.9697033616058672,0.0,9.909393980933599e-07,0.06604202583259235,0.06810539021255338,0.29577795157179665,0.8873338547153901,0.101325,0.009675
0.1,0.01,1.0,0.001,-0.001,0.0,0,unit_total_var,0.3387341772151899,0.9697033616058672,0.0,0.9697033616058672,0.9697033616058672,0.0,9.5464939064982e-07,0.06604202583259235,0.06810539021255338,0.29577795157179665,0.8873338547153901,0.101325,0.009675
0.1,0.01,1.0,0.001,-0.001,0.0,0,unit_total_var,0.3449367088607595,0.9697033616058672,0.0,0.9697033616058672,0.9697033616058672,0.0,9.203170447946718e-07,0.06604202583259235,0.06810539021255338,0.29577795157179665,0.8873338547153901,0.101325,0.009675
0.1,0.01,1.0,0.001,-0.001,0.0,0,unit_total_var,0.3511392405063291,0.9697033616058672,0.0,0.9697033616058672,0.9697033616058672,0.0,8.878040413939915e-07,0.06604202583259235,0.06810539021255338,0.29577795157179665,0.8873338547153901,0.101325,0.009675
0.1,0.01,1.0,0.001,-0.001,0.0,0,unit_total_var,0.3573417721518987,0.9697033616058672,0.0,0.9697033616058672,0.9697033616058672,0.0,8.569840646011073e-07,0.06604202583259235,0.06810539021255338,0.29577795157179665,0.8873338547153901,0.101325,0.009675
0.1,0.01,1.0,0.001,-0.001,0.0,0,unit_total_var,0.3635443037974684,0.9697033616058672,0.0,0.9697033616058672,0.9697033616058672,0.0,8.277415730617577e-07,0.06604202583259235,0.06810539021255338,0.29577795157179665,0.8873338547153901,0.101325,0.009675
0.1,0.01,1.0,0.001,-0.001,0.0,0,unit_total_var,0.369746835443038,0.9697033616058672,0.0,0.9697033616058672,0.9697033616058672,0.0,7.999707150041502e-07,0.06604202583259235,0.06810539021255338,0.29577795157179665,0.8873338547153901,0.101325,0.009675
0.1,0.01,1.0,0.001,-0.001,0.0,0,unit_total_var,0.3759493670886076,0.9697033616058672,0.0,0.9697033616058672,0.9697033616058672,0.0,7.73574375223518e-07,0.06604202583259235,0.06810539021255338,0.29577795157179665,0.8873338547153901,0.101325,0.009675
0.1,0.01,1.0,0.001,-0.001,0.0,0,unit_total_var,0.3821518987341772,0.9697033616058672,0.0,0.9697033616058672,0.9697033616058672,0.0,9.97951087100546e-07,0.06604202583259235,0.06810539021255338,0.29577795157179665,0.8873338547153901,0.101325,0.009675
0.1,0.01,1.0,0.001,-0.001,0.0,0,unit_total_var,0.3883544303797468,0.9697033616058672,0.0,0.9697033616058672,0.9697033616058672,0.0,9.6607390176473e-07,0.06604202583259235,0.06810539021255338,0.29577795157179665,0.8873338547153901,0.101325,0.009675
0.1,0.01,1.0,0.001,-0.001,0.0,0,unit_total_var,0.3945569620253165,0.9697033616058672,0.0,0.9697033616058672,0.9697033616058672,0.0,9.357000667620241e-07,0.06604202583259235,0.06810539021255338,0.29577795157179665,0.8873338547153901,0.101325,0.009675
0.1,0.01,1.0,0.001,-0.001,0.0,0,unit_total_var,0.4007594936708861,0.9697033616058672,0.0,0.9697033616058672,0.9697033616058672,0.0,9.067365147608085e-07,0.06604202583259235,0.06810539021255338,0.29577795157179665,0.8873338547153901,0.101325,0.009675
0.1,0.01,1.0,0.001,-0.001,0.0,0,unit_total_var,0.4069620253164557,0.9697033616058672,0.0,0.9697033616058672,0.9697033616058672,0.0,7.590505712862239e-07,0.06604202583259235,0.06810539021255338,0.29577795157179665,0.8873338547153901,0.101325,0.009675
0.1,0.01,1.0,0.001,-0.001,0.0,0,unit_total_var,0.4131645569620253,0.9697033616058672,0.0,0.9697033616058672,0.9697033616058672,0.0,8.527028030336227e-07,0.06604202583259235,0.06810539021255338,0.29577795157179665,0.8873338547153901,0.101325,0.009675
0.1,0.01,1.0,0.001,-0.001,0.0,0,unit_total_var,0.4193670886075949,0.9697033616058672,0.0,0.9697033616058672,0.9697033616058672,0.0,8.274794782714423e-07,0.06604202583259235,0.06810539021255338,0.29577795157179665,0.8873338547153901,0.101325,0.009675
0.1,0.01,1.0,0.001,-0.001,0.0,0,unit_total_var,0.4255696202531646,0.9697033616058672,0.0,0.9697033616058672,0.9697033616058672,0.0,8.033590175315908e-07,0.06604202583259235,0.06810539021255338,0.29577795157179665,0.8873338547153901,0.101325,0.009675
0.1,0.01,1.0,0.001,-0.001,0.0,0,unit_total_var,0.4317721518987342,0.9697033616058672,0.0,0.9697033616058672,0.9697033616058672,0.0,7.802780488397332e-07,0.06604202583259235,0.06810539021255338,0.29577795157179665,0.8873338547153901,0.101325,0.009675
0.1,0.01,1.0,0.001,-0.001,0.0,0,unit_total_var,0.4379746835443038,0.9697033616058672,0.0,0.9697033616058672,0.9697033616058672,0.0,7.581776877430001e-07,0.06604202583259235,0.06810539021255338,0.29577795157179665,0.8873338547153901,0.101325,0.009675
0.1,0.01,1.0,0.001,-0.001,0.0,0,unit_total_var,0.4441772151898734,0.9697033616058672,0.0,0.9697033616058672,0.9697033616058672,0.0,9.826708824434152e-07,0.06604202583259235,0.06810539021255338,0.29577795157179665,0.8873338547153901,0.101325,0.009675
0.1,0.01,1.0,0.001,-0.001,0.0,0,unit_total_var,0.450379746835443,0.9697033616058672,0.0,0.9697033616058672,0.9697033616058672,0.0,9.55604623875672e-07,0.06604202583259235,0.06810539021255338,0.29577795157179665,0.8873338547153901,0.101325,0.009675
0.1,0.01,1.0,0.001,-0.001,0.0,0,unit_total_var,0.4565822784810127,0.9697033616058672,0.0,0.9697033616058672,0.9697033616058672,0.0,9.296414265058672e-07,0.06604202583259235,0.06810539021255338,0.29577795157179665,0.8873338547153901,0.101325,0.009675
0.1,0.01,1.0,0.001,-0.001,0.0,0,unit_total_var,0.4627848101265823,0.9697033616058672,0.0,0.9697033616058672,0.9697033616058672,0.0,9.047221536384598e-07,0.06604202583259235,0.06810539021255338,0.29577795157179665,0.8873338547153901,0.101325,0.009675
0.1,0.01,1.0,0.001,-0.001,0.0,0,unit_total_var,0.4689873417721519,0.9697033616058672,0.0,0.9697033616058672,0.9697033616058672,0.0,8.807915818920263e-07,0.06604202583259235,0.06810539021255338,0.29577795157179665,0.8873338547153901,0.101325,0.009675
0.1,0.01,1.0,0.001,-0.001,0.0,0,unit_total_var,0.4751898734177215,0.9697033616058672,0.0,0.9697033616058672,0.9697033616058672,0.0,8.57798087672279e-07,0.06604202583259235,0.06810539021255338,0.29577795157179665,0.8873338547153901,0.101325,0.009675
0.1,0.01,1.0,0.001,-0.001,0.0,0,unit_total_var,0.4813924050632911,0.9697033616058672,0.0,0.9697033616058672,0.9697033616058672,0.0,8.35693377609914e-07,0.06604202583259235,0.06810539021255338,0.29577795157179665,0.8873338547153901,0.101325,0.009675
0.1,0.01,1.0,0.001,-0.001,0.0,0,unit_total_var,0.4875949367088608,0.9697033616058672,0.0,0.9697033616058672,0.9697033616058672,0.0,8.144322278802463e-07,0.06604202583259235,0.06810539021255338,0.29577795157179665,0.8873338547153901,0.101325,0.009675
0.1,0.01,1.0,0.001,-0.001,0.0,0,unit_total_var,0.4937974683544304,0.9697033616058672,0.0,0.9697033616058672,0.9697033616058672,0.0,7.939722532768202e-07,0.06604202583259235,0.06810539021255338,0.29577795157179665,0.8873338547153901,0.101325,0.009675
0.1,0.01,1.0,0.001,-0.001,0.0,0,unit_total_var,0.5,0.9697033616058672,0.0,0.9697033616058672,0.9697033616058672,0.0,7.742737018201495e-07,0.06604202583259235,0.06810539021255338,0.29577795157179665,0.8873338547153901,0.101325,0.009675
0.1,0.01,1.0,0.001,0.00099,0.0,0,unit_total_var,0.01,0.8624028776503047,0.9995625,0.8624028776932362,0.8624028776503047,2.1619750434354046e-10,9.989785780817328e-07,0.0514432850821574,0.059651105550945424,0.2590614598020403,0.7237380818727304,0.101325,0.009675
0.1,0.01,1.0,0.001,0.00099,0.0,0,unit_total_var,0.016202531645569618,0.7739058495054251,0.9996,0.7739058563887388,0.7739058495054251,3.862724651249039e-08,8.210943960307304e-07,0.041931430584851666,0.05418156564089612,0.2353075497872001,0.7237380818727304,0.101325,0.009675
0.1,0.01,1.0,0.001,0.00099,0.0,0,unit_total_var,0.02240506329113924,0.6740636468623294,0.9996375,0.674063662764385,0.6740636468623294,1.0245582782175687e-07,8.48865724378811e-07,0.033216614149289836,0.04927815689795535,0.2140123161914467,0.7237380818727304,0.101325,0.009675
0.1,0.01,1.0,0.001,0.00099,0.0,0,unit_total_var,0.028607594936708863,0.5717240836055945,0.999675,0.5717241124018104,0.5717240836055945,2.187425325317349e-07,8.795386570170649e-07,0.025748472056761774,0.045036535621130906,0.19559118904296388,0.7237380818727304,0.101325,0.009675
0.1,0.01,1.0,0.001,0.00099,0.0,0,unit_total_var,0.03481012658227848,0.4741086677987296,0.9996875,0.4741087195249326,0.4741086677987296,4.7382393253414534e-07,9.94090401107428e-07,0.019603723450278616,0.041348586899492966,0.17957463124946885,0.7237380818727304,0.101325,0.009675
0.1,0.01,1.0,0.001,0.00099,0.0,0,unit_total_var,0.0410126582278481,0.3855818614059392,0.9997,0.38558193507790256,0.3855818614059392,8.297932891920823e-07,8.914082272326596e-07,0.014698242733544496,0.038119642557745324,0.16555150414953151,0.7237380818727304,0.101325,0.009675
0.1,0.01,1.0,0.001,0.00099,0.0,0,unit_total_var,0.047215189873417725,0.3081050933143153,0.9997,0.30810520010278625,0.3081050933143153,1.505253780287319e-06,9.769098623380046e-07,0.0108674756959359,0.03527197677595475,0.15318424879616796,0.7237380818727304,0.101325,0.009675
0.1,0.01,1.0,0.001,0.00099,0.0,0,unit_total_var,0.05341772151898734,0.2421231216791523,0.9997375,0.2421232697662447,0.2421231216791523,2.6562265906804328e-06,9.922353969571418e-07,0.007927420550292757,0.032741278467397765,0.14219356568848604,0.7237380818727304,0.101325,0.009675
0.1,0.01,1.0,0.001,0.00099,0.0,0,unit_total_var,0.05962025316455696,0.187191968922435,0.9997375,0.1871921678483512,0.187191968922435,4.615175654976157e-06,9.570459544860908e-07,0.005706976558798435,0.03048729382809784,0.13240463477705958,0.7237380818727304,0.101325,0.009675
0.1,0.01,1.0,0.001,0.00099,0.0,0,unit_total_var,0.06582278481012659,0.14234358413861195,0.9997375,0.14234384706310915,0.14234358413861195,8.021896704235589e-06,9.760520205404075e-07,0.004056560096478321,0.02849836977919641,0.12376684738343395,0.7237380818727304,0.101325,0.009675
0.1,0.01,1.0,0.001,0.00099,0.0,0,unit_total_var,0.0720253164556962,0.10634809254185154,0.9997625,0.10634842392915007,0.10634809254185154,1.3532866217857984e-05,9.634745130604472e-07,0.002848094806422327,0.02678087343505015,0.11630785553391662,0.7237380818727304,0.101325,0.009675
0.1,0.01,1.0,0.001,0.00099,0.0,0,unit_total_var,0.07822784810126583,0.07792149099503576,0.999775,0.07792192085960181,0.07792149099503576,2.395838319557697e-05,9.907577316337068e-07,0.001974800251076019,0.025343460781594003,0.11006525169777746,0.7237380818727304,0.101325,0.009675
0.1,0.01,1.0,0.001,0.00099,0.0,0,unit_total_var,0.08443037974683544,0.05585898139384986,0.9997875,0.05585952155966775,0.05585898139384986,4.1996809446942514e-05,9.682425355928006e-07,0.0013509953682642778,0.02418582177033797,0.10503768935153317,0.7237380818727304,0.101325,0.009675
0.1,0.01,1.0,0.001,0.00099,0.0,0,unit_total_var,0.09063291139240506,0.03908810151304365,0.9997875,0.03908875642040049,0.03908810151304365,7.276389938404293e-05,9.810261834553025e-07,0.0009105582934601033,0.02329502478282941,0.10116900718982308,0.7237380818727304,0.101325,0.009675
0.1,0.01,1.0,0.001,0.00099,0.0,0,unit_total_var,0.09683544303797467,0.02666495067530149,0.9997875,0.02666567853741907,0.02666495067530149,0.00011854594852422905,9.534124788546093e-07,0.0006039154169870793,0.02264828554685676,0.0983602543756906,0.7237380818727304,0.101325,0.009675
0.1,0.01,1.0,0.001,0.00099,0.0,0,unit_total_var,0.1030379746835443,0.017747071132553752,0.9997875,0.017747743105285714,0.017747071132553752,0.0001644375697047451,9.627010841839478e-07,0.00039431082878236856,0.022218360755825086,0.09649311473190596,0.7237380818727304,0.101325,0.009675
0.1,0.01,1.0,0.001,0.00099,0.0,0,unit_total_var,0.10924050632911393,0.01157112703962036,0.9997875,0.011571128299212788,0.01157112703962036,4.727577618268697e-07,9.922094497127887e-07,0.0002543051144934917,0.02197755790103531,0.09544732122128843,0.3288076345667881,0.101325,0.009675
0.1,0.01,1.0,0.001,0.00099,0.0,0,unit_total_var,0.11544303797468355,0.007449946370695773,0.9997625,0.0074504715661775425,0.007449946370695773,0.00030615181495363686,9.94251866281992e-07,0.00016314365851395239,0.021898635291614302,0.095104564683599,0.3288076345667881,0.101325,0.009675
0.1,0.01,1.0,0.001,0.00099,0.0,0,unit_total_var,0.12164556962025315,0.004789184512192824,0.99975,0.004789621396927997,0.004789184512192824,0.00039615925334501867,9.758240704371701e-07,0.00010514043123202592,0.02195372322038294,0.09534380851843596,0.3288076345667881,0.101325,0.009675
0.1,0.01,1.0,0.001,0.00099,0.0,0,unit_total_var,0.12784810126582274,0.0031103661767411988,0.9997375,0.0031107149644363443,0.0031103661767411988,0.00048697828585630987,9.6900474683137e-07,6.878178476241196e-05,0.02211372579754458,0.09603869088195197,0.3288076345667881,0.101325,0.009675
0.1,0.01,1.0,0.001,0.00099,0.0,0,unit_total_var,0.1340506329113924,0.0020607884397524983,0.999725,0.002061062181287411,0.0020607884397524983,0.0005768498142515455,9.69638061232292e-07,4.6057862959011856e-05,0.02234963185475916,0.0970632178709104,0.3288076345667881,0.101325,0.009675
0.1,0.01,1.0,0.001,0.00099,0.0,0,unit_total_var,0.14025316455696205,0.0014014923052066345,0.9997,0.001401711225634008,0.0014014923052066345,0.0006783377142021152,9.816466909062791e-07,3.172274710005062e-05,0.022634977717821612,0.09830245920852984,0.3288076345667881,0.101325,0.009675
0.1,0.01,1.0,0.001,0.00099,0.0,0,unit_total_var,0.14645569620253165,0.000980814948817125,0.9997,0.0009809888130325164,0.000980814948817125,0.0007697841242979564,9.892440883396691e-07,2.2507533429725176e-05,0.0229477879154162,0.09966097663551382,0.3288076345667881,0.101325,0.009675
0.1,0.01,1.0,0.001,0.00099,0.0,0,unit_total_var,0.15265822784810126,0.0007062824894797558,0.9997,0.0007064202782663895,0.0007062824894797558,0.0008471833036480803,9.895189365949353e-07,1.6436053208339003e-05,0.023271217187397244,0.10106561211658734,0.3288076345667881,0.101325,0.009675
0.1,0.01,1.0,0.001,0.00099,0.0,0,unit_total_var,0.1588607594936709,0.0005224561063820821,0.999675,0.0005225651230080031,0.0005224561063820821,0.0009061121040119248,9.537755791266809e-07,1.2326369927778482e-05,0.023593120603253075,0.1024636208887073,0.3288076345667881,0.101325,0.009675
0.1,0.01,1.0,0.001,0.00099,0.0,0,unit_total_var,0.1650632911392405,0.00039606942061187013,0.999675,0.0003961609249790058,0.00039606942061187013,0.0010032395783596826,9.865805400688377e-07,9.468128786900366e-06,0.02390522543314117,0.10381907494266483,0.3288076345667881,0.101325,0.009675
0.1,0.01,1.0,0.001,0.00099,0.0,0,unit_total_var,0.17126582278481015,0.0003069303302707884,0.9996625,0.0003070056331200082,0.0003069303302707884,0.0010653753486380424,9.871132503891378e-07,7.428344914432037e-06,0.024202055586616037,0.1051081919198311,0.3288076345667881,0.101325,0.009675
0.1,0.01,1.0,0.001,0.00099,0.0,0,unit_total_var,0.17746835443037975,0.00024254139972130885,0.99965,0.0002426031604079372,0.00024254139972130885,0.0011057456993484036,9.428881831419212e-07,5.937469822810728e-06,0.02448023236294155,0.10631629830934916,0.3288076345667881,0.101325,0.009675
0.1,0.01,1.0,0.001,0.00099,0.0,0,unit_total_var,0.18367088607594936,0.0001949956403794949,0.9996375,0.0001950487475958784,0.0001949956403794949,0.0011826434056274593,9.590414074556186e-07,4.823783450983707e-06,0.02473790409670595,0.1074353524305124,0.3288076345667881,0.101325,0.009675
0.1,0.01,1.0,0.001,0.00099,0.0,0,unit_total_var,0.18987341772151897,0.00015918115273801906,0.9996125,0.00015922724431953892,0.00015918115273801906,0.0012573361658212436,9.727713396051607e-07,3.975410111413968e-06,0.024974125661451345,0.10846124965126716,0.3288076345667881,0.101325,0.009675
0.1,0.01,1.0,0.001,0.00099,0.0,0,unit_total_var,0.1960759493670886,0.00013171267838678476,0.9996125,0.00013175400688551,0.00013171267838678476,0.00136250540142413,9.746074899619206e-07,3.317665116356583e-06,0.02518865425099014,0.10939293547773904,0.3288076345667881,0.101325,0.009675
0.1,0.01,1.0,0.001,0.00099,0.0,0,unit_total_var,0.20227848101265825,0.00011029955394169763,0.9996,0.00011033533378242339,0.00011029955394169763,0.0014085703024662164,9.734921323084622e-07,2.799591470239906e-06,0.02538171162251227,0.11023137298916708,0.3288076345667881,0.101325,0.009675
0.1,0.01,1.0,0.001,0.00099,0.0,0,unit_total_var,0.20848101265822785,9.335975622834971e-05,0.9996,9.335975622834971e-05,9.335990824303738e-05,7.071471571862276e-06,9.850320007442905e-07,2.38569863700372e-06,0.025553822475376988,0.1109788409259152,0.3426100644112756,0.101325,0.009675
0.1,0.01,1.0,0.001,0.00099,0.0,0,unit_total_var,0.21468354430379746,7.978053755471866e-05,0.9996,7.980858516730145e-05,7.978053755471866e-05,0.001526535554923214,9.617171535664104e-07,2.0508093070353567e-06,0.025705634104417747,0.11163815045372663,0.3426100644112756,0.101325,0.009675
0.1,0.01,1.0,0.001,0.00099,0.0,0,unit_total_var,0.2208860759493671,6.876277820349976e-05,0.9995875,6.878843785042477e-05,6.876277820349976e-05,0.0016203191096550995,9.79486626973003e-07,1.7766946496478896e-06,0.02583802888809782,0.11221313369357697,0.3426100644112756,0.101325,0.009675
0.1,0.01,1.0,0.001,0.00099,0.0,0,unit_total_var,0.2270886075949367,5.972641310270297e-05,0.9995875,5.974983026366908e-05,5.972641310270297e-05,0.001702421106166696,9.502279947892769e-07,1.550006113375722e-06,0.02595176962511374,0.1127071034381132,0.3426100644112756,0.101325,0.009675
0.1,0.01,1.0,0.001,0.00099,0.0,0,unit_total_var,0.23329113924050635,5.224056453634681e-05,0.999575,5.2261777987528587e-05,5.224056453634681e-05,0.0017631920384530984,9.453424826832979e-07,1.3607529435349359e-06,0.026047822331402654,0.11312425504124468,0.3426100644112756,0.101325,0.009675
0.1,0.01,1.0,0.001,0.00099,0.0,0,unit_total_var,0.23949367088607595,4.598286274463298e-05,0.9995625,4.600265445127771e-05,4.598286274463298e-05,0.0018688657471201966,9.629178856704337e-07,1.2013976133328608e-06,0.026127073035988505,0.11346843647813047,0.3426100644112756,0.101325,0.009675
0.1,0.01,1.0,0.001,0.00099,0.0,0,unit_total_var,0.2456962025316456,4.07091217671293e-05,0.9995625,4.0726553290158694e-05,4.07091217671293e-05,0.00185923782742492,9.209427880435551e-07,1.0661827646967176e-06,0.026190266908622188,0.11374288397987953,0.3426100644112756,0.101325,0.009675
0.1,0.01,1.0,0.001,0.00099,0.0,0,unit_total_var,0.2518987341772152,3.622944853080368e-05,0.9995625,3.624657278188298e-05,3.622944853080368e-05,0.0020522561128899497,9.775959130473022e-07,9.506057302461231e-07,0.026238481919974063,0.11395227911362975,0.3426100644112756,0.101325,0.009675
0.1,0.01,1.0,0.001,0.00099,0.0,0,unit_total_var,0.2581012658227848,3.239889437718998e-05,0.9995625,3.241466862986569e-05,3.239889437718998e-05,0.002113962174156825,9.685512212878609e-07,8.511923379021157e-07,0.026272264972763592,0.11409899704771312,0.3426100644112756,0.101325,0.009675
0.1,0.01,1.0,0.001,0.00099,0.0,0,unit_total_var,0.2643037974683544,2.910168861546497e-05,0.9995625,2.9116504277717925e-05,2.910168861546497e-05,0.0022104294830711524,9.743446706053649e-07,7.651564387321147e-07,0.026292509992890987,0.1141869200529866,0.3426100644112756,0.101325,0.009675
0.1,0.01,1.0,0.001,0.00099,0.0,0,unit_total_var,0.2705063291139241,2.624663266720728e-05,0.99955,2.626080230965808e-05,2.624663266720728e-05,0.0023439719266491466,9.941486545927969e-07,6.902850409957768e-07,0.026299946730241844,0.11421921739293504,0.3426100644112756,0.101325,0.009675
0.1,0.01,1.0,0.001,0.00099,0.0,0,unit_total_var,0.2767088607594937,2.3761370789932888e-05,0.9995375,2.377393783097956e-05,2.3761370789932888e-05,0.0022963127266564247,9.372088763809349e-07,6.248070682593865e-07,0.02629507673539197,0.11419806727403305,0.3426100644112756,0.101325,0.009675
0.1,0.01,1.0,0.001,0.00099,0.0,0,unit_total_var,0.2829113924050633,2.1585821890399662e-05,0.9995375,2.1598225879644815e-05,2.1585821890399662e-05,0.0024948954575023663,9.801411406801241e-07,5.672519197383112e-07,0.02627891227021556,0.11412786589374273,0.3426100644112756,0.101325,0.009675
0.1,0.01,1.0,0.001,0.00099,0.0,0,unit_total_var,0.2891139240506329,1.9673321502747896e-05,0.9995375,1.968462525573681e-05,1.9673321502747896e-05,0.002494620826126948,9.432324998628893e-07,5.164577162275986e-07,0.026251678759759083,0.11400959226060167,0.3426100644112756,0.101325,0.009675
0.1,0.01,1.0,0.001,0.00099,0.0,0,unit_total_var,0.2953164556962025,1.7984100901005015e-05,0.999525,1.7995041569328152e-05,1.7984100901005015e-05,0.0026412369507937683,9.159991523136068e-07,4.7143776269934246e-07,0.026214141329300302,0.11384656927147092,0.3426100644112756,0.101325,0.009675
0.1,0.01,1.0,0.001,0.00099,0.0,0,unit_total_var,0.3015189873417722,1.6485361147931617e-05,0.999525,1.6496089660637397e-05,1.6485361147931617e-05,0.002825426970169076,9.894222487531743e-07,4.313740303503007e-07,0.02616709615757641,0.11364225468667215,0.3426100644112756,0.101325,0.009675
0.1,0.01,1.0,0.001,0.00099,0.0,0,unit_total_var,0.3077215189873418,1.5151420137072706e-05,0.9995125,1.5151684996117526e-05,1.5151420137072706e-05,7.591751482749487e-05,9.761570482456905e-07,3.956116171481004e-07,0.02611053046968927,0.11339659302552768,0.3395514369943593,0.101325,0.009675
0.1,0.01,1.0,0.001,0.00099,0.0,0,unit_total_var,0.3139240506329114,1.3959333219172022e-05,0.9995125,1.3968921728086225e-05,1.3959333219172022e-05,0.002982095861419509,9.714120977957763e-07,3.635736867361361e-07,0.026045204382455524,0.11311288543342825,0.3395514369943593,0.101325,0.009675
0.1,0.01,1.0,0.001,0.00099,0.0,0,unit_total_var,0.320126582278481,1.2890374391695269e-05,0.9995,1.2899605375067625e-05,1.2890374391695269e-05,0.0031089324990603013,9.734578842873765e-07,3.347829816210141e-07,0.02597154833894514,0.11279300130087434,0.3395514369943593,0.101325,0.009675
0.1,0.01,1.0,0.001,0.00099,0.0,0,unit_total_var,0.3263291139240506,1.192872610608755e-05,0.9995,1.1937670253859578e-05,1.192872610608755e-05,0.003255115808848075,9.819507020038254e-07,3.088345274093376e-07,0.02588998394822151,0.11243877165276364,0.3395514369943593,0.101325,0.009675
0.1,0.01,1.0,0.001,0.00099,0.0,0,unit_total_var,0.3325316455696203,1.1060979226353669e-05,0.9995,1.106971363348171e-05,1.1060979226353669e-05,0.0034280942213413823,9.964282979176011e-07,2.8538329478050604e-07,0.02580090685827865,0.11205191476650182,0.3395514369943593,0.101325,0.009675
0.1,0.01,1.0,0.001,0.00099,0.0,0,unit_total_var,0.3387341772151899,1.0276128519542286e-05,0.9995,1.0284302999369783e-05,1.0276128519542286e-05,0.0034533629951383205,9.1905265335937e-07,2.64141172081017e-07,0.025704346883040182,0.11163256012231397,0.3395514369943593,0.101325,0.009675
0.1,0.01,1.0,0.001,0.00099,0.0,0,unit_total_var,0.3449367088607595,9.563559340375259e-06,0.9994875,9.571657353264477e-06,9.563559340375259e-06,0.0036758638048723924,9.429747214600992e-07,2.4483972274567107e-07,0.025601317880886803,0.11118511085120188,0.3395514369943593,0.101325,0.009675
0.1,0.01,1.0,0.001,0.00099,0.0,0,unit_total_var,0.3511392405063291,8.915299382658704e-06,0.9994875,8.922975032367569e-06,8.915299382658704e-06,0.0037374607450857407,9.723443459425107e-07,2.272672810555793e-07,0.025491828294363358,0.11070960361867188,0.3395514369943593,0.101325,0.009675
0.1,0.01,1.0,0.001,0.00099,0.0,0,unit_total_var,0.3573417721518987,8.32448265391329e-06,0.999475,8.331800492544631e-06,8.32448265391329e-06,0.003816094039216011,9.09133068129758e-07,2.1124038544967505e-07,0.025375797419719792,0.1102056879327908,0.3395514369943593,0.101325,0.009675
0.1,0.01,1.0,0.001,0.00099,0.0,0,unit_total_var,0.3635443037974684,7.78407846749773e-06,0.9994625,7.791460873578054e-06,7.78407846749773e-06,0.004116889173126026,9.46415550401314e-07,1.9658125121457398e-07,0.025254274097492112,0.10967791885013048,0.3395514369943593,0.101325,0.009675
0.1,0.01,1.0,0.001,0.00099,0.0,0,unit_total_var,0.369746835443038,7.289014090561092e-06,0.9994625,7.296129992361441e-06,7.289014090561092e-06,0.0042377327413305466,9.893131992858015e-07,1.831522968780316e-07,0.025127170094952158,0.1091259131808213,0.3395514369943593,0.101325,0.009675
0.1,0.01,1.0,0.001,0.00099,0.0,0,unit_total_var,0.3759493670886076,6.834893072220054e-06,0.9994625,6.841783610375977e-06,6.834893072220054e-06,0.0043760966514128094,9.359379674542255e-07,1.7083329365903294e-07,0.024994289135754442,0.10854881850752547,0.3395514369943593,0.101325,0.009675
0.1,0.01,1.0,0.001,0.00099,0.0,0,unit_total_var,0.3821518987341772,6.416842909928119e-06,0.999425,6.4235486309697824e-06,6.416842909928119e-06,0.0045360889518946115,9.860662398587794e-07,1.5950190415516555e-07,0.024856756880924216,0.1079515235139607,0.3395514369943593,0.101325,0.009675
0.1,0.01,1.0,0.001,0.00099,0.0,0,unit_total_var,0.3883544303797468,6.031907236180861e-06,0.9994125,6.03845843527821e-06,6.031907236180861e-06,0.004714272913759032,9.393017036396499e-07,1.490718798771183e-07,0.02471388800261193,0.1073310518590934,0.3395514369943593,0.101325,0.009675
0.1,0.01,1.0,0.001,0.00099,0.0,0,unit_total_var,0.3945569620253165,5.676194752566179e-06,0.9994125,5.682625684046697e-06,5.676194752566179e-06,0.004917620398153133,9.969183674997386e-07,1.3944625707698544e-07,0.024566855641086398,0.10669249842637593,0.3395514369943593,0.101325,0.009675
0.1,0.01,1.0,0.001,0.00099,0.0,0,unit_total_var,0.4007594936708861,5.347289628614245e-06,0.9994125,5.3538654711469665e-06,5.347289628614245e-06,0.005337465831800614,9.87834073488264e-07,1.3055656166457752e-07,0.024415464792845225,0.106035016326358,0.3395514369943593,0.101325,0.009675
0.1,0.01,1.0,0.001,0.00099,0.0,0,unit_total_var,0.4069620253164557,5.0429411456700345e-06,0.9994125,5.0429411456700345e-06,5.04307170838786e-06,0.00011243822255835313,9.157873122368765e-07,1.2233694222629268e-07,0.024259046197938183,0.10535569900000613,0.31450154250363804,0.101325,0.009675
0.1,0.01,1.0,0.001,0.00099,0.0,0,unit_total_var,0.4131645569620253,4.760285712118194e-06,0.9994125,4.766161069383872e-06,4.760285712118194e-06,0.005356951278344013,9.83097186015719e-07,1.1471732501531901e-07,0.024098831867021067,0.10465989700161488,0.31450154250363804,0.101325,0.009675
0.1,0.01,1.0,0.001,0.00099,0.0,0,unit_total_var,0.4193670886075949,4.497798414511314e-06,0.9994,4.503668276889497e-06,4.497798414511314e-06,0.005664075175999983,9.499027300314405e-07,1.0765300847674756e-07,0.0239346005657846,0.10394664952278698,0.31450154250363804,0.101325,0.009675
0.1,0.01,1.0,0.001,0.00099,0.0,0,unit_total_var,0.4255696202531646,4.2535281645526425e-06,0.9994,4.259100937325258e-06,4.2535281645526425e-06,0.0056861981905314,9.20670048538963e-07,1.0109205123744117e-07,0.02376663497373911,0.10321718422503727,0.31450154250363804,0.101325,0.009675
0.1,0.01,1.0,0.001,0.00099,0.0,0,unit_total_var,0.4317721518987342,4.02562128124746e-06,0.999375,4.031201708539007e-06,4.02562128124746e-06,0.00601614102732384,9.937154001569972e-07,9.498727378334608e-08,0.023595680553912268,0.1024747386131596,0.31450154250363804,0.101325,0.009675
0.1,0.01,1.0,0.001,0.00099,0.0,0,unit_total_var,0.4379746835443038,3.813225034108628e-06,0.999375,3.818822352163229e-06,3.813225034108628e-06,0.006370203583308864,9.67318090790842e-07,8.930839753700223e-08,0.023420699470436263,0.1017148054232488,0.31450154250363804,0.101325,0.009675
0.1,0.01,1.0,0.001,0.00099,0.0,0,unit_total_var,0.4441772151898734,3.6147767930446108e-06,0.9993375,3.620135562958178e-06,3.6147767930446108e-06,0.006433483957586361,9.438163875823136e-07,8.401619021225566e-08,0.02324242823897613,0.10094058330219648,0.31450154250363804,0.101325,0.009675
0.1,0.01,1.0,0.001,0.00099,0.0,0,unit_total_var,0.450379746835443,3.4291320110240143e-06,0.9993375,3.4342749775225465e-06,3.4291320110240143e-06,0.006508611226749394,9.229708481644365e-07,7.907921826806626e-08,0.023061001446967176,0.10015265675580748,0.31450154250363804,0.101325,0.009675
0.1,0.01,1.0,0.001,0.00099,0.0,0,unit_total_var,0.4565822784810127,3.2552571240497847e-06,0.9993125,3.260207574579943e-06,3.2552571240497847e-06,0.006599540819721028,9.050945226508206e-07,7.446905867953372e-08,0.022876551940968833,0.09935160272935888,0.31450154250363804,0.101325,0.009675
0.1,0.01,1.0,0.001,0.00099,0.0,0,unit_total_var,0.4627848101265823,3.091979947432968e-06,0.9992875,3.096998774650842e-06,3.091979947432968e-06,0.007043648207606169,9.87222681691699e-07,7.015657261516545e-08,0.02268985368854381,0.09854078252126723,0.31450154250363804,0.101325,0.009675
0.1,0.01,1.0,0.001,0.00099,0.0,0,unit_total_var,0.4689873417721519,2.9389506589715287e-06,0.9992875,2.9440422675259514e-06,2.9389506589715287e-06,0.007517459493641355,9.713168425250912e-07,6.612553182986021e-08,0.022499708060087168,0.09771499054929976,0.31450154250363804,0.101325,0.009675
0.1,0.01,1.0,0.001,0.00099,0.0,0,unit_total_var,0.4751898734177215,2.7951510714031187e-06,0.9992625,2.800085256287678e-06,2.7951510714031187e-06,0.00765969370385733,9.57549164572538e-07,6.235111328672347e-08,0.02230688492104445,0.0968775702966046,0.31450154250363804,0.101325,0.009675
0.1,0.01,1.0,0.001,0.00099,0.0,0,unit_total_var,0.4813924050632911,2.6598865108267047e-06,0.9992375,2.664677043756157e-06,2.6598865108267047e-06,0.007814734697696224,9.457793393851528e-07,5.8814054932106935e-08,0.022111490355965324,0.09602898248252707,0.31450154250363804,0.101325,0.009675
0.1,0.01,1.0,0.001,0.00099,0.0,0,unit_total_var,0.4875949367088608,2.5325250049924985e-06,0.9992375,2.537185970095213e-06,2.5325250049924985e-06,0.007985591307779316,9.358915899187332e-07,5.5496805444409763e-08,0.021913625861543728,0.09516966790160833,0.31450154250363804,0.101325,0.009675
0.1,0.01,1.0,0.001,0.00099,0.0,0,unit_total_var,0.4937974683544304,2.4124877188429108e-06,0.9992375,2.4170349362137488e-06,2.4124877188429108e-06,0.008178166401897613,9.287093221174021e-07,5.2383314688488464e-08,0.0217134015975894,0.09430010497182327,0.31450154250363804,0.101325,0.009675
0.1,0.01,1.0,0.001,0.00099,0.0,0,unit_total_var,0.5,2.2987917202912306e-06,0.999225,2.303697330088488e-06,2.2987917202912306e-06,0.009257947379268215,9.71246529903047e-07,4.945552922459402e-08,0.021513705999571184,0.09343283800902646,0.31450154250363804,0.101325,0.009675
0.1,0.04,1.0,0.001,-0.00099,0.0,0,unit_total_var,0.01,0.9188458938759444,0.989475,0.9188458938759444,0.9188458940183276,6.729778956326983e-10,9.121502699827032e-07,0.029780162990444763,0.03241040003435598,0.14075657891197765,0.41263891273217057,0.101325,0.03835
0.1,0.04,1.0,0.001,-0.00099,0.0,0,unit_total_var,0.016202531645569618,0.8466634316042962,0.9902,0.8466634397199241,0.8466634316042962,4.1628966052087435e-08,9.459228778041506e-07,0.02660623686961592,0.03142480928838655,0.13647621268808327,0.41263891273217057,0.101325,0.03835
0.1,0.04,1.0,0.001,-0.00099,0.0,0,unit_total_var,0.02240506329113924,0.7695193762043963,0.9908,0.7695193926323982,0.7695193762043963,9.271489131990053e-08,9.424495956977808e-07,0.023346776940236947,0.030339427001037183,0.13176245730656969,0.41263891273217057,0.101325,0.03835
0.1,0.04,1.0,0.001,-0.00099,0.0,0,unit_total_var,0.028607594936708863,0.6917443587774678,0.991175,0.6917443856274995,0.6917443587774678,1.6857123941171892e-07,8.594754952184758e-07,0.020240540393133197,0.0292601452202728,0.12707519608852286,0.41263891273217057,0.101325,0.03835
0.1,0.04,1.0,0.001,-0.00099,0.0,0,unit_total_var,0.03481012658227848,0.6168339037427537,0.991375,0.6168339443904824,0.6168339037427537,2.861886096994226e-07,8.709864687261869e-07,0.017509413042729034,0.028385944638398494,0.1232785912006766,0.41263891273217057,0.101325,0.03835
0.1,0.04,1.0,0.001,-0.00099,0.0,0,unit_total_var,0.0410126582278481,0.5452889486465801,0.9916625,0.5452890110671659,0.5452889486465801,4.971476958992582e-07,9.316539664183664e-07,0.015126904114602402,0.0277410795728535,0.1204779778052929,0.41263891273217057,0.101325,0.03835
0.1,0.04,1.0,0.001,-0.00099,0.0,0,unit_total_var,0.047215189873417725,0.4766261537119012,0.991875,0.4766262492052682,0.4766261537119012,8.701209082140337e-07,9.513532610583296e-07,0.012989878887957051,0.02725381053220349,0.118361795249727,0.41263891273217057,0.101325,0.03835
0.1,0.04,1.0,0.001,-0.00099,0.0,0,unit_total_var,0.05341772151898734,0.4108795261194785,0.9919875,0.4108796550223697,0.4108795261194785,1.3624871040285313e-06,9.376444074504776e-07,0.011025639771888937,0.0268342398951337,0.1165396231252466,0.41263891273217057,0.101325,0.03835
0.1,0.04,1.0,0.001,-0.00099,0.0,0,unit_total_var,0.05962025316455696,0.3486397004642561,0.9920625,0.3486398818408896,0.3486397004642561,2.2593769575252054e-06,9.82008718786176e-07,0.009210583911111141,0.026418631896614555,0.11473466052132937,0.41263891273217057,0.101325,0.03835
0.1,0.04,1.0,0.001,-0.00099,0.0,0,unit_total_var,0.06582278481012659,0.290602126687317,0.9921125,0.2906023683861072,0.290602126687317,3.612100448968647e-06,9.47382402749497e-07,0.007564785318398444,0.026031417610849164,0.11305301024510922,0.41263891273217057,0.101325,0.03835
0.1,0.04,1.0,0.001,-0.00099,0.0,0,unit_total_var,0.0720253164556962,0.2371519500727136,0.9922375,0.2371522737403401,0.2371519500727136,5.927295484653427e-06,9.737385640029572e-07,0.0060896093391417955,0.02567809093399674,0.111518531984447,0.41263891273217057,0.101325,0.03835
0.1,0.04,1.0,0.001,-0.00099,0.0,0,unit_total_var,0.07822784810126583,0.18867413789810936,0.992275,0.1886745734604935,0.18867413789810936,1.0025863836915505e-05,9.426133100731705e-07,0.004772867255867602,0.025296881220918138,0.1098629592360674,0.41263891273217057,0.101325,0.03835
0.1,0.04,1.0,0.001,-0.00099,0.0,0,unit_total_var,0.08443037974683544,0.1457043861458416,0.9923125,0.14570495042673476,0.1457043861458416,1.681923311203093e-05,9.527366837680519e-07,0.003619170129830168,0.024839129593584024,0.10787496917773302,0.41263891273217057,0.101325,0.03835
0.1,0.04,1.0,0.001,-0.00099,0.0,0,unit_total_var,0.09063291139240506,0.10885464236446668,0.99235,0.10885538736388957,0.10885464236446668,2.9722942832322022e-05,9.863828207556937e-07,0.002650038695809809,0.02434474670301116,0.10572789156450127,0.41263891273217057,0.101325,0.03835
0.1,0.04,1.0,0.001,-0.00099,0.0,0,unit_total_var,0.09683544303797467,0.07855664816865758,0.99235,0.07855758723869086,0.07855664816865758,5.191546552474336e-05,9.935048639331256e-07,0.0018727248606913926,0.023839164530934882,0.1035321760896874,0.41263891273217057,0.101325,0.03835
0.1,0.04,1.0,0.001,-0.00099,0.0,0,unit_total_var,0.1030379746835443,0.05460366707213417,0.99235,0.054604861128150495,0.05460366707213417,9.496912879214392e-05,9.833062702968576e-07,0.001271730227777726,0.02329019818573187,0.10114804554496476,0.41263891273217057,0.101325,0.03835
0.1,0.04,1.0,0.001,-0.00099,0.0,0,unit_total_var,0.10924050632911393,0.03649050183333441,0.9923125,0.03649050183333441,0.03649050418080034,2.7938543212258077e-07,9.81194935967267e-07,0.0008268186186770094,0.022658461164864082,0.09840444652319598,0.3003215934240884,0.101325,0.03835
0.1,0.04,1.0,0.001,-0.00099,0.0,0,unit_total_var,0.11544303797468355,0.02352964744576649,0.9922625,0.02353140924162973,0.02352964744576649,0.00032516831361562026,9.956984437509142e-07,0.000518544774098948,0.022037932157468246,0.09570952328546684,0.3003215934240884,0.101325,0.03835
0.1,0.04,1.0,0.001,-0.00099,0.0,0,unit_total_var,0.12164556962025315,0.014731091990048503,0.992225,0.014733131462443129,0.014731091990048503,0.0006012251501026357,9.818031980607378e-07,0.00031632783254934753,0.02147348158324181,0.09325814558853024,0.3003215934240884,0.101325,0.03835
0.1,0.04,1.0,0.001,-0.00099,0.0,0,unit_total_var,0.12784810126582274,0.009056144411863865,0.9921125,0.009058467906059898,0.009056144411863865,0.001114106883321142,9.79585565621943e-07,0.00018987382294205596,0.02096629805210644,0.09105547549968722,0.3003215934240884,0.101325,0.03835
0.1,0.04,1.0,0.001,-0.00099,0.0,0,unit_total_var,0.1340506329113924,0.005497798897489086,0.9920375,0.005500370799291194,0.005497798897489086,0.0020311793904070896,9.789724471076509e-07,0.00011273248288690195,0.020505021189186876,0.08905217553773112,0.3003215934240884,0.101325,0.03835
0.1,0.04,1.0,0.001,-0.00099,0.0,0,unit_total_var,0.14025316455696205,0.003324873492186624,0.9919875,0.0033270802727165733,0.003324873492186624,0.0028815372925308225,9.817362119357576e-07,6.675431274599096e-05,0.020077248924767237,0.08719438419824402,0.3003215934240884,0.101325,0.03835
0.1,0.04,1.0,0.001,-0.00099,0.0,0,unit_total_var,0.14645569620253165,0.002027816950227743,0.9918875,0.0020295798425011904,0.002027816950227743,0.003773919455436925,9.792166433542082e-07,3.98985935903645e-05,0.01967563866446797,0.08545021299900707,0.3003215934240884,0.101325,0.03835
0.1,0.04,1.0,0.001,-0.00099,0.0,0,unit_total_var,0.15265822784810126,0.0012547993944101439,0.991775,0.0012562206723253071,0.0012547993944101439,0.004916354352566543,9.94753024410877e-07,2.4217267520121258e-05,0.01929971247037883,0.08381758628204901,0.3003215934240884,0.101325,0.03835
0.1,0.04,1.0,0.001,-0.00099,0.0,0,unit_total_var,0.1588607594936709,0.0007910440646565562,0.99165,0.000792171563722933,0.0007910440646565562,0.006185723496940909,9.894140499400184e-07,1.5001628191103796e-05,0.018964339486722503,0.08236107992023528,0.3003215934240884,0.101325,0.03835
0.1,0.04,1.0,0.001,-0.00099,0.0,0,unit_total_var,0.1650632911392405,0.0005087927190010696,0.99145,0.0005096926424921469,0.0005087927190010696,0.007674767312288111,9.874331771374256e-07,9.492432782740982e-06,0.018656777953461684,0.08102535715282652,0.3003215934240884,0.101325,0.03835
0.1,0.04,1.0,0.001,-0.00099,0.0,0,unit_total_var,0.17126582278481015,0.0003336818049782612,0.99135,0.0003344062121816096,0.0003336818049782612,0.009418105587265302,9.866667559747801e-07,6.123955186693186e-06,0.018352679394946787,0.07970467389364899,0.3003215934240884,0.101325,0.03835
0.1,0.04,1.0,0.001,-0.00099,0.0,0,unit_total_var,0.17746835443037975,0.00022306783190209877,0.9912875,0.00022365367821199097,0.00022306783190209877,0.011390987885327776,9.962644666738907e-07,4.028622855724543e-06,0.018060079848234892,0.07843393020820531,0.3003215934240884,0.101325,0.03835
0.1,0.04,1.0,0.001,-0.00099,0.0,0,unit_total_var,0.18367088607594936,0.00015186063269626338,0.991175,0.00015233512777503325,0.00015186063269626338,0.013548562360632843,9.769224783729574e-07,2.7006581819322297e-06,0.017783793824524746,0.07723403525296224,0.3003215934240884,0.101325,0.03835
0.1,0.04,1.0,0.001,-0.00099,0.0,0,unit_total_var,0.18987341772151897,0.00010513693225370642,0.9910875,0.00010553263496701143,0.00010513693225370642,0.016314810841471683,9.778289591956535e-07,1.8422889566919392e-06,0.017522757390773996,0.07610036842542567,0.3003215934240884,0.101325,0.03835
0.1,0.04,1.0,0.001,-0.00099,0.0,0,unit_total_var,0.1960759493670886,7.391449259036564e-05,0.9909375,7.424280506108903e-05,7.391449259036564e-05,0.0192477225252361,9.769468306258106e-07,1.276926883606917e-06,0.01727573090007733,0.07502754600749081,0.3003215934240884,0.101325,0.03835
0.1,0.04,1.0,0.001,-0.00099,0.0,0,unit_total_var,0.20227848101265825,5.2684796785085196e-05,0.9908,5.2962127553252695e-05,5.2684796785085196e-05,0.02280113684155793,9.9816866614387e-07,8.978586473011912e-07,0.017042082386001925,0.07401282340381238,0.3003215934240884,0.101325,0.03835
0.1,0.04,1.0,0.001,-0.00099,0.0,0,unit_total_var,0.20848101265822785,3.802477457672018e-05,0.9906375,3.802514780853807e-05,3.802477457672018e-05,4.26279248983974e-05,9.87147735698711e-07,6.396361249762246e-07,0.016821562575885133,0.07305511803697162,0.30073715358275843,0.101325,0.03835
0.1,0.04,1.0,0.001,-0.00099,0.0,0,unit_total_var,0.21468354430379746,2.7749627590410228e-05,0.990525,2.7951146694998143e-05,2.7749627590410228e-05,0.031424703908804474,9.940829981819332e-07,4.6103136244294996e-07,0.016613965752905243,0.0721535364901635,0.30073715358275843,0.101325,0.03835
0.1,0.04,1.0,0.001,-0.00099,0.0,0,unit_total_var,0.2208860759493671,2.0455341934576644e-05,0.9903375,2.062670453458345e-05,2.0455341934576644e-05,0.03623103988910259,9.907534826089637e-07,3.3585773041753776e-07,0.016419071922225918,0.07130712333795332,0.30073715358275843,0.101325,0.03835
0.1,0.04,1.0,0.001,-0.00099,0.0,0,unit_total_var,0.2270886075949367,1.521475262271444e-05,0.990225,1.5363487636738347e-05,1.521475262271444e-05,0.042249197296897016,9.986082184594222e-07,2.470343663128574e-07,0.016236502323675926,0.0705142336458178,0.30073715358275843,0.101325,0.03835
0.1,0.04,1.0,0.001,-0.00099,0.0,0,unit_total_var,0.23329113924050635,1.1411882134149205e-05,0.9901375,1.1539595497427915e-05,1.1411882134149205e-05,0.0483330810378888,9.906184811449628e-07,1.8334051384050294e-07,0.016065755997590456,0.06977269177357606,0.30073715358275843,0.101325,0.03835
0.1,0.04,1.0,0.001,-0.00099,0.0,0,unit_total_var,0.23949367088607595,8.625576863233008e-06,0.9900625,8.736443949333744e-06,8.625576863233008e-06,0.0554654538143069,9.893288438682195e-07,1.372000748708678e-07,0.01590619120857767,0.06907971069983297,0.30073715358275843,0.101325,0.03835
0.1,0.04,1.0,0.001,-0.00099,0.0,0,unit_total_var,0.2456962025316456,6.567226387057597e-06,0.9899,6.6642825332523454e-06,6.567226387057597e-06,0.06371413115601854,9.924246129064743e-07,1.0348022583547073e-07,0.015757066946771474,0.0684320722596297,0.30073715358275843,0.101325,0.03835
0.1,0.04,1.0,0.001,-0.00099,0.0,0,unit_total_var,0.2518987341772152,5.0362838229528624e-06,0.98975,5.120802297560324e-06,5.0362838229528624e-06,0.07227811978448527,9.751397211151674e-07,7.865431945137456e-08,0.015617531143282178,0.06782607596479633,0.30073715358275843,0.101325,0.03835
0.1,0.04,1.0,0.001,-0.00099,0.0,0,unit_total_var,0.2581012658227848,3.888061317368921e-06,0.989675,3.963038301651327e-06,3.888061317368921e-06,0.08295164261247834,9.858325438049514e-07,6.021315278548873e-08,0.015486677773445041,0.06725778700020918,0.30073715358275843,0.101325,0.03835
0.1,0.04,1.0,0.001,-0.00099,0.0,0,unit_total_var,0.2643037974683544,3.022027641767749e-06,0.9895625,3.0880162593596745e-06,3.022027641767749e-06,0.09381145954885284,9.987828181346348e-07,4.642903160391794e-08,0.015363536376113048,0.06672299070665777,0.30073715358275843,0.101325,0.03835
0.1,0.04,1.0,0.001,-0.00099,0.0,0,unit_total_var,0.2705063291139241,2.3655030747849056e-06,0.989375,2.4231115551634103e-06,2.3655030747849056e-06,0.10449891738797136,9.894072589902714e-07,3.6067035166561474e-08,0.0152470886852857,0.06621726481109085,0.30073715358275843,0.101325,0.03835
0.1,0.04,1.0,0.001,-0.00099,0.0,0,unit_total_var,0.2767088607594937,1.864213356325726e-06,0.9892375,1.915441437181221e-06,1.864213356325726e-06,0.1177326318514602,9.834857411887814e-07,2.8217473431367343e-08,0.015136396987833313,0.06573653687713009,0.30073715358275843,0.101325,0.03835
0.1,0.04,1.0,0.001,-0.00099,0.0,0,unit_total_var,0.2829113924050633,1.4791254661894063e-06,0.98905,1.5243954471210182e-06,1.4791254661894063e-06,0.13092628599750356,9.817155475831498e-07,2.223207844361637e-08,0.015030556198110575,0.0652768761677614,0.30073715358275843,0.101325,0.03835
0.1,0.04,1.0,0.001,-0.00099,0.0,0,unit_total_var,0.2891139240506329,1.1814916636499665e-06,0.988825,1.2217546196693334e-06,1.1814916636499665e-06,0.14553328156095802,9.849170465804807e-07,1.7638175776623706e-08,0.014928734852122719,0.06483467168073655,0.30073715358275843,0.101325,0.03835
0.1,0.04,1.0,0.001,-0.00099,0.0,0,unit_total_var,0.2953164556962025,9.500444512461557e-07,0.9886625,9.856325338565156e-07,9.500444512461557e-07,0.15971104498952826,9.929140976749472e-07,1.4089333877500891e-08,0.01483018384984005,0.06440667011596256,0.30073715358275843,0.101325,0.03835
0.1,0.04,1.0,0.001,-0.00099,0.0,0,unit_total_var,0.3015189873417722,7.691822388280152e-07,0.9884,8.010565449561491e-07,7.691822388280152e-07,0.17633925735683675,9.913220256326048e-07,1.1333265471014976e-08,0.014734174684380656,0.06398970760825105,0.30073715358275843,0.101325,0.03835
0.1,0.04,1.0,0.001,-0.00099,0.0,0,unit_total_var,0.3077215189873418,6.267198605233037e-07,0.9882375,6.270759474791852e-07,6.267198605233037e-07,0.0024668547013462216,9.992892776680175e-07,9.175311088593159e-09,0.014640211147819509,0.06358162915396484,0.501639372254715,0.101325,0.03835
0.1,0.04,1.0,0.001,-0.00099,0.0,0,unit_total_var,0.3139240506329114,5.143534293167708e-07,0.98805,5.394007326895926e-07,5.143534293167708e-07,0.2064989231185379,9.729840508759585e-07,7.482574394866332e-09,0.014547534765745872,0.06317914074059147,0.501639372254715,0.101325,0.03835
0.1,0.04,1.0,0.001,-0.00099,0.0,0,unit_total_var,0.320126582278481,4.244300498824576e-07,0.987875,4.471677278299035e-07,4.244300498824576e-07,0.226643282960012,9.816056727777157e-07,6.135621489677965e-09,0.014456142988408045,0.06278223129469998,0.501639372254715,0.101325,0.03835
0.1,0.04,1.0,0.001,-0.00099,0.0,0,unit_total_var,0.3263291139240506,3.522916386403087e-07,0.987675,3.727568465295742e-07,3.522916386403087e-07,0.2452329333476655,9.954124240878822e-07,5.060856472811053e-09,0.014365531047923088,0.06238870863722834,0.501639372254715,0.101325,0.03835
0.1,0.04,1.0,0.001,-0.00099,0.0,0,unit_total_var,0.3325316455696203,2.9430165380810786e-07,0.9875,3.12894357892041e-07,2.9430165380810786e-07,0.2660502942826355,9.889267625496755e-07,4.201210902473683e-09,0.014275186184352803,0.061996345880059575,0.501639372254715,0.101325,0.03835
0.1,0.04,1.0,0.001,-0.00099,0.0,0,unit_total_var,0.3387341772151899,2.471917077686285e-07,0.9873375,2.640429048223148e-07,2.471917077686285e-07,0.2864060399463142,9.900406018400075e-07,3.506438266653432e-09,0.014185096653547372,0.06160509201899906,0.501639372254715,0.101325,0.03835
0.1,0.04,1.0,0.001,-0.00099,0.0,0,unit_total_var,0.3449367088607595,2.087217214933485e-07,0.987125,2.238682906315761e-07,2.087217214933485e-07,0.30424935099647143,9.947558241756374e-07,2.941942391815553e-09,0.014095046604477655,0.06121400962493812,0.501639372254715,0.101325,0.03835
0.1,0.04,1.0,0.001,-0.00099,0.0,0,unit_total_var,0.3511392405063291,1.7729967909029449e-07,0.9869125,1.910329597364417e-07,1.7729967909029449e-07,0.3240035486818442,9.78025007235543e-07,2.483006891599382e-09,0.01400457634407136,0.060821102276230075,0.501639372254715,0.101325,0.03835
0.1,0.04,1.0,0.001,-0.00099,0.0,0,unit_total_var,0.3573417721518987,1.5129788063239953e-07,0.98675,1.6393753555778197e-07,1.5129788063239953e-07,0.3484555762586865,9.728217923234983e-07,2.1051500163295047e-09,0.01391394253197952,0.060427484631576635,0.501639372254715,0.101325,0.03835
0.1,0.04,1.0,0.001,-0.00099,0.0,0,unit_total_var,0.3635443037974684,1.2956709403991654e-07,0.98655,1.4125986601146464e-07,1.2956709403991654e-07,0.3752407155456012,9.951823420386034e-07,1.7910491359542572e-09,0.013823333379711958,0.060033974083179314,0.501639372254715,0.101325,0.03835
0.1,0.04,1.0,0.001,-0.00099,0.0,0,unit_total_var,0.369746835443038,1.1170125204826476e-07,0.986325,1.2230188948862427e-07,1.1170125204826476e-07,0.3937512556281604,9.69268445214866e-07,1.5338298637370255e-09,0.01373153689516637,0.05963530701621665,0.501639372254715,0.101325,0.03835
0.1,0.04,1.0,0.001,-0.00099,0.0,0,unit_total_var,0.3759493670886076,9.654814770739527e-08,0.986175,1.0623197083432118e-07,9.654814770739527e-08,0.41511292478618605,9.8050360628762e-07,1.3169000821490645e-09,0.013639827520463077,0.05923701826249227,0.501639372254715,0.101325,0.03835
0.1,0.04,1.0,0.001,-0.00099,0.0,0,unit_total_var,0.3821518987341772,8.378815478457327e-08,0.9859125,9.280373065838259e-08,8.378815478457327e-08,0.4438280864302868,9.916429792464429e-07,1.1351288812512399e-09,0.013547605674928112,0.05883650387622458,0.501639372254715,0.101325,0.03835
0.1,0.04,1.0,0.001,-0.00099,0.0,0,unit_total_var,0.3883544303797468,7.309754780178293e-08,0.9856625,8.146362175969416e-08,7.309754780178293e-08,0.4706090635356617,9.776816785213437e-07,9.834784151363052e-10,0.013454328424302041,0.05843140592388449,0.501639372254715,0.101325,0.03835
0.1,0.04,1.0,0.001,-0.00099,0.0,0,unit_total_var,0.3945569620253165,6.397960480903999e-08,0.9854125,7.169711187108314e-08,6.397960480903999e-08,0.4946010841877922,9.726438714168122e-07,8.548076557942651e-10,0.01336062731780871,0.05802446718890165,0.501639372254715,0.101325,0.03835
0.1,0.04,1.0,0.001,-0.00099,0.0,0,unit_total_var,0.4007594936708861,5.6146364678293934e-08,0.98505,6.332818858121003e-08,5.6146364678293934e-08,0.5227542364554836,9.820036524692353e-07,7.448773342486292e-10,0.013266706375677376,0.05761657371987373,0.501639372254715,0.101325,0.03835
0.1,0.04,1.0,0.001,-0.00099,0.0,0,unit_total_var,0.4069620253164557,4.947682077125463e-08,0.984775,4.947682077125463e-08,4.950701444847568e-08,0.0026495129801844537,9.78712163845097e-07,6.517037976319774e-10,0.013171901255438156,0.05720484031411305,0.9943945249037256,0.101325,0.03835
0.1,0.04,1.0,0.001,-0.00099,0.0,0,unit_total_var,0.4131645569620253,4.372842197528021e-08,0.984475,4.9141806328018434e-08,4.372842197528021e-08,0.5068731072893087,9.80342921254009e-07,5.718155021565575e-10,0.013076518116290731,0.0567905966041297,0.9943945249037256,0.101325,0.03835
0.1,0.04,1.0,0.001,-0.00099,0.0,0,unit_total_var,0.4193670886075949,3.873196142748201e-08,0.98435,4.457621443668396e-08,3.873196142748201e-08,0.6103369327505419,9.931033885900566e-07,5.027774318801219e-10,0.012980944247336243,0.0563755245651189,0.9943945249037256,0.101325,0.03835
0.1,0.04,1.0,0.001,-0.00099,0.0,0,unit_total_var,0.4255696202531646,3.4420009424801984e-08,0.98415,3.988165394425815e-08,3.4420009424801984e-08,0.6396217586326856,9.998781768676321e-07,4.4348827696843287e-10,0.012884606494293087,0.0559571350196629,0.9943945249037256,0.101325,0.03835
0.1,0.04,1.0,0.001,-0.00099,0.0,0,unit_total_var,0.4317721518987342,3.0744925310522094e-08,0.9839,3.584344738748158e-08,3.0744925310522094e-08,0.6663633067599193,9.768057708734717e-07,3.9312987150700206e-10,0.012786821484729965,0.05553246011900168,0.9943945249037256,0.101325,0.03835
0.1,0.04,1.0,0.001,-0.00099,0.0,0,unit_total_var,0.4379746835443038,2.751927503100541e-08,0.983675,3.2244917538681136e-08,2.751927503100541e-08,0.6882428199356809,9.623981498161445e-07,3.4918406109503965e-10,0.01268870857613876,0.055106361170955305,0.9943945249037256,0.101325,0.03835
0.1,0.04,1.0,0.001,-0.00099,0.0,0,unit_total_var,0.4441772151898734,2.4666055121567126e-08,0.983425,2.915626791135503e-08,2.4666055121567126e-08,0.7263223453476826,9.619039853020126e-07,3.1055869660528386e-10,0.012590529578997915,0.05467997520398466,0.9943945249037256,0.101325,0.03835
0.1,0.04,1.0,0.001,-0.00099,0.0,0,unit_total_var,0.450379746835443,2.210692381962747e-08,0.983125,2.6385712728624077e-08,2.210692381962747e-08,0.7684051512917165,9.90801293070337e-07,2.761700201813239e-10,0.012492467176103823,0.05425409559939389,0.9943945249037256,0.101325,0.03835
0.1,0.04,1.0,0.001,-0.00099,0.0,0,unit_total_var,0.4565822784810127,1.9916838693179637e-08,0.9829375,2.3924029555829484e-08,1.9916838693179637e-08,0.7961392424699625,9.85930978732153e-07,2.468276166347368e-10,0.01239291136696613,0.05382173021389476,0.9943945249037256,0.101325,0.03835
0.1,0.04,1.0,0.001,-0.00099,0.0,0,unit_total_var,0.4627848101265823,1.7977208169025818e-08,0.98255,2.1741624952249947e-08,1.7977208169025818e-08,0.8256975238506641,9.851424205136472e-07,2.2099232358529936e-10,0.01229291675923642,0.05338745915032383,0.9943945249037256,0.101325,0.03835
0.1,0.04,1.0,0.001,-0.00099,0.0,0,unit_total_var,0.4689873417721519,1.625703427963398e-08,0.982225,1.98058126461126e-08,1.625703427963398e-08,0.8575134501939345,9.870817800090436e-07,1.982124556594224e-10,0.012192411743126682,0.05295097141132325,0.9943945249037256,0.101325,0.03835
0.1,0.04,1.0,0.001,-0.00099,0.0,0,unit_total_var,0.4751898734177215,1.4732409822069955e-08,0.9819875,1.8086134165170982e-08,1.4732409822069955e-08,0.8907195673332922,9.889339590633242e-07,1.7813276588036644e-10,0.012091217121418509,0.052511488753261774,0.9943945249037256,0.101325,0.03835
0.1,0.04,1.0,0.001,-0.00099,0.0,0,unit_total_var,0.4813924050632911,1.3387037101429464e-08,0.9815875,1.6555694963688056e-08,1.3387037101429464e-08,0.9226294897573836,9.850904183404902e-07,1.6049692142139187e-10,0.011988980101075096,0.05206747901544804,0.9943945249037256,0.101325,0.03835
0.1,0.04,1.0,0.001,-0.00099,0.0,0,unit_total_var,0.4875949367088608,1.2213217542927269e-08,0.9812125,1.519120692916843e-08,1.2213217542927269e-08,0.9476218672045036,9.54629140330102e-07,1.4518041425209555e-10,0.011887155349670343,0.05162525973888549,0.9943945249037256,0.101325,0.03835
0.1,0.04,1.0,0.001,-0.00099,0.0,0,unit_total_var,0.4937974683544304,1.1114095751807798e-08,0.9809625,1.3911890279194214e-08,1.1114095751807798e-08,0.9751200973475987,9.574628673416345e-07,1.3100579877101687e-10,0.011787355597481487,0.051191834922176174,0.9943945249037256,0.101325,0.03835
0.1,0.04,1.0,0.001,-0.00099,0.0,0,unit_total_var,0.5,1.0041025402889671e-08,0.98045,1.2793808521468686e-08,1.0041025402889671e-08,1.0522178075721058,9.80153820971064e-07,1.1749429695480271e-10,0.011701424131542324,0.05081863930738381,0.9943945249037256,0.101325,0.03835
0.1,0.04,1.0,0.001,-0.001,0.0,0,unit_total_var,0.01,0.948040039450104,0.0,0.948040039450104,0.948040039450104,0.0,9.566378196268488e-07,0.03274973738476668,0.034544677462950465,0.15002562801287014,0.4500768840386105,0.101325,0.03835
0.1,0.04,1.0,0.001,-0.001,0.0,0,unit_total_var,0.016202531645569618,0.948040039450104,0.0,0.948040039450104,0.948040039450104,0.0,8.680602334720787e-07,0.03274973738476668,0.034544677462950465,0.15002562801287014,0.4500768840386105,0.101325,0.03835
0.1,0.04,1.0,0.001,-0.001,0.0,0,unit_total_var,0.02240506329113924,0.948040039450104,0.0,0.948040039450104,0.948040039450104,0.0,9.183746598750986e-07,0.03274973738476668,0.034544677462950465,0.15002562801287014,0.4500768840386105,0.101325,0.03835
0.1,0.04,1.0,0.001,-0.001,0.0,0,unit_total_var,0.028607594936708863,0.948040039450104,0.0,0.948040039450104,0.948040039450104,0.0,9.246958256881045e-07,0.03274973738476668,0.034544677462950465,0.15002562801287014,0.4500768840386105,0.101325,0.03835
0.1,0.04,1.0,0.001,-0.001,0.0,0,unit_total_var,0.03481012658227848,0.948040039450104,0.0,0.948040039450104,0.948040039450104,0.0,7.935571453288048e-07,0.03274973738476668,0.034544677462950465,0.15002562801287014,0.4500768840386105,0.101325,0.03835
0.1,0.04,1.0,0.001,-0.001,0.0,0,unit_total_var,0.0410126582278481,0.948040039450104,0.0,0.948040039450104,0.948040039450104,0.0,9.8405439885596e-07,0.03274973738476668,0.034544677462950465,0.15002562801287014,0.4500768840386105,0.101325,0.03835
0.1,0.04,1.0,0.001,-0.001,0.0,0,unit_total_var,0.047215189873417725,0.948040039450104,0.0,0.948040039450104,0.948040039450104,0.0,9.673457022074672e-07,0.03274973738476668,0.034544677462950465,0.15002562801287014,0.4500768840386105,0.101325,0.03835
0.1,0.04,1.0,0.001,-0.001,0.0,0,unit_total_var,0.05341772151898734,0.948040039450104,0.0,0.948040039450104,0.948040039450104,0.0,9.902685818019563e-07,0.03274973738476668,0.034544677462950465,0.15002562801287014,0.4500768840386105,0.101325,0.03835
0.1,0.04,1.0,0.001,-0.001,0.0,0,unit_total_var,0.05962025316455696,0.948040039450104,0.0,0.948040039450104,0.948040039450104,0.0,7.842254365897361e-07,0.03274973738476668,0.034544677462950465,0.15002562801287014,0.4500768840386105,0.101325,0.03835
0.1,0.04,1.0,0.001,-0.001,0.0,0,unit_total_var,0.06582278481012659,0.948040039450104,0.0,0.948040039450104,0.948040039450104,0.0,8.485721423312498e-07,0.03274973738476668,0.034544677462950465,0.15002562801287014,0.4500768840386105,0.101325,0.03835
0.1,0.04,1.0,0.001,-0.001,0.0,0,unit_total_var,0.0720253164556962,0.948040039450104,0.0,0.948040039450104,0.948040039450104,0.0,9.36561169950778e-07,0.03274973738476668,0.034544677462950465,0.15002562801287014,0.4500768840386105,0.101325,0.03835
0.1,0.04,1.0,0.001,-0.001,0.0,0,unit_total_var,0.07822784810126583,0.948040039450104,0.0,0.948040039450104,0.948040039450104,0.0,7.880449945929512e-07,0.03274973738476668,0.034544677462950465,0.15002562801287014,0.4500768840386105,0.101325,0.03835
0.1,0.04,1.0,0.001,-0.001,0.0,0,unit_total_var,0.08443037974683544,0.948040039450104,0.0,0.948040039450104,0.948040039450104,0.0,8.96347032153244e-07,0.03274973738476668,0.034544677462950465,0.15002562801287014,0.4500768840386105,0.101325,0.03835
0.1,0.04,1.0,0.001,-0.001,0.0,0,unit_total_var,0.09063291139240506,0.948040039450104,0.0,0.948040039450104,0.948040039450104,0.0,7.736626628229716e-07,0.03274973738476668,0.034544677462950465,0.15002562801287014,0.4500768840386105,0.101325,0.03835
0.1,0.04,1.0,0.001,-0.001,0.0,0,unit_total_var,0.09683544303797467,0.948040039450104,0.0,0.948040039450104,0.948040039450104,0.0,8.994039149001767e-07,0.03274973738476668,0.034544677462950465,0.15002562801287014,0.4500768840386105,0.101325,0.03835
0.1,0.04,1.0,0.001,-0.001,0.0,0,unit_total_var,0.1030379746835443,0.948040039450104,0.0,0.948040039450104,0.948040039450104,0.0,7.91121870236111e-07,0.03274973738476668,0.034544677462950465,0.15002562801287014,0.4500768840386105,0.101325,0.03835
0.1,0.04,1.0,0.001,-0.001,0.0,0,unit_total_var,0.10924050632911393,0.948040039450104,0.0,0.948040039450104,0.948040039450104,0.0,8.747294035771347e-07,0.03274973738476668,0.034544677462950465,0.15002562801287014,0.4500768840386105,0.101325,0.03835
0.1,0.04,1.0,0.001,-0.001,0.0,0,unit_total_var,0.11544303797468355,0.948040039450104,0.0,0.948040039450104,0.948040039450104,0.0,8.345691604461082e-07,0.03274973738476668,0.034544677462950465,0.15002562801287014,0.4500768840386105,0.101325,0.03835
0.1,0.04,1.0,0.001,-0.001,0.0,0,unit_total_var,0.12164556962025315,0.948040039450104,0.0,0.948040039450104,0.948040039450104,0.0,9.992829506089151e-07,0.03274973738476668,0.034544677462950465,0.15002562801287014,0.4500768840386105,0.101325,0.03835
0.1,0.04,1.0,0.001,-0.001,0.0,0,unit_total_var,0.12784810126582274,0.948040039450104,0.0,0.948040039450104,0.948040039450104,0.0,9.023228226823221e-07,0.03274973738476668,0.034544677462950465,0.15002562801287014,0.4500768840386105,0.101325,0.03835
0.1,0.04,1.0,0.001,-0.001,0.0,0,unit_total_var,0.1340506329113924,0.948040039450104,0.0,0.948040039450104,0.948040039450104,0.0,8.188217499593975e-07,0.03274973738476668,0.034544677462950465,0.15002562801287014,0.4500768840386105,0.101325,0.03835
0.1,0.04,1.0,0.001,-0.001,0.0,0,unit_total_var,0.14025316455696205,0.948040039450104,0.0,0.948040039450104,0.948040039450104,0.0,9.951985173728417e-07,0.03274973738476668,0.034544677462950465,0.15002562801287014,0.4500768840386105,0.101325,0.03835
0.1,0.04,1.0,0.001,-0.001,0.0,0,unit_total_var,0.14645569620253165,0.948040039450104,0.0,0.948040039450104,0.948040039450104,0.0,9.109033962673151e-07,0.03274973738476668,0.034544677462950465,0.15002562801287014,0.4500768840386105,0.101325,0.03835
0.1,0.04,1.0,0.001,-0.001,0.0,0,unit_total_var,0.15265822784810126,0.948040039450104,0.0,0.948040039450104,0.948040039450104,0.0,8.36883051746895e-07,0.03274973738476668,0.034544677462950465,0.15002562801287014,0.4500768840386105,0.101325,0.03835
0.1,0.04,1.0,0.001,-0.001,0.0,0,unit_total_var,0.1588607594936709,0.948040039450104,0.0,0.948040039450104,0.948040039450104,0.0,7.7153282251885e-07,0.03274973738476668,0.034544677462950465,0.15002562801287014,0.4500768840386105,0.101325,0.03835
0.1,0.04,1.0,0.001,-0.001,0.0,0,unit_total_var,0.1650632911392405,0.948040039450104,0.0,0.948040039450104,0.948040039450104,0.0,9.513993708409884e-07,0.03274973738476668,0.034544677462950465,0.15002562801287014,0.4500768840386105,0.101325,0.03835
0.1,0.04,1.0,0.001,-0.001,0.0,0,unit_total_var,0.17126582278481015,0.948040039450104,0.0,0.948040039450104,0.948040039450104,0.0,8.824879600410894e-07,0.03274973738476668,0.034544677462950465,0.15002562801287014,0.4500768840386105,0.101325,0.03835
0.1,0.04,1.0,0.001,-0.001,0.0,0,unit_total_var,0.17746835443037975,0.948040039450104,0.0,0.948040039450104,0.948040039450104,0.0,8.208019242061937e-07,0.03274973738476668,0.034544677462950465,0.15002562801287014,0.4500768840386105,0.101325,0.03835
0.1,0.04,1.0,0.001,-0.001,0.0,0,unit_total_var,0.18367088607594936,0.948040039450104,0.0,0.948040039450104,0.948040039450104,0.0,7.653652680517098e-07,0.03274973738476668,0.034544677462950465,0.15002562801287014,0.4500768840386105,0.101325,0.03835
0.1,0.04,1.0,0.001,-0.001,0.0,0,unit_total_var,0.18987341772151897,0.948040039450104,0.0,0.948040039450104,0.948040039450104,0.0,9.538152063726102e-07,0.03274973738476668,0.034544677462950465,0.15002562801287014,0.4500768840386105,0.101325,0.03835
0.1,0.04,1.0,0.001,-0.001,0.0,0,unit_total_var,0.1960759493670886,0.948040039450104,0.0,0.948040039450104,0.948040039450104,0.0,8.934705384433529e-07,0.03274973738476668,0.034544677462950465,0.15002562801287014,0.4500768840386105,0.101325,0.03835
0.1,0.04,1.0,0.001,-0.001,0.0,0,unit_total_var,0.20227848101265825,0.948040039450104,0.0,0.948040039450104,0.948040039450104,0.0,8.386769776436155e-07,0.03274973738476668,0.034544677462950465,0.15002562801287014,0.4500768840386105,0.101325,0.03835
0.1,0.04,1.0,0.001,-0.001,0.0,0,unit_total_var,0.20848101265822785,0.948040039450104,0.0,0.948040039450104,0.948040039450104,0.0,8.148325978396542e-07,0.03274973738476668,0.034544677462950465,0.15002562801287014,0.4500768840386105,0.101325,0.03835
0.1,0.04,1.0,0.001,-0.001,0.0,0,unit_total_var,0.21468354430379746,0.948040039450104,0.0,0.948040039450104,0.948040039450104,0.0,9.909282345788029e-07,0.03274973738476668,0.034544677462950465,0.15002562801287014,0.4500768840386105,0.101325,0.03835
0.1,0.04,1.0,0.001,-0.001,0.0,0,unit_total_var,0.2208860759493671,0.948040039450104,0.0,0.948040039450104,0.948040039450104,0.0,9.352772503135044e-07,0.03274973738476668,0.034544677462950465,0.15002562801287014,0.4500768840386105,0.101325,0.03835
0.1,0.04,1.0,0.001,-0.001,0.0,0,unit_total_var,0.2270886075949367,0.948040039450104,0.0,0.948040039450104,0.948040039450104,0.0,8.841862975117466e-07,0.03274973738476668,0.034544677462950465,0.15002562801287014,0.4500768840386105,0.101325,0.03835
0.1,0.04,1.0,0.001,-0.001,0.0,0,unit_total_var,0.23329113924050635,0.948040039450104,0.0,0.948040039450104,0.948040039450104,0.0,8.37170421874589e-07,0.03274973738476668,0.034544677462950465,0.15002562801287014,0.4500768840386105,0.101325,0.03835
0.1,0.04,1.0,0.001,-0.001,0.0,0,unit_total_var,0.23949367088607595,0.948040039450104,0.0,0.948040039450104,0.948040039450104,0.0,7.938074726432377e-07,0.03274973738476668,0.034544677462950465,0.15002562801287014,0.4500768840386105,0.101325,0.03835
0.1,0.04,1.0,0.001,-0.001,0.0,0,unit_total_var,0.2456962025316456,0.948040039450104,0.0,0.948040039450104,0.948040039450104,0.0,7.537285786618497e-07,0.03274973738476668,0.034544677462950465,0.15002562801287014,0.4500768840386105,0.101325,0.03835
0.1,0.04,1.0,0.001,-0.001,0.0,0,unit_total_var,0.2518987341772152,0.948040039450104,0.0,0.948040039450104,0.948040039450104,0.0,9.554803828137892e-07,0.03274973738476668,0.034544677462950465,0.15002562801287014,0.4500768840386105,0.101325,0.03835
0.1,0.04,1.0,0.001,-0.001,0.0,0,unit_total_var,0.2581012658227848,0.948040039450104,0.0,0.948040039450104,0.948040039450104,0.0,9.095573423323343e-07,0.03274973738476668,0.034544677462950465,0.15002562801287014,0.4500768840386105,0.101325,0.03835
0.1,0.04,1.0,0.001,-0.001,0.0,0,unit_total_var,0.2643037974683544,0.948040039450104,0.0,0.948040039450104,0.948040039450104,0.0,8.668673912026749e-07,0.03274973738476668,0.034544677462950465,0.15002562801287014,0.4500768840386105,0.101325,0.03835
0.1,0.04,1.0,0.001,-0.001,0.0,0,unit_total_var,0.2705063291139241,0.948040039450104,0.0,0.948040039450104,0.948040039450104,0.0,8.271139964044494e-07,0.03274973738476668,0.034544677462950465,0.15002562801287014,0.4500768840386105,0.101325,0.03835
0.1,0.04,1.0,0.001,-0.001,0.0,0,unit_total_var,0.2767088607594937,0.948040039450104,0.0,0.948040039450104,0.948040039450104,0.0,7.900338632182979e-07,0.03274973738476668,0.034544677462950465,0.15002562801287014,0.4500768840386105,0.101325,0.03835
0.1,0.04,1.0,0.001,-0.001,0.0,0,unit_total_var,0.2829113924050633,0.948040039450104,0.0,0.948040039450104,0.948040039450104,0.0,7.553925578385191e-07,0.03274973738476668,0.034544677462950465,0.15002562801287014,0.4500768840386105,0.101325,0.03835
0.1,0.04,1.0,0.001,-0.001,0.0,0,unit_total_var,0.2891139240506329,0.948040039450104,0.0,0.948040039450104,0.948040039450104,0.0,9.639743900891062e-07,0.03274973738476668,0.034544677462950465,0.15002562801287014,0.4500768840386105,0.101325,0.03835
0.1,0.04,1.0,0.001,-0.001,0.0,0,unit_total_var,0.2953164556962025,0.948040039450104,0.0,0.948040039450104,0.948040039450104,0.0,9.234816817915714e-07,0.03274973738476668,0.034544677462950465,0.15002562801287014,0.4500768840386105,0.101325,0.03835
0.1,0.04,1.0,0.001,-0.001,0.0,0,unit_total_var,0.3015189873417722,0.948040039450104,0.0,0.948040039450104,0.948040039450104,0.0,8.854878927877509e-07,0.03274973738476668,0.034544677462950465,0.15002562801287014,0.4500768840386105,0.101325,0.03835
0.1,0.04,1.0,0.001,-0.001,0.0,0,unit_total_var,0.3077215189873418,0.948040039450104,0.0,0.948040039450104,0.948040039450104,0.0,9.814191064272393e-07,0.03274973738476668,0.034544677462950465,0.15002562801287014,0.4500768840386105,0.101325,0.03835
0.1,0.04,1.0,0.001,-0.001,0.0,0,unit_total_var,0.3139240506329114,0.948040039450104,0.0,0.948040039450104,0.948040039450104,0.0,8.162110756160245e-07,0.03274973738476668,0.034544677462950465,0.15002562801287014,0.4500768840386105,0.101325,0.03835
0.1,0.04,1.0,0.001,-0.001,0.0,0,unit_total_var,0.320126582278481,0.948040039450104,0.0,0.948040039450104,0.948040039450104,0.0,7.845824936403291e-07,0.03274973738476668,0.034544677462950465,0.15002562801287014,0.4500768840386105,0.101325,0.03835
0.1,0.04,1.0,0.001,-0.001,0.0,0,unit_total_var,0.3263291139240506,0.948040039450104,0.0,0.948040039450104,0.948040039450104,0.0,7.547574023547555e-07,0.03274973738476668,0.034544677462950465,0.15002562801287014,0.4500768840386105,0.101325,0.03835
0.1,0.04,1.0,0.001,-0.001,0.0,0,unit_total_var,0.3325316455696203,0.948040039450104,0.0,0.948040039450104,0.948040039450104,0.0,9.6880166022828e-07,0.03274973738476668,0.034544677462950465,0.15002562801287014,0.4500768840386105,0.101325,0.03835
0.1,0.04,1.0,0.001,-0.001,0.0,0,unit_total_var,0.3387341772151899,0.948040039450104,0.0,0.948040039450104,0.948040039450104,0.0,9.33322375828993e-07,0.03274973738476668,0.034544677462950465,0.15002562801287014,0.4500768840386105,0.101325,0.03835
0.1,0.04,1.0,0.001,-0.001,0.0,0,unit_total_var,0.3449367088607595,0.948040039450104,0.0,0.948040039450104,0.948040039450104,0.0,8.997570208890694e-07,0.03274973738476668,0.034544677462950465,0.15002562801287014,0.4500768840386105,0.101325,0.03835
0.1,0.04,1.0,0.001,-0.001,0.0,0,unit_total_var,0.3511392405063291,0.948040039450104,0.0,0.948040039450104,0.948040039450104,0.0,8.679703635827706e-07,0.03274973738476668,0.034544677462950465,0.15002562801287014,0.4500768840386105,0.101325,0.03835
0.1,0.04,1.0,0.001,-0.001,0.0,0,unit_total_var,0.3573417721518987,0.948040039450104,0.0,0.948040039450104,0.948040039450104,0.0,8.37838908473998e-07,0.03274973738476668,0.034544677462950465,0.15002562801287014,0.4500768840386105,0.101325,0.03835
0.1,0.04,1.0,0.001,-0.001,0.0,0,unit_total_var,0.3635443037974684,0.948040039450104,0.0,0.948040039450104,0.948040039450104,0.0,8.092496983636012e-07,0.03274973738476668,0.034544677462950465,0.15002562801287014,0.4500768840386105,0.101325,0.03835
0.1,0.04,1.0,0.001,-0.001,0.0,0,unit_total_var,0.369746835443038,0.948040039450104,0.0,0.948040039450104,0.948040039450104,0.0,7.820992462548304e-07,0.03274973738476668,0.034544677462950465,0.15002562801287014,0.4500768840386105,0.101325,0.03835
0.1,0.04,1.0,0.001,-0.001,0.0,0,unit_total_var,0.3759493670886076,0.948040039450104,0.0,0.948040039450104,0.948040039450104,0.0,7.562926045423524e-07,0.03274973738476668,0.034544677462950465,0.15002562801287014,0.4500768840386105,0.101325,0.03835
0.1,0.04,1.0,0.001,-0.001,0.0,0,unit_total_var,0.3821518987341772,0.948040039450104,0.0,0.948040039450104,0.948040039450104,0.0,9.756567069807431e-07,0.03274973738476668,0.034544677462950465,0.15002562801287014,0.4500768840386105,0.101325,0.03835
0.1,0.04,1.0,0.001,-0.001,0.0,0,unit_total_var,0.3883544303797468,0.948040039450104,0.0,0.948040039450104,0.948040039450104,0.0,9.444916617695751e-07,0.03274973738476668,0.034544677462950465,0.15002562801287014,0.4500768840386105,0.101325,0.03835
0.1,0.04,1.0,0.001,-0.001,0.0,0,unit_total_var,0.3945569620253165,0.948040039450104,0.0,0.948040039450104,0.948040039450104,0.0,9.147963835332008e-07,0.03274973738476668,0.034544677462950465,0.15002562801287014,0.4500768840386105,0.101325,0.03835
0.1,0.04,1.0,0.001,-0.001,0.0,0,unit_total_var,0.4007594936708861,0.948040039450104,0.0,0.948040039450104,0.948040039450104,0.0,8.864798810570562e-07,0.03274973738476668,0.034544677462950465,0.15002562801287014,0.4500768840386105,0.101325,0.03835
0.1,0.04,1.0,0.001,-0.001,0.0,0,unit_total_var,0.4069620253164557,0.948040039450104,0.0,0.948040039450104,0.948040039450104,0.0,9.894576864510896e-07,0.03274973738476668,0.034544677462950465,0.15002562801287014,0.4500768840386105,0.101325,0.03835
0.1,0.04,1.0,0.001,-0.001,0.0,0,unit_total_var,0.4131645569620253,0.948040039450104,0.0,0.948040039450104,0.948040039450104,0.0,8.33653291287817e-07,0.03274973738476668,0.034544677462950465,0.15002562801287014,0.4500768840386105,0.101325,0.03835
0.1,0.04,1.0,0.001,-0.001,0.0,0,unit_total_var,0.4193670886075949,0.948040039450104,0.0,0.948040039450104,0.948040039450104,0.0,8.08993459777696e-07,0.03274973738476668,0.034544677462950465,0.15002562801287014,0.4500768840386105,0.101325,0.03835
0.1,0.04,1.0,0.001,-0.001,0.0,0,unit_total_var,0.4255696202531646,0.948040039450104,0.0,0.948040039450104,0.948040039450104,0.0,7.854118537764521e-07,0.03274973738476668,0.034544677462950465,0.15002562801287014,0.4500768840386105,0.101325,0.03835
0.1,0.04,1.0,0.001,-0.001,0.0,0,unit_total_var,0.4317721518987342,0.948040039450104,0.0,0.948040039450104,0.948040039450104,0.0,7.628465175102407e-07,0.03274973738476668,0.034544677462950465,0.15002562801287014,0.4500768840386105,0.101325,0.03835
0.1,0.04,1.0,0.001,-0.001,0.0,0,unit_total_var,0.4379746835443038,0.948040039450104,0.0,0.948040039450104,0.948040039450104,0.0,9.883198428539686e-07,0.03274973738476668,0.034544677462950465,0.15002562801287014,0.4500768840386105,0.101325,0.03835
0.1,0.04,1.0,0.001,-0.001,0.0,0,unit_total_var,0.4441772151898734,0.948040039450104,0.0,0.948040039450104,0.948040039450104,0.0,9.60717863485172e-07,0.03274973738476668,0.034544677462950465,0.15002562801287014,0.4500768840386105,0.101325,0.03835
0.1,0.04,1.0,0.001,-0.001,0.0,0,unit_total_var,0.450379746835443,0.948040039450104,0.0,0.948040039450104,0.948040039450104,0.0,9.342562696801339e-07,0.03274973738476668,0.034544677462950465,0.15002562801287014,0.4500768840386105,0.101325,0.03835
0.1,0.04,1.0,0.001,-0.001,0.0,0,unit_total_var,0.4565822784810127,0.948040039450104,0.0,0.948040039450104,0.948040039450104,0.0,9.088730941186896e-07,0.03274973738476668,0.034544677462950465,0.15002562801287014,0.4500768840386105,0.101325,0.03835
0.1,0.04,1.0,0.001,-0.001,0.0,0,unit_total_var,0.4627848101265823,0.948040039450104,0.0,0.948040039450104,0.948040039450104,0.0,8.845105226029659e-07,0.03274973738476668,0.034544677462950465,0.15002562801287014,0.4500768840386105,0.101325,0.03835
0.1,0.04,1.0,0.001,-0.001,0.0,0,unit_total_var,0.4689873417721519,0.948040039450104,0.0,0.948040039450104,0.948040039450104,0.0,8.611145618786509e-07,0.03274973738476668,0.034544677462950465,0.15002562801287014,0.4500768840386105,0.101325,0.03835
0.1,0.04,1.0,0.001,-0.001,0.0,0,unit_total_var,0.4751898734177215,0.948040039450104,0.0,0.948040039450104,0.948040039450104,0.0,8.386347474242939e-07,0.03274973738476668,0.034544677462950465,0.15002562801287014,0.4500768840386105,0.101325,0.03835
0.1,0.04,1.0,0.001,-0.001,0.0,0,unit_total_var,0.4813924050632911,0.948040039450104,0.0,0.948040039450104,0.948040039450104,0.0,8.170238596783007e-07,0.03274973738476668,0.034544677462950465,0.15002562801287014,0.4500768840386105,0.101325,0.03835
0.1,0.04,1.0,0.001,-0.001,0.0,0,unit_total_var,0.4875949367088608,0.948040039450104,0.0,0.948040039450104,0.948040039450104,0.0,7.962376866732512e-07,0.03274973738476668,0.034544677462950465,0.15002562801287014,0.4500768840386105,0.101325,0.03835
0.1,0.04,1.0,0.001,-0.001,0.0,0,unit_total_var,0.4937974683544304,0.948040039450104,0.0,0.948040039450104,0.948040039450104,0.0,7.762347917772415e-07,0.03274973738476668,0.034544677462950465,0.15002562801287014,0.4500768840386105,0.101325,0.03835
0.1,0.04,1.0,0.001,-0.001,0.0,0,unit_total_var,0.5,0.948040039450104,0.0,0.948040039450104,0.948040039450104,0.0,7.569763078585369e-07,0.03274973738476668,0.034544677462950465,0.15002562801287014,0.4500768840386105,0.101325,0.03835
0.1,0.04,1.0,0.001,0.00099,0.0,0,unit_total_var,0.01,0.8611672346999231,0.9995125,0.8611672346999231,0.8611672348758806,8.873701773381982e-10,9.75357451693526e-07,0.027515253657528837,0.03195111535695692,0.13876193090180633,0.4027046054149294,0.101325,0.03835
0.1,0.04,1.0,0.001,0.00099,0.0,0,unit_total_var,0.016202531645569618,0.8005999938243215,0.99955,0.8005999996607056,0.8005999938243215,3.166012285671371e-08,9.516846404267201e-07,0.024467341227206174,0.030561255828057295,0.13272584766158874,0.4027046054149294,0.101325,0.03835
0.1,0.04,1.0,0.001,0.00099,0.0,0,unit_total_var,0.02240506329113924,0.7368062696771512,0.9996,0.7368062827839098,0.7368062696771512,7.725494599597482e-08,9.960427291844098e-07,0.02154889866389743,0.02924635626857461,0.1270153114321853,0.4027046054149294,0.101325,0.03835
0.1,0.04,1.0,0.001,0.00099,0.0,0,unit_total_var,0.028607594936708863,0.6706628795736861,0.9996375,0.6706629021608854,0.6706628795736861,1.4626567490516607e-07,9.083467489290342e-07,0.01874638307673125,0.02795202127281532,0.12139408596826,0.4027046054149294,0.101325,0.03835
0.1,0.04,1.0,0.001,0.00099,0.0,0,unit_total_var,0.03481012658227848,0.6031600897479295,0.999675,0.6031601274292844,0.6031600897479295,2.713177527091659e-07,8.787847711744234e-07,0.01608469115096071,0.026667366465978826,0.11581490103066422,0.4027046054149294,0.101325,0.03835
0.1,0.04,1.0,0.001,0.00099,0.0,0,unit_total_var,0.0410126582278481,0.5353459412511851,0.999725,0.5353459977019946,0.5353459412511851,4.5795198833076256e-07,8.88072760218961e-07,0.013603688833281868,0.02541102450779392,0.11035867723243196,0.4027046054149294,0.101325,0.03835
0.1,0.04,1.0,0.001,0.00099,0.0,0,unit_total_var,0.047215189873417725,0.4682571969584979,0.99975,0.4682572815275902,0.4682571969584979,7.843528520012909e-07,9.318848732675631e-07,0.011336421606381751,0.02420981819396683,0.10514190449520744,0.4027046054149294,0.101325,0.03835
0.1,0.04,1.0,0.001,0.00099,0.0,0,unit_total_var,0.05341772151898734,0.4028968046872185,0.9998,0.4028969244275165,0.4028968046872185,1.2907161917041776e-06,8.941714781940392e-07,0.009301327136219121,0.02308612783226224,0.1002617792606457,0.4027046054149294,0.101325,0.03835
0.1,0.04,1.0,0.001,0.00099,0.0,0,unit_total_var,0.05962025316455696,0.3402767326001931,0.9998,0.340276894812575,0.3402767326001931,2.0703127425747425e-06,8.997433464941195e-07,0.00750528800553934,0.022056424334947557,0.09578983379184322,0.4027046054149294,0.101325,0.03835
0.1,0.04,1.0,0.001,0.00099,0.0,0,unit_total_var,0.06582278481012659,0.28146070465625433,0.999825,0.2814609261024877,0.28146070465625433,3.4169188722898984e-06,9.284518629470995e-07,0.005948003174878678,0.02113262376054564,0.09177781887342516,0.4027046054149294,0.101325,0.03835
0.1,0.04,1.0,0.001,0.00099,0.0,0,unit_total_var,0.0720253164556962,0.2275328631298988,0.99985,0.2275331609767805,0.2275328631298988,5.685032515856393e-06,9.592505008093608e-07,0.004623584809441559,0.02032051434610546,0.08825087249949468,0.4027046054149294,0.101325,0.03835
0.1,0.04,1.0,0.001,0.00099,0.0,0,unit_total_var,0.07822784810126583,0.17946994435773791,0.9998625,0.17947033057990558,0.17946994435773791,9.346076097926924e-06,9.706239927353977e-07,0.00352085154713301,0.01961805671547369,0.08520013777195258,0.4027046054149294,0.101325,0.03835
0.1,0.04,1.0,0.001,0.00099,0.0,0,unit_total_var,0.08443037974683544,0.1379670467659663,0.9998625,0.13796752076649155,0.1379670467659663,1.492062516028625e-05,9.440503476731977e-07,0.0026238183948632237,0.01901771804475898,0.08259290005230724,0.4027046054149294,0.101325,0.03835
0.1,0.04,1.0,0.001,0.00099,0.0,0,unit_total_var,0.09063291139240506,0.10330833250554676,0.9998625,0.10330894081305148,0.10330833250554676,2.5572362694958883e-05,9.747168181473145e-07,0.0019123202203967797,0.018510803281953123,0.08039139720948844,0.4027046054149294,0.101325,0.03835
0.1,0.04,1.0,0.001,0.00099,0.0,0,unit_total_var,0.09683544303797467,0.07534182019533041,0.9998625,0.07534255571873352,0.07534182019533041,4.239772748171333e-05,9.62100952905942e-07,0.0013629409747067502,0.018090098847800648,0.07856430106684194,0.4027046054149294,0.101325,0.03835
0.1,0.04,1.0,0.001,0.00099,0.0,0,unit_total_var,0.1030379746835443,0.05354814718299462,0.9998625,0.05354903952502701,0.05354814718299462,7.237150340877463e-05,9.668615383873205e-07,0.0009504912087179494,0.017750216556882078,0.07708821103241623,0.4027046054149294,0.101325,0.03835
0.1,0.04,1.0,0.001,0.00099,0.0,0,unit_total_var,0.10924050632911393,0.03715540542120077,0.9998625,0.03715540542120077,0.03715540656996063,1.342738826792811e-07,9.768559603440252e-07,0.0006497256481766456,0.01748670592639837,0.07594379890499701,0.2980537616708685,0.101325,0.03835
0.1,0.04,1.0,0.001,0.00099,0.0,0,unit_total_var,0.11544303797468355,0.0252577425400836,0.9998625,0.02525891097390625,0.0252577425400836,0.00020090181214982292,9.93823041195441e-07,0.0004368288317812898,0.017294848543493148,0.07511057287791566,0.2980537616708685,0.101325,0.03835
0.1,0.04,1.0,0.001,0.00099,0.0,0,unit_total_var,0.12164556962025315,0.01691880224498335,0.9998625,0.016919820966953294,0.01691880224498335,0.0002614913304839206,9.771959292859123e-07,0.00029047200218274043,0.017168591368154875,0.0745622449324146,0.2980537616708685,0.101325,0.03835
0.1,0.04,1.0,0.001,0.00099,0.0,0,unit_total_var,0.12784810126582274,0.0112562071247424,0.99985,0.01125708038427356,0.0112562071247424,0.0003369137409983125,9.743150879981677e-07,0.0001924803395749478,0.0170999287274889,0.07426404687287322,0.2980537616708685,0.101325,0.03835
0.1,0.04,1.0,0.001,0.00099,0.0,0,unit_total_var,0.1340506329113924,0.007506203830520367,0.99985,0.007506938838326285,0.007506203830520367,0.0004252405263329706,9.82220688339197e-07,0.00012819817376824222,0.017078962503920554,0.07417299172085241,0.2980537616708685,0.101325,0.03835
0.1,0.04,1.0,0.001,0.00099,0.0,0,unit_total_var,0.14025316455696205,0.005060855819577635,0.999825,0.005061444179616031,0.005060855819577635,0.0005048684950210713,9.653268030485052e-07,8.651378546627728e-05,0.017094694761230617,0.07424131604622883,0.2980537616708685,0.101325,0.03835
0.1,0.04,1.0,0.001,0.00099,0.0,0,unit_total_var,0.14645569620253165,0.0034733192605926233,0.9998,0.0034737971925689216,0.0034733192605926233,0.0005975521549359541,9.800079735500231e-07,5.951961410991312e-05,0.017136234720835246,0.07442172179857658,0.2980537616708685,0.101325,0.03835
0.1,0.04,1.0,0.001,0.00099,0.0,0,unit_total_var,0.15265822784810126,0.0024367506343297425,0.9998,0.002437135393477166,0.0024367506343297425,0.0006856901207008548,9.76900586369123e-07,4.1897189647330096e-05,0.017193876573609438,0.07467205718444167,0.2980537616708685,0.101325,0.03835
0.1,0.04,1.0,0.001,0.00099,0.0,0,unit_total_var,0.1588607594936709,0.0017506753953499105,0.9998,0.0017509879514262998,0.0017506753953499105,0.000775296572964379,9.640775283925596e-07,3.0216165060915345e-05,0.017259718815478064,0.07495800640763851,0.2980537616708685,0.101325,0.03835
0.1,0.04,1.0,0.001,0.00099,0.0,0,unit_total_var,0.1650632911392405,0.0012880480909795787,0.9997875,0.0012883039117330367,0.0012880480909795787,0.0008624717572054407,9.735193926552201e-07,2.2319010282015745e-05,0.017327777152359138,0.07525358000918814,0.2980537616708685,0.101325,0.03835
0.1,0.04,1.0,0.001,0.00099,0.0,0,unit_total_var,0.17126582278481015,0.000969421920333158,0.99975,0.0009696331093537759,0.000969421920333158,0.0009460095278512881,9.838472166401324e-07,1.6861898809036005e-05,0.017393766795825216,0.07554016938938896,0.2980537616708685,0.101325,0.03835
0.1,0.04,1.0,0.001,0.00099,0.0,0,unit_total_var,0.17746835443037975,0.0007451134569960273,0.9997375,0.0007452869793887922,0.0007451134569960273,0.0010112694033743708,9.567371839214191e-07,1.3005781596179413e-05,0.01745476675272119,0.07580508883615154,0.2980537616708685,0.101325,0.03835
0.1,0.04,1.0,0.001,0.00099,0.0,0,unit_total_var,0.18367088607594936,0.0005837620492433425,0.999725,0.0005839073276977595,0.0005837620492433425,0.0010806763055342117,9.838529550637578e-07,1.0221035011659613e-05,0.01750890628280454,0.07604021382783188,0.2980537616708685,0.101325,0.03835
0.1,0.04,1.0,0.001,0.00099,0.0,0,unit_total_var,0.18987341772151897,0.00046530448181585966,0.9997125,0.00046542825441206416,0.00046530448181585966,0.0011550846718222374,9.687812004971486e-07,8.168433645695367e-06,0.017555028943237117,0.07624052199699755,0.2980537616708685,0.101325,0.03835
0.1,0.04,1.0,0.001,0.00099,0.0,0,unit_total_var,0.1960759493670886,0.0003766610451345938,0.999675,0.0003767649402025796,0.0003766610451345938,0.0011977568039114315,9.533421225366155e-07,6.6264185889356045e-06,0.0175925242987837,0.07640336225710635,0.2980537616708685,0.101325,0.03835
0.1,0.04,1.0,0.001,0.00099,0.0,0,unit_total_var,0.20227848101265825,0.00030915024858574867,0.999675,0.00030924173276263787,0.00030915024858574867,0.0012849802291299286,9.622999322805859e-07,5.447580414971224e-06,0.01762114195247116,0.07652764714792118,0.2980537616708685,0.101325,0.03835
0.1,0.04,1.0,0.001,0.00099,0.0,0,unit_total_var,0.20848101265822785,0.00025690100419913857,0.999675,0.00025690100419913857,0.0002569013136787641,5.231790090931554e-06,9.602570389261043e-07,4.5319549069811095e-06,0.01764086100445187,0.07661328590255702,0.3005610772817124,0.101325,0.03835
0.1,0.04,1.0,0.001,0.00099,0.0,0,unit_total_var,0.21468354430379746,0.00021586443899046208,0.999675,0.0002159352250095936,0.00021586443899046208,0.0014239000324920426,9.580243810480837e-07,3.8104028529564554e-06,0.01765183219050182,0.07666093315817127,0.3005610772817124,0.101325,0.03835
0.1,0.04,1.0,0.001,0.00099,0.0,0,unit_total_var,0.2208860759493671,0.00018320035588688505,0.9996625,0.0001832619355994791,0.00018320035588688505,0.0014595624297371046,9.401155728339106e-07,3.234274470860499e-06,0.01765430233583971,0.07667166086306873,0.3005610772817124,0.101325,0.03835
0.1,0.04,1.0,0.001,0.00099,0.0,0,unit_total_var,0.2270886075949367,0.00015687995342687932,0.9996375,0.00015693572431058747,0.00015687995342687932,0.0015436441847000992,9.538705083647623e-07,2.7687119566355064e-06,0.017648602617197896,0.07664690729952334,0.3005610772817124,0.101325,0.03835
0.1,0.04,1.0,0.001,0.00099,0.0,0,unit_total_var,0.23329113924050635,0.00013543368154027543,0.9996375,0.00013548619777721145,0.00013543368154027543,0.00168370901793935,9.991845483572905e-07,2.38838481358886e-06,0.017635087420100882,0.07658821154431263,0.3005610772817124,0.101325,0.03835
0.1,0.04,1.0,0.001,0.00099,0.0,0,unit_total_var,0.23949367088607595,0.00011778342652607514,0.999625,0.00011782971487623868,0.00011778342652607514,0.00170642224719586,9.402453409954048e-07,2.074645784612936e-06,0.017614072249406386,0.07649694381762391,0.3005610772817124,0.101325,0.03835
0.1,0.04,1.0,0.001,0.00099,0.0,0,unit_total_var,0.2456962025316456,0.00010311731619650981,0.999625,0.00010315932362704424,0.00010311731619650981,0.0017688474611432523,9.705867308820726e-07,1.8134218831112797e-06,0.01758600737489576,0.07637505961627117,0.3005610772817124,0.101325,0.03835
0.1,0.04,1.0,0.001,0.00099,0.0,0,unit_total_var,0.2518987341772152,9.082882598234988e-05,0.9996,9.086803822663606e-05,9.082882598234988e-05,0.0018745135371531774,9.548967153175105e-07,1.594155422709536e-06,0.01755120585858191,0.07622391855130146,0.3005610772817124,0.101325,0.03835
0.1,0.04,1.0,0.001,0.00099,0.0,0,unit_total_var,0.2581012658227848,8.045017350216819e-05,0.9996,8.048639285680795e-05,8.045017350216819e-05,0.0019547908196955177,9.582122911314106e-07,1.4086870608748675e-06,0.01751005621929333,0.07604520793854809,0.3005610772817124,0.101325,0.03835
0.1,0.04,1.0,0.001,0.00099,0.0,0,unit_total_var,0.2643037974683544,7.162085478977407e-05,0.9995875,7.165384180075e-05,7.162085478977407e-05,0.0019998056091310445,9.79583825687358e-07,1.2507082859901652e-06,0.0174629064350226,0.07584043902723102,0.3005610772817124,0.101325,0.03835
0.1,0.04,1.0,0.001,0.00099,0.0,0,unit_total_var,0.2705063291139241,6.406039590014002e-05,0.9995875,6.409104522913941e-05,6.406039590014002e-05,0.0020773601287586985,9.440341813549136e-07,1.1152944318612012e-06,0.017410045882322804,0.07561086856375222,0.3005610772817124,0.101325,0.03835
0.1,0.04,1.0,0.001,0.00099,0.0,0,unit_total_var,0.2767088607594937,5.7544158450763805e-05,0.999575,5.7573217690534584e-05,5.7544158450763805e-05,0.0021925912788987034,9.973943062568935e-07,9.984989949745885e-07,0.017351874140777098,0.07535823190019221,0.3005610772817124,0.101325,0.03835
0.1,0.04,1.0,0.001,0.00099,0.0,0,unit_total_var,0.2829113924050633,5.189762785541883e-05,0.999575,5.192565321785282e-05,5.189762785541883e-05,0.002344611040641098,9.887671394773199e-07,8.972373115852997e-07,0.01728859966557442,0.07508343434593374,0.3005610772817124,0.101325,0.03835
0.1,0.04,1.0,0.001,0.00099,0.0,0,unit_total_var,0.2891139240506329,4.697765111212242e-05,0.999575,4.700407508532024e-05,4.697765111212242e-05,0.0024421313624429786,9.922695588943098e-07,8.089809412727786e-07,0.017220548965761803,0.07478789391175099,0.3005610772817124,0.101325,0.03835
0.1,0.04,1.0,0.001,0.00099,0.0,0,unit_total_var,0.2953164556962025,4.2670381062802504e-05,0.99955,4.269368857751029e-05,4.2670381062802504e-05,0.002371565769692552,9.28658938921523e-07,7.317086762456005e-07,0.017147929266642072,0.07447251056569926,0.3005610772817124,0.101325,0.03835
0.1,0.04,1.0,0.001,0.00099,0.0,0,unit_total_var,0.3015189873417722,3.8879731409870676e-05,0.99955,3.890282763824588e-05,3.8879731409870676e-05,0.002579129551321557,9.942391077863433e-07,6.637212694100795e-07,0.017071138234292838,0.07413901134961,0.3005610772817124,0.101325,0.03835
0.1,0.04,1.0,0.001,0.00099,0.0,0,unit_total_var,0.3077215189873418,3.553141893247214e-05,0.99955,3.5531569959211076e-05,3.553141893247214e-05,1.8459701841777587e-05,9.867628224906333e-07,6.036879357382753e-07,0.016990256901521183,0.0737877481844929,0.2990213824566597,0.101325,0.03835
0.1,0.04,1.0,0.001,0.00099,0.0,0,unit_total_var,0.3139240506329114,3.2561409849999596e-05,0.99955,3.258165827709727e-05,3.2561409849999596e-05,0.002699836127391109,9.486719896034668e-07,5.504680142215098e-07,0.016905533782392918,0.07341980035322253,0.2990213824566597,0.101325,0.03835
0.1,0.04,1.0,0.001,0.00099,0.0,0,unit_total_var,0.320126582278481,2.9916541703431758e-05,0.999525,2.993610778913749e-05,2.9916541703431758e-05,0.0028394543697558556,9.190639558079303e-07,5.031127146219376e-07,0.016817208339432666,0.07303620782832954,0.2990213824566597,0.101325,0.03835
0.1,0.04,1.0,0.001,0.00099,0.0,0,unit_total_var,0.3263291139240506,2.7551992657295214e-05,0.999525,2.7571031702539076e-05,2.7551992657295214e-05,0.0030000359069362052,9.772803129179386e-07,4.6082241718461035e-07,0.01672555676522344,0.07263817009896137,0.2990213824566597,0.101325,0.03835
0.1,0.04,1.0,0.001,0.00099,0.0,0,unit_total_var,0.3325316455696203,2.5432390131303426e-05,0.999525,2.5450307682696038e-05,2.5432390131303426e-05,0.0030586011964643944,9.604056755430081e-07,4.229559787397467e-07,0.016630602808312217,0.07222579030374719,0.2990213824566597,0.101325,0.03835
0.1,0.04,1.0,0.001,0.00099,0.0,0,unit_total_var,0.3387341772151899,2.352564208022605e-05,0.9995125,2.354264661310284e-05,2.352564208022605e-05,0.003137983267301081,9.497711450888456e-07,3.889399634811455e-07,0.016532597161633272,0.07180015718826692,0.2990213824566597,0.101325,0.03835
0.1,0.04,1.0,0.001,0.00099,0.0,0,unit_total_var,0.3449367088607595,2.1805227739288347e-05,0.9995,2.1822232647072456e-05,2.1805227739288347e-05,0.0033855456744475987,9.448597497671574e-07,3.5829700442229204e-07,0.016431702007712472,0.07136197510228111,0.2990213824566597,0.101325,0.03835
0.1,0.04,1.0,0.001,0.00099,0.0,0,unit_total_var,0.3511392405063291,2.024853586420093e-05,0.9995,2.0264931679179672e-05,2.024853586420093e-05,0.003515182872313005,9.452854339217499e-07,3.306195130833786e-07,0.016328070103473917,0.0709119074606818,0.2990213824566597,0.101325,0.03835
0.1,0.04,1.0,0.001,0.00099,0.0,0,unit_total_var,0.3573417721518987,1.883620464372441e-05,0.9995,1.885142602174786e-05,1.883620464372441e-05,0.0035080798263322772,9.507721859605688e-07,3.055580004737864e-07,0.016221845443561155,0.07045057962426017,0.2990213824566597,0.101325,0.03835
0.1,0.04,1.0,0.001,0.00099,0.0,0,unit_total_var,0.3635443037974684,1.7551586333639286e-05,0.9995,1.7566459019654088e-05,1.7551586333639286e-05,0.003678522416890928,9.611383114185856e-07,2.828115870322363e-07,0.016113163884805156,0.06997858161173642,0.2990213824566597,0.101325,0.03835
0.1,0.04,1.0,0.001,0.00099,0.0,0,unit_total_var,0.369746835443038,1.638031069727942e-05,0.9995,1.639493699487508e-05,1.638031069727942e-05,0.0038761694909652533,9.76283354173213e-07,2.621202499212815e-07,0.01600215372989333,0.06949647063460213,0.2990213824566597,0.101325,0.03835
0.1,0.04,1.0,0.001,0.00099,0.0,0,unit_total_var,0.3759493670886076,1.5309929834939583e-05,0.9995,1.5324397237170408e-05,1.5309929834939583e-05,0.004102008448654715,9.958199265469594e-07,2.4325849079407195e-07,0.01588893570491219,0.06900477099958917,0.2990213824566597,0.101325,0.03835
0.1,0.04,1.0,0.001,0.00099,0.0,0,unit_total_var,0.3821518987341772,1.4330250164864896e-05,0.9995,1.4344006260450061e-05,1.4330250164864896e-05,0.00416694108811555,9.315631236926636e-07,2.2603792121446343e-07,0.015773480477589034,0.06850335531825585,0.2990213824566597,0.101325,0.03835
0.1,0.04,1.0,0.001,0.00099,0.0,0,unit_total_var,0.3883544303797468,1.3430556998174722e-05,0.9995,1.344431330358476e-05,1.3430556998174722e-05,0.0044460032630055935,9.582066126667677e-07,2.102711464884305e-07,0.01565617468560741,0.06799390273672674,0.2990213824566597,0.101325,0.03835
0.1,0.04,1.0,0.001,0.00099,0.0,0,unit_total_var,0.3945569620253165,1.2603224308517254e-05,0.9994875,1.2616432969241715e-05,1.2603224308517254e-05,0.004549188696188367,9.890913334302531e-07,1.9581612368406178e-07,0.015536986321169363,0.06747627424690159,0.2990213824566597,0.101325,0.03835
0.1,0.04,1.0,0.001,0.00099,0.0,0,unit_total_var,0.4007594936708861,1.1841531515185354e-05,0.9994875,1.1854323403427894e-05,1.1841531515185354e-05,0.004688961031874328,9.350144903538805e-07,1.8254759258495648e-07,0.015415876937105728,0.0669503028748462,0.2990213824566597,0.101325,0.03835
0.1,0.04,1.0,0.001,0.00099,0.0,0,unit_total_var,0.4069620253164557,1.1138070806291597e-05,0.9994625,1.1138223928798482e-05,1.1138070806291597e-05,5.970495594453951e-05,9.717476823559168e-07,1.703363709169774e-07,0.015293166462971216,0.0664173780569627,0.29828493449390125,0.101325,0.03835
0.1,0.04,1.0,0.001,0.00099,0.0,0,unit_total_var,0.4131645569620253,1.048818465838884e-05,0.9994625,1.050012601717723e-05,1.048818465838884e-05,0.004941862037384226,9.242805070162895e-07,1.5909213592321527e-07,0.015168700886284213,0.06587683092554197,0.29828493449390125,0.101325,0.03835
0.1,0.04,1.0,0.001,0.00099,0.0,0,unit_total_var,0.4193670886075949,9.88582244651386e-06,0.9994625,9.897543853493983e-06,9.88582244651386e-06,0.005146285915230918,9.667661901961722e-07,1.4871126268852946e-07,0.015042882217753269,0.06533040739090795,0.29828493449390125,0.101325,0.03835
0.1,0.04,1.0,0.001,0.00099,0.0,0,unit_total_var,0.4255696202531646,9.327633328834276e-06,0.99945,9.339119252062794e-06,9.327633328834276e-06,0.005344554373479582,9.248405044934987e-07,1.3912559831301837e-07,0.014915423174166047,0.06477685979792197,0.29828493449390125,0.101325,0.03835
0.1,0.04,1.0,0.001,0.00099,0.0,0,unit_total_var,0.4317721518987342,8.808613157662808e-06,0.9994375,8.819912652354655e-06,8.808613157662808e-06,0.005567463686880103,9.729713689055758e-07,1.3025103913002096e-07,0.014786781619160182,0.06421817662309698,0.29828493449390125,0.101325,0.03835
0.1,0.04,1.0,0.001,0.00099,0.0,0,unit_total_var,0.4379746835443038,8.326281897834336e-06,0.9994375,8.337429456686631e-06,8.326281897834336e-06,0.00581061915373482,9.357658986401672e-07,1.2203522939301276e-07,0.014656629560518978,0.06365293341433474,0.29828493449390125,0.101325,0.03835
0.1,0.04,1.0,0.001,0.00099,0.0,0,unit_total_var,0.4441772151898734,7.876470156531961e-06,0.999425,7.887508602287253e-06,7.876470156531961e-06,0.006082140730057972,9.897052232563791e-07,1.1440930685531735e-07,0.014525454243032669,0.06308324624887263,0.29828493449390125,0.101325,0.03835
0.1,0.04,1.0,0.001,0.00099,0.0,0,unit_total_var,0.450379746835443,7.457371344692693e-06,0.9994125,7.468324361653738e-06,7.457371344692693e-06,0.006374022054103534,9.56028395135075e-07,1.0733306383013176e-07,0.014392881736608062,0.06250749116894973,0.29828493449390125,0.101325,0.03835
0.1,0.04,1.0,0.001,0.00099,0.0,0,unit_total_var,0.4565822784810127,7.065930652217889e-06,0.9994125,7.0763573590662716e-06,7.065930652217889e-06,0.006403860627841596,9.262492620017159e-07,1.0075449418490967e-07,0.014259196579191497,0.0619269039071659,0.29828493449390125,0.101325,0.03835
0.1,0.04,1.0,0.001,0.00099,0.0,0,unit_total_var,0.4627848101265823,6.6994166188477204e-06,0.9994125,6.709827656977316e-06,6.6994166188477204e-06,0.0067437914114805144,9.866300451528975e-07,9.462724579260381e-08,0.014124699384478556,0.061342790012212926,0.29828493449390125,0.101325,0.03835
0.1,0.04,1.0,0.001,0.00099,0.0,0,unit_total_var,0.4689873417721519,6.356720607925987e-06,0.9994125,6.3671341271394574e-06,6.356720607925987e-06,0.007108749723300889,9.595677303263217e-07,8.892393143892757e-08,0.013988963323014577,0.060753295787322074,0.29828493449390125,0.101325,0.03835
0.1,0.04,1.0,0.001,0.00099,0.0,0,unit_total_var,0.4751898734177215,6.03550347070919e-06,0.9994125,6.0454946081909855e-06,6.03550347070919e-06,0.0071833417026994075,9.352800656500099e-07,8.36055254182071e-08,0.013852286859572162,0.06015971744853114,0.29828493449390125,0.101325,0.03835
0.1,0.04,1.0,0.001,0.00099,0.0,0,unit_total_var,0.4813924050632911,5.734084773696233e-06,0.9994,5.7436957658630075e-06,5.734084773696233e-06,0.007273186353089045,9.141921845871176e-07,7.864140267504837e-08,0.013714726199340015,0.059562299091873265,0.29828493449390125,0.101325,0.03835
0.1,0.04,1.0,0.001,0.00099,0.0,0,unit_total_var,0.4875949367088608,5.450527225023346e-06,0.9994,5.460216612664621e-06,5.450527225023346e-06,0.007713587184262848,9.817897727287114e-07,7.39996300360976e-08,0.013576600387640598,0.05896242631357861,0.29828493449390125,0.101325,0.03835
0.1,0.04,1.0,0.001,0.00099,0.0,0,unit_total_var,0.4937974683544304,5.184309735882539e-06,0.9993875,5.1940902799559935e-06,5.184309735882539e-06,0.008185534518005966,9.63048876550035e-07,6.966375742109898e-08,0.013437421946248728,0.05835798202261476,0.29828493449390125,0.101325,0.03835
0.1,0.04,1.0,0.001,0.00099,0.0,0,unit_total_var,0.5,4.933477293958577e-06,0.9993875,4.943211260241442e-06,4.933477293958577e-06,0.008560377679600606,9.324280006040714e-07,6.560519626230445e-08,0.013297962543101812,0.0577523175302525,0.29828493449390125,0.101325,0.03835
