rho_pt,rho_ft,omega,c_pt,lambda_pt,gamma_reinit,seed,ft_teacher_norm,alpha,mse_best,active_best,mse_fwd,mse_bwd,diff_db,fp_residual,mse_se,mse_rel_se,mse_se_db,reliability_score_db,rho_pt_emp,rho_ft_emp
0.1,0.1,0.0,0.001,0.0,0.0,0,unit_total_var,0.01,1.132092070287929,0.9995625,1.132092070287929,1.1320920706974795,1.5711236756033033e-09,8.030896623267836e-07,0.01789218140597218,0.015804528514559425,0.06863819522955754,0.2963381598136007,0.0988625,0.101325
0.1,0.1,0.0,0.001,0.0,0.0,0,unit_total_var,0.016202531645569618,1.2193215477795087,0.9996,1.2193215676517684,1.2193215477795087,7.078044872432798e-08,5.930562423372975e-07,0.018230764657192883,0.014951564409234546,0.06493381918751616,0.2963381598136007,0.0988625,0.101325
0.1,0.1,0.0,0.001,0.0,0.0,0,unit_total_var,0.02240506329113924,1.3141814981065094,0.999675,1.3141814981329676,1.3141814981065094,8.74356143043542e-11,9.896401635955956e-07,0.0188206008706928,0.014321157996676853,0.06219599892421384,0.2963381598136007,0.0988625,0.101325
0.1,0.1,0.0,0.001,0.0,0.0,0,unit_total_var,0.028607594936708863,1.4108871981578193,0.999675,1.4108871981578193,1.4108872118860567,4.225779259847683e-08,9.557842730600894e-07,0.019570373832269877,0.013870969881803951,0.060240856783136565,0.2963381598136007,0.0988625,0.101325
0.1,0.1,0.0,0.001,0.0,0.0,0,unit_total_var,0.03481012658227848,1.4987060950016713,0.9997375,1.4987060950016713,1.4987061161305881,6.122729390156678e-08,7.979514933253995e-07,0.020302785843879515,0.013546876143088532,0.05883333555970155,0.2963381598136007,0.0988625,0.101325
0.1,0.1,0.0,0.001,0.0,0.0,0,unit_total_var,0.0410126582278481,1.5656251383808009,0.9997375,1.5656251383808009,1.565625145663768,2.020248879297526e-08,8.741481138940798e-07,0.02080638763345146,0.01328950789265547,0.05771559944989981,0.2963381598136007,0.0988625,0.101325
0.1,0.1,0.0,0.001,0.0,0.0,0,unit_total_var,0.047215189873417725,1.6063992567493,0.999825,1.6063993929794431,1.6063992567493,3.6830194360959467e-07,9.748132541176346e-07,0.020975924302885026,0.013057727843656865,0.05670899148694623,0.2963381598136007,0.0988625,0.101325
0.1,0.1,0.0,0.001,0.0,0.0,0,unit_total_var,0.05341772151898734,1.6237982405178348,0.999825,1.6237982492200478,1.6237982405178348,2.3274584926014086e-08,7.903462275749006e-07,0.02084949922690829,0.01283995677951918,0.055763223772214265,0.2963381598136007,0.0988625,0.101325
0.1,0.1,0.0,0.001,0.0,0.0,0,unit_total_var,0.05962025316455696,1.6237251493594005,0.9998375,1.6237251573646068,1.6237251493594005,2.1411364237167163e-08,7.747215100550875e-07,0.020525183857298856,0.012640799377527994,0.054898294165064684,0.2963381598136007,0.0988625,0.101325
0.1,0.1,0.0,0.001,0.0,0.0,0,unit_total_var,0.06582278481012659,1.611641218363259,0.999825,1.6116412487220797,1.611641218363259,8.180895427756242e-08,9.70943119682488e-07,0.02008934501250044,0.012465147195045469,0.054135446429200436,0.2963381598136007,0.0988625,0.101325
0.1,0.1,0.0,0.001,0.0,0.0,0,unit_total_var,0.0720253164556962,1.5915780224926706,0.99985,1.59157806175512,1.5915780224926706,1.0713558928898693e-07,8.514784965996114e-07,0.0195969845898865,0.012312927367013041,0.053474364115692966,0.2963381598136007,0.0988625,0.101325
0.1,0.1,0.0,0.001,0.0,0.0,0,unit_total_var,0.07822784810126583,1.5662796325382966,0.999875,1.5662796860246069,1.5662796325382966,1.4830563221934767e-07,9.02587220963369e-07,0.019078381306091723,0.01218069935262677,0.05290010514568317,0.2963381598136007,0.0988625,0.101325
0.1,0.1,0.0,0.001,0.0,0.0,0,unit_total_var,0.08443037974683544,1.5375651217214488,0.9998625,1.5375651832674784,1.5375651217214488,1.7384044515011965e-07,8.560601045815018e-07,0.018549358726414125,0.012064112579274934,0.052393775222387085,0.2963381598136007,0.0988625,0.101325
0.1,0.1,0.0,0.001,0.0,0.0,0,unit_total_var,0.09063291139240506,1.5066324572285832,0.9998625,1.506632535791902,1.5066324572285832,2.264627643189243e-07,9.29418117578962e-07,0.0180183145299637,0.011959329857467688,0.05193870964359019,0.2963381598136007,0.0988625,0.101325
0.1,0.1,0.0,0.001,0.0,0.0,0,unit_total_var,0.09683544303797467,1.4742697555402868,0.999875,1.47426984229255,1.4742697555402868,2.555572202744827e-07,9.742306090743114e-07,0.017490244135195367,0.011863666109589006,0.05152324726537124,0.2963381598136007,0.0988625,0.101325
0.1,0.1,0.0,0.001,0.0,0.0,0,unit_total_var,0.1030379746835443,1.4409973165185623,0.9998875,1.4409974162047663,1.4409973165185623,3.004389133032248e-07,9.62715477115239e-07,0.016968827979021404,0.011775752657206852,0.0511414439928249,0.2963381598136007,0.0988625,0.101325
0.1,0.1,0.0,0.001,0.0,0.0,0,unit_total_var,0.10924050632911393,1.4071632701713597,0.9998875,1.4071632701713597,1.4071632718631613,5.22142751258059e-09,8.870774923508406e-07,0.016457261965350158,0.011695346456382457,0.050792244299536514,0.2994334822886984,0.0988625,0.101325
0.1,0.1,0.0,0.001,0.0,0.0,0,unit_total_var,0.11544303797468355,1.373005722835771,0.9998625,1.3730058457533592,1.373005722835771,3.887997477303173e-07,8.783809715140478e-07,0.015958292116503098,0.011622888274306131,0.05047756241309161,0.2994334822886984,0.0988625,0.101325
0.1,0.1,0.0,0.001,0.0,0.0,0,unit_total_var,0.12164556962025315,1.3386899805805303,0.999875,1.3386901205848112,1.3386899805805303,4.5419839023175257e-07,8.98982182917507e-07,0.015473869313841326,0.011558964015799231,0.050199942885798585,0.2994334822886984,0.0988625,0.101325
0.1,0.1,0.0,0.001,0.0,0.0,0,unit_total_var,0.12784810126582274,1.3043299177264909,0.9998875,1.3043300771340254,1.3043299177264909,5.307691521849732e-07,9.238632863173278e-07,0.01500484284425743,0.011503870792453793,0.0499606760569067,0.2994334822886984,0.0988625,0.101325
0.1,0.1,0.0,0.001,0.0,0.0,0,unit_total_var,0.1340506329113924,1.2700025415295364,0.9998875,1.2700027234629256,1.2700025415295364,6.221456949617732e-07,9.55145388559231e-07,0.014550989687166031,0.011457449265921502,0.04975906992876171,0.2994334822886984,0.0988625,0.101325
0.1,0.1,0.0,0.001,0.0,0.0,0,unit_total_var,0.14025316455696205,1.2357610873026599,0.999875,1.2357612804468616,1.2357610873026599,6.787837488753112e-07,9.941270739943777e-07,0.01411141642998635,0.0114192108612093,0.04959300264712879,0.2994334822886984,0.0988625,0.101325
0.1,0.1,0.0,0.001,0.0,0.0,0,unit_total_var,0.14645569620253165,1.20164644429643,0.9998875,1.2016466501731442,1.20164644429643,7.440717171292022e-07,8.946569209911104e-07,0.013685061893536498,0.011388592675068558,0.04946002955426067,0.2994334822886984,0.0988625,0.101325
0.1,0.1,0.0,0.001,0.0,0.0,0,unit_total_var,0.15265822784810126,1.167694356442908,0.999875,1.1676945948416595,1.167694356442908,8.866639740201521e-07,9.461162582269369e-07,0.013270967754083714,0.011365103959661529,0.04935801935937799,0.2994334822886984,0.0988625,0.101325
0.1,0.1,0.0,0.001,0.0,0.0,0,unit_total_var,0.1588607594936709,1.1339386585254423,0.9999,1.1339388980507443,1.1339386585254423,9.173733092060488e-07,8.701396430055296e-07,0.012868293931375835,0.01134831574408935,0.04928510906553799,0.2994334822886984,0.0988625,0.101325
0.1,0.1,0.0,0.001,0.0,0.0,0,unit_total_var,0.1650632911392405,1.100411779105802,0.9999,1.100412058821795,1.100411779105802,1.1039421700109744e-06,9.321880423129869e-07,0.012476259124074952,0.011337809500924462,0.04923948103121754,0.2994334822886984,0.0988625,0.101325
0.1,0.1,0.0,0.001,0.0,0.0,0,unit_total_var,0.17126582278481015,1.0671440645164574,0.9999,1.0671443497453816,1.0671440645164574,1.1607929562007513e-06,8.738143266739938e-07,0.012094117834673051,0.0113331631939996,0.04921930237663059,0.2994334822886984,0.0988625,0.101325
0.1,0.1,0.0,0.001,0.0,0.0,0,unit_total_var,0.17746835443037975,1.0341621805700114,0.9999,1.034162516212605,1.0341621805700114,1.409524592266287e-06,9.470163568892076e-07,0.011721155810257155,0.011333962922330678,0.04922277555264267,0.2994334822886984,0.0988625,0.101325
0.1,0.1,0.0,0.001,0.0,0.0,0,unit_total_var,0.18367088607594936,1.0014880999963944,0.9999,1.0014884474538397,1.0014880999963944,1.5067460601893984e-06,9.044084228193584e-07,0.01135666846870057,0.011339793721704187,0.04924809839257268,0.2994334822886984,0.0988625,0.101325
0.1,0.1,0.0,0.001,0.0,0.0,0,unit_total_var,0.18987341772151897,0.9691387115468804,0.9998875,0.9691390993377188,0.9691387115468804,1.7377841326493562e-06,9.921729233752785e-07,0.010999896369873452,0.01135017747079372,0.04929319444188317,0.2994334822886984,0.0988625,0.101325
0.1,0.1,0.0,0.001,0.0,0.0,0,unit_total_var,0.1960759493670886,0.9371269588133176,0.9999,0.9371273929906612,0.9371269588133176,2.0121156366070814e-06,9.658824939862145e-07,0.010649946182385343,0.011364464635476235,0.0493552428097198,0.2994334822886984,0.0988625,0.101325
0.1,0.1,0.0,0.001,0.0,0.0,0,unit_total_var,0.20227848101265825,0.9054633295635178,0.9999,0.9054637919992176,0.9054633295635178,2.2180160674789558e-06,9.54748546000417e-07,0.01030573970784642,0.01138173062493248,0.04943022804917425,0.2994334822886984,0.0988625,0.101325
0.1,0.1,0.0,0.001,0.0,0.0,0,unit_total_var,0.20848101265822785,0.8741571479959553,0.9999,0.8741571513956289,0.8741571479959553,1.689009188066137e-08,9.460661622995304e-07,0.009966032752397479,0.011400733581193105,0.049512756839612634,0.29881775985843595,0.0988625,0.101325
0.1,0.1,0.0,0.001,0.0,0.0,0,unit_total_var,0.21468354430379746,0.8432165162072168,0.9999,0.8432170530875561,0.8432165162072168,2.765174662688885e-06,9.515813315097431e-07,0.009629499966677876,0.01141996128110881,0.04959626167934345,0.29881775985843595,0.0988625,0.101325
0.1,0.1,0.0,0.001,0.0,0.0,0,unit_total_var,0.2208860759493671,0.8126477815980027,0.9999,0.8126483693897675,0.8126477815980027,3.1412702210520393e-06,9.675019092547643e-07,0.009294873700106196,0.011437764195736336,0.04967357875518876,0.29881775985843595,0.0988625,0.101325
0.1,0.1,0.0,0.001,0.0,0.0,0,unit_total_var,0.2270886075949367,0.7824558133620854,0.9998875,0.7824564633500652,0.7824558133620854,3.6076935066020614e-06,9.942131371509786e-07,0.00896111437631804,0.011452550065176958,0.04973779297027079,0.29881775985843595,0.0988625,0.101325
0.1,0.1,0.0,0.001,0.0,0.0,0,unit_total_var,0.23329113924050635,0.7526454190415425,0.9999,0.7526460725800176,0.7526454190415425,3.771072314417978e-06,9.294697349560009e-07,0.008627560307546913,0.011462981224988645,0.049783094921731455,0.29881775985843595,0.0988625,0.101325
0.1,0.1,0.0,0.001,0.0,0.0,0,unit_total_var,0.23949367088607595,0.7232227530722,0.999875,0.7232234915941941,0.7232227530722,4.434814331988335e-06,9.77105930832778e-07,0.008293993970526284,0.011468104308519021,0.04980534419080717,0.29881775985843595,0.0988625,0.101325
0.1,0.1,0.0,0.001,0.0,0.0,0,unit_total_var,0.2456962025316456,0.6941965865723415,0.9999,0.6941973488467508,0.6941965865723415,4.7688420583558155e-06,9.386913890629958e-07,0.007960619307974755,0.011467384688940973,0.04980221892268901,0.29881775985843595,0.0988625,0.101325
0.1,0.1,0.0,0.001,0.0,0.0,0,unit_total_var,0.2518987341772152,0.6655786340803221,0.9999,0.6655794707655736,0.6655786340803221,5.45942343666006e-06,9.140240124771992e-07,0.007627973295758266,0.011460664307979752,0.04977303267901157,0.29881775985843595,0.0988625,0.101325
0.1,0.1,0.0,0.001,0.0,0.0,0,unit_total_var,0.2581012658227848,0.6373837103898841,0.9999,0.6373846354147396,0.6373837103898841,6.302842264993558e-06,9.883819962475116e-07,0.007296801946285077,0.011448052134595134,0.049718258705954095,0.29881775985843595,0.0988625,0.101325
0.1,0.1,0.0,0.001,0.0,0.0,0,unit_total_var,0.2643037974683544,0.6096290200718506,0.9998875,0.6096300064805491,0.6096290200718506,7.027085227040431e-06,9.8259605074702e-07,0.006967908887391999,0.011429752616715595,0.04963878490958835,0.29881775985843595,0.0988625,0.101325
0.1,0.1,0.0,0.001,0.0,0.0,0,unit_total_var,0.2705063291139241,0.5823327227139976,0.9999,0.582333785262974,0.5823327227139976,7.924314024965184e-06,9.872979949143712e-07,0.006642020996374268,0.01140588659592873,0.04953513609826112,0.29881775985843595,0.0988625,0.101325
0.1,0.1,0.0,0.001,0.0,0.0,0,unit_total_var,0.2767088607594937,0.5555139093632995,0.9998625,0.5555150174517036,0.5555139093632995,8.662900988110067e-06,9.210555802496857e-07,0.00631974752472982,0.01137639835512522,0.04940707029564112,0.29881775985843595,0.0988625,0.101325
0.1,0.1,0.0,0.001,0.0,0.0,0,unit_total_var,0.2829113924050633,0.5291935589893103,0.9999,0.5291947256851349,0.5291935589893103,9.574738609963164e-06,9.446664130940974e-07,0.00600164492506714,0.011341114839964205,0.04925383593627534,0.29881775985843595,0.0988625,0.101325
0.1,0.1,0.0,0.001,0.0,0.0,0,unit_total_var,0.2891139240506329,0.5033965909847836,0.9998875,0.5033978793878525,0.5033965909847836,1.1115403585115756e-05,9.746615392547398e-07,0.005688351444707824,0.011299940338451294,0.0490750173482536,0.29881775985843595,0.0988625,0.101325
0.1,0.1,0.0,0.001,0.0,0.0,0,unit_total_var,0.2953164556962025,0.4781529441410274,0.9999,0.4781543180431065,0.4781529441410274,1.247879453059042e-05,9.354348549095447e-07,0.005380690742083914,0.011253074582129777,0.04887148195464703,0.29881775985843595,0.0988625,0.101325
0.1,0.1,0.0,0.001,0.0,0.0,0,unit_total_var,0.3015189873417722,0.4534970078438593,0.9999,0.4534984841264558,0.4534970078438593,1.4137697288418847e-05,9.823753155391302e-07,0.005079688268174196,0.011201150570596822,0.04864597883777659,0.29881775985843595,0.0988625,0.101325
0.1,0.1,0.0,0.001,0.0,0.0,0,unit_total_var,0.3077215189873418,0.4294643465462351,0.9999,0.4294643465462351,0.4294643889428397,4.2873432137824347e-07,9.93626994905128e-07,0.00478645720903584,0.011145179448605384,0.048402899343508436,0.2998421501159297,0.0988625,0.101325
0.1,0.1,0.0,0.001,0.0,0.0,0,unit_total_var,0.3139240506329114,0.4060850609348527,0.9999,0.4060867500932605,0.4060850609348527,1.8064950435547896e-05,9.83126118514477e-07,0.004501967431853226,0.011086267053235592,0.04814704606126041,0.2998421501159297,0.0988625,0.101325
0.1,0.1,0.0,0.001,0.0,0.0,0,unit_total_var,0.320126582278481,0.38337959890429707,0.9999,0.3833813628454014,0.38337959890429707,1.9981974207716746e-05,9.639161078212057e-07,0.00422693173255553,0.011025447740662638,0.04788291114282458,0.2998421501159297,0.0988625,0.101325
0.1,0.1,0.0,0.001,0.0,0.0,0,unit_total_var,0.3263291139240506,0.3613592783872727,0.9999,0.36136119734796784,0.3613592783872727,2.3062693500719433e-05,9.539594729712777e-07,0.003961893786352665,0.01096386345477107,0.04761545398747798,0.2998421501159297,0.0988625,0.101325
0.1,0.1,0.0,0.001,0.0,0.0,0,unit_total_var,0.3325316455696203,0.3400296763894462,0.9998875,0.3400317149910311,0.3400296763894462,2.6037455745253627e-05,9.53270640646764e-07,0.0037073035045594397,0.0109028821952392,0.04735061574233597,0.2998421501159297,0.0988625,0.101325
0.1,0.1,0.0,0.001,0.0,0.0,0,unit_total_var,0.3387341772151899,0.3193941042591749,0.9999,0.31939628977786977,0.3193941042591749,2.9717375782389862e-05,9.613882865355805e-07,0.0034634747961480787,0.010843890823161893,0.0470944194686052,0.2998421501159297,0.0988625,0.101325
0.1,0.1,0.0,0.001,0.0,0.0,0,unit_total_var,0.3449367088607595,0.2994553499244036,0.9999125,0.2994576461995688,0.2994553499244036,3.3302320690431486e-05,9.78016953312455e-07,0.003230523795866364,0.01078799826645908,0.04685168117905025,0.2998421501159297,0.0988625,0.101325
0.1,0.1,0.0,0.001,0.0,0.0,0,unit_total_var,0.3511392405063291,0.28021524439320444,0.9999125,0.2802176825715976,0.28021524439320444,3.7788194485521835e-05,9.493296401208441e-07,0.003008346964267636,0.010735843336368431,0.04662517519562606,0.2998421501159297,0.0988625,0.101325
0.1,0.1,0.0,0.001,0.0,0.0,0,unit_total_var,0.3573417721518987,0.26167315796061186,0.9999125,0.2616758466387282,0.26167315796061186,4.462330335108789e-05,9.847576283306123e-07,0.002796646015305998,0.010687554035354905,0.04641545742597465,0.2998421501159297,0.0988625,0.101325
0.1,0.1,0.0,0.001,0.0,0.0,0,unit_total_var,0.3635443037974684,0.2438284743809589,0.9999125,0.2438313099961568,0.2438284743809589,5.0506196029864725e-05,9.765995439003916e-07,0.0025950426570337994,0.010642902407613355,0.04622153787061314,0.2998421501159297,0.0988625,0.101325
0.1,0.1,0.0,0.001,0.0,0.0,0,unit_total_var,0.369746835443038,0.22668617123253315,0.9999125,0.22668918050977896,0.22668617123253315,5.7652560836451976e-05,9.745358670043558e-07,0.0024032662853740385,0.010601733102231385,0.046042741849101336,0.2998421501159297,0.0988625,0.101325
0.1,0.1,0.0,0.001,0.0,0.0,0,unit_total_var,0.3759493670886076,0.21025724106759303,0.9999125,0.21026044385895207,0.21025724106759303,6.615439320700743e-05,9.75783905121652e-07,0.002221231638594857,0.01056435263449871,0.0458804005404287,0.2998421501159297,0.0988625,0.101325
0.1,0.1,0.0,0.001,0.0,0.0,0,unit_total_var,0.3821518987341772,0.19455188454027275,0.9999125,0.1945553016233472,0.19455188454027275,7.627822750322366e-05,9.8006366433534e-07,0.0020489169459531804,0.010531467997828873,0.04573758437797767,0.2998421501159297,0.0988625,0.101325
0.1,0.1,0.0,0.001,0.0,0.0,0,unit_total_var,0.3883544303797468,0.17957562559873114,0.9999125,0.17957928136799134,0.17957562559873114,8.841201309550684e-05,9.875575407991557e-07,0.0018862394517902047,0.010503872368542272,0.045617738082739466,0.2998421501159297,0.0988625,0.101325
0.1,0.1,0.0,0.001,0.0,0.0,0,unit_total_var,0.3945569620253165,0.165330426865026,0.9999125,0.16533434518207651,0.165330426865026,0.00010292620305030198,9.972704821947789e-07,0.0017330337704924061,0.010482243367745224,0.045523804525787095,0.2998421501159297,0.0988625,0.101325
0.1,0.1,0.0,0.001,0.0,0.0,0,unit_total_var,0.4007594936708861,0.15181755200157498,0.9999125,0.1518215773234522,0.15181755200157498,0.00011514820788427472,9.649101395670099e-07,0.001589061128370746,0.01046691312974313,0.04545722614808137,0.2998421501159297,0.0988625,0.101325
0.1,0.1,0.0,0.001,0.0,0.0,0,unit_total_var,0.4069620253164557,0.1390377157204851,0.9999,0.1390377157204851,0.13903774672319594,9.683922588266114e-07,9.895712100305154e-07,0.0014540076786726107,0.010457649358938548,0.04541699410266089,0.3002674252250636,0.0988625,0.101325
0.1,0.1,0.0,0.001,0.0,0.0,0,unit_total_var,0.4131645569620253,0.12698999207813294,0.9999125,0.12699458768738828,0.12698999207813294,0.00015716290671008434,9.819285582413073e-07,0.0013275232848881141,0.010453763034108473,0.045400116008375034,0.3002674252250636,0.0988625,0.101325
0.1,0.1,0.0,0.001,0.0,0.0,0,unit_total_var,0.4193670886075949,0.11566848425339855,0.9999125,0.11567337166506154,0.11566848425339855,0.00018350124389954203,9.86668903024679e-07,0.0012092109202315685,0.010454108809643536,0.0454016176924436,0.3002674252250636,0.0988625,0.101325
0.1,0.1,0.0,0.001,0.0,0.0,0,unit_total_var,0.4255696202531646,0.10506094785410272,0.9999125,0.10506613776552992,0.10506094785410272,0.00021453206645993816,9.905639882512585e-07,0.0010985903131608653,0.010456695238334122,0.04541285040952517,0.3002674252250636,0.0988625,0.101325
0.1,0.1,0.0,0.001,0.0,0.0,0,unit_total_var,0.4317721518987342,0.09515227692355073,0.9999125,0.0951577691389082,0.09515227692355073,0.00025066872434642557,9.914320265314025e-07,0.0009951817823560694,0.010458833088730388,0.04542213497582751,0.3002674252250636,0.0988625,0.101325
0.1,0.1,0.0,0.001,0.0,0.0,0,unit_total_var,0.4379746835443038,0.08592787678913927,0.9999125,0.0859336504505836,0.08592787678913927,0.000291801119990609,9.864828258709937e-07,0.0008986203139830967,0.010457843805314138,0.04541783857254034,0.3002674252250636,0.0988625,0.101325
0.1,0.1,0.0,0.001,0.0,0.0,0,unit_total_var,0.4441772151898734,0.07737242255180184,0.9999125,0.07737853864822615,0.07737242255180184,0.0003432853545675129,9.744639787867548e-07,0.0008086647130201081,0.010451588387047031,0.04539067163618634,0.3002674252250636,0.0988625,0.101325
0.1,0.1,0.0,0.001,0.0,0.0,0,unit_total_var,0.450379746835443,0.06946772427966846,0.9999125,0.06947413644360341,0.06946772427966846,0.00040085362345010367,9.848182891958322e-07,0.0007251529570959603,0.0104387032195928,0.04533471206494862,0.3002674252250636,0.0988625,0.101325
0.1,0.1,0.0,0.001,0.0,0.0,0,unit_total_var,0.4565822784810127,0.06219309420605994,0.9999125,0.06219983983517952,0.06219309420605994,0.0004710218516912335,9.84058111136443e-07,0.0006479783620009955,0.010418815308562958,0.04524833996478018,0.3002674252250636,0.0988625,0.101325
0.1,0.1,0.0,0.001,0.0,0.0,0,unit_total_var,0.4627848101265823,0.055525799678483916,0.9999125,0.0555330018102216,0.055525799678483916,0.0005632774771697767,9.99491384878759e-07,0.0005770581272368756,0.01039261263373545,0.045134543193893255,0.3002674252250636,0.0988625,0.101325
0.1,0.1,0.0,0.001,0.0,0.0,0,unit_total_var,0.4689873417721519,0.04944061783562813,0.9999125,0.049447986559978487,0.04944061783562813,0.0006472325804391942,9.746302716412414e-07,0.0005122700853245523,0.010361320463827171,0.04499864302671381,0.3002674252250636,0.0988625,0.101325
0.1,0.1,0.0,0.001,0.0,0.0,0,unit_total_var,0.4751898734177215,0.04390717256335877,0.9999125,0.04391505805135965,0.04390717256335877,0.0007798991009746459,9.9549229190532e-07,0.00045338870219300116,0.010326073753411331,0.04484556850832541,0.3002674252250636,0.0988625,0.101325
0.1,0.1,0.0,0.001,0.0,0.0,0,unit_total_var,0.4813924050632911,0.03889235046295828,0.9999125,0.03890048008840709,0.03889235046295828,0.0009077061369779926,9.804647233407906e-07,0.0004001175114753478,0.010287820270889168,0.04467943574459582,0.3002674252250636,0.0988625,0.101325
0.1,0.1,0.0,0.001,0.0,0.0,0,unit_total_var,0.4875949367088608,0.03436232885896904,0.9999125,0.034370835855030785,0.03436232885896904,0.001075038951407592,9.809150059852943e-07,0.00035210925688001766,0.010246955563610246,0.04450196257583755,0.3002674252250636,0.0988625,0.101325
0.1,0.1,0.0,0.001,0.0,0.0,0,unit_total_var,0.4937974683544304,0.030285108383622264,0.9999125,0.03029409207702735,0.030285108383622264,0.0012880884765316125,9.91518980121564e-07,0.0003089991985251868,0.010203007848315607,0.04431110007339038,0.3002674252250636,0.0988625,0.101325
0.1,0.1,0.0,0.001,0.0,0.0,0,unit_total_var,0.5,0.026630446403878755,0.9999125,0.02663978358843965,0.026630446403878755,0.0015224592698093176,9.917437270925975e-07,0.0002704402782468938,0.01015530397595978,0.044103924788094856,0.3002674252250636,0.0988625,0.101325
0.1,0.9,0.0,0.001,0.0,0.0,0,unit_total_var,0.01,1.1181996963011498,0.9996625,1.1181996963011498,1.1181996967391412,1.701102703144386e-09,7.566010964410452e-07,0.005638558143089986,0.005042532350653965,0.021899439747076498,0.2940885352665269,0.0987125,0.9012875
0.1,0.9,0.0,0.001,0.0,0.0,0,unit_total_var,0.016202531645569618,1.1998610692493743,0.9997125,1.1998610849268467,1.1998610692493743,5.674523406717924e-08,9.279916355353636e-07,0.0075699109183984346,0.006308989525874128,0.027399593374725462,0.2940885352665269,0.0987125,0.9012875
0.1,0.9,0.0,0.001,0.0,0.0,0,unit_total_var,0.02240506329113924,1.2879895198866549,0.9997625,1.2879895215713195,1.2879895198866549,5.6804851933378594e-09,8.17539060449235e-07,0.009816024455431876,0.0076211990112277465,0.03309844676062729,0.2940885352665269,0.0987125,0.9012875
0.1,0.9,0.0,0.001,0.0,0.0,0,unit_total_var,0.028607594936708863,1.3774634964512926,0.9997,1.3774634964512926,1.377463505816144,2.9526032951920914e-08,8.092235077583609e-07,0.012053086374293372,0.008750203838682684,0.03800165242668541,0.2940885352665269,0.0987125,0.9012875
0.1,0.9,0.0,0.001,0.0,0.0,0,unit_total_var,0.03481012658227848,1.4590245940215516,0.9998,1.4590245940215516,1.4590246115313878,5.211992482045957e-08,8.835148079811006e-07,0.013996677204240941,0.009593174276563423,0.04166262652247714,0.2940885352665269,0.0987125,0.9012875
0.1,0.9,0.0,0.001,0.0,0.0,0,unit_total_var,0.0410126582278481,1.5224133162266782,0.9997875,1.5224133162266782,1.5224133225667005,1.808600047503717e-08,8.331504588454662e-07,0.015399732891798553,0.010115343006830105,0.043930376504249614,0.2940885352665269,0.0987125,0.9012875
0.1,0.9,0.0,0.001,0.0,0.0,0,unit_total_var,0.047215189873417725,1.5633293698159483,0.99975,1.5633295052030831,1.5633293698159483,3.761068159136015e-07,6.555494573845522e-07,0.016193149141055758,0.01035811739592802,0.04498473227957619,0.2940885352665269,0.0987125,0.9012875
0.1,0.9,0.0,0.001,0.0,0.0,0,unit_total_var,0.05341772151898734,1.584539781636768,0.999825,1.5845398049193675,1.584539781636768,6.381350958761799e-08,8.005533835842015e-07,0.016482719036818267,0.010402212192989096,0.04517623355001888,0.2940885352665269,0.0987125,0.9012875
0.1,0.9,0.0,0.001,0.0,0.0,0,unit_total_var,0.05962025316455696,1.5914329158124418,0.9998125,1.5914329158124418,1.5914329495550923,9.208208950894914e-08,8.135898532657393e-07,0.01642564004603068,0.010321289626993314,0.04482479131128468,0.2940885352665269,0.0987125,0.9012875
0.1,0.9,0.0,0.001,0.0,0.0,0,unit_total_var,0.06582278481012659,1.5888396727667036,0.9998625,1.588839690277681,1.5888396727667036,4.786461982320134e-08,8.993442506266546e-07,0.016154563158349948,0.010167522523036843,0.044156989263819287,0.2940885352665269,0.0987125,0.9012875
0.1,0.9,0.0,0.001,0.0,0.0,0,unit_total_var,0.0720253164556962,1.5802389281149931,0.9999,1.5802389550588851,1.5802389281149931,7.40494572326611e-08,9.037117898458292e-07,0.01576221963786056,0.0099745800191511,0.043319050616197535,0.2940885352665269,0.0987125,0.9012875
0.1,0.9,0.0,0.001,0.0,0.0,0,unit_total_var,0.07822784810126583,1.5679415390238112,0.9998875,1.5679415712828657,1.5679415390238112,8.935236905927012e-08,8.195121630194534e-07,0.015308410610375004,0.009763380986708156,0.04240182487246477,0.2940885352665269,0.0987125,0.9012875
0.1,0.9,0.0,0.001,0.0,0.0,0,unit_total_var,0.08443037974683544,1.5534380364138405,0.999825,1.5534380791551283,1.5534380364138405,1.1949176492720426e-07,9.994475576036166e-07,0.014830092324994316,0.009546626242801443,0.0414604709804144,0.2940885352665269,0.0987125,0.9012875
0.1,0.9,0.0,0.001,0.0,0.0,0,unit_total_var,0.09063291139240506,1.5376809146286805,0.99985,1.5376809643035774,1.5376809146286805,1.4029915518243286e-07,9.000599199282534e-07,0.014349412863137269,0.00933185339469624,0.040527724352467036,0.2940885352665269,0.0987125,0.9012875
0.1,0.9,0.0,0.001,0.0,0.0,0,unit_total_var,0.09683544303797467,1.521277323489805,0.9998,1.5212773772478454,1.521277323489805,1.5346853299291752e-07,9.580091084870899e-07,0.013879216218541041,0.009123396506497688,0.0396224075898735,0.2940885352665269,0.0987125,0.9012875
0.1,0.9,0.0,0.001,0.0,0.0,0,unit_total_var,0.1030379746835443,1.5046135783123318,0.9998,1.5046136355603892,1.5046135783123318,1.652418606390427e-07,8.555161592482818e-07,0.013426596100580732,0.008923617528190084,0.03875477851108089,0.2940885352665269,0.0987125,0.9012875
0.1,0.9,0.0,0.001,0.0,0.0,0,unit_total_var,0.10924050632911393,1.487934193087468,0.999875,1.4879341993423858,1.487934193087468,1.825669615485026e-08,9.989430100887377e-07,0.012995127149465876,0.008733670621884794,0.03792984957845106,0.3005842264149379,0.0987125,0.9012875
0.1,0.9,0.0,0.001,0.0,0.0,0,unit_total_var,0.11544303797468355,1.471392129211493,0.9999625,1.4713922036567202,1.471392129211493,2.1973170749589602e-07,9.976167198999521e-07,0.012586252504663687,0.008553975690632895,0.037149444407764236,0.3005842264149379,0.0987125,0.9012875
0.1,0.9,0.0,0.001,0.0,0.0,0,unit_total_var,0.12164556962025315,1.4550808054194635,0.999925,1.455080885219002,1.4550808054194635,2.3817576355611444e-07,9.887204779346348e-07,0.012200141052009195,0.008384511022734712,0.03641346870630675,0.3005842264149379,0.0987125,0.9012875
0.1,0.9,0.0,0.001,0.0,0.0,0,unit_total_var,0.12784810126582274,1.4390547530715991,0.9998875,1.4390548377773165,1.4390547530715991,2.5563464145506027e-07,9.755305239167456e-07,0.011836219947087848,0.008224996249672888,0.035720704849078765,0.3005842264149379,0.0987125,0.9012875
0.1,0.9,0.0,0.001,0.0,0.0,0,unit_total_var,0.1340506329113924,1.4233430092878772,0.999875,1.423343098608434,1.4233430092878772,2.725374250722723e-07,9.602781432249685e-07,0.011493505356431502,0.008075007416646462,0.03506931162377391,0.3005842264149379,0.0987125,0.9012875
0.1,0.9,0.0,0.001,0.0,0.0,0,unit_total_var,0.14025316455696205,1.4079578911765482,0.9999,1.4079579849522963,1.4079578911765482,2.892578598867601e-07,9.444650590495486e-07,0.01117080830519063,0.007934049999077628,0.034457141337439136,0.3005842264149379,0.0987125,0.9012875
0.1,0.9,0.0,0.001,0.0,0.0,0,unit_total_var,0.14645569620253165,1.3929007900126409,0.999925,1.3929008983076943,1.3929007900126409,3.3765464557689034e-07,9.290912430515164e-07,0.0108668616026711,0.007801604881401844,0.03388193949982293,0.3005842264149379,0.0987125,0.9012875
0.1,0.9,0.0,0.001,0.0,0.0,0,unit_total_var,0.15265822784810126,1.3781660276872947,0.9999,1.3781661408151988,1.3781660276872947,3.564942208100774e-07,9.148145618809168e-07,0.010580395968127885,0.007677156275490902,0.03334146607154618,0.3005842264149379,0.0987125,0.9012875
0.1,0.9,0.0,0.001,0.0,0.0,0,unit_total_var,0.1588607594936709,1.3637434425587915,0.999925,1.3637435606547113,1.3637434425587915,3.760854312417905e-07,9.020608136012244e-07,0.010310183084649056,0.0075602072669211625,0.03283356298068725,0.3005842264149379,0.0987125,0.9012875
0.1,0.9,0.0,0.001,0.0,0.0,0,unit_total_var,0.1650632911392405,1.3496201356854518,0.9998625,1.3496202589635764,1.3496201356854518,3.966968586954777e-07,8.910987006061077e-07,0.010055057308814012,0.00745028696812322,0.03235618518851622,0.3005842264149379,0.0987125,0.9012875
0.1,0.9,0.0,0.001,0.0,0.0,0,unit_total_var,0.17126582278481015,1.335781658099893,0.9999625,1.335781786845749,1.335781658099893,4.185834718839487e-07,8.820906467477129e-07,0.0098139241245927,0.007346952299489347,0.0319074084247463,0.3005842264149379,0.0987125,0.9012875
0.1,0.9,0.0,0.001,0.0,0.0,0,unit_total_var,0.17746835443037975,1.3222128227393741,0.9999375,1.3222129573043255,1.3222128227393741,4.4199248394605206e-07,8.751272257967457e-07,0.009585760988156887,0.00724978673879218,0.031485423756328144,0.3005842264149379,0.0987125,0.9012875
0.1,0.9,0.0,0.001,0.0,0.0,0,unit_total_var,0.18367088607594936,1.3088982612919478,0.9999375,1.308898402089391,1.3088982612919478,4.671680846612958e-07,8.702507470204069e-07,0.00936961439856445,0.00715839777288433,0.031088526520321912,0.3005842264149379,0.0987125,0.9012875
0.1,0.9,0.0,0.001,0.0,0.0,0,unit_total_var,0.18987341772151897,1.295822804837708,0.9999625,1.2958229523406306,1.295822804837708,4.943554121616954e-07,8.674716180934183e-07,0.009164595620952844,0.007072414211834031,0.030715104659336558,0.3005842264149379,0.0987125,0.9012875
0.1,0.9,0.0,0.001,0.0,0.0,0,unit_total_var,0.1960759493670886,1.2829717404754013,0.9999375,1.2829718952150932,1.2829717404754013,5.238041351773859e-07,8.667800370787405e-07,0.008969876410208162,0.00699148401108539,0.030363629263291975,0.3005842264149379,0.0987125,0.9012875
0.1,0.9,0.0,0.001,0.0,0.0,0,unit_total_var,0.20227848101265825,1.270330972849628,0.999875,1.2703311417680712,1.270330972849628,5.774899956012547e-07,9.37651176258214e-07,0.008784685217651524,0.006915272795361015,0.030032648158809638,0.3005842264149379,0.0987125,0.9012875
0.1,0.9,0.0,0.001,0.0,0.0,0,unit_total_var,0.20848101265822785,1.2578871567693155,0.9999375,1.2578871567693155,1.2578871596035244,9.785306898102421e-09,9.011220578614143e-07,0.00860830453711542,0.006843463255658393,0.02972078329040102,0.29553522570336,0.0987125,0.9012875
0.1,0.9,0.0,0.001,0.0,0.0,0,unit_total_var,0.21468354430379746,1.2456277048831554,0.9998875,1.2456278851041267,1.2456277048831554,6.283496054582115e-07,8.769839414668469e-07,0.008440067596465898,0.006775754556019295,0.029426728144099967,0.29553522570336,0.0987125,0.9012875
0.1,0.9,0.0,0.001,0.0,0.0,0,unit_total_var,0.2208860759493671,1.2335408458424582,0.9998875,1.2335410360155752,1.2335408458424582,6.69545149101225e-07,8.843824259585631e-07,0.00827935642570014,0.006711862402939464,0.029149248048905087,0.29553522570336,0.0987125,0.9012875
0.1,0.9,0.0,0.001,0.0,0.0,0,unit_total_var,0.2270886075949367,1.2216156187540692,0.99995,1.2216158197143097,1.2216156187540692,7.144302592854145e-07,8.937365132410946e-07,0.00812559929941917,0.006651518836756936,0.028887179270790733,0.29553522570336,0.0987125,0.9012875
0.1,0.9,0.0,0.001,0.0,0.0,0,unit_total_var,0.23329113924050635,1.209841844416027,0.9999625,1.209842057068082,1.209841844416027,7.633527174810696e-07,9.050290241674477e-07,0.007978267928547637,0.006594471802550878,0.02863942714914437,0.29553522570336,0.0987125,0.9012875
0.1,0.9,0.0,0.001,0.0,0.0,0,unit_total_var,0.23949367088607595,1.198210092924986,0.9999,1.1982103182481,1.198210092924986,8.166896307004734e-07,9.182518390105088e-07,0.007836874553780527,0.006540484511067421,0.02840496332130268,0.29553522570336,0.0987125,0.9012875
0.1,0.9,0.0,0.001,0.0,0.0,0,unit_total_var,0.2456962025316456,1.186711637813859,0.99995,1.186711876868326,1.186711637813859,8.748547015713369e-07,9.334080219858265e-07,0.0077009688072666406,0.006489334529029515,0.02818282177181755,0.29553522570336,0.0987125,0.9012875
0.1,0.9,0.0,0.001,0.0,0.0,0,unit_total_var,0.2518987341772152,1.1753384029395124,0.999925,1.1753386568745785,1.1753384029395124,9.38304965392156e-07,9.505136127074819e-07,0.007570134485464053,0.006440812677039399,0.02797209404610721,0.29553522570336,0.0987125,0.9012875
0.1,0.9,0.0,0.001,0.0,0.0,0,unit_total_var,0.2581012658227848,1.1640829055426931,0.9999375,1.1640831531835028,1.1640829055426931,9.238948966983074e-07,9.695988483215956e-07,0.007443986367487995,0.006394721829556997,0.0277719240388287,0.29553522570336,0.0987125,0.9012875
0.1,0.9,0.0,0.001,0.0,0.0,0,unit_total_var,0.2643037974683544,1.1529381988741279,0.9999875,1.1529384627125792,1.1529381988741279,9.93839655238915e-07,9.907079823179288e-07,0.007322167223775875,0.006350875728574305,0.027581502841731144,0.29553522570336,0.0987125,0.9012875
0.1,0.9,0.0,0.001,0.0,0.0,0,unit_total_var,0.2705063291139241,1.1418978417619872,0.999925,1.1418980988401828,1.1418978417619872,9.777374579966749e-07,8.503878552446055e-07,0.0072043454164703894,0.006309098023474533,0.02740006457381702,0.29553522570336,0.0987125,0.9012875
0.1,0.9,0.0,0.001,0.0,0.0,0,unit_total_var,0.2767088607594937,1.1309557528765786,0.99995,1.1309560275518449,1.1309557528765786,1.0547710436181743e-06,8.72736342749647e-07,0.00709021163173386,0.0062692210669603576,0.027226881152125,0.29553522570336,0.0987125,0.9012875
0.1,0.9,0.0,0.001,0.0,0.0,0,unit_total_var,0.2829113924050633,1.12010630866454,0.9998875,1.1201066024624335,1.12010630866454,1.139131047211972e-06,8.970343361447418e-07,0.006979478708725928,0.006231085973479868,0.027061262545470584,0.29553522570336,0.0987125,0.9012875
0.1,0.9,0.0,0.001,0.0,0.0,0,unit_total_var,0.2891139240506329,1.109344212722229,0.999975,1.1093445273122802,1.109344212722229,1.2315808052831836e-06,9.233734830083051e-07,0.006871879394238812,0.0061945420685756755,0.02690255438299971,0.29553522570336,0.0987125,0.9012875
0.1,0.9,0.0,0.001,0.0,0.0,0,unit_total_var,0.2953164556962025,1.098664486694631,0.9999625,1.0986648239053065,1.098664486694631,1.332970300416125e-06,9.51856147679564e-07,0.006767165802083674,0.006159447114234957,0.02675013893287149,0.29553522570336,0.0987125,0.9012875
0.1,0.9,0.0,0.001,0.0,0.0,0,unit_total_var,0.3015189873417722,1.0880624544271795,0.9999625,1.0880627755669894,1.0880624544271795,1.2818126954305953e-06,9.159062495101013e-07,0.006665109031432196,0.006125667698864863,0.026603436795900003,0.29553522570336,0.0987125,0.9012875
0.1,0.9,0.0,0.001,0.0,0.0,0,unit_total_var,0.3077215189873418,1.0775336718797806,0.99995,1.0775336718797806,1.0775336857543958,5.592093271777898e-08,9.318159839288851e-07,0.006565498343042154,0.006093079515175151,0.026461908112383085,0.2954533453065621,0.0987125,0.9012875
0.1,0.9,0.0,0.001,0.0,0.0,0,unit_total_var,0.3139240506329114,1.0670739769976263,0.9999125,1.0670743306291814,1.0670739769976263,1.4392648569061528e-06,8.896982532924368e-07,0.0064681414699674904,0.006061567997531514,0.0263250553300928,0.2954533453065621,0.0987125,0.9012875
0.1,0.9,0.0,0.001,0.0,0.0,0,unit_total_var,0.320126582278481,1.0566793792432172,0.99995,1.0566797603616314,1.0566793792432172,1.5663937209531298e-06,9.233444879797048e-07,0.0063728631570108656,0.0060310282212330535,0.026192422766842992,0.2954533453065621,0.0987125,0.9012875
0.1,0.9,0.0,0.001,0.0,0.0,0,unit_total_var,0.3263291139240506,1.0463461235956082,0.9999375,1.0463465347513643,1.0463461235956082,1.7065351222977918e-06,9.59510110920547e-07,0.006279505134990868,0.0060013651251579255,0.02606359757742705,0.2954533453065621,0.0987125,0.9012875
0.1,0.9,0.0,0.001,0.0,0.0,0,unit_total_var,0.3325316455696203,1.0360706158143609,0.9999,1.0360710260886128,1.0360706158143609,1.7197650978018062e-06,9.983688600279095e-07,0.006187924455392435,0.005972492956504389,0.02593820734215893,0.2954533453065621,0.0987125,0.9012875
0.1,0.9,0.0,0.001,0.0,0.0,0,unit_total_var,0.3387341772151899,1.0258494522687351,0.999975,1.0258498605850892,1.0258494522687351,1.728611384019252e-06,8.84833292857934e-07,0.006097992554906511,0.0059443347573275886,0.02581591783693076,0.2954533453065621,0.0987125,0.9012875
0.1,0.9,0.0,0.001,0.0,0.0,0,unit_total_var,0.3449367088607595,1.0156792631617204,0.9999375,1.0156797055935731,1.0156792631617204,1.8917947571389648e-06,9.24229333509885e-07,0.006009592414100875,0.0059168210202436775,0.025696427195009967,0.2954533453065621,0.0987125,0.9012875
0.1,0.9,0.0,0.001,0.0,0.0,0,unit_total_var,0.3511392405063291,1.0055569026333238,0.9999,1.005557382524101,1.0055569026333238,2.0726213129963755e-06,9.665843370143534e-07,0.0059226187975912606,0.005889889256471985,0.025579464031070292,0.2954533453065621,0.0987125,0.9012875
0.1,0.9,0.0,0.001,0.0,0.0,0,unit_total_var,0.3573417721518987,0.9954793395205044,0.9999375,0.995479784595762,0.9954793395205044,1.9417146840498838e-06,8.64533717948035e-07,0.005836975755132228,0.0058634825690543615,0.02546478124476212,0.2954533453065621,0.0987125,0.9012875
0.1,0.9,0.0,0.001,0.0,0.0,0,unit_total_var,0.3635443037974684,0.985443533124272,0.9999375,0.9854440175486978,0.985443533124272,2.1349047031882233e-06,9.076325748758051e-07,0.005752574195596772,0.005837548273678031,0.02535215003102222,0.2954533453065621,0.0987125,0.9012875
0.1,0.9,0.0,0.001,0.0,0.0,0,unit_total_var,0.369746835443038,0.9754466443111076,0.9999625,0.9754471721168184,0.9754466443111076,2.34992910262688e-06,9.54045967116457e-07,0.005669332650132453,0.00581203767853066,0.025241358923996517,0.2954533453065621,0.0987125,0.9012875
0.1,0.9,0.0,0.001,0.0,0.0,0,unit_total_var,0.3759493670886076,0.9654859310678416,0.9999375,0.9654864248409064,0.9654859310678416,2.221087389286946e-06,8.611952631021325e-07,0.0055871755316395395,0.005786905175780285,0.025132209851387446,0.2954533453065621,0.0987125,0.9012875
0.1,0.9,0.0,0.001,0.0,0.0,0,unit_total_var,0.3821518987341772,0.9555586252704724,0.9999125,0.955559165140734,0.9555586252704724,2.4536705862665538e-06,9.086810592862093e-07,0.005506031611204381,0.005762107594022178,0.02502451532216653,0.2954533453065621,0.0987125,0.9012875
0.1,0.9,0.0,0.001,0.0,0.0,0,unit_total_var,0.3883544303797468,0.9456621719132516,0.999975,0.9456627627893684,0.9456621719132516,2.7135922782695054e-06,9.59902392239087e-07,0.005425835861291711,0.005737604847103304,0.02491810124438315,0.2954533453065621,0.0987125,0.9012875
0.1,0.9,0.0,0.001,0.0,0.0,0,unit_total_var,0.3945569620253165,0.9357941294860548,0.99995,0.9357946870959356,0.9357941294860548,2.5878215568209133e-06,8.744263766402582e-07,0.005346528571858947,0.0057133598121579384,0.02481280639547992,0.2954533453065621,0.0987125,0.9012875
0.1,0.9,0.0,0.001,0.0,0.0,0,unit_total_var,0.4007594936708861,0.9259520605943424,0.9999875,0.9259526576829936,0.9259520605943424,2.8004929606972873e-06,8.805037547965355e-07,0.005268054522310843,0.005689338300008132,0.024708482293743592,0.2954533453065621,0.0987125,0.9012875
0.1,0.9,0.0,0.001,0.0,0.0,0,unit_total_var,0.4069620253164557,0.9161337269693433,0.99995,0.9161337370337901,0.9161337269693433,4.7710651540633364e-08,9.839171530856559e-07,0.00519036466151772,0.005665509858138218,0.024604996685579028,0.29803462177215834,0.0987125,0.9012875
0.1,0.9,0.0,0.001,0.0,0.0,0,unit_total_var,0.4131645569620253,0.9063371410283168,0.9999125,0.9063377815801174,0.9063371410283168,3.069365707653038e-06,9.042290805005848e-07,0.005113416456685653,0.005641848077509044,0.02450223487798647,0.29803462177215834,0.0987125,0.9012875
0.1,0.9,0.0,0.001,0.0,0.0,0,unit_total_var,0.4193670886075949,0.8965602770309878,0.99995,0.8965609832376791,0.8965602770309878,3.420869250592151e-06,9.627989965288464e-07,0.005037171382321251,0.005618329867348284,0.02440009658901588,0.29803462177215834,0.0987125,0.9012875
0.1,0.9,0.0,0.001,0.0,0.0,0,unit_total_var,0.4255696202531646,0.8868014998631432,0.9999,0.8868021758288034,0.8868014998631432,3.3104143863926794e-06,8.901513695036556e-07,0.004961598119910307,0.005594936545186282,0.024298500681732445,0.29803462177215834,0.0987125,0.9012875
0.1,0.9,0.0,0.001,0.0,0.0,0,unit_total_var,0.4317721518987342,0.8770591764109955,0.9999875,0.8770599236176769,0.8770591764109955,3.6999510304447374e-06,9.505686522359724e-07,0.004886669097296422,0.0055716526646390156,0.02419738007334273,0.29803462177215834,0.0987125,0.9012875
0.1,0.9,0.0,0.001,0.0,0.0,0,unit_total_var,0.4379746835443038,0.8673320782410605,0.9999625,0.8673327972916055,0.8673320782410605,3.600461256803023e-06,8.838091891671951e-07,0.00481236337649624,0.005548466956572917,0.024096685822621467,0.29803462177215834,0.0987125,0.9012875
0.1,0.9,0.0,0.001,0.0,0.0,0,unit_total_var,0.4441772151898734,0.8576189855381513,0.999975,0.8576197821208938,0.8576189855381513,4.033858095886522e-06,9.461562986423643e-07,0.004738663282890115,0.005525371246202798,0.02399638242692769,0.29803462177215834,0.0987125,0.9012875
0.1,0.9,0.0,0.001,0.0,0.0,0,unit_total_var,0.450379746835443,0.8479190951443445,0.9999,0.8479198654910528,0.8479190951443445,3.945626115831047e-06,8.843180896445091e-07,0.004665557522377882,0.005502361662917435,0.023896453076410418,0.29803462177215834,0.0987125,0.9012875
0.1,0.9,0.0,0.001,0.0,0.0,0,unit_total_var,0.4565822784810127,0.8382315957538149,0.9999375,0.8382324506729215,0.8382315957538149,4.429401886274498e-06,9.486863665753021e-07,0.00459303798246999,0.005479437909208742,0.023796896479008477,0.29803462177215834,0.0987125,0.9012875
0.1,0.9,0.0,0.001,0.0,0.0,0,unit_total_var,0.4627848101265823,0.8285560827344681,0.9999375,0.8285569132387329,0.8285560827344681,4.35315419378135e-06,8.909943505219786e-07,0.004521103235648468,0.005456604965988006,0.02369773426654472,0.29803462177215834,0.0987125,0.9012875
0.1,0.9,0.0,0.001,0.0,0.0,0,unit_total_var,0.4689873417721519,0.8188920992240911,0.999925,0.818893022208391,0.8188920992240911,4.894988763548547e-06,9.575339581235909e-07,0.0044497554424537305,0.0054338727247093,0.023599009397058363,0.29803462177215834,0.0987125,0.9012875
0.1,0.9,0.0,0.001,0.0,0.0,0,unit_total_var,0.4751898734177215,0.8092395611803079,0.99995,0.80924046159722,0.8092395611803079,4.832263491794109e-06,9.034182939515744e-07,0.004379004011819982,0.005411257953618865,0.023500794694117557,0.29803462177215834,0.0987125,0.9012875
0.1,0.9,0.0,0.001,0.0,0.0,0,unit_total_var,0.4813924050632911,0.799598264529538,0.999925,0.7995992664111087,0.799598264529538,5.441624680746493e-06,9.7239000429461e-07,0.004308862179835961,0.005388783806792252,0.023403190714594745,0.29803462177215834,0.0987125,0.9012875
0.1,0.9,0.0,0.001,0.0,0.0,0,unit_total_var,0.4875949367088608,0.7899683329691002,0.99995,0.7899693143381562,0.7899683329691002,5.3951896958892576e-06,9.214824436831749e-07,0.004239350428230618,0.0053664814794499366,0.023306332937611068,0.29803462177215834,0.0987125,0.9012875
0.1,0.9,0.0,0.001,0.0,0.0,0,unit_total_var,0.4937974683544304,0.78034969896849,0.999975,0.7803507921550195,0.78034969896849,6.083997283523601e-06,9.932780757893056e-07,0.004170492421695044,0.005344389095309237,0.02321038693236713,0.29803462177215834,0.0987125,0.9012875
0.1,0.9,0.0,0.001,0.0,0.0,0,unit_total_var,0.5,0.7707426214968046,0.999925,0.7707436636619833,0.7707426214968046,5.872340100854245e-06,8.865237088873102e-07,0.004102318349222046,0.005322552866293062,0.02311555339469413,0.29803462177215834,0.0987125,0.9012875
0.1,0.1,0.0,1.0,0.0,0.0,0,unit_total_var,0.01,1.0055667532433221,0.9999875,1.0055667532433221,1.0055667532495491,2.6893886423406954e-11,9.655582857703848e-07,0.01746747357170536,0.017370774754998958,0.07544031622480359,0.29852617435667744,0.0988625,0.101325
0.1,0.1,0.0,1.0,0.0,0.0,0,unit_total_var,0.016202531645569618,0.9996484975668888,0.9999875,0.9996484976843224,0.9996484975668888,5.101860919409089e-10,9.477759590481585e-07,0.017228940775407414,0.017234998919462268,0.0748506492633097,0.29852617435667744,0.0988625,0.101325
0.1,0.1,0.0,1.0,0.0,0.0,0,unit_total_var,0.02240506329113924,0.9937069867849077,0.9999875,0.993706986981342,0.9937069867849077,8.585064568966683e-10,7.955021601446788e-07,0.016998079551072298,0.01710572611154601,0.07428922459192798,0.29852617435667744,0.0988625,0.101325
0.1,0.1,0.0,1.0,0.0,0.0,0,unit_total_var,0.028607594936708863,0.9877436441992429,0.9999875,0.9877436445848332,0.9877436441992429,1.6953757217552654e-09,9.99677496338336e-07,0.016772236995125266,0.01698035425854084,0.0737447415524667,0.29852617435667744,0.0988625,0.101325
0.1,0.1,0.0,1.0,0.0,0.0,0,unit_total_var,0.03481012658227848,0.9817577296126976,0.9999875,0.9817577301109818,0.9817577296126976,2.204230922786543e-09,7.762117917309297e-07,0.01655011844272922,0.016857640070996157,0.07321180060744772,0.29852617435667744,0.0988625,0.101325
0.1,0.1,0.0,1.0,0.0,0.0,0,unit_total_var,0.0410126582278481,0.9757477235325304,0.9999875,0.9757477242738458,0.9757477235325304,3.299513301469048e-09,8.392970443082959e-07,0.01633096187964518,0.016736869055171032,0.07268729874998067,0.29852617435667744,0.0988625,0.101325
0.1,0.1,0.0,1.0,0.0,0.0,0,unit_total_var,0.047215189873417725,0.9697117834510242,0.9999875,0.9697117845532904,0.9697117834510242,4.936602016059055e-09,9.417898922947643e-07,0.01611426605131875,0.01661758300386025,0.07216924601145769,0.29852617435667744,0.0988625,0.101325
0.1,0.1,0.0,1.0,0.0,0.0,0,unit_total_var,0.05341772151898734,0.9636479361747056,0.9999875,0.963647937423158,0.9636479361747056,5.6264953252060926e-09,8.277979191007034e-07,0.015899676215302708,0.01649946585100159,0.0716562697344113,0.29852617435667744,0.0988625,0.101325
0.1,0.1,0.0,1.0,0.0,0.0,0,unit_total_var,0.05962025316455696,0.9575541724205084,0.9999875,0.9575541742736564,0.9575541724205084,8.404871049139118e-09,9.768636033413711e-07,0.015686928298282832,0.016382288073195236,0.07114737311138146,0.29852617435667744,0.0988625,0.101325
0.1,0.1,0.0,1.0,0.0,0.0,0,unit_total_var,0.06582278481012659,0.9514285011114308,0.9999875,0.9514285032137629,0.9514285011114308,9.59642548759021e-09,8.963036250975166e-07,0.01547581865988948,0.016265876670512897,0.07064180481322589,0.29852617435667744,0.0988625,0.101325
0.1,0.1,0.0,1.0,0.0,0.0,0,unit_total_var,0.0720253164556962,0.9452689803981268,1.0,0.9452689831284194,0.9452689803981268,1.254405901374156e-08,8.362054515487216e-07,0.015266186305651288,0.01615009761477786,0.07013898276296893,0.29852617435667744,0.0988625,0.101325
0.1,0.1,0.0,1.0,0.0,0.0,0,unit_total_var,0.07822784810126583,0.9390737399198892,1.0,0.9390737430208292,0.9390737399198892,1.4340951537406001e-08,7.911831758633525e-07,0.015057901875992322,0.01603484501363746,0.06963844707596624,0.29852617435667744,0.0988625,0.101325
0.1,0.1,0.0,1.0,0.0,0.0,0,unit_total_var,0.08443037974683544,0.9328409952912688,1.0,0.9328409993088232,0.9328409952912688,1.8704169990613195e-08,9.847915976024522e-07,0.014850860418919696,0.015920034061413308,0.06913982944583615,0.29852617435667744,0.0988625,0.101325
0.1,0.1,0.0,1.0,0.0,0.0,0,unit_total_var,0.09063291139240506,0.9265690613694664,1.0,0.9265690659438452,0.9265690613694664,2.14406845611137e-08,9.510997145412148e-07,0.014644976546664941,0.01580559632006243,0.06864283264993458,0.29852617435667744,0.0988625,0.101325
0.1,0.1,0.0,1.0,0.0,0.0,0,unit_total_var,0.09683544303797467,0.9202563584253388,1.0,0.9202563636401614,0.9202563584253388,2.461019305011192e-08,9.269829703839605e-07,0.014440180905499672,0.015691476373179785,0.06814721601787231,0.29852617435667744,0.0988625,0.101325
0.1,0.1,0.0,1.0,0.0,0.0,0,unit_total_var,0.1030379746835443,0.9139014200195728,1.0,0.9139014271234812,0.9139014200195728,3.3758435713515667e-08,9.79834915426636e-07,0.01423641771563049,0.015577629494574582,0.06765278530627081,0.29852617435667744,0.0988625,0.101325
0.1,0.1,0.0,1.0,0.0,0.0,0,unit_total_var,0.10924050632911393,0.9075029032248112,1.0,0.9075029032248112,0.90750290435755,5.420833393277036e-09,9.303278218908415e-07,0.014033642911428569,0.015464019852234103,0.06715938489867611,0.2955758271305741,0.0988625,0.101325
0.1,0.1,0.0,1.0,0.0,0.0,0,unit_total_var,0.11544303797468355,0.9010595878414356,1.0,0.9010595966303138,0.9010595878414356,4.2360809138219935e-08,8.97764692808778e-07,0.013831822645705424,0.0153506192402222,0.06666689229826389,0.2955758271305741,0.0988625,0.101325
0.1,0.1,0.0,1.0,0.0,0.0,0,unit_total_var,0.12164556962025315,0.8945703808686589,1.0,0.8945703909154002,0.8945703808686589,4.877474585329722e-08,8.994170102027965e-07,0.013630932175358738,0.015237406096681437,0.06617521386307712,0.2955758271305741,0.0988625,0.101325
0.1,0.1,0.0,1.0,0.0,0.0,0,unit_total_var,0.12784810126582274,0.8880343256446155,1.0,0.8880343371386978,0.8880343256446155,5.621197696203951e-08,9.058438728004604e-07,0.013430954923366078,0.015124364605632422,0.06568428090519011,0.2955758271305741,0.0988625,0.101325
0.1,0.1,0.0,1.0,0.0,0.0,0,unit_total_var,0.1340506329113924,0.8814506002535211,1.0,0.8814506134128811,0.8814506002535211,6.48367294298069e-08,9.16719820054368e-07,0.013231881680433159,0.015011484111108931,0.06519404714632948,0.2955758271305741,0.0988625,0.101325
0.1,0.1,0.0,1.0,0.0,0.0,0,unit_total_var,0.14025316455696205,0.8748185209477429,1.0,0.8748185360228518,0.8748185209477429,7.483879649328173e-08,9.318238802791256e-07,0.013033709925605416,0.014898758557929503,0.06470448628917633,0.2955758271305741,0.0988625,0.101325
0.1,0.1,0.0,1.0,0.0,0.0,0,unit_total_var,0.14645569620253165,0.868137543818103,1.0,0.868137559208335,0.868137543818103,7.699117288151314e-08,9.510184888483765e-07,0.012836443219462156,0.014786186026475684,0.06421558999693358,0.2955758271305741,0.0988625,0.101325
0.1,0.1,0.0,1.0,0.0,0.0,0,unit_total_var,0.15265822784810126,0.8614072658479074,1.0,0.8614072835164718,0.8614072658479074,8.907935000745938e-08,9.74234339423674e-07,0.01264009065162525,0.01467376832395679,0.06372736611821161,0.2955758271305741,0.0988625,0.101325
0.1,0.1,0.0,1.0,0.0,0.0,0,unit_total_var,0.1588607594936709,0.8546274276516665,1.0,0.8546274456403761,0.8546274276516665,9.141290047143258e-08,7.891100359813662e-07,0.012444666375998613,0.014561510634164757,0.06323983716593272,0.2955758271305741,0.0988625,0.101325
0.1,0.1,0.0,1.0,0.0,0.0,0,unit_total_var,0.1650632911392405,0.8477979044124216,1.0,0.8477979250949774,0.8477979044124216,1.05948831485847e-07,8.154228261503248e-07,0.01225018893643013,0.014449421109291719,0.06275303854461757,0.2955758271305741,0.0988625,0.101325
0.1,0.1,0.0,1.0,0.0,0.0,0,unit_total_var,0.17126582278481015,0.8409187179790386,1.0,0.8409187417612749,0.8409187179790386,1.2282392602980252e-07,8.451115292018584e-07,0.012056681079498734,0.01433751065557714,0.06226701761946225,0.2955758271305741,0.0988625,0.101325
0.1,0.1,0.0,1.0,0.0,0.0,0,unit_total_var,0.17746835443037975,0.8339900271416931,1.0,0.8339900544884056,0.8339900271416931,1.424060929178239e-07,8.782913099025791e-07,0.011864169127223751,0.01422579256479293,0.06178183211589877,0.2955758271305741,0.0988625,0.101325
0.1,0.1,0.0,1.0,0.0,0.0,0,unit_total_var,0.18367088607594936,0.8270121276582766,1.0,0.8270121591012146,0.8270121276582766,1.6511842770849938e-07,9.151067423829319e-07,0.01167268258714592,0.014114282241782437,0.061297548936311674,0.2955758271305741,0.0988625,0.101325
0.1,0.1,0.0,1.0,0.0,0.0,0,unit_total_var,0.18987341772151897,0.8199854496841319,1.0,0.8199854821494275,0.8199854496841319,1.7194815404852906e-07,9.557304174734327e-07,0.0114822537307964,0.014002996925396057,0.06081424294807707,0.2955758271305741,0.0988625,0.101325
0.1,0.1,0.0,1.0,0.0,0.0,0,unit_total_var,0.1960759493670886,0.8129105586738432,1.0,0.8129105920036956,0.8129105586738432,1.7806350949278738e-07,7.981228797859784e-07,0.011292917256324734,0.013891955438182084,0.0603319958964835,0.2955758271305741,0.0988625,0.101325
0.1,0.1,0.0,1.0,0.0,0.0,0,unit_total_var,0.20227848101265825,0.8057881274216879,1.0,0.805788174573404,0.8057881274216879,2.541329265914883e-07,9.774577058863088e-07,0.01110470955097645,0.013781177921432802,0.05985089525405191,0.2955758271305741,0.0988625,0.101325
0.1,0.1,0.0,1.0,0.0,0.0,0,unit_total_var,0.20848101265822785,0.7986189892238662,1.0,0.7986189892238662,0.7986189983253569,4.9494530030003154e-08,9.981030828498658e-07,0.010917668962048372,0.013670685407391392,0.05937103236265389,0.2984219645394586,0.0988625,0.101325
0.1,0.1,0.0,1.0,0.0,0.0,0,unit_total_var,0.21468354430379746,0.7914040765189142,1.0,0.7914041273454425,0.7914040765189142,2.7891794762702204e-07,9.318764107035805e-07,0.010731834837430914,0.01356049982031452,0.058892502438126326,0.2984219645394586,0.0988625,0.101325
0.1,0.1,0.0,1.0,0.0,0.0,0,unit_total_var,0.2208860759493671,0.7841444161304909,1.0,0.7841444689171212,0.7841444161304909,2.9235611376243753e-07,9.8467769760191e-07,0.01054724728875272,0.013450643876035116,0.058415404134078176,0.2984219645394586,0.0988625,0.101325
0.1,0.1,0.0,1.0,0.0,0.0,0,unit_total_var,0.2270886075949367,0.7768411773127951,1.0,0.7768412317973538,0.7768411773127951,3.0459691169326675e-07,8.401733531115951e-07,0.01036394720505797,0.013341140387161695,0.057939836524409365,0.2984219645394586,0.0988625,0.101325
0.1,0.1,0.0,1.0,0.0,0.0,0,unit_total_var,0.23329113924050635,0.7694956052242921,1.0,0.7694956679397903,0.7694956052242921,3.539590547330107e-07,8.922637366737263e-07,0.010181975341222864,0.013232012336516243,0.05746589942224758,0.2984219645394586,0.0988625,0.101325
0.1,0.1,0.0,1.0,0.0,0.0,0,unit_total_var,0.23949367088607595,0.7621090591021698,1.0,0.7621091312434081,0.7621090591021698,4.111031075559879e-07,9.488257184386841e-07,0.010001372637773984,0.013123282709113131,0.0569936926502419,0.2984219645394586,0.0988625,0.101325
0.1,0.1,0.0,1.0,0.0,0.0,0,unit_total_var,0.2456962025316456,0.7546829910368471,1.0,0.7546830587346601,0.7546829910368471,3.895779512319564e-07,8.19654090378208e-07,0.009822179696501713,0.013014974251648595,0.05652331499603889,0.2984219645394586,0.0988625,0.101325
0.1,0.1,0.0,1.0,0.0,0.0,0,unit_total_var,0.2518987341772152,0.7472189161404267,1.0,0.7472189940656017,0.7472189161404267,4.5291240624578677e-07,8.754681157796541e-07,0.00964443619289467,0.012907109261514156,0.05605486329597952,0.2984219645394586,0.0988625,0.101325
0.1,0.1,0.0,1.0,0.0,0.0,0,unit_total_var,0.2581012658227848,0.7397184482516225,1.0,0.739718537877788,0.7397184482516225,5.262021900431789e-07,9.36039290522217e-07,0.009468181274283064,0.012799709533622946,0.0555884322041689,0.2984219645394586,0.0988625,0.101325
0.1,0.1,0.0,1.0,0.0,0.0,0,unit_total_var,0.2643037974683544,0.7321832753679318,1.0,0.7321833599932112,0.7321832753679318,5.019547830720228e-07,8.179428672150381e-07,0.009293453077385614,0.012692796175541608,0.055124113389604185,0.2984219645394586,0.0988625,0.101325
0.1,0.1,0.0,1.0,0.0,0.0,0,unit_total_var,0.2705063291139241,0.7246151246743912,1.0,0.7246152220492397,0.7246151246743912,5.836112868529142e-07,8.779259772495606e-07,0.009120288166865763,0.012586389458768202,0.05466199489028285,0.2984219645394586,0.0988625,0.101325
0.1,0.1,0.0,1.0,0.0,0.0,0,unit_total_var,0.2767088607594937,0.7170158070287541,1.0,0.7170159189744434,0.7170158070287541,6.780518762017351e-07,9.430401330945416e-07,0.008948722083597526,0.012480508791961206,0.05420216099693771,0.2984219645394586,0.0988625,0.101325
0.1,0.1,0.0,1.0,0.0,0.0,0,unit_total_var,0.2829113924050633,0.7093871887273372,1.0,0.7093872950379558,0.7093871887273372,6.508450152153954e-07,8.32916914106363e-07,0.008778788897324447,0.012375172595199905,0.05374469170695663,0.2984219645394586,0.0988625,0.101325
0.1,0.1,0.0,1.0,0.0,0.0,0,unit_total_var,0.2891139240506329,0.7017311506002925,1.0,0.7017312728495099,0.7017311506002925,7.565882724769323e-07,8.977402874421614e-07,0.008610520658692469,0.012270398216363405,0.0532896623612213,0.2984219645394586,0.0988625,0.101325
0.1,0.1,0.0,1.0,0.0,0.0,0,unit_total_var,0.2953164556962025,0.6940496437487437,1.0,0.6940497841919459,0.6940496437487437,8.788089167488522e-07,9.68158007097486e-07,0.008443948110053933,0.012166201922453213,0.05283714360642164,0.2984219645394586,0.0988625,0.101325
0.1,0.1,0.0,1.0,0.0,0.0,0,unit_total_var,0.3015189873417722,0.6863446334142661,1.0,0.6863447911648668,0.6863446334142661,9.981896000876844e-07,9.67001479779128e-07,0.008279100130078203,0.01206259906031942,0.05238720209308074,0.2984219645394586,0.0988625,0.101325
0.1,0.1,0.0,1.0,0.0,0.0,0,unit_total_var,0.3077215189873418,0.6786181592797617,1.0,0.6786181592797617,0.6786181692187568,6.360647253345064e-08,8.700905933523018e-07,0.008116003845453539,0.011959603105916448,0.05193989634652504,0.2989293279574133,0.0988625,0.101325
0.1,0.1,0.0,1.0,0.0,0.0,0,unit_total_var,0.3139240506329114,0.6708722329926095,1.0,0.6708723807251984,0.6708722329926095,9.563585725569368e-07,8.392660095779547e-07,0.007954684271840314,0.011857226876653195,0.05149528203205412,0.2989293279574133,0.0988625,0.101325
0.1,0.1,0.0,1.0,0.0,0.0,0,unit_total_var,0.320126582278481,0.6631088653330122,1.0,0.6631090350764359,0.6631088653330122,1.1117122193926576e-06,9.10303944223756e-07,0.0077951645862716565,0.011755482385772264,0.05105341132251767,0.2989293279574133,0.0988625,0.101325
0.1,0.1,0.0,1.0,0.0,0.0,0,unit_total_var,0.3263291139240506,0.6553301352451574,1.0,0.655330314275328,0.6553301352451574,1.1864524516180808e-06,9.87634297899831e-07,0.007637466319112715,0.011654379843612044,0.050614328560851934,0.2989293279574133,0.0988625,0.101325
0.1,0.1,0.0,1.0,0.0,0.0,0,unit_total_var,0.3325316455696203,0.6475381242629706,1.0,0.6475383120167036,0.6475381242629706,1.2592370290942512e-06,8.952463819156263e-07,0.007481609197343147,0.011553928513257395,0.05017807397612328,0.2989293279574133,0.0988625,0.101325
0.1,0.1,0.0,1.0,0.0,0.0,0,unit_total_var,0.3387341772151899,0.6397348660822679,1.0,0.6397350815761815,0.6397348660822679,1.4629154476697437e-06,9.736560482309642e-07,0.007327610527738191,0.011454136574753896,0.049744683093818284,0.2989293279574133,0.0988625,0.101325
0.1,0.1,0.0,1.0,0.0,0.0,0,unit_total_var,0.3449367088607595,0.6319224609991995,1.0,0.6319226694758129,0.6319224609991995,1.432774327181363e-06,8.882192581438629e-07,0.007175486537776427,0.011355011066437652,0.04931418648104231,0.2989293279574133,0.0988625,0.101325
0.1,0.1,0.0,1.0,0.0,0.0,0,unit_total_var,0.3511392405063291,0.6241029332755019,1.0,0.6241031725293519,0.6241029332755019,1.6648953455877804e-06,9.681716459652991e-07,0.007025250897518692,0.011256558049884196,0.04888661046288336,0.2989293279574133,0.0988625,0.101325
0.1,0.1,0.0,1.0,0.0,0.0,0,unit_total_var,0.3573417721518987,0.6162783717332974,1.0,0.6162786040823616,0.6162783717332974,1.6373752846909897e-06,8.886641760241787e-07,0.006876916314972298,0.011158782508675113,0.04846197668276126,0.2989293279574133,0.0988625,0.101325
0.1,0.1,0.0,1.0,0.0,0.0,0,unit_total_var,0.3635443037974684,0.608450775761949,1.0,0.6084510423745205,0.608450775761949,1.9030026399136089e-06,9.706509800366805e-07,0.006730492994098698,0.011061688574018591,0.048040303082285234,0.2989293279574133,0.0988625,0.101325
0.1,0.1,0.0,1.0,0.0,0.0,0,unit_total_var,0.369746835443038,0.6006222090682698,1.0,0.6006224689581363,0.6006222090682698,1.8791964202513611e-06,8.962491016006879e-07,0.006585990324094264,0.010965279379713491,0.0476216032713708,0.2989293279574133,0.0988625,0.101325
0.1,0.1,0.0,1.0,0.0,0.0,0,unit_total_var,0.3759493670886076,0.5927946327376576,1.0,0.5927949309004126,0.5927946327376576,2.1844058539777227e-06,9.807968783803744e-07,0.006443415256321526,0.010869557348325506,0.047205887771087085,0.2989293279574133,0.0988625,0.101325
0.1,0.1,0.0,1.0,0.0,0.0,0,unit_total_var,0.3821518987341772,0.5849700737833621,1.0,0.5849703654987131,0.5849700737833621,2.165757553740377e-06,9.108387439837885e-07,0.006302774096827087,0.010774523995839927,0.04679316316527455,0.2989293279574133,0.0988625,0.101325
0.1,0.1,0.0,1.0,0.0,0.0,0,unit_total_var,0.3883544303797468,0.5771504434505391,1.0,0.5771507537949498,0.5771504434505391,2.3352806941545623e-06,9.985170850157488e-07,0.006164070784369821,0.010680180279369518,0.04638343361062111,0.2989293279574133,0.0988625,0.101325
0.1,0.1,0.0,1.0,0.0,0.0,0,unit_total_var,0.3945569620253165,0.5693377224295664,1.0,0.5693380509884438,0.5693377224295664,2.506267557045305e-06,9.324763778906231e-07,0.006027308797623415,0.010586526344860387,0.04597669974096267,0.2989293279574133,0.0988625,0.101325
0.1,0.1,0.0,1.0,0.0,0.0,0,unit_total_var,0.4007594936708861,0.5615337365897087,1.0,0.5615341124323656,0.5615337365897087,2.906794849266703e-06,9.749008098580705e-07,0.005892489291138401,0.010493562376010577,0.04557296235408968,0.2989293279574133,0.0988625,0.101325
0.1,0.1,0.0,1.0,0.0,0.0,0,unit_total_var,0.4069620253164557,0.5537404552721787,1.0,0.5537404552721787,0.5537404897214959,2.7018340098550203e-07,9.569963381750313e-07,0.005759613150597445,0.010401286551777108,0.04517221354131298,0.2997069821451451,0.0988625,0.101325
0.1,0.1,0.0,1.0,0.0,0.0,0,unit_total_var,0.4131645569620253,0.5459597177384746,1.0,0.5459600846026519,0.5459597177384746,2.9182928531490404e-06,9.059225991592257e-07,0.0056286795541981,0.010309697531374187,0.044774447479673865,0.2997069821451451,0.0988625,0.101325
0.1,0.1,0.0,1.0,0.0,0.0,0,unit_total_var,0.4193670886075949,0.5381932244939277,1.0,0.5381936166809035,0.5381932244939277,3.164747708783722e-06,9.979059232279042e-07,0.005499686023650282,0.010218794613815013,0.04437966112482531,0.2997069821451451,0.0988625,0.101325
0.1,0.1,0.0,1.0,0.0,0.0,0,unit_total_var,0.4255696202531646,0.5304428397974268,1.0,0.5304432571928775,0.5304428397974268,3.417379897285855e-06,9.452299511991669e-07,0.005372630178653664,0.01012857517448146,0.04398784307819563,0.2997069821451451,0.0988625,0.101325
0.1,0.1,0.0,1.0,0.0,0.0,0,unit_total_var,0.4317721518987342,0.5227102698343448,1.0,0.5227106847824041,0.5227102698343448,3.4475997763294686e-06,8.984625390340284e-07,0.0052475077224388,0.010039036968035502,0.043598983588405714,0.2997069821451451,0.0988625,0.101325
0.1,0.1,0.0,1.0,0.0,0.0,0,unit_total_var,0.4379746835443038,0.514997181499371,1.0,0.5149976578941687,0.514997181499371,4.017411038059748e-06,9.92588554460383e-07,0.005124313394995166,0.00995017755257642,0.04321307205041542,0.2997069821451451,0.0988625,0.101325
0.1,0.1,0.0,1.0,0.0,0.0,0,unit_total_var,0.4441772151898734,0.5073052981428554,1.0,0.5073057733590746,0.5073052981428554,4.068234370269153e-06,9.481819356338406e-07,0.005003041865462339,0.009861994116319082,0.04283009625279713,0.2997069821451451,0.0988625,0.101325
0.1,0.1,0.0,1.0,0.0,0.0,0,unit_total_var,0.450379746835443,0.4996362090103209,1.0,0.4996366842792644,0.4996362090103209,4.1311373695229756e-06,9.088237096221974e-07,0.004883686115864169,0.009774483970122523,0.042450044516760016,0.2997069821451451,0.0988625,0.101325
0.1,0.1,0.0,1.0,0.0,0.0,0,unit_total_var,0.4565822784810127,0.4919914956748491,1.0,0.4919919722205368,0.4919914956748491,4.206598368305947e-06,8.740115635674783e-07,0.004766238614005497,0.00968764431073712,0.04207290466794562,0.2997069821451451,0.0988625,0.101325
0.1,0.1,0.0,1.0,0.0,0.0,0,unit_total_var,0.4627848101265823,0.4843726651611733,1.0,0.4843732129731809,0.4843726651611733,4.9117469784754056e-06,9.696255647284602e-07,0.004650690790568779,0.009601472430367798,0.04169866494654938,0.2997069821451451,0.0988625,0.101325
0.1,0.1,0.0,1.0,0.0,0.0,0,unit_total_var,0.4689873417721519,0.4767812873842157,1.0,0.4767818384914094,0.4767812873842157,5.019967879604792e-06,9.369108271428673e-07,0.0045370342451191955,0.009515965423078802,0.04132731273225266,0.2997069821451451,0.0988625,0.101325
0.1,0.1,0.0,1.0,0.0,0.0,0,unit_total_var,0.4751898734177215,0.4692187876028071,1.0,0.46921934342857896,0.4692187876028071,5.1445493887136715e-06,9.082394241133327e-07,0.004425259041283272,0.009431120744102102,0.040958836973268326,0.2997069821451451,0.0988625,0.101325
0.1,0.1,0.0,1.0,0.0,0.0,0,unit_total_var,0.4813924050632911,0.4616865846403153,1.0,0.4616871466364232,0.4616865846403153,5.286522678282779e-06,8.832769573530186e-07,0.004315354918691901,0.009346935913361769,0.04059322689876346,0.2997069821451451,0.0988625,0.101325
0.1,0.1,0.0,1.0,0.0,0.0,0,unit_total_var,0.4875949367088608,0.4541860173499298,1.0,0.4541866641743781,0.4541860173499298,6.1849567773997185e-06,9.837147141311675e-07,0.004207310723697672,0.009263408742185316,0.04023047300345425,0.2997069821451451,0.0988625,0.101325
0.1,0.1,0.0,1.0,0.0,0.0,0,unit_total_var,0.4937974683544304,0.4467184991044739,1.0,0.4467191552311863,0.4467184991044739,6.378782206883926e-06,9.61032611712653e-07,0.004101115698120554,0.009180536974273429,0.03987056548835725,0.2997069821451451,0.0988625,0.101325
0.1,0.1,0.0,1.0,0.0,0.0,0,unit_total_var,0.5,0.439285215517483,1.0,0.439285953125109,0.439285215517483,7.292270295611302e-06,9.503525282283932e-07,0.0039967573515566355,0.009098319748476871,0.03951350061354887,0.2997069821451451,0.0988625,0.101325
0.1,0.1,0.0,1e-06,0.0,0.0,0,unit_total_var,0.01,1.1387543083956784,0.6294,1.1387543083956784,1.1387543094369843,3.971300177596504e-09,8.702872520416347e-07,0.01792356481537856,0.01573962415178914,0.06835631916353173,0.29129182389468605,0.0988625,0.101325
0.1,0.1,0.0,1e-06,0.0,0.0,0,unit_total_var,0.016202531645569618,1.2347961324381505,0.7059375,1.2347961879817144,1.2347961324381505,1.9535421402760988e-07,9.492094861229816e-07,0.018349976730814992,0.01486073388858312,0.06453934724844301,0.29129182389468605,0.0988625,0.101325
0.1,0.1,0.0,1e-06,0.0,0.0,0,unit_total_var,0.02240506329113924,1.346754796743457,0.75865,1.346754796743457,1.3467548066149542,3.183308971976828e-08,9.394625095637821e-07,0.019151228705978757,0.014220278815629766,0.061757886207537166,0.29129182389468605,0.0988625,0.101325
0.1,0.1,0.0,1e-06,0.0,0.0,0,unit_total_var,0.028607594936708863,1.4780110231624628,0.7979375,1.4780110231624628,1.4780111460707268,3.6115007118198145e-07,5.072876874123722e-07,0.02038028943121217,0.013788996909918154,0.05988485268958444,0.29129182389468605,0.0988625,0.101325
0.1,0.1,0.0,1e-06,0.0,0.0,0,unit_total_var,0.03481012658227848,1.6339827816361034,0.82935,1.6339827816361034,1.6339827818472794,5.612825759726546e-10,8.351702618369926e-07,0.02212889995342734,0.013542921138538387,0.05881615919318125,0.29129182389468605,0.0988625,0.101325
0.1,0.1,0.0,1e-06,0.0,0.0,0,unit_total_var,0.0410126582278481,1.82250115424098,0.855975,1.822501218329928,1.82250115424098,1.5272130626797775e-07,8.030468450215267e-07,0.024535818749326758,0.013462717810757837,0.05846784056632754,0.29129182389468605,0.0988625,0.101325
0.1,0.1,0.0,1e-06,0.0,0.0,0,unit_total_var,0.047215189873417725,2.0535241510567794,0.8787625,2.053524459040924,2.0535241510567794,6.513476078495729e-07,9.214551468517128e-07,0.02778055321554404,0.013528233014083462,0.058752369479178425,0.29129182389468605,0.0988625,0.101325
0.1,0.1,0.0,1e-06,0.0,0.0,0,unit_total_var,0.05341772151898734,2.326564635681771,0.898775,2.326565411414097,2.326564635681771,1.4480414907147576e-06,4.10992882393657e-07,0.031854458643094316,0.013691628487149152,0.059461987002382435,0.29129182389468605,0.0988625,0.101325
0.1,0.1,0.0,1e-06,0.0,0.0,0,unit_total_var,0.05962025316455696,2.5760888356036222,0.913925,2.5760892652603067,2.5760888356036222,7.243442441406954e-07,7.573246989522886e-07,0.035549023621364174,0.013799610917934213,0.059930948740706966,0.29129182389468605,0.0988625,0.101325
0.1,0.1,0.0,1e-06,0.0,0.0,0,unit_total_var,0.06582278481012659,2.6991488368664687,0.924175,2.6991488368664687,2.6991494712486155,1.0207241238902045e-06,9.751120870760133e-07,0.03698835658967162,0.013703711364287949,0.05951446227105137,0.29129182389468605,0.0988625,0.101325
0.1,0.1,0.0,1e-06,0.0,0.0,0,unit_total_var,0.0720253164556962,2.7002135009018318,0.9307875,2.700214537140119,2.7002135009018318,1.666655186305377e-06,7.194165223545212e-07,0.0363538688871717,0.0134633312791859,0.05847050482585884,0.29129182389468605,0.0988625,0.101325
0.1,0.1,0.0,1e-06,0.0,0.0,0,unit_total_var,0.07822784810126583,2.634690860220096,0.93565,2.634690860220096,2.634690877171661,2.794244924331224e-08,8.401189290907496e-07,0.034747818603035746,0.013188575224393878,0.05727725444120201,0.29129182389468605,0.0988625,0.101325
0.1,0.1,0.0,1e-06,0.0,0.0,0,unit_total_var,0.08443037974683544,2.5409633428556457,0.9389875,2.540963465687498,2.5409633428556457,2.0994082650105386e-07,9.477385702894026e-07,0.03284978306945082,0.01292808224164808,0.05614594779139183,0.29129182389468605,0.0988625,0.101325
0.1,0.1,0.0,1e-06,0.0,0.0,0,unit_total_var,0.09063291139240506,2.4381340815874504,0.9417625,2.4381342239753,2.4381340815874504,2.5362942945861283e-07,8.921515011195423e-07,0.030937517800761143,0.012689014125350305,0.05510768815432053,0.29129182389468605,0.0988625,0.101325
0.1,0.1,0.0,1e-06,0.0,0.0,0,unit_total_var,0.09683544303797467,2.3349865576305544,0.9435,2.3349867202286205,2.3349865576305544,3.0242332771379665e-07,8.769988717460819e-07,0.02911430721223368,0.01246872583359865,0.05415098825896417,0.29129182389468605,0.0988625,0.101325
0.1,0.1,0.0,1e-06,0.0,0.0,0,unit_total_var,0.1030379746835443,2.2353627429117866,0.9451125,2.2353629266138997,2.2353627429117866,3.56903196774283e-07,9.297541119224207e-07,0.0274196945272236,0.012266328860570821,0.05327198937356509,0.29129182389468605,0.0988625,0.101325
0.1,0.1,0.0,1e-06,0.0,0.0,0,unit_total_var,0.10924050632911393,2.1406895654887825,0.9466125,2.1406895654887825,2.140689571156862,1.1499171836959475e-08,9.51158810380548e-07,0.02586093361820785,0.012080655707920468,0.052465621117228814,0.2976985522512856,0.0988625,0.101325
0.1,0.1,0.0,1e-06,0.0,0.0,0,unit_total_var,0.11544303797468355,2.0511994574099743,0.947925,2.0511996845219715,2.0511994574099743,4.808575844172935e-07,9.336658663983143e-07,0.02442930425005717,0.011909765362800832,0.051723453778268806,0.2976985522512856,0.0988625,0.101325
0.1,0.1,0.0,1e-06,0.0,0.0,0,unit_total_var,0.12164556962025315,1.9665625849612696,0.9490375,1.96656282469964,1.9665625849612696,5.294367220187722e-07,9.76518315098929e-07,0.023111400415807733,0.011752181492999824,0.051039075727353424,0.2976985522512856,0.0988625,0.101325
0.1,0.1,0.0,1e-06,0.0,0.0,0,unit_total_var,0.12784810126582274,1.8862958717426197,0.950025,1.886296127051824,1.8862958717426197,5.878153737093329e-07,9.060688608286682e-07,0.02189622462971753,0.01160805415403317,0.05041313864730725,0.2976985522512856,0.0988625,0.101325
0.1,0.1,0.0,1e-06,0.0,0.0,0,unit_total_var,0.1340506329113924,1.8100016185280767,0.9512,1.8100018912718732,1.8100016185280767,6.544254738116706e-07,9.606268438488994e-07,0.020779627676176617,0.011480447013674469,0.04985894787821487,0.2976985522512856,0.0988625,0.101325
0.1,0.1,0.0,1e-06,0.0,0.0,0,unit_total_var,0.14025316455696205,1.737399008306602,0.9520625,1.7373992997366898,1.737399008306602,7.284824490305651e-07,8.999887661786944e-07,0.019759796661550862,0.011373205905539354,0.04939320566325217,0.2976985522512856,0.0988625,0.101325
0.1,0.1,0.0,1e-06,0.0,0.0,0,unit_total_var,0.14645569620253165,1.6682286363842922,0.9532125,1.6682289502921095,1.6682286363842922,8.172046506160768e-07,9.646030267873584e-07,0.018830148554948543,0.011287510683044552,0.04902103604070253,0.2976985522512856,0.0988625,0.101325
0.1,0.1,0.0,1e-06,0.0,0.0,0,unit_total_var,0.15265822784810126,1.6021769177324174,0.9542625,1.602177262120574,1.6021769177324174,9.335165063184549e-07,9.322120853028082e-07,0.01797824935867947,0.011221138664339473,0.04873278602593857,0.2976985522512856,0.0988625,0.101325
0.1,0.1,0.0,1e-06,0.0,0.0,0,unit_total_var,0.1588607594936709,1.5388591845897237,0.955025,1.5388595509762495,1.5388591845897237,1.0340103184791616e-06,9.276333567953545e-07,0.017188542336408402,0.011169665495411171,0.04850924089362222,0.2976985522512856,0.0988625,0.101325
0.1,0.1,0.0,1e-06,0.0,0.0,0,unit_total_var,0.1650632911392405,1.4779066003418648,0.955875,1.4779070006308903,1.4779066003418648,1.1762806353399211e-06,9.463915056073801e-07,0.016448291127442356,0.011129452377868523,0.04833459754313325,0.2976985522512856,0.0988625,0.101325
0.1,0.1,0.0,1e-06,0.0,0.0,0,unit_total_var,0.17126582278481015,1.419043673983419,0.9565125,1.4190440955738757,1.419043673983419,1.2902660084801454e-06,9.83926915054667e-07,0.015750783987908724,0.011099576620989022,0.04820484877957873,0.2976985522512856,0.0988625,0.101325
0.1,0.1,0.0,1e-06,0.0,0.0,0,unit_total_var,0.17746835443037975,1.3620698932381228,0.9573,1.3620703437237411,1.3620698932381228,1.4363681839490994e-06,9.267708183102741e-07,0.015091398862142029,0.011079753643379068,0.04811875868166978,0.2976985522512856,0.0988625,0.101325
0.1,0.1,0.0,1e-06,0.0,0.0,0,unit_total_var,0.18367088607594936,1.3068522285548112,0.9581625,1.3068527158655336,1.3068522285548112,1.6194357224108558e-06,9.8708845897022e-07,0.01446532697857646,0.011068831396930785,0.04807132396804501,0.2976985522512856,0.0988625,0.101325
0.1,0.1,0.0,1e-06,0.0,0.0,0,unit_total_var,0.18987341772151897,1.2533020631673195,0.9588375,1.2533025937620486,1.2533020631673195,1.8386175284490487e-06,9.508701488414316e-07,0.013868227966983228,0.011065351581673554,0.04805621132240243,0.2976985522512856,0.0988625,0.101325
0.1,0.1,0.0,1e-06,0.0,0.0,0,unit_total_var,0.1960759493670886,1.20134263176498,0.959325,1.2013431854113976,1.20134263176498,2.0014733709272647e-06,9.269930583144514e-07,0.013296801803877193,0.011068284311480641,0.04806894800612373,0.2976985522512856,0.0988625,0.101325
0.1,0.1,0.0,1e-06,0.0,0.0,0,unit_total_var,0.20227848101265825,1.1508988600520895,0.960025,1.1508994566964392,1.1508988600520895,2.2514513704496864e-06,9.516595786962513e-07,0.012749196199944992,0.01107759912054128,0.048109401707873936,0.2976985522512856,0.0988625,0.101325
0.1,0.1,0.0,1e-06,0.0,0.0,0,unit_total_var,0.20848101265822785,1.1018771246797965,0.9605875,1.1018771246797965,1.101877132898391,3.239281609612732e-08,9.47287293051602e-07,0.012224908117631932,0.011094620120355498,0.04818332297083183,0.2998271163841647,0.0988625,0.101325
0.1,0.1,0.0,1e-06,0.0,0.0,0,unit_total_var,0.21468354430379746,1.0541579054276808,0.961275,1.0541586006256165,1.0541579054276808,2.86409204908189e-06,9.501940381184679e-07,0.011722826632233448,0.011120560375134118,0.048295980065927016,0.2998271163841647,0.0988625,0.101325
0.1,0.1,0.0,1e-06,0.0,0.0,0,unit_total_var,0.2208860759493671,1.007635253995769,0.9617125,1.0076360334142724,1.007635253995769,3.3593209736587637e-06,9.940152674303706e-07,0.011239768939553174,0.011154600729760066,0.04844381544768783,0.2998271163841647,0.0988625,0.101325
0.1,0.1,0.0,1e-06,0.0,0.0,0,unit_total_var,0.2270886075949367,0.962254231446772,0.9623375,0.9622550372183604,0.962254231446772,3.6366897285255995e-06,9.58918332294445e-07,0.010771521143248676,0.011194049130917762,0.04861513767711475,0.2998271163841647,0.0988625,0.101325
0.1,0.1,0.0,1e-06,0.0,0.0,0,unit_total_var,0.23329113924050635,0.9179811804961798,0.9627875,0.9179820291905868,0.9179811804961798,4.015149059899414e-06,9.428646952081009e-07,0.010313512304468146,0.011234993182424031,0.0487929554334741,0.2998271163841647,0.0988625,0.101325
0.1,0.1,0.0,1e-06,0.0,0.0,0,unit_total_var,0.23949367088607595,0.8747513475170148,0.963325,0.8747522652307879,0.8747513475170148,4.556241264275229e-06,9.510229359577238e-07,0.009860467056463384,0.011272308507385968,0.048955013830688066,0.2998271163841647,0.0988625,0.101325
0.1,0.1,0.0,1e-06,0.0,0.0,0,unit_total_var,0.2456962025316456,0.8324864604904746,0.9635875,0.8324874776321263,0.8324864604904746,5.306257311654683e-06,9.818365556135687e-07,0.009408286771295562,0.01130142917369791,0.049081483277574285,0.2998271163841647,0.0988625,0.101325
0.1,0.1,0.0,1e-06,0.0,0.0,0,unit_total_var,0.2518987341772152,0.7911406362852808,0.96385,0.7911416972353019,0.7911406362852808,5.8240521303432055e-06,9.533216167589842e-07,0.00895581814280276,0.011320134160790779,0.049162718004359326,0.2998271163841647,0.0988625,0.101325
0.1,0.1,0.0,1e-06,0.0,0.0,0,unit_total_var,0.2581012658227848,0.7506813663132093,0.9644,0.7506825489192911,0.7506813663132093,6.841769545573584e-06,9.507432281452566e-07,0.008503456883032185,0.011327651470549836,0.049195365265830494,0.2998271163841647,0.0988625,0.101325
0.1,0.1,0.0,1e-06,0.0,0.0,0,unit_total_var,0.2643037974683544,0.7110662126559674,0.9647,0.7110674662803156,0.7110662126559674,7.65669423152815e-06,9.734109736037055e-07,0.008051960104462042,0.011323783863089826,0.04917856846004999,0.2998271163841647,0.0988625,0.101325
0.1,0.1,0.0,1e-06,0.0,0.0,0,unit_total_var,0.2705063291139241,0.6722784168347238,0.9650375,0.6722797737879166,0.6722784168347238,8.765961754919617e-06,9.432588963242948e-07,0.0076035018399157,0.011310049005760336,0.04911891873257072,0.2998271163841647,0.0988625,0.101325
0.1,0.1,0.0,1e-06,0.0,0.0,0,unit_total_var,0.2767088607594937,0.634350392943995,0.96545,0.6343518813866454,0.634350392943995,1.0190293543432816e-05,9.958276172561398e-07,0.007161588444541444,0.011289641378331612,0.0490302895327604,0.2998271163841647,0.0988625,0.101325
0.1,0.1,0.0,1e-06,0.0,0.0,0,unit_total_var,0.2829113924050633,0.5973122680555703,0.9658875,0.5973138288089214,0.5973122680555703,1.1347928356553185e-05,9.385892671964769e-07,0.006728799985570977,0.011265129389482036,0.04892383531778196,0.2998271163841647,0.0988625,0.101325
0.1,0.1,0.0,1e-06,0.0,0.0,0,unit_total_var,0.2891139240506329,0.5611433581859865,0.966125,0.5611451108584341,0.5611433581859865,1.3564711633495817e-05,9.79139015866437e-07,0.0063051059737216355,0.011236176783958048,0.048798095749624064,0.2998271163841647,0.0988625,0.101325
0.1,0.1,0.0,1e-06,0.0,0.0,0,unit_total_var,0.2953164556962025,0.5258167089703429,0.9665,0.5258186076388955,0.5258167089703429,1.5681886341045725e-05,9.826660158918088e-07,0.0058882256027684024,0.01119824741647856,0.04863337059963984,0.2998271163841647,0.0988625,0.101325
0.1,0.1,0.0,1e-06,0.0,0.0,0,unit_total_var,0.3015189873417722,0.4913895249193185,0.9667375,0.491391505439182,0.4913895249193185,1.7503977416399866e-05,9.647396457257427e-07,0.005478311479774903,0.011148612662580446,0.04841780960235406,0.2998271163841647,0.0988625,0.101325
0.1,0.1,0.0,1e-06,0.0,0.0,0,unit_total_var,0.3077215189873418,0.4580077040738351,0.9671625,0.4580077137017896,0.4580077040738351,9.129469713542447e-08,9.817557109492723e-07,0.00507850636446874,0.011088255326923578,0.04815568102417247,0.2996197191665567,0.0988625,0.101325
0.1,0.1,0.0,1e-06,0.0,0.0,0,unit_total_var,0.3139240506329114,0.4258361381638141,0.9675625,0.4258384670959546,0.4258361381638141,2.375185008718361e-05,9.6652454728563e-07,0.004694249019193712,0.011023604148382282,0.047874904523282205,0.2996197191665567,0.0988625,0.101325
0.1,0.1,0.0,1e-06,0.0,0.0,0,unit_total_var,0.320126582278481,0.3949391217105373,0.9679125,0.3949416145468788,0.3949391217105373,2.7412367910706337e-05,9.669970146841678e-07,0.00432905128160717,0.010961312879963462,0.04760437698183173,0.2996197191665567,0.0988625,0.101325
0.1,0.1,0.0,1e-06,0.0,0.0,0,unit_total_var,0.3263291139240506,0.3652943217108176,0.96825,0.3652970709543735,0.3652943217108176,3.268533732381229e-05,9.964196123757318e-07,0.003982481711277585,0.010902117757062443,0.047347295829516745,0.2996197191665567,0.0988625,0.101325
0.1,0.1,0.0,1e-06,0.0,0.0,0,unit_total_var,0.3325316455696203,0.33683589474618203,0.968675,0.3368387726569949,0.33683589474618203,3.7105767693113016e-05,9.716140256799122e-07,0.0036536268864313546,0.010846904808599732,0.047107509041047116,0.2996197191665567,0.0988625,0.101325
0.1,0.1,0.0,1e-06,0.0,0.0,0,unit_total_var,0.3387341772151899,0.3095050892799675,0.968875,0.3095082146050088,0.3095050892799675,4.385403063533744e-05,9.798242087688536e-07,0.003342107277290474,0.010798230442883996,0.046896118956642266,0.2996197191665567,0.0988625,0.101325
0.1,0.1,0.0,1e-06,0.0,0.0,0,unit_total_var,0.3449367088607595,0.2832874280379706,0.968875,0.28329087294278504,0.2832874280379706,5.2811876099845285e-05,9.808171663738818e-07,0.0030485513228653447,0.010761336441858376,0.04673589034603466,0.2996197191665567,0.0988625,0.101325
0.1,0.1,0.0,1e-06,0.0,0.0,0,unit_total_var,0.3511392405063291,0.25815247947318104,0.969425,0.25815621285447904,0.25815247947318104,6.280687970949828e-05,9.85059707914182e-07,0.002772077859278866,0.010738141523706928,0.04663515609642095,0.2996197191665567,0.0988625,0.101325
0.1,0.1,0.0,1e-06,0.0,0.0,0,unit_total_var,0.3573417721518987,0.2340545653714772,0.9699,0.2340586291715454,0.2340545653714772,7.540423836793764e-05,9.692926253856982e-07,0.002510305419313821,0.0107252999544342,0.04657938586967971,0.2996197191665567,0.0988625,0.101325
0.1,0.1,0.0,1e-06,0.0,0.0,0,unit_total_var,0.3635443037974684,0.21100662194678332,0.97,0.21101107451332676,0.21100662194678332,9.164189541799317e-05,9.92549028189238e-07,0.002261403874318247,0.010717217561487628,0.046544284483107004,0.2996197191665567,0.0988625,0.101325
0.1,0.1,0.0,1e-06,0.0,0.0,0,unit_total_var,0.369746835443038,0.1891584733156182,0.9702375,0.1891633199299572,0.1891584733156182,0.000111273413321733,9.808035023040065e-07,0.0020268256170236578,0.010714960749560616,0.046534483273441056,0.2996197191665567,0.0988625,0.101325
0.1,0.1,0.0,1e-06,0.0,0.0,0,unit_total_var,0.3759493670886076,0.16855088055743855,0.970425,0.16855614199810462,0.16855088055743855,0.0001355661256177143,9.846987191197698e-07,0.001807212392477891,0.010722058446096527,0.046565308177838764,0.2996197191665567,0.0988625,0.101325
0.1,0.1,0.0,1e-06,0.0,0.0,0,unit_total_var,0.3821518987341772,0.14913034307679415,0.9706875,0.14913614667199945,0.14913034307679415,0.00016900788119400545,9.824246087752895e-07,0.0016017701679572286,0.010740739509547046,0.04664643900556521,0.2996197191665567,0.0988625,0.101325
0.1,0.1,0.0,1e-06,0.0,0.0,0,unit_total_var,0.3883544303797468,0.13091249517781076,0.9708375,0.13091886429525793,0.13091249517781076,0.00021128657530056216,9.863174613711223e-07,0.0014104781965027756,0.01077420604188321,0.046791782308785536,0.2996197191665567,0.0988625,0.101325
0.1,0.1,0.0,1e-06,0.0,0.0,0,unit_total_var,0.3945569620253165,0.114004413082939,0.9712375,0.11401127039890788,0.114004413082939,0.0002612183900136955,9.747177538432794e-07,0.0012336288590981668,0.010820886891463521,0.04699451466261838,0.2996197191665567,0.0988625,0.101325
0.1,0.1,0.0,1e-06,0.0,0.0,0,unit_total_var,0.4007594936708861,0.09847594668976813,0.9715875,0.09848347290452897,0.09847594668976813,0.0003319052776014076,9.839486072027448e-07,0.0010719114233482471,0.010885007551388394,0.04727298715043205,0.2996197191665567,0.0988625,0.101325
0.1,0.1,0.0,1e-06,0.0,0.0,0,unit_total_var,0.4069620253164557,0.08425249586045133,0.9717125,0.08425254738516283,0.08425249586045133,2.6559321248953442e-06,9.965985313942214e-07,0.0009230323298103811,0.010955548798687379,0.04757934389491728,0.3004848654046641,0.0988625,0.101325
0.1,0.1,0.0,1e-06,0.0,0.0,0,unit_total_var,0.4131645569620253,0.07129878584515556,0.971875,0.07130794673253063,0.07129878584515556,0.0005579712500072277,9.95898904732062e-07,0.000785453972939555,0.011016372349528913,0.04784349721991968,0.3004848654046641,0.0988625,0.101325
0.1,0.1,0.0,1e-06,0.0,0.0,0,unit_total_var,0.4193670886075949,0.05963474205965955,0.972025,0.0596448327885292,0.05963474205965955,0.0007348027325715378,9.831105145519103e-07,0.0006592964547066769,0.011055576530323654,0.048013758813786604,0.3004848654046641,0.0988625,0.101325
0.1,0.1,0.0,1e-06,0.0,0.0,0,unit_total_var,0.4255696202531646,0.04924667657492771,0.9722125,0.04925778223671239,0.04924667657492771,0.0009792709303901859,9.950414048415235e-07,0.0005450135934674861,0.011067012667103741,0.04806342532476544,0.3004848654046641,0.0988625,0.101325
0.1,0.1,0.0,1e-06,0.0,0.0,0,unit_total_var,0.4317721518987342,0.04012972969025959,0.9724,0.04014185747330242,0.04012972969025959,0.0013123022676904126,9.870991607846549e-07,0.00044386398822754533,0.011060727088208657,0.0480361274024684,0.3004848654046641,0.0988625,0.101325
0.1,0.1,0.0,1e-06,0.0,0.0,0,unit_total_var,0.4379746835443038,0.0322320312098327,0.972575,0.03224552081391732,0.0322320312098327,0.0018172094065640465,9.99150887401323e-07,0.00035607342374264226,0.011047191578606392,0.04797734343116829,0.3004848654046641,0.0988625,0.101325
0.1,0.1,0.0,1e-06,0.0,0.0,0,unit_total_var,0.4441772151898734,0.02545065813705149,0.9726125,0.025465626795000137,0.02545065813705149,0.002553527125771282,9.920567030433092e-07,0.00028083523060100726,0.011034497775606151,0.047922214945194566,0.3004848654046641,0.0988625,0.101325
0.1,0.1,0.0,1e-06,0.0,0.0,0,unit_total_var,0.450379746835443,0.01976691728670098,0.9726125,0.019783186009395343,0.01976691728670098,0.003572894280136296,9.903721864476522e-07,0.00021759852275404662,0.011008217396672423,0.04780808070966214,0.3004848654046641,0.0988625,0.101325
0.1,0.1,0.0,1e-06,0.0,0.0,0,unit_total_var,0.4565822784810127,0.015098615891572752,0.9727375,0.01511653052047894,0.015098615891572752,0.005149884289732397,9.969168013601593e-07,0.00016551009065168622,0.01096193795777434,0.047607091660271966,0.3004848654046641,0.0988625,0.101325
0.1,0.1,0.0,1e-06,0.0,0.0,0,unit_total_var,0.4627848101265823,0.011340402724379316,0.9728,0.011359678557336614,0.011340402724379316,0.007375647510372119,9.9648789420384e-07,0.00012370860543236496,0.010908660692130385,0.04737571143547132,0.3004848654046641,0.0988625,0.101325
0.1,0.1,0.0,1e-06,0.0,0.0,0,unit_total_var,0.4689873417721519,0.00840737559740056,0.9728875,0.008427958538405535,0.00840737559740056,0.010619405687599226,9.89384869597848e-07,9.122302305637356e-05,0.010850356570792244,0.047122499853777616,0.3004848654046641,0.0988625,0.101325
0.1,0.1,0.0,1e-06,0.0,0.0,0,unit_total_var,0.4751898734177215,0.006148058820479218,0.9729125,0.006170162117829449,0.006148058820479218,0.015585611626164562,9.914947113384004e-07,6.633371149125733e-05,0.010789374895096866,0.046857659801260436,0.3004848654046641,0.0988625,0.101325
0.1,0.1,0.0,1e-06,0.0,0.0,0,unit_total_var,0.4813924050632911,0.004437717633679262,0.9729625,0.004461121911101526,0.004437717633679262,0.02284426395664596,9.918555668869677e-07,4.7562738203689315e-05,0.010717837890973605,0.04654697853983422,0.3004848654046641,0.0988625,0.101325
0.1,0.1,0.0,1e-06,0.0,0.0,0,unit_total_var,0.4875949367088608,0.003169361389400821,0.9729,0.003193981618393878,0.003169361389400821,0.03360649563119367,9.950434318468232e-07,3.3708525454068016e-05,0.010635746862695493,0.04619046173388475,0.3004848654046641,0.0988625,0.101325
0.1,0.1,0.0,1e-06,0.0,0.0,0,unit_total_var,0.4937974683544304,0.002238100221515671,0.97285,0.0022595781669421024,0.002238100221515671,0.041478395205857055,9.940096775025442e-07,2.358935669917516e-05,0.010539901865163187,0.04577421219842163,0.3004848654046641,0.0988625,0.101325
0.1,0.1,0.0,1e-06,0.0,0.0,0,unit_total_var,0.5,0.0015690594421119658,0.9728625,0.0015877778385550627,0.0015690594421119658,0.05150339302539564,9.9693822016092e-07,1.637916759950743e-05,0.01043884454591532,0.0453353258373688,0.3004848654046641,0.0988625,0.101325
0.1,0.9,0.0,1.0,0.0,0.0,0,unit_total_var,0.01,0.9971043635797752,1.0,0.9971043635797752,0.9971043635857484,2.601574164429188e-11,9.649281764723128e-07,0.004310977741975539,0.00432349701740186,0.01877670897182795,0.2965537416761215,0.0987125,0.9012875
0.1,0.9,0.0,1.0,0.0,0.0,0,unit_total_var,0.016202531645569618,0.9910096829077396,1.0,0.991009683029397,0.9910096829077396,5.331447852641169e-10,9.484657823577436e-07,0.004287096543361278,0.00432598855218289,0.018787529569896662,0.2965537416761215,0.0987125,0.9012875
0.1,0.9,0.0,1.0,0.0,0.0,0,unit_total_var,0.02240506329113924,0.9849330143380758,1.0,0.9849330145406396,0.9849330143380758,8.931806960710276e-10,7.962956374285569e-07,0.004263767614069823,0.004328992481722514,0.018800575470127517,0.2965537416761215,0.0987125,0.9012875
0.1,0.9,0.0,1.0,0.0,0.0,0,unit_total_var,0.028607594936708863,0.9788654646149244,0.9999875,0.9788654649594196,0.9788654646149244,1.528426274433059e-09,7.570681361812603e-07,0.0042407591213439386,0.0043323207066174405,0.01881502976719151,0.2965537416761215,0.0987125,0.9012875
0.1,0.9,0.0,1.0,0.0,0.0,0,unit_total_var,0.03481012658227848,0.9728028235765398,1.0,0.9728028240854656,0.9728028235765398,2.2720293979539012e-09,7.773016648116027e-07,0.004217959619567909,0.004335883405498813,0.018830502371840138,0.2965537416761215,0.0987125,0.9012875
0.1,0.9,0.0,1.0,0.0,0.0,0,unit_total_var,0.0410126582278481,0.9667426973686186,1.0,0.9667426981212692,0.9667426973686186,3.381168095506482e-09,8.405613698414527e-07,0.0041953045782819045,0.004339628930946284,0.018846768982176788,0.2965537416761215,0.0987125,0.9012875
0.1,0.9,0.0,1.0,0.0,0.0,0,unit_total_var,0.047215189873417725,0.9606835685611276,0.9999875,0.9606835696724184,0.9606835685611276,5.023793353542416e-09,9.432216074856116e-07,0.0041727521740482325,0.0043435240391360205,0.018863685222108968,0.2965537416761215,0.0987125,0.9012875
0.1,0.9,0.0,1.0,0.0,0.0,0,unit_total_var,0.05341772151898734,0.9546244032089466,0.9999875,0.9546244044574308,0.9546244032089466,5.6798239167488154e-09,8.29007021252437e-07,0.0041502731221835214,0.004347545598281879,0.018881150631565917,0.2965537416761215,0.0987125,0.9012875
0.1,0.9,0.0,1.0,0.0,0.0,0,unit_total_var,0.05962025316455696,0.9485644588971176,1.0,0.9485644607329295,0.9485644588971176,8.405153600898886e-09,9.78085424208075e-07,0.004127845709808681,0.004351676547746759,0.0188990911171421,0.2965537416761215,0.0987125,0.9012875
0.1,0.9,0.0,1.0,0.0,0.0,0,unit_total_var,0.06582278481012659,0.9425031827299156,0.9999875,0.942503184790306,0.9425031827299156,9.494037889190564e-09,8.971305831551035e-07,0.004105453112618957,0.004355903712417932,0.01891744946004997,0.2965537416761215,0.0987125,0.9012875
0.1,0.9,0.0,1.0,0.0,0.0,0,unit_total_var,0.0720253164556962,0.9364401496814254,0.9999875,0.9364401523254516,0.9364401496814254,1.2262245996375043e-08,8.365615187244656e-07,0.004083081818873922,0.004360216528801096,0.018936179783616662,0.2965537416761215,0.0987125,0.9012875
0.1,0.9,0.0,1.0,0.0,0.0,0,unit_total_var,0.07822784810126583,0.9303750260872397,1.0,0.9303750290500276,0.9303750260872397,1.3830149081517362e-08,7.909773174219481e-07,0.00406072065943494,0.004364606256159517,0.01895524412730489,0.2965537416761215,0.0987125,0.9012875
0.1,0.9,0.0,1.0,0.0,0.0,0,unit_total_var,0.08443037974683544,0.9243075447324252,0.9999875,0.9243075485151466,0.9243075447324252,1.7773467475556967e-08,9.837175625193595e-07,0.0040383601739874654,0.0043690654663611096,0.01897461023114687,0.2965537416761215,0.0987125,0.9012875
0.1,0.9,0.0,1.0,0.0,0.0,0,unit_total_var,0.09063291139240506,0.9182374902622512,1.0,0.9182374945004572,0.9182374902622512,2.004524479737313e-08,9.490326888794699e-07,0.004015992192813785,0.004373587699699352,0.018994250040993647,0.2965537416761215,0.0987125,0.9012875
0.1,0.9,0.0,1.0,0.0,0.0,0,unit_total_var,0.09683544303797467,0.91216468512793,1.0,0.91216468987625,0.91216468512793,2.2607421490405955e-08,9.237475993018052e-07,0.003993609531735704,0.004378167228843774,0.019014138683365024,0.2965537416761215,0.0987125,0.9012875
0.1,0.9,0.0,1.0,0.0,0.0,0,unit_total_var,0.1030379746835443,0.9060889823051708,1.0,0.9060889883925664,0.9060889823051708,2.917729280405013e-08,9.503448978875895e-07,0.003971205784710654,0.004382798888700264,0.01903425372654229,0.2965537416761215,0.0987125,0.9012875
0.1,0.9,0.0,1.0,0.0,0.0,0,unit_total_var,0.10924050632911393,0.9000102619789583,1.0,0.9000102619789583,0.9000102626817365,3.3912133656777144e-09,8.981655028605928e-07,0.003948775184389362,0.004387477955758778,0.019054574656581967,0.29594155878863626,0.0987125,0.9012875
0.1,0.9,0.0,1.0,0.0,0.0,0,unit_total_var,0.11544303797468355,0.8939284228422135,1.0,0.8939284303914792,0.8939284228422135,3.6676363723842094e-08,8.897155865383866e-07,0.003926312469455236,0.004392200056657408,0.019075082480214615,0.29594155878863626,0.0987125,0.9012875
0.1,0.9,0.0,1.0,0.0,0.0,0,unit_total_var,0.12164556962025315,0.887843379275022,0.9999875,0.8878433877195379,0.887843379275022,4.130690967052431e-08,8.892297493900968e-07,0.0039038128010972415,0.004396961099473358,0.01909575942644534,0.29594155878863626,0.0987125,0.9012875
0.1,0.9,0.0,1.0,0.0,0.0,0,unit_total_var,0.12784810126582274,0.8817550618300809,1.0,0.8817550712753804,0.8817550618300809,4.652132590265978e-08,8.93196340001623e-07,0.0038812717149116437,0.00440175722593083,0.01911658873899524,0.29594155878863626,0.0987125,0.9012875
0.1,0.9,0.0,1.0,0.0,0.0,0,unit_total_var,0.1340506329113924,0.8756634123504864,1.0,0.8756634229143534,0.8756634123504864,5.239260947309532e-08,9.012523136675554e-07,0.0038586850567788665,0.0044065847703071755,0.019137554497833147,0.29594155878863626,0.0987125,0.9012875
0.1,0.9,0.0,1.0,0.0,0.0,0,unit_total_var,0.14025316455696205,0.8695683829604477,0.9999875,0.8695683947743199,0.8695683829604477,5.900282906701193e-08,9.131357714409204e-07,0.003836048947347886,0.0044114402300231385,0.01915864149145061,0.29594155878863626,0.0987125,0.9012875
0.1,0.9,0.0,1.0,0.0,0.0,0,unit_total_var,0.14645569620253165,0.8634699346755413,1.0,0.8634699478860745,0.8634699346755413,6.644425420976319e-08,9.286648285922184e-07,0.0038133597513153135,0.0044163202425203454,0.019179835116442168,0.29594155878863626,0.0987125,0.9012875
0.1,0.9,0.0,1.0,0.0,0.0,0,unit_total_var,0.15265822784810126,0.8573680362612259,0.9999875,0.8573680494126209,0.8573680362612259,6.661757767645327e-08,9.477221531994928e-07,0.0037906140530579615,0.004421221567330536,0.01920112129963298,0.29594155878863626,0.0987125,0.9012875
0.1,0.9,0.0,1.0,0.0,0.0,0,unit_total_var,0.1588607594936709,0.8512626632849517,1.0,0.8512626780040029,0.8512626632849517,7.509318722398461e-08,9.702437608893886e-07,0.003767808637150236,0.004426141072146377,0.019222486437585142,0.29594155878863626,0.0987125,0.9012875
0.1,0.9,0.0,1.0,0.0,0.0,0,unit_total_var,0.1650632911392405,0.8451537973209637,1.0,0.8451538137923824,0.8451537973209637,8.464076239889097e-08,9.962105771421648e-07,0.0037449404726653795,0.004431075722000413,0.019243917349602468,0.29594155878863626,0.0987125,0.9012875
0.1,0.9,0.0,1.0,0.0,0.0,0,unit_total_var,0.17126582278481015,0.8390414273646021,1.0,0.8390414437067626,0.8390414273646021,8.458831557422997e-08,8.103782072055309e-07,0.0037220067086477866,0.0044360225696345795,0.01926540123590581,0.29594155878863626,0.0987125,0.9012875
0.1,0.9,0.0,1.0,0.0,0.0,0,unit_total_var,0.17746835443037975,0.8329255411370259,1.0,0.8329255594364054,0.8329255411370259,9.541452483663447e-08,8.380144471686891e-07,0.0036990046317174467,0.0044409787538366744,0.01928692567040846,0.29594155878863626,0.0987125,0.9012875
0.1,0.9,0.0,1.0,0.0,0.0,0,unit_total_var,0.18367088607594936,0.8268061364468593,1.0,0.82680615693521,0.8268061364468593,1.0761866831021648e-07,8.686124033374655e-07,0.003675931704071925,0.00444594148740717,0.01930847854845669,0.29594155878863626,0.0987125,0.9012875
0.1,0.9,0.0,1.0,0.0,0.0,0,unit_total_var,0.18987341772151897,0.8206832130552646,0.9999875,0.820683235991372,0.8206832130552646,1.213747838901824e-07,9.022793712176736e-07,0.003652785526006028,0.004450908057942755,0.01933004809023257,0.29594155878863626,0.0987125,0.9012875
0.1,0.9,0.0,1.0,0.0,0.0,0,unit_total_var,0.1960759493670886,0.8145567741782185,1.0,0.8145567998510013,0.8145567741782185,1.3687870603629193e-07,9.39145042622158e-07,0.0036295638372135976,0.0044558758238495465,0.01935162282343964,0.29594155878863626,0.0987125,0.9012875
0.1,0.9,0.0,1.0,0.0,0.0,0,unit_total_var,0.20227848101265825,0.8084268248074086,1.0,0.808426851949433,0.8084268248074086,1.4580950136178214e-07,8.414606966766769e-07,0.0036062645025422366,0.004460842208447694,0.019373191557699485,0.29594155878863626,0.0987125,0.9012875
0.1,0.9,0.0,1.0,0.0,0.0,0,unit_total_var,0.20848101265822785,0.8022933771508679,1.0,0.8022933771508679,0.8022933812830074,2.2367944829682077e-08,8.506447919387483e-07,0.003582885544745147,0.004465804712820657,0.019394743440355473,0.2981959350162569,0.0987125,0.9012875
0.1,0.9,0.0,1.0,0.0,0.0,0,unit_total_var,0.21468354430379746,0.7961564453854922,1.0,0.7961564742651907,0.7961564453854922,1.575355383920396e-07,8.57268581455628e-07,0.0035594251039917937,0.004470760897085183,0.01941626787512926,0.2981959350162569,0.0987125,0.9012875
0.1,0.9,0.0,1.0,0.0,0.0,0,unit_total_var,0.2208860759493671,0.7900160353486521,1.0,0.790016067717751,0.7900160353486521,1.7794222073597157e-07,9.001387226703629e-07,0.0035358813905309577,0.0044757083809957,0.01943775452474569,0.2981959350162569,0.0987125,0.9012875
0.1,0.9,0.0,1.0,0.0,0.0,0,unit_total_var,0.2270886075949367,0.7838721673631259,1.0,0.7838722036376031,0.7838721673631259,2.00974157316125e-07,9.465248211881772e-07,0.0035122527954695466,0.004480644857291518,0.01945919336889889,0.2981959350162569,0.0987125,0.9012875
0.1,0.9,0.0,1.0,0.0,0.0,0,unit_total_var,0.23329113924050635,0.7777248595483803,1.0,0.7777248962156992,0.7777248595483803,2.047563938400998e-07,9.966584162413028e-07,0.003488537805404625,0.00448556808050394,0.019480574655642218,0.2981959350162569,0.0987125,0.9012875
0.1,0.9,0.0,1.0,0.0,0.0,0,unit_total_var,0.23949367088607595,0.7715741360570819,1.0,0.7715741728959606,0.7715741360570819,2.0735429839824349e-07,8.47896005851112e-07,0.003464735037575009,0.004490475867012064,0.01950188890163059,0.2981959350162569,0.0987125,0.9012875
0.1,0.9,0.0,1.0,0.0,0.0,0,unit_total_var,0.2456962025316456,0.7654200102805989,1.0,0.7654200516234441,0.7654200102805989,2.345766865197163e-07,8.967344999888381e-07,0.003440843169657857,0.004495366104155628,0.019523126931697082,0.2981959350162569,0.0987125,0.9012875
0.1,0.9,0.0,1.0,0.0,0.0,0,unit_total_var,0.2518987341772152,0.7592625089913321,1.0,0.7592625553810519,0.7592625089913321,2.6534694574920076e-07,9.494619117589308e-07,0.00341686103579413,0.004500236736742573,0.019544279820255958,0.2981959350162569,0.0987125,0.9012875
0.1,0.9,0.0,1.0,0.0,0.0,0,unit_total_var,0.2581012658227848,0.7531016612128336,1.0,0.7531017035606741,0.7531016612128336,2.4420916688860933e-07,8.167064464714712e-07,0.0033927875797271643,0.00450508577323179,0.019565338918154103,0.2981959350162569,0.0987125,0.9012875
0.1,0.9,0.0,1.0,0.0,0.0,0,unit_total_var,0.2643037974683544,0.7469374833602551,1.0,0.7469375309520968,0.7469374833602551,2.7671490632208423e-07,8.681724459336236e-07,0.00336862179182522,0.004509911293607555,0.01958629588686917,0.2981959350162569,0.0987125,0.9012875
0.1,0.9,0.0,1.0,0.0,0.0,0,unit_total_var,0.2705063291139241,0.7407700062510184,1.0,0.7407700597268306,0.7407700062510184,3.135149793109804e-07,9.237569269515688e-07,0.0033443628177308965,0.004514711434735953,0.019607142634913373,0.2981959350162569,0.0987125,0.9012875
0.1,0.9,0.0,1.0,0.0,0.0,0,unit_total_var,0.2767088607594937,0.7345992573845083,1.0,0.7345993119393881,0.7345992573845083,3.2252799275767075e-07,9.83779154140052e-07,0.0033200098838930808,0.004519484399853268,0.01962787135904104,0.2981959350162569,0.0987125,0.9012875
0.1,0.9,0.0,1.0,0.0,0.0,0,unit_total_var,0.2829113924050633,0.7284252711458821,1.0,0.7284253264732464,0.7284252711458821,3.2986730547079896e-07,8.574667695881998e-07,0.0032955623376468533,0.004524228453060972,0.01964847452034065,0.2981959350162569,0.0987125,0.9012875
0.1,0.9,0.0,1.0,0.0,0.0,0,unit_total_var,0.2891139240506329,0.7222480653724761,0.9999875,0.7222481276245014,0.7222480653724761,3.7432720412233783e-07,9.164134571193472e-07,0.003271019548097918,0.004528941931344593,0.019668944896432127,0.2981959350162569,0.0987125,0.9012875
0.1,0.9,0.0,1.0,0.0,0.0,0,unit_total_var,0.2953164556962025,0.7160676753337494,1.0,0.7160677391030115,0.7160676753337494,3.867600557594386e-07,9.801464369019186e-07,0.0032463810447716413,0.00453362322668531,0.019689275503778445,0.2981959350162569,0.0987125,0.9012875
0.1,0.9,0.0,1.0,0.0,0.0,0,unit_total_var,0.3015189873417722,0.7098841289563337,1.0,0.7098842033242938,0.7098841289563337,4.54969926622084e-07,8.435185598898445e-07,0.003221646403743709,0.004538270785797324,0.019709459596545117,0.2981959350162569,0.0987125,0.9012875
0.1,0.9,0.0,1.0,0.0,0.0,0,unit_total_var,0.3077215189873418,0.7036974619569163,1.0,0.7036974619569163,0.7036974726646003,6.608362634885623e-08,9.042692532545973e-07,0.003196815343991456,0.004542883151946313,0.01972949084821535,0.2995873125167871,0.0987125,0.9012875
0.1,0.9,0.0,1.0,0.0,0.0,0,unit_total_var,0.3139240506329114,0.6975077158867751,1.0,0.6975077911474281,0.6975077158867751,4.68601046410555e-07,9.939981779893971e-07,0.0031718876772846233,0.0045474589098301954,0.019749363112210302,0.2995873125167871,0.0987125,0.9012875
0.1,0.9,0.0,1.0,0.0,0.0,0,unit_total_var,0.320126582278481,0.6913149078796084,1.0,0.6913149848567447,0.6913149078796084,4.835819868986846e-07,8.832378668444107e-07,0.0031468631676238572,0.004551996683068608,0.019769070410986016,0.2995873125167871,0.0987125,0.9012875
0.1,0.9,0.0,1.0,0.0,0.0,0,unit_total_var,0.3263291139240506,0.6851190661814244,1.0,0.6851191530196882,0.6851190661814244,5.504645581577704e-07,9.512211391893287e-07,0.0031217417346981816,0.004556495197393211,0.0197886072104654,0.2995873125167871,0.0987125,0.9012875
0.1,0.9,0.0,1.0,0.0,0.0,0,unit_total_var,0.3325316455696203,0.6789202386412675,1.0,0.6789203201650861,0.6789202386412675,5.214948735066115e-07,8.50940327978833e-07,0.003096523446113217,0.004560953216404821,0.01980796814103501,0.2995873125167871,0.0987125,0.9012875
0.1,0.9,0.0,1.0,0.0,0.0,0,unit_total_var,0.3387341772151899,0.6727184428434168,1.0,0.6727185349459749,0.6727184428434168,5.945968994947036e-07,9.190913985435144e-07,0.0030712083145643908,0.00456536957955715,0.01982714816250639,0.2995873125167871,0.0987125,0.9012875
0.1,0.9,0.0,1.0,0.0,0.0,0,unit_total_var,0.3449367088607595,0.6665137192198267,1.0,0.6665138146375688,0.6665137192198267,6.217335770664079e-07,9.931569469046051e-07,0.0030457965202016863,0.0045697431761297855,0.01984614245108205,0.2995873125167871,0.0987125,0.9012875
0.1,0.9,0.0,1.0,0.0,0.0,0,unit_total_var,0.3511392405063291,0.6603061105951306,1.0,0.6603062089331182,0.6603061105951306,6.467855064862249e-07,8.963972835118739e-07,0.0030202883222245785,0.0045740729545913315,0.019864946440019172,0.2995873125167871,0.0987125,0.9012875
0.1,0.9,0.0,1.0,0.0,0.0,0,unit_total_var,0.3573417721518987,0.6540956325101344,0.9999875,0.6540957437467853,0.6540956325101344,7.385687532668328e-07,9.712599009503722e-07,0.0029946839296701795,0.004578357935487025,0.019883555875599798,0.2995873125167871,0.0987125,0.9012875
0.1,0.9,0.0,1.0,0.0,0.0,0,unit_total_var,0.3635443037974684,0.6478823370035288,1.0,0.6478824426951485,0.6478823370035288,7.084817850167012e-07,8.822662955765281e-07,0.00296898377147452,0.00458259718146684,0.01990196668696443,0.2995873125167871,0.0987125,0.9012875
0.1,0.9,0.0,1.0,0.0,0.0,0,unit_total_var,0.369746835443038,0.6416662388680127,1.0,0.641666358594021,0.6416662388680127,8.103331103903598e-07,9.584328326539548e-07,0.0029431881788026266,0.004586789830169052,0.019920175128923728,0.2995873125167871,0.0987125,0.9012875
0.1,0.9,0.0,1.0,0.0,0.0,0,unit_total_var,0.3759493670886076,0.6354473912284999,1.0,0.6354475055715644,0.6354473912284999,7.814739373390722e-07,8.76105464620025e-07,0.002917297706874099,0.004590935059524182,0.019938177631275283,0.2995873125167871,0.0987125,0.9012875
0.1,0.9,0.0,1.0,0.0,0.0,0,unit_total_var,0.3821518987341772,0.6292258078322421,1.0,0.6292259375419464,0.6292258078322421,8.952621199931343e-07,9.541140180147067e-07,0.002891312798666331,0.004595032121500624,0.01995597094535913,0.2995873125167871,0.0987125,0.9012875
0.1,0.9,0.0,1.0,0.0,0.0,0,unit_total_var,0.3883544303797468,0.6230015429515231,0.9999875,0.6230016674632309,0.6230015429515231,8.679712411030495e-07,8.77561361356527e-07,0.0028652341270149467,0.004599080306351497,0.019973551988783724,0.2995873125167871,0.0987125,0.9012875
0.1,0.9,0.0,1.0,0.0,0.0,0,unit_total_var,0.3945569620253165,0.6167746089881951,1.0,0.6167747504311807,0.6167746089881951,9.959537918824424e-07,9.57991291627991e-07,0.002839062236465985,0.004603078977462128,0.019990917996766645,0.2995873125167871,0.0987125,0.9012875
0.1,0.9,0.0,1.0,0.0,0.0,0,unit_total_var,0.4007594936708861,0.6105450261213424,1.0,0.6105451979323868,0.6105450261213424,1.2221306344706306e-06,9.814749244441143e-07,0.00281279773604936,0.0046070275175582745,0.02000806628851995,0.2995873125167871,0.0987125,0.9012875
0.1,0.9,0.0,1.0,0.0,0.0,0,unit_total_var,0.4069620253164557,0.6043128840306079,1.0,0.6043128840306079,0.604312911135066,1.947884391562127e-07,9.503705404867445e-07,0.002786441643547521,0.004610925428170071,0.020024994699216498,0.29479969033348474,0.0987125,0.9012875
0.1,0.9,0.0,1.0,0.0,0.0,0,unit_total_var,0.4131645569620253,0.598078214920142,1.0,0.5980783654514232,0.598078214920142,1.093082725667216e-06,9.029598366794287e-07,0.002759994735283873,0.004614772226158414,0.020041701130609837,0.29479969033348474,0.0987125,0.9012875
0.1,0.9,0.0,1.0,0.0,0.0,0,unit_total_var,0.4193670886075949,0.5918409815909037,1.0,0.5918411530643969,0.5918409815909037,1.2582768582625192e-06,9.90182891236202e-07,0.002733457489484834,0.004618567443804142,0.020058183551421454,0.29479969033348474,0.0987125,0.9012875
0.1,0.9,0.0,1.0,0.0,0.0,0,unit_total_var,0.4255696202531646,0.5856012696805301,1.0,0.5856014367939523,0.5856012696805301,1.239348862647205e-06,9.272088101752728e-07,0.0027068310206283773,0.004622310709990549,0.020074440349911973,0.29479969033348474,0.0987125,0.9012875
0.1,0.9,0.0,1.0,0.0,0.0,0,unit_total_var,0.4317721518987342,0.5793590992062859,1.0,0.5793592626270462,0.5793590992062859,1.2250213123898843e-06,8.715738273323835e-07,0.002680116177181151,0.004626001698864959,0.0200904701109212,0.29479969033348474,0.0987125,0.9012875
0.1,0.9,0.0,1.0,0.0,0.0,0,unit_total_var,0.4379746835443038,0.5731144898351754,0.9999875,0.5731146765380245,0.5731144898351754,1.414795915088973e-06,9.596865604422078e-07,0.0026533138435163553,0.004629640133997369,0.020106271633928884,0.29479969033348474,0.0987125,0.9012875
0.1,0.9,0.0,1.0,0.0,0.0,0,unit_total_var,0.4441772151898734,0.566867500893808,1.0,0.5668676843820017,0.566867500893808,1.4057587889304557e-06,9.072982036784084e-07,0.0026264251148417693,0.004633225772690364,0.02012184386491355,0.29479969033348474,0.0987125,0.9012875
0.1,0.9,0.0,1.0,0.0,0.0,0,unit_total_var,0.450379746835443,0.5606181512702202,1.0,0.5606183322105124,0.5606181512702202,1.4016912865955078e-06,8.610028032762785e-07,0.002599450942117273,0.004636758435715235,0.0201371860254948,0.29479969033348474,0.0987125,0.9012875
0.1,0.9,0.0,1.0,0.0,0.0,0,unit_total_var,0.4565822784810127,0.5543664590998537,1.0,0.5543666664180494,0.5543664590998537,1.6241446441078722e-06,9.517676460291112e-07,0.0025723923044620217,0.0046402379910193605,0.020152297542175398,0.29479969033348474,0.0987125,0.9012875
0.1,0.9,0.0,1.0,0.0,0.0,0,unit_total_var,0.4627848101265823,0.5481124850210867,1.0,0.5481126904715442,0.5481124850210867,1.6278772285716059e-06,9.082876442079169e-07,0.002545250399654855,0.004643664337543664,0.02016717797606132,0.29479969033348474,0.0987125,0.9012875
0.1,0.9,0.0,1.0,0.0,0.0,0,unit_total_var,0.4689873417721519,0.5418562464402186,1.0,0.5418564507246852,0.5418562464402186,1.6373272515579629e-06,8.700025651009468e-07,0.0025180262619547283,0.004647037435661517,0.020181827155056342,0.29479969033348474,0.0987125,0.9012875
0.1,0.9,0.0,1.0,0.0,0.0,0,unit_total_var,0.4751898734177215,0.5355977595629307,1.0,0.5355979942983342,0.5355977595629307,1.9033736848861336e-06,9.653289776423435e-07,0.0024907209460613327,0.0046503572906911725,0.02019624510225733,0.29479969033348474,0.0987125,0.9012875
0.1,0.9,0.0,1.0,0.0,0.0,0,unit_total_var,0.4813924050632911,0.5293370870031469,1.0,0.5293373215506756,0.5293370870031469,1.9243441924388094e-06,9.29730076926205e-07,0.0024633357382478037,0.004653623935919607,0.020210431962227767,0.29479969033348474,0.0987125,0.9012875
0.1,0.9,0.0,1.0,0.0,0.0,0,unit_total_var,0.4875949367088608,0.5230742443197095,1.0,0.523074479461629,0.5230742443197095,1.9523196992388137e-06,8.986993851323177e-07,0.0024358717375746524,0.004656837464331005,0.020224388138792862,0.29479969033348474,0.0987125,0.9012875
0.1,0.9,0.0,1.0,0.0,0.0,0,unit_total_var,0.4937974683544304,0.5168092625866261,1.0,0.5168095163003326,0.5168092625866261,2.13205226051727e-06,8.718450628109052e-07,0.002408330133110592,0.004659998005950822,0.020238114196645986,0.29479969033348474,0.0987125,0.9012875
0.1,0.9,0.0,1.0,0.0,0.0,0,unit_total_var,0.5,0.510542103836377,1.0,0.5105424284828636,0.510542103836377,2.7616161681898173e-06,9.331503694198773e-07,0.00238071179516511,0.004663105701323512,0.02025161074616394,0.29479969033348474,0.0987125,0.9012875
0.1,0.9,0.0,1e-06,0.0,0.0,0,unit_total_var,0.01,1.1245730206729725,0.6321,1.1245730206729725,1.124573021556688,3.4127867198918693e-09,7.056555801909782e-07,0.005771150242371735,0.005131859057865477,0.02228738070736197,0.2937967531324424,0.0987125,0.9012875
0.1,0.9,0.0,1e-06,0.0,0.0,0,unit_total_var,0.016202531645569618,1.2145110218112194,0.7101375,1.2145110634434324,1.2145110218112194,1.4887176602584873e-07,7.069861105435393e-07,0.007947921476574185,0.00654413285168983,0.02842080786330684,0.2937967531324424,0.0987125,0.9012875
0.1,0.9,0.0,1e-06,0.0,0.0,0,unit_total_var,0.02240506329113924,1.3184476385812045,0.7604,1.3184476385812045,1.3184476451482536,2.1631752389339454e-08,8.472333732356673e-07,0.010626883786306328,0.00806014852265353,0.035004780267090745,0.2937967531324424,0.0987125,0.9012875
0.1,0.9,0.0,1e-06,0.0,0.0,0,unit_total_var,0.028607594936708863,1.4393047271363069,0.79985,1.4393047271363069,1.439304816908362,2.708773634285677e-07,7.267582944336938e-07,0.013675818257159569,0.009501683694438686,0.04126528797284824,0.2937967531324424,0.0987125,0.9012875
0.1,0.9,0.0,1e-06,0.0,0.0,0,unit_total_var,0.03481012658227848,1.5817347930553785,0.83055,1.5817347930553785,1.5817348036866108,2.9190011074931018e-08,8.924879395522112e-07,0.01714108063182944,0.010836886630481615,0.04706400064629289,0.2937967531324424,0.0987125,0.9012875
0.1,0.9,0.0,1e-06,0.0,0.0,0,unit_total_var,0.0410126582278481,1.752371319144875,0.8575,1.7523713566597912,1.752371319144875,9.297413594566707e-08,8.137573885846905e-07,0.021152984068244042,0.012071062700664551,0.05242395921606778,0.2937967531324424,0.0987125,0.9012875
0.1,0.9,0.0,1e-06,0.0,0.0,0,unit_total_var,0.047215189873417725,1.9595254492217489,0.8804,1.959525637180956,1.9595254492217489,4.165786302579022e-07,6.902586306978263e-07,0.025883207716890136,0.013208916335927148,0.057365594766148775,0.2937967531324424,0.0987125,0.9012875
0.1,0.9,0.0,1e-06,0.0,0.0,0,unit_total_var,0.05341772151898734,2.2034328020855884,0.9013625,2.203433313865797,2.2034328020855884,1.0087137414238614e-06,6.710393520847903e-07,0.031299142904860904,0.014204718598740888,0.061690309044216574,0.2937967531324424,0.0987125,0.9012875
0.1,0.9,0.0,1e-06,0.0,0.0,0,unit_total_var,0.05962025316455696,2.426008703882069,0.9165625,2.4260090156582104,2.426008703882069,5.581292805700854e-07,7.289037284863299e-07,0.036005237430887904,0.014841347177886368,0.06445515183366447,0.2937967531324424,0.0987125,0.9012875
0.1,0.9,0.0,1e-06,0.0,0.0,0,unit_total_var,0.06582278481012659,2.533848620231921,0.9263375,2.533848620231921,2.5338505461013803,3.300884490187172e-06,9.791960415839185e-07,0.037922524284541306,0.014966373279659575,0.06499813329460427,0.2937967531324424,0.0987125,0.9012875
0.1,0.9,0.0,1e-06,0.0,0.0,0,unit_total_var,0.0720253164556962,2.5403878755375504,0.9329,2.540387897480321,2.5403878755375504,3.751247668049018e-08,8.58166870898458e-07,0.03746330604783017,0.014747081108589712,0.06404575949640201,0.2937967531324424,0.0987125,0.9012875
0.1,0.9,0.0,1e-06,0.0,0.0,0,unit_total_var,0.07822784810126583,2.4953777999813367,0.9373875,2.4953777999813367,2.4953778372771085,6.490940007708446e-08,8.391493686588092e-07,0.03582946252761142,0.01435833184373099,0.062357442890681125,0.2937967531324424,0.0987125,0.9012875
0.1,0.9,0.0,1e-06,0.0,0.0,0,unit_total_var,0.08443037974683544,2.42906687937538,0.9404875,2.429066970691271,2.42906687937538,1.6326428564639173e-07,9.612394258340371e-07,0.033766031355224484,0.013900824074431084,0.06037051189433298,0.2937967531324424,0.0987125,0.9012875
0.1,0.9,0.0,1e-06,0.0,0.0,0,unit_total_var,0.09063291139240506,2.3562873564946627,0.943175,2.356287466866479,2.3562873564946627,2.0342964246466977e-07,9.207356121976319e-07,0.03163751358764292,0.013426848597409,0.05831206255205144,0.2937967531324424,0.0987125,0.9012875
0.1,0.9,0.0,1e-06,0.0,0.0,0,unit_total_var,0.09683544303797467,2.2838723278814737,0.945375,2.283872453103208,2.2838723278814737,2.381179808885747e-07,9.62905534862557e-07,0.029603183203157243,0.012961838033484665,0.05629254733266086,0.2937967531324424,0.0987125,0.9012875
0.1,0.9,0.0,1e-06,0.0,0.0,0,unit_total_var,0.1030379746835443,2.2147744176170425,0.946675,2.2147745487343893,2.2147744176170425,2.571076227475544e-07,8.699716680382609e-07,0.02772343247257809,0.01251749715549214,0.05436279941869887,0.2937967531324424,0.0987125,0.9012875
0.1,0.9,0.0,1e-06,0.0,0.0,0,unit_total_var,0.10924050632911393,2.1501002946108927,0.9481875,2.1501002948062693,2.1501002946108927,3.946376558872089e-10,8.78252819802583e-07,0.02601330569300337,0.01209864756458305,0.05254375875790634,0.2956873628061281,0.0987125,0.9012875
0.1,0.9,0.0,1e-06,0.0,0.0,0,unit_total_var,0.11544303797468355,2.090089440141845,0.9494375,2.0900895981180554,2.090089440141845,3.2825482287890395e-07,8.973816143509339e-07,0.02446783539486233,0.01170659729910975,0.050841106088668764,0.2956873628061281,0.0987125,0.9012875
0.1,0.9,0.0,1e-06,0.0,0.0,0,unit_total_var,0.12164556962025315,2.0345872204979503,0.950625,2.0345873864675705,2.0345872204979503,3.5427179811975407e-07,8.991951752079784e-07,0.02307400926034824,0.011340879873756921,0.04925281549100277,0.2956873628061281,0.0987125,0.9012875
0.1,0.9,0.0,1e-06,0.0,0.0,0,unit_total_var,0.12784810126582274,1.9832752825056656,0.9517625,1.9832754546964444,1.9832752825056656,3.770606253894471e-07,8.947613263643461e-07,0.02181644149624281,0.011000208437368292,0.047773298241346414,0.2956873628061281,0.0987125,0.9012875
0.1,0.9,0.0,1e-06,0.0,0.0,0,unit_total_var,0.1340506329113924,1.9357815704366397,0.952825,1.9357817484205524,1.9357815704366397,3.993086239439947e-07,8.904365831341465e-07,0.020679907794828152,0.010682975863936723,0.04639557468013343,0.2956873628061281,0.0987125,0.9012875
0.1,0.9,0.0,1e-06,0.0,0.0,0,unit_total_var,0.14025316455696205,1.8917301759113088,0.9545625,1.8917303602135715,1.8917301759113088,4.231124113296403e-07,8.900820311907863e-07,0.019650297835334254,0.010387473903812977,0.04511222597340004,0.2956873628061281,0.0987125,0.9012875
0.1,0.9,0.0,1e-06,0.0,0.0,0,unit_total_var,0.14645569620253165,1.850762750195344,0.9554375,1.850762942081879,1.850762750195344,4.502752122270692e-07,8.962205342299967e-07,0.01871486402734393,0.010111973577039314,0.0439157432565966,0.2956873628061281,0.0987125,0.9012875
0.1,0.9,0.0,1e-06,0.0,0.0,0,unit_total_var,0.15265822784810126,1.8125478869666225,0.956575,1.8125480883048384,1.8125478869666225,4.824152353144484e-07,9.105329841219143e-07,0.017862252098527848,0.009854775273508002,0.04279874521681134,0.2956873628061281,0.0987125,0.9012875
0.1,0.9,0.0,1e-06,0.0,0.0,0,unit_total_var,0.1588607594936709,1.7767856382487146,0.957425,1.776785835010741,1.7767856382487146,4.809396010330147e-07,9.341114246552705e-07,0.017082507062705216,0.009614275743213772,0.04175426902774025,0.2956873628061281,0.0987125,0.9012875
0.1,0.9,0.0,1e-06,0.0,0.0,0,unit_total_var,0.1650632911392405,1.7432092216799782,0.958275,1.743209431907532,1.7432092216799782,5.237504479005395e-07,9.67695081399711e-07,0.0163670637745331,0.009389041528107402,0.0407760892601752,0.2956873628061281,0.0987125,0.9012875
0.1,0.9,0.0,1e-06,0.0,0.0,0,unit_total_var,0.17126582278481015,1.7115843242265891,0.9593,1.7115845333008004,1.7115843242265891,5.305012988898739e-07,8.615863826832992e-07,0.015708674220180224,0.00917785586011281,0.03985892155750416,0.2956873628061281,0.0987125,0.9012875
0.1,0.9,0.0,1e-06,0.0,0.0,0,unit_total_var,0.17746835443037975,1.681706330375598,0.9602125,1.6817065576756505,1.681706330375598,5.869939956326675e-07,9.087447079281219e-07,0.015101250185112063,0.00897971893923911,0.03899842384353667,0.2956873628061281,0.0987125,0.9012875
0.1,0.9,0.0,1e-06,0.0,0.0,0,unit_total_var,0.18367088607594936,1.6533964615960512,0.9608125,1.6533966915892873,1.6533964615960512,6.041187869954e-07,9.666605169655895e-07,0.014539653580118538,0.008793809541652924,0.03819102958848029,0.2956873628061281,0.0987125,0.9012875
0.1,0.9,0.0,1e-06,0.0,0.0,0,unit_total_var,0.18987341772151897,1.6264974260654501,0.9617625,1.6264976603777,1.6264974260654501,6.256419982086925e-07,8.821935679748094e-07,0.014019477578005618,0.008619428074915059,0.037433700500975775,0.2956873628061281,0.0987125,0.9012875
0.1,0.9,0.0,1e-06,0.0,0.0,0,unit_total_var,0.1960759493670886,1.6008696124154478,0.9618625,1.600869853352909,1.6008696124154478,6.536310093174791e-07,9.536820293476469e-07,0.01353686050021613,0.008455941942574102,0.03672368924954195,0.2956873628061281,0.0987125,0.9012875
0.1,0.9,0.0,1e-06,0.0,0.0,0,unit_total_var,0.20227848101265825,1.5763885318984503,0.9623,1.5763887969756851,1.5763885318984503,7.302867799374724e-07,9.992911849110444e-07,0.013088350431163529,0.00830274400398053,0.03605835905584055,0.2956873628061281,0.0987125,0.9012875
0.1,0.9,0.0,1e-06,0.0,0.0,0,unit_total_var,0.20848101265822785,1.5529430210775732,0.9628125,1.5529430326186329,1.5529430210775732,3.227561107266297e-08,9.704493040274542e-07,0.012670809884782678,0.008159223946278799,0.03543505936481756,0.29686333129980064,0.0987125,0.9012875
0.1,0.9,0.0,1e-06,0.0,0.0,0,unit_total_var,0.21468354430379746,1.5304339760899006,0.9632875,1.5304342495553722,1.5304339760899006,7.760186755412234e-07,9.129855804701492e-07,0.012281356277231238,0.008024754069175088,0.034851064108734064,0.29686333129980064,0.0987125,0.9012875
0.1,0.9,0.0,1e-06,0.0,0.0,0,unit_total_var,0.2208860759493671,1.5087731309182133,0.9637625,1.5087733979828293,1.5087731309182133,7.687350498386536e-07,8.649196834298323e-07,0.011917330834477005,0.00789868973026072,0.03430357364118115,0.29686333129980064,0.0987125,0.9012875
0.1,0.9,0.0,1e-06,0.0,0.0,0,unit_total_var,0.2270886075949367,1.4878817474075017,0.964375,1.487882032350092,1.4878817474075017,8.317124868817415e-07,9.687154181037272e-07,0.01157629041111721,0.0077803833747459045,0.033789775667439466,0.29686333129980064,0.0987125,0.9012875
0.1,0.9,0.0,1e-06,0.0,0.0,0,unit_total_var,0.23329113924050635,1.4676894919561436,0.965225,1.4676897971154819,1.4676894919561436,9.02977119743298e-07,9.295121445873631e-07,0.011256016091981128,0.007669208067286123,0.033306947441902664,0.29686333129980064,0.0987125,0.9012875
0.1,0.9,0.0,1e-06,0.0,0.0,0,unit_total_var,0.23949367088607595,1.4481333604522744,0.9657375,1.4481336642966474,1.4481333604522744,9.11227683531024e-07,8.973097793685271e-07,0.01095452194288951,0.007564580888785162,0.03285255737910192,0.29686333129980064,0.0987125,0.9012875
0.1,0.9,0.0,1e-06,0.0,0.0,0,unit_total_var,0.2456962025316456,1.4291571817651596,0.9662125,1.4291574860547431,1.4291571817651596,9.246797667561424e-07,8.710962369207209e-07,0.010670058987621958,0.007465980036180003,0.032424339317128154,0.29686333129980064,0.0987125,0.9012875
0.1,0.9,0.0,1e-06,0.0,0.0,0,unit_total_var,0.2518987341772152,1.4107112611314652,0.9665375,1.4107115932875334,1.4107112611314652,1.022558864915979e-06,9.963640330568069e-07,0.010401102574126657,0.007372949277929788,0.032020311867574716,0.29686333129980064,0.0987125,0.9012875
0.1,0.9,0.0,1e-06,0.0,0.0,0,unit_total_var,0.2581012658227848,1.3927522418037708,0.9668375,1.3927525775422418,1.3927522418037708,1.0469151896508322e-06,9.757767145401886e-07,0.010146328574634602,0.007285092258400507,0.03163875367979438,0.29686333129980064,0.0987125,0.9012875
0.1,0.9,0.0,1e-06,0.0,0.0,0,unit_total_var,0.2643037974683544,1.3752425474606091,0.9672125,1.3752429153971937,1.3752425474606091,1.1619245432470393e-06,9.590357548106e-07,0.009904579953978816,0.007202060445459357,0.031278151097966736,0.29686333129980064,0.0987125,0.9012875
0.1,0.9,0.0,1e-06,0.0,0.0,0,unit_total_var,0.2705063291139241,1.3581498177819946,0.9678375,1.3581501919411232,1.3581498177819946,1.1964454906809865e-06,9.45398292984123e-07,0.009674838676389729,0.0071235430360619455,0.0309371543216204,0.29686333129980064,0.0987125,0.9012875
0.1,0.9,0.0,1e-06,0.0,0.0,0,unit_total_var,0.2767088607594937,1.3414460079419894,0.9683375,1.3414463893290969,1.3414460079419894,1.2347443847371409e-06,9.343518208027036e-07,0.00945620112354372,0.0070492595807498575,0.030614545374232933,0.29686333129980064,0.0987125,0.9012875
0.1,0.9,0.0,1e-06,0.0,0.0,0,unit_total_var,0.2829113924050633,1.3251064405645483,0.9686375,1.3251068301434146,1.3251064405645483,1.2768176338440183e-06,9.256099531285143e-07,0.009247857077650164,0.00697895413874089,0.030309212719110294,0.29686333129980064,0.0987125,0.9012875
0.1,0.9,0.0,1e-06,0.0,0.0,0,unit_total_var,0.2891139240506329,1.3091089095446795,0.9690125,1.3091093083242742,1.3091089095446795,1.3229437951789436e-06,9.190801870673227e-07,0.009049068342850458,0.006912387714172542,0.03002011841040967,0.29686333129980064,0.0987125,0.9012875
0.1,0.9,0.0,1e-06,0.0,0.0,0,unit_total_var,0.2953164556962025,1.2934329310591086,0.969975,1.2934333401678302,1.2934329310591086,1.373659413772543e-06,9.148101591804901e-07,0.008859146670777291,0.006849328216441116,0.029746254491446182,0.29686333129980064,0.0987125,0.9012875
0.1,0.9,0.0,1e-06,0.0,0.0,0,unit_total_var,0.3015189873417722,1.2780592112071096,0.970575,1.278059628005065,1.2780592112071096,1.4163117079135643e-06,8.955608050698061e-07,0.008677434086022586,0.006789539960223648,0.02948659739386754,0.29686333129980064,0.0987125,0.9012875
0.1,0.9,0.0,1e-06,0.0,0.0,0,unit_total_var,0.3077215189873418,1.26296932118614,0.9710375,1.2629693303215048,1.26296932118614,3.141357818314816e-08,9.135623768585787e-07,0.008503288548279246,0.006732775219189989,0.02924007125589169,0.2967907976387801,0.0987125,0.9012875
0.1,0.9,0.0,1e-06,0.0,0.0,0,unit_total_var,0.3139240506329114,1.2481456297592857,0.9714375,1.248146078427019,1.2481456297592857,1.5611470420839881e-06,9.168399031089792e-07,0.008336077771920414,0.006678770147621387,0.029005530210121342,0.2967907976387801,0.0987125,0.9012875
0.1,0.9,0.0,1e-06,0.0,0.0,0,unit_total_var,0.320126582278481,1.2335713068262335,0.9719375,1.2335717721717443,1.2335713068262335,1.6383077999782003e-06,9.228068260647148e-07,0.008175180832253513,0.006627246262145028,0.028781764818635362,0.2967907976387801,0.0987125,0.9012875
0.1,0.9,0.0,1e-06,0.0,0.0,0,unit_total_var,0.3263291139240506,1.2192304956005977,0.9721125,1.219230979614539,1.2192304956005977,1.7240754962566383e-06,9.314256241843565e-07,0.008019999399917719,0.006577918965164201,0.0285675390897756,0.2967907976387801,0.0987125,0.9012875
0.1,0.9,0.0,1e-06,0.0,0.0,0,unit_total_var,0.3325316455696203,1.2051084981342544,0.972425,1.2051090028955067,1.2051084981342544,1.8190476708257462e-06,9.42585726360079e-07,0.007869975148564355,0.006530511701434874,0.02836165195937781,0.2967907976387801,0.0987125,0.9012875
0.1,0.9,0.0,1e-06,0.0,0.0,0,unit_total_var,0.3387341772151899,1.19119188251884,0.97255,1.1911924101775675,1.19119188251884,1.923780931889496e-06,9.561649321199184e-07,0.00772460796847681,0.006484772169654736,0.0281630076968083,0.2967907976387801,0.0987125,0.9012875
0.1,0.9,0.0,1e-06,0.0,0.0,0,unit_total_var,0.3449367088607595,1.177468420374743,0.9730625,1.1774689731885808,1.177468420374743,2.0389841354218063e-06,9.721072982138423e-07,0.007583468565008005,0.006440485735145642,0.027970674155503604,0.2967907976387801,0.0987125,0.9012875
0.1,0.9,0.0,1e-06,0.0,0.0,0,unit_total_var,0.3511392405063291,1.1639268608433002,0.9733,1.1639274010618366,1.1639268608433002,2.015709773539598e-06,9.904787803272086e-07,0.0074462017156152515,0.006397482493204301,0.02778391344871285,0.2967907976387801,0.0987125,0.9012875
0.1,0.9,0.0,1e-06,0.0,0.0,0,unit_total_var,0.3573417721518987,1.150556666183243,0.9737125,1.1505571937793746,1.150556666183243,1.9914884928917687e-06,8.737393208946287e-07,0.007312521141085969,0.006355637541385853,0.027602183132010245,0.2967907976387801,0.0987125,0.9012875
0.1,0.9,0.0,1e-06,0.0,0.0,0,unit_total_var,0.3635443037974684,1.1373475885007114,0.974175,1.1373481455525694,1.1373475885007114,2.127093698067739e-06,8.952446761689714e-07,0.007182197198673506,0.006314865632362497,0.02742511298095521,0.2967907976387801,0.0987125,0.9012875
0.1,0.9,0.0,1e-06,0.0,0.0,0,unit_total_var,0.369746835443038,1.1242898001585395,0.97425,1.124290389808831,1.1242898001585395,2.277720572152475e-06,9.195586958554712e-07,0.0070550473803805205,0.0062751146362669714,0.027252476598410763,0.2967907976387801,0.0987125,0.9012875
0.1,0.9,0.0,1e-06,0.0,0.0,0,unit_total_var,0.3759493670886076,1.1113737870532316,0.9749,1.1113744128039864,1.1113737870532316,2.4452621296133788e-06,9.468639179388559e-07,0.006930923565687674,0.006236356882291396,0.0270841538115852,0.2967907976387801,0.0987125,0.9012875
0.1,0.9,0.0,1e-06,0.0,0.0,0,unit_total_var,0.3821518987341772,1.0985905162101732,0.97535,1.098591181899493,1.0985905162101732,2.6316002753601357e-06,9.77281696457055e-07,0.0068097013198791185,0.006198580107327582,0.026920091362476348,0.2967907976387801,0.0987125,0.9012875
0.1,0.9,0.0,1e-06,0.0,0.0,0,unit_total_var,0.3883544303797468,1.0859315781658083,0.975225,1.0859321944087081,1.0859315781658083,2.464527417311846e-06,8.776628797058096e-07,0.0066912673604117975,0.006161776206668265,0.026760254052787785,0.2967907976387801,0.0987125,0.9012875
0.1,0.9,0.0,1e-06,0.0,0.0,0,unit_total_var,0.3945569620253165,1.073389010333949,0.9759125,1.0733896695516152,1.073389010333949,2.667201770722993e-06,9.107650433826107e-07,0.006575502678112037,0.006125926961061665,0.02660456275731438,0.2967907976387801,0.0987125,0.9012875
0.1,0.9,0.0,1e-06,0.0,0.0,0,unit_total_var,0.4007594936708861,1.0609554817685591,0.97655,1.060956187790524,1.0609554817685591,2.8900490812167057e-06,9.452350009375721e-07,0.006462270766371082,0.006090991448198001,0.026452839752722883,0.2967907976387801,0.0987125,0.9012875
0.1,0.9,0.0,1e-06,0.0,0.0,0,unit_total_var,0.4069620253164557,1.0486239563738835,0.976975,1.0486239563738835,1.0486239600429044,1.519549028272671e-08,9.96509927908562e-07,0.00635140765664801,0.00605689734441222,0.026304770941326862,0.2992714699885909,0.0987125,0.9012875
0.1,0.9,0.0,1e-06,0.0,0.0,0,unit_total_var,0.4131645569620253,1.0363876369201197,0.97705,1.036388349932972,1.0363876369201197,2.987853480990177e-06,8.989200148690201e-07,0.006242724751025128,0.006023542281512464,0.02615991174371787,0.2992714699885909,0.0987125,0.9012875
0.1,0.9,0.0,1e-06,0.0,0.0,0,unit_total_var,0.4193670886075949,1.0242395685785692,0.9774125,1.024240339321089,1.0242395685785692,3.2680742644841665e-06,9.422893629817964e-07,0.006136018388505886,0.005990803886849832,0.026017730702234343,0.2992714699885909,0.0987125,0.9012875
0.1,0.9,0.0,1e-06,0.0,0.0,0,unit_total_var,0.4255696202531646,1.012172905630084,0.978025,1.012173688278525,1.012172905630084,3.3581196045712187e-06,9.903897901786252e-07,0.006031091158757194,0.005958558192192273,0.0258776894296852,0.2992714699885909,0.0987125,0.9012875
0.1,0.9,0.0,1e-06,0.0,0.0,0,unit_total_var,0.4317721518987342,1.0001807649401353,0.97825,1.0001815600240134,1.0001807649401353,3.452379967232408e-06,9.135946807958817e-07,0.005927769665270265,0.005926698326002166,0.025739323788879803,0.2992714699885909,0.0987125,0.9012875
0.1,0.9,0.0,1e-06,0.0,0.0,0,unit_total_var,0.4379746835443038,0.9882561287733832,0.978925,0.9882569970900392,0.9882561287733832,3.81586266465922e-06,9.669330172101809e-07,0.005825916885394621,0.005895148753214117,0.025602305735197253,0.2992714699885909,0.0987125,0.9012875
0.1,0.9,0.0,1e-06,0.0,0.0,0,unit_total_var,0.4441772151898734,0.9763923092086276,0.9788125,0.9763931439480246,0.9763923092086276,3.71287806737175e-06,9.005853041088585e-07,0.0057254385227470395,0.0058638709755790145,0.02546646807286603,0.2992714699885909,0.0987125,0.9012875
0.1,0.9,0.0,1e-06,0.0,0.0,0,unit_total_var,0.450379746835443,0.9645825901762596,0.97945,0.9645835087835464,0.9645825901762596,4.135943254518493e-06,9.59929608690402e-07,0.005626271182977609,0.005832855828290984,0.02533177099963995,0.2992714699885909,0.0987125,0.9012875
0.1,0.9,0.0,1e-06,0.0,0.0,0,unit_total_var,0.4565822784810127,0.9528208268539547,0.97945,0.9528217187735994,0.9528208268539547,4.0653561270975755e-06,9.02494177168478e-07,0.005528373513746801,0.005802112378253221,0.02519825389257926,0.2992714699885909,0.0987125,0.9012875
0.1,0.9,0.0,1e-06,0.0,0.0,0,unit_total_var,0.4627848101265823,0.9411012884485316,0.9794125,0.9411022762889136,0.9411012884485316,4.558631540918512e-06,9.676552217285916e-07,0.005431712778407893,0.005771655872836424,0.025065982970173543,0.2992714699885909,0.0987125,0.9012875
0.1,0.9,0.0,1e-06,0.0,0.0,0,unit_total_var,0.4689873417721519,0.9294195086466821,0.9793,0.9294204751329584,0.9294195086466821,4.5161462020604235e-06,9.164032070962946e-07,0.00533626360156848,0.005741501606027786,0.024935024653365247,0.2992714699885909,0.0987125,0.9012875
0.1,0.9,0.0,1e-06,0.0,0.0,0,unit_total_var,0.4751898734177215,0.9177720921693846,0.9796375,0.9177731657643172,0.9177720921693846,5.080303555282661e-06,9.853827582784194e-07,0.005241999079701039,0.005711656656839781,0.02480540968591492,0.2992714699885909,0.0987125,0.9012875
0.1,0.9,0.0,1e-06,0.0,0.0,0,unit_total_var,0.4813924050632911,0.9061572604787298,0.9799125,0.9061583148670196,0.9061572604787298,5.0533695374888055e-06,9.369208566756272e-07,0.005148887232512907,0.005682112208418117,0.02467709977671088,0.2992714699885909,0.0987125,0.9012875
0.1,0.9,0.0,1e-06,0.0,0.0,0,unit_total_var,0.4875949367088608,0.8945742625283827,0.98005,0.8945752995103597,0.8945742625283827,5.034297411721234e-06,8.923454348774842e-07,0.005056879385212021,0.0056528335287888715,0.024549944086706937,0.2992714699885909,0.0987125,0.9012875
0.1,0.9,0.0,1e-06,0.0,0.0,0,unit_total_var,0.4937974683544304,0.8830233686547438,0.9801125,0.8830245192985802,0.8830233686547438,5.659170084437727e-06,9.592386778223272e-07,0.004965909247804514,0.005623757449782907,0.0244236682800302,0.2992714699885909,0.0987125,0.9012875
0.1,0.9,0.0,1e-06,0.0,0.0,0,unit_total_var,0.5,0.8715059292640955,0.9804375,0.8715070457173175,0.8715059292640955,5.563578476697194e-06,8.895613734516417e-07,0.0048759023120947395,0.005594801077500388,0.024297912353047856,0.2992714699885909,0.0987125,0.9012875
0.1,0.1,0.0,0.001,0.0,1.0,0,unit_total_var,0.01,1.0108813040281974,0.9999875,1.0108813040281974,1.0108813040427185,6.238529137725378e-11,9.328645802497706e-07,0.01751514897120445,0.017326612829230727,0.07524852341808992,0.2958743209246516,0.0988625,0.101325
0.1,0.1,0.0,0.001,0.0,1.0,0,unit_total_var,0.016202531645569618,1.0080619206840988,0.9999875,1.0080619209435415,1.0080619206840988,1.1177341968648946e-09,8.859055498078304e-07,0.01729674033845695,0.01715841059318946,0.07451803038852482,0.2958743209246516,0.0988625,0.101325
0.1,0.1,0.0,0.001,0.0,1.0,0,unit_total_var,0.02240506329113924,1.0050272127627966,0.9999875,1.0050272133701954,1.0050272127627966,2.6247045162297593e-09,9.401411276144244e-07,0.017081996678146357,0.016996551398034628,0.07381508483551437,0.2958743209246516,0.0988625,0.101325
0.1,0.1,0.0,0.001,0.0,1.0,0,unit_total_var,0.028607594936708863,1.0017528934991842,0.9999875,1.0017528944502672,1.0017528934991842,4.123272321666927e-09,8.778622557770176e-07,0.01686805254121963,0.016838536380262895,0.07312883433275329,0.2958743209246516,0.0988625,0.101325
0.1,0.1,0.0,0.001,0.0,1.0,0,unit_total_var,0.03481012658227848,0.99821556056816,0.9999875,0.9982155622809838,0.99821556056816,7.451996754913315e-09,8.951322030270603e-07,0.0166533034595043,0.016683073393511962,0.07245366715989203,0.2958743209246516,0.0988625,0.101325
0.1,0.1,0.0,0.001,0.0,1.0,0,unit_total_var,0.0410126582278481,0.9943939750101414,0.9999875,0.994393977704778,0.9943939750101414,1.1768632922348754e-08,9.71418920414635e-07,0.016436698520296233,0.01652936253976056,0.07178610940396331,0.2958743209246516,0.0988625,0.101325
0.1,0.1,0.0,0.001,0.0,1.0,0,unit_total_var,0.047215189873417725,0.9902695416108082,0.9999875,0.99026954484525,0.9902695416108082,1.4185029671709428e-08,8.392113137745126e-07,0.01621750979235681,0.016376864187882447,0.07112381747676325,0.2958743209246516,0.0988625,0.101325
0.1,0.1,0.0,0.001,0.0,1.0,0,unit_total_var,0.05341772151898734,0.9858265410966528,0.9999875,0.985826546210988,0.9858265410966528,2.253061113371979e-08,9.914092622409498e-07,0.0159952372043093,0.01622520447310729,0.07046516770422454,0.2958743209246516,0.0988625,0.101325
0.1,0.1,0.0,0.001,0.0,1.0,0,unit_total_var,0.05962025316455696,0.9810522528788496,0.9999875,0.9810522590631446,0.9810522528788496,2.737678000963584e-08,9.201708124351171e-07,0.015769562571260498,0.01607413114335703,0.06980906456949168,0.2958743209246516,0.0988625,0.101325
0.1,0.1,0.0,0.001,0.0,1.0,0,unit_total_var,0.06582278481012659,0.9759369951123364,0.9999875,0.97593700261864,0.9759369951123364,3.340324503109393e-08,8.780890077275672e-07,0.015540323186484031,0.015923490209217083,0.06915483930503435,0.2958743209246516,0.0988625,0.101325
0.1,0.1,0.0,0.001,0.0,1.0,0,unit_total_var,0.0720253164556962,0.970474107778488,0.9999875,0.9704741182116864,0.970474107778488,4.6689349969541993e-08,8.576689545236604e-07,0.015307493491414047,0.015773211638231574,0.06850218776376121,0.2958743209246516,0.0988625,0.101325
0.1,0.1,0.0,0.001,0.0,1.0,0,unit_total_var,0.07822784810126583,0.9646598761927084,0.9999875,0.9646598888992092,0.9646598761927084,5.7205272130378404e-08,8.543181575504376e-07,0.01507116925211202,0.015623298557409137,0.0678511235260982,0.2958743209246516,0.0988625,0.101325
0.1,0.1,0.0,0.001,0.0,1.0,0,unit_total_var,0.08443037974683544,0.9584934031816968,0.9999875,0.9584934186873908,0.9584934031816968,7.025648007807916e-08,8.65187230303377e-07,0.014831551908320724,0.01547381740874557,0.06720193514596674,0.2958743209246516,0.0988625,0.101325
0.1,0.1,0.0,0.001,0.0,1.0,0,unit_total_var,0.09063291139240506,0.9519764358339992,0.999975,0.9519764547808276,0.9519764358339992,8.643599411217727e-08,8.885268236724642e-07,0.014588932158817684,0.015324887896029418,0.06655514249031512,0.2958743209246516,0.0988625,0.101325
0.1,0.1,0.0,0.001,0.0,1.0,0,unit_total_var,0.09683544303797467,0.9451131549577556,0.9999875,0.945113175424878,0.9451131549577556,9.404967166171119e-08,9.233135926933755e-07,0.014343672711128418,0.015176672376091884,0.06591145066590218,0.2958743209246516,0.0988625,0.101325
0.1,0.1,0.0,0.001,0.0,1.0,0,unit_total_var,0.1030379746835443,0.937909939127843,0.9999875,0.9379099617299018,0.937909939127843,1.0465769556544657e-07,7.903764576155936e-07,0.014096190654866897,0.015029364832165932,0.06527170213120455,0.2958743209246516,0.0988625,0.101325
0.1,0.1,0.0,0.001,0.0,1.0,0,unit_total_var,0.10924050632911393,0.9303750993245464,1.0,0.9303750993245464,0.930375099526206,9.413358981191777e-10,8.141891285617929e-07,0.013846939807480706,0.014883179717012638,0.06463682824272987,0.2986436798789111,0.0988625,0.101325
0.1,0.1,0.0,0.001,0.0,1.0,0,unit_total_var,0.11544303797468355,0.9225186264161452,1.0,0.9225186596340972,0.9225186264161452,1.5638028932896117e-07,8.575993382109459e-07,0.013596394420902536,0.014738341353304282,0.06400780322146553,0.2986436798789111,0.0988625,0.101325
0.1,0.1,0.0,0.001,0.0,1.0,0,unit_total_var,0.12164556962025315,0.9143519200174088,1.0,0.9143519606808966,0.9143519200174088,1.9314147686744218e-07,9.220999448444901e-07,0.013345034040765182,0.014595074116004591,0.06338560151549773,0.2986436798789111,0.0988625,0.101325
0.1,0.1,0.0,0.001,0.0,1.0,0,unit_total_var,0.12784810126582274,0.9058875349806844,1.0,0.905887579291922,0.9058875349806844,2.1243393683034737e-07,9.961868370211846e-07,0.013093330537094704,0.01445359388610407,0.06277116068405574,0.2986436798789111,0.0988625,0.101325
0.1,0.1,0.0,0.001,0.0,1.0,0,unit_total_var,0.1340506329113924,0.8971389461942235,1.0,0.8971389942356813,0.8971389461942235,2.3256307796204467e-07,8.559460580315205e-07,0.012841737579038929,0.014314101102750243,0.062165351223296826,0.2986436798789111,0.0988625,0.101325
0.1,0.1,0.0,0.001,0.0,1.0,0,unit_total_var,0.14025316455696205,0.8881203040397304,1.0,0.8881203627205203,0.8881203040397304,2.869514669212592e-07,9.341779101390556e-07,0.012590682076501422,0.014176775397692262,0.06156895326399527,0.2986436798789111,0.0988625,0.101325
0.1,0.1,0.0,0.001,0.0,1.0,0,unit_total_var,0.14645569620253165,0.8788462753521792,1.0,0.8788463323597947,0.8788462753521792,2.817112928488185e-07,8.148365582272277e-07,0.012340558999337732,0.014041771974731887,0.06098264084769785,0.2986436798789111,0.0988625,0.101325
0.1,0.1,0.0,0.001,0.0,1.0,0,unit_total_var,0.15265822784810126,0.8693318198995162,1.0,0.8693318894199783,0.8693318198995162,3.473052654356934e-07,8.960148427661352e-07,0.012091727024390295,0.013909219411510724,0.06040697238000702,0.2986436798789111,0.0988625,0.101325
0.1,0.1,0.0,0.001,0.0,1.0,0,unit_total_var,0.1588607594936709,0.8595920821079646,1.0,0.8595921581166728,0.8595920821079646,3.840212325911807e-07,9.866644052891616e-07,0.011844507468334715,0.013779218904958515,0.0598423873536045,0.2986436798789111,0.0988625,0.101325
0.1,0.1,0.0,0.001,0.0,1.0,0,unit_total_var,0.1650632911392405,0.8496422476105338,1.0,0.8496423301348172,0.8496422476105338,4.21822705543029e-07,8.751262461359488e-07,0.011599183886049795,0.013651844548303028,0.05928920755128996,0.2986436798789111,0.0988625,0.101325
0.1,0.1,0.0,0.001,0.0,1.0,0,unit_total_var,0.17126582278481015,0.8394974041684103,1.0,0.8394974944453368,0.8394974041684103,4.6702668410336656e-07,9.681484192114451e-07,0.011356002664046707,0.013527144464842914,0.058747641969893925,0.2986436798789111,0.0988625,0.101325
0.1,0.1,0.0,0.001,0.0,1.0,0,unit_total_var,0.17746835443037975,0.8291725179317128,1.0,0.829172615970072,0.8291725179317128,5.134940556095202e-07,8.673403275594183e-07,0.011115175809745692,0.013405142560044532,0.058217794429537714,0.2986436798789111,0.0988625,0.101325
0.1,0.1,0.0,0.001,0.0,1.0,0,unit_total_var,0.18367088607594936,0.8186822844297662,1.0,0.8186824030180142,0.8186822844297662,6.290867528013778e-07,9.626556183306434e-07,0.010876882335368649,0.013285840602920438,0.057699672612945174,0.2986436798789111,0.0988625,0.101325
0.1,0.1,0.0,0.001,0.0,1.0,0,unit_total_var,0.18987341772151897,0.8080411543529957,1.0,0.8080412708101196,0.8080411543529957,6.259171619893422e-07,8.699178630777736e-07,0.010641272141186904,0.013169220507967129,0.057193197975772624,0.2986436798789111,0.0988625,0.101325
0.1,0.1,0.0,0.001,0.0,1.0,0,unit_total_var,0.1960759493670886,0.7972631993433104,1.0,0.7972633397508253,0.7972631993433104,7.648440769614241e-07,9.6759344980768e-07,0.010408467717191852,0.013055246656016605,0.05669821582593891,0.2986436798789111,0.0988625,0.101325
0.1,0.1,0.0,0.001,0.0,1.0,0,unit_total_var,0.20227848101265825,0.7863621688235325,1.0,0.786362311697571,0.7863621688235325,7.890689981415733e-07,9.416111010907001e-07,0.010178568213326087,0.012943868127015987,0.05621450502046422,0.2986436798789111,0.0988625,0.101325
0.1,0.1,0.0,0.001,0.0,1.0,0,unit_total_var,0.20848101265822785,0.7753513844373511,1.0,0.775351395647125,0.7753513844373511,6.278885922306188e-08,9.81184837378635e-07,0.00995165116874817,0.012835020828614088,0.055741787209804015,0.29740298836126283,0.0988625,0.101325
0.1,0.1,0.0,0.001,0.0,1.0,0,unit_total_var,0.21468354430379746,0.7642437859677385,1.0,0.7642439498185452,0.7642437859677385,9.311098747577519e-07,8.993371189980337e-07,0.009727775968086456,0.01272862945920911,0.055279735363256866,0.29740298836126283,0.0988625,0.101325
0.1,0.1,0.0,0.001,0.0,1.0,0,unit_total_var,0.2208860759493671,0.7530518635686674,1.0,0.7530520256114399,0.7530518635686674,9.345209515121412e-07,8.279698096025356e-07,0.009506985560130542,0.012624609299919279,0.054827981551394164,0.29740298836126283,0.0988625,0.101325
0.1,0.1,0.0,0.001,0.0,1.0,0,unit_total_var,0.2270886075949367,0.7417876706771266,1.0,0.7417878645692609,0.7417876706771266,1.1351802733372551e-06,9.240012701638987e-07,0.009289308975375964,0.01252286785367624,0.05438612406455208,0.29740298836126283,0.0988625,0.101325
0.1,0.1,0.0,0.001,0.0,1.0,0,unit_total_var,0.23329113924050635,0.7304628768584099,1.0,0.7304630689485825,0.7304628768584099,1.1420661287786515e-06,8.553736883243345e-07,0.009074764043231768,0.012423306277056413,0.053953733631196286,0.29740298836126283,0.0988625,0.101325
0.1,0.1,0.0,0.001,0.0,1.0,0,unit_total_var,0.23949367088607595,0.7190886494557839,1.0,0.7190888784329258,0.7190886494557839,1.382910069125387e-06,9.543554337909654e-07,0.008863357857582225,0.012325820834872216,0.05353035973513135,0.29740298836126283,0.0988625,0.101325
0.1,0.1,0.0,0.001,0.0,1.0,0,unit_total_var,0.2456962025316456,0.7076758000076651,1.0,0.7076760272108993,0.7076758000076651,1.3943262586746386e-06,8.878229831310591e-07,0.008655090182267252,0.012230304020815048,0.053115535482391285,0.29740298836126283,0.0988625,0.101325
0.1,0.1,0.0,0.001,0.0,1.0,0,unit_total_var,0.2518987341772152,0.6962346361117109,1.0,0.6962348837815442,0.6962346361117109,1.544904795425239e-06,9.89926185024359e-07,0.00844995320798115,0.012136645851421494,0.05270878322086348,0.29740298836126283,0.0988625,0.101325
0.1,0.1,0.0,0.001,0.0,1.0,0,unit_total_var,0.2581012658227848,0.6847751331082798,1.0,0.6847754011899598,0.6847751331082798,1.7002131929011455e-06,9.249749424178332e-07,0.008247934853859152,0.012044734767778068,0.0523096184563426,0.29740298836126283,0.0988625,0.101325
0.1,0.1,0.0,0.001,0.0,1.0,0,unit_total_var,0.2643037974683544,0.6733067912052971,1.0,0.6733070580863943,0.6733067912052971,1.7214287213462853e-06,8.671386568792627e-07,0.008049018280548334,0.011954458778203706,0.05191755481513758,0.29740298836126283,0.0988625,0.101325
0.1,0.1,0.0,0.001,0.0,1.0,0,unit_total_var,0.2705063291139241,0.6618387088019775,1.0,0.6618390242977089,0.6618387088019775,2.0702630525448744e-06,9.665721569795949e-07,0.007853183742109878,0.011865706308301706,0.051532107735800345,0.29740298836126283,0.0988625,0.101325
0.1,0.1,0.0,0.001,0.0,1.0,0,unit_total_var,0.2767088607594937,0.6503796687105987,1.0,0.6503799831483099,0.6503796687105987,2.0996740277556825e-06,9.09512902769194e-07,0.007660410392828555,0.011778366946825993,0.05115279770838179,0.29740298836126283,0.0988625,0.101325
0.1,0.1,0.0,0.001,0.0,1.0,0,unit_total_var,0.2829113924050633,0.6389380004719821,1.0,0.6389383143967985,0.6389380004719821,2.1337873450377742e-06,8.58335087450257e-07,0.0074706754734126125,0.01169233238263187,0.05077915434355721,0.29740298836126283,0.0988625,0.101325
0.1,0.1,0.0,0.001,0.0,1.0,0,unit_total_var,0.2891139240506329,0.6275216628212683,1.0,0.6275220322364311,0.6275216628212683,2.556643523554669e-06,9.558504845408322e-07,0.007283955826572047,0.011607497012651615,0.05041071901303077,0.29740298836126283,0.0988625,0.101325
0.1,0.1,0.0,0.001,0.0,1.0,0,unit_total_var,0.2953164556962025,0.6161383403633341,1.0,0.6161387095108137,0.6161383403633341,2.6019913850205967e-06,9.049177238651396e-07,0.007100229402797256,0.011523758444589378,0.050047047032711664,0.29740298836126283,0.0988625,0.101325
0.1,0.1,0.0,0.001,0.0,1.0,0,unit_total_var,0.3015189873417722,0.6047952850587814,1.0,0.6047956571714712,0.6047952850587814,2.672084952859421e-06,8.715608088571968e-07,0.0069194738898459745,0.011441018243344031,0.049687710904387485,0.29740298836126283,0.0988625,0.101325
0.1,0.1,0.0,0.001,0.0,1.0,0,unit_total_var,0.3077215189873418,0.5934994152335753,1.0,0.5934994152335753,0.5934994207059093,4.004392240020138e-08,9.796559987673705e-07,0.006741668037483476,0.01135918227456088,0.04933230180775018,0.29871414491322856,0.0988625,0.101325
0.1,0.1,0.0,0.001,0.0,1.0,0,unit_total_var,0.3139240506329114,0.5822574235436315,1.0,0.5822578569783362,0.5822574235436315,3.232903915240115e-06,9.090520056709295e-07,0.006566792948819569,0.011278160970200984,0.04898043075374912,0.29871414491322856,0.0988625,0.101325
0.1,0.1,0.0,0.001,0.0,1.0,0,unit_total_var,0.320126582278481,0.5710755713563559,1.0,0.5710760060877181,0.5710755713563559,3.306066120867257e-06,8.672213134275353e-07,0.00639482996259042,0.011197869920091526,0.04863173115366157,0.29871414491322856,0.0988625,0.101325
0.1,0.1,0.0,0.001,0.0,1.0,0,unit_total_var,0.3263291139240506,0.5599598304913591,1.0,0.5599603373629854,0.5599598304913591,3.931200752926856e-06,9.625615748909409e-07,0.006225762150604395,0.011118229936496252,0.04828585909951863,0.29871414491322856,0.0988625,0.101325
0.1,0.1,0.0,0.001,0.0,1.0,0,unit_total_var,0.3325316455696203,0.5489159767421875,1.0,0.5489164854008145,0.5489159767421875,4.024432552096614e-06,9.203616018194084e-07,0.006059575212805246,0.011039167139511556,0.04794249373497573,0.29871414491322856,0.0988625,0.101325
0.1,0.1,0.0,0.001,0.0,1.0,0,unit_total_var,0.3387341772151899,0.5379493932078833,1.0,0.5379499043198632,0.5379493932078833,4.126280462202203e-06,8.818714378744373e-07,0.005896255296894897,0.010960613342705957,0.04760133893012351,0.29871414491322856,0.0988625,0.101325
0.1,0.1,0.0,0.001,0.0,1.0,0,unit_total_var,0.3449367088607595,0.5270651804562132,1.0,0.5270657736416745,0.5270651804562132,4.88776411700087e-06,9.767150650485943e-07,0.005735789987052444,0.010882505996863046,0.04726212303716667,0.29871414491322856,0.0988625,0.101325
0.1,0.1,0.0,0.001,0.0,1.0,0,unit_total_var,0.3511392405063291,0.5162682869051057,1.0,0.5162688831848063,0.5162682869051057,5.0160128113319055e-06,9.376782610370781e-07,0.005578169425857269,0.010804788067260427,0.04692459835745303,0.29871414491322856,0.0988625,0.101325
0.1,0.1,0.0,0.001,0.0,1.0,0,unit_total_var,0.3573417721518987,0.5055632789945902,1.0,0.5055638790895515,0.5055632789945902,5.154998127476773e-06,9.019178517366556e-07,0.005423383724178394,0.010727408317636985,0.04658854237472787,0.29871414491322856,0.0988625,0.101325
0.1,0.1,0.0,0.001,0.0,1.0,0,unit_total_var,0.3635443037974684,0.4949544624418806,1.0,0.4949551113038655,0.4949544624418806,5.693392346017845e-06,9.965370635356408e-07,0.0052714239631860725,0.010650321116773573,0.0462537569151244,0.29871414491322856,0.0988625,0.101325
0.1,0.1,0.0,0.001,0.0,1.0,0,unit_total_var,0.369746835443038,0.4844460262373959,1.0,0.4844467241411908,0.4844460262373959,6.2565390628321885e-06,9.60108456071751e-07,0.005122283371201776,0.01057348619615196,0.04592006709469,0.29871414491322856,0.0988625,0.101325
0.1,0.1,0.0,0.001,0.0,1.0,0,unit_total_var,0.3759493670886076,0.4740417822977147,1.0,0.4740424856117614,0.4740417822977147,6.443423224311572e-06,9.266090590376308e-07,0.004975954424183736,0.010496868862624149,0.045587322242997295,0.29871414491322856,0.0988625,0.101325
0.1,0.1,0.0,0.001,0.0,1.0,0,unit_total_var,0.3821518987341772,0.4637453490437464,1.0,0.4637460585449737,0.4637453490437464,6.6444274393617775e-06,8.957691453037597e-07,0.004832430422929921,0.010420439650542054,0.04525539439236263,0.29871414491322856,0.0988625,0.101325
0.1,0.1,0.0,0.001,0.0,1.0,0,unit_total_var,0.3883544303797468,0.4535600627465263,1.0,0.453560878044983,0.4535600627465263,7.806668437027044e-06,9.86978041295217e-07,0.00469170433303639,0.010344174274573126,0.044924178072926806,0.29871414491322856,0.0988625,0.101325
0.1,0.1,0.0,0.001,0.0,1.0,0,unit_total_var,0.3945569620253165,0.4434891801930125,1.0,0.4434900027773769,0.4434891801930125,8.055292778585965e-06,9.553921238580898e-07,0.00455377050949129,0.010268053230767495,0.0445935885801118,0.29871414491322856,0.0988625,0.101325
0.1,0.1,0.0,0.001,0.0,1.0,0,unit_total_var,0.4007594936708861,0.4335355950019598,1.0,0.4335364173428747,0.4335355950019598,8.237796087939842e-06,9.077280693770008e-07,0.00441862163190358,0.010192061927195632,0.04426356254197285,0.29871414491322856,0.0988625,0.101325
0.1,0.1,0.0,0.001,0.0,1.0,0,unit_total_var,0.4069620253164557,0.42370199101172,1.0,0.42370199101172,0.4237019984651119,7.639725518870934e-08,9.154950060263901e-07,0.004286249963526597,0.010116190281031829,0.04393405616935428,0.29995116550402584,0.0988625,0.101325
0.1,0.1,0.0,0.001,0.0,1.0,0,unit_total_var,0.4131645569620253,0.4139908632748905,1.0,0.41399182322473,0.4139908632748905,1.0070281057927843e-05,9.878961295672894e-07,0.004156647311606414,0.01004043248376328,0.04360504423620554,0.29995116550402584,0.0988625,0.101325
0.1,0.1,0.0,0.001,0.0,1.0,0,unit_total_var,0.4193670886075949,0.4044045847872349,1.0,0.40440555525670535,0.4044045847872349,1.0421964686813112e-05,9.602190420565648e-07,0.004029805424500649,0.00996478669157722,0.04327651873494946,0.29995116550402584,0.0988625,0.101325
0.1,0.1,0.0,0.001,0.0,1.0,0,unit_total_var,0.4255696202531646,0.39494519629840497,1.0,0.3949461782598324,0.39494519629840497,1.0797951289553964e-05,9.346063875037558e-07,0.003905713739634903,0.009889254955474632,0.042948488572970206,0.29995116550402584,0.0988625,0.101325
0.1,0.1,0.0,0.001,0.0,1.0,0,unit_total_var,0.4317721518987342,0.38561458635669177,1.0,0.3856155808213535,0.38561458635669177,1.120004204757663e-05,9.109047500732713e-07,0.003784360921136153,0.009813842772108304,0.04262097762192748,0.29995116550402584,0.0988625,0.101325
0.1,0.1,0.0,0.001,0.0,1.0,0,unit_total_var,0.4379746835443038,0.376414386622398,1.0,0.3764155178712258,0.376414386622398,1.305195557854688e-05,9.97641246947012e-07,0.003665733672462631,0.009738558893446148,0.042294023891135,0.29995116550402584,0.0988625,0.101325
0.1,0.1,0.0,0.001,0.0,1.0,0,unit_total_var,0.4441772151898734,0.3673462234293571,1.0,0.3673473691942736,0.3673462234293571,1.3545766174516416e-05,9.732900446701722e-07,0.003549818927880069,0.009663414788209252,0.041967677188615576,0.29995116550402584,0.0988625,0.101325
0.1,0.1,0.0,0.001,0.0,1.0,0,unit_total_var,0.450379746835443,0.35841135299763005,1.0,0.3584125144711186,0.35841135299763005,1.407379273565823e-05,9.507529138419456e-07,0.0034366002645897656,0.009588424685343296,0.04164199930989517,0.29995116550402584,0.0988625,0.101325
0.1,0.1,0.0,0.001,0.0,1.0,0,unit_total_var,0.4565822784810127,0.349610913562525,1.0,0.3496120919750028,0.349610913562525,1.4638478209150207e-05,9.299092624814876e-07,0.003326060143722845,0.009513605024026251,0.04131706164941654,0.29995116550402584,0.0988625,0.101325
0.1,0.1,0.0,0.001,0.0,1.0,0,unit_total_var,0.4627848101265823,0.34094586922998343,1.0,0.3409470658566915,0.34094586922998343,1.5242521207881055e-05,9.106553624516069e-07,0.003218179263497084,0.009438974200700098,0.040992944101912086,0.29995116550402584,0.0988625,0.101325
0.1,0.1,0.0,0.001,0.0,1.0,0,unit_total_var,0.4689873417721519,0.33241694668303723,1.0,0.3324183008353853,0.33241694668303723,1.7691627951954555e-05,9.941709639971208e-07,0.0031129358893758692,0.009364552320324642,0.04066973398211285,0.29995116550402584,0.0988625,0.101325
0.1,0.1,0.0,0.001,0.0,1.0,0,unit_total_var,0.4751898734177215,0.3240249171745613,1.0,0.3240262925323844,0.3240249171745613,1.843404670065496e-05,9.744771286568366e-07,0.003010308341028484,0.009290360652748032,0.04034752366379562,0.29995116550402584,0.0988625,0.101325
0.1,0.1,0.0,0.001,0.0,1.0,0,unit_total_var,0.4813924050632911,0.3157701886037433,1.0,0.315771586722922,0.3157701886037433,1.9228987473418613e-05,9.563341342166964e-07,0.0029102712192616985,0.009216421702536864,0.04002641088305132,0.29995116550402584,0.0988625,0.101325
0.1,0.1,0.0,0.001,0.0,1.0,0,unit_total_var,0.4875949367088608,0.30765308752867665,1.0,0.30765451003878563,0.30765308752867665,2.008063262071147e-05,9.396586287957476e-07,0.0028127979378213203,0.00914275868451714,0.03970649646058827,0.29995116550402584,0.0988625,0.101325
0.1,0.1,0.0,0.001,0.0,1.0,0,unit_total_var,0.4937974683544304,0.2996737963565779,1.0,0.29967524496761605,0.2996737963565779,2.099356925278073e-05,9.243779335310621e-07,0.0027178601250805296,0.009069395316254423,0.03938788340048493,0.29995116550402584,0.0988625,0.101325
0.1,0.1,0.0,0.001,0.0,1.0,0,unit_total_var,0.5,0.2918323364837685,1.0,0.2918338360137981,0.2918323364837685,2.2315414119233882e-05,9.392097207738813e-07,0.002625427474330001,0.008996355599119928,0.039070675939372065,0.29995116550402584,0.0988625,0.101325
0.1,0.1,0.0,0.001,0.0,10.0,0,unit_total_var,0.01,1.0051655765069294,0.9999875,1.005165576506951,1.0051655765069294,9.305750614529984e-14,8.910919859772549e-07,0.017460801566374914,0.01737106997540971,0.07544159835075692,0.2960149795979006,0.0988625,0.101325
0.1,0.1,0.0,0.001,0.0,10.0,0,unit_total_var,0.016202531645569618,0.9990081546778076,0.9999875,0.9990081546819712,0.9990081546778076,1.8100539296572734e-11,8.165679901139811e-07,0.017219321968536126,0.017236417828931105,0.07485681150883605,0.2960149795979006,0.0988625,0.101325
0.1,0.1,0.0,0.001,0.0,10.0,0,unit_total_var,0.02240506329113924,0.992839325674446,0.9999875,0.9928393256838952,0.992839325674446,4.1332926664638954e-11,9.412060535396448e-07,0.016986011247872686,0.01710851978625435,0.07430135736702863,0.2960149795979006,0.0988625,0.101325
0.1,0.1,0.0,0.001,0.0,10.0,0,unit_total_var,0.028607594936708863,0.9866634477843726,0.9999875,0.9866634477987142,0.9866634477843726,6.312635136840328e-11,9.254190445062704e-07,0.016758240177910284,0.01698475829376489,0.07376386803442582,0.2960149795979006,0.0988625,0.101325
0.1,0.1,0.0,0.001,0.0,10.0,0,unit_total_var,0.03481012658227848,0.9804825789798388,0.9999875,0.9804825790017004,0.9804825789798388,9.683279178496208e-11,9.816662895900663e-07,0.01653475504687361,0.016863894781361133,0.07323896446942182,0.2960149795979006,0.0988625,0.101325
0.1,0.1,0.0,0.001,0.0,10.0,0,unit_total_var,0.0410126582278481,0.9742978857727814,0.9999875,0.9742978858015507,0.9742978857727814,1.2824008521761246e-10,8.330516720889136e-07,0.01631483795454766,0.016745225657148234,0.0727235910112423,0.2960149795979006,0.0988625,0.101325
0.1,0.1,0.0,0.001,0.0,10.0,0,unit_total_var,0.047215189873417725,0.9681101051351616,0.9999875,0.9681101051787551,0.9681101051351616,1.9555987385011517e-10,9.660302566771861e-07,0.016098030469559772,0.01662830537990538,0.07221581269895062,0.2960149795979006,0.0988625,0.101325
0.1,0.1,0.0,0.001,0.0,10.0,0,unit_total_var,0.05341772151898734,0.9619197377551482,0.9999875,0.9619197378053966,0.9619197377551482,2.2686544309813428e-10,8.781548785918858e-07,0.01588401762783033,0.016512830545404117,0.07171431186472473,0.2960149795979006,0.0988625,0.101325
0.1,0.1,0.0,0.001,0.0,10.0,0,unit_total_var,0.05962025316455696,0.9557271420012456,0.9999875,0.9557271420677612,0.9557271420012456,3.0225566494124223e-10,8.177548806997946e-07,0.015672571306346843,0.0163985834634028,0.07121814309185749,0.2960149795979006,0.0988625,0.101325
0.1,0.1,0.0,0.001,0.0,10.0,0,unit_total_var,0.06582278481012659,0.9495325846982478,1.0,0.9495325847747751,0.9495325846982478,3.500180145721288e-10,7.764733709336723e-07,0.015463519541971275,0.0162854016714818,0.07072660081502538,0.2960149795979006,0.0988625,0.101325
0.1,0.1,0.0,0.001,0.0,10.0,0,unit_total_var,0.0720253164556962,0.9433362707164004,1.0,0.9433362708167524,0.9433362707164004,4.620022142631797e-10,9.75497414401616e-07,0.015256728573843938,0.016173160141777946,0.07023914204511775,0.2960149795979006,0.0988625,0.101325
0.1,0.1,0.0,0.001,0.0,10.0,0,unit_total_var,0.07822784810126583,0.9371383613465428,1.0,0.9371383614620098,0.9371383613465428,5.351046827861694e-10,9.520038020127686e-07,0.015052091691030191,0.016061760260675215,0.06975533850864181,0.2960149795979006,0.0988625,0.101325
0.1,0.1,0.0,0.001,0.0,10.0,0,unit_total_var,0.08443037974683544,0.930938986128912,1.0,0.9309389862617456,0.930938986128912,6.196846924488852e-10,9.397147096024128e-07,0.014849521965338276,0.015951122669259424,0.06927484555421236,0.2960149795979006,0.0988625,0.101325
0.1,0.1,0.0,0.001,0.0,10.0,0,unit_total_var,0.09063291139240506,0.9247382509255146,1.0,0.9247382510782938,0.9247382509255146,7.175126048863945e-10,9.36696665121417e-07,0.01464894733407811,0.01584118243126297,0.06879738116720245,0.2960149795979006,0.0988625,0.101325
0.1,0.1,0.0,0.001,0.0,10.0,0,unit_total_var,0.09683544303797467,0.9185362435047252,1.0,0.9185362436804032,0.9185362435047252,8.306258458823379e-10,9.416362445335836e-07,0.014450307160066556,0.015731885662922367,0.06832271133340065,0.2960149795979006,0.0988625,0.101325
0.1,0.1,0.0,0.001,0.0,10.0,0,unit_total_var,0.1030379746835443,0.9123330375270841,1.0,0.9123330377509766,0.9123330375270841,1.0657879578879204e-09,9.272250736103159e-07,0.014253549759743791,0.015623187118575275,0.06785063955339206,0.2960149795979006,0.0988625,0.101325
0.1,0.1,0.0,0.001,0.0,10.0,0,unit_total_var,0.10924050632911393,0.9061286955701472,1.0,0.9061286955701472,0.9061286955937348,1.1305290037455508e-10,9.2859158939973e-07,0.014058630584137245,0.015515048417367897,0.06738099914124658,0.29978818467469875,0.0988625,0.101325
0.1,0.1,0.0,0.001,0.0,10.0,0,unit_total_var,0.11544303797468355,0.8999232712263571,1.0,0.8999232714930636,0.8999232712263571,1.2871006482839675e-09,9.96742528514005e-07,0.013865510853275516,0.015407436718888818,0.06691364747286957,0.29978818467469875,0.0988625,0.101325
0.1,0.1,0.0,0.001,0.0,10.0,0,unit_total_var,0.12164556962025315,0.8937168107984275,1.0,0.8937168110683246,0.8937168107984275,1.3115432628829635e-09,8.016867241167347e-07,0.013674156514243115,0.01530032371442909,0.06644846160510018,0.29978818467469875,0.0988625,0.101325
0.1,0.1,0.0,0.001,0.0,10.0,0,unit_total_var,0.12784810126582274,0.8875093545815351,1.0,0.8875093548917253,0.8875093545815351,1.5178870382825949e-09,8.317244919453516e-07,0.01348453742473027,0.015193684838497609,0.0659853348513661,0.29978818467469875,0.0988625,0.101325
0.1,0.1,0.0,0.001,0.0,10.0,0,unit_total_var,0.1340506329113924,0.8813009379890796,1.0,0.8813009383454974,0.8813009379890796,1.756383927187244e-09,8.664939059599419e-07,0.013296626721910544,0.015087498661070647,0.06552417414225681,0.29978818467469875,0.0988625,0.101325
0.1,0.1,0.0,0.001,0.0,10.0,0,unit_total_var,0.14025316455696205,0.8750915922534951,1.0,0.8750915926629347,0.8750915922534951,2.0319856908201928e-09,9.061285481948288e-07,0.013110400308851956,0.014981746396500812,0.0650648978927423,0.29978818467469875,0.0988625,0.101325
0.1,0.1,0.0,0.001,0.0,10.0,0,unit_total_var,0.14645569620253165,0.868881345108426,1.0,0.8688813455266847,0.868881345108426,2.0905901454426608e-09,9.508263474344858e-07,0.012925836444807956,0.01487641151185605,0.06460743430121094,0.29978818467469875,0.0988625,0.101325
0.1,0.1,0.0,0.001,0.0,10.0,0,unit_total_var,0.15265822784810126,0.8626702213723851,1.0,0.8626702217976226,0.8626702213723851,2.1407752237578848e-09,7.888265827205031e-07,0.012742915412170671,0.014771479409476443,0.06415171997083123,0.29978818467469875,0.0988625,0.101325
0.1,0.1,0.0,0.001,0.0,10.0,0,unit_total_var,0.1588607594936709,0.8564582431673922,1.0,0.8564582436564889,0.8564582431673922,2.480121330528107e-09,8.343324680026853e-07,0.012561619234468469,0.014666937162064696,0.06369769875906438,0.29978818467469875,0.0988625,0.101325
0.1,0.1,0.0,0.001,0.0,10.0,0,unit_total_var,0.1650632911392405,0.8502454305876963,1.0,0.8502454311501049,0.8502454305876963,2.872710958001789e-09,8.847678145684769e-07,0.012381931457425369,0.01456277330284137,0.06324532086631998,0.29978818467469875,0.0988625,0.101325
0.1,0.1,0.0,0.001,0.0,10.0,0,unit_total_var,0.17126582278481015,0.8440318017974964,1.0,0.8440318024440461,0.8440318017974964,3.326805497749774e-09,9.405011383023519e-07,0.0122038369516183,0.01445897764234516,0.0627945420403299,0.29978818467469875,0.0988625,0.101325
0.1,0.1,0.0,0.001,0.0,10.0,0,unit_total_var,0.17746835443037975,0.8378173734046741,1.0,0.8378173739944632,0.8378173734046741,3.0572552267571496e-09,7.959118875078275e-07,0.012027321755169709,0.014355541120248875,0.06234532293259312,0.29978818467469875,0.0988625,0.101325
0.1,0.1,0.0,0.001,0.0,10.0,0,unit_total_var,0.18367088607594936,0.8316021603842407,1.0,0.8316021610632404,0.8316021603842407,3.545996052345401e-09,8.512991485076781e-07,0.011852372928534546,0.01425245567310476,0.06189762852400092,0.29978818467469875,0.0988625,0.101325
0.1,0.1,0.0,0.001,0.0,10.0,0,unit_total_var,0.18987341772151897,0.8253861766760681,1.0,0.8253861774575769,0.8253861766760681,4.112075568940554e-09,9.122497885982741e-07,0.011678978450409872,0.01414971413434928,0.06145142769056339,0.29978818467469875,0.0988625,0.101325
0.1,0.1,0.0,0.001,0.0,10.0,0,unit_total_var,0.1960759493670886,0.8191694350690722,1.0,0.8191694358756351,0.8191694350690722,4.276108800382872e-09,9.79262154032767e-07,0.011507127109527109,0.014047310137440408,0.06100669278273978,0.29978818467469875,0.0988625,0.101325
0.1,0.1,0.0,0.001,0.0,10.0,0,unit_total_var,0.20227848101265825,0.8129519472531592,1.0,0.8129519483276865,0.8129519472531592,5.740330211168043e-09,9.934723834703618e-07,0.011336808420832413,0.013945238041605978,0.06056339930296785,0.29978818467469875,0.0988625,0.101325
0.1,0.1,0.0,0.001,0.0,10.0,0,unit_total_var,0.20848101265822785,0.8067337246443089,1.0,0.8067337246443089,0.8067337247780936,7.202118901261657e-10,8.517832839061156e-07,0.011168012551215396,0.01384349285278659,0.0601215255623232,0.2949932168979672,0.0988625,0.101325
0.1,0.1,0.0,0.001,0.0,10.0,0,unit_total_var,0.21468354430379746,0.8005147772485539,1.0,0.8005147782365938,0.8005147772485539,5.360304200507926e-09,9.82482674771745e-07,0.011000730244364522,0.013742070174113571,0.059681052465447824,0.2949932168979672,0.0988625,0.101325
0.1,0.1,0.0,0.001,0.0,10.0,0,unit_total_var,0.2208860759493671,0.7942951146373761,1.0,0.7942951156549732,0.7942951146373761,5.5638869067564656e-09,8.557947808185419e-07,0.010834952785839477,0.013640966167576159,0.05924196334407274,0.2949932168979672,0.0988625,0.101325
0.1,0.1,0.0,0.001,0.0,10.0,0,unit_total_var,0.2270886075949367,0.7880747457461449,1.0,0.7880747469200724,0.7880747457461449,6.469313307277957e-09,9.286634394811701e-07,0.010670671923752758,0.013540177478533238,0.0588042436291767,0.2949932168979672,0.0988625,0.101325
0.1,0.1,0.0,0.001,0.0,10.0,0,unit_total_var,0.23329113924050635,0.7818536793260269,1.0,0.7818536804192763,0.7818536793260269,6.072647495969363e-09,8.154776196533929e-07,0.01050787985273394,0.013439701226183315,0.0583678808095978,0.2949932168979672,0.0988625,0.101325
0.1,0.1,0.0,0.001,0.0,10.0,0,unit_total_var,0.23949367088607595,0.7756319232044254,1.0,0.7756319244673741,0.7756319232044254,7.071545349290886e-09,8.885203328645729e-07,0.0103465691474665,0.013339534949413836,0.057932864196860015,0.2949932168979672,0.0988625,0.101325
0.1,0.1,0.0,0.001,0.0,10.0,0,unit_total_var,0.2456962025316456,0.7694094851592107,1.0,0.7694094866178229,0.7694094851592107,8.233161929993571e-09,9.690397746453527e-07,0.01018673275052966,0.01323967659226577,0.05749918486204673,0.2949932168979672,0.0988625,0.101325
0.1,0.1,0.0,0.001,0.0,10.0,0,unit_total_var,0.2518987341772152,0.7631863726591166,1.0,0.7631863740267479,0.7631863726591166,7.782565036862366e-09,8.599644161222385e-07,0.010028363932230527,0.013140124472203824,0.057066835497999985,0.2949932168979672,0.0988625,0.101325
0.1,0.1,0.0,0.001,0.0,10.0,0,unit_total_var,0.2581012658227848,0.7569625924158552,1.0,0.7569625939975329,0.7569625924158552,9.074608176007361e-09,9.413220709575397e-07,0.009871456249135905,0.013040877248149127,0.05663581028048827,0.2949932168979672,0.0988625,0.101325
0.1,0.1,0.0,0.001,0.0,10.0,0,unit_total_var,0.2643037974683544,0.7507381514586576,1.0,0.7507381529493061,0.7507381514586576,8.623251890327309e-09,8.415158845309634e-07,0.009716003546915757,0.012941933919353778,0.05620610486331869,0.2949932168979672,0.0988625,0.101325
0.1,0.1,0.0,0.001,0.0,10.0,0,unit_total_var,0.2705063291139241,0.7445130559630326,1.0,0.7445130576893223,0.7445130559630326,1.0069911571264356e-08,9.242734790859686e-07,0.009561999904781685,0.0128432937853765,0.0557777162045134,0.2949932168979672,0.0988625,0.101325
0.1,0.1,0.0,0.001,0.0,10.0,0,unit_total_var,0.2767088607594937,0.7382873125269077,1.0,0.7382873141621712,0.7382873125269077,9.619370411328989e-09,8.321603104377573e-07,0.00940943964818421,0.012744956453306614,0.05535064259768301,0.2949932168979672,0.0988625,0.101325
0.1,0.1,0.0,0.001,0.0,10.0,0,unit_total_var,0.2829113924050633,0.7320609269059584,1.0,0.7320609288022745,0.7320609269059584,1.1249878362207257e-08,9.169273482712015e-07,0.00925831729548347,0.012646921800093294,0.05492488350842457,0.2949932168979672,0.0988625,0.101325
0.1,0.1,0.0,0.001,0.0,10.0,0,unit_total_var,0.2891139240506329,0.7258339053785756,1.0,0.7258339071840465,0.7258339053785756,1.0802830185951962e-08,8.312520662911994e-07,0.009108627576168742,0.012549189985025464,0.05450043962852109,0.2949932168979672,0.0988625,0.101325
0.1,0.1,0.0,0.001,0.0,10.0,0,unit_total_var,0.2953164556962025,0.7196062533743944,1.0,0.7196062554708862,0.7196062533743944,1.2652680680957928e-08,9.186933596083693e-07,0.008960365378533794,0.012451761413296007,0.05407731271770291,0.2949932168979672,0.0988625,0.101325
0.1,0.1,0.0,0.001,0.0,10.0,0,unit_total_var,0.3015189873417722,0.7133779763342394,1.0,0.713377978951408,0.7133779763342394,1.5932954289255008e-08,9.015779767196364e-07,0.008813525770189271,0.012354636759994205,0.05365550570784552,0.2949932168979672,0.0988625,0.101325
0.1,0.1,0.0,0.001,0.0,10.0,0,unit_total_var,0.3077215189873418,0.7071490808323267,1.0,0.7071490808323267,0.7071490812707041,2.692286615868511e-09,8.490661969062784e-07,0.008668103961238464,0.012257816910453951,0.05323502244390517,0.2942850018841492,0.0988625,0.101325
0.1,0.1,0.0,0.001,0.0,10.0,0,unit_total_var,0.3139240506329114,0.7009195722545862,1.0,0.7009195744979679,0.7009195722545862,1.3900144146816727e-08,8.536865152564133e-07,0.008524095296356528,0.012161302999341024,0.052815867853672725,0.2942850018841492,0.0988625,0.101325
0.1,0.1,0.0,0.001,0.0,10.0,0,unit_total_var,0.320126582278481,0.694689454888199,1.0,0.6946894575000597,0.694689454888199,1.6328399743414934e-08,9.487462193646935e-07,0.00838149524582858,0.01206509640653387,0.05239804792988411,0.2942850018841492,0.0988625,0.101325
0.1,0.1,0.0,0.001,0.0,10.0,0,unit_total_var,0.3263291139240506,0.6884587349947838,1.0,0.6884587375193183,0.6884587349947838,1.59253030762585e-08,8.77129366472218e-07,0.008240299408034987,0.011969198717621645,0.051981569558665584,0.2942850018841492,0.0988625,0.101325
0.1,0.1,0.0,0.001,0.0,10.0,0,unit_total_var,0.3325316455696203,0.6822274174275128,1.0,0.6822274203705305,0.6822274174275128,1.8734755302673992e-08,9.77311344740883e-07,0.008100503465355345,0.011873611728915935,0.051566440541299205,0.2942850018841492,0.0988625,0.101325
0.1,0.1,0.0,0.001,0.0,10.0,0,unit_total_var,0.3387341772151899,0.6759955079881358,1.0,0.6759955108469515,0.6759955079881358,1.8366510978751197e-08,9.091922095194604e-07,0.007962103220477638,0.011778337468800722,0.051152669686944666,0.2942850018841492,0.0988625,0.101325
0.1,0.1,0.0,0.001,0.0,10.0,0,unit_total_var,0.3449367088607595,0.6697630117055494,1.0,0.6697630144920207,0.6697630117055494,1.806831773087936e-08,8.492096696954831e-07,0.007825094545079457,0.011683378162602438,0.05074026666007191,0.2942850018841492,0.0988625,0.101325
0.1,0.1,0.0,0.001,0.0,10.0,0,unit_total_var,0.3511392405063291,0.663529933592646,1.0,0.6635299368502787,0.663529933592646,2.132190024539682e-08,9.505323816938472e-07,0.007689473390245453,0.011588736243761041,0.050329242028976366,0.2942850018841492,0.0988625,0.101325
0.1,0.1,0.0,0.001,0.0,10.0,0,unit_total_var,0.3573417721518987,0.6572962794660643,1.0,0.6572962826569765,0.6572962794660643,2.1083271128929937e-08,8.93206703267424e-07,0.007555235797925556,0.011494414366779672,0.04991960732201872,0.2942850018841492,0.0988625,0.101325
0.1,0.1,0.0,0.001,0.0,10.0,0,unit_total_var,0.3635443037974684,0.6510620543437949,1.0,0.6510620574799064,0.6510620543437949,2.091960182859509e-08,8.426205226896855e-07,0.007422377855068074,0.011400415375995277,0.04951137489199734,0.2942850018841492,0.0988625,0.101325
0.1,0.1,0.0,0.001,0.0,10.0,0,unit_total_var,0.369746835443038,0.6448272632465214,1.0,0.6448272669232343,0.6448272632465214,2.476285065888817e-08,9.472399824517195e-07,0.007290895705919984,0.011306742319194762,0.049104557975282605,0.2942850018841492,0.0988625,0.101325
0.1,0.1,0.0,0.001,0.0,10.0,0,unit_total_var,0.3759493670886076,0.6385919121003493,1.0,0.6385919157316565,0.6385919121003493,2.4695845146638362e-08,8.988592696823616e-07,0.007160785566015752,0.011213398463603615,0.04869917076125451,0.2942850018841492,0.0988625,0.101325
0.1,0.1,0.0,0.001,0.0,10.0,0,unit_total_var,0.3821518987341772,0.6323560059814746,1.0,0.6323560095799555,0.6323560059814746,2.4713933344244762e-08,8.562113862353726e-07,0.007032043674727054,0.011120387263204176,0.04829522825036777,0.2942850018841492,0.0988625,0.101325
0.1,0.1,0.0,0.001,0.0,10.0,0,unit_total_var,0.3883544303797468,0.6261195499811026,1.0,0.6261195542116129,0.6261195499811026,2.934403342536029e-08,9.664744879955831e-07,0.006904666309457278,0.011027712374842269,0.04789274632410201,0.2942850018841492,0.0988625,0.101325
0.1,0.1,0.0,0.001,0.0,10.0,0,unit_total_var,0.3945569620253165,0.6198825502185152,1.0,0.6198825544311907,0.6198825502185152,2.9514327870572288e-08,9.259005651074403e-07,0.006778649802322335,0.010935377677485496,0.047491741828599485,0.2942850018841492,0.0988625,0.101325
0.1,0.1,0.0,0.001,0.0,10.0,0,unit_total_var,0.4007594936708861,0.6136450105729728,1.0,0.6136450160921003,0.6136450105729728,3.906047529866896e-08,8.73764093967111e-07,0.006653990487876196,0.010843387256849413,0.04709223250789738,0.2942850018841492,0.0988625,0.101325
0.1,0.1,0.0,0.001,0.0,10.0,0,unit_total_var,0.4069620253164557,0.6074069389531603,1.0,0.6074069389531603,0.6074069405564578,1.1463538118761107e-08,9.085175349810015e-07,0.006530684731565715,0.01075174535019483,0.0466942367641856,0.30066339144552673,0.0988625,0.101325
0.1,0.1,0.0,0.001,0.0,10.0,0,unit_total_var,0.4131645569620253,0.6011683415183872,1.0,0.6011683464995087,0.6011683415183872,3.5984489610285664e-08,9.756381587067151e-07,0.006408728918226541,0.010660456440603377,0.04629777406724027,0.30066339144552673,0.0988625,0.101325
0.1,0.1,0.0,0.001,0.0,10.0,0,unit_total_var,0.4193670886075949,0.5949292212266064,1.0,0.5949292262437512,0.5949292212266064,3.6624832056020296e-08,9.468952555380384e-07,0.006288119440158368,0.010569525274273336,0.045902865029538616,0.30066339144552673,0.0988625,0.101325
0.1,0.1,0.0,0.001,0.0,10.0,0,unit_total_var,0.4255696202531646,0.5886895851095889,1.0,0.5886895901796432,0.5886895851095889,3.7403355523935033e-08,9.223520009982168e-07,0.006168852692248211,0.010478956734218142,0.0455095308577386,0.30066339144552673,0.0988625,0.101325
0.1,0.1,0.0,0.001,0.0,10.0,0,unit_total_var,0.4317721518987342,0.5824494390491604,1.0,0.5824494441894914,0.5824494390491604,3.8328089146943967e-08,9.017016395773679e-07,0.0060509250718915174,0.010388755943811293,0.04511779380236852,0.30066339144552673,0.0988625,0.101325
0.1,0.1,0.0,0.001,0.0,10.0,0,unit_total_var,0.4379746835443038,0.5762087890154917,1.0,0.5762087942441206,0.5762087890154917,3.9408713181643407e-08,8.846886316860036e-07,0.005934332971644822,0.01029892824402107,0.04472767705895896,0.30066339144552673,0.0988625,0.101325
0.1,0.1,0.0,0.001,0.0,10.0,0,unit_total_var,0.4441772151898734,0.5699676410721378,1.0,0.5699676464079273,0.5699676410721378,4.0656762845259216e-08,8.711031966868178e-07,0.005819072774183346,0.010209479196463466,0.04433920478130128,0.30066339144552673,0.0988625,0.101325
0.1,0.1,0.0,0.001,0.0,10.0,0,unit_total_var,0.450379746835443,0.5637260009405279,1.0,0.5637260072852202,0.5637260009405279,4.887950444398825e-08,9.979003579019263e-07,0.005705140838216154,0.010120414578532159,0.0439524020602974,0.30066339144552673,0.0988625,0.101325
0.1,0.1,0.0,0.001,0.0,10.0,0,unit_total_var,0.4565822784810127,0.5574838757605933,1.0,0.5574838822659045,0.5574838757605933,5.067807062886232e-08,9.877812914282913e-07,0.005592533529664727,0.01003174041945994,0.04356729508057264,0.30066339144552673,0.0988625,0.101325
0.1,0.1,0.0,0.001,0.0,10.0,0,unit_total_var,0.4627848101265823,0.5512412714701707,1.0,0.5512412781617516,0.5512412714701707,5.2719504317622075e-08,9.812034278411377e-07,0.005481247162360961,0.009943462955417644,0.043183910925472815,0.30066339144552673,0.0988625,0.101325
0.1,0.1,0.0,0.001,0.0,10.0,0,unit_total_var,0.4689873417721519,0.5449981945559126,1.0,0.5449982014613047,0.5449981945559126,5.5027222334302905e-08,9.780764571587495e-07,0.005371278029154953,0.009855588665815115,0.04280227773471736,0.30066339144552673,0.0988625,0.101325
0.1,0.1,0.0,0.001,0.0,10.0,0,unit_total_var,0.4751898734177215,0.5387546516226616,1.0,0.5387546587716187,0.5387546516226616,5.762832122613304e-08,9.783471597302194e-07,0.005262622387761068,0.009768124269388131,0.042422424687404967,0.30066339144552673,0.0988625,0.101325
0.1,0.1,0.0,0.001,0.0,10.0,0,unit_total_var,0.4813924050632911,0.5325106493985149,1.0,0.5325106568233648,0.5325106493985149,6.055411949645872e-08,9.819983972647606e-07,0.0051552764555929075,0.009681076728542293,0.04204438202087903,0.30066339144552673,0.0988625,0.101325
0.1,0.1,0.0,0.001,0.0,10.0,0,unit_total_var,0.4875949367088608,0.5262661947399935,1.0,0.5262662024760401,0.5262661947399935,6.384073936160918e-08,9.890480754393136e-07,0.00504923640452695,0.00959445325387387,0.041668181050361186,0.30066339144552673,0.0988625,0.101325
0.1,0.1,0.0,0.001,0.0,10.0,0,unit_total_var,0.4937974683544304,0.5200212946373289,1.0,0.5200213027233117,0.5200212946373289,6.752988213065692e-08,9.995491865311124e-07,0.0049444983555812175,0.0095082613088558,0.04129385418930264,0.30066339144552673,0.0988625,0.101325
0.1,0.1,0.0,0.001,0.0,10.0,0,unit_total_var,0.5,0.5137759527677401,1.0,0.5137759641618264,0.5137759527677401,9.631413711019832e-08,9.96457785618077e-07,0.004841058365486995,0.009422508662400294,0.04092143517766037,0.30066339144552673,0.0988625,0.101325
0.1,0.9,0.0,0.001,0.0,1.0,0,unit_total_var,0.01,1.0023022946045426,0.999975,1.0023022946045426,1.0023022946164746,5.170103407892146e-11,9.047029010389452e-07,0.004321933901146753,0.004312006392095478,0.018726805820186158,0.2908976030273344,0.0987125,0.9012875
0.1,0.9,0.0,0.001,0.0,1.0,0,unit_total_var,0.016202531645569618,0.9992470388079056,1.0,0.9992470390778012,0.9992470388079056,1.1730252064828806e-09,8.913368247931429e-07,0.0043059297955384225,0.004309174436659193,0.01871450679399641,0.2908976030273344,0.0987125,0.9012875
0.1,0.9,0.0,0.001,0.0,1.0,0,unit_total_var,0.02240506329113924,0.9960804338339104,1.0,0.9960804344419604,0.9960804338339104,2.6511185850786045e-09,9.353374110787628e-07,0.004291565191593549,0.004308452456068561,0.01871137127213088,0.2908976030273344,0.0987125,0.9012875
0.1,0.9,0.0,0.001,0.0,1.0,0,unit_total_var,0.028607594936708863,0.9927938101423897,1.0,0.9927938110548766,0.9927938101423897,3.99164561820653e-09,8.642027182759193e-07,0.004278528354960446,0.004309584035729238,0.01871628566015554,0.2908976030273344,0.0987125,0.9012875
0.1,0.9,0.0,0.001,0.0,1.0,0,unit_total_var,0.03481012658227848,0.9893834188121494,1.0,0.989383420380128,0.9893834188121494,6.8827151131212175e-09,8.668433615355299e-07,0.0042665931810037545,0.004312375869535204,0.018728410440318758,0.2908976030273344,0.0987125,0.9012875
0.1,0.9,0.0,0.001,0.0,1.0,0,unit_total_var,0.0410126582278481,0.9858479515539001,1.0,0.9858479538950166,0.9858479515539001,1.0313294093733384e-08,9.1985375760828e-07,0.0042555638575746775,0.004316653344835814,0.018746987279514085,0.2908976030273344,0.0987125,0.9012875
0.1,0.9,0.0,0.001,0.0,1.0,0,unit_total_var,0.047215189873417725,0.982187664317909,1.0,0.9821876673816072,0.982187664317909,1.3546772273387298e-08,7.714610816833556e-07,0.004245260861286242,0.004322250233344572,0.018771294257465897,0.2908976030273344,0.0987125,0.9012875
0.1,0.9,0.0,0.001,0.0,1.0,0,unit_total_var,0.05341772151898734,0.9784039424681056,1.0,0.9784039464113748,0.9784039424681056,1.7503405363994418e-08,8.807300204694002e-07,0.0042355177301395255,0.004329007219099177,0.018800639473741138,0.2908976030273344,0.0987125,0.9012875
0.1,0.9,0.0,0.001,0.0,1.0,0,unit_total_var,0.05962025316455696,0.974499030699032,1.0,0.9744990358235552,0.974499030699032,2.2837909993689287e-08,7.840577573858809e-07,0.004226180968000623,0.0043367728800808355,0.018834365310867792,0.2908976030273344,0.0987125,0.9012875
0.1,0.9,0.0,0.001,0.0,1.0,0,unit_total_var,0.06582278481012659,0.970475828349544,0.9999875,0.9704758349459452,0.970475828349544,2.9519340916106536e-08,9.350766649873777e-07,0.004217110602132485,0.004345405087836536,0.018871854512817227,0.2908976030273344,0.0987125,0.9012875
0.1,0.9,0.0,0.001,0.0,1.0,0,unit_total_var,0.0720253164556962,0.9663377332288904,1.0,0.9663377406741116,0.9663377332288904,3.3460543003016596e-08,8.651956502347956e-07,0.004208180622660132,0.0043547721236125705,0.018912535032310447,0.2908976030273344,0.0987125,0.9012875
0.1,0.9,0.0,0.001,0.0,1.0,0,unit_total_var,0.07822784810126583,0.962088502660028,0.9999875,0.9620885122554922,0.962088502660028,4.331469583007674e-08,8.129778965582091e-07,0.004199278997171113,0.004364753331487432,0.018955882867338264,0.2908976030273344,0.0987125,0.9012875
0.1,0.9,0.0,0.001,0.0,1.0,0,unit_total_var,0.08443037974683544,0.9577321439120852,1.0,0.9577321547186208,0.9577321439120852,4.9003459484664447e-08,7.739773852932784e-07,0.004190307318464937,0.00437523930370409,0.019001422866049115,0.2908976030273344,0.0987125,0.9012875
0.1,0.9,0.0,0.001,0.0,1.0,0,unit_total_var,0.09063291139240506,0.9532728176153796,1.0,0.9532728314879196,0.9532728176153796,6.320087356237457e-08,9.684618174077286e-07,0.00418118011254051,0.00438613168788319,0.019048727889486656,0.2908976030273344,0.0987125,0.9012875
0.1,0.9,0.0,0.001,0.0,1.0,0,unit_total_var,0.09683544303797467,0.9487147664542294,1.0,0.9487147820621205,0.9487147664542294,7.144845964868196e-08,9.395283893098848e-07,0.004171823959794372,0.004397342707530886,0.019097416729181683,0.2908976030273344,0.0987125,0.9012875
0.1,0.9,0.0,0.001,0.0,1.0,0,unit_total_var,0.1030379746835443,0.9440622415347764,1.0,0.9440622595898508,0.9440622415347764,8.305828502752634e-08,9.490417358648529e-07,0.004162176420430237,0.0044087945024299715,0.019147151242507283,0.2908976030273344,0.0987125,0.9012875
0.1,0.9,0.0,0.001,0.0,1.0,0,unit_total_var,0.10924050632911393,0.9393194603026468,1.0,0.9393194603026468,0.9393194603429268,1.862351384218641e-10,8.929752208786111e-07,0.004152184987855967,0.0044204183596048795,0.019197633012802237,0.2956573581098663,0.0987125,0.9012875
0.1,0.9,0.0,0.001,0.0,1.0,0,unit_total_var,0.11544303797468355,0.9344905604419184,1.0,0.9344905855349458,0.9344905604419184,1.1661715659805338e-07,8.9854203189077e-07,0.004141805970281766,0.004432153887486157,0.01924859976281284,0.2956573581098663,0.0987125,0.9012875
0.1,0.9,0.0,0.001,0.0,1.0,0,unit_total_var,0.12164556962025315,0.9295795741958832,1.0,0.929579602335716,0.9295795741958832,1.3146775446060133e-07,8.963896354075018e-07,0.0041310034670919,0.004443948190950037,0.019299821771935392,0.2956573581098663,0.0987125,0.9012875
0.1,0.9,0.0,0.001,0.0,1.0,0,unit_total_var,0.12784810126582274,0.9245904039306608,0.9999875,0.9245904354705576,0.9245904039306608,1.4814779492056118e-07,8.98785473602004e-07,0.004119748396626565,0.004455755087996265,0.01935109847429117,0.2956573581098663,0.0987125,0.9012875
0.1,0.9,0.0,0.001,0.0,1.0,0,unit_total_var,0.1340506329113924,0.9195268067399636,1.0,0.9195268420713724,0.9195268067399636,1.6687099790857474e-07,9.052664795561329e-07,0.0041080175990942025,0.00446753435460846,0.019402255179196592,0.2956573581098663,0.0987125,0.9012875
0.1,0.9,0.0,0.001,0.0,1.0,0,unit_total_var,0.14025316455696205,0.9143923842173576,1.0,0.9143924237738259,0.9143923842173576,1.8787509492579344e-07,9.154850451054131e-07,0.00409579303642507,0.004479251038306407,0.01945314008995884,0.2956573581098663,0.0987125,0.9012875
0.1,0.9,0.0,0.001,0.0,1.0,0,unit_total_var,0.14645569620253165,0.909190576566372,1.0,0.9091906208278572,0.909190576566372,2.114245218343136e-07,9.291828941826452e-07,0.0040830610790148015,0.004490874833343296,0.019503621590391783,0.2956573581098663,0.0987125,0.9012875
0.1,0.9,0.0,0.001,0.0,1.0,0,unit_total_var,0.15265822784810126,0.9039246601855117,1.0,0.9039247042240072,0.9039246601855117,2.1158483576311227e-07,9.461720615888679e-07,0.004069811877857352,0.0045023795202380115,0.019553585810735786,0.2956573581098663,0.0987125,0.9012875
0.1,0.9,0.0,0.001,0.0,1.0,0,unit_total_var,0.1588607594936709,0.8985977479635482,0.9999875,0.8985977972383203,0.8985977479635482,2.381461683409469e-07,9.663208988541785e-07,0.004056038816199472,0.0045137424675184105,0.01960293446375613,0.2956573581098663,0.0987125,0.9012875
0.1,0.9,0.0,0.001,0.0,1.0,0,unit_total_var,0.1650632911392405,0.8932127916464878,1.0,0.8932128467474242,0.8932127916464878,2.679096414159865e-07,9.89543438301155e-07,0.004041738033585952,0.004524944191781765,0.019651582934109905,0.2956573581098663,0.0987125,0.9012875
0.1,0.9,0.0,0.001,0.0,1.0,0,unit_total_var,0.17126582278481015,0.8877725927741978,0.999975,0.8877726473294352,0.8877725927741978,2.668818344098156e-07,8.028595184228494e-07,0.004026908045975793,0.004535967970572418,0.019699458597094932,0.2956573581098663,0.0987125,0.9012875
0.1,0.9,0.0,0.001,0.0,1.0,0,unit_total_var,0.17746835443037975,0.8822797803745052,1.0,0.8822798413667491,0.8822797803745052,3.0022895958214946e-07,8.276734781986761e-07,0.004011549270135736,0.004546799506651887,0.01974649936059342,0.2956573581098663,0.0987125,0.9012875
0.1,0.9,0.0,0.001,0.0,1.0,0,unit_total_var,0.18367088607594936,0.8767368566961268,1.0,0.8767369248465003,0.8767368566961268,3.3758510098458316e-07,8.549792491763242e-07,0.003995663896776373,0.004557426628365474,0.01979265236378067,0.2956573581098663,0.0987125,0.9012875
0.1,0.9,0.0,0.001,0.0,1.0,0,unit_total_var,0.18987341772151897,0.8711461775517925,1.0,0.8711462536581291,0.8711461775517925,3.7941463171264894e-07,8.848200989675092e-07,0.00397925551466841,0.004567839034605453,0.019837872869514248,0.2956573581098663,0.0987125,0.9012875
0.1,0.9,0.0,0.001,0.0,1.0,0,unit_total_var,0.1960759493670886,0.8655099652281482,1.0,0.8655100501728482,0.8655099652281482,4.26234407213677e-07,9.172568571358395e-07,0.003962328914940903,0.004578028069146995,0.019882123284287383,0.2956573581098663,0.0987125,0.9012875
0.1,0.9,0.0,0.001,0.0,1.0,0,unit_total_var,0.20227848101265825,0.8598303139320341,0.9999875,0.8598304099386865,0.8598303139320341,4.849230880177302e-07,9.707218673327136e-07,0.003944889888703509,0.00458798651871599,0.019925372281248643,0.2956573581098663,0.0987125,0.9012875
0.1,0.9,0.0,0.001,0.0,1.0,0,unit_total_var,0.20848101265822785,0.8541092027135272,1.0,0.8541092032697594,0.8541092027135272,2.828309919600258e-09,9.902403608208486e-07,0.003926945115104621,0.0045977084693955,0.01996759417658311,0.29969000285602165,0.0987125,0.9012875
0.1,0.9,0.0,0.001,0.0,1.0,0,unit_total_var,0.21468354430379746,0.8483485009998935,1.0,0.8483485954234417,0.8483485009998935,4.833818131322333e-07,8.265102655613531e-07,0.003908501967822176,0.004607189101195413,0.020008768037339704,0.29969000285602165,0.0987125,0.9012875
0.1,0.9,0.0,0.001,0.0,1.0,0,unit_total_var,0.2208860759493671,0.842549942943998,1.0,0.842550048323427,0.842549942943998,5.431808763889379e-07,8.63295863684499e-07,0.003889568291553553,0.0046164246097540615,0.02004887734138561,0.29969000285602165,0.0987125,0.9012875
0.1,0.9,0.0,0.001,0.0,1.0,0,unit_total_var,0.2270886075949367,0.8367151924734113,1.0,0.8367153100212148,0.8367151924734113,6.10128264577625e-07,9.027358989222023e-07,0.0038701525471761993,0.004625412066124499,0.020087909368465887,0.29969000285602165,0.0987125,0.9012875
0.1,0.9,0.0,0.001,0.0,1.0,0,unit_total_var,0.23329113924050635,0.8308458081223865,0.999975,0.8308459391799431,0.8308458081223865,6.850557412452218e-07,9.449646460879536e-07,0.0038502635354468726,0.00463414931844937,0.02012585477318276,0.29969000285602165,0.0987125,0.9012875
0.1,0.9,0.0,0.001,0.0,1.0,0,unit_total_var,0.23949367088607595,0.8249432590215054,1.0,0.8249433908606073,0.8249432590215054,6.940718556558423e-07,9.90127890787562e-07,0.00382991036705455,0.004642634902668753,0.020162707197204796,0.29969000285602165,0.0987125,0.9012875
0.1,0.9,0.0,0.001,0.0,1.0,0,unit_total_var,0.2456962025316456,0.8190089454941055,0.9999875,0.8190090772632984,0.8190089454941055,6.987302039185295e-07,8.407621261419251e-07,0.0038091024680336795,0.004650867965472172,0.020198462934651683,0.29969000285602165,0.0987125,0.9012875
0.1,0.9,0.0,0.001,0.0,1.0,0,unit_total_var,0.2518987341772152,0.8130441448300796,1.0,0.8130442918271708,0.8130441448300796,7.851974604955457e-07,8.842149998855575e-07,0.003787849239480036,0.0046588481862466025,0.020233120593118725,0.29969000285602165,0.0987125,0.9012875
0.1,0.9,0.0,0.001,0.0,1.0,0,unit_total_var,0.2581012658227848,0.8070501028129791,1.0,0.8070502667246204,0.8070501028129791,8.820507417794943e-07,9.306343375925509e-07,0.0037661604203072093,0.004666575727058618,0.020266680876452132,0.29969000285602165,0.0987125,0.9012875
0.1,0.9,0.0,0.001,0.0,1.0,0,unit_total_var,0.2643037974683544,0.8010279818237029,1.0,0.8010281473740563,0.8010279818237029,8.975666160315754e-07,9.801972620238077e-07,0.0037440457763779846,0.004674051170914033,0.020299146316613968,0.29969000285602165,0.0987125,0.9012875
0.1,0.9,0.0,0.001,0.0,1.0,0,unit_total_var,0.2705063291139241,0.7949788973277938,1.0,0.7949790634824807,0.7949788973277938,9.076977560695808e-07,8.430678040127759e-07,0.003721515218621872,0.0046812754793004,0.02033052108929164,0.29969000285602165,0.0987125,0.9012875
0.1,0.9,0.0,0.001,0.0,1.0,0,unit_total_var,0.2767088607594937,0.7889038499591687,1.0,0.7889040353559709,0.7889038499591687,1.0206161202841455e-06,8.908516284655831e-07,0.0036985784246226436,0.00468824993668629,0.020360810772861254,0.29969000285602165,0.0987125,0.9012875
0.1,0.9,0.0,0.001,0.0,1.0,0,unit_total_var,0.2829113924050633,0.7828038344263994,1.0,0.7828040412092832,0.7828038344263994,1.1472178536031663e-06,9.418914679315548e-07,0.003675245319959103,0.004694976133646744,0.020390022275102445,0.29969000285602165,0.0987125,0.9012875
0.1,0.9,0.0,0.001,0.0,1.0,0,unit_total_var,0.2891139240506329,0.7766797746170455,1.0,0.7766799843145843,0.7766797746170455,1.1725613908719623e-06,9.96395954189211e-07,0.003651525726291747,0.0047014559225418105,0.0204181636407127,0.29969000285602165,0.0987125,0.9012875
0.1,0.9,0.0,0.001,0.0,1.0,0,unit_total_var,0.2953164556962025,0.7705325661436201,1.0,0.7705327775133034,0.7705325661436201,1.1913406201546906e-06,8.67303009854936e-07,0.0036274295339302795,0.004707691398541306,0.020445243968898914,0.29969000285602165,0.0987125,0.9012875
0.1,0.9,0.0,0.001,0.0,1.0,0,unit_total_var,0.3015189873417722,0.7643629816056319,1.0,0.7643632275198563,0.7643629816056319,1.3972311072585342e-06,9.92986897152548e-07,0.003602966198980738,0.004713684840430519,0.02047127315629984,0.29969000285602165,0.0987125,0.9012875
0.1,0.9,0.0,0.001,0.0,1.0,0,unit_total_var,0.3077215189873418,0.7581718518558895,1.0,0.7581718658737059,0.7581718518558895,8.029657494468269e-08,9.76659317863948e-07,0.003578145652887343,0.004719438797587362,0.02049626227472309,0.2961851226740726,0.0987125,0.9012875
0.1,0.9,0.0,0.001,0.0,1.0,0,unit_total_var,0.3139240506329114,0.7519599104097269,1.0,0.7519601533415075,0.7519599104097269,1.403052387161097e-06,8.57806404575001e-07,0.003552977420424085,0.0047249559068755975,0.02052022277592247,0.2961851226740726,0.0987125,0.9012875
0.1,0.9,0.0,0.001,0.0,1.0,0,unit_total_var,0.320126582278481,0.7457278184098206,0.9999875,0.7457280897892159,0.7457278184098206,1.5804499924332305e-06,9.129391904671992e-07,0.003527470819183008,0.004730239012277879,0.020543167011157708,0.2961851226740726,0.0987125,0.9012875
0.1,0.9,0.0,0.001,0.0,1.0,0,unit_total_var,0.3263291139240506,0.7394762601106443,1.0,0.7394765631607148,0.7394762601106443,1.779813003865982e-06,9.719587179546352e-07,0.003501635363606475,0.004735291114122504,0.020565108010689045,0.2961851226740726,0.0987125,0.9012875
0.1,0.9,0.0,0.001,0.0,1.0,0,unit_total_var,0.3325316455696203,0.733205890235157,1.0,0.7332061717399992,0.733205890235157,1.667416720918524e-06,8.611161019800306e-07,0.003475480502385546,0.004740115360053743,0.020586059444561856,0.2961851226740726,0.0987125,0.9012875
0.1,0.9,0.0,0.001,0.0,1.0,0,unit_total_var,0.3387341772151899,0.7269172490199316,1.0,0.7269175637575918,0.7269172490199316,1.8803900947439445e-06,9.191048437884321e-07,0.003449015184457225,0.0047447150127574635,0.020606035482440832,0.2961851226740726,0.0987125,0.9012875
0.1,0.9,0.0,0.001,0.0,1.0,0,unit_total_var,0.3449367088607595,0.7206109246288234,1.0,0.720611276406707,0.7206109246288234,2.120078272271897e-06,9.812761816441193e-07,0.0034222486518299838,0.004749093491182827,0.02062505097263351,0.2961851226740726,0.0987125,0.9012875
0.1,0.9,0.0,0.001,0.0,1.0,0,unit_total_var,0.3511392405063291,0.7142874824989252,1.0,0.7142878114137827,0.7142874824989252,1.9998372964291637e-06,8.767051911107159e-07,0.0033951900816198604,0.0047532543475938185,0.020643121342426362,0.2961851226740726,0.0987125,0.9012875
0.1,0.9,0.0,0.001,0.0,1.0,0,unit_total_var,0.3573417721518987,0.7079473684710859,1.0,0.7079477365485087,0.7079473684710859,2.257992037790757e-06,9.38240098280474e-07,0.003367848095144477,0.004757201234348577,0.020660262453809253,0.2961851226740726,0.0987125,0.9012875
0.1,0.9,0.0,0.001,0.0,1.0,0,unit_total_var,0.3635443037974684,0.7015911245306604,0.9999875,0.7015914704071508,0.7015911245306604,2.14102215512213e-06,8.433796541140738e-07,0.00334023182413789,0.004760937969921422,0.020676490890205432,0.2961851226740726,0.0987125,0.9012875
0.1,0.9,0.0,0.001,0.0,1.0,0,unit_total_var,0.369746835443038,0.6952191448619678,1.0,0.6952195324037868,0.6952191448619678,2.4209233568939226e-06,9.046500482057241e-07,0.003312349689180555,0.004764468461003336,0.020691823618158276,0.2961851226740726,0.0987125,0.9012875
0.1,0.9,0.0,0.001,0.0,1.0,0,unit_total_var,0.3759493670886076,0.6888318924407159,1.0,0.6888323265368096,0.6888318924407159,2.7368866162280625e-06,9.705536245796507e-07,0.003284210473623237,0.004767796772571607,0.020706278291639815,0.2961851226740726,0.0987125,0.9012875
0.1,0.9,0.0,0.001,0.0,1.0,0,unit_total_var,0.3821518987341772,0.6824298168074411,1.0,0.6824302273967372,0.6824298168074411,2.612966309323284e-06,8.794471078044096e-07,0.003255822908743399,0.004770927102767672,0.02071987314294669,0.2961851226740726,0.0987125,0.9012875
0.1,0.9,0.0,0.001,0.0,1.0,0,unit_total_var,0.3883544303797468,0.6760132386327184,1.0,0.676013699127431,0.6760132386327184,2.9583776333108602e-06,9.455748155584587e-07,0.0032271950900061314,0.0047738637434576675,0.02073262681141666,0.2961851226740726,0.0987125,0.9012875
0.1,0.9,0.0,0.001,0.0,1.0,0,unit_total_var,0.3945569620253165,0.6695826037808253,1.0,0.6695830415107797,0.6695826037808253,2.8391365090030263e-06,8.618438642749028e-07,0.0031983357438417205,0.004776611169080839,0.020744558729292487,0.2961851226740726,0.0987125,0.9012875
0.1,0.9,0.0,0.001,0.0,1.0,0,unit_total_var,0.4007594936708861,0.6631381979845291,1.0,0.6631386847843712,0.6631381979845291,3.188089726435805e-06,9.046632964970768e-07,0.00316925277631849,0.004779173912693879,0.020755688583389248,0.2961851226740726,0.0987125,0.9012875
0.1,0.9,0.0,0.001,0.0,1.0,0,unit_total_var,0.4069620253164557,0.6566804169254635,1.0,0.6566804169254635,0.6566804214690195,3.004873039280653e-08,8.622203140351559e-07,0.00313995468924694,0.004781556763863937,0.02076603717453277,0.2997104611105056,0.0987125,0.9012875
0.1,0.9,0.0,0.001,0.0,1.0,0,unit_total_var,0.4131645569620253,0.6502095335052988,1.0,0.6502100615083967,0.6502095335052988,3.5266898890107252e-06,9.190963461414015e-07,0.003110449321460555,0.004783764557698854,0.02077562550132963,0.2997104611105056,0.0987125,0.9012875
0.1,0.9,0.0,0.001,0.0,1.0,0,unit_total_var,0.4193670886075949,0.6437258739223564,1.0,0.6437264674704982,0.6437258739223564,4.004415145697493e-06,9.924068107292072e-07,0.003080744730472659,0.004785802241722921,0.020784475050604767,0.2997104611105056,0.0987125,0.9012875
0.1,0.9,0.0,0.001,0.0,1.0,0,unit_total_var,0.4255696202531646,0.6372297845522732,1.0,0.6372303552690665,0.6372297845522732,3.889633677811588e-06,9.166852370512402e-07,0.0030508491006573184,0.004787674987290321,0.020792608281264075,0.2997104611105056,0.0987125,0.9012875
0.1,0.9,0.0,0.001,0.0,1.0,0,unit_total_var,0.4317721518987342,0.6307214553274922,1.0,0.6307220977125738,0.6307214553274922,4.423254540419919e-06,9.917427523653544e-07,0.003020769783067092,0.004789388021529416,0.02080004789443757,0.2997104611105056,0.0987125,0.9012875
0.1,0.9,0.0,0.001,0.0,1.0,0,unit_total_var,0.4379746835443038,0.6242012489222957,1.0,0.6242018696563093,0.6242012489222957,4.3188190232967835e-06,9.211942617604052e-07,0.0029905149604174588,0.004790946774907425,0.020806817474344742,0.2997104611105056,0.0987125,0.9012875
0.1,0.9,0.0,0.001,0.0,1.0,0,unit_total_var,0.4441772151898734,0.6176693260353605,1.0,0.6176699766983058,0.6176693260353605,4.574926517619815e-06,9.985167455095478e-07,0.002960091754580067,0.004792356734921635,0.020812940852883502,0.2997104611105056,0.0987125,0.9012875
0.1,0.9,0.0,0.001,0.0,1.0,0,unit_total_var,0.450379746835443,0.6111260330451234,1.0,0.6111267123949504,0.6111260330451234,4.8277720345879516e-06,9.326016150446035e-07,0.0029295081692145343,0.004793623591221207,0.02081844273988619,0.2997104611105056,0.0987125,0.9012875
0.1,0.9,0.0,0.001,0.0,1.0,0,unit_total_var,0.4565822784810127,0.6045715556539032,0.9999875,0.6045722175720952,0.6045715556539032,4.754892257707866e-06,8.742117665327953e-07,0.002898771338250293,0.004794753096041689,0.020823348116994374,0.2997104611105056,0.0987125,0.9012875
0.1,0.9,0.0,0.001,0.0,1.0,0,unit_total_var,0.4627848101265823,0.5980060705475588,1.0,0.5980068186878598,0.5980060705475588,5.4332726229233685e-06,9.510521628008915e-07,0.0028678882800549327,0.004795751115752015,0.020827682461524628,0.2997104611105056,0.0987125,0.9012875
0.1,0.9,0.0,0.001,0.0,1.0,0,unit_total_var,0.4689873417721519,0.5914298986326607,1.0,0.5914306311590861,0.5914298986326607,5.379031192909166e-06,8.963310202947382e-07,0.0028368666594754057,0.00479662368445359,0.020831471979246386,0.2997104611105056,0.0987125,0.9012875
0.1,0.9,0.0,0.001,0.0,1.0,0,unit_total_var,0.4751898734177215,0.5848431427514471,1.0,0.584843971776478,0.5848431427514471,6.156193255613117e-06,9.768372974949813e-07,0.00280571295428742,0.004797376850633302,0.02083474293840444,0.2997104611105056,0.0987125,0.9012875
0.1,0.9,0.0,0.001,0.0,1.0,0,unit_total_var,0.4813924050632911,0.5782461158566878,1.0,0.5782469315560438,0.5782461158566878,6.126344295420694e-06,9.255485233783388e-07,0.002774434599676281,0.004798016836768335,0.020837522362873825,0.2997104611105056,0.0987125,0.9012875
0.1,0.9,0.0,0.001,0.0,1.0,0,unit_total_var,0.4875949367088608,0.5716389561125153,1.0,0.5716397613810975,0.5716389561125153,6.117908019742657e-06,8.800654107687933e-07,0.002743038040644143,0.004798549873679766,0.02083983731276668,0.2997104611105056,0.0987125,0.9012875
0.1,0.9,0.0,0.001,0.0,1.0,0,unit_total_var,0.4937974683544304,0.565021792884475,1.0,0.5650227068304429,0.565021792884475,7.0248860239985325e-06,9.624202081948141e-07,0.002711529556494189,0.004798982252793551,0.02084171511139875,0.2997104611105056,0.0987125,0.9012875
0.1,0.9,0.0,0.001,0.0,1.0,0,unit_total_var,0.5,0.5583948855578171,1.0,0.5583958314722256,0.5583948855578171,7.356891523091492e-06,9.915879557453877e-07,0.0026799159142315452,0.004799320308162211,0.020843183267210626,0.2997104611105056,0.0987125,0.9012875
0.1,0.9,0.0,0.001,0.0,10.0,0,unit_total_var,0.01,0.9967058530947984,1.0,0.9967058530948274,0.9967058530947984,1.2674583604876946e-13,8.910901669878514e-07,0.004310333770072952,0.0043245795704813525,0.018781410440115852,0.296015791790976,0.0987125,0.9012875
0.1,0.9,0.0,0.001,0.0,10.0,0,unit_total_var,0.016202531645569618,0.9903724373653512,1.0,0.9903724373696794,0.9903724373653512,1.898037282899168e-11,8.165698091033845e-07,0.004286063658515576,0.004327729141894965,0.01879508885496878,0.296015791790976,0.0987125,0.9012875
0.1,0.9,0.0,0.001,0.0,10.0,0,unit_total_var,0.02240506329113924,0.9840616892119232,0.9999875,0.9840616892217312,0.9840616892119232,4.3285680595417375e-11,9.412042345502415e-07,0.004262309282092254,0.00433134358223587,0.018810786169921018,0.296015791790976,0.0987125,0.9012875
0.1,0.9,0.0,0.001,0.0,10.0,0,unit_total_var,0.028607594936708863,0.9777645616973673,1.0,0.9777645617122496,0.9777645616973673,6.610340053114783e-11,9.254185897589196e-07,0.0042388355422627024,0.004335231310597125,0.018827670359665337,0.296015791790976,0.0987125,0.9012875
0.1,0.9,0.0,0.001,0.0,10.0,0,unit_total_var,0.03481012658227848,0.9714767778813056,1.0,0.9714767779039956,0.9714767778813056,1.0143497153336513e-10,9.816667443374172e-07,0.004215530131137149,0.004339300976736472,0.0188453446951404,0.296015791790976,0.0987125,0.9012875
0.1,0.9,0.0,0.001,0.0,10.0,0,unit_total_var,0.0410126582278481,0.9651959096383612,1.0,0.9651959096682408,0.9651959096383612,1.3444442781285204e-10,8.330534910783172e-07,0.0041923287025686035,0.00434350027875624,0.018863582032090702,0.296015791790976,0.0987125,0.9012875
0.1,0.9,0.0,0.001,0.0,10.0,0,unit_total_var,0.047215189873417725,0.9589204198065072,1.0,0.9589204198518096,0.9589204198065072,2.0517443299894467e-10,9.660329851612912e-07,0.004169190199752851,0.004347795827097017,0.018882237361502185,0.296015791790976,0.0987125,0.9012875
0.1,0.9,0.0,0.001,0.0,10.0,0,unit_total_var,0.05341772151898734,0.9526492615460336,0.9999875,0.9526492615983068,0.9526492615460336,2.383039321429692e-10,8.781566975812893e-07,0.004146086479198979,0.004352164691200607,0.01890121109722593,0.296015791790976,0.0987125,0.9012875
0.1,0.9,0.0,0.001,0.0,10.0,0,unit_total_var,0.05962025316455696,0.9463816833948432,1.0,0.9463816834641008,0.9463816833948432,3.178230734146581e-10,8.177569270628737e-07,0.0041229972362205,0.004356590272785668,0.018920431153841982,0.296015791790976,0.0987125,0.9012875
0.1,0.9,0.0,0.001,0.0,10.0,0,unit_total_var,0.06582278481012659,0.9401171240338364,1.0,0.9401171241136108,0.9401171240338364,3.685252103480252e-10,7.764767815388041e-07,0.0040999072503288105,0.004361060069554958,0.018939843234563297,0.296015791790976,0.0987125,0.9012875
0.1,0.9,0.0,0.001,0.0,10.0,0,unit_total_var,0.0720253164556962,0.9338551508749204,0.9999875,0.9338551509796325,0.9338551508749204,4.869679659513793e-10,9.755021892488005e-07,0.004076804769886208,0.004365564366236761,0.018959405146500918,0.296015791790976,0.0987125,0.9012875
0.1,0.9,0.0,0.001,0.0,10.0,0,unit_total_var,0.07822784810126583,0.927595422102746,1.0,0.9275954222233735,0.927595422102746,5.647700085376073e-10,9.520088042336284e-07,0.004053680507022443,0.004370095421378042,0.01897908326895149,0.296015791790976,0.0987125,0.9012875
0.1,0.9,0.0,0.001,0.0,10.0,0,unit_total_var,0.08443037974683544,0.921337661930808,1.0,0.9213376620697464,0.921337661930808,6.54919396492204e-10,9.397203939442987e-07,0.004030526981337191,0.004374646937682529,0.01899885025310481,0.296015791790976,0.0987125,0.9012875
0.1,0.9,0.0,0.001,0.0,10.0,0,unit_total_var,0.09063291139240506,0.9150816439981442,1.0,0.9150816441581396,0.9150816439981442,7.593322082222188e-10,9.367032589580048e-07,0.004007338075011393,0.00437921370327424,0.019018683464071068,0.296015791790976,0.0987125,0.9012875
0.1,0.9,0.0,0.001,0.0,10.0,0,unit_total_var,0.09683544303797467,0.9088271797544352,1.0,0.9088271799386368,0.9088271797544352,8.802307216448924e-10,9.4164340680436e-07,0.003984108720916611,0.004383791340827985,0.019038563891368508,0.296015791790976,0.0987125,0.9012875
0.1,0.9,0.0,0.001,0.0,10.0,0,unit_total_var,0.1030379746835443,0.902574110127892,1.0,0.9025741103605188,0.902574110127892,1.1193368454343042e-09,9.272313263863907e-07,0.003960834677932046,0.004388376127219966,0.019058475365675936,0.296015791790976,0.0987125,0.9012875
0.1,0.9,0.0,0.001,0.0,10.0,0,unit_total_var,0.10924050632911393,0.8963222995117599,1.0,0.8963222995117599,0.8963222995336638,1.0613093737177337e-10,9.28598865357344e-07,0.0039375123657997635,0.004392964860903923,0.019078403982854597,0.29979118994151865,0.0987125,0.9012875
0.1,0.9,0.0,0.001,0.0,10.0,0,unit_total_var,0.11544303797468355,0.8900716311067961,1.0,0.8900716313874658,0.8900716311067961,1.3694774203543147e-09,9.96752532955725e-07,0.003914138740054401,0.004397554762179314,0.019098337670818425,0.29979118994151865,0.0987125,0.9012875
0.1,0.9,0.0,0.001,0.0,10.0,0,unit_total_var,0.12164556962025315,0.8838220034720385,1.0,0.8838220037565061,0.8838220034720385,1.3978233015521369e-09,8.016959327505901e-07,0.003890711196639164,0.004402143396922404,0.01911826585830236,0.29979118994151865,0.0987125,0.9012875
0.1,0.9,0.0,0.001,0.0,10.0,0,unit_total_var,0.12784810126582274,0.8775733278038879,1.0,0.8775733281312196,0.8775733278038879,1.619902878502444e-09,8.317347237607464e-07,0.0038672274977341937,0.004406728617666473,0.01913817921897694,0.29979118994151865,0.0987125,0.9012875
0.1,0.9,0.0,0.001,0.0,10.0,0,unit_total_var,0.1340506329113924,0.8713255259509846,1.0,0.8713255263275501,0.8713255259509846,1.8769139575880445e-09,8.665045925226877e-07,0.00384368571347175,0.004411308516729914,0.0191580694678862,0.29979118994151865,0.0987125,0.9012875
0.1,0.9,0.0,0.001,0.0,10.0,0,unit_total_var,0.14025316455696205,0.8650785286204853,1.0,0.8650785290535841,0.8650785286204853,2.17428075544035e-09,9.061404853127896e-07,0.0038200841746996992,0.004415881389162985,0.019177929200527497,0.29979118994151865,0.0987125,0.9012875
0.1,0.9,0.0,0.001,0.0,10.0,0,unit_total_var,0.14645569620253165,0.8588322740633012,1.0,0.8588322745064106,0.8588322740633012,2.2407166122562217e-09,9.508395351076616e-07,0.00379642143524891,0.00442044570272995,0.01919775176248559,0.29979118994151865,0.0987125,0.9012875
0.1,0.9,0.0,0.001,0.0,10.0,0,unit_total_var,0.15265822784810126,0.8525867070379012,1.0,0.852586707489119,0.8525867070379012,2.2984337766374097e-09,7.88838860898977e-07,0.0037726962412396006,0.004425000073419967,0.01921753114307776,0.29979118994151865,0.0987125,0.9012875
0.1,0.9,0.0,0.001,0.0,10.0,0,unit_total_var,0.1588607594936709,0.8463417776862758,1.0,0.8463417782058649,0.8463417776862758,2.666235454640287e-09,8.343459967363742e-07,0.0037489075047337853,0.004429543245498911,0.019237261888719985,0.29979118994151865,0.0987125,0.9012875
0.1,0.9,0.0,0.001,0.0,10.0,0,unit_total_var,0.1650632911392405,0.8400974411203163,1.0,0.8400974417184832,0.8400974411203163,3.092267553128636e-09,8.847825370139618e-07,0.003725054283794204,0.0044340740745819176,0.019256939029411942,0.29979118994151865,0.0987125,0.9012875
0.1,0.9,0.0,0.001,0.0,10.0,0,unit_total_var,0.17126582278481015,0.8338536565916592,1.0,0.8338536572801096,0.8338536565916592,3.5856436708670007e-09,9.405173955201461e-07,0.00370113576392379,0.004438591513829924,0.01927655801878936,0.29979118994151865,0.0987125,0.9012875
0.1,0.9,0.0,0.001,0.0,10.0,0,unit_total_var,0.17746835443037975,0.8276103871035828,1.0,0.8276103877328549,0.8276103871035828,3.3021504419750163e-09,7.959265531098936e-07,0.003677151243580142,0.004443094602097972,0.019296114682652736,0.29979118994151865,0.0987125,0.9012875
0.1,0.9,0.0,0.001,0.0,10.0,0,unit_total_var,0.18367088607594936,0.8213675986665742,1.0,0.8213675993918603,0.8213675986665742,3.834918493872408e-09,8.513154057254724e-07,0.003653100120265124,0.004447582454184515,0.01931560517662057,0.29979118994151865,0.0987125,0.9012875
0.1,0.9,0.0,0.001,0.0,10.0,0,unit_total_var,0.18987341772151897,0.8151252603694465,1.0,0.8151252612051764,0.8151252603694465,4.452724855497081e-09,9.12267751118634e-07,0.0036289818813440853,0.00445205425200452,0.01933502594779472,0.29979118994151865,0.0987125,0.9012875
0.1,0.9,0.0,0.001,0.0,10.0,0,unit_total_var,0.1960759493670886,0.8088833437744636,0.9999875,0.8088833446383306,0.8088833437744636,4.638155304270697e-09,9.792820492293686e-07,0.0036047960935858313,0.004456509237493876,0.019354373703944584,0.29979118994151865,0.0987125,0.9012875
0.1,0.9,0.0,0.001,0.0,10.0,0,unit_total_var,0.20227848101265825,0.8026418225809057,1.0,0.8026418237088564,0.8026418225809057,6.103130556489589e-09,9.9348744697636e-07,0.003580542394638056,0.004460946706122008,0.01937364538533275,0.29979118994151865,0.0987125,0.9012875
0.1,0.9,0.0,0.001,0.0,10.0,0,unit_total_var,0.20848101265822785,0.7964006730523523,1.0,0.7964006730523523,0.7964006731727381,6.564898624716875e-10,8.517969263266423e-07,0.0035562204893368147,0.004465366001898195,0.019392838143027717,0.2949986905845007,0.0987125,0.9012875
0.1,0.9,0.0,0.001,0.0,10.0,0,unit_total_var,0.21468354430379746,0.790159872615316,1.0,0.7901598736781154,0.790159872615316,5.841449990384717e-09,9.82504843705101e-07,0.0035318301379207336,0.00446976651222604,0.019411949316557132,0.2949986905845007,0.0987125,0.9012875
0.1,0.9,0.0,0.001,0.0,10.0,0,unit_total_var,0.2208860759493671,0.7839194006194472,1.0,0.7839194017158313,0.7839194006194472,6.074011738022023e-09,8.558151876059128e-07,0.003507371154441949,0.0044741476632297284,0.019430976413609996,0.2949986905845007,0.0987125,0.9012875
0.1,0.9,0.0,0.001,0.0,10.0,0,unit_total_var,0.2270886075949367,0.777679237776006,1.0,0.7776792390422101,0.777679237776006,7.071109253686814e-09,9.286859494750387e-07,0.0034828434012388393,0.004478508917377061,0.01944991709971364,0.2949986905845007,0.0987125,0.9012875
0.1,0.9,0.0,0.001,0.0,10.0,0,unit_total_var,0.23329113924050635,0.7714393665239434,1.0,0.7714393677056478,0.7714393665239434,6.6525993602795105e-09,8.154984811881151e-07,0.0034582467860612377,0.004482849769054278,0.019468769179015397,0.2949986905845007,0.0987125,0.9012875
0.1,0.9,0.0,0.001,0.0,10.0,0,unit_total_var,0.23949367088607595,0.7651997700287413,1.0,0.7651997713953623,0.7651997700287413,7.756353115340175e-09,8.885433544492115e-07,0.0034335812550687944,0.00448716974253642,0.019487530585468017,0.2949986905845007,0.0987125,0.9012875
0.1,0.9,0.0,0.001,0.0,10.0,0,unit_total_var,0.2456962025316456,0.7589604329582469,1.0,0.758960434538293,0.7589604329582469,9.041384529950848e-09,9.690655247140969e-07,0.003408846793006216,0.004491468388832002,0.019506199369126277,0.2949986905845007,0.0987125,0.9012875
0.1,0.9,0.0,0.001,0.0,10.0,0,unit_total_var,0.2518987341772152,0.7527213410596538,1.0,0.7527213425443708,0.7527213410596538,8.566309661617309e-09,8.599881766713222e-07,0.0033840434189710924,0.0044957452836492705,0.019524773687314468,0.2949986905845007,0.0987125,0.9012875
0.1,0.9,0.0,0.001,0.0,10.0,0,unit_total_var,0.2581012658227848,0.7464824805464189,1.0,0.7464824822653459,0.7464824805464189,1.0000509975682805e-08,9.413486168341478e-07,0.003359171181667752,0.0045000000257325095,0.0195432517974012,0.2949986905845007,0.0987125,0.9012875
0.1,0.9,0.0,0.001,0.0,10.0,0,unit_total_var,0.2643037974683544,0.7402438391426616,1.0,0.7402438407662429,0.7402438391426616,9.525408239952073e-09,8.415406114181678e-07,0.003334230161492614,0.004504232234278729,0.019561632045580063,0.2949986905845007,0.0987125,0.9012875
0.1,0.9,0.0,0.001,0.0,10.0,0,unit_total_var,0.2705063291139241,0.7340054047141511,1.0,0.7340054065963917,0.7340054047141511,1.1136793931498799e-08,9.243008207704406e-07,0.0033092204632116213,0.004508441548193171,0.01957991286363647,0.2949986905845007,0.0987125,0.9012875
0.1,0.9,0.0,0.001,0.0,10.0,0,unit_total_var,0.2767088607594937,0.7277671665563327,1.0,0.7277671683433273,0.7277671665563327,1.066387667059132e-08,8.321858899762447e-07,0.0032841422194239012,0.0045126276236998825,0.01959809275857043,0.2949986905845007,0.0987125,0.9012875
0.1,0.9,0.0,0.001,0.0,10.0,0,unit_total_var,0.2829113924050633,0.7215291139399831,1.0,0.7215291160144508,0.7215291139399831,1.2486396583355486e-08,9.16955912089179e-07,0.0032589955832063922,0.004516790133956363,0.019616170310922974,0.2949986905845007,0.0987125,0.9012875
0.1,0.9,0.0,0.001,0.0,10.0,0,unit_total_var,0.2891139240506329,0.7152912375171468,1.0,0.7152912394967375,0.7152912375171468,1.2019233830429243e-08,8.312789816500299e-07,0.0032337807323796672,0.004520928766867703,0.01963414416528315,0.2949986905845007,0.0987125,0.9012875
0.1,0.9,0.0,0.001,0.0,10.0,0,unit_total_var,0.2953164556962025,0.7090535277618707,1.0,0.7090535300629763,0.7090535277618707,1.4094245992524183e-08,9.187232876683993e-07,0.0032084978619637285,0.004525043225003563,0.019652013029927414,0.2949986905845007,0.0987125,0.9012875
0.1,0.9,0.0,0.001,0.0,10.0,0,unit_total_var,0.3015189873417722,0.7028159759414306,1.0,0.7028159787166051,0.7028159759414306,1.7148769737573843e-08,9.015954276492266e-07,0.003183147186491157,0.004529133223284078,0.019669775666769636,0.2949986905845007,0.0987125,0.9012875
0.1,0.9,0.0,0.001,0.0,10.0,0,unit_total_var,0.3077215189873418,0.6965785748934269,1.0,0.6965785748934269,0.6965785752710575,2.3544060034907943e-09,8.490828520280046e-07,0.0031577289439375807,0.004533198490092374,0.01968743089619271,0.2942938178426817,0.0987125,0.9012875
0.1,0.9,0.0,0.001,0.0,10.0,0,unit_total_var,0.3139240506329114,0.6903413169247675,1.0,0.6903413194012015,0.6903413169247675,1.5579273204835434e-08,8.537165285815719e-07,0.0031322433839625513,0.004537238764609389,0.019704977585473845,0.2942938178426817,0.0987125,0.9012875
0.1,0.9,0.0,0.001,0.0,10.0,0,unit_total_var,0.320126582278481,0.6841041938795999,1.0,0.6841041967658199,0.6841041938795999,1.832278639923857e-08,9.487797854035307e-07,0.003106690767304035,0.004541253795983602,0.01972241464517874,0.2942938178426817,0.0987125,0.9012875
0.1,0.9,0.0,0.001,0.0,10.0,0,unit_total_var,0.3263291139240506,0.6778671999429581,1.0,0.6778672027393349,0.6778671999429581,1.7915766203913108e-08,8.771614261604556e-07,0.0030810713786344804,0.004545243343967299,0.01973974103192481,0.2942938178426817,0.0987125,0.9012875
0.1,0.9,0.0,0.001,0.0,10.0,0,unit_total_var,0.3325316455696203,0.6716303283046238,1.0,0.6716303315679634,0.6716303283046238,2.1101643543630644e-08,9.773472413598938e-07,0.0030553855104042465,0.004549207177878438,0.019756955743872703,0.2942938178426817,0.0987125,0.9012875
0.1,0.9,0.0,0.001,0.0,10.0,0,unit_total_var,0.3387341772151899,0.6653935736088398,1.0,0.6653935767864934,0.6653935736088398,2.074016736131057e-08,9.092264861010336e-07,0.0030296334726462428,0.00455314507504885,0.019774057813986824,0.2942938178426817,0.0987125,0.9012875
0.1,0.9,0.0,0.001,0.0,10.0,0,unit_total_var,0.3449367088607595,0.659156930028153,1.0,0.6591569331329883,0.659156930028153,2.045662839122997e-08,8.49242553613294e-07,0.003003815584421587,0.004557056821496654,0.019791046312955685,0.2942938178426817,0.0987125,0.9012875
0.1,0.9,0.0,0.001,0.0,10.0,0,unit_total_var,0.3511392405063291,0.6529203920632692,1.0,0.6529203956969326,0.6529203920632692,2.41695614633386e-08,9.505693014943971e-07,0.0029779321765127198,0.0045609422108907755,0.019807920344694814,0.2942938178426817,0.0987125,0.9012875
0.1,0.9,0.0,0.001,0.0,10.0,0,unit_total_var,0.3573417721518987,0.6466839554243247,0.9999875,0.6466839589924311,0.6466839554243247,2.3962384299025533e-08,8.932422872476309e-07,0.002951983594550486,0.00456480104352292,0.01982467904188209,0.2942938178426817,0.0987125,0.9012875
0.1,0.9,0.0,0.001,0.0,10.0,0,unit_total_var,0.3635443037974684,0.6404476152323124,1.0,0.6404476187479821,0.6404476152323124,2.3840136753605637e-08,8.426549982232245e-07,0.0029259701910525197,0.004568633126990674,0.019841321568924482,0.2942938178426817,0.0987125,0.9012875
0.1,0.9,0.0,0.001,0.0,10.0,0,unit_total_var,0.369746835443038,0.6342113668788186,1.0,0.6342113710049153,0.6342113668788186,2.8254634187874217e-08,9.472787212416731e-07,0.0028998923285082647,0.004572438275238859,0.019857847117794585,0.2942938178426817,0.0987125,0.9012875
0.1,0.9,0.0,0.001,0.0,10.0,0,unit_total_var,0.3759493670886076,0.6279752070107119,1.0,0.6279752110962943,0.6279752070107119,2.8255031203627826e-08,8.988969284473568e-07,0.0028737503830752577,0.004576216307575083,0.019874254903755325,0.2942938178426817,0.0987125,0.9012875
0.1,0.9,0.0,0.001,0.0,10.0,0,unit_total_var,0.3821518987341772,0.6217391315570667,1.0,0.6217391356162169,0.6217391315570667,2.835379664389848e-08,8.56248050240538e-07,0.0028475447359319604,0.00457996704952549,0.01989054416907638,0.2942938178426817,0.0987125,0.9012875
0.1,0.9,0.0,0.001,0.0,10.0,0,unit_total_var,0.3883544303797468,0.6155031366689211,1.0,0.6155031414461681,0.6155031366689211,3.370790402357216e-08,9.665158131610951e-07,0.0028212757768134237,0.004583690331916193,0.019906714179044868,0.2942938178426817,0.0987125,0.9012875
0.1,0.9,0.0,0.001,0.0,10.0,0,unit_total_var,0.3945569620253165,0.6092672198377894,1.0,0.6092672246074411,0.6092672198377894,3.399876646881239e-08,9.259409239348316e-07,0.0027949439083855138,0.004587385989893953,0.01992276421771229,0.2942938178426817,0.0987125,0.9012875
0.1,0.9,0.0,0.001,0.0,10.0,0,unit_total_var,0.4007594936708861,0.603031376550734,1.0,0.6030313824672064,0.603031376550734,4.26095794203718e-08,8.7377961222046e-07,0.002768549530969707,0.004591053863242528,0.01993869358926836,0.2942938178426817,0.0987125,0.9012875
0.1,0.9,0.0,0.001,0.0,10.0,0,unit_total_var,0.4069620253164557,0.5967956060114531,0.9999875,0.5967956060114531,0.5967956074442234,1.0426421503950678e-08,9.085332521863165e-07,0.0027420930697105747,0.0045946937981610255,0.019954501625764263,0.3006741830038823,0.0987125,0.9012875
0.1,0.9,0.0,0.001,0.0,10.0,0,unit_total_var,0.4131645569620253,0.5905599061273743,1.0,0.5905599118037127,0.5905599061273743,4.174347756347174e-08,9.756823260431702e-07,0.0027155749492522047,0.004598305643638629,0.019970187671368368,0.3006741830038823,0.0987125,0.9012875
0.1,0.9,0.0,0.001,0.0,10.0,0,unit_total_var,0.4193670886075949,0.5843242722208055,1.0,0.5843242779539227,0.5843242722208055,4.261094854740577e-08,9.46938882862014e-07,0.002688995587260807,0.004601889250708183,0.019985751079124536,0.3006741830038823,0.0987125,0.9012875
0.1,0.9,0.0,0.001,0.0,10.0,0,unit_total_var,0.4255696202531646,0.5780887031635541,1.0,0.5780887089732755,0.5780887031635541,4.364606853712871e-08,9.223952588399699e-07,0.0026623554251045253,0.004605444476833664,0.020001191230006685,0.3006741830038823,0.0987125,0.9012875
0.1,0.9,0.0,0.001,0.0,10.0,0,unit_total_var,0.4317721518987342,0.5718531970104248,1.0,0.5718532029173024,0.5718531970104248,4.485984028690382e-08,9.017445847803173e-07,0.0026356549053942226,0.00460897118206751,0.020016507516230277,0.3006741830038823,0.0987125,0.9012875
0.1,0.9,0.0,0.001,0.0,10.0,0,unit_total_var,0.4379746835443038,0.5656177520096889,1.0,0.5656177580352149,0.5656177520096889,4.626539151786346e-08,8.847314063586964e-07,0.0026088944769588986,0.004612469229774474,0.02003169934439596,0.3006741830038823,0.0987125,0.9012875
0.1,0.9,0.0,0.001,0.0,10.0,0,unit_total_var,0.4441772151898734,0.5593823665982542,1.0,0.5593823727650912,0.5593823665982542,4.7878220943431415e-08,8.711459855703652e-07,0.002582074594619955,0.004615938486445692,0.02004676613468212,0.3006741830038823,0.0987125,0.9012875
0.1,0.9,0.0,0.001,0.0,10.0,0,unit_total_var,0.450379746835443,0.5531470388930709,1.0,0.5531470462345729,0.5531470388930709,5.7640618944532214e-08,9.979489874467615e-07,0.00255519571680608,0.0046193788218037,0.020061707321300914,0.3006741830038823,0.0987125,0.9012875
0.1,0.9,0.0,0.001,0.0,10.0,0,unit_total_var,0.4565822784810127,0.546911768695807,1.0,0.546911776245386,0.546911768695807,5.995008045545093e-08,9.87830119925093e-07,0.0025282583140106393,0.004622790107515239,0.02007652234690808,0.3006741830038823,0.0987125,0.9012875
0.1,0.9,0.0,0.001,0.0,10.0,0,unit_total_var,0.4627848101265823,0.5406765544878571,0.9999875,0.5406765622768458,0.5406765544878571,6.256448070729448e-08,9.812525263441785e-07,0.0025012628556806125,0.004626172218711932,0.02009121066920715,0.3006741830038823,0.0987125,0.9012875
0.1,0.9,0.0,0.001,0.0,10.0,0,unit_total_var,0.4689873417721519,0.5344413954221885,1.0,0.5344414034844366,0.5344413954221885,6.551494458051367e-08,9.78125953565723e-07,0.002474209818630475,0.004629525032723078,0.020105771755446037,0.3006741830038823,0.0987125,0.9012875
0.1,0.9,0.0,0.001,0.0,10.0,0,unit_total_var,0.4751898734177215,0.5282062908234781,1.0,0.528206299195767,0.5282062908234781,6.883747705188625e-08,9.783973098365095e-07,0.0024470996847417693,0.0046328484292126075,0.020120205083011832,0.3006741830038823,0.0987125,0.9012875
0.1,0.9,0.0,0.001,0.0,10.0,0,unit_total_var,0.4813924050632911,0.5219712401860391,1.0,0.5219712489085496,0.5219712401860391,7.257369416535653e-08,9.820492437029316e-07,0.002419932940813137,0.00463614229004386,0.02013451013884353,0.3006741830038823,0.0987125,0.9012875
0.1,0.9,0.0,0.001,0.0,10.0,0,unit_total_var,0.4875949367088608,0.5157362431721527,0.9999875,0.5157362522889923,0.5157362431721527,7.677166680153391e-08,9.890997745287675e-07,0.0023927100784204283,0.0046394064991506535,0.020148686418872127,0.3006741830038823,0.0987125,0.9012875
0.1,0.9,0.0,0.001,0.0,10.0,0,unit_total_var,0.4937974683544304,0.5095012996107944,1.0,0.5095013091705985,0.5095012996107944,8.14869394183404e-08,9.996019230129605e-07,0.0023654315937863928,0.004642640942414346,0.02016273342748663,0.3006741830038823,0.0987125,0.9012875
0.1,0.9,0.0,0.001,0.0,10.0,0,unit_total_var,0.5,0.5032664066199399,1.0,0.5032664189255104,0.5032664066199399,1.0619109902521018e-07,9.964681879637285e-07,0.002338097973503625,0.004645845505975377,0.02017665067020127,0.3006741830038823,0.0987125,0.9012875
0.1,0.1,0.0,0.001,-0.00099,0.0,0,unit_total_var,0.01,1.2007497944440897,0.9902375,1.200749794506107,1.2007497944440897,2.2430779456072966e-10,9.877193178908785e-07,0.02131154776059156,0.017748533340751604,0.07708090091764308,0.29885395617923394,0.0988625,0.101325
0.1,0.1,0.0,0.001,-0.00099,0.0,0,unit_total_var,0.016202531645569618,1.232009954572428,0.9911875,1.2320099566080494,1.232009954572428,7.1757462194455e-09,7.761671980688335e-07,0.020835739662922903,0.0169119897007277,0.07344783805030666,0.29885395617923394,0.0988625,0.101325
0.1,0.1,0.0,0.001,-0.00099,0.0,0,unit_total_var,0.02240506329113924,1.2435076708653745,0.991575,1.2435076749765617,1.2435076708653745,1.4358302102834838e-08,9.257184032662735e-07,0.020140591801283508,0.016196596348510967,0.07034092419772671,0.29885395617923394,0.0988625,0.101325
0.1,0.1,0.0,0.001,-0.00099,0.0,0,unit_total_var,0.028607594936708863,1.244585118450222,0.9921625,1.2445851245823274,1.244585118450222,2.1397809080170305e-08,9.085032743882948e-07,0.019417677799806275,0.015601727444713054,0.06775744137397398,0.29885395617923394,0.0988625,0.101325
0.1,0.1,0.0,0.001,-0.00099,0.0,0,unit_total_var,0.03481012658227848,1.2393614523395728,0.992675,1.2393614624894114,1.2393614523395728,3.5566854572621764e-08,9.410640871010401e-07,0.01876098315282559,0.015137620358782359,0.06574184990965501,0.29885395617923394,0.0988625,0.101325
0.1,0.1,0.0,0.001,-0.00099,0.0,0,unit_total_var,0.0410126582278481,1.2298320244008347,0.9928375,1.2298320360802582,1.2298320244008347,4.124391717041931e-08,8.026558013796148e-07,0.018182145844621973,0.01478425141309862,0.06420718807779083,0.29885395617923394,0.0988625,0.101325
0.1,0.1,0.0,0.001,-0.00099,0.0,0,unit_total_var,0.047215189873417725,1.2171142281308036,0.9929125,1.2171142453047872,1.2171142281308036,6.128074059308375e-08,9.036985701982305e-07,0.017654198078154708,0.014504964012512887,0.06299425830839596,0.29885395617923394,0.0988625,0.101325
0.1,0.1,0.0,0.001,-0.00099,0.0,0,unit_total_var,0.05341772151898734,1.201949588768761,0.9931125,1.2019496112925314,1.201949588768761,8.138402141089075e-08,8.290357698115258e-07,0.017149532499779734,0.014268096316208378,0.06196555497393413,0.29885395617923394,0.0988625,0.101325
0.1,0.1,0.0,0.001,-0.00099,0.0,0,unit_total_var,0.05962025316455696,1.1848610198439764,0.99325,1.1848610492523195,1.1848610198439764,1.0779222836543312e-07,9.7698442402816e-07,0.016649601906181314,0.014051945019149798,0.06102682181824641,0.29885395617923394,0.0988625,0.101325
0.1,0.1,0.0,0.001,-0.00099,0.0,0,unit_total_var,0.06582278481012659,1.1661926245970549,0.9932,1.1661926594798109,1.1661926245970549,1.2990468145623882e-07,9.45810484154208e-07,0.016145458281506517,0.013844589599497022,0.06012628867276708,0.29885395617923394,0.0988625,0.101325
0.1,0.1,0.0,0.001,-0.00099,0.0,0,unit_total_var,0.0720253164556962,1.1461512407239658,0.9935875,1.1461512828341958,1.1461512407239658,1.5956218890611493e-07,9.434369889760321e-07,0.01563537696050875,0.013641635069585292,0.05924486834858773,0.29885395617923394,0.0988625,0.101325
0.1,0.1,0.0,0.001,-0.00099,0.0,0,unit_total_var,0.07822784810126583,1.1248831472958774,0.993825,1.1248831987735497,1.1248831472958774,1.987448072782172e-07,9.63308258050688e-07,0.01512310901360284,0.01344416000004756,0.05838724501845076,0.29885395617923394,0.0988625,0.101325
0.1,0.1,0.0,0.001,-0.00099,0.0,0,unit_total_var,0.08443037974683544,1.1025487006360677,0.9938375,1.1025487637187623,1.1025487006360677,2.4848304097657703e-07,9.968739398402704e-07,0.01461736548581476,0.013257795757576879,0.057577875397159785,0.29885395617923394,0.0988625,0.101325
0.1,0.1,0.0,0.001,-0.00099,0.0,0,unit_total_var,0.09063291139240506,1.0793325088858998,0.993975,1.0793325788729442,1.0793325088858998,2.816091051460745e-07,8.586291908585507e-07,0.01412777147393671,0.013089359727077586,0.056846367011164474,0.29885395617923394,0.0988625,0.101325
0.1,0.1,0.0,0.001,-0.00099,0.0,0,unit_total_var,0.09683544303797467,1.055399624322119,0.994225,1.0553997101818022,1.055399624322119,3.5331057673948507e-07,9.100698363795343e-07,0.013660011065531429,0.012942975106993448,0.056210626683784036,0.29885395617923394,0.0988625,0.101325
0.1,0.1,0.0,0.001,-0.00099,0.0,0,unit_total_var,0.1030379746835443,1.0308574475058945,0.9942875,1.0308575437995555,1.0308574475058945,4.0567979386896274e-07,9.611863180936098e-07,0.013213673074798649,0.012818138052713729,0.05566846624567664,0.29885395617923394,0.0988625,0.101325
0.1,0.1,0.0,0.001,-0.00099,0.0,0,unit_total_var,0.10924050632911393,1.0057588877291168,0.994225,1.005758889379308,1.0057588877291168,7.125653983530711e-09,9.015469490947223e-07,0.012784002565355664,0.01271080248092106,0.0552023137802618,0.29865834306149946,0.0988625,0.101325
0.1,0.1,0.0,0.001,-0.00099,0.0,0,unit_total_var,0.11544303797468355,0.980148131818348,0.9943125,0.980148251984529,0.980148131818348,5.324450904897748e-07,8.493771392892312e-07,0.012366955596705566,0.012617435258242727,0.054796825084263465,0.29865834306149946,0.0988625,0.101325
0.1,0.1,0.0,0.001,-0.00099,0.0,0,unit_total_var,0.12164556962025315,0.9540859328694532,0.9947375,0.9540860871253042,0.9540859328694532,7.02163790056165e-07,9.613612013126271e-07,0.011961557259066237,0.012537190673267085,0.05444832727968809,0.29865834306149946,0.0988625,0.101325
0.1,0.1,0.0,0.001,-0.00099,0.0,0,unit_total_var,0.12784810126582274,0.927646292473708,0.99475,0.9276464612287196,0.927646292473708,7.900572052133016e-07,9.317093105920548e-07,0.011568208495953776,0.0124704950473153,0.05415867185650865,0.29865834306149946,0.0988625,0.101325
0.1,0.1,0.0,0.001,-0.00099,0.0,0,unit_total_var,0.1340506329113924,0.900913478569687,0.9947125,0.9009136643959216,0.900913478569687,8.957941227127897e-07,9.132370895059694e-07,0.011187234654961709,0.012417657101459784,0.05392919957330712,0.29865834306149946,0.0988625,0.101325
0.1,0.1,0.0,0.001,-0.00099,0.0,0,unit_total_var,0.14025316455696205,0.8739723934113514,0.99485,0.8739725991961923,0.8739723934113514,1.022586194165953e-06,9.042746649257084e-07,0.010818572285116936,0.012378620156283326,0.05375966427450217,0.29865834306149946,0.0988625,0.101325
0.1,0.1,0.0,0.001,-0.00099,0.0,0,unit_total_var,0.14645569620253165,0.8468987935778092,0.994875,0.8468990229605428,0.8468987935778092,1.1762874466691995e-06,9.049226283863732e-07,0.010461875786995013,0.012353159393223087,0.053649089585481084,0.29865834306149946,0.0988625,0.101325
0.1,0.1,0.0,0.001,-0.00099,0.0,0,unit_total_var,0.15265822784810126,0.8197526377621609,0.9948125,0.8197528958587853,0.8197526377621609,1.367362750248624e-06,9.171988022416143e-07,0.010116669126518098,0.012341124212952274,0.05359682146167783,0.29865834306149946,0.0988625,0.101325
0.1,0.1,0.0,0.001,-0.00099,0.0,0,unit_total_var,0.1588607594936709,0.7925724044673487,0.9949625,0.7925726986393921,0.7925724044673487,1.6119318648755154e-06,9.440394252990815e-07,0.009781931081347605,0.012342003110645252,0.053600638465860016,0.29865834306149946,0.0988625,0.101325
0.1,0.1,0.0,0.001,-0.00099,0.0,0,unit_total_var,0.1650632911392405,0.7653820215778375,0.995125,0.7653823613066469,0.7653820215778375,1.9276950649071978e-06,9.863461443160304e-07,0.009455470770697309,0.0123539232750788,0.053652407082228695,0.29865834306149946,0.0988625,0.101325
0.1,0.1,0.0,0.001,-0.00099,0.0,0,unit_total_var,0.17126582278481015,0.7382095074571664,0.995075,0.7382098567012783,0.7382095074571664,2.054630199310736e-06,9.191230043725795e-07,0.009134264058654909,0.01237353890241642,0.05373759666934668,0.29865834306149946,0.0988625,0.101325
0.1,0.1,0.0,0.001,-0.00099,0.0,0,unit_total_var,0.17746835443037975,0.7110922070622699,0.9951625,0.7110926195902441,0.7110922070622699,2.519484379570613e-06,9.862585583775283e-07,0.008815227028560451,0.012396742561669652,0.05383836888108312,0.29865834306149946,0.0988625,0.101325
0.1,0.1,0.0,0.001,-0.00099,0.0,0,unit_total_var,0.18367088607594936,0.6840604895795415,0.995175,0.6840609279576807,0.6840604895795415,2.7831624360707963e-06,9.537215150956513e-07,0.008495231050504173,0.012418830176445036,0.053934294173236655,0.29865834306149946,0.0988625,0.101325
0.1,0.1,0.0,0.001,-0.00099,0.0,0,unit_total_var,0.18987341772151897,0.6571279364025747,0.9952375,0.6571284130695151,0.6571279364025747,3.1502807191774447e-06,9.445057824741808e-07,0.008171266613149942,0.012434818488897721,0.05400373053196812,0.29865834306149946,0.0988625,0.101325
0.1,0.1,0.0,0.001,-0.00099,0.0,0,unit_total_var,0.1960759493670886,0.6303053532237667,0.995325,0.6303058825475653,0.6303053532237667,3.647157796660138e-06,9.559203046904943e-07,0.007841523927052743,0.012440833457857207,0.054029853210247364,0.29865834306149946,0.0988625,0.101325
0.1,0.1,0.0,0.001,-0.00099,0.0,0,unit_total_var,0.20227848101265825,0.603611784579374,0.9953125,0.6036123868487974,0.603611784579374,4.333284461477405e-06,9.97416242487503e-07,0.0075058401374248655,0.012434880049029026,0.054003997884221416,0.29865834306149946,0.0988625,0.101325
0.1,0.1,0.0,0.001,-0.00099,0.0,0,unit_total_var,0.20848101265822785,0.5770680973181685,0.9953625,0.5770680973181685,0.5770680988945279,1.1863490634311803e-08,9.437577106474748e-07,0.007165019553251239,0.01241624617016522,0.05392307197655137,0.3000248598050008,0.0988625,0.101325
0.1,0.1,0.0,0.001,-0.00099,0.0,0,unit_total_var,0.21468354430379746,0.5506967945724291,0.9954,0.5506974946706193,0.5506967945724291,5.521161381860652e-06,9.156393052656141e-07,0.006820443835146407,0.012385116278808051,0.053787876576164725,0.3000248598050008,0.0988625,0.101325
0.1,0.1,0.0,0.001,-0.00099,0.0,0,unit_total_var,0.2208860759493671,0.5245344355173114,0.9954875,0.5245352305687525,0.5245344355173114,6.5827173330035285e-06,9.979252832970078e-07,0.006474195977970236,0.012342747281377615,0.0536038703582866,0.3000248598050008,0.0988625,0.101325
0.1,0.1,0.0,0.001,-0.00099,0.0,0,unit_total_var,0.2270886075949367,0.4986292251143363,0.9955125,0.4986300623167318,0.4986292251143363,7.29183242942355e-06,9.199427979389441e-07,0.006128584336272397,0.0122908646898246,0.05337854712610346,0.3000248598050008,0.0988625,0.101325
0.1,0.1,0.0,0.001,-0.00099,0.0,0,unit_total_var,0.23329113924050635,0.4730206485807624,0.9955625,0.4730215901549093,0.4730206485807624,8.644866784202064e-06,9.498071369407057e-07,0.00578531041165321,0.012230566316737523,0.053116674619108864,0.3000248598050008,0.0988625,0.101325
0.1,0.1,0.0,0.001,-0.00099,0.0,0,unit_total_var,0.23949367088607595,0.4477326924750452,0.99555,0.4477336905202417,0.4477326924750452,9.680888746643744e-06,9.24117217193654e-07,0.005445099207538364,0.012161495684932258,0.05281670467656287,0.3000248598050008,0.0988625,0.101325
0.1,0.1,0.0,0.001,-0.00099,0.0,0,unit_total_var,0.2456962025316456,0.4227949618359321,0.9956125,0.4227960850674756,0.4227949618359321,1.1537805727268589e-05,9.91957262552745e-07,0.005108366961456403,0.012082374253642909,0.05247308466647035,0.3000248598050008,0.0988625,0.101325
0.1,0.1,0.0,0.001,-0.00099,0.0,0,unit_total_var,0.2518987341772152,0.3982723905736037,0.9956375,0.3982736111108313,0.3982723905736037,1.33092773504373e-05,9.881082276841369e-07,0.004776674330581382,0.011993485975017938,0.05208704777734331,0.3000248598050008,0.0988625,0.101325
0.1,0.1,0.0,0.001,-0.00099,0.0,0,unit_total_var,0.2581012658227848,0.3742692674664463,0.9957125,0.3742705812736345,0.3742692674664463,1.5245125910112732e-05,9.77875506569248e-07,0.004452819330708106,0.011897368332833544,0.05166961416120098,0.3000248598050008,0.0988625,0.101325
0.1,0.1,0.0,0.001,-0.00099,0.0,0,unit_total_var,0.2643037974683544,0.35089986674476115,0.995875,0.3509013179325348,0.35089986674476115,1.796072323756448e-05,9.64025274718949e-07,0.004140317934319709,0.011799143649522413,0.051243029781713786,0.3000248598050008,0.0988625,0.101325
0.1,0.1,0.0,0.001,-0.00099,0.0,0,unit_total_var,0.2705063291139241,0.3282329945410704,0.995825,0.3282345542521348,0.3282329945410704,2.0636935058604425e-05,9.605368374021592e-07,0.0038412503028280843,0.011702815886010643,0.05082468362024137,0.3000248598050008,0.0988625,0.101325
0.1,0.1,0.0,0.001,-0.00099,0.0,0,unit_total_var,0.2767088607594937,0.3062872881525173,0.9959,0.3062889991327685,0.3062872881525173,2.4260465093739473e-05,9.773981739513715e-07,0.0035558185491423493,0.0116094225476694,0.0504190815053601,0.3000248598050008,0.0988625,0.101325
0.1,0.1,0.0,0.001,-0.00099,0.0,0,unit_total_var,0.2829113924050633,0.2850535199071304,0.995925,0.2850553369881064,0.2850535199071304,2.7684124934701515e-05,9.618538734379456e-07,0.003284121598923367,0.01152107014848764,0.050035371911084585,0.3000248598050008,0.0988625,0.101325
0.1,0.1,0.0,0.001,-0.00099,0.0,0,unit_total_var,0.2891139240506329,0.26451904996944176,0.9959875,0.26452103448434433,0.26451904996944176,3.258217654078521e-05,9.719302695998522e-07,0.0030262911287411787,0.011440730371180402,0.0496864606914659,0.3000248598050008,0.0988625,0.101325
0.1,0.1,0.0,0.001,-0.00099,0.0,0,unit_total_var,0.2953164556962025,0.2446878909605284,0.99585,0.24468999318495366,0.2446878909605284,3.7312044422144204e-05,9.520914834304506e-07,0.002782470753848749,0.011371509815733387,0.04938583963881673,0.3000248598050008,0.0988625,0.101325
0.1,0.1,0.0,0.001,-0.00099,0.0,0,unit_total_var,0.3015189873417722,0.22556234720703325,0.996,0.2255646849837291,0.22556234720703325,4.5010981230220175e-05,9.945276692180371e-07,0.0025522209733579004,0.011314924698027437,0.049140093595041325,0.3000248598050008,0.0988625,0.101325
0.1,0.1,0.0,0.001,-0.00099,0.0,0,unit_total_var,0.3077215189873418,0.2071338933271349,0.9960875,0.2071338933271349,0.20713393342498948,8.407255336351227e-07,9.912459472127821e-07,0.0023343598126135835,0.011269810918519429,0.04894416694006005,0.29958888402194217,0.0988625,0.101325
0.1,0.1,0.0,0.001,-0.00099,0.0,0,unit_total_var,0.3139240506329114,0.1893993665704072,0.9960375,0.18940212467247985,0.1893993665704072,6.324307260552331e-05,9.77875360130831e-07,0.0021274075792018826,0.011232390148522708,0.04878165060087858,0.29958888402194217,0.0988625,0.101325
0.1,0.1,0.0,0.001,-0.00099,0.0,0,unit_total_var,0.320126582278481,0.17242338614836153,0.9961125,0.17242641991466973,0.17242338614836153,7.641285823112298e-05,9.902318913734831e-07,0.0019313730874160567,0.011201340668221238,0.04864680442126966,0.29958888402194217,0.0988625,0.101325
0.1,0.1,0.0,0.001,-0.00099,0.0,0,unit_total_var,0.3263291139240506,0.15627179691200446,0.9960875,0.1562750859392336,0.15627179691200446,9.14042951531968e-05,9.712886374080298e-07,0.001747094882878933,0.011179847659029029,0.04855346146835294,0.29958888402194217,0.0988625,0.101325
0.1,0.1,0.0,0.001,-0.00099,0.0,0,unit_total_var,0.3325316455696203,0.14095732632806082,0.9962,0.14096092367767676,0.14095732632806082,0.00011083419308555163,9.81927677556893e-07,0.0015744890097230985,0.011169969314391428,0.048510560362688464,0.29958888402194217,0.0988625,0.101325
0.1,0.1,0.0,0.001,-0.00099,0.0,0,unit_total_var,0.3387341772151899,0.12647307273876585,0.9962625,0.12647695499196712,0.12647307273876585,0.00013331021608564694,9.762533389467976e-07,0.0014131885787594905,0.011173829718508351,0.04852732588474743,0.29958888402194217,0.0988625,0.101325
0.1,0.1,0.0,0.001,-0.00099,0.0,0,unit_total_var,0.3449367088607595,0.11284554806562565,0.9962375,0.11284973484756393,0.11284554806562565,0.00016112842674154138,9.694782788227665e-07,0.0012629894626382115,0.011192195742659837,0.04860708851418235,0.29958888402194217,0.0988625,0.101325
0.1,0.1,0.0,0.001,-0.00099,0.0,0,unit_total_var,0.3511392405063291,0.10012523651149877,0.996275,0.10012983145228056,0.10012523651149877,0.0001993015654324637,9.827530066952585e-07,0.001123725614949741,0.011223200604581724,0.048741740918630816,0.29958888402194217,0.0988625,0.101325
0.1,0.1,0.0,0.001,-0.00099,0.0,0,unit_total_var,0.3573417721518987,0.0883434060751652,0.9963,0.08834838469025419,0.0883434060751652,0.0002447408622519021,9.72613872829431e-07,0.0009954514822443,0.011267977163992752,0.048936203045339036,0.29958888402194217,0.0988625,0.101325
0.1,0.1,0.0,0.001,-0.00099,0.0,0,unit_total_var,0.3635443037974684,0.07747140090192116,0.9962875,0.07747684267038094,0.07747140090192116,0.0003050476675792169,9.844829409189069e-07,0.0008769806709154304,0.011320056959156949,0.049162382721923664,0.29958888402194217,0.0988625,0.101325
0.1,0.1,0.0,0.001,-0.00099,0.0,0,unit_total_var,0.369746835443038,0.0674867604399185,0.996375,0.06749265757881777,0.0674867604399185,0.0003794793194682456,9.997735570532742e-07,0.0007671049054939554,0.011366746610646496,0.04936515330196263,0.29958888402194217,0.0988625,0.101325
0.1,0.1,0.0,0.001,-0.00099,0.0,0,unit_total_var,0.3759493670886076,0.058385054249566276,0.996375,0.05839138453423893,0.058385054249566276,0.0004708497250867083,9.793445681083313e-07,0.0006654485459133216,0.011397583756090542,0.0494990773230026,0.29958888402194217,0.0988625,0.101325
0.1,0.1,0.0,0.001,-0.00099,0.0,0,unit_total_var,0.3821518987341772,0.0501555990684464,0.9964125,0.0501624276135305,0.0501555990684464,0.0005912395911522593,9.786327115623994e-07,0.0005721009034905015,0.011406521188387484,0.04953789209829206,0.29958888402194217,0.0988625,0.101325
0.1,0.1,0.0,0.001,-0.00099,0.0,0,unit_total_var,0.3883544303797468,0.042777631983544014,0.996375,0.042785021057215766,0.042777631983544014,0.0007501015492064057,9.815825543907364e-07,0.000487483151399021,0.011395748871432371,0.04949110852018288,0.29958888402194217,0.0988625,0.101325
0.1,0.1,0.0,0.001,-0.00099,0.0,0,unit_total_var,0.3945569620253165,0.036230760309544426,0.9964125,0.03623872218547772,0.036230760309544426,0.0009542772152624225,9.858118033972962e-07,0.0004120410279538896,0.011372685100548216,0.04939094383591418,0.29958888402194217,0.0988625,0.101325
0.1,0.1,0.0,0.001,-0.00099,0.0,0,unit_total_var,0.4007594936708861,0.030466954192693463,0.99645,0.030475490447452024,0.030466954192693463,0.001216639202414882,9.820742194188714e-07,0.0003455625827721538,0.011342209680251729,0.04925859076722972,0.29958888402194217,0.0988625,0.101325
0.1,0.1,0.0,0.001,-0.00099,0.0,0,unit_total_var,0.4069620253164557,0.025423468109699948,0.9964375,0.02542349816756552,0.025423468109699948,5.1346092444504166e-06,9.871036263028878e-07,0.0002875434904950808,0.01131015993783212,0.04911940050443713,0.3008863098594401,0.0988625,0.101325
0.1,0.1,0.0,0.001,-0.00099,0.0,0,unit_total_var,0.4131645569620253,0.021053712921044087,0.996425,0.021063581088819745,0.021053712921044087,0.0020351216718204053,9.875665319125648e-07,0.00023734890499752613,0.011273493938462786,0.04896016209244145,0.3008863098594401,0.0988625,0.101325
0.1,0.1,0.0,0.001,-0.00099,0.0,0,unit_total_var,0.4193670886075949,0.017322292920863725,0.996425,0.017332816880758443,0.017322292920863725,0.002637705017647818,9.907093204628015e-07,0.00019445775683946305,0.011225867021637168,0.04875332102076713,0.3008863098594401,0.0988625,0.101325
0.1,0.1,0.0,0.001,-0.00099,0.0,0,unit_total_var,0.4255696202531646,0.014161606391765913,0.99645,0.014172743039028938,0.014161606391765913,0.003413937358331509,9.860577273590463e-07,0.00015817213593552094,0.011169081498232302,0.04850670462609992,0.3008863098594401,0.0988625,0.101325
0.1,0.1,0.0,0.001,-0.00099,0.0,0,unit_total_var,0.4317721518987342,0.011511125300038562,0.9964875,0.01152290894129338,0.011511125300038562,0.004443486335492963,9.913671661365695e-07,0.00012787795195951914,0.01110907479732592,0.048246098835291316,0.3008863098594401,0.0988625,0.101325
0.1,0.1,0.0,0.001,-0.00099,0.0,0,unit_total_var,0.4379746835443038,0.009319625688500872,0.9964875,0.009331924189854695,0.009319625688500872,0.005727322482652397,9.900659271866452e-07,0.00010294458513494204,0.0110459999763683,0.047972168368402034,0.3008863098594401,0.0988625,0.101325
0.1,0.1,0.0,0.001,-0.00099,0.0,0,unit_total_var,0.4441772151898734,0.007517077927440463,0.996475,0.007529915593279169,0.007517077927440463,0.007410555177489897,9.863854838546016e-07,8.254733908373877e-05,0.010981306816363659,0.04769120954433303,0.3008863098594401,0.0988625,0.101325
0.1,0.1,0.0,0.001,-0.00099,0.0,0,unit_total_var,0.450379746835443,0.006043380358857237,0.996475,0.006056783774809824,0.006043380358857237,0.00962140993028271,9.954303413668706e-07,6.596584861041738e-05,0.010915389185083672,0.047404932909082716,0.3008863098594401,0.0988625,0.101325
0.1,0.1,0.0,0.001,-0.00099,0.0,0,unit_total_var,0.4565822784810127,0.004844031713139511,0.9965,0.0048579502903642255,0.004844031713139511,0.012460887743124259,9.974311595186552e-07,5.2537914830006544e-05,0.01084590645587572,0.047103173250256786,0.3008863098594401,0.0988625,0.101325
0.1,0.1,0.0,0.001,-0.00099,0.0,0,unit_total_var,0.4627848101265823,0.0038767383142830243,0.99645,0.0038896093766040258,0.0038767383142830243,0.014395019853370885,9.998820959741803e-07,4.1759273637814825e-05,0.010771754565935387,0.04678113568401896,0.3008863098594401,0.0988625,0.101325
0.1,0.1,0.0,0.001,-0.00099,0.0,0,unit_total_var,0.4689873417721519,0.003097158803292382,0.9964875,0.003108973592837807,0.003097158803292382,0.01653559342792832,9.96484449112406e-07,3.311855122610385e-05,0.010693204103999359,0.04643999536232128,0.3008863098594401,0.0988625,0.101325
0.1,0.1,0.0,0.001,-0.00099,0.0,0,unit_total_var,0.4751898734177215,0.0024700658688765107,0.996475,0.0024809116010834627,0.0024700658688765107,0.019027552489738756,9.942112636947278e-07,2.620333785114279e-05,0.010608355907148809,0.046071504325404924,0.3008863098594401,0.0988625,0.101325
0.1,0.1,0.0,0.001,-0.00099,0.0,0,unit_total_var,0.4813924050632911,0.0019690929436103053,0.9964875,0.0019789645493504355,0.0019690929436103053,0.021717985831863015,9.924981684544115e-07,2.0712800226748734e-05,0.01051895508231932,0.045683241476394465,0.3008863098594401,0.0988625,0.101325
0.1,0.1,0.0,0.001,-0.00099,0.0,0,unit_total_var,0.4875949367088608,0.001569301807308635,0.9964875,0.001578302308490144,0.001569301807308635,0.024837168255601227,9.991572166769686e-07,1.6366038575175517e-05,0.010428866199576614,0.0452919904298346,0.3008863098594401,0.0988625,0.101325
0.1,0.1,0.0,0.001,-0.00099,0.0,0,unit_total_var,0.4937974683544304,0.001250866841555003,0.9964875,0.0012590150833468128,0.001250866841555003,0.0281985287401092,9.93898580319008e-07,1.2928576355346907e-05,0.010335693557337305,0.04488734678594582,0.3008863098594401,0.0988625,0.101325
0.1,0.1,0.0,0.001,-0.00099,0.0,0,unit_total_var,0.5,0.0009976590835363284,0.9964875,0.0010050710158743812,0.0009976590835363284,0.03214587938912672,9.983588535461552e-07,1.0216100403804564e-05,0.010240071555898948,0.04447206571021358,0.3008863098594401,0.0988625,0.101325
0.1,0.1,0.0,0.001,-0.001,0.0,0,unit_total_var,0.01,1.0149675067677295,0.0,1.0149675067677295,1.0149675067677295,0.0,7.681291691596924e-07,0.01792739373172596,0.017663022325530034,0.07670953129711634,0.29773810102443066,0.0988625,0.101325
0.1,0.1,0.0,0.001,-0.001,0.0,0,unit_total_var,0.016202531645569618,1.0149675067677295,0.0,1.0149675067677295,1.0149675067677295,0.0,9.293414677813415e-07,0.01792739373172596,0.017663022325530034,0.07670953129711634,0.29773810102443066,0.0988625,0.101325
0.1,0.1,0.0,0.001,-0.001,0.0,0,unit_total_var,0.02240506329113924,1.0149675067677295,0.0,1.0149675067677295,1.0149675067677295,0.0,9.832078831095714e-07,0.01792739373172596,0.017663022325530034,0.07670953129711634,0.29773810102443066,0.0988625,0.101325
0.1,0.1,0.0,0.001,-0.001,0.0,0,unit_total_var,0.028607594936708863,1.0149675067677295,0.0,1.0149675067677295,1.0149675067677295,0.0,9.899752910769164e-07,0.01792739373172596,0.017663022325530034,0.07670953129711634,0.29773810102443066,0.0988625,0.101325
0.1,0.1,0.0,0.001,-0.001,0.0,0,unit_total_var,0.03481012658227848,1.0149675067677295,0.0,1.0149675067677295,1.0149675067677295,0.0,8.495787895412831e-07,0.01792739373172596,0.017663022325530034,0.07670953129711634,0.29773810102443066,0.0988625,0.101325
0.1,0.1,0.0,0.001,-0.001,0.0,0,unit_total_var,0.0410126582278481,1.0149675067677295,0.0,1.0149675067677295,1.0149675067677295,0.0,7.901432468315761e-07,0.01792739373172596,0.017663022325530034,0.07670953129711634,0.29773810102443066,0.0988625,0.101325
0.1,0.1,0.0,0.001,-0.001,0.0,0,unit_total_var,0.047215189873417725,1.0149675067677295,0.0,1.0149675067677295,1.0149675067677295,0.0,7.767270489011934e-07,0.01792739373172596,0.017663022325530034,0.07670953129711634,0.29773810102443066,0.0988625,0.101325
0.1,0.1,0.0,0.001,-0.001,0.0,0,unit_total_var,0.05341772151898734,1.0149675067677295,0.0,1.0149675067677295,1.0149675067677295,0.0,7.951329017430453e-07,0.01792739373172596,0.017663022325530034,0.07670953129711634,0.29773810102443066,0.0988625,0.101325
0.1,0.1,0.0,0.001,-0.001,0.0,0,unit_total_var,0.05962025316455696,1.0149675067677295,0.0,1.0149675067677295,1.0149675067677295,0.0,8.395883135392523e-07,0.01792739373172596,0.017663022325530034,0.07670953129711634,0.29773810102443066,0.0988625,0.101325
0.1,0.1,0.0,0.001,-0.001,0.0,0,unit_total_var,0.06582278481012659,1.0149675067677295,0.0,1.0149675067677295,1.0149675067677295,0.0,9.084776095846793e-07,0.01792739373172596,0.017663022325530034,0.07670953129711634,0.29773810102443066,0.0988625,0.101325
0.1,0.1,0.0,0.001,-0.001,0.0,0,unit_total_var,0.0720253164556962,1.0149675067677295,0.0,1.0149675067677295,1.0149675067677295,0.0,7.520087077494964e-07,0.01792739373172596,0.017663022325530034,0.07670953129711634,0.29773810102443066,0.0988625,0.101325
0.1,0.1,0.0,0.001,-0.001,0.0,0,unit_total_var,0.07822784810126583,1.0149675067677295,0.0,1.0149675067677295,1.0149675067677295,0.0,8.436775136289043e-07,0.01792739373172596,0.017663022325530034,0.07670953129711634,0.29773810102443066,0.0988625,0.101325
0.1,0.1,0.0,0.001,-0.001,0.0,0,unit_total_var,0.08443037974683544,1.0149675067677295,0.0,1.0149675067677295,1.0149675067677295,0.0,9.596251970833693e-07,0.01792739373172596,0.017663022325530034,0.07670953129711634,0.29773810102443066,0.0988625,0.101325
0.1,0.1,0.0,0.001,-0.001,0.0,0,unit_total_var,0.09063291139240506,1.0149675067677295,0.0,1.0149675067677295,1.0149675067677295,0.0,8.282798500403031e-07,0.01792739373172596,0.017663022325530034,0.07670953129711634,0.29773810102443066,0.0988625,0.101325
0.1,0.1,0.0,0.001,-0.001,0.0,0,unit_total_var,0.09683544303797467,1.0149675067677295,0.0,1.0149675067677295,1.0149675067677295,0.0,9.628978840936495e-07,0.01792739373172596,0.017663022325530034,0.07670953129711634,0.29773810102443066,0.0988625,0.101325
0.1,0.1,0.0,0.001,-0.001,0.0,0,unit_total_var,0.1030379746835443,1.0149675067677295,0.0,1.0149675067677295,1.0149675067677295,0.0,8.469716021863859e-07,0.01792739373172596,0.017663022325530034,0.07670953129711634,0.29773810102443066,0.0988625,0.101325
0.1,0.1,0.0,0.001,-0.001,0.0,0,unit_total_var,0.10924050632911393,1.0149675067677295,0.0,1.0149675067677295,1.0149675067677295,0.0,9.364814594903237e-07,0.01792739373172596,0.017663022325530034,0.07670953129711634,0.2940946955718572,0.0988625,0.101325
0.1,0.1,0.0,0.001,-0.001,0.0,0,unit_total_var,0.11544303797468355,1.0149675067677295,0.0,1.0149675067677295,1.0149675067677295,0.0,8.934860815656975e-07,0.01792739373172596,0.017663022325530034,0.07670953129711634,0.2940946955718572,0.0988625,0.101325
0.1,0.1,0.0,0.001,-0.001,0.0,0,unit_total_var,0.12164556962025315,1.0149675067677295,0.0,1.0149675067677295,1.0149675067677295,0.0,8.023709554549895e-07,0.01792739373172596,0.017663022325530034,0.07670953129711634,0.2940946955718572,0.0988625,0.101325
0.1,0.1,0.0,0.001,-0.001,0.0,0,unit_total_var,0.12784810126582274,1.0149675067677295,0.0,1.0149675067677295,1.0149675067677295,0.0,9.660228563745932e-07,0.01792739373172596,0.017663022325530034,0.07670953129711634,0.2940946955718572,0.0988625,0.101325
0.1,0.1,0.0,0.001,-0.001,0.0,0,unit_total_var,0.1340506329113924,1.0149675067677295,0.0,1.0149675067677295,1.0149675067677295,0.0,8.766269719018281e-07,0.01792739373172596,0.017663022325530034,0.07670953129711634,0.2940946955718572,0.0988625,0.101325
0.1,0.1,0.0,0.001,-0.001,0.0,0,unit_total_var,0.14025316455696205,1.0149675067677295,0.0,1.0149675067677295,1.0149675067677295,0.0,7.990913752919937e-07,0.01792739373172596,0.017663022325530034,0.07670953129711634,0.2940946955718572,0.0988625,0.101325
0.1,0.1,0.0,0.001,-0.001,0.0,0,unit_total_var,0.14645569620253165,1.0149675067677295,0.0,1.0149675067677295,1.0149675067677295,0.0,9.752091774117844e-07,0.01792739373172596,0.017663022325530034,0.07670953129711634,0.2940946955718572,0.0988625,0.101325
0.1,0.1,0.0,0.001,-0.001,0.0,0,unit_total_var,0.15265822784810126,1.0149675067677295,0.0,1.0149675067677295,1.0149675067677295,0.0,8.959633266414356e-07,0.01792739373172596,0.017663022325530034,0.07670953129711634,0.2940946955718572,0.0988625,0.101325
0.1,0.1,0.0,0.001,-0.001,0.0,0,unit_total_var,0.1588607594936709,1.0149675067677295,0.0,1.0149675067677295,1.0149675067677295,0.0,8.259996535642243e-07,0.01792739373172596,0.017663022325530034,0.07670953129711634,0.2940946955718572,0.0988625,0.101325
0.1,0.1,0.0,0.001,-0.001,0.0,0,unit_total_var,0.1650632911392405,1.0149675067677295,0.0,1.0149675067677295,1.0149675067677295,0.0,7.639229941958092e-07,0.01792739373172596,0.017663022325530034,0.07670953129711634,0.2940946955718572,0.0988625,0.101325
0.1,0.1,0.0,0.001,-0.001,0.0,0,unit_total_var,0.17126582278481015,1.0149675067677295,0.0,1.0149675067677295,1.0149675067677295,0.0,9.447877369339607e-07,0.01792739373172596,0.017663022325530034,0.07670953129711634,0.2940946955718572,0.0988625,0.101325
0.1,0.1,0.0,0.001,-0.001,0.0,0,unit_total_var,0.17746835443037975,1.0149675067677295,0.0,1.0149675067677295,1.0149675067677295,0.0,8.787469392146362e-07,0.01792739373172596,0.017663022325530034,0.07670953129711634,0.2940946955718572,0.0988625,0.101325
0.1,0.1,0.0,0.001,-0.001,0.0,0,unit_total_var,0.18367088607594936,1.0149675067677295,0.0,1.0149675067677295,1.0149675067677295,0.0,8.193966989367141e-07,0.01792739373172596,0.017663022325530034,0.07670953129711634,0.2940946955718572,0.0988625,0.101325
0.1,0.1,0.0,0.001,-0.001,0.0,0,unit_total_var,0.18987341772151897,1.0149675067677295,0.0,1.0149675067677295,1.0149675067677295,0.0,7.658627811935048e-07,0.01792739373172596,0.017663022325530034,0.07670953129711634,0.2940946955718572,0.0988625,0.101325
0.1,0.1,0.0,0.001,-0.001,0.0,0,unit_total_var,0.1960759493670886,1.0149675067677295,0.0,1.0149675067677295,1.0149675067677295,0.0,9.565456391413818e-07,0.01792739373172596,0.017663022325530034,0.07670953129711634,0.2940946955718572,0.0988625,0.101325
0.1,0.1,0.0,0.001,-0.001,0.0,0,unit_total_var,0.20227848101265825,1.0149675067677295,0.0,1.0149675067677295,1.0149675067677295,0.0,8.978838916817722e-07,0.01792739373172596,0.017663022325530034,0.07670953129711634,0.2940946955718572,0.0988625,0.101325
0.1,0.1,0.0,0.001,-0.001,0.0,0,unit_total_var,0.20848101265822785,1.0149675067677295,0.0,1.0149675067677295,1.0149675067677295,0.0,8.723562050505507e-07,0.01792739373172596,0.017663022325530034,0.07670953129711634,0.29611307169548795,0.0988625,0.101325
0.1,0.1,0.0,0.001,-0.001,0.0,0,unit_total_var,0.21468354430379746,1.0149675067677295,0.0,1.0149675067677295,1.0149675067677295,0.0,7.956625651672766e-07,0.01792739373172596,0.017663022325530034,0.07670953129711634,0.29611307169548795,0.0988625,0.101325
0.1,0.1,0.0,0.001,-0.001,0.0,0,unit_total_var,0.2208860759493671,1.0149675067677295,0.0,1.0149675067677295,1.0149675067677295,0.0,7.509777901759662e-07,0.01792739373172596,0.017663022325530034,0.07670953129711634,0.29611307169548795,0.0988625,0.101325
0.1,0.1,0.0,0.001,-0.001,0.0,0,unit_total_var,0.2270886075949367,1.0149675067677295,0.0,1.0149675067677295,1.0149675067677295,0.0,9.466059696094931e-07,0.01792739373172596,0.017663022325530034,0.07670953129711634,0.29611307169548795,0.0988625,0.101325
0.1,0.1,0.0,0.001,-0.001,0.0,0,unit_total_var,0.23329113924050635,1.0149675067677295,0.0,1.0149675067677295,1.0149675067677295,0.0,8.962709809878788e-07,0.01792739373172596,0.017663022325530034,0.07670953129711634,0.29611307169548795,0.0988625,0.101325
0.1,0.1,0.0,0.001,-0.001,0.0,0,unit_total_var,0.23949367088607595,1.0149675067677295,0.0,1.0149675067677295,1.0149675067677295,0.0,8.498467973794276e-07,0.01792739373172596,0.017663022325530034,0.07670953129711634,0.29611307169548795,0.0988625,0.101325
0.1,0.1,0.0,0.001,-0.001,0.0,0,unit_total_var,0.2456962025316456,1.0149675067677295,0.0,1.0149675067677295,1.0149675067677295,0.0,8.069385089015669e-07,0.01792739373172596,0.017663022325530034,0.07670953129711634,0.29611307169548795,0.0988625,0.101325
0.1,0.1,0.0,0.001,-0.001,0.0,0,unit_total_var,0.2518987341772152,1.0149675067677295,0.0,1.0149675067677295,1.0149675067677295,0.0,7.671998281111314e-07,0.01792739373172596,0.017663022325530034,0.07670953129711634,0.29611307169548795,0.0988625,0.101325
0.1,0.1,0.0,0.001,-0.001,0.0,0,unit_total_var,0.2581012658227848,1.0149675067677295,0.0,1.0149675067677295,1.0149675067677295,0.0,9.737681008203936e-07,0.01792739373172596,0.017663022325530034,0.07670953129711634,0.29611307169548795,0.0988625,0.101325
0.1,0.1,0.0,0.001,-0.001,0.0,0,unit_total_var,0.2643037974683544,1.0149675067677295,0.0,1.0149675067677295,1.0149675067677295,0.0,9.280644266418392e-07,0.01792739373172596,0.017663022325530034,0.07670953129711634,0.29611307169548795,0.0988625,0.101325
0.1,0.1,0.0,0.001,-0.001,0.0,0,unit_total_var,0.2705063291139241,1.0149675067677295,0.0,1.0149675067677295,1.0149675067677295,0.0,8.85504615855126e-07,0.01792739373172596,0.017663022325530034,0.07670953129711634,0.29611307169548795,0.0988625,0.101325
0.1,0.1,0.0,0.001,-0.001,0.0,0,unit_total_var,0.2767088607594937,1.0149675067677295,0.0,1.0149675067677295,1.0149675067677295,0.0,8.458067872751941e-07,0.01792739373172596,0.017663022325530034,0.07670953129711634,0.29611307169548795,0.0988625,0.101325
0.1,0.1,0.0,0.001,-0.001,0.0,0,unit_total_var,0.2829113924050633,1.0149675067677295,0.0,1.0149675067677295,1.0149675067677295,0.0,8.087199581119364e-07,0.01792739373172596,0.017663022325530034,0.07670953129711634,0.29611307169548795,0.0988625,0.101325
0.1,0.1,0.0,0.001,-0.001,0.0,0,unit_total_var,0.2891139240506329,1.0149675067677295,0.0,1.0149675067677295,1.0149675067677295,0.0,7.740200658190587e-07,0.01792739373172596,0.017663022325530034,0.07670953129711634,0.29611307169548795,0.0988625,0.101325
0.1,0.1,0.0,0.001,-0.001,0.0,0,unit_total_var,0.2953164556962025,1.0149675067677295,0.0,1.0149675067677295,1.0149675067677295,0.0,9.886754357424363e-07,0.01792739373172596,0.017663022325530034,0.07670953129711634,0.29611307169548795,0.0988625,0.101325
0.1,0.1,0.0,0.001,-0.001,0.0,0,unit_total_var,0.3015189873417722,1.0149675067677295,0.0,1.0149675067677295,1.0149675067677295,0.0,9.479994522720857e-07,0.01792739373172596,0.017663022325530034,0.07670953129711634,0.29611307169548795,0.0988625,0.101325
0.1,0.1,0.0,0.001,-0.001,0.0,0,unit_total_var,0.3077215189873418,1.0149675067677295,0.0,1.0149675067677295,1.0149675067677295,0.0,7.880272421267874e-07,0.01792739373172596,0.017663022325530034,0.07670953129711634,0.2976110383119763,0.0988625,0.101325
0.1,0.1,0.0,0.001,-0.001,0.0,0,unit_total_var,0.3139240506329114,1.0149675067677295,0.0,1.0149675067677295,1.0149675067677295,0.0,8.738319965395647e-07,0.01792739373172596,0.017663022325530034,0.07670953129711634,0.2976110383119763,0.0988625,0.101325
0.1,0.1,0.0,0.001,-0.001,0.0,0,unit_total_var,0.320126582278481,1.0149675067677295,0.0,1.0149675067677295,1.0149675067677295,0.0,8.399705748729501e-07,0.01792739373172596,0.017663022325530034,0.07670953129711634,0.2976110383119763,0.0988625,0.101325
0.1,0.1,0.0,0.001,-0.001,0.0,0,unit_total_var,0.3263291139240506,1.0149675067677295,0.0,1.0149675067677295,1.0149675067677295,0.0,8.080399633847434e-07,0.01792739373172596,0.017663022325530034,0.07670953129711634,0.2976110383119763,0.0988625,0.101325
0.1,0.1,0.0,0.001,-0.001,0.0,0,unit_total_var,0.3325316455696203,1.0149675067677295,0.0,1.0149675067677295,1.0149675067677295,0.0,7.778961044202505e-07,0.01792739373172596,0.017663022325530034,0.07670953129711634,0.2976110383119763,0.0988625,0.101325
0.1,0.1,0.0,0.001,-0.001,0.0,0,unit_total_var,0.3387341772151899,1.0149675067677295,0.0,1.0149675067677295,1.0149675067677295,0.0,9.992108411793763e-07,0.01792739373172596,0.017663022325530034,0.07670953129711634,0.2976110383119763,0.0988625,0.101325
0.1,0.1,0.0,0.001,-0.001,0.0,0,unit_total_var,0.3449367088607595,1.0149675067677295,0.0,1.0149675067677295,1.0149675067677295,0.0,9.632759185862485e-07,0.01792739373172596,0.017663022325530034,0.07670953129711634,0.2976110383119763,0.0988625,0.101325
0.1,0.1,0.0,0.001,-0.001,0.0,0,unit_total_var,0.3511392405063291,1.0149675067677295,0.0,1.0149675067677295,1.0149675067677295,0.0,9.292452634035442e-07,0.01792739373172596,0.017663022325530034,0.07670953129711634,0.2976110383119763,0.0988625,0.101325
0.1,0.1,0.0,0.001,-0.001,0.0,0,unit_total_var,0.3573417721518987,1.0149675067677295,0.0,1.0149675067677295,1.0149675067677295,0.0,8.969866605035294e-07,0.01792739373172596,0.017663022325530034,0.07670953129711634,0.2976110383119763,0.0988625,0.101325
0.1,0.1,0.0,0.001,-0.001,0.0,0,unit_total_var,0.3635443037974684,1.0149675067677295,0.0,1.0149675067677295,1.0149675067677295,0.0,8.663791772889341e-07,0.01792739373172596,0.017663022325530034,0.07670953129711634,0.2976110383119763,0.0988625,0.101325
0.1,0.1,0.0,0.001,-0.001,0.0,0,unit_total_var,0.369746835443038,1.0149675067677295,0.0,1.0149675067677295,1.0149675067677295,0.0,8.373120214955065e-07,0.01792739373172596,0.017663022325530034,0.07670953129711634,0.2976110383119763,0.0988625,0.101325
0.1,0.1,0.0,0.001,-0.001,0.0,0,unit_total_var,0.3759493670886076,1.0149675067677295,0.0,1.0149675067677295,1.0149675067677295,0.0,8.096835433235582e-07,0.01792739373172596,0.017663022325530034,0.07670953129711634,0.2976110383119763,0.0988625,0.101325
0.1,0.1,0.0,0.001,-0.001,0.0,0,unit_total_var,0.3821518987341772,1.0149675067677295,0.0,1.0149675067677295,1.0149675067677295,0.0,7.834003423745628e-07,0.01792739373172596,0.017663022325530034,0.07670953129711634,0.2976110383119763,0.0988625,0.101325
0.1,0.1,0.0,0.001,-0.001,0.0,0,unit_total_var,0.3883544303797468,1.0149675067677295,0.0,1.0149675067677295,1.0149675067677295,0.0,7.583764718432917e-07,0.01792739373172596,0.017663022325530034,0.07670953129711634,0.2976110383119763,0.0988625,0.101325
0.1,0.1,0.0,0.001,-0.001,0.0,0,unit_total_var,0.3945569620253165,1.0149675067677295,0.0,1.0149675067677295,1.0149675067677295,0.0,9.793769946142559e-07,0.01792739373172596,0.017663022325530034,0.07670953129711634,0.2976110383119763,0.0988625,0.101325
0.1,0.1,0.0,0.001,-0.001,0.0,0,unit_total_var,0.4007594936708861,1.0149675067677295,0.0,1.0149675067677295,1.0149675067677295,0.0,9.490614716334278e-07,0.01792739373172596,0.017663022325530034,0.07670953129711634,0.2976110383119763,0.0988625,0.101325
0.1,0.1,0.0,0.001,-0.001,0.0,0,unit_total_var,0.4069620253164557,1.0149675067677295,0.0,1.0149675067677295,1.0149675067677295,0.0,7.944817941307747e-07,0.01792739373172596,0.017663022325530034,0.07670953129711634,0.2908003423834197,0.0988625,0.101325
0.1,0.1,0.0,0.001,-0.001,0.0,0,unit_total_var,0.4131645569620253,1.0149675067677295,0.0,1.0149675067677295,1.0149675067677295,0.0,8.925055556829876e-07,0.01792739373172596,0.017663022325530034,0.07670953129711634,0.2908003423834197,0.0988625,0.101325
0.1,0.1,0.0,0.001,-0.001,0.0,0,unit_total_var,0.4193670886075949,1.0149675067677295,0.0,1.0149675067677295,1.0149675067677295,0.0,8.661048482849766e-07,0.01792739373172596,0.017663022325530034,0.07670953129711634,0.2908003423834197,0.0988625,0.101325
0.1,0.1,0.0,0.001,-0.001,0.0,0,unit_total_var,0.4255696202531646,1.0149675067677295,0.0,1.0149675067677295,1.0149675067677295,0.0,8.408584850627677e-07,0.01792739373172596,0.017663022325530034,0.07670953129711634,0.2908003423834197,0.0988625,0.101325
0.1,0.1,0.0,0.001,-0.001,0.0,0,unit_total_var,0.4317721518987342,1.0149675067677295,0.0,1.0149675067677295,1.0149675067677295,0.0,8.167001346315317e-07,0.01792739373172596,0.017663022325530034,0.07670953129711634,0.2908003423834197,0.0988625,0.101325
0.1,0.1,0.0,0.001,-0.001,0.0,0,unit_total_var,0.4379746835443038,1.0149675067677295,0.0,1.0149675067677295,1.0149675067677295,0.0,7.935681658466366e-07,0.01792739373172596,0.017663022325530034,0.07670953129711634,0.2908003423834197,0.0988625,0.101325
0.1,0.1,0.0,0.001,-0.001,0.0,0,unit_total_var,0.4441772151898734,1.0149675067677295,0.0,1.0149675067677295,1.0149675067677295,0.0,7.714052467910903e-07,0.01792739373172596,0.017663022325530034,0.07670953129711634,0.2908003423834197,0.0988625,0.101325
0.1,0.1,0.0,0.001,-0.001,0.0,0,unit_total_var,0.450379746835443,1.0149675067677295,0.0,1.0149675067677295,1.0149675067677295,0.0,7.501579979418693e-07,0.01792739373172596,0.017663022325530034,0.07670953129711634,0.2908003423834197,0.0988625,0.101325
0.1,0.1,0.0,0.001,-0.001,0.0,0,unit_total_var,0.4565822784810127,1.0149675067677295,0.0,1.0149675067677295,1.0149675067677295,0.0,9.730355472470364e-07,0.01792739373172596,0.017663022325530034,0.07670953129711634,0.2908003423834197,0.0988625,0.101325
0.1,0.1,0.0,0.001,-0.001,0.0,0,unit_total_var,0.4627848101265823,1.0149675067677295,0.0,1.0149675067677295,1.0149675067677295,0.0,9.469530848349449e-07,0.01792739373172596,0.017663022325530034,0.07670953129711634,0.2908003423834197,0.0988625,0.101325
0.1,0.1,0.0,0.001,-0.001,0.0,0,unit_total_var,0.4689873417721519,1.0149675067677295,0.0,1.0149675067677295,1.0149675067677295,0.0,9.219054728504259e-07,0.01792739373172596,0.017663022325530034,0.07670953129711634,0.2908003423834197,0.0988625,0.101325
0.1,0.1,0.0,0.001,-0.001,0.0,0,unit_total_var,0.4751898734177215,1.0149675067677295,0.0,1.0149675067677295,1.0149675067677295,0.0,8.978386807356743e-07,0.01792739373172596,0.017663022325530034,0.07670953129711634,0.2908003423834197,0.0988625,0.101325
0.1,0.1,0.0,0.001,-0.001,0.0,0,unit_total_var,0.4813924050632911,1.0149675067677295,0.0,1.0149675067677295,1.0149675067677295,0.0,8.747021595922888e-07,0.01792739373172596,0.017663022325530034,0.07670953129711634,0.2908003423834197,0.0988625,0.101325
0.1,0.1,0.0,0.001,-0.001,0.0,0,unit_total_var,0.4875949367088608,1.0149675067677295,0.0,1.0149675067677295,1.0149675067677295,0.0,8.524485739513921e-07,0.01792739373172596,0.017663022325530034,0.07670953129711634,0.2908003423834197,0.0988625,0.101325
0.1,0.1,0.0,0.001,-0.001,0.0,0,unit_total_var,0.4937974683544304,1.0149675067677295,0.0,1.0149675067677295,1.0149675067677295,0.0,8.310335624095444e-07,0.01792739373172596,0.017663022325530034,0.07670953129711634,0.2908003423834197,0.0988625,0.101325
0.1,0.1,0.0,0.001,-0.001,0.0,0,unit_total_var,0.5,1.0149675067677295,0.0,1.0149675067677295,1.0149675067677295,0.0,8.10415513807783e-07,0.01792739373172596,0.017663022325530034,0.07670953129711634,0.2908003423834197,0.0988625,0.101325
0.1,0.1,0.0,0.001,0.00099,0.0,0,unit_total_var,0.01,1.1281124293591354,0.9996,1.1281124293591354,1.1281124299090666,2.1170947217541425e-09,9.522606916334551e-07,0.017738619836903873,0.015724159556491132,0.0682891572795038,0.2971524836042901,0.0988625,0.101325
0.1,0.1,0.0,0.001,0.00099,0.0,0,unit_total_var,0.016202531645569618,1.2118586618736138,0.9996875,1.2118586738349508,1.2118586618736138,4.2865912597278566e-08,7.845459748523353e-07,0.01784505918590254,0.014725363400310144,0.063951440687748,0.2971524836042901,0.0988625,0.101325
0.1,0.1,0.0,0.001,0.00099,0.0,0,unit_total_var,0.02240506329113924,1.3070488645520402,0.9997125,1.3070488767396644,1.3070488645520402,4.049594615196384e-08,8.242005833380972e-07,0.018200336424766168,0.013924755927930743,0.060474446613499176,0.2971524836042901,0.0988625,0.101325
0.1,0.1,0.0,0.001,0.00099,0.0,0,unit_total_var,0.028607594936708863,1.413194893710805,0.9998125,1.4131948951068742,1.413194893710805,4.290315658295185e-09,9.442225490374769e-07,0.018842240013860638,0.013333079604034074,0.057904828988087916,0.2971524836042901,0.0988625,0.101325
0.1,0.1,0.0,0.001,0.00099,0.0,0,unit_total_var,0.03481012658227848,1.5268150714322832,0.99985,1.5268150714322832,1.5268150943784975,6.526929441363906e-08,9.465128201213702e-07,0.019752666862738487,0.012937170474881935,0.05618541748682896,0.2971524836042901,0.0988625,0.101325
0.1,0.1,0.0,0.001,0.00099,0.0,0,unit_total_var,0.0410126582278481,1.6385279060331042,0.999875,1.6385279060331042,1.6385279689364158,1.6672624614244572e-07,8.623466669632763e-07,0.020804146811273058,0.012696852299354579,0.05514172891150307,0.2971524836042901,0.0988625,0.101325
0.1,0.1,0.0,0.001,0.00099,0.0,0,unit_total_var,0.047215189873417725,1.7329638534275236,0.9998625,1.7329638534275236,1.7329639174132625,1.603533315019945e-07,7.108104327357978e-07,0.02174505709492651,0.012547899976054485,0.054494837190744085,0.2971524836042901,0.0988625,0.101325
0.1,0.1,0.0,0.001,0.00099,0.0,0,unit_total_var,0.05341772151898734,1.7970888153774969,0.9999,1.7970888153774969,1.7970888332988186,4.330966385523993e-08,9.317078877302263e-07,0.02233329525942744,0.012427485535675156,0.05397188392076197,0.2971524836042901,0.0988625,0.101325
0.1,0.1,0.0,0.001,0.00099,0.0,0,unit_total_var,0.05962025316455696,1.8287081730556984,0.9998875,1.828708210890364,1.8287081730556984,8.985242416770234e-08,9.812037689016506e-07,0.022499573855221,0.012303534367446451,0.0534335708368901,0.2971524836042901,0.0988625,0.101325
0.1,0.1,0.0,0.001,0.00099,0.0,0,unit_total_var,0.06582278481012659,1.8339437591340653,0.9998875,1.833943807089971,1.8339437591340653,1.1356392404238136e-07,7.858002533112084e-07,0.022325146972321,0.012173299677882313,0.0528679687665892,0.2971524836042901,0.0988625,0.101325
0.1,0.1,0.0,0.001,0.00099,0.0,0,unit_total_var,0.0720253164556962,1.8206977647061149,0.9999,1.8206977647061149,1.8206979184264167,3.666719301520515e-07,9.184306577481037e-07,0.02192977750223337,0.01204471051007916,0.052309513106494815,0.2971524836042901,0.0988625,0.101325
0.1,0.1,0.0,0.001,0.00099,0.0,0,unit_total_var,0.07822784810126583,1.795417418449388,0.9998875,1.7954174660824491,1.795417418449388,1.1521986476026314e-07,8.16349285059914e-07,0.02140921642175896,0.011924367114723116,0.05178686838112848,0.2971524836042901,0.0988625,0.101325
0.1,0.1,0.0,0.001,0.00099,0.0,0,unit_total_var,0.08443037974683544,1.7626049423493055,0.9999125,1.7626050064781156,1.7626049423493055,1.5800924657582982e-07,8.992219022729844e-07,0.02082505048050614,0.01181492799671222,0.05131158033056358,0.2971524836042901,0.0988625,0.101325
0.1,0.1,0.0,0.001,0.00099,0.0,0,unit_total_var,0.09063291139240506,1.7252231718713742,0.9999,1.725223247111294,1.7252231718713742,1.894032135574264e-07,8.426340478706605e-07,0.020213322362296515,0.011716352233068396,0.050883471228564466,0.2971524836042901,0.0988625,0.101325
0.1,0.1,0.0,0.001,0.00099,0.0,0,unit_total_var,0.09683544303797467,1.6851796674794168,0.9999125,1.6851797627907268,1.6851796674794168,2.456306327225377e-07,9.852833393608762e-07,0.01959429867622724,0.0116274240986631,0.05049726124798275,0.2971524836042901,0.0988625,0.101325
0.1,0.1,0.0,0.001,0.00099,0.0,0,unit_total_var,0.1030379746835443,1.6436919188334165,0.9999125,1.6436920257337662,1.6436919188334165,2.8245092664747057e-07,8.70640356254171e-07,0.018979266456123058,0.011546729796903354,0.05014681034822981,0.2971524836042901,0.0988625,0.101325
0.1,0.1,0.0,0.001,0.00099,0.0,0,unit_total_var,0.10924050632911393,1.6015322427996117,0.999925,1.6015322427996117,1.6015322444243256,4.405806830476422e-09,9.566847563036163e-07,0.018374702714991118,0.011473201865028084,0.04982748259743794,0.2989426301202117,0.0988625,0.101325
0.1,0.1,0.0,0.001,0.00099,0.0,0,unit_total_var,0.11544303797468355,1.5591877960502407,0.9999,1.5591879406643259,1.5591877960502407,4.0280648994084345e-07,9.496607003001144e-07,0.017784629305441002,0.011406342039421615,0.049537114064218915,0.2989426301202117,0.0988625,0.101325
0.1,0.1,0.0,0.001,0.00099,0.0,0,unit_total_var,0.12164556962025315,1.5169642420468383,0.9999125,1.5169643911308437,1.5169642420468383,4.2681531930988115e-07,9.573748229740886e-07,0.017211736845411232,0.01134617176090285,0.049275797864866085,0.2989426301202117,0.0988625,0.101325
0.1,0.1,0.0,0.001,0.00099,0.0,0,unit_total_var,0.12784810126582274,1.4750516528606523,0.999925,1.4750518180275738,1.4750516528606523,4.862953670858872e-07,9.619463394727743e-07,0.016657749407107576,0.011292993960450295,0.049044849611903134,0.2989426301202117,0.0988625,0.101325
0.1,0.1,0.0,0.001,0.00099,0.0,0,unit_total_var,0.1340506329113924,1.4335650201162085,0.999925,1.4335652025486163,1.4335650201162085,5.526738027228362e-07,9.677508181482606e-07,0.01612344567546595,0.011247097584844072,0.0488455241852517,0.2989426301202117,0.0988625,0.101325
0.1,0.1,0.0,0.001,0.00099,0.0,0,unit_total_var,0.14025316455696205,1.392569518087576,0.999925,1.3925697197898952,1.392569518087576,6.290400347275238e-07,9.777705844982165e-07,0.015608677313097131,0.011208544428383456,0.04867808995414371,0.2989426301202117,0.0988625,0.101325
0.1,0.1,0.0,0.001,0.00099,0.0,0,unit_total_var,0.14645569620253165,1.352098110987466,0.9999,1.3520983347669957,1.352098110987466,7.187807298247861e-07,9.938985510160594e-07,0.01511256769268027,0.011177123590272037,0.04854163098805808,0.2989426301202117,0.0988625,0.101325
0.1,0.1,0.0,0.001,0.00099,0.0,0,unit_total_var,0.15265822784810126,1.3121652699184845,0.9999125,1.3121655015114548,1.3121652699184845,7.665157932823519e-07,8.796353352380493e-07,0.014633862360104097,0.01115245365472384,0.048434490819283166,0.2989426301202117,0.0988625,0.101325
0.1,0.1,0.0,0.001,0.00099,0.0,0,unit_total_var,0.1588607594936709,1.272776894719838,0.9999125,1.2727771545012978,1.272776894719838,8.864212062142941e-07,9.091355259727152e-07,0.014171241924863198,0.01113411312198793,0.04835483889765944,0.2989426301202117,0.0988625,0.101325
0.1,0.1,0.0,0.001,0.00099,0.0,0,unit_total_var,0.1650632911392405,1.2339362349348766,0.9999375,1.2339365276815522,1.2339362349348766,1.030347007602295e-06,9.45581709821397e-07,0.013723463183119136,0.01112169559056949,0.04830091024392057,0.2989426301202117,0.0988625,0.101325
0.1,0.1,0.0,0.001,0.00099,0.0,0,unit_total_var,0.17126582278481015,1.19564631948707,0.9999375,1.1956466295058787,1.19564631948707,1.1260808335800119e-06,9.892490266949494e-07,0.013289368264482937,0.011114798789481531,0.04827095781736772,0.2989426301202117,0.0988625,0.101325
0.1,0.1,0.0,0.001,0.00099,0.0,0,unit_total_var,0.17746835443037975,1.1579104574052437,0.9999375,1.1579107869830527,1.1579104574052437,1.2361387933257362e-06,9.111341734424627e-07,0.01286787031280986,0.0111130098450319,0.04826318853033865,0.2989426301202117,0.0988625,0.101325
0.1,0.1,0.0,0.001,0.00099,0.0,0,unit_total_var,0.18367088607594936,1.1207314697164699,0.999925,1.1207318467582086,1.1207314697164699,1.4610736234210717e-06,9.66398859603146e-07,0.01245795268751921,0.011115912262792892,0.048275793570516416,0.2989426301202117,0.0988625,0.101325
0.1,0.1,0.0,0.001,0.00099,0.0,0,unit_total_var,0.18987341772151897,1.0841107954446667,0.99995,1.0841111769199454,1.0841107954446667,1.5281886321938387e-06,9.076714420075405e-07,0.012058668134148852,0.011123095706470463,0.048306990870018746,0.2989426301202117,0.0988625,0.101325
0.1,0.1,0.0,0.001,0.00099,0.0,0,unit_total_var,0.1960759493670886,1.0480475837248031,0.9999375,1.0480480250227322,1.0480475837248031,1.8286690242341754e-06,9.758445651542047e-07,0.01166910878449745,0.0111341402486946,0.04835495670744964,0.2989426301202117,0.0988625,0.101325
0.1,0.1,0.0,0.001,0.00099,0.0,0,unit_total_var,0.20227848101265825,1.0125388974965368,0.99995,1.012539364793238,1.0125388974965368,2.004311462758257e-06,9.880826521424524e-07,0.011288352495616652,0.01114856182170055,0.04841758880321812,0.2989426301202117,0.0988625,0.101325
0.1,0.1,0.0,0.001,0.00099,0.0,0,unit_total_var,0.20848101265822785,0.9775803477740262,0.99995,0.9775803477740262,0.97758035268455,2.1815223419374696e-08,9.243639720324379e-07,0.010915401885599266,0.011165733753193685,0.048492165554129024,0.2992500762677049,0.0988625,0.101325
0.1,0.1,0.0,0.001,0.00099,0.0,0,unit_total_var,0.21468354430379746,0.94316703288211,0.99995,0.943167590341604,0.94316703288211,2.5668996284644585e-06,9.94950509536352e-07,0.010549153827171476,0.011184820354604205,0.048575057610837774,0.2992500762677049,0.0988625,0.101325
0.1,0.1,0.0,0.001,0.00099,0.0,0,unit_total_var,0.2208860759493671,0.9092942277291506,0.99995,0.9092948179870592,0.9092942277291506,2.8191718540182538e-06,9.823269655484523e-07,0.010188423055971728,0.011204759411500993,0.048661651834684086,0.2992500762677049,0.0988625,0.101325
0.1,0.1,0.0,0.001,0.00099,0.0,0,unit_total_var,0.2270886075949367,0.8759570849955324,0.99995,0.8759577163709608,0.8759570849955324,3.1303219122369437e-06,9.803738847402599e-07,0.009832015914339404,0.011224312335334956,0.048746569103945724,0.2992500762677049,0.0988625,0.101325
0.1,0.1,0.0,0.001,0.00099,0.0,0,unit_total_var,0.23329113924050635,0.8431506010837787,0.99995,0.8431512833256629,0.8431506010837787,3.5141262472171415e-06,9.88901798226749e-07,0.009478846730542709,0.011242175144462544,0.04882414629829975,0.2992500762677049,0.0988625,0.101325
0.1,0.1,0.0,0.001,0.00099,0.0,0,unit_total_var,0.23949367088607595,0.8108700888771536,0.99995,0.8108707603679333,0.8108700888771536,3.596440706132853e-06,9.089717600829771e-07,0.009128063883665898,0.011257122452630995,0.04888906163286842,0.2992500762677049,0.0988625,0.101325
0.1,0.1,0.0,0.001,0.00099,0.0,0,unit_total_var,0.2456962025316456,0.7791120475598101,0.99995,0.7791127895100957,0.7791120475598101,4.1357948763476315e-06,9.382996535300949e-07,0.008779143609274719,0.01126813997649134,0.048936910131036265,0.2992500762677049,0.0988625,0.101325
0.1,0.1,0.0,0.001,0.00099,0.0,0,unit_total_var,0.2518987341772152,0.7478753991046884,0.99995,0.7478762261286053,0.7478753991046884,4.8025610330793e-06,9.774434879261664e-07,0.008431925406316253,0.011274505641461732,0.048964555862739116,0.2992500762677049,0.0988625,0.101325
0.1,0.1,0.0,0.001,0.00099,0.0,0,unit_total_var,0.2581012658227848,0.7171620661380024,0.9999375,0.7171629112682556,0.7171620661380024,5.117883481675634e-06,9.338050701579449e-07,0.008086580754325088,0.011275806593999354,0.0489702058278222,0.2992500762677049,0.0988625,0.101325
0.1,0.1,0.0,0.001,0.00099,0.0,0,unit_total_var,0.2643037974683544,0.6869770959322842,0.99995,0.6869780547226718,0.6869770959322842,6.061295005910239e-06,9.907775120332474e-07,0.007743534358015266,0.011271895968389829,0.04895322219659212,0.2992500762677049,0.0988625,0.101325
0.1,0.1,0.0,0.001,0.00099,0.0,0,unit_total_var,0.2705063291139241,0.6573286842352519,0.99995,0.6573296851019153,0.6573286842352519,6.612681729967207e-06,9.67653349448483e-07,0.007403358679357327,0.011262795701621524,0.0489137002401789,0.2992500762677049,0.0988625,0.101325
0.1,0.1,0.0,0.001,0.00099,0.0,0,unit_total_var,0.2767088607594937,0.6282271697879971,0.99995,0.6282282257937681,0.6282271697879971,7.300179233116211e-06,9.556001323574035e-07,0.007066655608299771,0.0112485673147255,0.04885190714102562,0.2992500762677049,0.0988625,0.101325
0.1,0.1,0.0,0.001,0.00099,0.0,0,unit_total_var,0.2829113924050633,0.5996846327711491,0.99995,0.5996857579118634,0.5996846327711491,8.148315271849782e-06,9.533561624586183e-07,0.0067339793473594756,0.011229201115662555,0.04876780080714085,0.2992500762677049,0.0988625,0.101325
0.1,0.1,0.0,0.001,0.00099,0.0,0,unit_total_var,0.2891139240506329,0.5717150247977021,0.99995,0.5717162340199337,0.5717150247977021,9.185660065025303e-06,9.59768357899904e-07,0.0064058290053139065,0.011204583975347808,0.04866088992515152,0.2992500762677049,0.0988625,0.101325
0.1,0.1,0.0,0.001,0.00099,0.0,0,unit_total_var,0.2953164556962025,0.544334996799124,0.99995,0.544336305689186,0.544334996799124,1.044288997142928e-05,9.735690109646809e-07,0.006082709892079642,0.011174570674029884,0.0485305438136908,0.2992500762677049,0.0988625,0.101325
0.1,0.1,0.0,0.001,0.00099,0.0,0,unit_total_var,0.3015189873417722,0.5175647922478833,0.99995,0.5175662089724538,0.5175647922478833,1.1887880134953122e-05,9.82967468754481e-07,0.00576521893995623,0.011139125045420452,0.0483766054045641,0.2992500762677049,0.0988625,0.101325
0.1,0.1,0.0,0.001,0.00099,0.0,0,unit_total_var,0.3077215189873418,0.4914285859314896,0.99995,0.4914285859314896,0.4914285998374177,1.2289207251825476e-07,9.62845039476079e-07,0.005454100116577319,0.011098459212011894,0.04819999593405077,0.2997744447386837,0.0988625,0.101325
0.1,0.1,0.0,0.001,0.00099,0.0,0,unit_total_var,0.3139240506329114,0.4659533925851173,0.99995,0.4659549745906929,0.4659533925851173,1.4745146969641354e-05,9.721701013098991e-07,0.0051502298521049535,0.011053100876745185,0.048003007186904284,0.2997744447386837,0.0988625,0.101325
0.1,0.1,0.0,0.001,0.00099,0.0,0,unit_total_var,0.320126582278481,0.4411659813627692,0.99995,0.4411676574914195,0.4411659813627692,1.6500185230139408e-05,9.35065039175953e-07,0.004854511132214746,0.011003820188535568,0.04778898387736597,0.2997744447386837,0.0988625,0.101325
0.1,0.1,0.0,0.001,0.00099,0.0,0,unit_total_var,0.3263291139240506,0.41708827566996826,0.99995,0.4170900577674381,0.41708827566996826,1.8556106442524367e-05,9.68399758827232e-07,0.0045677291086402005,0.010951468490220842,0.04756162334040248,0.2997744447386837,0.0988625,0.101325
0.1,0.1,0.0,0.001,0.00099,0.0,0,unit_total_var,0.3325316455696203,0.3937353413702265,0.99995,0.39373724624225853,0.3937353413702265,2.1010900576712288e-05,9.432645105000861e-07,0.004290509881092572,0.010896938705479923,0.047324803494278936,0.2997744447386837,0.0988625,0.101325
0.1,0.1,0.0,0.001,0.00099,0.0,0,unit_total_var,0.3387341772151899,0.371115586019978,0.99995,0.3711176339505121,0.371115586019978,2.396564600903872e-05,9.866690573456793e-07,0.004023362998721281,0.010841266576458728,0.04708302250998184,0.2997744447386837,0.0988625,0.101325
0.1,0.1,0.0,0.001,0.00099,0.0,0,unit_total_var,0.3449367088607595,0.3492335143571581,0.99995,0.3492356637158967,0.3492335143571581,2.6728585000412867e-05,9.755351808582444e-07,0.0037667027750868188,0.010785628011733848,0.04684138729357151,0.2997744447386837,0.0988625,0.101325
0.1,0.1,0.0,0.001,0.00099,0.0,0,unit_total_var,0.3511392405063291,0.32809143882887465,0.99995,0.3280937804430901,0.32809143882887465,3.099582564836112e-05,9.724388381204818e-07,0.0035208014784281006,0.010731159249371559,0.046604832464271086,0.2997744447386837,0.0988625,0.101325
0.1,0.1,0.0,0.001,0.00099,0.0,0,unit_total_var,0.3573417721518987,0.30769066435770864,0.99995,0.3076930884092208,0.30769066435770864,3.4214494315953914e-05,9.769525602942863e-07,0.003285753331485226,0.010678755360823505,0.046377245268004165,0.2997744447386837,0.0988625,0.101325
0.1,0.1,0.0,0.001,0.00099,0.0,0,unit_total_var,0.3635443037974684,0.2880310527962888,0.99995,0.2880336567621433,0.2880310527962888,3.9262533632289376e-05,9.89114767868671e-07,0.003061470029868043,0.010628958232615568,0.0461609790880508,0.2997744447386837,0.0988625,0.101325
0.1,0.1,0.0,0.001,0.00099,0.0,0,unit_total_var,0.369746835443038,0.26911080559768225,0.99995,0.2691135496234133,0.26911080559768225,4.428321467297991e-05,9.567508804098068e-07,0.0028477197743572323,0.010581959977536326,0.04595686825965084,0.2997744447386837,0.0988625,0.101325
0.1,0.1,0.0,0.001,0.00099,0.0,0,unit_total_var,0.3759493670886076,0.25092849946258033,0.99995,0.2509314877965987,0.25092849946258033,5.172028084388103e-05,9.827865127265414e-07,0.0026442225870892213,0.01053775315578907,0.045764880472177714,0.2997744447386837,0.0988625,0.101325
0.1,0.1,0.0,0.001,0.00099,0.0,0,unit_total_var,0.3821518987341772,0.2334872624165568,0.99995,0.23349036612248586,0.2334872624165568,5.772963311567736e-05,9.629291638502122e-07,0.0024507801681425373,0.010496419131293691,0.04558536908464572,0.2997744447386837,0.0988625,0.101325
0.1,0.1,0.0,0.001,0.00099,0.0,0,unit_total_var,0.3883544303797468,0.21679341071666794,0.9999375,0.2167967224505037,0.21679341071666794,6.63422721318696e-05,9.93003266280823e-07,0.0022672977147052235,0.010458333153254387,0.045419963783642166,0.2997744447386837,0.0988625,0.101325
0.1,0.1,0.0,0.001,0.00099,0.0,0,unit_total_var,0.3945569620253165,0.2008528509778166,0.99995,0.20085638517652005,0.2008528509778166,7.641761038890138e-05,9.774104281490281e-07,0.0020937121685730203,0.010424109781763877,0.04527133356973762,0.2997744447386837,0.0988625,0.101325
0.1,0.1,0.0,0.001,0.00099,0.0,0,unit_total_var,0.4007594936708861,0.18566808608991286,0.99995,0.18567183986053126,0.18566808608991286,8.780320951462528e-05,9.979000032411811e-07,0.0019299101736615898,0.010394409800330462,0.04514234818924599,0.2997744447386837,0.0988625,0.101325
0.1,0.1,0.0,0.001,0.00099,0.0,0,unit_total_var,0.4069620253164557,0.17123915029490488,0.99995,0.17123916783796872,0.17123915029490488,4.449248560689511e-07,9.941161226989514e-07,0.0017757096967780579,0.010369764704624869,0.045035315898536835,0.2999984038935044,0.0988625,0.101325
0.1,0.1,0.0,0.001,0.00099,0.0,0,unit_total_var,0.4131645569620253,0.15756442844934854,0.99995,0.15756862052867066,0.15756442844934854,0.00011554465158880588,9.801002712195306e-07,0.001630853276129407,0.010350389946381006,0.04495117239260165,0.2999984038935044,0.0988625,0.101325
0.1,0.1,0.0,0.001,0.00099,0.0,0,unit_total_var,0.4193670886075949,0.14464084940693347,0.99995,0.14464520781122814,0.14464084940693347,0.00013086223051494983,9.646864267964794e-07,0.001495015931396814,0.010336056083235012,0.044888921215915034,0.2999984038935044,0.0988625,0.101325
0.1,0.1,0.0,0.001,0.00099,0.0,0,unit_total_var,0.4255696202531646,0.13246281912193367,0.99995,0.13246751296142922,0.13246281912193367,0.00015389016244782286,9.845824190390928e-07,0.001367827234690351,0.010326122029995822,0.044845778170867885,0.2999984038935044,0.0988625,0.101325
0.1,0.1,0.0,0.001,0.00099,0.0,0,unit_total_var,0.4317721518987342,0.12102113283605395,0.99995,0.12102597519175284,0.12102113283605395,0.00017376851777761718,9.634986822271152e-07,0.0012488785849732525,0.010319508301621129,0.04481705511348854,0.2999984038935044,0.0988625,0.101325
0.1,0.1,0.0,0.001,0.00099,0.0,0,unit_total_var,0.4379746835443038,0.1103016344647902,0.99995,0.11030679967666818,0.1103016344647902,0.0002033669316041653,9.755999920701972e-07,0.0011377123204936882,0.010314555409936936,0.04479554497820944,0.2999984038935044,0.0988625,0.101325
0.1,0.1,0.0,0.001,0.00099,0.0,0,unit_total_var,0.4441772151898734,0.10028789334074902,0.99995,0.1002933663093476,0.10028789334074902,0.00023699921585240702,9.819670922783794e-07,0.001033884993003124,0.010309170514633152,0.044772158675048836,0.2999984038935044,0.0988625,0.101325
0.1,0.1,0.0,0.001,0.00099,0.0,0,unit_total_var,0.450379746835443,0.09096283733643773,0.99995,0.09096858524166747,0.09096283733643773,0.00027442027212565284,9.805916441063543e-07,0.000937032249351589,0.010301264525048344,0.04473782339854218,0.2999984038935044,0.0988625,0.101325
0.1,0.1,0.0,0.001,0.00099,0.0,0,unit_total_var,0.4565822784810127,0.08230832177632356,0.9999375,0.08231429678087497,0.08230832177632356,0.00031525576860857996,9.704060444648557e-07,0.0008468800847533347,0.010289118602791684,0.04468507432840524,0.2999984038935044,0.0988625,0.101325
0.1,0.1,0.0,0.001,0.00099,0.0,0,unit_total_var,0.4627848101265823,0.07430381783923412,0.99995,0.07431016032786837,0.07430381783923412,0.00037069296589997686,9.819502873598118e-07,0.0007632176736328388,0.0102715808666004,0.04460890890787575,0.2999984038935044,0.0988625,0.101325
0.1,0.1,0.0,0.001,0.00099,0.0,0,unit_total_var,0.4689873417721519,0.06692656436721164,0.99995,0.06693320611456734,0.06692656436721164,0.0004309695465281038,9.816060240752657e-07,0.0006858770874592386,0.010248204041910456,0.04450738464820312,0.2999984038935044,0.0988625,0.101325
0.1,0.1,0.0,0.001,0.00099,0.0,0,unit_total_var,0.4751898734177215,0.06015164864462489,0.99995,0.060158609373386684,0.06015164864462489,0.0005025350530285522,9.984789939299077e-07,0.0006147074200921394,0.0102192946318699,0.0443818326756462,0.2999984038935044,0.0988625,0.101325
0.1,0.1,0.0,0.001,0.00099,0.0,0,unit_total_var,0.4813924050632911,0.053952280407465074,0.99995,0.05395946903665001,0.053952280407465074,0.0005786176219277905,9.72998632706168e-07,0.0005495393252334809,0.010185655195353787,0.044235738459113376,0.2999984038935044,0.0988625,0.101325
0.1,0.1,0.0,0.001,0.00099,0.0,0,unit_total_var,0.4875949367088608,0.04829805495449315,0.99995,0.04830560216921657,0.04829805495449315,0.0006785899855916709,9.941814676367457e-07,0.0004901368599588989,0.010148169743496088,0.044072941210178886,0.2999984038935044,0.0988625,0.101325
0.1,0.1,0.0,0.001,0.00099,0.0,0,unit_total_var,0.4937974683544304,0.04315646134322898,0.99995,0.04316429282052657,0.04315646134322898,0.0007880300439389032,9.770132547853858e-07,0.0004362081578960386,0.010107597896565665,0.04389673991775382,0.2999984038935044,0.0988625,0.101325
0.1,0.1,0.0,0.001,0.00099,0.0,0,unit_total_var,0.5,0.038493671235248265,0.99995,0.038501806283578126,0.038493671235248265,0.0009177179560886373,9.747445299523871e-07,0.00038741600508746617,0.010064407801475514,0.04370916771804853,0.2999984038935044,0.0988625,0.101325
0.1,0.9,0.0,0.001,-0.00099,0.0,0,unit_total_var,0.01,1.1774167393771289,0.99045,1.1774167393771289,1.17741673938388,2.490319062076196e-11,9.70321138993313e-07,0.013174134748389991,0.011189016010897982,0.04859327911460128,0.2990893240657507,0.0987125,0.9012875
0.1,0.9,0.0,0.001,-0.00099,0.0,0,unit_total_var,0.016202531645569618,1.2052494407834164,0.990925,1.2052494423693347,1.2052494407834164,5.7146308796163225e-09,8.116596461604786e-07,0.012695668435750812,0.010533643913162558,0.04574703425820275,0.2990893240657507,0.0987125,0.9012875
0.1,0.9,0.0,0.001,-0.00099,0.0,0,unit_total_var,0.02240506329113924,1.2194051985715046,0.9916625,1.2194052012626988,1.2194051985715046,9.584761317960044e-09,7.846990897064644e-07,0.012064410292067021,0.009893684483385918,0.042967725768263285,0.2990893240657507,0.0987125,0.9012875
0.1,0.9,0.0,0.001,-0.00099,0.0,0,unit_total_var,0.028607594936708863,1.2270649668932776,0.9923,1.2270649713657784,1.2270649668932776,1.5829499488972942e-08,8.139763423287151e-07,0.011450149586244523,0.00933133118064187,0.04052545640564519,0.2990893240657507,0.0987125,0.9012875
0.1,0.9,0.0,0.001,-0.00099,0.0,0,unit_total_var,0.03481012658227848,1.2310035537709094,0.9923875,1.231003560172978,1.2310035537709094,2.2586312375949547e-08,8.839806113769554e-07,0.010890713474810857,0.008847020336740329,0.038422121135321737,0.2990893240657507,0.0987125,0.9012875
0.1,0.9,0.0,0.001,-0.00099,0.0,0,unit_total_var,0.0410126582278481,1.2325512827925689,0.992775,1.232551290850996,1.2325512827925689,2.8394197659764583e-08,9.906273490400965e-07,0.01039386494063562,0.00843280525990483,0.036623207913413836,0.2990893240657507,0.0987125,0.9012875
0.1,0.9,0.0,0.001,-0.00099,0.0,0,unit_total_var,0.047215189873417725,1.232444475399745,0.9928375,1.232444485374674,1.232444475399745,3.515011615107255e-08,8.820970514022974e-07,0.009956314728752887,0.008078509764525937,0.03508452212735153,0.2990893240657507,0.0987125,0.9012875
0.1,0.9,0.0,0.001,-0.00099,0.0,0,unit_total_var,0.05341772151898734,1.2311292861290628,0.9931875,1.2311292985846731,1.2311292861290628,4.393854458051294e-08,8.026672944083656e-07,0.009571145710837102,0.00777428156301184,0.033763275835782286,0.2990893240657507,0.0987125,0.9012875
0.1,0.9,0.0,0.001,-0.00099,0.0,0,unit_total_var,0.05962025316455696,1.2288945710410812,0.9931125,1.228894586383874,1.2288945710410812,5.422182169922962e-08,9.521258697020584e-07,0.00923102622891091,0.007511650263936531,0.0326226825961474,0.2990893240657507,0.0987125,0.9012875
0.1,0.9,0.0,0.001,-0.00099,0.0,0,unit_total_var,0.06582278481012659,1.2259378315633764,0.9934375,1.2259378483296341,1.2259378315633764,5.939528791021331e-08,8.92094785598374e-07,0.00892932300118322,0.007283667059850912,0.03163256412113733,0.2990893240657507,0.0987125,0.9012875
0.1,0.9,0.0,0.001,-0.00099,0.0,0,unit_total_var,0.0720253164556962,1.2224004621875677,0.9934875,1.222400482916452,1.2224004621875677,7.364558773925722e-08,8.456890085994928e-07,0.008660353742540098,0.007084710788673798,0.030768508014014657,0.2990893240657507,0.0987125,0.9012875
0.1,0.9,0.0,0.001,-0.00099,0.0,0,unit_total_var,0.07822784810126583,1.2183877554728313,0.9937875,1.2183877780688328,1.2183877554728313,8.054347755415138e-08,8.095183847700581e-07,0.008419354169495035,0.006910241942006104,0.030010799440296606,0.2990893240657507,0.0987125,0.9012875
0.1,0.9,0.0,0.001,-0.00099,0.0,0,unit_total_var,0.08443037974683544,1.2139807213728244,0.993625,1.2139807491058272,1.2139807213728244,9.921318877559317e-08,9.924498396429726e-07,0.008202351223497677,0.006756574531284225,0.029343430355047887,0.2990893240657507,0.0987125,0.9012875
0.1,0.9,0.0,0.001,-0.00099,0.0,0,unit_total_var,0.09063291139240506,1.20924313004716,0.99385,1.2092431602329548,1.20924313004716,1.0841098541103378e-07,9.624685493037077e-07,0.008006003043604104,0.00662067275361893,0.02875321643383908,0.2990893240657507,0.0987125,0.9012875
0.1,0.9,0.0,0.001,-0.00099,0.0,0,unit_total_var,0.09683544303797467,1.2042257129406375,0.9941875,1.204225745776608,1.2042257129406375,1.1842032932030122e-07,9.390477089254999e-07,0.007827450648082605,0.006499986309849257,0.02822908186814212,0.2990893240657507,0.0987125,0.9012875
0.1,0.9,0.0,0.001,-0.00099,0.0,0,unit_total_var,0.1030379746835443,1.1989689682527696,0.9942,1.1989690012959529,1.1989689682527696,1.196901040501075e-07,7.922171114671528e-07,0.007664222199639202,0.006392344091113634,0.02776159765197508,0.2990893240657507,0.0987125,0.9012875
0.1,0.9,0.0,0.001,-0.00099,0.0,0,unit_total_var,0.10924050632911393,1.193505330471461,0.9948625,1.193505330471461,1.1935053311260477,2.381920993776987e-09,9.366598945348413e-07,0.007514194645948006,0.006295903716642585,0.027342762427320484,0.2974760391332337,0.0987125,0.9012875
0.1,0.9,0.0,0.001,-0.00099,0.0,0,unit_total_var,0.11544303797468355,1.1878610474134643,0.9947625,1.1878610946678294,1.1878610474134643,1.72766921102685e-07,8.989005451098818e-07,0.00737558778692301,0.0062091334697632825,0.026965924033189845,0.2974760391332337,0.0987125,0.9012875
0.1,0.9,0.0,0.001,-0.00099,0.0,0,unit_total_var,0.12164556962025315,1.1820576126427558,0.9948875,1.182057663937694,1.1820576126427558,1.8846042559861329e-07,8.934918742653507e-07,0.007246953566597086,0.0061307955628278465,0.026625706826130743,0.2974760391332337,0.0987125,0.9012875
0.1,0.9,0.0,0.001,-0.00099,0.0,0,unit_total_var,0.12784810126582274,1.1761128107073509,0.9954625,1.176112866391026,1.1761128107073509,2.056189848387291e-07,8.913781623931526e-07,0.007127142592955085,0.00605991408993207,0.02631787250065264,0.2974760391332337,0.0987125,0.9012875
0.1,0.9,0.0,0.001,-0.00099,0.0,0,unit_total_var,0.1340506329113924,1.1700413497124265,0.995,1.1700414101713241,1.1700413497124265,2.2441057212496676e-07,8.923324248399921e-07,0.007015246719351537,0.00599572546822875,0.02603910485858537,0.2974760391332337,0.0987125,0.9012875
0.1,0.9,0.0,0.001,-0.00099,0.0,0,unit_total_var,0.14025316455696205,1.16385526144305,0.9949875,1.1638553271108458,1.16385526144305,2.4504044116024915e-07,8.962350825925114e-07,0.006910531818853209,0.005937621324394688,0.025786761768156908,0.2974760391332337,0.0987125,0.9012875
0.1,0.9,0.0,0.001,-0.00099,0.0,0,unit_total_var,0.14645569620253165,1.1575642288864327,0.995125,1.1575643002526521,1.1575642288864327,2.677514857607477e-07,9.030379732877235e-07,0.006812375459387527,0.0058850950032733615,0.0255586428539802,0.2974760391332337,0.0987125,0.9012875
0.1,0.9,0.0,0.001,-0.00099,0.0,0,unit_total_var,0.15265822784810126,1.1511759493096858,0.9953375,1.1511760269263345,1.1511759493096858,2.928178017835848e-07,9.127239559703072e-07,0.0067202185298655326,0.005837698862537372,0.0253528040301287,0.2974760391332337,0.0987125,0.9012875
0.1,0.9,0.0,0.001,-0.00099,0.0,0,unit_total_var,0.1588607594936709,1.144696543102632,0.9950875,1.1446966275887154,1.144696543102632,3.205376892800871e-07,9.252800658998693e-07,0.006633533487176887,0.005795014868479544,0.02516742979927964,0.2974760391332337,0.0987125,0.9012875
0.1,0.9,0.0,0.001,-0.00099,0.0,0,unit_total_var,0.1650632911392405,1.1381309502056174,0.9952,1.1381310422509554,1.1381309502056174,3.512318224041522e-07,9.406913088483292e-07,0.006551808287236395,0.005756638360509158,0.02500076274281709,0.2974760391332337,0.0987125,0.9012875
0.1,0.9,0.0,0.001,-0.00099,0.0,0,unit_total_var,0.17126582278481015,1.1314832533080126,0.9953375,1.131483343733649,1.1314832533080126,3.470785191472814e-07,9.589476972493571e-07,0.0064745435369716435,0.00572217354348164,0.024851083944268527,0.2974760391332337,0.0987125,0.9012875
0.1,0.9,0.0,0.001,-0.00099,0.0,0,unit_total_var,0.17746835443037975,1.1247569102059898,0.995775,1.1247570089874974,1.1247569102059898,3.814180772332421e-07,9.800504674473132e-07,0.006401259232716264,0.005691237968517062,0.024716732449252318,0.2974760391332337,0.0987125,0.9012875
0.1,0.9,0.0,0.001,-0.00099,0.0,0,unit_total_var,0.18367088607594936,1.1179549336362615,0.9954375,1.117955030557343,1.1179549336362615,3.7651150003314976e-07,8.133017050937498e-07,0.006331506380233047,0.0056634719251510285,0.02459614605507077,0.2974760391332337,0.0987125,0.9012875
0.1,0.9,0.0,0.001,-0.00099,0.0,0,unit_total_var,0.18987341772151897,1.1110799984489244,0.995425,1.1110801045718546,1.1110799984489244,4.148090224087575e-07,8.364704005003887e-07,0.006264877568086231,0.005638547698484398,0.024487901514000543,0.2974760391332337,0.0987125,0.9012875
0.1,0.9,0.0,0.001,-0.00099,0.0,0,unit_total_var,0.1960759493670886,1.104134669862523,0.9954125,1.1041347861269095,1.104134669862523,4.573081557879277e-07,8.620041018758684e-07,0.006201014245063565,0.0056161756480626246,0.024390740933530164,0.2974760391332337,0.0987125,0.9012875
0.1,0.9,0.0,0.001,-0.00099,0.0,0,unit_total_var,0.20227848101265825,1.0971215328456465,0.9957375,1.097121667606297,1.0971215328456465,5.334486800623317e-07,9.946898487100952e-07,0.006139606545253975,0.005596104316109302,0.024303572246412403,0.2974760391332337,0.0987125,0.9012875
0.1,0.9,0.0,0.001,-0.00099,0.0,0,unit_total_var,0.20848101265822785,1.0900433945602712,0.9956875,1.0900433945602712,1.0900433991159486,1.8150704383934624e-08,9.81183898574045e-07,0.006080388734414947,0.005578116215151054,0.024225450916551542,0.2971911882452062,0.0987125,0.9012875
0.1,0.9,0.0,0.001,-0.00099,0.0,0,unit_total_var,0.21468354430379746,1.082903332414369,0.9959,1.0829034854514537,1.082903332414369,6.13749672417896e-07,9.51983023966818e-07,0.006023130666756772,0.005562020622217497,0.024155548644611502,0.2971911882452062,0.0987125,0.9012875
0.1,0.9,0.0,0.001,-0.00099,0.0,0,unit_total_var,0.2208860759493671,1.0757047304616154,0.9959,1.0757048825790354,1.0757047304616154,6.141439148343865e-07,9.860509413428529e-07,0.005967629336261713,0.005547646270646067,0.0240931216289274,0.2971911882452062,0.0987125,0.9012875
0.1,0.9,0.0,0.001,-0.00099,0.0,0,unit_total_var,0.2270886075949367,1.068451222448923,0.9959375,1.068451372890736,1.068451222448923,6.115023603592284e-07,8.37919507112872e-07,0.0059137009013099364,0.005534834700039513,0.024037481684738,0.2971911882452062,0.0987125,0.9012875
0.1,0.9,0.0,0.001,-0.00099,0.0,0,unit_total_var,0.23329113924050635,1.06114646536525,0.9956125,1.061146630212709,1.06114646536525,6.7466969533303e-07,8.70407491859737e-07,0.005861172487932164,0.005523434020877344,0.0239879691642372,0.2971911882452062,0.0987125,0.9012875
0.1,0.9,0.0,0.001,-0.00099,0.0,0,unit_total_var,0.23949367088607595,1.0537940630067395,0.9962125,1.0537942435207208,1.0537940630067395,7.439425029343029e-07,9.046096973719385e-07,0.0058098761945228825,0.005513293724530811,0.023943930416755577,0.2971911882452062,0.0987125,0.9012875
0.1,0.9,0.0,0.001,-0.00099,0.0,0,unit_total_var,0.2456962025316456,1.0463973447977952,0.9961875,1.0463975423602752,1.0463973447977952,8.199589495438976e-07,9.406654442045692e-07,0.005759642556479268,0.005504259529244368,0.02390469540514219,0.2971911882452062,0.0987125,0.9012875
0.1,0.9,0.0,0.001,-0.00099,0.0,0,unit_total_var,0.2518987341772152,1.0389592661379796,0.99625,1.0389594630999246,1.0389592661379796,8.233188781292533e-07,9.787644703607157e-07,0.0057102963998116475,0.0054961696631649175,0.02386956156316577,0.2971911882452062,0.0987125,0.9012875
0.1,0.9,0.0,0.001,-0.00099,0.0,0,unit_total_var,0.2581012658227848,1.031482375732198,0.9963375,1.0314825711725617,1.031482375732198,8.228804043441952e-07,8.42502787534727e-07,0.005661655307313083,0.0054888531694922615,0.023837786434876627,0.2971911882452062,0.0987125,0.9012875
0.1,0.9,0.0,0.001,-0.00099,0.0,0,unit_total_var,0.2643037974683544,1.0239687449181152,0.996225,1.0239689590278058,1.0239687449181152,9.081004465061327e-07,8.793665888795489e-07,0.005613530514269668,0.005482130721400653,0.023808591213765964,0.2971911882452062,0.0987125,0.9012875
0.1,0.9,0.0,0.001,-0.00099,0.0,0,unit_total_var,0.2705063291139241,1.0164201407117668,0.9963375,1.016420375284059,1.0164201407117668,1.0022768764522685e-06,9.185930025523704e-07,0.005565732764783002,0.005475819045543014,0.02378117995380061,0.2971911882452062,0.0987125,0.9012875
0.1,0.9,0.0,0.001,-0.00099,0.0,0,unit_total_var,0.2767088607594937,1.0088380361108942,0.996225,1.0088382931258566,1.0088380361108942,1.106423050414862e-06,9.603539541380712e-07,0.005518079368983815,0.005469737630290196,0.023754768702936,0.2971911882452062,0.0987125,0.9012875
0.1,0.9,0.0,0.001,-0.00099,0.0,0,unit_total_var,0.2829113924050633,1.0012237416349343,0.996175,1.001223975981729,1.0012237416349343,1.0165111305575347e-06,8.360948529073653e-07,0.005470403416337785,0.005463717238072046,0.023728622471743645,0.2971911882452062,0.0987125,0.9012875
0.1,0.9,0.0,0.001,-0.00099,0.0,0,unit_total_var,0.2891139240506329,0.9935783810222204,0.9964375,0.9935786382603689,0.9935783810222204,1.1243913518102502e-06,8.768782051582491e-07,0.005422561082906755,0.005457607760474695,0.02370208934766524,0.2971911882452062,0.0987125,0.9012875
0.1,0.9,0.0,0.001,-0.00099,0.0,0,unit_total_var,0.2953164556962025,0.9859030526799474,0.99675,0.9859033350740296,0.9859030526799474,1.2439577480247157e-06,9.203171846827728e-07,0.005374438037580736,0.005451284508118297,0.02367462781160459,0.2971911882452062,0.0987125,0.9012875
0.1,0.9,0.0,0.001,-0.00099,0.0,0,unit_total_var,0.3015189873417722,0.9781987364874476,0.9968125,0.9781990395034054,0.9781987364874476,1.3453108565486538e-06,9.222309951262275e-07,0.0053259508923052526,0.005444651167133863,0.02364581957774336,0.2971911882452062,0.0987125,0.9012875
0.1,0.9,0.0,0.001,-0.00099,0.0,0,unit_total_var,0.3077215189873418,0.9704662534589004,0.996825,0.9704662534589004,0.9704662703555372,7.561433604252876e-08,9.528650868340094e-07,0.005277046400689225,0.005437640290819975,0.023615371728779082,0.3006009483843433,0.0987125,0.9012875
0.1,0.9,0.0,0.001,-0.00099,0.0,0,unit_total_var,0.3139240506329114,0.9627062766496012,0.99685,0.9627065904100196,0.9627062766496012,1.4154306403058037e-06,8.965822937412327e-07,0.0052276991291029815,0.005430211951350683,0.02358311086036691,0.3006009483843433,0.0987125,0.9012875
0.1,0.9,0.0,0.001,-0.00099,0.0,0,unit_total_var,0.320126582278481,0.9549192333079566,0.9968125,0.954919578671903,0.9549192333079566,1.5707048705015938e-06,9.455122333967836e-07,0.005177906964197278,0.005422350690602783,0.023548969838730744,0.3006009483843433,0.0987125,0.9012875
0.1,0.9,0.0,0.001,-0.00099,0.0,0,unit_total_var,0.3263291139240506,0.947105419203838,0.9967375,0.9471057691264512,0.947105419203838,1.6045672298903304e-06,9.980059072489669e-07,0.005127687017702209,0.005414061532888999,0.023512970484183528,0.3006009483843433,0.0987125,0.9012875
0.1,0.9,0.0,0.001,-0.00099,0.0,0,unit_total_var,0.3325316455696203,0.9392649960059256,0.9966125,0.939265349252534,0.9392649960059256,1.6333305790650066e-06,8.888281186614222e-07,0.005077069483844919,0.005405364306595418,0.02347519891031187,0.3006009483843433,0.0987125,0.9012875
0.1,0.9,0.0,0.001,-0.00099,0.0,0,unit_total_var,0.3387341772151899,0.9313979127154132,0.9966125,0.9313983027710712,0.9313979127154132,1.818760619609616e-06,9.414356960668614e-07,0.00502609000118038,0.005396286520040863,0.023435774584226483,0.3006009483843433,0.0987125,0.9012875
0.1,0.9,0.0,0.001,-0.00099,0.0,0,unit_total_var,0.3449367088607595,0.9235041104424968,0.99665,0.9235045078936986,0.9235041104424968,1.8690856347647331e-06,9.98082839043235e-07,0.004974783855219973,0.005386856213164343,0.023394819281835202,0.3006009483843433,0.0987125,0.9012875
0.1,0.9,0.0,0.001,-0.00099,0.0,0,unit_total_var,0.3511392405063291,0.9155834352623858,0.99675,0.915583838876096,0.9155834352623858,1.9144860177733314e-06,8.972708407384289e-07,0.004923178955353891,0.005377094829094431,0.0233524261294622,0.3006009483843433,0.0987125,0.9012875
0.1,0.9,0.0,0.001,-0.00099,0.0,0,unit_total_var,0.3573417721518987,0.9076355101136379,0.9970125,0.9076359573760452,0.9076355101136379,2.140105200720832e-06,9.547004089505151e-07,0.004871290772168056,0.005367012107710682,0.0233086374268669,0.3006009483843433,0.0987125,0.9012875
0.1,0.9,0.0,0.001,-0.00099,0.0,0,unit_total_var,0.3635443037974684,0.8996599562655895,0.9972125,0.8996603778835314,0.8996599562655895,2.0352834584902446e-06,8.643423639043135e-07,0.0048191229683267,0.00535660494252791,0.02326343968275556,0.3006009483843433,0.0987125,0.9012875
0.1,0.9,0.0,0.001,-0.00099,0.0,0,unit_total_var,0.369746835443038,0.8916560988770632,0.9972125,0.8916565676737549,0.8916560988770632,2.28334402768704e-06,9.232436788408905e-07,0.004766667506989456,0.005345858692597422,0.023216769312295927,0.3006009483843433,0.0987125,0.9012875
0.1,0.9,0.0,0.001,-0.00099,0.0,0,unit_total_var,0.3759493670886076,0.8836232111240478,0.9970375,0.8836237329064157,0.8836232111240478,2.564522223469368e-06,9.87353837356153e-07,0.004713911018639725,0.005334752368764972,0.023168535160749286,0.3006009483843433,0.0987125,0.9012875
0.1,0.9,0.0,0.001,-0.00099,0.0,0,unit_total_var,0.3821518987341772,0.8755604373848098,0.9972125,0.8755609340668191,0.8755604373848098,2.4636356951157623e-06,9.032043752910113e-07,0.004660839653683442,0.005323264339815069,0.02311864328494041,0.3006009483843433,0.0987125,0.9012875
0.1,0.9,0.0,0.001,-0.00099,0.0,0,unit_total_var,0.3883544303797468,0.8674666972644396,0.9973125,0.8674672522572664,0.8674666972644396,2.7785532958901626e-06,9.700302445736495e-07,0.004607442882577481,0.005311377251838109,0.023067018317797488,0.3006009483843433,0.0987125,0.9012875
0.1,0.9,0.0,0.001,-0.00099,0.0,0,unit_total_var,0.3945569620253165,0.8593410169262333,0.9974,0.8593415491465461,0.8593410169262333,2.689738635597294e-06,8.941970408571366e-07,0.0045537181180660006,0.005299081538495789,0.023013618713241143,0.3006009483843433,0.0987125,0.9012875
0.1,0.9,0.0,0.001,-0.00099,0.0,0,unit_total_var,0.4007594936708861,0.8511822728402174,0.997325,0.8511828593163591,0.8511822728402174,2.992346908703425e-06,9.300648393661959e-07,0.004499668651739612,0.005286374957886702,0.022958434734817297,0.3006009483843433,0.0987125,0.9012875
0.1,0.9,0.0,0.001,-0.00099,0.0,0,unit_total_var,0.4069620253164557,0.842989557367286,0.9972375,0.8429895618876541,0.842989557367286,2.3288199590965064e-08,8.95590671401436e-07,0.0044453044029718275,0.005273261529899393,0.022901483840680057,0.2978966778088433,0.0987125,0.9012875
0.1,0.9,0.0,0.001,-0.00099,0.0,0,unit_total_var,0.4131645569620253,0.8347620472399775,0.9973375,0.8347626962233199,0.8347620472399775,3.3764085929366416e-06,9.692961953078336e-07,0.004390638709657629,0.005259748840013336,0.02284279897414821,0.2978966778088433,0.0987125,0.9012875
0.1,0.9,0.0,0.001,-0.00099,0.0,0,unit_total_var,0.4193670886075949,0.8264993724785902,0.99775,0.8265000031558025,0.8264993724785902,3.31397140507228e-06,9.059920063059224e-07,0.004335688739736625,0.005245846378242638,0.02278242134982936,0.2978966778088433,0.0987125,0.9012875
0.1,0.9,0.0,0.001,-0.00099,0.0,0,unit_total_var,0.4255696202531646,0.8182014053400357,0.997725,0.8182021164138543,0.8182014053400357,3.7743188832095598e-06,9.827560578656858e-07,0.004280471440093708,0.0052315620728062544,0.02272038539954094,0.2978966778088433,0.0987125,0.9012875
0.1,0.9,0.0,0.001,-0.00099,0.0,0,unit_total_var,0.4317721518987342,0.8098686860570719,0.9974625,0.8098693801147515,0.8098686860570719,3.721903271913796e-06,9.231407582799278e-07,0.0042250032320755426,0.005216899115639846,0.022656704985683392,0.2978966778088433,0.0987125,0.9012875
0.1,0.9,0.0,0.001,-0.00099,0.0,0,unit_total_var,0.4379746835443038,0.8015020942713523,0.997625,0.801502773356012,0.8015020942713523,3.6796235173275353e-06,8.695535647085251e-07,0.004169294439366569,0.005201850961046939,0.02259135168065813,0.2978966778088433,0.0987125,0.9012875
0.1,0.9,0.0,0.001,-0.00099,0.0,0,unit_total_var,0.4441772151898734,0.7931029774745988,0.9971625,0.7931037434123679,0.7931029774745988,4.1941890960295325e-06,9.446067712470808e-07,0.0041133490013134134,0.005186399645618723,0.02252424747037192,0.2978966778088433,0.0987125,0.9012875
0.1,0.9,0.0,0.001,-0.00099,0.0,0,unit_total_var,0.450379746835443,0.7846732622198311,0.99745,0.7846740131456772,0.7846732622198311,4.156160416268762e-06,8.923372294411536e-07,0.004057167969991575,0.00517051894761126,0.022455278475237785,0.2978966778088433,0.0987125,0.9012875
0.1,0.9,0.0,0.001,-0.00099,0.0,0,unit_total_var,0.4565822784810127,0.7762150139297118,0.9973375,0.7762158593408284,0.7762150139297118,4.730096382132842e-06,9.68476869145363e-07,0.00400075303811777,0.005154181465601036,0.022384325692385444,0.2978966778088433,0.0987125,0.9012875
0.1,0.9,0.0,0.001,-0.00099,0.0,0,unit_total_var,0.4627848101265823,0.7677307203153363,0.9975125,0.7677315502408842,0.7677307203153363,4.6947696830113026e-06,9.169536661080002e-07,0.003944116821299857,0.005137370066004208,0.022311314711605714,0.2978966778088433,0.0987125,0.9012875
0.1,0.9,0.0,0.001,-0.00099,0.0,0,unit_total_var,0.4689873417721519,0.7592226823921896,0.9976,0.7592236149885453,0.7592226823921896,5.334682587454509e-06,9.942465752921237e-07,0.0038872859248200243,0.0051200866556987005,0.02223625381436421,0.2978966778088433,0.0987125,0.9012875
0.1,0.9,0.0,0.001,-0.00099,0.0,0,unit_total_var,0.4751898734177215,0.7506933267172231,0.9975125,0.7506942437669852,0.7506933267172231,5.3053543156433855e-06,9.437331918160652e-07,0.003830307464063368,0.005102359815576457,0.022159267125897487,0.2978966778088433,0.0987125,0.9012875
0.1,0.9,0.0,0.001,-0.00099,0.0,0,unit_total_var,0.4813924050632911,0.7421447254002441,0.997675,0.7421456288603507,0.7421447254002441,5.286940493842707e-06,8.97795892296216e-07,0.0037732464501277507,0.005084246132845331,0.02208060040132674,0.2978966778088433,0.0987125,0.9012875
0.1,0.9,0.0,0.001,-0.00099,0.0,0,unit_total_var,0.4875949367088608,0.7335787824750418,0.9978,0.7335797969138993,0.7335787824750418,6.00569296627107e-06,9.7377732011239e-07,0.0037161847559287337,0.0050658291170726,0.02200061631809452,0.2978966778088433,0.0987125,0.9012875
0.1,0.9,0.0,0.001,-0.00099,0.0,0,unit_total_var,0.4937974683544304,0.7249974791114501,0.9978,0.7249984809063029,0.7249974791114501,6.001037087477456e-06,9.291640108433087e-07,0.0036592190704453267,0.005047216267468999,0.021919781739341133,0.2978966778088433,0.0987125,0.9012875
0.1,0.9,0.0,0.001,-0.00099,0.0,0,unit_total_var,0.5,0.7164025539396118,0.99775,0.7164035638673799,0.7164025539396118,6.122336460467892e-06,9.215647593929787e-07,0.00360245557170974,0.00502853535613359,0.021838651572242213,0.2978966778088433,0.0987125,0.9012875
0.1,0.9,0.0,0.001,-0.001,0.0,0,unit_total_var,0.01,1.0071747030711666,0.0,1.0071747030711666,1.0071747030711666,0.0,7.622315933986101e-07,0.004355886500194739,0.004324856935854705,0.01878261502262704,0.2978738847674211,0.0987125,0.9012875
0.1,0.9,0.0,0.001,-0.001,0.0,0,unit_total_var,0.016202531645569618,1.0071747030711666,0.0,1.0071747030711666,1.0071747030711666,0.0,9.222060981528557e-07,0.004355886500194739,0.004324856935854705,0.01878261502262704,0.2978738847674211,0.0987125,0.9012875
0.1,0.9,0.0,0.001,-0.001,0.0,0,unit_total_var,0.02240506329113924,1.0071747030711666,0.0,1.0071747030711666,1.0071747030711666,0.0,9.756589207654542e-07,0.004355886500194739,0.004324856935854705,0.01878261502262704,0.2978738847674211,0.0987125,0.9012875
0.1,0.9,0.0,0.001,-0.001,0.0,0,unit_total_var,0.028607594936708863,1.0071747030711666,0.0,1.0071747030711666,1.0071747030711666,0.0,9.82374380953388e-07,0.004355886500194739,0.004324856935854705,0.01878261502262704,0.2978738847674211,0.0987125,0.9012875
0.1,0.9,0.0,0.001,-0.001,0.0,0,unit_total_var,0.03481012658227848,1.0071747030711666,0.0,1.0071747030711666,1.0071747030711666,0.0,8.430558295913215e-07,0.004355886500194739,0.004324856935854705,0.01878261502262704,0.2978738847674211,0.0987125,0.9012875
0.1,0.9,0.0,0.001,-0.001,0.0,0,unit_total_var,0.0410126582278481,1.0071747030711666,0.0,1.0071747030711666,1.0071747030711666,0.0,7.840766187428018e-07,0.004355886500194739,0.004324856935854705,0.01878261502262704,0.2978738847674211,0.0987125,0.9012875
0.1,0.9,0.0,0.001,-0.001,0.0,0,unit_total_var,0.047215189873417725,1.0071747030711666,0.0,1.0071747030711666,1.0071747030711666,0.0,7.707634281928222e-07,0.004355886500194739,0.004324856935854705,0.01878261502262704,0.2978738847674211,0.0987125,0.9012875
0.1,0.9,0.0,0.001,-0.001,0.0,0,unit_total_var,0.05341772151898734,1.0071747030711666,0.0,1.0071747030711666,1.0071747030711666,0.0,7.890279647426723e-07,0.004355886500194739,0.004324856935854705,0.01878261502262704,0.2978738847674211,0.0987125,0.9012875
0.1,0.9,0.0,0.001,-0.001,0.0,0,unit_total_var,0.05962025316455696,1.0071747030711666,0.0,1.0071747030711666,1.0071747030711666,0.0,8.331420495721885e-07,0.004355886500194739,0.004324856935854705,0.01878261502262704,0.2978738847674211,0.0987125,0.9012875
0.1,0.9,0.0,0.001,-0.001,0.0,0,unit_total_var,0.06582278481012659,1.0071747030711666,0.0,1.0071747030711666,1.0071747030711666,0.0,9.015024282632569e-07,0.004355886500194739,0.004324856935854705,0.01878261502262704,0.2978738847674211,0.0987125,0.9012875
0.1,0.9,0.0,0.001,-0.001,0.0,0,unit_total_var,0.0720253164556962,1.0071747030711666,0.0,1.0071747030711666,1.0071747030711666,0.0,9.949798318587e-07,0.004355886500194739,0.004324856935854705,0.01878261502262704,0.2978738847674211,0.0987125,0.9012875
0.1,0.9,0.0,0.001,-0.001,0.0,0,unit_total_var,0.07822784810126583,1.0071747030711666,0.0,1.0071747030711666,1.0071747030711666,0.0,8.37199856107418e-07,0.004355886500194739,0.004324856935854705,0.01878261502262704,0.2978738847674211,0.0987125,0.9012875
0.1,0.9,0.0,0.001,-0.001,0.0,0,unit_total_var,0.08443037974683544,1.0071747030711666,0.0,1.0071747030711666,1.0071747030711666,0.0,9.522573058973194e-07,0.004355886500194739,0.004324856935854705,0.01878261502262704,0.2978738847674211,0.0987125,0.9012875
0.1,0.9,0.0,0.001,-0.001,0.0,0,unit_total_var,0.09063291139240506,1.0071747030711666,0.0,1.0071747030711666,1.0071747030711666,0.0,8.219204143955494e-07,0.004355886500194739,0.004324856935854705,0.01878261502262704,0.2978738847674211,0.0987125,0.9012875
0.1,0.9,0.0,0.001,-0.001,0.0,0,unit_total_var,0.09683544303797467,1.0071747030711666,0.0,1.0071747030711666,1.0071747030711666,0.0,9.555048663401069e-07,0.004355886500194739,0.004324856935854705,0.01878261502262704,0.2978738847674211,0.0987125,0.9012875
0.1,0.9,0.0,0.001,-0.001,0.0,0,unit_total_var,0.1030379746835443,1.0071747030711666,0.0,1.0071747030711666,1.0071747030711666,0.0,8.404686511198635e-07,0.004355886500194739,0.004324856935854705,0.01878261502262704,0.2978738847674211,0.0987125,0.9012875
0.1,0.9,0.0,0.001,-0.001,0.0,0,unit_total_var,0.10924050632911393,1.0071747030711666,0.0,1.0071747030711666,1.0071747030711666,0.0,9.292912643843464e-07,0.004355886500194739,0.004324856935854705,0.01878261502262704,0.29245119927647845,0.0987125,0.9012875
0.1,0.9,0.0,0.001,-0.001,0.0,0,unit_total_var,0.11544303797468355,1.0071747030711666,0.0,1.0071747030711666,1.0071747030711666,0.0,8.86625999285684e-07,0.004355886500194739,0.004324856935854705,0.01878261502262704,0.29245119927647845,0.0987125,0.9012875
0.1,0.9,0.0,0.001,-0.001,0.0,0,unit_total_var,0.12164556962025315,1.0071747030711666,0.0,1.0071747030711666,1.0071747030711666,0.0,7.962104433545392e-07,0.004355886500194739,0.004324856935854705,0.01878261502262704,0.29245119927647845,0.0987125,0.9012875
0.1,0.9,0.0,0.001,-0.001,0.0,0,unit_total_var,0.12784810126582274,1.0071747030711666,0.0,1.0071747030711666,1.0071747030711666,0.0,9.586058418165069e-07,0.004355886500194739,0.004324856935854705,0.01878261502262704,0.29245119927647845,0.0987125,0.9012875
0.1,0.9,0.0,0.001,-0.001,0.0,0,unit_total_var,0.1340506329113924,1.0071747030711666,0.0,1.0071747030711666,1.0071747030711666,0.0,8.69896332744702e-07,0.004355886500194739,0.004324856935854705,0.01878261502262704,0.29245119927647845,0.0987125,0.9012875
0.1,0.9,0.0,0.001,-0.001,0.0,0,unit_total_var,0.14025316455696205,1.0071747030711666,0.0,1.0071747030711666,1.0071747030711666,0.0,7.929560421615633e-07,0.004355886500194739,0.004324856935854705,0.01878261502262704,0.29245119927647845,0.0987125,0.9012875
0.1,0.9,0.0,0.001,-0.001,0.0,0,unit_total_var,0.14645569620253165,1.0071747030711666,0.0,1.0071747030711666,1.0071747030711666,0.0,9.677216343817465e-07,0.004355886500194739,0.004324856935854705,0.01878261502262704,0.29245119927647845,0.0987125,0.9012875
0.1,0.9,0.0,0.001,-0.001,0.0,0,unit_total_var,0.15265822784810126,1.0071747030711666,0.0,1.0071747030711666,1.0071747030711666,0.0,8.890842222442076e-07,0.004355886500194739,0.004324856935854705,0.01878261502262704,0.29245119927647845,0.0987125,0.9012875
0.1,0.9,0.0,0.001,-0.001,0.0,0,unit_total_var,0.1588607594936709,1.0071747030711666,0.0,1.0071747030711666,1.0071747030711666,0.0,8.19657723916123e-07,0.004355886500194739,0.004324856935854705,0.01878261502262704,0.29245119927647845,0.0987125,0.9012875
0.1,0.9,0.0,0.001,-0.001,0.0,0,unit_total_var,0.1650632911392405,1.0071747030711666,0.0,1.0071747030711666,1.0071747030711666,0.0,7.580576815158223e-07,0.004355886500194739,0.004324856935854705,0.01878261502262704,0.29245119927647845,0.0987125,0.9012875
0.1,0.9,0.0,0.001,-0.001,0.0,0,unit_total_var,0.17126582278481015,1.0071747030711666,0.0,1.0071747030711666,1.0071747030711666,0.0,9.375337652883785e-07,0.004355886500194739,0.004324856935854705,0.01878261502262704,0.29245119927647845,0.0987125,0.9012875
0.1,0.9,0.0,0.001,-0.001,0.0,0,unit_total_var,0.17746835443037975,1.0071747030711666,0.0,1.0071747030711666,1.0071747030711666,0.0,8.720000232997904e-07,0.004355886500194739,0.004324856935854705,0.01878261502262704,0.29245119927647845,0.0987125,0.9012875
0.1,0.9,0.0,0.001,-0.001,0.0,0,unit_total_var,0.18367088607594936,1.0071747030711666,0.0,1.0071747030711666,1.0071747030711666,0.0,8.131054665128091e-07,0.004355886500194739,0.004324856935854705,0.01878261502262704,0.29245119927647845,0.0987125,0.9012875
0.1,0.9,0.0,0.001,-0.001,0.0,0,unit_total_var,0.18987341772151897,1.0071747030711666,0.0,1.0071747030711666,1.0071747030711666,0.0,7.599825746495982e-07,0.004355886500194739,0.004324856935854705,0.01878261502262704,0.29245119927647845,0.0987125,0.9012875
0.1,0.9,0.0,0.001,-0.001,0.0,0,unit_total_var,0.1960759493670886,1.0071747030711666,0.0,1.0071747030711666,1.0071747030711666,0.0,9.492013912648644e-07,0.004355886500194739,0.004324856935854705,0.01878261502262704,0.29245119927647845,0.0987125,0.9012875
0.1,0.9,0.0,0.001,-0.001,0.0,0,unit_total_var,0.20227848101265825,1.0071747030711666,0.0,1.0071747030711666,1.0071747030711666,0.0,8.909900417464199e-07,0.004355886500194739,0.004324856935854705,0.01878261502262704,0.29245119927647845,0.0987125,0.9012875
0.1,0.9,0.0,0.001,-0.001,0.0,0,unit_total_var,0.20848101265822785,1.0071747030711666,0.0,1.0071747030711666,1.0071747030711666,0.0,8.656583547761444e-07,0.004355886500194739,0.004324856935854705,0.01878261502262704,0.29758761829874003,0.0987125,0.9012875
0.1,0.9,0.0,0.001,-0.001,0.0,0,unit_total_var,0.21468354430379746,1.0071747030711666,0.0,1.0071747030711666,1.0071747030711666,0.0,7.895535594215629e-07,0.004355886500194739,0.004324856935854705,0.01878261502262704,0.29758761829874003,0.0987125,0.9012875
0.1,0.9,0.0,0.001,-0.001,0.0,0,unit_total_var,0.2208860759493671,1.0071747030711666,0.0,1.0071747030711666,1.0071747030711666,0.0,9.936158269496786e-07,0.004355886500194739,0.004324856935854705,0.01878261502262704,0.29758761829874003,0.0987125,0.9012875
0.1,0.9,0.0,0.001,-0.001,0.0,0,unit_total_var,0.2270886075949367,1.0071747030711666,0.0,1.0071747030711666,1.0071747030711666,0.0,9.393380384636885e-07,0.004355886500194739,0.004324856935854705,0.01878261502262704,0.29758761829874003,0.0987125,0.9012875
0.1,0.9,0.0,0.001,-0.001,0.0,0,unit_total_var,0.23329113924050635,1.0071747030711666,0.0,1.0071747030711666,1.0071747030711666,0.0,8.893895149242327e-07,0.004355886500194739,0.004324856935854705,0.01878261502262704,0.29758761829874003,0.0987125,0.9012875
0.1,0.9,0.0,0.001,-0.001,0.0,0,unit_total_var,0.23949367088607595,1.0071747030711666,0.0,1.0071747030711666,1.0071747030711666,0.0,8.433217706382834e-07,0.004355886500194739,0.004324856935854705,0.01878261502262704,0.29758761829874003,0.0987125,0.9012875
0.1,0.9,0.0,0.001,-0.001,0.0,0,unit_total_var,0.2456962025316456,1.0071747030711666,0.0,1.0071747030711666,1.0071747030711666,0.0,8.007429297407498e-07,0.004355886500194739,0.004324856935854705,0.01878261502262704,0.29758761829874003,0.0987125,0.9012875
0.1,0.9,0.0,0.001,-0.001,0.0,0,unit_total_var,0.2518987341772152,1.0071747030711666,0.0,1.0071747030711666,1.0071747030711666,0.0,7.613093573333174e-07,0.004355886500194739,0.004324856935854705,0.01878261502262704,0.29758761829874003,0.0987125,0.9012875
0.1,0.9,0.0,0.001,-0.001,0.0,0,unit_total_var,0.2581012658227848,1.0071747030711666,0.0,1.0071747030711666,1.0071747030711666,0.0,9.662916222730191e-07,0.004355886500194739,0.004324856935854705,0.01878261502262704,0.29758761829874003,0.0987125,0.9012875
0.1,0.9,0.0,0.001,-0.001,0.0,0,unit_total_var,0.2643037974683544,1.0071747030711666,0.0,1.0071747030711666,1.0071747030711666,0.0,9.209388549535902e-07,0.004355886500194739,0.004324856935854705,0.01878261502262704,0.29758761829874003,0.0987125,0.9012875
0.1,0.9,0.0,0.001,-0.001,0.0,0,unit_total_var,0.2705063291139241,1.0071747030711666,0.0,1.0071747030711666,1.0071747030711666,0.0,8.787058138892688e-07,0.004355886500194739,0.004324856935854705,0.01878261502262704,0.29758761829874003,0.0987125,0.9012875
0.1,0.9,0.0,0.001,-0.001,0.0,0,unit_total_var,0.2767088607594937,1.0071747030711666,0.0,1.0071747030711666,1.0071747030711666,0.0,8.393127810535361e-07,0.004355886500194739,0.004324856935854705,0.01878261502262704,0.29758761829874003,0.0987125,0.9012875
0.1,0.9,0.0,0.001,-0.001,0.0,0,unit_total_var,0.2829113924050633,1.0071747030711666,0.0,1.0071747030711666,1.0071747030711666,0.0,8.025106996711885e-07,0.004355886500194739,0.004324856935854705,0.01878261502262704,0.29758761829874003,0.0987125,0.9012875
0.1,0.9,0.0,0.001,-0.001,0.0,0,unit_total_var,0.2891139240506329,1.0071747030711666,0.0,1.0071747030711666,1.0071747030711666,0.0,7.680772275975302e-07,0.004355886500194739,0.004324856935854705,0.01878261502262704,0.29758761829874003,0.0987125,0.9012875
0.1,0.9,0.0,0.001,-0.001,0.0,0,unit_total_var,0.2953164556962025,1.0071747030711666,0.0,1.0071747030711666,1.0071747030711666,0.0,9.810845003066506e-07,0.004355886500194739,0.004324856935854705,0.01878261502262704,0.29758761829874003,0.0987125,0.9012875
0.1,0.9,0.0,0.001,-0.001,0.0,0,unit_total_var,0.3015189873417722,1.0071747030711666,0.0,1.0071747030711666,1.0071747030711666,0.0,9.407208225731268e-07,0.004355886500194739,0.004324856935854705,0.01878261502262704,0.29758761829874003,0.0987125,0.9012875
0.1,0.9,0.0,0.001,-0.001,0.0,0,unit_total_var,0.3077215189873418,1.0071747030711666,0.0,1.0071747030711666,1.0071747030711666,0.0,7.819768588213094e-07,0.004355886500194739,0.004324856935854705,0.01878261502262704,0.29595384144857745,0.0987125,0.9012875
0.1,0.9,0.0,0.001,-0.001,0.0,0,unit_total_var,0.3139240506329114,1.0071747030711666,0.0,1.0071747030711666,1.0071747030711666,0.0,8.67122815328969e-07,0.004355886500194739,0.004324856935854705,0.01878261502262704,0.29595384144857745,0.0987125,0.9012875
0.1,0.9,0.0,0.001,-0.001,0.0,0,unit_total_var,0.320126582278481,1.0071747030711666,0.0,1.0071747030711666,1.0071747030711666,0.0,8.335213772525663e-07,0.004355886500194739,0.004324856935854705,0.01878261502262704,0.29595384144857745,0.0987125,0.9012875
0.1,0.9,0.0,0.001,-0.001,0.0,0,unit_total_var,0.3263291139240506,1.0071747030711666,0.0,1.0071747030711666,1.0071747030711666,0.0,8.018359261008356e-07,0.004355886500194739,0.004324856935854705,0.01878261502262704,0.29595384144857745,0.0987125,0.9012875
0.1,0.9,0.0,0.001,-0.001,0.0,0,unit_total_var,0.3325316455696203,1.0071747030711666,0.0,1.0071747030711666,1.0071747030711666,0.0,7.719235073366805e-07,0.004355886500194739,0.004324856935854705,0.01878261502262704,0.29595384144857745,0.0987125,0.9012875
0.1,0.9,0.0,0.001,-0.001,0.0,0,unit_total_var,0.3387341772151899,1.0071747030711666,0.0,1.0071747030711666,1.0071747030711666,0.0,9.915390153381054e-07,0.004355886500194739,0.004324856935854705,0.01878261502262704,0.29595384144857745,0.0987125,0.9012875
0.1,0.9,0.0,0.001,-0.001,0.0,0,unit_total_var,0.3449367088607595,1.0071747030711666,0.0,1.0071747030711666,1.0071747030711666,0.0,9.558799973774514e-07,0.004355886500194739,0.004324856935854705,0.01878261502262704,0.29595384144857745,0.0987125,0.9012875
0.1,0.9,0.0,0.001,-0.001,0.0,0,unit_total_var,0.3511392405063291,1.0071747030711666,0.0,1.0071747030711666,1.0071747030711666,0.0,9.221106243018084e-07,0.004355886500194739,0.004324856935854705,0.01878261502262704,0.29595384144857745,0.0987125,0.9012875
0.1,0.9,0.0,0.001,-0.001,0.0,0,unit_total_var,0.3573417721518987,1.0071747030711666,0.0,1.0071747030711666,1.0071747030711666,0.0,8.900996997240896e-07,0.004355886500194739,0.004324856935854705,0.01878261502262704,0.29595384144857745,0.0987125,0.9012875
0.1,0.9,0.0,0.001,-0.001,0.0,0,unit_total_var,0.3635443037974684,1.0071747030711666,0.0,1.0071747030711666,1.0071747030711666,0.0,8.597272169730275e-07,0.004355886500194739,0.004324856935854705,0.01878261502262704,0.29595384144857745,0.0987125,0.9012875
0.1,0.9,0.0,0.001,-0.001,0.0,0,unit_total_var,0.369746835443038,1.0071747030711666,0.0,1.0071747030711666,1.0071747030711666,0.0,8.308832368797425e-07,0.004355886500194739,0.004324856935854705,0.01878261502262704,0.29595384144857745,0.0987125,0.9012875
0.1,0.9,0.0,0.001,-0.001,0.0,0,unit_total_var,0.3759493670886076,1.0071747030711666,0.0,1.0071747030711666,1.0071747030711666,0.0,8.034668868006635e-07,0.004355886500194739,0.004324856935854705,0.01878261502262704,0.29595384144857745,0.0987125,0.9012875
0.1,0.9,0.0,0.001,-0.001,0.0,0,unit_total_var,0.3821518987341772,1.0071747030711666,0.0,1.0071747030711666,1.0071747030711666,0.0,7.773854848736049e-07,0.004355886500194739,0.004324856935854705,0.01878261502262704,0.29595384144857745,0.0987125,0.9012875
0.1,0.9,0.0,0.001,-0.001,0.0,0,unit_total_var,0.3883544303797468,1.0071747030711666,0.0,1.0071747030711666,1.0071747030711666,0.0,7.525537446539944e-07,0.004355886500194739,0.004324856935854705,0.01878261502262704,0.29595384144857745,0.0987125,0.9012875
0.1,0.9,0.0,0.001,-0.001,0.0,0,unit_total_var,0.3945569620253165,1.0071747030711666,0.0,1.0071747030711666,1.0071747030711666,0.0,9.71857450071667e-07,0.004355886500194739,0.004324856935854705,0.01878261502262704,0.29595384144857745,0.0987125,0.9012875
0.1,0.9,0.0,0.001,-0.001,0.0,0,unit_total_var,0.4007594936708861,1.0071747030711666,0.0,1.0071747030711666,1.0071747030711666,0.0,9.417746866802191e-07,0.004355886500194739,0.004324856935854705,0.01878261502262704,0.29595384144857745,0.0987125,0.9012875
0.1,0.9,0.0,0.001,-0.001,0.0,0,unit_total_var,0.4069620253164557,1.0071747030711666,0.0,1.0071747030711666,1.0071747030711666,0.0,7.88381854022191e-07,0.004355886500194739,0.004324856935854705,0.01878261502262704,0.2949667872633186,0.0987125,0.9012875
0.1,0.9,0.0,0.001,-0.001,0.0,0,unit_total_var,0.4131645569620253,1.0071747030711666,0.0,1.0071747030711666,1.0071747030711666,0.0,8.856530016032594e-07,0.004355886500194739,0.004324856935854705,0.01878261502262704,0.2949667872633186,0.0987125,0.9012875
0.1,0.9,0.0,0.001,-0.001,0.0,0,unit_total_var,0.4193670886075949,1.0071747030711666,0.0,1.0071747030711666,1.0071747030711666,0.0,8.594549947282816e-07,0.004355886500194739,0.004324856935854705,0.01878261502262704,0.2949667872633186,0.0987125,0.9012875
0.1,0.9,0.0,0.001,-0.001,0.0,0,unit_total_var,0.4255696202531646,1.0071747030711666,0.0,1.0071747030711666,1.0071747030711666,0.0,8.344024702289231e-07,0.004355886500194739,0.004324856935854705,0.01878261502262704,0.2949667872633186,0.0987125,0.9012875
0.1,0.9,0.0,0.001,-0.001,0.0,0,unit_total_var,0.4317721518987342,1.0071747030711666,0.0,1.0071747030711666,1.0071747030711666,0.0,8.104296052025006e-07,0.004355886500194739,0.004324856935854705,0.01878261502262704,0.2949667872633186,0.0987125,0.9012875
0.1,0.9,0.0,0.001,-0.001,0.0,0,unit_total_var,0.4379746835443038,1.0071747030711666,0.0,1.0071747030711666,1.0071747030711666,0.0,7.874752405712115e-07,0.004355886500194739,0.004324856935854705,0.01878261502262704,0.2949667872633186,0.0987125,0.9012875
0.1,0.9,0.0,0.001,-0.001,0.0,0,unit_total_var,0.4441772151898734,1.0071747030711666,0.0,1.0071747030711666,1.0071747030711666,0.0,7.654824862868281e-07,0.004355886500194739,0.004324856935854705,0.01878261502262704,0.2949667872633186,0.0987125,0.9012875
0.1,0.9,0.0,0.001,-0.001,0.0,0,unit_total_var,0.450379746835443,1.0071747030711666,0.0,1.0071747030711666,1.0071747030711666,0.0,9.925311612590806e-07,0.004355886500194739,0.004324856935854705,0.01878261502262704,0.2949667872633186,0.0987125,0.9012875
0.1,0.9,0.0,0.001,-0.001,0.0,0,unit_total_var,0.4565822784810127,1.0071747030711666,0.0,1.0071747030711666,1.0071747030711666,0.0,9.655646926454151e-07,0.004355886500194739,0.004324856935854705,0.01878261502262704,0.2949667872633186,0.0987125,0.9012875
0.1,0.9,0.0,0.001,-0.001,0.0,0,unit_total_var,0.4627848101265823,1.0071747030711666,0.0,1.0071747030711666,1.0071747030711666,0.0,9.396824878216135e-07,0.004355886500194739,0.004324856935854705,0.01878261502262704,0.2949667872633186,0.0987125,0.9012875
0.1,0.9,0.0,0.001,-0.001,0.0,0,unit_total_var,0.4689873417721519,1.0071747030711666,0.0,1.0071747030711666,1.0071747030711666,0.0,9.148271886694205e-07,0.004355886500194739,0.004324856935854705,0.01878261502262704,0.2949667872633186,0.0987125,0.9012875
0.1,0.9,0.0,0.001,-0.001,0.0,0,unit_total_var,0.4751898734177215,1.0071747030711666,0.0,1.0071747030711666,1.0071747030711666,0.0,8.909451785221735e-07,0.004355886500194739,0.004324856935854705,0.01878261502262704,0.2949667872633186,0.0987125,0.9012875
0.1,0.9,0.0,0.001,-0.001,0.0,0,unit_total_var,0.4813924050632911,1.0071747030711666,0.0,1.0071747030711666,1.0071747030711666,0.0,8.67986297059531e-07,0.004355886500194739,0.004324856935854705,0.01878261502262704,0.2949667872633186,0.0987125,0.9012875
0.1,0.9,0.0,0.001,-0.001,0.0,0,unit_total_var,0.4875949367088608,1.0071747030711666,0.0,1.0071747030711666,1.0071747030711666,0.0,8.459035720775887e-07,0.004355886500194739,0.004324856935854705,0.01878261502262704,0.2949667872633186,0.0987125,0.9012875
0.1,0.9,0.0,0.001,-0.001,0.0,0,unit_total_var,0.4937974683544304,1.0071747030711666,0.0,1.0071747030711666,1.0071747030711666,0.0,8.24652982345242e-07,0.004355886500194739,0.004324856935854705,0.01878261502262704,0.2949667872633186,0.0987125,0.9012875
0.1,0.9,0.0,0.001,-0.001,0.0,0,unit_total_var,0.5,1.0071747030711666,0.0,1.0071747030711666,1.0071747030711666,0.0,8.041932373359373e-07,0.004355886500194739,0.004324856935854705,0.01878261502262704,0.2949667872633186,0.0987125,0.9012875
0.1,0.9,0.0,0.001,0.00099,0.0,0,unit_total_var,0.01,1.1147523646204365,0.999675,1.1147523646204365,1.11475236503388,1.6107274958265805e-09,7.449489203281701e-07,0.0052098695624033685,0.004673566729035184,0.020297042412266098,0.29188505586442604,0.0987125,0.9012875
0.1,0.9,0.0,0.001,0.00099,0.0,0,unit_total_var,0.016202531645569618,1.193629703023516,0.9996875,1.1936297132615006,1.193629703023516,3.725024799727805e-08,9.362048132288693e-07,0.006587150257039716,0.005518587749914549,0.023966922076867708,0.29188505586442604,0.0987125,0.9012875
0.1,0.9,0.0,0.001,0.00099,0.0,0,unit_total_var,0.02240506329113924,1.2825818963652875,0.9997875,1.282581912845899,1.2825818963652875,5.580492379309021e-08,9.8404997572743e-07,0.008504727949389845,0.006630943391210665,0.02879782124615627,0.29188505586442604,0.0987125,0.9012875
0.1,0.9,0.0,0.001,0.00099,0.0,0,unit_total_var,0.028607594936708863,1.38102584259115,0.999775,1.3810258456074729,1.38102584259115,9.485501939465736e-09,8.118237673215846e-07,0.01078118667786201,0.007806650929597238,0.033903854208689715,0.29188505586442604,0.0987125,0.9012875
0.1,0.9,0.0,0.001,0.00099,0.0,0,unit_total_var,0.03481012658227848,1.4857789489036832,0.999825,1.4857789489036832,1.4857789635563956,4.283000576421614e-08,8.295292701632206e-07,0.01323403427617063,0.008907135402568244,0.03868319754900487,0.29188505586442604,0.0987125,0.9012875
0.1,0.9,0.0,0.001,0.00099,0.0,0,unit_total_var,0.0410126582278481,1.5886623865716107,0.9998875,1.5886623865716107,1.5886624313834783,1.2250272130032158e-07,7.391763361397351e-07,0.0156139563717053,0.009828366620676886,0.04268405389482082,0.29188505586442604,0.0987125,0.9012875
0.1,0.9,0.0,0.001,0.00099,0.0,0,unit_total_var,0.047215189873417725,1.6764836746559528,0.9999125,1.6764836746559528,1.6764837291370758,1.4113379709357332e-07,7.634500391873189e-07,0.017588995880157225,0.010491599856328351,0.04556443923940353,0.29188505586442604,0.0987125,0.9012875
0.1,0.9,0.0,0.001,0.00099,0.0,0,unit_total_var,0.05341772151898734,1.7380387099130803,0.9999375,1.7380387099130803,1.738038730534084,5.152697690746777e-08,8.192800962092406e-07,0.018902315859862698,0.010875658725005042,0.047232385713326434,0.29188505586442604,0.0987125,0.9012875
0.1,0.9,0.0,0.001,0.00099,0.0,0,unit_total_var,0.05962025316455696,1.7715556437212392,0.999925,1.7715556649512656,1.7715556437212392,5.204512376622006e-08,8.430688787086638e-07,0.01953455740239237,0.011026781728040487,0.047888704576395866,0.29188505586442604,0.0987125,0.9012875
0.1,0.9,0.0,0.001,0.00099,0.0,0,unit_total_var,0.06582278481012659,1.782623479992659,0.9999375,1.7826236133178983,1.782623479992659,3.2481572365128386e-07,8.860981672853541e-07,0.019637821318223395,0.011016247423322544,0.04784295467229896,0.29188505586442604,0.0987125,0.9012875
0.1,0.9,0.0,0.001,0.00099,0.0,0,unit_total_var,0.0720253164556962,1.7783365928190986,0.999975,1.7783365928190986,1.7783366067470765,3.401405557212911e-08,9.498260666873648e-07,0.019391928206345086,0.010904531956801349,0.04735778056576493,0.29188505586442604,0.0987125,0.9012875
0.1,0.9,0.0,0.001,0.00099,0.0,0,unit_total_var,0.07822784810126583,1.7643997674360121,0.9998875,1.7643997806517118,1.7643997674360121,3.2529507976164496e-08,8.59391597884951e-07,0.018938197631892917,0.010733507213851823,0.04661502954444593,0.29188505586442604,0.0987125,0.9012875
0.1,0.9,0.0,0.001,0.00099,0.0,0,unit_total_var,0.08443037974683544,1.7447347068967964,0.9999125,1.744734749956854,1.7447347068967964,1.0718388931962863e-07,8.282988588348418e-07,0.01837238584800449,0.01053018878765919,0.04573202883879879,0.29188505586442604,0.0987125,0.9012875
0.1,0.9,0.0,0.001,0.00099,0.0,0,unit_total_var,0.09063291139240506,1.7218746642330829,0.9999625,1.7218747186005143,1.7218746642330829,1.371265603289373e-07,8.796343387018624e-07,0.017755237147733038,0.010311573494021505,0.04478259468193373,0.29188505586442604,0.0987125,0.9012875
0.1,0.9,0.0,0.001,0.00099,0.0,0,unit_total_var,0.09683544303797467,1.6974131391483982,0.9999625,1.6974132060654177,1.6974131391483982,1.7121165729605534e-07,9.108575120819752e-07,0.017123865893515108,0.01008821335158643,0.04381255390856696,0.29188505586442604,0.0987125,0.9012875
0.1,0.9,0.0,0.001,0.00099,0.0,0,unit_total_var,0.1030379746835443,1.6723382149452362,0.99995,1.6723382880809528,1.6723382149452362,1.8992831218866968e-07,9.094768422812649e-07,0.016500235989710156,0.009866566369321702,0.04284995329528617,0.29188505586442604,0.0987125,0.9012875
0.1,0.9,0.0,0.001,0.00099,0.0,0,unit_total_var,0.10924050632911393,1.6472543781308713,0.9999375,1.6472543781308713,1.647254379078472,2.498325546440583e-09,9.192448171546629e-07,0.01589682334653858,0.009650496946668677,0.04191157571562385,0.29894174797239864,0.0987125,0.9012875
0.1,0.9,0.0,0.001,0.00099,0.0,0,unit_total_var,0.11544303797468355,1.6225240349332286,0.99995,1.6225241276798892,1.6225240349332286,2.482512488910516e-07,9.182283484676643e-07,0.015320240008915015,0.009442226850923344,0.04100707018234726,0.29894174797239864,0.0987125,0.9012875
0.1,0.9,0.0,0.001,0.00099,0.0,0,unit_total_var,0.12164556962025315,1.5983567725679528,0.999925,1.598356872629538,1.5983567725679528,2.7188043194570355e-07,9.17070291706068e-07,0.014773512341795412,0.00924293786928433,0.04014156913204784,0.29894174797239864,0.0987125,0.9012875
0.1,0.9,0.0,0.001,0.00099,0.0,0,unit_total_var,0.12784810126582274,1.5748656753866663,0.9998875,1.5748657809932078,1.5748656753866663,2.912269749799634e-07,9.027505729619635e-07,0.01425750305745711,0.00905315499619138,0.0393173525866077,0.29894174797239864,0.0987125,0.9012875
0.1,0.9,0.0,0.001,0.00099,0.0,0,unit_total_var,0.1340506329113924,1.5521030093337824,0.9998875,1.5521031192054942,1.5521030093337824,3.074324064211709e-07,8.809254872232941e-07,0.013771796614311485,0.008872991374601371,0.03853491191964524,0.29894174797239864,0.0987125,0.9012875
0.1,0.9,0.0,0.001,0.00099,0.0,0,unit_total_var,0.14025316455696205,1.5300829660865642,0.9999375,1.5300830793388636,1.5300829660865642,3.214521560046535e-07,8.55368972096926e-07,0.01331525026231972,0.0087023060562367,0.03779363500056847,0.29894174797239864,0.0987125,0.9012875
0.1,0.9,0.0,0.001,0.00099,0.0,0,unit_total_var,0.14645569620253165,1.5087962209271435,0.999925,1.50879634854343,1.5087962209271435,3.6733288366619377e-07,9.99477773433455e-07,0.012886336216076086,0.00854080626484969,0.03709225031828943,0.29894174797239864,0.0987125,0.9012875
0.1,0.9,0.0,0.001,0.00099,0.0,0,unit_total_var,0.15265822784810126,1.4882193477304708,0.9999875,1.488219478010688,1.4882193477304708,3.801857360041794e-07,9.666236611138856e-07,0.012483354014520193,0.008388114314974644,0.03642911760567163,0.29894174797239864,0.0987125,0.9012875
0.1,0.9,0.0,0.001,0.00099,0.0,0,unit_total_var,0.1588607594936709,1.4683207863022902,0.9999875,1.4683209318113222,1.4683207863022902,4.303812020101106e-07,9.353671490686114e-07,0.012104557904816972,0.008243810220313091,0.03580241288539605,0.29894174797239864,0.0987125,0.9012875
0.1,0.9,0.0,0.001,0.00099,0.0,0,unit_total_var,0.1650632911392405,1.4490647742869227,0.99995,1.4490649224301206,1.4490647742869227,4.4399512888482207e-07,9.06373875508848e-07,0.011748233578745451,0.008107459229713659,0.0352102480572023,0.29894174797239864,0.0987125,0.9012875
0.1,0.9,0.0,0.001,0.00099,0.0,0,unit_total_var,0.17126582278481015,1.4304138279973406,0.999975,1.4304139788787058,1.4304138279973406,4.5809778659311457e-07,8.800035633527159e-07,0.011412740102668451,0.007978628197860004,0.03465074199488286,0.29894174797239864,0.0987125,0.9012875
0.1,0.9,0.0,0.001,0.00099,0.0,0,unit_total_var,0.17746835443037975,1.4123303265686384,0.9999125,1.41233048039359,1.4123303265686384,4.7301486616468935e-07,8.564198017424474e-07,0.01109653076502599,0.00785689477615753,0.03412206046179698,0.29894174797239864,0.0987125,0.9012875
0.1,0.9,0.0,0.001,0.00099,0.0,0,unit_total_var,0.18367088607594936,1.3947775027086131,0.999975,1.394777659764333,1.3947775027086131,4.890273086477492e-07,8.356629326300434e-07,0.010798160866044095,0.007741851904747828,0.033622435619441615,0.29894174797239864,0.0987125,0.9012875
0.1,0.9,0.0,0.001,0.00099,0.0,0,unit_total_var,0.18987341772151897,1.3777200288903253,0.9999625,1.3777202051226152,1.3777200288903253,5.555316360261743e-07,9.807799692396202e-07,0.010516287690163424,0.0076331093906166795,0.03315017288108716,0.29894174797239864,0.0987125,0.9012875
0.1,0.9,0.0,0.001,0.00099,0.0,0,unit_total_var,0.1960759493670886,1.3611244254537989,0.9999625,1.361124606010116,1.3611244254537989,5.761016810268416e-07,9.616915965793282e-07,0.010249667699789371,0.007530294444883045,0.032703653245194184,0.29894174797239864,0.0987125,0.9012875
0.1,0.9,0.0,0.001,0.00099,0.0,0,unit_total_var,0.20227848101265825,1.3449591411502284,0.9998875,1.344959347991016,1.3449591411502284,6.678998865083939e-07,9.873916937408469e-07,0.009997149461371237,0.007433050681986912,0.03228132894894119,0.29894174797239864,0.0987125,0.9012875
0.1,0.9,0.0,0.001,0.00099,0.0,0,unit_total_var,0.20848101265822785,1.3291947026359043,0.9999875,1.3291947026359043,1.3291947026419102,1.9623191960249642e-11,9.328496375360372e-07,0.009757668904858149,0.007341038062751736,0.03188172322094816,0.29560056078721025,0.0987125,0.9012875
0.1,0.9,0.0,0.001,0.00099,0.0,0,unit_total_var,0.21468354430379746,1.3138036489164082,0.999925,1.313803863619336,1.3138036489164082,7.097277374690236e-07,9.226993755717673e-07,0.009530242530340086,0.007253932152038386,0.03150342705730851,0.29560056078721025,0.0987125,0.9012875
0.1,0.9,0.0,0.001,0.00099,0.0,0,unit_total_var,0.2208860759493671,1.2987605204495156,0.99995,1.2987607422877452,1.2987605204495156,7.418081249266352e-07,9.153214959312096e-07,0.009313962510082152,0.007171424110473027,0.031145099185663713,0.29560056078721025,0.0987125,0.9012875
0.1,0.9,0.0,0.001,0.00099,0.0,0,unit_total_var,0.2270886075949367,1.2840417529451198,0.999925,1.2840419826733662,1.2840417529451198,7.769973258131556e-07,9.105347462678991e-07,0.009107991189312051,0.007093220425598831,0.030805464897610067,0.29560056078721025,0.0987125,0.9012875
0.1,0.9,0.0,0.001,0.00099,0.0,0,unit_total_var,0.23329113924050635,1.2696255786974433,0.999925,1.2696258171246984,1.2696255786974433,8.155761290762342e-07,9.082263190407501e-07,0.008911556254070689,0.007019042782056573,0.030483315484900183,0.29560056078721025,0.0987125,0.9012875
0.1,0.9,0.0,0.001,0.00099,0.0,0,unit_total_var,0.23949367088607595,1.2554919130774382,0.999975,1.2554921610697385,1.2554919130774382,8.578444488094306e-07,9.082985439334835e-07,0.008723946023684804,0.006948627810991495,0.030177507151130774,0.29560056078721025,0.0987125,0.9012875
0.1,0.9,0.0,0.001,0.00099,0.0,0,unit_total_var,0.2456962025316456,1.2416222358956712,0.99995,1.2416224943805385,1.2416222358956712,9.041279753763121e-07,9.106699687677632e-07,0.008544504872725015,0.006881726684414001,0.029886959250073605,0.29560056078721025,0.0987125,0.9012875
0.1,0.9,0.0,0.001,0.00099,0.0,0,unit_total_var,0.2518987341772152,1.2279994714432272,0.9999625,1.2279997414152914,1.2279994714432272,9.547835134737779e-07,9.152760442887596e-07,0.008372628768906692,0.0068181045379983925,0.029610651778922213,0.29560056078721025,0.0987125,0.9012875
0.1,0.9,0.0,0.001,0.00099,0.0,0,unit_total_var,0.2581012658227848,1.2146078700722545,0.99995,1.2146081526000605,1.2146078700722545,1.0102046578142063e-06,9.220694572320555e-07,0.008207760954372138,0.006757539743163262,0.02934762221697721,0.29560056078721025,0.0987125,0.9012875
0.1,0.9,0.0,0.001,0.00099,0.0,0,unit_total_var,0.2643037974683544,1.2014328936403595,0.9999125,1.2014331898743331,1.2014328936403595,1.0708277172755132e-06,9.310201241063965e-07,0.008049387827203514,0.006699823077769868,0.02909696192403515,0.29560056078721025,0.0987125,0.9012875
0.1,0.9,0.0,0.001,0.00099,0.0,0,unit_total_var,0.2705063291139241,1.1884611067658808,0.999975,1.188461417947415,1.1884611067658808,1.1371378059177315e-06,9.421148847721384e-07,0.007897035095585923,0.006644756862995591,0.02885781239187746,0.29560056078721025,0.0987125,0.9012875
0.1,0.9,0.0,0.001,0.00099,0.0,0,unit_total_var,0.2767088607594937,1.1756800754402152,0.999975,1.1756804029118273,1.1756800754402152,1.2096751255130658e-06,9.553569295661646e-07,0.007750264278139411,0.006592154141284944,0.0286293616741572,0.29560056078721025,0.0987125,0.9012875
0.1,0.9,0.0,0.001,0.00099,0.0,0,unit_total_var,0.2829113924050633,1.163078274029251,0.999975,1.1630785921918272,1.163078274029251,1.1880217817283878e-06,9.707650692192258e-07,0.007608669610238611,0.0065418379657973535,0.02841084130050984,0.29560056078721025,0.0987125,0.9012875
0.1,0.9,0.0,0.001,0.00099,0.0,0,unit_total_var,0.2891139240506329,1.1506450010812033,0.99995,1.1506453372380985,1.1506450010812033,1.2687758872420574e-06,9.883721658887623e-07,0.007471875388510703,0.006493640854902908,0.028201523907458476,0.29560056078721025,0.0987125,0.9012875
0.1,0.9,0.0,0.001,0.00099,0.0,0,unit_total_var,0.2953164556962025,1.1383703327368149,0.999975,1.1383706594878356,1.1383703327368149,1.2465727601274068e-06,8.54393857441238e-07,0.007339534060900412,0.006447404548267749,0.02800072217910611,0.29560056078721025,0.0987125,0.9012875
0.1,0.9,0.0,0.001,0.00099,0.0,0,unit_total_var,0.3015189873417722,1.1262449313850975,0.9999625,1.1262452870747086,1.1262449313850975,1.371584515741375e-06,9.20869156484372e-07,0.007211323050322061,0.006402979360318461,0.0278077860392672,0.29560056078721025,0.0987125,0.9012875
0.1,0.9,0.0,0.001,0.00099,0.0,0,unit_total_var,0.3077215189873418,1.1142601934564784,0.999975,1.1142601934564784,1.1142601999552328,2.532957027456817e-08,9.280163641989249e-07,0.007086945482896244,0.0063602249497150785,0.02762210599324645,0.2965695066109778,0.0987125,0.9012875
0.1,0.9,0.0,0.001,0.00099,0.0,0,unit_total_var,0.3139240506329114,1.1024080236778768,0.9999625,1.1024084153350724,1.1024080236778768,1.5429362347774143e-06,9.199766655143549e-07,0.0069661269978223425,0.006319009702579815,0.027443110449235215,0.2965695066109778,0.0987125,0.9012875
0.1,0.9,0.0,0.001,0.00099,0.0,0,unit_total_var,0.320126582278481,1.090680838524013,0.9999625,1.0906812558442869,1.090680838524013,1.6617130433882461e-06,9.462433103735179e-07,0.006848615093608014,0.006279210976949085,0.027270266779953138,0.2965695066109778,0.0987125,0.9012875
0.1,0.9,0.0,0.001,0.00099,0.0,0,unit_total_var,0.3263291139240506,1.0790715389867398,0.99995,1.0790719843052166,1.0790715389867398,1.792275213075012e-06,9.748884552962522e-07,0.006734178070724324,0.006240715121675614,0.027103081404739,0.2965695066109778,0.0987125,0.9012875
0.1,0.9,0.0,0.001,0.00099,0.0,0,unit_total_var,0.3325316455696203,1.0675734788602524,0.999975,1.067573884907415,1.0675734788602524,1.6518208071358842e-06,8.584036086389802e-07,0.006622603813115995,0.0062034173237296274,0.026941099126388156,0.2965695066109778,0.0987125,0.9012875
0.1,0.9,0.0,0.001,0.00099,0.0,0,unit_total_var,0.3387341772151899,1.056180295878525,0.999975,1.0561807309308222,1.056180295878525,1.7889064393150631e-06,8.883083726374252e-07,0.006513697109573117,0.006167220819202143,0.026783899704583426,0.2965695066109778,0.0987125,0.9012875
0.1,0.9,0.0,0.001,0.00099,0.0,0,unit_total_var,0.3449367088607595,1.0448860767827342,0.9999875,1.0448865435722754,1.0448860767827342,1.94015482832266e-06,9.207055469140356e-07,0.0064072801521681795,0.006132037065606782,0.026631098604192337,0.2965695066109778,0.0987125,0.9012875
0.1,0.9,0.0,0.001,0.00099,0.0,0,unit_total_var,0.3511392405063291,1.0336851932655042,0.999975,1.0336856948069948,1.0336851932655042,2.1071855374754644e-06,9.55760957932483e-07,0.0063031896950841325,0.006097784640961908,0.026482342214041582,0.2965695066109778,0.0987125,0.9012875
0.1,0.9,0.0,0.001,0.00099,0.0,0,unit_total_var,0.3573417721518987,1.0225723062709826,0.999975,1.0225728070731177,1.0225723062709826,2.1269454414524214e-06,9.936564095980316e-07,0.006201275864168469,0.006064388626739443,0.026337305167097785,0.2965695066109778,0.0987125,0.9012875
0.1,0.9,0.0,0.001,0.00099,0.0,0,unit_total_var,0.3635443037974684,1.0115423825565228,0.9999375,1.0115428816565666,1.0115423825565228,2.142830049241262e-06,8.881586701647848e-07,0.006101401104108894,0.006031779991945082,0.02619568766556189,0.2965695066109778,0.0987125,0.9012875
0.1,0.9,0.0,0.001,0.00099,0.0,0,unit_total_var,0.369746835443038,1.0005905143018463,0.999975,1.0005910534316738,1.0005905143018463,2.340028638769722e-06,9.272710510543901e-07,0.006003437427392033,0.005999894403936939,0.026057210316320124,0.2965695066109778,0.0987125,0.9012875
0.1,0.9,0.0,0.001,0.00099,0.0,0,unit_total_var,0.3759493670886076,0.9897121395190516,0.99995,0.9897127226679112,0.9897121395190516,2.558908263325388e-06,9.69505132175641e-07,0.005907267536047842,0.0059686724050070404,0.02592161489782769,0.2965695066109778,0.0987125,0.9012875
0.1,0.9,0.0,0.001,0.00099,0.0,0,unit_total_var,0.3821518987341772,0.9789029187539564,0.9999875,0.9789034630247904,0.9789029187539564,2.414680246726197e-06,8.747497872718668e-07,0.005812782942324611,0.005938058648066645,0.025788661040732276,0.2965695066109778,0.0987125,0.9012875
0.1,0.9,0.0,0.001,0.00099,0.0,0,unit_total_var,0.3883544303797468,0.9681585956505582,0.9999875,0.9681591866572392,0.9681585956505582,2.651124135083505e-06,9.183384874766888e-07,0.005719882219557534,0.00590800127711931,0.0256581235373028,0.2965695066109778,0.0987125,0.9012875
0.1,0.9,0.0,0.001,0.00099,0.0,0,unit_total_var,0.3945569620253165,0.9574752439138078,0.9999625,0.9574758864780102,0.9574752439138078,2.914560930017407e-06,9.6539638416715e-07,0.005628472853122282,0.005878452616816647,0.02552979533613201,0.2965695066109778,0.0987125,0.9012875
0.1,0.9,0.0,0.001,0.00099,0.0,0,unit_total_var,0.4007594936708861,0.9468491343924296,0.9999875,0.9468497553232924,0.9468491343924296,2.848043570563563e-06,9.252014354643734e-07,0.005538469801164988,0.005849368817049078,0.025403485998613654,0.2965695066109778,0.0987125,0.9012875
0.1,0.9,0.0,0.001,0.00099,0.0,0,unit_total_var,0.4069620253164557,0.9362766495669748,0.99995,0.9362766495669748,0.9362766736615552,1.1176336772722449e-07,9.957113538128228e-07,0.005449794590459274,0.005820709715424163,0.02527902110169361,0.3007103427812473,0.0987125,0.9012875
0.1,0.9,0.0,0.001,0.00099,0.0,0,unit_total_var,0.4131645569620253,0.9257545215667664,0.9999875,0.925755242987802,0.9257545215667664,3.3843642721076432e-06,9.802273321923849e-07,0.005362377184426626,0.005792439636536937,0.02515624570905669,0.3007103427812473,0.0987125,0.9012875
0.1,0.9,0.0,0.001,0.00099,0.0,0,unit_total_var,0.4193670886075949,0.9152796303227384,0.9999625,0.9152803156339528,0.9152796303227384,3.251757795530441e-06,9.005956593810537e-07,0.0052761540277221405,0.005764526875640951,0.025035022128738576,0.3007103427812473,0.0987125,0.9012875
0.1,0.9,0.0,0.001,0.00099,0.0,0,unit_total_var,0.4255696202531646,0.9048490136077542,0.9999625,0.9048497647872752,0.9048490136077542,3.6053858780138452e-06,9.548574970708046e-07,0.005191067900246669,0.005736943757665366,0.02491523016943374,0.3007103427812473,0.0987125,0.9012875
0.1,0.9,0.0,0.001,0.00099,0.0,0,unit_total_var,0.4317721518987342,0.8944601175619052,0.9999875,0.8944608353476311,0.8944601175619052,3.48512190456729e-06,8.826149535678951e-07,0.005107069702010374,0.005709667319691217,0.024796770104452248,0.3007103427812473,0.0987125,0.9012875
0.1,0.9,0.0,0.001,0.00099,0.0,0,unit_total_var,0.4379746835443038,0.8841104233814402,0.9999625,0.8841112125174755,0.8841104233814402,3.876408009473309e-06,9.387670072413813e-07,0.005024115055880933,0.005682678230017124,0.024679557977281743,0.3007103427812473,0.0987125,0.9012875
0.1,0.9,0.0,0.001,0.00099,0.0,0,unit_total_var,0.4441772151898734,0.8737977997246308,0.999975,0.873798612751188,0.8737977997246308,4.040898057500186e-06,9.992532492564266e-07,0.004942166949518472,0.005655961769503139,0.02456352986350965,0.3007103427812473,0.0987125,0.9012875
0.1,0.9,0.0,0.001,0.00099,0.0,0,unit_total_var,0.450379746835443,0.8635203611167294,1.0,0.8635211969411466,0.8635203611167294,4.203650231238143e-06,9.308844031163944e-07,0.0048611943495118996,0.005629507500234578,0.024448640431848457,0.3007103427812473,0.0987125,0.9012875
0.1,0.9,0.0,0.001,0.00099,0.0,0,unit_total_var,0.4565822784810127,0.8532762764416703,0.9999625,0.8532771982069493,0.8532762764416703,4.691532732192805e-06,9.934864806382393e-07,0.004781170576235004,0.005603308926123464,0.02433486147014656,0.3007103427812473,0.0987125,0.9012875
0.1,0.9,0.0,0.001,0.00099,0.0,0,unit_total_var,0.4627848101265823,0.8430641626719915,0.9999875,0.8430650545929059,0.8430641626719915,4.594622138420768e-06,9.303879349165101e-07,0.0047020764370633295,0.005577364861721389,0.024222187830066917,0.3007103427812473,0.0987125,0.9012875
0.1,0.9,0.0,0.001,0.00099,0.0,0,unit_total_var,0.4689873417721519,0.8328826016512683,0.9999875,0.8328835873528897,0.8328826016512683,5.13979426197686e-06,9.95275217130498e-07,0.004623896457995661,0.005551678530477586,0.02411063351087169,0.3007103427812473,0.0987125,0.9012875
0.1,0.9,0.0,0.001,0.00099,0.0,0,unit_total_var,0.4751898734177215,0.8227305971831065,0.9999625,0.8227315555179201,0.8227305971831065,5.058755325415554e-06,9.367167517204678e-07,0.004546622566557532,0.005526259242240918,0.02400023894472076,0.3007103427812473,0.0987125,0.9012875
0.1,0.9,0.0,0.001,0.00099,0.0,0,unit_total_var,0.4813924050632911,0.8126071251019785,1.0,0.8126080596306583,0.8126071251019785,4.994546600634031e-06,8.843559293758574e-07,0.004470250619712617,0.005501121614152251,0.023891067613050317,0.3007103427812473,0.0987125,0.9012875
0.1,0.9,0.0,0.001,0.00099,0.0,0,unit_total_var,0.4875949367088608,0.8025112928922983,0.9999625,0.8025123292364893,0.8025112928922983,5.608373076948503e-06,9.496171355927173e-07,0.004394781604688664,0.005476286307261311,0.023783209245659225,0.3007103427812473,0.0987125,0.9012875
0.1,0.9,0.0,0.001,0.00099,0.0,0,unit_total_var,0.4937974683544304,0.7924424975154487,1.0,0.7924435127017224,0.7924424975154487,5.5636783204970905e-06,9.007978212238754e-07,0.004320222598143372,0.005451780554032123,0.02367678211163604,0.3007103427812473,0.0987125,0.9012875
0.1,0.9,0.0,0.001,0.00099,0.0,0,unit_total_var,0.5,0.7823999457457858,1.0,0.7824010909238209,0.7823999457457858,6.35664841541761e-06,9.982869562108476e-07,0.004246582767379462,0.005427636837744929,0.023571927284074385,0.3007103427812473,0.0987125,0.9012875
