status,setting,seed,inp_dim,alpha_requested,n_train,alpha,n_test,c_pt,lambda_pt,gamma_reinit,rho_pt,a_pt,rho_ft,omega,ft_teacher_norm,save_folder,lr,epochs,test_every_n_epochs,log_every_n_epochs,no_tuning,threshold,stop_pred_mse,stop_beta_rate,stop_grad_norm,lr_decay,lr_decay_interval,stop_reason,final_epoch,final_test_pred_mse,final_param_mse,final_grad_norm,final_beta_update_rate,final_beta_l1,final_beta_l2,final_active_frac,beta0_l2,empirical_omega,n_ov,n_new,n_ptonly,n_none,wall_s
ok,ptft,10,5000,0.01,50,0.01,10000,1.0,0.0,0.0,0.1,1.0,0.1,0.0,unit_total_var,,0.5,5000000,5000,50000,True,0.0001,,0.0,0.0,1.0,2000,train_pred_mse,5000,1.0646494268013007,1.0402001000079737,1.0784581599991753e-16,11.450368395551061,407.48212087472865,7.2401063380989426,1.0,0.0,0.0,0,500,500,4000,4.757252931594849
ok,ptft,11,5000,0.01,50,0.01,10000,1.0,0.0,0.0,0.1,1.0,0.1,0.0,unit_total_var,,0.5,5000000,5000,50000,True,0.0001,,0.0,0.0,1.0,2000,train_pred_mse,5000,1.1214830764019847,1.1137256264108415,1.1944981497649434e-16,11.178273072650994,411.13643243757554,7.260357453169088,1.0,0.0,0.0,0,500,500,4000,4.69178581237793
ok,ptft,12,5000,0.01,50,0.01,10000,1.0,0.0,0.0,0.1,1.0,0.1,0.0,unit_total_var,,0.5,5000000,5000,50000,True,0.0001,,0.0,0.0,1.0,2000,train_pred_mse,5000,0.9321714319537292,0.9251459740292964,1.0983767888784536e-16,11.190759603474849,424.0128067243145,7.501103092219969,1.0,0.0,0.0,0,500,500,4000,4.64448094367981
ok,ptft,13,5000,0.01,50,0.01,10000,1.0,0.0,0.0,0.1,1.0,0.1,0.0,unit_total_var,,0.5,5000000,5000,50000,True,0.0001,,0.0,0.0,1.0,2000,train_pred_mse,5000,1.0324463286472358,1.0393566558901162,2.9733218128487256e-17,10.7425727581731,430.5055330675956,7.651281470258674,1.0,0.0,0.0,0,500,500,4000,5.224760293960571
ok,ptft,14,5000,0.01,50,0.01,10000,1.0,0.0,0.0,0.1,1.0,0.1,0.0,unit_total_var,,0.5,5000000,5000,50000,True,0.0001,,0.0,0.0,1.0,2000,train_pred_mse,5000,1.1135840450524561,1.1016783590259147,8.433012810422108e-17,10.944041628205174,357.9132456715728,6.3358290742474725,1.0,0.0,0.0,0,500,500,4000,5.287962198257446
ok,ptft,15,5000,0.01,50,0.01,10000,1.0,0.0,0.0,0.1,1.0,0.1,0.0,unit_total_var,,0.5,5000000,5000,50000,True,0.0001,,0.0,0.0,1.0,2000,train_pred_mse,5000,1.0167835504939204,1.022063895942589,9.807290170425609e-17,10.892884469555533,390.5144627323012,6.955084285421807,1.0,0.0,0.0,0,500,500,4000,6.030589818954468
ok,ptft,16,5000,0.01,50,0.01,10000,1.0,0.0,0.0,0.1,1.0,0.1,0.0,unit_total_var,,0.5,5000000,5000,50000,True,0.0001,,0.0,0.0,1.0,2000,train_pred_mse,5000,0.9522407685383107,0.9406431693936468,1.1099039487848307e-16,11.158697689207296,379.38825507598193,6.746064306398091,1.0,0.0,0.0,0,500,500,4000,5.3643670082092285
ok,ptft,17,5000,0.01,50,0.01,10000,1.0,0.0,0.0,0.1,1.0,0.1,0.0,unit_total_var,,0.5,5000000,5000,50000,True,0.0001,,0.0,0.0,1.0,2000,train_pred_mse,5000,0.9683787388071258,0.9492773413921356,7.617462408537882e-17,11.24399540652526,408.0062409340583,7.238643094740531,1.0,0.0,0.0,0,500,500,4000,5.498668432235718
ok,ptft,18,5000,0.01,50,0.01,10000,1.0,0.0,0.0,0.1,1.0,0.1,0.0,unit_total_var,,0.5,5000000,5000,50000,True,0.0001,,0.0,0.0,1.0,2000,train_pred_mse,5000,0.9166230309281774,0.9100620244743192,8.5987968323421e-17,10.843196653807194,402.78735875308183,7.093931309409607,1.0,0.0,0.0,0,500,500,4000,5.578846454620361
ok,ptft,19,5000,0.01,50,0.01,10000,1.0,0.0,0.0,0.1,1.0,0.1,0.0,unit_total_var,,0.5,5000000,5000,50000,True,0.0001,,0.0,0.0,1.0,2000,train_pred_mse,5000,0.9628446851186172,0.9803376226601526,7.529212749815472e-17,11.073453605308435,391.0854332660417,6.95294666554268,1.0,0.0,0.0,0,500,500,4000,6.075408220291138
ok,ptft,6,5000,0.01,50,0.01,10000,1.0,0.0,0.0,0.1,1.0,0.1,0.0,unit_total_var,,0.5,5000000,5000,50000,True,0.0001,,0.0,0.0,1.0,2000,train_pred_mse,5000,0.9751709440340816,0.9747755087859559,1.0813845660047912e-16,11.267393283285804,424.7908601643295,7.5697857726153135,1.0,0.0,0.0,0,500,500,4000,4.554432392120361
ok,ptft,7,5000,0.01,50,0.01,10000,1.0,0.0,0.0,0.1,1.0,0.1,0.0,unit_total_var,,0.5,5000000,5000,50000,True,0.0001,,0.0,0.0,1.0,2000,train_pred_mse,5000,0.9963603322320344,1.0034428905216322,8.0193527621827e-17,11.288479111821426,384.6448027857598,6.840028089600228,1.0,0.0,0.0,0,500,500,4000,4.619431018829347
ok,ptft,8,5000,0.01,50,0.01,10000,1.0,0.0,0.0,0.1,1.0,0.1,0.0,unit_total_var,,0.5,5000000,5000,50000,True,0.0001,,0.0,0.0,1.0,2000,train_pred_mse,5000,1.0572775074919627,1.0420531208544324,9.731306470741036e-17,10.88649772744887,460.38962320529276,8.168143855238467,1.0,0.0,0.0,0,500,500,4000,5.305109024047852
ok,ptft,9,5000,0.01,50,0.01,10000,1.0,0.0,0.0,0.1,1.0,0.1,0.0,unit_total_var,,0.5,5000000,5000,50000,True,0.0001,,0.0,0.0,1.0,2000,train_pred_mse,5000,0.9782936658439194,0.9540309766109508,9.924160105687324e-17,10.80092566666672,402.3918350799006,7.183973064058459,1.0,0.0,0.0,0,500,500,4000,5.292476415634155
ok,ptft,10,5000,0.059,295,0.059000000000000004,10000,1.0,0.0,0.0,0.1,1.0,0.1,0.0,unit_total_var,,0.5,5000000,5000,50000,True,0.0001,,0.0,0.0,1.0,2000,train_pred_mse,5000,1.007406325077866,0.9867071973152048,2.8902099489286167e-16,70.09431998002722,1016.8392523989947,18.144726286403547,1.0,0.0,0.0,0,500,500,4000,8.03895115852356
ok,ptft,11,5000,0.059,295,0.059000000000000004,10000,1.0,0.0,0.0,0.1,1.0,0.1,0.0,unit_total_var,,0.5,5000000,5000,50000,True,0.0001,,0.0,0.0,1.0,2000,train_pred_mse,5000,1.0775339020051609,1.0635720113654883,2.1754329893699206e-16,68.22653072768911,991.6102496775096,17.714032187425264,1.0,0.0,0.0,0,500,500,4000,8.78034782409668
ok,ptft,12,5000,0.059,295,0.059000000000000004,10000,1.0,0.0,0.0,0.1,1.0,0.1,0.0,unit_total_var,,0.5,5000000,5000,50000,True,0.0001,,0.0,0.0,1.0,2000,train_pred_mse,5000,0.8802700910950003,0.8790136154714244,2.7922979133335764e-16,68.49351029814828,960.7288513993968,17.19365389378268,1.0,0.0,0.0,0,500,500,4000,8.162354707717897
ok,ptft,13,5000,0.059,295,0.059000000000000004,10000,1.0,0.0,0.0,0.1,1.0,0.1,0.0,unit_total_var,,0.5,5000000,5000,50000,True,0.0001,,0.0,0.0,1.0,2000,train_pred_mse,5000,0.9911782820678788,0.9914520872379556,2.9294070269165016e-16,69.89714044705921,987.2402999348184,17.55942487906454,1.0,0.0,0.0,0,500,500,4000,8.338897943496704
ok,ptft,14,5000,0.059,295,0.059000000000000004,10000,1.0,0.0,0.0,0.1,1.0,0.1,0.0,unit_total_var,,0.5,5000000,5000,50000,True,0.0001,,0.0,0.0,1.0,2000,train_pred_mse,5000,1.0483593622737817,1.0392796573582783,2.4487071441752837e-16,68.84288897865551,1077.9126188779253,19.054476503739625,1.0,0.0,0.0,0,500,500,4000,8.863173007965088
ok,ptft,15,5000,0.059,295,0.059000000000000004,10000,1.0,0.0,0.0,0.1,1.0,0.1,0.0,unit_total_var,,0.5,5000000,5000,50000,True,0.0001,,0.0,0.0,1.0,2000,train_pred_mse,5000,0.9698644223329346,0.9692762384260096,2.291841523979658e-16,70.31349673401503,1009.8697213173634,17.910845626956093,1.0,0.0,0.0,0,500,500,4000,8.852504968643187
ok,ptft,16,5000,0.059,295,0.059000000000000004,10000,1.0,0.0,0.0,0.1,1.0,0.1,0.0,unit_total_var,,0.5,5000000,5000,50000,True,0.0001,,0.0,0.0,1.0,2000,train_pred_mse,5000,0.9036758661200456,0.8923435818317761,2.9880163371584996e-16,72.30352743229771,966.4612592128143,17.20176987807043,1.0,0.0,0.0,0,500,500,4000,9.872199058532717
ok,ptft,17,5000,0.059,295,0.059000000000000004,10000,1.0,0.0,0.0,0.1,1.0,0.1,0.0,unit_total_var,,0.5,5000000,5000,50000,True,0.0001,,0.0,0.0,1.0,2000,train_pred_mse,5000,0.9298062020100252,0.9127491681760636,2.2768150079408446e-16,68.28120187158042,873.8839348263582,15.586928635195385,1.0,0.0,0.0,0,500,500,4000,8.034752130508423
ok,ptft,18,5000,0.059,295,0.059000000000000004,10000,1.0,0.0,0.0,0.1,1.0,0.1,0.0,unit_total_var,,0.5,5000000,5000,50000,True,0.0001,,0.0,0.0,1.0,2000,train_pred_mse,5000,0.8732912969776833,0.8643390604735643,2.622127257884903e-16,71.1654180100071,949.2700666762587,16.987745366777826,1.0,0.0,0.0,0,500,500,4000,8.30262279510498
ok,ptft,19,5000,0.059,295,0.059000000000000004,10000,1.0,0.0,0.0,0.1,1.0,0.1,0.0,unit_total_var,,0.5,5000000,5000,50000,True,0.0001,,0.0,0.0,1.0,2000,train_pred_mse,5000,0.924453253263716,0.9414156106174376,2.438652012358995e-16,70.82035929780298,892.857221266815,15.845944766100793,1.0,0.0,0.0,0,500,500,4000,8.226635217666626
ok,ptft,6,5000,0.059,295,0.059000000000000004,10000,1.0,0.0,0.0,0.1,1.0,0.1,0.0,unit_total_var,,0.5,5000000,5000,50000,True,0.0001,,0.0,0.0,1.0,2000,train_pred_mse,5000,0.9403015072281524,0.9369056058378232,2.643816738772826e-16,71.40131556081027,897.9937178813504,15.962634277474306,1.0,0.0,0.0,0,500,500,4000,8.197986841201782
ok,ptft,7,5000,0.059,295,0.059000000000000004,10000,1.0,0.0,0.0,0.1,1.0,0.1,0.0,unit_total_var,,0.5,5000000,5000,50000,True,0.0001,,0.0,0.0,1.0,2000,train_pred_mse,5000,0.962186109985272,0.9581570595932456,2.2567125161376334e-16,69.99863817231021,943.2263501925862,16.80506843624834,1.0,0.0,0.0,0,500,500,4000,9.536640644073486
ok,ptft,8,5000,0.059,295,0.059000000000000004,10000,1.0,0.0,0.0,0.1,1.0,0.1,0.0,unit_total_var,,0.5,5000000,5000,50000,True,0.0001,,0.0,0.0,1.0,2000,train_pred_mse,5000,0.9958937776427804,0.9948178534665038,2.9444951742344556e-16,71.958767421292,983.8850423909952,17.668803805355264,1.0,0.0,0.0,0,500,500,4000,9.879921197891237
ok,ptft,9,5000,0.059,295,0.059000000000000004,10000,1.0,0.0,0.0,0.1,1.0,0.1,0.0,unit_total_var,,0.5,5000000,5000,50000,True,0.0001,,0.0,0.0,1.0,2000,train_pred_mse,5000,0.922857694645512,0.9088444890890308,2.6791998977299263e-16,70.46807416298114,944.2694309937416,16.948943402915795,1.0,0.0,0.0,0,500,500,4000,7.8409976959228525
ok,ptft,10,5000,0.10800000000000001,540,0.10800000000000001,10000,1.0,0.0,0.0,0.1,1.0,0.1,0.0,unit_total_var,,0.5,5000000,5000,50000,True,0.0001,,0.0,0.0,1.0,2000,train_pred_mse,5000,0.9529796258255104,0.9373540757736806,3.0517130424599366e-10,124.86192244335889,1342.2577944084405,23.987721105531737,1.0,0.0,0.0,0,500,500,4000,11.476196050643921
ok,ptft,11,5000,0.10800000000000001,540,0.10800000000000001,10000,1.0,0.0,0.0,0.1,1.0,0.1,0.0,unit_total_var,,0.5,5000000,5000,50000,True,0.0001,,0.0,0.0,1.0,2000,train_pred_mse,5000,1.0236842660607022,1.0100453412787307,1.3663445642703927e-10,124.56068921715081,1341.3404698565182,24.08900513499511,1.0,0.0,0.0,0,500,500,4000,14.147147178649902
ok,ptft,12,5000,0.10800000000000001,540,0.10800000000000001,10000,1.0,0.0,0.0,0.1,1.0,0.1,0.0,unit_total_var,,0.5,5000000,5000,50000,True,0.0001,,0.0,0.0,1.0,2000,train_pred_mse,5000,0.8421377319402115,0.8390222731611284,2.334631161789347e-10,125.1959080626218,1241.0586632426366,22.274151784240495,1.0,0.0,0.0,0,500,500,4000,14.399415016174315
ok,ptft,13,5000,0.10800000000000001,540,0.10800000000000001,10000,1.0,0.0,0.0,0.1,1.0,0.1,0.0,unit_total_var,,0.5,5000000,5000,50000,True,0.0001,,0.0,0.0,1.0,2000,train_pred_mse,5000,0.9398445509090572,0.9393211624360304,1.9145001639239588e-10,125.1559684307836,1317.6187198877276,23.75733843168627,1.0,0.0,0.0,0,500,500,4000,12.172439336776733
ok,ptft,14,5000,0.10800000000000001,540,0.10800000000000001,10000,1.0,0.0,0.0,0.1,1.0,0.1,0.0,unit_total_var,,0.5,5000000,5000,50000,True,0.0001,,0.0,0.0,1.0,2000,train_pred_mse,5000,0.9991467363116772,0.9914366466434541,1.401231856248623e-10,124.19284114612043,1366.1993955535622,24.46249834676148,1.0,0.0,0.0,0,500,500,4000,12.697964191436768
ok,ptft,15,5000,0.10800000000000001,540,0.10800000000000001,10000,1.0,0.0,0.0,0.1,1.0,0.1,0.0,unit_total_var,,0.5,5000000,5000,50000,True,0.0001,,0.0,0.0,1.0,2000,train_pred_mse,5000,0.8957738429361216,0.9145852409826936,1.6003607679844674e-10,129.31604448645746,1348.9147851272992,24.350895280458737,1.0,0.0,0.0,0,500,500,4000,12.925001859664915
ok,ptft,16,5000,0.10800000000000001,540,0.10800000000000001,10000,1.0,0.0,0.0,0.1,1.0,0.1,0.0,unit_total_var,,0.5,5000000,5000,50000,True,0.0001,,0.0,0.0,1.0,2000,train_pred_mse,5000,0.8599732749569006,0.8569961624932714,2.2430348752691774e-10,121.6513648004462,1211.2837701085955,21.766718296562168,1.0,0.0,0.0,0,500,500,4000,12.47654628753662
ok,ptft,17,5000,0.10800000000000001,540,0.10800000000000001,10000,1.0,0.0,0.0,0.1,1.0,0.1,0.0,unit_total_var,,0.5,5000000,5000,50000,True,0.0001,,0.0,0.0,1.0,2000,train_pred_mse,5000,0.8661933298917447,0.8470067178139139,1.454608474145809e-10,126.47041388615344,1319.8505264943374,23.70886396576555,1.0,0.0,0.0,0,500,500,4000,11.707590103149414
ok,ptft,18,5000,0.10800000000000001,540,0.10800000000000001,10000,1.0,0.0,0.0,0.1,1.0,0.1,0.0,unit_total_var,,0.5,5000000,5000,50000,True,0.0001,,0.0,0.0,1.0,2000,train_pred_mse,5000,0.8182633761706481,0.8148276227747591,1.6470729312257615e-10,125.61347387521714,1286.7896534577085,23.14844277967905,1.0,0.0,0.0,0,500,500,4000,16.796276807785034
ok,ptft,19,5000,0.10800000000000001,540,0.10800000000000001,10000,1.0,0.0,0.0,0.1,1.0,0.1,0.0,unit_total_var,,0.5,5000000,5000,50000,True,0.0001,,0.0,0.0,1.0,2000,train_pred_mse,5000,0.8635357826091516,0.8872042066285474,1.931801483251076e-10,125.90636304975115,1282.3475329213961,22.89889973960841,1.0,0.0,0.0,0,500,500,4000,10.358440160751345
ok,ptft,6,5000,0.10800000000000001,540,0.10800000000000001,10000,1.0,0.0,0.0,0.1,1.0,0.1,0.0,unit_total_var,,0.5,5000000,5000,50000,True,0.0001,,0.0,0.0,1.0,2000,train_pred_mse,5000,0.8722986921870115,0.875547515915655,1.384736945865136e-10,121.89957725737386,1306.3668399827334,23.703979437651228,1.0,0.0,0.0,0,500,500,4000,22.020589590072632
ok,ptft,7,5000,0.10800000000000001,540,0.10800000000000001,10000,1.0,0.0,0.0,0.1,1.0,0.1,0.0,unit_total_var,,0.5,5000000,5000,50000,True,0.0001,,0.0,0.0,1.0,2000,train_pred_mse,5000,0.902255744321642,0.9028415588375864,1.206871554940477e-10,126.34877655050077,1313.6858425539622,23.607505081508588,1.0,0.0,0.0,0,500,500,4000,26.67448854446411
ok,ptft,8,5000,0.10800000000000001,540,0.10800000000000001,10000,1.0,0.0,0.0,0.1,1.0,0.1,0.0,unit_total_var,,0.5,5000000,5000,50000,True,0.0001,,0.0,0.0,1.0,2000,train_pred_mse,5000,0.9427055034191874,0.9319880529363388,1.9720691594667152e-10,127.3033555071132,1386.4017627304831,24.89455941306785,1.0,0.0,0.0,0,500,500,4000,17.158363342285153
ok,ptft,9,5000,0.10800000000000001,540,0.10800000000000001,10000,1.0,0.0,0.0,0.1,1.0,0.1,0.0,unit_total_var,,0.5,5000000,5000,50000,True,0.0001,,0.0,0.0,1.0,2000,train_pred_mse,5000,0.8636955383313077,0.8517699538405592,1.9989390618880781e-10,126.35492532346017,1330.0448944254258,23.84651316567884,1.0,0.0,0.0,0,500,500,4000,12.175683736801147
ok,ptft,10,5000,0.15700000000000006,785,0.157,10000,1.0,0.0,0.0,0.1,1.0,0.1,0.0,unit_total_var,,0.5,5000000,5000,50000,True,0.0001,,0.0,0.0,1.0,2000,train_pred_mse,5000,0.9065743260602296,0.8910944475858074,3.227551621792969e-07,179.5000833537121,1557.4329032004684,28.218226175876797,1.0,0.0,0.0,0,500,500,4000,19.676265001297
ok,ptft,11,5000,0.15700000000000006,785,0.157,10000,1.0,0.0,0.0,0.1,1.0,0.1,0.0,unit_total_var,,0.5,5000000,5000,50000,True,0.0001,,0.0,0.0,1.0,2000,train_pred_mse,5000,0.9530881033697428,0.9467415149127126,2.7725639445666466e-07,175.27220874554394,1644.6093850819566,29.8200076571696,1.0,0.0,0.0,0,500,500,4000,20.22735333442688
ok,ptft,12,5000,0.15700000000000006,785,0.157,10000,1.0,0.0,0.0,0.1,1.0,0.1,0.0,unit_total_var,,0.5,5000000,5000,50000,True,0.0001,,0.0,0.0,1.0,2000,train_pred_mse,5000,0.7897137577309226,0.7815248599822596,2.8940981102993483e-07,177.0032073882906,1521.468947787472,27.68649734075038,1.0,0.0,0.0,0,500,500,4000,22.6627254486084
ok,ptft,13,5000,0.15700000000000006,785,0.157,10000,1.0,0.0,0.0,0.1,1.0,0.1,0.0,unit_total_var,,0.5,5000000,5000,50000,True,0.0001,,0.0,0.0,1.0,2000,train_pred_mse,5000,0.8754584793417118,0.887910962453372,2.258436263145149e-07,178.90991674947705,1565.3530770612533,28.594200866388125,1.0,0.0,0.0,0,500,500,4000,20.029507875442505
ok,ptft,14,5000,0.15700000000000006,785,0.157,10000,1.0,0.0,0.0,0.1,1.0,0.1,0.0,unit_total_var,,0.5,5000000,5000,50000,True,0.0001,,0.0,0.0,1.0,2000,train_pred_mse,5000,0.9587907832512952,0.9470872692564524,3.5572585351248454e-07,181.7834531397297,1570.7614982206767,28.51398050096845,1.0,0.0,0.0,0,500,500,4000,21.27640652656555
ok,ptft,15,5000,0.15700000000000006,785,0.157,10000,1.0,0.0,0.0,0.1,1.0,0.1,0.0,unit_total_var,,0.5,5000000,5000,50000,True,0.0001,,0.0,0.0,1.0,2000,train_pred_mse,5000,0.8552055087048448,0.8683322994755095,3.148831321285736e-07,174.56882489605732,1579.8071763360665,28.551954801044957,1.0,0.0,0.0,0,500,500,4000,18.306462287902832
ok,ptft,16,5000,0.15700000000000006,785,0.157,10000,1.0,0.0,0.0,0.1,1.0,0.1,0.0,unit_total_var,,0.5,5000000,5000,50000,True,0.0001,,0.0,0.0,1.0,2000,train_pred_mse,5000,0.8196042072914537,0.8070365937816503,3.294042631075877e-07,183.5440652507286,1465.396927376673,26.670681552198854,1.0,0.0,0.0,0,500,500,4000,14.774928331375122
ok,ptft,17,5000,0.15700000000000006,785,0.157,10000,1.0,0.0,0.0,0.1,1.0,0.1,0.0,unit_total_var,,0.5,5000000,5000,50000,True,0.0001,,0.0,0.0,1.0,2000,train_pred_mse,5000,0.8330779136642482,0.8081779886731423,2.452987110925324e-07,181.7423311376504,1507.3989589897585,27.510862768277267,1.0,0.0,0.0,0,500,500,4000,20.08435893058777
ok,ptft,18,5000,0.15700000000000006,785,0.157,10000,1.0,0.0,0.0,0.1,1.0,0.1,0.0,unit_total_var,,0.5,5000000,5000,50000,True,0.0001,,0.0,0.0,1.0,2000,train_pred_mse,5000,0.7712064129758116,0.7649381259280406,2.715286919236525e-07,171.14008858548667,1534.5085193256546,27.73291104085324,1.0,0.0,0.0,0,500,500,4000,15.957870244979858
ok,ptft,19,5000,0.15700000000000006,785,0.157,10000,1.0,0.0,0.0,0.1,1.0,0.1,0.0,unit_total_var,,0.5,5000000,5000,50000,True,0.0001,,0.0,0.0,1.0,2000,train_pred_mse,5000,0.8257457039600409,0.8371697977738192,2.8952412551602306e-07,182.20369250065158,1516.0813870379934,27.566838375036244,1.0,0.0,0.0,0,500,500,4000,19.56555509567261
ok,ptft,6,5000,0.15700000000000006,785,0.157,10000,1.0,0.0,0.0,0.1,1.0,0.1,0.0,unit_total_var,,0.5,5000000,5000,50000,True,0.0001,,0.0,0.0,1.0,2000,train_pred_mse,5000,0.8333693158822325,0.8391408912060814,2.4744199741162793e-07,181.3464787243391,1501.8270610466104,27.15503560447991,1.0,0.0,0.0,0,500,500,4000,46.81023955345154
ok,ptft,7,5000,0.15700000000000006,785,0.157,10000,1.0,0.0,0.0,0.1,1.0,0.1,0.0,unit_total_var,,0.5,5000000,5000,50000,True,0.0001,,0.0,0.0,1.0,2000,train_pred_mse,5000,0.8466042445327692,0.8483360442052302,2.212964801883745e-07,176.02525297606448,1577.0274430167178,28.619115052740693,1.0,0.0,0.0,0,500,500,4000,29.35187149047852
ok,ptft,8,5000,0.15700000000000006,785,0.157,10000,1.0,0.0,0.0,0.1,1.0,0.1,0.0,unit_total_var,,0.5,5000000,5000,50000,True,0.0001,,0.0,0.0,1.0,2000,train_pred_mse,5000,0.8877373577919947,0.8852663227635731,4.143056103191346e-07,176.98170920066707,1601.2229948837494,29.00242354954384,1.0,0.0,0.0,0,500,500,4000,12.863769292831421
ok,ptft,9,5000,0.15700000000000006,785,0.157,10000,1.0,0.0,0.0,0.1,1.0,0.1,0.0,unit_total_var,,0.5,5000000,5000,50000,True,0.0001,,0.0,0.0,1.0,2000,train_pred_mse,5000,0.8194437684922777,0.8093507612784866,2.555931650991213e-07,181.74003016382258,1518.0124578025477,27.73790481245613,1.0,0.0,0.0,0,500,500,4000,20.554087162017826
ok,ptft,10,5000,0.206,1030,0.20600000000000002,10000,1.0,0.0,0.0,0.1,1.0,0.1,0.0,unit_total_var,,0.5,5000000,5000,50000,True,0.0001,,0.0,0.0,1.0,2000,train_pred_mse,5000,0.8304188583537387,0.8232913434861144,1.0514219571452679e-05,235.39609039595737,1782.0673552776814,33.15519209431225,1.0,0.0,0.0,0,500,500,4000,36.00201296806335
ok,ptft,11,5000,0.206,1030,0.20600000000000002,10000,1.0,0.0,0.0,0.1,1.0,0.1,0.0,unit_total_var,,0.5,5000000,5000,50000,True,0.0001,,0.0,0.0,1.0,2000,train_pred_mse,5000,0.8968565698863517,0.8825464539441724,9.203510818211438e-06,219.116059544556,1841.7754812172159,34.27802742242497,1.0,0.0,0.0,0,500,500,4000,19.990818500518802
ok,ptft,12,5000,0.206,1030,0.20600000000000002,10000,1.0,0.0,0.0,0.1,1.0,0.1,0.0,unit_total_var,,0.5,5000000,5000,50000,True,0.0001,,0.0,0.0,1.0,2000,train_pred_mse,5000,0.7320362753312667,0.7324711582733177,8.621653929837474e-06,221.00214365458766,1709.1563128908106,31.365585106790963,1.0,0.0,0.0,0,500,500,4000,20.868117332458496
ok,ptft,13,5000,0.206,1030,0.20600000000000002,10000,1.0,0.0,0.0,0.1,1.0,0.1,0.0,unit_total_var,,0.5,5000000,5000,50000,True,0.0001,,0.0,0.0,1.0,2000,train_pred_mse,5000,0.8064955687803985,0.8134455020293423,9.421402543877312e-06,225.49779408127998,1840.9245384323458,33.90089004635902,1.0,0.0,0.0,0,500,500,4000,28.646277666091922
ok,ptft,14,5000,0.206,1030,0.20600000000000002,10000,1.0,0.0,0.0,0.1,1.0,0.1,0.0,unit_total_var,,0.5,5000000,5000,50000,True,0.0001,,0.0,0.0,1.0,2000,train_pred_mse,5000,0.8778688404576335,0.8738842204935936,1.0704901568206365e-05,219.72189162959285,1821.9185072555981,33.79557006415403,1.0,0.0,0.0,0,500,500,4000,31.07034158706665
ok,ptft,15,5000,0.206,1030,0.20600000000000002,10000,1.0,0.0,0.0,0.1,1.0,0.1,0.0,unit_total_var,,0.5,5000000,5000,50000,True,0.0001,,0.0,0.0,1.0,2000,train_pred_mse,5000,0.8168528948209277,0.8124601080654111,1.1173148038712714e-05,233.0186298984301,1781.559522607913,32.68371070746067,1.0,0.0,0.0,0,500,500,4000,18.507029056549076
ok,ptft,16,5000,0.206,1030,0.20600000000000002,10000,1.0,0.0,0.0,0.1,1.0,0.1,0.0,unit_total_var,,0.5,5000000,5000,50000,True,0.0001,,0.0,0.0,1.0,2000,train_pred_mse,5000,0.7491906644969637,0.7494879479367413,9.273484108026757e-06,224.59657462351646,1694.9335632360214,31.168477254092522,1.0,0.0,0.0,0,500,500,4000,61.30091500282288
ok,ptft,17,5000,0.206,1030,0.20600000000000002,10000,1.0,0.0,0.0,0.1,1.0,0.1,0.0,unit_total_var,,0.5,5000000,5000,50000,True,0.0001,,0.0,0.0,1.0,2000,train_pred_mse,5000,0.7725355770358169,0.7665050639097338,1.1438654519511404e-05,229.55373170392122,1675.4411388380634,30.779238556354017,0.9998,0.0,0.0,0,500,500,4000,63.453930616378784
ok,ptft,18,5000,0.206,1030,0.20600000000000002,10000,1.0,0.0,0.0,0.1,1.0,0.1,0.0,unit_total_var,,0.5,5000000,5000,50000,True,0.0001,,0.0,0.0,1.0,2000,train_pred_mse,5000,0.7266296521694575,0.728826808365308,1.1795228053927955e-05,230.07446089051936,1670.26656815358,30.683537503865274,1.0,0.0,0.0,0,500,500,4000,28.81199312210083
ok,ptft,19,5000,0.206,1030,0.20600000000000002,10000,1.0,0.0,0.0,0.1,1.0,0.1,0.0,unit_total_var,,0.5,5000000,5000,50000,True,0.0001,,0.0,0.0,1.0,2000,train_pred_mse,5000,0.7744038214491479,0.7851790822413215,1.1799423373587456e-05,237.73531564433492,1696.9048426100494,31.53391873377355,1.0,0.0,0.0,0,500,500,4000,52.2926766872406
ok,ptft,6,5000,0.206,1030,0.20600000000000002,10000,1.0,0.0,0.0,0.1,1.0,0.1,0.0,unit_total_var,,0.5,5000000,5000,50000,True,0.0001,,0.0,0.0,1.0,2000,train_pred_mse,5000,0.7771808698024691,0.7700036935360259,9.742327145482671e-06,234.156216699346,1761.3478616721313,32.391607891555665,1.0,0.0,0.0,0,500,500,4000,46.81059145927429
ok,ptft,7,5000,0.206,1030,0.20600000000000002,10000,1.0,0.0,0.0,0.1,1.0,0.1,0.0,unit_total_var,,0.5,5000000,5000,50000,True,0.0001,,0.0,0.0,1.0,2000,train_pred_mse,5000,0.8029088194315734,0.8094614428095749,1.0949191843440629e-05,232.5317241734621,1722.9235149516949,31.567642941443342,1.0,0.0,0.0,0,500,500,4000,43.038113355636604
ok,ptft,8,5000,0.206,1030,0.20600000000000002,10000,1.0,0.0,0.0,0.1,1.0,0.1,0.0,unit_total_var,,0.5,5000000,5000,50000,True,0.0001,,0.0,0.0,1.0,2000,train_pred_mse,5000,0.8192148045970203,0.8125793362021371,1.0718733728134073e-05,231.37998990628026,1851.4268350850089,34.10947991419486,1.0,0.0,0.0,0,500,500,4000,17.306732177734375
ok,ptft,9,5000,0.206,1030,0.20600000000000002,10000,1.0,0.0,0.0,0.1,1.0,0.1,0.0,unit_total_var,,0.5,5000000,5000,50000,True,0.0001,,0.0,0.0,1.0,2000,train_pred_mse,5000,0.7564591137161683,0.7614843733490962,9.57348869508898e-06,221.10501591744878,1699.7381441083298,31.388267075429923,1.0,0.0,0.0,0,500,500,4000,28.512814283370968
ok,ptft,10,5000,0.255,1275,0.255,10000,1.0,0.0,0.0,0.1,1.0,0.1,0.0,unit_total_var,,0.5,5000000,5000,50000,True,0.0001,,0.0,0.0,1.0,2000,train_pred_mse,5000,0.7559709573464943,0.7473243237959916,7.31386995562636e-05,276.83546221934654,1973.364184752012,37.72531295271667,1.0,0.0,0.0,0,500,500,4000,50.914577960968025
ok,ptft,11,5000,0.255,1275,0.255,10000,1.0,0.0,0.0,0.1,1.0,0.1,0.0,unit_total_var,,0.5,5000000,5000,50000,True,0.0001,,0.0,0.0,1.0,2000,train_pred_mse,5000,0.7914429282219302,0.8049769296409759,6.692490574195062e-05,271.96874887332507,2050.9091278738597,38.88660699914565,1.0,0.0,0.0,0,500,500,4000,43.37599802017212
ok,ptft,12,5000,0.255,1275,0.255,10000,1.0,0.0,0.0,0.1,1.0,0.1,0.0,unit_total_var,,0.5,5000000,5000,50000,True,0.0001,,0.0,0.0,1.0,2000,train_pred_mse,5000,0.6840503546305464,0.6767838026120924,7.157048742479312e-05,278.85314004200484,1858.6085490875312,35.04546640401387,1.0,0.0,0.0,0,500,500,4000,42.63213539123535
ok,ptft,13,5000,0.255,1275,0.255,10000,1.0,0.0,0.0,0.1,1.0,0.1,0.0,unit_total_var,,0.5,5000000,5000,50000,True,0.0001,,0.0,0.0,1.0,2000,train_pred_mse,5000,0.7330909253731265,0.7527480532507314,6.731423943899405e-05,269.52099209387694,1996.9333320046694,37.63050583600006,1.0,0.0,0.0,0,500,500,4000,35.305078744888306
ok,ptft,14,5000,0.255,1275,0.255,10000,1.0,0.0,0.0,0.1,1.0,0.1,0.0,unit_total_var,,0.5,5000000,5000,50000,True,0.0001,,0.0,0.0,1.0,2000,train_pred_mse,5000,0.8030494874896719,0.7959730360540406,6.320247754341499e-05,275.6565437909183,2038.1549265108483,38.325606818101676,1.0,0.0,0.0,0,500,500,4000,64.56098008155823
ok,ptft,15,5000,0.255,1275,0.255,10000,1.0,0.0,0.0,0.1,1.0,0.1,0.0,unit_total_var,,0.5,5000000,5000,50000,True,0.0001,,0.0,0.0,1.0,2000,train_pred_mse,5000,0.7626143410366121,0.7623681623261856,6.649367562891401e-05,281.2689803423175,1910.8450448766087,35.813644521869634,1.0,0.0,0.0,0,500,500,4000,39.42849183082581
ok,ptft,16,5000,0.255,1275,0.255,10000,1.0,0.0,0.0,0.1,1.0,0.1,0.0,unit_total_var,,0.5,5000000,5000,50000,True,0.0001,,0.0,0.0,1.0,2000,train_pred_mse,5000,0.7112168347161713,0.6989593813400594,6.777610388270253e-05,271.27189370962435,1846.021965663024,34.529874355449216,1.0,0.0,0.0,0,500,500,4000,39.587884426116936
ok,ptft,17,5000,0.255,1275,0.255,10000,1.0,0.0,0.0,0.1,1.0,0.1,0.0,unit_total_var,,0.5,5000000,5000,50000,True,0.0001,,0.0,0.0,1.0,2000,train_pred_mse,5000,0.712165662393718,0.7045116295705262,6.919353970400225e-05,284.7679662828883,1875.1562045474386,34.90146246107422,1.0,0.0,0.0,0,500,500,4000,42.25676560401917
ok,ptft,18,5000,0.255,1275,0.255,10000,1.0,0.0,0.0,0.1,1.0,0.1,0.0,unit_total_var,,0.5,5000000,5000,50000,True,0.0001,,0.0,0.0,1.0,2000,train_pred_mse,5000,0.6763184014418401,0.6752386837251676,6.639938748615915e-05,283.70356188153664,1824.932784196842,34.22733157691612,1.0,0.0,0.0,0,500,500,4000,34.01427936553955
ok,ptft,19,5000,0.255,1275,0.255,10000,1.0,0.0,0.0,0.1,1.0,0.1,0.0,unit_total_var,,0.5,5000000,5000,50000,True,0.0001,,0.0,0.0,1.0,2000,train_pred_mse,5000,0.7187398467019777,0.7268088329846681,7.593594749585414e-05,281.4661431375172,1884.8769752117873,35.3593969586563,1.0,0.0,0.0,0,500,500,4000,58.40063643455506
ok,ptft,6,5000,0.255,1275,0.255,10000,1.0,0.0,0.0,0.1,1.0,0.1,0.0,unit_total_var,,0.5,5000000,5000,50000,True,0.0001,,0.0,0.0,1.0,2000,train_pred_mse,5000,0.7062962776582947,0.7082639468132842,6.0881517070802464e-05,272.86624016496523,1920.3666337193813,36.21217261339885,1.0,0.0,0.0,0,500,500,4000,42.18511605262756
ok,ptft,7,5000,0.255,1275,0.255,10000,1.0,0.0,0.0,0.1,1.0,0.1,0.0,unit_total_var,,0.5,5000000,5000,50000,True,0.0001,,0.0,0.0,1.0,2000,train_pred_mse,5000,0.7548739444097227,0.7552340797820851,6.669816589632241e-05,277.26266971051,1869.51046524599,34.992963711996296,1.0,0.0,0.0,0,500,500,4000,51.9909496307373
ok,ptft,8,5000,0.255,1275,0.255,10000,1.0,0.0,0.0,0.1,1.0,0.1,0.0,unit_total_var,,0.5,5000000,5000,50000,True,0.0001,,0.0,0.0,1.0,2000,train_pred_mse,5000,0.780096437876616,0.7782243837371561,7.035636034518699e-05,279.1830803943298,1939.997251192393,36.183303023059906,1.0,0.0,0.0,0,500,500,4000,29.89030408859253
ok,ptft,9,5000,0.255,1275,0.255,10000,1.0,0.0,0.0,0.1,1.0,0.1,0.0,unit_total_var,,0.5,5000000,5000,50000,True,0.0001,,0.0,0.0,1.0,2000,train_pred_mse,5000,0.7190842051327869,0.705770496949206,6.769426453006196e-05,284.6130790526732,1857.9240021952612,34.967420960070946,1.0,0.0,0.0,0,500,500,4000,38.803393363952644
ok,ptft,10,5000,0.30400000000000005,1520,0.304,10000,1.0,0.0,0.0,0.1,1.0,0.1,0.0,unit_total_var,,0.5,5000000,5000,50000,True,0.0001,,0.0,0.0,1.0,2000,train_pred_mse,5000,0.7433547407236051,0.7170032672324155,0.0002072351653875495,321.4902822642096,2058.154276316439,39.367073471735466,1.0,0.0,0.0,0,500,500,4000,43.89581727981568
ok,ptft,11,5000,0.30400000000000005,1520,0.304,10000,1.0,0.0,0.0,0.1,1.0,0.1,0.0,unit_total_var,,0.5,5000000,5000,50000,True,0.0001,,0.0,0.0,1.0,2000,train_pred_mse,5000,0.7778748992443449,0.772831832791802,0.00023376635416175282,322.7739789809644,2122.691322242808,40.471582164159216,1.0,0.0,0.0,0,500,500,4000,51.86078047752381
ok,ptft,12,5000,0.30400000000000005,1520,0.304,10000,1.0,0.0,0.0,0.1,1.0,0.1,0.0,unit_total_var,,0.5,5000000,5000,50000,True,0.0001,,0.0,0.0,1.0,2000,train_pred_mse,5000,0.6352380287426278,0.6328119199615527,0.00020059434986934024,333.5174608060462,1955.2731383683933,37.50022688569915,1.0,0.0,0.0,0,500,500,4000,58.472692012786865
ok,ptft,13,5000,0.30400000000000005,1520,0.304,10000,1.0,0.0,0.0,0.1,1.0,0.1,0.0,unit_total_var,,0.5,5000000,5000,50000,True,0.0001,,0.0,0.0,1.0,2000,train_pred_mse,5000,0.6904860443509584,0.7100738660485951,0.00020806622008022032,315.0694716845042,2060.6713734144573,39.731619472864345,1.0,0.0,0.0,0,500,500,4000,51.27914547920227
ok,ptft,14,5000,0.30400000000000005,1520,0.304,10000,1.0,0.0,0.0,0.1,1.0,0.1,0.0,unit_total_var,,0.5,5000000,5000,50000,True,0.0001,,0.0,0.0,1.0,2000,train_pred_mse,5000,0.7747854438133686,0.7595169717989613,0.00020808701995714293,332.24961890557694,2111.8278380976103,40.17220205731814,1.0,0.0,0.0,0,500,500,4000,74.2841420173645
ok,ptft,15,5000,0.30400000000000005,1520,0.304,10000,1.0,0.0,0.0,0.1,1.0,0.1,0.0,unit_total_var,,0.5,5000000,5000,50000,True,0.0001,,0.0,0.0,1.0,2000,train_pred_mse,5000,0.6723320623004082,0.6841434717606966,0.00021670891983245326,330.56846855291036,2087.055299166577,40.12967986287069,1.0,0.0,0.0,0,500,500,4000,49.2830924987793
ok,ptft,16,5000,0.30400000000000005,1520,0.304,10000,1.0,0.0,0.0,0.1,1.0,0.1,0.0,unit_total_var,,0.5,5000000,5000,50000,True,0.0001,,0.0,0.0,1.0,2000,train_pred_mse,5000,0.6495770780195685,0.6466815022620447,0.00022203744115913525,326.9943975932371,1952.8391791858692,37.353929324353814,1.0,0.0,0.0,0,500,500,4000,67.81128239631653
ok,ptft,17,5000,0.30400000000000005,1520,0.304,10000,1.0,0.0,0.0,0.1,1.0,0.1,0.0,unit_total_var,,0.5,5000000,5000,50000,True,0.0001,,0.0,0.0,1.0,2000,train_pred_mse,5000,0.6495970022565541,0.6371497652457313,0.0002020184490192609,329.38670647543825,2004.358790172284,38.57439479011497,1.0,0.0,0.0,0,500,500,4000,69.03753900527954
ok,ptft,18,5000,0.30400000000000005,1520,0.304,10000,1.0,0.0,0.0,0.1,1.0,0.1,0.0,unit_total_var,,0.5,5000000,5000,50000,True,0.0001,,0.0,0.0,1.0,2000,train_pred_mse,5000,0.6037418073110834,0.6070585980959252,0.0001984711783003145,323.57323785758143,1998.9280160295216,38.21247146958786,1.0,0.0,0.0,0,500,500,4000,52.10042834281922
ok,ptft,19,5000,0.30400000000000005,1520,0.304,10000,1.0,0.0,0.0,0.1,1.0,0.1,0.0,unit_total_var,,0.5,5000000,5000,50000,True,0.0001,,0.0,0.0,1.0,2000,train_pred_mse,5000,0.6544717370166607,0.6725002310852225,0.00022119548049972823,328.34122042677916,2007.0319433228478,38.2953137034986,1.0,0.0,0.0,0,500,500,4000,44.073229551315315
ok,ptft,6,5000,0.30400000000000005,1520,0.304,10000,1.0,0.0,0.0,0.1,1.0,0.1,0.0,unit_total_var,,0.5,5000000,5000,50000,True,0.0001,,0.0,0.0,1.0,2000,train_pred_mse,5000,0.6663707135316571,0.6585232915558633,0.00018579169908609084,318.86491037654514,2041.3289290545351,39.030338827666654,1.0,0.0,0.0,0,500,500,4000,35.635984897613525
ok,ptft,7,5000,0.30400000000000005,1520,0.304,10000,1.0,0.0,0.0,0.1,1.0,0.1,0.0,unit_total_var,,0.5,5000000,5000,50000,True,0.0001,,0.0,0.0,1.0,2000,train_pred_mse,5000,0.6822763847469512,0.68516893668068,0.00022016710213128442,326.3209461544992,2035.8646717654813,38.86859333254401,1.0,0.0,0.0,0,500,500,4000,61.32002592086792
ok,ptft,8,5000,0.30400000000000005,1520,0.304,10000,1.0,0.0,0.0,0.1,1.0,0.1,0.0,unit_total_var,,0.5,5000000,5000,50000,True,0.0001,,0.0,0.0,1.0,2000,train_pred_mse,5000,0.7220946962746675,0.7113861855801742,0.00020898428518369936,328.22384120924613,2060.1975280491565,39.615077852418935,1.0,0.0,0.0,0,500,500,4000,43.52561402320862
ok,ptft,9,5000,0.30400000000000005,1520,0.304,10000,1.0,0.0,0.0,0.1,1.0,0.1,0.0,unit_total_var,,0.5,5000000,5000,50000,True,0.0001,,0.0,0.0,1.0,2000,train_pred_mse,5000,0.6728221176975315,0.6479919050118105,0.00023588488052031137,327.30383347637866,1989.1174444253384,38.259969933068355,1.0,0.0,0.0,0,500,500,4000,46.26178979873657
ok,ptft,10,5000,0.35300000000000004,1765,0.353,10000,1.0,0.0,0.0,0.1,1.0,0.1,0.0,unit_total_var,,0.5,5000000,5000,50000,True,0.0001,,0.0,0.0,1.0,2000,train_pred_mse,5000,0.6833969842904731,0.6539888046288851,0.00039976852306490237,378.40488657056716,2166.663699454639,42.312553689365394,1.0,0.0,0.0,0,500,500,4000,68.28900337219238
ok,ptft,11,5000,0.35300000000000004,1765,0.353,10000,1.0,0.0,0.0,0.1,1.0,0.1,0.0,unit_total_var,,0.5,5000000,5000,50000,True,0.0001,,0.0,0.0,1.0,2000,train_pred_mse,10000,0.6784366718616611,0.6899210543839851,4.023267076422244e-05,0.02022021535556231,2267.894308973893,44.48315530571585,1.0,0.0,0.0,0,500,500,4000,118.578875541687
ok,ptft,12,5000,0.35300000000000004,1765,0.353,10000,1.0,0.0,0.0,0.1,1.0,0.1,0.0,unit_total_var,,0.5,5000000,5000,50000,True,0.0001,,0.0,0.0,1.0,2000,train_pred_mse,5000,0.5636603167545554,0.5681025354623894,0.00043802447788311277,355.5615220764855,2077.3671891570466,40.72591062656817,1.0,0.0,0.0,0,500,500,4000,67.80997586250304
ok,ptft,13,5000,0.35300000000000004,1765,0.353,10000,1.0,0.0,0.0,0.1,1.0,0.1,0.0,unit_total_var,,0.5,5000000,5000,50000,True,0.0001,,0.0,0.0,1.0,2000,train_pred_mse,5000,0.6184554251841801,0.6235470400264721,0.00044146496765761124,366.44218066048205,2234.3979800249167,43.927766415815036,1.0,0.0,0.0,0,500,500,4000,62.022130250930786
ok,ptft,14,5000,0.35300000000000004,1765,0.353,10000,1.0,0.0,0.0,0.1,1.0,0.1,0.0,unit_total_var,,0.5,5000000,5000,50000,True,0.0001,,0.0,0.0,1.0,2000,train_pred_mse,5000,0.6689999453077209,0.6777770057998662,0.0004592108890907707,378.73331757439917,2232.0225856964453,43.846930456737795,1.0,0.0,0.0,0,500,500,4000,57.13737440109253
ok,ptft,15,5000,0.35300000000000004,1765,0.353,10000,1.0,0.0,0.0,0.1,1.0,0.1,0.0,unit_total_var,,0.5,5000000,5000,50000,True,0.0001,,0.0,0.0,1.0,2000,train_pred_mse,5000,0.6059885131054598,0.6045823520366688,0.0004466095230881831,380.126778095054,2209.080644373762,43.748769721292994,1.0,0.0,0.0,0,500,500,4000,71.00098562240599
ok,ptft,16,5000,0.35300000000000004,1765,0.353,10000,1.0,0.0,0.0,0.1,1.0,0.1,0.0,unit_total_var,,0.5,5000000,5000,50000,True,0.0001,,0.0,0.0,1.0,2000,train_pred_mse,5000,0.5706069248454507,0.5677549548013403,0.00038468630570449473,362.2489784784256,2110.8022740783354,41.43704758095304,1.0,0.0,0.0,0,500,500,4000,50.92216372489929
ok,ptft,17,5000,0.35300000000000004,1765,0.353,10000,1.0,0.0,0.0,0.1,1.0,0.1,0.0,unit_total_var,,0.5,5000000,5000,50000,True,0.0001,,0.0,0.0,1.0,2000,train_pred_mse,5000,0.5824131661521434,0.5684914716862889,0.00043494893752974323,368.5297631860992,2128.1411652545003,42.039435794824016,1.0,0.0,0.0,0,500,500,4000,58.61248636245728
ok,ptft,18,5000,0.35300000000000004,1765,0.353,10000,1.0,0.0,0.0,0.1,1.0,0.1,0.0,unit_total_var,,0.5,5000000,5000,50000,True,0.0001,,0.0,0.0,1.0,2000,train_pred_mse,5000,0.5671326584286605,0.5592264539135348,0.0004182011097192599,363.95460739798415,2056.0167357070795,40.443257319392536,1.0,0.0,0.0,0,500,500,4000,58.73135924339294
ok,ptft,19,5000,0.35300000000000004,1765,0.353,10000,1.0,0.0,0.0,0.1,1.0,0.1,0.0,unit_total_var,,0.5,5000000,5000,50000,True,0.0001,,0.0,0.0,1.0,2000,train_pred_mse,5000,0.6101534892184931,0.6147304253675062,0.00044451387072670683,369.9185870295776,2108.878515417493,41.119875240246294,1.0,0.0,0.0,0,500,500,4000,86.5461254119873
ok,ptft,6,5000,0.35300000000000004,1765,0.353,10000,1.0,0.0,0.0,0.1,1.0,0.1,0.0,unit_total_var,,0.5,5000000,5000,50000,True,0.0001,,0.0,0.0,1.0,2000,train_pred_mse,5000,0.5873796402151195,0.5889601652939093,0.000405945456005994,359.0764841341214,2138.3206324995026,42.28752971908217,1.0,0.0,0.0,0,500,500,4000,64.62132930755615
ok,ptft,7,5000,0.35300000000000004,1765,0.353,10000,1.0,0.0,0.0,0.1,1.0,0.1,0.0,unit_total_var,,0.5,5000000,5000,50000,True,0.0001,,0.0,0.0,1.0,2000,train_pred_mse,5000,0.6104260070770448,0.615478255996798,0.0004425453255382452,370.73967295435,2156.425125504074,42.3806138845488,1.0,0.0,0.0,0,500,500,4000,45.88986802101135
ok,ptft,8,5000,0.35300000000000004,1765,0.353,10000,1.0,0.0,0.0,0.1,1.0,0.1,0.0,unit_total_var,,0.5,5000000,5000,50000,True,0.0001,,0.0,0.0,1.0,2000,train_pred_mse,5000,0.6852686116047872,0.6699473247237123,0.0004358736007737955,375.1921969503032,2124.712736410825,41.70694314408903,1.0,0.0,0.0,0,500,500,4000,54.43355584144592
ok,ptft,9,5000,0.35300000000000004,1765,0.353,10000,1.0,0.0,0.0,0.1,1.0,0.1,0.0,unit_total_var,,0.5,5000000,5000,50000,True,0.0001,,0.0,0.0,1.0,2000,train_pred_mse,5000,0.5904141224160357,0.5794862589896493,0.000432426735746632,376.33981847894887,2088.796173414636,41.528854177303636,1.0,0.0,0.0,0,500,500,4000,52.23865842819214
ok,ptft,10,5000,0.402,2010,0.402,10000,1.0,0.0,0.0,0.1,1.0,0.1,0.0,unit_total_var,,0.5,5000000,5000,50000,True,0.0001,,0.0,0.0,1.0,2000,train_pred_mse,10000,0.578684236057014,0.5738457145489806,9.651009808617708e-05,0.033415212363356976,2277.0536997369736,46.096452099621665,1.0,0.0,0.0,0,500,500,4000,155.6128447055817
ok,ptft,11,5000,0.402,2010,0.402,10000,1.0,0.0,0.0,0.1,1.0,0.1,0.0,unit_total_var,,0.5,5000000,5000,50000,True,0.0001,,0.0,0.0,1.0,2000,train_pred_mse,10000,0.6075488629368105,0.6048476980987155,9.941293585680052e-05,0.0341463166485608,2389.8411722325973,48.151710429114246,1.0,0.0,0.0,0,500,500,4000,159.34289240837097
ok,ptft,12,5000,0.402,2010,0.402,10000,1.0,0.0,0.0,0.1,1.0,0.1,0.0,unit_total_var,,0.5,5000000,5000,50000,True,0.0001,,0.0,0.0,1.0,2000,train_pred_mse,10000,0.5018005858988734,0.5082303597146056,9.614894708452168e-05,0.03462930049152253,2186.203798743782,43.82453467317318,1.0,0.0,0.0,0,500,500,4000,148.67368483543396
ok,ptft,13,5000,0.402,2010,0.402,10000,1.0,0.0,0.0,0.1,1.0,0.1,0.0,unit_total_var,,0.5,5000000,5000,50000,True,0.0001,,0.0,0.0,1.0,2000,train_pred_mse,10000,0.5474550631295279,0.5635098976060714,9.236550847188492e-05,0.03258369078715905,2305.7835222046388,46.77626350345531,1.0,0.0,0.0,0,500,500,4000,124.63626623153688
ok,ptft,14,5000,0.402,2010,0.402,10000,1.0,0.0,0.0,0.1,1.0,0.1,0.0,unit_total_var,,0.5,5000000,5000,50000,True,0.0001,,0.0,0.0,1.0,2000,train_pred_mse,10000,0.6172878840538573,0.6088466581470022,9.504900608922841e-05,0.032526504475108374,2320.5166342031325,47.20094263190578,1.0,0.0,0.0,0,500,500,4000,136.67097783088684
ok,ptft,15,5000,0.402,2010,0.402,10000,1.0,0.0,0.0,0.1,1.0,0.1,0.0,unit_total_var,,0.5,5000000,5000,50000,True,0.0001,,0.0,0.0,1.0,2000,train_pred_mse,10000,0.5639173595072442,0.5789864116010043,9.327089251673835e-05,0.034007759111824264,2245.45491233705,45.17913763082573,1.0,0.0,0.0,0,500,500,4000,112.7961359024048
ok,ptft,16,5000,0.402,2010,0.402,10000,1.0,0.0,0.0,0.1,1.0,0.1,0.0,unit_total_var,,0.5,5000000,5000,50000,True,0.0001,,0.0,0.0,1.0,2000,train_pred_mse,10000,0.5499379522188012,0.5356773014439856,8.802925598379561e-05,0.033547808353963544,2149.777545657022,43.093187963659524,1.0,0.0,0.0,0,500,500,4000,147.95395755767822
ok,ptft,17,5000,0.402,2010,0.402,10000,1.0,0.0,0.0,0.1,1.0,0.1,0.0,unit_total_var,,0.5,5000000,5000,50000,True,0.0001,,0.0,0.0,1.0,2000,train_pred_mse,10000,0.5454706364458232,0.532252703908851,8.957568287695956e-05,0.033901598998480484,2158.809031017794,43.779405004886996,1.0,0.0,0.0,0,500,500,4000,102.16109395027159
ok,ptft,18,5000,0.402,2010,0.402,10000,1.0,0.0,0.0,0.1,1.0,0.1,0.0,unit_total_var,,0.5,5000000,5000,50000,True,0.0001,,0.0,0.0,1.0,2000,train_pred_mse,10000,0.5241034892787069,0.5218982927428336,7.718046154878623e-05,0.0301490394618212,2146.118820104336,42.551942471539846,1.0,0.0,0.0,0,500,500,4000,154.7315480709076
ok,ptft,19,5000,0.402,2010,0.402,10000,1.0,0.0,0.0,0.1,1.0,0.1,0.0,unit_total_var,,0.5,5000000,5000,50000,True,0.0001,,0.0,0.0,1.0,2000,train_pred_mse,10000,0.552762109073397,0.5609998324937243,8.508801641154276e-05,0.031060988878478867,2181.3882634688566,43.89766729022102,1.0,0.0,0.0,0,500,500,4000,188.6967828273773
ok,ptft,6,5000,0.402,2010,0.402,10000,1.0,0.0,0.0,0.1,1.0,0.1,0.0,unit_total_var,,0.5,5000000,5000,50000,True,0.0001,,0.0,0.0,1.0,2000,train_pred_mse,10000,0.5558325171880578,0.5516715165088184,9.116908661272691e-05,0.0343559490232998,2211.829577621594,44.266183854929764,1.0,0.0,0.0,0,500,500,4000,192.39867949485782
ok,ptft,7,5000,0.402,2010,0.402,10000,1.0,0.0,0.0,0.1,1.0,0.1,0.0,unit_total_var,,0.5,5000000,5000,50000,True,0.0001,,0.0,0.0,1.0,2000,train_pred_mse,10000,0.5771722117110379,0.5778528297499944,9.639947175612438e-05,0.034949372244344204,2226.458916312344,44.38900465219552,1.0,0.0,0.0,0,500,500,4000,138.00197052955627
ok,ptft,8,5000,0.402,2010,0.402,10000,1.0,0.0,0.0,0.1,1.0,0.1,0.0,unit_total_var,,0.5,5000000,5000,50000,True,0.0001,,0.0,0.0,1.0,2000,train_pred_mse,10000,0.5593635700096947,0.5621520839926375,9.489194176869925e-05,0.033911832907283564,2296.596413444011,46.78533871346149,1.0,0.0,0.0,0,500,500,4000,96.78914451599121
ok,ptft,9,5000,0.402,2010,0.402,10000,1.0,0.0,0.0,0.1,1.0,0.1,0.0,unit_total_var,,0.5,5000000,5000,50000,True,0.0001,,0.0,0.0,1.0,2000,train_pred_mse,10000,0.5468749315299583,0.5326380207383803,8.90168327976622e-05,0.03348985126114695,2171.898306841124,44.08254284013567,1.0,0.0,0.0,0,500,500,4000,175.37920427322388
ok,ptft,10,5000,0.451,2255,0.451,10000,1.0,0.0,0.0,0.1,1.0,0.1,0.0,unit_total_var,,0.5,5000000,5000,50000,True,0.0001,,0.0,0.0,1.0,2000,train_pred_mse,10000,0.5160720482904648,0.5115734400763904,0.0001670561368978895,0.04728937727142303,2332.3280250041503,48.784521536003545,1.0,0.0,0.0,0,500,500,4000,169.9605002403259
ok,ptft,11,5000,0.451,2255,0.451,10000,1.0,0.0,0.0,0.1,1.0,0.1,0.0,unit_total_var,,0.5,5000000,5000,50000,True,0.0001,,0.0,0.0,1.0,2000,train_pred_mse,10000,0.5517794258734658,0.5430244711780677,0.00020839086780251624,0.052700471092009135,2442.041583656221,50.58208517411561,1.0,0.0,0.0,0,500,500,4000,169.12255167961118
ok,ptft,12,5000,0.451,2255,0.451,10000,1.0,0.0,0.0,0.1,1.0,0.1,0.0,unit_total_var,,0.5,5000000,5000,50000,True,0.0001,,0.0,0.0,1.0,2000,train_pred_mse,10000,0.4561355243844811,0.4606108519218186,0.00017353761226229469,0.04864805039465943,2233.0974998758898,45.93412713543246,1.0,0.0,0.0,0,500,500,4000,134.4179105758667
ok,ptft,13,5000,0.451,2255,0.451,10000,1.0,0.0,0.0,0.1,1.0,0.1,0.0,unit_total_var,,0.5,5000000,5000,50000,True,0.0001,,0.0,0.0,1.0,2000,train_pred_mse,10000,0.5025957640562044,0.5150443475414045,0.00020494798871157068,0.053380403333283165,2342.399966391282,48.75283047275522,1.0,0.0,0.0,0,500,500,4000,162.61395478248596
ok,ptft,14,5000,0.451,2255,0.451,10000,1.0,0.0,0.0,0.1,1.0,0.1,0.0,unit_total_var,,0.5,5000000,5000,50000,True,0.0001,,0.0,0.0,1.0,2000,train_pred_mse,10000,0.5325634342684221,0.5352743281521575,0.00019086047106984285,0.04989171950224326,2391.636116186448,50.20045552731122,1.0,0.0,0.0,0,500,500,4000,164.90546345710752
ok,ptft,15,5000,0.451,2255,0.451,10000,1.0,0.0,0.0,0.1,1.0,0.1,0.0,unit_total_var,,0.5,5000000,5000,50000,True,0.0001,,0.0,0.0,1.0,2000,train_pred_mse,10000,0.5015982179469294,0.5025763124875895,0.00019843927428600332,0.053370129437703084,2337.871476061077,48.496046426375855,1.0,0.0,0.0,0,500,500,4000,161.6952245235443
ok,ptft,16,5000,0.451,2255,0.451,10000,1.0,0.0,0.0,0.1,1.0,0.1,0.0,unit_total_var,,0.5,5000000,5000,50000,True,0.0001,,0.0,0.0,1.0,2000,train_pred_mse,10000,0.4725977793746186,0.4591275027124621,0.00015952117877827358,0.04709549920699372,2226.5969904351755,46.58367558247542,1.0,0.0,0.0,0,500,500,4000,159.31989622116092
ok,ptft,17,5000,0.451,2255,0.451,10000,1.0,0.0,0.0,0.1,1.0,0.1,0.0,unit_total_var,,0.5,5000000,5000,50000,True,0.0001,,0.0,0.0,1.0,2000,train_pred_mse,10000,0.5054672361963454,0.4937159070666586,0.00018133198211753749,0.05229787867894512,2222.3496908818574,45.548017606587706,1.0,0.0,0.0,0,500,500,4000,147.11892366409305
ok,ptft,18,5000,0.451,2255,0.451,10000,1.0,0.0,0.0,0.1,1.0,0.1,0.0,unit_total_var,,0.5,5000000,5000,50000,True,0.0001,,0.0,0.0,1.0,2000,train_pred_mse,10000,0.4776818533171579,0.4702297057939695,0.00016750088182142863,0.04884396312259643,2209.6851870083483,45.03737470184797,1.0,0.0,0.0,0,500,500,4000,138.32420325279236
ok,ptft,19,5000,0.451,2255,0.451,10000,1.0,0.0,0.0,0.1,1.0,0.1,0.0,unit_total_var,,0.5,5000000,5000,50000,True,0.0001,,0.0,0.0,1.0,2000,train_pred_mse,10000,0.468798437238832,0.4797415932020485,0.00018616096148669952,0.05076459870245442,2279.628696834567,47.4515392340028,1.0,0.0,0.0,0,500,500,4000,140.82616567611694
ok,ptft,6,5000,0.451,2255,0.451,10000,1.0,0.0,0.0,0.1,1.0,0.1,0.0,unit_total_var,,0.5,5000000,5000,50000,True,0.0001,,0.0,0.0,1.0,2000,train_pred_mse,10000,0.4791737613248104,0.4805995747871221,0.00016986626248138465,0.04744117539652128,2269.916682224396,47.32928210510414,1.0,0.0,0.0,0,500,500,4000,113.14779853820801
ok,ptft,7,5000,0.451,2255,0.451,10000,1.0,0.0,0.0,0.1,1.0,0.1,0.0,unit_total_var,,0.5,5000000,5000,50000,True,0.0001,,0.0,0.0,1.0,2000,train_pred_mse,10000,0.5353559193821725,0.5222753846469111,0.0001658099253443982,0.047041314325236935,2292.001008164578,46.801365952644176,1.0,0.0,0.0,0,500,500,4000,154.98017072677612
ok,ptft,8,5000,0.451,2255,0.451,10000,1.0,0.0,0.0,0.1,1.0,0.1,0.0,unit_total_var,,0.5,5000000,5000,50000,True,0.0001,,0.0,0.0,1.0,2000,train_pred_mse,10000,0.5252962708399931,0.5121617576186708,0.00019706666446925027,0.05231809961667167,2328.824692319853,48.85873488311208,1.0,0.0,0.0,0,500,500,4000,164.5937967300415
ok,ptft,9,5000,0.451,2255,0.451,10000,1.0,0.0,0.0,0.1,1.0,0.1,0.0,unit_total_var,,0.5,5000000,5000,50000,True,0.0001,,0.0,0.0,1.0,2000,train_pred_mse,10000,0.4796173895112762,0.4730089456747227,0.00017632152734779448,0.04974335706485501,2247.9347681833124,46.620252249724274,1.0,0.0,0.0,0,500,500,4000,155.777676820755
ok,ptft,10,5000,0.5,2500,0.5,10000,1.0,0.0,0.0,0.1,1.0,0.1,0.0,unit_total_var,,0.5,5000000,5000,50000,True,0.0001,,0.0,0.0,1.0,2000,train_pred_mse,15000,0.451656902981574,0.4485464757748533,0.00010011504338074116,0.01809643433658246,2391.743190441673,51.47218524817007,1.0,0.0,0.0,0,500,500,4000,376.2368092536926
ok,ptft,11,5000,0.5,2500,0.5,10000,1.0,0.0,0.0,0.1,1.0,0.1,0.0,unit_total_var,,0.5,5000000,5000,50000,True,0.0001,,0.0,0.0,1.0,2000,train_pred_mse,10000,0.4732949641082692,0.4670720398443234,0.00028395472277914155,0.0619606330704514,2468.247817947502,53.54057670421706,1.0,0.0,0.0,0,500,500,4000,162.05117177963257
ok,ptft,12,5000,0.5,2500,0.5,10000,1.0,0.0,0.0,0.1,1.0,0.1,0.0,unit_total_var,,0.5,5000000,5000,50000,True,0.0001,,0.0,0.0,1.0,2000,train_pred_mse,10000,0.4051841698498127,0.4067067543741945,0.00029328199170943235,0.0681758912707498,2227.799227564103,48.21725581604957,0.9998,0.0,0.0,0,500,500,4000,134.57758975028992
ok,ptft,13,5000,0.5,2500,0.5,10000,1.0,0.0,0.0,0.1,1.0,0.1,0.0,unit_total_var,,0.5,5000000,5000,50000,True,0.0001,,0.0,0.0,1.0,2000,train_pred_mse,10000,0.4577466355030825,0.4598664964476559,0.00029130893226000666,0.06628736247389587,2381.5629010424336,51.042526078536476,1.0,0.0,0.0,0,500,500,4000,198.1047503948212
ok,ptft,14,5000,0.5,2500,0.5,10000,1.0,0.0,0.0,0.1,1.0,0.1,0.0,unit_total_var,,0.5,5000000,5000,50000,True,0.0001,,0.0,0.0,1.0,2000,train_pred_mse,10000,0.4998122885612804,0.5036218880307861,0.00029363287546123264,0.06484295783017291,2415.4916972979518,51.418425656749314,1.0,0.0,0.0,0,500,500,4000,178.24863529205322
ok,ptft,15,5000,0.5,2500,0.5,10000,1.0,0.0,0.0,0.1,1.0,0.1,0.0,unit_total_var,,0.5,5000000,5000,50000,True,0.0001,,0.0,0.0,1.0,2000,train_pred_mse,10000,0.4612143369310599,0.4587386612940241,0.0002850782898546158,0.06427470758113846,2343.014809668685,50.18655392197136,1.0,0.0,0.0,0,500,500,4000,178.95766353607178
ok,ptft,16,5000,0.5,2500,0.5,10000,1.0,0.0,0.0,0.1,1.0,0.1,0.0,unit_total_var,,0.5,5000000,5000,50000,True,0.0001,,0.0,0.0,1.0,2000,train_pred_mse,15000,0.4210323852279838,0.4125932605776687,0.0001020535906200794,0.019300561724226492,2260.9603787134392,48.72120365713147,1.0,0.0,0.0,0,500,500,4000,253.86328840255737
ok,ptft,17,5000,0.5,2500,0.5,10000,1.0,0.0,0.0,0.1,1.0,0.1,0.0,unit_total_var,,0.5,5000000,5000,50000,True,0.0001,,0.0,0.0,1.0,2000,train_pred_mse,10000,0.3986852670874484,0.39302470980779936,0.00027364722305970126,0.0621528931501676,2293.1927457070165,49.948306597706754,1.0,0.0,0.0,0,500,500,4000,196.41402196884155
ok,ptft,18,5000,0.5,2500,0.5,10000,1.0,0.0,0.0,0.1,1.0,0.1,0.0,unit_total_var,,0.5,5000000,5000,50000,True,0.0001,,0.0,0.0,1.0,2000,train_pred_mse,10000,0.4033935047968109,0.3973810754320877,0.0002905048174334747,0.06693620805352178,2233.7514680475088,48.18768345404799,1.0,0.0,0.0,0,500,500,4000,184.4926507472992
ok,ptft,19,5000,0.5,2500,0.5,10000,1.0,0.0,0.0,0.1,1.0,0.1,0.0,unit_total_var,,0.5,5000000,5000,50000,True,0.0001,,0.0,0.0,1.0,2000,train_pred_mse,10000,0.4224440893248917,0.4228608466666836,0.0002787943756590479,0.0636282380228222,2304.236091469441,49.77871112147571,1.0,0.0,0.0,0,500,500,4000,189.09824204444885
ok,ptft,6,5000,0.5,2500,0.5,10000,1.0,0.0,0.0,0.1,1.0,0.1,0.0,unit_total_var,,0.5,5000000,5000,50000,True,0.0001,,0.0,0.0,1.0,2000,train_pred_mse,10000,0.41700445267077374,0.41912084833782537,0.00029931400028296746,0.06806830328426036,2290.437559951072,49.87590348058021,1.0,0.0,0.0,0,500,500,4000,211.8150691986084
ok,ptft,7,5000,0.5,2500,0.5,10000,1.0,0.0,0.0,0.1,1.0,0.1,0.0,unit_total_var,,0.5,5000000,5000,50000,True,0.0001,,0.0,0.0,1.0,2000,train_pred_mse,10000,0.438224747536672,0.4404637729581696,0.00029782013772824604,0.06707537278013438,2361.578201598005,50.1895481646547,1.0,0.0,0.0,0,500,500,4000,170.47900986671448
ok,ptft,8,5000,0.5,2500,0.5,10000,1.0,0.0,0.0,0.1,1.0,0.1,0.0,unit_total_var,,0.5,5000000,5000,50000,True,0.0001,,0.0,0.0,1.0,2000,train_pred_mse,15000,0.4549310321897336,0.4705311300064981,0.00010734137870727459,0.019506304411848918,2379.3201767876985,50.67690165516721,1.0,0.0,0.0,0,500,500,4000,367.3755295276642
ok,ptft,9,5000,0.5,2500,0.5,10000,1.0,0.0,0.0,0.1,1.0,0.1,0.0,unit_total_var,,0.5,5000000,5000,50000,True,0.0001,,0.0,0.0,1.0,2000,train_pred_mse,10000,0.4277610322247967,0.4246684088639094,0.0002754447471175213,0.06456439333180597,2262.3776803262267,48.634303868815444,1.0,0.0,0.0,0,500,500,4000,155.90381598472598
ok,ptft,10,5000,0.01,50,0.01,10000,1e-06,0.0,0.0,0.1,1.0,0.1,0.0,unit_total_var,,0.5,5000000,5000,50000,True,0.0001,,0.0,0.0,1.0,2000,train_pred_mse,5000,1.1956480824435278,1.1657729904451717,2.2062817560570942e-08,268.22002432976717,403.15797251807265,24.03974228109394,0.6248,0.0,0.0,0,500,500,4000,5.399409055709839
ok,ptft,11,5000,0.01,50,0.01,10000,1e-06,0.0,0.0,0.1,1.0,0.1,0.0,unit_total_var,,0.5,5000000,5000,50000,True,0.0001,,0.0,0.0,1.0,2000,train_pred_mse,5000,1.258550587873985,1.245002444334973,2.6561193840542098e-08,270.0305481426257,398.3923227324839,24.62045038133366,0.6386,0.0,0.0,0,500,500,4000,6.253451347351074
ok,ptft,12,5000,0.01,50,0.01,10000,1e-06,0.0,0.0,0.1,1.0,0.1,0.0,unit_total_var,,0.5,5000000,5000,50000,True,0.0001,,0.0,0.0,1.0,2000,train_pred_mse,5000,1.0697907622394058,1.0699899733164882,6.819619878180596e-09,281.03459907161596,418.9652275308979,25.893068717135147,0.6462,0.0,0.0,0,500,500,4000,6.3278658390045175
ok,ptft,13,5000,0.01,50,0.01,10000,1e-06,0.0,0.0,0.1,1.0,0.1,0.0,unit_total_var,,0.5,5000000,5000,50000,True,0.0001,,0.0,0.0,1.0,2000,train_pred_mse,5000,1.161593722210034,1.189493293627059,3.187355733826532e-09,269.7705848224137,431.9537974627685,26.357965663543283,0.6462,0.0,0.0,0,500,500,4000,4.748420476913452
ok,ptft,14,5000,0.01,50,0.01,10000,1e-06,0.0,0.0,0.1,1.0,0.1,0.0,unit_total_var,,0.5,5000000,5000,50000,True,0.0001,,0.0,0.0,1.0,2000,train_pred_mse,5000,1.2084682397098423,1.2023041193221662,2.185843901293916e-08,268.9315724461225,365.98886295768585,21.559385976316232,0.6006,0.0,0.0,0,500,500,4000,11.261855840682983
ok,ptft,15,5000,0.01,50,0.01,10000,1e-06,0.0,0.0,0.1,1.0,0.1,0.0,unit_total_var,,0.5,5000000,5000,50000,True,0.0001,,0.0,0.0,1.0,2000,train_pred_mse,5000,1.127573075811701,1.1399268838750312,2.448974209488969e-08,251.73990319045154,378.04427671311936,23.310133114378697,0.623,0.0,0.0,0,500,500,4000,5.11419153213501
ok,ptft,16,5000,0.01,50,0.01,10000,1e-06,0.0,0.0,0.1,1.0,0.1,0.0,unit_total_var,,0.5,5000000,5000,50000,True,0.0001,,0.0,0.0,1.0,2000,train_pred_mse,5000,1.061039355442047,1.0654604142055106,4.037701233277603e-08,297.5827515244938,386.41382235124064,24.094342787369555,0.6498,0.0,0.0,0,500,500,4000,5.776873826980591
ok,ptft,17,5000,0.01,50,0.01,10000,1e-06,0.0,0.0,0.1,1.0,0.1,0.0,unit_total_var,,0.5,5000000,5000,50000,True,0.0001,,0.0,0.0,1.0,2000,train_pred_mse,5000,1.1021093462493292,1.0770336138806957,1.0607105171171749e-07,262.9893624161981,383.1979214977032,24.26725826155936,0.6134,0.0,0.0,0,500,500,4000,4.776486873626709
ok,ptft,18,5000,0.01,50,0.01,10000,1e-06,0.0,0.0,0.1,1.0,0.1,0.0,unit_total_var,,0.5,5000000,5000,50000,True,0.0001,,0.0,0.0,1.0,2000,train_pred_mse,5000,1.0517254967017815,1.0414035496162382,8.694729858663872e-09,273.5786973745719,396.07062441541,24.67123835287785,0.6486,0.0,0.0,0,500,500,4000,5.9429166316986075
ok,ptft,19,5000,0.01,50,0.01,10000,1e-06,0.0,0.0,0.1,1.0,0.1,0.0,unit_total_var,,0.5,5000000,5000,50000,True,0.0001,,0.0,0.0,1.0,2000,train_pred_mse,5000,1.0732357234013066,1.0953997785159713,1.1469119138161407e-08,258.3892434226988,379.09497544076135,23.005883483592125,0.5986,0.0,0.0,0,500,500,4000,6.086788892745973
ok,ptft,6,5000,0.01,50,0.01,10000,1e-06,0.0,0.0,0.1,1.0,0.1,0.0,unit_total_var,,0.5,5000000,5000,50000,True,0.0001,,0.0,0.0,1.0,2000,train_pred_mse,5000,1.1258948925096397,1.1202638186451517,7.518836638932422e-08,270.6085277755784,417.7438441620256,25.93917159302461,0.6504,0.0,0.0,0,500,500,4000,4.815648317337036
ok,ptft,7,5000,0.01,50,0.01,10000,1e-06,0.0,0.0,0.1,1.0,0.1,0.0,unit_total_var,,0.5,5000000,5000,50000,True,0.0001,,0.0,0.0,1.0,2000,train_pred_mse,5000,1.113871625143199,1.1214018739595162,3.5893029508431906e-08,273.15854725308327,381.49794866841904,23.34903779887815,0.6238,0.0,0.0,0,500,500,4000,5.94183349609375
ok,ptft,8,5000,0.01,50,0.01,10000,1e-06,0.0,0.0,0.1,1.0,0.1,0.0,unit_total_var,,0.5,5000000,5000,50000,True,0.0001,,0.0,0.0,1.0,2000,train_pred_mse,5000,1.2193925133938173,1.203986141096193,7.770387081043828e-09,252.9642064638054,438.1905642571019,27.31642958745601,0.6448,0.0,0.0,0,500,500,4000,5.621850728988648
ok,ptft,9,5000,0.01,50,0.01,10000,1e-06,0.0,0.0,0.1,1.0,0.1,0.0,unit_total_var,,0.5,5000000,5000,50000,True,0.0001,,0.0,0.0,1.0,2000,train_pred_mse,5000,1.105837974162901,1.0813807580391137,2.859040048788833e-08,258.8059571912715,397.6046054928604,24.23896182864043,0.6278,0.0,0.0,0,500,500,4000,5.762385129928589
ok,ptft,10,5000,0.059,295,0.059000000000000004,10000,1e-06,0.0,0.0,0.1,1.0,0.1,0.0,unit_total_var,,0.5,5000000,5000,50000,True,0.0001,,0.0,0.0,1.0,2000,train_pred_mse,20000,2.7062466599225963,2.686847268022663,0.00023320600568720924,0.022417507434829405,1494.6608086186407,90.58250212803594,0.9196,0.0,0.0,0,500,500,4000,27.553247928619385
ok,ptft,11,5000,0.059,295,0.059000000000000004,10000,1e-06,0.0,0.0,0.1,1.0,0.1,0.0,unit_total_var,,0.5,5000000,5000,50000,True,0.0001,,0.0,0.0,1.0,2000,train_pred_mse,25000,2.434273790353696,2.4750333902473747,0.00011665841230059658,0.01109847258083068,1349.615832904662,82.22275295261248,0.9036,0.0,0.0,0,500,500,4000,42.61172199249268
ok,ptft,12,5000,0.059,295,0.059000000000000004,10000,1e-06,0.0,0.0,0.1,1.0,0.1,0.0,unit_total_var,,0.5,5000000,5000,50000,True,0.0001,,0.0,0.0,1.0,2000,train_pred_mse,25000,2.26067234879624,2.2498055382415414,0.00018902696680304004,0.016745027758812862,1330.4325699638355,81.13728626705276,0.9088,0.0,0.0,0,500,500,4000,43.9093759059906
ok,ptft,13,5000,0.059,295,0.059000000000000004,10000,1e-06,0.0,0.0,0.1,1.0,0.1,0.0,unit_total_var,,0.5,5000000,5000,50000,True,0.0001,,0.0,0.0,1.0,2000,train_pred_mse,25000,2.367016591909729,2.3688771110973788,0.00013739457854773535,0.012581010345477137,1365.3512646439285,81.19776186450802,0.9068,0.0,0.0,0,500,500,4000,33.34104752540589
ok,ptft,14,5000,0.059,295,0.059000000000000004,10000,1e-06,0.0,0.0,0.1,1.0,0.1,0.0,unit_total_var,,0.5,5000000,5000,50000,True,0.0001,,0.0,0.0,1.0,2000,train_pred_mse,25000,2.9025814971862887,2.8632037365327023,0.00016360678103114512,0.013394783000558044,1520.8425643017263,93.71547584177117,0.9196,0.0,0.0,0,500,500,4000,38.13301944732665
ok,ptft,15,5000,0.059,295,0.059000000000000004,10000,1e-06,0.0,0.0,0.1,1.0,0.1,0.0,unit_total_var,,0.5,5000000,5000,50000,True,0.0001,,0.0,0.0,1.0,2000,train_pred_mse,25000,2.509951791707454,2.477568340940849,0.00014062663257675037,0.014488343845950153,1460.4254648914387,85.14274625683841,0.9248,0.0,0.0,0,500,500,4000,34.83090591430664
ok,ptft,16,5000,0.059,295,0.059000000000000004,10000,1e-06,0.0,0.0,0.1,1.0,0.1,0.0,unit_total_var,,0.5,5000000,5000,50000,True,0.0001,,0.0,0.0,1.0,2000,train_pred_mse,30000,2.152997211036661,2.1571657146611964,0.00013000868322902978,0.012417481775038158,1297.6172405698962,77.73125644934666,0.9054,0.0,0.0,0,500,500,4000,43.188924312591546
ok,ptft,17,5000,0.059,295,0.059000000000000004,10000,1e-06,0.0,0.0,0.1,1.0,0.1,0.0,unit_total_var,,0.5,5000000,5000,50000,True,0.0001,,0.0,0.0,1.0,2000,train_pred_mse,25000,2.075145876499824,2.0901480348402983,0.00017448387404307264,0.016188646384804554,1272.6697966102358,75.28611345048054,0.9092,0.0,0.0,0,500,500,4000,31.751933574676514
ok,ptft,18,5000,0.059,295,0.059000000000000004,10000,1e-06,0.0,0.0,0.1,1.0,0.1,0.0,unit_total_var,,0.5,5000000,5000,50000,True,0.0001,,0.0,0.0,1.0,2000,train_pred_mse,25000,2.161014451353309,2.1543265131556875,0.0001836071058705468,0.018033876241111062,1329.4395441644706,78.59521399353841,0.9072,0.0,0.0,0,500,500,4000,42.87571787834168
ok,ptft,19,5000,0.059,295,0.059000000000000004,10000,1e-06,0.0,0.0,0.1,1.0,0.1,0.0,unit_total_var,,0.5,5000000,5000,50000,True,0.0001,,0.0,0.0,1.0,2000,train_pred_mse,30000,2.098503826732949,2.0859042294587016,0.00015753898832590572,0.014112839129242626,1215.3073807088942,74.33524507961428,0.9102,0.0,0.0,0,500,500,4000,47.00886344909668
ok,ptft,6,5000,0.059,295,0.059000000000000004,10000,1e-06,0.0,0.0,0.1,1.0,0.1,0.0,unit_total_var,,0.5,5000000,5000,50000,True,0.0001,,0.0,0.0,1.0,2000,train_pred_mse,25000,2.120381978202304,2.1241389729408486,0.000194995251256356,0.018221547758719342,1218.9584701898837,75.58494887772096,0.8978,0.0,0.0,0,500,500,4000,60.05942487716675
ok,ptft,7,5000,0.059,295,0.059000000000000004,10000,1e-06,0.0,0.0,0.1,1.0,0.1,0.0,unit_total_var,,0.5,5000000,5000,50000,True,0.0001,,0.0,0.0,1.0,2000,train_pred_mse,30000,2.356370519505519,2.3547742385006054,0.0001346397489753723,0.01148079963501678,1358.4012682155596,81.97141574106989,0.9136,0.0,0.0,0,500,500,4000,58.688719749450684
ok,ptft,8,5000,0.059,295,0.059000000000000004,10000,1e-06,0.0,0.0,0.1,1.0,0.1,0.0,unit_total_var,,0.5,5000000,5000,50000,True,0.0001,,0.0,0.0,1.0,2000,train_pred_mse,25000,2.5334795784272823,2.5665675702006987,0.0001255622923275601,0.011039919676802543,1403.9576313419338,86.98932909455796,0.9134,0.0,0.0,0,500,500,4000,31.781342029571533
ok,ptft,9,5000,0.059,295,0.059000000000000004,10000,1e-06,0.0,0.0,0.1,1.0,0.1,0.0,unit_total_var,,0.5,5000000,5000,50000,True,0.0001,,0.0,0.0,1.0,2000,train_pred_mse,25000,2.1053627735255582,2.0519422601959363,0.00017552284915439806,0.017466505510508542,1232.0455775736855,73.7829127500187,0.8992,0.0,0.0,0,500,500,4000,32.801820755004876
ok,ptft,10,5000,0.10800000000000001,540,0.10800000000000001,10000,1e-06,0.0,0.0,0.1,1.0,0.1,0.0,unit_total_var,,0.5,5000000,5000,50000,True,0.0001,,0.0,0.0,1.0,2000,train_pred_mse,45000,2.2836645211568487,2.301200225100269,0.000139026487112053,0.007905384216883525,1665.3084306581222,82.74748562349323,0.9502,0.0,0.0,0,500,500,4000,99.76678085327148
ok,ptft,11,5000,0.10800000000000001,540,0.10800000000000001,10000,1e-06,0.0,0.0,0.1,1.0,0.1,0.0,unit_total_var,,0.5,5000000,5000,50000,True,0.0001,,0.0,0.0,1.0,2000,train_pred_mse,45000,2.268783840445193,2.2496298466469895,0.0001408089601307218,0.007541317089291005,1578.5658680711053,79.56726588783613,0.9436,0.0,0.0,0,500,500,4000,152.01608729362488
ok,ptft,12,5000,0.10800000000000001,540,0.10800000000000001,10000,1e-06,0.0,0.0,0.1,1.0,0.1,0.0,unit_total_var,,0.5,5000000,5000,50000,True,0.0001,,0.0,0.0,1.0,2000,train_pred_mse,50000,2.077487647966623,2.085371310813645,0.0001259571885887658,0.006240270706101797,1558.901953422442,79.33160083055837,0.9502,0.0,0.0,0,500,500,4000,122.49453377723694
ok,ptft,13,5000,0.10800000000000001,540,0.10800000000000001,10000,1e-06,0.0,0.0,0.1,1.0,0.1,0.0,unit_total_var,,0.5,5000000,5000,50000,True,0.0001,,0.0,0.0,1.0,2000,train_pred_mse,45000,2.0601242319898985,2.090903117685712,0.00013749305366188028,0.007519611315319861,1584.4179092860086,77.17321037918404,0.946,0.0,0.0,0,500,500,4000,126.27512216567992
ok,ptft,14,5000,0.10800000000000001,540,0.10800000000000001,10000,1e-06,0.0,0.0,0.1,1.0,0.1,0.0,unit_total_var,,0.5,5000000,5000,50000,True,0.0001,,0.0,0.0,1.0,2000,train_pred_mse,45000,2.3398310060086738,2.343181737483463,0.00014764316575238782,0.007849226401902314,1679.7693044562168,83.47649377226277,0.946,0.0,0.0,0,500,500,4000,166.64948868751526
ok,ptft,15,5000,0.10800000000000001,540,0.10800000000000001,10000,1e-06,0.0,0.0,0.1,1.0,0.1,0.0,unit_total_var,,0.5,5000000,5000,50000,True,0.0001,,0.0,0.0,1.0,2000,train_pred_mse,45000,2.195733684946916,2.2078622885972727,0.00014612995421669605,0.0076755991111423175,1668.436775372123,82.3295723107974,0.9470000000000001,0.0,0.0,0,500,500,4000,101.5589108467102
ok,ptft,16,5000,0.10800000000000001,540,0.10800000000000001,10000,1e-06,0.0,0.0,0.1,1.0,0.1,0.0,unit_total_var,,0.5,5000000,5000,50000,True,0.0001,,0.0,0.0,1.0,2000,train_pred_mse,45000,1.892510794213477,1.8803697724284345,0.0001433616325823857,0.008461679318243645,1505.9570256465472,72.67923406766556,0.941,0.0,0.0,0,500,500,4000,108.15626859664916
ok,ptft,17,5000,0.10800000000000001,540,0.10800000000000001,10000,1e-06,0.0,0.0,0.1,1.0,0.1,0.0,unit_total_var,,0.5,5000000,5000,50000,True,0.0001,,0.0,0.0,1.0,2000,train_pred_mse,45000,1.9344869689822928,1.8953041587847657,0.00014367084596100468,0.007845924648675591,1554.4441874822146,77.15881216951925,0.9470000000000001,0.0,0.0,0,500,500,4000,113.47580909729004
ok,ptft,18,5000,0.10800000000000001,540,0.10800000000000001,10000,1e-06,0.0,0.0,0.1,1.0,0.1,0.0,unit_total_var,,0.5,5000000,5000,50000,True,0.0001,,0.0,0.0,1.0,2000,train_pred_mse,50000,2.061603860517537,2.052104175279508,0.00011942693236386651,0.006355388805575075,1602.4108323293603,78.96067672866072,0.9436,0.0,0.0,0,500,500,4000,199.1419267654419
ok,ptft,19,5000,0.10800000000000001,540,0.10800000000000001,10000,1e-06,0.0,0.0,0.1,1.0,0.1,0.0,unit_total_var,,0.5,5000000,5000,50000,True,0.0001,,0.0,0.0,1.0,2000,train_pred_mse,50000,2.057862443956865,2.0872429243083497,0.00012146757107533574,0.006377480925677038,1514.7818397447718,77.68559039480678,0.9428,0.0,0.0,0,500,500,4000,177.35832381248474
ok,ptft,6,5000,0.10800000000000001,540,0.10800000000000001,10000,1e-06,0.0,0.0,0.1,1.0,0.1,0.0,unit_total_var,,0.5,5000000,5000,50000,True,0.0001,,0.0,0.0,1.0,2000,train_pred_mse,45000,2.133197084051716,2.1007046631246693,0.0001367551760824014,0.007703817445676609,1592.9064420227328,79.28587043622251,0.9454,0.0,0.0,0,500,500,4000,277.74851775169367
ok,ptft,7,5000,0.10800000000000001,540,0.10800000000000001,10000,1e-06,0.0,0.0,0.1,1.0,0.1,0.0,unit_total_var,,0.5,5000000,5000,50000,True,0.0001,,0.0,0.0,1.0,2000,train_pred_mse,50000,2.2257474429032933,2.256216850094063,0.0001337561955391139,0.00665825995471984,1653.710404903279,84.38777767164827,0.9476,0.0,0.0,0,500,500,4000,249.15569019317627
ok,ptft,8,5000,0.10800000000000001,540,0.10800000000000001,10000,1e-06,0.0,0.0,0.1,1.0,0.1,0.0,unit_total_var,,0.5,5000000,5000,50000,True,0.0001,,0.0,0.0,1.0,2000,train_pred_mse,45000,2.266373293966143,2.2213099915316974,0.00012711681835122322,0.006810165038958683,1658.0615401319753,82.46600181587891,0.9464,0.0,0.0,0,500,500,4000,87.83161544799805
ok,ptft,9,5000,0.10800000000000001,540,0.10800000000000001,10000,1e-06,0.0,0.0,0.1,1.0,0.1,0.0,unit_total_var,,0.5,5000000,5000,50000,True,0.0001,,0.0,0.0,1.0,2000,train_pred_mse,45000,2.063450291091385,2.0664549332157,0.000123075851821709,0.006620459317685157,1617.0410880547192,80.31648768917171,0.9506,0.0,0.0,0,500,500,4000,133.92559623718262
ok,ptft,10,5000,0.15700000000000006,785,0.157,10000,1e-06,0.0,0.0,0.1,1.0,0.1,0.0,unit_total_var,,0.5,5000000,5000,50000,True,0.0001,,0.0,0.0,1.0,2000,train_pred_mse,75000,1.6618064535210084,1.6530072572414205,0.0001083239588989405,0.005063317532962282,1577.6452219416865,67.97069230495119,0.9554,0.0,0.0,0,500,500,4000,311.864666223526
ok,ptft,11,5000,0.15700000000000006,785,0.157,10000,1e-06,0.0,0.0,0.1,1.0,0.1,0.0,unit_total_var,,0.5,5000000,5000,50000,True,0.0001,,0.0,0.0,1.0,2000,train_pred_mse,75000,1.7190010491746592,1.747804281596623,0.00010114720790680442,0.004648556241664636,1680.2496066192707,70.76444676315684,0.9512,0.0,0.0,0,500,500,4000,462.6411442756653
ok,ptft,12,5000,0.15700000000000006,785,0.157,10000,1e-06,0.0,0.0,0.1,1.0,0.1,0.0,unit_total_var,,0.5,5000000,5000,50000,True,0.0001,,0.0,0.0,1.0,2000,train_pred_mse,70000,1.3645470460545779,1.367647854190242,0.00010453709302612668,0.005187551844315726,1530.0648119435,65.18576079402328,0.9632,0.0,0.0,0,500,500,4000,296.1471636295318
ok,ptft,13,5000,0.15700000000000006,785,0.157,10000,1e-06,0.0,0.0,0.1,1.0,0.1,0.0,unit_total_var,,0.5,5000000,5000,50000,True,0.0001,,0.0,0.0,1.0,2000,train_pred_mse,75000,1.6920056824994634,1.677480847217652,9.44562436799914e-05,0.004356978402542812,1601.0514891960113,68.53321123217097,0.9520000000000001,0.0,0.0,0,500,500,4000,295.61668944358826
ok,ptft,14,5000,0.15700000000000006,785,0.157,10000,1e-06,0.0,0.0,0.1,1.0,0.1,0.0,unit_total_var,,0.5,5000000,5000,50000,True,0.0001,,0.0,0.0,1.0,2000,train_pred_mse,70000,1.6898448611353691,1.6771760326664304,0.00011699750340929348,0.005830562432832425,1583.925327268653,67.96611057684919,0.9568,0.0,0.0,0,500,500,4000,268.80293393135065
ok,ptft,15,5000,0.15700000000000006,785,0.157,10000,1e-06,0.0,0.0,0.1,1.0,0.1,0.0,unit_total_var,,0.5,5000000,5000,50000,True,0.0001,,0.0,0.0,1.0,2000,train_pred_mse,75000,1.5344872047599565,1.5527496794481983,0.0001084681726126796,0.005557839187587943,1574.0333383592003,66.82260372218944,0.9552,0.0,0.0,0,500,500,4000,401.4301722049713
ok,ptft,16,5000,0.15700000000000006,785,0.157,10000,1e-06,0.0,0.0,0.1,1.0,0.1,0.0,unit_total_var,,0.5,5000000,5000,50000,True,0.0001,,0.0,0.0,1.0,2000,train_pred_mse,80000,1.358082312121062,1.358372618510617,0.00010040914641768697,0.005171926710925592,1443.4041102706515,61.53334582937175,0.9578,0.0,0.0,0,500,500,4000,306.09481287002563
ok,ptft,17,5000,0.15700000000000006,785,0.157,10000,1e-06,0.0,0.0,0.1,1.0,0.1,0.0,unit_total_var,,0.5,5000000,5000,50000,True,0.0001,,0.0,0.0,1.0,2000,train_pred_mse,75000,1.4454361142309065,1.4327367921118412,0.00010318059157076946,0.005228368443844465,1536.4432740667282,64.71747885531681,0.9548,0.0,0.0,0,500,500,4000,400.9807670116425
ok,ptft,18,5000,0.15700000000000006,785,0.157,10000,1e-06,0.0,0.0,0.1,1.0,0.1,0.0,unit_total_var,,0.5,5000000,5000,50000,True,0.0001,,0.0,0.0,1.0,2000,train_pred_mse,70000,1.3860329456126579,1.4309309142496172,0.0001146821976658913,0.005658219887105479,1543.5230007494522,65.78893562813367,0.9542,0.0,0.0,0,500,500,4000,484.3846802711487
ok,ptft,19,5000,0.15700000000000006,785,0.157,10000,1e-06,0.0,0.0,0.1,1.0,0.1,0.0,unit_total_var,,0.5,5000000,5000,50000,True,0.0001,,0.0,0.0,1.0,2000,train_pred_mse,75000,1.4535050884948724,1.4825859802878922,9.704126679669484e-05,0.004539876160886366,1539.8932029580415,65.19183524191082,0.96,0.0,0.0,0,500,500,4000,295.3475182056427
ok,ptft,6,5000,0.15700000000000006,785,0.157,10000,1e-06,0.0,0.0,0.1,1.0,0.1,0.0,unit_total_var,,0.5,5000000,5000,50000,True,0.0001,,0.0,0.0,1.0,2000,train_pred_mse,80000,1.5964116407367306,1.6086078545786888,9.916798270290395e-05,0.004423568235786275,1526.7048197600961,67.87175254565076,0.95,0.0,0.0,0,500,500,4000,707.711936712265
ok,ptft,7,5000,0.15700000000000006,785,0.157,10000,1e-06,0.0,0.0,0.1,1.0,0.1,0.0,unit_total_var,,0.5,5000000,5000,50000,True,0.0001,,0.0,0.0,1.0,2000,train_pred_mse,75000,1.5483597962238271,1.5459391125227482,0.00010182358715926636,0.005054202087769189,1550.907129198461,66.48945000919342,0.9514,0.0,0.0,0,500,500,4000,503.8097574710846
ok,ptft,8,5000,0.15700000000000006,785,0.157,10000,1e-06,0.0,0.0,0.1,1.0,0.1,0.0,unit_total_var,,0.5,5000000,5000,50000,True,0.0001,,0.0,0.0,1.0,2000,train_pred_mse,75000,1.4855453731900965,1.4994827086668048,0.00010221537556403271,0.00515993708668105,1560.0530327615961,65.74309191879601,0.9578,0.0,0.0,0,500,500,4000,534.7788546085359
ok,ptft,9,5000,0.15700000000000006,785,0.157,10000,1e-06,0.0,0.0,0.1,1.0,0.1,0.0,unit_total_var,,0.5,5000000,5000,50000,True,0.0001,,0.0,0.0,1.0,2000,train_pred_mse,75000,1.4456929381657848,1.4593601945221453,9.573325771224526e-05,0.004803713654386298,1532.9133955511145,65.40538346824638,0.9540000000000001,0.0,0.0,0,500,500,4000,388.8210980892181
ok,ptft,10,5000,0.206,1030,0.20600000000000002,10000,1e-06,0.0,0.0,0.1,1.0,0.1,0.0,unit_total_var,,0.5,5000000,5000,50000,True,0.0001,,0.0,0.0,1.0,2000,train_pred_mse,115000,1.0910523980073987,1.0983149633078368,8.658911373724459e-05,0.0038663132545776525,1569.3516885628135,60.91204053449178,0.9584,0.0,0.0,0,500,500,4000,636.9373826980592
ok,ptft,11,5000,0.206,1030,0.20600000000000002,10000,1e-06,0.0,0.0,0.1,1.0,0.1,0.0,unit_total_var,,0.5,5000000,5000,50000,True,0.0001,,0.0,0.0,1.0,2000,train_pred_mse,105000,1.2342521114705072,1.2174834706873885,8.8965245487888e-05,0.004186606386061432,1637.0171617314174,62.52312391583848,0.9652,0.0,0.0,0,500,500,4000,825.1785976886749
ok,ptft,12,5000,0.206,1030,0.20600000000000002,10000,1e-06,0.0,0.0,0.1,1.0,0.1,0.0,unit_total_var,,0.5,5000000,5000,50000,True,0.0001,,0.0,0.0,1.0,2000,train_pred_mse,110000,1.0319510072735472,1.014805390351179,8.513580055667807e-05,0.0037573712245379844,1536.1410835425418,59.51766574977084,0.9612,0.0,0.0,0,500,500,4000,647.7412025928497
ok,ptft,13,5000,0.206,1030,0.20600000000000002,10000,1e-06,0.0,0.0,0.1,1.0,0.1,0.0,unit_total_var,,0.5,5000000,5000,50000,True,0.0001,,0.0,0.0,1.0,2000,train_pred_mse,105000,1.1301802691798046,1.1268827655728444,8.859135977894209e-05,0.004119213160253008,1667.4977719168728,62.43192921558033,0.9616,0.0,0.0,0,500,500,4000,597.0467131137847
ok,ptft,14,5000,0.206,1030,0.20600000000000002,10000,1e-06,0.0,0.0,0.1,1.0,0.1,0.0,unit_total_var,,0.5,5000000,5000,50000,True,0.0001,,0.0,0.0,1.0,2000,train_pred_mse,100000,1.2435850834333153,1.251345340333963,9.260838241548536e-05,0.004178394231807177,1664.7407856397465,62.183109171721384,0.9586,0.0,0.0,0,500,500,4000,572.1894934177399
ok,ptft,15,5000,0.206,1030,0.20600000000000002,10000,1e-06,0.0,0.0,0.1,1.0,0.1,0.0,unit_total_var,,0.5,5000000,5000,50000,True,0.0001,,0.0,0.0,1.0,2000,train_pred_mse,110000,1.1976408429463388,1.166118125243188,8.509479737666061e-05,0.003763084674693588,1615.504226389337,61.525519260183614,0.9572,0.0,0.0,0,500,500,4000,653.2290241718292
ok,ptft,16,5000,0.206,1030,0.20600000000000002,10000,1e-06,0.0,0.0,0.1,1.0,0.1,0.0,unit_total_var,,0.5,5000000,5000,50000,True,0.0001,,0.0,0.0,1.0,2000,train_pred_mse,105000,0.9996188806955479,0.9931005915601752,9.083405806583758e-05,0.004222315239617632,1523.3408339190191,58.163761834648675,0.9608,0.0,0.0,0,500,500,4000,629.4758269786835
ok,ptft,17,5000,0.206,1030,0.20600000000000002,10000,1e-06,0.0,0.0,0.1,1.0,0.1,0.0,unit_total_var,,0.5,5000000,5000,50000,True,0.0001,,0.0,0.0,1.0,2000,train_pred_mse,110000,1.0228512742447964,1.0204563851895978,8.6259583770551e-05,0.00405688779105044,1500.7168172945596,57.04476373356246,0.9582,0.0,0.0,0,500,500,4000,1037.9124467372894
ok,ptft,18,5000,0.206,1030,0.20600000000000002,10000,1e-06,0.0,0.0,0.1,1.0,0.1,0.0,unit_total_var,,0.5,5000000,5000,50000,True,0.0001,,0.0,0.0,1.0,2000,train_pred_mse,120000,1.1008529030303296,1.1002605920483255,7.863920861308676e-05,0.003454970468707605,1524.8455198418574,58.964230113425685,0.956,0.0,0.0,0,500,500,4000,433.844810962677
ok,ptft,19,5000,0.206,1030,0.20600000000000002,10000,1e-06,0.0,0.0,0.1,1.0,0.1,0.0,unit_total_var,,0.5,5000000,5000,50000,True,0.0001,,0.0,0.0,1.0,2000,train_pred_mse,110000,1.0567836661570018,1.045761363132493,8.36838672996997e-05,0.003965524750544488,1503.6197209805594,56.95455693592931,0.9588,0.0,0.0,0,500,500,4000,863.9131879806519
ok,ptft,6,5000,0.206,1030,0.20600000000000002,10000,1e-06,0.0,0.0,0.1,1.0,0.1,0.0,unit_total_var,,0.5,5000000,5000,50000,True,0.0001,,0.0,0.0,1.0,2000,train_pred_mse,110000,1.087661640783972,1.0669658414174459,8.235761999190159e-05,0.003741584702120064,1563.7492851051638,59.62144277991639,0.9640000000000001,0.0,0.0,0,500,500,4000,1227.4555745124815
ok,ptft,7,5000,0.206,1030,0.20600000000000002,10000,1e-06,0.0,0.0,0.1,1.0,0.1,0.0,unit_total_var,,0.5,5000000,5000,50000,True,0.0001,,0.0,0.0,1.0,2000,train_pred_mse,110000,1.1856423362995894,1.2105035220190696,8.761959093809246e-05,0.004087422224007503,1614.3467390615176,60.46901873026442,0.9594,0.0,0.0,0,500,500,4000,974.3045415878296
ok,ptft,8,5000,0.206,1030,0.20600000000000002,10000,1e-06,0.0,0.0,0.1,1.0,0.1,0.0,unit_total_var,,0.5,5000000,5000,50000,True,0.0001,,0.0,0.0,1.0,2000,train_pred_mse,115000,1.1740099731136262,1.1531241122805822,8.117574461514936e-05,0.003363463609510842,1678.6848648172909,64.67001913745429,0.96,0.0,0.0,0,500,500,4000,1304.3363127708435
ok,ptft,9,5000,0.206,1030,0.20600000000000002,10000,1e-06,0.0,0.0,0.1,1.0,0.1,0.0,unit_total_var,,0.5,5000000,5000,50000,True,0.0001,,0.0,0.0,1.0,2000,train_pred_mse,120000,1.150736393446118,1.145729503121384,8.358178373524948e-05,0.003637952458869615,1562.1677623846847,59.961018712111546,0.9554,0.0,0.0,0,500,500,4000,1028.2020800113678
ok,ptft,10,5000,0.255,1275,0.255,10000,1e-06,0.0,0.0,0.1,1.0,0.1,0.0,unit_total_var,,0.5,5000000,5000,50000,True,0.0001,,0.0,0.0,1.0,2000,train_pred_mse,160000,0.7878745224895388,0.7818490726895568,7.113788081828416e-05,0.002872061766700319,1636.4926595410868,59.97235632710429,0.963,0.0,0.0,0,500,500,4000,2000.3060398101807
ok,ptft,11,5000,0.255,1275,0.255,10000,1e-06,0.0,0.0,0.1,1.0,0.1,0.0,unit_total_var,,0.5,5000000,5000,50000,True,0.0001,,0.0,0.0,1.0,2000,train_pred_mse,155000,0.8293872573350158,0.8369860717940101,7.198985278183922e-05,0.002825412714838132,1679.8194120970215,60.62493598857474,0.9636,0.0,0.0,0,500,500,4000,1545.0112512111664
ok,ptft,12,5000,0.255,1275,0.255,10000,1e-06,0.0,0.0,0.1,1.0,0.1,0.0,unit_total_var,,0.5,5000000,5000,50000,True,0.0001,,0.0,0.0,1.0,2000,train_pred_mse,155000,0.786447857376962,0.7794994582413357,7.048517978797794e-05,0.0029385050304803037,1587.5004888843253,56.95583404651373,0.9628,0.0,0.0,0,500,500,4000,1141.9010310173035
ok,ptft,13,5000,0.255,1275,0.255,10000,1e-06,0.0,0.0,0.1,1.0,0.1,0.0,unit_total_var,,0.5,5000000,5000,50000,True,0.0001,,0.0,0.0,1.0,2000,train_pred_mse,140000,0.8627769186584987,0.8665380711424892,7.643206785786426e-05,0.003299744831253295,1663.5776475144214,59.22538950611992,0.9614,0.0,0.0,0,500,500,4000,1254.852248430252
ok,ptft,14,5000,0.255,1275,0.255,10000,1e-06,0.0,0.0,0.1,1.0,0.1,0.0,unit_total_var,,0.5,5000000,5000,50000,True,0.0001,,0.0,0.0,1.0,2000,train_pred_mse,145000,0.8053142110619479,0.8316688628502258,7.319306336997248e-05,0.002927481313376268,1687.3278457268952,61.1519622345541,0.9666,0.0,0.0,0,500,500,4000,1257.9375514984129
ok,ptft,15,5000,0.255,1275,0.255,10000,1e-06,0.0,0.0,0.1,1.0,0.1,0.0,unit_total_var,,0.5,5000000,5000,50000,True,0.0001,,0.0,0.0,1.0,2000,train_pred_mse,155000,0.7886736648751485,0.7876094246115309,7.064602979726379e-05,0.002975438999666416,1560.8140428002616,56.792756712273366,0.9646,0.0,0.0,0,500,500,4000,1371.11288523674
ok,ptft,16,5000,0.255,1275,0.255,10000,1e-06,0.0,0.0,0.1,1.0,0.1,0.0,unit_total_var,,0.5,5000000,5000,50000,True,0.0001,,0.0,0.0,1.0,2000,train_pred_mse,150000,0.759782697116043,0.7495876433371376,7.139249218674851e-05,0.0028967986725313435,1547.1184553926025,56.312992747421866,0.9652,0.0,0.0,0,500,500,4000,1505.8234641551971
ok,ptft,17,5000,0.255,1275,0.255,10000,1e-06,0.0,0.0,0.1,1.0,0.1,0.0,unit_total_var,,0.5,5000000,5000,50000,True,0.0001,,0.0,0.0,1.0,2000,train_pred_mse,160000,0.7466301238919021,0.7361073498516962,6.560370162225899e-05,0.002705816668199475,1553.082589842046,56.65526673917448,0.9640000000000001,0.0,0.0,0,500,500,4000,1212.0230343341827
ok,ptft,18,5000,0.255,1275,0.255,10000,1e-06,0.0,0.0,0.1,1.0,0.1,0.0,unit_total_var,,0.5,5000000,5000,50000,True,0.0001,,0.0,0.0,1.0,2000,train_pred_mse,155000,0.6845046661731813,0.6802317330791026,7.045528438505625e-05,0.0030315203678216588,1514.9640060214788,53.48145276466739,0.9588,0.0,0.0,0,500,500,4000,943.0067667961121
ok,ptft,19,5000,0.255,1275,0.255,10000,1e-06,0.0,0.0,0.1,1.0,0.1,0.0,unit_total_var,,0.5,5000000,5000,50000,True,0.0001,,0.0,0.0,1.0,2000,train_pred_mse,145000,0.7364402077328861,0.7299383448764838,7.443255786306218e-05,0.0031362547781651155,1566.527519856706,56.43164729344711,0.9620000000000001,0.0,0.0,0,500,500,4000,1487.7435383796692
ok,ptft,6,5000,0.255,1275,0.255,10000,1e-06,0.0,0.0,0.1,1.0,0.1,0.0,unit_total_var,,0.5,5000000,5000,50000,True,0.0001,,0.0,0.0,1.0,2000,train_pred_mse,155000,0.7521203467735678,0.7496310795010553,7.242799363888034e-05,0.002956747941740844,1596.6156611753167,58.1276543839637,0.9648,0.0,0.0,0,500,500,4000,1915.401175737381
ok,ptft,7,5000,0.255,1275,0.255,10000,1e-06,0.0,0.0,0.1,1.0,0.1,0.0,unit_total_var,,0.5,5000000,5000,50000,True,0.0001,,0.0,0.0,1.0,2000,train_pred_mse,155000,0.7804816892079227,0.7817671764088809,7.06884163042802e-05,0.0030644518282263327,1557.432387207607,55.54012403131054,0.9638,0.0,0.0,0,500,500,4000,1611.4571375846865
ok,ptft,8,5000,0.255,1275,0.255,10000,1e-06,0.0,0.0,0.1,1.0,0.1,0.0,unit_total_var,,0.5,5000000,5000,50000,True,0.0001,,0.0,0.0,1.0,2000,train_pred_mse,160000,0.7961584635730657,0.8077437755205497,7.07076165351772e-05,0.002826044824172486,1636.313142339968,58.078735365125176,0.9652,0.0,0.0,0,500,500,4000,2348.8639628887177
ok,ptft,9,5000,0.255,1275,0.255,10000,1e-06,0.0,0.0,0.1,1.0,0.1,0.0,unit_total_var,,0.5,5000000,5000,50000,True,0.0001,,0.0,0.0,1.0,2000,train_pred_mse,155000,0.6871722156667184,0.6820694983957335,7.096808259497642e-05,0.0029238450315855844,1505.4651454040381,55.039337992259256,0.963,0.0,0.0,0,500,500,4000,1610.4775714874268
ok,ptft,10,5000,0.30400000000000005,1520,0.304,10000,1e-06,0.0,0.0,0.1,1.0,0.1,0.0,unit_total_var,,0.5,5000000,5000,50000,True,0.0001,,0.0,0.0,1.0,2000,train_pred_mse,205000,0.5450639828219923,0.5325504087963987,6.033040133892576e-05,0.0022586397991297283,1627.0440288884624,57.27821308657098,0.9624,0.0,0.0,0,500,500,4000,3046.711664199829
ok,ptft,11,5000,0.30400000000000005,1520,0.304,10000,1e-06,0.0,0.0,0.1,1.0,0.1,0.0,unit_total_var,,0.5,5000000,5000,50000,True,0.0001,,0.0,0.0,1.0,2000,train_pred_mse,210000,0.6364157804551808,0.618175854581575,6.039620152849674e-05,0.002112328784302894,1673.9162994117914,58.87024264858914,0.9678,0.0,0.0,0,500,500,4000,2589.311869621277
ok,ptft,12,5000,0.30400000000000005,1520,0.304,10000,1e-06,0.0,0.0,0.1,1.0,0.1,0.0,unit_total_var,,0.5,5000000,5000,50000,True,0.0001,,0.0,0.0,1.0,2000,train_pred_mse,210000,0.4320579380650572,0.4291940272539722,5.967179249873856e-05,0.002233418252756121,1488.9546704578797,54.23475093010629,0.9628,0.0,0.0,0,500,500,4000,1798.2401669025421
ok,ptft,13,5000,0.30400000000000005,1520,0.304,10000,1e-06,0.0,0.0,0.1,1.0,0.1,0.0,unit_total_var,,0.5,5000000,5000,50000,True,0.0001,,0.0,0.0,1.0,2000,train_pred_mse,200000,0.5275281108341463,0.5397074214026608,6.365220307992284e-05,0.002354019260167382,1606.604201057467,57.63652915381885,0.9656,0.0,0.0,0,500,500,4000,2131.3855283260345
ok,ptft,14,5000,0.30400000000000005,1520,0.304,10000,1e-06,0.0,0.0,0.1,1.0,0.1,0.0,unit_total_var,,0.5,5000000,5000,50000,True,0.0001,,0.0,0.0,1.0,2000,train_pred_mse,195000,0.4887424770453703,0.4923236101134996,5.938267889329733e-05,0.002207757876232766,1606.5587541825644,58.47367606046628,0.9716,0.0,0.0,0,500,500,4000,3140.1882989406586
ok,ptft,15,5000,0.30400000000000005,1520,0.304,10000,1e-06,0.0,0.0,0.1,1.0,0.1,0.0,unit_total_var,,0.5,5000000,5000,50000,True,0.0001,,0.0,0.0,1.0,2000,train_pred_mse,200000,0.4157736666865821,0.4126770605668196,6.21461336748162e-05,0.0022958772531209448,1590.889782382336,57.380702860868645,0.9704,0.0,0.0,0,500,500,4000,2208.067404031753
ok,ptft,16,5000,0.30400000000000005,1520,0.304,10000,1e-06,0.0,0.0,0.1,1.0,0.1,0.0,unit_total_var,,0.5,5000000,5000,50000,True,0.0001,,0.0,0.0,1.0,2000,train_pred_mse,220000,0.4589517227616982,0.4687125916404317,5.685480021216383e-05,0.002116161514687073,1507.3468438134955,54.467358224196474,0.9664,0.0,0.0,0,500,500,4000,1363.0632140636446
ok,ptft,17,5000,0.30400000000000005,1520,0.304,10000,1e-06,0.0,0.0,0.1,1.0,0.1,0.0,unit_total_var,,0.5,5000000,5000,50000,True,0.0001,,0.0,0.0,1.0,2000,train_pred_mse,220000,0.4501271928567843,0.4425746451644358,5.947354669761924e-05,0.002201771071105587,1526.591193415139,55.57394873373935,0.968,0.0,0.0,0,500,500,4000,2488.497434616089
ok,ptft,18,5000,0.30400000000000005,1520,0.304,10000,1e-06,0.0,0.0,0.1,1.0,0.1,0.0,unit_total_var,,0.5,5000000,5000,50000,True,0.0001,,0.0,0.0,1.0,2000,train_pred_mse,210000,0.3795435283711197,0.3814242515332534,5.814114499179052e-05,0.0021965882770875254,1508.7374824902483,55.18517212160111,0.9658,0.0,0.0,0,500,500,4000,1679.4259927272794
ok,ptft,19,5000,0.30400000000000005,1520,0.304,10000,1e-06,0.0,0.0,0.1,1.0,0.1,0.0,unit_total_var,,0.5,5000000,5000,50000,True,0.0001,,0.0,0.0,1.0,2000,train_pred_mse,210000,0.4702349282631216,0.4815452330695762,5.8033794943473595e-05,0.002201772104487144,1543.6846311563784,56.05662109201759,0.9672,0.0,0.0,0,500,500,4000,2232.067242860794
ok,ptft,6,5000,0.30400000000000005,1520,0.304,10000,1e-06,0.0,0.0,0.1,1.0,0.1,0.0,unit_total_var,,0.5,5000000,5000,50000,True,0.0001,,0.0,0.0,1.0,2000,train_pred_mse,220000,0.4312711809777624,0.4223350100634688,5.780993889175797e-05,0.00198364550237706,1541.9892792926642,56.579350239804675,0.9674,0.0,0.0,0,500,500,4000,3055.780763864517
ok,ptft,7,5000,0.30400000000000005,1520,0.304,10000,1e-06,0.0,0.0,0.1,1.0,0.1,0.0,unit_total_var,,0.5,5000000,5000,50000,True,0.0001,,0.0,0.0,1.0,2000,train_pred_mse,200000,0.4756846190468961,0.4800039967863288,5.8819390602334555e-05,0.0021787538141378173,1584.6580099634587,57.00315374988987,0.9694,0.0,0.0,0,500,500,4000,2248.1117010116573
ok,ptft,8,5000,0.30400000000000005,1520,0.304,10000,1e-06,0.0,0.0,0.1,1.0,0.1,0.0,unit_total_var,,0.5,5000000,5000,50000,True,0.0001,,0.0,0.0,1.0,2000,train_pred_mse,200000,0.4859975112877862,0.4749800583178878,6.00655851253407e-05,0.0021285422371129124,1581.970721569027,57.69555694170232,0.9664,0.0,0.0,0,500,500,4000,3341.7576715946198
ok,ptft,9,5000,0.30400000000000005,1520,0.304,10000,1e-06,0.0,0.0,0.1,1.0,0.1,0.0,unit_total_var,,0.5,5000000,5000,50000,True,0.0001,,0.0,0.0,1.0,2000,train_pred_mse,220000,0.4641618691694122,0.4549846470612765,5.7685790287280665e-05,0.0020672870117552306,1540.2307792905567,56.01142334129318,0.9628,0.0,0.0,0,500,500,4000,2390.386327981949
ok,ptft,10,5000,0.35300000000000004,1765,0.353,10000,1e-06,0.0,0.0,0.1,1.0,0.1,0.0,unit_total_var,,0.5,5000000,5000,50000,True,0.0001,,0.0,0.0,1.0,2000,train_pred_mse,305000,0.2691773207566415,0.2644782414022151,4.58494800259062e-05,0.0012968545000016907,1556.5344732532135,59.23415119789311,0.9690000000000001,0.0,0.0,0,500,500,4000,5294.768505811691
ok,ptft,11,5000,0.35300000000000004,1765,0.353,10000,1e-06,0.0,0.0,0.1,1.0,0.1,0.0,unit_total_var,,0.5,5000000,5000,50000,True,0.0001,,0.0,0.0,1.0,2000,train_pred_mse,285000,0.2312664230755795,0.2280261589521096,5.075168364412325e-05,0.0014805721104328019,1583.2552403340355,61.7067979067069,0.9688,0.0,0.0,0,500,500,4000,3849.835023880005
ok,ptft,12,5000,0.35300000000000004,1765,0.353,10000,1e-06,0.0,0.0,0.1,1.0,0.1,0.0,unit_total_var,,0.5,5000000,5000,50000,True,0.0001,,0.0,0.0,1.0,2000,train_pred_mse,295000,0.22872736383637854,0.229115991127298,4.76000803364119e-05,0.0014971309744650945,1486.8500473145252,56.71794396849392,0.9684,0.0,0.0,0,500,500,4000,2859.9237961769104
ok,ptft,13,5000,0.35300000000000004,1765,0.353,10000,1e-06,0.0,0.0,0.1,1.0,0.1,0.0,unit_total_var,,0.5,5000000,5000,50000,True,0.0001,,0.0,0.0,1.0,2000,train_pred_mse,300000,0.2028464725086646,0.1986527788199424,4.4117203920310194e-05,0.0011861201329673894,1566.5993405066367,61.82770182172945,0.9644,0.0,0.0,0,500,500,4000,3245.090618133545
ok,ptft,14,5000,0.35300000000000004,1765,0.353,10000,1e-06,0.0,0.0,0.1,1.0,0.1,0.0,unit_total_var,,0.5,5000000,5000,50000,True,0.0001,,0.0,0.0,1.0,2000,train_pred_mse,280000,0.2661258929062729,0.2676443708408149,4.676811139784016e-05,0.0013911579363433135,1601.4687397102896,61.29419165125222,0.9670000000000001,0.0,0.0,0,500,500,4000,5139.8038392066965
ok,ptft,15,5000,0.35300000000000004,1765,0.353,10000,1e-06,0.0,0.0,0.1,1.0,0.1,0.0,unit_total_var,,0.5,5000000,5000,50000,True,0.0001,,0.0,0.0,1.0,2000,train_pred_mse,300000,0.181228513879935,0.17938026354207134,4.695790854179615e-05,0.0012429061735706372,1518.3119077503652,61.64560539019124,0.9682,0.0,0.0,0,500,500,4000,4116.66742515564
ok,ptft,16,5000,0.35300000000000004,1765,0.353,10000,1e-06,0.0,0.0,0.1,1.0,0.1,0.0,unit_total_var,,0.5,5000000,5000,50000,True,0.0001,,0.0,0.0,1.0,2000,train_pred_mse,285000,0.19472841005096592,0.1960726263875787,4.566174198018056e-05,0.0014160321655958727,1464.197511443529,57.83191876549539,0.971,0.0,0.0,0,500,500,4000,4506.909964799881
ok,ptft,17,5000,0.35300000000000004,1765,0.353,10000,1e-06,0.0,0.0,0.1,1.0,0.1,0.0,unit_total_var,,0.5,5000000,5000,50000,True,0.0001,,0.0,0.0,1.0,2000,train_pred_mse,300000,0.16942689634843244,0.16561860355190353,4.4607439674269094e-05,0.0012680875878007087,1465.827846007926,58.889948536262686,0.9684,0.0,0.0,0,500,500,4000,4125.608656167984
ok,ptft,18,5000,0.35300000000000004,1765,0.353,10000,1e-06,0.0,0.0,0.1,1.0,0.1,0.0,unit_total_var,,0.5,5000000,5000,50000,True,0.0001,,0.0,0.0,1.0,2000,train_pred_mse,285000,0.2163306499343174,0.2155979784387374,4.903335029785425e-05,0.0015640597047061515,1465.8648361803982,56.428313250689115,0.9668,0.0,0.0,0,500,500,4000,3587.549238681793
ok,ptft,19,5000,0.35300000000000004,1765,0.353,10000,1e-06,0.0,0.0,0.1,1.0,0.1,0.0,unit_total_var,,0.5,5000000,5000,50000,True,0.0001,,0.0,0.0,1.0,2000,train_pred_mse,310000,0.22812660447575425,0.2332335640126812,4.566925954462614e-05,0.0013606559619659475,1487.7987523095096,57.59678510668535,0.9670000000000001,0.0,0.0,0,500,500,4000,4022.8851351737976
ok,ptft,6,5000,0.35300000000000004,1765,0.353,10000,1e-06,0.0,0.0,0.1,1.0,0.1,0.0,unit_total_var,,0.5,5000000,5000,50000,True,0.0001,,0.0,0.0,1.0,2000,train_pred_mse,300000,0.21288022966965714,0.21849644318086475,4.572075792155535e-05,0.0013435384933786225,1504.319920509427,58.936873138941266,0.966,0.0,0.0,0,500,500,4000,4593.714436292647
ok,ptft,7,5000,0.35300000000000004,1765,0.353,10000,1e-06,0.0,0.0,0.1,1.0,0.1,0.0,unit_total_var,,0.5,5000000,5000,50000,True,0.0001,,0.0,0.0,1.0,2000,train_pred_mse,270000,0.224017087512712,0.22213465043929465,4.961629123639533e-05,0.001596116725552468,1534.4411503350586,58.90840556075529,0.9714,0.0,0.0,0,500,500,4000,3137.633762121201
ok,ptft,8,5000,0.35300000000000004,1765,0.353,10000,1e-06,0.0,0.0,0.1,1.0,0.1,0.0,unit_total_var,,0.5,5000000,5000,50000,True,0.0001,,0.0,0.0,1.0,2000,train_pred_mse,280000,0.27271605309333463,0.2666997946273578,4.919534273357176e-05,0.0015529860104513064,1534.2754883002722,58.481148746967364,0.9726,0.0,0.0,0,500,500,4000,5106.23174405098
ok,ptft,9,5000,0.35300000000000004,1765,0.353,10000,1e-06,0.0,0.0,0.1,1.0,0.1,0.0,unit_total_var,,0.5,5000000,5000,50000,True,0.0001,,0.0,0.0,1.0,2000,train_pred_mse,290000,0.2365536723453061,0.232532637388896,4.772973991189586e-05,0.0014192934700547413,1491.1533830486817,57.80310244973645,0.9692,0.0,0.0,0,500,500,4000,3723.30788564682
ok,ptft,10,5000,0.402,2010,0.402,10000,1e-06,0.0,0.0,0.1,1.0,0.1,0.0,unit_total_var,,0.5,5000000,5000,50000,True,0.0001,,0.0,0.0,1.0,2000,train_pred_mse,400000,0.07821097063435721,0.07690343318482265,3.650821438290615e-05,0.0008157515290854116,1468.491527851057,64.37958051027253,0.9682,0.0,0.0,0,500,500,4000,4627.262447834015
ok,ptft,11,5000,0.402,2010,0.402,10000,1e-06,0.0,0.0,0.1,1.0,0.1,0.0,unit_total_var,,0.5,5000000,5000,50000,True,0.0001,,0.0,0.0,1.0,2000,train_pred_mse,405000,0.08327471861709068,0.0822890877251915,3.735259372017496e-05,0.000774362833393792,1515.8765089683552,67.06212979587806,0.9682,0.0,0.0,0,500,500,4000,6104.872658491136
ok,ptft,12,5000,0.402,2010,0.402,10000,1e-06,0.0,0.0,0.1,1.0,0.1,0.0,unit_total_var,,0.5,5000000,5000,50000,True,0.0001,,0.0,0.0,1.0,2000,train_pred_mse,380000,0.056760830994473176,0.05611164855658755,3.726324042091965e-05,0.0008686638596707786,1375.1150966174366,61.592045789151676,0.9668,0.0,0.0,0,500,500,4000,5566.401804685594
ok,ptft,13,5000,0.402,2010,0.402,10000,1e-06,0.0,0.0,0.1,1.0,0.1,0.0,unit_total_var,,0.5,5000000,5000,50000,True,0.0001,,0.0,0.0,1.0,2000,train_pred_mse,385000,0.0831834237159261,0.08268673781606431,3.822251565333315e-05,0.0008171685198020409,1493.0573852237096,64.06063606555941,0.9702,0.0,0.0,0,500,500,4000,4768.291763782501
ok,ptft,14,5000,0.402,2010,0.402,10000,1e-06,0.0,0.0,0.1,1.0,0.1,0.0,unit_total_var,,0.5,5000000,5000,50000,True,0.0001,,0.0,0.0,1.0,2000,train_pred_mse,390000,0.11236229830851713,0.11210295190956138,3.724386560637063e-05,0.0008242875222737588,1529.6978211540295,64.85418865139391,0.9744,0.0,0.0,0,500,500,4000,3543.6716542243958
ok,ptft,15,5000,0.402,2010,0.402,10000,1e-06,0.0,0.0,0.1,1.0,0.1,0.0,unit_total_var,,0.5,5000000,5000,50000,True,0.0001,,0.0,0.0,1.0,2000,train_pred_mse,385000,0.10746927208935786,0.10821832297240297,3.753298545733732e-05,0.0009043610138018506,1478.5345448889166,62.239053673418816,0.9684,0.0,0.0,0,500,500,4000,5796.392556667328
ok,ptft,16,5000,0.402,2010,0.402,10000,1e-06,0.0,0.0,0.1,1.0,0.1,0.0,unit_total_var,,0.5,5000000,5000,50000,True,0.0001,,0.0,0.0,1.0,2000,train_pred_mse,405000,0.0940835818874133,0.09130785588317704,3.543923260689223e-05,0.0008087244095101888,1397.8024205787965,60.327708585759574,0.9702,0.0,0.0,0,500,500,4000,5926.277175664903
ok,ptft,17,5000,0.402,2010,0.402,10000,1e-06,0.0,0.0,0.1,1.0,0.1,0.0,unit_total_var,,0.5,5000000,5000,50000,True,0.0001,,0.0,0.0,1.0,2000,train_pred_mse,390000,0.09353572579643284,0.09388010518854964,3.809501364977561e-05,0.0009364454243991721,1413.4363603952859,60.59194035889761,0.9692,0.0,0.0,0,500,500,4000,6031.028446674347
ok,ptft,18,5000,0.402,2010,0.402,10000,1e-06,0.0,0.0,0.1,1.0,0.1,0.0,unit_total_var,,0.5,5000000,5000,50000,True,0.0001,,0.0,0.0,1.0,2000,train_pred_mse,370000,0.08547891568351676,0.08456106421007445,3.884229422272205e-05,0.0009429062681260275,1403.2901485842926,59.4693399895986,0.9686,0.0,0.0,0,500,500,4000,4119.0792384147635
ok,ptft,19,5000,0.402,2010,0.402,10000,1e-06,0.0,0.0,0.1,1.0,0.1,0.0,unit_total_var,,0.5,5000000,5000,50000,True,0.0001,,0.0,0.0,1.0,2000,train_pred_mse,405000,0.0903476310400543,0.09154910585762413,3.623117849416997e-05,0.000847140681267726,1419.4702482238854,60.99764379801788,0.9740000000000001,0.0,0.0,0,500,500,4000,6171.410973548889
ok,ptft,6,5000,0.402,2010,0.402,10000,1e-06,0.0,0.0,0.1,1.0,0.1,0.0,unit_total_var,,0.5,5000000,5000,50000,True,0.0001,,0.0,0.0,1.0,2000,train_pred_mse,390000,0.06131494915801705,0.060351641635161886,3.4599095758142516e-05,0.0007663450363135313,1396.251124174351,62.85073097789219,0.9666,0.0,0.0,0,500,500,4000,4807.163803100586
ok,ptft,7,5000,0.402,2010,0.402,10000,1e-06,0.0,0.0,0.1,1.0,0.1,0.0,unit_total_var,,0.5,5000000,5000,50000,True,0.0001,,0.0,0.0,1.0,2000,train_pred_mse,375000,0.10017876182237297,0.10301248474987344,3.905036688246202e-05,0.0009470706615488236,1493.3968462098403,61.44413822541915,0.9690000000000001,0.0,0.0,0,500,500,4000,4798.350856542587
ok,ptft,8,5000,0.402,2010,0.402,10000,1e-06,0.0,0.0,0.1,1.0,0.1,0.0,unit_total_var,,0.5,5000000,5000,50000,True,0.0001,,0.0,0.0,1.0,2000,train_pred_mse,385000,0.09221146193632647,0.09242014479418993,3.815433871238577e-05,0.0008962522997303105,1475.0215602915348,64.25200634601046,0.9704,0.0,0.0,0,500,500,4000,5040.914228200913
ok,ptft,9,5000,0.402,2010,0.402,10000,1e-06,0.0,0.0,0.1,1.0,0.1,0.0,unit_total_var,,0.5,5000000,5000,50000,True,0.0001,,0.0,0.0,1.0,2000,train_pred_mse,365000,0.09192785010344638,0.09094757812115406,3.8153840369579547e-05,0.0009186128529932693,1418.52645987073,60.969457967718576,0.972,0.0,0.0,0,500,500,4000,5511.643444776534
ok,ptft,10,5000,0.451,2255,0.451,10000,1e-06,0.0,0.0,0.1,1.0,0.1,0.0,unit_total_var,,0.5,5000000,5000,50000,True,0.0001,,0.0,0.0,1.0,2000,train_pred_mse,445000,0.020850266902457015,0.02082180104307833,3.121913655154305e-05,0.0005615447376621172,1393.7183761089245,67.8269787762715,0.9688,0.0,0.0,0,500,500,4000,6557.284210681915
ok,ptft,11,5000,0.451,2255,0.451,10000,1e-06,0.0,0.0,0.1,1.0,0.1,0.0,unit_total_var,,0.5,5000000,5000,50000,True,0.0001,,0.0,0.0,1.0,2000,train_pred_mse,415000,0.013471479238487393,0.013140825688764221,3.053362720462097e-05,0.0005993013096337607,1422.264159295888,71.4350183966999,0.9682,0.0,0.0,0,500,500,4000,6952.840125322343
ok,ptft,12,5000,0.451,2255,0.451,10000,1e-06,0.0,0.0,0.1,1.0,0.1,0.0,unit_total_var,,0.5,5000000,5000,50000,True,0.0001,,0.0,0.0,1.0,2000,train_pred_mse,450000,0.016118507392176327,0.016520719390535992,3.0764480887499626e-05,0.0006246939147790826,1319.6182396335996,64.49056964091893,0.9690000000000001,0.0,0.0,0,500,500,4000,6654.577278137207
ok,ptft,13,5000,0.451,2255,0.451,10000,1e-06,0.0,0.0,0.1,1.0,0.1,0.0,unit_total_var,,0.5,5000000,5000,50000,True,0.0001,,0.0,0.0,1.0,2000,train_pred_mse,430000,0.01936178626606026,0.019738515944023767,3.270894882657284e-05,0.000645934773228608,1413.1109132350891,68.0679117988615,0.9716,0.0,0.0,0,500,500,4000,6128.820126056671
ok,ptft,14,5000,0.451,2255,0.451,10000,1e-06,0.0,0.0,0.1,1.0,0.1,0.0,unit_total_var,,0.5,5000000,5000,50000,True,0.0001,,0.0,0.0,1.0,2000,train_pred_mse,430000,0.017971362554420927,0.01802372460615724,3.2453147130571685e-05,0.0007055937110340844,1423.5289730799536,70.33641843565553,0.9668,0.0,0.0,0,500,500,4000,7155.2016587257385
ok,ptft,15,5000,0.451,2255,0.451,10000,1e-06,0.0,0.0,0.1,1.0,0.1,0.0,unit_total_var,,0.5,5000000,5000,50000,True,0.0001,,0.0,0.0,1.0,2000,train_pred_mse,425000,0.013943057837686623,0.013632711861436112,3.2516465949670136e-05,0.0006097781399324906,1366.0130348016146,68.08075789584889,0.9676,0.0,0.0,0,500,500,4000,4915.338022708893
ok,ptft,16,5000,0.451,2255,0.451,10000,1e-06,0.0,0.0,0.1,1.0,0.1,0.0,unit_total_var,,0.5,5000000,5000,50000,True,0.0001,,0.0,0.0,1.0,2000,train_pred_mse,440000,0.02001934291147658,0.02009081711980989,3.0092513542567516e-05,0.0006047438757313348,1316.860382956614,64.62508986096084,0.9740000000000001,0.0,0.0,0,500,500,4000,7159.644720315932
ok,ptft,18,5000,0.451,2255,0.451,10000,1e-06,0.0,0.0,0.1,1.0,0.1,0.0,unit_total_var,,0.5,5000000,5000,50000,True,0.0001,,0.0,0.0,1.0,2000,train_pred_mse,420000,0.02213869598172694,0.02155971778130272,3.2520607227017163e-05,0.0007359168339890858,1325.8144213187352,63.193348850361815,0.9718,0.0,0.0,0,500,500,4000,5463.999074935913
ok,ptft,19,5000,0.451,2255,0.451,10000,1e-06,0.0,0.0,0.1,1.0,0.1,0.0,unit_total_var,,0.5,5000000,5000,50000,True,0.0001,,0.0,0.0,1.0,2000,train_pred_mse,440000,0.014518240778308825,0.014666354428198582,3.046473004369285e-05,0.0006139458663110049,1319.1419797963622,66.60160449122232,0.9674,0.0,0.0,0,500,500,4000,5457.654854297638
ok,ptft,6,5000,0.451,2255,0.451,10000,1e-06,0.0,0.0,0.1,1.0,0.1,0.0,unit_total_var,,0.5,5000000,5000,50000,True,0.0001,,0.0,0.0,1.0,2000,train_pred_mse,420000,0.012666769737556628,0.012714517327795258,3.213357371894475e-05,0.0005925739313800349,1313.542068144195,66.70394580491673,0.9688,0.0,0.0,0,500,500,4000,5811.340338230133
ok,ptft,7,5000,0.451,2255,0.451,10000,1e-06,0.0,0.0,0.1,1.0,0.1,0.0,unit_total_var,,0.5,5000000,5000,50000,True,0.0001,,0.0,0.0,1.0,2000,train_pred_mse,445000,0.03250418589177585,0.03210931608370195,3.09711992270236e-05,0.0006373906358339006,1419.7078782957224,65.495251027691,0.9648,0.0,0.0,0,500,500,4000,5477.772392034532
ok,ptft,8,5000,0.451,2255,0.451,10000,1e-06,0.0,0.0,0.1,1.0,0.1,0.0,unit_total_var,,0.5,5000000,5000,50000,True,0.0001,,0.0,0.0,1.0,2000,train_pred_mse,430000,0.01907560429984744,0.019079557446573032,2.9933571016123108e-05,0.0005544075476092728,1386.6131250534215,68.3085429287683,0.9664,0.0,0.0,0,500,500,4000,6979.675227880479
ok,ptft,9,5000,0.451,2255,0.451,10000,1e-06,0.0,0.0,0.1,1.0,0.1,0.0,unit_total_var,,0.5,5000000,5000,50000,True,0.0001,,0.0,0.0,1.0,2000,train_pred_mse,385000,0.013616726159804991,0.01358829118592168,3.5240648688047324e-05,0.0007182254286179973,1316.4825348840989,65.62512209827027,0.9644,0.0,0.0,0,500,500,4000,6519.736068248749
ok,ptft,10,5000,0.5,2500,0.5,10000,1e-06,0.0,0.0,0.1,1.0,0.1,0.0,unit_total_var,,0.5,5000000,5000,50000,True,0.0001,,0.0,0.0,1.0,2000,train_pred_mse,355000,0.0046344282197883025,0.004592333588089199,3.570626225405301e-05,0.0006555950323029323,1343.3933398626218,70.26992741033341,0.9626,0.0,0.0,0,500,500,4000,5216.824182510376
ok,ptft,11,5000,0.5,2500,0.5,10000,1e-06,0.0,0.0,0.1,1.0,0.1,0.0,unit_total_var,,0.5,5000000,5000,50000,True,0.0001,,0.0,0.0,1.0,2000,train_pred_mse,345000,0.004012805289944687,0.004030019839119822,3.5997083601409806e-05,0.0006247895522580379,1389.1501796476132,73.03333946939846,0.9622,0.0,0.0,0,500,500,4000,6519.987549304962
ok,ptft,13,5000,0.5,2500,0.5,10000,1e-06,0.0,0.0,0.1,1.0,0.1,0.0,unit_total_var,,0.5,5000000,5000,50000,True,0.0001,,0.0,0.0,1.0,2000,train_pred_mse,360000,0.004726535937243045,0.004808504979178475,3.11714076973277e-05,0.000553734999993585,1364.6732311616815,70.16740909037271,0.9624,0.0,0.0,0,500,500,4000,4817.3643238544455
ok,ptft,14,5000,0.5,2500,0.5,10000,1e-06,0.0,0.0,0.1,1.0,0.1,0.0,unit_total_var,,0.5,5000000,5000,50000,True,0.0001,,0.0,0.0,1.0,2000,train_pred_mse,390000,0.0063273436000313285,0.006427344104664182,3.064211485798304e-05,0.0005107685142996415,1392.3367124260467,71.82386961450062,0.9670000000000001,0.0,0.0,0,500,500,4000,6727.7618300914755
ok,ptft,15,5000,0.5,2500,0.5,10000,1e-06,0.0,0.0,0.1,1.0,0.1,0.0,unit_total_var,,0.5,5000000,5000,50000,True,0.0001,,0.0,0.0,1.0,2000,train_pred_mse,410000,0.0055672138798481385,0.005498224767938324,3.449006393283892e-05,0.0006275676130834369,1338.352746818868,69.39210313012906,0.9678,0.0,0.0,0,500,500,4000,5474.406052827835
ok,ptft,16,5000,0.5,2500,0.5,10000,1e-06,0.0,0.0,0.1,1.0,0.1,0.0,unit_total_var,,0.5,5000000,5000,50000,True,0.0001,,0.0,0.0,1.0,2000,train_pred_mse,370000,0.005068969688134574,0.005021355127151954,3.5827499385261545e-05,0.0007122988276849375,1269.1334933540418,66.67231494095614,0.9674,0.0,0.0,0,500,500,4000,6873.578873157501
ok,ptft,17,5000,0.5,2500,0.5,10000,1e-06,0.0,0.0,0.1,1.0,0.1,0.0,unit_total_var,,0.5,5000000,5000,50000,True,0.0001,,0.0,0.0,1.0,2000,train_pred_mse,335000,0.0034429710053130364,0.0034415190912907684,3.969071146481126e-05,0.0009395440805760297,1273.418559480392,67.51051210415356,0.9664,0.0,0.0,0,500,500,4000,4112.161799430847
ok,ptft,18,5000,0.5,2500,0.5,10000,1e-06,0.0,0.0,0.1,1.0,0.1,0.0,unit_total_var,,0.5,5000000,5000,50000,True,0.0001,,0.0,0.0,1.0,2000,train_pred_mse,345000,0.0048333599020174145,0.004846334793526373,4.069114963141391e-05,0.0009859541529332622,1279.981003360103,65.48763311079253,0.9604,0.0,0.0,0,500,500,4000,6014.303712606429
ok,ptft,19,5000,0.5,2500,0.5,10000,1e-06,0.0,0.0,0.1,1.0,0.1,0.0,unit_total_var,,0.5,5000000,5000,50000,True,0.0001,,0.0,0.0,1.0,2000,train_pred_mse,365000,0.004673229946912914,0.004731953101466817,3.375112786980909e-05,0.0006745393089998394,1288.3774524338928,68.1362745257161,0.9694,0.0,0.0,0,500,500,4000,5364.578994035721
ok,ptft,6,5000,0.5,2500,0.5,10000,1e-06,0.0,0.0,0.1,1.0,0.1,0.0,unit_total_var,,0.5,5000000,5000,50000,True,0.0001,,0.0,0.0,1.0,2000,train_pred_mse,395000,0.005240628329915795,0.005287692594733592,3.2024654797692024e-05,0.0006664601034909653,1287.7094861651494,67.92746638959598,0.9682,0.0,0.0,0,500,500,4000,5860.606452703477
ok,ptft,7,5000,0.5,2500,0.5,10000,1e-06,0.0,0.0,0.1,1.0,0.1,0.0,unit_total_var,,0.5,5000000,5000,50000,True,0.0001,,0.0,0.0,1.0,2000,train_pred_mse,330000,0.004703811039625109,0.0046920702085477255,3.5746986420492075e-05,0.000804567558464262,1344.847785561097,68.8538031539249,0.9670000000000001,0.0,0.0,0,500,500,4000,4417.257757425308
ok,ptft,8,5000,0.5,2500,0.5,10000,1e-06,0.0,0.0,0.1,1.0,0.1,0.0,unit_total_var,,0.5,5000000,5000,50000,True,0.0001,,0.0,0.0,1.0,2000,train_pred_mse,395000,0.00628068701761783,0.006364394264031061,3.156832281134667e-05,0.0006056532901996546,1347.6913948238928,69.94453099709732,0.9702,0.0,0.0,0,500,500,4000,7179.448760986328
ok,ptft,9,5000,0.5,2500,0.5,10000,1e-06,0.0,0.0,0.1,1.0,0.1,0.0,unit_total_var,,0.5,5000000,5000,50000,True,0.0001,,0.0,0.0,1.0,2000,train_pred_mse,355000,0.003912492276808737,0.0038714224845941493,3.637441776112084e-05,0.0007789088762619482,1279.1958135895193,67.34630900460168,0.963,0.0,0.0,0,500,500,4000,6700.723335027696
ok,ptft,10,5000,0.01,50,0.01,10000,1.0,0.0,0.0,0.1,1.0,0.1,1.0,unit_total_var,,0.5,5000000,5000,50000,True,0.0001,,0.0,0.0,1.0,2000,train_pred_mse,5000,1.0051718092315256,1.0349418060759104,9.822958165883585e-17,11.076931824436949,424.71662374514153,7.514926347731649,1.0,0.0,1.0,500,0,0,4500,5.033915758132935
ok,ptft,11,5000,0.01,50,0.01,10000,1.0,0.0,0.0,0.1,1.0,0.1,1.0,unit_total_var,,0.5,5000000,5000,50000,True,0.0001,,0.0,0.0,1.0,2000,train_pred_mse,5000,1.1211615937199633,1.108016483838568,5.87208155869046e-17,10.920671469611356,429.3488701791777,7.629208925669447,1.0,0.0,1.0,500,0,0,4500,4.8449151515960684
ok,ptft,12,5000,0.01,50,0.01,10000,1.0,0.0,0.0,0.1,1.0,0.1,1.0,unit_total_var,,0.5,5000000,5000,50000,True,0.0001,,0.0,0.0,1.0,2000,train_pred_mse,5000,0.9234234910487084,0.9239354157840098,7.766623975446179e-17,11.406157223725465,374.3561973608245,6.652746020756832,1.0,0.0,1.0,500,0,0,4500,4.923138618469238
ok,ptft,13,5000,0.01,50,0.01,10000,1.0,0.0,0.0,0.1,1.0,0.1,1.0,unit_total_var,,0.5,5000000,5000,50000,True,0.0001,,0.0,0.0,1.0,2000,train_pred_mse,5000,1.0441261394041468,1.0308749338094163,1.3382246672542135e-16,10.800688787289886,480.60995468495696,8.539114131694904,0.9998,0.0,1.0,500,0,0,4500,5.014983415603638
ok,ptft,14,5000,0.01,50,0.01,10000,1.0,0.0,0.0,0.1,1.0,0.1,1.0,unit_total_var,,0.5,5000000,5000,50000,True,0.0001,,0.0,0.0,1.0,2000,train_pred_mse,5000,1.108531507700723,1.0946715080328062,1.0946759886002732e-16,11.272492713887155,413.3902051862837,7.35928751841138,0.9998,0.0,1.0,500,0,0,4500,5.286790609359741
ok,ptft,15,5000,0.01,50,0.01,10000,1.0,0.0,0.0,0.1,1.0,0.1,1.0,unit_total_var,,0.5,5000000,5000,50000,True,0.0001,,0.0,0.0,1.0,2000,train_pred_mse,5000,1.0140285625686836,1.0157187138077863,3.6972502223478226e-17,10.730759252149069,426.60151061420333,7.591652826274669,1.0,0.0,1.0,500,0,0,4500,5.573627233505249
ok,ptft,16,5000,0.01,50,0.01,10000,1.0,0.0,0.0,0.1,1.0,0.1,1.0,unit_total_var,,0.5,5000000,5000,50000,True,0.0001,,0.0,0.0,1.0,2000,train_pred_mse,5000,0.9069477231061196,0.9289884267710008,1.297869679367053e-16,11.417394493155026,488.5662077342344,8.677472327938197,1.0,0.0,1.0,500,0,0,4500,5.136224746704102
ok,ptft,17,5000,0.01,50,0.01,10000,1.0,0.0,0.0,0.1,1.0,0.1,1.0,unit_total_var,,0.5,5000000,5000,50000,True,0.0001,,0.0,0.0,1.0,2000,train_pred_mse,5000,0.9341880929884876,0.9449008643204106,8.094319448996956e-17,11.093464433236997,410.3693896381799,7.288732945842676,1.0,0.0,1.0,500,0,0,4500,5.867954730987549
ok,ptft,18,5000,0.01,50,0.01,10000,1.0,0.0,0.0,0.1,1.0,0.1,1.0,unit_total_var,,0.5,5000000,5000,50000,True,0.0001,,0.0,0.0,1.0,2000,train_pred_mse,5000,0.9185551606540556,0.9040026368277542,9.649204034895296e-17,11.164288417034564,427.17703442987823,7.614496205150652,1.0,0.0,1.0,500,0,0,4500,5.291365623474121
ok,ptft,19,5000,0.01,50,0.01,10000,1.0,0.0,0.0,0.1,1.0,0.1,1.0,unit_total_var,,0.5,5000000,5000,50000,True,0.0001,,0.0,0.0,1.0,2000,train_pred_mse,5000,0.9899245865958928,0.9759553099802368,8.604022586264326e-17,10.84906971304918,398.75681944899435,7.109164371933237,1.0,0.0,1.0,500,0,0,4500,4.987433910369873
ok,ptft,6,5000,0.01,50,0.01,10000,1.0,0.0,0.0,0.1,1.0,0.1,1.0,unit_total_var,,0.5,5000000,5000,50000,True,0.0001,,0.0,0.0,1.0,2000,train_pred_mse,5000,0.9666194913965208,0.97223206810172,9.870039359377856e-17,11.110567327551944,396.4093375837565,7.039621024376022,1.0,0.0,1.0,500,0,0,4500,5.0512826442718515
ok,ptft,7,5000,0.01,50,0.01,10000,1.0,0.0,0.0,0.1,1.0,0.1,1.0,unit_total_var,,0.5,5000000,5000,50000,True,0.0001,,0.0,0.0,1.0,2000,train_pred_mse,5000,0.9839512678439972,0.993600394507873,7.290071817143082e-17,11.299021888046475,471.497142016407,8.324151257332376,1.0,0.0,1.0,500,0,0,4500,4.9128499031066895
ok,ptft,8,5000,0.01,50,0.01,10000,1.0,0.0,0.0,0.1,1.0,0.1,1.0,unit_total_var,,0.5,5000000,5000,50000,True,0.0001,,0.0,0.0,1.0,2000,train_pred_mse,5000,1.0619870196294277,1.0397455737221697,1.1283972156495193e-16,11.118540099454286,418.92430381601713,7.4550108399013535,1.0,0.0,1.0,500,0,0,4500,4.668636083602905
ok,ptft,9,5000,0.01,50,0.01,10000,1.0,0.0,0.0,0.1,1.0,0.1,1.0,unit_total_var,,0.5,5000000,5000,50000,True,0.0001,,0.0,0.0,1.0,2000,train_pred_mse,5000,0.959112996600718,0.9554292497300276,9.225338181620207e-17,10.80539221671008,314.24192706101815,5.577130434157188,1.0,0.0,1.0,500,0,0,4500,5.277805805206299
ok,ptft,10,5000,0.059,295,0.059000000000000004,10000,1.0,0.0,0.0,0.1,1.0,0.1,1.0,unit_total_var,,0.5,5000000,5000,50000,True,0.0001,,0.0,0.0,1.0,2000,train_pred_mse,5000,0.9341471156634112,0.9635693268224408,2.1497503985374087e-16,67.11075195199298,1002.5830232143277,18.014577691654164,1.0,0.0,1.0,500,0,0,4500,8.676720380783081
ok,ptft,11,5000,0.059,295,0.059000000000000004,10000,1.0,0.0,0.0,0.1,1.0,0.1,1.0,unit_total_var,,0.5,5000000,5000,50000,True,0.0001,,0.0,0.0,1.0,2000,train_pred_mse,5000,1.042293890420318,1.0338852969868084,2.465995433088109e-16,71.10963780861897,1015.1848833977735,18.38915671058902,1.0,0.0,1.0,500,0,0,4500,7.627234220504762
ok,ptft,12,5000,0.059,295,0.059000000000000004,10000,1.0,0.0,0.0,0.1,1.0,0.1,1.0,unit_total_var,,0.5,5000000,5000,50000,True,0.0001,,0.0,0.0,1.0,2000,train_pred_mse,5000,0.8685003434973434,0.8686157421524937,2.5459029704125363e-16,67.12120946992182,885.2312634261925,15.892309122840931,1.0,0.0,1.0,500,0,0,4500,9.31080722808838
ok,ptft,13,5000,0.059,295,0.059000000000000004,10000,1.0,0.0,0.0,0.1,1.0,0.1,1.0,unit_total_var,,0.5,5000000,5000,50000,True,0.0001,,0.0,0.0,1.0,2000,train_pred_mse,5000,0.9761079885925174,0.9750766111322484,2.2465016261585727e-16,68.42356061265359,938.1262439925588,16.829959249028214,1.0,0.0,1.0,500,0,0,4500,7.925396680831909
ok,ptft,14,5000,0.059,295,0.059000000000000004,10000,1.0,0.0,0.0,0.1,1.0,0.1,1.0,unit_total_var,,0.5,5000000,5000,50000,True,0.0001,,0.0,0.0,1.0,2000,train_pred_mse,5000,1.0332250933587763,1.021420691355144,2.565086272420929e-16,70.4187384076538,1009.6105674895254,18.12219378511744,1.0,0.0,1.0,500,0,0,4500,8.397320032119751
ok,ptft,15,5000,0.059,295,0.059000000000000004,10000,1.0,0.0,0.0,0.1,1.0,0.1,1.0,unit_total_var,,0.5,5000000,5000,50000,True,0.0001,,0.0,0.0,1.0,2000,train_pred_mse,5000,0.9464489815855732,0.9563459851418884,2.4058612012111647e-16,66.99383674444235,942.7282802043312,16.746812739389554,1.0,0.0,1.0,500,0,0,4500,7.80134391784668
ok,ptft,16,5000,0.059,295,0.059000000000000004,10000,1.0,0.0,0.0,0.1,1.0,0.1,1.0,unit_total_var,,0.5,5000000,5000,50000,True,0.0001,,0.0,0.0,1.0,2000,train_pred_mse,5000,0.8551471162839096,0.8759544958341414,2.1650018046017803e-16,72.53469132809374,924.2835839886236,16.554947461457918,1.0,0.0,1.0,500,0,0,4500,9.510303258895872
ok,ptft,17,5000,0.059,295,0.059000000000000004,10000,1.0,0.0,0.0,0.1,1.0,0.1,1.0,unit_total_var,,0.5,5000000,5000,50000,True,0.0001,,0.0,0.0,1.0,2000,train_pred_mse,5000,0.8683720618141865,0.8766778932546622,2.8117798703372614e-16,68.98202397576463,974.2396103146973,17.61121017988889,1.0,0.0,1.0,500,0,0,4500,10.116759300231934
ok,ptft,18,5000,0.059,295,0.059000000000000004,10000,1.0,0.0,0.0,0.1,1.0,0.1,1.0,unit_total_var,,0.5,5000000,5000,50000,True,0.0001,,0.0,0.0,1.0,2000,train_pred_mse,5000,0.8597497782493138,0.8487494518754047,2.6704164609588197e-16,68.04270175777026,908.3462111521781,16.303988862889266,1.0,0.0,1.0,500,0,0,4500,8.806686878204346
ok,ptft,19,5000,0.059,295,0.059000000000000004,10000,1.0,0.0,0.0,0.1,1.0,0.1,1.0,unit_total_var,,0.5,5000000,5000,50000,True,0.0001,,0.0,0.0,1.0,2000,train_pred_mse,5000,0.9162225063736914,0.89685121636073,2.60524235395808e-16,70.34626153735744,1034.9317463699376,18.67888577289489,1.0,0.0,1.0,500,0,0,4500,9.83257818222046
ok,ptft,6,5000,0.059,295,0.059000000000000004,10000,1.0,0.0,0.0,0.1,1.0,0.1,1.0,unit_total_var,,0.5,5000000,5000,50000,True,0.0001,,0.0,0.0,1.0,2000,train_pred_mse,5000,0.9182011062950948,0.9220338744615884,2.1957890339434035e-16,68.48682493873585,862.9457642234482,15.411655567432424,1.0,0.0,1.0,500,0,0,4500,10.884958744049072
ok,ptft,7,5000,0.059,295,0.059000000000000004,10000,1.0,0.0,0.0,0.1,1.0,0.1,1.0,unit_total_var,,0.5,5000000,5000,50000,True,0.0001,,0.0,0.0,1.0,2000,train_pred_mse,5000,0.939041215082966,0.9372871127520992,2.0340470609488224e-16,67.52713004710955,931.483946622866,16.772948836594686,1.0,0.0,1.0,500,0,0,4500,8.03183650970459
ok,ptft,8,5000,0.059,295,0.059000000000000004,10000,1.0,0.0,0.0,0.1,1.0,0.1,1.0,unit_total_var,,0.5,5000000,5000,50000,True,0.0001,,0.0,0.0,1.0,2000,train_pred_mse,5000,0.987000644732546,0.9667331197825708,2.816827691206852e-16,68.1056351669951,1008.2817238930468,18.155854269955746,1.0,0.0,1.0,500,0,0,4500,7.522194385528564
ok,ptft,9,5000,0.059,295,0.059000000000000004,10000,1.0,0.0,0.0,0.1,1.0,0.1,1.0,unit_total_var,,0.5,5000000,5000,50000,True,0.0001,,0.0,0.0,1.0,2000,train_pred_mse,5000,0.8958731353608534,0.8886630625106691,2.5437421616290627e-16,68.00019858560854,935.7948542622388,16.7735703314203,1.0,0.0,1.0,500,0,0,4500,7.492996215820312
ok,ptft,10,5000,0.10800000000000001,540,0.10800000000000001,10000,1.0,0.0,0.0,0.1,1.0,0.1,1.0,unit_total_var,,0.5,5000000,5000,50000,True,0.0001,,0.0,0.0,1.0,2000,train_pred_mse,5000,0.8702119393158049,0.9072990124141856,1.4344568353895997e-10,121.66463704555436,1283.0423569071245,23.203557956700806,1.0,0.0,1.0,500,0,0,4500,24.583112478256226
ok,ptft,11,5000,0.10800000000000001,540,0.10800000000000001,10000,1.0,0.0,0.0,0.1,1.0,0.1,1.0,unit_total_var,,0.5,5000000,5000,50000,True,0.0001,,0.0,0.0,1.0,2000,train_pred_mse,5000,0.9805047237803788,0.9734969030155178,1.9485177375908497e-10,123.82657792483283,1302.803294069498,23.78818931306755,1.0,0.0,1.0,500,0,0,4500,17.527095794677734
ok,ptft,12,5000,0.10800000000000001,540,0.10800000000000001,10000,1.0,0.0,0.0,0.1,1.0,0.1,1.0,unit_total_var,,0.5,5000000,5000,50000,True,0.0001,,0.0,0.0,1.0,2000,train_pred_mse,5000,0.7998410786366663,0.7975476449619743,1.5756588896643038e-10,124.77485384634646,1244.1206971288047,22.809316489953485,1.0,0.0,1.0,500,0,0,4500,14.38181972503662
ok,ptft,13,5000,0.10800000000000001,540,0.10800000000000001,10000,1.0,0.0,0.0,0.1,1.0,0.1,1.0,unit_total_var,,0.5,5000000,5000,50000,True,0.0001,,0.0,0.0,1.0,2000,train_pred_mse,5000,0.9072149452312972,0.8928341305922768,1.651001136552299e-10,121.05184604443436,1333.0948767475459,24.375896497800532,1.0,0.0,1.0,500,0,0,4500,19.518023252487183
ok,ptft,14,5000,0.10800000000000001,540,0.10800000000000001,10000,1.0,0.0,0.0,0.1,1.0,0.1,1.0,unit_total_var,,0.5,5000000,5000,50000,True,0.0001,,0.0,0.0,1.0,2000,train_pred_mse,5000,0.9536888445905408,0.9476251617393154,1.733875263604121e-10,120.52541050989107,1345.1115285115636,24.701037200117465,1.0,0.0,1.0,500,0,0,4500,14.569095611572266
ok,ptft,15,5000,0.10800000000000001,540,0.10800000000000001,10000,1.0,0.0,0.0,0.1,1.0,0.1,1.0,unit_total_var,,0.5,5000000,5000,50000,True,0.0001,,0.0,0.0,1.0,2000,train_pred_mse,5000,0.8830731131803011,0.8896747426030382,1.4809248950031638e-10,119.1782664869415,1265.6962653025962,23.08990508678712,1.0,0.0,1.0,500,0,0,4500,11.165019512176514
ok,ptft,16,5000,0.10800000000000001,540,0.10800000000000001,10000,1.0,0.0,0.0,0.1,1.0,0.1,1.0,unit_total_var,,0.5,5000000,5000,50000,True,0.0001,,0.0,0.0,1.0,2000,train_pred_mse,5000,0.8066973207826511,0.8272766052731791,2.1006668843634804e-10,123.12806417736637,1176.7772922316299,21.44341869308768,1.0,0.0,1.0,500,0,0,4500,11.552963733673096
ok,ptft,17,5000,0.10800000000000001,540,0.10800000000000001,10000,1.0,0.0,0.0,0.1,1.0,0.1,1.0,unit_total_var,,0.5,5000000,5000,50000,True,0.0001,,0.0,0.0,1.0,2000,train_pred_mse,5000,0.8171564497971825,0.8307605609577973,1.7882136659844125e-10,120.39208284589476,1215.1809325618021,22.03936962787405,1.0,0.0,1.0,500,0,0,4500,12.461925745010376
ok,ptft,18,5000,0.10800000000000001,540,0.10800000000000001,10000,1.0,0.0,0.0,0.1,1.0,0.1,1.0,unit_total_var,,0.5,5000000,5000,50000,True,0.0001,,0.0,0.0,1.0,2000,train_pred_mse,5000,0.8144890432889971,0.7993832409359564,1.4212892012528118e-10,121.93153672019476,1172.1079889224866,21.341581245543708,1.0,0.0,1.0,500,0,0,4500,12.38929271697998
ok,ptft,19,5000,0.10800000000000001,540,0.10800000000000001,10000,1.0,0.0,0.0,0.1,1.0,0.1,1.0,unit_total_var,,0.5,5000000,5000,50000,True,0.0001,,0.0,0.0,1.0,2000,train_pred_mse,5000,0.8611567294900566,0.8570143635632551,1.851871910498016e-10,121.82474517473452,1228.9145257811126,22.354760619828586,1.0,0.0,1.0,500,0,0,4500,10.530819177627565
ok,ptft,6,5000,0.10800000000000001,540,0.10800000000000001,10000,1.0,0.0,0.0,0.1,1.0,0.1,1.0,unit_total_var,,0.5,5000000,5000,50000,True,0.0001,,0.0,0.0,1.0,2000,train_pred_mse,5000,0.8386728686438041,0.8359658135762349,9.157227975498773e-11,123.65509927069012,1314.493102821734,23.769377793309324,1.0,0.0,1.0,500,0,0,4500,13.112671852111815
ok,ptft,7,5000,0.10800000000000001,540,0.10800000000000001,10000,1.0,0.0,0.0,0.1,1.0,0.1,1.0,unit_total_var,,0.5,5000000,5000,50000,True,0.0001,,0.0,0.0,1.0,2000,train_pred_mse,5000,0.8459652124025524,0.8589075321726727,2.01533642908424e-10,125.53559401184812,1318.0031549093915,24.030683029008173,1.0,0.0,1.0,500,0,0,4500,11.999449014663696
ok,ptft,8,5000,0.10800000000000001,540,0.10800000000000001,10000,1.0,0.0,0.0,0.1,1.0,0.1,1.0,unit_total_var,,0.5,5000000,5000,50000,True,0.0001,,0.0,0.0,1.0,2000,train_pred_mse,5000,0.9247456752001969,0.9022918508039416,2.081367928380189e-10,121.5037460439098,1326.3291591977966,23.96435231618587,1.0,0.0,1.0,500,0,0,4500,17.48949694633484
ok,ptft,9,5000,0.10800000000000001,540,0.10800000000000001,10000,1.0,0.0,0.0,0.1,1.0,0.1,1.0,unit_total_var,,0.5,5000000,5000,50000,True,0.0001,,0.0,0.0,1.0,2000,train_pred_mse,5000,0.8403361855385265,0.8329591822032267,2.0958268758223314e-10,121.89500591841558,1224.959727588924,22.18260272302218,1.0,0.0,1.0,500,0,0,4500,29.23047137260437
ok,ptft,10,5000,0.15700000000000006,785,0.157,10000,1.0,0.0,0.0,0.1,1.0,0.1,1.0,unit_total_var,,0.5,5000000,5000,50000,True,0.0001,,0.0,0.0,1.0,2000,train_pred_mse,5000,0.8010987643946342,0.8243819786227304,3.0784414469760165e-07,175.05549540184708,1571.7410657151606,29.23616309959329,1.0,0.0,1.0,500,0,0,4500,13.460357427597046
ok,ptft,11,5000,0.15700000000000006,785,0.157,10000,1.0,0.0,0.0,0.1,1.0,0.1,1.0,unit_total_var,,0.5,5000000,5000,50000,True,0.0001,,0.0,0.0,1.0,2000,train_pred_mse,5000,0.8825942711915624,0.8689887624426926,2.9356203113625515e-07,176.23015273998985,1674.409423405457,31.070106173288693,1.0,0.0,1.0,500,0,0,4500,21.767714738845825
ok,ptft,12,5000,0.15700000000000006,785,0.157,10000,1.0,0.0,0.0,0.1,1.0,0.1,1.0,unit_total_var,,0.5,5000000,5000,50000,True,0.0001,,0.0,0.0,1.0,2000,train_pred_mse,5000,0.7500301454113378,0.7501532690250448,2.2657910649081636e-07,179.8241393617221,1437.5786869215212,26.474810120674793,1.0,0.0,1.0,500,0,0,4500,15.016885757446287
ok,ptft,13,5000,0.15700000000000006,785,0.157,10000,1.0,0.0,0.0,0.1,1.0,0.1,1.0,unit_total_var,,0.5,5000000,5000,50000,True,0.0001,,0.0,0.0,1.0,2000,train_pred_mse,5000,0.835622284993667,0.8230052221670662,2.5047144166877336e-07,169.62733016809182,1575.1281885011613,29.39732830523641,1.0,0.0,1.0,500,0,0,4500,22.34308433532715
ok,ptft,14,5000,0.15700000000000006,785,0.157,10000,1.0,0.0,0.0,0.1,1.0,0.1,1.0,unit_total_var,,0.5,5000000,5000,50000,True,0.0001,,0.0,0.0,1.0,2000,train_pred_mse,5000,0.8996434698170348,0.8808641661152596,3.3609516512547664e-07,168.90637447063497,1568.3557603101785,29.31648708530158,1.0,0.0,1.0,500,0,0,4500,16.833372592926025
ok,ptft,15,5000,0.15700000000000006,785,0.157,10000,1.0,0.0,0.0,0.1,1.0,0.1,1.0,unit_total_var,,0.5,5000000,5000,50000,True,0.0001,,0.0,0.0,1.0,2000,train_pred_mse,5000,0.8190243830117971,0.8162877087885619,3.3704710786542844e-07,175.1811347137411,1545.495924268366,28.59064642189938,1.0,0.0,1.0,500,0,0,4500,15.316206216812134
ok,ptft,16,5000,0.15700000000000006,785,0.157,10000,1.0,0.0,0.0,0.1,1.0,0.1,1.0,unit_total_var,,0.5,5000000,5000,50000,True,0.0001,,0.0,0.0,1.0,2000,train_pred_mse,5000,0.7357435342701899,0.752728785951837,2.617680282838657e-07,176.12045799722978,1476.7858662262265,27.29126787204019,1.0,0.0,1.0,500,0,0,4500,38.67641639709473
ok,ptft,17,5000,0.15700000000000006,785,0.157,10000,1.0,0.0,0.0,0.1,1.0,0.1,1.0,unit_total_var,,0.5,5000000,5000,50000,True,0.0001,,0.0,0.0,1.0,2000,train_pred_mse,5000,0.7611125737656762,0.7673674855297999,2.5901849410931e-07,172.82699387799641,1457.616318021885,26.93169014047201,1.0,0.0,1.0,500,0,0,4500,19.350435256958008
ok,ptft,18,5000,0.15700000000000006,785,0.157,10000,1.0,0.0,0.0,0.1,1.0,0.1,1.0,unit_total_var,,0.5,5000000,5000,50000,True,0.0001,,0.0,0.0,1.0,2000,train_pred_mse,5000,0.738023893896456,0.7276260210909345,2.3325558008419986e-07,174.58782010026073,1463.7133117308701,26.94645475353016,1.0,0.0,1.0,500,0,0,4500,24.017597675323486
ok,ptft,19,5000,0.15700000000000006,785,0.157,10000,1.0,0.0,0.0,0.1,1.0,0.1,1.0,unit_total_var,,0.5,5000000,5000,50000,True,0.0001,,0.0,0.0,1.0,2000,train_pred_mse,5000,0.7988082930171148,0.7906158932897639,2.857050760933228e-07,173.00243864808198,1473.6669228106307,27.391385205015176,1.0,0.0,1.0,500,0,0,4500,42.03224420547485
ok,ptft,6,5000,0.15700000000000006,785,0.157,10000,1.0,0.0,0.0,0.1,1.0,0.1,1.0,unit_total_var,,0.5,5000000,5000,50000,True,0.0001,,0.0,0.0,1.0,2000,train_pred_mse,5000,0.7643492083931109,0.7698180599993697,3.3318077503872505e-07,176.20503830948874,1545.6656175122405,28.556615966960305,1.0,0.0,1.0,500,0,0,4500,33.20301914215088
ok,ptft,7,5000,0.15700000000000006,785,0.157,10000,1.0,0.0,0.0,0.1,1.0,0.1,1.0,unit_total_var,,0.5,5000000,5000,50000,True,0.0001,,0.0,0.0,1.0,2000,train_pred_mse,5000,0.7759841415056941,0.7886769330283459,2.533504767547372e-07,174.03058344125313,1567.3355349513647,29.14631154831605,1.0,0.0,1.0,500,0,0,4500,19.515962600708008
ok,ptft,8,5000,0.15700000000000006,785,0.157,10000,1.0,0.0,0.0,0.1,1.0,0.1,1.0,unit_total_var,,0.5,5000000,5000,50000,True,0.0001,,0.0,0.0,1.0,2000,train_pred_mse,5000,0.8434828972197976,0.8205845565613535,2.8221280196183427e-07,171.50515138491087,1604.7682889361902,29.792451186099125,1.0,0.0,1.0,500,0,0,4500,33.24698805809021
ok,ptft,9,5000,0.15700000000000006,785,0.157,10000,1.0,0.0,0.0,0.1,1.0,0.1,1.0,unit_total_var,,0.5,5000000,5000,50000,True,0.0001,,0.0,0.0,1.0,2000,train_pred_mse,5000,0.7504429069488546,0.7575307238227966,3.052784624312443e-07,179.35014724241157,1504.8041615980726,27.944338268268428,1.0,0.0,1.0,500,0,0,4500,19.585031509399414
ok,ptft,10,5000,0.206,1030,0.20600000000000002,10000,1.0,0.0,0.0,0.1,1.0,0.1,1.0,unit_total_var,,0.5,5000000,5000,50000,True,0.0001,,0.0,0.0,1.0,2000,train_pred_mse,5000,0.7349403274954709,0.7532437435087116,1.0396865940933729e-05,214.66401990423265,1759.5898151031824,33.55272262126332,1.0,0.0,1.0,500,0,0,4500,31.07030987739563
ok,ptft,11,5000,0.206,1030,0.20600000000000002,10000,1.0,0.0,0.0,0.1,1.0,0.1,1.0,unit_total_var,,0.5,5000000,5000,50000,True,0.0001,,0.0,0.0,1.0,2000,train_pred_mse,5000,0.8256093974666983,0.803347945184422,9.407163925499056e-06,215.77094232637714,1848.8931528849707,34.901819405273606,1.0,0.0,1.0,500,0,0,4500,31.701527833938602
ok,ptft,12,5000,0.206,1030,0.20600000000000002,10000,1.0,0.0,0.0,0.1,1.0,0.1,1.0,unit_total_var,,0.5,5000000,5000,50000,True,0.0001,,0.0,0.0,1.0,2000,train_pred_mse,5000,0.6806517285737245,0.6824266471830542,8.612038251038387e-06,222.60229099039702,1632.7566918462985,30.91888247108221,1.0,0.0,1.0,500,0,0,4500,22.732616901397705
ok,ptft,13,5000,0.206,1030,0.20600000000000002,10000,1.0,0.0,0.0,0.1,1.0,0.1,1.0,unit_total_var,,0.5,5000000,5000,50000,True,0.0001,,0.0,0.0,1.0,2000,train_pred_mse,5000,0.7751295082820294,0.7664842906037651,1.0153073048616527e-05,221.6139835226522,1763.9029127797462,32.91376618610843,1.0,0.0,1.0,500,0,0,4500,26.063942670822144
ok,ptft,14,5000,0.206,1030,0.20600000000000002,10000,1.0,0.0,0.0,0.1,1.0,0.1,1.0,unit_total_var,,0.5,5000000,5000,50000,True,0.0001,,0.0,0.0,1.0,2000,train_pred_mse,5000,0.8398637051328562,0.8391236340030009,8.20773085549241e-06,229.41690579688424,1695.7543214160578,31.877971961821423,1.0,0.0,1.0,500,0,0,4500,26.12218499183655
ok,ptft,15,5000,0.206,1030,0.20600000000000002,10000,1.0,0.0,0.0,0.1,1.0,0.1,1.0,unit_total_var,,0.5,5000000,5000,50000,True,0.0001,,0.0,0.0,1.0,2000,train_pred_mse,5000,0.7530915546208576,0.7475263071955062,1.0448202252241199e-05,228.75164750698852,1724.6414879652082,32.819220699490536,1.0,0.0,1.0,500,0,0,4500,24.75220489501953
ok,ptft,16,5000,0.206,1030,0.20600000000000002,10000,1.0,0.0,0.0,0.1,1.0,0.1,1.0,unit_total_var,,0.5,5000000,5000,50000,True,0.0001,,0.0,0.0,1.0,2000,train_pred_mse,5000,0.6705045884535008,0.6781503294037409,8.477306576946222e-06,220.8868173965104,1708.6421855686658,32.08325259390115,1.0,0.0,1.0,500,0,0,4500,28.83451795578003
ok,ptft,17,5000,0.206,1030,0.20600000000000002,10000,1.0,0.0,0.0,0.1,1.0,0.1,1.0,unit_total_var,,0.5,5000000,5000,50000,True,0.0001,,0.0,0.0,1.0,2000,train_pred_mse,5000,0.6998820219501609,0.7016880658145955,9.351555804399913e-06,229.05709151399563,1649.2565324795096,31.256554173994516,1.0,0.0,1.0,500,0,0,4500,30.47968363761902
ok,ptft,18,5000,0.206,1030,0.20600000000000002,10000,1.0,0.0,0.0,0.1,1.0,0.1,1.0,unit_total_var,,0.5,5000000,5000,50000,True,0.0001,,0.0,0.0,1.0,2000,train_pred_mse,5000,0.6750865854996154,0.6650003076099643,8.780715131090061e-06,222.60676693245918,1645.6582498346186,31.136144994131843,1.0,0.0,1.0,500,0,0,4500,38.138839960098274
ok,ptft,19,5000,0.206,1030,0.20600000000000002,10000,1.0,0.0,0.0,0.1,1.0,0.1,1.0,unit_total_var,,0.5,5000000,5000,50000,True,0.0001,,0.0,0.0,1.0,2000,train_pred_mse,5000,0.7411052016990115,0.7268378794942916,8.133964595434406e-06,226.81866584990368,1672.0871385673458,31.54545468061821,1.0,0.0,1.0,500,0,0,4500,52.77771306037903
ok,ptft,6,5000,0.206,1030,0.20600000000000002,10000,1.0,0.0,0.0,0.1,1.0,0.1,1.0,unit_total_var,,0.5,5000000,5000,50000,True,0.0001,,0.0,0.0,1.0,2000,train_pred_mse,5000,0.7134451994441185,0.7213294878018509,1.147495372917673e-05,225.90537415402093,1681.5867704239715,31.713399785344524,1.0,0.0,1.0,500,0,0,4500,36.01778101921081
ok,ptft,7,5000,0.206,1030,0.20600000000000002,10000,1.0,0.0,0.0,0.1,1.0,0.1,1.0,unit_total_var,,0.5,5000000,5000,50000,True,0.0001,,0.0,0.0,1.0,2000,train_pred_mse,5000,0.7181409392032894,0.7372777426718179,8.728232579852206e-06,217.9434383949636,1715.859553425625,32.35739993917443,0.9998,0.0,1.0,500,0,0,4500,33.207948446273804
ok,ptft,8,5000,0.206,1030,0.20600000000000002,10000,1.0,0.0,0.0,0.1,1.0,0.1,1.0,unit_total_var,,0.5,5000000,5000,50000,True,0.0001,,0.0,0.0,1.0,2000,train_pred_mse,5000,0.7948784536058321,0.7748014552249666,8.789096993028116e-06,217.7356056356266,1722.2121107518328,32.53864812013663,1.0,0.0,1.0,500,0,0,4500,40.51890206336975
ok,ptft,9,5000,0.206,1030,0.20600000000000002,10000,1.0,0.0,0.0,0.1,1.0,0.1,1.0,unit_total_var,,0.5,5000000,5000,50000,True,0.0001,,0.0,0.0,1.0,2000,train_pred_mse,5000,0.7191502076319612,0.7129539187679889,8.018887643367885e-06,225.6102007675084,1630.095997230921,30.85876799356647,0.9998,0.0,1.0,500,0,0,4500,34.040123462677
ok,ptft,10,5000,0.255,1275,0.255,10000,1.0,0.0,0.0,0.1,1.0,0.1,1.0,unit_total_var,,0.5,5000000,5000,50000,True,0.0001,,0.0,0.0,1.0,2000,train_pred_mse,5000,0.6800152588699667,0.692481129753658,6.577454681969251e-05,275.79646995972587,1901.6170729431565,36.80421240590801,1.0,0.0,1.0,500,0,0,4500,31.979587078094482
ok,ptft,11,5000,0.255,1275,0.255,10000,1.0,0.0,0.0,0.1,1.0,0.1,1.0,unit_total_var,,0.5,5000000,5000,50000,True,0.0001,,0.0,0.0,1.0,2000,train_pred_mse,5000,0.7478772153511615,0.7474153364765234,6.132137216329343e-05,261.761242388154,1943.9007842721726,37.84833485294776,1.0,0.0,1.0,500,0,0,4500,38.71039032936096
ok,ptft,12,5000,0.255,1275,0.255,10000,1.0,0.0,0.0,0.1,1.0,0.1,1.0,unit_total_var,,0.5,5000000,5000,50000,True,0.0001,,0.0,0.0,1.0,2000,train_pred_mse,5000,0.6205592727350114,0.6289973030556756,6.460593596337363e-05,274.5295585848199,1795.0124333926367,34.24839744176877,1.0,0.0,1.0,500,0,0,4500,64.02879595756532
ok,ptft,13,5000,0.255,1275,0.255,10000,1.0,0.0,0.0,0.1,1.0,0.1,1.0,unit_total_var,,0.5,5000000,5000,50000,True,0.0001,,0.0,0.0,1.0,2000,train_pred_mse,5000,0.7044681692850172,0.7084134595970799,6.287342620183002e-05,279.02245752876485,1872.1273289606531,36.15481995425696,1.0,0.0,1.0,500,0,0,4500,42.59920835494995
ok,ptft,14,5000,0.255,1275,0.255,10000,1.0,0.0,0.0,0.1,1.0,0.1,1.0,unit_total_var,,0.5,5000000,5000,50000,True,0.0001,,0.0,0.0,1.0,2000,train_pred_mse,5000,0.7333126712139337,0.7249984792246873,6.246425592815796e-05,270.2590094667765,1982.913335862384,38.227383785673425,1.0,0.0,1.0,500,0,0,4500,40.44385170936585
ok,ptft,15,5000,0.255,1275,0.255,10000,1.0,0.0,0.0,0.1,1.0,0.1,1.0,unit_total_var,,0.5,5000000,5000,50000,True,0.0001,,0.0,0.0,1.0,2000,train_pred_mse,5000,0.6987758058086109,0.7001510979443528,5.8928255016471165e-05,275.97117335699267,1857.6427757444967,35.51688573430217,1.0,0.0,1.0,500,0,0,4500,31.24761199951172
ok,ptft,16,5000,0.255,1275,0.255,10000,1.0,0.0,0.0,0.1,1.0,0.1,1.0,unit_total_var,,0.5,5000000,5000,50000,True,0.0001,,0.0,0.0,1.0,2000,train_pred_mse,5000,0.6133829755768316,0.6202733801611726,6.213036296313392e-05,267.31923290347055,1814.816602354612,35.361786143045904,1.0,0.0,1.0,500,0,0,4500,74.34495234489441
ok,ptft,17,5000,0.255,1275,0.255,10000,1.0,0.0,0.0,0.1,1.0,0.1,1.0,unit_total_var,,0.5,5000000,5000,50000,True,0.0001,,0.0,0.0,1.0,2000,train_pred_mse,5000,0.6527637210261878,0.6588500265759116,6.143718354578747e-05,283.24525474187794,1760.9434991545554,33.851744552744236,1.0,0.0,1.0,500,0,0,4500,30.60262131690979
ok,ptft,18,5000,0.255,1275,0.255,10000,1.0,0.0,0.0,0.1,1.0,0.1,1.0,unit_total_var,,0.5,5000000,5000,50000,True,0.0001,,0.0,0.0,1.0,2000,train_pred_mse,5000,0.6081924250359142,0.6066923532048571,7.012473810479204e-05,273.4424938994002,1810.3022389063333,34.69186754425546,1.0,0.0,1.0,500,0,0,4500,31.86481857299805
ok,ptft,19,5000,0.255,1275,0.255,10000,1.0,0.0,0.0,0.1,1.0,0.1,1.0,unit_total_var,,0.5,5000000,5000,50000,True,0.0001,,0.0,0.0,1.0,2000,train_pred_mse,5000,0.6506687565601728,0.6572496036450335,5.364491775306684e-05,274.4998856104953,1835.1374712664472,35.56365837644702,1.0,0.0,1.0,500,0,0,4500,34.642079591751106
ok,ptft,6,5000,0.255,1275,0.255,10000,1.0,0.0,0.0,0.1,1.0,0.1,1.0,unit_total_var,,0.5,5000000,5000,50000,True,0.0001,,0.0,0.0,1.0,2000,train_pred_mse,5000,0.6438103690308761,0.6446261195387366,5.7178158110870934e-05,269.9974236708944,1864.0920463418704,36.04459256140709,1.0,0.0,1.0,500,0,0,4500,60.31894540786743
ok,ptft,7,5000,0.255,1275,0.255,10000,1.0,0.0,0.0,0.1,1.0,0.1,1.0,unit_total_var,,0.5,5000000,5000,50000,True,0.0001,,0.0,0.0,1.0,2000,train_pred_mse,5000,0.6691784865177386,0.6736403829057617,6.348949949608371e-05,263.9125241478659,1858.4841284434922,35.966196410417226,1.0,0.0,1.0,500,0,0,4500,64.45365881919861
ok,ptft,8,5000,0.255,1275,0.255,10000,1.0,0.0,0.0,0.1,1.0,0.1,1.0,unit_total_var,,0.5,5000000,5000,50000,True,0.0001,,0.0,0.0,1.0,2000,train_pred_mse,5000,0.7032988329957234,0.6992227307235276,6.841776290598633e-05,272.22776764694504,1890.7773349309655,36.69656261918481,1.0,0.0,1.0,500,0,0,4500,51.34810328483582
ok,ptft,9,5000,0.255,1275,0.255,10000,1.0,0.0,0.0,0.1,1.0,0.1,1.0,unit_total_var,,0.5,5000000,5000,50000,True,0.0001,,0.0,0.0,1.0,2000,train_pred_mse,5000,0.6378377039465353,0.6360213515398692,6.221531207532149e-05,274.5859531704771,1802.5020075909588,35.271732349939114,1.0,0.0,1.0,500,0,0,4500,34.97214984893799
ok,ptft,10,5000,0.30400000000000005,1520,0.304,10000,1.0,0.0,0.0,0.1,1.0,0.1,1.0,unit_total_var,,0.5,5000000,5000,50000,True,0.0001,,0.0,0.0,1.0,2000,train_pred_mse,5000,0.6300981548687405,0.6396422500199952,0.00018324001462233024,322.2328856586911,1978.9567754704774,39.4971444800244,1.0,0.0,1.0,500,0,0,4500,66.5869152545929
ok,ptft,11,5000,0.30400000000000005,1520,0.304,10000,1.0,0.0,0.0,0.1,1.0,0.1,1.0,unit_total_var,,0.5,5000000,5000,50000,True,0.0001,,0.0,0.0,1.0,2000,train_pred_mse,5000,0.6735869509027133,0.6742328765550601,0.0002049471711226436,301.56992261050686,2104.8623251636936,41.47366751523211,1.0,0.0,1.0,500,0,0,4500,68.22980332374573
ok,ptft,12,5000,0.30400000000000005,1520,0.304,10000,1.0,0.0,0.0,0.1,1.0,0.1,1.0,unit_total_var,,0.5,5000000,5000,50000,True,0.0001,,0.0,0.0,1.0,2000,train_pred_mse,5000,0.5705868690942716,0.5725745398846636,0.0001870176954455613,320.7870651014924,1881.8039574336233,37.33968877177621,1.0,0.0,1.0,500,0,0,4500,40.1535656452179
ok,ptft,13,5000,0.30400000000000005,1520,0.304,10000,1.0,0.0,0.0,0.1,1.0,0.1,1.0,unit_total_var,,0.5,5000000,5000,50000,True,0.0001,,0.0,0.0,1.0,2000,train_pred_mse,5000,0.595231853552327,0.5933860458284551,0.000200870249641522,305.818460724504,2093.7324230997965,41.88416093626114,1.0,0.0,1.0,500,0,0,4500,40.555584192276
ok,ptft,14,5000,0.30400000000000005,1520,0.304,10000,1.0,0.0,0.0,0.1,1.0,0.1,1.0,unit_total_var,,0.5,5000000,5000,50000,True,0.0001,,0.0,0.0,1.0,2000,train_pred_mse,5000,0.6605436321752186,0.6558926332351386,0.0001926832337119081,323.2111734053055,2064.4650632369307,41.45887146562751,1.0,0.0,1.0,500,0,0,4500,48.05012011528015
ok,ptft,15,5000,0.30400000000000005,1520,0.304,10000,1.0,0.0,0.0,0.1,1.0,0.1,1.0,unit_total_var,,0.5,5000000,5000,50000,True,0.0001,,0.0,0.0,1.0,2000,train_pred_mse,5000,0.6100404278486048,0.6131869868149621,0.0001831183604854293,308.08698801846145,2015.5719150874631,39.996805526695965,1.0,0.0,1.0,500,0,0,4500,50.957401752471924
ok,ptft,16,5000,0.30400000000000005,1520,0.304,10000,1.0,0.0,0.0,0.1,1.0,0.1,1.0,unit_total_var,,0.5,5000000,5000,50000,True,0.0001,,0.0,0.0,1.0,2000,train_pred_mse,5000,0.5437637832478697,0.555761262406143,0.00020516652260384955,312.2058247223316,1934.4080848464926,38.70617001652856,1.0,0.0,1.0,500,0,0,4500,65.85717153549193
ok,ptft,17,5000,0.30400000000000005,1520,0.304,10000,1.0,0.0,0.0,0.1,1.0,0.1,1.0,unit_total_var,,0.5,5000000,5000,50000,True,0.0001,,0.0,0.0,1.0,2000,train_pred_mse,5000,0.5784282493580502,0.5850824778320762,0.00019028207015666987,316.9179549200988,1910.7899443208853,37.753791810227135,1.0,0.0,1.0,500,0,0,4500,46.53888249397278
ok,ptft,18,5000,0.30400000000000005,1520,0.304,10000,1.0,0.0,0.0,0.1,1.0,0.1,1.0,unit_total_var,,0.5,5000000,5000,50000,True,0.0001,,0.0,0.0,1.0,2000,train_pred_mse,5000,0.5647567966355475,0.5474759923355197,0.00018137518952673508,315.15034790327417,1912.7272388547005,37.885197333709975,1.0,0.0,1.0,500,0,0,4500,52.8017966747284
ok,ptft,19,5000,0.30400000000000005,1520,0.304,10000,1.0,0.0,0.0,0.1,1.0,0.1,1.0,unit_total_var,,0.5,5000000,5000,50000,True,0.0001,,0.0,0.0,1.0,2000,train_pred_mse,5000,0.5966666865222443,0.595034794204677,0.00019480143021798567,316.0842730639178,1945.4633926139813,38.71574664410695,1.0,0.0,1.0,500,0,0,4500,48.62297797203064
ok,ptft,6,5000,0.30400000000000005,1520,0.304,10000,1.0,0.0,0.0,0.1,1.0,0.1,1.0,unit_total_var,,0.5,5000000,5000,50000,True,0.0001,,0.0,0.0,1.0,2000,train_pred_mse,5000,0.602763714530681,0.598984520367801,0.0001893911313078963,312.8269790858145,1948.0511011046383,38.47762102696913,1.0,0.0,1.0,500,0,0,4500,70.16267228126526
ok,ptft,7,5000,0.30400000000000005,1520,0.304,10000,1.0,0.0,0.0,0.1,1.0,0.1,1.0,unit_total_var,,0.5,5000000,5000,50000,True,0.0001,,0.0,0.0,1.0,2000,train_pred_mse,5000,0.5888413485822659,0.5940772482875464,0.00021731586265504962,305.76659550243323,2008.4122580661317,40.07979215121932,1.0,0.0,1.0,500,0,0,4500,73.54692625999449
ok,ptft,8,5000,0.30400000000000005,1520,0.304,10000,1.0,0.0,0.0,0.1,1.0,0.1,1.0,unit_total_var,,0.5,5000000,5000,50000,True,0.0001,,0.0,0.0,1.0,2000,train_pred_mse,5000,0.6251205861847564,0.6103195264999632,0.00022534544763046802,316.69209786088084,2035.7823947371842,41.0732762105602,1.0,0.0,1.0,500,0,0,4500,45.631030321121216
ok,ptft,9,5000,0.30400000000000005,1520,0.304,10000,1.0,0.0,0.0,0.1,1.0,0.1,1.0,unit_total_var,,0.5,5000000,5000,50000,True,0.0001,,0.0,0.0,1.0,2000,train_pred_mse,5000,0.5666897244329135,0.570648870353225,0.00019824037913913515,307.12844914167874,1942.8512337987233,38.75528146396639,1.0,0.0,1.0,500,0,0,4500,48.55677843093872
ok,ptft,10,5000,0.35300000000000004,1765,0.353,10000,1.0,0.0,0.0,0.1,1.0,0.1,1.0,unit_total_var,,0.5,5000000,5000,50000,True,0.0001,,0.0,0.0,1.0,2000,train_pred_mse,5000,0.5524558194788538,0.5686021771163924,0.0004020632195210391,348.459084509428,2098.1354260113308,42.780167082762624,1.0,0.0,1.0,500,0,0,4500,76.75522708892822
ok,ptft,11,5000,0.35300000000000004,1765,0.353,10000,1.0,0.0,0.0,0.1,1.0,0.1,1.0,unit_total_var,,0.5,5000000,5000,50000,True,0.0001,,0.0,0.0,1.0,2000,train_pred_mse,5000,0.6033481707334444,0.5988595080751811,0.00039725640285447446,360.17060939874216,2180.2094814001084,44.83025314118957,1.0,0.0,1.0,500,0,0,4500,68.91762757301329
ok,ptft,12,5000,0.35300000000000004,1765,0.353,10000,1.0,0.0,0.0,0.1,1.0,0.1,1.0,unit_total_var,,0.5,5000000,5000,50000,True,0.0001,,0.0,0.0,1.0,2000,train_pred_mse,5000,0.4878927398313634,0.4960870100403729,0.00038312131733114063,353.0493397415418,2004.4353296962286,41.050929922892564,1.0,0.0,1.0,500,0,0,4500,52.035156965255744
ok,ptft,13,5000,0.35300000000000004,1765,0.353,10000,1.0,0.0,0.0,0.1,1.0,0.1,1.0,unit_total_var,,0.5,5000000,5000,50000,True,0.0001,,0.0,0.0,1.0,2000,train_pred_mse,5000,0.5453763959158394,0.5427933850904466,0.00039416808121254615,349.35794669007134,2145.545168869443,44.247420873546716,1.0,0.0,1.0,500,0,0,4500,69.07918620109558
ok,ptft,14,5000,0.35300000000000004,1765,0.353,10000,1.0,0.0,0.0,0.1,1.0,0.1,1.0,unit_total_var,,0.5,5000000,5000,50000,True,0.0001,,0.0,0.0,1.0,2000,train_pred_mse,5000,0.5731286695831229,0.5684401189613815,0.00043908005721524687,350.95970264951836,2197.8051701808927,45.441774735353505,1.0,0.0,1.0,500,0,0,4500,52.07309341430664
ok,ptft,15,5000,0.35300000000000004,1765,0.353,10000,1.0,0.0,0.0,0.1,1.0,0.1,1.0,unit_total_var,,0.5,5000000,5000,50000,True,0.0001,,0.0,0.0,1.0,2000,train_pred_mse,5000,0.5434076236161771,0.5441605814425651,0.0004012800018198608,357.4713454071822,2109.2331403409125,43.17056741315473,1.0,0.0,1.0,500,0,0,4500,54.54769778251648
ok,ptft,16,5000,0.35300000000000004,1765,0.353,10000,1.0,0.0,0.0,0.1,1.0,0.1,1.0,unit_total_var,,0.5,5000000,5000,50000,True,0.0001,,0.0,0.0,1.0,2000,train_pred_mse,5000,0.501530432643568,0.5133481163593728,0.0003829003129390989,356.0959383597139,2005.5963485207417,40.706076089670404,1.0,0.0,1.0,500,0,0,4500,71.36546611785889
ok,ptft,17,5000,0.35300000000000004,1765,0.353,10000,1.0,0.0,0.0,0.1,1.0,0.1,1.0,unit_total_var,,0.5,5000000,5000,50000,True,0.0001,,0.0,0.0,1.0,2000,train_pred_mse,5000,0.5232427647994804,0.5261039464817331,0.0004027205074523792,357.04389516216577,2002.878705950862,40.61867532825182,1.0,0.0,1.0,500,0,0,4500,54.60074234008789
ok,ptft,18,5000,0.35300000000000004,1765,0.353,10000,1.0,0.0,0.0,0.1,1.0,0.1,1.0,unit_total_var,,0.5,5000000,5000,50000,True,0.0001,,0.0,0.0,1.0,2000,train_pred_mse,5000,0.4988009796187071,0.4904126163312082,0.00039400244106084346,358.71968161861537,1990.9110397432487,40.68114408277475,1.0,0.0,1.0,500,0,0,4500,69.95277142524718
ok,ptft,19,5000,0.35300000000000004,1765,0.353,10000,1.0,0.0,0.0,0.1,1.0,0.1,1.0,unit_total_var,,0.5,5000000,5000,50000,True,0.0001,,0.0,0.0,1.0,2000,train_pred_mse,5000,0.5428953257413447,0.5375961782609452,0.00044782044659675635,348.82569767282985,2033.6278254964889,41.537202596057455,1.0,0.0,1.0,500,0,0,4500,63.90995764732361
ok,ptft,6,5000,0.35300000000000004,1765,0.353,10000,1.0,0.0,0.0,0.1,1.0,0.1,1.0,unit_total_var,,0.5,5000000,5000,50000,True,0.0001,,0.0,0.0,1.0,2000,train_pred_mse,5000,0.5276742523262525,0.5250948067718849,0.0003677488040213678,349.78030128888525,2054.5847245641307,42.09588945929927,1.0,0.0,1.0,500,0,0,4500,84.71247577667236
ok,ptft,7,5000,0.35300000000000004,1765,0.353,10000,1.0,0.0,0.0,0.1,1.0,0.1,1.0,unit_total_var,,0.5,5000000,5000,50000,True,0.0001,,0.0,0.0,1.0,2000,train_pred_mse,5000,0.5446889184472504,0.5321464216032545,0.00039038279397416185,360.81613749423127,2093.713716430501,42.993992218988154,1.0,0.0,1.0,500,0,0,4500,72.68989968299866
ok,ptft,8,5000,0.35300000000000004,1765,0.353,10000,1.0,0.0,0.0,0.1,1.0,0.1,1.0,unit_total_var,,0.5,5000000,5000,50000,True,0.0001,,0.0,0.0,1.0,2000,train_pred_mse,5000,0.55392485565003,0.5392433210095411,0.00041845999408162007,355.8572313584133,2127.3718683834386,44.36939449299891,1.0,0.0,1.0,500,0,0,4500,66.56153130531311
ok,ptft,9,5000,0.35300000000000004,1765,0.353,10000,1.0,0.0,0.0,0.1,1.0,0.1,1.0,unit_total_var,,0.5,5000000,5000,50000,True,0.0001,,0.0,0.0,1.0,2000,train_pred_mse,5000,0.5343924491208463,0.5271453455898194,0.00040778905830492245,358.47315630987833,1983.8666927269053,40.75855580187852,1.0,0.0,1.0,500,0,0,4500,56.38179636001587
ok,ptft,10,5000,0.402,2010,0.402,10000,1.0,0.0,0.0,0.1,1.0,0.1,1.0,unit_total_var,,0.5,5000000,5000,50000,True,0.0001,,0.0,0.0,1.0,2000,train_pred_mse,10000,0.4935556260235061,0.4945951981540606,7.883847398837139e-05,0.028169364002122006,2208.7935014456784,46.39169353042325,1.0,0.0,1.0,500,0,0,4500,158.1778795719147
ok,ptft,11,5000,0.402,2010,0.402,10000,1.0,0.0,0.0,0.1,1.0,0.1,1.0,unit_total_var,,0.5,5000000,5000,50000,True,0.0001,,0.0,0.0,1.0,2000,train_pred_mse,10000,0.5302729853361793,0.5231851913936211,8.89752373477698e-05,0.030006379744460337,2290.0130221784593,48.364037067475465,1.0,0.0,1.0,500,0,0,4500,148.18106985092163
ok,ptft,12,5000,0.402,2010,0.402,10000,1.0,0.0,0.0,0.1,1.0,0.1,1.0,unit_total_var,,0.5,5000000,5000,50000,True,0.0001,,0.0,0.0,1.0,2000,train_pred_mse,10000,0.4433210766081317,0.4463075764478748,7.846230693851625e-05,0.029653256654075182,2077.835718634833,43.73844536653277,1.0,0.0,1.0,500,0,0,4500,111.53109192848206
ok,ptft,13,5000,0.402,2010,0.402,10000,1.0,0.0,0.0,0.1,1.0,0.1,1.0,unit_total_var,,0.5,5000000,5000,50000,True,0.0001,,0.0,0.0,1.0,2000,train_pred_mse,10000,0.4903667757719305,0.4926229491026518,9.131112353647568e-05,0.031364622059580266,2222.9962739700304,46.72874157702457,1.0,0.0,1.0,500,0,0,4500,111.2801468372345
ok,ptft,14,5000,0.402,2010,0.402,10000,1.0,0.0,0.0,0.1,1.0,0.1,1.0,unit_total_var,,0.5,5000000,5000,50000,True,0.0001,,0.0,0.0,1.0,2000,train_pred_mse,10000,0.5275940224934907,0.5248582059533875,7.138826967642087e-05,0.0255248105443134,2231.8483514602826,47.621261756215226,1.0,0.0,1.0,500,0,0,4500,134.89395499229428
ok,ptft,15,5000,0.402,2010,0.402,10000,1.0,0.0,0.0,0.1,1.0,0.1,1.0,unit_total_var,,0.5,5000000,5000,50000,True,0.0001,,0.0,0.0,1.0,2000,train_pred_mse,10000,0.4546992947906608,0.4531000783840852,8.528496485527989e-05,0.02883850204188847,2216.743392699733,47.727850773466514,1.0,0.0,1.0,500,0,0,4500,118.92129945755005
ok,ptft,16,5000,0.402,2010,0.402,10000,1.0,0.0,0.0,0.1,1.0,0.1,1.0,unit_total_var,,0.5,5000000,5000,50000,True,0.0001,,0.0,0.0,1.0,2000,train_pred_mse,10000,0.4458264443808115,0.4536767250016446,8.597272875215469e-05,0.031395241605425124,2062.716430771579,43.877821219979026,1.0,0.0,1.0,500,0,0,4500,115.48245239257812
ok,ptft,17,5000,0.402,2010,0.402,10000,1.0,0.0,0.0,0.1,1.0,0.1,1.0,unit_total_var,,0.5,5000000,5000,50000,True,0.0001,,0.0,0.0,1.0,2000,train_pred_mse,10000,0.4639185320988643,0.4654162019036819,7.658115700360764e-05,0.02857616657070375,2111.907093434298,43.842133213757016,1.0,0.0,1.0,500,0,0,4500,119.85063028335571
ok,ptft,18,5000,0.402,2010,0.402,10000,1.0,0.0,0.0,0.1,1.0,0.1,1.0,unit_total_var,,0.5,5000000,5000,50000,True,0.0001,,0.0,0.0,1.0,2000,train_pred_mse,10000,0.4379938254011789,0.4403614143216673,8.604008293339657e-05,0.0317223387412386,2072.3451769647663,43.398132254621885,1.0,0.0,1.0,500,0,0,4500,148.9618799686432
ok,ptft,19,5000,0.402,2010,0.402,10000,1.0,0.0,0.0,0.1,1.0,0.1,1.0,unit_total_var,,0.5,5000000,5000,50000,True,0.0001,,0.0,0.0,1.0,2000,train_pred_mse,10000,0.4805138647486003,0.4726806341270761,8.280690762734464e-05,0.030642349423318307,2121.8990991987334,44.83143861278529,1.0,0.0,1.0,500,0,0,4500,145.8055944442749
ok,ptft,6,5000,0.402,2010,0.402,10000,1.0,0.0,0.0,0.1,1.0,0.1,1.0,unit_total_var,,0.5,5000000,5000,50000,True,0.0001,,0.0,0.0,1.0,2000,train_pred_mse,10000,0.44701866391173134,0.4549633930025427,8.330442891830131e-05,0.03024316700805413,2128.993091986129,45.48984829436265,1.0,0.0,1.0,500,0,0,4500,192.37297201156616
ok,ptft,7,5000,0.402,2010,0.402,10000,1.0,0.0,0.0,0.1,1.0,0.1,1.0,unit_total_var,,0.5,5000000,5000,50000,True,0.0001,,0.0,0.0,1.0,2000,train_pred_mse,10000,0.4701409110963416,0.4715089615450739,9.393968926990944e-05,0.03332338387855015,2160.423265481323,45.990072794019014,1.0,0.0,1.0,500,0,0,4500,123.52666640281677
ok,ptft,8,5000,0.402,2010,0.402,10000,1.0,0.0,0.0,0.1,1.0,0.1,1.0,unit_total_var,,0.5,5000000,5000,50000,True,0.0001,,0.0,0.0,1.0,2000,train_pred_mse,10000,0.5093563752574435,0.4955308348680931,8.58191970462601e-05,0.029681939585813038,2196.7819852523903,46.536930653205395,1.0,0.0,1.0,500,0,0,4500,147.61789655685425
ok,ptft,9,5000,0.402,2010,0.402,10000,1.0,0.0,0.0,0.1,1.0,0.1,1.0,unit_total_var,,0.5,5000000,5000,50000,True,0.0001,,0.0,0.0,1.0,2000,train_pred_mse,10000,0.4727723652157376,0.4693507717154534,7.332977421059918e-05,0.027658497050533037,2091.5973829685213,43.772492981501664,1.0,0.0,1.0,500,0,0,4500,121.58672094345093
ok,ptft,10,5000,0.451,2255,0.451,10000,1.0,0.0,0.0,0.1,1.0,0.1,1.0,unit_total_var,,0.5,5000000,5000,50000,True,0.0001,,0.0,0.0,1.0,2000,train_pred_mse,10000,0.4368248312720739,0.4443698131897281,0.00017753252676783158,0.0470019370868563,2221.473933565981,48.75720459102532,1.0,0.0,1.0,500,0,0,4500,173.1225724220276
ok,ptft,11,5000,0.451,2255,0.451,10000,1.0,0.0,0.0,0.1,1.0,0.1,1.0,unit_total_var,,0.5,5000000,5000,50000,True,0.0001,,0.0,0.0,1.0,2000,train_pred_mse,10000,0.4687491462251021,0.4653520549258274,0.00019170847815757052,0.04801138367842904,2316.8205633009493,50.82656949278717,1.0,0.0,1.0,500,0,0,4500,121.68724250793457
ok,ptft,12,5000,0.451,2255,0.451,10000,1.0,0.0,0.0,0.1,1.0,0.1,1.0,unit_total_var,,0.5,5000000,5000,50000,True,0.0001,,0.0,0.0,1.0,2000,train_pred_mse,10000,0.4096694044162925,0.4037662860940344,0.0001452815605174192,0.04218162381613762,2094.8953704216597,45.640996721674526,1.0,0.0,1.0,500,0,0,4500,135.62035608291626
ok,ptft,13,5000,0.451,2255,0.451,10000,1.0,0.0,0.0,0.1,1.0,0.1,1.0,unit_total_var,,0.5,5000000,5000,50000,True,0.0001,,0.0,0.0,1.0,2000,train_pred_mse,10000,0.42474930458757865,0.4231550157674368,0.00016570479160952232,0.044718842806199637,2266.9276011724064,49.77306339020922,1.0,0.0,1.0,500,0,0,4500,128.71144008636477
ok,ptft,14,5000,0.451,2255,0.451,10000,1.0,0.0,0.0,0.1,1.0,0.1,1.0,unit_total_var,,0.5,5000000,5000,50000,True,0.0001,,0.0,0.0,1.0,2000,train_pred_mse,10000,0.4609259735897209,0.4624485319962458,0.00015123846062242566,0.040283384060178715,2313.060909665197,50.26869596089829,1.0,0.0,1.0,500,0,0,4500,151.1881904602051
ok,ptft,15,5000,0.451,2255,0.451,10000,1.0,0.0,0.0,0.1,1.0,0.1,1.0,unit_total_var,,0.5,5000000,5000,50000,True,0.0001,,0.0,0.0,1.0,2000,train_pred_mse,10000,0.4282015888298774,0.4289868640198503,0.0001892831902580123,0.049441577247356025,2233.2496071834767,48.674820787673475,1.0,0.0,1.0,500,0,0,4500,128.89597606658936
ok,ptft,16,5000,0.451,2255,0.451,10000,1.0,0.0,0.0,0.1,1.0,0.1,1.0,unit_total_var,,0.5,5000000,5000,50000,True,0.0001,,0.0,0.0,1.0,2000,train_pred_mse,10000,0.3703106838042396,0.3727970922174317,0.00016077231728858259,0.04317019115011622,2134.711331766953,47.812544613355215,1.0,0.0,1.0,500,0,0,4500,137.5309982299805
ok,ptft,17,5000,0.451,2255,0.451,10000,1.0,0.0,0.0,0.1,1.0,0.1,1.0,unit_total_var,,0.5,5000000,5000,50000,True,0.0001,,0.0,0.0,1.0,2000,train_pred_mse,10000,0.40246387007974177,0.40040325167486096,0.0001465085989174373,0.04209367644642244,2150.031544857726,46.89667738949213,1.0,0.0,1.0,500,0,0,4500,158.28926491737366
ok,ptft,18,5000,0.451,2255,0.451,10000,1.0,0.0,0.0,0.1,1.0,0.1,1.0,unit_total_var,,0.5,5000000,5000,50000,True,0.0001,,0.0,0.0,1.0,2000,train_pred_mse,10000,0.4112249307393278,0.4108185587946673,0.00017281363198235503,0.04975891570444056,2103.964840900736,44.747215319439725,1.0,0.0,1.0,500,0,0,4500,158.5548391342163
ok,ptft,19,5000,0.451,2255,0.451,10000,1.0,0.0,0.0,0.1,1.0,0.1,1.0,unit_total_var,,0.5,5000000,5000,50000,True,0.0001,,0.0,0.0,1.0,2000,train_pred_mse,10000,0.41526758225269,0.41112217630599296,0.00016059252294621897,0.0446099723563473,2186.3012940054628,47.80910298089772,1.0,0.0,1.0,500,0,0,4500,181.61382484436038
ok,ptft,6,5000,0.451,2255,0.451,10000,1.0,0.0,0.0,0.1,1.0,0.1,1.0,unit_total_var,,0.5,5000000,5000,50000,True,0.0001,,0.0,0.0,1.0,2000,train_pred_mse,10000,0.42249016553380414,0.41517513616973695,0.00015631988374283792,0.044601213627808535,2170.041292197866,47.34242325705655,1.0,0.0,1.0,500,0,0,4500,256.602157831192
ok,ptft,7,5000,0.451,2255,0.451,10000,1.0,0.0,0.0,0.1,1.0,0.1,1.0,unit_total_var,,0.5,5000000,5000,50000,True,0.0001,,0.0,0.0,1.0,2000,train_pred_mse,10000,0.42972745027178794,0.4244098030574306,0.00018690139363812487,0.049478009204024065,2197.7661327484225,48.080744378681466,1.0,0.0,1.0,500,0,0,4500,141.79675555229187
ok,ptft,8,5000,0.451,2255,0.451,10000,1.0,0.0,0.0,0.1,1.0,0.1,1.0,unit_total_var,,0.5,5000000,5000,50000,True,0.0001,,0.0,0.0,1.0,2000,train_pred_mse,10000,0.4479608704909255,0.4399862796105997,0.00016982859717104668,0.044425073735889685,2242.9646334518006,49.01369646630042,1.0,0.0,1.0,500,0,0,4500,171.25946116447452
ok,ptft,9,5000,0.451,2255,0.451,10000,1.0,0.0,0.0,0.1,1.0,0.1,1.0,unit_total_var,,0.5,5000000,5000,50000,True,0.0001,,0.0,0.0,1.0,2000,train_pred_mse,10000,0.4046742122763163,0.4016123148392281,0.0001563221618657038,0.04379054580702045,2147.8876083131254,47.010955254842436,1.0,0.0,1.0,500,0,0,4500,212.4096782207489
ok,ptft,10,5000,0.5,2500,0.5,10000,1.0,0.0,0.0,0.1,1.0,0.1,1.0,unit_total_var,,0.5,5000000,5000,50000,True,0.0001,,0.0,0.0,1.0,2000,train_pred_mse,10000,0.3630254560199469,0.3736930075872109,0.0002671617916946234,0.059539491284548815,2269.633948039082,51.83255808792393,1.0,0.0,1.0,500,0,0,4500,220.73290801048282
ok,ptft,11,5000,0.5,2500,0.5,10000,1.0,0.0,0.0,0.1,1.0,0.1,1.0,unit_total_var,,0.5,5000000,5000,50000,True,0.0001,,0.0,0.0,1.0,2000,train_pred_mse,10000,0.4273819584484504,0.4213160098100436,0.00027067930350246693,0.05819652863255775,2343.5473745818426,52.77089173192911,1.0,0.0,1.0,500,0,0,4500,253.93616652488708
ok,ptft,12,5000,0.5,2500,0.5,10000,1.0,0.0,0.0,0.1,1.0,0.1,1.0,unit_total_var,,0.5,5000000,5000,50000,True,0.0001,,0.0,0.0,1.0,2000,train_pred_mse,10000,0.3359765450563852,0.3344623323708429,0.0002742664362206708,0.061901660386375276,2162.3152496547305,48.89551538902656,1.0,0.0,1.0,500,0,0,4500,156.24479651451108
ok,ptft,13,5000,0.5,2500,0.5,10000,1.0,0.0,0.0,0.1,1.0,0.1,1.0,unit_total_var,,0.5,5000000,5000,50000,True,0.0001,,0.0,0.0,1.0,2000,train_pred_mse,10000,0.38028867099177216,0.3787237738969245,0.00026443462925764905,0.05736302979240038,2277.4275080981038,51.74401972637307,1.0,0.0,1.0,500,0,0,4500,183.18641877174375
ok,ptft,14,5000,0.5,2500,0.5,10000,1.0,0.0,0.0,0.1,1.0,0.1,1.0,unit_total_var,,0.5,5000000,5000,50000,True,0.0001,,0.0,0.0,1.0,2000,train_pred_mse,10000,0.3844145693582689,0.38609889566503264,0.0002622861396425065,0.05548227827929567,2335.1504091539723,53.66693171604643,1.0,0.0,1.0,500,0,0,4500,203.7398884296417
ok,ptft,15,5000,0.5,2500,0.5,10000,1.0,0.0,0.0,0.1,1.0,0.1,1.0,unit_total_var,,0.5,5000000,5000,50000,True,0.0001,,0.0,0.0,1.0,2000,train_pred_mse,10000,0.3735787721585202,0.3785839001807522,0.000265249316831452,0.057272752575603963,2250.972072227619,50.95334137368091,1.0,0.0,1.0,500,0,0,4500,178.25630903244019
ok,ptft,16,5000,0.5,2500,0.5,10000,1.0,0.0,0.0,0.1,1.0,0.1,1.0,unit_total_var,,0.5,5000000,5000,50000,True,0.0001,,0.0,0.0,1.0,2000,train_pred_mse,10000,0.3581730785225675,0.3594903371478981,0.00024524015762146534,0.05755673879003765,2155.718209283767,48.322006885427285,1.0,0.0,1.0,500,0,0,4500,157.77629590034485
ok,ptft,17,5000,0.5,2500,0.5,10000,1.0,0.0,0.0,0.1,1.0,0.1,1.0,unit_total_var,,0.5,5000000,5000,50000,True,0.0001,,0.0,0.0,1.0,2000,train_pred_mse,10000,0.3357909737406104,0.33447578607974265,0.0002657270046005329,0.058862024300886925,2190.168496496177,49.94647149348982,1.0,0.0,1.0,500,0,0,4500,175.86539459228516
ok,ptft,18,5000,0.5,2500,0.5,10000,1.0,0.0,0.0,0.1,1.0,0.1,1.0,unit_total_var,,0.5,5000000,5000,50000,True,0.0001,,0.0,0.0,1.0,2000,train_pred_mse,10000,0.3492559452814595,0.34929939364897544,0.0002603014002900149,0.06248215018458553,2140.7038305870874,47.58396003669852,1.0,0.0,1.0,500,0,0,4500,147.07814836502075
ok,ptft,19,5000,0.5,2500,0.5,10000,1.0,0.0,0.0,0.1,1.0,0.1,1.0,unit_total_var,,0.5,5000000,5000,50000,True,0.0001,,0.0,0.0,1.0,2000,train_pred_mse,10000,0.3465251172484381,0.33985024087103,0.00027680807596516506,0.06207023767302306,2212.6217588053387,50.89017085573779,1.0,0.0,1.0,500,0,0,4500,192.1111159324646
ok,ptft,6,5000,0.5,2500,0.5,10000,1.0,0.0,0.0,0.1,1.0,0.1,1.0,unit_total_var,,0.5,5000000,5000,50000,True,0.0001,,0.0,0.0,1.0,2000,train_pred_mse,10000,0.3508453217213602,0.3551635587695001,0.0002802166498565208,0.06286660154483678,2204.82065785768,50.0855494265976,1.0,0.0,1.0,500,0,0,4500,160.00558972358704
ok,ptft,7,5000,0.5,2500,0.5,10000,1.0,0.0,0.0,0.1,1.0,0.1,1.0,unit_total_var,,0.5,5000000,5000,50000,True,0.0001,,0.0,0.0,1.0,2000,train_pred_mse,10000,0.3652452023059826,0.3643367002599649,0.00027835682674926736,0.060739993081865985,2240.5911628245367,50.79653522806441,1.0,0.0,1.0,500,0,0,4500,171.1148965358734
ok,ptft,8,5000,0.5,2500,0.5,10000,1.0,0.0,0.0,0.1,1.0,0.1,1.0,unit_total_var,,0.5,5000000,5000,50000,True,0.0001,,0.0,0.0,1.0,2000,train_pred_mse,10000,0.3672359787694981,0.3583472952810885,0.0002657294841653314,0.058797553561860935,2264.681591001849,52.60878241915469,1.0,0.0,1.0,500,0,0,4500,179.85532355308533
ok,ptft,9,5000,0.5,2500,0.5,10000,1.0,0.0,0.0,0.1,1.0,0.1,1.0,unit_total_var,,0.5,5000000,5000,50000,True,0.0001,,0.0,0.0,1.0,2000,train_pred_mse,10000,0.3390474330698154,0.34624449895920795,0.00025558057313529746,0.05781639484180665,2170.7261677059196,49.603367962924615,1.0,0.0,1.0,500,0,0,4500,199.28080940246585
ok,ptft,10,5000,0.01,50,0.01,10000,1e-06,0.0,0.0,0.1,1.0,0.1,1.0,unit_total_var,,0.5,5000000,5000,50000,True,0.0001,,0.0,0.0,1.0,2000,train_pred_mse,5000,0.9305311768064524,0.9533031579216662,2.384214628314362e-08,236.41968364720853,382.6485943280272,24.07518897530959,0.597,0.0,1.0,500,0,0,4500,5.4301202297210684
ok,ptft,11,5000,0.01,50,0.01,10000,1e-06,0.0,0.0,0.1,1.0,0.1,1.0,unit_total_var,,0.5,5000000,5000,50000,True,0.0001,,0.0,0.0,1.0,2000,train_pred_mse,5000,1.0048273142990525,1.0005322866884625,2.3170502537517284e-08,240.18043662672852,392.9416492978158,24.671951183397802,0.6138,0.0,1.0,500,0,0,4500,5.453788757324219
ok,ptft,12,5000,0.01,50,0.01,10000,1e-06,0.0,0.0,0.1,1.0,0.1,1.0,unit_total_var,,0.5,5000000,5000,50000,True,0.0001,,0.0,0.0,1.0,2000,train_pred_mse,5000,0.8444279226071569,0.8462603667719344,1.6146730771223676e-08,242.23160848474927,342.76173219536395,21.033004226449552,0.5682,0.0,1.0,500,0,0,4500,5.197504758834839
ok,ptft,13,5000,0.01,50,0.01,10000,1e-06,0.0,0.0,0.1,1.0,0.1,1.0,unit_total_var,,0.5,5000000,5000,50000,True,0.0001,,0.0,0.0,1.0,2000,train_pred_mse,5000,0.9382399042980184,0.9225837606490926,7.71402740460207e-09,221.64191040137158,432.1824953679129,26.59344033944098,0.6204,0.0,1.0,500,0,0,4500,5.2965168952941895
ok,ptft,14,5000,0.01,50,0.01,10000,1e-06,0.0,0.0,0.1,1.0,0.1,1.0,unit_total_var,,0.5,5000000,5000,50000,True,0.0001,,0.0,0.0,1.0,2000,train_pred_mse,5000,1.011261210918712,1.0012620445979588,1.2682924256428391e-08,249.92063432091263,382.5859123750338,23.784688602452498,0.6018,0.0,1.0,500,0,0,4500,4.666127443313599
ok,ptft,15,5000,0.01,50,0.01,10000,1e-06,0.0,0.0,0.1,1.0,0.1,1.0,unit_total_var,,0.5,5000000,5000,50000,True,0.0001,,0.0,0.0,1.0,2000,train_pred_mse,5000,0.9257792008915072,0.9250147908432984,1.4339709453396062e-08,213.78341602293858,389.40543059824114,23.076941247159795,0.5744,0.0,1.0,500,0,0,4500,5.305061340332031
ok,ptft,16,5000,0.01,50,0.01,10000,1e-06,0.0,0.0,0.1,1.0,0.1,1.0,unit_total_var,,0.5,5000000,5000,50000,True,0.0001,,0.0,0.0,1.0,2000,train_pred_mse,5000,0.7851659590123347,0.8016049195120463,4.4302386698765585e-09,249.9273169818407,464.5276964631994,28.0070733820488,0.6394,0.0,1.0,500,0,0,4500,4.558850765228272
ok,ptft,17,5000,0.01,50,0.01,10000,1e-06,0.0,0.0,0.1,1.0,0.1,1.0,unit_total_var,,0.5,5000000,5000,50000,True,0.0001,,0.0,0.0,1.0,2000,train_pred_mse,5000,0.8433201412575915,0.8595159921313352,2.779232767993223e-08,232.20283697639,362.60246996900366,22.97347004982908,0.5704,0.0,1.0,500,0,0,4500,4.657419681549072
ok,ptft,18,5000,0.01,50,0.01,10000,1e-06,0.0,0.0,0.1,1.0,0.1,1.0,unit_total_var,,0.5,5000000,5000,50000,True,0.0001,,0.0,0.0,1.0,2000,train_pred_mse,5000,0.8278139349150053,0.8138546249534059,1.754755425582845e-08,242.12123760919158,399.3368608417623,24.6065378356186,0.6214,0.0,1.0,500,0,0,4500,4.862640380859375
ok,ptft,19,5000,0.01,50,0.01,10000,1e-06,0.0,0.0,0.1,1.0,0.1,1.0,unit_total_var,,0.5,5000000,5000,50000,True,0.0001,,0.0,0.0,1.0,2000,train_pred_mse,5000,0.9252388657200832,0.9077202430861662,5.228694730067521e-08,209.47021289183812,355.1203339278728,21.39722038941158,0.5556,0.0,1.0,500,0,0,4500,5.309780836105347
ok,ptft,6,5000,0.01,50,0.01,10000,1e-06,0.0,0.0,0.1,1.0,0.1,1.0,unit_total_var,,0.5,5000000,5000,50000,True,0.0001,,0.0,0.0,1.0,2000,train_pred_mse,5000,0.8763844381830982,0.8771424823090527,1.3198920053768893e-07,275.2987557102346,395.3241508728902,24.3748230000284,0.6486,0.0,1.0,500,0,0,4500,4.767854928970337
ok,ptft,7,5000,0.01,50,0.01,10000,1e-06,0.0,0.0,0.1,1.0,0.1,1.0,unit_total_var,,0.5,5000000,5000,50000,True,0.0001,,0.0,0.0,1.0,2000,train_pred_mse,5000,0.8861289708841387,0.8945919290999471,1.2608737722687685e-08,262.2884765069936,424.17230661349777,28.09363491214886,0.635,0.0,1.0,500,0,0,4500,4.739520072937012
ok,ptft,8,5000,0.01,50,0.01,10000,1e-06,0.0,0.0,0.1,1.0,0.1,1.0,unit_total_var,,0.5,5000000,5000,50000,True,0.0001,,0.0,0.0,1.0,2000,train_pred_mse,5000,0.9826394114263474,0.9593226560621894,7.083357030311623e-09,233.81406022332519,367.1794382760903,23.571020650447068,0.5898,0.0,1.0,500,0,0,4500,6.041953802108765
ok,ptft,9,5000,0.01,50,0.01,10000,1e-06,0.0,0.0,0.1,1.0,0.1,1.0,unit_total_var,,0.5,5000000,5000,50000,True,0.0001,,0.0,0.0,1.0,2000,train_pred_mse,5000,0.9081267807370028,0.8997430653854593,3.7304796696195137e-08,255.31491143750299,301.8553390545192,18.483751115451017,0.5484,0.0,1.0,500,0,0,4500,5.687788009643555
ok,ptft,10,5000,0.059,295,0.059000000000000004,10000,1e-06,0.0,0.0,0.1,1.0,0.1,1.0,unit_total_var,,0.5,5000000,5000,50000,True,0.0001,,0.0,0.0,1.0,2000,train_pred_mse,20000,0.4152829964715225,0.4164007668383173,0.0001739680480845292,0.020997146659447928,962.7865023690944,57.26585916584703,0.8308,0.0,1.0,500,0,0,4500,57.45757484436035
ok,ptft,11,5000,0.059,295,0.059000000000000004,10000,1e-06,0.0,0.0,0.1,1.0,0.1,1.0,unit_total_var,,0.5,5000000,5000,50000,True,0.0001,,0.0,0.0,1.0,2000,train_pred_mse,25000,0.4944719564888372,0.4919803371443922,0.00013017623484123136,0.0151020743468823,971.6877708973192,57.92875738236928,0.848,0.0,1.0,500,0,0,4500,35.47009301185608
ok,ptft,12,5000,0.059,295,0.059000000000000004,10000,1e-06,0.0,0.0,0.1,1.0,0.1,1.0,unit_total_var,,0.5,5000000,5000,50000,True,0.0001,,0.0,0.0,1.0,2000,train_pred_mse,20000,0.462386951257525,0.466896498740535,0.00018600037452552764,0.024239528352254697,838.5466231483217,50.31204152643966,0.8192,0.0,1.0,500,0,0,4500,37.28851485252381
ok,ptft,13,5000,0.059,295,0.059000000000000004,10000,1e-06,0.0,0.0,0.1,1.0,0.1,1.0,unit_total_var,,0.5,5000000,5000,50000,True,0.0001,,0.0,0.0,1.0,2000,train_pred_mse,20000,0.5129630389465366,0.5205698223518808,0.00017217664669117445,0.022262286976385087,902.8981840334571,53.116010145664646,0.8412,0.0,1.0,500,0,0,4500,25.49585747718811
ok,ptft,14,5000,0.059,295,0.059000000000000004,10000,1e-06,0.0,0.0,0.1,1.0,0.1,1.0,unit_total_var,,0.5,5000000,5000,50000,True,0.0001,,0.0,0.0,1.0,2000,train_pred_mse,25000,0.43833831771573867,0.4383990230271391,0.00014858794248227825,0.016349745645750438,986.3449378259123,58.43260569085732,0.8478,0.0,1.0,500,0,0,4500,30.432117700576786
ok,ptft,15,5000,0.059,295,0.059000000000000004,10000,1e-06,0.0,0.0,0.1,1.0,0.1,1.0,unit_total_var,,0.5,5000000,5000,50000,True,0.0001,,0.0,0.0,1.0,2000,train_pred_mse,20000,0.4884468707454754,0.4897319716182412,0.00016577442601767596,0.02086221586221584,913.2129328238074,53.454407548205296,0.8328,0.0,1.0,500,0,0,4500,27.174302816390988
ok,ptft,16,5000,0.059,295,0.059000000000000004,10000,1e-06,0.0,0.0,0.1,1.0,0.1,1.0,unit_total_var,,0.5,5000000,5000,50000,True,0.0001,,0.0,0.0,1.0,2000,train_pred_mse,20000,0.3767573667203357,0.3775161404777748,0.00016879440888390698,0.02058381725052298,902.9875649236217,54.28189702325992,0.8282,0.0,1.0,500,0,0,4500,33.16601300239563
ok,ptft,17,5000,0.059,295,0.059000000000000004,10000,1e-06,0.0,0.0,0.1,1.0,0.1,1.0,unit_total_var,,0.5,5000000,5000,50000,True,0.0001,,0.0,0.0,1.0,2000,train_pred_mse,25000,0.3727368211844794,0.3744947349395272,0.0001229099196742079,0.014202833472662631,924.5309132007809,54.930065001308,0.8440000000000001,0.0,1.0,500,0,0,4500,43.672641038894646
ok,ptft,18,5000,0.059,295,0.059000000000000004,10000,1e-06,0.0,0.0,0.1,1.0,0.1,1.0,unit_total_var,,0.5,5000000,5000,50000,True,0.0001,,0.0,0.0,1.0,2000,train_pred_mse,25000,0.3924872099793101,0.38857011564676014,0.00012143372015254343,0.01436879650427291,904.2642481616832,53.20712936734608,0.8398,0.0,1.0,500,0,0,4500,39.42064785957336
ok,ptft,19,5000,0.059,295,0.059000000000000004,10000,1e-06,0.0,0.0,0.1,1.0,0.1,1.0,unit_total_var,,0.5,5000000,5000,50000,True,0.0001,,0.0,0.0,1.0,2000,train_pred_mse,20000,0.4102633997913561,0.4116466148135403,0.0001705274995993359,0.021667484569206717,911.0525260204796,54.56782582037661,0.8190000000000001,0.0,1.0,500,0,0,4500,26.378748416900635
ok,ptft,6,5000,0.059,295,0.059000000000000004,10000,1e-06,0.0,0.0,0.1,1.0,0.1,1.0,unit_total_var,,0.5,5000000,5000,50000,True,0.0001,,0.0,0.0,1.0,2000,train_pred_mse,25000,0.4578365275548573,0.4688565667371902,0.00012592652134376455,0.015950161312483238,888.5467652944859,52.13711078995371,0.8422,0.0,1.0,500,0,0,4500,30.157475233078003
ok,ptft,7,5000,0.059,295,0.059000000000000004,10000,1e-06,0.0,0.0,0.1,1.0,0.1,1.0,unit_total_var,,0.5,5000000,5000,50000,True,0.0001,,0.0,0.0,1.0,2000,train_pred_mse,20000,0.4647791381411557,0.4633678594237948,0.0001944884249843311,0.02393686677139656,904.0363408329248,53.2101011328507,0.8302,0.0,1.0,500,0,0,4500,27.910117864608765
ok,ptft,8,5000,0.059,295,0.059000000000000004,10000,1e-06,0.0,0.0,0.1,1.0,0.1,1.0,unit_total_var,,0.5,5000000,5000,50000,True,0.0001,,0.0,0.0,1.0,2000,train_pred_mse,20000,0.478422500486669,0.472707323768026,0.00019781692649246816,0.02426010097804473,928.6322983708003,55.606485749674846,0.8224,0.0,1.0,500,0,0,4500,30.333286046981808
ok,ptft,9,5000,0.059,295,0.059000000000000004,10000,1e-06,0.0,0.0,0.1,1.0,0.1,1.0,unit_total_var,,0.5,5000000,5000,50000,True,0.0001,,0.0,0.0,1.0,2000,train_pred_mse,25000,0.3997925300436421,0.3956586719247293,0.0001241725429116018,0.015973160578778952,907.4664826332685,53.923341197732476,0.8392,0.0,1.0,500,0,0,4500,33.25246787071228
ok,ptft,10,5000,0.10800000000000001,540,0.10800000000000001,10000,1e-06,0.0,0.0,0.1,1.0,0.1,1.0,unit_total_var,,0.5,5000000,5000,50000,True,0.0001,,0.0,0.0,1.0,2000,train_pred_mse,90000,0.014953111606716597,0.014801314780262071,6.865072759468131e-05,0.004444453822393699,1258.6728804673626,70.97992917374356,0.8926,0.0,1.0,500,0,0,4500,192.04086089134216
ok,ptft,11,5000,0.10800000000000001,540,0.10800000000000001,10000,1e-06,0.0,0.0,0.1,1.0,0.1,1.0,unit_total_var,,0.5,5000000,5000,50000,True,0.0001,,0.0,0.0,1.0,2000,train_pred_mse,105000,0.042945325740359634,0.041746677335469634,6.486170829964012e-05,0.0036468818913825696,1274.9076140791021,71.24028292967563,0.9092,0.0,1.0,500,0,0,4500,397.74992942810064
ok,ptft,12,5000,0.10800000000000001,540,0.10800000000000001,10000,1e-06,0.0,0.0,0.1,1.0,0.1,1.0,unit_total_var,,0.5,5000000,5000,50000,True,0.0001,,0.0,0.0,1.0,2000,train_pred_mse,80000,0.01499241845095584,0.014586843329955,8.199742692003228e-05,0.0056741235956630776,1193.4400717209214,66.80334168865022,0.9024,0.0,1.0,500,0,0,4500,218.72331833839417
ok,ptft,13,5000,0.10800000000000001,540,0.10800000000000001,10000,1e-06,0.0,0.0,0.1,1.0,0.1,1.0,unit_total_var,,0.5,5000000,5000,50000,True,0.0001,,0.0,0.0,1.0,2000,train_pred_mse,105000,0.02116441402986992,0.021530898842377803,6.324508896260895e-05,0.00360629268235004,1269.422581375572,70.22266813327403,0.9154,0.0,1.0,500,0,0,4500,189.360776424408
ok,ptft,14,5000,0.10800000000000001,540,0.10800000000000001,10000,1e-06,0.0,0.0,0.1,1.0,0.1,1.0,unit_total_var,,0.5,5000000,5000,50000,True,0.0001,,0.0,0.0,1.0,2000,train_pred_mse,95000,0.020336969903932783,0.02097447537380237,7.23352307836519e-05,0.00442235770534921,1285.7857029676081,72.06424526257703,0.907,0.0,1.0,500,0,0,4500,197.9970097541809
ok,ptft,15,5000,0.10800000000000001,540,0.10800000000000001,10000,1e-06,0.0,0.0,0.1,1.0,0.1,1.0,unit_total_var,,0.5,5000000,5000,50000,True,0.0001,,0.0,0.0,1.0,2000,train_pred_mse,100000,0.03495697633602124,0.03482506005530805,7.066903664257962e-05,0.0041758722241313296,1231.099182394049,68.53725582528865,0.9028,0.0,1.0,500,0,0,4500,227.2276647090912
ok,ptft,16,5000,0.10800000000000001,540,0.10800000000000001,10000,1e-06,0.0,0.0,0.1,1.0,0.1,1.0,unit_total_var,,0.5,5000000,5000,50000,True,0.0001,,0.0,0.0,1.0,2000,train_pred_mse,105000,0.01982523502756124,0.019935094249983423,6.89758619541681e-05,0.004165025723882347,1164.6846875265376,66.12871169614051,0.9094,0.0,1.0,500,0,0,4500,268.5597801208496
ok,ptft,17,5000,0.10800000000000001,540,0.10800000000000001,10000,1e-06,0.0,0.0,0.1,1.0,0.1,1.0,unit_total_var,,0.5,5000000,5000,50000,True,0.0001,,0.0,0.0,1.0,2000,train_pred_mse,95000,0.02135236547713764,0.02180201425160293,7.327050335399505e-05,0.004608048277861457,1185.603126703722,66.73705617427946,0.9096,0.0,1.0,500,0,0,4500,277.2333571910858
ok,ptft,18,5000,0.10800000000000001,540,0.10800000000000001,10000,1e-06,0.0,0.0,0.1,1.0,0.1,1.0,unit_total_var,,0.5,5000000,5000,50000,True,0.0001,,0.0,0.0,1.0,2000,train_pred_mse,80000,0.02260490147443223,0.02241998343688049,7.816755356604428e-05,0.005672590294548718,1188.4335024821635,65.2047373912813,0.904,0.0,1.0,500,0,0,4500,210.5878484249115
ok,ptft,19,5000,0.10800000000000001,540,0.10800000000000001,10000,1e-06,0.0,0.0,0.1,1.0,0.1,1.0,unit_total_var,,0.5,5000000,5000,50000,True,0.0001,,0.0,0.0,1.0,2000,train_pred_mse,90000,0.01913458265957765,0.01949932236797906,6.316254286331557e-05,0.00424957677195471,1203.695346421441,68.05097012695771,0.8966,0.0,1.0,500,0,0,4500,199.7562484741211
ok,ptft,6,5000,0.10800000000000001,540,0.10800000000000001,10000,1e-06,0.0,0.0,0.1,1.0,0.1,1.0,unit_total_var,,0.5,5000000,5000,50000,True,0.0001,,0.0,0.0,1.0,2000,train_pred_mse,85000,0.015945177985824257,0.015946936053633638,6.900204858197936e-05,0.004760137605007273,1214.6044379811128,68.52332998257266,0.8912,0.0,1.0,500,0,0,4500,156.53834748268127
ok,ptft,7,5000,0.10800000000000001,540,0.10800000000000001,10000,1e-06,0.0,0.0,0.1,1.0,0.1,1.0,unit_total_var,,0.5,5000000,5000,50000,True,0.0001,,0.0,0.0,1.0,2000,train_pred_mse,105000,0.028137071365340056,0.028316791218692294,6.803488707578985e-05,0.004199848448543494,1245.209562456428,68.62112674198515,0.9056,0.0,1.0,500,0,0,4500,216.4762351512909
ok,ptft,8,5000,0.10800000000000001,540,0.10800000000000001,10000,1e-06,0.0,0.0,0.1,1.0,0.1,1.0,unit_total_var,,0.5,5000000,5000,50000,True,0.0001,,0.0,0.0,1.0,2000,train_pred_mse,90000,0.01879992588259625,0.01919675840815677,6.541250935805633e-05,0.004279823393661871,1257.93668429654,70.89641665504926,0.8944,0.0,1.0,500,0,0,4500,522.6860866546632
ok,ptft,9,5000,0.10800000000000001,540,0.10800000000000001,10000,1e-06,0.0,0.0,0.1,1.0,0.1,1.0,unit_total_var,,0.5,5000000,5000,50000,True,0.0001,,0.0,0.0,1.0,2000,train_pred_mse,100000,0.02386337153172866,0.023750862901630938,6.578304025601605e-05,0.003948692419130043,1191.453617970164,67.36450771555769,0.8988,0.0,1.0,500,0,0,4500,184.06633138656616
ok,ptft,10,5000,0.15700000000000006,785,0.157,10000,1e-06,0.0,0.0,0.1,1.0,0.1,1.0,unit_total_var,,0.5,5000000,5000,50000,True,0.0001,,0.0,0.0,1.0,2000,train_pred_mse,40000,0.0013396723583341931,0.0013625750418705302,0.00012877386283911623,0.010074947262389828,1288.168973903914,71.89736678276853,0.8390000000000001,0.0,1.0,500,0,0,4500,116.59702014923096
ok,ptft,11,5000,0.15700000000000006,785,0.157,10000,1e-06,0.0,0.0,0.1,1.0,0.1,1.0,unit_total_var,,0.5,5000000,5000,50000,True,0.0001,,0.0,0.0,1.0,2000,train_pred_mse,40000,0.0012736882743130474,0.0012812166794540735,0.0001247342955584198,0.009309766130302191,1336.6605239210714,74.44893862510419,0.8320000000000001,0.0,1.0,500,0,0,4500,230.0196237564087
ok,ptft,12,5000,0.15700000000000006,785,0.157,10000,1e-06,0.0,0.0,0.1,1.0,0.1,1.0,unit_total_var,,0.5,5000000,5000,50000,True,0.0001,,0.0,0.0,1.0,2000,train_pred_mse,40000,0.0012504002362795394,0.001233863996929069,0.00011984305877766001,0.010264606044987194,1223.3918060002175,67.87559878605924,0.835,0.0,1.0,500,0,0,4500,240.65579080581662
ok,ptft,13,5000,0.15700000000000006,785,0.157,10000,1e-06,0.0,0.0,0.1,1.0,0.1,1.0,unit_total_var,,0.5,5000000,5000,50000,True,0.0001,,0.0,0.0,1.0,2000,train_pred_mse,40000,0.001184836923767661,0.0011668358911361,0.00012497802577575548,0.01010135397215483,1307.75824455365,71.89735286870324,0.8348,0.0,1.0,500,0,0,4500,153.67736148834229
ok,ptft,14,5000,0.15700000000000006,785,0.157,10000,1e-06,0.0,0.0,0.1,1.0,0.1,1.0,unit_total_var,,0.5,5000000,5000,50000,True,0.0001,,0.0,0.0,1.0,2000,train_pred_mse,35000,0.00121276728819541,0.0012001225415425132,0.0001381842895129281,0.010991846447106116,1326.8458901022188,73.97591327947205,0.8368,0.0,1.0,500,0,0,4500,123.7174220085144
ok,ptft,15,5000,0.15700000000000006,785,0.157,10000,1e-06,0.0,0.0,0.1,1.0,0.1,1.0,unit_total_var,,0.5,5000000,5000,50000,True,0.0001,,0.0,0.0,1.0,2000,train_pred_mse,40000,0.0008976086805901852,0.0009029884608873599,0.00011082706494974221,0.008767267766498416,1283.4718903969099,71.3413893084312,0.833,0.0,1.0,500,0,0,4500,166.18737721443173
ok,ptft,16,5000,0.15700000000000006,785,0.157,10000,1e-06,0.0,0.0,0.1,1.0,0.1,1.0,unit_total_var,,0.5,5000000,5000,50000,True,0.0001,,0.0,0.0,1.0,2000,train_pred_mse,40000,0.0011692393506306286,0.0011844274663253898,0.00011806297464666712,0.00961474221333858,1215.4239122920649,68.33207739961142,0.8340000000000001,0.0,1.0,500,0,0,4500,132.43407917022705
ok,ptft,17,5000,0.15700000000000006,785,0.157,10000,1e-06,0.0,0.0,0.1,1.0,0.1,1.0,unit_total_var,,0.5,5000000,5000,50000,True,0.0001,,0.0,0.0,1.0,2000,train_pred_mse,35000,0.0007290916331234744,0.0007330085750569566,0.00012431872108274457,0.010849302695500345,1226.5894539875785,68.79838970236621,0.8244,0.0,1.0,500,0,0,4500,122.05144786834715
ok,ptft,18,5000,0.15700000000000006,785,0.157,10000,1e-06,0.0,0.0,0.1,1.0,0.1,1.0,unit_total_var,,0.5,5000000,5000,50000,True,0.0001,,0.0,0.0,1.0,2000,train_pred_mse,40000,0.0011813307789144268,0.0011783016679004195,0.0001138332091152437,0.00981684361908754,1226.4129595575976,67.31524352176159,0.8254,0.0,1.0,500,0,0,4500,187.47631740570068
ok,ptft,19,5000,0.15700000000000006,785,0.157,10000,1e-06,0.0,0.0,0.1,1.0,0.1,1.0,unit_total_var,,0.5,5000000,5000,50000,True,0.0001,,0.0,0.0,1.0,2000,train_pred_mse,45000,0.0011379034610428825,0.0011559064105517627,0.00011122443733571946,0.008844760768098153,1235.1278571526655,69.7651008841884,0.8424,0.0,1.0,500,0,0,4500,153.77502822875974
ok,ptft,6,5000,0.15700000000000006,785,0.157,10000,1e-06,0.0,0.0,0.1,1.0,0.1,1.0,unit_total_var,,0.5,5000000,5000,50000,True,0.0001,,0.0,0.0,1.0,2000,train_pred_mse,40000,0.0011449358558482546,0.001149378307665729,0.00011128152566565164,0.008840808495127937,1235.2500011989387,69.73307292612597,0.8272,0.0,1.0,500,0,0,4500,268.07478094100946
ok,ptft,7,5000,0.15700000000000006,785,0.157,10000,1e-06,0.0,0.0,0.1,1.0,0.1,1.0,unit_total_var,,0.5,5000000,5000,50000,True,0.0001,,0.0,0.0,1.0,2000,train_pred_mse,40000,0.0010309110051489336,0.001046648202780379,0.00012116912567046208,0.009877323691426087,1288.3851992781022,70.62416386149002,0.831,0.0,1.0,500,0,0,4500,166.12723851203918
ok,ptft,8,5000,0.15700000000000006,785,0.157,10000,1e-06,0.0,0.0,0.1,1.0,0.1,1.0,unit_total_var,,0.5,5000000,5000,50000,True,0.0001,,0.0,0.0,1.0,2000,train_pred_mse,40000,0.0010132087855317569,0.0010072277540757958,0.00012075979034131826,0.009442301293506304,1284.7508072477005,72.10560822868763,0.8356,0.0,1.0,500,0,0,4500,159.43949770927432
ok,ptft,9,5000,0.15700000000000006,785,0.157,10000,1e-06,0.0,0.0,0.1,1.0,0.1,1.0,unit_total_var,,0.5,5000000,5000,50000,True,0.0001,,0.0,0.0,1.0,2000,train_pred_mse,35000,0.0015013444857321138,0.0015028631693117054,0.00013764608776468867,0.011479694612812605,1229.3107897082255,68.85687486689945,0.8266,0.0,1.0,500,0,0,4500,241.89672088623047
ok,ptft,10,5000,0.206,1030,0.20600000000000002,10000,1e-06,0.0,0.0,0.1,1.0,0.1,1.0,unit_total_var,,0.5,5000000,5000,50000,True,0.0001,,0.0,0.0,1.0,2000,train_pred_mse,25000,0.0003248583389518244,0.0003291157683945056,0.00013584305463549155,0.012243458895755215,1294.437350974613,72.19146989460694,0.779,0.0,1.0,500,0,0,4500,140.8213140964508
ok,ptft,11,5000,0.206,1030,0.20600000000000002,10000,1e-06,0.0,0.0,0.1,1.0,0.1,1.0,unit_total_var,,0.5,5000000,5000,50000,True,0.0001,,0.0,0.0,1.0,2000,train_pred_mse,25000,0.00046757784587415273,0.0004684878667578421,0.0001540806480958696,0.01345628983914263,1341.9512633716647,74.61535667827741,0.7806,0.0,1.0,500,0,0,4500,266.60373449325556
ok,ptft,12,5000,0.206,1030,0.20600000000000002,10000,1e-06,0.0,0.0,0.1,1.0,0.1,1.0,unit_total_var,,0.5,5000000,5000,50000,True,0.0001,,0.0,0.0,1.0,2000,train_pred_mse,25000,0.0005410638739083849,0.0005508101362407097,0.0001614868332305441,0.014336305102550484,1227.8351833774168,68.05673416897606,0.7832,0.0,1.0,500,0,0,4500,213.35139060020447
ok,ptft,13,5000,0.206,1030,0.20600000000000002,10000,1e-06,0.0,0.0,0.1,1.0,0.1,1.0,unit_total_var,,0.5,5000000,5000,50000,True,0.0001,,0.0,0.0,1.0,2000,train_pred_mse,25000,0.0005813570242059336,0.0005787604870102683,0.00016537823984291044,0.014991159164152962,1313.7997973821775,72.05670875990863,0.7858,0.0,1.0,500,0,0,4500,93.49270820617676
ok,ptft,14,5000,0.206,1030,0.20600000000000002,10000,1e-06,0.0,0.0,0.1,1.0,0.1,1.0,unit_total_var,,0.5,5000000,5000,50000,True,0.0001,,0.0,0.0,1.0,2000,train_pred_mse,25000,0.0007757933533717095,0.0007789548109040213,0.00019287486433101585,0.016339319037501583,1327.0471174614306,73.97882519086372,0.8034,0.0,1.0,500,0,0,4500,169.4813003540039
ok,ptft,15,5000,0.206,1030,0.20600000000000002,10000,1e-06,0.0,0.0,0.1,1.0,0.1,1.0,unit_total_var,,0.5,5000000,5000,50000,True,0.0001,,0.0,0.0,1.0,2000,train_pred_mse,25000,0.0005094772688746481,0.0005177247849457382,0.00016867231931980763,0.014817529983586878,1283.9910963799225,71.39584881145414,0.7978,0.0,1.0,500,0,0,4500,209.451153755188
ok,ptft,16,5000,0.206,1030,0.20600000000000002,10000,1e-06,0.0,0.0,0.1,1.0,0.1,1.0,unit_total_var,,0.5,5000000,5000,50000,True,0.0001,,0.0,0.0,1.0,2000,train_pred_mse,25000,0.0003006658325444148,0.00030107931841876303,0.00013395733512610848,0.012335247841436971,1217.9567016432266,68.60406079939831,0.769,0.0,1.0,500,0,0,4500,228.8275318145752
ok,ptft,17,5000,0.206,1030,0.20600000000000002,10000,1e-06,0.0,0.0,0.1,1.0,0.1,1.0,unit_total_var,,0.5,5000000,5000,50000,True,0.0001,,0.0,0.0,1.0,2000,train_pred_mse,25000,0.00036699886340133285,0.00035846100286343656,0.00013928305889034104,0.012776760362914624,1228.7930681202113,68.9504084086629,0.7662,0.0,1.0,500,0,0,4500,100.35237908363342
ok,ptft,18,5000,0.206,1030,0.20600000000000002,10000,1e-06,0.0,0.0,0.1,1.0,0.1,1.0,unit_total_var,,0.5,5000000,5000,50000,True,0.0001,,0.0,0.0,1.0,2000,train_pred_mse,25000,0.0005165159547476611,0.0005124501664507778,0.0001668110929213286,0.015838278208010422,1225.2646718006931,67.41043513484826,0.7788,0.0,1.0,500,0,0,4500,104.00801753997804
ok,ptft,19,5000,0.206,1030,0.20600000000000002,10000,1e-06,0.0,0.0,0.1,1.0,0.1,1.0,unit_total_var,,0.5,5000000,5000,50000,True,0.0001,,0.0,0.0,1.0,2000,train_pred_mse,25000,0.0005434631131495171,0.0005293418735374889,0.00015286703921286218,0.013389262919769131,1240.670525910394,69.9684760223719,0.7852,0.0,1.0,500,0,0,4500,104.35203409194945
ok,ptft,6,5000,0.206,1030,0.20600000000000002,10000,1e-06,0.0,0.0,0.1,1.0,0.1,1.0,unit_total_var,,0.5,5000000,5000,50000,True,0.0001,,0.0,0.0,1.0,2000,train_pred_mse,25000,0.0004427700384061373,0.0004497778412883786,0.00015565582436988996,0.014438977103311268,1234.6532791091256,69.84106437659032,0.7736,0.0,1.0,500,0,0,4500,128.43882036209106
ok,ptft,7,5000,0.206,1030,0.20600000000000002,10000,1e-06,0.0,0.0,0.1,1.0,0.1,1.0,unit_total_var,,0.5,5000000,5000,50000,True,0.0001,,0.0,0.0,1.0,2000,train_pred_mse,25000,0.00042904123775258483,0.0004355237590824843,0.00015509971502432888,0.014355156171106859,1291.4422535375031,70.80817387148309,0.785,0.0,1.0,500,0,0,4500,172.29465699195862
ok,ptft,8,5000,0.206,1030,0.20600000000000002,10000,1e-06,0.0,0.0,0.1,1.0,0.1,1.0,unit_total_var,,0.5,5000000,5000,50000,True,0.0001,,0.0,0.0,1.0,2000,train_pred_mse,25000,0.0004224521119572163,0.00043533415874723037,0.0001584280557339856,0.014312450169567741,1288.5057327392742,72.27225910322215,0.7774,0.0,1.0,500,0,0,4500,172.29172492027283
ok,ptft,9,5000,0.206,1030,0.20600000000000002,10000,1e-06,0.0,0.0,0.1,1.0,0.1,1.0,unit_total_var,,0.5,5000000,5000,50000,True,0.0001,,0.0,0.0,1.0,2000,train_pred_mse,25000,0.0005905577350060671,0.0005829927298714282,0.0001703523148434361,0.015969565769227766,1231.1553373240226,68.98718814647165,0.7794,0.0,1.0,500,0,0,4500,262.20212697982794
ok,ptft,10,5000,0.255,1275,0.255,10000,1e-06,0.0,0.0,0.1,1.0,0.1,1.0,unit_total_var,,0.5,5000000,5000,50000,True,0.0001,,0.0,0.0,1.0,2000,train_pred_mse,20000,0.00017945656419604731,0.00017689430751908602,0.00014663999368065735,0.015471573676890185,1296.895629216052,72.22319348717096,0.7334,0.0,1.0,500,0,0,4500,150.7918276786804
ok,ptft,11,5000,0.255,1275,0.255,10000,1e-06,0.0,0.0,0.1,1.0,0.1,1.0,unit_total_var,,0.5,5000000,5000,50000,True,0.0001,,0.0,0.0,1.0,2000,train_pred_mse,20000,0.00020833613093073004,0.00020918186926397158,0.00015012434260555952,0.014805347126578059,1344.2228032929831,74.72229201309152,0.7462,0.0,1.0,500,0,0,4500,165.93647456169128
ok,ptft,12,5000,0.255,1275,0.255,10000,1e-06,0.0,0.0,0.1,1.0,0.1,1.0,unit_total_var,,0.5,5000000,5000,50000,True,0.0001,,0.0,0.0,1.0,2000,train_pred_mse,20000,0.00011450675856056079,0.00011578845929797676,0.0001220985473652656,0.012729883024772985,1232.4810638743652,68.24655638936342,0.7252,0.0,1.0,500,0,0,4500,161.15341639518738
ok,ptft,13,5000,0.255,1275,0.255,10000,1e-06,0.0,0.0,0.1,1.0,0.1,1.0,unit_total_var,,0.5,5000000,5000,50000,True,0.0001,,0.0,0.0,1.0,2000,train_pred_mse,20000,0.00020204336397767287,0.00020282700287400013,0.0001571742207690134,0.016543355399408856,1314.8547372411344,72.22016874410835,0.755,0.0,1.0,500,0,0,4500,149.2763729095459
ok,ptft,14,5000,0.255,1275,0.255,10000,1e-06,0.0,0.0,0.1,1.0,0.1,1.0,unit_total_var,,0.5,5000000,5000,50000,True,0.0001,,0.0,0.0,1.0,2000,train_pred_mse,20000,0.0002302833168502016,0.0002262520001911394,0.00016122454302611408,0.015868810912465694,1333.2416354506095,74.22490990507842,0.7616,0.0,1.0,500,0,0,4500,161.39584422111508
ok,ptft,15,5000,0.255,1275,0.255,10000,1e-06,0.0,0.0,0.1,1.0,0.1,1.0,unit_total_var,,0.5,5000000,5000,50000,True,0.0001,,0.0,0.0,1.0,2000,train_pred_mse,20000,0.00021502123079771717,0.0002169786934140718,0.00015950951462307607,0.016055404123507942,1286.5014111211033,71.56210027330995,0.7338,0.0,1.0,500,0,0,4500,229.63982343673703
ok,ptft,16,5000,0.255,1275,0.255,10000,1e-06,0.0,0.0,0.1,1.0,0.1,1.0,unit_total_var,,0.5,5000000,5000,50000,True,0.0001,,0.0,0.0,1.0,2000,train_pred_mse,20000,0.00023101344691647715,0.0002288444610977692,0.00015983493773461958,0.016183727553165897,1218.2238468419118,68.65426661726207,0.7304,0.0,1.0,500,0,0,4500,158.80995845794678
ok,ptft,17,5000,0.255,1275,0.255,10000,1e-06,0.0,0.0,0.1,1.0,0.1,1.0,unit_total_var,,0.5,5000000,5000,50000,True,0.0001,,0.0,0.0,1.0,2000,train_pred_mse,20000,0.000250707040844429,0.0002517055588807105,0.00016406341260670213,0.01688708359454771,1230.8093853438668,68.97325263452866,0.7364,0.0,1.0,500,0,0,4500,161.34424686431885
ok,ptft,18,5000,0.255,1275,0.255,10000,1e-06,0.0,0.0,0.1,1.0,0.1,1.0,unit_total_var,,0.5,5000000,5000,50000,True,0.0001,,0.0,0.0,1.0,2000,train_pred_mse,20000,0.00017915678489231553,0.000180439093162599,0.0001491294895758243,0.016253950239268032,1229.959705008673,67.55970245834797,0.7234,0.0,1.0,500,0,0,4500,140.50585818290708
ok,ptft,19,5000,0.255,1275,0.255,10000,1e-06,0.0,0.0,0.1,1.0,0.1,1.0,unit_total_var,,0.5,5000000,5000,50000,True,0.0001,,0.0,0.0,1.0,2000,train_pred_mse,20000,0.0002451380146443677,0.00024832875816630906,0.00016368772429601147,0.016508915298453667,1241.7219362139015,70.05994139176435,0.7390000000000001,0.0,1.0,500,0,0,4500,143.24817180633542
ok,ptft,6,5000,0.255,1275,0.255,10000,1e-06,0.0,0.0,0.1,1.0,0.1,1.0,unit_total_var,,0.5,5000000,5000,50000,True,0.0001,,0.0,0.0,1.0,2000,train_pred_mse,20000,0.00016182603954815062,0.00015916468113467638,0.00014219062988034734,0.01448111668339061,1237.384293439138,69.99136559784226,0.7304,0.0,1.0,500,0,0,4500,190.59945702552795
ok,ptft,7,5000,0.255,1275,0.255,10000,1e-06,0.0,0.0,0.1,1.0,0.1,1.0,unit_total_var,,0.5,5000000,5000,50000,True,0.0001,,0.0,0.0,1.0,2000,train_pred_mse,20000,0.000342649646669958,0.00034373206809864236,0.00019152722688019376,0.01987944996141582,1291.5434217811164,70.80528086299609,0.752,0.0,1.0,500,0,0,4500,99.48987746238708
ok,ptft,8,5000,0.255,1275,0.255,10000,1e-06,0.0,0.0,0.1,1.0,0.1,1.0,unit_total_var,,0.5,5000000,5000,50000,True,0.0001,,0.0,0.0,1.0,2000,train_pred_mse,20000,0.00024188347804708862,0.00024379145867372198,0.00016731771923206862,0.01626529177870379,1290.7294029366753,72.35365579165291,0.7476,0.0,1.0,500,0,0,4500,188.64037609100345
ok,ptft,9,5000,0.255,1275,0.255,10000,1e-06,0.0,0.0,0.1,1.0,0.1,1.0,unit_total_var,,0.5,5000000,5000,50000,True,0.0001,,0.0,0.0,1.0,2000,train_pred_mse,20000,0.00032577170808779617,0.0003216797535380332,0.0001867722765517708,0.01911230752944293,1232.690057812991,69.10478958451911,0.7322,0.0,1.0,500,0,0,4500,181.92756247520447
ok,ptft,10,5000,0.30400000000000005,1520,0.304,10000,1e-06,0.0,0.0,0.1,1.0,0.1,1.0,unit_total_var,,0.5,5000000,5000,50000,True,0.0001,,0.0,0.0,1.0,2000,train_pred_mse,20000,9.084086807246244e-05,9.069022101213405e-05,0.00012228816577324587,0.012700537291948866,1296.6693054755056,72.31277091699985,0.7106,0.0,1.0,500,0,0,4500,312.76838755607605
ok,ptft,11,5000,0.30400000000000005,1520,0.304,10000,1e-06,0.0,0.0,0.1,1.0,0.1,1.0,unit_total_var,,0.5,5000000,5000,50000,True,0.0001,,0.0,0.0,1.0,2000,train_pred_mse,15000,0.0002123734477712171,0.0002113716929334276,0.00021160123863496564,0.025471687545485462,1343.81603210821,74.7055830208169,0.6958,0.0,1.0,500,0,0,4500,220.91228795051572
ok,ptft,12,5000,0.30400000000000005,1520,0.304,10000,1e-06,0.0,0.0,0.1,1.0,0.1,1.0,unit_total_var,,0.5,5000000,5000,50000,True,0.0001,,0.0,0.0,1.0,2000,train_pred_mse,20000,7.994821438268279e-05,7.900924317635529e-05,0.00011325665669454228,0.012476268062570505,1232.8085579595606,68.24999242810074,0.708,0.0,1.0,500,0,0,4500,181.09845733642575
ok,ptft,13,5000,0.30400000000000005,1520,0.304,10000,1e-06,0.0,0.0,0.1,1.0,0.1,1.0,unit_total_var,,0.5,5000000,5000,50000,True,0.0001,,0.0,0.0,1.0,2000,train_pred_mse,15000,0.00029064005492685603,0.0002861777097199681,0.00022874356404317553,0.025548396078232196,1313.8307230298226,72.2218706022758,0.6902,0.0,1.0,500,0,0,4500,157.8420979976654
ok,ptft,14,5000,0.30400000000000005,1520,0.304,10000,1e-06,0.0,0.0,0.1,1.0,0.1,1.0,unit_total_var,,0.5,5000000,5000,50000,True,0.0001,,0.0,0.0,1.0,2000,train_pred_mse,15000,0.00038582378062757683,0.00038463728589223817,0.0002652927107912156,0.03163603312674905,1330.0138441006884,74.11280085015812,0.7212,0.0,1.0,500,0,0,4500,102.92153716087341
ok,ptft,15,5000,0.30400000000000005,1520,0.304,10000,1e-06,0.0,0.0,0.1,1.0,0.1,1.0,unit_total_var,,0.5,5000000,5000,50000,True,0.0001,,0.0,0.0,1.0,2000,train_pred_mse,15000,0.00036012911382170976,0.00035647504858469543,0.0002578764153414544,0.029612773629966706,1283.0598003276789,71.47695613003262,0.7096,0.0,1.0,500,0,0,4500,167.83278918266296
ok,ptft,16,5000,0.30400000000000005,1520,0.304,10000,1e-06,0.0,0.0,0.1,1.0,0.1,1.0,unit_total_var,,0.5,5000000,5000,50000,True,0.0001,,0.0,0.0,1.0,2000,train_pred_mse,20000,9.050747248552983e-05,8.917062704534588e-05,0.00011743533182993789,0.012522785270870822,1220.884721868524,68.74631367638571,0.6958,0.0,1.0,500,0,0,4500,214.2324066162109
ok,ptft,17,5000,0.30400000000000005,1520,0.304,10000,1e-06,0.0,0.0,0.1,1.0,0.1,1.0,unit_total_var,,0.5,5000000,5000,50000,True,0.0001,,0.0,0.0,1.0,2000,train_pred_mse,20000,7.154486329139451e-05,7.195071192303468e-05,0.00011037945962480835,0.011885782941523091,1232.8548672023635,69.10801228620548,0.7088,0.0,1.0,500,0,0,4500,162.36033296585086
ok,ptft,18,5000,0.30400000000000005,1520,0.304,10000,1e-06,0.0,0.0,0.1,1.0,0.1,1.0,unit_total_var,,0.5,5000000,5000,50000,True,0.0001,,0.0,0.0,1.0,2000,train_pred_mse,15000,0.000359824198327382,0.00036181334095874746,0.00026953468253415244,0.033164988176706794,1225.382668678017,67.41307496053511,0.6936,0.0,1.0,500,0,0,4500,238.4374437332153
ok,ptft,19,5000,0.30400000000000005,1520,0.304,10000,1e-06,0.0,0.0,0.1,1.0,0.1,1.0,unit_total_var,,0.5,5000000,5000,50000,True,0.0001,,0.0,0.0,1.0,2000,train_pred_mse,20000,6.90351842021829e-05,6.960268881679631e-05,0.00011109783971557295,0.01164466263180918,1243.9665386131267,70.19570237271492,0.6990000000000001,0.0,1.0,500,0,0,4500,185.30654644966125
ok,ptft,6,5000,0.30400000000000005,1520,0.304,10000,1e-06,0.0,0.0,0.1,1.0,0.1,1.0,unit_total_var,,0.5,5000000,5000,50000,True,0.0001,,0.0,0.0,1.0,2000,train_pred_mse,20000,7.60526974312547e-05,7.644654750311891e-05,0.00011333277150585161,0.01207838552418918,1239.0903807547238,70.03899900509361,0.7068,0.0,1.0,500,0,0,4500,175.58318710327148
ok,ptft,7,5000,0.30400000000000005,1520,0.304,10000,1e-06,0.0,0.0,0.1,1.0,0.1,1.0,unit_total_var,,0.5,5000000,5000,50000,True,0.0001,,0.0,0.0,1.0,2000,train_pred_mse,15000,0.0002861665970294716,0.0002899596408797822,0.0002500260725930372,0.030122127482777043,1291.7775519935185,70.79708196071516,0.693,0.0,1.0,500,0,0,4500,143.41461253166202
ok,ptft,8,5000,0.30400000000000005,1520,0.304,10000,1e-06,0.0,0.0,0.1,1.0,0.1,1.0,unit_total_var,,0.5,5000000,5000,50000,True,0.0001,,0.0,0.0,1.0,2000,train_pred_mse,15000,0.00026328119127927305,0.000261089853247701,0.00022710825559705097,0.02604784404337998,1291.204903924287,72.33892316790582,0.7046,0.0,1.0,500,0,0,4500,134.54581522941592
ok,ptft,9,5000,0.30400000000000005,1520,0.304,10000,1e-06,0.0,0.0,0.1,1.0,0.1,1.0,unit_total_var,,0.5,5000000,5000,50000,True,0.0001,,0.0,0.0,1.0,2000,train_pred_mse,15000,0.0003349195019305871,0.00034056890155672166,0.000261735303066104,0.030012365232366063,1231.8989188401488,69.08194522717974,0.701,0.0,1.0,500,0,0,4500,162.43074488639832
ok,ptft,10,5000,0.35300000000000004,1765,0.353,10000,1e-06,0.0,0.0,0.1,1.0,0.1,1.0,unit_total_var,,0.5,5000000,5000,50000,True,0.0001,,0.0,0.0,1.0,2000,train_pred_mse,15000,0.0001281701797356236,0.00012837436091133326,0.000184538450145688,0.023794065273705582,1296.8107807547526,72.25241110016898,0.6814,0.0,1.0,500,0,0,4500,151.18914318084714
ok,ptft,11,5000,0.35300000000000004,1765,0.353,10000,1e-06,0.0,0.0,0.1,1.0,0.1,1.0,unit_total_var,,0.5,5000000,5000,50000,True,0.0001,,0.0,0.0,1.0,2000,train_pred_mse,15000,0.00016197338825365328,0.000159484374919142,0.00019560651133384042,0.021645793580741972,1343.8280164289936,74.75015062618813,0.6762,0.0,1.0,500,0,0,4500,232.74209856987002
ok,ptft,12,5000,0.35300000000000004,1765,0.353,10000,1e-06,0.0,0.0,0.1,1.0,0.1,1.0,unit_total_var,,0.5,5000000,5000,50000,True,0.0001,,0.0,0.0,1.0,2000,train_pred_mse,15000,0.00013988906401964178,0.0001382482690308419,0.00018932244240033865,0.025005410865000584,1230.7901240521658,68.19057764305644,0.6612,0.0,1.0,500,0,0,4500,146.27881264686584
ok,ptft,13,5000,0.35300000000000004,1765,0.353,10000,1e-06,0.0,0.0,0.1,1.0,0.1,1.0,unit_total_var,,0.5,5000000,5000,50000,True,0.0001,,0.0,0.0,1.0,2000,train_pred_mse,15000,0.0001402593265636889,0.00013872000110735124,0.00018777571262804563,0.02267903005976908,1316.437365883432,72.27655399125733,0.6656,0.0,1.0,500,0,0,4500,150.12683439254758
ok,ptft,14,5000,0.35300000000000004,1765,0.353,10000,1e-06,0.0,0.0,0.1,1.0,0.1,1.0,unit_total_var,,0.5,5000000,5000,50000,True,0.0001,,0.0,0.0,1.0,2000,train_pred_mse,15000,0.00018735222948558012,0.0001891132557398837,0.0002127411022294432,0.023823348254243447,1332.7992245469625,74.22738676636548,0.6754,0.0,1.0,500,0,0,4500,218.04462504386902
ok,ptft,15,5000,0.35300000000000004,1765,0.353,10000,1e-06,0.0,0.0,0.1,1.0,0.1,1.0,unit_total_var,,0.5,5000000,5000,50000,True,0.0001,,0.0,0.0,1.0,2000,train_pred_mse,15000,0.0001368084710852803,0.00013726426502316653,0.00018371169999987645,0.02170533813883298,1287.20661534418,71.61412800715037,0.6736,0.0,1.0,500,0,0,4500,194.6033613681793
ok,ptft,16,5000,0.35300000000000004,1765,0.353,10000,1e-06,0.0,0.0,0.1,1.0,0.1,1.0,unit_total_var,,0.5,5000000,5000,50000,True,0.0001,,0.0,0.0,1.0,2000,train_pred_mse,15000,0.0001317768480648715,0.00012797636006683257,0.0001810386990042224,0.02234133127153544,1219.8167974148034,68.70568732951678,0.6692,0.0,1.0,500,0,0,4500,146.55916976928708
ok,ptft,17,5000,0.35300000000000004,1765,0.353,10000,1e-06,0.0,0.0,0.1,1.0,0.1,1.0,unit_total_var,,0.5,5000000,5000,50000,True,0.0001,,0.0,0.0,1.0,2000,train_pred_mse,15000,0.00023338379902696274,0.000233969842470141,0.00022865803478110976,0.027940441157372646,1228.5558812716515,68.98684936116562,0.6814,0.0,1.0,500,0,0,4500,192.36128425598145
ok,ptft,18,5000,0.35300000000000004,1765,0.353,10000,1e-06,0.0,0.0,0.1,1.0,0.1,1.0,unit_total_var,,0.5,5000000,5000,50000,True,0.0001,,0.0,0.0,1.0,2000,train_pred_mse,15000,0.0001062778677651866,0.00010597467879756384,0.00016147628777936766,0.021621830654879208,1230.8804881590293,67.63703271742905,0.6658,0.0,1.0,500,0,0,4500,228.9026210308075
ok,ptft,19,5000,0.35300000000000004,1765,0.353,10000,1e-06,0.0,0.0,0.1,1.0,0.1,1.0,unit_total_var,,0.5,5000000,5000,50000,True,0.0001,,0.0,0.0,1.0,2000,train_pred_mse,15000,0.0001936941377241313,0.00019476582960692809,0.00021008533593793125,0.026045295427587118,1242.620002374232,70.07056948079037,0.6784,0.0,1.0,500,0,0,4500,275.44530868530273
ok,ptft,6,5000,0.35300000000000004,1765,0.353,10000,1e-06,0.0,0.0,0.1,1.0,0.1,1.0,unit_total_var,,0.5,5000000,5000,50000,True,0.0001,,0.0,0.0,1.0,2000,train_pred_mse,15000,0.00013802506266176286,0.0001347001607145157,0.00018517361533130624,0.02223282430674234,1237.5317623013154,69.9962697903637,0.66,0.0,1.0,500,0,0,4500,206.23810410499573
ok,ptft,7,5000,0.35300000000000004,1765,0.353,10000,1e-06,0.0,0.0,0.1,1.0,0.1,1.0,unit_total_var,,0.5,5000000,5000,50000,True,0.0001,,0.0,0.0,1.0,2000,train_pred_mse,15000,0.00012439195465691787,0.00012727515365656454,0.00018428655927005743,0.023431297834713264,1295.9303500558756,70.94096241381696,0.6656,0.0,1.0,500,0,0,4500,170.41286754608151
ok,ptft,8,5000,0.35300000000000004,1765,0.353,10000,1e-06,0.0,0.0,0.1,1.0,0.1,1.0,unit_total_var,,0.5,5000000,5000,50000,True,0.0001,,0.0,0.0,1.0,2000,train_pred_mse,15000,0.00011796469014807564,0.00011952899685853853,0.00017740637716264304,0.022578272155425568,1293.4566247616451,72.42802048117423,0.6578,0.0,1.0,500,0,0,4500,160.74155092239383
ok,ptft,9,5000,0.35300000000000004,1765,0.353,10000,1e-06,0.0,0.0,0.1,1.0,0.1,1.0,unit_total_var,,0.5,5000000,5000,50000,True,0.0001,,0.0,0.0,1.0,2000,train_pred_mse,15000,0.0002124669569591292,0.00021179726936298944,0.00022858109953646734,0.02816522427551065,1233.9279795791801,69.12950370556167,0.679,0.0,1.0,500,0,0,4500,224.13132643699646
ok,ptft,10,5000,0.402,2010,0.402,10000,1e-06,0.0,0.0,0.1,1.0,0.1,1.0,unit_total_var,,0.5,5000000,5000,50000,True,0.0001,,0.0,0.0,1.0,2000,train_pred_mse,15000,6.318827035207789e-05,6.410697734127227e-05,0.00014421538912713156,0.01801537156543009,1298.1483122327388,72.32496226358144,0.6372,0.0,1.0,500,0,0,4500,202.99094581604004
ok,ptft,11,5000,0.402,2010,0.402,10000,1e-06,0.0,0.0,0.1,1.0,0.1,1.0,unit_total_var,,0.5,5000000,5000,50000,True,0.0001,,0.0,0.0,1.0,2000,train_pred_mse,15000,9.372282483188386e-05,9.364574046473288e-05,0.00017208871093623182,0.020240589932641048,1344.5175272295098,74.78491824366074,0.647,0.0,1.0,500,0,0,4500,192.0758380889893
ok,ptft,12,5000,0.402,2010,0.402,10000,1e-06,0.0,0.0,0.1,1.0,0.1,1.0,unit_total_var,,0.5,5000000,5000,50000,True,0.0001,,0.0,0.0,1.0,2000,train_pred_mse,15000,0.00010827629686789273,0.00010851042416243405,0.0001788281056000795,0.02311093317796773,1231.2648266230665,68.20890409959179,0.633,0.0,1.0,500,0,0,4500,222.44434428215027
ok,ptft,13,5000,0.402,2010,0.402,10000,1e-06,0.0,0.0,0.1,1.0,0.1,1.0,unit_total_var,,0.5,5000000,5000,50000,True,0.0001,,0.0,0.0,1.0,2000,train_pred_mse,15000,0.00011996812202352404,0.0001187784663087094,0.00017960950404900488,0.021677896809109382,1316.0314933522411,72.28351001347201,0.6528,0.0,1.0,500,0,0,4500,193.55460000038147
ok,ptft,14,5000,0.402,2010,0.402,10000,1e-06,0.0,0.0,0.1,1.0,0.1,1.0,unit_total_var,,0.5,5000000,5000,50000,True,0.0001,,0.0,0.0,1.0,2000,train_pred_mse,15000,7.655539590548379e-05,7.620944465722954e-05,0.00015413123677726246,0.01822655505477597,1335.1692508055708,74.33039956931349,0.6534,0.0,1.0,500,0,0,4500,229.5242154598236
ok,ptft,15,5000,0.402,2010,0.402,10000,1e-06,0.0,0.0,0.1,1.0,0.1,1.0,unit_total_var,,0.5,5000000,5000,50000,True,0.0001,,0.0,0.0,1.0,2000,train_pred_mse,15000,6.556430265729031e-05,6.498166801483988e-05,0.00014151051288258953,0.01753950579120784,1288.936979256,71.67849782354884,0.642,0.0,1.0,500,0,0,4500,276.90811824798584
ok,ptft,16,5000,0.402,2010,0.402,10000,1e-06,0.0,0.0,0.1,1.0,0.1,1.0,unit_total_var,,0.5,5000000,5000,50000,True,0.0001,,0.0,0.0,1.0,2000,train_pred_mse,15000,0.00010957711426342359,0.00010981577123712613,0.00017589459370478177,0.021638399945234414,1220.0939230803701,68.71517933334653,0.644,0.0,1.0,500,0,0,4500,234.01882243156436
ok,ptft,17,5000,0.402,2010,0.402,10000,1e-06,0.0,0.0,0.1,1.0,0.1,1.0,unit_total_var,,0.5,5000000,5000,50000,True,0.0001,,0.0,0.0,1.0,2000,train_pred_mse,15000,8.526490236233271e-05,8.490483021158127e-05,0.00015806256738637228,0.019460279960919428,1232.0548066997942,69.09512545345882,0.6459999999999999,0.0,1.0,500,0,0,4500,281.34334850311285
ok,ptft,18,5000,0.402,2010,0.402,10000,1e-06,0.0,0.0,0.1,1.0,0.1,1.0,unit_total_var,,0.5,5000000,5000,50000,True,0.0001,,0.0,0.0,1.0,2000,train_pred_mse,15000,8.092088267144671e-05,8.120117618887936e-05,0.0001573704047201421,0.020432817455555148,1231.215833197804,67.6494462266445,0.6378,0.0,1.0,500,0,0,4500,238.0741527080536
ok,ptft,19,5000,0.402,2010,0.402,10000,1e-06,0.0,0.0,0.1,1.0,0.1,1.0,unit_total_var,,0.5,5000000,5000,50000,True,0.0001,,0.0,0.0,1.0,2000,train_pred_mse,15000,0.0001054354214351907,0.00010336820540351362,0.0001723494256386883,0.02088021898603741,1242.4236226092298,70.16693390390611,0.645,0.0,1.0,500,0,0,4500,149.48630356788638
ok,ptft,6,5000,0.402,2010,0.402,10000,1e-06,0.0,0.0,0.1,1.0,0.1,1.0,unit_total_var,,0.5,5000000,5000,50000,True,0.0001,,0.0,0.0,1.0,2000,train_pred_mse,15000,7.843465073615577e-05,7.975528081466168e-05,0.00015513633613314974,0.018343336324510098,1238.2983264464408,70.06702915279173,0.63,0.0,1.0,500,0,0,4500,240.63853073120117
ok,ptft,7,5000,0.402,2010,0.402,10000,1e-06,0.0,0.0,0.1,1.0,0.1,1.0,unit_total_var,,0.5,5000000,5000,50000,True,0.0001,,0.0,0.0,1.0,2000,train_pred_mse,15000,6.815442731886131e-05,6.901935712841115e-05,0.00014828556509152368,0.019131947763370342,1296.3143240491788,71.00039592141174,0.6422,0.0,1.0,500,0,0,4500,179.51435041427612
ok,ptft,8,5000,0.402,2010,0.402,10000,1e-06,0.0,0.0,0.1,1.0,0.1,1.0,unit_total_var,,0.5,5000000,5000,50000,True,0.0001,,0.0,0.0,1.0,2000,train_pred_mse,15000,9.141253811028753e-05,9.307758021665768e-05,0.00016820437233679218,0.021365064401196003,1293.2195438346048,72.44095001377289,0.6468,0.0,1.0,500,0,0,4500,192.7583944797516
ok,ptft,9,5000,0.402,2010,0.402,10000,1e-06,0.0,0.0,0.1,1.0,0.1,1.0,unit_total_var,,0.5,5000000,5000,50000,True,0.0001,,0.0,0.0,1.0,2000,train_pred_mse,15000,9.146480829829102e-05,9.020305747509816e-05,0.00016869302113518402,0.021535869297844526,1236.8862317876244,69.25321178231084,0.6414,0.0,1.0,500,0,0,4500,193.622154712677
ok,ptft,10,5000,0.451,2255,0.451,10000,1e-06,0.0,0.0,0.1,1.0,0.1,1.0,unit_total_var,,0.5,5000000,5000,50000,True,0.0001,,0.0,0.0,1.0,2000,train_pred_mse,15000,5.401034674241805e-05,5.514666651297967e-05,0.0001404842912313325,0.01829350020568748,1298.1273672845596,72.33126381335339,0.6296,0.0,1.0,500,0,0,4500,268.3784117698669
ok,ptft,11,5000,0.451,2255,0.451,10000,1e-06,0.0,0.0,0.1,1.0,0.1,1.0,unit_total_var,,0.5,5000000,5000,50000,True,0.0001,,0.0,0.0,1.0,2000,train_pred_mse,15000,3.635319986818697e-05,3.6915957561669105e-05,0.00012039157738451492,0.015735690241633068,1346.6977979214505,74.85059772657574,0.622,0.0,1.0,500,0,0,4500,254.16185092926025
ok,ptft,12,5000,0.451,2255,0.451,10000,1e-06,0.0,0.0,0.1,1.0,0.1,1.0,unit_total_var,,0.5,5000000,5000,50000,True,0.0001,,0.0,0.0,1.0,2000,train_pred_mse,15000,3.073510485080816e-05,3.069196673461861e-05,0.00011381195800927187,0.01691472598828306,1233.7782239624216,68.30357552962093,0.6214,0.0,1.0,500,0,0,4500,254.61911940574646
ok,ptft,13,5000,0.451,2255,0.451,10000,1e-06,0.0,0.0,0.1,1.0,0.1,1.0,unit_total_var,,0.5,5000000,5000,50000,True,0.0001,,0.0,0.0,1.0,2000,train_pred_mse,15000,5.073729315706028e-05,4.996900862028231e-05,0.00013349225408272638,0.017375520552142754,1317.4730185417304,72.35961145163759,0.6284,0.0,1.0,500,0,0,4500,270.8300919532776
ok,ptft,14,5000,0.451,2255,0.451,10000,1e-06,0.0,0.0,0.1,1.0,0.1,1.0,unit_total_var,,0.5,5000000,5000,50000,True,0.0001,,0.0,0.0,1.0,2000,train_pred_mse,15000,4.8132694766585706e-05,4.842108859570942e-05,0.000126019679805727,0.014598016645799253,1337.079413099576,74.37488881048208,0.6202,0.0,1.0,500,0,0,4500,189.9526581764221
ok,ptft,15,5000,0.451,2255,0.451,10000,1e-06,0.0,0.0,0.1,1.0,0.1,1.0,unit_total_var,,0.5,5000000,5000,50000,True,0.0001,,0.0,0.0,1.0,2000,train_pred_mse,15000,2.942268958533421e-05,2.871755841495095e-05,0.00010442558080657009,0.013200381388769541,1290.644440641866,71.72955882925903,0.6192,0.0,1.0,500,0,0,4500,215.37669229507446
ok,ptft,16,5000,0.451,2255,0.451,10000,1e-06,0.0,0.0,0.1,1.0,0.1,1.0,unit_total_var,,0.5,5000000,5000,50000,True,0.0001,,0.0,0.0,1.0,2000,train_pred_mse,15000,4.838461099369222e-05,4.8550049210154324e-05,0.00013038475764330407,0.017828395236473487,1221.586730599552,68.77891916370147,0.6106,0.0,1.0,500,0,0,4500,176.6023678779602
ok,ptft,17,5000,0.451,2255,0.451,10000,1e-06,0.0,0.0,0.1,1.0,0.1,1.0,unit_total_var,,0.5,5000000,5000,50000,True,0.0001,,0.0,0.0,1.0,2000,train_pred_mse,15000,4.477979474695636e-05,4.475185161582796e-05,0.0001315802209636182,0.01753171024264454,1233.2539296316925,69.12624096628079,0.6068,0.0,1.0,500,0,0,4500,222.75964140892032
ok,ptft,18,5000,0.451,2255,0.451,10000,1e-06,0.0,0.0,0.1,1.0,0.1,1.0,unit_total_var,,0.5,5000000,5000,50000,True,0.0001,,0.0,0.0,1.0,2000,train_pred_mse,15000,5.621667370920343e-05,5.688566322030089e-05,0.0001441592852034562,0.019484149900175284,1231.1136405711945,67.65790022998881,0.6204,0.0,1.0,500,0,0,4500,223.90569519996643
ok,ptft,19,5000,0.451,2255,0.451,10000,1e-06,0.0,0.0,0.1,1.0,0.1,1.0,unit_total_var,,0.5,5000000,5000,50000,True,0.0001,,0.0,0.0,1.0,2000,train_pred_mse,15000,6.113186241501907e-05,6.127029240585883e-05,0.00013620375610694523,0.01715266966642055,1244.637638728206,70.21146726042788,0.6186,0.0,1.0,500,0,0,4500,285.50471472740173
ok,ptft,6,5000,0.451,2255,0.451,10000,1e-06,0.0,0.0,0.1,1.0,0.1,1.0,unit_total_var,,0.5,5000000,5000,50000,True,0.0001,,0.0,0.0,1.0,2000,train_pred_mse,15000,5.272089905387704e-05,5.237901945076492e-05,0.0001317533162129317,0.01653054809372088,1239.9441556809509,70.0835356315034,0.6096,0.0,1.0,500,0,0,4500,192.44939470291138
ok,ptft,7,5000,0.451,2255,0.451,10000,1e-06,0.0,0.0,0.1,1.0,0.1,1.0,unit_total_var,,0.5,5000000,5000,50000,True,0.0001,,0.0,0.0,1.0,2000,train_pred_mse,15000,3.8984554626646806e-05,3.842787744608642e-05,0.00011934543050837639,0.01591134280835092,1297.892414180404,71.04308089392276,0.6284,0.0,1.0,500,0,0,4500,207.8798267841339
ok,ptft,8,5000,0.451,2255,0.451,10000,1e-06,0.0,0.0,0.1,1.0,0.1,1.0,unit_total_var,,0.5,5000000,5000,50000,True,0.0001,,0.0,0.0,1.0,2000,train_pred_mse,15000,3.441945674219902e-05,3.424214455967726e-05,0.00011246842176405162,0.015045365338498025,1295.7372471041365,72.52667677087638,0.6246,0.0,1.0,500,0,0,4500,278.5869472026825
ok,ptft,9,5000,0.451,2255,0.451,10000,1e-06,0.0,0.0,0.1,1.0,0.1,1.0,unit_total_var,,0.5,5000000,5000,50000,True,0.0001,,0.0,0.0,1.0,2000,train_pred_mse,15000,6.757363071248002e-05,6.755584451175587e-05,0.00014985009430041452,0.01905176568395737,1237.6007128830695,69.2692417988464,0.6218,0.0,1.0,500,0,0,4500,269.6930065155029
ok,ptft,10,5000,0.5,2500,0.5,10000,1e-06,0.0,0.0,0.1,1.0,0.1,1.0,unit_total_var,,0.5,5000000,5000,50000,True,0.0001,,0.0,0.0,1.0,2000,train_pred_mse,15000,3.016428445651283e-05,2.9515635606511242e-05,0.00011266854169737957,0.015046655627905437,1299.1787415512715,72.36578066093041,0.5998,0.0,1.0,500,0,0,4500,265.9215710163116
ok,ptft,11,5000,0.5,2500,0.5,10000,1e-06,0.0,0.0,0.1,1.0,0.1,1.0,unit_total_var,,0.5,5000000,5000,50000,True,0.0001,,0.0,0.0,1.0,2000,train_pred_mse,15000,1.753699436524118e-05,1.7573217241408015e-05,8.719723894036314e-05,0.011513915714211936,1348.1760765975846,74.89527163407473,0.6152,0.0,1.0,500,0,0,4500,267.3446743488312
ok,ptft,12,5000,0.5,2500,0.5,10000,1e-06,0.0,0.0,0.1,1.0,0.1,1.0,unit_total_var,,0.5,5000000,5000,50000,True,0.0001,,0.0,0.0,1.0,2000,train_pred_mse,15000,3.6152088690945364e-05,3.568718952694044e-05,0.00011842077572591611,0.016687045890435917,1234.1068750098445,68.30264646409935,0.5922,0.0,1.0,500,0,0,4500,229.66999912261963
ok,ptft,13,5000,0.5,2500,0.5,10000,1e-06,0.0,0.0,0.1,1.0,0.1,1.0,unit_total_var,,0.5,5000000,5000,50000,True,0.0001,,0.0,0.0,1.0,2000,train_pred_mse,15000,2.5326550967284093e-05,2.549136405958035e-05,0.0001007013266029759,0.013458820009464276,1319.0609609729033,72.40442549487133,0.605,0.0,1.0,500,0,0,4500,271.74885392189026
ok,ptft,14,5000,0.5,2500,0.5,10000,1e-06,0.0,0.0,0.1,1.0,0.1,1.0,unit_total_var,,0.5,5000000,5000,50000,True,0.0001,,0.0,0.0,1.0,2000,train_pred_mse,15000,2.294846555138671e-05,2.2972977324451344e-05,9.499114232873594e-05,0.011837583631427851,1337.6312853683771,74.41170888433665,0.6136,0.0,1.0,500,0,0,4500,222.2236120700836
ok,ptft,15,5000,0.5,2500,0.5,10000,1e-06,0.0,0.0,0.1,1.0,0.1,1.0,unit_total_var,,0.5,5000000,5000,50000,True,0.0001,,0.0,0.0,1.0,2000,train_pred_mse,15000,2.9031794952052363e-05,2.9400952723214058e-05,0.0001087288943771454,0.014504260032610588,1290.6213735315166,71.71687105515815,0.6052,0.0,1.0,500,0,0,4500,268.1959502696991
ok,ptft,16,5000,0.5,2500,0.5,10000,1e-06,0.0,0.0,0.1,1.0,0.1,1.0,unit_total_var,,0.5,5000000,5000,50000,True,0.0001,,0.0,0.0,1.0,2000,train_pred_mse,15000,2.558977183236357e-05,2.53788608694343e-05,0.00010529507105791263,0.014637364955924506,1222.8245327844324,68.80513270778884,0.6008,0.0,1.0,500,0,0,4500,314.7767171859741
ok,ptft,17,5000,0.5,2500,0.5,10000,1e-06,0.0,0.0,0.1,1.0,0.1,1.0,unit_total_var,,0.5,5000000,5000,50000,True,0.0001,,0.0,0.0,1.0,2000,train_pred_mse,15000,2.4417698728664555e-05,2.442944772577508e-05,0.00010126280581003291,0.01360608291261307,1234.377298447742,69.1791711585429,0.5796,0.0,1.0,500,0,0,4500,286.7581894397736
ok,ptft,18,5000,0.5,2500,0.5,10000,1e-06,0.0,0.0,0.1,1.0,0.1,1.0,unit_total_var,,0.5,5000000,5000,50000,True,0.0001,,0.0,0.0,1.0,2000,train_pred_mse,15000,3.956400105758789e-05,4.020941714098476e-05,0.00012523288536550725,0.01655362810772263,1232.114451715359,67.70795851271599,0.6048,0.0,1.0,500,0,0,4500,290.84327054023737
ok,ptft,19,5000,0.5,2500,0.5,10000,1e-06,0.0,0.0,0.1,1.0,0.1,1.0,unit_total_var,,0.5,5000000,5000,50000,True,0.0001,,0.0,0.0,1.0,2000,train_pred_mse,15000,3.2534785861874324e-05,3.319847924986586e-05,0.00011319552661260872,0.014966598751629038,1245.1718284566412,70.24472146661539,0.5922,0.0,1.0,500,0,0,4500,280.57757091522217
ok,ptft,6,5000,0.5,2500,0.5,10000,1e-06,0.0,0.0,0.1,1.0,0.1,1.0,unit_total_var,,0.5,5000000,5000,50000,True,0.0001,,0.0,0.0,1.0,2000,train_pred_mse,15000,2.6723774526975767e-05,2.7457518361029144e-05,0.00010513200946538392,0.01390419097966152,1240.4541899357225,70.11917184772753,0.5886,0.0,1.0,500,0,0,4500,428.2203540802002
ok,ptft,7,5000,0.5,2500,0.5,10000,1e-06,0.0,0.0,0.1,1.0,0.1,1.0,unit_total_var,,0.5,5000000,5000,50000,True,0.0001,,0.0,0.0,1.0,2000,train_pred_mse,15000,1.8225856225252225e-05,1.8080403856733086e-05,9.142740561474512e-05,0.013452678915643005,1298.5212910489918,71.07643852800528,0.5996,0.0,1.0,500,0,0,4500,239.6814694404602
ok,ptft,8,5000,0.5,2500,0.5,10000,1e-06,0.0,0.0,0.1,1.0,0.1,1.0,unit_total_var,,0.5,5000000,5000,50000,True,0.0001,,0.0,0.0,1.0,2000,train_pred_mse,15000,2.7598265408961402e-05,2.7677188706753053e-05,0.0001050485230323638,0.013453954904699257,1295.458163981949,72.54062929311036,0.5842,0.0,1.0,500,0,0,4500,428.05826497077936
ok,ptft,9,5000,0.5,2500,0.5,10000,1e-06,0.0,0.0,0.1,1.0,0.1,1.0,unit_total_var,,0.5,5000000,5000,50000,True,0.0001,,0.0,0.0,1.0,2000,train_pred_mse,15000,3.0779849371224665e-05,3.109715318584679e-05,0.00010826982877726444,0.014454207025675387,1239.4734188277814,69.33430280629344,0.604,0.0,1.0,500,0,0,4500,202.7585518360138
ok,ptft,10,5000,0.01,50,0.01,10000,0.001,0.0,1.0,0.1,1.0,0.1,0.0,unit_total_var,,0.5,5000000,5000,50000,True,0.0001,,0.0,0.0,1.0,2000,train_pred_mse,5000,1.0711317954066637,1.0456350666115302,3.3018575320301467e-17,41.223174654487416,406.8158897637902,8.050460664512018,1.0,0.0,0.0,0,500,500,4000,5.619210004806519
ok,ptft,11,5000,0.01,50,0.01,10000,0.001,0.0,1.0,0.1,1.0,0.1,0.0,unit_total_var,,0.5,5000000,5000,50000,True,0.0001,,0.0,0.0,1.0,2000,train_pred_mse,5000,1.1277336992437397,1.1191944556573536,4.0107762814627745e-17,40.38380748082266,410.1629253200665,8.064506320457923,1.0,0.0,0.0,0,500,500,4000,5.589414119720459
ok,ptft,12,5000,0.01,50,0.01,10000,0.001,0.0,1.0,0.1,1.0,0.1,0.0,unit_total_var,,0.5,5000000,5000,50000,True,0.0001,,0.0,0.0,1.0,2000,train_pred_mse,5000,0.9369125388906144,0.9307246304272936,4.3266006700250105e-17,40.689539300155374,424.55109490553497,8.313404018965809,1.0,0.0,0.0,0,500,500,4000,5.2496209144592285
ok,ptft,13,5000,0.01,50,0.01,10000,0.001,0.0,1.0,0.1,1.0,0.1,0.0,unit_total_var,,0.5,5000000,5000,50000,True,0.0001,,0.0,0.0,1.0,2000,train_pred_mse,5000,1.035906611583096,1.0451732712662736,3.3859643066268677e-17,39.11147036022575,431.8085431284726,8.473884292226487,1.0,0.0,0.0,0,500,500,4000,5.33299708366394
ok,ptft,14,5000,0.01,50,0.01,10000,0.001,0.0,1.0,0.1,1.0,0.1,0.0,unit_total_var,,0.5,5000000,5000,50000,True,0.0001,,0.0,0.0,1.0,2000,train_pred_mse,5000,1.117392729668763,1.1057376404075283,2.979284114545369e-17,39.72813025038203,359.53877005394907,7.027350474733187,1.0,0.0,0.0,0,500,500,4000,5.164143562316895
ok,ptft,15,5000,0.01,50,0.01,10000,0.001,0.0,1.0,0.1,1.0,0.1,0.0,unit_total_var,,0.5,5000000,5000,50000,True,0.0001,,0.0,0.0,1.0,2000,train_pred_mse,5000,1.0213960351664364,1.027273965654403,4.2076053749260375e-17,38.94292655929512,388.50093305389197,7.746182231827802,1.0,0.0,0.0,0,500,500,4000,4.8252296447753915
ok,ptft,16,5000,0.01,50,0.01,10000,0.001,0.0,1.0,0.1,1.0,0.1,0.0,unit_total_var,,0.5,5000000,5000,50000,True,0.0001,,0.0,0.0,1.0,2000,train_pred_mse,5000,0.9547613172457352,0.9450455418313606,3.2772439573600385e-17,40.87152431310089,381.0222929795062,7.45395175403662,1.0,0.0,0.0,0,500,500,4000,6.15263557434082
ok,ptft,17,5000,0.01,50,0.01,10000,0.001,0.0,1.0,0.1,1.0,0.1,0.0,unit_total_var,,0.5,5000000,5000,50000,True,0.0001,,0.0,0.0,1.0,2000,train_pred_mse,5000,0.9745616932119038,0.9548016036913556,3.3067975438287047e-17,40.376475095307896,405.40235170995857,8.062734327672548,1.0,0.0,0.0,0,500,500,4000,4.958840847015381
ok,ptft,18,5000,0.01,50,0.01,10000,0.001,0.0,1.0,0.1,1.0,0.1,0.0,unit_total_var,,0.5,5000000,5000,50000,True,0.0001,,0.0,0.0,1.0,2000,train_pred_mse,5000,0.9221368533471698,0.9151310436005632,3.308209338576639e-17,39.40900100326264,402.2241118054306,7.8608720153514735,1.0,0.0,0.0,0,500,500,4000,5.127224206924439
ok,ptft,19,5000,0.01,50,0.01,10000,0.001,0.0,1.0,0.1,1.0,0.1,0.0,unit_total_var,,0.5,5000000,5000,50000,True,0.0001,,0.0,0.0,1.0,2000,train_pred_mse,5000,0.9677015713101552,0.9854066464680472,3.275850204127341e-17,39.92478247596506,389.93901417058623,7.736999271876693,1.0,0.0,0.0,0,500,500,4000,4.965167999267578
ok,ptft,6,5000,0.01,50,0.01,10000,0.001,0.0,1.0,0.1,1.0,0.1,0.0,unit_total_var,,0.5,5000000,5000,50000,True,0.0001,,0.0,0.0,1.0,2000,train_pred_mse,5000,0.9817199999617824,0.9806803517736624,3.5341592120143286e-17,40.432585433069946,423.58734035948237,8.411086806634703,1.0,0.0,0.0,0,500,500,4000,5.50511622428894
ok,ptft,7,5000,0.01,50,0.01,10000,0.001,0.0,1.0,0.1,1.0,0.1,0.0,unit_total_var,,0.5,5000000,5000,50000,True,0.0001,,0.0,0.0,1.0,2000,train_pred_mse,5000,1.0009054509843172,1.0082245485173598,2.4952893287311783e-17,40.664211751742734,383.9652797084968,7.592505143438885,1.0,0.0,0.0,0,500,500,4000,5.327795028686523
ok,ptft,8,5000,0.01,50,0.01,10000,0.001,0.0,1.0,0.1,1.0,0.1,0.0,unit_total_var,,0.5,5000000,5000,50000,True,0.0001,,0.0,0.0,1.0,2000,train_pred_mse,5000,1.0648134081887006,1.0491068756121025,3.5049376570467476e-17,39.02804179834548,458.7903389965717,9.091457917597914,1.0,0.0,0.0,0,500,500,4000,5.167419195175171
ok,ptft,9,5000,0.01,50,0.01,10000,0.001,0.0,1.0,0.1,1.0,0.1,0.0,unit_total_var,,0.5,5000000,5000,50000,True,0.0001,,0.0,0.0,1.0,2000,train_pred_mse,5000,0.9829863052431148,0.9592772611689356,2.839856448223272e-17,39.020392511900745,401.93380544039866,7.982241232330776,1.0,0.0,0.0,0,500,500,4000,5.29586124420166
ok,ptft,10,5000,0.059,295,0.059000000000000004,10000,0.001,0.0,1.0,0.1,1.0,0.1,0.0,unit_total_var,,0.5,5000000,5000,50000,True,0.0001,,0.0,0.0,1.0,2000,train_pred_mse,5000,1.0335931874368611,1.0109929232411534,5.943750152828102e-08,240.77779904529038,1006.214283491252,19.703576425307507,1.0,0.0,0.0,0,500,500,4000,9.039231300354004
ok,ptft,11,5000,0.059,295,0.059000000000000004,10000,0.001,0.0,1.0,0.1,1.0,0.1,0.0,unit_total_var,,0.5,5000000,5000,50000,True,0.0001,,0.0,0.0,1.0,2000,train_pred_mse,5000,1.1031695798709769,1.0895939383340416,3.4108460769067784e-08,229.8935582185981,980.3737635003392,19.37584351151297,1.0,0.0,0.0,0,500,500,4000,9.350937366485596
ok,ptft,12,5000,0.059,295,0.059000000000000004,10000,0.001,0.0,1.0,0.1,1.0,0.1,0.0,unit_total_var,,0.5,5000000,5000,50000,True,0.0001,,0.0,0.0,1.0,2000,train_pred_mse,5000,0.9061454757869974,0.9024830502125084,4.431765419372859e-08,231.29877579883726,952.5720838535632,18.784474513072265,1.0,0.0,0.0,0,500,500,4000,9.640953063964844
ok,ptft,13,5000,0.059,295,0.059000000000000004,10000,0.001,0.0,1.0,0.1,1.0,0.1,0.0,unit_total_var,,0.5,5000000,5000,50000,True,0.0001,,0.0,0.0,1.0,2000,train_pred_mse,5000,1.0169727387216356,1.0176785671884698,4.898759780475568e-08,236.4907888969194,976.0584105827808,19.25201831181723,1.0,0.0,0.0,0,500,500,4000,7.994719743728638
ok,ptft,14,5000,0.059,295,0.059000000000000004,10000,0.001,0.0,1.0,0.1,1.0,0.1,0.0,unit_total_var,,0.5,5000000,5000,50000,True,0.0001,,0.0,0.0,1.0,2000,train_pred_mse,5000,1.0738023128414964,1.065533085995377,4.311075406558902e-08,233.11403802396805,1065.1568086362365,20.743867439605673,1.0,0.0,0.0,0,500,500,4000,8.309242725372313
ok,ptft,15,5000,0.059,295,0.059000000000000004,10000,0.001,0.0,1.0,0.1,1.0,0.1,0.0,unit_total_var,,0.5,5000000,5000,50000,True,0.0001,,0.0,0.0,1.0,2000,train_pred_mse,5000,0.990387390649575,0.9918994181418146,3.66303061776662e-08,238.26895100036842,998.5052323031398,19.500684347510628,1.0,0.0,0.0,0,500,500,4000,9.072935342788695
ok,ptft,16,5000,0.059,295,0.059000000000000004,10000,0.001,0.0,1.0,0.1,1.0,0.1,0.0,unit_total_var,,0.5,5000000,5000,50000,True,0.0001,,0.0,0.0,1.0,2000,train_pred_mse,5000,0.9280161322513992,0.9157801526365924,6.189131645891228e-08,244.17034299176723,950.7400640787956,18.885596724277864,1.0,0.0,0.0,0,500,500,4000,9.247703552246094
ok,ptft,17,5000,0.059,295,0.059000000000000004,10000,0.001,0.0,1.0,0.1,1.0,0.1,0.0,unit_total_var,,0.5,5000000,5000,50000,True,0.0001,,0.0,0.0,1.0,2000,train_pred_mse,5000,0.9491120885994988,0.933557621808246,4.61911206691019e-08,229.04706502864585,864.1082815828012,17.045899956366274,1.0,0.0,0.0,0,500,500,4000,7.967360973358153
ok,ptft,18,5000,0.059,295,0.059000000000000004,10000,0.001,0.0,1.0,0.1,1.0,0.1,0.0,unit_total_var,,0.5,5000000,5000,50000,True,0.0001,,0.0,0.0,1.0,2000,train_pred_mse,5000,0.8970822230535669,0.8885265652797276,4.0344650768535786e-08,238.7746954832183,935.5833540867022,18.62656319370563,1.0,0.0,0.0,0,500,500,4000,9.02369785308838
ok,ptft,19,5000,0.059,295,0.059000000000000004,10000,0.001,0.0,1.0,0.1,1.0,0.1,0.0,unit_total_var,,0.5,5000000,5000,50000,True,0.0001,,0.0,0.0,1.0,2000,train_pred_mse,5000,0.9485204700700662,0.9624734087269629,6.325244683908896e-08,239.29137373630346,883.5252520763736,17.342998127854546,1.0,0.0,0.0,0,500,500,4000,8.732849597930906
ok,ptft,6,5000,0.059,295,0.059000000000000004,10000,0.001,0.0,1.0,0.1,1.0,0.1,0.0,unit_total_var,,0.5,5000000,5000,50000,True,0.0001,,0.0,0.0,1.0,2000,train_pred_mse,5000,0.9609795216427316,0.9588790423965912,3.947458637911551e-08,240.92279867252844,891.4944995542833,17.47150616845833,1.0,0.0,0.0,0,500,500,4000,7.651629686355591
ok,ptft,7,5000,0.059,295,0.059000000000000004,10000,0.001,0.0,1.0,0.1,1.0,0.1,0.0,unit_total_var,,0.5,5000000,5000,50000,True,0.0001,,0.0,0.0,1.0,2000,train_pred_mse,5000,0.9861196689998488,0.9811896334767918,3.936464764992212e-08,235.57328615871785,934.8835148025328,18.341280891833748,1.0,0.0,0.0,0,500,500,4000,8.093430757522581
ok,ptft,8,5000,0.059,295,0.059000000000000004,10000,0.001,0.0,1.0,0.1,1.0,0.1,0.0,unit_total_var,,0.5,5000000,5000,50000,True,0.0001,,0.0,0.0,1.0,2000,train_pred_mse,5000,1.0172822614119126,1.0204157031245673,4.7592494934854566e-08,243.3309730144223,973.2571062738797,19.279956043092927,1.0,0.0,0.0,0,500,500,4000,11.162930488586426
ok,ptft,9,5000,0.059,295,0.059000000000000004,10000,0.001,0.0,1.0,0.1,1.0,0.1,0.0,unit_total_var,,0.5,5000000,5000,50000,True,0.0001,,0.0,0.0,1.0,2000,train_pred_mse,5000,0.9491828138810114,0.934096914223098,5.035442885088625e-08,236.72946434296355,925.7246719802793,18.688498029326094,1.0,0.0,0.0,0,500,500,4000,8.829667806625368
ok,ptft,10,5000,0.10800000000000001,540,0.10800000000000001,10000,0.001,0.0,1.0,0.1,1.0,0.1,0.0,unit_total_var,,0.5,5000000,5000,50000,True,0.0001,,0.0,0.0,1.0,2000,train_pred_mse,5000,0.9743055749820348,0.9625293808451908,4.2490347590855704e-05,415.31572307783256,1316.4977448015684,25.791215625043467,1.0,0.0,0.0,0,500,500,4000,12.910210132598875
ok,ptft,11,5000,0.10800000000000001,540,0.10800000000000001,10000,0.001,0.0,1.0,0.1,1.0,0.1,0.0,unit_total_var,,0.5,5000000,5000,50000,True,0.0001,,0.0,0.0,1.0,2000,train_pred_mse,5000,1.0485638916994993,1.0337089271018352,2.9534533491337812e-05,415.45813303676096,1313.0422663274092,25.758371627483267,1.0,0.0,0.0,0,500,500,4000,29.30041241645813
ok,ptft,12,5000,0.10800000000000001,540,0.10800000000000001,10000,0.001,0.0,1.0,0.1,1.0,0.1,0.0,unit_total_var,,0.5,5000000,5000,50000,True,0.0001,,0.0,0.0,1.0,2000,train_pred_mse,5000,0.8648789495909603,0.8620130615482485,3.38180083453232e-05,419.1518809321553,1221.4677922418628,23.90373062586947,1.0,0.0,0.0,0,500,500,4000,12.384594202041626
ok,ptft,13,5000,0.10800000000000001,540,0.10800000000000001,10000,0.001,0.0,1.0,0.1,1.0,0.1,0.0,unit_total_var,,0.5,5000000,5000,50000,True,0.0001,,0.0,0.0,1.0,2000,train_pred_mse,5000,0.9589105467482888,0.9592431191272152,3.5094684190381616e-05,417.0226830898202,1286.7527284892135,25.449924385173418,1.0,0.0,0.0,0,500,500,4000,12.187084436416626
ok,ptft,14,5000,0.10800000000000001,540,0.10800000000000001,10000,0.001,0.0,1.0,0.1,1.0,0.1,0.0,unit_total_var,,0.5,5000000,5000,50000,True,0.0001,,0.0,0.0,1.0,2000,train_pred_mse,5000,1.0213131436468212,1.0126347469600367,2.818779533838825e-05,419.0341356660003,1336.2638643394694,26.2810792265402,1.0,0.0,0.0,0,500,500,4000,15.805663585662842
ok,ptft,15,5000,0.10800000000000001,540,0.10800000000000001,10000,0.001,0.0,1.0,0.1,1.0,0.1,0.0,unit_total_var,,0.5,5000000,5000,50000,True,0.0001,,0.0,0.0,1.0,2000,train_pred_mse,5000,0.9164882097273409,0.9344117465859694,2.8940851622153003e-05,437.94571324254053,1325.6739320565705,25.942427782079843,1.0,0.0,0.0,0,500,500,4000,13.411517858505249
ok,ptft,16,5000,0.10800000000000001,540,0.10800000000000001,10000,0.001,0.0,1.0,0.1,1.0,0.1,0.0,unit_total_var,,0.5,5000000,5000,50000,True,0.0001,,0.0,0.0,1.0,2000,train_pred_mse,5000,0.8854644365312159,0.8800988685010125,3.0423920169937665e-05,406.14246803919934,1196.7790974183913,23.27451353901288,1.0,0.0,0.0,0,500,500,4000,10.786924123764038
ok,ptft,17,5000,0.10800000000000001,540,0.10800000000000001,10000,0.001,0.0,1.0,0.1,1.0,0.1,0.0,unit_total_var,,0.5,5000000,5000,50000,True,0.0001,,0.0,0.0,1.0,2000,train_pred_mse,5000,0.8726672075316073,0.8534482302474942,2.931908155980669e-05,428.506887199826,1293.891706351292,25.171218759909614,1.0,0.0,0.0,0,500,500,4000,13.569172859191895
ok,ptft,18,5000,0.10800000000000001,540,0.10800000000000001,10000,0.001,0.0,1.0,0.1,1.0,0.1,0.0,unit_total_var,,0.5,5000000,5000,50000,True,0.0001,,0.0,0.0,1.0,2000,train_pred_mse,5000,0.8425830333484952,0.8376023145359232,3.274287998327197e-05,425.02876947232767,1266.8564076384007,24.691117286847607,1.0,0.0,0.0,0,500,500,4000,12.008997678756714
ok,ptft,19,5000,0.10800000000000001,540,0.10800000000000001,10000,0.001,0.0,1.0,0.1,1.0,0.1,0.0,unit_total_var,,0.5,5000000,5000,50000,True,0.0001,,0.0,0.0,1.0,2000,train_pred_mse,5000,0.8909557290360368,0.9142280318105492,3.552312649835265e-05,419.80617904497086,1257.1297726581975,24.659526608736428,1.0,0.0,0.0,0,500,500,4000,13.383369207382202
ok,ptft,6,5000,0.10800000000000001,540,0.10800000000000001,10000,0.001,0.0,1.0,0.1,1.0,0.1,0.0,unit_total_var,,0.5,5000000,5000,50000,True,0.0001,,0.0,0.0,1.0,2000,train_pred_mse,5000,0.8998804212461048,0.8989276341010173,3.109859479611023e-05,404.6798781860894,1278.6294161526193,25.38271021617733,1.0,0.0,0.0,0,500,500,4000,12.135474681854248
ok,ptft,7,5000,0.10800000000000001,540,0.10800000000000001,10000,0.001,0.0,1.0,0.1,1.0,0.1,0.0,unit_total_var,,0.5,5000000,5000,50000,True,0.0001,,0.0,0.0,1.0,2000,train_pred_mse,5000,0.9232177858683864,0.9234907769235531,3.0958833026856985e-05,432.30307338103137,1291.8115714178855,25.16179566863839,1.0,0.0,0.0,0,500,500,4000,13.882100820541382
ok,ptft,8,5000,0.10800000000000001,540,0.10800000000000001,10000,0.001,0.0,1.0,0.1,1.0,0.1,0.0,unit_total_var,,0.5,5000000,5000,50000,True,0.0001,,0.0,0.0,1.0,2000,train_pred_mse,5000,0.960716800545734,0.9473583783416252,3.0812750347474654e-05,428.9306995719672,1355.7380155664125,26.53699690005005,1.0,0.0,0.0,0,500,500,4000,16.783496379852295
ok,ptft,9,5000,0.10800000000000001,540,0.10800000000000001,10000,0.001,0.0,1.0,0.1,1.0,0.1,0.0,unit_total_var,,0.5,5000000,5000,50000,True,0.0001,,0.0,0.0,1.0,2000,train_pred_mse,5000,0.8818790920655516,0.8711300936583588,3.561066465144433e-05,429.28926304485833,1304.459982033824,25.531024484886398,1.0,0.0,0.0,0,500,500,4000,14.081282377243042
ok,ptft,10,5000,0.15700000000000006,785,0.157,10000,0.001,0.0,1.0,0.1,1.0,0.1,0.0,unit_total_var,,0.5,5000000,5000,50000,True,0.0001,,0.0,0.0,1.0,2000,train_pred_mse,5000,0.9176280329411424,0.9040813047515596,0.0002806391949643686,585.5131122720165,1500.1865966967675,29.946769400217327,1.0,0.0,0.0,0,500,500,4000,21.41850757598877
ok,ptft,11,5000,0.15700000000000006,785,0.157,10000,0.001,0.0,1.0,0.1,1.0,0.1,0.0,unit_total_var,,0.5,5000000,5000,50000,True,0.0001,,0.0,0.0,1.0,2000,train_pred_mse,5000,0.9658466846273336,0.9631231902569491,0.00026197298887437374,573.5777621386322,1587.1317674013708,31.61856230728573,1.0,0.0,0.0,0,500,500,4000,14.774599313735962
ok,ptft,12,5000,0.15700000000000006,785,0.157,10000,0.001,0.0,1.0,0.1,1.0,0.1,0.0,unit_total_var,,0.5,5000000,5000,50000,True,0.0001,,0.0,0.0,1.0,2000,train_pred_mse,5000,0.7888216893140718,0.7822702975181428,0.000291564341573252,591.4926734445961,1470.9812492090387,29.157913303881248,1.0,0.0,0.0,0,500,500,4000,21.448673486709595
ok,ptft,13,5000,0.15700000000000006,785,0.157,10000,0.001,0.0,1.0,0.1,1.0,0.1,0.0,unit_total_var,,0.5,5000000,5000,50000,True,0.0001,,0.0,0.0,1.0,2000,train_pred_mse,5000,0.8943832580460188,0.904576540441556,0.00025977696505954863,586.5705693430576,1509.5292397851395,30.365420289994287,1.0,0.0,0.0,0,500,500,4000,22.125611066818237
ok,ptft,14,5000,0.15700000000000006,785,0.157,10000,0.001,0.0,1.0,0.1,1.0,0.1,0.0,unit_total_var,,0.5,5000000,5000,50000,True,0.0001,,0.0,0.0,1.0,2000,train_pred_mse,5000,0.9690345015282044,0.9590671923695141,0.0002899032899888788,607.6653357803715,1520.5757172019055,30.168659432164212,1.0,0.0,0.0,0,500,500,4000,19.52997589111328
ok,ptft,15,5000,0.15700000000000006,785,0.157,10000,0.001,0.0,1.0,0.1,1.0,0.1,0.0,unit_total_var,,0.5,5000000,5000,50000,True,0.0001,,0.0,0.0,1.0,2000,train_pred_mse,5000,0.8641735517048739,0.8776897924527027,0.0002809769347829502,579.4413608455543,1527.1903299650512,30.175818105115482,1.0,0.0,0.0,0,500,500,4000,20.248786687850952
ok,ptft,16,5000,0.15700000000000006,785,0.157,10000,0.001,0.0,1.0,0.1,1.0,0.1,0.0,unit_total_var,,0.5,5000000,5000,50000,True,0.0001,,0.0,0.0,1.0,2000,train_pred_mse,5000,0.8237383192386002,0.814433860881848,0.0003093522318075632,607.0933007987627,1411.8090310217276,28.22567511422555,1.0,0.0,0.0,0,500,500,4000,21.08031153678894
ok,ptft,17,5000,0.15700000000000006,785,0.157,10000,0.001,0.0,1.0,0.1,1.0,0.1,0.0,unit_total_var,,0.5,5000000,5000,50000,True,0.0001,,0.0,0.0,1.0,2000,train_pred_mse,5000,0.8387508581891123,0.8175676418865704,0.0002628662003761982,602.6572123108018,1459.3076090322816,29.094172558339658,1.0,0.0,0.0,0,500,500,4000,27.48367691040039
ok,ptft,18,5000,0.15700000000000006,785,0.157,10000,0.001,0.0,1.0,0.1,1.0,0.1,0.0,unit_total_var,,0.5,5000000,5000,50000,True,0.0001,,0.0,0.0,1.0,2000,train_pred_mse,5000,0.7700189051080145,0.7667943660918408,0.0002453315744495187,568.7710688312038,1486.0923188380787,29.20716682724239,1.0,0.0,0.0,0,500,500,4000,19.067775249481198
ok,ptft,19,5000,0.15700000000000006,785,0.157,10000,0.001,0.0,1.0,0.1,1.0,0.1,0.0,unit_total_var,,0.5,5000000,5000,50000,True,0.0001,,0.0,0.0,1.0,2000,train_pred_mse,5000,0.8341228086992329,0.8468391759455904,0.00028449361754940287,600.0932668932942,1464.4974211025437,29.20969465367063,1.0,0.0,0.0,0,500,500,4000,18.05009436607361
ok,ptft,6,5000,0.15700000000000006,785,0.157,10000,0.001,0.0,1.0,0.1,1.0,0.1,0.0,unit_total_var,,0.5,5000000,5000,50000,True,0.0001,,0.0,0.0,1.0,2000,train_pred_mse,5000,0.8487043338194249,0.8533236531271842,0.00024951248322952136,604.5269992515159,1454.8835527661315,28.789516137417387,1.0,0.0,0.0,0,500,500,4000,18.18551516532898
ok,ptft,7,5000,0.15700000000000006,785,0.157,10000,0.001,0.0,1.0,0.1,1.0,0.1,0.0,unit_total_var,,0.5,5000000,5000,50000,True,0.0001,,0.0,0.0,1.0,2000,train_pred_mse,5000,0.8595581855478976,0.8592966661800918,0.00023290698127863065,584.1931595619014,1515.4252722490592,30.48253515091018,1.0,0.0,0.0,0,500,500,4000,20.783316373825073
ok,ptft,8,5000,0.15700000000000006,785,0.157,10000,0.001,0.0,1.0,0.1,1.0,0.1,0.0,unit_total_var,,0.5,5000000,5000,50000,True,0.0001,,0.0,0.0,1.0,2000,train_pred_mse,5000,0.8887932736877009,0.8870034687960319,0.00031159767543410697,586.2616449242041,1541.4645661298966,30.671585223483078,1.0,0.0,0.0,0,500,500,4000,20.70168662071228
ok,ptft,9,5000,0.15700000000000006,785,0.157,10000,0.001,0.0,1.0,0.1,1.0,0.1,0.0,unit_total_var,,0.5,5000000,5000,50000,True,0.0001,,0.0,0.0,1.0,2000,train_pred_mse,5000,0.8218434030020635,0.8126958609701045,0.00027218634554191783,611.7708257555665,1463.8427443033152,29.210066183696426,1.0,0.0,0.0,0,500,500,4000,21.96147131919861
ok,ptft,10,5000,0.206,1030,0.20600000000000002,10000,0.001,0.0,1.0,0.1,1.0,0.1,0.0,unit_total_var,,0.5,5000000,5000,50000,True,0.0001,,0.0,0.0,1.0,2000,train_pred_mse,10000,0.8074666200330295,0.801477107611021,6.129604324159665e-05,0.024554325491267244,1689.8342623004426,35.08288855585185,1.0,0.0,0.0,0,500,500,4000,40.925331115722656
ok,ptft,11,5000,0.206,1030,0.20600000000000002,10000,0.001,0.0,1.0,0.1,1.0,0.1,0.0,unit_total_var,,0.5,5000000,5000,50000,True,0.0001,,0.0,0.0,1.0,2000,train_pred_mse,10000,0.8796539050983159,0.8639141477711588,5.522522105493422e-05,0.02173825291308127,1750.3281957304407,36.07861361618432,1.0,0.0,0.0,0,500,500,4000,44.328704833984375
ok,ptft,12,5000,0.206,1030,0.20600000000000002,10000,0.001,0.0,1.0,0.1,1.0,0.1,0.0,unit_total_var,,0.5,5000000,5000,50000,True,0.0001,,0.0,0.0,1.0,2000,train_pred_mse,10000,0.7117352380414118,0.7091072220991035,5.394419887386474e-05,0.023207349255136886,1634.8417398060556,32.969297869581,1.0,0.0,0.0,0,500,500,4000,56.36302590370178
ok,ptft,13,5000,0.206,1030,0.20600000000000002,10000,0.001,0.0,1.0,0.1,1.0,0.1,0.0,unit_total_var,,0.5,5000000,5000,50000,True,0.0001,,0.0,0.0,1.0,2000,train_pred_mse,10000,0.7819291889815395,0.7866572353250982,5.388839068215587e-05,0.023148964511496138,1761.7739426485941,35.55301105921231,1.0,0.0,0.0,0,500,500,4000,54.586505651474
ok,ptft,14,5000,0.206,1030,0.20600000000000002,10000,0.001,0.0,1.0,0.1,1.0,0.1,0.0,unit_total_var,,0.5,5000000,5000,50000,True,0.0001,,0.0,0.0,1.0,2000,train_pred_mse,10000,0.855545450995203,0.8540274738536245,5.501971032538461e-05,0.022676752777408344,1739.3730206544226,35.63868051782436,1.0,0.0,0.0,0,500,500,4000,62.05352592468262
ok,ptft,15,5000,0.206,1030,0.20600000000000002,10000,0.001,0.0,1.0,0.1,1.0,0.1,0.0,unit_total_var,,0.5,5000000,5000,50000,True,0.0001,,0.0,0.0,1.0,2000,train_pred_mse,10000,0.8016611823577546,0.7955612093262018,6.350709200585763e-05,0.025795806276397517,1700.4361046889828,34.43160524808972,1.0,0.0,0.0,0,500,500,4000,56.8501808643341
ok,ptft,16,5000,0.206,1030,0.20600000000000002,10000,0.001,0.0,1.0,0.1,1.0,0.1,0.0,unit_total_var,,0.5,5000000,5000,50000,True,0.0001,,0.0,0.0,1.0,2000,train_pred_mse,10000,0.7251312242975706,0.7271152326414692,5.750743164642031e-05,0.024881886152193847,1625.7907532318695,32.77940894442103,1.0,0.0,0.0,0,500,500,4000,64.62119698524475
ok,ptft,17,5000,0.206,1030,0.20600000000000002,10000,0.001,0.0,1.0,0.1,1.0,0.1,0.0,unit_total_var,,0.5,5000000,5000,50000,True,0.0001,,0.0,0.0,1.0,2000,train_pred_mse,10000,0.7665411411553675,0.7581219266079329,6.592972093949343e-05,0.026405874291799983,1611.0747982693915,32.40183371611754,1.0,0.0,0.0,0,500,500,4000,56.616377115249634
ok,ptft,18,5000,0.206,1030,0.20600000000000002,10000,0.001,0.0,1.0,0.1,1.0,0.1,0.0,unit_total_var,,0.5,5000000,5000,50000,True,0.0001,,0.0,0.0,1.0,2000,train_pred_mse,10000,0.7244239819505566,0.7247845438282601,7.258528977411937e-05,0.02882966862588432,1605.8808610818774,32.267381276229536,1.0,0.0,0.0,0,500,500,4000,63.93503761291504
ok,ptft,19,5000,0.206,1030,0.20600000000000002,10000,0.001,0.0,1.0,0.1,1.0,0.1,0.0,unit_total_var,,0.5,5000000,5000,50000,True,0.0001,,0.0,0.0,1.0,2000,train_pred_mse,10000,0.7608652909067437,0.7678586240384241,6.816841624436275e-05,0.02689412440526421,1616.0368655125117,33.30814705946695,1.0,0.0,0.0,0,500,500,4000,55.23052334785461
ok,ptft,6,5000,0.206,1030,0.20600000000000002,10000,0.001,0.0,1.0,0.1,1.0,0.1,0.0,unit_total_var,,0.5,5000000,5000,50000,True,0.0001,,0.0,0.0,1.0,2000,train_pred_mse,10000,0.7594054355804134,0.7507901168711619,5.731423064795417e-05,0.023932771022046308,1683.633605786605,34.110347591573635,1.0,0.0,0.0,0,500,500,4000,48.2243914604187
ok,ptft,7,5000,0.206,1030,0.20600000000000002,10000,0.001,0.0,1.0,0.1,1.0,0.1,0.0,unit_total_var,,0.5,5000000,5000,50000,True,0.0001,,0.0,0.0,1.0,2000,train_pred_mse,10000,0.7920518553791182,0.800546367553633,6.430534155723242e-05,0.02771982366358915,1656.8203856318871,33.178222910477835,1.0,0.0,0.0,0,500,500,4000,49.547709465026855
ok,ptft,8,5000,0.206,1030,0.20600000000000002,10000,0.001,0.0,1.0,0.1,1.0,0.1,0.0,unit_total_var,,0.5,5000000,5000,50000,True,0.0001,,0.0,0.0,1.0,2000,train_pred_mse,10000,0.7821178523481579,0.7776513182258202,6.119215310612963e-05,0.0243092919369147,1760.230228811272,36.016464112858,1.0,0.0,0.0,0,500,500,4000,41.57994151115417
ok,ptft,9,5000,0.206,1030,0.20600000000000002,10000,0.001,0.0,1.0,0.1,1.0,0.1,0.0,unit_total_var,,0.5,5000000,5000,50000,True,0.0001,,0.0,0.0,1.0,2000,train_pred_mse,10000,0.7426628155811902,0.7489763127797817,6.251667740452796e-05,0.02526957424145869,1623.5898638608176,33.194366924514306,1.0,0.0,0.0,0,500,500,4000,67.18873286247253
ok,ptft,10,5000,0.255,1275,0.255,10000,0.001,0.0,1.0,0.1,1.0,0.1,0.0,unit_total_var,,0.5,5000000,5000,50000,True,0.0001,,0.0,0.0,1.0,2000,train_pred_mse,10000,0.698067027146189,0.6931951564195515,0.000204597595906718,0.04813048103474661,1844.8727608279496,39.73767877025133,1.0,0.0,0.0,0,500,500,4000,66.49391984939575
ok,ptft,11,5000,0.255,1275,0.255,10000,0.001,0.0,1.0,0.1,1.0,0.1,0.0,unit_total_var,,0.5,5000000,5000,50000,True,0.0001,,0.0,0.0,1.0,2000,train_pred_mse,10000,0.7405559395627043,0.7543806922856593,0.00018366945292530107,0.0432608165723888,1920.8999218737758,40.81851688153822,1.0,0.0,0.0,0,500,500,4000,62.46981930732727
ok,ptft,12,5000,0.255,1275,0.255,10000,0.001,0.0,1.0,0.1,1.0,0.1,0.0,unit_total_var,,0.5,5000000,5000,50000,True,0.0001,,0.0,0.0,1.0,2000,train_pred_mse,10000,0.6376172587286492,0.6312008742234402,0.00019441727875415692,0.04932859805814969,1752.6982153170627,36.7132108507199,1.0,0.0,0.0,0,500,500,4000,69.1590292453766
ok,ptft,13,5000,0.255,1275,0.255,10000,0.001,0.0,1.0,0.1,1.0,0.1,0.0,unit_total_var,,0.5,5000000,5000,50000,True,0.0001,,0.0,0.0,1.0,2000,train_pred_mse,10000,0.6944882599777092,0.7101639446516647,0.00018919134792650348,0.04596143101158737,1873.3170298818884,39.60939091402876,1.0,0.0,0.0,0,500,500,4000,128.5485701560974
ok,ptft,14,5000,0.255,1275,0.255,10000,0.001,0.0,1.0,0.1,1.0,0.1,0.0,unit_total_var,,0.5,5000000,5000,50000,True,0.0001,,0.0,0.0,1.0,2000,train_pred_mse,10000,0.7300913301861462,0.7302812447793485,0.00017706722093122602,0.04369025267986396,1899.9576126582072,40.27573519723154,1.0,0.0,0.0,0,500,500,4000,84.15545177459717
ok,ptft,15,5000,0.255,1275,0.255,10000,0.001,0.0,1.0,0.1,1.0,0.1,0.0,unit_total_var,,0.5,5000000,5000,50000,True,0.0001,,0.0,0.0,1.0,2000,train_pred_mse,10000,0.7167451792341488,0.7175320194981732,0.00019055340469991888,0.05002276974902319,1800.3307698107649,37.47404446379959,1.0,0.0,0.0,0,500,500,4000,81.5934269428253
ok,ptft,16,5000,0.255,1275,0.255,10000,0.001,0.0,1.0,0.1,1.0,0.1,0.0,unit_total_var,,0.5,5000000,5000,50000,True,0.0001,,0.0,0.0,1.0,2000,train_pred_mse,10000,0.6682330257411759,0.6563896590224116,0.0002051671831947417,0.05229295793220005,1742.7411249792026,36.21883064843023,1.0,0.0,0.0,0,500,500,4000,81.6279320716858
ok,ptft,17,5000,0.255,1275,0.255,10000,0.001,0.0,1.0,0.1,1.0,0.1,0.0,unit_total_var,,0.5,5000000,5000,50000,True,0.0001,,0.0,0.0,1.0,2000,train_pred_mse,10000,0.6694364307999292,0.6610550801154688,0.00019065776756917714,0.05101014008923816,1772.1300374234036,36.48840057267813,1.0,0.0,0.0,0,500,500,4000,85.88392758369444
ok,ptft,18,5000,0.255,1275,0.255,10000,0.001,0.0,1.0,0.1,1.0,0.1,0.0,unit_total_var,,0.5,5000000,5000,50000,True,0.0001,,0.0,0.0,1.0,2000,train_pred_mse,10000,0.6418448932787394,0.6384760931199819,0.0001982640078703343,0.051570605577721744,1725.5296435272055,35.73419584334528,1.0,0.0,0.0,0,500,500,4000,92.2100760936737
ok,ptft,19,5000,0.255,1275,0.255,10000,0.001,0.0,1.0,0.1,1.0,0.1,0.0,unit_total_var,,0.5,5000000,5000,50000,True,0.0001,,0.0,0.0,1.0,2000,train_pred_mse,10000,0.6732158137446544,0.6817167805000799,0.00020444207425526857,0.05149230199274539,1779.6436061120723,36.966730323209056,1.0,0.0,0.0,0,500,500,4000,84.87704944610596
ok,ptft,6,5000,0.255,1275,0.255,10000,0.001,0.0,1.0,0.1,1.0,0.1,0.0,unit_total_var,,0.5,5000000,5000,50000,True,0.0001,,0.0,0.0,1.0,2000,train_pred_mse,10000,0.6534857151000782,0.6528030043522137,0.00017674086977202474,0.04443083184804796,1805.7039735576443,37.99916601353868,1.0,0.0,0.0,0,500,500,4000,76.42365074157716
ok,ptft,7,5000,0.255,1275,0.255,10000,0.001,0.0,1.0,0.1,1.0,0.1,0.0,unit_total_var,,0.5,5000000,5000,50000,True,0.0001,,0.0,0.0,1.0,2000,train_pred_mse,10000,0.7094354298272417,0.7104618922788901,0.0001835687354563317,0.04704726594840528,1765.524856526332,36.60761146614931,1.0,0.0,0.0,0,500,500,4000,78.11010026931763
ok,ptft,8,5000,0.255,1275,0.255,10000,0.001,0.0,1.0,0.1,1.0,0.1,0.0,unit_total_var,,0.5,5000000,5000,50000,True,0.0001,,0.0,0.0,1.0,2000,train_pred_mse,10000,0.7259332352216147,0.7265640615748827,0.00020015566344761863,0.0500423172185354,1828.7863799586864,37.85340733001691,1.0,0.0,0.0,0,500,500,4000,68.25956726074219
ok,ptft,9,5000,0.255,1275,0.255,10000,0.001,0.0,1.0,0.1,1.0,0.1,0.0,unit_total_var,,0.5,5000000,5000,50000,True,0.0001,,0.0,0.0,1.0,2000,train_pred_mse,10000,0.6638690651976522,0.6548828528117678,0.0001864088583774199,0.04933948224013316,1746.4663317803738,36.6506295989658,1.0,0.0,0.0,0,500,500,4000,118.93201780319214
ok,ptft,10,5000,0.30400000000000005,1520,0.304,10000,0.001,0.0,1.0,0.1,1.0,0.1,0.0,unit_total_var,,0.5,5000000,5000,50000,True,0.0001,,0.0,0.0,1.0,2000,train_pred_mse,15000,0.6639221002250537,0.6418049259513862,0.00010904499727662347,0.016325086239865425,1928.4237582676294,41.22910540553024,1.0,0.0,0.0,0,500,500,4000,140.69209122657776
ok,ptft,11,5000,0.30400000000000005,1520,0.304,10000,0.001,0.0,1.0,0.1,1.0,0.1,0.0,unit_total_var,,0.5,5000000,5000,50000,True,0.0001,,0.0,0.0,1.0,2000,train_pred_mse,15000,0.7076535124813365,0.6997036394498857,0.00011804008465727758,0.01726907189819123,1989.5547359629554,42.393152409206266,1.0,0.0,0.0,0,500,500,4000,150.69090819358826
ok,ptft,12,5000,0.30400000000000005,1520,0.304,10000,0.001,0.0,1.0,0.1,1.0,0.1,0.0,unit_total_var,,0.5,5000000,5000,50000,True,0.0001,,0.0,0.0,1.0,2000,train_pred_mse,15000,0.5653665755693076,0.5636230954757201,0.00010819311891097171,0.0172258525099045,1825.1444935288373,39.349235376666385,1.0,0.0,0.0,0,500,500,4000,120.98428869247437
ok,ptft,13,5000,0.30400000000000005,1520,0.304,10000,0.001,0.0,1.0,0.1,1.0,0.1,0.0,unit_total_var,,0.5,5000000,5000,50000,True,0.0001,,0.0,0.0,1.0,2000,train_pred_mse,15000,0.6165056180503914,0.6342762948856234,0.00011241539097171799,0.016629738664497292,1918.1391911763296,41.73202412232625,1.0,0.0,0.0,0,500,500,4000,137.86491990089417
ok,ptft,14,5000,0.30400000000000005,1520,0.304,10000,0.001,0.0,1.0,0.1,1.0,0.1,0.0,unit_total_var,,0.5,5000000,5000,50000,True,0.0001,,0.0,0.0,1.0,2000,train_pred_mse,15000,0.6857214223784703,0.6738503231599361,0.00010943569099507888,0.016197242971787863,1971.1249755254648,42.18800904191654,1.0,0.0,0.0,0,500,500,4000,141.12865138053894
ok,ptft,15,5000,0.30400000000000005,1520,0.304,10000,0.001,0.0,1.0,0.1,1.0,0.1,0.0,unit_total_var,,0.5,5000000,5000,50000,True,0.0001,,0.0,0.0,1.0,2000,train_pred_mse,15000,0.5972054598724593,0.6027731504003929,0.0001129704264363616,0.01659413802837021,1947.656444259049,41.98166858307096,1.0,0.0,0.0,0,500,500,4000,150.8054859638214
ok,ptft,16,5000,0.30400000000000005,1520,0.304,10000,0.001,0.0,1.0,0.1,1.0,0.1,0.0,unit_total_var,,0.5,5000000,5000,50000,True,0.0001,,0.0,0.0,1.0,2000,train_pred_mse,15000,0.5677793001829179,0.5721763229668533,0.00011530395289525935,0.017976918204357997,1823.9501438078275,39.23021481970572,1.0,0.0,0.0,0,500,500,4000,115.98945307731628
ok,ptft,17,5000,0.30400000000000005,1520,0.304,10000,0.001,0.0,1.0,0.1,1.0,0.1,0.0,unit_total_var,,0.5,5000000,5000,50000,True,0.0001,,0.0,0.0,1.0,2000,train_pred_mse,15000,0.5726525754018544,0.5602057176064466,0.00010339529128076922,0.015686435479870198,1860.7494183594226,40.59474195581654,1.0,0.0,0.0,0,500,500,4000,186.57838916778562
ok,ptft,18,5000,0.30400000000000005,1520,0.304,10000,0.001,0.0,1.0,0.1,1.0,0.1,0.0,unit_total_var,,0.5,5000000,5000,50000,True,0.0001,,0.0,0.0,1.0,2000,train_pred_mse,15000,0.5375026888792944,0.5400782766817358,0.0001058517575996711,0.01631867936521504,1865.2549849950312,40.13145203842515,1.0,0.0,0.0,0,500,500,4000,124.04793691635132
ok,ptft,19,5000,0.30400000000000005,1520,0.304,10000,0.001,0.0,1.0,0.1,1.0,0.1,0.0,unit_total_var,,0.5,5000000,5000,50000,True,0.0001,,0.0,0.0,1.0,2000,train_pred_mse,15000,0.5826779040336741,0.5995268522264675,0.00011707542920196104,0.017960520066868327,1867.9106036533385,40.22824782423936,1.0,0.0,0.0,0,500,500,4000,117.74928545951843
ok,ptft,6,5000,0.30400000000000005,1520,0.304,10000,0.001,0.0,1.0,0.1,1.0,0.1,0.0,unit_total_var,,0.5,5000000,5000,50000,True,0.0001,,0.0,0.0,1.0,2000,train_pred_mse,15000,0.5845570616985531,0.5787249557228982,9.816237202949812e-05,0.014863072147284544,1903.4840651149646,40.899921703724644,1.0,0.0,0.0,0,500,500,4000,150.699526309967
ok,ptft,7,5000,0.30400000000000005,1520,0.304,10000,0.001,0.0,1.0,0.1,1.0,0.1,0.0,unit_total_var,,0.5,5000000,5000,50000,True,0.0001,,0.0,0.0,1.0,2000,train_pred_mse,15000,0.6065638004426879,0.6122278091944842,0.0001122860067335252,0.017255355169330643,1904.1725455608994,40.925443769589435,1.0,0.0,0.0,0,500,500,4000,152.89360404014587
ok,ptft,8,5000,0.30400000000000005,1520,0.304,10000,0.001,0.0,1.0,0.1,1.0,0.1,0.0,unit_total_var,,0.5,5000000,5000,50000,True,0.0001,,0.0,0.0,1.0,2000,train_pred_mse,15000,0.629908390678697,0.6200178381783786,0.0001083477956233214,0.016035160423405276,1913.7434258124317,41.651417294110786,1.0,0.0,0.0,0,500,500,4000,140.15524339675906
ok,ptft,9,5000,0.30400000000000005,1520,0.304,10000,0.001,0.0,1.0,0.1,1.0,0.1,0.0,unit_total_var,,0.5,5000000,5000,50000,True,0.0001,,0.0,0.0,1.0,2000,train_pred_mse,15000,0.5999200801117046,0.5809909442472939,0.00012064206165444053,0.01814496883756199,1859.702518675865,40.21918744611195,0.9998,0.0,0.0,0,500,500,4000,153.95268487930295
ok,ptft,10,5000,0.35300000000000004,1765,0.353,10000,0.001,0.0,1.0,0.1,1.0,0.1,0.0,unit_total_var,,0.5,5000000,5000,50000,True,0.0001,,0.0,0.0,1.0,2000,train_pred_mse,15000,0.5671680594440551,0.5435445089452028,0.00020551458839486824,0.025324160086866037,1997.2977655669479,44.42332323713168,1.0,0.0,0.0,0,500,500,4000,257.8779942989349
ok,ptft,11,5000,0.35300000000000004,1765,0.353,10000,0.001,0.0,1.0,0.1,1.0,0.1,0.0,unit_total_var,,0.5,5000000,5000,50000,True,0.0001,,0.0,0.0,1.0,2000,train_pred_mse,15000,0.5633276375971655,0.5712822399970495,0.00023549416606949712,0.02777128055401382,2069.6675399707433,46.33441784859503,1.0,0.0,0.0,0,500,500,4000,162.41446924209598
ok,ptft,12,5000,0.35300000000000004,1765,0.353,10000,0.001,0.0,1.0,0.1,1.0,0.1,0.0,unit_total_var,,0.5,5000000,5000,50000,True,0.0001,,0.0,0.0,1.0,2000,train_pred_mse,15000,0.4685293325931209,0.4721897650182285,0.00022375157232120533,0.02751334441394836,1914.5968434934455,42.869947473506926,1.0,0.0,0.0,0,500,500,4000,176.12163472175598
ok,ptft,13,5000,0.35300000000000004,1765,0.353,10000,0.001,0.0,1.0,0.1,1.0,0.1,0.0,unit_total_var,,0.5,5000000,5000,50000,True,0.0001,,0.0,0.0,1.0,2000,train_pred_mse,15000,0.5084234726136371,0.5126882070275978,0.00020844359890751998,0.025295915024523226,2052.32718654652,46.21361391414084,1.0,0.0,0.0,0,500,500,4000,199.32107257843015
ok,ptft,14,5000,0.35300000000000004,1765,0.353,10000,0.001,0.0,1.0,0.1,1.0,0.1,0.0,unit_total_var,,0.5,5000000,5000,50000,True,0.0001,,0.0,0.0,1.0,2000,train_pred_mse,15000,0.5495707707465772,0.5566278871066159,0.0002298254930391751,0.02654211473520356,2044.5932563282688,46.22474115454065,1.0,0.0,0.0,0,500,500,4000,151.64490962028503
ok,ptft,15,5000,0.35300000000000004,1765,0.353,10000,0.001,0.0,1.0,0.1,1.0,0.1,0.0,unit_total_var,,0.5,5000000,5000,50000,True,0.0001,,0.0,0.0,1.0,2000,train_pred_mse,15000,0.4867881204725248,0.485162266256491,0.00021348795750855877,0.025696535150468,2013.2902056486976,46.06466643676162,1.0,0.0,0.0,0,500,500,4000,146.13863682746887
ok,ptft,16,5000,0.35300000000000004,1765,0.353,10000,0.001,0.0,1.0,0.1,1.0,0.1,0.0,unit_total_var,,0.5,5000000,5000,50000,True,0.0001,,0.0,0.0,1.0,2000,train_pred_mse,15000,0.4668501780147768,0.466086277494246,0.0001933241345847194,0.0239853436893616,1933.953416862817,43.56929404748747,1.0,0.0,0.0,0,500,500,4000,174.3332276344299
ok,ptft,17,5000,0.35300000000000004,1765,0.353,10000,0.001,0.0,1.0,0.1,1.0,0.1,0.0,unit_total_var,,0.5,5000000,5000,50000,True,0.0001,,0.0,0.0,1.0,2000,train_pred_mse,15000,0.4731634721104098,0.461536359749978,0.00021712999636751856,0.027345531838238832,1952.8380472662927,44.124394329632686,1.0,0.0,0.0,0,500,500,4000,166.56871318817142
ok,ptft,18,5000,0.35300000000000004,1765,0.353,10000,0.001,0.0,1.0,0.1,1.0,0.1,0.0,unit_total_var,,0.5,5000000,5000,50000,True,0.0001,,0.0,0.0,1.0,2000,train_pred_mse,15000,0.477789242227725,0.4687401155449625,0.0002129095582410211,0.026794062531386127,1892.3248991147568,42.42125262339714,1.0,0.0,0.0,0,500,500,4000,192.3327207565308
ok,ptft,19,5000,0.35300000000000004,1765,0.353,10000,0.001,0.0,1.0,0.1,1.0,0.1,0.0,unit_total_var,,0.5,5000000,5000,50000,True,0.0001,,0.0,0.0,1.0,2000,train_pred_mse,15000,0.5047026591803271,0.5104349220221154,0.00022083480368979014,0.028075842210795947,1940.1906136861521,43.149916834343536,1.0,0.0,0.0,0,500,500,4000,150.02854442596438
ok,ptft,6,5000,0.35300000000000004,1765,0.353,10000,0.001,0.0,1.0,0.1,1.0,0.1,0.0,unit_total_var,,0.5,5000000,5000,50000,True,0.0001,,0.0,0.0,1.0,2000,train_pred_mse,15000,0.4769322561012876,0.4836275820465658,0.00020768744566759361,0.024978740835846492,1949.1883139649156,44.565115728644315,1.0,0.0,0.0,0,500,500,4000,201.84819865226746
ok,ptft,7,5000,0.35300000000000004,1765,0.353,10000,0.001,0.0,1.0,0.1,1.0,0.1,0.0,unit_total_var,,0.5,5000000,5000,50000,True,0.0001,,0.0,0.0,1.0,2000,train_pred_mse,15000,0.5080848797953246,0.5093415867428485,0.00021932414110732156,0.026796660041662444,1991.0696929562343,44.4469059508204,1.0,0.0,0.0,0,500,500,4000,189.95761704444885
ok,ptft,8,5000,0.35300000000000004,1765,0.353,10000,0.001,0.0,1.0,0.1,1.0,0.1,0.0,unit_total_var,,0.5,5000000,5000,50000,True,0.0001,,0.0,0.0,1.0,2000,train_pred_mse,15000,0.580831226232134,0.5677264251663977,0.0002240043955738084,0.027511607519374672,1968.4677800433192,43.747269248078624,1.0,0.0,0.0,0,500,500,4000,173.00475907325745
ok,ptft,9,5000,0.35300000000000004,1765,0.353,10000,0.001,0.0,1.0,0.1,1.0,0.1,0.0,unit_total_var,,0.5,5000000,5000,50000,True,0.0001,,0.0,0.0,1.0,2000,train_pred_mse,15000,0.4832488464726208,0.47631815628032603,0.00021898519922769117,0.027012257460471947,1913.3921467213208,43.73784576347593,1.0,0.0,0.0,0,500,500,4000,155.05761623382568
ok,ptft,10,5000,0.402,2010,0.402,10000,0.001,0.0,1.0,0.1,1.0,0.1,0.0,unit_total_var,,0.5,5000000,5000,50000,True,0.0001,,0.0,0.0,1.0,2000,train_pred_mse,20000,0.44432768622732427,0.4387811027561873,0.00017008020302346932,0.015818693211250626,2060.187547696268,48.293942516529405,1.0,0.0,0.0,0,500,500,4000,320.7879090309143
ok,ptft,11,5000,0.402,2010,0.402,10000,0.001,0.0,1.0,0.1,1.0,0.1,0.0,unit_total_var,,0.5,5000000,5000,50000,True,0.0001,,0.0,0.0,1.0,2000,train_pred_mse,20000,0.4588195436343294,0.4519185272472948,0.00016780380723085871,0.015492336189178647,2142.9105324362367,50.4891667151868,1.0,0.0,0.0,0,500,500,4000,264.31698870658875
ok,ptft,12,5000,0.402,2010,0.402,10000,0.001,0.0,1.0,0.1,1.0,0.1,0.0,unit_total_var,,0.5,5000000,5000,50000,True,0.0001,,0.0,0.0,1.0,2000,train_pred_mse,20000,0.38460191777508734,0.3898188272751484,0.00017016333584828278,0.016706599399510285,1976.4512870373667,45.810482547711665,1.0,0.0,0.0,0,500,500,4000,227.4040834903717
ok,ptft,13,5000,0.402,2010,0.402,10000,0.001,0.0,1.0,0.1,1.0,0.1,0.0,unit_total_var,,0.5,5000000,5000,50000,True,0.0001,,0.0,0.0,1.0,2000,train_pred_mse,20000,0.4248763899213331,0.4345107395354105,0.00016267289354652032,0.01525765616095692,2078.018861081022,48.89568748009988,1.0,0.0,0.0,0,500,500,4000,395.85014915466314
ok,ptft,14,5000,0.402,2010,0.402,10000,0.001,0.0,1.0,0.1,1.0,0.1,0.0,unit_total_var,,0.5,5000000,5000,50000,True,0.0001,,0.0,0.0,1.0,2000,train_pred_mse,20000,0.4799409282599725,0.4755012899174326,0.00016238243814092592,0.015013133733089575,2094.7593359581765,49.49634568353008,1.0,0.0,0.0,0,500,500,4000,267.7540578842163
ok,ptft,15,5000,0.402,2010,0.402,10000,0.001,0.0,1.0,0.1,1.0,0.1,0.0,unit_total_var,,0.5,5000000,5000,50000,True,0.0001,,0.0,0.0,1.0,2000,train_pred_mse,20000,0.4487802142109011,0.4593106385604581,0.00017058521138470283,0.01642526337911169,2028.580611373177,47.21490881589019,1.0,0.0,0.0,0,500,500,4000,296.88477087020874
ok,ptft,16,5000,0.402,2010,0.402,10000,0.001,0.0,1.0,0.1,1.0,0.1,0.0,unit_total_var,,0.5,5000000,5000,50000,True,0.0001,,0.0,0.0,1.0,2000,train_pred_mse,20000,0.43304046330494783,0.4205591879085634,0.00015872209167342818,0.01599003440683154,1946.8109495307892,45.090332450396396,1.0,0.0,0.0,0,500,500,4000,223.13152074813843
ok,ptft,17,5000,0.402,2010,0.402,10000,0.001,0.0,1.0,0.1,1.0,0.1,0.0,unit_total_var,,0.5,5000000,5000,50000,True,0.0001,,0.0,0.0,1.0,2000,train_pred_mse,20000,0.4177063495914421,0.4121464003464089,0.00016342564637347883,0.01617947675452841,1949.9470430334836,45.845526955190586,1.0,0.0,0.0,0,500,500,4000,210.58815026283264
ok,ptft,18,5000,0.402,2010,0.402,10000,0.001,0.0,1.0,0.1,1.0,0.1,0.0,unit_total_var,,0.5,5000000,5000,50000,True,0.0001,,0.0,0.0,1.0,2000,train_pred_mse,20000,0.4163069127757084,0.41566679278311497,0.0001453193589469012,0.01492000466721504,1955.3704926513647,44.36859726450746,1.0,0.0,0.0,0,500,500,4000,345.3725111484528
ok,ptft,19,5000,0.402,2010,0.402,10000,0.001,0.0,1.0,0.1,1.0,0.1,0.0,unit_total_var,,0.5,5000000,5000,50000,True,0.0001,,0.0,0.0,1.0,2000,train_pred_mse,20000,0.4348810919163192,0.4430092991692513,0.00015817916584621102,0.015517260548262043,1981.248872372701,45.916683870285475,1.0,0.0,0.0,0,500,500,4000,243.47049260139462
ok,ptft,6,5000,0.402,2010,0.402,10000,0.001,0.0,1.0,0.1,1.0,0.1,0.0,unit_total_var,,0.5,5000000,5000,50000,True,0.0001,,0.0,0.0,1.0,2000,train_pred_mse,20000,0.4388181100179714,0.4346888372571342,0.00016009940044097866,0.016339551271268113,2010.8488868479733,46.26627903684203,1.0,0.0,0.0,0,500,500,4000,313.6064867973328
ok,ptft,7,5000,0.402,2010,0.402,10000,0.001,0.0,1.0,0.1,1.0,0.1,0.0,unit_total_var,,0.5,5000000,5000,50000,True,0.0001,,0.0,0.0,1.0,2000,train_pred_mse,20000,0.4665234590565231,0.4691675312999195,0.0001693589933221733,0.016714896627724248,2034.960292857228,46.257276944500475,1.0,0.0,0.0,0,500,500,4000,234.3571400642395
ok,ptft,8,5000,0.402,2010,0.402,10000,0.001,0.0,1.0,0.1,1.0,0.1,0.0,unit_total_var,,0.5,5000000,5000,50000,True,0.0001,,0.0,0.0,1.0,2000,train_pred_mse,20000,0.4267069547557471,0.4275997237093723,0.00016974321306378954,0.015940324216292708,2054.7359163463752,49.1207481026785,1.0,0.0,0.0,0,500,500,4000,288.4964373111725
ok,ptft,9,5000,0.402,2010,0.402,10000,0.001,0.0,1.0,0.1,1.0,0.1,0.0,unit_total_var,,0.5,5000000,5000,50000,True,0.0001,,0.0,0.0,1.0,2000,train_pred_mse,20000,0.4349919120913665,0.4238679346571165,0.00015571009392276603,0.0155992553453239,1973.0027007284734,46.088755406754544,1.0,0.0,0.0,0,500,500,4000,224.3838305473328
ok,ptft,10,5000,0.451,2255,0.451,10000,0.001,0.0,1.0,0.1,1.0,0.1,0.0,unit_total_var,,0.5,5000000,5000,50000,True,0.0001,,0.0,0.0,1.0,2000,train_pred_mse,25000,0.3716397118640496,0.36830914870862025,0.00013365597872423617,0.010715868829458195,2081.0887938334877,51.258983642460706,1.0,0.0,0.0,0,500,500,4000,411.9053723812103
ok,ptft,11,5000,0.451,2255,0.451,10000,0.001,0.0,1.0,0.1,1.0,0.1,0.0,unit_total_var,,0.5,5000000,5000,50000,True,0.0001,,0.0,0.0,1.0,2000,train_pred_mse,25000,0.3770243327193596,0.3722649594096288,0.00015585306689045662,0.012130789092052756,2165.5072967907427,53.13044431556809,1.0,0.0,0.0,0,500,500,4000,375.16824555397034
ok,ptft,12,5000,0.451,2255,0.451,10000,0.001,0.0,1.0,0.1,1.0,0.1,0.0,unit_total_var,,0.5,5000000,5000,50000,True,0.0001,,0.0,0.0,1.0,2000,train_pred_mse,25000,0.3265035102244839,0.3309612995818874,0.00013796680928084283,0.011525282741619002,1995.8170008122056,48.195143698911025,1.0,0.0,0.0,0,500,500,4000,392.0786430835724
ok,ptft,13,5000,0.451,2255,0.451,10000,0.001,0.0,1.0,0.1,1.0,0.1,0.0,unit_total_var,,0.5,5000000,5000,50000,True,0.0001,,0.0,0.0,1.0,2000,train_pred_mse,25000,0.3622140533172029,0.3726758750094427,0.00016168213932252987,0.01300316859003618,2096.4253670082694,51.059592290423424,1.0,0.0,0.0,0,500,500,4000,382.5632848739624
ok,ptft,14,5000,0.451,2255,0.451,10000,0.001,0.0,1.0,0.1,1.0,0.1,0.0,unit_total_var,,0.5,5000000,5000,50000,True,0.0001,,0.0,0.0,1.0,2000,train_pred_mse,25000,0.3784966399560538,0.3797714679091536,0.0001480832129704174,0.011573671734195023,2133.2998151087145,52.80755352862722,0.9998,0.0,0.0,0,500,500,4000,367.9490346908569
ok,ptft,15,5000,0.451,2255,0.451,10000,0.001,0.0,1.0,0.1,1.0,0.1,0.0,unit_total_var,,0.5,5000000,5000,50000,True,0.0001,,0.0,0.0,1.0,2000,train_pred_mse,25000,0.3626544724090761,0.3624340743764809,0.00014965538678691543,0.012326644924231052,2091.255153504159,50.769189177599046,1.0,0.0,0.0,0,500,500,4000,358.45412254333496
ok,ptft,16,5000,0.451,2255,0.451,10000,0.001,0.0,1.0,0.1,1.0,0.1,0.0,unit_total_var,,0.5,5000000,5000,50000,True,0.0001,,0.0,0.0,1.0,2000,train_pred_mse,25000,0.3421386744445073,0.33202998210931123,0.00012805889005152815,0.010774571988644784,1986.6245374997989,48.969366753008636,1.0,0.0,0.0,0,500,500,4000,322.13016724586487
ok,ptft,17,5000,0.451,2255,0.451,10000,0.001,0.0,1.0,0.1,1.0,0.1,0.0,unit_total_var,,0.5,5000000,5000,50000,True,0.0001,,0.0,0.0,1.0,2000,train_pred_mse,25000,0.3702357793372832,0.3637315898176083,0.00014929112027392902,0.012784465538241458,1998.2473426948332,47.673173287129316,1.0,0.0,0.0,0,500,500,4000,347.12084913253784
ok,ptft,18,5000,0.451,2255,0.451,10000,0.001,0.0,1.0,0.1,1.0,0.1,0.0,unit_total_var,,0.5,5000000,5000,50000,True,0.0001,,0.0,0.0,1.0,2000,train_pred_mse,25000,0.3588775449249729,0.3518521265573531,0.0001353554608971962,0.011758215133190659,1988.8551218762645,46.98367612968004,1.0,0.0,0.0,0,500,500,4000,328.86917448043823
ok,ptft,19,5000,0.451,2255,0.451,10000,0.001,0.0,1.0,0.1,1.0,0.1,0.0,unit_total_var,,0.5,5000000,5000,50000,True,0.0001,,0.0,0.0,1.0,2000,train_pred_mse,25000,0.3299224157405866,0.3365896677944585,0.0001491611286877871,0.012368145636173243,2029.0060960938288,49.81527118082136,1.0,0.0,0.0,0,500,500,4000,340.58535957336426
ok,ptft,6,5000,0.451,2255,0.451,10000,0.001,0.0,1.0,0.1,1.0,0.1,0.0,unit_total_var,,0.5,5000000,5000,50000,True,0.0001,,0.0,0.0,1.0,2000,train_pred_mse,25000,0.3410311564224904,0.34115747448524736,0.00013518739858250033,0.011253772025349721,2017.074250025092,49.69444975059171,1.0,0.0,0.0,0,500,500,4000,352.70370197296137
ok,ptft,7,5000,0.451,2255,0.451,10000,0.001,0.0,1.0,0.1,1.0,0.1,0.0,unit_total_var,,0.5,5000000,5000,50000,True,0.0001,,0.0,0.0,1.0,2000,train_pred_mse,25000,0.40378865972250216,0.39239430644532414,0.0001386440343052751,0.011627414466316228,2075.685588989273,48.89688792152743,1.0,0.0,0.0,0,500,500,4000,367.4781346321106
ok,ptft,8,5000,0.451,2255,0.451,10000,0.001,0.0,1.0,0.1,1.0,0.1,0.0,unit_total_var,,0.5,5000000,5000,50000,True,0.0001,,0.0,0.0,1.0,2000,train_pred_mse,25000,0.3728016516106118,0.3651141033893621,0.00015032845601987627,0.012045339236640529,2078.4250057225,51.3302003206911,1.0,0.0,0.0,0,500,500,4000,355.1677987575531
ok,ptft,9,5000,0.451,2255,0.451,10000,0.001,0.0,1.0,0.1,1.0,0.1,0.0,unit_total_var,,0.5,5000000,5000,50000,True,0.0001,,0.0,0.0,1.0,2000,train_pred_mse,25000,0.34785836944966,0.34385858309841394,0.00014081436056494456,0.011761434052500942,2005.1759277620968,48.94168364601733,1.0,0.0,0.0,0,500,500,4000,330.8106639385224
ok,ptft,10,5000,0.5,2500,0.5,10000,0.001,0.0,1.0,0.1,1.0,0.1,0.0,unit_total_var,,0.5,5000000,5000,50000,True,0.0001,,0.0,0.0,1.0,2000,train_pred_mse,30000,0.3033829819921052,0.29950546905027875,0.00013775282223712538,0.009766881532715335,2097.4584458073696,53.921126027784176,1.0,0.0,0.0,0,500,500,4000,433.45031714439386
ok,ptft,11,5000,0.5,2500,0.5,10000,0.001,0.0,1.0,0.1,1.0,0.1,0.0,unit_total_var,,0.5,5000000,5000,50000,True,0.0001,,0.0,0.0,1.0,2000,train_pred_mse,30000,0.30134325997590833,0.2976049885577963,0.00012279215383692214,0.008398907966847328,2162.7080099999553,56.485514351357686,1.0,0.0,0.0,0,500,500,4000,499.4786639213562
ok,ptft,12,5000,0.5,2500,0.5,10000,0.001,0.0,1.0,0.1,1.0,0.1,0.0,unit_total_var,,0.5,5000000,5000,50000,True,0.0001,,0.0,0.0,1.0,2000,train_pred_mse,30000,0.2782182583376054,0.27986147128771544,0.00013570909958272566,0.010271271556161922,1978.233912141526,50.78866952575765,1.0,0.0,0.0,0,500,500,4000,549.1349041461946
ok,ptft,13,5000,0.5,2500,0.5,10000,0.001,0.0,1.0,0.1,1.0,0.1,0.0,unit_total_var,,0.5,5000000,5000,50000,True,0.0001,,0.0,0.0,1.0,2000,train_pred_mse,30000,0.31438624133540705,0.3168464789359761,0.0001357889860462572,0.009687559471143815,2119.842831688191,53.58101400179311,1.0,0.0,0.0,0,500,500,4000,508.49836802482605
ok,ptft,14,5000,0.5,2500,0.5,10000,0.001,0.0,1.0,0.1,1.0,0.1,0.0,unit_total_var,,0.5,5000000,5000,50000,True,0.0001,,0.0,0.0,1.0,2000,train_pred_mse,30000,0.34559894474553565,0.34944454239436706,0.0001367884434945037,0.00971035010031594,2152.6106804776446,54.11490333789313,1.0,0.0,0.0,0,500,500,4000,486.7390375137329
ok,ptft,15,5000,0.5,2500,0.5,10000,0.001,0.0,1.0,0.1,1.0,0.1,0.0,unit_total_var,,0.5,5000000,5000,50000,True,0.0001,,0.0,0.0,1.0,2000,train_pred_mse,30000,0.3121032403131572,0.3094454723131322,0.00013583639090227622,0.009821383660075829,2079.291890185215,52.746600460525634,1.0,0.0,0.0,0,500,500,4000,519.3956668376924
ok,ptft,16,5000,0.5,2500,0.5,10000,0.001,0.0,1.0,0.1,1.0,0.1,0.0,unit_total_var,,0.5,5000000,5000,50000,True,0.0001,,0.0,0.0,1.0,2000,train_pred_mse,30000,0.2856100394030221,0.28152894544642115,0.00014178133682665525,0.010461134663047962,1990.2311284874716,51.024959501871045,1.0,0.0,0.0,0,500,500,4000,397.6589884757996
ok,ptft,17,5000,0.5,2500,0.5,10000,0.001,0.0,1.0,0.1,1.0,0.1,0.0,unit_total_var,,0.5,5000000,5000,50000,True,0.0001,,0.0,0.0,1.0,2000,train_pred_mse,30000,0.2609314158783113,0.2583310074880227,0.0001282041167861379,0.009291453826684894,2015.4480682014096,52.58629780540839,1.0,0.0,0.0,0,500,500,4000,423.6694173812866
ok,ptft,18,5000,0.5,2500,0.5,10000,0.001,0.0,1.0,0.1,1.0,0.1,0.0,unit_total_var,,0.5,5000000,5000,50000,True,0.0001,,0.0,0.0,1.0,2000,train_pred_mse,30000,0.27977850974799323,0.27549411792101186,0.00013664822532384312,0.010254888746595392,1990.9941007475168,50.38688904949479,1.0,0.0,0.0,0,500,500,4000,488.603747844696
ok,ptft,19,5000,0.5,2500,0.5,10000,0.001,0.0,1.0,0.1,1.0,0.1,0.0,unit_total_var,,0.5,5000000,5000,50000,True,0.0001,,0.0,0.0,1.0,2000,train_pred_mse,30000,0.27522276002377416,0.2761452232986845,0.00012898622539538558,0.009322614945514946,2023.198145049617,52.46190777799529,1.0,0.0,0.0,0,500,500,4000,445.84628796577454
ok,ptft,6,5000,0.5,2500,0.5,10000,0.001,0.0,1.0,0.1,1.0,0.1,0.0,unit_total_var,,0.5,5000000,5000,50000,True,0.0001,,0.0,0.0,1.0,2000,train_pred_mse,30000,0.27808474279432266,0.2802182566206875,0.0001382118928034247,0.01008347924081222,2020.4910309951047,52.42095022291031,1.0,0.0,0.0,0,500,500,4000,448.93542218208313
ok,ptft,7,5000,0.5,2500,0.5,10000,0.001,0.0,1.0,0.1,1.0,0.1,0.0,unit_total_var,,0.5,5000000,5000,50000,True,0.0001,,0.0,0.0,1.0,2000,train_pred_mse,30000,0.3014743400408223,0.301024762308439,0.00013743872900875726,0.010004107244495651,2099.6289520964533,52.72490015129297,1.0,0.0,0.0,0,500,500,4000,412.4792907238007
ok,ptft,8,5000,0.5,2500,0.5,10000,0.001,0.0,1.0,0.1,1.0,0.1,0.0,unit_total_var,,0.5,5000000,5000,50000,True,0.0001,,0.0,0.0,1.0,2000,train_pred_mse,30000,0.31179905152354764,0.3197324605909312,0.0001473740685214933,0.010568707725267459,2092.867582369025,53.06497538667756,1.0,0.0,0.0,0,500,500,4000,461.2102653980255
ok,ptft,9,5000,0.5,2500,0.5,10000,0.001,0.0,1.0,0.1,1.0,0.1,0.0,unit_total_var,,0.5,5000000,5000,50000,True,0.0001,,0.0,0.0,1.0,2000,train_pred_mse,30000,0.28637191944011625,0.2844197722931475,0.0001292945372291336,0.009668971439608928,2010.322375556174,51.102914550117944,1.0,0.0,0.0,0,500,500,4000,409.1318681240082
ok,ptft,10,5000,0.01,50,0.01,10000,0.001,0.0,10.0,0.1,1.0,0.1,0.0,unit_total_var,,0.5,5000000,5000,50000,True,0.0001,,0.0,0.0,1.0,2000,train_pred_mse,5000,1.0646694550647045,1.0403459254288108,8.956590369331076e-17,0.5053761066404001,410.45567487958976,7.342101113589608,0.9998,0.0,0.0,0,500,500,4000,5.147230863571167
ok,ptft,11,5000,0.01,50,0.01,10000,0.001,0.0,10.0,0.1,1.0,0.1,0.0,unit_total_var,,0.5,5000000,5000,50000,True,0.0001,,0.0,0.0,1.0,2000,train_pred_mse,5000,1.121209784775864,1.1128925435659585,8.780818885742101e-17,0.520588165711136,422.83307600002234,7.390480335390454,1.0,0.0,0.0,0,500,500,4000,5.014329195022583
ok,ptft,12,5000,0.01,50,0.01,10000,0.001,0.0,10.0,0.1,1.0,0.1,0.0,unit_total_var,,0.5,5000000,5000,50000,True,0.0001,,0.0,0.0,1.0,2000,train_pred_mse,5000,0.9342319484889572,0.926712776099734,4.907237656929836e-17,0.5192370989469091,434.9951068477131,7.641801367051108,1.0,0.0,0.0,0,500,500,4000,6.105518817901611
ok,ptft,13,5000,0.01,50,0.01,10000,0.001,0.0,10.0,0.1,1.0,0.1,0.0,unit_total_var,,0.5,5000000,5000,50000,True,0.0001,,0.0,0.0,1.0,2000,train_pred_mse,5000,1.032640288462106,1.0390356113585673,5.705779303217931e-17,0.5347352890989718,441.13179285894586,7.8070638941047505,1.0,0.0,0.0,0,500,500,4000,5.320084571838379
ok,ptft,14,5000,0.01,50,0.01,10000,0.001,0.0,10.0,0.1,1.0,0.1,0.0,unit_total_var,,0.5,5000000,5000,50000,True,0.0001,,0.0,0.0,1.0,2000,train_pred_mse,5000,1.1133096295018847,1.101148963112624,1.0278809242260249e-16,0.5297864422864078,368.49057951127253,6.465140615964656,1.0,0.0,0.0,0,500,500,4000,5.549042701721191
ok,ptft,15,5000,0.01,50,0.01,10000,0.001,0.0,10.0,0.1,1.0,0.1,0.0,unit_total_var,,0.5,5000000,5000,50000,True,0.0001,,0.0,0.0,1.0,2000,train_pred_mse,5000,1.0174737348938259,1.0226856647058506,7.232794400693079e-17,0.5322216870803136,404.4912413246901,7.107804275421512,1.0,0.0,0.0,0,500,500,4000,5.805948257446289
ok,ptft,16,5000,0.01,50,0.01,10000,0.001,0.0,10.0,0.1,1.0,0.1,0.0,unit_total_var,,0.5,5000000,5000,50000,True,0.0001,,0.0,0.0,1.0,2000,train_pred_mse,5000,0.9515843850915796,0.9399628613736991,1.1519816965825923e-16,0.5207900273400503,391.05683685300767,6.858356773161683,1.0,0.0,0.0,0,500,500,4000,5.629958629608153
ok,ptft,17,5000,0.01,50,0.01,10000,0.001,0.0,10.0,0.1,1.0,0.1,0.0,unit_total_var,,0.5,5000000,5000,50000,True,0.0001,,0.0,0.0,1.0,2000,train_pred_mse,5000,0.9690177143355678,0.9499629228046436,7.20517913243213e-17,0.5156935510585864,412.352365189318,7.372407719063863,1.0,0.0,0.0,0,500,500,4000,5.395575761795044
ok,ptft,18,5000,0.01,50,0.01,10000,0.001,0.0,10.0,0.1,1.0,0.1,0.0,unit_total_var,,0.5,5000000,5000,50000,True,0.0001,,0.0,0.0,1.0,2000,train_pred_mse,5000,0.9157027367828594,0.9094954791479176,7.510339521040606e-17,0.5324850206540648,413.6952778620245,7.247861807821335,1.0,0.0,0.0,0,500,500,4000,5.1437578201293945
ok,ptft,19,5000,0.01,50,0.01,10000,0.001,0.0,10.0,0.1,1.0,0.1,0.0,unit_total_var,,0.5,5000000,5000,50000,True,0.0001,,0.0,0.0,1.0,2000,train_pred_mse,5000,0.9633281954566656,0.980553970429494,3.144107055829289e-11,0.5207387895367134,398.638300246113,7.065003499926838,1.0,0.0,0.0,0,500,500,4000,5.416075944900513
ok,ptft,6,5000,0.01,50,0.01,10000,0.001,0.0,10.0,0.1,1.0,0.1,0.0,unit_total_var,,0.5,5000000,5000,50000,True,0.0001,,0.0,0.0,1.0,2000,train_pred_mse,5000,0.9755370360295104,0.9755847355844636,9.048540217287296e-17,0.5160746931736835,436.6692903166925,7.693804518780897,1.0,0.0,0.0,0,500,500,4000,5.497954368591309
ok,ptft,7,5000,0.01,50,0.01,10000,0.001,0.0,10.0,0.1,1.0,0.1,0.0,unit_total_var,,0.5,5000000,5000,50000,True,0.0001,,0.0,0.0,1.0,2000,train_pred_mse,5000,0.9971079807805114,1.0033935852992435,4.989322692898009e-17,0.5110299978489808,388.27760176336716,6.939284469329787,1.0,0.0,0.0,0,500,500,4000,4.848678827285767
ok,ptft,8,5000,0.01,50,0.01,10000,0.001,0.0,10.0,0.1,1.0,0.1,0.0,unit_total_var,,0.5,5000000,5000,50000,True,0.0001,,0.0,0.0,1.0,2000,train_pred_mse,5000,1.0561363679060756,1.0411999678931296,7.807542553594824e-14,0.5275793587831836,471.85899972742175,8.298757046707351,0.9998,0.0,0.0,0,500,500,4000,5.140177011489868
ok,ptft,9,5000,0.01,50,0.01,10000,0.001,0.0,10.0,0.1,1.0,0.1,0.0,unit_total_var,,0.5,5000000,5000,50000,True,0.0001,,0.0,0.0,1.0,2000,train_pred_mse,5000,0.9785078324735778,0.9541637557426966,5.4653612154321806e-17,0.532900597588354,417.72774951032335,7.304221289340734,1.0,0.0,0.0,0,500,500,4000,5.89361047744751
ok,ptft,10,5000,0.059,295,0.059000000000000004,10000,0.001,0.0,10.0,0.1,1.0,0.1,0.0,unit_total_var,,0.5,5000000,5000,50000,True,0.0001,,0.0,0.0,1.0,2000,train_pred_mse,5000,1.0051946674892245,0.9847794921287136,5.963894174385623e-17,1.9305406431563492,1018.5510123496248,18.11726350479195,1.0,0.0,0.0,0,500,500,4000,10.108448028564453
ok,ptft,11,5000,0.059,295,0.059000000000000004,10000,0.001,0.0,10.0,0.1,1.0,0.1,0.0,unit_total_var,,0.5,5000000,5000,50000,True,0.0001,,0.0,0.0,1.0,2000,train_pred_mse,5000,1.0754808167408676,1.0614718419732512,7.229708311074665e-17,1.8639879193757625,993.3969849544548,17.684398859051303,1.0,0.0,0.0,0,500,500,4000,9.546034812927246
ok,ptft,12,5000,0.059,295,0.059000000000000004,10000,0.001,0.0,10.0,0.1,1.0,0.1,0.0,unit_total_var,,0.5,5000000,5000,50000,True,0.0001,,0.0,0.0,1.0,2000,train_pred_mse,5000,0.8781210438931539,0.8771899267986167,7.105882873740499e-17,1.875876668383224,962.0806460001402,17.165943263564934,1.0,0.0,0.0,0,500,500,4000,10.301005363464355
ok,ptft,13,5000,0.059,295,0.059000000000000004,10000,0.001,0.0,10.0,0.1,1.0,0.1,0.0,unit_total_var,,0.5,5000000,5000,50000,True,0.0001,,0.0,0.0,1.0,2000,train_pred_mse,5000,0.9891730219988004,0.9893416984179456,6.463478479336006e-17,1.9268801011231296,989.0357142813207,17.529209494299952,1.0,0.0,0.0,0,500,500,4000,9.515720129013063
ok,ptft,14,5000,0.059,295,0.059000000000000004,10000,0.001,0.0,10.0,0.1,1.0,0.1,0.0,unit_total_var,,0.5,5000000,5000,50000,True,0.0001,,0.0,0.0,1.0,2000,train_pred_mse,5000,1.0463996110980738,1.037228352824861,7.804662075086543e-17,1.8863053443700042,1079.7747865704996,19.024468255476872,1.0,0.0,0.0,0,500,500,4000,7.7961883544921875
ok,ptft,15,5000,0.059,295,0.059000000000000004,10000,0.001,0.0,10.0,0.1,1.0,0.1,0.0,unit_total_var,,0.5,5000000,5000,50000,True,0.0001,,0.0,0.0,1.0,2000,train_pred_mse,5000,0.9684537975142532,0.967532385303016,8.753979571714776e-17,1.9403387161507115,1011.4446793397153,17.882853856908095,1.0,0.0,0.0,0,500,500,4000,9.553376436233519
ok,ptft,16,5000,0.059,295,0.059000000000000004,10000,0.001,0.0,10.0,0.1,1.0,0.1,0.0,unit_total_var,,0.5,5000000,5000,50000,True,0.0001,,0.0,0.0,1.0,2000,train_pred_mse,5000,0.9018198298153096,0.8906069436705205,7.927188415402518e-17,2.0322467142003595,968.7512843636516,17.172627343375847,1.0,0.0,0.0,0,500,500,4000,9.615072488784788
ok,ptft,17,5000,0.059,295,0.059000000000000004,10000,0.001,0.0,10.0,0.1,1.0,0.1,0.0,unit_total_var,,0.5,5000000,5000,50000,True,0.0001,,0.0,0.0,1.0,2000,train_pred_mse,5000,0.9282881826514288,0.9110226089710634,7.824313275009407e-17,1.868643822927126,875.4735808093693,15.560714415901302,1.0,0.0,0.0,0,500,500,4000,8.716142177581787
ok,ptft,18,5000,0.059,295,0.059000000000000004,10000,0.001,0.0,10.0,0.1,1.0,0.1,0.0,unit_total_var,,0.5,5000000,5000,50000,True,0.0001,,0.0,0.0,1.0,2000,train_pred_mse,5000,0.8714101365326634,0.8623859652763213,8.556797508076024e-17,1.9821670055203708,951.397657747331,16.95852789904888,1.0,0.0,0.0,0,500,500,4000,8.676019668579103
ok,ptft,19,5000,0.059,295,0.059000000000000004,10000,0.001,0.0,10.0,0.1,1.0,0.1,0.0,unit_total_var,,0.5,5000000,5000,50000,True,0.0001,,0.0,0.0,1.0,2000,train_pred_mse,5000,0.9223307060142392,0.9396918064146944,7.921219810863535e-17,1.9704312993447763,894.2396574641051,15.81963352816518,1.0,0.0,0.0,0,500,500,4000,9.483479261398317
ok,ptft,6,5000,0.059,295,0.059000000000000004,10000,0.001,0.0,10.0,0.1,1.0,0.1,0.0,unit_total_var,,0.5,5000000,5000,50000,True,0.0001,,0.0,0.0,1.0,2000,train_pred_mse,5000,0.9386526244255238,0.9351023427098284,7.301246186471016e-17,1.9896050966138008,899.0387537142906,15.936229204438225,1.0,0.0,0.0,0,500,500,4000,9.242697477340696
ok,ptft,7,5000,0.059,295,0.059000000000000004,10000,0.001,0.0,10.0,0.1,1.0,0.1,0.0,unit_total_var,,0.5,5000000,5000,50000,True,0.0001,,0.0,0.0,1.0,2000,train_pred_mse,5000,0.9601591957587364,0.9562868970939222,6.318770325021693e-17,1.9335810084101792,944.5195696556168,16.77774350174688,1.0,0.0,0.0,0,500,500,4000,8.438388824462889
ok,ptft,8,5000,0.059,295,0.059000000000000004,10000,0.001,0.0,10.0,0.1,1.0,0.1,0.0,unit_total_var,,0.5,5000000,5000,50000,True,0.0001,,0.0,0.0,1.0,2000,train_pred_mse,5000,0.9943342155934772,0.9927486917154152,6.975156677244495e-17,2.0123619942221143,985.6658011228579,17.640439086379672,1.0,0.0,0.0,0,500,500,4000,8.721164703369139
ok,ptft,9,5000,0.059,295,0.059000000000000004,10000,0.001,0.0,10.0,0.1,1.0,0.1,0.0,unit_total_var,,0.5,5000000,5000,50000,True,0.0001,,0.0,0.0,1.0,2000,train_pred_mse,5000,0.920764929670107,0.9068809401915352,7.396815621110505e-17,1.9599181743031928,947.1070648418673,16.917851571325727,1.0,0.0,0.0,0,500,500,4000,9.297600507736208
ok,ptft,10,5000,0.10800000000000001,540,0.10800000000000001,10000,0.001,0.0,10.0,0.1,1.0,0.1,0.0,unit_total_var,,0.5,5000000,5000,50000,True,0.0001,,0.0,0.0,1.0,2000,train_pred_mse,5000,0.952013847715875,0.9358876313671376,7.298904819758196e-17,4.18798581595941,1346.2644629997415,23.95141448375351,1.0,0.0,0.0,0,500,500,4000,18.77373480796814
ok,ptft,11,5000,0.10800000000000001,540,0.10800000000000001,10000,0.001,0.0,10.0,0.1,1.0,0.1,0.0,unit_total_var,,0.5,5000000,5000,50000,True,0.0001,,0.0,0.0,1.0,2000,train_pred_mse,5000,1.021841507373673,1.008434090178979,6.170705013102881e-17,4.1672617674838595,1345.5175290614275,24.055662767684964,1.0,0.0,0.0,0,500,500,4000,14.907525539398193
ok,ptft,12,5000,0.10800000000000001,540,0.10800000000000001,10000,0.001,0.0,10.0,0.1,1.0,0.1,0.0,unit_total_var,,0.5,5000000,5000,50000,True,0.0001,,0.0,0.0,1.0,2000,train_pred_mse,5000,0.8404266565624843,0.8373228730030403,6.752735207821074e-17,4.191289742509599,1244.214346320553,22.24177382777783,1.0,0.0,0.0,0,500,500,4000,12.29365086555481
ok,ptft,13,5000,0.10800000000000001,540,0.10800000000000001,10000,0.001,0.0,10.0,0.1,1.0,0.1,0.0,unit_total_var,,0.5,5000000,5000,50000,True,0.0001,,0.0,0.0,1.0,2000,train_pred_mse,5000,0.938958657520786,0.9383715901907059,7.138642490401633e-17,4.194586023285651,1322.5109111749173,23.723477867214328,1.0,0.0,0.0,0,500,500,4000,12.895261526107788
ok,ptft,14,5000,0.10800000000000001,540,0.10800000000000001,10000,0.001,0.0,10.0,0.1,1.0,0.1,0.0,unit_total_var,,0.5,5000000,5000,50000,True,0.0001,,0.0,0.0,1.0,2000,train_pred_mse,5000,0.997956025488352,0.9904346447983292,6.55190183623697e-17,4.15116516979212,1371.2732838710922,24.42665126402885,1.0,0.0,0.0,0,500,500,4000,20.555889129638672
ok,ptft,15,5000,0.10800000000000001,540,0.10800000000000001,10000,0.001,0.0,10.0,0.1,1.0,0.1,0.0,unit_total_var,,0.5,5000000,5000,50000,True,0.0001,,0.0,0.0,1.0,2000,train_pred_mse,5000,0.8944232829734338,0.9133619277874202,6.429327852770326e-17,4.351143247353506,1352.763453331873,24.3189394030062,1.0,0.0,0.0,0,500,500,4000,12.008526086807251
ok,ptft,16,5000,0.10800000000000001,540,0.10800000000000001,10000,0.001,0.0,10.0,0.1,1.0,0.1,0.0,unit_total_var,,0.5,5000000,5000,50000,True,0.0001,,0.0,0.0,1.0,2000,train_pred_mse,5000,0.8578321539745648,0.8551902189949786,7.103105014542451e-17,4.052942319496445,1213.7782189832155,21.736477808724732,1.0,0.0,0.0,0,500,500,4000,15.922160387039185
ok,ptft,17,5000,0.10800000000000001,540,0.10800000000000001,10000,0.001,0.0,10.0,0.1,1.0,0.1,0.0,unit_total_var,,0.5,5000000,5000,50000,True,0.0001,,0.0,0.0,1.0,2000,train_pred_mse,5000,0.8665820352113213,0.8474344652013186,6.880373450409633e-17,4.228085686914839,1323.5684832470038,23.679836438524045,1.0,0.0,0.0,0,500,500,4000,14.98645830154419
ok,ptft,18,5000,0.10800000000000001,540,0.10800000000000001,10000,0.001,0.0,10.0,0.1,1.0,0.1,0.0,unit_total_var,,0.5,5000000,5000,50000,True,0.0001,,0.0,0.0,1.0,2000,train_pred_mse,5000,0.8163552099283828,0.8131279715103509,6.791461962012006e-17,4.203658738035529,1289.9952093440559,23.118211062672962,1.0,0.0,0.0,0,500,500,4000,14.449515342712402
ok,ptft,19,5000,0.10800000000000001,540,0.10800000000000001,10000,0.001,0.0,10.0,0.1,1.0,0.1,0.0,unit_total_var,,0.5,5000000,5000,50000,True,0.0001,,0.0,0.0,1.0,2000,train_pred_mse,5000,0.861552331881534,0.885355948134088,7.095650394520294e-17,4.2258346416373165,1286.303290916923,22.865190740071483,1.0,0.0,0.0,0,500,500,4000,11.949814319610596
ok,ptft,6,5000,0.10800000000000001,540,0.10800000000000001,10000,0.001,0.0,10.0,0.1,1.0,0.1,0.0,unit_total_var,,0.5,5000000,5000,50000,True,0.0001,,0.0,0.0,1.0,2000,train_pred_mse,5000,0.8702578975872184,0.8740478886004639,6.693912030447177e-17,4.06912584331115,1311.3154105946244,23.669784532762947,1.0,0.0,0.0,0,500,500,4000,12.444986820220947
ok,ptft,7,5000,0.10800000000000001,540,0.10800000000000001,10000,0.001,0.0,10.0,0.1,1.0,0.1,0.0,unit_total_var,,0.5,5000000,5000,50000,True,0.0001,,0.0,0.0,1.0,2000,train_pred_mse,5000,0.9008627845144109,0.9015200966788104,6.828734725470875e-17,4.229005927020377,1317.0078728747803,23.577881959410767,1.0,0.0,0.0,0,500,500,4000,15.058809995651245
ok,ptft,8,5000,0.10800000000000001,540,0.10800000000000001,10000,0.001,0.0,10.0,0.1,1.0,0.1,0.0,unit_total_var,,0.5,5000000,5000,50000,True,0.0001,,0.0,0.0,1.0,2000,train_pred_mse,5000,0.9418799365383348,0.9315246969457328,6.842835543571835e-17,4.272052864627819,1391.1734033764642,24.861849953506628,1.0,0.0,0.0,0,500,500,4000,12.691856861114502
ok,ptft,9,5000,0.10800000000000001,540,0.10800000000000001,10000,0.001,0.0,10.0,0.1,1.0,0.1,0.0,unit_total_var,,0.5,5000000,5000,50000,True,0.0001,,0.0,0.0,1.0,2000,train_pred_mse,5000,0.8628748223852352,0.8508316689757652,5.9317928161134e-17,4.2372698671949705,1333.943246462913,23.813441954066978,1.0,0.0,0.0,0,500,500,4000,10.522063016891481
ok,ptft,10,5000,0.15700000000000006,785,0.157,10000,0.001,0.0,10.0,0.1,1.0,0.1,0.0,unit_total_var,,0.5,5000000,5000,50000,True,0.0001,,0.0,0.0,1.0,2000,train_pred_mse,5000,0.90769545997396,0.8919784448144965,6.543469429974439e-17,6.428857033309653,1567.1908649018355,28.176632064428066,1.0,0.0,0.0,0,500,500,4000,28.012949466705322
ok,ptft,11,5000,0.15700000000000006,785,0.157,10000,0.001,0.0,10.0,0.1,1.0,0.1,0.0,unit_total_var,,0.5,5000000,5000,50000,True,0.0001,,0.0,0.0,1.0,2000,train_pred_mse,5000,0.9540432682334248,0.947078179705638,6.5806559498844e-17,6.247126468075918,1655.1666446492625,29.77690828867428,1.0,0.0,0.0,0,500,500,4000,18.4304883480072
ok,ptft,12,5000,0.15700000000000006,785,0.157,10000,0.001,0.0,10.0,0.1,1.0,0.1,0.0,unit_total_var,,0.5,5000000,5000,50000,True,0.0001,,0.0,0.0,1.0,2000,train_pred_mse,5000,0.7919213850846425,0.7834279963606967,7.036698423809828e-17,6.31397652908434,1529.626139474593,27.652117546995783,1.0,0.0,0.0,0,500,500,4000,16.400374412536618
ok,ptft,13,5000,0.15700000000000006,785,0.157,10000,0.001,0.0,10.0,0.1,1.0,0.1,0.0,unit_total_var,,0.5,5000000,5000,50000,True,0.0001,,0.0,0.0,1.0,2000,train_pred_mse,5000,0.8752710057783119,0.8881122332628807,7.54618149184419e-17,6.4002242826876685,1575.5307429459226,28.55132420063242,1.0,0.0,0.0,0,500,500,4000,20.551329851150516
ok,ptft,14,5000,0.15700000000000006,785,0.157,10000,0.001,0.0,10.0,0.1,1.0,0.1,0.0,unit_total_var,,0.5,5000000,5000,50000,True,0.0001,,0.0,0.0,1.0,2000,train_pred_mse,5000,0.9597671590285508,0.9477045042586124,7.095032883061742e-17,6.5046421489585455,1578.6656897657724,28.47586751394547,1.0,0.0,0.0,0,500,500,4000,35.50160121917725
ok,ptft,15,5000,0.15700000000000006,785,0.157,10000,0.001,0.0,10.0,0.1,1.0,0.1,0.0,unit_total_var,,0.5,5000000,5000,50000,True,0.0001,,0.0,0.0,1.0,2000,train_pred_mse,5000,0.8560905633511006,0.8691935454536449,6.728175745138552e-17,6.2163556071934725,1588.5084076069713,28.51355704257947,1.0,0.0,0.0,0,500,500,4000,16.800151348114017
ok,ptft,16,5000,0.15700000000000006,785,0.157,10000,0.001,0.0,10.0,0.1,1.0,0.1,0.0,unit_total_var,,0.5,5000000,5000,50000,True,0.0001,,0.0,0.0,1.0,2000,train_pred_mse,5000,0.8210365037523104,0.8079975594913756,7.395092449829307e-17,6.584626853388847,1474.665387735601,26.63276659631237,1.0,0.0,0.0,0,500,500,4000,27.7606520652771
ok,ptft,17,5000,0.15700000000000006,785,0.157,10000,0.001,0.0,10.0,0.1,1.0,0.1,0.0,unit_total_var,,0.5,5000000,5000,50000,True,0.0001,,0.0,0.0,1.0,2000,train_pred_mse,5000,0.8342754588131873,0.8087941474535991,7.17230899435778e-17,6.5045154419829325,1514.9593186839359,27.474080937080803,1.0,0.0,0.0,0,500,500,4000,22.59863805770874
ok,ptft,18,5000,0.15700000000000006,785,0.157,10000,0.001,0.0,10.0,0.1,1.0,0.1,0.0,unit_total_var,,0.5,5000000,5000,50000,True,0.0001,,0.0,0.0,1.0,2000,train_pred_mse,5000,0.7733576937327233,0.7667291026748735,6.859591689969501e-17,6.066199614948204,1542.289296494991,27.69799358784195,0.9998,0.0,0.0,0,500,500,4000,23.731627464294434
ok,ptft,19,5000,0.15700000000000006,785,0.157,10000,0.001,0.0,10.0,0.1,1.0,0.1,0.0,unit_total_var,,0.5,5000000,5000,50000,True,0.0001,,0.0,0.0,1.0,2000,train_pred_mse,5000,0.8272423796581404,0.8385183254319574,7.388451395527447e-17,6.538136570780012,1524.8999352170413,27.526788664328667,1.0,0.0,0.0,0,500,500,4000,25.995229721069336
ok,ptft,6,5000,0.15700000000000006,785,0.157,10000,0.001,0.0,10.0,0.1,1.0,0.1,0.0,unit_total_var,,0.5,5000000,5000,50000,True,0.0001,,0.0,0.0,1.0,2000,train_pred_mse,5000,0.8331565982738566,0.8391031122542614,7.150778599108257e-17,6.48875504062844,1509.1261150499524,27.118663718806943,1.0,0.0,0.0,0,500,500,4000,15.519399166107178
ok,ptft,7,5000,0.15700000000000006,785,0.157,10000,0.001,0.0,10.0,0.1,1.0,0.1,0.0,unit_total_var,,0.5,5000000,5000,50000,True,0.0001,,0.0,0.0,1.0,2000,train_pred_mse,5000,0.8475190424178992,0.8496488351335835,7.227798515038236e-17,6.276348812270515,1588.3485837894073,28.57500623949739,1.0,0.0,0.0,0,500,500,4000,25.341590404510498
ok,ptft,8,5000,0.15700000000000006,785,0.157,10000,0.001,0.0,10.0,0.1,1.0,0.1,0.0,unit_total_var,,0.5,5000000,5000,50000,True,0.0001,,0.0,0.0,1.0,2000,train_pred_mse,5000,0.8901070834616139,0.8875321961776353,7.187045378922447e-17,6.318356989397035,1611.0602805200442,28.962822790021054,1.0,0.0,0.0,0,500,500,4000,24.01550650596619
ok,ptft,9,5000,0.15700000000000006,785,0.157,10000,0.001,0.0,10.0,0.1,1.0,0.1,0.0,unit_total_var,,0.5,5000000,5000,50000,True,0.0001,,0.0,0.0,1.0,2000,train_pred_mse,5000,0.8209773834321752,0.8108534962046666,7.682337557743839e-17,6.498619268833412,1526.7126035410065,27.703073572116164,1.0,0.0,0.0,0,500,500,4000,18.67864489555359
ok,ptft,10,5000,0.206,1030,0.20600000000000002,10000,0.001,0.0,10.0,0.1,1.0,0.1,0.0,unit_total_var,,0.5,5000000,5000,50000,True,0.0001,,0.0,0.0,1.0,2000,train_pred_mse,5000,0.8389312942347337,0.831762330198254,8.166674351416155e-17,8.71482381877692,1802.5266327594445,33.101658183262856,1.0,0.0,0.0,0,500,500,4000,35.9193902015686
ok,ptft,11,5000,0.206,1030,0.20600000000000002,10000,0.001,0.0,10.0,0.1,1.0,0.1,0.0,unit_total_var,,0.5,5000000,5000,50000,True,0.0001,,0.0,0.0,1.0,2000,train_pred_mse,5000,0.904174965567906,0.8901140444348371,8.018197722124804e-17,8.01742709140664,1861.7090444430387,34.2305061577894,1.0,0.0,0.0,0,500,500,4000,30.38626980781555
ok,ptft,12,5000,0.206,1030,0.20600000000000002,10000,0.001,0.0,10.0,0.1,1.0,0.1,0.0,unit_total_var,,0.5,5000000,5000,50000,True,0.0001,,0.0,0.0,1.0,2000,train_pred_mse,5000,0.7393049242053068,0.7402329012703589,9.150971096533428e-17,8.098097714888889,1724.4486461147021,31.323157786840163,1.0,0.0,0.0,0,500,500,4000,31.046955585479736
ok,ptft,13,5000,0.206,1030,0.20600000000000002,10000,0.001,0.0,10.0,0.1,1.0,0.1,0.0,unit_total_var,,0.5,5000000,5000,50000,True,0.0001,,0.0,0.0,1.0,2000,train_pred_mse,5000,0.8145126017350289,0.821933225832292,8.046948296912817e-17,8.292807630287689,1857.7548169416525,33.85747578492232,1.0,0.0,0.0,0,500,500,4000,23.285351991653442
ok,ptft,14,5000,0.206,1030,0.20600000000000002,10000,0.001,0.0,10.0,0.1,1.0,0.1,0.0,unit_total_var,,0.5,5000000,5000,50000,True,0.0001,,0.0,0.0,1.0,2000,train_pred_mse,5000,0.8868388566804982,0.8823331843368664,8.466739521049702e-17,8.085380592821899,1840.591921444679,33.74632693974587,1.0,0.0,0.0,0,500,500,4000,21.294997453689575
ok,ptft,15,5000,0.206,1030,0.20600000000000002,10000,0.001,0.0,10.0,0.1,1.0,0.1,0.0,unit_total_var,,0.5,5000000,5000,50000,True,0.0001,,0.0,0.0,1.0,2000,train_pred_mse,5000,0.8229732461678688,0.8188077371591956,8.191378377926034e-17,8.601414663798417,1797.637150313521,32.64111356229579,1.0,0.0,0.0,0,500,500,4000,20.872488975524906
ok,ptft,16,5000,0.206,1030,0.20600000000000002,10000,0.001,0.0,10.0,0.1,1.0,0.1,0.0,unit_total_var,,0.5,5000000,5000,50000,True,0.0001,,0.0,0.0,1.0,2000,train_pred_mse,5000,0.7562526840441677,0.7561472894317184,8.781726353455028e-17,8.253966570327718,1708.9903726834293,31.127034097207126,1.0,0.0,0.0,0,500,500,4000,31.51466727256775
ok,ptft,17,5000,0.206,1030,0.20600000000000002,10000,0.001,0.0,10.0,0.1,1.0,0.1,0.0,unit_total_var,,0.5,5000000,5000,50000,True,0.0001,,0.0,0.0,1.0,2000,train_pred_mse,5000,0.7764751941901131,0.7709208037874088,9.547500664989142e-17,8.47188712945755,1688.5589551849564,30.738922311004874,1.0,0.0,0.0,0,500,500,4000,31.57682490348816
ok,ptft,18,5000,0.206,1030,0.20600000000000002,10000,0.001,0.0,10.0,0.1,1.0,0.1,0.0,unit_total_var,,0.5,5000000,5000,50000,True,0.0001,,0.0,0.0,1.0,2000,train_pred_mse,5000,0.7299304663308424,0.7324336304686618,9.593118152069935e-17,8.487979733011544,1682.8187206963055,30.646003149203906,1.0,0.0,0.0,0,500,500,4000,32.60635256767273
ok,ptft,19,5000,0.206,1030,0.20600000000000002,10000,0.001,0.0,10.0,0.1,1.0,0.1,0.0,unit_total_var,,0.5,5000000,5000,50000,True,0.0001,,0.0,0.0,1.0,2000,train_pred_mse,5000,0.7804814288886004,0.7919014421552011,9.347146916144028e-17,8.798059948935578,1714.5429100787,31.48809310621849,1.0,0.0,0.0,0,500,500,4000,29.497387409210205
ok,ptft,6,5000,0.206,1030,0.20600000000000002,10000,0.001,0.0,10.0,0.1,1.0,0.1,0.0,unit_total_var,,0.5,5000000,5000,50000,True,0.0001,,0.0,0.0,1.0,2000,train_pred_mse,5000,0.7840550569766027,0.7770936145057582,8.500423766127062e-17,8.653214203244023,1776.7402840660932,32.34794331020206,1.0,0.0,0.0,0,500,500,4000,25.59809875488281
ok,ptft,7,5000,0.206,1030,0.20600000000000002,10000,0.001,0.0,10.0,0.1,1.0,0.1,0.0,unit_total_var,,0.5,5000000,5000,50000,True,0.0001,,0.0,0.0,1.0,2000,train_pred_mse,5000,0.8079382042119856,0.8141799962906583,9.37698044925205e-17,8.593595854973803,1736.2492629305905,31.52784703999709,1.0,0.0,0.0,0,500,500,4000,31.028679609298703
ok,ptft,8,5000,0.206,1030,0.20600000000000002,10000,0.001,0.0,10.0,0.1,1.0,0.1,0.0,unit_total_var,,0.5,5000000,5000,50000,True,0.0001,,0.0,0.0,1.0,2000,train_pred_mse,5000,0.8304196393892224,0.8234234601226883,8.735037496157238e-17,8.542268456252044,1870.6691471440067,34.0606421061972,1.0,0.0,0.0,0,500,500,4000,30.003225564956665
ok,ptft,9,5000,0.206,1030,0.20600000000000002,10000,0.001,0.0,10.0,0.1,1.0,0.1,0.0,unit_total_var,,0.5,5000000,5000,50000,True,0.0001,,0.0,0.0,1.0,2000,train_pred_mse,5000,0.7634256713033357,0.7680979941553109,9.229346598612177e-17,8.120339244946248,1716.5692993906102,31.339107374786447,1.0,0.0,0.0,0,500,500,4000,52.20211839675903
ok,ptft,10,5000,0.255,1275,0.255,10000,0.001,0.0,10.0,0.1,1.0,0.1,0.0,unit_total_var,,0.5,5000000,5000,50000,True,0.0001,,0.0,0.0,1.0,2000,train_pred_mse,5000,0.7770951827959584,0.7672972384033513,1.1081802640604407e-16,10.386148061195346,2009.4182637380766,37.66620823485598,1.0,0.0,0.0,0,500,500,4000,42.56110835075378
ok,ptft,11,5000,0.255,1275,0.255,10000,0.001,0.0,10.0,0.1,1.0,0.1,0.0,unit_total_var,,0.5,5000000,5000,50000,True,0.0001,,0.0,0.0,1.0,2000,train_pred_mse,5000,0.8097277709688354,0.8230971058206851,1.0699182481544251e-16,10.19809462107602,2085.0636537036607,38.83273526722032,1.0,0.0,0.0,0,500,500,4000,38.377316474914544
ok,ptft,12,5000,0.255,1275,0.255,10000,0.001,0.0,10.0,0.1,1.0,0.1,0.0,unit_total_var,,0.5,5000000,5000,50000,True,0.0001,,0.0,0.0,1.0,2000,train_pred_mse,5000,0.6989960835686873,0.6914319148527371,1.1403550970975026e-16,10.472152748534107,1884.9057929814985,35.01065422565575,1.0,0.0,0.0,0,500,500,4000,40.882608890533454
ok,ptft,13,5000,0.255,1275,0.255,10000,0.001,0.0,10.0,0.1,1.0,0.1,0.0,unit_total_var,,0.5,5000000,5000,50000,True,0.0001,,0.0,0.0,1.0,2000,train_pred_mse,5000,0.7484526244658689,0.7689941528505286,1.0904590706174697e-16,10.096243739238624,2029.254310279622,37.576502741427696,1.0,0.0,0.0,0,500,500,4000,36.36194849014282
ok,ptft,14,5000,0.255,1275,0.255,10000,0.001,0.0,10.0,0.1,1.0,0.1,0.0,unit_total_var,,0.5,5000000,5000,50000,True,0.0001,,0.0,0.0,1.0,2000,train_pred_mse,5000,0.8256670837679321,0.8172672759335609,1.0201031498250324e-16,10.340423011000594,2073.888823176621,38.267598821684274,1.0,0.0,0.0,0,500,500,4000,37.737120866775506
ok,ptft,15,5000,0.255,1275,0.255,10000,0.001,0.0,10.0,0.1,1.0,0.1,0.0,unit_total_var,,0.5,5000000,5000,50000,True,0.0001,,0.0,0.0,1.0,2000,train_pred_mse,5000,0.7762445066354478,0.7759264225397906,1.1132536904247328e-16,10.575513262263927,1936.6553971912606,35.77968280786641,1.0,0.0,0.0,0,500,500,4000,48.17404866218567
ok,ptft,16,5000,0.255,1275,0.255,10000,0.001,0.0,10.0,0.1,1.0,0.1,0.0,unit_total_var,,0.5,5000000,5000,50000,True,0.0001,,0.0,0.0,1.0,2000,train_pred_mse,5000,0.7246642104808804,0.7121327111187453,1.1066495220902092e-16,10.17447225129006,1871.0541202180655,34.49199258210722,1.0,0.0,0.0,0,500,500,4000,37.09088897705078
ok,ptft,17,5000,0.255,1275,0.255,10000,0.001,0.0,10.0,0.1,1.0,0.1,0.0,unit_total_var,,0.5,5000000,5000,50000,True,0.0001,,0.0,0.0,1.0,2000,train_pred_mse,5000,0.7242422422108562,0.7167685105569803,1.1365008968564903e-16,10.728676173899274,1898.6902730184086,34.871626417939574,1.0,0.0,0.0,0,500,500,4000,33.33668255805969
ok,ptft,18,5000,0.255,1275,0.255,10000,0.001,0.0,10.0,0.1,1.0,0.1,0.0,unit_total_var,,0.5,5000000,5000,50000,True,0.0001,,0.0,0.0,1.0,2000,train_pred_mse,5000,0.6871174173504161,0.6865030144827866,1.1792348551216184e-16,10.686718033274534,1848.8479071327768,34.194933351144535,1.0,0.0,0.0,0,500,500,4000,41.55525588989258
ok,ptft,19,5000,0.255,1275,0.255,10000,0.001,0.0,10.0,0.1,1.0,0.1,0.0,unit_total_var,,0.5,5000000,5000,50000,True,0.0001,,0.0,0.0,1.0,2000,train_pred_mse,5000,0.7326132985889041,0.7406348095970838,1.1699044363125082e-16,10.58092816530431,1910.5824798983608,35.32879164925519,1.0,0.0,0.0,0,500,500,4000,36.880988597869866
ok,ptft,6,5000,0.255,1275,0.255,10000,0.001,0.0,10.0,0.1,1.0,0.1,0.0,unit_total_var,,0.5,5000000,5000,50000,True,0.0001,,0.0,0.0,1.0,2000,train_pred_mse,5000,0.7223019536830211,0.724800016689317,1.1701312491609992e-16,10.23450279827012,1948.4785192815493,36.16711214540565,1.0,0.0,0.0,0,500,500,4000,32.34438347816467
ok,ptft,7,5000,0.255,1275,0.255,10000,0.001,0.0,10.0,0.1,1.0,0.1,0.0,unit_total_var,,0.5,5000000,5000,50000,True,0.0001,,0.0,0.0,1.0,2000,train_pred_mse,5000,0.7683104201135146,0.7686082938821468,1.171707630618767e-16,10.397016238920669,1893.5245942389106,34.95926816596204,1.0,0.0,0.0,0,500,500,4000,41.2702522277832
ok,ptft,8,5000,0.255,1275,0.255,10000,0.001,0.0,10.0,0.1,1.0,0.1,0.0,unit_total_var,,0.5,5000000,5000,50000,True,0.0001,,0.0,0.0,1.0,2000,train_pred_mse,5000,0.7964062061486264,0.7942045876626805,1.059914166320822e-16,10.501366961943784,1967.7375659469026,36.146257852525636,1.0,0.0,0.0,0,500,500,4000,29.845628261566162
ok,ptft,9,5000,0.255,1275,0.255,10000,0.001,0.0,10.0,0.1,1.0,0.1,0.0,unit_total_var,,0.5,5000000,5000,50000,True,0.0001,,0.0,0.0,1.0,2000,train_pred_mse,5000,0.7348185412395979,0.7205217334857984,1.1094972295304535e-16,10.713847415594527,1884.5958345010126,34.93093749822317,1.0,0.0,0.0,0,500,500,4000,34.886075258255005
ok,ptft,10,5000,0.30400000000000005,1520,0.304,10000,0.001,0.0,10.0,0.1,1.0,0.1,0.0,unit_total_var,,0.5,5000000,5000,50000,True,0.0001,,0.0,0.0,1.0,2000,train_pred_mse,5000,0.7682301040935826,0.7408914392070943,1.4544769143911863e-16,12.23765515212034,2099.6224207647615,39.38022900592215,1.0,0.0,0.0,0,500,500,4000,47.884677171707146
ok,ptft,11,5000,0.30400000000000005,1520,0.304,10000,0.001,0.0,10.0,0.1,1.0,0.1,0.0,unit_total_var,,0.5,5000000,5000,50000,True,0.0001,,0.0,0.0,1.0,2000,train_pred_mse,5000,0.8012222550890068,0.7967086616155513,1.4102168051447888e-16,12.312582050480636,2166.260211230968,40.499272088446105,1.0,0.0,0.0,0,500,500,4000,38.91770792007446
ok,ptft,12,5000,0.30400000000000005,1520,0.304,10000,0.001,0.0,10.0,0.1,1.0,0.1,0.0,unit_total_var,,0.5,5000000,5000,50000,True,0.0001,,0.0,0.0,1.0,2000,train_pred_mse,5000,0.6580000051337602,0.6552321458119039,1.5228960971398386e-16,12.73232976898329,1998.3108975810446,37.50696440553517,1.0,0.0,0.0,0,500,500,4000,45.34688115119934
ok,ptft,13,5000,0.30400000000000005,1520,0.304,10000,0.001,0.0,10.0,0.1,1.0,0.1,0.0,unit_total_var,,0.5,5000000,5000,50000,True,0.0001,,0.0,0.0,1.0,2000,train_pred_mse,5000,0.7154501375232672,0.7356086574714928,1.3251528256692508e-16,11.96793599157992,2108.444276401538,39.73483290583205,1.0,0.0,0.0,0,500,500,4000,54.2447681427002
ok,ptft,14,5000,0.30400000000000005,1520,0.304,10000,0.001,0.0,10.0,0.1,1.0,0.1,0.0,unit_total_var,,0.5,5000000,5000,50000,True,0.0001,,0.0,0.0,1.0,2000,train_pred_mse,5000,0.8032438603761755,0.7874515618234484,1.3468512739152627e-16,12.670356592352645,2157.6870116779032,40.172159162564284,1.0,0.0,0.0,0,500,500,4000,52.53256821632385
ok,ptft,15,5000,0.30400000000000005,1520,0.304,10000,0.001,0.0,10.0,0.1,1.0,0.1,0.0,unit_total_var,,0.5,5000000,5000,50000,True,0.0001,,0.0,0.0,1.0,2000,train_pred_mse,5000,0.6961768891521664,0.7098243124823729,1.422935462659033e-16,12.60300103308222,2132.985611059942,40.1372383293422,1.0,0.0,0.0,0,500,500,4000,41.735905408859246
ok,ptft,16,5000,0.30400000000000005,1520,0.304,10000,0.001,0.0,10.0,0.1,1.0,0.1,0.0,unit_total_var,,0.5,5000000,5000,50000,True,0.0001,,0.0,0.0,1.0,2000,train_pred_mse,5000,0.6754466754235726,0.6706135807499074,1.519067103493533e-16,12.460881747424205,1994.890030769493,37.38089464666105,1.0,0.0,0.0,0,500,500,4000,44.419493675231934
ok,ptft,17,5000,0.30400000000000005,1520,0.304,10000,0.001,0.0,10.0,0.1,1.0,0.1,0.0,unit_total_var,,0.5,5000000,5000,50000,True,0.0001,,0.0,0.0,1.0,2000,train_pred_mse,5000,0.6748733041452272,0.6624500205839431,1.4269926454304166e-16,12.548920311461638,2050.0331333618633,38.5737645332957,1.0,0.0,0.0,0,500,500,4000,51.41127610206604
ok,ptft,18,5000,0.30400000000000005,1520,0.304,10000,0.001,0.0,10.0,0.1,1.0,0.1,0.0,unit_total_var,,0.5,5000000,5000,50000,True,0.0001,,0.0,0.0,1.0,2000,train_pred_mse,5000,0.624359779446288,0.6282912496173794,1.4288503711763239e-16,12.318590394056285,2041.1812346766017,38.21874067732129,1.0,0.0,0.0,0,500,500,4000,52.73766613006592
ok,ptft,19,5000,0.30400000000000005,1520,0.304,10000,0.001,0.0,10.0,0.1,1.0,0.1,0.0,unit_total_var,,0.5,5000000,5000,50000,True,0.0001,,0.0,0.0,1.0,2000,train_pred_mse,5000,0.6784246353428017,0.6968470690347192,1.3751273578020788e-16,12.53358656934706,2052.305864337143,38.30999127085504,1.0,0.0,0.0,0,500,500,4000,38.393746614456184
ok,ptft,6,5000,0.30400000000000005,1520,0.304,10000,0.001,0.0,10.0,0.1,1.0,0.1,0.0,unit_total_var,,0.5,5000000,5000,50000,True,0.0001,,0.0,0.0,1.0,2000,train_pred_mse,5000,0.6903170979567048,0.6818159379291763,1.4043718182249782e-16,12.126822685800393,2080.828749063742,39.03342699531682,1.0,0.0,0.0,0,500,500,4000,55.63499069213867
ok,ptft,7,5000,0.30400000000000005,1520,0.304,10000,0.001,0.0,10.0,0.1,1.0,0.1,0.0,unit_total_var,,0.5,5000000,5000,50000,True,0.0001,,0.0,0.0,1.0,2000,train_pred_mse,5000,0.7087267164695062,0.7109407693477638,1.3800800586768296e-16,12.44435489613199,2081.929296305574,38.872356101363,1.0,0.0,0.0,0,500,500,4000,44.85027766227722
ok,ptft,8,5000,0.30400000000000005,1520,0.304,10000,0.001,0.0,10.0,0.1,1.0,0.1,0.0,unit_total_var,,0.5,5000000,5000,50000,True,0.0001,,0.0,0.0,1.0,2000,train_pred_mse,5000,0.7526467147956246,0.7417001229479477,1.3785693930967102e-16,12.490000986494836,2108.6454133445473,39.6141786411781,1.0,0.0,0.0,0,500,500,4000,44.95011878013611
ok,ptft,9,5000,0.30400000000000005,1520,0.304,10000,0.001,0.0,10.0,0.1,1.0,0.1,0.0,unit_total_var,,0.5,5000000,5000,50000,True,0.0001,,0.0,0.0,1.0,2000,train_pred_mse,5000,0.6978887911531889,0.671668480229329,1.5064169785318462e-16,12.482461068209744,2034.5446929661746,38.277675565637004,1.0,0.0,0.0,0,500,500,4000,36.46331095695496
ok,ptft,10,5000,0.35300000000000004,1765,0.353,10000,0.001,0.0,10.0,0.1,1.0,0.1,0.0,unit_total_var,,0.5,5000000,5000,50000,True,0.0001,,0.0,0.0,1.0,2000,train_pred_mse,5000,0.7214713554877248,0.6907894132770298,1.8881078693014435e-16,14.607639491967852,2233.6809162341706,42.43904636036211,1.0,0.0,0.0,0,500,500,4000,63.70803713798523
ok,ptft,11,5000,0.35300000000000004,1765,0.353,10000,0.001,0.0,10.0,0.1,1.0,0.1,0.0,unit_total_var,,0.5,5000000,5000,50000,True,0.0001,,0.0,0.0,1.0,2000,train_pred_mse,5000,0.7183260546996707,0.7305821005873033,1.8125833748428923e-16,14.511527911294758,2328.674955780793,44.3912900994487,1.0,0.0,0.0,0,500,500,4000,58.135430812835686
ok,ptft,12,5000,0.35300000000000004,1765,0.353,10000,0.001,0.0,10.0,0.1,1.0,0.1,0.0,unit_total_var,,0.5,5000000,5000,50000,True,0.0001,,0.0,0.0,1.0,2000,train_pred_mse,5000,0.5976469319790094,0.6023562755831791,1.8496921263883927e-16,13.667667486700337,2146.9854666270244,40.88483858742815,1.0,0.0,0.0,0,500,500,4000,51.229348421096795
ok,ptft,13,5000,0.35300000000000004,1765,0.353,10000,0.001,0.0,10.0,0.1,1.0,0.1,0.0,unit_total_var,,0.5,5000000,5000,50000,True,0.0001,,0.0,0.0,1.0,2000,train_pred_mse,5000,0.6591732899501578,0.6633969889484878,1.7401681617213203e-16,14.1057825420675,2312.9900718754448,44.04657556000304,1.0,0.0,0.0,0,500,500,4000,54.37160682678223
ok,ptft,14,5000,0.35300000000000004,1765,0.353,10000,0.001,0.0,10.0,0.1,1.0,0.1,0.0,unit_total_var,,0.5,5000000,5000,50000,True,0.0001,,0.0,0.0,1.0,2000,train_pred_mse,5000,0.7138307602248251,0.7232576694669295,1.774929147366251e-16,14.59468673916961,2313.769188299404,43.98253119518486,1.0,0.0,0.0,0,500,500,4000,54.604721307754524
ok,ptft,15,5000,0.35300000000000004,1765,0.353,10000,0.001,0.0,10.0,0.1,1.0,0.1,0.0,unit_total_var,,0.5,5000000,5000,50000,True,0.0001,,0.0,0.0,1.0,2000,train_pred_mse,5000,0.6479569980671648,0.6467803406739837,1.7810124452649511e-16,14.670616477369856,2290.703613355105,43.88994050797247,1.0,0.0,0.0,0,500,500,4000,44.02614760398865
ok,ptft,16,5000,0.35300000000000004,1765,0.353,10000,0.001,0.0,10.0,0.1,1.0,0.1,0.0,unit_total_var,,0.5,5000000,5000,50000,True,0.0001,,0.0,0.0,1.0,2000,train_pred_mse,5000,0.6085507797624761,0.6050500789607397,1.8398872408754847e-16,13.923314621528874,2181.3938755416625,41.538590788306365,1.0,0.0,0.0,0,500,500,4000,52.27470278739929
ok,ptft,17,5000,0.35300000000000004,1765,0.353,10000,0.001,0.0,10.0,0.1,1.0,0.1,0.0,unit_total_var,,0.5,5000000,5000,50000,True,0.0001,,0.0,0.0,1.0,2000,train_pred_mse,5000,0.6181380398128169,0.6037227144828909,1.8480568706434836e-16,14.237421630019718,2197.902905512145,42.211171363709845,1.0,0.0,0.0,0,500,500,4000,58.63645434379578
ok,ptft,18,5000,0.35300000000000004,1765,0.353,10000,0.001,0.0,10.0,0.1,1.0,0.1,0.0,unit_total_var,,0.5,5000000,5000,50000,True,0.0001,,0.0,0.0,1.0,2000,train_pred_mse,5000,0.5981518287337735,0.5909336306113806,1.902129132047661e-16,13.979287084945517,2123.178863704822,40.58509132432988,1.0,0.0,0.0,0,500,500,4000,56.92316484451294
ok,ptft,19,5000,0.35300000000000004,1765,0.353,10000,0.001,0.0,10.0,0.1,1.0,0.1,0.0,unit_total_var,,0.5,5000000,5000,50000,True,0.0001,,0.0,0.0,1.0,2000,train_pred_mse,5000,0.6450783312278109,0.6491487040469603,1.8996009100941134e-16,14.276563785983562,2177.7205987993284,41.30341632469729,1.0,0.0,0.0,0,500,500,4000,52.55804610252381
ok,ptft,6,5000,0.35300000000000004,1765,0.353,10000,0.001,0.0,10.0,0.1,1.0,0.1,0.0,unit_total_var,,0.5,5000000,5000,50000,True,0.0001,,0.0,0.0,1.0,2000,train_pred_mse,5000,0.6268080086681193,0.6269620280872609,1.8501803951213807e-16,13.806758543313553,2214.5985849493345,42.401205201607674,1.0,0.0,0.0,0,500,500,4000,83.05491161346436
ok,ptft,7,5000,0.35300000000000004,1765,0.353,10000,0.001,0.0,10.0,0.1,1.0,0.1,0.0,unit_total_var,,0.5,5000000,5000,50000,True,0.0001,,0.0,0.0,1.0,2000,train_pred_mse,5000,0.6444917818322727,0.6509695224898467,1.9263516838849694e-16,14.30326514479941,2225.010739990227,42.555561025780975,1.0,0.0,0.0,0,500,500,4000,50.60390329360962
ok,ptft,8,5000,0.35300000000000004,1765,0.353,10000,0.001,0.0,10.0,0.1,1.0,0.1,0.0,unit_total_var,,0.5,5000000,5000,50000,True,0.0001,,0.0,0.0,1.0,2000,train_pred_mse,5000,0.721174272038397,0.7051527718923306,1.9668347693901166e-16,14.494950970146967,2193.7727777656282,41.86213000117211,1.0,0.0,0.0,0,500,500,4000,53.34170460700989
ok,ptft,9,5000,0.35300000000000004,1765,0.353,10000,0.001,0.0,10.0,0.1,1.0,0.1,0.0,unit_total_var,,0.5,5000000,5000,50000,True,0.0001,,0.0,0.0,1.0,2000,train_pred_mse,5000,0.6293190708059696,0.6174067211859782,1.9189436957038076e-16,14.532311132231273,2164.927090629763,41.669984015962136,1.0,0.0,0.0,0,500,500,4000,56.68483090400696
ok,ptft,10,5000,0.402,2010,0.402,10000,0.001,0.0,10.0,0.1,1.0,0.1,0.0,unit_total_var,,0.5,5000000,5000,50000,True,0.0001,,0.0,0.0,1.0,2000,train_pred_mse,5000,0.6324551708699128,0.6281871543149556,3.1922312597350555e-16,16.245454213538082,2362.516668002893,45.98088457431885,1.0,0.0,0.0,0,500,500,4000,63.71202683448792
ok,ptft,11,5000,0.402,2010,0.402,10000,0.001,0.0,10.0,0.1,1.0,0.1,0.0,unit_total_var,,0.5,5000000,5000,50000,True,0.0001,,0.0,0.0,1.0,2000,train_pred_mse,5000,0.6636484333676222,0.6629682807975229,3.110953747417925e-16,15.74434530020119,2481.357972095117,48.04673056716962,1.0,0.0,0.0,0,500,500,4000,95.48013496398926
ok,ptft,12,5000,0.402,2010,0.402,10000,0.001,0.0,10.0,0.1,1.0,0.1,0.0,unit_total_var,,0.5,5000000,5000,50000,True,0.0001,,0.0,0.0,1.0,2000,train_pred_mse,5000,0.5478023896561098,0.5541710727219392,2.98117248319756e-16,16.12285209624183,2262.3882490993687,43.7333696765412,1.0,0.0,0.0,0,500,500,4000,58.20145297050476
ok,ptft,13,5000,0.402,2010,0.402,10000,0.001,0.0,10.0,0.1,1.0,0.1,0.0,unit_total_var,,0.5,5000000,5000,50000,True,0.0001,,0.0,0.0,1.0,2000,train_pred_mse,5000,0.597526321238832,0.6158217694356027,2.8445877748719503e-16,15.86112519832838,2393.121306895654,46.67037321944365,1.0,0.0,0.0,0,500,500,4000,59.100818157196045
ok,ptft,14,5000,0.402,2010,0.402,10000,0.001,0.0,10.0,0.1,1.0,0.1,0.0,unit_total_var,,0.5,5000000,5000,50000,True,0.0001,,0.0,0.0,1.0,2000,train_pred_mse,5000,0.6778784891366338,0.6677749153333836,3.10084095825312e-16,15.71214703362557,2417.1249924489875,47.039601061195974,1.0,0.0,0.0,0,500,500,4000,69.31907963752747
ok,ptft,15,5000,0.402,2010,0.402,10000,0.001,0.0,10.0,0.1,1.0,0.1,0.0,unit_total_var,,0.5,5000000,5000,50000,True,0.0001,,0.0,0.0,1.0,2000,train_pred_mse,5000,0.6092835727822943,0.6255387981992261,3.085679380318229e-16,16.030223010768573,2326.4322094648387,45.0878615430266,1.0,0.0,0.0,0,500,500,4000,49.94374871253967
ok,ptft,16,5000,0.402,2010,0.402,10000,0.001,0.0,10.0,0.1,1.0,0.1,0.0,unit_total_var,,0.5,5000000,5000,50000,True,0.0001,,0.0,0.0,1.0,2000,train_pred_mse,5000,0.5952329052532742,0.5802712327418453,2.957907189204458e-16,16.58810528937156,2224.39473102086,43.00126887764864,1.0,0.0,0.0,0,500,500,4000,61.31417441368103
ok,ptft,17,5000,0.402,2010,0.402,10000,0.001,0.0,10.0,0.1,1.0,0.1,0.0,unit_total_var,,0.5,5000000,5000,50000,True,0.0001,,0.0,0.0,1.0,2000,train_pred_mse,5000,0.5944420200196812,0.5784563819731359,3.0322217204390097e-16,16.41258752577845,2237.258069318446,43.67515287945961,1.0,0.0,0.0,0,500,500,4000,65.01669907569885
ok,ptft,18,5000,0.402,2010,0.402,10000,0.001,0.0,10.0,0.1,1.0,0.1,0.0,unit_total_var,,0.5,5000000,5000,50000,True,0.0001,,0.0,0.0,1.0,2000,train_pred_mse,5000,0.5619468158337733,0.5594926788283219,2.9062759003038435e-16,16.21848977604885,2211.9425181845622,42.478858326511606,1.0,0.0,0.0,0,500,500,4000,86.97218561172484
ok,ptft,19,5000,0.402,2010,0.402,10000,0.001,0.0,10.0,0.1,1.0,0.1,0.0,unit_total_var,,0.5,5000000,5000,50000,True,0.0001,,0.0,0.0,1.0,2000,train_pred_mse,5000,0.5986834340134722,0.6068878529936784,3.0121639122476764e-16,15.811939619637732,2255.438686332553,43.79013442835674,1.0,0.0,0.0,0,500,500,4000,76.73780941963194
ok,ptft,6,5000,0.402,2010,0.402,10000,0.001,0.0,10.0,0.1,1.0,0.1,0.0,unit_total_var,,0.5,5000000,5000,50000,True,0.0001,,0.0,0.0,1.0,2000,train_pred_mse,5000,0.6003732499476089,0.5960717930241238,3.302993960201902e-16,16.070843099928208,2284.961532138009,44.185901489246966,1.0,0.0,0.0,0,500,500,4000,55.15015816688538
ok,ptft,7,5000,0.402,2010,0.402,10000,0.001,0.0,10.0,0.1,1.0,0.1,0.0,unit_total_var,,0.5,5000000,5000,50000,True,0.0001,,0.0,0.0,1.0,2000,train_pred_mse,5000,0.6204619536759176,0.6204262088098579,2.961542670326358e-16,15.916457917827444,2297.9422153143873,44.31395808870504,1.0,0.0,0.0,0,500,500,4000,91.64300179481506
ok,ptft,8,5000,0.402,2010,0.402,10000,0.001,0.0,10.0,0.1,1.0,0.1,0.0,unit_total_var,,0.5,5000000,5000,50000,True,0.0001,,0.0,0.0,1.0,2000,train_pred_mse,5000,0.6174367874053737,0.6207104133584402,2.9486336182025217e-16,16.317051791117013,2396.821566316789,46.63777268569937,1.0,0.0,0.0,0,500,500,4000,73.8255033493042
ok,ptft,9,5000,0.402,2010,0.402,10000,0.001,0.0,10.0,0.1,1.0,0.1,0.0,unit_total_var,,0.5,5000000,5000,50000,True,0.0001,,0.0,0.0,1.0,2000,train_pred_mse,5000,0.5932234365628836,0.5779446122562394,2.9453038380782435e-16,15.992325930646524,2248.939680670842,43.9802380085794,1.0,0.0,0.0,0,500,500,4000,69.54669785499573
ok,ptft,10,5000,0.451,2255,0.451,10000,0.001,0.0,10.0,0.1,1.0,0.1,0.0,unit_total_var,,0.5,5000000,5000,50000,True,0.0001,,0.0,0.0,1.0,2000,train_pred_mse,5000,0.5811470668404767,0.5766087179695151,2.1921344053518082e-14,17.895710781987805,2447.693359112616,48.70417831021781,1.0,0.0,0.0,0,500,500,4000,70.86332249641418
ok,ptft,11,5000,0.451,2255,0.451,10000,0.001,0.0,10.0,0.1,1.0,0.1,0.0,unit_total_var,,0.5,5000000,5000,50000,True,0.0001,,0.0,0.0,1.0,2000,train_pred_mse,5000,0.6227719385415796,0.6127166764684876,5.6368441060413316e-14,18.01556222324087,2558.964745443841,50.58958980898297,1.0,0.0,0.0,0,500,500,4000,73.45354294776918
ok,ptft,12,5000,0.451,2255,0.451,10000,0.001,0.0,10.0,0.1,1.0,0.1,0.0,unit_total_var,,0.5,5000000,5000,50000,True,0.0001,,0.0,0.0,1.0,2000,train_pred_mse,5000,0.5109096155031384,0.5152625837928019,4.159140236483482e-14,17.706133476977552,2332.2405024469963,45.902568605901926,1.0,0.0,0.0,0,500,500,4000,70.7121560573578
ok,ptft,13,5000,0.451,2255,0.451,10000,0.001,0.0,10.0,0.1,1.0,0.1,0.0,unit_total_var,,0.5,5000000,5000,50000,True,0.0001,,0.0,0.0,1.0,2000,train_pred_mse,5000,0.5630796649704776,0.5757382961707644,8.078443003796684e-14,18.02401060298776,2450.2176874392458,48.76417410840229,1.0,0.0,0.0,0,500,500,4000,64.90294814109802
ok,ptft,14,5000,0.451,2255,0.451,10000,0.001,0.0,10.0,0.1,1.0,0.1,0.0,unit_total_var,,0.5,5000000,5000,50000,True,0.0001,,0.0,0.0,1.0,2000,train_pred_mse,5000,0.6047616389640974,0.6079571416280243,4.811704814834797e-14,18.169707568096666,2514.545366685561,50.108970862527634,1.0,0.0,0.0,0,500,500,4000,69.73523306846619
ok,ptft,15,5000,0.451,2255,0.451,10000,0.001,0.0,10.0,0.1,1.0,0.1,0.0,unit_total_var,,0.5,5000000,5000,50000,True,0.0001,,0.0,0.0,1.0,2000,train_pred_mse,5000,0.5598753954851851,0.5616765071270924,5.5364179145661546e-14,18.15248081601196,2447.1471195112144,48.50336102177263,1.0,0.0,0.0,0,500,500,4000,65.13437771797179
ok,ptft,16,5000,0.451,2255,0.451,10000,0.001,0.0,10.0,0.1,1.0,0.1,0.0,unit_total_var,,0.5,5000000,5000,50000,True,0.0001,,0.0,0.0,1.0,2000,train_pred_mse,5000,0.5333695413547195,0.5179835424331223,4.342877566870586e-14,17.751664769177864,2336.819647846416,46.48416430808817,1.0,0.0,0.0,0,500,500,4000,65.25213193893433
ok,ptft,17,5000,0.451,2255,0.451,10000,0.001,0.0,10.0,0.1,1.0,0.1,0.0,unit_total_var,,0.5,5000000,5000,50000,True,0.0001,,0.0,0.0,1.0,2000,train_pred_mse,5000,0.5584994278466257,0.5448825781150923,2.3861600979883846e-14,18.160886011251762,2316.7490047762576,45.561998602365534,1.0,0.0,0.0,0,500,500,4000,103.01681995391846
ok,ptft,18,5000,0.451,2255,0.451,10000,0.001,0.0,10.0,0.1,1.0,0.1,0.0,unit_total_var,,0.5,5000000,5000,50000,True,0.0001,,0.0,0.0,1.0,2000,train_pred_mse,5000,0.5218236011337402,0.51454386923329,1.9365449633830372e-14,17.384723742605928,2296.614988965485,45.052980359747245,1.0,0.0,0.0,0,500,500,4000,84.66849040985106
ok,ptft,19,5000,0.451,2255,0.451,10000,0.001,0.0,10.0,0.1,1.0,0.1,0.0,unit_total_var,,0.5,5000000,5000,50000,True,0.0001,,0.0,0.0,1.0,2000,train_pred_mse,5000,0.5285068423641126,0.5405653175613881,2.819178734008882e-14,18.158989928964136,2387.146028533219,47.41769980539016,1.0,0.0,0.0,0,500,500,4000,90.01457858085631
ok,ptft,6,5000,0.451,2255,0.451,10000,0.001,0.0,10.0,0.1,1.0,0.1,0.0,unit_total_var,,0.5,5000000,5000,50000,True,0.0001,,0.0,0.0,1.0,2000,train_pred_mse,5000,0.5373316414409852,0.5393810853148326,1.5685929929612622e-14,17.751759434331092,2376.9358499926525,47.28200311078251,1.0,0.0,0.0,0,500,500,4000,76.09180688858031
ok,ptft,7,5000,0.451,2255,0.451,10000,0.001,0.0,10.0,0.1,1.0,0.1,0.0,unit_total_var,,0.5,5000000,5000,50000,True,0.0001,,0.0,0.0,1.0,2000,train_pred_mse,5000,0.5892548637960506,0.5755761104664191,2.2908665772284118e-14,18.02966656893624,2383.509730146769,46.77726121506185,1.0,0.0,0.0,0,500,500,4000,66.34955048561096
ok,ptft,8,5000,0.451,2255,0.451,10000,0.001,0.0,10.0,0.1,1.0,0.1,0.0,unit_total_var,,0.5,5000000,5000,50000,True,0.0001,,0.0,0.0,1.0,2000,train_pred_mse,5000,0.5931029870347088,0.578809848994568,4.142186849665346e-14,18.213870638649226,2445.1736834679627,48.82431384627001,1.0,0.0,0.0,0,500,500,4000,88.86017417907715
ok,ptft,9,5000,0.451,2255,0.451,10000,0.001,0.0,10.0,0.1,1.0,0.1,0.0,unit_total_var,,0.5,5000000,5000,50000,True,0.0001,,0.0,0.0,1.0,2000,train_pred_mse,5000,0.5387367544805839,0.5308434266242973,2.9727483530360857e-14,17.545328140760585,2358.0702194001465,46.57516631510209,1.0,0.0,0.0,0,500,500,4000,78.54981398582457
ok,ptft,10,5000,0.5,2500,0.5,10000,0.001,0.0,10.0,0.1,1.0,0.1,0.0,unit_total_var,,0.5,5000000,5000,50000,True,0.0001,,0.0,0.0,1.0,2000,train_pred_mse,5000,0.5277053502899507,0.5251286668992223,3.7713949992756105e-11,19.61902746876144,2534.357976349128,51.277222128728006,1.0,0.0,0.0,0,500,500,4000,73.94562101364136
ok,ptft,11,5000,0.5,2500,0.5,10000,0.001,0.0,10.0,0.1,1.0,0.1,0.0,unit_total_var,,0.5,5000000,5000,50000,True,0.0001,,0.0,0.0,1.0,2000,train_pred_mse,5000,0.55738754998832,0.5502101921191899,3.688796252957185e-11,19.533868050538853,2627.162804061184,53.587242674598805,1.0,0.0,0.0,0,500,500,4000,86.73116087913513
ok,ptft,12,5000,0.5,2500,0.5,10000,0.001,0.0,10.0,0.1,1.0,0.1,0.0,unit_total_var,,0.5,5000000,5000,50000,True,0.0001,,0.0,0.0,1.0,2000,train_pred_mse,5000,0.4684633382343102,0.4698142476792052,2.0623218417925468e-11,19.97818709999108,2370.0248431843115,48.31153132649785,1.0,0.0,0.0,0,500,500,4000,76.43386745452881
ok,ptft,13,5000,0.5,2500,0.5,10000,0.001,0.0,10.0,0.1,1.0,0.1,0.0,unit_total_var,,0.5,5000000,5000,50000,True,0.0001,,0.0,0.0,1.0,2000,train_pred_mse,5000,0.5272571846678056,0.5283388428659258,2.3223196547962654e-11,19.867016273360612,2524.048674985227,51.14074644166608,1.0,0.0,0.0,0,500,500,4000,76.24604272842406
ok,ptft,14,5000,0.5,2500,0.5,10000,0.001,0.0,10.0,0.1,1.0,0.1,0.0,unit_total_var,,0.5,5000000,5000,50000,True,0.0001,,0.0,0.0,1.0,2000,train_pred_mse,5000,0.5757085324514557,0.5802675578896431,2.323755247520243e-11,19.447085926142712,2562.3135150057024,51.47695578516262,1.0,0.0,0.0,0,500,500,4000,120.17449021339417
ok,ptft,15,5000,0.5,2500,0.5,10000,0.001,0.0,10.0,0.1,1.0,0.1,0.0,unit_total_var,,0.5,5000000,5000,50000,True,0.0001,,0.0,0.0,1.0,2000,train_pred_mse,5000,0.5283752346049083,0.5261684966277506,2.6744932780463587e-11,19.527071197881664,2476.297472150693,50.29311543098624,1.0,0.0,0.0,0,500,500,4000,80.18833661079405
ok,ptft,16,5000,0.5,2500,0.5,10000,0.001,0.0,10.0,0.1,1.0,0.1,0.0,unit_total_var,,0.5,5000000,5000,50000,True,0.0001,,0.0,0.0,1.0,2000,train_pred_mse,5000,0.4891862758738272,0.4789729341965334,2.670010438419403e-11,19.687733771237323,2391.780776375651,48.534558697595884,1.0,0.0,0.0,0,500,500,4000,72.42208290100099
ok,ptft,17,5000,0.5,2500,0.5,10000,0.001,0.0,10.0,0.1,1.0,0.1,0.0,unit_total_var,,0.5,5000000,5000,50000,True,0.0001,,0.0,0.0,1.0,2000,train_pred_mse,5000,0.4674575298834724,0.4605162043366943,2.4025407659473486e-11,19.229696056173577,2444.648540485044,49.976262006507206,1.0,0.0,0.0,0,500,500,4000,79.96226859092712
ok,ptft,18,5000,0.5,2500,0.5,10000,0.001,0.0,10.0,0.1,1.0,0.1,0.0,unit_total_var,,0.5,5000000,5000,50000,True,0.0001,,0.0,0.0,1.0,2000,train_pred_mse,5000,0.4590839463353282,0.4528580431416298,3.435953508152593e-11,19.234900318402158,2359.7650286209587,48.354421125428026,1.0,0.0,0.0,0,500,500,4000,80.09835577011107
ok,ptft,19,5000,0.5,2500,0.5,10000,0.001,0.0,10.0,0.1,1.0,0.1,0.0,unit_total_var,,0.5,5000000,5000,50000,True,0.0001,,0.0,0.0,1.0,2000,train_pred_mse,5000,0.4915646411740221,0.4931458075221141,2.8222189002171466e-11,20.02194337378567,2449.2663235481273,49.85806666566295,0.9998,0.0,0.0,0,500,500,4000,94.49870014190674
ok,ptft,6,5000,0.5,2500,0.5,10000,0.001,0.0,10.0,0.1,1.0,0.1,0.0,unit_total_var,,0.5,5000000,5000,50000,True,0.0001,,0.0,0.0,1.0,2000,train_pred_mse,5000,0.4839633510759566,0.4865277743325442,3.767135013622932e-11,20.131343869414533,2437.309431080805,49.998161631412856,1.0,0.0,0.0,0,500,500,4000,78.42895174026489
ok,ptft,7,5000,0.5,2500,0.5,10000,0.001,0.0,10.0,0.1,1.0,0.1,0.0,unit_total_var,,0.5,5000000,5000,50000,True,0.0001,,0.0,0.0,1.0,2000,train_pred_mse,5000,0.5035906242922159,0.5068626852810252,4.51382527399217e-11,19.426083281445287,2500.872119988447,50.31465204242775,1.0,0.0,0.0,0,500,500,4000,75.45633745193481
ok,ptft,8,5000,0.5,2500,0.5,10000,0.001,0.0,10.0,0.1,1.0,0.1,0.0,unit_total_var,,0.5,5000000,5000,50000,True,0.0001,,0.0,0.0,1.0,2000,train_pred_mse,5000,0.5266815178696012,0.5452454304930286,4.915339858426777e-11,19.107647117659546,2513.614657422442,50.51900945797758,1.0,0.0,0.0,0,500,500,4000,93.3917031288147
ok,ptft,9,5000,0.5,2500,0.5,10000,0.001,0.0,10.0,0.1,1.0,0.1,0.0,unit_total_var,,0.5,5000000,5000,50000,True,0.0001,,0.0,0.0,1.0,2000,train_pred_mse,5000,0.4931638768887886,0.4897073572211321,2.805972902680461e-11,19.373005861268094,2395.726370123598,48.72550081315471,1.0,0.0,0.0,0,500,500,4000,90.91334342956543
ok,ptft,10,5000,0.01,50,0.01,10000,0.001,0.0,1.0,0.1,1.0,0.1,1.0,unit_total_var,,0.5,5000000,5000,50000,True,0.0001,,0.0,0.0,1.0,2000,train_pred_mse,5000,0.980827519287626,1.0092229588843034,4.4507811071554395e-17,39.18951673914404,419.8467893149557,8.411543940541987,1.0,0.0,1.0,500,0,0,4500,5.6059226989746085
ok,ptft,11,5000,0.01,50,0.01,10000,0.001,0.0,1.0,0.1,1.0,0.1,1.0,unit_total_var,,0.5,5000000,5000,50000,True,0.0001,,0.0,0.0,1.0,2000,train_pred_mse,5000,1.092854908010632,1.080864699315729,2.4007642177783804e-17,38.94093305396211,425.2315581730491,8.525225859223182,1.0,0.0,1.0,500,0,0,4500,5.468826770782472
ok,ptft,12,5000,0.01,50,0.01,10000,0.001,0.0,1.0,0.1,1.0,0.1,1.0,unit_total_var,,0.5,5000000,5000,50000,True,0.0001,,0.0,0.0,1.0,2000,train_pred_mse,5000,0.9027672478486409,0.903532651821126,3.4839317524182724e-17,40.448441057054936,369.83506669619766,7.441212219433829,1.0,0.0,1.0,500,0,0,4500,5.313724756240845
ok,ptft,13,5000,0.01,50,0.01,10000,0.001,0.0,1.0,0.1,1.0,0.1,1.0,unit_total_var,,0.5,5000000,5000,50000,True,0.0001,,0.0,0.0,1.0,2000,train_pred_mse,5000,1.0113930672940918,0.9979666636165668,4.793157265634826e-17,38.104622401974936,474.1577323322464,9.571971561791099,1.0,0.0,1.0,500,0,0,4500,5.415302515029907
ok,ptft,14,5000,0.01,50,0.01,10000,0.001,0.0,1.0,0.1,1.0,0.1,1.0,unit_total_var,,0.5,5000000,5000,50000,True,0.0001,,0.0,0.0,1.0,2000,train_pred_mse,5000,1.0824121516116545,1.0692643049984252,4.462052347717381e-17,40.261265003257286,410.6463058171322,8.21214745530022,1.0,0.0,1.0,500,0,0,4500,5.515254020690918
ok,ptft,15,5000,0.01,50,0.01,10000,0.001,0.0,1.0,0.1,1.0,0.1,1.0,unit_total_var,,0.5,5000000,5000,50000,True,0.0001,,0.0,0.0,1.0,2000,train_pred_mse,5000,0.9887397513475092,0.9898876378870406,2.662903982881684e-17,37.80919191365581,421.6208543951297,8.518041495436963,1.0,0.0,1.0,500,0,0,4500,4.784245014190674
ok,ptft,16,5000,0.01,50,0.01,10000,0.001,0.0,1.0,0.1,1.0,0.1,1.0,unit_total_var,,0.5,5000000,5000,50000,True,0.0001,,0.0,0.0,1.0,2000,train_pred_mse,5000,0.8729857356954431,0.8941647302874922,6.043949679063577e-17,40.57163165558439,486.0402320274663,9.686077253810812,1.0,0.0,1.0,500,0,0,4500,5.381515979766847
ok,ptft,17,5000,0.01,50,0.01,10000,0.001,0.0,1.0,0.1,1.0,0.1,1.0,unit_total_var,,0.5,5000000,5000,50000,True,0.0001,,0.0,0.0,1.0,2000,train_pred_mse,5000,0.9092694981566924,0.9205642978096285,3.206554963076037e-17,39.23751473897197,404.3073056526306,8.16764182213191,1.0,0.0,1.0,500,0,0,4500,6.0032615661621085
ok,ptft,18,5000,0.01,50,0.01,10000,0.001,0.0,1.0,0.1,1.0,0.1,1.0,unit_total_var,,0.5,5000000,5000,50000,True,0.0001,,0.0,0.0,1.0,2000,train_pred_mse,5000,0.8911115276739696,0.8773742163497418,3.5965782164149036e-17,39.524517598099024,423.3492062888632,8.502861185195378,1.0,0.0,1.0,500,0,0,4500,5.3880741596221915
ok,ptft,19,5000,0.01,50,0.01,10000,0.001,0.0,1.0,0.1,1.0,0.1,1.0,unit_total_var,,0.5,5000000,5000,50000,True,0.0001,,0.0,0.0,1.0,2000,train_pred_mse,5000,0.968609932640495,0.9538430348507074,2.6086462004388955e-17,37.914270672737494,391.77291387861845,7.992577313766568,1.0,0.0,1.0,500,0,0,4500,5.163388729095459
ok,ptft,6,5000,0.01,50,0.01,10000,0.001,0.0,1.0,0.1,1.0,0.1,1.0,unit_total_var,,0.5,5000000,5000,50000,True,0.0001,,0.0,0.0,1.0,2000,train_pred_mse,5000,0.9429595394427506,0.9482558790974934,3.6613540981399865e-17,40.16727470249885,396.03404750294936,7.8086155767121825,1.0,0.0,1.0,500,0,0,4500,5.4763264656066895
ok,ptft,7,5000,0.01,50,0.01,10000,0.001,0.0,1.0,0.1,1.0,0.1,1.0,unit_total_var,,0.5,5000000,5000,50000,True,0.0001,,0.0,0.0,1.0,2000,train_pred_mse,5000,0.9521444362613382,0.9611485719316556,4.5284153778574666e-17,40.3960148921491,467.26996464790716,9.289205842600966,1.0,0.0,1.0,500,0,0,4500,5.196876287460327
ok,ptft,8,5000,0.01,50,0.01,10000,0.001,0.0,1.0,0.1,1.0,0.1,1.0,unit_total_var,,0.5,5000000,5000,50000,True,0.0001,,0.0,0.0,1.0,2000,train_pred_mse,5000,1.0361475947883283,1.0144786161198276,3.237498388923899e-17,39.326772059053596,413.14156079475225,8.3489748110239,1.0,0.0,1.0,500,0,0,4500,5.332301139831543
ok,ptft,9,5000,0.01,50,0.01,10000,0.001,0.0,1.0,0.1,1.0,0.1,1.0,unit_total_var,,0.5,5000000,5000,50000,True,0.0001,,0.0,0.0,1.0,2000,train_pred_mse,5000,0.9449846168184836,0.9404999352524712,2.397557786877953e-17,39.135303981216175,313.4749522678383,6.20183619868575,1.0,0.0,1.0,500,0,0,4500,5.646202087402344
ok,ptft,10,5000,0.059,295,0.059000000000000004,10000,0.001,0.0,1.0,0.1,1.0,0.1,1.0,unit_total_var,,0.5,5000000,5000,50000,True,0.0001,,0.0,0.0,1.0,2000,train_pred_mse,5000,0.8049181669186127,0.8305094686524606,3.1339330664233026e-08,213.7910200300108,956.2546205906833,20.41978381455168,1.0,0.0,1.0,500,0,0,4500,10.526342391967773
ok,ptft,11,5000,0.059,295,0.059000000000000004,10000,0.001,0.0,1.0,0.1,1.0,0.1,1.0,unit_total_var,,0.5,5000000,5000,50000,True,0.0001,,0.0,0.0,1.0,2000,train_pred_mse,5000,0.9077308148876062,0.9005251549079899,3.3796573767185435e-08,221.20432631178687,956.9363201521496,20.912270335195426,1.0,0.0,1.0,500,0,0,4500,9.387348890304564
ok,ptft,12,5000,0.059,295,0.059000000000000004,10000,0.001,0.0,1.0,0.1,1.0,0.1,1.0,unit_total_var,,0.5,5000000,5000,50000,True,0.0001,,0.0,0.0,1.0,2000,train_pred_mse,5000,0.7655330865075737,0.7660061880125019,4.859324782820495e-08,210.6795168721813,841.357926872525,18.0064532374991,0.9998,0.0,1.0,500,0,0,4500,8.833300828933718
ok,ptft,13,5000,0.059,295,0.059000000000000004,10000,0.001,0.0,1.0,0.1,1.0,0.1,1.0,unit_total_var,,0.5,5000000,5000,50000,True,0.0001,,0.0,0.0,1.0,2000,train_pred_mse,5000,0.8599868372771529,0.8604080205149057,2.7528252202922917e-08,217.01311588045692,891.9461375470078,19.092057219669787,1.0,0.0,1.0,500,0,0,4500,9.182380914688109
ok,ptft,14,5000,0.059,295,0.059000000000000004,10000,0.001,0.0,1.0,0.1,1.0,0.1,1.0,unit_total_var,,0.5,5000000,5000,50000,True,0.0001,,0.0,0.0,1.0,2000,train_pred_mse,5000,0.8898092342627278,0.882755929795853,3.814292927372866e-08,225.28562065967324,961.6923835611432,20.53276908780952,1.0,0.0,1.0,500,0,0,4500,9.331544160842897
ok,ptft,15,5000,0.059,295,0.059000000000000004,10000,0.001,0.0,1.0,0.1,1.0,0.1,1.0,unit_total_var,,0.5,5000000,5000,50000,True,0.0001,,0.0,0.0,1.0,2000,train_pred_mse,5000,0.8314403985176375,0.8399069313278799,5.2315695241151923e-08,213.64517085980881,903.9321124625158,18.92724410363065,1.0,0.0,1.0,500,0,0,4500,8.360588073730469
ok,ptft,16,5000,0.059,295,0.059000000000000004,10000,0.001,0.0,1.0,0.1,1.0,0.1,1.0,unit_total_var,,0.5,5000000,5000,50000,True,0.0001,,0.0,0.0,1.0,2000,train_pred_mse,5000,0.7437368623513948,0.759092342523557,3.852063654327968e-08,232.32655531675564,884.0963002369432,18.706452835074394,1.0,0.0,1.0,500,0,0,4500,9.133575439453123
ok,ptft,17,5000,0.059,295,0.059000000000000004,10000,0.001,0.0,1.0,0.1,1.0,0.1,1.0,unit_total_var,,0.5,5000000,5000,50000,True,0.0001,,0.0,0.0,1.0,2000,train_pred_mse,5000,0.7446620177785944,0.7522238960240637,3.714760589255694e-08,217.20378790232203,923.559672678604,19.99453787840148,1.0,0.0,1.0,500,0,0,4500,8.179007530212402
ok,ptft,18,5000,0.059,295,0.059000000000000004,10000,0.001,0.0,1.0,0.1,1.0,0.1,1.0,unit_total_var,,0.5,5000000,5000,50000,True,0.0001,,0.0,0.0,1.0,2000,train_pred_mse,5000,0.7506615380513701,0.7398014728635645,4.072298274875147e-08,216.30943857630746,868.4076971988036,18.44505978188798,1.0,0.0,1.0,500,0,0,4500,9.583124160766602
ok,ptft,19,5000,0.059,295,0.059000000000000004,10000,0.001,0.0,1.0,0.1,1.0,0.1,1.0,unit_total_var,,0.5,5000000,5000,50000,True,0.0001,,0.0,0.0,1.0,2000,train_pred_mse,5000,0.7766337372771231,0.7609760819730452,4.6623306169709276e-08,219.38412687177814,972.1407343967163,21.343829217070237,1.0,0.0,1.0,500,0,0,4500,10.739922761917114
ok,ptft,6,5000,0.059,295,0.059000000000000004,10000,0.001,0.0,1.0,0.1,1.0,0.1,1.0,unit_total_var,,0.5,5000000,5000,50000,True,0.0001,,0.0,0.0,1.0,2000,train_pred_mse,5000,0.8147793124693601,0.8198653975158037,3.4712553719240915e-08,220.65624833910752,833.0642896941206,17.334496709848732,1.0,0.0,1.0,500,0,0,4500,7.520718336105348
ok,ptft,7,5000,0.059,295,0.059000000000000004,10000,0.001,0.0,1.0,0.1,1.0,0.1,1.0,unit_total_var,,0.5,5000000,5000,50000,True,0.0001,,0.0,0.0,1.0,2000,train_pred_mse,5000,0.8231006934090714,0.8213118304308508,3.680122288041044e-08,215.02785300393796,888.2642499385457,18.978225631609984,1.0,0.0,1.0,500,0,0,4500,8.001551151275635
ok,ptft,8,5000,0.059,295,0.059000000000000004,10000,0.001,0.0,1.0,0.1,1.0,0.1,1.0,unit_total_var,,0.5,5000000,5000,50000,True,0.0001,,0.0,0.0,1.0,2000,train_pred_mse,5000,0.8492274350754535,0.8325318811538551,3.433717342925704e-08,216.23275432541985,950.7149313035292,20.732838530942008,1.0,0.0,1.0,500,0,0,4500,9.326794147491457
ok,ptft,9,5000,0.059,295,0.059000000000000004,10000,0.001,0.0,1.0,0.1,1.0,0.1,1.0,unit_total_var,,0.5,5000000,5000,50000,True,0.0001,,0.0,0.0,1.0,2000,train_pred_mse,5000,0.77710407313703,0.7711074007321802,5.5205769984201966e-08,216.499427177733,896.8394560568107,18.961962908666827,1.0,0.0,1.0,500,0,0,4500,9.110862970352171
ok,ptft,10,5000,0.10800000000000001,540,0.10800000000000001,10000,0.001,0.0,1.0,0.1,1.0,0.1,1.0,unit_total_var,,0.5,5000000,5000,50000,True,0.0001,,0.0,0.0,1.0,2000,train_pred_mse,5000,0.6770018861081658,0.7031104557494144,2.390589304910392e-05,372.4375986409442,1189.465919078414,26.59835685262629,1.0,0.0,1.0,500,0,0,4500,15.400230884552002
ok,ptft,11,5000,0.10800000000000001,540,0.10800000000000001,10000,0.001,0.0,1.0,0.1,1.0,0.1,1.0,unit_total_var,,0.5,5000000,5000,50000,True,0.0001,,0.0,0.0,1.0,2000,train_pred_mse,5000,0.7662177583451126,0.7602359845924308,2.862076384648887e-05,380.56041862880784,1209.3067743749714,27.303185463053705,1.0,0.0,1.0,500,0,0,4500,13.361942052841187
ok,ptft,12,5000,0.10800000000000001,540,0.10800000000000001,10000,0.001,0.0,1.0,0.1,1.0,0.1,1.0,unit_total_var,,0.5,5000000,5000,50000,True,0.0001,,0.0,0.0,1.0,2000,train_pred_mse,5000,0.6034032624280007,0.6016427588405006,2.5186807153376955e-05,381.22088224327,1140.213501328896,26.332758677036253,1.0,0.0,1.0,500,0,0,4500,12.481713056564331
ok,ptft,13,5000,0.10800000000000001,540,0.10800000000000001,10000,0.001,0.0,1.0,0.1,1.0,0.1,1.0,unit_total_var,,0.5,5000000,5000,50000,True,0.0001,,0.0,0.0,1.0,2000,train_pred_mse,5000,0.6867422037666759,0.6757505028806999,2.798061449313595e-05,365.78053674006065,1215.973422708355,28.22928793780658,1.0,0.0,1.0,500,0,0,4500,13.891336679458618
ok,ptft,14,5000,0.10800000000000001,540,0.10800000000000001,10000,0.001,0.0,1.0,0.1,1.0,0.1,1.0,unit_total_var,,0.5,5000000,5000,50000,True,0.0001,,0.0,0.0,1.0,2000,train_pred_mse,5000,0.7280619179243837,0.7242909712596666,2.5609878030862892e-05,365.8257402396477,1228.1840887684425,28.51343795941366,1.0,0.0,1.0,500,0,0,4500,13.161450147628784
ok,ptft,15,5000,0.10800000000000001,540,0.10800000000000001,10000,0.001,0.0,1.0,0.1,1.0,0.1,1.0,unit_total_var,,0.5,5000000,5000,50000,True,0.0001,,0.0,0.0,1.0,2000,train_pred_mse,5000,0.6813975372099736,0.6883229012526156,2.243031085157492e-05,365.166958227791,1168.8864375012486,26.512620453454137,1.0,0.0,1.0,500,0,0,4500,12.86021375656128
ok,ptft,16,5000,0.10800000000000001,540,0.10800000000000001,10000,0.001,0.0,1.0,0.1,1.0,0.1,1.0,unit_total_var,,0.5,5000000,5000,50000,True,0.0001,,0.0,0.0,1.0,2000,train_pred_mse,5000,0.6367612867884826,0.6528582750954188,2.749677300784004e-05,372.06258569117034,1089.2939114780886,24.594953720681783,1.0,0.0,1.0,500,0,0,4500,12.04493236541748
ok,ptft,17,5000,0.10800000000000001,540,0.10800000000000001,10000,0.001,0.0,1.0,0.1,1.0,0.1,1.0,unit_total_var,,0.5,5000000,5000,50000,True,0.0001,,0.0,0.0,1.0,2000,train_pred_mse,5000,0.639652781936648,0.6512757101349287,2.811443341991723e-05,365.57132626141237,1121.4547580833932,25.280425353077177,1.0,0.0,1.0,500,0,0,4500,12.44379210472107
ok,ptft,18,5000,0.10800000000000001,540,0.10800000000000001,10000,0.001,0.0,1.0,0.1,1.0,0.1,1.0,unit_total_var,,0.5,5000000,5000,50000,True,0.0001,,0.0,0.0,1.0,2000,train_pred_mse,5000,0.6440476107705021,0.6332498181685858,2.644241542894165e-05,371.4147344454741,1084.7867272143692,24.45979895649555,1.0,0.0,1.0,500,0,0,4500,11.789335012435913
ok,ptft,19,5000,0.10800000000000001,540,0.10800000000000001,10000,0.001,0.0,1.0,0.1,1.0,0.1,1.0,unit_total_var,,0.5,5000000,5000,50000,True,0.0001,,0.0,0.0,1.0,2000,train_pred_mse,5000,0.6741661060509814,0.669501838152182,2.891578601162536e-05,370.3486184648471,1135.9491626763247,25.632388207844752,1.0,0.0,1.0,500,0,0,4500,14.241177797317505
ok,ptft,6,5000,0.10800000000000001,540,0.10800000000000001,10000,0.001,0.0,1.0,0.1,1.0,0.1,1.0,unit_total_var,,0.5,5000000,5000,50000,True,0.0001,,0.0,0.0,1.0,2000,train_pred_mse,5000,0.6292677582222421,0.625791714562028,2.384695298570229e-05,377.20989209716384,1216.6848928327256,27.32640035559072,1.0,0.0,1.0,500,0,0,4500,10.84862232208252
ok,ptft,7,5000,0.10800000000000001,540,0.10800000000000001,10000,0.001,0.0,1.0,0.1,1.0,0.1,1.0,unit_total_var,,0.5,5000000,5000,50000,True,0.0001,,0.0,0.0,1.0,2000,train_pred_mse,5000,0.6336808633867964,0.6434527780776149,2.8378245963951777e-05,381.6587083572843,1209.4879486178086,27.763201412449888,1.0,0.0,1.0,500,0,0,4500,16.47130036354065
ok,ptft,8,5000,0.10800000000000001,540,0.10800000000000001,10000,0.001,0.0,1.0,0.1,1.0,0.1,1.0,unit_total_var,,0.5,5000000,5000,50000,True,0.0001,,0.0,0.0,1.0,2000,train_pred_mse,5000,0.7018696633731761,0.687214432425981,2.580285418322213e-05,370.08716399464623,1222.0025941885829,27.547771256668906,1.0,0.0,1.0,500,0,0,4500,14.229886531829836
ok,ptft,9,5000,0.10800000000000001,540,0.10800000000000001,10000,0.001,0.0,1.0,0.1,1.0,0.1,1.0,unit_total_var,,0.5,5000000,5000,50000,True,0.0001,,0.0,0.0,1.0,2000,train_pred_mse,5000,0.6440076767258446,0.6406042888348521,3.056886025775055e-05,376.57134122736704,1141.151882062231,25.41810075867089,1.0,0.0,1.0,500,0,0,4500,12.436423063278198
ok,ptft,10,5000,0.15700000000000006,785,0.157,10000,0.001,0.0,1.0,0.1,1.0,0.1,1.0,unit_total_var,,0.5,5000000,5000,50000,True,0.0001,,0.0,0.0,1.0,2000,train_pred_mse,5000,0.5324572982525201,0.5445733173233284,0.00021862305997020083,512.6503116297406,1399.2920071083927,34.11827676356048,1.0,0.0,1.0,500,0,0,4500,19.48609662055969
ok,ptft,11,5000,0.15700000000000006,785,0.157,10000,0.001,0.0,1.0,0.1,1.0,0.1,1.0,unit_total_var,,0.5,5000000,5000,50000,True,0.0001,,0.0,0.0,1.0,2000,train_pred_mse,5000,0.5682997650975882,0.5595491410851088,0.00021263944552810145,515.981860771327,1484.1712840943453,36.2624960592048,1.0,0.0,1.0,500,0,0,4500,21.856738567352295
ok,ptft,12,5000,0.15700000000000006,785,0.157,10000,0.001,0.0,1.0,0.1,1.0,0.1,1.0,unit_total_var,,0.5,5000000,5000,50000,True,0.0001,,0.0,0.0,1.0,2000,train_pred_mse,5000,0.5103502693843582,0.5099952437457181,0.0002225368836176812,533.1654006663256,1291.6830556747902,30.771913563127562,1.0,0.0,1.0,500,0,0,4500,20.417216539382935
ok,ptft,13,5000,0.15700000000000006,785,0.157,10000,0.001,0.0,1.0,0.1,1.0,0.1,1.0,unit_total_var,,0.5,5000000,5000,50000,True,0.0001,,0.0,0.0,1.0,2000,train_pred_mse,5000,0.558307753397298,0.5503738779655807,0.00021806572438142017,494.64706659074403,1397.9286304600287,34.27180604361619,1.0,0.0,1.0,500,0,0,4500,22.70369577407837
ok,ptft,14,5000,0.15700000000000006,785,0.157,10000,0.001,0.0,1.0,0.1,1.0,0.1,1.0,unit_total_var,,0.5,5000000,5000,50000,True,0.0001,,0.0,0.0,1.0,2000,train_pred_mse,5000,0.6097016629984334,0.5972957843719184,0.00020642040116465018,495.5318848882516,1393.7460767859188,34.241918841633485,1.0,0.0,1.0,500,0,0,4500,17.558583736419678
ok,ptft,15,5000,0.15700000000000006,785,0.157,10000,0.001,0.0,1.0,0.1,1.0,0.1,1.0,unit_total_var,,0.5,5000000,5000,50000,True,0.0001,,0.0,0.0,1.0,2000,train_pred_mse,5000,0.5522401264374706,0.5509888033336401,0.0002225632420428401,511.8586880515265,1382.0818494822354,33.19456526443742,1.0,0.0,1.0,500,0,0,4500,21.922052145004272
ok,ptft,16,5000,0.15700000000000006,785,0.157,10000,0.001,0.0,1.0,0.1,1.0,0.1,1.0,unit_total_var,,0.5,5000000,5000,50000,True,0.0001,,0.0,0.0,1.0,2000,train_pred_mse,5000,0.4921840203392436,0.5050272602807444,0.0002114283507409348,518.9954716581552,1322.2843048251025,31.702971492301497,1.0,0.0,1.0,500,0,0,4500,17.304628372192386
ok,ptft,17,5000,0.15700000000000006,785,0.157,10000,0.001,0.0,1.0,0.1,1.0,0.1,1.0,unit_total_var,,0.5,5000000,5000,50000,True,0.0001,,0.0,0.0,1.0,2000,train_pred_mse,5000,0.5133581966434205,0.5176852359774013,0.00021554719675988818,509.69133230364616,1311.7200859572065,31.237228286281525,1.0,0.0,1.0,500,0,0,4500,16.97928810119629
ok,ptft,18,5000,0.15700000000000006,785,0.157,10000,0.001,0.0,1.0,0.1,1.0,0.1,1.0,unit_total_var,,0.5,5000000,5000,50000,True,0.0001,,0.0,0.0,1.0,2000,train_pred_mse,5000,0.490246431758586,0.4852458731504578,0.0001980946390118134,514.6361517632564,1301.6319731551835,31.41235438705103,1.0,0.0,1.0,500,0,0,4500,20.445130825042728
ok,ptft,19,5000,0.15700000000000006,785,0.157,10000,0.001,0.0,1.0,0.1,1.0,0.1,1.0,unit_total_var,,0.5,5000000,5000,50000,True,0.0001,,0.0,0.0,1.0,2000,train_pred_mse,5000,0.5455079482677611,0.5396790114921747,0.0002219973596418226,514.1969857655338,1311.058335742904,31.94738833687744,1.0,0.0,1.0,500,0,0,4500,24.476136684417725
ok,ptft,6,5000,0.15700000000000006,785,0.157,10000,0.001,0.0,1.0,0.1,1.0,0.1,1.0,unit_total_var,,0.5,5000000,5000,50000,True,0.0001,,0.0,0.0,1.0,2000,train_pred_mse,5000,0.4958572987392245,0.500704796352036,0.0002312134115230736,517.0147705518025,1369.0494505733404,33.377785120354304,1.0,0.0,1.0,500,0,0,4500,19.56526756286621
ok,ptft,7,5000,0.15700000000000006,785,0.157,10000,0.001,0.0,1.0,0.1,1.0,0.1,1.0,unit_total_var,,0.5,5000000,5000,50000,True,0.0001,,0.0,0.0,1.0,2000,train_pred_mse,5000,0.5121685645337674,0.522653180888099,0.00021281850846742459,501.1582818705533,1383.8303498933722,34.016759819652194,1.0,0.0,1.0,500,0,0,4500,24.629335165023804
ok,ptft,8,5000,0.15700000000000006,785,0.157,10000,0.001,0.0,1.0,0.1,1.0,0.1,1.0,unit_total_var,,0.5,5000000,5000,50000,True,0.0001,,0.0,0.0,1.0,2000,train_pred_mse,5000,0.5479747585730099,0.5351644900942745,0.0002082865571341345,496.55386264717146,1417.6601685592248,34.86150222828588,1.0,0.0,1.0,500,0,0,4500,39.3089919090271
ok,ptft,9,5000,0.15700000000000006,785,0.157,10000,0.001,0.0,1.0,0.1,1.0,0.1,1.0,unit_total_var,,0.5,5000000,5000,50000,True,0.0001,,0.0,0.0,1.0,2000,train_pred_mse,5000,0.4925843303767713,0.4986051895102444,0.00021923689126910042,528.1176128440156,1344.0089875545073,32.539675979670875,1.0,0.0,1.0,500,0,0,4500,21.617766857147217
ok,ptft,10,5000,0.206,1030,0.20600000000000002,10000,0.001,0.0,1.0,0.1,1.0,0.1,1.0,unit_total_var,,0.5,5000000,5000,50000,True,0.0001,,0.0,0.0,1.0,2000,train_pred_mse,10000,0.4232755904064086,0.434608747804388,5.418649893774178e-05,0.01666668110336715,1520.6271923602515,39.55143612563446,1.0,0.0,1.0,500,0,0,4500,53.851730585098274
ok,ptft,11,5000,0.206,1030,0.20600000000000002,10000,0.001,0.0,1.0,0.1,1.0,0.1,1.0,unit_total_var,,0.5,5000000,5000,50000,True,0.0001,,0.0,0.0,1.0,2000,train_pred_mse,10000,0.4755906238806801,0.4601657073671387,4.463613995039325e-05,0.01396655580642293,1595.103937626505,41.082812920253204,1.0,0.0,1.0,500,0,0,4500,46.63590693473816
ok,ptft,12,5000,0.206,1030,0.20600000000000002,10000,0.001,0.0,1.0,0.1,1.0,0.1,1.0,unit_total_var,,0.5,5000000,5000,50000,True,0.0001,,0.0,0.0,1.0,2000,train_pred_mse,10000,0.3912882487566369,0.3914913392584555,4.665820880926095e-05,0.01646947877260382,1424.950410429785,36.46101024133811,0.9998,0.0,1.0,500,0,0,4500,54.76671886444092
ok,ptft,13,5000,0.206,1030,0.20600000000000002,10000,0.001,0.0,1.0,0.1,1.0,0.1,1.0,unit_total_var,,0.5,5000000,5000,50000,True,0.0001,,0.0,0.0,1.0,2000,train_pred_mse,10000,0.4577820184028686,0.4523053084660338,5.275994504621592e-05,0.0177474569858002,1541.5367505831975,38.571574754273406,1.0,0.0,1.0,500,0,0,4500,51.48142910003662
ok,ptft,14,5000,0.206,1030,0.20600000000000002,10000,0.001,0.0,1.0,0.1,1.0,0.1,1.0,unit_total_var,,0.5,5000000,5000,50000,True,0.0001,,0.0,0.0,1.0,2000,train_pred_mse,10000,0.5179230322686321,0.5181595300955489,4.500990443790551e-05,0.016191345684087668,1491.6863493934002,37.37531745807213,1.0,0.0,1.0,500,0,0,4500,38.63526821136474
ok,ptft,15,5000,0.206,1030,0.20600000000000002,10000,0.001,0.0,1.0,0.1,1.0,0.1,1.0,unit_total_var,,0.5,5000000,5000,50000,True,0.0001,,0.0,0.0,1.0,2000,train_pred_mse,10000,0.4407588549955584,0.4391607271758319,5.317565394171243e-05,0.017729814103537512,1486.4384569809256,38.63193195902357,1.0,0.0,1.0,500,0,0,4500,53.83312940597534
ok,ptft,16,5000,0.206,1030,0.20600000000000002,10000,0.001,0.0,1.0,0.1,1.0,0.1,1.0,unit_total_var,,0.5,5000000,5000,50000,True,0.0001,,0.0,0.0,1.0,2000,train_pred_mse,10000,0.375149915248906,0.3771824679739018,4.5271980364231894e-05,0.015999669013682886,1477.8941241463833,37.83971606798658,1.0,0.0,1.0,500,0,0,4500,52.391236305236816
ok,ptft,17,5000,0.206,1030,0.20600000000000002,10000,0.001,0.0,1.0,0.1,1.0,0.1,1.0,unit_total_var,,0.5,5000000,5000,50000,True,0.0001,,0.0,0.0,1.0,2000,train_pred_mse,10000,0.4074913120982879,0.4083603397250887,5.332875376581689e-05,0.017963948634944587,1441.0288343307031,36.68696510024269,1.0,0.0,1.0,500,0,0,4500,48.87532711029053
ok,ptft,18,5000,0.206,1030,0.20600000000000002,10000,0.001,0.0,1.0,0.1,1.0,0.1,1.0,unit_total_var,,0.5,5000000,5000,50000,True,0.0001,,0.0,0.0,1.0,2000,train_pred_mse,10000,0.39026782170064106,0.3850840304317052,4.602491814258346e-05,0.01577339489710325,1430.3713048333327,36.54017316973985,1.0,0.0,1.0,500,0,0,4500,65.48623657226561
ok,ptft,19,5000,0.206,1030,0.20600000000000002,10000,0.001,0.0,1.0,0.1,1.0,0.1,1.0,unit_total_var,,0.5,5000000,5000,50000,True,0.0001,,0.0,0.0,1.0,2000,train_pred_mse,10000,0.433897062802628,0.4257668587579792,4.692161491360866e-05,0.016889725667669817,1462.294723309022,37.060770230902435,1.0,0.0,1.0,500,0,0,4500,50.35316276550293
ok,ptft,6,5000,0.206,1030,0.20600000000000002,10000,0.001,0.0,1.0,0.1,1.0,0.1,1.0,unit_total_var,,0.5,5000000,5000,50000,True,0.0001,,0.0,0.0,1.0,2000,train_pred_mse,10000,0.4259835783027655,0.4281163337093621,5.5112564169777894e-05,0.018287945076753263,1462.4507825131934,37.23413120094477,1.0,0.0,1.0,500,0,0,4500,48.269386768341064
ok,ptft,7,5000,0.206,1030,0.20600000000000002,10000,0.001,0.0,1.0,0.1,1.0,0.1,1.0,unit_total_var,,0.5,5000000,5000,50000,True,0.0001,,0.0,0.0,1.0,2000,train_pred_mse,10000,0.4233946760651504,0.4345188484017245,5.014948695004557e-05,0.01665571556801731,1497.527608218584,37.95627124345451,1.0,0.0,1.0,500,0,0,4500,51.53684687614441
ok,ptft,8,5000,0.206,1030,0.20600000000000002,10000,0.001,0.0,1.0,0.1,1.0,0.1,1.0,unit_total_var,,0.5,5000000,5000,50000,True,0.0001,,0.0,0.0,1.0,2000,train_pred_mse,10000,0.4704504383304875,0.4564067736100681,5.050962245358773e-05,0.016117383067524114,1499.4628325767185,38.28039740706392,1.0,0.0,1.0,500,0,0,4500,61.888813972473145
ok,ptft,9,5000,0.206,1030,0.20600000000000002,10000,0.001,0.0,1.0,0.1,1.0,0.1,1.0,unit_total_var,,0.5,5000000,5000,50000,True,0.0001,,0.0,0.0,1.0,2000,train_pred_mse,10000,0.43351250176150063,0.4289655699320313,4.684253780583552e-05,0.016797509937313878,1424.5805700158264,36.15204399355371,1.0,0.0,1.0,500,0,0,4500,63.63172841072082
ok,ptft,10,5000,0.255,1275,0.255,10000,0.001,0.0,1.0,0.1,1.0,0.1,1.0,unit_total_var,,0.5,5000000,5000,50000,True,0.0001,,0.0,0.0,1.0,2000,train_pred_mse,10000,0.3409213785609293,0.34750705570398743,0.00015162606305646524,0.030995761411289482,1604.2802939497103,43.52832098046665,1.0,0.0,1.0,500,0,0,4500,79.59433341026306
ok,ptft,11,5000,0.255,1275,0.255,10000,0.001,0.0,1.0,0.1,1.0,0.1,1.0,unit_total_var,,0.5,5000000,5000,50000,True,0.0001,,0.0,0.0,1.0,2000,train_pred_mse,10000,0.3905713402655901,0.3905247873791196,0.00014997545980410562,0.029237346306344773,1645.0186616078477,44.53685078361084,1.0,0.0,1.0,500,0,0,4500,112.01492285728456
ok,ptft,12,5000,0.255,1275,0.255,10000,0.001,0.0,1.0,0.1,1.0,0.1,1.0,unit_total_var,,0.5,5000000,5000,50000,True,0.0001,,0.0,0.0,1.0,2000,train_pred_mse,10000,0.3125580345256148,0.31750543011236243,0.0001534958059595058,0.03312561352601553,1536.6649789174235,40.25831263453694,1.0,0.0,1.0,500,0,0,4500,81.09663820266724
ok,ptft,13,5000,0.255,1275,0.255,10000,0.001,0.0,1.0,0.1,1.0,0.1,1.0,unit_total_var,,0.5,5000000,5000,50000,True,0.0001,,0.0,0.0,1.0,2000,train_pred_mse,10000,0.3719406417245024,0.3734489667475164,0.00015272310209288513,0.03206193412327251,1600.0874709619434,42.44043732740753,1.0,0.0,1.0,500,0,0,4500,72.46860027313231
ok,ptft,14,5000,0.255,1275,0.255,10000,0.001,0.0,1.0,0.1,1.0,0.1,1.0,unit_total_var,,0.5,5000000,5000,50000,True,0.0001,,0.0,0.0,1.0,2000,train_pred_mse,10000,0.3667155927894603,0.3624197879418181,0.00014435491576951861,0.027917451340709762,1667.8158094950259,45.17928919035499,1.0,0.0,1.0,500,0,0,4500,76.07600355148315
ok,ptft,15,5000,0.255,1275,0.255,10000,0.001,0.0,1.0,0.1,1.0,0.1,1.0,unit_total_var,,0.5,5000000,5000,50000,True,0.0001,,0.0,0.0,1.0,2000,train_pred_mse,10000,0.3690788172611958,0.3675700687950012,0.00014405553283288253,0.031399761466125935,1584.865640700252,41.801009085197016,1.0,0.0,1.0,500,0,0,4500,77.14804077148438
ok,ptft,16,5000,0.255,1275,0.255,10000,0.001,0.0,1.0,0.1,1.0,0.1,1.0,unit_total_var,,0.5,5000000,5000,50000,True,0.0001,,0.0,0.0,1.0,2000,train_pred_mse,10000,0.304037992912099,0.3082415457052061,0.00014328486421907958,0.029560038972539386,1524.710349116629,41.778281935405175,1.0,0.0,1.0,500,0,0,4500,71.6051380634308
ok,ptft,17,5000,0.255,1275,0.255,10000,0.001,0.0,1.0,0.1,1.0,0.1,1.0,unit_total_var,,0.5,5000000,5000,50000,True,0.0001,,0.0,0.0,1.0,2000,train_pred_mse,10000,0.3485897635386078,0.34972800490059325,0.00014728820365114204,0.03283001284636969,1510.3879840997924,39.69684071945564,1.0,0.0,1.0,500,0,0,4500,78.54064869880676
ok,ptft,18,5000,0.255,1275,0.255,10000,0.001,0.0,1.0,0.1,1.0,0.1,1.0,unit_total_var,,0.5,5000000,5000,50000,True,0.0001,,0.0,0.0,1.0,2000,train_pred_mse,10000,0.31054762503937383,0.3091961023211511,0.00015799939604700864,0.033635638258588126,1534.3134708204782,40.69134936850401,1.0,0.0,1.0,500,0,0,4500,76.06746006011963
ok,ptft,19,5000,0.255,1275,0.255,10000,0.001,0.0,1.0,0.1,1.0,0.1,1.0,unit_total_var,,0.5,5000000,5000,50000,True,0.0001,,0.0,0.0,1.0,2000,train_pred_mse,10000,0.33313729217861665,0.3368714127338585,0.00013395462754778952,0.028962873553595687,1549.3317775554565,41.99550416833865,1.0,0.0,1.0,500,0,0,4500,77.06545329093933
ok,ptft,6,5000,0.255,1275,0.255,10000,0.001,0.0,1.0,0.1,1.0,0.1,1.0,unit_total_var,,0.5,5000000,5000,50000,True,0.0001,,0.0,0.0,1.0,2000,train_pred_mse,10000,0.31977408958298603,0.31894011596931643,0.0001388713702053172,0.028750588370478614,1565.2946713763197,42.58504482712528,1.0,0.0,1.0,500,0,0,4500,78.7963352203369
ok,ptft,7,5000,0.255,1275,0.255,10000,0.001,0.0,1.0,0.1,1.0,0.1,1.0,unit_total_var,,0.5,5000000,5000,50000,True,0.0001,,0.0,0.0,1.0,2000,train_pred_mse,10000,0.3434499369700633,0.3470375973656209,0.00015468772221305017,0.031422849175801564,1573.0737257477772,42.307397087433685,0.9998,0.0,1.0,500,0,0,4500,78.70392322540283
ok,ptft,8,5000,0.255,1275,0.255,10000,0.001,0.0,1.0,0.1,1.0,0.1,1.0,unit_total_var,,0.5,5000000,5000,50000,True,0.0001,,0.0,0.0,1.0,2000,train_pred_mse,10000,0.3528598287195496,0.3512904725395405,0.00015125713408570133,0.030876909257299374,1598.2474687957058,43.43086452967871,1.0,0.0,1.0,500,0,0,4500,78.68044066429137
ok,ptft,9,5000,0.255,1275,0.255,10000,0.001,0.0,1.0,0.1,1.0,0.1,1.0,unit_total_var,,0.5,5000000,5000,50000,True,0.0001,,0.0,0.0,1.0,2000,train_pred_mse,10000,0.3252386508315032,0.32480518711760525,0.0001470393113050582,0.03154491428797178,1514.8451037042112,41.59944760244329,1.0,0.0,1.0,500,0,0,4500,55.99416208267212
ok,ptft,10,5000,0.30400000000000005,1520,0.304,10000,0.001,0.0,1.0,0.1,1.0,0.1,1.0,unit_total_var,,0.5,5000000,5000,50000,True,0.0001,,0.0,0.0,1.0,2000,train_pred_mse,10000,0.288088811842091,0.29165397937056103,0.0002637850031120493,0.043090423746478944,1633.2829438749661,46.526311255575024,1.0,0.0,1.0,500,0,0,4500,112.89188170433044
ok,ptft,11,5000,0.30400000000000005,1520,0.304,10000,0.001,0.0,1.0,0.1,1.0,0.1,1.0,unit_total_var,,0.5,5000000,5000,50000,True,0.0001,,0.0,0.0,1.0,2000,train_pred_mse,10000,0.2968643954770325,0.2971076798299763,0.0002813000056627376,0.041493733618803416,1735.6397439651864,48.875167843331496,1.0,0.0,1.0,500,0,0,4500,84.55527114868164
ok,ptft,12,5000,0.30400000000000005,1520,0.304,10000,0.001,0.0,1.0,0.1,1.0,0.1,1.0,unit_total_var,,0.5,5000000,5000,50000,True,0.0001,,0.0,0.0,1.0,2000,train_pred_mse,10000,0.2643260629222854,0.2656746163041419,0.0002544503149730804,0.043634339215766565,1562.3094744412006,43.78281384537242,1.0,0.0,1.0,500,0,0,4500,98.035231590271
ok,ptft,13,5000,0.30400000000000005,1520,0.304,10000,0.001,0.0,1.0,0.1,1.0,0.1,1.0,unit_total_var,,0.5,5000000,5000,50000,True,0.0001,,0.0,0.0,1.0,2000,train_pred_mse,10000,0.2454091649003651,0.2449299073941721,0.00026813505988754666,0.04074108918762706,1703.0924960512634,49.32477301959695,1.0,0.0,1.0,500,0,0,4500,90.62677836418152
ok,ptft,14,5000,0.30400000000000005,1520,0.304,10000,0.001,0.0,1.0,0.1,1.0,0.1,1.0,unit_total_var,,0.5,5000000,5000,50000,True,0.0001,,0.0,0.0,1.0,2000,train_pred_mse,10000,0.2890219516897489,0.2877240262298388,0.00027702925597856265,0.04150300401545096,1695.3758136526105,49.001230635120905,1.0,0.0,1.0,500,0,0,4500,94.62775444984436
ok,ptft,15,5000,0.30400000000000005,1520,0.304,10000,0.001,0.0,1.0,0.1,1.0,0.1,1.0,unit_total_var,,0.5,5000000,5000,50000,True,0.0001,,0.0,0.0,1.0,2000,train_pred_mse,10000,0.2681851295384161,0.2699805412591827,0.0002622571565104128,0.041334249749905176,1654.1653400452883,47.13614287565857,1.0,0.0,1.0,500,0,0,4500,84.78065252304076
ok,ptft,16,5000,0.30400000000000005,1520,0.304,10000,0.001,0.0,1.0,0.1,1.0,0.1,1.0,unit_total_var,,0.5,5000000,5000,50000,True,0.0001,,0.0,0.0,1.0,2000,train_pred_mse,10000,0.2332166845368873,0.23784800963984426,0.00028070264143590295,0.04383928520139448,1582.884181982053,45.64381796136057,1.0,0.0,1.0,500,0,0,4500,76.12195992469788
ok,ptft,17,5000,0.30400000000000005,1520,0.304,10000,0.001,0.0,1.0,0.1,1.0,0.1,1.0,unit_total_var,,0.5,5000000,5000,50000,True,0.0001,,0.0,0.0,1.0,2000,train_pred_mse,10000,0.2628208786210339,0.2662109387967441,0.00027430034403064707,0.04418113451946485,1575.6466100275354,44.499510630621664,1.0,0.0,1.0,500,0,0,4500,89.27103304862976
ok,ptft,18,5000,0.30400000000000005,1520,0.304,10000,0.001,0.0,1.0,0.1,1.0,0.1,1.0,unit_total_var,,0.5,5000000,5000,50000,True,0.0001,,0.0,0.0,1.0,2000,train_pred_mse,10000,0.2533341196528203,0.2449958373766636,0.0002548284019722856,0.04135837528819572,1576.130801520415,44.397868741354884,1.0,0.0,1.0,500,0,0,4500,90.32057309150696
ok,ptft,19,5000,0.30400000000000005,1520,0.304,10000,0.001,0.0,1.0,0.1,1.0,0.1,1.0,unit_total_var,,0.5,5000000,5000,50000,True,0.0001,,0.0,0.0,1.0,2000,train_pred_mse,10000,0.26710692930682545,0.2662316742047804,0.00027294586254265343,0.044064275820719374,1600.6955389871036,45.65645141772849,1.0,0.0,1.0,500,0,0,4500,96.18581056594849
ok,ptft,6,5000,0.30400000000000005,1520,0.304,10000,0.001,0.0,1.0,0.1,1.0,0.1,1.0,unit_total_var,,0.5,5000000,5000,50000,True,0.0001,,0.0,0.0,1.0,2000,train_pred_mse,10000,0.2755832304158036,0.2729487125477448,0.0002698341409955858,0.04357692488378423,1607.994673169162,45.141107952616565,1.0,0.0,1.0,500,0,0,4500,78.91925644874574
ok,ptft,7,5000,0.30400000000000005,1520,0.304,10000,0.001,0.0,1.0,0.1,1.0,0.1,1.0,unit_total_var,,0.5,5000000,5000,50000,True,0.0001,,0.0,0.0,1.0,2000,train_pred_mse,10000,0.2586442992408388,0.2596694948067749,0.00028209687326281174,0.0439346954469537,1653.3897853220167,47.031152428116464,1.0,0.0,1.0,500,0,0,4500,113.55184483528136
ok,ptft,8,5000,0.30400000000000005,1520,0.304,10000,0.001,0.0,1.0,0.1,1.0,0.1,1.0,unit_total_var,,0.5,5000000,5000,50000,True,0.0001,,0.0,0.0,1.0,2000,train_pred_mse,10000,0.2709764201278249,0.2647418480885469,0.0002985575318760979,0.04341926637835797,1660.110963470854,48.36247139141169,1.0,0.0,1.0,500,0,0,4500,108.23767471313477
ok,ptft,9,5000,0.30400000000000005,1520,0.304,10000,0.001,0.0,1.0,0.1,1.0,0.1,1.0,unit_total_var,,0.5,5000000,5000,50000,True,0.0001,,0.0,0.0,1.0,2000,train_pred_mse,10000,0.2472846888150975,0.24960068928096124,0.00028062738166346145,0.045211688126658316,1596.9976730167346,45.61261777929478,1.0,0.0,1.0,500,0,0,4500,85.41720223426819
ok,ptft,10,5000,0.35300000000000004,1765,0.353,10000,0.001,0.0,1.0,0.1,1.0,0.1,1.0,unit_total_var,,0.5,5000000,5000,50000,True,0.0001,,0.0,0.0,1.0,2000,train_pred_mse,15000,0.21560509773193925,0.22154701753373296,0.00015056488240145445,0.015517609887032931,1697.7812022079045,50.62366857627983,1.0,0.0,1.0,500,0,0,4500,195.5169472694397
ok,ptft,11,5000,0.35300000000000004,1765,0.353,10000,0.001,0.0,1.0,0.1,1.0,0.1,1.0,unit_total_var,,0.5,5000000,5000,50000,True,0.0001,,0.0,0.0,1.0,2000,train_pred_mse,15000,0.22740458872133704,0.2261606941597872,0.00014940992233744804,0.01500619711100931,1768.1531750072172,52.86264246244408,1.0,0.0,1.0,500,0,0,4500,157.63493299484253
ok,ptft,12,5000,0.35300000000000004,1765,0.353,10000,0.001,0.0,1.0,0.1,1.0,0.1,1.0,unit_total_var,,0.5,5000000,5000,50000,True,0.0001,,0.0,0.0,1.0,2000,train_pred_mse,15000,0.1848817249326072,0.1887580384270764,0.00014663237220865526,0.015406323984759475,1623.1352943909376,48.35956948943017,1.0,0.0,1.0,500,0,0,4500,173.02603602409363
ok,ptft,13,5000,0.35300000000000004,1765,0.353,10000,0.001,0.0,1.0,0.1,1.0,0.1,1.0,unit_total_var,,0.5,5000000,5000,50000,True,0.0001,,0.0,0.0,1.0,2000,train_pred_mse,15000,0.2049116752887299,0.20298521107395087,0.00014950053813188953,0.014524081101117413,1729.7627944565086,51.97710287578578,1.0,0.0,1.0,500,0,0,4500,219.22521543502808
ok,ptft,14,5000,0.35300000000000004,1765,0.353,10000,0.001,0.0,1.0,0.1,1.0,0.1,1.0,unit_total_var,,0.5,5000000,5000,50000,True,0.0001,,0.0,0.0,1.0,2000,train_pred_mse,15000,0.20920089500221212,0.20743105467920345,0.00015818021538814198,0.015335360435062732,1764.3835972954355,53.644765207632396,1.0,0.0,1.0,500,0,0,4500,167.45771551132205
ok,ptft,15,5000,0.35300000000000004,1765,0.353,10000,0.001,0.0,1.0,0.1,1.0,0.1,1.0,unit_total_var,,0.5,5000000,5000,50000,True,0.0001,,0.0,0.0,1.0,2000,train_pred_mse,15000,0.2041091752679484,0.20348688784224067,0.00015616691656129508,0.015675770048425536,1702.1061312162185,50.945805264711396,1.0,0.0,1.0,500,0,0,4500,149.58484172821042
ok,ptft,16,5000,0.35300000000000004,1765,0.353,10000,0.001,0.0,1.0,0.1,1.0,0.1,1.0,unit_total_var,,0.5,5000000,5000,50000,True,0.0001,,0.0,0.0,1.0,2000,train_pred_mse,15000,0.1943272508870521,0.1967858836835999,0.00014647123585246726,0.015510958299153431,1625.6987432378849,48.198021752232286,1.0,0.0,1.0,500,0,0,4500,163.94869661331174
ok,ptft,17,5000,0.35300000000000004,1765,0.353,10000,0.001,0.0,1.0,0.1,1.0,0.1,1.0,unit_total_var,,0.5,5000000,5000,50000,True,0.0001,,0.0,0.0,1.0,2000,train_pred_mse,15000,0.2025990875384068,0.20363157415243108,0.00015481334656261716,0.016290646435696072,1624.97160288648,48.077665182376,1.0,0.0,1.0,500,0,0,4500,196.7344856262207
ok,ptft,18,5000,0.35300000000000004,1765,0.353,10000,0.001,0.0,1.0,0.1,1.0,0.1,1.0,unit_total_var,,0.5,5000000,5000,50000,True,0.0001,,0.0,0.0,1.0,2000,train_pred_mse,15000,0.1938974384994324,0.1913402917013192,0.00014958318919315076,0.015981745013388757,1616.226247189277,47.714104130968934,1.0,0.0,1.0,500,0,0,4500,130.1596746444702
ok,ptft,19,5000,0.35300000000000004,1765,0.353,10000,0.001,0.0,1.0,0.1,1.0,0.1,1.0,unit_total_var,,0.5,5000000,5000,50000,True,0.0001,,0.0,0.0,1.0,2000,train_pred_mse,15000,0.21406681841579006,0.21225495004284406,0.00016827164553761731,0.017278070474290926,1654.24234031871,49.00500096178788,1.0,0.0,1.0,500,0,0,4500,182.81762409210202
ok,ptft,6,5000,0.35300000000000004,1765,0.353,10000,0.001,0.0,1.0,0.1,1.0,0.1,1.0,unit_total_var,,0.5,5000000,5000,50000,True,0.0001,,0.0,0.0,1.0,2000,train_pred_mse,15000,0.1982484742739752,0.1972265758405771,0.00014032509541184643,0.014723070171074982,1658.6857435885724,49.61060228635387,1.0,0.0,1.0,500,0,0,4500,244.29880332946775
ok,ptft,7,5000,0.35300000000000004,1765,0.353,10000,0.001,0.0,1.0,0.1,1.0,0.1,1.0,unit_total_var,,0.5,5000000,5000,50000,True,0.0001,,0.0,0.0,1.0,2000,train_pred_mse,15000,0.20951243725664168,0.20474976332502667,0.00015130870775317305,0.015358174145859169,1698.8750596473071,50.44834143066017,1.0,0.0,1.0,500,0,0,4500,147.39046812057498
ok,ptft,8,5000,0.35300000000000004,1765,0.353,10000,0.001,0.0,1.0,0.1,1.0,0.1,1.0,unit_total_var,,0.5,5000000,5000,50000,True,0.0001,,0.0,0.0,1.0,2000,train_pred_mse,15000,0.20641112822004076,0.2021349663413022,0.00015430511386110076,0.01517310293490996,1704.1588750557933,52.24511554127977,1.0,0.0,1.0,500,0,0,4500,195.89885306358337
ok,ptft,9,5000,0.35300000000000004,1765,0.353,10000,0.001,0.0,1.0,0.1,1.0,0.1,1.0,unit_total_var,,0.5,5000000,5000,50000,True,0.0001,,0.0,0.0,1.0,2000,train_pred_mse,15000,0.21190295240829216,0.20988976843860171,0.00015574416800447557,0.016398296205928132,1613.0816758883993,48.091673929304115,1.0,0.0,1.0,500,0,0,4500,224.88949060440063
ok,ptft,10,5000,0.402,2010,0.402,10000,0.001,0.0,1.0,0.1,1.0,0.1,1.0,unit_total_var,,0.5,5000000,5000,50000,True,0.0001,,0.0,0.0,1.0,2000,train_pred_mse,15000,0.16222328384167994,0.16326531700844713,0.00021307545033299454,0.018698110468721926,1738.7536807195056,54.17459383577438,1.0,0.0,1.0,500,0,0,4500,222.53408193588257
ok,ptft,11,5000,0.402,2010,0.402,10000,0.001,0.0,1.0,0.1,1.0,0.1,1.0,unit_total_var,,0.5,5000000,5000,50000,True,0.0001,,0.0,0.0,1.0,2000,train_pred_mse,15000,0.1752361362094232,0.1738853937319641,0.00022661550160477223,0.019419268814114758,1794.8269509775405,56.23652504148282,1.0,0.0,1.0,500,0,0,4500,176.1936821937561
ok,ptft,12,5000,0.402,2010,0.402,10000,0.001,0.0,1.0,0.1,1.0,0.1,1.0,unit_total_var,,0.5,5000000,5000,50000,True,0.0001,,0.0,0.0,1.0,2000,train_pred_mse,15000,0.15397843338589196,0.1549700730809742,0.00021301347147681244,0.020024876488318518,1640.874738575528,50.749141831990364,1.0,0.0,1.0,500,0,0,4500,184.0774526596069
ok,ptft,13,5000,0.402,2010,0.402,10000,0.001,0.0,1.0,0.1,1.0,0.1,1.0,unit_total_var,,0.5,5000000,5000,50000,True,0.0001,,0.0,0.0,1.0,2000,train_pred_mse,20000,0.16387136221795495,0.16531316988713884,0.00011742366713400066,0.009348411384828434,1749.0732558168154,54.398507471554574,1.0,0.0,1.0,500,0,0,4500,249.43537855148315
ok,ptft,14,5000,0.402,2010,0.402,10000,0.001,0.0,1.0,0.1,1.0,0.1,1.0,unit_total_var,,0.5,5000000,5000,50000,True,0.0001,,0.0,0.0,1.0,2000,train_pred_mse,15000,0.18650035111348245,0.1837533312879107,0.0002085285483998368,0.018649682609474885,1769.551551133729,55.265777557532274,1.0,0.0,1.0,500,0,0,4500,208.44418907165527
ok,ptft,15,5000,0.402,2010,0.402,10000,0.001,0.0,1.0,0.1,1.0,0.1,1.0,unit_total_var,,0.5,5000000,5000,50000,True,0.0001,,0.0,0.0,1.0,2000,train_pred_mse,15000,0.15096757702846636,0.14938656721731014,0.00021280798730490826,0.018545597521720258,1722.6857460789258,55.04072683367735,1.0,0.0,1.0,500,0,0,4500,176.30651688575745
ok,ptft,16,5000,0.402,2010,0.402,10000,0.001,0.0,1.0,0.1,1.0,0.1,1.0,unit_total_var,,0.5,5000000,5000,50000,True,0.0001,,0.0,0.0,1.0,2000,train_pred_mse,15000,0.15660498543069742,0.1590672099774722,0.00021958480432584325,0.02071417747073662,1626.5667795218772,50.955603220846726,1.0,0.0,1.0,500,0,0,4500,273.1237006187439
ok,ptft,17,5000,0.402,2010,0.402,10000,0.001,0.0,1.0,0.1,1.0,0.1,1.0,unit_total_var,,0.5,5000000,5000,50000,True,0.0001,,0.0,0.0,1.0,2000,train_pred_mse,15000,0.15890542620303266,0.16057216896213114,0.00021058046368648402,0.0197171881243506,1661.5065752654575,51.04589988205539,1.0,0.0,1.0,500,0,0,4500,227.69025683403012
ok,ptft,18,5000,0.402,2010,0.402,10000,0.001,0.0,1.0,0.1,1.0,0.1,1.0,unit_total_var,,0.5,5000000,5000,50000,True,0.0001,,0.0,0.0,1.0,2000,train_pred_mse,15000,0.1544591270748165,0.15525138621604334,0.0002192718794233777,0.020870265719854675,1643.738557813738,50.146732774843066,1.0,0.0,1.0,500,0,0,4500,205.1435775756836
ok,ptft,19,5000,0.402,2010,0.402,10000,0.001,0.0,1.0,0.1,1.0,0.1,1.0,unit_total_var,,0.5,5000000,5000,50000,True,0.0001,,0.0,0.0,1.0,2000,train_pred_mse,15000,0.16487833427856918,0.1630913595782482,0.00022533743354248283,0.020665038244301225,1667.4218982046102,52.072885849126216,1.0,0.0,1.0,500,0,0,4500,151.21892023086545
ok,ptft,6,5000,0.402,2010,0.402,10000,0.001,0.0,1.0,0.1,1.0,0.1,1.0,unit_total_var,,0.5,5000000,5000,50000,True,0.0001,,0.0,0.0,1.0,2000,train_pred_mse,15000,0.14591101803907053,0.1496033111181253,0.00022241971359333418,0.02002191611687276,1667.260509154368,52.840658943423854,1.0,0.0,1.0,500,0,0,4500,268.44274139404297
ok,ptft,7,5000,0.402,2010,0.402,10000,0.001,0.0,1.0,0.1,1.0,0.1,1.0,unit_total_var,,0.5,5000000,5000,50000,True,0.0001,,0.0,0.0,1.0,2000,train_pred_mse,20000,0.16148933287548078,0.16183305747378046,0.00012202801012009329,0.009932608382577349,1720.8681885019296,53.315704478106355,1.0,0.0,1.0,500,0,0,4500,286.0060632228852
ok,ptft,8,5000,0.402,2010,0.402,10000,0.001,0.0,1.0,0.1,1.0,0.1,1.0,unit_total_var,,0.5,5000000,5000,50000,True,0.0001,,0.0,0.0,1.0,2000,train_pred_mse,15000,0.17324642135345295,0.16792667735104572,0.0002198872443628953,0.019731554088961732,1725.4942837255333,54.19154702371989,1.0,0.0,1.0,500,0,0,4500,181.79625415802
ok,ptft,9,5000,0.402,2010,0.402,10000,0.001,0.0,1.0,0.1,1.0,0.1,1.0,unit_total_var,,0.5,5000000,5000,50000,True,0.0001,,0.0,0.0,1.0,2000,train_pred_mse,15000,0.16467000902108803,0.1627529853582368,0.00020562856307103768,0.01893392881294218,1655.137346973183,51.04996900038135,1.0,0.0,1.0,500,0,0,4500,154.40910649299622
ok,ptft,10,5000,0.451,2255,0.451,10000,0.001,0.0,1.0,0.1,1.0,0.1,1.0,unit_total_var,,0.5,5000000,5000,50000,True,0.0001,,0.0,0.0,1.0,2000,train_pred_mse,20000,0.1362707597909532,0.1387579972461873,0.000168219540414528,0.012410259064166474,1731.2122910156122,56.278676263215466,1.0,0.0,1.0,500,0,0,4500,338.61327934265137
ok,ptft,11,5000,0.451,2255,0.451,10000,0.001,0.0,1.0,0.1,1.0,0.1,1.0,unit_total_var,,0.5,5000000,5000,50000,True,0.0001,,0.0,0.0,1.0,2000,train_pred_mse,20000,0.1388002169732796,0.13838178464610942,0.0001739699767156952,0.012326878303193074,1798.6258668309854,58.67697643760218,1.0,0.0,1.0,500,0,0,4500,244.26550841331482
ok,ptft,12,5000,0.451,2255,0.451,10000,0.001,0.0,1.0,0.1,1.0,0.1,1.0,unit_total_var,,0.5,5000000,5000,50000,True,0.0001,,0.0,0.0,1.0,2000,train_pred_mse,20000,0.1275968888677801,0.1258520849511249,0.000147469821647149,0.01131966654983287,1641.5623914027753,52.85793283574704,1.0,0.0,1.0,500,0,0,4500,279.5816056728363
ok,ptft,13,5000,0.451,2255,0.451,10000,0.001,0.0,1.0,0.1,1.0,0.1,1.0,unit_total_var,,0.5,5000000,5000,50000,True,0.0001,,0.0,0.0,1.0,2000,train_pred_mse,20000,0.12674244055959707,0.12647664054407412,0.0001574379969415779,0.011532710302332765,1752.9907994453733,57.25525819768753,1.0,0.0,1.0,500,0,0,4500,339.0622482299805
ok,ptft,14,5000,0.451,2255,0.451,10000,0.001,0.0,1.0,0.1,1.0,0.1,1.0,unit_total_var,,0.5,5000000,5000,50000,True,0.0001,,0.0,0.0,1.0,2000,train_pred_mse,20000,0.13707626371397874,0.13671791727991595,0.00014820414876400703,0.010498174727511479,1796.6968185343974,58.27632411999274,1.0,0.0,1.0,500,0,0,4500,300.2242703437805
ok,ptft,15,5000,0.451,2255,0.451,10000,0.001,0.0,1.0,0.1,1.0,0.1,1.0,unit_total_var,,0.5,5000000,5000,50000,True,0.0001,,0.0,0.0,1.0,2000,train_pred_mse,20000,0.12988426500154607,0.12959523541522885,0.00017151102258051708,0.01261728040106056,1731.8777284786474,56.06050400881522,1.0,0.0,1.0,500,0,0,4500,215.2656626701355
ok,ptft,16,5000,0.451,2255,0.451,10000,0.001,0.0,1.0,0.1,1.0,0.1,1.0,unit_total_var,,0.5,5000000,5000,50000,True,0.0001,,0.0,0.0,1.0,2000,train_pred_mse,20000,0.1112023435692878,0.11197278912053868,0.00015475627392608047,0.01158974833067737,1643.9788033066602,54.790908428403924,1.0,0.0,1.0,500,0,0,4500,300.16658234596247
ok,ptft,17,5000,0.451,2255,0.451,10000,0.001,0.0,1.0,0.1,1.0,0.1,1.0,unit_total_var,,0.5,5000000,5000,50000,True,0.0001,,0.0,0.0,1.0,2000,train_pred_mse,20000,0.12048771368487772,0.11990517888010775,0.00014791001961359242,0.01128568670240505,1663.1684082791498,54.128524259685484,1.0,0.0,1.0,500,0,0,4500,289.19653749465937
ok,ptft,18,5000,0.451,2255,0.451,10000,0.001,0.0,1.0,0.1,1.0,0.1,1.0,unit_total_var,,0.5,5000000,5000,50000,True,0.0001,,0.0,0.0,1.0,2000,train_pred_mse,20000,0.13150267573605565,0.1318946313707597,0.00016886720883897298,0.013401325961459943,1658.0685303918674,51.65493458797805,1.0,0.0,1.0,500,0,0,4500,320.62271904945374
ok,ptft,19,5000,0.451,2255,0.451,10000,0.001,0.0,1.0,0.1,1.0,0.1,1.0,unit_total_var,,0.5,5000000,5000,50000,True,0.0001,,0.0,0.0,1.0,2000,train_pred_mse,20000,0.12702249270612329,0.1260185496023041,0.00015486561850048118,0.011692768972139193,1696.1503444997531,54.998168001266635,1.0,0.0,1.0,500,0,0,4500,405.96083903312683
ok,ptft,6,5000,0.451,2255,0.451,10000,0.001,0.0,1.0,0.1,1.0,0.1,1.0,unit_total_var,,0.5,5000000,5000,50000,True,0.0001,,0.0,0.0,1.0,2000,train_pred_mse,20000,0.12846823057892634,0.12621307764961756,0.00015430165712130962,0.011670336967820029,1680.8313924506926,54.68279381929184,1.0,0.0,1.0,500,0,0,4500,297.79320454597473
ok,ptft,7,5000,0.451,2255,0.451,10000,0.001,0.0,1.0,0.1,1.0,0.1,1.0,unit_total_var,,0.5,5000000,5000,50000,True,0.0001,,0.0,0.0,1.0,2000,train_pred_mse,20000,0.13245270202173448,0.13076677638378306,0.00017396855699374058,0.01292636119989488,1726.477429426192,55.409930785637776,1.0,0.0,1.0,500,0,0,4500,424.0060622692108
ok,ptft,8,5000,0.451,2255,0.451,10000,0.001,0.0,1.0,0.1,1.0,0.1,1.0,unit_total_var,,0.5,5000000,5000,50000,True,0.0001,,0.0,0.0,1.0,2000,train_pred_mse,20000,0.13231752153359752,0.13003392581256873,0.00016002934013235645,0.011679054922305228,1737.619294944599,56.78115585157401,1.0,0.0,1.0,500,0,0,4500,253.6385128498077
ok,ptft,9,5000,0.451,2255,0.451,10000,0.001,0.0,1.0,0.1,1.0,0.1,1.0,unit_total_var,,0.5,5000000,5000,50000,True,0.0001,,0.0,0.0,1.0,2000,train_pred_mse,20000,0.125230980141002,0.1234094484726872,0.0001527570831007889,0.011589904909629791,1666.7915661116585,54.21565780720992,1.0,0.0,1.0,500,0,0,4500,288.9247252941132
ok,ptft,10,5000,0.5,2500,0.5,10000,0.001,0.0,1.0,0.1,1.0,0.1,1.0,unit_total_var,,0.5,5000000,5000,50000,True,0.0001,,0.0,0.0,1.0,2000,train_pred_mse,25000,0.0977725683273065,0.10076321618706102,0.00013216707378887088,0.008587389939707884,1742.2044823880562,59.22652887956835,1.0,0.0,1.0,500,0,0,4500,374.5078179836273
ok,ptft,11,5000,0.5,2500,0.5,10000,0.001,0.0,1.0,0.1,1.0,0.1,1.0,unit_total_var,,0.5,5000000,5000,50000,True,0.0001,,0.0,0.0,1.0,2000,train_pred_mse,25000,0.11788727379002052,0.11677922695748535,0.0001331322144901234,0.008427060492834466,1810.7059365585087,60.492045169556036,1.0,0.0,1.0,500,0,0,4500,349.3836147785187
ok,ptft,12,5000,0.5,2500,0.5,10000,0.001,0.0,1.0,0.1,1.0,0.1,1.0,unit_total_var,,0.5,5000000,5000,50000,True,0.0001,,0.0,0.0,1.0,2000,train_pred_mse,25000,0.09032237904272654,0.08970446684414406,0.0001365012557202868,0.009129439226346577,1655.5523125619202,55.89151873885978,1.0,0.0,1.0,500,0,0,4500,538.0113072395325
ok,ptft,13,5000,0.5,2500,0.5,10000,0.001,0.0,1.0,0.1,1.0,0.1,1.0,unit_total_var,,0.5,5000000,5000,50000,True,0.0001,,0.0,0.0,1.0,2000,train_pred_mse,25000,0.10312625685812946,0.10258912367848047,0.00012808598815423734,0.00821685336596646,1759.4000771627148,59.13564828342417,1.0,0.0,1.0,500,0,0,4500,398.80548620224
ok,ptft,14,5000,0.5,2500,0.5,10000,0.001,0.0,1.0,0.1,1.0,0.1,1.0,unit_total_var,,0.5,5000000,5000,50000,True,0.0001,,0.0,0.0,1.0,2000,train_pred_mse,25000,0.10125856491566716,0.1013515274273988,0.00012880195537189848,0.007886198596495796,1788.8333886330474,61.299531030145594,1.0,0.0,1.0,500,0,0,4500,337.1559410095215
ok,ptft,15,5000,0.5,2500,0.5,10000,0.001,0.0,1.0,0.1,1.0,0.1,1.0,unit_total_var,,0.5,5000000,5000,50000,True,0.0001,,0.0,0.0,1.0,2000,train_pred_mse,25000,0.10076990003441406,0.10240963995499257,0.0001286048944204606,0.008289699826682187,1731.455370085085,58.35653460841298,1.0,0.0,1.0,500,0,0,4500,451.7034637928009
ok,ptft,16,5000,0.5,2500,0.5,10000,0.001,0.0,1.0,0.1,1.0,0.1,1.0,unit_total_var,,0.5,5000000,5000,50000,True,0.0001,,0.0,0.0,1.0,2000,train_pred_mse,25000,0.10007521948782748,0.100353108254889,0.00012388162051425017,0.008419985228116673,1660.605284882803,55.432601183983536,1.0,0.0,1.0,500,0,0,4500,402.5264630317688
ok,ptft,17,5000,0.5,2500,0.5,10000,0.001,0.0,1.0,0.1,1.0,0.1,1.0,unit_total_var,,0.5,5000000,5000,50000,True,0.0001,,0.0,0.0,1.0,2000,train_pred_mse,25000,0.08732218696457866,0.08684220669969765,0.00012789284639036386,0.008417530049321819,1665.5515547252317,57.046166620925035,1.0,0.0,1.0,500,0,0,4500,416.2024972438812
ok,ptft,18,5000,0.5,2500,0.5,10000,0.001,0.0,1.0,0.1,1.0,0.1,1.0,unit_total_var,,0.5,5000000,5000,50000,True,0.0001,,0.0,0.0,1.0,2000,train_pred_mse,25000,0.09600852764200854,0.09622553527498527,0.00013223034655422458,0.009194216445636134,1654.6690961464608,54.58207182067825,1.0,0.0,1.0,500,0,0,4500,442.2986533641815
ok,ptft,19,5000,0.5,2500,0.5,10000,0.001,0.0,1.0,0.1,1.0,0.1,1.0,unit_total_var,,0.5,5000000,5000,50000,True,0.0001,,0.0,0.0,1.0,2000,train_pred_mse,25000,0.08930026098007232,0.0881210710629601,0.00013219720052081246,0.008727309656958223,1681.3979930610574,58.06552614798496,1.0,0.0,1.0,500,0,0,4500,514.6146454811096
ok,ptft,6,5000,0.5,2500,0.5,10000,0.001,0.0,1.0,0.1,1.0,0.1,1.0,unit_total_var,,0.5,5000000,5000,50000,True,0.0001,,0.0,0.0,1.0,2000,train_pred_mse,25000,0.09289601148699958,0.09398055572404117,0.00013524988601281267,0.008947809838387024,1679.4803232540107,57.311597755995244,1.0,0.0,1.0,500,0,0,4500,368.4464590549469
ok,ptft,7,5000,0.5,2500,0.5,10000,0.001,0.0,1.0,0.1,1.0,0.1,1.0,unit_total_var,,0.5,5000000,5000,50000,True,0.0001,,0.0,0.0,1.0,2000,train_pred_mse,25000,0.09977340888820828,0.09942734108030196,0.00013493882752641653,0.00877869334814972,1730.9343165418713,57.99386875474811,1.0,0.0,1.0,500,0,0,4500,440.5331506729126
ok,ptft,8,5000,0.5,2500,0.5,10000,0.001,0.0,1.0,0.1,1.0,0.1,1.0,unit_total_var,,0.5,5000000,5000,50000,True,0.0001,,0.0,0.0,1.0,2000,train_pred_mse,25000,0.09447023340235633,0.09187614744027134,0.00013109350072159067,0.008333199192330039,1728.8887104445996,60.08515734275584,1.0,0.0,1.0,500,0,0,4500,376.90705943107605
ok,ptft,9,5000,0.5,2500,0.5,10000,0.001,0.0,1.0,0.1,1.0,0.1,1.0,unit_total_var,,0.5,5000000,5000,50000,True,0.0001,,0.0,0.0,1.0,2000,train_pred_mse,25000,0.09200778638122634,0.09443470549251186,0.0001261687757893856,0.008333590522080917,1667.0027737810306,56.65369904669049,1.0,0.0,1.0,500,0,0,4500,460.4868702888489
ok,ptft,10,5000,0.01,50,0.01,10000,0.001,0.0,10.0,0.1,1.0,0.1,1.0,unit_total_var,,0.5,5000000,5000,50000,True,0.0001,,0.0,0.0,1.0,2000,train_pred_mse,5000,1.0085102370493788,1.0391637436956112,6.455671114196594e-17,0.5207299773383992,437.7198988291493,7.638297696928849,1.0,0.0,1.0,500,0,0,4500,5.5774455070495605
ok,ptft,11,5000,0.01,50,0.01,10000,0.001,0.0,10.0,0.1,1.0,0.1,1.0,unit_total_var,,0.5,5000000,5000,50000,True,0.0001,,0.0,0.0,1.0,2000,train_pred_mse,5000,1.1265595927130572,1.11253663016892,6.443770176835075e-17,0.5259922562242892,440.3606186979887,7.742649531503735,1.0,0.0,1.0,500,0,0,4500,5.2646849155426025
ok,ptft,12,5000,0.01,50,0.01,10000,0.001,0.0,10.0,0.1,1.0,0.1,1.0,unit_total_var,,0.5,5000000,5000,50000,True,0.0001,,0.0,0.0,1.0,2000,train_pred_mse,5000,0.926731830461926,0.9268809549338164,1.061866033042561e-16,0.5074405982118317,379.73949264030443,6.749256970911257,1.0,0.0,1.0,500,0,0,4500,5.466995000839233
ok,ptft,13,5000,0.01,50,0.01,10000,0.001,0.0,10.0,0.1,1.0,0.1,1.0,unit_total_var,,0.5,5000000,5000,50000,True,0.0001,,0.0,0.0,1.0,2000,train_pred_mse,5000,1.0489384782645903,1.0369246041582392,4.3647197676626866e-17,0.5318407392816764,492.07343896073615,8.70913054469411,1.0,0.0,1.0,500,0,0,4500,5.522622585296631
ok,ptft,14,5000,0.01,50,0.01,10000,0.001,0.0,10.0,0.1,1.0,0.1,1.0,unit_total_var,,0.5,5000000,5000,50000,True,0.0001,,0.0,0.0,1.0,2000,train_pred_mse,5000,1.1121156641684515,1.0985567759655464,1.0496663633083037e-16,0.5126198407680995,419.9846536123882,7.471625321830635,1.0,0.0,1.0,500,0,0,4500,5.008076190948486
ok,ptft,15,5000,0.01,50,0.01,10000,0.001,0.0,10.0,0.1,1.0,0.1,1.0,unit_total_var,,0.5,5000000,5000,50000,True,0.0001,,0.0,0.0,1.0,2000,train_pred_mse,5000,1.0196801545371752,1.02068725341317,4.956934240042168e-17,0.5366019829604616,441.2730828035869,7.775418553093612,1.0,0.0,1.0,500,0,0,4500,4.817840814590454
ok,ptft,16,5000,0.01,50,0.01,10000,0.001,0.0,10.0,0.1,1.0,0.1,1.0,unit_total_var,,0.5,5000000,5000,50000,True,0.0001,,0.0,0.0,1.0,2000,train_pred_mse,5000,0.9118697672756249,0.9341345161041944,0.0024283881100153177,0.510982668078285,499.51686982603513,8.832127574310508,1.0,0.0,1.0,500,0,0,4500,5.521422386169434
ok,ptft,17,5000,0.01,50,0.01,10000,0.001,0.0,10.0,0.1,1.0,0.1,1.0,unit_total_var,,0.5,5000000,5000,50000,True,0.0001,,0.0,0.0,1.0,2000,train_pred_mse,5000,0.938644370135712,0.9494504432557896,7.95159769576257e-17,0.5198617105941633,416.59469657710974,7.411144350442384,1.0,0.0,1.0,500,0,0,4500,5.333085536956787
ok,ptft,18,5000,0.01,50,0.01,10000,0.001,0.0,10.0,0.1,1.0,0.1,1.0,unit_total_var,,0.5,5000000,5000,50000,True,0.0001,,0.0,0.0,1.0,2000,train_pred_mse,5000,0.9219058401724876,0.9077534707349256,9.443092679335247e-17,0.5198572310419804,435.8316131236283,7.769925584796773,1.0,0.0,1.0,500,0,0,4500,5.882338523864746
ok,ptft,19,5000,0.01,50,0.01,10000,0.001,0.0,10.0,0.1,1.0,0.1,1.0,unit_total_var,,0.5,5000000,5000,50000,True,0.0001,,0.0,0.0,1.0,2000,train_pred_mse,5000,0.9925804972578915,0.9789599729338804,6.585099524437727e-17,0.5269041164967492,407.74291139053696,7.219417364347582,1.0,0.0,1.0,500,0,0,4500,5.173898935317993
ok,ptft,6,5000,0.01,50,0.01,10000,0.001,0.0,10.0,0.1,1.0,0.1,1.0,unit_total_var,,0.5,5000000,5000,50000,True,0.0001,,0.0,0.0,1.0,2000,train_pred_mse,5000,0.969884131001448,0.9755964383167852,8.29904866926557e-17,0.5196123239266235,403.3345309788182,7.152046956472847,1.0,0.0,1.0,500,0,0,4500,4.942399263381958
ok,ptft,7,5000,0.01,50,0.01,10000,0.001,0.0,10.0,0.1,1.0,0.1,1.0,unit_total_var,,0.5,5000000,5000,50000,True,0.0001,,0.0,0.0,1.0,2000,train_pred_mse,5000,0.987438682658798,0.9974256999197876,7.935859691786541e-17,0.5118727818858421,478.23742222466836,8.451515641135247,1.0,0.0,1.0,500,0,0,4500,4.827110528945923
ok,ptft,8,5000,0.01,50,0.01,10000,0.001,0.0,10.0,0.1,1.0,0.1,1.0,unit_total_var,,0.5,5000000,5000,50000,True,0.0001,,0.0,0.0,1.0,2000,train_pred_mse,5000,1.0672156993832729,1.0445527928612364,9.820286401176223e-17,0.517066445723168,428.0049715470894,7.552801164024488,1.0,0.0,1.0,500,0,0,4500,5.448935508728027
ok,ptft,9,5000,0.01,50,0.01,10000,0.001,0.0,10.0,0.1,1.0,0.1,1.0,unit_total_var,,0.5,5000000,5000,50000,True,0.0001,,0.0,0.0,1.0,2000,train_pred_mse,5000,0.9616849917395331,0.9581749793168032,1.1693443491416271e-16,0.5325601963264797,322.5744653273473,5.671880130324063,1.0,0.0,1.0,500,0,0,4500,5.651560544967651
ok,ptft,10,5000,0.059,295,0.059000000000000004,10000,0.001,0.0,10.0,0.1,1.0,0.1,1.0,unit_total_var,,0.5,5000000,5000,50000,True,0.0001,,0.0,0.0,1.0,2000,train_pred_mse,5000,0.9535324290830426,0.9834431812843945,7.291023760818461e-17,1.8407765157125624,1009.8600390264328,17.96837965455925,1.0,0.0,1.0,500,0,0,4500,9.478806495666504
ok,ptft,11,5000,0.059,295,0.059000000000000004,10000,0.001,0.0,10.0,0.1,1.0,0.1,1.0,unit_total_var,,0.5,5000000,5000,50000,True,0.0001,,0.0,0.0,1.0,2000,train_pred_mse,5000,1.0628707827920287,1.0542941039682578,7.914072339383557e-17,2.0145461321969886,1024.35267590386,18.337982661289466,1.0,0.0,1.0,500,0,0,4500,10.092686653137207
ok,ptft,12,5000,0.059,295,0.059000000000000004,10000,0.001,0.0,10.0,0.1,1.0,0.1,1.0,unit_total_var,,0.5,5000000,5000,50000,True,0.0001,,0.0,0.0,1.0,2000,train_pred_mse,5000,0.8839312982088271,0.8839786209750548,7.8116895198859e-17,1.8463417272204763,892.0741479726822,15.850332981692686,1.0,0.0,1.0,500,0,0,4500,9.804932594299316
ok,ptft,13,5000,0.059,295,0.059000000000000004,10000,0.001,0.0,10.0,0.1,1.0,0.1,1.0,unit_total_var,,0.5,5000000,5000,50000,True,0.0001,,0.0,0.0,1.0,2000,train_pred_mse,5000,0.9935332016038004,0.992304861410208,6.724752170218705e-17,1.89773877388298,945.0273426154547,16.785981484890552,1.0,0.0,1.0,500,0,0,4500,8.853261709213259
ok,ptft,14,5000,0.059,295,0.059000000000000004,10000,0.001,0.0,10.0,0.1,1.0,0.1,1.0,unit_total_var,,0.5,5000000,5000,50000,True,0.0001,,0.0,0.0,1.0,2000,train_pred_mse,5000,1.0543390703509359,1.0417880859467137,7.038478641047233e-17,1.9782102638434267,1016.8763848276794,18.076146485048056,1.0,0.0,1.0,500,0,0,4500,8.751387596130371
ok,ptft,15,5000,0.059,295,0.059000000000000004,10000,0.001,0.0,10.0,0.1,1.0,0.1,1.0,unit_total_var,,0.5,5000000,5000,50000,True,0.0001,,0.0,0.0,1.0,2000,train_pred_mse,5000,0.963489982674437,0.9735565785934313,7.219578585938485e-17,1.8296784307460043,948.5603471434,16.70510260049314,1.0,0.0,1.0,500,0,0,4500,7.678136110305786
ok,ptft,16,5000,0.059,295,0.059000000000000004,10000,0.001,0.0,10.0,0.1,1.0,0.1,1.0,unit_total_var,,0.5,5000000,5000,50000,True,0.0001,,0.0,0.0,1.0,2000,train_pred_mse,5000,0.8713661150400491,0.8929638595819251,7.656839370139161e-17,2.060037961887121,930.4251196562269,16.51397782518607,1.0,0.0,1.0,500,0,0,4500,9.646789312362673
ok,ptft,17,5000,0.059,295,0.059000000000000004,10000,0.001,0.0,10.0,0.1,1.0,0.1,1.0,unit_total_var,,0.5,5000000,5000,50000,True,0.0001,,0.0,0.0,1.0,2000,train_pred_mse,5000,0.8870911261992769,0.8955028767596456,7.648275589292794e-17,1.922727166125465,982.1951334900801,17.563953561478957,1.0,0.0,1.0,500,0,0,4500,8.449629068374634
ok,ptft,18,5000,0.059,295,0.059000000000000004,10000,0.001,0.0,10.0,0.1,1.0,0.1,1.0,unit_total_var,,0.5,5000000,5000,50000,True,0.0001,,0.0,0.0,1.0,2000,train_pred_mse,5000,0.8759629632138122,0.8649968916319872,7.725484311961664e-17,1.881920221828232,914.5027556068487,16.26244392671962,1.0,0.0,1.0,500,0,0,4500,16.422917127609253
ok,ptft,19,5000,0.059,295,0.059000000000000004,10000,0.001,0.0,10.0,0.1,1.0,0.1,1.0,unit_total_var,,0.5,5000000,5000,50000,True,0.0001,,0.0,0.0,1.0,2000,train_pred_mse,5000,0.9377327410745708,0.9178790706057428,7.514557545081847e-17,1.9900281987058697,1044.6370740787597,18.625481460270464,1.0,0.0,1.0,500,0,0,4500,9.938900232315065
ok,ptft,6,5000,0.059,295,0.059000000000000004,10000,0.001,0.0,10.0,0.1,1.0,0.1,1.0,unit_total_var,,0.5,5000000,5000,50000,True,0.0001,,0.0,0.0,1.0,2000,train_pred_mse,5000,0.9330898127687844,0.9367968991392404,8.753536796897426e-17,1.8929722100444368,867.5207405999993,15.37566730399524,1.0,0.0,1.0,500,0,0,4500,9.446701288223268
ok,ptft,7,5000,0.059,295,0.059000000000000004,10000,0.001,0.0,10.0,0.1,1.0,0.1,1.0,unit_total_var,,0.5,5000000,5000,50000,True,0.0001,,0.0,0.0,1.0,2000,train_pred_mse,5000,0.9562568303800172,0.95450374740885,8.27042907430525e-17,1.856171992963969,938.1073325464228,16.730216932692993,1.0,0.0,1.0,500,0,0,4500,8.606959581375122
ok,ptft,8,5000,0.059,295,0.059000000000000004,10000,0.001,0.0,10.0,0.1,1.0,0.1,1.0,unit_total_var,,0.5,5000000,5000,50000,True,0.0001,,0.0,0.0,1.0,2000,train_pred_mse,5000,1.007759505831933,0.9869970310432524,5.3756259422018716e-17,1.8857428681034103,1016.8712442628827,18.105995660316452,1.0,0.0,1.0,500,0,0,4500,8.541113615036009
ok,ptft,9,5000,0.059,295,0.059000000000000004,10000,0.001,0.0,10.0,0.1,1.0,0.1,1.0,unit_total_var,,0.5,5000000,5000,50000,True,0.0001,,0.0,0.0,1.0,2000,train_pred_mse,5000,0.9133449412462068,0.9059884215608665,7.088734086085086e-17,1.8826084037272983,941.5527726320922,16.73196643345242,1.0,0.0,1.0,500,0,0,4500,9.345337867736816
ok,ptft,10,5000,0.10800000000000001,540,0.10800000000000001,10000,0.001,0.0,10.0,0.1,1.0,0.1,1.0,unit_total_var,,0.5,5000000,5000,50000,True,0.0001,,0.0,0.0,1.0,2000,train_pred_mse,5000,0.9008880020826908,0.9397501326484722,6.524254913733263e-17,4.124080559097356,1299.1055017124447,23.130023735206304,1.0,0.0,1.0,500,0,0,4500,13.127116203308105
ok,ptft,11,5000,0.10800000000000001,540,0.10800000000000001,10000,0.001,0.0,10.0,0.1,1.0,0.1,1.0,unit_total_var,,0.5,5000000,5000,50000,True,0.0001,,0.0,0.0,1.0,2000,train_pred_mse,5000,1.0148609625368217,1.0076835509871291,7.11749247020113e-17,4.220535113910061,1319.1000311892744,23.711895397684263,1.0,0.0,1.0,500,0,0,4500,11.098669052124023
ok,ptft,12,5000,0.10800000000000001,540,0.10800000000000001,10000,0.001,0.0,10.0,0.1,1.0,0.1,1.0,unit_total_var,,0.5,5000000,5000,50000,True,0.0001,,0.0,0.0,1.0,2000,train_pred_mse,5000,0.8317384092540804,0.8292651574785579,6.244744699867144e-17,4.259279384864132,1261.8626155364336,22.731428249235922,1.0,0.0,1.0,500,0,0,4500,21.947301387786865
ok,ptft,13,5000,0.10800000000000001,540,0.10800000000000001,10000,0.001,0.0,10.0,0.1,1.0,0.1,1.0,unit_total_var,,0.5,5000000,5000,50000,True,0.0001,,0.0,0.0,1.0,2000,train_pred_mse,5000,0.9437427924172188,0.9288320078144168,6.783065697637287e-17,4.121911774401464,1353.9670964365025,24.288567486312505,1.0,0.0,1.0,500,0,0,4500,12.363576412200928
ok,ptft,14,5000,0.10800000000000001,540,0.10800000000000001,10000,0.001,0.0,10.0,0.1,1.0,0.1,1.0,unit_total_var,,0.5,5000000,5000,50000,True,0.0001,,0.0,0.0,1.0,2000,train_pred_mse,5000,0.9907463763121428,0.9843410600006038,6.805397160324635e-17,4.088466601118569,1365.9059090701767,24.61431645240459,1.0,0.0,1.0,500,0,0,4500,12.753751993179321
ok,ptft,15,5000,0.10800000000000001,540,0.10800000000000001,10000,0.001,0.0,10.0,0.1,1.0,0.1,1.0,unit_total_var,,0.5,5000000,5000,50000,True,0.0001,,0.0,0.0,1.0,2000,train_pred_mse,5000,0.9154516622251736,0.9218999583199474,7.573332920826024e-17,4.027579205531723,1282.1794795268715,23.016006424762892,1.0,0.0,1.0,500,0,0,4500,13.422594785690308
ok,ptft,16,5000,0.10800000000000001,540,0.10800000000000001,10000,0.001,0.0,10.0,0.1,1.0,0.1,1.0,unit_total_var,,0.5,5000000,5000,50000,True,0.0001,,0.0,0.0,1.0,2000,train_pred_mse,5000,0.8338679907874205,0.8550769840949554,7.898860183868846e-17,4.196994193502114,1191.9342986939,21.373334921710104,1.0,0.0,1.0,500,0,0,4500,15.700722217559814
ok,ptft,17,5000,0.10800000000000001,540,0.10800000000000001,10000,0.001,0.0,10.0,0.1,1.0,0.1,1.0,unit_total_var,,0.5,5000000,5000,50000,True,0.0001,,0.0,0.0,1.0,2000,train_pred_mse,5000,0.8458108591681075,0.8596682203248993,7.483821267453911e-17,4.084013188640085,1231.348689805436,21.96729749426629,1.0,0.0,1.0,500,0,0,4500,13.953440427780151
ok,ptft,18,5000,0.10800000000000001,540,0.10800000000000001,10000,0.001,0.0,10.0,0.1,1.0,0.1,1.0,unit_total_var,,0.5,5000000,5000,50000,True,0.0001,,0.0,0.0,1.0,2000,train_pred_mse,5000,0.8420542300826873,0.8262886075232673,7.994526870598077e-17,4.151778519430005,1187.359636731497,21.271952961948408,1.0,0.0,1.0,500,0,0,4500,13.42845892906189
ok,ptft,19,5000,0.10800000000000001,540,0.10800000000000001,10000,0.001,0.0,10.0,0.1,1.0,0.1,1.0,unit_total_var,,0.5,5000000,5000,50000,True,0.0001,,0.0,0.0,1.0,2000,train_pred_mse,5000,0.8909816125048077,0.8870796774133142,7.627751121556655e-17,4.148041680841832,1245.0696477997694,22.28205011783861,1.0,0.0,1.0,500,0,0,4500,14.627331495285034
ok,ptft,6,5000,0.10800000000000001,540,0.10800000000000001,10000,0.001,0.0,10.0,0.1,1.0,0.1,1.0,unit_total_var,,0.5,5000000,5000,50000,True,0.0001,,0.0,0.0,1.0,2000,train_pred_mse,5000,0.8723373137756869,0.8698304304462272,6.823744998188177e-17,4.211492940132286,1331.0000437572655,23.69234259443061,1.0,0.0,1.0,500,0,0,4500,14.615051984786987
ok,ptft,7,5000,0.10800000000000001,540,0.10800000000000001,10000,0.001,0.0,10.0,0.1,1.0,0.1,1.0,unit_total_var,,0.5,5000000,5000,50000,True,0.0001,,0.0,0.0,1.0,2000,train_pred_mse,5000,0.8807044100223891,0.8940065102805796,7.250492872689512e-17,4.303285733238213,1336.2686484341095,23.948816550969372,1.0,0.0,1.0,500,0,0,4500,15.663856744766235
ok,ptft,8,5000,0.10800000000000001,540,0.10800000000000001,10000,0.001,0.0,10.0,0.1,1.0,0.1,1.0,unit_total_var,,0.5,5000000,5000,50000,True,0.0001,,0.0,0.0,1.0,2000,train_pred_mse,5000,0.96082896260528,0.9370094661678636,6.81689412547393e-17,4.128916597007678,1344.4109395666326,23.884984774505558,1.0,0.0,1.0,500,0,0,4500,12.740141868591307
ok,ptft,9,5000,0.10800000000000001,540,0.10800000000000001,10000,0.001,0.0,10.0,0.1,1.0,0.1,1.0,unit_total_var,,0.5,5000000,5000,50000,True,0.0001,,0.0,0.0,1.0,2000,train_pred_mse,5000,0.8709507027675183,0.8628755294812785,7.585672066825035e-17,4.1363981166844646,1238.8688362761004,22.1154258207715,1.0,0.0,1.0,500,0,0,4500,14.11153507232666
ok,ptft,10,5000,0.15700000000000006,785,0.157,10000,0.001,0.0,10.0,0.1,1.0,0.1,1.0,unit_total_var,,0.5,5000000,5000,50000,True,0.0001,,0.0,0.0,1.0,2000,train_pred_mse,5000,0.8503005711209378,0.8756955587488982,7.874040581467077e-17,6.410095044215519,1605.3374117214669,29.105356038477467,1.0,0.0,1.0,500,0,0,4500,18.06956458091736
ok,ptft,11,5000,0.15700000000000006,785,0.157,10000,0.001,0.0,10.0,0.1,1.0,0.1,1.0,unit_total_var,,0.5,5000000,5000,50000,True,0.0001,,0.0,0.0,1.0,2000,train_pred_mse,5000,0.9412389589270936,0.926779159372201,6.847171269080364e-17,6.455363568885477,1713.0983029086292,30.92711237879963,1.0,0.0,1.0,500,0,0,4500,21.496888160705566
ok,ptft,12,5000,0.15700000000000006,785,0.157,10000,0.001,0.0,10.0,0.1,1.0,0.1,1.0,unit_total_var,,0.5,5000000,5000,50000,True,0.0001,,0.0,0.0,1.0,2000,train_pred_mse,5000,0.7923096949990255,0.7926123494110752,7.67136024874292e-17,6.590326006907041,1464.8037400589747,26.366347195605048,1.0,0.0,1.0,500,0,0,4500,15.176778078079224
ok,ptft,13,5000,0.15700000000000006,785,0.157,10000,0.001,0.0,10.0,0.1,1.0,0.1,1.0,unit_total_var,,0.5,5000000,5000,50000,True,0.0001,,0.0,0.0,1.0,2000,train_pred_mse,5000,0.887779842981534,0.8741836988363828,7.313023198168122e-17,6.185261652040948,1610.3877290453156,29.26281137797428,1.0,0.0,1.0,500,0,0,4500,21.93329215049744
ok,ptft,14,5000,0.15700000000000006,785,0.157,10000,0.001,0.0,10.0,0.1,1.0,0.1,1.0,unit_total_var,,0.5,5000000,5000,50000,True,0.0001,,0.0,0.0,1.0,2000,train_pred_mse,5000,0.9541296669800354,0.9339972595840229,7.418310796483191e-17,6.145417475781981,1604.5560817954786,29.17664455198891,1.0,0.0,1.0,500,0,0,4500,19.969315052032467
ok,ptft,15,5000,0.15700000000000006,785,0.157,10000,0.001,0.0,10.0,0.1,1.0,0.1,1.0,unit_total_var,,0.5,5000000,5000,50000,True,0.0001,,0.0,0.0,1.0,2000,train_pred_mse,5000,0.8673215576359609,0.8642930688529621,7.268773606422792e-17,6.413427728095899,1576.7632436702154,28.468701336326657,1.0,0.0,1.0,500,0,0,4500,20.384808063507077
ok,ptft,16,5000,0.15700000000000006,785,0.157,10000,0.001,0.0,10.0,0.1,1.0,0.1,1.0,unit_total_var,,0.5,5000000,5000,50000,True,0.0001,,0.0,0.0,1.0,2000,train_pred_mse,5000,0.7794592584470501,0.7971699603538679,7.909463874816353e-17,6.441485667633243,1505.970161659425,27.17663337364812,1.0,0.0,1.0,500,0,0,4500,23.83223962783813
ok,ptft,17,5000,0.15700000000000006,785,0.157,10000,0.001,0.0,10.0,0.1,1.0,0.1,1.0,unit_total_var,,0.5,5000000,5000,50000,True,0.0001,,0.0,0.0,1.0,2000,train_pred_mse,5000,0.8043104857157858,0.810937757990578,7.390893322718598e-17,6.303351820454066,1484.5304571726992,26.824587159800416,1.0,0.0,1.0,500,0,0,4500,18.99718809127808
ok,ptft,18,5000,0.15700000000000006,785,0.157,10000,0.001,0.0,10.0,0.1,1.0,0.1,1.0,unit_total_var,,0.5,5000000,5000,50000,True,0.0001,,0.0,0.0,1.0,2000,train_pred_mse,5000,0.7828507525191845,0.7713261081466343,7.922332661693181e-17,6.378087792629112,1493.7807924848278,26.83169960897559,1.0,0.0,1.0,500,0,0,4500,32.139991998672485
ok,ptft,19,5000,0.15700000000000006,785,0.157,10000,0.001,0.0,10.0,0.1,1.0,0.1,1.0,unit_total_var,,0.5,5000000,5000,50000,True,0.0001,,0.0,0.0,1.0,2000,train_pred_mse,5000,0.8446535582186286,0.8363186013797164,7.955031221136812e-17,6.3065494235329815,1505.5742811262476,27.268800514643797,1.0,0.0,1.0,500,0,0,4500,22.154852151870728
ok,ptft,6,5000,0.15700000000000006,785,0.157,10000,0.001,0.0,10.0,0.1,1.0,0.1,1.0,unit_total_var,,0.5,5000000,5000,50000,True,0.0001,,0.0,0.0,1.0,2000,train_pred_mse,5000,0.8138334648479023,0.8191940719139162,7.052236950971032e-17,6.461986646859187,1579.4656575922022,28.428269839953817,1.0,0.0,1.0,500,0,0,4500,18.39825987815857
ok,ptft,7,5000,0.15700000000000006,785,0.157,10000,0.001,0.0,10.0,0.1,1.0,0.1,1.0,unit_total_var,,0.5,5000000,5000,50000,True,0.0001,,0.0,0.0,1.0,2000,train_pred_mse,5000,0.8264122111141965,0.8391090012634228,8.178332568750935e-17,6.3834011144770475,1604.2601431079354,29.009023429949067,1.0,0.0,1.0,500,0,0,4500,25.2060124874115
ok,ptft,8,5000,0.15700000000000006,785,0.157,10000,0.001,0.0,10.0,0.1,1.0,0.1,1.0,unit_total_var,,0.5,5000000,5000,50000,True,0.0001,,0.0,0.0,1.0,2000,train_pred_mse,5000,0.8981297535533278,0.8736161997987437,7.23730973642588e-17,6.274521750974331,1641.0039905249719,29.657323060521502,1.0,0.0,1.0,500,0,0,4500,17.718445539474487
ok,ptft,9,5000,0.15700000000000006,785,0.157,10000,0.001,0.0,10.0,0.1,1.0,0.1,1.0,unit_total_var,,0.5,5000000,5000,50000,True,0.0001,,0.0,0.0,1.0,2000,train_pred_mse,5000,0.7972744290795812,0.8043811829771796,7.633593805048452e-17,6.578508956689575,1535.8779417425505,27.823503661759872,1.0,0.0,1.0,500,0,0,4500,24.99755024909973
ok,ptft,10,5000,0.206,1030,0.20600000000000002,10000,0.001,0.0,10.0,0.1,1.0,0.1,1.0,unit_total_var,,0.5,5000000,5000,50000,True,0.0001,,0.0,0.0,1.0,2000,train_pred_mse,5000,0.8018972818526963,0.8214947655129947,8.389963974666661e-17,8.123000934514513,1815.5036077770624,33.350825936417486,1.0,0.0,1.0,500,0,0,4500,35.306792974472046
ok,ptft,11,5000,0.206,1030,0.20600000000000002,10000,0.001,0.0,10.0,0.1,1.0,0.1,1.0,unit_total_var,,0.5,5000000,5000,50000,True,0.0001,,0.0,0.0,1.0,2000,train_pred_mse,5000,0.8994394281740752,0.8761792705385407,8.27987851385485e-17,8.161786752386394,1905.9121746600101,34.70188401139753,1.0,0.0,1.0,500,0,0,4500,26.746743202209476
ok,ptft,12,5000,0.206,1030,0.20600000000000002,10000,0.001,0.0,10.0,0.1,1.0,0.1,1.0,unit_total_var,,0.5,5000000,5000,50000,True,0.0001,,0.0,0.0,1.0,2000,train_pred_mse,5000,0.7391197254679331,0.7413037182487933,9.349685159105604e-17,8.426571637880471,1677.7156355058114,30.751463909718844,1.0,0.0,1.0,500,0,0,4500,25.433764934539795
ok,ptft,13,5000,0.206,1030,0.20600000000000002,10000,0.001,0.0,10.0,0.1,1.0,0.1,1.0,unit_total_var,,0.5,5000000,5000,50000,True,0.0001,,0.0,0.0,1.0,2000,train_pred_mse,5000,0.8390629252113962,0.8300285616305133,8.243040333541556e-17,8.410846658455206,1811.9762268825739,32.74251999657229,1.0,0.0,1.0,500,0,0,4500,34.51379895210266
ok,ptft,14,5000,0.206,1030,0.20600000000000002,10000,0.001,0.0,10.0,0.1,1.0,0.1,1.0,unit_total_var,,0.5,5000000,5000,50000,True,0.0001,,0.0,0.0,1.0,2000,train_pred_mse,5000,0.9032470251267148,0.9022933155284444,9.169385191017736e-17,8.696074834307295,1741.4910179514495,31.713774018432805,1.0,0.0,1.0,500,0,0,4500,32.708219289779656
ok,ptft,15,5000,0.206,1030,0.20600000000000002,10000,0.001,0.0,10.0,0.1,1.0,0.1,1.0,unit_total_var,,0.5,5000000,5000,50000,True,0.0001,,0.0,0.0,1.0,2000,train_pred_mse,5000,0.8186892173136823,0.8122158074240985,8.432881388695102e-17,8.7053223385978,1777.2805436419671,32.636332518060236,1.0,0.0,1.0,500,0,0,4500,31.51784896850586
ok,ptft,16,5000,0.206,1030,0.20600000000000002,10000,0.001,0.0,10.0,0.1,1.0,0.1,1.0,unit_total_var,,0.5,5000000,5000,50000,True,0.0001,,0.0,0.0,1.0,2000,train_pred_mse,5000,0.7309393009432616,0.739920772339835,9.01524117008729e-17,8.366784080532364,1757.450512115502,31.90966968681392,1.0,0.0,1.0,500,0,0,4500,39.25197243690491
ok,ptft,17,5000,0.206,1030,0.20600000000000002,10000,0.001,0.0,10.0,0.1,1.0,0.1,1.0,unit_total_var,,0.5,5000000,5000,50000,True,0.0001,,0.0,0.0,1.0,2000,train_pred_mse,5000,0.7583550476208254,0.7602915982032298,9.001836372823732e-17,8.693281386149799,1693.346899020186,31.095372363243328,1.0,0.0,1.0,500,0,0,4500,25.76414275169373
ok,ptft,18,5000,0.206,1030,0.20600000000000002,10000,0.001,0.0,10.0,0.1,1.0,0.1,1.0,unit_total_var,,0.5,5000000,5000,50000,True,0.0001,,0.0,0.0,1.0,2000,train_pred_mse,5000,0.7335806454917576,0.7224063243349467,9.793629784973407e-17,8.434825927804184,1692.378477578572,30.97001374115836,1.0,0.0,1.0,500,0,0,4500,26.51575064659119
ok,ptft,19,5000,0.206,1030,0.20600000000000002,10000,0.001,0.0,10.0,0.1,1.0,0.1,1.0,unit_total_var,,0.5,5000000,5000,50000,True,0.0001,,0.0,0.0,1.0,2000,train_pred_mse,5000,0.802501294294239,0.786884351760318,9.565165957219487e-17,8.605618355534817,1717.2799586441904,31.38352563777011,1.0,0.0,1.0,500,0,0,4500,32.6000018119812
ok,ptft,6,5000,0.206,1030,0.20600000000000002,10000,0.001,0.0,10.0,0.1,1.0,0.1,1.0,unit_total_var,,0.5,5000000,5000,50000,True,0.0001,,0.0,0.0,1.0,2000,train_pred_mse,5000,0.7719413186002982,0.7810934769233361,8.842286715409255e-17,8.578937609804965,1729.8945633974056,31.54089032941746,1.0,0.0,1.0,500,0,0,4500,31.97585940361023
ok,ptft,7,5000,0.206,1030,0.20600000000000002,10000,0.001,0.0,10.0,0.1,1.0,0.1,1.0,unit_total_var,,0.5,5000000,5000,50000,True,0.0001,,0.0,0.0,1.0,2000,train_pred_mse,5000,0.7787263530124299,0.7993529816078165,9.50982842896212e-17,8.247981503358362,1764.9563637945405,32.18355820666067,1.0,0.0,1.0,500,0,0,4500,36.746946811676025
ok,ptft,8,5000,0.206,1030,0.20600000000000002,10000,0.001,0.0,10.0,0.1,1.0,0.1,1.0,unit_total_var,,0.5,5000000,5000,50000,True,0.0001,,0.0,0.0,1.0,2000,train_pred_mse,5000,0.8600913052400634,0.8392669077626151,8.922352616100172e-17,8.227471550513233,1771.1289330088791,32.363224777710826,1.0,0.0,1.0,500,0,0,4500,27.38278603553772
ok,ptft,9,5000,0.206,1030,0.20600000000000002,10000,0.001,0.0,10.0,0.1,1.0,0.1,1.0,unit_total_var,,0.5,5000000,5000,50000,True,0.0001,,0.0,0.0,1.0,2000,train_pred_mse,5000,0.7765531870060238,0.7700488444778002,9.36837385251916e-17,8.557825933587777,1675.9887614268976,30.696873778607287,1.0,0.0,1.0,500,0,0,4500,35.00467419624329
ok,ptft,10,5000,0.255,1275,0.255,10000,0.001,0.0,10.0,0.1,1.0,0.1,1.0,unit_total_var,,0.5,5000000,5000,50000,True,0.0001,,0.0,0.0,1.0,2000,train_pred_mse,5000,0.7616422008911591,0.7757117408538734,1.0774658974271124e-16,10.725403593489537,1976.5945920766462,36.560166015361006,1.0,0.0,1.0,500,0,0,4500,41.207008361816406
ok,ptft,11,5000,0.255,1275,0.255,10000,0.001,0.0,10.0,0.1,1.0,0.1,1.0,unit_total_var,,0.5,5000000,5000,50000,True,0.0001,,0.0,0.0,1.0,2000,train_pred_mse,5000,0.8342212712497193,0.833746505633706,1.0281351292382195e-16,10.142825082562636,2024.4798062812606,37.58430669790321,1.0,0.0,1.0,500,0,0,4500,35.306873083114624
ok,ptft,12,5000,0.255,1275,0.255,10000,0.001,0.0,10.0,0.1,1.0,0.1,1.0,unit_total_var,,0.5,5000000,5000,50000,True,0.0001,,0.0,0.0,1.0,2000,train_pred_mse,5000,0.6886654998186228,0.6975233071904859,1.1405329249208467e-16,10.66650309774681,1854.0114940297171,34.0643088440782,1.0,0.0,1.0,500,0,0,4500,37.122027158737176
ok,ptft,13,5000,0.255,1275,0.255,10000,0.001,0.0,10.0,0.1,1.0,0.1,1.0,unit_total_var,,0.5,5000000,5000,50000,True,0.0001,,0.0,0.0,1.0,2000,train_pred_mse,5000,0.7805396527462052,0.7853635310009797,1.0980693121842493e-16,10.857861219788118,1942.1631623507649,35.933489285508315,1.0,0.0,1.0,500,0,0,4500,36.62311339378357
ok,ptft,14,5000,0.255,1275,0.255,10000,0.001,0.0,10.0,0.1,1.0,0.1,1.0,unit_total_var,,0.5,5000000,5000,50000,True,0.0001,,0.0,0.0,1.0,2000,train_pred_mse,5000,0.8230406801270835,0.8134476785383614,9.43410462476969e-17,10.497466892233668,2062.1366653860973,37.96854772567175,1.0,0.0,1.0,500,0,0,4500,43.74555993080139
ok,ptft,15,5000,0.255,1275,0.255,10000,0.001,0.0,10.0,0.1,1.0,0.1,1.0,unit_total_var,,0.5,5000000,5000,50000,True,0.0001,,0.0,0.0,1.0,2000,train_pred_mse,5000,0.7728937227245954,0.7751847043612428,1.1398058402622352e-16,10.737383412472484,1922.7660683725353,35.30671087559215,1.0,0.0,1.0,500,0,0,4500,32.61321187019348
ok,ptft,16,5000,0.255,1275,0.255,10000,0.001,0.0,10.0,0.1,1.0,0.1,1.0,unit_total_var,,0.5,5000000,5000,50000,True,0.0001,,0.0,0.0,1.0,2000,train_pred_mse,5000,0.6887538672615993,0.6961407535289649,1.134253116952533e-16,10.382844158083332,1888.731302687248,35.120828836084215,1.0,0.0,1.0,500,0,0,4500,33.615000009536736
ok,ptft,17,5000,0.255,1275,0.255,10000,0.001,0.0,10.0,0.1,1.0,0.1,1.0,unit_total_var,,0.5,5000000,5000,50000,True,0.0001,,0.0,0.0,1.0,2000,train_pred_mse,5000,0.7188727241907639,0.7263855090102834,1.180882471326523e-16,11.037321751605267,1820.32581679435,33.666575757974584,1.0,0.0,1.0,500,0,0,4500,33.482967376708984
ok,ptft,18,5000,0.255,1275,0.255,10000,0.001,0.0,10.0,0.1,1.0,0.1,1.0,unit_total_var,,0.5,5000000,5000,50000,True,0.0001,,0.0,0.0,1.0,2000,train_pred_mse,5000,0.6771259735125578,0.6753983272830151,1.1192192709091015e-16,10.64794081434466,1876.6571678037728,34.49556348504008,1.0,0.0,1.0,500,0,0,4500,33.016573190689094
ok,ptft,19,5000,0.255,1275,0.255,10000,0.001,0.0,10.0,0.1,1.0,0.1,1.0,unit_total_var,,0.5,5000000,5000,50000,True,0.0001,,0.0,0.0,1.0,2000,train_pred_mse,5000,0.7262259450624552,0.7332495299254591,1.124362063065003e-16,10.684038381103882,1904.6724759742133,35.331372887221576,1.0,0.0,1.0,500,0,0,4500,44.59354186058045
ok,ptft,6,5000,0.255,1275,0.255,10000,0.001,0.0,10.0,0.1,1.0,0.1,1.0,unit_total_var,,0.5,5000000,5000,50000,True,0.0001,,0.0,0.0,1.0,2000,train_pred_mse,5000,0.7210874336392195,0.7224296591978726,1.0513794971655941e-16,10.490456361350317,1937.9272086860385,35.80932813326315,1.0,0.0,1.0,500,0,0,4500,46.174914598464966
ok,ptft,7,5000,0.255,1275,0.255,10000,0.001,0.0,10.0,0.1,1.0,0.1,1.0,unit_total_var,,0.5,5000000,5000,50000,True,0.0001,,0.0,0.0,1.0,2000,train_pred_mse,5000,0.7456813078489379,0.7499886693577216,1.1657511987161758e-16,10.2375009776555,1928.453936786263,35.74724985157631,1.0,0.0,1.0,500,0,0,4500,50.77767372131348
ok,ptft,8,5000,0.255,1275,0.255,10000,0.001,0.0,10.0,0.1,1.0,0.1,1.0,unit_total_var,,0.5,5000000,5000,50000,True,0.0001,,0.0,0.0,1.0,2000,train_pred_mse,5000,0.7868677568199601,0.7817487792579304,1.1412171614876632e-16,10.584185459162796,1964.3260820981197,36.45874814979069,1.0,0.0,1.0,500,0,0,4500,38.965704441070564
ok,ptft,9,5000,0.255,1275,0.255,10000,0.001,0.0,10.0,0.1,1.0,0.1,1.0,unit_total_var,,0.5,5000000,5000,50000,True,0.0001,,0.0,0.0,1.0,2000,train_pred_mse,5000,0.7141040325280696,0.7119019351617479,1.1804618031410823e-16,10.678321743913207,1876.8329444600645,35.03347729754011,1.0,0.0,1.0,500,0,0,4500,35.720746040344245
ok,ptft,10,5000,0.30400000000000005,1520,0.304,10000,0.001,0.0,10.0,0.1,1.0,0.1,1.0,unit_total_var,,0.5,5000000,5000,50000,True,0.0001,,0.0,0.0,1.0,2000,train_pred_mse,5000,0.7231584543302703,0.7344782497150314,1.3419025565216215e-16,12.759415945374545,2078.8405776806635,39.24009229105794,1.0,0.0,1.0,500,0,0,4500,64.89852833747864
ok,ptft,11,5000,0.30400000000000005,1520,0.304,10000,0.001,0.0,10.0,0.1,1.0,0.1,1.0,unit_total_var,,0.5,5000000,5000,50000,True,0.0001,,0.0,0.0,1.0,2000,train_pred_mse,5000,0.7745970303695894,0.7753469792114043,1.3237876808334363e-16,11.903267758877421,2206.8920681496493,41.22405801042374,1.0,0.0,1.0,500,0,0,4500,43.04147338867188
ok,ptft,12,5000,0.30400000000000005,1520,0.304,10000,0.001,0.0,10.0,0.1,1.0,0.1,1.0,unit_total_var,,0.5,5000000,5000,50000,True,0.0001,,0.0,0.0,1.0,2000,train_pred_mse,5000,0.6510654720865726,0.6532677437586577,1.4493858192681752e-16,12.711722232728732,1970.9211148632721,37.13441027134658,1.0,0.0,1.0,500,0,0,4500,38.87301468849182
ok,ptft,13,5000,0.30400000000000005,1520,0.304,10000,0.001,0.0,10.0,0.1,1.0,0.1,1.0,unit_total_var,,0.5,5000000,5000,50000,True,0.0001,,0.0,0.0,1.0,2000,train_pred_mse,5000,0.6987017611159803,0.6962899438149005,1.2544113413734418e-16,12.095363114690487,2208.9471377767068,41.58559441309218,1.0,0.0,1.0,500,0,0,4500,53.14126181602478
ok,ptft,14,5000,0.30400000000000005,1520,0.304,10000,0.001,0.0,10.0,0.1,1.0,0.1,1.0,unit_total_var,,0.5,5000000,5000,50000,True,0.0001,,0.0,0.0,1.0,2000,train_pred_mse,5000,0.7680880404474258,0.7622113433247393,1.3010575541683818e-16,12.798781698424882,2176.1504946106734,41.15145593475687,1.0,0.0,1.0,500,0,0,4500,43.624804973602295
ok,ptft,15,5000,0.30400000000000005,1520,0.304,10000,0.001,0.0,10.0,0.1,1.0,0.1,1.0,unit_total_var,,0.5,5000000,5000,50000,True,0.0001,,0.0,0.0,1.0,2000,train_pred_mse,5000,0.7045524005241391,0.7076874648228926,1.3495850993760406e-16,12.168684622996564,2118.6090588042907,39.73003583091783,1.0,0.0,1.0,500,0,0,4500,42.858739376068115
ok,ptft,16,5000,0.30400000000000005,1520,0.304,10000,0.001,0.0,10.0,0.1,1.0,0.1,1.0,unit_total_var,,0.5,5000000,5000,50000,True,0.0001,,0.0,0.0,1.0,2000,train_pred_mse,5000,0.6319304528509165,0.6461955428487525,1.4159884315986976e-16,12.358418692055784,2034.927738030404,38.46040438762017,1.0,0.0,1.0,500,0,0,4500,63.16573739051819
ok,ptft,17,5000,0.30400000000000005,1520,0.304,10000,0.001,0.0,10.0,0.1,1.0,0.1,1.0,unit_total_var,,0.5,5000000,5000,50000,True,0.0001,,0.0,0.0,1.0,2000,train_pred_mse,5000,0.663070246156921,0.6705337506704367,1.4207165464985874e-16,12.522433812357617,2005.0248627942733,37.52158232007304,1.0,0.0,1.0,500,0,0,4500,50.9235725402832
ok,ptft,18,5000,0.30400000000000005,1520,0.304,10000,0.001,0.0,10.0,0.1,1.0,0.1,1.0,unit_total_var,,0.5,5000000,5000,50000,True,0.0001,,0.0,0.0,1.0,2000,train_pred_mse,5000,0.6484462465213774,0.6290219284532198,1.4076053985407387e-16,12.488089959184848,2005.450511788524,37.66072968382258,1.0,0.0,1.0,500,0,0,4500,56.681451320648186
ok,ptft,19,5000,0.30400000000000005,1520,0.304,10000,0.001,0.0,10.0,0.1,1.0,0.1,1.0,unit_total_var,,0.5,5000000,5000,50000,True,0.0001,,0.0,0.0,1.0,2000,train_pred_mse,5000,0.6883812622581065,0.6863090738497504,1.3885845437519086e-16,12.49486874364869,2045.9591899559134,38.45957305090084,1.0,0.0,1.0,500,0,0,4500,49.36392617225647
ok,ptft,6,5000,0.30400000000000005,1520,0.304,10000,0.001,0.0,10.0,0.1,1.0,0.1,1.0,unit_total_var,,0.5,5000000,5000,50000,True,0.0001,,0.0,0.0,1.0,2000,train_pred_mse,5000,0.6895921658755837,0.6858044987963027,1.436858412594695e-16,12.396390219220047,2043.7956798547007,38.251729360353714,1.0,0.0,1.0,500,0,0,4500,48.813069343566895
ok,ptft,7,5000,0.30400000000000005,1520,0.304,10000,0.001,0.0,10.0,0.1,1.0,0.1,1.0,unit_total_var,,0.5,5000000,5000,50000,True,0.0001,,0.0,0.0,1.0,2000,train_pred_mse,5000,0.6799495292610481,0.6869750632788854,1.4087969085570732e-16,12.119522643700911,2110.189371725753,39.850747719676136,1.0,0.0,1.0,500,0,0,4500,51.30623197555542
ok,ptft,8,5000,0.30400000000000005,1520,0.304,10000,0.001,0.0,10.0,0.1,1.0,0.1,1.0,unit_total_var,,0.5,5000000,5000,50000,True,0.0001,,0.0,0.0,1.0,2000,train_pred_mse,5000,0.7314593940152425,0.7143081949883233,1.356379659786937e-16,12.544620045041382,2155.751459197133,40.76573886358437,1.0,0.0,1.0,500,0,0,4500,41.46664571762085
ok,ptft,9,5000,0.30400000000000005,1520,0.304,10000,0.001,0.0,10.0,0.1,1.0,0.1,1.0,unit_total_var,,0.5,5000000,5000,50000,True,0.0001,,0.0,0.0,1.0,2000,train_pred_mse,5000,0.6557515995171909,0.6598843743088505,1.4415011615212934e-16,12.145102715361972,2041.4221514044507,38.512219814336646,1.0,0.0,1.0,500,0,0,4500,50.99760913848877
ok,ptft,10,5000,0.35300000000000004,1765,0.353,10000,0.001,0.0,10.0,0.1,1.0,0.1,1.0,unit_total_var,,0.5,5000000,5000,50000,True,0.0001,,0.0,0.0,1.0,2000,train_pred_mse,5000,0.6597898716431987,0.6786897454902779,1.7494684978110482e-16,13.965504018752162,2235.33068189383,42.59967770527861,1.0,0.0,1.0,500,0,0,4500,39.11730289459229
ok,ptft,11,5000,0.35300000000000004,1765,0.353,10000,0.001,0.0,10.0,0.1,1.0,0.1,1.0,unit_total_var,,0.5,5000000,5000,50000,True,0.0001,,0.0,0.0,1.0,2000,train_pred_mse,5000,0.7222586003681349,0.7163993874560081,1.7206244346459095e-16,14.479659828993384,2323.3422799155205,44.61294665831032,1.0,0.0,1.0,500,0,0,4500,51.76661276817322
ok,ptft,12,5000,0.35300000000000004,1765,0.353,10000,0.001,0.0,10.0,0.1,1.0,0.1,1.0,unit_total_var,,0.5,5000000,5000,50000,True,0.0001,,0.0,0.0,1.0,2000,train_pred_mse,5000,0.584846022428272,0.5940189411918466,1.7674760772931075e-16,14.173225825412207,2135.402669776596,40.877316813806154,1.0,0.0,1.0,500,0,0,4500,56.318020582199104
ok,ptft,13,5000,0.35300000000000004,1765,0.353,10000,0.001,0.0,10.0,0.1,1.0,0.1,1.0,unit_total_var,,0.5,5000000,5000,50000,True,0.0001,,0.0,0.0,1.0,2000,train_pred_mse,5000,0.656407953339425,0.6542114275560229,1.7861719874678492e-16,14.039366997592266,2289.007799805781,44.02095522584674,1.0,0.0,1.0,500,0,0,4500,62.29919481277466
ok,ptft,14,5000,0.35300000000000004,1765,0.353,10000,0.001,0.0,10.0,0.1,1.0,0.1,1.0,unit_total_var,,0.5,5000000,5000,50000,True,0.0001,,0.0,0.0,1.0,2000,train_pred_mse,5000,0.6966503653124394,0.6912702321137137,1.761054723033082e-16,14.120456776956205,2354.922825008245,45.2100958977123,1.0,0.0,1.0,500,0,0,4500,59.16682624816895
ok,ptft,15,5000,0.35300000000000004,1765,0.353,10000,0.001,0.0,10.0,0.1,1.0,0.1,1.0,unit_total_var,,0.5,5000000,5000,50000,True,0.0001,,0.0,0.0,1.0,2000,train_pred_mse,5000,0.6516399263425319,0.6531947397315183,1.7816881067437634e-16,14.357860913166132,2247.5706548469466,42.98044708691347,1.0,0.0,1.0,500,0,0,4500,56.0382924079895
ok,ptft,16,5000,0.35300000000000004,1765,0.353,10000,0.001,0.0,10.0,0.1,1.0,0.1,1.0,unit_total_var,,0.5,5000000,5000,50000,True,0.0001,,0.0,0.0,1.0,2000,train_pred_mse,5000,0.5979728854792764,0.6132726180256839,1.8303225220526695e-16,14.275301836759553,2133.248474677931,40.514733872222706,1.0,0.0,1.0,500,0,0,4500,44.24119138717651
ok,ptft,17,5000,0.35300000000000004,1765,0.353,10000,0.001,0.0,10.0,0.1,1.0,0.1,1.0,unit_total_var,,0.5,5000000,5000,50000,True,0.0001,,0.0,0.0,1.0,2000,train_pred_mse,5000,0.6197973461274383,0.6235802364277356,1.836466579160408e-16,14.32227173284609,2126.9334742898463,40.48797081883029,1.0,0.0,1.0,500,0,0,4500,59.74023652076721
ok,ptft,18,5000,0.35300000000000004,1765,0.353,10000,0.001,0.0,10.0,0.1,1.0,0.1,1.0,unit_total_var,,0.5,5000000,5000,50000,True,0.0001,,0.0,0.0,1.0,2000,train_pred_mse,5000,0.5944341774757835,0.5834239209342079,1.8511423260136687e-16,14.454204433419664,2119.5128367358147,40.541164671585015,1.0,0.0,1.0,500,0,0,4500,45.34068655967712
ok,ptft,19,5000,0.35300000000000004,1765,0.353,10000,0.001,0.0,10.0,0.1,1.0,0.1,1.0,unit_total_var,,0.5,5000000,5000,50000,True,0.0001,,0.0,0.0,1.0,2000,train_pred_mse,5000,0.6446311909413833,0.6383927054796761,1.8462010957657956e-16,14.01852607935628,2164.061696459084,41.420853482354104,1.0,0.0,1.0,500,0,0,4500,67.30266737937927
ok,ptft,6,5000,0.35300000000000004,1765,0.353,10000,0.001,0.0,10.0,0.1,1.0,0.1,1.0,unit_total_var,,0.5,5000000,5000,50000,True,0.0001,,0.0,0.0,1.0,2000,train_pred_mse,5000,0.6293537742068908,0.6262229397126133,1.787974013877619e-16,14.053890623740346,2183.6034835082,41.91385762689943,1.0,0.0,1.0,500,0,0,4500,61.27602481842041
ok,ptft,7,5000,0.35300000000000004,1765,0.353,10000,0.001,0.0,10.0,0.1,1.0,0.1,1.0,unit_total_var,,0.5,5000000,5000,50000,True,0.0001,,0.0,0.0,1.0,2000,train_pred_mse,5000,0.6525106714271081,0.6377424231853898,1.7565312025627947e-16,14.519468212098365,2231.9028208640066,42.79586586738049,1.0,0.0,1.0,500,0,0,4500,56.76646661758423
ok,ptft,8,5000,0.35300000000000004,1765,0.353,10000,0.001,0.0,10.0,0.1,1.0,0.1,1.0,unit_total_var,,0.5,5000000,5000,50000,True,0.0001,,0.0,0.0,1.0,2000,train_pred_mse,5000,0.6760203469635853,0.6569704803536289,1.7739442001179463e-16,14.315870586706573,2284.5722135910337,44.10206014702499,1.0,0.0,1.0,500,0,0,4500,51.94354248046875
ok,ptft,9,5000,0.35300000000000004,1765,0.353,10000,0.001,0.0,10.0,0.1,1.0,0.1,1.0,unit_total_var,,0.5,5000000,5000,50000,True,0.0001,,0.0,0.0,1.0,2000,train_pred_mse,5000,0.6356439743030923,0.626466760095249,1.895352165406975e-16,14.395776039064426,2113.0831709925287,40.59954929082135,1.0,0.0,1.0,500,0,0,4500,61.66011047363281
ok,ptft,10,5000,0.402,2010,0.402,10000,0.001,0.0,10.0,0.1,1.0,0.1,1.0,unit_total_var,,0.5,5000000,5000,50000,True,0.0001,,0.0,0.0,1.0,2000,train_pred_mse,5000,0.6193400792381452,0.6199711189372951,2.9643858536124036e-16,15.83260266868078,2366.072866058392,45.88016512576033,1.0,0.0,1.0,500,0,0,4500,73.0258812904358
ok,ptft,11,5000,0.402,2010,0.402,10000,0.001,0.0,10.0,0.1,1.0,0.1,1.0,unit_total_var,,0.5,5000000,5000,50000,True,0.0001,,0.0,0.0,1.0,2000,train_pred_mse,5000,0.6661631017764327,0.6559927102618471,2.803645165410425e-16,15.983696550803426,2460.732020687163,47.85415124080853,1.0,0.0,1.0,500,0,0,4500,50.500505208969116
ok,ptft,12,5000,0.402,2010,0.402,10000,0.001,0.0,10.0,0.1,1.0,0.1,1.0,unit_total_var,,0.5,5000000,5000,50000,True,0.0001,,0.0,0.0,1.0,2000,train_pred_mse,5000,0.5491773595829512,0.5528527013957321,2.861422839341413e-16,15.983494107762256,2224.381468735892,43.30208834686404,1.0,0.0,1.0,500,0,0,4500,76.91229104995729
ok,ptft,13,5000,0.402,2010,0.402,10000,0.001,0.0,10.0,0.1,1.0,0.1,1.0,unit_total_var,,0.5,5000000,5000,50000,True,0.0001,,0.0,0.0,1.0,2000,train_pred_mse,5000,0.6117015840175729,0.6135235536143224,2.810283555532613e-16,15.936820149082918,2384.2208961907136,46.254579683307284,1.0,0.0,1.0,500,0,0,4500,59.62056875228882
ok,ptft,14,5000,0.402,2010,0.402,10000,0.001,0.0,10.0,0.1,1.0,0.1,1.0,unit_total_var,,0.5,5000000,5000,50000,True,0.0001,,0.0,0.0,1.0,2000,train_pred_mse,5000,0.6592128307415229,0.6574549641287418,2.63071594300697e-16,15.683670916094794,2401.3620725727146,47.03239139260879,1.0,0.0,1.0,500,0,0,4500,69.19315719604492
ok,ptft,15,5000,0.402,2010,0.402,10000,0.001,0.0,10.0,0.1,1.0,0.1,1.0,unit_total_var,,0.5,5000000,5000,50000,True,0.0001,,0.0,0.0,1.0,2000,train_pred_mse,5000,0.5780498312130475,0.5769793493382642,3.0280409377904035e-16,16.06890090367067,2396.565225637406,47.18421257223985,1.0,0.0,1.0,500,0,0,4500,65.6563060283661
ok,ptft,16,5000,0.402,2010,0.402,10000,0.001,0.0,10.0,0.1,1.0,0.1,1.0,unit_total_var,,0.5,5000000,5000,50000,True,0.0001,,0.0,0.0,1.0,2000,train_pred_mse,5000,0.5545437801624934,0.5643091661293728,2.8635919310694867e-16,16.222783427313516,2213.948821748289,43.41005857425969,1.0,0.0,1.0,500,0,0,4500,54.31056523323059
ok,ptft,17,5000,0.402,2010,0.402,10000,0.001,0.0,10.0,0.1,1.0,0.1,1.0,unit_total_var,,0.5,5000000,5000,50000,True,0.0001,,0.0,0.0,1.0,2000,train_pred_mse,5000,0.5729062781662935,0.5741000562997762,2.887448776922353e-16,16.074430986577653,2256.548588419189,43.41119103438145,1.0,0.0,1.0,500,0,0,4500,68.9104015827179
ok,ptft,18,5000,0.402,2010,0.402,10000,0.001,0.0,10.0,0.1,1.0,0.1,1.0,unit_total_var,,0.5,5000000,5000,50000,True,0.0001,,0.0,0.0,1.0,2000,train_pred_mse,5000,0.5398632877837247,0.5420612504480824,2.7180796938023616e-16,16.204373738006307,2213.247421439253,42.996886579728134,1.0,0.0,1.0,500,0,0,4500,48.11136484146118
ok,ptft,19,5000,0.402,2010,0.402,10000,0.001,0.0,10.0,0.1,1.0,0.1,1.0,unit_total_var,,0.5,5000000,5000,50000,True,0.0001,,0.0,0.0,1.0,2000,train_pred_mse,5000,0.5980598270863767,0.5872408337696368,2.818166533391256e-16,16.248127820779487,2275.279991008901,44.37446978690047,1.0,0.0,1.0,500,0,0,4500,76.28275394439697
ok,ptft,6,5000,0.402,2010,0.402,10000,0.001,0.0,10.0,0.1,1.0,0.1,1.0,unit_total_var,,0.5,5000000,5000,50000,True,0.0001,,0.0,0.0,1.0,2000,train_pred_mse,5000,0.5635940834998725,0.5720035835235094,2.6838810702128267e-16,16.13494053784864,2287.303670423151,45.00229791158511,1.0,0.0,1.0,500,0,0,4500,67.9216911792755
ok,ptft,7,5000,0.402,2010,0.402,10000,0.001,0.0,10.0,0.1,1.0,0.1,1.0,unit_total_var,,0.5,5000000,5000,50000,True,0.0001,,0.0,0.0,1.0,2000,train_pred_mse,5000,0.588282720596716,0.5894295018712995,2.649722697405902e-16,16.001009489213732,2319.002919161669,45.5109831507157,1.0,0.0,1.0,500,0,0,4500,63.8200535774231
ok,ptft,8,5000,0.402,2010,0.402,10000,0.001,0.0,10.0,0.1,1.0,0.1,1.0,unit_total_var,,0.5,5000000,5000,50000,True,0.0001,,0.0,0.0,1.0,2000,train_pred_mse,5000,0.6383536848410215,0.6222712089665311,2.964111739217197e-16,15.947243017096524,2363.460196570285,46.010255596263505,1.0,0.0,1.0,500,0,0,4500,59.921141862869256
ok,ptft,9,5000,0.402,2010,0.402,10000,0.001,0.0,10.0,0.1,1.0,0.1,1.0,unit_total_var,,0.5,5000000,5000,50000,True,0.0001,,0.0,0.0,1.0,2000,train_pred_mse,5000,0.5835623465339778,0.5804576174835651,2.7927634388085915e-16,15.584661397547974,2234.112423382805,43.30871586895484,1.0,0.0,1.0,500,0,0,4500,78.84241580963135
ok,ptft,10,5000,0.451,2255,0.451,10000,0.001,0.0,10.0,0.1,1.0,0.1,1.0,unit_total_var,,0.5,5000000,5000,50000,True,0.0001,,0.0,0.0,1.0,2000,train_pred_mse,5000,0.5656658682088321,0.5748036955590106,4.744003454584495e-14,17.905484047529253,2418.6182960777805,48.27573641370322,1.0,0.0,1.0,500,0,0,4500,105.40055322647095
ok,ptft,11,5000,0.451,2255,0.451,10000,0.001,0.0,10.0,0.1,1.0,0.1,1.0,unit_total_var,,0.5,5000000,5000,50000,True,0.0001,,0.0,0.0,1.0,2000,train_pred_mse,5000,0.6119471050848433,0.6063672353683719,4.347730704246808e-14,17.531514563294152,2518.771184905736,50.368426659739555,1.0,0.0,1.0,500,0,0,4500,85.96025490760803
ok,ptft,12,5000,0.451,2255,0.451,10000,0.001,0.0,10.0,0.1,1.0,0.1,1.0,unit_total_var,,0.5,5000000,5000,50000,True,0.0001,,0.0,0.0,1.0,2000,train_pred_mse,5000,0.5276685900131837,0.5195008472568495,1.392493012762696e-14,17.58451373081953,2268.865976059273,45.167490968719314,1.0,0.0,1.0,500,0,0,4500,86.66503477096558
ok,ptft,13,5000,0.451,2255,0.451,10000,0.001,0.0,10.0,0.1,1.0,0.1,1.0,unit_total_var,,0.5,5000000,5000,50000,True,0.0001,,0.0,0.0,1.0,2000,train_pred_mse,5000,0.5574557407862781,0.5558305487747505,3.310354826183857e-14,17.377200031194242,2471.746060369926,49.25956791525885,1.0,0.0,1.0,500,0,0,4500,71.98261046409606
ok,ptft,14,5000,0.451,2255,0.451,10000,0.001,0.0,10.0,0.1,1.0,0.1,1.0,unit_total_var,,0.5,5000000,5000,50000,True,0.0001,,0.0,0.0,1.0,2000,train_pred_mse,5000,0.601798185342188,0.6050167140739457,2.4217323821369348e-14,16.929553529225835,2511.604319066425,49.71867250684011,1.0,0.0,1.0,500,0,0,4500,68.59133458137511
ok,ptft,15,5000,0.451,2255,0.451,10000,0.001,0.0,10.0,0.1,1.0,0.1,1.0,unit_total_var,,0.5,5000000,5000,50000,True,0.0001,,0.0,0.0,1.0,2000,train_pred_mse,5000,0.5548993472193371,0.5560232385142333,4.8687525538111845e-14,17.885686116116773,2424.543306207431,48.27659279382163,1.0,0.0,1.0,500,0,0,4500,82.4586980342865
ok,ptft,16,5000,0.451,2255,0.451,10000,0.001,0.0,10.0,0.1,1.0,0.1,1.0,unit_total_var,,0.5,5000000,5000,50000,True,0.0001,,0.0,0.0,1.0,2000,train_pred_mse,5000,0.4910102516579909,0.4942881077841135,8.159090882870741e-14,17.689886314799747,2342.767284176985,47.254866379626634,1.0,0.0,1.0,500,0,0,4500,70.49663257598877
ok,ptft,17,5000,0.451,2255,0.451,10000,0.001,0.0,10.0,0.1,1.0,0.1,1.0,unit_total_var,,0.5,5000000,5000,50000,True,0.0001,,0.0,0.0,1.0,2000,train_pred_mse,5000,0.5215888059330152,0.5192176585054004,1.6171414787372457e-14,18.39257270212116,2331.689145650015,46.45021183510051,1.0,0.0,1.0,500,0,0,4500,108.93476939201356
ok,ptft,18,5000,0.451,2255,0.451,10000,0.001,0.0,10.0,0.1,1.0,0.1,1.0,unit_total_var,,0.5,5000000,5000,50000,True,0.0001,,0.0,0.0,1.0,2000,train_pred_mse,5000,0.518003238084311,0.5166300860421721,3.162127293887666e-14,18.289326013517982,2260.974374049635,44.43941635636078,1.0,0.0,1.0,500,0,0,4500,58.013970851898186
ok,ptft,19,5000,0.451,2255,0.451,10000,0.001,0.0,10.0,0.1,1.0,0.1,1.0,unit_total_var,,0.5,5000000,5000,50000,True,0.0001,,0.0,0.0,1.0,2000,train_pred_mse,5000,0.5389455717451839,0.5328503845503761,2.8896727960873683e-14,17.795411548182017,2376.5615130342985,47.32971581088544,1.0,0.0,1.0,500,0,0,4500,72.3027820587158
ok,ptft,6,5000,0.451,2255,0.451,10000,0.001,0.0,10.0,0.1,1.0,0.1,1.0,unit_total_var,,0.5,5000000,5000,50000,True,0.0001,,0.0,0.0,1.0,2000,train_pred_mse,5000,0.5464487138591295,0.5373458284865408,2.6818546702688967e-14,18.24219662359012,2357.10491929627,46.88160602000158,1.0,0.0,1.0,500,0,0,4500,82.20256567001344
ok,ptft,7,5000,0.451,2255,0.451,10000,0.001,0.0,10.0,0.1,1.0,0.1,1.0,unit_total_var,,0.5,5000000,5000,50000,True,0.0001,,0.0,0.0,1.0,2000,train_pred_mse,5000,0.5561259817625355,0.5495489164639178,6.877243908631784e-14,18.11516870386404,2385.687726882884,47.63134811107076,1.0,0.0,1.0,500,0,0,4500,73.10417079925537
ok,ptft,8,5000,0.451,2255,0.451,10000,0.001,0.0,10.0,0.1,1.0,0.1,1.0,unit_total_var,,0.5,5000000,5000,50000,True,0.0001,,0.0,0.0,1.0,2000,train_pred_mse,5000,0.5857989967594506,0.5746103510475051,4.9697170317344224e-14,17.75540481643686,2438.655556569264,48.510486648741654,1.0,0.0,1.0,500,0,0,4500,73.17288804054259
ok,ptft,9,5000,0.451,2255,0.451,10000,0.001,0.0,10.0,0.1,1.0,0.1,1.0,unit_total_var,,0.5,5000000,5000,50000,True,0.0001,,0.0,0.0,1.0,2000,train_pred_mse,5000,0.5256215693460664,0.5223048457142433,2.716909066909401e-14,17.817496709521233,2335.946243084728,46.5291218384406,1.0,0.0,1.0,500,0,0,4500,86.56378078460693
ok,ptft,10,5000,0.5,2500,0.5,10000,0.001,0.0,10.0,0.1,1.0,0.1,1.0,unit_total_var,,0.5,5000000,5000,50000,True,0.0001,,0.0,0.0,1.0,2000,train_pred_mse,5000,0.4970412357587053,0.511897228179568,2.2868198070088317e-11,19.22586443884023,2510.203209136101,51.422688117527045,1.0,0.0,1.0,500,0,0,4500,83.46974754333495
ok,ptft,11,5000,0.5,2500,0.5,10000,0.001,0.0,10.0,0.1,1.0,0.1,1.0,unit_total_var,,0.5,5000000,5000,50000,True,0.0001,,0.0,0.0,1.0,2000,train_pred_mse,5000,0.5731904431249348,0.5644861168743089,3.6431585774100505e-11,19.300421504186303,2574.384932983964,52.4074089651247,1.0,0.0,1.0,500,0,0,4500,85.3515646457672
ok,ptft,12,5000,0.5,2500,0.5,10000,0.001,0.0,10.0,0.1,1.0,0.1,1.0,unit_total_var,,0.5,5000000,5000,50000,True,0.0001,,0.0,0.0,1.0,2000,train_pred_mse,5000,0.4564964904121519,0.4555894791534134,2.705071673621813e-11,19.77686836329771,2390.054760389024,48.5715227429269,1.0,0.0,1.0,500,0,0,4500,118.43007183074951
ok,ptft,13,5000,0.5,2500,0.5,10000,0.001,0.0,10.0,0.1,1.0,0.1,1.0,unit_total_var,,0.5,5000000,5000,50000,True,0.0001,,0.0,0.0,1.0,2000,train_pred_mse,5000,0.5148308986554644,0.513389967923895,3.811850568833779e-11,20.033583665600165,2510.9839593854904,51.36637165708842,1.0,0.0,1.0,500,0,0,4500,85.27686142921449
ok,ptft,14,5000,0.5,2500,0.5,10000,0.001,0.0,10.0,0.1,1.0,0.1,1.0,unit_total_var,,0.5,5000000,5000,50000,True,0.0001,,0.0,0.0,1.0,2000,train_pred_mse,5000,0.5300780145089126,0.534084072314526,4.9272585470509206e-11,19.32711004335232,2590.16910946629,53.16385825890068,1.0,0.0,1.0,500,0,0,4500,107.15092062950134
ok,ptft,15,5000,0.5,2500,0.5,10000,0.001,0.0,10.0,0.1,1.0,0.1,1.0,unit_total_var,,0.5,5000000,5000,50000,True,0.0001,,0.0,0.0,1.0,2000,train_pred_mse,5000,0.5047469045596092,0.5100867143911254,3.851171188455472e-11,19.654658915220303,2482.145855648641,50.587884736123456,1.0,0.0,1.0,500,0,0,4500,92.6537971496582
ok,ptft,16,5000,0.5,2500,0.5,10000,0.001,0.0,10.0,0.1,1.0,0.1,1.0,unit_total_var,,0.5,5000000,5000,50000,True,0.0001,,0.0,0.0,1.0,2000,train_pred_mse,5000,0.4789706897216388,0.4807003272974581,3.102794250659519e-11,19.466779160112548,2367.8710102065816,47.96582594527839,1.0,0.0,1.0,500,0,0,4500,77.84268093109131
ok,ptft,17,5000,0.5,2500,0.5,10000,0.001,0.0,10.0,0.1,1.0,0.1,1.0,unit_total_var,,0.5,5000000,5000,50000,True,0.0001,,0.0,0.0,1.0,2000,train_pred_mse,5000,0.4594577720100643,0.4589475834570825,2.1425820295210668e-11,19.10159433532522,2425.954078431166,49.57745424806094,0.9998,0.0,1.0,500,0,0,4500,85.03225016593933
ok,ptft,18,5000,0.5,2500,0.5,10000,0.001,0.0,10.0,0.1,1.0,0.1,1.0,unit_total_var,,0.5,5000000,5000,50000,True,0.0001,,0.0,0.0,1.0,2000,train_pred_mse,5000,0.4642539044406478,0.4630467669188882,2.154842169925262e-11,19.424202614597984,2343.089470271429,47.34286249233889,1.0,0.0,1.0,500,0,0,4500,89.37928819656372
ok,ptft,19,5000,0.5,2500,0.5,10000,0.001,0.0,10.0,0.1,1.0,0.1,1.0,unit_total_var,,0.5,5000000,5000,50000,True,0.0001,,0.0,0.0,1.0,2000,train_pred_mse,5000,0.4800351990159296,0.469796220062166,3.066891836771499e-11,19.41083768858045,2457.2242059474684,50.53883234676782,1.0,0.0,1.0,500,0,0,4500,82.91135025024414
ok,ptft,6,5000,0.5,2500,0.5,10000,0.001,0.0,10.0,0.1,1.0,0.1,1.0,unit_total_var,,0.5,5000000,5000,50000,True,0.0001,,0.0,0.0,1.0,2000,train_pred_mse,5000,0.475136213726031,0.4810285295673261,2.979019918715253e-11,19.559423614973387,2434.6788430893107,49.789644302552965,1.0,0.0,1.0,500,0,0,4500,84.5879979133606
ok,ptft,7,5000,0.5,2500,0.5,10000,0.001,0.0,10.0,0.1,1.0,0.1,1.0,unit_total_var,,0.5,5000000,5000,50000,True,0.0001,,0.0,0.0,1.0,2000,train_pred_mse,5000,0.4944552950214066,0.4937876968912929,4.9412816031057133e-11,19.871541831501123,2472.267772289007,50.47455601977023,1.0,0.0,1.0,500,0,0,4500,107.85393810272215
ok,ptft,8,5000,0.5,2500,0.5,10000,0.001,0.0,10.0,0.1,1.0,0.1,1.0,unit_total_var,,0.5,5000000,5000,50000,True,0.0001,,0.0,0.0,1.0,2000,train_pred_mse,5000,0.5122416009854256,0.5014055109436836,3.001483340561145e-11,19.531015531033933,2519.0773018431896,52.1399427419414,1.0,0.0,1.0,500,0,0,4500,80.73801589012145
ok,ptft,9,5000,0.5,2500,0.5,10000,0.001,0.0,10.0,0.1,1.0,0.1,1.0,unit_total_var,,0.5,5000000,5000,50000,True,0.0001,,0.0,0.0,1.0,2000,train_pred_mse,5000,0.4614578850593657,0.470571684902796,2.090958219081232e-11,18.675931551754328,2398.6822569316273,49.22663156028283,1.0,0.0,1.0,500,0,0,4500,97.26541471481323
ok,ptft,10,5000,0.01,50,0.01,10000,0.001,-0.00099,0.0,0.1,1.0,0.1,0.0,unit_total_var,,0.5,5000000,5000,50000,True,0.0001,,0.0,0.0,1.0,2000,train_pred_mse,5000,1.203360353013163,1.1753714114384026,0.0002882408563798602,28649.170357854317,267.02012437186755,25.61306319850005,0.9894,0.0,0.0,0,500,500,4000,6.1081626415252686
ok,ptft,11,5000,0.01,50,0.01,10000,0.001,-0.00099,0.0,0.1,1.0,0.1,0.0,unit_total_var,,0.5,5000000,5000,50000,True,0.0001,,0.0,0.0,1.0,2000,train_pred_mse,5000,1.3160920506322655,1.2970555035489502,0.0003676804204584877,32510.777181690508,263.6095294353605,29.570184270328568,0.9896,0.0,0.0,0,500,500,4000,5.907987356185912
ok,ptft,12,5000,0.01,50,0.01,10000,0.001,-0.00099,0.0,0.1,1.0,0.1,0.0,unit_total_var,,0.5,5000000,5000,50000,True,0.0001,,0.0,0.0,1.0,2000,train_pred_mse,5000,1.113028586138349,1.1106131869831841,0.000220674483544496,32968.700895679256,272.4343331845844,30.30539697754013,0.9894,0.0,0.0,0,500,500,4000,5.676449537277223
ok,ptft,13,5000,0.01,50,0.01,10000,0.001,-0.00099,0.0,0.1,1.0,0.1,0.0,unit_total_var,,0.5,5000000,5000,50000,True,0.0001,,0.0,0.0,1.0,2000,train_pred_mse,5000,1.212596009433289,1.240681181963174,0.000326679473959061,31887.085774632782,279.82621611722647,31.07860779433043,0.9926,0.0,0.0,0,500,500,4000,5.754650115966798
ok,ptft,14,5000,0.01,50,0.01,10000,0.001,-0.00099,0.0,0.1,1.0,0.1,0.0,unit_total_var,,0.5,5000000,5000,50000,True,0.0001,,0.0,0.0,1.0,2000,train_pred_mse,10000,1.268993730894375,1.2675280425472881,3.202703926599306e-05,0.016796504878288106,231.73358587623883,28.337221279965934,0.9912,0.0,0.0,0,500,500,4000,7.846851587295532
ok,ptft,15,5000,0.01,50,0.01,10000,0.001,-0.00099,0.0,0.1,1.0,0.1,0.0,unit_total_var,,0.5,5000000,5000,50000,True,0.0001,,0.0,0.0,1.0,2000,train_pred_mse,10000,1.160667565730479,1.1628492610696417,2.5365872843651785e-05,0.01987546934455647,252.5665059807644,25.908077775843893,0.9906,0.0,0.0,0,500,500,4000,9.199448823928831
ok,ptft,16,5000,0.01,50,0.01,10000,0.001,-0.00099,0.0,0.1,1.0,0.1,0.0,unit_total_var,,0.5,5000000,5000,50000,True,0.0001,,0.0,0.0,1.0,2000,train_pred_mse,5000,1.079073753066112,1.08440010066919,0.0003300839150371502,32599.116440034308,248.65005693225623,26.339069913839307,0.9922,0.0,0.0,0,500,500,4000,5.296597719192505
ok,ptft,17,5000,0.01,50,0.01,10000,0.001,-0.00099,0.0,0.1,1.0,0.1,0.0,unit_total_var,,0.5,5000000,5000,50000,True,0.0001,,0.0,0.0,1.0,2000,train_pred_mse,10000,1.1710989116456088,1.1471671909274936,5.4663187521146555e-05,0.020305532860141792,243.88317442670257,31.904646271841663,0.9904,0.0,0.0,0,500,500,4000,8.846683502197266
ok,ptft,18,5000,0.01,50,0.01,10000,0.001,-0.00099,0.0,0.1,1.0,0.1,0.0,unit_total_var,,0.5,5000000,5000,50000,True,0.0001,,0.0,0.0,1.0,2000,train_pred_mse,5000,1.1061477369586152,1.0864264456127302,0.00048776779376022195,32182.830247009668,256.6298669794141,28.95379747098804,0.9916,0.0,0.0,0,500,500,4000,5.0002081394195566
ok,ptft,19,5000,0.01,50,0.01,10000,0.001,-0.00099,0.0,0.1,1.0,0.1,0.0,unit_total_var,,0.5,5000000,5000,50000,True,0.0001,,0.0,0.0,1.0,2000,train_pred_mse,5000,1.1313441823518942,1.1508827363256466,0.00026114117883888863,32084.175591385523,253.11877195824002,28.49086795289876,0.9908,0.0,0.0,0,500,500,4000,5.706651449203491
ok,ptft,6,5000,0.01,50,0.01,10000,0.001,-0.00099,0.0,0.1,1.0,0.1,0.0,unit_total_var,,0.5,5000000,5000,50000,True,0.0001,,0.0,0.0,1.0,2000,train_pred_mse,10000,1.1838238011415356,1.184439249545278,3.0987646958976924e-05,0.015100184071599004,269.3980245721454,31.7597967307977,0.9914,0.0,0.0,0,500,500,4000,7.780479669570923
ok,ptft,7,5000,0.01,50,0.01,10000,0.001,-0.00099,0.0,0.1,1.0,0.1,0.0,unit_total_var,,0.5,5000000,5000,50000,True,0.0001,,0.0,0.0,1.0,2000,train_pred_mse,5000,1.1462612637352514,1.1505099544847146,0.0003785694761267997,31130.900329865013,244.59520180820863,26.547163565646372,0.9898,0.0,0.0,0,500,500,4000,4.984158754348755
ok,ptft,8,5000,0.01,50,0.01,10000,0.001,-0.00099,0.0,0.1,1.0,0.1,0.0,unit_total_var,,0.5,5000000,5000,50000,True,0.0001,,0.0,0.0,1.0,2000,train_pred_mse,5000,1.3062357948386256,1.2900146961835155,0.00044764730287852843,32127.940316795502,288.6673362554284,34.60252665233863,0.9922,0.0,0.0,0,500,500,4000,5.832321166992188
ok,ptft,9,5000,0.01,50,0.01,10000,0.001,-0.00099,0.0,0.1,1.0,0.1,0.0,unit_total_var,,0.5,5000000,5000,50000,True,0.0001,,0.0,0.0,1.0,2000,train_pred_mse,5000,1.112217880377304,1.0949664562722563,0.0003406977642912993,29547.097898588785,265.05117020342425,27.60156829835263,0.9890000000000001,0.0,0.0,0,500,500,4000,5.092397928237915
ok,ptft,10,5000,0.059,295,0.059000000000000004,10000,0.001,-0.00099,0.0,0.1,1.0,0.1,0.0,unit_total_var,,0.5,5000000,5000,50000,True,0.0001,,0.0,0.0,1.0,2000,train_pred_mse,25000,1.2546358591377376,1.2347825148578984,0.00011650245379637639,0.011329049329421022,682.952902027801,39.561185430100494,0.9936,0.0,0.0,0,500,500,4000,38.60991859436035
ok,ptft,11,5000,0.059,295,0.059000000000000004,10000,0.001,-0.00099,0.0,0.1,1.0,0.1,0.0,unit_total_var,,0.5,5000000,5000,50000,True,0.0001,,0.0,0.0,1.0,2000,train_pred_mse,25000,1.3412253257111546,1.3235931184454517,0.0001329807259467443,0.012121380144323237,675.4994861775607,39.93405875799625,0.9916,0.0,0.0,0,500,500,4000,33.9175877571106
ok,ptft,12,5000,0.059,295,0.059000000000000004,10000,0.001,-0.00099,0.0,0.1,1.0,0.1,0.0,unit_total_var,,0.5,5000000,5000,50000,True,0.0001,,0.0,0.0,1.0,2000,train_pred_mse,25000,1.126952979538593,1.1198944553305732,0.00014782713664135525,0.013452156735120287,652.7052875426733,38.73047260091828,0.9928,0.0,0.0,0,500,500,4000,41.344702959060676
ok,ptft,13,5000,0.059,295,0.059000000000000004,10000,0.001,-0.00099,0.0,0.1,1.0,0.1,0.0,unit_total_var,,0.5,5000000,5000,50000,True,0.0001,,0.0,0.0,1.0,2000,train_pred_mse,25000,1.242367872155021,1.230506371829469,0.0001280489477658168,0.011957367049645902,675.374657450846,38.973452068032586,0.9916,0.0,0.0,0,500,500,4000,35.74509572982788
ok,ptft,14,5000,0.059,295,0.059000000000000004,10000,0.001,-0.00099,0.0,0.1,1.0,0.1,0.0,unit_total_var,,0.5,5000000,5000,50000,True,0.0001,,0.0,0.0,1.0,2000,train_pred_mse,25000,1.2691995881577351,1.2592944223264062,0.00011910052264971445,0.010497836648644614,723.118939504062,42.15812063372445,0.9938,0.0,0.0,0,500,500,4000,41.72702383995056
ok,ptft,15,5000,0.059,295,0.059000000000000004,10000,0.001,-0.00099,0.0,0.1,1.0,0.1,0.0,unit_total_var,,0.5,5000000,5000,50000,True,0.0001,,0.0,0.0,1.0,2000,train_pred_mse,25000,1.1810074881407868,1.1846746864134403,0.00012988428337741935,0.011265707774599464,675.5911039304892,40.59303443909993,0.9918,0.0,0.0,0,500,500,4000,38.00789213180542
ok,ptft,16,5000,0.059,295,0.059000000000000004,10000,0.001,-0.00099,0.0,0.1,1.0,0.1,0.0,unit_total_var,,0.5,5000000,5000,50000,True,0.0001,,0.0,0.0,1.0,2000,train_pred_mse,25000,1.137830294098138,1.1219704456595383,0.0001947179548110461,0.016328306176797574,635.5521369653231,40.32353482194257,0.9916,0.0,0.0,0,500,500,4000,38.64363837242127
ok,ptft,17,5000,0.059,295,0.059000000000000004,10000,0.001,-0.00099,0.0,0.1,1.0,0.1,0.0,unit_total_var,,0.5,5000000,5000,50000,True,0.0001,,0.0,0.0,1.0,2000,train_pred_mse,25000,1.1365143844551544,1.1208584310797811,0.0001727643097781491,0.015781989825873456,586.5915167027464,34.335660636694925,0.9934,0.0,0.0,0,500,500,4000,37.977206707000725
ok,ptft,18,5000,0.059,295,0.059000000000000004,10000,0.001,-0.00099,0.0,0.1,1.0,0.1,0.0,unit_total_var,,0.5,5000000,5000,50000,True,0.0001,,0.0,0.0,1.0,2000,train_pred_mse,25000,1.094964202782901,1.0769025657488458,0.00017023500524508274,0.017128362716392866,629.9078574525968,37.3841537475763,0.9940000000000001,0.0,0.0,0,500,500,4000,32.445656299591064
ok,ptft,19,5000,0.059,295,0.059000000000000004,10000,0.001,-0.00099,0.0,0.1,1.0,0.1,0.0,unit_total_var,,0.5,5000000,5000,50000,True,0.0001,,0.0,0.0,1.0,2000,train_pred_mse,25000,1.1215342172776654,1.1456730337322123,0.0001631454870623871,0.014947018926954388,614.1654979531785,36.25301678973348,0.9924,0.0,0.0,0,500,500,4000,33.7528076171875
ok,ptft,6,5000,0.059,295,0.059000000000000004,10000,0.001,-0.00099,0.0,0.1,1.0,0.1,0.0,unit_total_var,,0.5,5000000,5000,50000,True,0.0001,,0.0,0.0,1.0,2000,train_pred_mse,25000,1.1528669430366665,1.1526737861266392,0.00014370904302329736,0.015002059300209545,619.5504829444416,35.92474077645892,0.9958,0.0,0.0,0,500,500,4000,31.47436141967773
ok,ptft,7,5000,0.059,295,0.059000000000000004,10000,0.001,-0.00099,0.0,0.1,1.0,0.1,0.0,unit_total_var,,0.5,5000000,5000,50000,True,0.0001,,0.0,0.0,1.0,2000,train_pred_mse,25000,1.1752365285903514,1.1691754417289657,0.00016411434083894394,0.01578258733174712,630.7887657911491,36.77803802081397,0.9918,0.0,0.0,0,500,500,4000,33.522879123687744
ok,ptft,8,5000,0.059,295,0.059000000000000004,10000,0.001,-0.00099,0.0,0.1,1.0,0.1,0.0,unit_total_var,,0.5,5000000,5000,50000,True,0.0001,,0.0,0.0,1.0,2000,train_pred_mse,25000,1.258744373064562,1.2786487500304369,0.0001468474634110348,0.013529426952065216,665.0564163617826,39.24630171767076,0.9936,0.0,0.0,0,500,500,4000,40.45562410354614
ok,ptft,9,5000,0.059,295,0.059000000000000004,10000,0.001,-0.00099,0.0,0.1,1.0,0.1,0.0,unit_total_var,,0.5,5000000,5000,50000,True,0.0001,,0.0,0.0,1.0,2000,train_pred_mse,25000,1.1511412973086728,1.1245121497403074,0.00016242123161542058,0.014883080513442937,633.4384118471671,37.42151525470877,0.9938,0.0,0.0,0,500,500,4000,37.893620491027825
ok,ptft,10,5000,0.10800000000000001,540,0.10800000000000001,10000,0.001,-0.00099,0.0,0.1,1.0,0.1,0.0,unit_total_var,,0.5,5000000,5000,50000,True,0.0001,,0.0,0.0,1.0,2000,train_pred_mse,45000,1.0330155759101287,1.0240922482735089,0.00012841396785215995,0.00828087058633189,919.0020968778597,42.4318020356927,0.9932,0.0,0.0,0,500,500,4000,100.95535802841188
ok,ptft,11,5000,0.10800000000000001,540,0.10800000000000001,10000,0.001,-0.00099,0.0,0.1,1.0,0.1,0.0,unit_total_var,,0.5,5000000,5000,50000,True,0.0001,,0.0,0.0,1.0,2000,train_pred_mse,40000,1.13024359544855,1.1242728541077158,0.00015289154640020438,0.0102686267647041,906.0225956326393,42.05338828098163,0.9946,0.0,0.0,0,500,500,4000,84.51582026481628
ok,ptft,12,5000,0.10800000000000001,540,0.10800000000000001,10000,0.001,-0.00099,0.0,0.1,1.0,0.1,0.0,unit_total_var,,0.5,5000000,5000,50000,True,0.0001,,0.0,0.0,1.0,2000,train_pred_mse,45000,0.9170935332525474,0.9154169828288052,0.00014011051035876627,0.009379909492788076,852.0093932717289,40.28983724775948,0.9952,0.0,0.0,0,500,500,4000,126.4087963104248
ok,ptft,13,5000,0.10800000000000001,540,0.10800000000000001,10000,0.001,-0.00099,0.0,0.1,1.0,0.1,0.0,unit_total_var,,0.5,5000000,5000,50000,True,0.0001,,0.0,0.0,1.0,2000,train_pred_mse,45000,1.0338407088980737,1.0348810083205582,0.00012822281034625808,0.008233667698679541,881.8241900813084,41.25740904175647,0.9934,0.0,0.0,0,500,500,4000,87.4221785068512
ok,ptft,14,5000,0.10800000000000001,540,0.10800000000000001,10000,0.001,-0.00099,0.0,0.1,1.0,0.1,0.0,unit_total_var,,0.5,5000000,5000,50000,True,0.0001,,0.0,0.0,1.0,2000,train_pred_mse,45000,1.0630495294756126,1.0691111343265178,0.00012574024045702742,0.007636872497325209,926.1407576967212,43.91597888995223,0.9932,0.0,0.0,0,500,500,4000,91.8309805393219
ok,ptft,15,5000,0.10800000000000001,540,0.10800000000000001,10000,0.001,-0.00099,0.0,0.1,1.0,0.1,0.0,unit_total_var,,0.5,5000000,5000,50000,True,0.0001,,0.0,0.0,1.0,2000,train_pred_mse,40000,0.9659257440895206,0.970296220846584,0.0001391713016268418,0.009135497138051993,920.6206813748904,42.44455104873524,0.9944,0.0,0.0,0,500,500,4000,109.61831140518187
ok,ptft,16,5000,0.10800000000000001,540,0.10800000000000001,10000,0.001,-0.00099,0.0,0.1,1.0,0.1,0.0,unit_total_var,,0.5,5000000,5000,50000,True,0.0001,,0.0,0.0,1.0,2000,train_pred_mse,45000,0.9439285666073368,0.9383742490286364,0.00013711209693875064,0.00982964098624467,825.2601784282158,37.570500840509226,0.9946,0.0,0.0,0,500,500,4000,101.93605923652649
ok,ptft,17,5000,0.10800000000000001,540,0.10800000000000001,10000,0.001,-0.00099,0.0,0.1,1.0,0.1,0.0,unit_total_var,,0.5,5000000,5000,50000,True,0.0001,,0.0,0.0,1.0,2000,train_pred_mse,45000,0.8914271467586591,0.8840083702064189,0.00012431144971296326,0.007482338363848511,857.6496972914728,42.80444092907343,0.9928,0.0,0.0,0,500,500,4000,105.22633957862854
ok,ptft,18,5000,0.10800000000000001,540,0.10800000000000001,10000,0.001,-0.00099,0.0,0.1,1.0,0.1,0.0,unit_total_var,,0.5,5000000,5000,50000,True,0.0001,,0.0,0.0,1.0,2000,train_pred_mse,45000,0.9248948326782288,0.9240629436624482,0.00012731904606255094,0.008022509024348656,871.6964811408619,41.3524111636836,0.9940000000000001,0.0,0.0,0,500,500,4000,133.57832527160645
ok,ptft,19,5000,0.10800000000000001,540,0.10800000000000001,10000,0.001,-0.00099,0.0,0.1,1.0,0.1,0.0,unit_total_var,,0.5,5000000,5000,50000,True,0.0001,,0.0,0.0,1.0,2000,train_pred_mse,45000,1.0424891540446422,1.072169009984001,0.00013115446821694725,0.008497080435651509,893.5667905530407,42.73696934317036,0.9946,0.0,0.0,0,500,500,4000,95.54816436767578
ok,ptft,6,5000,0.10800000000000001,540,0.10800000000000001,10000,0.001,-0.00099,0.0,0.1,1.0,0.1,0.0,unit_total_var,,0.5,5000000,5000,50000,True,0.0001,,0.0,0.0,1.0,2000,train_pred_mse,45000,0.98651620140048,0.9737201340506962,0.00011248579837352978,0.007366889387599541,881.2835149483595,40.858966861440045,0.9938,0.0,0.0,0,500,500,4000,88.80947852134705
ok,ptft,7,5000,0.10800000000000001,540,0.10800000000000001,10000,0.001,-0.00099,0.0,0.1,1.0,0.1,0.0,unit_total_var,,0.5,5000000,5000,50000,True,0.0001,,0.0,0.0,1.0,2000,train_pred_mse,45000,1.0004242583251932,0.9995195449709856,0.00012540800194149964,0.008053878618208206,893.4587099618603,41.840660363368016,0.9946,0.0,0.0,0,500,500,4000,100.90767168998718
ok,ptft,8,5000,0.10800000000000001,540,0.10800000000000001,10000,0.001,-0.00099,0.0,0.1,1.0,0.1,0.0,unit_total_var,,0.5,5000000,5000,50000,True,0.0001,,0.0,0.0,1.0,2000,train_pred_mse,45000,0.9709146236219566,0.9554087529627666,0.00012679701699599838,0.007947488659644047,923.683465753702,43.696189301691646,0.992,0.0,0.0,0,500,500,4000,88.85077404975891
ok,ptft,9,5000,0.10800000000000001,540,0.10800000000000001,10000,0.001,-0.00099,0.0,0.1,1.0,0.1,0.0,unit_total_var,,0.5,5000000,5000,50000,True,0.0001,,0.0,0.0,1.0,2000,train_pred_mse,45000,0.9423506947606392,0.9530146126590219,0.00013512231496439836,0.008460515372356595,901.1687882369556,42.769481979364926,0.9946,0.0,0.0,0,500,500,4000,127.4193913936615
ok,ptft,10,5000,0.15700000000000006,785,0.157,10000,0.001,-0.00099,0.0,0.1,1.0,0.1,0.0,unit_total_var,,0.5,5000000,5000,50000,True,0.0001,,0.0,0.0,1.0,2000,train_pred_mse,65000,0.8962374362570811,0.8874487033539715,0.00012073427043752036,0.006408699274056867,1063.2077555984054,44.202055171011374,0.9934,0.0,0.0,0,500,500,4000,182.3382303714752
ok,ptft,11,5000,0.15700000000000006,785,0.157,10000,0.001,-0.00099,0.0,0.1,1.0,0.1,0.0,unit_total_var,,0.5,5000000,5000,50000,True,0.0001,,0.0,0.0,1.0,2000,train_pred_mse,65000,0.9017967959233658,0.8901513412582699,0.00010934947387751168,0.005777216508288793,1128.6449489212525,46.28325424796991,0.9954,0.0,0.0,0,500,500,4000,498.45243883132935
ok,ptft,12,5000,0.15700000000000006,785,0.157,10000,0.001,-0.00099,0.0,0.1,1.0,0.1,0.0,unit_total_var,,0.5,5000000,5000,50000,True,0.0001,,0.0,0.0,1.0,2000,train_pred_mse,70000,0.7329649514274624,0.7313304823038627,0.00010048551727651231,0.005274718658207294,1037.7757122577193,44.05429637074604,0.9936,0.0,0.0,0,500,500,4000,203.652822971344
ok,ptft,13,5000,0.15700000000000006,785,0.157,10000,0.001,-0.00099,0.0,0.1,1.0,0.1,0.0,unit_total_var,,0.5,5000000,5000,50000,True,0.0001,,0.0,0.0,1.0,2000,train_pred_mse,65000,0.8941643156309886,0.8991688893601162,0.00011913910377084883,0.006306081797908812,1089.196807911159,45.3350826991397,0.9926,0.0,0.0,0,500,500,4000,226.66061329841614
ok,ptft,14,5000,0.15700000000000006,785,0.157,10000,0.001,-0.00099,0.0,0.1,1.0,0.1,0.0,unit_total_var,,0.5,5000000,5000,50000,True,0.0001,,0.0,0.0,1.0,2000,train_pred_mse,70000,0.9320114032231808,0.9274977807132708,0.00010805081921685235,0.005507915480896286,1075.4473706842844,45.43708032144185,0.996,0.0,0.0,0,500,500,4000,240.783282995224
ok,ptft,15,5000,0.15700000000000006,785,0.157,10000,0.001,-0.00099,0.0,0.1,1.0,0.1,0.0,unit_total_var,,0.5,5000000,5000,50000,True,0.0001,,0.0,0.0,1.0,2000,train_pred_mse,70000,0.8245022750668879,0.8274402868839891,0.00010566740771043536,0.005263607261374793,1072.4012740267585,45.69195928986766,0.995,0.0,0.0,0,500,500,4000,318.05102467536926
ok,ptft,16,5000,0.15700000000000006,785,0.157,10000,0.001,-0.00099,0.0,0.1,1.0,0.1,0.0,unit_total_var,,0.5,5000000,5000,50000,True,0.0001,,0.0,0.0,1.0,2000,train_pred_mse,70000,0.7425149826769367,0.7466614029645551,0.00011589128447674204,0.006317963597518548,997.9077133111772,41.815917991148254,0.995,0.0,0.0,0,500,500,4000,329.8133590221405
ok,ptft,17,5000,0.15700000000000006,785,0.157,10000,0.001,-0.00099,0.0,0.1,1.0,0.1,0.0,unit_total_var,,0.5,5000000,5000,50000,True,0.0001,,0.0,0.0,1.0,2000,train_pred_mse,70000,0.7642585480481858,0.7619604562105664,9.865287152415391e-05,0.005223834863068653,1035.9317059504192,43.30500041224832,0.9954,0.0,0.0,0,500,500,4000,275.0531640052796
ok,ptft,18,5000,0.15700000000000006,785,0.157,10000,0.001,-0.00099,0.0,0.1,1.0,0.1,0.0,unit_total_var,,0.5,5000000,5000,50000,True,0.0001,,0.0,0.0,1.0,2000,train_pred_mse,70000,0.6429751629796605,0.6470947783908325,0.00010882755747111188,0.005613694629800492,1025.0240228623527,43.42836393186038,0.9958,0.0,0.0,0,500,500,4000,261.0044221878052
ok,ptft,19,5000,0.15700000000000006,785,0.157,10000,0.001,-0.00099,0.0,0.1,1.0,0.1,0.0,unit_total_var,,0.5,5000000,5000,50000,True,0.0001,,0.0,0.0,1.0,2000,train_pred_mse,65000,0.7921592354996008,0.8055959843695882,0.00011131130809017595,0.006222259274782799,1051.4241992741613,43.15662440178618,0.9948,0.0,0.0,0,500,500,4000,240.63858985900882
ok,ptft,6,5000,0.15700000000000006,785,0.157,10000,0.001,-0.00099,0.0,0.1,1.0,0.1,0.0,unit_total_var,,0.5,5000000,5000,50000,True,0.0001,,0.0,0.0,1.0,2000,train_pred_mse,65000,0.8637800864789164,0.8587205466983481,0.00012058629697011542,0.006128946129043239,1037.350232647964,44.56252398926113,0.9936,0.0,0.0,0,500,500,4000,243.47798466682437
ok,ptft,7,5000,0.15700000000000006,785,0.157,10000,0.001,-0.00099,0.0,0.1,1.0,0.1,0.0,unit_total_var,,0.5,5000000,5000,50000,True,0.0001,,0.0,0.0,1.0,2000,train_pred_mse,70000,0.8203342187428582,0.8140003740676375,0.00010129184145990821,0.005356472021007325,1073.7891144952737,45.37098139177574,0.9952,0.0,0.0,0,500,500,4000,199.1972188949585
ok,ptft,8,5000,0.15700000000000006,785,0.157,10000,0.001,-0.00099,0.0,0.1,1.0,0.1,0.0,unit_total_var,,0.5,5000000,5000,50000,True,0.0001,,0.0,0.0,1.0,2000,train_pred_mse,65000,0.8299799287817725,0.8279390693939038,0.00011616642584726912,0.006038249994837463,1083.0860014942964,46.40994016477954,0.9962,0.0,0.0,0,500,500,4000,153.1580436229706
ok,ptft,9,5000,0.15700000000000006,785,0.157,10000,0.001,-0.00099,0.0,0.1,1.0,0.1,0.0,unit_total_var,,0.5,5000000,5000,50000,True,0.0001,,0.0,0.0,1.0,2000,train_pred_mse,70000,0.7786641170668452,0.7756522488214994,0.00010818220534485608,0.0053167512565336405,1023.8968239110457,44.0428586031979,0.9952,0.0,0.0,0,500,500,4000,368.6098897457123
ok,ptft,10,5000,0.206,1030,0.20600000000000002,10000,0.001,-0.00099,0.0,0.1,1.0,0.1,0.0,unit_total_var,,0.5,5000000,5000,50000,True,0.0001,,0.0,0.0,1.0,2000,train_pred_mse,100000,0.6036129057121394,0.6015396910462072,9.116964296197664e-05,0.0039325372826357,1203.221378960913,49.126223617261935,0.9948,0.0,0.0,0,500,500,4000,551.128870010376
ok,ptft,11,5000,0.206,1030,0.20600000000000002,10000,0.001,-0.00099,0.0,0.1,1.0,0.1,0.0,unit_total_var,,0.5,5000000,5000,50000,True,0.0001,,0.0,0.0,1.0,2000,train_pred_mse,100000,0.7179618671388619,0.7092003127395609,9.032010191876744e-05,0.003727467166588318,1258.7344731115927,50.40951029142336,0.9946,0.0,0.0,0,500,500,4000,550.9743785858153
ok,ptft,12,5000,0.206,1030,0.20600000000000002,10000,0.001,-0.00099,0.0,0.1,1.0,0.1,0.0,unit_total_var,,0.5,5000000,5000,50000,True,0.0001,,0.0,0.0,1.0,2000,train_pred_mse,95000,0.540788706892825,0.5285985471884884,9.211220942330352e-05,0.003870340939412057,1151.946928088148,46.9883722392863,0.9958,0.0,0.0,0,500,500,4000,545.9142215251924
ok,ptft,13,5000,0.206,1030,0.20600000000000002,10000,0.001,-0.00099,0.0,0.1,1.0,0.1,0.0,unit_total_var,,0.5,5000000,5000,50000,True,0.0001,,0.0,0.0,1.0,2000,train_pred_mse,100000,0.5620077158452322,0.5644189039586954,8.91646113483021e-05,0.0037863614680765313,1244.442722730648,49.64699424070008,0.9956,0.0,0.0,0,500,500,4000,655.7851707935332
ok,ptft,14,5000,0.206,1030,0.20600000000000002,10000,0.001,-0.00099,0.0,0.1,1.0,0.1,0.0,unit_total_var,,0.5,5000000,5000,50000,True,0.0001,,0.0,0.0,1.0,2000,train_pred_mse,90000,0.6628128553363708,0.66762182301878,9.419167930980473e-05,0.00411137132895247,1254.8189558772804,48.9189133603607,0.9952,0.0,0.0,0,500,500,4000,904.917778491974
ok,ptft,15,5000,0.206,1030,0.20600000000000002,10000,0.001,-0.00099,0.0,0.1,1.0,0.1,0.0,unit_total_var,,0.5,5000000,5000,50000,True,0.0001,,0.0,0.0,1.0,2000,train_pred_mse,100000,0.6324986282634181,0.6217243216555652,8.604768200236487e-05,0.003647412681802125,1224.7431822601525,48.663744347652454,0.9964,0.0,0.0,0,500,500,4000,589.7425315380096
ok,ptft,16,5000,0.206,1030,0.20600000000000002,10000,0.001,-0.00099,0.0,0.1,1.0,0.1,0.0,unit_total_var,,0.5,5000000,5000,50000,True,0.0001,,0.0,0.0,1.0,2000,train_pred_mse,100000,0.5226389962791271,0.5209625173255666,8.792733689096356e-05,0.0036457673894373134,1137.8352129028626,47.17046853500688,0.9954,0.0,0.0,0,500,500,4000,739.6267104148865
ok,ptft,17,5000,0.206,1030,0.20600000000000002,10000,0.001,-0.00099,0.0,0.1,1.0,0.1,0.0,unit_total_var,,0.5,5000000,5000,50000,True,0.0001,,0.0,0.0,1.0,2000,train_pred_mse,105000,0.5896675438684325,0.5824468413555322,8.749922829815074e-05,0.003727523212273103,1141.5949743382562,45.53647983890938,0.9926,0.0,0.0,0,500,500,4000,627.0130760669707
ok,ptft,18,5000,0.206,1030,0.20600000000000002,10000,0.001,-0.00099,0.0,0.1,1.0,0.1,0.0,unit_total_var,,0.5,5000000,5000,50000,True,0.0001,,0.0,0.0,1.0,2000,train_pred_mse,105000,0.5873111430377447,0.5913472012132455,8.288424263656102e-05,0.0036885060055537756,1158.3509857827858,45.26661432317285,0.9954,0.0,0.0,0,500,500,4000,682.8370792865752
ok,ptft,19,5000,0.206,1030,0.20600000000000002,10000,0.001,-0.00099,0.0,0.1,1.0,0.1,0.0,unit_total_var,,0.5,5000000,5000,50000,True,0.0001,,0.0,0.0,1.0,2000,train_pred_mse,105000,0.5834959554897128,0.5760723045217115,8.572930996742042e-05,0.0034137218477522284,1142.2661532163306,47.11892855932012,0.995,0.0,0.0,0,500,500,4000,467.70838809013367
ok,ptft,6,5000,0.206,1030,0.20600000000000002,10000,0.001,-0.00099,0.0,0.1,1.0,0.1,0.0,unit_total_var,,0.5,5000000,5000,50000,True,0.0001,,0.0,0.0,1.0,2000,train_pred_mse,95000,0.5431750644760089,0.5353714058023349,9.798866007428292e-05,0.004086002679270827,1187.4698402265249,48.35468658994679,0.9958,0.0,0.0,0,500,500,4000,501.42630791664124
ok,ptft,7,5000,0.206,1030,0.20600000000000002,10000,0.001,-0.00099,0.0,0.1,1.0,0.1,0.0,unit_total_var,,0.5,5000000,5000,50000,True,0.0001,,0.0,0.0,1.0,2000,train_pred_mse,95000,0.6228118070033204,0.6230897516395929,9.361679581040608e-05,0.0042002607293174865,1188.3353615530302,46.169891361288926,0.9946,0.0,0.0,0,500,500,4000,517.1876249313353
ok,ptft,8,5000,0.206,1030,0.20600000000000002,10000,0.001,-0.00099,0.0,0.1,1.0,0.1,0.0,unit_total_var,,0.5,5000000,5000,50000,True,0.0001,,0.0,0.0,1.0,2000,train_pred_mse,100000,0.5236854942330688,0.5226574939676616,9.001220179831907e-05,0.0034744705082870226,1248.2724053843574,51.52454865022857,0.9944,0.0,0.0,0,500,500,4000,890.6471149921417
ok,ptft,9,5000,0.206,1030,0.20600000000000002,10000,0.001,-0.00099,0.0,0.1,1.0,0.1,0.0,unit_total_var,,0.5,5000000,5000,50000,True,0.0001,,0.0,0.0,1.0,2000,train_pred_mse,105000,0.5882388014977411,0.5902224212453909,8.629936478364958e-05,0.0038212456336390744,1168.4360190078855,46.260667766872636,0.9944,0.0,0.0,0,500,500,4000,722.5596692562102
ok,ptft,10,5000,0.255,1275,0.255,10000,0.001,-0.00099,0.0,0.1,1.0,0.1,0.0,unit_total_var,,0.5,5000000,5000,50000,True,0.0001,,0.0,0.0,1.0,2000,train_pred_mse,140000,0.3862728895816679,0.3841761938569041,7.361240120945841e-05,0.002521151733261753,1323.8756497192646,53.872305996819456,0.9954,0.0,0.0,0,500,500,4000,746.9343128204346
ok,ptft,11,5000,0.255,1275,0.255,10000,0.001,-0.00099,0.0,0.1,1.0,0.1,0.0,unit_total_var,,0.5,5000000,5000,50000,True,0.0001,,0.0,0.0,1.0,2000,train_pred_mse,140000,0.3993573098575937,0.401615863889186,7.450386562091714e-05,0.002401244119149912,1373.2016937007295,54.869121715633575,0.9978,0.0,0.0,0,500,500,4000,906.6667053699492
ok,ptft,12,5000,0.255,1275,0.255,10000,0.001,-0.00099,0.0,0.1,1.0,0.1,0.0,unit_total_var,,0.5,5000000,5000,50000,True,0.0001,,0.0,0.0,1.0,2000,train_pred_mse,135000,0.3617230774433247,0.3584786432945461,7.687351432121532e-05,0.0027626146529021226,1254.4778903518159,49.938858529255974,0.9946,0.0,0.0,0,500,500,4000,780.6098432540894
ok,ptft,13,5000,0.255,1275,0.255,10000,0.001,-0.00099,0.0,0.1,1.0,0.1,0.0,unit_total_var,,0.5,5000000,5000,50000,True,0.0001,,0.0,0.0,1.0,2000,train_pred_mse,135000,0.4153239016738604,0.4220120306494609,8.099133091546672e-05,0.002820419025847449,1351.5316417199413,53.21917077291327,0.9958,0.0,0.0,0,500,500,4000,1137.1709334850314
ok,ptft,14,5000,0.255,1275,0.255,10000,0.001,-0.00099,0.0,0.1,1.0,0.1,0.0,unit_total_var,,0.5,5000000,5000,50000,True,0.0001,,0.0,0.0,1.0,2000,train_pred_mse,130000,0.3918302602331828,0.4006456603588022,7.837070812615304e-05,0.002609100052257416,1362.287819299856,55.173265291471154,0.9952,0.0,0.0,0,500,500,4000,1392.1797263622284
ok,ptft,15,5000,0.255,1275,0.255,10000,0.001,-0.00099,0.0,0.1,1.0,0.1,0.0,unit_total_var,,0.5,5000000,5000,50000,True,0.0001,,0.0,0.0,1.0,2000,train_pred_mse,130000,0.4371354220842368,0.4352852695365775,7.440643531961516e-05,0.0026326730081140965,1300.7843808399691,51.640544484399186,0.9944,0.0,0.0,0,500,500,4000,1183.3591747283936
ok,ptft,16,5000,0.255,1275,0.255,10000,0.001,-0.00099,0.0,0.1,1.0,0.1,0.0,unit_total_var,,0.5,5000000,5000,50000,True,0.0001,,0.0,0.0,1.0,2000,train_pred_mse,140000,0.3947583154317157,0.3926743555115356,7.412717188368859e-05,0.002638247221075933,1251.3922764453873,49.98656469261242,0.9958,0.0,0.0,0,500,500,4000,1172.0508332252502
ok,ptft,17,5000,0.255,1275,0.255,10000,0.001,-0.00099,0.0,0.1,1.0,0.1,0.0,unit_total_var,,0.5,5000000,5000,50000,True,0.0001,,0.0,0.0,1.0,2000,train_pred_mse,140000,0.3586931658727,0.3545395637449779,7.601877949116553e-05,0.002636452751612834,1257.2233162464254,50.81121698933592,0.9952,0.0,0.0,0,500,500,4000,1181.1018788814545
ok,ptft,18,5000,0.255,1275,0.255,10000,0.001,-0.00099,0.0,0.1,1.0,0.1,0.0,unit_total_var,,0.5,5000000,5000,50000,True,0.0001,,0.0,0.0,1.0,2000,train_pred_mse,140000,0.34593428470916554,0.3478523345573465,7.156042428148215e-05,0.0026997967145088353,1231.5506686571384,48.417788962747096,0.9932,0.0,0.0,0,500,500,4000,870.9845867156982
ok,ptft,19,5000,0.255,1275,0.255,10000,0.001,-0.00099,0.0,0.1,1.0,0.1,0.0,unit_total_var,,0.5,5000000,5000,50000,True,0.0001,,0.0,0.0,1.0,2000,train_pred_mse,140000,0.3392270856976701,0.34404408912313594,7.328461072234814e-05,0.0026029466475223874,1262.8869230239204,51.162655327446224,0.996,0.0,0.0,0,500,500,4000,956.7885663509368
ok,ptft,6,5000,0.255,1275,0.255,10000,0.001,-0.00099,0.0,0.1,1.0,0.1,0.0,unit_total_var,,0.5,5000000,5000,50000,True,0.0001,,0.0,0.0,1.0,2000,train_pred_mse,140000,0.3263461334321505,0.3277861164983569,7.386625684804427e-05,0.0024725631923598976,1282.9873498998368,52.180128406362705,0.9962,0.0,0.0,0,500,500,4000,1053.4477913379671
ok,ptft,7,5000,0.255,1275,0.255,10000,0.001,-0.00099,0.0,0.1,1.0,0.1,0.0,unit_total_var,,0.5,5000000,5000,50000,True,0.0001,,0.0,0.0,1.0,2000,train_pred_mse,135000,0.4460426283668441,0.451891377504307,7.660829296251825e-05,0.0030634607145473823,1286.166879682415,49.31129099577007,0.9956,0.0,0.0,0,500,500,4000,734.2529008388519
ok,ptft,8,5000,0.255,1275,0.255,10000,0.001,-0.00099,0.0,0.1,1.0,0.1,0.0,unit_total_var,,0.5,5000000,5000,50000,True,0.0001,,0.0,0.0,1.0,2000,train_pred_mse,135000,0.397395296925544,0.40260317386422223,7.779914692569153e-05,0.002812445915065504,1317.2696670688533,51.827730356305615,0.9972,0.0,0.0,0,500,500,4000,1124.0673863887787
ok,ptft,9,5000,0.255,1275,0.255,10000,0.001,-0.00099,0.0,0.1,1.0,0.1,0.0,unit_total_var,,0.5,5000000,5000,50000,True,0.0001,,0.0,0.0,1.0,2000,train_pred_mse,135000,0.3806629531197539,0.3759007370405048,7.652508277517908e-05,0.002657848295214669,1233.9178677815362,50.327035494669026,0.995,0.0,0.0,0,500,500,4000,1129.5529882907867
ok,ptft,10,5000,0.30400000000000005,1520,0.304,10000,0.001,-0.00099,0.0,0.1,1.0,0.1,0.0,unit_total_var,,0.5,5000000,5000,50000,True,0.0001,,0.0,0.0,1.0,2000,train_pred_mse,195000,0.2355626387890379,0.2301669914622023,5.9296281430391784e-05,0.0016956851066845182,1372.2223083996205,56.06982288685892,0.996,0.0,0.0,0,500,500,4000,1808.2872285842896
ok,ptft,11,5000,0.30400000000000005,1520,0.304,10000,0.001,-0.00099,0.0,0.1,1.0,0.1,0.0,unit_total_var,,0.5,5000000,5000,50000,True,0.0001,,0.0,0.0,1.0,2000,train_pred_mse,185000,0.2608130666898574,0.2562806044691265,6.164242874753012e-05,0.0017288681915014722,1420.7934754632495,57.50860948297279,0.9976,0.0,0.0,0,500,500,4000,1584.751840353012
ok,ptft,12,5000,0.30400000000000005,1520,0.304,10000,0.001,-0.00099,0.0,0.1,1.0,0.1,0.0,unit_total_var,,0.5,5000000,5000,50000,True,0.0001,,0.0,0.0,1.0,2000,train_pred_mse,195000,0.2176852957938811,0.217411453908135,5.836898543059751e-05,0.0016799869108248735,1290.5322726620086,53.33543602424245,0.9964,0.0,0.0,0,500,500,4000,2538.812583208084
ok,ptft,13,5000,0.30400000000000005,1520,0.304,10000,0.001,-0.00099,0.0,0.1,1.0,0.1,0.0,unit_total_var,,0.5,5000000,5000,50000,True,0.0001,,0.0,0.0,1.0,2000,train_pred_mse,190000,0.2698872034622777,0.2764531460452821,6.081708694888789e-05,0.0017889744373364516,1386.9610684462925,55.4162297720907,0.9968,0.0,0.0,0,500,500,4000,1614.1158611774445
ok,ptft,14,5000,0.30400000000000005,1520,0.304,10000,0.001,-0.00099,0.0,0.1,1.0,0.1,0.0,unit_total_var,,0.5,5000000,5000,50000,True,0.0001,,0.0,0.0,1.0,2000,train_pred_mse,185000,0.25710216828270743,0.25513455783194866,6.198136433753855e-05,0.0017445468329631542,1398.7854792187845,57.458129495841725,0.9966,0.0,0.0,0,500,500,4000,1882.6161725521088
ok,ptft,15,5000,0.30400000000000005,1520,0.304,10000,0.001,-0.00099,0.0,0.1,1.0,0.1,0.0,unit_total_var,,0.5,5000000,5000,50000,True,0.0001,,0.0,0.0,1.0,2000,train_pred_mse,195000,0.17063034843237182,0.1708201871293895,6.120901866533745e-05,0.0016467924340890009,1354.6501637240533,57.43587263761205,0.9966,0.0,0.0,0,500,500,4000,2784.78240776062
ok,ptft,16,5000,0.30400000000000005,1520,0.304,10000,0.001,-0.00099,0.0,0.1,1.0,0.1,0.0,unit_total_var,,0.5,5000000,5000,50000,True,0.0001,,0.0,0.0,1.0,2000,train_pred_mse,195000,0.2240066009466211,0.22854420056675426,5.7962305612482497e-05,0.0016947899924646538,1288.5287113286274,52.96932909757877,0.9958,0.0,0.0,0,500,500,4000,2681.8356239795685
ok,ptft,17,5000,0.30400000000000005,1520,0.304,10000,0.001,-0.00099,0.0,0.1,1.0,0.1,0.0,unit_total_var,,0.5,5000000,5000,50000,True,0.0001,,0.0,0.0,1.0,2000,train_pred_mse,200000,0.1938329944841548,0.19238933600703514,5.752287876857866e-05,0.0015825842816076135,1298.6583774628525,55.106948798464344,0.9966,0.0,0.0,0,500,500,4000,2160.21155500412
ok,ptft,18,5000,0.30400000000000005,1520,0.304,10000,0.001,-0.00099,0.0,0.1,1.0,0.1,0.0,unit_total_var,,0.5,5000000,5000,50000,True,0.0001,,0.0,0.0,1.0,2000,train_pred_mse,190000,0.17681747421171282,0.1776327518154717,6.223031059169084e-05,0.001741955849765364,1300.9858253124573,54.756274045790214,0.9972,0.0,0.0,0,500,500,4000,1437.0211210250854
ok,ptft,19,5000,0.30400000000000005,1520,0.304,10000,0.001,-0.00099,0.0,0.1,1.0,0.1,0.0,unit_total_var,,0.5,5000000,5000,50000,True,0.0001,,0.0,0.0,1.0,2000,train_pred_mse,195000,0.21698706300248005,0.2206993413437287,6.1010176343175976e-05,0.0017406881397642453,1307.2800133205692,54.768123648762156,0.9964,0.0,0.0,0,500,500,4000,1660.2904267311096
ok,ptft,6,5000,0.30400000000000005,1520,0.304,10000,0.001,-0.00099,0.0,0.1,1.0,0.1,0.0,unit_total_var,,0.5,5000000,5000,50000,True,0.0001,,0.0,0.0,1.0,2000,train_pred_mse,200000,0.18020531490137984,0.17625499366429898,5.4280414719990034e-05,0.0014056084454988522,1312.7008364460132,56.328298576555355,0.996,0.0,0.0,0,500,500,4000,2023.3870034217834
ok,ptft,7,5000,0.30400000000000005,1520,0.304,10000,0.001,-0.00099,0.0,0.1,1.0,0.1,0.0,unit_total_var,,0.5,5000000,5000,50000,True,0.0001,,0.0,0.0,1.0,2000,train_pred_mse,185000,0.2368415385124929,0.2379328304424453,6.14011145211437e-05,0.0017275244687698804,1367.032472442048,55.7240085937016,0.9966,0.0,0.0,0,500,500,4000,1550.6825506687164
ok,ptft,8,5000,0.30400000000000005,1520,0.304,10000,0.001,-0.00099,0.0,0.1,1.0,0.1,0.0,unit_total_var,,0.5,5000000,5000,50000,True,0.0001,,0.0,0.0,1.0,2000,train_pred_mse,190000,0.21898595649032213,0.2156944692126529,6.157086991302052e-05,0.0017181979956509186,1353.1073887824862,56.97848310083773,0.9952,0.0,0.0,0,500,500,4000,2400.94516825676
ok,ptft,9,5000,0.30400000000000005,1520,0.304,10000,0.001,-0.00099,0.0,0.1,1.0,0.1,0.0,unit_total_var,,0.5,5000000,5000,50000,True,0.0001,,0.0,0.0,1.0,2000,train_pred_mse,200000,0.20319801760963813,0.1983814625301542,5.744648896495898e-05,0.0015956339901874062,1306.6707958480765,54.820372596298846,0.9962,0.0,0.0,0,500,500,4000,2418.9329755306244
ok,ptft,10,5000,0.35300000000000004,1765,0.353,10000,0.001,-0.00099,0.0,0.1,1.0,0.1,0.0,unit_total_var,,0.5,5000000,5000,50000,True,0.0001,,0.0,0.0,1.0,2000,train_pred_mse,250000,0.10916904331756083,0.10665041597526632,4.821782895926654e-05,0.0010497208552012224,1380.9797486600596,61.03884534040196,0.9964,0.0,0.0,0,500,500,4000,4145.422012805939
ok,ptft,11,5000,0.35300000000000004,1765,0.353,10000,0.001,-0.00099,0.0,0.1,1.0,0.1,0.0,unit_total_var,,0.5,5000000,5000,50000,True,0.0001,,0.0,0.0,1.0,2000,train_pred_mse,265000,0.09284439220430456,0.09107860085688378,4.592129543053756e-05,0.0009253931573525195,1415.9487003494135,64.09651787586597,0.9962,0.0,0.0,0,500,500,4000,2801.0850896835327
ok,ptft,12,5000,0.35300000000000004,1765,0.353,10000,0.001,-0.00099,0.0,0.1,1.0,0.1,0.0,unit_total_var,,0.5,5000000,5000,50000,True,0.0001,,0.0,0.0,1.0,2000,train_pred_mse,270000,0.08923294696055734,0.08919823798335508,4.6419718550985684e-05,0.0009707239717805007,1312.0067874707765,58.2646213553403,0.9966,0.0,0.0,0,500,500,4000,4127.183044910431
ok,ptft,13,5000,0.35300000000000004,1765,0.353,10000,0.001,-0.00099,0.0,0.1,1.0,0.1,0.0,unit_total_var,,0.5,5000000,5000,50000,True,0.0001,,0.0,0.0,1.0,2000,train_pred_mse,260000,0.06743073202149599,0.0673318496673824,4.757109775743403e-05,0.000921405759943292,1393.9699221594165,63.761178082757255,0.9956,0.0,0.0,0,500,500,4000,4364.346181631088
ok,ptft,14,5000,0.35300000000000004,1765,0.353,10000,0.001,-0.00099,0.0,0.1,1.0,0.1,0.0,unit_total_var,,0.5,5000000,5000,50000,True,0.0001,,0.0,0.0,1.0,2000,train_pred_mse,250000,0.10821986982056342,0.1084277949174104,4.972187704272728e-05,0.0010562621081405426,1422.4674358607742,62.99439693952698,0.9958,0.0,0.0,0,500,500,4000,2658.7206273078923
ok,ptft,15,5000,0.35300000000000004,1765,0.353,10000,0.001,-0.00099,0.0,0.1,1.0,0.1,0.0,unit_total_var,,0.5,5000000,5000,50000,True,0.0001,,0.0,0.0,1.0,2000,train_pred_mse,260000,0.07069433358465753,0.07012233259003503,4.985919129497996e-05,0.00101097998461629,1366.0327927538035,63.25750960271942,0.9948,0.0,0.0,0,500,500,4000,3106.477864742279
ok,ptft,16,5000,0.35300000000000004,1765,0.353,10000,0.001,-0.00099,0.0,0.1,1.0,0.1,0.0,unit_total_var,,0.5,5000000,5000,50000,True,0.0001,,0.0,0.0,1.0,2000,train_pred_mse,240000,0.06002290932287209,0.0607932263500074,4.878391413947633e-05,0.0010053028856425816,1293.2722079778516,60.22454095174286,0.996,0.0,0.0,0,500,500,4000,2426.369806289673
ok,ptft,17,5000,0.35300000000000004,1765,0.353,10000,0.001,-0.00099,0.0,0.1,1.0,0.1,0.0,unit_total_var,,0.5,5000000,5000,50000,True,0.0001,,0.0,0.0,1.0,2000,train_pred_mse,255000,0.04956428551918714,0.04862132159550025,4.674472583355948e-05,0.0008986631381737043,1306.418631146436,61.603786019053686,0.9964,0.0,0.0,0,500,500,4000,2377.4115631580357
ok,ptft,18,5000,0.35300000000000004,1765,0.353,10000,0.001,-0.00099,0.0,0.1,1.0,0.1,0.0,unit_total_var,,0.5,5000000,5000,50000,True,0.0001,,0.0,0.0,1.0,2000,train_pred_mse,260000,0.08550057926329924,0.0842849813803522,4.793937576700531e-05,0.0010721290724379589,1306.3931771886164,57.68560882275611,0.996,0.0,0.0,0,500,500,4000,2792.1682872772217
ok,ptft,19,5000,0.35300000000000004,1765,0.353,10000,0.001,-0.00099,0.0,0.1,1.0,0.1,0.0,unit_total_var,,0.5,5000000,5000,50000,True,0.0001,,0.0,0.0,1.0,2000,train_pred_mse,270000,0.09501746517509334,0.09596189924645848,4.681304651339527e-05,0.0010456820895237827,1328.1745559332885,59.371760008023465,0.9964,0.0,0.0,0,500,500,4000,2602.7215974330898
ok,ptft,6,5000,0.35300000000000004,1765,0.353,10000,0.001,-0.00099,0.0,0.1,1.0,0.1,0.0,unit_total_var,,0.5,5000000,5000,50000,True,0.0001,,0.0,0.0,1.0,2000,train_pred_mse,275000,0.06483653422124018,0.06689805184047355,4.6413538731448074e-05,0.0009292202932991344,1317.7221427471495,61.33080483960526,0.9954,0.0,0.0,0,500,500,4000,2971.910315752029
ok,ptft,7,5000,0.35300000000000004,1765,0.353,10000,0.001,-0.00099,0.0,0.1,1.0,0.1,0.0,unit_total_var,,0.5,5000000,5000,50000,True,0.0001,,0.0,0.0,1.0,2000,train_pred_mse,245000,0.09055032732986808,0.08975566560482663,4.965347121139189e-05,0.0010945814343866769,1373.7245229994953,60.84501739288533,0.9974,0.0,0.0,0,500,500,4000,2132.183886051178
ok,ptft,8,5000,0.35300000000000004,1765,0.353,10000,0.001,-0.00099,0.0,0.1,1.0,0.1,0.0,unit_total_var,,0.5,5000000,5000,50000,True,0.0001,,0.0,0.0,1.0,2000,train_pred_mse,255000,0.116714765299425,0.11589785194057875,4.966913268562258e-05,0.0011218188135727778,1372.940177123748,60.315416300544356,0.9956,0.0,0.0,0,500,500,4000,4161.565041780472
ok,ptft,9,5000,0.35300000000000004,1765,0.353,10000,0.001,-0.00099,0.0,0.1,1.0,0.1,0.0,unit_total_var,,0.5,5000000,5000,50000,True,0.0001,,0.0,0.0,1.0,2000,train_pred_mse,275000,0.0931342375688952,0.0916657014431166,4.584422936901585e-05,0.001010309546421683,1315.3948892364865,59.109050462060615,0.995,0.0,0.0,0,500,500,4000,3211.660949230194
ok,ptft,10,5000,0.402,2010,0.402,10000,0.001,-0.00099,0.0,0.1,1.0,0.1,0.0,unit_total_var,,0.5,5000000,5000,50000,True,0.0001,,0.0,0.0,1.0,2000,train_pred_mse,320000,0.026166079882860457,0.025665563651768832,3.7503492284636466e-05,0.0006594376766015563,1360.5061614311735,66.70642726785357,0.995,0.0,0.0,0,500,500,4000,4072.926936626434
ok,ptft,11,5000,0.402,2010,0.402,10000,0.001,-0.00099,0.0,0.1,1.0,0.1,0.0,unit_total_var,,0.5,5000000,5000,50000,True,0.0001,,0.0,0.0,1.0,2000,train_pred_mse,320000,0.030983705958073232,0.03032987669380909,4.100444045212626e-05,0.0006753047963734256,1410.5861348515014,68.99038393391017,0.9948,0.0,0.0,0,500,500,4000,4393.9758121967325
ok,ptft,12,5000,0.402,2010,0.402,10000,0.001,-0.00099,0.0,0.1,1.0,0.1,0.0,unit_total_var,,0.5,5000000,5000,50000,True,0.0001,,0.0,0.0,1.0,2000,train_pred_mse,295000,0.020377366028793312,0.02027761908610677,4.0384007616468544e-05,0.0007839429064615277,1290.852819985967,63.414883969829,0.9942,0.0,0.0,0,500,500,4000,4055.0675418376923
ok,ptft,13,5000,0.402,2010,0.402,10000,0.001,-0.00099,0.0,0.1,1.0,0.1,0.0,unit_total_var,,0.5,5000000,5000,50000,True,0.0001,,0.0,0.0,1.0,2000,train_pred_mse,315000,0.02710994740809192,0.02696182274540807,3.984245700130825e-05,0.0006645324350129046,1383.4980667204109,66.55644211115191,0.995,0.0,0.0,0,500,500,4000,4219.778561115265
ok,ptft,14,5000,0.402,2010,0.402,10000,0.001,-0.00099,0.0,0.1,1.0,0.1,0.0,unit_total_var,,0.5,5000000,5000,50000,True,0.0001,,0.0,0.0,1.0,2000,train_pred_mse,320000,0.04107748959087504,0.041308645388151335,3.917387632017258e-05,0.0006723043822347493,1409.1758261815212,67.33712426659774,0.9976,0.0,0.0,0,500,500,4000,4154.888828277588
ok,ptft,15,5000,0.402,2010,0.402,10000,0.001,-0.00099,0.0,0.1,1.0,0.1,0.0,unit_total_var,,0.5,5000000,5000,50000,True,0.0001,,0.0,0.0,1.0,2000,train_pred_mse,325000,0.03638577338476055,0.036797853136543116,3.8063709725572696e-05,0.0006324339552278002,1356.5589884888275,64.8041754074732,0.9976,0.0,0.0,0,500,500,4000,4488.280300140381
ok,ptft,16,5000,0.402,2010,0.402,10000,0.001,-0.00099,0.0,0.1,1.0,0.1,0.0,unit_total_var,,0.5,5000000,5000,50000,True,0.0001,,0.0,0.0,1.0,2000,train_pred_mse,320000,0.03239834338986692,0.03125066282282642,3.888680232920828e-05,0.000733166898274635,1290.657469627524,62.61385883627919,0.9956,0.0,0.0,0,500,500,4000,3672.084662437439
ok,ptft,17,5000,0.402,2010,0.402,10000,0.001,-0.00099,0.0,0.1,1.0,0.1,0.0,unit_total_var,,0.5,5000000,5000,50000,True,0.0001,,0.0,0.0,1.0,2000,train_pred_mse,320000,0.033419663322801274,0.03312763725882783,3.734707595927513e-05,0.0006311245156779143,1298.2948685716744,62.841636805037325,0.9962,0.0,0.0,0,500,500,4000,4356.916943073273
ok,ptft,18,5000,0.402,2010,0.402,10000,0.001,-0.00099,0.0,0.1,1.0,0.1,0.0,unit_total_var,,0.5,5000000,5000,50000,True,0.0001,,0.0,0.0,1.0,2000,train_pred_mse,320000,0.030275797551001,0.030075611658504163,3.942719152842777e-05,0.0006857396340847504,1294.316212637651,61.63938872857053,0.996,0.0,0.0,0,500,500,4000,5793.314496994019
ok,ptft,19,5000,0.402,2010,0.402,10000,0.001,-0.00099,0.0,0.1,1.0,0.1,0.0,unit_total_var,,0.5,5000000,5000,50000,True,0.0001,,0.0,0.0,1.0,2000,train_pred_mse,320000,0.031864501026921406,0.032128616888068416,3.918241876505147e-05,0.0006931886558712857,1309.3094560458715,63.69998737589153,0.996,0.0,0.0,0,500,500,4000,4669.187646150589
ok,ptft,6,5000,0.402,2010,0.402,10000,0.001,-0.00099,0.0,0.1,1.0,0.1,0.0,unit_total_var,,0.5,5000000,5000,50000,True,0.0001,,0.0,0.0,1.0,2000,train_pred_mse,300000,0.019244180446121046,0.0190631245083554,3.83578092290906e-05,0.000701135835117444,1298.5662497108415,65.1897989616191,0.9952,0.0,0.0,0,500,500,4000,3706.787549972534
ok,ptft,7,5000,0.402,2010,0.402,10000,0.001,-0.00099,0.0,0.1,1.0,0.1,0.0,unit_total_var,,0.5,5000000,5000,50000,True,0.0001,,0.0,0.0,1.0,2000,train_pred_mse,310000,0.02940309424378567,0.03004656806831975,3.912715391179422e-05,0.0007133803956931856,1364.8520131157995,64.47256023640854,0.997,0.0,0.0,0,500,500,4000,5629.339810371399
ok,ptft,8,5000,0.402,2010,0.402,10000,0.001,-0.00099,0.0,0.1,1.0,0.1,0.0,unit_total_var,,0.5,5000000,5000,50000,True,0.0001,,0.0,0.0,1.0,2000,train_pred_mse,320000,0.0335143112166538,0.03299566180343054,3.872846670428472e-05,0.0006134755980717035,1361.4402466358058,66.5210957138602,0.9964,0.0,0.0,0,500,500,4000,4192.009071588516
ok,ptft,9,5000,0.402,2010,0.402,10000,0.001,-0.00099,0.0,0.1,1.0,0.1,0.0,unit_total_var,,0.5,5000000,5000,50000,True,0.0001,,0.0,0.0,1.0,2000,train_pred_mse,310000,0.028681780515098336,0.028255452165335333,3.9687439853238035e-05,0.000718260476106259,1302.4083787829068,63.537822938049146,0.9972,0.0,0.0,0,500,500,4000,4225.498696088791
ok,ptft,10,5000,0.451,2255,0.451,10000,0.001,-0.00099,0.0,0.1,1.0,0.1,0.0,unit_total_var,,0.5,5000000,5000,50000,True,0.0001,,0.0,0.0,1.0,2000,train_pred_mse,330000,0.008554478438110639,0.008535119470548228,3.4769405050896793e-05,0.0005598722341150698,1343.0574350387426,69.08093972801146,0.9968,0.0,0.0,0,500,500,4000,6637.872559309007
ok,ptft,11,5000,0.451,2255,0.451,10000,0.001,-0.00099,0.0,0.1,1.0,0.1,0.0,unit_total_var,,0.5,5000000,5000,50000,True,0.0001,,0.0,0.0,1.0,2000,train_pred_mse,300000,0.006906058907085014,0.006706693736551137,3.916353836484643e-05,0.0006830757662847249,1385.2909663560981,72.06002642158967,0.9962,0.0,0.0,0,500,500,4000,4988.010943412781
ok,ptft,12,5000,0.451,2255,0.451,10000,0.001,-0.00099,0.0,0.1,1.0,0.1,0.0,unit_total_var,,0.5,5000000,5000,50000,True,0.0001,,0.0,0.0,1.0,2000,train_pred_mse,310000,0.007383793065881789,0.007557565533434001,3.935841902932238e-05,0.0007511637701983888,1274.363907393866,65.36996857111926,0.9962,0.0,0.0,0,500,500,4000,4758.067599773407
ok,ptft,13,5000,0.451,2255,0.451,10000,0.001,-0.00099,0.0,0.1,1.0,0.1,0.0,unit_total_var,,0.5,5000000,5000,50000,True,0.0001,,0.0,0.0,1.0,2000,train_pred_mse,315000,0.007990732935760842,0.008191723532875924,3.5489957113137984e-05,0.0006034423306683067,1361.9037229978208,69.18468550515574,0.9952,0.0,0.0,0,500,500,4000,4876.553319692613
ok,ptft,14,5000,0.451,2255,0.451,10000,0.001,-0.00099,0.0,0.1,1.0,0.1,0.0,unit_total_var,,0.5,5000000,5000,50000,True,0.0001,,0.0,0.0,1.0,2000,train_pred_mse,315000,0.00765569977334132,0.00771997985949968,3.62397614334612e-05,0.0005817064628412741,1378.009095240415,71.33276124108927,0.9968,0.0,0.0,0,500,500,4000,4084.443018198013
ok,ptft,15,5000,0.451,2255,0.451,10000,0.001,-0.00099,0.0,0.1,1.0,0.1,0.0,unit_total_var,,0.5,5000000,5000,50000,True,0.0001,,0.0,0.0,1.0,2000,train_pred_mse,320000,0.006878004634042982,0.0067505061449072605,3.540161886027257e-05,0.0005369269175773781,1328.1831968743738,68.83756498729525,0.996,0.0,0.0,0,500,500,4000,4851.622821331024
ok,ptft,16,5000,0.451,2255,0.451,10000,0.001,-0.00099,0.0,0.1,1.0,0.1,0.0,unit_total_var,,0.5,5000000,5000,50000,True,0.0001,,0.0,0.0,1.0,2000,train_pred_mse,300000,0.008020527023081397,0.007966760561086696,3.7267763437782726e-05,0.0006510042804743528,1263.56188710464,65.75475075123511,0.996,0.0,0.0,0,500,500,4000,4441.611850500107
ok,ptft,17,5000,0.451,2255,0.451,10000,0.001,-0.00099,0.0,0.1,1.0,0.1,0.0,unit_total_var,,0.5,5000000,5000,50000,True,0.0001,,0.0,0.0,1.0,2000,train_pred_mse,335000,0.010659960019714466,0.010646210062808234,3.4604190496181705e-05,0.0005817962924200258,1278.5776096678646,65.4989317878968,0.9964,0.0,0.0,0,500,500,4000,4580.911946296692
ok,ptft,18,5000,0.451,2255,0.451,10000,0.001,-0.00099,0.0,0.1,1.0,0.1,0.0,unit_total_var,,0.5,5000000,5000,50000,True,0.0001,,0.0,0.0,1.0,2000,train_pred_mse,315000,0.009388257970897105,0.009232725536093759,3.403530221262046e-05,0.0005974268821171495,1275.8191384471002,64.34522903409793,0.9952,0.0,0.0,0,500,500,4000,5930.886671066284
ok,ptft,19,5000,0.451,2255,0.451,10000,0.001,-0.00099,0.0,0.1,1.0,0.1,0.0,unit_total_var,,0.5,5000000,5000,50000,True,0.0001,,0.0,0.0,1.0,2000,train_pred_mse,305000,0.0070139158518081526,0.007116104759993218,3.6869178760793496e-05,0.0006629497331286708,1282.784408231047,67.34380046603907,0.996,0.0,0.0,0,500,500,4000,3442.640595912933
ok,ptft,6,5000,0.451,2255,0.451,10000,0.001,-0.00099,0.0,0.1,1.0,0.1,0.0,unit_total_var,,0.5,5000000,5000,50000,True,0.0001,,0.0,0.0,1.0,2000,train_pred_mse,310000,0.005898911561454815,0.005910818477518154,3.4855355848731874e-05,0.0005708937034030331,1276.1391124731051,67.45353486238851,0.9940000000000001,0.0,0.0,0,500,500,4000,4656.199630260468
ok,ptft,7,5000,0.451,2255,0.451,10000,0.001,-0.00099,0.0,0.1,1.0,0.1,0.0,unit_total_var,,0.5,5000000,5000,50000,True,0.0001,,0.0,0.0,1.0,2000,train_pred_mse,310000,0.010675955211594009,0.01061911764551858,3.762642359221356e-05,0.0006992594478308223,1348.9819476327825,67.31769602937597,0.995,0.0,0.0,0,500,500,4000,4143.572956800461
ok,ptft,8,5000,0.451,2255,0.451,10000,0.001,-0.00099,0.0,0.1,1.0,0.1,0.0,unit_total_var,,0.5,5000000,5000,50000,True,0.0001,,0.0,0.0,1.0,2000,train_pred_mse,325000,0.008179811623801752,0.008192856348252548,3.463624891915924e-05,0.000489066973202862,1335.9151462501145,69.37762945572891,0.9940000000000001,0.0,0.0,0,500,500,4000,4735.914690256119
ok,ptft,9,5000,0.451,2255,0.451,10000,0.001,-0.00099,0.0,0.1,1.0,0.1,0.0,unit_total_var,,0.5,5000000,5000,50000,True,0.0001,,0.0,0.0,1.0,2000,train_pred_mse,295000,0.006459637380856439,0.0064221597536300995,3.681590386831811e-05,0.0006135907284761597,1277.073381635733,66.44222368956726,0.9956,0.0,0.0,0,500,500,4000,4614.144414186479
ok,ptft,10,5000,0.5,2500,0.5,10000,0.001,-0.00099,0.0,0.1,1.0,0.1,0.0,unit_total_var,,0.5,5000000,5000,50000,True,0.0001,,0.0,0.0,1.0,2000,train_pred_mse,275000,0.0031579664688654104,0.0031505087027021085,3.8218390077745935e-05,0.0005648651335111494,1328.0198759867649,70.41573366432681,0.9924,0.0,0.0,0,500,500,4000,6037.038906335832
ok,ptft,11,5000,0.5,2500,0.5,10000,0.001,-0.00099,0.0,0.1,1.0,0.1,0.0,unit_total_var,,0.5,5000000,5000,50000,True,0.0001,,0.0,0.0,1.0,2000,train_pred_mse,255000,0.0028435708070844857,0.002866167534756393,3.939928504288944e-05,0.0006323915620168863,1376.513372900427,73.12950189159496,0.9958,0.0,0.0,0,500,500,4000,4702.810217380525
ok,ptft,12,5000,0.5,2500,0.5,10000,0.001,-0.00099,0.0,0.1,1.0,0.1,0.0,unit_total_var,,0.5,5000000,5000,50000,True,0.0001,,0.0,0.0,1.0,2000,train_pred_mse,305000,0.004193320823349811,0.004166356076534888,3.7465647995831074e-05,0.0006487428112164273,1266.9761984875522,66.14290038160175,0.9946,0.0,0.0,0,500,500,4000,5580.871362924577
ok,ptft,13,5000,0.5,2500,0.5,10000,0.001,-0.00099,0.0,0.1,1.0,0.1,0.0,unit_total_var,,0.5,5000000,5000,50000,True,0.0001,,0.0,0.0,1.0,2000,train_pred_mse,270000,0.0031179916400786,0.0031791795198644066,3.5793424389338485e-05,0.000523014886581305,1347.5703676858611,70.39144980648881,0.9942,0.0,0.0,0,500,500,4000,5511.26858663559
ok,ptft,14,5000,0.5,2500,0.5,10000,0.001,-0.00099,0.0,0.1,1.0,0.1,0.0,unit_total_var,,0.5,5000000,5000,50000,True,0.0001,,0.0,0.0,1.0,2000,train_pred_mse,285000,0.003876708728532292,0.003952169135308428,3.672302448745693e-05,0.0005684212455472728,1369.7844909129667,72.13395337478437,0.9948,0.0,0.0,0,500,500,4000,5230.870547294617
ok,ptft,15,5000,0.5,2500,0.5,10000,0.001,-0.00099,0.0,0.1,1.0,0.1,0.0,unit_total_var,,0.5,5000000,5000,50000,True,0.0001,,0.0,0.0,1.0,2000,train_pred_mse,295000,0.0038295544399081977,0.0038046219129592687,3.9700240502017684e-05,0.0007224772588187912,1322.157523065251,69.54064017721373,0.9966,0.0,0.0,0,500,500,4000,4694.520196199417
ok,ptft,16,5000,0.5,2500,0.5,10000,0.001,-0.00099,0.0,0.1,1.0,0.1,0.0,unit_total_var,,0.5,5000000,5000,50000,True,0.0001,,0.0,0.0,1.0,2000,train_pred_mse,275000,0.003196671263838727,0.003165273149650458,4.028184678469145e-05,0.0006935259778057921,1251.2246540535714,66.9107521502639,0.9954,0.0,0.0,0,500,500,4000,3755.690316915512
ok,ptft,17,5000,0.5,2500,0.5,10000,0.001,-0.00099,0.0,0.1,1.0,0.1,0.0,unit_total_var,,0.5,5000000,5000,50000,True,0.0001,,0.0,0.0,1.0,2000,train_pred_mse,255000,0.002409090303127228,0.002439790088542316,4.264429850103013e-05,0.0007581996679935409,1260.6780822936828,67.60312348227836,0.9948,0.0,0.0,0,500,500,4000,3863.8101069927216
ok,ptft,18,5000,0.5,2500,0.5,10000,0.001,-0.00099,0.0,0.1,1.0,0.1,0.0,unit_total_var,,0.5,5000000,5000,50000,True,0.0001,,0.0,0.0,1.0,2000,train_pred_mse,260000,0.003129703338718857,0.0031516604740088805,4.006012835991825e-05,0.0007740153138064557,1262.8701932789072,65.73951840215496,0.9958,0.0,0.0,0,500,500,4000,3936.592526435852
ok,ptft,19,5000,0.5,2500,0.5,10000,0.001,-0.00099,0.0,0.1,1.0,0.1,0.0,unit_total_var,,0.5,5000000,5000,50000,True,0.0001,,0.0,0.0,1.0,2000,train_pred_mse,275000,0.003270048208781905,0.0032833695425321264,3.4896860430370805e-05,0.0005693659929039639,1272.9864832853227,68.31063017172738,0.997,0.0,0.0,0,500,500,4000,6660.900284528731
ok,ptft,6,5000,0.5,2500,0.5,10000,0.001,-0.00099,0.0,0.1,1.0,0.1,0.0,unit_total_var,,0.5,5000000,5000,50000,True,0.0001,,0.0,0.0,1.0,2000,train_pred_mse,290000,0.003430439266332108,0.003427478949249141,3.8621905094957974e-05,0.0006533930460996156,1269.9378653019444,68.14233231868947,0.9962,0.0,0.0,0,500,500,4000,4919.95591211319
ok,ptft,7,5000,0.5,2500,0.5,10000,0.001,-0.00099,0.0,0.1,1.0,0.1,0.0,unit_total_var,,0.5,5000000,5000,50000,True,0.0001,,0.0,0.0,1.0,2000,train_pred_mse,260000,0.003029616141815249,0.003024710505469728,3.804652685562541e-05,0.0006314054593985993,1327.6304969710266,69.119431369098,0.996,0.0,0.0,0,500,500,4000,3825.0145184993744
ok,ptft,8,5000,0.5,2500,0.5,10000,0.001,-0.00099,0.0,0.1,1.0,0.1,0.0,unit_total_var,,0.5,5000000,5000,50000,True,0.0001,,0.0,0.0,1.0,2000,train_pred_mse,305000,0.003904428973189549,0.003950648759224761,3.316887347630207e-05,0.0004902296357219862,1327.065386338494,70.26938584063289,0.9928,0.0,0.0,0,500,500,4000,4887.147600889206
ok,ptft,9,5000,0.5,2500,0.5,10000,0.001,-0.00099,0.0,0.1,1.0,0.1,0.0,unit_total_var,,0.5,5000000,5000,50000,True,0.0001,,0.0,0.0,1.0,2000,train_pred_mse,275000,0.0028428928113156467,0.0028241680037811696,3.763316331559269e-05,0.000617301750004233,1266.3965938059227,67.46274669057681,0.9946,0.0,0.0,0,500,500,4000,6275.392362356187
ok,ptft,10,5000,0.01,50,0.01,10000,0.001,-0.001,0.0,0.1,1.0,0.1,0.0,unit_total_var,,0.5,5000000,5000,50000,True,0.0001,,0.0,0.0,1.0,2000,fixed_point,10000,1.0742889561585791,1.0501916829843267,0.0,0.0,0.0,0.0,0.0,0.0,0.0,0,500,500,4000,8.763778209686281
ok,ptft,11,5000,0.01,50,0.01,10000,0.001,-0.001,0.0,0.1,1.0,0.1,0.0,unit_total_var,,0.5,5000000,5000,50000,True,0.0001,,0.0,0.0,1.0,2000,fixed_point,10000,1.1342900826178943,1.1237696347878914,0.0,0.0,0.0,0.0,0.0,0.0,0.0,0,500,500,4000,8.53392767906189
ok,ptft,12,5000,0.01,50,0.01,10000,0.001,-0.001,0.0,0.1,1.0,0.1,0.0,unit_total_var,,0.5,5000000,5000,50000,True,0.0001,,0.0,0.0,1.0,2000,fixed_point,10000,0.940501179233012,0.9359003874242356,0.0,0.0,0.0,0.0,0.0,0.0,0.0,0,500,500,4000,8.513583898544313
ok,ptft,13,5000,0.01,50,0.01,10000,0.001,-0.001,0.0,0.1,1.0,0.1,0.0,unit_total_var,,0.5,5000000,5000,50000,True,0.0001,,0.0,0.0,1.0,2000,fixed_point,10000,1.0424376292540067,1.0505454030808066,0.0,0.0,0.0,0.0,0.0,0.0,0.0,0,500,500,4000,8.541650056838991
ok,ptft,14,5000,0.01,50,0.01,10000,0.001,-0.001,0.0,0.1,1.0,0.1,0.0,unit_total_var,,0.5,5000000,5000,50000,True,0.0001,,0.0,0.0,1.0,2000,fixed_point,10000,1.123930831834287,1.1093430810601976,0.0,0.0,0.0,0.0,0.0,0.0,0.0,0,500,500,4000,9.787932157516481
ok,ptft,15,5000,0.01,50,0.01,10000,0.001,-0.001,0.0,0.1,1.0,0.1,0.0,unit_total_var,,0.5,5000000,5000,50000,True,0.0001,,0.0,0.0,1.0,2000,fixed_point,10000,1.0260060913485374,1.031254881526246,0.0,0.0,0.0,0.0,0.0,0.0,0.0,0,500,500,4000,9.238872051239014
ok,ptft,16,5000,0.01,50,0.01,10000,0.001,-0.001,0.0,0.1,1.0,0.1,0.0,unit_total_var,,0.5,5000000,5000,50000,True,0.0001,,0.0,0.0,1.0,2000,fixed_point,10000,0.9609742446483588,0.9493534504151788,0.0,0.0,0.0,0.0,0.0,0.0,0.0,0,500,500,4000,8.349172830581665
ok,ptft,17,5000,0.01,50,0.01,10000,0.001,-0.001,0.0,0.1,1.0,0.1,0.0,unit_total_var,,0.5,5000000,5000,50000,True,0.0001,,0.0,0.0,1.0,2000,fixed_point,10000,0.9783195106926854,0.9592541978197608,0.0,0.0,0.0,0.0,0.0,0.0,0.0,0,500,500,4000,8.50051736831665
ok,ptft,18,5000,0.01,50,0.01,10000,0.001,-0.001,0.0,0.1,1.0,0.1,0.0,unit_total_var,,0.5,5000000,5000,50000,True,0.0001,,0.0,0.0,1.0,2000,fixed_point,10000,0.9272503142659044,0.9196700429912978,0.0,0.0,0.0,0.0,0.0,0.0,0.0,0,500,500,4000,8.603964805603027
ok,ptft,19,5000,0.01,50,0.01,10000,0.001,-0.001,0.0,0.1,1.0,0.1,0.0,unit_total_var,,0.5,5000000,5000,50000,True,0.0001,,0.0,0.0,1.0,2000,fixed_point,10000,0.969580883501878,0.9895460979293972,0.0,0.0,0.0,0.0,0.0,0.0,0.0,0,500,500,4000,8.597048997879027
ok,ptft,6,5000,0.01,50,0.01,10000,0.001,-0.001,0.0,0.1,1.0,0.1,0.0,unit_total_var,,0.5,5000000,5000,50000,True,0.0001,,0.0,0.0,1.0,2000,fixed_point,10000,0.9871879627166271,0.9856963359738816,0.0,0.0,0.0,0.0,0.0,0.0,0.0,0,500,500,4000,9.428321838378906
ok,ptft,7,5000,0.01,50,0.01,10000,0.001,-0.001,0.0,0.1,1.0,0.1,0.0,unit_total_var,,0.5,5000000,5000,50000,True,0.0001,,0.0,0.0,1.0,2000,fixed_point,10000,1.0049562430671106,1.0123668318602148,0.0,0.0,0.0,0.0,0.0,0.0,0.0,0,500,500,4000,9.541424751281738
ok,ptft,8,5000,0.01,50,0.01,10000,0.001,-0.001,0.0,0.1,1.0,0.1,0.0,unit_total_var,,0.5,5000000,5000,50000,True,0.0001,,0.0,0.0,1.0,2000,fixed_point,10000,1.0726426345224542,1.0547493509302177,0.0,0.0,0.0,0.0,0.0,0.0,0.0,0,500,500,4000,8.039602279663086
ok,ptft,9,5000,0.01,50,0.01,10000,0.001,-0.001,0.0,0.1,1.0,0.1,0.0,unit_total_var,,0.5,5000000,5000,50000,True,0.0001,,0.0,0.0,1.0,2000,fixed_point,10000,0.9860449129325228,0.9638759488337914,0.0,0.0,0.0,0.0,0.0,0.0,0.0,0,500,500,4000,9.148617267608644
ok,ptft,10,5000,0.059,295,0.059000000000000004,10000,0.001,-0.001,0.0,0.1,1.0,0.1,0.0,unit_total_var,,0.5,5000000,5000,50000,True,0.0001,,0.0,0.0,1.0,2000,fixed_point,10000,1.0742889561585791,1.0501916829843267,0.0,0.0,0.0,0.0,0.0,0.0,0.0,0,500,500,4000,18.049470901489254
ok,ptft,11,5000,0.059,295,0.059000000000000004,10000,0.001,-0.001,0.0,0.1,1.0,0.1,0.0,unit_total_var,,0.5,5000000,5000,50000,True,0.0001,,0.0,0.0,1.0,2000,fixed_point,10000,1.1342900826178943,1.1237696347878914,0.0,0.0,0.0,0.0,0.0,0.0,0.0,0,500,500,4000,15.884909391403198
ok,ptft,12,5000,0.059,295,0.059000000000000004,10000,0.001,-0.001,0.0,0.1,1.0,0.1,0.0,unit_total_var,,0.5,5000000,5000,50000,True,0.0001,,0.0,0.0,1.0,2000,fixed_point,10000,0.940501179233012,0.9359003874242356,0.0,0.0,0.0,0.0,0.0,0.0,0.0,0,500,500,4000,14.613763093948364
ok,ptft,13,5000,0.059,295,0.059000000000000004,10000,0.001,-0.001,0.0,0.1,1.0,0.1,0.0,unit_total_var,,0.5,5000000,5000,50000,True,0.0001,,0.0,0.0,1.0,2000,fixed_point,10000,1.0424376292540067,1.0505454030808066,0.0,0.0,0.0,0.0,0.0,0.0,0.0,0,500,500,4000,16.89333462715149
ok,ptft,14,5000,0.059,295,0.059000000000000004,10000,0.001,-0.001,0.0,0.1,1.0,0.1,0.0,unit_total_var,,0.5,5000000,5000,50000,True,0.0001,,0.0,0.0,1.0,2000,fixed_point,10000,1.123930831834287,1.1093430810601976,0.0,0.0,0.0,0.0,0.0,0.0,0.0,0,500,500,4000,13.986661672592163
ok,ptft,15,5000,0.059,295,0.059000000000000004,10000,0.001,-0.001,0.0,0.1,1.0,0.1,0.0,unit_total_var,,0.5,5000000,5000,50000,True,0.0001,,0.0,0.0,1.0,2000,fixed_point,10000,1.0260060913485374,1.031254881526246,0.0,0.0,0.0,0.0,0.0,0.0,0.0,0,500,500,4000,16.001174926757812
ok,ptft,16,5000,0.059,295,0.059000000000000004,10000,0.001,-0.001,0.0,0.1,1.0,0.1,0.0,unit_total_var,,0.5,5000000,5000,50000,True,0.0001,,0.0,0.0,1.0,2000,fixed_point,10000,0.9609742446483588,0.9493534504151788,0.0,0.0,0.0,0.0,0.0,0.0,0.0,0,500,500,4000,14.088091135025024
ok,ptft,17,5000,0.059,295,0.059000000000000004,10000,0.001,-0.001,0.0,0.1,1.0,0.1,0.0,unit_total_var,,0.5,5000000,5000,50000,True,0.0001,,0.0,0.0,1.0,2000,fixed_point,10000,0.9783195106926854,0.9592541978197608,0.0,0.0,0.0,0.0,0.0,0.0,0.0,0,500,500,4000,14.780836343765259
ok,ptft,18,5000,0.059,295,0.059000000000000004,10000,0.001,-0.001,0.0,0.1,1.0,0.1,0.0,unit_total_var,,0.5,5000000,5000,50000,True,0.0001,,0.0,0.0,1.0,2000,fixed_point,10000,0.9272503142659044,0.9196700429912978,0.0,0.0,0.0,0.0,0.0,0.0,0.0,0,500,500,4000,14.362058401107788
ok,ptft,19,5000,0.059,295,0.059000000000000004,10000,0.001,-0.001,0.0,0.1,1.0,0.1,0.0,unit_total_var,,0.5,5000000,5000,50000,True,0.0001,,0.0,0.0,1.0,2000,fixed_point,10000,0.969580883501878,0.9895460979293972,0.0,0.0,0.0,0.0,0.0,0.0,0.0,0,500,500,4000,14.941119194030762
ok,ptft,6,5000,0.059,295,0.059000000000000004,10000,0.001,-0.001,0.0,0.1,1.0,0.1,0.0,unit_total_var,,0.5,5000000,5000,50000,True,0.0001,,0.0,0.0,1.0,2000,fixed_point,10000,0.9871879627166271,0.9856963359738816,0.0,0.0,0.0,0.0,0.0,0.0,0.0,0,500,500,4000,18.39250874519348
ok,ptft,7,5000,0.059,295,0.059000000000000004,10000,0.001,-0.001,0.0,0.1,1.0,0.1,0.0,unit_total_var,,0.5,5000000,5000,50000,True,0.0001,,0.0,0.0,1.0,2000,fixed_point,10000,1.0049562430671106,1.0123668318602148,0.0,0.0,0.0,0.0,0.0,0.0,0.0,0,500,500,4000,19.412988424301147
ok,ptft,8,5000,0.059,295,0.059000000000000004,10000,0.001,-0.001,0.0,0.1,1.0,0.1,0.0,unit_total_var,,0.5,5000000,5000,50000,True,0.0001,,0.0,0.0,1.0,2000,fixed_point,10000,1.0726426345224542,1.0547493509302177,0.0,0.0,0.0,0.0,0.0,0.0,0.0,0,500,500,4000,15.611395597457886
ok,ptft,9,5000,0.059,295,0.059000000000000004,10000,0.001,-0.001,0.0,0.1,1.0,0.1,0.0,unit_total_var,,0.5,5000000,5000,50000,True,0.0001,,0.0,0.0,1.0,2000,fixed_point,10000,0.9860449129325228,0.9638759488337914,0.0,0.0,0.0,0.0,0.0,0.0,0.0,0,500,500,4000,16.62463068962097
ok,ptft,10,5000,0.10800000000000001,540,0.10800000000000001,10000,0.001,-0.001,0.0,0.1,1.0,0.1,0.0,unit_total_var,,0.5,5000000,5000,50000,True,0.0001,,0.0,0.0,1.0,2000,fixed_point,10000,1.0742889561585791,1.0501916829843267,0.0,0.0,0.0,0.0,0.0,0.0,0.0,0,500,500,4000,25.09894442558289
ok,ptft,11,5000,0.10800000000000001,540,0.10800000000000001,10000,0.001,-0.001,0.0,0.1,1.0,0.1,0.0,unit_total_var,,0.5,5000000,5000,50000,True,0.0001,,0.0,0.0,1.0,2000,fixed_point,10000,1.1342900826178943,1.1237696347878914,0.0,0.0,0.0,0.0,0.0,0.0,0.0,0,500,500,4000,23.71193337440491
ok,ptft,12,5000,0.10800000000000001,540,0.10800000000000001,10000,0.001,-0.001,0.0,0.1,1.0,0.1,0.0,unit_total_var,,0.5,5000000,5000,50000,True,0.0001,,0.0,0.0,1.0,2000,fixed_point,10000,0.940501179233012,0.9359003874242356,0.0,0.0,0.0,0.0,0.0,0.0,0.0,0,500,500,4000,21.067360877990726
ok,ptft,13,5000,0.10800000000000001,540,0.10800000000000001,10000,0.001,-0.001,0.0,0.1,1.0,0.1,0.0,unit_total_var,,0.5,5000000,5000,50000,True,0.0001,,0.0,0.0,1.0,2000,fixed_point,10000,1.0424376292540067,1.0505454030808066,0.0,0.0,0.0,0.0,0.0,0.0,0.0,0,500,500,4000,28.428264617919922
ok,ptft,14,5000,0.10800000000000001,540,0.10800000000000001,10000,0.001,-0.001,0.0,0.1,1.0,0.1,0.0,unit_total_var,,0.5,5000000,5000,50000,True,0.0001,,0.0,0.0,1.0,2000,fixed_point,10000,1.123930831834287,1.1093430810601976,0.0,0.0,0.0,0.0,0.0,0.0,0.0,0,500,500,4000,39.395751953125
ok,ptft,15,5000,0.10800000000000001,540,0.10800000000000001,10000,0.001,-0.001,0.0,0.1,1.0,0.1,0.0,unit_total_var,,0.5,5000000,5000,50000,True,0.0001,,0.0,0.0,1.0,2000,fixed_point,10000,1.0260060913485374,1.031254881526246,0.0,0.0,0.0,0.0,0.0,0.0,0.0,0,500,500,4000,21.681472778320312
ok,ptft,16,5000,0.10800000000000001,540,0.10800000000000001,10000,0.001,-0.001,0.0,0.1,1.0,0.1,0.0,unit_total_var,,0.5,5000000,5000,50000,True,0.0001,,0.0,0.0,1.0,2000,fixed_point,10000,0.9609742446483588,0.9493534504151788,0.0,0.0,0.0,0.0,0.0,0.0,0.0,0,500,500,4000,22.075174570083615
ok,ptft,17,5000,0.10800000000000001,540,0.10800000000000001,10000,0.001,-0.001,0.0,0.1,1.0,0.1,0.0,unit_total_var,,0.5,5000000,5000,50000,True,0.0001,,0.0,0.0,1.0,2000,fixed_point,10000,0.9783195106926854,0.9592541978197608,0.0,0.0,0.0,0.0,0.0,0.0,0.0,0,500,500,4000,21.607775449752808
ok,ptft,18,5000,0.10800000000000001,540,0.10800000000000001,10000,0.001,-0.001,0.0,0.1,1.0,0.1,0.0,unit_total_var,,0.5,5000000,5000,50000,True,0.0001,,0.0,0.0,1.0,2000,fixed_point,10000,0.9272503142659044,0.9196700429912978,0.0,0.0,0.0,0.0,0.0,0.0,0.0,0,500,500,4000,20.99903130531311
ok,ptft,19,5000,0.10800000000000001,540,0.10800000000000001,10000,0.001,-0.001,0.0,0.1,1.0,0.1,0.0,unit_total_var,,0.5,5000000,5000,50000,True,0.0001,,0.0,0.0,1.0,2000,fixed_point,10000,0.969580883501878,0.9895460979293972,0.0,0.0,0.0,0.0,0.0,0.0,0.0,0,500,500,4000,20.31782531738281
ok,ptft,6,5000,0.10800000000000001,540,0.10800000000000001,10000,0.001,-0.001,0.0,0.1,1.0,0.1,0.0,unit_total_var,,0.5,5000000,5000,50000,True,0.0001,,0.0,0.0,1.0,2000,fixed_point,10000,0.9871879627166271,0.9856963359738816,0.0,0.0,0.0,0.0,0.0,0.0,0.0,0,500,500,4000,36.13098478317261
ok,ptft,7,5000,0.10800000000000001,540,0.10800000000000001,10000,0.001,-0.001,0.0,0.1,1.0,0.1,0.0,unit_total_var,,0.5,5000000,5000,50000,True,0.0001,,0.0,0.0,1.0,2000,fixed_point,10000,1.0049562430671106,1.0123668318602148,0.0,0.0,0.0,0.0,0.0,0.0,0.0,0,500,500,4000,22.788955450057983
ok,ptft,8,5000,0.10800000000000001,540,0.10800000000000001,10000,0.001,-0.001,0.0,0.1,1.0,0.1,0.0,unit_total_var,,0.5,5000000,5000,50000,True,0.0001,,0.0,0.0,1.0,2000,fixed_point,10000,1.0726426345224542,1.0547493509302177,0.0,0.0,0.0,0.0,0.0,0.0,0.0,0,500,500,4000,24.934208631515503
ok,ptft,9,5000,0.10800000000000001,540,0.10800000000000001,10000,0.001,-0.001,0.0,0.1,1.0,0.1,0.0,unit_total_var,,0.5,5000000,5000,50000,True,0.0001,,0.0,0.0,1.0,2000,fixed_point,10000,0.9860449129325228,0.9638759488337914,0.0,0.0,0.0,0.0,0.0,0.0,0.0,0,500,500,4000,28.663201332092285
ok,ptft,10,5000,0.15700000000000006,785,0.157,10000,0.001,-0.001,0.0,0.1,1.0,0.1,0.0,unit_total_var,,0.5,5000000,5000,50000,True,0.0001,,0.0,0.0,1.0,2000,fixed_point,10000,1.0742889561585791,1.0501916829843267,0.0,0.0,0.0,0.0,0.0,0.0,0.0,0,500,500,4000,32.80117702484131
ok,ptft,11,5000,0.15700000000000006,785,0.157,10000,0.001,-0.001,0.0,0.1,1.0,0.1,0.0,unit_total_var,,0.5,5000000,5000,50000,True,0.0001,,0.0,0.0,1.0,2000,fixed_point,10000,1.1342900826178943,1.1237696347878914,0.0,0.0,0.0,0.0,0.0,0.0,0.0,0,500,500,4000,34.6389217376709
ok,ptft,12,5000,0.15700000000000006,785,0.157,10000,0.001,-0.001,0.0,0.1,1.0,0.1,0.0,unit_total_var,,0.5,5000000,5000,50000,True,0.0001,,0.0,0.0,1.0,2000,fixed_point,10000,0.940501179233012,0.9359003874242356,0.0,0.0,0.0,0.0,0.0,0.0,0.0,0,500,500,4000,35.085576057434075
ok,ptft,13,5000,0.15700000000000006,785,0.157,10000,0.001,-0.001,0.0,0.1,1.0,0.1,0.0,unit_total_var,,0.5,5000000,5000,50000,True,0.0001,,0.0,0.0,1.0,2000,fixed_point,10000,1.0424376292540067,1.0505454030808066,0.0,0.0,0.0,0.0,0.0,0.0,0.0,0,500,500,4000,49.80529737472534
ok,ptft,14,5000,0.15700000000000006,785,0.157,10000,0.001,-0.001,0.0,0.1,1.0,0.1,0.0,unit_total_var,,0.5,5000000,5000,50000,True,0.0001,,0.0,0.0,1.0,2000,fixed_point,10000,1.123930831834287,1.1093430810601976,0.0,0.0,0.0,0.0,0.0,0.0,0.0,0,500,500,4000,32.830450773239136
ok,ptft,15,5000,0.15700000000000006,785,0.157,10000,0.001,-0.001,0.0,0.1,1.0,0.1,0.0,unit_total_var,,0.5,5000000,5000,50000,True,0.0001,,0.0,0.0,1.0,2000,fixed_point,10000,1.0260060913485374,1.031254881526246,0.0,0.0,0.0,0.0,0.0,0.0,0.0,0,500,500,4000,41.769173860549934
ok,ptft,16,5000,0.15700000000000006,785,0.157,10000,0.001,-0.001,0.0,0.1,1.0,0.1,0.0,unit_total_var,,0.5,5000000,5000,50000,True,0.0001,,0.0,0.0,1.0,2000,fixed_point,10000,0.9609742446483588,0.9493534504151788,0.0,0.0,0.0,0.0,0.0,0.0,0.0,0,500,500,4000,32.59134840965271
ok,ptft,17,5000,0.15700000000000006,785,0.157,10000,0.001,-0.001,0.0,0.1,1.0,0.1,0.0,unit_total_var,,0.5,5000000,5000,50000,True,0.0001,,0.0,0.0,1.0,2000,fixed_point,10000,0.9783195106926854,0.9592541978197608,0.0,0.0,0.0,0.0,0.0,0.0,0.0,0,500,500,4000,36.98471260070801
ok,ptft,18,5000,0.15700000000000006,785,0.157,10000,0.001,-0.001,0.0,0.1,1.0,0.1,0.0,unit_total_var,,0.5,5000000,5000,50000,True,0.0001,,0.0,0.0,1.0,2000,fixed_point,10000,0.9272503142659044,0.9196700429912978,0.0,0.0,0.0,0.0,0.0,0.0,0.0,0,500,500,4000,27.97773385047913
ok,ptft,19,5000,0.15700000000000006,785,0.157,10000,0.001,-0.001,0.0,0.1,1.0,0.1,0.0,unit_total_var,,0.5,5000000,5000,50000,True,0.0001,,0.0,0.0,1.0,2000,fixed_point,10000,0.969580883501878,0.9895460979293972,0.0,0.0,0.0,0.0,0.0,0.0,0.0,0,500,500,4000,33.387187004089355
ok,ptft,6,5000,0.15700000000000006,785,0.157,10000,0.001,-0.001,0.0,0.1,1.0,0.1,0.0,unit_total_var,,0.5,5000000,5000,50000,True,0.0001,,0.0,0.0,1.0,2000,fixed_point,10000,0.9871879627166271,0.9856963359738816,0.0,0.0,0.0,0.0,0.0,0.0,0.0,0,500,500,4000,64.37401151657103
ok,ptft,7,5000,0.15700000000000006,785,0.157,10000,0.001,-0.001,0.0,0.1,1.0,0.1,0.0,unit_total_var,,0.5,5000000,5000,50000,True,0.0001,,0.0,0.0,1.0,2000,fixed_point,10000,1.0049562430671106,1.0123668318602148,0.0,0.0,0.0,0.0,0.0,0.0,0.0,0,500,500,4000,33.60101389884949
ok,ptft,8,5000,0.15700000000000006,785,0.157,10000,0.001,-0.001,0.0,0.1,1.0,0.1,0.0,unit_total_var,,0.5,5000000,5000,50000,True,0.0001,,0.0,0.0,1.0,2000,fixed_point,10000,1.0726426345224542,1.0547493509302177,0.0,0.0,0.0,0.0,0.0,0.0,0.0,0,500,500,4000,35.456353664398186
ok,ptft,9,5000,0.15700000000000006,785,0.157,10000,0.001,-0.001,0.0,0.1,1.0,0.1,0.0,unit_total_var,,0.5,5000000,5000,50000,True,0.0001,,0.0,0.0,1.0,2000,fixed_point,10000,0.9860449129325228,0.9638759488337914,0.0,0.0,0.0,0.0,0.0,0.0,0.0,0,500,500,4000,40.677397966384895
ok,ptft,10,5000,0.206,1030,0.20600000000000002,10000,0.001,-0.001,0.0,0.1,1.0,0.1,0.0,unit_total_var,,0.5,5000000,5000,50000,True,0.0001,,0.0,0.0,1.0,2000,fixed_point,10000,1.0742889561585791,1.0501916829843267,0.0,0.0,0.0,0.0,0.0,0.0,0.0,0,500,500,4000,50.692373752594
ok,ptft,11,5000,0.206,1030,0.20600000000000002,10000,0.001,-0.001,0.0,0.1,1.0,0.1,0.0,unit_total_var,,0.5,5000000,5000,50000,True,0.0001,,0.0,0.0,1.0,2000,fixed_point,10000,1.1342900826178943,1.1237696347878914,0.0,0.0,0.0,0.0,0.0,0.0,0.0,0,500,500,4000,59.56397771835327
ok,ptft,12,5000,0.206,1030,0.20600000000000002,10000,0.001,-0.001,0.0,0.1,1.0,0.1,0.0,unit_total_var,,0.5,5000000,5000,50000,True,0.0001,,0.0,0.0,1.0,2000,fixed_point,10000,0.940501179233012,0.9359003874242356,0.0,0.0,0.0,0.0,0.0,0.0,0.0,0,500,500,4000,56.540976285934455
ok,ptft,13,5000,0.206,1030,0.20600000000000002,10000,0.001,-0.001,0.0,0.1,1.0,0.1,0.0,unit_total_var,,0.5,5000000,5000,50000,True,0.0001,,0.0,0.0,1.0,2000,fixed_point,10000,1.0424376292540067,1.0505454030808066,0.0,0.0,0.0,0.0,0.0,0.0,0.0,0,500,500,4000,56.06773281097412
ok,ptft,14,5000,0.206,1030,0.20600000000000002,10000,0.001,-0.001,0.0,0.1,1.0,0.1,0.0,unit_total_var,,0.5,5000000,5000,50000,True,0.0001,,0.0,0.0,1.0,2000,fixed_point,10000,1.123930831834287,1.1093430810601976,0.0,0.0,0.0,0.0,0.0,0.0,0.0,0,500,500,4000,40.9158673286438
ok,ptft,15,5000,0.206,1030,0.20600000000000002,10000,0.001,-0.001,0.0,0.1,1.0,0.1,0.0,unit_total_var,,0.5,5000000,5000,50000,True,0.0001,,0.0,0.0,1.0,2000,fixed_point,10000,1.0260060913485374,1.031254881526246,0.0,0.0,0.0,0.0,0.0,0.0,0.0,0,500,500,4000,100.090336561203
ok,ptft,16,5000,0.206,1030,0.20600000000000002,10000,0.001,-0.001,0.0,0.1,1.0,0.1,0.0,unit_total_var,,0.5,5000000,5000,50000,True,0.0001,,0.0,0.0,1.0,2000,fixed_point,10000,0.9609742446483588,0.9493534504151788,0.0,0.0,0.0,0.0,0.0,0.0,0.0,0,500,500,4000,51.45917224884033
ok,ptft,17,5000,0.206,1030,0.20600000000000002,10000,0.001,-0.001,0.0,0.1,1.0,0.1,0.0,unit_total_var,,0.5,5000000,5000,50000,True,0.0001,,0.0,0.0,1.0,2000,fixed_point,10000,0.9783195106926854,0.9592541978197608,0.0,0.0,0.0,0.0,0.0,0.0,0.0,0,500,500,4000,56.00518655776978
ok,ptft,18,5000,0.206,1030,0.20600000000000002,10000,0.001,-0.001,0.0,0.1,1.0,0.1,0.0,unit_total_var,,0.5,5000000,5000,50000,True,0.0001,,0.0,0.0,1.0,2000,fixed_point,10000,0.9272503142659044,0.9196700429912978,0.0,0.0,0.0,0.0,0.0,0.0,0.0,0,500,500,4000,63.1996488571167
ok,ptft,19,5000,0.206,1030,0.20600000000000002,10000,0.001,-0.001,0.0,0.1,1.0,0.1,0.0,unit_total_var,,0.5,5000000,5000,50000,True,0.0001,,0.0,0.0,1.0,2000,fixed_point,10000,0.969580883501878,0.9895460979293972,0.0,0.0,0.0,0.0,0.0,0.0,0.0,0,500,500,4000,75.55983138084413
ok,ptft,6,5000,0.206,1030,0.20600000000000002,10000,0.001,-0.001,0.0,0.1,1.0,0.1,0.0,unit_total_var,,0.5,5000000,5000,50000,True,0.0001,,0.0,0.0,1.0,2000,fixed_point,10000,0.9871879627166271,0.9856963359738816,0.0,0.0,0.0,0.0,0.0,0.0,0.0,0,500,500,4000,81.89670157432556
ok,ptft,7,5000,0.206,1030,0.20600000000000002,10000,0.001,-0.001,0.0,0.1,1.0,0.1,0.0,unit_total_var,,0.5,5000000,5000,50000,True,0.0001,,0.0,0.0,1.0,2000,fixed_point,10000,1.0049562430671106,1.0123668318602148,0.0,0.0,0.0,0.0,0.0,0.0,0.0,0,500,500,4000,38.32808303833008
ok,ptft,8,5000,0.206,1030,0.20600000000000002,10000,0.001,-0.001,0.0,0.1,1.0,0.1,0.0,unit_total_var,,0.5,5000000,5000,50000,True,0.0001,,0.0,0.0,1.0,2000,fixed_point,10000,1.0726426345224542,1.0547493509302177,0.0,0.0,0.0,0.0,0.0,0.0,0.0,0,500,500,4000,101.86091876029968
ok,ptft,9,5000,0.206,1030,0.20600000000000002,10000,0.001,-0.001,0.0,0.1,1.0,0.1,0.0,unit_total_var,,0.5,5000000,5000,50000,True,0.0001,,0.0,0.0,1.0,2000,fixed_point,10000,0.9860449129325228,0.9638759488337914,0.0,0.0,0.0,0.0,0.0,0.0,0.0,0,500,500,4000,59.483826398849494
ok,ptft,10,5000,0.255,1275,0.255,10000,0.001,-0.001,0.0,0.1,1.0,0.1,0.0,unit_total_var,,0.5,5000000,5000,50000,True,0.0001,,0.0,0.0,1.0,2000,fixed_point,10000,1.0742889561585791,1.0501916829843267,0.0,0.0,0.0,0.0,0.0,0.0,0.0,0,500,500,4000,68.71088027954103
ok,ptft,11,5000,0.255,1275,0.255,10000,0.001,-0.001,0.0,0.1,1.0,0.1,0.0,unit_total_var,,0.5,5000000,5000,50000,True,0.0001,,0.0,0.0,1.0,2000,fixed_point,10000,1.1342900826178943,1.1237696347878914,0.0,0.0,0.0,0.0,0.0,0.0,0.0,0,500,500,4000,78.32371377944945
ok,ptft,12,5000,0.255,1275,0.255,10000,0.001,-0.001,0.0,0.1,1.0,0.1,0.0,unit_total_var,,0.5,5000000,5000,50000,True,0.0001,,0.0,0.0,1.0,2000,fixed_point,10000,0.940501179233012,0.9359003874242356,0.0,0.0,0.0,0.0,0.0,0.0,0.0,0,500,500,4000,62.27150702476502
ok,ptft,13,5000,0.255,1275,0.255,10000,0.001,-0.001,0.0,0.1,1.0,0.1,0.0,unit_total_var,,0.5,5000000,5000,50000,True,0.0001,,0.0,0.0,1.0,2000,fixed_point,10000,1.0424376292540067,1.0505454030808066,0.0,0.0,0.0,0.0,0.0,0.0,0.0,0,500,500,4000,85.21916651725769
ok,ptft,14,5000,0.255,1275,0.255,10000,0.001,-0.001,0.0,0.1,1.0,0.1,0.0,unit_total_var,,0.5,5000000,5000,50000,True,0.0001,,0.0,0.0,1.0,2000,fixed_point,10000,1.123930831834287,1.1093430810601976,0.0,0.0,0.0,0.0,0.0,0.0,0.0,0,500,500,4000,70.12671136856079
ok,ptft,15,5000,0.255,1275,0.255,10000,0.001,-0.001,0.0,0.1,1.0,0.1,0.0,unit_total_var,,0.5,5000000,5000,50000,True,0.0001,,0.0,0.0,1.0,2000,fixed_point,10000,1.0260060913485374,1.031254881526246,0.0,0.0,0.0,0.0,0.0,0.0,0.0,0,500,500,4000,83.82224249839783
ok,ptft,16,5000,0.255,1275,0.255,10000,0.001,-0.001,0.0,0.1,1.0,0.1,0.0,unit_total_var,,0.5,5000000,5000,50000,True,0.0001,,0.0,0.0,1.0,2000,fixed_point,10000,0.9609742446483588,0.9493534504151788,0.0,0.0,0.0,0.0,0.0,0.0,0.0,0,500,500,4000,57.82365083694458
ok,ptft,17,5000,0.255,1275,0.255,10000,0.001,-0.001,0.0,0.1,1.0,0.1,0.0,unit_total_var,,0.5,5000000,5000,50000,True,0.0001,,0.0,0.0,1.0,2000,fixed_point,10000,0.9783195106926854,0.9592541978197608,0.0,0.0,0.0,0.0,0.0,0.0,0.0,0,500,500,4000,78.55120253562926
ok,ptft,18,5000,0.255,1275,0.255,10000,0.001,-0.001,0.0,0.1,1.0,0.1,0.0,unit_total_var,,0.5,5000000,5000,50000,True,0.0001,,0.0,0.0,1.0,2000,fixed_point,10000,0.9272503142659044,0.9196700429912978,0.0,0.0,0.0,0.0,0.0,0.0,0.0,0,500,500,4000,66.99006819725037
ok,ptft,19,5000,0.255,1275,0.255,10000,0.001,-0.001,0.0,0.1,1.0,0.1,0.0,unit_total_var,,0.5,5000000,5000,50000,True,0.0001,,0.0,0.0,1.0,2000,fixed_point,10000,0.969580883501878,0.9895460979293972,0.0,0.0,0.0,0.0,0.0,0.0,0.0,0,500,500,4000,82.01870250701904
ok,ptft,6,5000,0.255,1275,0.255,10000,0.001,-0.001,0.0,0.1,1.0,0.1,0.0,unit_total_var,,0.5,5000000,5000,50000,True,0.0001,,0.0,0.0,1.0,2000,fixed_point,10000,0.9871879627166271,0.9856963359738816,0.0,0.0,0.0,0.0,0.0,0.0,0.0,0,500,500,4000,96.60002827644348
ok,ptft,7,5000,0.255,1275,0.255,10000,0.001,-0.001,0.0,0.1,1.0,0.1,0.0,unit_total_var,,0.5,5000000,5000,50000,True,0.0001,,0.0,0.0,1.0,2000,fixed_point,10000,1.0049562430671106,1.0123668318602148,0.0,0.0,0.0,0.0,0.0,0.0,0.0,0,500,500,4000,80.57170009613037
ok,ptft,8,5000,0.255,1275,0.255,10000,0.001,-0.001,0.0,0.1,1.0,0.1,0.0,unit_total_var,,0.5,5000000,5000,50000,True,0.0001,,0.0,0.0,1.0,2000,fixed_point,10000,1.0726426345224542,1.0547493509302177,0.0,0.0,0.0,0.0,0.0,0.0,0.0,0,500,500,4000,64.58267283439636
ok,ptft,9,5000,0.255,1275,0.255,10000,0.001,-0.001,0.0,0.1,1.0,0.1,0.0,unit_total_var,,0.5,5000000,5000,50000,True,0.0001,,0.0,0.0,1.0,2000,fixed_point,10000,0.9860449129325228,0.9638759488337914,0.0,0.0,0.0,0.0,0.0,0.0,0.0,0,500,500,4000,77.72398161888124
ok,ptft,10,5000,0.30400000000000005,1520,0.304,10000,0.001,-0.001,0.0,0.1,1.0,0.1,0.0,unit_total_var,,0.5,5000000,5000,50000,True,0.0001,,0.0,0.0,1.0,2000,fixed_point,10000,1.0742889561585791,1.0501916829843267,0.0,0.0,0.0,0.0,0.0,0.0,0.0,0,500,500,4000,100.69863271713257
ok,ptft,11,5000,0.30400000000000005,1520,0.304,10000,0.001,-0.001,0.0,0.1,1.0,0.1,0.0,unit_total_var,,0.5,5000000,5000,50000,True,0.0001,,0.0,0.0,1.0,2000,fixed_point,10000,1.1342900826178943,1.1237696347878914,0.0,0.0,0.0,0.0,0.0,0.0,0.0,0,500,500,4000,98.07307195663452
ok,ptft,12,5000,0.30400000000000005,1520,0.304,10000,0.001,-0.001,0.0,0.1,1.0,0.1,0.0,unit_total_var,,0.5,5000000,5000,50000,True,0.0001,,0.0,0.0,1.0,2000,fixed_point,10000,0.940501179233012,0.9359003874242356,0.0,0.0,0.0,0.0,0.0,0.0,0.0,0,500,500,4000,85.62867307662964
ok,ptft,13,5000,0.30400000000000005,1520,0.304,10000,0.001,-0.001,0.0,0.1,1.0,0.1,0.0,unit_total_var,,0.5,5000000,5000,50000,True,0.0001,,0.0,0.0,1.0,2000,fixed_point,10000,1.0424376292540067,1.0505454030808066,0.0,0.0,0.0,0.0,0.0,0.0,0.0,0,500,500,4000,109.48710751533508
ok,ptft,14,5000,0.30400000000000005,1520,0.304,10000,0.001,-0.001,0.0,0.1,1.0,0.1,0.0,unit_total_var,,0.5,5000000,5000,50000,True,0.0001,,0.0,0.0,1.0,2000,fixed_point,10000,1.123930831834287,1.1093430810601976,0.0,0.0,0.0,0.0,0.0,0.0,0.0,0,500,500,4000,94.83740067481995
ok,ptft,15,5000,0.30400000000000005,1520,0.304,10000,0.001,-0.001,0.0,0.1,1.0,0.1,0.0,unit_total_var,,0.5,5000000,5000,50000,True,0.0001,,0.0,0.0,1.0,2000,fixed_point,10000,1.0260060913485374,1.031254881526246,0.0,0.0,0.0,0.0,0.0,0.0,0.0,0,500,500,4000,75.84286999702455
ok,ptft,16,5000,0.30400000000000005,1520,0.304,10000,0.001,-0.001,0.0,0.1,1.0,0.1,0.0,unit_total_var,,0.5,5000000,5000,50000,True,0.0001,,0.0,0.0,1.0,2000,fixed_point,10000,0.9609742446483588,0.9493534504151788,0.0,0.0,0.0,0.0,0.0,0.0,0.0,0,500,500,4000,80.7848892211914
ok,ptft,17,5000,0.30400000000000005,1520,0.304,10000,0.001,-0.001,0.0,0.1,1.0,0.1,0.0,unit_total_var,,0.5,5000000,5000,50000,True,0.0001,,0.0,0.0,1.0,2000,fixed_point,10000,0.9783195106926854,0.9592541978197608,0.0,0.0,0.0,0.0,0.0,0.0,0.0,0,500,500,4000,95.91013932228088
ok,ptft,18,5000,0.30400000000000005,1520,0.304,10000,0.001,-0.001,0.0,0.1,1.0,0.1,0.0,unit_total_var,,0.5,5000000,5000,50000,True,0.0001,,0.0,0.0,1.0,2000,fixed_point,10000,0.9272503142659044,0.9196700429912978,0.0,0.0,0.0,0.0,0.0,0.0,0.0,0,500,500,4000,113.71055030822754
ok,ptft,19,5000,0.30400000000000005,1520,0.304,10000,0.001,-0.001,0.0,0.1,1.0,0.1,0.0,unit_total_var,,0.5,5000000,5000,50000,True,0.0001,,0.0,0.0,1.0,2000,fixed_point,10000,0.969580883501878,0.9895460979293972,0.0,0.0,0.0,0.0,0.0,0.0,0.0,0,500,500,4000,113.8478136062622
ok,ptft,6,5000,0.30400000000000005,1520,0.304,10000,0.001,-0.001,0.0,0.1,1.0,0.1,0.0,unit_total_var,,0.5,5000000,5000,50000,True,0.0001,,0.0,0.0,1.0,2000,fixed_point,10000,0.9871879627166271,0.9856963359738816,0.0,0.0,0.0,0.0,0.0,0.0,0.0,0,500,500,4000,83.9145030975342
ok,ptft,7,5000,0.30400000000000005,1520,0.304,10000,0.001,-0.001,0.0,0.1,1.0,0.1,0.0,unit_total_var,,0.5,5000000,5000,50000,True,0.0001,,0.0,0.0,1.0,2000,fixed_point,10000,1.0049562430671106,1.0123668318602148,0.0,0.0,0.0,0.0,0.0,0.0,0.0,0,500,500,4000,137.31262612342834
ok,ptft,8,5000,0.30400000000000005,1520,0.304,10000,0.001,-0.001,0.0,0.1,1.0,0.1,0.0,unit_total_var,,0.5,5000000,5000,50000,True,0.0001,,0.0,0.0,1.0,2000,fixed_point,10000,1.0726426345224542,1.0547493509302177,0.0,0.0,0.0,0.0,0.0,0.0,0.0,0,500,500,4000,76.81490421295166
ok,ptft,9,5000,0.30400000000000005,1520,0.304,10000,0.001,-0.001,0.0,0.1,1.0,0.1,0.0,unit_total_var,,0.5,5000000,5000,50000,True,0.0001,,0.0,0.0,1.0,2000,fixed_point,10000,0.9860449129325228,0.9638759488337914,0.0,0.0,0.0,0.0,0.0,0.0,0.0,0,500,500,4000,91.13570666313171
ok,ptft,10,5000,0.35300000000000004,1765,0.353,10000,0.001,-0.001,0.0,0.1,1.0,0.1,0.0,unit_total_var,,0.5,5000000,5000,50000,True,0.0001,,0.0,0.0,1.0,2000,fixed_point,10000,1.0742889561585791,1.0501916829843267,0.0,0.0,0.0,0.0,0.0,0.0,0.0,0,500,500,4000,117.41268062591551
ok,ptft,11,5000,0.35300000000000004,1765,0.353,10000,0.001,-0.001,0.0,0.1,1.0,0.1,0.0,unit_total_var,,0.5,5000000,5000,50000,True,0.0001,,0.0,0.0,1.0,2000,fixed_point,10000,1.1342900826178943,1.1237696347878914,0.0,0.0,0.0,0.0,0.0,0.0,0.0,0,500,500,4000,110.69805121421814
ok,ptft,12,5000,0.35300000000000004,1765,0.353,10000,0.001,-0.001,0.0,0.1,1.0,0.1,0.0,unit_total_var,,0.5,5000000,5000,50000,True,0.0001,,0.0,0.0,1.0,2000,fixed_point,10000,0.940501179233012,0.9359003874242356,0.0,0.0,0.0,0.0,0.0,0.0,0.0,0,500,500,4000,114.11705160140993
ok,ptft,13,5000,0.35300000000000004,1765,0.353,10000,0.001,-0.001,0.0,0.1,1.0,0.1,0.0,unit_total_var,,0.5,5000000,5000,50000,True,0.0001,,0.0,0.0,1.0,2000,fixed_point,10000,1.0424376292540067,1.0505454030808066,0.0,0.0,0.0,0.0,0.0,0.0,0.0,0,500,500,4000,110.14812803268431
ok,ptft,14,5000,0.35300000000000004,1765,0.353,10000,0.001,-0.001,0.0,0.1,1.0,0.1,0.0,unit_total_var,,0.5,5000000,5000,50000,True,0.0001,,0.0,0.0,1.0,2000,fixed_point,10000,1.123930831834287,1.1093430810601976,0.0,0.0,0.0,0.0,0.0,0.0,0.0,0,500,500,4000,128.94232892990112
ok,ptft,15,5000,0.35300000000000004,1765,0.353,10000,0.001,-0.001,0.0,0.1,1.0,0.1,0.0,unit_total_var,,0.5,5000000,5000,50000,True,0.0001,,0.0,0.0,1.0,2000,fixed_point,10000,1.0260060913485374,1.031254881526246,0.0,0.0,0.0,0.0,0.0,0.0,0.0,0,500,500,4000,109.65508532524107
ok,ptft,16,5000,0.35300000000000004,1765,0.353,10000,0.001,-0.001,0.0,0.1,1.0,0.1,0.0,unit_total_var,,0.5,5000000,5000,50000,True,0.0001,,0.0,0.0,1.0,2000,fixed_point,10000,0.9609742446483588,0.9493534504151788,0.0,0.0,0.0,0.0,0.0,0.0,0.0,0,500,500,4000,104.24720001220705
ok,ptft,17,5000,0.35300000000000004,1765,0.353,10000,0.001,-0.001,0.0,0.1,1.0,0.1,0.0,unit_total_var,,0.5,5000000,5000,50000,True,0.0001,,0.0,0.0,1.0,2000,fixed_point,10000,0.9783195106926854,0.9592541978197608,0.0,0.0,0.0,0.0,0.0,0.0,0.0,0,500,500,4000,105.66675233840942
ok,ptft,18,5000,0.35300000000000004,1765,0.353,10000,0.001,-0.001,0.0,0.1,1.0,0.1,0.0,unit_total_var,,0.5,5000000,5000,50000,True,0.0001,,0.0,0.0,1.0,2000,fixed_point,10000,0.9272503142659044,0.9196700429912978,0.0,0.0,0.0,0.0,0.0,0.0,0.0,0,500,500,4000,132.80108785629272
ok,ptft,19,5000,0.35300000000000004,1765,0.353,10000,0.001,-0.001,0.0,0.1,1.0,0.1,0.0,unit_total_var,,0.5,5000000,5000,50000,True,0.0001,,0.0,0.0,1.0,2000,fixed_point,10000,0.969580883501878,0.9895460979293972,0.0,0.0,0.0,0.0,0.0,0.0,0.0,0,500,500,4000,129.90564560890198
ok,ptft,6,5000,0.35300000000000004,1765,0.353,10000,0.001,-0.001,0.0,0.1,1.0,0.1,0.0,unit_total_var,,0.5,5000000,5000,50000,True,0.0001,,0.0,0.0,1.0,2000,fixed_point,10000,0.9871879627166271,0.9856963359738816,0.0,0.0,0.0,0.0,0.0,0.0,0.0,0,500,500,4000,102.59487915039062
ok,ptft,7,5000,0.35300000000000004,1765,0.353,10000,0.001,-0.001,0.0,0.1,1.0,0.1,0.0,unit_total_var,,0.5,5000000,5000,50000,True,0.0001,,0.0,0.0,1.0,2000,fixed_point,10000,1.0049562430671106,1.0123668318602148,0.0,0.0,0.0,0.0,0.0,0.0,0.0,0,500,500,4000,155.144376039505
ok,ptft,8,5000,0.35300000000000004,1765,0.353,10000,0.001,-0.001,0.0,0.1,1.0,0.1,0.0,unit_total_var,,0.5,5000000,5000,50000,True,0.0001,,0.0,0.0,1.0,2000,fixed_point,10000,1.0726426345224542,1.0547493509302177,0.0,0.0,0.0,0.0,0.0,0.0,0.0,0,500,500,4000,107.12407755851746
ok,ptft,9,5000,0.35300000000000004,1765,0.353,10000,0.001,-0.001,0.0,0.1,1.0,0.1,0.0,unit_total_var,,0.5,5000000,5000,50000,True,0.0001,,0.0,0.0,1.0,2000,fixed_point,10000,0.9860449129325228,0.9638759488337914,0.0,0.0,0.0,0.0,0.0,0.0,0.0,0,500,500,4000,119.97727394104004
ok,ptft,10,5000,0.402,2010,0.402,10000,0.001,-0.001,0.0,0.1,1.0,0.1,0.0,unit_total_var,,0.5,5000000,5000,50000,True,0.0001,,0.0,0.0,1.0,2000,fixed_point,10000,1.0742889561585791,1.0501916829843267,0.0,0.0,0.0,0.0,0.0,0.0,0.0,0,500,500,4000,137.28918814659121
ok,ptft,11,5000,0.402,2010,0.402,10000,0.001,-0.001,0.0,0.1,1.0,0.1,0.0,unit_total_var,,0.5,5000000,5000,50000,True,0.0001,,0.0,0.0,1.0,2000,fixed_point,10000,1.1342900826178943,1.1237696347878914,0.0,0.0,0.0,0.0,0.0,0.0,0.0,0,500,500,4000,179.94497156143188
ok,ptft,12,5000,0.402,2010,0.402,10000,0.001,-0.001,0.0,0.1,1.0,0.1,0.0,unit_total_var,,0.5,5000000,5000,50000,True,0.0001,,0.0,0.0,1.0,2000,fixed_point,10000,0.940501179233012,0.9359003874242356,0.0,0.0,0.0,0.0,0.0,0.0,0.0,0,500,500,4000,128.10114908218384
ok,ptft,13,5000,0.402,2010,0.402,10000,0.001,-0.001,0.0,0.1,1.0,0.1,0.0,unit_total_var,,0.5,5000000,5000,50000,True,0.0001,,0.0,0.0,1.0,2000,fixed_point,10000,1.0424376292540067,1.0505454030808066,0.0,0.0,0.0,0.0,0.0,0.0,0.0,0,500,500,4000,125.04433274269104
ok,ptft,14,5000,0.402,2010,0.402,10000,0.001,-0.001,0.0,0.1,1.0,0.1,0.0,unit_total_var,,0.5,5000000,5000,50000,True,0.0001,,0.0,0.0,1.0,2000,fixed_point,10000,1.123930831834287,1.1093430810601976,0.0,0.0,0.0,0.0,0.0,0.0,0.0,0,500,500,4000,115.96762752532959
ok,ptft,15,5000,0.402,2010,0.402,10000,0.001,-0.001,0.0,0.1,1.0,0.1,0.0,unit_total_var,,0.5,5000000,5000,50000,True,0.0001,,0.0,0.0,1.0,2000,fixed_point,10000,1.0260060913485374,1.031254881526246,0.0,0.0,0.0,0.0,0.0,0.0,0.0,0,500,500,4000,131.69632053375244
ok,ptft,16,5000,0.402,2010,0.402,10000,0.001,-0.001,0.0,0.1,1.0,0.1,0.0,unit_total_var,,0.5,5000000,5000,50000,True,0.0001,,0.0,0.0,1.0,2000,fixed_point,10000,0.9609742446483588,0.9493534504151788,0.0,0.0,0.0,0.0,0.0,0.0,0.0,0,500,500,4000,130.96387219429016
ok,ptft,17,5000,0.402,2010,0.402,10000,0.001,-0.001,0.0,0.1,1.0,0.1,0.0,unit_total_var,,0.5,5000000,5000,50000,True,0.0001,,0.0,0.0,1.0,2000,fixed_point,10000,0.9783195106926854,0.9592541978197608,0.0,0.0,0.0,0.0,0.0,0.0,0.0,0,500,500,4000,173.7572283744812
ok,ptft,18,5000,0.402,2010,0.402,10000,0.001,-0.001,0.0,0.1,1.0,0.1,0.0,unit_total_var,,0.5,5000000,5000,50000,True,0.0001,,0.0,0.0,1.0,2000,fixed_point,10000,0.9272503142659044,0.9196700429912978,0.0,0.0,0.0,0.0,0.0,0.0,0.0,0,500,500,4000,153.35638403892514
ok,ptft,19,5000,0.402,2010,0.402,10000,0.001,-0.001,0.0,0.1,1.0,0.1,0.0,unit_total_var,,0.5,5000000,5000,50000,True,0.0001,,0.0,0.0,1.0,2000,fixed_point,10000,0.969580883501878,0.9895460979293972,0.0,0.0,0.0,0.0,0.0,0.0,0.0,0,500,500,4000,112.81320071220398
ok,ptft,6,5000,0.402,2010,0.402,10000,0.001,-0.001,0.0,0.1,1.0,0.1,0.0,unit_total_var,,0.5,5000000,5000,50000,True,0.0001,,0.0,0.0,1.0,2000,fixed_point,10000,0.9871879627166271,0.9856963359738816,0.0,0.0,0.0,0.0,0.0,0.0,0.0,0,500,500,4000,147.91657161712646
ok,ptft,7,5000,0.402,2010,0.402,10000,0.001,-0.001,0.0,0.1,1.0,0.1,0.0,unit_total_var,,0.5,5000000,5000,50000,True,0.0001,,0.0,0.0,1.0,2000,fixed_point,10000,1.0049562430671106,1.0123668318602148,0.0,0.0,0.0,0.0,0.0,0.0,0.0,0,500,500,4000,175.7295663356781
ok,ptft,8,5000,0.402,2010,0.402,10000,0.001,-0.001,0.0,0.1,1.0,0.1,0.0,unit_total_var,,0.5,5000000,5000,50000,True,0.0001,,0.0,0.0,1.0,2000,fixed_point,10000,1.0726426345224542,1.0547493509302177,0.0,0.0,0.0,0.0,0.0,0.0,0.0,0,500,500,4000,116.67681694030762
ok,ptft,9,5000,0.402,2010,0.402,10000,0.001,-0.001,0.0,0.1,1.0,0.1,0.0,unit_total_var,,0.5,5000000,5000,50000,True,0.0001,,0.0,0.0,1.0,2000,fixed_point,10000,0.9860449129325228,0.9638759488337914,0.0,0.0,0.0,0.0,0.0,0.0,0.0,0,500,500,4000,104.82543206214905
ok,ptft,10,5000,0.451,2255,0.451,10000,0.001,-0.001,0.0,0.1,1.0,0.1,0.0,unit_total_var,,0.5,5000000,5000,50000,True,0.0001,,0.0,0.0,1.0,2000,fixed_point,10000,1.0742889561585791,1.0501916829843267,0.0,0.0,0.0,0.0,0.0,0.0,0.0,0,500,500,4000,193.34101939201355
ok,ptft,11,5000,0.451,2255,0.451,10000,0.001,-0.001,0.0,0.1,1.0,0.1,0.0,unit_total_var,,0.5,5000000,5000,50000,True,0.0001,,0.0,0.0,1.0,2000,fixed_point,10000,1.1342900826178943,1.1237696347878914,0.0,0.0,0.0,0.0,0.0,0.0,0.0,0,500,500,4000,207.1506061553955
ok,ptft,12,5000,0.451,2255,0.451,10000,0.001,-0.001,0.0,0.1,1.0,0.1,0.0,unit_total_var,,0.5,5000000,5000,50000,True,0.0001,,0.0,0.0,1.0,2000,fixed_point,10000,0.940501179233012,0.9359003874242356,0.0,0.0,0.0,0.0,0.0,0.0,0.0,0,500,500,4000,143.7863125801086
ok,ptft,13,5000,0.451,2255,0.451,10000,0.001,-0.001,0.0,0.1,1.0,0.1,0.0,unit_total_var,,0.5,5000000,5000,50000,True,0.0001,,0.0,0.0,1.0,2000,fixed_point,10000,1.0424376292540067,1.0505454030808066,0.0,0.0,0.0,0.0,0.0,0.0,0.0,0,500,500,4000,140.4992775917053
ok,ptft,14,5000,0.451,2255,0.451,10000,0.001,-0.001,0.0,0.1,1.0,0.1,0.0,unit_total_var,,0.5,5000000,5000,50000,True,0.0001,,0.0,0.0,1.0,2000,fixed_point,10000,1.123930831834287,1.1093430810601976,0.0,0.0,0.0,0.0,0.0,0.0,0.0,0,500,500,4000,163.46079969406128
ok,ptft,15,5000,0.451,2255,0.451,10000,0.001,-0.001,0.0,0.1,1.0,0.1,0.0,unit_total_var,,0.5,5000000,5000,50000,True,0.0001,,0.0,0.0,1.0,2000,fixed_point,10000,1.0260060913485374,1.031254881526246,0.0,0.0,0.0,0.0,0.0,0.0,0.0,0,500,500,4000,136.73146152496338
ok,ptft,16,5000,0.451,2255,0.451,10000,0.001,-0.001,0.0,0.1,1.0,0.1,0.0,unit_total_var,,0.5,5000000,5000,50000,True,0.0001,,0.0,0.0,1.0,2000,fixed_point,10000,0.9609742446483588,0.9493534504151788,0.0,0.0,0.0,0.0,0.0,0.0,0.0,0,500,500,4000,139.5366408824921
ok,ptft,17,5000,0.451,2255,0.451,10000,0.001,-0.001,0.0,0.1,1.0,0.1,0.0,unit_total_var,,0.5,5000000,5000,50000,True,0.0001,,0.0,0.0,1.0,2000,fixed_point,10000,0.9783195106926854,0.9592541978197608,0.0,0.0,0.0,0.0,0.0,0.0,0.0,0,500,500,4000,119.24953484535216
ok,ptft,18,5000,0.451,2255,0.451,10000,0.001,-0.001,0.0,0.1,1.0,0.1,0.0,unit_total_var,,0.5,5000000,5000,50000,True,0.0001,,0.0,0.0,1.0,2000,fixed_point,10000,0.9272503142659044,0.9196700429912978,0.0,0.0,0.0,0.0,0.0,0.0,0.0,0,500,500,4000,164.06625843048099
ok,ptft,19,5000,0.451,2255,0.451,10000,0.001,-0.001,0.0,0.1,1.0,0.1,0.0,unit_total_var,,0.5,5000000,5000,50000,True,0.0001,,0.0,0.0,1.0,2000,fixed_point,10000,0.969580883501878,0.9895460979293972,0.0,0.0,0.0,0.0,0.0,0.0,0.0,0,500,500,4000,138.39480710029602
ok,ptft,6,5000,0.451,2255,0.451,10000,0.001,-0.001,0.0,0.1,1.0,0.1,0.0,unit_total_var,,0.5,5000000,5000,50000,True,0.0001,,0.0,0.0,1.0,2000,fixed_point,10000,0.9871879627166271,0.9856963359738816,0.0,0.0,0.0,0.0,0.0,0.0,0.0,0,500,500,4000,174.90445590019226
ok,ptft,7,5000,0.451,2255,0.451,10000,0.001,-0.001,0.0,0.1,1.0,0.1,0.0,unit_total_var,,0.5,5000000,5000,50000,True,0.0001,,0.0,0.0,1.0,2000,fixed_point,10000,1.0049562430671106,1.0123668318602148,0.0,0.0,0.0,0.0,0.0,0.0,0.0,0,500,500,4000,141.62434077262878
ok,ptft,8,5000,0.451,2255,0.451,10000,0.001,-0.001,0.0,0.1,1.0,0.1,0.0,unit_total_var,,0.5,5000000,5000,50000,True,0.0001,,0.0,0.0,1.0,2000,fixed_point,10000,1.0726426345224542,1.0547493509302177,0.0,0.0,0.0,0.0,0.0,0.0,0.0,0,500,500,4000,134.0947437286377
ok,ptft,9,5000,0.451,2255,0.451,10000,0.001,-0.001,0.0,0.1,1.0,0.1,0.0,unit_total_var,,0.5,5000000,5000,50000,True,0.0001,,0.0,0.0,1.0,2000,fixed_point,10000,0.9860449129325228,0.9638759488337914,0.0,0.0,0.0,0.0,0.0,0.0,0.0,0,500,500,4000,149.6077928543091
ok,ptft,10,5000,0.5,2500,0.5,10000,0.001,-0.001,0.0,0.1,1.0,0.1,0.0,unit_total_var,,0.5,5000000,5000,50000,True,0.0001,,0.0,0.0,1.0,2000,fixed_point,10000,1.0742889561585791,1.0501916829843267,0.0,0.0,0.0,0.0,0.0,0.0,0.0,0,500,500,4000,225.61776185035703
ok,ptft,11,5000,0.5,2500,0.5,10000,0.001,-0.001,0.0,0.1,1.0,0.1,0.0,unit_total_var,,0.5,5000000,5000,50000,True,0.0001,,0.0,0.0,1.0,2000,fixed_point,10000,1.1342900826178943,1.1237696347878914,0.0,0.0,0.0,0.0,0.0,0.0,0.0,0,500,500,4000,229.2641351222992
ok,ptft,12,5000,0.5,2500,0.5,10000,0.001,-0.001,0.0,0.1,1.0,0.1,0.0,unit_total_var,,0.5,5000000,5000,50000,True,0.0001,,0.0,0.0,1.0,2000,fixed_point,10000,0.940501179233012,0.9359003874242356,0.0,0.0,0.0,0.0,0.0,0.0,0.0,0,500,500,4000,149.92948150634766
ok,ptft,13,5000,0.5,2500,0.5,10000,0.001,-0.001,0.0,0.1,1.0,0.1,0.0,unit_total_var,,0.5,5000000,5000,50000,True,0.0001,,0.0,0.0,1.0,2000,fixed_point,10000,1.0424376292540067,1.0505454030808066,0.0,0.0,0.0,0.0,0.0,0.0,0.0,0,500,500,4000,151.75917649269104
ok,ptft,14,5000,0.5,2500,0.5,10000,0.001,-0.001,0.0,0.1,1.0,0.1,0.0,unit_total_var,,0.5,5000000,5000,50000,True,0.0001,,0.0,0.0,1.0,2000,fixed_point,10000,1.123930831834287,1.1093430810601976,0.0,0.0,0.0,0.0,0.0,0.0,0.0,0,500,500,4000,182.40097761154172
ok,ptft,15,5000,0.5,2500,0.5,10000,0.001,-0.001,0.0,0.1,1.0,0.1,0.0,unit_total_var,,0.5,5000000,5000,50000,True,0.0001,,0.0,0.0,1.0,2000,fixed_point,10000,1.0260060913485374,1.031254881526246,0.0,0.0,0.0,0.0,0.0,0.0,0.0,0,500,500,4000,144.7444410324097
ok,ptft,16,5000,0.5,2500,0.5,10000,0.001,-0.001,0.0,0.1,1.0,0.1,0.0,unit_total_var,,0.5,5000000,5000,50000,True,0.0001,,0.0,0.0,1.0,2000,fixed_point,10000,0.9609742446483588,0.9493534504151788,0.0,0.0,0.0,0.0,0.0,0.0,0.0,0,500,500,4000,154.44305682182312
ok,ptft,17,5000,0.5,2500,0.5,10000,0.001,-0.001,0.0,0.1,1.0,0.1,0.0,unit_total_var,,0.5,5000000,5000,50000,True,0.0001,,0.0,0.0,1.0,2000,fixed_point,10000,0.9783195106926854,0.9592541978197608,0.0,0.0,0.0,0.0,0.0,0.0,0.0,0,500,500,4000,170.76283335685733
ok,ptft,18,5000,0.5,2500,0.5,10000,0.001,-0.001,0.0,0.1,1.0,0.1,0.0,unit_total_var,,0.5,5000000,5000,50000,True,0.0001,,0.0,0.0,1.0,2000,fixed_point,10000,0.9272503142659044,0.9196700429912978,0.0,0.0,0.0,0.0,0.0,0.0,0.0,0,500,500,4000,183.15142011642456
ok,ptft,19,5000,0.5,2500,0.5,10000,0.001,-0.001,0.0,0.1,1.0,0.1,0.0,unit_total_var,,0.5,5000000,5000,50000,True,0.0001,,0.0,0.0,1.0,2000,fixed_point,10000,0.969580883501878,0.9895460979293972,0.0,0.0,0.0,0.0,0.0,0.0,0.0,0,500,500,4000,153.21720218658447
ok,ptft,6,5000,0.5,2500,0.5,10000,0.001,-0.001,0.0,0.1,1.0,0.1,0.0,unit_total_var,,0.5,5000000,5000,50000,True,0.0001,,0.0,0.0,1.0,2000,fixed_point,10000,0.9871879627166271,0.9856963359738816,0.0,0.0,0.0,0.0,0.0,0.0,0.0,0,500,500,4000,236.23741674423215
ok,ptft,7,5000,0.5,2500,0.5,10000,0.001,-0.001,0.0,0.1,1.0,0.1,0.0,unit_total_var,,0.5,5000000,5000,50000,True,0.0001,,0.0,0.0,1.0,2000,fixed_point,10000,1.0049562430671106,1.0123668318602148,0.0,0.0,0.0,0.0,0.0,0.0,0.0,0,500,500,4000,200.94438552856445
ok,ptft,8,5000,0.5,2500,0.5,10000,0.001,-0.001,0.0,0.1,1.0,0.1,0.0,unit_total_var,,0.5,5000000,5000,50000,True,0.0001,,0.0,0.0,1.0,2000,fixed_point,10000,1.0726426345224542,1.0547493509302177,0.0,0.0,0.0,0.0,0.0,0.0,0.0,0,500,500,4000,175.68856859207153
ok,ptft,9,5000,0.5,2500,0.5,10000,0.001,-0.001,0.0,0.1,1.0,0.1,0.0,unit_total_var,,0.5,5000000,5000,50000,True,0.0001,,0.0,0.0,1.0,2000,fixed_point,10000,0.9860449129325228,0.9638759488337914,0.0,0.0,0.0,0.0,0.0,0.0,0.0,0,500,500,4000,166.00795507431033
ok,ptft,10,5000,0.01,50,0.01,10000,0.001,0.00099,0.0,0.1,1.0,0.1,0.0,unit_total_var,,0.5,5000000,5000,50000,True,0.0001,,0.0,0.0,1.0,2000,train_pred_mse,5000,1.1882860460502422,1.1581883460321374,3.8100553326253376e-12,129.9331874662097,417.7559675873017,23.28759743859573,1.0,0.0,0.0,0,500,500,4000,5.506341457366943
ok,ptft,11,5000,0.01,50,0.01,10000,0.001,0.00099,0.0,0.1,1.0,0.1,0.0,unit_total_var,,0.5,5000000,5000,50000,True,0.0001,,0.0,0.0,1.0,2000,train_pred_mse,5000,1.2490256829561863,1.2360390083521635,2.540316224063349e-12,130.22123757288796,416.7581511838305,23.74214942214283,0.9996,0.0,0.0,0,500,500,4000,5.589142084121704
ok,ptft,12,5000,0.01,50,0.01,10000,0.001,0.00099,0.0,0.1,1.0,0.1,0.0,unit_total_var,,0.5,5000000,5000,50000,True,0.0001,,0.0,0.0,1.0,2000,train_pred_mse,5000,1.059228799354833,1.059243620322071,4.2161008188768764e-13,135.09440423762402,439.5147333966175,24.887385296276666,0.9998,0.0,0.0,0,500,500,4000,5.0864973068237305
ok,ptft,13,5000,0.01,50,0.01,10000,0.001,0.00099,0.0,0.1,1.0,0.1,0.0,unit_total_var,,0.5,5000000,5000,50000,True,0.0001,,0.0,0.0,1.0,2000,train_pred_mse,5000,1.1521561303704204,1.1789803540827342,7.146048104911728e-14,129.96911016763053,451.6431351952906,25.394093720454286,0.9992,0.0,0.0,0,500,500,4000,5.1918911933898935
ok,ptft,14,5000,0.01,50,0.01,10000,0.001,0.00099,0.0,0.1,1.0,0.1,0.0,unit_total_var,,0.5,5000000,5000,50000,True,0.0001,,0.0,0.0,1.0,2000,train_pred_mse,5000,1.2032702925049283,1.195659304418326,1.9227386762746764e-12,129.85814131596473,380.4335918472812,20.817785483191408,0.9998,0.0,0.0,0,500,500,4000,5.686751127243043
ok,ptft,15,5000,0.01,50,0.01,10000,0.001,0.00099,0.0,0.1,1.0,0.1,0.0,unit_total_var,,0.5,5000000,5000,50000,True,0.0001,,0.0,0.0,1.0,2000,train_pred_mse,5000,1.1191686159967644,1.1319677126865673,2.0284986222567578e-12,121.42513165912855,393.1776242120362,22.487097794483407,0.9996,0.0,0.0,0,500,500,4000,4.927018880844116
ok,ptft,16,5000,0.01,50,0.01,10000,0.001,0.00099,0.0,0.1,1.0,0.1,0.0,unit_total_var,,0.5,5000000,5000,50000,True,0.0001,,0.0,0.0,1.0,2000,train_pred_mse,5000,1.0525357096376122,1.0557956075462855,5.1834441866793035e-12,142.83557100718642,403.78050134566774,23.118692776673843,1.0,0.0,0.0,0,500,500,4000,6.170550107955933
ok,ptft,17,5000,0.01,50,0.01,10000,0.001,0.00099,0.0,0.1,1.0,0.1,0.0,unit_total_var,,0.5,5000000,5000,50000,True,0.0001,,0.0,0.0,1.0,2000,train_pred_mse,5000,1.0915088697373558,1.066735573263403,2.0804802528856052e-11,125.88275294471993,404.6450043841721,23.23204503610847,0.9994,0.0,0.0,0,500,500,4000,6.041544198989867
ok,ptft,18,5000,0.01,50,0.01,10000,0.001,0.00099,0.0,0.1,1.0,0.1,0.0,unit_total_var,,0.5,5000000,5000,50000,True,0.0001,,0.0,0.0,1.0,2000,train_pred_mse,5000,1.0409802444637055,1.0318445783076338,6.358820328769828e-13,131.6085408804179,414.6156404456064,23.731734397036647,0.9992,0.0,0.0,0,500,500,4000,5.89359712600708
ok,ptft,19,5000,0.01,50,0.01,10000,0.001,0.00099,0.0,0.1,1.0,0.1,0.0,unit_total_var,,0.5,5000000,5000,50000,True,0.0001,,0.0,0.0,1.0,2000,train_pred_mse,5000,1.0664425248373202,1.0881143295599898,1.7391460685895408e-12,124.92755439284929,394.8045958703434,22.24674832507848,1.0,0.0,0.0,0,500,500,4000,6.057654619216919
ok,ptft,6,5000,0.01,50,0.01,10000,0.001,0.00099,0.0,0.1,1.0,0.1,0.0,unit_total_var,,0.5,5000000,5000,50000,True,0.0001,,0.0,0.0,1.0,2000,train_pred_mse,5000,1.11489625338266,1.1089113551256344,2.741727967738601e-11,129.7830093229367,437.4444877901343,24.8756038437913,0.9994,0.0,0.0,0,500,500,4000,5.3612704277038565
ok,ptft,7,5000,0.01,50,0.01,10000,0.001,0.00099,0.0,0.1,1.0,0.1,0.0,unit_total_var,,0.5,5000000,5000,50000,True,0.0001,,0.0,0.0,1.0,2000,train_pred_mse,5000,1.1052562587914685,1.1130860151567634,6.472110268208606e-12,131.57475024586122,397.22355868268585,22.48835812511149,1.0,0.0,0.0,0,500,500,4000,5.332606792449951
ok,ptft,8,5000,0.01,50,0.01,10000,0.001,0.00099,0.0,0.1,1.0,0.1,0.0,unit_total_var,,0.5,5000000,5000,50000,True,0.0001,,0.0,0.0,1.0,2000,train_pred_mse,5000,1.2076534933494902,1.191714198888296,3.189181938181104e-13,121.41646968740544,461.80256511982356,26.225439031888772,0.9998,0.0,0.0,0,500,500,4000,4.7943387031555185
ok,ptft,9,5000,0.01,50,0.01,10000,0.001,0.00099,0.0,0.1,1.0,0.1,0.0,unit_total_var,,0.5,5000000,5000,50000,True,0.0001,,0.0,0.0,1.0,2000,train_pred_mse,5000,1.0974518862053682,1.0728093858632384,3.6179562050916734e-12,124.8804930995762,415.234190345255,23.39146581034975,0.9998,0.0,0.0,0,500,500,4000,6.726706981658936
ok,ptft,10,5000,0.059,295,0.059000000000000004,10000,0.001,0.00099,0.0,0.1,1.0,0.1,0.0,unit_total_var,,0.5,5000000,5000,50000,True,0.0001,,0.0,0.0,1.0,2000,train_pred_mse,10000,1.9237316320643372,1.897262790062682,0.00015607515798839197,0.042482871734693985,1251.1114283101842,66.18374043246432,1.0,0.0,0.0,0,500,500,4000,16.210719347000122
ok,ptft,11,5000,0.059,295,0.059000000000000004,10000,0.001,0.00099,0.0,0.1,1.0,0.1,0.0,unit_total_var,,0.5,5000000,5000,50000,True,0.0001,,0.0,0.0,1.0,2000,train_pred_mse,10000,1.9147270453058507,1.9324551238564207,0.00019024790723439405,0.04876992375864275,1187.1997470274014,64.34873360228022,1.0,0.0,0.0,0,500,500,4000,16.13991141319275
ok,ptft,12,5000,0.059,295,0.059000000000000004,10000,0.001,0.00099,0.0,0.1,1.0,0.1,0.0,unit_total_var,,0.5,5000000,5000,50000,True,0.0001,,0.0,0.0,1.0,2000,train_pred_mse,10000,1.7082518427748572,1.6886392285227296,0.0002857432200406304,0.061742646690357464,1157.4937619262034,62.13216605389202,1.0,0.0,0.0,0,500,500,4000,14.806493759155273
ok,ptft,13,5000,0.059,295,0.059000000000000004,10000,0.001,0.00099,0.0,0.1,1.0,0.1,0.0,unit_total_var,,0.5,5000000,5000,50000,True,0.0001,,0.0,0.0,1.0,2000,train_pred_mse,10000,1.8462055335625085,1.8433479572577929,0.0002241677599780857,0.05316933862467523,1200.7444798287809,63.63480856432179,1.0,0.0,0.0,0,500,500,4000,16.31060767173767
ok,ptft,14,5000,0.059,295,0.059000000000000004,10000,0.001,0.00099,0.0,0.1,1.0,0.1,0.0,unit_total_var,,0.5,5000000,5000,50000,True,0.0001,,0.0,0.0,1.0,2000,train_pred_mse,10000,2.054876079930925,2.037356627165249,0.0002388392688974212,0.05182608288943917,1299.847325671945,69.22718124578108,1.0,0.0,0.0,0,500,500,4000,15.298254251480104
ok,ptft,15,5000,0.059,295,0.059000000000000004,10000,0.001,0.00099,0.0,0.1,1.0,0.1,0.0,unit_total_var,,0.5,5000000,5000,50000,True,0.0001,,0.0,0.0,1.0,2000,train_pred_mse,10000,1.8281474083249163,1.8149714152808532,0.00023585827042736957,0.059530343771525863,1228.462125845956,63.94435434748331,1.0,0.0,0.0,0,500,500,4000,17.231654644012448
ok,ptft,16,5000,0.059,295,0.059000000000000004,10000,0.001,0.00099,0.0,0.1,1.0,0.1,0.0,unit_total_var,,0.5,5000000,5000,50000,True,0.0001,,0.0,0.0,1.0,2000,train_pred_mse,15000,1.7125698852947508,1.7061985083938505,8.006223062335744e-05,0.013165568458120957,1138.9395285852738,62.273328252935855,0.9998,0.0,0.0,0,500,500,4000,25.418063402175907
ok,ptft,17,5000,0.059,295,0.059000000000000004,10000,0.001,0.00099,0.0,0.1,1.0,0.1,0.0,unit_total_var,,0.5,5000000,5000,50000,True,0.0001,,0.0,0.0,1.0,2000,train_pred_mse,10000,1.6036042567387103,1.6082072070659137,0.0002672940177139253,0.06535744588227822,1098.239186581439,57.69198609088461,1.0,0.0,0.0,0,500,500,4000,14.149456024169922
ok,ptft,18,5000,0.059,295,0.059000000000000004,10000,0.001,0.00099,0.0,0.1,1.0,0.1,0.0,unit_total_var,,0.5,5000000,5000,50000,True,0.0001,,0.0,0.0,1.0,2000,train_pred_mse,10000,1.6703511931402093,1.6605957986599176,0.0002918684962301439,0.06270163586211333,1158.7251280370497,61.70301197129721,1.0,0.0,0.0,0,500,500,4000,13.065017461776733
ok,ptft,19,5000,0.059,295,0.059000000000000004,10000,0.001,0.00099,0.0,0.1,1.0,0.1,0.0,unit_total_var,,0.5,5000000,5000,50000,True,0.0001,,0.0,0.0,1.0,2000,train_pred_mse,15000,1.624029084800788,1.6175837303303269,8.166420035546895e-05,0.01371938485480397,1051.5567703064394,57.13362827294427,1.0,0.0,0.0,0,500,500,4000,44.627007961273186
ok,ptft,6,5000,0.059,295,0.059000000000000004,10000,0.001,0.00099,0.0,0.1,1.0,0.1,0.0,unit_total_var,,0.5,5000000,5000,50000,True,0.0001,,0.0,0.0,1.0,2000,train_pred_mse,10000,1.660725762496618,1.6621740617654912,0.0002743420096242192,0.06408482976435775,1084.9384877914515,58.97028275046612,1.0,0.0,0.0,0,500,500,4000,15.014587879180908
ok,ptft,7,5000,0.059,295,0.059000000000000004,10000,0.001,0.00099,0.0,0.1,1.0,0.1,0.0,unit_total_var,,0.5,5000000,5000,50000,True,0.0001,,0.0,0.0,1.0,2000,train_pred_mse,10000,1.7539265624675449,1.7518576639362065,0.00032406920931216137,0.06699047024750962,1160.225531302009,61.657335012877645,0.9998,0.0,0.0,0,500,500,4000,17.772212266921997
ok,ptft,8,5000,0.059,295,0.059000000000000004,10000,0.001,0.00099,0.0,0.1,1.0,0.1,0.0,unit_total_var,,0.5,5000000,5000,50000,True,0.0001,,0.0,0.0,1.0,2000,train_pred_mse,10000,1.8242665036072243,1.85433561100964,0.0002182729537901408,0.053574812757589886,1188.5215412829348,64.15449027894839,0.9998,0.0,0.0,0,500,500,4000,16.968919277191162
ok,ptft,9,5000,0.059,295,0.059000000000000004,10000,0.001,0.00099,0.0,0.1,1.0,0.1,0.0,unit_total_var,,0.5,5000000,5000,50000,True,0.0001,,0.0,0.0,1.0,2000,train_pred_mse,10000,1.6911703386418615,1.6529648966139456,0.0002792175703824001,0.06227003752327776,1101.4112690516936,59.39604797258152,1.0,0.0,0.0,0,500,500,4000,16.079736471176147
ok,ptft,10,5000,0.10800000000000001,540,0.10800000000000001,10000,0.001,0.00099,0.0,0.1,1.0,0.1,0.0,unit_total_var,,0.5,5000000,5000,50000,True,0.0001,,0.0,0.0,1.0,2000,train_pred_mse,20000,1.681015468826896,1.6887911356722058,0.00014882111948151202,0.013500228765404531,1461.2907266759867,62.88449704414999,1.0,0.0,0.0,0,500,500,4000,49.67220497131348
ok,ptft,11,5000,0.10800000000000001,540,0.10800000000000001,10000,0.001,0.00099,0.0,0.1,1.0,0.1,0.0,unit_total_var,,0.5,5000000,5000,50000,True,0.0001,,0.0,0.0,1.0,2000,train_pred_mse,20000,1.715274320992514,1.6971994069357417,0.00012517557627822682,0.010905514660947696,1405.5883765534795,60.99021364647078,0.9996,0.0,0.0,0,500,500,4000,38.12604546546936
ok,ptft,12,5000,0.10800000000000001,540,0.10800000000000001,10000,0.001,0.00099,0.0,0.1,1.0,0.1,0.0,unit_total_var,,0.5,5000000,5000,50000,True,0.0001,,0.0,0.0,1.0,2000,train_pred_mse,20000,1.5471559388778502,1.5551646898096232,0.00014714253691938502,0.012603893064973991,1388.1401332358666,61.30221740085114,1.0,0.0,0.0,0,500,500,4000,48.99181485176086
ok,ptft,13,5000,0.10800000000000001,540,0.10800000000000001,10000,0.001,0.00099,0.0,0.1,1.0,0.1,0.0,unit_total_var,,0.5,5000000,5000,50000,True,0.0001,,0.0,0.0,1.0,2000,train_pred_mse,20000,1.5661831600784415,1.5843113843948868,0.00012758911249245434,0.012435909237304378,1413.510620761163,59.417955274801905,0.9998,0.0,0.0,0,500,500,4000,42.396546125411994
ok,ptft,14,5000,0.10800000000000001,540,0.10800000000000001,10000,0.001,0.00099,0.0,0.1,1.0,0.1,0.0,unit_total_var,,0.5,5000000,5000,50000,True,0.0001,,0.0,0.0,1.0,2000,train_pred_mse,20000,1.7564070433164758,1.750036518621659,0.00013942917658799116,0.01211032672741189,1494.6385202223605,64.38803242934266,1.0,0.0,0.0,0,500,500,4000,45.63251948356629
ok,ptft,15,5000,0.10800000000000001,540,0.10800000000000001,10000,0.001,0.00099,0.0,0.1,1.0,0.1,0.0,unit_total_var,,0.5,5000000,5000,50000,True,0.0001,,0.0,0.0,1.0,2000,train_pred_mse,20000,1.6092062975122932,1.62461658529372,0.00013075621372428772,0.011325620804853284,1479.9455442407416,62.89130032454765,1.0,0.0,0.0,0,500,500,4000,45.34319376945496
ok,ptft,16,5000,0.10800000000000001,540,0.10800000000000001,10000,0.001,0.00099,0.0,0.1,1.0,0.1,0.0,unit_total_var,,0.5,5000000,5000,50000,True,0.0001,,0.0,0.0,1.0,2000,train_pred_mse,20000,1.430095832441402,1.4183300974112154,0.00013453262764891597,0.012627576469848406,1329.6514405061266,55.008677182305405,1.0,0.0,0.0,0,500,500,4000,51.91158938407898
ok,ptft,17,5000,0.10800000000000001,540,0.10800000000000001,10000,0.001,0.00099,0.0,0.1,1.0,0.1,0.0,unit_total_var,,0.5,5000000,5000,50000,True,0.0001,,0.0,0.0,1.0,2000,train_pred_mse,20000,1.4102165973079517,1.3810182837507876,0.00012880951042892042,0.011315745895077596,1383.0680474229562,58.40802401810274,1.0,0.0,0.0,0,500,500,4000,35.703519582748406
ok,ptft,18,5000,0.10800000000000001,540,0.10800000000000001,10000,0.001,0.00099,0.0,0.1,1.0,0.1,0.0,unit_total_var,,0.5,5000000,5000,50000,True,0.0001,,0.0,0.0,1.0,2000,train_pred_mse,20000,1.4998803357498387,1.4862394563469077,0.00013808278777168467,0.012323732813807546,1406.0923918297503,59.94075200864932,1.0,0.0,0.0,0,500,500,4000,107.54789805412292
ok,ptft,19,5000,0.10800000000000001,540,0.10800000000000001,10000,0.001,0.00099,0.0,0.1,1.0,0.1,0.0,unit_total_var,,0.5,5000000,5000,50000,True,0.0001,,0.0,0.0,1.0,2000,train_pred_mse,20000,1.575656239781261,1.6066200035691098,0.00016447432119047505,0.01429592689730449,1357.7007507737574,60.921464579980686,0.9998,0.0,0.0,0,500,500,4000,46.779038429260254
ok,ptft,6,5000,0.10800000000000001,540,0.10800000000000001,10000,0.001,0.00099,0.0,0.1,1.0,0.1,0.0,unit_total_var,,0.5,5000000,5000,50000,True,0.0001,,0.0,0.0,1.0,2000,train_pred_mse,20000,1.618374031002254,1.584650080140212,0.0001232467655256505,0.011400683226895504,1417.421038122465,61.60715974432212,1.0,0.0,0.0,0,500,500,4000,49.83229923248291
ok,ptft,7,5000,0.10800000000000001,540,0.10800000000000001,10000,0.001,0.00099,0.0,0.1,1.0,0.1,0.0,unit_total_var,,0.5,5000000,5000,50000,True,0.0001,,0.0,0.0,1.0,2000,train_pred_mse,20000,1.6290561306708424,1.6432451097030991,0.00014692933395716584,0.01276952792762825,1450.1710591119818,64.04058181239533,1.0,0.0,0.0,0,500,500,4000,49.96211862564087
ok,ptft,8,5000,0.10800000000000001,540,0.10800000000000001,10000,0.001,0.00099,0.0,0.1,1.0,0.1,0.0,unit_total_var,,0.5,5000000,5000,50000,True,0.0001,,0.0,0.0,1.0,2000,train_pred_mse,20000,1.6582967647405396,1.6222974412460858,0.00011137411421087452,0.009618356204368884,1473.8255130583066,62.720702499889185,1.0,0.0,0.0,0,500,500,4000,43.54207587242127
ok,ptft,9,5000,0.10800000000000001,540,0.10800000000000001,10000,0.001,0.00099,0.0,0.1,1.0,0.1,0.0,unit_total_var,,0.5,5000000,5000,50000,True,0.0001,,0.0,0.0,1.0,2000,train_pred_mse,20000,1.5193267215232995,1.519313223610682,0.00011661972536965974,0.010430953949829786,1424.8673081645843,61.49732888025853,1.0,0.0,0.0,0,500,500,4000,43.98690152168274
ok,ptft,10,5000,0.15700000000000006,785,0.157,10000,0.001,0.00099,0.0,0.1,1.0,0.1,0.0,unit_total_var,,0.5,5000000,5000,50000,True,0.0001,,0.0,0.0,1.0,2000,train_pred_mse,30000,1.375349346142658,1.368796773090424,0.0001336938912316317,0.008143163692746891,1502.3263953312671,56.81171433762316,1.0,0.0,0.0,0,500,500,4000,116.64899230003357
ok,ptft,11,5000,0.15700000000000006,785,0.157,10000,0.001,0.00099,0.0,0.1,1.0,0.1,0.0,unit_total_var,,0.5,5000000,5000,50000,True,0.0001,,0.0,0.0,1.0,2000,train_pred_mse,30000,1.4208351074383658,1.4419274882995077,0.00012915693972598294,0.008010864486876901,1604.130160144531,58.90517347974927,1.0,0.0,0.0,0,500,500,4000,114.7951364517212
ok,ptft,12,5000,0.15700000000000006,785,0.157,10000,0.001,0.00099,0.0,0.1,1.0,0.1,0.0,unit_total_var,,0.5,5000000,5000,50000,True,0.0001,,0.0,0.0,1.0,2000,train_pred_mse,25000,1.1257451661723956,1.1246147988618769,0.00020470467201866467,0.01495070868093276,1457.872038817144,54.058403428284095,1.0,0.0,0.0,0,500,500,4000,79.26111817359923
ok,ptft,13,5000,0.15700000000000006,785,0.157,10000,0.001,0.00099,0.0,0.1,1.0,0.1,0.0,unit_total_var,,0.5,5000000,5000,50000,True,0.0001,,0.0,0.0,1.0,2000,train_pred_mse,30000,1.3876387811587738,1.3796692800265309,0.00012538471535228856,0.007964988813061092,1515.6678326662195,57.22724328522079,1.0,0.0,0.0,0,500,500,4000,241.23867869377136
ok,ptft,14,5000,0.15700000000000006,785,0.157,10000,0.001,0.00099,0.0,0.1,1.0,0.1,0.0,unit_total_var,,0.5,5000000,5000,50000,True,0.0001,,0.0,0.0,1.0,2000,train_pred_mse,30000,1.4221414714141762,1.4127108436532654,0.00012132097966023904,0.00796005502177442,1521.6650357585854,57.30872298650341,1.0,0.0,0.0,0,500,500,4000,231.61330366134644
ok,ptft,15,5000,0.15700000000000006,785,0.157,10000,0.001,0.00099,0.0,0.1,1.0,0.1,0.0,unit_total_var,,0.5,5000000,5000,50000,True,0.0001,,0.0,0.0,1.0,2000,train_pred_mse,30000,1.2602625627002213,1.27993530340579,0.0001403441843066571,0.009592621214852305,1505.2000397009522,55.665944844373904,0.9996,0.0,0.0,0,500,500,4000,97.42287111282349
ok,ptft,16,5000,0.15700000000000006,785,0.157,10000,0.001,0.00099,0.0,0.1,1.0,0.1,0.0,unit_total_var,,0.5,5000000,5000,50000,True,0.0001,,0.0,0.0,1.0,2000,train_pred_mse,30000,1.151238429954613,1.1501815020658108,0.00015967727018335474,0.01080379890218474,1387.650611883307,51.883297733025614,0.9998,0.0,0.0,0,500,500,4000,76.41178417205809
ok,ptft,17,5000,0.15700000000000006,785,0.157,10000,0.001,0.00099,0.0,0.1,1.0,0.1,0.0,unit_total_var,,0.5,5000000,5000,50000,True,0.0001,,0.0,0.0,1.0,2000,train_pred_mse,30000,1.2148793591952547,1.2002173069071418,0.00013408464918311636,0.00953674224993395,1467.582981722387,54.489023116626605,0.9998,0.0,0.0,0,500,500,4000,91.56612920761108
ok,ptft,18,5000,0.15700000000000006,785,0.157,10000,0.001,0.00099,0.0,0.1,1.0,0.1,0.0,unit_total_var,,0.5,5000000,5000,50000,True,0.0001,,0.0,0.0,1.0,2000,train_pred_mse,30000,1.1251929034326245,1.1520823093819499,0.00012456522461524623,0.008060346843612743,1469.779664101503,54.64142714644722,1.0,0.0,0.0,0,500,500,4000,143.63385701179502
ok,ptft,19,5000,0.15700000000000006,785,0.157,10000,0.001,0.00099,0.0,0.1,1.0,0.1,0.0,unit_total_var,,0.5,5000000,5000,50000,True,0.0001,,0.0,0.0,1.0,2000,train_pred_mse,30000,1.2155803635055893,1.2352433613605256,0.00012634411455837992,0.0081594490916784,1461.8116643366268,54.272482493950854,1.0,0.0,0.0,0,500,500,4000,136.2170927524567
ok,ptft,6,5000,0.15700000000000006,785,0.157,10000,0.001,0.00099,0.0,0.1,1.0,0.1,0.0,unit_total_var,,0.5,5000000,5000,50000,True,0.0001,,0.0,0.0,1.0,2000,train_pred_mse,30000,1.3244722214201194,1.331818748442816,0.00013092023665048702,0.007782550867175751,1453.52960024125,56.86481611775332,0.9998,0.0,0.0,0,500,500,4000,75.12505865097044
ok,ptft,7,5000,0.15700000000000006,785,0.157,10000,0.001,0.00099,0.0,0.1,1.0,0.1,0.0,unit_total_var,,0.5,5000000,5000,50000,True,0.0001,,0.0,0.0,1.0,2000,train_pred_mse,30000,1.2823103240375815,1.2814168381816715,0.00013176118372429775,0.008552042359687456,1486.5234070018969,56.03393744624423,1.0,0.0,0.0,0,500,500,4000,135.76434779167178
ok,ptft,8,5000,0.15700000000000006,785,0.157,10000,0.001,0.00099,0.0,0.1,1.0,0.1,0.0,unit_total_var,,0.5,5000000,5000,50000,True,0.0001,,0.0,0.0,1.0,2000,train_pred_mse,30000,1.252645773607893,1.25978328213922,0.00012736303981369696,0.008425083057514991,1495.2287637924355,55.6128726829609,1.0,0.0,0.0,0,500,500,4000,94.05253958702087
ok,ptft,9,5000,0.15700000000000006,785,0.157,10000,0.001,0.00099,0.0,0.1,1.0,0.1,0.0,unit_total_var,,0.5,5000000,5000,50000,True,0.0001,,0.0,0.0,1.0,2000,train_pred_mse,30000,1.1991101474774577,1.2051071402584417,0.0001249259920717614,0.008039617529570435,1455.079202878594,54.80990828639407,1.0,0.0,0.0,0,500,500,4000,129.75316143035892
ok,ptft,10,5000,0.206,1030,0.20600000000000002,10000,0.001,0.00099,0.0,0.1,1.0,0.1,0.0,unit_total_var,,0.5,5000000,5000,50000,True,0.0001,,0.0,0.0,1.0,2000,train_pred_mse,40000,0.9867445057722409,0.9919497884692856,0.000160838365180443,0.00880207265145407,1557.919582100591,54.26998539906957,1.0,0.0,0.0,0,500,500,4000,215.21259880065918
ok,ptft,11,5000,0.206,1030,0.20600000000000002,10000,0.001,0.00099,0.0,0.1,1.0,0.1,0.0,unit_total_var,,0.5,5000000,5000,50000,True,0.0001,,0.0,0.0,1.0,2000,train_pred_mse,40000,1.1189268121141374,1.1009079573781972,0.0001449198717161641,0.008051724212163262,1621.5916891465893,55.86741286805783,1.0,0.0,0.0,0,500,500,4000,196.48318362236026
ok,ptft,12,5000,0.206,1030,0.20600000000000002,10000,0.001,0.00099,0.0,0.1,1.0,0.1,0.0,unit_total_var,,0.5,5000000,5000,50000,True,0.0001,,0.0,0.0,1.0,2000,train_pred_mse,40000,0.9087059979700596,0.8961741030536009,0.00013675128948520372,0.007713281415414123,1517.5829919401401,52.394221209604254,0.9998,0.0,0.0,0,500,500,4000,256.46144366264343
ok,ptft,13,5000,0.206,1030,0.20600000000000002,10000,0.001,0.00099,0.0,0.1,1.0,0.1,0.0,unit_total_var,,0.5,5000000,5000,50000,True,0.0001,,0.0,0.0,1.0,2000,train_pred_mse,40000,0.9991587068959684,0.9958953530912524,0.00013002287495498329,0.00732759237466122,1653.567148420214,55.204082387159694,1.0,0.0,0.0,0,500,500,4000,227.98865461349487
ok,ptft,14,5000,0.206,1030,0.20600000000000002,10000,0.001,0.00099,0.0,0.1,1.0,0.1,0.0,unit_total_var,,0.5,5000000,5000,50000,True,0.0001,,0.0,0.0,1.0,2000,train_pred_mse,40000,1.1019545212329438,1.1063684620700571,0.00012206433377058423,0.0068558679952510975,1642.5568066597564,54.92069303024689,1.0,0.0,0.0,0,500,500,4000,193.63102674484253
ok,ptft,15,5000,0.206,1030,0.20600000000000002,10000,0.001,0.00099,0.0,0.1,1.0,0.1,0.0,unit_total_var,,0.5,5000000,5000,50000,True,0.0001,,0.0,0.0,1.0,2000,train_pred_mse,40000,1.0531802439884856,1.0332298999380902,0.00014494357459319957,0.0077888121182751536,1597.53381981222,54.53223235388656,1.0,0.0,0.0,0,500,500,4000,197.05740809440613
ok,ptft,16,5000,0.206,1030,0.20600000000000002,10000,0.001,0.00099,0.0,0.1,1.0,0.1,0.0,unit_total_var,,0.5,5000000,5000,50000,True,0.0001,,0.0,0.0,1.0,2000,train_pred_mse,40000,0.8908507846234901,0.8882971274384043,0.00013759893853368068,0.008289531350270727,1513.6565174214359,51.453274521552345,0.9998,0.0,0.0,0,500,500,4000,238.67013120651245
ok,ptft,17,5000,0.206,1030,0.20600000000000002,10000,0.001,0.00099,0.0,0.1,1.0,0.1,0.0,unit_total_var,,0.5,5000000,5000,50000,True,0.0001,,0.0,0.0,1.0,2000,train_pred_mse,40000,0.9431391404625,0.934959924358081,0.00014854880899560082,0.008756230882422354,1496.9404941162986,50.50500039975922,1.0,0.0,0.0,0,500,500,4000,187.41504311561584
ok,ptft,18,5000,0.206,1030,0.20600000000000002,10000,0.001,0.00099,0.0,0.1,1.0,0.1,0.0,unit_total_var,,0.5,5000000,5000,50000,True,0.0001,,0.0,0.0,1.0,2000,train_pred_mse,45000,0.980549050761182,0.9814259358036006,0.00011669622676446091,0.00645057229178811,1515.8013095046624,52.20452584554056,1.0,0.0,0.0,0,500,500,4000,235.91608881950376
ok,ptft,19,5000,0.206,1030,0.20600000000000002,10000,0.001,0.00099,0.0,0.1,1.0,0.1,0.0,unit_total_var,,0.5,5000000,5000,50000,True,0.0001,,0.0,0.0,1.0,2000,train_pred_mse,40000,0.9657176169605428,0.9567638331903188,0.00014531693779110997,0.008184743622385023,1503.375435441578,51.39421104220569,0.9994,0.0,0.0,0,500,500,4000,399.98990058898926
ok,ptft,6,5000,0.206,1030,0.20600000000000002,10000,0.001,0.00099,0.0,0.1,1.0,0.1,0.0,unit_total_var,,0.5,5000000,5000,50000,True,0.0001,,0.0,0.0,1.0,2000,train_pred_mse,40000,0.978815405914448,0.9624636773666958,0.00014568562302491876,0.00863529170971461,1560.151731378024,53.23294538110086,1.0,0.0,0.0,0,500,500,4000,235.63888263702395
ok,ptft,7,5000,0.206,1030,0.20600000000000002,10000,0.001,0.00099,0.0,0.1,1.0,0.1,0.0,unit_total_var,,0.5,5000000,5000,50000,True,0.0001,,0.0,0.0,1.0,2000,train_pred_mse,40000,1.0346881608110456,1.0580014593990097,0.00015526472729932952,0.009112146625469315,1578.8594626915853,52.85110140009977,1.0,0.0,0.0,0,500,500,4000,236.3017818927765
ok,ptft,8,5000,0.206,1030,0.20600000000000002,10000,0.001,0.00099,0.0,0.1,1.0,0.1,0.0,unit_total_var,,0.5,5000000,5000,50000,True,0.0001,,0.0,0.0,1.0,2000,train_pred_mse,40000,1.0247038652819231,1.0108525061366262,0.00014416781230660032,0.007409182101910014,1653.4093754939436,57.306636421207706,1.0,0.0,0.0,0,500,500,4000,265.87509083747864
ok,ptft,9,5000,0.206,1030,0.20600000000000002,10000,0.001,0.00099,0.0,0.1,1.0,0.1,0.0,unit_total_var,,0.5,5000000,5000,50000,True,0.0001,,0.0,0.0,1.0,2000,train_pred_mse,45000,1.0051324197753044,1.003390202283194,0.00011710803604699704,0.00620033123311757,1543.8649923791156,53.049721427612326,1.0,0.0,0.0,0,500,500,4000,299.358056306839
ok,ptft,10,5000,0.255,1275,0.255,10000,0.001,0.00099,0.0,0.1,1.0,0.1,0.0,unit_total_var,,0.5,5000000,5000,50000,True,0.0001,,0.0,0.0,1.0,2000,train_pred_mse,60000,0.7527182904536679,0.7488690603385809,0.0001045941848070854,0.004782638600951369,1648.8761524997585,55.10077133108209,0.9998,0.0,0.0,0,500,500,4000,399.5703845024109
ok,ptft,11,5000,0.255,1275,0.255,10000,0.001,0.00099,0.0,0.1,1.0,0.1,0.0,unit_total_var,,0.5,5000000,5000,50000,True,0.0001,,0.0,0.0,1.0,2000,train_pred_mse,55000,0.8087902167341076,0.8188092402391173,0.0001224612809213001,0.005688275498076131,1708.1556618833692,56.16120278924386,0.9998,0.0,0.0,0,500,500,4000,671.4340689182281
ok,ptft,12,5000,0.255,1275,0.255,10000,0.001,0.00099,0.0,0.1,1.0,0.1,0.0,unit_total_var,,0.5,5000000,5000,50000,True,0.0001,,0.0,0.0,1.0,2000,train_pred_mse,55000,0.7371281799440953,0.7286682672129222,0.00012357857348582946,0.006145309121029586,1598.3778140077038,52.25763295258301,1.0,0.0,0.0,0,500,500,4000,560.3821885585785
ok,ptft,13,5000,0.255,1275,0.255,10000,0.001,0.00099,0.0,0.1,1.0,0.1,0.0,unit_total_var,,0.5,5000000,5000,50000,True,0.0001,,0.0,0.0,1.0,2000,train_pred_mse,55000,0.8071673203182054,0.8124627971040193,0.00011333130165314275,0.00554533731621521,1685.0849785814569,54.61892322883004,0.9996,0.0,0.0,0,500,500,4000,394.08250737190247
ok,ptft,14,5000,0.255,1275,0.255,10000,0.001,0.00099,0.0,0.1,1.0,0.1,0.0,unit_total_var,,0.5,5000000,5000,50000,True,0.0001,,0.0,0.0,1.0,2000,train_pred_mse,55000,0.7511853839285207,0.7755639519360903,0.0001114553180207579,0.005369718689657427,1704.2516413402825,55.6996514179529,1.0,0.0,0.0,0,500,500,4000,411.170716047287
ok,ptft,15,5000,0.255,1275,0.255,10000,0.001,0.00099,0.0,0.1,1.0,0.1,0.0,unit_total_var,,0.5,5000000,5000,50000,True,0.0001,,0.0,0.0,1.0,2000,train_pred_mse,55000,0.7546897625182257,0.7574106097458635,0.00012204275982779531,0.006054689510511916,1586.0518695630842,51.99947205687457,1.0,0.0,0.0,0,500,500,4000,403.27400183677673
ok,ptft,16,5000,0.255,1275,0.255,10000,0.001,0.00099,0.0,0.1,1.0,0.1,0.0,unit_total_var,,0.5,5000000,5000,50000,True,0.0001,,0.0,0.0,1.0,2000,train_pred_mse,55000,0.7179120519448707,0.706228262360722,0.00012483606304141591,0.0062064413235248155,1564.9982948422248,51.35326775695665,1.0,0.0,0.0,0,500,500,4000,445.5721459388733
ok,ptft,17,5000,0.255,1275,0.255,10000,0.001,0.00099,0.0,0.1,1.0,0.1,0.0,unit_total_var,,0.5,5000000,5000,50000,True,0.0001,,0.0,0.0,1.0,2000,train_pred_mse,55000,0.711962454560025,0.705358745374644,0.00012098051452494912,0.005898087265812818,1573.8031228953535,51.87575922865668,1.0,0.0,0.0,0,500,500,4000,336.39421248435974
ok,ptft,18,5000,0.255,1275,0.255,10000,0.001,0.00099,0.0,0.1,1.0,0.1,0.0,unit_total_var,,0.5,5000000,5000,50000,True,0.0001,,0.0,0.0,1.0,2000,train_pred_mse,55000,0.6639398603534253,0.6593148027069117,0.00011951539106430718,0.005933044617102153,1537.2977635954621,49.174625536111634,0.9998,0.0,0.0,0,500,500,4000,330.21458840370184
ok,ptft,19,5000,0.255,1275,0.255,10000,0.001,0.00099,0.0,0.1,1.0,0.1,0.0,unit_total_var,,0.5,5000000,5000,50000,True,0.0001,,0.0,0.0,1.0,2000,train_pred_mse,55000,0.7055795476300862,0.7041236698640432,0.000111508214785127,0.005866492622932912,1583.271571795552,51.395848008500174,1.0,0.0,0.0,0,500,500,4000,349.59968280792236
ok,ptft,6,5000,0.255,1275,0.255,10000,0.001,0.00099,0.0,0.1,1.0,0.1,0.0,unit_total_var,,0.5,5000000,5000,50000,True,0.0001,,0.0,0.0,1.0,2000,train_pred_mse,55000,0.7072130574430956,0.7047616807628707,0.00012575636030662477,0.005862941375359001,1612.7741468071106,53.509019059475136,0.9996,0.0,0.0,0,500,500,4000,358.2165122032165
ok,ptft,7,5000,0.255,1275,0.255,10000,0.001,0.00099,0.0,0.1,1.0,0.1,0.0,unit_total_var,,0.5,5000000,5000,50000,True,0.0001,,0.0,0.0,1.0,2000,train_pred_mse,55000,0.7465249266068751,0.7505362977656974,0.00012303913651628832,0.006171891341979225,1578.8934583701398,50.97219343702383,1.0,0.0,0.0,0,500,500,4000,605.6260595321655
ok,ptft,8,5000,0.255,1275,0.255,10000,0.001,0.00099,0.0,0.1,1.0,0.1,0.0,unit_total_var,,0.5,5000000,5000,50000,True,0.0001,,0.0,0.0,1.0,2000,train_pred_mse,55000,0.7544718003760709,0.7642230657259952,0.00012589827617207457,0.006043617235563639,1649.3844824375215,52.90393673898345,0.9998,0.0,0.0,0,500,500,4000,524.5663304328918
ok,ptft,9,5000,0.255,1275,0.255,10000,0.001,0.00099,0.0,0.1,1.0,0.1,0.0,unit_total_var,,0.5,5000000,5000,50000,True,0.0001,,0.0,0.0,1.0,2000,train_pred_mse,55000,0.6670695862143803,0.6604391869325041,0.00011831259446073552,0.005983341790694671,1532.7290548255655,50.548822611100064,0.9998,0.0,0.0,0,500,500,4000,636.4272694587708
ok,ptft,10,5000,0.30400000000000005,1520,0.304,10000,0.001,0.00099,0.0,0.1,1.0,0.1,0.0,unit_total_var,,0.5,5000000,5000,50000,True,0.0001,,0.0,0.0,1.0,2000,train_pred_mse,75000,0.5742529476909201,0.5618259686662695,9.93747168615234e-05,0.0042444720785948156,1679.9233474667553,53.50626288957052,0.9998,0.0,0.0,0,500,500,4000,956.0360639095306
ok,ptft,11,5000,0.30400000000000005,1520,0.304,10000,0.001,0.00099,0.0,0.1,1.0,0.1,0.0,unit_total_var,,0.5,5000000,5000,50000,True,0.0001,,0.0,0.0,1.0,2000,train_pred_mse,75000,0.6621243735706204,0.6441402543685028,9.610952464932012e-05,0.003984071004475054,1727.44938181022,55.18206620027231,0.9998,0.0,0.0,0,500,500,4000,620.3401446342467
ok,ptft,12,5000,0.30400000000000005,1520,0.304,10000,0.001,0.00099,0.0,0.1,1.0,0.1,0.0,unit_total_var,,0.5,5000000,5000,50000,True,0.0001,,0.0,0.0,1.0,2000,train_pred_mse,75000,0.4615241561029115,0.4591568394144199,0.00010093746920592249,0.004445576729222073,1544.125772728336,50.55890617495122,1.0,0.0,0.0,0,500,500,4000,517.2607719898224
ok,ptft,13,5000,0.30400000000000005,1520,0.304,10000,0.001,0.00099,0.0,0.1,1.0,0.1,0.0,unit_total_var,,0.5,5000000,5000,50000,True,0.0001,,0.0,0.0,1.0,2000,train_pred_mse,75000,0.5429904674901076,0.5582039399581475,9.838062537367021e-05,0.0042456386866381686,1647.010083761289,53.96804744549904,1.0,0.0,0.0,0,500,500,4000,702.518045425415
ok,ptft,14,5000,0.30400000000000005,1520,0.304,10000,0.001,0.00099,0.0,0.1,1.0,0.1,0.0,unit_total_var,,0.5,5000000,5000,50000,True,0.0001,,0.0,0.0,1.0,2000,train_pred_mse,70000,0.542286238811521,0.5423076941326269,0.00010309797824478687,0.004567045250016319,1665.624429440384,54.415997299565255,0.9996,0.0,0.0,0,500,500,4000,781.7486646175385
ok,ptft,15,5000,0.30400000000000005,1520,0.304,10000,0.001,0.00099,0.0,0.1,1.0,0.1,0.0,unit_total_var,,0.5,5000000,5000,50000,True,0.0001,,0.0,0.0,1.0,2000,train_pred_mse,75000,0.4795236623867926,0.4760284670449384,9.659114423527165e-05,0.004143418617679035,1657.418893940226,53.75508305803834,1.0,0.0,0.0,0,500,500,4000,745.8271572589874
ok,ptft,16,5000,0.30400000000000005,1520,0.304,10000,0.001,0.00099,0.0,0.1,1.0,0.1,0.0,unit_total_var,,0.5,5000000,5000,50000,True,0.0001,,0.0,0.0,1.0,2000,train_pred_mse,80000,0.4822558181161367,0.4926803655234567,9.066237038240783e-05,0.00385228293432264,1557.3319508747727,51.21371698564202,1.0,0.0,0.0,0,500,500,4000,520.8284165859221
ok,ptft,17,5000,0.30400000000000005,1520,0.304,10000,0.001,0.00099,0.0,0.1,1.0,0.1,0.0,unit_total_var,,0.5,5000000,5000,50000,True,0.0001,,0.0,0.0,1.0,2000,train_pred_mse,75000,0.4867256192825333,0.4778231647862184,0.00010779215278712193,0.0045837101043151715,1587.3719478150754,52.4776726110544,1.0,0.0,0.0,0,500,500,4000,507.14879488945013
ok,ptft,18,5000,0.30400000000000005,1520,0.304,10000,0.001,0.00099,0.0,0.1,1.0,0.1,0.0,unit_total_var,,0.5,5000000,5000,50000,True,0.0001,,0.0,0.0,1.0,2000,train_pred_mse,70000,0.4238488635839857,0.42769598434072975,0.00011199770136636245,0.004949287276948767,1573.372231803764,51.548613414859155,0.9998,0.0,0.0,0,500,500,4000,566.4434018135072
ok,ptft,19,5000,0.30400000000000005,1520,0.304,10000,0.001,0.00099,0.0,0.1,1.0,0.1,0.0,unit_total_var,,0.5,5000000,5000,50000,True,0.0001,,0.0,0.0,1.0,2000,train_pred_mse,75000,0.4904894852776928,0.50464352122419,0.00010154914611794599,0.004333955189109243,1582.2327584800303,52.287948832882925,1.0,0.0,0.0,0,500,500,4000,689.0973615646362
ok,ptft,6,5000,0.30400000000000005,1520,0.304,10000,0.001,0.00099,0.0,0.1,1.0,0.1,0.0,unit_total_var,,0.5,5000000,5000,50000,True,0.0001,,0.0,0.0,1.0,2000,train_pred_mse,75000,0.4734921981806346,0.4660717011405442,0.00010006203020000495,0.004045514946649822,1602.7363319033745,53.150944707475546,0.9998,0.0,0.0,0,500,500,4000,1033.1917805671692
ok,ptft,7,5000,0.30400000000000005,1520,0.304,10000,0.001,0.00099,0.0,0.1,1.0,0.1,0.0,unit_total_var,,0.5,5000000,5000,50000,True,0.0001,,0.0,0.0,1.0,2000,train_pred_mse,70000,0.5142701154550618,0.5199844041278673,0.00011158483678662883,0.004936744743526347,1638.4809995024893,53.07420994029039,1.0,0.0,0.0,0,500,500,4000,497.9850201606751
ok,ptft,8,5000,0.30400000000000005,1520,0.304,10000,0.001,0.00099,0.0,0.1,1.0,0.1,0.0,unit_total_var,,0.5,5000000,5000,50000,True,0.0001,,0.0,0.0,1.0,2000,train_pred_mse,70000,0.5237791994687436,0.5140628598491171,0.00010739427537806472,0.004569845505436274,1634.648557734347,53.912976076228276,0.9998,0.0,0.0,0,500,500,4000,827.8612339496613
ok,ptft,9,5000,0.30400000000000005,1520,0.304,10000,0.001,0.00099,0.0,0.1,1.0,0.1,0.0,unit_total_var,,0.5,5000000,5000,50000,True,0.0001,,0.0,0.0,1.0,2000,train_pred_mse,75000,0.5036475670423844,0.494087634015247,0.00010734150049731247,0.004518043692829914,1598.7464241035568,52.40045550194826,0.9998,0.0,0.0,0,500,500,4000,798.958899974823
ok,ptft,10,5000,0.35300000000000004,1765,0.353,10000,0.001,0.00099,0.0,0.1,1.0,0.1,0.0,unit_total_var,,0.5,5000000,5000,50000,True,0.0001,,0.0,0.0,1.0,2000,train_pred_mse,100000,0.3478703458425956,0.3395335949876805,8.416067216438479e-05,0.0028975751711326327,1639.57758974582,55.57325650347054,0.9998,0.0,0.0,0,500,500,4000,1101.159306049347
ok,ptft,11,5000,0.35300000000000004,1765,0.353,10000,0.001,0.00099,0.0,0.1,1.0,0.1,0.0,unit_total_var,,0.5,5000000,5000,50000,True,0.0001,,0.0,0.0,1.0,2000,train_pred_mse,95000,0.3345605485827389,0.3311184168258757,9.174459991090044e-05,0.003206094057709117,1687.1637444144076,57.64222341802138,1.0,0.0,0.0,0,500,500,4000,1214.0169405937195
ok,ptft,12,5000,0.35300000000000004,1765,0.353,10000,0.001,0.00099,0.0,0.1,1.0,0.1,0.0,unit_total_var,,0.5,5000000,5000,50000,True,0.0001,,0.0,0.0,1.0,2000,train_pred_mse,100000,0.300338055574346,0.301735882902134,8.663555867015876e-05,0.003152835280420108,1572.0885120647476,53.64824398923133,0.9998,0.0,0.0,0,500,500,4000,989.6157026290894
ok,ptft,13,5000,0.35300000000000004,1765,0.353,10000,0.001,0.00099,0.0,0.1,1.0,0.1,0.0,unit_total_var,,0.5,5000000,5000,50000,True,0.0001,,0.0,0.0,1.0,2000,train_pred_mse,95000,0.2947992798090017,0.2917805227546857,8.457438654664058e-05,0.002838601189512661,1670.8898717262744,58.0002108341922,0.9998,0.0,0.0,0,500,500,4000,993.8445780277252
ok,ptft,14,5000,0.35300000000000004,1765,0.353,10000,0.001,0.00099,0.0,0.1,1.0,0.1,0.0,unit_total_var,,0.5,5000000,5000,50000,True,0.0001,,0.0,0.0,1.0,2000,train_pred_mse,95000,0.3424359655676225,0.34641237043441003,8.946750686355214e-05,0.003151383501031281,1686.4942348357495,57.890055504747174,1.0,0.0,0.0,0,500,500,4000,818.6530458927155
ok,ptft,15,5000,0.35300000000000004,1765,0.353,10000,0.001,0.00099,0.0,0.1,1.0,0.1,0.0,unit_total_var,,0.5,5000000,5000,50000,True,0.0001,,0.0,0.0,1.0,2000,train_pred_mse,95000,0.2581421969159018,0.25474622038919525,8.828824284220059e-05,0.002855772602875534,1612.9337534800861,57.9219674521836,1.0,0.0,0.0,0,500,500,4000,1023.3765680789948
ok,ptft,16,5000,0.35300000000000004,1765,0.353,10000,0.001,0.00099,0.0,0.1,1.0,0.1,0.0,unit_total_var,,0.5,5000000,5000,50000,True,0.0001,,0.0,0.0,1.0,2000,train_pred_mse,95000,0.27914311588981816,0.28119853500449793,8.696560786225405e-05,0.0031114311846417164,1566.680776033829,54.258009703052174,1.0,0.0,0.0,0,500,500,4000,992.8623621463776
ok,ptft,17,5000,0.35300000000000004,1765,0.353,10000,0.001,0.00099,0.0,0.1,1.0,0.1,0.0,unit_total_var,,0.5,5000000,5000,50000,True,0.0001,,0.0,0.0,1.0,2000,train_pred_mse,100000,0.25680009250978536,0.2512138507511217,8.243004991947695e-05,0.0028394972043340287,1569.8808021446696,55.2514739124581,1.0,0.0,0.0,0,500,500,4000,1576.6534752845764
ok,ptft,18,5000,0.35300000000000004,1765,0.353,10000,0.001,0.00099,0.0,0.1,1.0,0.1,0.0,unit_total_var,,0.5,5000000,5000,50000,True,0.0001,,0.0,0.0,1.0,2000,train_pred_mse,100000,0.2888206748193757,0.28586539535306965,8.232226496874261e-05,0.003129530488678321,1544.0273078407654,52.806955561148385,0.9998,0.0,0.0,0,500,500,4000,1343.426815509796
ok,ptft,19,5000,0.35300000000000004,1765,0.353,10000,0.001,0.00099,0.0,0.1,1.0,0.1,0.0,unit_total_var,,0.5,5000000,5000,50000,True,0.0001,,0.0,0.0,1.0,2000,train_pred_mse,100000,0.30174303246166273,0.3088990384429204,8.488028299998496e-05,0.002991455727976288,1576.4342560729983,54.18400079431584,1.0,0.0,0.0,0,500,500,4000,903.6459624767303
ok,ptft,6,5000,0.35300000000000004,1765,0.353,10000,0.001,0.00099,0.0,0.1,1.0,0.1,0.0,unit_total_var,,0.5,5000000,5000,50000,True,0.0001,,0.0,0.0,1.0,2000,train_pred_mse,100000,0.2912911550063907,0.29925888274537465,8.398017028632162e-05,0.002930538097748607,1589.5196380141456,55.60794668287311,0.9998,0.0,0.0,0,500,500,4000,1153.6812505722044
ok,ptft,7,5000,0.35300000000000004,1765,0.353,10000,0.001,0.00099,0.0,0.1,1.0,0.1,0.0,unit_total_var,,0.5,5000000,5000,50000,True,0.0001,,0.0,0.0,1.0,2000,train_pred_mse,95000,0.30011640718290084,0.2971456615860891,8.762838807081754e-05,0.003175557677044252,1623.5950064118604,55.47034941447971,1.0,0.0,0.0,0,500,500,4000,1220.6134648323061
ok,ptft,8,5000,0.35300000000000004,1765,0.353,10000,0.001,0.00099,0.0,0.1,1.0,0.1,0.0,unit_total_var,,0.5,5000000,5000,50000,True,0.0001,,0.0,0.0,1.0,2000,train_pred_mse,95000,0.365312985584169,0.3572585319666053,8.847096280311783e-05,0.00336453007817856,1633.054577981798,54.40112001171272,0.9998,0.0,0.0,0,500,500,4000,1215.310977458954
ok,ptft,9,5000,0.35300000000000004,1765,0.353,10000,0.001,0.00099,0.0,0.1,1.0,0.1,0.0,unit_total_var,,0.5,5000000,5000,50000,True,0.0001,,0.0,0.0,1.0,2000,train_pred_mse,100000,0.2945477895834303,0.2916578014060398,8.711190006893011e-05,0.0030578951774176445,1562.418420658255,54.540429922203465,0.9998,0.0,0.0,0,500,500,4000,1011.3111011981964
ok,ptft,10,5000,0.402,2010,0.402,10000,0.001,0.00099,0.0,0.1,1.0,0.1,0.0,unit_total_var,,0.5,5000000,5000,50000,True,0.0001,,0.0,0.0,1.0,2000,train_pred_mse,130000,0.17160337671443845,0.16885823302164527,6.933363465799991e-05,0.001979984895412879,1603.9450910042688,59.61862021792615,1.0,0.0,0.0,0,500,500,4000,1930.8935112953186
ok,ptft,11,5000,0.402,2010,0.402,10000,0.001,0.00099,0.0,0.1,1.0,0.1,0.0,unit_total_var,,0.5,5000000,5000,50000,True,0.0001,,0.0,0.0,1.0,2000,train_pred_mse,130000,0.16754976382116446,0.16481981283523486,6.936273734187379e-05,0.0018642778080941527,1640.9471386736745,62.82813527585982,1.0,0.0,0.0,0,500,500,4000,1997.3805470466614
ok,ptft,12,5000,0.402,2010,0.402,10000,0.001,0.00099,0.0,0.1,1.0,0.1,0.0,unit_total_var,,0.5,5000000,5000,50000,True,0.0001,,0.0,0.0,1.0,2000,train_pred_mse,125000,0.13899018124997126,0.13859078479194772,7.371149475851523e-05,0.0021931757391404397,1505.6574713197879,56.93733548457728,0.9998,0.0,0.0,0,500,500,4000,1632.1754987239838
ok,ptft,13,5000,0.402,2010,0.402,10000,0.001,0.00099,0.0,0.1,1.0,0.1,0.0,unit_total_var,,0.5,5000000,5000,50000,True,0.0001,,0.0,0.0,1.0,2000,train_pred_mse,120000,0.17280007243935253,0.17351140191557834,7.629803557957907e-05,0.00229949168275156,1622.2453317737522,59.58047692046937,1.0,0.0,0.0,0,500,500,4000,1731.2745425701141
ok,ptft,14,5000,0.402,2010,0.402,10000,0.001,0.00099,0.0,0.1,1.0,0.1,0.0,unit_total_var,,0.5,5000000,5000,50000,True,0.0001,,0.0,0.0,1.0,2000,train_pred_mse,125000,0.2057092778901803,0.20543820543169244,7.163184176185727e-05,0.0020461465930000553,1651.5640101752622,60.61105372388237,1.0,0.0,0.0,0,500,500,4000,1577.6370642185211
ok,ptft,15,5000,0.402,2010,0.402,10000,0.001,0.00099,0.0,0.1,1.0,0.1,0.0,unit_total_var,,0.5,5000000,5000,50000,True,0.0001,,0.0,0.0,1.0,2000,train_pred_mse,130000,0.2058368772656246,0.2076071760583921,7.07178108923903e-05,0.0021523066933848327,1599.4331203320041,58.084357025820324,1.0,0.0,0.0,0,500,500,4000,1396.8613510131836
ok,ptft,16,5000,0.402,2010,0.402,10000,0.001,0.00099,0.0,0.1,1.0,0.1,0.0,unit_total_var,,0.5,5000000,5000,50000,True,0.0001,,0.0,0.0,1.0,2000,train_pred_mse,125000,0.18435990460779147,0.17786665361489165,7.358258800442014e-05,0.002157529774334891,1520.5414300187506,56.11684183755122,1.0,0.0,0.0,0,500,500,4000,1717.246705532074
ok,ptft,17,5000,0.402,2010,0.402,10000,0.001,0.00099,0.0,0.1,1.0,0.1,0.0,unit_total_var,,0.5,5000000,5000,50000,True,0.0001,,0.0,0.0,1.0,2000,train_pred_mse,130000,0.17862944274555811,0.1799228342139889,7.195872115429641e-05,0.002214952819818428,1529.526438251765,56.752032387058286,0.9998,0.0,0.0,0,500,500,4000,1890.6291666030884
ok,ptft,18,5000,0.402,2010,0.402,10000,0.001,0.00099,0.0,0.1,1.0,0.1,0.0,unit_total_var,,0.5,5000000,5000,50000,True,0.0001,,0.0,0.0,1.0,2000,train_pred_mse,120000,0.17368285896660915,0.17317563250803447,7.588106249334195e-05,0.002376497903460639,1527.8260234734619,55.1466245733708,1.0,0.0,0.0,0,500,500,4000,1819.3702139854431
ok,ptft,19,5000,0.402,2010,0.402,10000,0.001,0.00099,0.0,0.1,1.0,0.1,0.0,unit_total_var,,0.5,5000000,5000,50000,True,0.0001,,0.0,0.0,1.0,2000,train_pred_mse,125000,0.1851553445048263,0.18886200116041693,7.113647091740486e-05,0.002097183467431333,1548.6969089561362,56.489437649275544,1.0,0.0,0.0,0,500,500,4000,1705.636854171753
ok,ptft,6,5000,0.402,2010,0.402,10000,0.001,0.00099,0.0,0.1,1.0,0.1,0.0,unit_total_var,,0.5,5000000,5000,50000,True,0.0001,,0.0,0.0,1.0,2000,train_pred_mse,125000,0.1653922437768783,0.16289349620494006,7.147475588189367e-05,0.002180254232831373,1552.55275241449,57.68008408840864,0.9996,0.0,0.0,0,500,500,4000,1367.3659331798551
ok,ptft,7,5000,0.402,2010,0.402,10000,0.001,0.00099,0.0,0.1,1.0,0.1,0.0,unit_total_var,,0.5,5000000,5000,50000,True,0.0001,,0.0,0.0,1.0,2000,train_pred_mse,120000,0.21555898420252745,0.2207030567998728,7.609412083351826e-05,0.0024676694877222016,1629.1907259196607,56.78961162564763,1.0,0.0,0.0,0,500,500,4000,1497.8016819953918
ok,ptft,8,5000,0.402,2010,0.402,10000,0.001,0.00099,0.0,0.1,1.0,0.1,0.0,unit_total_var,,0.5,5000000,5000,50000,True,0.0001,,0.0,0.0,1.0,2000,train_pred_mse,130000,0.17933722930917065,0.17857645756927906,6.95177270768285e-05,0.0019964660395940747,1597.7937810779306,60.223302171454364,1.0,0.0,0.0,0,500,500,4000,1581.3695812225342
ok,ptft,9,5000,0.402,2010,0.402,10000,0.001,0.00099,0.0,0.1,1.0,0.1,0.0,unit_total_var,,0.5,5000000,5000,50000,True,0.0001,,0.0,0.0,1.0,2000,train_pred_mse,120000,0.1822008663957718,0.1797095286206084,7.335790100452476e-05,0.002284065164710203,1539.143379835668,56.64251512423685,1.0,0.0,0.0,0,500,500,4000,1907.1570451259613
ok,ptft,10,5000,0.451,2255,0.451,10000,0.001,0.00099,0.0,0.1,1.0,0.1,0.0,unit_total_var,,0.5,5000000,5000,50000,True,0.0001,,0.0,0.0,1.0,2000,train_pred_mse,155000,0.09371935984956747,0.09332261750292556,6.117795725767543e-05,0.0014976388774507814,1552.423812670765,62.569960497756945,1.0,0.0,0.0,0,500,500,4000,2427.0690894126888
ok,ptft,11,5000,0.451,2255,0.451,10000,0.001,0.00099,0.0,0.1,1.0,0.1,0.0,unit_total_var,,0.5,5000000,5000,50000,True,0.0001,,0.0,0.0,1.0,2000,train_pred_mse,160000,0.0749435280258154,0.07413372404937599,5.8760607895768066e-05,0.0014023757356789847,1582.5825255940667,65.99885837230903,1.0,0.0,0.0,0,500,500,4000,3258.3931798934937
ok,ptft,12,5000,0.451,2255,0.451,10000,0.001,0.00099,0.0,0.1,1.0,0.1,0.0,unit_total_var,,0.5,5000000,5000,50000,True,0.0001,,0.0,0.0,1.0,2000,train_pred_mse,155000,0.07442215827913826,0.07630962003137033,5.9457661201163784e-05,0.001484801828954558,1473.4232697975922,59.53650215566516,1.0,0.0,0.0,0,500,500,4000,2317.5385024547572
ok,ptft,13,5000,0.451,2255,0.451,10000,0.001,0.00099,0.0,0.1,1.0,0.1,0.0,unit_total_var,,0.5,5000000,5000,50000,True,0.0001,,0.0,0.0,1.0,2000,train_pred_mse,160000,0.0928921338490598,0.09552991817069748,5.9408074043192894e-05,0.0014861701186759282,1581.7427386594766,62.54038537433021,1.0,0.0,0.0,0,500,500,4000,3850.3250062465668
ok,ptft,14,5000,0.451,2255,0.451,10000,0.001,0.00099,0.0,0.1,1.0,0.1,0.0,unit_total_var,,0.5,5000000,5000,50000,True,0.0001,,0.0,0.0,1.0,2000,train_pred_mse,155000,0.08612633377601403,0.08611298750956273,6.103955752012895e-05,0.0014506917469088807,1582.1681525253355,65.04277406847343,1.0,0.0,0.0,0,500,500,4000,2528.497996330261
ok,ptft,15,5000,0.451,2255,0.451,10000,0.001,0.00099,0.0,0.1,1.0,0.1,0.0,unit_total_var,,0.5,5000000,5000,50000,True,0.0001,,0.0,0.0,1.0,2000,train_pred_mse,150000,0.07499521973949437,0.07343425583846228,6.354746983077896e-05,0.0015641237970933704,1525.2923417020347,62.73034238981917,1.0,0.0,0.0,0,500,500,4000,1850.6457002162933
ok,ptft,16,5000,0.451,2255,0.451,10000,0.001,0.00099,0.0,0.1,1.0,0.1,0.0,unit_total_var,,0.5,5000000,5000,50000,True,0.0001,,0.0,0.0,1.0,2000,train_pred_mse,150000,0.08298085567990841,0.0811961837145423,6.092752490652812e-05,0.0014778173760706293,1467.0553406164145,60.007563159444494,0.9998,0.0,0.0,0,500,500,4000,2875.803945541382
ok,ptft,17,5000,0.451,2255,0.451,10000,0.001,0.00099,0.0,0.1,1.0,0.1,0.0,unit_total_var,,0.5,5000000,5000,50000,True,0.0001,,0.0,0.0,1.0,2000,train_pred_mse,155000,0.09240550825208213,0.09300173457249204,5.8873058026845004e-05,0.001514274629084514,1479.1297488502255,59.0186616669964,1.0,0.0,0.0,0,500,500,4000,3058.839962720871
ok,ptft,18,5000,0.451,2255,0.451,10000,0.001,0.00099,0.0,0.1,1.0,0.1,0.0,unit_total_var,,0.5,5000000,5000,50000,True,0.0001,,0.0,0.0,1.0,2000,train_pred_mse,155000,0.09128139438891014,0.08886779090754643,6.0238252567375856e-05,0.0016460621859239529,1478.0073256281153,57.98960375729117,1.0,0.0,0.0,0,500,500,4000,2048.2657933235173
ok,ptft,19,5000,0.451,2255,0.451,10000,0.001,0.00099,0.0,0.1,1.0,0.1,0.0,unit_total_var,,0.5,5000000,5000,50000,True,0.0001,,0.0,0.0,1.0,2000,train_pred_mse,155000,0.06882694268784763,0.06952765701975377,6.253339549365865e-05,0.0015219638440444338,1465.7315189394205,61.732656259764994,1.0,0.0,0.0,0,500,500,4000,3449.696286678314
ok,ptft,6,5000,0.451,2255,0.451,10000,0.001,0.00099,0.0,0.1,1.0,0.1,0.0,unit_total_var,,0.5,5000000,5000,50000,True,0.0001,,0.0,0.0,1.0,2000,train_pred_mse,150000,0.07049487188751727,0.07061954056397106,6.166952714229108e-05,0.0015592863551190455,1473.8871140558233,61.51192783574852,0.9998,0.0,0.0,0,500,500,4000,3525.098729610443
ok,ptft,7,5000,0.451,2255,0.451,10000,0.001,0.00099,0.0,0.1,1.0,0.1,0.0,unit_total_var,,0.5,5000000,5000,50000,True,0.0001,,0.0,0.0,1.0,2000,train_pred_mse,155000,0.11846001018630868,0.1158419633426239,6.146360599959609e-05,0.0016661104836344512,1581.3294334624366,60.15049170320113,1.0,0.0,0.0,0,500,500,4000,2929.504269123077
ok,ptft,8,5000,0.451,2255,0.451,10000,0.001,0.00099,0.0,0.1,1.0,0.1,0.0,unit_total_var,,0.5,5000000,5000,50000,True,0.0001,,0.0,0.0,1.0,2000,train_pred_mse,155000,0.08479300141359128,0.0844200274081181,6.0993994676510574e-05,0.0014999155532845136,1546.9635511581428,63.20442120588033,0.9998,0.0,0.0,0,500,500,4000,2247.692164421081
ok,ptft,9,5000,0.451,2255,0.451,10000,0.001,0.00099,0.0,0.1,1.0,0.1,0.0,unit_total_var,,0.5,5000000,5000,50000,True,0.0001,,0.0,0.0,1.0,2000,train_pred_mse,150000,0.08077943923688335,0.08066009978353893,6.222731461087404e-05,0.001610918453009489,1481.8485672890702,60.05182542655981,1.0,0.0,0.0,0,500,500,4000,3087.6756949424744
ok,ptft,10,5000,0.5,2500,0.5,10000,0.001,0.00099,0.0,0.1,1.0,0.1,0.0,unit_total_var,,0.5,5000000,5000,50000,True,0.0001,,0.0,0.0,1.0,2000,train_pred_mse,170000,0.04077234257063407,0.04020412120328328,5.4818184614932976e-05,0.001251289210608456,1492.1752693213884,65.65665288421667,0.9998,0.0,0.0,0,500,500,4000,2709.8916747570042
ok,ptft,11,5000,0.5,2500,0.5,10000,0.001,0.00099,0.0,0.1,1.0,0.1,0.0,unit_total_var,,0.5,5000000,5000,50000,True,0.0001,,0.0,0.0,1.0,2000,train_pred_mse,170000,0.03507683559140004,0.03494658968135026,5.271883980221831e-05,0.0010905585719364957,1530.979146400813,68.7669316069414,1.0,0.0,0.0,0,500,500,4000,2784.093046426773
ok,ptft,12,5000,0.5,2500,0.5,10000,0.001,0.00099,0.0,0.1,1.0,0.1,0.0,unit_total_var,,0.5,5000000,5000,50000,True,0.0001,,0.0,0.0,1.0,2000,train_pred_mse,185000,0.04879378730837503,0.048833624595069715,5.1973772563554524e-05,0.0012081219862038188,1433.1639186772518,61.39209403521132,1.0,0.0,0.0,0,500,500,4000,3238.5991158485413
ok,ptft,13,5000,0.5,2500,0.5,10000,0.001,0.00099,0.0,0.1,1.0,0.1,0.0,unit_total_var,,0.5,5000000,5000,50000,True,0.0001,,0.0,0.0,1.0,2000,train_pred_mse,175000,0.04213155734616602,0.042729713229677516,5.127597312948094e-05,0.001142081513931381,1519.2559249466242,65.3037070711484,0.9998,0.0,0.0,0,500,500,4000,3039.2991592884064
ok,ptft,14,5000,0.5,2500,0.5,10000,0.001,0.00099,0.0,0.1,1.0,0.1,0.0,unit_total_var,,0.5,5000000,5000,50000,True,0.0001,,0.0,0.0,1.0,2000,train_pred_mse,175000,0.054481777979864636,0.05529853881367015,5.272481914839972e-05,0.0012002469497810727,1558.6959337784253,66.3814335669476,1.0,0.0,0.0,0,500,500,4000,2294.222177028656
ok,ptft,15,5000,0.5,2500,0.5,10000,0.001,0.00099,0.0,0.1,1.0,0.1,0.0,unit_total_var,,0.5,5000000,5000,50000,True,0.0001,,0.0,0.0,1.0,2000,train_pred_mse,185000,0.04225702948462787,0.04167609953439528,5.151082535625512e-05,0.0011469750712697793,1481.8197874395892,64.78777505672318,1.0,0.0,0.0,0,500,500,4000,3280.37184715271
ok,ptft,16,5000,0.5,2500,0.5,10000,0.001,0.00099,0.0,0.1,1.0,0.1,0.0,unit_total_var,,0.5,5000000,5000,50000,True,0.0001,,0.0,0.0,1.0,2000,train_pred_mse,180000,0.04052042700932079,0.040245281456781336,5.062588950443764e-05,0.0011270770371267546,1412.693693566087,62.30425213819442,0.9998,0.0,0.0,0,500,500,4000,3430.2486815452576
ok,ptft,17,5000,0.5,2500,0.5,10000,0.001,0.00099,0.0,0.1,1.0,0.1,0.0,unit_total_var,,0.5,5000000,5000,50000,True,0.0001,,0.0,0.0,1.0,2000,train_pred_mse,170000,0.029761429833629727,0.03002238599996902,5.360604871886618e-05,0.001240404353647419,1408.515922452078,63.66427747461502,0.9998,0.0,0.0,0,500,500,4000,2513.1323359012604
ok,ptft,18,5000,0.5,2500,0.5,10000,0.001,0.00099,0.0,0.1,1.0,0.1,0.0,unit_total_var,,0.5,5000000,5000,50000,True,0.0001,,0.0,0.0,1.0,2000,train_pred_mse,180000,0.04204723968766231,0.04179153406686345,5.2317622293702585e-05,0.0012724890048511715,1428.6888103636245,60.91086346872221,1.0,0.0,0.0,0,500,500,4000,3036.557925701141
ok,ptft,19,5000,0.5,2500,0.5,10000,0.001,0.00099,0.0,0.1,1.0,0.1,0.0,unit_total_var,,0.5,5000000,5000,50000,True,0.0001,,0.0,0.0,1.0,2000,train_pred_mse,180000,0.03612869089148902,0.03661679213740799,5.05852357657573e-05,0.0011399294058104675,1423.8427785329459,63.898125141716825,1.0,0.0,0.0,0,500,500,4000,3355.3995220661163
ok,ptft,6,5000,0.5,2500,0.5,10000,0.001,0.00099,0.0,0.1,1.0,0.1,0.0,unit_total_var,,0.5,5000000,5000,50000,True,0.0001,,0.0,0.0,1.0,2000,train_pred_mse,185000,0.038369796267898416,0.03886150253245721,5.097693801725366e-05,0.0010989286037685476,1424.5591488865432,63.649224069551536,1.0,0.0,0.0,0,500,500,4000,2668.790398836136
ok,ptft,7,5000,0.5,2500,0.5,10000,0.001,0.00099,0.0,0.1,1.0,0.1,0.0,unit_total_var,,0.5,5000000,5000,50000,True,0.0001,,0.0,0.0,1.0,2000,train_pred_mse,175000,0.04090714991340698,0.04055430315161514,5.373183524532141e-05,0.001237693145063348,1496.0777308049426,64.2935418760315,1.0,0.0,0.0,0,500,500,4000,3330.9441225528717
ok,ptft,8,5000,0.5,2500,0.5,10000,0.001,0.00099,0.0,0.1,1.0,0.1,0.0,unit_total_var,,0.5,5000000,5000,50000,True,0.0001,,0.0,0.0,1.0,2000,train_pred_mse,185000,0.049054119706212235,0.04952896402212844,5.3015848610838595e-05,0.0012321821828045814,1500.796616521033,64.90720357174416,1.0,0.0,0.0,0,500,500,4000,2551.078207969665
ok,ptft,9,5000,0.5,2500,0.5,10000,0.001,0.00099,0.0,0.1,1.0,0.1,0.0,unit_total_var,,0.5,5000000,5000,50000,True,0.0001,,0.0,0.0,1.0,2000,train_pred_mse,175000,0.034122698811989656,0.033831624942475005,5.307945825709698e-05,0.0012020644908566766,1415.8266673528203,62.98328809576577,1.0,0.0,0.0,0,500,500,4000,2936.7299511432648
ok,ptft,10,5000,0.01,50,0.01,10000,0.001,-0.00099,0.0,0.1,1.0,0.1,1.0,unit_total_var,,0.5,5000000,5000,50000,True,0.0001,,0.0,0.0,1.0,2000,train_pred_mse,10000,1.0577960546335028,1.0839591398096644,4.6310925565144894e-05,0.01676257788327636,257.4937977868074,32.61190349345956,0.9886,0.0,1.0,500,0,0,4500,7.936227798461914
ok,ptft,11,5000,0.01,50,0.01,10000,0.001,-0.00099,0.0,0.1,1.0,0.1,1.0,unit_total_var,,0.5,5000000,5000,50000,True,0.0001,,0.0,0.0,1.0,2000,train_pred_mse,5000,1.055737881172737,1.062853564774055,0.0004720807677382412,31651.934962783216,268.94319204291907,32.42077510976963,0.9866,0.0,1.0,500,0,0,4500,5.3727383613586435
ok,ptft,12,5000,0.01,50,0.01,10000,0.001,-0.00099,0.0,0.1,1.0,0.1,1.0,unit_total_var,,0.5,5000000,5000,50000,True,0.0001,,0.0,0.0,1.0,2000,train_pred_mse,10000,0.8863336003104229,0.888737096623586,4.297993676397584e-05,0.020131396124932182,233.15471000509774,27.207017037866144,0.9892,0.0,1.0,500,0,0,4500,9.284464120864866
ok,ptft,13,5000,0.01,50,0.01,10000,0.001,-0.00099,0.0,0.1,1.0,0.1,1.0,unit_total_var,,0.5,5000000,5000,50000,True,0.0001,,0.0,0.0,1.0,2000,train_pred_mse,5000,1.0944230778068136,1.066626126887397,0.0002659284689347502,28367.788989519064,290.32924684475734,33.927895508351114,0.9914,0.0,1.0,500,0,0,4500,5.359585523605347
ok,ptft,14,5000,0.01,50,0.01,10000,0.001,-0.00099,0.0,0.1,1.0,0.1,1.0,unit_total_var,,0.5,5000000,5000,50000,True,0.0001,,0.0,0.0,1.0,2000,train_pred_mse,10000,1.081356336887213,1.07532964449846,3.0275831851310484e-05,0.017698765541481518,259.0727954282793,29.65933315205557,0.9904,0.0,1.0,500,0,0,4500,8.571928262710571
ok,ptft,15,5000,0.01,50,0.01,10000,0.001,-0.00099,0.0,0.1,1.0,0.1,1.0,unit_total_var,,0.5,5000000,5000,50000,True,0.0001,,0.0,0.0,1.0,2000,train_pred_mse,5000,0.9869249596386508,0.9976927053725488,0.0003507070139202824,28715.638332585062,266.3334508365452,30.890794062895655,0.9886,0.0,1.0,500,0,0,4500,5.118704795837402
ok,ptft,16,5000,0.01,50,0.01,10000,0.001,-0.00099,0.0,0.1,1.0,0.1,1.0,unit_total_var,,0.5,5000000,5000,50000,True,0.0001,,0.0,0.0,1.0,2000,train_pred_mse,5000,0.91724635492727,0.9415606035341836,0.0003302457208359274,32294.632052922745,309.77010711081164,36.091570824854934,0.9890000000000001,0.0,1.0,500,0,0,4500,5.387303113937378
ok,ptft,17,5000,0.01,50,0.01,10000,0.001,-0.00099,0.0,0.1,1.0,0.1,1.0,unit_total_var,,0.5,5000000,5000,50000,True,0.0001,,0.0,0.0,1.0,2000,train_pred_mse,10000,0.9101436855067484,0.933538996518904,2.7350695474808647e-05,0.018182973531970424,252.88425635296284,29.31019144133409,0.9918,0.0,1.0,500,0,0,4500,7.9891624450683585
ok,ptft,18,5000,0.01,50,0.01,10000,0.001,-0.00099,0.0,0.1,1.0,0.1,1.0,unit_total_var,,0.5,5000000,5000,50000,True,0.0001,,0.0,0.0,1.0,2000,train_pred_mse,5000,0.9374156963312552,0.9259659602661372,0.00048036391783081817,29157.071955057974,262.8138692175543,29.549686858630125,0.9906,0.0,1.0,500,0,0,4500,4.905507564544678
ok,ptft,19,5000,0.01,50,0.01,10000,0.001,-0.00099,0.0,0.1,1.0,0.1,1.0,unit_total_var,,0.5,5000000,5000,50000,True,0.0001,,0.0,0.0,1.0,2000,train_pred_mse,10000,1.0290622912644354,1.0019991274959112,3.877245877358119e-05,0.023338324222286787,244.8181876399577,26.804946769845127,0.9876,0.0,1.0,500,0,0,4500,9.073483228683473
ok,ptft,6,5000,0.01,50,0.01,10000,0.001,-0.00099,0.0,0.1,1.0,0.1,1.0,unit_total_var,,0.5,5000000,5000,50000,True,0.0001,,0.0,0.0,1.0,2000,train_pred_mse,5000,0.954336154889262,0.9588357881224508,0.0005066017417068536,31007.17548728168,256.1144317557385,27.39008287568044,0.9912,0.0,1.0,500,0,0,4500,6.261609554290772
ok,ptft,7,5000,0.01,50,0.01,10000,0.001,-0.00099,0.0,0.1,1.0,0.1,1.0,unit_total_var,,0.5,5000000,5000,50000,True,0.0001,,0.0,0.0,1.0,2000,train_pred_mse,10000,1.0545217860523008,1.0700302105588206,2.820076240186938e-05,0.014438480392618488,283.9991757722326,37.94444865500945,0.988,0.0,1.0,500,0,0,4500,9.986988782882689
ok,ptft,8,5000,0.01,50,0.01,10000,0.001,-0.00099,0.0,0.1,1.0,0.1,1.0,unit_total_var,,0.5,5000000,5000,50000,True,0.0001,,0.0,0.0,1.0,2000,train_pred_mse,5000,1.1076078619027545,1.0778725787071834,0.0004525993743905973,32424.85528440287,245.42110858757061,32.59078399487604,0.9874,0.0,1.0,500,0,0,4500,5.104825735092163
ok,ptft,9,5000,0.01,50,0.01,10000,0.001,-0.00099,0.0,0.1,1.0,0.1,1.0,unit_total_var,,0.5,5000000,5000,50000,True,0.0001,,0.0,0.0,1.0,2000,train_pred_mse,10000,0.9666006297809824,0.956679329892224,4.68752133225219e-05,0.023395195306937632,201.82307035306684,23.134658743595427,0.9882,0.0,1.0,500,0,0,4500,8.895160675048828
ok,ptft,10,5000,0.059,295,0.059000000000000004,10000,0.001,-0.00099,0.0,0.1,1.0,0.1,1.0,unit_total_var,,0.5,5000000,5000,50000,True,0.0001,,0.0,0.0,1.0,2000,train_pred_mse,30000,0.614106481299293,0.6241763656540987,0.00011968585419621669,0.008315829037414613,698.2332137430717,45.20571559060821,0.9916,0.0,1.0,500,0,0,4500,36.66093516349793
ok,ptft,11,5000,0.059,295,0.059000000000000004,10000,0.001,-0.00099,0.0,0.1,1.0,0.1,1.0,unit_total_var,,0.5,5000000,5000,50000,True,0.0001,,0.0,0.0,1.0,2000,train_pred_mse,30000,0.7052725226505684,0.7067388841578144,0.00015668701986988024,0.011100446580920638,675.8167972402397,43.483264284966815,0.9912,0.0,1.0,500,0,0,4500,42.19370889663696
ok,ptft,12,5000,0.059,295,0.059000000000000004,10000,0.001,-0.00099,0.0,0.1,1.0,0.1,1.0,unit_total_var,,0.5,5000000,5000,50000,True,0.0001,,0.0,0.0,1.0,2000,train_pred_mse,30000,0.6330270603677188,0.6370493142053232,0.0001512052689555933,0.012161992168481687,596.199953917396,39.20597147133789,0.9934,0.0,1.0,500,0,0,4500,42.00023055076599
ok,ptft,13,5000,0.059,295,0.059000000000000004,10000,0.001,-0.00099,0.0,0.1,1.0,0.1,1.0,unit_total_var,,0.5,5000000,5000,50000,True,0.0001,,0.0,0.0,1.0,2000,train_pred_mse,30000,0.7185926289382454,0.7290373615327242,0.00015415165933274822,0.011592304811191587,628.8816912004678,41.18696777959636,0.9948,0.0,1.0,500,0,0,4500,46.259294271469116
ok,ptft,14,5000,0.059,295,0.059000000000000004,10000,0.001,-0.00099,0.0,0.1,1.0,0.1,1.0,unit_total_var,,0.5,5000000,5000,50000,True,0.0001,,0.0,0.0,1.0,2000,train_pred_mse,25000,0.6471795470969093,0.6485847321080235,0.0001818232201633684,0.01465955856666529,682.0787112120947,44.50355589573556,0.9928,0.0,1.0,500,0,0,4500,35.20022535324097
ok,ptft,15,5000,0.059,295,0.059000000000000004,10000,0.001,-0.00099,0.0,0.1,1.0,0.1,1.0,unit_total_var,,0.5,5000000,5000,50000,True,0.0001,,0.0,0.0,1.0,2000,train_pred_mse,25000,0.6731766495906089,0.6801302032915475,0.0001981968927066955,0.01665873725709726,662.8468604261717,41.54171768175715,0.9942,0.0,1.0,500,0,0,4500,33.56320691108704
ok,ptft,16,5000,0.059,295,0.059000000000000004,10000,0.001,-0.00099,0.0,0.1,1.0,0.1,1.0,unit_total_var,,0.5,5000000,5000,50000,True,0.0001,,0.0,0.0,1.0,2000,train_pred_mse,30000,0.5560721934602562,0.5561746749157086,0.00014820492144867342,0.012386317083098671,636.5648555766767,40.65465652415805,0.9942,0.0,1.0,500,0,0,4500,47.666191577911384
ok,ptft,17,5000,0.059,295,0.059000000000000004,10000,0.001,-0.00099,0.0,0.1,1.0,0.1,1.0,unit_total_var,,0.5,5000000,5000,50000,True,0.0001,,0.0,0.0,1.0,2000,train_pred_mse,25000,0.5607560888032406,0.5692794818231943,0.00018259751711020315,0.014869483179501016,652.9970600134033,42.26808062135411,0.9932,0.0,1.0,500,0,0,4500,30.45434808731079
ok,ptft,18,5000,0.059,295,0.059000000000000004,10000,0.001,-0.00099,0.0,0.1,1.0,0.1,1.0,unit_total_var,,0.5,5000000,5000,50000,True,0.0001,,0.0,0.0,1.0,2000,train_pred_mse,30000,0.6220743650929471,0.6153517221077014,0.00011918824552083303,0.009606769251264831,617.3631135721138,39.036670749697855,0.9928,0.0,1.0,500,0,0,4500,37.24314689636231
ok,ptft,19,5000,0.059,295,0.059000000000000004,10000,0.001,-0.00099,0.0,0.1,1.0,0.1,1.0,unit_total_var,,0.5,5000000,5000,50000,True,0.0001,,0.0,0.0,1.0,2000,train_pred_mse,30000,0.5763636245017449,0.5694962514502063,0.00012058213838934097,0.008798913547163367,695.8117801290431,45.61009604369008,0.991,0.0,1.0,500,0,0,4500,38.40991449356079
ok,ptft,6,5000,0.059,295,0.059000000000000004,10000,0.001,-0.00099,0.0,0.1,1.0,0.1,1.0,unit_total_var,,0.5,5000000,5000,50000,True,0.0001,,0.0,0.0,1.0,2000,train_pred_mse,30000,0.6827048047380002,0.6903617928396978,0.00013729151371079466,0.010507111774878631,595.3750012233661,38.202414269063055,0.9934,0.0,1.0,500,0,0,4500,41.368690490722656
ok,ptft,7,5000,0.059,295,0.059000000000000004,10000,0.001,-0.00099,0.0,0.1,1.0,0.1,1.0,unit_total_var,,0.5,5000000,5000,50000,True,0.0001,,0.0,0.0,1.0,2000,train_pred_mse,30000,0.6629966090860933,0.6580018880546658,0.00012704264263090398,0.00910949142786538,633.0827189722165,40.04583641411529,0.993,0.0,1.0,500,0,0,4500,51.74677801132202
ok,ptft,8,5000,0.059,295,0.059000000000000004,10000,0.001,-0.00099,0.0,0.1,1.0,0.1,1.0,unit_total_var,,0.5,5000000,5000,50000,True,0.0001,,0.0,0.0,1.0,2000,train_pred_mse,30000,0.6656037537943332,0.6591627076759947,0.00012634487228775006,0.008399631406681967,663.2487618375053,44.89248228256769,0.992,0.0,1.0,500,0,0,4500,45.90605068206787
ok,ptft,9,5000,0.059,295,0.059000000000000004,10000,0.001,-0.00099,0.0,0.1,1.0,0.1,1.0,unit_total_var,,0.5,5000000,5000,50000,True,0.0001,,0.0,0.0,1.0,2000,train_pred_mse,30000,0.602133579319052,0.6004621244222216,0.00015168456572077024,0.011416021653408435,632.4843876669731,41.3670956902589,0.9922,0.0,1.0,500,0,0,4500,41.654343843460076
ok,ptft,10,5000,0.10800000000000001,540,0.10800000000000001,10000,0.001,-0.00099,0.0,0.1,1.0,0.1,1.0,unit_total_var,,0.5,5000000,5000,50000,True,0.0001,,0.0,0.0,1.0,2000,train_pred_mse,55000,0.3633939227340501,0.3719533167752904,0.000109660209830971,0.004859986840286019,907.1514170152043,50.575281244857294,0.9946,0.0,1.0,500,0,0,4500,241.0511424541473
ok,ptft,11,5000,0.10800000000000001,540,0.10800000000000001,10000,0.001,-0.00099,0.0,0.1,1.0,0.1,1.0,unit_total_var,,0.5,5000000,5000,50000,True,0.0001,,0.0,0.0,1.0,2000,train_pred_mse,60000,0.40540999171877706,0.4032287195277793,0.00010272030441650201,0.00473769738104956,937.6896536309872,50.83901258005312,0.9942,0.0,1.0,500,0,0,4500,104.26709938049316
ok,ptft,12,5000,0.10800000000000001,540,0.10800000000000001,10000,0.001,-0.00099,0.0,0.1,1.0,0.1,1.0,unit_total_var,,0.5,5000000,5000,50000,True,0.0001,,0.0,0.0,1.0,2000,train_pred_mse,60000,0.3002706693597908,0.29767434545152305,0.00010451919430832158,0.004432129105016569,855.7118387912348,49.45983164296661,0.9938,0.0,1.0,500,0,0,4500,151.3571903705597
ok,ptft,13,5000,0.10800000000000001,540,0.10800000000000001,10000,0.001,-0.00099,0.0,0.1,1.0,0.1,1.0,unit_total_var,,0.5,5000000,5000,50000,True,0.0001,,0.0,0.0,1.0,2000,train_pred_mse,55000,0.38208245315022377,0.3823588134803493,0.00011156270485865838,0.004869224240259304,908.314163241068,51.88101735262038,0.9926,0.0,1.0,500,0,0,4500,132.0446515083313
ok,ptft,14,5000,0.10800000000000001,540,0.10800000000000001,10000,0.001,-0.00099,0.0,0.1,1.0,0.1,1.0,unit_total_var,,0.5,5000000,5000,50000,True,0.0001,,0.0,0.0,1.0,2000,train_pred_mse,55000,0.3782464440943815,0.3775273854835186,0.00012343023891480542,0.005488123261524321,923.4308753192373,53.017698094268894,0.9922,0.0,1.0,500,0,0,4500,101.3633358478546
ok,ptft,15,5000,0.10800000000000001,540,0.10800000000000001,10000,0.001,-0.00099,0.0,0.1,1.0,0.1,1.0,unit_total_var,,0.5,5000000,5000,50000,True,0.0001,,0.0,0.0,1.0,2000,train_pred_mse,55000,0.4028381977340537,0.4103789679066272,0.0001152690083337352,0.005737219079341064,879.0003921342366,49.02926325228799,0.9922,0.0,1.0,500,0,0,4500,120.53669619560242
ok,ptft,16,5000,0.10800000000000001,540,0.10800000000000001,10000,0.001,-0.00099,0.0,0.1,1.0,0.1,1.0,unit_total_var,,0.5,5000000,5000,50000,True,0.0001,,0.0,0.0,1.0,2000,train_pred_mse,55000,0.33798070013580184,0.3390311884130394,0.00011074941286249573,0.005390872051388121,830.0589045284373,47.21655712183542,0.9928,0.0,1.0,500,0,0,4500,112.5743157863617
ok,ptft,17,5000,0.10800000000000001,540,0.10800000000000001,10000,0.001,-0.00099,0.0,0.1,1.0,0.1,1.0,unit_total_var,,0.5,5000000,5000,50000,True,0.0001,,0.0,0.0,1.0,2000,train_pred_mse,60000,0.33954353175570684,0.3477544417792591,0.0001059400891713988,0.004946957662507262,849.5721724759896,47.08433166174735,0.9926,0.0,1.0,500,0,0,4500,200.61861753463745
ok,ptft,18,5000,0.10800000000000001,540,0.10800000000000001,10000,0.001,-0.00099,0.0,0.1,1.0,0.1,1.0,unit_total_var,,0.5,5000000,5000,50000,True,0.0001,,0.0,0.0,1.0,2000,train_pred_mse,55000,0.3639951639755692,0.3657610021565204,0.00011591382860263585,0.006412851503012603,833.9814076848182,44.66494471132081,0.9958,0.0,1.0,500,0,0,4500,104.95893263816832
ok,ptft,19,5000,0.10800000000000001,540,0.10800000000000001,10000,0.001,-0.00099,0.0,0.1,1.0,0.1,1.0,unit_total_var,,0.5,5000000,5000,50000,True,0.0001,,0.0,0.0,1.0,2000,train_pred_mse,60000,0.3670620283928451,0.3664938871884821,0.00010044166262798488,0.004895476855935198,865.163452018495,47.38665055228617,0.993,0.0,1.0,500,0,0,4500,141.67933893203738
ok,ptft,6,5000,0.10800000000000001,540,0.10800000000000001,10000,0.001,-0.00099,0.0,0.1,1.0,0.1,1.0,unit_total_var,,0.5,5000000,5000,50000,True,0.0001,,0.0,0.0,1.0,2000,train_pred_mse,60000,0.2581278445723213,0.2550311322496293,0.00010936850602535176,0.004925273271264071,938.7556525225896,52.44561465338297,0.9944,0.0,1.0,500,0,0,4500,133.84501004219058
ok,ptft,7,5000,0.10800000000000001,540,0.10800000000000001,10000,0.001,-0.00099,0.0,0.1,1.0,0.1,1.0,unit_total_var,,0.5,5000000,5000,50000,True,0.0001,,0.0,0.0,1.0,2000,train_pred_mse,55000,0.3202901142680252,0.3215012336521457,0.00010692376806894389,0.005209221144790068,927.4504927574117,51.600946576468,0.9928,0.0,1.0,500,0,0,4500,141.87944507598874
ok,ptft,8,5000,0.10800000000000001,540,0.10800000000000001,10000,0.001,-0.00099,0.0,0.1,1.0,0.1,1.0,unit_total_var,,0.5,5000000,5000,50000,True,0.0001,,0.0,0.0,1.0,2000,train_pred_mse,55000,0.32475724880819085,0.32162204338052863,0.00011919533361179009,0.00541903096282171,939.689832593717,52.25557554586758,0.9926,0.0,1.0,500,0,0,4500,315.9561927318573
ok,ptft,9,5000,0.10800000000000001,540,0.10800000000000001,10000,0.001,-0.00099,0.0,0.1,1.0,0.1,1.0,unit_total_var,,0.5,5000000,5000,50000,True,0.0001,,0.0,0.0,1.0,2000,train_pred_mse,55000,0.3344973146556989,0.3377427121740367,0.00010468309777463871,0.005096915998929358,869.4291181807425,48.949377307850284,0.9940000000000001,0.0,1.0,500,0,0,4500,122.49221324920654
ok,ptft,10,5000,0.15700000000000006,785,0.157,10000,0.001,-0.00099,0.0,0.1,1.0,0.1,1.0,unit_total_var,,0.5,5000000,5000,50000,True,0.0001,,0.0,0.0,1.0,2000,train_pred_mse,95000,0.12820381787507135,0.12809688668304178,8.499849829272802e-05,0.0024864024260270448,1111.216127169207,60.00986300023858,0.9946,0.0,1.0,500,0,0,4500,297.30191898345953
ok,ptft,11,5000,0.15700000000000006,785,0.157,10000,0.001,-0.00099,0.0,0.1,1.0,0.1,1.0,unit_total_var,,0.5,5000000,5000,50000,True,0.0001,,0.0,0.0,1.0,2000,train_pred_mse,95000,0.09098244988307863,0.09165524862161303,8.386329263082332e-05,0.0022017891986893193,1192.5598498220222,64.2245997886963,0.9928,0.0,1.0,500,0,0,4500,716.4693956375122
ok,ptft,12,5000,0.15700000000000006,785,0.157,10000,0.001,-0.00099,0.0,0.1,1.0,0.1,1.0,unit_total_var,,0.5,5000000,5000,50000,True,0.0001,,0.0,0.0,1.0,2000,train_pred_mse,100000,0.13171337056466909,0.13228743950333247,8.357844437328167e-05,0.002684979726116348,1038.976650360007,54.834785871786316,0.9928,0.0,1.0,500,0,0,4500,1019.7625107765198
ok,ptft,13,5000,0.15700000000000006,785,0.157,10000,0.001,-0.00099,0.0,0.1,1.0,0.1,1.0,unit_total_var,,0.5,5000000,5000,50000,True,0.0001,,0.0,0.0,1.0,2000,train_pred_mse,105000,0.14318808524163454,0.14035125752839395,7.961666710301172e-05,0.002324423541941544,1126.6399866790705,58.70673203533109,0.9940000000000001,0.0,1.0,500,0,0,4500,473.56821155548096
ok,ptft,14,5000,0.15700000000000006,785,0.157,10000,0.001,-0.00099,0.0,0.1,1.0,0.1,1.0,unit_total_var,,0.5,5000000,5000,50000,True,0.0001,,0.0,0.0,1.0,2000,train_pred_mse,95000,0.15458871951731676,0.15252683808488013,8.074856853300164e-05,0.002393009988448989,1136.0415962064744,59.71385485398521,0.996,0.0,1.0,500,0,0,4500,389.5368490219116
ok,ptft,15,5000,0.15700000000000006,785,0.157,10000,0.001,-0.00099,0.0,0.1,1.0,0.1,1.0,unit_total_var,,0.5,5000000,5000,50000,True,0.0001,,0.0,0.0,1.0,2000,train_pred_mse,95000,0.12445040806729385,0.12447912964395814,8.570806912668616e-05,0.002624486054946259,1115.107208940569,58.50414438456096,0.9940000000000001,0.0,1.0,500,0,0,4500,273.9491858482361
ok,ptft,16,5000,0.15700000000000006,785,0.157,10000,0.001,-0.00099,0.0,0.1,1.0,0.1,1.0,unit_total_var,,0.5,5000000,5000,50000,True,0.0001,,0.0,0.0,1.0,2000,train_pred_mse,100000,0.1006448255300283,0.1020947701599464,8.225235316953593e-05,0.002395407495274512,1063.4954547620089,56.78206000629095,0.9948,0.0,1.0,500,0,0,4500,411.24186420440674
ok,ptft,17,5000,0.15700000000000006,785,0.157,10000,0.001,-0.00099,0.0,0.1,1.0,0.1,1.0,unit_total_var,,0.5,5000000,5000,50000,True,0.0001,,0.0,0.0,1.0,2000,train_pred_mse,100000,0.11492609478688935,0.1181373468998624,7.920840017559285e-05,0.0023097833212662212,1048.9110862048533,55.96708057730795,0.9946,0.0,1.0,500,0,0,4500,690.6062591075897
ok,ptft,18,5000,0.15700000000000006,785,0.157,10000,0.001,-0.00099,0.0,0.1,1.0,0.1,1.0,unit_total_var,,0.5,5000000,5000,50000,True,0.0001,,0.0,0.0,1.0,2000,train_pred_mse,95000,0.1347839700096629,0.13321143315584866,8.723384363806487e-05,0.002748766518342117,1040.534600298863,54.97495475541717,0.9940000000000001,0.0,1.0,500,0,0,4500,308.15123438835144
ok,ptft,19,5000,0.15700000000000006,785,0.157,10000,0.001,-0.00099,0.0,0.1,1.0,0.1,1.0,unit_total_var,,0.5,5000000,5000,50000,True,0.0001,,0.0,0.0,1.0,2000,train_pred_mse,95000,0.1318206958956447,0.13157148484624628,7.964800105315197e-05,0.0024128353367384755,1050.1939779542658,55.98002551775259,0.9948,0.0,1.0,500,0,0,4500,474.75106620788574
ok,ptft,6,5000,0.15700000000000006,785,0.157,10000,0.001,-0.00099,0.0,0.1,1.0,0.1,1.0,unit_total_var,,0.5,5000000,5000,50000,True,0.0001,,0.0,0.0,1.0,2000,train_pred_mse,100000,0.09827928051093628,0.1003430282345858,7.682852826299925e-05,0.002189501916211528,1081.1793149605066,58.88073793465119,0.9936,0.0,1.0,500,0,0,4500,314.74482560157776
ok,ptft,7,5000,0.15700000000000006,785,0.157,10000,0.001,-0.00099,0.0,0.1,1.0,0.1,1.0,unit_total_var,,0.5,5000000,5000,50000,True,0.0001,,0.0,0.0,1.0,2000,train_pred_mse,100000,0.1242039754226785,0.12608499481009572,8.560827338412522e-05,0.002504777584199293,1107.5325855019478,58.44514620629196,0.9934,0.0,1.0,500,0,0,4500,269.8098561763764
ok,ptft,8,5000,0.15700000000000006,785,0.157,10000,0.001,-0.00099,0.0,0.1,1.0,0.1,1.0,unit_total_var,,0.5,5000000,5000,50000,True,0.0001,,0.0,0.0,1.0,2000,train_pred_mse,90000,0.11792184097042872,0.1172675981893679,9.273422538341877e-05,0.0028419835550879576,1120.3510083426042,60.748678249288176,0.996,0.0,1.0,500,0,0,4500,419.17733478546137
ok,ptft,9,5000,0.15700000000000006,785,0.157,10000,0.001,-0.00099,0.0,0.1,1.0,0.1,1.0,unit_total_var,,0.5,5000000,5000,50000,True,0.0001,,0.0,0.0,1.0,2000,train_pred_mse,95000,0.10015137481705036,0.09975819277923058,8.142571014544125e-05,0.0023731049656663702,1075.542709295913,58.193162066989004,0.9942,0.0,1.0,500,0,0,4500,334.062516450882
ok,ptft,10,5000,0.206,1030,0.20600000000000002,10000,0.001,-0.00099,0.0,0.1,1.0,0.1,1.0,unit_total_var,,0.5,5000000,5000,50000,True,0.0001,,0.0,0.0,1.0,2000,train_pred_mse,140000,0.019506879896783742,0.019647987816507728,6.01298802447759e-05,0.0011772032018062134,1240.3352036619706,66.97354853351932,0.9938,0.0,1.0,500,0,0,4500,697.4475412368774
ok,ptft,11,5000,0.206,1030,0.20600000000000002,10000,0.001,-0.00099,0.0,0.1,1.0,0.1,1.0,unit_total_var,,0.5,5000000,5000,50000,True,0.0001,,0.0,0.0,1.0,2000,train_pred_mse,140000,0.023779101122628755,0.02339726846683585,5.6224044769805616e-05,0.0010885603540764432,1284.570380840376,69.4256287789725,0.9928,0.0,1.0,500,0,0,4500,2471.376211643219
ok,ptft,12,5000,0.206,1030,0.20600000000000002,10000,0.001,-0.00099,0.0,0.1,1.0,0.1,1.0,unit_total_var,,0.5,5000000,5000,50000,True,0.0001,,0.0,0.0,1.0,2000,train_pred_mse,130000,0.019840935044846224,0.01986074518398042,6.220279976327863e-05,0.001407019680385402,1172.7934156614665,63.11009620100214,0.9932,0.0,1.0,500,0,0,4500,970.8908286094666
ok,ptft,13,5000,0.206,1030,0.20600000000000002,10000,0.001,-0.00099,0.0,0.1,1.0,0.1,1.0,unit_total_var,,0.5,5000000,5000,50000,True,0.0001,,0.0,0.0,1.0,2000,train_pred_mse,135000,0.020417186448136542,0.020215828966048326,5.9842806434640014e-05,0.0012421193895803054,1262.939931197975,66.95371393916281,0.9940000000000001,0.0,1.0,500,0,0,4500,873.7612297534943
ok,ptft,14,5000,0.206,1030,0.20600000000000002,10000,0.001,-0.00099,0.0,0.1,1.0,0.1,1.0,unit_total_var,,0.5,5000000,5000,50000,True,0.0001,,0.0,0.0,1.0,2000,train_pred_mse,130000,0.03811876764766434,0.03822532831890207,6.08839600403761e-05,0.001281207407438508,1249.4361481770748,66.33477067209795,0.9944,0.0,1.0,500,0,0,4500,1022.7603352069856
ok,ptft,15,5000,0.206,1030,0.20600000000000002,10000,0.001,-0.00099,0.0,0.1,1.0,0.1,1.0,unit_total_var,,0.5,5000000,5000,50000,True,0.0001,,0.0,0.0,1.0,2000,train_pred_mse,135000,0.029019302353311155,0.02926576205531055,6.092139082803996e-05,0.0012969009829845533,1216.7285684657907,65.00427699702821,0.9940000000000001,0.0,1.0,500,0,0,4500,676.2712752819061
ok,ptft,16,5000,0.206,1030,0.20600000000000002,10000,0.001,-0.00099,0.0,0.1,1.0,0.1,1.0,unit_total_var,,0.5,5000000,5000,50000,True,0.0001,,0.0,0.0,1.0,2000,train_pred_mse,135000,0.011568549928792679,0.011532819747074364,5.752944896949053e-05,0.0013367344215808067,1180.2276465805405,64.88313948422099,0.9912,0.0,1.0,500,0,0,4500,530.5273096561432
ok,ptft,17,5000,0.206,1030,0.20600000000000002,10000,0.001,-0.00099,0.0,0.1,1.0,0.1,1.0,unit_total_var,,0.5,5000000,5000,50000,True,0.0001,,0.0,0.0,1.0,2000,train_pred_mse,140000,0.018092042100144742,0.018009617127727782,5.9605905680815794e-05,0.001230727104193679,1175.9724782198814,63.868472626298974,0.9932,0.0,1.0,500,0,0,4500,680.670392036438
ok,ptft,18,5000,0.206,1030,0.20600000000000002,10000,0.001,-0.00099,0.0,0.1,1.0,0.1,1.0,unit_total_var,,0.5,5000000,5000,50000,True,0.0001,,0.0,0.0,1.0,2000,train_pred_mse,140000,0.02752667492204857,0.027200962912005473,6.260364594813679e-05,0.0015269922465266212,1160.853404380759,61.63713947673038,0.9956,0.0,1.0,500,0,0,4500,721.226277589798
ok,ptft,19,5000,0.206,1030,0.20600000000000002,10000,0.001,-0.00099,0.0,0.1,1.0,0.1,1.0,unit_total_var,,0.5,5000000,5000,50000,True,0.0001,,0.0,0.0,1.0,2000,train_pred_mse,130000,0.015790489958359626,0.015645882542387808,6.0176600076277894e-05,0.0012885206758878663,1194.5907920397267,65.24937652324145,0.9934,0.0,1.0,500,0,0,4500,640.8202445507051
ok,ptft,6,5000,0.206,1030,0.20600000000000002,10000,0.001,-0.00099,0.0,0.1,1.0,0.1,1.0,unit_total_var,,0.5,5000000,5000,50000,True,0.0001,,0.0,0.0,1.0,2000,train_pred_mse,140000,0.02216395777270643,0.02231219246598878,6.0257062494678956e-05,0.0013084236835166475,1177.5870893533545,64.46913853875668,0.9924,0.0,1.0,500,0,0,4500,885.0071666240692
ok,ptft,7,5000,0.206,1030,0.20600000000000002,10000,0.001,-0.00099,0.0,0.1,1.0,0.1,1.0,unit_total_var,,0.5,5000000,5000,50000,True,0.0001,,0.0,0.0,1.0,2000,train_pred_mse,140000,0.03210414897333631,0.032573800621927065,6.283725041441179e-05,0.0014491677470901386,1219.6895102842018,64.39834273704868,0.9942,0.0,1.0,500,0,0,4500,491.4078843593597
ok,ptft,8,5000,0.206,1030,0.20600000000000002,10000,0.001,-0.00099,0.0,0.1,1.0,0.1,1.0,unit_total_var,,0.5,5000000,5000,50000,True,0.0001,,0.0,0.0,1.0,2000,train_pred_mse,140000,0.024112186810937082,0.023816400854507543,6.133694244246776e-05,0.0012765428573279698,1227.1932846791894,66.56073597697839,0.993,0.0,1.0,500,0,0,4500,639.9962146282196
ok,ptft,9,5000,0.206,1030,0.20600000000000002,10000,0.001,-0.00099,0.0,0.1,1.0,0.1,1.0,unit_total_var,,0.5,5000000,5000,50000,True,0.0001,,0.0,0.0,1.0,2000,train_pred_mse,135000,0.029257850166625687,0.028788568451473675,6.313832805082452e-05,0.0013857439999154515,1162.20535727729,62.57394914689967,0.9942,0.0,1.0,500,0,0,4500,572.9576835632323
ok,ptft,10,5000,0.255,1275,0.255,10000,0.001,-0.00099,0.0,0.1,1.0,0.1,1.0,unit_total_var,,0.5,5000000,5000,50000,True,0.0001,,0.0,0.0,1.0,2000,train_pred_mse,110000,0.002776433122520017,0.0027860100432971053,5.947738303905875e-05,0.001485164592183168,1281.5125762445834,70.36461966234853,0.9928,0.0,1.0,500,0,0,4500,628.0945594310759
ok,ptft,11,5000,0.255,1275,0.255,10000,0.001,-0.00099,0.0,0.1,1.0,0.1,1.0,unit_total_var,,0.5,5000000,5000,50000,True,0.0001,,0.0,0.0,1.0,2000,train_pred_mse,125000,0.003232575210839876,0.003242209847960069,5.99653033770292e-05,0.0014075276280416885,1327.406885271069,72.65303669226532,0.9938,0.0,1.0,500,0,0,4500,1219.5597023963928
ok,ptft,12,5000,0.255,1275,0.255,10000,0.001,-0.00099,0.0,0.1,1.0,0.1,1.0,unit_total_var,,0.5,5000000,5000,50000,True,0.0001,,0.0,0.0,1.0,2000,train_pred_mse,110000,0.0017541265094249267,0.0017713257372598808,6.174472310150677e-05,0.0014249512585334698,1219.1520086851426,66.7758755204703,0.9912,0.0,1.0,500,0,0,4500,898.5586404800415
ok,ptft,13,5000,0.255,1275,0.255,10000,0.001,-0.00099,0.0,0.1,1.0,0.1,1.0,unit_total_var,,0.5,5000000,5000,50000,True,0.0001,,0.0,0.0,1.0,2000,train_pred_mse,125000,0.003960486663329776,0.003987187550010555,6.100668799720027e-05,0.0013869466030906232,1295.6268217722306,69.99811396018167,0.9918,0.0,1.0,500,0,0,4500,883.4450526237488
ok,ptft,14,5000,0.255,1275,0.255,10000,0.001,-0.00099,0.0,0.1,1.0,0.1,1.0,unit_total_var,,0.5,5000000,5000,50000,True,0.0001,,0.0,0.0,1.0,2000,train_pred_mse,115000,0.0027620329650552265,0.0027321863247239692,5.805298806601675e-05,0.0013247493143334307,1319.2417347843734,72.48727999414277,0.9916,0.0,1.0,500,0,0,4500,667.5138504505157
ok,ptft,15,5000,0.255,1275,0.255,10000,0.001,-0.00099,0.0,0.1,1.0,0.1,1.0,unit_total_var,,0.5,5000000,5000,50000,True,0.0001,,0.0,0.0,1.0,2000,train_pred_mse,130000,0.0037548980825749577,0.003749515583087919,5.75176767657413e-05,0.001280093500721134,1267.0421841542204,69.35109238147155,0.991,0.0,1.0,500,0,0,4500,791.033390045166
ok,ptft,16,5000,0.255,1275,0.255,10000,0.001,-0.00099,0.0,0.1,1.0,0.1,1.0,unit_total_var,,0.5,5000000,5000,50000,True,0.0001,,0.0,0.0,1.0,2000,train_pred_mse,125000,0.0026355198173494874,0.002652513409617273,5.544585456916178e-05,0.001240059470653258,1203.3510184850365,66.94302455229082,0.9894,0.0,1.0,500,0,0,4500,803.5549628734589
ok,ptft,17,5000,0.255,1275,0.255,10000,0.001,-0.00099,0.0,0.1,1.0,0.1,1.0,unit_total_var,,0.5,5000000,5000,50000,True,0.0001,,0.0,0.0,1.0,2000,train_pred_mse,115000,0.0030562718537164,0.003056891470636629,6.42106943222262e-05,0.0017605468138289426,1214.5763844375729,66.93581053167166,0.9922,0.0,1.0,500,0,0,4500,592.3261849880219
ok,ptft,18,5000,0.255,1275,0.255,10000,0.001,-0.00099,0.0,0.1,1.0,0.1,1.0,unit_total_var,,0.5,5000000,5000,50000,True,0.0001,,0.0,0.0,1.0,2000,train_pred_mse,115000,0.0024626875820383557,0.002444676687174707,6.28570985071322e-05,0.001745578874244704,1216.0926303923986,65.87365549767793,0.9928,0.0,1.0,500,0,0,4500,682.4012725353241
ok,ptft,19,5000,0.255,1275,0.255,10000,0.001,-0.00099,0.0,0.1,1.0,0.1,1.0,unit_total_var,,0.5,5000000,5000,50000,True,0.0001,,0.0,0.0,1.0,2000,train_pred_mse,130000,0.0033248404140042787,0.0034038451690255244,5.984635730874991e-05,0.0012946169124623515,1223.4481234123828,68.07620731403843,0.9916,0.0,1.0,500,0,0,4500,642.4995455741882
ok,ptft,6,5000,0.255,1275,0.255,10000,0.001,-0.00099,0.0,0.1,1.0,0.1,1.0,unit_total_var,,0.5,5000000,5000,50000,True,0.0001,,0.0,0.0,1.0,2000,train_pred_mse,120000,0.0019576567445007834,0.0019533849044094595,6.282414548647772e-05,0.0014400790426178556,1224.6575757347625,68.56573415705864,0.9918,0.0,1.0,500,0,0,4500,1486.6356427669525
ok,ptft,7,5000,0.255,1275,0.255,10000,0.001,-0.00099,0.0,0.1,1.0,0.1,1.0,unit_total_var,,0.5,5000000,5000,50000,True,0.0001,,0.0,0.0,1.0,2000,train_pred_mse,145000,0.004498942396950625,0.00454290991297145,5.859858031322415e-05,0.0012332505459068696,1272.1759982014567,68.55354252557382,0.9904,0.0,1.0,500,0,0,4500,1127.6999032497404
ok,ptft,8,5000,0.255,1275,0.255,10000,0.001,-0.00099,0.0,0.1,1.0,0.1,1.0,unit_total_var,,0.5,5000000,5000,50000,True,0.0001,,0.0,0.0,1.0,2000,train_pred_mse,125000,0.003151308682505146,0.003104491685514076,5.845498038317434e-05,0.001427177747735993,1274.6047485892195,70.4794159081442,0.9926,0.0,1.0,500,0,0,4500,918.9083397388458
ok,ptft,9,5000,0.255,1275,0.255,10000,0.001,-0.00099,0.0,0.1,1.0,0.1,1.0,unit_total_var,,0.5,5000000,5000,50000,True,0.0001,,0.0,0.0,1.0,2000,train_pred_mse,125000,0.004223543606912475,0.0041396746832066695,5.995025391147805e-05,0.0015042978303420706,1215.3109615334645,66.92048045538576,0.9940000000000001,0.0,1.0,500,0,0,4500,921.940221309662
ok,ptft,10,5000,0.30400000000000005,1520,0.304,10000,0.001,-0.00099,0.0,0.1,1.0,0.1,1.0,unit_total_var,,0.5,5000000,5000,50000,True,0.0001,,0.0,0.0,1.0,2000,train_pred_mse,110000,0.0012300536738955245,0.0012329314664909525,6.759418470627674e-05,0.0016414578440138315,1286.6869400522544,71.12877356908281,0.9904,0.0,1.0,500,0,0,4500,832.8330619335175
ok,ptft,11,5000,0.30400000000000005,1520,0.304,10000,0.001,-0.00099,0.0,0.1,1.0,0.1,1.0,unit_total_var,,0.5,5000000,5000,50000,True,0.0001,,0.0,0.0,1.0,2000,train_pred_mse,85000,0.0007848427629640062,0.0007736675097756586,6.862359427787975e-05,0.0016223378958386493,1339.859427267099,73.9424563071367,0.9922,0.0,1.0,500,0,0,4500,716.9681239128113
ok,ptft,12,5000,0.30400000000000005,1520,0.304,10000,0.001,-0.00099,0.0,0.1,1.0,0.1,1.0,unit_total_var,,0.5,5000000,5000,50000,True,0.0001,,0.0,0.0,1.0,2000,train_pred_mse,105000,0.0009763275108176881,0.0009733882896444881,7.085279323780308e-05,0.001812365993349684,1223.758420236495,67.1910785731536,0.9904,0.0,1.0,500,0,0,4500,920.2786602973938
ok,ptft,13,5000,0.30400000000000005,1520,0.304,10000,0.001,-0.00099,0.0,0.1,1.0,0.1,1.0,unit_total_var,,0.5,5000000,5000,50000,True,0.0001,,0.0,0.0,1.0,2000,train_pred_mse,95000,0.0007421682081226015,0.0007465974121959754,6.725631911456287e-05,0.0017424123851192336,1310.308724422559,71.57972322487653,0.9908,0.0,1.0,500,0,0,4500,806.617344379425
ok,ptft,14,5000,0.30400000000000005,1520,0.304,10000,0.001,-0.00099,0.0,0.1,1.0,0.1,1.0,unit_total_var,,0.5,5000000,5000,50000,True,0.0001,,0.0,0.0,1.0,2000,train_pred_mse,95000,0.0009787742555312554,0.0009822392854451226,6.911931386820714e-05,0.0015806106693988119,1326.3603963115365,73.32442896090453,0.9932,0.0,1.0,500,0,0,4500,736.0174014568329
ok,ptft,15,5000,0.30400000000000005,1520,0.304,10000,0.001,-0.00099,0.0,0.1,1.0,0.1,1.0,unit_total_var,,0.5,5000000,5000,50000,True,0.0001,,0.0,0.0,1.0,2000,train_pred_mse,100000,0.0010016811272453145,0.0009834316191943574,7.260971377555805e-05,0.002002250252316544,1280.2146557725289,70.6979245932598,0.9916,0.0,1.0,500,0,0,4500,1165.6257240772247
ok,ptft,16,5000,0.30400000000000005,1520,0.304,10000,0.001,-0.00099,0.0,0.1,1.0,0.1,1.0,unit_total_var,,0.5,5000000,5000,50000,True,0.0001,,0.0,0.0,1.0,2000,train_pred_mse,95000,0.0007610054020098115,0.0007643425284251487,5.9745469125341965e-05,0.001364737379938816,1213.7354473160258,67.96957459364215,0.9896,0.0,1.0,500,0,0,4500,847.6201207637787
ok,ptft,17,5000,0.30400000000000005,1520,0.304,10000,0.001,-0.00099,0.0,0.1,1.0,0.1,1.0,unit_total_var,,0.5,5000000,5000,50000,True,0.0001,,0.0,0.0,1.0,2000,train_pred_mse,110000,0.0009405058227538075,0.0009477270027116683,6.726948606138959e-05,0.0014743214039427586,1223.8227800302686,68.12578032907612,0.9918,0.0,1.0,500,0,0,4500,1109.8810577392578
ok,ptft,18,5000,0.30400000000000005,1520,0.304,10000,0.001,-0.00099,0.0,0.1,1.0,0.1,1.0,unit_total_var,,0.5,5000000,5000,50000,True,0.0001,,0.0,0.0,1.0,2000,train_pred_mse,100000,0.0007809639090920159,0.0007859442785246264,6.380479992753892e-05,0.0013931720318906347,1223.7047962402196,66.78527719222684,0.9904,0.0,1.0,500,0,0,4500,862.644122838974
ok,ptft,19,5000,0.30400000000000005,1520,0.304,10000,0.001,-0.00099,0.0,0.1,1.0,0.1,1.0,unit_total_var,,0.5,5000000,5000,50000,True,0.0001,,0.0,0.0,1.0,2000,train_pred_mse,95000,0.0008347579840321106,0.0008400641183002487,6.876305574471031e-05,0.0016288244243186495,1236.116650784177,69.27180495108105,0.9884,0.0,1.0,500,0,0,4500,868.7432148456572
ok,ptft,6,5000,0.30400000000000005,1520,0.304,10000,0.001,-0.00099,0.0,0.1,1.0,0.1,1.0,unit_total_var,,0.5,5000000,5000,50000,True,0.0001,,0.0,0.0,1.0,2000,train_pred_mse,105000,0.0008595223232658742,0.0008478635165091576,6.244983534418572e-05,0.0012941487767758179,1230.3121777754216,69.1213261952771,0.9902,0.0,1.0,500,0,0,4500,1053.912239074707
ok,ptft,7,5000,0.30400000000000005,1520,0.304,10000,0.001,-0.00099,0.0,0.1,1.0,0.1,1.0,unit_total_var,,0.5,5000000,5000,50000,True,0.0001,,0.0,0.0,1.0,2000,train_pred_mse,95000,0.0008122941947216263,0.0008248811455906296,6.980380987057945e-05,0.0016783610828299265,1289.197620027303,70.10939371441201,0.9906,0.0,1.0,500,0,0,4500,856.7388777732849
ok,ptft,8,5000,0.30400000000000005,1520,0.304,10000,0.001,-0.00099,0.0,0.1,1.0,0.1,1.0,unit_total_var,,0.5,5000000,5000,50000,True,0.0001,,0.0,0.0,1.0,2000,train_pred_mse,90000,0.0007342510128240065,0.0007356137343595048,6.95730823185476e-05,0.0017544839014609454,1286.9199190709912,71.63397244396405,0.9924,0.0,1.0,500,0,0,4500,681.9889690876008
ok,ptft,9,5000,0.30400000000000005,1520,0.304,10000,0.001,-0.00099,0.0,0.1,1.0,0.1,1.0,unit_total_var,,0.5,5000000,5000,50000,True,0.0001,,0.0,0.0,1.0,2000,train_pred_mse,100000,0.0008300954080782157,0.000841576931649878,6.642553163596309e-05,0.0014719063787645664,1229.2199481748116,68.42099103245357,0.9924,0.0,1.0,500,0,0,4500,837.6756620407104
ok,ptft,10,5000,0.35300000000000004,1765,0.353,10000,0.001,-0.00099,0.0,0.1,1.0,0.1,1.0,unit_total_var,,0.5,5000000,5000,50000,True,0.0001,,0.0,0.0,1.0,2000,train_pred_mse,75000,0.0004176398308629777,0.00042314110434351184,7.714863748640321e-05,0.0020001638858793587,1294.1757837740076,71.75968231847145,0.9894,0.0,1.0,500,0,0,4500,867.6913864612579
ok,ptft,11,5000,0.35300000000000004,1765,0.353,10000,0.001,-0.00099,0.0,0.1,1.0,0.1,1.0,unit_total_var,,0.5,5000000,5000,50000,True,0.0001,,0.0,0.0,1.0,2000,train_pred_mse,85000,0.0004668286183055242,0.00046826406609839133,8.665890026421976e-05,0.002125729777412189,1341.1189436906475,74.27716479343016,0.9922,0.0,1.0,500,0,0,4500,885.7904734611511
ok,ptft,12,5000,0.35300000000000004,1765,0.353,10000,0.001,-0.00099,0.0,0.1,1.0,0.1,1.0,unit_total_var,,0.5,5000000,5000,50000,True,0.0001,,0.0,0.0,1.0,2000,train_pred_mse,80000,0.0003921557858304602,0.0003965685283973328,6.95353177614516e-05,0.0020944957579645484,1228.4879421847725,67.76532829458108,0.9882,0.0,1.0,500,0,0,4500,959.2473232746124
ok,ptft,13,5000,0.35300000000000004,1765,0.353,10000,0.001,-0.00099,0.0,0.1,1.0,0.1,1.0,unit_total_var,,0.5,5000000,5000,50000,True,0.0001,,0.0,0.0,1.0,2000,train_pred_mse,75000,0.0004137162599796803,0.0004150738236414851,8.763547338041257e-05,0.00232254335197995,1313.5841284462406,71.86546881924558,0.99,0.0,1.0,500,0,0,4500,1152.4087841510773
ok,ptft,14,5000,0.35300000000000004,1765,0.353,10000,0.001,-0.00099,0.0,0.1,1.0,0.1,1.0,unit_total_var,,0.5,5000000,5000,50000,True,0.0001,,0.0,0.0,1.0,2000,train_pred_mse,75000,0.0003179378066170537,0.00031813749345726064,8.065073832282003e-05,0.002228306294542115,1332.1920479384273,73.95426454932091,0.9898,0.0,1.0,500,0,0,4500,1250.476361989975
ok,ptft,15,5000,0.35300000000000004,1765,0.353,10000,0.001,-0.00099,0.0,0.1,1.0,0.1,1.0,unit_total_var,,0.5,5000000,5000,50000,True,0.0001,,0.0,0.0,1.0,2000,train_pred_mse,90000,0.0003779319088682025,0.0003782170632743174,7.502015906789095e-05,0.0016473853039326524,1284.7346133469694,71.20409491250187,0.9890000000000001,0.0,1.0,500,0,0,4500,755.1248931884766
ok,ptft,16,5000,0.35300000000000004,1765,0.353,10000,0.001,-0.00099,0.0,0.1,1.0,0.1,1.0,unit_total_var,,0.5,5000000,5000,50000,True,0.0001,,0.0,0.0,1.0,2000,train_pred_mse,80000,0.00039934354063751005,0.0003915121396098603,7.786572517359296e-05,0.0018885391785660726,1216.19207455481,68.29646804100808,0.9898,0.0,1.0,500,0,0,4500,774.0427749156952
ok,ptft,17,5000,0.35300000000000004,1765,0.353,10000,0.001,-0.00099,0.0,0.1,1.0,0.1,1.0,unit_total_var,,0.5,5000000,5000,50000,True,0.0001,,0.0,0.0,1.0,2000,train_pred_mse,90000,0.0005148629903629307,0.0005172480304626227,7.726815755071811e-05,0.0016930661931758922,1227.206070281386,68.53681575464194,0.9902,0.0,1.0,500,0,0,4500,801.8995542526245
ok,ptft,18,5000,0.35300000000000004,1765,0.353,10000,0.001,-0.00099,0.0,0.1,1.0,0.1,1.0,unit_total_var,,0.5,5000000,5000,50000,True,0.0001,,0.0,0.0,1.0,2000,train_pred_mse,80000,0.000396581017174348,0.0004038786935244793,8.628038043978209e-05,0.002628624869350395,1227.2234459588597,67.16519400720492,0.9904,0.0,1.0,500,0,0,4500,804.3780143260956
ok,ptft,19,5000,0.35300000000000004,1765,0.353,10000,0.001,-0.00099,0.0,0.1,1.0,0.1,1.0,unit_total_var,,0.5,5000000,5000,50000,True,0.0001,,0.0,0.0,1.0,2000,train_pred_mse,80000,0.0004077809797736125,0.000407663959794065,7.546635492944014e-05,0.0017884554342468247,1239.957593517191,69.67309270131906,0.9892,0.0,1.0,500,0,0,4500,770.5689213275909
ok,ptft,6,5000,0.35300000000000004,1765,0.353,10000,0.001,-0.00099,0.0,0.1,1.0,0.1,1.0,unit_total_var,,0.5,5000000,5000,50000,True,0.0001,,0.0,0.0,1.0,2000,train_pred_mse,80000,0.0003616990324977322,0.00036098817917160086,8.559216414470681e-05,0.002248957264217808,1234.871887688867,69.63786254197082,0.9904,0.0,1.0,500,0,0,4500,693.8233416080475
ok,ptft,7,5000,0.35300000000000004,1765,0.353,10000,0.001,-0.00099,0.0,0.1,1.0,0.1,1.0,unit_total_var,,0.5,5000000,5000,50000,True,0.0001,,0.0,0.0,1.0,2000,train_pred_mse,70000,0.0003745838245914799,0.00037884831713428817,8.895039473765228e-05,0.002848380405059556,1293.4251637049115,70.51516088273992,0.9922,0.0,1.0,500,0,0,4500,677.8483793735503
ok,ptft,8,5000,0.35300000000000004,1765,0.353,10000,0.001,-0.00099,0.0,0.1,1.0,0.1,1.0,unit_total_var,,0.5,5000000,5000,50000,True,0.0001,,0.0,0.0,1.0,2000,train_pred_mse,75000,0.0003677890433018631,0.00037001065956407153,7.468007355716287e-05,0.0015021036423085005,1290.197928874817,72.02709405757156,0.9888,0.0,1.0,500,0,0,4500,783.6308543682097
ok,ptft,9,5000,0.35300000000000004,1765,0.353,10000,0.001,-0.00099,0.0,0.1,1.0,0.1,1.0,unit_total_var,,0.5,5000000,5000,50000,True,0.0001,,0.0,0.0,1.0,2000,train_pred_mse,85000,0.0005137579412265613,0.0005171397815921502,8.388375863531995e-05,0.0019974287979889586,1232.2164988992172,68.63960072760723,0.9922,0.0,1.0,500,0,0,4500,883.0405032634735
ok,ptft,10,5000,0.402,2010,0.402,10000,0.001,-0.00099,0.0,0.1,1.0,0.1,1.0,unit_total_var,,0.5,5000000,5000,50000,True,0.0001,,0.0,0.0,1.0,2000,train_pred_mse,75000,0.00023678917781401362,0.00024094406500971846,8.036601249457983e-05,0.002107849171506375,1295.6140824512456,72.06025592445859,0.9894,0.0,1.0,500,0,0,4500,942.7611131668092
ok,ptft,11,5000,0.402,2010,0.402,10000,0.001,-0.00099,0.0,0.1,1.0,0.1,1.0,unit_total_var,,0.5,5000000,5000,50000,True,0.0001,,0.0,0.0,1.0,2000,train_pred_mse,75000,0.00030218551226973906,0.0003059496706332873,9.875494261278012e-05,0.002431188979580545,1342.0926851486845,74.49646087833086,0.9906,0.0,1.0,500,0,0,4500,924.6302466392516
ok,ptft,12,5000,0.402,2010,0.402,10000,0.001,-0.00099,0.0,0.1,1.0,0.1,1.0,unit_total_var,,0.5,5000000,5000,50000,True,0.0001,,0.0,0.0,1.0,2000,train_pred_mse,80000,0.0002504896624306786,0.0002522811091943268,7.723685752139907e-05,0.002005074796148633,1230.161117634923,67.98679335323253,0.9890000000000001,0.0,1.0,500,0,0,4500,1117.531730890274
ok,ptft,13,5000,0.402,2010,0.402,10000,0.001,-0.00099,0.0,0.1,1.0,0.1,1.0,unit_total_var,,0.5,5000000,5000,50000,True,0.0001,,0.0,0.0,1.0,2000,train_pred_mse,75000,0.0003201137422524417,0.00032244721813365584,9.546456761594504e-05,0.0025387265971976818,1313.5224730090076,71.97853244496216,0.9908,0.0,1.0,500,0,0,4500,1281.8579061031344
ok,ptft,14,5000,0.402,2010,0.402,10000,0.001,-0.00099,0.0,0.1,1.0,0.1,1.0,unit_total_var,,0.5,5000000,5000,50000,True,0.0001,,0.0,0.0,1.0,2000,train_pred_mse,75000,0.00029972801703932565,0.0002945859149939083,8.558837779843922e-05,0.002193152418470016,1331.8797890673945,73.98603635498634,0.9888,0.0,1.0,500,0,0,4500,1170.7454988956454
ok,ptft,15,5000,0.402,2010,0.402,10000,0.001,-0.00099,0.0,0.1,1.0,0.1,1.0,unit_total_var,,0.5,5000000,5000,50000,True,0.0001,,0.0,0.0,1.0,2000,train_pred_mse,70000,0.000284932163170326,0.0002824467565845085,9.746862331408509e-05,0.002392865582239237,1286.1557365175247,71.41115436041675,0.9884,0.0,1.0,500,0,0,4500,937.0860285758972
ok,ptft,16,5000,0.402,2010,0.402,10000,0.001,-0.00099,0.0,0.1,1.0,0.1,1.0,unit_total_var,,0.5,5000000,5000,50000,True,0.0001,,0.0,0.0,1.0,2000,train_pred_mse,70000,0.0003142049091207785,0.00031651984047728203,9.407428070545266e-05,0.003238356282546261,1216.8418408921702,68.41077654875124,0.9876,0.0,1.0,500,0,0,4500,697.1891994476317
ok,ptft,17,5000,0.402,2010,0.402,10000,0.001,-0.00099,0.0,0.1,1.0,0.1,1.0,unit_total_var,,0.5,5000000,5000,50000,True,0.0001,,0.0,0.0,1.0,2000,train_pred_mse,85000,0.0002820632015696326,0.0002856109236347812,8.060755664178888e-05,0.0018297111349488944,1229.1514893048213,68.79847019068266,0.9902,0.0,1.0,500,0,0,4500,1238.410611152649
ok,ptft,18,5000,0.402,2010,0.402,10000,0.001,-0.00099,0.0,0.1,1.0,0.1,1.0,unit_total_var,,0.5,5000000,5000,50000,True,0.0001,,0.0,0.0,1.0,2000,train_pred_mse,70000,0.00027909573063725977,0.00028143694330856487,0.00010286694994044743,0.003190014310509971,1228.5993126128924,67.3685037112138,0.9906,0.0,1.0,500,0,0,4500,884.0614287853241
ok,ptft,19,5000,0.402,2010,0.402,10000,0.001,-0.00099,0.0,0.1,1.0,0.1,1.0,unit_total_var,,0.5,5000000,5000,50000,True,0.0001,,0.0,0.0,1.0,2000,train_pred_mse,85000,0.000285506582160656,0.0002888755961576157,8.483607923289433e-05,0.0018589510699683677,1239.8694812281635,69.88479444302033,0.9906,0.0,1.0,500,0,0,4500,1006.4738891124724
ok,ptft,6,5000,0.402,2010,0.402,10000,0.001,-0.00099,0.0,0.1,1.0,0.1,1.0,unit_total_var,,0.5,5000000,5000,50000,True,0.0001,,0.0,0.0,1.0,2000,train_pred_mse,75000,0.0002627521799066922,0.00027445473527265096,9.024446047752026e-05,0.0028258059174528925,1235.4443275236329,69.80185389019634,0.9892,0.0,1.0,500,0,0,4500,910.2819628715516
ok,ptft,7,5000,0.402,2010,0.402,10000,0.001,-0.00099,0.0,0.1,1.0,0.1,1.0,unit_total_var,,0.5,5000000,5000,50000,True,0.0001,,0.0,0.0,1.0,2000,train_pred_mse,80000,0.00028420092852713655,0.00028498736636418254,7.683407683847856e-05,0.0017341841521337402,1293.7382533475952,70.68491414113231,0.9908,0.0,1.0,500,0,0,4500,864.2758781909943
ok,ptft,8,5000,0.402,2010,0.402,10000,0.001,-0.00099,0.0,0.1,1.0,0.1,1.0,unit_total_var,,0.5,5000000,5000,50000,True,0.0001,,0.0,0.0,1.0,2000,train_pred_mse,70000,0.0002868605075833027,0.00029150024756223984,8.786039501371992e-05,0.002274508244114729,1291.2924940531746,72.171490310162,0.988,0.0,1.0,500,0,0,4500,830.3915011882782
ok,ptft,9,5000,0.402,2010,0.402,10000,0.001,-0.00099,0.0,0.1,1.0,0.1,1.0,unit_total_var,,0.5,5000000,5000,50000,True,0.0001,,0.0,0.0,1.0,2000,train_pred_mse,75000,0.0002561531201585528,0.00025015512971874655,9.446375602652061e-05,0.0025103813771448487,1235.3714273682185,69.01092739850216,0.988,0.0,1.0,500,0,0,4500,841.499365568161
ok,ptft,10,5000,0.451,2255,0.451,10000,0.001,-0.00099,0.0,0.1,1.0,0.1,1.0,unit_total_var,,0.5,5000000,5000,50000,True,0.0001,,0.0,0.0,1.0,2000,train_pred_mse,75000,0.0002064780595259414,0.00021007712373314087,8.640642275059889e-05,0.001907742054395918,1296.0808093945006,72.08130233927919,0.9886,0.0,1.0,500,0,0,4500,920.2968966960907
ok,ptft,11,5000,0.451,2255,0.451,10000,0.001,-0.00099,0.0,0.1,1.0,0.1,1.0,unit_total_var,,0.5,5000000,5000,50000,True,0.0001,,0.0,0.0,1.0,2000,train_pred_mse,70000,0.00019697015537215224,0.00019873032030423844,8.590060830060836e-05,0.001960924199665899,1344.3308053958367,74.60945231493835,0.9858,0.0,1.0,500,0,0,4500,1020.2091715335846
ok,ptft,12,5000,0.451,2255,0.451,10000,0.001,-0.00099,0.0,0.1,1.0,0.1,1.0,unit_total_var,,0.5,5000000,5000,50000,True,0.0001,,0.0,0.0,1.0,2000,train_pred_mse,65000,0.0002207964741388689,0.00021966636020523292,8.945004818176568e-05,0.002524520542306564,1230.8720549714515,68.04356790336668,0.9890000000000001,0.0,1.0,500,0,0,4500,849.09219622612
ok,ptft,13,5000,0.451,2255,0.451,10000,0.001,-0.00099,0.0,0.1,1.0,0.1,1.0,unit_total_var,,0.5,5000000,5000,50000,True,0.0001,,0.0,0.0,1.0,2000,train_pred_mse,75000,0.00021888990478661653,0.00021881805192401093,8.719862255420491e-05,0.0018254399189951297,1314.79778478118,72.1096037855598,0.9902,0.0,1.0,500,0,0,4500,1303.6973588466644
ok,ptft,14,5000,0.451,2255,0.451,10000,0.001,-0.00099,0.0,0.1,1.0,0.1,1.0,unit_total_var,,0.5,5000000,5000,50000,True,0.0001,,0.0,0.0,1.0,2000,train_pred_mse,65000,0.00021117415242339718,0.0002113545197555456,7.841931110339864e-05,0.0020415576600324873,1333.8305060951252,74.15681785086268,0.9878,0.0,1.0,500,0,0,4500,1063.579197883606
ok,ptft,15,5000,0.451,2255,0.451,10000,0.001,-0.00099,0.0,0.1,1.0,0.1,1.0,unit_total_var,,0.5,5000000,5000,50000,True,0.0001,,0.0,0.0,1.0,2000,train_pred_mse,60000,0.00020686868907918133,0.000205705062310362,0.00010073210795975288,0.0034654613037915947,1287.2793627747585,71.50317534460663,0.987,0.0,1.0,500,0,0,4500,768.3239705562593
ok,ptft,16,5000,0.451,2255,0.451,10000,0.001,-0.00099,0.0,0.1,1.0,0.1,1.0,unit_total_var,,0.5,5000000,5000,50000,True,0.0001,,0.0,0.0,1.0,2000,train_pred_mse,75000,0.00019706249949705653,0.00020150030121593803,8.319664857431499e-05,0.0020275775543690307,1218.5729993215868,68.60932408452723,0.9902,0.0,1.0,500,0,0,4500,1169.333645105362
ok,ptft,17,5000,0.451,2255,0.451,10000,0.001,-0.00099,0.0,0.1,1.0,0.1,1.0,unit_total_var,,0.5,5000000,5000,50000,True,0.0001,,0.0,0.0,1.0,2000,train_pred_mse,70000,0.0001920780981271896,0.00018757300801194564,0.00010302088980758232,0.0027530796448830023,1230.9818112889589,68.93319821303298,0.9884,0.0,1.0,500,0,0,4500,1060.8480117321014
ok,ptft,18,5000,0.451,2255,0.451,10000,0.001,-0.00099,0.0,0.1,1.0,0.1,1.0,unit_total_var,,0.5,5000000,5000,50000,True,0.0001,,0.0,0.0,1.0,2000,train_pred_mse,75000,0.0002092121240879916,0.0002160043950906451,7.230805719154005e-05,0.002025726824538277,1229.2467659286874,67.45398299208597,0.9908,0.0,1.0,500,0,0,4500,975.459291934967
ok,ptft,19,5000,0.451,2255,0.451,10000,0.001,-0.00099,0.0,0.1,1.0,0.1,1.0,unit_total_var,,0.5,5000000,5000,50000,True,0.0001,,0.0,0.0,1.0,2000,train_pred_mse,80000,0.00019706869598393016,0.00020052362548850344,8.205120318925725e-05,0.001707834470124407,1241.856782943727,70.05548397505473,0.9868,0.0,1.0,500,0,0,4500,1640.4716732501984
ok,ptft,6,5000,0.451,2255,0.451,10000,0.001,-0.00099,0.0,0.1,1.0,0.1,1.0,unit_total_var,,0.5,5000000,5000,50000,True,0.0001,,0.0,0.0,1.0,2000,train_pred_mse,65000,0.00022899454204017685,0.00022507095182784976,9.239594867328232e-05,0.0029072813082555602,1236.7598555310435,69.87466742694227,0.9898,0.0,1.0,500,0,0,4500,913.4392924308777
ok,ptft,7,5000,0.451,2255,0.451,10000,0.001,-0.00099,0.0,0.1,1.0,0.1,1.0,unit_total_var,,0.5,5000000,5000,50000,True,0.0001,,0.0,0.0,1.0,2000,train_pred_mse,65000,0.00019654393329183897,0.00019716989287375488,0.00010371194250740784,0.0029774898480453,1295.1991524619925,70.80157033681374,0.9898,0.0,1.0,500,0,0,4500,860.3409376144409
ok,ptft,8,5000,0.451,2255,0.451,10000,0.001,-0.00099,0.0,0.1,1.0,0.1,1.0,unit_total_var,,0.5,5000000,5000,50000,True,0.0001,,0.0,0.0,1.0,2000,train_pred_mse,65000,0.00016691219729731842,0.00016810725864317176,0.00010580362843118151,0.00292571080541121,1292.9928919318907,72.32747250801799,0.9876,0.0,1.0,500,0,0,4500,1310.0034868717196
ok,ptft,9,5000,0.451,2255,0.451,10000,0.001,-0.00099,0.0,0.1,1.0,0.1,1.0,unit_total_var,,0.5,5000000,5000,50000,True,0.0001,,0.0,0.0,1.0,2000,train_pred_mse,75000,0.00020266681863298968,0.00020019986248001823,7.783623732689027e-05,0.0019659522416988207,1236.0091436600576,69.10271237131387,0.9890000000000001,0.0,1.0,500,0,0,4500,1405.2299284934998
ok,ptft,10,5000,0.5,2500,0.5,10000,0.001,-0.00099,0.0,0.1,1.0,0.1,1.0,unit_total_var,,0.5,5000000,5000,50000,True,0.0001,,0.0,0.0,1.0,2000,train_pred_mse,60000,0.0001907583768020576,0.0001892755068368738,8.969050746609858e-05,0.0023142393357587577,1296.4196502075154,72.21214753389724,0.9866,0.0,1.0,500,0,0,4500,1127.6000971794126
ok,ptft,11,5000,0.5,2500,0.5,10000,0.001,-0.00099,0.0,0.1,1.0,0.1,1.0,unit_total_var,,0.5,5000000,5000,50000,True,0.0001,,0.0,0.0,1.0,2000,train_pred_mse,55000,0.00018503913287024865,0.00018746253557462813,9.190685143397664e-05,0.002353364676899133,1344.623677468107,74.6776088503403,0.9898,0.0,1.0,500,0,0,4500,1124.5747764110563
ok,ptft,12,5000,0.5,2500,0.5,10000,0.001,-0.00099,0.0,0.1,1.0,0.1,1.0,unit_total_var,,0.5,5000000,5000,50000,True,0.0001,,0.0,0.0,1.0,2000,train_pred_mse,60000,0.00017813277507747075,0.00018066607711043588,0.000107567270624902,0.0031541812691656995,1231.3338062426828,68.14855298278171,0.9884,0.0,1.0,500,0,0,4500,1315.0398659706116
ok,ptft,13,5000,0.5,2500,0.5,10000,0.001,-0.00099,0.0,0.1,1.0,0.1,1.0,unit_total_var,,0.5,5000000,5000,50000,True,0.0001,,0.0,0.0,1.0,2000,train_pred_mse,60000,0.0002012613754286542,0.00020038551416206812,0.00010054190953514129,0.0028059730388091037,1315.6359910456551,72.23630203009455,0.9882,0.0,1.0,500,0,0,4500,1319.9059739112856
ok,ptft,14,5000,0.5,2500,0.5,10000,0.001,-0.00099,0.0,0.1,1.0,0.1,1.0,unit_total_var,,0.5,5000000,5000,50000,True,0.0001,,0.0,0.0,1.0,2000,train_pred_mse,65000,0.00018907472878224317,0.00018951582301876722,9.541347766223532e-05,0.002442364651184868,1333.8088815255574,74.24442187405558,0.9872,0.0,1.0,500,0,0,4500,987.4255321025847
ok,ptft,15,5000,0.5,2500,0.5,10000,0.001,-0.00099,0.0,0.1,1.0,0.1,1.0,unit_total_var,,0.5,5000000,5000,50000,True,0.0001,,0.0,0.0,1.0,2000,train_pred_mse,70000,0.00016537937602538317,0.0001679826212833514,9.589464158309424e-05,0.002151092720647844,1287.8080340113083,71.57777317686823,0.9886,0.0,1.0,500,0,0,4500,998.871605873108
ok,ptft,16,5000,0.5,2500,0.5,10000,0.001,-0.00099,0.0,0.1,1.0,0.1,1.0,unit_total_var,,0.5,5000000,5000,50000,True,0.0001,,0.0,0.0,1.0,2000,train_pred_mse,60000,0.0001826669330020722,0.00018303303357487604,9.961185722792873e-05,0.003033868513457496,1219.0861317213823,68.64834195797046,0.9874,0.0,1.0,500,0,0,4500,1037.402781009674
ok,ptft,17,5000,0.5,2500,0.5,10000,0.001,-0.00099,0.0,0.1,1.0,0.1,1.0,unit_total_var,,0.5,5000000,5000,50000,True,0.0001,,0.0,0.0,1.0,2000,train_pred_mse,65000,0.00015697887085646214,0.00015919593946567514,9.305199268668936e-05,0.0024840206836901327,1231.448525028199,69.04213898534353,0.9898,0.0,1.0,500,0,0,4500,884.3300280570984
ok,ptft,18,5000,0.5,2500,0.5,10000,0.001,-0.00099,0.0,0.1,1.0,0.1,1.0,unit_total_var,,0.5,5000000,5000,50000,True,0.0001,,0.0,0.0,1.0,2000,train_pred_mse,65000,0.00016438739704186092,0.00016688573855928458,0.00011213218949183137,0.0037055036551903826,1229.8051463666964,67.55199910238406,0.9864,0.0,1.0,500,0,0,4500,1016.7073452472687
ok,ptft,19,5000,0.5,2500,0.5,10000,0.001,-0.00099,0.0,0.1,1.0,0.1,1.0,unit_total_var,,0.5,5000000,5000,50000,True,0.0001,,0.0,0.0,1.0,2000,train_pred_mse,70000,0.00017010323542719142,0.0001703813896371797,8.848544128560573e-05,0.002149499000637503,1242.11162306131,70.09581286329355,0.9890000000000001,0.0,1.0,500,0,0,4500,1133.1886923313139
ok,ptft,6,5000,0.5,2500,0.5,10000,0.001,-0.00099,0.0,0.1,1.0,0.1,1.0,unit_total_var,,0.5,5000000,5000,50000,True,0.0001,,0.0,0.0,1.0,2000,train_pred_mse,70000,0.00017391954979213822,0.00017473191922146258,8.415612370243577e-05,0.002117106973358609,1237.531411398013,69.93822824694558,0.9868,0.0,1.0,500,0,0,4500,1013.2292461395264
ok,ptft,7,5000,0.5,2500,0.5,10000,0.001,-0.00099,0.0,0.1,1.0,0.1,1.0,unit_total_var,,0.5,5000000,5000,50000,True,0.0001,,0.0,0.0,1.0,2000,train_pred_mse,60000,0.0001704960726579944,0.00017013370569284188,0.00010560256476187214,0.003004417223270245,1295.7249695917715,70.91533798660484,0.9890000000000001,0.0,1.0,500,0,0,4500,1051.1451408863068
ok,ptft,8,5000,0.5,2500,0.5,10000,0.001,-0.00099,0.0,0.1,1.0,0.1,1.0,unit_total_var,,0.5,5000000,5000,50000,True,0.0001,,0.0,0.0,1.0,2000,train_pred_mse,70000,0.0001727222646360093,0.00017688264628930482,8.662911459456286e-05,0.0022858384416646546,1292.3302399437312,72.38888272523918,0.9884,0.0,1.0,500,0,0,4500,1277.118040561676
ok,ptft,9,5000,0.5,2500,0.5,10000,0.001,-0.00099,0.0,0.1,1.0,0.1,1.0,unit_total_var,,0.5,5000000,5000,50000,True,0.0001,,0.0,0.0,1.0,2000,train_pred_mse,60000,0.00019829645447580425,0.00020006880764193317,8.810477666521343e-05,0.00229498420620686,1236.5590080518057,69.19194938025684,0.9876,0.0,1.0,500,0,0,4500,1357.5341696739195
ok,ptft,10,5000,0.01,50,0.01,10000,0.001,-0.001,0.0,0.1,1.0,0.1,1.0,unit_total_var,,0.5,5000000,5000,50000,True,0.0001,,0.0,0.0,1.0,2000,fixed_point,10000,1.020081089728612,1.0501916829843267,0.0,0.0,0.0,0.0,0.0,0.0,1.0,500,0,0,4500,9.197172164916992
ok,ptft,11,5000,0.01,50,0.01,10000,0.001,-0.001,0.0,0.1,1.0,0.1,1.0,unit_total_var,,0.5,5000000,5000,50000,True,0.0001,,0.0,0.0,1.0,2000,fixed_point,10000,1.1369495201362352,1.1237696347878914,0.0,0.0,0.0,0.0,0.0,0.0,1.0,500,0,0,4500,9.737684488296507
ok,ptft,12,5000,0.01,50,0.01,10000,0.001,-0.001,0.0,0.1,1.0,0.1,1.0,unit_total_var,,0.5,5000000,5000,50000,True,0.0001,,0.0,0.0,1.0,2000,fixed_point,10000,0.933896434978138,0.9359003874242356,0.0,0.0,0.0,0.0,0.0,0.0,1.0,500,0,0,4500,8.714867830276491
ok,ptft,13,5000,0.01,50,0.01,10000,0.001,-0.001,0.0,0.1,1.0,0.1,1.0,unit_total_var,,0.5,5000000,5000,50000,True,0.0001,,0.0,0.0,1.0,2000,fixed_point,10000,1.0622311726236833,1.0505454030808066,0.0,0.0,0.0,0.0,0.0,0.0,1.0,500,0,0,4500,7.917653322219849
ok,ptft,14,5000,0.01,50,0.01,10000,0.001,-0.001,0.0,0.1,1.0,0.1,1.0,unit_total_var,,0.5,5000000,5000,50000,True,0.0001,,0.0,0.0,1.0,2000,fixed_point,10000,1.123484473121999,1.1093430810601974,0.0,0.0,0.0,0.0,0.0,0.0,1.0,500,0,0,4500,7.649795055389403
ok,ptft,15,5000,0.01,50,0.01,10000,0.001,-0.001,0.0,0.1,1.0,0.1,1.0,unit_total_var,,0.5,5000000,5000,50000,True,0.0001,,0.0,0.0,1.0,2000,fixed_point,10000,1.0289261607489637,1.031254881526246,0.0,0.0,0.0,0.0,0.0,0.0,1.0,500,0,0,4500,8.345080375671388
ok,ptft,16,5000,0.01,50,0.01,10000,0.001,-0.001,0.0,0.1,1.0,0.1,1.0,unit_total_var,,0.5,5000000,5000,50000,True,0.0001,,0.0,0.0,1.0,2000,fixed_point,10000,0.9238351112551959,0.9493534504151788,0.0,0.0,0.0,0.0,0.0,0.0,1.0,500,0,0,4500,9.986508607864382
ok,ptft,17,5000,0.01,50,0.01,10000,0.001,-0.001,0.0,0.1,1.0,0.1,1.0,unit_total_var,,0.5,5000000,5000,50000,True,0.0001,,0.0,0.0,1.0,2000,fixed_point,10000,0.9501125378305116,0.9592541978197608,0.0,0.0,0.0,0.0,0.0,0.0,1.0,500,0,0,4500,8.218467473983765
ok,ptft,18,5000,0.01,50,0.01,10000,0.001,-0.001,0.0,0.1,1.0,0.1,1.0,unit_total_var,,0.5,5000000,5000,50000,True,0.0001,,0.0,0.0,1.0,2000,fixed_point,10000,0.933741595738972,0.9196700429912978,0.0,0.0,0.0,0.0,0.0,0.0,1.0,500,0,0,4500,8.22419261932373
ok,ptft,19,5000,0.01,50,0.01,10000,0.001,-0.001,0.0,0.1,1.0,0.1,1.0,unit_total_var,,0.5,5000000,5000,50000,True,0.0001,,0.0,0.0,1.0,2000,fixed_point,10000,1.0056112171167553,0.989546097929397,0.0,0.0,0.0,0.0,0.0,0.0,1.0,500,0,0,4500,8.079793214797974
ok,ptft,6,5000,0.01,50,0.01,10000,0.001,-0.001,0.0,0.1,1.0,0.1,1.0,unit_total_var,,0.5,5000000,5000,50000,True,0.0001,,0.0,0.0,1.0,2000,fixed_point,10000,0.9797798402747441,0.9856963359738818,0.0,0.0,0.0,0.0,0.0,0.0,1.0,500,0,0,4500,8.772376537322996
ok,ptft,7,5000,0.01,50,0.01,10000,0.001,-0.001,0.0,0.1,1.0,0.1,1.0,unit_total_var,,0.5,5000000,5000,50000,True,0.0001,,0.0,0.0,1.0,2000,fixed_point,10000,1.0040273626703284,1.0123668318602148,0.0,0.0,0.0,0.0,0.0,0.0,1.0,500,0,0,4500,9.213483333587646
ok,ptft,8,5000,0.01,50,0.01,10000,0.001,-0.001,0.0,0.1,1.0,0.1,1.0,unit_total_var,,0.5,5000000,5000,50000,True,0.0001,,0.0,0.0,1.0,2000,fixed_point,10000,1.0804931597918452,1.0547493509302177,0.0,0.0,0.0,0.0,0.0,0.0,1.0,500,0,0,4500,7.3652262687683105
ok,ptft,9,5000,0.01,50,0.01,10000,0.001,-0.001,0.0,0.1,1.0,0.1,1.0,unit_total_var,,0.5,5000000,5000,50000,True,0.0001,,0.0,0.0,1.0,2000,fixed_point,10000,0.9676420363881032,0.9638759488337914,0.0,0.0,0.0,0.0,0.0,0.0,1.0,500,0,0,4500,8.827609300613402
ok,ptft,10,5000,0.059,295,0.059000000000000004,10000,0.001,-0.001,0.0,0.1,1.0,0.1,1.0,unit_total_var,,0.5,5000000,5000,50000,True,0.0001,,0.0,0.0,1.0,2000,fixed_point,10000,1.020081089728612,1.0501916829843267,0.0,0.0,0.0,0.0,0.0,0.0,1.0,500,0,0,4500,17.967463970184323
ok,ptft,11,5000,0.059,295,0.059000000000000004,10000,0.001,-0.001,0.0,0.1,1.0,0.1,1.0,unit_total_var,,0.5,5000000,5000,50000,True,0.0001,,0.0,0.0,1.0,2000,fixed_point,10000,1.1369495201362352,1.1237696347878914,0.0,0.0,0.0,0.0,0.0,0.0,1.0,500,0,0,4500,14.353517770767212
ok,ptft,12,5000,0.059,295,0.059000000000000004,10000,0.001,-0.001,0.0,0.1,1.0,0.1,1.0,unit_total_var,,0.5,5000000,5000,50000,True,0.0001,,0.0,0.0,1.0,2000,fixed_point,10000,0.933896434978138,0.9359003874242356,0.0,0.0,0.0,0.0,0.0,0.0,1.0,500,0,0,4500,15.019330024719238
ok,ptft,13,5000,0.059,295,0.059000000000000004,10000,0.001,-0.001,0.0,0.1,1.0,0.1,1.0,unit_total_var,,0.5,5000000,5000,50000,True,0.0001,,0.0,0.0,1.0,2000,fixed_point,10000,1.0622311726236833,1.0505454030808066,0.0,0.0,0.0,0.0,0.0,0.0,1.0,500,0,0,4500,17.655890226364136
ok,ptft,14,5000,0.059,295,0.059000000000000004,10000,0.001,-0.001,0.0,0.1,1.0,0.1,1.0,unit_total_var,,0.5,5000000,5000,50000,True,0.0001,,0.0,0.0,1.0,2000,fixed_point,10000,1.123484473121999,1.1093430810601974,0.0,0.0,0.0,0.0,0.0,0.0,1.0,500,0,0,4500,14.792567491531372
ok,ptft,15,5000,0.059,295,0.059000000000000004,10000,0.001,-0.001,0.0,0.1,1.0,0.1,1.0,unit_total_var,,0.5,5000000,5000,50000,True,0.0001,,0.0,0.0,1.0,2000,fixed_point,10000,1.0289261607489637,1.031254881526246,0.0,0.0,0.0,0.0,0.0,0.0,1.0,500,0,0,4500,19.020267486572266
ok,ptft,16,5000,0.059,295,0.059000000000000004,10000,0.001,-0.001,0.0,0.1,1.0,0.1,1.0,unit_total_var,,0.5,5000000,5000,50000,True,0.0001,,0.0,0.0,1.0,2000,fixed_point,10000,0.9238351112551959,0.9493534504151788,0.0,0.0,0.0,0.0,0.0,0.0,1.0,500,0,0,4500,18.95234489440918
ok,ptft,17,5000,0.059,295,0.059000000000000004,10000,0.001,-0.001,0.0,0.1,1.0,0.1,1.0,unit_total_var,,0.5,5000000,5000,50000,True,0.0001,,0.0,0.0,1.0,2000,fixed_point,10000,0.9501125378305116,0.9592541978197608,0.0,0.0,0.0,0.0,0.0,0.0,1.0,500,0,0,4500,13.2718505859375
ok,ptft,18,5000,0.059,295,0.059000000000000004,10000,0.001,-0.001,0.0,0.1,1.0,0.1,1.0,unit_total_var,,0.5,5000000,5000,50000,True,0.0001,,0.0,0.0,1.0,2000,fixed_point,10000,0.933741595738972,0.9196700429912978,0.0,0.0,0.0,0.0,0.0,0.0,1.0,500,0,0,4500,26.911537647247314
ok,ptft,19,5000,0.059,295,0.059000000000000004,10000,0.001,-0.001,0.0,0.1,1.0,0.1,1.0,unit_total_var,,0.5,5000000,5000,50000,True,0.0001,,0.0,0.0,1.0,2000,fixed_point,10000,1.0056112171167553,0.989546097929397,0.0,0.0,0.0,0.0,0.0,0.0,1.0,500,0,0,4500,16.31103014945984
ok,ptft,6,5000,0.059,295,0.059000000000000004,10000,0.001,-0.001,0.0,0.1,1.0,0.1,1.0,unit_total_var,,0.5,5000000,5000,50000,True,0.0001,,0.0,0.0,1.0,2000,fixed_point,10000,0.9797798402747441,0.9856963359738818,0.0,0.0,0.0,0.0,0.0,0.0,1.0,500,0,0,4500,15.959079027175903
ok,ptft,7,5000,0.059,295,0.059000000000000004,10000,0.001,-0.001,0.0,0.1,1.0,0.1,1.0,unit_total_var,,0.5,5000000,5000,50000,True,0.0001,,0.0,0.0,1.0,2000,fixed_point,10000,1.0040273626703284,1.0123668318602148,0.0,0.0,0.0,0.0,0.0,0.0,1.0,500,0,0,4500,24.670536518096924
ok,ptft,8,5000,0.059,295,0.059000000000000004,10000,0.001,-0.001,0.0,0.1,1.0,0.1,1.0,unit_total_var,,0.5,5000000,5000,50000,True,0.0001,,0.0,0.0,1.0,2000,fixed_point,10000,1.0804931597918452,1.0547493509302177,0.0,0.0,0.0,0.0,0.0,0.0,1.0,500,0,0,4500,16.487434387207028
ok,ptft,9,5000,0.059,295,0.059000000000000004,10000,0.001,-0.001,0.0,0.1,1.0,0.1,1.0,unit_total_var,,0.5,5000000,5000,50000,True,0.0001,,0.0,0.0,1.0,2000,fixed_point,10000,0.9676420363881032,0.9638759488337914,0.0,0.0,0.0,0.0,0.0,0.0,1.0,500,0,0,4500,16.03327441215515
ok,ptft,10,5000,0.10800000000000001,540,0.10800000000000001,10000,0.001,-0.001,0.0,0.1,1.0,0.1,1.0,unit_total_var,,0.5,5000000,5000,50000,True,0.0001,,0.0,0.0,1.0,2000,fixed_point,10000,1.020081089728612,1.0501916829843267,0.0,0.0,0.0,0.0,0.0,0.0,1.0,500,0,0,4500,35.83268737792969
ok,ptft,11,5000,0.10800000000000001,540,0.10800000000000001,10000,0.001,-0.001,0.0,0.1,1.0,0.1,1.0,unit_total_var,,0.5,5000000,5000,50000,True,0.0001,,0.0,0.0,1.0,2000,fixed_point,10000,1.1369495201362352,1.1237696347878914,0.0,0.0,0.0,0.0,0.0,0.0,1.0,500,0,0,4500,24.91222381591797
ok,ptft,12,5000,0.10800000000000001,540,0.10800000000000001,10000,0.001,-0.001,0.0,0.1,1.0,0.1,1.0,unit_total_var,,0.5,5000000,5000,50000,True,0.0001,,0.0,0.0,1.0,2000,fixed_point,10000,0.933896434978138,0.9359003874242356,0.0,0.0,0.0,0.0,0.0,0.0,1.0,500,0,0,4500,22.54376792907715
ok,ptft,13,5000,0.10800000000000001,540,0.10800000000000001,10000,0.001,-0.001,0.0,0.1,1.0,0.1,1.0,unit_total_var,,0.5,5000000,5000,50000,True,0.0001,,0.0,0.0,1.0,2000,fixed_point,10000,1.0622311726236833,1.0505454030808066,0.0,0.0,0.0,0.0,0.0,0.0,1.0,500,0,0,4500,22.858389377593994
ok,ptft,14,5000,0.10800000000000001,540,0.10800000000000001,10000,0.001,-0.001,0.0,0.1,1.0,0.1,1.0,unit_total_var,,0.5,5000000,5000,50000,True,0.0001,,0.0,0.0,1.0,2000,fixed_point,10000,1.123484473121999,1.1093430810601974,0.0,0.0,0.0,0.0,0.0,0.0,1.0,500,0,0,4500,58.9951024055481
ok,ptft,15,5000,0.10800000000000001,540,0.10800000000000001,10000,0.001,-0.001,0.0,0.1,1.0,0.1,1.0,unit_total_var,,0.5,5000000,5000,50000,True,0.0001,,0.0,0.0,1.0,2000,fixed_point,10000,1.0289261607489637,1.031254881526246,0.0,0.0,0.0,0.0,0.0,0.0,1.0,500,0,0,4500,20.06499695777893
ok,ptft,16,5000,0.10800000000000001,540,0.10800000000000001,10000,0.001,-0.001,0.0,0.1,1.0,0.1,1.0,unit_total_var,,0.5,5000000,5000,50000,True,0.0001,,0.0,0.0,1.0,2000,fixed_point,10000,0.9238351112551959,0.9493534504151788,0.0,0.0,0.0,0.0,0.0,0.0,1.0,500,0,0,4500,32.243865728378296
ok,ptft,17,5000,0.10800000000000001,540,0.10800000000000001,10000,0.001,-0.001,0.0,0.1,1.0,0.1,1.0,unit_total_var,,0.5,5000000,5000,50000,True,0.0001,,0.0,0.0,1.0,2000,fixed_point,10000,0.9501125378305116,0.9592541978197608,0.0,0.0,0.0,0.0,0.0,0.0,1.0,500,0,0,4500,24.979638814926147
ok,ptft,18,5000,0.10800000000000001,540,0.10800000000000001,10000,0.001,-0.001,0.0,0.1,1.0,0.1,1.0,unit_total_var,,0.5,5000000,5000,50000,True,0.0001,,0.0,0.0,1.0,2000,fixed_point,10000,0.933741595738972,0.9196700429912978,0.0,0.0,0.0,0.0,0.0,0.0,1.0,500,0,0,4500,56.46852135658264
ok,ptft,19,5000,0.10800000000000001,540,0.10800000000000001,10000,0.001,-0.001,0.0,0.1,1.0,0.1,1.0,unit_total_var,,0.5,5000000,5000,50000,True,0.0001,,0.0,0.0,1.0,2000,fixed_point,10000,1.0056112171167553,0.989546097929397,0.0,0.0,0.0,0.0,0.0,0.0,1.0,500,0,0,4500,57.421299695968635
ok,ptft,6,5000,0.10800000000000001,540,0.10800000000000001,10000,0.001,-0.001,0.0,0.1,1.0,0.1,1.0,unit_total_var,,0.5,5000000,5000,50000,True,0.0001,,0.0,0.0,1.0,2000,fixed_point,10000,0.9797798402747441,0.9856963359738818,0.0,0.0,0.0,0.0,0.0,0.0,1.0,500,0,0,4500,30.775816440582275
ok,ptft,7,5000,0.10800000000000001,540,0.10800000000000001,10000,0.001,-0.001,0.0,0.1,1.0,0.1,1.0,unit_total_var,,0.5,5000000,5000,50000,True,0.0001,,0.0,0.0,1.0,2000,fixed_point,10000,1.0040273626703284,1.0123668318602148,0.0,0.0,0.0,0.0,0.0,0.0,1.0,500,0,0,4500,29.914926767349247
ok,ptft,8,5000,0.10800000000000001,540,0.10800000000000001,10000,0.001,-0.001,0.0,0.1,1.0,0.1,1.0,unit_total_var,,0.5,5000000,5000,50000,True,0.0001,,0.0,0.0,1.0,2000,fixed_point,10000,1.0804931597918452,1.0547493509302177,0.0,0.0,0.0,0.0,0.0,0.0,1.0,500,0,0,4500,19.921811580657963
ok,ptft,9,5000,0.10800000000000001,540,0.10800000000000001,10000,0.001,-0.001,0.0,0.1,1.0,0.1,1.0,unit_total_var,,0.5,5000000,5000,50000,True,0.0001,,0.0,0.0,1.0,2000,fixed_point,10000,0.9676420363881032,0.9638759488337914,0.0,0.0,0.0,0.0,0.0,0.0,1.0,500,0,0,4500,24.93178749084473
ok,ptft,10,5000,0.15700000000000006,785,0.157,10000,0.001,-0.001,0.0,0.1,1.0,0.1,1.0,unit_total_var,,0.5,5000000,5000,50000,True,0.0001,,0.0,0.0,1.0,2000,fixed_point,10000,1.020081089728612,1.0501916829843267,0.0,0.0,0.0,0.0,0.0,0.0,1.0,500,0,0,4500,28.810936450958252
ok,ptft,11,5000,0.15700000000000006,785,0.157,10000,0.001,-0.001,0.0,0.1,1.0,0.1,1.0,unit_total_var,,0.5,5000000,5000,50000,True,0.0001,,0.0,0.0,1.0,2000,fixed_point,10000,1.1369495201362352,1.1237696347878914,0.0,0.0,0.0,0.0,0.0,0.0,1.0,500,0,0,4500,79.77726125717162
ok,ptft,12,5000,0.15700000000000006,785,0.157,10000,0.001,-0.001,0.0,0.1,1.0,0.1,1.0,unit_total_var,,0.5,5000000,5000,50000,True,0.0001,,0.0,0.0,1.0,2000,fixed_point,10000,0.933896434978138,0.9359003874242356,0.0,0.0,0.0,0.0,0.0,0.0,1.0,500,0,0,4500,79.77725863456727
ok,ptft,13,5000,0.15700000000000006,785,0.157,10000,0.001,-0.001,0.0,0.1,1.0,0.1,1.0,unit_total_var,,0.5,5000000,5000,50000,True,0.0001,,0.0,0.0,1.0,2000,fixed_point,10000,1.0622311726236833,1.0505454030808066,0.0,0.0,0.0,0.0,0.0,0.0,1.0,500,0,0,4500,31.066859006881714
ok,ptft,14,5000,0.15700000000000006,785,0.157,10000,0.001,-0.001,0.0,0.1,1.0,0.1,1.0,unit_total_var,,0.5,5000000,5000,50000,True,0.0001,,0.0,0.0,1.0,2000,fixed_point,10000,1.123484473121999,1.1093430810601974,0.0,0.0,0.0,0.0,0.0,0.0,1.0,500,0,0,4500,81.74723362922668
ok,ptft,15,5000,0.15700000000000006,785,0.157,10000,0.001,-0.001,0.0,0.1,1.0,0.1,1.0,unit_total_var,,0.5,5000000,5000,50000,True,0.0001,,0.0,0.0,1.0,2000,fixed_point,10000,1.0289261607489637,1.031254881526246,0.0,0.0,0.0,0.0,0.0,0.0,1.0,500,0,0,4500,29.82104754447937
ok,ptft,16,5000,0.15700000000000006,785,0.157,10000,0.001,-0.001,0.0,0.1,1.0,0.1,1.0,unit_total_var,,0.5,5000000,5000,50000,True,0.0001,,0.0,0.0,1.0,2000,fixed_point,10000,0.9238351112551959,0.9493534504151788,0.0,0.0,0.0,0.0,0.0,0.0,1.0,500,0,0,4500,35.44788408279419
ok,ptft,17,5000,0.15700000000000006,785,0.157,10000,0.001,-0.001,0.0,0.1,1.0,0.1,1.0,unit_total_var,,0.5,5000000,5000,50000,True,0.0001,,0.0,0.0,1.0,2000,fixed_point,10000,0.9501125378305116,0.9592541978197608,0.0,0.0,0.0,0.0,0.0,0.0,1.0,500,0,0,4500,36.05946397781372
ok,ptft,18,5000,0.15700000000000006,785,0.157,10000,0.001,-0.001,0.0,0.1,1.0,0.1,1.0,unit_total_var,,0.5,5000000,5000,50000,True,0.0001,,0.0,0.0,1.0,2000,fixed_point,10000,0.933741595738972,0.9196700429912978,0.0,0.0,0.0,0.0,0.0,0.0,1.0,500,0,0,4500,48.31619739532471
ok,ptft,19,5000,0.15700000000000006,785,0.157,10000,0.001,-0.001,0.0,0.1,1.0,0.1,1.0,unit_total_var,,0.5,5000000,5000,50000,True,0.0001,,0.0,0.0,1.0,2000,fixed_point,10000,1.0056112171167553,0.989546097929397,0.0,0.0,0.0,0.0,0.0,0.0,1.0,500,0,0,4500,41.05197739601135
ok,ptft,6,5000,0.15700000000000006,785,0.157,10000,0.001,-0.001,0.0,0.1,1.0,0.1,1.0,unit_total_var,,0.5,5000000,5000,50000,True,0.0001,,0.0,0.0,1.0,2000,fixed_point,10000,0.9797798402747441,0.9856963359738818,0.0,0.0,0.0,0.0,0.0,0.0,1.0,500,0,0,4500,49.7732048034668
ok,ptft,7,5000,0.15700000000000006,785,0.157,10000,0.001,-0.001,0.0,0.1,1.0,0.1,1.0,unit_total_var,,0.5,5000000,5000,50000,True,0.0001,,0.0,0.0,1.0,2000,fixed_point,10000,1.0040273626703284,1.0123668318602148,0.0,0.0,0.0,0.0,0.0,0.0,1.0,500,0,0,4500,42.20452737808228
ok,ptft,8,5000,0.15700000000000006,785,0.157,10000,0.001,-0.001,0.0,0.1,1.0,0.1,1.0,unit_total_var,,0.5,5000000,5000,50000,True,0.0001,,0.0,0.0,1.0,2000,fixed_point,10000,1.0804931597918452,1.0547493509302177,0.0,0.0,0.0,0.0,0.0,0.0,1.0,500,0,0,4500,41.851578950881965
ok,ptft,9,5000,0.15700000000000006,785,0.157,10000,0.001,-0.001,0.0,0.1,1.0,0.1,1.0,unit_total_var,,0.5,5000000,5000,50000,True,0.0001,,0.0,0.0,1.0,2000,fixed_point,10000,0.9676420363881032,0.9638759488337914,0.0,0.0,0.0,0.0,0.0,0.0,1.0,500,0,0,4500,46.39749002456665
ok,ptft,10,5000,0.206,1030,0.20600000000000002,10000,0.001,-0.001,0.0,0.1,1.0,0.1,1.0,unit_total_var,,0.5,5000000,5000,50000,True,0.0001,,0.0,0.0,1.0,2000,fixed_point,10000,1.020081089728612,1.0501916829843267,0.0,0.0,0.0,0.0,0.0,0.0,1.0,500,0,0,4500,50.51392674446106
ok,ptft,11,5000,0.206,1030,0.20600000000000002,10000,0.001,-0.001,0.0,0.1,1.0,0.1,1.0,unit_total_var,,0.5,5000000,5000,50000,True,0.0001,,0.0,0.0,1.0,2000,fixed_point,10000,1.1369495201362352,1.1237696347878914,0.0,0.0,0.0,0.0,0.0,0.0,1.0,500,0,0,4500,50.4115161895752
ok,ptft,12,5000,0.206,1030,0.20600000000000002,10000,0.001,-0.001,0.0,0.1,1.0,0.1,1.0,unit_total_var,,0.5,5000000,5000,50000,True,0.0001,,0.0,0.0,1.0,2000,fixed_point,10000,0.933896434978138,0.9359003874242356,0.0,0.0,0.0,0.0,0.0,0.0,1.0,500,0,0,4500,61.08054733276367
ok,ptft,13,5000,0.206,1030,0.20600000000000002,10000,0.001,-0.001,0.0,0.1,1.0,0.1,1.0,unit_total_var,,0.5,5000000,5000,50000,True,0.0001,,0.0,0.0,1.0,2000,fixed_point,10000,1.0622311726236833,1.0505454030808066,0.0,0.0,0.0,0.0,0.0,0.0,1.0,500,0,0,4500,52.738252878189094
ok,ptft,14,5000,0.206,1030,0.20600000000000002,10000,0.001,-0.001,0.0,0.1,1.0,0.1,1.0,unit_total_var,,0.5,5000000,5000,50000,True,0.0001,,0.0,0.0,1.0,2000,fixed_point,10000,1.123484473121999,1.1093430810601974,0.0,0.0,0.0,0.0,0.0,0.0,1.0,500,0,0,4500,67.7272880077362
ok,ptft,15,5000,0.206,1030,0.20600000000000002,10000,0.001,-0.001,0.0,0.1,1.0,0.1,1.0,unit_total_var,,0.5,5000000,5000,50000,True,0.0001,,0.0,0.0,1.0,2000,fixed_point,10000,1.0289261607489637,1.031254881526246,0.0,0.0,0.0,0.0,0.0,0.0,1.0,500,0,0,4500,47.405925035476685
ok,ptft,16,5000,0.206,1030,0.20600000000000002,10000,0.001,-0.001,0.0,0.1,1.0,0.1,1.0,unit_total_var,,0.5,5000000,5000,50000,True,0.0001,,0.0,0.0,1.0,2000,fixed_point,10000,0.9238351112551959,0.9493534504151788,0.0,0.0,0.0,0.0,0.0,0.0,1.0,500,0,0,4500,41.56924557685853
ok,ptft,17,5000,0.206,1030,0.20600000000000002,10000,0.001,-0.001,0.0,0.1,1.0,0.1,1.0,unit_total_var,,0.5,5000000,5000,50000,True,0.0001,,0.0,0.0,1.0,2000,fixed_point,10000,0.9501125378305116,0.9592541978197608,0.0,0.0,0.0,0.0,0.0,0.0,1.0,500,0,0,4500,67.08148193359375
ok,ptft,18,5000,0.206,1030,0.20600000000000002,10000,0.001,-0.001,0.0,0.1,1.0,0.1,1.0,unit_total_var,,0.5,5000000,5000,50000,True,0.0001,,0.0,0.0,1.0,2000,fixed_point,10000,0.933741595738972,0.9196700429912978,0.0,0.0,0.0,0.0,0.0,0.0,1.0,500,0,0,4500,69.2696967124939
ok,ptft,19,5000,0.206,1030,0.20600000000000002,10000,0.001,-0.001,0.0,0.1,1.0,0.1,1.0,unit_total_var,,0.5,5000000,5000,50000,True,0.0001,,0.0,0.0,1.0,2000,fixed_point,10000,1.0056112171167553,0.989546097929397,0.0,0.0,0.0,0.0,0.0,0.0,1.0,500,0,0,4500,44.89825105667114
ok,ptft,6,5000,0.206,1030,0.20600000000000002,10000,0.001,-0.001,0.0,0.1,1.0,0.1,1.0,unit_total_var,,0.5,5000000,5000,50000,True,0.0001,,0.0,0.0,1.0,2000,fixed_point,10000,0.9797798402747441,0.9856963359738818,0.0,0.0,0.0,0.0,0.0,0.0,1.0,500,0,0,4500,49.16154766082764
ok,ptft,7,5000,0.206,1030,0.20600000000000002,10000,0.001,-0.001,0.0,0.1,1.0,0.1,1.0,unit_total_var,,0.5,5000000,5000,50000,True,0.0001,,0.0,0.0,1.0,2000,fixed_point,10000,1.0040273626703284,1.0123668318602148,0.0,0.0,0.0,0.0,0.0,0.0,1.0,500,0,0,4500,56.96869111061096
ok,ptft,8,5000,0.206,1030,0.20600000000000002,10000,0.001,-0.001,0.0,0.1,1.0,0.1,1.0,unit_total_var,,0.5,5000000,5000,50000,True,0.0001,,0.0,0.0,1.0,2000,fixed_point,10000,1.0804931597918452,1.0547493509302177,0.0,0.0,0.0,0.0,0.0,0.0,1.0,500,0,0,4500,91.60446667671205
ok,ptft,9,5000,0.206,1030,0.20600000000000002,10000,0.001,-0.001,0.0,0.1,1.0,0.1,1.0,unit_total_var,,0.5,5000000,5000,50000,True,0.0001,,0.0,0.0,1.0,2000,fixed_point,10000,0.9676420363881032,0.9638759488337914,0.0,0.0,0.0,0.0,0.0,0.0,1.0,500,0,0,4500,59.27632331848145
ok,ptft,10,5000,0.255,1275,0.255,10000,0.001,-0.001,0.0,0.1,1.0,0.1,1.0,unit_total_var,,0.5,5000000,5000,50000,True,0.0001,,0.0,0.0,1.0,2000,fixed_point,10000,1.020081089728612,1.0501916829843267,0.0,0.0,0.0,0.0,0.0,0.0,1.0,500,0,0,4500,61.8774642944336
ok,ptft,11,5000,0.255,1275,0.255,10000,0.001,-0.001,0.0,0.1,1.0,0.1,1.0,unit_total_var,,0.5,5000000,5000,50000,True,0.0001,,0.0,0.0,1.0,2000,fixed_point,10000,1.1369495201362352,1.1237696347878914,0.0,0.0,0.0,0.0,0.0,0.0,1.0,500,0,0,4500,64.02125144004822
ok,ptft,12,5000,0.255,1275,0.255,10000,0.001,-0.001,0.0,0.1,1.0,0.1,1.0,unit_total_var,,0.5,5000000,5000,50000,True,0.0001,,0.0,0.0,1.0,2000,fixed_point,10000,0.933896434978138,0.9359003874242356,0.0,0.0,0.0,0.0,0.0,0.0,1.0,500,0,0,4500,70.96849775314331
ok,ptft,13,5000,0.255,1275,0.255,10000,0.001,-0.001,0.0,0.1,1.0,0.1,1.0,unit_total_var,,0.5,5000000,5000,50000,True,0.0001,,0.0,0.0,1.0,2000,fixed_point,10000,1.0622311726236833,1.0505454030808066,0.0,0.0,0.0,0.0,0.0,0.0,1.0,500,0,0,4500,58.95638632774353
ok,ptft,14,5000,0.255,1275,0.255,10000,0.001,-0.001,0.0,0.1,1.0,0.1,1.0,unit_total_var,,0.5,5000000,5000,50000,True,0.0001,,0.0,0.0,1.0,2000,fixed_point,10000,1.123484473121999,1.1093430810601974,0.0,0.0,0.0,0.0,0.0,0.0,1.0,500,0,0,4500,72.11859607696533
ok,ptft,15,5000,0.255,1275,0.255,10000,0.001,-0.001,0.0,0.1,1.0,0.1,1.0,unit_total_var,,0.5,5000000,5000,50000,True,0.0001,,0.0,0.0,1.0,2000,fixed_point,10000,1.0289261607489637,1.031254881526246,0.0,0.0,0.0,0.0,0.0,0.0,1.0,500,0,0,4500,66.69057869911194
ok,ptft,16,5000,0.255,1275,0.255,10000,0.001,-0.001,0.0,0.1,1.0,0.1,1.0,unit_total_var,,0.5,5000000,5000,50000,True,0.0001,,0.0,0.0,1.0,2000,fixed_point,10000,0.9238351112551959,0.9493534504151788,0.0,0.0,0.0,0.0,0.0,0.0,1.0,500,0,0,4500,63.6501088142395
ok,ptft,17,5000,0.255,1275,0.255,10000,0.001,-0.001,0.0,0.1,1.0,0.1,1.0,unit_total_var,,0.5,5000000,5000,50000,True,0.0001,,0.0,0.0,1.0,2000,fixed_point,10000,0.9501125378305116,0.9592541978197608,0.0,0.0,0.0,0.0,0.0,0.0,1.0,500,0,0,4500,62.72531175613403
ok,ptft,18,5000,0.255,1275,0.255,10000,0.001,-0.001,0.0,0.1,1.0,0.1,1.0,unit_total_var,,0.5,5000000,5000,50000,True,0.0001,,0.0,0.0,1.0,2000,fixed_point,10000,0.933741595738972,0.9196700429912978,0.0,0.0,0.0,0.0,0.0,0.0,1.0,500,0,0,4500,90.87783217430115
ok,ptft,19,5000,0.255,1275,0.255,10000,0.001,-0.001,0.0,0.1,1.0,0.1,1.0,unit_total_var,,0.5,5000000,5000,50000,True,0.0001,,0.0,0.0,1.0,2000,fixed_point,10000,1.0056112171167553,0.989546097929397,0.0,0.0,0.0,0.0,0.0,0.0,1.0,500,0,0,4500,89.83094549179077
ok,ptft,6,5000,0.255,1275,0.255,10000,0.001,-0.001,0.0,0.1,1.0,0.1,1.0,unit_total_var,,0.5,5000000,5000,50000,True,0.0001,,0.0,0.0,1.0,2000,fixed_point,10000,0.9797798402747441,0.9856963359738818,0.0,0.0,0.0,0.0,0.0,0.0,1.0,500,0,0,4500,62.97826814651489
ok,ptft,7,5000,0.255,1275,0.255,10000,0.001,-0.001,0.0,0.1,1.0,0.1,1.0,unit_total_var,,0.5,5000000,5000,50000,True,0.0001,,0.0,0.0,1.0,2000,fixed_point,10000,1.0040273626703284,1.0123668318602148,0.0,0.0,0.0,0.0,0.0,0.0,1.0,500,0,0,4500,72.52941155433655
ok,ptft,8,5000,0.255,1275,0.255,10000,0.001,-0.001,0.0,0.1,1.0,0.1,1.0,unit_total_var,,0.5,5000000,5000,50000,True,0.0001,,0.0,0.0,1.0,2000,fixed_point,10000,1.0804931597918452,1.0547493509302177,0.0,0.0,0.0,0.0,0.0,0.0,1.0,500,0,0,4500,73.55819129943849
ok,ptft,9,5000,0.255,1275,0.255,10000,0.001,-0.001,0.0,0.1,1.0,0.1,1.0,unit_total_var,,0.5,5000000,5000,50000,True,0.0001,,0.0,0.0,1.0,2000,fixed_point,10000,0.9676420363881032,0.9638759488337914,0.0,0.0,0.0,0.0,0.0,0.0,1.0,500,0,0,4500,123.32460045814514
ok,ptft,10,5000,0.30400000000000005,1520,0.304,10000,0.001,-0.001,0.0,0.1,1.0,0.1,1.0,unit_total_var,,0.5,5000000,5000,50000,True,0.0001,,0.0,0.0,1.0,2000,fixed_point,10000,1.020081089728612,1.0501916829843267,0.0,0.0,0.0,0.0,0.0,0.0,1.0,500,0,0,4500,91.19750428199768
ok,ptft,11,5000,0.30400000000000005,1520,0.304,10000,0.001,-0.001,0.0,0.1,1.0,0.1,1.0,unit_total_var,,0.5,5000000,5000,50000,True,0.0001,,0.0,0.0,1.0,2000,fixed_point,10000,1.1369495201362352,1.1237696347878914,0.0,0.0,0.0,0.0,0.0,0.0,1.0,500,0,0,4500,71.80945444107057
ok,ptft,12,5000,0.30400000000000005,1520,0.304,10000,0.001,-0.001,0.0,0.1,1.0,0.1,1.0,unit_total_var,,0.5,5000000,5000,50000,True,0.0001,,0.0,0.0,1.0,2000,fixed_point,10000,0.933896434978138,0.9359003874242356,0.0,0.0,0.0,0.0,0.0,0.0,1.0,500,0,0,4500,87.65872263908386
ok,ptft,13,5000,0.30400000000000005,1520,0.304,10000,0.001,-0.001,0.0,0.1,1.0,0.1,1.0,unit_total_var,,0.5,5000000,5000,50000,True,0.0001,,0.0,0.0,1.0,2000,fixed_point,10000,1.0622311726236833,1.0505454030808066,0.0,0.0,0.0,0.0,0.0,0.0,1.0,500,0,0,4500,75.97344589233398
ok,ptft,14,5000,0.30400000000000005,1520,0.304,10000,0.001,-0.001,0.0,0.1,1.0,0.1,1.0,unit_total_var,,0.5,5000000,5000,50000,True,0.0001,,0.0,0.0,1.0,2000,fixed_point,10000,1.123484473121999,1.1093430810601974,0.0,0.0,0.0,0.0,0.0,0.0,1.0,500,0,0,4500,94.36042547225952
ok,ptft,15,5000,0.30400000000000005,1520,0.304,10000,0.001,-0.001,0.0,0.1,1.0,0.1,1.0,unit_total_var,,0.5,5000000,5000,50000,True,0.0001,,0.0,0.0,1.0,2000,fixed_point,10000,1.0289261607489637,1.031254881526246,0.0,0.0,0.0,0.0,0.0,0.0,1.0,500,0,0,4500,83.5643379688263
ok,ptft,16,5000,0.30400000000000005,1520,0.304,10000,0.001,-0.001,0.0,0.1,1.0,0.1,1.0,unit_total_var,,0.5,5000000,5000,50000,True,0.0001,,0.0,0.0,1.0,2000,fixed_point,10000,0.9238351112551959,0.9493534504151788,0.0,0.0,0.0,0.0,0.0,0.0,1.0,500,0,0,4500,84.1600363254547
ok,ptft,17,5000,0.30400000000000005,1520,0.304,10000,0.001,-0.001,0.0,0.1,1.0,0.1,1.0,unit_total_var,,0.5,5000000,5000,50000,True,0.0001,,0.0,0.0,1.0,2000,fixed_point,10000,0.9501125378305116,0.9592541978197608,0.0,0.0,0.0,0.0,0.0,0.0,1.0,500,0,0,4500,92.65919256210329
ok,ptft,18,5000,0.30400000000000005,1520,0.304,10000,0.001,-0.001,0.0,0.1,1.0,0.1,1.0,unit_total_var,,0.5,5000000,5000,50000,True,0.0001,,0.0,0.0,1.0,2000,fixed_point,10000,0.933741595738972,0.9196700429912978,0.0,0.0,0.0,0.0,0.0,0.0,1.0,500,0,0,4500,99.66577386856079
ok,ptft,19,5000,0.30400000000000005,1520,0.304,10000,0.001,-0.001,0.0,0.1,1.0,0.1,1.0,unit_total_var,,0.5,5000000,5000,50000,True,0.0001,,0.0,0.0,1.0,2000,fixed_point,10000,1.0056112171167553,0.989546097929397,0.0,0.0,0.0,0.0,0.0,0.0,1.0,500,0,0,4500,259.9067633152008
ok,ptft,6,5000,0.30400000000000005,1520,0.304,10000,0.001,-0.001,0.0,0.1,1.0,0.1,1.0,unit_total_var,,0.5,5000000,5000,50000,True,0.0001,,0.0,0.0,1.0,2000,fixed_point,10000,0.9797798402747441,0.9856963359738818,0.0,0.0,0.0,0.0,0.0,0.0,1.0,500,0,0,4500,145.9749801158905
ok,ptft,7,5000,0.30400000000000005,1520,0.304,10000,0.001,-0.001,0.0,0.1,1.0,0.1,1.0,unit_total_var,,0.5,5000000,5000,50000,True,0.0001,,0.0,0.0,1.0,2000,fixed_point,10000,1.0040273626703284,1.0123668318602148,0.0,0.0,0.0,0.0,0.0,0.0,1.0,500,0,0,4500,152.4901125431061
ok,ptft,8,5000,0.30400000000000005,1520,0.304,10000,0.001,-0.001,0.0,0.1,1.0,0.1,1.0,unit_total_var,,0.5,5000000,5000,50000,True,0.0001,,0.0,0.0,1.0,2000,fixed_point,10000,1.0804931597918452,1.0547493509302177,0.0,0.0,0.0,0.0,0.0,0.0,1.0,500,0,0,4500,81.17524242401123
ok,ptft,9,5000,0.30400000000000005,1520,0.304,10000,0.001,-0.001,0.0,0.1,1.0,0.1,1.0,unit_total_var,,0.5,5000000,5000,50000,True,0.0001,,0.0,0.0,1.0,2000,fixed_point,10000,0.9676420363881032,0.9638759488337914,0.0,0.0,0.0,0.0,0.0,0.0,1.0,500,0,0,4500,87.08144211769104
ok,ptft,10,5000,0.35300000000000004,1765,0.353,10000,0.001,-0.001,0.0,0.1,1.0,0.1,1.0,unit_total_var,,0.5,5000000,5000,50000,True,0.0001,,0.0,0.0,1.0,2000,fixed_point,10000,1.020081089728612,1.0501916829843267,0.0,0.0,0.0,0.0,0.0,0.0,1.0,500,0,0,4500,153.59331250190738
ok,ptft,11,5000,0.35300000000000004,1765,0.353,10000,0.001,-0.001,0.0,0.1,1.0,0.1,1.0,unit_total_var,,0.5,5000000,5000,50000,True,0.0001,,0.0,0.0,1.0,2000,fixed_point,10000,1.1369495201362352,1.1237696347878914,0.0,0.0,0.0,0.0,0.0,0.0,1.0,500,0,0,4500,94.3773274421692
ok,ptft,12,5000,0.35300000000000004,1765,0.353,10000,0.001,-0.001,0.0,0.1,1.0,0.1,1.0,unit_total_var,,0.5,5000000,5000,50000,True,0.0001,,0.0,0.0,1.0,2000,fixed_point,10000,0.933896434978138,0.9359003874242356,0.0,0.0,0.0,0.0,0.0,0.0,1.0,500,0,0,4500,104.52185249328613
ok,ptft,13,5000,0.35300000000000004,1765,0.353,10000,0.001,-0.001,0.0,0.1,1.0,0.1,1.0,unit_total_var,,0.5,5000000,5000,50000,True,0.0001,,0.0,0.0,1.0,2000,fixed_point,10000,1.0622311726236833,1.0505454030808066,0.0,0.0,0.0,0.0,0.0,0.0,1.0,500,0,0,4500,109.14198303222656
ok,ptft,14,5000,0.35300000000000004,1765,0.353,10000,0.001,-0.001,0.0,0.1,1.0,0.1,1.0,unit_total_var,,0.5,5000000,5000,50000,True,0.0001,,0.0,0.0,1.0,2000,fixed_point,10000,1.123484473121999,1.1093430810601974,0.0,0.0,0.0,0.0,0.0,0.0,1.0,500,0,0,4500,134.39901471138
ok,ptft,15,5000,0.35300000000000004,1765,0.353,10000,0.001,-0.001,0.0,0.1,1.0,0.1,1.0,unit_total_var,,0.5,5000000,5000,50000,True,0.0001,,0.0,0.0,1.0,2000,fixed_point,10000,1.0289261607489637,1.031254881526246,0.0,0.0,0.0,0.0,0.0,0.0,1.0,500,0,0,4500,104.9228618144989
ok,ptft,16,5000,0.35300000000000004,1765,0.353,10000,0.001,-0.001,0.0,0.1,1.0,0.1,1.0,unit_total_var,,0.5,5000000,5000,50000,True,0.0001,,0.0,0.0,1.0,2000,fixed_point,10000,0.9238351112551959,0.9493534504151788,0.0,0.0,0.0,0.0,0.0,0.0,1.0,500,0,0,4500,128.06534790992737
ok,ptft,17,5000,0.35300000000000004,1765,0.353,10000,0.001,-0.001,0.0,0.1,1.0,0.1,1.0,unit_total_var,,0.5,5000000,5000,50000,True,0.0001,,0.0,0.0,1.0,2000,fixed_point,10000,0.9501125378305116,0.9592541978197608,0.0,0.0,0.0,0.0,0.0,0.0,1.0,500,0,0,4500,105.96027112007141
ok,ptft,18,5000,0.35300000000000004,1765,0.353,10000,0.001,-0.001,0.0,0.1,1.0,0.1,1.0,unit_total_var,,0.5,5000000,5000,50000,True,0.0001,,0.0,0.0,1.0,2000,fixed_point,10000,0.933741595738972,0.9196700429912978,0.0,0.0,0.0,0.0,0.0,0.0,1.0,500,0,0,4500,108.18859457969666
ok,ptft,19,5000,0.35300000000000004,1765,0.353,10000,0.001,-0.001,0.0,0.1,1.0,0.1,1.0,unit_total_var,,0.5,5000000,5000,50000,True,0.0001,,0.0,0.0,1.0,2000,fixed_point,10000,1.0056112171167553,0.989546097929397,0.0,0.0,0.0,0.0,0.0,0.0,1.0,500,0,0,4500,151.11326813697815
ok,ptft,6,5000,0.35300000000000004,1765,0.353,10000,0.001,-0.001,0.0,0.1,1.0,0.1,1.0,unit_total_var,,0.5,5000000,5000,50000,True,0.0001,,0.0,0.0,1.0,2000,fixed_point,10000,0.9797798402747441,0.9856963359738818,0.0,0.0,0.0,0.0,0.0,0.0,1.0,500,0,0,4500,162.70758628845215
ok,ptft,7,5000,0.35300000000000004,1765,0.353,10000,0.001,-0.001,0.0,0.1,1.0,0.1,1.0,unit_total_var,,0.5,5000000,5000,50000,True,0.0001,,0.0,0.0,1.0,2000,fixed_point,10000,1.0040273626703284,1.0123668318602148,0.0,0.0,0.0,0.0,0.0,0.0,1.0,500,0,0,4500,115.60841464996338
ok,ptft,8,5000,0.35300000000000004,1765,0.353,10000,0.001,-0.001,0.0,0.1,1.0,0.1,1.0,unit_total_var,,0.5,5000000,5000,50000,True,0.0001,,0.0,0.0,1.0,2000,fixed_point,10000,1.0804931597918452,1.0547493509302177,0.0,0.0,0.0,0.0,0.0,0.0,1.0,500,0,0,4500,176.17448019981384
ok,ptft,9,5000,0.35300000000000004,1765,0.353,10000,0.001,-0.001,0.0,0.1,1.0,0.1,1.0,unit_total_var,,0.5,5000000,5000,50000,True,0.0001,,0.0,0.0,1.0,2000,fixed_point,10000,0.9676420363881032,0.9638759488337914,0.0,0.0,0.0,0.0,0.0,0.0,1.0,500,0,0,4500,87.67981028556824
ok,ptft,10,5000,0.402,2010,0.402,10000,0.001,-0.001,0.0,0.1,1.0,0.1,1.0,unit_total_var,,0.5,5000000,5000,50000,True,0.0001,,0.0,0.0,1.0,2000,fixed_point,10000,1.020081089728612,1.0501916829843267,0.0,0.0,0.0,0.0,0.0,0.0,1.0,500,0,0,4500,170.99962258338928
ok,ptft,11,5000,0.402,2010,0.402,10000,0.001,-0.001,0.0,0.1,1.0,0.1,1.0,unit_total_var,,0.5,5000000,5000,50000,True,0.0001,,0.0,0.0,1.0,2000,fixed_point,10000,1.1369495201362352,1.1237696347878914,0.0,0.0,0.0,0.0,0.0,0.0,1.0,500,0,0,4500,125.36919617652893
ok,ptft,12,5000,0.402,2010,0.402,10000,0.001,-0.001,0.0,0.1,1.0,0.1,1.0,unit_total_var,,0.5,5000000,5000,50000,True,0.0001,,0.0,0.0,1.0,2000,fixed_point,10000,0.933896434978138,0.9359003874242356,0.0,0.0,0.0,0.0,0.0,0.0,1.0,500,0,0,4500,127.70745706558228
ok,ptft,13,5000,0.402,2010,0.402,10000,0.001,-0.001,0.0,0.1,1.0,0.1,1.0,unit_total_var,,0.5,5000000,5000,50000,True,0.0001,,0.0,0.0,1.0,2000,fixed_point,10000,1.0622311726236833,1.0505454030808066,0.0,0.0,0.0,0.0,0.0,0.0,1.0,500,0,0,4500,161.48195886611936
ok,ptft,14,5000,0.402,2010,0.402,10000,0.001,-0.001,0.0,0.1,1.0,0.1,1.0,unit_total_var,,0.5,5000000,5000,50000,True,0.0001,,0.0,0.0,1.0,2000,fixed_point,10000,1.123484473121999,1.1093430810601974,0.0,0.0,0.0,0.0,0.0,0.0,1.0,500,0,0,4500,105.7952721118927
ok,ptft,15,5000,0.402,2010,0.402,10000,0.001,-0.001,0.0,0.1,1.0,0.1,1.0,unit_total_var,,0.5,5000000,5000,50000,True,0.0001,,0.0,0.0,1.0,2000,fixed_point,10000,1.0289261607489637,1.031254881526246,0.0,0.0,0.0,0.0,0.0,0.0,1.0,500,0,0,4500,145.67085552215573
ok,ptft,16,5000,0.402,2010,0.402,10000,0.001,-0.001,0.0,0.1,1.0,0.1,1.0,unit_total_var,,0.5,5000000,5000,50000,True,0.0001,,0.0,0.0,1.0,2000,fixed_point,10000,0.9238351112551959,0.9493534504151788,0.0,0.0,0.0,0.0,0.0,0.0,1.0,500,0,0,4500,113.21591663360596
ok,ptft,17,5000,0.402,2010,0.402,10000,0.001,-0.001,0.0,0.1,1.0,0.1,1.0,unit_total_var,,0.5,5000000,5000,50000,True,0.0001,,0.0,0.0,1.0,2000,fixed_point,10000,0.9501125378305116,0.9592541978197608,0.0,0.0,0.0,0.0,0.0,0.0,1.0,500,0,0,4500,166.99587678909305
ok,ptft,18,5000,0.402,2010,0.402,10000,0.001,-0.001,0.0,0.1,1.0,0.1,1.0,unit_total_var,,0.5,5000000,5000,50000,True,0.0001,,0.0,0.0,1.0,2000,fixed_point,10000,0.933741595738972,0.9196700429912978,0.0,0.0,0.0,0.0,0.0,0.0,1.0,500,0,0,4500,118.57730412483215
ok,ptft,19,5000,0.402,2010,0.402,10000,0.001,-0.001,0.0,0.1,1.0,0.1,1.0,unit_total_var,,0.5,5000000,5000,50000,True,0.0001,,0.0,0.0,1.0,2000,fixed_point,10000,1.0056112171167553,0.989546097929397,0.0,0.0,0.0,0.0,0.0,0.0,1.0,500,0,0,4500,114.785089969635
ok,ptft,6,5000,0.402,2010,0.402,10000,0.001,-0.001,0.0,0.1,1.0,0.1,1.0,unit_total_var,,0.5,5000000,5000,50000,True,0.0001,,0.0,0.0,1.0,2000,fixed_point,10000,0.9797798402747441,0.9856963359738818,0.0,0.0,0.0,0.0,0.0,0.0,1.0,500,0,0,4500,137.91238069534302
ok,ptft,7,5000,0.402,2010,0.402,10000,0.001,-0.001,0.0,0.1,1.0,0.1,1.0,unit_total_var,,0.5,5000000,5000,50000,True,0.0001,,0.0,0.0,1.0,2000,fixed_point,10000,1.0040273626703284,1.0123668318602148,0.0,0.0,0.0,0.0,0.0,0.0,1.0,500,0,0,4500,149.11194825172424
ok,ptft,8,5000,0.402,2010,0.402,10000,0.001,-0.001,0.0,0.1,1.0,0.1,1.0,unit_total_var,,0.5,5000000,5000,50000,True,0.0001,,0.0,0.0,1.0,2000,fixed_point,10000,1.0804931597918452,1.0547493509302177,0.0,0.0,0.0,0.0,0.0,0.0,1.0,500,0,0,4500,126.27678561210631
ok,ptft,9,5000,0.402,2010,0.402,10000,0.001,-0.001,0.0,0.1,1.0,0.1,1.0,unit_total_var,,0.5,5000000,5000,50000,True,0.0001,,0.0,0.0,1.0,2000,fixed_point,10000,0.9676420363881032,0.9638759488337914,0.0,0.0,0.0,0.0,0.0,0.0,1.0,500,0,0,4500,132.62071228027344
ok,ptft,10,5000,0.451,2255,0.451,10000,0.001,-0.001,0.0,0.1,1.0,0.1,1.0,unit_total_var,,0.5,5000000,5000,50000,True,0.0001,,0.0,0.0,1.0,2000,fixed_point,10000,1.020081089728612,1.0501916829843267,0.0,0.0,0.0,0.0,0.0,0.0,1.0,500,0,0,4500,165.8319938182831
ok,ptft,11,5000,0.451,2255,0.451,10000,0.001,-0.001,0.0,0.1,1.0,0.1,1.0,unit_total_var,,0.5,5000000,5000,50000,True,0.0001,,0.0,0.0,1.0,2000,fixed_point,10000,1.1369495201362352,1.1237696347878914,0.0,0.0,0.0,0.0,0.0,0.0,1.0,500,0,0,4500,162.640873670578
ok,ptft,12,5000,0.451,2255,0.451,10000,0.001,-0.001,0.0,0.1,1.0,0.1,1.0,unit_total_var,,0.5,5000000,5000,50000,True,0.0001,,0.0,0.0,1.0,2000,fixed_point,10000,0.933896434978138,0.9359003874242356,0.0,0.0,0.0,0.0,0.0,0.0,1.0,500,0,0,4500,170.04274034500122
ok,ptft,13,5000,0.451,2255,0.451,10000,0.001,-0.001,0.0,0.1,1.0,0.1,1.0,unit_total_var,,0.5,5000000,5000,50000,True,0.0001,,0.0,0.0,1.0,2000,fixed_point,10000,1.0622311726236833,1.0505454030808066,0.0,0.0,0.0,0.0,0.0,0.0,1.0,500,0,0,4500,134.5942735671997
ok,ptft,14,5000,0.451,2255,0.451,10000,0.001,-0.001,0.0,0.1,1.0,0.1,1.0,unit_total_var,,0.5,5000000,5000,50000,True,0.0001,,0.0,0.0,1.0,2000,fixed_point,10000,1.123484473121999,1.1093430810601974,0.0,0.0,0.0,0.0,0.0,0.0,1.0,500,0,0,4500,138.27046394348145
ok,ptft,15,5000,0.451,2255,0.451,10000,0.001,-0.001,0.0,0.1,1.0,0.1,1.0,unit_total_var,,0.5,5000000,5000,50000,True,0.0001,,0.0,0.0,1.0,2000,fixed_point,10000,1.0289261607489637,1.031254881526246,0.0,0.0,0.0,0.0,0.0,0.0,1.0,500,0,0,4500,144.50862884521484
ok,ptft,16,5000,0.451,2255,0.451,10000,0.001,-0.001,0.0,0.1,1.0,0.1,1.0,unit_total_var,,0.5,5000000,5000,50000,True,0.0001,,0.0,0.0,1.0,2000,fixed_point,10000,0.9238351112551959,0.9493534504151788,0.0,0.0,0.0,0.0,0.0,0.0,1.0,500,0,0,4500,146.95574760437012
ok,ptft,17,5000,0.451,2255,0.451,10000,0.001,-0.001,0.0,0.1,1.0,0.1,1.0,unit_total_var,,0.5,5000000,5000,50000,True,0.0001,,0.0,0.0,1.0,2000,fixed_point,10000,0.9501125378305116,0.9592541978197608,0.0,0.0,0.0,0.0,0.0,0.0,1.0,500,0,0,4500,145.7444396018982
ok,ptft,18,5000,0.451,2255,0.451,10000,0.001,-0.001,0.0,0.1,1.0,0.1,1.0,unit_total_var,,0.5,5000000,5000,50000,True,0.0001,,0.0,0.0,1.0,2000,fixed_point,10000,0.933741595738972,0.9196700429912978,0.0,0.0,0.0,0.0,0.0,0.0,1.0,500,0,0,4500,140.32227540016174
ok,ptft,19,5000,0.451,2255,0.451,10000,0.001,-0.001,0.0,0.1,1.0,0.1,1.0,unit_total_var,,0.5,5000000,5000,50000,True,0.0001,,0.0,0.0,1.0,2000,fixed_point,10000,1.0056112171167553,0.989546097929397,0.0,0.0,0.0,0.0,0.0,0.0,1.0,500,0,0,4500,126.8589391708374
ok,ptft,6,5000,0.451,2255,0.451,10000,0.001,-0.001,0.0,0.1,1.0,0.1,1.0,unit_total_var,,0.5,5000000,5000,50000,True,0.0001,,0.0,0.0,1.0,2000,fixed_point,10000,0.9797798402747441,0.9856963359738818,0.0,0.0,0.0,0.0,0.0,0.0,1.0,500,0,0,4500,206.3731954097748
ok,ptft,7,5000,0.451,2255,0.451,10000,0.001,-0.001,0.0,0.1,1.0,0.1,1.0,unit_total_var,,0.5,5000000,5000,50000,True,0.0001,,0.0,0.0,1.0,2000,fixed_point,10000,1.0040273626703284,1.0123668318602148,0.0,0.0,0.0,0.0,0.0,0.0,1.0,500,0,0,4500,161.696754693985
ok,ptft,8,5000,0.451,2255,0.451,10000,0.001,-0.001,0.0,0.1,1.0,0.1,1.0,unit_total_var,,0.5,5000000,5000,50000,True,0.0001,,0.0,0.0,1.0,2000,fixed_point,10000,1.0804931597918452,1.0547493509302177,0.0,0.0,0.0,0.0,0.0,0.0,1.0,500,0,0,4500,138.42917346954346
ok,ptft,9,5000,0.451,2255,0.451,10000,0.001,-0.001,0.0,0.1,1.0,0.1,1.0,unit_total_var,,0.5,5000000,5000,50000,True,0.0001,,0.0,0.0,1.0,2000,fixed_point,10000,0.9676420363881032,0.9638759488337914,0.0,0.0,0.0,0.0,0.0,0.0,1.0,500,0,0,4500,132.9792127609253
ok,ptft,10,5000,0.5,2500,0.5,10000,0.001,-0.001,0.0,0.1,1.0,0.1,1.0,unit_total_var,,0.5,5000000,5000,50000,True,0.0001,,0.0,0.0,1.0,2000,fixed_point,10000,1.020081089728612,1.0501916829843267,0.0,0.0,0.0,0.0,0.0,0.0,1.0,500,0,0,4500,166.89539623260495
ok,ptft,11,5000,0.5,2500,0.5,10000,0.001,-0.001,0.0,0.1,1.0,0.1,1.0,unit_total_var,,0.5,5000000,5000,50000,True,0.0001,,0.0,0.0,1.0,2000,fixed_point,10000,1.1369495201362352,1.1237696347878914,0.0,0.0,0.0,0.0,0.0,0.0,1.0,500,0,0,4500,172.58989238739014
ok,ptft,12,5000,0.5,2500,0.5,10000,0.001,-0.001,0.0,0.1,1.0,0.1,1.0,unit_total_var,,0.5,5000000,5000,50000,True,0.0001,,0.0,0.0,1.0,2000,fixed_point,10000,0.933896434978138,0.9359003874242356,0.0,0.0,0.0,0.0,0.0,0.0,1.0,500,0,0,4500,300.38748216629034
ok,ptft,13,5000,0.5,2500,0.5,10000,0.001,-0.001,0.0,0.1,1.0,0.1,1.0,unit_total_var,,0.5,5000000,5000,50000,True,0.0001,,0.0,0.0,1.0,2000,fixed_point,10000,1.0622311726236833,1.0505454030808066,0.0,0.0,0.0,0.0,0.0,0.0,1.0,500,0,0,4500,184.5784990787506
ok,ptft,14,5000,0.5,2500,0.5,10000,0.001,-0.001,0.0,0.1,1.0,0.1,1.0,unit_total_var,,0.5,5000000,5000,50000,True,0.0001,,0.0,0.0,1.0,2000,fixed_point,10000,1.123484473121999,1.1093430810601974,0.0,0.0,0.0,0.0,0.0,0.0,1.0,500,0,0,4500,147.3843288421631
ok,ptft,15,5000,0.5,2500,0.5,10000,0.001,-0.001,0.0,0.1,1.0,0.1,1.0,unit_total_var,,0.5,5000000,5000,50000,True,0.0001,,0.0,0.0,1.0,2000,fixed_point,10000,1.0289261607489637,1.031254881526246,0.0,0.0,0.0,0.0,0.0,0.0,1.0,500,0,0,4500,178.04612493515015
ok,ptft,16,5000,0.5,2500,0.5,10000,0.001,-0.001,0.0,0.1,1.0,0.1,1.0,unit_total_var,,0.5,5000000,5000,50000,True,0.0001,,0.0,0.0,1.0,2000,fixed_point,10000,0.9238351112551959,0.9493534504151788,0.0,0.0,0.0,0.0,0.0,0.0,1.0,500,0,0,4500,229.056743144989
ok,ptft,17,5000,0.5,2500,0.5,10000,0.001,-0.001,0.0,0.1,1.0,0.1,1.0,unit_total_var,,0.5,5000000,5000,50000,True,0.0001,,0.0,0.0,1.0,2000,fixed_point,10000,0.9501125378305116,0.9592541978197608,0.0,0.0,0.0,0.0,0.0,0.0,1.0,500,0,0,4500,156.82537460327146
ok,ptft,18,5000,0.5,2500,0.5,10000,0.001,-0.001,0.0,0.1,1.0,0.1,1.0,unit_total_var,,0.5,5000000,5000,50000,True,0.0001,,0.0,0.0,1.0,2000,fixed_point,10000,0.933741595738972,0.9196700429912978,0.0,0.0,0.0,0.0,0.0,0.0,1.0,500,0,0,4500,171.5869653224945
ok,ptft,19,5000,0.5,2500,0.5,10000,0.001,-0.001,0.0,0.1,1.0,0.1,1.0,unit_total_var,,0.5,5000000,5000,50000,True,0.0001,,0.0,0.0,1.0,2000,fixed_point,10000,1.0056112171167553,0.989546097929397,0.0,0.0,0.0,0.0,0.0,0.0,1.0,500,0,0,4500,135.47948050498962
ok,ptft,6,5000,0.5,2500,0.5,10000,0.001,-0.001,0.0,0.1,1.0,0.1,1.0,unit_total_var,,0.5,5000000,5000,50000,True,0.0001,,0.0,0.0,1.0,2000,fixed_point,10000,0.9797798402747441,0.9856963359738818,0.0,0.0,0.0,0.0,0.0,0.0,1.0,500,0,0,4500,154.27598810195926
ok,ptft,7,5000,0.5,2500,0.5,10000,0.001,-0.001,0.0,0.1,1.0,0.1,1.0,unit_total_var,,0.5,5000000,5000,50000,True,0.0001,,0.0,0.0,1.0,2000,fixed_point,10000,1.0040273626703284,1.0123668318602148,0.0,0.0,0.0,0.0,0.0,0.0,1.0,500,0,0,4500,172.87243700027466
ok,ptft,8,5000,0.5,2500,0.5,10000,0.001,-0.001,0.0,0.1,1.0,0.1,1.0,unit_total_var,,0.5,5000000,5000,50000,True,0.0001,,0.0,0.0,1.0,2000,fixed_point,10000,1.0804931597918452,1.0547493509302177,0.0,0.0,0.0,0.0,0.0,0.0,1.0,500,0,0,4500,192.4870412349701
ok,ptft,9,5000,0.5,2500,0.5,10000,0.001,-0.001,0.0,0.1,1.0,0.1,1.0,unit_total_var,,0.5,5000000,5000,50000,True,0.0001,,0.0,0.0,1.0,2000,fixed_point,10000,0.9676420363881032,0.9638759488337914,0.0,0.0,0.0,0.0,0.0,0.0,1.0,500,0,0,4500,151.3882586956024
ok,ptft,10,5000,0.01,50,0.01,10000,0.001,0.00099,0.0,0.1,1.0,0.1,1.0,unit_total_var,,0.5,5000000,5000,50000,True,0.0001,,0.0,0.0,1.0,2000,train_pred_mse,5000,0.9215293156961791,0.9440330974434332,3.9044870869174516e-12,113.2993688319498,403.20074564311903,23.085283022809524,0.9996,0.0,1.0,500,0,0,4500,5.6599414348602295
ok,ptft,11,5000,0.01,50,0.01,10000,0.001,0.00099,0.0,0.1,1.0,0.1,1.0,unit_total_var,,0.5,5000000,5000,50000,True,0.0001,,0.0,0.0,1.0,2000,train_pred_mse,5000,1.0096627287111124,1.0036667119036755,1.835592663026252e-12,115.41873641961205,412.91423645204986,23.72106615529639,0.9994,0.0,1.0,500,0,0,4500,4.455729722976685
ok,ptft,12,5000,0.01,50,0.01,10000,0.001,0.00099,0.0,0.1,1.0,0.1,1.0,unit_total_var,,0.5,5000000,5000,50000,True,0.0001,,0.0,0.0,1.0,2000,train_pred_mse,5000,0.8463739388922961,0.8480499016329531,8.815390195358377e-13,117.4599496446522,356.975306235553,20.403219349561386,0.9994,0.0,1.0,500,0,0,4500,5.5994837284088135
ok,ptft,13,5000,0.01,50,0.01,10000,0.001,0.00099,0.0,0.1,1.0,0.1,1.0,unit_total_var,,0.5,5000000,5000,50000,True,0.0001,,0.0,0.0,1.0,2000,train_pred_mse,5000,0.9305720001507336,0.9163917745681416,2.5765219442766653e-13,106.8938070529365,454.18975063427115,25.66896874947601,0.9992,0.0,1.0,500,0,0,4500,6.15094518661499
ok,ptft,14,5000,0.01,50,0.01,10000,0.001,0.00099,0.0,0.1,1.0,0.1,1.0,unit_total_var,,0.5,5000000,5000,50000,True,0.0001,,0.0,0.0,1.0,2000,train_pred_mse,5000,1.0102397988325222,0.9996270370178408,9.140327099312191e-13,120.7711526748653,400.9048800585347,22.99122114516149,0.9998,0.0,1.0,500,0,0,4500,6.162070274353027
ok,ptft,15,5000,0.01,50,0.01,10000,0.001,0.00099,0.0,0.1,1.0,0.1,1.0,unit_total_var,,0.5,5000000,5000,50000,True,0.0001,,0.0,0.0,1.0,2000,train_pred_mse,5000,0.9273558951024242,0.9260771048410512,1.1177603308802548e-12,103.82218836618496,404.83281433292177,22.43289729452087,1.0,0.0,1.0,500,0,0,4500,6.68161678314209
ok,ptft,16,5000,0.01,50,0.01,10000,0.001,0.00099,0.0,0.1,1.0,0.1,1.0,unit_total_var,,0.5,5000000,5000,50000,True,0.0001,,0.0,0.0,1.0,2000,train_pred_mse,5000,0.7823489232270578,0.7985791286701284,8.951945807294549e-13,120.27471390134156,485.62292396935584,26.961026060305052,0.9994,0.0,1.0,500,0,0,4500,5.1099493503570566
ok,ptft,17,5000,0.01,50,0.01,10000,0.001,0.00099,0.0,0.1,1.0,0.1,1.0,unit_total_var,,0.5,5000000,5000,50000,True,0.0001,,0.0,0.0,1.0,2000,train_pred_mse,5000,0.8430601492049214,0.8577757801495288,7.998331710694838e-12,111.75605966408227,382.6527382351554,22.1250232906726,0.9994,0.0,1.0,500,0,0,4500,5.033893823623657
ok,ptft,18,5000,0.01,50,0.01,10000,0.001,0.00099,0.0,0.1,1.0,0.1,1.0,unit_total_var,,0.5,5000000,5000,50000,True,0.0001,,0.0,0.0,1.0,2000,train_pred_mse,5000,0.8197498069528439,0.8058846285873805,1.5737888012325979e-12,116.90199776421056,417.7320755275374,23.76614858703627,1.0,0.0,1.0,500,0,0,4500,5.186914920806885
ok,ptft,19,5000,0.01,50,0.01,10000,0.001,0.00099,0.0,0.1,1.0,0.1,1.0,unit_total_var,,0.5,5000000,5000,50000,True,0.0001,,0.0,0.0,1.0,2000,train_pred_mse,5000,0.9193480852635674,0.9025430179785064,8.774484172913768e-12,101.65338708871587,369.78543386477196,20.786210241153537,0.9994,0.0,1.0,500,0,0,4500,5.263468265533447
ok,ptft,6,5000,0.01,50,0.01,10000,0.001,0.00099,0.0,0.1,1.0,0.1,1.0,unit_total_var,,0.5,5000000,5000,50000,True,0.0001,,0.0,0.0,1.0,2000,train_pred_mse,5000,0.8714731340852777,0.8724615410291914,4.607546011955593e-11,132.45160235916148,412.17827391932184,23.448062820788824,1.0,0.0,1.0,500,0,0,4500,4.895212650299072
ok,ptft,7,5000,0.01,50,0.01,10000,0.001,0.00099,0.0,0.1,1.0,0.1,1.0,unit_total_var,,0.5,5000000,5000,50000,True,0.0001,,0.0,0.0,1.0,2000,train_pred_mse,5000,0.8690478459890335,0.8770143031481646,1.4242568006001636e-12,123.46004557529564,452.6807406866932,26.452927779609485,0.9998,0.0,1.0,500,0,0,4500,5.041636943817139
ok,ptft,8,5000,0.01,50,0.01,10000,0.001,0.00099,0.0,0.1,1.0,0.1,1.0,unit_total_var,,0.5,5000000,5000,50000,True,0.0001,,0.0,0.0,1.0,2000,train_pred_mse,5000,0.9733274621771963,0.9517514327898148,3.5978337532015736e-13,112.57945199495413,388.5115103591169,22.709128023860377,0.9988,0.0,1.0,500,0,0,4500,5.894400835037232
ok,ptft,9,5000,0.01,50,0.01,10000,0.001,0.00099,0.0,0.1,1.0,0.1,1.0,unit_total_var,,0.5,5000000,5000,50000,True,0.0001,,0.0,0.0,1.0,2000,train_pred_mse,5000,0.9060306818819164,0.8976529217256404,3.1165274561889645e-12,123.83051661865696,314.02667860430665,17.930719593159218,0.9994,0.0,1.0,500,0,0,4500,5.521261215209961
ok,ptft,10,5000,0.059,295,0.059000000000000004,10000,0.001,0.00099,0.0,0.1,1.0,0.1,1.0,unit_total_var,,0.5,5000000,5000,50000,True,0.0001,,0.0,0.0,1.0,2000,train_pred_mse,10000,0.4101952326046608,0.4132455621310642,0.00026514956470192834,0.0606106838588465,956.3118639290093,53.468202219043995,0.9998,0.0,1.0,500,0,0,4500,18.268287420272827
ok,ptft,11,5000,0.059,295,0.059000000000000004,10000,0.001,0.00099,0.0,0.1,1.0,0.1,1.0,unit_total_var,,0.5,5000000,5000,50000,True,0.0001,,0.0,0.0,1.0,2000,train_pred_mse,15000,0.4869750175195081,0.4847974087293242,0.00010186009089770361,0.017576040434409114,962.6203847209174,53.77566871758561,1.0,0.0,1.0,500,0,0,4500,24.95453810691833
ok,ptft,12,5000,0.059,295,0.059000000000000004,10000,0.001,0.00099,0.0,0.1,1.0,0.1,1.0,unit_total_var,,0.5,5000000,5000,50000,True,0.0001,,0.0,0.0,1.0,2000,train_pred_mse,10000,0.4509092119954503,0.4543102042408322,0.0002875948195321258,0.06482055528495259,840.2879985701776,47.32023993872453,0.9994,0.0,1.0,500,0,0,4500,17.455667972564694
ok,ptft,13,5000,0.059,295,0.059000000000000004,10000,0.001,0.00099,0.0,0.1,1.0,0.1,1.0,unit_total_var,,0.5,5000000,5000,50000,True,0.0001,,0.0,0.0,1.0,2000,train_pred_mse,10000,0.5037840062404636,0.5109529468571025,0.0002608943413083121,0.05912460642069594,897.3595905372223,49.8777905764458,1.0,0.0,1.0,500,0,0,4500,17.22845149040222
ok,ptft,14,5000,0.059,295,0.059000000000000004,10000,0.001,0.00099,0.0,0.1,1.0,0.1,1.0,unit_total_var,,0.5,5000000,5000,50000,True,0.0001,,0.0,0.0,1.0,2000,train_pred_mse,15000,0.4409757235412716,0.4402287141064096,0.000102884402308461,0.016955940735904763,973.5029149597907,54.13738772989359,0.9998,0.0,1.0,500,0,0,4500,21.242316246032715
ok,ptft,15,5000,0.059,295,0.059000000000000004,10000,0.001,0.00099,0.0,0.1,1.0,0.1,1.0,unit_total_var,,0.5,5000000,5000,50000,True,0.0001,,0.0,0.0,1.0,2000,train_pred_mse,10000,0.4775138300120265,0.4776075873485306,0.0002502676694630773,0.05800903187034275,909.9780340032603,50.21125746459234,1.0,0.0,1.0,500,0,0,4500,13.733745336532593
ok,ptft,16,5000,0.059,295,0.059000000000000004,10000,0.001,0.00099,0.0,0.1,1.0,0.1,1.0,unit_total_var,,0.5,5000000,5000,50000,True,0.0001,,0.0,0.0,1.0,2000,train_pred_mse,10000,0.3744033461062446,0.3746766227974745,0.00026445810220353407,0.061494969053323176,900.7724009956763,51.071550991097205,1.0,0.0,1.0,500,0,0,4500,15.38917112350464
ok,ptft,17,5000,0.059,295,0.059000000000000004,10000,0.001,0.00099,0.0,0.1,1.0,0.1,1.0,unit_total_var,,0.5,5000000,5000,50000,True,0.0001,,0.0,0.0,1.0,2000,train_pred_mse,10000,0.3719723483524233,0.3740009258819615,0.00028954746415824236,0.06250206602346466,914.99520798485,51.39438445623574,1.0,0.0,1.0,500,0,0,4500,14.838401079177856
ok,ptft,18,5000,0.059,295,0.059000000000000004,10000,0.001,0.00099,0.0,0.1,1.0,0.1,1.0,unit_total_var,,0.5,5000000,5000,50000,True,0.0001,,0.0,0.0,1.0,2000,train_pred_mse,10000,0.3857224880462553,0.3816141080045832,0.0003009623776652961,0.06665235383866976,890.6643320520611,49.369996691476224,1.0,0.0,1.0,500,0,0,4500,19.01631307601929
ok,ptft,19,5000,0.059,295,0.059000000000000004,10000,0.001,0.00099,0.0,0.1,1.0,0.1,1.0,unit_total_var,,0.5,5000000,5000,50000,True,0.0001,,0.0,0.0,1.0,2000,train_pred_mse,10000,0.4075702200243603,0.4085874365839172,0.00028625795358717124,0.06182121984077115,915.3935056760536,51.92167609489593,0.9998,0.0,1.0,500,0,0,4500,14.907050609588625
ok,ptft,6,5000,0.059,295,0.059000000000000004,10000,0.001,0.00099,0.0,0.1,1.0,0.1,1.0,unit_total_var,,0.5,5000000,5000,50000,True,0.0001,,0.0,0.0,1.0,2000,train_pred_mse,15000,0.4521976972456322,0.4634953461285421,0.00010170814065925285,0.018903546287641126,881.9837520965673,48.54734644811872,0.9998,0.0,1.0,500,0,0,4500,24.0946626663208
ok,ptft,7,5000,0.059,295,0.059000000000000004,10000,0.001,0.00099,0.0,0.1,1.0,0.1,1.0,unit_total_var,,0.5,5000000,5000,50000,True,0.0001,,0.0,0.0,1.0,2000,train_pred_mse,10000,0.4607603487573999,0.4587167542799789,0.0002945852748035605,0.06320419832807236,901.8694908616196,50.01255097773584,1.0,0.0,1.0,500,0,0,4500,13.956776857376099
ok,ptft,8,5000,0.059,295,0.059000000000000004,10000,0.001,0.00099,0.0,0.1,1.0,0.1,1.0,unit_total_var,,0.5,5000000,5000,50000,True,0.0001,,0.0,0.0,1.0,2000,train_pred_mse,10000,0.4662868896400407,0.4613022562479113,0.00030268134845687627,0.06278794332967055,926.8913995914028,52.205393071495024,0.9998,0.0,1.0,500,0,0,4500,14.505702495574953
ok,ptft,9,5000,0.059,295,0.059000000000000004,10000,0.001,0.00099,0.0,0.1,1.0,0.1,1.0,unit_total_var,,0.5,5000000,5000,50000,True,0.0001,,0.0,0.0,1.0,2000,train_pred_mse,15000,0.3975107450143299,0.3949152568023888,0.00010337348323116548,0.019007655776534783,899.9225380019648,50.38722283375542,1.0,0.0,1.0,500,0,0,4500,20.924594163894653
ok,ptft,10,5000,0.10800000000000001,540,0.10800000000000001,10000,0.001,0.00099,0.0,0.1,1.0,0.1,1.0,unit_total_var,,0.5,5000000,5000,50000,True,0.0001,,0.0,0.0,1.0,2000,train_pred_mse,25000,0.06689297752922065,0.06666777870250475,0.0001313221725429423,0.009652801688662735,1177.013906734612,63.6870341754771,0.9994,0.0,1.0,500,0,0,4500,59.10975003242493
ok,ptft,11,5000,0.10800000000000001,540,0.10800000000000001,10000,0.001,0.00099,0.0,0.1,1.0,0.1,1.0,unit_total_var,,0.5,5000000,5000,50000,True,0.0001,,0.0,0.0,1.0,2000,train_pred_mse,25000,0.12101246185194466,0.11892114513301225,0.00015565169407902272,0.011093900541091677,1196.2002149143386,64.62077470665848,0.9998,0.0,1.0,500,0,0,4500,45.8441755771637
ok,ptft,12,5000,0.10800000000000001,540,0.10800000000000001,10000,0.001,0.00099,0.0,0.1,1.0,0.1,1.0,unit_total_var,,0.5,5000000,5000,50000,True,0.0001,,0.0,0.0,1.0,2000,train_pred_mse,25000,0.0598482105899576,0.05828904422985074,0.0001558702479251874,0.012382240767271423,1119.2463902947318,60.97254912206268,1.0,0.0,1.0,500,0,0,4500,53.08386206626892
ok,ptft,13,5000,0.10800000000000001,540,0.10800000000000001,10000,0.001,0.00099,0.0,0.1,1.0,0.1,1.0,unit_total_var,,0.5,5000000,5000,50000,True,0.0001,,0.0,0.0,1.0,2000,train_pred_mse,30000,0.07915738670307684,0.07937997446880374,0.0001148673394880029,0.00722176998013388,1188.0952088096801,63.910040382790854,0.9998,0.0,1.0,500,0,0,4500,69.1688370704651
ok,ptft,14,5000,0.10800000000000001,540,0.10800000000000001,10000,0.001,0.00099,0.0,0.1,1.0,0.1,1.0,unit_total_var,,0.5,5000000,5000,50000,True,0.0001,,0.0,0.0,1.0,2000,train_pred_mse,30000,0.08490394448496137,0.08708025154250787,0.00011821133089698521,0.007811094525181908,1199.3046174897158,64.80993131153592,0.9996,0.0,1.0,500,0,0,4500,71.71548748016356
ok,ptft,15,5000,0.10800000000000001,540,0.10800000000000001,10000,0.001,0.00099,0.0,0.1,1.0,0.1,1.0,unit_total_var,,0.5,5000000,5000,50000,True,0.0001,,0.0,0.0,1.0,2000,train_pred_mse,25000,0.1038976064981146,0.10380279195687447,0.0001621918369773014,0.012399572983628405,1155.0029333086118,62.20637824050169,1.0,0.0,1.0,500,0,0,4500,46.72138500213623
ok,ptft,16,5000,0.10800000000000001,540,0.10800000000000001,10000,0.001,0.00099,0.0,0.1,1.0,0.1,1.0,unit_total_var,,0.5,5000000,5000,50000,True,0.0001,,0.0,0.0,1.0,2000,train_pred_mse,30000,0.08429830839978059,0.08545699122462731,0.000121100382995001,0.008301396909799448,1078.5451526045129,59.05728210227005,0.9996,0.0,1.0,500,0,0,4500,67.40431046485901
ok,ptft,17,5000,0.10800000000000001,540,0.10800000000000001,10000,0.001,0.00099,0.0,0.1,1.0,0.1,1.0,unit_total_var,,0.5,5000000,5000,50000,True,0.0001,,0.0,0.0,1.0,2000,train_pred_mse,25000,0.08236846239900586,0.08410976598158111,0.00016474075666879904,0.012780945780835565,1099.8268540665072,59.75647619858365,1.0,0.0,1.0,500,0,0,4500,50.73258256912232
ok,ptft,18,5000,0.10800000000000001,540,0.10800000000000001,10000,0.001,0.00099,0.0,0.1,1.0,0.1,1.0,unit_total_var,,0.5,5000000,5000,50000,True,0.0001,,0.0,0.0,1.0,2000,train_pred_mse,25000,0.08481040325307504,0.08441152939847732,0.00016001429677862348,0.013403945674326827,1099.1778996209632,57.78765066851046,0.9998,0.0,1.0,500,0,0,4500,65.37900972366333
ok,ptft,19,5000,0.10800000000000001,540,0.10800000000000001,10000,0.001,0.00099,0.0,0.1,1.0,0.1,1.0,unit_total_var,,0.5,5000000,5000,50000,True,0.0001,,0.0,0.0,1.0,2000,train_pred_mse,25000,0.07714867022565289,0.07779072337394106,0.00014222752507569937,0.010919382902466836,1129.252034085689,61.155614352658,1.0,0.0,1.0,500,0,0,4500,61.9269335269928
ok,ptft,6,5000,0.10800000000000001,540,0.10800000000000001,10000,0.001,0.00099,0.0,0.1,1.0,0.1,1.0,unit_total_var,,0.5,5000000,5000,50000,True,0.0001,,0.0,0.0,1.0,2000,train_pred_mse,25000,0.058231519328720574,0.05780495918656356,0.0001421216081638005,0.010752891799642164,1153.9582018111748,63.15999049140229,0.9998,0.0,1.0,500,0,0,4500,64.15119123458861
ok,ptft,7,5000,0.10800000000000001,540,0.10800000000000001,10000,0.001,0.00099,0.0,0.1,1.0,0.1,1.0,unit_total_var,,0.5,5000000,5000,50000,True,0.0001,,0.0,0.0,1.0,2000,train_pred_mse,25000,0.0828761888277965,0.08298967646110315,0.00015388743271166155,0.010869483053338732,1169.8909108538464,62.88942902771151,0.9996,0.0,1.0,500,0,0,4500,45.347901821136475
ok,ptft,8,5000,0.10800000000000001,540,0.10800000000000001,10000,0.001,0.00099,0.0,0.1,1.0,0.1,1.0,unit_total_var,,0.5,5000000,5000,50000,True,0.0001,,0.0,0.0,1.0,2000,train_pred_mse,25000,0.0658591043410551,0.06580736663392017,0.00014495238897188406,0.010600209200111456,1186.449481625885,64.7045661843357,1.0,0.0,1.0,500,0,0,4500,62.42918372154236
ok,ptft,9,5000,0.10800000000000001,540,0.10800000000000001,10000,0.001,0.00099,0.0,0.1,1.0,0.1,1.0,unit_total_var,,0.5,5000000,5000,50000,True,0.0001,,0.0,0.0,1.0,2000,train_pred_mse,25000,0.0726618506730838,0.07263114155901455,0.0001565832908850251,0.011846303462664135,1127.4743049501815,61.397950366030216,1.0,0.0,1.0,500,0,0,4500,58.22844815254211
ok,ptft,10,5000,0.15700000000000006,785,0.157,10000,0.001,0.00099,0.0,0.1,1.0,0.1,1.0,unit_total_var,,0.5,5000000,5000,50000,True,0.0001,,0.0,0.0,1.0,2000,train_pred_mse,25000,0.007763857538825585,0.007799217017362399,0.00012725379065898452,0.011816978397594585,1268.3847447737933,69.34850467779854,1.0,0.0,1.0,500,0,0,4500,117.75477385520935
ok,ptft,11,5000,0.15700000000000006,785,0.157,10000,0.001,0.00099,0.0,0.1,1.0,0.1,1.0,unit_total_var,,0.5,5000000,5000,50000,True,0.0001,,0.0,0.0,1.0,2000,train_pred_mse,25000,0.00636545021759964,0.006381949940216393,0.0001196109514557819,0.010911786715938713,1321.8608337643432,72.22555547311235,1.0,0.0,1.0,500,0,0,4500,80.01990699768065
ok,ptft,12,5000,0.15700000000000006,785,0.157,10000,0.001,0.00099,0.0,0.1,1.0,0.1,1.0,unit_total_var,,0.5,5000000,5000,50000,True,0.0001,,0.0,0.0,1.0,2000,train_pred_mse,25000,0.0071430236640081905,0.0070655300304796435,0.00012185791884019944,0.012283829445103379,1204.1737377171326,65.29714336667028,1.0,0.0,1.0,500,0,0,4500,110.08351683616638
ok,ptft,13,5000,0.15700000000000006,785,0.157,10000,0.001,0.00099,0.0,0.1,1.0,0.1,1.0,unit_total_var,,0.5,5000000,5000,50000,True,0.0001,,0.0,0.0,1.0,2000,train_pred_mse,25000,0.008218409768074213,0.008060371890911345,0.0001300955173175367,0.012825058042198521,1287.809667726589,69.13179549211192,1.0,0.0,1.0,500,0,0,4500,69.47855925559998
ok,ptft,14,5000,0.15700000000000006,785,0.157,10000,0.001,0.00099,0.0,0.1,1.0,0.1,1.0,unit_total_var,,0.5,5000000,5000,50000,True,0.0001,,0.0,0.0,1.0,2000,train_pred_mse,25000,0.0070341408989624075,0.0069173085717592455,0.00010708351288252099,0.009626234796881931,1309.503887586583,71.16955587463532,0.9998,0.0,1.0,500,0,0,4500,107.90989208221436
ok,ptft,15,5000,0.15700000000000006,785,0.157,10000,0.001,0.00099,0.0,0.1,1.0,0.1,1.0,unit_total_var,,0.5,5000000,5000,50000,True,0.0001,,0.0,0.0,1.0,2000,train_pred_mse,25000,0.0067239318622562185,0.006675057841789936,0.00011639852220051692,0.011411032186458607,1266.1874404950204,68.7058115185129,1.0,0.0,1.0,500,0,0,4500,105.07206344604492
ok,ptft,16,5000,0.15700000000000006,785,0.157,10000,0.001,0.00099,0.0,0.1,1.0,0.1,1.0,unit_total_var,,0.5,5000000,5000,50000,True,0.0001,,0.0,0.0,1.0,2000,train_pred_mse,25000,0.00617401300448938,0.00633465643205589,0.00012574584640738471,0.012754066316464249,1202.9781056896095,65.97476280373786,0.9996,0.0,1.0,500,0,0,4500,91.37299728393556
ok,ptft,17,5000,0.15700000000000006,785,0.157,10000,0.001,0.00099,0.0,0.1,1.0,0.1,1.0,unit_total_var,,0.5,5000000,5000,50000,True,0.0001,,0.0,0.0,1.0,2000,train_pred_mse,20000,0.005372367713974029,0.005482093147693289,0.00017546583843381698,0.020770919184949308,1208.7505488230734,66.42729450445472,1.0,0.0,1.0,500,0,0,4500,56.16329169273377
ok,ptft,18,5000,0.15700000000000006,785,0.157,10000,0.001,0.00099,0.0,0.1,1.0,0.1,1.0,unit_total_var,,0.5,5000000,5000,50000,True,0.0001,,0.0,0.0,1.0,2000,train_pred_mse,25000,0.006898973709908857,0.006833689451054971,0.00011845284338438692,0.011888115421503666,1207.5031916583885,64.85923492779872,1.0,0.0,1.0,500,0,0,4500,115.41738510131836
ok,ptft,19,5000,0.15700000000000006,785,0.157,10000,0.001,0.00099,0.0,0.1,1.0,0.1,1.0,unit_total_var,,0.5,5000000,5000,50000,True,0.0001,,0.0,0.0,1.0,2000,train_pred_mse,25000,0.00953661871374816,0.009678204077357358,0.00013884684218898872,0.0134473858438311,1210.1740168006709,66.669900016149,0.9996,0.0,1.0,500,0,0,4500,72.566974401474
ok,ptft,6,5000,0.15700000000000006,785,0.157,10000,0.001,0.00099,0.0,0.1,1.0,0.1,1.0,unit_total_var,,0.5,5000000,5000,50000,True,0.0001,,0.0,0.0,1.0,2000,train_pred_mse,25000,0.005525184106015193,0.0056122650183707675,0.00011679660388772148,0.011288945003277616,1223.0508679795228,67.5779826066711,1.0,0.0,1.0,500,0,0,4500,84.73666334152222
ok,ptft,7,5000,0.15700000000000006,785,0.157,10000,0.001,0.00099,0.0,0.1,1.0,0.1,1.0,unit_total_var,,0.5,5000000,5000,50000,True,0.0001,,0.0,0.0,1.0,2000,train_pred_mse,25000,0.007351789222151234,0.0074365824205639966,0.00011849479531105926,0.011620521587752302,1268.2189769158715,67.99512482144048,0.9998,0.0,1.0,500,0,0,4500,162.34970903396606
ok,ptft,8,5000,0.15700000000000006,785,0.157,10000,0.001,0.00099,0.0,0.1,1.0,0.1,1.0,unit_total_var,,0.5,5000000,5000,50000,True,0.0001,,0.0,0.0,1.0,2000,train_pred_mse,25000,0.007218329427801227,0.00721106193601604,0.00012063596227610132,0.011483266159539108,1266.2937300205624,69.4593857166069,0.9998,0.0,1.0,500,0,0,4500,79.16116642951965
ok,ptft,9,5000,0.15700000000000006,785,0.157,10000,0.001,0.00099,0.0,0.1,1.0,0.1,1.0,unit_total_var,,0.5,5000000,5000,50000,True,0.0001,,0.0,0.0,1.0,2000,train_pred_mse,25000,0.004852906918389239,0.004847441086719606,0.00011152230100688037,0.011175078647641444,1218.5784438103149,66.87801538950478,1.0,0.0,1.0,500,0,0,4500,88.42329740524292
ok,ptft,10,5000,0.206,1030,0.20600000000000002,10000,0.001,0.00099,0.0,0.1,1.0,0.1,1.0,unit_total_var,,0.5,5000000,5000,50000,True,0.0001,,0.0,0.0,1.0,2000,train_pred_mse,15000,0.0016057524392740954,0.0016319741046626512,0.0001940293363307628,0.027132492678561458,1289.1981667994532,70.91645086621571,0.9998,0.0,1.0,500,0,0,4500,68.64636468887329
ok,ptft,11,5000,0.206,1030,0.20600000000000002,10000,0.001,0.00099,0.0,0.1,1.0,0.1,1.0,unit_total_var,,0.5,5000000,5000,50000,True,0.0001,,0.0,0.0,1.0,2000,train_pred_mse,15000,0.00223545439315482,0.0022009443094012605,0.00022083199006444986,0.028653043695806964,1337.226645234613,73.30090786982126,1.0,0.0,1.0,500,0,0,4500,61.14942598342896
ok,ptft,12,5000,0.206,1030,0.20600000000000002,10000,0.001,0.00099,0.0,0.1,1.0,0.1,1.0,unit_total_var,,0.5,5000000,5000,50000,True,0.0001,,0.0,0.0,1.0,2000,train_pred_mse,15000,0.0018703102197588188,0.0018803504872532614,0.00021370680211887,0.02840874169184237,1224.1109913455964,66.92086239906314,1.0,0.0,1.0,500,0,0,4500,117.5846164226532
ok,ptft,13,5000,0.206,1030,0.20600000000000002,10000,0.001,0.00099,0.0,0.1,1.0,0.1,1.0,unit_total_var,,0.5,5000000,5000,50000,True,0.0001,,0.0,0.0,1.0,2000,train_pred_mse,20000,0.0015385922965853614,0.0015281968953093454,0.00011525935440854648,0.013974321689761048,1314.393738213619,70.91846067460956,1.0,0.0,1.0,500,0,0,4500,109.86957025527954
ok,ptft,14,5000,0.206,1030,0.20600000000000002,10000,0.001,0.00099,0.0,0.1,1.0,0.1,1.0,unit_total_var,,0.5,5000000,5000,50000,True,0.0001,,0.0,0.0,1.0,2000,train_pred_mse,20000,0.0018240367565125464,0.0018404921551774312,0.00012159758148381509,0.014101364473353018,1326.2472232036926,72.64878209921609,1.0,0.0,1.0,500,0,0,4500,177.5265371799469
ok,ptft,15,5000,0.206,1030,0.20600000000000002,10000,0.001,0.00099,0.0,0.1,1.0,0.1,1.0,unit_total_var,,0.5,5000000,5000,50000,True,0.0001,,0.0,0.0,1.0,2000,train_pred_mse,20000,0.0014667494518227507,0.0014873070651616645,0.00010494482020048681,0.012688958967631322,1283.5292390780405,70.19064361226636,0.9996,0.0,1.0,500,0,0,4500,187.7416079044342
ok,ptft,16,5000,0.206,1030,0.20600000000000002,10000,0.001,0.00099,0.0,0.1,1.0,0.1,1.0,unit_total_var,,0.5,5000000,5000,50000,True,0.0001,,0.0,0.0,1.0,2000,train_pred_mse,15000,0.001392784867731475,0.0013925510763315965,0.00019115279451697916,0.02728621185869106,1215.2718679512855,67.54468841120477,1.0,0.0,1.0,500,0,0,4500,70.44570827484131
ok,ptft,17,5000,0.206,1030,0.20600000000000002,10000,0.001,0.00099,0.0,0.1,1.0,0.1,1.0,unit_total_var,,0.5,5000000,5000,50000,True,0.0001,,0.0,0.0,1.0,2000,train_pred_mse,15000,0.0016392209315825267,0.0016141781988414869,0.00019720259537166655,0.027789071525002082,1224.264471270997,67.72360780309927,1.0,0.0,1.0,500,0,0,4500,86.85361289978027
ok,ptft,18,5000,0.206,1030,0.20600000000000002,10000,0.001,0.00099,0.0,0.1,1.0,0.1,1.0,unit_total_var,,0.5,5000000,5000,50000,True,0.0001,,0.0,0.0,1.0,2000,train_pred_mse,15000,0.002055742678855548,0.002040911082137245,0.00022966354478485328,0.03231409727731407,1220.032301957525,66.19051257541413,0.9998,0.0,1.0,500,0,0,4500,151.00647163391113
ok,ptft,19,5000,0.206,1030,0.20600000000000002,10000,0.001,0.00099,0.0,0.1,1.0,0.1,1.0,unit_total_var,,0.5,5000000,5000,50000,True,0.0001,,0.0,0.0,1.0,2000,train_pred_mse,15000,0.002155985132731594,0.002108795756524012,0.0002196926690116765,0.02915104873032331,1237.11811148449,68.71045484495437,0.9998,0.0,1.0,500,0,0,4500,66.68687868118286
ok,ptft,6,5000,0.206,1030,0.20600000000000002,10000,0.001,0.00099,0.0,0.1,1.0,0.1,1.0,unit_total_var,,0.5,5000000,5000,50000,True,0.0001,,0.0,0.0,1.0,2000,train_pred_mse,15000,0.0019965330079812047,0.001986804797661371,0.00022200524461203286,0.03167644618822443,1229.8751482319556,68.53199341979989,1.0,0.0,1.0,500,0,0,4500,88.71781206130981
ok,ptft,7,5000,0.206,1030,0.20600000000000002,10000,0.001,0.00099,0.0,0.1,1.0,0.1,1.0,unit_total_var,,0.5,5000000,5000,50000,True,0.0001,,0.0,0.0,1.0,2000,train_pred_mse,15000,0.002109479948626052,0.002145479652921593,0.00022014314365476073,0.03075960111812423,1285.191713619263,69.41498273077231,1.0,0.0,1.0,500,0,0,4500,108.06205439567566
ok,ptft,8,5000,0.206,1030,0.20600000000000002,10000,0.001,0.00099,0.0,0.1,1.0,0.1,1.0,unit_total_var,,0.5,5000000,5000,50000,True,0.0001,,0.0,0.0,1.0,2000,train_pred_mse,15000,0.0021439179877966587,0.002135538900240489,0.00022708467829933321,0.03096870981061393,1282.3248993811305,70.9006824340193,0.9996,0.0,1.0,500,0,0,4500,74.02082824707031
ok,ptft,9,5000,0.206,1030,0.20600000000000002,10000,0.001,0.00099,0.0,0.1,1.0,0.1,1.0,unit_total_var,,0.5,5000000,5000,50000,True,0.0001,,0.0,0.0,1.0,2000,train_pred_mse,20000,0.0014253468112100367,0.0014041053832578574,0.0001055442750693056,0.013441608214253676,1231.3009839257925,67.8486462771436,0.9996,0.0,1.0,500,0,0,4500,112.41805481910706
ok,ptft,10,5000,0.255,1275,0.255,10000,0.001,0.00099,0.0,0.1,1.0,0.1,1.0,unit_total_var,,0.5,5000000,5000,50000,True,0.0001,,0.0,0.0,1.0,2000,train_pred_mse,15000,0.00046052028646646336,0.0004625102029833285,0.00011758783892127022,0.019044744134741068,1299.693165749873,71.54591729794298,1.0,0.0,1.0,500,0,0,4500,104.73903608322144
ok,ptft,11,5000,0.255,1275,0.255,10000,0.001,0.00099,0.0,0.1,1.0,0.1,1.0,unit_total_var,,0.5,5000000,5000,50000,True,0.0001,,0.0,0.0,1.0,2000,train_pred_mse,15000,0.0005759258322534695,0.0005786468066333835,0.00011912558680024546,0.018403776872236877,1346.928869509261,73.92107451945422,0.9996,0.0,1.0,500,0,0,4500,102.7510130405426
ok,ptft,12,5000,0.255,1275,0.255,10000,0.001,0.00099,0.0,0.1,1.0,0.1,1.0,unit_total_var,,0.5,5000000,5000,50000,True,0.0001,,0.0,0.0,1.0,2000,train_pred_mse,15000,0.0002886531030864067,0.00029065656028595183,9.103117674137488e-05,0.015197203484162812,1235.9021684983654,67.62997086080874,0.9990000000000001,0.0,1.0,500,0,0,4500,116.07291746139526
ok,ptft,13,5000,0.255,1275,0.255,10000,0.001,0.00099,0.0,0.1,1.0,0.1,1.0,unit_total_var,,0.5,5000000,5000,50000,True,0.0001,,0.0,0.0,1.0,2000,train_pred_mse,15000,0.0005688875733278594,0.0005701174188164157,0.00012466733140982186,0.020088536469688025,1317.2686758340055,71.45304455469193,0.9998,0.0,1.0,500,0,0,4500,95.8428795337677
ok,ptft,14,5000,0.255,1275,0.255,10000,0.001,0.00099,0.0,0.1,1.0,0.1,1.0,unit_total_var,,0.5,5000000,5000,50000,True,0.0001,,0.0,0.0,1.0,2000,train_pred_mse,15000,0.00055529533958321,0.0005479252529185835,0.00012615332779568716,0.01919586421059014,1336.8889804853304,73.51114385612138,0.9994,0.0,1.0,500,0,0,4500,96.40690541267395
ok,ptft,15,5000,0.255,1275,0.255,10000,0.001,0.00099,0.0,0.1,1.0,0.1,1.0,unit_total_var,,0.5,5000000,5000,50000,True,0.0001,,0.0,0.0,1.0,2000,train_pred_mse,15000,0.0005320699096904666,0.000527755507661513,0.0001195618837790968,0.019046606012225475,1289.261037127199,70.82158552759597,0.9998,0.0,1.0,500,0,0,4500,119.83573317527771
ok,ptft,16,5000,0.255,1275,0.255,10000,0.001,0.00099,0.0,0.1,1.0,0.1,1.0,unit_total_var,,0.5,5000000,5000,50000,True,0.0001,,0.0,0.0,1.0,2000,train_pred_mse,15000,0.00042861258343661584,0.000432161352617753,0.00011888358343925281,0.01888175031770319,1221.7935088905933,68.05099527873325,0.9998,0.0,1.0,500,0,0,4500,89.58421874046326
ok,ptft,17,5000,0.255,1275,0.255,10000,0.001,0.00099,0.0,0.1,1.0,0.1,1.0,unit_total_var,,0.5,5000000,5000,50000,True,0.0001,,0.0,0.0,1.0,2000,train_pred_mse,15000,0.0005529817216433344,0.0005520026913695057,0.00013088774297212024,0.020772597973208087,1233.7972133589715,68.25331509241589,0.9998,0.0,1.0,500,0,0,4500,133.06541848182678
ok,ptft,18,5000,0.255,1275,0.255,10000,0.001,0.00099,0.0,0.1,1.0,0.1,1.0,unit_total_var,,0.5,5000000,5000,50000,True,0.0001,,0.0,0.0,1.0,2000,train_pred_mse,15000,0.0004388589437966687,0.0004359087867483911,0.00011598606194532068,0.019723950604880088,1233.4726531902766,66.91648913239827,0.9996,0.0,1.0,500,0,0,4500,118.50761342048644
ok,ptft,19,5000,0.255,1275,0.255,10000,0.001,0.00099,0.0,0.1,1.0,0.1,1.0,unit_total_var,,0.5,5000000,5000,50000,True,0.0001,,0.0,0.0,1.0,2000,train_pred_mse,15000,0.0005534223027683224,0.0005556640922978129,0.00012867113875186006,0.020386068073159232,1244.8641166946366,69.37193952149447,0.9998,0.0,1.0,500,0,0,4500,85.60017323493958
ok,ptft,6,5000,0.255,1275,0.255,10000,0.001,0.00099,0.0,0.1,1.0,0.1,1.0,unit_total_var,,0.5,5000000,5000,50000,True,0.0001,,0.0,0.0,1.0,2000,train_pred_mse,15000,0.00036673965759801455,0.0003663962617264771,0.00010555801979173549,0.017434600747320363,1241.4704078557575,69.38701995412255,0.9998,0.0,1.0,500,0,0,4500,96.97933864593506
ok,ptft,7,5000,0.255,1275,0.255,10000,0.001,0.00099,0.0,0.1,1.0,0.1,1.0,unit_total_var,,0.5,5000000,5000,50000,True,0.0001,,0.0,0.0,1.0,2000,train_pred_mse,15000,0.0006965247650801929,0.0007087142001918412,0.00015090967939130492,0.023443970342772517,1294.1116966432235,70.09593587934842,1.0,0.0,1.0,500,0,0,4500,92.22265028953552
ok,ptft,8,5000,0.255,1275,0.255,10000,0.001,0.00099,0.0,0.1,1.0,0.1,1.0,unit_total_var,,0.5,5000000,5000,50000,True,0.0001,,0.0,0.0,1.0,2000,train_pred_mse,15000,0.0005010966457782394,0.0005005091724131579,0.0001256186122535904,0.019168922538071013,1294.3471875211553,71.6773231463481,1.0,0.0,1.0,500,0,0,4500,114.55013084411621
ok,ptft,9,5000,0.255,1275,0.255,10000,0.001,0.00099,0.0,0.1,1.0,0.1,1.0,unit_total_var,,0.5,5000000,5000,50000,True,0.0001,,0.0,0.0,1.0,2000,train_pred_mse,15000,0.000599255327680673,0.00059380849415783,0.0001407329531637849,0.022265849268262642,1236.137821662467,68.43047862421501,1.0,0.0,1.0,500,0,0,4500,107.18415260314941
ok,ptft,10,5000,0.30400000000000005,1520,0.304,10000,0.001,0.00099,0.0,0.1,1.0,0.1,1.0,unit_total_var,,0.5,5000000,5000,50000,True,0.0001,,0.0,0.0,1.0,2000,train_pred_mse,15000,0.000214453773920597,0.00021510341593604252,8.223253413224879e-05,0.01414903030214826,1300.756083143913,71.79195812793188,0.9996,0.0,1.0,500,0,0,4500,126.67973613739014
ok,ptft,11,5000,0.30400000000000005,1520,0.304,10000,0.001,0.00099,0.0,0.1,1.0,0.1,1.0,unit_total_var,,0.5,5000000,5000,50000,True,0.0001,,0.0,0.0,1.0,2000,train_pred_mse,10000,0.0004948778890378526,0.0004898585790400885,0.0002536037495000185,0.05847153263049225,1346.862184117243,74.12402968757617,1.0,0.0,1.0,500,0,0,4500,88.93114638328552
ok,ptft,12,5000,0.30400000000000005,1520,0.304,10000,0.001,0.00099,0.0,0.1,1.0,0.1,1.0,unit_total_var,,0.5,5000000,5000,50000,True,0.0001,,0.0,0.0,1.0,2000,train_pred_mse,15000,0.00020843713663775044,0.00020857802133882844,8.283943171225913e-05,0.014963222891603244,1236.5478219530778,67.74190616188814,0.9994,0.0,1.0,500,0,0,4500,122.38453149795531
ok,ptft,13,5000,0.30400000000000005,1520,0.304,10000,0.001,0.00099,0.0,0.1,1.0,0.1,1.0,unit_total_var,,0.5,5000000,5000,50000,True,0.0001,,0.0,0.0,1.0,2000,train_pred_mse,10000,0.0005033212331033955,0.0004935451770872642,0.0002589042623097546,0.056261771599364206,1317.4319197333189,71.7301249916503,0.9994,0.0,1.0,500,0,0,4500,90.92460417747498
ok,ptft,14,5000,0.30400000000000005,1520,0.304,10000,0.001,0.00099,0.0,0.1,1.0,0.1,1.0,unit_total_var,,0.5,5000000,5000,50000,True,0.0001,,0.0,0.0,1.0,2000,train_pred_mse,10000,0.0007860101642134262,0.000792397030671296,0.00032064329183957574,0.067823869324677,1332.39270458935,73.51869592364994,1.0,0.0,1.0,500,0,0,4500,102.61599922180176
ok,ptft,15,5000,0.30400000000000005,1520,0.304,10000,0.001,0.00099,0.0,0.1,1.0,0.1,1.0,unit_total_var,,0.5,5000000,5000,50000,True,0.0001,,0.0,0.0,1.0,2000,train_pred_mse,10000,0.0006394436457500068,0.0006339052362837794,0.00028726923932371573,0.062042526414897235,1286.5403212627098,70.94020629450488,1.0,0.0,1.0,500,0,0,4500,98.79276537895204
ok,ptft,16,5000,0.30400000000000005,1520,0.304,10000,0.001,0.00099,0.0,0.1,1.0,0.1,1.0,unit_total_var,,0.5,5000000,5000,50000,True,0.0001,,0.0,0.0,1.0,2000,train_pred_mse,15000,0.0001911671295765684,0.00019267402181196382,8.365375563824755e-05,0.014667882413844325,1225.1320949131298,68.30610547007822,0.9996,0.0,1.0,500,0,0,4500,167.32718968391418
ok,ptft,17,5000,0.30400000000000005,1520,0.304,10000,0.001,0.00099,0.0,0.1,1.0,0.1,1.0,unit_total_var,,0.5,5000000,5000,50000,True,0.0001,,0.0,0.0,1.0,2000,train_pred_mse,10000,0.0007236999660747686,0.0007265099334499358,0.00031945466120500903,0.07134925417210876,1229.1785253419846,68.29032484720125,0.9998,0.0,1.0,500,0,0,4500,89.6374351978302
ok,ptft,18,5000,0.30400000000000005,1520,0.304,10000,0.001,0.00099,0.0,0.1,1.0,0.1,1.0,unit_total_var,,0.5,5000000,5000,50000,True,0.0001,,0.0,0.0,1.0,2000,train_pred_mse,10000,0.0006750920175891468,0.0006737122491674068,0.00031123929101471265,0.07070601306244334,1228.1643131713192,66.88653487444543,0.9998,0.0,1.0,500,0,0,4500,101.5784707069397
ok,ptft,19,5000,0.30400000000000005,1520,0.304,10000,0.001,0.00099,0.0,0.1,1.0,0.1,1.0,unit_total_var,,0.5,5000000,5000,50000,True,0.0001,,0.0,0.0,1.0,2000,train_pred_mse,10000,0.000654771107560936,0.0006551349872972558,0.0003098262309107672,0.06855231804743067,1240.5547840394715,69.40172563395093,0.9996,0.0,1.0,500,0,0,4500,86.25071334838867
ok,ptft,6,5000,0.30400000000000005,1520,0.304,10000,0.001,0.00099,0.0,0.1,1.0,0.1,1.0,unit_total_var,,0.5,5000000,5000,50000,True,0.0001,,0.0,0.0,1.0,2000,train_pred_mse,15000,0.00021131021826419048,0.00020985885024159642,8.083888189084908e-05,0.014330246618783562,1243.2073177645564,69.53918756333836,0.9998,0.0,1.0,500,0,0,4500,144.9459331035614
ok,ptft,7,5000,0.30400000000000005,1520,0.304,10000,0.001,0.00099,0.0,0.1,1.0,0.1,1.0,unit_total_var,,0.5,5000000,5000,50000,True,0.0001,,0.0,0.0,1.0,2000,train_pred_mse,10000,0.0005942570181042388,0.0006014412370709898,0.0002940218027574658,0.06616276490248857,1294.773805553329,70.25374374161241,0.9996,0.0,1.0,500,0,0,4500,102.13353061676024
ok,ptft,8,5000,0.30400000000000005,1520,0.304,10000,0.001,0.00099,0.0,0.1,1.0,0.1,1.0,unit_total_var,,0.5,5000000,5000,50000,True,0.0001,,0.0,0.0,1.0,2000,train_pred_mse,10000,0.000549272798350719,0.000541211417047696,0.0002654535249035751,0.05688407214343775,1294.3910524146734,71.79259567994221,0.9998,0.0,1.0,500,0,0,4500,115.14294648170471
ok,ptft,9,5000,0.30400000000000005,1520,0.304,10000,0.001,0.00099,0.0,0.1,1.0,0.1,1.0,unit_total_var,,0.5,5000000,5000,50000,True,0.0001,,0.0,0.0,1.0,2000,train_pred_mse,10000,0.000550908946014729,0.0005589510336161473,0.00028203005079086024,0.06225671367395744,1235.6823770758403,68.57594802525215,1.0,0.0,1.0,500,0,0,4500,117.18056917190552
ok,ptft,10,5000,0.35300000000000004,1765,0.353,10000,0.001,0.00099,0.0,0.1,1.0,0.1,1.0,unit_total_var,,0.5,5000000,5000,50000,True,0.0001,,0.0,0.0,1.0,2000,train_pred_mse,10000,0.00030214757641026707,0.00030515430198174503,0.00021866680287663183,0.0552306947183296,1299.9352800269082,71.79020459318049,1.0,0.0,1.0,500,0,0,4500,113.93063259124756
ok,ptft,11,5000,0.35300000000000004,1765,0.353,10000,0.001,0.00099,0.0,0.1,1.0,0.1,1.0,unit_total_var,,0.5,5000000,5000,50000,True,0.0001,,0.0,0.0,1.0,2000,train_pred_mse,10000,0.0002919070887183064,0.00028725237347395385,0.00021619236169252132,0.04829469579382262,1347.785352333684,74.33295598448545,1.0,0.0,1.0,500,0,0,4500,102.42469024658205
ok,ptft,12,5000,0.35300000000000004,1765,0.353,10000,0.001,0.00099,0.0,0.1,1.0,0.1,1.0,unit_total_var,,0.5,5000000,5000,50000,True,0.0001,,0.0,0.0,1.0,2000,train_pred_mse,10000,0.0002827972613248429,0.0002836061329065052,0.00021795696202150908,0.054659703863721584,1234.1115568043292,67.78403207937211,0.9996,0.0,1.0,500,0,0,4500,84.401526927948
ok,ptft,13,5000,0.35300000000000004,1765,0.353,10000,0.001,0.00099,0.0,0.1,1.0,0.1,1.0,unit_total_var,,0.5,5000000,5000,50000,True,0.0001,,0.0,0.0,1.0,2000,train_pred_mse,10000,0.00028076312257402825,0.0002725147903630324,0.0002138307715155612,0.0502338198666482,1320.0873453065672,71.87245147128515,0.9998,0.0,1.0,500,0,0,4500,128.0746510028839
ok,ptft,14,5000,0.35300000000000004,1765,0.353,10000,0.001,0.00099,0.0,0.1,1.0,0.1,1.0,unit_total_var,,0.5,5000000,5000,50000,True,0.0001,,0.0,0.0,1.0,2000,train_pred_mse,10000,0.0003236028670544171,0.0003230527283205942,0.0002414619020191766,0.053363401932049914,1336.7978292673085,73.83292071912996,0.9998,0.0,1.0,500,0,0,4500,113.5045247077942
ok,ptft,15,5000,0.35300000000000004,1765,0.353,10000,0.001,0.00099,0.0,0.1,1.0,0.1,1.0,unit_total_var,,0.5,5000000,5000,50000,True,0.0001,,0.0,0.0,1.0,2000,train_pred_mse,10000,0.0002581759123840497,0.0002595211590466998,0.00020333612556199036,0.04884183746784891,1291.133345429349,71.2169493017619,0.9996,0.0,1.0,500,0,0,4500,140.57574033737185
ok,ptft,16,5000,0.35300000000000004,1765,0.353,10000,0.001,0.00099,0.0,0.1,1.0,0.1,1.0,unit_total_var,,0.5,5000000,5000,50000,True,0.0001,,0.0,0.0,1.0,2000,train_pred_mse,10000,0.00026314056761655167,0.00025513757451844113,0.000203907419988946,0.0501757490862469,1223.5208200146535,68.3083028780389,0.9996,0.0,1.0,500,0,0,4500,142.9029009342194
ok,ptft,17,5000,0.35300000000000004,1765,0.353,10000,0.001,0.00099,0.0,0.1,1.0,0.1,1.0,unit_total_var,,0.5,5000000,5000,50000,True,0.0001,,0.0,0.0,1.0,2000,train_pred_mse,10000,0.00037295072847282263,0.00037306736625664734,0.0002512261201133796,0.057549510134942077,1232.0726186788652,68.57638021870636,0.9998,0.0,1.0,500,0,0,4500,125.99751257896423
ok,ptft,18,5000,0.35300000000000004,1765,0.353,10000,0.001,0.00099,0.0,0.1,1.0,0.1,1.0,unit_total_var,,0.5,5000000,5000,50000,True,0.0001,,0.0,0.0,1.0,2000,train_pred_mse,10000,0.00023649008801547163,0.00023707872963174434,0.00019456059530392983,0.0521528754485287,1234.1006789372595,67.22046954669261,0.9996,0.0,1.0,500,0,0,4500,120.37786674499512
ok,ptft,19,5000,0.35300000000000004,1765,0.353,10000,0.001,0.00099,0.0,0.1,1.0,0.1,1.0,unit_total_var,,0.5,5000000,5000,50000,True,0.0001,,0.0,0.0,1.0,2000,train_pred_mse,10000,0.0004247068741701263,0.000422310378743013,0.0002552881841654189,0.059522205963005476,1246.056514205863,69.60288498357332,0.9996,0.0,1.0,500,0,0,4500,168.62460827827454
ok,ptft,6,5000,0.35300000000000004,1765,0.353,10000,0.001,0.00099,0.0,0.1,1.0,0.1,1.0,unit_total_var,,0.5,5000000,5000,50000,True,0.0001,,0.0,0.0,1.0,2000,train_pred_mse,10000,0.0002691287021099629,0.00026697720960669783,0.00021145304884418527,0.05110443903751264,1241.5703872792697,69.59576402648862,0.9994,0.0,1.0,500,0,0,4500,99.80027556419373
ok,ptft,7,5000,0.35300000000000004,1765,0.353,10000,0.001,0.00099,0.0,0.1,1.0,0.1,1.0,unit_total_var,,0.5,5000000,5000,50000,True,0.0001,,0.0,0.0,1.0,2000,train_pred_mse,10000,0.00028182249673431973,0.0002845687151081537,0.0002178470815661491,0.05524564783095702,1299.0880021690266,70.50557717895947,0.9998,0.0,1.0,500,0,0,4500,148.64629840850833
ok,ptft,8,5000,0.35300000000000004,1765,0.353,10000,0.001,0.00099,0.0,0.1,1.0,0.1,1.0,unit_total_var,,0.5,5000000,5000,50000,True,0.0001,,0.0,0.0,1.0,2000,train_pred_mse,10000,0.00029330462537411185,0.00029316678256825475,0.00021821817944115072,0.053163435989705896,1296.694576773859,71.99669178871645,1.0,0.0,1.0,500,0,0,4500,98.79923796653748
ok,ptft,9,5000,0.35300000000000004,1765,0.353,10000,0.001,0.00099,0.0,0.1,1.0,0.1,1.0,unit_total_var,,0.5,5000000,5000,50000,True,0.0001,,0.0,0.0,1.0,2000,train_pred_mse,10000,0.0003695492137931632,0.0003745238224005598,0.0002521462180616574,0.06157501423218367,1237.4029620130718,68.68636510789966,1.0,0.0,1.0,500,0,0,4500,118.48312258720398
ok,ptft,10,5000,0.402,2010,0.402,10000,0.001,0.00099,0.0,0.1,1.0,0.1,1.0,unit_total_var,,0.5,5000000,5000,50000,True,0.0001,,0.0,0.0,1.0,2000,train_pred_mse,10000,0.00014095557759953201,0.0001447099762881061,0.0001624514123849319,0.042798317097430635,1302.0995486361464,71.99498928135755,1.0,0.0,1.0,500,0,0,4500,137.25574564933777
ok,ptft,11,5000,0.402,2010,0.402,10000,0.001,0.00099,0.0,0.1,1.0,0.1,1.0,unit_total_var,,0.5,5000000,5000,50000,True,0.0001,,0.0,0.0,1.0,2000,train_pred_mse,10000,0.00017926852145358114,0.00017894448505272018,0.0001870291534374752,0.0462033248853527,1348.670279319626,74.44509837444333,1.0,0.0,1.0,500,0,0,4500,123.6285400390625
ok,ptft,12,5000,0.402,2010,0.402,10000,0.001,0.00099,0.0,0.1,1.0,0.1,1.0,unit_total_var,,0.5,5000000,5000,50000,True,0.0001,,0.0,0.0,1.0,2000,train_pred_mse,10000,0.00020429058716240803,0.00020575715483518955,0.00020364056367639543,0.05272848251707474,1235.1081480307328,67.86855095956251,0.9998,0.0,1.0,500,0,0,4500,128.52892684936523
ok,ptft,13,5000,0.402,2010,0.402,10000,0.001,0.00099,0.0,0.1,1.0,0.1,1.0,unit_total_var,,0.5,5000000,5000,50000,True,0.0001,,0.0,0.0,1.0,2000,train_pred_mse,10000,0.000222599386469436,0.00022254970318704977,0.00020384959980562463,0.04913790141460813,1319.8711322751199,71.93715654421419,0.9996,0.0,1.0,500,0,0,4500,150.55310153961182
ok,ptft,14,5000,0.402,2010,0.402,10000,0.001,0.00099,0.0,0.1,1.0,0.1,1.0,unit_total_var,,0.5,5000000,5000,50000,True,0.0001,,0.0,0.0,1.0,2000,train_pred_mse,10000,0.00017435672749927642,0.00016879541973531642,0.00017105427881056366,0.04540564429261708,1339.0606863241458,73.95143047176242,0.9996,0.0,1.0,500,0,0,4500,119.284485578537
ok,ptft,15,5000,0.402,2010,0.402,10000,0.001,0.00099,0.0,0.1,1.0,0.1,1.0,unit_total_var,,0.5,5000000,5000,50000,True,0.0001,,0.0,0.0,1.0,2000,train_pred_mse,10000,0.00014008706107113817,0.00013707533868424743,0.00015408651171817164,0.04109832136185872,1293.0400708696213,71.36578829525568,0.9998,0.0,1.0,500,0,0,4500,100.69471907615662
ok,ptft,16,5000,0.402,2010,0.402,10000,0.001,0.00099,0.0,0.1,1.0,0.1,1.0,unit_total_var,,0.5,5000000,5000,50000,True,0.0001,,0.0,0.0,1.0,2000,train_pred_mse,10000,0.00019260026811187988,0.0001953851547093651,0.0001946219650256269,0.04994620646428041,1223.7466162779015,68.36673655429261,0.9996,0.0,1.0,500,0,0,4500,124.12752294540405
ok,ptft,17,5000,0.402,2010,0.402,10000,0.001,0.00099,0.0,0.1,1.0,0.1,1.0,unit_total_var,,0.5,5000000,5000,50000,True,0.0001,,0.0,0.0,1.0,2000,train_pred_mse,10000,0.0001594113815199336,0.0001614872114045386,0.00017324945921170522,0.045678965886369084,1236.0644303521926,68.75604696384269,0.9992,0.0,1.0,500,0,0,4500,191.23918223381042
ok,ptft,18,5000,0.402,2010,0.402,10000,0.001,0.00099,0.0,0.1,1.0,0.1,1.0,unit_total_var,,0.5,5000000,5000,50000,True,0.0001,,0.0,0.0,1.0,2000,train_pred_mse,10000,0.00016497361443964812,0.0001642534968493632,0.00017638239033866465,0.04884320911334162,1235.045735784907,67.30948065372964,0.9994,0.0,1.0,500,0,0,4500,127.3525459766388
ok,ptft,19,5000,0.402,2010,0.402,10000,0.001,0.00099,0.0,0.1,1.0,0.1,1.0,unit_total_var,,0.5,5000000,5000,50000,True,0.0001,,0.0,0.0,1.0,2000,train_pred_mse,10000,0.0001893868963944181,0.00018522123750402972,0.00018697534164018276,0.048358888583279136,1246.5784979271186,69.81542835956162,0.9996,0.0,1.0,500,0,0,4500,121.41646814346312
ok,ptft,6,5000,0.402,2010,0.402,10000,0.001,0.00099,0.0,0.1,1.0,0.1,1.0,unit_total_var,,0.5,5000000,5000,50000,True,0.0001,,0.0,0.0,1.0,2000,train_pred_mse,10000,0.0001300501287623672,0.00013494922215960496,0.0001591072054363561,0.04068518957957246,1242.7009203329167,69.76000307793839,0.9994,0.0,1.0,500,0,0,4500,125.08098697662355
ok,ptft,7,5000,0.402,2010,0.402,10000,0.001,0.00099,0.0,0.1,1.0,0.1,1.0,unit_total_var,,0.5,5000000,5000,50000,True,0.0001,,0.0,0.0,1.0,2000,train_pred_mse,10000,0.00014985890238487383,0.00015116705934570048,0.00016230503042112668,0.04560078875589585,1299.8865379236222,70.65432958725988,1.0,0.0,1.0,500,0,0,4500,128.38996887207028
ok,ptft,8,5000,0.402,2010,0.402,10000,0.001,0.00099,0.0,0.1,1.0,0.1,1.0,unit_total_var,,0.5,5000000,5000,50000,True,0.0001,,0.0,0.0,1.0,2000,train_pred_mse,10000,0.00020105431227777852,0.00020052458762323685,0.0001967366585315143,0.04993106967355948,1296.8156357850971,72.081578335766,1.0,0.0,1.0,500,0,0,4500,152.94651365280149
ok,ptft,9,5000,0.402,2010,0.402,10000,0.001,0.00099,0.0,0.1,1.0,0.1,1.0,unit_total_var,,0.5,5000000,5000,50000,True,0.0001,,0.0,0.0,1.0,2000,train_pred_mse,10000,0.00016943276751950066,0.00016589153753943418,0.0001809009033456848,0.047723553869381666,1240.8561708177901,68.92549238569441,1.0,0.0,1.0,500,0,0,4500,123.12030744552612
ok,ptft,10,5000,0.451,2255,0.451,10000,0.001,0.00099,0.0,0.1,1.0,0.1,1.0,unit_total_var,,0.5,5000000,5000,50000,True,0.0001,,0.0,0.0,1.0,2000,train_pred_mse,10000,0.00012157173248199951,0.00012307500150683973,0.00015338168282903793,0.04311944055454765,1301.9618746395995,72.01456752593882,0.9996,0.0,1.0,500,0,0,4500,206.3093020915985
ok,ptft,11,5000,0.451,2255,0.451,10000,0.001,0.00099,0.0,0.1,1.0,0.1,1.0,unit_total_var,,0.5,5000000,5000,50000,True,0.0001,,0.0,0.0,1.0,2000,train_pred_mse,10000,9.356382320215324e-05,9.431678783074176e-05,0.00013300889280897123,0.03958177106056253,1350.6647459397655,74.54232463369074,0.9996,0.0,1.0,500,0,0,4500,218.5200011730194
ok,ptft,12,5000,0.451,2255,0.451,10000,0.001,0.00099,0.0,0.1,1.0,0.1,1.0,unit_total_var,,0.5,5000000,5000,50000,True,0.0001,,0.0,0.0,1.0,2000,train_pred_mse,10000,8.699928108432494e-05,8.557969507563327e-05,0.00012796298417158428,0.04178371490422581,1237.2761856906336,68.01134313034459,1.0,0.0,1.0,500,0,0,4500,138.16372919082642
ok,ptft,13,5000,0.451,2255,0.451,10000,0.001,0.00099,0.0,0.1,1.0,0.1,1.0,unit_total_var,,0.5,5000000,5000,50000,True,0.0001,,0.0,0.0,1.0,2000,train_pred_mse,10000,0.00011149337785032351,0.00011102977310044659,0.00014880300348928826,0.04116766693401835,1321.2361091716707,72.06559157511856,0.9998,0.0,1.0,500,0,0,4500,205.37349247932437
ok,ptft,14,5000,0.451,2255,0.451,10000,0.001,0.00099,0.0,0.1,1.0,0.1,1.0,unit_total_var,,0.5,5000000,5000,50000,True,0.0001,,0.0,0.0,1.0,2000,train_pred_mse,10000,0.00010276476533843532,0.00010313064953094456,0.00013939967997713413,0.03504594867119305,1341.1031620810973,74.0850113769684,1.0,0.0,1.0,500,0,0,4500,144.08123207092285
ok,ptft,15,5000,0.451,2255,0.451,10000,0.001,0.00099,0.0,0.1,1.0,0.1,1.0,unit_total_var,,0.5,5000000,5000,50000,True,0.0001,,0.0,0.0,1.0,2000,train_pred_mse,10000,7.458650772131895e-05,7.32128654688482e-05,0.00010766411374874652,0.032425790377768264,1294.7161486448113,71.43324749473285,1.0,0.0,1.0,500,0,0,4500,135.68912196159366
ok,ptft,16,5000,0.451,2255,0.451,10000,0.001,0.00099,0.0,0.1,1.0,0.1,1.0,unit_total_var,,0.5,5000000,5000,50000,True,0.0001,,0.0,0.0,1.0,2000,train_pred_mse,10000,9.822583520422253e-05,9.917648898749608e-05,0.00014393212166594977,0.04192262102892107,1225.468736959915,68.52132745047112,0.9998,0.0,1.0,500,0,0,4500,149.06946134567258
ok,ptft,17,5000,0.451,2255,0.451,10000,0.001,0.00099,0.0,0.1,1.0,0.1,1.0,unit_total_var,,0.5,5000000,5000,50000,True,0.0001,,0.0,0.0,1.0,2000,train_pred_mse,10000,9.182784889003976e-05,9.140648230206474e-05,0.0001384819915883747,0.04122644129229428,1237.1799810003167,68.86095636955494,0.9996,0.0,1.0,500,0,0,4500,123.28254413604736
ok,ptft,18,5000,0.451,2255,0.451,10000,0.001,0.00099,0.0,0.1,1.0,0.1,1.0,unit_total_var,,0.5,5000000,5000,50000,True,0.0001,,0.0,0.0,1.0,2000,train_pred_mse,10000,0.00011936698882498952,0.00011966650503709868,0.00015606125788093168,0.047750329266194616,1235.0855222513612,67.34860579272504,0.9996,0.0,1.0,500,0,0,4500,142.87562561035156
ok,ptft,19,5000,0.451,2255,0.451,10000,0.001,0.00099,0.0,0.1,1.0,0.1,1.0,unit_total_var,,0.5,5000000,5000,50000,True,0.0001,,0.0,0.0,1.0,2000,train_pred_mse,10000,0.0001167755461007898,0.00011581501814862095,0.0001506975472766151,0.04226869045388768,1248.7390382743229,69.92190599175858,0.9998,0.0,1.0,500,0,0,4500,144.63471221923828
ok,ptft,6,5000,0.451,2255,0.451,10000,0.001,0.00099,0.0,0.1,1.0,0.1,1.0,unit_total_var,,0.5,5000000,5000,50000,True,0.0001,,0.0,0.0,1.0,2000,train_pred_mse,10000,0.00010749198321740373,0.00010640981157980468,0.00014448684818768977,0.04040634155303862,1244.0294090879058,69.7963061734956,1.0,0.0,1.0,500,0,0,4500,165.9887237548828
ok,ptft,7,5000,0.451,2255,0.451,10000,0.001,0.00099,0.0,0.1,1.0,0.1,1.0,unit_total_var,,0.5,5000000,5000,50000,True,0.0001,,0.0,0.0,1.0,2000,train_pred_mse,10000,9.653239323723038e-05,9.695098723161706e-05,0.00013617081366353276,0.040405713588390735,1301.6219117436542,70.73632598842917,0.9996,0.0,1.0,500,0,0,4500,154.37185025215152
ok,ptft,8,5000,0.451,2255,0.451,10000,0.001,0.00099,0.0,0.1,1.0,0.1,1.0,unit_total_var,,0.5,5000000,5000,50000,True,0.0001,,0.0,0.0,1.0,2000,train_pred_mse,10000,9.521644719830236e-05,9.338316195260754e-05,0.00013120914846867005,0.03862071739758157,1299.5263390381654,72.22324388409943,0.9996,0.0,1.0,500,0,0,4500,135.46007823944092
ok,ptft,9,5000,0.451,2255,0.451,10000,0.001,0.00099,0.0,0.1,1.0,0.1,1.0,unit_total_var,,0.5,5000000,5000,50000,True,0.0001,,0.0,0.0,1.0,2000,train_pred_mse,10000,0.00012677695906469294,0.00012523880634548898,0.0001620433134378372,0.0448911639565124,1241.6968369509648,68.98925653252893,0.9998,0.0,1.0,500,0,0,4500,144.5060088634491
ok,ptft,10,5000,0.5,2500,0.5,10000,0.001,0.00099,0.0,0.1,1.0,0.1,1.0,unit_total_var,,0.5,5000000,5000,50000,True,0.0001,,0.0,0.0,1.0,2000,train_pred_mse,10000,7.188040842287797e-05,7.223744754573714e-05,0.00012276666344405106,0.037242556973096405,1303.166830871652,72.11261786833218,1.0,0.0,1.0,500,0,0,4500,142.98399114608762
ok,ptft,11,5000,0.5,2500,0.5,10000,0.001,0.00099,0.0,0.1,1.0,0.1,1.0,unit_total_var,,0.5,5000000,5000,50000,True,0.0001,,0.0,0.0,1.0,2000,train_pred_mse,10000,6.027938246746476e-05,5.9927153751134814e-05,9.791247179413771e-05,0.032181373836219176,1352.1891121679446,74.61247976588452,0.9996,0.0,1.0,500,0,0,4500,182.95567321777344
ok,ptft,12,5000,0.5,2500,0.5,10000,0.001,0.00099,0.0,0.1,1.0,0.1,1.0,unit_total_var,,0.5,5000000,5000,50000,True,0.0001,,0.0,0.0,1.0,2000,train_pred_mse,10000,7.862291890472872e-05,7.859758182922161e-05,0.00013235079437108128,0.038787130523034216,1237.8274362006564,68.06489966928808,0.9996,0.0,1.0,500,0,0,4500,183.60200476646423
ok,ptft,13,5000,0.5,2500,0.5,10000,0.001,0.00099,0.0,0.1,1.0,0.1,1.0,unit_total_var,,0.5,5000000,5000,50000,True,0.0001,,0.0,0.0,1.0,2000,train_pred_mse,10000,6.227412878662979e-05,6.30243830799952e-05,0.00011126610386730942,0.03526456136439096,1323.008694552996,72.14841405149826,0.9998,0.0,1.0,500,0,0,4500,189.1883819103241
ok,ptft,14,5000,0.5,2500,0.5,10000,0.001,0.00099,0.0,0.1,1.0,0.1,1.0,unit_total_var,,0.5,5000000,5000,50000,True,0.0001,,0.0,0.0,1.0,2000,train_pred_mse,10000,5.586224023850058e-05,5.5809427912808385e-05,9.969557289042801e-05,0.03132610821835237,1341.7475390773145,74.16078346238756,0.9996,0.0,1.0,500,0,0,4500,233.54450917243958
ok,ptft,15,5000,0.5,2500,0.5,10000,0.001,0.00099,0.0,0.1,1.0,0.1,1.0,unit_total_var,,0.5,5000000,5000,50000,True,0.0001,,0.0,0.0,1.0,2000,train_pred_mse,10000,7.073984709511527e-05,7.191001043794598e-05,0.00012309808581153386,0.037995210881422464,1294.6067406916388,71.46184805237765,0.9998,0.0,1.0,500,0,0,4500,226.4753725528717
ok,ptft,16,5000,0.5,2500,0.5,10000,0.001,0.00099,0.0,0.1,1.0,0.1,1.0,unit_total_var,,0.5,5000000,5000,50000,True,0.0001,,0.0,0.0,1.0,2000,train_pred_mse,10000,6.450091529154649e-05,6.458251046024417e-05,0.00011504903796931067,0.03779048239035588,1226.834086652951,68.55326415585179,0.9992,0.0,1.0,500,0,0,4500,154.95654153823853
ok,ptft,17,5000,0.5,2500,0.5,10000,0.001,0.00099,0.0,0.1,1.0,0.1,1.0,unit_total_var,,0.5,5000000,5000,50000,True,0.0001,,0.0,0.0,1.0,2000,train_pred_mse,10000,5.232801775830213e-05,5.2675905788403057e-05,0.00010542998760760992,0.033316033732642636,1238.2909210269092,68.95302663243541,0.9998,0.0,1.0,500,0,0,4500,149.45091629028317
ok,ptft,18,5000,0.5,2500,0.5,10000,0.001,0.00099,0.0,0.1,1.0,0.1,1.0,unit_total_var,,0.5,5000000,5000,50000,True,0.0001,,0.0,0.0,1.0,2000,train_pred_mse,10000,7.014980568528124e-05,7.018505265945589e-05,0.0001261767525003067,0.03836786386520709,1236.2853429134007,67.46914661251765,1.0,0.0,1.0,500,0,0,4500,211.0707347393036
ok,ptft,19,5000,0.5,2500,0.5,10000,0.001,0.00099,0.0,0.1,1.0,0.1,1.0,unit_total_var,,0.5,5000000,5000,50000,True,0.0001,,0.0,0.0,1.0,2000,train_pred_mse,10000,6.603808627425981e-05,6.668207707662585e-05,0.00011844116139822588,0.03662259767753695,1249.2639589692385,70.01270161371983,0.9994,0.0,1.0,500,0,0,4500,152.93330025672913
ok,ptft,6,5000,0.5,2500,0.5,10000,0.001,0.00099,0.0,0.1,1.0,0.1,1.0,unit_total_var,,0.5,5000000,5000,50000,True,0.0001,,0.0,0.0,1.0,2000,train_pred_mse,10000,6.075450319314043e-05,6.115095213263103e-05,0.00011091778922209986,0.035001901038995406,1244.4722683580428,69.87613851995681,0.9992,0.0,1.0,500,0,0,4500,194.412481546402
ok,ptft,7,5000,0.5,2500,0.5,10000,0.001,0.00099,0.0,0.1,1.0,0.1,1.0,unit_total_var,,0.5,5000000,5000,50000,True,0.0001,,0.0,0.0,1.0,2000,train_pred_mse,10000,5.784918405996962e-05,5.753608839102441e-05,0.00010361616921024142,0.03566560807608134,1302.2457083147322,70.81751904934715,0.9998,0.0,1.0,500,0,0,4500,190.77754306793213
ok,ptft,8,5000,0.5,2500,0.5,10000,0.001,0.00099,0.0,0.1,1.0,0.1,1.0,unit_total_var,,0.5,5000000,5000,50000,True,0.0001,,0.0,0.0,1.0,2000,train_pred_mse,10000,5.8811793175749524e-05,5.754083036067618e-05,0.00010773391902262412,0.031967350677687044,1299.5866347188935,72.31093562417048,1.0,0.0,1.0,500,0,0,4500,179.12138438224792
ok,ptft,9,5000,0.5,2500,0.5,10000,0.001,0.00099,0.0,0.1,1.0,0.1,1.0,unit_total_var,,0.5,5000000,5000,50000,True,0.0001,,0.0,0.0,1.0,2000,train_pred_mse,10000,7.004867783323571e-05,7.200437010085899e-05,0.00012088524851482111,0.036469484059236376,1243.3063602557995,69.08807892266667,0.9994,0.0,1.0,500,0,0,4500,167.64845442771912
