rho_pt,rho_ft,omega,c_pt,lambda_pt,gamma_reinit,seed,ft_teacher_norm,alpha,mse_best,active_best,mse_fwd,mse_bwd,diff_db,fp_residual,mse_se,mse_rel_se,mse_se_db,reliability_score_db,rho_pt_emp,rho_ft_emp
0.1,0.1,0.0,1.0,0.0,0.0,0,unit_total_var,0.01,1.0055667532433221,0.9999875,1.0055667532433221,1.0055667532495491,2.6893886423406954e-11,9.655582857703848e-07,0.01746747357170536,0.017370774754998958,0.07544031622480359,0.29852617435667744,0.0988625,0.101325
0.1,0.1,0.0,1.0,0.0,0.0,0,unit_total_var,0.016202531645569618,0.9996484975668888,0.9999875,0.9996484976843224,0.9996484975668888,5.101860919409089e-10,9.477759590481585e-07,0.017228940775407414,0.017234998919462268,0.0748506492633097,0.29852617435667744,0.0988625,0.101325
0.1,0.1,0.0,1.0,0.0,0.0,0,unit_total_var,0.02240506329113924,0.9937069867849077,0.9999875,0.993706986981342,0.9937069867849077,8.585064568966683e-10,7.955021601446788e-07,0.016998079551072298,0.01710572611154601,0.07428922459192798,0.29852617435667744,0.0988625,0.101325
0.1,0.1,0.0,1.0,0.0,0.0,0,unit_total_var,0.028607594936708863,0.9877436441992429,0.9999875,0.9877436445848332,0.9877436441992429,1.6953757217552654e-09,9.99677496338336e-07,0.016772236995125266,0.01698035425854084,0.0737447415524667,0.29852617435667744,0.0988625,0.101325
0.1,0.1,0.0,1.0,0.0,0.0,0,unit_total_var,0.03481012658227848,0.9817577296126976,0.9999875,0.9817577301109818,0.9817577296126976,2.204230922786543e-09,7.762117917309297e-07,0.01655011844272922,0.016857640070996157,0.07321180060744772,0.29852617435667744,0.0988625,0.101325
0.1,0.1,0.0,1.0,0.0,0.0,0,unit_total_var,0.0410126582278481,0.9757477235325304,0.9999875,0.9757477242738458,0.9757477235325304,3.299513301469048e-09,8.392970443082959e-07,0.01633096187964518,0.016736869055171032,0.07268729874998067,0.29852617435667744,0.0988625,0.101325
0.1,0.1,0.0,1.0,0.0,0.0,0,unit_total_var,0.047215189873417725,0.9697117834510242,0.9999875,0.9697117845532904,0.9697117834510242,4.936602016059055e-09,9.417898922947643e-07,0.01611426605131875,0.01661758300386025,0.07216924601145769,0.29852617435667744,0.0988625,0.101325
0.1,0.1,0.0,1.0,0.0,0.0,0,unit_total_var,0.05341772151898734,0.9636479361747056,0.9999875,0.963647937423158,0.9636479361747056,5.6264953252060926e-09,8.277979191007034e-07,0.015899676215302708,0.01649946585100159,0.0716562697344113,0.29852617435667744,0.0988625,0.101325
0.1,0.1,0.0,1.0,0.0,0.0,0,unit_total_var,0.05962025316455696,0.9575541724205084,0.9999875,0.9575541742736564,0.9575541724205084,8.404871049139118e-09,9.768636033413711e-07,0.015686928298282832,0.016382288073195236,0.07114737311138146,0.29852617435667744,0.0988625,0.101325
0.1,0.1,0.0,1.0,0.0,0.0,0,unit_total_var,0.06582278481012659,0.9514285011114308,0.9999875,0.9514285032137629,0.9514285011114308,9.59642548759021e-09,8.963036250975166e-07,0.01547581865988948,0.016265876670512897,0.07064180481322589,0.29852617435667744,0.0988625,0.101325
0.1,0.1,0.0,1.0,0.0,0.0,0,unit_total_var,0.0720253164556962,0.9452689803981268,1.0,0.9452689831284194,0.9452689803981268,1.254405901374156e-08,8.362054515487216e-07,0.015266186305651288,0.01615009761477786,0.07013898276296893,0.29852617435667744,0.0988625,0.101325
0.1,0.1,0.0,1.0,0.0,0.0,0,unit_total_var,0.07822784810126583,0.9390737399198892,1.0,0.9390737430208292,0.9390737399198892,1.4340951537406001e-08,7.911831758633525e-07,0.015057901875992322,0.01603484501363746,0.06963844707596624,0.29852617435667744,0.0988625,0.101325
0.1,0.1,0.0,1.0,0.0,0.0,0,unit_total_var,0.08443037974683544,0.9328409952912688,1.0,0.9328409993088232,0.9328409952912688,1.8704169990613195e-08,9.847915976024522e-07,0.014850860418919696,0.015920034061413308,0.06913982944583615,0.29852617435667744,0.0988625,0.101325
0.1,0.1,0.0,1.0,0.0,0.0,0,unit_total_var,0.09063291139240506,0.9265690613694664,1.0,0.9265690659438452,0.9265690613694664,2.14406845611137e-08,9.510997145412148e-07,0.014644976546664941,0.01580559632006243,0.06864283264993458,0.29852617435667744,0.0988625,0.101325
0.1,0.1,0.0,1.0,0.0,0.0,0,unit_total_var,0.09683544303797467,0.9202563584253388,1.0,0.9202563636401614,0.9202563584253388,2.461019305011192e-08,9.269829703839605e-07,0.014440180905499672,0.015691476373179785,0.06814721601787231,0.29852617435667744,0.0988625,0.101325
0.1,0.1,0.0,1.0,0.0,0.0,0,unit_total_var,0.1030379746835443,0.9139014200195728,1.0,0.9139014271234812,0.9139014200195728,3.3758435713515667e-08,9.79834915426636e-07,0.01423641771563049,0.015577629494574582,0.06765278530627081,0.29852617435667744,0.0988625,0.101325
0.1,0.1,0.0,1.0,0.0,0.0,0,unit_total_var,0.10924050632911393,0.9075029032248112,1.0,0.9075029032248112,0.90750290435755,5.420833393277036e-09,9.303278218908415e-07,0.014033642911428569,0.015464019852234103,0.06715938489867611,0.2955758271305741,0.0988625,0.101325
0.1,0.1,0.0,1.0,0.0,0.0,0,unit_total_var,0.11544303797468355,0.9010595878414356,1.0,0.9010595966303138,0.9010595878414356,4.2360809138219935e-08,8.97764692808778e-07,0.013831822645705424,0.0153506192402222,0.06666689229826389,0.2955758271305741,0.0988625,0.101325
0.1,0.1,0.0,1.0,0.0,0.0,0,unit_total_var,0.12164556962025315,0.8945703808686589,1.0,0.8945703909154002,0.8945703808686589,4.877474585329722e-08,8.994170102027965e-07,0.013630932175358738,0.015237406096681437,0.06617521386307712,0.2955758271305741,0.0988625,0.101325
0.1,0.1,0.0,1.0,0.0,0.0,0,unit_total_var,0.12784810126582274,0.8880343256446155,1.0,0.8880343371386978,0.8880343256446155,5.621197696203951e-08,9.058438728004604e-07,0.013430954923366078,0.015124364605632422,0.06568428090519011,0.2955758271305741,0.0988625,0.101325
0.1,0.1,0.0,1.0,0.0,0.0,0,unit_total_var,0.1340506329113924,0.8814506002535211,1.0,0.8814506134128811,0.8814506002535211,6.48367294298069e-08,9.16719820054368e-07,0.013231881680433159,0.015011484111108931,0.06519404714632948,0.2955758271305741,0.0988625,0.101325
0.1,0.1,0.0,1.0,0.0,0.0,0,unit_total_var,0.14025316455696205,0.8748185209477429,1.0,0.8748185360228518,0.8748185209477429,7.483879649328173e-08,9.318238802791256e-07,0.013033709925605416,0.014898758557929503,0.06470448628917633,0.2955758271305741,0.0988625,0.101325
0.1,0.1,0.0,1.0,0.0,0.0,0,unit_total_var,0.14645569620253165,0.868137543818103,1.0,0.868137559208335,0.868137543818103,7.699117288151314e-08,9.510184888483765e-07,0.012836443219462156,0.014786186026475684,0.06421558999693358,0.2955758271305741,0.0988625,0.101325
0.1,0.1,0.0,1.0,0.0,0.0,0,unit_total_var,0.15265822784810126,0.8614072658479074,1.0,0.8614072835164718,0.8614072658479074,8.907935000745938e-08,9.74234339423674e-07,0.01264009065162525,0.01467376832395679,0.06372736611821161,0.2955758271305741,0.0988625,0.101325
0.1,0.1,0.0,1.0,0.0,0.0,0,unit_total_var,0.1588607594936709,0.8546274276516665,1.0,0.8546274456403761,0.8546274276516665,9.141290047143258e-08,7.891100359813662e-07,0.012444666375998613,0.014561510634164757,0.06323983716593272,0.2955758271305741,0.0988625,0.101325
0.1,0.1,0.0,1.0,0.0,0.0,0,unit_total_var,0.1650632911392405,0.8477979044124216,1.0,0.8477979250949774,0.8477979044124216,1.05948831485847e-07,8.154228261503248e-07,0.01225018893643013,0.014449421109291719,0.06275303854461757,0.2955758271305741,0.0988625,0.101325
0.1,0.1,0.0,1.0,0.0,0.0,0,unit_total_var,0.17126582278481015,0.8409187179790386,1.0,0.8409187417612749,0.8409187179790386,1.2282392602980252e-07,8.451115292018584e-07,0.012056681079498734,0.01433751065557714,0.06226701761946225,0.2955758271305741,0.0988625,0.101325
0.1,0.1,0.0,1.0,0.0,0.0,0,unit_total_var,0.17746835443037975,0.8339900271416931,1.0,0.8339900544884056,0.8339900271416931,1.424060929178239e-07,8.782913099025791e-07,0.011864169127223751,0.01422579256479293,0.06178183211589877,0.2955758271305741,0.0988625,0.101325
0.1,0.1,0.0,1.0,0.0,0.0,0,unit_total_var,0.18367088607594936,0.8270121276582766,1.0,0.8270121591012146,0.8270121276582766,1.6511842770849938e-07,9.151067423829319e-07,0.01167268258714592,0.014114282241782437,0.061297548936311674,0.2955758271305741,0.0988625,0.101325
0.1,0.1,0.0,1.0,0.0,0.0,0,unit_total_var,0.18987341772151897,0.8199854496841319,1.0,0.8199854821494275,0.8199854496841319,1.7194815404852906e-07,9.557304174734327e-07,0.0114822537307964,0.014002996925396057,0.06081424294807707,0.2955758271305741,0.0988625,0.101325
0.1,0.1,0.0,1.0,0.0,0.0,0,unit_total_var,0.1960759493670886,0.8129105586738432,1.0,0.8129105920036956,0.8129105586738432,1.7806350949278738e-07,7.981228797859784e-07,0.011292917256324734,0.013891955438182084,0.0603319958964835,0.2955758271305741,0.0988625,0.101325
0.1,0.1,0.0,1.0,0.0,0.0,0,unit_total_var,0.20227848101265825,0.8057881274216879,1.0,0.805788174573404,0.8057881274216879,2.541329265914883e-07,9.774577058863088e-07,0.01110470955097645,0.013781177921432802,0.05985089525405191,0.2955758271305741,0.0988625,0.101325
0.1,0.1,0.0,1.0,0.0,0.0,0,unit_total_var,0.20848101265822785,0.7986189892238662,1.0,0.7986189892238662,0.7986189983253569,4.9494530030003154e-08,9.981030828498658e-07,0.010917668962048372,0.013670685407391392,0.05937103236265389,0.2984219645394586,0.0988625,0.101325
0.1,0.1,0.0,1.0,0.0,0.0,0,unit_total_var,0.21468354430379746,0.7914040765189142,1.0,0.7914041273454425,0.7914040765189142,2.7891794762702204e-07,9.318764107035805e-07,0.010731834837430914,0.01356049982031452,0.058892502438126326,0.2984219645394586,0.0988625,0.101325
0.1,0.1,0.0,1.0,0.0,0.0,0,unit_total_var,0.2208860759493671,0.7841444161304909,1.0,0.7841444689171212,0.7841444161304909,2.9235611376243753e-07,9.8467769760191e-07,0.01054724728875272,0.013450643876035116,0.058415404134078176,0.2984219645394586,0.0988625,0.101325
0.1,0.1,0.0,1.0,0.0,0.0,0,unit_total_var,0.2270886075949367,0.7768411773127951,1.0,0.7768412317973538,0.7768411773127951,3.0459691169326675e-07,8.401733531115951e-07,0.01036394720505797,0.013341140387161695,0.057939836524409365,0.2984219645394586,0.0988625,0.101325
0.1,0.1,0.0,1.0,0.0,0.0,0,unit_total_var,0.23329113924050635,0.7694956052242921,1.0,0.7694956679397903,0.7694956052242921,3.539590547330107e-07,8.922637366737263e-07,0.010181975341222864,0.013232012336516243,0.05746589942224758,0.2984219645394586,0.0988625,0.101325
0.1,0.1,0.0,1.0,0.0,0.0,0,unit_total_var,0.23949367088607595,0.7621090591021698,1.0,0.7621091312434081,0.7621090591021698,4.111031075559879e-07,9.488257184386841e-07,0.010001372637773984,0.013123282709113131,0.0569936926502419,0.2984219645394586,0.0988625,0.101325
0.1,0.1,0.0,1.0,0.0,0.0,0,unit_total_var,0.2456962025316456,0.7546829910368471,1.0,0.7546830587346601,0.7546829910368471,3.895779512319564e-07,8.19654090378208e-07,0.009822179696501713,0.013014974251648595,0.05652331499603889,0.2984219645394586,0.0988625,0.101325
0.1,0.1,0.0,1.0,0.0,0.0,0,unit_total_var,0.2518987341772152,0.7472189161404267,1.0,0.7472189940656017,0.7472189161404267,4.5291240624578677e-07,8.754681157796541e-07,0.00964443619289467,0.012907109261514156,0.05605486329597952,0.2984219645394586,0.0988625,0.101325
0.1,0.1,0.0,1.0,0.0,0.0,0,unit_total_var,0.2581012658227848,0.7397184482516225,1.0,0.739718537877788,0.7397184482516225,5.262021900431789e-07,9.36039290522217e-07,0.009468181274283064,0.012799709533622946,0.0555884322041689,0.2984219645394586,0.0988625,0.101325
0.1,0.1,0.0,1.0,0.0,0.0,0,unit_total_var,0.2643037974683544,0.7321832753679318,1.0,0.7321833599932112,0.7321832753679318,5.019547830720228e-07,8.179428672150381e-07,0.009293453077385614,0.012692796175541608,0.055124113389604185,0.2984219645394586,0.0988625,0.101325
0.1,0.1,0.0,1.0,0.0,0.0,0,unit_total_var,0.2705063291139241,0.7246151246743912,1.0,0.7246152220492397,0.7246151246743912,5.836112868529142e-07,8.779259772495606e-07,0.009120288166865763,0.012586389458768202,0.05466199489028285,0.2984219645394586,0.0988625,0.101325
0.1,0.1,0.0,1.0,0.0,0.0,0,unit_total_var,0.2767088607594937,0.7170158070287541,1.0,0.7170159189744434,0.7170158070287541,6.780518762017351e-07,9.430401330945416e-07,0.008948722083597526,0.012480508791961206,0.05420216099693771,0.2984219645394586,0.0988625,0.101325
0.1,0.1,0.0,1.0,0.0,0.0,0,unit_total_var,0.2829113924050633,0.7093871887273372,1.0,0.7093872950379558,0.7093871887273372,6.508450152153954e-07,8.32916914106363e-07,0.008778788897324447,0.012375172595199905,0.05374469170695663,0.2984219645394586,0.0988625,0.101325
0.1,0.1,0.0,1.0,0.0,0.0,0,unit_total_var,0.2891139240506329,0.7017311506002925,1.0,0.7017312728495099,0.7017311506002925,7.565882724769323e-07,8.977402874421614e-07,0.008610520658692469,0.012270398216363405,0.0532896623612213,0.2984219645394586,0.0988625,0.101325
0.1,0.1,0.0,1.0,0.0,0.0,0,unit_total_var,0.2953164556962025,0.6940496437487437,1.0,0.6940497841919459,0.6940496437487437,8.788089167488522e-07,9.68158007097486e-07,0.008443948110053933,0.012166201922453213,0.05283714360642164,0.2984219645394586,0.0988625,0.101325
0.1,0.1,0.0,1.0,0.0,0.0,0,unit_total_var,0.3015189873417722,0.6863446334142661,1.0,0.6863447911648668,0.6863446334142661,9.981896000876844e-07,9.67001479779128e-07,0.008279100130078203,0.01206259906031942,0.05238720209308074,0.2984219645394586,0.0988625,0.101325
0.1,0.1,0.0,1.0,0.0,0.0,0,unit_total_var,0.3077215189873418,0.6786181592797617,1.0,0.6786181592797617,0.6786181692187568,6.360647253345064e-08,8.700905933523018e-07,0.008116003845453539,0.011959603105916448,0.05193989634652504,0.2989293279574133,0.0988625,0.101325
0.1,0.1,0.0,1.0,0.0,0.0,0,unit_total_var,0.3139240506329114,0.6708722329926095,1.0,0.6708723807251984,0.6708722329926095,9.563585725569368e-07,8.392660095779547e-07,0.007954684271840314,0.011857226876653195,0.05149528203205412,0.2989293279574133,0.0988625,0.101325
0.1,0.1,0.0,1.0,0.0,0.0,0,unit_total_var,0.320126582278481,0.6631088653330122,1.0,0.6631090350764359,0.6631088653330122,1.1117122193926576e-06,9.10303944223756e-07,0.0077951645862716565,0.011755482385772264,0.05105341132251767,0.2989293279574133,0.0988625,0.101325
0.1,0.1,0.0,1.0,0.0,0.0,0,unit_total_var,0.3263291139240506,0.6553301352451574,1.0,0.655330314275328,0.6553301352451574,1.1864524516180808e-06,9.87634297899831e-07,0.007637466319112715,0.011654379843612044,0.050614328560851934,0.2989293279574133,0.0988625,0.101325
0.1,0.1,0.0,1.0,0.0,0.0,0,unit_total_var,0.3325316455696203,0.6475381242629706,1.0,0.6475383120167036,0.6475381242629706,1.2592370290942512e-06,8.952463819156263e-07,0.007481609197343147,0.011553928513257395,0.05017807397612328,0.2989293279574133,0.0988625,0.101325
0.1,0.1,0.0,1.0,0.0,0.0,0,unit_total_var,0.3387341772151899,0.6397348660822679,1.0,0.6397350815761815,0.6397348660822679,1.4629154476697437e-06,9.736560482309642e-07,0.007327610527738191,0.011454136574753896,0.049744683093818284,0.2989293279574133,0.0988625,0.101325
0.1,0.1,0.0,1.0,0.0,0.0,0,unit_total_var,0.3449367088607595,0.6319224609991995,1.0,0.6319226694758129,0.6319224609991995,1.432774327181363e-06,8.882192581438629e-07,0.007175486537776427,0.011355011066437652,0.04931418648104231,0.2989293279574133,0.0988625,0.101325
0.1,0.1,0.0,1.0,0.0,0.0,0,unit_total_var,0.3511392405063291,0.6241029332755019,1.0,0.6241031725293519,0.6241029332755019,1.6648953455877804e-06,9.681716459652991e-07,0.007025250897518692,0.011256558049884196,0.04888661046288336,0.2989293279574133,0.0988625,0.101325
0.1,0.1,0.0,1.0,0.0,0.0,0,unit_total_var,0.3573417721518987,0.6162783717332974,1.0,0.6162786040823616,0.6162783717332974,1.6373752846909897e-06,8.886641760241787e-07,0.006876916314972298,0.011158782508675113,0.04846197668276126,0.2989293279574133,0.0988625,0.101325
0.1,0.1,0.0,1.0,0.0,0.0,0,unit_total_var,0.3635443037974684,0.608450775761949,1.0,0.6084510423745205,0.608450775761949,1.9030026399136089e-06,9.706509800366805e-07,0.006730492994098698,0.011061688574018591,0.048040303082285234,0.2989293279574133,0.0988625,0.101325
0.1,0.1,0.0,1.0,0.0,0.0,0,unit_total_var,0.369746835443038,0.6006222090682698,1.0,0.6006224689581363,0.6006222090682698,1.8791964202513611e-06,8.962491016006879e-07,0.006585990324094264,0.010965279379713491,0.0476216032713708,0.2989293279574133,0.0988625,0.101325
0.1,0.1,0.0,1.0,0.0,0.0,0,unit_total_var,0.3759493670886076,0.5927946327376576,1.0,0.5927949309004126,0.5927946327376576,2.1844058539777227e-06,9.807968783803744e-07,0.006443415256321526,0.010869557348325506,0.047205887771087085,0.2989293279574133,0.0988625,0.101325
0.1,0.1,0.0,1.0,0.0,0.0,0,unit_total_var,0.3821518987341772,0.5849700737833621,1.0,0.5849703654987131,0.5849700737833621,2.165757553740377e-06,9.108387439837885e-07,0.006302774096827087,0.010774523995839927,0.04679316316527455,0.2989293279574133,0.0988625,0.101325
0.1,0.1,0.0,1.0,0.0,0.0,0,unit_total_var,0.3883544303797468,0.5771504434505391,1.0,0.5771507537949498,0.5771504434505391,2.3352806941545623e-06,9.985170850157488e-07,0.006164070784369821,0.010680180279369518,0.04638343361062111,0.2989293279574133,0.0988625,0.101325
0.1,0.1,0.0,1.0,0.0,0.0,0,unit_total_var,0.3945569620253165,0.5693377224295664,1.0,0.5693380509884438,0.5693377224295664,2.506267557045305e-06,9.324763778906231e-07,0.006027308797623415,0.010586526344860387,0.04597669974096267,0.2989293279574133,0.0988625,0.101325
0.1,0.1,0.0,1.0,0.0,0.0,0,unit_total_var,0.4007594936708861,0.5615337365897087,1.0,0.5615341124323656,0.5615337365897087,2.906794849266703e-06,9.749008098580705e-07,0.005892489291138401,0.010493562376010577,0.04557296235408968,0.2989293279574133,0.0988625,0.101325
0.1,0.1,0.0,1.0,0.0,0.0,0,unit_total_var,0.4069620253164557,0.5537404552721787,1.0,0.5537404552721787,0.5537404897214959,2.7018340098550203e-07,9.569963381750313e-07,0.005759613150597445,0.010401286551777108,0.04517221354131298,0.2997069821451451,0.0988625,0.101325
0.1,0.1,0.0,1.0,0.0,0.0,0,unit_total_var,0.4131645569620253,0.5459597177384746,1.0,0.5459600846026519,0.5459597177384746,2.9182928531490404e-06,9.059225991592257e-07,0.0056286795541981,0.010309697531374187,0.044774447479673865,0.2997069821451451,0.0988625,0.101325
0.1,0.1,0.0,1.0,0.0,0.0,0,unit_total_var,0.4193670886075949,0.5381932244939277,1.0,0.5381936166809035,0.5381932244939277,3.164747708783722e-06,9.979059232279042e-07,0.005499686023650282,0.010218794613815013,0.04437966112482531,0.2997069821451451,0.0988625,0.101325
0.1,0.1,0.0,1.0,0.0,0.0,0,unit_total_var,0.4255696202531646,0.5304428397974268,1.0,0.5304432571928775,0.5304428397974268,3.417379897285855e-06,9.452299511991669e-07,0.005372630178653664,0.01012857517448146,0.04398784307819563,0.2997069821451451,0.0988625,0.101325
0.1,0.1,0.0,1.0,0.0,0.0,0,unit_total_var,0.4317721518987342,0.5227102698343448,1.0,0.5227106847824041,0.5227102698343448,3.4475997763294686e-06,8.984625390340284e-07,0.0052475077224388,0.010039036968035502,0.043598983588405714,0.2997069821451451,0.0988625,0.101325
0.1,0.1,0.0,1.0,0.0,0.0,0,unit_total_var,0.4379746835443038,0.514997181499371,1.0,0.5149976578941687,0.514997181499371,4.017411038059748e-06,9.92588554460383e-07,0.005124313394995166,0.00995017755257642,0.04321307205041542,0.2997069821451451,0.0988625,0.101325
0.1,0.1,0.0,1.0,0.0,0.0,0,unit_total_var,0.4441772151898734,0.5073052981428554,1.0,0.5073057733590746,0.5073052981428554,4.068234370269153e-06,9.481819356338406e-07,0.005003041865462339,0.009861994116319082,0.04283009625279713,0.2997069821451451,0.0988625,0.101325
0.1,0.1,0.0,1.0,0.0,0.0,0,unit_total_var,0.450379746835443,0.4996362090103209,1.0,0.4996366842792644,0.4996362090103209,4.1311373695229756e-06,9.088237096221974e-07,0.004883686115864169,0.009774483970122523,0.042450044516760016,0.2997069821451451,0.0988625,0.101325
0.1,0.1,0.0,1.0,0.0,0.0,0,unit_total_var,0.4565822784810127,0.4919914956748491,1.0,0.4919919722205368,0.4919914956748491,4.206598368305947e-06,8.740115635674783e-07,0.004766238614005497,0.00968764431073712,0.04207290466794562,0.2997069821451451,0.0988625,0.101325
0.1,0.1,0.0,1.0,0.0,0.0,0,unit_total_var,0.4627848101265823,0.4843726651611733,1.0,0.4843732129731809,0.4843726651611733,4.9117469784754056e-06,9.696255647284602e-07,0.004650690790568779,0.009601472430367798,0.04169866494654938,0.2997069821451451,0.0988625,0.101325
0.1,0.1,0.0,1.0,0.0,0.0,0,unit_total_var,0.4689873417721519,0.4767812873842157,1.0,0.4767818384914094,0.4767812873842157,5.019967879604792e-06,9.369108271428673e-07,0.0045370342451191955,0.009515965423078802,0.04132731273225266,0.2997069821451451,0.0988625,0.101325
0.1,0.1,0.0,1.0,0.0,0.0,0,unit_total_var,0.4751898734177215,0.4692187876028071,1.0,0.46921934342857896,0.4692187876028071,5.1445493887136715e-06,9.082394241133327e-07,0.004425259041283272,0.009431120744102102,0.040958836973268326,0.2997069821451451,0.0988625,0.101325
0.1,0.1,0.0,1.0,0.0,0.0,0,unit_total_var,0.4813924050632911,0.4616865846403153,1.0,0.4616871466364232,0.4616865846403153,5.286522678282779e-06,8.832769573530186e-07,0.004315354918691901,0.009346935913361769,0.04059322689876346,0.2997069821451451,0.0988625,0.101325
0.1,0.1,0.0,1.0,0.0,0.0,0,unit_total_var,0.4875949367088608,0.4541860173499298,1.0,0.4541866641743781,0.4541860173499298,6.1849567773997185e-06,9.837147141311675e-07,0.004207310723697672,0.009263408742185316,0.04023047300345425,0.2997069821451451,0.0988625,0.101325
0.1,0.1,0.0,1.0,0.0,0.0,0,unit_total_var,0.4937974683544304,0.4467184991044739,1.0,0.4467191552311863,0.4467184991044739,6.378782206883926e-06,9.61032611712653e-07,0.004101115698120554,0.009180536974273429,0.03987056548835725,0.2997069821451451,0.0988625,0.101325
0.1,0.1,0.0,1.0,0.0,0.0,0,unit_total_var,0.5,0.439285215517483,1.0,0.439285953125109,0.439285215517483,7.292270295611302e-06,9.503525282283932e-07,0.0039967573515566355,0.009098319748476871,0.03951350061354887,0.2997069821451451,0.0988625,0.101325
0.1,0.1,0.0,1e-06,0.0,0.0,0,unit_total_var,0.01,1.1387543083956784,0.6294,1.1387543083956784,1.1387543094369843,3.971300177596504e-09,8.702872520416347e-07,0.01792356481537856,0.01573962415178914,0.06835631916353173,0.29129182389468605,0.0988625,0.101325
0.1,0.1,0.0,1e-06,0.0,0.0,0,unit_total_var,0.016202531645569618,1.2347961324381505,0.7059375,1.2347961879817144,1.2347961324381505,1.9535421402760988e-07,9.492094861229816e-07,0.018349976730814992,0.01486073388858312,0.06453934724844301,0.29129182389468605,0.0988625,0.101325
0.1,0.1,0.0,1e-06,0.0,0.0,0,unit_total_var,0.02240506329113924,1.346754796743457,0.75865,1.346754796743457,1.3467548066149542,3.183308971976828e-08,9.394625095637821e-07,0.019151228705978757,0.014220278815629766,0.061757886207537166,0.29129182389468605,0.0988625,0.101325
0.1,0.1,0.0,1e-06,0.0,0.0,0,unit_total_var,0.028607594936708863,1.4780110231624628,0.7979375,1.4780110231624628,1.4780111460707268,3.6115007118198145e-07,5.072876874123722e-07,0.02038028943121217,0.013788996909918154,0.05988485268958444,0.29129182389468605,0.0988625,0.101325
0.1,0.1,0.0,1e-06,0.0,0.0,0,unit_total_var,0.03481012658227848,1.6339827816361034,0.82935,1.6339827816361034,1.6339827818472794,5.612825759726546e-10,8.351702618369926e-07,0.02212889995342734,0.013542921138538387,0.05881615919318125,0.29129182389468605,0.0988625,0.101325
0.1,0.1,0.0,1e-06,0.0,0.0,0,unit_total_var,0.0410126582278481,1.82250115424098,0.855975,1.822501218329928,1.82250115424098,1.5272130626797775e-07,8.030468450215267e-07,0.024535818749326758,0.013462717810757837,0.05846784056632754,0.29129182389468605,0.0988625,0.101325
0.1,0.1,0.0,1e-06,0.0,0.0,0,unit_total_var,0.047215189873417725,2.0535241510567794,0.8787625,2.053524459040924,2.0535241510567794,6.513476078495729e-07,9.214551468517128e-07,0.02778055321554404,0.013528233014083462,0.058752369479178425,0.29129182389468605,0.0988625,0.101325
0.1,0.1,0.0,1e-06,0.0,0.0,0,unit_total_var,0.05341772151898734,2.326564635681771,0.898775,2.326565411414097,2.326564635681771,1.4480414907147576e-06,4.10992882393657e-07,0.031854458643094316,0.013691628487149152,0.059461987002382435,0.29129182389468605,0.0988625,0.101325
0.1,0.1,0.0,1e-06,0.0,0.0,0,unit_total_var,0.05962025316455696,2.5760888356036222,0.913925,2.5760892652603067,2.5760888356036222,7.243442441406954e-07,7.573246989522886e-07,0.035549023621364174,0.013799610917934213,0.059930948740706966,0.29129182389468605,0.0988625,0.101325
0.1,0.1,0.0,1e-06,0.0,0.0,0,unit_total_var,0.06582278481012659,2.6991488368664687,0.924175,2.6991488368664687,2.6991494712486155,1.0207241238902045e-06,9.751120870760133e-07,0.03698835658967162,0.013703711364287949,0.05951446227105137,0.29129182389468605,0.0988625,0.101325
0.1,0.1,0.0,1e-06,0.0,0.0,0,unit_total_var,0.0720253164556962,2.7002135009018318,0.9307875,2.700214537140119,2.7002135009018318,1.666655186305377e-06,7.194165223545212e-07,0.0363538688871717,0.0134633312791859,0.05847050482585884,0.29129182389468605,0.0988625,0.101325
0.1,0.1,0.0,1e-06,0.0,0.0,0,unit_total_var,0.07822784810126583,2.634690860220096,0.93565,2.634690860220096,2.634690877171661,2.794244924331224e-08,8.401189290907496e-07,0.034747818603035746,0.013188575224393878,0.05727725444120201,0.29129182389468605,0.0988625,0.101325
0.1,0.1,0.0,1e-06,0.0,0.0,0,unit_total_var,0.08443037974683544,2.5409633428556457,0.9389875,2.540963465687498,2.5409633428556457,2.0994082650105386e-07,9.477385702894026e-07,0.03284978306945082,0.01292808224164808,0.05614594779139183,0.29129182389468605,0.0988625,0.101325
0.1,0.1,0.0,1e-06,0.0,0.0,0,unit_total_var,0.09063291139240506,2.4381340815874504,0.9417625,2.4381342239753,2.4381340815874504,2.5362942945861283e-07,8.921515011195423e-07,0.030937517800761143,0.012689014125350305,0.05510768815432053,0.29129182389468605,0.0988625,0.101325
0.1,0.1,0.0,1e-06,0.0,0.0,0,unit_total_var,0.09683544303797467,2.3349865576305544,0.9435,2.3349867202286205,2.3349865576305544,3.0242332771379665e-07,8.769988717460819e-07,0.02911430721223368,0.01246872583359865,0.05415098825896417,0.29129182389468605,0.0988625,0.101325
0.1,0.1,0.0,1e-06,0.0,0.0,0,unit_total_var,0.1030379746835443,2.2353627429117866,0.9451125,2.2353629266138997,2.2353627429117866,3.56903196774283e-07,9.297541119224207e-07,0.0274196945272236,0.012266328860570821,0.05327198937356509,0.29129182389468605,0.0988625,0.101325
0.1,0.1,0.0,1e-06,0.0,0.0,0,unit_total_var,0.10924050632911393,2.1406895654887825,0.9466125,2.1406895654887825,2.140689571156862,1.1499171836959475e-08,9.51158810380548e-07,0.02586093361820785,0.012080655707920468,0.052465621117228814,0.2976985522512856,0.0988625,0.101325
0.1,0.1,0.0,1e-06,0.0,0.0,0,unit_total_var,0.11544303797468355,2.0511994574099743,0.947925,2.0511996845219715,2.0511994574099743,4.808575844172935e-07,9.336658663983143e-07,0.02442930425005717,0.011909765362800832,0.051723453778268806,0.2976985522512856,0.0988625,0.101325
0.1,0.1,0.0,1e-06,0.0,0.0,0,unit_total_var,0.12164556962025315,1.9665625849612696,0.9490375,1.96656282469964,1.9665625849612696,5.294367220187722e-07,9.76518315098929e-07,0.023111400415807733,0.011752181492999824,0.051039075727353424,0.2976985522512856,0.0988625,0.101325
0.1,0.1,0.0,1e-06,0.0,0.0,0,unit_total_var,0.12784810126582274,1.8862958717426197,0.950025,1.886296127051824,1.8862958717426197,5.878153737093329e-07,9.060688608286682e-07,0.02189622462971753,0.01160805415403317,0.05041313864730725,0.2976985522512856,0.0988625,0.101325
0.1,0.1,0.0,1e-06,0.0,0.0,0,unit_total_var,0.1340506329113924,1.8100016185280767,0.9512,1.8100018912718732,1.8100016185280767,6.544254738116706e-07,9.606268438488994e-07,0.020779627676176617,0.011480447013674469,0.04985894787821487,0.2976985522512856,0.0988625,0.101325
0.1,0.1,0.0,1e-06,0.0,0.0,0,unit_total_var,0.14025316455696205,1.737399008306602,0.9520625,1.7373992997366898,1.737399008306602,7.284824490305651e-07,8.999887661786944e-07,0.019759796661550862,0.011373205905539354,0.04939320566325217,0.2976985522512856,0.0988625,0.101325
0.1,0.1,0.0,1e-06,0.0,0.0,0,unit_total_var,0.14645569620253165,1.6682286363842922,0.9532125,1.6682289502921095,1.6682286363842922,8.172046506160768e-07,9.646030267873584e-07,0.018830148554948543,0.011287510683044552,0.04902103604070253,0.2976985522512856,0.0988625,0.101325
0.1,0.1,0.0,1e-06,0.0,0.0,0,unit_total_var,0.15265822784810126,1.6021769177324174,0.9542625,1.602177262120574,1.6021769177324174,9.335165063184549e-07,9.322120853028082e-07,0.01797824935867947,0.011221138664339473,0.04873278602593857,0.2976985522512856,0.0988625,0.101325
0.1,0.1,0.0,1e-06,0.0,0.0,0,unit_total_var,0.1588607594936709,1.5388591845897237,0.955025,1.5388595509762495,1.5388591845897237,1.0340103184791616e-06,9.276333567953545e-07,0.017188542336408402,0.011169665495411171,0.04850924089362222,0.2976985522512856,0.0988625,0.101325
0.1,0.1,0.0,1e-06,0.0,0.0,0,unit_total_var,0.1650632911392405,1.4779066003418648,0.955875,1.4779070006308903,1.4779066003418648,1.1762806353399211e-06,9.463915056073801e-07,0.016448291127442356,0.011129452377868523,0.04833459754313325,0.2976985522512856,0.0988625,0.101325
0.1,0.1,0.0,1e-06,0.0,0.0,0,unit_total_var,0.17126582278481015,1.419043673983419,0.9565125,1.4190440955738757,1.419043673983419,1.2902660084801454e-06,9.83926915054667e-07,0.015750783987908724,0.011099576620989022,0.04820484877957873,0.2976985522512856,0.0988625,0.101325
0.1,0.1,0.0,1e-06,0.0,0.0,0,unit_total_var,0.17746835443037975,1.3620698932381228,0.9573,1.3620703437237411,1.3620698932381228,1.4363681839490994e-06,9.267708183102741e-07,0.015091398862142029,0.011079753643379068,0.04811875868166978,0.2976985522512856,0.0988625,0.101325
0.1,0.1,0.0,1e-06,0.0,0.0,0,unit_total_var,0.18367088607594936,1.3068522285548112,0.9581625,1.3068527158655336,1.3068522285548112,1.6194357224108558e-06,9.8708845897022e-07,0.01446532697857646,0.011068831396930785,0.04807132396804501,0.2976985522512856,0.0988625,0.101325
0.1,0.1,0.0,1e-06,0.0,0.0,0,unit_total_var,0.18987341772151897,1.2533020631673195,0.9588375,1.2533025937620486,1.2533020631673195,1.8386175284490487e-06,9.508701488414316e-07,0.013868227966983228,0.011065351581673554,0.04805621132240243,0.2976985522512856,0.0988625,0.101325
0.1,0.1,0.0,1e-06,0.0,0.0,0,unit_total_var,0.1960759493670886,1.20134263176498,0.959325,1.2013431854113976,1.20134263176498,2.0014733709272647e-06,9.269930583144514e-07,0.013296801803877193,0.011068284311480641,0.04806894800612373,0.2976985522512856,0.0988625,0.101325
0.1,0.1,0.0,1e-06,0.0,0.0,0,unit_total_var,0.20227848101265825,1.1508988600520895,0.960025,1.1508994566964392,1.1508988600520895,2.2514513704496864e-06,9.516595786962513e-07,0.012749196199944992,0.01107759912054128,0.048109401707873936,0.2976985522512856,0.0988625,0.101325
0.1,0.1,0.0,1e-06,0.0,0.0,0,unit_total_var,0.20848101265822785,1.1018771246797965,0.9605875,1.1018771246797965,1.101877132898391,3.239281609612732e-08,9.47287293051602e-07,0.012224908117631932,0.011094620120355498,0.04818332297083183,0.2998271163841647,0.0988625,0.101325
0.1,0.1,0.0,1e-06,0.0,0.0,0,unit_total_var,0.21468354430379746,1.0541579054276808,0.961275,1.0541586006256165,1.0541579054276808,2.86409204908189e-06,9.501940381184679e-07,0.011722826632233448,0.011120560375134118,0.048295980065927016,0.2998271163841647,0.0988625,0.101325
0.1,0.1,0.0,1e-06,0.0,0.0,0,unit_total_var,0.2208860759493671,1.007635253995769,0.9617125,1.0076360334142724,1.007635253995769,3.3593209736587637e-06,9.940152674303706e-07,0.011239768939553174,0.011154600729760066,0.04844381544768783,0.2998271163841647,0.0988625,0.101325
0.1,0.1,0.0,1e-06,0.0,0.0,0,unit_total_var,0.2270886075949367,0.962254231446772,0.9623375,0.9622550372183604,0.962254231446772,3.6366897285255995e-06,9.58918332294445e-07,0.010771521143248676,0.011194049130917762,0.04861513767711475,0.2998271163841647,0.0988625,0.101325
0.1,0.1,0.0,1e-06,0.0,0.0,0,unit_total_var,0.23329113924050635,0.9179811804961798,0.9627875,0.9179820291905868,0.9179811804961798,4.015149059899414e-06,9.428646952081009e-07,0.010313512304468146,0.011234993182424031,0.0487929554334741,0.2998271163841647,0.0988625,0.101325
0.1,0.1,0.0,1e-06,0.0,0.0,0,unit_total_var,0.23949367088607595,0.8747513475170148,0.963325,0.8747522652307879,0.8747513475170148,4.556241264275229e-06,9.510229359577238e-07,0.009860467056463384,0.011272308507385968,0.048955013830688066,0.2998271163841647,0.0988625,0.101325
0.1,0.1,0.0,1e-06,0.0,0.0,0,unit_total_var,0.2456962025316456,0.8324864604904746,0.9635875,0.8324874776321263,0.8324864604904746,5.306257311654683e-06,9.818365556135687e-07,0.009408286771295562,0.01130142917369791,0.049081483277574285,0.2998271163841647,0.0988625,0.101325
0.1,0.1,0.0,1e-06,0.0,0.0,0,unit_total_var,0.2518987341772152,0.7911406362852808,0.96385,0.7911416972353019,0.7911406362852808,5.8240521303432055e-06,9.533216167589842e-07,0.00895581814280276,0.011320134160790779,0.049162718004359326,0.2998271163841647,0.0988625,0.101325
0.1,0.1,0.0,1e-06,0.0,0.0,0,unit_total_var,0.2581012658227848,0.7506813663132093,0.9644,0.7506825489192911,0.7506813663132093,6.841769545573584e-06,9.507432281452566e-07,0.008503456883032185,0.011327651470549836,0.049195365265830494,0.2998271163841647,0.0988625,0.101325
0.1,0.1,0.0,1e-06,0.0,0.0,0,unit_total_var,0.2643037974683544,0.7110662126559674,0.9647,0.7110674662803156,0.7110662126559674,7.65669423152815e-06,9.734109736037055e-07,0.008051960104462042,0.011323783863089826,0.04917856846004999,0.2998271163841647,0.0988625,0.101325
0.1,0.1,0.0,1e-06,0.0,0.0,0,unit_total_var,0.2705063291139241,0.6722784168347238,0.9650375,0.6722797737879166,0.6722784168347238,8.765961754919617e-06,9.432588963242948e-07,0.0076035018399157,0.011310049005760336,0.04911891873257072,0.2998271163841647,0.0988625,0.101325
0.1,0.1,0.0,1e-06,0.0,0.0,0,unit_total_var,0.2767088607594937,0.634350392943995,0.96545,0.6343518813866454,0.634350392943995,1.0190293543432816e-05,9.958276172561398e-07,0.007161588444541444,0.011289641378331612,0.0490302895327604,0.2998271163841647,0.0988625,0.101325
0.1,0.1,0.0,1e-06,0.0,0.0,0,unit_total_var,0.2829113924050633,0.5973122680555703,0.9658875,0.5973138288089214,0.5973122680555703,1.1347928356553185e-05,9.385892671964769e-07,0.006728799985570977,0.011265129389482036,0.04892383531778196,0.2998271163841647,0.0988625,0.101325
0.1,0.1,0.0,1e-06,0.0,0.0,0,unit_total_var,0.2891139240506329,0.5611433581859865,0.966125,0.5611451108584341,0.5611433581859865,1.3564711633495817e-05,9.79139015866437e-07,0.0063051059737216355,0.011236176783958048,0.048798095749624064,0.2998271163841647,0.0988625,0.101325
0.1,0.1,0.0,1e-06,0.0,0.0,0,unit_total_var,0.2953164556962025,0.5258167089703429,0.9665,0.5258186076388955,0.5258167089703429,1.5681886341045725e-05,9.826660158918088e-07,0.0058882256027684024,0.01119824741647856,0.04863337059963984,0.2998271163841647,0.0988625,0.101325
0.1,0.1,0.0,1e-06,0.0,0.0,0,unit_total_var,0.3015189873417722,0.4913895249193185,0.9667375,0.491391505439182,0.4913895249193185,1.7503977416399866e-05,9.647396457257427e-07,0.005478311479774903,0.011148612662580446,0.04841780960235406,0.2998271163841647,0.0988625,0.101325
0.1,0.1,0.0,1e-06,0.0,0.0,0,unit_total_var,0.3077215189873418,0.4580077040738351,0.9671625,0.4580077137017896,0.4580077040738351,9.129469713542447e-08,9.817557109492723e-07,0.00507850636446874,0.011088255326923578,0.04815568102417247,0.2996197191665567,0.0988625,0.101325
0.1,0.1,0.0,1e-06,0.0,0.0,0,unit_total_var,0.3139240506329114,0.4258361381638141,0.9675625,0.4258384670959546,0.4258361381638141,2.375185008718361e-05,9.6652454728563e-07,0.004694249019193712,0.011023604148382282,0.047874904523282205,0.2996197191665567,0.0988625,0.101325
0.1,0.1,0.0,1e-06,0.0,0.0,0,unit_total_var,0.320126582278481,0.3949391217105373,0.9679125,0.3949416145468788,0.3949391217105373,2.7412367910706337e-05,9.669970146841678e-07,0.00432905128160717,0.010961312879963462,0.04760437698183173,0.2996197191665567,0.0988625,0.101325
0.1,0.1,0.0,1e-06,0.0,0.0,0,unit_total_var,0.3263291139240506,0.3652943217108176,0.96825,0.3652970709543735,0.3652943217108176,3.268533732381229e-05,9.964196123757318e-07,0.003982481711277585,0.010902117757062443,0.047347295829516745,0.2996197191665567,0.0988625,0.101325
0.1,0.1,0.0,1e-06,0.0,0.0,0,unit_total_var,0.3325316455696203,0.33683589474618203,0.968675,0.3368387726569949,0.33683589474618203,3.7105767693113016e-05,9.716140256799122e-07,0.0036536268864313546,0.010846904808599732,0.047107509041047116,0.2996197191665567,0.0988625,0.101325
0.1,0.1,0.0,1e-06,0.0,0.0,0,unit_total_var,0.3387341772151899,0.3095050892799675,0.968875,0.3095082146050088,0.3095050892799675,4.385403063533744e-05,9.798242087688536e-07,0.003342107277290474,0.010798230442883996,0.046896118956642266,0.2996197191665567,0.0988625,0.101325
0.1,0.1,0.0,1e-06,0.0,0.0,0,unit_total_var,0.3449367088607595,0.2832874280379706,0.968875,0.28329087294278504,0.2832874280379706,5.2811876099845285e-05,9.808171663738818e-07,0.0030485513228653447,0.010761336441858376,0.04673589034603466,0.2996197191665567,0.0988625,0.101325
0.1,0.1,0.0,1e-06,0.0,0.0,0,unit_total_var,0.3511392405063291,0.25815247947318104,0.969425,0.25815621285447904,0.25815247947318104,6.280687970949828e-05,9.85059707914182e-07,0.002772077859278866,0.010738141523706928,0.04663515609642095,0.2996197191665567,0.0988625,0.101325
0.1,0.1,0.0,1e-06,0.0,0.0,0,unit_total_var,0.3573417721518987,0.2340545653714772,0.9699,0.2340586291715454,0.2340545653714772,7.540423836793764e-05,9.692926253856982e-07,0.002510305419313821,0.0107252999544342,0.04657938586967971,0.2996197191665567,0.0988625,0.101325
0.1,0.1,0.0,1e-06,0.0,0.0,0,unit_total_var,0.3635443037974684,0.21100662194678332,0.97,0.21101107451332676,0.21100662194678332,9.164189541799317e-05,9.92549028189238e-07,0.002261403874318247,0.010717217561487628,0.046544284483107004,0.2996197191665567,0.0988625,0.101325
0.1,0.1,0.0,1e-06,0.0,0.0,0,unit_total_var,0.369746835443038,0.1891584733156182,0.9702375,0.1891633199299572,0.1891584733156182,0.000111273413321733,9.808035023040065e-07,0.0020268256170236578,0.010714960749560616,0.046534483273441056,0.2996197191665567,0.0988625,0.101325
0.1,0.1,0.0,1e-06,0.0,0.0,0,unit_total_var,0.3759493670886076,0.16855088055743855,0.970425,0.16855614199810462,0.16855088055743855,0.0001355661256177143,9.846987191197698e-07,0.001807212392477891,0.010722058446096527,0.046565308177838764,0.2996197191665567,0.0988625,0.101325
0.1,0.1,0.0,1e-06,0.0,0.0,0,unit_total_var,0.3821518987341772,0.14913034307679415,0.9706875,0.14913614667199945,0.14913034307679415,0.00016900788119400545,9.824246087752895e-07,0.0016017701679572286,0.010740739509547046,0.04664643900556521,0.2996197191665567,0.0988625,0.101325
0.1,0.1,0.0,1e-06,0.0,0.0,0,unit_total_var,0.3883544303797468,0.13091249517781076,0.9708375,0.13091886429525793,0.13091249517781076,0.00021128657530056216,9.863174613711223e-07,0.0014104781965027756,0.01077420604188321,0.046791782308785536,0.2996197191665567,0.0988625,0.101325
0.1,0.1,0.0,1e-06,0.0,0.0,0,unit_total_var,0.3945569620253165,0.114004413082939,0.9712375,0.11401127039890788,0.114004413082939,0.0002612183900136955,9.747177538432794e-07,0.0012336288590981668,0.010820886891463521,0.04699451466261838,0.2996197191665567,0.0988625,0.101325
0.1,0.1,0.0,1e-06,0.0,0.0,0,unit_total_var,0.4007594936708861,0.09847594668976813,0.9715875,0.09848347290452897,0.09847594668976813,0.0003319052776014076,9.839486072027448e-07,0.0010719114233482471,0.010885007551388394,0.04727298715043205,0.2996197191665567,0.0988625,0.101325
0.1,0.1,0.0,1e-06,0.0,0.0,0,unit_total_var,0.4069620253164557,0.08425249586045133,0.9717125,0.08425254738516283,0.08425249586045133,2.6559321248953442e-06,9.965985313942214e-07,0.0009230323298103811,0.010955548798687379,0.04757934389491728,0.3004848654046641,0.0988625,0.101325
0.1,0.1,0.0,1e-06,0.0,0.0,0,unit_total_var,0.4131645569620253,0.07129878584515556,0.971875,0.07130794673253063,0.07129878584515556,0.0005579712500072277,9.95898904732062e-07,0.000785453972939555,0.011016372349528913,0.04784349721991968,0.3004848654046641,0.0988625,0.101325
0.1,0.1,0.0,1e-06,0.0,0.0,0,unit_total_var,0.4193670886075949,0.05963474205965955,0.972025,0.0596448327885292,0.05963474205965955,0.0007348027325715378,9.831105145519103e-07,0.0006592964547066769,0.011055576530323654,0.048013758813786604,0.3004848654046641,0.0988625,0.101325
0.1,0.1,0.0,1e-06,0.0,0.0,0,unit_total_var,0.4255696202531646,0.04924667657492771,0.9722125,0.04925778223671239,0.04924667657492771,0.0009792709303901859,9.950414048415235e-07,0.0005450135934674861,0.011067012667103741,0.04806342532476544,0.3004848654046641,0.0988625,0.101325
0.1,0.1,0.0,1e-06,0.0,0.0,0,unit_total_var,0.4317721518987342,0.04012972969025959,0.9724,0.04014185747330242,0.04012972969025959,0.0013123022676904126,9.870991607846549e-07,0.00044386398822754533,0.011060727088208657,0.0480361274024684,0.3004848654046641,0.0988625,0.101325
0.1,0.1,0.0,1e-06,0.0,0.0,0,unit_total_var,0.4379746835443038,0.0322320312098327,0.972575,0.03224552081391732,0.0322320312098327,0.0018172094065640465,9.99150887401323e-07,0.00035607342374264226,0.011047191578606392,0.04797734343116829,0.3004848654046641,0.0988625,0.101325
0.1,0.1,0.0,1e-06,0.0,0.0,0,unit_total_var,0.4441772151898734,0.02545065813705149,0.9726125,0.025465626795000137,0.02545065813705149,0.002553527125771282,9.920567030433092e-07,0.00028083523060100726,0.011034497775606151,0.047922214945194566,0.3004848654046641,0.0988625,0.101325
0.1,0.1,0.0,1e-06,0.0,0.0,0,unit_total_var,0.450379746835443,0.01976691728670098,0.9726125,0.019783186009395343,0.01976691728670098,0.003572894280136296,9.903721864476522e-07,0.00021759852275404662,0.011008217396672423,0.04780808070966214,0.3004848654046641,0.0988625,0.101325
0.1,0.1,0.0,1e-06,0.0,0.0,0,unit_total_var,0.4565822784810127,0.015098615891572752,0.9727375,0.01511653052047894,0.015098615891572752,0.005149884289732397,9.969168013601593e-07,0.00016551009065168622,0.01096193795777434,0.047607091660271966,0.3004848654046641,0.0988625,0.101325
0.1,0.1,0.0,1e-06,0.0,0.0,0,unit_total_var,0.4627848101265823,0.011340402724379316,0.9728,0.011359678557336614,0.011340402724379316,0.007375647510372119,9.9648789420384e-07,0.00012370860543236496,0.010908660692130385,0.04737571143547132,0.3004848654046641,0.0988625,0.101325
0.1,0.1,0.0,1e-06,0.0,0.0,0,unit_total_var,0.4689873417721519,0.00840737559740056,0.9728875,0.008427958538405535,0.00840737559740056,0.010619405687599226,9.89384869597848e-07,9.122302305637356e-05,0.010850356570792244,0.047122499853777616,0.3004848654046641,0.0988625,0.101325
0.1,0.1,0.0,1e-06,0.0,0.0,0,unit_total_var,0.4751898734177215,0.006148058820479218,0.9729125,0.006170162117829449,0.006148058820479218,0.015585611626164562,9.914947113384004e-07,6.633371149125733e-05,0.010789374895096866,0.046857659801260436,0.3004848654046641,0.0988625,0.101325
0.1,0.1,0.0,1e-06,0.0,0.0,0,unit_total_var,0.4813924050632911,0.004437717633679262,0.9729625,0.004461121911101526,0.004437717633679262,0.02284426395664596,9.918555668869677e-07,4.7562738203689315e-05,0.010717837890973605,0.04654697853983422,0.3004848654046641,0.0988625,0.101325
0.1,0.1,0.0,1e-06,0.0,0.0,0,unit_total_var,0.4875949367088608,0.003169361389400821,0.9729,0.003193981618393878,0.003169361389400821,0.03360649563119367,9.950434318468232e-07,3.3708525454068016e-05,0.010635746862695493,0.04619046173388475,0.3004848654046641,0.0988625,0.101325
0.1,0.1,0.0,1e-06,0.0,0.0,0,unit_total_var,0.4937974683544304,0.002238100221515671,0.97285,0.0022595781669421024,0.002238100221515671,0.041478395205857055,9.940096775025442e-07,2.358935669917516e-05,0.010539901865163187,0.04577421219842163,0.3004848654046641,0.0988625,0.101325
0.1,0.1,0.0,1e-06,0.0,0.0,0,unit_total_var,0.5,0.0015690594421119658,0.9728625,0.0015877778385550627,0.0015690594421119658,0.05150339302539564,9.9693822016092e-07,1.637916759950743e-05,0.01043884454591532,0.0453353258373688,0.3004848654046641,0.0988625,0.101325
0.1,0.1,1.0,1.0,0.0,0.0,0,unit_total_var,0.01,1.0015388917511658,0.9999875,1.0015388917511658,1.00153889175995,3.8089214941805505e-11,9.683371899882331e-07,0.017380567647602128,0.01735386193262314,0.0753668647704913,0.2967510756405088,0.101325,0.101325
0.1,0.1,1.0,1.0,0.0,0.0,0,unit_total_var,0.016202531645569618,0.9931560060788918,0.9999875,0.9931560062612776,0.9931560060788918,7.975502584744997e-10,9.510057168427013e-07,0.017099126210391585,0.017216958972942373,0.0747723027710355,0.2967510756405088,0.101325,0.101325
0.1,0.1,1.0,1.0,0.0,0.0,0,unit_total_var,0.02240506329113924,0.984785208093952,0.9999875,0.9847852084065392,0.984785208093952,1.3785228097917825e-09,7.999838089745026e-07,0.016827865699785127,0.01708785384008295,0.07421160630317318,0.2967510756405088,0.101325,0.101325
0.1,0.1,1.0,1.0,0.0,0.0,0,unit_total_var,0.028607594936708863,0.9764286487478347,0.9999875,0.9764286492931308,0.9764286487478347,2.4253595520828952e-09,7.624011857387815e-07,0.016563552414916055,0.016963402739316426,0.07367112203987627,0.2967510756405088,0.101325,0.101325
0.1,0.1,1.0,1.0,0.0,0.0,0,unit_total_var,0.03481012658227848,0.9680859009481,0.9999875,0.9680859017734,0.9680859009481,3.702392031845747e-09,7.849398002690576e-07,0.01630460443409735,0.016842105042671682,0.0731443328366724,0.2967510756405088,0.101325,0.101325
0.1,0.1,1.0,1.0,0.0,0.0,0,unit_total_var,0.0410126582278481,0.9597556361427744,0.9999875,0.9597556373910008,0.9597556361427744,5.648289252979666e-09,8.514050620078706e-07,0.016050089648561475,0.016723100176901533,0.0726275012714363,0.2967510756405088,0.101325,0.101325
0.1,0.1,1.0,1.0,0.0,0.0,0,unit_total_var,0.047215189873417725,0.9514361744544222,0.9999875,0.951436176336464,0.9514361744544222,8.590805816721671e-09,9.585002089806947e-07,0.015799395022639915,0.01660583804446966,0.07211823830092258,0.2967510756405088,0.101325,0.101325
0.1,0.1,1.0,1.0,0.0,0.0,0,unit_total_var,0.05341772151898734,0.94312571516567,0.9999875,0.9431257173298532,0.94312571516567,9.965721359250779e-09,8.458670208710828e-07,0.015552087284798741,0.016489940879267462,0.07161490330776714,0.2967510756405088,0.101325,0.101325
0.1,0.1,1.0,1.0,0.0,0.0,0,unit_total_var,0.05962025316455696,0.9348224477973448,0.9999875,0.9348224506490292,0.9348224477973448,1.3248192987092013e-08,7.653580098576641e-07,0.01530784462595412,0.01637513590096483,0.0711163116220486,0.2967510756405088,0.101325,0.101325
0.1,0.1,1.0,1.0,0.0,0.0,0,unit_total_var,0.06582278481012659,0.9265246126346568,0.9999875,0.9265246163558624,0.9265246126346568,1.7442592037397734e-08,9.22975104344914e-07,0.015066419522863559,0.016261218879033156,0.07062157628185081,0.2967510756405088,0.101325,0.101325
0.1,0.1,1.0,1.0,0.0,0.0,0,unit_total_var,0.0720253164556962,0.9182305372793248,1.0,0.9182305415487576,0.9182305372793248,2.0193089644848786e-08,8.649401053162365e-07,0.014827616871349732,0.016148032840732227,0.07013001556322496,0.2967510756405088,0.101325,0.101325
0.1,0.1,1.0,1.0,0.0,0.0,0,unit_total_var,0.07822784810126583,0.9099386556102328,1.0,0.9099386611847018,0.9099386556102328,2.6605762426523686e-08,8.221248890549759e-07,0.014591280219850691,0.016035454840706082,0.06964109552127437,0.2967510756405088,0.101325,0.101325
0.1,0.1,1.0,1.0,0.0,0.0,0,unit_total_var,0.08443037974683544,0.9016475230684896,1.0,0.9016475294502568,0.9016475230684896,3.073891136073925e-08,7.909519865734183e-07,0.01435728277671026,0.01592338736521952,0.06915439265922795,0.2967510756405088,0.101325,0.101325
0.1,0.1,1.0,1.0,0.0,0.0,0,unit_total_var,0.09063291139240506,0.8933558241606779,1.0,0.8933558324571909,0.8933558241606779,4.033252665180953e-08,9.960316731394414e-07,0.01412552118360345,0.015811752497247783,0.06866956858774673,0.2967510756405088,0.101325,0.101325
0.1,0.1,1.0,1.0,0.0,0.0,0,unit_total_var,0.09683544303797467,0.8850623820647947,1.0,0.8850623915545446,0.8850623820647947,4.6565598821324266e-08,9.752055234457657e-07,0.013895911170276573,0.015700487843419906,0.06818635233586351,0.2967510756405088,0.101325,0.101325
0.1,0.1,1.0,1.0,0.0,0.0,0,unit_total_var,0.1030379746835443,0.8767661566335954,1.0,0.8767661675709338,0.8767661566335954,5.4176654606941106e-08,8.221517262541057e-07,0.013668384208719242,0.015589543580468428,0.067704527523877,0.2967510756405088,0.101325,0.101325
0.1,0.1,1.0,1.0,0.0,0.0,0,unit_total_var,0.10924050632911393,0.8684662504989239,1.0,0.8684662506404833,0.8684662504989239,7.078971853147209e-10,9.56816755603995e-07,0.013442885038259574,0.015478880187384128,0.06722392251422499,0.29621735066710303,0.101325,0.101325
0.1,0.1,1.0,1.0,0.0,0.0,0,unit_total_var,0.11544303797468355,0.8601619082517579,1.0,0.8601619224329273,0.8601619082517579,7.160051485044504e-08,9.572187913420294e-07,0.013219369859542585,0.015368466951077134,0.06674440392165291,0.29621735066710303,0.101325,0.101325
0.1,0.1,1.0,1.0,0.0,0.0,0,unit_total_var,0.12164556962025315,0.8518525172388589,1.0,0.8518525334434011,0.8518525172388589,8.261457207225932e-08,9.63112260166099e-07,0.012997804639118812,0.015258280484101959,0.06626587017577558,0.29621735066710303,0.101325,0.101325
0.1,0.1,1.0,1.0,0.0,0.0,0,unit_total_var,0.12784810126582274,0.843537606274962,1.0,0.8435376247861793,0.843537606274962,9.530481381858637e-08,9.7405210297552e-07,0.01277816390226386,0.015148303771176094,0.06578824738015995,0.29621735066710303,0.101325,0.101325
0.1,0.1,1.0,1.0,0.0,0.0,0,unit_total_var,0.1340506329113924,0.8352168441634221,1.0,0.8352168653030799,0.8352168441634221,1.0992159327205543e-07,9.897273471892731e-07,0.012560429639954605,0.015038525297625557,0.06531148552721236,0.29621735066710303,0.101325,0.101325
0.1,0.1,1.0,1.0,0.0,0.0,0,unit_total_var,0.14025316455696205,0.8268900402454251,1.0,0.8268900616356821,0.8268900402454251,1.1234468988430278e-07,7.930059666705347e-07,0.012344590422031041,0.014928938336670625,0.0648355554028996,0.29621735066710303,0.101325,0.101325
0.1,0.1,1.0,1.0,0.0,0.0,0,unit_total_var,0.14645569620253165,0.8185571310245444,1.0,0.8185571554587993,0.8185571310245444,1.296386225035917e-07,8.140653768862194e-07,0.012130640414853368,0.01481954032905448,0.0643604458925106,0.29621735066710303,0.101325,0.101325
0.1,0.1,1.0,1.0,0.0,0.0,0,unit_total_var,0.15265822784810126,0.8102181922851399,1.0,0.8102182201864205,0.8102181922851399,1.4955689864315502e-07,8.386451817443684e-07,0.011918578895749569,0.01471033236384683,0.06388616172581496,0.29621735066710303,0.101325,0.101325
0.1,0.1,1.0,1.0,0.0,0.0,0,unit_total_var,0.1588607594936709,0.8018734253427616,1.0,0.8018734571905333,0.8018734253427616,1.724874622022199e-07,8.667702147135969e-07,0.01170840943698496,0.014601318695628538,0.0634127213802226,0.29621735066710303,0.101325,0.101325
0.1,0.1,1.0,1.0,0.0,0.0,0,unit_total_var,0.1650632911392405,0.7935231552337547,1.0,0.7935231915709727,0.7935231552337547,1.988732500901591e-07,8.985045845122385e-07,0.011500139343135244,0.01449250632106325,0.06294015524185764,0.29621735066710303,0.101325,0.101325
0.1,0.1,1.0,1.0,0.0,0.0,0,unit_total_var,0.17126582278481015,0.7851678260731829,1.0,0.7851678675141462,0.7851678260731829,2.2921954490051638e-07,9.339472732960985e-07,0.011293779098143246,0.01438390459097924,0.06246850392085133,0.29621735066710303,0.101325,0.101325
0.1,0.1,1.0,1.0,0.0,0.0,0,unit_total_var,0.17746835443037975,0.7768079960401827,1.0,0.776808038461191,0.7768079960401827,2.371655465349676e-07,9.732290529029795e-07,0.011089341854248178,0.014275524853987918,0.061997816703596775,0.29621735066710303,0.101325,0.101325
0.1,0.1,1.0,1.0,0.0,0.0,0,unit_total_var,0.18367088607594936,0.7684443372278303,1.0,0.7684443804169098,0.7684443372278303,2.440876643028389e-07,8.102344004612405e-07,0.01088684302883335,0.014167380122947788,0.06152815010422037,0.29621735066710303,0.101325,0.101325
0.1,0.1,1.0,1.0,0.0,0.0,0,unit_total_var,0.18987341772151897,0.7600776098924719,1.0,0.7600776591794116,0.7600776098924719,2.8161657428249503e-07,8.498774235476958e-07,0.010686299591698235,0.014059484784994556,0.06105956660525861,0.29621735066710303,0.101325,0.101325
0.1,0.1,1.0,1.0,0.0,0.0,0,unit_total_var,0.1960759493670886,0.7517086858045484,1.0,0.7517087420186402,0.7517086858045484,3.247730062660992e-07,8.932080284296263e-07,0.010487730058418836,0.013951854297378372,0.06059213333669596,0.29621735066710303,0.101325,0.101325
0.1,0.1,1.0,1.0,0.0,0.0,0,unit_total_var,0.20227848101265825,0.7433385189361279,1.0,0.743338587317467,0.7433385189361279,3.9951699171147936e-07,9.091314510101255e-07,0.01029115385893455,0.013844505022642084,0.0601259213601531,0.29621735066710303,0.101325,0.101325
0.1,0.1,1.0,1.0,0.0,0.0,0,unit_total_var,0.20848101265822785,0.7349681615588861,1.0,0.7349681615588861,0.7349681653266834,2.226400619420588e-08,9.320363396625452e-07,0.010096591054144836,0.013737453650685644,0.05966100315894456,0.29988434910403305,0.101325,0.101325
0.1,0.1,1.0,1.0,0.0,0.0,0,unit_total_var,0.21468354430379746,0.7265987413901004,1.0,0.7265988087888696,0.7265987413901004,4.0284837510284893e-07,8.439857186459677e-07,0.009904062073372702,0.013630717353603774,0.05919745331053014,0.29988434910403305,0.101325,0.101325
0.1,0.1,1.0,1.0,0.0,0.0,0,unit_total_var,0.2208860759493671,0.7182314306452918,1.0,0.7182315074873928,0.7182314306452918,4.6464269365387173e-07,8.945948994920626e-07,0.009713587176517798,0.013524313698985116,0.058735348109977915,0.29988434910403305,0.101325,0.101325
0.1,0.1,1.0,1.0,0.0,0.0,0,unit_total_var,0.2270886075949367,0.7098674991722513,1.0,0.7098675867204355,0.7098674991722513,5.356167309678028e-07,9.494610413440796e-07,0.009525186601349477,0.013418259904075651,0.05827476233083712,0.29988434910403305,0.101325,0.101325
0.1,0.1,1.0,1.0,0.0,0.0,0,unit_total_var,0.23329113924050635,0.7015082743707868,1.0,0.7015083557206391,0.7015082743707868,5.036261323532186e-07,8.179836399335727e-07,0.009338880160891487,0.013312573068746673,0.057815770236905185,0.29988434910403305,0.101325,0.101325
0.1,0.1,1.0,1.0,0.0,0.0,0,unit_total_var,0.23949367088607595,0.6931551104371736,1.0,0.6931552031818303,0.6931551104371736,5.81089129259027e-07,8.719349260388753e-07,0.009154686695968594,0.013207270000786295,0.057358444823478426,0.29988434910403305,0.101325,0.101325
0.1,0.1,1.0,1.0,0.0,0.0,0,unit_total_var,0.2456962025316456,0.6848094328855595,1.0,0.6848095385414998,0.6848094328855595,6.700519317170972e-07,9.303599668442076e-07,0.008972624502275203,0.013102366981814991,0.056902856800736125,0.29988434910403305,0.101325,0.101325
0.1,0.1,1.0,1.0,0.0,0.0,0,unit_total_var,0.2518987341772152,0.6764726994510777,1.0,0.6764728088359803,0.6764726994510777,7.022494150632497e-07,9.93592003339927e-07,0.008792710784538776,0.012997879724745141,0.056449074408989726,0.29988434910403305,0.101325,0.101325
0.1,0.1,1.0,1.0,0.0,0.0,0,unit_total_var,0.2581012658227848,0.6681464140126806,1.0,0.6681465265907058,0.6681464140126806,7.317559445052524e-07,8.682763699141559e-07,0.008614961756033242,0.012893823232986386,0.055997162807219336,0.29988434910403305,0.101325,0.101325
0.1,0.1,1.0,1.0,0.0,0.0,0,unit_total_var,0.2643037974683544,0.6598320743792673,1.0,0.6598322025915504,0.6598320743792673,8.438795842113933e-07,9.306428996325169e-07,0.008439392013481671,0.012790211845068268,0.055547184266867576,0.29988434910403305,0.101325,0.101325
0.1,0.1,1.0,1.0,0.0,0.0,0,unit_total_var,0.2705063291139241,0.6515312340723168,1.0,0.6515313671593387,0.6515312340723168,8.871248262654062e-07,9.981521174040608e-07,0.00826601520647573,0.012687058999167252,0.055099197149193285,0.29988434910403305,0.101325,0.101325
0.1,0.1,1.0,1.0,0.0,0.0,0,unit_total_var,0.2767088607594937,0.6432454673499598,1.0,0.6432456046956945,0.6432454673499598,9.273052252734005e-07,8.812582521500191e-07,0.00809484363015513,0.012584377257261114,0.0546532560101728,0.29988434910403305,0.101325,0.101325
0.1,0.1,1.0,1.0,0.0,0.0,0,unit_total_var,0.2829113924050633,0.6349763199094985,1.0,0.6349764762566158,0.6349763199094985,1.0693419547624927e-06,9.481737457406324e-07,0.007925887709255166,0.012482178406881095,0.05420941204240382,0.29988434910403305,0.101325,0.101325
0.1,0.1,1.0,1.0,0.0,0.0,0,unit_total_var,0.2891139240506329,0.6267253984345326,1.0,0.626725546255964,0.6267253984345326,1.024340557265191e-06,8.431377747086799e-07,0.007759156974607789,0.012380473160955368,0.05376771177154225,0.29988434910403305,0.101325,0.101325
0.1,0.1,1.0,1.0,0.0,0.0,0,unit_total_var,0.2953164556962025,0.6184942567724767,1.0,0.6184944250925029,0.6184942567724767,1.1819099015042411e-06,9.09783478775239e-07,0.007594658889010581,0.01227927148207037,0.05332819846455125,0.29988434910403305,0.101325,0.101325
0.1,0.1,1.0,1.0,0.0,0.0,0,unit_total_var,0.3015189873417722,0.610284478131495,1.0,0.6102846793461794,0.610284478131495,1.4318963663662032e-06,9.360580435213707e-07,0.007432399857580923,0.01217858248719788,0.05289091171593618,0.29988434910403305,0.101325,0.101325
0.1,0.1,1.0,1.0,0.0,0.0,0,unit_total_var,0.3077215189873418,0.6020976734984355,1.0,0.6020976734984355,0.6020976829856974,6.843184552352001e-08,8.44274808287082e-07,0.0072723848152318705,0.012078413744694145,0.052455884394650584,0.2902248387258352,0.101325,0.101325
0.1,0.1,1.0,1.0,0.0,0.0,0,unit_total_var,0.3139240506329114,0.5939353726582864,1.0,0.5939355797748821,0.5939353726582864,1.5144674496703203e-06,9.5370903885339e-07,0.00711461674658239,0.011978772563653484,0.05202314824368777,0.2902248387258352,0.101325,0.101325
0.1,0.1,1.0,1.0,0.0,0.0,0,unit_total_var,0.320126582278481,0.5857991414618431,1.0,0.5857993391401094,0.5857991414618431,1.4655290470066973e-06,8.614001707485386e-07,0.006959097844825339,0.011879665489879572,0.051592731691111886,0.2902248387258352,0.101325,0.101325
0.1,0.1,1.0,1.0,0.0,0.0,0,unit_total_var,0.3263291139240506,0.5776904874691198,1.0,0.5776907124398618,0.5776904874691198,1.6912782005995555e-06,9.34384024375845e-07,0.006805828205219424,0.011781097928470263,0.051164658210964664,0.2902248387258352,0.101325,0.101325
0.1,0.1,1.0,1.0,0.0,0.0,0,unit_total_var,0.3325316455696203,0.5696109607062759,1.0,0.5696111762875292,0.5696109607062759,1.64367853594527e-06,8.49218784182426e-07,0.006654807247226897,0.01168307442499952,0.05073894754442297,0.2902248387258352,0.101325,0.101325
0.1,0.1,1.0,1.0,0.0,0.0,0,unit_total_var,0.3387341772151899,0.5615620143801039,1.0,0.5615622597513946,0.5615620143801039,1.897624333224712e-06,9.231657447372755e-07,0.006506032341713283,0.01158559905248426,0.05031561738037455,0.2902248387258352,0.101325,0.101325
0.1,0.1,1.0,1.0,0.0,0.0,0,unit_total_var,0.3449367088607595,0.5535451530974448,1.0,0.5535453891545583,0.5535451530974448,1.8520310289815711e-06,8.440819465604931e-07,0.006359500303187497,0.01148867489418336,0.049894681109242583,0.2902248387258352,0.101325,0.101325
0.1,0.1,1.0,1.0,0.0,0.0,0,unit_total_var,0.3511392405063291,0.5455617747631707,1.0,0.5455620434577986,0.5455617747631707,2.13894321143826e-06,9.194201116002888e-07,0.006215205963182401,0.01139230468608332,0.04947615061326541,0.2902248387258352,0.101325,0.101325
0.1,0.1,1.0,1.0,0.0,0.0,0,unit_total_var,0.3573417721518987,0.5376133297167195,1.0,0.5376135892121408,0.5376133297167195,2.0962538704871747e-06,8.455578033306209e-07,0.0060731437339420005,0.011296490243540049,0.049060033776433636,0.2902248387258352,0.101325,0.101325
0.1,0.1,1.0,1.0,0.0,0.0,0,unit_total_var,0.3635443037974684,0.5297011519873482,1.0,0.5297014473712692,0.5297011519873482,2.421810310959671e-06,9.22740186481974e-07,0.005933306114356051,0.011201233170997079,0.04864633756675695,0.2902248387258352,0.101325,0.101325
0.1,0.1,1.0,1.0,0.0,0.0,0,unit_total_var,0.369746835443038,0.5218266306542247,1.0,0.5218269170103872,0.5218266306542247,2.383221931800961e-06,8.534030353501977e-07,0.005795685332667952,0.01110653422459828,0.04823506526812643,0.2902248387258352,0.101325,0.101325
0.1,0.1,1.0,1.0,0.0,0.0,0,unit_total_var,0.3759493670886076,0.513991028985177,1.0,0.5139913549475397,0.513991028985177,2.754203916488507e-06,9.32914014484254e-07,0.005660271771279524,0.011012394092665693,0.04782621986988677,0.2902248387258352,0.101325,0.101325
0.1,0.1,1.0,1.0,0.0,0.0,0,unit_total_var,0.3821518987341772,0.5061956694918185,1.0,0.506195986674988,0.5061956694918185,2.7212966333678423e-06,8.675405753777454e-07,0.005527055697721692,0.010918812686150458,0.04741980098530365,0.2902248387258352,0.101325,0.101325
0.1,0.1,1.0,1.0,0.0,0.0,0,unit_total_var,0.3883544303797468,0.4984417392961277,1.0,0.4984421003445869,0.4984417392961277,3.1458299805109387e-06,9.499036686122507e-07,0.005396025594191491,0.010825789994657078,0.047015808569230017,0.2902248387258352,0.101325,0.101325
0.1,0.1,1.0,1.0,0.0,0.0,0,unit_total_var,0.3945569620253165,0.4907304905449862,1.0,0.4907308431655016,0.4907304905449862,3.1206760526814037e-06,8.880465527383309e-07,0.005267169987796542,0.01073332529622732,0.0466142394862411,0.2902248387258352,0.101325,0.101325
0.1,0.1,1.0,1.0,0.0,0.0,0,unit_total_var,0.4007594936708861,0.4830630072346195,1.0,0.4830634315152641,0.4830630072346195,3.8144643452753257e-06,9.403683849384948e-07,0.005140475625328274,0.01064141850719608,0.04621509337298396,0.2902248387258352,0.101325,0.101325
0.1,0.1,1.0,1.0,0.0,0.0,0,unit_total_var,0.4069620253164557,0.4754405056902297,1.0,0.4754405056902297,0.4754405374070398,2.897194284479099e-07,9.223873247421465e-07,0.005015929521209429,0.010550067697592277,0.04581836184770069,0.2992810532537026,0.101325,0.101325
0.1,0.1,1.0,1.0,0.0,0.0,0,unit_total_var,0.4131645569620253,0.4678640665819348,1.0,0.4678644532657146,0.4678640665819348,3.5893879100079573e-06,8.629819676642114e-07,0.00489351744914798,0.010459271824182723,0.045424040379687135,0.2992810532537026,0.101325,0.101325
0.1,0.1,1.0,1.0,0.0,0.0,0,unit_total_var,0.4193670886075949,0.4603346313659398,1.0,0.460335071890435,0.4603346313659398,4.1560476402580085e-06,9.491993555599264e-07,0.00477322399917685,0.010369030861339671,0.0450321288576434,0.2992810532537026,0.101325,0.101325
0.1,0.1,1.0,1.0,0.0,0.0,0,unit_total_var,0.4255696202531646,0.4528532952302683,1.0,0.4528537297464381,0.4528532952302683,4.167086477657733e-06,8.995700531144734e-07,0.004655034322546011,0.01027934293859782,0.044642619158241886,0.2992810532537026,0.101325,0.101325
0.1,0.1,1.0,1.0,0.0,0.0,0,unit_total_var,0.4317721518987342,0.4454209583453865,1.0,0.44542145332620653,0.4454209583453865,4.826160856730155e-06,9.90741966688802e-07,0.0045389318544735435,0.010190207194862137,0.0442555075417944,0.2992810532537026,0.101325,0.101325
0.1,0.1,1.0,1.0,0.0,0.0,0,unit_total_var,0.4379746835443038,0.4380386097250619,1.0,0.4380390996752288,0.4380386097250619,4.857620541809382e-06,9.435294856530165e-07,0.004424900565522872,0.01010162224809405,0.04387078800618367,0.2992810532537026,0.101325,0.101325
0.1,0.1,1.0,1.0,0.0,0.0,0,unit_total_var,0.4441772151898734,0.4307070990181728,1.0,0.4307075852627212,0.4307070990181728,4.902942289497503e-06,9.015453148464304e-07,0.0043129231139500636,0.010013587247068077,0.043488456854584384,0.2992810532537026,0.101325,0.101325
0.1,0.1,1.0,1.0,0.0,0.0,0,unit_total_var,0.450379746835443,0.4234272340639264,1.0,0.4234277884091102,0.4234272340639264,5.685720648962445e-06,9.956266611155227e-07,0.004202981694996724,0.009926101480667122,0.04310851099865428,0.2992810532537026,0.101325,0.101325
0.1,0.1,1.0,1.0,0.0,0.0,0,unit_total_var,0.4565822784810127,0.4161998892807935,1.0,0.416200441339026,0.4161998892807935,5.760589832704e-06,9.55829706938971e-07,0.004095058935178675,0.009839163922544684,0.0427309459810271,0.2992810532537026,0.101325,0.101325
0.1,0.1,1.0,1.0,0.0,0.0,0,unit_total_var,0.4627848101265823,0.4090257926593286,1.0,0.4090263438618444,0.4090257926593286,5.852541673956324e-06,9.205853732652258e-07,0.003989136207861128,0.009752774224640694,0.042355760290097175,0.2992810532537026,0.101325,0.101325
0.1,0.1,1.0,1.0,0.0,0.0,0,unit_total_var,0.4689873417721519,0.4019056689734366,1.0,0.4019062207377115,0.4019056689734366,5.9622949839521775e-06,8.89477735022126e-07,0.003885194815316753,0.009666932106831118,0.041982952709301295,0.2992810532537026,0.101325,0.101325
0.1,0.1,1.0,1.0,0.0,0.0,0,unit_total_var,0.4751898734177215,0.3948401660763466,1.0,0.3948407961250489,0.3948401660763466,6.9300562586249725e-06,9.86233803956793e-07,0.003783215429215989,0.009581637721438054,0.04161252390016593,0.2992810532537026,0.101325,0.101325
0.1,0.1,1.0,1.0,0.0,0.0,0,unit_total_var,0.4813924050632911,0.387830008392363,1.0,0.3878306412212853,0.387830008392363,7.0864522800917484e-06,9.57255644529198e-07,0.0036831793095257978,0.009496890982710058,0.04124447349027728,0.2992810532537026,0.101325,0.101325
0.1,0.1,1.0,1.0,0.0,0.0,0,unit_total_var,0.4875949367088608,0.3808757672786773,1.0,0.3808764045126343,0.3808757672786773,7.2660689784953556e-06,9.320355154329719e-07,0.0035850665314401727,0.009412692640057271,0.04087880473428224,0.2992810532537026,0.101325,0.101325
0.1,0.1,1.0,1.0,0.0,0.0,0,unit_total_var,0.4937974683544304,0.373978015386404,1.0,0.3739786586770105,0.373978015386404,7.470420957389479e-06,9.102979214858921e-07,0.0034888572115898053,0.009329043601627294,0.040515521576215706,0.2992810532537026,0.101325,0.101325
0.1,0.1,1.0,1.0,0.0,0.0,0,unit_total_var,0.5,0.3671372297296732,1.0,0.3671379396728329,0.3671372297296732,8.398061370762377e-06,8.980118302304163e-07,0.0033945309857567048,0.00924594595937909,0.04015463310134006,0.2992810532537026,0.101325,0.101325
0.1,0.1,1.0,1e-06,0.0,0.0,0,unit_total_var,0.01,0.9202645188833992,0.5951625,0.9202645188833992,0.9202645189334292,2.361026929520449e-10,8.773382802473861e-07,0.015201847953989074,0.016518998225025783,0.07174109775698306,0.2991673925133514,0.101325,0.101325
0.1,0.1,1.0,1e-06,0.0,0.0,0,unit_total_var,0.016202531645569618,0.8625775409866233,0.6609,0.8625775467630917,0.8625775409866233,2.908362706222078e-08,8.510134748007658e-07,0.014043559590200285,0.016280924233358945,0.07070715554832717,0.2991673925133514,0.101325,0.101325
0.1,0.1,1.0,1e-06,0.0,0.0,0,unit_total_var,0.02240506329113924,0.8042063204473542,0.702475,0.8042063322600722,0.8042063204473542,6.379206540785277e-08,9.355090497820128e-07,0.013018707177615371,0.01618826767038275,0.07030475320820036,0.2991673925133514,0.101325,0.101325
0.1,0.1,1.0,1e-06,0.0,0.0,0,unit_total_var,0.028607594936708863,0.7448142217770383,0.734675,0.7448142417363964,0.7448142217770383,1.1638122310309027e-07,8.510134534844838e-07,0.012102119610028494,0.016248507689815957,0.07056637228849623,0.2991673925133514,0.101325,0.101325
0.1,0.1,1.0,1e-06,0.0,0.0,0,unit_total_var,0.03481012658227848,0.6844683867168984,0.76125,0.6844684220287168,0.6844683867168984,2.2405311628226343e-07,9.671905729646824e-07,0.011257303245940866,0.0164467833203186,0.0714274724107281,0.2991673925133514,0.101325,0.101325
0.1,0.1,1.0,1e-06,0.0,0.0,0,unit_total_var,0.0410126582278481,0.6233179243753504,0.7834875,0.6233179769799468,0.6233179243753504,3.6652058454933467e-07,9.687001902847214e-07,0.010439655625010593,0.016748524656133627,0.07273791838179391,0.2991673925133514,0.101325,0.101325
0.1,0.1,1.0,1e-06,0.0,0.0,0,unit_total_var,0.047215189873417725,0.5614843282192347,0.8037125,0.5614844065871902,0.5614843282192347,6.061570481108447e-07,9.340616973219084e-07,0.00960667062930533,0.017109418992642574,0.07430526257075361,0.2991673925133514,0.101325,0.101325
0.1,0.1,1.0,1e-06,0.0,0.0,0,unit_total_var,0.05341772151898734,0.4990655415283078,0.8214375,0.4990656526724501,0.4990655415283078,9.671932499344393e-07,9.468789681221779e-07,0.008728194569373359,0.0174890747669027,0.07595408664859242,0.2991673925133514,0.101325,0.101325
0.1,0.1,1.0,1e-06,0.0,0.0,0,unit_total_var,0.05962025316455696,0.43614064359695387,0.8394375,0.4361408132019865,0.43614064359695387,1.6888707010664914e-06,9.914743612782215e-07,0.007788345006865096,0.017857416228473443,0.07755377329075593,0.2991673925133514,0.101325,0.101325
0.1,0.1,1.0,1e-06,0.0,0.0,0,unit_total_var,0.06582278481012659,0.3727428399694663,0.8561125,0.3727430698668929,0.3727428399694663,2.6786068643147587e-06,9.424180378303505e-07,0.006781563668703979,0.018193679238102868,0.07901414498625835,0.2991673925133514,0.101325,0.101325
0.1,0.1,1.0,1e-06,0.0,0.0,0,unit_total_var,0.0720253164556962,0.3088511881057103,0.8723375,0.3088515223385845,0.3088511881057103,4.6998496348038535e-06,9.395922511146181e-07,0.005710271455757653,0.018488746929486318,0.08029560768781599,0.2991673925133514,0.101325,0.101325
0.1,0.1,1.0,1e-06,0.0,0.0,0,unit_total_var,0.07822784810126583,0.2444405891560118,0.888325,0.2444411104744865,0.2444405891560118,9.262189074377147e-06,9.83588841929617e-07,0.004581781453897788,0.018743947024990645,0.08140392762040309,0.2991673925133514,0.101325,0.101325
0.1,0.1,1.0,1e-06,0.0,0.0,0,unit_total_var,0.08443037974683544,0.18016903114002705,0.9018875,0.18016979252025697,0.18016903114002705,1.835290625340491e-05,9.705966230733054e-07,0.003413033492407704,0.01894350805358497,0.08227061015561764,0.2991673925133514,0.101325,0.101325
0.1,0.1,1.0,1e-06,0.0,0.0,0,unit_total_var,0.09063291139240506,0.11984765096848905,0.9109999999999999,0.11984880073250916,0.11984765096848905,4.166404349170705e-05,9.72592617110024e-07,0.002284259835888057,0.01905969635140072,0.08277520952164874,0.2991673925133514,0.101325,0.101325
0.1,0.1,1.0,1e-06,0.0,0.0,0,unit_total_var,0.09683544303797467,0.0693862732937871,0.916325,0.06938805892026165,0.0693862732937871,0.00011176241489430083,9.914295637791781e-07,0.001325788392942816,0.019107358415537328,0.08298220323615521,0.2991673925133514,0.101325,0.101325
0.1,0.1,1.0,1e-06,0.0,0.0,0,unit_total_var,0.1030379746835443,0.03251283450206012,0.9188,0.032515679768680944,0.03251283450206012,0.00038004361859300667,9.86302812922002e-07,0.0006210664244480864,0.01910219253288216,0.08295976809284222,0.2991673925133514,0.101325,0.101325
0.1,0.1,1.0,1e-06,0.0,0.0,0,unit_total_var,0.10924050632911393,0.010454033934171785,0.9189,0.010454033934171785,0.010489073607843628,0.014532276160043269,1.501099994605237e-05,0.0001989511908437492,0.019031045058446237,0.08265077853735346,1.7703161120800637,0.101325,0.101325
0.1,0.1,1.0,1e-06,0.0,0.0,0,unit_total_var,0.11544303797468355,0.0016668046146878154,0.9151375,0.0016939681829768673,0.0016668046146878154,0.07020554750876329,7.377081822412813e-06,3.147017766337041e-05,0.018880543877822557,0.08199716021470557,1.7703161120800637,0.101325,0.101325
0.1,0.1,1.0,1e-06,0.0,0.0,0,unit_total_var,0.12164556962025315,0.00012040161939854751,0.906775,0.00012635799155791505,0.00012040161939854751,0.20970386029497945,3.5142538248947312e-06,2.247156169664597e-06,0.01866383675643241,0.08105601314461681,1.7703161120800637,0.101325,0.101325
0.1,0.1,1.0,1e-06,0.0,0.0,0,unit_total_var,0.12784810126582274,1.0257923235890517e-05,0.895625,1.0595888610314754e-05,1.0257923235890517e-05,0.14077939367822978,9.9564339794099e-07,1.8898902827095615e-07,0.018423712473273304,0.08001316663314707,1.7703161120800637,0.101325,0.101325
0.1,0.1,1.0,1e-06,0.0,0.0,0,unit_total_var,0.1340506329113924,1.5496046298286215e-06,0.8843875,1.6453976598451172e-06,1.5496046298286215e-06,0.2604997002283937,9.925296727908777e-07,2.8175612270590557e-08,0.01818245230314434,0.07896538702724658,1.7703161120800637,0.101325,0.101325
0.1,0.1,1.0,1e-06,0.0,0.0,0,unit_total_var,0.14025316455696205,3.68698171306997e-07,0.8739875,4.043268816026193e-07,3.68698171306997e-07,0.40061632717249296,9.954471882950202e-07,6.6167488450892016e-09,0.017946248069616155,0.0779395650750118,1.7703161120800637,0.101325,0.101325
0.1,0.1,1.0,1e-06,0.0,0.0,0,unit_total_var,0.14645569620253165,1.193327438480814e-07,0.8642,1.3550258368939267e-07,1.193327438480814e-07,0.5518794959767774,9.95767711042578e-07,2.1140430349182186e-09,0.01771553193823765,0.07693757764757429,1.7703161120800637,0.101325,0.101325
0.1,0.1,1.0,1e-06,0.0,0.0,0,unit_total_var,0.15265822784810126,4.780967615945337e-08,0.855025,5.625436714394909e-08,4.780967615945337e-08,0.7064044128276237,9.919089097282878e-07,8.361968598192601e-10,0.01749011762870767,0.07595861573986527,1.7703161120800637,0.101325,0.101325
0.1,0.1,1.0,1e-06,0.0,0.0,0,unit_total_var,0.1588607594936709,2.2332818705251094e-08,0.8462875,2.7196325807193505e-08,2.2332818705251094e-08,0.8556669490757542,9.875122126422372e-07,3.856813105662515e-10,0.017269710360186936,0.07500139913496605,1.7703161120800637,0.101325,0.101325
0.1,0.1,1.0,1e-06,0.0,0.0,0,unit_total_var,0.1650632911392405,1.169356074726885e-08,0.83725,1.4758161977739712e-08,1.169356074726885e-08,1.0108549649527134,9.853290904112853e-07,1.9942184032311926e-10,0.017053987629020204,0.07406452721729795,1.7703161120800637,0.101325,0.101325
0.1,0.1,1.0,1e-06,0.0,0.0,0,unit_total_var,0.17126582278481015,6.68787166776385e-09,0.828375,8.721617729567228e-09,6.68787166776385e-09,1.1530911661074157,9.79676295320925e-07,1.1264389239818256e-10,0.016843010451461915,0.07314826497708707,1.7703161120800637,0.101325,0.101325
0.1,0.1,1.0,1e-06,0.0,0.0,0,unit_total_var,0.17746835443037975,4.095033694525274e-09,0.819875,5.5314960507426686e-09,4.095033694525274e-09,1.3058512711091907,9.797882340232915e-07,6.81255608426122e-11,0.016636141708355298,0.07224984544099243,1.7703161120800637,0.101325,0.101325
0.1,0.1,1.0,1e-06,0.0,0.0,0,unit_total_var,0.18367088607594936,2.644848959840779e-09,0.8120375,3.696813773080065e-09,2.644848959840779e-09,1.4542669785029716,9.905947647992895e-07,4.3461680341139493e-11,0.016432575546301103,0.07136576883216883,1.7703161120800637,0.101325,0.101325
0.1,0.1,1.0,1e-06,0.0,0.0,0,unit_total_var,0.18987341772151897,1.7911242102516178e-09,0.8039,2.591351532613427e-09,1.7911242102516178e-09,1.604006274787153,9.885931155058174e-07,2.9077284741704357e-11,0.016234097320151554,0.07050378884822188,1.7703161120800637,0.101325,0.101325
0.1,0.1,1.0,1e-06,0.0,0.0,0,unit_total_var,0.1960759493670886,1.2602020057840973e-09,0.7955125,1.878716345526934e-09,1.2602020057840973e-09,1.7342104739133504,9.83667549854072e-07,2.021375881433105e-11,0.016040094144870096,0.0696612437632574,1.7703161120800637,0.101325,0.101325
0.1,0.1,1.0,1e-06,0.0,0.0,0,unit_total_var,0.20227848101265825,9.131347564995952e-10,0.78725,1.407337228365585e-09,9.131347564995952e-10,1.878633026580204,9.876151317590157e-07,1.4472222040698672e-11,0.015848944460482912,0.06883109123178838,1.7703161120800637,0.101325,0.101325
0.1,0.1,1.0,1e-06,0.0,0.0,0,unit_total_var,0.20848101265822785,6.801392803893013e-10,0.77905,6.801392803893013e-10,6.81328833943069e-10,0.007589111641365774,9.877406542107962e-07,1.065245133582273e-11,0.015662161623315494,0.06801990367682795,3.2876768906295304,0.101325,0.101325
0.1,0.1,1.0,1e-06,0.0,0.0,0,unit_total_var,0.21468354430379746,5.211270540144739e-10,0.7712625,7.024042113187909e-10,5.211270540144739e-10,1.2964348684909908,9.734078787556786e-07,8.068488495629658e-12,0.015482766502860472,0.0672408005678881,3.2876768906295304,0.101325,0.101325
0.1,0.1,1.0,1e-06,0.0,0.0,0,unit_total_var,0.2208860759493671,4.0688832021986785e-10,0.7629125,6.601508160686466e-10,4.0688832021986785e-10,2.1016794093257833,9.632142890000548e-07,6.228177646269754e-12,0.015306847940251197,0.06647679595783251,3.2876768906295304,0.101325,0.101325
0.1,0.1,1.0,1e-06,0.0,0.0,0,unit_total_var,0.2270886075949367,3.202117561846398e-10,0.7547125,5.510054966087779e-10,3.202117561846398e-10,2.357186587511705,9.932839750401607e-07,4.844151932734148e-12,0.015127964039961491,0.06569991304986099,3.2876768906295304,0.101325,0.101325
0.1,0.1,1.0,1e-06,0.0,0.0,0,unit_total_var,0.23329113924050635,2.5959899217541006e-10,0.746475,4.56583090540815e-10,2.5959899217541006e-10,2.452168213489429,9.69859901261291e-07,3.8845308181169125e-12,0.014963582044618066,0.06498601111484202,3.2876768906295304,0.101325,0.101325
0.1,0.1,1.0,1e-06,0.0,0.0,0,unit_total_var,0.23949367088607595,2.109098053912152e-10,0.7379625,3.794321768750688e-10,2.109098053912152e-10,2.55037386501769,9.956666875232955e-07,3.120243593298412e-12,0.014794208299185962,0.06425043028463756,3.2876768906295304,0.101325,0.101325
0.1,0.1,1.0,1e-06,0.0,0.0,0,unit_total_var,0.2456962025316456,1.752463846204707e-10,0.7303375,3.2170909528128506e-10,1.752463846204707e-10,2.6381427222305405,9.836140502286406e-07,2.565069865666138e-12,0.014636934571981515,0.06356739916590506,3.2876768906295304,0.101325,0.101325
0.1,0.1,1.0,1e-06,0.0,0.0,0,unit_total_var,0.2518987341772152,1.4696250225625167e-10,0.7224375,2.743492763939702e-10,1.4696250225625167e-10,2.7109728119302194,9.798305196747869e-07,2.1283451209493324e-12,0.014482232462524596,0.06289553644114572,3.2876768906295304,0.101325,0.101325
0.1,0.1,1.0,1e-06,0.0,0.0,0,unit_total_var,0.2581012658227848,1.2460914858711199e-10,0.7147,2.359510218766903e-10,1.2460914858711199e-10,2.772719339226853,9.77576760625168e-07,1.7859307163032073e-12,0.014332260003002072,0.06224421432506483,3.2876768906295304,0.101325,0.101325
0.1,0.1,1.0,1e-06,0.0,0.0,0,unit_total_var,0.2643037974683544,1.0722263560524942e-10,0.7068,2.049201811346679e-10,1.0722263560524942e-10,2.812982528154933,9.355656846279585e-07,1.5217154553102922e-12,0.01419211015211971,0.061635551256287086,3.2876768906295304,0.101325,0.101325
0.1,0.1,1.0,1e-06,0.0,0.0,0,unit_total_var,0.2705063291139241,9.142034609685591e-11,0.698625,1.77046519524565e-10,9.142034609685591e-11,2.8704453248660533,9.628476464143956e-07,1.2835130446089937e-12,0.0140396869997535,0.06097358591641766,3.2876768906295304,0.101325,0.101325
0.1,0.1,1.0,1e-06,0.0,0.0,0,unit_total_var,0.2767088607594937,7.889957650136595e-11,0.691125,1.552593184747208e-10,7.889957650136595e-11,2.9398300334373464,9.834222411463007e-07,1.096261202486467e-12,0.013894386397213276,0.06034255341741328,3.2876768906295304,0.101325,0.101325
0.1,0.1,1.0,1e-06,0.0,0.0,0,unit_total_var,0.2829113924050633,6.935252144655626e-11,0.6839,1.3796170432908182e-10,6.935252144655626e-11,2.9869629552409265,9.433749941900284e-07,9.546334794665594e-13,0.013764942637337407,0.0597803863111043,3.2876768906295304,0.101325,0.101325
0.1,0.1,1.0,1e-06,0.0,0.0,0,unit_total_var,0.2891139240506329,6.055943544503855e-11,0.675025,1.2195900564617615e-10,6.055943544503855e-11,3.040320569513568,9.306859288835943e-07,8.252948547542625e-13,0.013627849214401423,0.05918499714024102,3.2876768906295304,0.101325,0.101325
0.1,0.1,1.0,1e-06,0.0,0.0,0,unit_total_var,0.2953164556962025,5.2182027055821794e-11,0.6641625,1.0954879881484809e-10,5.2182027055821794e-11,3.2208667431752787,9.532795294319423e-07,7.032683533246617e-13,0.013477214148318529,0.0585307973604317,3.2876768906295304,0.101325,0.101325
0.1,0.1,1.0,1e-06,0.0,0.0,0,unit_total_var,0.3015189873417722,4.3869498773383494e-11,0.6472625,9.794300076492144e-11,4.3869498773383494e-11,3.4881073329922856,9.656803783621215e-07,5.838179153248488e-13,0.013308059851348536,0.05779616958278879,3.2876768906295304,0.101325,0.101325
0.1,0.1,1.0,1e-06,0.0,0.0,0,unit_total_var,0.3077215189873418,3.8930507060998105e-11,0.6380875,3.8930507060998105e-11,4.38543715212846e-11,0.5172283115596912,9.597265902822462e-07,5.131668084035993e-13,0.013181611213014659,0.05724701012406296,3.633882369178785,0.101325,0.101325
0.1,0.1,1.0,1e-06,0.0,0.0,0,unit_total_var,0.3139240506329114,4.0172870659879906e-11,0.6505875,4.400379909359873e-11,4.0172870659879906e-11,0.3955730665778958,8.185852299275322e-07,5.29337433194071e-13,0.013176490116319049,0.05722476948370098,3.633882369178785,0.101325,0.101325
0.1,0.1,1.0,1e-06,0.0,0.0,0,unit_total_var,0.320126582278481,3.688445615109429e-11,0.6452875,4.692199164270029e-11,3.688445615109429e-11,1.0453305350732904,7.64887721790562e-07,4.824056584699767e-13,0.01307883343850428,0.056800651920741414,3.633882369178785,0.101325,0.101325
0.1,0.1,1.0,1e-06,0.0,0.0,0,unit_total_var,0.3263291139240506,3.3932723144398445e-11,0.6396625,4.800276696105502e-11,3.3932723144398445e-11,1.506475578381199,7.170193003011341e-07,4.4052905832279375e-13,0.012982425738369177,0.05638195859892482,3.633882369178785,0.101325,0.101325
0.1,0.1,1.0,1e-06,0.0,0.0,0,unit_total_var,0.3325316455696203,3.1268612290031823e-11,0.634025,4.766637696394588e-11,3.1268612290031823e-11,1.831035356775928,6.746732626129482e-07,4.029613789396309e-13,0.012887088662648828,0.055967914939863424,3.633882369178785,0.101325,0.101325
0.1,0.1,1.0,1e-06,0.0,0.0,0,unit_total_var,0.3387341772151899,2.8848582982632372e-11,0.6282375,4.6320591040037616e-11,2.8848582982632372e-11,2.0564960640448793,6.37736844165667e-07,3.690476282893514e-13,0.01279257385056063,0.05555744232638316,3.633882369178785,0.101325,0.101325
0.1,0.1,1.0,1e-06,0.0,0.0,0,unit_total_var,0.3449367088607595,2.663293362923787e-11,0.6225125,4.431410642054585e-11,2.663293362923787e-11,2.211229895224065,6.063295558491973e-07,3.381991746322272e-13,0.012698532551477884,0.05514902615375665,3.633882369178785,0.101325,0.101325
0.1,0.1,1.0,1e-06,0.0,0.0,0,unit_total_var,0.3511392405063291,2.4584165226013678e-11,0.6159125,4.1921964090142924e-11,2.4584165226013678e-11,2.317861555488065,5.808665894293368e-07,3.098703957802051e-13,0.01260447092392287,0.054740521695696834,3.633882369178785,0.101325,0.101325
0.1,0.1,1.0,1e-06,0.0,0.0,0,unit_total_var,0.3573417721518987,2.2665292421741267e-11,0.60915,3.9348154481913e-11,2.2665292421741267e-11,2.3956304118621428,5.621581588633532e-07,2.83535638003174e-13,0.012509683648784409,0.054328865790224064,3.633882369178785,0.101325,0.101325
0.1,0.1,1.0,1e-06,0.0,0.0,0,unit_total_var,0.3635443037974684,2.0838022738776965e-11,0.6010625,3.673597331182665e-11,2.0838022738776965e-11,2.462350432694677,5.515619875279643e-07,2.5866558758195563e-13,0.012413154108936215,0.05390964332525674,3.633882369178785,0.101325,0.101325
0.1,0.1,1.0,1e-06,0.0,0.0,0,unit_total_var,0.369746835443038,1.906077188574569e-11,0.59185,3.418061523328941e-11,1.906077188574569e-11,2.5363939166543763,5.512179188087547e-07,2.3470293799206677e-13,0.012313401545274556,0.053476423445717125,3.633882369178785,0.101325,0.101325
0.1,0.1,1.0,1e-06,0.0,0.0,0,unit_total_var,0.3759493670886076,1.728661299684391e-11,0.5811125,3.174115804272884e-11,1.728661299684391e-11,2.6391285812495795,5.644234481904812e-07,2.110391005530536e-13,0.012208238860416665,0.053019707708358,3.633882369178785,0.101325,0.101325
0.1,0.1,1.0,1e-06,0.0,0.0,0,unit_total_var,0.3821518987341772,1.546160358689141e-11,0.566575,2.9450724158914925e-11,1.546160358689141e-11,2.7984144365239985,5.963237880542625e-07,1.869980837542872e-13,0.012094352484423223,0.05252510546177891,3.633882369178785,0.101325,0.101325
0.1,0.1,1.0,1e-06,0.0,0.0,0,unit_total_var,0.3883544303797468,1.3524909907126605e-11,0.5471875,2.732451442163347e-11,1.3524909907126605e-11,3.054180720897889,6.556594897770328e-07,1.6184411818644739e-13,0.011966373106941569,0.05196929808740194,3.633882369178785,0.101325,0.101325
0.1,0.1,1.0,1e-06,0.0,0.0,0,unit_total_var,0.3945569620253165,1.1415352011369176e-11,0.519325,2.5365856482193843e-11,1.1415352011369176e-11,3.4676022269795514,7.612132031152881e-07,1.348583578766207e-13,0.011813771291705051,0.05130655682454555,3.633882369178785,0.101325,0.101325
0.1,0.1,1.0,1e-06,0.0,0.0,0,unit_total_var,0.4007594936708861,9.101189294609706e-12,0.4818,2.357058855151757e-11,9.101189294609706e-12,4.1327227957764885,9.686215972520573e-07,1.0563026228464775e-13,0.011606204295432972,0.05040510481348358,3.633882369178785,0.101325,0.101325
0.1,0.1,1.0,1e-06,0.0,0.0,0,unit_total_var,0.4069620253164557,8.644806778094171e-12,0.4757875,8.644806778094171e-12,1.410879682544899e-11,2.12734688717228,9.312961364967672e-07,9.980897362015531e-14,0.01154554129226693,0.05014164873817667,3.6909586290345686,0.101325,0.101325
0.1,0.1,1.0,1e-06,0.0,0.0,0,unit_total_var,0.4131645569620253,1.0816243301821645e-11,0.5137625,1.0816243301821645e-11,1.3318249191178009e-11,0.9037068872445104,4.3337526841502885e-07,1.2707139151108924e-13,0.011748200180527392,0.05102178510697832,3.6909586290345686,0.101325,0.101325
0.1,0.1,1.0,1e-06,0.0,0.0,0,unit_total_var,0.4193670886075949,1.2311187570552682e-11,0.5435,1.2311187570552682e-11,1.2583514639909618e-11,0.09502010543366167,1.7248042090195473e-07,1.4548205960996812e-13,0.011817061414769509,0.05132084564746232,3.6909586290345686,0.101325,0.101325
0.1,0.1,1.0,1e-06,0.0,0.0,0,unit_total_var,0.4255696202531646,1.189765257438192e-11,0.553575,1.3166966582994425e-11,1.189765257438192e-11,0.4402445049330765,2.892508529430186e-07,1.3896088029215378e-13,0.011679688864958538,0.05072424424398347,3.6909586290345686,0.101325,0.101325
0.1,0.1,1.0,1e-06,0.0,0.0,0,unit_total_var,0.4317721518987342,1.1253692503626651e-11,0.54765,1.3523182849270016e-11,1.1253692503626651e-11,0.7978387594490215,2.7823143141824065e-07,1.3064900673587994e-13,0.011609434565035126,0.05041913369611633,3.6909586290345686,0.101325,0.101325
0.1,0.1,1.0,1e-06,0.0,0.0,0,unit_total_var,0.4379746835443038,1.064425505184674e-11,0.541575,1.3522213104257937e-11,1.064425505184674e-11,1.039325036160733,2.6910287952335504e-07,1.2283517228900178e-13,0.01154004406045215,0.050117774563747636,3.6909586290345686,0.101325,0.101325
0.1,0.1,1.0,1e-06,0.0,0.0,0,unit_total_var,0.4441772151898734,1.0061045137945462e-11,0.5345,1.3281828547108276e-11,1.0061045137945462e-11,1.2061477227825181,2.623238158671937e-07,1.154130356184109e-13,0.011471276993195072,0.04981912298528345,3.6909586290345686,0.101325,0.101325
0.1,0.1,1.0,1e-06,0.0,0.0,0,unit_total_var,0.450379746835443,9.494156199659408e-12,0.5271375,1.2890923306380285e-11,9.494156199659408e-12,1.328276520711654,2.586301054184697e-07,1.0825991161251772e-13,0.011402794449116124,0.04952170707528162,3.6909586290345686,0.101325,0.101325
0.1,0.1,1.0,1e-06,0.0,0.0,0,unit_total_var,0.4565822784810127,8.931110310582503e-12,0.5195625,1.2412979594121355e-11,8.931110310582503e-12,1.4297058795831958,2.591830003383924e-07,1.012262353456044e-13,0.01133411544874338,0.04922343796643648,3.6909586290345686,0.101325,0.101325
0.1,0.1,1.0,1e-06,0.0,0.0,0,unit_total_var,0.4627848101265823,8.355559217732551e-12,0.5097375,1.1891528262988295e-11,8.355559217732551e-12,1.532621509091257,2.6581172722156856e-07,9.412162459542787e-14,0.011264551197923252,0.048921324263747325,3.6909586290345686,0.101325,0.101325
0.1,0.1,1.0,1e-06,0.0,0.0,0,unit_total_var,0.4689873417721519,7.745628848649302e-12,0.4981625,1.1355388816934743e-11,7.745628848649302e-12,1.6614532654281218,2.8143564320413773e-07,8.669753702272417e-14,0.01119309209320592,0.048610981315142486,3.6909586290345686,0.101325,0.101325
0.1,0.1,1.0,1e-06,0.0,0.0,0,unit_total_var,0.4751898734177215,7.072130248680513e-12,0.4821125,1.0822965306040981e-11,7.072130248680513e-12,1.8479601572286697,3.1087967948330635e-07,7.862904751196023e-14,0.011118156021890363,0.04828553809246395,3.6909586290345686,0.101325,0.101325
0.1,0.1,1.0,1e-06,0.0,0.0,0,unit_total_var,0.4813924050632911,6.297647809549984e-12,0.4598375,1.0305503127387363e-11,6.297647809549984e-12,2.1389082998539948,3.626853895287376e-07,6.950609074290089e-14,0.011036833567844065,0.04793235916199255,3.6909586290345686,0.101325,0.101325
0.1,0.1,1.0,1e-06,0.0,0.0,0,unit_total_var,0.4875949367088608,5.3798862738589705e-12,0.427025,9.809445226294476e-12,5.3798862738589705e-12,2.6087135137270248,4.5362539414632646e-07,5.886758359074213e-14,0.010942161338387673,0.04752120289356865,3.6909586290345686,0.101325,0.101325
0.1,0.1,1.0,1e-06,0.0,0.0,0,unit_total_var,0.4937974683544304,4.2892138711802616e-12,0.3751375,9.338084257890543e-12,4.2892138711802616e-12,3.3788008645488365,6.196105048235286e-07,4.637582014643296e-14,0.01081219578674722,0.04695676967441904,3.6909586290345686,0.101325,0.101325
0.1,0.1,1.0,1e-06,0.0,0.0,0,unit_total_var,0.5,3.0640101517160763e-12,0.310875,8.892694895617491e-12,3.0640101517160763e-12,4.627431922491767,9.294056696917805e-07,3.2349202542311625e-14,0.010557798747564084,0.045851937371121435,3.6909586290345686,0.101325,0.101325
0.1,0.1,0.0,0.001,0.0,1.0,0,unit_total_var,0.01,1.0108813040281974,0.9999875,1.0108813040281974,1.0108813040427185,6.238529137725378e-11,9.328645802497706e-07,0.01751514897120445,0.017326612829230727,0.07524852341808992,0.2958743209246516,0.0988625,0.101325
0.1,0.1,0.0,0.001,0.0,1.0,0,unit_total_var,0.016202531645569618,1.0080619206840988,0.9999875,1.0080619209435415,1.0080619206840988,1.1177341968648946e-09,8.859055498078304e-07,0.01729674033845695,0.01715841059318946,0.07451803038852482,0.2958743209246516,0.0988625,0.101325
0.1,0.1,0.0,0.001,0.0,1.0,0,unit_total_var,0.02240506329113924,1.0050272127627966,0.9999875,1.0050272133701954,1.0050272127627966,2.6247045162297593e-09,9.401411276144244e-07,0.017081996678146357,0.016996551398034628,0.07381508483551437,0.2958743209246516,0.0988625,0.101325
0.1,0.1,0.0,0.001,0.0,1.0,0,unit_total_var,0.028607594936708863,1.0017528934991842,0.9999875,1.0017528944502672,1.0017528934991842,4.123272321666927e-09,8.778622557770176e-07,0.01686805254121963,0.016838536380262895,0.07312883433275329,0.2958743209246516,0.0988625,0.101325
0.1,0.1,0.0,0.001,0.0,1.0,0,unit_total_var,0.03481012658227848,0.99821556056816,0.9999875,0.9982155622809838,0.99821556056816,7.451996754913315e-09,8.951322030270603e-07,0.0166533034595043,0.016683073393511962,0.07245366715989203,0.2958743209246516,0.0988625,0.101325
0.1,0.1,0.0,0.001,0.0,1.0,0,unit_total_var,0.0410126582278481,0.9943939750101414,0.9999875,0.994393977704778,0.9943939750101414,1.1768632922348754e-08,9.71418920414635e-07,0.016436698520296233,0.01652936253976056,0.07178610940396331,0.2958743209246516,0.0988625,0.101325
0.1,0.1,0.0,0.001,0.0,1.0,0,unit_total_var,0.047215189873417725,0.9902695416108082,0.9999875,0.99026954484525,0.9902695416108082,1.4185029671709428e-08,8.392113137745126e-07,0.01621750979235681,0.016376864187882447,0.07112381747676325,0.2958743209246516,0.0988625,0.101325
0.1,0.1,0.0,0.001,0.0,1.0,0,unit_total_var,0.05341772151898734,0.9858265410966528,0.9999875,0.985826546210988,0.9858265410966528,2.253061113371979e-08,9.914092622409498e-07,0.0159952372043093,0.01622520447310729,0.07046516770422454,0.2958743209246516,0.0988625,0.101325
0.1,0.1,0.0,0.001,0.0,1.0,0,unit_total_var,0.05962025316455696,0.9810522528788496,0.9999875,0.9810522590631446,0.9810522528788496,2.737678000963584e-08,9.201708124351171e-07,0.015769562571260498,0.01607413114335703,0.06980906456949168,0.2958743209246516,0.0988625,0.101325
0.1,0.1,0.0,0.001,0.0,1.0,0,unit_total_var,0.06582278481012659,0.9759369951123364,0.9999875,0.97593700261864,0.9759369951123364,3.340324503109393e-08,8.780890077275672e-07,0.015540323186484031,0.015923490209217083,0.06915483930503435,0.2958743209246516,0.0988625,0.101325
0.1,0.1,0.0,0.001,0.0,1.0,0,unit_total_var,0.0720253164556962,0.970474107778488,0.9999875,0.9704741182116864,0.970474107778488,4.6689349969541993e-08,8.576689545236604e-07,0.015307493491414047,0.015773211638231574,0.06850218776376121,0.2958743209246516,0.0988625,0.101325
0.1,0.1,0.0,0.001,0.0,1.0,0,unit_total_var,0.07822784810126583,0.9646598761927084,0.9999875,0.9646598888992092,0.9646598761927084,5.7205272130378404e-08,8.543181575504376e-07,0.01507116925211202,0.015623298557409137,0.0678511235260982,0.2958743209246516,0.0988625,0.101325
0.1,0.1,0.0,0.001,0.0,1.0,0,unit_total_var,0.08443037974683544,0.9584934031816968,0.9999875,0.9584934186873908,0.9584934031816968,7.025648007807916e-08,8.65187230303377e-07,0.014831551908320724,0.01547381740874557,0.06720193514596674,0.2958743209246516,0.0988625,0.101325
0.1,0.1,0.0,0.001,0.0,1.0,0,unit_total_var,0.09063291139240506,0.9519764358339992,0.999975,0.9519764547808276,0.9519764358339992,8.643599411217727e-08,8.885268236724642e-07,0.014588932158817684,0.015324887896029418,0.06655514249031512,0.2958743209246516,0.0988625,0.101325
0.1,0.1,0.0,0.001,0.0,1.0,0,unit_total_var,0.09683544303797467,0.9451131549577556,0.9999875,0.945113175424878,0.9451131549577556,9.404967166171119e-08,9.233135926933755e-07,0.014343672711128418,0.015176672376091884,0.06591145066590218,0.2958743209246516,0.0988625,0.101325
0.1,0.1,0.0,0.001,0.0,1.0,0,unit_total_var,0.1030379746835443,0.937909939127843,0.9999875,0.9379099617299018,0.937909939127843,1.0465769556544657e-07,7.903764576155936e-07,0.014096190654866897,0.015029364832165932,0.06527170213120455,0.2958743209246516,0.0988625,0.101325
0.1,0.1,0.0,0.001,0.0,1.0,0,unit_total_var,0.10924050632911393,0.9303750993245464,1.0,0.9303750993245464,0.930375099526206,9.413358981191777e-10,8.141891285617929e-07,0.013846939807480706,0.014883179717012638,0.06463682824272987,0.2986436798789111,0.0988625,0.101325
0.1,0.1,0.0,0.001,0.0,1.0,0,unit_total_var,0.11544303797468355,0.9225186264161452,1.0,0.9225186596340972,0.9225186264161452,1.5638028932896117e-07,8.575993382109459e-07,0.013596394420902536,0.014738341353304282,0.06400780322146553,0.2986436798789111,0.0988625,0.101325
0.1,0.1,0.0,0.001,0.0,1.0,0,unit_total_var,0.12164556962025315,0.9143519200174088,1.0,0.9143519606808966,0.9143519200174088,1.9314147686744218e-07,9.220999448444901e-07,0.013345034040765182,0.014595074116004591,0.06338560151549773,0.2986436798789111,0.0988625,0.101325
0.1,0.1,0.0,0.001,0.0,1.0,0,unit_total_var,0.12784810126582274,0.9058875349806844,1.0,0.905887579291922,0.9058875349806844,2.1243393683034737e-07,9.961868370211846e-07,0.013093330537094704,0.01445359388610407,0.06277116068405574,0.2986436798789111,0.0988625,0.101325
0.1,0.1,0.0,0.001,0.0,1.0,0,unit_total_var,0.1340506329113924,0.8971389461942235,1.0,0.8971389942356813,0.8971389461942235,2.3256307796204467e-07,8.559460580315205e-07,0.012841737579038929,0.014314101102750243,0.062165351223296826,0.2986436798789111,0.0988625,0.101325
0.1,0.1,0.0,0.001,0.0,1.0,0,unit_total_var,0.14025316455696205,0.8881203040397304,1.0,0.8881203627205203,0.8881203040397304,2.869514669212592e-07,9.341779101390556e-07,0.012590682076501422,0.014176775397692262,0.06156895326399527,0.2986436798789111,0.0988625,0.101325
0.1,0.1,0.0,0.001,0.0,1.0,0,unit_total_var,0.14645569620253165,0.8788462753521792,1.0,0.8788463323597947,0.8788462753521792,2.817112928488185e-07,8.148365582272277e-07,0.012340558999337732,0.014041771974731887,0.06098264084769785,0.2986436798789111,0.0988625,0.101325
0.1,0.1,0.0,0.001,0.0,1.0,0,unit_total_var,0.15265822784810126,0.8693318198995162,1.0,0.8693318894199783,0.8693318198995162,3.473052654356934e-07,8.960148427661352e-07,0.012091727024390295,0.013909219411510724,0.06040697238000702,0.2986436798789111,0.0988625,0.101325
0.1,0.1,0.0,0.001,0.0,1.0,0,unit_total_var,0.1588607594936709,0.8595920821079646,1.0,0.8595921581166728,0.8595920821079646,3.840212325911807e-07,9.866644052891616e-07,0.011844507468334715,0.013779218904958515,0.0598423873536045,0.2986436798789111,0.0988625,0.101325
0.1,0.1,0.0,0.001,0.0,1.0,0,unit_total_var,0.1650632911392405,0.8496422476105338,1.0,0.8496423301348172,0.8496422476105338,4.21822705543029e-07,8.751262461359488e-07,0.011599183886049795,0.013651844548303028,0.05928920755128996,0.2986436798789111,0.0988625,0.101325
0.1,0.1,0.0,0.001,0.0,1.0,0,unit_total_var,0.17126582278481015,0.8394974041684103,1.0,0.8394974944453368,0.8394974041684103,4.6702668410336656e-07,9.681484192114451e-07,0.011356002664046707,0.013527144464842914,0.058747641969893925,0.2986436798789111,0.0988625,0.101325
0.1,0.1,0.0,0.001,0.0,1.0,0,unit_total_var,0.17746835443037975,0.8291725179317128,1.0,0.829172615970072,0.8291725179317128,5.134940556095202e-07,8.673403275594183e-07,0.011115175809745692,0.013405142560044532,0.058217794429537714,0.2986436798789111,0.0988625,0.101325
0.1,0.1,0.0,0.001,0.0,1.0,0,unit_total_var,0.18367088607594936,0.8186822844297662,1.0,0.8186824030180142,0.8186822844297662,6.290867528013778e-07,9.626556183306434e-07,0.010876882335368649,0.013285840602920438,0.057699672612945174,0.2986436798789111,0.0988625,0.101325
0.1,0.1,0.0,0.001,0.0,1.0,0,unit_total_var,0.18987341772151897,0.8080411543529957,1.0,0.8080412708101196,0.8080411543529957,6.259171619893422e-07,8.699178630777736e-07,0.010641272141186904,0.013169220507967129,0.057193197975772624,0.2986436798789111,0.0988625,0.101325
0.1,0.1,0.0,0.001,0.0,1.0,0,unit_total_var,0.1960759493670886,0.7972631993433104,1.0,0.7972633397508253,0.7972631993433104,7.648440769614241e-07,9.6759344980768e-07,0.010408467717191852,0.013055246656016605,0.05669821582593891,0.2986436798789111,0.0988625,0.101325
0.1,0.1,0.0,0.001,0.0,1.0,0,unit_total_var,0.20227848101265825,0.7863621688235325,1.0,0.786362311697571,0.7863621688235325,7.890689981415733e-07,9.416111010907001e-07,0.010178568213326087,0.012943868127015987,0.05621450502046422,0.2986436798789111,0.0988625,0.101325
0.1,0.1,0.0,0.001,0.0,1.0,0,unit_total_var,0.20848101265822785,0.7753513844373511,1.0,0.775351395647125,0.7753513844373511,6.278885922306188e-08,9.81184837378635e-07,0.00995165116874817,0.012835020828614088,0.055741787209804015,0.29740298836126283,0.0988625,0.101325
0.1,0.1,0.0,0.001,0.0,1.0,0,unit_total_var,0.21468354430379746,0.7642437859677385,1.0,0.7642439498185452,0.7642437859677385,9.311098747577519e-07,8.993371189980337e-07,0.009727775968086456,0.01272862945920911,0.055279735363256866,0.29740298836126283,0.0988625,0.101325
0.1,0.1,0.0,0.001,0.0,1.0,0,unit_total_var,0.2208860759493671,0.7530518635686674,1.0,0.7530520256114399,0.7530518635686674,9.345209515121412e-07,8.279698096025356e-07,0.009506985560130542,0.012624609299919279,0.054827981551394164,0.29740298836126283,0.0988625,0.101325
0.1,0.1,0.0,0.001,0.0,1.0,0,unit_total_var,0.2270886075949367,0.7417876706771266,1.0,0.7417878645692609,0.7417876706771266,1.1351802733372551e-06,9.240012701638987e-07,0.009289308975375964,0.01252286785367624,0.05438612406455208,0.29740298836126283,0.0988625,0.101325
0.1,0.1,0.0,0.001,0.0,1.0,0,unit_total_var,0.23329113924050635,0.7304628768584099,1.0,0.7304630689485825,0.7304628768584099,1.1420661287786515e-06,8.553736883243345e-07,0.009074764043231768,0.012423306277056413,0.053953733631196286,0.29740298836126283,0.0988625,0.101325
0.1,0.1,0.0,0.001,0.0,1.0,0,unit_total_var,0.23949367088607595,0.7190886494557839,1.0,0.7190888784329258,0.7190886494557839,1.382910069125387e-06,9.543554337909654e-07,0.008863357857582225,0.012325820834872216,0.05353035973513135,0.29740298836126283,0.0988625,0.101325
0.1,0.1,0.0,0.001,0.0,1.0,0,unit_total_var,0.2456962025316456,0.7076758000076651,1.0,0.7076760272108993,0.7076758000076651,1.3943262586746386e-06,8.878229831310591e-07,0.008655090182267252,0.012230304020815048,0.053115535482391285,0.29740298836126283,0.0988625,0.101325
0.1,0.1,0.0,0.001,0.0,1.0,0,unit_total_var,0.2518987341772152,0.6962346361117109,1.0,0.6962348837815442,0.6962346361117109,1.544904795425239e-06,9.89926185024359e-07,0.00844995320798115,0.012136645851421494,0.05270878322086348,0.29740298836126283,0.0988625,0.101325
0.1,0.1,0.0,0.001,0.0,1.0,0,unit_total_var,0.2581012658227848,0.6847751331082798,1.0,0.6847754011899598,0.6847751331082798,1.7002131929011455e-06,9.249749424178332e-07,0.008247934853859152,0.012044734767778068,0.0523096184563426,0.29740298836126283,0.0988625,0.101325
0.1,0.1,0.0,0.001,0.0,1.0,0,unit_total_var,0.2643037974683544,0.6733067912052971,1.0,0.6733070580863943,0.6733067912052971,1.7214287213462853e-06,8.671386568792627e-07,0.008049018280548334,0.011954458778203706,0.05191755481513758,0.29740298836126283,0.0988625,0.101325
0.1,0.1,0.0,0.001,0.0,1.0,0,unit_total_var,0.2705063291139241,0.6618387088019775,1.0,0.6618390242977089,0.6618387088019775,2.0702630525448744e-06,9.665721569795949e-07,0.007853183742109878,0.011865706308301706,0.051532107735800345,0.29740298836126283,0.0988625,0.101325
0.1,0.1,0.0,0.001,0.0,1.0,0,unit_total_var,0.2767088607594937,0.6503796687105987,1.0,0.6503799831483099,0.6503796687105987,2.0996740277556825e-06,9.09512902769194e-07,0.007660410392828555,0.011778366946825993,0.05115279770838179,0.29740298836126283,0.0988625,0.101325
0.1,0.1,0.0,0.001,0.0,1.0,0,unit_total_var,0.2829113924050633,0.6389380004719821,1.0,0.6389383143967985,0.6389380004719821,2.1337873450377742e-06,8.58335087450257e-07,0.0074706754734126125,0.01169233238263187,0.05077915434355721,0.29740298836126283,0.0988625,0.101325
0.1,0.1,0.0,0.001,0.0,1.0,0,unit_total_var,0.2891139240506329,0.6275216628212683,1.0,0.6275220322364311,0.6275216628212683,2.556643523554669e-06,9.558504845408322e-07,0.007283955826572047,0.011607497012651615,0.05041071901303077,0.29740298836126283,0.0988625,0.101325
0.1,0.1,0.0,0.001,0.0,1.0,0,unit_total_var,0.2953164556962025,0.6161383403633341,1.0,0.6161387095108137,0.6161383403633341,2.6019913850205967e-06,9.049177238651396e-07,0.007100229402797256,0.011523758444589378,0.050047047032711664,0.29740298836126283,0.0988625,0.101325
0.1,0.1,0.0,0.001,0.0,1.0,0,unit_total_var,0.3015189873417722,0.6047952850587814,1.0,0.6047956571714712,0.6047952850587814,2.672084952859421e-06,8.715608088571968e-07,0.0069194738898459745,0.011441018243344031,0.049687710904387485,0.29740298836126283,0.0988625,0.101325
0.1,0.1,0.0,0.001,0.0,1.0,0,unit_total_var,0.3077215189873418,0.5934994152335753,1.0,0.5934994152335753,0.5934994207059093,4.004392240020138e-08,9.796559987673705e-07,0.006741668037483476,0.01135918227456088,0.04933230180775018,0.29871414491322856,0.0988625,0.101325
0.1,0.1,0.0,0.001,0.0,1.0,0,unit_total_var,0.3139240506329114,0.5822574235436315,1.0,0.5822578569783362,0.5822574235436315,3.232903915240115e-06,9.090520056709295e-07,0.006566792948819569,0.011278160970200984,0.04898043075374912,0.29871414491322856,0.0988625,0.101325
0.1,0.1,0.0,0.001,0.0,1.0,0,unit_total_var,0.320126582278481,0.5710755713563559,1.0,0.5710760060877181,0.5710755713563559,3.306066120867257e-06,8.672213134275353e-07,0.00639482996259042,0.011197869920091526,0.04863173115366157,0.29871414491322856,0.0988625,0.101325
0.1,0.1,0.0,0.001,0.0,1.0,0,unit_total_var,0.3263291139240506,0.5599598304913591,1.0,0.5599603373629854,0.5599598304913591,3.931200752926856e-06,9.625615748909409e-07,0.006225762150604395,0.011118229936496252,0.04828585909951863,0.29871414491322856,0.0988625,0.101325
0.1,0.1,0.0,0.001,0.0,1.0,0,unit_total_var,0.3325316455696203,0.5489159767421875,1.0,0.5489164854008145,0.5489159767421875,4.024432552096614e-06,9.203616018194084e-07,0.006059575212805246,0.011039167139511556,0.04794249373497573,0.29871414491322856,0.0988625,0.101325
0.1,0.1,0.0,0.001,0.0,1.0,0,unit_total_var,0.3387341772151899,0.5379493932078833,1.0,0.5379499043198632,0.5379493932078833,4.126280462202203e-06,8.818714378744373e-07,0.005896255296894897,0.010960613342705957,0.04760133893012351,0.29871414491322856,0.0988625,0.101325
0.1,0.1,0.0,0.001,0.0,1.0,0,unit_total_var,0.3449367088607595,0.5270651804562132,1.0,0.5270657736416745,0.5270651804562132,4.88776411700087e-06,9.767150650485943e-07,0.005735789987052444,0.010882505996863046,0.04726212303716667,0.29871414491322856,0.0988625,0.101325
0.1,0.1,0.0,0.001,0.0,1.0,0,unit_total_var,0.3511392405063291,0.5162682869051057,1.0,0.5162688831848063,0.5162682869051057,5.0160128113319055e-06,9.376782610370781e-07,0.005578169425857269,0.010804788067260427,0.04692459835745303,0.29871414491322856,0.0988625,0.101325
0.1,0.1,0.0,0.001,0.0,1.0,0,unit_total_var,0.3573417721518987,0.5055632789945902,1.0,0.5055638790895515,0.5055632789945902,5.154998127476773e-06,9.019178517366556e-07,0.005423383724178394,0.010727408317636985,0.04658854237472787,0.29871414491322856,0.0988625,0.101325
0.1,0.1,0.0,0.001,0.0,1.0,0,unit_total_var,0.3635443037974684,0.4949544624418806,1.0,0.4949551113038655,0.4949544624418806,5.693392346017845e-06,9.965370635356408e-07,0.0052714239631860725,0.010650321116773573,0.0462537569151244,0.29871414491322856,0.0988625,0.101325
0.1,0.1,0.0,0.001,0.0,1.0,0,unit_total_var,0.369746835443038,0.4844460262373959,1.0,0.4844467241411908,0.4844460262373959,6.2565390628321885e-06,9.60108456071751e-07,0.005122283371201776,0.01057348619615196,0.04592006709469,0.29871414491322856,0.0988625,0.101325
0.1,0.1,0.0,0.001,0.0,1.0,0,unit_total_var,0.3759493670886076,0.4740417822977147,1.0,0.4740424856117614,0.4740417822977147,6.443423224311572e-06,9.266090590376308e-07,0.004975954424183736,0.010496868862624149,0.045587322242997295,0.29871414491322856,0.0988625,0.101325
0.1,0.1,0.0,0.001,0.0,1.0,0,unit_total_var,0.3821518987341772,0.4637453490437464,1.0,0.4637460585449737,0.4637453490437464,6.6444274393617775e-06,8.957691453037597e-07,0.004832430422929921,0.010420439650542054,0.04525539439236263,0.29871414491322856,0.0988625,0.101325
0.1,0.1,0.0,0.001,0.0,1.0,0,unit_total_var,0.3883544303797468,0.4535600627465263,1.0,0.453560878044983,0.4535600627465263,7.806668437027044e-06,9.86978041295217e-07,0.00469170433303639,0.010344174274573126,0.044924178072926806,0.29871414491322856,0.0988625,0.101325
0.1,0.1,0.0,0.001,0.0,1.0,0,unit_total_var,0.3945569620253165,0.4434891801930125,1.0,0.4434900027773769,0.4434891801930125,8.055292778585965e-06,9.553921238580898e-07,0.00455377050949129,0.010268053230767495,0.0445935885801118,0.29871414491322856,0.0988625,0.101325
0.1,0.1,0.0,0.001,0.0,1.0,0,unit_total_var,0.4007594936708861,0.4335355950019598,1.0,0.4335364173428747,0.4335355950019598,8.237796087939842e-06,9.077280693770008e-07,0.00441862163190358,0.010192061927195632,0.04426356254197285,0.29871414491322856,0.0988625,0.101325
0.1,0.1,0.0,0.001,0.0,1.0,0,unit_total_var,0.4069620253164557,0.42370199101172,1.0,0.42370199101172,0.4237019984651119,7.639725518870934e-08,9.154950060263901e-07,0.004286249963526597,0.010116190281031829,0.04393405616935428,0.29995116550402584,0.0988625,0.101325
0.1,0.1,0.0,0.001,0.0,1.0,0,unit_total_var,0.4131645569620253,0.4139908632748905,1.0,0.41399182322473,0.4139908632748905,1.0070281057927843e-05,9.878961295672894e-07,0.004156647311606414,0.01004043248376328,0.04360504423620554,0.29995116550402584,0.0988625,0.101325
0.1,0.1,0.0,0.001,0.0,1.0,0,unit_total_var,0.4193670886075949,0.4044045847872349,1.0,0.40440555525670535,0.4044045847872349,1.0421964686813112e-05,9.602190420565648e-07,0.004029805424500649,0.00996478669157722,0.04327651873494946,0.29995116550402584,0.0988625,0.101325
0.1,0.1,0.0,0.001,0.0,1.0,0,unit_total_var,0.4255696202531646,0.39494519629840497,1.0,0.3949461782598324,0.39494519629840497,1.0797951289553964e-05,9.346063875037558e-07,0.003905713739634903,0.009889254955474632,0.042948488572970206,0.29995116550402584,0.0988625,0.101325
0.1,0.1,0.0,0.001,0.0,1.0,0,unit_total_var,0.4317721518987342,0.38561458635669177,1.0,0.3856155808213535,0.38561458635669177,1.120004204757663e-05,9.109047500732713e-07,0.003784360921136153,0.009813842772108304,0.04262097762192748,0.29995116550402584,0.0988625,0.101325
0.1,0.1,0.0,0.001,0.0,1.0,0,unit_total_var,0.4379746835443038,0.376414386622398,1.0,0.3764155178712258,0.376414386622398,1.305195557854688e-05,9.97641246947012e-07,0.003665733672462631,0.009738558893446148,0.042294023891135,0.29995116550402584,0.0988625,0.101325
0.1,0.1,0.0,0.001,0.0,1.0,0,unit_total_var,0.4441772151898734,0.3673462234293571,1.0,0.3673473691942736,0.3673462234293571,1.3545766174516416e-05,9.732900446701722e-07,0.003549818927880069,0.009663414788209252,0.041967677188615576,0.29995116550402584,0.0988625,0.101325
0.1,0.1,0.0,0.001,0.0,1.0,0,unit_total_var,0.450379746835443,0.35841135299763005,1.0,0.3584125144711186,0.35841135299763005,1.407379273565823e-05,9.507529138419456e-07,0.0034366002645897656,0.009588424685343296,0.04164199930989517,0.29995116550402584,0.0988625,0.101325
0.1,0.1,0.0,0.001,0.0,1.0,0,unit_total_var,0.4565822784810127,0.349610913562525,1.0,0.3496120919750028,0.349610913562525,1.4638478209150207e-05,9.299092624814876e-07,0.003326060143722845,0.009513605024026251,0.04131706164941654,0.29995116550402584,0.0988625,0.101325
0.1,0.1,0.0,0.001,0.0,1.0,0,unit_total_var,0.4627848101265823,0.34094586922998343,1.0,0.3409470658566915,0.34094586922998343,1.5242521207881055e-05,9.106553624516069e-07,0.003218179263497084,0.009438974200700098,0.040992944101912086,0.29995116550402584,0.0988625,0.101325
0.1,0.1,0.0,0.001,0.0,1.0,0,unit_total_var,0.4689873417721519,0.33241694668303723,1.0,0.3324183008353853,0.33241694668303723,1.7691627951954555e-05,9.941709639971208e-07,0.0031129358893758692,0.009364552320324642,0.04066973398211285,0.29995116550402584,0.0988625,0.101325
0.1,0.1,0.0,0.001,0.0,1.0,0,unit_total_var,0.4751898734177215,0.3240249171745613,1.0,0.3240262925323844,0.3240249171745613,1.843404670065496e-05,9.744771286568366e-07,0.003010308341028484,0.009290360652748032,0.04034752366379562,0.29995116550402584,0.0988625,0.101325
0.1,0.1,0.0,0.001,0.0,1.0,0,unit_total_var,0.4813924050632911,0.3157701886037433,1.0,0.315771586722922,0.3157701886037433,1.9228987473418613e-05,9.563341342166964e-07,0.0029102712192616985,0.009216421702536864,0.04002641088305132,0.29995116550402584,0.0988625,0.101325
0.1,0.1,0.0,0.001,0.0,1.0,0,unit_total_var,0.4875949367088608,0.30765308752867665,1.0,0.30765451003878563,0.30765308752867665,2.008063262071147e-05,9.396586287957476e-07,0.0028127979378213203,0.00914275868451714,0.03970649646058827,0.29995116550402584,0.0988625,0.101325
0.1,0.1,0.0,0.001,0.0,1.0,0,unit_total_var,0.4937974683544304,0.2996737963565779,1.0,0.29967524496761605,0.2996737963565779,2.099356925278073e-05,9.243779335310621e-07,0.0027178601250805296,0.009069395316254423,0.03938788340048493,0.29995116550402584,0.0988625,0.101325
0.1,0.1,0.0,0.001,0.0,1.0,0,unit_total_var,0.5,0.2918323364837685,1.0,0.2918338360137981,0.2918323364837685,2.2315414119233882e-05,9.392097207738813e-07,0.002625427474330001,0.008996355599119928,0.039070675939372065,0.29995116550402584,0.0988625,0.101325
0.1,0.1,0.0,0.001,0.0,10.0,0,unit_total_var,0.01,1.0051655765069294,0.9999875,1.005165576506951,1.0051655765069294,9.305750614529984e-14,8.910919859772549e-07,0.017460801566374914,0.01737106997540971,0.07544159835075692,0.2960149795979006,0.0988625,0.101325
0.1,0.1,0.0,0.001,0.0,10.0,0,unit_total_var,0.016202531645569618,0.9990081546778076,0.9999875,0.9990081546819712,0.9990081546778076,1.8100539296572734e-11,8.165679901139811e-07,0.017219321968536126,0.017236417828931105,0.07485681150883605,0.2960149795979006,0.0988625,0.101325
0.1,0.1,0.0,0.001,0.0,10.0,0,unit_total_var,0.02240506329113924,0.992839325674446,0.9999875,0.9928393256838952,0.992839325674446,4.1332926664638954e-11,9.412060535396448e-07,0.016986011247872686,0.01710851978625435,0.07430135736702863,0.2960149795979006,0.0988625,0.101325
0.1,0.1,0.0,0.001,0.0,10.0,0,unit_total_var,0.028607594936708863,0.9866634477843726,0.9999875,0.9866634477987142,0.9866634477843726,6.312635136840328e-11,9.254190445062704e-07,0.016758240177910284,0.01698475829376489,0.07376386803442582,0.2960149795979006,0.0988625,0.101325
0.1,0.1,0.0,0.001,0.0,10.0,0,unit_total_var,0.03481012658227848,0.9804825789798388,0.9999875,0.9804825790017004,0.9804825789798388,9.683279178496208e-11,9.816662895900663e-07,0.01653475504687361,0.016863894781361133,0.07323896446942182,0.2960149795979006,0.0988625,0.101325
0.1,0.1,0.0,0.001,0.0,10.0,0,unit_total_var,0.0410126582278481,0.9742978857727814,0.9999875,0.9742978858015507,0.9742978857727814,1.2824008521761246e-10,8.330516720889136e-07,0.01631483795454766,0.016745225657148234,0.0727235910112423,0.2960149795979006,0.0988625,0.101325
0.1,0.1,0.0,0.001,0.0,10.0,0,unit_total_var,0.047215189873417725,0.9681101051351616,0.9999875,0.9681101051787551,0.9681101051351616,1.9555987385011517e-10,9.660302566771861e-07,0.016098030469559772,0.01662830537990538,0.07221581269895062,0.2960149795979006,0.0988625,0.101325
0.1,0.1,0.0,0.001,0.0,10.0,0,unit_total_var,0.05341772151898734,0.9619197377551482,0.9999875,0.9619197378053966,0.9619197377551482,2.2686544309813428e-10,8.781548785918858e-07,0.01588401762783033,0.016512830545404117,0.07171431186472473,0.2960149795979006,0.0988625,0.101325
0.1,0.1,0.0,0.001,0.0,10.0,0,unit_total_var,0.05962025316455696,0.9557271420012456,0.9999875,0.9557271420677612,0.9557271420012456,3.0225566494124223e-10,8.177548806997946e-07,0.015672571306346843,0.0163985834634028,0.07121814309185749,0.2960149795979006,0.0988625,0.101325
0.1,0.1,0.0,0.001,0.0,10.0,0,unit_total_var,0.06582278481012659,0.9495325846982478,1.0,0.9495325847747751,0.9495325846982478,3.500180145721288e-10,7.764733709336723e-07,0.015463519541971275,0.0162854016714818,0.07072660081502538,0.2960149795979006,0.0988625,0.101325
0.1,0.1,0.0,0.001,0.0,10.0,0,unit_total_var,0.0720253164556962,0.9433362707164004,1.0,0.9433362708167524,0.9433362707164004,4.620022142631797e-10,9.75497414401616e-07,0.015256728573843938,0.016173160141777946,0.07023914204511775,0.2960149795979006,0.0988625,0.101325
0.1,0.1,0.0,0.001,0.0,10.0,0,unit_total_var,0.07822784810126583,0.9371383613465428,1.0,0.9371383614620098,0.9371383613465428,5.351046827861694e-10,9.520038020127686e-07,0.015052091691030191,0.016061760260675215,0.06975533850864181,0.2960149795979006,0.0988625,0.101325
0.1,0.1,0.0,0.001,0.0,10.0,0,unit_total_var,0.08443037974683544,0.930938986128912,1.0,0.9309389862617456,0.930938986128912,6.196846924488852e-10,9.397147096024128e-07,0.014849521965338276,0.015951122669259424,0.06927484555421236,0.2960149795979006,0.0988625,0.101325
0.1,0.1,0.0,0.001,0.0,10.0,0,unit_total_var,0.09063291139240506,0.9247382509255146,1.0,0.9247382510782938,0.9247382509255146,7.175126048863945e-10,9.36696665121417e-07,0.01464894733407811,0.01584118243126297,0.06879738116720245,0.2960149795979006,0.0988625,0.101325
0.1,0.1,0.0,0.001,0.0,10.0,0,unit_total_var,0.09683544303797467,0.9185362435047252,1.0,0.9185362436804032,0.9185362435047252,8.306258458823379e-10,9.416362445335836e-07,0.014450307160066556,0.015731885662922367,0.06832271133340065,0.2960149795979006,0.0988625,0.101325
0.1,0.1,0.0,0.001,0.0,10.0,0,unit_total_var,0.1030379746835443,0.9123330375270841,1.0,0.9123330377509766,0.9123330375270841,1.0657879578879204e-09,9.272250736103159e-07,0.014253549759743791,0.015623187118575275,0.06785063955339206,0.2960149795979006,0.0988625,0.101325
0.1,0.1,0.0,0.001,0.0,10.0,0,unit_total_var,0.10924050632911393,0.9061286955701472,1.0,0.9061286955701472,0.9061286955937348,1.1305290037455508e-10,9.2859158939973e-07,0.014058630584137245,0.015515048417367897,0.06738099914124658,0.29978818467469875,0.0988625,0.101325
0.1,0.1,0.0,0.001,0.0,10.0,0,unit_total_var,0.11544303797468355,0.8999232712263571,1.0,0.8999232714930636,0.8999232712263571,1.2871006482839675e-09,9.96742528514005e-07,0.013865510853275516,0.015407436718888818,0.06691364747286957,0.29978818467469875,0.0988625,0.101325
0.1,0.1,0.0,0.001,0.0,10.0,0,unit_total_var,0.12164556962025315,0.8937168107984275,1.0,0.8937168110683246,0.8937168107984275,1.3115432628829635e-09,8.016867241167347e-07,0.013674156514243115,0.01530032371442909,0.06644846160510018,0.29978818467469875,0.0988625,0.101325
0.1,0.1,0.0,0.001,0.0,10.0,0,unit_total_var,0.12784810126582274,0.8875093545815351,1.0,0.8875093548917253,0.8875093545815351,1.5178870382825949e-09,8.317244919453516e-07,0.01348453742473027,0.015193684838497609,0.0659853348513661,0.29978818467469875,0.0988625,0.101325
0.1,0.1,0.0,0.001,0.0,10.0,0,unit_total_var,0.1340506329113924,0.8813009379890796,1.0,0.8813009383454974,0.8813009379890796,1.756383927187244e-09,8.664939059599419e-07,0.013296626721910544,0.015087498661070647,0.06552417414225681,0.29978818467469875,0.0988625,0.101325
0.1,0.1,0.0,0.001,0.0,10.0,0,unit_total_var,0.14025316455696205,0.8750915922534951,1.0,0.8750915926629347,0.8750915922534951,2.0319856908201928e-09,9.061285481948288e-07,0.013110400308851956,0.014981746396500812,0.0650648978927423,0.29978818467469875,0.0988625,0.101325
0.1,0.1,0.0,0.001,0.0,10.0,0,unit_total_var,0.14645569620253165,0.868881345108426,1.0,0.8688813455266847,0.868881345108426,2.0905901454426608e-09,9.508263474344858e-07,0.012925836444807956,0.01487641151185605,0.06460743430121094,0.29978818467469875,0.0988625,0.101325
0.1,0.1,0.0,0.001,0.0,10.0,0,unit_total_var,0.15265822784810126,0.8626702213723851,1.0,0.8626702217976226,0.8626702213723851,2.1407752237578848e-09,7.888265827205031e-07,0.012742915412170671,0.014771479409476443,0.06415171997083123,0.29978818467469875,0.0988625,0.101325
0.1,0.1,0.0,0.001,0.0,10.0,0,unit_total_var,0.1588607594936709,0.8564582431673922,1.0,0.8564582436564889,0.8564582431673922,2.480121330528107e-09,8.343324680026853e-07,0.012561619234468469,0.014666937162064696,0.06369769875906438,0.29978818467469875,0.0988625,0.101325
0.1,0.1,0.0,0.001,0.0,10.0,0,unit_total_var,0.1650632911392405,0.8502454305876963,1.0,0.8502454311501049,0.8502454305876963,2.872710958001789e-09,8.847678145684769e-07,0.012381931457425369,0.01456277330284137,0.06324532086631998,0.29978818467469875,0.0988625,0.101325
0.1,0.1,0.0,0.001,0.0,10.0,0,unit_total_var,0.17126582278481015,0.8440318017974964,1.0,0.8440318024440461,0.8440318017974964,3.326805497749774e-09,9.405011383023519e-07,0.0122038369516183,0.01445897764234516,0.0627945420403299,0.29978818467469875,0.0988625,0.101325
0.1,0.1,0.0,0.001,0.0,10.0,0,unit_total_var,0.17746835443037975,0.8378173734046741,1.0,0.8378173739944632,0.8378173734046741,3.0572552267571496e-09,7.959118875078275e-07,0.012027321755169709,0.014355541120248875,0.06234532293259312,0.29978818467469875,0.0988625,0.101325
0.1,0.1,0.0,0.001,0.0,10.0,0,unit_total_var,0.18367088607594936,0.8316021603842407,1.0,0.8316021610632404,0.8316021603842407,3.545996052345401e-09,8.512991485076781e-07,0.011852372928534546,0.01425245567310476,0.06189762852400092,0.29978818467469875,0.0988625,0.101325
0.1,0.1,0.0,0.001,0.0,10.0,0,unit_total_var,0.18987341772151897,0.8253861766760681,1.0,0.8253861774575769,0.8253861766760681,4.112075568940554e-09,9.122497885982741e-07,0.011678978450409872,0.01414971413434928,0.06145142769056339,0.29978818467469875,0.0988625,0.101325
0.1,0.1,0.0,0.001,0.0,10.0,0,unit_total_var,0.1960759493670886,0.8191694350690722,1.0,0.8191694358756351,0.8191694350690722,4.276108800382872e-09,9.79262154032767e-07,0.011507127109527109,0.014047310137440408,0.06100669278273978,0.29978818467469875,0.0988625,0.101325
0.1,0.1,0.0,0.001,0.0,10.0,0,unit_total_var,0.20227848101265825,0.8129519472531592,1.0,0.8129519483276865,0.8129519472531592,5.740330211168043e-09,9.934723834703618e-07,0.011336808420832413,0.013945238041605978,0.06056339930296785,0.29978818467469875,0.0988625,0.101325
0.1,0.1,0.0,0.001,0.0,10.0,0,unit_total_var,0.20848101265822785,0.8067337246443089,1.0,0.8067337246443089,0.8067337247780936,7.202118901261657e-10,8.517832839061156e-07,0.011168012551215396,0.01384349285278659,0.0601215255623232,0.2949932168979672,0.0988625,0.101325
0.1,0.1,0.0,0.001,0.0,10.0,0,unit_total_var,0.21468354430379746,0.8005147772485539,1.0,0.8005147782365938,0.8005147772485539,5.360304200507926e-09,9.82482674771745e-07,0.011000730244364522,0.013742070174113571,0.059681052465447824,0.2949932168979672,0.0988625,0.101325
0.1,0.1,0.0,0.001,0.0,10.0,0,unit_total_var,0.2208860759493671,0.7942951146373761,1.0,0.7942951156549732,0.7942951146373761,5.5638869067564656e-09,8.557947808185419e-07,0.010834952785839477,0.013640966167576159,0.05924196334407274,0.2949932168979672,0.0988625,0.101325
0.1,0.1,0.0,0.001,0.0,10.0,0,unit_total_var,0.2270886075949367,0.7880747457461449,1.0,0.7880747469200724,0.7880747457461449,6.469313307277957e-09,9.286634394811701e-07,0.010670671923752758,0.013540177478533238,0.0588042436291767,0.2949932168979672,0.0988625,0.101325
0.1,0.1,0.0,0.001,0.0,10.0,0,unit_total_var,0.23329113924050635,0.7818536793260269,1.0,0.7818536804192763,0.7818536793260269,6.072647495969363e-09,8.154776196533929e-07,0.01050787985273394,0.013439701226183315,0.0583678808095978,0.2949932168979672,0.0988625,0.101325
0.1,0.1,0.0,0.001,0.0,10.0,0,unit_total_var,0.23949367088607595,0.7756319232044254,1.0,0.7756319244673741,0.7756319232044254,7.071545349290886e-09,8.885203328645729e-07,0.0103465691474665,0.013339534949413836,0.057932864196860015,0.2949932168979672,0.0988625,0.101325
0.1,0.1,0.0,0.001,0.0,10.0,0,unit_total_var,0.2456962025316456,0.7694094851592107,1.0,0.7694094866178229,0.7694094851592107,8.233161929993571e-09,9.690397746453527e-07,0.01018673275052966,0.01323967659226577,0.05749918486204673,0.2949932168979672,0.0988625,0.101325
0.1,0.1,0.0,0.001,0.0,10.0,0,unit_total_var,0.2518987341772152,0.7631863726591166,1.0,0.7631863740267479,0.7631863726591166,7.782565036862366e-09,8.599644161222385e-07,0.010028363932230527,0.013140124472203824,0.057066835497999985,0.2949932168979672,0.0988625,0.101325
0.1,0.1,0.0,0.001,0.0,10.0,0,unit_total_var,0.2581012658227848,0.7569625924158552,1.0,0.7569625939975329,0.7569625924158552,9.074608176007361e-09,9.413220709575397e-07,0.009871456249135905,0.013040877248149127,0.05663581028048827,0.2949932168979672,0.0988625,0.101325
0.1,0.1,0.0,0.001,0.0,10.0,0,unit_total_var,0.2643037974683544,0.7507381514586576,1.0,0.7507381529493061,0.7507381514586576,8.623251890327309e-09,8.415158845309634e-07,0.009716003546915757,0.012941933919353778,0.05620610486331869,0.2949932168979672,0.0988625,0.101325
0.1,0.1,0.0,0.001,0.0,10.0,0,unit_total_var,0.2705063291139241,0.7445130559630326,1.0,0.7445130576893223,0.7445130559630326,1.0069911571264356e-08,9.242734790859686e-07,0.009561999904781685,0.0128432937853765,0.0557777162045134,0.2949932168979672,0.0988625,0.101325
0.1,0.1,0.0,0.001,0.0,10.0,0,unit_total_var,0.2767088607594937,0.7382873125269077,1.0,0.7382873141621712,0.7382873125269077,9.619370411328989e-09,8.321603104377573e-07,0.00940943964818421,0.012744956453306614,0.05535064259768301,0.2949932168979672,0.0988625,0.101325
0.1,0.1,0.0,0.001,0.0,10.0,0,unit_total_var,0.2829113924050633,0.7320609269059584,1.0,0.7320609288022745,0.7320609269059584,1.1249878362207257e-08,9.169273482712015e-07,0.00925831729548347,0.012646921800093294,0.05492488350842457,0.2949932168979672,0.0988625,0.101325
0.1,0.1,0.0,0.001,0.0,10.0,0,unit_total_var,0.2891139240506329,0.7258339053785756,1.0,0.7258339071840465,0.7258339053785756,1.0802830185951962e-08,8.312520662911994e-07,0.009108627576168742,0.012549189985025464,0.05450043962852109,0.2949932168979672,0.0988625,0.101325
0.1,0.1,0.0,0.001,0.0,10.0,0,unit_total_var,0.2953164556962025,0.7196062533743944,1.0,0.7196062554708862,0.7196062533743944,1.2652680680957928e-08,9.186933596083693e-07,0.008960365378533794,0.012451761413296007,0.05407731271770291,0.2949932168979672,0.0988625,0.101325
0.1,0.1,0.0,0.001,0.0,10.0,0,unit_total_var,0.3015189873417722,0.7133779763342394,1.0,0.713377978951408,0.7133779763342394,1.5932954289255008e-08,9.015779767196364e-07,0.008813525770189271,0.012354636759994205,0.05365550570784552,0.2949932168979672,0.0988625,0.101325
0.1,0.1,0.0,0.001,0.0,10.0,0,unit_total_var,0.3077215189873418,0.7071490808323267,1.0,0.7071490808323267,0.7071490812707041,2.692286615868511e-09,8.490661969062784e-07,0.008668103961238464,0.012257816910453951,0.05323502244390517,0.2942850018841492,0.0988625,0.101325
0.1,0.1,0.0,0.001,0.0,10.0,0,unit_total_var,0.3139240506329114,0.7009195722545862,1.0,0.7009195744979679,0.7009195722545862,1.3900144146816727e-08,8.536865152564133e-07,0.008524095296356528,0.012161302999341024,0.052815867853672725,0.2942850018841492,0.0988625,0.101325
0.1,0.1,0.0,0.001,0.0,10.0,0,unit_total_var,0.320126582278481,0.694689454888199,1.0,0.6946894575000597,0.694689454888199,1.6328399743414934e-08,9.487462193646935e-07,0.00838149524582858,0.01206509640653387,0.05239804792988411,0.2942850018841492,0.0988625,0.101325
0.1,0.1,0.0,0.001,0.0,10.0,0,unit_total_var,0.3263291139240506,0.6884587349947838,1.0,0.6884587375193183,0.6884587349947838,1.59253030762585e-08,8.77129366472218e-07,0.008240299408034987,0.011969198717621645,0.051981569558665584,0.2942850018841492,0.0988625,0.101325
0.1,0.1,0.0,0.001,0.0,10.0,0,unit_total_var,0.3325316455696203,0.6822274174275128,1.0,0.6822274203705305,0.6822274174275128,1.8734755302673992e-08,9.77311344740883e-07,0.008100503465355345,0.011873611728915935,0.051566440541299205,0.2942850018841492,0.0988625,0.101325
0.1,0.1,0.0,0.001,0.0,10.0,0,unit_total_var,0.3387341772151899,0.6759955079881358,1.0,0.6759955108469515,0.6759955079881358,1.8366510978751197e-08,9.091922095194604e-07,0.007962103220477638,0.011778337468800722,0.051152669686944666,0.2942850018841492,0.0988625,0.101325
0.1,0.1,0.0,0.001,0.0,10.0,0,unit_total_var,0.3449367088607595,0.6697630117055494,1.0,0.6697630144920207,0.6697630117055494,1.806831773087936e-08,8.492096696954831e-07,0.007825094545079457,0.011683378162602438,0.05074026666007191,0.2942850018841492,0.0988625,0.101325
0.1,0.1,0.0,0.001,0.0,10.0,0,unit_total_var,0.3511392405063291,0.663529933592646,1.0,0.6635299368502787,0.663529933592646,2.132190024539682e-08,9.505323816938472e-07,0.007689473390245453,0.011588736243761041,0.050329242028976366,0.2942850018841492,0.0988625,0.101325
0.1,0.1,0.0,0.001,0.0,10.0,0,unit_total_var,0.3573417721518987,0.6572962794660643,1.0,0.6572962826569765,0.6572962794660643,2.1083271128929937e-08,8.93206703267424e-07,0.007555235797925556,0.011494414366779672,0.04991960732201872,0.2942850018841492,0.0988625,0.101325
0.1,0.1,0.0,0.001,0.0,10.0,0,unit_total_var,0.3635443037974684,0.6510620543437949,1.0,0.6510620574799064,0.6510620543437949,2.091960182859509e-08,8.426205226896855e-07,0.007422377855068074,0.011400415375995277,0.04951137489199734,0.2942850018841492,0.0988625,0.101325
0.1,0.1,0.0,0.001,0.0,10.0,0,unit_total_var,0.369746835443038,0.6448272632465214,1.0,0.6448272669232343,0.6448272632465214,2.476285065888817e-08,9.472399824517195e-07,0.007290895705919984,0.011306742319194762,0.049104557975282605,0.2942850018841492,0.0988625,0.101325
0.1,0.1,0.0,0.001,0.0,10.0,0,unit_total_var,0.3759493670886076,0.6385919121003493,1.0,0.6385919157316565,0.6385919121003493,2.4695845146638362e-08,8.988592696823616e-07,0.007160785566015752,0.011213398463603615,0.04869917076125451,0.2942850018841492,0.0988625,0.101325
0.1,0.1,0.0,0.001,0.0,10.0,0,unit_total_var,0.3821518987341772,0.6323560059814746,1.0,0.6323560095799555,0.6323560059814746,2.4713933344244762e-08,8.562113862353726e-07,0.007032043674727054,0.011120387263204176,0.04829522825036777,0.2942850018841492,0.0988625,0.101325
0.1,0.1,0.0,0.001,0.0,10.0,0,unit_total_var,0.3883544303797468,0.6261195499811026,1.0,0.6261195542116129,0.6261195499811026,2.934403342536029e-08,9.664744879955831e-07,0.006904666309457278,0.011027712374842269,0.04789274632410201,0.2942850018841492,0.0988625,0.101325
0.1,0.1,0.0,0.001,0.0,10.0,0,unit_total_var,0.3945569620253165,0.6198825502185152,1.0,0.6198825544311907,0.6198825502185152,2.9514327870572288e-08,9.259005651074403e-07,0.006778649802322335,0.010935377677485496,0.047491741828599485,0.2942850018841492,0.0988625,0.101325
0.1,0.1,0.0,0.001,0.0,10.0,0,unit_total_var,0.4007594936708861,0.6136450105729728,1.0,0.6136450160921003,0.6136450105729728,3.906047529866896e-08,8.73764093967111e-07,0.006653990487876196,0.010843387256849413,0.04709223250789738,0.2942850018841492,0.0988625,0.101325
0.1,0.1,0.0,0.001,0.0,10.0,0,unit_total_var,0.4069620253164557,0.6074069389531603,1.0,0.6074069389531603,0.6074069405564578,1.1463538118761107e-08,9.085175349810015e-07,0.006530684731565715,0.01075174535019483,0.0466942367641856,0.30066339144552673,0.0988625,0.101325
0.1,0.1,0.0,0.001,0.0,10.0,0,unit_total_var,0.4131645569620253,0.6011683415183872,1.0,0.6011683464995087,0.6011683415183872,3.5984489610285664e-08,9.756381587067151e-07,0.006408728918226541,0.010660456440603377,0.04629777406724027,0.30066339144552673,0.0988625,0.101325
0.1,0.1,0.0,0.001,0.0,10.0,0,unit_total_var,0.4193670886075949,0.5949292212266064,1.0,0.5949292262437512,0.5949292212266064,3.6624832056020296e-08,9.468952555380384e-07,0.006288119440158368,0.010569525274273336,0.045902865029538616,0.30066339144552673,0.0988625,0.101325
0.1,0.1,0.0,0.001,0.0,10.0,0,unit_total_var,0.4255696202531646,0.5886895851095889,1.0,0.5886895901796432,0.5886895851095889,3.7403355523935033e-08,9.223520009982168e-07,0.006168852692248211,0.010478956734218142,0.0455095308577386,0.30066339144552673,0.0988625,0.101325
0.1,0.1,0.0,0.001,0.0,10.0,0,unit_total_var,0.4317721518987342,0.5824494390491604,1.0,0.5824494441894914,0.5824494390491604,3.8328089146943967e-08,9.017016395773679e-07,0.0060509250718915174,0.010388755943811293,0.04511779380236852,0.30066339144552673,0.0988625,0.101325
0.1,0.1,0.0,0.001,0.0,10.0,0,unit_total_var,0.4379746835443038,0.5762087890154917,1.0,0.5762087942441206,0.5762087890154917,3.9408713181643407e-08,8.846886316860036e-07,0.005934332971644822,0.01029892824402107,0.04472767705895896,0.30066339144552673,0.0988625,0.101325
0.1,0.1,0.0,0.001,0.0,10.0,0,unit_total_var,0.4441772151898734,0.5699676410721378,1.0,0.5699676464079273,0.5699676410721378,4.0656762845259216e-08,8.711031966868178e-07,0.005819072774183346,0.010209479196463466,0.04433920478130128,0.30066339144552673,0.0988625,0.101325
0.1,0.1,0.0,0.001,0.0,10.0,0,unit_total_var,0.450379746835443,0.5637260009405279,1.0,0.5637260072852202,0.5637260009405279,4.887950444398825e-08,9.979003579019263e-07,0.005705140838216154,0.010120414578532159,0.0439524020602974,0.30066339144552673,0.0988625,0.101325
0.1,0.1,0.0,0.001,0.0,10.0,0,unit_total_var,0.4565822784810127,0.5574838757605933,1.0,0.5574838822659045,0.5574838757605933,5.067807062886232e-08,9.877812914282913e-07,0.005592533529664727,0.01003174041945994,0.04356729508057264,0.30066339144552673,0.0988625,0.101325
0.1,0.1,0.0,0.001,0.0,10.0,0,unit_total_var,0.4627848101265823,0.5512412714701707,1.0,0.5512412781617516,0.5512412714701707,5.2719504317622075e-08,9.812034278411377e-07,0.005481247162360961,0.009943462955417644,0.043183910925472815,0.30066339144552673,0.0988625,0.101325
0.1,0.1,0.0,0.001,0.0,10.0,0,unit_total_var,0.4689873417721519,0.5449981945559126,1.0,0.5449982014613047,0.5449981945559126,5.5027222334302905e-08,9.780764571587495e-07,0.005371278029154953,0.009855588665815115,0.04280227773471736,0.30066339144552673,0.0988625,0.101325
0.1,0.1,0.0,0.001,0.0,10.0,0,unit_total_var,0.4751898734177215,0.5387546516226616,1.0,0.5387546587716187,0.5387546516226616,5.762832122613304e-08,9.783471597302194e-07,0.005262622387761068,0.009768124269388131,0.042422424687404967,0.30066339144552673,0.0988625,0.101325
0.1,0.1,0.0,0.001,0.0,10.0,0,unit_total_var,0.4813924050632911,0.5325106493985149,1.0,0.5325106568233648,0.5325106493985149,6.055411949645872e-08,9.819983972647606e-07,0.0051552764555929075,0.009681076728542293,0.04204438202087903,0.30066339144552673,0.0988625,0.101325
0.1,0.1,0.0,0.001,0.0,10.0,0,unit_total_var,0.4875949367088608,0.5262661947399935,1.0,0.5262662024760401,0.5262661947399935,6.384073936160918e-08,9.890480754393136e-07,0.00504923640452695,0.00959445325387387,0.041668181050361186,0.30066339144552673,0.0988625,0.101325
0.1,0.1,0.0,0.001,0.0,10.0,0,unit_total_var,0.4937974683544304,0.5200212946373289,1.0,0.5200213027233117,0.5200212946373289,6.752988213065692e-08,9.995491865311124e-07,0.0049444983555812175,0.0095082613088558,0.04129385418930264,0.30066339144552673,0.0988625,0.101325
0.1,0.1,0.0,0.001,0.0,10.0,0,unit_total_var,0.5,0.5137759527677401,1.0,0.5137759641618264,0.5137759527677401,9.631413711019832e-08,9.96457785618077e-07,0.004841058365486995,0.009422508662400294,0.04092143517766037,0.30066339144552673,0.0988625,0.101325
0.1,0.1,1.0,0.001,0.0,1.0,0,unit_total_var,0.01,0.9783508629713196,0.9999875,0.978350862994544,0.9783508629713196,1.0309528231111642e-10,9.695031906176157e-07,0.016856235569094002,0.01722923360838099,0.07482561083541915,0.2964413404954242,0.101325,0.101325
0.1,0.1,1.0,0.001,0.0,1.0,0,unit_total_var,0.016202531645569618,0.9560326639154232,0.9999875,0.9560326650279356,0.9560326639154232,5.053781809705171e-09,7.66897912285458e-07,0.01632317232656581,0.017073864672901867,0.0741508521220415,0.2964413404954242,0.101325,0.101325
0.1,0.1,1.0,0.001,0.0,1.0,0,unit_total_var,0.02240506329113924,0.934097519894634,0.9999875,0.93409752219687,0.934097519894634,1.070389760160495e-08,9.75620466192595e-07,0.015816833974604472,0.01693274378502644,0.07353797189318563,0.2964413404954242,0.101325,0.101325
0.1,0.1,1.0,0.001,0.0,1.0,0,unit_total_var,0.028607594936708863,0.9125304335128596,0.9999875,0.9125304367577428,0.9125304335128596,1.5443156087258103e-08,8.01411285777931e-07,0.015329754824459457,0.016799171031969127,0.07295787279733146,0.2964413404954242,0.101325,0.101325
0.1,0.1,1.0,0.001,0.0,1.0,0,unit_total_var,0.03481012658227848,0.8913155431782106,0.9999875,0.8913155484043149,0.8913155431782106,2.5464250930085086e-08,9.186671974248385e-07,0.014858322891138387,0.016670104100459514,0.07239734223582338,0.2964413404954242,0.101325,0.101325
0.1,0.1,1.0,0.001,0.0,1.0,0,unit_total_var,0.0410126582278481,0.8704390677367184,0.9999875,0.870439074197057,0.8704390677367184,3.223303624011464e-08,8.456393700839726e-07,0.014400522482600719,0.016543975352627947,0.0718495720438972,0.2964413404954242,0.101325,0.101325
0.1,0.1,1.0,0.001,0.0,1.0,0,unit_total_var,0.047215189873417725,0.8498898650335246,0.9999875,0.8498898730267797,0.8498898650335246,4.08456048983652e-08,8.057972813446669e-07,0.013955154104215326,0.01641995590059761,0.07131096240724279,0.2964413404954242,0.101325,0.101325
0.1,0.1,1.0,0.001,0.0,1.0,0,unit_total_var,0.05341772151898734,0.8296593533414863,0.9999875,0.8296593646083423,0.8296593533414863,5.897761945483638e-08,7.880806514037886e-07,0.013521483334247427,0.016297632612456075,0.07077971911676151,0.2964413404954242,0.101325,0.101325
0.1,0.1,1.0,0.001,0.0,1.0,0,unit_total_var,0.05962025316455696,0.8097412263804221,0.9999875,0.8097412402393644,0.8097412263804221,7.433068660578357e-08,7.86425600196594e-07,0.013099053361695244,0.016176838889935954,0.07025511864537108,0.2964413404954242,0.101325,0.101325
0.1,0.1,1.0,0.001,0.0,1.0,0,unit_total_var,0.06582278481012659,0.7901311108310645,0.9999875,0.7901311278468742,0.7901311108310645,9.352716423549623e-08,7.973159625862536e-07,0.012687573069072098,0.01605755411368024,0.0697370714443419,0.2964413404954242,0.101325,0.101325
0.1,0.1,1.0,0.001,0.0,1.0,0,unit_total_var,0.0720253164556962,0.7708262227245041,0.999975,0.7708262435686031,0.7708262227245041,1.1743862415869446e-07,8.186404709675799e-07,0.012286845687594788,0.015939838741041573,0.0692258400766203,0.2964413404954242,0.101325,0.101325
0.1,0.1,1.0,0.001,0.0,1.0,0,unit_total_var,0.07822784810126583,0.7518250465271087,0.9999875,0.7518250719947026,0.7518250465271087,1.4711448326210075e-07,8.491113359099245e-07,0.011896722088528698,0.01582379057931496,0.0687218493138915,0.2964413404954242,0.101325,0.101325
0.1,0.1,1.0,0.001,0.0,1.0,0,unit_total_var,0.08443037974683544,0.7331270467718044,0.9999875,0.7331270778005416,0.7331270467718044,1.8381001143374928e-07,8.879472090939089e-07,0.011517070431260068,0.015709515126980315,0.06822555733023211,0.2964413404954242,0.101325,0.101325
0.1,0.1,1.0,0.001,0.0,1.0,0,unit_total_var,0.09063291139240506,0.7147324155946727,0.9999875,0.7147324491897192,0.7147324155946727,2.0413433965416059e-07,9.346897185125158e-07,0.011147757265342504,0.015597106024731409,0.06773737080200815,0.2964413404954242,0.101325,0.101325
0.1,0.1,1.0,0.001,0.0,1.0,0,unit_total_var,0.09683544303797467,0.6966418562506563,0.9999875,0.6966418970135617,0.6966418562506563,2.5412059567742057e-07,9.890917329613558e-07,0.010788636815072054,0.01548663307877704,0.06725759289373234,0.2964413404954242,0.101325,0.101325
0.1,0.1,1.0,0.001,0.0,1.0,0,unit_total_var,0.1030379746835443,0.6788564030519312,0.9999875,0.6788564501525836,0.6788564030519312,3.013237059867891e-07,9.649540384515376e-07,0.010439546089671368,0.015378135998627038,0.06678639606161474,0.2964413404954242,0.101325,0.101325
0.1,0.1,1.0,0.001,0.0,1.0,0,unit_total_var,0.10924050632911393,0.6613772658840994,0.9999875,0.6613772684262056,0.6613772658840994,1.6692782711658083e-08,8.981688042197788e-07,0.01010030385496516,0.0152716223794955,0.06632381329125102,0.2956611388582678,0.101325,0.101325
0.1,0.1,1.0,0.001,0.0,1.0,0,unit_total_var,0.11544303797468355,0.6442057052032498,0.9999875,0.6442057625407259,0.6442057052032498,3.865434312633198e-07,9.63055088121223e-07,0.00977071217931071,0.01516706868690026,0.0658697423736838,0.2956611388582678,0.101325,0.101325
0.1,0.1,1.0,0.001,0.0,1.0,0,unit_total_var,0.12164556962025315,0.6273429532882477,0.9999875,0.6273430149610039,0.6273429532882477,4.2694567925494203e-07,8.345145809940391e-07,0.009450559709272352,0.01506442315122342,0.06542395847631928,0.2956611388582678,0.101325,0.101325
0.1,0.1,1.0,0.001,0.0,1.0,0,unit_total_var,0.12784810126582274,0.6107900981665929,0.9999875,0.6107901720024734,0.6107900981665929,5.250005465917695e-07,9.003198497836706e-07,0.009139624772059872,0.01496360992015794,0.06498613217677351,0.2956611388582678,0.101325,0.101325
0.1,0.1,1.0,0.001,0.0,1.0,0,unit_total_var,0.1340506329113924,0.5945480656303433,0.9999875,0.5945481451439351,0.5945480656303433,5.808161485099106e-07,9.719912981154266e-07,0.008837679657423379,0.01486453353111766,0.06455584888630257,0.2956611388582678,0.101325,0.101325
0.1,0.1,1.0,0.001,0.0,1.0,0,unit_total_var,0.14025316455696205,0.5786175580148957,0.9999875,0.5786176431831161,0.5786175580148957,6.392492752915757e-07,8.54604749633836e-07,0.008544493808190903,0.014767083524919471,0.06413262888676947,0.2956611388582678,0.101325,0.101325
0.1,0.1,1.0,0.001,0.0,1.0,0,unit_total_var,0.14645569620253165,0.5629989905442081,0.9999875,0.5629990916315394,0.5629989905442081,7.797823258215432e-07,9.255801143304155e-07,0.00825983634133804,0.014671138812085415,0.06371594629325324,0.2956611388582678,0.101325,0.101325
0.1,0.1,1.0,0.001,0.0,1.0,0,unit_total_var,0.15265822784810126,0.5476925305314447,0.9999875,0.5476926283966144,0.5476925305314447,7.760248128541035e-07,8.206166350888111e-07,0.007983479271423453,0.014576571390661128,0.06330524520032936,0.2956611388582678,0.101325,0.101325
0.1,0.1,1.0,0.001,0.0,1.0,0,unit_total_var,0.1588607594936709,0.5326980084301807,0.9999875,0.532698123999698,0.5326980084301807,9.422073556919485e-07,8.903289194783781e-07,0.007715198337049394,0.014483249824390143,0.06289995478758881,0.2956611388582678,0.101325,0.101325
0.1,0.1,1.0,0.001,0.0,1.0,0,unit_total_var,0.1650632911392405,0.5180149759552313,0.9999875,0.5180150996238923,0.5180149759552313,1.0368157901119446e-06,9.650432093444294e-07,0.007454775218223245,0.014391041889235873,0.06249950081333685,0.2956611388582678,0.101325,0.101325
0.1,0.1,1.0,0.001,0.0,1.0,0,unit_total_var,0.17126582278481015,0.5036426795689457,0.9999875,0.5036428110736791,0.5036426795689457,1.1339740448867985e-06,8.628838843449671e-07,0.0072019981061380856,0.014299816910477253,0.06210331576447078,0.2956611388582678,0.101325,0.101325
0.1,0.1,1.0,0.001,0.0,1.0,0,unit_total_var,0.17746835443037975,0.4895800191401747,0.9999875,0.4895801730021625,0.4895800191401747,1.3648719141556853e-06,9.355337904359829e-07,0.006956661676239248,0.014209447698574159,0.061710847263836174,0.2956611388582678,0.101325,0.101325
0.1,0.1,1.0,0.001,0.0,1.0,0,unit_total_var,0.18367088607594936,0.4758256437311848,0.9999875,0.4758257925949434,0.4758256437311848,1.3587056448827184e-06,8.408849572205669e-07,0.0067185685421050296,0.014119811806319231,0.06132156352996827,0.2956611388582678,0.101325,0.101325
0.1,0.1,1.0,0.001,0.0,1.0,0,unit_total_var,0.18987341772151897,0.4623778537113264,0.9999875,0.4623780269579906,0.4623778537113264,1.6272417808771422e-06,9.112387862053595e-07,0.006487527901865048,0.0140307928889591,0.0609349592840232,0.2956611388582678,0.101325,0.101325
0.1,0.1,1.0,0.001,0.0,1.0,0,unit_total_var,0.1960759493670886,0.4492347059507032,0.9999875,0.4492348898724123,0.4492347059507032,1.778049780298829e-06,9.85772869555035e-07,0.006263356660283178,0.013942281344955766,0.06055055853256936,0.2956611388582678,0.101325,0.101325
0.1,0.1,1.0,0.001,0.0,1.0,0,unit_total_var,0.20227848101265825,0.43639399124497175,0.9999875,0.43639418461249935,0.43639399124497175,1.924371859196583e-06,8.848489776447365e-07,0.006045878727519031,0.013854175008851465,0.06016791757666124,0.2956611388582678,0.101325,0.101325
0.1,0.1,1.0,0.001,0.0,1.0,0,unit_total_var,0.20848101265822785,0.4238531849186622,0.9999875,0.4238531873826675,0.4238531849186622,2.524704223461072e-08,9.621724359476502e-07,0.005834923885111155,0.013766379710537936,0.059786627440715084,0.2977586434574957,0.101325,0.101325
0.1,0.1,1.0,0.001,0.0,1.0,0,unit_total_var,0.21468354430379746,0.4116095912763264,0.9999875,0.4116098072850391,0.4116095912763264,2.279134629912249e-06,8.72168044008248e-07,0.005630329079834791,0.013678809238570377,0.05940631371318336,0.2977586434574957,0.101325,0.101325
0.1,0.1,1.0,0.001,0.0,1.0,0,unit_total_var,0.2208860759493671,0.3996602057224803,0.9999875,0.3996604535139566,0.3996602057224803,2.692648302549117e-06,9.40841158980632e-07,0.0054319360414634785,0.013591385791447438,0.05902663850643883,0.2977586434574957,0.101325,0.101325
0.1,0.1,1.0,0.001,0.0,1.0,0,unit_total_var,0.2270886075949367,0.38800188347072506,0.9999875,0.3880021226101987,0.38800188347072506,2.67671179443596e-06,8.553047694537241e-07,0.005239592806632187,0.013504039618991995,0.058647298899311126,0.2977586434574957,0.101325,0.101325
0.1,0.1,1.0,0.001,0.0,1.0,0,unit_total_var,0.23329113924050635,0.3766311956266968,0.9999875,0.3766314685525259,0.3766311956266968,3.1471142047934113e-06,9.20932831771637e-07,0.005053151255397569,0.013416709274411959,0.05826802803177295,0.2977586434574957,0.101325,0.101325
0.1,0.1,1.0,0.001,0.0,1.0,0,unit_total_var,0.23949367088607595,0.36554458342908863,0.9999875,0.36554486993052426,0.36554458342908863,3.403851389194301e-06,9.895233115120303e-07,0.0048724684380484105,0.01332934109525278,0.05788859285074529,0.2977586434574957,0.101325,0.101325
0.1,0.1,1.0,0.001,0.0,1.0,0,unit_total_var,0.2456962025316456,0.3547383190218993,0.9999875,0.3547386179572927,0.3547383190218993,3.659766371733042e-06,9.018370408231392e-07,0.004697405464978314,0.013241889057630464,0.05750879347703961,0.2977586434574957,0.101325,0.101325
0.1,0.1,1.0,0.001,0.0,1.0,0,unit_total_var,0.2518987341772152,0.3442084371508843,0.9999875,0.3442087754497649,0.3442084371508843,4.268380696892393e-06,9.670091540847636e-07,0.00452782608650397,0.013154314647200792,0.05712846264498424,0.2977586434574957,0.101325,0.101325
0.1,0.1,1.0,0.001,0.0,1.0,0,unit_total_var,0.2581012658227848,0.3339509237376421,0.9999875,0.333951249378729,0.3339509237376421,4.234875489395051e-06,8.831315505553049e-07,0.0043635984900246465,0.013066586075541951,0.056747462299217365,0.2977586434574957,0.101325,0.101325
0.1,0.1,1.0,0.001,0.0,1.0,0,unit_total_var,0.2643037974683544,0.3239615259208711,0.9999875,0.32396189272109344,0.3239615259208711,4.917226571699018e-06,9.449240925274437e-07,0.004204592446111061,0.012978678360522506,0.05636568394372068,0.2977586434574957,0.101325,0.101325
0.1,0.1,1.0,0.001,0.0,1.0,0,unit_total_var,0.2705063291139241,0.3142359741455881,0.9999875,0.3142363270129597,0.3142359741455881,4.876853030744144e-06,8.645415567887226e-07,0.004050681574084408,0.012890572395787168,0.05598304460064747,0.2977586434574957,0.101325,0.101325
0.1,0.1,1.0,0.001,0.0,1.0,0,unit_total_var,0.2767088607594937,0.30476977937368,0.9999875,0.30477017506462073,0.30476977937368,5.6385603883768445e-06,9.230285171746289e-07,0.00390174044094929,0.012802255029903549,0.055599487154052614,0.2977586434574957,0.101325,0.101325
0.1,0.1,1.0,0.001,0.0,1.0,0,unit_total_var,0.2829113924050633,0.2955584359706115,0.9999875,0.2955588470620922,0.2955584359706115,6.040586757904976e-06,9.834831429245128e-07,0.003757646651531076,0.01271371814914027,0.05521497636644842,0.2977586434574957,0.101325,0.101325
0.1,0.1,1.0,0.001,0.0,1.0,0,unit_total_var,0.2891139240506329,0.2865973596109913,0.9999875,0.286597784421158,0.2865973596109913,6.437343831322551e-06,9.011954125170972e-07,0.003618279742838984,0.012624958400699163,0.054829497676817496,0.2977586434574957,0.101325,0.101325
0.1,0.1,1.0,0.001,0.0,1.0,0,unit_total_var,0.2953164556962025,0.2778817933838991,0.9999875,0.277882266330329,0.2778817933838991,7.391554784241804e-06,9.582145619191351e-07,0.003483519774993345,0.012535977015884577,0.05444305643264664,0.2977586434574957,0.101325,0.101325
0.1,0.1,1.0,0.001,0.0,1.0,0,unit_total_var,0.3015189873417722,0.26940704196035675,0.9999875,0.2694075010684644,0.26940704196035675,7.400992431350063e-06,8.994985550847545e-07,0.003353249858590311,0.012446778800547249,0.054055673505480434,0.2977586434574957,0.101325,0.101325
0.1,0.1,1.0,0.001,0.0,1.0,0,unit_total_var,0.3077215189873418,0.2611682390710057,0.9999875,0.2611682390710057,0.26116824500842484,9.873284589900774e-08,9.556306082014745e-07,0.0032273531708058977,0.012357372329368328,0.053667386134685975,0.2976356080998848,0.101325,0.101325
0.1,0.1,1.0,0.001,0.0,1.0,0,unit_total_var,0.3139240506329114,0.25316056889229543,0.9999875,0.2531610886657669,0.25316056889229543,8.916653954749165e-06,9.883822863487879e-07,0.003105715376315173,0.012267768989081657,0.05327824377221997,0.2976356080998848,0.101325,0.101325
0.1,0.1,1.0,0.001,0.0,1.0,0,unit_total_var,0.320126582278481,0.2453791764119177,0.9999875,0.24537971041659995,0.2453791764119177,9.451292397599786e-06,9.0833647037325e-07,0.0029882234011644588,0.012177982846222178,0.052888307508267486,0.2976356080998848,0.101325,0.101325
0.1,0.1,1.0,0.001,0.0,1.0,0,unit_total_var,0.3263291139240506,0.2378190873239285,0.9999875,0.23781967593148576,0.2378190873239285,1.0748872206534088e-05,9.60344683886838e-07,0.002874764385702548,0.012088030519547368,0.052497649517175185,0.2976356080998848,0.101325,0.101325
0.1,0.1,1.0,0.001,0.0,1.0,0,unit_total_var,0.3325316455696203,0.2304754627854733,0.9999875,0.2304760271423522,0.2304754627854733,1.0634397920483709e-05,8.838907133990049e-07,0.002765228503217232,0.011997930147519032,0.052106348573281835,0.2976356080998848,0.101325,0.101325
0.1,0.1,1.0,0.001,0.0,1.0,0,unit_total_var,0.3387341772151899,0.22334330415166465,0.9999875,0.22334392424490487,0.22334330415166465,1.2057791465736044e-05,9.329154069259716e-07,0.002659505493528595,0.011907701928339962,0.05171449239626755,0.2976356080998848,0.101325,0.101325
0.1,0.1,1.0,0.001,0.0,1.0,0,unit_total_var,0.3449367088607595,0.21641773448678775,0.9999875,0.2164184142859007,0.21641773448678775,1.364179051943637e-05,9.831132471438409e-07,0.002557487799512632,0.011817367026678516,0.05132217290311916,0.2976356080998848,0.101325,0.101325
0.1,0.1,1.0,0.001,0.0,1.0,0,unit_total_var,0.3511392405063291,0.2096938982144829,0.9999875,0.20969454965639103,0.2096938982144829,1.349191316180054e-05,9.062358350409029e-07,0.002459069355496151,0.011726947595685029,0.05092948630374613,0.2976356080998848,0.101325,0.101325
0.1,0.1,1.0,0.001,0.0,1.0,0,unit_total_var,0.3573417721518987,0.2031668272023874,0.9999875,0.20316753941767626,0.2031668272023874,1.5224465134799914e-05,9.53616235532806e-07,0.0023641440768305696,0.011636466983241785,0.05053653399671285,0.2976356080998848,0.101325,0.101325
0.1,0.1,1.0,0.001,0.0,1.0,0,unit_total_var,0.3635443037974684,0.1968317587824424,0.9999875,0.1968324415514748,0.1968317587824424,1.5064759402605432e-05,8.804679937357563e-07,0.002272609352238269,0.01154594851103362,0.05014341726680967,0.2976356080998848,0.101325,0.101325
0.1,0.1,1.0,0.001,0.0,1.0,0,unit_total_var,0.369746835443038,0.19068378630946534,0.9999875,0.19068453094092405,0.19068378630946534,1.695942315826926e-05,9.382013974601476e-07,0.00218436217807374,0.011455416427113972,0.04975024142199461,0.2976356080998848,0.101325,0.101325
0.1,0.1,1.0,0.001,0.0,1.0,0,unit_total_var,0.3759493670886076,0.18471822615384198,0.9999875,0.18471894040201656,0.18471822615384198,1.6792790168196348e-05,8.814598673190234e-07,0.0020993031550976178,0.011364894514249069,0.04935710974950907,0.2976356080998848,0.101325,0.101325
0.1,0.1,1.0,0.001,0.0,1.0,0,unit_total_var,0.3821518987341772,0.17893025881204536,0.9999875,0.17893103607467628,0.17893025881204536,1.8865458568662063e-05,9.40191973164417e-07,0.002017332596353429,0.011274407189409513,0.048964128290909015,0.2976356080998848,0.101325,0.101325
0.1,0.1,1.0,0.001,0.0,1.0,0,unit_total_var,0.3883544303797468,0.17331530331177267,0.9999875,0.1733160494195204,0.17331530331177267,1.8695970527282665e-05,8.848825028273667e-07,0.0019383545476238672,0.011183978048014655,0.04857139951979865,0.2976356080998848,0.101325,0.101325
0.1,0.1,1.0,0.001,0.0,1.0,0,unit_total_var,0.3945569620253165,0.16786864925877767,0.9999875,0.16786945964084288,0.16786864925877767,2.096541618712422e-05,9.429569545194029e-07,0.0018622728712119336,0.011093631118346284,0.04817902778967991,0.2976356080998848,0.101325,0.101325
0.1,0.1,1.0,0.001,0.0,1.0,0,unit_total_var,0.4007594936708861,0.16258580640854714,0.9999875,0.16258661699171725,0.16258580640854714,2.165200813930568e-05,9.603219854881218e-07,0.0017889949504904434,0.011003389471741709,0.04778711329809762,0.2976356080998848,0.101325,0.101325
0.1,0.1,1.0,0.001,0.0,1.0,0,unit_total_var,0.4069620253164557,0.1574622876808912,0.9999875,0.15746229440087128,0.1574622876808912,1.8534280421533825e-07,9.467379364913595e-07,0.0017184293899733859,0.010913275904233705,0.04739575504696419,0.2969001965163068,0.101325,0.101325
0.1,0.1,1.0,0.001,0.0,1.0,0,unit_total_var,0.4131645569620253,0.1524936781343854,0.9999875,0.1524944902601408,0.1524936781343854,2.312887978916933e-05,8.944185789783177e-07,0.001650486774121828,0.01082331277147983,0.04700505012566681,0.2969001965163068,0.101325,0.101325
0.1,0.1,1.0,0.001,0.0,1.0,0,unit_total_var,0.4193670886075949,0.14767556912248536,0.9999875,0.1476764485722886,0.14767556912248536,2.586338834831281e-05,9.518109549411236e-07,0.0015850789858230482,0.010733522106885187,0.04661509422406802,0.2969001965163068,0.101325,0.101325
0.1,0.1,1.0,0.001,0.0,1.0,0,unit_total_var,0.4255696202531646,0.14300379399657395,0.9999875,0.14300464107466904,0.14300379399657395,2.5725209283677938e-05,9.010510249041205e-07,0.0015221216007355613,0.010643924599455228,0.04622597719337685,0.2969001965163068,0.101325,0.101325
0.1,0.1,1.0,0.001,0.0,1.0,0,unit_total_var,0.4317721518987342,0.1384740660964436,0.9999875,0.13847498232465255,0.1384740660964436,2.8735455680717333e-05,9.584608424706431e-07,0.0014615302385539313,0.01055454122027451,0.04583779010985633,0.2969001965163068,0.101325,0.101325
0.1,0.1,1.0,0.001,0.0,1.0,0,unit_total_var,0.4379746835443038,0.13408238137034667,0.9999875,0.13408326521795838,0.13408238137034667,2.862783846424577e-05,9.093045001407064e-07,0.0014032245903218279,0.010465391321220685,0.04545061701764324,0.2969001965163068,0.101325,0.101325
0.1,0.1,1.0,0.001,0.0,1.0,0,unit_total_var,0.4441772151898734,0.1298246156805751,0.9999875,0.12982557083457025,0.1298246156805751,3.1952074829533224e-05,9.669957170554966e-07,0.001347124424119606,0.01037649460433695,0.04506454348162404,0.2969001965163068,0.101325,0.101325
0.1,0.1,1.0,0.001,0.0,1.0,0,unit_total_var,0.450379746835443,0.12569693493338172,0.9999875,0.12569785791264573,0.12569693493338172,3.1889666191275985e-05,9.194894297070988e-07,0.0012931536071150336,0.010287869054248569,0.04467964760803378,0.2969001965163068,0.101325,0.101325
0.1,0.1,1.0,0.001,0.0,1.0,0,unit_total_var,0.4565822784810127,0.12169538335727913,0.9999875,0.12169638015427622,0.12169538335727913,3.557256245478868e-05,9.777476344119407e-07,0.0012412360928153855,0.010199533117631141,0.04429600950976674,0.2969001965163068,0.101325,0.101325
0.1,0.1,1.0,0.001,0.0,1.0,0,unit_total_var,0.4627848101265823,0.11781630167153773,0.9999875,0.11781726672714632,0.11781630167153773,3.557373666396302e-05,9.319421274689432e-07,0.0011912999402026257,0.010111503444776878,0.0439137014981232,0.2969001965163068,0.101325,0.101325
0.1,0.1,1.0,0.001,0.0,1.0,0,unit_total_var,0.4689873417721519,0.11405590586784592,0.9999875,0.1140569476686146,0.11405590586784592,3.966881462780236e-05,9.910775009558392e-07,0.0011432732808216745,0.010023797295918723,0.04353279853334238,0.2969001965163068,0.101325,0.101325
0.1,0.1,1.0,0.001,0.0,1.0,0,unit_total_var,0.4751898734177215,0.1104107141326628,0.9999875,0.11041172486564373,0.1104107141326628,3.9756444886407394e-05,9.470237012365601e-07,0.0010970883395199722,0.009936430066033064,0.04315336747495723,0.2969001965163068,0.101325,0.101325
0.1,0.1,1.0,0.001,0.0,1.0,0,unit_total_var,0.4813924050632911,0.10687716963071203,0.9999875,0.10687815189465973,0.10687716963071203,3.991402966718738e-05,9.06645521103755e-07,0.0010526778732197774,0.00984941757773946,0.042775477039731405,0.2969001965163068,0.101325,0.101325
0.1,0.1,1.0,0.001,0.0,1.0,0,unit_total_var,0.4875949367088608,0.10345180624152736,0.9999875,0.10345286700501173,0.10345180624152736,4.4531012337145626e-05,9.65153605481106e-07,0.0010099767243251492,0.00976277516090122,0.042399193804415314,0.2969001965163068,0.101325,0.101325
0.1,0.1,1.0,0.001,0.0,1.0,0,unit_total_var,0.4937974683544304,0.1001314035410536,0.9999875,0.1001324368561862,0.1001314035410536,4.48171830988997e-05,9.264992644197887e-07,0.0009689231864775977,0.009676516579340084,0.04202457754452727,0.2969001965163068,0.101325,0.101325
0.1,0.1,1.0,0.001,0.0,1.0,0,unit_total_var,0.5,0.09691264199337596,0.9999875,0.09691373007680124,0.09691264199337596,4.8759993021008086e-05,9.290657254634737e-07,0.0009294558602045305,0.009590656503493724,0.0416516919729686,0.2969001965163068,0.101325,0.101325
0.1,0.1,1.0,0.001,0.0,10.0,0,unit_total_var,0.01,1.0047689017058854,0.9999875,1.0047689017059092,1.0047689017058854,1.0269562977782698e-13,8.911356417229399e-07,0.01745217796878384,0.017369345268502766,0.07543410804383105,0.29602722961176736,0.101325,0.101325
0.1,0.1,1.0,0.001,0.0,10.0,0,unit_total_var,0.016202531645569618,0.998367971522608,0.9999875,0.9983679715270061,0.998367971522608,1.913165719596988e-11,8.166116458596663e-07,0.017206420182826542,0.017234547455068173,0.07484868857835841,0.29602722961176736,0.101325,0.101325
0.1,0.1,1.0,0.001,0.0,10.0,0,unit_total_var,0.02240506329113924,0.9919585440057088,0.9999875,0.9919585440157379,0.9919585440057088,4.390886959582119e-11,9.412524377694351e-07,0.016969072477803944,0.017106634728181018,0.0742931706638355,0.29602722961176736,0.101325,0.101325
0.1,0.1,1.0,0.001,0.0,10.0,0,unit_total_var,0.028607594936708863,0.9855450679579558,0.9999875,0.9855450679732488,0.9855450679579558,6.739074576156412e-11,9.254667929781135e-07,0.01673744928142527,0.01698293647403175,0.07375595597185455,0.29602722961176736,0.101325,0.101325
0.1,0.1,1.0,0.001,0.0,10.0,0,unit_total_var,0.03481012658227848,0.97912964431111,0.9999875,0.9791296443345234,0.97912964431111,1.0385090010167629e-10,9.817181307880674e-07,0.016510268961734208,0.016862188840529285,0.0732315556625246,0.29602722961176736,0.101325,0.101325
0.1,0.1,1.0,0.001,0.0,10.0,0,unit_total_var,0.0410126582278481,0.9727134638868374,0.9999875,0.9727134639177829,0.9727134638868374,1.3816500721297587e-10,8.330966920766514e-07,0.016286796910303408,0.01674367376927576,0.07271685124784685,0.29602722961176736,0.101325,0.101325
0.1,0.1,1.0,0.001,0.0,10.0,0,unit_total_var,0.047215189873417725,0.9662972788784672,0.9999875,0.9662972789255376,0.9662972788784672,2.1155485696588983e-10,9.660823252488626e-07,0.01606656348409518,0.016626936487643674,0.07220986767539482,0.29602722961176736,0.101325,0.101325
0.1,0.1,1.0,0.001,0.0,10.0,0,unit_total_var,0.05341772151898734,0.9598816001433768,0.9999875,0.95988160019786,0.9598816001433768,2.4650698149386585e-10,8.782028544374044e-07,0.015849245584142906,0.016511667253310734,0.07170925975135474,0.29602722961176736,0.101325,0.101325
0.1,0.1,1.0,0.001,0.0,10.0,0,unit_total_var,0.05962025316455696,0.9534667931433382,0.9999875,0.953466793215722,0.9534667931433382,3.2970071117688354e-10,8.178001280612079e-07,0.015634608838166072,0.016397643788540063,0.07121406213578081,0.29602722961176736,0.101325,0.101325
0.1,0.1,1.0,0.001,0.0,10.0,0,unit_total_var,0.06582278481012659,0.9470531297988688,1.0,0.9470531298824694,0.9470531297988688,3.833704742550737e-10,7.765179361740594e-07,0.015422476268580978,0.016284700175011657,0.07072355425456481,0.29602722961176736,0.101325,0.101325
0.1,0.1,1.0,0.001,0.0,10.0,0,unit_total_var,0.0720253164556962,0.9406408187100666,1.0,0.940640818820058,0.9406408187100666,5.078307774297741e-10,9.755544851941522e-07,0.015212709950831538,0.01617270869840972,0.07023718145148063,0.29602722961176736,0.101325,0.101325
0.1,0.1,1.0,0.001,0.0,10.0,0,unit_total_var,0.07822784810126583,0.9342300239310444,1.0,0.9342300240580512,0.9342300239310444,5.904148281388187e-10,9.520606454316294e-07,0.015005199620514702,0.016061568603175442,0.06975450615069613,0.29602722961176736,0.101325,0.101325
0.1,0.1,1.0,0.001,0.0,10.0,0,unit_total_var,0.08443037974683544,0.9278208770508004,1.0,0.927820877197408,0.9278208770508004,6.862400092622067e-10,9.397722351423e-07,0.014799855248193753,0.01595119878659879,0.06927517612761701,0.29602722961176736,0.101325,0.101325
0.1,0.1,1.0,0.001,0.0,10.0,0,unit_total_var,0.09063291139240506,0.9214134854451088,1.0,0.9214134856142828,0.9214134854451088,7.973763871405026e-10,9.367549864691681e-07,0.014596602014332959,0.015841532867604768,0.06879890309289749,0.29602722961176736,0.101325,0.101325
0.1,0.1,1.0,0.001,0.0,10.0,0,unit_total_var,0.09683544303797467,0.9150079379833604,1.0,0.9150079381785036,0.9150079379833604,9.262179356817055e-10,9.416962711839004e-07,0.014395376793257244,0.015732515747332268,0.06832544775522416,0.29602722961176736,0.101325,0.101325
0.1,0.1,1.0,0.001,0.0,10.0,0,unit_total_var,0.1030379746835443,0.9086043091016576,1.0,0.9086043093501376,0.9086043091016576,1.1876847283431853e-09,9.273034038415062e-07,0.014196125626166472,0.015624101144977254,0.06785460911961899,0.29602722961176736,0.101325,0.101325
0.1,0.1,1.0,0.001,0.0,10.0,0,unit_total_var,0.10924050632911393,0.902202661899285,1.0,0.902202661899285,0.90220266192445,1.2113698932836314e-10,9.286721933676745e-07,0.013998801861224054,0.015516249787774147,0.06738621662662814,0.2998123232395959,0.101325,0.101325
0.1,0.1,1.0,0.001,0.0,10.0,0,unit_total_var,0.11544303797468355,0.8958030502784848,1.0,0.8958030505773263,0.8958030502784848,1.4488141797386336e-09,9.968105132429628e-07,0.013803364757019378,0.015408928059273994,0.06692012428186879,0.2998123232395959,0.101325,0.101325
0.1,0.1,1.0,0.001,0.0,10.0,0,unit_total_var,0.12164556962025315,0.8894055206814837,1.0,0.889405520984897,0.8894055206814837,1.4815594306938351e-09,8.017428854145692e-07,0.013609778416791745,0.015302106969567278,0.06645620618376359,0.2998123232395959,0.101325,0.101325
0.1,0.1,1.0,0.001,0.0,10.0,0,unit_total_var,0.12784810126582274,0.8830101133936676,1.0,0.8830101137432707,0.8830101133936676,1.7194667911724084e-09,8.317839501614799e-07,0.013418010953243836,0.015195761350540453,0.06599435302858422,0.2998123232395959,0.101325,0.101325
0.1,0.1,1.0,0.001,0.0,10.0,0,unit_total_var,0.1340506329113924,0.8766168637099522,1.0,0.8766168641126371,0.8766168637099522,1.9949858431900225e-09,8.665573432153906e-07,0.01322803384267692,0.01508986923511171,0.06553446941450658,0.2998123232395959,0.101325,0.101325
0.1,0.1,1.0,0.001,0.0,10.0,0,unit_total_var,0.14025316455696205,0.870225802640367,1.0,0.8702258031040321,0.870225802640367,2.313964908573496e-09,9.061961918632731e-07,0.013039821399426835,0.014984411356066998,0.0650764716650832,0.2998123232395959,0.101325,0.101325
0.1,0.1,1.0,0.001,0.0,10.0,0,unit_total_var,0.14645569620253165,0.8638369576108098,1.0,0.8638369580858299,0.8638369576108098,2.388166109312806e-09,9.508986522632769e-07,0.012853350356474594,0.014879370746100332,0.06462028609224044,0.2998123232395959,0.101325,0.101325
0.1,0.1,1.0,0.001,0.0,10.0,0,unit_total_var,0.15265822784810126,0.8574503530661237,1.0,0.8574503535504611,0.8574503530661237,2.4531453535203696e-09,7.888883146733859e-07,0.012668599524457305,0.01477473241355158,0.06416584758802564,0.2998123232395959,0.101325,0.101325
0.1,0.1,1.0,0.001,0.0,10.0,0,unit_total_var,0.1588607594936709,0.8510660106706363,1.0,0.8510660112288366,0.8510660106706363,2.84846701781305e-09,8.343990884895902e-07,0.012485549502983535,0.01467048307233534,0.06371309845170299,0.2998123232395959,0.101325,0.101325
0.1,0.1,1.0,0.001,0.0,10.0,0,unit_total_var,0.1650632911392405,0.8446839500255943,1.0,0.8446839506686945,0.8446839500255943,3.3065016280531268e-09,8.848395509630791e-07,0.012304182456288849,0.014566610926981657,0.06326198745619745,0.2998123232395959,0.101325,0.101325
0.1,0.1,1.0,0.001,0.0,10.0,0,unit_total_var,0.17126582278481015,0.8383041887476925,1.0,0.8383041894883437,0.8383041887476925,3.837040685183979e-09,9.405787295690969e-07,0.012124481911165772,0.014463105485943031,0.06281246903729706,0.2998123232395959,0.101325,0.101325
0.1,0.1,1.0,0.001,0.0,10.0,0,unit_total_var,0.17746835443037975,0.8319267428653333,1.0,0.8319267435431917,0.8319267428653333,3.5386550356619754e-09,7.959792469591775e-07,0.011946432595753594,0.014359957409960798,0.062364502635116864,0.2998123232395959,0.101325,0.101325
0.1,0.1,1.0,0.001,0.0,10.0,0,unit_total_var,0.18367088607594936,0.8255516267064844,1.0,0.8255516274881464,0.8255516267064844,4.1120562510599265e-09,8.513725333614275e-07,0.01177002029085106,0.014257158377613804,0.061918052110183926,0.2998123232395959,0.101325,0.101325
0.1,0.1,1.0,0.001,0.0,10.0,0,unit_total_var,0.18987341772151897,0.8191788535588915,1.0,0.8191788544599338,0.8191788535588915,4.776950390805723e-09,9.123295399149357e-07,0.01159523172307732,0.014154700982211974,0.061473085295651986,0.2998123232395959,0.101325,0.101325
0.1,0.1,1.0,0.001,0.0,10.0,0,unit_total_var,0.1960759493670886,0.8128084355201334,1.0,0.81280843645212,0.8128084355201334,4.9797298506959464e-09,9.793491244636243e-07,0.011422054454064072,0.014052578633432684,0.06102957357011352,0.2998123232395959,0.101325,0.101325
0.1,0.1,1.0,0.001,0.0,10.0,0,unit_total_var,0.20227848101265825,0.8064403835520351,1.0,0.8064403847819884,0.8064403835520351,6.6237005880154234e-09,9.935974958352742e-07,0.011250476794471623,0.013950785481399063,0.060587491527876125,0.2998123232395959,0.101325,0.101325
0.1,0.1,1.0,0.001,0.0,10.0,0,unit_total_var,0.20848101265822785,0.8000747083650157,1.0,0.8000747083650157,0.8000747085072094,7.718522487820677e-10,8.518936738255434e-07,0.011080487727913629,0.013849316335167054,0.060146816624956176,0.29501446441358553,0.101325,0.101325
0.1,0.1,1.0,0.001,0.0,10.0,0,unit_total_var,0.21468354430379746,0.7937114191639061,1.0,0.7937114203118485,0.7937114191639061,6.281187792112064e-09,9.825744768932054e-07,0.010912076833926743,0.013748166613782,0.05970752896652037,0.29501446441358553,0.101325,0.101325
0.1,0.1,1.0,0.001,0.0,10.0,0,unit_total_var,0.2208860759493671,0.7873505247519441,1.0,0.7873505259366165,0.7873505247519441,6.534531360458118e-09,8.558768627153769e-07,0.010745234251850524,0.013647332305056666,0.05926961112786095,0.29501446441358553,0.101325,0.101325
0.1,0.1,1.0,0.001,0.0,10.0,0,unit_total_var,0.2270886075949367,0.7809920332329928,1.0,0.7809920346010026,0.7809920332329928,7.607236618412118e-09,9.287533657698076e-07,0.010579950599975414,0.013546809890209349,0.05883304782710315,0.29501446441358553,0.101325,0.101325
0.1,0.1,1.0,0.001,0.0,10.0,0,unit_total_var,0.23329113924050635,0.7746359525715952,1.0,0.7746359538490607,0.7746359525715952,7.162024751039553e-09,8.155584509950131e-07,0.0104162169586154,0.013446596332168931,0.05839782587441472,0.29501446441358553,0.101325,0.101325
0.1,0.1,1.0,0.001,0.0,10.0,0,unit_total_var,0.23949367088607595,0.7682822897182188,1.0,0.7682822911951768,0.7682822897182188,8.348945756964099e-09,8.886092359716713e-07,0.010254024802333476,0.013346689022461163,0.05796393394133587,0.29501446441358553,0.101325,0.101325
0.1,0.1,1.0,0.001,0.0,10.0,0,unit_total_var,0.2456962025316456,0.7619310516132135,1.0,0.7619310533202174,0.7619310516132135,9.729782757261772e-09,9.691378295428876e-07,0.010093365987144987,0.013247085764223166,0.057531362487012426,0.29501446441358553,0.101325,0.101325
0.1,0.1,1.0,0.001,0.0,10.0,0,unit_total_var,0.2518987341772152,0.7555822448807796,1.0,0.7555822464853538,0.7555822448807796,9.222790753327104e-09,8.600534329161745e-07,0.009934232709437696,0.01314778474050192,0.0571001036205176,0.29501446441358553,0.101325,0.101325
0.1,0.1,1.0,0.001,0.0,10.0,0,unit_total_var,0.2581012658227848,0.749235875302282,1.0,0.7492358771590151,0.749235875302282,1.0762551072573956e-08,9.414202963853313e-07,0.009776617463623587,0.01304878448282949,0.05667015096437625,0.29501446441358553,0.101325,0.101325
0.1,0.1,1.0,0.001,0.0,10.0,0,unit_total_var,0.2643037974683544,0.7428919490593795,1.0,0.7428919508134516,0.7428919490593795,1.0254302074130806e-08,8.416055834459256e-07,0.009620513044660241,0.01295008386729908,0.05624149963752312,0.29501446441358553,0.101325,0.101325
0.1,0.1,1.0,0.001,0.0,10.0,0,unit_total_var,0.2705063291139241,0.7365504713669949,1.0,0.7365504733991466,0.7365504713669949,1.198223742449045e-08,9.243726140084619e-07,0.00946591249152289,0.012851682076796048,0.05581414609127446,0.29501446441358553,0.101325,0.101325
0.1,0.1,1.0,0.001,0.0,10.0,0,unit_total_var,0.2767088607594937,0.7302114479549223,1.0,0.7302114498842882,0.7302114479549223,1.1474935890376514e-08,8.322513735947723e-07,0.009312809099766721,0.012753578605003769,0.055388088126725084,0.29501446441358553,0.101325,0.101325
0.1,0.1,1.0,0.001,0.0,10.0,0,unit_total_var,0.2829113924050633,0.7238748835892052,1.0,0.7238748858270909,0.7238748835892052,1.3426373346447914e-08,9.170283874482266e-07,0.009161196367318356,0.012655773221325472,0.05496332474240593,0.29501446441358553,0.101325,0.101325
0.1,0.1,1.0,0.001,0.0,10.0,0,unit_total_var,0.2891139240506329,0.7175407836616585,1.0,0.7175407857968905,0.7175407836616585,1.2923578651680145e-08,8.313453747632594e-07,0.009011068012684729,0.012558265979949804,0.05453985617365532,0.29501446441358553,0.101325,0.101325
0.1,0.1,1.0,0.001,0.0,10.0,0,unit_total_var,0.2953164556962025,0.7112091525837649,1.0,0.7112091550633488,0.7112091525837649,1.5141391251916048e-08,9.187969851609524e-07,0.008862417921809666,0.012461057186361035,0.05411768374717458,0.29501446441358553,0.101325,0.101325
0.1,0.1,1.0,0.001,0.0,10.0,0,unit_total_var,0.3015189873417722,0.7048799948422214,1.0,0.7048799978815602,0.7048799948422214,1.8726138639735268e-08,9.017260254040592e-07,0.008715240168577183,0.012364147418494946,0.0536968099729069,0.29501446441358553,0.101325,0.101325
0.1,0.1,1.0,0.001,0.0,10.0,0,unit_total_var,0.3077215189873418,0.6985533160967541,1.0,0.6985533160967541,0.6985533165553929,2.8513835736987403e-09,8.492077654409512e-07,0.008569528977694451,0.012267537466685671,0.05327723828322984,0.29431210066162183,0.101325,0.101325
0.1,0.1,1.0,0.001,0.0,10.0,0,unit_total_var,0.3139240506329114,0.6922291207230147,1.0,0.6922291233863863,0.6922291207230147,1.6709606143194833e-08,8.537867870472837e-07,0.008425278716164566,0.012171228375027892,0.052858973212588964,0.29431210066162183,0.101325,0.101325
0.1,0.1,1.0,0.001,0.0,10.0,0,unit_total_var,0.320126582278481,0.6859074119224201,1.0,0.6859074150225091,0.6859074119224201,1.962876483574405e-08,9.488580019478831e-07,0.008282483884092903,0.01207522143678147,0.05244202037754046,0.29431210066162183,0.101325,0.101325
0.1,0.1,1.0,0.001,0.0,10.0,0,unit_total_var,0.3263291139240506,0.6795881950442607,1.0,0.6795881980458871,0.6795881950442607,1.9182054389332848e-08,8.772343562668539e-07,0.00814113911748503,0.01197951815062769,0.052026386286774536,0.29431210066162183,0.101325,0.101325
0.1,0.1,1.0,0.001,0.0,10.0,0,unit_total_var,0.3325316455696203,0.6732714738358172,1.0,0.6732714773336351,0.6732714738358172,2.2562711698981275e-08,9.774285842922836e-07,0.008001239143223328,0.011884120231083034,0.0516120783863416,0.29431210066162183,0.101325,0.101325
0.1,0.1,1.0,0.001,0.0,10.0,0,unit_total_var,0.3387341772151899,0.666957253153423,1.0,0.6669572565565781,0.666957253153423,2.2159913015684648e-08,9.093027983908543e-07,0.007862778815826312,0.011789029624688113,0.051199105129960086,0.29431210066162183,0.101325,0.101325
0.1,0.1,1.0,0.001,0.0,10.0,0,unit_total_var,0.3449367088607595,0.6606455369370849,1.0,0.6606455402591845,0.6606455369370849,2.1838783226257874e-08,8.493143752730249e-07,0.007725753065442669,0.011694248478936459,0.050787475844075995,0.29431210066162183,0.101325,0.101325
0.1,0.1,1.0,0.001,0.0,10.0,0,unit_total_var,0.3511392405063291,0.6543363290971133,1.0,0.654336332978543,0.6543363290971133,2.5761728972284456e-08,9.506497349320853e-07,0.007590156908349513,0.011599779151530222,0.05037720076805959,0.29431210066162183,0.101325,0.101325
0.1,0.1,1.0,0.001,0.0,10.0,0,unit_total_var,0.3573417721518987,0.6480296344794442,1.0,0.6480296382866458,0.6480296344794442,2.5514985679819798e-08,8.93318372163776e-07,0.0074559854585300265,0.01150562422121227,0.04996829110124887,0.29431210066162183,0.101325,0.101325
0.1,0.1,1.0,0.001,0.0,10.0,0,unit_total_var,0.3635443037974684,0.6417254569759255,1.0,0.6417254607226726,0.6417254569759255,2.5356506450080474e-08,8.427272462085965e-07,0.007323233881209004,0.011411786460395536,0.04956075888408023,0.29431210066162183,0.101325,0.101325
0.1,0.1,1.0,0.001,0.0,10.0,0,unit_total_var,0.369746835443038,0.6354238004657327,1.0,0.6354238048546533,0.6354238004657327,2.999705128736707e-08,9.473598368003876e-07,0.007191897405297897,0.011318268846754891,0.0491546170484313,0.29431210066162183,0.101325,0.101325
0.1,0.1,1.0,0.001,0.0,10.0,0,unit_total_var,0.3759493670886076,0.6291246698801077,1.0,0.6291246742199196,0.6291246698801077,2.9958391323248186e-08,8.989743207621359e-07,0.007061971337576956,0.011225074576908193,0.048749879477037066,0.29431210066162183,0.101325,0.101325
0.1,0.1,1.0,0.001,0.0,10.0,0,unit_total_var,0.3821518987341772,0.6228280691295214,1.0,0.6228280734348517,0.6228280691295214,3.002082360481495e-08,8.56322145637023e-07,0.006933451014644628,0.011132207038027326,0.048346560880198106,0.29431210066162183,0.101325,0.101325
0.1,0.1,1.0,0.001,0.0,10.0,0,unit_total_var,0.3883544303797468,0.6165340021219575,1.0,0.6165340071781081,0.6165340021219575,3.561617489822311e-08,9.665992308782734e-07,0.006806331817319379,0.011039669821767607,0.04794467685627528,0.29431210066162183,0.101325,0.101325
0.1,0.1,1.0,0.001,0.0,10.0,0,unit_total_var,0.3945569620253165,0.610242473958864,1.0,0.6102424789985328,0.610242473958864,3.5866076775192823e-08,9.260212436856819e-07,0.006680609187589743,0.01094746674096644,0.047544243964211,0.29431210066162183,0.101325,0.101325
0.1,0.1,1.0,0.001,0.0,10.0,0,unit_total_var,0.4007594936708861,0.6039534872420842,1.0,0.6039534936610251,0.6039534872420842,4.6157703437188495e-08,8.739295935811243e-07,0.006556278575512688,0.010855601820351305,0.04714527968317467,0.29431210066162183,0.101325,0.101325
0.1,0.1,1.0,0.001,0.0,10.0,0,unit_total_var,0.4069620253164557,0.5976670488219034,1.0,0.5976670488219034,0.597667050529687,1.2409602234697559e-08,9.086901116006628e-07,0.0064333354687937435,0.010764079233537921,0.046747802138949024,0.3006929468534971,0.101325,0.101325
0.1,0.1,1.0,0.001,0.0,10.0,0,unit_total_var,0.4131645569620253,0.5913831637226861,1.0,0.5913831696837705,0.5913831637226861,4.3776458458211216e-08,9.757671648458201e-07,0.0063117753804023706,0.010672903402711877,0.04635183053684206,0.3006929468534971,0.101325,0.101325
0.1,0.1,1.0,0.001,0.0,10.0,0,unit_total_var,0.4193670886075949,0.5851018336052254,1.0,0.5851018396134388,0.5851018336052254,4.459623514918576e-08,9.470213342410715e-07,0.006191593836416653,0.010582079017366727,0.045957385243065536,0.3006929468534971,0.101325,0.101325
0.1,0.1,1.0,0.001,0.0,10.0,0,unit_total_var,0.4255696202531646,0.5788230643381971,1.0,0.5788230704133872,0.5788230643381971,4.558252264530438e-08,9.224757206993671e-07,0.006072786372190253,0.010491610902087377,0.04556448721052545,0.3006929468534971,0.101325,0.101325
0.1,0.1,1.0,0.001,0.0,10.0,0,unit_total_var,0.4317721518987342,0.5725468605895598,0.9999875,0.5725468667521681,0.5725468605895598,4.6745287640703737e-08,9.018233697588585e-07,0.00595534853160351,0.01040150412399642,0.04517315844545562,0.3006929468534971,0.101325,0.101325
0.1,0.1,1.0,0.001,0.0,10.0,0,unit_total_var,0.4379746835443038,0.5662732271017779,1.0,0.5662732333730404,0.5662732271017779,4.80964761351288e-08,8.848087134083469e-07,0.005839275859916329,0.010311763969139263,0.04478342190485956,0.3006929468534971,0.101325,0.101325
0.1,0.1,1.0,0.001,0.0,10.0,0,unit_total_var,0.4441772151898734,0.5600021686965712,1.0,0.5600021750987346,0.5600021686965712,4.965024036351906e-08,8.712220846973652e-07,0.005724563898778964,0.010222395945542728,0.0443953015097938,0.3006929468534971,0.101325,0.101325
0.1,0.1,1.0,0.001,0.0,10.0,0,unit_total_var,0.450379746835443,0.5537336897587486,1.0,0.5537336973579322,0.5537336897587486,5.96005542696787e-08,9.980356736605243e-07,0.0056112081720713644,0.010133405779438965,0.04400882212896861,0.3006929468534971,0.101325,0.101325
0.1,0.1,1.0,0.001,0.0,10.0,0,unit_total_var,0.4565822784810127,0.5474677963167631,1.0,0.547467804110057,0.5474677963167631,6.182253153852457e-08,9.8791582558988e-07,0.005499204217713336,0.010044799447037272,0.04362400971673122,0.3006929468534971,0.101325,0.101325
0.1,0.1,1.0,0.001,0.0,10.0,0,unit_total_var,0.4627848101265823,0.5412044929429989,1.0,0.5412045009606129,0.5412044929429989,6.433807353545262e-08,9.81337535677085e-07,0.0053885475276173106,0.009956583136099066,0.043240891146187975,0.3006929468534971,0.101325,0.101325
0.1,0.1,1.0,0.001,0.0,10.0,0,unit_total_var,0.4689873417721519,0.5349437848226538,1.0,0.5349437930970228,0.5349437848226538,6.717552114565706e-08,9.782105507838423e-07,0.00527923357944454,0.009868763277985792,0.04285949434838676,0.3006929468534971,0.101325,0.101325
0.1,0.1,1.0,0.001,0.0,10.0,0,unit_total_var,0.4751898734177215,0.5286856772433852,1.0,0.5286856858095406,0.5286856772433852,7.036759486211963e-08,9.784816654700992e-07,0.005171257822421593,0.009781346544860072,0.04247984830016167,0.3006929468534971,0.101325,0.101325
0.1,0.1,1.0,0.001,0.0,10.0,0,unit_total_var,0.4813924050632911,0.5224301756000232,1.0,0.5224301844960073,0.5224301756000232,7.395202139548472e-08,9.82133698812504e-07,0.005064615672294222,0.00969433985408173,0.042101983043224704,0.3006929468534971,0.101325,0.101325
0.1,0.1,1.0,0.001,0.0,10.0,0,unit_total_var,0.4875949367088608,0.5161772853993672,1.0,0.5161772946666996,0.5161772853993672,7.797226597716644e-08,9.891845422771441e-07,0.004959302506221206,0.00960775037278943,0.04172592970406359,0.3006929468534971,0.101325,0.101325
0.1,0.1,1.0,0.001,0.0,10.0,0,unit_total_var,0.4937974683544304,0.5099270122651124,1.0,0.5099270219493165,0.5099270122651124,8.247839877739693e-08,9.996872307738158e-07,0.004855313657594932,0.009521585522656409,0.041351720514595666,0.3006929468534971,0.101325,0.101325
0.1,0.1,1.0,0.001,0.0,10.0,0,unit_total_var,0.5,0.5036793583635117,1.0,0.5036793714605137,0.5036793583635117,1.1292810597751668e-07,9.96654165419386e-07,0.004752644402313271,0.00943585303506368,0.04097938905178207,0.3006929468534971,0.101325,0.101325
0.1,0.1,0.0,0.001,-0.00099,0.0,0,unit_total_var,0.01,1.2007497944440897,0.9902375,1.200749794506107,1.2007497944440897,2.2430779456072966e-10,9.877193178908785e-07,0.02131154776059156,0.017748533340751604,0.07708090091764308,0.29885395617923394,0.0988625,0.101325
0.1,0.1,0.0,0.001,-0.00099,0.0,0,unit_total_var,0.016202531645569618,1.232009954572428,0.9911875,1.2320099566080494,1.232009954572428,7.1757462194455e-09,7.761671980688335e-07,0.020835739662922903,0.0169119897007277,0.07344783805030666,0.29885395617923394,0.0988625,0.101325
0.1,0.1,0.0,0.001,-0.00099,0.0,0,unit_total_var,0.02240506329113924,1.2435076708653745,0.991575,1.2435076749765617,1.2435076708653745,1.4358302102834838e-08,9.257184032662735e-07,0.020140591801283508,0.016196596348510967,0.07034092419772671,0.29885395617923394,0.0988625,0.101325
0.1,0.1,0.0,0.001,-0.00099,0.0,0,unit_total_var,0.028607594936708863,1.244585118450222,0.9921625,1.2445851245823274,1.244585118450222,2.1397809080170305e-08,9.085032743882948e-07,0.019417677799806275,0.015601727444713054,0.06775744137397398,0.29885395617923394,0.0988625,0.101325
0.1,0.1,0.0,0.001,-0.00099,0.0,0,unit_total_var,0.03481012658227848,1.2393614523395728,0.992675,1.2393614624894114,1.2393614523395728,3.5566854572621764e-08,9.410640871010401e-07,0.01876098315282559,0.015137620358782359,0.06574184990965501,0.29885395617923394,0.0988625,0.101325
0.1,0.1,0.0,0.001,-0.00099,0.0,0,unit_total_var,0.0410126582278481,1.2298320244008347,0.9928375,1.2298320360802582,1.2298320244008347,4.124391717041931e-08,8.026558013796148e-07,0.018182145844621973,0.01478425141309862,0.06420718807779083,0.29885395617923394,0.0988625,0.101325
0.1,0.1,0.0,0.001,-0.00099,0.0,0,unit_total_var,0.047215189873417725,1.2171142281308036,0.9929125,1.2171142453047872,1.2171142281308036,6.128074059308375e-08,9.036985701982305e-07,0.017654198078154708,0.014504964012512887,0.06299425830839596,0.29885395617923394,0.0988625,0.101325
0.1,0.1,0.0,0.001,-0.00099,0.0,0,unit_total_var,0.05341772151898734,1.201949588768761,0.9931125,1.2019496112925314,1.201949588768761,8.138402141089075e-08,8.290357698115258e-07,0.017149532499779734,0.014268096316208378,0.06196555497393413,0.29885395617923394,0.0988625,0.101325
0.1,0.1,0.0,0.001,-0.00099,0.0,0,unit_total_var,0.05962025316455696,1.1848610198439764,0.99325,1.1848610492523195,1.1848610198439764,1.0779222836543312e-07,9.7698442402816e-07,0.016649601906181314,0.014051945019149798,0.06102682181824641,0.29885395617923394,0.0988625,0.101325
0.1,0.1,0.0,0.001,-0.00099,0.0,0,unit_total_var,0.06582278481012659,1.1661926245970549,0.9932,1.1661926594798109,1.1661926245970549,1.2990468145623882e-07,9.45810484154208e-07,0.016145458281506517,0.013844589599497022,0.06012628867276708,0.29885395617923394,0.0988625,0.101325
0.1,0.1,0.0,0.001,-0.00099,0.0,0,unit_total_var,0.0720253164556962,1.1461512407239658,0.9935875,1.1461512828341958,1.1461512407239658,1.5956218890611493e-07,9.434369889760321e-07,0.01563537696050875,0.013641635069585292,0.05924486834858773,0.29885395617923394,0.0988625,0.101325
0.1,0.1,0.0,0.001,-0.00099,0.0,0,unit_total_var,0.07822784810126583,1.1248831472958774,0.993825,1.1248831987735497,1.1248831472958774,1.987448072782172e-07,9.63308258050688e-07,0.01512310901360284,0.01344416000004756,0.05838724501845076,0.29885395617923394,0.0988625,0.101325
0.1,0.1,0.0,0.001,-0.00099,0.0,0,unit_total_var,0.08443037974683544,1.1025487006360677,0.9938375,1.1025487637187623,1.1025487006360677,2.4848304097657703e-07,9.968739398402704e-07,0.01461736548581476,0.013257795757576879,0.057577875397159785,0.29885395617923394,0.0988625,0.101325
0.1,0.1,0.0,0.001,-0.00099,0.0,0,unit_total_var,0.09063291139240506,1.0793325088858998,0.993975,1.0793325788729442,1.0793325088858998,2.816091051460745e-07,8.586291908585507e-07,0.01412777147393671,0.013089359727077586,0.056846367011164474,0.29885395617923394,0.0988625,0.101325
0.1,0.1,0.0,0.001,-0.00099,0.0,0,unit_total_var,0.09683544303797467,1.055399624322119,0.994225,1.0553997101818022,1.055399624322119,3.5331057673948507e-07,9.100698363795343e-07,0.013660011065531429,0.012942975106993448,0.056210626683784036,0.29885395617923394,0.0988625,0.101325
0.1,0.1,0.0,0.001,-0.00099,0.0,0,unit_total_var,0.1030379746835443,1.0308574475058945,0.9942875,1.0308575437995555,1.0308574475058945,4.0567979386896274e-07,9.611863180936098e-07,0.013213673074798649,0.012818138052713729,0.05566846624567664,0.29885395617923394,0.0988625,0.101325
0.1,0.1,0.0,0.001,-0.00099,0.0,0,unit_total_var,0.10924050632911393,1.0057588877291168,0.994225,1.005758889379308,1.0057588877291168,7.125653983530711e-09,9.015469490947223e-07,0.012784002565355664,0.01271080248092106,0.0552023137802618,0.29865834306149946,0.0988625,0.101325
0.1,0.1,0.0,0.001,-0.00099,0.0,0,unit_total_var,0.11544303797468355,0.980148131818348,0.9943125,0.980148251984529,0.980148131818348,5.324450904897748e-07,8.493771392892312e-07,0.012366955596705566,0.012617435258242727,0.054796825084263465,0.29865834306149946,0.0988625,0.101325
0.1,0.1,0.0,0.001,-0.00099,0.0,0,unit_total_var,0.12164556962025315,0.9540859328694532,0.9947375,0.9540860871253042,0.9540859328694532,7.02163790056165e-07,9.613612013126271e-07,0.011961557259066237,0.012537190673267085,0.05444832727968809,0.29865834306149946,0.0988625,0.101325
0.1,0.1,0.0,0.001,-0.00099,0.0,0,unit_total_var,0.12784810126582274,0.927646292473708,0.99475,0.9276464612287196,0.927646292473708,7.900572052133016e-07,9.317093105920548e-07,0.011568208495953776,0.0124704950473153,0.05415867185650865,0.29865834306149946,0.0988625,0.101325
0.1,0.1,0.0,0.001,-0.00099,0.0,0,unit_total_var,0.1340506329113924,0.900913478569687,0.9947125,0.9009136643959216,0.900913478569687,8.957941227127897e-07,9.132370895059694e-07,0.011187234654961709,0.012417657101459784,0.05392919957330712,0.29865834306149946,0.0988625,0.101325
0.1,0.1,0.0,0.001,-0.00099,0.0,0,unit_total_var,0.14025316455696205,0.8739723934113514,0.99485,0.8739725991961923,0.8739723934113514,1.022586194165953e-06,9.042746649257084e-07,0.010818572285116936,0.012378620156283326,0.05375966427450217,0.29865834306149946,0.0988625,0.101325
0.1,0.1,0.0,0.001,-0.00099,0.0,0,unit_total_var,0.14645569620253165,0.8468987935778092,0.994875,0.8468990229605428,0.8468987935778092,1.1762874466691995e-06,9.049226283863732e-07,0.010461875786995013,0.012353159393223087,0.053649089585481084,0.29865834306149946,0.0988625,0.101325
0.1,0.1,0.0,0.001,-0.00099,0.0,0,unit_total_var,0.15265822784810126,0.8197526377621609,0.9948125,0.8197528958587853,0.8197526377621609,1.367362750248624e-06,9.171988022416143e-07,0.010116669126518098,0.012341124212952274,0.05359682146167783,0.29865834306149946,0.0988625,0.101325
0.1,0.1,0.0,0.001,-0.00099,0.0,0,unit_total_var,0.1588607594936709,0.7925724044673487,0.9949625,0.7925726986393921,0.7925724044673487,1.6119318648755154e-06,9.440394252990815e-07,0.009781931081347605,0.012342003110645252,0.053600638465860016,0.29865834306149946,0.0988625,0.101325
0.1,0.1,0.0,0.001,-0.00099,0.0,0,unit_total_var,0.1650632911392405,0.7653820215778375,0.995125,0.7653823613066469,0.7653820215778375,1.9276950649071978e-06,9.863461443160304e-07,0.009455470770697309,0.0123539232750788,0.053652407082228695,0.29865834306149946,0.0988625,0.101325
0.1,0.1,0.0,0.001,-0.00099,0.0,0,unit_total_var,0.17126582278481015,0.7382095074571664,0.995075,0.7382098567012783,0.7382095074571664,2.054630199310736e-06,9.191230043725795e-07,0.009134264058654909,0.01237353890241642,0.05373759666934668,0.29865834306149946,0.0988625,0.101325
0.1,0.1,0.0,0.001,-0.00099,0.0,0,unit_total_var,0.17746835443037975,0.7110922070622699,0.9951625,0.7110926195902441,0.7110922070622699,2.519484379570613e-06,9.862585583775283e-07,0.008815227028560451,0.012396742561669652,0.05383836888108312,0.29865834306149946,0.0988625,0.101325
0.1,0.1,0.0,0.001,-0.00099,0.0,0,unit_total_var,0.18367088607594936,0.6840604895795415,0.995175,0.6840609279576807,0.6840604895795415,2.7831624360707963e-06,9.537215150956513e-07,0.008495231050504173,0.012418830176445036,0.053934294173236655,0.29865834306149946,0.0988625,0.101325
0.1,0.1,0.0,0.001,-0.00099,0.0,0,unit_total_var,0.18987341772151897,0.6571279364025747,0.9952375,0.6571284130695151,0.6571279364025747,3.1502807191774447e-06,9.445057824741808e-07,0.008171266613149942,0.012434818488897721,0.05400373053196812,0.29865834306149946,0.0988625,0.101325
0.1,0.1,0.0,0.001,-0.00099,0.0,0,unit_total_var,0.1960759493670886,0.6303053532237667,0.995325,0.6303058825475653,0.6303053532237667,3.647157796660138e-06,9.559203046904943e-07,0.007841523927052743,0.012440833457857207,0.054029853210247364,0.29865834306149946,0.0988625,0.101325
0.1,0.1,0.0,0.001,-0.00099,0.0,0,unit_total_var,0.20227848101265825,0.603611784579374,0.9953125,0.6036123868487974,0.603611784579374,4.333284461477405e-06,9.97416242487503e-07,0.0075058401374248655,0.012434880049029026,0.054003997884221416,0.29865834306149946,0.0988625,0.101325
0.1,0.1,0.0,0.001,-0.00099,0.0,0,unit_total_var,0.20848101265822785,0.5770680973181685,0.9953625,0.5770680973181685,0.5770680988945279,1.1863490634311803e-08,9.437577106474748e-07,0.007165019553251239,0.01241624617016522,0.05392307197655137,0.3000248598050008,0.0988625,0.101325
0.1,0.1,0.0,0.001,-0.00099,0.0,0,unit_total_var,0.21468354430379746,0.5506967945724291,0.9954,0.5506974946706193,0.5506967945724291,5.521161381860652e-06,9.156393052656141e-07,0.006820443835146407,0.012385116278808051,0.053787876576164725,0.3000248598050008,0.0988625,0.101325
0.1,0.1,0.0,0.001,-0.00099,0.0,0,unit_total_var,0.2208860759493671,0.5245344355173114,0.9954875,0.5245352305687525,0.5245344355173114,6.5827173330035285e-06,9.979252832970078e-07,0.006474195977970236,0.012342747281377615,0.0536038703582866,0.3000248598050008,0.0988625,0.101325
0.1,0.1,0.0,0.001,-0.00099,0.0,0,unit_total_var,0.2270886075949367,0.4986292251143363,0.9955125,0.4986300623167318,0.4986292251143363,7.29183242942355e-06,9.199427979389441e-07,0.006128584336272397,0.0122908646898246,0.05337854712610346,0.3000248598050008,0.0988625,0.101325
0.1,0.1,0.0,0.001,-0.00099,0.0,0,unit_total_var,0.23329113924050635,0.4730206485807624,0.9955625,0.4730215901549093,0.4730206485807624,8.644866784202064e-06,9.498071369407057e-07,0.00578531041165321,0.012230566316737523,0.053116674619108864,0.3000248598050008,0.0988625,0.101325
0.1,0.1,0.0,0.001,-0.00099,0.0,0,unit_total_var,0.23949367088607595,0.4477326924750452,0.99555,0.4477336905202417,0.4477326924750452,9.680888746643744e-06,9.24117217193654e-07,0.005445099207538364,0.012161495684932258,0.05281670467656287,0.3000248598050008,0.0988625,0.101325
0.1,0.1,0.0,0.001,-0.00099,0.0,0,unit_total_var,0.2456962025316456,0.4227949618359321,0.9956125,0.4227960850674756,0.4227949618359321,1.1537805727268589e-05,9.91957262552745e-07,0.005108366961456403,0.012082374253642909,0.05247308466647035,0.3000248598050008,0.0988625,0.101325
0.1,0.1,0.0,0.001,-0.00099,0.0,0,unit_total_var,0.2518987341772152,0.3982723905736037,0.9956375,0.3982736111108313,0.3982723905736037,1.33092773504373e-05,9.881082276841369e-07,0.004776674330581382,0.011993485975017938,0.05208704777734331,0.3000248598050008,0.0988625,0.101325
0.1,0.1,0.0,0.001,-0.00099,0.0,0,unit_total_var,0.2581012658227848,0.3742692674664463,0.9957125,0.3742705812736345,0.3742692674664463,1.5245125910112732e-05,9.77875506569248e-07,0.004452819330708106,0.011897368332833544,0.05166961416120098,0.3000248598050008,0.0988625,0.101325
0.1,0.1,0.0,0.001,-0.00099,0.0,0,unit_total_var,0.2643037974683544,0.35089986674476115,0.995875,0.3509013179325348,0.35089986674476115,1.796072323756448e-05,9.64025274718949e-07,0.004140317934319709,0.011799143649522413,0.051243029781713786,0.3000248598050008,0.0988625,0.101325
0.1,0.1,0.0,0.001,-0.00099,0.0,0,unit_total_var,0.2705063291139241,0.3282329945410704,0.995825,0.3282345542521348,0.3282329945410704,2.0636935058604425e-05,9.605368374021592e-07,0.0038412503028280843,0.011702815886010643,0.05082468362024137,0.3000248598050008,0.0988625,0.101325
0.1,0.1,0.0,0.001,-0.00099,0.0,0,unit_total_var,0.2767088607594937,0.3062872881525173,0.9959,0.3062889991327685,0.3062872881525173,2.4260465093739473e-05,9.773981739513715e-07,0.0035558185491423493,0.0116094225476694,0.0504190815053601,0.3000248598050008,0.0988625,0.101325
0.1,0.1,0.0,0.001,-0.00099,0.0,0,unit_total_var,0.2829113924050633,0.2850535199071304,0.995925,0.2850553369881064,0.2850535199071304,2.7684124934701515e-05,9.618538734379456e-07,0.003284121598923367,0.01152107014848764,0.050035371911084585,0.3000248598050008,0.0988625,0.101325
0.1,0.1,0.0,0.001,-0.00099,0.0,0,unit_total_var,0.2891139240506329,0.26451904996944176,0.9959875,0.26452103448434433,0.26451904996944176,3.258217654078521e-05,9.719302695998522e-07,0.0030262911287411787,0.011440730371180402,0.0496864606914659,0.3000248598050008,0.0988625,0.101325
0.1,0.1,0.0,0.001,-0.00099,0.0,0,unit_total_var,0.2953164556962025,0.2446878909605284,0.99585,0.24468999318495366,0.2446878909605284,3.7312044422144204e-05,9.520914834304506e-07,0.002782470753848749,0.011371509815733387,0.04938583963881673,0.3000248598050008,0.0988625,0.101325
0.1,0.1,0.0,0.001,-0.00099,0.0,0,unit_total_var,0.3015189873417722,0.22556234720703325,0.996,0.2255646849837291,0.22556234720703325,4.5010981230220175e-05,9.945276692180371e-07,0.0025522209733579004,0.011314924698027437,0.049140093595041325,0.3000248598050008,0.0988625,0.101325
0.1,0.1,0.0,0.001,-0.00099,0.0,0,unit_total_var,0.3077215189873418,0.2071338933271349,0.9960875,0.2071338933271349,0.20713393342498948,8.407255336351227e-07,9.912459472127821e-07,0.0023343598126135835,0.011269810918519429,0.04894416694006005,0.29958888402194217,0.0988625,0.101325
0.1,0.1,0.0,0.001,-0.00099,0.0,0,unit_total_var,0.3139240506329114,0.1893993665704072,0.9960375,0.18940212467247985,0.1893993665704072,6.324307260552331e-05,9.77875360130831e-07,0.0021274075792018826,0.011232390148522708,0.04878165060087858,0.29958888402194217,0.0988625,0.101325
0.1,0.1,0.0,0.001,-0.00099,0.0,0,unit_total_var,0.320126582278481,0.17242338614836153,0.9961125,0.17242641991466973,0.17242338614836153,7.641285823112298e-05,9.902318913734831e-07,0.0019313730874160567,0.011201340668221238,0.04864680442126966,0.29958888402194217,0.0988625,0.101325
0.1,0.1,0.0,0.001,-0.00099,0.0,0,unit_total_var,0.3263291139240506,0.15627179691200446,0.9960875,0.1562750859392336,0.15627179691200446,9.14042951531968e-05,9.712886374080298e-07,0.001747094882878933,0.011179847659029029,0.04855346146835294,0.29958888402194217,0.0988625,0.101325
0.1,0.1,0.0,0.001,-0.00099,0.0,0,unit_total_var,0.3325316455696203,0.14095732632806082,0.9962,0.14096092367767676,0.14095732632806082,0.00011083419308555163,9.81927677556893e-07,0.0015744890097230985,0.011169969314391428,0.048510560362688464,0.29958888402194217,0.0988625,0.101325
0.1,0.1,0.0,0.001,-0.00099,0.0,0,unit_total_var,0.3387341772151899,0.12647307273876585,0.9962625,0.12647695499196712,0.12647307273876585,0.00013331021608564694,9.762533389467976e-07,0.0014131885787594905,0.011173829718508351,0.04852732588474743,0.29958888402194217,0.0988625,0.101325
0.1,0.1,0.0,0.001,-0.00099,0.0,0,unit_total_var,0.3449367088607595,0.11284554806562565,0.9962375,0.11284973484756393,0.11284554806562565,0.00016112842674154138,9.694782788227665e-07,0.0012629894626382115,0.011192195742659837,0.04860708851418235,0.29958888402194217,0.0988625,0.101325
0.1,0.1,0.0,0.001,-0.00099,0.0,0,unit_total_var,0.3511392405063291,0.10012523651149877,0.996275,0.10012983145228056,0.10012523651149877,0.0001993015654324637,9.827530066952585e-07,0.001123725614949741,0.011223200604581724,0.048741740918630816,0.29958888402194217,0.0988625,0.101325
0.1,0.1,0.0,0.001,-0.00099,0.0,0,unit_total_var,0.3573417721518987,0.0883434060751652,0.9963,0.08834838469025419,0.0883434060751652,0.0002447408622519021,9.72613872829431e-07,0.0009954514822443,0.011267977163992752,0.048936203045339036,0.29958888402194217,0.0988625,0.101325
0.1,0.1,0.0,0.001,-0.00099,0.0,0,unit_total_var,0.3635443037974684,0.07747140090192116,0.9962875,0.07747684267038094,0.07747140090192116,0.0003050476675792169,9.844829409189069e-07,0.0008769806709154304,0.011320056959156949,0.049162382721923664,0.29958888402194217,0.0988625,0.101325
0.1,0.1,0.0,0.001,-0.00099,0.0,0,unit_total_var,0.369746835443038,0.0674867604399185,0.996375,0.06749265757881777,0.0674867604399185,0.0003794793194682456,9.997735570532742e-07,0.0007671049054939554,0.011366746610646496,0.04936515330196263,0.29958888402194217,0.0988625,0.101325
0.1,0.1,0.0,0.001,-0.00099,0.0,0,unit_total_var,0.3759493670886076,0.058385054249566276,0.996375,0.05839138453423893,0.058385054249566276,0.0004708497250867083,9.793445681083313e-07,0.0006654485459133216,0.011397583756090542,0.0494990773230026,0.29958888402194217,0.0988625,0.101325
0.1,0.1,0.0,0.001,-0.00099,0.0,0,unit_total_var,0.3821518987341772,0.0501555990684464,0.9964125,0.0501624276135305,0.0501555990684464,0.0005912395911522593,9.786327115623994e-07,0.0005721009034905015,0.011406521188387484,0.04953789209829206,0.29958888402194217,0.0988625,0.101325
0.1,0.1,0.0,0.001,-0.00099,0.0,0,unit_total_var,0.3883544303797468,0.042777631983544014,0.996375,0.042785021057215766,0.042777631983544014,0.0007501015492064057,9.815825543907364e-07,0.000487483151399021,0.011395748871432371,0.04949110852018288,0.29958888402194217,0.0988625,0.101325
0.1,0.1,0.0,0.001,-0.00099,0.0,0,unit_total_var,0.3945569620253165,0.036230760309544426,0.9964125,0.03623872218547772,0.036230760309544426,0.0009542772152624225,9.858118033972962e-07,0.0004120410279538896,0.011372685100548216,0.04939094383591418,0.29958888402194217,0.0988625,0.101325
0.1,0.1,0.0,0.001,-0.00099,0.0,0,unit_total_var,0.4007594936708861,0.030466954192693463,0.99645,0.030475490447452024,0.030466954192693463,0.001216639202414882,9.820742194188714e-07,0.0003455625827721538,0.011342209680251729,0.04925859076722972,0.29958888402194217,0.0988625,0.101325
0.1,0.1,0.0,0.001,-0.00099,0.0,0,unit_total_var,0.4069620253164557,0.025423468109699948,0.9964375,0.02542349816756552,0.025423468109699948,5.1346092444504166e-06,9.871036263028878e-07,0.0002875434904950808,0.01131015993783212,0.04911940050443713,0.3008863098594401,0.0988625,0.101325
0.1,0.1,0.0,0.001,-0.00099,0.0,0,unit_total_var,0.4131645569620253,0.021053712921044087,0.996425,0.021063581088819745,0.021053712921044087,0.0020351216718204053,9.875665319125648e-07,0.00023734890499752613,0.011273493938462786,0.04896016209244145,0.3008863098594401,0.0988625,0.101325
0.1,0.1,0.0,0.001,-0.00099,0.0,0,unit_total_var,0.4193670886075949,0.017322292920863725,0.996425,0.017332816880758443,0.017322292920863725,0.002637705017647818,9.907093204628015e-07,0.00019445775683946305,0.011225867021637168,0.04875332102076713,0.3008863098594401,0.0988625,0.101325
0.1,0.1,0.0,0.001,-0.00099,0.0,0,unit_total_var,0.4255696202531646,0.014161606391765913,0.99645,0.014172743039028938,0.014161606391765913,0.003413937358331509,9.860577273590463e-07,0.00015817213593552094,0.011169081498232302,0.04850670462609992,0.3008863098594401,0.0988625,0.101325
0.1,0.1,0.0,0.001,-0.00099,0.0,0,unit_total_var,0.4317721518987342,0.011511125300038562,0.9964875,0.01152290894129338,0.011511125300038562,0.004443486335492963,9.913671661365695e-07,0.00012787795195951914,0.01110907479732592,0.048246098835291316,0.3008863098594401,0.0988625,0.101325
0.1,0.1,0.0,0.001,-0.00099,0.0,0,unit_total_var,0.4379746835443038,0.009319625688500872,0.9964875,0.009331924189854695,0.009319625688500872,0.005727322482652397,9.900659271866452e-07,0.00010294458513494204,0.0110459999763683,0.047972168368402034,0.3008863098594401,0.0988625,0.101325
0.1,0.1,0.0,0.001,-0.00099,0.0,0,unit_total_var,0.4441772151898734,0.007517077927440463,0.996475,0.007529915593279169,0.007517077927440463,0.007410555177489897,9.863854838546016e-07,8.254733908373877e-05,0.010981306816363659,0.04769120954433303,0.3008863098594401,0.0988625,0.101325
0.1,0.1,0.0,0.001,-0.00099,0.0,0,unit_total_var,0.450379746835443,0.006043380358857237,0.996475,0.006056783774809824,0.006043380358857237,0.00962140993028271,9.954303413668706e-07,6.596584861041738e-05,0.010915389185083672,0.047404932909082716,0.3008863098594401,0.0988625,0.101325
0.1,0.1,0.0,0.001,-0.00099,0.0,0,unit_total_var,0.4565822784810127,0.004844031713139511,0.9965,0.0048579502903642255,0.004844031713139511,0.012460887743124259,9.974311595186552e-07,5.2537914830006544e-05,0.01084590645587572,0.047103173250256786,0.3008863098594401,0.0988625,0.101325
0.1,0.1,0.0,0.001,-0.00099,0.0,0,unit_total_var,0.4627848101265823,0.0038767383142830243,0.99645,0.0038896093766040258,0.0038767383142830243,0.014395019853370885,9.998820959741803e-07,4.1759273637814825e-05,0.010771754565935387,0.04678113568401896,0.3008863098594401,0.0988625,0.101325
0.1,0.1,0.0,0.001,-0.00099,0.0,0,unit_total_var,0.4689873417721519,0.003097158803292382,0.9964875,0.003108973592837807,0.003097158803292382,0.01653559342792832,9.96484449112406e-07,3.311855122610385e-05,0.010693204103999359,0.04643999536232128,0.3008863098594401,0.0988625,0.101325
0.1,0.1,0.0,0.001,-0.00099,0.0,0,unit_total_var,0.4751898734177215,0.0024700658688765107,0.996475,0.0024809116010834627,0.0024700658688765107,0.019027552489738756,9.942112636947278e-07,2.620333785114279e-05,0.010608355907148809,0.046071504325404924,0.3008863098594401,0.0988625,0.101325
0.1,0.1,0.0,0.001,-0.00099,0.0,0,unit_total_var,0.4813924050632911,0.0019690929436103053,0.9964875,0.0019789645493504355,0.0019690929436103053,0.021717985831863015,9.924981684544115e-07,2.0712800226748734e-05,0.01051895508231932,0.045683241476394465,0.3008863098594401,0.0988625,0.101325
0.1,0.1,0.0,0.001,-0.00099,0.0,0,unit_total_var,0.4875949367088608,0.001569301807308635,0.9964875,0.001578302308490144,0.001569301807308635,0.024837168255601227,9.991572166769686e-07,1.6366038575175517e-05,0.010428866199576614,0.0452919904298346,0.3008863098594401,0.0988625,0.101325
0.1,0.1,0.0,0.001,-0.00099,0.0,0,unit_total_var,0.4937974683544304,0.001250866841555003,0.9964875,0.0012590150833468128,0.001250866841555003,0.0281985287401092,9.93898580319008e-07,1.2928576355346907e-05,0.010335693557337305,0.04488734678594582,0.3008863098594401,0.0988625,0.101325
0.1,0.1,0.0,0.001,-0.00099,0.0,0,unit_total_var,0.5,0.0009976590835363284,0.9964875,0.0010050710158743812,0.0009976590835363284,0.03214587938912672,9.983588535461552e-07,1.0216100403804564e-05,0.010240071555898948,0.04447206571021358,0.3008863098594401,0.0988625,0.101325
0.1,0.1,0.0,0.001,-0.001,0.0,0,unit_total_var,0.01,1.0149675067677295,0.0,1.0149675067677295,1.0149675067677295,0.0,7.681291691596924e-07,0.01792739373172596,0.017663022325530034,0.07670953129711634,0.29773810102443066,0.0988625,0.101325
0.1,0.1,0.0,0.001,-0.001,0.0,0,unit_total_var,0.016202531645569618,1.0149675067677295,0.0,1.0149675067677295,1.0149675067677295,0.0,9.293414677813415e-07,0.01792739373172596,0.017663022325530034,0.07670953129711634,0.29773810102443066,0.0988625,0.101325
0.1,0.1,0.0,0.001,-0.001,0.0,0,unit_total_var,0.02240506329113924,1.0149675067677295,0.0,1.0149675067677295,1.0149675067677295,0.0,9.832078831095714e-07,0.01792739373172596,0.017663022325530034,0.07670953129711634,0.29773810102443066,0.0988625,0.101325
0.1,0.1,0.0,0.001,-0.001,0.0,0,unit_total_var,0.028607594936708863,1.0149675067677295,0.0,1.0149675067677295,1.0149675067677295,0.0,9.899752910769164e-07,0.01792739373172596,0.017663022325530034,0.07670953129711634,0.29773810102443066,0.0988625,0.101325
0.1,0.1,0.0,0.001,-0.001,0.0,0,unit_total_var,0.03481012658227848,1.0149675067677295,0.0,1.0149675067677295,1.0149675067677295,0.0,8.495787895412831e-07,0.01792739373172596,0.017663022325530034,0.07670953129711634,0.29773810102443066,0.0988625,0.101325
0.1,0.1,0.0,0.001,-0.001,0.0,0,unit_total_var,0.0410126582278481,1.0149675067677295,0.0,1.0149675067677295,1.0149675067677295,0.0,7.901432468315761e-07,0.01792739373172596,0.017663022325530034,0.07670953129711634,0.29773810102443066,0.0988625,0.101325
0.1,0.1,0.0,0.001,-0.001,0.0,0,unit_total_var,0.047215189873417725,1.0149675067677295,0.0,1.0149675067677295,1.0149675067677295,0.0,7.767270489011934e-07,0.01792739373172596,0.017663022325530034,0.07670953129711634,0.29773810102443066,0.0988625,0.101325
0.1,0.1,0.0,0.001,-0.001,0.0,0,unit_total_var,0.05341772151898734,1.0149675067677295,0.0,1.0149675067677295,1.0149675067677295,0.0,7.951329017430453e-07,0.01792739373172596,0.017663022325530034,0.07670953129711634,0.29773810102443066,0.0988625,0.101325
0.1,0.1,0.0,0.001,-0.001,0.0,0,unit_total_var,0.05962025316455696,1.0149675067677295,0.0,1.0149675067677295,1.0149675067677295,0.0,8.395883135392523e-07,0.01792739373172596,0.017663022325530034,0.07670953129711634,0.29773810102443066,0.0988625,0.101325
0.1,0.1,0.0,0.001,-0.001,0.0,0,unit_total_var,0.06582278481012659,1.0149675067677295,0.0,1.0149675067677295,1.0149675067677295,0.0,9.084776095846793e-07,0.01792739373172596,0.017663022325530034,0.07670953129711634,0.29773810102443066,0.0988625,0.101325
0.1,0.1,0.0,0.001,-0.001,0.0,0,unit_total_var,0.0720253164556962,1.0149675067677295,0.0,1.0149675067677295,1.0149675067677295,0.0,7.520087077494964e-07,0.01792739373172596,0.017663022325530034,0.07670953129711634,0.29773810102443066,0.0988625,0.101325
0.1,0.1,0.0,0.001,-0.001,0.0,0,unit_total_var,0.07822784810126583,1.0149675067677295,0.0,1.0149675067677295,1.0149675067677295,0.0,8.436775136289043e-07,0.01792739373172596,0.017663022325530034,0.07670953129711634,0.29773810102443066,0.0988625,0.101325
0.1,0.1,0.0,0.001,-0.001,0.0,0,unit_total_var,0.08443037974683544,1.0149675067677295,0.0,1.0149675067677295,1.0149675067677295,0.0,9.596251970833693e-07,0.01792739373172596,0.017663022325530034,0.07670953129711634,0.29773810102443066,0.0988625,0.101325
0.1,0.1,0.0,0.001,-0.001,0.0,0,unit_total_var,0.09063291139240506,1.0149675067677295,0.0,1.0149675067677295,1.0149675067677295,0.0,8.282798500403031e-07,0.01792739373172596,0.017663022325530034,0.07670953129711634,0.29773810102443066,0.0988625,0.101325
0.1,0.1,0.0,0.001,-0.001,0.0,0,unit_total_var,0.09683544303797467,1.0149675067677295,0.0,1.0149675067677295,1.0149675067677295,0.0,9.628978840936495e-07,0.01792739373172596,0.017663022325530034,0.07670953129711634,0.29773810102443066,0.0988625,0.101325
0.1,0.1,0.0,0.001,-0.001,0.0,0,unit_total_var,0.1030379746835443,1.0149675067677295,0.0,1.0149675067677295,1.0149675067677295,0.0,8.469716021863859e-07,0.01792739373172596,0.017663022325530034,0.07670953129711634,0.29773810102443066,0.0988625,0.101325
0.1,0.1,0.0,0.001,-0.001,0.0,0,unit_total_var,0.10924050632911393,1.0149675067677295,0.0,1.0149675067677295,1.0149675067677295,0.0,9.364814594903237e-07,0.01792739373172596,0.017663022325530034,0.07670953129711634,0.2940946955718572,0.0988625,0.101325
0.1,0.1,0.0,0.001,-0.001,0.0,0,unit_total_var,0.11544303797468355,1.0149675067677295,0.0,1.0149675067677295,1.0149675067677295,0.0,8.934860815656975e-07,0.01792739373172596,0.017663022325530034,0.07670953129711634,0.2940946955718572,0.0988625,0.101325
0.1,0.1,0.0,0.001,-0.001,0.0,0,unit_total_var,0.12164556962025315,1.0149675067677295,0.0,1.0149675067677295,1.0149675067677295,0.0,8.023709554549895e-07,0.01792739373172596,0.017663022325530034,0.07670953129711634,0.2940946955718572,0.0988625,0.101325
0.1,0.1,0.0,0.001,-0.001,0.0,0,unit_total_var,0.12784810126582274,1.0149675067677295,0.0,1.0149675067677295,1.0149675067677295,0.0,9.660228563745932e-07,0.01792739373172596,0.017663022325530034,0.07670953129711634,0.2940946955718572,0.0988625,0.101325
0.1,0.1,0.0,0.001,-0.001,0.0,0,unit_total_var,0.1340506329113924,1.0149675067677295,0.0,1.0149675067677295,1.0149675067677295,0.0,8.766269719018281e-07,0.01792739373172596,0.017663022325530034,0.07670953129711634,0.2940946955718572,0.0988625,0.101325
0.1,0.1,0.0,0.001,-0.001,0.0,0,unit_total_var,0.14025316455696205,1.0149675067677295,0.0,1.0149675067677295,1.0149675067677295,0.0,7.990913752919937e-07,0.01792739373172596,0.017663022325530034,0.07670953129711634,0.2940946955718572,0.0988625,0.101325
0.1,0.1,0.0,0.001,-0.001,0.0,0,unit_total_var,0.14645569620253165,1.0149675067677295,0.0,1.0149675067677295,1.0149675067677295,0.0,9.752091774117844e-07,0.01792739373172596,0.017663022325530034,0.07670953129711634,0.2940946955718572,0.0988625,0.101325
0.1,0.1,0.0,0.001,-0.001,0.0,0,unit_total_var,0.15265822784810126,1.0149675067677295,0.0,1.0149675067677295,1.0149675067677295,0.0,8.959633266414356e-07,0.01792739373172596,0.017663022325530034,0.07670953129711634,0.2940946955718572,0.0988625,0.101325
0.1,0.1,0.0,0.001,-0.001,0.0,0,unit_total_var,0.1588607594936709,1.0149675067677295,0.0,1.0149675067677295,1.0149675067677295,0.0,8.259996535642243e-07,0.01792739373172596,0.017663022325530034,0.07670953129711634,0.2940946955718572,0.0988625,0.101325
0.1,0.1,0.0,0.001,-0.001,0.0,0,unit_total_var,0.1650632911392405,1.0149675067677295,0.0,1.0149675067677295,1.0149675067677295,0.0,7.639229941958092e-07,0.01792739373172596,0.017663022325530034,0.07670953129711634,0.2940946955718572,0.0988625,0.101325
0.1,0.1,0.0,0.001,-0.001,0.0,0,unit_total_var,0.17126582278481015,1.0149675067677295,0.0,1.0149675067677295,1.0149675067677295,0.0,9.447877369339607e-07,0.01792739373172596,0.017663022325530034,0.07670953129711634,0.2940946955718572,0.0988625,0.101325
0.1,0.1,0.0,0.001,-0.001,0.0,0,unit_total_var,0.17746835443037975,1.0149675067677295,0.0,1.0149675067677295,1.0149675067677295,0.0,8.787469392146362e-07,0.01792739373172596,0.017663022325530034,0.07670953129711634,0.2940946955718572,0.0988625,0.101325
0.1,0.1,0.0,0.001,-0.001,0.0,0,unit_total_var,0.18367088607594936,1.0149675067677295,0.0,1.0149675067677295,1.0149675067677295,0.0,8.193966989367141e-07,0.01792739373172596,0.017663022325530034,0.07670953129711634,0.2940946955718572,0.0988625,0.101325
0.1,0.1,0.0,0.001,-0.001,0.0,0,unit_total_var,0.18987341772151897,1.0149675067677295,0.0,1.0149675067677295,1.0149675067677295,0.0,7.658627811935048e-07,0.01792739373172596,0.017663022325530034,0.07670953129711634,0.2940946955718572,0.0988625,0.101325
0.1,0.1,0.0,0.001,-0.001,0.0,0,unit_total_var,0.1960759493670886,1.0149675067677295,0.0,1.0149675067677295,1.0149675067677295,0.0,9.565456391413818e-07,0.01792739373172596,0.017663022325530034,0.07670953129711634,0.2940946955718572,0.0988625,0.101325
0.1,0.1,0.0,0.001,-0.001,0.0,0,unit_total_var,0.20227848101265825,1.0149675067677295,0.0,1.0149675067677295,1.0149675067677295,0.0,8.978838916817722e-07,0.01792739373172596,0.017663022325530034,0.07670953129711634,0.2940946955718572,0.0988625,0.101325
0.1,0.1,0.0,0.001,-0.001,0.0,0,unit_total_var,0.20848101265822785,1.0149675067677295,0.0,1.0149675067677295,1.0149675067677295,0.0,8.723562050505507e-07,0.01792739373172596,0.017663022325530034,0.07670953129711634,0.29611307169548795,0.0988625,0.101325
0.1,0.1,0.0,0.001,-0.001,0.0,0,unit_total_var,0.21468354430379746,1.0149675067677295,0.0,1.0149675067677295,1.0149675067677295,0.0,7.956625651672766e-07,0.01792739373172596,0.017663022325530034,0.07670953129711634,0.29611307169548795,0.0988625,0.101325
0.1,0.1,0.0,0.001,-0.001,0.0,0,unit_total_var,0.2208860759493671,1.0149675067677295,0.0,1.0149675067677295,1.0149675067677295,0.0,7.509777901759662e-07,0.01792739373172596,0.017663022325530034,0.07670953129711634,0.29611307169548795,0.0988625,0.101325
0.1,0.1,0.0,0.001,-0.001,0.0,0,unit_total_var,0.2270886075949367,1.0149675067677295,0.0,1.0149675067677295,1.0149675067677295,0.0,9.466059696094931e-07,0.01792739373172596,0.017663022325530034,0.07670953129711634,0.29611307169548795,0.0988625,0.101325
0.1,0.1,0.0,0.001,-0.001,0.0,0,unit_total_var,0.23329113924050635,1.0149675067677295,0.0,1.0149675067677295,1.0149675067677295,0.0,8.962709809878788e-07,0.01792739373172596,0.017663022325530034,0.07670953129711634,0.29611307169548795,0.0988625,0.101325
0.1,0.1,0.0,0.001,-0.001,0.0,0,unit_total_var,0.23949367088607595,1.0149675067677295,0.0,1.0149675067677295,1.0149675067677295,0.0,8.498467973794276e-07,0.01792739373172596,0.017663022325530034,0.07670953129711634,0.29611307169548795,0.0988625,0.101325
0.1,0.1,0.0,0.001,-0.001,0.0,0,unit_total_var,0.2456962025316456,1.0149675067677295,0.0,1.0149675067677295,1.0149675067677295,0.0,8.069385089015669e-07,0.01792739373172596,0.017663022325530034,0.07670953129711634,0.29611307169548795,0.0988625,0.101325
0.1,0.1,0.0,0.001,-0.001,0.0,0,unit_total_var,0.2518987341772152,1.0149675067677295,0.0,1.0149675067677295,1.0149675067677295,0.0,7.671998281111314e-07,0.01792739373172596,0.017663022325530034,0.07670953129711634,0.29611307169548795,0.0988625,0.101325
0.1,0.1,0.0,0.001,-0.001,0.0,0,unit_total_var,0.2581012658227848,1.0149675067677295,0.0,1.0149675067677295,1.0149675067677295,0.0,9.737681008203936e-07,0.01792739373172596,0.017663022325530034,0.07670953129711634,0.29611307169548795,0.0988625,0.101325
0.1,0.1,0.0,0.001,-0.001,0.0,0,unit_total_var,0.2643037974683544,1.0149675067677295,0.0,1.0149675067677295,1.0149675067677295,0.0,9.280644266418392e-07,0.01792739373172596,0.017663022325530034,0.07670953129711634,0.29611307169548795,0.0988625,0.101325
0.1,0.1,0.0,0.001,-0.001,0.0,0,unit_total_var,0.2705063291139241,1.0149675067677295,0.0,1.0149675067677295,1.0149675067677295,0.0,8.85504615855126e-07,0.01792739373172596,0.017663022325530034,0.07670953129711634,0.29611307169548795,0.0988625,0.101325
0.1,0.1,0.0,0.001,-0.001,0.0,0,unit_total_var,0.2767088607594937,1.0149675067677295,0.0,1.0149675067677295,1.0149675067677295,0.0,8.458067872751941e-07,0.01792739373172596,0.017663022325530034,0.07670953129711634,0.29611307169548795,0.0988625,0.101325
0.1,0.1,0.0,0.001,-0.001,0.0,0,unit_total_var,0.2829113924050633,1.0149675067677295,0.0,1.0149675067677295,1.0149675067677295,0.0,8.087199581119364e-07,0.01792739373172596,0.017663022325530034,0.07670953129711634,0.29611307169548795,0.0988625,0.101325
0.1,0.1,0.0,0.001,-0.001,0.0,0,unit_total_var,0.2891139240506329,1.0149675067677295,0.0,1.0149675067677295,1.0149675067677295,0.0,7.740200658190587e-07,0.01792739373172596,0.017663022325530034,0.07670953129711634,0.29611307169548795,0.0988625,0.101325
0.1,0.1,0.0,0.001,-0.001,0.0,0,unit_total_var,0.2953164556962025,1.0149675067677295,0.0,1.0149675067677295,1.0149675067677295,0.0,9.886754357424363e-07,0.01792739373172596,0.017663022325530034,0.07670953129711634,0.29611307169548795,0.0988625,0.101325
0.1,0.1,0.0,0.001,-0.001,0.0,0,unit_total_var,0.3015189873417722,1.0149675067677295,0.0,1.0149675067677295,1.0149675067677295,0.0,9.479994522720857e-07,0.01792739373172596,0.017663022325530034,0.07670953129711634,0.29611307169548795,0.0988625,0.101325
0.1,0.1,0.0,0.001,-0.001,0.0,0,unit_total_var,0.3077215189873418,1.0149675067677295,0.0,1.0149675067677295,1.0149675067677295,0.0,7.880272421267874e-07,0.01792739373172596,0.017663022325530034,0.07670953129711634,0.2976110383119763,0.0988625,0.101325
0.1,0.1,0.0,0.001,-0.001,0.0,0,unit_total_var,0.3139240506329114,1.0149675067677295,0.0,1.0149675067677295,1.0149675067677295,0.0,8.738319965395647e-07,0.01792739373172596,0.017663022325530034,0.07670953129711634,0.2976110383119763,0.0988625,0.101325
0.1,0.1,0.0,0.001,-0.001,0.0,0,unit_total_var,0.320126582278481,1.0149675067677295,0.0,1.0149675067677295,1.0149675067677295,0.0,8.399705748729501e-07,0.01792739373172596,0.017663022325530034,0.07670953129711634,0.2976110383119763,0.0988625,0.101325
0.1,0.1,0.0,0.001,-0.001,0.0,0,unit_total_var,0.3263291139240506,1.0149675067677295,0.0,1.0149675067677295,1.0149675067677295,0.0,8.080399633847434e-07,0.01792739373172596,0.017663022325530034,0.07670953129711634,0.2976110383119763,0.0988625,0.101325
0.1,0.1,0.0,0.001,-0.001,0.0,0,unit_total_var,0.3325316455696203,1.0149675067677295,0.0,1.0149675067677295,1.0149675067677295,0.0,7.778961044202505e-07,0.01792739373172596,0.017663022325530034,0.07670953129711634,0.2976110383119763,0.0988625,0.101325
0.1,0.1,0.0,0.001,-0.001,0.0,0,unit_total_var,0.3387341772151899,1.0149675067677295,0.0,1.0149675067677295,1.0149675067677295,0.0,9.992108411793763e-07,0.01792739373172596,0.017663022325530034,0.07670953129711634,0.2976110383119763,0.0988625,0.101325
0.1,0.1,0.0,0.001,-0.001,0.0,0,unit_total_var,0.3449367088607595,1.0149675067677295,0.0,1.0149675067677295,1.0149675067677295,0.0,9.632759185862485e-07,0.01792739373172596,0.017663022325530034,0.07670953129711634,0.2976110383119763,0.0988625,0.101325
0.1,0.1,0.0,0.001,-0.001,0.0,0,unit_total_var,0.3511392405063291,1.0149675067677295,0.0,1.0149675067677295,1.0149675067677295,0.0,9.292452634035442e-07,0.01792739373172596,0.017663022325530034,0.07670953129711634,0.2976110383119763,0.0988625,0.101325
0.1,0.1,0.0,0.001,-0.001,0.0,0,unit_total_var,0.3573417721518987,1.0149675067677295,0.0,1.0149675067677295,1.0149675067677295,0.0,8.969866605035294e-07,0.01792739373172596,0.017663022325530034,0.07670953129711634,0.2976110383119763,0.0988625,0.101325
0.1,0.1,0.0,0.001,-0.001,0.0,0,unit_total_var,0.3635443037974684,1.0149675067677295,0.0,1.0149675067677295,1.0149675067677295,0.0,8.663791772889341e-07,0.01792739373172596,0.017663022325530034,0.07670953129711634,0.2976110383119763,0.0988625,0.101325
0.1,0.1,0.0,0.001,-0.001,0.0,0,unit_total_var,0.369746835443038,1.0149675067677295,0.0,1.0149675067677295,1.0149675067677295,0.0,8.373120214955065e-07,0.01792739373172596,0.017663022325530034,0.07670953129711634,0.2976110383119763,0.0988625,0.101325
0.1,0.1,0.0,0.001,-0.001,0.0,0,unit_total_var,0.3759493670886076,1.0149675067677295,0.0,1.0149675067677295,1.0149675067677295,0.0,8.096835433235582e-07,0.01792739373172596,0.017663022325530034,0.07670953129711634,0.2976110383119763,0.0988625,0.101325
0.1,0.1,0.0,0.001,-0.001,0.0,0,unit_total_var,0.3821518987341772,1.0149675067677295,0.0,1.0149675067677295,1.0149675067677295,0.0,7.834003423745628e-07,0.01792739373172596,0.017663022325530034,0.07670953129711634,0.2976110383119763,0.0988625,0.101325
0.1,0.1,0.0,0.001,-0.001,0.0,0,unit_total_var,0.3883544303797468,1.0149675067677295,0.0,1.0149675067677295,1.0149675067677295,0.0,7.583764718432917e-07,0.01792739373172596,0.017663022325530034,0.07670953129711634,0.2976110383119763,0.0988625,0.101325
0.1,0.1,0.0,0.001,-0.001,0.0,0,unit_total_var,0.3945569620253165,1.0149675067677295,0.0,1.0149675067677295,1.0149675067677295,0.0,9.793769946142559e-07,0.01792739373172596,0.017663022325530034,0.07670953129711634,0.2976110383119763,0.0988625,0.101325
0.1,0.1,0.0,0.001,-0.001,0.0,0,unit_total_var,0.4007594936708861,1.0149675067677295,0.0,1.0149675067677295,1.0149675067677295,0.0,9.490614716334278e-07,0.01792739373172596,0.017663022325530034,0.07670953129711634,0.2976110383119763,0.0988625,0.101325
0.1,0.1,0.0,0.001,-0.001,0.0,0,unit_total_var,0.4069620253164557,1.0149675067677295,0.0,1.0149675067677295,1.0149675067677295,0.0,7.944817941307747e-07,0.01792739373172596,0.017663022325530034,0.07670953129711634,0.2908003423834197,0.0988625,0.101325
0.1,0.1,0.0,0.001,-0.001,0.0,0,unit_total_var,0.4131645569620253,1.0149675067677295,0.0,1.0149675067677295,1.0149675067677295,0.0,8.925055556829876e-07,0.01792739373172596,0.017663022325530034,0.07670953129711634,0.2908003423834197,0.0988625,0.101325
0.1,0.1,0.0,0.001,-0.001,0.0,0,unit_total_var,0.4193670886075949,1.0149675067677295,0.0,1.0149675067677295,1.0149675067677295,0.0,8.661048482849766e-07,0.01792739373172596,0.017663022325530034,0.07670953129711634,0.2908003423834197,0.0988625,0.101325
0.1,0.1,0.0,0.001,-0.001,0.0,0,unit_total_var,0.4255696202531646,1.0149675067677295,0.0,1.0149675067677295,1.0149675067677295,0.0,8.408584850627677e-07,0.01792739373172596,0.017663022325530034,0.07670953129711634,0.2908003423834197,0.0988625,0.101325
0.1,0.1,0.0,0.001,-0.001,0.0,0,unit_total_var,0.4317721518987342,1.0149675067677295,0.0,1.0149675067677295,1.0149675067677295,0.0,8.167001346315317e-07,0.01792739373172596,0.017663022325530034,0.07670953129711634,0.2908003423834197,0.0988625,0.101325
0.1,0.1,0.0,0.001,-0.001,0.0,0,unit_total_var,0.4379746835443038,1.0149675067677295,0.0,1.0149675067677295,1.0149675067677295,0.0,7.935681658466366e-07,0.01792739373172596,0.017663022325530034,0.07670953129711634,0.2908003423834197,0.0988625,0.101325
0.1,0.1,0.0,0.001,-0.001,0.0,0,unit_total_var,0.4441772151898734,1.0149675067677295,0.0,1.0149675067677295,1.0149675067677295,0.0,7.714052467910903e-07,0.01792739373172596,0.017663022325530034,0.07670953129711634,0.2908003423834197,0.0988625,0.101325
0.1,0.1,0.0,0.001,-0.001,0.0,0,unit_total_var,0.450379746835443,1.0149675067677295,0.0,1.0149675067677295,1.0149675067677295,0.0,7.501579979418693e-07,0.01792739373172596,0.017663022325530034,0.07670953129711634,0.2908003423834197,0.0988625,0.101325
0.1,0.1,0.0,0.001,-0.001,0.0,0,unit_total_var,0.4565822784810127,1.0149675067677295,0.0,1.0149675067677295,1.0149675067677295,0.0,9.730355472470364e-07,0.01792739373172596,0.017663022325530034,0.07670953129711634,0.2908003423834197,0.0988625,0.101325
0.1,0.1,0.0,0.001,-0.001,0.0,0,unit_total_var,0.4627848101265823,1.0149675067677295,0.0,1.0149675067677295,1.0149675067677295,0.0,9.469530848349449e-07,0.01792739373172596,0.017663022325530034,0.07670953129711634,0.2908003423834197,0.0988625,0.101325
0.1,0.1,0.0,0.001,-0.001,0.0,0,unit_total_var,0.4689873417721519,1.0149675067677295,0.0,1.0149675067677295,1.0149675067677295,0.0,9.219054728504259e-07,0.01792739373172596,0.017663022325530034,0.07670953129711634,0.2908003423834197,0.0988625,0.101325
0.1,0.1,0.0,0.001,-0.001,0.0,0,unit_total_var,0.4751898734177215,1.0149675067677295,0.0,1.0149675067677295,1.0149675067677295,0.0,8.978386807356743e-07,0.01792739373172596,0.017663022325530034,0.07670953129711634,0.2908003423834197,0.0988625,0.101325
0.1,0.1,0.0,0.001,-0.001,0.0,0,unit_total_var,0.4813924050632911,1.0149675067677295,0.0,1.0149675067677295,1.0149675067677295,0.0,8.747021595922888e-07,0.01792739373172596,0.017663022325530034,0.07670953129711634,0.2908003423834197,0.0988625,0.101325
0.1,0.1,0.0,0.001,-0.001,0.0,0,unit_total_var,0.4875949367088608,1.0149675067677295,0.0,1.0149675067677295,1.0149675067677295,0.0,8.524485739513921e-07,0.01792739373172596,0.017663022325530034,0.07670953129711634,0.2908003423834197,0.0988625,0.101325
0.1,0.1,0.0,0.001,-0.001,0.0,0,unit_total_var,0.4937974683544304,1.0149675067677295,0.0,1.0149675067677295,1.0149675067677295,0.0,8.310335624095444e-07,0.01792739373172596,0.017663022325530034,0.07670953129711634,0.2908003423834197,0.0988625,0.101325
0.1,0.1,0.0,0.001,-0.001,0.0,0,unit_total_var,0.5,1.0149675067677295,0.0,1.0149675067677295,1.0149675067677295,0.0,8.10415513807783e-07,0.01792739373172596,0.017663022325530034,0.07670953129711634,0.2908003423834197,0.0988625,0.101325
0.1,0.1,0.0,0.001,0.00099,0.0,0,unit_total_var,0.01,1.1281124293591354,0.9996,1.1281124293591354,1.1281124299090666,2.1170947217541425e-09,9.522606916334551e-07,0.017738619836903873,0.015724159556491132,0.0682891572795038,0.2971524836042901,0.0988625,0.101325
0.1,0.1,0.0,0.001,0.00099,0.0,0,unit_total_var,0.016202531645569618,1.2118586618736138,0.9996875,1.2118586738349508,1.2118586618736138,4.2865912597278566e-08,7.845459748523353e-07,0.01784505918590254,0.014725363400310144,0.063951440687748,0.2971524836042901,0.0988625,0.101325
0.1,0.1,0.0,0.001,0.00099,0.0,0,unit_total_var,0.02240506329113924,1.3070488645520402,0.9997125,1.3070488767396644,1.3070488645520402,4.049594615196384e-08,8.242005833380972e-07,0.018200336424766168,0.013924755927930743,0.060474446613499176,0.2971524836042901,0.0988625,0.101325
0.1,0.1,0.0,0.001,0.00099,0.0,0,unit_total_var,0.028607594936708863,1.413194893710805,0.9998125,1.4131948951068742,1.413194893710805,4.290315658295185e-09,9.442225490374769e-07,0.018842240013860638,0.013333079604034074,0.057904828988087916,0.2971524836042901,0.0988625,0.101325
0.1,0.1,0.0,0.001,0.00099,0.0,0,unit_total_var,0.03481012658227848,1.5268150714322832,0.99985,1.5268150714322832,1.5268150943784975,6.526929441363906e-08,9.465128201213702e-07,0.019752666862738487,0.012937170474881935,0.05618541748682896,0.2971524836042901,0.0988625,0.101325
0.1,0.1,0.0,0.001,0.00099,0.0,0,unit_total_var,0.0410126582278481,1.6385279060331042,0.999875,1.6385279060331042,1.6385279689364158,1.6672624614244572e-07,8.623466669632763e-07,0.020804146811273058,0.012696852299354579,0.05514172891150307,0.2971524836042901,0.0988625,0.101325
0.1,0.1,0.0,0.001,0.00099,0.0,0,unit_total_var,0.047215189873417725,1.7329638534275236,0.9998625,1.7329638534275236,1.7329639174132625,1.603533315019945e-07,7.108104327357978e-07,0.02174505709492651,0.012547899976054485,0.054494837190744085,0.2971524836042901,0.0988625,0.101325
0.1,0.1,0.0,0.001,0.00099,0.0,0,unit_total_var,0.05341772151898734,1.7970888153774969,0.9999,1.7970888153774969,1.7970888332988186,4.330966385523993e-08,9.317078877302263e-07,0.02233329525942744,0.012427485535675156,0.05397188392076197,0.2971524836042901,0.0988625,0.101325
0.1,0.1,0.0,0.001,0.00099,0.0,0,unit_total_var,0.05962025316455696,1.8287081730556984,0.9998875,1.828708210890364,1.8287081730556984,8.985242416770234e-08,9.812037689016506e-07,0.022499573855221,0.012303534367446451,0.0534335708368901,0.2971524836042901,0.0988625,0.101325
0.1,0.1,0.0,0.001,0.00099,0.0,0,unit_total_var,0.06582278481012659,1.8339437591340653,0.9998875,1.833943807089971,1.8339437591340653,1.1356392404238136e-07,7.858002533112084e-07,0.022325146972321,0.012173299677882313,0.0528679687665892,0.2971524836042901,0.0988625,0.101325
0.1,0.1,0.0,0.001,0.00099,0.0,0,unit_total_var,0.0720253164556962,1.8206977647061149,0.9999,1.8206977647061149,1.8206979184264167,3.666719301520515e-07,9.184306577481037e-07,0.02192977750223337,0.01204471051007916,0.052309513106494815,0.2971524836042901,0.0988625,0.101325
0.1,0.1,0.0,0.001,0.00099,0.0,0,unit_total_var,0.07822784810126583,1.795417418449388,0.9998875,1.7954174660824491,1.795417418449388,1.1521986476026314e-07,8.16349285059914e-07,0.02140921642175896,0.011924367114723116,0.05178686838112848,0.2971524836042901,0.0988625,0.101325
0.1,0.1,0.0,0.001,0.00099,0.0,0,unit_total_var,0.08443037974683544,1.7626049423493055,0.9999125,1.7626050064781156,1.7626049423493055,1.5800924657582982e-07,8.992219022729844e-07,0.02082505048050614,0.01181492799671222,0.05131158033056358,0.2971524836042901,0.0988625,0.101325
0.1,0.1,0.0,0.001,0.00099,0.0,0,unit_total_var,0.09063291139240506,1.7252231718713742,0.9999,1.725223247111294,1.7252231718713742,1.894032135574264e-07,8.426340478706605e-07,0.020213322362296515,0.011716352233068396,0.050883471228564466,0.2971524836042901,0.0988625,0.101325
0.1,0.1,0.0,0.001,0.00099,0.0,0,unit_total_var,0.09683544303797467,1.6851796674794168,0.9999125,1.6851797627907268,1.6851796674794168,2.456306327225377e-07,9.852833393608762e-07,0.01959429867622724,0.0116274240986631,0.05049726124798275,0.2971524836042901,0.0988625,0.101325
0.1,0.1,0.0,0.001,0.00099,0.0,0,unit_total_var,0.1030379746835443,1.6436919188334165,0.9999125,1.6436920257337662,1.6436919188334165,2.8245092664747057e-07,8.70640356254171e-07,0.018979266456123058,0.011546729796903354,0.05014681034822981,0.2971524836042901,0.0988625,0.101325
0.1,0.1,0.0,0.001,0.00099,0.0,0,unit_total_var,0.10924050632911393,1.6015322427996117,0.999925,1.6015322427996117,1.6015322444243256,4.405806830476422e-09,9.566847563036163e-07,0.018374702714991118,0.011473201865028084,0.04982748259743794,0.2989426301202117,0.0988625,0.101325
0.1,0.1,0.0,0.001,0.00099,0.0,0,unit_total_var,0.11544303797468355,1.5591877960502407,0.9999,1.5591879406643259,1.5591877960502407,4.0280648994084345e-07,9.496607003001144e-07,0.017784629305441002,0.011406342039421615,0.049537114064218915,0.2989426301202117,0.0988625,0.101325
0.1,0.1,0.0,0.001,0.00099,0.0,0,unit_total_var,0.12164556962025315,1.5169642420468383,0.9999125,1.5169643911308437,1.5169642420468383,4.2681531930988115e-07,9.573748229740886e-07,0.017211736845411232,0.01134617176090285,0.049275797864866085,0.2989426301202117,0.0988625,0.101325
0.1,0.1,0.0,0.001,0.00099,0.0,0,unit_total_var,0.12784810126582274,1.4750516528606523,0.999925,1.4750518180275738,1.4750516528606523,4.862953670858872e-07,9.619463394727743e-07,0.016657749407107576,0.011292993960450295,0.049044849611903134,0.2989426301202117,0.0988625,0.101325
0.1,0.1,0.0,0.001,0.00099,0.0,0,unit_total_var,0.1340506329113924,1.4335650201162085,0.999925,1.4335652025486163,1.4335650201162085,5.526738027228362e-07,9.677508181482606e-07,0.01612344567546595,0.011247097584844072,0.0488455241852517,0.2989426301202117,0.0988625,0.101325
0.1,0.1,0.0,0.001,0.00099,0.0,0,unit_total_var,0.14025316455696205,1.392569518087576,0.999925,1.3925697197898952,1.392569518087576,6.290400347275238e-07,9.777705844982165e-07,0.015608677313097131,0.011208544428383456,0.04867808995414371,0.2989426301202117,0.0988625,0.101325
0.1,0.1,0.0,0.001,0.00099,0.0,0,unit_total_var,0.14645569620253165,1.352098110987466,0.9999,1.3520983347669957,1.352098110987466,7.187807298247861e-07,9.938985510160594e-07,0.01511256769268027,0.011177123590272037,0.04854163098805808,0.2989426301202117,0.0988625,0.101325
0.1,0.1,0.0,0.001,0.00099,0.0,0,unit_total_var,0.15265822784810126,1.3121652699184845,0.9999125,1.3121655015114548,1.3121652699184845,7.665157932823519e-07,8.796353352380493e-07,0.014633862360104097,0.01115245365472384,0.048434490819283166,0.2989426301202117,0.0988625,0.101325
0.1,0.1,0.0,0.001,0.00099,0.0,0,unit_total_var,0.1588607594936709,1.272776894719838,0.9999125,1.2727771545012978,1.272776894719838,8.864212062142941e-07,9.091355259727152e-07,0.014171241924863198,0.01113411312198793,0.04835483889765944,0.2989426301202117,0.0988625,0.101325
0.1,0.1,0.0,0.001,0.00099,0.0,0,unit_total_var,0.1650632911392405,1.2339362349348766,0.9999375,1.2339365276815522,1.2339362349348766,1.030347007602295e-06,9.45581709821397e-07,0.013723463183119136,0.01112169559056949,0.04830091024392057,0.2989426301202117,0.0988625,0.101325
0.1,0.1,0.0,0.001,0.00099,0.0,0,unit_total_var,0.17126582278481015,1.19564631948707,0.9999375,1.1956466295058787,1.19564631948707,1.1260808335800119e-06,9.892490266949494e-07,0.013289368264482937,0.011114798789481531,0.04827095781736772,0.2989426301202117,0.0988625,0.101325
0.1,0.1,0.0,0.001,0.00099,0.0,0,unit_total_var,0.17746835443037975,1.1579104574052437,0.9999375,1.1579107869830527,1.1579104574052437,1.2361387933257362e-06,9.111341734424627e-07,0.01286787031280986,0.0111130098450319,0.04826318853033865,0.2989426301202117,0.0988625,0.101325
0.1,0.1,0.0,0.001,0.00099,0.0,0,unit_total_var,0.18367088607594936,1.1207314697164699,0.999925,1.1207318467582086,1.1207314697164699,1.4610736234210717e-06,9.66398859603146e-07,0.01245795268751921,0.011115912262792892,0.048275793570516416,0.2989426301202117,0.0988625,0.101325
0.1,0.1,0.0,0.001,0.00099,0.0,0,unit_total_var,0.18987341772151897,1.0841107954446667,0.99995,1.0841111769199454,1.0841107954446667,1.5281886321938387e-06,9.076714420075405e-07,0.012058668134148852,0.011123095706470463,0.048306990870018746,0.2989426301202117,0.0988625,0.101325
0.1,0.1,0.0,0.001,0.00099,0.0,0,unit_total_var,0.1960759493670886,1.0480475837248031,0.9999375,1.0480480250227322,1.0480475837248031,1.8286690242341754e-06,9.758445651542047e-07,0.01166910878449745,0.0111341402486946,0.04835495670744964,0.2989426301202117,0.0988625,0.101325
0.1,0.1,0.0,0.001,0.00099,0.0,0,unit_total_var,0.20227848101265825,1.0125388974965368,0.99995,1.012539364793238,1.0125388974965368,2.004311462758257e-06,9.880826521424524e-07,0.011288352495616652,0.01114856182170055,0.04841758880321812,0.2989426301202117,0.0988625,0.101325
0.1,0.1,0.0,0.001,0.00099,0.0,0,unit_total_var,0.20848101265822785,0.9775803477740262,0.99995,0.9775803477740262,0.97758035268455,2.1815223419374696e-08,9.243639720324379e-07,0.010915401885599266,0.011165733753193685,0.048492165554129024,0.2992500762677049,0.0988625,0.101325
0.1,0.1,0.0,0.001,0.00099,0.0,0,unit_total_var,0.21468354430379746,0.94316703288211,0.99995,0.943167590341604,0.94316703288211,2.5668996284644585e-06,9.94950509536352e-07,0.010549153827171476,0.011184820354604205,0.048575057610837774,0.2992500762677049,0.0988625,0.101325
0.1,0.1,0.0,0.001,0.00099,0.0,0,unit_total_var,0.2208860759493671,0.9092942277291506,0.99995,0.9092948179870592,0.9092942277291506,2.8191718540182538e-06,9.823269655484523e-07,0.010188423055971728,0.011204759411500993,0.048661651834684086,0.2992500762677049,0.0988625,0.101325
0.1,0.1,0.0,0.001,0.00099,0.0,0,unit_total_var,0.2270886075949367,0.8759570849955324,0.99995,0.8759577163709608,0.8759570849955324,3.1303219122369437e-06,9.803738847402599e-07,0.009832015914339404,0.011224312335334956,0.048746569103945724,0.2992500762677049,0.0988625,0.101325
0.1,0.1,0.0,0.001,0.00099,0.0,0,unit_total_var,0.23329113924050635,0.8431506010837787,0.99995,0.8431512833256629,0.8431506010837787,3.5141262472171415e-06,9.88901798226749e-07,0.009478846730542709,0.011242175144462544,0.04882414629829975,0.2992500762677049,0.0988625,0.101325
0.1,0.1,0.0,0.001,0.00099,0.0,0,unit_total_var,0.23949367088607595,0.8108700888771536,0.99995,0.8108707603679333,0.8108700888771536,3.596440706132853e-06,9.089717600829771e-07,0.009128063883665898,0.011257122452630995,0.04888906163286842,0.2992500762677049,0.0988625,0.101325
0.1,0.1,0.0,0.001,0.00099,0.0,0,unit_total_var,0.2456962025316456,0.7791120475598101,0.99995,0.7791127895100957,0.7791120475598101,4.1357948763476315e-06,9.382996535300949e-07,0.008779143609274719,0.01126813997649134,0.048936910131036265,0.2992500762677049,0.0988625,0.101325
0.1,0.1,0.0,0.001,0.00099,0.0,0,unit_total_var,0.2518987341772152,0.7478753991046884,0.99995,0.7478762261286053,0.7478753991046884,4.8025610330793e-06,9.774434879261664e-07,0.008431925406316253,0.011274505641461732,0.048964555862739116,0.2992500762677049,0.0988625,0.101325
0.1,0.1,0.0,0.001,0.00099,0.0,0,unit_total_var,0.2581012658227848,0.7171620661380024,0.9999375,0.7171629112682556,0.7171620661380024,5.117883481675634e-06,9.338050701579449e-07,0.008086580754325088,0.011275806593999354,0.0489702058278222,0.2992500762677049,0.0988625,0.101325
0.1,0.1,0.0,0.001,0.00099,0.0,0,unit_total_var,0.2643037974683544,0.6869770959322842,0.99995,0.6869780547226718,0.6869770959322842,6.061295005910239e-06,9.907775120332474e-07,0.007743534358015266,0.011271895968389829,0.04895322219659212,0.2992500762677049,0.0988625,0.101325
0.1,0.1,0.0,0.001,0.00099,0.0,0,unit_total_var,0.2705063291139241,0.6573286842352519,0.99995,0.6573296851019153,0.6573286842352519,6.612681729967207e-06,9.67653349448483e-07,0.007403358679357327,0.011262795701621524,0.0489137002401789,0.2992500762677049,0.0988625,0.101325
0.1,0.1,0.0,0.001,0.00099,0.0,0,unit_total_var,0.2767088607594937,0.6282271697879971,0.99995,0.6282282257937681,0.6282271697879971,7.300179233116211e-06,9.556001323574035e-07,0.007066655608299771,0.0112485673147255,0.04885190714102562,0.2992500762677049,0.0988625,0.101325
0.1,0.1,0.0,0.001,0.00099,0.0,0,unit_total_var,0.2829113924050633,0.5996846327711491,0.99995,0.5996857579118634,0.5996846327711491,8.148315271849782e-06,9.533561624586183e-07,0.0067339793473594756,0.011229201115662555,0.04876780080714085,0.2992500762677049,0.0988625,0.101325
0.1,0.1,0.0,0.001,0.00099,0.0,0,unit_total_var,0.2891139240506329,0.5717150247977021,0.99995,0.5717162340199337,0.5717150247977021,9.185660065025303e-06,9.59768357899904e-07,0.0064058290053139065,0.011204583975347808,0.04866088992515152,0.2992500762677049,0.0988625,0.101325
0.1,0.1,0.0,0.001,0.00099,0.0,0,unit_total_var,0.2953164556962025,0.544334996799124,0.99995,0.544336305689186,0.544334996799124,1.044288997142928e-05,9.735690109646809e-07,0.006082709892079642,0.011174570674029884,0.0485305438136908,0.2992500762677049,0.0988625,0.101325
0.1,0.1,0.0,0.001,0.00099,0.0,0,unit_total_var,0.3015189873417722,0.5175647922478833,0.99995,0.5175662089724538,0.5175647922478833,1.1887880134953122e-05,9.82967468754481e-07,0.00576521893995623,0.011139125045420452,0.0483766054045641,0.2992500762677049,0.0988625,0.101325
0.1,0.1,0.0,0.001,0.00099,0.0,0,unit_total_var,0.3077215189873418,0.4914285859314896,0.99995,0.4914285859314896,0.4914285998374177,1.2289207251825476e-07,9.62845039476079e-07,0.005454100116577319,0.011098459212011894,0.04819999593405077,0.2997744447386837,0.0988625,0.101325
0.1,0.1,0.0,0.001,0.00099,0.0,0,unit_total_var,0.3139240506329114,0.4659533925851173,0.99995,0.4659549745906929,0.4659533925851173,1.4745146969641354e-05,9.721701013098991e-07,0.0051502298521049535,0.011053100876745185,0.048003007186904284,0.2997744447386837,0.0988625,0.101325
0.1,0.1,0.0,0.001,0.00099,0.0,0,unit_total_var,0.320126582278481,0.4411659813627692,0.99995,0.4411676574914195,0.4411659813627692,1.6500185230139408e-05,9.35065039175953e-07,0.004854511132214746,0.011003820188535568,0.04778898387736597,0.2997744447386837,0.0988625,0.101325
0.1,0.1,0.0,0.001,0.00099,0.0,0,unit_total_var,0.3263291139240506,0.41708827566996826,0.99995,0.4170900577674381,0.41708827566996826,1.8556106442524367e-05,9.68399758827232e-07,0.0045677291086402005,0.010951468490220842,0.04756162334040248,0.2997744447386837,0.0988625,0.101325
0.1,0.1,0.0,0.001,0.00099,0.0,0,unit_total_var,0.3325316455696203,0.3937353413702265,0.99995,0.39373724624225853,0.3937353413702265,2.1010900576712288e-05,9.432645105000861e-07,0.004290509881092572,0.010896938705479923,0.047324803494278936,0.2997744447386837,0.0988625,0.101325
0.1,0.1,0.0,0.001,0.00099,0.0,0,unit_total_var,0.3387341772151899,0.371115586019978,0.99995,0.3711176339505121,0.371115586019978,2.396564600903872e-05,9.866690573456793e-07,0.004023362998721281,0.010841266576458728,0.04708302250998184,0.2997744447386837,0.0988625,0.101325
0.1,0.1,0.0,0.001,0.00099,0.0,0,unit_total_var,0.3449367088607595,0.3492335143571581,0.99995,0.3492356637158967,0.3492335143571581,2.6728585000412867e-05,9.755351808582444e-07,0.0037667027750868188,0.010785628011733848,0.04684138729357151,0.2997744447386837,0.0988625,0.101325
0.1,0.1,0.0,0.001,0.00099,0.0,0,unit_total_var,0.3511392405063291,0.32809143882887465,0.99995,0.3280937804430901,0.32809143882887465,3.099582564836112e-05,9.724388381204818e-07,0.0035208014784281006,0.010731159249371559,0.046604832464271086,0.2997744447386837,0.0988625,0.101325
0.1,0.1,0.0,0.001,0.00099,0.0,0,unit_total_var,0.3573417721518987,0.30769066435770864,0.99995,0.3076930884092208,0.30769066435770864,3.4214494315953914e-05,9.769525602942863e-07,0.003285753331485226,0.010678755360823505,0.046377245268004165,0.2997744447386837,0.0988625,0.101325
0.1,0.1,0.0,0.001,0.00099,0.0,0,unit_total_var,0.3635443037974684,0.2880310527962888,0.99995,0.2880336567621433,0.2880310527962888,3.9262533632289376e-05,9.89114767868671e-07,0.003061470029868043,0.010628958232615568,0.0461609790880508,0.2997744447386837,0.0988625,0.101325
0.1,0.1,0.0,0.001,0.00099,0.0,0,unit_total_var,0.369746835443038,0.26911080559768225,0.99995,0.2691135496234133,0.26911080559768225,4.428321467297991e-05,9.567508804098068e-07,0.0028477197743572323,0.010581959977536326,0.04595686825965084,0.2997744447386837,0.0988625,0.101325
0.1,0.1,0.0,0.001,0.00099,0.0,0,unit_total_var,0.3759493670886076,0.25092849946258033,0.99995,0.2509314877965987,0.25092849946258033,5.172028084388103e-05,9.827865127265414e-07,0.0026442225870892213,0.01053775315578907,0.045764880472177714,0.2997744447386837,0.0988625,0.101325
0.1,0.1,0.0,0.001,0.00099,0.0,0,unit_total_var,0.3821518987341772,0.2334872624165568,0.99995,0.23349036612248586,0.2334872624165568,5.772963311567736e-05,9.629291638502122e-07,0.0024507801681425373,0.010496419131293691,0.04558536908464572,0.2997744447386837,0.0988625,0.101325
0.1,0.1,0.0,0.001,0.00099,0.0,0,unit_total_var,0.3883544303797468,0.21679341071666794,0.9999375,0.2167967224505037,0.21679341071666794,6.63422721318696e-05,9.93003266280823e-07,0.0022672977147052235,0.010458333153254387,0.045419963783642166,0.2997744447386837,0.0988625,0.101325
0.1,0.1,0.0,0.001,0.00099,0.0,0,unit_total_var,0.3945569620253165,0.2008528509778166,0.99995,0.20085638517652005,0.2008528509778166,7.641761038890138e-05,9.774104281490281e-07,0.0020937121685730203,0.010424109781763877,0.04527133356973762,0.2997744447386837,0.0988625,0.101325
0.1,0.1,0.0,0.001,0.00099,0.0,0,unit_total_var,0.4007594936708861,0.18566808608991286,0.99995,0.18567183986053126,0.18566808608991286,8.780320951462528e-05,9.979000032411811e-07,0.0019299101736615898,0.010394409800330462,0.04514234818924599,0.2997744447386837,0.0988625,0.101325
0.1,0.1,0.0,0.001,0.00099,0.0,0,unit_total_var,0.4069620253164557,0.17123915029490488,0.99995,0.17123916783796872,0.17123915029490488,4.449248560689511e-07,9.941161226989514e-07,0.0017757096967780579,0.010369764704624869,0.045035315898536835,0.2999984038935044,0.0988625,0.101325
0.1,0.1,0.0,0.001,0.00099,0.0,0,unit_total_var,0.4131645569620253,0.15756442844934854,0.99995,0.15756862052867066,0.15756442844934854,0.00011554465158880588,9.801002712195306e-07,0.001630853276129407,0.010350389946381006,0.04495117239260165,0.2999984038935044,0.0988625,0.101325
0.1,0.1,0.0,0.001,0.00099,0.0,0,unit_total_var,0.4193670886075949,0.14464084940693347,0.99995,0.14464520781122814,0.14464084940693347,0.00013086223051494983,9.646864267964794e-07,0.001495015931396814,0.010336056083235012,0.044888921215915034,0.2999984038935044,0.0988625,0.101325
0.1,0.1,0.0,0.001,0.00099,0.0,0,unit_total_var,0.4255696202531646,0.13246281912193367,0.99995,0.13246751296142922,0.13246281912193367,0.00015389016244782286,9.845824190390928e-07,0.001367827234690351,0.010326122029995822,0.044845778170867885,0.2999984038935044,0.0988625,0.101325
0.1,0.1,0.0,0.001,0.00099,0.0,0,unit_total_var,0.4317721518987342,0.12102113283605395,0.99995,0.12102597519175284,0.12102113283605395,0.00017376851777761718,9.634986822271152e-07,0.0012488785849732525,0.010319508301621129,0.04481705511348854,0.2999984038935044,0.0988625,0.101325
0.1,0.1,0.0,0.001,0.00099,0.0,0,unit_total_var,0.4379746835443038,0.1103016344647902,0.99995,0.11030679967666818,0.1103016344647902,0.0002033669316041653,9.755999920701972e-07,0.0011377123204936882,0.010314555409936936,0.04479554497820944,0.2999984038935044,0.0988625,0.101325
0.1,0.1,0.0,0.001,0.00099,0.0,0,unit_total_var,0.4441772151898734,0.10028789334074902,0.99995,0.1002933663093476,0.10028789334074902,0.00023699921585240702,9.819670922783794e-07,0.001033884993003124,0.010309170514633152,0.044772158675048836,0.2999984038935044,0.0988625,0.101325
0.1,0.1,0.0,0.001,0.00099,0.0,0,unit_total_var,0.450379746835443,0.09096283733643773,0.99995,0.09096858524166747,0.09096283733643773,0.00027442027212565284,9.805916441063543e-07,0.000937032249351589,0.010301264525048344,0.04473782339854218,0.2999984038935044,0.0988625,0.101325
0.1,0.1,0.0,0.001,0.00099,0.0,0,unit_total_var,0.4565822784810127,0.08230832177632356,0.9999375,0.08231429678087497,0.08230832177632356,0.00031525576860857996,9.704060444648557e-07,0.0008468800847533347,0.010289118602791684,0.04468507432840524,0.2999984038935044,0.0988625,0.101325
0.1,0.1,0.0,0.001,0.00099,0.0,0,unit_total_var,0.4627848101265823,0.07430381783923412,0.99995,0.07431016032786837,0.07430381783923412,0.00037069296589997686,9.819502873598118e-07,0.0007632176736328388,0.0102715808666004,0.04460890890787575,0.2999984038935044,0.0988625,0.101325
0.1,0.1,0.0,0.001,0.00099,0.0,0,unit_total_var,0.4689873417721519,0.06692656436721164,0.99995,0.06693320611456734,0.06692656436721164,0.0004309695465281038,9.816060240752657e-07,0.0006858770874592386,0.010248204041910456,0.04450738464820312,0.2999984038935044,0.0988625,0.101325
0.1,0.1,0.0,0.001,0.00099,0.0,0,unit_total_var,0.4751898734177215,0.06015164864462489,0.99995,0.060158609373386684,0.06015164864462489,0.0005025350530285522,9.984789939299077e-07,0.0006147074200921394,0.0102192946318699,0.0443818326756462,0.2999984038935044,0.0988625,0.101325
0.1,0.1,0.0,0.001,0.00099,0.0,0,unit_total_var,0.4813924050632911,0.053952280407465074,0.99995,0.05395946903665001,0.053952280407465074,0.0005786176219277905,9.72998632706168e-07,0.0005495393252334809,0.010185655195353787,0.044235738459113376,0.2999984038935044,0.0988625,0.101325
0.1,0.1,0.0,0.001,0.00099,0.0,0,unit_total_var,0.4875949367088608,0.04829805495449315,0.99995,0.04830560216921657,0.04829805495449315,0.0006785899855916709,9.941814676367457e-07,0.0004901368599588989,0.010148169743496088,0.044072941210178886,0.2999984038935044,0.0988625,0.101325
0.1,0.1,0.0,0.001,0.00099,0.0,0,unit_total_var,0.4937974683544304,0.04315646134322898,0.99995,0.04316429282052657,0.04315646134322898,0.0007880300439389032,9.770132547853858e-07,0.0004362081578960386,0.010107597896565665,0.04389673991775382,0.2999984038935044,0.0988625,0.101325
0.1,0.1,0.0,0.001,0.00099,0.0,0,unit_total_var,0.5,0.038493671235248265,0.99995,0.038501806283578126,0.038493671235248265,0.0009177179560886373,9.747445299523871e-07,0.00038741600508746617,0.010064407801475514,0.04370916771804853,0.2999984038935044,0.0988625,0.101325
0.1,0.1,1.0,0.001,-0.00099,0.0,0,unit_total_var,0.01,1.0159366476765477,0.9898375,1.015936647852123,1.0159366476765477,7.505526755657853e-10,9.565459606619695e-07,0.017718750067074438,0.017440802148044676,0.07574444132862182,0.2912798074824391,0.101325,0.101325
0.1,0.1,1.0,0.001,-0.00099,0.0,0,unit_total_var,0.016202531645569618,0.9673052956635448,0.990625,0.9673053016163,0.9673052956635448,2.6726295510037797e-08,9.552834541182163e-07,0.015721781095976606,0.016253173808163532,0.07058663698299883,0.2912798074824391,0.101325,0.101325
0.1,0.1,1.0,0.001,-0.00099,0.0,0,unit_total_var,0.02240506329113924,0.9150374327427666,0.9912375,0.9150374423090132,0.9150374327427666,4.5403258208676085e-08,8.280871455212945e-07,0.01423248046546481,0.015553987144333375,0.06755010788378102,0.2912798074824391,0.101325,0.101325
0.1,0.1,1.0,0.001,-0.00099,0.0,0,unit_total_var,0.028607594936708863,0.8630303842799855,0.9916125,0.8630304005487965,0.8630303842799855,8.186797306741768e-08,9.361973916099942e-07,0.01304930005228373,0.015120325182027725,0.06566673791137423,0.2912798074824391,0.101325,0.101325
0.1,0.1,1.0,0.001,-0.00099,0.0,0,unit_total_var,0.03481012658227848,0.8126654875386421,0.99195,0.8126655113530661,0.8126654875386421,1.2726605214119502e-07,8.810223448563195e-07,0.012092047949834216,0.014879489944205659,0.06462080376303443,0.2912798074824391,0.101325,0.101325
0.1,0.1,1.0,0.001,-0.00099,0.0,0,unit_total_var,0.0410126582278481,0.7643676198169824,0.9922375,0.7643676513464613,0.7643676198169824,1.791425758845833e-07,8.697856941353165e-07,0.011321442176607814,0.014811514620829415,0.0643255906845555,0.2912798074824391,0.101325,0.101325
0.1,0.1,1.0,0.001,-0.00099,0.0,0,unit_total_var,0.047215189873417725,0.7179877708114479,0.9924,0.7179878142796694,0.7179877708114479,2.6292938204441896e-07,9.182085651815441e-07,0.010675612082492923,0.01486879375456168,0.06457435080163673,0.2912798074824391,0.101325,0.101325
0.1,0.1,1.0,0.001,-0.00099,0.0,0,unit_total_var,0.05341772151898734,0.6731968640777207,0.9924875,0.6731969213905185,0.6731968640777207,3.6973776995630203e-07,8.650454397240992e-07,0.010089390927568484,0.014987281530776206,0.06508893667546628,0.2912798074824391,0.101325,0.101325
0.1,0.1,1.0,0.001,-0.00099,0.0,0,unit_total_var,0.05962025316455696,0.6298615172361359,0.9926125,0.6298615881543784,0.6298615172361359,4.889868456814385e-07,8.543624154810914e-07,0.009532948989871622,0.0151349919450591,0.06573043485389331,0.2912798074824391,0.101325,0.101325
0.1,0.1,1.0,0.001,-0.00099,0.0,0,unit_total_var,0.06582278481012659,0.58801203491056,0.9927375,0.5880121242313511,0.58801203491056,6.597062882640614e-07,8.731676572892866e-07,0.00900019784527113,0.015306145641458026,0.06647374591292729,0.2912798074824391,0.101325,0.101325
0.1,0.1,1.0,0.001,-0.00099,0.0,0,unit_total_var,0.0720253164556962,0.5476647053241217,0.9928,0.5476648206559391,0.5476647053241217,9.145735724302996e-07,9.271458516479924e-07,0.008484057561792215,0.015491335262824975,0.06727801421958146,0.2912798074824391,0.101325,0.101325
0.1,0.1,1.0,0.001,-0.00099,0.0,0,unit_total_var,0.07822784810126583,0.5087602848576785,0.99295,0.508760419300064,0.5087602848576785,1.1476441885704958e-06,8.971690750314566e-07,0.007971817851438693,0.015669104072596276,0.06805005435096331,0.2912798074824391,0.101325,0.101325
0.1,0.1,1.0,0.001,-0.00099,0.0,0,unit_total_var,0.08443037974683544,0.4712042632591281,0.9930625,0.471204428997311,0.4712042632591281,1.5275576052964368e-06,9.244256329310473e-07,0.007450518136407105,0.01581165264693257,0.0686691349433376,0.2912798074824391,0.101325,0.101325
0.1,0.1,1.0,0.001,-0.00099,0.0,0,unit_total_var,0.09063291139240506,0.4348992229807839,0.9931375,0.4348994145291589,0.4348992229807839,1.9128197878970354e-06,8.972745435542606e-07,0.00691358566586545,0.01589698325621274,0.06903972107081577,0.2912798074824391,0.101325,0.101325
0.1,0.1,1.0,0.001,-0.00099,0.0,0,unit_total_var,0.09683544303797467,0.39976956899041294,0.9932625,0.399769805410802,0.39976956899041294,2.56838058598774e-06,9.333419308532599e-07,0.006364387772457303,0.015920140666359547,0.06914029242523509,0.2912798074824391,0.101325,0.101325
0.1,0.1,1.0,0.001,-0.00099,0.0,0,unit_total_var,0.1030379746835443,0.3658047891589232,0.99335,0.3658050668911044,0.3658047891589232,3.2973189938445566e-06,9.352342345003706e-07,0.00581336374597925,0.015891983698041866,0.06901800826556015,0.2912798074824391,0.101325,0.101325
0.1,0.1,1.0,0.001,-0.00099,0.0,0,unit_total_var,0.10924050632911393,0.33305578939305985,0.99345,0.3330557940494187,0.33305578939305985,6.07174834854618e-08,9.590309741902556e-07,0.005271388663468288,0.015827344340942216,0.06873728310453864,0.2988988843375309,0.101325,0.101325
0.1,0.1,1.0,0.001,-0.00099,0.0,0,unit_total_var,0.11544303797468355,0.3015772943280233,0.9935125,0.3015776918920797,0.3015772943280233,5.7252241916216926e-06,9.621140040216858e-07,0.004744588886471912,0.015732579924638692,0.06832572647372458,0.2988988843375309,0.101325,0.101325
0.1,0.1,1.0,0.001,-0.00099,0.0,0,unit_total_var,0.12164556962025315,0.2714326443393599,0.993575,0.2714331133644173,0.2714326443393599,7.504433330751682e-06,9.294896474720815e-07,0.004236707444602764,0.015608687948770818,0.06778767045900952,0.2988988843375309,0.101325,0.101325
0.1,0.1,1.0,0.001,-0.00099,0.0,0,unit_total_var,0.12784810126582274,0.24274166986203816,0.9936125,0.2427422170019064,0.24274166986203816,9.78898917125548e-06,9.340587225903364e-07,0.003753928910610032,0.015464707451108709,0.06716237110264614,0.2988988843375309,0.101325,0.101325
0.1,0.1,1.0,0.001,-0.00099,0.0,0,unit_total_var,0.1340506329113924,0.21563031058790424,0.9936875,0.21563096931954906,0.21563031058790424,1.3267294409757826e-05,9.742334086126905e-07,0.003302622484340577,0.015316132854124991,0.06651711982643586,0.2988988843375309,0.101325,0.101325
0.1,0.1,1.0,0.001,-0.00099,0.0,0,unit_total_var,0.14025316455696205,0.19014939928004468,0.9937125,0.1901501551228664,0.19014939928004468,1.72631475816587e-05,9.37723410254776e-07,0.0028852701204944184,0.015173700949983566,0.06589854592627993,0.2988988843375309,0.101325,0.101325
0.1,0.1,1.0,0.001,-0.00099,0.0,0,unit_total_var,0.14645569620253165,0.1662884261346256,0.99375,0.1662893001389432,0.1662884261346256,2.2826258183172847e-05,9.742415363334091e-07,0.002502259766498969,0.015047708518650374,0.06535136774938413,0.2988988843375309,0.101325,0.101325
0.1,0.1,1.0,0.001,-0.00099,0.0,0,unit_total_var,0.15265822784810126,0.14405095015551272,0.9938125,0.1440519759637516,0.14405095015551272,3.0926645809614683e-05,9.641654982184278e-07,0.002152719229511412,0.01494415154629252,0.06490162553280789,0.2988988843375309,0.101325,0.101325
0.1,0.1,1.0,0.001,-0.00099,0.0,0,unit_total_var,0.1588607594936709,0.12343035406896798,0.99385,0.12343156755873212,0.12343035406896798,4.2696897514460375e-05,9.894990068426424e-07,0.0018340809753461227,0.014859237739213734,0.06453284955429074,0.2988988843375309,0.101325,0.101325
0.1,0.1,1.0,0.001,-0.00099,0.0,0,unit_total_var,0.1650632911392405,0.10443909336550833,0.9938875,0.10444047985158117,0.10443909336550833,5.765458454476403e-05,9.778478403665858e-07,0.0015453951775134275,0.014797094916411868,0.06426296670396332,0.2988988843375309,0.101325,0.101325
0.1,0.1,1.0,0.001,-0.00099,0.0,0,unit_total_var,0.17126582278481015,0.08714613372093871,0.9938875,0.08714776156274755,0.08714613372093871,8.112306100649391e-05,9.717451625590456e-07,0.0012883349418611985,0.01478361559890578,0.06420442677183616,0.2988988843375309,0.101325,0.101325
0.1,0.1,1.0,0.001,-0.00099,0.0,0,unit_total_var,0.17746835443037975,0.07161826313492968,0.99395,0.0716201649065901,0.07161826313492968,0.00011532225664723228,9.673964352363562e-07,0.0010623385421283439,0.014833346909389375,0.06442040710904458,0.2988988843375309,0.101325,0.101325
0.1,0.1,1.0,0.001,-0.00099,0.0,0,unit_total_var,0.18367088607594936,0.05786879252408955,0.9939875,0.05787103040170754,0.05786879252408955,0.00016794528904817696,9.923441424142254e-07,0.0008637132585294879,0.014925372050400782,0.06482006721842082,0.2988988843375309,0.101325,0.101325
0.1,0.1,1.0,0.001,-0.00099,0.0,0,unit_total_var,0.18987341772151897,0.04585070304738334,0.9940000000000001,0.04585327600291349,0.04585070304738334,0.000243701614868641,9.722854079075027e-07,0.0006881582571964817,0.015008674054252134,0.06518184322446208,0.2988988843375309,0.101325,0.101325
0.1,0.1,1.0,0.001,-0.00099,0.0,0,unit_total_var,0.1960759493670886,0.035546595060377134,0.9940000000000001,0.03554961166386158,0.035546595060377134,0.0003685412509426556,9.86688970583405e-07,0.0005344927751637772,0.015036398683359757,0.06530224975880462,0.2988988843375309,0.101325,0.101325
0.1,0.1,1.0,0.001,-0.00099,0.0,0,unit_total_var,0.20227848101265825,0.02694373807679056,0.993975,0.02694719145890187,0.02694373807679056,0.0005566000845842467,9.871468916178294e-07,0.00040437935399222796,0.01500828700307779,0.06518016228256976,0.2988988843375309,0.101325,0.101325
0.1,0.1,1.0,0.001,-0.00099,0.0,0,unit_total_var,0.20848101265822785,0.01996639721779744,0.99395,0.01996639721779744,0.019966410127379892,2.8079971308159197e-06,9.8500416634284e-07,0.000298500388868189,0.014950137754552674,0.06492762330495698,0.3003369279502631,0.101325,0.101325
0.1,0.1,1.0,0.001,-0.00099,0.0,0,unit_total_var,0.21468354430379746,0.014432703041856296,0.9938875,0.014437268172998244,0.014432703041856296,0.0013734764512811635,9.924999582883176e-07,0.00021457874431755756,0.014867536849837309,0.06456889213377598,0.3003369279502631,0.101325,0.101325
0.1,0.1,1.0,0.001,-0.00099,0.0,0,unit_total_var,0.2208860759493671,0.010161425793275973,0.9938875,0.010166607250698756,0.010161425793275973,0.002213965719946032,9.915808793226064e-07,0.0001498962390842104,0.01475149670269697,0.06406493617795306,0.3003369279502631,0.101325,0.101325
0.1,0.1,1.0,0.001,-0.00099,0.0,0,unit_total_var,0.2270886075949367,0.006998053169442758,0.993825,0.0070037810265766815,0.006998053169442758,0.003553215743497873,9.842483846417285e-07,0.00010239821018803217,0.014632385280403053,0.06354764184361411,0.3003369279502631,0.101325,0.101325
0.1,0.1,1.0,0.001,-0.00099,0.0,0,unit_total_var,0.23329113924050635,0.004747860425810875,0.9937375,0.004753525030268021,0.004747860425810875,0.0051784168966655395,9.93267852390789e-07,6.894333111345432e-05,0.014520926255257315,0.06306358144782302,0.3003369279502631,0.101325,0.101325
0.1,0.1,1.0,0.001,-0.00099,0.0,0,unit_total_var,0.23949367088607595,0.0031783183402898057,0.9937,0.0031832627636504828,0.0031783183402898057,0.00675095130925385,9.961000044453328e-07,4.580345299837331e-05,0.014411222569416016,0.06258714439376978,0.3003369279502631,0.101325,0.101325
0.1,0.1,1.0,0.001,-0.00099,0.0,0,unit_total_var,0.2456962025316456,0.002108768567699091,0.9936375,0.0021129466521336627,0.002108768567699091,0.008596125095028384,9.866759595467123e-07,3.01326373115076e-05,0.014289210192650855,0.062057251374239675,0.3003369279502631,0.101325,0.101325
0.1,0.1,1.0,0.001,-0.00099,0.0,0,unit_total_var,0.2518987341772152,0.0013926135361745382,0.993575,0.0013961230072588179,0.0013926135361745382,0.010930718676014806,9.851393195890734e-07,1.9708554726456524e-05,0.014152206778483034,0.06146225310648978,0.3003369279502631,0.101325,0.101325
0.1,0.1,1.0,0.001,-0.00099,0.0,0,unit_total_var,0.2581012658227848,0.000920238083613354,0.9935125,0.0009231410514901392,0.000920238083613354,0.013678618231548256,9.897919338169856e-07,1.288883899976234e-05,0.014005983048597345,0.060827211516363076,0.3003369279502631,0.101325,0.101325
0.1,0.1,1.0,0.001,-0.00099,0.0,0,unit_total_var,0.2643037974683544,0.0006113292832860951,0.99345,0.0006137029647897376,0.0006113292832860951,0.016830219295620452,9.880354533350901e-07,8.468503675257737e-06,0.013852605963412642,0.060161103298901876,0.3003369279502631,0.101325,0.101325
0.1,0.1,1.0,0.001,-0.00099,0.0,0,unit_total_var,0.2705063291139241,0.0004094491127801647,0.993325,0.0004114024961457817,0.0004094491127801647,0.020669880131713114,9.959737130131596e-07,5.610429058943882e-06,0.01370238421289766,0.05950869852579685,0.3003369279502631,0.101325,0.101325
0.1,0.1,1.0,0.001,-0.00099,0.0,0,unit_total_var,0.2767088607594937,0.00027702602541768243,0.9932125,0.0002786120899584566,0.00027702602541768243,0.0247938695999963,9.924974715639495e-07,3.756934369839361e-06,0.013561665782754136,0.058897566148662636,0.3003369279502631,0.101325,0.101325
0.1,0.1,1.0,0.001,-0.00099,0.0,0,unit_total_var,0.2829113924050633,0.00018972455321294055,0.99315,0.0001910309057080838,0.00018972455321294055,0.029800959798279788,9.980116108306708e-07,2.5475113616009527e-06,0.013427420533923777,0.05831454644077511,0.3003369279502631,0.101325,0.101325
0.1,0.1,1.0,0.001,-0.00099,0.0,0,unit_total_var,0.2891139240506329,0.00013161483351047448,0.9930375,0.00013268101165389776,0.00013161483351047448,0.03503935492242505,9.911590570337028e-07,1.7502930197168014e-06,0.01329859996044827,0.05775508579861486,0.3003369279502631,0.101325,0.101325
0.1,0.1,1.0,0.001,-0.00099,0.0,0,unit_total_var,0.2953164556962025,9.250530212866866e-05,0.9929625,9.338333426571456e-05,9.250530212866866e-05,0.04102750500215535,9.897658024031128e-07,1.2186566264960226e-06,0.013173911099722187,0.05721356895693345,0.3003369279502631,0.101325,0.101325
0.1,0.1,1.0,0.001,-0.00099,0.0,0,unit_total_var,0.3015189873417722,6.587924163853634e-05,0.99285,6.661178271515822e-05,6.587924163853634e-05,0.048024655368877234,9.96410757576893e-07,8.59886993681747e-07,0.013052472558802994,0.056686168074817564,0.3003369279502631,0.101325,0.101325
0.1,0.1,1.0,0.001,-0.00099,0.0,0,unit_total_var,0.3077215189873418,4.753757755951439e-05,0.992775,4.753757755951439e-05,4.7538333092393075e-05,6.902353242566049e-05,9.880299993453995e-07,6.148369410548971e-07,0.01293370366391,0.056170361318079835,0.3006993466257029,0.101325,0.101325
0.1,0.1,1.0,0.001,-0.00099,0.0,0,unit_total_var,0.3139240506329114,3.473889271990084e-05,0.9927375,3.5247392956604555e-05,3.473889271990084e-05,0.06311028822447895,9.875144311869213e-07,4.4525451711888496e-07,0.012817176434176106,0.055664289989430786,0.3006993466257029,0.101325,0.101325
0.1,0.1,1.0,0.001,-0.00099,0.0,0,unit_total_var,0.320126582278481,2.569731510396371e-05,0.9926625,2.612259588712513e-05,2.569731510396371e-05,0.07128582070791367,9.875927555560472e-07,3.2642339370344986e-07,0.012702626417695302,0.0551668055888354,0.3006993466257029,0.101325,0.101325
0.1,0.1,1.0,0.001,-0.00099,0.0,0,unit_total_var,0.3263291139240506,1.923175248672993e-05,0.9925875,1.959429691590036e-05,1.923175248672993e-05,0.08110823730285688,9.860320429569587e-07,2.421250691925049e-07,0.012589859887161776,0.05467706676929456,0.3006993466257029,0.101325,0.101325
0.1,0.1,1.0,0.001,-0.00099,0.0,0,unit_total_var,0.3325316455696203,1.4550686965575094e-05,0.9925125,1.4860755746859567e-05,1.4550686965575094e-05,0.0915739844988792,9.991050154006807e-07,1.8157332560898725e-07,0.012478677195005606,0.05419420647242882,0.3006993466257029,0.101325,0.101325
0.1,0.1,1.0,0.001,-0.00099,0.0,0,unit_total_var,0.3387341772151899,1.112726871748398e-05,0.9924875,1.1393076930387813e-05,1.112726871748398e-05,0.10252453760735848,9.91233185420725e-07,1.3763367357915018e-07,0.012369043749513307,0.05371807446833536,0.3006993466257029,0.101325,0.101325
0.1,0.1,1.0,0.001,-0.00099,0.0,0,unit_total_var,0.3449367088607595,8.592502452284235e-06,0.9924375,8.822803128284891e-06,8.592502452284235e-06,0.1148692374711402,9.972301452908228e-07,1.053505165922593e-07,0.012260749086461171,0.053247756722504216,0.3006993466257029,0.101325,0.101325
0.1,0.1,1.0,0.001,-0.00099,0.0,0,unit_total_var,0.3511392405063291,6.697876653346978e-06,0.9923875,6.8973609039614506e-06,6.697876653346978e-06,0.12745805610151706,9.97621988319333e-07,8.140445730932306e-08,0.012153770742948012,0.052783155679795066,0.3006993466257029,0.101325,0.101325
0.1,0.1,1.0,0.001,-0.00099,0.0,0,unit_total_var,0.3573417721518987,5.267754706345423e-06,0.9923,5.44031539685444e-06,5.267754706345423e-06,0.13998534433213194,9.921474458586977e-07,6.346622572228263e-08,0.01204806018128228,0.05232406054369186,0.3006993466257029,0.101325,0.101325
0.1,0.1,1.0,0.001,-0.00099,0.0,0,unit_total_var,0.3635443037974684,4.1768015183974585e-06,0.9922625,4.328573655173954e-06,4.1768015183974585e-06,0.15500973805345095,9.982688844681776e-07,4.9885623073119685e-08,0.011943498596567173,0.051869955351083546,0.3006993466257029,0.101325,0.101325
0.1,0.1,1.0,0.001,-0.00099,0.0,0,unit_total_var,0.369746835443038,3.33843215571552e-06,0.992175,3.4713956233831827e-06,3.33843215571552e-06,0.16961556745836506,9.951691292140515e-07,3.9527571023907386e-08,0.011840160045257987,0.05142116172506899,0.3006993466257029,0.101325,0.101325
0.1,0.1,1.0,0.001,-0.00099,0.0,0,unit_total_var,0.3759493670886076,2.6887435397372747e-06,0.99205,2.805843558217848e-06,2.6887435397372747e-06,0.18514073058483405,9.831826010436341e-07,3.1560573620465266e-08,0.011738037917721655,0.050977650960376514,0.3006993466257029,0.101325,0.101325
0.1,0.1,1.0,0.001,-0.00099,0.0,0,unit_total_var,0.3821518987341772,2.1802328469499752e-06,0.991925,2.2838601038941e-06,2.1802328469499752e-06,0.20166619661657134,9.820652741208099e-07,2.5371345562826427e-08,0.011636988956624305,0.050538800898310136,0.3006993466257029,0.101325,0.101325
0.1,0.1,1.0,0.001,-0.00099,0.0,0,unit_total_var,0.3883544303797468,1.7792258693135917e-06,0.991775,1.8721291180761726e-06,1.7792258693135917e-06,0.22104713670547227,9.89576694880286e-07,2.052690440429759e-08,0.011536986258083505,0.050104494696793116,0.3006993466257029,0.101325,0.101325
0.1,0.1,1.0,0.001,-0.00099,0.0,0,unit_total_var,0.3945569620253165,1.4614914365435338e-06,0.9916625,1.5441473300342643e-06,1.4614914365435338e-06,0.23892459841583505,9.858548677662074e-07,1.6716771056849913e-08,0.011438158745825787,0.04967529226445559,0.3006993466257029,0.101325,0.101325
0.1,0.1,1.0,0.001,-0.00099,0.0,0,unit_total_var,0.4007594936708861,1.207345267226085e-06,0.99165,1.2817208076126112e-06,1.207345267226085e-06,0.25961950739729645,9.897661291098734e-07,1.3691692358658424e-08,0.011340328844055959,0.04925042239941785,0.3006993466257029,0.101325,0.101325
0.1,0.1,1.0,0.001,-0.00099,0.0,0,unit_total_var,0.4069620253164557,1.0033243792498574e-06,0.991525,1.0033243792498574e-06,1.0034503255928984e-06,0.0005451314663176278,9.828963022934106e-07,1.1281021393882125e-08,0.01124364325953732,0.04883052224105749,0.7168281952450002,0.101325,0.101325
0.1,0.1,1.0,0.001,-0.00099,0.0,0,unit_total_var,0.4131645569620253,8.381626890822795e-07,0.991475,8.987607511446104e-07,8.381626890822795e-07,0.3031577427950438,9.78284877758647e-07,9.34380182138347e-09,0.011147957243973931,0.048414963155512615,0.7168281952450002,0.101325,0.101325
0.1,0.1,1.0,0.001,-0.00099,0.0,0,unit_total_var,0.4193670886075949,7.033925865787085e-07,0.9914125,7.58478873870966e-07,7.033925865787085e-07,0.32745702013763633,9.85687847628687e-07,7.774680952400222e-09,0.01105311756300441,0.04800307965440733,0.7168281952450002,0.101325,0.101325
0.1,0.1,1.0,0.001,-0.00099,0.0,0,unit_total_var,0.4255696202531646,5.929632585296863e-07,0.9913,6.430044261093583e-07,5.929632585296863e-07,0.35186178155218784,9.97527281472693e-07,6.498380747386897e-09,0.0109591625685212,0.047595038297894236,0.7168281952450002,0.101325,0.101325
0.1,0.1,1.0,0.001,-0.00099,0.0,0,unit_total_var,0.4317721518987342,5.024550916537072e-07,0.9912125,5.483373814474767e-07,5.024550916537072e-07,0.3795060223955957,9.931772236863778e-07,5.4598540175839825e-09,0.010866352253719264,0.04719196822207241,0.7168281952450002,0.101325,0.101325
0.1,0.1,1.0,0.001,-0.00099,0.0,0,unit_total_var,0.4379746835443038,4.275247029728082e-07,0.9911,4.695173848446724e-07,4.275247029728082e-07,0.4069046361498465,9.921320022016024e-07,4.606326047651376e-09,0.010774409094073685,0.04679266415324415,0.7168281952450002,0.101325,0.101325
0.1,0.1,1.0,0.001,-0.00099,0.0,0,unit_total_var,0.4441772151898734,3.654846584170727e-07,0.99095,4.0337075566853105e-07,3.654846584170727e-07,0.4283525698754361,9.785672936608349e-07,3.904680176950544e-09,0.010683567933772805,0.04639814600676053,0.7168281952450002,0.101325,0.101325
0.1,0.1,1.0,0.001,-0.00099,0.0,0,unit_total_var,0.450379746835443,3.132353308802305e-07,0.9908625,3.4840297620587985e-07,3.132353308802305e-07,0.4621111457590814,9.904536342518824e-07,3.3181510385019853e-09,0.010593157001726356,0.04600549631784552,0.7168281952450002,0.101325,0.101325
0.1,0.1,1.0,0.001,-0.00099,0.0,0,unit_total_var,0.4565822784810127,2.696956603647459e-07,0.990725,3.0190173405152026e-07,2.696956603647459e-07,0.4899164917695345,9.847193444556816e-07,2.832857282255954e-09,0.010503903838959432,0.04561787475702464,0.7168281952450002,0.101325,0.101325
0.1,0.1,1.0,0.001,-0.00099,0.0,0,unit_total_var,0.4627848101265823,2.3293209751625252e-07,0.990575,2.630079102371195e-07,2.3293209751625252e-07,0.5273947308980667,9.851910284155844e-07,2.4260707663660227e-09,0.010415356201378588,0.04523331725315534,0.7168281952450002,0.101325,0.101325
0.1,0.1,1.0,0.001,-0.00099,0.0,0,unit_total_var,0.4689873417721519,2.0178027289609196e-07,0.9904625,2.2942694347978698e-07,2.0178027289609196e-07,0.5576571425164758,9.901843851906305e-07,2.083886967376285e-09,0.010327505942314769,0.04485178842570346,0.7168281952450002,0.101325,0.101325
0.1,0.1,1.0,0.001,-0.00099,0.0,0,unit_total_var,0.4751898734177215,1.7534995579540053e-07,0.9904125,2.0106020975047163e-07,1.7534995579540053e-07,0.5942047055010846,9.939753064416425e-07,1.7956629545431316e-09,0.01024045284983318,0.04447372164872978,0.7168281952450002,0.101325,0.101325
0.1,0.1,1.0,0.001,-0.00099,0.0,0,unit_total_var,0.4813924050632911,1.5304402861453558e-07,0.9903375,1.7691308672207111e-07,1.5304402861453558e-07,0.6294357078549382,9.796212410691858e-07,1.5541049712782265e-09,0.010154626647946346,0.04410098318990812,0.7168281952450002,0.101325,0.101325
0.1,0.1,1.0,0.001,-0.00099,0.0,0,unit_total_var,0.4875949367088608,1.3385205889576947e-07,0.9901375,1.5595530744920288e-07,1.3385205889576947e-07,0.6637510335551724,9.762293450274787e-07,1.347796082430665e-09,0.010069296606637879,0.043730399529099684,0.7168281952450002,0.101325,0.101325
0.1,0.1,1.0,0.001,-0.00099,0.0,0,unit_total_var,0.4937974683544304,1.1718293012682912e-07,0.99,1.3786519316681788e-07,1.1718293012682912e-07,0.7059028044117781,9.930085537085724e-07,1.1699683473945638e-09,0.009984119240987459,0.04336047893024937,0.7168281952450002,0.101325,0.101325
0.1,0.1,1.0,0.001,-0.00099,0.0,0,unit_total_var,0.5,1.0309855093559962e-07,0.9898875,1.2252169548023986e-07,1.0309855093559962e-07,0.7496043677446664,9.800073159323456e-07,1.0207310894392761e-09,0.009900537691134713,0.04299748887134966,0.7168281952450002,0.101325,0.101325
0.1,0.1,1.0,0.001,-0.001,0.0,0,unit_total_var,0.01,1.0149675067677295,0.0,1.0149675067677295,1.0149675067677295,0.0,7.681291691596924e-07,0.01792739373172596,0.017663022325530034,0.07670953129711634,0.29773810102443066,0.101325,0.101325
0.1,0.1,1.0,0.001,-0.001,0.0,0,unit_total_var,0.016202531645569618,1.0149675067677295,0.0,1.0149675067677295,1.0149675067677295,0.0,9.293414677813415e-07,0.01792739373172596,0.017663022325530034,0.07670953129711634,0.29773810102443066,0.101325,0.101325
0.1,0.1,1.0,0.001,-0.001,0.0,0,unit_total_var,0.02240506329113924,1.0149675067677295,0.0,1.0149675067677295,1.0149675067677295,0.0,9.832078831095714e-07,0.01792739373172596,0.017663022325530034,0.07670953129711634,0.29773810102443066,0.101325,0.101325
0.1,0.1,1.0,0.001,-0.001,0.0,0,unit_total_var,0.028607594936708863,1.0149675067677295,0.0,1.0149675067677295,1.0149675067677295,0.0,9.899752910769164e-07,0.01792739373172596,0.017663022325530034,0.07670953129711634,0.29773810102443066,0.101325,0.101325
0.1,0.1,1.0,0.001,-0.001,0.0,0,unit_total_var,0.03481012658227848,1.0149675067677295,0.0,1.0149675067677295,1.0149675067677295,0.0,8.495787895412831e-07,0.01792739373172596,0.017663022325530034,0.07670953129711634,0.29773810102443066,0.101325,0.101325
0.1,0.1,1.0,0.001,-0.001,0.0,0,unit_total_var,0.0410126582278481,1.0149675067677295,0.0,1.0149675067677295,1.0149675067677295,0.0,7.901432468315761e-07,0.01792739373172596,0.017663022325530034,0.07670953129711634,0.29773810102443066,0.101325,0.101325
0.1,0.1,1.0,0.001,-0.001,0.0,0,unit_total_var,0.047215189873417725,1.0149675067677295,0.0,1.0149675067677295,1.0149675067677295,0.0,7.767270489011934e-07,0.01792739373172596,0.017663022325530034,0.07670953129711634,0.29773810102443066,0.101325,0.101325
0.1,0.1,1.0,0.001,-0.001,0.0,0,unit_total_var,0.05341772151898734,1.0149675067677295,0.0,1.0149675067677295,1.0149675067677295,0.0,7.951329017430453e-07,0.01792739373172596,0.017663022325530034,0.07670953129711634,0.29773810102443066,0.101325,0.101325
0.1,0.1,1.0,0.001,-0.001,0.0,0,unit_total_var,0.05962025316455696,1.0149675067677295,0.0,1.0149675067677295,1.0149675067677295,0.0,8.395883135392523e-07,0.01792739373172596,0.017663022325530034,0.07670953129711634,0.29773810102443066,0.101325,0.101325
0.1,0.1,1.0,0.001,-0.001,0.0,0,unit_total_var,0.06582278481012659,1.0149675067677295,0.0,1.0149675067677295,1.0149675067677295,0.0,9.084776095846793e-07,0.01792739373172596,0.017663022325530034,0.07670953129711634,0.29773810102443066,0.101325,0.101325
0.1,0.1,1.0,0.001,-0.001,0.0,0,unit_total_var,0.0720253164556962,1.0149675067677295,0.0,1.0149675067677295,1.0149675067677295,0.0,7.520087077494964e-07,0.01792739373172596,0.017663022325530034,0.07670953129711634,0.29773810102443066,0.101325,0.101325
0.1,0.1,1.0,0.001,-0.001,0.0,0,unit_total_var,0.07822784810126583,1.0149675067677295,0.0,1.0149675067677295,1.0149675067677295,0.0,8.436775136289043e-07,0.01792739373172596,0.017663022325530034,0.07670953129711634,0.29773810102443066,0.101325,0.101325
0.1,0.1,1.0,0.001,-0.001,0.0,0,unit_total_var,0.08443037974683544,1.0149675067677295,0.0,1.0149675067677295,1.0149675067677295,0.0,9.596251970833693e-07,0.01792739373172596,0.017663022325530034,0.07670953129711634,0.29773810102443066,0.101325,0.101325
0.1,0.1,1.0,0.001,-0.001,0.0,0,unit_total_var,0.09063291139240506,1.0149675067677295,0.0,1.0149675067677295,1.0149675067677295,0.0,8.282798500403031e-07,0.01792739373172596,0.017663022325530034,0.07670953129711634,0.29773810102443066,0.101325,0.101325
0.1,0.1,1.0,0.001,-0.001,0.0,0,unit_total_var,0.09683544303797467,1.0149675067677295,0.0,1.0149675067677295,1.0149675067677295,0.0,9.628978840936495e-07,0.01792739373172596,0.017663022325530034,0.07670953129711634,0.29773810102443066,0.101325,0.101325
0.1,0.1,1.0,0.001,-0.001,0.0,0,unit_total_var,0.1030379746835443,1.0149675067677295,0.0,1.0149675067677295,1.0149675067677295,0.0,8.469716021863859e-07,0.01792739373172596,0.017663022325530034,0.07670953129711634,0.29773810102443066,0.101325,0.101325
0.1,0.1,1.0,0.001,-0.001,0.0,0,unit_total_var,0.10924050632911393,1.0149675067677295,0.0,1.0149675067677295,1.0149675067677295,0.0,9.364814594903237e-07,0.01792739373172596,0.017663022325530034,0.07670953129711634,0.2940946955718572,0.101325,0.101325
0.1,0.1,1.0,0.001,-0.001,0.0,0,unit_total_var,0.11544303797468355,1.0149675067677295,0.0,1.0149675067677295,1.0149675067677295,0.0,8.934860815656975e-07,0.01792739373172596,0.017663022325530034,0.07670953129711634,0.2940946955718572,0.101325,0.101325
0.1,0.1,1.0,0.001,-0.001,0.0,0,unit_total_var,0.12164556962025315,1.0149675067677295,0.0,1.0149675067677295,1.0149675067677295,0.0,8.023709554549895e-07,0.01792739373172596,0.017663022325530034,0.07670953129711634,0.2940946955718572,0.101325,0.101325
0.1,0.1,1.0,0.001,-0.001,0.0,0,unit_total_var,0.12784810126582274,1.0149675067677295,0.0,1.0149675067677295,1.0149675067677295,0.0,9.660228563745932e-07,0.01792739373172596,0.017663022325530034,0.07670953129711634,0.2940946955718572,0.101325,0.101325
0.1,0.1,1.0,0.001,-0.001,0.0,0,unit_total_var,0.1340506329113924,1.0149675067677295,0.0,1.0149675067677295,1.0149675067677295,0.0,8.766269719018281e-07,0.01792739373172596,0.017663022325530034,0.07670953129711634,0.2940946955718572,0.101325,0.101325
0.1,0.1,1.0,0.001,-0.001,0.0,0,unit_total_var,0.14025316455696205,1.0149675067677295,0.0,1.0149675067677295,1.0149675067677295,0.0,7.990913752919937e-07,0.01792739373172596,0.017663022325530034,0.07670953129711634,0.2940946955718572,0.101325,0.101325
0.1,0.1,1.0,0.001,-0.001,0.0,0,unit_total_var,0.14645569620253165,1.0149675067677295,0.0,1.0149675067677295,1.0149675067677295,0.0,9.752091774117844e-07,0.01792739373172596,0.017663022325530034,0.07670953129711634,0.2940946955718572,0.101325,0.101325
0.1,0.1,1.0,0.001,-0.001,0.0,0,unit_total_var,0.15265822784810126,1.0149675067677295,0.0,1.0149675067677295,1.0149675067677295,0.0,8.959633266414356e-07,0.01792739373172596,0.017663022325530034,0.07670953129711634,0.2940946955718572,0.101325,0.101325
0.1,0.1,1.0,0.001,-0.001,0.0,0,unit_total_var,0.1588607594936709,1.0149675067677295,0.0,1.0149675067677295,1.0149675067677295,0.0,8.259996535642243e-07,0.01792739373172596,0.017663022325530034,0.07670953129711634,0.2940946955718572,0.101325,0.101325
0.1,0.1,1.0,0.001,-0.001,0.0,0,unit_total_var,0.1650632911392405,1.0149675067677295,0.0,1.0149675067677295,1.0149675067677295,0.0,7.639229941958092e-07,0.01792739373172596,0.017663022325530034,0.07670953129711634,0.2940946955718572,0.101325,0.101325
0.1,0.1,1.0,0.001,-0.001,0.0,0,unit_total_var,0.17126582278481015,1.0149675067677295,0.0,1.0149675067677295,1.0149675067677295,0.0,9.447877369339607e-07,0.01792739373172596,0.017663022325530034,0.07670953129711634,0.2940946955718572,0.101325,0.101325
0.1,0.1,1.0,0.001,-0.001,0.0,0,unit_total_var,0.17746835443037975,1.0149675067677295,0.0,1.0149675067677295,1.0149675067677295,0.0,8.787469392146362e-07,0.01792739373172596,0.017663022325530034,0.07670953129711634,0.2940946955718572,0.101325,0.101325
0.1,0.1,1.0,0.001,-0.001,0.0,0,unit_total_var,0.18367088607594936,1.0149675067677295,0.0,1.0149675067677295,1.0149675067677295,0.0,8.193966989367141e-07,0.01792739373172596,0.017663022325530034,0.07670953129711634,0.2940946955718572,0.101325,0.101325
0.1,0.1,1.0,0.001,-0.001,0.0,0,unit_total_var,0.18987341772151897,1.0149675067677295,0.0,1.0149675067677295,1.0149675067677295,0.0,7.658627811935048e-07,0.01792739373172596,0.017663022325530034,0.07670953129711634,0.2940946955718572,0.101325,0.101325
0.1,0.1,1.0,0.001,-0.001,0.0,0,unit_total_var,0.1960759493670886,1.0149675067677295,0.0,1.0149675067677295,1.0149675067677295,0.0,9.565456391413818e-07,0.01792739373172596,0.017663022325530034,0.07670953129711634,0.2940946955718572,0.101325,0.101325
0.1,0.1,1.0,0.001,-0.001,0.0,0,unit_total_var,0.20227848101265825,1.0149675067677295,0.0,1.0149675067677295,1.0149675067677295,0.0,8.978838916817722e-07,0.01792739373172596,0.017663022325530034,0.07670953129711634,0.2940946955718572,0.101325,0.101325
0.1,0.1,1.0,0.001,-0.001,0.0,0,unit_total_var,0.20848101265822785,1.0149675067677295,0.0,1.0149675067677295,1.0149675067677295,0.0,8.723562050505507e-07,0.01792739373172596,0.017663022325530034,0.07670953129711634,0.29611307169548795,0.101325,0.101325
0.1,0.1,1.0,0.001,-0.001,0.0,0,unit_total_var,0.21468354430379746,1.0149675067677295,0.0,1.0149675067677295,1.0149675067677295,0.0,7.956625651672766e-07,0.01792739373172596,0.017663022325530034,0.07670953129711634,0.29611307169548795,0.101325,0.101325
0.1,0.1,1.0,0.001,-0.001,0.0,0,unit_total_var,0.2208860759493671,1.0149675067677295,0.0,1.0149675067677295,1.0149675067677295,0.0,7.509777901759662e-07,0.01792739373172596,0.017663022325530034,0.07670953129711634,0.29611307169548795,0.101325,0.101325
0.1,0.1,1.0,0.001,-0.001,0.0,0,unit_total_var,0.2270886075949367,1.0149675067677295,0.0,1.0149675067677295,1.0149675067677295,0.0,9.466059696094931e-07,0.01792739373172596,0.017663022325530034,0.07670953129711634,0.29611307169548795,0.101325,0.101325
0.1,0.1,1.0,0.001,-0.001,0.0,0,unit_total_var,0.23329113924050635,1.0149675067677295,0.0,1.0149675067677295,1.0149675067677295,0.0,8.962709809878788e-07,0.01792739373172596,0.017663022325530034,0.07670953129711634,0.29611307169548795,0.101325,0.101325
0.1,0.1,1.0,0.001,-0.001,0.0,0,unit_total_var,0.23949367088607595,1.0149675067677295,0.0,1.0149675067677295,1.0149675067677295,0.0,8.498467973794276e-07,0.01792739373172596,0.017663022325530034,0.07670953129711634,0.29611307169548795,0.101325,0.101325
0.1,0.1,1.0,0.001,-0.001,0.0,0,unit_total_var,0.2456962025316456,1.0149675067677295,0.0,1.0149675067677295,1.0149675067677295,0.0,8.069385089015669e-07,0.01792739373172596,0.017663022325530034,0.07670953129711634,0.29611307169548795,0.101325,0.101325
0.1,0.1,1.0,0.001,-0.001,0.0,0,unit_total_var,0.2518987341772152,1.0149675067677295,0.0,1.0149675067677295,1.0149675067677295,0.0,7.671998281111314e-07,0.01792739373172596,0.017663022325530034,0.07670953129711634,0.29611307169548795,0.101325,0.101325
0.1,0.1,1.0,0.001,-0.001,0.0,0,unit_total_var,0.2581012658227848,1.0149675067677295,0.0,1.0149675067677295,1.0149675067677295,0.0,9.737681008203936e-07,0.01792739373172596,0.017663022325530034,0.07670953129711634,0.29611307169548795,0.101325,0.101325
0.1,0.1,1.0,0.001,-0.001,0.0,0,unit_total_var,0.2643037974683544,1.0149675067677295,0.0,1.0149675067677295,1.0149675067677295,0.0,9.280644266418392e-07,0.01792739373172596,0.017663022325530034,0.07670953129711634,0.29611307169548795,0.101325,0.101325
0.1,0.1,1.0,0.001,-0.001,0.0,0,unit_total_var,0.2705063291139241,1.0149675067677295,0.0,1.0149675067677295,1.0149675067677295,0.0,8.85504615855126e-07,0.01792739373172596,0.017663022325530034,0.07670953129711634,0.29611307169548795,0.101325,0.101325
0.1,0.1,1.0,0.001,-0.001,0.0,0,unit_total_var,0.2767088607594937,1.0149675067677295,0.0,1.0149675067677295,1.0149675067677295,0.0,8.458067872751941e-07,0.01792739373172596,0.017663022325530034,0.07670953129711634,0.29611307169548795,0.101325,0.101325
0.1,0.1,1.0,0.001,-0.001,0.0,0,unit_total_var,0.2829113924050633,1.0149675067677295,0.0,1.0149675067677295,1.0149675067677295,0.0,8.087199581119364e-07,0.01792739373172596,0.017663022325530034,0.07670953129711634,0.29611307169548795,0.101325,0.101325
0.1,0.1,1.0,0.001,-0.001,0.0,0,unit_total_var,0.2891139240506329,1.0149675067677295,0.0,1.0149675067677295,1.0149675067677295,0.0,7.740200658190587e-07,0.01792739373172596,0.017663022325530034,0.07670953129711634,0.29611307169548795,0.101325,0.101325
0.1,0.1,1.0,0.001,-0.001,0.0,0,unit_total_var,0.2953164556962025,1.0149675067677295,0.0,1.0149675067677295,1.0149675067677295,0.0,9.886754357424363e-07,0.01792739373172596,0.017663022325530034,0.07670953129711634,0.29611307169548795,0.101325,0.101325
0.1,0.1,1.0,0.001,-0.001,0.0,0,unit_total_var,0.3015189873417722,1.0149675067677295,0.0,1.0149675067677295,1.0149675067677295,0.0,9.479994522720857e-07,0.01792739373172596,0.017663022325530034,0.07670953129711634,0.29611307169548795,0.101325,0.101325
0.1,0.1,1.0,0.001,-0.001,0.0,0,unit_total_var,0.3077215189873418,1.0149675067677295,0.0,1.0149675067677295,1.0149675067677295,0.0,7.880272421267874e-07,0.01792739373172596,0.017663022325530034,0.07670953129711634,0.2976110383119763,0.101325,0.101325
0.1,0.1,1.0,0.001,-0.001,0.0,0,unit_total_var,0.3139240506329114,1.0149675067677295,0.0,1.0149675067677295,1.0149675067677295,0.0,8.738319965395647e-07,0.01792739373172596,0.017663022325530034,0.07670953129711634,0.2976110383119763,0.101325,0.101325
0.1,0.1,1.0,0.001,-0.001,0.0,0,unit_total_var,0.320126582278481,1.0149675067677295,0.0,1.0149675067677295,1.0149675067677295,0.0,8.399705748729501e-07,0.01792739373172596,0.017663022325530034,0.07670953129711634,0.2976110383119763,0.101325,0.101325
0.1,0.1,1.0,0.001,-0.001,0.0,0,unit_total_var,0.3263291139240506,1.0149675067677295,0.0,1.0149675067677295,1.0149675067677295,0.0,8.080399633847434e-07,0.01792739373172596,0.017663022325530034,0.07670953129711634,0.2976110383119763,0.101325,0.101325
0.1,0.1,1.0,0.001,-0.001,0.0,0,unit_total_var,0.3325316455696203,1.0149675067677295,0.0,1.0149675067677295,1.0149675067677295,0.0,7.778961044202505e-07,0.01792739373172596,0.017663022325530034,0.07670953129711634,0.2976110383119763,0.101325,0.101325
0.1,0.1,1.0,0.001,-0.001,0.0,0,unit_total_var,0.3387341772151899,1.0149675067677295,0.0,1.0149675067677295,1.0149675067677295,0.0,9.992108411793763e-07,0.01792739373172596,0.017663022325530034,0.07670953129711634,0.2976110383119763,0.101325,0.101325
0.1,0.1,1.0,0.001,-0.001,0.0,0,unit_total_var,0.3449367088607595,1.0149675067677295,0.0,1.0149675067677295,1.0149675067677295,0.0,9.632759185862485e-07,0.01792739373172596,0.017663022325530034,0.07670953129711634,0.2976110383119763,0.101325,0.101325
0.1,0.1,1.0,0.001,-0.001,0.0,0,unit_total_var,0.3511392405063291,1.0149675067677295,0.0,1.0149675067677295,1.0149675067677295,0.0,9.292452634035442e-07,0.01792739373172596,0.017663022325530034,0.07670953129711634,0.2976110383119763,0.101325,0.101325
0.1,0.1,1.0,0.001,-0.001,0.0,0,unit_total_var,0.3573417721518987,1.0149675067677295,0.0,1.0149675067677295,1.0149675067677295,0.0,8.969866605035294e-07,0.01792739373172596,0.017663022325530034,0.07670953129711634,0.2976110383119763,0.101325,0.101325
0.1,0.1,1.0,0.001,-0.001,0.0,0,unit_total_var,0.3635443037974684,1.0149675067677295,0.0,1.0149675067677295,1.0149675067677295,0.0,8.663791772889341e-07,0.01792739373172596,0.017663022325530034,0.07670953129711634,0.2976110383119763,0.101325,0.101325
0.1,0.1,1.0,0.001,-0.001,0.0,0,unit_total_var,0.369746835443038,1.0149675067677295,0.0,1.0149675067677295,1.0149675067677295,0.0,8.373120214955065e-07,0.01792739373172596,0.017663022325530034,0.07670953129711634,0.2976110383119763,0.101325,0.101325
0.1,0.1,1.0,0.001,-0.001,0.0,0,unit_total_var,0.3759493670886076,1.0149675067677295,0.0,1.0149675067677295,1.0149675067677295,0.0,8.096835433235582e-07,0.01792739373172596,0.017663022325530034,0.07670953129711634,0.2976110383119763,0.101325,0.101325
0.1,0.1,1.0,0.001,-0.001,0.0,0,unit_total_var,0.3821518987341772,1.0149675067677295,0.0,1.0149675067677295,1.0149675067677295,0.0,7.834003423745628e-07,0.01792739373172596,0.017663022325530034,0.07670953129711634,0.2976110383119763,0.101325,0.101325
0.1,0.1,1.0,0.001,-0.001,0.0,0,unit_total_var,0.3883544303797468,1.0149675067677295,0.0,1.0149675067677295,1.0149675067677295,0.0,7.583764718432917e-07,0.01792739373172596,0.017663022325530034,0.07670953129711634,0.2976110383119763,0.101325,0.101325
0.1,0.1,1.0,0.001,-0.001,0.0,0,unit_total_var,0.3945569620253165,1.0149675067677295,0.0,1.0149675067677295,1.0149675067677295,0.0,9.793769946142559e-07,0.01792739373172596,0.017663022325530034,0.07670953129711634,0.2976110383119763,0.101325,0.101325
0.1,0.1,1.0,0.001,-0.001,0.0,0,unit_total_var,0.4007594936708861,1.0149675067677295,0.0,1.0149675067677295,1.0149675067677295,0.0,9.490614716334278e-07,0.01792739373172596,0.017663022325530034,0.07670953129711634,0.2976110383119763,0.101325,0.101325
0.1,0.1,1.0,0.001,-0.001,0.0,0,unit_total_var,0.4069620253164557,1.0149675067677295,0.0,1.0149675067677295,1.0149675067677295,0.0,7.944817941307747e-07,0.01792739373172596,0.017663022325530034,0.07670953129711634,0.2908003423834197,0.101325,0.101325
0.1,0.1,1.0,0.001,-0.001,0.0,0,unit_total_var,0.4131645569620253,1.0149675067677295,0.0,1.0149675067677295,1.0149675067677295,0.0,8.925055556829876e-07,0.01792739373172596,0.017663022325530034,0.07670953129711634,0.2908003423834197,0.101325,0.101325
0.1,0.1,1.0,0.001,-0.001,0.0,0,unit_total_var,0.4193670886075949,1.0149675067677295,0.0,1.0149675067677295,1.0149675067677295,0.0,8.661048482849766e-07,0.01792739373172596,0.017663022325530034,0.07670953129711634,0.2908003423834197,0.101325,0.101325
0.1,0.1,1.0,0.001,-0.001,0.0,0,unit_total_var,0.4255696202531646,1.0149675067677295,0.0,1.0149675067677295,1.0149675067677295,0.0,8.408584850627677e-07,0.01792739373172596,0.017663022325530034,0.07670953129711634,0.2908003423834197,0.101325,0.101325
0.1,0.1,1.0,0.001,-0.001,0.0,0,unit_total_var,0.4317721518987342,1.0149675067677295,0.0,1.0149675067677295,1.0149675067677295,0.0,8.167001346315317e-07,0.01792739373172596,0.017663022325530034,0.07670953129711634,0.2908003423834197,0.101325,0.101325
0.1,0.1,1.0,0.001,-0.001,0.0,0,unit_total_var,0.4379746835443038,1.0149675067677295,0.0,1.0149675067677295,1.0149675067677295,0.0,7.935681658466366e-07,0.01792739373172596,0.017663022325530034,0.07670953129711634,0.2908003423834197,0.101325,0.101325
0.1,0.1,1.0,0.001,-0.001,0.0,0,unit_total_var,0.4441772151898734,1.0149675067677295,0.0,1.0149675067677295,1.0149675067677295,0.0,7.714052467910903e-07,0.01792739373172596,0.017663022325530034,0.07670953129711634,0.2908003423834197,0.101325,0.101325
0.1,0.1,1.0,0.001,-0.001,0.0,0,unit_total_var,0.450379746835443,1.0149675067677295,0.0,1.0149675067677295,1.0149675067677295,0.0,7.501579979418693e-07,0.01792739373172596,0.017663022325530034,0.07670953129711634,0.2908003423834197,0.101325,0.101325
0.1,0.1,1.0,0.001,-0.001,0.0,0,unit_total_var,0.4565822784810127,1.0149675067677295,0.0,1.0149675067677295,1.0149675067677295,0.0,9.730355472470364e-07,0.01792739373172596,0.017663022325530034,0.07670953129711634,0.2908003423834197,0.101325,0.101325
0.1,0.1,1.0,0.001,-0.001,0.0,0,unit_total_var,0.4627848101265823,1.0149675067677295,0.0,1.0149675067677295,1.0149675067677295,0.0,9.469530848349449e-07,0.01792739373172596,0.017663022325530034,0.07670953129711634,0.2908003423834197,0.101325,0.101325
0.1,0.1,1.0,0.001,-0.001,0.0,0,unit_total_var,0.4689873417721519,1.0149675067677295,0.0,1.0149675067677295,1.0149675067677295,0.0,9.219054728504259e-07,0.01792739373172596,0.017663022325530034,0.07670953129711634,0.2908003423834197,0.101325,0.101325
0.1,0.1,1.0,0.001,-0.001,0.0,0,unit_total_var,0.4751898734177215,1.0149675067677295,0.0,1.0149675067677295,1.0149675067677295,0.0,8.978386807356743e-07,0.01792739373172596,0.017663022325530034,0.07670953129711634,0.2908003423834197,0.101325,0.101325
0.1,0.1,1.0,0.001,-0.001,0.0,0,unit_total_var,0.4813924050632911,1.0149675067677295,0.0,1.0149675067677295,1.0149675067677295,0.0,8.747021595922888e-07,0.01792739373172596,0.017663022325530034,0.07670953129711634,0.2908003423834197,0.101325,0.101325
0.1,0.1,1.0,0.001,-0.001,0.0,0,unit_total_var,0.4875949367088608,1.0149675067677295,0.0,1.0149675067677295,1.0149675067677295,0.0,8.524485739513921e-07,0.01792739373172596,0.017663022325530034,0.07670953129711634,0.2908003423834197,0.101325,0.101325
0.1,0.1,1.0,0.001,-0.001,0.0,0,unit_total_var,0.4937974683544304,1.0149675067677295,0.0,1.0149675067677295,1.0149675067677295,0.0,8.310335624095444e-07,0.01792739373172596,0.017663022325530034,0.07670953129711634,0.2908003423834197,0.101325,0.101325
0.1,0.1,1.0,0.001,-0.001,0.0,0,unit_total_var,0.5,1.0149675067677295,0.0,1.0149675067677295,1.0149675067677295,0.0,8.10415513807783e-07,0.01792739373172596,0.017663022325530034,0.07670953129711634,0.2908003423834197,0.101325,0.101325
0.1,0.1,1.0,0.001,0.00099,0.0,0,unit_total_var,0.01,0.9170702181243652,0.999575,0.9170702181243652,0.9170702182374708,5.356303178771782e-10,9.149185729029341e-07,0.015211307362142837,0.01658685132448605,0.07203578002373934,0.2991106258381394,0.101325,0.101325
0.1,0.1,1.0,0.001,0.00099,0.0,0,unit_total_var,0.016202531645569618,0.8561675502297119,0.9996125,0.85616755542698,0.8561675502297119,2.6363354166392128e-08,7.966365203060376e-07,0.014064882818121923,0.016427722370870375,0.07134469175907608,0.2991106258381394,0.101325,0.101325
0.1,0.1,1.0,0.001,0.00099,0.0,0,unit_total_var,0.02240506329113924,0.7953366318539163,0.9996625,0.7953366431154391,0.7953366318539163,6.149367370866798e-08,8.348547027026144e-07,0.013029192734012172,0.016381984951002876,0.0711460566684266,0.2991106258381394,0.101325,0.101325
0.1,0.1,1.0,0.001,0.00099,0.0,0,unit_total_var,0.028607594936708863,0.7344012685444693,0.9996875,0.7344012880946208,0.7344012685444693,1.1561149415584283e-07,8.772031776516086e-07,0.01207046287493164,0.0164357870716297,0.07137971630945585,0.2991106258381394,0.101325,0.101325
0.1,0.1,1.0,0.001,0.00099,0.0,0,unit_total_var,0.03481012658227848,0.6732911392167332,0.9997,0.6732911708785497,0.6732911392167332,2.042289146686471e-07,9.193809233920548e-07,0.011161148398975031,0.016577001758792263,0.0719930039034398,0.2991106258381394,0.101325,0.101325
0.1,0.1,1.0,0.001,0.00099,0.0,0,unit_total_var,0.0410126582278481,0.6120377765323205,0.9997625,0.6120378257395102,0.6120377765323205,3.4916815438990056e-07,9.702898946528649e-07,0.010273636420181729,0.016785951478992076,0.07290046100821987,0.2991106258381394,0.101325,0.101325
0.1,0.1,1.0,0.001,0.00099,0.0,0,unit_total_var,0.047215189873417725,0.5507650027414763,0.9998125,0.5507650722185341,0.5507650027414763,5.478470992414941e-07,8.963023176988827e-07,0.009383242837923135,0.01703674487525043,0.07398964288914768,0.2991106258381394,0.101325,0.101325
0.1,0.1,1.0,0.001,0.00099,0.0,0,unit_total_var,0.05341772151898734,0.489718184567059,0.999825,0.4897182899092752,0.489718184567059,9.342013380653214e-07,9.90296225467091e-07,0.008473173985150998,0.01730214284903838,0.07514225164439177,0.2991106258381394,0.101325,0.101325
0.1,0.1,1.0,0.001,0.00099,0.0,0,unit_total_var,0.05962025316455696,0.4293318217753328,0.99985,0.4293319613826628,0.4293318217753328,1.4122103264568864e-06,9.757918997266302e-07,0.0075384465544478954,0.017558555346015626,0.07625583696967426,0.2991106258381394,0.101325,0.101325
0.1,0.1,1.0,0.001,0.00099,0.0,0,unit_total_var,0.06582278481012659,0.37029848299001134,0.9998625,0.37029866844470455,0.37029848299001134,2.175054272690602e-06,9.803214293668816e-07,0.006587222519530412,0.01778895356616435,0.07725644372618351,0.2991106258381394,0.101325,0.101325
0.1,0.1,1.0,0.001,0.00099,0.0,0,unit_total_var,0.0720253164556962,0.31357290176601044,0.999875,0.3135731465426602,0.31357290176601044,3.3901241538458753e-06,9.938355960414922e-07,0.005639141009856055,0.01798350870912949,0.07810138597634007,0.2991106258381394,0.101325,0.101325
0.1,0.1,1.0,0.001,0.00099,0.0,0,unit_total_var,0.07822784810126583,0.2602570248734564,0.9998875,0.260257331206446,0.2602570248734564,5.111817780623085e-06,9.297955307907556e-07,0.004720678038472994,0.01813852302649009,0.07877460460279717,0.2991106258381394,0.101325,0.101325
0.1,0.1,1.0,0.001,0.00099,0.0,0,unit_total_var,0.08443037974683544,0.21140015386630093,0.9998875,0.21140055071672664,0.21140015386630093,8.152774968017695e-06,9.55609749109243e-07,0.0038588949507403093,0.01825398364270278,0.07927604368778036,0.2991106258381394,0.101325,0.101325
0.1,0.1,1.0,0.001,0.00099,0.0,0,unit_total_var,0.09063291139240506,0.1678238598973713,0.9998875,0.16782436440340096,0.1678238598973713,1.3055584322074765e-05,9.744183984139454e-07,0.0030763788837185804,0.018330998259722227,0.07961051391975474,0.2991106258381394,0.101325,0.101325
0.1,0.1,1.0,0.001,0.00099,0.0,0,unit_total_var,0.09683544303797467,0.13003924139377096,0.9998875,0.13003986255537242,0.13003924139377096,2.0745000409050366e-05,9.718318436657825e-07,0.0023889170720897105,0.018370739835799614,0.07978310939168022,0.2991106258381394,0.101325,0.101325
0.1,0.1,1.0,0.001,0.00099,0.0,0,unit_total_var,0.1030379746835443,0.09823899371926577,0.9998875,0.09823976734305777,0.09823899371926577,3.4200189588773355e-05,9.510514834554228e-07,0.0018051175200462684,0.018374755804245014,0.07980055052103356,0.2991106258381394,0.101325,0.101325
0.1,0.1,1.0,0.001,0.00099,0.0,0,unit_total_var,0.10924050632911393,0.07232100085537517,0.9998875,0.07232101042613932,0.07232100085537517,5.747334448358288e-07,9.890510227483773e-07,0.0013267506852756132,0.018345303156531243,0.07967263929723825,0.3003480435216193,0.101325,0.101325
0.1,0.1,1.0,0.001,0.00099,0.0,0,unit_total_var,0.11544303797468355,0.05192040708625362,0.9998875,0.05192152399460295,0.05192040708625362,9.342413568091956e-05,9.889042601463058e-07,0.0009493802059730461,0.018285299735725742,0.07941204775172676,0.3003480435216193,0.101325,0.101325
0.1,0.1,1.0,0.001,0.00099,0.0,0,unit_total_var,0.12164556962025315,0.03644795369120293,0.9998875,0.03644924303343726,0.03644795369120293,0.00015362846388278228,9.911126287454053e-07,0.0006632846811950653,0.018198132241238982,0.07903348413315743,0.3003480435216193,0.101325,0.101325
0.1,0.1,1.0,0.001,0.00099,0.0,0,unit_total_var,0.12784810126582274,0.02514692463383253,0.9998875,0.02514830501887622,0.02514692463383253,0.0002383898479703106,9.90619853147301e-07,0.00045484473823972335,0.01808748961802581,0.07855296932590965,0.3003480435216193,0.101325,0.101325
0.1,0.1,1.0,0.001,0.00099,0.0,0,unit_total_var,0.1340506329113924,0.017177516056866154,0.9998875,0.01717873406729121,0.017177516056866154,0.00030793535663065086,9.733562666425222e-07,0.00030846156282260937,0.01795728566350616,0.07798750073621097,0.3003480435216193,0.101325,0.101325
0.1,0.1,1.0,0.001,0.00099,0.0,0,unit_total_var,0.14025316455696205,0.011717148080236542,0.9998875,0.011718199026113523,0.011717148080236542,0.00038951417564803137,9.995861990907964e-07,0.00020870050904939872,0.017811544893028743,0.07735455661214427,0.3003480435216193,0.101325,0.101325
0.1,0.1,1.0,0.001,0.00099,0.0,0,unit_total_var,0.14645569620253165,0.00804798743740037,0.999875,0.00804885650941896,0.00804798743740037,0.00046895302416416484,9.921059827000531e-07,0.0001420806823543681,0.017654187889769173,0.07667116383009966,0.3003480435216193,0.101325,0.101325
0.1,0.1,1.0,0.001,0.00099,0.0,0,unit_total_var,0.15265822784810126,0.0056038582697084715,0.999875,0.005604562032883612,0.0056038582697084715,0.0005453765217211526,9.658693623793013e-07,9.800453540553544e-05,0.01748876054472982,0.07595272199903468,0.3003480435216193,0.101325,0.101325
0.1,0.1,1.0,0.001,0.00099,0.0,0,unit_total_var,0.1588607594936709,0.00397356590280338,0.9998625,0.0039741497563919185,0.00397356590280338,0.0006380811872759296,9.739811155651257e-07,6.881517030978327e-05,0.017318240591211446,0.0752121632503604,0.3003480435216193,0.101325,0.101325
0.1,0.1,1.0,0.001,0.00099,0.0,0,unit_total_var,0.1650632911392405,0.002875954372782797,0.9998625,0.002876432763377965,0.002875954372782797,0.0007223519253365397,9.926834124707185e-07,4.9308171070555375e-05,0.01714497682480421,0.074459688273716,0.3003480435216193,0.101325,0.101325
0.1,0.1,1.0,0.001,0.00099,0.0,0,unit_total_var,0.17126582278481015,0.002126015689999815,0.99985,0.0021264105501772727,0.002126015689999815,0.0008065306110012216,9.792644674599948e-07,3.6080039683256654e-05,0.016970730673798458,0.07370294685496924,0.3003480435216193,0.101325,0.101325
0.1,0.1,1.0,0.001,0.00099,0.0,0,unit_total_var,0.17746835443037975,0.0016043898685603984,0.999825,0.0016047200431542766,0.0016043898685603984,0.0008936621595196926,9.922748445689855e-07,2.69485608210659e-05,0.016796765766943264,0.07294742686404901,0.3003480435216193,0.101325,0.101325
0.1,0.1,1.0,0.001,0.00099,0.0,0,unit_total_var,0.18367088607594936,0.0012345506664151779,0.999825,0.00123482242251935,0.0012345506664151779,0.0009558877714468397,9.606090287939129e-07,2.052313361145134e-05,0.016623970299287364,0.0721969856830405,0.3003480435216193,0.101325,0.101325
0.1,0.1,1.0,0.001,0.00099,0.0,0,unit_total_var,0.18987341772151897,0.0009672023508418633,0.999825,0.0009674279706643061,0.0009672023508418633,0.0010129629754054292,9.717902232225797e-07,1.591331749312981e-05,0.016452935085691938,0.07145418918828413,0.3003480435216193,0.101325,0.101325
0.1,0.1,1.0,0.001,0.00099,0.0,0,unit_total_var,0.1960759493670886,0.0007702897400780687,0.999825,0.0007704834413563338,0.0007702897400780687,0.0010919634083030874,9.850141023670655e-07,1.2543438631364955e-05,0.016284052582725146,0.07072074179699926,0.3003480435216193,0.101325,0.101325
0.1,0.1,1.0,0.001,0.00099,0.0,0,unit_total_var,0.20227848101265825,0.0006226590437878513,0.9998,0.0006228266430471461,0.0006226590437878513,0.0011688200786466039,9.959547036392238e-07,1.0035747282715767e-05,0.016117564472628278,0.06999769312182355,0.3003480435216193,0.101325,0.101325
0.1,0.1,1.0,0.001,0.00099,0.0,0,unit_total_var,0.20848101265822785,0.0005101300411866482,0.9997875,0.0005101300411866482,0.0005101313065682045,1.0772695226535234e-05,9.708850871870123e-07,8.138416344227898e-06,0.015953611211166032,0.06928565315439261,0.3002349977966816,0.101325,0.101325
0.1,0.1,1.0,0.001,0.00099,0.0,0,unit_total_var,0.21468354430379746,0.0004230296528591812,0.9997625,0.00042315598177474715,0.0004230296528591812,0.0012967355884327958,9.486290413751595e-07,6.680590604466636e-06,0.015792251345298675,0.06858487616092418,0.3002349977966816,0.101325,0.101325
0.1,0.1,1.0,0.001,0.00099,0.0,0,unit_total_var,0.2208860759493671,0.000354650795015678,0.99975,0.00035476253651161845,0.000354650795015678,0.0013681365525854974,9.806951470903158e-07,5.544429161141619e-06,0.01563348860079819,0.06789537832224044,0.3002349977966816,0.101325,0.101325
0.1,0.1,1.0,0.001,0.00099,0.0,0,unit_total_var,0.2270886075949367,0.00030027311452468064,0.99975,0.000300373402772434,0.00030027311452468064,0.0014502584048798894,9.94222712574766e-07,4.647419546980902e-06,0.01547730823100019,0.06721709559439162,0.3002349977966816,0.101325,0.101325
0.1,0.1,1.0,0.001,0.00099,0.0,0,unit_total_var,0.23329113924050635,0.00025651341908114163,0.9997375,0.00025660438426312475,0.00025651341908114163,0.001539828738621907,9.821009169797001e-07,3.93072537110438e-06,0.015323663710010402,0.06654982591798629,0.3002349977966816,0.101325,0.101325
0.1,0.1,1.0,0.001,0.00099,0.0,0,unit_total_var,0.23949367088607595,0.0002209104766382581,0.9997,0.00022099355461080927,0.0002209104766382581,0.001632947559663478,9.984863177936454e-07,3.3517602796944788e-06,0.015172482223117924,0.06589325306275297,0.3002349977966816,0.101325,0.101325
0.1,0.1,1.0,0.001,0.00099,0.0,0,unit_total_var,0.2456962025316456,0.00019165503750937827,0.9997,0.00019172874991429462,0.00019165503750937827,0.0016700179896815823,9.801780865570377e-07,2.879367823528041e-06,0.01502370019043796,0.0652471009047604,0.3002349977966816,0.101325,0.101325
0.1,0.1,1.0,0.001,0.00099,0.0,0,unit_total_var,0.2518987341772152,0.00016739156927380425,0.9997,0.00016745889983292008,0.00016739156927380425,0.0017465282793054369,9.84917042597122e-07,2.490322407507619e-06,0.01487722720033869,0.06461097679128057,0.3002349977966816,0.101325,0.101325
0.1,0.1,1.0,0.001,0.00099,0.0,0,unit_total_var,0.2581012658227848,0.00014709929230889785,0.9997,0.00014716047585093414,0.00014709929230889785,0.0018060012239402565,9.47543480102342e-07,2.1672127603040093e-06,0.014732992431758404,0.06398457315035044,0.3002349977966816,0.101325,0.101325
0.1,0.1,1.0,0.001,0.00099,0.0,0,unit_total_var,0.2643037974683544,0.0001299917707632516,0.9997,0.00013004875203355163,0.0001299917707632516,0.0019032919479684551,9.931807906093935e-07,1.896695173888547e-06,0.01459088650575363,0.0633674149552542,0.3002349977966816,0.101325,0.101325
0.1,0.1,1.0,0.001,0.00099,0.0,0,unit_total_var,0.2705063291139241,0.00011546816843181716,0.9997,0.0001155206587528483,0.00011546816843181716,0.001973797386426668,9.91639131066313e-07,1.668613424911377e-06,0.014450852105588538,0.06275925328257087,0.3002349977966816,0.101325,0.101325
0.1,0.1,1.0,0.001,0.00099,0.0,0,unit_total_var,0.2767088607594937,0.000103055878704577,0.9996875,0.00010310354142557394,0.000103055878704577,0.0020081213923930363,9.385750592422192e-07,1.4750191443292975e-06,0.01431280935032955,0.0621597412138139,0.3002349977966816,0.101325,0.101325
0.1,0.1,1.0,0.001,0.00099,0.0,0,unit_total_var,0.2829113924050633,9.237912577816867e-05,0.999675,9.242481756117404e-05,9.237912577816867e-05,0.0021475396328938245,9.666866602753288e-07,1.309626419528791e-06,0.014176648766666354,0.061568403312437375,0.3002349977966816,0.101325,0.101325
0.1,0.1,1.0,0.001,0.00099,0.0,0,unit_total_var,0.2891139240506329,8.314511478384326e-05,0.999675,8.318662058501155e-05,8.314511478384326e-05,0.0021674445647477114,9.400066357245771e-07,1.1675506678742118e-06,0.014042324325482679,0.0609850396765293,0.3002349977966816,0.101325,0.101325
0.1,0.1,1.0,0.001,0.00099,0.0,0,unit_total_var,0.2953164556962025,7.511329193793243e-05,0.999675,7.515303238428943e-05,7.511329193793243e-05,0.002297129052884373,9.956280698844575e-07,1.044805580799123e-06,0.013909729607676708,0.06040918813380278,0.3002349977966816,0.101325,0.101325
0.1,0.1,1.0,0.001,0.00099,0.0,0,unit_total_var,0.3015189873417722,6.809493315766949e-05,0.9996625,6.813340229025877e-05,6.809493315766949e-05,0.002452783761356159,9.847086969647092e-07,9.382685099425765e-07,0.013778830030864048,0.05984069849487069,0.3002349977966816,0.101325,0.101325
0.1,0.1,1.0,0.001,0.00099,0.0,0,unit_total_var,0.3077215189873418,6.19319107622069e-05,0.9996625,6.193305776613231e-05,6.19319107622069e-05,8.043234199561766e-05,9.98334344227969e-07,8.453418544797639e-07,0.01364953614503401,0.05927918228327252,0.30060943075067104,0.101325,0.101325
0.1,0.1,1.0,0.001,0.00099,0.0,0,unit_total_var,0.3139240506329114,5.649794134470834e-05,0.9996625,5.6530538169649757e-05,5.649794134470834e-05,0.002504965412775561,9.402200260716364e-07,7.639543595823471e-07,0.01352180878452308,0.058724469404692885,0.30060943075067104,0.101325,0.101325
0.1,0.1,1.0,0.001,0.00099,0.0,0,unit_total_var,0.320126582278481,5.168467910199808e-05,0.99965,5.17164613036224e-05,5.168467910199808e-05,0.002669764601961333,9.644021594854002e-07,6.923445763827671e-07,0.01339554754739692,0.0581761238190712,0.30060943075067104,0.101325,0.101325
0.1,0.1,1.0,0.001,0.00099,0.0,0,unit_total_var,0.3263291139240506,4.74058423459196e-05,0.99965,4.743712285285497e-05,4.74058423459196e-05,0.002864725289278169,9.979741126681094e-07,6.291093608815021e-07,0.013270713687374272,0.05763397725344601,0.30060943075067104,0.101325,0.101325
0.1,0.1,1.0,0.001,0.00099,0.0,0,unit_total_var,0.3325316455696203,4.358948800108607e-05,0.9996375,4.361824062976429e-05,4.358948800108607e-05,0.002863761876085391,9.621457408709455e-07,5.730829477591058e-07,0.013147274125927493,0.05709788604959708,0.30060943075067104,0.101325,0.101325
0.1,0.1,1.0,0.001,0.00099,0.0,0,unit_total_var,0.3387341772151899,4.017299108316578e-05,0.9996375,4.020075482170906e-05,4.017299108316578e-05,0.00300039242669925,9.338976039094393e-07,5.232595254804406e-07,0.013025157235546472,0.05656753913320048,0.30060943075067104,0.101325,0.101325
0.1,0.1,1.0,0.001,0.00099,0.0,0,unit_total_var,0.3449367088607595,3.710356750788695e-05,0.999625,3.713059608675057e-05,3.710356750788695e-05,0.0031625231845993085,9.885589696279062e-07,4.787953534589924e-07,0.012904294266507308,0.056042637927998934,0.30060943075067104,0.101325,0.101325
0.1,0.1,1.0,0.001,0.00099,0.0,0,unit_total_var,0.3511392405063291,3.4339536665809256e-05,0.999625,3.4365027202104705e-05,3.4339536665809256e-05,0.003222609718648073,9.71642154897617e-07,4.390200352706978e-07,0.012784681387615095,0.05552316579532445,0.30060943075067104,0.101325,0.101325
0.1,0.1,1.0,0.001,0.00099,0.0,0,unit_total_var,0.3573417721518987,3.1842450221125115e-05,0.999625,3.186667132321444e-05,3.1842450221125115e-05,0.003302224621783978,9.6034633256456e-07,4.0332459006766577e-07,0.01266625486628192,0.05500884594806448,0.30060943075067104,0.101325,0.101325
0.1,0.1,1.0,0.001,0.00099,0.0,0,unit_total_var,0.3635443037974684,2.9580388026892113e-05,0.999625,2.9603567477693157e-05,2.9580388026892113e-05,0.003401836867887198,9.542135992746115e-07,3.712035340612088e-07,0.01254897446658713,0.05449950364383592,0.30060943075067104,0.101325,0.101325
0.1,0.1,1.0,0.001,0.00099,0.0,0,unit_total_var,0.369746835443038,2.752594187631706e-05,0.9996125,2.7548274996992467e-05,2.752594187631706e-05,0.0035222113559854047,9.528914911779983e-07,3.422245949553367e-07,0.012432802353978013,0.053994974569264095,0.30060943075067104,0.101325,0.101325
0.1,0.1,1.0,0.001,0.00099,0.0,0,unit_total_var,0.3759493670886076,2.5655485281403374e-05,0.9996125,2.5677141501085746e-05,2.5655485281403374e-05,0.0036644052153249618,9.561165303234587e-07,3.1601664751555625e-07,0.012317702980446987,0.05349510434131365,0.30060943075067104,0.101325,0.101325
0.1,0.1,1.0,0.001,0.00099,0.0,0,unit_total_var,0.3821518987341772,2.3948575499746716e-05,0.9996125,2.3969703556101623e-05,2.3948575499746716e-05,0.0038297697929436936,9.637015390695505e-07,2.9225986512890395e-07,0.012203642973754116,0.05299974802618803,0.30060943075067104,0.101325,0.101325
0.1,0.1,1.0,0.001,0.00099,0.0,0,unit_total_var,0.3883544303797468,2.238746146327292e-05,0.9996125,2.2408193548549688e-05,2.238746146327292e-05,0.004019957236714332,9.755253081202007e-07,2.7067764078348626e-07,0.012090591031392213,0.05250876967882583,0.30060943075067104,0.101325,0.101325
0.1,0.1,1.0,0.001,0.00099,0.0,0,unit_total_var,0.3945569620253165,2.095667848135196e-05,0.9996125,2.0977132045425706e-05,2.095667848135196e-05,0.004236615087130247,9.913793857854736e-07,2.5102994735490687e-07,0.0119785178542622,0.05202204205485653,0.30060943075067104,0.101325,0.101325
0.1,0.1,1.0,0.001,0.00099,0.0,0,unit_total_var,0.4007594936708861,1.964302658135776e-05,0.9996,1.9662989307770686e-05,1.964302658135776e-05,0.004411387149872326,9.781063337599427e-07,2.331117368032677e-07,0.01186740423313904,0.05153948172967577,0.30060943075067104,0.101325,0.101325
0.1,0.1,1.0,0.001,0.00099,0.0,0,unit_total_var,0.4069620253164557,1.8434345852894853e-05,0.9996,1.8434345852894853e-05,1.8434527881562687e-05,4.288389526152514e-05,9.672067346026823e-07,2.167365804110536e-07,0.011757215696211873,0.05106093899411115,0.2994527132058972,0.101325,0.101325
0.1,0.1,1.0,0.001,0.00099,0.0,0,unit_total_var,0.4131645569620253,1.7320049016594928e-05,0.9996,1.7338543488172746e-05,1.7320049016594928e-05,0.0046349532014247075,9.768180767658063e-07,2.017426066357585e-07,0.011647923538926595,0.050586289185868175,0.2994527132058972,0.101325,0.101325
0.1,0.1,1.0,0.001,0.00099,0.0,0,unit_total_var,0.4193670886075949,1.629168605995534e-05,0.9996,1.6309592042276958e-05,1.629168605995534e-05,0.004770653514214018,9.244381197724694e-07,1.8799830780697985e-07,0.01153952433867948,0.050115517440767685,0.2994527132058972,0.101325,0.101325
0.1,0.1,1.0,0.001,0.00099,0.0,0,unit_total_var,0.4255696202531646,1.5339762809209858e-05,0.9995875,1.5357841392071483e-05,1.5339762809209858e-05,0.005115337101663897,9.557811796179205e-07,1.7536365226713608e-07,0.01143196635099529,0.04964839903540907,0.2994527132058972,0.101325,0.101325
0.1,0.1,1.0,0.001,0.00099,0.0,0,unit_total_var,0.4317721518987342,1.4457848025801125e-05,0.999575,1.4475406403349146e-05,1.4457848025801125e-05,0.00527110245068485,9.906928599111298e-07,1.6373870422677718e-07,0.011325247293689429,0.04918492405839053,0.2994527132058972,0.101325,0.101325
0.1,0.1,1.0,0.001,0.00099,0.0,0,unit_total_var,0.4379746835443038,1.3640272214489675e-05,0.999575,1.365738393565308e-05,1.3640272214489675e-05,0.005444809627363156,9.455485565721541e-07,1.5303516332696412e-07,0.011219362848521394,0.0487250737558319,0.2994527132058972,0.101325,0.101325
0.1,0.1,1.0,0.001,0.00099,0.0,0,unit_total_var,0.4441772151898734,1.2879855970185228e-05,0.999575,1.289659614897242e-05,1.2879855970185228e-05,0.005640937908637511,9.854712829954898e-07,1.4315017276714694e-07,0.011114268133006791,0.04826865320558006,0.2994527132058972,0.101325,0.101325
0.1,0.1,1.0,0.001,0.00099,0.0,0,unit_total_var,0.450379746835443,1.217294266585979e-05,0.999575,1.2189368412750385e-05,1.217294266585979e-05,0.0058562689669585674,9.453912295249306e-07,1.3402377374133468e-07,0.011009973300639743,0.04781570650369972,0.2994527132058972,0.101325,0.101325
0.1,0.1,1.0,0.001,0.00099,0.0,0,unit_total_var,0.4565822784810127,1.1513562103801926e-05,0.999575,1.1529737359560596e-05,1.1513562103801926e-05,0.006097065643153599,9.902793306777041e-07,1.2557198400348086e-07,0.010906440845271977,0.047366070763058564,0.2994527132058972,0.101325,0.101325
0.1,0.1,1.0,0.001,0.00099,0.0,0,unit_total_var,0.4627848101265823,1.0899012762121338e-05,0.999575,1.0914977539411764e-05,1.0899012762121338e-05,0.006356852482376496,9.539687005604566e-07,1.1774942715465119e-07,0.010803678252756993,0.046919778494305266,0.2994527132058972,0.101325,0.101325
0.1,0.1,1.0,0.001,0.00099,0.0,0,unit_total_var,0.4689873417721519,1.0324899554568953e-05,0.999575,1.0340060035990406e-05,1.0324899554568953e-05,0.006372250162613113,9.216678777523165e-07,1.1049358648783174e-07,0.010701662123089262,0.04647672807250704,0.2994527132058972,0.101325,0.101325
0.1,0.1,1.0,0.001,0.00099,0.0,0,unit_total_var,0.4751898734177215,9.787297609220621e-06,0.999575,9.80299925514519e-06,9.787297609220621e-06,0.006961752227908846,9.720327281623198e-07,1.0374903956319137e-07,0.010600376498764002,0.04603685019510118,0.2994527132058972,0.101325,0.101325
0.1,0.1,1.0,0.001,0.00099,0.0,0,unit_total_var,0.4813924050632911,9.284495813666988e-06,0.999575,9.299490396259979e-06,9.284495813666988e-06,0.007008255191507828,9.43259644876557e-07,9.748556347473381e-08,0.010499823084763832,0.04560015226673311,0.2994527132058972,0.101325,0.101325
0.1,0.1,1.0,0.001,0.00099,0.0,0,unit_total_var,0.4875949367088608,8.812527094127225e-06,0.9995625,8.827495606391737e-06,8.812527094127225e-06,0.007370448382538086,9.989322581841623e-07,9.165013996828132e-08,0.010399983908061752,0.04516655623153834,0.2994527132058972,0.101325,0.101325
0.1,0.1,1.0,0.001,0.00099,0.0,0,unit_total_var,0.4937974683544304,8.370206905566286e-06,0.9995625,8.38517715467874e-06,8.370206905566286e-06,0.0077604885556326044,9.730224388004166e-07,8.622030408250027e-08,0.01030085696270695,0.04473605337778319,0.2994527132058972,0.101325,0.101325
0.1,0.1,1.0,0.001,0.00099,0.0,0,unit_total_var,0.5,7.95431370647929e-06,0.9995375,7.969076290885962e-06,7.95431370647929e-06,0.008052695794539488,9.666735464684134e-07,8.115366525935131e-08,0.010202472300438256,0.044308774218511086,0.2994527132058972,0.101325,0.101325
