label,solver,omega,alpha_pt,sigma0_pt,alpha,mse_best,mse_fwd,mse_bwd,diff_db,fp_residual,reliability_db,s2_pt,gp_pt,s2_pt_manual
w1.0_apt0.01,imperfect,1.0,0.01,0.0,0.01,1.126865060584114e-12,1.126865060584114e-12,1.1426790728828407,120.06052360322673,9.998805914965934e-05,102.7562590800581,10.691764638189047,2.6607284392658497,
w1.0_apt0.01,imperfect,1.0,0.01,0.0,0.035789473684210524,1.1529271748409982,1.1529271920176638,1.1529271748409982,6.470253477441901e-08,9.084556209160155e-05,102.7562590800581,10.691764638189047,2.6607284392658497,
w1.0_apt0.01,imperfect,1.0,0.01,0.0,0.06157894736842105,1.1090265489549007,1.1090286915878935,1.1090265489549007,8.390536615277e-06,8.953128152811018e-05,102.7562590800581,10.691764638189047,2.6607284392658497,
w1.0_apt0.01,imperfect,1.0,0.01,0.0,0.08736842105263157,1.040538731672216,1.0405440479657522,1.040538731672216,2.218880449625371e-05,9.754704592701557e-05,102.7562590800581,10.691764638189047,2.6607284392658497,
w1.0_apt0.01,imperfect,1.0,0.01,0.0,0.1131578947368421,0.9561700123884861,0.9561801998924495,0.9561700123884861,4.6271616227083756e-05,9.358006204251978e-05,102.7562590800581,10.691764638189047,2.6607284392658497,
w1.0_apt0.01,imperfect,1.0,0.01,0.0,0.13894736842105262,0.8601763044737274,0.860193793566916,0.8601763044737274,8.829979867974735e-05,8.931852821714159e-05,102.7562590800581,10.691764638189047,2.6607284392658497,
w1.0_apt0.01,imperfect,1.0,0.01,0.0,0.16473684210526315,0.7580746782211594,0.758103044535197,0.7580746782211594,0.00016250514006355132,9.448025544056549e-05,102.7562590800581,10.691764638189047,2.6607284392658497,
w1.0_apt0.01,imperfect,1.0,0.01,0.0,0.19052631578947368,0.6551007221548534,0.6551414372966354,0.6551007221548534,0.00026990982215013837,9.872040438629881e-05,102.7562590800581,10.691764638189047,2.6607284392658497,
w1.0_apt0.01,imperfect,1.0,0.01,0.0,0.2,0.6182281342335335,0.6182753939631354,0.6182281342335335,0.0003319786692763671,9.900390682959781e-05,102.7562590800581,10.691764638189047,2.6607284392658497,
w1.0_apt0.01,imperfect,1.0,0.01,0.0,0.2163157894736842,0.5569265504273186,0.5569850461471688,0.5569265504273186,0.0004561289863103113,9.793275168012983e-05,102.7562590800581,10.691764638189047,2.6607284392658497,
w1.0_apt0.01,imperfect,1.0,0.01,0.0,0.24210526315789474,0.4669037784499322,0.46698108124178345,0.4669037784499322,0.0007189789119070866,9.69094861429376e-05,102.7562590800581,10.691764638189047,2.6607284392658497,
w1.0_apt0.01,imperfect,1.0,0.01,0.0,0.26789473684210524,0.38594364504471057,0.38604540215068295,0.38594364504471057,0.0011449009551300904,9.841857694259382e-05,102.7562590800581,10.691764638189047,2.6607284392658497,
w1.0_apt0.01,imperfect,1.0,0.01,0.0,0.29368421052631577,0.31415913528477696,0.31429191052607763,0.31415913528477696,0.0018351009477228786,9.976745148665422e-05,102.7562590800581,10.691764638189047,2.6607284392658497,
w1.0_apt0.01,imperfect,1.0,0.01,0.0,0.3,0.2979859410739823,0.29812609107263605,0.2979859410739823,0.002042111847879724,9.777909037900212e-05,102.7562590800581,10.691764638189047,2.6607284392658497,
w1.0_apt0.01,imperfect,1.0,0.01,0.0,0.3194736842105263,0.25143331217683973,0.2515987535191917,0.25143331217683973,0.0028566872592241666,9.672428198814753e-05,102.7562590800581,10.691764638189047,2.6607284392658497,
w1.0_apt0.01,imperfect,1.0,0.01,0.0,0.3452631578947368,0.19615704017800814,0.19637867313920737,0.19615704017800814,0.004904215286384073,9.857170956839578e-05,102.7562590800581,10.691764638189047,2.6607284392658497,
w1.0_apt0.01,imperfect,1.0,0.01,0.0,0.37105263157894736,0.1478578957727791,0.14814508517261346,0.1478578957727791,0.008427267208377387,9.940162656607576e-05,102.7562590800581,10.691764638189047,2.6607284392658497,
w1.0_apt0.01,imperfect,1.0,0.01,0.0,0.3968421052631579,3.373293097052105e-09,0.10859225465183517,3.373293097052105e-09,75.07744772684505,6.414597660131104e-05,102.7562590800581,10.691764638189047,2.6607284392658497,
w1.0_apt0.01,imperfect,1.0,0.01,0.0,0.4226315789473684,5.529931071188191e-10,0.07731090067829897,5.529931071188191e-10,81.45521014868746,2.4573514768870034e-05,102.7562590800581,10.691764638189047,2.6607284392658497,
w1.0_apt0.01,imperfect,1.0,0.01,0.0,0.44842105263157894,8.957168556076718e-11,0.05320340479318064,8.957168556076718e-11,87.73768679348085,9.99402710705458e-06,102.7562590800581,10.691764638189047,2.6607284392658497,
w1.0_apt0.01,imperfect,1.0,0.01,0.0,0.47421052631578947,1.2672715914947645e-11,0.03561081390465323,1.2672715914947645e-11,94.48712200453527,4.323774270275313e-06,102.7562590800581,10.691764638189047,2.6607284392658497,
w1.0_apt0.01,imperfect,1.0,0.01,0.0,0.5,1.126865060584114e-12,0.023497388394677833,1.126865060584114e-12,103.1914768208751,1.9997611829931867e-06,102.7562590800581,10.691764638189047,2.6607284392658497,
w1.0_apt0.2,imperfect,1.0,0.2,0.0,0.01,4.590620462287245e-13,4.590620462287245e-13,1.0805673297026217,123.71780444590198,9.999220529850518e-05,104.62311050808889,0.4046918785120316,0.293518999740045,
w1.0_apt0.2,imperfect,1.0,0.2,0.0,0.035789473684210524,1.021477933076397,1.0214779451248317,1.021477933076397,5.122546950508955e-08,9.04054195736137e-05,104.62311050808889,0.4046918785120316,0.293518999740045,
w1.0_apt0.2,imperfect,1.0,0.2,0.0,0.06157894736842105,0.9442218129046399,0.9442250583087065,0.9442218129046399,1.492719863244174e-05,9.951298997634694e-05,104.62311050808889,0.4046918785120316,0.293518999740045,
w1.0_apt0.2,imperfect,1.0,0.2,0.0,0.08736842105263157,0.8565587542925414,0.856565278259958,0.8565587542925414,3.307785070238989e-05,8.387096243644976e-05,104.62311050808889,0.4046918785120316,0.293518999740045,
w1.0_apt0.2,imperfect,1.0,0.2,0.0,0.1131578947368421,0.7594939415204479,0.7595067116566381,0.7594939415204479,7.30216892148583e-05,9.333148253443113e-05,104.62311050808889,0.4046918785120316,0.293518999740045,
w1.0_apt0.2,imperfect,1.0,0.2,0.0,0.13894736842105262,0.6571742428934109,0.6571954303105196,0.6571742428934109,0.00014001507375760447,9.498422166398512e-05,104.62311050808889,0.4046918785120316,0.293518999740045,
w1.0_apt0.2,imperfect,1.0,0.2,0.0,0.16473684210526315,0.5562874072640986,0.5563213383923711,0.5562874072640986,0.0002648927906694354,9.42572155118171e-05,104.62311050808889,0.4046918785120316,0.293518999740045,
w1.0_apt0.2,imperfect,1.0,0.2,0.0,0.19052631578947368,0.46277342515588216,0.46281875714732607,0.46277342515588216,0.0004254019022615907,9.162268361428971e-05,104.62311050808889,0.4046918785120316,0.293518999740045,
w1.0_apt0.2,imperfect,1.0,0.2,0.0,0.2,0.4310345866238954,0.43108623866107937,0.4310345866238954,0.0005203956127028952,9.170946358416643e-05,104.62311050808889,0.4046918785120316,0.293518999740045,
w1.0_apt0.2,imperfect,1.0,0.2,0.0,0.2163157894736842,0.3799124323834139,0.37997740420663745,0.3799124323834139,0.0007426577647242638,9.83819422077925e-05,104.62311050808889,0.4046918785120316,0.293518999740045,
w1.0_apt0.2,imperfect,1.0,0.2,0.0,0.24210526315789474,0.3080285912072469,0.30811602665299986,0.3080285912072469,0.0012325915302158208,9.89598708704964e-05,104.62311050808889,0.4046918785120316,0.293518999740045,
w1.0_apt0.2,imperfect,1.0,0.2,0.0,0.26789473684210524,0.24652122921226965,0.2466332872478797,0.24652122921226965,0.001973668930592254,9.907853334101269e-05,104.62311050808889,0.4046918785120316,0.293518999740045,
w1.0_apt0.2,imperfect,1.0,0.2,0.0,0.29368421052631577,0.1945623218554186,0.19470333873453327,0.1945623218554186,0.003146584008513642,9.921332584539311e-05,104.62311050808889,0.4046918785120316,0.293518999740045,
w1.0_apt0.2,imperfect,1.0,0.2,0.0,0.3,0.1831845217686686,0.18333273820659685,0.1831845217686686,0.0035124995004487403,9.912354282815006e-05,104.62311050808889,0.4046918785120316,0.293518999740045,
w1.0_apt0.2,imperfect,1.0,0.2,0.0,0.3194736842105263,0.15112954822018768,0.1513015925047179,0.15112954822018768,0.00494115065632883,9.446355523984318e-05,104.62311050808889,0.4046918785120316,0.293518999740045,
w1.0_apt0.2,imperfect,1.0,0.2,0.0,0.3452631578947368,0.11490303312754971,0.11512479719927791,0.11490303312754971,0.008373851315083058,9.46718630412402e-05,104.62311050808889,0.4046918785120316,0.293518999740045,
w1.0_apt0.2,imperfect,1.0,0.2,0.0,0.37105263157894736,0.08509269028982692,0.08537535526340313,0.08509269028982692,0.014402693521095244,9.829248265771917e-05,104.62311050808889,0.4046918785120316,0.293518999740045,
w1.0_apt0.2,imperfect,1.0,0.2,0.0,0.3968421052631579,1.3486804288189023e-09,0.06177109982350537,1.3486804288189023e-09,76.6087627859441,6.439695945057952e-05,104.62311050808889,0.4046918785120316,0.293518999740045,
w1.0_apt0.2,imperfect,1.0,0.2,0.0,0.4226315789473684,2.2107332285928562e-10,0.04387515466405065,2.2107332285928562e-10,82.97682321417972,2.4612478833312747e-05,104.62311050808889,0.4046918785120316,0.293518999740045,
w1.0_apt0.2,imperfect,1.0,0.2,0.0,0.44842105263157894,3.589677112162819e-11,0.03077177476582434,3.589677112162819e-11,89.33097158972164,1.0000159418924899e-05,104.62311050808889,0.4046918785120316,0.293518999740045,
w1.0_apt0.2,imperfect,1.0,0.2,0.0,0.47421052631578947,5.1046560611601834e-12,0.021354101742950167,5.1046560611601834e-12,96.21514821872812,4.324652565863694e-06,104.62311050808889,0.4046918785120316,0.293518999740045,
w1.0_apt0.2,imperfect,1.0,0.2,0.0,0.5,4.590620462287245e-13,0.014737875114682745,4.590620462287245e-13,105.06563483910789,1.9998441059701036e-06,104.62311050808889,0.4046918785120316,0.293518999740045,
w1.0_apt0.5,imperfect,1.0,0.5,0.0,0.01,7.67219280639835e-14,7.67219280639835e-14,1.0229760016556075,131.24945937211234,9.999231254371008e-05,95.28484436291994,0.003872370019792872,0.023072269453454444,
w1.0_apt0.5,imperfect,1.0,0.5,0.0,0.035789473684210524,0.800858604079208,0.800858604079208,0.8008587209600022,6.338282442230891e-07,9.305658054969967e-05,95.28484436291994,0.003872370019792872,0.023072269453454444,
w1.0_apt0.5,imperfect,1.0,0.5,0.0,0.06157894736842105,0.5786487183251912,0.5786567512932393,0.5786487183251912,6.028959143922208e-05,8.924037791935291e-05,95.28484436291994,0.003872370019792872,0.023072269453454444,
w1.0_apt0.5,imperfect,1.0,0.5,0.0,0.08736842105263157,0.39232533472793657,0.3923429954024734,0.39232533472793657,0.00019549491689296872,8.849307451175292e-05,95.28484436291994,0.003872370019792872,0.023072269453454444,
w1.0_apt0.5,imperfect,1.0,0.5,0.0,0.1131578947368421,0.251988607998325,0.25202359004093805,0.251988607998325,0.0006028627146736909,9.83509179186548e-05,95.28484436291994,0.003872370019792872,0.023072269453454444,
w1.0_apt0.5,imperfect,1.0,0.5,0.0,0.13894736842105262,0.15332162251604864,0.1533795487222387,0.15332162251604864,0.0016404914205896404,9.954697850811378e-05,95.28484436291994,0.003872370019792872,0.023072269453454444,
w1.0_apt0.5,imperfect,1.0,0.5,0.0,0.16473684210526315,0.08838010234879998,0.08846696660124209,0.08838010234879998,0.004266360620851728,9.402449558804093e-05,95.28484436291994,0.003872370019792872,0.023072269453454444,
w1.0_apt0.5,imperfect,1.0,0.5,0.0,0.19052631578947368,0.04883664621166431,0.04896082000720477,0.04883664621166431,0.011028511323495138,9.966789517973362e-05,95.28484436291994,0.003872370019792872,0.023072269453454444,
w1.0_apt0.5,imperfect,1.0,0.5,0.0,0.2,0.039061887214339716,0.03919721303757586,0.039061887214339716,0.015019676096327927,9.856195673502155e-05,95.28484436291994,0.003872370019792872,0.023072269453454444,
w1.0_apt0.5,imperfect,1.0,0.5,0.0,0.2163157894736842,0.026602547350073634,0.02673019096279745,0.026602547350073634,0.020788365366446016,9.831653642411453e-05,95.28484436291994,0.003872370019792872,0.023072269453454444,
w1.0_apt0.5,imperfect,1.0,0.5,0.0,0.24210526315789474,0.014741019409625584,0.014843923562723757,0.014741019409625584,0.03021191294891068,9.71509150826666e-05,95.28484436291994,0.003872370019792872,0.023072269453454444,
w1.0_apt0.5,imperfect,1.0,0.5,0.0,0.26789473684210524,0.008481316240608296,0.008562918569234912,0.008481316240608296,0.04158557097054327,9.551774181590367e-05,95.28484436291994,0.003872370019792872,0.023072269453454444,
w1.0_apt0.5,imperfect,1.0,0.5,0.0,0.29368421052631577,0.005102728562232456,0.005168863561019898,0.005102728562232456,0.05592601731011726,9.706350469243508e-05,95.28484436291994,0.003872370019792872,0.023072269453454444,
w1.0_apt0.5,imperfect,1.0,0.5,0.0,0.3,0.004537086357563132,0.004598975595817106,0.004537086357563132,0.05884059445306633,9.50870282722116e-05,95.28484436291994,0.003872370019792872,0.023072269453454444,
w1.0_apt0.5,imperfect,1.0,0.5,0.0,0.3194736842105263,0.00320649656205498,0.0032600022549085623,0.00320649656205498,0.0718712185370265,9.712085068389054e-05,95.28484436291994,0.003872370019792872,0.023072269453454444,
w1.0_apt0.5,imperfect,1.0,0.5,0.0,0.3452631578947368,0.0020937869635489184,0.0021376589796999112,0.0020937869635489184,0.09005932039667286,9.59652177025122e-05,95.28484436291994,0.003872370019792872,0.023072269453454444,
w1.0_apt0.5,imperfect,1.0,0.5,0.0,0.37105263157894736,0.0014116350765671628,0.0014479391655229591,0.0014116350765671628,0.11027874316922848,9.705177898365613e-05,95.28484436291994,0.003872370019792872,0.023072269453454444,
w1.0_apt0.5,imperfect,1.0,0.5,0.0,0.3968421052631579,2.236075315328676e-10,0.0010093666480477386,2.236075315328676e-10,66.54562523142391,6.440328870230275e-05,95.28484436291994,0.003872370019792872,0.023072269453454444,
w1.0_apt0.5,imperfect,1.0,0.5,0.0,0.4226315789473684,3.6638468861468267e-11,0.0007190417086819447,3.6638468861468267e-11,72.92816766760109,2.4613476672336947e-05,95.28484436291994,0.003872370019792872,0.023072269453454444,
w1.0_apt0.5,imperfect,1.0,0.5,0.0,0.44842105263157894,5.946598986012339e-12,0.0005221739327126708,5.946598986012339e-12,79.43546535277301,1.00003174077625e-05,95.28484436291994,0.003872370019792872,0.023072269453454444,
w1.0_apt0.5,imperfect,1.0,0.5,0.0,0.47421052631578947,8.459006374069518e-13,0.0003848207926287927,8.459006374069518e-13,86.57939177578496,4.3246752538487425e-06,95.28484436291994,0.003872370019792872,0.023072269453454444,
w1.0_apt0.5,imperfect,1.0,0.5,0.0,0.5,7.67219280639835e-14,0.0002878870411683461,7.67219280639835e-14,95.74302607803232,1.999846250874202e-06,95.28484436291994,0.003872370019792872,0.023072269453454444,
w1.0_apt1.0,imperfect,1.0,1.0,0.0,0.01,7.025481565899623e-14,7.025481565899623e-14,1.0259919047574877,131.6446783555904,9.997763801433788e-05,79.70546873852247,0.0,0.0,
w1.0_apt1.0,imperfect,1.0,1.0,0.0,0.035789473684210524,0.7894198385776344,0.7894198385776344,0.7894198823292443,2.406967913870517e-07,8.802410069108646e-05,79.70546873852247,0.0,0.0,
w1.0_apt1.0,imperfect,1.0,1.0,0.0,0.06157894736842105,0.5090599037178277,0.5090737267331704,0.5090599037178277,0.0001179267457120936,9.308021577325576e-05,79.70546873852247,0.0,0.0,
w1.0_apt1.0,imperfect,1.0,1.0,0.0,0.08736842105263157,0.27302347498862867,0.2730577030278534,0.27302347498862867,0.0005444263299878571,9.632726331032515e-05,79.70546873852247,0.0,0.0,
w1.0_apt1.0,imperfect,1.0,1.0,0.0,0.1131578947368421,0.12095315697022385,0.1210293525775297,0.12095315697022385,0.0027350185725154574,9.805858866673844e-05,79.70546873852247,0.0,0.0,
w1.0_apt1.0,imperfect,1.0,1.0,0.0,0.13894736842105262,0.04102372710691877,0.04117177778295959,0.04102372710691877,0.015645055351139803,9.622107798235024e-05,79.70546873852247,0.0,0.0,
w1.0_apt1.0,imperfect,1.0,1.0,0.0,0.16473684210526315,0.010595740739918738,0.010755683754500058,0.010595740739918738,0.06506701040092366,9.705661497055873e-05,79.70546873852247,0.0,0.0,
w1.0_apt1.0,imperfect,1.0,1.0,0.0,0.19052631578947368,0.002701729093377914,0.002783933954419525,0.002701729093377914,0.1301712845262557,9.867276701493177e-05,79.70546873852247,0.0,0.0,
w1.0_apt1.0,imperfect,1.0,1.0,0.0,0.2,0.0017226579416593077,0.001785754118460509,0.0017226579416593077,0.15622609769508244,9.826606450145936e-05,79.70546873852247,0.0,0.0,
w1.0_apt1.0,imperfect,1.0,1.0,0.0,0.2163157894736842,0.0008617878725891131,0.0009023772274997677,0.0008617878725891131,0.19987748633664637,9.757121563025439e-05,79.70546873852247,0.0,0.0,
w1.0_apt1.0,imperfect,1.0,1.0,0.0,0.24210526315789474,0.0003487631710368664,0.0003715928925275166,0.0003487631710368664,0.27536780915566084,9.991376091968845e-05,79.70546873852247,0.0,0.0,
w1.0_apt1.0,imperfect,1.0,1.0,0.0,0.26789473684210524,0.0001691448883592768,0.00018314871578738008,0.0001691448883592768,0.3454500006838117,9.915816707475877e-05,79.70546873852247,0.0,0.0,
w1.0_apt1.0,imperfect,1.0,1.0,0.0,0.29368421052631577,9.32501558739963e-05,0.0001026255470625843,9.32501558739963e-05,0.41605918778609663,9.794200686279175e-05,79.70546873852247,0.0,0.0,
w1.0_apt1.0,imperfect,1.0,1.0,0.0,0.3,8.183453944121398e-05,9.041049033820598e-05,8.183453944121398e-05,0.43282182050960927,9.691548011801429e-05,79.70546873852247,0.0,0.0,
w1.0_apt1.0,imperfect,1.0,1.0,0.0,0.3194736842105263,5.6318160916339876e-05,6.316696236749659e-05,5.6318160916339876e-05,0.4984152826312851,9.667955625250468e-05,79.70546873852247,0.0,0.0,
w1.0_apt1.0,imperfect,1.0,1.0,0.0,0.3452631578947368,3.6389813844956555e-05,4.1586704025692505e-05,3.6389813844956555e-05,0.5797466758671632,9.499629898180456e-05,79.70546873852247,0.0,0.0,
w1.0_apt1.0,imperfect,1.0,1.0,0.0,0.37105263157894736,2.462699247148642e-05,2.8878838489880522e-05,2.462699247148642e-05,0.6916834425507545,9.776900687997504e-05,79.70546873852247,0.0,0.0,
w1.0_apt1.0,imperfect,1.0,1.0,0.0,0.3968421052631579,2.0226443071834137e-10,2.0809318080789037e-05,2.0226443071834137e-10,50.12338332180869,6.352114988268259e-05,79.70546873852247,0.0,0.0,
w1.0_apt1.0,imperfect,1.0,1.0,0.0,0.4226315789473684,3.3369891676904066e-11,1.5551391466052307e-05,3.3369891676904066e-11,56.68414456868638,2.4475952214656878e-05,79.70546873852247,0.0,0.0,
w1.0_apt1.0,imperfect,1.0,1.0,0.0,0.44842105263157894,5.431281571829418e-12,1.1830852616425824e-05,5.431281571829418e-12,63.38113725806136,9.978635051814495e-06,79.70546873852247,0.0,0.0,
w1.0_apt1.0,imperfect,1.0,1.0,0.0,0.47421052631578947,7.735221842597089e-13,9.272536584561245e-06,7.735221842597089e-13,70.78725781922486,4.32156754427739e-06,79.70546873852247,0.0,0.0,
w1.0_apt1.0,imperfect,1.0,1.0,0.0,0.5,7.025481565899623e-14,7.314100519087271e-06,7.025481565899623e-14,80.17484826059078,1.999552760286758e-06,79.70546873852247,0.0,0.0,
w1.0_oracle,oracle,1.0,1.0,0.0,0.01,7.025481565899623e-14,7.025481565899623e-14,1.0259919047574877,131.6446783555904,9.997763801433788e-05,79.70546867010192,,,
w1.0_oracle,oracle,1.0,1.0,0.0,0.035789473684210524,0.7894198385775256,0.7894198385775256,0.789419882329136,2.4069679405158695e-07,8.802410069108646e-05,79.70546867010192,,,
w1.0_oracle,oracle,1.0,1.0,0.0,0.06157894736842105,0.5090599037178444,0.5090737267331872,0.5090599037178444,0.00011792674571342587,9.308021577503212e-05,79.70546867010192,,,
w1.0_oracle,oracle,1.0,1.0,0.0,0.08736842105263157,0.2730234749876574,0.2730577030268851,0.2730234749876574,0.0005444263300367069,9.63272633165424e-05,79.70546867010192,,,
w1.0_oracle,oracle,1.0,1.0,0.0,0.1131578947368421,0.1209531569689221,0.12102935257622803,0.1209531569689221,0.002735018572549208,9.805858866540618e-05,79.70546867010192,,,
w1.0_oracle,oracle,1.0,1.0,0.0,0.13894736842105262,0.041023727106760145,0.04117177778279299,0.041023727106760145,0.015645055350358206,9.6221077976133e-05,79.70546867010192,,,
w1.0_oracle,oracle,1.0,1.0,0.0,0.16473684210526315,0.010595740739919665,0.010755683754499892,0.010595740739919665,0.06506701040047602,9.705661496942075e-05,79.70546867010192,,,
w1.0_oracle,oracle,1.0,1.0,0.0,0.19052631578947368,0.002701729093385829,0.002783933954419612,0.002701729093385829,0.13017128451366844,9.867276699596084e-05,79.70546867010192,,,
w1.0_oracle,oracle,1.0,1.0,0.0,0.2,0.0017226579416677345,0.0017857541184907668,0.0017226579416677345,0.15622609774742813,9.826606451319997e-05,79.70546867010192,,,
w1.0_oracle,oracle,1.0,1.0,0.0,0.2163157894736842,0.0008617878725925033,0.0009023772275003011,0.0008617878725925033,0.19987748632212998,9.757121561385085e-05,79.70546867010192,,,
w1.0_oracle,oracle,1.0,1.0,0.0,0.24210526315789474,0.0003487631710400964,0.0003715928925299913,0.0003487631710400964,0.2753678091443703,9.991376089121123e-05,79.70546867010192,,,
w1.0_oracle,oracle,1.0,1.0,0.0,0.26789473684210524,0.00016914488841033475,0.00018314871578744218,0.00016914488841033475,0.3454499993743312,9.915816618508155e-05,79.70546867010192,,,
w1.0_oracle,oracle,1.0,1.0,0.0,0.29368421052631577,9.325015587501697e-05,0.00010262554706440166,9.325015587501697e-05,0.41605918781546336,9.794200684102791e-05,79.70546867010192,,,
w1.0_oracle,oracle,1.0,1.0,0.0,0.3,8.183453944523862e-05,9.041049033859476e-05,8.183453944523862e-05,0.4328218203147003,9.691548002448841e-05,79.70546867010192,,,
w1.0_oracle,oracle,1.0,1.0,0.0,0.3194736842105263,5.6318160947760055e-05,6.316696236752948e-05,5.6318160947760055e-05,0.498415280210601,9.667955521435595e-05,79.70546867010192,,,
w1.0_oracle,oracle,1.0,1.0,0.0,0.3452631578947368,3.638981384499895e-05,4.1586704042851685e-05,3.638981384499895e-05,0.5797466776540503,9.499629910643403e-05,79.70546867010192,,,
w1.0_oracle,oracle,1.0,1.0,0.0,0.37105263157894736,2.4626992468403814e-05,2.887883849190066e-05,2.4626992468403814e-05,0.6916834433981762,9.776900703018822e-05,79.70546867010192,,,
w1.0_oracle,oracle,1.0,1.0,0.0,0.3968421052631579,2.0226443766112258e-10,2.0809318081048632e-05,2.0226443766112258e-10,50.123383172790106,6.352114988268353e-05,79.70546867010192,,,
w1.0_oracle,oracle,1.0,1.0,0.0,0.4226315789473684,3.3369891676904066e-11,1.55513914660942e-05,3.3369891676904066e-11,56.68414456869807,2.4475952214656878e-05,79.70546867010192,,,
w1.0_oracle,oracle,1.0,1.0,0.0,0.44842105263157894,5.431281571829418e-12,1.1830852641309752e-05,5.431281571829418e-12,63.38113726719591,9.978635051814495e-06,79.70546867010192,,,
w1.0_oracle,oracle,1.0,1.0,0.0,0.47421052631578947,7.735221842597089e-13,9.272536591110175e-06,7.735221842597089e-13,70.78725782229216,4.32156754427739e-06,79.70546867010192,,,
w1.0_oracle,oracle,1.0,1.0,0.0,0.5,7.025481565899623e-14,7.31410039752135e-06,7.025481565899623e-14,80.17484818840771,1.999552760286758e-06,79.70546867010192,,,
w1.0_apt0.95_s00.0,imperfect,1.0,0.95,0.0,0.01,7.050558182398015e-14,7.050558182398015e-14,1.024234065524696,131.6217571534834,9.99895726797237e-05,88.09660897212044,5.705548281260777e-05,0.001047932227320496,
w1.0_apt0.95_s00.0,imperfect,1.0,0.95,0.0,0.035789473684210524,0.7880593621550622,0.7880593621550622,0.7880593997256485,2.07049096978551e-07,9.74156210489241e-05,88.09660897212044,5.705548281260777e-05,0.001047932227320496,
w1.0_apt0.95_s00.0,imperfect,1.0,0.95,0.0,0.06157894736842105,0.5283748307943416,0.5283858701912687,0.5283748307943416,9.073670443449089e-05,9.542665945794226e-05,88.09660897212044,5.705548281260777e-05,0.001047932227320496,
w1.0_apt0.95_s00.0,imperfect,1.0,0.95,0.0,0.08736842105263157,0.3152289585189042,0.3152560084514045,0.3152289585189042,0.0003726539741109036,9.55864241740656e-05,88.09660897212044,5.705548281260777e-05,0.001047932227320496,
w1.0_apt0.95_s00.0,imperfect,1.0,0.95,0.0,0.1131578947368421,0.16891281594683338,0.16896733157513275,0.16891281594683338,0.0014014340248742485,9.991079605220499e-05,88.09660897212044,5.705548281260777e-05,0.001047932227320496,
w1.0_apt0.95_s00.0,imperfect,1.0,0.95,0.0,0.13894736842105262,0.07978811187779665,0.07988473908641161,0.07978811187779665,0.005256331101056944,9.905353486194812e-05,88.09660897212044,5.705548281260777e-05,0.001047932227320496,
w1.0_apt0.95_s00.0,imperfect,1.0,0.95,0.0,0.16473684210526315,0.033188760560947037,0.033336063192327174,0.033188760560947037,0.019232767836118825,9.877423438281463e-05,88.09660897212044,5.705548281260777e-05,0.001047932227320496,
w1.0_apt0.95_s00.0,imperfect,1.0,0.95,0.0,0.19052631578947368,0.013062104701147853,0.013181931013506986,0.013062104701147853,0.03965873880046189,9.61747417630443e-05,88.09660897212044,5.705548281260777e-05,0.001047932227320496,
w1.0_apt0.95_s00.0,imperfect,1.0,0.95,0.0,0.2,0.009353467272311573,0.009458296218920862,0.009353467272311573,0.04840280320573953,9.620533280771393e-05,88.09660897212044,5.705548281260777e-05,0.001047932227320496,
w1.0_apt0.95_s00.0,imperfect,1.0,0.95,0.0,0.2163157894736842,0.005417551850809503,0.0054990621382130025,0.005417551850809503,0.06485550545539098,9.89044474491163e-05,88.09660897212044,5.705548281260777e-05,0.001047932227320496,
w1.0_apt0.95_s00.0,imperfect,1.0,0.95,0.0,0.24210526315789474,0.0025116834163853726,0.002564037742788285,0.0025116834163853726,0.08959515604617252,9.642054378253273e-05,88.09660897212044,5.705548281260777e-05,0.001047932227320496,
w1.0_apt0.95_s00.0,imperfect,1.0,0.95,0.0,0.26789473684210524,0.0013043877066392499,0.0013401599512202441,0.0013043877066392499,0.11749938427074369,9.693518370837428e-05,88.09660897212044,5.705548281260777e-05,0.001047932227320496,
w1.0_apt0.95_s00.0,imperfect,1.0,0.95,0.0,0.29368421052631577,0.0007449243052476153,0.000770046229950078,0.0007449243052476153,0.14404654368480152,9.747099740234355e-05,88.09660897212044,5.705548281260777e-05,0.001047932227320496,
w1.0_apt0.95_s00.0,imperfect,1.0,0.95,0.0,0.3,0.0006571167728285922,0.0006810906272504796,0.0006571167728285922,0.1556235118295426,9.924178726593291e-05,88.09660897212044,5.705548281260777e-05,0.001047932227320496,
w1.0_apt0.95_s00.0,imperfect,1.0,0.95,0.0,0.3194736842105263,0.00045827382585541176,0.0004774064125515236,0.00045827382585541176,0.1776319479928219,9.840040119976634e-05,88.09660897212044,5.705548281260777e-05,0.001047932227320496,
w1.0_apt0.95_s00.0,imperfect,1.0,0.95,0.0,0.3452631578947368,0.00029873514283003687,0.00031401293994270024,0.00029873514283003687,0.21661229512542945,9.780391624734236e-05,88.09660897212044,5.705548281260777e-05,0.001047932227320496,
w1.0_apt0.95_s00.0,imperfect,1.0,0.95,0.0,0.37105263157894736,0.00020370435809144235,0.00021592923314802802,0.00020370435809144235,0.2531112192390452,9.606093380989944e-05,88.09660897212044,5.705548281260777e-05,0.001047932227320496,
w1.0_apt0.95_s00.0,imperfect,1.0,0.95,0.0,0.3968421052631579,2.0481648025503259e-10,0.0001539742847745498,2.0481648025503259e-10,58.76083296854434,6.423690202118699e-05,88.09660897212044,5.705548281260777e-05,0.001047932227320496,
w1.0_apt0.95_s00.0,imperfect,1.0,0.95,0.0,0.4226315789473684,3.360306628369471e-11,0.00011327428365691195,3.360306628369471e-11,65.27752415775075,2.4587696061307e-05,88.09660897212044,5.705548281260777e-05,0.001047932227320496,
w1.0_apt0.95_s00.0,imperfect,1.0,0.95,0.0,0.44842105263157894,5.456908824668712e-12,8.505861677938025e-05,5.456908824668712e-12,71.92771618403664,9.99626309893179e-06,88.09660897212044,5.705548281260777e-05,0.001047932227320496,
w1.0_apt0.95_s00.0,imperfect,1.0,0.95,0.0,0.47421052631578947,7.765030493951978e-13,6.518120954969982e-05,7.765030493951978e-13,79.23979249706397,4.3240947710267845e-06,88.09660897212044,5.705548281260777e-05,0.001047932227320496,
w1.0_apt0.95_s00.0,imperfect,1.0,0.95,0.0,0.5,7.050558182398015e-14,5.0640644184826165e-05,7.050558182398015e-14,88.56275720764972,1.999791453594474e-06,88.09660897212044,5.705548281260777e-05,0.001047932227320496,
w1.0_apt0.95_s00.01,imperfect,1.0,0.95,0.01,0.01,7.066896718356389e-14,7.066896718356389e-14,1.0217183172874853,131.60102435237013,9.999491252524073e-05,97.00928312394937,0.0006931924474598689,0.0017946617618338778,
w1.0_apt0.95_s00.01,imperfect,1.0,0.95,0.01,0.035789473684210524,0.7965392805649474,0.7965392805649474,0.796539362087355,4.444819085014373e-07,9.367990663022852e-05,97.00928312394937,0.0006931924474598689,0.0017946617618338778,
w1.0_apt0.95_s00.01,imperfect,1.0,0.95,0.01,0.06157894736842105,0.5717634139005237,0.5717717202856375,0.5717634139005237,6.309237227153375e-05,9.154241646314176e-05,97.00928312394937,0.0006931924474598689,0.0017946617618338778,
w1.0_apt0.95_s00.01,imperfect,1.0,0.95,0.01,0.08736842105263157,0.38508260123598936,0.3851013827444179,0.38508260123598936,0.00021181186946517272,9.966994551824371e-05,97.00928312394937,0.0006931924474598689,0.0017946617618338778,
w1.0_apt0.95_s00.01,imperfect,1.0,0.95,0.01,0.1131578947368421,0.24592364649714096,0.24595719857410678,0.24592364649714096,0.0005924801525107881,9.431645564106361e-05,97.00928312394937,0.0006931924474598689,0.0017946617618338778,
w1.0_apt0.95_s00.01,imperfect,1.0,0.95,0.01,0.13894736842105262,0.14906248166101516,0.14911949788113338,0.14906248166101516,0.0016608535576914107,9.846064522389675e-05,97.00928312394937,0.0006931924474598689,0.0017946617618338778,
w1.0_apt0.95_s00.01,imperfect,1.0,0.95,0.01,0.16473684210526315,0.08598344312041639,0.08607013174773005,0.08598344312041639,0.0043763572713650944,9.847333762469379e-05,97.00928312394937,0.0006931924474598689,0.0017946617618338778,
w1.0_apt0.95_s00.01,imperfect,1.0,0.95,0.01,0.19052631578947368,0.047915215619678014,0.04803031087388535,0.047915215619678014,0.010419507735022648,9.423666126984198e-05,97.00928312394937,0.0006931924474598689,0.0017946617618338778,
w1.0_apt0.95_s00.01,imperfect,1.0,0.95,0.01,0.2,0.03852674035544723,0.03865343102411638,0.03852674035544723,0.014257835075067504,9.791883798582202e-05,97.00928312394937,0.0006931924474598689,0.0017946617618338778,
w1.0_apt0.95_s00.01,imperfect,1.0,0.95,0.01,0.2163157894736842,0.02654769475395619,0.02666069365508937,0.02654769475395619,0.018446291823000394,9.484853111263458e-05,97.00928312394937,0.0006931924474598689,0.0017946617618338778,
w1.0_apt0.95_s00.01,imperfect,1.0,0.95,0.01,0.24210526315789474,0.01505869412115043,0.01515094481464273,0.01505869412115043,0.026524045357373183,9.658141602580939e-05,97.00928312394937,0.0006931924474598689,0.0017946617618338778,
w1.0_apt0.95_s00.01,imperfect,1.0,0.95,0.01,0.26789473684210524,0.008901158156543996,0.00897591536488172,0.008901158156543996,0.03632231223284421,9.992564124516878e-05,97.00928312394937,0.0006931924474598689,0.0017946617618338778,
w1.0_apt0.95_s00.01,imperfect,1.0,0.95,0.01,0.29368421052631577,0.00551477522421134,0.0055740311631123154,0.00551477522421134,0.04641576621787635,9.578019946146488e-05,97.00928312394937,0.0006931924474598689,0.0017946617618338778,
w1.0_apt0.95_s00.01,imperfect,1.0,0.95,0.01,0.3,0.004938280323203328,0.004994602849345135,0.004938280323203328,0.04925221417741099,9.705283824507083e-05,97.00928312394937,0.0006931924474598689,0.0017946617618338778,
w1.0_apt0.95_s00.01,imperfect,1.0,0.95,0.01,0.3194736842105263,0.0035705711500069485,0.0036188324916384454,0.0035705711500069485,0.05830789379096757,9.824800631483277e-05,97.00928312394937,0.0006931924474598689,0.0017946617618338778,
w1.0_apt0.95_s00.01,imperfect,1.0,0.95,0.01,0.3452631578947368,0.002403840829739025,0.0024437845265123854,0.002403840829739025,0.07157203140129909,9.855095211785958e-05,97.00928312394937,0.0006931924474598689,0.0017946617618338778,
w1.0_apt0.95_s00.01,imperfect,1.0,0.95,0.01,0.37105263157894736,0.0016726929016547879,0.0017068338138014312,0.0016726929016547879,0.08775024098687823,9.710183801917016e-05,97.00928312394937,0.0006931924474598689,0.0017946617618338778,
w1.0_apt0.95_s00.01,imperfect,1.0,0.95,0.01,0.3968421052631579,2.0609540182300983e-10,0.001225692172547456,2.0609540182300983e-10,67.74313110257359,6.456102016179788e-05,97.00928312394937,0.0006931924474598689,0.0017946617618338778,
w1.0_apt0.95_s00.01,imperfect,1.0,0.95,0.01,0.4226315789473684,3.372859164893207e-11,0.0009004778513317547,3.372859164893207e-11,74.26474827706465,2.4637929231629317e-05,97.00928312394937,0.0006931924474598689,0.0017946617618338778,
w1.0_apt0.95_s00.01,imperfect,1.0,0.95,0.01,0.44842105263157894,5.471883126232311e-12,0.0006739056634800199,5.471883126232311e-12,80.90462293453041,1.0004163747826348e-05,97.00928312394937,0.0006931924474598689,0.0017946617618338778,
w1.0_apt0.95_s00.01,imperfect,1.0,0.95,0.01,0.47421052631578947,7.783613427066628e-13,0.0005124916697376018,7.783613427066628e-13,88.18505552000707,4.325226037565246e-06,97.00928312394937,0.0006931924474598689,0.0017946617618338778,
w1.0_apt0.95_s00.01,imperfect,1.0,0.95,0.01,0.5,7.066896718356389e-14,0.00039500296883269586,7.066896718356389e-14,97.47371615573581,1.999898250504815e-06,97.00928312394937,0.0006931924474598689,0.0017946617618338778,
w1.0_apt0.95_s00.05,imperfect,1.0,0.95,0.05,0.01,7.352094031744075e-14,7.352094031744075e-14,1.0425519816935729,131.51686665180966,9.999876764920969e-05,113.65032150303176,0.04273722217747673,0.004514502697619373,
w1.0_apt0.95_s00.05,imperfect,1.0,0.95,0.05,0.035789473684210524,0.9035377072162206,0.9035377072162206,0.9035377085980086,6.641703020893175e-09,8.697349117881004e-05,113.65032150303176,0.04273722217747673,0.004514502697619373,
w1.0_apt0.95_s00.05,imperfect,1.0,0.95,0.05,0.06157894736842105,0.7720457212863695,0.7720490659955479,0.7720457212863695,1.8814761266083835e-05,9.799683000188963e-05,113.65032150303176,0.04273722217747673,0.004514502697619373,
w1.0_apt0.95_s00.05,imperfect,1.0,0.95,0.05,0.08736842105263157,0.6503410692366701,0.6503474339194015,0.6503410692366701,4.250282189199872e-05,8.73021438057009e-05,113.65032150303176,0.04273722217747673,0.004514502697619373,
w1.0_apt0.95_s00.05,imperfect,1.0,0.95,0.05,0.1131578947368421,0.540424401095296,0.5404367309035705,0.540424401095296,9.908336118691352e-05,9.962032307786473e-05,113.65032150303176,0.04273722217747673,0.004514502697619373,
w1.0_apt0.95_s00.05,imperfect,1.0,0.95,0.05,0.13894736842105262,0.44383159641669445,0.44385102619655536,0.44383159641669445,0.00019011853931960587,9.403217084535953e-05,113.65032150303176,0.04273722217747673,0.004514502697619373,
w1.0_apt0.95_s00.05,imperfect,1.0,0.95,0.05,0.16473684210526315,0.361000549143778,0.36103012153618613,0.361000549143778,0.0003557501742861291,9.974744663932e-05,113.65032150303176,0.04273722217747673,0.004514502697619373,
w1.0_apt0.95_s00.05,imperfect,1.0,0.95,0.05,0.19052631578947368,0.2913476615614259,0.2913867419442885,0.2913476615614259,0.000582508757033473,9.323277969341959e-05,113.65032150303176,0.04273722217747673,0.004514502697619373,
w1.0_apt0.95_s00.05,imperfect,1.0,0.95,0.05,0.2,0.26884190234526073,0.2688826286096279,0.26884190234526073,0.0006578532649648139,8.951290878056462e-05,113.65032150303176,0.04273722217747673,0.004514502697619373,
w1.0_apt0.95_s00.05,imperfect,1.0,0.95,0.05,0.2163157894736842,0.23366035856923795,0.23371096632511043,0.23366035856923795,0.0009405227934253801,9.559773610878786e-05,113.65032150303176,0.04273722217747673,0.004514502697619373,
w1.0_apt0.95_s00.05,imperfect,1.0,0.95,0.05,0.24210526315789474,0.18647043460040236,0.18653592353256562,0.18647043460040236,0.0015249864532513868,9.728790594976111e-05,113.65032150303176,0.04273722217747673,0.004514502697619373,
w1.0_apt0.95_s00.05,imperfect,1.0,0.95,0.05,0.26789473684210524,0.14826730623543471,0.14834525183599043,0.14826730623543471,0.002282529452516613,9.365696195906548e-05,113.65032150303176,0.04273722217747673,0.004514502697619373,
w1.0_apt0.95_s00.05,imperfect,1.0,0.95,0.05,0.29368421052631577,0.1176086176874055,0.11770232744405325,0.1176086176874055,0.003459051370629851,9.170097778277153e-05,113.65032150303176,0.04273722217747673,0.004514502697619373,
w1.0_apt0.95_s00.05,imperfect,1.0,0.95,0.05,0.3,0.11109544172006174,0.11119437432001568,0.11109544172006174,0.00386575380218801,9.534838552421876e-05,113.65032150303176,0.04273722217747673,0.004514502697619373,
w1.0_apt0.95_s00.05,imperfect,1.0,0.95,0.05,0.3194736842105263,0.09317631698011271,0.09329422055941773,0.09317631698011271,0.005492007626322959,9.977508398917312e-05,113.65032150303176,0.04273722217747673,0.004514502697619373,
w1.0_apt0.95_s00.05,imperfect,1.0,0.95,0.05,0.3452631578947368,0.07382977507662457,0.07394712373958749,0.07382977507662457,0.006897409257348386,9.558889983585228e-05,113.65032150303176,0.04273722217747673,0.004514502697619373,
w1.0_apt0.95_s00.05,imperfect,1.0,0.95,0.05,0.37105263157894736,0.058554870576125996,0.058674119639052905,0.058554870576125996,0.008835566657937832,9.429188694543011e-05,113.65032150303176,0.04273722217747673,0.004514502697619373,
w1.0_apt0.95_s00.05,imperfect,1.0,0.95,0.05,0.3968421052631579,2.1482619754804515e-10,0.0466338920475539,2.1482619754804515e-10,83.36614421580894,6.479640842841107e-05,113.65032150303176,0.04273722217747673,0.004514502697619373,
w1.0_apt0.95_s00.05,imperfect,1.0,0.95,0.05,0.4226315789473684,3.509914486444861e-11,0.03714109087757791,3.509914486444861e-11,90.24558119639867,2.4674279106109983e-05,113.65032150303176,0.04273722217747673,0.004514502697619373,
w1.0_apt0.95_s00.05,imperfect,1.0,0.95,0.05,0.44842105263157894,5.691549544130058e-12,0.029645426633336934,5.691549544130058e-12,97.16727184071408,1.0009872362116713e-05,113.65032150303176,0.04273722217747673,0.004514502697619373,
w1.0_apt0.95_s00.05,imperfect,1.0,0.95,0.05,0.47421052631578947,8.096740415104133e-13,0.023711578775239054,8.096740415104133e-13,104.66650255499735,4.326042940469686e-06,113.65032150303176,0.04273722217747673,0.004514502697619373,
w1.0_apt0.95_s00.05,imperfect,1.0,0.95,0.05,0.5,7.352094031744075e-14,0.018998812682600844,7.352094031744075e-14,114.1231540792441,1.9999753529841937e-06,113.65032150303176,0.04273722217747673,0.004514502697619373,
w1.0_apt0.95_s00.1,imperfect,1.0,0.95,0.1,0.01,9.321556012899134e-14,9.321556012899134e-14,1.06279151777878,130.56959666035914,9.99992000990888e-05,118.57221016640074,0.1834796426863876,0.008138687858224272,
w1.0_apt0.95_s00.1,imperfect,1.0,0.95,0.1,0.035789473684210524,0.97674701287856,0.9767470425645275,0.97674701287856,1.319937659727266e-07,9.500544289409163e-05,118.57221016640074,0.1834796426863876,0.008138687858224272,
w1.0_apt0.95_s00.1,imperfect,1.0,0.95,0.1,0.06157894736842105,0.8905962652612965,0.8905982898606575,0.8905962652612965,9.872838741764589e-06,9.286332326396973e-05,118.57221016640074,0.1834796426863876,0.008138687858224272,
w1.0_apt0.95_s00.1,imperfect,1.0,0.95,0.1,0.08736842105263157,0.8056662876108605,0.8056704998177519,0.8056662876108605,2.270584552954702e-05,9.105458511271536e-05,118.57221016640074,0.1834796426863876,0.008138687858224272,
w1.0_apt0.95_s00.1,imperfect,1.0,0.95,0.1,0.1131578947368421,0.722909298769347,0.722917043769638,0.722909298769347,4.652856003239947e-05,9.948858573771702e-05,118.57221016640074,0.1834796426863876,0.008138687858224272,
w1.0_apt0.95_s00.1,imperfect,1.0,0.95,0.1,0.13894736842105262,0.6434477178962473,0.6434600537609052,0.6434477178962473,8.326001394309834e-05,9.362236346088793e-05,118.57221016640074,0.1834796426863876,0.008138687858224272,
w1.0_apt0.95_s00.1,imperfect,1.0,0.95,0.1,0.16473684210526315,0.5684155833664356,0.568432794460444,0.5684155833664356,0.00013149832997472188,9.058533518135903e-05,118.57221016640074,0.1834796426863876,0.008138687858224272,
w1.0_apt0.95_s00.1,imperfect,1.0,0.95,0.1,0.19052631578947368,0.49873332958559513,0.4987580868245752,0.49873332958559513,0.00021557944462546885,8.661330177250903e-05,118.57221016640074,0.1834796426863876,0.008138687858224272,
w1.0_apt0.95_s00.1,imperfect,1.0,0.95,0.1,0.2,0.4746051543342216,0.47463448031858624,0.4746051543342216,0.00026834347671655934,9.970784022561574e-05,118.57221016640074,0.1834796426863876,0.008138687858224272,
w1.0_apt0.95_s00.1,imperfect,1.0,0.95,0.1,0.2163157894736842,0.4349887574207158,0.4350223320675351,0.4349887574207158,0.00033519765503875476,9.855575401740424e-05,118.57221016640074,0.1834796426863876,0.008138687858224272,
w1.0_apt0.95_s00.1,imperfect,1.0,0.95,0.1,0.24210526315789474,0.37743838173031635,0.377479867626294,0.37743838173031635,0.0004773257431089917,9.321360866354489e-05,118.57221016640074,0.1834796426863876,0.008138687858224272,
w1.0_apt0.95_s00.1,imperfect,1.0,0.95,0.1,0.26789473684210524,0.32603394427070415,0.32608935798378114,0.32603394427070415,0.0007380772864840068,9.92520995062307e-05,118.57221016640074,0.1834796426863876,0.008138687858224272,
w1.0_apt0.95_s00.1,imperfect,1.0,0.95,0.1,0.29368421052631577,0.280521049450016,0.2805894877428689,0.280521049450016,0.0010594124014478012,9.640600015337064e-05,118.57221016640074,0.1834796426863876,0.008138687858224272,
w1.0_apt0.95_s00.1,imperfect,1.0,0.95,0.1,0.3,0.2702314346360709,0.2703023318153598,0.2702314346360709,0.001139253672396201,9.125513558105869e-05,118.57221016640074,0.1834796426863876,0.008138687858224272,
w1.0_apt0.95_s00.1,imperfect,1.0,0.95,0.1,0.3194736842105263,0.24050313696186723,0.24058301074030997,0.24050313696186723,0.0014421010337075657,9.375005862255481e-05,118.57221016640074,0.1834796426863876,0.008138687858224272,
w1.0_apt0.95_s00.1,imperfect,1.0,0.95,0.1,0.3452631578947368,0.20551200350604468,0.20561072785598294,0.20551200350604468,0.0020857733207675366,9.445684965048162e-05,118.57221016640074,0.1834796426863876,0.008138687858224272,
w1.0_apt0.95_s00.1,imperfect,1.0,0.95,0.1,0.37105263157894736,0.1750551432426541,0.17517051139550116,0.1750551432426541,0.002861226944262718,9.377571093344139e-05,118.57221016640074,0.1834796426863876,0.008138687858224272,
w1.0_apt0.95_s00.1,imperfect,1.0,0.95,0.1,0.3968421052631579,2.7217403799172496e-10,0.14877464769625545,2.7217403799172496e-10,87.37682233946474,6.482289656737608e-05,118.57221016640074,0.1834796426863876,0.008138687858224272,
w1.0_apt0.95_s00.1,imperfect,1.0,0.95,0.1,0.4226315789473684,4.447755570363287e-11,0.1259682063091147,4.447755570363287e-11,94.52120033119255,2.4678361709229022e-05,118.57221016640074,0.1834796426863876,0.008138687858224272,
w1.0_apt0.95_s00.1,imperfect,1.0,0.95,0.1,0.44842105263157894,7.2163518748676765e-12,0.10630888972433607,7.2163518748676765e-12,101.68251880878039,1.0010513015297185e-05,118.57221016640074,0.1834796426863876,0.008138687858224272,
w1.0_apt0.95_s00.1,imperfect,1.0,0.95,0.1,0.47421052631578947,1.027340044822047e-12,0.08943611157657863,1.027340044822047e-12,109.39798692219482,4.3261345882048275e-06,118.57221016640074,0.1834796426863876,0.008138687858224272,
w1.0_apt0.95_s00.1,imperfect,1.0,0.95,0.1,0.5,9.321556012899134e-14,0.07498852577043953,9.321556012899134e-14,119.05506402135894,1.9999840019817766e-06,118.57221016640074,0.1834796426863876,0.008138687858224272,
w1.0_apt0.95_s00.5,imperfect,1.0,0.95,0.5,0.01,8.004485905719904e-14,8.004485905719904e-14,1.0851400126495443,131.3215233337678,9.999970825521328e-05,128.38151117979967,7.759451351154814,0.03139755518333606,
w1.0_apt0.95_s00.5,imperfect,1.0,0.95,0.5,0.035789473684210524,1.0695004129468744,1.0695004129468744,1.0695004146797298,7.0366457105563995e-09,9.039751384420924e-05,128.38151117979967,7.759451351154814,0.03139755518333606,
w1.0_apt0.95_s00.5,imperfect,1.0,0.95,0.5,0.06157894736842105,1.0531883296736098,1.0531883296736098,1.0531884883426221,6.542901149486635e-07,9.81577492709107e-05,128.38151117979967,7.759451351154814,0.03139755518333606,
w1.0_apt0.95_s00.5,imperfect,1.0,0.95,0.5,0.08736842105263157,1.0363175787017993,1.0363175787017993,1.036318023545394,1.864226574582739e-06,8.486038219501779e-05,128.38151117979967,7.759451351154814,0.03139755518333606,
w1.0_apt0.95_s00.5,imperfect,1.0,0.95,0.5,0.1131578947368421,1.0188019352665796,1.0188019352665796,1.018802969027784,4.406710896076582e-06,9.285479944054487e-05,128.38151117979967,7.759451351154814,0.03139755518333606,
w1.0_apt0.95_s00.5,imperfect,1.0,0.95,0.5,0.13894736842105262,1.000549476024062,1.000549476024062,1.000551415123976,8.41677095065772e-06,8.938786985268621e-05,128.38151117979967,7.759451351154814,0.03139755518333606,
w1.0_apt0.95_s00.5,imperfect,1.0,0.95,0.5,0.16473684210526315,0.9814824457472446,0.9814824457472446,0.9814858343334123,1.4994070856921837e-05,9.229488077977521e-05,128.38151117979967,7.759451351154814,0.03139755518333606,
w1.0_apt0.95_s00.5,imperfect,1.0,0.95,0.5,0.19052631578947368,0.9615368489461751,0.9615368489461751,0.9615418059182755,2.238895039197164e-05,9.963527874390365e-05,128.38151117979967,7.759451351154814,0.03139755518333606,
w1.0_apt0.95_s00.5,imperfect,1.0,0.95,0.5,0.2,0.9539789334212343,0.9539789334212343,0.9539838451304913,2.2360270871157883e-05,8.331517448567638e-05,128.38151117979967,7.759451351154814,0.03139755518333606,
w1.0_apt0.95_s00.5,imperfect,1.0,0.95,0.5,0.2163157894736842,0.940657130151732,0.940657130151732,0.940664147944768,3.240051368347263e-05,8.363130561406251e-05,128.38151117979967,7.759451351154814,0.03139755518333606,
w1.0_apt0.95_s00.5,imperfect,1.0,0.95,0.5,0.24210526315789474,0.9187831492168265,0.9187831492168265,0.9187929705112449,4.642348064176627e-05,8.477846407828338e-05,128.38151117979967,7.759451351154814,0.03139755518333606,
w1.0_apt0.95_s00.5,imperfect,1.0,0.95,0.5,0.26789473684210524,0.895845455470647,0.895845455470647,0.8958590586159842,6.594581762975338e-05,9.956186983473003e-05,128.38151117979967,7.759451351154814,0.03139755518333606,
w1.0_apt0.95_s00.5,imperfect,1.0,0.95,0.5,0.29368421052631577,0.8717552893113503,0.8717552893113503,0.8717703720965759,7.513936319247794e-05,9.863886237226893e-05,128.38151117979967,7.759451351154814,0.03139755518333606,
w1.0_apt0.95_s00.5,imperfect,1.0,0.95,0.5,0.3,0.8656704538416893,0.8656704538416893,0.8656843453231984,6.969101616716156e-05,8.615800870082069e-05,128.38151117979967,7.759451351154814,0.03139755518333606,
w1.0_apt0.95_s00.5,imperfect,1.0,0.95,0.5,0.3194736842105263,0.8463975857396994,0.8463975857396994,0.8464168729588739,9.896338982795516e-05,8.939906214333604e-05,128.38151117979967,7.759451351154814,0.03139755518333606,
w1.0_apt0.95_s00.5,imperfect,1.0,0.95,0.5,0.3452631578947368,0.8196264673927357,0.8196264673927357,0.8196481272911602,0.00011476752455497063,8.848018087892484e-05,128.38151117979967,7.759451351154814,0.03139755518333606,
w1.0_apt0.95_s00.5,imperfect,1.0,0.95,0.5,0.37105263157894736,0.7912760857012823,0.7912760857012823,0.7912943898446171,0.0001004617307027722,9.512168692538125e-05,128.38151117979967,7.759451351154814,0.03139755518333606,
w1.0_apt0.95_s00.5,imperfect,1.0,0.95,0.5,0.3968421052631579,2.329082110826942e-10,0.7611617628712039,2.329082110826942e-10,95.14292163607013,6.485403426294438e-05,128.38151117979967,7.759451351154814,0.03139755518333606,
w1.0_apt0.95_s00.5,imperfect,1.0,0.95,0.5,0.4226315789473684,3.8059478351313505e-11,0.7290900349824664,3.8059478351313505e-11,102.82318330960031,2.46831597564487e-05,128.38151117979967,7.759451351154814,0.03139755518333606,
w1.0_apt0.95_s00.5,imperfect,1.0,0.95,0.5,0.44842105263157894,6.17682601387176e-12,0.6948883690794364,6.17682601387176e-12,110.51149674101508,1.0011265861596108e-05,128.38151117979967,7.759451351154814,0.03139755518333606,
w1.0_apt0.95_s00.5,imperfect,1.0,0.95,0.5,0.47421052631578947,8.799872245496933e-13,0.6584460959344555,8.799872245496933e-13,118.74043859777908,4.326242281352385e-06,128.38151117979967,7.759451351154814,0.03139755518333606,
w1.0_apt0.95_s00.5,imperfect,1.0,0.95,0.5,0.5,8.004485905719904e-14,0.6197650040401249,8.004485905719904e-14,128.88893605253762,1.9999941651042658e-06,128.38151117979967,7.759451351154814,0.03139755518333606,
w1.0_apt0.95_s01.0,imperfect,1.0,0.95,1.0,0.01,4.896117097515021e-14,4.896117097515021e-14,1.0851348895613067,133.4563193123971,9.999982611332773e-05,131.44752562043567,50.14909342761582,0.052273584189138064,
w1.0_apt0.95_s01.0,imperfect,1.0,0.95,1.0,0.035789473684210524,1.071970350218708,1.0719703526281006,1.071970350218708,9.761332908642117e-09,7.787346186205468e-05,131.44752562043567,50.14909342761582,0.052273584189138064,
w1.0_apt0.95_s01.0,imperfect,1.0,0.95,1.0,0.06157894736842105,1.0584689516778465,1.0584689516778465,1.05846904816093,3.958743314269597e-07,9.897186112084455e-05,131.44752562043567,50.14909342761582,0.052273584189138064,
w1.0_apt0.95_s01.0,imperfect,1.0,0.95,1.0,0.08736842105263157,1.0446470336610285,1.0446470336610285,1.0446473100903788,1.1492085050524015e-06,9.333861140703448e-05,131.44752562043567,50.14909342761582,0.052273584189138064,
w1.0_apt0.95_s01.0,imperfect,1.0,0.95,1.0,0.1131578947368421,1.0304987503413576,1.0304987503413576,1.0304993666582654,2.5974117096316807e-06,8.742651412774194e-05,131.44752562043567,50.14909342761582,0.052273584189138064,
w1.0_apt0.95_s01.0,imperfect,1.0,0.95,1.0,0.13894736842105262,1.0160199806737675,1.0160199806737675,1.01602111480855,4.847820045408846e-06,9.195763163205584e-05,131.44752562043567,50.14909342761582,0.052273584189138064,
w1.0_apt0.95_s01.0,imperfect,1.0,0.95,1.0,0.16473684210526315,1.001207592313891,1.001207592313891,1.0012093926727335,7.809421479993382e-06,8.309474067402789e-05,131.44752562043567,50.14909342761582,0.052273584189138064,
w1.0_apt0.95_s01.0,imperfect,1.0,0.95,1.0,0.19052631578947368,0.9860568554880504,0.9860568554880504,0.9860598172988161,1.3044847596621612e-05,9.748823962496544e-05,131.44752562043567,50.14909342761582,0.052273584189138064,
w1.0_apt0.95_s01.0,imperfect,1.0,0.95,1.0,0.2,0.9804053047530437,0.9804053047530437,0.9804086508304852,1.4822242209736047e-05,9.92159514723312e-05,131.44752562043567,50.14909342761582,0.052273584189138064,
w1.0_apt0.95_s01.0,imperfect,1.0,0.95,1.0,0.2163157894736842,0.9705614071487351,0.9705614071487351,0.9705656635109997,1.904578708378235e-05,8.747564388045248e-05,131.44752562043567,50.14909342761582,0.052273584189138064,
w1.0_apt0.95_s01.0,imperfect,1.0,0.95,1.0,0.24210526315789474,0.9547092103369105,0.9547092103369105,0.9547159247659598,3.054363778554059e-05,9.761616484382785e-05,131.44752562043567,50.14909342761582,0.052273584189138064,
w1.0_apt0.95_s01.0,imperfect,1.0,0.95,1.0,0.26789473684210524,0.938486295016639,0.938486295016639,0.9384953319524906,4.1819177313939804e-05,8.494794307978282e-05,131.44752562043567,50.14909342761582,0.052273584189138064,
w1.0_apt0.95_s01.0,imperfect,1.0,0.95,1.0,0.29368421052631577,0.921870276190984,0.921870276190984,0.9218820048842227,5.5253699814517e-05,9.088279784208453e-05,131.44752562043567,50.14909342761582,0.052273584189138064,
w1.0_apt0.95_s01.0,imperfect,1.0,0.95,1.0,0.3,0.9177396451546341,0.9177396451546341,0.9177518896858675,5.7943414581762553e-05,8.862101918083454e-05,131.44752562043567,50.14909342761582,0.052273584189138064,
w1.0_apt0.95_s01.0,imperfect,1.0,0.95,1.0,0.3194736842105263,0.9048360226613676,0.9048360226613676,0.9048522657185567,7.796116217284599e-05,8.711079272316624e-05,131.44752562043567,50.14909342761582,0.052273584189138064,
w1.0_apt0.95_s01.0,imperfect,1.0,0.95,1.0,0.3452631578947368,0.8873476004781751,0.8873476004781751,0.887369377697198,0.00010658292189291707,9.318048182649363e-05,131.44752562043567,50.14909342761582,0.052273584189138064,
w1.0_apt0.95_s01.0,imperfect,1.0,0.95,1.0,0.37105263157894736,0.8693647573348254,0.8693647573348254,0.8693947587361428,0.00014987055912407676,9.024547431657481e-05,131.44752562043567,50.14909342761582,0.052273584189138064,
w1.0_apt0.95_s01.0,imperfect,1.0,0.95,1.0,0.3968421052631579,1.4377022289442052e-10,0.8508309356627658,1.4377022289442052e-10,97.72174326135848,6.486125174873841e-05,131.44752562043567,50.14909342761582,0.052273584189138064,
w1.0_apt0.95_s01.0,imperfect,1.0,0.95,1.0,0.4226315789473684,2.3450335166405055e-11,0.831672599652307,2.3450335166405055e-11,105.49803339125137,2.4684272296356442e-05,131.44752562043567,50.14909342761582,0.052273584189138064,
w1.0_apt0.95_s01.0,imperfect,1.0,0.95,1.0,0.44842105263157894,3.794702694157024e-12,0.8117896638419753,3.794702694157024e-12,113.30265761702628,1.0011440452200524e-05,131.44752562043567,50.14909342761582,0.052273584189138064,
w1.0_apt0.95_s01.0,imperfect,1.0,0.95,1.0,0.47421052631578947,5.385435565413313e-13,0.7910437914321694,5.385435565413313e-13,121.66979692195318,4.326267257938538e-06,131.44752562043567,50.14909342761582,0.052273584189138064,
w1.0_apt0.95_s01.0,imperfect,1.0,0.95,1.0,0.5,4.896117097515021e-14,0.7692474903717963,4.896117097515021e-14,131.9621429203558,1.9999965222665547e-06,131.44752562043567,50.14909342761582,0.052273584189138064,
w1.0_apt0.95_s010.0,imperfect,1.0,0.95,10.0,0.01,1.2119755699093075e-14,1.2119755699093075e-14,1.0847989060114844,139.51855372812273,9.999997542083853e-05,137.52504772070205,13800.150856048956,0.11652527651459213,
w1.0_apt0.95_s010.0,imperfect,1.0,0.95,10.0,0.035789473684210524,1.0714364617672039,1.0714364620345143,1.0714364617672039,1.0835120578533974e-09,8.960930153989466e-05,137.52504772070205,13800.150856048956,0.11652527651459213,
w1.0_apt0.95_s010.0,imperfect,1.0,0.95,10.0,0.06157894736842105,1.0577155590410134,1.0577155590410134,1.057715565779448,2.766778720020291e-08,9.946185627995874e-05,137.52504772070205,13800.150856048956,0.11652527651459213,
w1.0_apt0.95_s010.0,imperfect,1.0,0.95,10.0,0.08736842105263157,1.0435946603393378,1.0435946603393378,1.0435946775167937,7.148440420157165e-08,8.349857898792834e-05,137.52504772070205,13800.150856048956,0.11652527651459213,
w1.0_apt0.95_s010.0,imperfect,1.0,0.95,10.0,0.1131578947368421,1.0290719955237546,1.0290719955237546,1.0290720342988002,1.636405237287475e-07,8.961572893895209e-05,137.52504772070205,13800.150856048956,0.11652527651459213,
w1.0_apt0.95_s010.0,imperfect,1.0,0.95,10.0,0.13894736842105262,1.0141581703638634,1.0141581703638634,1.0141582431674852,3.1176803578364387e-07,8.590414336140384e-05,137.52504772070205,13800.150856048956,0.11652527651459213,
w1.0_apt0.95_s010.0,imperfect,1.0,0.95,10.0,0.16473684210526315,0.9988679774498432,0.9988679774498432,0.998868108144198,5.68241596149606e-07,8.90801567265953e-05,137.52504772070205,13800.150856048956,0.11652527651459213,
w1.0_apt0.95_s010.0,imperfect,1.0,0.95,10.0,0.19052631578947368,0.9832168356179507,0.9832168356179507,0.9832170401611912,9.034832214177557e-07,9.72504935816687e-05,137.52504772070205,13800.150856048956,0.11652527651459213,
w1.0_apt0.95_s010.0,imperfect,1.0,0.95,10.0,0.2,0.9773796891971731,0.9773796891971731,0.9773799120675641,9.903149312123771e-07,8.478762435970566e-05,137.52504772070205,13800.150856048956,0.11652527651459213,
w1.0_apt0.95_s010.0,imperfect,1.0,0.95,10.0,0.2163157894736842,0.9672189402379056,0.9672189402379056,0.9672192708893456,1.4846697609927073e-06,9.998337213801278e-05,137.52504772070205,13800.150856048956,0.11652527651459213,
w1.0_apt0.95_s010.0,imperfect,1.0,0.95,10.0,0.24210526315789474,0.9508861495290428,0.9508861495290428,0.9508866057338037,2.0836055170947443e-06,8.820446328172693e-05,137.52504772070205,13800.150856048956,0.11652527651459213,
w1.0_apt0.95_s010.0,imperfect,1.0,0.95,10.0,0.26789473684210524,0.9342272670931998,0.9342272670931998,0.9342279138549849,3.006602216082399e-06,8.914749560062774e-05,137.52504772070205,13800.150856048956,0.11652527651459213,
w1.0_apt0.95_s010.0,imperfect,1.0,0.95,10.0,0.29368421052631577,0.9172476620704497,0.9172476620704497,0.9172485063526808,3.997469391947561e-06,9.302874303784847e-05,137.52504772070205,13800.150856048956,0.11652527651459213,
w1.0_apt0.95_s010.0,imperfect,1.0,0.95,10.0,0.3,0.9130408312665671,0.9130408312665671,0.9130416738948528,4.00802059868921e-06,9.258176214643754e-05,137.52504772070205,13800.150856048956,0.11652527651459213,
w1.0_apt0.95_s010.0,imperfect,1.0,0.95,10.0,0.3194736842105263,0.8999490021157693,0.8999490021157693,0.8999501416430139,5.49909027963702e-06,8.786273258465371e-05,137.52504772070205,13800.150856048956,0.11652527651459213,
w1.0_apt0.95_s010.0,imperfect,1.0,0.95,10.0,0.3452631578947368,0.8823287609725585,0.8823287609725585,0.8823302943522909,7.5475016483306234e-06,9.434366273808337e-05,137.52504772070205,13800.150856048956,0.11652527651459213,
w1.0_apt0.95_s010.0,imperfect,1.0,0.95,10.0,0.37105263157894736,0.8643806065225537,0.8643806065225537,0.8643830515349413,1.2284563979503282e-05,9.260401697019915e-05,137.52504772070205,13800.150856048956,0.11652527651459213,
w1.0_apt0.95_s010.0,imperfect,1.0,0.95,10.0,0.3968421052631579,3.226945403446204e-11,0.8460937434068317,3.226945403446204e-11,104.18626865937264,6.487038974466592e-05,137.52504772070205,13800.150856048956,0.11652527651459213,
w1.0_apt0.95_s010.0,imperfect,1.0,0.95,10.0,0.4226315789473684,5.285094635081443e-12,0.8274531949124903,5.285094635081443e-12,111.94690668966872,2.468568136039414e-05,137.52504772070205,13800.150856048956,0.11652527651459213,
w1.0_apt0.95_s010.0,imperfect,1.0,0.95,10.0,0.44842105263157894,8.621959313238604e-13,0.8084399481352162,8.621959313238604e-13,119.72041796438135,1.001166160817515e-05,137.52504772070205,13800.150856048956,0.11652527651459213,
w1.0_apt0.95_s010.0,imperfect,1.0,0.95,10.0,0.47421052631578947,1.245448374480345e-13,0.7890303506444836,1.245448374480345e-13,128.01767978841903,4.3262988981904685e-06,137.52504772070205,13800.150856048956,0.11652527651459213,
w1.0_apt0.95_s010.0,imperfect,1.0,0.95,10.0,0.5,1.2119755699093075e-14,0.7691967071448073,1.2119755699093075e-14,138.0254355066117,1.9999995084167705e-06,137.52504772070205,13800.150856048956,0.11652527651459213,
w1.0_apt1.0_s00.5_s2emp,imperfect,1.0,1.0,0.5,0.01,1.0898650477672705e-13,1.0898650477672705e-13,1.0760352931054726,129.94453791201246,9.999969702220988e-05,122.20553618546501,0.562,1e-06,0.562
w1.0_apt1.0_s00.5_s2emp,imperfect,1.0,1.0,0.5,0.035789473684210524,1.0277885759808925,1.0277885759808925,1.0277886054717447,1.2461428833265842e-07,8.895348747373077e-05,122.20553618546501,0.562,1e-06,0.562
w1.0_apt1.0_s00.5_s2emp,imperfect,1.0,1.0,0.5,0.06157894736842105,0.9776123721102477,0.9776138222598553,0.9776123721102477,6.442139271006786e-06,9.786521751742328e-05,122.20553618546501,0.562,1e-06,0.562
w1.0_apt1.0_s00.5_s2emp,imperfect,1.0,1.0,0.5,0.08736842105263157,0.9261121156794958,0.9261151146179094,0.9261121156794958,1.406331127512539e-05,9.603425467474835e-05,122.20553618546501,0.562,1e-06,0.562
w1.0_apt1.0_s00.5_s2emp,imperfect,1.0,1.0,0.5,0.1131578947368421,0.8735505693227318,0.8735555301215989,0.8735505693227318,2.466304221038218e-05,8.549340714303355e-05,122.20553618546501,0.562,1e-06,0.562
w1.0_apt1.0_s00.5_s2emp,imperfect,1.0,1.0,0.5,0.13894736842105262,0.8202203535139537,0.8202277333447829,0.8202203535139537,3.907493119958971e-05,8.357876363263017e-05,122.20553618546501,0.562,1e-06,0.562
w1.0_apt1.0_s00.5_s2emp,imperfect,1.0,1.0,0.5,0.16473684210526315,0.7664194705501263,0.7664304964161158,0.7664194705501263,6.247803582537514e-05,8.666659516354258e-05,122.20553618546501,0.562,1e-06,0.562
w1.0_apt1.0_s00.5_s2emp,imperfect,1.0,1.0,0.5,0.19052631578947368,0.7125056842515932,0.712521725107685,0.7125056842515932,9.777293040391655e-05,8.9358862130684e-05,122.20553618546501,0.562,1e-06,0.562
w1.0_apt1.0_s00.5_s2emp,imperfect,1.0,1.0,0.5,0.2,0.6927575236454412,0.6927756678414968,0.6927575236454412,0.00011374573015476841,9.48596582368566e-05,122.20553618546501,0.562,1e-06,0.562
w1.0_apt1.0_s00.5_s2emp,imperfect,1.0,1.0,0.5,0.2163157894736842,0.6589240406907209,0.6589464675183327,0.6589240406907209,0.00014781190441270908,8.539067331314598e-05,122.20553618546501,0.562,1e-06,0.562
w1.0_apt1.0_s00.5_s2emp,imperfect,1.0,1.0,0.5,0.24210526315789474,0.6061740425551349,0.6062030110346599,0.6061740425551349,0.00020754023299929258,9.471474402067415e-05,122.20553618546501,0.562,1e-06,0.562
w1.0_apt1.0_s00.5_s2emp,imperfect,1.0,1.0,0.5,0.26789473684210524,0.5547669984934289,0.5548046853732994,0.5547669984934289,0.00029501841498236203,8.982526263645596e-05,122.20553618546501,0.562,1e-06,0.562
w1.0_apt1.0_s00.5_s2emp,imperfect,1.0,1.0,0.5,0.29368421052631577,0.5051671317211174,0.5052129372480727,0.5051671317211174,0.00039377434733633976,8.953635971908902e-05,122.20553618546501,0.562,1e-06,0.562
w1.0_apt1.0_s00.5_s2emp,imperfect,1.0,1.0,0.5,0.3,0.49334241695640446,0.49339245476914956,0.49334241695640446,0.00044046575433887014,9.187201181726223e-05,122.20553618546501,0.562,1e-06,0.562
w1.0_apt1.0_s00.5_s2emp,imperfect,1.0,1.0,0.5,0.3194736842105263,0.4577716816190512,0.4578317317897987,0.4577716816190512,0.0005696671167547684,9.497297518734626e-05,122.20553618546501,0.562,1e-06,0.562
w1.0_apt1.0_s00.5_s2emp,imperfect,1.0,1.0,0.5,0.3452631578947368,0.4128971199601091,0.41296720448585467,0.4128971199601091,0.0007371022568776198,9.117090578047993e-05,122.20553618546501,0.562,1e-06,0.562
w1.0_apt1.0_s00.5_s2emp,imperfect,1.0,1.0,0.5,0.37105263157894736,0.3707537970073518,0.3708376123448855,0.3707537970073518,0.0009816871739793953,9.522075033541189e-05,122.20553618546501,0.562,1e-06,0.562
w1.0_apt1.0_s00.5_s2emp,imperfect,1.0,1.0,0.5,0.3968421052631579,3.1786735908396746e-10,0.3315684902392079,3.1786735908396746e-10,90.18327318066815,6.485330133135448e-05,122.20553618546501,0.562,1e-06,0.562
w1.0_apt1.0_s00.5_s2emp,imperfect,1.0,1.0,0.5,0.4226315789473684,5.194775160599064e-11,0.2951844645988396,5.194775160599064e-11,97.54526741827269,2.468305087702829e-05,122.20553618546501,0.562,1e-06,0.562
w1.0_apt1.0_s00.5_s2emp,imperfect,1.0,1.0,0.5,0.44842105263157894,8.431739879885195e-12,0.2616679318018836,8.431739879885195e-12,104.91833301753994,1.0011249042051104e-05,122.20553618546501,0.562,1e-06,0.562
w1.0_apt1.0_s00.5_s2emp,imperfect,1.0,1.0,0.5,0.47421052631578947,1.2011078032189938e-12,0.2309293983772649,1.2011078032189938e-12,112.83897235673088,4.326239892366036e-06,122.20553618546501,0.562,1e-06,0.562
w1.0_apt1.0_s00.5_s2emp,imperfect,1.0,1.0,0.5,0.5,1.0898650477672705e-13,0.20287290487906945,1.0898650477672705e-13,122.6985132290826,1.9999939404441976e-06,122.20553618546501,0.562,1e-06,0.562
w0.0_apt0.01,imperfect,0.0,0.01,0.0,0.01,1.1512472588171474e-12,1.1512472588171474e-12,1.1447342822409852,119.97536080038839,9.998811424044382e-05,103.0176203970003,10.518541854339983,2.6456556306253267,
w0.0_apt0.01,imperfect,0.0,0.01,0.0,0.035789473684210524,1.1621455228922999,1.1621455228922999,1.1621455779974328,2.059282087074621e-07,9.850473949768457e-05,103.0176203970003,10.518541854339983,2.6456556306253267,
w0.0_apt0.01,imperfect,0.0,0.01,0.0,0.06157894736842105,1.1248728781096713,1.1248749743985915,1.1248728781096713,8.093411086207425e-06,8.208339194126779e-05,103.0176203970003,10.518541854339983,2.6456556306253267,
w0.0_apt0.01,imperfect,0.0,0.01,0.0,0.08736842105263157,1.0588328966930076,1.058837834898273,1.0588328966930076,2.0254662495611253e-05,9.292942062089082e-05,103.0176203970003,10.518541854339983,2.6456556306253267,
w0.0_apt0.01,imperfect,0.0,0.01,0.0,0.1131578947368421,0.9753017337390011,0.9753111667260785,0.9753017337390011,4.200417453055494e-05,8.833361403759454e-05,103.0176203970003,10.518541854339983,2.6456556306253267,
w0.0_apt0.01,imperfect,0.0,0.01,0.0,0.13894736842105262,0.8800232207942301,0.8800403946193879,0.8800232207942301,8.475259000984003e-05,9.711292019876083e-05,103.0176203970003,10.518541854339983,2.6456556306253267,
w0.0_apt0.01,imperfect,0.0,0.01,0.0,0.16473684210526315,0.7787262353641993,0.7787531304810221,0.7787262353641993,0.00014999108281776863,9.852735294035853e-05,103.0176203970003,10.518541854339983,2.6456556306253267,
w0.0_apt0.01,imperfect,0.0,0.01,0.0,0.19052631578947368,0.6761702413590852,0.6762089973555883,0.6761702413590852,0.0002489170928494655,9.135576197971673e-05,103.0176203970003,10.518541854339983,2.6456556306253267,
w0.0_apt0.01,imperfect,0.0,0.01,0.0,0.2,0.6391974378560733,0.6392429921299357,0.6391974378560733,0.00030950162885812205,9.17378577978134e-05,103.0176203970003,10.518541854339983,2.6456556306253267,
w0.0_apt0.01,imperfect,0.0,0.01,0.0,0.2163157894736842,0.5774016995737574,0.5774553834744068,0.5774016995737574,0.0004037663565146232,9.163852410676299e-05,103.0176203970003,10.518541854339983,2.6456556306253267,
w0.0_apt0.01,imperfect,0.0,0.01,0.0,0.24210526315789474,0.4858915661713643,0.4859649310115091,0.4858915661713643,0.0006556923865503883,9.374294937192218e-05,103.0176203970003,10.518541854339983,2.6456556306253267,
w0.0_apt0.01,imperfect,0.0,0.01,0.0,0.26789473684210524,0.4026399437621118,0.40274092715333626,0.4026399437621118,0.0010890879430158762,9.88486425996804e-05,103.0176203970003,10.518541854339983,2.6456556306253267,
w0.0_apt0.01,imperfect,0.0,0.01,0.0,0.29368421052631577,0.32816902793118896,0.32829914020770473,0.32816902793118896,0.0017215471275262573,9.467532824847247e-05,103.0176203970003,10.518541854339983,2.6456556306253267,
w0.0_apt0.01,imperfect,0.0,0.01,0.0,0.3,0.31134388825369314,0.31148681497732517,0.31134388825369314,0.0019932314883472912,9.987602538252816e-05,103.0176203970003,10.518541854339983,2.6456556306253267,
w0.0_apt0.01,imperfect,0.0,0.01,0.0,0.3194736842105263,0.26297453484814054,0.263139283945136,0.26297453484814054,0.002719929547811084,9.642364135575843e-05,103.0176203970003,10.518541854339983,2.6456556306253267,
w0.0_apt0.01,imperfect,0.0,0.01,0.0,0.3452631578947368,0.20585430809430963,0.2060736612042654,0.20585430809430963,0.004625267587858417,9.576968610747194e-05,103.0176203970003,10.518541854339983,2.6456556306253267,
w0.0_apt0.01,imperfect,0.0,0.01,0.0,0.37105263157894736,0.15592693763663665,0.15620735781136463,0.15592693763663665,0.007803369834048723,9.517546590193104e-05,103.0176203970003,10.518541854339983,2.6456556306253267,
w0.0_apt0.01,imperfect,0.0,0.01,0.0,0.3968421052631579,3.454700476332644e-09,0.11516566949159815,3.454700476332644e-09,75.22912636750578,6.414930968075952e-05,103.0176203970003,10.518541854339983,2.6456556306253267,
w0.0_apt0.01,imperfect,0.0,0.01,0.0,0.4226315789473684,5.662066358206344e-10,0.08259859486692046,5.662066358206344e-10,81.6399770444808,2.4574032318914183e-05,103.0176203970003,10.518541854339983,2.6456556306253267,
w0.0_apt0.01,imperfect,0.0,0.01,0.0,0.44842105263157894,9.167656341948327e-11,0.0572405744105016,9.167656341948327e-11,87.95445658265565,9.994108578865218e-06,103.0176203970003,10.518541854339983,2.6456556306253267,
w0.0_apt0.01,imperfect,0.0,0.01,0.0,0.47421052631578947,1.2962465360039843e-11,0.03853220506617379,1.2962465360039843e-11,94.73136254089161,4.323785940155106e-06,103.0176203970003,10.518541854339983,2.6456556306253267,
w0.0_apt0.01,imperfect,0.0,0.01,0.0,0.5,1.1512472588171474e-12,0.02550013809120091,1.1512472588171474e-12,103.45373923153234,1.9997622848088765e-06,103.0176203970003,10.518541854339983,2.6456556306253267,
w0.0_apt0.2,imperfect,0.0,0.2,0.0,0.01,9.012106664952467e-13,9.012106664952467e-13,1.121580284205492,120.95004043128321,9.99927200633829e-05,109.72584462674251,0.38127359187824883,0.28965044537074736,
w0.0_apt0.2,imperfect,0.0,0.2,0.0,0.035789473684210524,1.1794185260819403,1.1794185260819403,1.179418530410183,1.5937785091679757e-08,8.180180736871989e-05,109.72584462674251,0.38127359187824883,0.28965044537074736,
w0.0_apt0.2,imperfect,0.0,0.2,0.0,0.06157894736842105,1.1917598222088124,1.1917609763343815,1.1917598222088124,4.205798131873273e-06,8.258471811117829e-05,109.72584462674251,0.38127359187824883,0.28965044537074736,
w0.0_apt0.2,imperfect,0.0,0.2,0.0,0.08736842105263157,1.1663624643660606,1.1663655078051827,1.1663624643660606,1.1332215607562368e-05,7.958251537409922e-05,109.72584462674251,0.38127359187824883,0.28965044537074736,
w0.0_apt0.2,imperfect,0.0,0.2,0.0,0.1131578947368421,1.1174287856168088,1.1174349914949995,1.1174287856168088,2.4119399859467983e-05,8.676733096102396e-05,109.72584462674251,0.38127359187824883,0.28965044537074736,
w0.0_apt0.2,imperfect,0.0,0.2,0.0,0.13894736842105262,1.0530841709919438,1.0530947366415715,1.0530841709919438,4.357277830879802e-05,8.848856025611695e-05,109.72584462674251,0.38127359187824883,0.28965044537074736,
w0.0_apt0.2,imperfect,0.0,0.2,0.0,0.16473684210526315,0.9769964341092585,0.9770137812891327,0.9769964341092585,7.711100419832695e-05,8.538921058498516e-05,109.72584462674251,0.38127359187824883,0.28965044537074736,
w0.0_apt0.2,imperfect,0.0,0.2,0.0,0.19052631578947368,0.8925502298858355,0.8925778332660488,0.8925502298858355,0.0001343096437381175,9.566407791794518e-05,109.72584462674251,0.38127359187824883,0.28965044537074736,
w0.0_apt0.2,imperfect,0.0,0.2,0.0,0.2,0.86008423967094,0.8601154864738386,0.86008423967094,0.00015777602880895358,9.726667041931591e-05,109.72584462674251,0.38127359187824883,0.28965044537074736,
w0.0_apt0.2,imperfect,0.0,0.2,0.0,0.2163157894736842,0.8029791344097705,0.8030198496498138,0.8029791344097705,0.0002202044242797241,9.941412751723888e-05,109.72584462674251,0.38127359187824883,0.28965044537074736,
w0.0_apt0.2,imperfect,0.0,0.2,0.0,0.24210526315789474,0.7114911954360609,0.7115467241831165,0.7114911954360609,0.0003389344459907573,9.674477183052588e-05,109.72584462674251,0.38127359187824883,0.28965044537074736,
w0.0_apt0.2,imperfect,0.0,0.2,0.0,0.26789473684210524,0.6217558371002645,0.6218256762860171,0.6217558371002645,0.00048779710374224905,9.23325791912788e-05,109.72584462674251,0.38127359187824883,0.28965044537074736,
w0.0_apt0.2,imperfect,0.0,0.2,0.0,0.29368421052631577,0.5366437135164919,0.536736110061135,0.5366437135164919,0.0007476814581957036,9.342803611489536e-05,109.72584462674251,0.38127359187824883,0.28965044537074736,
w0.0_apt0.2,imperfect,0.0,0.2,0.0,0.3,0.5166700220554988,0.5167737895191564,0.5166700220554988,0.0008721448909811969,9.929777912964788e-05,109.72584462674251,0.38127359187824883,0.28965044537074736,
w0.0_apt0.2,imperfect,0.0,0.2,0.0,0.3194736842105263,0.4574216632272752,0.4575434101055589,0.4574216632272752,0.0011557599143539043,9.625415223979417e-05,109.72584462674251,0.38127359187824883,0.28965044537074736,
w0.0_apt0.2,imperfect,0.0,0.2,0.0,0.3452631578947368,0.3846411480965124,0.3847937294453839,0.3846411480965124,0.0017224391734504962,9.651922219933162e-05,109.72584462674251,0.38127359187824883,0.28965044537074736,
w0.0_apt0.2,imperfect,0.0,0.2,0.0,0.37105263157894736,0.31893755165501564,0.31912295044175243,0.31893755165501564,0.002523825625712739,9.480097735792281e-05,109.72584462674251,0.38127359187824883,0.28965044537074736,
w0.0_apt0.2,imperfect,0.0,0.2,0.0,0.3968421052631579,2.713479515956611e-09,0.26068536327098846,2.713479515956611e-09,79.82590100033087,6.442823704249718e-05,109.72584462674251,0.38127359187824883,0.28965044537074736,
w0.0_apt0.2,imperfect,0.0,0.2,0.0,0.4226315789473684,4.437564219106598e-10,0.20871014383327938,4.437564219106598e-10,86.72398906283966,2.4617322902385113e-05,109.72584462674251,0.38127359187824883,0.28965044537074736,
w0.0_apt0.2,imperfect,0.0,0.2,0.0,0.44842105263157894,7.178456995659751e-11,0.1634084718837748,7.178456995659751e-11,93.57243465725057,1.000092112935088e-05,109.72584462674251,0.38127359187824883,0.28965044537074736,
w0.0_apt0.2,imperfect,0.0,0.2,0.0,0.47421052631578947,1.0146100530187122e-11,0.12542734379376952,1.0146100530187122e-11,100.92093064099888,4.324761624148765e-06,109.72584462674251,0.38127359187824883,0.28965044537074736,
w0.0_apt0.2,imperfect,0.0,0.2,0.0,0.5,9.012106664952467e-13,0.0941352842877771,9.012106664952467e-13,110.18926115230798,1.9998544012676584e-06,109.72584462674251,0.38127359187824883,0.28965044537074736,
w0.0_apt0.5,imperfect,0.0,0.5,0.0,0.01,9.960005929180766e-13,9.960005929180766e-13,1.1594044901762617,120.6597538102781,9.999268333060567e-05,109.01832460417185,0.002466706877151538,0.019493833224553742,
w0.0_apt0.5,imperfect,0.0,0.5,0.0,0.035789473684210524,1.3056178716227045,1.3056178716227045,1.3056181987624047,1.0881817100738544e-06,8.928507816818865e-05,109.01832460417185,0.002466706877151538,0.019493833224553742,
w0.0_apt0.5,imperfect,0.0,0.5,0.0,0.06157894736842105,1.3527305226914843,1.3527312963832958,1.3527305226914843,2.4839388386155292e-06,8.439658661885119e-05,109.01832460417185,0.002466706877151538,0.019493833224553742,
w0.0_apt0.5,imperfect,0.0,0.5,0.0,0.08736842105263157,1.3276962477087775,1.3276995521695234,1.3276962477087775,1.0809003069711665e-05,8.452451717566589e-05,109.01832460417185,0.002466706877151538,0.019493833224553742,
w0.0_apt0.5,imperfect,0.0,0.5,0.0,0.1131578947368421,1.264669305511023,1.2646765479637843,1.264669305511023,2.4870914868246885e-05,9.134541476640834e-05,109.01832460417185,0.002466706877151538,0.019493833224553742,
w0.0_apt0.5,imperfect,0.0,0.5,0.0,0.13894736842105262,1.1809853851247476,1.180997729822393,1.1809853851247476,4.539604059228264e-05,8.425232251241255e-05,109.01832460417185,0.002466706877151538,0.019493833224553742,
w0.0_apt0.5,imperfect,0.0,0.5,0.0,0.16473684210526315,1.084719344922,1.0847399516418672,1.084719344922,8.250336609560982e-05,9.96489524416333e-05,109.01832460417185,0.002466706877151538,0.019493833224553742,
w0.0_apt0.5,imperfect,0.0,0.5,0.0,0.19052631578947368,0.9813104719860714,0.9813398423286875,0.9813104719860714,0.00012998115494886053,9.181587595108454e-05,109.01832460417185,0.002466706877151538,0.019493833224553742,
w0.0_apt0.5,imperfect,0.0,0.5,0.0,0.2,0.9423726771969905,0.9424077964762863,0.9423726771969905,0.00016184494079157785,9.524656534143361e-05,109.01832460417185,0.002466706877151538,0.019493833224553742,
w0.0_apt0.5,imperfect,0.0,0.5,0.0,0.2163157894736842,0.8747927078305496,0.8748359197291382,0.8747927078305496,0.00021452197132343365,9.908100116096108e-05,109.01832460417185,0.002466706877151538,0.019493833224553742,
w0.0_apt0.5,imperfect,0.0,0.5,0.0,0.24210526315789474,0.7684299344041782,0.7684894419856255,0.7684299344041782,0.0003363067011048493,9.75617065765988e-05,109.01832460417185,0.002466706877151538,0.019493833224553742,
w0.0_apt0.5,imperfect,0.0,0.5,0.0,0.26789473684210524,0.6657526969586268,0.6658287493921394,0.6657526969586268,0.0004960891027172565,9.509469205593035e-05,109.01832460417185,0.002466706877151538,0.019493833224553742,
w0.0_apt0.5,imperfect,0.0,0.5,0.0,0.29368421052631577,0.5694788488058572,0.5695788054263589,0.5694788488058572,0.0007622196938621428,9.327991017493709e-05,109.01832460417185,0.002466706877151538,0.019493833224553742,
w0.0_apt0.5,imperfect,0.0,0.5,0.0,0.3,0.5470351911970067,0.547142155957096,0.5470351911970067,0.0008491165592792171,9.444320054785571e-05,109.01832460417185,0.002466706877151538,0.019493833224553742,
w0.0_apt0.5,imperfect,0.0,0.5,0.0,0.3194736842105263,0.4808183957509613,0.48094333066366574,0.4808183957509613,0.0011283157147889966,9.418493820168017e-05,109.01832460417185,0.002466706877151538,0.019493833224553742,
w0.0_apt0.5,imperfect,0.0,0.5,0.0,0.3452631578947368,0.40033542914760156,0.40049475939694174,0.40033542914760156,0.001728112900625689,9.572994809747826e-05,109.01832460417185,0.002466706877151538,0.019493833224553742,
w0.0_apt0.5,imperfect,0.0,0.5,0.0,0.37105263157894736,0.3285934657136157,0.328790595341824,0.3285934657136157,0.0026046360837881366,9.661758470724813e-05,109.01832460417185,0.002466706877151538,0.019493833224553742,
w0.0_apt0.5,imperfect,0.0,0.5,0.0,0.3968421052631579,2.9997394849034903e-09,0.2655238343450715,2.9997394849034903e-09,79.47019971294911,6.442586557427676e-05,109.01832460417185,0.002466706877151538,0.019493833224553742,
w0.0_apt0.5,imperfect,0.0,0.5,0.0,0.4226315789473684,4.905715763212613e-10,0.2094320815215637,4.905715763212613e-10,86.30340827539794,2.4616968330621422e-05,109.01832460417185,0.002466706877151538,0.019493833224553742,
w0.0_apt0.5,imperfect,0.0,0.5,0.0,0.44842105263157894,7.935623612741754e-11,0.16095641925717757,7.935623612741754e-11,93.0712724086855,1.0000866210875029e-05,109.01832460417185,0.002466706877151538,0.019493833224553742,
w0.0_apt0.5,imperfect,0.0,0.5,0.0,0.47421052631578947,1.1215723992524673e-11,0.12085257368299433,1.1215723992524673e-11,100.32428590389219,4.324753815245342e-06,109.01832460417185,0.002466706877151538,0.019493833224553742,
w0.0_apt0.5,imperfect,0.0,0.5,0.0,0.5,9.960005929180766e-13,0.08827752647789704,9.960005929180766e-13,109.4759055883971,1.999853666612114e-06,109.01832460417185,0.002466706877151538,0.019493833224553742,
w0.0_apt1.0,imperfect,0.0,1.0,0.0,0.01,1.494909426951179e-12,1.494909426951179e-12,1.1873313536706527,118.9995705572423,9.998022579098635e-05,104.09337960782202,0.0,0.0,
w0.0_apt1.0,imperfect,0.0,1.0,0.0,0.035789473684210524,1.483105315747495,1.4831058341822678,1.483105315747495,1.5181209271908358e-06,5.660591683209759e-05,104.09337960782202,0.0,0.0,
w0.0_apt1.0,imperfect,0.0,1.0,0.0,0.06157894736842105,1.5979946718341111,1.5979946718341111,1.5979952369755543,1.5359110463464276e-06,7.826599836491255e-05,104.09337960782202,0.0,0.0,
w0.0_apt1.0,imperfect,0.0,1.0,0.0,0.08736842105263157,1.548550508084374,1.5485550417178162,1.548550508084374,1.2714658607970719e-05,8.851752376415334e-05,104.09337960782202,0.0,0.0,
w0.0_apt1.0,imperfect,0.0,1.0,0.0,0.1131578947368421,1.4477956364879894,1.447805628656286,1.4477956364879894,2.9973350307077595e-05,9.67228905537354e-05,104.09337960782202,0.0,0.0,
w0.0_apt1.0,imperfect,0.0,1.0,0.0,0.13894736842105262,1.322837136913802,1.3228538110634442,1.322837136913802,5.474177689368531e-05,9.614166511795474e-05,104.09337960782202,0.0,0.0,
w0.0_apt1.0,imperfect,0.0,1.0,0.0,0.16473684210526315,1.1831714089637517,1.183196700517699,1.1831714089637517,9.283409689719857e-05,8.749475034530718e-05,104.09337960782202,0.0,0.0,
w0.0_apt1.0,imperfect,0.0,1.0,0.0,0.19052631578947368,1.0383961600164944,1.0384356474189504,1.0383961600164944,0.000165147326153553,9.559313193552299e-05,104.09337960782202,0.0,0.0,
w0.0_apt1.0,imperfect,0.0,1.0,0.0,0.2,0.985497362725886,0.9855415409204584,0.985497362725886,0.0001946825716224454,9.634727559060252e-05,104.09337960782202,0.0,0.0,
w0.0_apt1.0,imperfect,0.0,1.0,0.0,0.2163157894736842,0.8962182659620841,0.8962737191495384,0.8962182659620841,0.00026870985781857204,9.649054085159037e-05,104.09337960782202,0.0,0.0,
w0.0_apt1.0,imperfect,0.0,1.0,0.0,0.24210526315789474,0.7626859319962539,0.7627595568210812,0.7626859319962539,0.0004192198988797191,9.682246856002052e-05,104.09337960782202,0.0,0.0,
w0.0_apt1.0,imperfect,0.0,1.0,0.0,0.26789473684210524,0.6403139418200394,0.6404107558508354,0.6403139418200394,0.0006565938722360443,9.443649040363766e-05,104.09337960782202,0.0,0.0,
w0.0_apt1.0,imperfect,0.0,1.0,0.0,0.29368421052631577,0.528782328885803,0.528903588752342,0.528782328885803,0.0009958058487260502,9.342225530262205e-05,104.09337960782202,0.0,0.0,
w0.0_apt1.0,imperfect,0.0,1.0,0.0,0.3,0.5031652003733524,0.503297966019498,0.5031652003733524,0.00114578237469809,9.867026383747479e-05,104.09337960782202,0.0,0.0,
w0.0_apt1.0,imperfect,0.0,1.0,0.0,0.3194736842105263,0.4286690821888589,0.4288315960671851,0.4286690821888589,0.0016461533669760442,9.661163040086684e-05,104.09337960782202,0.0,0.0,
w0.0_apt1.0,imperfect,0.0,1.0,0.0,0.3452631578947368,0.3410960981947046,0.34130131169854405,0.3410960981947046,0.0026120584200359787,9.866326233409772e-05,104.09337960782202,0.0,0.0,
w0.0_apt1.0,imperfect,0.0,1.0,0.0,0.37105263157894736,0.2659088193299463,0.2661695205861296,0.2659088193299463,0.0042558066191444865,9.628797510596865e-05,104.09337960782202,0.0,0.0,
w0.0_apt1.0,imperfect,0.0,1.0,0.0,0.3968421052631579,4.458178355465112e-09,0.20034833756328424,4.458178355465112e-09,76.52628304093749,6.367633994410564e-05,104.09337960782202,0.0,0.0,
w0.0_apt1.0,imperfect,0.0,1.0,0.0,0.4226315789473684,7.334343221365006e-10,0.1450596035078313,7.334343221365006e-10,82.96185256519603,2.4500176717501654e-05,104.09337960782202,0.0,0.0,
w0.0_apt1.0,imperfect,0.0,1.0,0.0,0.44842105263157894,1.1894303578595577e-10,0.10126646650863001,1.1894303578595577e-10,89.30126637590847,9.982457223178662e-06,104.09337960782202,0.0,0.0,
w0.0_apt1.0,imperfect,0.0,1.0,0.0,0.47421052631578947,1.682944148536481e-11,0.0672192753598016,1.682944148536481e-11,96.01424122969911,4.3221155401568296e-06,104.09337960782202,0.0,0.0,
w0.0_apt1.0,imperfect,0.0,1.0,0.0,0.5,1.494909426951179e-12,0.04231307836326187,1.494909426951179e-12,104.51859741719691,1.999604515819727e-06,104.09337960782202,0.0,0.0,
w0.0_oracle,oracle,0.0,1.0,0.0,0.01,1.494909426951179e-12,1.494909426951179e-12,1.1873313536706527,118.9995705572423,9.998022579098635e-05,104.09337960783891,,,
w0.0_oracle,oracle,0.0,1.0,0.0,0.035789473684210524,1.4831053157479523,1.4831058341827248,1.4831053157479523,1.5181209260806128e-06,5.6605916824992164e-05,104.09337960783891,,,
w0.0_oracle,oracle,0.0,1.0,0.0,0.06157894736842105,1.5979946718341111,1.5979946718341111,1.5979952369755541,1.5359110459023384e-06,7.826599836846526e-05,104.09337960783891,,,
w0.0_oracle,oracle,0.0,1.0,0.0,0.08736842105263157,1.5485505080845914,1.5485550417180336,1.5485505080845914,1.2714658607970719e-05,8.851752375704791e-05,104.09337960783891,,,
w0.0_oracle,oracle,0.0,1.0,0.0,0.1131578947368421,1.447795636488966,1.447805628657262,1.447795636488966,2.9973350305523283e-05,9.672289055018268e-05,104.09337960783891,,,
w0.0_oracle,oracle,0.0,1.0,0.0,0.13894736842105262,1.3228371369159653,1.3228538110656074,1.3228371369159653,5.4741776892797134e-05,9.614166511262567e-05,104.09337960783891,,,
w0.0_oracle,oracle,0.0,1.0,0.0,0.16473684210526315,1.1831714089668415,1.1831967005207882,1.1831714089668415,9.283409689464506e-05,8.7494750344419e-05,104.09337960783891,,,
w0.0_oracle,oracle,0.0,1.0,0.0,0.19052631578947368,1.0383961600196814,1.0384356474221377,1.0383961600196814,0.00016514732615396932,9.559313193463481e-05,104.09337960783891,,,
w0.0_oracle,oracle,0.0,1.0,0.0,0.2,0.9854973627289022,0.9855415409234751,0.9854973627289022,0.00019468257162380542,9.634727559326706e-05,104.09337960783891,,,
w0.0_oracle,oracle,0.0,1.0,0.0,0.2163157894736842,0.8962182659646307,0.8962737191520862,0.8962182659646307,0.0002687098578237901,9.649054085336672e-05,104.09337960783891,,,
w0.0_oracle,oracle,0.0,1.0,0.0,0.24210526315789474,0.7626859319979025,0.7627595568227321,0.7626859319979025,0.0004192198988921536,9.682246856268506e-05,104.09337960783891,,,
w0.0_oracle,oracle,0.0,1.0,0.0,0.26789473684210524,0.6403139418209364,0.6404107558517349,0.6403139418209364,0.0006565938722522535,9.443649040541402e-05,104.09337960783891,,,
w0.0_oracle,oracle,0.0,1.0,0.0,0.29368421052631577,0.528782328886216,0.5289035887527567,0.528782328886216,0.0009958058487380406,9.342225530328818e-05,104.09337960783891,,,
w0.0_oracle,oracle,0.0,1.0,0.0,0.3,0.5031652003736847,0.5032979660198318,0.5031652003736847,0.0011457823747100804,9.867026383836297e-05,104.09337960783891,,,
w0.0_oracle,oracle,0.0,1.0,0.0,0.3194736842105263,0.428669082189017,0.428831596067345,0.428669082189017,0.0016461533669938078,9.661163040175502e-05,104.09337960783891,,,
w0.0_oracle,oracle,0.0,1.0,0.0,0.3452631578947368,0.3410960981947047,0.34130131169854405,0.3410960981947047,0.0026120584200350905,9.866326233387568e-05,104.09337960783891,,,
w0.0_oracle,oracle,0.0,1.0,0.0,0.37105263157894736,0.26590881932995847,0.26616952058613874,0.26590881932995847,0.004255806619095637,9.628797510319309e-05,104.09337960783891,,,
w0.0_oracle,oracle,0.0,1.0,0.0,0.3968421052631579,4.458178353917495e-09,0.20034833756328424,4.458178353917495e-09,76.52628304244509,6.36763399441055e-05,104.09337960783891,,,
w0.0_oracle,oracle,0.0,1.0,0.0,0.4226315789473684,7.334343215823691e-10,0.1450596035078313,7.334343215823691e-10,82.96185256847727,2.450017671750163e-05,104.09337960783891,,,
w0.0_oracle,oracle,0.0,1.0,0.0,0.44842105263157894,1.189430355469008e-10,0.10126646650864014,1.189430355469008e-10,89.30126638463749,9.982457223178659e-06,104.09337960783891,,,
w0.0_oracle,oracle,0.0,1.0,0.0,0.47421052631578947,1.682944148466914e-11,0.06721927535980174,1.682944148466914e-11,96.01424122987865,4.3221155401568296e-06,104.09337960783891,,,
w0.0_oracle,oracle,0.0,1.0,0.0,0.5,1.494909426951179e-12,0.04231307836334306,1.494909426951179e-12,104.51859741720524,1.999604515819727e-06,104.09337960783891,,,
w0.0_apt0.95_s00.0,imperfect,0.0,0.95,0.0,0.01,1.1770308200345882e-12,1.1770308200345882e-12,1.1786920552683944,120.00612521466206,9.999032547655438e-05,106.68629186670574,4.7153983787723154e-05,0.0010009616825676303,
w0.0_apt0.95_s00.0,imperfect,0.0,0.95,0.0,0.035789473684210524,1.4046854827450064,1.404685645914732,1.4046854827450064,5.044809550103224e-07,8.670836952262562e-05,106.68629186670574,4.7153983787723154e-05,0.0010009616825676303,
w0.0_apt0.95_s00.0,imperfect,0.0,0.95,0.0,0.06157894736842105,1.4735017021599466,1.4735025062323253,1.4735017021599466,2.3698927618109877e-06,8.477124173111861e-05,106.68629186670574,4.7153983787723154e-05,0.0010009616825676303,
w0.0_apt0.95_s00.0,imperfect,0.0,0.95,0.0,0.08736842105263157,1.4311977577658335,1.4312023960481501,1.4311977577658335,1.4074764584925958e-05,9.726155204603515e-05,106.68629186670574,4.7153983787723154e-05,0.0010009616825676303,
w0.0_apt0.95_s00.0,imperfect,0.0,0.95,0.0,0.1131578947368421,1.345213960801192,1.345222821444208,1.345213960801192,2.8605975010087548e-05,9.395053759853056e-05,106.68629186670574,4.7153983787723154e-05,0.0010009616825676303,
w0.0_apt0.95_s00.0,imperfect,0.0,0.95,0.0,0.13894736842105262,1.2378697824395448,1.2378849427957983,1.2378697824395448,5.318829848166562e-05,9.655168632782818e-05,106.68629186670574,4.7153983787723154e-05,0.0010009616825676303,
w0.0_apt0.95_s00.0,imperfect,0.0,0.95,0.0,0.16473684210526315,1.1184976479477606,1.1185209649911558,1.1184976479477606,9.053535113767719e-05,8.955898722007305e-05,106.68629186670574,4.7153983787723154e-05,0.0010009616825676303,
w0.0_apt0.95_s00.0,imperfect,0.0,0.95,0.0,0.19052631578947368,0.9942134666921233,0.9942475461487029,0.9942134666921233,0.00014886406969677815,9.528078406884077e-05,106.68629186670574,4.7153983787723154e-05,0.0010009616825676303,
w0.0_apt0.95_s00.0,imperfect,0.0,0.95,0.0,0.2,0.948415917544136,0.9484537887627088,0.948415917544136,0.00017341477062571276,9.106359037680534e-05,106.68629186670574,4.7153983787723154e-05,0.0010009616825676303,
w0.0_apt0.95_s00.0,imperfect,0.0,0.95,0.0,0.2163157894736842,0.8702537137297308,0.8703026318693777,0.8702537137297308,0.00024411594801787562,9.9350722393865e-05,106.68629186670574,4.7153983787723154e-05,0.0010009616825676303,
w0.0_apt0.95_s00.0,imperfect,0.0,0.95,0.0,0.24210526315789474,0.7507145535476658,0.7507829313498816,0.7507145535476658,0.000395553139531879,9.91292148029288e-05,106.68629186670574,4.7153983787723154e-05,0.0010009616825676303,
w0.0_apt0.95_s00.0,imperfect,0.0,0.95,0.0,0.26789473684210524,0.6388007963434742,0.6388903562101359,0.6388007963434742,0.0006088381511781815,9.999450340458793e-05,106.68629186670574,4.7153983787723154e-05,0.0010009616825676303,
w0.0_apt0.95_s00.0,imperfect,0.0,0.95,0.0,0.29368421052631577,0.5359600878504068,0.5360723084733109,0.5359600878504068,0.0009092411316697913,9.233408187814263e-05,106.68629186670574,4.7153983787723154e-05,0.0010009616825676303,
w0.0_apt0.95_s00.0,imperfect,0.0,0.95,0.0,0.3,0.5122331221127935,0.5123538964314113,0.5122331221127935,0.0010238587728501614,9.529156847465359e-05,106.68629186670574,4.7153983787723154e-05,0.0010009616825676303,
w0.0_apt0.95_s00.0,imperfect,0.0,0.95,0.0,0.3194736842105263,0.4428553553027363,0.4429987170020527,0.4428553553027363,0.001405676113469756,9.336205077903337e-05,106.68629186670574,4.7153983787723154e-05,0.0010009616825676303,
w0.0_apt0.95_s00.0,imperfect,0.0,0.95,0.0,0.3452631578947368,0.3601958117063295,0.36037722632723507,0.3601958117063295,0.0021867976263862943,9.694469002274886e-05,106.68629186670574,4.7153983787723154e-05,0.0010009616825676303,
w0.0_apt0.95_s00.0,imperfect,0.0,0.95,0.0,0.37105263157894736,0.28822410536880577,0.2884486321882984,0.28822410536880577,0.003381840594210317,9.745375029535097e-05,106.68629186670574,4.7153983787723154e-05,0.0010009616825676303,
w0.0_apt0.95_s00.0,imperfect,0.0,0.95,0.0,0.3968421052631579,3.5385562768084475e-09,0.22523789056133028,3.5385562768084475e-09,78.03815344387007,6.428266064805433e-05,106.68629186670574,4.7153983787723154e-05,0.0010009616825676303,
w0.0_apt0.95_s00.0,imperfect,0.0,0.95,0.0,0.4226315789473684,5.793517417775404e-10,0.17026074212929926,5.793517417775404e-10,84.68172205078525,2.4594781047317688e-05,106.68629186670574,4.7153983787723154e-05,0.0010009616825676303,
w0.0_apt0.95_s00.0,imperfect,0.0,0.95,0.0,0.44842105263157894,9.376376065739452e-11,0.12502449545203528,9.376376065739452e-11,91.24960092971509,9.997377139305402e-06,106.68629186670574,4.7153983787723154e-05,0.0010009616825676303,
w0.0_apt0.95_s00.0,imperfect,0.0,0.95,0.0,0.47421052631578947,1.3254871877486665e-11,0.08885911212470589,1.3254871877486665e-11,98.26326435311545,4.324254268181421e-06,106.68629186670574,4.7153983787723154e-05,0.0010009616825676303,
w0.0_apt0.95_s00.0,imperfect,0.0,0.95,0.0,0.5,1.1770308200345882e-12,0.06077832753500062,1.1770308200345882e-12,107.12960910426314,1.9998065095310876e-06,106.68629186670574,4.7153983787723154e-05,0.0010009616825676303,
w0.0_apt0.95_s00.01,imperfect,0.0,0.95,0.01,0.01,8.66719465390478e-13,8.66719465390478e-13,1.156649445346125,121.25323203559338,9.999541199458524e-05,109.9767057045782,0.0006639280353715611,0.0017771381880165341,
w0.0_apt0.95_s00.01,imperfect,0.0,0.95,0.01,0.035789473684210524,1.2928657379469672,1.2928657379469672,1.2928659131779843,5.886292471224408e-07,7.534560334221396e-05,109.9767057045782,0.0006639280353715611,0.0017771381880165341,
w0.0_apt0.95_s00.01,imperfect,0.0,0.95,0.01,0.06157894736842105,1.3301188835269546,1.330119884565597,1.3301188835269546,3.268470212702823e-06,9.846758737097616e-05,109.9767057045782,0.0006639280353715611,0.0017771381880165341,
w0.0_apt0.95_s00.01,imperfect,0.0,0.95,0.01,0.08736842105263157,1.3008800013174975,1.3008833158875903,1.3008800013174975,1.1065568429335926e-05,8.377690908467628e-05,109.9767057045782,0.0006639280353715611,0.0017771381880165341,
w0.0_apt0.95_s00.01,imperfect,0.0,0.95,0.01,0.1131578947368421,1.2372399593393042,1.2372468582007004,1.2372399593393042,2.4216232752172218e-05,8.791561181276109e-05,109.9767057045782,0.0006639280353715611,0.0017771381880165341,
w0.0_apt0.95_s00.01,imperfect,0.0,0.95,0.01,0.13894736842105262,1.1535958934449315,1.1536088788662398,1.1535958934449315,4.8885967011580433e-05,9.789001396676156e-05,109.9767057045782,0.0006639280353715611,0.0017771381880165341,
w0.0_apt0.95_s00.01,imperfect,0.0,0.95,0.01,0.16473684210526315,1.0577110908152798,1.0577305966192003,1.0577110908152798,8.008978038320791e-05,9.495880128085332e-05,109.9767057045782,0.0006639280353715611,0.0017771381880165341,
w0.0_apt0.95_s00.01,imperfect,0.0,0.95,0.01,0.19052631578947368,0.9556537881402295,0.9556849873629566,0.9556537881402295,0.0001417817756319273,9.909011652275979e-05,109.9767057045782,0.0006639280353715611,0.0017771381880165341,
w0.0_apt0.95_s00.01,imperfect,0.0,0.95,0.01,0.2,0.9175258996911365,0.9175575412998365,0.9175258996911365,0.0001497673157670465,8.688861976313689e-05,109.9767057045782,0.0006639280353715611,0.0017771381880165341,
w0.0_apt0.95_s00.01,imperfect,0.0,0.95,0.01,0.2163157894736842,0.8517674790364821,0.8518100575850182,0.8517674790364821,0.00021709171767070323,9.920335550939186e-05,109.9767057045782,0.0006639280353715611,0.0017771381880165341,
w0.0_apt0.95_s00.01,imperfect,0.0,0.95,0.01,0.24210526315789474,0.7492924205427944,0.7493470698914338,0.7492924205427944,0.0003167394255352285,9.207727142257482e-05,109.9767057045782,0.0006639280353715611,0.0017771381880165341,
w0.0_apt0.95_s00.01,imperfect,0.0,0.95,0.01,0.26789473684210524,0.6510040483515044,0.6510788814076641,0.6510040483515044,0.0004991937555918202,9.678696312276358e-05,109.9767057045782,0.0006639280353715611,0.0017771381880165341,
w0.0_apt0.95_s00.01,imperfect,0.0,0.95,0.01,0.29368421052631577,0.5588745478354362,0.5589714026467211,0.5588745478354362,0.0007525815193747398,9.550624798504437e-05,109.9767057045782,0.0006639280353715611,0.0017771381880165341,
w0.0_apt0.95_s00.01,imperfect,0.0,0.95,0.01,0.3,0.5374023015927268,0.5375002496053021,0.5374023015927268,0.0007914816360821142,9.26780799745952e-05,109.9767057045782,0.0006639280353715611,0.0017771381880165341,
w0.0_apt0.95_s00.01,imperfect,0.0,0.95,0.01,0.3194736842105263,0.4740996599681221,0.4742180926355271,0.4740996599681221,0.0010847556962270133,9.651688566858496e-05,109.9767057045782,0.0006639280353715611,0.0017771381880165341,
w0.0_apt0.95_s00.01,imperfect,0.0,0.95,0.01,0.3452631578947368,0.39728997172216995,0.3974381361664463,0.39728997172216995,0.0016193463064979596,9.302974925362584e-05,109.9767057045782,0.0006639280353715611,0.0017771381880165341,
w0.0_apt0.95_s00.01,imperfect,0.0,0.95,0.01,0.37105263157894736,0.3288176597948285,0.329004363176693,0.3288176597948285,0.0024652336906374472,9.567230240603575e-05,109.9767057045782,0.0006639280353715611,0.0017771381880165341,
w0.0_apt0.95_s00.01,imperfect,0.0,0.95,0.01,0.3968421052631579,2.6163812418715046e-09,0.2684274052047308,2.6163812418715046e-09,80.11125826432098,6.459149714388081e-05,109.9767057045782,0.0006639280353715611,0.0017771381880165341,
w0.0_apt0.95_s00.01,imperfect,0.0,0.95,0.01,0.4226315789473684,4.273091908003531e-10,0.21457720843616407,4.273091908003531e-10,87.00841357032544,2.4642637328866605e-05,109.9767057045782,0.0006639280353715611,0.0017771381880165341,
w0.0_apt0.95_s00.01,imperfect,0.0,0.95,0.01,0.44842105263157894,6.908168574392508e-11,0.16768568988656238,6.908168574392508e-11,93.85133075213093,1.0004903286699561e-05,109.9767057045782,0.0006639280353715611,0.0017771381880165341,
w0.0_apt0.95_s00.01,imperfect,0.0,0.95,0.01,0.47421052631578947,9.760670088144025e-12,0.12829013428255215,9.760670088144025e-12,101.18713625902018,4.3253318740016705e-06,109.9767057045782,0.0006639280353715611,0.0017771381880165341,
w0.0_apt0.95_s00.01,imperfect,0.0,0.95,0.01,0.5,8.66719465390478e-13,0.09589810219212881,8.66719465390478e-13,110.43931462276547,1.9999082398917047e-06,109.9767057045782,0.0006639280353715611,0.0017771381880165341,
w0.0_apt0.95_s00.05,imperfect,0.0,0.95,0.05,0.01,4.054610809686848e-13,4.054610809686848e-13,1.0995921830493103,124.3328246992071,9.999889503910743e-05,117.00878328711613,0.04244689940159403,0.00444670983269058,
w0.0_apt0.95_s00.05,imperfect,0.0,0.95,0.05,0.035789473684210524,1.1158411645273965,1.1158411718327472,1.1158411645273965,2.843302088217925e-08,8.788310776353114e-05,117.00878328711613,0.04244689940159403,0.00444670983269058,
w0.0_apt0.95_s00.05,imperfect,0.0,0.95,0.05,0.06157894736842105,1.1153446510731715,1.1153452831248105,1.1153446510731715,2.4610909377664747e-06,8.190045377176602e-05,117.00878328711613,0.04244689940159403,0.00444670983269058,
w0.0_apt0.95_s00.05,imperfect,0.0,0.95,0.05,0.08736842105263157,1.0971775836158075,1.0971796040117243,1.0971775836158075,7.997301468221085e-06,9.311873024309136e-05,117.00878328711613,0.04244689940159403,0.00444670983269058,
w0.0_apt0.95_s00.05,imperfect,0.0,0.95,0.05,0.1131578947368421,1.0639705133747752,1.0639748013243877,1.0639705133747752,1.7502638272937077e-05,9.990912014146147e-05,117.00878328711613,0.04244689940159403,0.00444670983269058,
w0.0_apt0.95_s00.05,imperfect,0.0,0.95,0.05,0.13894736842105262,1.019400148912667,1.0194078842112948,1.019400148912667,3.295452495169493e-05,9.497192159191314e-05,117.00878328711613,0.04244689940159403,0.00444670983269058,
w0.0_apt0.95_s00.05,imperfect,0.0,0.95,0.05,0.16473684210526315,0.96628718748092,0.9662996289783711,0.96628718748092,5.591752612263412e-05,9.810175449853631e-05,117.00878328711613,0.04244689940159403,0.00444670983269058,
w0.0_apt0.95_s00.05,imperfect,0.0,0.95,0.05,0.19052631578947368,0.9067984834482863,0.9068174143891056,0.9067984834482863,9.066531833068492e-05,9.800748877708543e-05,117.00878328711613,0.04244689940159403,0.00444670983269058,
w0.0_apt0.95_s00.05,imperfect,0.0,0.95,0.05,0.2,0.8837509332568654,0.8837722292551589,0.8837509332568654,0.00010465191904796001,9.48962939721909e-05,117.00878328711613,0.04244689940159403,0.00444670983269058,
w0.0_apt0.95_s00.05,imperfect,0.0,0.95,0.05,0.2163157894736842,0.8429747825138798,0.8430008225891501,0.8429747825138798,0.00013415450336173862,9.872544510969306e-05,117.00878328711613,0.04244689940159403,0.00444670983269058,
w0.0_apt0.95_s00.05,imperfect,0.0,0.95,0.05,0.24210526315789474,0.7767541439797971,0.7767898235222526,0.7767541439797971,0.00019948490331889168,9.43698795761172e-05,117.00878328711613,0.04244689940159403,0.00444670983269058,
w0.0_apt0.95_s00.05,imperfect,0.0,0.95,0.05,0.26789473684210524,0.7098721162111628,0.7099170408614144,0.7098721162111628,0.0002748369730118938,9.135731000275982e-05,117.00878328711613,0.04244689940159403,0.00444670983269058,
w0.0_apt0.95_s00.05,imperfect,0.0,0.95,0.05,0.29368421052631577,0.6437868678119919,0.6438429842491331,0.6437868678119919,0.00037854137927784137,9.070504414987468e-05,117.00878328711613,0.04244689940159403,0.00444670983269058,
w0.0_apt0.95_s00.05,imperfect,0.0,0.95,0.05,0.3,0.6278571881347516,0.6279200811687268,0.6278571881347516,0.00043501500299614193,9.463196881576152e-05,117.00878328711613,0.04244689940159403,0.00444670983269058,
w0.0_apt0.95_s00.05,imperfect,0.0,0.95,0.05,0.3194736842105263,0.5796135565325082,0.579688413670701,0.5796135565325082,0.000560855461802845,9.826680836777513e-05,117.00878328711613,0.04244689940159403,0.00444670983269058,
w0.0_apt0.95_s00.05,imperfect,0.0,0.95,0.05,0.3452631578947368,0.5182004846673519,0.5182915395897001,0.5182004846673519,0.0007630478479758729,9.550012155967735e-05,117.00878328711613,0.04244689940159403,0.00444670983269058,
w0.0_apt0.95_s00.05,imperfect,0.0,0.95,0.05,0.37105263157894736,0.46016063773315535,0.460267325729705,0.46016063773315535,0.0010067927145547273,9.191084498905155e-05,117.00878328711613,0.04244689940159403,0.00444670983269058,
w0.0_apt0.95_s00.05,imperfect,0.0,0.95,0.05,0.3968421052631579,1.2249072646672856e-09,0.40600524674842675,1.2249072646672856e-09,85.20428435580172,6.480420765557297e-05,117.00878328711613,0.04244689940159403,0.00444670983269058,
w0.0_apt0.95_s00.05,imperfect,0.0,0.95,0.05,0.4226315789473684,1.9971930169636227e-10,0.35570085395997686,1.9971930169636227e-10,92.50664868925652,2.467548149887811e-05,117.00878328711613,0.04244689940159403,0.00444670983269058,
w0.0_apt0.95_s00.05,imperfect,0.0,0.95,0.05,0.44842105263157894,3.226683292704098e-11,0.30938519545421456,3.226683292704098e-11,99.81743187846922,1.0010061068162065e-05,117.00878328711613,0.04244689940159403,0.00444670983269058,
w0.0_apt0.95_s00.05,imperfect,0.0,0.95,0.05,0.47421052631578947,4.558736938182969e-12,0.26688081727343516,4.558736938182969e-12,107.67472826935422,4.32606993709354e-06,117.00878328711613,0.04244689940159403,0.00444670983269058,
w0.0_apt0.95_s00.05,imperfect,0.0,0.95,0.05,0.5,4.054610809686848e-13,0.22801011201874885,4.054610809686848e-13,117.50004934068255,1.9999779007821487e-06,117.00878328711613,0.04244689940159403,0.00444670983269058,
w0.0_apt0.95_s00.1,imperfect,0.0,0.95,0.1,0.01,2.910827979348318e-13,2.910827979348318e-13,1.0900372495005437,125.73424798424995,9.999927582719763e-05,119.71081616986565,0.18286614874115353,0.008029864575603566,
w0.0_apt0.95_s00.1,imperfect,0.0,0.95,0.1,0.035789473684210524,1.087910904231297,1.0879109080508926,1.087910904231297,1.5247841100851645e-08,8.990186589130644e-05,119.71081616986565,0.18286614874115353,0.008029864575603566,
w0.0_apt0.95_s00.1,imperfect,0.0,0.95,0.1,0.06157894736842105,1.0789519888988184,1.0789526196267731,1.0789519888988184,2.538774598714877e-06,9.410614806881767e-05,119.71081616986565,0.18286614874115353,0.008029864575603566,
w0.0_apt0.95_s00.1,imperfect,0.0,0.95,0.1,0.08736842105263157,1.0611076886886164,1.0611092651919,1.0611076886886164,6.452372134369e-06,8.841335307785414e-05,119.71081616986565,0.18286614874115353,0.008029864575603566,
w0.0_apt0.95_s00.1,imperfect,0.0,0.95,0.1,0.1131578947368421,1.0341783632469694,1.0341815459034118,1.0341783632469694,1.3365276754856437e-05,8.157365626715318e-05,119.71081616986565,0.18286614874115353,0.008029864575603566,
w0.0_apt0.95_s00.1,imperfect,0.0,0.95,0.1,0.13894736842105262,0.9993140368953822,0.9993196533698804,0.9993140368953822,2.440871375463706e-05,8.525673614645513e-05,119.71081616986565,0.18286614874115353,0.008029864575603566,
w0.0_apt0.95_s00.1,imperfect,0.0,0.95,0.1,0.16473684210526315,0.9580464444733195,0.9580561646223036,0.9580464444733195,4.406243222093709e-05,9.531467977819119e-05,119.71081616986565,0.18286614874115353,0.008029864575603566,
w0.0_apt0.95_s00.1,imperfect,0.0,0.95,0.1,0.19052631578947368,0.9116823762960881,0.9116959584971733,0.9116823762960881,6.47005053310834e-05,9.139501559030094e-05,119.71081616986565,0.18286614874115353,0.008029864575603566,
w0.0_apt0.95_s00.1,imperfect,0.0,0.95,0.1,0.2,0.8935888206709954,0.8936052420612431,0.8935888206709954,7.98091188715655e-05,9.806476065143954e-05,119.71081616986565,0.18286614874115353,0.008029864575603566,
w0.0_apt0.95_s00.1,imperfect,0.0,0.95,0.1,0.2163157894736842,0.861315559708861,0.8613352469981819,0.861315559708861,9.926656154324309e-05,9.162521201044882e-05,119.71081616986565,0.18286614874115353,0.008029864575603566,
w0.0_apt0.95_s00.1,imperfect,0.0,0.95,0.1,0.24210526315789474,0.8080200644454055,0.8080487770654995,0.8080200644454055,0.00015432179804231172,9.443328144831398e-05,119.71081616986565,0.18286614874115353,0.008029864575603566,
w0.0_apt0.95_s00.1,imperfect,0.0,0.95,0.1,0.26789473684210524,0.7529056842286238,0.7529417815678838,0.7529056842286238,0.0002082133232097494,9.83747488469966e-05,119.71081616986565,0.18286614874115353,0.008029864575603566,
w0.0_apt0.95_s00.1,imperfect,0.0,0.95,0.1,0.29368421052631577,0.6970588422101213,0.697104667283801,0.6970588422101213,0.00028549845844572097,9.322554640034397e-05,119.71081616986565,0.18286614874115353,0.008029864575603566,
w0.0_apt0.95_s00.1,imperfect,0.0,0.95,0.1,0.3,0.6833831576286433,0.683434955667069,0.6833831576286433,0.0003291674591321403,9.689075339247566e-05,119.71081616986565,0.18286614874115353,0.008029864575603566,
w0.0_apt0.95_s00.1,imperfect,0.0,0.95,0.1,0.3194736842105263,0.6414464219485735,0.6415046680754987,0.6414464219485735,0.00039434038803043414,9.331256793343456e-05,119.71081616986565,0.18286614874115353,0.008029864575603566,
w0.0_apt0.95_s00.1,imperfect,0.0,0.95,0.1,0.3452631578947368,0.5868565624387342,0.5869319020950714,0.5868565624387342,0.0005575041508638634,9.778219415412792e-05,119.71081616986565,0.18286614874115353,0.008029864575603566,
w0.0_apt0.95_s00.1,imperfect,0.0,0.95,0.1,0.37105263157894736,0.5338993093733617,0.5339857472960019,0.5338993093733617,0.0007030628002016037,9.44349389289112e-05,119.71081616986565,0.18286614874115353,0.008029864575603566,
w0.0_apt0.95_s00.1,imperfect,0.0,0.95,0.1,0.3968421052631579,8.785857197422108e-10,0.48313162976375623,8.785857197422108e-10,87.40281330800451,6.482753338813986e-05,119.71081616986565,0.18286614874115353,0.008029864575603566,
w0.0_apt0.95_s00.1,imperfect,0.0,0.95,0.1,0.4226315789473684,1.432233432411766e-10,0.4346867024275468,1.432233432411766e-10,94.82162547639922,2.467907651151269e-05,119.71081616986565,0.18286614874115353,0.008029864575603566,
w0.0_apt0.95_s00.1,imperfect,0.0,0.95,0.1,0.44842105263157894,2.3137471941526245e-11,0.3888545608906738,2.3137471941526245e-11,102.25471292079624,1.0010625194272923e-05,119.71081616986565,0.18286614874115353,0.008029864575603566,
w0.0_apt0.95_s00.1,imperfect,0.0,0.95,0.1,0.47421052631578947,3.269174348855416e-12,0.3457702772045079,3.269174348855416e-12,110.24349575482475,4.326150636570714e-06,119.71081616986565,0.18286614874115353,0.008029864575603566,
w0.0_apt0.95_s00.1,imperfect,0.0,0.95,0.1,0.5,2.910827979348318e-13,0.3054401750514857,2.910827979348318e-13,120.20909619170992,1.9999855165439526e-06,119.71081616986565,0.18286614874115353,0.008029864575603566,
w0.0_apt0.95_s00.5,imperfect,0.0,0.95,0.5,0.01,9.85084562286664e-14,9.85084562286664e-14,1.0852801080530303,130.4206832986561,9.999970559527443e-05,127.48387020858809,7.906450785608204,0.03087896817892241,
w0.0_apt0.95_s00.5,imperfect,0.0,0.95,0.5,0.035789473684210524,1.0733469718930708,1.0733469718930708,1.0733469721560551,1.064079269141871e-09,9.149002706010378e-05,127.48387020858809,7.906450785608204,0.03087896817892241,
w0.0_apt0.95_s00.5,imperfect,0.0,0.95,0.5,0.06157894736842105,1.060786379304582,1.060786379304582,1.0607865898832385,8.621258835717072e-07,9.916763568185161e-05,127.48387020858809,7.906450785608204,0.03087896817892241,
w0.0_apt0.95_s00.5,imperfect,0.0,0.95,0.5,0.08736842105263157,1.0473159566736923,1.0473159566736923,1.047316499015144,2.2489472954190237e-06,8.553677649558722e-05,127.48387020858809,7.906450785608204,0.03087896817892241,
w0.0_apt0.95_s00.5,imperfect,0.0,0.95,0.5,0.1131578947368421,1.0327380209322492,1.0327380209322492,1.0327392209525246,5.046409354642067e-06,9.342565134673464e-05,127.48387020858809,7.906450785608204,0.03087896817892241,
w0.0_apt0.95_s00.5,imperfect,0.0,0.95,0.5,0.13894736842105262,1.016891149436068,1.016891149436068,1.0168933097369885,9.226216326263526e-06,8.982883731434299e-05,127.48387020858809,7.906450785608204,0.03087896817892241,
w0.0_apt0.95_s00.5,imperfect,0.0,0.95,0.5,0.16473684210526315,0.9996369836188432,0.9996369836188432,0.9996406123835746,1.576521941836135e-05,9.275698937827315e-05,127.48387020858809,7.906450785608204,0.03087896817892241,
w0.0_apt0.95_s00.5,imperfect,0.0,0.95,0.5,0.19052631578947368,0.9808553480645201,0.9808553480645201,0.9808599928435968,2.0565694528712486e-05,8.091097934226354e-05,127.48387020858809,7.906450785608204,0.03087896817892241,
w0.0_apt0.95_s00.5,imperfect,0.0,0.95,0.5,0.2,0.9735512493693297,0.9735512493693297,0.9735562201243656,2.2174137964334206e-05,8.402791847927915e-05,127.48387020858809,7.906450785608204,0.03087896817892241,
w0.0_apt0.95_s00.5,imperfect,0.0,0.95,0.5,0.2163157894736842,0.9604408671875768,0.9604408671875768,0.9604477147001668,3.096313821249197e-05,8.452167902461838e-05,127.48387020858809,7.906450785608204,0.03087896817892241,
w0.0_apt0.95_s00.5,imperfect,0.0,0.95,0.5,0.24210526315789474,0.9383047181718696,0.9383047181718696,0.9383137660133081,4.18777459886277e-05,8.620485785826304e-05,127.48387020858809,7.906450785608204,0.03087896817892241,
w0.0_apt0.95_s00.5,imperfect,0.0,0.95,0.5,0.26789473684210524,0.9143793634910656,0.9143793634910656,0.914390238764055,5.1652991636674805e-05,8.44109157949191e-05,127.48387020858809,7.906450785608204,0.03087896817892241,
w0.0_apt0.95_s00.5,imperfect,0.0,0.95,0.5,0.29368421052631577,0.8886189853849166,0.8886189853849166,0.8886294272646558,5.103226672431571e-05,8.519452792654647e-05,127.48387020858809,7.906450785608204,0.03087896817892241,
w0.0_apt0.95_s00.5,imperfect,0.0,0.95,0.5,0.3,0.8820293951927346,0.8820293951927346,0.8820401366678452,5.2888656414395996e-05,8.873620864058296e-05,127.48387020858809,7.906450785608204,0.03087896817892241,
w0.0_apt0.95_s00.5,imperfect,0.0,0.95,0.5,0.3194736842105263,0.8610028405529229,0.8610028405529229,0.8610169287363049,7.106097632680886e-05,9.344212975204158e-05,127.48387020858809,7.906450785608204,0.03087896817892241,
w0.0_apt0.95_s00.5,imperfect,0.0,0.95,0.5,0.3452631578947368,0.8315345315278763,0.8315345315278763,0.831548912281471,7.51072588113244e-05,9.376419890294585e-05,127.48387020858809,7.906450785608204,0.03087896817892241,
w0.0_apt0.95_s00.5,imperfect,0.0,0.95,0.5,0.37105263157894736,0.8002482770542751,0.8002482770542751,0.8002575004236389,5.005490733778206e-05,8.700421097795896e-05,127.48387020858809,7.906450785608204,0.03087896817892241,
w0.0_apt0.95_s00.5,imperfect,0.0,0.95,0.5,0.3968421052631579,2.949689419231929e-10,0.767213025790955,2.949689419231929e-10,94.15139677358117,6.485387511646833e-05,127.48387020858809,7.906450785608204,0.03087896817892241,
w0.0_apt0.95_s00.5,imperfect,0.0,0.95,0.5,0.4226315789473684,4.8074631700920617e-11,0.7325501796334484,4.8074631700920617e-11,101.82921413385857,2.4683134883229884e-05,127.48387020858809,7.906450785608204,0.03087896817892241,
w0.0_apt0.95_s00.5,imperfect,0.0,0.95,0.5,0.44842105263157894,7.766807066629285e-12,0.6964345236928515,7.766807066629285e-12,109.52637774765701,1.0011261936104039e-05,127.48387020858809,7.906450785608204,0.03087896817892241,
w0.0_apt0.95_s00.5,imperfect,0.0,0.95,0.5,0.47421052631578947,1.0983808036223653e-12,0.6590891072167445,1.0983808036223653e-12,117.78191199963274,4.32624171835669e-06,127.48387020858809,7.906450785608204,0.03087896817892241,
w0.0_apt0.95_s00.5,imperfect,0.0,0.95,0.5,0.5,9.85084562286664e-14,0.6207596390009081,9.85084562286664e-14,127.9944995880068,1.999994111905489e-06,127.48387020858809,7.906450785608204,0.03087896817892241,
w0.0_apt0.95_s01.0,imperfect,0.0,0.95,1.0,0.01,5.090557956087313e-14,5.090557956087313e-14,1.0850618867385,133.28689122710236,9.999982314320844e-05,131.12021764498698,50.6118676230461,0.05163663881864291,
w0.0_apt0.95_s01.0,imperfect,0.0,0.95,1.0,0.035789473684210524,1.072570846556911,1.0725708488717034,1.072570846556911,9.372821851982849e-09,7.831271585700961e-05,131.12021764498698,50.6118676230461,0.05163663881864291,
w0.0_apt0.95_s01.0,imperfect,0.0,0.95,1.0,0.06157894736842105,1.059699619621763,1.059699619621763,1.0596997177659349,4.0222219127583614e-07,9.94933682534338e-05,131.12021764498698,50.6118676230461,0.05163663881864291,
w0.0_apt0.95_s01.0,imperfect,0.0,0.95,1.0,0.08736842105263157,1.0463522536560863,1.0463522536560863,1.0463525306173125,1.1495432431229968e-06,9.380539792402942e-05,131.12021764498698,50.6118676230461,0.05163663881864291,
w0.0_apt0.95_s01.0,imperfect,0.0,0.95,1.0,0.1131578947368421,1.0324928801607032,1.0324928801607032,1.0324934903466687,2.5666067490770494e-06,8.785277391609725e-05,131.12021764498698,50.6118676230461,0.05163663881864291,
w0.0_apt0.95_s01.0,imperfect,0.0,0.95,1.0,0.13894736842105262,1.0181022366428596,1.0181022366428596,1.0181033474392558,4.738350087615806e-06,9.240983814606807e-05,131.12021764498698,50.6118676230461,0.05163663881864291,
w0.0_apt0.95_s01.0,imperfect,0.0,0.95,1.0,0.16473684210526315,1.003166038503162,1.003166038503162,1.0031677831909542,7.5531626155134896e-06,8.35199495412553e-05,131.12021764498698,50.6118676230461,0.05163663881864291,
w0.0_apt0.95_s01.0,imperfect,0.0,0.95,1.0,0.19052631578947368,0.9876687133520918,0.9876687133520918,0.9876715541243722,1.2491333731601273e-05,9.802413602955085e-05,131.12021764498698,50.6118676230461,0.05163663881864291,
w0.0_apt0.95_s01.0,imperfect,0.0,0.95,1.0,0.2,0.9818314793447451,0.9818314793447451,0.9818346741614281,1.4131640998504835e-05,9.977521294501912e-05,131.12021764498698,50.6118676230461,0.05163663881864291,
w0.0_apt0.95_s01.0,imperfect,0.0,0.95,1.0,0.2163157894736842,0.9715912939448775,0.9715912939448775,0.9715953280402804,1.8032085576380474e-05,8.800348826554227e-05,131.12021764498698,50.6118676230461,0.05163663881864291,
w0.0_apt0.95_s01.0,imperfect,0.0,0.95,1.0,0.24210526315789474,0.9549059761160493,0.9549059761160493,0.95491226370757,2.8596085689752693e-05,9.828572893511023e-05,131.12021764498698,50.6118676230461,0.05163663881864291,
w0.0_apt0.95_s01.0,imperfect,0.0,0.95,1.0,0.26789473684210524,0.9375783869943134,0.9375783869943134,0.9375867344670532,3.866604926966444e-05,8.562752525165251e-05,131.12021764498698,50.6118676230461,0.05163663881864291,
w0.0_apt0.95_s01.0,imperfect,0.0,0.95,1.0,0.29368421052631577,0.9195606007493039,0.9195606007493039,0.9195712621864486,5.035205375386598e-05,9.17309818326828e-05,131.12021764498698,50.6118676230461,0.05163663881864291,
w0.0_apt0.95_s01.0,imperfect,0.0,0.95,1.0,0.3,0.9150378413984519,0.9150378413984519,0.9150489135922937,5.255043428947781e-05,8.937732600955428e-05,131.12021764498698,50.6118676230461,0.05163663881864291,
w0.0_apt0.95_s01.0,imperfect,0.0,0.95,1.0,0.3194736842105263,0.9007962540248776,0.9007962540248776,0.9008107654549694,6.996236077438933e-05,8.805419201607378e-05,131.12021764498698,50.6118676230461,0.05163663881864291,
w0.0_apt0.95_s01.0,imperfect,0.0,0.95,1.0,0.3452631578947368,0.8812141272383673,0.8812141272383673,0.8812332040962348,9.401670003905682e-05,9.441942669496939e-05,131.12021764498698,50.6118676230461,0.05163663881864291,
w0.0_apt0.95_s01.0,imperfect,0.0,0.95,1.0,0.37105263157894736,0.8607365665921072,0.8607365665921072,0.860762067845881,0.00012866758735519124,9.170995295448847e-05,131.12021764498698,50.6118676230461,0.05163663881864291,
w0.0_apt0.95_s01.0,imperfect,0.0,0.95,1.0,0.3968421052631579,1.504782207870488e-10,0.839273327479672,1.504782207870488e-10,97.46429773644975,6.486106984055168e-05,131.12021764498698,50.6118676230461,0.05163663881864291,
w0.0_apt0.95_s01.0,imperfect,0.0,0.95,1.0,0.4226315789473684,2.4529444786213272e-11,0.8167280687815238,2.4529444786213272e-11,105.22389763154023,2.4684244258101104e-05,131.12021764498698,50.6118676230461,0.05163663881864291,
w0.0_apt0.95_s01.0,imperfect,0.0,0.95,1.0,0.44842105263157894,3.965112472229832e-12,0.7929999019446254,3.965112472229832e-12,113.01017622826514,1.0011436052296648e-05,131.12021764498698,50.6118676230461,0.05163663881864291,
w0.0_apt0.95_s01.0,imperfect,0.0,0.95,1.0,0.47421052631578947,5.617650905430335e-13,0.7679893786637387,5.617650905430335e-13,121.35800466173394,4.326266628505094e-06,131.12021764498698,50.6118676230461,0.05163663881864291,
w0.0_apt0.95_s01.0,imperfect,0.0,0.95,1.0,0.5,5.090557956087313e-14,0.741595727527917,5.090557956087313e-14,131.6340183283161,1.999996462864169e-06,131.12021764498698,50.6118676230461,0.05163663881864291,
w0.0_apt0.95_s010.0,imperfect,0.0,0.95,10.0,0.01,3.145720288837556e-15,3.145720288837556e-15,1.0847940920293584,145.37627207882332,9.99999750928981e-05,143.42646885722476,13790.059559346599,0.11754617904935412,
w0.0_apt0.95_s010.0,imperfect,0.0,0.95,10.0,0.035789473684210524,1.0714538223803094,1.0714538225505044,1.0714538223803094,6.898546178746301e-10,8.957311456470052e-05,143.42646885722476,13790.059559346599,0.11754617904935412,
w0.0_apt0.95_s010.0,imperfect,0.0,0.95,10.0,0.06157894736842105,1.0577521273211339,1.0577521273211339,1.0577521340578937,2.765995482656436e-08,9.941693133441731e-05,143.42646885722476,13790.059559346599,0.11754617904935412,
w0.0_apt0.95_s010.0,imperfect,0.0,0.95,10.0,0.08736842105263157,1.0436426328144621,1.0436426328144621,1.0436426499768026,7.141821781186941e-08,8.345656851815875e-05,143.42646885722476,13790.059559346599,0.11754617904935412,
w0.0_apt0.95_s010.0,imperfect,0.0,0.95,10.0,0.1131578947368421,1.0291222547264751,1.0291222547264751,1.0291222934459257,1.633979181403511e-07,8.956622446021356e-05,143.42646885722476,13790.059559346599,0.11754617904935412,
w0.0_apt0.95_s010.0,imperfect,0.0,0.95,10.0,0.13894736842105262,1.0142009807061263,1.0142009807061263,1.014201053366152,3.1113997835813256e-07,8.585219302403857e-05,143.42646885722476,13790.059559346599,0.11754617904935412,
w0.0_apt0.95_s010.0,imperfect,0.0,0.95,10.0,0.16473684210526315,0.9988932132097087,0.9988932132097087,0.9988933435762856,5.668021417571181e-07,8.902156923795701e-05,143.42646885722476,13790.059559346599,0.11754617904935412,
w0.0_apt0.95_s010.0,imperfect,0.0,0.95,10.0,0.19052631578947368,0.9832140520260566,0.9832140520260566,0.9832142559498727,9.007497266122488e-07,9.718126989355369e-05,143.42646885722476,13790.059559346599,0.11754617904935412,
w0.0_apt0.95_s010.0,imperfect,0.0,0.95,10.0,0.2,0.9773639263157554,0.9773639263157554,0.9773641484624208,9.871150079554525e-07,8.472762669953227e-05,143.42646885722476,13790.059559346599,0.11754617904935412,
w0.0_apt0.95_s010.0,imperfect,0.0,0.95,10.0,0.2163157894736842,0.9671773664384898,0.9671773664384898,0.9671776958936876,1.4793620594366619e-06,9.990777891744074e-05,143.42646885722476,13790.059559346599,0.11754617904935412,
w0.0_apt0.95_s010.0,imperfect,0.0,0.95,10.0,0.24210526315789474,0.9507946293159959,0.9507946293159959,0.9507950835995475,2.075030573839287e-06,8.813023021048139e-05,143.42646885722476,13790.059559346599,0.11754617904935412,
w0.0_apt0.95_s010.0,imperfect,0.0,0.95,10.0,0.26789473684210524,0.9340741565435111,0.9340741565435111,0.934074800176574,2.992548175095866e-06,8.90660745653804e-05,143.42646885722476,13790.059559346599,0.11754617904935412,
w0.0_apt0.95_s010.0,imperfect,0.0,0.95,10.0,0.29368421052631577,0.9170206857761037,0.9170206857761037,0.917021525435512,3.976565484009598e-06,9.293658172282449e-05,143.42646885722476,13790.059559346599,0.11754617904935412,
w0.0_apt0.95_s010.0,imperfect,0.0,0.95,10.0,0.3,0.9127938051858182,0.9127938051858182,0.9127946430288786,3.9863378646365355e-06,9.249526976873312e-05,143.42646885722476,13790.059559346599,0.11754617904935412,
w0.0_apt0.95_s010.0,imperfect,0.0,0.95,10.0,0.3194736842105263,0.8996350663179624,0.8996350663179624,0.8996361987330769,5.466675814691513e-06,8.776903922580459e-05,143.42646885722476,13790.059559346599,0.11754617904935412,
w0.0_apt0.95_s010.0,imperfect,0.0,0.95,10.0,0.3452631578947368,0.8819137210541208,0.8819137210541208,0.8819152436473294,7.497935932798683e-06,9.423258819651892e-05,143.42646885722476,13790.059559346599,0.11754617904935412,
w0.0_apt0.95_s010.0,imperfect,0.0,0.95,10.0,0.37105263157894736,0.8638489762878294,0.8638489762878294,0.8638512421993666,1.1391708660490885e-05,9.248448333210035e-05,143.42646885722476,13790.059559346599,0.11754617904935412,
w0.0_apt0.95_s010.0,imperfect,0.0,0.95,10.0,0.3968421052631579,6.238733815086108e-12,0.8454283413496952,6.238733815086108e-12,111.31980346417711,6.48703696342699e-05,143.42646885722476,13790.059559346599,0.11754617904935412,
w0.0_apt0.95_s010.0,imperfect,0.0,0.95,10.0,0.4226315789473684,1.0246484001711137e-12,0.8266347048684711,1.0246484001711137e-12,119.06738768144373,2.468567826304021e-05,143.42646885722476,13790.059559346599,0.11754617904935412,
w0.0_apt0.95_s010.0,imperfect,0.0,0.95,10.0,0.44842105263157894,1.6890812080975188e-13,0.807446369600086,1.6890812080975188e-13,126.79463156023591,1.0011661122271589e-05,143.42646885722476,13790.059559346599,0.11754617904935412,
w0.0_apt0.95_s010.0,imperfect,0.0,0.95,10.0,0.47421052631578947,2.5482124321543282e-14,0.7878363114889927,2.5482124321543282e-14,134.90200363425186,4.326298828688293e-06,143.42646885722476,13790.059559346599,0.11754617904935412,
w0.0_apt0.95_s010.0,imperfect,0.0,0.95,10.0,0.5,3.145720288837556e-15,0.7677725760583437,3.145720288837556e-15,143.87512492159178,1.9999995018579623e-06,143.42646885722476,13790.059559346599,0.11754617904935412,
w0.0_apt1.0_s00.5_s2emp,imperfect,0.0,1.0,0.5,0.01,1.8478587732032033e-13,1.8478587732032033e-13,1.0864108218820117,127.6932530681094,9.999970377705062e-05,122.54542245474124,0.562,1e-06,0.562
w0.0_apt1.0_s00.5_s2emp,imperfect,0.0,1.0,0.5,0.035789473684210524,1.0763437806800855,1.0763437806800855,1.0763438014440405,8.378058347080497e-08,8.149118289679791e-05,122.54542245474124,0.562,1e-06,0.562
w0.0_apt1.0_s00.5_s2emp,imperfect,0.0,1.0,0.5,0.06157894736842105,1.0631633555058102,1.0631635858626907,1.0631633555058102,9.409909652591253e-07,7.615688740258975e-05,122.54542245474124,0.562,1e-06,0.562
w0.0_apt1.0_s00.5_s2emp,imperfect,0.0,1.0,0.5,0.08736842105263157,1.045439614006196,1.0454406093260884,1.045439614006196,4.134736482919177e-06,9.864133228276728e-05,122.54542245474124,0.562,1e-06,0.562
w0.0_apt1.0_s00.5_s2emp,imperfect,0.0,1.0,0.5,0.1131578947368421,1.0224381631705481,1.022440443004435,1.0224381631705481,9.683892957745854e-06,9.159422896409808e-05,122.54542245474124,0.562,1e-06,0.562
w0.0_apt1.0_s00.5_s2emp,imperfect,0.0,1.0,0.5,0.13894736842105262,0.9940855137620094,0.9940899280954407,0.9940855137620094,1.9285226144097334e-05,8.538472631869354e-05,122.54542245474124,0.562,1e-06,0.562
w0.0_apt1.0_s00.5_s2emp,imperfect,0.0,1.0,0.5,0.16473684210526315,0.960800213160747,0.9608075446144918,0.960800213160747,3.3139020102462835e-05,8.870024021234713e-05,122.54542245474124,0.562,1e-06,0.562
w0.0_apt1.0_s00.5_s2emp,imperfect,0.0,1.0,0.5,0.19052631578947368,0.9232291485018855,0.9232401361105578,0.9232291485018855,5.168629508750522e-05,8.399909786582782e-05,122.54542245474124,0.562,1e-06,0.562
w0.0_apt1.0_s00.5_s2emp,imperfect,0.0,1.0,0.5,0.2,0.9084852994066718,0.9084984779497856,0.9084852994066718,6.299856526253977e-05,8.527007700731559e-05,122.54542245474124,0.562,1e-06,0.562
w0.0_apt1.0_s00.5_s2emp,imperfect,0.0,1.0,0.5,0.2163157894736842,0.8820443651239553,0.8820604824073868,0.8820443651239553,7.935636328570972e-05,8.943162661179116e-05,122.54542245474124,0.562,1e-06,0.562
w0.0_apt1.0_s00.5_s2emp,imperfect,0.0,1.0,0.5,0.24210526315789474,0.8378958521635524,0.8379175885529113,0.8378958521635524,0.00011266163316547839,8.609061801223561e-05,122.54542245474124,0.562,1e-06,0.562
w0.0_apt1.0_s00.5_s2emp,imperfect,0.0,1.0,0.5,0.26789473684210524,0.7914411052519096,0.791469115407235,0.7914411052519096,0.0001536998843973958,8.517751248682259e-05,122.54542245474124,0.562,1e-06,0.562
w0.0_apt1.0_s00.5_s2emp,imperfect,0.0,1.0,0.5,0.29368421052631577,0.7433722709726992,0.7434086463998069,0.7433722709726992,0.00021250807147565887,8.794598012373811e-05,122.54542245474124,0.562,1e-06,0.562
w0.0_apt1.0_s00.5_s2emp,imperfect,0.0,1.0,0.5,0.3,0.731433800698455,0.7314753499623473,0.731433800698455,0.00024669496437668137,9.586953359708161e-05,122.54542245474124,0.562,1e-06,0.562
w0.0_apt1.0_s00.5_s2emp,imperfect,0.0,1.0,0.5,0.3194736842105263,0.6943989338633637,0.6944447897803918,0.6943989338633637,0.00028678491893852076,8.706844550054882e-05,122.54542245474124,0.562,1e-06,0.562
w0.0_apt1.0_s00.5_s2emp,imperfect,0.0,1.0,0.5,0.3452631578947368,0.6451992997307561,0.6452564668546031,0.6451992997307561,0.0003847844628568353,8.891526522059046e-05,122.54542245474124,0.562,1e-06,0.562
w0.0_apt1.0_s00.5_s2emp,imperfect,0.0,1.0,0.5,0.37105263157894736,0.5963799489189345,0.5964540376147541,0.5963799489189345,0.0005394935451286109,9.907877880910299e-05,122.54542245474124,0.562,1e-06,0.562
w0.0_apt1.0_s00.5_s2emp,imperfect,0.0,1.0,0.5,0.3968421052631579,5.557310072203754e-10,0.548551757068649,5.557310072203754e-10,89.94352981401379,6.48537199399944e-05,122.54542245474124,0.562,1e-06,0.562
w0.0_apt1.0_s00.5_s2emp,imperfect,0.0,1.0,0.5,0.4226315789473684,9.058571982678186e-11,0.5019617881960707,9.058571982678186e-11,97.43610918029866,2.468311495267926e-05,122.54542245474124,0.562,1e-06,0.562
w0.0_apt1.0_s00.5_s2emp,imperfect,0.0,1.0,0.5,0.44842105263157894,1.463671286432223e-11,0.4569950070926054,1.463671286432223e-11,104.94467902058791,1.0011259068122101e-05,122.54542245474124,0.562,1e-06,0.562
w0.0_apt1.0_s00.5_s2emp,imperfect,0.0,1.0,0.5,0.47421052631578947,2.0693567997119418e-12,0.41386435384871767,2.0693567997119418e-12,113.01022643781562,4.326241324789303e-06,122.54542245474124,0.562,1e-06,0.562
w0.0_apt1.0_s00.5_s2emp,imperfect,0.0,1.0,0.5,0.5,1.8478587732032033e-13,0.37273164316556207,1.8478587732032033e-13,123.04727487668471,1.9999940755410128e-06,122.54542245474124,0.562,1e-06,0.562
