rho_pt,rho_ft,omega,c_pt,lambda_pt,gamma_reinit,seed,ft_teacher_norm,alpha,mse_best,active_best,mse_fwd,mse_bwd,diff_db,fp_residual,mse_se,mse_rel_se,mse_se_db,reliability_score_db,rho_pt_emp,rho_ft_emp
0.1,0.1,0.0,0.001,-0.00099,0.0,0,unit_total_var,0.01,1.2007497945046826,0.9902375,1.200749794506107,1.2007497945046826,5.1518789234705764e-12,8.490215464007633e-07,0.0213115477644783,0.0177485333430929,0.0770809009278113,0.300098453993905,0.0988625,0.101325
0.1,0.1,0.0,0.001,-0.00099,0.0,0,unit_total_var,0.0225641025641025,1.2436406838775893,0.9915125,1.2436406877832211,1.2436406838775893,1.3638942975013892e-08,9.379052769986628e-07,0.0201218005747081,0.0161797541971445,0.0702677796637086,0.300098453993905,0.0988625,0.101325
0.1,0.1,0.0,0.001,-0.00099,0.0,0,unit_total_var,0.0351282051282051,1.2389655897522631,0.9927125,1.2389655990838229,1.2389655897522631,3.2709905894989795e-08,8.154418154049381e-07,0.0187295641272304,0.0151170979098584,0.0656527220464269,0.300098453993905,0.0988625,0.101325
0.1,0.1,0.0,0.001,-0.00099,0.0,0,unit_total_var,0.0476923076923076,1.216026723311875,0.99295,1.2160267395676223,1.216026723311875,5.805613656484355e-08,8.457155651342418e-07,0.0176148460189042,0.0144855747667533,0.0629100518839795,0.300098453993905,0.0988625,0.101325
0.1,0.1,0.0,0.001,-0.00099,0.0,0,unit_total_var,0.0602564102564102,1.1830146172809144,0.9932125,1.1830146463866336,1.1830146172809144,1.0684950879635836e-07,9.763531672035697e-07,0.0165981637537693,0.014030396168662,0.0609332363496644,0.300098453993905,0.0988625,0.101325
0.1,0.1,0.0,0.001,-0.00099,0.0,0,unit_total_var,0.0728205128205128,1.143490093960981,0.993625,1.1434901333141567,1.143490093960981,1.494623084186131e-07,8.146713312839893e-07,0.0155696809457497,0.0136159298869107,0.0591332321586692,0.300098453993905,0.0988625,0.101325
0.1,0.1,0.0,0.001,-0.00099,0.0,0,unit_total_var,0.0853846153846153,1.099029758987548,0.9939,1.0990298211582348,1.099029758987548,2.4567474393721866e-07,9.194231314069156e-07,0.0145407861739304,0.0132305663745864,0.0574596196893758,0.300098453993905,0.0988625,0.101325
0.1,0.1,0.0,0.001,-0.00099,0.0,0,unit_total_var,0.0979487179487179,1.051037429972083,0.9942625,1.051037511446631,1.051037429972083,3.366573275986884e-07,8.940931284229237e-07,0.013578426885121,0.0129190707180444,0.0561068112416459,0.300098453993905,0.0988625,0.101325
0.1,0.1,0.0,0.001,-0.00099,0.0,0,unit_total_var,0.1105128205128205,1.0005453988616604,0.9942875,1.0005455120340052,1.0005453988616604,4.91233302751283e-07,9.44739570130082e-07,0.0126974970669939,0.0126905756414852,0.0551144697327286,0.300098453993905,0.0988625,0.101325
0.1,0.1,0.0,0.001,-0.00099,0.0,0,unit_total_var,0.123076923076923,0.9480150405813648,0.9947375,0.9480151929754808,0.9480150405813648,6.981315216481043e-07,9.074785802809516e-07,0.0118696975205839,0.0125205793288942,0.054376185127707,0.300098453993905,0.0988625,0.101325
0.1,0.1,0.0,0.001,-0.00099,0.0,0,unit_total_var,0.1356410256410256,0.8940221293587245,0.9948,0.8940223242247685,0.8940221293587245,9.466123443990782e-07,9.19051921677294e-07,0.011091543010914,0.0124063405666142,0.0538800524869305,0.300098453993905,0.0988625,0.101325
0.1,0.1,0.0,0.001,-0.00099,0.0,0,unit_total_var,0.1482051282051282,0.8392474464607897,0.9948375,0.839247701232088,0.8392474464607897,1.31839247963228e-06,9.682139232580766e-07,0.0103633735185696,0.0123484123333032,0.0536284733661964,0.300098453993905,0.0988625,0.101325
0.1,0.1,0.0,0.001,-0.00099,0.0,0,unit_total_var,0.1607692307692307,0.78420615484566,0.9948875,0.7842064580988171,0.78420615484566,1.6794199644287744e-06,9.40601857735146e-07,0.00968073288491,0.0123446275256732,0.0536120361555087,0.300098453993905,0.0988625,0.101325
0.1,0.1,0.0,0.001,-0.00099,0.0,0,unit_total_var,0.1733333333333333,0.7291624207769755,0.99515,0.7291628056037335,0.7291624207769755,2.292055770292123e-06,9.815829677961574e-07,0.0090278277855499,0.012381093057333,0.0537704039473038,0.300098453993905,0.0988625,0.101325
0.1,0.1,0.0,0.001,-0.00099,0.0,0,unit_total_var,0.1858974358974359,0.6743805602276453,0.9952,0.6743810205289755,0.6743805602276453,2.9642945142960286e-06,9.732621846225695e-07,0.0083795241157601,0.0124255125517431,0.0539633153604163,0.300098453993905,0.0988625,0.101325
0.1,0.1,0.0,0.001,-0.00099,0.0,0,unit_total_var,0.1984615384615384,0.6200221420496957,0.9953625,0.6200226814349287,0.6200221420496957,3.778121981490301e-06,9.48853739579647e-07,0.0077130870391964,0.0124400186962649,0.0540263147456114,0.300098453993905,0.0988625,0.101325
0.1,0.1,0.0,0.001,-0.00099,0.0,0,unit_total_var,0.211025641025641,0.5662265894646306,0.995325,0.5662272486105598,0.5662265894646306,5.055631059569521e-06,9.205584783344988e-07,0.0070240063666321,0.0124049391132856,0.0538739660524576,0.300098453993905,0.0988625,0.101325
0.1,0.1,0.0,0.001,-0.00099,0.0,0,unit_total_var,0.2235897435897436,0.5132080694194646,0.99545,0.5132088625999979,0.5132080694194646,6.712163799882376e-06,9.729160712623752e-07,0.006323346215946,0.0123212135442433,0.0535103505261647,0.300098453993905,0.0988625,0.101325
0.1,0.1,0.0,0.001,-0.00099,0.0,0,unit_total_var,0.2361538461538461,0.4613081930486504,0.995525,0.4613091423635254,0.4613081930486504,8.937230983274702e-06,9.388785828789992e-07,0.0056278977702787,0.0121998651987635,0.0529833413578651,0.300098453993905,0.0988625,0.101325
0.1,0.1,0.0,0.001,-0.00099,0.0,0,unit_total_var,0.2487179487179487,0.4107905723685004,0.995625,0.4107917643192779,0.4107905723685004,1.2601479419505068e-05,9.918571566291945e-07,0.0049459987964376,0.0120401954892013,0.0522899046199657,0.300098453993905,0.0988625,0.101325
0.1,0.1,0.0,0.001,-0.00099,0.0,0,unit_total_var,0.2612820512820513,0.36220001840119,0.9957875,0.3622013997599169,0.36220001840119,1.656309492403807e-05,9.719140177111283e-07,0.0042909539130446,0.0118469179874302,0.0514505110950132,0.300098453993905,0.0988625,0.101325
0.1,0.1,0.0,0.001,-0.00099,0.0,0,unit_total_var,0.2738461538461538,0.3163265881143096,0.9959125,0.3163282029672379,0.3163265881143096,2.2170754912842483e-05,9.760913268763716e-07,0.0036858617381906,0.0116520769251894,0.05060432711322,0.300098453993905,0.0988625,0.101325
0.1,0.1,0.0,0.001,-0.00099,0.0,0,unit_total_var,0.2864102564102564,0.2733839537137766,0.9959375,0.2733858670345288,0.2733839537137766,3.0394678465661684e-05,9.666673500552392e-07,0.00313696082294,0.0114745608889112,0.0498333847631701,0.300098453993905,0.0988625,0.101325
0.1,0.1,0.0,0.001,-0.00099,0.0,0,unit_total_var,0.298974358974359,0.2333234932602471,0.996,0.2333257727630128,0.2333234932602471,4.242910231422314e-05,9.644133105446429e-07,0.0026450997684835,0.011336619949939,0.0492343148769285,0.300098453993905,0.0988625,0.101325
0.1,0.1,0.0,0.001,-0.00099,0.0,0,unit_total_var,0.3115384615384615,0.1961354244749491,0.995975,0.1961380655557785,0.1961354244749491,5.847995643915027e-05,9.554640882925014e-07,0.0022057567245385,0.0112460904522643,0.0488411502640326,0.300098453993905,0.0988625,0.101325
0.1,0.1,0.0,0.001,-0.00099,0.0,0,unit_total_var,0.3241025641025641,0.1619731518816883,0.9961125,0.1619763648683419,0.1619731518816883,8.614813741036897e-05,9.898877348368806e-07,0.0018118766999962,0.0111862779661147,0.0485813879371956,0.300098453993905,0.0988625,0.101325
0.1,0.1,0.0,0.001,-0.00099,0.0,0,unit_total_var,0.3366666666666666,0.1312081765081484,0.9962375,0.1312120143444854,0.1312081765081484,0.0001270291846324,9.927827675504377e-07,0.0014657094630511,0.0111708698501735,0.0485144713398978,0.300098453993905,0.0988625,0.101325
0.1,0.1,0.0,0.001,-0.00099,0.0,0,unit_total_var,0.3492307692307692,0.1039394759235798,0.996275,0.1039439816246056,0.1039394759235798,0.0001882594330524,9.904536890092963e-07,0.0011653945394335,0.0112122418270651,0.0486941475525922,0.300098453993905,0.0988625,0.101325
0.1,0.1,0.0,0.001,-0.00099,0.0,0,unit_total_var,0.3617948717948718,0.0804474304993288,0.9962625,0.0804526813499562,0.0804474304993288,0.0002834572863061,9.801102081874458e-07,0.0009094893564293,0.0113053872669925,0.0490986730583415,0.300098453993905,0.0988625,0.101325
0.1,0.1,0.0,0.001,-0.00099,0.0,0,unit_total_var,0.3743589743589743,0.0606349175353323,0.9963625,0.0606411636938236,0.0606349175353323,0.0004473548519623,9.849088490332392e-07,0.0006907319519945,0.0113916531937563,0.0494733212180392,0.300098453993905,0.0988625,0.101325
0.1,0.1,0.0,0.001,-0.00099,0.0,0,unit_total_var,0.3869230769230769,0.0444055517658478,0.996375,0.0444128029989151,0.0444055517658478,0.0007091260637395,9.80679019213504e-07,0.0005062057822429,0.0113996057275048,0.0495078586332804,0.300098453993905,0.0988625,0.101325
0.1,0.1,0.0,0.001,-0.00099,0.0,0,unit_total_var,0.3994871794871795,0.0315885148829364,0.996425,0.0315969829466076,0.0315885148829364,0.0011640751353265,9.851703106633636e-07,0.0003584899862498,0.0113487445541004,0.0492869713637538,0.300098453993905,0.0988625,0.101325
0.1,0.1,0.0,0.001,-0.00099,0.0,0,unit_total_var,0.412051282051282,0.0217895327420024,0.9964375,0.0217992822451152,0.0217895327420024,0.0019427715458846,9.874497457346143e-07,0.0002458035904081,0.0112808105303835,0.0489919376474167,0.300098453993905,0.0988625,0.101325
0.1,0.1,0.0,0.001,-0.00099,0.0,0,unit_total_var,0.4246153846153846,0.0146132602496742,0.996425,0.0146243245431924,0.0146132602496742,0.0032869759143991,9.929822758700246e-07,0.0001633493503525,0.0111781592582115,0.0485461288367703,0.300098453993905,0.0988625,0.101325
0.1,0.1,0.0,0.001,-0.00099,0.0,0,unit_total_var,0.4371794871794872,0.0095773128433177,0.996425,0.0095895538387586,0.0095773128433177,0.0055472786282244,9.956791241355625e-07,0.0001058691714656,0.0110541623937406,0.0480076172966401,0.300098453993905,0.0988625,0.101325
0.1,0.1,0.0,0.001,-0.00099,0.0,0,unit_total_var,0.4497435897435897,0.0061811625001512,0.9965,0.006194406242903,0.0061811625001512,0.0092952278993365,9.88222433854699e-07,6.75122074376211e-05,0.0109222508607352,0.0474347327878034,0.300098453993905,0.0988625,0.101325
0.1,0.1,0.0,0.001,-0.00099,0.0,0,unit_total_var,0.4623076923076923,0.0039439570667452,0.9964875,0.003956906928457,0.0039439570667452,0.0142365658301812,9.955926042644336e-07,4.250644825749777e-05,0.0107776143447161,0.0468065843799155,0.300098453993905,0.0988625,0.101325
0.1,0.1,0.0,0.001,-0.00099,0.0,0,unit_total_var,0.4748717948717949,0.0024989348747821,0.996475,0.0025098383702971,0.0024989348747821,0.0189081644700088,9.945404746483644e-07,2.652082963605604e-05,0.0106128534615644,0.0460910369560524,0.300098453993905,0.0988625,0.101325
0.1,0.1,0.0,0.001,-0.00099,0.0,0,unit_total_var,0.4874358974358974,0.0015784735137903,0.9964875,0.001587512433407,0.0015784735137903,0.0247983638795119,9.963905541372775e-07,1.6465370929011833e-05,0.0104311987405314,0.0453021205264897,0.300098453993905,0.0988625,0.101325
0.1,0.1,0.0,0.001,-0.00099,0.0,0,unit_total_var,0.5,0.0009976590835363,0.9964875,0.0010050889340513,0.0009976590835363,0.0322233037292534,9.983588535461552e-07,1.0216100403804564e-05,0.0102400715558989,0.0444720657102135,0.300098453993905,0.0988625,0.101325
0.1,0.1,0.0,0.001,-0.00099,1.0,0,unit_total_var,0.01,1.005127999274477,0.9999875,1.0051279992911997,1.005127999274477,7.225491038820309e-11,9.384486645558354e-07,0.0174584894566279,0.0173694190881458,0.0754344286384673,0.2989583458599413,0.0988625,0.101325
0.1,0.1,0.0,0.001,-0.00099,1.0,0,unit_total_var,0.0225641025641025,0.9923022637009868,0.9999875,0.9923022646059994,0.9923022637009868,3.9609094268366896e-09,8.07863408169851e-07,0.0169617018176476,0.0170932813902748,0.0742351778541591,0.2989583458599413,0.0988625,0.101325
0.1,0.1,0.0,0.001,-0.00099,1.0,0,unit_total_var,0.0351282051282051,0.9788476174606628,0.9999875,0.9788476196833856,0.9788476174606628,9.861763128338197e-09,8.70809419240004e-07,0.0164675376261419,0.0168233924590451,0.0730630651185607,0.2989583458599413,0.0988625,0.101325
0.1,0.1,0.0,0.001,-0.00099,1.0,0,unit_total_var,0.0476923076923076,0.9645607145936635,0.9999875,0.9645607191311244,0.9645607145936635,2.042996594120439e-08,8.853313389067807e-07,0.0159631085441716,0.0165496150762229,0.0718740650522647,0.2989583458599413,0.0988625,0.101325
0.1,0.1,0.0,0.001,-0.00099,1.0,0,unit_total_var,0.0602564102564102,0.949300216008042,0.9999875,0.9493002233399568,0.949300216008042,3.354270960986838e-08,7.848236442953294e-07,0.0154443554220909,0.0162692003663887,0.0706562394410101,0.2989583458599413,0.0988625,0.101325
0.1,0.1,0.0,0.001,-0.00099,1.0,0,unit_total_var,0.0728205128205128,0.9329889921032712,0.9999875,0.9329890042603708,0.9329889921032712,5.658974772115855e-08,9.909554012921262e-07,0.0149114064970352,0.0159824034616098,0.0694106963092859,0.2989583458599413,0.0988625,0.101325
0.1,0.1,0.0,0.001,-0.00099,1.0,0,unit_total_var,0.0853846153846153,0.9156078511213191,1.0,0.91560786677981,0.9156078511213191,7.427192866282796e-08,7.967348061299617e-07,0.0143670063475167,0.0156912223174166,0.0681461126677119,0.2989583458599413,0.0988625,0.101325
0.1,0.1,0.0,0.001,-0.00099,1.0,0,unit_total_var,0.0979487179487179,0.8971854098939535,1.0,0.8971854332665836,0.8971854098939535,1.1313831077552905e-07,8.724826869865865e-07,0.0138153947112649,0.0153985949380273,0.066875248106486,0.2989583458599413,0.0988625,0.101325
0.1,0.1,0.0,0.001,-0.00099,1.0,0,unit_total_var,0.1105128205128205,0.8777864351802557,1.0,0.8777864702488094,0.8777864351802557,1.7350551861916585e-07,9.904575275498928e-07,0.0132613629779544,0.0151077328681106,0.0656120501868883,0.2989583458599413,0.0988625,0.101325
0.1,0.1,0.0,0.001,-0.00099,1.0,0,unit_total_var,0.123076923076923,0.857500455148004,1.0,0.8575004967568338,0.857500455148004,2.107344042601156e-07,9.121930686362134e-07,0.0127095353703991,0.0148216077252174,0.0643694244799653,0.2989583458599413,0.0988625,0.101325
0.1,0.1,0.0,0.001,-0.00099,1.0,0,unit_total_var,0.1356410256410256,0.836431891186865,1.0,0.8364319470605236,0.836431891186865,2.901087471363084e-07,8.662211330445757e-07,0.0121639196973314,0.0145426302195045,0.0631578405669029,0.2989583458599413,0.0988625,0.101325
0.1,0.1,0.0,0.001,-0.00099,1.0,0,unit_total_var,0.1482051282051282,0.8146923383746756,1.0,0.8146924054273547,0.8146923383746756,3.574429996433537e-07,8.429278643973248e-07,0.0116277095459555,0.0142725161367701,0.0619847500107439,0.2989583458599413,0.0988625,0.101325
0.1,0.1,0.0,0.001,-0.00099,1.0,0,unit_total_var,0.1607692307692307,0.7923949935662864,1.0,0.7923950743590507,0.7923949935662864,4.428075668361231e-07,8.364486223655376e-07,0.0111032721744064,0.0140122947072578,0.0608546227016421,0.2989583458599413,0.0988625,0.101325
0.1,0.1,0.0,0.001,-0.00099,1.0,0,unit_total_var,0.1733333333333333,0.7696509206947174,1.0,0.7696510182509025,0.7696509206947174,5.504847593318374e-07,8.43071448208832e-07,0.0105922442005918,0.0137624004802473,0.0597693458631409,0.2989583458599413,0.0988625,0.101325
0.1,0.1,0.0,0.001,-0.00099,1.0,0,unit_total_var,0.1858974358974359,0.7465666893315677,1.0,0.7465668072062106,0.7465666893315677,6.857030145912546e-07,8.603735386358835e-07,0.0100956694777151,0.0135227965860012,0.0587287593720048,0.2989583458599413,0.0988625,0.101325
0.1,0.1,0.0,0.001,-0.00099,1.0,0,unit_total_var,0.1984615384615384,0.7232429696833425,1.0,0.7232431120369771,0.7232429696833425,8.548080594472651e-07,8.867316569904915e-07,0.0096141375921533,0.0132930951217717,0.057731178588005,0.2989583458599413,0.0988625,0.101325
0.1,0.1,0.0,0.001,-0.00099,1.0,0,unit_total_var,0.211025641025641,0.6997737762947656,1.0,0.699773947971354,0.6997737762947656,1.0654612729865676e-06,9.210316918029092e-07,0.0091479041266192,0.0130726592457587,0.0567738377423455,0.2989583458599413,0.0988625,0.101325
0.1,0.1,0.0,0.001,-0.00099,1.0,0,unit_total_var,0.2235897435897436,0.6762461499874728,1.0,0.6762463385998483,0.6762461499874728,1.211294178293798e-06,9.62488425404473e-07,0.0086969886281199,0.0128606848679006,0.055853244716259,0.2989583458599413,0.0988625,0.101325
0.1,0.1,0.0,0.001,-0.00099,1.0,0,unit_total_var,0.2361538461538461,0.6527401523687091,1.0,0.6527403592736593,0.6527401523687091,1.3766222832778396e-06,8.430999924868843e-07,0.0082612529147846,0.0126562658736491,0.0549654643042626,0.2989583458599413,0.0988625,0.101325
0.1,0.1,0.0,0.001,-0.00099,1.0,0,unit_total_var,0.2487179487179487,0.6293289509292572,1.0,0.6293291998381285,0.6293289509292572,1.7176983155842152e-06,8.930064545609184e-07,0.0078404617736841,0.0124584476244213,0.0541063505636684,0.2989583458599413,0.0988625,0.101325
0.1,0.1,0.0,0.001,-0.00099,1.0,0,unit_total_var,0.2612820512820513,0.6060792047210918,1.0,0.6060795031094809,0.6060792047210918,2.1381429675670915e-06,9.481494953611502e-07,0.0074343320665289,0.0122662714850117,0.0532717401946781,0.2989583458599413,0.0988625,0.101325
0.1,0.1,0.0,0.001,-0.00099,1.0,0,unit_total_var,0.2738461538461538,0.5830513541358948,1.0,0.5830516560406037,0.5830513541358948,2.2487815911631515e-06,8.54249414761199e-07,0.0070425675556765,0.0120788117645552,0.0524576129729443,0.2989583458599413,0.0988625,0.101325
0.1,0.1,0.0,0.001,-0.00099,1.0,0,unit_total_var,0.2864102564102564,0.5602998930452369,1.0,0.5603002539042433,0.5602998930452369,2.797056124936858e-06,9.136842484824824e-07,0.0066648821890167,0.0118952051780575,0.0516602196993736,0.2989583458599413,0.0988625,0.101325
0.1,0.1,0.0,0.001,-0.00099,1.0,0,unit_total_var,0.298974358974359,0.5378738756138625,1.0,0.5378743051075274,0.5378738756138625,3.4678511582342253e-06,9.774716849264564e-07,0.0063010163233504,0.0117146725450446,0.0508761764361642,0.2989583458599413,0.0988625,0.101325
0.1,0.1,0.0,0.001,-0.00099,1.0,0,unit_total_var,0.3115384615384615,0.515817198724997,1.0,0.515817635948513,0.515817198724997,3.681220408502384e-06,8.981073014169283e-07,0.0059507423971933,0.0115365335081933,0.0501025284290031,0.2989583458599413,0.0988625,0.101325
0.1,0.1,0.0,0.001,-0.00099,1.0,0,unit_total_var,0.3241025641025641,0.4941688047287239,1.0,0.4941693228017465,0.4941688047287239,4.553021859532436e-06,9.641246923042246e-07,0.0056138638208179,0.0113602149044995,0.0493367864625923,0.2989583458599413,0.0988625,0.101325
0.1,0.1,0.0,0.001,-0.00099,1.0,0,unit_total_var,0.3366666666666666,0.4729632043244487,1.0,0.4729637337457109,0.4729632043244487,4.861363462893564e-06,8.957393331510133e-07,0.0052902132954807,0.0111852534131846,0.0485769383603559,0.2989583458599413,0.0988625,0.101325
0.1,0.1,0.0,0.001,-0.00099,1.0,0,unit_total_var,0.3492307692307692,0.4522304440976882,1.0,0.4522310682026209,0.4522304440976882,5.99351823593608e-06,9.631125932330065e-07,0.0049796425971721,0.0110112944897102,0.0478214443549285,0.2989583458599413,0.0988625,0.101325
0.1,0.1,0.0,0.001,-0.00099,1.0,0,unit_total_var,0.3617948717948718,0.4319966289625068,1.0,0.4319972684897315,0.4319966289625068,6.429284871600771e-06,9.028652492304444e-07,0.0046820172655786,0.0108380875027267,0.0470692159681883,0.2989583458599413,0.0988625,0.101325
0.1,0.1,0.0,0.001,-0.00099,1.0,0,unit_total_var,0.3743589743589743,0.4122837917264965,1.0,0.4122845415116074,0.4122837917264965,7.898133440153998e-06,9.71070088784387e-07,0.0043972041584765,0.0106654790867782,0.0463195871424232,0.2989583458599413,0.0988625,0.101325
0.1,0.1,0.0,0.001,-0.00099,1.0,0,unit_total_var,0.3869230769230769,0.3931104147100618,1.0,0.3931111846089132,0.3931104147100618,8.50556186726692e-06,9.171142727470992e-07,0.0041250664200478,0.0104934040556779,0.0455722747776213,0.2989583458599413,0.0988625,0.101325
0.1,0.1,0.0,0.001,-0.00099,1.0,0,unit_total_var,0.3994871794871795,0.3744912287244596,1.0,0.3744921264687945,0.3744912287244596,1.0411056750037062e-05,9.859559199076884e-07,0.0038654518638373,0.0103218755670281,0.0448273360165231,0.2989583458599413,0.0988625,0.101325
0.1,0.1,0.0,0.001,-0.00099,1.0,0,unit_total_var,0.412051282051282,0.3564377768905277,1.0,0.3564387003908347,0.3564377768905277,1.1252190250665706e-05,9.371908709088216e-07,0.0036181904421275,0.0101509735407164,0.0440851179467908,0.2989583458599413,0.0988625,0.101325
0.1,0.1,0.0,0.001,-0.00099,1.0,0,unit_total_var,0.4246153846153846,0.3389582347741681,1.0,0.3389591872437321,0.3389582347741681,1.2203618387829351e-05,8.95006070367188e-07,0.0033830855371281,0.0099808330055238,0.0433462069909686,0.2989583458599413,0.0988625,0.101325
0.1,0.1,0.0,0.001,-0.00099,1.0,0,unit_total_var,0.4371794871794872,0.3220577548852247,1.0,0.3220588592748564,0.3220577548852247,1.489265491194658e-05,9.627332037132064e-07,0.0031599120853028,0.0098116317255858,0.042611375168888,0.2989583458599413,0.0988625,0.101325
0.1,0.1,0.0,0.001,-0.00099,1.0,0,unit_total_var,0.4497435897435897,0.3057388628080323,1.0,0.3057400042094939,0.3057388628080323,1.6213294788514077e-05,9.247006640400456e-07,0.0029484165753627,0.009643578013875,0.0418815271722945,0.2989583458599413,0.0988625,0.101325
0.1,0.1,0.0,0.001,-0.00099,1.0,0,unit_total_var,0.4623076923076923,0.2900012553270176,1.0,0.2900025736486333,0.2900012553270176,1.9742621495844048e-05,9.941738615681928e-07,0.0027483127980515,0.0094768996601496,0.0411576522795378,0.2989583458599413,0.0988625,0.101325
0.1,0.1,0.0,0.001,-0.00099,1.0,0,unit_total_var,0.4748717948717949,0.2748425381737595,1.0,0.274843904348054,0.2748425381737595,2.158765112270089e-05,9.604539014107516e-07,0.0025592878532808,0.009311833132842,0.0404407774599719,0.2989583458599413,0.0988625,0.101325
0.1,0.1,0.0,0.001,-0.00099,1.0,0,unit_total_var,0.4874358974358974,0.2602579930183684,1.0,0.2602594131428286,0.2602579930183684,2.369765964971293e-05,9.320032053894424e-07,0.002381000113897,0.0091486147506295,0.0397319290325712,0.2989583458599413,0.0988625,0.101325
0.1,0.1,0.0,0.001,-0.00099,1.0,0,unit_total_var,0.5,0.2462410280126672,1.0,0.2462426309768401,0.2462410280126672,2.8271333770923945e-05,9.630841428243109e-07,0.0022130845109286,0.0089874726758159,0.0390320978936313,0.2989583458599413,0.0988625,0.101325
0.1,0.1,0.0,0.001,0.00099,0.0,0,unit_total_var,0.01,1.1281124293591354,0.9996,1.1281124293591354,1.1281124297621166,1.5513748063966661e-09,9.522606916334552e-07,0.0177386198369038,0.0157241595564911,0.0682891572795038,0.2996166637694689,0.0988625,0.101325
0.1,0.1,0.0,0.001,0.00099,0.0,0,unit_total_var,0.0225641025641025,1.309640055916809,0.9997125,1.3096400634484588,1.309640055916809,2.4975976620211785e-08,8.540291389635968e-07,0.0182131368445481,0.0139069790682281,0.0603972426927549,0.2996166637694689,0.0988625,0.101325
0.1,0.1,0.0,0.001,0.00099,0.0,0,unit_total_var,0.0351282051282051,1.5327027082336468,0.9998375,1.5327027082336468,1.5327027480898954,1.129335027716394e-07,9.79122901867413e-07,0.0198048636071557,0.0129215297270399,0.0561174905820229,0.2996166637694689,0.0988625,0.101325
0.1,0.1,0.0,0.001,0.00099,0.0,0,unit_total_var,0.0476923076923076,1.7390747613810271,0.9998875,1.7390747613810271,1.7390748605223754,2.475830260806333e-07,7.248949245308722e-07,0.0218049759416542,0.0125382625438934,0.0544529823546716,0.2996166637694689,0.0988625,0.101325
0.1,0.1,0.0,0.001,0.00099,0.0,0,unit_total_var,0.0602564102564102,1.8303225223338904,0.9999,1.830322555307028,1.8303225223338904,7.8237859302277e-08,9.374106149095952e-07,0.0224953189923518,0.0122903579658013,0.0533763464516318,0.2996166637694689,0.0988625,0.101325
0.1,0.1,0.0,0.001,0.00099,0.0,0,unit_total_var,0.0728205128205128,1.818016532623792,0.9999,1.818016532623792,1.8180165473579455,3.51974889234441e-08,8.197559324685244e-07,0.021868427609549,0.0120287286815748,0.0522401049071933,0.2996166637694689,0.0988625,0.101325
0.1,0.1,0.0,0.001,0.00099,0.0,0,unit_total_var,0.0853846153846153,1.7570935033308153,0.9999125,1.7570935708575424,1.7570935033308153,1.6690337956148937e-07,9.293371157070852e-07,0.0207320840136745,0.0117990784066835,0.0512427464356646,0.2996166637694689,0.0988625,0.101325
0.1,0.1,0.0,0.001,0.00099,0.0,0,unit_total_var,0.0979487179487179,1.6778123841180823,0.999925,1.6778124776137204,1.6778123841180823,2.4200940984542285e-07,8.484381375239991e-07,0.0194833811590019,0.0116123717666103,0.0504318898004797,0.2996166637694689,0.0988625,0.101325
0.1,0.1,0.0,0.001,0.00099,0.0,0,unit_total_var,0.1105128205128205,1.5928491090810923,0.999925,1.5928492380651889,1.5928491090810923,3.516785036516979e-07,9.803396103791329e-07,0.0182523770457072,0.0114589492134863,0.0497655841182673,0.2996166637694689,0.0988625,0.101325
0.1,0.1,0.0,0.001,0.00099,0.0,0,unit_total_var,0.123076923076923,1.507259333774019,0.999925,1.5072594896990934,1.507259333774019,4.492750147466751e-07,8.831179414414692e-07,0.0170821718487141,0.0113332665891955,0.0492197514162609,0.2996166637694689,0.0988625,0.101325
0.1,0.1,0.0,0.001,0.00099,0.0,0,unit_total_var,0.1356410256410256,1.423004779209205,0.999925,1.42300496194924,1.423004779209205,5.577141042323319e-07,9.288973554788528e-07,0.0159896162674221,0.0112365162092483,0.0487995698549302,0.2996166637694689,0.0988625,0.101325
0.1,0.1,0.0,0.001,0.00099,0.0,0,unit_total_var,0.1482051282051282,1.3407801199435685,0.999925,1.340780353027759,1.3407801199435685,7.549870968404093e-07,9.943073564500082e-07,0.0149758438342292,0.0111695002122044,0.0485085230777761,0.2996166637694689,0.0988625,0.101325
0.1,0.1,0.0,0.001,0.00099,0.0,0,unit_total_var,0.1607692307692307,1.260767447488877,0.9999375,1.2607677102649524,1.260767447488877,9.051803155912808e-07,9.488372638699616e-07,0.0140319382827502,0.0111296800299676,0.0483355862236378,0.2996166637694689,0.0988625,0.101325
0.1,0.1,0.0,0.001,0.00099,0.0,0,unit_total_var,0.1733333333333333,1.1830059831611677,0.9999375,1.1830063095136465,1.1830059831611677,1.19807560639007e-06,9.394612972002392e-07,0.0131475210365487,0.0111136555720679,0.0482659928872241,0.2996166637694689,0.0988625,0.101325
0.1,0.1,0.0,0.001,0.00099,0.0,0,unit_total_var,0.1858974358974359,1.1075213397677734,0.9999375,1.1075217283447425,1.1075213397677734,1.5237341051133058e-06,9.619396958981952e-07,0.0123134440520695,0.0111180196804618,0.0482849459691634,0.2996166637694689,0.0988625,0.101325
0.1,0.1,0.0,0.001,0.00099,0.0,0,unit_total_var,0.1984615384615384,1.0343250119593084,0.99995,1.03432543286689,1.0343250119593084,1.767314923323271e-06,9.00444959484048e-07,0.0115216747800239,0.0111393175711748,0.0483774415332916,0.2996166637694689,0.0988625,0.101325
0.1,0.1,0.0,0.001,0.00099,0.0,0,unit_total_var,0.211025641025641,0.9633963664712338,0.99995,0.9633968709314334,0.9633963664712338,2.274081897069013e-06,9.90983707538362e-07,0.0107644014490403,0.011173388050516,0.0485254077450286,0.2996166637694689,0.0988625,0.101325
0.1,0.1,0.0,0.001,0.00099,0.0,0,unit_total_var,0.2235897435897436,0.8946971112831016,0.99995,0.8946976703034462,0.8946971112831016,2.7135370396780267e-06,9.025506297888342e-07,0.0100326025841639,0.0112134067022705,0.0486992065413302,0.2996166637694689,0.0988625,0.101325
0.1,0.1,0.0,0.001,0.00099,0.0,0,unit_total_var,0.2361538461538461,0.8281867956215033,0.99995,0.8281874805096872,0.8281867956215033,3.591496961052876e-06,9.641998079956693e-07,0.009316690460353,0.0112495037467501,0.0488559740136353,0.2996166637694689,0.0988625,0.101325
0.1,0.1,0.0,0.001,0.00099,0.0,0,unit_total_var,0.2487179487179487,0.7638290145304428,0.99995,0.763829804473962,0.7638290145304428,4.491423177821474e-06,9.711984869653634e-07,0.008609769807765,0.0112718548837239,0.0489530437681554,0.2996166637694689,0.0988625,0.101325
0.1,0.1,0.0,0.001,0.00099,0.0,0,unit_total_var,0.2612820512820513,0.7016161531012887,0.99995,0.701617062510411,0.7016161531012887,5.629162126652432e-06,9.325979761776182e-07,0.0079103385293259,0.0112744532667337,0.0489643284021854,0.2996166637694689,0.0988625,0.101325
0.1,0.1,0.0,0.001,0.00099,0.0,0,unit_total_var,0.2738461538461538,0.6415899585222294,0.9999375,0.6415910025833201,0.6415899585222294,7.067280207495585e-06,9.402526570667646e-07,0.0072215887241011,0.0112557695583867,0.0488831860878198,0.2996166637694689,0.0988625,0.101325
0.1,0.1,0.0,0.001,0.00099,0.0,0,unit_total_var,0.2864102564102564,0.5838354533034329,0.99995,0.5838366500020111,0.5838354533034329,8.901807066585832e-06,9.874691380140632e-07,0.0065482810347286,0.0112159701807717,0.0487103395870057,0.2996166637694689,0.0988625,0.101325
0.1,0.1,0.0,0.001,0.00099,0.0,0,unit_total_var,0.298974358974359,0.5284721984070747,0.99995,0.5284735644308853,0.5284721984070747,1.1225866529240848e-05,9.895740928911323e-07,0.0058947465994205,0.0111543173267931,0.048442584644241,0.2996166637694689,0.0988625,0.101325
0.1,0.1,0.0,0.001,0.00099,0.0,0,unit_total_var,0.3115384615384615,0.4756715712277575,0.99995,0.4756731099995088,0.4756715712277575,1.4049168376661925e-05,9.460052823317966e-07,0.0052661866398816,0.0110710560782286,0.0480809856361617,0.2996166637694689,0.0988625,0.101325
0.1,0.1,0.0,0.001,0.00099,0.0,0,unit_total_var,0.3241025641025641,0.425648764132193,0.99995,0.425650525921545,0.425648764132193,1.7975708491935194e-05,9.91256795312978e-07,0.0046696054968383,0.0109705604487274,0.0476445386626838,0.2996166637694689,0.0988625,0.101325
0.1,0.1,0.0,0.001,0.00099,0.0,0,unit_total_var,0.3366666666666666,0.3785736825117244,0.99995,0.3785756757473944,0.3785736825117244,2.286606316648232e-05,9.934790030641238e-07,0.004111264628835,0.0108598796449823,0.0471638580394927,0.2996166637694689,0.0988625,0.101325
0.1,0.1,0.0,0.001,0.00099,0.0,0,unit_total_var,0.3492307692307692,0.334517781663003,0.99995,0.3345200370725112,0.334517781663003,2.9281211806342355e-05,9.687432097615911e-07,0.0035953081748416,0.0107477341173557,0.0466768162013092,0.2996166637694689,0.0988625,0.101325
0.1,0.1,0.0,0.001,0.00099,0.0,0,unit_total_var,0.3617948717948718,0.2935011197351233,0.99995,0.2935036868646196,0.2935011197351233,3.798572556945601e-05,9.811740562248872e-07,0.0031236510693057,0.0106427228356906,0.0462207579996616,0.2996166637694689,0.0988625,0.101325
0.1,0.1,0.0,0.001,0.00099,0.0,0,unit_total_var,0.3743589743589743,0.2555201962499601,0.99995,0.2555230681209248,0.2555201962499601,4.8811433382311975e-05,9.76422953713474e-07,0.0026954370662337,0.0105488219944732,0.045812951827794,0.2996166637694689,0.0988625,0.101325
0.1,0.1,0.0,0.001,0.00099,0.0,0,unit_total_var,0.3869230769230769,0.2205791372520356,0.99995,0.2205824247258216,0.2205791372520356,6.472602546381268e-05,9.93937895876762e-07,0.0023087585787263,0.0104668039212081,0.0454567518614403,0.2996166637694689,0.0988625,0.101325
0.1,0.1,0.0,0.001,0.00099,0.0,0,unit_total_var,0.3994871794871795,0.1887212991175866,0.9999375,0.1887249991337323,0.1887212991175866,8.514570695350443e-05,9.747956043471009e-07,0.0019627211469544,0.0104001040483064,0.0451670779939917,0.2996166637694689,0.0988625,0.101325
0.1,0.1,0.0,0.001,0.00099,0.0,0,unit_total_var,0.412051282051282,0.1599634840339297,0.99995,0.1599675682955661,0.1599634840339297,0.0001108846595849,9.62199737553071e-07,0.0016561793189446,0.0103534836650179,0.0449646082419277,0.2996166637694689,0.0988625,0.101325
0.1,0.1,0.0,0.001,0.00099,0.0,0,unit_total_var,0.4246153846153846,0.1342881491615002,0.9999375,0.1342927996666615,0.1342881491615002,0.0001503970209828,9.82246360192729e-07,0.001386847561669,0.0103274009682055,0.0448513325289397,0.2996166637694689,0.0988625,0.101325
0.1,0.1,0.0,0.001,0.00099,0.0,0,unit_total_var,0.4371794871794872,0.1116360953514308,0.99995,0.1116412981191898,0.1116360953514308,0.0002023969640312,9.885993541569604e-07,0.0011515451635941,0.0103151687630159,0.0447982087367861,0.2996166637694689,0.0988625,0.101325
0.1,0.1,0.0,0.001,0.00099,0.0,0,unit_total_var,0.4497435897435897,0.0918880896021364,0.99995,0.0918937782537892,0.0918880896021364,0.0002688567759037,9.747845469698646e-07,0.0009466536562739,0.0103022454854899,0.0447420836556098,0.2996166637694689,0.0988625,0.101325
0.1,0.1,0.0,0.001,0.00099,0.0,0,unit_total_var,0.4623076923076923,0.074896947050325,0.99995,0.0749033302792281,0.074896947050325,0.0003701196206638,9.90310743603784e-07,0.0007694265506951,0.0102731363693391,0.0446156643704361,0.2996166637694689,0.0988625,0.101325
0.1,0.1,0.0,0.001,0.00099,0.0,0,unit_total_var,0.4748717948717949,0.0604848766306153,0.99995,0.0604917663606558,0.0604848766306153,0.0004946693291607,9.876285357313108e-07,0.0006182098747505,0.0102208999867184,0.0443888046431684,0.2996166637694689,0.0988625,0.101325
0.1,0.1,0.0,0.001,0.00099,0.0,0,unit_total_var,0.4874358974358974,0.0484364954145454,0.99995,0.0484440511344137,0.0484364954145454,0.0006774130760351,9.921246168775877e-07,0.000491590338948,0.0101491723284429,0.0440772953812793,0.2996166637694689,0.0988625,0.101325
0.1,0.1,0.0,0.001,0.00099,0.0,0,unit_total_var,0.5,0.0384936712352482,0.99995,0.0385017540981556,0.0384936712352482,0.0009118315163139,9.747445299523871e-07,0.0003874160050874,0.0100644078014755,0.0437091677180485,0.2996166637694689,0.0988625,0.101325
0.1,0.1,0.0,0.001,0.00099,1.0,0,unit_total_var,0.01,1.017914776351959,0.9999875,1.017914776351959,1.0179147763600442,3.449605878724782e-11,9.216083185492608e-07,0.0175483946778776,0.0172395519601044,0.0748704228675774,0.2986566933905828,0.0988625,0.101325
0.1,0.1,0.0,0.001,0.00099,1.0,0,unit_total_var,0.0225641025641025,1.0201080162645624,0.9999875,1.0201080162645624,1.0201080168047123,2.299600898592047e-09,9.860119405402656e-07,0.0171436719826773,0.0168057418521757,0.0729864095069045,0.2986566933905828,0.0988625,0.101325
0.1,0.1,0.0,0.001,0.00099,1.0,0,unit_total_var,0.0351282051282051,1.020515752250122,0.9999875,1.020515752250122,1.0205157535509528,5.5358638784142045e-09,9.714225086554509e-07,0.0167458177141895,0.0164091712227537,0.0712641251464758,0.2986566933905828,0.0988625,0.101325
0.1,0.1,0.0,0.001,0.00099,1.0,0,unit_total_var,0.0476923076923076,1.0189676520507305,0.9999875,1.0189676520507305,1.01896765408712,8.679301263803119e-09,9.07504993818975e-07,0.0163435246825294,0.016039296880168,0.0696577812866503,0.2986566933905828,0.0988625,0.101325
0.1,0.1,0.0,0.001,0.00099,1.0,0,unit_total_var,0.0602564102564102,1.015345101893375,0.9999875,1.015345101893375,1.0153451035236796,6.973316465930246e-09,8.12253372117766e-07,0.0159308548974991,0.0156900888848451,0.0681411902325977,0.2986566933905828,0.0988625,0.101325
0.1,0.1,0.0,0.001,0.00099,1.0,0,unit_total_var,0.0728205128205128,1.009586750060127,0.9999875,1.0095867507503025,1.009586750060127,2.968931586688761e-09,8.305796050933623e-07,0.0155044595721949,0.0153572336119423,0.0666956181496568,0.2986566933905828,0.0988625,0.101325
0.1,0.1,0.0,0.001,0.00099,1.0,0,unit_total_var,0.0853846153846153,1.0016869184151742,0.9999875,1.0016869238113053,1.0016869184151742,2.339563300556013e-08,7.939321822192369e-07,0.0150630484327304,0.0150376810915755,0.0653078191869212,0.2986566933905828,0.0988625,0.101325
0.1,0.1,0.0,0.001,0.00099,1.0,0,unit_total_var,0.0979487179487179,0.991690638174316,0.9999875,0.9916906535376409,0.991690638174316,6.728113379622648e-08,8.229679409055279e-07,0.0146071269709252,0.0147295198811361,0.0639694920546168,0.2986566933905828,0.0988625,0.101325
0.1,0.1,0.0,0.001,0.00099,1.0,0,unit_total_var,0.1105128205128205,0.9796862693598436,0.9999875,0.9796862961574684,0.9796862693598436,1.187937473667855e-07,9.493212580480304e-07,0.0141386678629407,0.0144318322152043,0.0626766509481681,0.2986566933905828,0.0988625,0.101325
0.1,0.1,0.0,0.001,0.00099,1.0,0,unit_total_var,0.123076923076923,0.9657965190846076,1.0,0.9657965568340594,0.9657965190846076,1.6974981750794704e-07,9.593603333968304e-07,0.0136606707412809,0.0141444605269737,0.0614286115636307,0.2986566933905828,0.0988625,0.101325
0.1,0.1,0.0,0.001,0.00099,1.0,0,unit_total_var,0.1356410256410256,0.950168794100552,1.0,0.950168844860224,0.950168794100552,2.3200766974262882e-07,9.797172584313785e-07,0.0131766712103104,0.0138677162332864,0.0602267263671643,0.2986566933905828,0.0988625,0.101325
0.1,0.1,0.0,0.001,0.00099,1.0,0,unit_total_var,0.1482051282051282,0.9329659377838364,1.0,0.9329659969685588,0.9329659377838364,2.755041365598565e-07,8.044341628377083e-07,0.0126902890751671,0.0136020925965545,0.0590731375702072,0.2986566933905828,0.0988625,0.101325
0.1,0.1,0.0,0.001,0.00099,1.0,0,unit_total_var,0.1607692307692307,0.9143580892590142,1.0,0.9143581653880618,0.9143580892590142,3.615916379651196e-07,8.386698908680046e-07,0.0122048841858905,0.013348035446136,0.0579697813850589,0.2986566933905828,0.0988625,0.101325
0.1,0.1,0.0,0.001,0.00099,1.0,0,unit_total_var,0.1733333333333333,0.8945162433280535,1.0,0.8945163399250374,0.8945162433280535,4.689857243667106e-07,8.788662055891905e-07,0.0117233496661557,0.0131057985292016,0.0569177598216802,0.2986566933905828,0.0988625,0.101325
0.1,0.1,0.0,0.001,0.00099,1.0,0,unit_total_var,0.1858974358974359,0.8736074895878942,1.0,0.8736076108819032,0.8736074895878942,6.029860749601212e-07,9.251572867796654e-07,0.0112480287873036,0.0128753804441508,0.0559170667929974,0.2986566933905828,0.0988625,0.101325
0.1,0.1,0.0,0.001,0.00099,1.0,0,unit_total_var,0.1984615384615384,0.8517918512838021,1.0,0.8517919882622907,0.8517918512838021,6.983982869801508e-07,9.777293099588746e-07,0.010780722602769,0.0126565223493516,0.0549665781640861,0.2986566933905828,0.0988625,0.101325
0.1,0.1,0.0,0.001,0.00099,1.0,0,unit_total_var,0.211025641025641,0.8292203910959272,1.0,0.8292205448707447,0.8292203910959272,8.053775479854863e-07,8.538744391550779e-07,0.0103227494000027,0.012448740420336,0.0540641927119789,0.2986566933905828,0.0988625,0.101325
0.1,0.1,0.0,0.001,0.00099,1.0,0,unit_total_var,0.2235897435897436,0.8060341609143233,1.0,0.8060343509551835,0.8060341609143233,1.023947757916588e-06,9.132621281437993e-07,0.0098750242470963,0.0122513718722474,0.0532070319986179,0.2986566933905828,0.0988625,0.101325
0.1,0.1,0.0,0.001,0.00099,1.0,0,unit_total_var,0.2361538461538461,0.7823639359852022,1.0,0.7823641496530603,0.7823639359852022,1.1860817559217196e-06,9.789200148269115e-07,0.0094381423667611,0.0120636214588241,0.0523916423133697,0.2986566933905828,0.0988625,0.101325
0.1,0.1,0.0,0.001,0.00099,1.0,0,unit_total_var,0.2487179487179487,0.7583302484456169,1.0,0.7583304874975907,0.7583302484456169,1.3690464930604662e-06,8.802162376753131e-07,0.0090124540858216,0.0118846031848194,0.0516141758277688,0.2986566933905828,0.0988625,0.101325
0.1,0.1,0.0,0.001,0.00099,1.0,0,unit_total_var,0.2612820512820513,0.7340436448810368,1.0,0.7340439372166833,0.7340436448810368,1.7295937881911527e-06,9.513369576552576e-07,0.0085981295321983,0.0117133764349827,0.0508705475016859,0.2986566933905828,0.0988625,0.101325
0.1,0.1,0.0,0.001,0.00099,1.0,0,unit_total_var,0.2738461538461538,0.7096053259917143,1.0,0.7096056270076949,0.7096053259917143,1.8422853778066184e-06,8.705923137952709e-07,0.008195215653974,0.0115489770916259,0.050156570225202,0.2986566933905828,0.0988625,0.101325
0.1,0.1,0.0,0.001,0.00099,1.0,0,unit_total_var,0.2864102564102564,0.6851075317681413,1.0,0.6851078982606925,0.6851075317681413,2.32322143123298e-06,9.467078214697722e-07,0.0078036798764192,0.0113904453163422,0.0494680754730819,0.2986566933905828,0.0988625,0.101325
0.1,0.1,0.0,0.001,0.00099,1.0,0,unit_total_var,0.298974358974359,0.6606343391828934,1.0,0.6606347186208453,0.6606343391828934,2.49438685884229e-06,8.794098822484386e-07,0.0074234485963507,0.0112368494279791,0.0488010170054907,0.2986566933905828,0.0988625,0.101325
0.1,0.1,0.0,0.001,0.00099,1.0,0,unit_total_var,0.3115384615384615,0.6362620386055032,1.0,0.6362624985603494,0.6362620386055032,3.139520626804781e-06,9.603784647538305e-07,0.0070544324254612,0.0110873067972472,0.0481515616121291,0.2986566933905828,0.0988625,0.101325
0.1,0.1,0.0,0.001,0.00099,1.0,0,unit_total_var,0.3241025641025641,0.6120599399309468,1.0,0.6120604184038746,0.6120599399309468,3.3950608022692563e-06,9.03452636036306e-07,0.0066965479282324,0.0109410002049603,0.0475161601551661,0.2986566933905828,0.0988625,0.101325
0.1,0.1,0.0,0.001,0.00099,1.0,0,unit_total_var,0.3366666666666666,0.5880906442650479,1.0,0.588091221631144,0.5880906442650479,4.263743845989154e-06,9.892637977682028e-07,0.0063497269153908,0.0107971908366715,0.0468916040042282,0.2986566933905828,0.0988625,0.101325
0.1,0.1,0.0,0.001,0.00099,1.0,0,unit_total_var,0.3492307692307692,0.564410809722746,1.0,0.5644114127126948,0.564410809722746,4.639795393224233e-06,9.40534923721259e-07,0.0060139250276383,0.0106552265194788,0.0462750608083887,0.2986566933905828,0.0988625,0.101325
0.1,0.1,0.0,0.001,0.00099,1.0,0,unit_total_var,0.3617948717948718,0.5410713223544678,1.0,0.5410719544381858,0.5410713223544678,5.073458879678583e-06,9.00164429884498e-07,0.0056891199310921,0.0105145471512627,0.0456640980750497,0.2986566933905828,0.0988625,0.101325
0.1,0.1,0.0,0.001,0.00099,1.0,0,unit_total_var,0.3743589743589743,0.5181177813803857,1.0,0.5181185400093825,0.5181177813803857,6.358943039241893e-06,9.890917458399429e-07,0.005375309580332,0.0103746865548814,0.0450566912226085,0.2986566933905828,0.0988625,0.101325
0.1,0.1,0.0,0.001,0.00099,1.0,0,unit_total_var,0.3869230769230769,0.4955909746555136,1.0,0.4955917719960968,0.4955909746555136,6.987220402265848e-06,9.541549239600045e-07,0.0050725083502215,0.0102352718464001,0.0444512208367127,0.2986566933905828,0.0988625,0.101325
0.1,0.1,0.0,0.001,0.00099,1.0,0,unit_total_var,0.3994871794871795,0.4735268804763045,1.0,0.473527720961072,0.4735268804763045,7.708486840840578e-06,9.253313733026404e-07,0.0047807375209412,0.0100960214045978,0.0438464638519394,0.2986566933905828,0.0988625,0.101325
0.1,0.1,0.0,0.001,0.00099,1.0,0,unit_total_var,0.412051282051282,0.4519570900593558,1.0,0.4519579784120391,0.4519570900593558,8.536347757104323e-06,9.017782771625348e-07,0.0045000195024024,0.0099567405875002,0.0432415749489347,0.2986566933905828,0.0988625,0.101325
0.1,0.1,0.0,0.001,0.00099,1.0,0,unit_total_var,0.4246153846153846,0.4309089096810812,1.0,0.4309099682907471,0.4309089096810812,1.066925657200457e-05,9.928392545877074e-07,0.0042303690855349,0.0098173163526971,0.0426360631907491,0.2986566933905828,0.0988625,0.101325
0.1,0.1,0.0,0.001,0.00099,1.0,0,unit_total_var,0.4371794871794872,0.4104057799732692,1.0,0.4104069005383658,0.4104057799732692,1.185788791069342e-05,9.728444242407264e-07,0.0039717881547385,0.009677710082439,0.0420297608626273,0.2986566933905828,0.0988625,0.101325
0.1,0.1,0.0,0.001,0.00099,1.0,0,unit_total_var,0.4497435897435897,0.3904671067357587,1.0,0.3904682956703758,0.3904671067357587,1.3223827270536503e-05,9.571887816806068e-07,0.0037242556276025,0.0095379497103781,0.0414227892788792,0.2986566933905828,0.0988625,0.101325
0.1,0.1,0.0,0.001,0.00099,1.0,0,unit_total_var,0.4623076923076923,0.3711086700839915,1.0,0.3711099344497287,0.3711086700839915,1.4796370217950994e-05,9.454967903055334e-07,0.0034877238210554,0.0093981200176922,0.0408155166394821,0.2986566933905828,0.0988625,0.101325
0.1,0.1,0.0,0.001,0.00099,1.0,0,unit_total_var,0.4748717948717949,0.3523427559975796,1.0,0.3523441036381423,0.3523427559975796,1.661086344739715e-05,9.374976479570308e-07,0.0032621133980173,0.0092583523926338,0.0402085135563664,0.2986566933905828,0.0988625,0.101325
0.1,0.1,0.0,0.001,0.00099,1.0,0,unit_total_var,0.4874358974358974,0.3341783578284926,1.0,0.3341797975279588,0.3341783578284926,1.871013404297628e-05,9.330097830995144e-07,0.0030473103219577,0.0091188141020242,0.0396025064601069,0.2986566933905828,0.0988625,0.101325
0.1,0.1,0.0,0.001,0.00099,1.0,0,unit_total_var,0.5,0.3166213968454522,1.0,0.3166229320482428,0.3166213968454522,2.1057594048023983e-05,9.24400850643714e-07,0.0028431644068567,0.0089796976299884,0.0389983312986367,0.2986566933905828,0.0988625,0.101325
0.1,0.1,0.0,0.001,0.0,0.0,0,unit_total_var,0.01,1.132092070287929,0.9995625,1.132092070287929,1.132092070428693,5.400015989920347e-10,8.030896623267836e-07,0.0178921814059721,0.0158045285145594,0.0686381952295575,0.2999632487465648,0.0988625,0.101325
0.1,0.1,0.0,0.001,0.0,0.0,0,unit_total_var,0.0225641025641025,1.31667297715337,0.999675,1.31667297715337,1.3166729795407217,7.874495722148822e-09,8.256213277491042e-07,0.0188383889361438,0.0143075685937385,0.0621369808971292,0.2999632487465648,0.0988625,0.101325
0.1,0.1,0.0,0.001,0.0,0.0,0,unit_total_var,0.0351282051282051,1.5027302277978605,0.9997375,1.5027302277978605,1.5027302580715047,8.749192881296609e-08,6.867571258339922e-07,0.0203357349410557,0.0135325253760658,0.0587710109704111,0.2999632487465648,0.0988625,0.101325
0.1,0.1,0.0,0.001,0.0,0.0,0,unit_total_var,0.0476923076923076,1.6084984079121565,0.999825,1.608498505673324,1.6084984079121565,2.6395509022947294e-07,5.834485392597344e-07,0.0209755728418442,0.0130404685131586,0.0566340351669789,0.2999632487465648,0.0988625,0.101325
0.1,0.1,0.0,0.001,0.0,0.0,0,unit_total_var,0.0602564102564102,1.622958481065544,0.9998375,1.622958481065544,1.6229584863395607,1.4112969459745273e-08,8.283086003757489e-07,0.0204844356668434,0.0126216634041029,0.0548151876884211,0.2999632487465648,0.0988625,0.101325
0.1,0.1,0.0,0.001,0.0,0.0,0,unit_total_var,0.0728205128205128,1.5885813448727006,0.9998375,1.5885813914436178,1.5885813448727006,1.2731794996057033e-07,9.71192683607569e-07,0.0195315256686339,0.0122949484026573,0.053396282465593,0.2999632487465648,0.0988625,0.101325
0.1,0.1,0.0,0.001,0.0,0.0,0,unit_total_var,0.0853846153846153,1.532926997892825,0.99985,1.5329270658659104,1.532926997892825,1.925749582021297e-07,9.868539230240003e-07,0.0184676408453321,0.0120473061474668,0.0523207858164398,0.2999632487465648,0.0988625,0.101325
0.1,0.1,0.0,0.001,0.0,0.0,0,unit_total_var,0.0979487179487179,1.468352858536714,0.9998875,1.4683529485775957,1.468352858536714,2.663137579350661e-07,9.596563987912532e-07,0.0173960695874352,0.0118473359358399,0.0514523262218936,0.2999632487465648,0.0988625,0.101325
0.1,0.1,0.0,0.001,0.0,0.0,0,unit_total_var,0.1105128205128205,1.4001766564788731,0.9998875,1.4001767724212308,1.4001766564788731,3.596197934996326e-07,8.808907381308018e-07,0.016353804048682,0.0116798148098027,0.0507247912154921,0.2999632487465648,0.0988625,0.101325
0.1,0.1,0.0,0.001,0.0,0.0,0,unit_total_var,0.123076923076923,1.3307613623654782,0.999875,1.3307615065125509,1.3307613623654782,4.704245002429275e-07,9.592982070927292e-07,0.0153642585556881,0.0115454648671025,0.050141316827905,0.2999632487465648,0.0988625,0.101325
0.1,0.1,0.0,0.001,0.0,0.0,0,unit_total_var,0.1356410256410256,1.2612127236075907,0.9998875,1.261212903990016,1.2612127236075907,6.211409449008443e-07,9.062750390143036e-07,0.0144369600935492,0.0114468874467532,0.0497132005309254,0.2999632487465648,0.0988625,0.101325
0.1,0.1,0.0,0.001,0.0,0.0,0,unit_total_var,0.1482051282051282,1.1920522694583644,0.9999,1.1920524831118802,1.1920522694583644,7.783931711413672e-07,8.912650653059018e-07,0.013567062769861,0.0113812649977383,0.049428205855964,0.2999632487465648,0.0988625,0.101325
0.1,0.1,0.0,0.001,0.0,0.0,0,unit_total_var,0.1607692307692307,1.1235968580207876,0.9999,1.123597117847226,1.1235968580207876,1.00428525218188e-06,9.084106427081906e-07,0.012746569927816,0.0113444335811592,0.0492682490461541,0.2999632487465648,0.0988625,0.101325
0.1,0.1,0.0,0.001,0.0,0.0,0,unit_total_var,0.1733333333333333,1.056117144330628,0.9998875,1.0561174673487552,1.056117144330628,1.32830879101542e-06,9.544848085241142e-07,0.0119688116823322,0.0113328447952789,0.0492179195885563,0.2999632487465648,0.0988625,0.101325
0.1,0.1,0.0,0.001,0.0,0.0,0,unit_total_var,0.1858974358974359,0.989837401480158,0.9999,0.989837762244079,0.989837401480158,1.5828635233569588e-06,9.075104081546216e-07,0.0112277517323112,0.0113430263551586,0.0492621375412857,0.2999632487465648,0.0988625,0.101325
0.1,0.1,0.0,0.001,0.0,0.0,0,unit_total_var,0.1984615384615384,0.9249069250899956,0.999875,0.9249073439605476,0.9249069250899956,1.966826317811865e-06,9.02089500876002e-07,0.0105169443911872,0.0113708137607077,0.0493828167102494,0.2999632487465648,0.0988625,0.101325
0.1,0.1,0.0,0.001,0.0,0.0,0,unit_total_var,0.211025641025641,0.8614189326912051,0.9999,0.861419438411351,0.8614189326912051,2.549646820781959e-06,9.36567575493541e-07,0.0098276592398228,0.0114086873028431,0.0495472994138445,0.2999632487465648,0.0988625,0.101325
0.1,0.1,0.0,0.001,0.0,0.0,0,unit_total_var,0.2235897435897436,0.7994406160562845,0.9998875,0.7994411851150905,0.7994406160562845,3.0913992413728053e-06,9.094254274089052e-07,0.0091493313950482,0.0114446666972998,0.0497035559385924,0.2999632487465648,0.0988625,0.101325
0.1,0.1,0.0,0.001,0.0,0.0,0,unit_total_var,0.2361538461538461,0.739017089517615,0.9999,0.7390177637074207,0.739017089517615,3.961975750588209e-06,9.320228500087068e-07,0.0084736048679328,0.0114660472513076,0.0497964105048486,0.2999632487465648,0.0988625,0.101325
0.1,0.1,0.0,0.001,0.0,0.0,0,unit_total_var,0.2487179487179487,0.6802026683966131,0.9999,0.680203465171,0.6802026683966131,5.087226689237667e-06,9.089440484721932e-07,0.007798427011596,0.0114648580105965,0.0497912456980635,0.2999632487465648,0.0988625,0.101325
0.1,0.1,0.0,0.001,0.0,0.0,0,unit_total_var,0.2612820512820513,0.623094441791305,0.9999,0.62309537989504,0.623094441791305,6.53854282051114e-06,9.323244651859852e-07,0.0071278059249357,0.0114393668870555,0.0496805391551498,0.2999632487465648,0.0988625,0.101325
0.1,0.1,0.0,0.001,0.0,0.0,0,unit_total_var,0.2738461538461538,0.5678311950785176,0.9999,0.5678322972125276,0.5678311950785176,8.429446258784168e-06,9.976015173940311e-07,0.0064680044955813,0.0113907170857124,0.0494692557524599,0.2999632487465648,0.0988625,0.101325
0.1,0.1,0.0,0.001,0.0,0.0,0,unit_total_var,0.2864102564102564,0.5145752948601778,0.9999,0.5145765349472429,0.5145752948601778,1.0466151909138688e-05,9.403156808751588e-07,0.0058242763829929,0.0113186086490521,0.0491560927910576,0.2999632487465648,0.0988625,0.101325
0.1,0.1,0.0,0.001,0.0,0.0,0,unit_total_var,0.298974358974359,0.4635388170037529,0.9998875,0.4635402529252426,0.4635388170037529,1.3453281379138817e-05,9.89466354406332e-07,0.0052022987744751,0.0112230056764222,0.0487408943563904,0.2999632487465648,0.0988625,0.101325
0.1,0.1,0.0,0.001,0.0,0.0,0,unit_total_var,0.3115384615384615,0.4149982474692374,0.9999,0.4149999277170101,0.4149982474692374,1.7583709404078718e-05,9.814908743521755e-07,0.0046103015294134,0.0111092072256406,0.0482466739641545,0.2999632487465648,0.0988625,0.101325
0.1,0.1,0.0,0.001,0.0,0.0,0,unit_total_var,0.3241025641025641,0.3691847671729475,0.9998875,0.3691865843775429,0.3691847671729475,2.1376829603347854e-05,9.376351215450996e-07,0.0040558550408868,0.0109859761331563,0.0477114881295062,0.2999632487465648,0.0988625,0.101325
0.1,0.1,0.0,0.001,0.0,0.0,0,unit_total_var,0.3366666666666666,0.3261952923680535,0.9999,0.3261974720123669,0.3261952923680535,2.9019558446030654e-05,9.950543957693014e-07,0.0035435431507029,0.0108632565632022,0.0471785238089802,0.2999632487465648,0.0988625,0.101325
0.1,0.1,0.0,0.001,0.0,0.0,0,unit_total_var,0.3492307692307692,0.2860608287586583,0.9999125,0.2860632444355796,0.2860608287586583,3.667439306109799e-05,9.76215470904762e-07,0.0030755760623604,0.0107514757462832,0.0466930658892746,0.2999632487465648,0.0988625,0.101325
0.1,0.1,0.0,0.001,0.0,0.0,0,unit_total_var,0.3617948717948718,0.2487908806898629,0.9999125,0.2487936190407459,0.2487908806898629,4.7800953551835335e-05,9.537841548779014e-07,0.0026509026203644,0.0106551438421451,0.0462747017452906,0.2999632487465648,0.0988625,0.101325
0.1,0.1,0.0,0.001,0.0,0.0,0,unit_total_var,0.3743589743589743,0.2144011601290089,0.9999125,0.2144042861087015,0.2144011601290089,6.331989217756018e-05,9.639952814888275e-07,0.0022669794224236,0.0105735408383962,0.0459203044029415,0.2999632487465648,0.0988625,0.101325
0.1,0.1,0.0,0.001,0.0,0.0,0,unit_total_var,0.3869230769230769,0.1829668317726409,0.9999125,0.1829704501990603,0.1829668317726409,8.588699236611319e-05,9.89850085120203e-07,0.0019229324301037,0.0105097323458781,0.0456431876409501,0.2999632487465648,0.0988625,0.101325
0.1,0.1,0.0,0.001,0.0,0.0,0,unit_total_var,0.3994871794871795,0.1545296378344396,0.9999,0.1545336928964491,0.1545296378344396,0.0001139631188493,9.852353101691411e-07,0.0016178553547758,0.0104695473143423,0.0454686662664388,0.2999632487465648,0.0988625,0.101325
0.1,0.1,0.0,0.001,0.0,0.0,0,unit_total_var,0.412051282051282,0.1290986749559674,0.9999125,0.1291032143933742,0.1290986749559674,0.0001527062890129,9.815601891283166e-07,0.0013496113264561,0.010454106728179,0.0454016086527581,0.2999632487465648,0.0988625,0.101325
0.1,0.1,0.0,0.001,0.0,0.0,0,unit_total_var,0.4246153846153846,0.1066470483401862,0.9999125,0.1066521039504724,0.1066470483401862,0.0002058727028959,9.76268506425182e-07,0.0011151287940876,0.0104562555780315,0.0454109409890917,0.2999632487465648,0.0988625,0.101325
0.1,0.1,0.0,0.001,0.0,0.0,0,unit_total_var,0.4371794871794872,0.0870727400747692,0.9999125,0.0870785073080264,0.0870727400747692,0.0002876439437535,9.958361709139218e-07,0.0009106264817552,0.0104582270062166,0.0454195027929143,0.2999632487465648,0.0988625,0.101325
0.1,0.1,0.0,0.001,0.0,0.0,0,unit_total_var,0.4497435897435897,0.070249094996738,0.9999125,0.0702554543835616,0.070249094996738,0.0003931326949704,9.850434982139331e-07,0.0007334251269903,0.0104403498297654,0.0453418632020666,0.2999632487465648,0.0988625,0.101325
0.1,0.1,0.0,0.001,0.0,0.0,0,unit_total_var,0.4623076923076923,0.0560176830364514,0.9999125,0.0560247839914437,0.0560176830364514,0.0005504886951026,9.91200714894891e-07,0.0005822940022013,0.01039482482384,0.0451441506134468,0.2999632487465648,0.0988625,0.101325
0.1,0.1,0.0,0.001,0.0,0.0,0,unit_total_var,0.4748717948717949,0.0441780984771829,0.9999125,0.0441858233917883,0.0441780984771829,0.0007593342902545,9.787987742260196e-07,0.0004562696981972,0.0103279614543145,0.0448537666891829,0.2999632487465648,0.0988625,0.101325
0.1,0.1,0.0,0.001,0.0,0.0,0,unit_total_var,0.4874358974358974,0.0344726964788574,0.9999125,0.0344811870974842,0.0344726964788574,0.001069534780326,9.804312971622986e-07,0.0003532775254134,0.0102480386363207,0.044506666300854,0.2999632487465648,0.0988625,0.101325
0.1,0.1,0.0,0.001,0.0,0.0,0,unit_total_var,0.5,0.0266304464038787,0.9999125,0.0266397379714159,0.0266304464038787,0.0015150225582569,9.917437270925975e-07,0.0002704402782468,0.0101553039759597,0.0441039247880948,0.2999632487465648,0.0988625,0.101325
0.1,0.1,0.0,0.001,0.0,1.0,0,unit_total_var,0.01,1.0108813040281974,0.9999875,1.0108813040281974,1.0108813040386264,4.4804993049041286e-11,9.328645802497704e-07,0.0175151489712044,0.0173266128292307,0.0752485234180899,0.3003355275236598,0.0988625,0.101325
0.1,0.1,0.0,0.001,0.0,1.0,0,unit_total_var,0.0225641025641025,1.0049463525661648,0.9999625,1.0049463531818417,1.0049463525661648,2.6606898420600267e-09,8.811366782879304e-07,0.0170765094785166,0.0169924587863931,0.0737973108489897,0.3003355275236598,0.0988625,0.101325
0.1,0.1,0.0,0.001,0.0,1.0,0,unit_total_var,0.0351282051282051,0.9980266666004428,0.9999875,0.9980266682096902,0.9980266666004428,7.002690823043611e-09,8.957975587975398e-07,0.0166422479806107,0.0166751536181882,0.0724192720126819,0.3003355275236598,0.0988625,0.101325
0.1,0.1,0.0,0.001,0.0,1.0,0,unit_total_var,0.0476923076923076,0.9899392630278532,0.9999875,0.989939266481012,0.9899392630278532,1.51492919181484e-08,8.784937399752835e-07,0.0162005264729956,0.0163651721656582,0.0710730396694206,0.3003355275236598,0.0988625,0.101325
0.1,0.1,0.0,0.001,0.0,1.0,0,unit_total_var,0.0602564102564102,0.9805434396874892,0.9999875,0.980543446349429,0.9805434396874892,2.9506532370215943e-08,9.985431752568277e-07,0.0157462163688673,0.0160586627083913,0.069741886009999,0.3003355275236598,0.0988625,0.101325
0.1,0.1,0.0,0.001,0.0,1.0,0,unit_total_var,0.0728205128205128,0.9697483734044792,0.9999875,0.9697483847361236,0.9697483734044792,5.07479139544298e-08,9.604643871341525e-07,0.0152773875291255,0.0157539707702643,0.0684186257359092,0.3003355275236598,0.0988625,0.101325
0.1,0.1,0.0,0.001,0.0,1.0,0,unit_total_var,0.0853846153846153,0.9575135272613202,0.9999875,0.9575135443982492,0.9575135272613202,7.772708654485427e-08,9.967129397381314e-07,0.0147944128595851,0.0154508656414496,0.0671022568871012,0.3003355275236598,0.0988625,0.101325
0.1,0.1,0.0,0.001,0.0,1.0,0,unit_total_var,0.0979487179487179,0.9438450854824164,0.9999875,0.9438451057899276,0.9438450854824164,9.344160400992509e-08,8.491654828191031e-07,0.0142994037792603,0.015150159702269,0.0657963075864845,0.3003355275236598,0.0988625,0.101325
0.1,0.1,0.0,0.001,0.0,1.0,0,unit_total_var,0.1105128205128205,0.9287893795690628,1.0,0.92878941074115,0.9287893795690628,1.4575818324535916e-07,9.722475535767217e-07,0.013795635655236,0.014853352071744,0.0645072884252467,0.3003355275236598,0.0988625,0.101325
0.1,0.1,0.0,0.001,0.0,1.0,0,unit_total_var,0.123076923076923,0.912424545026078,1.0,0.912424582618218,0.912424545026078,1.7893050763273521e-07,9.004725107786271e-07,0.0132869622086873,0.0145622586340085,0.063243085687979,0.3003355275236598,0.0988625,0.101325
0.1,0.1,0.0,0.001,0.0,1.0,0,unit_total_var,0.1356410256410256,0.8948516405553999,1.0,0.8948516918101417,0.8948516405553999,2.487524174976663e-07,8.598992051744858e-07,0.0127772967768621,0.0142786761489667,0.0620115026037983,0.3003355275236598,0.0988625,0.101325
0.1,0.1,0.0,0.001,0.0,1.0,0,unit_total_var,0.1482051282051282,0.8761864001460508,1.0,0.8761864623771829,0.8761864001460508,3.0845761045394937e-07,8.411736729385666e-07,0.0122702302832492,0.0140041323184243,0.0608191738973469,0.3003355275236598,0.0988625,0.101325
0.1,0.1,0.0,0.001,0.0,1.0,0,unit_total_var,0.1607692307692307,0.8565522738964448,1.0,0.8565523496354508,0.8565522738964448,3.840166199475803e-07,8.387214398553056e-07,0.0117688092742323,0.0137397443599047,0.0596709515826797,0.3003355275236598,0.0988625,0.101325
0.1,0.1,0.0,0.001,0.0,1.0,0,unit_total_var,0.1733333333333333,0.8360750535662742,1.0,0.8360751458270262,0.8360750535662742,4.792432584110884e-07,8.490999681143307e-07,0.0112754560288573,0.0134861768459206,0.0585697218615475,0.3003355275236598,0.0988625,0.101325
0.1,0.1,0.0,0.001,0.0,1.0,0,unit_total_var,0.1858974358974359,0.8148790158690392,1.0,0.8148791282275206,0.8148790158690392,5.988209803575728e-07,8.701273364053463e-07,0.0107919887109524,0.0132436699200594,0.057516527664299,0.3003355275236598,0.0988625,0.101325
0.1,0.1,0.0,0.001,0.0,1.0,0,unit_total_var,0.1984615384615384,0.7930843283595733,1.0,0.7930844650421611,0.7930843283595733,7.48476377765428e-07,9.003982093247487e-07,0.0103196964361836,0.0130121048508536,0.0565108533467227,0.3003355275236598,0.0988625,0.101325
0.1,0.1,0.0,0.001,0.0,1.0,0,unit_total_var,0.211025641025641,0.7708054142025147,1.0,0.7708055801833833,0.7708054142025147,9.351850189798228e-07,9.39002893662888e-07,0.0098594341875257,0.0127910806097884,0.0555509572641079,0.3003355275236598,0.0988625,0.101325
0.1,0.1,0.0,0.001,0.0,1.0,0,unit_total_var,0.2235897435897436,0.7481500080018711,1.0,0.7481501913394539,0.7481500080018711,1.0642583696540695e-06,9.853567206619118e-07,0.0094117166294949,0.0125799860039184,0.054634185039219,0.3003355275236598,0.0988625,0.101325
0.1,0.1,0.0,0.001,0.0,1.0,0,unit_total_var,0.2361538461538461,0.7252187160195626,1.0,0.725218918150604,0.7252187160195626,1.2104539188761976e-06,8.642333590991313e-07,0.0089768018291873,0.0123780614467004,0.0537572378296139,0.3003355275236598,0.0988625,0.101325
0.1,0.1,0.0,0.001,0.0,1.0,0,unit_total_var,0.2487179487179487,0.7021048117873149,1.0,0.7021050566662442,0.7021048117873149,1.5147246881230814e-06,9.197962005380588e-07,0.0085547612458335,0.0121844503871951,0.0529163956818281,0.3003355275236598,0.0988625,0.101325
0.1,0.1,0.0,0.001,0.0,1.0,0,unit_total_var,0.2612820512820513,0.6788944394273286,1.0,0.6788947112035075,0.6788944394273286,1.7385747228537696e-06,9.81692805268608e-07,0.008145539913553,0.0119982422015772,0.0521077038068371,0.3003355275236598,0.0988625,0.101325
0.1,0.1,0.0,0.001,0.0,1.0,0,unit_total_var,0.2738461538461538,0.6556668029320556,1.0,0.6556671035754019,0.6556668029320556,1.9913729933929147e-06,8.869878760364713e-07,0.0077490038636944,0.0118185087746427,0.0513271314515249,0.3003355275236598,0.0988625,0.101325
0.1,0.1,0.0,0.001,0.0,1.0,0,unit_total_var,0.2864102564102564,0.6324943928636462,1.0,0.6324947551903853,0.6324943928636462,2.487871199940983e-06,9.546980055397114e-07,0.007364977072673,0.0116443357534408,0.050570707631481,0.3003355275236598,0.0988625,0.101325
0.1,0.1,0.0,0.001,0.0,1.0,0,unit_total_var,0.298974358974359,0.6094435234421367,1.0,0.609443894517443,0.6094435234421367,2.644312435684526e-06,8.771983006639061e-07,0.0069932719806647,0.0114748483028694,0.0498346329861307,0.3003355275236598,0.0988625,0.101325
0.1,0.1,0.0,0.001,0.0,1.0,0,unit_total_var,0.3115384615384615,0.586574483078339,1.0,0.5865749289792762,0.586574483078339,3.3014092579719545e-06,9.495774995205152e-07,0.0066337069699057,0.0113092320946047,0.0491153709324998,0.3003355275236598,0.0988625,0.101325
0.1,0.1,0.0,0.001,0.0,1.0,0,unit_total_var,0.3241025641025641,0.5639421321911657,1.0,0.5639425915561781,0.5639421321911657,3.5375900715450825e-06,8.84625493968727e-07,0.0062861211119464,0.0111467484926548,0.0484097136152338,0.3003355275236598,0.0988625,0.101325
0.1,0.1,0.0,0.001,0.0,1.0,0,unit_total_var,0.3366666666666666,0.5415959935831492,1.0,0.5415965435578841,0.5415959935831492,4.410129951004649e-06,9.61085095507741e-07,0.0059503772864599,0.0109867453913254,0.047714828975286,0.3003355275236598,0.0988625,0.101325
0.1,0.1,0.0,0.001,0.0,1.0,0,unit_total_var,0.3492307692307692,0.5195808438203205,1.0,0.5195814130595825,0.5195808438203205,4.758014808814437e-06,9.056002483465164e-07,0.0056263658438116,0.0108286629707953,0.0470282857460647,0.3003355275236598,0.0988625,0.101325
0.1,0.1,0.0,0.001,0.0,1.0,0,unit_total_var,0.3617948717948718,0.4979367015215676,1.0,0.4979373801726117,0.4979367015215676,5.919109835161862e-06,9.85821491994443e-07,0.0053139986450371,0.01067203648335,0.0463480655538909,0.3003355275236598,0.0988625,0.101325
0.1,0.1,0.0,0.001,0.0,1.0,0,unit_total_var,0.3743589743589743,0.4766993987124137,1.0,0.4767001037302654,0.4766993987124137,6.423023336310507e-06,9.37708716008956e-07,0.0050132069933172,0.010516495315199,0.0456725588435232,0.3003355275236598,0.0988625,0.101325
0.1,0.1,0.0,0.001,0.0,1.0,0,unit_total_var,0.3869230769230769,0.4559005033649702,1.0,0.4559012383092591,0.4559005033649702,7.001132694473e-06,8.973315004379145e-07,0.0047239318289395,0.0103617605027249,0.0450005540913649,0.3003355275236598,0.0988625,0.101325
0.1,0.1,0.0,0.001,0.0,1.0,0,unit_total_var,0.3994871794871795,0.4355676306897824,1.0,0.4355685024679249,0.4355676306897824,8.692290959455562e-06,9.794093551729333e-07,0.004446117524291,0.010207639895669,0.0443312167994454,0.3003355275236598,0.0988625,0.101325
0.1,0.1,0.0,0.001,0.0,1.0,0,unit_total_var,0.412051282051282,0.4157247751585121,1.0,0.4157256863074383,0.4157247751585121,9.51847329888622e-06,9.440093877710608e-07,0.0041797059405334,0.0100540217718314,0.0436640617644157,0.3003355275236598,0.0988625,0.101325
0.1,0.1,0.0,0.001,0.0,1.0,0,unit_total_var,0.4246153846153846,0.3963921623738565,1.0,0.3963931174632576,0.3963921623738565,1.046412104610539e-05,9.144396144744604e-07,0.0039246263199521,0.0099008676065867,0.0429989216759526,0.3003355275236598,0.0988625,0.101325
0.1,0.1,0.0,0.001,0.0,1.0,0,unit_total_var,0.4371794871794872,0.3775865470622502,1.0,0.3775876740284126,0.3775865470622502,1.2962179374298444e-05,9.990085176880823e-07,0.0036807903628369,0.0097482031377303,0.0423359083118823,0.3003355275236598,0.0988625,0.101325
0.1,0.1,0.0,0.001,0.0,1.0,0,unit_total_var,0.4497435897435897,0.3593215685496406,1.0,0.3593227525695173,0.3593215685496406,1.4310648086102162e-05,9.735104045116572e-07,0.0034480887377131,0.0095961084430052,0.0416753694454239,0.3003355275236598,0.0988625,0.101325
0.1,0.1,0.0,0.001,0.0,1.0,0,unit_total_var,0.4623076923076923,0.3416075583764489,1.0,0.3416088058393562,0.3416075583764489,1.585928807923409e-05,9.528928931468172e-07,0.0032263836083252,0.0094447079088625,0.0410178452800702,0.3003355275236598,0.0988625,0.101325
0.1,0.1,0.0,0.001,0.0,1.0,0,unit_total_var,0.4748717948717949,0.324451968487951,1.0,0.3244532865076404,0.324451968487951,1.764228826228731e-05,9.367603153176418e-07,0.0030155083067663,0.0092941593814936,0.0403640213331201,0.3003355275236598,0.0988625,0.101325
0.1,0.1,0.0,0.001,0.0,1.0,0,unit_total_var,0.4874358974358974,0.3078595089815611,1.0,0.3078609055489387,0.3078595089815611,1.970119850902563e-05,9.24826394466116e-07,0.0028152655604479,0.0091446438336799,0.039714683559378,0.3003355275236598,0.0988625,0.101325
0.1,0.1,0.0,0.001,0.0,1.0,0,unit_total_var,0.5,0.2918323364837685,1.0,0.291833838544873,0.2918323364837685,2.235308047904283e-05,9.392097207738814e-07,0.00262542747433,0.0089963555991199,0.039070675939372,0.3003355275236598,0.0988625,0.101325
0.1,0.1,1.0,0.001,-0.00099,0.0,0,unit_total_var,0.01,1.0159366477763965,0.9898375,1.015936647852123,1.0159366477763965,3.2371719194124177e-10,8.797554755801684e-07,0.0177187500710214,0.0174408021502156,0.0757444413380504,0.5973834608212618,0.101325,0.101325
0.1,0.1,1.0,0.001,-0.00099,0.0,0,unit_total_var,0.0225641025641025,0.9136918556675644,0.9912375,0.9136918659185558,0.9136918556675644,4.8724840773228806e-08,9.299684577968036e-07,0.0141988870449001,0.0155401265282441,0.0674899119929477,0.5973834608212618,0.101325,0.101325
0.1,0.1,1.0,0.001,-0.00099,0.0,0,unit_total_var,0.0351282051282051,0.8101377621661935,0.991975,0.8101377855377143,0.8101377621661935,1.2528884418827604e-07,9.055945930924736e-07,0.0120483954311852,0.0148720328737294,0.0645884181174447,0.5973834608212618,0.101325,0.101325
0.1,0.1,1.0,0.001,-0.00099,0.0,0,unit_total_var,0.0476923076923076,0.7144893101391058,0.9924125,0.7144893522624357,0.7144893101391058,2.560420282460285e-07,8.801123314583492e-07,0.0106290429615847,0.0148764198578637,0.0646074705474617,0.5973834608212618,0.101325,0.101325
0.1,0.1,1.0,0.001,-0.00099,0.0,0,unit_total_var,0.0602564102564102,0.6255000691761097,0.9926125,0.6255001444305489,0.6255000691761097,5.225033112843391e-07,9.160365550542338e-07,0.0094772865413377,0.0151515355606929,0.0658022828636985,0.5973834608212618,0.101325,0.101325
0.1,0.1,1.0,0.001,-0.00099,0.0,0,unit_total_var,0.0728205128205128,0.542598209146955,0.9928125,0.5425983252823535,0.542598209146955,9.295452230162482e-07,9.52507710927364e-07,0.0084184685121302,0.0155151055978701,0.0673812474730124,0.5973834608212618,0.101325,0.101325
0.1,0.1,1.0,0.001,-0.00099,0.0,0,unit_total_var,0.0853846153846153,0.4655398315500224,0.9930875,0.4655400069381858,0.4655398315500224,1.6361671342224329e-06,9.423754576687316e-07,0.0073689641579903,0.0158288585822081,0.0687438593707992,0.5973834608212618,0.101325,0.101325
0.1,0.1,1.0,0.001,-0.00099,0.0,0,unit_total_var,0.0979487179487179,0.3935866473383578,0.9932625,0.3935868996428809,0.3935866473383578,2.7839975711430043e-06,9.712564192909667e-07,0.0062652725124886,0.0159184071788455,0.0691327639846174,0.5973834608212618,0.101325,0.101325
0.1,0.1,1.0,0.001,-0.00099,0.0,0,unit_total_var,0.1105128205128205,0.3264936842260012,0.9934625,0.3264940378340429,0.3264936842260012,4.7036112951204245e-06,9.406432139869024e-07,0.005161981970217,0.0158103578096901,0.0686635115366441,0.5973834608212618,0.101325,0.101325
0.1,0.1,1.0,0.001,-0.00099,0.0,0,unit_total_var,0.123076923076923,0.2646776151679784,0.9935875,0.2646781095916428,0.2646776151679784,8.11270981415646e-06,9.70750306361623e-07,0.0041228076637812,0.0155767145671335,0.0676488118268808,0.5973834608212618,0.101325,0.101325
0.1,0.1,1.0,0.001,-0.00099,0.0,0,unit_total_var,0.1356410256410256,0.2089415563475728,0.9937,0.2089422207905479,0.2089415563475728,1.3810726015250909e-05,9.451186786524346e-07,0.0031923543925858,0.0152786953844424,0.0663545309614405,0.5973834608212618,0.101325,0.101325
0.1,0.1,1.0,0.001,-0.00099,0.0,0,unit_total_var,0.1482051282051282,0.159851468077367,0.993775,0.1598523648699552,0.159851468077367,2.4364554461975277e-05,9.450093789720172e-07,0.0024003678168472,0.0150162387979164,0.0652146964887662,0.5973834608212618,0.101325,0.101325
0.1,0.1,1.0,0.001,-0.00099,0.0,0,unit_total_var,0.1607692307692307,0.1174103198210956,0.993875,0.1174115762177745,0.1174103198210956,4.647319129347238e-05,9.600995612979446e-07,0.0017419802699282,0.0148366878872537,0.064434916791551,0.5973834608212618,0.101325,0.101325
0.1,0.1,1.0,0.001,-0.00099,0.0,0,unit_total_var,0.1733333333333333,0.0817715371602821,0.9939125,0.0817732337712037,0.0817715371602821,9.01072846311024e-05,9.666990096746098e-07,0.0012096862972242,0.0147934885319948,0.0642473043754441,0.5973834608212618,0.101325,0.101325
0.1,0.1,1.0,0.001,-0.00099,0.0,0,unit_total_var,0.1858974358974359,0.053357288292969,0.994,0.0533596377676865,0.053357288292969,0.0001912281290348,9.934767685182422e-07,0.0007981967158178,0.0149594692937772,0.0649681496648859,0.5973834608212618,0.101325,0.101325
0.1,0.1,1.0,0.001,-0.00099,0.0,0,unit_total_var,0.1984615384615384,0.0320379611420833,0.994,0.0320411388874277,0.0320379611420833,0.0004307417764746,9.97916646872099e-07,0.0004815568926456,0.0150308220460715,0.0652780307307862,0.5973834608212618,0.101325,0.101325
0.1,0.1,1.0,0.001,-0.00099,0.0,0,unit_total_var,0.211025641025641,0.0175324967873718,0.9939,0.0175367109964257,0.0175324967873718,0.0010437690852818,9.887421241194794e-07,0.000261592067047,0.0149204115203645,0.0647985239102003,0.5973834608212618,0.101325,0.101325
0.1,0.1,1.0,0.001,-0.00099,0.0,0,unit_total_var,0.2235897435897436,0.0086549162090446,0.99385,0.0086603584876363,0.0086549162090446,0.0027300192236232,9.88880326430186e-07,0.0001272129362105,0.0146983440553211,0.0638340971634143,0.5973834608212618,0.101325,0.101325
0.1,0.1,1.0,0.001,-0.00099,0.0,0,unit_total_var,0.2361538461538461,0.0039507722435799,0.993725,0.0039561247278621,0.0039507722435799,0.0058798154363479,9.984613808730614e-07,5.71718320903591e-05,0.0144710523830534,0.0628469819729301,0.5973834608212618,0.101325,0.101325
0.1,0.1,1.0,0.001,-0.00099,0.0,0,unit_total_var,0.2487179487179487,0.0017231913523394,0.9936,0.0017270267256378,0.0017231913523394,0.0096555180455126,9.862291345114071e-07,2.4511170434551248e-05,0.0142242882087783,0.0617752987807394,0.5973834608212618,0.101325,0.101325
0.1,0.1,1.0,0.001,-0.00099,0.0,0,unit_total_var,0.2612820512820513,0.0007454226061263,0.993475,0.0007480507509585,0.0007454226061263,0.0152850396831887,9.967795206178298e-07,1.0382325325234123e-05,0.0139281063384791,0.0604889972616321,0.5973834608212618,0.101325,0.101325
0.1,0.1,1.0,0.001,-0.00099,0.0,0,unit_total_var,0.2738461538461538,0.0003313015382229,0.9932625,0.0003330460786645,0.0003313015382229,0.0228087227061379,9.86048835981829e-07,4.514239991939709e-06,0.0136257743207395,0.0591759859915621,0.5973834608212618,0.101325,0.101325
0.1,0.1,1.0,0.001,-0.00099,0.0,0,unit_total_var,0.2864102564102564,0.0001541103024693,0.993125,0.0001552727316753,0.0001541103024693,0.032635206823862,9.99645723575096e-07,2.0580167956922013e-06,0.013354180497446,0.0579964690038083,0.5973834608212618,0.101325,0.101325
0.1,0.1,1.0,0.001,-0.00099,0.0,0,unit_total_var,0.298974358974359,7.56016953935055e-05,0.9929,7.638696458860621e-05,7.56016953935055e-05,0.0448771787176838,9.956621496729282e-07,9.905290506496368e-07,0.0131019422976422,0.0569010124208085,0.5973834608212618,0.101325,0.101325
0.1,0.1,1.0,0.001,-0.00099,0.0,0,unit_total_var,0.3115384615384615,3.913554669251382e-05,0.99275,3.967677625414407e-05,3.913554669251382e-05,0.0596497345635,9.870912143043753e-07,5.033515641916729e-07,0.0128617486334478,0.0558578645913307,0.5973834608212618,0.101325,0.101325
0.1,0.1,1.0,0.001,-0.00099,0.0,0,unit_total_var,0.3241025641025641,2.131227912553898e-05,0.9926125,2.16975201537079e-05,2.131227912553898e-05,0.0778020497947693,9.883592047973608e-07,2.691771037893235e-07,0.0126301416288585,0.0548520081506982,0.5973834608212618,0.101325,0.101325
0.1,0.1,1.0,0.001,-0.00099,0.0,0,unit_total_var,0.3366666666666666,1.2155901855120224e-05,0.9924875,1.243466134357408e-05,1.2155901855120224e-05,0.0984677681655199,9.823780294706402e-07,1.5079960526487678e-07,0.0124054641985578,0.0538762464688201,0.5973834608212618,0.101325,0.101325
0.1,0.1,1.0,0.001,-0.00099,0.0,0,unit_total_var,0.3492307692307692,7.226138351779461e-06,0.9923875,7.431564441715251e-06,7.226138351779461e-06,0.1217397574356198,9.81458394034261e-07,8.80621761591097e-08,0.0121866164017499,0.0529258025635165,0.5973834608212618,0.101325,0.101325
0.1,0.1,1.0,0.001,-0.00099,0.0,0,unit_total_var,0.3617948717948718,4.45569522129483e-06,0.9922625,4.6128889332990805e-06,4.45569522129483e-06,0.1505752147420835,9.966821473081106e-07,5.3347460394117226e-08,0.0119728701683088,0.0519975144664059,0.5973834608212618,0.101325,0.101325
0.1,0.1,1.0,0.001,-0.00099,0.0,0,unit_total_var,0.3743589743589743,2.840432842830725e-06,0.9921125,2.9607021213728794e-06,2.840432842830725e-06,0.1801018928378539,9.827182715922266e-07,3.3415234900670786e-08,0.0117641348166393,0.0510909883523238,0.5973834608212618,0.101325,0.101325
0.1,0.1,1.0,0.001,-0.00099,0.0,0,unit_total_var,0.3869230769230769,1.8634259337334848e-06,0.9918,1.959355284545377e-06,1.8634259337334848e-06,0.2180105719563272,9.918129611613796e-07,2.1541085603171925e-08,0.0115599365733915,0.0502041666497551,0.5973834608212618,0.101325,0.101325
0.1,0.1,1.0,0.001,-0.00099,0.0,0,unit_total_var,0.3994871794871795,1.2546878412534662e-06,0.9916625,1.331413821259102e-06,1.2546878412534662e-06,0.2577737158644169,9.974868872314642e-07,1.425354449525686e-08,0.0113602316262323,0.0493368590841552,0.5973834608212618,0.101325,0.101325
0.1,0.1,1.0,0.001,-0.00099,0.0,0,unit_total_var,0.412051282051282,8.648548955650464e-07,0.991475,9.265326404603058e-07,8.648548955650464e-07,0.2991747540657314,9.946301667665715e-07,9.656003919175342e-09,0.011164883229188,0.0484884717753051,0.5973834608212618,0.101325,0.101325
0.1,0.1,1.0,0.001,-0.00099,0.0,0,unit_total_var,0.4246153846153846,6.084974745305622e-07,0.991325,6.597210928261035e-07,6.084974745305622e-07,0.3510158961114982,9.985832548149894e-07,6.677358626264912e-09,0.0109735190461,0.0476573876878149,0.5973834608212618,0.101325,0.101325
0.1,0.1,1.0,0.001,-0.00099,0.0,0,unit_total_var,0.4371794871794872,4.365039795500824e-07,0.9911125,4.788767305909884e-07,4.365039795500824e-07,0.4023552700516646,9.857968466857542e-07,4.708240147642164e-09,0.0107862479340854,0.0468440795821367,0.5973834608212618,0.101325,0.101325
0.1,0.1,1.0,0.001,-0.00099,0.0,0,unit_total_var,0.4497435897435897,3.180835302757439e-07,0.990875,3.53455036941376e-07,3.180835302757439e-07,0.457929921959078,9.94566848770001e-07,3.372415370304397e-09,0.0106022948355134,0.0460451814257482,0.5973834608212618,0.101325,0.101325
0.1,0.1,1.0,0.001,-0.00099,0.0,0,unit_total_var,0.4623076923076923,2.356322185006931e-07,0.990575,2.657975026888315e-07,2.356322185006931e-07,0.5231622399958411,9.79268884089546e-07,2.4558209923019328e-09,0.0104222631689677,0.0452633138322618,0.5973834608212618,0.101325,0.101325
0.1,0.1,1.0,0.001,-0.00099,0.0,0,unit_total_var,0.4748717948717949,1.7674376016000205e-07,0.990425,2.026401173425036e-07,1.7674376016000205e-07,0.5938133805398422,9.826510346349054e-07,1.810769603212282e-09,0.010245168494622,0.0444942014338338,0.5973834608212618,0.101325,0.101325
0.1,0.1,1.0,0.001,-0.00099,0.0,0,unit_total_var,0.4874358974358974,1.3426676088945696e-07,0.9901375,1.564912323382995e-07,1.3426676088945696e-07,0.6652149861682375,9.79457915301074e-07,1.352252402062425e-09,0.0100713861949477,0.0437394744958238,0.5973834608212618,0.101325,0.101325
0.1,0.1,1.0,0.001,-0.00099,0.0,0,unit_total_var,0.5,1.0309855093559962e-07,0.9898875,1.225109018557367e-07,1.0309855093559962e-07,0.7492217564826973,9.800073159323456e-07,1.020731089439276e-09,0.0099005376911347,0.0429974888713496,0.5973834608212618,0.101325,0.101325
0.1,0.1,1.0,0.001,-0.00099,1.0,0,unit_total_var,0.01,1.004730876014833,0.9999875,1.004730876032254,1.004730876014833,7.530199727656671e-11,9.450009628153566e-07,0.0174498271785756,0.0173676629186401,0.0754268016912112,0.299199552801729,0.101325,0.101325
0.1,0.1,1.0,0.001,-0.00099,1.0,0,unit_total_var,0.0225641025641025,0.9914116516763029,0.9999875,0.9914116526134116,0.9914116516763029,4.105067709370136e-09,8.181064856671583e-07,0.0169444146864416,0.0170911998641448,0.0742261379010372,0.299199552801729,0.101325,0.101325
0.1,0.1,1.0,0.001,-0.00099,1.0,0,unit_total_var,0.0351282051282051,0.9774721422316,0.9999875,0.9774721445368166,0.9774721422316,1.0242162840068404e-08,8.85615033752174e-07,0.0164422516599709,0.0168211971979403,0.0730535312207194,0.299199552801729,0.101325,0.101325
0.1,0.1,1.0,0.001,-0.00099,1.0,0,unit_total_var,0.0476923076923076,0.9627107318930076,0.9999875,0.9627107366065172,0.9627107318930076,2.1263408950256132e-08,9.035118324618452e-07,0.0159303398470287,0.0165473795183569,0.071864356147813,0.299199552801729,0.101325,0.101325
0.1,0.1,1.0,0.001,-0.00099,1.0,0,unit_total_var,0.0602564102564102,0.9469891583240808,0.9999875,0.9469891659509252,0.9469891583240808,3.4977130775049055e-08,8.033007148355864e-07,0.0154046768860429,0.0162670044853577,0.0706467028508629,0.299199552801729,0.101325,0.101325
0.1,0.1,1.0,0.001,-0.00099,1.0,0,unit_total_var,0.0728205128205128,0.9302341081882092,0.9999875,0.9302341192369624,0.9302341081882092,5.1582848770159735e-08,7.841785549800306e-07,0.0148654916079276,0.015980376850383,0.0694018948485584,0.299199552801729,0.101325,0.101325
0.1,0.1,1.0,0.001,-0.00099,1.0,0,unit_total_var,0.0853846153846153,0.9124302768587568,1.0,0.9124302931697146,0.9124302768587568,7.763616660660945e-08,8.185578774799751e-07,0.0143156185078031,0.0156895478710853,0.0681388406396927,0.299199552801729,0.101325,0.101325
0.1,0.1,1.0,0.001,-0.00099,1.0,0,unit_total_var,0.0979487179487179,0.8936097505383795,1.0,0.8936097748825318,0.8936097505383795,1.1831261731432009e-07,8.972174416754797e-07,0.0137593468215491,0.0153974895789347,0.0668704475929417,0.299199552801729,0.101325,0.101325
0.1,0.1,1.0,0.001,-0.00099,1.0,0,unit_total_var,0.1105128205128205,0.8738400481857054,1.0,0.8738400806380061,0.8738400481857054,1.6128643798296596e-07,8.009130834096823e-07,0.0132014673057795,0.0151074184951683,0.0656106848825473,0.299199552801729,0.101325,0.101325
0.1,0.1,1.0,0.001,-0.00099,1.0,0,unit_total_var,0.123076923076923,0.8532126260415797,1.0,0.853212669340225,0.8532126260415797,2.2039479596891454e-07,9.38876985046022e-07,0.0126465594208909,0.0148222834905336,0.0643723592914444,0.299199552801729,0.101325,0.101325
0.1,0.1,1.0,0.001,-0.00099,1.0,0,unit_total_var,0.1356410256410256,0.8318330888937453,1.0,0.8318331407057563,0.8318330888937453,2.705070293318457e-07,8.916728999608381e-07,0.012098557106995,0.0145444528097396,0.0631657559757217,0.299199552801729,0.101325,0.101325
0.1,0.1,1.0,0.001,-0.00099,1.0,0,unit_total_var,0.1482051282051282,0.809813544304271,1.0,0.8098136139611539,0.809813544304271,3.735625168088674e-07,8.675657481305166e-07,0.0115605660283236,0.0142755898683511,0.0619980990573888,0.299199552801729,0.101325,0.101325
0.1,0.1,1.0,0.001,-0.00099,1.0,0,unit_total_var,0.1607692307692307,0.7872671857572268,1.0,0.7872672696042832,0.7872671857572268,4.625407059588582e-07,8.605731238731096e-07,0.0110348644123926,0.0140166700861269,0.0608736247306329,0.299199552801729,0.101325,0.101325
0.1,0.1,1.0,0.001,-0.00099,1.0,0,unit_total_var,0.1733333333333333,0.7643046779085482,1.0,0.7643047790391756,0.7643046779085482,5.746461040345707e-07,8.668979756265571e-07,0.0105230066657945,0.0137680783200095,0.0597940044079192,0.299199552801729,0.101325,0.101325
0.1,0.1,1.0,0.001,-0.00099,1.0,0,unit_total_var,0.1858974358974359,0.7410318962517907,1.0,0.7410320182958019,0.7410318962517907,7.152598493487261e-07,8.840531067200175e-07,0.0100259650771591,0.0135297348573946,0.0587588919018058,0.299199552801729,0.101325,0.101325
0.1,0.1,1.0,0.001,-0.00099,1.0,0,unit_total_var,0.1984615384615384,0.7175486008339319,1.0,0.717548748030142,0.7175486008339319,8.909012600977206e-07,9.103641391838836e-07,0.0095442693508701,0.0133012165862741,0.0577664496601887,0.299199552801729,0.101325,0.101325
0.1,0.1,1.0,0.001,-0.00099,1.0,0,unit_total_var,0.211025641025641,0.6939477408441392,1.0,0.6939479181165403,0.6939477408441392,1.1094267078348707e-06,9.446742481600268e-07,0.0090781264585296,0.013081858941549,0.0568137915135145,0.299199552801729,0.101325,0.101325
0.1,0.1,1.0,0.001,-0.00099,1.0,0,unit_total_var,0.2235897435897436,0.6703151836629718,1.0,0.6703153781796278,0.6703151836629718,1.260265322100551e-06,9.861607099814762e-07,0.0086275176052111,0.012870837205366,0.0558973357576552,0.299199552801729,0.101325,0.101325
0.1,0.1,1.0,0.001,-0.00099,1.0,0,unit_total_var,0.2361538461538461,0.6467297460127684,1.0,0.6467299591228911,0.6467297460127684,1.4310851732535212e-06,8.632039856237839e-07,0.0081922753186624,0.0126672313577188,0.0550130867964911,0.299199552801729,0.101325,0.101325
0.1,0.1,1.0,0.001,-0.00099,1.0,0,unit_total_var,0.2487179487179487,0.6232633039897851,1.0,0.6232635599674465,0.6232633039897851,1.783670918964475e-06,9.131932374728536e-07,0.0077721427656981,0.0124700792039981,0.0541568658719287,0.299199552801729,0.101325,0.101325
0.1,0.1,1.0,0.001,-0.00099,1.0,0,unit_total_var,0.2612820512820513,0.5999812017138998,1.0,0.5999814836978207,0.5999812017138998,2.0411311503210072e-06,9.683495258983044e-07,0.0073668214276832,0.0122784204015713,0.0533245022689072,0.299199552801729,0.101325,0.101325
0.1,0.1,1.0,0.001,-0.00099,1.0,0,unit_total_var,0.2738461538461538,0.576942553795142,1.0,0.5769428633854256,0.576942553795142,2.3304454632722127e-06,8.715938268899492e-07,0.0069760043812339,0.0120913327251485,0.0525119908138823,0.299199552801729,0.101325,0.101325
0.1,0.1,1.0,0.001,-0.00099,1.0,0,unit_total_var,0.2864102564102564,0.5542005252370927,1.0,0.5542008946630752,0.5542005252370927,2.894974018730068e-06,9.309383104394442e-07,0.0065993980648195,0.011907960682636,0.0517156161518971,0.299199552801729,0.101325,0.101325
0.1,0.1,1.0,0.001,-0.00099,1.0,0,unit_total_var,0.298974358974359,0.5318028481200494,1.0,0.5318032549879522,0.5318028481200494,3.3226677529363258e-06,9.94501763829092e-07,0.0062367371828535,0.0117275362569057,0.0509320428269446,0.299199552801729,0.101325,0.101325
0.1,0.1,1.0,0.001,-0.00099,1.0,0,unit_total_var,0.3115384615384615,0.5097921061389955,1.0,0.509792552335742,0.5097921061389955,3.801171060580089e-06,9.126778028889504e-07,0.0058877892119854,0.0115493926663118,0.0501583750431313,0.299199552801729,0.101325,0.101325
0.1,0.1,1.0,0.001,-0.00099,1.0,0,unit_total_var,0.3241025641025641,0.4882059374113969,1.0,0.4882064651789226,0.4882059374113969,4.694871215349394e-06,9.782753038756198e-07,0.0055523523775407,0.0113729718384436,0.0493921891227713,0.299199552801729,0.101325,0.101325
0.1,0.1,1.0,0.001,-0.00099,1.0,0,unit_total_var,0.3366666666666666,0.467077562888948,1.0,0.4670781013889087,0.467077562888948,5.007036201654103e-06,9.077140219471148e-07,0.0052302533954833,0.011197826252097,0.048631541505971,0.299199552801729,0.101325,0.101325
0.1,0.1,1.0,0.001,-0.00099,1.0,0,unit_total_var,0.3492307692307692,0.4464357498945153,1.0,0.4464363835438293,0.4464357498945153,6.164161479027541e-06,9.744413966839003e-07,0.0049213368126205,0.01102361720311,0.0478749612192444,0.299199552801729,0.101325,0.101325
0.1,0.1,1.0,0.001,-0.00099,1.0,0,unit_total_var,0.3617948717948718,0.426305340814532,1.0,0.4263059890779687,0.426305340814532,6.604116635777757e-06,9.122303670228148e-07,0.0046254595709853,0.0108501093656194,0.0471214262553533,0.299199552801729,0.101325,0.101325
0.1,0.1,1.0,0.001,-0.00099,1.0,0,unit_total_var,0.3743589743589743,0.4067071206533584,1.0,0.4067078792773294,0.4067071206533584,8.100814577360893e-06,9.79555144109412e-07,0.0043424784978719,0.010677163682052,0.0463703326949299,0.299199552801729,0.101325,0.101325
0.1,0.1,1.0,0.001,-0.00099,1.0,0,unit_total_var,0.3869230769230769,0.3876583469873171,1.0,0.3876591246772193,0.3876583469873171,8.7124680003825e-06,9.238086726703898e-07,0.0040722454427941,0.0105047278729881,0.0456214534913404,0.299199552801729,0.101325,0.101325
0.1,0.1,1.0,0.001,-0.00099,1.0,0,unit_total_var,0.3994871794871795,0.3691725504164046,1.0,0.3691734555790982,0.3691725504164046,1.06483182653605e-05,9.915444677544016e-07,0.0038145958350609,0.0103328262915494,0.0448748944088476,0.299199552801729,0.101325,0.101325
0.1,0.1,1.0,0.001,-0.00099,1.0,0,unit_total_var,0.412051282051282,0.3512601085722143,1.0,0.3512610381597448,0.3512601085722143,1.1493311962595952e-05,9.41140917420924e-07,0.0035693464881851,0.0101615480980567,0.0441310426658053,0.299199552801729,0.101325,0.101325
0.1,0.1,1.0,0.001,-0.00099,1.0,0,unit_total_var,0.4246153846153846,0.3339280704097953,1.0,0.3339290275670604,0.3339280704097953,1.2448415081856012e-05,8.974738577860464e-07,0.0033362872004575,0.0099910354836694,0.0433905157905722,0.299199552801729,0.101325,0.101325
0.1,0.1,1.0,0.001,-0.00099,1.0,0,unit_total_var,0.4371794871794872,0.3171805090988418,1.0,0.3171816169518018,0.3171805090988418,1.5169077960841548e-05,9.638671484291097e-07,0.0031151792590549,0.0098214712748448,0.042654107788364,0.299199552801729,0.101325,0.101325
0.1,0.1,1.0,0.001,-0.00099,1.0,0,unit_total_var,0.4497435897435897,0.3010189241571359,1.0,0.3010200672775709,0.3010189241571359,1.64923170791198e-05,9.244672584118874e-07,0.0029057557922681,0.0096530668309456,0.04192273658123,0.299199552801729,0.101325,0.101325
0.1,0.1,1.0,0.001,-0.00099,1.0,0,unit_total_var,0.4623076923076923,0.2854420431288935,1.0,0.2854433611882065,0.2854420431288935,2.0053968174948977e-05,9.924200613520284e-07,0.0027077178240035,0.0094860511588367,0.0411973967333476,0.299199552801729,0.101325,0.101325
0.1,0.1,1.0,0.001,-0.00099,1.0,0,unit_total_var,0.4748717948717949,0.2704465627076322,1.0,0.2704479264671149,0.2704465627076322,2.189976898758772e-05,9.574324746353111e-07,0.0025207405501452,0.0093206603364017,0.040479113517938,0.299199552801729,0.101325,0.101325
0.1,0.1,1.0,0.001,-0.00099,1.0,0,unit_total_var,0.4874358974358974,0.2560269170850804,1.0,0.256028332516525,0.2560269170850804,2.4009677330738555e-05,9.278068003881756e-07,0.0023444714993555,0.009157128969281,0.0397689058143519,0.299199552801729,0.101325,0.101325
0.1,0.1,1.0,0.001,-0.00099,1.0,0,unit_total_var,0.5,0.2421757312436924,1.0,0.242177324192759,0.2421757312436924,2.8566310537492257e-05,9.54694847565829e-07,0.0021785359808037,0.0089956824724586,0.0390677525874258,0.299199552801729,0.101325,0.101325
0.1,0.1,1.0,0.001,0.00099,0.0,0,unit_total_var,0.01,0.9170702180716256,0.999575,0.9170702181243652,0.9170702180716256,2.497585471772368e-10,9.640307183644836e-07,0.0152113073612109,0.0165868513244237,0.0720357800234688,0.3004984527629979,0.101325,0.101325
0.1,0.1,1.0,0.001,0.00099,0.0,0,unit_total_var,0.0225641025641025,0.7937760323950963,0.9996625,0.7937760447357612,0.7937760323950963,6.75188267518223e-08,9.921469938944938e-07,0.0130037666936375,0.0163821609155931,0.0711468208729322,0.3004984527629979,0.101325,0.101325
0.1,0.1,1.0,0.001,0.00099,0.0,0,unit_total_var,0.0351282051282051,0.6701527640343353,0.9997,0.6701527958462928,0.6701527640343353,2.06158327520356e-07,9.131400275919076e-07,0.0111153353731591,0.0165862710260934,0.0720332598198418,0.3004984527629979,0.101325,0.101325
0.1,0.1,1.0,0.001,0.00099,0.0,0,unit_total_var,0.0476923076923076,0.5460568941839109,0.999825,0.5460569659870596,0.5460568941839109,5.710706982853253e-07,9.569346719473517e-07,0.0093140789380388,0.0170569752662108,0.074077502360756,0.3004984527629979,0.101325,0.101325
0.1,0.1,1.0,0.001,0.00099,0.0,0,unit_total_var,0.0602564102564102,0.4232006350916509,0.99985,0.4232007728680954,0.4232006350916509,1.4138811446073871e-06,8.976309056052401e-07,0.0074413932924627,0.0175836061560995,0.0763646312555407,0.3004984527629979,0.101325,0.101325
0.1,0.1,1.0,0.001,0.00099,0.0,0,unit_total_var,0.0728205128205128,0.306523532838762,0.999875,0.3065237793756277,0.306523532838762,3.493028946977006e-06,9.55710326877579e-07,0.0055191451149138,0.0180056162859672,0.0781973979626288,0.3004984527629979,0.101325,0.101325
0.1,0.1,1.0,0.001,0.00099,0.0,0,unit_total_var,0.0853846153846153,0.2043358488806299,0.9998875,0.2043362725636399,0.2043358488806299,9.004930046963011e-06,9.891120971161629e-07,0.0037328697334512,0.0182683056052093,0.0793382431806465,0.3004984527629979,0.101325,0.101325
0.1,0.1,1.0,0.001,0.00099,0.0,0,unit_total_var,0.0979487179487179,0.123890088882169,0.9998875,0.1238907355900669,0.123890088882169,2.2670170061189765e-05,9.60819615425379e-07,0.0022763609269449,0.0183740357883673,0.0797974235318081,0.3004984527629979,0.101325,0.101325
0.1,0.1,1.0,0.001,0.00099,0.0,0,unit_total_var,0.1105128205128205,0.0677027564539906,0.9998875,0.0677037246758655,0.0677027564539906,6.210831476138878e-05,9.742353173081142e-07,0.0012413557712491,0.0183353800682061,0.079629543872208,0.3004984527629979,0.101325,0.101325
0.1,0.1,1.0,0.001,0.00099,0.0,0,unit_total_var,0.123076923076923,0.0334997433533301,0.9998875,0.0335010560708596,0.0334997433533301,0.0001701788588626,9.638772202613666e-07,0.0006088425524969,0.0181745437890466,0.0789310407869196,0.3004984527629979,0.101325,0.101325
0.1,0.1,1.0,0.001,0.00099,0.0,0,unit_total_var,0.1356410256410256,0.0155692410396537,0.9998875,0.0155704161402885,0.0155692410396537,0.00032777478485,9.935027289742493e-07,0.000279020052876,0.0179212366335267,0.0778309417882306,0.3004984527629979,0.101325,0.101325
0.1,0.1,1.0,0.001,0.00099,0.0,0,unit_total_var,0.1482051282051282,0.007255108517925,0.999875,0.0072559361448252,0.007255108517925,0.000495393411839,9.999625900647402e-07,0.0001277494389106,0.0176082051143692,0.0764714631739119,0.3004984527629979,0.101325,0.101325
0.1,0.1,1.0,0.001,0.00099,0.0,0,unit_total_var,0.1607692307692307,0.0035892739657168,0.9998625,0.003589829351321,0.0035892739657168,0.0006719527302152,9.942429293197108e-07,6.196927346239597e-05,0.0172651277261916,0.0749814970083985,0.3004984527629979,0.101325,0.101325
0.1,0.1,1.0,0.001,0.00099,0.0,0,unit_total_var,0.1733333333333333,0.001931255872409,0.9998375,0.0019316210931927,0.001931255872409,0.0008212188632086,9.780085295507668e-07,3.2662675543890114e-05,0.0169126608289075,0.0734507527229584,0.3004984527629979,0.101325,0.101325
0.1,0.1,1.0,0.001,0.00099,0.0,0,unit_total_var,0.1858974358974359,0.0011287490948679,0.999825,0.0011290042406497,0.0011287490948679,0.0009815811482276,9.630082876688206e-07,1.869473332004078e-05,0.0165623462335775,0.0719293557661385,0.3004984527629979,0.101325,0.101325
0.1,0.1,1.0,0.001,0.00099,0.0,0,unit_total_var,0.1984615384615384,0.0007085765272409,0.999825,0.0007087602388616,0.0007085765272409,0.0011258431375438,9.61090466392034e-07,1.1492919194608796e-05,0.0162197289252017,0.0704413877018166,0.3004984527629979,0.101325,0.101325
0.1,0.1,1.0,0.001,0.00099,0.0,0,unit_total_var,0.211025641025641,0.000471756080751,0.999775,0.000471893774543,0.000471756080751,0.0012674119357214,9.580485896137914e-07,7.4948348007827955e-06,0.0158870973933194,0.0689967873137815,0.3004984527629979,0.101325,0.101325
0.1,0.1,1.0,0.001,0.00099,0.0,0,unit_total_var,0.2235897435897436,0.0003294519414017,0.99975,0.0003295577032976,0.0003294519414017,0.0013939646734115,9.68265774448085e-07,5.127951716056724e-06,0.0155650978841973,0.0675983612139089,0.3004984527629979,0.101325,0.101325
0.1,0.1,1.0,0.001,0.00099,0.0,0,unit_total_var,0.2361538461538461,0.0002391913668235,0.999725,0.0002392755893213,0.0002391913668235,0.0015289401273363,9.540376035566125e-07,3.648527362694619e-06,0.0152535913446492,0.0662455055018836,0.3004984527629979,0.101325,0.101325
0.1,0.1,1.0,0.001,0.00099,0.0,0,unit_total_var,0.2487179487179487,0.0001792799472778,0.9997,0.0001793511755112,0.0001792799472778,0.001725116822044,9.993019329870845e-07,2.680603555900529e-06,0.0149520545749982,0.0649359479503799,0.3004984527629979,0.101325,0.101325
0.1,0.1,1.0,0.001,0.00099,0.0,0,unit_total_var,0.2612820512820513,0.0001379701635332,0.9997,0.0001380283235867,0.0001379701635332,0.0018303426901198,9.549877479711475e-07,2.0226230399359843e-06,0.0146598582486147,0.0636669554285723,0.3004984527629979,0.101325,0.101325
0.1,0.1,1.0,0.001,0.00099,0.0,0,unit_total_var,0.2738461538461538,0.0001085475088686,0.9996875,0.0001085984246084,0.0001085475088686,0.0020366418946764,9.8979326649401e-07,1.5605087791197394e-06,0.0143762744570052,0.0624353666700405,0.3004984527629979,0.101325,0.101325
0.1,0.1,1.0,0.001,0.00099,0.0,0,unit_total_var,0.2864102564102564,8.700929464307957e-05,0.999675,8.705310563020834e-05,8.700929464307957e-05,0.0021862125684464,9.557377787239307e-07,1.2268880991580032e-06,0.0141006556160559,0.0612383692527117,0.3004984527629979,0.101325,0.101325
0.1,0.1,1.0,0.001,0.00099,0.0,0,unit_total_var,0.298974358974359,7.086281230039802e-05,0.999675,7.090191777074462e-05,7.086281230039802e-05,0.0023959824712491,9.764328314024184e-07,9.80198289365862e-07,0.0138323368427808,0.0600730756264678,0.3004984527629979,0.101325,0.101325
0.1,0.1,1.0,0.001,0.00099,0.0,0,unit_total_var,0.3115384615384615,5.850881260222914e-05,0.9996625,5.85432868640426e-05,5.850881260222914e-05,0.0025581740394997,9.721410037244471e-07,7.940086383454032e-07,0.0135707529008228,0.0589370310009992,0.3004984527629979,0.101325,0.101325
0.1,0.1,1.0,0.001,0.00099,0.0,0,unit_total_var,0.3241025641025641,4.88860550844111e-05,0.99965,4.891689484424707e-05,4.88860550844111e-05,0.0027388822062377,9.330421695610824e-07,6.50936343682096e-07,0.0133153788449104,0.0578279555679591,0.3004984527629979,0.101325,0.101325
0.1,0.1,1.0,0.001,0.00099,0.0,0,unit_total_var,0.3366666666666666,4.1270999592021504e-05,0.9996375,4.129874072124111e-05,4.1270999592021504e-05,0.0029182167097658,9.264494871402684e-07,5.392354594648013e-07,0.0130657232631953,0.0567437151528069,0.3004984527629979,0.101325,0.101325
0.1,0.1,1.0,0.001,0.00099,0.0,0,unit_total_var,0.3492307692307692,3.516033085861025e-05,0.999625,3.518629555404168e-05,3.516033085861025e-05,0.0032059318370443,9.483653938442692e-07,4.508034206440057e-07,0.0128213645786444,0.055682478869751,0.3004984527629979,0.101325,0.101325
0.1,0.1,1.0,0.001,0.00099,0.0,0,unit_total_var,0.3617948717948718,3.0195749559132724e-05,0.999625,3.021992203654548e-05,3.0195749559132724e-05,0.0034752486688276,9.97461679419498e-07,3.799207632910283e-07,0.0125819285441821,0.0546426213843933,0.3004984527629979,0.101325,0.101325
0.1,0.1,1.0,0.001,0.00099,0.0,0,unit_total_var,0.3743589743589743,2.6118334083238128e-05,0.9996125,2.6140591491946487e-05,2.6118334083238128e-05,0.0036993758526762,9.888486887411896e-07,3.224858517046713e-07,0.0123471064684646,0.0536228020672616,0.3004984527629979,0.101325,0.101325
0.1,0.1,1.0,0.001,0.00099,0.0,0,unit_total_var,0.3869230769230769,2.273618987670773e-05,0.9996125,2.275636427835175e-05,2.273618987670773e-05,0.0038518971057044,9.196169914009455e-07,2.754854390084162e-07,0.0121166053108414,0.0526217482589807,0.3004984527629979,0.101325,0.101325
0.1,0.1,1.0,0.001,0.00099,0.0,0,unit_total_var,0.3994871794871795,1.990392732673152e-05,0.9996,1.9923467033573045e-05,1.990392732673152e-05,0.0042613822352421,9.464224891252148e-07,2.3666025111054922e-07,0.011890128376459,0.0516381714301743,0.3004984527629979,0.101325,0.101325
0.1,0.1,1.0,0.001,0.00099,0.0,0,unit_total_var,0.412051282051282,1.7513358065929374e-05,0.9996,1.753269791056004e-05,1.7513358065929374e-05,0.0047932290367782,9.897603367343966e-07,2.0433661529868705e-07,0.0116674720250369,0.0506711871823412,0.3004984527629979,0.101325,0.101325
0.1,0.1,1.0,0.001,0.00099,0.0,0,unit_total_var,0.4246153846153846,1.548133674751177e-05,0.9995875,1.5499263053694308e-05,1.548133674751177e-05,0.0050259173642928,9.643039753891305e-07,1.7723742157943537e-07,0.011448457227566,0.0497200180023734,0.3004984527629979,0.101325,0.101325
0.1,0.1,1.0,0.001,0.00099,0.0,0,unit_total_var,0.4371794871794872,1.3741708646236726e-05,0.999575,1.3758612097164918e-05,1.3741708646236726e-05,0.0053389023759038,9.514856544861476e-07,1.5435916512721345e-07,0.0112328946203852,0.0487838414943401,0.3004984527629979,0.101325,0.101325
0.1,0.1,1.0,0.001,0.00099,0.0,0,unit_total_var,0.4497435897435897,1.2243109104974314e-05,0.999575,1.2259301310378672e-05,1.2243109104974314e-05,0.0057399956669001,9.49866568671076e-07,1.3492687150995466e-07,0.0110206378423218,0.0478620220197452,0.3004984527629979,0.101325,0.101325
0.1,0.1,1.0,0.001,0.00099,0.0,0,unit_total_var,0.4623076923076923,1.0944734954236e-05,0.999575,1.0960470560528307e-05,1.0944734954236e-05,0.0062395106524206,9.58534058266916e-07,1.1832967963610678e-07,0.0108115619182088,0.0469540168183342,0.3004984527629979,0.101325,0.101325
0.1,0.1,1.0,0.001,0.00099,0.0,0,unit_total_var,0.4748717948717949,9.813881709205033e-06,0.999575,9.8293724103481e-06,9.813881709205033e-06,0.0068497076715487,9.766522295652502e-07,1.0408172544971875e-07,0.0106055614418191,0.0460593681166793,0.3004984527629979,0.101325,0.101325
0.1,0.1,1.0,0.001,0.00099,0.0,0,unit_total_var,0.4874358974358974,8.824738098294277e-06,0.9995625,8.839540784967725e-06,8.824738098294277e-06,0.0072787875315611,9.226907431922338e-07,9.179977171613728e-08,0.0104025491401134,0.0451776968927867,0.3004984527629979,0.101325,0.101325
0.1,0.1,1.0,0.001,0.00099,0.0,0,unit_total_var,0.5,7.95431370647929e-06,0.9995375,7.969419356171944e-06,7.95431370647929e-06,0.0082396536655409,9.666735464684134e-07,8.115366525935131e-08,0.0102024723004382,0.044308774218511,0.3004984527629979,0.101325,0.101325
0.1,0.1,1.0,0.001,0.00099,1.0,0,unit_total_var,0.01,0.9627254769486614,0.9999875,0.9627254769486614,0.9627254769814092,1.477289124363068e-10,9.179446749385534e-07,0.0164936289073468,0.0171322244006911,0.074404305199484,0.3001838451143044,0.101325,0.101325
0.1,0.1,1.0,0.001,0.00099,1.0,0,unit_total_var,0.0225641025641025,0.8998293533121394,0.9999875,0.899829356051197,0.8998293533121394,1.321981291102503e-08,8.27753581233992e-07,0.0151393431549562,0.0168246824792173,0.0730686676049841,0.3001838451143044,0.101325,0.101325
0.1,0.1,1.0,0.001,0.00099,1.0,0,unit_total_var,0.0351282051282051,0.8403817853142475,0.9999875,0.8403817918564013,0.8403817853142475,3.3808696731085774e-08,9.467978401289656e-07,0.0139303078487778,0.016576165847727,0.0719893735878098,0.3001838451143044,0.101325,0.101325
0.1,0.1,1.0,0.001,0.00099,1.0,0,unit_total_var,0.0476923076923076,0.784268100628741,0.9999875,0.7842681129910135,0.784268100628741,6.845703270919047e-08,9.565572121061905e-07,0.0128259595279418,0.0163540497409742,0.0710247355927643,0.3001838451143044,0.101325,0.101325
0.1,0.1,1.0,0.001,0.00099,1.0,0,unit_total_var,0.0602564102564102,0.7313538552091485,0.9999875,0.7313538731550048,0.7313538552091485,1.0656655735630238e-07,8.152251513848796e-07,0.0118099957617779,0.0161481281293041,0.0701304293962348,0.3001838451143044,0.101325,0.101325
0.1,0.1,1.0,0.001,0.00099,1.0,0,unit_total_var,0.0728205128205128,0.6815082976423136,0.9999875,0.6815083263084928,0.6815082976423136,1.8267661938686786e-07,9.233687556786664e-07,0.0108728802393834,0.0159541421241653,0.0692879588802525,0.3001838451143044,0.101325,0.101325
0.1,0.1,1.0,0.001,0.00099,1.0,0,unit_total_var,0.0853846153846153,0.6346070532035678,0.9999875,0.634607088827998,0.6346070532035678,2.437964239376811e-07,8.520780117038385e-07,0.0100076045355847,0.0157697656921164,0.0684872222099337,0.3001838451143044,0.101325,0.101325
0.1,0.1,1.0,0.001,0.00099,1.0,0,unit_total_var,0.0979487179487179,0.5905309890335845,0.9999875,0.5905310433732962,0.5905309890335845,3.996307778031394e-07,9.996046701488126e-07,0.0092082897148818,0.0155932370796516,0.067720568187019,0.3001838451143044,0.101325,0.101325
0.1,0.1,1.0,0.001,0.00099,1.0,0,unit_total_var,0.1105128205128205,0.5491644655181771,0.9999875,0.5491645309349539,0.5491644655181771,5.173339734376725e-07,9.521180759364256e-07,0.0084697122040665,0.0154229064986473,0.0669808318727236,0.3001838451143044,0.101325,0.101325
0.1,0.1,1.0,0.001,0.00099,1.0,0,unit_total_var,0.123076923076923,0.5103937425818023,0.9999875,0.5103938203548787,0.5103937425818023,6.617717374091114e-07,9.162867637968476e-07,0.0077871557764737,0.0152571536968356,0.066260976600855,0.3001838451143044,0.101325,0.101325
0.1,0.1,1.0,0.001,0.00099,1.0,0,unit_total_var,0.1356410256410256,0.4741058977017953,0.9999875,0.4741059890124855,0.4741058977017953,8.36431803374893e-07,8.874563794947221e-07,0.0071563614349731,0.0150944366430859,0.0655543054153047,0.3001838451143044,0.101325,0.101325
0.1,0.1,1.0,0.001,0.00099,1.0,0,unit_total_var,0.1482051282051282,0.4401882004021307,0.9999875,0.4401883170269646,0.4401882004021307,1.150633184732186e-06,8.625594611899601e-07,0.0065734894111284,0.0149333612421308,0.064854763837253,0.3001838451143044,0.101325,0.101325
0.1,0.1,1.0,0.001,0.00099,1.0,0,unit_total_var,0.1607692307692307,0.4085279086403311,0.999975,0.4085280418031087,0.4085279086403311,1.4156156491473837e-06,8.39540084118795e-07,0.0060350726128134,0.0147727302961981,0.0641571525028385,0.3001838451143044,0.101325,0.101325
0.1,0.1,1.0,0.001,0.00099,1.0,0,unit_total_var,0.1733333333333333,0.379012376590101,0.9999875,0.3790125411429424,0.379012376590101,1.8855420016450357e-06,9.79538377521294e-07,0.0055379638729418,0.0146115647271621,0.063457219329787,0.3001838451143044,0.101325,0.101325
0.1,0.1,1.0,0.001,0.00099,1.0,0,unit_total_var,0.1858974358974359,0.3515294594515212,0.9999875,0.3515296426488294,0.3515294594515212,2.263297064430958e-06,9.475192601637872e-07,0.005079285346887,0.0144491029423596,0.0627516567631882,0.3001838451143044,0.101325,0.101325
0.1,0.1,1.0,0.001,0.00099,1.0,0,unit_total_var,0.1984615384615384,0.325967916891403,0.9999875,0.3259681366763386,0.325967916891403,2.928243780786488e-06,9.150182926909168e-07,0.0046563822507224,0.014284786966546,0.0620380415473445,0.3001838451143044,0.101325,0.101325
0.1,0.1,1.0,0.001,0.00099,1.0,0,unit_total_var,0.211025641025641,0.302218015092948,0.9999875,0.3022182541343338,0.302218015092948,3.435080257574441e-06,8.81751915926543e-07,0.0042667867391618,0.0141182408925874,0.0613147411383155,0.3001838451143044,0.101325,0.101325
0.1,0.1,1.0,0.001,0.00099,1.0,0,unit_total_var,0.2235897435897436,0.2801720510693001,0.9999875,0.2801723307427076,0.2801720510693001,4.335213184880615e-06,9.98260739404344e-07,0.0039081889283283,0.013949246234278,0.0605808066625666,0.3001838451143044,0.101325,0.101325
0.1,0.1,1.0,0.001,0.00099,1.0,0,unit_total_var,0.2361538461538461,0.2597249747859703,0.9999875,0.2597252729142087,0.2597249747859703,4.985095278797758e-06,9.536548237765174e-07,0.0035784169571067,0.013777716063138,0.0598358605945064,0.3001838451143044,0.101325,0.101325
0.1,0.1,1.0,0.001,0.00099,1.0,0,unit_total_var,0.2487179487179487,0.2407747463596759,0.9999875,0.2407750869410497,0.2407747463596759,6.143190218743655e-06,9.0910669803268e-07,0.0032754203015915,0.0136036704476415,0.0590799900904105,0.3001838451143044,0.101325,0.101325
0.1,0.1,1.0,0.001,0.00099,1.0,0,unit_total_var,0.2612820512820513,0.2232228472640484,0.9999875,0.2232232042309136,0.2232228472640484,6.94501560705163e-06,8.649661307202905e-07,0.0029972607069087,0.0134272129562227,0.0583136449422739,0.3001838451143044,0.101325,0.101325
0.1,0.1,1.0,0.001,0.00099,1.0,0,unit_total_var,0.2738461538461538,0.2069745869900717,0.9999875,0.2069749879173514,0.2069745869900717,8.412643268229658e-06,9.536633521767256e-07,0.002742104861901,0.0132485098860593,0.0575375473695623,0.3001838451143044,0.101325,0.101325
0.1,0.1,1.0,0.001,0.00099,1.0,0,unit_total_var,0.2864102564102564,0.1919395035557556,0.9999875,0.1919399491880347,0.1919395035557556,1.0083146590567084e-05,9.287634701315994e-07,0.002508221585864,0.0130677715603004,0.0567526107941074,0.3001838451143044,0.101325,0.101325
0.1,0.1,1.0,0.001,0.00099,1.0,0,unit_total_var,0.298974358974359,0.1780314016499752,0.9999875,0.1780318597193994,0.1780314016499752,1.117425159335994e-05,9.142576447018768e-07,0.002293976896414,0.0128852375207614,0.0559598755327944,0.3001838451143044,0.101325,0.101325
0.1,0.1,1.0,0.001,0.00099,1.0,0,unit_total_var,0.3115384615384615,0.1651686087115449,0.9999875,0.1651690778135417,0.1651686087115449,1.2334554424953126e-05,8.994736275802495e-07,0.0020978334964907,0.0127011634526419,0.0551604520123365,0.3001838451143044,0.101325,0.101325
0.1,0.1,1.0,0.001,0.00099,1.0,0,unit_total_var,0.3241025641025641,0.1532740209261793,0.9999875,0.1532744999151238,0.1532740209261793,1.3571897520492373e-05,8.847984256377117e-07,0.0019183487158836,0.0125158112528906,0.0543554776367302,0.3001838451143044,0.101325,0.101325
0.1,0.1,1.0,0.001,0.00099,1.0,0,unit_total_var,0.3366666666666666,0.1422750827609405,0.9999875,0.1422756051936181,0.1422750827609405,1.5947220557421815e-05,9.95993842511922e-07,0.0017541723214165,0.0123294415815872,0.0535460844383186,0.3001838451143044,0.101325,0.101325
0.1,0.1,1.0,0.001,0.00099,1.0,0,unit_total_var,0.3492307692307692,0.1321038848782181,0.9999875,0.1321044157042973,0.1321038848782181,1.7450991249390313e-05,9.781653722562569e-07,0.0016040459867434,0.0121423074591799,0.0527333712709453,0.3001838451143044,0.101325,0.101325
0.1,0.1,1.0,0.001,0.00099,1.0,0,unit_total_var,0.3617948717948718,0.1226968713303215,0.9999875,0.1226974457135925,0.1226968713303215,2.033066520112925e-05,9.618544147826924e-07,0.0014667983530738,0.0119546516318654,0.0519183923679486,0.3001838451143044,0.101325,0.101325
0.1,0.1,1.0,0.001,0.00099,1.0,0,unit_total_var,0.3743589743589743,0.1139948529353575,0.9999875,0.1139954354213779,0.1139948529353575,2.219133685876784e-05,9.474032784950736e-07,0.0013413436233127,0.0117667033973313,0.0511021435565327,0.3001838451143044,0.101325,0.101325
0.1,0.1,1.0,0.001,0.00099,1.0,0,unit_total_var,0.3869230769230769,0.1059428175283663,0.9999875,0.1059434086329886,0.1059428175283663,2.423125658879144e-05,9.351322760586812e-07,0.001226677722149,0.0115786775429171,0.05028555764626,0.3001838451143044,0.101325,0.101325
0.1,0.1,1.0,0.001,0.00099,1.0,0,unit_total_var,0.3994871794871795,0.0984897511742954,0.9999875,0.0984903517995982,0.0984897511742954,2.648473127386808e-05,9.253449586577034e-07,0.0011218744942982,0.0113907739731509,0.0494695028114662,0.3001838451143044,0.101325,0.101325
0.1,0.1,1.0,0.001,0.00099,1.0,0,unit_total_var,0.412051282051282,0.0915884425294321,0.9999875,0.0915890539684789,0.0915884425294321,2.899314699078559e-05,9.183352742692108e-07,0.0010260816236229,0.0112031779915157,0.0486547838149526,0.3001838451143044,0.101325,0.101325
0.1,0.1,1.0,0.001,0.00099,1.0,0,unit_total_var,0.4246153846153846,0.085195276264596,0.9999875,0.0851959002113873,0.085195276264596,3.180641792255301e-05,9.143963080049388e-07,0.0009385163644031,0.0110160610488347,0.0478421452581826,0.3001838451143044,0.101325,0.101325
0.1,0.1,1.0,0.001,0.00099,1.0,0,unit_total_var,0.4371794871794872,0.0792700206581732,0.9999875,0.0792706592245404,0.0792700206581732,3.498481901331729e-05,9.1383039224624e-07,0.0008584611735556,0.0108295818069421,0.047032276200748,0.3001838451143044,0.101325,0.101325
0.1,0.1,1.0,0.001,0.00099,1.0,0,unit_total_var,0.4497435897435897,0.073775613652706,0.9999875,0.0737762693942547,0.073775613652706,3.8601328602894114e-05,9.169605361680766e-07,0.0007852593245185,0.0106438873990949,0.046225815634265,0.3001838451143044,0.101325,0.101325
0.1,0.1,1.0,0.001,0.00099,1.0,0,unit_total_var,0.4623076923076923,0.0686779508854926,0.9999875,0.0686786268387295,0.0686779508854926,4.274462361308906e-05,9.241432805673356e-07,0.0007183105723328,0.0104591147969817,0.0454233584192182,0.3001838451143044,0.101325,0.101325
0.1,0.1,1.0,0.001,0.00099,1.0,0,unit_total_var,0.4748717948717949,0.0639456784783937,0.9999875,0.0639463782113273,0.0639456784783937,4.752291263621089e-05,9.35783248667832e-07,0.0006570669270093,0.0102753922179645,0.0446254613965362,0.3001838451143044,0.101325,0.101325
0.1,0.1,1.0,0.001,0.00099,1.0,0,unit_total_var,0.4874358974358974,0.0595499927230191,0.9999875,0.0595507204010991,0.0595499927230191,5.306879639555007e-05,9.52347925853303e-07,0.000601028579843,0.0100928405254141,0.0438326494691688,0.3001838451143044,0.101325,0.101325
0.1,0.1,1.0,0.001,0.00099,1.0,0,unit_total_var,0.5,0.0554644670500597,0.9999875,0.0554652086980476,0.0554644670500597,5.807167946336733e-05,9.125657072228676e-07,0.0005497401902966,0.0099115743742835,0.0430454205772503,0.3001838451143044,0.101325,0.101325
0.1,0.1,1.0,0.001,0.0,0.0,0,unit_total_var,0.01,0.919957925148313,0.9995,0.9199579251979292,0.919957925148313,2.3422852546417516e-10,9.551881561264963e-07,0.0152093635658144,0.0165326730169343,0.0718004866236538,0.3002965438584036,0.101325,0.101325
0.1,0.1,1.0,0.001,0.0,0.0,0,unit_total_var,0.0225641025641025,0.801812975489771,0.9996125,0.8018129869567351,0.801812975489771,6.210973524378717e-08,8.103531570213818e-07,0.0129756142682927,0.0161828439610456,0.070281198337835,0.3002965438584036,0.101325,0.101325
0.1,0.1,1.0,0.001,0.0,0.0,0,unit_total_var,0.0351282051282051,0.6802834135883256,0.99965,0.6802834449956161,0.6802834135883256,2.005048540532073e-07,8.942333238337596e-07,0.0111382490383576,0.0163729540010481,0.0711068357511099,0.3002965438584036,0.101325,0.101325
0.1,0.1,1.0,0.001,0.0,0.0,0,unit_total_var,0.0476923076923076,0.5570897435625027,0.9997,0.5570898152246972,0.5570897435625027,5.58662118788078e-07,8.879013861928797e-07,0.0094052610930702,0.0168828473360954,0.0733212743688125,0.3002965438584036,0.101325,0.101325
0.1,0.1,1.0,0.001,0.0,0.0,0,unit_total_var,0.0602564102564102,0.4370330721625356,0.9997375,0.4370332098838341,0.4370330721625356,1.36858270805007e-06,9.781552670062863e-07,0.0076011298793258,0.0173925736139688,0.0755349874664277,0.3002965438584036,0.101325,0.101325
0.1,0.1,1.0,0.001,0.0,0.0,0,unit_total_var,0.0728205128205128,0.3269090667913134,0.9997625,0.3269092878309071,0.3269090667913134,2.9364815228305474e-06,9.215632594816724e-07,0.0058020775854931,0.017748292032527,0.0770798529293396,0.3002965438584036,0.101325,0.101325
0.1,0.1,1.0,0.001,0.0,0.0,0,unit_total_var,0.0853846153846153,0.2321008512521075,0.9998,0.2321012091790976,0.2321008512521075,6.697329890670289e-06,9.41095002815473e-07,0.0041644199142323,0.0179422862594715,0.0779223591521703,0.3002965438584036,0.101325,0.101325
0.1,0.1,1.0,0.001,0.0,0.0,0,unit_total_var,0.0979487179487179,0.1551160897976637,0.999825,0.1551166425912847,0.1551160897976637,1.5477104390981822e-05,9.918208117021263e-07,0.0027928199361974,0.0180047082146055,0.0781934542588132,0.3002965438584036,0.101325,0.101325
0.1,0.1,1.0,0.001,0.0,0.0,0,unit_total_var,0.1105128205128205,0.0964641506439617,0.999825,0.0964649579197591,0.0964641506439617,3.634448184719474e-05,9.781081806714551e-07,0.0017322105142868,0.0179570389903727,0.0779864294484043,0.3002965438584036,0.101325,0.101325
0.1,0.1,1.0,0.001,0.0,0.0,0,unit_total_var,0.123076923076923,0.0551972309533837,0.999825,0.055198381318247,0.0551972309533837,9.05103204864588e-05,9.624399970320496e-07,0.0009838057535508,0.0178234620932662,0.0774063123551731,0.3002965438584036,0.101325,0.101325
0.1,0.1,1.0,0.001,0.0,0.0,0,unit_total_var,0.1356410256410256,0.0290054751456165,0.999825,0.0290070622400616,0.0290054751456165,0.0002376266893318,9.96980257572666e-07,0.0005109758630608,0.017616531378839,0.076507623681053,0.3002965438584036,0.101325,0.101325
0.1,0.1,1.0,0.001,0.0,0.0,0,unit_total_var,0.1482051282051282,0.014284941303587,0.9998,0.0142865344281925,0.014284941303587,0.0004843188586924,9.783726462320177e-07,0.0002477490066101,0.0173433688907044,0.0753212940684548,0.3002965438584036,0.101325,0.101325
0.1,0.1,1.0,0.001,0.0,0.0,0,unit_total_var,0.1607692307692307,0.0068929784994127,0.9997625,0.0068941864099898,0.0068929784994127,0.0007609815405515,9.966064936361985e-07,0.0001173413401896,0.0170233144060501,0.073931315102517,0.3002965438584036,0.101325,0.101325
0.1,0.1,1.0,0.001,0.0,0.0,0,unit_total_var,0.1733333333333333,0.003423591396065,0.99975,0.0034244273004362,0.003423591396065,0.0010602443530061,9.74854209051523e-07,5.710459895608277e-05,0.0166797355028161,0.0724391708847882,0.3002965438584036,0.101325,0.101325
0.1,0.1,1.0,0.001,0.0,0.0,0,unit_total_var,0.1858974358974359,0.0018065519113858,0.9997,0.0018071306270129,0.0018065519113858,0.0013910076655747,9.814419125869778e-07,2.9500711785520263e-05,0.0163298444952463,0.0709196135462368,0.3002965438584036,0.101325,0.101325
0.1,0.1,1.0,0.001,0.0,0.0,0,unit_total_var,0.1984615384615384,0.001022845606661,0.9997,0.0010232471957039,0.001022845606661,0.0017047898059026,9.793115798850671e-07,1.6348552949111032e-05,0.0159834024242221,0.0694150347487873,0.3002965438584036,0.101325,0.101325
0.1,0.1,1.0,0.001,0.0,0.0,0,unit_total_var,0.211025641025641,0.0006193016204673,0.9996875,0.0006195879354626,0.0006193016204673,0.0020073625474736,9.669382973198637e-07,9.689021169116315e-06,0.0156450764036495,0.0679457035105976,0.3002965438584036,0.101325,0.101325
0.1,0.1,1.0,0.001,0.0,0.0,0,unit_total_var,0.2235897435897436,0.0003976340482474,0.999675,0.0003978482069078,0.0003976340482474,0.0023384035561804,9.71452045805954e-07,6.090459805125133e-06,0.0153167462192143,0.066519783637173,0.3002965438584036,0.101325,0.101325
0.1,0.1,1.0,0.001,0.0,0.0,0,unit_total_var,0.2361538461538461,0.0002682914553005,0.9996625,0.0002684552136813,0.0002682914553005,0.0026500160119056,9.87612861290399e-07,4.024078414079586e-06,0.014998906355673,0.0651394226485243,0.3002965438584036,0.101325,0.101325
0.1,0.1,1.0,0.001,0.0,0.0,0,unit_total_var,0.2487179487179487,0.000188681559136,0.99965,0.0001888122521471,0.000188681559136,0.0030071621912028,9.947650357680635e-07,2.7719946766238597e-06,0.0146913916193879,0.0638039031177986,0.3002965438584036,0.101325,0.101325
0.1,0.1,1.0,0.001,0.0,0.0,0,unit_total_var,0.2612820512820513,0.0001373678796014,0.9996375,0.0001374713452458,0.0001373678796014,0.0032698797323647,9.660236961889224e-07,1.9772374513590936e-06,0.0143937393304475,0.0625112156516716,0.3002965438584036,0.101325,0.101325
0.1,0.1,1.0,0.001,0.0,0.0,0,unit_total_var,0.2738461538461538,0.0001029525542315,0.999625,0.0001030377472766,0.0001029525542315,0.0035922925711489,9.7686076291556e-07,1.4521801288386456e-06,0.0141053336624597,0.0612586857501046,0.3002965438584036,0.101325,0.101325
0.1,0.1,1.0,0.001,0.0,0.0,0,unit_total_var,0.2864102564102564,7.907397430282824e-05,0.9996125,7.914552419545536e-05,7.907397430282824e-05,0.003927926198969,9.606159283616356e-07,1.093242751372966e-06,0.0138255698036144,0.0600436867487797,0.3002965438584036,0.101325,0.101325
0.1,0.1,1.0,0.001,0.0,0.0,0,unit_total_var,0.298974358974359,6.20122227183875e-05,0.9996125,6.207236991976536e-05,6.20122227183875e-05,0.0042102889892774,9.540933693652498e-07,8.405026867571401e-07,0.0135538229386497,0.0588635051094931,0.3002965438584036,0.101325,0.101325
0.1,0.1,1.0,0.001,0.0,0.0,0,unit_total_var,0.3115384615384615,4.950799067915486e-05,0.9996,4.956082005127385e-05,4.950799067915486e-05,0.0046318325211203,9.460949744952152e-07,6.579374103774604e-07,0.0132895195573849,0.0577156501091762,0.3002965438584036,0.101325,0.101325
0.1,0.1,1.0,0.001,0.0,0.0,0,unit_total_var,0.3241025641025641,4.013774363869182e-05,0.9996,4.018427782383941e-05,4.013774363869182e-05,0.0050321298499511,9.852753027304872e-07,5.230791859020926e-07,0.0130321024173829,0.0565977016746744,0.3002965438584036,0.101325,0.101325
0.1,0.1,1.0,0.001,0.0,0.0,0,unit_total_var,0.3366666666666666,3.298107578436093e-05,0.999575,3.302173350408416e-05,3.298107578436093e-05,0.0053505072727375,9.456560053980324e-07,4.2153597200044443e-07,0.0127811468236075,0.0555078153788803,0.3002965438584036,0.101325,0.101325
0.1,0.1,1.0,0.001,0.0,0.0,0,unit_total_var,0.3492307692307692,2.7418931360778208e-05,0.999575,2.7454975227920603e-05,2.7418931360778208e-05,0.0057053181851927,9.394081784130924e-07,3.437280517503217e-07,0.0125361578548612,0.0544438418063435,0.3002965438584036,0.101325,0.101325
0.1,0.1,1.0,0.001,0.0,0.0,0,unit_total_var,0.3617948717948718,2.303003469854365e-05,0.999575,2.306332220346878e-05,2.303003469854365e-05,0.0062727400172946,9.62706868510091e-07,2.831943244519037e-07,0.0122967389393387,0.0534040586675965,0.3002965438584036,0.101325,0.101325
0.1,0.1,1.0,0.001,0.0,0.0,0,unit_total_var,0.3743589743589743,1.952081945166905e-05,0.999575,1.955167645335719e-05,1.952081945166905e-05,0.0068595711826588,9.488314360924648e-07,2.354713288891219e-07,0.0120625739852836,0.052387093193584,0.3002965438584036,0.101325,0.101325
0.1,0.1,1.0,0.001,0.0,0.0,0,unit_total_var,0.3869230769230769,1.6680047346026184e-05,0.9995625,1.6708591569266402e-05,1.6680047346026184e-05,0.0074256406168515,9.57345885243405e-07,1.973801947497271e-07,0.011833311420231,0.0513914185244909,0.3002965438584036,0.101325,0.101325
0.1,0.1,1.0,0.001,0.0,0.0,0,unit_total_var,0.3994871794871795,1.435521546351619e-05,0.9995375,1.438145118996603e-05,1.435521546351619e-05,0.0079299624615387,9.86388943581898e-07,1.666449480716401e-07,0.0116086692321106,0.0504158098974573,0.3002965438584036,0.101325,0.101325
0.1,0.1,1.0,0.001,0.0,0.0,0,unit_total_var,0.412051282051282,1.243466877072654e-05,0.9995125,1.2459386917770329e-05,1.243466877072654e-05,0.008624515447579,9.657869319799894e-07,1.4161151489158018e-07,0.0113884428690983,0.0494593789551983,0.3002965438584036,0.101325,0.101325
0.1,0.1,1.0,0.001,0.0,0.0,0,unit_total_var,0.4246153846153846,1.0833206851823123e-05,0.9995,1.0856206912739855e-05,1.0833206851823123e-05,0.0092107637321845,9.60807106714298e-07,1.2103258258802704e-07,0.0111723688325639,0.048520981337704,0.3002965438584036,0.101325,0.101325
0.1,0.1,1.0,0.001,0.0,0.0,0,unit_total_var,0.4371794871794872,9.486920034704802e-06,0.999475,9.50875227403219e-06,9.486920034704802e-06,0.0099829319945072,9.698363177754188e-07,1.0397903934971909e-07,0.0109602525339462,0.04759977195759,0.3002965438584036,0.101325,0.101325
0.1,0.1,1.0,0.001,0.0,0.0,0,unit_total_var,0.4497435897435897,8.346712338193312e-06,0.999475,8.367814142594517e-06,8.346712338193312e-06,0.0109657932447149,9.914829159091837e-07,8.974321355721069e-08,0.0107519236222577,0.0466950109899175,0.3002965438584036,0.101325,0.101325
0.1,0.1,1.0,0.001,0.0,0.0,0,unit_total_var,0.4623076923076923,7.375141611268188e-06,0.99945,7.3944472979956515e-06,7.375141611268188e-06,0.0113535427989219,9.550537430512082e-07,7.7787685707161e-08,0.0105472802838541,0.045806256263648,0.3002965438584036,0.101325,0.101325
0.1,0.1,1.0,0.001,0.0,0.0,0,unit_total_var,0.4748717948717949,6.540830420011226e-06,0.9994375,6.56008467532993e-06,6.540830420011226e-06,0.0127655553796515,9.986581097423677e-07,6.767209223178232e-08,0.010346101012609,0.0449325457898976,0.3002965438584036,0.101325,0.101325
0.1,0.1,1.0,0.001,0.0,0.0,0,unit_total_var,0.4874358974358974,5.821437436364596e-06,0.9994375,5.839559278327961e-06,5.821437436364596e-06,0.0134983698133837,9.811221782672283e-07,5.9078093292470664e-08,0.0101483686698115,0.04407380513619,0.3002965438584036,0.101325,0.101325
0.1,0.1,1.0,0.001,0.0,0.0,0,unit_total_var,0.5,5.19732186193353e-06,0.9994125,5.214548052884075e-06,5.19732186193353e-06,0.0143706107766661,9.644795727617103e-07,5.173389287769949e-08,0.0099539521030266,0.0432294647147373,0.3002965438584036,0.101325,0.101325
0.1,0.1,1.0,0.001,0.0,1.0,0,unit_total_var,0.01,0.978350862994544,0.9999875,0.978350862994544,0.9783508630139116,8.597325629189355e-11,9.262631834872082e-07,0.0168562355697694,0.0172292336086623,0.0748256108366412,0.2977874285182331,0.101325,0.101325
0.1,0.1,1.0,0.001,0.0,1.0,0,unit_total_var,0.0225641025641025,0.9335399903231616,0.9999875,0.933539992401964,0.9335399903231616,9.67084806680063e-09,9.492689301282552e-07,0.0158041246579416,0.0169292422625309,0.0735227649742051,0.2977874285182331,0.101325,0.101325
0.1,0.1,1.0,0.001,0.0,1.0,0,unit_total_var,0.0351282051282051,0.8902368283590518,0.9999875,0.8902368334423246,0.8902368283590518,2.4798314957052984e-08,9.619359317980525e-07,0.0148345271528035,0.0166635738718512,0.0723689818133218,0.2977874285182331,0.101325,0.101325
0.1,0.1,1.0,0.001,0.0,1.0,0,unit_total_var,0.0476923076923076,0.8483224504061864,0.9999875,0.8483224592868622,0.8483224504061864,4.546418064244052e-08,8.866785563554913e-07,0.0139213866797724,0.0164104895174077,0.0712698504274136,0.2977874285182331,0.101325,0.101325
0.1,0.1,1.0,0.001,0.0,1.0,0,unit_total_var,0.0602564102564102,0.8077158148649095,0.9999875,0.8077158304432978,0.8077158148649095,8.376223237238635e-08,8.992542692709549e-07,0.0130563502066725,0.0161645345632563,0.0702016816335661,0.2977874285182331,0.101325,0.101325
0.1,0.1,1.0,0.001,0.0,1.0,0,unit_total_var,0.0728205128205128,0.7683732197909862,0.9999875,0.7683732410476486,0.7683732197909862,1.20145403847971e-07,9.665263966951445e-07,0.0122362400739679,0.0159248653633405,0.0691608115235102,0.2977874285182331,0.101325,0.101325
0.1,0.1,1.0,0.001,0.0,1.0,0,unit_total_var,0.0853846153846153,0.7302773456597805,0.9999875,0.7302773743308777,0.7302773456597805,1.705064400780998e-07,8.528868438162363e-07,0.011459583582869,0.015692097873467,0.0681499151593249,0.2977874285182331,0.101325,0.101325
0.1,0.1,1.0,0.001,0.0,1.0,0,unit_total_var,0.0979487179487179,0.6934270954396718,0.9999875,0.6934271387631631,0.6934270954396718,2.7133569902026977e-07,9.805431986364963e-07,0.010725245972523,0.0154670131049936,0.0671723844302402,0.2977874285182331,0.101325,0.101325
0.1,0.1,1.0,0.001,0.0,1.0,0,unit_total_var,0.1105128205128205,0.6578297775488235,0.9999875,0.657829829322999,0.6578297775488235,3.418093650342513e-07,9.171991912637624e-07,0.0100319152841003,0.0152500169899283,0.0662299822765673,0.2977874285182331,0.101325,0.101325
0.1,0.1,1.0,0.001,0.0,1.0,0,unit_total_var,0.123076923076923,0.6234955197213857,0.9999875,0.6234955814664277,0.6234955197213857,4.3008375882891414e-07,8.760290217679767e-07,0.0093779955671711,0.0150409991259628,0.0653222292271731,0.2977874285182331,0.101325,0.101325
0.1,0.1,1.0,0.001,0.0,1.0,0,unit_total_var,0.1356410256410256,0.5904336046344217,0.9999875,0.5904336861280459,0.5904336046344217,5.99427752323578e-07,8.498441328441686e-07,0.0087616780565592,0.0148393959757494,0.0644466778704532,0.2977874285182331,0.101325,0.101325
0.1,0.1,1.0,0.001,0.0,1.0,0,unit_total_var,0.1482051282051282,0.5586501883411539,0.9999875,0.5586502844005277,0.5586501883411539,7.467652078929632e-07,8.340000232642808e-07,0.0081810589083536,0.0146443321403798,0.0635995263972542,0.2977874285182331,0.101325,0.101325
0.1,0.1,1.0,0.001,0.0,1.0,0,unit_total_var,0.1607692307692307,0.5281470110988329,0.9999875,0.5281471237460781,0.5281470110988329,9.262964804079844e-07,8.253367012045487e-07,0.0076342412703468,0.0144547656427392,0.0627762495584638,0.2977874285182331,0.101325,0.101325
0.1,0.1,1.0,0.001,0.0,1.0,0,unit_total_var,0.1733333333333333,0.4989207744552381,0.9999875,0.4989209189840026,0.4989207744552381,1.2580762129843492e-06,9.939760623467464e-07,0.0071194023436479,0.0142696049316075,0.0619721068073657,0.2977874285182331,0.101325,0.101325
0.1,0.1,1.0,0.001,0.0,1.0,0,unit_total_var,0.1858974358974359,0.4709630410652012,0.9999875,0.4709632081074863,0.4709630410652012,1.5403656647983157e-06,9.88132636159378e-07,0.0066348289867936,0.0140877912028665,0.0611824998161011,0.2977874285182331,0.101325,0.101325
0.1,0.1,1.0,0.001,0.0,1.0,0,unit_total_var,0.1984615384615384,0.4442603069666063,0.9999875,0.4442604987666764,0.4442603069666063,1.8749749362001469e-06,9.849647595316924e-07,0.0061789285816907,0.0139083516685977,0.0604032038204188,0.2977874285182331,0.101325,0.101325
0.1,0.1,1.0,0.001,0.0,1.0,0,unit_total_var,0.211025641025641,0.4187943763633732,0.9999875,0.4187945951132318,0.4187943763633732,2.268460062460065e-06,9.832775795803883e-07,0.0057502272007562,0.013730430792048,0.0596305032714098,0.2977874285182331,0.101325,0.101325
0.1,0.1,1.0,0.001,0.0,1.0,0,unit_total_var,0.2235897435897436,0.3945427747264999,0.9999875,0.3945430225243194,0.3945427747264999,2.727643204636365e-06,9.82159338747124e-07,0.0053473590127229,0.0135533061438769,0.0588612606983119,0.2977874285182331,0.101325,0.101325
0.1,0.1,1.0,0.001,0.0,1.0,0,unit_total_var,0.2361538461538461,0.3714792173673322,0.9999875,0.3714794961803233,0.3714792173673322,3.2595874115415317e-06,9.809214707168223e-07,0.0049690520653821,0.0133763931683655,0.058092937407895,0.2977874285182331,0.101325,0.101325
0.1,0.1,1.0,0.001,0.0,1.0,0,unit_total_var,0.2487179487179487,0.3495740892718821,0.9999875,0.3495744009064496,0.3495740892718821,3.871600237737027e-06,9.790589996505616e-07,0.0046141130127089,0.0131992420328393,0.0573235798016758,0.2977874285182331,0.101325,0.101325
0.1,0.1,1.0,0.001,0.0,1.0,0,unit_total_var,0.2612820512820513,0.3287949182054231,0.9999875,0.3287952642871298,0.3287949182054231,4.5712779623841016e-06,9.762226800269502e-07,0.0042814125440019,0.0130215289438476,0.056551781662565,0.2977874285182331,0.101325,0.101325
0.1,0.1,1.0,0.001,0.0,1.0,0,unit_total_var,0.2738461538461538,0.3091068321045223,0.9999875,0.3091072140697966,0.3091068321045223,5.36660116079446e-06,9.72197540471953e-07,0.0039698725950982,0.012843043837206,0.0557766306934015,0.2977874285182331,0.101325,0.101325
0.1,0.1,1.0,0.001,0.0,1.0,0,unit_total_var,0.2864102564102564,0.2904729967659105,0.9999875,0.2904734158666645,0.2904729967659105,6.2660906712253e-06,9.668846276955634e-07,0.0036784559128158,0.0126636759828669,0.0549976459996987,0.2977874285182331,0.101325,0.101325
0.1,0.1,1.0,0.001,0.0,1.0,0,unit_total_var,0.298974358974359,0.2728550321903724,0.9999875,0.2728555235016364,0.2728550321903724,7.820034581662583e-06,9.60284150308688e-07,0.0034061581595855,0.0124833987199805,0.0542147117948565,0.2977874285182331,0.101325,0.101325
0.1,0.1,1.0,0.001,0.0,1.0,0,unit_total_var,0.3115384615384615,0.2562134066801298,0.9999875,0.2562139391476166,0.2562134066801298,9.025579652544025e-06,9.524792066173404e-07,0.0031520024697274,0.0123022542441059,0.0534280113318608,0.2977874285182331,0.101325,0.101325
0.1,0.1,1.0,0.001,0.0,1.0,0,unit_total_var,0.3241025641025641,0.2405078076745413,0.9999875,0.2405083821102656,0.2405078076745413,1.0372801187763514e-05,9.43619929416606e-07,0.0029150361889284,0.0121203391154481,0.0526379639663526,0.2977874285182331,0.101325,0.101325
0.1,0.1,1.0,0.001,0.0,1.0,0,unit_total_var,0.3366666666666666,0.2256974878888733,0.9999875,0.2256981050609795,0.2256974878888733,1.187581112116476e-05,9.33908283151652e-07,0.0026943294278866,0.0119377909479138,0.0518451673479356,0.2977874285182331,0.101325,0.101325
0.1,0.1,1.0,0.001,0.0,1.0,0,unit_total_var,0.3492307692307692,0.2117415849637865,0.9999875,0.2117422456602781,0.2117415849637865,1.3551253661425733e-05,9.23583940881656e-07,0.0024889750218678,0.0117547765701931,0.051050346004405,0.2977874285182331,0.101325,0.101325
0.1,0.1,1.0,0.001,0.0,1.0,0,unit_total_var,0.3617948717948718,0.198599412746516,0.9999875,0.1986001178455279,0.198599412746516,1.5418981468506843e-05,9.12911672590333e-07,0.0022980894930965,0.011571481815154,0.0502543069976524,0.2977874285182331,0.101325,0.101325
0.1,0.1,1.0,0.001,0.0,1.0,0,unit_total_var,0.3743589743589743,0.1862307225667194,0.9999875,0.1862314731116888,0.1862307225667194,1.750285223156567e-05,9.247103585074968e-07,0.0021208146478374,0.0113881029864856,0.0494579028637664,0.2977874285182331,0.101325,0.101325
0.1,0.1,1.0,0.001,0.0,1.0,0,unit_total_var,0.3869230769230769,0.1745959333926237,0.9999875,0.1745967306714198,0.1745959333926237,1.983167559416188e-05,9.436210111068988e-07,0.0019563194926495,0.011204839967551,0.0486620016851644,0.2977874285182331,0.101325,0.101325
0.1,0.1,1.0,0.001,0.0,1.0,0,unit_total_var,0.3994871794871795,0.1636563304489147,0.9999875,0.1636571760766126,0.1636563304489147,2.2440347591690116e-05,9.632955475513685e-07,0.0018038022150805,0.0110218908742039,0.0478674638680657,0.2977874285182331,0.101325,0.101325
0.1,0.1,1.0,0.001,0.0,1.0,0,unit_total_var,0.412051282051282,0.1533742326285032,0.9999875,0.1533750780024066,0.1533742326285032,2.3937541742569124e-05,9.840792434268053e-07,0.0016624920358076,0.0108394481088257,0.0470751250053965,0.2977874285182331,0.101325,0.101325
0.1,0.1,1.0,0.001,0.0,1.0,0,unit_total_var,0.4246153846153846,0.1437131812610792,0.9999875,0.1437140261752168,0.1437131812610792,2.55328332290361e-05,8.959100976646539e-07,0.0015316513105709,0.0106576953980888,0.0462857830119567,0.2977874285182331,0.101325,0.101325
0.1,0.1,1.0,0.001,0.0,1.0,0,unit_total_var,0.4371794871794872,0.1346378446306123,0.9999875,0.1346387417378503,0.1346378446306123,2.893743777576674e-05,9.197780279635026e-07,0.0014105747242736,0.0104768070830582,0.0455001950413709,0.2977874285182331,0.101325,0.101325
0.1,0.1,1.0,0.001,0.0,1.0,0,unit_total_var,0.4497435897435897,0.1261144036325577,0.9999875,0.1261153565939855,0.1261144036325577,3.281657875398025e-05,9.458522156613468e-07,0.0012985931932308,0.010296945914397,0.0447190679107886,0.2977874285182331,0.101325,0.101325
0.1,0.1,1.0,0.001,0.0,1.0,0,unit_total_var,0.4623076923076923,0.1181104094777665,0.9999875,0.1181114227258851,0.1181104094777665,3.725718851654847e-05,9.74615357529629e-07,0.0011950722849029,0.010118263836245,0.0439430615052244,0.2977874285182331,0.101325,0.101325
0.1,0.1,1.0,0.001,0.0,1.0,0,unit_total_var,0.4748717948717949,0.1105949239575605,0.9999875,0.1105958941667233,0.1105949239575605,3.809891289563439e-05,9.04961241721125e-07,0.0010994132802453,0.0099409018145101,0.0431727880318377,0.2977874285182331,0.101325,0.101325
0.1,0.1,1.0,0.001,0.0,1.0,0,unit_total_var,0.4874358974358974,0.1035383234295531,0.9999875,0.1035393608796874,0.1035383234295531,4.35159268956653e-05,9.393848243721692e-07,0.0010110508966865,0.0097649919681622,0.0424088212760244,0.2977874285182331,0.101325,0.101325
0.1,0.1,1.0,0.001,0.0,1.0,0,unit_total_var,0.5,0.0969126419933759,0.9999875,0.0969137290854843,0.0969126419933759,4.871556965113655e-05,9.290657254634738e-07,0.0009294558602045,0.0095906565034937,0.0416516919729686,0.2977874285182331,0.101325,0.101325
