[SLURM] Job 20446008 task 26 starting on cpu-q-33
[SLURM] Step 1 Mixture Sweep
[SLURM] Using Python: /home/na658/.conda/envs/mtl_ft/bin/python
Starting diagonal network pretrain BG script...

================================================================================
SCRIPT STARTED - Running diagonal network BG experiment...
================================================================================

================================================================================
EXPERIMENT SETTINGS
================================================================================
Seed: 2
Input dimension: 1000
Sparsity (rho): 0.04
Training samples: 700
Test samples: 10000
Learning rate: 0.5
Max epochs: 5000000
Test every N epochs: 200
Convergence threshold: 1e-12
Stop pred MSE: 1e-10
Stop beta rate: disabled
Stop grad norm: disabled
LR decay: disabled
LR decay interval: 2000
Scaling: 1.0
Lambda (λ): 0.0
C parameter: 0.001
Initialization method: complex
Learning rate tuning: False
Save folder: results/diagonal/step1_mixture/pi_A=0.10--alpha=0.700000--seed=2/
C mode: mixture
  c_A=0.001, c_B=0.5, pi_A=0.1
================================================================================
Starting training...
================================================================================
[c_mode=mixture] pi_A=0.1, empirical frac_A=0.0980
[c_mode=mixture] c_A=0.001, c_B=0.5
Per-coordinate c init: c_vec range [0.001000, 0.500000]

Starting training loop (max 5000000 epochs, threshold=1.00e-12)...
Epoch      0 (0.0%): Train pred MSE = 1.075072e+00, Test pred MSE = 8.212141e-02, Param MSE = 8.325127e-01, Grad norm = 1.187120e-01, Beta update rate = nan
Epoch    200 (0.0%): Train pred MSE = 1.343704e-01, Test pred MSE = 2.754908e-02, Param MSE = 2.825060e-01, Grad norm = 5.014361e-02, Beta update rate = 8.225139e-02
Epoch    400 (0.0%): Train pred MSE = 3.795164e-02, Test pred MSE = 1.402072e-02, Param MSE = 1.442178e-01, Grad norm = 1.871774e-02, Beta update rate = 3.057169e-02
Epoch    600 (0.0%): Train pred MSE = 1.764522e-02, Test pred MSE = 1.007448e-02, Param MSE = 1.041540e-01, Grad norm = 1.064737e-02, Beta update rate = 1.196829e-02
Epoch    800 (0.0%): Train pred MSE = 1.018638e-02, Test pred MSE = 8.168125e-03, Param MSE = 8.468443e-02, Grad norm = 6.947139e-03, Beta update rate = 6.851564e-03
Epoch   1000 (0.0%): Train pred MSE = 6.715891e-03, Test pred MSE = 7.070807e-03, Param MSE = 7.339311e-02, Grad norm = 4.979308e-03, Beta update rate = 4.479662e-03
Epoch   1200 (0.0%): Train pred MSE = 4.820479e-03, Test pred MSE = 6.363458e-03, Param MSE = 6.607315e-02, Grad norm = 3.800867e-03, Beta update rate = 3.194241e-03
Epoch   1400 (0.0%): Train pred MSE = 3.667457e-03, Test pred MSE = 5.868895e-03, Param MSE = 6.093404e-02, Grad norm = 3.031788e-03, Beta update rate = 2.421978e-03
Epoch   1600 (0.0%): Train pred MSE = 2.909929e-03, Test pred MSE = 5.502284e-03, Param MSE = 5.711262e-02, Grad norm = 2.498518e-03, Beta update rate = 1.919220e-03
Epoch   1800 (0.0%): Train pred MSE = 2.382455e-03, Test pred MSE = 5.218542e-03, Param MSE = 5.414775e-02, Grad norm = 2.111744e-03, Beta update rate = 1.571661e-03
Epoch   2000 (0.0%): Train pred MSE = 1.998065e-03, Test pred MSE = 4.991623e-03, Param MSE = 5.177193e-02, Grad norm = 1.821080e-03, Beta update rate = 1.320165e-03
Epoch   2200 (0.0%): Train pred MSE = 1.707550e-03, Test pred MSE = 4.805454e-03, Param MSE = 4.981949e-02, Grad norm = 1.596134e-03, Beta update rate = 1.131514e-03
Epoch   2400 (0.0%): Train pred MSE = 1.481397e-03, Test pred MSE = 4.649579e-03, Param MSE = 4.818234e-02, Grad norm = 1.417664e-03, Beta update rate = 9.857972e-04
Epoch   2600 (0.1%): Train pred MSE = 1.301022e-03, Test pred MSE = 4.516893e-03, Param MSE = 4.678684e-02, Grad norm = 1.273022e-03, Beta update rate = 8.704642e-04
Epoch   2800 (0.1%): Train pred MSE = 1.154238e-03, Test pred MSE = 4.402395e-03, Param MSE = 4.558104e-02, Grad norm = 1.153640e-03, Beta update rate = 7.772747e-04
Epoch   3000 (0.1%): Train pred MSE = 1.032756e-03, Test pred MSE = 4.302455e-03, Param MSE = 4.452718e-02, Grad norm = 1.053553e-03, Beta update rate = 7.006359e-04
Epoch   3200 (0.1%): Train pred MSE = 9.307659e-04, Test pred MSE = 4.214369e-03, Param MSE = 4.359714e-02, Grad norm = 9.685070e-04, Beta update rate = 6.366418e-04
Epoch   3400 (0.1%): Train pred MSE = 8.440843e-04, Test pred MSE = 4.136082e-03, Param MSE = 4.276949e-02, Grad norm = 8.953995e-04, Beta update rate = 5.824961e-04
Epoch   3600 (0.1%): Train pred MSE = 7.696259e-04, Test pred MSE = 4.065997e-03, Param MSE = 4.202760e-02, Grad norm = 8.319174e-04, Beta update rate = 5.361519e-04
Epoch   3800 (0.1%): Train pred MSE = 7.050697e-04, Test pred MSE = 4.002856e-03, Param MSE = 4.135839e-02, Grad norm = 7.763042e-04, Beta update rate = 4.960807e-04
Epoch   4000 (0.1%): Train pred MSE = 6.486384e-04, Test pred MSE = 3.945653e-03, Param MSE = 4.075135e-02, Grad norm = 7.272020e-04, Beta update rate = 4.611208e-04
Epoch   4200 (0.1%): Train pred MSE = 5.989490e-04, Test pred MSE = 3.893571e-03, Param MSE = 4.019799e-02, Grad norm = 6.835446e-04, Beta update rate = 4.303751e-04
Epoch   4400 (0.1%): Train pred MSE = 5.549111e-04, Test pred MSE = 3.845942e-03, Param MSE = 3.969135e-02, Grad norm = 6.444837e-04, Beta update rate = 4.031406e-04
Epoch   4600 (0.1%): Train pred MSE = 5.156535e-04, Test pred MSE = 3.802212e-03, Param MSE = 3.922565e-02, Grad norm = 6.093356e-04, Beta update rate = 3.788592e-04
Epoch   4800 (0.1%): Train pred MSE = 4.804729e-04, Test pred MSE = 3.761916e-03, Param MSE = 3.879605e-02, Grad norm = 5.775437e-04, Beta update rate = 3.570831e-04
Epoch   5000 (0.1%): Train pred MSE = 4.487956e-04, Test pred MSE = 3.724665e-03, Param MSE = 3.839849e-02, Grad norm = 5.486507e-04, Beta update rate = 3.374489e-04
Epoch   5200 (0.1%): Train pred MSE = 4.201492e-04, Test pred MSE = 3.690126e-03, Param MSE = 3.802951e-02, Grad norm = 5.222772e-04, Beta update rate = 3.196589e-04
Epoch   5400 (0.1%): Train pred MSE = 3.941415e-04, Test pred MSE = 3.658014e-03, Param MSE = 3.768613e-02, Grad norm = 4.981067e-04, Beta update rate = 3.034675e-04
Epoch   5600 (0.1%): Train pred MSE = 3.704444e-04, Test pred MSE = 3.628086e-03, Param MSE = 3.736579e-02, Grad norm = 4.758727e-04, Beta update rate = 2.886699e-04
Epoch   5800 (0.1%): Train pred MSE = 3.487811e-04, Test pred MSE = 3.600127e-03, Param MSE = 3.706629e-02, Grad norm = 4.553499e-04, Beta update rate = 2.750947e-04
Epoch   6000 (0.1%): Train pred MSE = 3.289171e-04, Test pred MSE = 3.573955e-03, Param MSE = 3.678568e-02, Grad norm = 4.363464e-04, Beta update rate = 2.625971e-04
Epoch   6200 (0.1%): Train pred MSE = 3.106517e-04, Test pred MSE = 3.549406e-03, Param MSE = 3.652227e-02, Grad norm = 4.186978e-04, Beta update rate = 2.510541e-04
Epoch   6400 (0.1%): Train pred MSE = 2.938130e-04, Test pred MSE = 3.526338e-03, Param MSE = 3.627457e-02, Grad norm = 4.022629e-04, Beta update rate = 2.403608e-04
Epoch   6600 (0.1%): Train pred MSE = 2.782522e-04, Test pred MSE = 3.504625e-03, Param MSE = 3.604124e-02, Grad norm = 3.869193e-04, Beta update rate = 2.304269e-04
Epoch   6800 (0.1%): Train pred MSE = 2.638402e-04, Test pred MSE = 3.484154e-03, Param MSE = 3.582111e-02, Grad norm = 3.725609e-04, Beta update rate = 2.211746e-04
Epoch   7000 (0.1%): Train pred MSE = 2.504646e-04, Test pred MSE = 3.464827e-03, Param MSE = 3.561315e-02, Grad norm = 3.590949e-04, Beta update rate = 2.125363e-04
Epoch   7200 (0.1%): Train pred MSE = 2.380267e-04, Test pred MSE = 3.446553e-03, Param MSE = 3.541639e-02, Grad norm = 3.464400e-04, Beta update rate = 2.044533e-04
Epoch   7400 (0.1%): Train pred MSE = 2.264397e-04, Test pred MSE = 3.429253e-03, Param MSE = 3.523001e-02, Grad norm = 3.345248e-04, Beta update rate = 1.968740e-04
Epoch   7600 (0.2%): Train pred MSE = 2.156271e-04, Test pred MSE = 3.412855e-03, Param MSE = 3.505325e-02, Grad norm = 3.232859e-04, Beta update rate = 1.897531e-04
Epoch   7800 (0.2%): Train pred MSE = 2.055209e-04, Test pred MSE = 3.397293e-03, Param MSE = 3.488540e-02, Grad norm = 3.126674e-04, Beta update rate = 1.830508e-04
Epoch   8000 (0.2%): Train pred MSE = 1.960608e-04, Test pred MSE = 3.382509e-03, Param MSE = 3.472586e-02, Grad norm = 3.026194e-04, Beta update rate = 1.767315e-04
Epoch   8200 (0.2%): Train pred MSE = 1.871927e-04, Test pred MSE = 3.368449e-03, Param MSE = 3.457406e-02, Grad norm = 2.930972e-04, Beta update rate = 1.707638e-04
Epoch   8400 (0.2%): Train pred MSE = 1.788684e-04, Test pred MSE = 3.355064e-03, Param MSE = 3.442947e-02, Grad norm = 2.840610e-04, Beta update rate = 1.651197e-04
Epoch   8600 (0.2%): Train pred MSE = 1.710446e-04, Test pred MSE = 3.342310e-03, Param MSE = 3.429163e-02, Grad norm = 2.754748e-04, Beta update rate = 1.597742e-04
Epoch   8800 (0.2%): Train pred MSE = 1.636822e-04, Test pred MSE = 3.330146e-03, Param MSE = 3.416011e-02, Grad norm = 2.673063e-04, Beta update rate = 1.547045e-04
Epoch   9000 (0.2%): Train pred MSE = 1.567461e-04, Test pred MSE = 3.318535e-03, Param MSE = 3.403452e-02, Grad norm = 2.595261e-04, Beta update rate = 1.498904e-04
Epoch   9200 (0.2%): Train pred MSE = 1.502043e-04, Test pred MSE = 3.307442e-03, Param MSE = 3.391448e-02, Grad norm = 2.521077e-04, Beta update rate = 1.453137e-04
Epoch   9400 (0.2%): Train pred MSE = 1.440280e-04, Test pred MSE = 3.296837e-03, Param MSE = 3.379967e-02, Grad norm = 2.450271e-04, Beta update rate = 1.409577e-04
Epoch   9600 (0.2%): Train pred MSE = 1.381909e-04, Test pred MSE = 3.286690e-03, Param MSE = 3.368977e-02, Grad norm = 2.382621e-04, Beta update rate = 1.368073e-04
Epoch   9800 (0.2%): Train pred MSE = 1.326690e-04, Test pred MSE = 3.276974e-03, Param MSE = 3.358450e-02, Grad norm = 2.317928e-04, Beta update rate = 1.328488e-04
Epoch  10000 (0.2%): Train pred MSE = 1.274406e-04, Test pred MSE = 3.267665e-03, Param MSE = 3.348361e-02, Grad norm = 2.256007e-04, Beta update rate = 1.290697e-04
Epoch  10200 (0.2%): Train pred MSE = 1.224856e-04, Test pred MSE = 3.258739e-03, Param MSE = 3.338683e-02, Grad norm = 2.196689e-04, Beta update rate = 1.254587e-04
Epoch  10400 (0.2%): Train pred MSE = 1.177857e-04, Test pred MSE = 3.250176e-03, Param MSE = 3.329395e-02, Grad norm = 2.139819e-04, Beta update rate = 1.220051e-04
Epoch  10600 (0.2%): Train pred MSE = 1.133243e-04, Test pred MSE = 3.241956e-03, Param MSE = 3.320476e-02, Grad norm = 2.085255e-04, Beta update rate = 1.186994e-04
Epoch  10800 (0.2%): Train pred MSE = 1.090859e-04, Test pred MSE = 3.234059e-03, Param MSE = 3.311905e-02, Grad norm = 2.032864e-04, Beta update rate = 1.155328e-04
Epoch  11000 (0.2%): Train pred MSE = 1.050563e-04, Test pred MSE = 3.226470e-03, Param MSE = 3.303665e-02, Grad norm = 1.982525e-04, Beta update rate = 1.124970e-04
Epoch  11200 (0.2%): Train pred MSE = 1.012224e-04, Test pred MSE = 3.219172e-03, Param MSE = 3.295739e-02, Grad norm = 1.934124e-04, Beta update rate = 1.095845e-04
Epoch  11400 (0.2%): Train pred MSE = 9.757213e-05, Test pred MSE = 3.212150e-03, Param MSE = 3.288110e-02, Grad norm = 1.887557e-04, Beta update rate = 1.067885e-04
Epoch  11600 (0.2%): Train pred MSE = 9.409436e-05, Test pred MSE = 3.205390e-03, Param MSE = 3.280764e-02, Grad norm = 1.842727e-04, Beta update rate = 1.041024e-04
Epoch  11800 (0.2%): Train pred MSE = 9.077875e-05, Test pred MSE = 3.198879e-03, Param MSE = 3.273686e-02, Grad norm = 1.799542e-04, Beta update rate = 1.015202e-04
Epoch  12000 (0.2%): Train pred MSE = 8.761573e-05, Test pred MSE = 3.192605e-03, Param MSE = 3.266864e-02, Grad norm = 1.757919e-04, Beta update rate = 9.903646e-05
Epoch  12200 (0.2%): Train pred MSE = 8.459642e-05, Test pred MSE = 3.186556e-03, Param MSE = 3.260285e-02, Grad norm = 1.717779e-04, Beta update rate = 9.664590e-05
Epoch  12400 (0.2%): Train pred MSE = 8.171257e-05, Test pred MSE = 3.180722e-03, Param MSE = 3.253939e-02, Grad norm = 1.679048e-04, Beta update rate = 9.434373e-05
Epoch  12600 (0.3%): Train pred MSE = 7.895651e-05, Test pred MSE = 3.175093e-03, Param MSE = 3.247812e-02, Grad norm = 1.641657e-04, Beta update rate = 9.212545e-05
Epoch  12800 (0.3%): Train pred MSE = 7.632110e-05, Test pred MSE = 3.169659e-03, Param MSE = 3.241897e-02, Grad norm = 1.605543e-04, Beta update rate = 8.998686e-05
Epoch  13000 (0.3%): Train pred MSE = 7.379968e-05, Test pred MSE = 3.164410e-03, Param MSE = 3.236183e-02, Grad norm = 1.570645e-04, Beta update rate = 8.792403e-05
Epoch  13200 (0.3%): Train pred MSE = 7.138605e-05, Test pred MSE = 3.159340e-03, Param MSE = 3.230661e-02, Grad norm = 1.536906e-04, Beta update rate = 8.593327e-05
Epoch  13400 (0.3%): Train pred MSE = 6.907442e-05, Test pred MSE = 3.154439e-03, Param MSE = 3.225322e-02, Grad norm = 1.504273e-04, Beta update rate = 8.401114e-05
Epoch  13600 (0.3%): Train pred MSE = 6.685936e-05, Test pred MSE = 3.149700e-03, Param MSE = 3.220159e-02, Grad norm = 1.472695e-04, Beta update rate = 8.215440e-05
Epoch  13800 (0.3%): Train pred MSE = 6.473581e-05, Test pred MSE = 3.145116e-03, Param MSE = 3.215163e-02, Grad norm = 1.442127e-04, Beta update rate = 8.036001e-05
Epoch  14000 (0.3%): Train pred MSE = 6.269902e-05, Test pred MSE = 3.140680e-03, Param MSE = 3.210328e-02, Grad norm = 1.412522e-04, Beta update rate = 7.862511e-05
Epoch  14200 (0.3%): Train pred MSE = 6.074455e-05, Test pred MSE = 3.136386e-03, Param MSE = 3.205647e-02, Grad norm = 1.383841e-04, Beta update rate = 7.694700e-05
Epoch  14400 (0.3%): Train pred MSE = 5.886823e-05, Test pred MSE = 3.132228e-03, Param MSE = 3.201113e-02, Grad norm = 1.356042e-04, Beta update rate = 7.532316e-05
Epoch  14600 (0.3%): Train pred MSE = 5.706615e-05, Test pred MSE = 3.128201e-03, Param MSE = 3.196721e-02, Grad norm = 1.329089e-04, Beta update rate = 7.375118e-05
Epoch  14800 (0.3%): Train pred MSE = 5.533462e-05, Test pred MSE = 3.124298e-03, Param MSE = 3.192463e-02, Grad norm = 1.302946e-04, Beta update rate = 7.222881e-05
Epoch  15000 (0.3%): Train pred MSE = 5.367020e-05, Test pred MSE = 3.120516e-03, Param MSE = 3.188336e-02, Grad norm = 1.277580e-04, Beta update rate = 7.075393e-05
Epoch  15200 (0.3%): Train pred MSE = 5.206962e-05, Test pred MSE = 3.116848e-03, Param MSE = 3.184334e-02, Grad norm = 1.252960e-04, Beta update rate = 6.932452e-05
Epoch  15400 (0.3%): Train pred MSE = 5.052984e-05, Test pred MSE = 3.113290e-03, Param MSE = 3.180451e-02, Grad norm = 1.229055e-04, Beta update rate = 6.793866e-05
Epoch  15600 (0.3%): Train pred MSE = 4.904797e-05, Test pred MSE = 3.109839e-03, Param MSE = 3.176683e-02, Grad norm = 1.205836e-04, Beta update rate = 6.659456e-05
Epoch  15800 (0.3%): Train pred MSE = 4.762130e-05, Test pred MSE = 3.106489e-03, Param MSE = 3.173026e-02, Grad norm = 1.183278e-04, Beta update rate = 6.529051e-05
Epoch  16000 (0.3%): Train pred MSE = 4.624725e-05, Test pred MSE = 3.103237e-03, Param MSE = 3.169475e-02, Grad norm = 1.161354e-04, Beta update rate = 6.402489e-05
Epoch  16200 (0.3%): Train pred MSE = 4.492341e-05, Test pred MSE = 3.100079e-03, Param MSE = 3.166026e-02, Grad norm = 1.140039e-04, Beta update rate = 6.279616e-05
Epoch  16400 (0.3%): Train pred MSE = 4.364749e-05, Test pred MSE = 3.097012e-03, Param MSE = 3.162675e-02, Grad norm = 1.119312e-04, Beta update rate = 6.160286e-05
Epoch  16600 (0.3%): Train pred MSE = 4.241733e-05, Test pred MSE = 3.094031e-03, Param MSE = 3.159420e-02, Grad norm = 1.099149e-04, Beta update rate = 6.044361e-05
Epoch  16800 (0.3%): Train pred MSE = 4.123090e-05, Test pred MSE = 3.091135e-03, Param MSE = 3.156255e-02, Grad norm = 1.079529e-04, Beta update rate = 5.931708e-05
Epoch  17000 (0.3%): Train pred MSE = 4.008625e-05, Test pred MSE = 3.088319e-03, Param MSE = 3.153178e-02, Grad norm = 1.060434e-04, Beta update rate = 5.822203e-05
Epoch  17200 (0.3%): Train pred MSE = 3.898156e-05, Test pred MSE = 3.085581e-03, Param MSE = 3.150186e-02, Grad norm = 1.041843e-04, Beta update rate = 5.715726e-05
Epoch  17400 (0.3%): Train pred MSE = 3.791510e-05, Test pred MSE = 3.082918e-03, Param MSE = 3.147275e-02, Grad norm = 1.023739e-04, Beta update rate = 5.612164e-05
Epoch  17600 (0.4%): Train pred MSE = 3.688522e-05, Test pred MSE = 3.080327e-03, Param MSE = 3.144444e-02, Grad norm = 1.006104e-04, Beta update rate = 5.511408e-05
Epoch  17800 (0.4%): Train pred MSE = 3.589037e-05, Test pred MSE = 3.077806e-03, Param MSE = 3.141687e-02, Grad norm = 9.889209e-05, Beta update rate = 5.413355e-05
Epoch  18000 (0.4%): Train pred MSE = 3.492907e-05, Test pred MSE = 3.075352e-03, Param MSE = 3.139005e-02, Grad norm = 9.721751e-05, Beta update rate = 5.317908e-05
Epoch  18200 (0.4%): Train pred MSE = 3.399991e-05, Test pred MSE = 3.072963e-03, Param MSE = 3.136392e-02, Grad norm = 9.558510e-05, Beta update rate = 5.224971e-05
Epoch  18400 (0.4%): Train pred MSE = 3.310156e-05, Test pred MSE = 3.070637e-03, Param MSE = 3.133849e-02, Grad norm = 9.399340e-05, Beta update rate = 5.134456e-05
Epoch  18600 (0.4%): Train pred MSE = 3.223277e-05, Test pred MSE = 3.068371e-03, Param MSE = 3.131371e-02, Grad norm = 9.244104e-05, Beta update rate = 5.046278e-05
Epoch  18800 (0.4%): Train pred MSE = 3.139231e-05, Test pred MSE = 3.066164e-03, Param MSE = 3.128956e-02, Grad norm = 9.092670e-05, Beta update rate = 4.960353e-05
Epoch  19000 (0.4%): Train pred MSE = 3.057906e-05, Test pred MSE = 3.064013e-03, Param MSE = 3.126603e-02, Grad norm = 8.944910e-05, Beta update rate = 4.876604e-05
Epoch  19200 (0.4%): Train pred MSE = 2.979193e-05, Test pred MSE = 3.061916e-03, Param MSE = 3.124310e-02, Grad norm = 8.800704e-05, Beta update rate = 4.794957e-05
Epoch  19400 (0.4%): Train pred MSE = 2.902987e-05, Test pred MSE = 3.059872e-03, Param MSE = 3.122074e-02, Grad norm = 8.659935e-05, Beta update rate = 4.715339e-05
Epoch  19600 (0.4%): Train pred MSE = 2.829190e-05, Test pred MSE = 3.057879e-03, Param MSE = 3.119894e-02, Grad norm = 8.522491e-05, Beta update rate = 4.637682e-05
Epoch  19800 (0.4%): Train pred MSE = 2.757708e-05, Test pred MSE = 3.055936e-03, Param MSE = 3.117768e-02, Grad norm = 8.388265e-05, Beta update rate = 4.561920e-05
Epoch  20000 (0.4%): Train pred MSE = 2.688451e-05, Test pred MSE = 3.054040e-03, Param MSE = 3.115693e-02, Grad norm = 8.257155e-05, Beta update rate = 4.487992e-05
Epoch  20200 (0.4%): Train pred MSE = 2.621335e-05, Test pred MSE = 3.052190e-03, Param MSE = 3.113670e-02, Grad norm = 8.129063e-05, Beta update rate = 4.415835e-05
Epoch  20400 (0.4%): Train pred MSE = 2.556277e-05, Test pred MSE = 3.050386e-03, Param MSE = 3.111695e-02, Grad norm = 8.003893e-05, Beta update rate = 4.345393e-05
Epoch  20600 (0.4%): Train pred MSE = 2.493200e-05, Test pred MSE = 3.048624e-03, Param MSE = 3.109767e-02, Grad norm = 7.881555e-05, Beta update rate = 4.276611e-05
Epoch  20800 (0.4%): Train pred MSE = 2.432029e-05, Test pred MSE = 3.046904e-03, Param MSE = 3.107885e-02, Grad norm = 7.761961e-05, Beta update rate = 4.209434e-05
Epoch  21000 (0.4%): Train pred MSE = 2.372694e-05, Test pred MSE = 3.045225e-03, Param MSE = 3.106048e-02, Grad norm = 7.645027e-05, Beta update rate = 4.143812e-05
Epoch  21200 (0.4%): Train pred MSE = 2.315128e-05, Test pred MSE = 3.043586e-03, Param MSE = 3.104253e-02, Grad norm = 7.530673e-05, Beta update rate = 4.079696e-05
Epoch  21400 (0.4%): Train pred MSE = 2.259264e-05, Test pred MSE = 3.041984e-03, Param MSE = 3.102501e-02, Grad norm = 7.418821e-05, Beta update rate = 4.017039e-05
Epoch  21600 (0.4%): Train pred MSE = 2.205042e-05, Test pred MSE = 3.040420e-03, Param MSE = 3.100788e-02, Grad norm = 7.309397e-05, Beta update rate = 3.955795e-05
Epoch  21800 (0.4%): Train pred MSE = 2.152402e-05, Test pred MSE = 3.038892e-03, Param MSE = 3.099115e-02, Grad norm = 7.202327e-05, Beta update rate = 3.895921e-05
Epoch  22000 (0.4%): Train pred MSE = 2.101288e-05, Test pred MSE = 3.037398e-03, Param MSE = 3.097481e-02, Grad norm = 7.097543e-05, Beta update rate = 3.837375e-05
Epoch  22200 (0.4%): Train pred MSE = 2.051645e-05, Test pred MSE = 3.035938e-03, Param MSE = 3.095883e-02, Grad norm = 6.994979e-05, Beta update rate = 3.780117e-05
Epoch  22400 (0.4%): Train pred MSE = 2.003422e-05, Test pred MSE = 3.034511e-03, Param MSE = 3.094321e-02, Grad norm = 6.894569e-05, Beta update rate = 3.724109e-05
Epoch  22600 (0.5%): Train pred MSE = 1.956569e-05, Test pred MSE = 3.033116e-03, Param MSE = 3.092794e-02, Grad norm = 6.796253e-05, Beta update rate = 3.669312e-05
Epoch  22800 (0.5%): Train pred MSE = 1.911038e-05, Test pred MSE = 3.031751e-03, Param MSE = 3.091300e-02, Grad norm = 6.699969e-05, Beta update rate = 3.615691e-05
Epoch  23000 (0.5%): Train pred MSE = 1.866785e-05, Test pred MSE = 3.030417e-03, Param MSE = 3.089840e-02, Grad norm = 6.605661e-05, Beta update rate = 3.563212e-05
Epoch  23200 (0.5%): Train pred MSE = 1.823764e-05, Test pred MSE = 3.029112e-03, Param MSE = 3.088411e-02, Grad norm = 6.513273e-05, Beta update rate = 3.511840e-05
Epoch  23400 (0.5%): Train pred MSE = 1.781934e-05, Test pred MSE = 3.027835e-03, Param MSE = 3.087014e-02, Grad norm = 6.422752e-05, Beta update rate = 3.461545e-05
Epoch  23600 (0.5%): Train pred MSE = 1.741256e-05, Test pred MSE = 3.026586e-03, Param MSE = 3.085646e-02, Grad norm = 6.334045e-05, Beta update rate = 3.412296e-05
Epoch  23800 (0.5%): Train pred MSE = 1.701690e-05, Test pred MSE = 3.025363e-03, Param MSE = 3.084308e-02, Grad norm = 6.247103e-05, Beta update rate = 3.364061e-05
Epoch  24000 (0.5%): Train pred MSE = 1.663199e-05, Test pred MSE = 3.024167e-03, Param MSE = 3.082999e-02, Grad norm = 6.161878e-05, Beta update rate = 3.316813e-05
Epoch  24200 (0.5%): Train pred MSE = 1.625749e-05, Test pred MSE = 3.022996e-03, Param MSE = 3.081717e-02, Grad norm = 6.078322e-05, Beta update rate = 3.270524e-05
Epoch  24400 (0.5%): Train pred MSE = 1.589304e-05, Test pred MSE = 3.021849e-03, Param MSE = 3.080462e-02, Grad norm = 5.996391e-05, Beta update rate = 3.225167e-05
Epoch  24600 (0.5%): Train pred MSE = 1.553832e-05, Test pred MSE = 3.020726e-03, Param MSE = 3.079233e-02, Grad norm = 5.916042e-05, Beta update rate = 3.180717e-05
Epoch  24800 (0.5%): Train pred MSE = 1.519301e-05, Test pred MSE = 3.019627e-03, Param MSE = 3.078030e-02, Grad norm = 5.837233e-05, Beta update rate = 3.137148e-05
Epoch  25000 (0.5%): Train pred MSE = 1.485682e-05, Test pred MSE = 3.018550e-03, Param MSE = 3.076852e-02, Grad norm = 5.759922e-05, Beta update rate = 3.094436e-05
Epoch  25200 (0.5%): Train pred MSE = 1.452945e-05, Test pred MSE = 3.017495e-03, Param MSE = 3.075697e-02, Grad norm = 5.684071e-05, Beta update rate = 3.052559e-05
Epoch  25400 (0.5%): Train pred MSE = 1.421062e-05, Test pred MSE = 3.016462e-03, Param MSE = 3.074567e-02, Grad norm = 5.609641e-05, Beta update rate = 3.011493e-05
Epoch  25600 (0.5%): Train pred MSE = 1.390006e-05, Test pred MSE = 3.015450e-03, Param MSE = 3.073459e-02, Grad norm = 5.536596e-05, Beta update rate = 2.971217e-05
Epoch  25800 (0.5%): Train pred MSE = 1.359752e-05, Test pred MSE = 3.014458e-03, Param MSE = 3.072374e-02, Grad norm = 5.464901e-05, Beta update rate = 2.931710e-05
Epoch  26000 (0.5%): Train pred MSE = 1.330274e-05, Test pred MSE = 3.013486e-03, Param MSE = 3.071310e-02, Grad norm = 5.394520e-05, Beta update rate = 2.892951e-05
Epoch  26200 (0.5%): Train pred MSE = 1.301548e-05, Test pred MSE = 3.012533e-03, Param MSE = 3.070267e-02, Grad norm = 5.325422e-05, Beta update rate = 2.854922e-05
Epoch  26400 (0.5%): Train pred MSE = 1.273551e-05, Test pred MSE = 3.011599e-03, Param MSE = 3.069246e-02, Grad norm = 5.257572e-05, Beta update rate = 2.817603e-05
Epoch  26600 (0.5%): Train pred MSE = 1.246262e-05, Test pred MSE = 3.010684e-03, Param MSE = 3.068244e-02, Grad norm = 5.190941e-05, Beta update rate = 2.780976e-05
Epoch  26800 (0.5%): Train pred MSE = 1.219658e-05, Test pred MSE = 3.009786e-03, Param MSE = 3.067262e-02, Grad norm = 5.125498e-05, Beta update rate = 2.745023e-05
Epoch  27000 (0.5%): Train pred MSE = 1.193719e-05, Test pred MSE = 3.008905e-03, Param MSE = 3.066299e-02, Grad norm = 5.061213e-05, Beta update rate = 2.709726e-05
Epoch  27200 (0.5%): Train pred MSE = 1.168424e-05, Test pred MSE = 3.008042e-03, Param MSE = 3.065354e-02, Grad norm = 4.998059e-05, Beta update rate = 2.675071e-05
Epoch  27400 (0.5%): Train pred MSE = 1.143756e-05, Test pred MSE = 3.007195e-03, Param MSE = 3.064428e-02, Grad norm = 4.936008e-05, Beta update rate = 2.641039e-05
Epoch  27600 (0.6%): Train pred MSE = 1.119694e-05, Test pred MSE = 3.006365e-03, Param MSE = 3.063520e-02, Grad norm = 4.875033e-05, Beta update rate = 2.607616e-05
Epoch  27800 (0.6%): Train pred MSE = 1.096223e-05, Test pred MSE = 3.005550e-03, Param MSE = 3.062628e-02, Grad norm = 4.815108e-05, Beta update rate = 2.574787e-05
Epoch  28000 (0.6%): Train pred MSE = 1.073323e-05, Test pred MSE = 3.004751e-03, Param MSE = 3.061754e-02, Grad norm = 4.756208e-05, Beta update rate = 2.542536e-05
Epoch  28200 (0.6%): Train pred MSE = 1.050978e-05, Test pred MSE = 3.003966e-03, Param MSE = 3.060896e-02, Grad norm = 4.698310e-05, Beta update rate = 2.510851e-05
Epoch  28400 (0.6%): Train pred MSE = 1.029173e-05, Test pred MSE = 3.003196e-03, Param MSE = 3.060055e-02, Grad norm = 4.641388e-05, Beta update rate = 2.479716e-05
Epoch  28600 (0.6%): Train pred MSE = 1.007892e-05, Test pred MSE = 3.002441e-03, Param MSE = 3.059229e-02, Grad norm = 4.585422e-05, Beta update rate = 2.449120e-05
Epoch  28800 (0.6%): Train pred MSE = 9.871199e-06, Test pred MSE = 3.001699e-03, Param MSE = 3.058418e-02, Grad norm = 4.530388e-05, Beta update rate = 2.419048e-05
Epoch  29000 (0.6%): Train pred MSE = 9.668422e-06, Test pred MSE = 3.000971e-03, Param MSE = 3.057622e-02, Grad norm = 4.476265e-05, Beta update rate = 2.389489e-05
Epoch  29200 (0.6%): Train pred MSE = 9.470450e-06, Test pred MSE = 3.000257e-03, Param MSE = 3.056841e-02, Grad norm = 4.423031e-05, Beta update rate = 2.360430e-05
Epoch  29400 (0.6%): Train pred MSE = 9.277149e-06, Test pred MSE = 2.999555e-03, Param MSE = 3.056074e-02, Grad norm = 4.370668e-05, Beta update rate = 2.331860e-05
Epoch  29600 (0.6%): Train pred MSE = 9.088387e-06, Test pred MSE = 2.998866e-03, Param MSE = 3.055321e-02, Grad norm = 4.319155e-05, Beta update rate = 2.303766e-05
Epoch  29800 (0.6%): Train pred MSE = 8.904039e-06, Test pred MSE = 2.998190e-03, Param MSE = 3.054581e-02, Grad norm = 4.268472e-05, Beta update rate = 2.276140e-05
Epoch  30000 (0.6%): Train pred MSE = 8.723982e-06, Test pred MSE = 2.997525e-03, Param MSE = 3.053855e-02, Grad norm = 4.218602e-05, Beta update rate = 2.248968e-05
Epoch  30200 (0.6%): Train pred MSE = 8.548099e-06, Test pred MSE = 2.996873e-03, Param MSE = 3.053142e-02, Grad norm = 4.169526e-05, Beta update rate = 2.222242e-05
Epoch  30400 (0.6%): Train pred MSE = 8.376276e-06, Test pred MSE = 2.996232e-03, Param MSE = 3.052442e-02, Grad norm = 4.121228e-05, Beta update rate = 2.195950e-05
Epoch  30600 (0.6%): Train pred MSE = 8.208402e-06, Test pred MSE = 2.995602e-03, Param MSE = 3.051754e-02, Grad norm = 4.073688e-05, Beta update rate = 2.170083e-05
Epoch  30800 (0.6%): Train pred MSE = 8.044371e-06, Test pred MSE = 2.994984e-03, Param MSE = 3.051078e-02, Grad norm = 4.026893e-05, Beta update rate = 2.144632e-05
Epoch  31000 (0.6%): Train pred MSE = 7.884079e-06, Test pred MSE = 2.994376e-03, Param MSE = 3.050414e-02, Grad norm = 3.980824e-05, Beta update rate = 2.119588e-05
Epoch  31200 (0.6%): Train pred MSE = 7.727426e-06, Test pred MSE = 2.993779e-03, Param MSE = 3.049761e-02, Grad norm = 3.935467e-05, Beta update rate = 2.094941e-05
Epoch  31400 (0.6%): Train pred MSE = 7.574316e-06, Test pred MSE = 2.993192e-03, Param MSE = 3.049120e-02, Grad norm = 3.890806e-05, Beta update rate = 2.070682e-05
Epoch  31600 (0.6%): Train pred MSE = 7.424654e-06, Test pred MSE = 2.992615e-03, Param MSE = 3.048490e-02, Grad norm = 3.846827e-05, Beta update rate = 2.046803e-05
Epoch  31800 (0.6%): Train pred MSE = 7.278350e-06, Test pred MSE = 2.992048e-03, Param MSE = 3.047871e-02, Grad norm = 3.803515e-05, Beta update rate = 2.023296e-05
Epoch  32000 (0.6%): Train pred MSE = 7.135315e-06, Test pred MSE = 2.991491e-03, Param MSE = 3.047263e-02, Grad norm = 3.760856e-05, Beta update rate = 2.000153e-05
Epoch  32200 (0.6%): Train pred MSE = 6.995465e-06, Test pred MSE = 2.990943e-03, Param MSE = 3.046665e-02, Grad norm = 3.718837e-05, Beta update rate = 1.977367e-05
Epoch  32400 (0.6%): Train pred MSE = 6.858716e-06, Test pred MSE = 2.990404e-03, Param MSE = 3.046077e-02, Grad norm = 3.677445e-05, Beta update rate = 1.954928e-05
Epoch  32600 (0.7%): Train pred MSE = 6.724989e-06, Test pred MSE = 2.989875e-03, Param MSE = 3.045499e-02, Grad norm = 3.636665e-05, Beta update rate = 1.932831e-05
Epoch  32800 (0.7%): Train pred MSE = 6.594206e-06, Test pred MSE = 2.989354e-03, Param MSE = 3.044930e-02, Grad norm = 3.596487e-05, Beta update rate = 1.911068e-05
Epoch  33000 (0.7%): Train pred MSE = 6.466292e-06, Test pred MSE = 2.988842e-03, Param MSE = 3.044372e-02, Grad norm = 3.556898e-05, Beta update rate = 1.889631e-05
Epoch  33200 (0.7%): Train pred MSE = 6.341173e-06, Test pred MSE = 2.988339e-03, Param MSE = 3.043822e-02, Grad norm = 3.517885e-05, Beta update rate = 1.868515e-05
Epoch  33400 (0.7%): Train pred MSE = 6.218778e-06, Test pred MSE = 2.987844e-03, Param MSE = 3.043282e-02, Grad norm = 3.479438e-05, Beta update rate = 1.847713e-05
Epoch  33600 (0.7%): Train pred MSE = 6.099040e-06, Test pred MSE = 2.987357e-03, Param MSE = 3.042750e-02, Grad norm = 3.441545e-05, Beta update rate = 1.827218e-05
Epoch  33800 (0.7%): Train pred MSE = 5.981891e-06, Test pred MSE = 2.986878e-03, Param MSE = 3.042228e-02, Grad norm = 3.404195e-05, Beta update rate = 1.807023e-05
Epoch  34000 (0.7%): Train pred MSE = 5.867267e-06, Test pred MSE = 2.986407e-03, Param MSE = 3.041714e-02, Grad norm = 3.367377e-05, Beta update rate = 1.787124e-05
Epoch  34200 (0.7%): Train pred MSE = 5.755105e-06, Test pred MSE = 2.985943e-03, Param MSE = 3.041208e-02, Grad norm = 3.331082e-05, Beta update rate = 1.767513e-05
Epoch  34400 (0.7%): Train pred MSE = 5.645343e-06, Test pred MSE = 2.985487e-03, Param MSE = 3.040711e-02, Grad norm = 3.295298e-05, Beta update rate = 1.748186e-05
Epoch  34600 (0.7%): Train pred MSE = 5.537923e-06, Test pred MSE = 2.985039e-03, Param MSE = 3.040221e-02, Grad norm = 3.260016e-05, Beta update rate = 1.729136e-05
Epoch  34800 (0.7%): Train pred MSE = 5.432787e-06, Test pred MSE = 2.984597e-03, Param MSE = 3.039740e-02, Grad norm = 3.225227e-05, Beta update rate = 1.710359e-05
Epoch  35000 (0.7%): Train pred MSE = 5.329880e-06, Test pred MSE = 2.984163e-03, Param MSE = 3.039266e-02, Grad norm = 3.190920e-05, Beta update rate = 1.691848e-05
Epoch  35200 (0.7%): Train pred MSE = 5.229146e-06, Test pred MSE = 2.983735e-03, Param MSE = 3.038800e-02, Grad norm = 3.157087e-05, Beta update rate = 1.673599e-05
Epoch  35400 (0.7%): Train pred MSE = 5.130534e-06, Test pred MSE = 2.983314e-03, Param MSE = 3.038341e-02, Grad norm = 3.123720e-05, Beta update rate = 1.655606e-05
Epoch  35600 (0.7%): Train pred MSE = 5.033992e-06, Test pred MSE = 2.982900e-03, Param MSE = 3.037890e-02, Grad norm = 3.090808e-05, Beta update rate = 1.637865e-05
Epoch  35800 (0.7%): Train pred MSE = 4.939471e-06, Test pred MSE = 2.982492e-03, Param MSE = 3.037446e-02, Grad norm = 3.058344e-05, Beta update rate = 1.620370e-05
Epoch  36000 (0.7%): Train pred MSE = 4.846922e-06, Test pred MSE = 2.982091e-03, Param MSE = 3.037008e-02, Grad norm = 3.026319e-05, Beta update rate = 1.603118e-05
Epoch  36200 (0.7%): Train pred MSE = 4.756298e-06, Test pred MSE = 2.981696e-03, Param MSE = 3.036578e-02, Grad norm = 2.994726e-05, Beta update rate = 1.586103e-05
Epoch  36400 (0.7%): Train pred MSE = 4.667553e-06, Test pred MSE = 2.981307e-03, Param MSE = 3.036154e-02, Grad norm = 2.963556e-05, Beta update rate = 1.569322e-05
Epoch  36600 (0.7%): Train pred MSE = 4.580644e-06, Test pred MSE = 2.980925e-03, Param MSE = 3.035737e-02, Grad norm = 2.932802e-05, Beta update rate = 1.552769e-05
Epoch  36800 (0.7%): Train pred MSE = 4.495526e-06, Test pred MSE = 2.980548e-03, Param MSE = 3.035326e-02, Grad norm = 2.902456e-05, Beta update rate = 1.536441e-05
Epoch  37000 (0.7%): Train pred MSE = 4.412158e-06, Test pred MSE = 2.980176e-03, Param MSE = 3.034922e-02, Grad norm = 2.872510e-05, Beta update rate = 1.520333e-05
Epoch  37200 (0.7%): Train pred MSE = 4.330499e-06, Test pred MSE = 2.979811e-03, Param MSE = 3.034524e-02, Grad norm = 2.842959e-05, Beta update rate = 1.504441e-05
Epoch  37400 (0.7%): Train pred MSE = 4.250509e-06, Test pred MSE = 2.979451e-03, Param MSE = 3.034132e-02, Grad norm = 2.813794e-05, Beta update rate = 1.488762e-05
Epoch  37600 (0.8%): Train pred MSE = 4.172150e-06, Test pred MSE = 2.979096e-03, Param MSE = 3.033746e-02, Grad norm = 2.785009e-05, Beta update rate = 1.473292e-05
Epoch  37800 (0.8%): Train pred MSE = 4.095383e-06, Test pred MSE = 2.978747e-03, Param MSE = 3.033365e-02, Grad norm = 2.756598e-05, Beta update rate = 1.458026e-05
Epoch  38000 (0.8%): Train pred MSE = 4.020173e-06, Test pred MSE = 2.978403e-03, Param MSE = 3.032991e-02, Grad norm = 2.728553e-05, Beta update rate = 1.442962e-05
Epoch  38200 (0.8%): Train pred MSE = 3.946483e-06, Test pred MSE = 2.978065e-03, Param MSE = 3.032622e-02, Grad norm = 2.700869e-05, Beta update rate = 1.428095e-05
Epoch  38400 (0.8%): Train pred MSE = 3.874279e-06, Test pred MSE = 2.977731e-03, Param MSE = 3.032259e-02, Grad norm = 2.673538e-05, Beta update rate = 1.413422e-05
Epoch  38600 (0.8%): Train pred MSE = 3.803527e-06, Test pred MSE = 2.977402e-03, Param MSE = 3.031901e-02, Grad norm = 2.646556e-05, Beta update rate = 1.398940e-05
Epoch  38800 (0.8%): Train pred MSE = 3.734193e-06, Test pred MSE = 2.977078e-03, Param MSE = 3.031549e-02, Grad norm = 2.619916e-05, Beta update rate = 1.384645e-05
Epoch  39000 (0.8%): Train pred MSE = 3.666247e-06, Test pred MSE = 2.976759e-03, Param MSE = 3.031202e-02, Grad norm = 2.593613e-05, Beta update rate = 1.370535e-05
Epoch  39200 (0.8%): Train pred MSE = 3.599657e-06, Test pred MSE = 2.976445e-03, Param MSE = 3.030860e-02, Grad norm = 2.567640e-05, Beta update rate = 1.356605e-05
Epoch  39400 (0.8%): Train pred MSE = 3.534392e-06, Test pred MSE = 2.976135e-03, Param MSE = 3.030523e-02, Grad norm = 2.541992e-05, Beta update rate = 1.342853e-05
Epoch  39600 (0.8%): Train pred MSE = 3.470422e-06, Test pred MSE = 2.975830e-03, Param MSE = 3.030191e-02, Grad norm = 2.516664e-05, Beta update rate = 1.329277e-05
Epoch  39800 (0.8%): Train pred MSE = 3.407720e-06, Test pred MSE = 2.975529e-03, Param MSE = 3.029864e-02, Grad norm = 2.491650e-05, Beta update rate = 1.315872e-05
Epoch  40000 (0.8%): Train pred MSE = 3.346256e-06, Test pred MSE = 2.975233e-03, Param MSE = 3.029541e-02, Grad norm = 2.466946e-05, Beta update rate = 1.302636e-05
Epoch  40200 (0.8%): Train pred MSE = 3.286003e-06, Test pred MSE = 2.974941e-03, Param MSE = 3.029224e-02, Grad norm = 2.442546e-05, Beta update rate = 1.289566e-05
Epoch  40400 (0.8%): Train pred MSE = 3.226935e-06, Test pred MSE = 2.974653e-03, Param MSE = 3.028910e-02, Grad norm = 2.418445e-05, Beta update rate = 1.276659e-05
Epoch  40600 (0.8%): Train pred MSE = 3.169026e-06, Test pred MSE = 2.974369e-03, Param MSE = 3.028602e-02, Grad norm = 2.394639e-05, Beta update rate = 1.263914e-05
Epoch  40800 (0.8%): Train pred MSE = 3.112250e-06, Test pred MSE = 2.974089e-03, Param MSE = 3.028298e-02, Grad norm = 2.371122e-05, Beta update rate = 1.251326e-05
Epoch  41000 (0.8%): Train pred MSE = 3.056582e-06, Test pred MSE = 2.973813e-03, Param MSE = 3.027998e-02, Grad norm = 2.347890e-05, Beta update rate = 1.238893e-05
Epoch  41200 (0.8%): Train pred MSE = 3.001998e-06, Test pred MSE = 2.973542e-03, Param MSE = 3.027703e-02, Grad norm = 2.324939e-05, Beta update rate = 1.226614e-05
Epoch  41400 (0.8%): Train pred MSE = 2.948475e-06, Test pred MSE = 2.973274e-03, Param MSE = 3.027412e-02, Grad norm = 2.302264e-05, Beta update rate = 1.214485e-05
Epoch  41600 (0.8%): Train pred MSE = 2.895990e-06, Test pred MSE = 2.973010e-03, Param MSE = 3.027124e-02, Grad norm = 2.279860e-05, Beta update rate = 1.202504e-05
Epoch  41800 (0.8%): Train pred MSE = 2.844520e-06, Test pred MSE = 2.972749e-03, Param MSE = 3.026841e-02, Grad norm = 2.257724e-05, Beta update rate = 1.190668e-05
Epoch  42000 (0.8%): Train pred MSE = 2.794044e-06, Test pred MSE = 2.972492e-03, Param MSE = 3.026562e-02, Grad norm = 2.235851e-05, Beta update rate = 1.178976e-05
Epoch  42200 (0.8%): Train pred MSE = 2.744540e-06, Test pred MSE = 2.972239e-03, Param MSE = 3.026287e-02, Grad norm = 2.214237e-05, Beta update rate = 1.167425e-05
Epoch  42400 (0.8%): Train pred MSE = 2.695987e-06, Test pred MSE = 2.971989e-03, Param MSE = 3.026016e-02, Grad norm = 2.192878e-05, Beta update rate = 1.156013e-05
Epoch  42600 (0.9%): Train pred MSE = 2.648366e-06, Test pred MSE = 2.971743e-03, Param MSE = 3.025749e-02, Grad norm = 2.171771e-05, Beta update rate = 1.144737e-05
Epoch  42800 (0.9%): Train pred MSE = 2.601656e-06, Test pred MSE = 2.971500e-03, Param MSE = 3.025485e-02, Grad norm = 2.150911e-05, Beta update rate = 1.133596e-05
Epoch  43000 (0.9%): Train pred MSE = 2.555838e-06, Test pred MSE = 2.971261e-03, Param MSE = 3.025225e-02, Grad norm = 2.130294e-05, Beta update rate = 1.122587e-05
Epoch  43200 (0.9%): Train pred MSE = 2.510893e-06, Test pred MSE = 2.971025e-03, Param MSE = 3.024969e-02, Grad norm = 2.109917e-05, Beta update rate = 1.111709e-05
Epoch  43400 (0.9%): Train pred MSE = 2.466803e-06, Test pred MSE = 2.970792e-03, Param MSE = 3.024716e-02, Grad norm = 2.089777e-05, Beta update rate = 1.100959e-05
Epoch  43600 (0.9%): Train pred MSE = 2.423550e-06, Test pred MSE = 2.970562e-03, Param MSE = 3.024467e-02, Grad norm = 2.069870e-05, Beta update rate = 1.090335e-05
Epoch  43800 (0.9%): Train pred MSE = 2.381116e-06, Test pred MSE = 2.970335e-03, Param MSE = 3.024221e-02, Grad norm = 2.050191e-05, Beta update rate = 1.079836e-05
Epoch  44000 (0.9%): Train pred MSE = 2.339485e-06, Test pred MSE = 2.970112e-03, Param MSE = 3.023978e-02, Grad norm = 2.030739e-05, Beta update rate = 1.069460e-05
Epoch  44200 (0.9%): Train pred MSE = 2.298639e-06, Test pred MSE = 2.969891e-03, Param MSE = 3.023739e-02, Grad norm = 2.011509e-05, Beta update rate = 1.059204e-05
Epoch  44400 (0.9%): Train pred MSE = 2.258562e-06, Test pred MSE = 2.969674e-03, Param MSE = 3.023503e-02, Grad norm = 1.992499e-05, Beta update rate = 1.049067e-05
Epoch  44600 (0.9%): Train pred MSE = 2.219238e-06, Test pred MSE = 2.969459e-03, Param MSE = 3.023270e-02, Grad norm = 1.973704e-05, Beta update rate = 1.039047e-05
Epoch  44800 (0.9%): Train pred MSE = 2.180652e-06, Test pred MSE = 2.969247e-03, Param MSE = 3.023040e-02, Grad norm = 1.955123e-05, Beta update rate = 1.029143e-05
Epoch  45000 (0.9%): Train pred MSE = 2.142788e-06, Test pred MSE = 2.969038e-03, Param MSE = 3.022814e-02, Grad norm = 1.936751e-05, Beta update rate = 1.019352e-05
Epoch  45200 (0.9%): Train pred MSE = 2.105632e-06, Test pred MSE = 2.968832e-03, Param MSE = 3.022590e-02, Grad norm = 1.918586e-05, Beta update rate = 1.009673e-05
Epoch  45400 (0.9%): Train pred MSE = 2.069169e-06, Test pred MSE = 2.968629e-03, Param MSE = 3.022370e-02, Grad norm = 1.900625e-05, Beta update rate = 1.000105e-05
Epoch  45600 (0.9%): Train pred MSE = 2.033385e-06, Test pred MSE = 2.968428e-03, Param MSE = 3.022152e-02, Grad norm = 1.882865e-05, Beta update rate = 9.906455e-06
Epoch  45800 (0.9%): Train pred MSE = 1.998266e-06, Test pred MSE = 2.968230e-03, Param MSE = 3.021937e-02, Grad norm = 1.865303e-05, Beta update rate = 9.812932e-06
Epoch  46000 (0.9%): Train pred MSE = 1.963799e-06, Test pred MSE = 2.968035e-03, Param MSE = 3.021726e-02, Grad norm = 1.847936e-05, Beta update rate = 9.720465e-06
Epoch  46200 (0.9%): Train pred MSE = 1.929969e-06, Test pred MSE = 2.967842e-03, Param MSE = 3.021517e-02, Grad norm = 1.830762e-05, Beta update rate = 9.629040e-06
Epoch  46400 (0.9%): Train pred MSE = 1.896765e-06, Test pred MSE = 2.967652e-03, Param MSE = 3.021310e-02, Grad norm = 1.813777e-05, Beta update rate = 9.538642e-06
Epoch  46600 (0.9%): Train pred MSE = 1.864174e-06, Test pred MSE = 2.967464e-03, Param MSE = 3.021107e-02, Grad norm = 1.796980e-05, Beta update rate = 9.449255e-06
Epoch  46800 (0.9%): Train pred MSE = 1.832183e-06, Test pred MSE = 2.967278e-03, Param MSE = 3.020906e-02, Grad norm = 1.780367e-05, Beta update rate = 9.360866e-06
Epoch  47000 (0.9%): Train pred MSE = 1.800780e-06, Test pred MSE = 2.967095e-03, Param MSE = 3.020708e-02, Grad norm = 1.763937e-05, Beta update rate = 9.273460e-06
Epoch  47200 (0.9%): Train pred MSE = 1.769954e-06, Test pred MSE = 2.966915e-03, Param MSE = 3.020512e-02, Grad norm = 1.747685e-05, Beta update rate = 9.187024e-06
Epoch  47400 (0.9%): Train pred MSE = 1.739693e-06, Test pred MSE = 2.966737e-03, Param MSE = 3.020319e-02, Grad norm = 1.731611e-05, Beta update rate = 9.101544e-06
Epoch  47600 (1.0%): Train pred MSE = 1.709985e-06, Test pred MSE = 2.966561e-03, Param MSE = 3.020129e-02, Grad norm = 1.715711e-05, Beta update rate = 9.017006e-06
Epoch  47800 (1.0%): Train pred MSE = 1.680820e-06, Test pred MSE = 2.966387e-03, Param MSE = 3.019940e-02, Grad norm = 1.699984e-05, Beta update rate = 8.933399e-06
Epoch  48000 (1.0%): Train pred MSE = 1.652186e-06, Test pred MSE = 2.966215e-03, Param MSE = 3.019755e-02, Grad norm = 1.684426e-05, Beta update rate = 8.850708e-06
Epoch  48200 (1.0%): Train pred MSE = 1.624074e-06, Test pred MSE = 2.966046e-03, Param MSE = 3.019571e-02, Grad norm = 1.669037e-05, Beta update rate = 8.768921e-06
Epoch  48400 (1.0%): Train pred MSE = 1.596473e-06, Test pred MSE = 2.965879e-03, Param MSE = 3.019391e-02, Grad norm = 1.653812e-05, Beta update rate = 8.688026e-06
Epoch  48600 (1.0%): Train pred MSE = 1.569373e-06, Test pred MSE = 2.965714e-03, Param MSE = 3.019212e-02, Grad norm = 1.638750e-05, Beta update rate = 8.608011e-06
Epoch  48800 (1.0%): Train pred MSE = 1.542763e-06, Test pred MSE = 2.965551e-03, Param MSE = 3.019036e-02, Grad norm = 1.623850e-05, Beta update rate = 8.528864e-06
Epoch  49000 (1.0%): Train pred MSE = 1.516635e-06, Test pred MSE = 2.965390e-03, Param MSE = 3.018862e-02, Grad norm = 1.609108e-05, Beta update rate = 8.450573e-06
Epoch  49200 (1.0%): Train pred MSE = 1.490979e-06, Test pred MSE = 2.965231e-03, Param MSE = 3.018690e-02, Grad norm = 1.594523e-05, Beta update rate = 8.373126e-06
Epoch  49400 (1.0%): Train pred MSE = 1.465786e-06, Test pred MSE = 2.965074e-03, Param MSE = 3.018520e-02, Grad norm = 1.580093e-05, Beta update rate = 8.296512e-06
Epoch  49600 (1.0%): Train pred MSE = 1.441046e-06, Test pred MSE = 2.964919e-03, Param MSE = 3.018352e-02, Grad norm = 1.565815e-05, Beta update rate = 8.220720e-06
Epoch  49800 (1.0%): Train pred MSE = 1.416751e-06, Test pred MSE = 2.964767e-03, Param MSE = 3.018187e-02, Grad norm = 1.551688e-05, Beta update rate = 8.145739e-06
Epoch  50000 (1.0%): Train pred MSE = 1.392892e-06, Test pred MSE = 2.964615e-03, Param MSE = 3.018024e-02, Grad norm = 1.537709e-05, Beta update rate = 8.071559e-06
Epoch  50200 (1.0%): Train pred MSE = 1.369460e-06, Test pred MSE = 2.964466e-03, Param MSE = 3.017862e-02, Grad norm = 1.523878e-05, Beta update rate = 7.998168e-06
Epoch  50400 (1.0%): Train pred MSE = 1.346448e-06, Test pred MSE = 2.964319e-03, Param MSE = 3.017703e-02, Grad norm = 1.510191e-05, Beta update rate = 7.925557e-06
Epoch  50600 (1.0%): Train pred MSE = 1.323847e-06, Test pred MSE = 2.964174e-03, Param MSE = 3.017546e-02, Grad norm = 1.496647e-05, Beta update rate = 7.853714e-06
Epoch  50800 (1.0%): Train pred MSE = 1.301649e-06, Test pred MSE = 2.964030e-03, Param MSE = 3.017390e-02, Grad norm = 1.483244e-05, Beta update rate = 7.782631e-06
Epoch  51000 (1.0%): Train pred MSE = 1.279847e-06, Test pred MSE = 2.963888e-03, Param MSE = 3.017237e-02, Grad norm = 1.469980e-05, Beta update rate = 7.712297e-06
Epoch  51200 (1.0%): Train pred MSE = 1.258433e-06, Test pred MSE = 2.963748e-03, Param MSE = 3.017085e-02, Grad norm = 1.456854e-05, Beta update rate = 7.642703e-06
Epoch  51400 (1.0%): Train pred MSE = 1.237399e-06, Test pred MSE = 2.963609e-03, Param MSE = 3.016936e-02, Grad norm = 1.443864e-05, Beta update rate = 7.573838e-06
Epoch  51600 (1.0%): Train pred MSE = 1.216738e-06, Test pred MSE = 2.963472e-03, Param MSE = 3.016788e-02, Grad norm = 1.431008e-05, Beta update rate = 7.505694e-06
Epoch  51800 (1.0%): Train pred MSE = 1.196444e-06, Test pred MSE = 2.963337e-03, Param MSE = 3.016642e-02, Grad norm = 1.418284e-05, Beta update rate = 7.438262e-06
Epoch  52000 (1.0%): Train pred MSE = 1.176508e-06, Test pred MSE = 2.963204e-03, Param MSE = 3.016498e-02, Grad norm = 1.405691e-05, Beta update rate = 7.371531e-06
Epoch  52200 (1.0%): Train pred MSE = 1.156925e-06, Test pred MSE = 2.963072e-03, Param MSE = 3.016355e-02, Grad norm = 1.393227e-05, Beta update rate = 7.305494e-06
Epoch  52400 (1.0%): Train pred MSE = 1.137687e-06, Test pred MSE = 2.962942e-03, Param MSE = 3.016215e-02, Grad norm = 1.380891e-05, Beta update rate = 7.240142e-06
Epoch  52600 (1.1%): Train pred MSE = 1.118788e-06, Test pred MSE = 2.962813e-03, Param MSE = 3.016076e-02, Grad norm = 1.368680e-05, Beta update rate = 7.175465e-06
Epoch  52800 (1.1%): Train pred MSE = 1.100222e-06, Test pred MSE = 2.962686e-03, Param MSE = 3.015939e-02, Grad norm = 1.356594e-05, Beta update rate = 7.111456e-06
Epoch  53000 (1.1%): Train pred MSE = 1.081981e-06, Test pred MSE = 2.962560e-03, Param MSE = 3.015803e-02, Grad norm = 1.344630e-05, Beta update rate = 7.048105e-06
Epoch  53200 (1.1%): Train pred MSE = 1.064061e-06, Test pred MSE = 2.962436e-03, Param MSE = 3.015669e-02, Grad norm = 1.332788e-05, Beta update rate = 6.985406e-06
Epoch  53400 (1.1%): Train pred MSE = 1.046455e-06, Test pred MSE = 2.962314e-03, Param MSE = 3.015537e-02, Grad norm = 1.321066e-05, Beta update rate = 6.923349e-06
Epoch  53600 (1.1%): Train pred MSE = 1.029157e-06, Test pred MSE = 2.962193e-03, Param MSE = 3.015406e-02, Grad norm = 1.309462e-05, Beta update rate = 6.861926e-06
Epoch  53800 (1.1%): Train pred MSE = 1.012162e-06, Test pred MSE = 2.962073e-03, Param MSE = 3.015277e-02, Grad norm = 1.297975e-05, Beta update rate = 6.801131e-06
Epoch  54000 (1.1%): Train pred MSE = 9.954630e-07, Test pred MSE = 2.961955e-03, Param MSE = 3.015149e-02, Grad norm = 1.286603e-05, Beta update rate = 6.740954e-06
Epoch  54200 (1.1%): Train pred MSE = 9.790553e-07, Test pred MSE = 2.961838e-03, Param MSE = 3.015023e-02, Grad norm = 1.275345e-05, Beta update rate = 6.681389e-06
Epoch  54400 (1.1%): Train pred MSE = 9.629332e-07, Test pred MSE = 2.961722e-03, Param MSE = 3.014898e-02, Grad norm = 1.264200e-05, Beta update rate = 6.622428e-06
Epoch  54600 (1.1%): Train pred MSE = 9.470916e-07, Test pred MSE = 2.961608e-03, Param MSE = 3.014775e-02, Grad norm = 1.253167e-05, Beta update rate = 6.564064e-06
Epoch  54800 (1.1%): Train pred MSE = 9.315251e-07, Test pred MSE = 2.961495e-03, Param MSE = 3.014653e-02, Grad norm = 1.242243e-05, Beta update rate = 6.506288e-06
Epoch  55000 (1.1%): Train pred MSE = 9.162286e-07, Test pred MSE = 2.961384e-03, Param MSE = 3.014533e-02, Grad norm = 1.231428e-05, Beta update rate = 6.449095e-06
Epoch  55200 (1.1%): Train pred MSE = 9.011971e-07, Test pred MSE = 2.961274e-03, Param MSE = 3.014414e-02, Grad norm = 1.220720e-05, Beta update rate = 6.392477e-06
Epoch  55400 (1.1%): Train pred MSE = 8.864257e-07, Test pred MSE = 2.961165e-03, Param MSE = 3.014297e-02, Grad norm = 1.210119e-05, Beta update rate = 6.336427e-06
Epoch  55600 (1.1%): Train pred MSE = 8.719097e-07, Test pred MSE = 2.961057e-03, Param MSE = 3.014181e-02, Grad norm = 1.199622e-05, Beta update rate = 6.280939e-06
Epoch  55800 (1.1%): Train pred MSE = 8.576442e-07, Test pred MSE = 2.960951e-03, Param MSE = 3.014066e-02, Grad norm = 1.189229e-05, Beta update rate = 6.226005e-06
Epoch  56000 (1.1%): Train pred MSE = 8.436246e-07, Test pred MSE = 2.960846e-03, Param MSE = 3.013953e-02, Grad norm = 1.178939e-05, Beta update rate = 6.171618e-06
Epoch  56200 (1.1%): Train pred MSE = 8.298465e-07, Test pred MSE = 2.960742e-03, Param MSE = 3.013841e-02, Grad norm = 1.168749e-05, Beta update rate = 6.117774e-06
Epoch  56400 (1.1%): Train pred MSE = 8.163055e-07, Test pred MSE = 2.960639e-03, Param MSE = 3.013730e-02, Grad norm = 1.158660e-05, Beta update rate = 6.064464e-06
Epoch  56600 (1.1%): Train pred MSE = 8.029970e-07, Test pred MSE = 2.960537e-03, Param MSE = 3.013621e-02, Grad norm = 1.148669e-05, Beta update rate = 6.011683e-06
Epoch  56800 (1.1%): Train pred MSE = 7.899169e-07, Test pred MSE = 2.960437e-03, Param MSE = 3.013512e-02, Grad norm = 1.138777e-05, Beta update rate = 5.959424e-06
Epoch  57000 (1.1%): Train pred MSE = 7.770611e-07, Test pred MSE = 2.960338e-03, Param MSE = 3.013405e-02, Grad norm = 1.128980e-05, Beta update rate = 5.907682e-06
Epoch  57200 (1.1%): Train pred MSE = 7.644253e-07, Test pred MSE = 2.960240e-03, Param MSE = 3.013300e-02, Grad norm = 1.119279e-05, Beta update rate = 5.856449e-06
Epoch  57400 (1.1%): Train pred MSE = 7.520056e-07, Test pred MSE = 2.960143e-03, Param MSE = 3.013195e-02, Grad norm = 1.109673e-05, Beta update rate = 5.805721e-06
Epoch  57600 (1.2%): Train pred MSE = 7.397981e-07, Test pred MSE = 2.960047e-03, Param MSE = 3.013092e-02, Grad norm = 1.100159e-05, Beta update rate = 5.755491e-06
Epoch  57800 (1.2%): Train pred MSE = 7.277989e-07, Test pred MSE = 2.959952e-03, Param MSE = 3.012990e-02, Grad norm = 1.090738e-05, Beta update rate = 5.705754e-06
Epoch  58000 (1.2%): Train pred MSE = 7.160042e-07, Test pred MSE = 2.959858e-03, Param MSE = 3.012889e-02, Grad norm = 1.081408e-05, Beta update rate = 5.656503e-06
Epoch  58200 (1.2%): Train pred MSE = 7.044103e-07, Test pred MSE = 2.959766e-03, Param MSE = 3.012789e-02, Grad norm = 1.072168e-05, Beta update rate = 5.607733e-06
Epoch  58400 (1.2%): Train pred MSE = 6.930136e-07, Test pred MSE = 2.959674e-03, Param MSE = 3.012691e-02, Grad norm = 1.063017e-05, Beta update rate = 5.559439e-06
Epoch  58600 (1.2%): Train pred MSE = 6.818105e-07, Test pred MSE = 2.959584e-03, Param MSE = 3.012593e-02, Grad norm = 1.053954e-05, Beta update rate = 5.511615e-06
Epoch  58800 (1.2%): Train pred MSE = 6.707975e-07, Test pred MSE = 2.959494e-03, Param MSE = 3.012497e-02, Grad norm = 1.044978e-05, Beta update rate = 5.464256e-06
Epoch  59000 (1.2%): Train pred MSE = 6.599712e-07, Test pred MSE = 2.959406e-03, Param MSE = 3.012401e-02, Grad norm = 1.036089e-05, Beta update rate = 5.417356e-06
Epoch  59200 (1.2%): Train pred MSE = 6.493282e-07, Test pred MSE = 2.959318e-03, Param MSE = 3.012307e-02, Grad norm = 1.027284e-05, Beta update rate = 5.370910e-06
Epoch  59400 (1.2%): Train pred MSE = 6.388652e-07, Test pred MSE = 2.959231e-03, Param MSE = 3.012214e-02, Grad norm = 1.018563e-05, Beta update rate = 5.324913e-06
Epoch  59600 (1.2%): Train pred MSE = 6.285790e-07, Test pred MSE = 2.959146e-03, Param MSE = 3.012122e-02, Grad norm = 1.009926e-05, Beta update rate = 5.279360e-06
Epoch  59800 (1.2%): Train pred MSE = 6.184665e-07, Test pred MSE = 2.959061e-03, Param MSE = 3.012031e-02, Grad norm = 1.001370e-05, Beta update rate = 5.234245e-06
Epoch  60000 (1.2%): Train pred MSE = 6.085244e-07, Test pred MSE = 2.958978e-03, Param MSE = 3.011941e-02, Grad norm = 9.928966e-06, Beta update rate = 5.189565e-06
Epoch  60200 (1.2%): Train pred MSE = 5.987498e-07, Test pred MSE = 2.958895e-03, Param MSE = 3.011852e-02, Grad norm = 9.845032e-06, Beta update rate = 5.145313e-06
Epoch  60400 (1.2%): Train pred MSE = 5.891397e-07, Test pred MSE = 2.958813e-03, Param MSE = 3.011764e-02, Grad norm = 9.761893e-06, Beta update rate = 5.101485e-06
Epoch  60600 (1.2%): Train pred MSE = 5.796912e-07, Test pred MSE = 2.958732e-03, Param MSE = 3.011677e-02, Grad norm = 9.679540e-06, Beta update rate = 5.058077e-06
Epoch  60800 (1.2%): Train pred MSE = 5.704013e-07, Test pred MSE = 2.958652e-03, Param MSE = 3.011591e-02, Grad norm = 9.597965e-06, Beta update rate = 5.015083e-06
Epoch  61000 (1.2%): Train pred MSE = 5.612672e-07, Test pred MSE = 2.958573e-03, Param MSE = 3.011505e-02, Grad norm = 9.517160e-06, Beta update rate = 4.972499e-06
Epoch  61200 (1.2%): Train pred MSE = 5.522862e-07, Test pred MSE = 2.958494e-03, Param MSE = 3.011421e-02, Grad norm = 9.437115e-06, Beta update rate = 4.930321e-06
Epoch  61400 (1.2%): Train pred MSE = 5.434556e-07, Test pred MSE = 2.958417e-03, Param MSE = 3.011338e-02, Grad norm = 9.357823e-06, Beta update rate = 4.888543e-06
Epoch  61600 (1.2%): Train pred MSE = 5.347727e-07, Test pred MSE = 2.958340e-03, Param MSE = 3.011256e-02, Grad norm = 9.279274e-06, Beta update rate = 4.847162e-06
Epoch  61800 (1.2%): Train pred MSE = 5.262349e-07, Test pred MSE = 2.958265e-03, Param MSE = 3.011174e-02, Grad norm = 9.201462e-06, Beta update rate = 4.806173e-06
Epoch  62000 (1.2%): Train pred MSE = 5.178395e-07, Test pred MSE = 2.958190e-03, Param MSE = 3.011093e-02, Grad norm = 9.124378e-06, Beta update rate = 4.765572e-06
Epoch  62200 (1.2%): Train pred MSE = 5.095842e-07, Test pred MSE = 2.958116e-03, Param MSE = 3.011014e-02, Grad norm = 9.048014e-06, Beta update rate = 4.725354e-06
Epoch  62400 (1.2%): Train pred MSE = 5.014664e-07, Test pred MSE = 2.958042e-03, Param MSE = 3.010935e-02, Grad norm = 8.972362e-06, Beta update rate = 4.685515e-06
Epoch  62600 (1.3%): Train pred MSE = 4.934838e-07, Test pred MSE = 2.957970e-03, Param MSE = 3.010857e-02, Grad norm = 8.897415e-06, Beta update rate = 4.646052e-06
Epoch  62800 (1.3%): Train pred MSE = 4.856338e-07, Test pred MSE = 2.957898e-03, Param MSE = 3.010780e-02, Grad norm = 8.823165e-06, Beta update rate = 4.606959e-06
Epoch  63000 (1.3%): Train pred MSE = 4.779143e-07, Test pred MSE = 2.957827e-03, Param MSE = 3.010704e-02, Grad norm = 8.749604e-06, Beta update rate = 4.568233e-06
Epoch  63200 (1.3%): Train pred MSE = 4.703229e-07, Test pred MSE = 2.957757e-03, Param MSE = 3.010628e-02, Grad norm = 8.676725e-06, Beta update rate = 4.529871e-06
Epoch  63400 (1.3%): Train pred MSE = 4.628574e-07, Test pred MSE = 2.957687e-03, Param MSE = 3.010554e-02, Grad norm = 8.604521e-06, Beta update rate = 4.491867e-06
Epoch  63600 (1.3%): Train pred MSE = 4.555156e-07, Test pred MSE = 2.957619e-03, Param MSE = 3.010480e-02, Grad norm = 8.532985e-06, Beta update rate = 4.454218e-06
Epoch  63800 (1.3%): Train pred MSE = 4.482953e-07, Test pred MSE = 2.957551e-03, Param MSE = 3.010407e-02, Grad norm = 8.462109e-06, Beta update rate = 4.416921e-06
Epoch  64000 (1.3%): Train pred MSE = 4.411943e-07, Test pred MSE = 2.957484e-03, Param MSE = 3.010335e-02, Grad norm = 8.391886e-06, Beta update rate = 4.379971e-06
Epoch  64200 (1.3%): Train pred MSE = 4.342107e-07, Test pred MSE = 2.957417e-03, Param MSE = 3.010263e-02, Grad norm = 8.322309e-06, Beta update rate = 4.343365e-06
Epoch  64400 (1.3%): Train pred MSE = 4.273423e-07, Test pred MSE = 2.957351e-03, Param MSE = 3.010193e-02, Grad norm = 8.253372e-06, Beta update rate = 4.307098e-06
Epoch  64600 (1.3%): Train pred MSE = 4.205873e-07, Test pred MSE = 2.957286e-03, Param MSE = 3.010123e-02, Grad norm = 8.185068e-06, Beta update rate = 4.271168e-06
Epoch  64800 (1.3%): Train pred MSE = 4.139435e-07, Test pred MSE = 2.957222e-03, Param MSE = 3.010054e-02, Grad norm = 8.117390e-06, Beta update rate = 4.235571e-06
Epoch  65000 (1.3%): Train pred MSE = 4.074090e-07, Test pred MSE = 2.957158e-03, Param MSE = 3.009985e-02, Grad norm = 8.050331e-06, Beta update rate = 4.200303e-06
Epoch  65200 (1.3%): Train pred MSE = 4.009821e-07, Test pred MSE = 2.957095e-03, Param MSE = 3.009917e-02, Grad norm = 7.983885e-06, Beta update rate = 4.165361e-06
Epoch  65400 (1.3%): Train pred MSE = 3.946607e-07, Test pred MSE = 2.957033e-03, Param MSE = 3.009850e-02, Grad norm = 7.918046e-06, Beta update rate = 4.130741e-06
Epoch  65600 (1.3%): Train pred MSE = 3.884432e-07, Test pred MSE = 2.956971e-03, Param MSE = 3.009784e-02, Grad norm = 7.852807e-06, Beta update rate = 4.096440e-06
Epoch  65800 (1.3%): Train pred MSE = 3.823276e-07, Test pred MSE = 2.956910e-03, Param MSE = 3.009719e-02, Grad norm = 7.788161e-06, Beta update rate = 4.062454e-06
Epoch  66000 (1.3%): Train pred MSE = 3.763122e-07, Test pred MSE = 2.956849e-03, Param MSE = 3.009654e-02, Grad norm = 7.724104e-06, Beta update rate = 4.028780e-06
Epoch  66200 (1.3%): Train pred MSE = 3.703954e-07, Test pred MSE = 2.956789e-03, Param MSE = 3.009590e-02, Grad norm = 7.660627e-06, Beta update rate = 3.995416e-06
Epoch  66400 (1.3%): Train pred MSE = 3.645754e-07, Test pred MSE = 2.956730e-03, Param MSE = 3.009526e-02, Grad norm = 7.597727e-06, Beta update rate = 3.962356e-06
Epoch  66600 (1.3%): Train pred MSE = 3.588505e-07, Test pred MSE = 2.956672e-03, Param MSE = 3.009463e-02, Grad norm = 7.535395e-06, Beta update rate = 3.929599e-06
Epoch  66800 (1.3%): Train pred MSE = 3.532191e-07, Test pred MSE = 2.956614e-03, Param MSE = 3.009401e-02, Grad norm = 7.473628e-06, Beta update rate = 3.897142e-06
Epoch  67000 (1.3%): Train pred MSE = 3.476796e-07, Test pred MSE = 2.956556e-03, Param MSE = 3.009340e-02, Grad norm = 7.412418e-06, Beta update rate = 3.864980e-06
Epoch  67200 (1.3%): Train pred MSE = 3.422305e-07, Test pred MSE = 2.956500e-03, Param MSE = 3.009279e-02, Grad norm = 7.351760e-06, Beta update rate = 3.833111e-06
Epoch  67400 (1.3%): Train pred MSE = 3.368701e-07, Test pred MSE = 2.956443e-03, Param MSE = 3.009218e-02, Grad norm = 7.291648e-06, Beta update rate = 3.801532e-06
Epoch  67600 (1.4%): Train pred MSE = 3.315970e-07, Test pred MSE = 2.956388e-03, Param MSE = 3.009159e-02, Grad norm = 7.232077e-06, Beta update rate = 3.770240e-06
Epoch  67800 (1.4%): Train pred MSE = 3.264097e-07, Test pred MSE = 2.956333e-03, Param MSE = 3.009100e-02, Grad norm = 7.173041e-06, Beta update rate = 3.739232e-06
Epoch  68000 (1.4%): Train pred MSE = 3.213066e-07, Test pred MSE = 2.956278e-03, Param MSE = 3.009042e-02, Grad norm = 7.114535e-06, Beta update rate = 3.708505e-06
Epoch  68200 (1.4%): Train pred MSE = 3.162865e-07, Test pred MSE = 2.956225e-03, Param MSE = 3.008984e-02, Grad norm = 7.056553e-06, Beta update rate = 3.678055e-06
Epoch  68400 (1.4%): Train pred MSE = 3.113478e-07, Test pred MSE = 2.956171e-03, Param MSE = 3.008927e-02, Grad norm = 6.999090e-06, Beta update rate = 3.647882e-06
Epoch  68600 (1.4%): Train pred MSE = 3.064892e-07, Test pred MSE = 2.956119e-03, Param MSE = 3.008870e-02, Grad norm = 6.942141e-06, Beta update rate = 3.617980e-06
Epoch  68800 (1.4%): Train pred MSE = 3.017093e-07, Test pred MSE = 2.956066e-03, Param MSE = 3.008814e-02, Grad norm = 6.885699e-06, Beta update rate = 3.588348e-06
Epoch  69000 (1.4%): Train pred MSE = 2.970067e-07, Test pred MSE = 2.956015e-03, Param MSE = 3.008759e-02, Grad norm = 6.829762e-06, Beta update rate = 3.558982e-06
Epoch  69200 (1.4%): Train pred MSE = 2.923803e-07, Test pred MSE = 2.955963e-03, Param MSE = 3.008704e-02, Grad norm = 6.774322e-06, Beta update rate = 3.529881e-06
Epoch  69400 (1.4%): Train pred MSE = 2.878286e-07, Test pred MSE = 2.955913e-03, Param MSE = 3.008650e-02, Grad norm = 6.719375e-06, Beta update rate = 3.501041e-06
Epoch  69600 (1.4%): Train pred MSE = 2.833504e-07, Test pred MSE = 2.955863e-03, Param MSE = 3.008596e-02, Grad norm = 6.664917e-06, Beta update rate = 3.472460e-06
Epoch  69800 (1.4%): Train pred MSE = 2.789445e-07, Test pred MSE = 2.955813e-03, Param MSE = 3.008543e-02, Grad norm = 6.610941e-06, Beta update rate = 3.444134e-06
Epoch  70000 (1.4%): Train pred MSE = 2.746096e-07, Test pred MSE = 2.955764e-03, Param MSE = 3.008490e-02, Grad norm = 6.557444e-06, Beta update rate = 3.416063e-06
Epoch  70200 (1.4%): Train pred MSE = 2.703446e-07, Test pred MSE = 2.955715e-03, Param MSE = 3.008438e-02, Grad norm = 6.504421e-06, Beta update rate = 3.388241e-06
Epoch  70400 (1.4%): Train pred MSE = 2.661483e-07, Test pred MSE = 2.955667e-03, Param MSE = 3.008386e-02, Grad norm = 6.451866e-06, Beta update rate = 3.360669e-06
Epoch  70600 (1.4%): Train pred MSE = 2.620194e-07, Test pred MSE = 2.955620e-03, Param MSE = 3.008335e-02, Grad norm = 6.399775e-06, Beta update rate = 3.333342e-06
Epoch  70800 (1.4%): Train pred MSE = 2.579569e-07, Test pred MSE = 2.955572e-03, Param MSE = 3.008285e-02, Grad norm = 6.348144e-06, Beta update rate = 3.306258e-06
Epoch  71000 (1.4%): Train pred MSE = 2.539597e-07, Test pred MSE = 2.955526e-03, Param MSE = 3.008235e-02, Grad norm = 6.296968e-06, Beta update rate = 3.279415e-06
Epoch  71200 (1.4%): Train pred MSE = 2.500267e-07, Test pred MSE = 2.955480e-03, Param MSE = 3.008185e-02, Grad norm = 6.246242e-06, Beta update rate = 3.252811e-06
Epoch  71400 (1.4%): Train pred MSE = 2.461568e-07, Test pred MSE = 2.955434e-03, Param MSE = 3.008136e-02, Grad norm = 6.195962e-06, Beta update rate = 3.226442e-06
Epoch  71600 (1.4%): Train pred MSE = 2.423488e-07, Test pred MSE = 2.955389e-03, Param MSE = 3.008088e-02, Grad norm = 6.146123e-06, Beta update rate = 3.200308e-06
Epoch  71800 (1.4%): Train pred MSE = 2.386019e-07, Test pred MSE = 2.955344e-03, Param MSE = 3.008040e-02, Grad norm = 6.096721e-06, Beta update rate = 3.174404e-06
Epoch  72000 (1.4%): Train pred MSE = 2.349149e-07, Test pred MSE = 2.955299e-03, Param MSE = 3.007992e-02, Grad norm = 6.047752e-06, Beta update rate = 3.148730e-06
Epoch  72200 (1.4%): Train pred MSE = 2.312870e-07, Test pred MSE = 2.955255e-03, Param MSE = 3.007945e-02, Grad norm = 5.999211e-06, Beta update rate = 3.123282e-06
Epoch  72400 (1.4%): Train pred MSE = 2.277169e-07, Test pred MSE = 2.955212e-03, Param MSE = 3.007899e-02, Grad norm = 5.951095e-06, Beta update rate = 3.098059e-06
Epoch  72600 (1.5%): Train pred MSE = 2.242040e-07, Test pred MSE = 2.955169e-03, Param MSE = 3.007853e-02, Grad norm = 5.903399e-06, Beta update rate = 3.073058e-06
Epoch  72800 (1.5%): Train pred MSE = 2.207470e-07, Test pred MSE = 2.955126e-03, Param MSE = 3.007807e-02, Grad norm = 5.856119e-06, Beta update rate = 3.048277e-06
Epoch  73000 (1.5%): Train pred MSE = 2.173452e-07, Test pred MSE = 2.955084e-03, Param MSE = 3.007762e-02, Grad norm = 5.809250e-06, Beta update rate = 3.023713e-06
Epoch  73200 (1.5%): Train pred MSE = 2.139977e-07, Test pred MSE = 2.955042e-03, Param MSE = 3.007717e-02, Grad norm = 5.762789e-06, Beta update rate = 2.999366e-06
Epoch  73400 (1.5%): Train pred MSE = 2.107034e-07, Test pred MSE = 2.955001e-03, Param MSE = 3.007673e-02, Grad norm = 5.716732e-06, Beta update rate = 2.975232e-06
Epoch  73600 (1.5%): Train pred MSE = 2.074616e-07, Test pred MSE = 2.954960e-03, Param MSE = 3.007629e-02, Grad norm = 5.671075e-06, Beta update rate = 2.951309e-06
Epoch  73800 (1.5%): Train pred MSE = 2.042713e-07, Test pred MSE = 2.954919e-03, Param MSE = 3.007586e-02, Grad norm = 5.625814e-06, Beta update rate = 2.927596e-06
Epoch  74000 (1.5%): Train pred MSE = 2.011317e-07, Test pred MSE = 2.954879e-03, Param MSE = 3.007543e-02, Grad norm = 5.580945e-06, Beta update rate = 2.904090e-06
Epoch  74200 (1.5%): Train pred MSE = 1.980420e-07, Test pred MSE = 2.954839e-03, Param MSE = 3.007500e-02, Grad norm = 5.536465e-06, Beta update rate = 2.880789e-06
Epoch  74400 (1.5%): Train pred MSE = 1.950013e-07, Test pred MSE = 2.954800e-03, Param MSE = 3.007458e-02, Grad norm = 5.492369e-06, Beta update rate = 2.857691e-06
Epoch  74600 (1.5%): Train pred MSE = 1.920088e-07, Test pred MSE = 2.954761e-03, Param MSE = 3.007416e-02, Grad norm = 5.448653e-06, Beta update rate = 2.834795e-06
Epoch  74800 (1.5%): Train pred MSE = 1.890638e-07, Test pred MSE = 2.954722e-03, Param MSE = 3.007375e-02, Grad norm = 5.405315e-06, Beta update rate = 2.812098e-06
Epoch  75000 (1.5%): Train pred MSE = 1.861655e-07, Test pred MSE = 2.954684e-03, Param MSE = 3.007334e-02, Grad norm = 5.362351e-06, Beta update rate = 2.789598e-06
Epoch  75200 (1.5%): Train pred MSE = 1.833130e-07, Test pred MSE = 2.954646e-03, Param MSE = 3.007294e-02, Grad norm = 5.319756e-06, Beta update rate = 2.767294e-06
Epoch  75400 (1.5%): Train pred MSE = 1.805056e-07, Test pred MSE = 2.954609e-03, Param MSE = 3.007254e-02, Grad norm = 5.277527e-06, Beta update rate = 2.745183e-06
Epoch  75600 (1.5%): Train pred MSE = 1.777426e-07, Test pred MSE = 2.954572e-03, Param MSE = 3.007214e-02, Grad norm = 5.235662e-06, Beta update rate = 2.723264e-06
Epoch  75800 (1.5%): Train pred MSE = 1.750232e-07, Test pred MSE = 2.954535e-03, Param MSE = 3.007175e-02, Grad norm = 5.194155e-06, Beta update rate = 2.701534e-06
Epoch  76000 (1.5%): Train pred MSE = 1.723468e-07, Test pred MSE = 2.954499e-03, Param MSE = 3.007136e-02, Grad norm = 5.153005e-06, Beta update rate = 2.679993e-06
Epoch  76200 (1.5%): Train pred MSE = 1.697126e-07, Test pred MSE = 2.954463e-03, Param MSE = 3.007097e-02, Grad norm = 5.112207e-06, Beta update rate = 2.658638e-06
Epoch  76400 (1.5%): Train pred MSE = 1.671200e-07, Test pred MSE = 2.954427e-03, Param MSE = 3.007059e-02, Grad norm = 5.071758e-06, Beta update rate = 2.637466e-06
Epoch  76600 (1.5%): Train pred MSE = 1.645682e-07, Test pred MSE = 2.954391e-03, Param MSE = 3.007021e-02, Grad norm = 5.031655e-06, Beta update rate = 2.616478e-06
Epoch  76800 (1.5%): Train pred MSE = 1.620565e-07, Test pred MSE = 2.954356e-03, Param MSE = 3.006984e-02, Grad norm = 4.991894e-06, Beta update rate = 2.595670e-06
Epoch  77000 (1.5%): Train pred MSE = 1.595844e-07, Test pred MSE = 2.954322e-03, Param MSE = 3.006947e-02, Grad norm = 4.952473e-06, Beta update rate = 2.575041e-06
Epoch  77200 (1.5%): Train pred MSE = 1.571512e-07, Test pred MSE = 2.954287e-03, Param MSE = 3.006910e-02, Grad norm = 4.913387e-06, Beta update rate = 2.554590e-06
Epoch  77400 (1.5%): Train pred MSE = 1.547562e-07, Test pred MSE = 2.954253e-03, Param MSE = 3.006874e-02, Grad norm = 4.874634e-06, Beta update rate = 2.534314e-06
Epoch  77600 (1.6%): Train pred MSE = 1.523989e-07, Test pred MSE = 2.954220e-03, Param MSE = 3.006838e-02, Grad norm = 4.836211e-06, Beta update rate = 2.514212e-06
Epoch  77800 (1.6%): Train pred MSE = 1.500785e-07, Test pred MSE = 2.954186e-03, Param MSE = 3.006802e-02, Grad norm = 4.798114e-06, Beta update rate = 2.494282e-06
Epoch  78000 (1.6%): Train pred MSE = 1.477946e-07, Test pred MSE = 2.954153e-03, Param MSE = 3.006767e-02, Grad norm = 4.760341e-06, Beta update rate = 2.474523e-06
Epoch  78200 (1.6%): Train pred MSE = 1.455464e-07, Test pred MSE = 2.954121e-03, Param MSE = 3.006732e-02, Grad norm = 4.722888e-06, Beta update rate = 2.454933e-06
Epoch  78400 (1.6%): Train pred MSE = 1.433335e-07, Test pred MSE = 2.954088e-03, Param MSE = 3.006698e-02, Grad norm = 4.685753e-06, Beta update rate = 2.435510e-06
Epoch  78600 (1.6%): Train pred MSE = 1.411552e-07, Test pred MSE = 2.954056e-03, Param MSE = 3.006663e-02, Grad norm = 4.648932e-06, Beta update rate = 2.416253e-06
Epoch  78800 (1.6%): Train pred MSE = 1.390111e-07, Test pred MSE = 2.954024e-03, Param MSE = 3.006629e-02, Grad norm = 4.612422e-06, Beta update rate = 2.397160e-06
Epoch  79000 (1.6%): Train pred MSE = 1.369004e-07, Test pred MSE = 2.953993e-03, Param MSE = 3.006596e-02, Grad norm = 4.576221e-06, Beta update rate = 2.378230e-06
Epoch  79200 (1.6%): Train pred MSE = 1.348228e-07, Test pred MSE = 2.953962e-03, Param MSE = 3.006562e-02, Grad norm = 4.540325e-06, Beta update rate = 2.359461e-06
Epoch  79400 (1.6%): Train pred MSE = 1.327776e-07, Test pred MSE = 2.953931e-03, Param MSE = 3.006529e-02, Grad norm = 4.504732e-06, Beta update rate = 2.340852e-06
Epoch  79600 (1.6%): Train pred MSE = 1.307643e-07, Test pred MSE = 2.953900e-03, Param MSE = 3.006497e-02, Grad norm = 4.469439e-06, Beta update rate = 2.322400e-06
Epoch  79800 (1.6%): Train pred MSE = 1.287825e-07, Test pred MSE = 2.953870e-03, Param MSE = 3.006464e-02, Grad norm = 4.434443e-06, Beta update rate = 2.304106e-06
Epoch  80000 (1.6%): Train pred MSE = 1.268315e-07, Test pred MSE = 2.953840e-03, Param MSE = 3.006432e-02, Grad norm = 4.399742e-06, Beta update rate = 2.285966e-06
Epoch  80200 (1.6%): Train pred MSE = 1.249110e-07, Test pred MSE = 2.953810e-03, Param MSE = 3.006401e-02, Grad norm = 4.365332e-06, Beta update rate = 2.267980e-06
Epoch  80400 (1.6%): Train pred MSE = 1.230204e-07, Test pred MSE = 2.953781e-03, Param MSE = 3.006369e-02, Grad norm = 4.331211e-06, Beta update rate = 2.250146e-06
Epoch  80600 (1.6%): Train pred MSE = 1.211592e-07, Test pred MSE = 2.953752e-03, Param MSE = 3.006338e-02, Grad norm = 4.297376e-06, Beta update rate = 2.232463e-06
Epoch  80800 (1.6%): Train pred MSE = 1.193269e-07, Test pred MSE = 2.953723e-03, Param MSE = 3.006307e-02, Grad norm = 4.263824e-06, Beta update rate = 2.214930e-06
Epoch  81000 (1.6%): Train pred MSE = 1.175232e-07, Test pred MSE = 2.953694e-03, Param MSE = 3.006277e-02, Grad norm = 4.230554e-06, Beta update rate = 2.197544e-06
Epoch  81200 (1.6%): Train pred MSE = 1.157475e-07, Test pred MSE = 2.953666e-03, Param MSE = 3.006246e-02, Grad norm = 4.197562e-06, Beta update rate = 2.180305e-06
Epoch  81400 (1.6%): Train pred MSE = 1.139993e-07, Test pred MSE = 2.953638e-03, Param MSE = 3.006217e-02, Grad norm = 4.164845e-06, Beta update rate = 2.163211e-06
Epoch  81600 (1.6%): Train pred MSE = 1.122784e-07, Test pred MSE = 2.953610e-03, Param MSE = 3.006187e-02, Grad norm = 4.132402e-06, Beta update rate = 2.146261e-06
Epoch  81800 (1.6%): Train pred MSE = 1.105841e-07, Test pred MSE = 2.953582e-03, Param MSE = 3.006157e-02, Grad norm = 4.100229e-06, Beta update rate = 2.129454e-06
Epoch  82000 (1.6%): Train pred MSE = 1.089160e-07, Test pred MSE = 2.953555e-03, Param MSE = 3.006128e-02, Grad norm = 4.068325e-06, Beta update rate = 2.112788e-06
Epoch  82200 (1.6%): Train pred MSE = 1.072739e-07, Test pred MSE = 2.953528e-03, Param MSE = 3.006099e-02, Grad norm = 4.036686e-06, Beta update rate = 2.096261e-06
Epoch  82400 (1.6%): Train pred MSE = 1.056571e-07, Test pred MSE = 2.953501e-03, Param MSE = 3.006071e-02, Grad norm = 4.005311e-06, Beta update rate = 2.079874e-06
Epoch  82600 (1.7%): Train pred MSE = 1.040654e-07, Test pred MSE = 2.953475e-03, Param MSE = 3.006043e-02, Grad norm = 3.974196e-06, Beta update rate = 2.063623e-06
Epoch  82800 (1.7%): Train pred MSE = 1.024983e-07, Test pred MSE = 2.953448e-03, Param MSE = 3.006015e-02, Grad norm = 3.943340e-06, Beta update rate = 2.047509e-06
Epoch  83000 (1.7%): Train pred MSE = 1.009555e-07, Test pred MSE = 2.953422e-03, Param MSE = 3.005987e-02, Grad norm = 3.912741e-06, Beta update rate = 2.031529e-06
Epoch  83200 (1.7%): Train pred MSE = 9.943646e-08, Test pred MSE = 2.953397e-03, Param MSE = 3.005959e-02, Grad norm = 3.882394e-06, Beta update rate = 2.015683e-06
Epoch  83400 (1.7%): Train pred MSE = 9.794092e-08, Test pred MSE = 2.953371e-03, Param MSE = 3.005932e-02, Grad norm = 3.852300e-06, Beta update rate = 1.999970e-06
Epoch  83600 (1.7%): Train pred MSE = 9.646847e-08, Test pred MSE = 2.953346e-03, Param MSE = 3.005905e-02, Grad norm = 3.822454e-06, Beta update rate = 1.984387e-06
Epoch  83800 (1.7%): Train pred MSE = 9.501874e-08, Test pred MSE = 2.953321e-03, Param MSE = 3.005878e-02, Grad norm = 3.792856e-06, Beta update rate = 1.968935e-06
Epoch  84000 (1.7%): Train pred MSE = 9.359137e-08, Test pred MSE = 2.953296e-03, Param MSE = 3.005852e-02, Grad norm = 3.763502e-06, Beta update rate = 1.953611e-06
Epoch  84200 (1.7%): Train pred MSE = 9.218600e-08, Test pred MSE = 2.953271e-03, Param MSE = 3.005825e-02, Grad norm = 3.734390e-06, Beta update rate = 1.938414e-06
Epoch  84400 (1.7%): Train pred MSE = 9.080228e-08, Test pred MSE = 2.953247e-03, Param MSE = 3.005799e-02, Grad norm = 3.705519e-06, Beta update rate = 1.923344e-06
Epoch  84600 (1.7%): Train pred MSE = 8.943987e-08, Test pred MSE = 2.953223e-03, Param MSE = 3.005774e-02, Grad norm = 3.676886e-06, Beta update rate = 1.908399e-06
Epoch  84800 (1.7%): Train pred MSE = 8.809843e-08, Test pred MSE = 2.953199e-03, Param MSE = 3.005748e-02, Grad norm = 3.648488e-06, Beta update rate = 1.893578e-06
Epoch  85000 (1.7%): Train pred MSE = 8.677762e-08, Test pred MSE = 2.953175e-03, Param MSE = 3.005723e-02, Grad norm = 3.620325e-06, Beta update rate = 1.878880e-06
Epoch  85200 (1.7%): Train pred MSE = 8.547712e-08, Test pred MSE = 2.953151e-03, Param MSE = 3.005698e-02, Grad norm = 3.592393e-06, Beta update rate = 1.864304e-06
Epoch  85400 (1.7%): Train pred MSE = 8.419661e-08, Test pred MSE = 2.953128e-03, Param MSE = 3.005673e-02, Grad norm = 3.564691e-06, Beta update rate = 1.849849e-06
Epoch  85600 (1.7%): Train pred MSE = 8.293576e-08, Test pred MSE = 2.953105e-03, Param MSE = 3.005648e-02, Grad norm = 3.537216e-06, Beta update rate = 1.835513e-06
Epoch  85800 (1.7%): Train pred MSE = 8.169427e-08, Test pred MSE = 2.953082e-03, Param MSE = 3.005624e-02, Grad norm = 3.509967e-06, Beta update rate = 1.821296e-06
Epoch  86000 (1.7%): Train pred MSE = 8.047183e-08, Test pred MSE = 2.953059e-03, Param MSE = 3.005600e-02, Grad norm = 3.482941e-06, Beta update rate = 1.807196e-06
Epoch  86200 (1.7%): Train pred MSE = 7.926814e-08, Test pred MSE = 2.953037e-03, Param MSE = 3.005576e-02, Grad norm = 3.456136e-06, Beta update rate = 1.793212e-06
Epoch  86400 (1.7%): Train pred MSE = 7.808289e-08, Test pred MSE = 2.953015e-03, Param MSE = 3.005552e-02, Grad norm = 3.429551e-06, Beta update rate = 1.779344e-06
Epoch  86600 (1.7%): Train pred MSE = 7.691581e-08, Test pred MSE = 2.952993e-03, Param MSE = 3.005529e-02, Grad norm = 3.403184e-06, Beta update rate = 1.765590e-06
Epoch  86800 (1.7%): Train pred MSE = 7.576660e-08, Test pred MSE = 2.952971e-03, Param MSE = 3.005506e-02, Grad norm = 3.377032e-06, Beta update rate = 1.751949e-06
Epoch  87000 (1.7%): Train pred MSE = 7.463498e-08, Test pred MSE = 2.952949e-03, Param MSE = 3.005482e-02, Grad norm = 3.351093e-06, Beta update rate = 1.738421e-06
Epoch  87200 (1.7%): Train pred MSE = 7.352067e-08, Test pred MSE = 2.952928e-03, Param MSE = 3.005460e-02, Grad norm = 3.325366e-06, Beta update rate = 1.725004e-06
Epoch  87400 (1.7%): Train pred MSE = 7.242341e-08, Test pred MSE = 2.952907e-03, Param MSE = 3.005437e-02, Grad norm = 3.299850e-06, Beta update rate = 1.711697e-06
Epoch  87600 (1.8%): Train pred MSE = 7.134291e-08, Test pred MSE = 2.952886e-03, Param MSE = 3.005415e-02, Grad norm = 3.274541e-06, Beta update rate = 1.698499e-06
Epoch  87800 (1.8%): Train pred MSE = 7.027892e-08, Test pred MSE = 2.952865e-03, Param MSE = 3.005392e-02, Grad norm = 3.249438e-06, Beta update rate = 1.685409e-06
Epoch  88000 (1.8%): Train pred MSE = 6.923118e-08, Test pred MSE = 2.952844e-03, Param MSE = 3.005370e-02, Grad norm = 3.224539e-06, Beta update rate = 1.672427e-06
Epoch  88200 (1.8%): Train pred MSE = 6.819942e-08, Test pred MSE = 2.952824e-03, Param MSE = 3.005349e-02, Grad norm = 3.199843e-06, Beta update rate = 1.659551e-06
Epoch  88400 (1.8%): Train pred MSE = 6.718341e-08, Test pred MSE = 2.952803e-03, Param MSE = 3.005327e-02, Grad norm = 3.175348e-06, Beta update rate = 1.646781e-06
Epoch  88600 (1.8%): Train pred MSE = 6.618289e-08, Test pred MSE = 2.952783e-03, Param MSE = 3.005305e-02, Grad norm = 3.151051e-06, Beta update rate = 1.634114e-06
Epoch  88800 (1.8%): Train pred MSE = 6.519762e-08, Test pred MSE = 2.952763e-03, Param MSE = 3.005284e-02, Grad norm = 3.126951e-06, Beta update rate = 1.621552e-06
Epoch  89000 (1.8%): Train pred MSE = 6.422736e-08, Test pred MSE = 2.952743e-03, Param MSE = 3.005263e-02, Grad norm = 3.103047e-06, Beta update rate = 1.609092e-06
Epoch  89200 (1.8%): Train pred MSE = 6.327187e-08, Test pred MSE = 2.952724e-03, Param MSE = 3.005242e-02, Grad norm = 3.079337e-06, Beta update rate = 1.596733e-06
Epoch  89400 (1.8%): Train pred MSE = 6.233093e-08, Test pred MSE = 2.952704e-03, Param MSE = 3.005222e-02, Grad norm = 3.055818e-06, Beta update rate = 1.584475e-06
Epoch  89600 (1.8%): Train pred MSE = 6.140430e-08, Test pred MSE = 2.952685e-03, Param MSE = 3.005201e-02, Grad norm = 3.032490e-06, Beta update rate = 1.572318e-06
Epoch  89800 (1.8%): Train pred MSE = 6.049176e-08, Test pred MSE = 2.952666e-03, Param MSE = 3.005181e-02, Grad norm = 3.009351e-06, Beta update rate = 1.560259e-06
Epoch  90000 (1.8%): Train pred MSE = 5.959309e-08, Test pred MSE = 2.952647e-03, Param MSE = 3.005161e-02, Grad norm = 2.986398e-06, Beta update rate = 1.548298e-06
Epoch  90200 (1.8%): Train pred MSE = 5.870808e-08, Test pred MSE = 2.952629e-03, Param MSE = 3.005141e-02, Grad norm = 2.963630e-06, Beta update rate = 1.536434e-06
Epoch  90400 (1.8%): Train pred MSE = 5.783650e-08, Test pred MSE = 2.952610e-03, Param MSE = 3.005121e-02, Grad norm = 2.941047e-06, Beta update rate = 1.524667e-06
Epoch  90600 (1.8%): Train pred MSE = 5.697816e-08, Test pred MSE = 2.952592e-03, Param MSE = 3.005102e-02, Grad norm = 2.918645e-06, Beta update rate = 1.512995e-06
Epoch  90800 (1.8%): Train pred MSE = 5.613283e-08, Test pred MSE = 2.952573e-03, Param MSE = 3.005082e-02, Grad norm = 2.896424e-06, Beta update rate = 1.501418e-06
Epoch  91000 (1.8%): Train pred MSE = 5.530033e-08, Test pred MSE = 2.952555e-03, Param MSE = 3.005063e-02, Grad norm = 2.874381e-06, Beta update rate = 1.489935e-06
Epoch  91200 (1.8%): Train pred MSE = 5.448045e-08, Test pred MSE = 2.952538e-03, Param MSE = 3.005044e-02, Grad norm = 2.852516e-06, Beta update rate = 1.478545e-06
Epoch  91400 (1.8%): Train pred MSE = 5.367299e-08, Test pred MSE = 2.952520e-03, Param MSE = 3.005025e-02, Grad norm = 2.830827e-06, Beta update rate = 1.467247e-06
Epoch  91600 (1.8%): Train pred MSE = 5.287776e-08, Test pred MSE = 2.952502e-03, Param MSE = 3.005007e-02, Grad norm = 2.809312e-06, Beta update rate = 1.456040e-06
Epoch  91800 (1.8%): Train pred MSE = 5.209457e-08, Test pred MSE = 2.952485e-03, Param MSE = 3.004988e-02, Grad norm = 2.787969e-06, Beta update rate = 1.444924e-06
Epoch  92000 (1.8%): Train pred MSE = 5.132323e-08, Test pred MSE = 2.952468e-03, Param MSE = 3.004970e-02, Grad norm = 2.766798e-06, Beta update rate = 1.433898e-06
Epoch  92200 (1.8%): Train pred MSE = 5.056356e-08, Test pred MSE = 2.952450e-03, Param MSE = 3.004951e-02, Grad norm = 2.745797e-06, Beta update rate = 1.422960e-06
Epoch  92400 (1.8%): Train pred MSE = 4.981538e-08, Test pred MSE = 2.952434e-03, Param MSE = 3.004933e-02, Grad norm = 2.724964e-06, Beta update rate = 1.412111e-06
Epoch  92600 (1.9%): Train pred MSE = 4.907850e-08, Test pred MSE = 2.952417e-03, Param MSE = 3.004916e-02, Grad norm = 2.704297e-06, Beta update rate = 1.401350e-06
Epoch  92800 (1.9%): Train pred MSE = 4.835276e-08, Test pred MSE = 2.952400e-03, Param MSE = 3.004898e-02, Grad norm = 2.683796e-06, Beta update rate = 1.390675e-06
Epoch  93000 (1.9%): Train pred MSE = 4.763798e-08, Test pred MSE = 2.952384e-03, Param MSE = 3.004880e-02, Grad norm = 2.663459e-06, Beta update rate = 1.380086e-06
Epoch  93200 (1.9%): Train pred MSE = 4.693398e-08, Test pred MSE = 2.952367e-03, Param MSE = 3.004863e-02, Grad norm = 2.643285e-06, Beta update rate = 1.369582e-06
Epoch  93400 (1.9%): Train pred MSE = 4.624061e-08, Test pred MSE = 2.952351e-03, Param MSE = 3.004846e-02, Grad norm = 2.623271e-06, Beta update rate = 1.359162e-06
Epoch  93600 (1.9%): Train pred MSE = 4.555769e-08, Test pred MSE = 2.952335e-03, Param MSE = 3.004829e-02, Grad norm = 2.603418e-06, Beta update rate = 1.348826e-06
Epoch  93800 (1.9%): Train pred MSE = 4.488508e-08, Test pred MSE = 2.952319e-03, Param MSE = 3.004812e-02, Grad norm = 2.583722e-06, Beta update rate = 1.338574e-06
Epoch  94000 (1.9%): Train pred MSE = 4.422259e-08, Test pred MSE = 2.952303e-03, Param MSE = 3.004795e-02, Grad norm = 2.564184e-06, Beta update rate = 1.328403e-06
Epoch  94200 (1.9%): Train pred MSE = 4.357009e-08, Test pred MSE = 2.952288e-03, Param MSE = 3.004778e-02, Grad norm = 2.544801e-06, Beta update rate = 1.318314e-06
Epoch  94400 (1.9%): Train pred MSE = 4.292741e-08, Test pred MSE = 2.952272e-03, Param MSE = 3.004762e-02, Grad norm = 2.525572e-06, Beta update rate = 1.308306e-06
Epoch  94600 (1.9%): Train pred MSE = 4.229441e-08, Test pred MSE = 2.952257e-03, Param MSE = 3.004745e-02, Grad norm = 2.506497e-06, Beta update rate = 1.298378e-06
Epoch  94800 (1.9%): Train pred MSE = 4.167093e-08, Test pred MSE = 2.952242e-03, Param MSE = 3.004729e-02, Grad norm = 2.487573e-06, Beta update rate = 1.288529e-06
Epoch  95000 (1.9%): Train pred MSE = 4.105683e-08, Test pred MSE = 2.952226e-03, Param MSE = 3.004713e-02, Grad norm = 2.468799e-06, Beta update rate = 1.278759e-06
Epoch  95200 (1.9%): Train pred MSE = 4.045196e-08, Test pred MSE = 2.952211e-03, Param MSE = 3.004697e-02, Grad norm = 2.450174e-06, Beta update rate = 1.269067e-06
Epoch  95400 (1.9%): Train pred MSE = 3.985618e-08, Test pred MSE = 2.952197e-03, Param MSE = 3.004681e-02, Grad norm = 2.431698e-06, Beta update rate = 1.259453e-06
Epoch  95600 (1.9%): Train pred MSE = 3.926935e-08, Test pred MSE = 2.952182e-03, Param MSE = 3.004666e-02, Grad norm = 2.413367e-06, Beta update rate = 1.249915e-06
Epoch  95800 (1.9%): Train pred MSE = 3.869133e-08, Test pred MSE = 2.952167e-03, Param MSE = 3.004650e-02, Grad norm = 2.395182e-06, Beta update rate = 1.240453e-06
Epoch  96000 (1.9%): Train pred MSE = 3.812199e-08, Test pred MSE = 2.952153e-03, Param MSE = 3.004635e-02, Grad norm = 2.377141e-06, Beta update rate = 1.231067e-06
Epoch  96200 (1.9%): Train pred MSE = 3.756119e-08, Test pred MSE = 2.952139e-03, Param MSE = 3.004620e-02, Grad norm = 2.359243e-06, Beta update rate = 1.221755e-06
Epoch  96400 (1.9%): Train pred MSE = 3.700880e-08, Test pred MSE = 2.952124e-03, Param MSE = 3.004605e-02, Grad norm = 2.341486e-06, Beta update rate = 1.212518e-06
Epoch  96600 (1.9%): Train pred MSE = 3.646470e-08, Test pred MSE = 2.952110e-03, Param MSE = 3.004590e-02, Grad norm = 2.323870e-06, Beta update rate = 1.203354e-06
Epoch  96800 (1.9%): Train pred MSE = 3.592875e-08, Test pred MSE = 2.952096e-03, Param MSE = 3.004575e-02, Grad norm = 2.306393e-06, Beta update rate = 1.194263e-06
Epoch  97000 (1.9%): Train pred MSE = 3.540083e-08, Test pred MSE = 2.952083e-03, Param MSE = 3.004560e-02, Grad norm = 2.289054e-06, Beta update rate = 1.185244e-06
Epoch  97200 (1.9%): Train pred MSE = 3.488081e-08, Test pred MSE = 2.952069e-03, Param MSE = 3.004546e-02, Grad norm = 2.271852e-06, Beta update rate = 1.176297e-06
Epoch  97400 (1.9%): Train pred MSE = 3.436858e-08, Test pred MSE = 2.952055e-03, Param MSE = 3.004531e-02, Grad norm = 2.254785e-06, Beta update rate = 1.167421e-06
Epoch  97600 (2.0%): Train pred MSE = 3.386402e-08, Test pred MSE = 2.952042e-03, Param MSE = 3.004517e-02, Grad norm = 2.237853e-06, Beta update rate = 1.158615e-06
Epoch  97800 (2.0%): Train pred MSE = 3.336701e-08, Test pred MSE = 2.952028e-03, Param MSE = 3.004503e-02, Grad norm = 2.221054e-06, Beta update rate = 1.149879e-06
Epoch  98000 (2.0%): Train pred MSE = 3.287742e-08, Test pred MSE = 2.952015e-03, Param MSE = 3.004489e-02, Grad norm = 2.204388e-06, Beta update rate = 1.141212e-06
Epoch  98200 (2.0%): Train pred MSE = 3.239516e-08, Test pred MSE = 2.952002e-03, Param MSE = 3.004475e-02, Grad norm = 2.187853e-06, Beta update rate = 1.132613e-06
Epoch  98400 (2.0%): Train pred MSE = 3.192010e-08, Test pred MSE = 2.951989e-03, Param MSE = 3.004461e-02, Grad norm = 2.171447e-06, Beta update rate = 1.124083e-06
Epoch  98600 (2.0%): Train pred MSE = 3.145214e-08, Test pred MSE = 2.951976e-03, Param MSE = 3.004447e-02, Grad norm = 2.155171e-06, Beta update rate = 1.115620e-06
Epoch  98800 (2.0%): Train pred MSE = 3.099116e-08, Test pred MSE = 2.951963e-03, Param MSE = 3.004434e-02, Grad norm = 2.139022e-06, Beta update rate = 1.107225e-06
Epoch  99000 (2.0%): Train pred MSE = 3.053707e-08, Test pred MSE = 2.951951e-03, Param MSE = 3.004420e-02, Grad norm = 2.123001e-06, Beta update rate = 1.098895e-06
Epoch  99200 (2.0%): Train pred MSE = 3.008975e-08, Test pred MSE = 2.951938e-03, Param MSE = 3.004407e-02, Grad norm = 2.107105e-06, Beta update rate = 1.090631e-06
Epoch  99400 (2.0%): Train pred MSE = 2.964911e-08, Test pred MSE = 2.951926e-03, Param MSE = 3.004394e-02, Grad norm = 2.091333e-06, Beta update rate = 1.082432e-06
Epoch  99600 (2.0%): Train pred MSE = 2.921503e-08, Test pred MSE = 2.951913e-03, Param MSE = 3.004381e-02, Grad norm = 2.075686e-06, Beta update rate = 1.074298e-06
Epoch  99800 (2.0%): Train pred MSE = 2.878743e-08, Test pred MSE = 2.951901e-03, Param MSE = 3.004368e-02, Grad norm = 2.060160e-06, Beta update rate = 1.066228e-06
Epoch 100000 (2.0%): Train pred MSE = 2.836620e-08, Test pred MSE = 2.951889e-03, Param MSE = 3.004355e-02, Grad norm = 2.044757e-06, Beta update rate = 1.058222e-06
Epoch 100200 (2.0%): Train pred MSE = 2.795124e-08, Test pred MSE = 2.951877e-03, Param MSE = 3.004342e-02, Grad norm = 2.029473e-06, Beta update rate = 1.050278e-06
Epoch 100400 (2.0%): Train pred MSE = 2.754246e-08, Test pred MSE = 2.951865e-03, Param MSE = 3.004329e-02, Grad norm = 2.014310e-06, Beta update rate = 1.042398e-06
Epoch 100600 (2.0%): Train pred MSE = 2.713976e-08, Test pred MSE = 2.951853e-03, Param MSE = 3.004317e-02, Grad norm = 1.999264e-06, Beta update rate = 1.034579e-06
Epoch 100800 (2.0%): Train pred MSE = 2.674306e-08, Test pred MSE = 2.951842e-03, Param MSE = 3.004304e-02, Grad norm = 1.984337e-06, Beta update rate = 1.026821e-06
Epoch 101000 (2.0%): Train pred MSE = 2.635226e-08, Test pred MSE = 2.951830e-03, Param MSE = 3.004292e-02, Grad norm = 1.969526e-06, Beta update rate = 1.019124e-06
Epoch 101200 (2.0%): Train pred MSE = 2.596727e-08, Test pred MSE = 2.951818e-03, Param MSE = 3.004280e-02, Grad norm = 1.954830e-06, Beta update rate = 1.011488e-06
Epoch 101400 (2.0%): Train pred MSE = 2.558800e-08, Test pred MSE = 2.951807e-03, Param MSE = 3.004268e-02, Grad norm = 1.940249e-06, Beta update rate = 1.003912e-06
Epoch 101600 (2.0%): Train pred MSE = 2.521437e-08, Test pred MSE = 2.951796e-03, Param MSE = 3.004256e-02, Grad norm = 1.925782e-06, Beta update rate = 9.963948e-07
Epoch 101800 (2.0%): Train pred MSE = 2.484629e-08, Test pred MSE = 2.951784e-03, Param MSE = 3.004244e-02, Grad norm = 1.911427e-06, Beta update rate = 9.889367e-07
Epoch 102000 (2.0%): Train pred MSE = 2.448367e-08, Test pred MSE = 2.951773e-03, Param MSE = 3.004232e-02, Grad norm = 1.897184e-06, Beta update rate = 9.815370e-07
Epoch 102200 (2.0%): Train pred MSE = 2.412644e-08, Test pred MSE = 2.951762e-03, Param MSE = 3.004220e-02, Grad norm = 1.883052e-06, Beta update rate = 9.741953e-07
Epoch 102400 (2.0%): Train pred MSE = 2.377451e-08, Test pred MSE = 2.951751e-03, Param MSE = 3.004208e-02, Grad norm = 1.869030e-06, Beta update rate = 9.669109e-07
Epoch 102600 (2.1%): Train pred MSE = 2.342780e-08, Test pred MSE = 2.951740e-03, Param MSE = 3.004197e-02, Grad norm = 1.855117e-06, Beta update rate = 9.596835e-07
Epoch 102800 (2.1%): Train pred MSE = 2.308623e-08, Test pred MSE = 2.951730e-03, Param MSE = 3.004186e-02, Grad norm = 1.841312e-06, Beta update rate = 9.525126e-07
Epoch 103000 (2.1%): Train pred MSE = 2.274972e-08, Test pred MSE = 2.951719e-03, Param MSE = 3.004174e-02, Grad norm = 1.827614e-06, Beta update rate = 9.453977e-07
Epoch 103200 (2.1%): Train pred MSE = 2.241821e-08, Test pred MSE = 2.951709e-03, Param MSE = 3.004163e-02, Grad norm = 1.814022e-06, Beta update rate = 9.383383e-07
Epoch 103400 (2.1%): Train pred MSE = 2.209160e-08, Test pred MSE = 2.951698e-03, Param MSE = 3.004152e-02, Grad norm = 1.800536e-06, Beta update rate = 9.313340e-07
Epoch 103600 (2.1%): Train pred MSE = 2.176983e-08, Test pred MSE = 2.951688e-03, Param MSE = 3.004141e-02, Grad norm = 1.787155e-06, Beta update rate = 9.243842e-07
Epoch 103800 (2.1%): Train pred MSE = 2.145283e-08, Test pred MSE = 2.951677e-03, Param MSE = 3.004130e-02, Grad norm = 1.773877e-06, Beta update rate = 9.174887e-07
Epoch 104000 (2.1%): Train pred MSE = 2.114051e-08, Test pred MSE = 2.951667e-03, Param MSE = 3.004119e-02, Grad norm = 1.760702e-06, Beta update rate = 9.106468e-07
Epoch 104200 (2.1%): Train pred MSE = 2.083282e-08, Test pred MSE = 2.951657e-03, Param MSE = 3.004108e-02, Grad norm = 1.747629e-06, Beta update rate = 9.038582e-07
Epoch 104400 (2.1%): Train pred MSE = 2.052968e-08, Test pred MSE = 2.951647e-03, Param MSE = 3.004098e-02, Grad norm = 1.734657e-06, Beta update rate = 8.971225e-07
Epoch 104600 (2.1%): Train pred MSE = 2.023103e-08, Test pred MSE = 2.951637e-03, Param MSE = 3.004087e-02, Grad norm = 1.721786e-06, Beta update rate = 8.904391e-07
Epoch 104800 (2.1%): Train pred MSE = 1.993679e-08, Test pred MSE = 2.951627e-03, Param MSE = 3.004077e-02, Grad norm = 1.709014e-06, Beta update rate = 8.838076e-07
Epoch 105000 (2.1%): Train pred MSE = 1.964689e-08, Test pred MSE = 2.951617e-03, Param MSE = 3.004066e-02, Grad norm = 1.696340e-06, Beta update rate = 8.772277e-07
Epoch 105200 (2.1%): Train pred MSE = 1.936128e-08, Test pred MSE = 2.951608e-03, Param MSE = 3.004056e-02, Grad norm = 1.683765e-06, Beta update rate = 8.706988e-07
Epoch 105400 (2.1%): Train pred MSE = 1.907989e-08, Test pred MSE = 2.951598e-03, Param MSE = 3.004046e-02, Grad norm = 1.671286e-06, Beta update rate = 8.642207e-07
Epoch 105600 (2.1%): Train pred MSE = 1.880265e-08, Test pred MSE = 2.951589e-03, Param MSE = 3.004036e-02, Grad norm = 1.658904e-06, Beta update rate = 8.577927e-07
Epoch 105800 (2.1%): Train pred MSE = 1.852951e-08, Test pred MSE = 2.951579e-03, Param MSE = 3.004026e-02, Grad norm = 1.646618e-06, Beta update rate = 8.514146e-07
Epoch 106000 (2.1%): Train pred MSE = 1.826039e-08, Test pred MSE = 2.951570e-03, Param MSE = 3.004016e-02, Grad norm = 1.634426e-06, Beta update rate = 8.450860e-07
Epoch 106200 (2.1%): Train pred MSE = 1.799525e-08, Test pred MSE = 2.951560e-03, Param MSE = 3.004006e-02, Grad norm = 1.622328e-06, Beta update rate = 8.388063e-07
Epoch 106400 (2.1%): Train pred MSE = 1.773401e-08, Test pred MSE = 2.951551e-03, Param MSE = 3.003996e-02, Grad norm = 1.610323e-06, Beta update rate = 8.325753e-07
Epoch 106600 (2.1%): Train pred MSE = 1.747663e-08, Test pred MSE = 2.951542e-03, Param MSE = 3.003986e-02, Grad norm = 1.598410e-06, Beta update rate = 8.263925e-07
Epoch 106800 (2.1%): Train pred MSE = 1.722304e-08, Test pred MSE = 2.951533e-03, Param MSE = 3.003977e-02, Grad norm = 1.586590e-06, Beta update rate = 8.202574e-07
Epoch 107000 (2.1%): Train pred MSE = 1.697318e-08, Test pred MSE = 2.951524e-03, Param MSE = 3.003967e-02, Grad norm = 1.574860e-06, Beta update rate = 8.141699e-07
Epoch 107200 (2.1%): Train pred MSE = 1.672701e-08, Test pred MSE = 2.951515e-03, Param MSE = 3.003958e-02, Grad norm = 1.563220e-06, Beta update rate = 8.081293e-07
Epoch 107400 (2.1%): Train pred MSE = 1.648446e-08, Test pred MSE = 2.951506e-03, Param MSE = 3.003949e-02, Grad norm = 1.551669e-06, Beta update rate = 8.021354e-07
Epoch 107600 (2.2%): Train pred MSE = 1.624548e-08, Test pred MSE = 2.951497e-03, Param MSE = 3.003939e-02, Grad norm = 1.540208e-06, Beta update rate = 7.961878e-07
Epoch 107800 (2.2%): Train pred MSE = 1.601002e-08, Test pred MSE = 2.951489e-03, Param MSE = 3.003930e-02, Grad norm = 1.528834e-06, Beta update rate = 7.902860e-07
Epoch 108000 (2.2%): Train pred MSE = 1.577803e-08, Test pred MSE = 2.951480e-03, Param MSE = 3.003921e-02, Grad norm = 1.517548e-06, Beta update rate = 7.844298e-07
Epoch 108200 (2.2%): Train pred MSE = 1.554944e-08, Test pred MSE = 2.951472e-03, Param MSE = 3.003912e-02, Grad norm = 1.506348e-06, Beta update rate = 7.786186e-07
Epoch 108400 (2.2%): Train pred MSE = 1.532422e-08, Test pred MSE = 2.951463e-03, Param MSE = 3.003903e-02, Grad norm = 1.495234e-06, Beta update rate = 7.728523e-07
Epoch 108600 (2.2%): Train pred MSE = 1.510230e-08, Test pred MSE = 2.951455e-03, Param MSE = 3.003894e-02, Grad norm = 1.484205e-06, Beta update rate = 7.671304e-07
Epoch 108800 (2.2%): Train pred MSE = 1.488365e-08, Test pred MSE = 2.951446e-03, Param MSE = 3.003885e-02, Grad norm = 1.473260e-06, Beta update rate = 7.614525e-07
Epoch 109000 (2.2%): Train pred MSE = 1.466821e-08, Test pred MSE = 2.951438e-03, Param MSE = 3.003876e-02, Grad norm = 1.462400e-06, Beta update rate = 7.558183e-07
Epoch 109200 (2.2%): Train pred MSE = 1.445594e-08, Test pred MSE = 2.951430e-03, Param MSE = 3.003868e-02, Grad norm = 1.451622e-06, Beta update rate = 7.502274e-07
Epoch 109400 (2.2%): Train pred MSE = 1.424678e-08, Test pred MSE = 2.951422e-03, Param MSE = 3.003859e-02, Grad norm = 1.440927e-06, Beta update rate = 7.446795e-07
Epoch 109600 (2.2%): Train pred MSE = 1.404069e-08, Test pred MSE = 2.951414e-03, Param MSE = 3.003851e-02, Grad norm = 1.430313e-06, Beta update rate = 7.391742e-07
Epoch 109800 (2.2%): Train pred MSE = 1.383763e-08, Test pred MSE = 2.951406e-03, Param MSE = 3.003842e-02, Grad norm = 1.419781e-06, Beta update rate = 7.337112e-07
Epoch 110000 (2.2%): Train pred MSE = 1.363754e-08, Test pred MSE = 2.951398e-03, Param MSE = 3.003834e-02, Grad norm = 1.409329e-06, Beta update rate = 7.282901e-07
Epoch 110200 (2.2%): Train pred MSE = 1.344039e-08, Test pred MSE = 2.951390e-03, Param MSE = 3.003825e-02, Grad norm = 1.398957e-06, Beta update rate = 7.229106e-07
Epoch 110400 (2.2%): Train pred MSE = 1.324613e-08, Test pred MSE = 2.951382e-03, Param MSE = 3.003817e-02, Grad norm = 1.388664e-06, Beta update rate = 7.175724e-07
Epoch 110600 (2.2%): Train pred MSE = 1.305472e-08, Test pred MSE = 2.951375e-03, Param MSE = 3.003809e-02, Grad norm = 1.378449e-06, Beta update rate = 7.122751e-07
Epoch 110800 (2.2%): Train pred MSE = 1.286612e-08, Test pred MSE = 2.951367e-03, Param MSE = 3.003801e-02, Grad norm = 1.368313e-06, Beta update rate = 7.070183e-07
Epoch 111000 (2.2%): Train pred MSE = 1.268027e-08, Test pred MSE = 2.951359e-03, Param MSE = 3.003793e-02, Grad norm = 1.358253e-06, Beta update rate = 7.018019e-07
Epoch 111200 (2.2%): Train pred MSE = 1.249715e-08, Test pred MSE = 2.951352e-03, Param MSE = 3.003785e-02, Grad norm = 1.348271e-06, Beta update rate = 6.966253e-07
Epoch 111400 (2.2%): Train pred MSE = 1.231671e-08, Test pred MSE = 2.951344e-03, Param MSE = 3.003777e-02, Grad norm = 1.338364e-06, Beta update rate = 6.914884e-07
Epoch 111600 (2.2%): Train pred MSE = 1.213892e-08, Test pred MSE = 2.951337e-03, Param MSE = 3.003769e-02, Grad norm = 1.328533e-06, Beta update rate = 6.863908e-07
Epoch 111800 (2.2%): Train pred MSE = 1.196372e-08, Test pred MSE = 2.951330e-03, Param MSE = 3.003761e-02, Grad norm = 1.318776e-06, Beta update rate = 6.813321e-07
Epoch 112000 (2.2%): Train pred MSE = 1.179109e-08, Test pred MSE = 2.951322e-03, Param MSE = 3.003754e-02, Grad norm = 1.309094e-06, Beta update rate = 6.763121e-07
Epoch 112200 (2.2%): Train pred MSE = 1.162098e-08, Test pred MSE = 2.951315e-03, Param MSE = 3.003746e-02, Grad norm = 1.299485e-06, Beta update rate = 6.713305e-07
Epoch 112400 (2.2%): Train pred MSE = 1.145336e-08, Test pred MSE = 2.951308e-03, Param MSE = 3.003738e-02, Grad norm = 1.289950e-06, Beta update rate = 6.663868e-07
Epoch 112600 (2.3%): Train pred MSE = 1.128819e-08, Test pred MSE = 2.951301e-03, Param MSE = 3.003731e-02, Grad norm = 1.280486e-06, Beta update rate = 6.614810e-07
Epoch 112800 (2.3%): Train pred MSE = 1.112544e-08, Test pred MSE = 2.951294e-03, Param MSE = 3.003723e-02, Grad norm = 1.271095e-06, Beta update rate = 6.566125e-07
Epoch 113000 (2.3%): Train pred MSE = 1.096506e-08, Test pred MSE = 2.951287e-03, Param MSE = 3.003716e-02, Grad norm = 1.261775e-06, Beta update rate = 6.517812e-07
Epoch 113200 (2.3%): Train pred MSE = 1.080703e-08, Test pred MSE = 2.951280e-03, Param MSE = 3.003709e-02, Grad norm = 1.252525e-06, Beta update rate = 6.469866e-07
Epoch 113400 (2.3%): Train pred MSE = 1.065131e-08, Test pred MSE = 2.951273e-03, Param MSE = 3.003701e-02, Grad norm = 1.243346e-06, Beta update rate = 6.422287e-07
Epoch 113600 (2.3%): Train pred MSE = 1.049785e-08, Test pred MSE = 2.951266e-03, Param MSE = 3.003694e-02, Grad norm = 1.234236e-06, Beta update rate = 6.375069e-07
Epoch 113800 (2.3%): Train pred MSE = 1.034664e-08, Test pred MSE = 2.951259e-03, Param MSE = 3.003687e-02, Grad norm = 1.225195e-06, Beta update rate = 6.328211e-07
Epoch 114000 (2.3%): Train pred MSE = 1.019764e-08, Test pred MSE = 2.951253e-03, Param MSE = 3.003680e-02, Grad norm = 1.216223e-06, Beta update rate = 6.281710e-07
Epoch 114200 (2.3%): Train pred MSE = 1.005081e-08, Test pred MSE = 2.951246e-03, Param MSE = 3.003673e-02, Grad norm = 1.207319e-06, Beta update rate = 6.235562e-07
Epoch 114400 (2.3%): Train pred MSE = 9.906120e-09, Test pred MSE = 2.951240e-03, Param MSE = 3.003666e-02, Grad norm = 1.198482e-06, Beta update rate = 6.189765e-07
Epoch 114600 (2.3%): Train pred MSE = 9.763542e-09, Test pred MSE = 2.951233e-03, Param MSE = 3.003659e-02, Grad norm = 1.189712e-06, Beta update rate = 6.144317e-07
Epoch 114800 (2.3%): Train pred MSE = 9.623043e-09, Test pred MSE = 2.951227e-03, Param MSE = 3.003652e-02, Grad norm = 1.181008e-06, Beta update rate = 6.099213e-07
Epoch 115000 (2.3%): Train pred MSE = 9.484591e-09, Test pred MSE = 2.951220e-03, Param MSE = 3.003645e-02, Grad norm = 1.172370e-06, Beta update rate = 6.054452e-07
Epoch 115200 (2.3%): Train pred MSE = 9.348157e-09, Test pred MSE = 2.951214e-03, Param MSE = 3.003639e-02, Grad norm = 1.163798e-06, Beta update rate = 6.010031e-07
Epoch 115400 (2.3%): Train pred MSE = 9.213711e-09, Test pred MSE = 2.951207e-03, Param MSE = 3.003632e-02, Grad norm = 1.155290e-06, Beta update rate = 5.965947e-07
Epoch 115600 (2.3%): Train pred MSE = 9.081223e-09, Test pred MSE = 2.951201e-03, Param MSE = 3.003625e-02, Grad norm = 1.146846e-06, Beta update rate = 5.922198e-07
Epoch 115800 (2.3%): Train pred MSE = 8.950665e-09, Test pred MSE = 2.951195e-03, Param MSE = 3.003619e-02, Grad norm = 1.138466e-06, Beta update rate = 5.878780e-07
Epoch 116000 (2.3%): Train pred MSE = 8.822007e-09, Test pred MSE = 2.951189e-03, Param MSE = 3.003612e-02, Grad norm = 1.130149e-06, Beta update rate = 5.835691e-07
Epoch 116200 (2.3%): Train pred MSE = 8.695222e-09, Test pred MSE = 2.951183e-03, Param MSE = 3.003606e-02, Grad norm = 1.121895e-06, Beta update rate = 5.792928e-07
Epoch 116400 (2.3%): Train pred MSE = 8.570282e-09, Test pred MSE = 2.951177e-03, Param MSE = 3.003599e-02, Grad norm = 1.113703e-06, Beta update rate = 5.750490e-07
Epoch 116600 (2.3%): Train pred MSE = 8.447160e-09, Test pred MSE = 2.951171e-03, Param MSE = 3.003593e-02, Grad norm = 1.105573e-06, Beta update rate = 5.708373e-07
Epoch 116800 (2.3%): Train pred MSE = 8.325828e-09, Test pred MSE = 2.951165e-03, Param MSE = 3.003587e-02, Grad norm = 1.097505e-06, Beta update rate = 5.666574e-07
Epoch 117000 (2.3%): Train pred MSE = 8.206261e-09, Test pred MSE = 2.951159e-03, Param MSE = 3.003580e-02, Grad norm = 1.089496e-06, Beta update rate = 5.625092e-07
Epoch 117200 (2.3%): Train pred MSE = 8.088432e-09, Test pred MSE = 2.951153e-03, Param MSE = 3.003574e-02, Grad norm = 1.081549e-06, Beta update rate = 5.583923e-07
Epoch 117400 (2.3%): Train pred MSE = 7.972316e-09, Test pred MSE = 2.951147e-03, Param MSE = 3.003568e-02, Grad norm = 1.073661e-06, Beta update rate = 5.543066e-07
Epoch 117600 (2.4%): Train pred MSE = 7.857887e-09, Test pred MSE = 2.951141e-03, Param MSE = 3.003562e-02, Grad norm = 1.065832e-06, Beta update rate = 5.502517e-07
Epoch 117800 (2.4%): Train pred MSE = 7.745121e-09, Test pred MSE = 2.951136e-03, Param MSE = 3.003556e-02, Grad norm = 1.058062e-06, Beta update rate = 5.462274e-07
Epoch 118000 (2.4%): Train pred MSE = 7.633992e-09, Test pred MSE = 2.951130e-03, Param MSE = 3.003550e-02, Grad norm = 1.050351e-06, Beta update rate = 5.422336e-07
Epoch 118200 (2.4%): Train pred MSE = 7.524477e-09, Test pred MSE = 2.951124e-03, Param MSE = 3.003544e-02, Grad norm = 1.042698e-06, Beta update rate = 5.382699e-07
Epoch 118400 (2.4%): Train pred MSE = 7.416552e-09, Test pred MSE = 2.951119e-03, Param MSE = 3.003538e-02, Grad norm = 1.035102e-06, Beta update rate = 5.343360e-07
Epoch 118600 (2.4%): Train pred MSE = 7.310194e-09, Test pred MSE = 2.951113e-03, Param MSE = 3.003532e-02, Grad norm = 1.027563e-06, Beta update rate = 5.304319e-07
Epoch 118800 (2.4%): Train pred MSE = 7.205379e-09, Test pred MSE = 2.951108e-03, Param MSE = 3.003526e-02, Grad norm = 1.020080e-06, Beta update rate = 5.265572e-07
Epoch 119000 (2.4%): Train pred MSE = 7.102085e-09, Test pred MSE = 2.951102e-03, Param MSE = 3.003520e-02, Grad norm = 1.012654e-06, Beta update rate = 5.227117e-07
Epoch 119200 (2.4%): Train pred MSE = 7.000289e-09, Test pred MSE = 2.951097e-03, Param MSE = 3.003515e-02, Grad norm = 1.005284e-06, Beta update rate = 5.188951e-07
Epoch 119400 (2.4%): Train pred MSE = 6.899970e-09, Test pred MSE = 2.951091e-03, Param MSE = 3.003509e-02, Grad norm = 9.979687e-07, Beta update rate = 5.151073e-07
Epoch 119600 (2.4%): Train pred MSE = 6.801105e-09, Test pred MSE = 2.951086e-03, Param MSE = 3.003503e-02, Grad norm = 9.907083e-07, Beta update rate = 5.113480e-07
Epoch 119800 (2.4%): Train pred MSE = 6.703673e-09, Test pred MSE = 2.951081e-03, Param MSE = 3.003498e-02, Grad norm = 9.835024e-07, Beta update rate = 5.076170e-07
Epoch 120000 (2.4%): Train pred MSE = 6.607653e-09, Test pred MSE = 2.951076e-03, Param MSE = 3.003492e-02, Grad norm = 9.763504e-07, Beta update rate = 5.039141e-07
Epoch 120200 (2.4%): Train pred MSE = 6.513024e-09, Test pred MSE = 2.951071e-03, Param MSE = 3.003487e-02, Grad norm = 9.692520e-07, Beta update rate = 5.002390e-07
Epoch 120400 (2.4%): Train pred MSE = 6.419767e-09, Test pred MSE = 2.951065e-03, Param MSE = 3.003481e-02, Grad norm = 9.622067e-07, Beta update rate = 4.965916e-07
Epoch 120600 (2.4%): Train pred MSE = 6.327860e-09, Test pred MSE = 2.951060e-03, Param MSE = 3.003476e-02, Grad norm = 9.552141e-07, Beta update rate = 4.929715e-07
Epoch 120800 (2.4%): Train pred MSE = 6.237283e-09, Test pred MSE = 2.951055e-03, Param MSE = 3.003471e-02, Grad norm = 9.482738e-07, Beta update rate = 4.893787e-07
Epoch 121000 (2.4%): Train pred MSE = 6.148018e-09, Test pred MSE = 2.951050e-03, Param MSE = 3.003465e-02, Grad norm = 9.413855e-07, Beta update rate = 4.858128e-07
Epoch 121200 (2.4%): Train pred MSE = 6.060045e-09, Test pred MSE = 2.951045e-03, Param MSE = 3.003460e-02, Grad norm = 9.345486e-07, Beta update rate = 4.822737e-07
Epoch 121400 (2.4%): Train pred MSE = 5.973345e-09, Test pred MSE = 2.951040e-03, Param MSE = 3.003455e-02, Grad norm = 9.277628e-07, Beta update rate = 4.787611e-07
Epoch 121600 (2.4%): Train pred MSE = 5.887900e-09, Test pred MSE = 2.951035e-03, Param MSE = 3.003450e-02, Grad norm = 9.210277e-07, Beta update rate = 4.752749e-07
Epoch 121800 (2.4%): Train pred MSE = 5.803690e-09, Test pred MSE = 2.951031e-03, Param MSE = 3.003445e-02, Grad norm = 9.143429e-07, Beta update rate = 4.718149e-07
Epoch 122000 (2.4%): Train pred MSE = 5.720698e-09, Test pred MSE = 2.951026e-03, Param MSE = 3.003439e-02, Grad norm = 9.077080e-07, Beta update rate = 4.683808e-07
Epoch 122200 (2.4%): Train pred MSE = 5.638906e-09, Test pred MSE = 2.951021e-03, Param MSE = 3.003434e-02, Grad norm = 9.011226e-07, Beta update rate = 4.649724e-07
Epoch 122400 (2.4%): Train pred MSE = 5.558297e-09, Test pred MSE = 2.951016e-03, Param MSE = 3.003429e-02, Grad norm = 8.945863e-07, Beta update rate = 4.615895e-07
Epoch 122600 (2.5%): Train pred MSE = 5.478852e-09, Test pred MSE = 2.951012e-03, Param MSE = 3.003424e-02, Grad norm = 8.880988e-07, Beta update rate = 4.582320e-07
Epoch 122800 (2.5%): Train pred MSE = 5.400556e-09, Test pred MSE = 2.951007e-03, Param MSE = 3.003420e-02, Grad norm = 8.816597e-07, Beta update rate = 4.548996e-07
Epoch 123000 (2.5%): Train pred MSE = 5.323391e-09, Test pred MSE = 2.951002e-03, Param MSE = 3.003415e-02, Grad norm = 8.752685e-07, Beta update rate = 4.515922e-07
Epoch 123200 (2.5%): Train pred MSE = 5.247340e-09, Test pred MSE = 2.950998e-03, Param MSE = 3.003410e-02, Grad norm = 8.689250e-07, Beta update rate = 4.483095e-07
Epoch 123400 (2.5%): Train pred MSE = 5.172387e-09, Test pred MSE = 2.950993e-03, Param MSE = 3.003405e-02, Grad norm = 8.626287e-07, Beta update rate = 4.450514e-07
Epoch 123600 (2.5%): Train pred MSE = 5.098517e-09, Test pred MSE = 2.950989e-03, Param MSE = 3.003400e-02, Grad norm = 8.563793e-07, Beta update rate = 4.418176e-07
Epoch 123800 (2.5%): Train pred MSE = 5.025713e-09, Test pred MSE = 2.950984e-03, Param MSE = 3.003395e-02, Grad norm = 8.501765e-07, Beta update rate = 4.386080e-07
Epoch 124000 (2.5%): Train pred MSE = 4.953960e-09, Test pred MSE = 2.950980e-03, Param MSE = 3.003391e-02, Grad norm = 8.440197e-07, Beta update rate = 4.354223e-07
Epoch 124200 (2.5%): Train pred MSE = 4.883242e-09, Test pred MSE = 2.950975e-03, Param MSE = 3.003386e-02, Grad norm = 8.379088e-07, Beta update rate = 4.322605e-07
Epoch 124400 (2.5%): Train pred MSE = 4.813544e-09, Test pred MSE = 2.950971e-03, Param MSE = 3.003382e-02, Grad norm = 8.318433e-07, Beta update rate = 4.291223e-07
Epoch 124600 (2.5%): Train pred MSE = 4.744852e-09, Test pred MSE = 2.950967e-03, Param MSE = 3.003377e-02, Grad norm = 8.258229e-07, Beta update rate = 4.260074e-07
Epoch 124800 (2.5%): Train pred MSE = 4.677150e-09, Test pred MSE = 2.950962e-03, Param MSE = 3.003372e-02, Grad norm = 8.198473e-07, Beta update rate = 4.229159e-07
Epoch 125000 (2.5%): Train pred MSE = 4.610424e-09, Test pred MSE = 2.950958e-03, Param MSE = 3.003368e-02, Grad norm = 8.139161e-07, Beta update rate = 4.198474e-07
Epoch 125200 (2.5%): Train pred MSE = 4.544661e-09, Test pred MSE = 2.950954e-03, Param MSE = 3.003363e-02, Grad norm = 8.080289e-07, Beta update rate = 4.168017e-07
Epoch 125400 (2.5%): Train pred MSE = 4.479845e-09, Test pred MSE = 2.950950e-03, Param MSE = 3.003359e-02, Grad norm = 8.021854e-07, Beta update rate = 4.137788e-07
Epoch 125600 (2.5%): Train pred MSE = 4.415963e-09, Test pred MSE = 2.950945e-03, Param MSE = 3.003355e-02, Grad norm = 7.963853e-07, Beta update rate = 4.107784e-07
Epoch 125800 (2.5%): Train pred MSE = 4.353001e-09, Test pred MSE = 2.950941e-03, Param MSE = 3.003350e-02, Grad norm = 7.906282e-07, Beta update rate = 4.078004e-07
Epoch 126000 (2.5%): Train pred MSE = 4.290946e-09, Test pred MSE = 2.950937e-03, Param MSE = 3.003346e-02, Grad norm = 7.849139e-07, Beta update rate = 4.048445e-07
Epoch 126200 (2.5%): Train pred MSE = 4.229786e-09, Test pred MSE = 2.950933e-03, Param MSE = 3.003342e-02, Grad norm = 7.792419e-07, Beta update rate = 4.019107e-07
Epoch 126400 (2.5%): Train pred MSE = 4.169505e-09, Test pred MSE = 2.950929e-03, Param MSE = 3.003337e-02, Grad norm = 7.736120e-07, Beta update rate = 3.989987e-07
Epoch 126600 (2.5%): Train pred MSE = 4.110093e-09, Test pred MSE = 2.950925e-03, Param MSE = 3.003333e-02, Grad norm = 7.680238e-07, Beta update rate = 3.961083e-07
Epoch 126800 (2.5%): Train pred MSE = 4.051535e-09, Test pred MSE = 2.950921e-03, Param MSE = 3.003329e-02, Grad norm = 7.624771e-07, Beta update rate = 3.932395e-07
Epoch 127000 (2.5%): Train pred MSE = 3.993821e-09, Test pred MSE = 2.950917e-03, Param MSE = 3.003325e-02, Grad norm = 7.569714e-07, Beta update rate = 3.903920e-07
Epoch 127200 (2.5%): Train pred MSE = 3.936936e-09, Test pred MSE = 2.950913e-03, Param MSE = 3.003321e-02, Grad norm = 7.515064e-07, Beta update rate = 3.875656e-07
Epoch 127400 (2.5%): Train pred MSE = 3.880870e-09, Test pred MSE = 2.950910e-03, Param MSE = 3.003317e-02, Grad norm = 7.460820e-07, Beta update rate = 3.847603e-07
Epoch 127600 (2.6%): Train pred MSE = 3.825611e-09, Test pred MSE = 2.950906e-03, Param MSE = 3.003313e-02, Grad norm = 7.406977e-07, Beta update rate = 3.819758e-07
Epoch 127800 (2.6%): Train pred MSE = 3.771146e-09, Test pred MSE = 2.950902e-03, Param MSE = 3.003309e-02, Grad norm = 7.353532e-07, Beta update rate = 3.792120e-07
Epoch 128000 (2.6%): Train pred MSE = 3.717464e-09, Test pred MSE = 2.950898e-03, Param MSE = 3.003305e-02, Grad norm = 7.300483e-07, Beta update rate = 3.764687e-07
Epoch 128200 (2.6%): Train pred MSE = 3.664554e-09, Test pred MSE = 2.950894e-03, Param MSE = 3.003301e-02, Grad norm = 7.247825e-07, Beta update rate = 3.737458e-07
Epoch 128400 (2.6%): Train pred MSE = 3.612404e-09, Test pred MSE = 2.950891e-03, Param MSE = 3.003297e-02, Grad norm = 7.195558e-07, Beta update rate = 3.710430e-07
Epoch 128600 (2.6%): Train pred MSE = 3.561004e-09, Test pred MSE = 2.950887e-03, Param MSE = 3.003293e-02, Grad norm = 7.143676e-07, Beta update rate = 3.683604e-07
Epoch 128800 (2.6%): Train pred MSE = 3.510342e-09, Test pred MSE = 2.950883e-03, Param MSE = 3.003289e-02, Grad norm = 7.092178e-07, Beta update rate = 3.656976e-07
Epoch 129000 (2.6%): Train pred MSE = 3.460408e-09, Test pred MSE = 2.950880e-03, Param MSE = 3.003285e-02, Grad norm = 7.041060e-07, Beta update rate = 3.630545e-07
Epoch 129200 (2.6%): Train pred MSE = 3.411191e-09, Test pred MSE = 2.950876e-03, Param MSE = 3.003281e-02, Grad norm = 6.990320e-07, Beta update rate = 3.604311e-07
Epoch 129400 (2.6%): Train pred MSE = 3.362680e-09, Test pred MSE = 2.950873e-03, Param MSE = 3.003278e-02, Grad norm = 6.939954e-07, Beta update rate = 3.578271e-07
Epoch 129600 (2.6%): Train pred MSE = 3.314866e-09, Test pred MSE = 2.950869e-03, Param MSE = 3.003274e-02, Grad norm = 6.889960e-07, Beta update rate = 3.552424e-07
Epoch 129800 (2.6%): Train pred MSE = 3.267739e-09, Test pred MSE = 2.950866e-03, Param MSE = 3.003270e-02, Grad norm = 6.840335e-07, Beta update rate = 3.526768e-07
Epoch 130000 (2.6%): Train pred MSE = 3.221288e-09, Test pred MSE = 2.950862e-03, Param MSE = 3.003266e-02, Grad norm = 6.791076e-07, Beta update rate = 3.501302e-07
Epoch 130200 (2.6%): Train pred MSE = 3.175503e-09, Test pred MSE = 2.950859e-03, Param MSE = 3.003263e-02, Grad norm = 6.742180e-07, Beta update rate = 3.476025e-07
Epoch 130400 (2.6%): Train pred MSE = 3.130376e-09, Test pred MSE = 2.950855e-03, Param MSE = 3.003259e-02, Grad norm = 6.693644e-07, Beta update rate = 3.450935e-07
Epoch 130600 (2.6%): Train pred MSE = 3.085895e-09, Test pred MSE = 2.950852e-03, Param MSE = 3.003256e-02, Grad norm = 6.645467e-07, Beta update rate = 3.426030e-07
Epoch 130800 (2.6%): Train pred MSE = 3.042053e-09, Test pred MSE = 2.950848e-03, Param MSE = 3.003252e-02, Grad norm = 6.597644e-07, Beta update rate = 3.401309e-07
Epoch 131000 (2.6%): Train pred MSE = 2.998839e-09, Test pred MSE = 2.950845e-03, Param MSE = 3.003248e-02, Grad norm = 6.550174e-07, Beta update rate = 3.376772e-07
Epoch 131200 (2.6%): Train pred MSE = 2.956245e-09, Test pred MSE = 2.950842e-03, Param MSE = 3.003245e-02, Grad norm = 6.503053e-07, Beta update rate = 3.352415e-07
Epoch 131400 (2.6%): Train pred MSE = 2.914261e-09, Test pred MSE = 2.950839e-03, Param MSE = 3.003242e-02, Grad norm = 6.456279e-07, Beta update rate = 3.328239e-07
Epoch 131600 (2.6%): Train pred MSE = 2.872879e-09, Test pred MSE = 2.950835e-03, Param MSE = 3.003238e-02, Grad norm = 6.409849e-07, Beta update rate = 3.304241e-07
Epoch 131800 (2.6%): Train pred MSE = 2.832091e-09, Test pred MSE = 2.950832e-03, Param MSE = 3.003235e-02, Grad norm = 6.363761e-07, Beta update rate = 3.280420e-07
Epoch 132000 (2.6%): Train pred MSE = 2.791886e-09, Test pred MSE = 2.950829e-03, Param MSE = 3.003231e-02, Grad norm = 6.318012e-07, Beta update rate = 3.256776e-07
Epoch 132200 (2.6%): Train pred MSE = 2.752257e-09, Test pred MSE = 2.950826e-03, Param MSE = 3.003228e-02, Grad norm = 6.272600e-07, Beta update rate = 3.233306e-07
Epoch 132400 (2.6%): Train pred MSE = 2.713197e-09, Test pred MSE = 2.950822e-03, Param MSE = 3.003225e-02, Grad norm = 6.227522e-07, Beta update rate = 3.210009e-07
Epoch 132600 (2.7%): Train pred MSE = 2.674695e-09, Test pred MSE = 2.950819e-03, Param MSE = 3.003221e-02, Grad norm = 6.182774e-07, Beta update rate = 3.186883e-07
Epoch 132800 (2.7%): Train pred MSE = 2.636745e-09, Test pred MSE = 2.950816e-03, Param MSE = 3.003218e-02, Grad norm = 6.138356e-07, Beta update rate = 3.163929e-07
Epoch 133000 (2.7%): Train pred MSE = 2.599338e-09, Test pred MSE = 2.950813e-03, Param MSE = 3.003215e-02, Grad norm = 6.094264e-07, Beta update rate = 3.141143e-07
Epoch 133200 (2.7%): Train pred MSE = 2.562466e-09, Test pred MSE = 2.950810e-03, Param MSE = 3.003211e-02, Grad norm = 6.050496e-07, Beta update rate = 3.118526e-07
Epoch 133400 (2.7%): Train pred MSE = 2.526122e-09, Test pred MSE = 2.950807e-03, Param MSE = 3.003208e-02, Grad norm = 6.007049e-07, Beta update rate = 3.096075e-07
Epoch 133600 (2.7%): Train pred MSE = 2.490298e-09, Test pred MSE = 2.950804e-03, Param MSE = 3.003205e-02, Grad norm = 5.963922e-07, Beta update rate = 3.073790e-07
Epoch 133800 (2.7%): Train pred MSE = 2.454987e-09, Test pred MSE = 2.950801e-03, Param MSE = 3.003202e-02, Grad norm = 5.921110e-07, Beta update rate = 3.051669e-07
Epoch 134000 (2.7%): Train pred MSE = 2.420180e-09, Test pred MSE = 2.950798e-03, Param MSE = 3.003199e-02, Grad norm = 5.878613e-07, Beta update rate = 3.029711e-07
Epoch 134200 (2.7%): Train pred MSE = 2.385872e-09, Test pred MSE = 2.950795e-03, Param MSE = 3.003196e-02, Grad norm = 5.836428e-07, Beta update rate = 3.007914e-07
Epoch 134400 (2.7%): Train pred MSE = 2.352054e-09, Test pred MSE = 2.950792e-03, Param MSE = 3.003193e-02, Grad norm = 5.794552e-07, Beta update rate = 2.986278e-07
Epoch 134600 (2.7%): Train pred MSE = 2.318719e-09, Test pred MSE = 2.950789e-03, Param MSE = 3.003190e-02, Grad norm = 5.752984e-07, Beta update rate = 2.964801e-07
Epoch 134800 (2.7%): Train pred MSE = 2.285861e-09, Test pred MSE = 2.950787e-03, Param MSE = 3.003187e-02, Grad norm = 5.711719e-07, Beta update rate = 2.943482e-07
Epoch 135000 (2.7%): Train pred MSE = 2.253473e-09, Test pred MSE = 2.950784e-03, Param MSE = 3.003184e-02, Grad norm = 5.670758e-07, Beta update rate = 2.922319e-07
Epoch 135200 (2.7%): Train pred MSE = 2.221548e-09, Test pred MSE = 2.950781e-03, Param MSE = 3.003181e-02, Grad norm = 5.630096e-07, Beta update rate = 2.901313e-07
Epoch 135400 (2.7%): Train pred MSE = 2.190078e-09, Test pred MSE = 2.950778e-03, Param MSE = 3.003178e-02, Grad norm = 5.589733e-07, Beta update rate = 2.880460e-07
Epoch 135600 (2.7%): Train pred MSE = 2.159059e-09, Test pred MSE = 2.950775e-03, Param MSE = 3.003175e-02, Grad norm = 5.549665e-07, Beta update rate = 2.859761e-07
Epoch 135800 (2.7%): Train pred MSE = 2.128482e-09, Test pred MSE = 2.950773e-03, Param MSE = 3.003172e-02, Grad norm = 5.509890e-07, Beta update rate = 2.839214e-07
Epoch 136000 (2.7%): Train pred MSE = 2.098342e-09, Test pred MSE = 2.950770e-03, Param MSE = 3.003169e-02, Grad norm = 5.470406e-07, Beta update rate = 2.818818e-07
Epoch 136200 (2.7%): Train pred MSE = 2.068632e-09, Test pred MSE = 2.950767e-03, Param MSE = 3.003166e-02, Grad norm = 5.431212e-07, Beta update rate = 2.798572e-07
Epoch 136400 (2.7%): Train pred MSE = 2.039347e-09, Test pred MSE = 2.950764e-03, Param MSE = 3.003163e-02, Grad norm = 5.392304e-07, Beta update rate = 2.778474e-07
Epoch 136600 (2.7%): Train pred MSE = 2.010480e-09, Test pred MSE = 2.950762e-03, Param MSE = 3.003160e-02, Grad norm = 5.353681e-07, Beta update rate = 2.758524e-07
Epoch 136800 (2.7%): Train pred MSE = 1.982024e-09, Test pred MSE = 2.950759e-03, Param MSE = 3.003158e-02, Grad norm = 5.315340e-07, Beta update rate = 2.738720e-07
Epoch 137000 (2.7%): Train pred MSE = 1.953975e-09, Test pred MSE = 2.950756e-03, Param MSE = 3.003155e-02, Grad norm = 5.277279e-07, Beta update rate = 2.719062e-07
Epoch 137200 (2.7%): Train pred MSE = 1.926326e-09, Test pred MSE = 2.950754e-03, Param MSE = 3.003152e-02, Grad norm = 5.239497e-07, Beta update rate = 2.699548e-07
Epoch 137400 (2.7%): Train pred MSE = 1.899071e-09, Test pred MSE = 2.950751e-03, Param MSE = 3.003149e-02, Grad norm = 5.201991e-07, Beta update rate = 2.680176e-07
Epoch 137600 (2.8%): Train pred MSE = 1.872206e-09, Test pred MSE = 2.950749e-03, Param MSE = 3.003147e-02, Grad norm = 5.164759e-07, Beta update rate = 2.660947e-07
Epoch 137800 (2.8%): Train pred MSE = 1.845723e-09, Test pred MSE = 2.950746e-03, Param MSE = 3.003144e-02, Grad norm = 5.127799e-07, Beta update rate = 2.641859e-07
Epoch 138000 (2.8%): Train pred MSE = 1.819618e-09, Test pred MSE = 2.950744e-03, Param MSE = 3.003141e-02, Grad norm = 5.091109e-07, Beta update rate = 2.622910e-07
Epoch 138200 (2.8%): Train pred MSE = 1.793885e-09, Test pred MSE = 2.950741e-03, Param MSE = 3.003139e-02, Grad norm = 5.054686e-07, Beta update rate = 2.604101e-07
Epoch 138400 (2.8%): Train pred MSE = 1.768519e-09, Test pred MSE = 2.950739e-03, Param MSE = 3.003136e-02, Grad norm = 5.018530e-07, Beta update rate = 2.585429e-07
Epoch 138600 (2.8%): Train pred MSE = 1.743515e-09, Test pred MSE = 2.950736e-03, Param MSE = 3.003133e-02, Grad norm = 4.982637e-07, Beta update rate = 2.566894e-07
Epoch 138800 (2.8%): Train pred MSE = 1.718867e-09, Test pred MSE = 2.950734e-03, Param MSE = 3.003131e-02, Grad norm = 4.947007e-07, Beta update rate = 2.548494e-07
Epoch 139000 (2.8%): Train pred MSE = 1.694570e-09, Test pred MSE = 2.950731e-03, Param MSE = 3.003128e-02, Grad norm = 4.911636e-07, Beta update rate = 2.530229e-07
Epoch 139200 (2.8%): Train pred MSE = 1.670619e-09, Test pred MSE = 2.950729e-03, Param MSE = 3.003126e-02, Grad norm = 4.876523e-07, Beta update rate = 2.512098e-07
Epoch 139400 (2.8%): Train pred MSE = 1.647010e-09, Test pred MSE = 2.950727e-03, Param MSE = 3.003123e-02, Grad norm = 4.841666e-07, Beta update rate = 2.494099e-07
Epoch 139600 (2.8%): Train pred MSE = 1.623737e-09, Test pred MSE = 2.950724e-03, Param MSE = 3.003121e-02, Grad norm = 4.807064e-07, Beta update rate = 2.476232e-07
Epoch 139800 (2.8%): Train pred MSE = 1.600795e-09, Test pred MSE = 2.950722e-03, Param MSE = 3.003118e-02, Grad norm = 4.772713e-07, Beta update rate = 2.458496e-07
Epoch 140000 (2.8%): Train pred MSE = 1.578180e-09, Test pred MSE = 2.950720e-03, Param MSE = 3.003116e-02, Grad norm = 4.738613e-07, Beta update rate = 2.440889e-07
Epoch 140200 (2.8%): Train pred MSE = 1.555887e-09, Test pred MSE = 2.950717e-03, Param MSE = 3.003113e-02, Grad norm = 4.704761e-07, Beta update rate = 2.423411e-07
Epoch 140400 (2.8%): Train pred MSE = 1.533911e-09, Test pred MSE = 2.950715e-03, Param MSE = 3.003111e-02, Grad norm = 4.671156e-07, Beta update rate = 2.406061e-07
Epoch 140600 (2.8%): Train pred MSE = 1.512248e-09, Test pred MSE = 2.950713e-03, Param MSE = 3.003108e-02, Grad norm = 4.637796e-07, Beta update rate = 2.388837e-07
Epoch 140800 (2.8%): Train pred MSE = 1.490894e-09, Test pred MSE = 2.950710e-03, Param MSE = 3.003106e-02, Grad norm = 4.604678e-07, Beta update rate = 2.371740e-07
Epoch 141000 (2.8%): Train pred MSE = 1.469843e-09, Test pred MSE = 2.950708e-03, Param MSE = 3.003104e-02, Grad norm = 4.571802e-07, Beta update rate = 2.354767e-07
Epoch 141200 (2.8%): Train pred MSE = 1.449092e-09, Test pred MSE = 2.950706e-03, Param MSE = 3.003101e-02, Grad norm = 4.539164e-07, Beta update rate = 2.337918e-07
Epoch 141400 (2.8%): Train pred MSE = 1.428636e-09, Test pred MSE = 2.950704e-03, Param MSE = 3.003099e-02, Grad norm = 4.506765e-07, Beta update rate = 2.321192e-07
Epoch 141600 (2.8%): Train pred MSE = 1.408471e-09, Test pred MSE = 2.950702e-03, Param MSE = 3.003097e-02, Grad norm = 4.474600e-07, Beta update rate = 2.304588e-07
Epoch 141800 (2.8%): Train pred MSE = 1.388593e-09, Test pred MSE = 2.950699e-03, Param MSE = 3.003094e-02, Grad norm = 4.442670e-07, Beta update rate = 2.288105e-07
Epoch 142000 (2.8%): Train pred MSE = 1.368997e-09, Test pred MSE = 2.950697e-03, Param MSE = 3.003092e-02, Grad norm = 4.410972e-07, Beta update rate = 2.271742e-07
Epoch 142200 (2.8%): Train pred MSE = 1.349680e-09, Test pred MSE = 2.950695e-03, Param MSE = 3.003090e-02, Grad norm = 4.379505e-07, Beta update rate = 2.255499e-07
Epoch 142400 (2.8%): Train pred MSE = 1.330638e-09, Test pred MSE = 2.950693e-03, Param MSE = 3.003088e-02, Grad norm = 4.348266e-07, Beta update rate = 2.239374e-07
Epoch 142600 (2.9%): Train pred MSE = 1.311866e-09, Test pred MSE = 2.950691e-03, Param MSE = 3.003085e-02, Grad norm = 4.317254e-07, Beta update rate = 2.223367e-07
Epoch 142800 (2.9%): Train pred MSE = 1.293361e-09, Test pred MSE = 2.950689e-03, Param MSE = 3.003083e-02, Grad norm = 4.286467e-07, Beta update rate = 2.207476e-07
Epoch 143000 (2.9%): Train pred MSE = 1.275119e-09, Test pred MSE = 2.950687e-03, Param MSE = 3.003081e-02, Grad norm = 4.255904e-07, Beta update rate = 2.191701e-07
Epoch 143200 (2.9%): Train pred MSE = 1.257136e-09, Test pred MSE = 2.950685e-03, Param MSE = 3.003079e-02, Grad norm = 4.225563e-07, Beta update rate = 2.176041e-07
Epoch 143400 (2.9%): Train pred MSE = 1.239409e-09, Test pred MSE = 2.950683e-03, Param MSE = 3.003077e-02, Grad norm = 4.195442e-07, Beta update rate = 2.160495e-07
Epoch 143600 (2.9%): Train pred MSE = 1.221933e-09, Test pred MSE = 2.950681e-03, Param MSE = 3.003075e-02, Grad norm = 4.165540e-07, Beta update rate = 2.145062e-07
Epoch 143800 (2.9%): Train pred MSE = 1.204706e-09, Test pred MSE = 2.950679e-03, Param MSE = 3.003073e-02, Grad norm = 4.135855e-07, Beta update rate = 2.129742e-07
Epoch 144000 (2.9%): Train pred MSE = 1.187723e-09, Test pred MSE = 2.950677e-03, Param MSE = 3.003070e-02, Grad norm = 4.106386e-07, Beta update rate = 2.114533e-07
Epoch 144200 (2.9%): Train pred MSE = 1.170982e-09, Test pred MSE = 2.950675e-03, Param MSE = 3.003068e-02, Grad norm = 4.077130e-07, Beta update rate = 2.099434e-07
Epoch 144400 (2.9%): Train pred MSE = 1.154478e-09, Test pred MSE = 2.950673e-03, Param MSE = 3.003066e-02, Grad norm = 4.048086e-07, Beta update rate = 2.084446e-07
Epoch 144600 (2.9%): Train pred MSE = 1.138209e-09, Test pred MSE = 2.950671e-03, Param MSE = 3.003064e-02, Grad norm = 4.019253e-07, Beta update rate = 2.069567e-07
Epoch 144800 (2.9%): Train pred MSE = 1.122170e-09, Test pred MSE = 2.950669e-03, Param MSE = 3.003062e-02, Grad norm = 3.990629e-07, Beta update rate = 2.054795e-07
Epoch 145000 (2.9%): Train pred MSE = 1.106359e-09, Test pred MSE = 2.950667e-03, Param MSE = 3.003060e-02, Grad norm = 3.962213e-07, Beta update rate = 2.040132e-07
Epoch 145200 (2.9%): Train pred MSE = 1.090772e-09, Test pred MSE = 2.950665e-03, Param MSE = 3.003058e-02, Grad norm = 3.934002e-07, Beta update rate = 2.025574e-07
Epoch 145400 (2.9%): Train pred MSE = 1.075407e-09, Test pred MSE = 2.950663e-03, Param MSE = 3.003056e-02, Grad norm = 3.905996e-07, Beta update rate = 2.011123e-07
Epoch 145600 (2.9%): Train pred MSE = 1.060259e-09, Test pred MSE = 2.950661e-03, Param MSE = 3.003054e-02, Grad norm = 3.878193e-07, Beta update rate = 1.996777e-07
Epoch 145800 (2.9%): Train pred MSE = 1.045327e-09, Test pred MSE = 2.950659e-03, Param MSE = 3.003052e-02, Grad norm = 3.850591e-07, Beta update rate = 1.982534e-07
Epoch 146000 (2.9%): Train pred MSE = 1.030606e-09, Test pred MSE = 2.950658e-03, Param MSE = 3.003050e-02, Grad norm = 3.823190e-07, Beta update rate = 1.968396e-07
Epoch 146200 (2.9%): Train pred MSE = 1.016094e-09, Test pred MSE = 2.950656e-03, Param MSE = 3.003048e-02, Grad norm = 3.795986e-07, Beta update rate = 1.954360e-07
Epoch 146400 (2.9%): Train pred MSE = 1.001787e-09, Test pred MSE = 2.950654e-03, Param MSE = 3.003047e-02, Grad norm = 3.768980e-07, Beta update rate = 1.940425e-07
Epoch 146600 (2.9%): Train pred MSE = 9.876838e-10, Test pred MSE = 2.950652e-03, Param MSE = 3.003045e-02, Grad norm = 3.742168e-07, Beta update rate = 1.926592e-07
Epoch 146800 (2.9%): Train pred MSE = 9.737802e-10, Test pred MSE = 2.950650e-03, Param MSE = 3.003043e-02, Grad norm = 3.715551e-07, Beta update rate = 1.912860e-07
Epoch 147000 (2.9%): Train pred MSE = 9.600737e-10, Test pred MSE = 2.950649e-03, Param MSE = 3.003041e-02, Grad norm = 3.689127e-07, Beta update rate = 1.899227e-07
Epoch 147200 (2.9%): Train pred MSE = 9.465614e-10, Test pred MSE = 2.950647e-03, Param MSE = 3.003039e-02, Grad norm = 3.662894e-07, Beta update rate = 1.885693e-07
Epoch 147400 (2.9%): Train pred MSE = 9.332406e-10, Test pred MSE = 2.950645e-03, Param MSE = 3.003037e-02, Grad norm = 3.636850e-07, Beta update rate = 1.872257e-07
Epoch 147600 (3.0%): Train pred MSE = 9.201085e-10, Test pred MSE = 2.950643e-03, Param MSE = 3.003035e-02, Grad norm = 3.610995e-07, Beta update rate = 1.858918e-07
Epoch 147800 (3.0%): Train pred MSE = 9.071625e-10, Test pred MSE = 2.950642e-03, Param MSE = 3.003034e-02, Grad norm = 3.585327e-07, Beta update rate = 1.845676e-07
Epoch 148000 (3.0%): Train pred MSE = 8.943999e-10, Test pred MSE = 2.950640e-03, Param MSE = 3.003032e-02, Grad norm = 3.559844e-07, Beta update rate = 1.832531e-07
Epoch 148200 (3.0%): Train pred MSE = 8.818181e-10, Test pred MSE = 2.950638e-03, Param MSE = 3.003030e-02, Grad norm = 3.534545e-07, Beta update rate = 1.819480e-07
Epoch 148400 (3.0%): Train pred MSE = 8.694144e-10, Test pred MSE = 2.950637e-03, Param MSE = 3.003028e-02, Grad norm = 3.509429e-07, Beta update rate = 1.806524e-07
Epoch 148600 (3.0%): Train pred MSE = 8.571863e-10, Test pred MSE = 2.950635e-03, Param MSE = 3.003027e-02, Grad norm = 3.484495e-07, Beta update rate = 1.793662e-07
Epoch 148800 (3.0%): Train pred MSE = 8.451314e-10, Test pred MSE = 2.950633e-03, Param MSE = 3.003025e-02, Grad norm = 3.459741e-07, Beta update rate = 1.780893e-07
Epoch 149000 (3.0%): Train pred MSE = 8.332472e-10, Test pred MSE = 2.950632e-03, Param MSE = 3.003023e-02, Grad norm = 3.435165e-07, Beta update rate = 1.768217e-07
Epoch 149200 (3.0%): Train pred MSE = 8.215312e-10, Test pred MSE = 2.950630e-03, Param MSE = 3.003021e-02, Grad norm = 3.410767e-07, Beta update rate = 1.755632e-07
Epoch 149400 (3.0%): Train pred MSE = 8.099810e-10, Test pred MSE = 2.950629e-03, Param MSE = 3.003020e-02, Grad norm = 3.386545e-07, Beta update rate = 1.743139e-07
Epoch 149600 (3.0%): Train pred MSE = 7.985942e-10, Test pred MSE = 2.950627e-03, Param MSE = 3.003018e-02, Grad norm = 3.362498e-07, Beta update rate = 1.730736e-07
Epoch 149800 (3.0%): Train pred MSE = 7.873686e-10, Test pred MSE = 2.950625e-03, Param MSE = 3.003016e-02, Grad norm = 3.338625e-07, Beta update rate = 1.718422e-07
Epoch 150000 (3.0%): Train pred MSE = 7.763018e-10, Test pred MSE = 2.950624e-03, Param MSE = 3.003015e-02, Grad norm = 3.314924e-07, Beta update rate = 1.706198e-07
Epoch 150200 (3.0%): Train pred MSE = 7.653916e-10, Test pred MSE = 2.950622e-03, Param MSE = 3.003013e-02, Grad norm = 3.291394e-07, Beta update rate = 1.694062e-07
Epoch 150400 (3.0%): Train pred MSE = 7.546357e-10, Test pred MSE = 2.950621e-03, Param MSE = 3.003011e-02, Grad norm = 3.268033e-07, Beta update rate = 1.682014e-07
Epoch 150600 (3.0%): Train pred MSE = 7.440319e-10, Test pred MSE = 2.950619e-03, Param MSE = 3.003010e-02, Grad norm = 3.244841e-07, Beta update rate = 1.670053e-07
Epoch 150800 (3.0%): Train pred MSE = 7.335781e-10, Test pred MSE = 2.950618e-03, Param MSE = 3.003008e-02, Grad norm = 3.221816e-07, Beta update rate = 1.658179e-07
Epoch 151000 (3.0%): Train pred MSE = 7.232721e-10, Test pred MSE = 2.950616e-03, Param MSE = 3.003007e-02, Grad norm = 3.198957e-07, Beta update rate = 1.646390e-07
Epoch 151200 (3.0%): Train pred MSE = 7.131119e-10, Test pred MSE = 2.950615e-03, Param MSE = 3.003005e-02, Grad norm = 3.176263e-07, Beta update rate = 1.634687e-07
Epoch 151400 (3.0%): Train pred MSE = 7.030952e-10, Test pred MSE = 2.950613e-03, Param MSE = 3.003003e-02, Grad norm = 3.153733e-07, Beta update rate = 1.623068e-07
Epoch 151600 (3.0%): Train pred MSE = 6.932202e-10, Test pred MSE = 2.950612e-03, Param MSE = 3.003002e-02, Grad norm = 3.131365e-07, Beta update rate = 1.611533e-07
Epoch 151800 (3.0%): Train pred MSE = 6.834847e-10, Test pred MSE = 2.950610e-03, Param MSE = 3.003000e-02, Grad norm = 3.109158e-07, Beta update rate = 1.600082e-07
Epoch 152000 (3.0%): Train pred MSE = 6.738868e-10, Test pred MSE = 2.950609e-03, Param MSE = 3.002999e-02, Grad norm = 3.087111e-07, Beta update rate = 1.588713e-07
Epoch 152200 (3.0%): Train pred MSE = 6.644246e-10, Test pred MSE = 2.950607e-03, Param MSE = 3.002997e-02, Grad norm = 3.065222e-07, Beta update rate = 1.577426e-07
Epoch 152400 (3.0%): Train pred MSE = 6.550960e-10, Test pred MSE = 2.950606e-03, Param MSE = 3.002996e-02, Grad norm = 3.043492e-07, Beta update rate = 1.566221e-07
Epoch 152600 (3.1%): Train pred MSE = 6.458993e-10, Test pred MSE = 2.950605e-03, Param MSE = 3.002994e-02, Grad norm = 3.021917e-07, Beta update rate = 1.555096e-07
Epoch 152800 (3.1%): Train pred MSE = 6.368324e-10, Test pred MSE = 2.950603e-03, Param MSE = 3.002993e-02, Grad norm = 3.000499e-07, Beta update rate = 1.544052e-07
Epoch 153000 (3.1%): Train pred MSE = 6.278936e-10, Test pred MSE = 2.950602e-03, Param MSE = 3.002991e-02, Grad norm = 2.979234e-07, Beta update rate = 1.533088e-07
Epoch 153200 (3.1%): Train pred MSE = 6.190811e-10, Test pred MSE = 2.950600e-03, Param MSE = 3.002990e-02, Grad norm = 2.958122e-07, Beta update rate = 1.522203e-07
Epoch 153400 (3.1%): Train pred MSE = 6.103930e-10, Test pred MSE = 2.950599e-03, Param MSE = 3.002988e-02, Grad norm = 2.937162e-07, Beta update rate = 1.511396e-07
Epoch 153600 (3.1%): Train pred MSE = 6.018276e-10, Test pred MSE = 2.950598e-03, Param MSE = 3.002987e-02, Grad norm = 2.916353e-07, Beta update rate = 1.500667e-07
Epoch 153800 (3.1%): Train pred MSE = 5.933831e-10, Test pred MSE = 2.950596e-03, Param MSE = 3.002986e-02, Grad norm = 2.895694e-07, Beta update rate = 1.490016e-07
Epoch 154000 (3.1%): Train pred MSE = 5.850578e-10, Test pred MSE = 2.950595e-03, Param MSE = 3.002984e-02, Grad norm = 2.875183e-07, Beta update rate = 1.479441e-07
Epoch 154200 (3.1%): Train pred MSE = 5.768501e-10, Test pred MSE = 2.950594e-03, Param MSE = 3.002983e-02, Grad norm = 2.854820e-07, Beta update rate = 1.468943e-07
Epoch 154400 (3.1%): Train pred MSE = 5.687581e-10, Test pred MSE = 2.950592e-03, Param MSE = 3.002981e-02, Grad norm = 2.834603e-07, Beta update rate = 1.458520e-07
Epoch 154600 (3.1%): Train pred MSE = 5.607804e-10, Test pred MSE = 2.950591e-03, Param MSE = 3.002980e-02, Grad norm = 2.814531e-07, Beta update rate = 1.448172e-07
Epoch 154800 (3.1%): Train pred MSE = 5.529153e-10, Test pred MSE = 2.950590e-03, Param MSE = 3.002979e-02, Grad norm = 2.794603e-07, Beta update rate = 1.437899e-07
Epoch 155000 (3.1%): Train pred MSE = 5.451611e-10, Test pred MSE = 2.950588e-03, Param MSE = 3.002977e-02, Grad norm = 2.774819e-07, Beta update rate = 1.427700e-07
Epoch 155200 (3.1%): Train pred MSE = 5.375163e-10, Test pred MSE = 2.950587e-03, Param MSE = 3.002976e-02, Grad norm = 2.755177e-07, Beta update rate = 1.417574e-07
Epoch 155400 (3.1%): Train pred MSE = 5.299794e-10, Test pred MSE = 2.950586e-03, Param MSE = 3.002975e-02, Grad norm = 2.735676e-07, Beta update rate = 1.407522e-07
Epoch 155600 (3.1%): Train pred MSE = 5.225488e-10, Test pred MSE = 2.950585e-03, Param MSE = 3.002973e-02, Grad norm = 2.716315e-07, Beta update rate = 1.397541e-07
Epoch 155800 (3.1%): Train pred MSE = 5.152230e-10, Test pred MSE = 2.950583e-03, Param MSE = 3.002972e-02, Grad norm = 2.697093e-07, Beta update rate = 1.387633e-07
Epoch 156000 (3.1%): Train pred MSE = 5.080004e-10, Test pred MSE = 2.950582e-03, Param MSE = 3.002971e-02, Grad norm = 2.678009e-07, Beta update rate = 1.377796e-07
Epoch 156200 (3.1%): Train pred MSE = 5.008798e-10, Test pred MSE = 2.950581e-03, Param MSE = 3.002969e-02, Grad norm = 2.659063e-07, Beta update rate = 1.368030e-07
Epoch 156400 (3.1%): Train pred MSE = 4.938595e-10, Test pred MSE = 2.950580e-03, Param MSE = 3.002968e-02, Grad norm = 2.640252e-07, Beta update rate = 1.358333e-07
Epoch 156600 (3.1%): Train pred MSE = 4.869382e-10, Test pred MSE = 2.950578e-03, Param MSE = 3.002967e-02, Grad norm = 2.621576e-07, Beta update rate = 1.348707e-07
Epoch 156800 (3.1%): Train pred MSE = 4.801144e-10, Test pred MSE = 2.950577e-03, Param MSE = 3.002966e-02, Grad norm = 2.603034e-07, Beta update rate = 1.339150e-07
Epoch 157000 (3.1%): Train pred MSE = 4.733869e-10, Test pred MSE = 2.950576e-03, Param MSE = 3.002964e-02, Grad norm = 2.584625e-07, Beta update rate = 1.329662e-07
Epoch 157200 (3.1%): Train pred MSE = 4.667541e-10, Test pred MSE = 2.950575e-03, Param MSE = 3.002963e-02, Grad norm = 2.566348e-07, Beta update rate = 1.320242e-07
Epoch 157400 (3.1%): Train pred MSE = 4.602148e-10, Test pred MSE = 2.950574e-03, Param MSE = 3.002962e-02, Grad norm = 2.548202e-07, Beta update rate = 1.310889e-07
Epoch 157600 (3.2%): Train pred MSE = 4.537677e-10, Test pred MSE = 2.950573e-03, Param MSE = 3.002961e-02, Grad norm = 2.530187e-07, Beta update rate = 1.301604e-07
Epoch 157800 (3.2%): Train pred MSE = 4.474114e-10, Test pred MSE = 2.950571e-03, Param MSE = 3.002959e-02, Grad norm = 2.512300e-07, Beta update rate = 1.292386e-07
Epoch 158000 (3.2%): Train pred MSE = 4.411446e-10, Test pred MSE = 2.950570e-03, Param MSE = 3.002958e-02, Grad norm = 2.494542e-07, Beta update rate = 1.283234e-07
Epoch 158200 (3.2%): Train pred MSE = 4.349662e-10, Test pred MSE = 2.950569e-03, Param MSE = 3.002957e-02, Grad norm = 2.476911e-07, Beta update rate = 1.274147e-07
Epoch 158400 (3.2%): Train pred MSE = 4.288747e-10, Test pred MSE = 2.950568e-03, Param MSE = 3.002956e-02, Grad norm = 2.459407e-07, Beta update rate = 1.265126e-07
Epoch 158600 (3.2%): Train pred MSE = 4.228690e-10, Test pred MSE = 2.950567e-03, Param MSE = 3.002955e-02, Grad norm = 2.442027e-07, Beta update rate = 1.256170e-07
Epoch 158800 (3.2%): Train pred MSE = 4.169479e-10, Test pred MSE = 2.950566e-03, Param MSE = 3.002953e-02, Grad norm = 2.424773e-07, Beta update rate = 1.247278e-07
Epoch 159000 (3.2%): Train pred MSE = 4.111102e-10, Test pred MSE = 2.950565e-03, Param MSE = 3.002952e-02, Grad norm = 2.407642e-07, Beta update rate = 1.238450e-07
Epoch 159200 (3.2%): Train pred MSE = 4.053547e-10, Test pred MSE = 2.950564e-03, Param MSE = 3.002951e-02, Grad norm = 2.390633e-07, Beta update rate = 1.229685e-07
Epoch 159400 (3.2%): Train pred MSE = 3.996802e-10, Test pred MSE = 2.950563e-03, Param MSE = 3.002950e-02, Grad norm = 2.373747e-07, Beta update rate = 1.220983e-07
Epoch 159600 (3.2%): Train pred MSE = 3.940856e-10, Test pred MSE = 2.950561e-03, Param MSE = 3.002949e-02, Grad norm = 2.356981e-07, Beta update rate = 1.212344e-07
Epoch 159800 (3.2%): Train pred MSE = 3.885697e-10, Test pred MSE = 2.950560e-03, Param MSE = 3.002948e-02, Grad norm = 2.340336e-07, Beta update rate = 1.203767e-07
Epoch 160000 (3.2%): Train pred MSE = 3.831314e-10, Test pred MSE = 2.950559e-03, Param MSE = 3.002947e-02, Grad norm = 2.323809e-07, Beta update rate = 1.195251e-07
Epoch 160200 (3.2%): Train pred MSE = 3.777697e-10, Test pred MSE = 2.950558e-03, Param MSE = 3.002945e-02, Grad norm = 2.307401e-07, Beta update rate = 1.186796e-07
Epoch 160400 (3.2%): Train pred MSE = 3.724834e-10, Test pred MSE = 2.950557e-03, Param MSE = 3.002944e-02, Grad norm = 2.291110e-07, Beta update rate = 1.178402e-07
Epoch 160600 (3.2%): Train pred MSE = 3.672715e-10, Test pred MSE = 2.950556e-03, Param MSE = 3.002943e-02, Grad norm = 2.274936e-07, Beta update rate = 1.170068e-07
Epoch 160800 (3.2%): Train pred MSE = 3.621330e-10, Test pred MSE = 2.950555e-03, Param MSE = 3.002942e-02, Grad norm = 2.258878e-07, Beta update rate = 1.161794e-07
Epoch 161000 (3.2%): Train pred MSE = 3.570667e-10, Test pred MSE = 2.950554e-03, Param MSE = 3.002941e-02, Grad norm = 2.242934e-07, Beta update rate = 1.153579e-07
Epoch 161200 (3.2%): Train pred MSE = 3.520717e-10, Test pred MSE = 2.950553e-03, Param MSE = 3.002940e-02, Grad norm = 2.227105e-07, Beta update rate = 1.145423e-07
Epoch 161400 (3.2%): Train pred MSE = 3.471469e-10, Test pred MSE = 2.950552e-03, Param MSE = 3.002939e-02, Grad norm = 2.211388e-07, Beta update rate = 1.137326e-07
Epoch 161600 (3.2%): Train pred MSE = 3.422914e-10, Test pred MSE = 2.950551e-03, Param MSE = 3.002938e-02, Grad norm = 2.195784e-07, Beta update rate = 1.129287e-07
Epoch 161800 (3.2%): Train pred MSE = 3.375041e-10, Test pred MSE = 2.950550e-03, Param MSE = 3.002937e-02, Grad norm = 2.180292e-07, Beta update rate = 1.121305e-07
Epoch 162000 (3.2%): Train pred MSE = 3.327842e-10, Test pred MSE = 2.950549e-03, Param MSE = 3.002936e-02, Grad norm = 2.164910e-07, Beta update rate = 1.113380e-07
Epoch 162200 (3.2%): Train pred MSE = 3.281306e-10, Test pred MSE = 2.950548e-03, Param MSE = 3.002935e-02, Grad norm = 2.149639e-07, Beta update rate = 1.105512e-07
Epoch 162400 (3.2%): Train pred MSE = 3.235425e-10, Test pred MSE = 2.950547e-03, Param MSE = 3.002934e-02, Grad norm = 2.134476e-07, Beta update rate = 1.097701e-07
Epoch 162600 (3.3%): Train pred MSE = 3.190188e-10, Test pred MSE = 2.950546e-03, Param MSE = 3.002933e-02, Grad norm = 2.119422e-07, Beta update rate = 1.089945e-07
Epoch 162800 (3.3%): Train pred MSE = 3.145588e-10, Test pred MSE = 2.950545e-03, Param MSE = 3.002932e-02, Grad norm = 2.104475e-07, Beta update rate = 1.082245e-07
Epoch 163000 (3.3%): Train pred MSE = 3.101614e-10, Test pred MSE = 2.950544e-03, Param MSE = 3.002931e-02, Grad norm = 2.089635e-07, Beta update rate = 1.074601e-07
Epoch 163200 (3.3%): Train pred MSE = 3.058258e-10, Test pred MSE = 2.950543e-03, Param MSE = 3.002930e-02, Grad norm = 2.074901e-07, Beta update rate = 1.067011e-07
Epoch 163400 (3.3%): Train pred MSE = 3.015511e-10, Test pred MSE = 2.950543e-03, Param MSE = 3.002929e-02, Grad norm = 2.060272e-07, Beta update rate = 1.059475e-07
Epoch 163600 (3.3%): Train pred MSE = 2.973365e-10, Test pred MSE = 2.950542e-03, Param MSE = 3.002928e-02, Grad norm = 2.045748e-07, Beta update rate = 1.051993e-07
Epoch 163800 (3.3%): Train pred MSE = 2.931811e-10, Test pred MSE = 2.950541e-03, Param MSE = 3.002927e-02, Grad norm = 2.031328e-07, Beta update rate = 1.044565e-07
Epoch 164000 (3.3%): Train pred MSE = 2.890841e-10, Test pred MSE = 2.950540e-03, Param MSE = 3.002926e-02, Grad norm = 2.017010e-07, Beta update rate = 1.037189e-07
Epoch 164200 (3.3%): Train pred MSE = 2.850446e-10, Test pred MSE = 2.950539e-03, Param MSE = 3.002925e-02, Grad norm = 2.002795e-07, Beta update rate = 1.029867e-07
Epoch 164400 (3.3%): Train pred MSE = 2.810619e-10, Test pred MSE = 2.950538e-03, Param MSE = 3.002924e-02, Grad norm = 1.988681e-07, Beta update rate = 1.022597e-07
Epoch 164600 (3.3%): Train pred MSE = 2.771351e-10, Test pred MSE = 2.950537e-03, Param MSE = 3.002923e-02, Grad norm = 1.974667e-07, Beta update rate = 1.015379e-07
Epoch 164800 (3.3%): Train pred MSE = 2.732634e-10, Test pred MSE = 2.950536e-03, Param MSE = 3.002922e-02, Grad norm = 1.960754e-07, Beta update rate = 1.008213e-07
Epoch 165000 (3.3%): Train pred MSE = 2.694461e-10, Test pred MSE = 2.950535e-03, Param MSE = 3.002921e-02, Grad norm = 1.946940e-07, Beta update rate = 1.001097e-07
Epoch 165200 (3.3%): Train pred MSE = 2.656824e-10, Test pred MSE = 2.950535e-03, Param MSE = 3.002920e-02, Grad norm = 1.933225e-07, Beta update rate = 9.940331e-08
Epoch 165400 (3.3%): Train pred MSE = 2.619715e-10, Test pred MSE = 2.950534e-03, Param MSE = 3.002920e-02, Grad norm = 1.919607e-07, Beta update rate = 9.870193e-08
Epoch 165600 (3.3%): Train pred MSE = 2.583128e-10, Test pred MSE = 2.950533e-03, Param MSE = 3.002919e-02, Grad norm = 1.906086e-07, Beta update rate = 9.800556e-08
Epoch 165800 (3.3%): Train pred MSE = 2.547053e-10, Test pred MSE = 2.950532e-03, Param MSE = 3.002918e-02, Grad norm = 1.892662e-07, Beta update rate = 9.731417e-08
Epoch 166000 (3.3%): Train pred MSE = 2.511486e-10, Test pred MSE = 2.950531e-03, Param MSE = 3.002917e-02, Grad norm = 1.879334e-07, Beta update rate = 9.662772e-08
Epoch 166200 (3.3%): Train pred MSE = 2.476417e-10, Test pred MSE = 2.950530e-03, Param MSE = 3.002916e-02, Grad norm = 1.866100e-07, Beta update rate = 9.594617e-08
Epoch 166400 (3.3%): Train pred MSE = 2.441840e-10, Test pred MSE = 2.950530e-03, Param MSE = 3.002915e-02, Grad norm = 1.852961e-07, Beta update rate = 9.526949e-08
Epoch 166600 (3.3%): Train pred MSE = 2.407749e-10, Test pred MSE = 2.950529e-03, Param MSE = 3.002914e-02, Grad norm = 1.839916e-07, Beta update rate = 9.459764e-08
Epoch 166800 (3.3%): Train pred MSE = 2.374136e-10, Test pred MSE = 2.950528e-03, Param MSE = 3.002913e-02, Grad norm = 1.826963e-07, Beta update rate = 9.393060e-08
Epoch 167000 (3.3%): Train pred MSE = 2.340994e-10, Test pred MSE = 2.950527e-03, Param MSE = 3.002913e-02, Grad norm = 1.814103e-07, Beta update rate = 9.326831e-08
Epoch 167200 (3.3%): Train pred MSE = 2.308318e-10, Test pred MSE = 2.950526e-03, Param MSE = 3.002912e-02, Grad norm = 1.801334e-07, Beta update rate = 9.261075e-08
Epoch 167400 (3.3%): Train pred MSE = 2.276100e-10, Test pred MSE = 2.950525e-03, Param MSE = 3.002911e-02, Grad norm = 1.788657e-07, Beta update rate = 9.195789e-08
Epoch 167600 (3.4%): Train pred MSE = 2.244333e-10, Test pred MSE = 2.950525e-03, Param MSE = 3.002910e-02, Grad norm = 1.776069e-07, Beta update rate = 9.130969e-08
Epoch 167800 (3.4%): Train pred MSE = 2.213012e-10, Test pred MSE = 2.950524e-03, Param MSE = 3.002909e-02, Grad norm = 1.763572e-07, Beta update rate = 9.066611e-08
Epoch 168000 (3.4%): Train pred MSE = 2.182131e-10, Test pred MSE = 2.950523e-03, Param MSE = 3.002908e-02, Grad norm = 1.751163e-07, Beta update rate = 9.002712e-08
Epoch 168200 (3.4%): Train pred MSE = 2.151682e-10, Test pred MSE = 2.950522e-03, Param MSE = 3.002908e-02, Grad norm = 1.738842e-07, Beta update rate = 8.939270e-08
Epoch 168400 (3.4%): Train pred MSE = 2.121660e-10, Test pred MSE = 2.950522e-03, Param MSE = 3.002907e-02, Grad norm = 1.726610e-07, Beta update rate = 8.876280e-08
Epoch 168600 (3.4%): Train pred MSE = 2.092060e-10, Test pred MSE = 2.950521e-03, Param MSE = 3.002906e-02, Grad norm = 1.714464e-07, Beta update rate = 8.813739e-08
Epoch 168800 (3.4%): Train pred MSE = 2.062874e-10, Test pred MSE = 2.950520e-03, Param MSE = 3.002905e-02, Grad norm = 1.702405e-07, Beta update rate = 8.751644e-08
Epoch 169000 (3.4%): Train pred MSE = 2.034097e-10, Test pred MSE = 2.950519e-03, Param MSE = 3.002904e-02, Grad norm = 1.690431e-07, Beta update rate = 8.689993e-08
Epoch 169200 (3.4%): Train pred MSE = 2.005724e-10, Test pred MSE = 2.950519e-03, Param MSE = 3.002904e-02, Grad norm = 1.678543e-07, Beta update rate = 8.628780e-08
Epoch 169400 (3.4%): Train pred MSE = 1.977748e-10, Test pred MSE = 2.950518e-03, Param MSE = 3.002903e-02, Grad norm = 1.666740e-07, Beta update rate = 8.568004e-08
Epoch 169600 (3.4%): Train pred MSE = 1.950164e-10, Test pred MSE = 2.950517e-03, Param MSE = 3.002902e-02, Grad norm = 1.655020e-07, Beta update rate = 8.507662e-08
Epoch 169800 (3.4%): Train pred MSE = 1.922967e-10, Test pred MSE = 2.950516e-03, Param MSE = 3.002901e-02, Grad norm = 1.643384e-07, Beta update rate = 8.447749e-08
Epoch 170000 (3.4%): Train pred MSE = 1.896151e-10, Test pred MSE = 2.950516e-03, Param MSE = 3.002901e-02, Grad norm = 1.631830e-07, Beta update rate = 8.388264e-08
Epoch 170200 (3.4%): Train pred MSE = 1.869711e-10, Test pred MSE = 2.950515e-03, Param MSE = 3.002900e-02, Grad norm = 1.620359e-07, Beta update rate = 8.329202e-08
Epoch 170400 (3.4%): Train pred MSE = 1.843641e-10, Test pred MSE = 2.950514e-03, Param MSE = 3.002899e-02, Grad norm = 1.608969e-07, Beta update rate = 8.270561e-08
Epoch 170600 (3.4%): Train pred MSE = 1.817936e-10, Test pred MSE = 2.950514e-03, Param MSE = 3.002898e-02, Grad norm = 1.597660e-07, Beta update rate = 8.212338e-08
Epoch 170800 (3.4%): Train pred MSE = 1.792592e-10, Test pred MSE = 2.950513e-03, Param MSE = 3.002898e-02, Grad norm = 1.586432e-07, Beta update rate = 8.154530e-08
Epoch 171000 (3.4%): Train pred MSE = 1.767602e-10, Test pred MSE = 2.950512e-03, Param MSE = 3.002897e-02, Grad norm = 1.575283e-07, Beta update rate = 8.097133e-08
Epoch 171200 (3.4%): Train pred MSE = 1.742962e-10, Test pred MSE = 2.950512e-03, Param MSE = 3.002896e-02, Grad norm = 1.564213e-07, Beta update rate = 8.040146e-08
Epoch 171400 (3.4%): Train pred MSE = 1.718668e-10, Test pred MSE = 2.950511e-03, Param MSE = 3.002895e-02, Grad norm = 1.553223e-07, Beta update rate = 7.983564e-08
Epoch 171600 (3.4%): Train pred MSE = 1.694713e-10, Test pred MSE = 2.950510e-03, Param MSE = 3.002895e-02, Grad norm = 1.542310e-07, Beta update rate = 7.927384e-08
Epoch 171800 (3.4%): Train pred MSE = 1.671094e-10, Test pred MSE = 2.950510e-03, Param MSE = 3.002894e-02, Grad norm = 1.531475e-07, Beta update rate = 7.871605e-08
Epoch 172000 (3.4%): Train pred MSE = 1.647806e-10, Test pred MSE = 2.950509e-03, Param MSE = 3.002893e-02, Grad norm = 1.520717e-07, Beta update rate = 7.816223e-08
Epoch 172200 (3.4%): Train pred MSE = 1.624844e-10, Test pred MSE = 2.950508e-03, Param MSE = 3.002893e-02, Grad norm = 1.510035e-07, Beta update rate = 7.761235e-08
Epoch 172400 (3.4%): Train pred MSE = 1.602203e-10, Test pred MSE = 2.950508e-03, Param MSE = 3.002892e-02, Grad norm = 1.499429e-07, Beta update rate = 7.706638e-08
Epoch 172600 (3.5%): Train pred MSE = 1.579879e-10, Test pred MSE = 2.950507e-03, Param MSE = 3.002891e-02, Grad norm = 1.488898e-07, Beta update rate = 7.652430e-08
Epoch 172800 (3.5%): Train pred MSE = 1.557867e-10, Test pred MSE = 2.950506e-03, Param MSE = 3.002891e-02, Grad norm = 1.478443e-07, Beta update rate = 7.598607e-08
Epoch 173000 (3.5%): Train pred MSE = 1.536164e-10, Test pred MSE = 2.950506e-03, Param MSE = 3.002890e-02, Grad norm = 1.468061e-07, Beta update rate = 7.545167e-08
Epoch 173200 (3.5%): Train pred MSE = 1.514764e-10, Test pred MSE = 2.950505e-03, Param MSE = 3.002889e-02, Grad norm = 1.457753e-07, Beta update rate = 7.492108e-08
Epoch 173400 (3.5%): Train pred MSE = 1.493664e-10, Test pred MSE = 2.950504e-03, Param MSE = 3.002889e-02, Grad norm = 1.447518e-07, Beta update rate = 7.439426e-08
Epoch 173600 (3.5%): Train pred MSE = 1.472859e-10, Test pred MSE = 2.950504e-03, Param MSE = 3.002888e-02, Grad norm = 1.437356e-07, Beta update rate = 7.387118e-08
Epoch 173800 (3.5%): Train pred MSE = 1.452345e-10, Test pred MSE = 2.950503e-03, Param MSE = 3.002887e-02, Grad norm = 1.427266e-07, Beta update rate = 7.335182e-08
Epoch 174000 (3.5%): Train pred MSE = 1.432118e-10, Test pred MSE = 2.950503e-03, Param MSE = 3.002887e-02, Grad norm = 1.417248e-07, Beta update rate = 7.283616e-08
Epoch 174200 (3.5%): Train pred MSE = 1.412174e-10, Test pred MSE = 2.950502e-03, Param MSE = 3.002886e-02, Grad norm = 1.407300e-07, Beta update rate = 7.232416e-08
Epoch 174400 (3.5%): Train pred MSE = 1.392508e-10, Test pred MSE = 2.950501e-03, Param MSE = 3.002885e-02, Grad norm = 1.397424e-07, Beta update rate = 7.181580e-08
Epoch 174600 (3.5%): Train pred MSE = 1.373118e-10, Test pred MSE = 2.950501e-03, Param MSE = 3.002885e-02, Grad norm = 1.387617e-07, Beta update rate = 7.131106e-08
Epoch 174800 (3.5%): Train pred MSE = 1.354000e-10, Test pred MSE = 2.950500e-03, Param MSE = 3.002884e-02, Grad norm = 1.377880e-07, Beta update rate = 7.080990e-08
Epoch 175000 (3.5%): Train pred MSE = 1.335148e-10, Test pred MSE = 2.950500e-03, Param MSE = 3.002883e-02, Grad norm = 1.368212e-07, Beta update rate = 7.031230e-08
Epoch 175200 (3.5%): Train pred MSE = 1.316560e-10, Test pred MSE = 2.950499e-03, Param MSE = 3.002883e-02, Grad norm = 1.358612e-07, Beta update rate = 6.981824e-08
Epoch 175400 (3.5%): Train pred MSE = 1.298232e-10, Test pred MSE = 2.950498e-03, Param MSE = 3.002882e-02, Grad norm = 1.349081e-07, Beta update rate = 6.932769e-08
Epoch 175600 (3.5%): Train pred MSE = 1.280161e-10, Test pred MSE = 2.950498e-03, Param MSE = 3.002882e-02, Grad norm = 1.339617e-07, Beta update rate = 6.884062e-08
Epoch 175800 (3.5%): Train pred MSE = 1.262342e-10, Test pred MSE = 2.950497e-03, Param MSE = 3.002881e-02, Grad norm = 1.330220e-07, Beta update rate = 6.835701e-08
Epoch 176000 (3.5%): Train pred MSE = 1.244772e-10, Test pred MSE = 2.950497e-03, Param MSE = 3.002880e-02, Grad norm = 1.320890e-07, Beta update rate = 6.787683e-08
Epoch 176200 (3.5%): Train pred MSE = 1.227447e-10, Test pred MSE = 2.950496e-03, Param MSE = 3.002880e-02, Grad norm = 1.311626e-07, Beta update rate = 6.740007e-08
Epoch 176400 (3.5%): Train pred MSE = 1.210365e-10, Test pred MSE = 2.950496e-03, Param MSE = 3.002879e-02, Grad norm = 1.302427e-07, Beta update rate = 6.692669e-08
Epoch 176600 (3.5%): Train pred MSE = 1.193522e-10, Test pred MSE = 2.950495e-03, Param MSE = 3.002879e-02, Grad norm = 1.293294e-07, Beta update rate = 6.645667e-08
Epoch 176800 (3.5%): Train pred MSE = 1.176914e-10, Test pred MSE = 2.950494e-03, Param MSE = 3.002878e-02, Grad norm = 1.284225e-07, Beta update rate = 6.598999e-08
Epoch 177000 (3.5%): Train pred MSE = 1.160538e-10, Test pred MSE = 2.950494e-03, Param MSE = 3.002878e-02, Grad norm = 1.275221e-07, Beta update rate = 6.552662e-08
Epoch 177200 (3.5%): Train pred MSE = 1.144390e-10, Test pred MSE = 2.950493e-03, Param MSE = 3.002877e-02, Grad norm = 1.266281e-07, Beta update rate = 6.506654e-08
Epoch 177400 (3.5%): Train pred MSE = 1.128469e-10, Test pred MSE = 2.950493e-03, Param MSE = 3.002876e-02, Grad norm = 1.257403e-07, Beta update rate = 6.460972e-08
Epoch 177600 (3.6%): Train pred MSE = 1.112770e-10, Test pred MSE = 2.950492e-03, Param MSE = 3.002876e-02, Grad norm = 1.248589e-07, Beta update rate = 6.415615e-08
Epoch 177800 (3.6%): Train pred MSE = 1.097290e-10, Test pred MSE = 2.950492e-03, Param MSE = 3.002875e-02, Grad norm = 1.239837e-07, Beta update rate = 6.370579e-08
Epoch 178000 (3.6%): Train pred MSE = 1.082026e-10, Test pred MSE = 2.950491e-03, Param MSE = 3.002875e-02, Grad norm = 1.231147e-07, Beta update rate = 6.325862e-08
Epoch 178200 (3.6%): Train pred MSE = 1.066976e-10, Test pred MSE = 2.950491e-03, Param MSE = 3.002874e-02, Grad norm = 1.222519e-07, Beta update rate = 6.281463e-08
Epoch 178400 (3.6%): Train pred MSE = 1.052136e-10, Test pred MSE = 2.950490e-03, Param MSE = 3.002874e-02, Grad norm = 1.213951e-07, Beta update rate = 6.237379e-08
Epoch 178600 (3.6%): Train pred MSE = 1.037503e-10, Test pred MSE = 2.950490e-03, Param MSE = 3.002873e-02, Grad norm = 1.205445e-07, Beta update rate = 6.193608e-08
Epoch 178800 (3.6%): Train pred MSE = 1.023075e-10, Test pred MSE = 2.950489e-03, Param MSE = 3.002873e-02, Grad norm = 1.196998e-07, Beta update rate = 6.150146e-08
Epoch 179000 (3.6%): Train pred MSE = 1.008848e-10, Test pred MSE = 2.950489e-03, Param MSE = 3.002872e-02, Grad norm = 1.188611e-07, Beta update rate = 6.106993e-08
Epoch 179200 (3.6%): Train pred MSE = 9.948192e-11, Test pred MSE = 2.950488e-03, Param MSE = 3.002871e-02, Grad norm = 1.180284e-07, Beta update rate = 6.064146e-08

Training completed at epoch 179200
Stop reason: train_pred_mse
Final Train pred MSE = 9.948192e-11
Final Test pred MSE = 2.950488e-03
Final Param MSE = 3.002871e-02
Final Grad norm = 1.180284e-07
Final Beta update rate = 6.064146e-08
Success flag: True (train_pred_mse < 1.00e-10)
Results metadata saved to results/diagonal/step1_mixture/pi_A=0.10--alpha=0.700000--seed=2/results_meta.json
Saved c_vec to results/diagonal/step1_mixture/pi_A=0.10--alpha=0.700000--seed=2/c_vec.npy

Results saved to results/diagonal/step1_mixture/pi_A=0.10--alpha=0.700000--seed=2/
Total jobs in this sweep: 108
Pi_A values: [0.1, 0.5, 0.9]
Alpha values: [0.05, 0.1, 0.2, 0.25, 0.3, 0.4, 0.5, 0.6, 0.7, 0.8, 0.9, 1.0]
Seeds: [0, 1, 2]
================================================================================
Step 1 Mixture Sweep - Experiment Parameters:
================================================================================
  c: 0.001
  c_A: 0.001
  c_B: 0.5
  c_mode: mixture
  epochs: 5000000
  init_method: complex
  inp_dim: 1000
  lmda: 0.0
  lr: 0.5
  n_test: 10000
  n_train: 700
  no_tuning: True
  pi_A: 0.1
  rho: 0.04
  save_folder: results/diagonal/step1_mixture/pi_A=0.10--alpha=0.700000--seed=2/
  scaling: 1.0
  seed: 2
  test_every_n_epochs: 200
  threshold: 1e-12
================================================================================

Running training script...

Extracting results and saving to CSV...
Results appended to /home/na658/multi-task2/experiment_results_step1_mixture.csv

✓ Experiment 26 completed successfully
[SLURM] Job 20446008 task 26 finished
