[SLURM] Job 20446135 task 30 starting on cpu-q-35
[SLURM] Step 2 Support Sweep
[SLURM] Using Python: /home/na658/.conda/envs/mtl_ft/bin/python
Starting diagonal network pretrain BG script...

================================================================================
SCRIPT STARTED - Running diagonal network BG experiment...
================================================================================

================================================================================
EXPERIMENT SETTINGS
================================================================================
Seed: 0
Input dimension: 1000
Sparsity (rho): 0.04
Training samples: 900
Test samples: 10000
Learning rate: 0.5
Max epochs: 5000000
Test every N epochs: 200
Convergence threshold: 1e-12
Stop pred MSE: 1e-10
Stop beta rate: disabled
Stop grad norm: disabled
LR decay: disabled
LR decay interval: 2000
Scaling: 1.0
Lambda (λ): 0.0
C parameter: 0.001
Initialization method: complex
Learning rate tuning: False
Save folder: results/diagonal/step2_support/c_nz=0.001000--c_z=0.500000--alpha=0.900000--seed=0/
C mode: support
  c_nz=0.001, c_z=0.5
================================================================================
Starting training...
================================================================================
[c_mode=support] support fraction=0.0570 (rho=0.04)
[c_mode=support] c_nz=0.001, c_z=0.5
Per-coordinate c init: c_vec range [0.001000, 0.500000]

Starting training loop (max 5000000 epochs, threshold=1.00e-12)...
Epoch      0 (0.0%): Train pred MSE = 1.868962e+00, Test pred MSE = 1.614479e-01, Param MSE = 1.610163e+00, Grad norm = 9.594623e-02, Beta update rate = nan
Epoch    200 (0.0%): Train pred MSE = 1.200755e+00, Test pred MSE = 1.665380e-01, Param MSE = 1.675452e+00, Grad norm = 7.237397e-02, Beta update rate = 4.302897e-02
Epoch    400 (0.0%): Train pred MSE = 7.106895e-01, Test pred MSE = 1.651269e-01, Param MSE = 1.669599e+00, Grad norm = 6.179139e-02, Beta update rate = 4.987680e-02
Epoch    600 (0.0%): Train pred MSE = 4.262728e-01, Test pred MSE = 1.497034e-01, Param MSE = 1.514732e+00, Grad norm = 4.463050e-02, Beta update rate = 4.244599e-02
Epoch    800 (0.0%): Train pred MSE = 2.878241e-01, Test pred MSE = 1.351146e-01, Param MSE = 1.363584e+00, Grad norm = 3.161427e-02, Beta update rate = 3.092503e-02
Epoch   1000 (0.0%): Train pred MSE = 2.050910e-01, Test pred MSE = 1.237333e-01, Param MSE = 1.245480e+00, Grad norm = 2.632315e-02, Beta update rate = 2.092541e-02
Epoch   1200 (0.0%): Train pred MSE = 1.475198e-01, Test pred MSE = 1.120759e-01, Param MSE = 1.126699e+00, Grad norm = 2.154944e-02, Beta update rate = 1.800533e-02
Epoch   1400 (0.0%): Train pred MSE = 1.104391e-01, Test pred MSE = 1.016559e-01, Param MSE = 1.021424e+00, Grad norm = 1.707618e-02, Beta update rate = 1.524008e-02
Epoch   1600 (0.0%): Train pred MSE = 8.688551e-02, Test pred MSE = 9.344586e-02, Param MSE = 9.388032e-01, Grad norm = 1.378673e-02, Beta update rate = 1.212570e-02
Epoch   1800 (0.0%): Train pred MSE = 7.099331e-02, Test pred MSE = 8.708982e-02, Param MSE = 8.751432e-01, Grad norm = 1.155810e-02, Beta update rate = 9.637621e-03
Epoch   2000 (0.0%): Train pred MSE = 5.942399e-02, Test pred MSE = 8.200213e-02, Param MSE = 8.244821e-01, Grad norm = 1.003718e-02, Beta update rate = 7.876432e-03
Epoch   2200 (0.0%): Train pred MSE = 5.048083e-02, Test pred MSE = 7.774152e-02, Param MSE = 7.822957e-01, Grad norm = 8.922681e-03, Beta update rate = 6.683870e-03
Epoch   2400 (0.0%): Train pred MSE = 4.331913e-02, Test pred MSE = 7.404017e-02, Param MSE = 7.458173e-01, Grad norm = 8.028324e-03, Beta update rate = 5.861334e-03
Epoch   2600 (0.1%): Train pred MSE = 3.748658e-02, Test pred MSE = 7.075427e-02, Param MSE = 7.135466e-01, Grad norm = 7.262516e-03, Beta update rate = 5.250204e-03
Epoch   2800 (0.1%): Train pred MSE = 3.269973e-02, Test pred MSE = 6.780933e-02, Param MSE = 6.846984e-01, Grad norm = 6.588171e-03, Beta update rate = 4.754261e-03
Epoch   3000 (0.1%): Train pred MSE = 2.875132e-02, Test pred MSE = 6.516146e-02, Param MSE = 6.588099e-01, Grad norm = 5.991016e-03, Beta update rate = 4.327377e-03
Epoch   3200 (0.1%): Train pred MSE = 2.547746e-02, Test pred MSE = 6.277764e-02, Param MSE = 6.355366e-01, Grad norm = 5.463510e-03, Beta update rate = 3.950625e-03
Epoch   3400 (0.1%): Train pred MSE = 2.274595e-02, Test pred MSE = 6.062863e-02, Param MSE = 6.145765e-01, Grad norm = 4.999322e-03, Beta update rate = 3.615553e-03
Epoch   3600 (0.1%): Train pred MSE = 2.045055e-02, Test pred MSE = 5.868737e-02, Param MSE = 5.956526e-01, Grad norm = 4.591743e-03, Beta update rate = 3.317221e-03
Epoch   3800 (0.1%): Train pred MSE = 1.850686e-02, Test pred MSE = 5.692899e-02, Param MSE = 5.785128e-01, Grad norm = 4.233639e-03, Beta update rate = 3.051911e-03
Epoch   4000 (0.1%): Train pred MSE = 1.684841e-02, Test pred MSE = 5.533116e-02, Param MSE = 5.629326e-01, Grad norm = 3.918051e-03, Beta update rate = 2.816225e-03
Epoch   4200 (0.1%): Train pred MSE = 1.542302e-02, Test pred MSE = 5.387415e-02, Param MSE = 5.487160e-01, Grad norm = 3.638752e-03, Beta update rate = 2.606815e-03
Epoch   4400 (0.1%): Train pred MSE = 1.418960e-02, Test pred MSE = 5.254085e-02, Param MSE = 5.356946e-01, Grad norm = 3.390463e-03, Beta update rate = 2.420453e-03
Epoch   4600 (0.1%): Train pred MSE = 1.311548e-02, Test pred MSE = 5.131651e-02, Param MSE = 5.237241e-01, Grad norm = 3.168820e-03, Beta update rate = 2.254166e-03
Epoch   4800 (0.1%): Train pred MSE = 1.217451e-02, Test pred MSE = 5.018845e-02, Param MSE = 5.126819e-01, Grad norm = 2.970242e-03, Beta update rate = 2.105308e-03
Epoch   5000 (0.1%): Train pred MSE = 1.134551e-02, Test pred MSE = 4.914580e-02, Param MSE = 5.024628e-01, Grad norm = 2.791777e-03, Beta update rate = 1.971589e-03
Epoch   5200 (0.1%): Train pred MSE = 1.061121e-02, Test pred MSE = 4.817915e-02, Param MSE = 4.929767e-01, Grad norm = 2.630961e-03, Beta update rate = 1.851061e-03
Epoch   5400 (0.1%): Train pred MSE = 9.957432e-03, Test pred MSE = 4.728038e-02, Param MSE = 4.841457e-01, Grad norm = 2.485706e-03, Beta update rate = 1.742082e-03
Epoch   5600 (0.1%): Train pred MSE = 9.372427e-03, Test pred MSE = 4.644242e-02, Param MSE = 4.759021e-01, Grad norm = 2.354213e-03, Beta update rate = 1.643274e-03
Epoch   5800 (0.1%): Train pred MSE = 8.846451e-03, Test pred MSE = 4.565906e-02, Param MSE = 4.681867e-01, Grad norm = 2.234910e-03, Beta update rate = 1.553469e-03
Epoch   6000 (0.1%): Train pred MSE = 8.371371e-03, Test pred MSE = 4.492488e-02, Param MSE = 4.609475e-01, Grad norm = 2.126418e-03, Beta update rate = 1.471670e-03
Epoch   6200 (0.1%): Train pred MSE = 7.940377e-03, Test pred MSE = 4.423509e-02, Param MSE = 4.541387e-01, Grad norm = 2.027515e-03, Beta update rate = 1.397013e-03
Epoch   6400 (0.1%): Train pred MSE = 7.547749e-03, Test pred MSE = 4.358547e-02, Param MSE = 4.477198e-01, Grad norm = 1.937122e-03, Beta update rate = 1.328744e-03
Epoch   6600 (0.1%): Train pred MSE = 7.188666e-03, Test pred MSE = 4.297228e-02, Param MSE = 4.416548e-01, Grad norm = 1.854284e-03, Beta update rate = 1.266197e-03
Epoch   6800 (0.1%): Train pred MSE = 6.859047e-03, Test pred MSE = 4.239221e-02, Param MSE = 4.359118e-01, Grad norm = 1.778157e-03, Beta update rate = 1.208782e-03
Epoch   7000 (0.1%): Train pred MSE = 6.555428e-03, Test pred MSE = 4.184231e-02, Param MSE = 4.304624e-01, Grad norm = 1.708000e-03, Beta update rate = 1.155977e-03
Epoch   7200 (0.1%): Train pred MSE = 6.274858e-03, Test pred MSE = 4.131997e-02, Param MSE = 4.252814e-01, Grad norm = 1.643158e-03, Beta update rate = 1.107315e-03
Epoch   7400 (0.1%): Train pred MSE = 6.014810e-03, Test pred MSE = 4.082287e-02, Param MSE = 4.203462e-01, Grad norm = 1.583056e-03, Beta update rate = 1.062381e-03
Epoch   7600 (0.2%): Train pred MSE = 5.773112e-03, Test pred MSE = 4.034892e-02, Param MSE = 4.156368e-01, Grad norm = 1.527188e-03, Beta update rate = 1.020805e-03
Epoch   7800 (0.2%): Train pred MSE = 5.547893e-03, Test pred MSE = 3.989629e-02, Param MSE = 4.111353e-01, Grad norm = 1.475113e-03, Beta update rate = 9.822585e-04
Epoch   8000 (0.2%): Train pred MSE = 5.337529e-03, Test pred MSE = 3.946331e-02, Param MSE = 4.068256e-01, Grad norm = 1.426440e-03, Beta update rate = 9.464456e-04
Epoch   8200 (0.2%): Train pred MSE = 5.140608e-03, Test pred MSE = 3.904852e-02, Param MSE = 4.026933e-01, Grad norm = 1.380829e-03, Beta update rate = 9.131040e-04
Epoch   8400 (0.2%): Train pred MSE = 4.955898e-03, Test pred MSE = 3.865060e-02, Param MSE = 3.987257e-01, Grad norm = 1.337981e-03, Beta update rate = 8.819986e-04
Epoch   8600 (0.2%): Train pred MSE = 4.782315e-03, Test pred MSE = 3.826836e-02, Param MSE = 3.949113e-01, Grad norm = 1.297634e-03, Beta update rate = 8.529193e-04
Epoch   8800 (0.2%): Train pred MSE = 4.618905e-03, Test pred MSE = 3.790073e-02, Param MSE = 3.912398e-01, Grad norm = 1.259559e-03, Beta update rate = 8.256777e-04
Epoch   9000 (0.2%): Train pred MSE = 4.464822e-03, Test pred MSE = 3.754678e-02, Param MSE = 3.877018e-01, Grad norm = 1.223554e-03, Beta update rate = 8.001053e-04
Epoch   9200 (0.2%): Train pred MSE = 4.319316e-03, Test pred MSE = 3.720564e-02, Param MSE = 3.842891e-01, Grad norm = 1.189442e-03, Beta update rate = 7.760509e-04
Epoch   9400 (0.2%): Train pred MSE = 4.181715e-03, Test pred MSE = 3.687653e-02, Param MSE = 3.809942e-01, Grad norm = 1.157067e-03, Beta update rate = 7.533792e-04
Epoch   9600 (0.2%): Train pred MSE = 4.051420e-03, Test pred MSE = 3.655875e-02, Param MSE = 3.778101e-01, Grad norm = 1.126292e-03, Beta update rate = 7.319689e-04
Epoch   9800 (0.2%): Train pred MSE = 3.927888e-03, Test pred MSE = 3.625168e-02, Param MSE = 3.747308e-01, Grad norm = 1.096995e-03, Beta update rate = 7.117112e-04
Epoch  10000 (0.2%): Train pred MSE = 3.810633e-03, Test pred MSE = 3.595472e-02, Param MSE = 3.717507e-01, Grad norm = 1.069069e-03, Beta update rate = 6.925091e-04
Epoch  10200 (0.2%): Train pred MSE = 3.699210e-03, Test pred MSE = 3.566736e-02, Param MSE = 3.688645e-01, Grad norm = 1.042418e-03, Beta update rate = 6.742756e-04
Epoch  10400 (0.2%): Train pred MSE = 3.593218e-03, Test pred MSE = 3.538910e-02, Param MSE = 3.660677e-01, Grad norm = 1.016956e-03, Beta update rate = 6.569328e-04
Epoch  10600 (0.2%): Train pred MSE = 3.492291e-03, Test pred MSE = 3.511951e-02, Param MSE = 3.633560e-01, Grad norm = 9.926063e-04, Beta update rate = 6.404112e-04
Epoch  10800 (0.2%): Train pred MSE = 3.396093e-03, Test pred MSE = 3.485817e-02, Param MSE = 3.607253e-01, Grad norm = 9.692980e-04, Beta update rate = 6.246486e-04
Epoch  11000 (0.2%): Train pred MSE = 3.304319e-03, Test pred MSE = 3.460471e-02, Param MSE = 3.581719e-01, Grad norm = 9.469682e-04, Beta update rate = 6.095892e-04
Epoch  11200 (0.2%): Train pred MSE = 3.216685e-03, Test pred MSE = 3.435877e-02, Param MSE = 3.556926e-01, Grad norm = 9.255589e-04, Beta update rate = 5.951831e-04
Epoch  11400 (0.2%): Train pred MSE = 3.132933e-03, Test pred MSE = 3.412003e-02, Param MSE = 3.532840e-01, Grad norm = 9.050170e-04, Beta update rate = 5.813855e-04
Epoch  11600 (0.2%): Train pred MSE = 3.052825e-03, Test pred MSE = 3.388817e-02, Param MSE = 3.509433e-01, Grad norm = 8.852936e-04, Beta update rate = 5.681560e-04
Epoch  11800 (0.2%): Train pred MSE = 2.976139e-03, Test pred MSE = 3.366292e-02, Param MSE = 3.486676e-01, Grad norm = 8.663435e-04, Beta update rate = 5.554582e-04
Epoch  12000 (0.2%): Train pred MSE = 2.902673e-03, Test pred MSE = 3.344398e-02, Param MSE = 3.464542e-01, Grad norm = 8.481247e-04, Beta update rate = 5.432593e-04
Epoch  12200 (0.2%): Train pred MSE = 2.832238e-03, Test pred MSE = 3.323113e-02, Param MSE = 3.443008e-01, Grad norm = 8.305982e-04, Beta update rate = 5.315294e-04
Epoch  12400 (0.2%): Train pred MSE = 2.764660e-03, Test pred MSE = 3.302410e-02, Param MSE = 3.422050e-01, Grad norm = 8.137278e-04, Beta update rate = 5.202412e-04
Epoch  12600 (0.3%): Train pred MSE = 2.699776e-03, Test pred MSE = 3.282267e-02, Param MSE = 3.401646e-01, Grad norm = 7.974795e-04, Beta update rate = 5.093701e-04
Epoch  12800 (0.3%): Train pred MSE = 2.637436e-03, Test pred MSE = 3.262662e-02, Param MSE = 3.381774e-01, Grad norm = 7.818217e-04, Beta update rate = 4.988932e-04
Epoch  13000 (0.3%): Train pred MSE = 2.577500e-03, Test pred MSE = 3.243576e-02, Param MSE = 3.362414e-01, Grad norm = 7.667246e-04, Beta update rate = 4.887897e-04
Epoch  13200 (0.3%): Train pred MSE = 2.519838e-03, Test pred MSE = 3.224987e-02, Param MSE = 3.343548e-01, Grad norm = 7.521605e-04, Beta update rate = 4.790401e-04
Epoch  13400 (0.3%): Train pred MSE = 2.464328e-03, Test pred MSE = 3.206878e-02, Param MSE = 3.325157e-01, Grad norm = 7.381034e-04, Beta update rate = 4.696267e-04
Epoch  13600 (0.3%): Train pred MSE = 2.410857e-03, Test pred MSE = 3.189230e-02, Param MSE = 3.307224e-01, Grad norm = 7.245288e-04, Beta update rate = 4.605329e-04
Epoch  13800 (0.3%): Train pred MSE = 2.359320e-03, Test pred MSE = 3.172026e-02, Param MSE = 3.289733e-01, Grad norm = 7.114137e-04, Beta update rate = 4.517432e-04
Epoch  14000 (0.3%): Train pred MSE = 2.309617e-03, Test pred MSE = 3.155251e-02, Param MSE = 3.272666e-01, Grad norm = 6.987367e-04, Beta update rate = 4.432432e-04
Epoch  14200 (0.3%): Train pred MSE = 2.261657e-03, Test pred MSE = 3.138889e-02, Param MSE = 3.256011e-01, Grad norm = 6.864773e-04, Beta update rate = 4.350196e-04
Epoch  14400 (0.3%): Train pred MSE = 2.215352e-03, Test pred MSE = 3.122924e-02, Param MSE = 3.239750e-01, Grad norm = 6.746165e-04, Beta update rate = 4.270596e-04
Epoch  14600 (0.3%): Train pred MSE = 2.170621e-03, Test pred MSE = 3.107343e-02, Param MSE = 3.223872e-01, Grad norm = 6.631365e-04, Beta update rate = 4.193516e-04
Epoch  14800 (0.3%): Train pred MSE = 2.127388e-03, Test pred MSE = 3.092131e-02, Param MSE = 3.208363e-01, Grad norm = 6.520203e-04, Beta update rate = 4.118842e-04
Epoch  15000 (0.3%): Train pred MSE = 2.085582e-03, Test pred MSE = 3.077276e-02, Param MSE = 3.193209e-01, Grad norm = 6.412519e-04, Beta update rate = 4.046471e-04
Epoch  15200 (0.3%): Train pred MSE = 2.045136e-03, Test pred MSE = 3.062766e-02, Param MSE = 3.178398e-01, Grad norm = 6.308164e-04, Beta update rate = 3.976305e-04
Epoch  15400 (0.3%): Train pred MSE = 2.005986e-03, Test pred MSE = 3.048587e-02, Param MSE = 3.163919e-01, Grad norm = 6.206997e-04, Beta update rate = 3.908250e-04
Epoch  15600 (0.3%): Train pred MSE = 1.968072e-03, Test pred MSE = 3.034730e-02, Param MSE = 3.149761e-01, Grad norm = 6.108883e-04, Beta update rate = 3.842217e-04
Epoch  15800 (0.3%): Train pred MSE = 1.931340e-03, Test pred MSE = 3.021182e-02, Param MSE = 3.135912e-01, Grad norm = 6.013696e-04, Beta update rate = 3.778125e-04
Epoch  16000 (0.3%): Train pred MSE = 1.895735e-03, Test pred MSE = 3.007932e-02, Param MSE = 3.122363e-01, Grad norm = 5.921317e-04, Beta update rate = 3.715894e-04
Epoch  16200 (0.3%): Train pred MSE = 1.861208e-03, Test pred MSE = 2.994972e-02, Param MSE = 3.109102e-01, Grad norm = 5.831633e-04, Beta update rate = 3.655450e-04
Epoch  16400 (0.3%): Train pred MSE = 1.827711e-03, Test pred MSE = 2.982291e-02, Param MSE = 3.096121e-01, Grad norm = 5.744537e-04, Beta update rate = 3.596723e-04
Epoch  16600 (0.3%): Train pred MSE = 1.795201e-03, Test pred MSE = 2.969879e-02, Param MSE = 3.083410e-01, Grad norm = 5.659927e-04, Beta update rate = 3.539645e-04
Epoch  16800 (0.3%): Train pred MSE = 1.763635e-03, Test pred MSE = 2.957728e-02, Param MSE = 3.070961e-01, Grad norm = 5.577707e-04, Beta update rate = 3.484153e-04
Epoch  17000 (0.3%): Train pred MSE = 1.732973e-03, Test pred MSE = 2.945829e-02, Param MSE = 3.058764e-01, Grad norm = 5.497787e-04, Beta update rate = 3.430186e-04
Epoch  17200 (0.3%): Train pred MSE = 1.703178e-03, Test pred MSE = 2.934173e-02, Param MSE = 3.046812e-01, Grad norm = 5.420078e-04, Beta update rate = 3.377688e-04
Epoch  17400 (0.3%): Train pred MSE = 1.674213e-03, Test pred MSE = 2.922753e-02, Param MSE = 3.035097e-01, Grad norm = 5.344499e-04, Beta update rate = 3.326604e-04
Epoch  17600 (0.4%): Train pred MSE = 1.646046e-03, Test pred MSE = 2.911561e-02, Param MSE = 3.023611e-01, Grad norm = 5.270970e-04, Beta update rate = 3.276883e-04
Epoch  17800 (0.4%): Train pred MSE = 1.618642e-03, Test pred MSE = 2.900589e-02, Param MSE = 3.012346e-01, Grad norm = 5.199417e-04, Beta update rate = 3.228474e-04
Epoch  18000 (0.4%): Train pred MSE = 1.591973e-03, Test pred MSE = 2.889830e-02, Param MSE = 3.001296e-01, Grad norm = 5.129767e-04, Beta update rate = 3.181332e-04
Epoch  18200 (0.4%): Train pred MSE = 1.566009e-03, Test pred MSE = 2.879278e-02, Param MSE = 2.990454e-01, Grad norm = 5.061953e-04, Beta update rate = 3.135411e-04
Epoch  18400 (0.4%): Train pred MSE = 1.540723e-03, Test pred MSE = 2.868925e-02, Param MSE = 2.979812e-01, Grad norm = 4.995910e-04, Beta update rate = 3.090670e-04
Epoch  18600 (0.4%): Train pred MSE = 1.516087e-03, Test pred MSE = 2.858766e-02, Param MSE = 2.969366e-01, Grad norm = 4.931574e-04, Beta update rate = 3.047067e-04
Epoch  18800 (0.4%): Train pred MSE = 1.492079e-03, Test pred MSE = 2.848794e-02, Param MSE = 2.959108e-01, Grad norm = 4.868885e-04, Beta update rate = 3.004564e-04
Epoch  19000 (0.4%): Train pred MSE = 1.468672e-03, Test pred MSE = 2.839004e-02, Param MSE = 2.949034e-01, Grad norm = 4.807785e-04, Beta update rate = 2.963125e-04
Epoch  19200 (0.4%): Train pred MSE = 1.445846e-03, Test pred MSE = 2.829388e-02, Param MSE = 2.939136e-01, Grad norm = 4.748220e-04, Beta update rate = 2.922713e-04
Epoch  19400 (0.4%): Train pred MSE = 1.423578e-03, Test pred MSE = 2.819943e-02, Param MSE = 2.929411e-01, Grad norm = 4.690137e-04, Beta update rate = 2.883296e-04
Epoch  19600 (0.4%): Train pred MSE = 1.401849e-03, Test pred MSE = 2.810663e-02, Param MSE = 2.919851e-01, Grad norm = 4.633483e-04, Beta update rate = 2.844841e-04
Epoch  19800 (0.4%): Train pred MSE = 1.380637e-03, Test pred MSE = 2.801543e-02, Param MSE = 2.910453e-01, Grad norm = 4.578210e-04, Beta update rate = 2.807318e-04
Epoch  20000 (0.4%): Train pred MSE = 1.359926e-03, Test pred MSE = 2.792577e-02, Param MSE = 2.901212e-01, Grad norm = 4.524269e-04, Beta update rate = 2.770696e-04
Epoch  20200 (0.4%): Train pred MSE = 1.339697e-03, Test pred MSE = 2.783761e-02, Param MSE = 2.892122e-01, Grad norm = 4.471616e-04, Beta update rate = 2.734949e-04
Epoch  20400 (0.4%): Train pred MSE = 1.319934e-03, Test pred MSE = 2.775091e-02, Param MSE = 2.883180e-01, Grad norm = 4.420206e-04, Beta update rate = 2.700049e-04
Epoch  20600 (0.4%): Train pred MSE = 1.300619e-03, Test pred MSE = 2.766561e-02, Param MSE = 2.874380e-01, Grad norm = 4.369995e-04, Beta update rate = 2.665970e-04
Epoch  20800 (0.4%): Train pred MSE = 1.281738e-03, Test pred MSE = 2.758169e-02, Param MSE = 2.865718e-01, Grad norm = 4.320943e-04, Beta update rate = 2.632687e-04
Epoch  21000 (0.4%): Train pred MSE = 1.263276e-03, Test pred MSE = 2.749909e-02, Param MSE = 2.857192e-01, Grad norm = 4.273010e-04, Beta update rate = 2.600177e-04
Epoch  21200 (0.4%): Train pred MSE = 1.245219e-03, Test pred MSE = 2.741778e-02, Param MSE = 2.848795e-01, Grad norm = 4.226156e-04, Beta update rate = 2.568416e-04
Epoch  21400 (0.4%): Train pred MSE = 1.227554e-03, Test pred MSE = 2.733771e-02, Param MSE = 2.840525e-01, Grad norm = 4.180345e-04, Beta update rate = 2.537382e-04
Epoch  21600 (0.4%): Train pred MSE = 1.210267e-03, Test pred MSE = 2.725886e-02, Param MSE = 2.832378e-01, Grad norm = 4.135539e-04, Beta update rate = 2.507054e-04
Epoch  21800 (0.4%): Train pred MSE = 1.193347e-03, Test pred MSE = 2.718119e-02, Param MSE = 2.824351e-01, Grad norm = 4.091704e-04, Beta update rate = 2.477412e-04
Epoch  22000 (0.4%): Train pred MSE = 1.176782e-03, Test pred MSE = 2.710466e-02, Param MSE = 2.816439e-01, Grad norm = 4.048806e-04, Beta update rate = 2.448435e-04
Epoch  22200 (0.4%): Train pred MSE = 1.160561e-03, Test pred MSE = 2.702924e-02, Param MSE = 2.808641e-01, Grad norm = 4.006812e-04, Beta update rate = 2.420105e-04
Epoch  22400 (0.4%): Train pred MSE = 1.144672e-03, Test pred MSE = 2.695490e-02, Param MSE = 2.800951e-01, Grad norm = 3.965689e-04, Beta update rate = 2.392402e-04
Epoch  22600 (0.5%): Train pred MSE = 1.129106e-03, Test pred MSE = 2.688161e-02, Param MSE = 2.793369e-01, Grad norm = 3.925407e-04, Beta update rate = 2.365309e-04
Epoch  22800 (0.5%): Train pred MSE = 1.113854e-03, Test pred MSE = 2.680934e-02, Param MSE = 2.785889e-01, Grad norm = 3.885937e-04, Beta update rate = 2.338808e-04
Epoch  23000 (0.5%): Train pred MSE = 1.098905e-03, Test pred MSE = 2.673806e-02, Param MSE = 2.778511e-01, Grad norm = 3.847249e-04, Beta update rate = 2.312883e-04
Epoch  23200 (0.5%): Train pred MSE = 1.084250e-03, Test pred MSE = 2.666774e-02, Param MSE = 2.771230e-01, Grad norm = 3.809315e-04, Beta update rate = 2.287516e-04
Epoch  23400 (0.5%): Train pred MSE = 1.069882e-03, Test pred MSE = 2.659836e-02, Param MSE = 2.764045e-01, Grad norm = 3.772109e-04, Beta update rate = 2.262692e-04
Epoch  23600 (0.5%): Train pred MSE = 1.055792e-03, Test pred MSE = 2.652989e-02, Param MSE = 2.756952e-01, Grad norm = 3.735605e-04, Beta update rate = 2.238396e-04
Epoch  23800 (0.5%): Train pred MSE = 1.041972e-03, Test pred MSE = 2.646230e-02, Param MSE = 2.749950e-01, Grad norm = 3.699778e-04, Beta update rate = 2.214610e-04
Epoch  24000 (0.5%): Train pred MSE = 1.028415e-03, Test pred MSE = 2.639559e-02, Param MSE = 2.743036e-01, Grad norm = 3.664605e-04, Beta update rate = 2.191322e-04
Epoch  24200 (0.5%): Train pred MSE = 1.015113e-03, Test pred MSE = 2.632972e-02, Param MSE = 2.736208e-01, Grad norm = 3.630061e-04, Beta update rate = 2.168517e-04
Epoch  24400 (0.5%): Train pred MSE = 1.002060e-03, Test pred MSE = 2.626466e-02, Param MSE = 2.729463e-01, Grad norm = 3.596126e-04, Beta update rate = 2.146179e-04
Epoch  24600 (0.5%): Train pred MSE = 9.892484e-04, Test pred MSE = 2.620041e-02, Param MSE = 2.722800e-01, Grad norm = 3.562777e-04, Beta update rate = 2.124296e-04
Epoch  24800 (0.5%): Train pred MSE = 9.766727e-04, Test pred MSE = 2.613694e-02, Param MSE = 2.716217e-01, Grad norm = 3.529995e-04, Beta update rate = 2.102854e-04
Epoch  25000 (0.5%): Train pred MSE = 9.643264e-04, Test pred MSE = 2.607423e-02, Param MSE = 2.709711e-01, Grad norm = 3.497761e-04, Beta update rate = 2.081840e-04
Epoch  25200 (0.5%): Train pred MSE = 9.522038e-04, Test pred MSE = 2.601227e-02, Param MSE = 2.703281e-01, Grad norm = 3.466056e-04, Beta update rate = 2.061240e-04
Epoch  25400 (0.5%): Train pred MSE = 9.402991e-04, Test pred MSE = 2.595103e-02, Param MSE = 2.696925e-01, Grad norm = 3.434862e-04, Beta update rate = 2.041043e-04
Epoch  25600 (0.5%): Train pred MSE = 9.286071e-04, Test pred MSE = 2.589050e-02, Param MSE = 2.690642e-01, Grad norm = 3.404163e-04, Beta update rate = 2.021236e-04
Epoch  25800 (0.5%): Train pred MSE = 9.171223e-04, Test pred MSE = 2.583066e-02, Param MSE = 2.684429e-01, Grad norm = 3.373943e-04, Beta update rate = 2.001807e-04
Epoch  26000 (0.5%): Train pred MSE = 9.058400e-04, Test pred MSE = 2.577150e-02, Param MSE = 2.678285e-01, Grad norm = 3.344186e-04, Beta update rate = 1.982745e-04
Epoch  26200 (0.5%): Train pred MSE = 8.947551e-04, Test pred MSE = 2.571300e-02, Param MSE = 2.672209e-01, Grad norm = 3.314879e-04, Beta update rate = 1.964038e-04
Epoch  26400 (0.5%): Train pred MSE = 8.838630e-04, Test pred MSE = 2.565515e-02, Param MSE = 2.666199e-01, Grad norm = 3.286008e-04, Beta update rate = 1.945675e-04
Epoch  26600 (0.5%): Train pred MSE = 8.731593e-04, Test pred MSE = 2.559794e-02, Param MSE = 2.660254e-01, Grad norm = 3.257559e-04, Beta update rate = 1.927645e-04
Epoch  26800 (0.5%): Train pred MSE = 8.626396e-04, Test pred MSE = 2.554135e-02, Param MSE = 2.654373e-01, Grad norm = 3.229521e-04, Beta update rate = 1.909939e-04
Epoch  27000 (0.5%): Train pred MSE = 8.522997e-04, Test pred MSE = 2.548536e-02, Param MSE = 2.648554e-01, Grad norm = 3.201882e-04, Beta update rate = 1.892545e-04
Epoch  27200 (0.5%): Train pred MSE = 8.421355e-04, Test pred MSE = 2.542998e-02, Param MSE = 2.642796e-01, Grad norm = 3.174632e-04, Beta update rate = 1.875455e-04
Epoch  27400 (0.5%): Train pred MSE = 8.321431e-04, Test pred MSE = 2.537518e-02, Param MSE = 2.637098e-01, Grad norm = 3.147759e-04, Beta update rate = 1.858658e-04
Epoch  27600 (0.6%): Train pred MSE = 8.223187e-04, Test pred MSE = 2.532095e-02, Param MSE = 2.631458e-01, Grad norm = 3.121255e-04, Beta update rate = 1.842146e-04
Epoch  27800 (0.6%): Train pred MSE = 8.126587e-04, Test pred MSE = 2.526729e-02, Param MSE = 2.625877e-01, Grad norm = 3.095109e-04, Beta update rate = 1.825910e-04
Epoch  28000 (0.6%): Train pred MSE = 8.031594e-04, Test pred MSE = 2.521418e-02, Param MSE = 2.620352e-01, Grad norm = 3.069314e-04, Beta update rate = 1.809941e-04
Epoch  28200 (0.6%): Train pred MSE = 7.938173e-04, Test pred MSE = 2.516161e-02, Param MSE = 2.614882e-01, Grad norm = 3.043861e-04, Beta update rate = 1.794231e-04
Epoch  28400 (0.6%): Train pred MSE = 7.846292e-04, Test pred MSE = 2.510958e-02, Param MSE = 2.609467e-01, Grad norm = 3.018743e-04, Beta update rate = 1.778773e-04
Epoch  28600 (0.6%): Train pred MSE = 7.755918e-04, Test pred MSE = 2.505807e-02, Param MSE = 2.604106e-01, Grad norm = 2.993951e-04, Beta update rate = 1.763558e-04
Epoch  28800 (0.6%): Train pred MSE = 7.667018e-04, Test pred MSE = 2.500707e-02, Param MSE = 2.598798e-01, Grad norm = 2.969479e-04, Beta update rate = 1.748580e-04
Epoch  29000 (0.6%): Train pred MSE = 7.579562e-04, Test pred MSE = 2.495658e-02, Param MSE = 2.593542e-01, Grad norm = 2.945321e-04, Beta update rate = 1.733831e-04
Epoch  29200 (0.6%): Train pred MSE = 7.493521e-04, Test pred MSE = 2.490659e-02, Param MSE = 2.588336e-01, Grad norm = 2.921469e-04, Beta update rate = 1.719306e-04
Epoch  29400 (0.6%): Train pred MSE = 7.408864e-04, Test pred MSE = 2.485709e-02, Param MSE = 2.583182e-01, Grad norm = 2.897919e-04, Beta update rate = 1.704997e-04
Epoch  29600 (0.6%): Train pred MSE = 7.325563e-04, Test pred MSE = 2.480808e-02, Param MSE = 2.578076e-01, Grad norm = 2.874664e-04, Beta update rate = 1.690898e-04
Epoch  29800 (0.6%): Train pred MSE = 7.243591e-04, Test pred MSE = 2.475954e-02, Param MSE = 2.573020e-01, Grad norm = 2.851699e-04, Beta update rate = 1.677005e-04
Epoch  30000 (0.6%): Train pred MSE = 7.162920e-04, Test pred MSE = 2.471146e-02, Param MSE = 2.568011e-01, Grad norm = 2.829018e-04, Beta update rate = 1.663310e-04
Epoch  30200 (0.6%): Train pred MSE = 7.083525e-04, Test pred MSE = 2.466385e-02, Param MSE = 2.563050e-01, Grad norm = 2.806617e-04, Beta update rate = 1.649810e-04
Epoch  30400 (0.6%): Train pred MSE = 7.005379e-04, Test pred MSE = 2.461669e-02, Param MSE = 2.558136e-01, Grad norm = 2.784491e-04, Beta update rate = 1.636498e-04
Epoch  30600 (0.6%): Train pred MSE = 6.928458e-04, Test pred MSE = 2.456998e-02, Param MSE = 2.553267e-01, Grad norm = 2.762635e-04, Beta update rate = 1.623370e-04
Epoch  30800 (0.6%): Train pred MSE = 6.852737e-04, Test pred MSE = 2.452371e-02, Param MSE = 2.548444e-01, Grad norm = 2.741045e-04, Beta update rate = 1.610422e-04
Epoch  31000 (0.6%): Train pred MSE = 6.778192e-04, Test pred MSE = 2.447787e-02, Param MSE = 2.543666e-01, Grad norm = 2.719716e-04, Beta update rate = 1.597649e-04
Epoch  31200 (0.6%): Train pred MSE = 6.704801e-04, Test pred MSE = 2.443247e-02, Param MSE = 2.538932e-01, Grad norm = 2.698644e-04, Beta update rate = 1.585047e-04
Epoch  31400 (0.6%): Train pred MSE = 6.632540e-04, Test pred MSE = 2.438748e-02, Param MSE = 2.534241e-01, Grad norm = 2.677826e-04, Beta update rate = 1.572611e-04
Epoch  31600 (0.6%): Train pred MSE = 6.561387e-04, Test pred MSE = 2.434292e-02, Param MSE = 2.529593e-01, Grad norm = 2.657257e-04, Beta update rate = 1.560339e-04
Epoch  31800 (0.6%): Train pred MSE = 6.491320e-04, Test pred MSE = 2.429876e-02, Param MSE = 2.524988e-01, Grad norm = 2.636934e-04, Beta update rate = 1.548226e-04
Epoch  32000 (0.6%): Train pred MSE = 6.422319e-04, Test pred MSE = 2.425501e-02, Param MSE = 2.520424e-01, Grad norm = 2.616852e-04, Beta update rate = 1.536269e-04
Epoch  32200 (0.6%): Train pred MSE = 6.354363e-04, Test pred MSE = 2.421166e-02, Param MSE = 2.515902e-01, Grad norm = 2.597008e-04, Beta update rate = 1.524465e-04
Epoch  32400 (0.6%): Train pred MSE = 6.287431e-04, Test pred MSE = 2.416870e-02, Param MSE = 2.511420e-01, Grad norm = 2.577400e-04, Beta update rate = 1.512811e-04
Epoch  32600 (0.7%): Train pred MSE = 6.221504e-04, Test pred MSE = 2.412614e-02, Param MSE = 2.506979e-01, Grad norm = 2.558022e-04, Beta update rate = 1.501302e-04
Epoch  32800 (0.7%): Train pred MSE = 6.156563e-04, Test pred MSE = 2.408396e-02, Param MSE = 2.502577e-01, Grad norm = 2.538872e-04, Beta update rate = 1.489938e-04
Epoch  33000 (0.7%): Train pred MSE = 6.092588e-04, Test pred MSE = 2.404216e-02, Param MSE = 2.498215e-01, Grad norm = 2.519947e-04, Beta update rate = 1.478714e-04
Epoch  33200 (0.7%): Train pred MSE = 6.029561e-04, Test pred MSE = 2.400073e-02, Param MSE = 2.493891e-01, Grad norm = 2.501243e-04, Beta update rate = 1.467628e-04
Epoch  33400 (0.7%): Train pred MSE = 5.967465e-04, Test pred MSE = 2.395968e-02, Param MSE = 2.489606e-01, Grad norm = 2.482757e-04, Beta update rate = 1.456678e-04
Epoch  33600 (0.7%): Train pred MSE = 5.906281e-04, Test pred MSE = 2.391899e-02, Param MSE = 2.485358e-01, Grad norm = 2.464486e-04, Beta update rate = 1.445860e-04
Epoch  33800 (0.7%): Train pred MSE = 5.845992e-04, Test pred MSE = 2.387867e-02, Param MSE = 2.481148e-01, Grad norm = 2.446426e-04, Beta update rate = 1.435174e-04
Epoch  34000 (0.7%): Train pred MSE = 5.786582e-04, Test pred MSE = 2.383870e-02, Param MSE = 2.476974e-01, Grad norm = 2.428576e-04, Beta update rate = 1.424615e-04
Epoch  34200 (0.7%): Train pred MSE = 5.728033e-04, Test pred MSE = 2.379908e-02, Param MSE = 2.472837e-01, Grad norm = 2.410932e-04, Beta update rate = 1.414183e-04
Epoch  34400 (0.7%): Train pred MSE = 5.670331e-04, Test pred MSE = 2.375982e-02, Param MSE = 2.468736e-01, Grad norm = 2.393491e-04, Beta update rate = 1.403874e-04
Epoch  34600 (0.7%): Train pred MSE = 5.613458e-04, Test pred MSE = 2.372089e-02, Param MSE = 2.464671e-01, Grad norm = 2.376250e-04, Beta update rate = 1.393687e-04
Epoch  34800 (0.7%): Train pred MSE = 5.557401e-04, Test pred MSE = 2.368231e-02, Param MSE = 2.460641e-01, Grad norm = 2.359206e-04, Beta update rate = 1.383620e-04
Epoch  35000 (0.7%): Train pred MSE = 5.502142e-04, Test pred MSE = 2.364406e-02, Param MSE = 2.456646e-01, Grad norm = 2.342357e-04, Beta update rate = 1.373670e-04
Epoch  35200 (0.7%): Train pred MSE = 5.447669e-04, Test pred MSE = 2.360615e-02, Param MSE = 2.452685e-01, Grad norm = 2.325699e-04, Beta update rate = 1.363836e-04
Epoch  35400 (0.7%): Train pred MSE = 5.393966e-04, Test pred MSE = 2.356856e-02, Param MSE = 2.448758e-01, Grad norm = 2.309231e-04, Beta update rate = 1.354117e-04
Epoch  35600 (0.7%): Train pred MSE = 5.341019e-04, Test pred MSE = 2.353130e-02, Param MSE = 2.444864e-01, Grad norm = 2.292950e-04, Beta update rate = 1.344509e-04
Epoch  35800 (0.7%): Train pred MSE = 5.288814e-04, Test pred MSE = 2.349436e-02, Param MSE = 2.441004e-01, Grad norm = 2.276852e-04, Beta update rate = 1.335012e-04
Epoch  36000 (0.7%): Train pred MSE = 5.237339e-04, Test pred MSE = 2.345774e-02, Param MSE = 2.437177e-01, Grad norm = 2.260936e-04, Beta update rate = 1.325623e-04
Epoch  36200 (0.7%): Train pred MSE = 5.186579e-04, Test pred MSE = 2.342143e-02, Param MSE = 2.433382e-01, Grad norm = 2.245199e-04, Beta update rate = 1.316341e-04
Epoch  36400 (0.7%): Train pred MSE = 5.136521e-04, Test pred MSE = 2.338543e-02, Param MSE = 2.429619e-01, Grad norm = 2.229638e-04, Beta update rate = 1.307165e-04
Epoch  36600 (0.7%): Train pred MSE = 5.087154e-04, Test pred MSE = 2.334973e-02, Param MSE = 2.425888e-01, Grad norm = 2.214251e-04, Beta update rate = 1.298092e-04
Epoch  36800 (0.7%): Train pred MSE = 5.038464e-04, Test pred MSE = 2.331434e-02, Param MSE = 2.422188e-01, Grad norm = 2.199036e-04, Beta update rate = 1.289121e-04
Epoch  37000 (0.7%): Train pred MSE = 4.990440e-04, Test pred MSE = 2.327925e-02, Param MSE = 2.418520e-01, Grad norm = 2.183990e-04, Beta update rate = 1.280250e-04
Epoch  37200 (0.7%): Train pred MSE = 4.943069e-04, Test pred MSE = 2.324446e-02, Param MSE = 2.414882e-01, Grad norm = 2.169110e-04, Beta update rate = 1.271479e-04
Epoch  37400 (0.7%): Train pred MSE = 4.896340e-04, Test pred MSE = 2.320995e-02, Param MSE = 2.411274e-01, Grad norm = 2.154396e-04, Beta update rate = 1.262805e-04
Epoch  37600 (0.8%): Train pred MSE = 4.850242e-04, Test pred MSE = 2.317574e-02, Param MSE = 2.407696e-01, Grad norm = 2.139843e-04, Beta update rate = 1.254228e-04
Epoch  37800 (0.8%): Train pred MSE = 4.804762e-04, Test pred MSE = 2.314181e-02, Param MSE = 2.404149e-01, Grad norm = 2.125451e-04, Beta update rate = 1.245745e-04
Epoch  38000 (0.8%): Train pred MSE = 4.759892e-04, Test pred MSE = 2.310817e-02, Param MSE = 2.400630e-01, Grad norm = 2.111217e-04, Beta update rate = 1.237355e-04
Epoch  38200 (0.8%): Train pred MSE = 4.715619e-04, Test pred MSE = 2.307480e-02, Param MSE = 2.397140e-01, Grad norm = 2.097138e-04, Beta update rate = 1.229057e-04
Epoch  38400 (0.8%): Train pred MSE = 4.671933e-04, Test pred MSE = 2.304172e-02, Param MSE = 2.393680e-01, Grad norm = 2.083213e-04, Beta update rate = 1.220850e-04
Epoch  38600 (0.8%): Train pred MSE = 4.628824e-04, Test pred MSE = 2.300890e-02, Param MSE = 2.390247e-01, Grad norm = 2.069439e-04, Beta update rate = 1.212732e-04
Epoch  38800 (0.8%): Train pred MSE = 4.586282e-04, Test pred MSE = 2.297636e-02, Param MSE = 2.386843e-01, Grad norm = 2.055815e-04, Beta update rate = 1.204702e-04
Epoch  39000 (0.8%): Train pred MSE = 4.544297e-04, Test pred MSE = 2.294408e-02, Param MSE = 2.383467e-01, Grad norm = 2.042338e-04, Beta update rate = 1.196759e-04
Epoch  39200 (0.8%): Train pred MSE = 4.502860e-04, Test pred MSE = 2.291207e-02, Param MSE = 2.380118e-01, Grad norm = 2.029007e-04, Beta update rate = 1.188901e-04
Epoch  39400 (0.8%): Train pred MSE = 4.461961e-04, Test pred MSE = 2.288033e-02, Param MSE = 2.376796e-01, Grad norm = 2.015819e-04, Beta update rate = 1.181127e-04
Epoch  39600 (0.8%): Train pred MSE = 4.421591e-04, Test pred MSE = 2.284884e-02, Param MSE = 2.373501e-01, Grad norm = 2.002773e-04, Beta update rate = 1.173437e-04
Epoch  39800 (0.8%): Train pred MSE = 4.381740e-04, Test pred MSE = 2.281761e-02, Param MSE = 2.370233e-01, Grad norm = 1.989866e-04, Beta update rate = 1.165828e-04
Epoch  40000 (0.8%): Train pred MSE = 4.342400e-04, Test pred MSE = 2.278663e-02, Param MSE = 2.366991e-01, Grad norm = 1.977097e-04, Beta update rate = 1.158300e-04
Epoch  40200 (0.8%): Train pred MSE = 4.303563e-04, Test pred MSE = 2.275590e-02, Param MSE = 2.363776e-01, Grad norm = 1.964463e-04, Beta update rate = 1.150851e-04
Epoch  40400 (0.8%): Train pred MSE = 4.265219e-04, Test pred MSE = 2.272542e-02, Param MSE = 2.360586e-01, Grad norm = 1.951964e-04, Beta update rate = 1.143481e-04
Epoch  40600 (0.8%): Train pred MSE = 4.227360e-04, Test pred MSE = 2.269519e-02, Param MSE = 2.357421e-01, Grad norm = 1.939596e-04, Beta update rate = 1.136188e-04
Epoch  40800 (0.8%): Train pred MSE = 4.189979e-04, Test pred MSE = 2.266520e-02, Param MSE = 2.354282e-01, Grad norm = 1.927359e-04, Beta update rate = 1.128971e-04
Epoch  41000 (0.8%): Train pred MSE = 4.153067e-04, Test pred MSE = 2.263545e-02, Param MSE = 2.351168e-01, Grad norm = 1.915251e-04, Beta update rate = 1.121829e-04
Epoch  41200 (0.8%): Train pred MSE = 4.116616e-04, Test pred MSE = 2.260594e-02, Param MSE = 2.348079e-01, Grad norm = 1.903270e-04, Beta update rate = 1.114762e-04
Epoch  41400 (0.8%): Train pred MSE = 4.080619e-04, Test pred MSE = 2.257667e-02, Param MSE = 2.345014e-01, Grad norm = 1.891413e-04, Beta update rate = 1.107767e-04
Epoch  41600 (0.8%): Train pred MSE = 4.045068e-04, Test pred MSE = 2.254763e-02, Param MSE = 2.341974e-01, Grad norm = 1.879680e-04, Beta update rate = 1.100845e-04
Epoch  41800 (0.8%): Train pred MSE = 4.009956e-04, Test pred MSE = 2.251882e-02, Param MSE = 2.338957e-01, Grad norm = 1.868069e-04, Beta update rate = 1.093994e-04
Epoch  42000 (0.8%): Train pred MSE = 3.975275e-04, Test pred MSE = 2.249023e-02, Param MSE = 2.335964e-01, Grad norm = 1.856578e-04, Beta update rate = 1.087212e-04
Epoch  42200 (0.8%): Train pred MSE = 3.941019e-04, Test pred MSE = 2.246188e-02, Param MSE = 2.332995e-01, Grad norm = 1.845206e-04, Beta update rate = 1.080500e-04
Epoch  42400 (0.8%): Train pred MSE = 3.907180e-04, Test pred MSE = 2.243374e-02, Param MSE = 2.330049e-01, Grad norm = 1.833950e-04, Beta update rate = 1.073856e-04
Epoch  42600 (0.9%): Train pred MSE = 3.873752e-04, Test pred MSE = 2.240583e-02, Param MSE = 2.327126e-01, Grad norm = 1.822810e-04, Beta update rate = 1.067279e-04
Epoch  42800 (0.9%): Train pred MSE = 3.840728e-04, Test pred MSE = 2.237814e-02, Param MSE = 2.324226e-01, Grad norm = 1.811784e-04, Beta update rate = 1.060769e-04
Epoch  43000 (0.9%): Train pred MSE = 3.808102e-04, Test pred MSE = 2.235067e-02, Param MSE = 2.321348e-01, Grad norm = 1.800870e-04, Beta update rate = 1.054324e-04
Epoch  43200 (0.9%): Train pred MSE = 3.775867e-04, Test pred MSE = 2.232341e-02, Param MSE = 2.318493e-01, Grad norm = 1.790067e-04, Beta update rate = 1.047943e-04
Epoch  43400 (0.9%): Train pred MSE = 3.744016e-04, Test pred MSE = 2.229636e-02, Param MSE = 2.315659e-01, Grad norm = 1.779373e-04, Beta update rate = 1.041626e-04
Epoch  43600 (0.9%): Train pred MSE = 3.712544e-04, Test pred MSE = 2.226952e-02, Param MSE = 2.312848e-01, Grad norm = 1.768787e-04, Beta update rate = 1.035372e-04
Epoch  43800 (0.9%): Train pred MSE = 3.681445e-04, Test pred MSE = 2.224289e-02, Param MSE = 2.310058e-01, Grad norm = 1.758308e-04, Beta update rate = 1.029180e-04
Epoch  44000 (0.9%): Train pred MSE = 3.650712e-04, Test pred MSE = 2.221647e-02, Param MSE = 2.307290e-01, Grad norm = 1.747933e-04, Beta update rate = 1.023049e-04
Epoch  44200 (0.9%): Train pred MSE = 3.620340e-04, Test pred MSE = 2.219025e-02, Param MSE = 2.304543e-01, Grad norm = 1.737662e-04, Beta update rate = 1.016978e-04
Epoch  44400 (0.9%): Train pred MSE = 3.590323e-04, Test pred MSE = 2.216423e-02, Param MSE = 2.301817e-01, Grad norm = 1.727494e-04, Beta update rate = 1.010967e-04
Epoch  44600 (0.9%): Train pred MSE = 3.560656e-04, Test pred MSE = 2.213842e-02, Param MSE = 2.299112e-01, Grad norm = 1.717426e-04, Beta update rate = 1.005014e-04
Epoch  44800 (0.9%): Train pred MSE = 3.531333e-04, Test pred MSE = 2.211280e-02, Param MSE = 2.296427e-01, Grad norm = 1.707457e-04, Beta update rate = 9.991194e-05
Epoch  45000 (0.9%): Train pred MSE = 3.502349e-04, Test pred MSE = 2.208738e-02, Param MSE = 2.293763e-01, Grad norm = 1.697587e-04, Beta update rate = 9.932818e-05
Epoch  45200 (0.9%): Train pred MSE = 3.473698e-04, Test pred MSE = 2.206215e-02, Param MSE = 2.291119e-01, Grad norm = 1.687814e-04, Beta update rate = 9.875006e-05
Epoch  45400 (0.9%): Train pred MSE = 3.445375e-04, Test pred MSE = 2.203711e-02, Param MSE = 2.288495e-01, Grad norm = 1.678136e-04, Beta update rate = 9.817751e-05
Epoch  45600 (0.9%): Train pred MSE = 3.417376e-04, Test pred MSE = 2.201227e-02, Param MSE = 2.285891e-01, Grad norm = 1.668553e-04, Beta update rate = 9.761045e-05
Epoch  45800 (0.9%): Train pred MSE = 3.389694e-04, Test pred MSE = 2.198761e-02, Param MSE = 2.283307e-01, Grad norm = 1.659062e-04, Beta update rate = 9.704880e-05
Epoch  46000 (0.9%): Train pred MSE = 3.362327e-04, Test pred MSE = 2.196314e-02, Param MSE = 2.280741e-01, Grad norm = 1.649664e-04, Beta update rate = 9.649251e-05
Epoch  46200 (0.9%): Train pred MSE = 3.335267e-04, Test pred MSE = 2.193886e-02, Param MSE = 2.278195e-01, Grad norm = 1.640356e-04, Beta update rate = 9.594149e-05
Epoch  46400 (0.9%): Train pred MSE = 3.308512e-04, Test pred MSE = 2.191475e-02, Param MSE = 2.275669e-01, Grad norm = 1.631137e-04, Beta update rate = 9.539569e-05
Epoch  46600 (0.9%): Train pred MSE = 3.282056e-04, Test pred MSE = 2.189083e-02, Param MSE = 2.273161e-01, Grad norm = 1.622007e-04, Beta update rate = 9.485502e-05
Epoch  46800 (0.9%): Train pred MSE = 3.255895e-04, Test pred MSE = 2.186709e-02, Param MSE = 2.270671e-01, Grad norm = 1.612964e-04, Beta update rate = 9.431943e-05
Epoch  47000 (0.9%): Train pred MSE = 3.230024e-04, Test pred MSE = 2.184353e-02, Param MSE = 2.268200e-01, Grad norm = 1.604006e-04, Beta update rate = 9.378886e-05
Epoch  47200 (0.9%): Train pred MSE = 3.204439e-04, Test pred MSE = 2.182014e-02, Param MSE = 2.265748e-01, Grad norm = 1.595134e-04, Beta update rate = 9.326322e-05
Epoch  47400 (0.9%): Train pred MSE = 3.179135e-04, Test pred MSE = 2.179692e-02, Param MSE = 2.263313e-01, Grad norm = 1.586345e-04, Beta update rate = 9.274247e-05
Epoch  47600 (1.0%): Train pred MSE = 3.154109e-04, Test pred MSE = 2.177388e-02, Param MSE = 2.260897e-01, Grad norm = 1.577639e-04, Beta update rate = 9.222654e-05
Epoch  47800 (1.0%): Train pred MSE = 3.129357e-04, Test pred MSE = 2.175101e-02, Param MSE = 2.258498e-01, Grad norm = 1.569014e-04, Beta update rate = 9.171537e-05
Epoch  48000 (1.0%): Train pred MSE = 3.104874e-04, Test pred MSE = 2.172831e-02, Param MSE = 2.256117e-01, Grad norm = 1.560470e-04, Beta update rate = 9.120889e-05
Epoch  48200 (1.0%): Train pred MSE = 3.080656e-04, Test pred MSE = 2.170578e-02, Param MSE = 2.253754e-01, Grad norm = 1.552005e-04, Beta update rate = 9.070705e-05
Epoch  48400 (1.0%): Train pred MSE = 3.056700e-04, Test pred MSE = 2.168341e-02, Param MSE = 2.251407e-01, Grad norm = 1.543619e-04, Beta update rate = 9.020979e-05
Epoch  48600 (1.0%): Train pred MSE = 3.033002e-04, Test pred MSE = 2.166121e-02, Param MSE = 2.249078e-01, Grad norm = 1.535310e-04, Beta update rate = 8.971705e-05
Epoch  48800 (1.0%): Train pred MSE = 3.009557e-04, Test pred MSE = 2.163917e-02, Param MSE = 2.246766e-01, Grad norm = 1.527077e-04, Beta update rate = 8.922878e-05
Epoch  49000 (1.0%): Train pred MSE = 2.986363e-04, Test pred MSE = 2.161729e-02, Param MSE = 2.244470e-01, Grad norm = 1.518920e-04, Beta update rate = 8.874491e-05
Epoch  49200 (1.0%): Train pred MSE = 2.963416e-04, Test pred MSE = 2.159557e-02, Param MSE = 2.242192e-01, Grad norm = 1.510837e-04, Beta update rate = 8.826539e-05
Epoch  49400 (1.0%): Train pred MSE = 2.940711e-04, Test pred MSE = 2.157401e-02, Param MSE = 2.239929e-01, Grad norm = 1.502827e-04, Beta update rate = 8.779017e-05
Epoch  49600 (1.0%): Train pred MSE = 2.918247e-04, Test pred MSE = 2.155261e-02, Param MSE = 2.237683e-01, Grad norm = 1.494890e-04, Beta update rate = 8.731919e-05
Epoch  49800 (1.0%): Train pred MSE = 2.896018e-04, Test pred MSE = 2.153136e-02, Param MSE = 2.235453e-01, Grad norm = 1.487024e-04, Beta update rate = 8.685241e-05
Epoch  50000 (1.0%): Train pred MSE = 2.874022e-04, Test pred MSE = 2.151027e-02, Param MSE = 2.233240e-01, Grad norm = 1.479229e-04, Beta update rate = 8.638976e-05
Epoch  50200 (1.0%): Train pred MSE = 2.852256e-04, Test pred MSE = 2.148933e-02, Param MSE = 2.231042e-01, Grad norm = 1.471504e-04, Beta update rate = 8.593120e-05
Epoch  50400 (1.0%): Train pred MSE = 2.830717e-04, Test pred MSE = 2.146854e-02, Param MSE = 2.228859e-01, Grad norm = 1.463848e-04, Beta update rate = 8.547668e-05
Epoch  50600 (1.0%): Train pred MSE = 2.809400e-04, Test pred MSE = 2.144790e-02, Param MSE = 2.226693e-01, Grad norm = 1.456260e-04, Beta update rate = 8.502614e-05
Epoch  50800 (1.0%): Train pred MSE = 2.788303e-04, Test pred MSE = 2.142741e-02, Param MSE = 2.224541e-01, Grad norm = 1.448738e-04, Beta update rate = 8.457954e-05
Epoch  51000 (1.0%): Train pred MSE = 2.767424e-04, Test pred MSE = 2.140706e-02, Param MSE = 2.222406e-01, Grad norm = 1.441283e-04, Beta update rate = 8.413683e-05
Epoch  51200 (1.0%): Train pred MSE = 2.746758e-04, Test pred MSE = 2.138687e-02, Param MSE = 2.220285e-01, Grad norm = 1.433893e-04, Beta update rate = 8.369796e-05
Epoch  51400 (1.0%): Train pred MSE = 2.726303e-04, Test pred MSE = 2.136681e-02, Param MSE = 2.218179e-01, Grad norm = 1.426568e-04, Beta update rate = 8.326289e-05
Epoch  51600 (1.0%): Train pred MSE = 2.706057e-04, Test pred MSE = 2.134690e-02, Param MSE = 2.216088e-01, Grad norm = 1.419307e-04, Beta update rate = 8.283157e-05
Epoch  51800 (1.0%): Train pred MSE = 2.686015e-04, Test pred MSE = 2.132713e-02, Param MSE = 2.214012e-01, Grad norm = 1.412109e-04, Beta update rate = 8.240394e-05
Epoch  52000 (1.0%): Train pred MSE = 2.666176e-04, Test pred MSE = 2.130750e-02, Param MSE = 2.211950e-01, Grad norm = 1.404972e-04, Beta update rate = 8.197998e-05
Epoch  52200 (1.0%): Train pred MSE = 2.646537e-04, Test pred MSE = 2.128801e-02, Param MSE = 2.209903e-01, Grad norm = 1.397898e-04, Beta update rate = 8.155963e-05
Epoch  52400 (1.0%): Train pred MSE = 2.627094e-04, Test pred MSE = 2.126866e-02, Param MSE = 2.207870e-01, Grad norm = 1.390884e-04, Beta update rate = 8.114285e-05
Epoch  52600 (1.1%): Train pred MSE = 2.607846e-04, Test pred MSE = 2.124944e-02, Param MSE = 2.205852e-01, Grad norm = 1.383929e-04, Beta update rate = 8.072959e-05
Epoch  52800 (1.1%): Train pred MSE = 2.588790e-04, Test pred MSE = 2.123036e-02, Param MSE = 2.203847e-01, Grad norm = 1.377034e-04, Beta update rate = 8.031983e-05
Epoch  53000 (1.1%): Train pred MSE = 2.569922e-04, Test pred MSE = 2.121141e-02, Param MSE = 2.201857e-01, Grad norm = 1.370197e-04, Beta update rate = 7.991350e-05
Epoch  53200 (1.1%): Train pred MSE = 2.551242e-04, Test pred MSE = 2.119260e-02, Param MSE = 2.199880e-01, Grad norm = 1.363418e-04, Beta update rate = 7.951058e-05
Epoch  53400 (1.1%): Train pred MSE = 2.532745e-04, Test pred MSE = 2.117392e-02, Param MSE = 2.197917e-01, Grad norm = 1.356696e-04, Beta update rate = 7.911101e-05
Epoch  53600 (1.1%): Train pred MSE = 2.514430e-04, Test pred MSE = 2.115536e-02, Param MSE = 2.195968e-01, Grad norm = 1.350030e-04, Beta update rate = 7.871477e-05
Epoch  53800 (1.1%): Train pred MSE = 2.496294e-04, Test pred MSE = 2.113694e-02, Param MSE = 2.194031e-01, Grad norm = 1.343420e-04, Beta update rate = 7.832181e-05
Epoch  54000 (1.1%): Train pred MSE = 2.478335e-04, Test pred MSE = 2.111865e-02, Param MSE = 2.192109e-01, Grad norm = 1.336864e-04, Beta update rate = 7.793210e-05
Epoch  54200 (1.1%): Train pred MSE = 2.460550e-04, Test pred MSE = 2.110048e-02, Param MSE = 2.190199e-01, Grad norm = 1.330363e-04, Beta update rate = 7.754559e-05
Epoch  54400 (1.1%): Train pred MSE = 2.442938e-04, Test pred MSE = 2.108244e-02, Param MSE = 2.188303e-01, Grad norm = 1.323916e-04, Beta update rate = 7.716224e-05
Epoch  54600 (1.1%): Train pred MSE = 2.425496e-04, Test pred MSE = 2.106452e-02, Param MSE = 2.186419e-01, Grad norm = 1.317521e-04, Beta update rate = 7.678203e-05
Epoch  54800 (1.1%): Train pred MSE = 2.408221e-04, Test pred MSE = 2.104673e-02, Param MSE = 2.184549e-01, Grad norm = 1.311178e-04, Beta update rate = 7.640491e-05
Epoch  55000 (1.1%): Train pred MSE = 2.391112e-04, Test pred MSE = 2.102906e-02, Param MSE = 2.182691e-01, Grad norm = 1.304888e-04, Beta update rate = 7.603084e-05
Epoch  55200 (1.1%): Train pred MSE = 2.374167e-04, Test pred MSE = 2.101151e-02, Param MSE = 2.180846e-01, Grad norm = 1.298648e-04, Beta update rate = 7.565980e-05
Epoch  55400 (1.1%): Train pred MSE = 2.357383e-04, Test pred MSE = 2.099408e-02, Param MSE = 2.179013e-01, Grad norm = 1.292458e-04, Beta update rate = 7.529175e-05
Epoch  55600 (1.1%): Train pred MSE = 2.340759e-04, Test pred MSE = 2.097677e-02, Param MSE = 2.177193e-01, Grad norm = 1.286319e-04, Beta update rate = 7.492665e-05
Epoch  55800 (1.1%): Train pred MSE = 2.324291e-04, Test pred MSE = 2.095958e-02, Param MSE = 2.175385e-01, Grad norm = 1.280229e-04, Beta update rate = 7.456446e-05
Epoch  56000 (1.1%): Train pred MSE = 2.307979e-04, Test pred MSE = 2.094251e-02, Param MSE = 2.173589e-01, Grad norm = 1.274187e-04, Beta update rate = 7.420516e-05
Epoch  56200 (1.1%): Train pred MSE = 2.291821e-04, Test pred MSE = 2.092555e-02, Param MSE = 2.171805e-01, Grad norm = 1.268193e-04, Beta update rate = 7.384871e-05
Epoch  56400 (1.1%): Train pred MSE = 2.275814e-04, Test pred MSE = 2.090871e-02, Param MSE = 2.170034e-01, Grad norm = 1.262247e-04, Beta update rate = 7.349508e-05
Epoch  56600 (1.1%): Train pred MSE = 2.259956e-04, Test pred MSE = 2.089198e-02, Param MSE = 2.168274e-01, Grad norm = 1.256348e-04, Beta update rate = 7.314424e-05
Epoch  56800 (1.1%): Train pred MSE = 2.244246e-04, Test pred MSE = 2.087536e-02, Param MSE = 2.166526e-01, Grad norm = 1.250495e-04, Beta update rate = 7.279615e-05
Epoch  57000 (1.1%): Train pred MSE = 2.228682e-04, Test pred MSE = 2.085886e-02, Param MSE = 2.164789e-01, Grad norm = 1.244688e-04, Beta update rate = 7.245078e-05
Epoch  57200 (1.1%): Train pred MSE = 2.213262e-04, Test pred MSE = 2.084247e-02, Param MSE = 2.163065e-01, Grad norm = 1.238926e-04, Beta update rate = 7.210811e-05
Epoch  57400 (1.1%): Train pred MSE = 2.197983e-04, Test pred MSE = 2.082619e-02, Param MSE = 2.161351e-01, Grad norm = 1.233209e-04, Beta update rate = 7.176810e-05
Epoch  57600 (1.2%): Train pred MSE = 2.182846e-04, Test pred MSE = 2.081002e-02, Param MSE = 2.159649e-01, Grad norm = 1.227536e-04, Beta update rate = 7.143072e-05
Epoch  57800 (1.2%): Train pred MSE = 2.167847e-04, Test pred MSE = 2.079395e-02, Param MSE = 2.157958e-01, Grad norm = 1.221907e-04, Beta update rate = 7.109594e-05
Epoch  58000 (1.2%): Train pred MSE = 2.152985e-04, Test pred MSE = 2.077800e-02, Param MSE = 2.156279e-01, Grad norm = 1.216321e-04, Beta update rate = 7.076374e-05
Epoch  58200 (1.2%): Train pred MSE = 2.138259e-04, Test pred MSE = 2.076215e-02, Param MSE = 2.154610e-01, Grad norm = 1.210778e-04, Beta update rate = 7.043408e-05
Epoch  58400 (1.2%): Train pred MSE = 2.123666e-04, Test pred MSE = 2.074641e-02, Param MSE = 2.152953e-01, Grad norm = 1.205278e-04, Beta update rate = 7.010694e-05
Epoch  58600 (1.2%): Train pred MSE = 2.109205e-04, Test pred MSE = 2.073077e-02, Param MSE = 2.151306e-01, Grad norm = 1.199819e-04, Beta update rate = 6.978228e-05
Epoch  58800 (1.2%): Train pred MSE = 2.094875e-04, Test pred MSE = 2.071523e-02, Param MSE = 2.149671e-01, Grad norm = 1.194401e-04, Beta update rate = 6.946009e-05
Epoch  59000 (1.2%): Train pred MSE = 2.080674e-04, Test pred MSE = 2.069980e-02, Param MSE = 2.148045e-01, Grad norm = 1.189024e-04, Beta update rate = 6.914033e-05
Epoch  59200 (1.2%): Train pred MSE = 2.066600e-04, Test pred MSE = 2.068447e-02, Param MSE = 2.146431e-01, Grad norm = 1.183687e-04, Beta update rate = 6.882297e-05
Epoch  59400 (1.2%): Train pred MSE = 2.052652e-04, Test pred MSE = 2.066924e-02, Param MSE = 2.144827e-01, Grad norm = 1.178391e-04, Beta update rate = 6.850800e-05
Epoch  59600 (1.2%): Train pred MSE = 2.038828e-04, Test pred MSE = 2.065411e-02, Param MSE = 2.143233e-01, Grad norm = 1.173133e-04, Beta update rate = 6.819538e-05
Epoch  59800 (1.2%): Train pred MSE = 2.025128e-04, Test pred MSE = 2.063908e-02, Param MSE = 2.141650e-01, Grad norm = 1.167915e-04, Beta update rate = 6.788509e-05
Epoch  60000 (1.2%): Train pred MSE = 2.011548e-04, Test pred MSE = 2.062415e-02, Param MSE = 2.140077e-01, Grad norm = 1.162735e-04, Beta update rate = 6.757710e-05
Epoch  60200 (1.2%): Train pred MSE = 1.998089e-04, Test pred MSE = 2.060932e-02, Param MSE = 2.138515e-01, Grad norm = 1.157594e-04, Beta update rate = 6.727139e-05
Epoch  60400 (1.2%): Train pred MSE = 1.984748e-04, Test pred MSE = 2.059459e-02, Param MSE = 2.136962e-01, Grad norm = 1.152490e-04, Beta update rate = 6.696793e-05
Epoch  60600 (1.2%): Train pred MSE = 1.971525e-04, Test pred MSE = 2.057995e-02, Param MSE = 2.135419e-01, Grad norm = 1.147423e-04, Beta update rate = 6.666670e-05
Epoch  60800 (1.2%): Train pred MSE = 1.958417e-04, Test pred MSE = 2.056540e-02, Param MSE = 2.133887e-01, Grad norm = 1.142394e-04, Beta update rate = 6.636768e-05
Epoch  61000 (1.2%): Train pred MSE = 1.945424e-04, Test pred MSE = 2.055095e-02, Param MSE = 2.132364e-01, Grad norm = 1.137401e-04, Beta update rate = 6.607084e-05
Epoch  61200 (1.2%): Train pred MSE = 1.932544e-04, Test pred MSE = 2.053660e-02, Param MSE = 2.130851e-01, Grad norm = 1.132444e-04, Beta update rate = 6.577615e-05
Epoch  61400 (1.2%): Train pred MSE = 1.919776e-04, Test pred MSE = 2.052234e-02, Param MSE = 2.129347e-01, Grad norm = 1.127522e-04, Beta update rate = 6.548360e-05
Epoch  61600 (1.2%): Train pred MSE = 1.907118e-04, Test pred MSE = 2.050817e-02, Param MSE = 2.127853e-01, Grad norm = 1.122636e-04, Beta update rate = 6.519316e-05
Epoch  61800 (1.2%): Train pred MSE = 1.894570e-04, Test pred MSE = 2.049409e-02, Param MSE = 2.126369e-01, Grad norm = 1.117785e-04, Beta update rate = 6.490482e-05
Epoch  62000 (1.2%): Train pred MSE = 1.882130e-04, Test pred MSE = 2.048010e-02, Param MSE = 2.124894e-01, Grad norm = 1.112968e-04, Beta update rate = 6.461853e-05
Epoch  62200 (1.2%): Train pred MSE = 1.869796e-04, Test pred MSE = 2.046621e-02, Param MSE = 2.123428e-01, Grad norm = 1.108186e-04, Beta update rate = 6.433430e-05
Epoch  62400 (1.2%): Train pred MSE = 1.857569e-04, Test pred MSE = 2.045240e-02, Param MSE = 2.121972e-01, Grad norm = 1.103437e-04, Beta update rate = 6.405209e-05
Epoch  62600 (1.3%): Train pred MSE = 1.845445e-04, Test pred MSE = 2.043868e-02, Param MSE = 2.120525e-01, Grad norm = 1.098722e-04, Beta update rate = 6.377188e-05
Epoch  62800 (1.3%): Train pred MSE = 1.833425e-04, Test pred MSE = 2.042505e-02, Param MSE = 2.119087e-01, Grad norm = 1.094039e-04, Beta update rate = 6.349365e-05
Epoch  63000 (1.3%): Train pred MSE = 1.821507e-04, Test pred MSE = 2.041150e-02, Param MSE = 2.117658e-01, Grad norm = 1.089390e-04, Beta update rate = 6.321738e-05
Epoch  63200 (1.3%): Train pred MSE = 1.809690e-04, Test pred MSE = 2.039805e-02, Param MSE = 2.116238e-01, Grad norm = 1.084773e-04, Beta update rate = 6.294306e-05
Epoch  63400 (1.3%): Train pred MSE = 1.797973e-04, Test pred MSE = 2.038467e-02, Param MSE = 2.114827e-01, Grad norm = 1.080188e-04, Beta update rate = 6.267065e-05
Epoch  63600 (1.3%): Train pred MSE = 1.786354e-04, Test pred MSE = 2.037139e-02, Param MSE = 2.113425e-01, Grad norm = 1.075634e-04, Beta update rate = 6.240015e-05
Epoch  63800 (1.3%): Train pred MSE = 1.774834e-04, Test pred MSE = 2.035818e-02, Param MSE = 2.112032e-01, Grad norm = 1.071112e-04, Beta update rate = 6.213153e-05
Epoch  64000 (1.3%): Train pred MSE = 1.763409e-04, Test pred MSE = 2.034506e-02, Param MSE = 2.110647e-01, Grad norm = 1.066621e-04, Beta update rate = 6.186476e-05
Epoch  64200 (1.3%): Train pred MSE = 1.752080e-04, Test pred MSE = 2.033203e-02, Param MSE = 2.109271e-01, Grad norm = 1.062161e-04, Beta update rate = 6.159984e-05
Epoch  64400 (1.3%): Train pred MSE = 1.740846e-04, Test pred MSE = 2.031907e-02, Param MSE = 2.107904e-01, Grad norm = 1.057731e-04, Beta update rate = 6.133675e-05
Epoch  64600 (1.3%): Train pred MSE = 1.729705e-04, Test pred MSE = 2.030620e-02, Param MSE = 2.106545e-01, Grad norm = 1.053331e-04, Beta update rate = 6.107546e-05
Epoch  64800 (1.3%): Train pred MSE = 1.718656e-04, Test pred MSE = 2.029341e-02, Param MSE = 2.105194e-01, Grad norm = 1.048961e-04, Beta update rate = 6.081595e-05
Epoch  65000 (1.3%): Train pred MSE = 1.707699e-04, Test pred MSE = 2.028070e-02, Param MSE = 2.103852e-01, Grad norm = 1.044620e-04, Beta update rate = 6.055822e-05
Epoch  65200 (1.3%): Train pred MSE = 1.696832e-04, Test pred MSE = 2.026807e-02, Param MSE = 2.102518e-01, Grad norm = 1.040309e-04, Beta update rate = 6.030223e-05
Epoch  65400 (1.3%): Train pred MSE = 1.686054e-04, Test pred MSE = 2.025552e-02, Param MSE = 2.101192e-01, Grad norm = 1.036026e-04, Beta update rate = 6.004798e-05
Epoch  65600 (1.3%): Train pred MSE = 1.675365e-04, Test pred MSE = 2.024304e-02, Param MSE = 2.099875e-01, Grad norm = 1.031772e-04, Beta update rate = 5.979544e-05
Epoch  65800 (1.3%): Train pred MSE = 1.664763e-04, Test pred MSE = 2.023065e-02, Param MSE = 2.098565e-01, Grad norm = 1.027546e-04, Beta update rate = 5.954460e-05
Epoch  66000 (1.3%): Train pred MSE = 1.654248e-04, Test pred MSE = 2.021833e-02, Param MSE = 2.097264e-01, Grad norm = 1.023348e-04, Beta update rate = 5.929545e-05
Epoch  66200 (1.3%): Train pred MSE = 1.643819e-04, Test pred MSE = 2.020609e-02, Param MSE = 2.095970e-01, Grad norm = 1.019178e-04, Beta update rate = 5.904795e-05
Epoch  66400 (1.3%): Train pred MSE = 1.633474e-04, Test pred MSE = 2.019392e-02, Param MSE = 2.094685e-01, Grad norm = 1.015035e-04, Beta update rate = 5.880211e-05
Epoch  66600 (1.3%): Train pred MSE = 1.623213e-04, Test pred MSE = 2.018183e-02, Param MSE = 2.093407e-01, Grad norm = 1.010920e-04, Beta update rate = 5.855790e-05
Epoch  66800 (1.3%): Train pred MSE = 1.613035e-04, Test pred MSE = 2.016981e-02, Param MSE = 2.092137e-01, Grad norm = 1.006831e-04, Beta update rate = 5.831530e-05
Epoch  67000 (1.3%): Train pred MSE = 1.602940e-04, Test pred MSE = 2.015787e-02, Param MSE = 2.090875e-01, Grad norm = 1.002769e-04, Beta update rate = 5.807430e-05
Epoch  67200 (1.3%): Train pred MSE = 1.592925e-04, Test pred MSE = 2.014600e-02, Param MSE = 2.089620e-01, Grad norm = 9.987328e-05, Beta update rate = 5.783489e-05
Epoch  67400 (1.3%): Train pred MSE = 1.582991e-04, Test pred MSE = 2.013421e-02, Param MSE = 2.088373e-01, Grad norm = 9.947230e-05, Beta update rate = 5.759704e-05
Epoch  67600 (1.4%): Train pred MSE = 1.573136e-04, Test pred MSE = 2.012249e-02, Param MSE = 2.087134e-01, Grad norm = 9.907391e-05, Beta update rate = 5.736075e-05
Epoch  67800 (1.4%): Train pred MSE = 1.563360e-04, Test pred MSE = 2.011084e-02, Param MSE = 2.085902e-01, Grad norm = 9.867807e-05, Beta update rate = 5.712600e-05
Epoch  68000 (1.4%): Train pred MSE = 1.553661e-04, Test pred MSE = 2.009926e-02, Param MSE = 2.084677e-01, Grad norm = 9.828476e-05, Beta update rate = 5.689277e-05
Epoch  68200 (1.4%): Train pred MSE = 1.544040e-04, Test pred MSE = 2.008775e-02, Param MSE = 2.083460e-01, Grad norm = 9.789395e-05, Beta update rate = 5.666105e-05
Epoch  68400 (1.4%): Train pred MSE = 1.534495e-04, Test pred MSE = 2.007631e-02, Param MSE = 2.082250e-01, Grad norm = 9.750563e-05, Beta update rate = 5.643082e-05
Epoch  68600 (1.4%): Train pred MSE = 1.525026e-04, Test pred MSE = 2.006494e-02, Param MSE = 2.081048e-01, Grad norm = 9.711977e-05, Beta update rate = 5.620207e-05
Epoch  68800 (1.4%): Train pred MSE = 1.515631e-04, Test pred MSE = 2.005364e-02, Param MSE = 2.079852e-01, Grad norm = 9.673634e-05, Beta update rate = 5.597478e-05
Epoch  69000 (1.4%): Train pred MSE = 1.506310e-04, Test pred MSE = 2.004241e-02, Param MSE = 2.078664e-01, Grad norm = 9.635532e-05, Beta update rate = 5.574895e-05
Epoch  69200 (1.4%): Train pred MSE = 1.497063e-04, Test pred MSE = 2.003125e-02, Param MSE = 2.077483e-01, Grad norm = 9.597669e-05, Beta update rate = 5.552456e-05
Epoch  69400 (1.4%): Train pred MSE = 1.487887e-04, Test pred MSE = 2.002016e-02, Param MSE = 2.076309e-01, Grad norm = 9.560042e-05, Beta update rate = 5.530158e-05
Epoch  69600 (1.4%): Train pred MSE = 1.478784e-04, Test pred MSE = 2.000913e-02, Param MSE = 2.075142e-01, Grad norm = 9.522650e-05, Beta update rate = 5.508002e-05
Epoch  69800 (1.4%): Train pred MSE = 1.469752e-04, Test pred MSE = 1.999817e-02, Param MSE = 2.073981e-01, Grad norm = 9.485489e-05, Beta update rate = 5.485986e-05
Epoch  70000 (1.4%): Train pred MSE = 1.460789e-04, Test pred MSE = 1.998727e-02, Param MSE = 2.072828e-01, Grad norm = 9.448558e-05, Beta update rate = 5.464108e-05
Epoch  70200 (1.4%): Train pred MSE = 1.451897e-04, Test pred MSE = 1.997644e-02, Param MSE = 2.071681e-01, Grad norm = 9.411854e-05, Beta update rate = 5.442367e-05
Epoch  70400 (1.4%): Train pred MSE = 1.443073e-04, Test pred MSE = 1.996568e-02, Param MSE = 2.070542e-01, Grad norm = 9.375376e-05, Beta update rate = 5.420761e-05
Epoch  70600 (1.4%): Train pred MSE = 1.434318e-04, Test pred MSE = 1.995498e-02, Param MSE = 2.069409e-01, Grad norm = 9.339121e-05, Beta update rate = 5.399291e-05
Epoch  70800 (1.4%): Train pred MSE = 1.425629e-04, Test pred MSE = 1.994434e-02, Param MSE = 2.068282e-01, Grad norm = 9.303088e-05, Beta update rate = 5.377953e-05
Epoch  71000 (1.4%): Train pred MSE = 1.417008e-04, Test pred MSE = 1.993377e-02, Param MSE = 2.067162e-01, Grad norm = 9.267273e-05, Beta update rate = 5.356748e-05
Epoch  71200 (1.4%): Train pred MSE = 1.408453e-04, Test pred MSE = 1.992326e-02, Param MSE = 2.066049e-01, Grad norm = 9.231676e-05, Beta update rate = 5.335673e-05
Epoch  71400 (1.4%): Train pred MSE = 1.399964e-04, Test pred MSE = 1.991282e-02, Param MSE = 2.064942e-01, Grad norm = 9.196293e-05, Beta update rate = 5.314728e-05
Epoch  71600 (1.4%): Train pred MSE = 1.391539e-04, Test pred MSE = 1.990243e-02, Param MSE = 2.063842e-01, Grad norm = 9.161124e-05, Beta update rate = 5.293911e-05
Epoch  71800 (1.4%): Train pred MSE = 1.383179e-04, Test pred MSE = 1.989211e-02, Param MSE = 2.062748e-01, Grad norm = 9.126166e-05, Beta update rate = 5.273222e-05
Epoch  72000 (1.4%): Train pred MSE = 1.374882e-04, Test pred MSE = 1.988185e-02, Param MSE = 2.061661e-01, Grad norm = 9.091417e-05, Beta update rate = 5.252659e-05
Epoch  72200 (1.4%): Train pred MSE = 1.366648e-04, Test pred MSE = 1.987165e-02, Param MSE = 2.060580e-01, Grad norm = 9.056875e-05, Beta update rate = 5.232220e-05
Epoch  72400 (1.4%): Train pred MSE = 1.358477e-04, Test pred MSE = 1.986151e-02, Param MSE = 2.059505e-01, Grad norm = 9.022538e-05, Beta update rate = 5.211905e-05
Epoch  72600 (1.5%): Train pred MSE = 1.350367e-04, Test pred MSE = 1.985143e-02, Param MSE = 2.058436e-01, Grad norm = 8.988405e-05, Beta update rate = 5.191713e-05
Epoch  72800 (1.5%): Train pred MSE = 1.342319e-04, Test pred MSE = 1.984141e-02, Param MSE = 2.057374e-01, Grad norm = 8.954474e-05, Beta update rate = 5.171643e-05
Epoch  73000 (1.5%): Train pred MSE = 1.334331e-04, Test pred MSE = 1.983144e-02, Param MSE = 2.056318e-01, Grad norm = 8.920742e-05, Beta update rate = 5.151693e-05
Epoch  73200 (1.5%): Train pred MSE = 1.326403e-04, Test pred MSE = 1.982154e-02, Param MSE = 2.055267e-01, Grad norm = 8.887209e-05, Beta update rate = 5.131862e-05
Epoch  73400 (1.5%): Train pred MSE = 1.318535e-04, Test pred MSE = 1.981170e-02, Param MSE = 2.054223e-01, Grad norm = 8.853872e-05, Beta update rate = 5.112150e-05
Epoch  73600 (1.5%): Train pred MSE = 1.310725e-04, Test pred MSE = 1.980191e-02, Param MSE = 2.053185e-01, Grad norm = 8.820729e-05, Beta update rate = 5.092555e-05
Epoch  73800 (1.5%): Train pred MSE = 1.302974e-04, Test pred MSE = 1.979218e-02, Param MSE = 2.052153e-01, Grad norm = 8.787779e-05, Beta update rate = 5.073076e-05
Epoch  74000 (1.5%): Train pred MSE = 1.295281e-04, Test pred MSE = 1.978251e-02, Param MSE = 2.051127e-01, Grad norm = 8.755020e-05, Beta update rate = 5.053712e-05
Epoch  74200 (1.5%): Train pred MSE = 1.287644e-04, Test pred MSE = 1.977289e-02, Param MSE = 2.050106e-01, Grad norm = 8.722450e-05, Beta update rate = 5.034463e-05
Epoch  74400 (1.5%): Train pred MSE = 1.280065e-04, Test pred MSE = 1.976333e-02, Param MSE = 2.049092e-01, Grad norm = 8.690068e-05, Beta update rate = 5.015326e-05
Epoch  74600 (1.5%): Train pred MSE = 1.272541e-04, Test pred MSE = 1.975382e-02, Param MSE = 2.048083e-01, Grad norm = 8.657872e-05, Beta update rate = 4.996302e-05
Epoch  74800 (1.5%): Train pred MSE = 1.265073e-04, Test pred MSE = 1.974437e-02, Param MSE = 2.047080e-01, Grad norm = 8.625860e-05, Beta update rate = 4.977389e-05
Epoch  75000 (1.5%): Train pred MSE = 1.257660e-04, Test pred MSE = 1.973498e-02, Param MSE = 2.046083e-01, Grad norm = 8.594031e-05, Beta update rate = 4.958586e-05
Epoch  75200 (1.5%): Train pred MSE = 1.250302e-04, Test pred MSE = 1.972564e-02, Param MSE = 2.045091e-01, Grad norm = 8.562383e-05, Beta update rate = 4.939892e-05
Epoch  75400 (1.5%): Train pred MSE = 1.242998e-04, Test pred MSE = 1.971635e-02, Param MSE = 2.044105e-01, Grad norm = 8.530915e-05, Beta update rate = 4.921306e-05
Epoch  75600 (1.5%): Train pred MSE = 1.235747e-04, Test pred MSE = 1.970712e-02, Param MSE = 2.043125e-01, Grad norm = 8.499625e-05, Beta update rate = 4.902828e-05
Epoch  75800 (1.5%): Train pred MSE = 1.228549e-04, Test pred MSE = 1.969794e-02, Param MSE = 2.042150e-01, Grad norm = 8.468511e-05, Beta update rate = 4.884456e-05
Epoch  76000 (1.5%): Train pred MSE = 1.221404e-04, Test pred MSE = 1.968881e-02, Param MSE = 2.041180e-01, Grad norm = 8.437572e-05, Beta update rate = 4.866190e-05
Epoch  76200 (1.5%): Train pred MSE = 1.214311e-04, Test pred MSE = 1.967973e-02, Param MSE = 2.040216e-01, Grad norm = 8.406807e-05, Beta update rate = 4.848029e-05
Epoch  76400 (1.5%): Train pred MSE = 1.207269e-04, Test pred MSE = 1.967071e-02, Param MSE = 2.039258e-01, Grad norm = 8.376214e-05, Beta update rate = 4.829971e-05
Epoch  76600 (1.5%): Train pred MSE = 1.200279e-04, Test pred MSE = 1.966174e-02, Param MSE = 2.038305e-01, Grad norm = 8.345791e-05, Beta update rate = 4.812015e-05
Epoch  76800 (1.5%): Train pred MSE = 1.193339e-04, Test pred MSE = 1.965282e-02, Param MSE = 2.037357e-01, Grad norm = 8.315537e-05, Beta update rate = 4.794162e-05
Epoch  77000 (1.5%): Train pred MSE = 1.186449e-04, Test pred MSE = 1.964395e-02, Param MSE = 2.036414e-01, Grad norm = 8.285451e-05, Beta update rate = 4.776410e-05
Epoch  77200 (1.5%): Train pred MSE = 1.179609e-04, Test pred MSE = 1.963513e-02, Param MSE = 2.035477e-01, Grad norm = 8.255531e-05, Beta update rate = 4.758758e-05
Epoch  77400 (1.5%): Train pred MSE = 1.172819e-04, Test pred MSE = 1.962636e-02, Param MSE = 2.034545e-01, Grad norm = 8.225776e-05, Beta update rate = 4.741205e-05
Epoch  77600 (1.6%): Train pred MSE = 1.166077e-04, Test pred MSE = 1.961765e-02, Param MSE = 2.033618e-01, Grad norm = 8.196185e-05, Beta update rate = 4.723751e-05
Epoch  77800 (1.6%): Train pred MSE = 1.159384e-04, Test pred MSE = 1.960898e-02, Param MSE = 2.032697e-01, Grad norm = 8.166755e-05, Beta update rate = 4.706395e-05
Epoch  78000 (1.6%): Train pred MSE = 1.152738e-04, Test pred MSE = 1.960036e-02, Param MSE = 2.031780e-01, Grad norm = 8.137486e-05, Beta update rate = 4.689135e-05
Epoch  78200 (1.6%): Train pred MSE = 1.146140e-04, Test pred MSE = 1.959179e-02, Param MSE = 2.030869e-01, Grad norm = 8.108377e-05, Beta update rate = 4.671972e-05
Epoch  78400 (1.6%): Train pred MSE = 1.139589e-04, Test pred MSE = 1.958327e-02, Param MSE = 2.029963e-01, Grad norm = 8.079426e-05, Beta update rate = 4.654904e-05
Epoch  78600 (1.6%): Train pred MSE = 1.133085e-04, Test pred MSE = 1.957479e-02, Param MSE = 2.029061e-01, Grad norm = 8.050631e-05, Beta update rate = 4.637930e-05
Epoch  78800 (1.6%): Train pred MSE = 1.126627e-04, Test pred MSE = 1.956637e-02, Param MSE = 2.028165e-01, Grad norm = 8.021992e-05, Beta update rate = 4.621050e-05
Epoch  79000 (1.6%): Train pred MSE = 1.120215e-04, Test pred MSE = 1.955799e-02, Param MSE = 2.027274e-01, Grad norm = 7.993507e-05, Beta update rate = 4.604263e-05
Epoch  79200 (1.6%): Train pred MSE = 1.113848e-04, Test pred MSE = 1.954966e-02, Param MSE = 2.026387e-01, Grad norm = 7.965175e-05, Beta update rate = 4.587568e-05
Epoch  79400 (1.6%): Train pred MSE = 1.107526e-04, Test pred MSE = 1.954137e-02, Param MSE = 2.025505e-01, Grad norm = 7.936995e-05, Beta update rate = 4.570964e-05
Epoch  79600 (1.6%): Train pred MSE = 1.101249e-04, Test pred MSE = 1.953313e-02, Param MSE = 2.024629e-01, Grad norm = 7.908965e-05, Beta update rate = 4.554451e-05
Epoch  79800 (1.6%): Train pred MSE = 1.095016e-04, Test pred MSE = 1.952494e-02, Param MSE = 2.023757e-01, Grad norm = 7.881085e-05, Beta update rate = 4.538028e-05
Epoch  80000 (1.6%): Train pred MSE = 1.088827e-04, Test pred MSE = 1.951679e-02, Param MSE = 2.022889e-01, Grad norm = 7.853352e-05, Beta update rate = 4.521695e-05
Epoch  80200 (1.6%): Train pred MSE = 1.082681e-04, Test pred MSE = 1.950869e-02, Param MSE = 2.022027e-01, Grad norm = 7.825766e-05, Beta update rate = 4.505449e-05
Epoch  80400 (1.6%): Train pred MSE = 1.076578e-04, Test pred MSE = 1.950064e-02, Param MSE = 2.021169e-01, Grad norm = 7.798326e-05, Beta update rate = 4.489292e-05
Epoch  80600 (1.6%): Train pred MSE = 1.070518e-04, Test pred MSE = 1.949263e-02, Param MSE = 2.020316e-01, Grad norm = 7.771031e-05, Beta update rate = 4.473221e-05
Epoch  80800 (1.6%): Train pred MSE = 1.064501e-04, Test pred MSE = 1.948466e-02, Param MSE = 2.019468e-01, Grad norm = 7.743879e-05, Beta update rate = 4.457237e-05
Epoch  81000 (1.6%): Train pred MSE = 1.058525e-04, Test pred MSE = 1.947674e-02, Param MSE = 2.018624e-01, Grad norm = 7.716869e-05, Beta update rate = 4.441339e-05
Epoch  81200 (1.6%): Train pred MSE = 1.052591e-04, Test pred MSE = 1.946886e-02, Param MSE = 2.017785e-01, Grad norm = 7.690000e-05, Beta update rate = 4.425525e-05
Epoch  81400 (1.6%): Train pred MSE = 1.046698e-04, Test pred MSE = 1.946102e-02, Param MSE = 2.016950e-01, Grad norm = 7.663271e-05, Beta update rate = 4.409796e-05
Epoch  81600 (1.6%): Train pred MSE = 1.040846e-04, Test pred MSE = 1.945323e-02, Param MSE = 2.016120e-01, Grad norm = 7.636681e-05, Beta update rate = 4.394150e-05
Epoch  81800 (1.6%): Train pred MSE = 1.035034e-04, Test pred MSE = 1.944549e-02, Param MSE = 2.015294e-01, Grad norm = 7.610228e-05, Beta update rate = 4.378587e-05
Epoch  82000 (1.6%): Train pred MSE = 1.029263e-04, Test pred MSE = 1.943778e-02, Param MSE = 2.014473e-01, Grad norm = 7.583913e-05, Beta update rate = 4.363107e-05
Epoch  82200 (1.6%): Train pred MSE = 1.023531e-04, Test pred MSE = 1.943012e-02, Param MSE = 2.013656e-01, Grad norm = 7.557733e-05, Beta update rate = 4.347708e-05
Epoch  82400 (1.6%): Train pred MSE = 1.017839e-04, Test pred MSE = 1.942250e-02, Param MSE = 2.012844e-01, Grad norm = 7.531687e-05, Beta update rate = 4.332391e-05
Epoch  82600 (1.7%): Train pred MSE = 1.012186e-04, Test pred MSE = 1.941492e-02, Param MSE = 2.012036e-01, Grad norm = 7.505775e-05, Beta update rate = 4.317153e-05
Epoch  82800 (1.7%): Train pred MSE = 1.006572e-04, Test pred MSE = 1.940738e-02, Param MSE = 2.011232e-01, Grad norm = 7.479996e-05, Beta update rate = 4.301996e-05
Epoch  83000 (1.7%): Train pred MSE = 1.000997e-04, Test pred MSE = 1.939988e-02, Param MSE = 2.010433e-01, Grad norm = 7.454348e-05, Beta update rate = 4.286918e-05
Epoch  83200 (1.7%): Train pred MSE = 9.954589e-05, Test pred MSE = 1.939243e-02, Param MSE = 2.009637e-01, Grad norm = 7.428831e-05, Beta update rate = 4.271918e-05
Epoch  83400 (1.7%): Train pred MSE = 9.899592e-05, Test pred MSE = 1.938501e-02, Param MSE = 2.008847e-01, Grad norm = 7.403443e-05, Beta update rate = 4.256996e-05
Epoch  83600 (1.7%): Train pred MSE = 9.844969e-05, Test pred MSE = 1.937764e-02, Param MSE = 2.008060e-01, Grad norm = 7.378183e-05, Beta update rate = 4.242151e-05
Epoch  83800 (1.7%): Train pred MSE = 9.790718e-05, Test pred MSE = 1.937030e-02, Param MSE = 2.007278e-01, Grad norm = 7.353051e-05, Beta update rate = 4.227383e-05
Epoch  84000 (1.7%): Train pred MSE = 9.736836e-05, Test pred MSE = 1.936301e-02, Param MSE = 2.006499e-01, Grad norm = 7.328046e-05, Beta update rate = 4.212692e-05
Epoch  84200 (1.7%): Train pred MSE = 9.683319e-05, Test pred MSE = 1.935576e-02, Param MSE = 2.005725e-01, Grad norm = 7.303166e-05, Beta update rate = 4.198075e-05
Epoch  84400 (1.7%): Train pred MSE = 9.630165e-05, Test pred MSE = 1.934854e-02, Param MSE = 2.004955e-01, Grad norm = 7.278411e-05, Beta update rate = 4.183534e-05
Epoch  84600 (1.7%): Train pred MSE = 9.577371e-05, Test pred MSE = 1.934136e-02, Param MSE = 2.004189e-01, Grad norm = 7.253779e-05, Beta update rate = 4.169067e-05
Epoch  84800 (1.7%): Train pred MSE = 9.524932e-05, Test pred MSE = 1.933423e-02, Param MSE = 2.003427e-01, Grad norm = 7.229271e-05, Beta update rate = 4.154674e-05
Epoch  85000 (1.7%): Train pred MSE = 9.472848e-05, Test pred MSE = 1.932713e-02, Param MSE = 2.002669e-01, Grad norm = 7.204884e-05, Beta update rate = 4.140355e-05
Epoch  85200 (1.7%): Train pred MSE = 9.421113e-05, Test pred MSE = 1.932007e-02, Param MSE = 2.001915e-01, Grad norm = 7.180618e-05, Beta update rate = 4.126108e-05
Epoch  85400 (1.7%): Train pred MSE = 9.369727e-05, Test pred MSE = 1.931305e-02, Param MSE = 2.001165e-01, Grad norm = 7.156472e-05, Beta update rate = 4.111933e-05
Epoch  85600 (1.7%): Train pred MSE = 9.318685e-05, Test pred MSE = 1.930606e-02, Param MSE = 2.000419e-01, Grad norm = 7.132445e-05, Beta update rate = 4.097830e-05
Epoch  85800 (1.7%): Train pred MSE = 9.267985e-05, Test pred MSE = 1.929911e-02, Param MSE = 1.999677e-01, Grad norm = 7.108537e-05, Beta update rate = 4.083798e-05
Epoch  86000 (1.7%): Train pred MSE = 9.217624e-05, Test pred MSE = 1.929220e-02, Param MSE = 1.998939e-01, Grad norm = 7.084746e-05, Beta update rate = 4.069836e-05
Epoch  86200 (1.7%): Train pred MSE = 9.167599e-05, Test pred MSE = 1.928533e-02, Param MSE = 1.998205e-01, Grad norm = 7.061072e-05, Beta update rate = 4.055945e-05
Epoch  86400 (1.7%): Train pred MSE = 9.117908e-05, Test pred MSE = 1.927850e-02, Param MSE = 1.997475e-01, Grad norm = 7.037513e-05, Beta update rate = 4.042123e-05
Epoch  86600 (1.7%): Train pred MSE = 9.068548e-05, Test pred MSE = 1.927170e-02, Param MSE = 1.996748e-01, Grad norm = 7.014069e-05, Beta update rate = 4.028370e-05
Epoch  86800 (1.7%): Train pred MSE = 9.019515e-05, Test pred MSE = 1.926493e-02, Param MSE = 1.996025e-01, Grad norm = 6.990739e-05, Beta update rate = 4.014686e-05
Epoch  87000 (1.7%): Train pred MSE = 8.970808e-05, Test pred MSE = 1.925821e-02, Param MSE = 1.995306e-01, Grad norm = 6.967523e-05, Beta update rate = 4.001070e-05
Epoch  87200 (1.7%): Train pred MSE = 8.922424e-05, Test pred MSE = 1.925152e-02, Param MSE = 1.994591e-01, Grad norm = 6.944418e-05, Beta update rate = 3.987521e-05
Epoch  87400 (1.7%): Train pred MSE = 8.874360e-05, Test pred MSE = 1.924486e-02, Param MSE = 1.993879e-01, Grad norm = 6.921426e-05, Beta update rate = 3.974039e-05
Epoch  87600 (1.8%): Train pred MSE = 8.826613e-05, Test pred MSE = 1.923824e-02, Param MSE = 1.993171e-01, Grad norm = 6.898544e-05, Beta update rate = 3.960624e-05
Epoch  87800 (1.8%): Train pred MSE = 8.779182e-05, Test pred MSE = 1.923165e-02, Param MSE = 1.992467e-01, Grad norm = 6.875772e-05, Beta update rate = 3.947275e-05
Epoch  88000 (1.8%): Train pred MSE = 8.732062e-05, Test pred MSE = 1.922510e-02, Param MSE = 1.991766e-01, Grad norm = 6.853109e-05, Beta update rate = 3.933991e-05
Epoch  88200 (1.8%): Train pred MSE = 8.685253e-05, Test pred MSE = 1.921859e-02, Param MSE = 1.991069e-01, Grad norm = 6.830555e-05, Beta update rate = 3.920773e-05
Epoch  88400 (1.8%): Train pred MSE = 8.638751e-05, Test pred MSE = 1.921211e-02, Param MSE = 1.990376e-01, Grad norm = 6.808109e-05, Beta update rate = 3.907619e-05
Epoch  88600 (1.8%): Train pred MSE = 8.592554e-05, Test pred MSE = 1.920566e-02, Param MSE = 1.989686e-01, Grad norm = 6.785769e-05, Beta update rate = 3.894529e-05
Epoch  88800 (1.8%): Train pred MSE = 8.546659e-05, Test pred MSE = 1.919925e-02, Param MSE = 1.989000e-01, Grad norm = 6.763535e-05, Beta update rate = 3.881503e-05
Epoch  89000 (1.8%): Train pred MSE = 8.501064e-05, Test pred MSE = 1.919287e-02, Param MSE = 1.988317e-01, Grad norm = 6.741407e-05, Beta update rate = 3.868541e-05
Epoch  89200 (1.8%): Train pred MSE = 8.455767e-05, Test pred MSE = 1.918652e-02, Param MSE = 1.987638e-01, Grad norm = 6.719384e-05, Beta update rate = 3.855641e-05
Epoch  89400 (1.8%): Train pred MSE = 8.410765e-05, Test pred MSE = 1.918021e-02, Param MSE = 1.986962e-01, Grad norm = 6.697464e-05, Beta update rate = 3.842803e-05
Epoch  89600 (1.8%): Train pred MSE = 8.366057e-05, Test pred MSE = 1.917393e-02, Param MSE = 1.986290e-01, Grad norm = 6.675648e-05, Beta update rate = 3.830028e-05
Epoch  89800 (1.8%): Train pred MSE = 8.321638e-05, Test pred MSE = 1.916768e-02, Param MSE = 1.985621e-01, Grad norm = 6.653934e-05, Beta update rate = 3.817314e-05
Epoch  90000 (1.8%): Train pred MSE = 8.277508e-05, Test pred MSE = 1.916147e-02, Param MSE = 1.984956e-01, Grad norm = 6.632322e-05, Beta update rate = 3.804661e-05
Epoch  90200 (1.8%): Train pred MSE = 8.233664e-05, Test pred MSE = 1.915529e-02, Param MSE = 1.984294e-01, Grad norm = 6.610810e-05, Beta update rate = 3.792068e-05
Epoch  90400 (1.8%): Train pred MSE = 8.190104e-05, Test pred MSE = 1.914914e-02, Param MSE = 1.983635e-01, Grad norm = 6.589400e-05, Beta update rate = 3.779536e-05
Epoch  90600 (1.8%): Train pred MSE = 8.146825e-05, Test pred MSE = 1.914302e-02, Param MSE = 1.982980e-01, Grad norm = 6.568089e-05, Beta update rate = 3.767063e-05
Epoch  90800 (1.8%): Train pred MSE = 8.103826e-05, Test pred MSE = 1.913694e-02, Param MSE = 1.982328e-01, Grad norm = 6.546877e-05, Beta update rate = 3.754650e-05
Epoch  91000 (1.8%): Train pred MSE = 8.061103e-05, Test pred MSE = 1.913088e-02, Param MSE = 1.981679e-01, Grad norm = 6.525763e-05, Beta update rate = 3.742296e-05
Epoch  91200 (1.8%): Train pred MSE = 8.018656e-05, Test pred MSE = 1.912486e-02, Param MSE = 1.981034e-01, Grad norm = 6.504747e-05, Beta update rate = 3.730000e-05
Epoch  91400 (1.8%): Train pred MSE = 7.976481e-05, Test pred MSE = 1.911887e-02, Param MSE = 1.980392e-01, Grad norm = 6.483828e-05, Beta update rate = 3.717763e-05
Epoch  91600 (1.8%): Train pred MSE = 7.934577e-05, Test pred MSE = 1.911291e-02, Param MSE = 1.979753e-01, Grad norm = 6.463006e-05, Beta update rate = 3.705583e-05
Epoch  91800 (1.8%): Train pred MSE = 7.892942e-05, Test pred MSE = 1.910698e-02, Param MSE = 1.979117e-01, Grad norm = 6.442279e-05, Beta update rate = 3.693461e-05
Epoch  92000 (1.8%): Train pred MSE = 7.851573e-05, Test pred MSE = 1.910108e-02, Param MSE = 1.978485e-01, Grad norm = 6.421647e-05, Beta update rate = 3.681395e-05
Epoch  92200 (1.8%): Train pred MSE = 7.810468e-05, Test pred MSE = 1.909521e-02, Param MSE = 1.977855e-01, Grad norm = 6.401109e-05, Beta update rate = 3.669386e-05
Epoch  92400 (1.8%): Train pred MSE = 7.769626e-05, Test pred MSE = 1.908938e-02, Param MSE = 1.977229e-01, Grad norm = 6.380665e-05, Beta update rate = 3.657433e-05
Epoch  92600 (1.9%): Train pred MSE = 7.729043e-05, Test pred MSE = 1.908357e-02, Param MSE = 1.976606e-01, Grad norm = 6.360315e-05, Beta update rate = 3.645537e-05
Epoch  92800 (1.9%): Train pred MSE = 7.688720e-05, Test pred MSE = 1.907779e-02, Param MSE = 1.975987e-01, Grad norm = 6.340057e-05, Beta update rate = 3.633695e-05
Epoch  93000 (1.9%): Train pred MSE = 7.648652e-05, Test pred MSE = 1.907204e-02, Param MSE = 1.975370e-01, Grad norm = 6.319891e-05, Beta update rate = 3.621908e-05
Epoch  93200 (1.9%): Train pred MSE = 7.608839e-05, Test pred MSE = 1.906632e-02, Param MSE = 1.974756e-01, Grad norm = 6.299816e-05, Beta update rate = 3.610177e-05
Epoch  93400 (1.9%): Train pred MSE = 7.569278e-05, Test pred MSE = 1.906063e-02, Param MSE = 1.974146e-01, Grad norm = 6.279832e-05, Beta update rate = 3.598499e-05
Epoch  93600 (1.9%): Train pred MSE = 7.529967e-05, Test pred MSE = 1.905497e-02, Param MSE = 1.973538e-01, Grad norm = 6.259938e-05, Beta update rate = 3.586875e-05
Epoch  93800 (1.9%): Train pred MSE = 7.490905e-05, Test pred MSE = 1.904934e-02, Param MSE = 1.972934e-01, Grad norm = 6.240134e-05, Beta update rate = 3.575305e-05
Epoch  94000 (1.9%): Train pred MSE = 7.452090e-05, Test pred MSE = 1.904374e-02, Param MSE = 1.972332e-01, Grad norm = 6.220418e-05, Beta update rate = 3.563789e-05
Epoch  94200 (1.9%): Train pred MSE = 7.413519e-05, Test pred MSE = 1.903816e-02, Param MSE = 1.971734e-01, Grad norm = 6.200791e-05, Beta update rate = 3.552325e-05
Epoch  94400 (1.9%): Train pred MSE = 7.375192e-05, Test pred MSE = 1.903262e-02, Param MSE = 1.971138e-01, Grad norm = 6.181252e-05, Beta update rate = 3.540913e-05
Epoch  94600 (1.9%): Train pred MSE = 7.337105e-05, Test pred MSE = 1.902710e-02, Param MSE = 1.970545e-01, Grad norm = 6.161800e-05, Beta update rate = 3.529554e-05
Epoch  94800 (1.9%): Train pred MSE = 7.299257e-05, Test pred MSE = 1.902161e-02, Param MSE = 1.969956e-01, Grad norm = 6.142434e-05, Beta update rate = 3.518247e-05
Epoch  95000 (1.9%): Train pred MSE = 7.261647e-05, Test pred MSE = 1.901615e-02, Param MSE = 1.969369e-01, Grad norm = 6.123155e-05, Beta update rate = 3.506991e-05
Epoch  95200 (1.9%): Train pred MSE = 7.224272e-05, Test pred MSE = 1.901071e-02, Param MSE = 1.968785e-01, Grad norm = 6.103961e-05, Beta update rate = 3.495786e-05
Epoch  95400 (1.9%): Train pred MSE = 7.187132e-05, Test pred MSE = 1.900531e-02, Param MSE = 1.968204e-01, Grad norm = 6.084852e-05, Beta update rate = 3.484632e-05
Epoch  95600 (1.9%): Train pred MSE = 7.150223e-05, Test pred MSE = 1.899993e-02, Param MSE = 1.967626e-01, Grad norm = 6.065828e-05, Beta update rate = 3.473529e-05
Epoch  95800 (1.9%): Train pred MSE = 7.113544e-05, Test pred MSE = 1.899457e-02, Param MSE = 1.967051e-01, Grad norm = 6.046887e-05, Beta update rate = 3.462475e-05
Epoch  96000 (1.9%): Train pred MSE = 7.077094e-05, Test pred MSE = 1.898925e-02, Param MSE = 1.966479e-01, Grad norm = 6.028030e-05, Beta update rate = 3.451472e-05
Epoch  96200 (1.9%): Train pred MSE = 7.040871e-05, Test pred MSE = 1.898395e-02, Param MSE = 1.965909e-01, Grad norm = 6.009256e-05, Beta update rate = 3.440518e-05
Epoch  96400 (1.9%): Train pred MSE = 7.004873e-05, Test pred MSE = 1.897868e-02, Param MSE = 1.965342e-01, Grad norm = 5.990564e-05, Beta update rate = 3.429613e-05
Epoch  96600 (1.9%): Train pred MSE = 6.969098e-05, Test pred MSE = 1.897343e-02, Param MSE = 1.964778e-01, Grad norm = 5.971954e-05, Beta update rate = 3.418757e-05
Epoch  96800 (1.9%): Train pred MSE = 6.933546e-05, Test pred MSE = 1.896821e-02, Param MSE = 1.964217e-01, Grad norm = 5.953425e-05, Beta update rate = 3.407950e-05
Epoch  97000 (1.9%): Train pred MSE = 6.898213e-05, Test pred MSE = 1.896302e-02, Param MSE = 1.963658e-01, Grad norm = 5.934977e-05, Beta update rate = 3.397190e-05
Epoch  97200 (1.9%): Train pred MSE = 6.863099e-05, Test pred MSE = 1.895785e-02, Param MSE = 1.963102e-01, Grad norm = 5.916610e-05, Beta update rate = 3.386479e-05
Epoch  97400 (1.9%): Train pred MSE = 6.828202e-05, Test pred MSE = 1.895271e-02, Param MSE = 1.962549e-01, Grad norm = 5.898322e-05, Beta update rate = 3.375816e-05
Epoch  97600 (2.0%): Train pred MSE = 6.793520e-05, Test pred MSE = 1.894759e-02, Param MSE = 1.961999e-01, Grad norm = 5.880113e-05, Beta update rate = 3.365200e-05
Epoch  97800 (2.0%): Train pred MSE = 6.759051e-05, Test pred MSE = 1.894250e-02, Param MSE = 1.961451e-01, Grad norm = 5.861983e-05, Beta update rate = 3.354630e-05
Epoch  98000 (2.0%): Train pred MSE = 6.724795e-05, Test pred MSE = 1.893744e-02, Param MSE = 1.960906e-01, Grad norm = 5.843932e-05, Beta update rate = 3.344108e-05
Epoch  98200 (2.0%): Train pred MSE = 6.690749e-05, Test pred MSE = 1.893240e-02, Param MSE = 1.960364e-01, Grad norm = 5.825958e-05, Beta update rate = 3.333632e-05
Epoch  98400 (2.0%): Train pred MSE = 6.656912e-05, Test pred MSE = 1.892738e-02, Param MSE = 1.959824e-01, Grad norm = 5.808062e-05, Beta update rate = 3.323202e-05
Epoch  98600 (2.0%): Train pred MSE = 6.623283e-05, Test pred MSE = 1.892239e-02, Param MSE = 1.959287e-01, Grad norm = 5.790242e-05, Beta update rate = 3.312818e-05
Epoch  98800 (2.0%): Train pred MSE = 6.589860e-05, Test pred MSE = 1.891743e-02, Param MSE = 1.958752e-01, Grad norm = 5.772499e-05, Beta update rate = 3.302480e-05
Epoch  99000 (2.0%): Train pred MSE = 6.556641e-05, Test pred MSE = 1.891249e-02, Param MSE = 1.958220e-01, Grad norm = 5.754832e-05, Beta update rate = 3.292186e-05
Epoch  99200 (2.0%): Train pred MSE = 6.523624e-05, Test pred MSE = 1.890757e-02, Param MSE = 1.957690e-01, Grad norm = 5.737240e-05, Beta update rate = 3.281938e-05
Epoch  99400 (2.0%): Train pred MSE = 6.490810e-05, Test pred MSE = 1.890268e-02, Param MSE = 1.957164e-01, Grad norm = 5.719724e-05, Beta update rate = 3.271735e-05
Epoch  99600 (2.0%): Train pred MSE = 6.458195e-05, Test pred MSE = 1.889781e-02, Param MSE = 1.956639e-01, Grad norm = 5.702281e-05, Beta update rate = 3.261576e-05
Epoch  99800 (2.0%): Train pred MSE = 6.425779e-05, Test pred MSE = 1.889297e-02, Param MSE = 1.956117e-01, Grad norm = 5.684913e-05, Beta update rate = 3.251461e-05
Epoch 100000 (2.0%): Train pred MSE = 6.393560e-05, Test pred MSE = 1.888815e-02, Param MSE = 1.955598e-01, Grad norm = 5.667619e-05, Beta update rate = 3.241390e-05
Epoch 100200 (2.0%): Train pred MSE = 6.361536e-05, Test pred MSE = 1.888335e-02, Param MSE = 1.955081e-01, Grad norm = 5.650398e-05, Beta update rate = 3.231363e-05
Epoch 100400 (2.0%): Train pred MSE = 6.329706e-05, Test pred MSE = 1.887858e-02, Param MSE = 1.954567e-01, Grad norm = 5.633250e-05, Beta update rate = 3.221379e-05
Epoch 100600 (2.0%): Train pred MSE = 6.298070e-05, Test pred MSE = 1.887383e-02, Param MSE = 1.954055e-01, Grad norm = 5.616174e-05, Beta update rate = 3.211438e-05
Epoch 100800 (2.0%): Train pred MSE = 6.266625e-05, Test pred MSE = 1.886910e-02, Param MSE = 1.953545e-01, Grad norm = 5.599169e-05, Beta update rate = 3.201540e-05
Epoch 101000 (2.0%): Train pred MSE = 6.235369e-05, Test pred MSE = 1.886440e-02, Param MSE = 1.953038e-01, Grad norm = 5.582237e-05, Beta update rate = 3.191685e-05
Epoch 101200 (2.0%): Train pred MSE = 6.204303e-05, Test pred MSE = 1.885972e-02, Param MSE = 1.952533e-01, Grad norm = 5.565375e-05, Beta update rate = 3.181872e-05
Epoch 101400 (2.0%): Train pred MSE = 6.173424e-05, Test pred MSE = 1.885506e-02, Param MSE = 1.952031e-01, Grad norm = 5.548584e-05, Beta update rate = 3.172101e-05
Epoch 101600 (2.0%): Train pred MSE = 6.142730e-05, Test pred MSE = 1.885043e-02, Param MSE = 1.951531e-01, Grad norm = 5.531864e-05, Beta update rate = 3.162372e-05
Epoch 101800 (2.0%): Train pred MSE = 6.112222e-05, Test pred MSE = 1.884581e-02, Param MSE = 1.951033e-01, Grad norm = 5.515213e-05, Beta update rate = 3.152684e-05
Epoch 102000 (2.0%): Train pred MSE = 6.081896e-05, Test pred MSE = 1.884122e-02, Param MSE = 1.950538e-01, Grad norm = 5.498631e-05, Beta update rate = 3.143038e-05
Epoch 102200 (2.0%): Train pred MSE = 6.051753e-05, Test pred MSE = 1.883666e-02, Param MSE = 1.950045e-01, Grad norm = 5.482119e-05, Beta update rate = 3.133433e-05
Epoch 102400 (2.0%): Train pred MSE = 6.021790e-05, Test pred MSE = 1.883211e-02, Param MSE = 1.949555e-01, Grad norm = 5.465675e-05, Beta update rate = 3.123868e-05
Epoch 102600 (2.1%): Train pred MSE = 5.992006e-05, Test pred MSE = 1.882759e-02, Param MSE = 1.949067e-01, Grad norm = 5.449299e-05, Beta update rate = 3.114344e-05
Epoch 102800 (2.1%): Train pred MSE = 5.962401e-05, Test pred MSE = 1.882309e-02, Param MSE = 1.948581e-01, Grad norm = 5.432991e-05, Beta update rate = 3.104861e-05
Epoch 103000 (2.1%): Train pred MSE = 5.932972e-05, Test pred MSE = 1.881861e-02, Param MSE = 1.948097e-01, Grad norm = 5.416751e-05, Beta update rate = 3.095418e-05
Epoch 103200 (2.1%): Train pred MSE = 5.903719e-05, Test pred MSE = 1.881415e-02, Param MSE = 1.947616e-01, Grad norm = 5.400578e-05, Beta update rate = 3.086014e-05
Epoch 103400 (2.1%): Train pred MSE = 5.874641e-05, Test pred MSE = 1.880971e-02, Param MSE = 1.947137e-01, Grad norm = 5.384471e-05, Beta update rate = 3.076650e-05
Epoch 103600 (2.1%): Train pred MSE = 5.845735e-05, Test pred MSE = 1.880530e-02, Param MSE = 1.946660e-01, Grad norm = 5.368430e-05, Beta update rate = 3.067326e-05
Epoch 103800 (2.1%): Train pred MSE = 5.817002e-05, Test pred MSE = 1.880090e-02, Param MSE = 1.946185e-01, Grad norm = 5.352455e-05, Beta update rate = 3.058040e-05
Epoch 104000 (2.1%): Train pred MSE = 5.788439e-05, Test pred MSE = 1.879653e-02, Param MSE = 1.945713e-01, Grad norm = 5.336546e-05, Beta update rate = 3.048794e-05
Epoch 104200 (2.1%): Train pred MSE = 5.760045e-05, Test pred MSE = 1.879218e-02, Param MSE = 1.945243e-01, Grad norm = 5.320702e-05, Beta update rate = 3.039586e-05
Epoch 104400 (2.1%): Train pred MSE = 5.731820e-05, Test pred MSE = 1.878785e-02, Param MSE = 1.944775e-01, Grad norm = 5.304923e-05, Beta update rate = 3.030417e-05
Epoch 104600 (2.1%): Train pred MSE = 5.703761e-05, Test pred MSE = 1.878354e-02, Param MSE = 1.944309e-01, Grad norm = 5.289208e-05, Beta update rate = 3.021286e-05
Epoch 104800 (2.1%): Train pred MSE = 5.675869e-05, Test pred MSE = 1.877925e-02, Param MSE = 1.943845e-01, Grad norm = 5.273557e-05, Beta update rate = 3.012193e-05
Epoch 105000 (2.1%): Train pred MSE = 5.648142e-05, Test pred MSE = 1.877498e-02, Param MSE = 1.943384e-01, Grad norm = 5.257969e-05, Beta update rate = 3.003137e-05
Epoch 105200 (2.1%): Train pred MSE = 5.620577e-05, Test pred MSE = 1.877073e-02, Param MSE = 1.942925e-01, Grad norm = 5.242445e-05, Beta update rate = 2.994120e-05
Epoch 105400 (2.1%): Train pred MSE = 5.593176e-05, Test pred MSE = 1.876650e-02, Param MSE = 1.942467e-01, Grad norm = 5.226984e-05, Beta update rate = 2.985140e-05
Epoch 105600 (2.1%): Train pred MSE = 5.565936e-05, Test pred MSE = 1.876229e-02, Param MSE = 1.942012e-01, Grad norm = 5.211586e-05, Beta update rate = 2.976196e-05
Epoch 105800 (2.1%): Train pred MSE = 5.538855e-05, Test pred MSE = 1.875810e-02, Param MSE = 1.941559e-01, Grad norm = 5.196249e-05, Beta update rate = 2.967290e-05
Epoch 106000 (2.1%): Train pred MSE = 5.511934e-05, Test pred MSE = 1.875393e-02, Param MSE = 1.941109e-01, Grad norm = 5.180975e-05, Beta update rate = 2.958421e-05
Epoch 106200 (2.1%): Train pred MSE = 5.485171e-05, Test pred MSE = 1.874979e-02, Param MSE = 1.940660e-01, Grad norm = 5.165762e-05, Beta update rate = 2.949588e-05
Epoch 106400 (2.1%): Train pred MSE = 5.458565e-05, Test pred MSE = 1.874566e-02, Param MSE = 1.940213e-01, Grad norm = 5.150610e-05, Beta update rate = 2.940792e-05
Epoch 106600 (2.1%): Train pred MSE = 5.432115e-05, Test pred MSE = 1.874155e-02, Param MSE = 1.939768e-01, Grad norm = 5.135520e-05, Beta update rate = 2.932031e-05
Epoch 106800 (2.1%): Train pred MSE = 5.405819e-05, Test pred MSE = 1.873746e-02, Param MSE = 1.939326e-01, Grad norm = 5.120489e-05, Beta update rate = 2.923307e-05
Epoch 107000 (2.1%): Train pred MSE = 5.379676e-05, Test pred MSE = 1.873339e-02, Param MSE = 1.938885e-01, Grad norm = 5.105519e-05, Beta update rate = 2.914618e-05
Epoch 107200 (2.1%): Train pred MSE = 5.353687e-05, Test pred MSE = 1.872933e-02, Param MSE = 1.938447e-01, Grad norm = 5.090609e-05, Beta update rate = 2.905964e-05
Epoch 107400 (2.1%): Train pred MSE = 5.327849e-05, Test pred MSE = 1.872530e-02, Param MSE = 1.938010e-01, Grad norm = 5.075758e-05, Beta update rate = 2.897346e-05
Epoch 107600 (2.2%): Train pred MSE = 5.302161e-05, Test pred MSE = 1.872129e-02, Param MSE = 1.937575e-01, Grad norm = 5.060967e-05, Beta update rate = 2.888763e-05
Epoch 107800 (2.2%): Train pred MSE = 5.276623e-05, Test pred MSE = 1.871729e-02, Param MSE = 1.937143e-01, Grad norm = 5.046234e-05, Beta update rate = 2.880215e-05
Epoch 108000 (2.2%): Train pred MSE = 5.251233e-05, Test pred MSE = 1.871332e-02, Param MSE = 1.936712e-01, Grad norm = 5.031560e-05, Beta update rate = 2.871702e-05
Epoch 108200 (2.2%): Train pred MSE = 5.225990e-05, Test pred MSE = 1.870936e-02, Param MSE = 1.936284e-01, Grad norm = 5.016944e-05, Beta update rate = 2.863223e-05
Epoch 108400 (2.2%): Train pred MSE = 5.200894e-05, Test pred MSE = 1.870542e-02, Param MSE = 1.935857e-01, Grad norm = 5.002386e-05, Beta update rate = 2.854779e-05
Epoch 108600 (2.2%): Train pred MSE = 5.175943e-05, Test pred MSE = 1.870150e-02, Param MSE = 1.935432e-01, Grad norm = 4.987886e-05, Beta update rate = 2.846368e-05
Epoch 108800 (2.2%): Train pred MSE = 5.151137e-05, Test pred MSE = 1.869760e-02, Param MSE = 1.935009e-01, Grad norm = 4.973442e-05, Beta update rate = 2.837992e-05
Epoch 109000 (2.2%): Train pred MSE = 5.126474e-05, Test pred MSE = 1.869371e-02, Param MSE = 1.934589e-01, Grad norm = 4.959056e-05, Beta update rate = 2.829649e-05
Epoch 109200 (2.2%): Train pred MSE = 5.101953e-05, Test pred MSE = 1.868985e-02, Param MSE = 1.934170e-01, Grad norm = 4.944727e-05, Beta update rate = 2.821340e-05
Epoch 109400 (2.2%): Train pred MSE = 5.077574e-05, Test pred MSE = 1.868600e-02, Param MSE = 1.933753e-01, Grad norm = 4.930454e-05, Beta update rate = 2.813065e-05
Epoch 109600 (2.2%): Train pred MSE = 5.053335e-05, Test pred MSE = 1.868217e-02, Param MSE = 1.933337e-01, Grad norm = 4.916237e-05, Beta update rate = 2.804822e-05
Epoch 109800 (2.2%): Train pred MSE = 5.029236e-05, Test pred MSE = 1.867836e-02, Param MSE = 1.932924e-01, Grad norm = 4.902076e-05, Beta update rate = 2.796613e-05
Epoch 110000 (2.2%): Train pred MSE = 5.005275e-05, Test pred MSE = 1.867457e-02, Param MSE = 1.932513e-01, Grad norm = 4.887970e-05, Beta update rate = 2.788436e-05
Epoch 110200 (2.2%): Train pred MSE = 4.981452e-05, Test pred MSE = 1.867079e-02, Param MSE = 1.932103e-01, Grad norm = 4.873920e-05, Beta update rate = 2.780292e-05
Epoch 110400 (2.2%): Train pred MSE = 4.957766e-05, Test pred MSE = 1.866703e-02, Param MSE = 1.931695e-01, Grad norm = 4.859924e-05, Beta update rate = 2.772181e-05
Epoch 110600 (2.2%): Train pred MSE = 4.934215e-05, Test pred MSE = 1.866329e-02, Param MSE = 1.931289e-01, Grad norm = 4.845983e-05, Beta update rate = 2.764102e-05
Epoch 110800 (2.2%): Train pred MSE = 4.910799e-05, Test pred MSE = 1.865956e-02, Param MSE = 1.930885e-01, Grad norm = 4.832096e-05, Beta update rate = 2.756055e-05
Epoch 111000 (2.2%): Train pred MSE = 4.887517e-05, Test pred MSE = 1.865586e-02, Param MSE = 1.930483e-01, Grad norm = 4.818263e-05, Beta update rate = 2.748040e-05
Epoch 111200 (2.2%): Train pred MSE = 4.864369e-05, Test pred MSE = 1.865217e-02, Param MSE = 1.930083e-01, Grad norm = 4.804484e-05, Beta update rate = 2.740056e-05
Epoch 111400 (2.2%): Train pred MSE = 4.841352e-05, Test pred MSE = 1.864849e-02, Param MSE = 1.929684e-01, Grad norm = 4.790759e-05, Beta update rate = 2.732105e-05
Epoch 111600 (2.2%): Train pred MSE = 4.818467e-05, Test pred MSE = 1.864484e-02, Param MSE = 1.929287e-01, Grad norm = 4.777086e-05, Beta update rate = 2.724185e-05
Epoch 111800 (2.2%): Train pred MSE = 4.795712e-05, Test pred MSE = 1.864120e-02, Param MSE = 1.928892e-01, Grad norm = 4.763467e-05, Beta update rate = 2.716296e-05
Epoch 112000 (2.2%): Train pred MSE = 4.773086e-05, Test pred MSE = 1.863757e-02, Param MSE = 1.928499e-01, Grad norm = 4.749900e-05, Beta update rate = 2.708438e-05
Epoch 112200 (2.2%): Train pred MSE = 4.750589e-05, Test pred MSE = 1.863397e-02, Param MSE = 1.928107e-01, Grad norm = 4.736386e-05, Beta update rate = 2.700611e-05
Epoch 112400 (2.2%): Train pred MSE = 4.728220e-05, Test pred MSE = 1.863038e-02, Param MSE = 1.927717e-01, Grad norm = 4.722923e-05, Beta update rate = 2.692815e-05
Epoch 112600 (2.3%): Train pred MSE = 4.705978e-05, Test pred MSE = 1.862680e-02, Param MSE = 1.927329e-01, Grad norm = 4.709513e-05, Beta update rate = 2.685050e-05
Epoch 112800 (2.3%): Train pred MSE = 4.683862e-05, Test pred MSE = 1.862325e-02, Param MSE = 1.926943e-01, Grad norm = 4.696153e-05, Beta update rate = 2.677315e-05
Epoch 113000 (2.3%): Train pred MSE = 4.661871e-05, Test pred MSE = 1.861971e-02, Param MSE = 1.926558e-01, Grad norm = 4.682846e-05, Beta update rate = 2.669610e-05
Epoch 113200 (2.3%): Train pred MSE = 4.640004e-05, Test pred MSE = 1.861618e-02, Param MSE = 1.926175e-01, Grad norm = 4.669589e-05, Beta update rate = 2.661935e-05
Epoch 113400 (2.3%): Train pred MSE = 4.618261e-05, Test pred MSE = 1.861267e-02, Param MSE = 1.925794e-01, Grad norm = 4.656383e-05, Beta update rate = 2.654291e-05
Epoch 113600 (2.3%): Train pred MSE = 4.596641e-05, Test pred MSE = 1.860918e-02, Param MSE = 1.925414e-01, Grad norm = 4.643227e-05, Beta update rate = 2.646676e-05
Epoch 113800 (2.3%): Train pred MSE = 4.575143e-05, Test pred MSE = 1.860570e-02, Param MSE = 1.925036e-01, Grad norm = 4.630122e-05, Beta update rate = 2.639091e-05
Epoch 114000 (2.3%): Train pred MSE = 4.553766e-05, Test pred MSE = 1.860224e-02, Param MSE = 1.924660e-01, Grad norm = 4.617066e-05, Beta update rate = 2.631535e-05
Epoch 114200 (2.3%): Train pred MSE = 4.532509e-05, Test pred MSE = 1.859880e-02, Param MSE = 1.924285e-01, Grad norm = 4.604061e-05, Beta update rate = 2.624009e-05
Epoch 114400 (2.3%): Train pred MSE = 4.511372e-05, Test pred MSE = 1.859537e-02, Param MSE = 1.923913e-01, Grad norm = 4.591104e-05, Beta update rate = 2.616512e-05
Epoch 114600 (2.3%): Train pred MSE = 4.490353e-05, Test pred MSE = 1.859195e-02, Param MSE = 1.923541e-01, Grad norm = 4.578197e-05, Beta update rate = 2.609044e-05
Epoch 114800 (2.3%): Train pred MSE = 4.469452e-05, Test pred MSE = 1.858856e-02, Param MSE = 1.923172e-01, Grad norm = 4.565339e-05, Beta update rate = 2.601605e-05
Epoch 115000 (2.3%): Train pred MSE = 4.448669e-05, Test pred MSE = 1.858517e-02, Param MSE = 1.922804e-01, Grad norm = 4.552530e-05, Beta update rate = 2.594195e-05
Epoch 115200 (2.3%): Train pred MSE = 4.428002e-05, Test pred MSE = 1.858180e-02, Param MSE = 1.922437e-01, Grad norm = 4.539769e-05, Beta update rate = 2.586813e-05
Epoch 115400 (2.3%): Train pred MSE = 4.407451e-05, Test pred MSE = 1.857845e-02, Param MSE = 1.922072e-01, Grad norm = 4.527056e-05, Beta update rate = 2.579460e-05
Epoch 115600 (2.3%): Train pred MSE = 4.387014e-05, Test pred MSE = 1.857511e-02, Param MSE = 1.921709e-01, Grad norm = 4.514392e-05, Beta update rate = 2.572135e-05
Epoch 115800 (2.3%): Train pred MSE = 4.366692e-05, Test pred MSE = 1.857179e-02, Param MSE = 1.921347e-01, Grad norm = 4.501775e-05, Beta update rate = 2.564838e-05
Epoch 116000 (2.3%): Train pred MSE = 4.346483e-05, Test pred MSE = 1.856848e-02, Param MSE = 1.920987e-01, Grad norm = 4.489205e-05, Beta update rate = 2.557569e-05
Epoch 116200 (2.3%): Train pred MSE = 4.326386e-05, Test pred MSE = 1.856519e-02, Param MSE = 1.920629e-01, Grad norm = 4.476683e-05, Beta update rate = 2.550328e-05
Epoch 116400 (2.3%): Train pred MSE = 4.306402e-05, Test pred MSE = 1.856191e-02, Param MSE = 1.920272e-01, Grad norm = 4.464208e-05, Beta update rate = 2.543115e-05
Epoch 116600 (2.3%): Train pred MSE = 4.286529e-05, Test pred MSE = 1.855865e-02, Param MSE = 1.919917e-01, Grad norm = 4.451780e-05, Beta update rate = 2.535929e-05
Epoch 116800 (2.3%): Train pred MSE = 4.266766e-05, Test pred MSE = 1.855540e-02, Param MSE = 1.919563e-01, Grad norm = 4.439398e-05, Beta update rate = 2.528771e-05
Epoch 117000 (2.3%): Train pred MSE = 4.247113e-05, Test pred MSE = 1.855217e-02, Param MSE = 1.919210e-01, Grad norm = 4.427062e-05, Beta update rate = 2.521640e-05
Epoch 117200 (2.3%): Train pred MSE = 4.227569e-05, Test pred MSE = 1.854895e-02, Param MSE = 1.918860e-01, Grad norm = 4.414773e-05, Beta update rate = 2.514536e-05
Epoch 117400 (2.3%): Train pred MSE = 4.208133e-05, Test pred MSE = 1.854574e-02, Param MSE = 1.918510e-01, Grad norm = 4.402529e-05, Beta update rate = 2.507460e-05
Epoch 117600 (2.4%): Train pred MSE = 4.188805e-05, Test pred MSE = 1.854255e-02, Param MSE = 1.918163e-01, Grad norm = 4.390332e-05, Beta update rate = 2.500410e-05
Epoch 117800 (2.4%): Train pred MSE = 4.169583e-05, Test pred MSE = 1.853937e-02, Param MSE = 1.917816e-01, Grad norm = 4.378179e-05, Beta update rate = 2.493387e-05
Epoch 118000 (2.4%): Train pred MSE = 4.150468e-05, Test pred MSE = 1.853621e-02, Param MSE = 1.917472e-01, Grad norm = 4.366072e-05, Beta update rate = 2.486391e-05
Epoch 118200 (2.4%): Train pred MSE = 4.131459e-05, Test pred MSE = 1.853306e-02, Param MSE = 1.917128e-01, Grad norm = 4.354010e-05, Beta update rate = 2.479421e-05
Epoch 118400 (2.4%): Train pred MSE = 4.112554e-05, Test pred MSE = 1.852992e-02, Param MSE = 1.916787e-01, Grad norm = 4.341992e-05, Beta update rate = 2.472477e-05
Epoch 118600 (2.4%): Train pred MSE = 4.093754e-05, Test pred MSE = 1.852680e-02, Param MSE = 1.916446e-01, Grad norm = 4.330019e-05, Beta update rate = 2.465560e-05
Epoch 118800 (2.4%): Train pred MSE = 4.075057e-05, Test pred MSE = 1.852370e-02, Param MSE = 1.916108e-01, Grad norm = 4.318091e-05, Beta update rate = 2.458669e-05
Epoch 119000 (2.4%): Train pred MSE = 4.056462e-05, Test pred MSE = 1.852060e-02, Param MSE = 1.915770e-01, Grad norm = 4.306206e-05, Beta update rate = 2.451803e-05
Epoch 119200 (2.4%): Train pred MSE = 4.037970e-05, Test pred MSE = 1.851752e-02, Param MSE = 1.915434e-01, Grad norm = 4.294365e-05, Beta update rate = 2.444964e-05
Epoch 119400 (2.4%): Train pred MSE = 4.019580e-05, Test pred MSE = 1.851446e-02, Param MSE = 1.915100e-01, Grad norm = 4.282569e-05, Beta update rate = 2.438150e-05
Epoch 119600 (2.4%): Train pred MSE = 4.001290e-05, Test pred MSE = 1.851140e-02, Param MSE = 1.914767e-01, Grad norm = 4.270815e-05, Beta update rate = 2.431362e-05
Epoch 119800 (2.4%): Train pred MSE = 3.983101e-05, Test pred MSE = 1.850836e-02, Param MSE = 1.914435e-01, Grad norm = 4.259105e-05, Beta update rate = 2.424600e-05
Epoch 120000 (2.4%): Train pred MSE = 3.965011e-05, Test pred MSE = 1.850534e-02, Param MSE = 1.914105e-01, Grad norm = 4.247438e-05, Beta update rate = 2.417862e-05
Epoch 120200 (2.4%): Train pred MSE = 3.947020e-05, Test pred MSE = 1.850232e-02, Param MSE = 1.913776e-01, Grad norm = 4.235813e-05, Beta update rate = 2.411150e-05
Epoch 120400 (2.4%): Train pred MSE = 3.929127e-05, Test pred MSE = 1.849932e-02, Param MSE = 1.913448e-01, Grad norm = 4.224232e-05, Beta update rate = 2.404463e-05
Epoch 120600 (2.4%): Train pred MSE = 3.911332e-05, Test pred MSE = 1.849634e-02, Param MSE = 1.913122e-01, Grad norm = 4.212693e-05, Beta update rate = 2.397801e-05
Epoch 120800 (2.4%): Train pred MSE = 3.893634e-05, Test pred MSE = 1.849336e-02, Param MSE = 1.912798e-01, Grad norm = 4.201196e-05, Beta update rate = 2.391164e-05
Epoch 121000 (2.4%): Train pred MSE = 3.876032e-05, Test pred MSE = 1.849040e-02, Param MSE = 1.912475e-01, Grad norm = 4.189741e-05, Beta update rate = 2.384551e-05
Epoch 121200 (2.4%): Train pred MSE = 3.858527e-05, Test pred MSE = 1.848746e-02, Param MSE = 1.912153e-01, Grad norm = 4.178327e-05, Beta update rate = 2.377963e-05
Epoch 121400 (2.4%): Train pred MSE = 3.841116e-05, Test pred MSE = 1.848452e-02, Param MSE = 1.911832e-01, Grad norm = 4.166956e-05, Beta update rate = 2.371400e-05
Epoch 121600 (2.4%): Train pred MSE = 3.823800e-05, Test pred MSE = 1.848160e-02, Param MSE = 1.911513e-01, Grad norm = 4.155626e-05, Beta update rate = 2.364861e-05
Epoch 121800 (2.4%): Train pred MSE = 3.806578e-05, Test pred MSE = 1.847869e-02, Param MSE = 1.911195e-01, Grad norm = 4.144337e-05, Beta update rate = 2.358346e-05
Epoch 122000 (2.4%): Train pred MSE = 3.789449e-05, Test pred MSE = 1.847579e-02, Param MSE = 1.910879e-01, Grad norm = 4.133089e-05, Beta update rate = 2.351855e-05
Epoch 122200 (2.4%): Train pred MSE = 3.772414e-05, Test pred MSE = 1.847291e-02, Param MSE = 1.910563e-01, Grad norm = 4.121882e-05, Beta update rate = 2.345389e-05
Epoch 122400 (2.4%): Train pred MSE = 3.755470e-05, Test pred MSE = 1.847004e-02, Param MSE = 1.910250e-01, Grad norm = 4.110716e-05, Beta update rate = 2.338946e-05
Epoch 122600 (2.5%): Train pred MSE = 3.738618e-05, Test pred MSE = 1.846718e-02, Param MSE = 1.909937e-01, Grad norm = 4.099590e-05, Beta update rate = 2.332527e-05
Epoch 122800 (2.5%): Train pred MSE = 3.721857e-05, Test pred MSE = 1.846433e-02, Param MSE = 1.909626e-01, Grad norm = 4.088505e-05, Beta update rate = 2.326131e-05
Epoch 123000 (2.5%): Train pred MSE = 3.705187e-05, Test pred MSE = 1.846150e-02, Param MSE = 1.909316e-01, Grad norm = 4.077459e-05, Beta update rate = 2.319759e-05
Epoch 123200 (2.5%): Train pred MSE = 3.688606e-05, Test pred MSE = 1.845868e-02, Param MSE = 1.909007e-01, Grad norm = 4.066454e-05, Beta update rate = 2.313411e-05
Epoch 123400 (2.5%): Train pred MSE = 3.672115e-05, Test pred MSE = 1.845587e-02, Param MSE = 1.908700e-01, Grad norm = 4.055488e-05, Beta update rate = 2.307086e-05
Epoch 123600 (2.5%): Train pred MSE = 3.655713e-05, Test pred MSE = 1.845307e-02, Param MSE = 1.908394e-01, Grad norm = 4.044562e-05, Beta update rate = 2.300784e-05
Epoch 123800 (2.5%): Train pred MSE = 3.639399e-05, Test pred MSE = 1.845028e-02, Param MSE = 1.908089e-01, Grad norm = 4.033675e-05, Beta update rate = 2.294505e-05
Epoch 124000 (2.5%): Train pred MSE = 3.623172e-05, Test pred MSE = 1.844751e-02, Param MSE = 1.907786e-01, Grad norm = 4.022827e-05, Beta update rate = 2.288249e-05
Epoch 124200 (2.5%): Train pred MSE = 3.607033e-05, Test pred MSE = 1.844475e-02, Param MSE = 1.907484e-01, Grad norm = 4.012018e-05, Beta update rate = 2.282017e-05
Epoch 124400 (2.5%): Train pred MSE = 3.590980e-05, Test pred MSE = 1.844200e-02, Param MSE = 1.907183e-01, Grad norm = 4.001248e-05, Beta update rate = 2.275806e-05
Epoch 124600 (2.5%): Train pred MSE = 3.575014e-05, Test pred MSE = 1.843926e-02, Param MSE = 1.906883e-01, Grad norm = 3.990517e-05, Beta update rate = 2.269619e-05
Epoch 124800 (2.5%): Train pred MSE = 3.559132e-05, Test pred MSE = 1.843653e-02, Param MSE = 1.906585e-01, Grad norm = 3.979824e-05, Beta update rate = 2.263454e-05
Epoch 125000 (2.5%): Train pred MSE = 3.543336e-05, Test pred MSE = 1.843382e-02, Param MSE = 1.906287e-01, Grad norm = 3.969169e-05, Beta update rate = 2.257312e-05
Epoch 125200 (2.5%): Train pred MSE = 3.527624e-05, Test pred MSE = 1.843112e-02, Param MSE = 1.905991e-01, Grad norm = 3.958553e-05, Beta update rate = 2.251191e-05
Epoch 125400 (2.5%): Train pred MSE = 3.511996e-05, Test pred MSE = 1.842842e-02, Param MSE = 1.905697e-01, Grad norm = 3.947974e-05, Beta update rate = 2.245094e-05
Epoch 125600 (2.5%): Train pred MSE = 3.496452e-05, Test pred MSE = 1.842574e-02, Param MSE = 1.905403e-01, Grad norm = 3.937433e-05, Beta update rate = 2.239018e-05
Epoch 125800 (2.5%): Train pred MSE = 3.480990e-05, Test pred MSE = 1.842308e-02, Param MSE = 1.905111e-01, Grad norm = 3.926930e-05, Beta update rate = 2.232964e-05
Epoch 126000 (2.5%): Train pred MSE = 3.465610e-05, Test pred MSE = 1.842042e-02, Param MSE = 1.904820e-01, Grad norm = 3.916464e-05, Beta update rate = 2.226932e-05
Epoch 126200 (2.5%): Train pred MSE = 3.450313e-05, Test pred MSE = 1.841777e-02, Param MSE = 1.904530e-01, Grad norm = 3.906035e-05, Beta update rate = 2.220922e-05
Epoch 126400 (2.5%): Train pred MSE = 3.435097e-05, Test pred MSE = 1.841514e-02, Param MSE = 1.904241e-01, Grad norm = 3.895643e-05, Beta update rate = 2.214934e-05
Epoch 126600 (2.5%): Train pred MSE = 3.419961e-05, Test pred MSE = 1.841251e-02, Param MSE = 1.903954e-01, Grad norm = 3.885289e-05, Beta update rate = 2.208967e-05
Epoch 126800 (2.5%): Train pred MSE = 3.404906e-05, Test pred MSE = 1.840990e-02, Param MSE = 1.903667e-01, Grad norm = 3.874970e-05, Beta update rate = 2.203022e-05
Epoch 127000 (2.5%): Train pred MSE = 3.389931e-05, Test pred MSE = 1.840730e-02, Param MSE = 1.903382e-01, Grad norm = 3.864689e-05, Beta update rate = 2.197099e-05
Epoch 127200 (2.5%): Train pred MSE = 3.375035e-05, Test pred MSE = 1.840471e-02, Param MSE = 1.903098e-01, Grad norm = 3.854444e-05, Beta update rate = 2.191196e-05
Epoch 127400 (2.5%): Train pred MSE = 3.360218e-05, Test pred MSE = 1.840213e-02, Param MSE = 1.902815e-01, Grad norm = 3.844235e-05, Beta update rate = 2.185315e-05
Epoch 127600 (2.6%): Train pred MSE = 3.345479e-05, Test pred MSE = 1.839956e-02, Param MSE = 1.902534e-01, Grad norm = 3.834062e-05, Beta update rate = 2.179455e-05
Epoch 127800 (2.6%): Train pred MSE = 3.330818e-05, Test pred MSE = 1.839700e-02, Param MSE = 1.902253e-01, Grad norm = 3.823925e-05, Beta update rate = 2.173616e-05
Epoch 128000 (2.6%): Train pred MSE = 3.316235e-05, Test pred MSE = 1.839446e-02, Param MSE = 1.901974e-01, Grad norm = 3.813824e-05, Beta update rate = 2.167798e-05
Epoch 128200 (2.6%): Train pred MSE = 3.301728e-05, Test pred MSE = 1.839192e-02, Param MSE = 1.901696e-01, Grad norm = 3.803758e-05, Beta update rate = 2.162001e-05
Epoch 128400 (2.6%): Train pred MSE = 3.287298e-05, Test pred MSE = 1.838940e-02, Param MSE = 1.901419e-01, Grad norm = 3.793728e-05, Beta update rate = 2.156225e-05
Epoch 128600 (2.6%): Train pred MSE = 3.272944e-05, Test pred MSE = 1.838688e-02, Param MSE = 1.901143e-01, Grad norm = 3.783733e-05, Beta update rate = 2.150469e-05
Epoch 128800 (2.6%): Train pred MSE = 3.258665e-05, Test pred MSE = 1.838438e-02, Param MSE = 1.900868e-01, Grad norm = 3.773773e-05, Beta update rate = 2.144734e-05
Epoch 129000 (2.6%): Train pred MSE = 3.244461e-05, Test pred MSE = 1.838188e-02, Param MSE = 1.900594e-01, Grad norm = 3.763848e-05, Beta update rate = 2.139019e-05
Epoch 129200 (2.6%): Train pred MSE = 3.230332e-05, Test pred MSE = 1.837940e-02, Param MSE = 1.900321e-01, Grad norm = 3.753958e-05, Beta update rate = 2.133324e-05
Epoch 129400 (2.6%): Train pred MSE = 3.216277e-05, Test pred MSE = 1.837693e-02, Param MSE = 1.900050e-01, Grad norm = 3.744103e-05, Beta update rate = 2.127650e-05
Epoch 129600 (2.6%): Train pred MSE = 3.202296e-05, Test pred MSE = 1.837446e-02, Param MSE = 1.899779e-01, Grad norm = 3.734282e-05, Beta update rate = 2.121996e-05
Epoch 129800 (2.6%): Train pred MSE = 3.188388e-05, Test pred MSE = 1.837201e-02, Param MSE = 1.899510e-01, Grad norm = 3.724495e-05, Beta update rate = 2.116362e-05
Epoch 130000 (2.6%): Train pred MSE = 3.174553e-05, Test pred MSE = 1.836957e-02, Param MSE = 1.899242e-01, Grad norm = 3.714742e-05, Beta update rate = 2.110748e-05
Epoch 130200 (2.6%): Train pred MSE = 3.160790e-05, Test pred MSE = 1.836714e-02, Param MSE = 1.898975e-01, Grad norm = 3.705024e-05, Beta update rate = 2.105154e-05
Epoch 130400 (2.6%): Train pred MSE = 3.147099e-05, Test pred MSE = 1.836471e-02, Param MSE = 1.898709e-01, Grad norm = 3.695339e-05, Beta update rate = 2.099580e-05
Epoch 130600 (2.6%): Train pred MSE = 3.133479e-05, Test pred MSE = 1.836230e-02, Param MSE = 1.898444e-01, Grad norm = 3.685688e-05, Beta update rate = 2.094026e-05
Epoch 130800 (2.6%): Train pred MSE = 3.119931e-05, Test pred MSE = 1.835990e-02, Param MSE = 1.898180e-01, Grad norm = 3.676071e-05, Beta update rate = 2.088491e-05
Epoch 131000 (2.6%): Train pred MSE = 3.106453e-05, Test pred MSE = 1.835751e-02, Param MSE = 1.897917e-01, Grad norm = 3.666487e-05, Beta update rate = 2.082976e-05
Epoch 131200 (2.6%): Train pred MSE = 3.093045e-05, Test pred MSE = 1.835513e-02, Param MSE = 1.897655e-01, Grad norm = 3.656937e-05, Beta update rate = 2.077480e-05
Epoch 131400 (2.6%): Train pred MSE = 3.079707e-05, Test pred MSE = 1.835275e-02, Param MSE = 1.897394e-01, Grad norm = 3.647419e-05, Beta update rate = 2.072004e-05
Epoch 131600 (2.6%): Train pred MSE = 3.066438e-05, Test pred MSE = 1.835039e-02, Param MSE = 1.897135e-01, Grad norm = 3.637935e-05, Beta update rate = 2.066546e-05
Epoch 131800 (2.6%): Train pred MSE = 3.053238e-05, Test pred MSE = 1.834804e-02, Param MSE = 1.896876e-01, Grad norm = 3.628483e-05, Beta update rate = 2.061109e-05
Epoch 132000 (2.6%): Train pred MSE = 3.040106e-05, Test pred MSE = 1.834570e-02, Param MSE = 1.896618e-01, Grad norm = 3.619064e-05, Beta update rate = 2.055690e-05
Epoch 132200 (2.6%): Train pred MSE = 3.027043e-05, Test pred MSE = 1.834336e-02, Param MSE = 1.896362e-01, Grad norm = 3.609678e-05, Beta update rate = 2.050290e-05
Epoch 132400 (2.6%): Train pred MSE = 3.014047e-05, Test pred MSE = 1.834104e-02, Param MSE = 1.896106e-01, Grad norm = 3.600324e-05, Beta update rate = 2.044909e-05
Epoch 132600 (2.7%): Train pred MSE = 3.001119e-05, Test pred MSE = 1.833873e-02, Param MSE = 1.895852e-01, Grad norm = 3.591002e-05, Beta update rate = 2.039547e-05
Epoch 132800 (2.7%): Train pred MSE = 2.988257e-05, Test pred MSE = 1.833642e-02, Param MSE = 1.895598e-01, Grad norm = 3.581712e-05, Beta update rate = 2.034204e-05
Epoch 133000 (2.7%): Train pred MSE = 2.975462e-05, Test pred MSE = 1.833413e-02, Param MSE = 1.895346e-01, Grad norm = 3.572455e-05, Beta update rate = 2.028880e-05
Epoch 133200 (2.7%): Train pred MSE = 2.962733e-05, Test pred MSE = 1.833184e-02, Param MSE = 1.895094e-01, Grad norm = 3.563229e-05, Beta update rate = 2.023574e-05
Epoch 133400 (2.7%): Train pred MSE = 2.950069e-05, Test pred MSE = 1.832956e-02, Param MSE = 1.894843e-01, Grad norm = 3.554035e-05, Beta update rate = 2.018286e-05
Epoch 133600 (2.7%): Train pred MSE = 2.937471e-05, Test pred MSE = 1.832730e-02, Param MSE = 1.894594e-01, Grad norm = 3.544873e-05, Beta update rate = 2.013018e-05
Epoch 133800 (2.7%): Train pred MSE = 2.924937e-05, Test pred MSE = 1.832504e-02, Param MSE = 1.894345e-01, Grad norm = 3.535742e-05, Beta update rate = 2.007767e-05
Epoch 134000 (2.7%): Train pred MSE = 2.912468e-05, Test pred MSE = 1.832279e-02, Param MSE = 1.894098e-01, Grad norm = 3.526642e-05, Beta update rate = 2.002535e-05
Epoch 134200 (2.7%): Train pred MSE = 2.900063e-05, Test pred MSE = 1.832055e-02, Param MSE = 1.893851e-01, Grad norm = 3.517574e-05, Beta update rate = 1.997321e-05
Epoch 134400 (2.7%): Train pred MSE = 2.887722e-05, Test pred MSE = 1.831832e-02, Param MSE = 1.893606e-01, Grad norm = 3.508536e-05, Beta update rate = 1.992125e-05
Epoch 134600 (2.7%): Train pred MSE = 2.875444e-05, Test pred MSE = 1.831610e-02, Param MSE = 1.893361e-01, Grad norm = 3.499530e-05, Beta update rate = 1.986947e-05
Epoch 134800 (2.7%): Train pred MSE = 2.863229e-05, Test pred MSE = 1.831389e-02, Param MSE = 1.893117e-01, Grad norm = 3.490554e-05, Beta update rate = 1.981787e-05
Epoch 135000 (2.7%): Train pred MSE = 2.851076e-05, Test pred MSE = 1.831168e-02, Param MSE = 1.892874e-01, Grad norm = 3.481609e-05, Beta update rate = 1.976645e-05
Epoch 135200 (2.7%): Train pred MSE = 2.838986e-05, Test pred MSE = 1.830949e-02, Param MSE = 1.892633e-01, Grad norm = 3.472695e-05, Beta update rate = 1.971521e-05
Epoch 135400 (2.7%): Train pred MSE = 2.826957e-05, Test pred MSE = 1.830731e-02, Param MSE = 1.892392e-01, Grad norm = 3.463811e-05, Beta update rate = 1.966415e-05
Epoch 135600 (2.7%): Train pred MSE = 2.814990e-05, Test pred MSE = 1.830513e-02, Param MSE = 1.892152e-01, Grad norm = 3.454957e-05, Beta update rate = 1.961326e-05
Epoch 135800 (2.7%): Train pred MSE = 2.803084e-05, Test pred MSE = 1.830296e-02, Param MSE = 1.891913e-01, Grad norm = 3.446133e-05, Beta update rate = 1.956255e-05
Epoch 136000 (2.7%): Train pred MSE = 2.791239e-05, Test pred MSE = 1.830080e-02, Param MSE = 1.891675e-01, Grad norm = 3.437339e-05, Beta update rate = 1.951201e-05
Epoch 136200 (2.7%): Train pred MSE = 2.779454e-05, Test pred MSE = 1.829865e-02, Param MSE = 1.891438e-01, Grad norm = 3.428575e-05, Beta update rate = 1.946165e-05
Epoch 136400 (2.7%): Train pred MSE = 2.767729e-05, Test pred MSE = 1.829651e-02, Param MSE = 1.891202e-01, Grad norm = 3.419841e-05, Beta update rate = 1.941146e-05
Epoch 136600 (2.7%): Train pred MSE = 2.756064e-05, Test pred MSE = 1.829438e-02, Param MSE = 1.890967e-01, Grad norm = 3.411137e-05, Beta update rate = 1.936144e-05
Epoch 136800 (2.7%): Train pred MSE = 2.744457e-05, Test pred MSE = 1.829225e-02, Param MSE = 1.890732e-01, Grad norm = 3.402462e-05, Beta update rate = 1.931160e-05
Epoch 137000 (2.7%): Train pred MSE = 2.732910e-05, Test pred MSE = 1.829014e-02, Param MSE = 1.890499e-01, Grad norm = 3.393816e-05, Beta update rate = 1.926193e-05
Epoch 137200 (2.7%): Train pred MSE = 2.721422e-05, Test pred MSE = 1.828803e-02, Param MSE = 1.890266e-01, Grad norm = 3.385199e-05, Beta update rate = 1.921242e-05
Epoch 137400 (2.7%): Train pred MSE = 2.709992e-05, Test pred MSE = 1.828593e-02, Param MSE = 1.890035e-01, Grad norm = 3.376612e-05, Beta update rate = 1.916309e-05
Epoch 137600 (2.8%): Train pred MSE = 2.698619e-05, Test pred MSE = 1.828384e-02, Param MSE = 1.889804e-01, Grad norm = 3.368054e-05, Beta update rate = 1.911393e-05
Epoch 137800 (2.8%): Train pred MSE = 2.687304e-05, Test pred MSE = 1.828176e-02, Param MSE = 1.889574e-01, Grad norm = 3.359524e-05, Beta update rate = 1.906493e-05
Epoch 138000 (2.8%): Train pred MSE = 2.676047e-05, Test pred MSE = 1.827969e-02, Param MSE = 1.889345e-01, Grad norm = 3.351024e-05, Beta update rate = 1.901611e-05
Epoch 138200 (2.8%): Train pred MSE = 2.664846e-05, Test pred MSE = 1.827762e-02, Param MSE = 1.889117e-01, Grad norm = 3.342552e-05, Beta update rate = 1.896745e-05
Epoch 138400 (2.8%): Train pred MSE = 2.653702e-05, Test pred MSE = 1.827556e-02, Param MSE = 1.888890e-01, Grad norm = 3.334108e-05, Beta update rate = 1.891895e-05
Epoch 138600 (2.8%): Train pred MSE = 2.642614e-05, Test pred MSE = 1.827352e-02, Param MSE = 1.888664e-01, Grad norm = 3.325693e-05, Beta update rate = 1.887062e-05
Epoch 138800 (2.8%): Train pred MSE = 2.631581e-05, Test pred MSE = 1.827147e-02, Param MSE = 1.888439e-01, Grad norm = 3.317307e-05, Beta update rate = 1.882246e-05
Epoch 139000 (2.8%): Train pred MSE = 2.620605e-05, Test pred MSE = 1.826944e-02, Param MSE = 1.888214e-01, Grad norm = 3.308948e-05, Beta update rate = 1.877446e-05
Epoch 139200 (2.8%): Train pred MSE = 2.609684e-05, Test pred MSE = 1.826742e-02, Param MSE = 1.887991e-01, Grad norm = 3.300617e-05, Beta update rate = 1.872662e-05
Epoch 139400 (2.8%): Train pred MSE = 2.598817e-05, Test pred MSE = 1.826540e-02, Param MSE = 1.887768e-01, Grad norm = 3.292315e-05, Beta update rate = 1.867895e-05
Epoch 139600 (2.8%): Train pred MSE = 2.588005e-05, Test pred MSE = 1.826339e-02, Param MSE = 1.887546e-01, Grad norm = 3.284040e-05, Beta update rate = 1.863144e-05
Epoch 139800 (2.8%): Train pred MSE = 2.577248e-05, Test pred MSE = 1.826139e-02, Param MSE = 1.887325e-01, Grad norm = 3.275793e-05, Beta update rate = 1.858409e-05
Epoch 140000 (2.8%): Train pred MSE = 2.566544e-05, Test pred MSE = 1.825940e-02, Param MSE = 1.887105e-01, Grad norm = 3.267573e-05, Beta update rate = 1.853690e-05
Epoch 140200 (2.8%): Train pred MSE = 2.555894e-05, Test pred MSE = 1.825742e-02, Param MSE = 1.886885e-01, Grad norm = 3.259381e-05, Beta update rate = 1.848987e-05
Epoch 140400 (2.8%): Train pred MSE = 2.545297e-05, Test pred MSE = 1.825544e-02, Param MSE = 1.886667e-01, Grad norm = 3.251216e-05, Beta update rate = 1.844300e-05
Epoch 140600 (2.8%): Train pred MSE = 2.534753e-05, Test pred MSE = 1.825347e-02, Param MSE = 1.886449e-01, Grad norm = 3.243079e-05, Beta update rate = 1.839629e-05
Epoch 140800 (2.8%): Train pred MSE = 2.524262e-05, Test pred MSE = 1.825151e-02, Param MSE = 1.886232e-01, Grad norm = 3.234968e-05, Beta update rate = 1.834974e-05
Epoch 141000 (2.8%): Train pred MSE = 2.513823e-05, Test pred MSE = 1.824955e-02, Param MSE = 1.886016e-01, Grad norm = 3.226885e-05, Beta update rate = 1.830334e-05
Epoch 141200 (2.8%): Train pred MSE = 2.503437e-05, Test pred MSE = 1.824761e-02, Param MSE = 1.885801e-01, Grad norm = 3.218829e-05, Beta update rate = 1.825710e-05
Epoch 141400 (2.8%): Train pred MSE = 2.493102e-05, Test pred MSE = 1.824567e-02, Param MSE = 1.885586e-01, Grad norm = 3.210799e-05, Beta update rate = 1.821102e-05
Epoch 141600 (2.8%): Train pred MSE = 2.482819e-05, Test pred MSE = 1.824374e-02, Param MSE = 1.885373e-01, Grad norm = 3.202796e-05, Beta update rate = 1.816509e-05
Epoch 141800 (2.8%): Train pred MSE = 2.472587e-05, Test pred MSE = 1.824182e-02, Param MSE = 1.885160e-01, Grad norm = 3.194820e-05, Beta update rate = 1.811931e-05
Epoch 142000 (2.8%): Train pred MSE = 2.462405e-05, Test pred MSE = 1.823990e-02, Param MSE = 1.884948e-01, Grad norm = 3.186870e-05, Beta update rate = 1.807370e-05
Epoch 142200 (2.8%): Train pred MSE = 2.452275e-05, Test pred MSE = 1.823799e-02, Param MSE = 1.884737e-01, Grad norm = 3.178946e-05, Beta update rate = 1.802823e-05
Epoch 142400 (2.8%): Train pred MSE = 2.442194e-05, Test pred MSE = 1.823609e-02, Param MSE = 1.884527e-01, Grad norm = 3.171049e-05, Beta update rate = 1.798292e-05
Epoch 142600 (2.9%): Train pred MSE = 2.432164e-05, Test pred MSE = 1.823420e-02, Param MSE = 1.884317e-01, Grad norm = 3.163178e-05, Beta update rate = 1.793776e-05
Epoch 142800 (2.9%): Train pred MSE = 2.422183e-05, Test pred MSE = 1.823231e-02, Param MSE = 1.884108e-01, Grad norm = 3.155333e-05, Beta update rate = 1.789275e-05
Epoch 143000 (2.9%): Train pred MSE = 2.412252e-05, Test pred MSE = 1.823044e-02, Param MSE = 1.883900e-01, Grad norm = 3.147514e-05, Beta update rate = 1.784789e-05
Epoch 143200 (2.9%): Train pred MSE = 2.402370e-05, Test pred MSE = 1.822857e-02, Param MSE = 1.883693e-01, Grad norm = 3.139720e-05, Beta update rate = 1.780318e-05
Epoch 143400 (2.9%): Train pred MSE = 2.392536e-05, Test pred MSE = 1.822670e-02, Param MSE = 1.883487e-01, Grad norm = 3.131953e-05, Beta update rate = 1.775862e-05
Epoch 143600 (2.9%): Train pred MSE = 2.382752e-05, Test pred MSE = 1.822485e-02, Param MSE = 1.883281e-01, Grad norm = 3.124211e-05, Beta update rate = 1.771421e-05
Epoch 143800 (2.9%): Train pred MSE = 2.373015e-05, Test pred MSE = 1.822300e-02, Param MSE = 1.883076e-01, Grad norm = 3.116494e-05, Beta update rate = 1.766995e-05
Epoch 144000 (2.9%): Train pred MSE = 2.363327e-05, Test pred MSE = 1.822115e-02, Param MSE = 1.882872e-01, Grad norm = 3.108803e-05, Beta update rate = 1.762583e-05
Epoch 144200 (2.9%): Train pred MSE = 2.353686e-05, Test pred MSE = 1.821932e-02, Param MSE = 1.882669e-01, Grad norm = 3.101137e-05, Beta update rate = 1.758187e-05
Epoch 144400 (2.9%): Train pred MSE = 2.344093e-05, Test pred MSE = 1.821749e-02, Param MSE = 1.882466e-01, Grad norm = 3.093497e-05, Beta update rate = 1.753805e-05
Epoch 144600 (2.9%): Train pred MSE = 2.334547e-05, Test pred MSE = 1.821567e-02, Param MSE = 1.882264e-01, Grad norm = 3.085881e-05, Beta update rate = 1.749437e-05
Epoch 144800 (2.9%): Train pred MSE = 2.325048e-05, Test pred MSE = 1.821386e-02, Param MSE = 1.882063e-01, Grad norm = 3.078291e-05, Beta update rate = 1.745085e-05
Epoch 145000 (2.9%): Train pred MSE = 2.315595e-05, Test pred MSE = 1.821205e-02, Param MSE = 1.881863e-01, Grad norm = 3.070725e-05, Beta update rate = 1.740746e-05
Epoch 145200 (2.9%): Train pred MSE = 2.306189e-05, Test pred MSE = 1.821025e-02, Param MSE = 1.881663e-01, Grad norm = 3.063185e-05, Beta update rate = 1.736422e-05
Epoch 145400 (2.9%): Train pred MSE = 2.296830e-05, Test pred MSE = 1.820846e-02, Param MSE = 1.881464e-01, Grad norm = 3.055669e-05, Beta update rate = 1.732113e-05
Epoch 145600 (2.9%): Train pred MSE = 2.287515e-05, Test pred MSE = 1.820667e-02, Param MSE = 1.881266e-01, Grad norm = 3.048177e-05, Beta update rate = 1.727817e-05
Epoch 145800 (2.9%): Train pred MSE = 2.278247e-05, Test pred MSE = 1.820489e-02, Param MSE = 1.881069e-01, Grad norm = 3.040710e-05, Beta update rate = 1.723536e-05
Epoch 146000 (2.9%): Train pred MSE = 2.269024e-05, Test pred MSE = 1.820312e-02, Param MSE = 1.880872e-01, Grad norm = 3.033268e-05, Beta update rate = 1.719269e-05
Epoch 146200 (2.9%): Train pred MSE = 2.259846e-05, Test pred MSE = 1.820136e-02, Param MSE = 1.880677e-01, Grad norm = 3.025849e-05, Beta update rate = 1.715016e-05
Epoch 146400 (2.9%): Train pred MSE = 2.250713e-05, Test pred MSE = 1.819960e-02, Param MSE = 1.880481e-01, Grad norm = 3.018455e-05, Beta update rate = 1.710778e-05
Epoch 146600 (2.9%): Train pred MSE = 2.241624e-05, Test pred MSE = 1.819785e-02, Param MSE = 1.880287e-01, Grad norm = 3.011086e-05, Beta update rate = 1.706553e-05
Epoch 146800 (2.9%): Train pred MSE = 2.232580e-05, Test pred MSE = 1.819610e-02, Param MSE = 1.880093e-01, Grad norm = 3.003740e-05, Beta update rate = 1.702342e-05
Epoch 147000 (2.9%): Train pred MSE = 2.223579e-05, Test pred MSE = 1.819436e-02, Param MSE = 1.879900e-01, Grad norm = 2.996418e-05, Beta update rate = 1.698145e-05
Epoch 147200 (2.9%): Train pred MSE = 2.214623e-05, Test pred MSE = 1.819263e-02, Param MSE = 1.879708e-01, Grad norm = 2.989120e-05, Beta update rate = 1.693962e-05
Epoch 147400 (2.9%): Train pred MSE = 2.205710e-05, Test pred MSE = 1.819091e-02, Param MSE = 1.879517e-01, Grad norm = 2.981845e-05, Beta update rate = 1.689793e-05
Epoch 147600 (3.0%): Train pred MSE = 2.196840e-05, Test pred MSE = 1.818919e-02, Param MSE = 1.879326e-01, Grad norm = 2.974595e-05, Beta update rate = 1.685638e-05
Epoch 147800 (3.0%): Train pred MSE = 2.188014e-05, Test pred MSE = 1.818748e-02, Param MSE = 1.879136e-01, Grad norm = 2.967367e-05, Beta update rate = 1.681496e-05
Epoch 148000 (3.0%): Train pred MSE = 2.179230e-05, Test pred MSE = 1.818577e-02, Param MSE = 1.878946e-01, Grad norm = 2.960164e-05, Beta update rate = 1.677368e-05
Epoch 148200 (3.0%): Train pred MSE = 2.170489e-05, Test pred MSE = 1.818407e-02, Param MSE = 1.878757e-01, Grad norm = 2.952983e-05, Beta update rate = 1.673253e-05
Epoch 148400 (3.0%): Train pred MSE = 2.161790e-05, Test pred MSE = 1.818238e-02, Param MSE = 1.878569e-01, Grad norm = 2.945826e-05, Beta update rate = 1.669152e-05
Epoch 148600 (3.0%): Train pred MSE = 2.153133e-05, Test pred MSE = 1.818069e-02, Param MSE = 1.878382e-01, Grad norm = 2.938692e-05, Beta update rate = 1.665064e-05
Epoch 148800 (3.0%): Train pred MSE = 2.144518e-05, Test pred MSE = 1.817901e-02, Param MSE = 1.878195e-01, Grad norm = 2.931581e-05, Beta update rate = 1.660990e-05
Epoch 149000 (3.0%): Train pred MSE = 2.135945e-05, Test pred MSE = 1.817734e-02, Param MSE = 1.878009e-01, Grad norm = 2.924493e-05, Beta update rate = 1.656929e-05
Epoch 149200 (3.0%): Train pred MSE = 2.127413e-05, Test pred MSE = 1.817567e-02, Param MSE = 1.877824e-01, Grad norm = 2.917428e-05, Beta update rate = 1.652881e-05
Epoch 149400 (3.0%): Train pred MSE = 2.118923e-05, Test pred MSE = 1.817401e-02, Param MSE = 1.877639e-01, Grad norm = 2.910386e-05, Beta update rate = 1.648847e-05
Epoch 149600 (3.0%): Train pred MSE = 2.110473e-05, Test pred MSE = 1.817236e-02, Param MSE = 1.877455e-01, Grad norm = 2.903367e-05, Beta update rate = 1.644826e-05
Epoch 149800 (3.0%): Train pred MSE = 2.102064e-05, Test pred MSE = 1.817071e-02, Param MSE = 1.877272e-01, Grad norm = 2.896370e-05, Beta update rate = 1.640817e-05
Epoch 150000 (3.0%): Train pred MSE = 2.093695e-05, Test pred MSE = 1.816907e-02, Param MSE = 1.877089e-01, Grad norm = 2.889396e-05, Beta update rate = 1.636822e-05
Epoch 150200 (3.0%): Train pred MSE = 2.085367e-05, Test pred MSE = 1.816743e-02, Param MSE = 1.876907e-01, Grad norm = 2.882444e-05, Beta update rate = 1.632840e-05
Epoch 150400 (3.0%): Train pred MSE = 2.077078e-05, Test pred MSE = 1.816580e-02, Param MSE = 1.876726e-01, Grad norm = 2.875514e-05, Beta update rate = 1.628871e-05
Epoch 150600 (3.0%): Train pred MSE = 2.068830e-05, Test pred MSE = 1.816418e-02, Param MSE = 1.876546e-01, Grad norm = 2.868607e-05, Beta update rate = 1.624915e-05
Epoch 150800 (3.0%): Train pred MSE = 2.060621e-05, Test pred MSE = 1.816256e-02, Param MSE = 1.876366e-01, Grad norm = 2.861722e-05, Beta update rate = 1.620972e-05
Epoch 151000 (3.0%): Train pred MSE = 2.052451e-05, Test pred MSE = 1.816095e-02, Param MSE = 1.876186e-01, Grad norm = 2.854859e-05, Beta update rate = 1.617042e-05
Epoch 151200 (3.0%): Train pred MSE = 2.044321e-05, Test pred MSE = 1.815935e-02, Param MSE = 1.876008e-01, Grad norm = 2.848018e-05, Beta update rate = 1.613124e-05
Epoch 151400 (3.0%): Train pred MSE = 2.036229e-05, Test pred MSE = 1.815775e-02, Param MSE = 1.875830e-01, Grad norm = 2.841200e-05, Beta update rate = 1.609219e-05
Epoch 151600 (3.0%): Train pred MSE = 2.028176e-05, Test pred MSE = 1.815615e-02, Param MSE = 1.875652e-01, Grad norm = 2.834402e-05, Beta update rate = 1.605327e-05
Epoch 151800 (3.0%): Train pred MSE = 2.020161e-05, Test pred MSE = 1.815457e-02, Param MSE = 1.875475e-01, Grad norm = 2.827627e-05, Beta update rate = 1.601447e-05
Epoch 152000 (3.0%): Train pred MSE = 2.012185e-05, Test pred MSE = 1.815299e-02, Param MSE = 1.875299e-01, Grad norm = 2.820873e-05, Beta update rate = 1.597580e-05
Epoch 152200 (3.0%): Train pred MSE = 2.004247e-05, Test pred MSE = 1.815141e-02, Param MSE = 1.875124e-01, Grad norm = 2.814141e-05, Beta update rate = 1.593726e-05
Epoch 152400 (3.0%): Train pred MSE = 1.996347e-05, Test pred MSE = 1.814984e-02, Param MSE = 1.874949e-01, Grad norm = 2.807431e-05, Beta update rate = 1.589884e-05
Epoch 152600 (3.1%): Train pred MSE = 1.988484e-05, Test pred MSE = 1.814828e-02, Param MSE = 1.874775e-01, Grad norm = 2.800742e-05, Beta update rate = 1.586054e-05
Epoch 152800 (3.1%): Train pred MSE = 1.980659e-05, Test pred MSE = 1.814672e-02, Param MSE = 1.874601e-01, Grad norm = 2.794074e-05, Beta update rate = 1.582237e-05
Epoch 153000 (3.1%): Train pred MSE = 1.972870e-05, Test pred MSE = 1.814517e-02, Param MSE = 1.874428e-01, Grad norm = 2.787427e-05, Beta update rate = 1.578432e-05
Epoch 153200 (3.1%): Train pred MSE = 1.965119e-05, Test pred MSE = 1.814362e-02, Param MSE = 1.874256e-01, Grad norm = 2.780802e-05, Beta update rate = 1.574639e-05
Epoch 153400 (3.1%): Train pred MSE = 1.957405e-05, Test pred MSE = 1.814208e-02, Param MSE = 1.874084e-01, Grad norm = 2.774198e-05, Beta update rate = 1.570858e-05
Epoch 153600 (3.1%): Train pred MSE = 1.949727e-05, Test pred MSE = 1.814055e-02, Param MSE = 1.873913e-01, Grad norm = 2.767615e-05, Beta update rate = 1.567090e-05
Epoch 153800 (3.1%): Train pred MSE = 1.942086e-05, Test pred MSE = 1.813902e-02, Param MSE = 1.873743e-01, Grad norm = 2.761052e-05, Beta update rate = 1.563334e-05
Epoch 154000 (3.1%): Train pred MSE = 1.934481e-05, Test pred MSE = 1.813749e-02, Param MSE = 1.873573e-01, Grad norm = 2.754511e-05, Beta update rate = 1.559590e-05
Epoch 154200 (3.1%): Train pred MSE = 1.926911e-05, Test pred MSE = 1.813597e-02, Param MSE = 1.873403e-01, Grad norm = 2.747990e-05, Beta update rate = 1.555858e-05
Epoch 154400 (3.1%): Train pred MSE = 1.919378e-05, Test pred MSE = 1.813446e-02, Param MSE = 1.873235e-01, Grad norm = 2.741490e-05, Beta update rate = 1.552138e-05
Epoch 154600 (3.1%): Train pred MSE = 1.911880e-05, Test pred MSE = 1.813296e-02, Param MSE = 1.873067e-01, Grad norm = 2.735011e-05, Beta update rate = 1.548430e-05
Epoch 154800 (3.1%): Train pred MSE = 1.904417e-05, Test pred MSE = 1.813145e-02, Param MSE = 1.872899e-01, Grad norm = 2.728552e-05, Beta update rate = 1.544733e-05
Epoch 155000 (3.1%): Train pred MSE = 1.896990e-05, Test pred MSE = 1.812996e-02, Param MSE = 1.872732e-01, Grad norm = 2.722113e-05, Beta update rate = 1.541049e-05
Epoch 155200 (3.1%): Train pred MSE = 1.889598e-05, Test pred MSE = 1.812847e-02, Param MSE = 1.872566e-01, Grad norm = 2.715695e-05, Beta update rate = 1.537376e-05
Epoch 155400 (3.1%): Train pred MSE = 1.882240e-05, Test pred MSE = 1.812698e-02, Param MSE = 1.872400e-01, Grad norm = 2.709298e-05, Beta update rate = 1.533716e-05
Epoch 155600 (3.1%): Train pred MSE = 1.874917e-05, Test pred MSE = 1.812550e-02, Param MSE = 1.872235e-01, Grad norm = 2.702920e-05, Beta update rate = 1.530066e-05
Epoch 155800 (3.1%): Train pred MSE = 1.867629e-05, Test pred MSE = 1.812403e-02, Param MSE = 1.872071e-01, Grad norm = 2.696563e-05, Beta update rate = 1.526429e-05
Epoch 156000 (3.1%): Train pred MSE = 1.860375e-05, Test pred MSE = 1.812256e-02, Param MSE = 1.871907e-01, Grad norm = 2.690225e-05, Beta update rate = 1.522803e-05
Epoch 156200 (3.1%): Train pred MSE = 1.853155e-05, Test pred MSE = 1.812110e-02, Param MSE = 1.871743e-01, Grad norm = 2.683908e-05, Beta update rate = 1.519189e-05
Epoch 156400 (3.1%): Train pred MSE = 1.845968e-05, Test pred MSE = 1.811964e-02, Param MSE = 1.871581e-01, Grad norm = 2.677610e-05, Beta update rate = 1.515586e-05
Epoch 156600 (3.1%): Train pred MSE = 1.838816e-05, Test pred MSE = 1.811819e-02, Param MSE = 1.871418e-01, Grad norm = 2.671333e-05, Beta update rate = 1.511995e-05
Epoch 156800 (3.1%): Train pred MSE = 1.831696e-05, Test pred MSE = 1.811674e-02, Param MSE = 1.871257e-01, Grad norm = 2.665075e-05, Beta update rate = 1.508415e-05
Epoch 157000 (3.1%): Train pred MSE = 1.824610e-05, Test pred MSE = 1.811530e-02, Param MSE = 1.871096e-01, Grad norm = 2.658837e-05, Beta update rate = 1.504847e-05
Epoch 157200 (3.1%): Train pred MSE = 1.817558e-05, Test pred MSE = 1.811386e-02, Param MSE = 1.870935e-01, Grad norm = 2.652618e-05, Beta update rate = 1.501289e-05
Epoch 157400 (3.1%): Train pred MSE = 1.810538e-05, Test pred MSE = 1.811243e-02, Param MSE = 1.870775e-01, Grad norm = 2.646419e-05, Beta update rate = 1.497744e-05
Epoch 157600 (3.2%): Train pred MSE = 1.803551e-05, Test pred MSE = 1.811101e-02, Param MSE = 1.870616e-01, Grad norm = 2.640240e-05, Beta update rate = 1.494209e-05
Epoch 157800 (3.2%): Train pred MSE = 1.796596e-05, Test pred MSE = 1.810959e-02, Param MSE = 1.870457e-01, Grad norm = 2.634080e-05, Beta update rate = 1.490686e-05
Epoch 158000 (3.2%): Train pred MSE = 1.789674e-05, Test pred MSE = 1.810817e-02, Param MSE = 1.870299e-01, Grad norm = 2.627939e-05, Beta update rate = 1.487174e-05
Epoch 158200 (3.2%): Train pred MSE = 1.782784e-05, Test pred MSE = 1.810676e-02, Param MSE = 1.870141e-01, Grad norm = 2.621817e-05, Beta update rate = 1.483673e-05
Epoch 158400 (3.2%): Train pred MSE = 1.775927e-05, Test pred MSE = 1.810535e-02, Param MSE = 1.869984e-01, Grad norm = 2.615715e-05, Beta update rate = 1.480183e-05
Epoch 158600 (3.2%): Train pred MSE = 1.769101e-05, Test pred MSE = 1.810395e-02, Param MSE = 1.869827e-01, Grad norm = 2.609631e-05, Beta update rate = 1.476704e-05
Epoch 158800 (3.2%): Train pred MSE = 1.762306e-05, Test pred MSE = 1.810256e-02, Param MSE = 1.869671e-01, Grad norm = 2.603567e-05, Beta update rate = 1.473236e-05
Epoch 159000 (3.2%): Train pred MSE = 1.755544e-05, Test pred MSE = 1.810117e-02, Param MSE = 1.869516e-01, Grad norm = 2.597521e-05, Beta update rate = 1.469779e-05
Epoch 159200 (3.2%): Train pred MSE = 1.748812e-05, Test pred MSE = 1.809978e-02, Param MSE = 1.869361e-01, Grad norm = 2.591495e-05, Beta update rate = 1.466333e-05
Epoch 159400 (3.2%): Train pred MSE = 1.742112e-05, Test pred MSE = 1.809840e-02, Param MSE = 1.869207e-01, Grad norm = 2.585487e-05, Beta update rate = 1.462898e-05
Epoch 159600 (3.2%): Train pred MSE = 1.735443e-05, Test pred MSE = 1.809703e-02, Param MSE = 1.869053e-01, Grad norm = 2.579498e-05, Beta update rate = 1.459474e-05
Epoch 159800 (3.2%): Train pred MSE = 1.728805e-05, Test pred MSE = 1.809566e-02, Param MSE = 1.868899e-01, Grad norm = 2.573528e-05, Beta update rate = 1.456060e-05
Epoch 160000 (3.2%): Train pred MSE = 1.722197e-05, Test pred MSE = 1.809429e-02, Param MSE = 1.868746e-01, Grad norm = 2.567576e-05, Beta update rate = 1.452658e-05
Epoch 160200 (3.2%): Train pred MSE = 1.715620e-05, Test pred MSE = 1.809293e-02, Param MSE = 1.868594e-01, Grad norm = 2.561643e-05, Beta update rate = 1.449266e-05
Epoch 160400 (3.2%): Train pred MSE = 1.709073e-05, Test pred MSE = 1.809158e-02, Param MSE = 1.868442e-01, Grad norm = 2.555728e-05, Beta update rate = 1.445884e-05
Epoch 160600 (3.2%): Train pred MSE = 1.702557e-05, Test pred MSE = 1.809023e-02, Param MSE = 1.868291e-01, Grad norm = 2.549832e-05, Beta update rate = 1.442514e-05
Epoch 160800 (3.2%): Train pred MSE = 1.696070e-05, Test pred MSE = 1.808888e-02, Param MSE = 1.868140e-01, Grad norm = 2.543954e-05, Beta update rate = 1.439153e-05
Epoch 161000 (3.2%): Train pred MSE = 1.689614e-05, Test pred MSE = 1.808754e-02, Param MSE = 1.867990e-01, Grad norm = 2.538094e-05, Beta update rate = 1.435804e-05
Epoch 161200 (3.2%): Train pred MSE = 1.683187e-05, Test pred MSE = 1.808620e-02, Param MSE = 1.867841e-01, Grad norm = 2.532252e-05, Beta update rate = 1.432465e-05
Epoch 161400 (3.2%): Train pred MSE = 1.676789e-05, Test pred MSE = 1.808487e-02, Param MSE = 1.867691e-01, Grad norm = 2.526428e-05, Beta update rate = 1.429136e-05
Epoch 161600 (3.2%): Train pred MSE = 1.670421e-05, Test pred MSE = 1.808354e-02, Param MSE = 1.867543e-01, Grad norm = 2.520623e-05, Beta update rate = 1.425818e-05
Epoch 161800 (3.2%): Train pred MSE = 1.664082e-05, Test pred MSE = 1.808222e-02, Param MSE = 1.867395e-01, Grad norm = 2.514835e-05, Beta update rate = 1.422510e-05
Epoch 162000 (3.2%): Train pred MSE = 1.657772e-05, Test pred MSE = 1.808090e-02, Param MSE = 1.867247e-01, Grad norm = 2.509066e-05, Beta update rate = 1.419213e-05
Epoch 162200 (3.2%): Train pred MSE = 1.651492e-05, Test pred MSE = 1.807959e-02, Param MSE = 1.867100e-01, Grad norm = 2.503314e-05, Beta update rate = 1.415926e-05
Epoch 162400 (3.2%): Train pred MSE = 1.645239e-05, Test pred MSE = 1.807828e-02, Param MSE = 1.866953e-01, Grad norm = 2.497580e-05, Beta update rate = 1.412649e-05
Epoch 162600 (3.3%): Train pred MSE = 1.639016e-05, Test pred MSE = 1.807698e-02, Param MSE = 1.866807e-01, Grad norm = 2.491864e-05, Beta update rate = 1.409382e-05
Epoch 162800 (3.3%): Train pred MSE = 1.632821e-05, Test pred MSE = 1.807568e-02, Param MSE = 1.866662e-01, Grad norm = 2.486165e-05, Beta update rate = 1.406126e-05
Epoch 163000 (3.3%): Train pred MSE = 1.626654e-05, Test pred MSE = 1.807439e-02, Param MSE = 1.866516e-01, Grad norm = 2.480484e-05, Beta update rate = 1.402879e-05
Epoch 163200 (3.3%): Train pred MSE = 1.620515e-05, Test pred MSE = 1.807310e-02, Param MSE = 1.866372e-01, Grad norm = 2.474820e-05, Beta update rate = 1.399643e-05
Epoch 163400 (3.3%): Train pred MSE = 1.614405e-05, Test pred MSE = 1.807181e-02, Param MSE = 1.866228e-01, Grad norm = 2.469174e-05, Beta update rate = 1.396417e-05
Epoch 163600 (3.3%): Train pred MSE = 1.608322e-05, Test pred MSE = 1.807053e-02, Param MSE = 1.866084e-01, Grad norm = 2.463545e-05, Beta update rate = 1.393201e-05
Epoch 163800 (3.3%): Train pred MSE = 1.602267e-05, Test pred MSE = 1.806926e-02, Param MSE = 1.865941e-01, Grad norm = 2.457934e-05, Beta update rate = 1.389995e-05
Epoch 164000 (3.3%): Train pred MSE = 1.596239e-05, Test pred MSE = 1.806799e-02, Param MSE = 1.865798e-01, Grad norm = 2.452340e-05, Beta update rate = 1.386799e-05
Epoch 164200 (3.3%): Train pred MSE = 1.590239e-05, Test pred MSE = 1.806672e-02, Param MSE = 1.865656e-01, Grad norm = 2.446763e-05, Beta update rate = 1.383613e-05
Epoch 164400 (3.3%): Train pred MSE = 1.584266e-05, Test pred MSE = 1.806546e-02, Param MSE = 1.865514e-01, Grad norm = 2.441203e-05, Beta update rate = 1.380437e-05
Epoch 164600 (3.3%): Train pred MSE = 1.578320e-05, Test pred MSE = 1.806420e-02, Param MSE = 1.865373e-01, Grad norm = 2.435660e-05, Beta update rate = 1.377270e-05
Epoch 164800 (3.3%): Train pred MSE = 1.572401e-05, Test pred MSE = 1.806295e-02, Param MSE = 1.865233e-01, Grad norm = 2.430134e-05, Beta update rate = 1.374114e-05
Epoch 165000 (3.3%): Train pred MSE = 1.566509e-05, Test pred MSE = 1.806170e-02, Param MSE = 1.865092e-01, Grad norm = 2.424625e-05, Beta update rate = 1.370967e-05
Epoch 165200 (3.3%): Train pred MSE = 1.560644e-05, Test pred MSE = 1.806045e-02, Param MSE = 1.864952e-01, Grad norm = 2.419133e-05, Beta update rate = 1.367830e-05
Epoch 165400 (3.3%): Train pred MSE = 1.554805e-05, Test pred MSE = 1.805921e-02, Param MSE = 1.864813e-01, Grad norm = 2.413658e-05, Beta update rate = 1.364702e-05
Epoch 165600 (3.3%): Train pred MSE = 1.548992e-05, Test pred MSE = 1.805797e-02, Param MSE = 1.864674e-01, Grad norm = 2.408199e-05, Beta update rate = 1.361585e-05
Epoch 165800 (3.3%): Train pred MSE = 1.543206e-05, Test pred MSE = 1.805674e-02, Param MSE = 1.864536e-01, Grad norm = 2.402757e-05, Beta update rate = 1.358477e-05
Epoch 166000 (3.3%): Train pred MSE = 1.537446e-05, Test pred MSE = 1.805552e-02, Param MSE = 1.864398e-01, Grad norm = 2.397332e-05, Beta update rate = 1.355378e-05
Epoch 166200 (3.3%): Train pred MSE = 1.531712e-05, Test pred MSE = 1.805429e-02, Param MSE = 1.864261e-01, Grad norm = 2.391923e-05, Beta update rate = 1.352289e-05
Epoch 166400 (3.3%): Train pred MSE = 1.526004e-05, Test pred MSE = 1.805307e-02, Param MSE = 1.864124e-01, Grad norm = 2.386531e-05, Beta update rate = 1.349210e-05
Epoch 166600 (3.3%): Train pred MSE = 1.520321e-05, Test pred MSE = 1.805186e-02, Param MSE = 1.863987e-01, Grad norm = 2.381156e-05, Beta update rate = 1.346140e-05
Epoch 166800 (3.3%): Train pred MSE = 1.514664e-05, Test pred MSE = 1.805065e-02, Param MSE = 1.863851e-01, Grad norm = 2.375796e-05, Beta update rate = 1.343079e-05
Epoch 167000 (3.3%): Train pred MSE = 1.509032e-05, Test pred MSE = 1.804944e-02, Param MSE = 1.863716e-01, Grad norm = 2.370453e-05, Beta update rate = 1.340028e-05
Epoch 167200 (3.3%): Train pred MSE = 1.503426e-05, Test pred MSE = 1.804824e-02, Param MSE = 1.863580e-01, Grad norm = 2.365126e-05, Beta update rate = 1.336987e-05
Epoch 167400 (3.3%): Train pred MSE = 1.497845e-05, Test pred MSE = 1.804704e-02, Param MSE = 1.863446e-01, Grad norm = 2.359816e-05, Beta update rate = 1.333955e-05
Epoch 167600 (3.4%): Train pred MSE = 1.492289e-05, Test pred MSE = 1.804585e-02, Param MSE = 1.863312e-01, Grad norm = 2.354521e-05, Beta update rate = 1.330932e-05
Epoch 167800 (3.4%): Train pred MSE = 1.486758e-05, Test pred MSE = 1.804466e-02, Param MSE = 1.863178e-01, Grad norm = 2.349243e-05, Beta update rate = 1.327918e-05
Epoch 168000 (3.4%): Train pred MSE = 1.481251e-05, Test pred MSE = 1.804348e-02, Param MSE = 1.863044e-01, Grad norm = 2.343981e-05, Beta update rate = 1.324913e-05
Epoch 168200 (3.4%): Train pred MSE = 1.475769e-05, Test pred MSE = 1.804229e-02, Param MSE = 1.862912e-01, Grad norm = 2.338734e-05, Beta update rate = 1.321918e-05
Epoch 168400 (3.4%): Train pred MSE = 1.470312e-05, Test pred MSE = 1.804112e-02, Param MSE = 1.862779e-01, Grad norm = 2.333504e-05, Beta update rate = 1.318932e-05
Epoch 168600 (3.4%): Train pred MSE = 1.464879e-05, Test pred MSE = 1.803994e-02, Param MSE = 1.862647e-01, Grad norm = 2.328289e-05, Beta update rate = 1.315955e-05
Epoch 168800 (3.4%): Train pred MSE = 1.459470e-05, Test pred MSE = 1.803877e-02, Param MSE = 1.862516e-01, Grad norm = 2.323090e-05, Beta update rate = 1.312987e-05
Epoch 169000 (3.4%): Train pred MSE = 1.454085e-05, Test pred MSE = 1.803761e-02, Param MSE = 1.862384e-01, Grad norm = 2.317907e-05, Beta update rate = 1.310028e-05
Epoch 169200 (3.4%): Train pred MSE = 1.448725e-05, Test pred MSE = 1.803645e-02, Param MSE = 1.862254e-01, Grad norm = 2.312740e-05, Beta update rate = 1.307079e-05
Epoch 169400 (3.4%): Train pred MSE = 1.443388e-05, Test pred MSE = 1.803529e-02, Param MSE = 1.862124e-01, Grad norm = 2.307588e-05, Beta update rate = 1.304138e-05
Epoch 169600 (3.4%): Train pred MSE = 1.438075e-05, Test pred MSE = 1.803414e-02, Param MSE = 1.861994e-01, Grad norm = 2.302451e-05, Beta update rate = 1.301206e-05
Epoch 169800 (3.4%): Train pred MSE = 1.432786e-05, Test pred MSE = 1.803299e-02, Param MSE = 1.861864e-01, Grad norm = 2.297331e-05, Beta update rate = 1.298283e-05
Epoch 170000 (3.4%): Train pred MSE = 1.427520e-05, Test pred MSE = 1.803185e-02, Param MSE = 1.861735e-01, Grad norm = 2.292225e-05, Beta update rate = 1.295370e-05
Epoch 170200 (3.4%): Train pred MSE = 1.422277e-05, Test pred MSE = 1.803070e-02, Param MSE = 1.861607e-01, Grad norm = 2.287135e-05, Beta update rate = 1.292465e-05
Epoch 170400 (3.4%): Train pred MSE = 1.417058e-05, Test pred MSE = 1.802957e-02, Param MSE = 1.861479e-01, Grad norm = 2.282061e-05, Beta update rate = 1.289568e-05
Epoch 170600 (3.4%): Train pred MSE = 1.411862e-05, Test pred MSE = 1.802843e-02, Param MSE = 1.861351e-01, Grad norm = 2.277001e-05, Beta update rate = 1.286681e-05
Epoch 170800 (3.4%): Train pred MSE = 1.406689e-05, Test pred MSE = 1.802730e-02, Param MSE = 1.861224e-01, Grad norm = 2.271957e-05, Beta update rate = 1.283802e-05
Epoch 171000 (3.4%): Train pred MSE = 1.401538e-05, Test pred MSE = 1.802618e-02, Param MSE = 1.861097e-01, Grad norm = 2.266928e-05, Beta update rate = 1.280932e-05
Epoch 171200 (3.4%): Train pred MSE = 1.396411e-05, Test pred MSE = 1.802506e-02, Param MSE = 1.860970e-01, Grad norm = 2.261914e-05, Beta update rate = 1.278071e-05
Epoch 171400 (3.4%): Train pred MSE = 1.391306e-05, Test pred MSE = 1.802394e-02, Param MSE = 1.860844e-01, Grad norm = 2.256915e-05, Beta update rate = 1.275219e-05
Epoch 171600 (3.4%): Train pred MSE = 1.386224e-05, Test pred MSE = 1.802282e-02, Param MSE = 1.860719e-01, Grad norm = 2.251932e-05, Beta update rate = 1.272375e-05
Epoch 171800 (3.4%): Train pred MSE = 1.381164e-05, Test pred MSE = 1.802171e-02, Param MSE = 1.860594e-01, Grad norm = 2.246963e-05, Beta update rate = 1.269540e-05
Epoch 172000 (3.4%): Train pred MSE = 1.376126e-05, Test pred MSE = 1.802061e-02, Param MSE = 1.860469e-01, Grad norm = 2.242009e-05, Beta update rate = 1.266713e-05
Epoch 172200 (3.4%): Train pred MSE = 1.371111e-05, Test pred MSE = 1.801951e-02, Param MSE = 1.860345e-01, Grad norm = 2.237069e-05, Beta update rate = 1.263895e-05
Epoch 172400 (3.4%): Train pred MSE = 1.366117e-05, Test pred MSE = 1.801841e-02, Param MSE = 1.860221e-01, Grad norm = 2.232145e-05, Beta update rate = 1.261086e-05
Epoch 172600 (3.5%): Train pred MSE = 1.361146e-05, Test pred MSE = 1.801731e-02, Param MSE = 1.860097e-01, Grad norm = 2.227235e-05, Beta update rate = 1.258285e-05
Epoch 172800 (3.5%): Train pred MSE = 1.356196e-05, Test pred MSE = 1.801622e-02, Param MSE = 1.859974e-01, Grad norm = 2.222340e-05, Beta update rate = 1.255492e-05
Epoch 173000 (3.5%): Train pred MSE = 1.351268e-05, Test pred MSE = 1.801513e-02, Param MSE = 1.859851e-01, Grad norm = 2.217460e-05, Beta update rate = 1.252708e-05
Epoch 173200 (3.5%): Train pred MSE = 1.346362e-05, Test pred MSE = 1.801405e-02, Param MSE = 1.859729e-01, Grad norm = 2.212594e-05, Beta update rate = 1.249932e-05
Epoch 173400 (3.5%): Train pred MSE = 1.341477e-05, Test pred MSE = 1.801297e-02, Param MSE = 1.859607e-01, Grad norm = 2.207743e-05, Beta update rate = 1.247164e-05
Epoch 173600 (3.5%): Train pred MSE = 1.336614e-05, Test pred MSE = 1.801189e-02, Param MSE = 1.859485e-01, Grad norm = 2.202906e-05, Beta update rate = 1.244405e-05
Epoch 173800 (3.5%): Train pred MSE = 1.331772e-05, Test pred MSE = 1.801082e-02, Param MSE = 1.859364e-01, Grad norm = 2.198084e-05, Beta update rate = 1.241655e-05
Epoch 174000 (3.5%): Train pred MSE = 1.326951e-05, Test pred MSE = 1.800975e-02, Param MSE = 1.859243e-01, Grad norm = 2.193276e-05, Beta update rate = 1.238912e-05
Epoch 174200 (3.5%): Train pred MSE = 1.322151e-05, Test pred MSE = 1.800868e-02, Param MSE = 1.859123e-01, Grad norm = 2.188482e-05, Beta update rate = 1.236178e-05
Epoch 174400 (3.5%): Train pred MSE = 1.317372e-05, Test pred MSE = 1.800762e-02, Param MSE = 1.859003e-01, Grad norm = 2.183702e-05, Beta update rate = 1.233452e-05
Epoch 174600 (3.5%): Train pred MSE = 1.312614e-05, Test pred MSE = 1.800656e-02, Param MSE = 1.858884e-01, Grad norm = 2.178937e-05, Beta update rate = 1.230734e-05
Epoch 174800 (3.5%): Train pred MSE = 1.307877e-05, Test pred MSE = 1.800551e-02, Param MSE = 1.858764e-01, Grad norm = 2.174186e-05, Beta update rate = 1.228024e-05
Epoch 175000 (3.5%): Train pred MSE = 1.303160e-05, Test pred MSE = 1.800445e-02, Param MSE = 1.858646e-01, Grad norm = 2.169449e-05, Beta update rate = 1.225323e-05
Epoch 175200 (3.5%): Train pred MSE = 1.298464e-05, Test pred MSE = 1.800341e-02, Param MSE = 1.858527e-01, Grad norm = 2.164726e-05, Beta update rate = 1.222629e-05
Epoch 175400 (3.5%): Train pred MSE = 1.293788e-05, Test pred MSE = 1.800236e-02, Param MSE = 1.858409e-01, Grad norm = 2.160017e-05, Beta update rate = 1.219944e-05
Epoch 175600 (3.5%): Train pred MSE = 1.289133e-05, Test pred MSE = 1.800132e-02, Param MSE = 1.858291e-01, Grad norm = 2.155322e-05, Beta update rate = 1.217266e-05
Epoch 175800 (3.5%): Train pred MSE = 1.284497e-05, Test pred MSE = 1.800028e-02, Param MSE = 1.858174e-01, Grad norm = 2.150641e-05, Beta update rate = 1.214597e-05
Epoch 176000 (3.5%): Train pred MSE = 1.279882e-05, Test pred MSE = 1.799925e-02, Param MSE = 1.858057e-01, Grad norm = 2.145973e-05, Beta update rate = 1.211935e-05
Epoch 176200 (3.5%): Train pred MSE = 1.275287e-05, Test pred MSE = 1.799822e-02, Param MSE = 1.857941e-01, Grad norm = 2.141320e-05, Beta update rate = 1.209282e-05
Epoch 176400 (3.5%): Train pred MSE = 1.270712e-05, Test pred MSE = 1.799719e-02, Param MSE = 1.857825e-01, Grad norm = 2.136680e-05, Beta update rate = 1.206636e-05
Epoch 176600 (3.5%): Train pred MSE = 1.266156e-05, Test pred MSE = 1.799617e-02, Param MSE = 1.857709e-01, Grad norm = 2.132054e-05, Beta update rate = 1.203999e-05
Epoch 176800 (3.5%): Train pred MSE = 1.261621e-05, Test pred MSE = 1.799515e-02, Param MSE = 1.857593e-01, Grad norm = 2.127442e-05, Beta update rate = 1.201369e-05
Epoch 177000 (3.5%): Train pred MSE = 1.257104e-05, Test pred MSE = 1.799413e-02, Param MSE = 1.857478e-01, Grad norm = 2.122843e-05, Beta update rate = 1.198747e-05
Epoch 177200 (3.5%): Train pred MSE = 1.252608e-05, Test pred MSE = 1.799312e-02, Param MSE = 1.857364e-01, Grad norm = 2.118258e-05, Beta update rate = 1.196133e-05
Epoch 177400 (3.5%): Train pred MSE = 1.248130e-05, Test pred MSE = 1.799211e-02, Param MSE = 1.857249e-01, Grad norm = 2.113686e-05, Beta update rate = 1.193527e-05
Epoch 177600 (3.6%): Train pred MSE = 1.243673e-05, Test pred MSE = 1.799110e-02, Param MSE = 1.857135e-01, Grad norm = 2.109128e-05, Beta update rate = 1.190928e-05
Epoch 177800 (3.6%): Train pred MSE = 1.239234e-05, Test pred MSE = 1.799010e-02, Param MSE = 1.857022e-01, Grad norm = 2.104583e-05, Beta update rate = 1.188337e-05
Epoch 178000 (3.6%): Train pred MSE = 1.234814e-05, Test pred MSE = 1.798910e-02, Param MSE = 1.856909e-01, Grad norm = 2.100051e-05, Beta update rate = 1.185754e-05
Epoch 178200 (3.6%): Train pred MSE = 1.230413e-05, Test pred MSE = 1.798810e-02, Param MSE = 1.856796e-01, Grad norm = 2.095533e-05, Beta update rate = 1.183178e-05
Epoch 178400 (3.6%): Train pred MSE = 1.226032e-05, Test pred MSE = 1.798710e-02, Param MSE = 1.856683e-01, Grad norm = 2.091028e-05, Beta update rate = 1.180610e-05
Epoch 178600 (3.6%): Train pred MSE = 1.221669e-05, Test pred MSE = 1.798611e-02, Param MSE = 1.856571e-01, Grad norm = 2.086537e-05, Beta update rate = 1.178050e-05
Epoch 178800 (3.6%): Train pred MSE = 1.217325e-05, Test pred MSE = 1.798513e-02, Param MSE = 1.856459e-01, Grad norm = 2.082058e-05, Beta update rate = 1.175497e-05
Epoch 179000 (3.6%): Train pred MSE = 1.212999e-05, Test pred MSE = 1.798414e-02, Param MSE = 1.856348e-01, Grad norm = 2.077593e-05, Beta update rate = 1.172952e-05
Epoch 179200 (3.6%): Train pred MSE = 1.208692e-05, Test pred MSE = 1.798316e-02, Param MSE = 1.856237e-01, Grad norm = 2.073140e-05, Beta update rate = 1.170414e-05
Epoch 179400 (3.6%): Train pred MSE = 1.204403e-05, Test pred MSE = 1.798219e-02, Param MSE = 1.856126e-01, Grad norm = 2.068701e-05, Beta update rate = 1.167884e-05
Epoch 179600 (3.6%): Train pred MSE = 1.200133e-05, Test pred MSE = 1.798121e-02, Param MSE = 1.856016e-01, Grad norm = 2.064275e-05, Beta update rate = 1.165362e-05
Epoch 179800 (3.6%): Train pred MSE = 1.195881e-05, Test pred MSE = 1.798024e-02, Param MSE = 1.855906e-01, Grad norm = 2.059861e-05, Beta update rate = 1.162846e-05
Epoch 180000 (3.6%): Train pred MSE = 1.191647e-05, Test pred MSE = 1.797927e-02, Param MSE = 1.855796e-01, Grad norm = 2.055461e-05, Beta update rate = 1.160339e-05
Epoch 180200 (3.6%): Train pred MSE = 1.187431e-05, Test pred MSE = 1.797831e-02, Param MSE = 1.855687e-01, Grad norm = 2.051073e-05, Beta update rate = 1.157838e-05
Epoch 180400 (3.6%): Train pred MSE = 1.183233e-05, Test pred MSE = 1.797735e-02, Param MSE = 1.855578e-01, Grad norm = 2.046698e-05, Beta update rate = 1.155345e-05
Epoch 180600 (3.6%): Train pred MSE = 1.179053e-05, Test pred MSE = 1.797639e-02, Param MSE = 1.855469e-01, Grad norm = 2.042336e-05, Beta update rate = 1.152860e-05
Epoch 180800 (3.6%): Train pred MSE = 1.174891e-05, Test pred MSE = 1.797543e-02, Param MSE = 1.855361e-01, Grad norm = 2.037987e-05, Beta update rate = 1.150381e-05
Epoch 181000 (3.6%): Train pred MSE = 1.170747e-05, Test pred MSE = 1.797448e-02, Param MSE = 1.855253e-01, Grad norm = 2.033650e-05, Beta update rate = 1.147910e-05
Epoch 181200 (3.6%): Train pred MSE = 1.166620e-05, Test pred MSE = 1.797353e-02, Param MSE = 1.855145e-01, Grad norm = 2.029326e-05, Beta update rate = 1.145446e-05
Epoch 181400 (3.6%): Train pred MSE = 1.162510e-05, Test pred MSE = 1.797259e-02, Param MSE = 1.855038e-01, Grad norm = 2.025015e-05, Beta update rate = 1.142990e-05
Epoch 181600 (3.6%): Train pred MSE = 1.158418e-05, Test pred MSE = 1.797165e-02, Param MSE = 1.854931e-01, Grad norm = 2.020716e-05, Beta update rate = 1.140540e-05
Epoch 181800 (3.6%): Train pred MSE = 1.154344e-05, Test pred MSE = 1.797071e-02, Param MSE = 1.854825e-01, Grad norm = 2.016429e-05, Beta update rate = 1.138098e-05
Epoch 182000 (3.6%): Train pred MSE = 1.150287e-05, Test pred MSE = 1.796977e-02, Param MSE = 1.854718e-01, Grad norm = 2.012155e-05, Beta update rate = 1.135663e-05
Epoch 182200 (3.6%): Train pred MSE = 1.146246e-05, Test pred MSE = 1.796884e-02, Param MSE = 1.854612e-01, Grad norm = 2.007894e-05, Beta update rate = 1.133235e-05
Epoch 182400 (3.6%): Train pred MSE = 1.142223e-05, Test pred MSE = 1.796791e-02, Param MSE = 1.854507e-01, Grad norm = 2.003644e-05, Beta update rate = 1.130814e-05
Epoch 182600 (3.7%): Train pred MSE = 1.138217e-05, Test pred MSE = 1.796698e-02, Param MSE = 1.854402e-01, Grad norm = 1.999408e-05, Beta update rate = 1.128400e-05
Epoch 182800 (3.7%): Train pred MSE = 1.134228e-05, Test pred MSE = 1.796605e-02, Param MSE = 1.854297e-01, Grad norm = 1.995183e-05, Beta update rate = 1.125994e-05
Epoch 183000 (3.7%): Train pred MSE = 1.130256e-05, Test pred MSE = 1.796513e-02, Param MSE = 1.854192e-01, Grad norm = 1.990970e-05, Beta update rate = 1.123594e-05
Epoch 183200 (3.7%): Train pred MSE = 1.126300e-05, Test pred MSE = 1.796422e-02, Param MSE = 1.854088e-01, Grad norm = 1.986770e-05, Beta update rate = 1.121202e-05
Epoch 183400 (3.7%): Train pred MSE = 1.122362e-05, Test pred MSE = 1.796330e-02, Param MSE = 1.853984e-01, Grad norm = 1.982582e-05, Beta update rate = 1.118816e-05
Epoch 183600 (3.7%): Train pred MSE = 1.118439e-05, Test pred MSE = 1.796239e-02, Param MSE = 1.853880e-01, Grad norm = 1.978406e-05, Beta update rate = 1.116437e-05
Epoch 183800 (3.7%): Train pred MSE = 1.114533e-05, Test pred MSE = 1.796148e-02, Param MSE = 1.853777e-01, Grad norm = 1.974242e-05, Beta update rate = 1.114065e-05
Epoch 184000 (3.7%): Train pred MSE = 1.110644e-05, Test pred MSE = 1.796057e-02, Param MSE = 1.853674e-01, Grad norm = 1.970090e-05, Beta update rate = 1.111701e-05
Epoch 184200 (3.7%): Train pred MSE = 1.106771e-05, Test pred MSE = 1.795967e-02, Param MSE = 1.853571e-01, Grad norm = 1.965950e-05, Beta update rate = 1.109343e-05
Epoch 184400 (3.7%): Train pred MSE = 1.102914e-05, Test pred MSE = 1.795877e-02, Param MSE = 1.853469e-01, Grad norm = 1.961822e-05, Beta update rate = 1.106991e-05
Epoch 184600 (3.7%): Train pred MSE = 1.099074e-05, Test pred MSE = 1.795787e-02, Param MSE = 1.853367e-01, Grad norm = 1.957706e-05, Beta update rate = 1.104647e-05
Epoch 184800 (3.7%): Train pred MSE = 1.095249e-05, Test pred MSE = 1.795698e-02, Param MSE = 1.853265e-01, Grad norm = 1.953601e-05, Beta update rate = 1.102310e-05
Epoch 185000 (3.7%): Train pred MSE = 1.091441e-05, Test pred MSE = 1.795608e-02, Param MSE = 1.853164e-01, Grad norm = 1.949509e-05, Beta update rate = 1.099979e-05
Epoch 185200 (3.7%): Train pred MSE = 1.087648e-05, Test pred MSE = 1.795519e-02, Param MSE = 1.853063e-01, Grad norm = 1.945428e-05, Beta update rate = 1.097655e-05
Epoch 185400 (3.7%): Train pred MSE = 1.083871e-05, Test pred MSE = 1.795431e-02, Param MSE = 1.852962e-01, Grad norm = 1.941359e-05, Beta update rate = 1.095338e-05
Epoch 185600 (3.7%): Train pred MSE = 1.080110e-05, Test pred MSE = 1.795342e-02, Param MSE = 1.852862e-01, Grad norm = 1.937301e-05, Beta update rate = 1.093027e-05
Epoch 185800 (3.7%): Train pred MSE = 1.076365e-05, Test pred MSE = 1.795254e-02, Param MSE = 1.852761e-01, Grad norm = 1.933256e-05, Beta update rate = 1.090724e-05
Epoch 186000 (3.7%): Train pred MSE = 1.072636e-05, Test pred MSE = 1.795167e-02, Param MSE = 1.852662e-01, Grad norm = 1.929222e-05, Beta update rate = 1.088427e-05
Epoch 186200 (3.7%): Train pred MSE = 1.068921e-05, Test pred MSE = 1.795079e-02, Param MSE = 1.852562e-01, Grad norm = 1.925199e-05, Beta update rate = 1.086136e-05
Epoch 186400 (3.7%): Train pred MSE = 1.065223e-05, Test pred MSE = 1.794992e-02, Param MSE = 1.852463e-01, Grad norm = 1.921188e-05, Beta update rate = 1.083852e-05
Epoch 186600 (3.7%): Train pred MSE = 1.061540e-05, Test pred MSE = 1.794905e-02, Param MSE = 1.852364e-01, Grad norm = 1.917188e-05, Beta update rate = 1.081575e-05
Epoch 186800 (3.7%): Train pred MSE = 1.057872e-05, Test pred MSE = 1.794818e-02, Param MSE = 1.852265e-01, Grad norm = 1.913200e-05, Beta update rate = 1.079304e-05
Epoch 187000 (3.7%): Train pred MSE = 1.054219e-05, Test pred MSE = 1.794732e-02, Param MSE = 1.852167e-01, Grad norm = 1.909223e-05, Beta update rate = 1.077040e-05
Epoch 187200 (3.7%): Train pred MSE = 1.050582e-05, Test pred MSE = 1.794646e-02, Param MSE = 1.852069e-01, Grad norm = 1.905258e-05, Beta update rate = 1.074782e-05
Epoch 187400 (3.7%): Train pred MSE = 1.046959e-05, Test pred MSE = 1.794560e-02, Param MSE = 1.851971e-01, Grad norm = 1.901304e-05, Beta update rate = 1.072531e-05
Epoch 187600 (3.8%): Train pred MSE = 1.043352e-05, Test pred MSE = 1.794475e-02, Param MSE = 1.851874e-01, Grad norm = 1.897361e-05, Beta update rate = 1.070287e-05
Epoch 187800 (3.8%): Train pred MSE = 1.039759e-05, Test pred MSE = 1.794389e-02, Param MSE = 1.851777e-01, Grad norm = 1.893429e-05, Beta update rate = 1.068048e-05
Epoch 188000 (3.8%): Train pred MSE = 1.036182e-05, Test pred MSE = 1.794304e-02, Param MSE = 1.851680e-01, Grad norm = 1.889509e-05, Beta update rate = 1.065817e-05
Epoch 188200 (3.8%): Train pred MSE = 1.032619e-05, Test pred MSE = 1.794220e-02, Param MSE = 1.851583e-01, Grad norm = 1.885600e-05, Beta update rate = 1.063591e-05
Epoch 188400 (3.8%): Train pred MSE = 1.029071e-05, Test pred MSE = 1.794135e-02, Param MSE = 1.851487e-01, Grad norm = 1.881702e-05, Beta update rate = 1.061372e-05
Epoch 188600 (3.8%): Train pred MSE = 1.025537e-05, Test pred MSE = 1.794051e-02, Param MSE = 1.851391e-01, Grad norm = 1.877814e-05, Beta update rate = 1.059160e-05
Epoch 188800 (3.8%): Train pred MSE = 1.022018e-05, Test pred MSE = 1.793967e-02, Param MSE = 1.851296e-01, Grad norm = 1.873938e-05, Beta update rate = 1.056954e-05
Epoch 189000 (3.8%): Train pred MSE = 1.018514e-05, Test pred MSE = 1.793883e-02, Param MSE = 1.851200e-01, Grad norm = 1.870073e-05, Beta update rate = 1.054754e-05
Epoch 189200 (3.8%): Train pred MSE = 1.015024e-05, Test pred MSE = 1.793800e-02, Param MSE = 1.851105e-01, Grad norm = 1.866219e-05, Beta update rate = 1.052560e-05
Epoch 189400 (3.8%): Train pred MSE = 1.011549e-05, Test pred MSE = 1.793717e-02, Param MSE = 1.851011e-01, Grad norm = 1.862376e-05, Beta update rate = 1.050373e-05
Epoch 189600 (3.8%): Train pred MSE = 1.008087e-05, Test pred MSE = 1.793634e-02, Param MSE = 1.850916e-01, Grad norm = 1.858544e-05, Beta update rate = 1.048192e-05
Epoch 189800 (3.8%): Train pred MSE = 1.004640e-05, Test pred MSE = 1.793551e-02, Param MSE = 1.850822e-01, Grad norm = 1.854723e-05, Beta update rate = 1.046017e-05
Epoch 190000 (3.8%): Train pred MSE = 1.001207e-05, Test pred MSE = 1.793469e-02, Param MSE = 1.850728e-01, Grad norm = 1.850912e-05, Beta update rate = 1.043848e-05
Epoch 190200 (3.8%): Train pred MSE = 9.977887e-06, Test pred MSE = 1.793387e-02, Param MSE = 1.850634e-01, Grad norm = 1.847112e-05, Beta update rate = 1.041686e-05
Epoch 190400 (3.8%): Train pred MSE = 9.943839e-06, Test pred MSE = 1.793305e-02, Param MSE = 1.850541e-01, Grad norm = 1.843323e-05, Beta update rate = 1.039529e-05
Epoch 190600 (3.8%): Train pred MSE = 9.909931e-06, Test pred MSE = 1.793223e-02, Param MSE = 1.850448e-01, Grad norm = 1.839545e-05, Beta update rate = 1.037379e-05
Epoch 190800 (3.8%): Train pred MSE = 9.876161e-06, Test pred MSE = 1.793142e-02, Param MSE = 1.850355e-01, Grad norm = 1.835777e-05, Beta update rate = 1.035235e-05
Epoch 191000 (3.8%): Train pred MSE = 9.842530e-06, Test pred MSE = 1.793061e-02, Param MSE = 1.850263e-01, Grad norm = 1.832020e-05, Beta update rate = 1.033097e-05
Epoch 191200 (3.8%): Train pred MSE = 9.809036e-06, Test pred MSE = 1.792980e-02, Param MSE = 1.850171e-01, Grad norm = 1.828274e-05, Beta update rate = 1.030965e-05
Epoch 191400 (3.8%): Train pred MSE = 9.775679e-06, Test pred MSE = 1.792900e-02, Param MSE = 1.850079e-01, Grad norm = 1.824538e-05, Beta update rate = 1.028840e-05
Epoch 191600 (3.8%): Train pred MSE = 9.742458e-06, Test pred MSE = 1.792819e-02, Param MSE = 1.849987e-01, Grad norm = 1.820812e-05, Beta update rate = 1.026720e-05
Epoch 191800 (3.8%): Train pred MSE = 9.709373e-06, Test pred MSE = 1.792739e-02, Param MSE = 1.849896e-01, Grad norm = 1.817097e-05, Beta update rate = 1.024606e-05
Epoch 192000 (3.8%): Train pred MSE = 9.676422e-06, Test pred MSE = 1.792660e-02, Param MSE = 1.849804e-01, Grad norm = 1.813393e-05, Beta update rate = 1.022498e-05
Epoch 192200 (3.8%): Train pred MSE = 9.643606e-06, Test pred MSE = 1.792580e-02, Param MSE = 1.849714e-01, Grad norm = 1.809699e-05, Beta update rate = 1.020397e-05
Epoch 192400 (3.8%): Train pred MSE = 9.610923e-06, Test pred MSE = 1.792501e-02, Param MSE = 1.849623e-01, Grad norm = 1.806015e-05, Beta update rate = 1.018301e-05
Epoch 192600 (3.9%): Train pred MSE = 9.578373e-06, Test pred MSE = 1.792422e-02, Param MSE = 1.849533e-01, Grad norm = 1.802342e-05, Beta update rate = 1.016211e-05
Epoch 192800 (3.9%): Train pred MSE = 9.545955e-06, Test pred MSE = 1.792343e-02, Param MSE = 1.849443e-01, Grad norm = 1.798679e-05, Beta update rate = 1.014127e-05
Epoch 193000 (3.9%): Train pred MSE = 9.513669e-06, Test pred MSE = 1.792264e-02, Param MSE = 1.849353e-01, Grad norm = 1.795026e-05, Beta update rate = 1.012049e-05
Epoch 193200 (3.9%): Train pred MSE = 9.481513e-06, Test pred MSE = 1.792186e-02, Param MSE = 1.849264e-01, Grad norm = 1.791383e-05, Beta update rate = 1.009977e-05
Epoch 193400 (3.9%): Train pred MSE = 9.449488e-06, Test pred MSE = 1.792108e-02, Param MSE = 1.849174e-01, Grad norm = 1.787751e-05, Beta update rate = 1.007911e-05
Epoch 193600 (3.9%): Train pred MSE = 9.417593e-06, Test pred MSE = 1.792030e-02, Param MSE = 1.849085e-01, Grad norm = 1.784129e-05, Beta update rate = 1.005850e-05
Epoch 193800 (3.9%): Train pred MSE = 9.385827e-06, Test pred MSE = 1.791953e-02, Param MSE = 1.848997e-01, Grad norm = 1.780517e-05, Beta update rate = 1.003795e-05
Epoch 194000 (3.9%): Train pred MSE = 9.354189e-06, Test pred MSE = 1.791875e-02, Param MSE = 1.848908e-01, Grad norm = 1.776915e-05, Beta update rate = 1.001746e-05
Epoch 194200 (3.9%): Train pred MSE = 9.322679e-06, Test pred MSE = 1.791798e-02, Param MSE = 1.848820e-01, Grad norm = 1.773323e-05, Beta update rate = 9.997034e-06
Epoch 194400 (3.9%): Train pred MSE = 9.291296e-06, Test pred MSE = 1.791721e-02, Param MSE = 1.848732e-01, Grad norm = 1.769741e-05, Beta update rate = 9.976660e-06
Epoch 194600 (3.9%): Train pred MSE = 9.260040e-06, Test pred MSE = 1.791645e-02, Param MSE = 1.848645e-01, Grad norm = 1.766169e-05, Beta update rate = 9.956344e-06
Epoch 194800 (3.9%): Train pred MSE = 9.228910e-06, Test pred MSE = 1.791568e-02, Param MSE = 1.848557e-01, Grad norm = 1.762607e-05, Beta update rate = 9.936084e-06
Epoch 195000 (3.9%): Train pred MSE = 9.197905e-06, Test pred MSE = 1.791492e-02, Param MSE = 1.848470e-01, Grad norm = 1.759055e-05, Beta update rate = 9.915882e-06
Epoch 195200 (3.9%): Train pred MSE = 9.167025e-06, Test pred MSE = 1.791416e-02, Param MSE = 1.848383e-01, Grad norm = 1.755513e-05, Beta update rate = 9.895736e-06
Epoch 195400 (3.9%): Train pred MSE = 9.136269e-06, Test pred MSE = 1.791341e-02, Param MSE = 1.848297e-01, Grad norm = 1.751980e-05, Beta update rate = 9.875647e-06
Epoch 195600 (3.9%): Train pred MSE = 9.105637e-06, Test pred MSE = 1.791265e-02, Param MSE = 1.848210e-01, Grad norm = 1.748458e-05, Beta update rate = 9.855614e-06
Epoch 195800 (3.9%): Train pred MSE = 9.075128e-06, Test pred MSE = 1.791190e-02, Param MSE = 1.848124e-01, Grad norm = 1.744945e-05, Beta update rate = 9.835637e-06
Epoch 196000 (3.9%): Train pred MSE = 9.044741e-06, Test pred MSE = 1.791115e-02, Param MSE = 1.848038e-01, Grad norm = 1.741442e-05, Beta update rate = 9.815717e-06
Epoch 196200 (3.9%): Train pred MSE = 9.014476e-06, Test pred MSE = 1.791040e-02, Param MSE = 1.847953e-01, Grad norm = 1.737949e-05, Beta update rate = 9.795851e-06
Epoch 196400 (3.9%): Train pred MSE = 8.984333e-06, Test pred MSE = 1.790966e-02, Param MSE = 1.847868e-01, Grad norm = 1.734465e-05, Beta update rate = 9.776042e-06
Epoch 196600 (3.9%): Train pred MSE = 8.954310e-06, Test pred MSE = 1.790891e-02, Param MSE = 1.847783e-01, Grad norm = 1.730991e-05, Beta update rate = 9.756288e-06
Epoch 196800 (3.9%): Train pred MSE = 8.924407e-06, Test pred MSE = 1.790817e-02, Param MSE = 1.847698e-01, Grad norm = 1.727527e-05, Beta update rate = 9.736589e-06
Epoch 197000 (3.9%): Train pred MSE = 8.894623e-06, Test pred MSE = 1.790743e-02, Param MSE = 1.847613e-01, Grad norm = 1.724072e-05, Beta update rate = 9.716945e-06
Epoch 197200 (3.9%): Train pred MSE = 8.864959e-06, Test pred MSE = 1.790670e-02, Param MSE = 1.847529e-01, Grad norm = 1.720627e-05, Beta update rate = 9.697356e-06
Epoch 197400 (3.9%): Train pred MSE = 8.835413e-06, Test pred MSE = 1.790596e-02, Param MSE = 1.847445e-01, Grad norm = 1.717191e-05, Beta update rate = 9.677821e-06
Epoch 197600 (4.0%): Train pred MSE = 8.805985e-06, Test pred MSE = 1.790523e-02, Param MSE = 1.847361e-01, Grad norm = 1.713765e-05, Beta update rate = 9.658341e-06
Epoch 197800 (4.0%): Train pred MSE = 8.776674e-06, Test pred MSE = 1.790450e-02, Param MSE = 1.847277e-01, Grad norm = 1.710348e-05, Beta update rate = 9.638915e-06
Epoch 198000 (4.0%): Train pred MSE = 8.747479e-06, Test pred MSE = 1.790378e-02, Param MSE = 1.847194e-01, Grad norm = 1.706941e-05, Beta update rate = 9.619543e-06
Epoch 198200 (4.0%): Train pred MSE = 8.718401e-06, Test pred MSE = 1.790305e-02, Param MSE = 1.847111e-01, Grad norm = 1.703543e-05, Beta update rate = 9.600224e-06
Epoch 198400 (4.0%): Train pred MSE = 8.689439e-06, Test pred MSE = 1.790233e-02, Param MSE = 1.847028e-01, Grad norm = 1.700154e-05, Beta update rate = 9.580960e-06
Epoch 198600 (4.0%): Train pred MSE = 8.660592e-06, Test pred MSE = 1.790161e-02, Param MSE = 1.846946e-01, Grad norm = 1.696775e-05, Beta update rate = 9.561749e-06
Epoch 198800 (4.0%): Train pred MSE = 8.631859e-06, Test pred MSE = 1.790089e-02, Param MSE = 1.846863e-01, Grad norm = 1.693405e-05, Beta update rate = 9.542591e-06
Epoch 199000 (4.0%): Train pred MSE = 8.603240e-06, Test pred MSE = 1.790017e-02, Param MSE = 1.846781e-01, Grad norm = 1.690044e-05, Beta update rate = 9.523486e-06
Epoch 199200 (4.0%): Train pred MSE = 8.574734e-06, Test pred MSE = 1.789946e-02, Param MSE = 1.846699e-01, Grad norm = 1.686693e-05, Beta update rate = 9.504435e-06
Epoch 199400 (4.0%): Train pred MSE = 8.546342e-06, Test pred MSE = 1.789875e-02, Param MSE = 1.846618e-01, Grad norm = 1.683351e-05, Beta update rate = 9.485436e-06
Epoch 199600 (4.0%): Train pred MSE = 8.518062e-06, Test pred MSE = 1.789804e-02, Param MSE = 1.846536e-01, Grad norm = 1.680017e-05, Beta update rate = 9.466489e-06
Epoch 199800 (4.0%): Train pred MSE = 8.489893e-06, Test pred MSE = 1.789733e-02, Param MSE = 1.846455e-01, Grad norm = 1.676693e-05, Beta update rate = 9.447595e-06
Epoch 200000 (4.0%): Train pred MSE = 8.461836e-06, Test pred MSE = 1.789663e-02, Param MSE = 1.846374e-01, Grad norm = 1.673378e-05, Beta update rate = 9.428753e-06
Epoch 200200 (4.0%): Train pred MSE = 8.433890e-06, Test pred MSE = 1.789592e-02, Param MSE = 1.846293e-01, Grad norm = 1.670073e-05, Beta update rate = 9.409963e-06
Epoch 200400 (4.0%): Train pred MSE = 8.406054e-06, Test pred MSE = 1.789522e-02, Param MSE = 1.846213e-01, Grad norm = 1.666776e-05, Beta update rate = 9.391225e-06
Epoch 200600 (4.0%): Train pred MSE = 8.378328e-06, Test pred MSE = 1.789452e-02, Param MSE = 1.846133e-01, Grad norm = 1.663488e-05, Beta update rate = 9.372539e-06
Epoch 200800 (4.0%): Train pred MSE = 8.350711e-06, Test pred MSE = 1.789383e-02, Param MSE = 1.846053e-01, Grad norm = 1.660209e-05, Beta update rate = 9.353904e-06
Epoch 201000 (4.0%): Train pred MSE = 8.323203e-06, Test pred MSE = 1.789313e-02, Param MSE = 1.845973e-01, Grad norm = 1.656939e-05, Beta update rate = 9.335320e-06
Epoch 201200 (4.0%): Train pred MSE = 8.295803e-06, Test pred MSE = 1.789244e-02, Param MSE = 1.845893e-01, Grad norm = 1.653678e-05, Beta update rate = 9.316788e-06
Epoch 201400 (4.0%): Train pred MSE = 8.268510e-06, Test pred MSE = 1.789175e-02, Param MSE = 1.845814e-01, Grad norm = 1.650426e-05, Beta update rate = 9.298307e-06
Epoch 201600 (4.0%): Train pred MSE = 8.241325e-06, Test pred MSE = 1.789106e-02, Param MSE = 1.845735e-01, Grad norm = 1.647183e-05, Beta update rate = 9.279876e-06
Epoch 201800 (4.0%): Train pred MSE = 8.214247e-06, Test pred MSE = 1.789037e-02, Param MSE = 1.845656e-01, Grad norm = 1.643949e-05, Beta update rate = 9.261496e-06
Epoch 202000 (4.0%): Train pred MSE = 8.187274e-06, Test pred MSE = 1.788969e-02, Param MSE = 1.845578e-01, Grad norm = 1.640723e-05, Beta update rate = 9.243166e-06
Epoch 202200 (4.0%): Train pred MSE = 8.160408e-06, Test pred MSE = 1.788901e-02, Param MSE = 1.845499e-01, Grad norm = 1.637506e-05, Beta update rate = 9.224887e-06
Epoch 202400 (4.0%): Train pred MSE = 8.133647e-06, Test pred MSE = 1.788833e-02, Param MSE = 1.845421e-01, Grad norm = 1.634298e-05, Beta update rate = 9.206657e-06
Epoch 202600 (4.1%): Train pred MSE = 8.106990e-06, Test pred MSE = 1.788765e-02, Param MSE = 1.845343e-01, Grad norm = 1.631099e-05, Beta update rate = 9.188478e-06
Epoch 202800 (4.1%): Train pred MSE = 8.080437e-06, Test pred MSE = 1.788697e-02, Param MSE = 1.845265e-01, Grad norm = 1.627908e-05, Beta update rate = 9.170348e-06
Epoch 203000 (4.1%): Train pred MSE = 8.053989e-06, Test pred MSE = 1.788630e-02, Param MSE = 1.845188e-01, Grad norm = 1.624726e-05, Beta update rate = 9.152268e-06
Epoch 203200 (4.1%): Train pred MSE = 8.027643e-06, Test pred MSE = 1.788563e-02, Param MSE = 1.845111e-01, Grad norm = 1.621553e-05, Beta update rate = 9.134238e-06
Epoch 203400 (4.1%): Train pred MSE = 8.001401e-06, Test pred MSE = 1.788496e-02, Param MSE = 1.845034e-01, Grad norm = 1.618388e-05, Beta update rate = 9.116256e-06
Epoch 203600 (4.1%): Train pred MSE = 7.975260e-06, Test pred MSE = 1.788429e-02, Param MSE = 1.844957e-01, Grad norm = 1.615232e-05, Beta update rate = 9.098324e-06
Epoch 203800 (4.1%): Train pred MSE = 7.949222e-06, Test pred MSE = 1.788362e-02, Param MSE = 1.844880e-01, Grad norm = 1.612084e-05, Beta update rate = 9.080440e-06
Epoch 204000 (4.1%): Train pred MSE = 7.923285e-06, Test pred MSE = 1.788296e-02, Param MSE = 1.844804e-01, Grad norm = 1.608945e-05, Beta update rate = 9.062606e-06
Epoch 204200 (4.1%): Train pred MSE = 7.897448e-06, Test pred MSE = 1.788230e-02, Param MSE = 1.844728e-01, Grad norm = 1.605814e-05, Beta update rate = 9.044819e-06
Epoch 204400 (4.1%): Train pred MSE = 7.871713e-06, Test pred MSE = 1.788164e-02, Param MSE = 1.844652e-01, Grad norm = 1.602692e-05, Beta update rate = 9.027082e-06
Epoch 204600 (4.1%): Train pred MSE = 7.846077e-06, Test pred MSE = 1.788098e-02, Param MSE = 1.844576e-01, Grad norm = 1.599578e-05, Beta update rate = 9.009392e-06
Epoch 204800 (4.1%): Train pred MSE = 7.820540e-06, Test pred MSE = 1.788032e-02, Param MSE = 1.844501e-01, Grad norm = 1.596472e-05, Beta update rate = 8.991751e-06
Epoch 205000 (4.1%): Train pred MSE = 7.795103e-06, Test pred MSE = 1.787967e-02, Param MSE = 1.844425e-01, Grad norm = 1.593375e-05, Beta update rate = 8.974157e-06
Epoch 205200 (4.1%): Train pred MSE = 7.769764e-06, Test pred MSE = 1.787902e-02, Param MSE = 1.844350e-01, Grad norm = 1.590286e-05, Beta update rate = 8.956612e-06
Epoch 205400 (4.1%): Train pred MSE = 7.744523e-06, Test pred MSE = 1.787837e-02, Param MSE = 1.844275e-01, Grad norm = 1.587206e-05, Beta update rate = 8.939113e-06
Epoch 205600 (4.1%): Train pred MSE = 7.719380e-06, Test pred MSE = 1.787772e-02, Param MSE = 1.844201e-01, Grad norm = 1.584134e-05, Beta update rate = 8.921663e-06
Epoch 205800 (4.1%): Train pred MSE = 7.694334e-06, Test pred MSE = 1.787707e-02, Param MSE = 1.844126e-01, Grad norm = 1.581070e-05, Beta update rate = 8.904259e-06
Epoch 206000 (4.1%): Train pred MSE = 7.669385e-06, Test pred MSE = 1.787643e-02, Param MSE = 1.844052e-01, Grad norm = 1.578014e-05, Beta update rate = 8.886903e-06
Epoch 206200 (4.1%): Train pred MSE = 7.644532e-06, Test pred MSE = 1.787579e-02, Param MSE = 1.843978e-01, Grad norm = 1.574966e-05, Beta update rate = 8.869594e-06
Epoch 206400 (4.1%): Train pred MSE = 7.619775e-06, Test pred MSE = 1.787514e-02, Param MSE = 1.843904e-01, Grad norm = 1.571927e-05, Beta update rate = 8.852331e-06
Epoch 206600 (4.1%): Train pred MSE = 7.595114e-06, Test pred MSE = 1.787451e-02, Param MSE = 1.843831e-01, Grad norm = 1.568896e-05, Beta update rate = 8.835115e-06
Epoch 206800 (4.1%): Train pred MSE = 7.570547e-06, Test pred MSE = 1.787387e-02, Param MSE = 1.843757e-01, Grad norm = 1.565873e-05, Beta update rate = 8.817945e-06
Epoch 207000 (4.1%): Train pred MSE = 7.546075e-06, Test pred MSE = 1.787323e-02, Param MSE = 1.843684e-01, Grad norm = 1.562858e-05, Beta update rate = 8.800822e-06
Epoch 207200 (4.1%): Train pred MSE = 7.521697e-06, Test pred MSE = 1.787260e-02, Param MSE = 1.843611e-01, Grad norm = 1.559851e-05, Beta update rate = 8.783745e-06
Epoch 207400 (4.1%): Train pred MSE = 7.497413e-06, Test pred MSE = 1.787197e-02, Param MSE = 1.843538e-01, Grad norm = 1.556852e-05, Beta update rate = 8.766714e-06
Epoch 207600 (4.2%): Train pred MSE = 7.473222e-06, Test pred MSE = 1.787134e-02, Param MSE = 1.843466e-01, Grad norm = 1.553861e-05, Beta update rate = 8.749729e-06
Epoch 207800 (4.2%): Train pred MSE = 7.449124e-06, Test pred MSE = 1.787071e-02, Param MSE = 1.843393e-01, Grad norm = 1.550878e-05, Beta update rate = 8.732789e-06
Epoch 208000 (4.2%): Train pred MSE = 7.425118e-06, Test pred MSE = 1.787009e-02, Param MSE = 1.843321e-01, Grad norm = 1.547903e-05, Beta update rate = 8.715895e-06
Epoch 208200 (4.2%): Train pred MSE = 7.401204e-06, Test pred MSE = 1.786946e-02, Param MSE = 1.843249e-01, Grad norm = 1.544935e-05, Beta update rate = 8.699047e-06
Epoch 208400 (4.2%): Train pred MSE = 7.377382e-06, Test pred MSE = 1.786884e-02, Param MSE = 1.843178e-01, Grad norm = 1.541976e-05, Beta update rate = 8.682243e-06
Epoch 208600 (4.2%): Train pred MSE = 7.353651e-06, Test pred MSE = 1.786822e-02, Param MSE = 1.843106e-01, Grad norm = 1.539025e-05, Beta update rate = 8.665485e-06
Epoch 208800 (4.2%): Train pred MSE = 7.330011e-06, Test pred MSE = 1.786760e-02, Param MSE = 1.843035e-01, Grad norm = 1.536081e-05, Beta update rate = 8.648772e-06
Epoch 209000 (4.2%): Train pred MSE = 7.306461e-06, Test pred MSE = 1.786699e-02, Param MSE = 1.842964e-01, Grad norm = 1.533146e-05, Beta update rate = 8.632103e-06
Epoch 209200 (4.2%): Train pred MSE = 7.283000e-06, Test pred MSE = 1.786637e-02, Param MSE = 1.842893e-01, Grad norm = 1.530218e-05, Beta update rate = 8.615479e-06
Epoch 209400 (4.2%): Train pred MSE = 7.259630e-06, Test pred MSE = 1.786576e-02, Param MSE = 1.842822e-01, Grad norm = 1.527298e-05, Beta update rate = 8.598900e-06
Epoch 209600 (4.2%): Train pred MSE = 7.236348e-06, Test pred MSE = 1.786515e-02, Param MSE = 1.842751e-01, Grad norm = 1.524385e-05, Beta update rate = 8.582364e-06
Epoch 209800 (4.2%): Train pred MSE = 7.213155e-06, Test pred MSE = 1.786454e-02, Param MSE = 1.842681e-01, Grad norm = 1.521481e-05, Beta update rate = 8.565873e-06
Epoch 210000 (4.2%): Train pred MSE = 7.190051e-06, Test pred MSE = 1.786393e-02, Param MSE = 1.842611e-01, Grad norm = 1.518584e-05, Beta update rate = 8.549426e-06
Epoch 210200 (4.2%): Train pred MSE = 7.167034e-06, Test pred MSE = 1.786332e-02, Param MSE = 1.842541e-01, Grad norm = 1.515694e-05, Beta update rate = 8.533023e-06
Epoch 210400 (4.2%): Train pred MSE = 7.144105e-06, Test pred MSE = 1.786272e-02, Param MSE = 1.842471e-01, Grad norm = 1.512813e-05, Beta update rate = 8.516664e-06
Epoch 210600 (4.2%): Train pred MSE = 7.121262e-06, Test pred MSE = 1.786212e-02, Param MSE = 1.842402e-01, Grad norm = 1.509938e-05, Beta update rate = 8.500348e-06
Epoch 210800 (4.2%): Train pred MSE = 7.098507e-06, Test pred MSE = 1.786152e-02, Param MSE = 1.842332e-01, Grad norm = 1.507072e-05, Beta update rate = 8.484076e-06
Epoch 211000 (4.2%): Train pred MSE = 7.075838e-06, Test pred MSE = 1.786092e-02, Param MSE = 1.842263e-01, Grad norm = 1.504213e-05, Beta update rate = 8.467847e-06
Epoch 211200 (4.2%): Train pred MSE = 7.053254e-06, Test pred MSE = 1.786032e-02, Param MSE = 1.842194e-01, Grad norm = 1.501362e-05, Beta update rate = 8.451661e-06
Epoch 211400 (4.2%): Train pred MSE = 7.030756e-06, Test pred MSE = 1.785973e-02, Param MSE = 1.842125e-01, Grad norm = 1.498518e-05, Beta update rate = 8.435518e-06
Epoch 211600 (4.2%): Train pred MSE = 7.008344e-06, Test pred MSE = 1.785913e-02, Param MSE = 1.842057e-01, Grad norm = 1.495681e-05, Beta update rate = 8.419417e-06
Epoch 211800 (4.2%): Train pred MSE = 6.986016e-06, Test pred MSE = 1.785854e-02, Param MSE = 1.841988e-01, Grad norm = 1.492852e-05, Beta update rate = 8.403360e-06
Epoch 212000 (4.2%): Train pred MSE = 6.963772e-06, Test pred MSE = 1.785795e-02, Param MSE = 1.841920e-01, Grad norm = 1.490031e-05, Beta update rate = 8.387345e-06
Epoch 212200 (4.2%): Train pred MSE = 6.941612e-06, Test pred MSE = 1.785736e-02, Param MSE = 1.841852e-01, Grad norm = 1.487217e-05, Beta update rate = 8.371373e-06
Epoch 212400 (4.2%): Train pred MSE = 6.919536e-06, Test pred MSE = 1.785678e-02, Param MSE = 1.841784e-01, Grad norm = 1.484410e-05, Beta update rate = 8.355443e-06
Epoch 212600 (4.3%): Train pred MSE = 6.897543e-06, Test pred MSE = 1.785619e-02, Param MSE = 1.841717e-01, Grad norm = 1.481611e-05, Beta update rate = 8.339555e-06
Epoch 212800 (4.3%): Train pred MSE = 6.875633e-06, Test pred MSE = 1.785561e-02, Param MSE = 1.841649e-01, Grad norm = 1.478819e-05, Beta update rate = 8.323709e-06
Epoch 213000 (4.3%): Train pred MSE = 6.853806e-06, Test pred MSE = 1.785503e-02, Param MSE = 1.841582e-01, Grad norm = 1.476034e-05, Beta update rate = 8.307905e-06
Epoch 213200 (4.3%): Train pred MSE = 6.832060e-06, Test pred MSE = 1.785445e-02, Param MSE = 1.841515e-01, Grad norm = 1.473256e-05, Beta update rate = 8.292142e-06
Epoch 213400 (4.3%): Train pred MSE = 6.810397e-06, Test pred MSE = 1.785387e-02, Param MSE = 1.841448e-01, Grad norm = 1.470486e-05, Beta update rate = 8.276421e-06
Epoch 213600 (4.3%): Train pred MSE = 6.788814e-06, Test pred MSE = 1.785329e-02, Param MSE = 1.841381e-01, Grad norm = 1.467723e-05, Beta update rate = 8.260742e-06
Epoch 213800 (4.3%): Train pred MSE = 6.767313e-06, Test pred MSE = 1.785272e-02, Param MSE = 1.841315e-01, Grad norm = 1.464968e-05, Beta update rate = 8.245104e-06
Epoch 214000 (4.3%): Train pred MSE = 6.745892e-06, Test pred MSE = 1.785214e-02, Param MSE = 1.841248e-01, Grad norm = 1.462219e-05, Beta update rate = 8.229507e-06
Epoch 214200 (4.3%): Train pred MSE = 6.724552e-06, Test pred MSE = 1.785157e-02, Param MSE = 1.841182e-01, Grad norm = 1.459478e-05, Beta update rate = 8.213951e-06
Epoch 214400 (4.3%): Train pred MSE = 6.703291e-06, Test pred MSE = 1.785100e-02, Param MSE = 1.841116e-01, Grad norm = 1.456744e-05, Beta update rate = 8.198436e-06
Epoch 214600 (4.3%): Train pred MSE = 6.682110e-06, Test pred MSE = 1.785044e-02, Param MSE = 1.841050e-01, Grad norm = 1.454017e-05, Beta update rate = 8.182962e-06
Epoch 214800 (4.3%): Train pred MSE = 6.661008e-06, Test pred MSE = 1.784987e-02, Param MSE = 1.840985e-01, Grad norm = 1.451297e-05, Beta update rate = 8.167528e-06
Epoch 215000 (4.3%): Train pred MSE = 6.639985e-06, Test pred MSE = 1.784930e-02, Param MSE = 1.840919e-01, Grad norm = 1.448584e-05, Beta update rate = 8.152135e-06
Epoch 215200 (4.3%): Train pred MSE = 6.619041e-06, Test pred MSE = 1.784874e-02, Param MSE = 1.840854e-01, Grad norm = 1.445878e-05, Beta update rate = 8.136782e-06
Epoch 215400 (4.3%): Train pred MSE = 6.598175e-06, Test pred MSE = 1.784818e-02, Param MSE = 1.840789e-01, Grad norm = 1.443179e-05, Beta update rate = 8.121469e-06
Epoch 215600 (4.3%): Train pred MSE = 6.577386e-06, Test pred MSE = 1.784762e-02, Param MSE = 1.840724e-01, Grad norm = 1.440487e-05, Beta update rate = 8.106197e-06
Epoch 215800 (4.3%): Train pred MSE = 6.556675e-06, Test pred MSE = 1.784706e-02, Param MSE = 1.840659e-01, Grad norm = 1.437802e-05, Beta update rate = 8.090964e-06
Epoch 216000 (4.3%): Train pred MSE = 6.536041e-06, Test pred MSE = 1.784650e-02, Param MSE = 1.840595e-01, Grad norm = 1.435124e-05, Beta update rate = 8.075771e-06
Epoch 216200 (4.3%): Train pred MSE = 6.515484e-06, Test pred MSE = 1.784595e-02, Param MSE = 1.840531e-01, Grad norm = 1.432453e-05, Beta update rate = 8.060618e-06
Epoch 216400 (4.3%): Train pred MSE = 6.495003e-06, Test pred MSE = 1.784539e-02, Param MSE = 1.840466e-01, Grad norm = 1.429789e-05, Beta update rate = 8.045505e-06
Epoch 216600 (4.3%): Train pred MSE = 6.474598e-06, Test pred MSE = 1.784484e-02, Param MSE = 1.840402e-01, Grad norm = 1.427132e-05, Beta update rate = 8.030430e-06
Epoch 216800 (4.3%): Train pred MSE = 6.454269e-06, Test pred MSE = 1.784429e-02, Param MSE = 1.840339e-01, Grad norm = 1.424482e-05, Beta update rate = 8.015395e-06
Epoch 217000 (4.3%): Train pred MSE = 6.434016e-06, Test pred MSE = 1.784374e-02, Param MSE = 1.840275e-01, Grad norm = 1.421838e-05, Beta update rate = 8.000400e-06
Epoch 217200 (4.3%): Train pred MSE = 6.413837e-06, Test pred MSE = 1.784319e-02, Param MSE = 1.840211e-01, Grad norm = 1.419202e-05, Beta update rate = 7.985443e-06
Epoch 217400 (4.3%): Train pred MSE = 6.393734e-06, Test pred MSE = 1.784265e-02, Param MSE = 1.840148e-01, Grad norm = 1.416572e-05, Beta update rate = 7.970525e-06
Epoch 217600 (4.4%): Train pred MSE = 6.373704e-06, Test pred MSE = 1.784210e-02, Param MSE = 1.840085e-01, Grad norm = 1.413949e-05, Beta update rate = 7.955646e-06
Epoch 217800 (4.4%): Train pred MSE = 6.353749e-06, Test pred MSE = 1.784156e-02, Param MSE = 1.840022e-01, Grad norm = 1.411333e-05, Beta update rate = 7.940806e-06
Epoch 218000 (4.4%): Train pred MSE = 6.333867e-06, Test pred MSE = 1.784102e-02, Param MSE = 1.839959e-01, Grad norm = 1.408723e-05, Beta update rate = 7.926004e-06
Epoch 218200 (4.4%): Train pred MSE = 6.314059e-06, Test pred MSE = 1.784048e-02, Param MSE = 1.839896e-01, Grad norm = 1.406120e-05, Beta update rate = 7.911240e-06
Epoch 218400 (4.4%): Train pred MSE = 6.294324e-06, Test pred MSE = 1.783994e-02, Param MSE = 1.839834e-01, Grad norm = 1.403524e-05, Beta update rate = 7.896515e-06
Epoch 218600 (4.4%): Train pred MSE = 6.274662e-06, Test pred MSE = 1.783941e-02, Param MSE = 1.839772e-01, Grad norm = 1.400935e-05, Beta update rate = 7.881828e-06
Epoch 218800 (4.4%): Train pred MSE = 6.255072e-06, Test pred MSE = 1.783887e-02, Param MSE = 1.839710e-01, Grad norm = 1.398352e-05, Beta update rate = 7.867179e-06
Epoch 219000 (4.4%): Train pred MSE = 6.235555e-06, Test pred MSE = 1.783834e-02, Param MSE = 1.839648e-01, Grad norm = 1.395775e-05, Beta update rate = 7.852568e-06
Epoch 219200 (4.4%): Train pred MSE = 6.216109e-06, Test pred MSE = 1.783781e-02, Param MSE = 1.839586e-01, Grad norm = 1.393206e-05, Beta update rate = 7.837994e-06
Epoch 219400 (4.4%): Train pred MSE = 6.196735e-06, Test pred MSE = 1.783727e-02, Param MSE = 1.839524e-01, Grad norm = 1.390643e-05, Beta update rate = 7.823458e-06
Epoch 219600 (4.4%): Train pred MSE = 6.177432e-06, Test pred MSE = 1.783675e-02, Param MSE = 1.839463e-01, Grad norm = 1.388086e-05, Beta update rate = 7.808960e-06
Epoch 219800 (4.4%): Train pred MSE = 6.158200e-06, Test pred MSE = 1.783622e-02, Param MSE = 1.839402e-01, Grad norm = 1.385536e-05, Beta update rate = 7.794499e-06
Epoch 220000 (4.4%): Train pred MSE = 6.139038e-06, Test pred MSE = 1.783569e-02, Param MSE = 1.839340e-01, Grad norm = 1.382993e-05, Beta update rate = 7.780075e-06
Epoch 220200 (4.4%): Train pred MSE = 6.119947e-06, Test pred MSE = 1.783517e-02, Param MSE = 1.839279e-01, Grad norm = 1.380456e-05, Beta update rate = 7.765689e-06
Epoch 220400 (4.4%): Train pred MSE = 6.100925e-06, Test pred MSE = 1.783464e-02, Param MSE = 1.839219e-01, Grad norm = 1.377925e-05, Beta update rate = 7.751339e-06
Epoch 220600 (4.4%): Train pred MSE = 6.081974e-06, Test pred MSE = 1.783412e-02, Param MSE = 1.839158e-01, Grad norm = 1.375401e-05, Beta update rate = 7.737026e-06
Epoch 220800 (4.4%): Train pred MSE = 6.063091e-06, Test pred MSE = 1.783360e-02, Param MSE = 1.839098e-01, Grad norm = 1.372884e-05, Beta update rate = 7.722750e-06
Epoch 221000 (4.4%): Train pred MSE = 6.044278e-06, Test pred MSE = 1.783308e-02, Param MSE = 1.839037e-01, Grad norm = 1.370373e-05, Beta update rate = 7.708511e-06
Epoch 221200 (4.4%): Train pred MSE = 6.025533e-06, Test pred MSE = 1.783257e-02, Param MSE = 1.838977e-01, Grad norm = 1.367868e-05, Beta update rate = 7.694308e-06
Epoch 221400 (4.4%): Train pred MSE = 6.006857e-06, Test pred MSE = 1.783205e-02, Param MSE = 1.838917e-01, Grad norm = 1.365369e-05, Beta update rate = 7.680142e-06
Epoch 221600 (4.4%): Train pred MSE = 5.988249e-06, Test pred MSE = 1.783154e-02, Param MSE = 1.838857e-01, Grad norm = 1.362877e-05, Beta update rate = 7.666012e-06
Epoch 221800 (4.4%): Train pred MSE = 5.969709e-06, Test pred MSE = 1.783102e-02, Param MSE = 1.838798e-01, Grad norm = 1.360391e-05, Beta update rate = 7.651918e-06
Epoch 222000 (4.4%): Train pred MSE = 5.951236e-06, Test pred MSE = 1.783051e-02, Param MSE = 1.838738e-01, Grad norm = 1.357912e-05, Beta update rate = 7.637860e-06
Epoch 222200 (4.4%): Train pred MSE = 5.932831e-06, Test pred MSE = 1.783000e-02, Param MSE = 1.838679e-01, Grad norm = 1.355439e-05, Beta update rate = 7.623838e-06
Epoch 222400 (4.4%): Train pred MSE = 5.914492e-06, Test pred MSE = 1.782949e-02, Param MSE = 1.838620e-01, Grad norm = 1.352972e-05, Beta update rate = 7.609852e-06
Epoch 222600 (4.5%): Train pred MSE = 5.896220e-06, Test pred MSE = 1.782899e-02, Param MSE = 1.838561e-01, Grad norm = 1.350511e-05, Beta update rate = 7.595901e-06
Epoch 222800 (4.5%): Train pred MSE = 5.878015e-06, Test pred MSE = 1.782848e-02, Param MSE = 1.838502e-01, Grad norm = 1.348057e-05, Beta update rate = 7.581987e-06
Epoch 223000 (4.5%): Train pred MSE = 5.859876e-06, Test pred MSE = 1.782798e-02, Param MSE = 1.838443e-01, Grad norm = 1.345608e-05, Beta update rate = 7.568107e-06
Epoch 223200 (4.5%): Train pred MSE = 5.841802e-06, Test pred MSE = 1.782747e-02, Param MSE = 1.838385e-01, Grad norm = 1.343166e-05, Beta update rate = 7.554263e-06
Epoch 223400 (4.5%): Train pred MSE = 5.823794e-06, Test pred MSE = 1.782697e-02, Param MSE = 1.838326e-01, Grad norm = 1.340730e-05, Beta update rate = 7.540454e-06
Epoch 223600 (4.5%): Train pred MSE = 5.805851e-06, Test pred MSE = 1.782647e-02, Param MSE = 1.838268e-01, Grad norm = 1.338301e-05, Beta update rate = 7.526680e-06
Epoch 223800 (4.5%): Train pred MSE = 5.787973e-06, Test pred MSE = 1.782597e-02, Param MSE = 1.838210e-01, Grad norm = 1.335877e-05, Beta update rate = 7.512942e-06
Epoch 224000 (4.5%): Train pred MSE = 5.770160e-06, Test pred MSE = 1.782548e-02, Param MSE = 1.838152e-01, Grad norm = 1.333459e-05, Beta update rate = 7.499238e-06
Epoch 224200 (4.5%): Train pred MSE = 5.752412e-06, Test pred MSE = 1.782498e-02, Param MSE = 1.838094e-01, Grad norm = 1.331048e-05, Beta update rate = 7.485569e-06
Epoch 224400 (4.5%): Train pred MSE = 5.734727e-06, Test pred MSE = 1.782449e-02, Param MSE = 1.838037e-01, Grad norm = 1.328642e-05, Beta update rate = 7.471934e-06
Epoch 224600 (4.5%): Train pred MSE = 5.717106e-06, Test pred MSE = 1.782399e-02, Param MSE = 1.837979e-01, Grad norm = 1.326243e-05, Beta update rate = 7.458334e-06
Epoch 224800 (4.5%): Train pred MSE = 5.699549e-06, Test pred MSE = 1.782350e-02, Param MSE = 1.837922e-01, Grad norm = 1.323850e-05, Beta update rate = 7.444769e-06
Epoch 225000 (4.5%): Train pred MSE = 5.682055e-06, Test pred MSE = 1.782301e-02, Param MSE = 1.837865e-01, Grad norm = 1.321462e-05, Beta update rate = 7.431238e-06
Epoch 225200 (4.5%): Train pred MSE = 5.664624e-06, Test pred MSE = 1.782252e-02, Param MSE = 1.837808e-01, Grad norm = 1.319081e-05, Beta update rate = 7.417741e-06
Epoch 225400 (4.5%): Train pred MSE = 5.647256e-06, Test pred MSE = 1.782203e-02, Param MSE = 1.837751e-01, Grad norm = 1.316706e-05, Beta update rate = 7.404278e-06
Epoch 225600 (4.5%): Train pred MSE = 5.629950e-06, Test pred MSE = 1.782155e-02, Param MSE = 1.837694e-01, Grad norm = 1.314336e-05, Beta update rate = 7.390849e-06
Epoch 225800 (4.5%): Train pred MSE = 5.612707e-06, Test pred MSE = 1.782106e-02, Param MSE = 1.837637e-01, Grad norm = 1.311973e-05, Beta update rate = 7.377454e-06
Epoch 226000 (4.5%): Train pred MSE = 5.595525e-06, Test pred MSE = 1.782058e-02, Param MSE = 1.837581e-01, Grad norm = 1.309615e-05, Beta update rate = 7.364093e-06
Epoch 226200 (4.5%): Train pred MSE = 5.578405e-06, Test pred MSE = 1.782010e-02, Param MSE = 1.837525e-01, Grad norm = 1.307263e-05, Beta update rate = 7.350765e-06
Epoch 226400 (4.5%): Train pred MSE = 5.561347e-06, Test pred MSE = 1.781962e-02, Param MSE = 1.837469e-01, Grad norm = 1.304917e-05, Beta update rate = 7.337471e-06
Epoch 226600 (4.5%): Train pred MSE = 5.544349e-06, Test pred MSE = 1.781914e-02, Param MSE = 1.837413e-01, Grad norm = 1.302577e-05, Beta update rate = 7.324211e-06
Epoch 226800 (4.5%): Train pred MSE = 5.527413e-06, Test pred MSE = 1.781866e-02, Param MSE = 1.837357e-01, Grad norm = 1.300243e-05, Beta update rate = 7.310983e-06
Epoch 227000 (4.5%): Train pred MSE = 5.510537e-06, Test pred MSE = 1.781818e-02, Param MSE = 1.837301e-01, Grad norm = 1.297915e-05, Beta update rate = 7.297789e-06
Epoch 227200 (4.5%): Train pred MSE = 5.493722e-06, Test pred MSE = 1.781770e-02, Param MSE = 1.837246e-01, Grad norm = 1.295592e-05, Beta update rate = 7.284628e-06
Epoch 227400 (4.5%): Train pred MSE = 5.476966e-06, Test pred MSE = 1.781723e-02, Param MSE = 1.837190e-01, Grad norm = 1.293275e-05, Beta update rate = 7.271500e-06
Epoch 227600 (4.6%): Train pred MSE = 5.460271e-06, Test pred MSE = 1.781676e-02, Param MSE = 1.837135e-01, Grad norm = 1.290964e-05, Beta update rate = 7.258405e-06
Epoch 227800 (4.6%): Train pred MSE = 5.443635e-06, Test pred MSE = 1.781629e-02, Param MSE = 1.837080e-01, Grad norm = 1.288659e-05, Beta update rate = 7.245343e-06
Epoch 228000 (4.6%): Train pred MSE = 5.427058e-06, Test pred MSE = 1.781582e-02, Param MSE = 1.837025e-01, Grad norm = 1.286359e-05, Beta update rate = 7.232313e-06
Epoch 228200 (4.6%): Train pred MSE = 5.410541e-06, Test pred MSE = 1.781535e-02, Param MSE = 1.836970e-01, Grad norm = 1.284066e-05, Beta update rate = 7.219316e-06
Epoch 228400 (4.6%): Train pred MSE = 5.394082e-06, Test pred MSE = 1.781488e-02, Param MSE = 1.836916e-01, Grad norm = 1.281777e-05, Beta update rate = 7.206351e-06
Epoch 228600 (4.6%): Train pred MSE = 5.377682e-06, Test pred MSE = 1.781441e-02, Param MSE = 1.836861e-01, Grad norm = 1.279495e-05, Beta update rate = 7.193419e-06
Epoch 228800 (4.6%): Train pred MSE = 5.361340e-06, Test pred MSE = 1.781395e-02, Param MSE = 1.836807e-01, Grad norm = 1.277218e-05, Beta update rate = 7.180519e-06
Epoch 229000 (4.6%): Train pred MSE = 5.345057e-06, Test pred MSE = 1.781348e-02, Param MSE = 1.836753e-01, Grad norm = 1.274947e-05, Beta update rate = 7.167651e-06
Epoch 229200 (4.6%): Train pred MSE = 5.328831e-06, Test pred MSE = 1.781302e-02, Param MSE = 1.836699e-01, Grad norm = 1.272681e-05, Beta update rate = 7.154816e-06
Epoch 229400 (4.6%): Train pred MSE = 5.312663e-06, Test pred MSE = 1.781256e-02, Param MSE = 1.836645e-01, Grad norm = 1.270421e-05, Beta update rate = 7.142012e-06
Epoch 229600 (4.6%): Train pred MSE = 5.296552e-06, Test pred MSE = 1.781210e-02, Param MSE = 1.836591e-01, Grad norm = 1.268166e-05, Beta update rate = 7.129240e-06
Epoch 229800 (4.6%): Train pred MSE = 5.280498e-06, Test pred MSE = 1.781164e-02, Param MSE = 1.836537e-01, Grad norm = 1.265917e-05, Beta update rate = 7.116500e-06
Epoch 230000 (4.6%): Train pred MSE = 5.264501e-06, Test pred MSE = 1.781118e-02, Param MSE = 1.836484e-01, Grad norm = 1.263674e-05, Beta update rate = 7.103791e-06
Epoch 230200 (4.6%): Train pred MSE = 5.248561e-06, Test pred MSE = 1.781072e-02, Param MSE = 1.836430e-01, Grad norm = 1.261436e-05, Beta update rate = 7.091114e-06
Epoch 230400 (4.6%): Train pred MSE = 5.232677e-06, Test pred MSE = 1.781027e-02, Param MSE = 1.836377e-01, Grad norm = 1.259204e-05, Beta update rate = 7.078468e-06
Epoch 230600 (4.6%): Train pred MSE = 5.216850e-06, Test pred MSE = 1.780982e-02, Param MSE = 1.836324e-01, Grad norm = 1.256977e-05, Beta update rate = 7.065854e-06
Epoch 230800 (4.6%): Train pred MSE = 5.201078e-06, Test pred MSE = 1.780936e-02, Param MSE = 1.836271e-01, Grad norm = 1.254755e-05, Beta update rate = 7.053271e-06
Epoch 231000 (4.6%): Train pred MSE = 5.185362e-06, Test pred MSE = 1.780891e-02, Param MSE = 1.836218e-01, Grad norm = 1.252539e-05, Beta update rate = 7.040719e-06
Epoch 231200 (4.6%): Train pred MSE = 5.169701e-06, Test pred MSE = 1.780846e-02, Param MSE = 1.836165e-01, Grad norm = 1.250329e-05, Beta update rate = 7.028198e-06
Epoch 231400 (4.6%): Train pred MSE = 5.154096e-06, Test pred MSE = 1.780801e-02, Param MSE = 1.836113e-01, Grad norm = 1.248124e-05, Beta update rate = 7.015708e-06
Epoch 231600 (4.6%): Train pred MSE = 5.138545e-06, Test pred MSE = 1.780756e-02, Param MSE = 1.836061e-01, Grad norm = 1.245924e-05, Beta update rate = 7.003249e-06
Epoch 231800 (4.6%): Train pred MSE = 5.123049e-06, Test pred MSE = 1.780712e-02, Param MSE = 1.836008e-01, Grad norm = 1.243730e-05, Beta update rate = 6.990820e-06
Epoch 232000 (4.6%): Train pred MSE = 5.107608e-06, Test pred MSE = 1.780667e-02, Param MSE = 1.835956e-01, Grad norm = 1.241541e-05, Beta update rate = 6.978422e-06
Epoch 232200 (4.6%): Train pred MSE = 5.092221e-06, Test pred MSE = 1.780623e-02, Param MSE = 1.835904e-01, Grad norm = 1.239357e-05, Beta update rate = 6.966055e-06
Epoch 232400 (4.6%): Train pred MSE = 5.076888e-06, Test pred MSE = 1.780579e-02, Param MSE = 1.835852e-01, Grad norm = 1.237179e-05, Beta update rate = 6.953718e-06
Epoch 232600 (4.7%): Train pred MSE = 5.061609e-06, Test pred MSE = 1.780534e-02, Param MSE = 1.835801e-01, Grad norm = 1.235006e-05, Beta update rate = 6.941412e-06
Epoch 232800 (4.7%): Train pred MSE = 5.046384e-06, Test pred MSE = 1.780490e-02, Param MSE = 1.835749e-01, Grad norm = 1.232838e-05, Beta update rate = 6.929135e-06
Epoch 233000 (4.7%): Train pred MSE = 5.031212e-06, Test pred MSE = 1.780446e-02, Param MSE = 1.835697e-01, Grad norm = 1.230675e-05, Beta update rate = 6.916889e-06
Epoch 233200 (4.7%): Train pred MSE = 5.016093e-06, Test pred MSE = 1.780403e-02, Param MSE = 1.835646e-01, Grad norm = 1.228518e-05, Beta update rate = 6.904673e-06
Epoch 233400 (4.7%): Train pred MSE = 5.001027e-06, Test pred MSE = 1.780359e-02, Param MSE = 1.835595e-01, Grad norm = 1.226366e-05, Beta update rate = 6.892487e-06
Epoch 233600 (4.7%): Train pred MSE = 4.986014e-06, Test pred MSE = 1.780315e-02, Param MSE = 1.835544e-01, Grad norm = 1.224220e-05, Beta update rate = 6.880331e-06
Epoch 233800 (4.7%): Train pred MSE = 4.971053e-06, Test pred MSE = 1.780272e-02, Param MSE = 1.835493e-01, Grad norm = 1.222078e-05, Beta update rate = 6.868204e-06
Epoch 234000 (4.7%): Train pred MSE = 4.956145e-06, Test pred MSE = 1.780228e-02, Param MSE = 1.835442e-01, Grad norm = 1.219942e-05, Beta update rate = 6.856107e-06
Epoch 234200 (4.7%): Train pred MSE = 4.941288e-06, Test pred MSE = 1.780185e-02, Param MSE = 1.835391e-01, Grad norm = 1.217811e-05, Beta update rate = 6.844040e-06
Epoch 234400 (4.7%): Train pred MSE = 4.926484e-06, Test pred MSE = 1.780142e-02, Param MSE = 1.835341e-01, Grad norm = 1.215685e-05, Beta update rate = 6.832002e-06
Epoch 234600 (4.7%): Train pred MSE = 4.911731e-06, Test pred MSE = 1.780099e-02, Param MSE = 1.835290e-01, Grad norm = 1.213564e-05, Beta update rate = 6.819994e-06
Epoch 234800 (4.7%): Train pred MSE = 4.897029e-06, Test pred MSE = 1.780056e-02, Param MSE = 1.835240e-01, Grad norm = 1.211448e-05, Beta update rate = 6.808014e-06
Epoch 235000 (4.7%): Train pred MSE = 4.882379e-06, Test pred MSE = 1.780014e-02, Param MSE = 1.835190e-01, Grad norm = 1.209338e-05, Beta update rate = 6.796064e-06
Epoch 235200 (4.7%): Train pred MSE = 4.867780e-06, Test pred MSE = 1.779971e-02, Param MSE = 1.835140e-01, Grad norm = 1.207232e-05, Beta update rate = 6.784143e-06
Epoch 235400 (4.7%): Train pred MSE = 4.853231e-06, Test pred MSE = 1.779928e-02, Param MSE = 1.835090e-01, Grad norm = 1.205132e-05, Beta update rate = 6.772252e-06
Epoch 235600 (4.7%): Train pred MSE = 4.838733e-06, Test pred MSE = 1.779886e-02, Param MSE = 1.835040e-01, Grad norm = 1.203036e-05, Beta update rate = 6.760389e-06
Epoch 235800 (4.7%): Train pred MSE = 4.824285e-06, Test pred MSE = 1.779844e-02, Param MSE = 1.834991e-01, Grad norm = 1.200946e-05, Beta update rate = 6.748554e-06
Epoch 236000 (4.7%): Train pred MSE = 4.809888e-06, Test pred MSE = 1.779801e-02, Param MSE = 1.834941e-01, Grad norm = 1.198861e-05, Beta update rate = 6.736749e-06
Epoch 236200 (4.7%): Train pred MSE = 4.795540e-06, Test pred MSE = 1.779759e-02, Param MSE = 1.834892e-01, Grad norm = 1.196781e-05, Beta update rate = 6.724972e-06
Epoch 236400 (4.7%): Train pred MSE = 4.781243e-06, Test pred MSE = 1.779717e-02, Param MSE = 1.834843e-01, Grad norm = 1.194705e-05, Beta update rate = 6.713224e-06
Epoch 236600 (4.7%): Train pred MSE = 4.766994e-06, Test pred MSE = 1.779676e-02, Param MSE = 1.834793e-01, Grad norm = 1.192635e-05, Beta update rate = 6.701504e-06
Epoch 236800 (4.7%): Train pred MSE = 4.752795e-06, Test pred MSE = 1.779634e-02, Param MSE = 1.834744e-01, Grad norm = 1.190570e-05, Beta update rate = 6.689813e-06
Epoch 237000 (4.7%): Train pred MSE = 4.738646e-06, Test pred MSE = 1.779592e-02, Param MSE = 1.834696e-01, Grad norm = 1.188509e-05, Beta update rate = 6.678149e-06
Epoch 237200 (4.7%): Train pred MSE = 4.724545e-06, Test pred MSE = 1.779551e-02, Param MSE = 1.834647e-01, Grad norm = 1.186454e-05, Beta update rate = 6.666514e-06
Epoch 237400 (4.7%): Train pred MSE = 4.710492e-06, Test pred MSE = 1.779509e-02, Param MSE = 1.834598e-01, Grad norm = 1.184404e-05, Beta update rate = 6.654908e-06
Epoch 237600 (4.8%): Train pred MSE = 4.696489e-06, Test pred MSE = 1.779468e-02, Param MSE = 1.834550e-01, Grad norm = 1.182358e-05, Beta update rate = 6.643329e-06
Epoch 237800 (4.8%): Train pred MSE = 4.682533e-06, Test pred MSE = 1.779427e-02, Param MSE = 1.834501e-01, Grad norm = 1.180317e-05, Beta update rate = 6.631778e-06
Epoch 238000 (4.8%): Train pred MSE = 4.668626e-06, Test pred MSE = 1.779386e-02, Param MSE = 1.834453e-01, Grad norm = 1.178282e-05, Beta update rate = 6.620254e-06
Epoch 238200 (4.8%): Train pred MSE = 4.654767e-06, Test pred MSE = 1.779345e-02, Param MSE = 1.834405e-01, Grad norm = 1.176251e-05, Beta update rate = 6.608759e-06
Epoch 238400 (4.8%): Train pred MSE = 4.640955e-06, Test pred MSE = 1.779304e-02, Param MSE = 1.834357e-01, Grad norm = 1.174224e-05, Beta update rate = 6.597291e-06
Epoch 238600 (4.8%): Train pred MSE = 4.627191e-06, Test pred MSE = 1.779263e-02, Param MSE = 1.834309e-01, Grad norm = 1.172203e-05, Beta update rate = 6.585851e-06
Epoch 238800 (4.8%): Train pred MSE = 4.613474e-06, Test pred MSE = 1.779223e-02, Param MSE = 1.834261e-01, Grad norm = 1.170187e-05, Beta update rate = 6.574438e-06
Epoch 239000 (4.8%): Train pred MSE = 4.599804e-06, Test pred MSE = 1.779182e-02, Param MSE = 1.834213e-01, Grad norm = 1.168175e-05, Beta update rate = 6.563053e-06
Epoch 239200 (4.8%): Train pred MSE = 4.586182e-06, Test pred MSE = 1.779142e-02, Param MSE = 1.834166e-01, Grad norm = 1.166168e-05, Beta update rate = 6.551695e-06
Epoch 239400 (4.8%): Train pred MSE = 4.572606e-06, Test pred MSE = 1.779101e-02, Param MSE = 1.834118e-01, Grad norm = 1.164166e-05, Beta update rate = 6.540364e-06
Epoch 239600 (4.8%): Train pred MSE = 4.559076e-06, Test pred MSE = 1.779061e-02, Param MSE = 1.834071e-01, Grad norm = 1.162169e-05, Beta update rate = 6.529061e-06
Epoch 239800 (4.8%): Train pred MSE = 4.545593e-06, Test pred MSE = 1.779021e-02, Param MSE = 1.834024e-01, Grad norm = 1.160176e-05, Beta update rate = 6.517784e-06
Epoch 240000 (4.8%): Train pred MSE = 4.532156e-06, Test pred MSE = 1.778981e-02, Param MSE = 1.833977e-01, Grad norm = 1.158188e-05, Beta update rate = 6.506534e-06
Epoch 240200 (4.8%): Train pred MSE = 4.518766e-06, Test pred MSE = 1.778941e-02, Param MSE = 1.833930e-01, Grad norm = 1.156205e-05, Beta update rate = 6.495311e-06
Epoch 240400 (4.8%): Train pred MSE = 4.505420e-06, Test pred MSE = 1.778901e-02, Param MSE = 1.833883e-01, Grad norm = 1.154226e-05, Beta update rate = 6.484115e-06
Epoch 240600 (4.8%): Train pred MSE = 4.492121e-06, Test pred MSE = 1.778862e-02, Param MSE = 1.833837e-01, Grad norm = 1.152253e-05, Beta update rate = 6.472946e-06
Epoch 240800 (4.8%): Train pred MSE = 4.478867e-06, Test pred MSE = 1.778822e-02, Param MSE = 1.833790e-01, Grad norm = 1.150284e-05, Beta update rate = 6.461803e-06
Epoch 241000 (4.8%): Train pred MSE = 4.465658e-06, Test pred MSE = 1.778783e-02, Param MSE = 1.833743e-01, Grad norm = 1.148319e-05, Beta update rate = 6.450687e-06
Epoch 241200 (4.8%): Train pred MSE = 4.452495e-06, Test pred MSE = 1.778743e-02, Param MSE = 1.833697e-01, Grad norm = 1.146359e-05, Beta update rate = 6.439597e-06
Epoch 241400 (4.8%): Train pred MSE = 4.439376e-06, Test pred MSE = 1.778704e-02, Param MSE = 1.833651e-01, Grad norm = 1.144404e-05, Beta update rate = 6.428534e-06
Epoch 241600 (4.8%): Train pred MSE = 4.426302e-06, Test pred MSE = 1.778665e-02, Param MSE = 1.833605e-01, Grad norm = 1.142453e-05, Beta update rate = 6.417497e-06
Epoch 241800 (4.8%): Train pred MSE = 4.413272e-06, Test pred MSE = 1.778626e-02, Param MSE = 1.833559e-01, Grad norm = 1.140507e-05, Beta update rate = 6.406486e-06
Epoch 242000 (4.8%): Train pred MSE = 4.400287e-06, Test pred MSE = 1.778587e-02, Param MSE = 1.833513e-01, Grad norm = 1.138566e-05, Beta update rate = 6.395501e-06
Epoch 242200 (4.8%): Train pred MSE = 4.387346e-06, Test pred MSE = 1.778548e-02, Param MSE = 1.833467e-01, Grad norm = 1.136629e-05, Beta update rate = 6.384543e-06
Epoch 242400 (4.8%): Train pred MSE = 4.374449e-06, Test pred MSE = 1.778509e-02, Param MSE = 1.833421e-01, Grad norm = 1.134697e-05, Beta update rate = 6.373610e-06
Epoch 242600 (4.9%): Train pred MSE = 4.361595e-06, Test pred MSE = 1.778471e-02, Param MSE = 1.833376e-01, Grad norm = 1.132769e-05, Beta update rate = 6.362703e-06
Epoch 242800 (4.9%): Train pred MSE = 4.348786e-06, Test pred MSE = 1.778432e-02, Param MSE = 1.833330e-01, Grad norm = 1.130845e-05, Beta update rate = 6.351822e-06
Epoch 243000 (4.9%): Train pred MSE = 4.336019e-06, Test pred MSE = 1.778394e-02, Param MSE = 1.833285e-01, Grad norm = 1.128927e-05, Beta update rate = 6.340967e-06
Epoch 243200 (4.9%): Train pred MSE = 4.323296e-06, Test pred MSE = 1.778355e-02, Param MSE = 1.833240e-01, Grad norm = 1.127012e-05, Beta update rate = 6.330137e-06
Epoch 243400 (4.9%): Train pred MSE = 4.310616e-06, Test pred MSE = 1.778317e-02, Param MSE = 1.833195e-01, Grad norm = 1.125102e-05, Beta update rate = 6.319333e-06
Epoch 243600 (4.9%): Train pred MSE = 4.297979e-06, Test pred MSE = 1.778279e-02, Param MSE = 1.833150e-01, Grad norm = 1.123197e-05, Beta update rate = 6.308554e-06
Epoch 243800 (4.9%): Train pred MSE = 4.285385e-06, Test pred MSE = 1.778241e-02, Param MSE = 1.833105e-01, Grad norm = 1.121296e-05, Beta update rate = 6.297801e-06
Epoch 244000 (4.9%): Train pred MSE = 4.272834e-06, Test pred MSE = 1.778203e-02, Param MSE = 1.833060e-01, Grad norm = 1.119400e-05, Beta update rate = 6.287073e-06
Epoch 244200 (4.9%): Train pred MSE = 4.260324e-06, Test pred MSE = 1.778165e-02, Param MSE = 1.833016e-01, Grad norm = 1.117508e-05, Beta update rate = 6.276370e-06
Epoch 244400 (4.9%): Train pred MSE = 4.247857e-06, Test pred MSE = 1.778127e-02, Param MSE = 1.832971e-01, Grad norm = 1.115620e-05, Beta update rate = 6.265692e-06
Epoch 244600 (4.9%): Train pred MSE = 4.235432e-06, Test pred MSE = 1.778090e-02, Param MSE = 1.832927e-01, Grad norm = 1.113737e-05, Beta update rate = 6.255040e-06
Epoch 244800 (4.9%): Train pred MSE = 4.223049e-06, Test pred MSE = 1.778052e-02, Param MSE = 1.832882e-01, Grad norm = 1.111858e-05, Beta update rate = 6.244412e-06
Epoch 245000 (4.9%): Train pred MSE = 4.210708e-06, Test pred MSE = 1.778015e-02, Param MSE = 1.832838e-01, Grad norm = 1.109984e-05, Beta update rate = 6.233810e-06
Epoch 245200 (4.9%): Train pred MSE = 4.198408e-06, Test pred MSE = 1.777978e-02, Param MSE = 1.832794e-01, Grad norm = 1.108113e-05, Beta update rate = 6.223232e-06
Epoch 245400 (4.9%): Train pred MSE = 4.186150e-06, Test pred MSE = 1.777940e-02, Param MSE = 1.832750e-01, Grad norm = 1.106248e-05, Beta update rate = 6.212679e-06
Epoch 245600 (4.9%): Train pred MSE = 4.173933e-06, Test pred MSE = 1.777903e-02, Param MSE = 1.832706e-01, Grad norm = 1.104386e-05, Beta update rate = 6.202151e-06
Epoch 245800 (4.9%): Train pred MSE = 4.161757e-06, Test pred MSE = 1.777866e-02, Param MSE = 1.832663e-01, Grad norm = 1.102529e-05, Beta update rate = 6.191647e-06
Epoch 246000 (4.9%): Train pred MSE = 4.149622e-06, Test pred MSE = 1.777829e-02, Param MSE = 1.832619e-01, Grad norm = 1.100676e-05, Beta update rate = 6.181168e-06
Epoch 246200 (4.9%): Train pred MSE = 4.137527e-06, Test pred MSE = 1.777792e-02, Param MSE = 1.832575e-01, Grad norm = 1.098828e-05, Beta update rate = 6.170713e-06
Epoch 246400 (4.9%): Train pred MSE = 4.125474e-06, Test pred MSE = 1.777756e-02, Param MSE = 1.832532e-01, Grad norm = 1.096983e-05, Beta update rate = 6.160283e-06
Epoch 246600 (4.9%): Train pred MSE = 4.113460e-06, Test pred MSE = 1.777719e-02, Param MSE = 1.832489e-01, Grad norm = 1.095143e-05, Beta update rate = 6.149877e-06
Epoch 246800 (4.9%): Train pred MSE = 4.101487e-06, Test pred MSE = 1.777682e-02, Param MSE = 1.832445e-01, Grad norm = 1.093308e-05, Beta update rate = 6.139495e-06
Epoch 247000 (4.9%): Train pred MSE = 4.089554e-06, Test pred MSE = 1.777646e-02, Param MSE = 1.832402e-01, Grad norm = 1.091476e-05, Beta update rate = 6.129137e-06
Epoch 247200 (4.9%): Train pred MSE = 4.077661e-06, Test pred MSE = 1.777609e-02, Param MSE = 1.832359e-01, Grad norm = 1.089649e-05, Beta update rate = 6.118804e-06
Epoch 247400 (4.9%): Train pred MSE = 4.065808e-06, Test pred MSE = 1.777573e-02, Param MSE = 1.832316e-01, Grad norm = 1.087826e-05, Beta update rate = 6.108494e-06
Epoch 247600 (5.0%): Train pred MSE = 4.053994e-06, Test pred MSE = 1.777537e-02, Param MSE = 1.832274e-01, Grad norm = 1.086007e-05, Beta update rate = 6.098208e-06
Epoch 247800 (5.0%): Train pred MSE = 4.042220e-06, Test pred MSE = 1.777501e-02, Param MSE = 1.832231e-01, Grad norm = 1.084192e-05, Beta update rate = 6.087947e-06
Epoch 248000 (5.0%): Train pred MSE = 4.030485e-06, Test pred MSE = 1.777465e-02, Param MSE = 1.832188e-01, Grad norm = 1.082381e-05, Beta update rate = 6.077709e-06
Epoch 248200 (5.0%): Train pred MSE = 4.018789e-06, Test pred MSE = 1.777429e-02, Param MSE = 1.832146e-01, Grad norm = 1.080575e-05, Beta update rate = 6.067494e-06
Epoch 248400 (5.0%): Train pred MSE = 4.007132e-06, Test pred MSE = 1.777393e-02, Param MSE = 1.832104e-01, Grad norm = 1.078773e-05, Beta update rate = 6.057304e-06
Epoch 248600 (5.0%): Train pred MSE = 3.995514e-06, Test pred MSE = 1.777357e-02, Param MSE = 1.832061e-01, Grad norm = 1.076975e-05, Beta update rate = 6.047137e-06
Epoch 248800 (5.0%): Train pred MSE = 3.983935e-06, Test pred MSE = 1.777322e-02, Param MSE = 1.832019e-01, Grad norm = 1.075181e-05, Beta update rate = 6.036993e-06
Epoch 249000 (5.0%): Train pred MSE = 3.972394e-06, Test pred MSE = 1.777286e-02, Param MSE = 1.831977e-01, Grad norm = 1.073391e-05, Beta update rate = 6.026873e-06
Epoch 249200 (5.0%): Train pred MSE = 3.960892e-06, Test pred MSE = 1.777251e-02, Param MSE = 1.831935e-01, Grad norm = 1.071605e-05, Beta update rate = 6.016776e-06
Epoch 249400 (5.0%): Train pred MSE = 3.949428e-06, Test pred MSE = 1.777216e-02, Param MSE = 1.831893e-01, Grad norm = 1.069823e-05, Beta update rate = 6.006702e-06
Epoch 249600 (5.0%): Train pred MSE = 3.938002e-06, Test pred MSE = 1.777180e-02, Param MSE = 1.831851e-01, Grad norm = 1.068046e-05, Beta update rate = 5.996652e-06
Epoch 249800 (5.0%): Train pred MSE = 3.926613e-06, Test pred MSE = 1.777145e-02, Param MSE = 1.831810e-01, Grad norm = 1.066272e-05, Beta update rate = 5.986625e-06
Epoch 250000 (5.0%): Train pred MSE = 3.915263e-06, Test pred MSE = 1.777110e-02, Param MSE = 1.831768e-01, Grad norm = 1.064503e-05, Beta update rate = 5.976621e-06
Epoch 250200 (5.0%): Train pred MSE = 3.903950e-06, Test pred MSE = 1.777075e-02, Param MSE = 1.831727e-01, Grad norm = 1.062737e-05, Beta update rate = 5.966639e-06
Epoch 250400 (5.0%): Train pred MSE = 3.892675e-06, Test pred MSE = 1.777040e-02, Param MSE = 1.831686e-01, Grad norm = 1.060976e-05, Beta update rate = 5.956681e-06
Epoch 250600 (5.0%): Train pred MSE = 3.881437e-06, Test pred MSE = 1.777005e-02, Param MSE = 1.831644e-01, Grad norm = 1.059218e-05, Beta update rate = 5.946746e-06
Epoch 250800 (5.0%): Train pred MSE = 3.870236e-06, Test pred MSE = 1.776971e-02, Param MSE = 1.831603e-01, Grad norm = 1.057465e-05, Beta update rate = 5.936833e-06
Epoch 251000 (5.0%): Train pred MSE = 3.859073e-06, Test pred MSE = 1.776936e-02, Param MSE = 1.831562e-01, Grad norm = 1.055715e-05, Beta update rate = 5.926943e-06
Epoch 251200 (5.0%): Train pred MSE = 3.847946e-06, Test pred MSE = 1.776901e-02, Param MSE = 1.831521e-01, Grad norm = 1.053970e-05, Beta update rate = 5.917076e-06
Epoch 251400 (5.0%): Train pred MSE = 3.836856e-06, Test pred MSE = 1.776867e-02, Param MSE = 1.831480e-01, Grad norm = 1.052228e-05, Beta update rate = 5.907231e-06
Epoch 251600 (5.0%): Train pred MSE = 3.825803e-06, Test pred MSE = 1.776833e-02, Param MSE = 1.831440e-01, Grad norm = 1.050490e-05, Beta update rate = 5.897409e-06
Epoch 251800 (5.0%): Train pred MSE = 3.814786e-06, Test pred MSE = 1.776798e-02, Param MSE = 1.831399e-01, Grad norm = 1.048757e-05, Beta update rate = 5.887609e-06
Epoch 252000 (5.0%): Train pred MSE = 3.803805e-06, Test pred MSE = 1.776764e-02, Param MSE = 1.831358e-01, Grad norm = 1.047027e-05, Beta update rate = 5.877832e-06
Epoch 252200 (5.0%): Train pred MSE = 3.792861e-06, Test pred MSE = 1.776730e-02, Param MSE = 1.831318e-01, Grad norm = 1.045301e-05, Beta update rate = 5.868076e-06
Epoch 252400 (5.0%): Train pred MSE = 3.781952e-06, Test pred MSE = 1.776696e-02, Param MSE = 1.831278e-01, Grad norm = 1.043579e-05, Beta update rate = 5.858344e-06
Epoch 252600 (5.1%): Train pred MSE = 3.771080e-06, Test pred MSE = 1.776662e-02, Param MSE = 1.831237e-01, Grad norm = 1.041861e-05, Beta update rate = 5.848633e-06
Epoch 252800 (5.1%): Train pred MSE = 3.760243e-06, Test pred MSE = 1.776628e-02, Param MSE = 1.831197e-01, Grad norm = 1.040147e-05, Beta update rate = 5.838944e-06
Epoch 253000 (5.1%): Train pred MSE = 3.749442e-06, Test pred MSE = 1.776595e-02, Param MSE = 1.831157e-01, Grad norm = 1.038436e-05, Beta update rate = 5.829277e-06
Epoch 253200 (5.1%): Train pred MSE = 3.738676e-06, Test pred MSE = 1.776561e-02, Param MSE = 1.831117e-01, Grad norm = 1.036730e-05, Beta update rate = 5.819633e-06
Epoch 253400 (5.1%): Train pred MSE = 3.727946e-06, Test pred MSE = 1.776527e-02, Param MSE = 1.831077e-01, Grad norm = 1.035027e-05, Beta update rate = 5.810010e-06
Epoch 253600 (5.1%): Train pred MSE = 3.717251e-06, Test pred MSE = 1.776494e-02, Param MSE = 1.831038e-01, Grad norm = 1.033329e-05, Beta update rate = 5.800409e-06
Epoch 253800 (5.1%): Train pred MSE = 3.706591e-06, Test pred MSE = 1.776460e-02, Param MSE = 1.830998e-01, Grad norm = 1.031634e-05, Beta update rate = 5.790829e-06
Epoch 254000 (5.1%): Train pred MSE = 3.695966e-06, Test pred MSE = 1.776427e-02, Param MSE = 1.830958e-01, Grad norm = 1.029942e-05, Beta update rate = 5.781272e-06
Epoch 254200 (5.1%): Train pred MSE = 3.685375e-06, Test pred MSE = 1.776394e-02, Param MSE = 1.830919e-01, Grad norm = 1.028255e-05, Beta update rate = 5.771736e-06
Epoch 254400 (5.1%): Train pred MSE = 3.674820e-06, Test pred MSE = 1.776361e-02, Param MSE = 1.830880e-01, Grad norm = 1.026571e-05, Beta update rate = 5.762222e-06
Epoch 254600 (5.1%): Train pred MSE = 3.664298e-06, Test pred MSE = 1.776328e-02, Param MSE = 1.830840e-01, Grad norm = 1.024891e-05, Beta update rate = 5.752729e-06
Epoch 254800 (5.1%): Train pred MSE = 3.653812e-06, Test pred MSE = 1.776295e-02, Param MSE = 1.830801e-01, Grad norm = 1.023215e-05, Beta update rate = 5.743257e-06
Epoch 255000 (5.1%): Train pred MSE = 3.643359e-06, Test pred MSE = 1.776262e-02, Param MSE = 1.830762e-01, Grad norm = 1.021543e-05, Beta update rate = 5.733807e-06
Epoch 255200 (5.1%): Train pred MSE = 3.632941e-06, Test pred MSE = 1.776229e-02, Param MSE = 1.830723e-01, Grad norm = 1.019874e-05, Beta update rate = 5.724378e-06
Epoch 255400 (5.1%): Train pred MSE = 3.622557e-06, Test pred MSE = 1.776196e-02, Param MSE = 1.830684e-01, Grad norm = 1.018210e-05, Beta update rate = 5.714970e-06
Epoch 255600 (5.1%): Train pred MSE = 3.612206e-06, Test pred MSE = 1.776164e-02, Param MSE = 1.830645e-01, Grad norm = 1.016548e-05, Beta update rate = 5.705584e-06
Epoch 255800 (5.1%): Train pred MSE = 3.601889e-06, Test pred MSE = 1.776131e-02, Param MSE = 1.830607e-01, Grad norm = 1.014891e-05, Beta update rate = 5.696219e-06
Epoch 256000 (5.1%): Train pred MSE = 3.591606e-06, Test pred MSE = 1.776099e-02, Param MSE = 1.830568e-01, Grad norm = 1.013237e-05, Beta update rate = 5.686874e-06
Epoch 256200 (5.1%): Train pred MSE = 3.581357e-06, Test pred MSE = 1.776066e-02, Param MSE = 1.830530e-01, Grad norm = 1.011587e-05, Beta update rate = 5.677551e-06
Epoch 256400 (5.1%): Train pred MSE = 3.571140e-06, Test pred MSE = 1.776034e-02, Param MSE = 1.830491e-01, Grad norm = 1.009941e-05, Beta update rate = 5.668248e-06
Epoch 256600 (5.1%): Train pred MSE = 3.560957e-06, Test pred MSE = 1.776002e-02, Param MSE = 1.830453e-01, Grad norm = 1.008298e-05, Beta update rate = 5.658967e-06
Epoch 256800 (5.1%): Train pred MSE = 3.550807e-06, Test pred MSE = 1.775969e-02, Param MSE = 1.830415e-01, Grad norm = 1.006659e-05, Beta update rate = 5.649706e-06
Epoch 257000 (5.1%): Train pred MSE = 3.540690e-06, Test pred MSE = 1.775937e-02, Param MSE = 1.830376e-01, Grad norm = 1.005023e-05, Beta update rate = 5.640466e-06
Epoch 257200 (5.1%): Train pred MSE = 3.530606e-06, Test pred MSE = 1.775905e-02, Param MSE = 1.830338e-01, Grad norm = 1.003391e-05, Beta update rate = 5.631246e-06
Epoch 257400 (5.1%): Train pred MSE = 3.520555e-06, Test pred MSE = 1.775874e-02, Param MSE = 1.830300e-01, Grad norm = 1.001763e-05, Beta update rate = 5.622047e-06
Epoch 257600 (5.2%): Train pred MSE = 3.510536e-06, Test pred MSE = 1.775842e-02, Param MSE = 1.830262e-01, Grad norm = 1.000139e-05, Beta update rate = 5.612869e-06
Epoch 257800 (5.2%): Train pred MSE = 3.500549e-06, Test pred MSE = 1.775810e-02, Param MSE = 1.830225e-01, Grad norm = 9.985175e-06, Beta update rate = 5.603711e-06
Epoch 258000 (5.2%): Train pred MSE = 3.490595e-06, Test pred MSE = 1.775778e-02, Param MSE = 1.830187e-01, Grad norm = 9.969001e-06, Beta update rate = 5.594574e-06
Epoch 258200 (5.2%): Train pred MSE = 3.480673e-06, Test pred MSE = 1.775747e-02, Param MSE = 1.830149e-01, Grad norm = 9.952862e-06, Beta update rate = 5.585457e-06
Epoch 258400 (5.2%): Train pred MSE = 3.470783e-06, Test pred MSE = 1.775715e-02, Param MSE = 1.830112e-01, Grad norm = 9.936758e-06, Beta update rate = 5.576360e-06
Epoch 258600 (5.2%): Train pred MSE = 3.460926e-06, Test pred MSE = 1.775684e-02, Param MSE = 1.830074e-01, Grad norm = 9.920691e-06, Beta update rate = 5.567283e-06
Epoch 258800 (5.2%): Train pred MSE = 3.451100e-06, Test pred MSE = 1.775652e-02, Param MSE = 1.830037e-01, Grad norm = 9.904658e-06, Beta update rate = 5.558227e-06
Epoch 259000 (5.2%): Train pred MSE = 3.441305e-06, Test pred MSE = 1.775621e-02, Param MSE = 1.830000e-01, Grad norm = 9.888661e-06, Beta update rate = 5.549190e-06
Epoch 259200 (5.2%): Train pred MSE = 3.431543e-06, Test pred MSE = 1.775590e-02, Param MSE = 1.829963e-01, Grad norm = 9.872699e-06, Beta update rate = 5.540174e-06
Epoch 259400 (5.2%): Train pred MSE = 3.421811e-06, Test pred MSE = 1.775559e-02, Param MSE = 1.829926e-01, Grad norm = 9.856773e-06, Beta update rate = 5.531178e-06
Epoch 259600 (5.2%): Train pred MSE = 3.412112e-06, Test pred MSE = 1.775528e-02, Param MSE = 1.829889e-01, Grad norm = 9.840881e-06, Beta update rate = 5.522201e-06
Epoch 259800 (5.2%): Train pred MSE = 3.402443e-06, Test pred MSE = 1.775497e-02, Param MSE = 1.829852e-01, Grad norm = 9.825024e-06, Beta update rate = 5.513245e-06
Epoch 260000 (5.2%): Train pred MSE = 3.392806e-06, Test pred MSE = 1.775466e-02, Param MSE = 1.829815e-01, Grad norm = 9.809201e-06, Beta update rate = 5.504308e-06
Epoch 260200 (5.2%): Train pred MSE = 3.383199e-06, Test pred MSE = 1.775435e-02, Param MSE = 1.829778e-01, Grad norm = 9.793414e-06, Beta update rate = 5.495391e-06
Epoch 260400 (5.2%): Train pred MSE = 3.373624e-06, Test pred MSE = 1.775405e-02, Param MSE = 1.829742e-01, Grad norm = 9.777661e-06, Beta update rate = 5.486494e-06
Epoch 260600 (5.2%): Train pred MSE = 3.364079e-06, Test pred MSE = 1.775374e-02, Param MSE = 1.829705e-01, Grad norm = 9.761942e-06, Beta update rate = 5.477616e-06
Epoch 260800 (5.2%): Train pred MSE = 3.354565e-06, Test pred MSE = 1.775343e-02, Param MSE = 1.829669e-01, Grad norm = 9.746258e-06, Beta update rate = 5.468758e-06
Epoch 261000 (5.2%): Train pred MSE = 3.345081e-06, Test pred MSE = 1.775313e-02, Param MSE = 1.829632e-01, Grad norm = 9.730608e-06, Beta update rate = 5.459919e-06
Epoch 261200 (5.2%): Train pred MSE = 3.335628e-06, Test pred MSE = 1.775282e-02, Param MSE = 1.829596e-01, Grad norm = 9.714992e-06, Beta update rate = 5.451100e-06
Epoch 261400 (5.2%): Train pred MSE = 3.326205e-06, Test pred MSE = 1.775252e-02, Param MSE = 1.829560e-01, Grad norm = 9.699411e-06, Beta update rate = 5.442300e-06
Epoch 261600 (5.2%): Train pred MSE = 3.316812e-06, Test pred MSE = 1.775222e-02, Param MSE = 1.829524e-01, Grad norm = 9.683863e-06, Beta update rate = 5.433520e-06
Epoch 261800 (5.2%): Train pred MSE = 3.307450e-06, Test pred MSE = 1.775192e-02, Param MSE = 1.829488e-01, Grad norm = 9.668349e-06, Beta update rate = 5.424758e-06
Epoch 262000 (5.2%): Train pred MSE = 3.298117e-06, Test pred MSE = 1.775162e-02, Param MSE = 1.829452e-01, Grad norm = 9.652869e-06, Beta update rate = 5.416016e-06
Epoch 262200 (5.2%): Train pred MSE = 3.288814e-06, Test pred MSE = 1.775131e-02, Param MSE = 1.829416e-01, Grad norm = 9.637422e-06, Beta update rate = 5.407294e-06
Epoch 262400 (5.2%): Train pred MSE = 3.279541e-06, Test pred MSE = 1.775102e-02, Param MSE = 1.829380e-01, Grad norm = 9.622009e-06, Beta update rate = 5.398590e-06
Epoch 262600 (5.3%): Train pred MSE = 3.270298e-06, Test pred MSE = 1.775072e-02, Param MSE = 1.829344e-01, Grad norm = 9.606630e-06, Beta update rate = 5.389905e-06
Epoch 262800 (5.3%): Train pred MSE = 3.261084e-06, Test pred MSE = 1.775042e-02, Param MSE = 1.829309e-01, Grad norm = 9.591283e-06, Beta update rate = 5.381240e-06
Epoch 263000 (5.3%): Train pred MSE = 3.251900e-06, Test pred MSE = 1.775012e-02, Param MSE = 1.829273e-01, Grad norm = 9.575970e-06, Beta update rate = 5.372593e-06
Epoch 263200 (5.3%): Train pred MSE = 3.242744e-06, Test pred MSE = 1.774982e-02, Param MSE = 1.829238e-01, Grad norm = 9.560691e-06, Beta update rate = 5.363965e-06
Epoch 263400 (5.3%): Train pred MSE = 3.233618e-06, Test pred MSE = 1.774953e-02, Param MSE = 1.829202e-01, Grad norm = 9.545444e-06, Beta update rate = 5.355356e-06
Epoch 263600 (5.3%): Train pred MSE = 3.224522e-06, Test pred MSE = 1.774923e-02, Param MSE = 1.829167e-01, Grad norm = 9.530230e-06, Beta update rate = 5.346766e-06
Epoch 263800 (5.3%): Train pred MSE = 3.215454e-06, Test pred MSE = 1.774894e-02, Param MSE = 1.829132e-01, Grad norm = 9.515049e-06, Beta update rate = 5.338194e-06
Epoch 264000 (5.3%): Train pred MSE = 3.206414e-06, Test pred MSE = 1.774865e-02, Param MSE = 1.829097e-01, Grad norm = 9.499901e-06, Beta update rate = 5.329641e-06
Epoch 264200 (5.3%): Train pred MSE = 3.197404e-06, Test pred MSE = 1.774835e-02, Param MSE = 1.829062e-01, Grad norm = 9.484785e-06, Beta update rate = 5.321107e-06
Epoch 264400 (5.3%): Train pred MSE = 3.188422e-06, Test pred MSE = 1.774806e-02, Param MSE = 1.829027e-01, Grad norm = 9.469702e-06, Beta update rate = 5.312591e-06
Epoch 264600 (5.3%): Train pred MSE = 3.179469e-06, Test pred MSE = 1.774777e-02, Param MSE = 1.828992e-01, Grad norm = 9.454652e-06, Beta update rate = 5.304094e-06
Epoch 264800 (5.3%): Train pred MSE = 3.170545e-06, Test pred MSE = 1.774748e-02, Param MSE = 1.828957e-01, Grad norm = 9.439634e-06, Beta update rate = 5.295615e-06
Epoch 265000 (5.3%): Train pred MSE = 3.161648e-06, Test pred MSE = 1.774719e-02, Param MSE = 1.828923e-01, Grad norm = 9.424648e-06, Beta update rate = 5.287154e-06
Epoch 265200 (5.3%): Train pred MSE = 3.152780e-06, Test pred MSE = 1.774690e-02, Param MSE = 1.828888e-01, Grad norm = 9.409694e-06, Beta update rate = 5.278712e-06
Epoch 265400 (5.3%): Train pred MSE = 3.143940e-06, Test pred MSE = 1.774661e-02, Param MSE = 1.828854e-01, Grad norm = 9.394773e-06, Beta update rate = 5.270288e-06
Epoch 265600 (5.3%): Train pred MSE = 3.135128e-06, Test pred MSE = 1.774632e-02, Param MSE = 1.828819e-01, Grad norm = 9.379883e-06, Beta update rate = 5.261882e-06
Epoch 265800 (5.3%): Train pred MSE = 3.126344e-06, Test pred MSE = 1.774604e-02, Param MSE = 1.828785e-01, Grad norm = 9.365025e-06, Beta update rate = 5.253495e-06
Epoch 266000 (5.3%): Train pred MSE = 3.117587e-06, Test pred MSE = 1.774575e-02, Param MSE = 1.828750e-01, Grad norm = 9.350200e-06, Beta update rate = 5.245126e-06
Epoch 266200 (5.3%): Train pred MSE = 3.108858e-06, Test pred MSE = 1.774546e-02, Param MSE = 1.828716e-01, Grad norm = 9.335405e-06, Beta update rate = 5.236774e-06
Epoch 266400 (5.3%): Train pred MSE = 3.100157e-06, Test pred MSE = 1.774518e-02, Param MSE = 1.828682e-01, Grad norm = 9.320643e-06, Beta update rate = 5.228441e-06
Epoch 266600 (5.3%): Train pred MSE = 3.091484e-06, Test pred MSE = 1.774489e-02, Param MSE = 1.828648e-01, Grad norm = 9.305912e-06, Beta update rate = 5.220125e-06
Epoch 266800 (5.3%): Train pred MSE = 3.082838e-06, Test pred MSE = 1.774461e-02, Param MSE = 1.828614e-01, Grad norm = 9.291212e-06, Beta update rate = 5.211828e-06
Epoch 267000 (5.3%): Train pred MSE = 3.074219e-06, Test pred MSE = 1.774433e-02, Param MSE = 1.828580e-01, Grad norm = 9.276544e-06, Beta update rate = 5.203548e-06
Epoch 267200 (5.3%): Train pred MSE = 3.065627e-06, Test pred MSE = 1.774405e-02, Param MSE = 1.828546e-01, Grad norm = 9.261907e-06, Beta update rate = 5.195286e-06
Epoch 267400 (5.3%): Train pred MSE = 3.057062e-06, Test pred MSE = 1.774376e-02, Param MSE = 1.828513e-01, Grad norm = 9.247302e-06, Beta update rate = 5.187042e-06
Epoch 267600 (5.4%): Train pred MSE = 3.048525e-06, Test pred MSE = 1.774348e-02, Param MSE = 1.828479e-01, Grad norm = 9.232727e-06, Beta update rate = 5.178816e-06
Epoch 267800 (5.4%): Train pred MSE = 3.040014e-06, Test pred MSE = 1.774320e-02, Param MSE = 1.828445e-01, Grad norm = 9.218183e-06, Beta update rate = 5.170607e-06
Epoch 268000 (5.4%): Train pred MSE = 3.031530e-06, Test pred MSE = 1.774292e-02, Param MSE = 1.828412e-01, Grad norm = 9.203670e-06, Beta update rate = 5.162416e-06
Epoch 268200 (5.4%): Train pred MSE = 3.023072e-06, Test pred MSE = 1.774264e-02, Param MSE = 1.828379e-01, Grad norm = 9.189188e-06, Beta update rate = 5.154242e-06
Epoch 268400 (5.4%): Train pred MSE = 3.014642e-06, Test pred MSE = 1.774237e-02, Param MSE = 1.828345e-01, Grad norm = 9.174737e-06, Beta update rate = 5.146086e-06
Epoch 268600 (5.4%): Train pred MSE = 3.006237e-06, Test pred MSE = 1.774209e-02, Param MSE = 1.828312e-01, Grad norm = 9.160316e-06, Beta update rate = 5.137947e-06
Epoch 268800 (5.4%): Train pred MSE = 2.997860e-06, Test pred MSE = 1.774181e-02, Param MSE = 1.828279e-01, Grad norm = 9.145926e-06, Beta update rate = 5.129825e-06
Epoch 269000 (5.4%): Train pred MSE = 2.989508e-06, Test pred MSE = 1.774154e-02, Param MSE = 1.828246e-01, Grad norm = 9.131567e-06, Beta update rate = 5.121721e-06
Epoch 269200 (5.4%): Train pred MSE = 2.981183e-06, Test pred MSE = 1.774126e-02, Param MSE = 1.828213e-01, Grad norm = 9.117237e-06, Beta update rate = 5.113634e-06
Epoch 269400 (5.4%): Train pred MSE = 2.972883e-06, Test pred MSE = 1.774099e-02, Param MSE = 1.828180e-01, Grad norm = 9.102938e-06, Beta update rate = 5.105565e-06
Epoch 269600 (5.4%): Train pred MSE = 2.964610e-06, Test pred MSE = 1.774071e-02, Param MSE = 1.828147e-01, Grad norm = 9.088669e-06, Beta update rate = 5.097512e-06
Epoch 269800 (5.4%): Train pred MSE = 2.956363e-06, Test pred MSE = 1.774044e-02, Param MSE = 1.828114e-01, Grad norm = 9.074431e-06, Beta update rate = 5.089477e-06
Epoch 270000 (5.4%): Train pred MSE = 2.948141e-06, Test pred MSE = 1.774017e-02, Param MSE = 1.828081e-01, Grad norm = 9.060222e-06, Beta update rate = 5.081459e-06
Epoch 270200 (5.4%): Train pred MSE = 2.939945e-06, Test pred MSE = 1.773989e-02, Param MSE = 1.828049e-01, Grad norm = 9.046043e-06, Beta update rate = 5.073458e-06
Epoch 270400 (5.4%): Train pred MSE = 2.931775e-06, Test pred MSE = 1.773962e-02, Param MSE = 1.828016e-01, Grad norm = 9.031894e-06, Beta update rate = 5.065473e-06
Epoch 270600 (5.4%): Train pred MSE = 2.923630e-06, Test pred MSE = 1.773935e-02, Param MSE = 1.827984e-01, Grad norm = 9.017775e-06, Beta update rate = 5.057506e-06
Epoch 270800 (5.4%): Train pred MSE = 2.915511e-06, Test pred MSE = 1.773908e-02, Param MSE = 1.827951e-01, Grad norm = 9.003685e-06, Beta update rate = 5.049556e-06
Epoch 271000 (5.4%): Train pred MSE = 2.907417e-06, Test pred MSE = 1.773881e-02, Param MSE = 1.827919e-01, Grad norm = 8.989625e-06, Beta update rate = 5.041622e-06
Epoch 271200 (5.4%): Train pred MSE = 2.899349e-06, Test pred MSE = 1.773854e-02, Param MSE = 1.827887e-01, Grad norm = 8.975595e-06, Beta update rate = 5.033705e-06
Epoch 271400 (5.4%): Train pred MSE = 2.891305e-06, Test pred MSE = 1.773828e-02, Param MSE = 1.827854e-01, Grad norm = 8.961593e-06, Beta update rate = 5.025805e-06
Epoch 271600 (5.4%): Train pred MSE = 2.883287e-06, Test pred MSE = 1.773801e-02, Param MSE = 1.827822e-01, Grad norm = 8.947622e-06, Beta update rate = 5.017922e-06
Epoch 271800 (5.4%): Train pred MSE = 2.875293e-06, Test pred MSE = 1.773774e-02, Param MSE = 1.827790e-01, Grad norm = 8.933679e-06, Beta update rate = 5.010055e-06
Epoch 272000 (5.4%): Train pred MSE = 2.867325e-06, Test pred MSE = 1.773748e-02, Param MSE = 1.827758e-01, Grad norm = 8.919766e-06, Beta update rate = 5.002205e-06
Epoch 272200 (5.4%): Train pred MSE = 2.859381e-06, Test pred MSE = 1.773721e-02, Param MSE = 1.827726e-01, Grad norm = 8.905881e-06, Beta update rate = 4.994371e-06
Epoch 272400 (5.4%): Train pred MSE = 2.851462e-06, Test pred MSE = 1.773695e-02, Param MSE = 1.827695e-01, Grad norm = 8.892026e-06, Beta update rate = 4.986554e-06
Epoch 272600 (5.5%): Train pred MSE = 2.843568e-06, Test pred MSE = 1.773668e-02, Param MSE = 1.827663e-01, Grad norm = 8.878200e-06, Beta update rate = 4.978753e-06
Epoch 272800 (5.5%): Train pred MSE = 2.835698e-06, Test pred MSE = 1.773642e-02, Param MSE = 1.827631e-01, Grad norm = 8.864402e-06, Beta update rate = 4.970969e-06
Epoch 273000 (5.5%): Train pred MSE = 2.827852e-06, Test pred MSE = 1.773616e-02, Param MSE = 1.827600e-01, Grad norm = 8.850633e-06, Beta update rate = 4.963201e-06
Epoch 273200 (5.5%): Train pred MSE = 2.820031e-06, Test pred MSE = 1.773589e-02, Param MSE = 1.827568e-01, Grad norm = 8.836893e-06, Beta update rate = 4.955449e-06
Epoch 273400 (5.5%): Train pred MSE = 2.812234e-06, Test pred MSE = 1.773563e-02, Param MSE = 1.827537e-01, Grad norm = 8.823181e-06, Beta update rate = 4.947714e-06
Epoch 273600 (5.5%): Train pred MSE = 2.804462e-06, Test pred MSE = 1.773537e-02, Param MSE = 1.827505e-01, Grad norm = 8.809498e-06, Beta update rate = 4.939995e-06
Epoch 273800 (5.5%): Train pred MSE = 2.796713e-06, Test pred MSE = 1.773511e-02, Param MSE = 1.827474e-01, Grad norm = 8.795843e-06, Beta update rate = 4.932292e-06
Epoch 274000 (5.5%): Train pred MSE = 2.788988e-06, Test pred MSE = 1.773485e-02, Param MSE = 1.827443e-01, Grad norm = 8.782217e-06, Beta update rate = 4.924605e-06
Epoch 274200 (5.5%): Train pred MSE = 2.781288e-06, Test pred MSE = 1.773459e-02, Param MSE = 1.827412e-01, Grad norm = 8.768619e-06, Beta update rate = 4.916934e-06
Epoch 274400 (5.5%): Train pred MSE = 2.773611e-06, Test pred MSE = 1.773433e-02, Param MSE = 1.827380e-01, Grad norm = 8.755048e-06, Beta update rate = 4.909279e-06
Epoch 274600 (5.5%): Train pred MSE = 2.765958e-06, Test pred MSE = 1.773408e-02, Param MSE = 1.827349e-01, Grad norm = 8.741507e-06, Beta update rate = 4.901640e-06
Epoch 274800 (5.5%): Train pred MSE = 2.758328e-06, Test pred MSE = 1.773382e-02, Param MSE = 1.827318e-01, Grad norm = 8.727993e-06, Beta update rate = 4.894017e-06
Epoch 275000 (5.5%): Train pred MSE = 2.750722e-06, Test pred MSE = 1.773356e-02, Param MSE = 1.827288e-01, Grad norm = 8.714507e-06, Beta update rate = 4.886410e-06
Epoch 275200 (5.5%): Train pred MSE = 2.743140e-06, Test pred MSE = 1.773331e-02, Param MSE = 1.827257e-01, Grad norm = 8.701048e-06, Beta update rate = 4.878819e-06
Epoch 275400 (5.5%): Train pred MSE = 2.735581e-06, Test pred MSE = 1.773305e-02, Param MSE = 1.827226e-01, Grad norm = 8.687618e-06, Beta update rate = 4.871243e-06
Epoch 275600 (5.5%): Train pred MSE = 2.728045e-06, Test pred MSE = 1.773280e-02, Param MSE = 1.827195e-01, Grad norm = 8.674215e-06, Beta update rate = 4.863684e-06
Epoch 275800 (5.5%): Train pred MSE = 2.720532e-06, Test pred MSE = 1.773254e-02, Param MSE = 1.827165e-01, Grad norm = 8.660840e-06, Beta update rate = 4.856140e-06
Epoch 276000 (5.5%): Train pred MSE = 2.713043e-06, Test pred MSE = 1.773229e-02, Param MSE = 1.827134e-01, Grad norm = 8.647493e-06, Beta update rate = 4.848611e-06
Epoch 276200 (5.5%): Train pred MSE = 2.705577e-06, Test pred MSE = 1.773204e-02, Param MSE = 1.827104e-01, Grad norm = 8.634173e-06, Beta update rate = 4.841098e-06
Epoch 276400 (5.5%): Train pred MSE = 2.698133e-06, Test pred MSE = 1.773179e-02, Param MSE = 1.827073e-01, Grad norm = 8.620880e-06, Beta update rate = 4.833601e-06
Epoch 276600 (5.5%): Train pred MSE = 2.690713e-06, Test pred MSE = 1.773153e-02, Param MSE = 1.827043e-01, Grad norm = 8.607614e-06, Beta update rate = 4.826120e-06
Epoch 276800 (5.5%): Train pred MSE = 2.683315e-06, Test pred MSE = 1.773128e-02, Param MSE = 1.827013e-01, Grad norm = 8.594376e-06, Beta update rate = 4.818653e-06
Epoch 277000 (5.5%): Train pred MSE = 2.675941e-06, Test pred MSE = 1.773103e-02, Param MSE = 1.826983e-01, Grad norm = 8.581165e-06, Beta update rate = 4.811203e-06
Epoch 277200 (5.5%): Train pred MSE = 2.668588e-06, Test pred MSE = 1.773078e-02, Param MSE = 1.826952e-01, Grad norm = 8.567981e-06, Beta update rate = 4.803767e-06
Epoch 277400 (5.5%): Train pred MSE = 2.661259e-06, Test pred MSE = 1.773053e-02, Param MSE = 1.826922e-01, Grad norm = 8.554824e-06, Beta update rate = 4.796347e-06
Epoch 277600 (5.6%): Train pred MSE = 2.653951e-06, Test pred MSE = 1.773029e-02, Param MSE = 1.826892e-01, Grad norm = 8.541694e-06, Beta update rate = 4.788943e-06
Epoch 277800 (5.6%): Train pred MSE = 2.646667e-06, Test pred MSE = 1.773004e-02, Param MSE = 1.826863e-01, Grad norm = 8.528591e-06, Beta update rate = 4.781553e-06
Epoch 278000 (5.6%): Train pred MSE = 2.639404e-06, Test pred MSE = 1.772979e-02, Param MSE = 1.826833e-01, Grad norm = 8.515514e-06, Beta update rate = 4.774179e-06
Epoch 278200 (5.6%): Train pred MSE = 2.632164e-06, Test pred MSE = 1.772954e-02, Param MSE = 1.826803e-01, Grad norm = 8.502464e-06, Beta update rate = 4.766820e-06
Epoch 278400 (5.6%): Train pred MSE = 2.624946e-06, Test pred MSE = 1.772930e-02, Param MSE = 1.826773e-01, Grad norm = 8.489441e-06, Beta update rate = 4.759476e-06
Epoch 278600 (5.6%): Train pred MSE = 2.617750e-06, Test pred MSE = 1.772905e-02, Param MSE = 1.826744e-01, Grad norm = 8.476444e-06, Beta update rate = 4.752147e-06
Epoch 278800 (5.6%): Train pred MSE = 2.610576e-06, Test pred MSE = 1.772881e-02, Param MSE = 1.826714e-01, Grad norm = 8.463474e-06, Beta update rate = 4.744834e-06
Epoch 279000 (5.6%): Train pred MSE = 2.603424e-06, Test pred MSE = 1.772856e-02, Param MSE = 1.826685e-01, Grad norm = 8.450530e-06, Beta update rate = 4.737535e-06
Epoch 279200 (5.6%): Train pred MSE = 2.596294e-06, Test pred MSE = 1.772832e-02, Param MSE = 1.826655e-01, Grad norm = 8.437613e-06, Beta update rate = 4.730251e-06
Epoch 279400 (5.6%): Train pred MSE = 2.589186e-06, Test pred MSE = 1.772808e-02, Param MSE = 1.826626e-01, Grad norm = 8.424721e-06, Beta update rate = 4.722982e-06
Epoch 279600 (5.6%): Train pred MSE = 2.582099e-06, Test pred MSE = 1.772783e-02, Param MSE = 1.826596e-01, Grad norm = 8.411856e-06, Beta update rate = 4.715728e-06
Epoch 279800 (5.6%): Train pred MSE = 2.575034e-06, Test pred MSE = 1.772759e-02, Param MSE = 1.826567e-01, Grad norm = 8.399017e-06, Beta update rate = 4.708489e-06
Epoch 280000 (5.6%): Train pred MSE = 2.567990e-06, Test pred MSE = 1.772735e-02, Param MSE = 1.826538e-01, Grad norm = 8.386204e-06, Beta update rate = 4.701264e-06
Epoch 280200 (5.6%): Train pred MSE = 2.560968e-06, Test pred MSE = 1.772711e-02, Param MSE = 1.826509e-01, Grad norm = 8.373417e-06, Beta update rate = 4.694055e-06
Epoch 280400 (5.6%): Train pred MSE = 2.553968e-06, Test pred MSE = 1.772687e-02, Param MSE = 1.826480e-01, Grad norm = 8.360656e-06, Beta update rate = 4.686860e-06
Epoch 280600 (5.6%): Train pred MSE = 2.546988e-06, Test pred MSE = 1.772663e-02, Param MSE = 1.826451e-01, Grad norm = 8.347920e-06, Beta update rate = 4.679679e-06
Epoch 280800 (5.6%): Train pred MSE = 2.540030e-06, Test pred MSE = 1.772639e-02, Param MSE = 1.826422e-01, Grad norm = 8.335211e-06, Beta update rate = 4.672514e-06
Epoch 281000 (5.6%): Train pred MSE = 2.533093e-06, Test pred MSE = 1.772615e-02, Param MSE = 1.826393e-01, Grad norm = 8.322527e-06, Beta update rate = 4.665363e-06
Epoch 281200 (5.6%): Train pred MSE = 2.526177e-06, Test pred MSE = 1.772591e-02, Param MSE = 1.826364e-01, Grad norm = 8.309868e-06, Beta update rate = 4.658226e-06
Epoch 281400 (5.6%): Train pred MSE = 2.519283e-06, Test pred MSE = 1.772568e-02, Param MSE = 1.826336e-01, Grad norm = 8.297235e-06, Beta update rate = 4.651104e-06
Epoch 281600 (5.6%): Train pred MSE = 2.512409e-06, Test pred MSE = 1.772544e-02, Param MSE = 1.826307e-01, Grad norm = 8.284628e-06, Beta update rate = 4.643997e-06
Epoch 281800 (5.6%): Train pred MSE = 2.505556e-06, Test pred MSE = 1.772520e-02, Param MSE = 1.826278e-01, Grad norm = 8.272046e-06, Beta update rate = 4.636903e-06
Epoch 282000 (5.6%): Train pred MSE = 2.498724e-06, Test pred MSE = 1.772497e-02, Param MSE = 1.826250e-01, Grad norm = 8.259489e-06, Beta update rate = 4.629825e-06
Epoch 282200 (5.6%): Train pred MSE = 2.491912e-06, Test pred MSE = 1.772473e-02, Param MSE = 1.826221e-01, Grad norm = 8.246957e-06, Beta update rate = 4.622760e-06
Epoch 282400 (5.6%): Train pred MSE = 2.485121e-06, Test pred MSE = 1.772450e-02, Param MSE = 1.826193e-01, Grad norm = 8.234451e-06, Beta update rate = 4.615710e-06
Epoch 282600 (5.7%): Train pred MSE = 2.478351e-06, Test pred MSE = 1.772426e-02, Param MSE = 1.826165e-01, Grad norm = 8.221970e-06, Beta update rate = 4.608674e-06
Epoch 282800 (5.7%): Train pred MSE = 2.471601e-06, Test pred MSE = 1.772403e-02, Param MSE = 1.826136e-01, Grad norm = 8.209513e-06, Beta update rate = 4.601652e-06
Epoch 283000 (5.7%): Train pred MSE = 2.464872e-06, Test pred MSE = 1.772380e-02, Param MSE = 1.826108e-01, Grad norm = 8.197082e-06, Beta update rate = 4.594645e-06
Epoch 283200 (5.7%): Train pred MSE = 2.458163e-06, Test pred MSE = 1.772356e-02, Param MSE = 1.826080e-01, Grad norm = 8.184675e-06, Beta update rate = 4.587652e-06
Epoch 283400 (5.7%): Train pred MSE = 2.451474e-06, Test pred MSE = 1.772333e-02, Param MSE = 1.826052e-01, Grad norm = 8.172294e-06, Beta update rate = 4.580672e-06
Epoch 283600 (5.7%): Train pred MSE = 2.444806e-06, Test pred MSE = 1.772310e-02, Param MSE = 1.826024e-01, Grad norm = 8.159937e-06, Beta update rate = 4.573707e-06
Epoch 283800 (5.7%): Train pred MSE = 2.438157e-06, Test pred MSE = 1.772287e-02, Param MSE = 1.825996e-01, Grad norm = 8.147605e-06, Beta update rate = 4.566756e-06
Epoch 284000 (5.7%): Train pred MSE = 2.431529e-06, Test pred MSE = 1.772264e-02, Param MSE = 1.825968e-01, Grad norm = 8.135297e-06, Beta update rate = 4.559819e-06
Epoch 284200 (5.7%): Train pred MSE = 2.424921e-06, Test pred MSE = 1.772241e-02, Param MSE = 1.825940e-01, Grad norm = 8.123014e-06, Beta update rate = 4.552896e-06
Epoch 284400 (5.7%): Train pred MSE = 2.418333e-06, Test pred MSE = 1.772218e-02, Param MSE = 1.825913e-01, Grad norm = 8.110755e-06, Beta update rate = 4.545986e-06
Epoch 284600 (5.7%): Train pred MSE = 2.411764e-06, Test pred MSE = 1.772195e-02, Param MSE = 1.825885e-01, Grad norm = 8.098521e-06, Beta update rate = 4.539091e-06
Epoch 284800 (5.7%): Train pred MSE = 2.405216e-06, Test pred MSE = 1.772173e-02, Param MSE = 1.825857e-01, Grad norm = 8.086311e-06, Beta update rate = 4.532209e-06
Epoch 285000 (5.7%): Train pred MSE = 2.398687e-06, Test pred MSE = 1.772150e-02, Param MSE = 1.825830e-01, Grad norm = 8.074125e-06, Beta update rate = 4.525341e-06
Epoch 285200 (5.7%): Train pred MSE = 2.392177e-06, Test pred MSE = 1.772127e-02, Param MSE = 1.825802e-01, Grad norm = 8.061964e-06, Beta update rate = 4.518487e-06
Epoch 285400 (5.7%): Train pred MSE = 2.385688e-06, Test pred MSE = 1.772104e-02, Param MSE = 1.825775e-01, Grad norm = 8.049826e-06, Beta update rate = 4.511647e-06
Epoch 285600 (5.7%): Train pred MSE = 2.379218e-06, Test pred MSE = 1.772082e-02, Param MSE = 1.825747e-01, Grad norm = 8.037713e-06, Beta update rate = 4.504820e-06
Epoch 285800 (5.7%): Train pred MSE = 2.372767e-06, Test pred MSE = 1.772059e-02, Param MSE = 1.825720e-01, Grad norm = 8.025624e-06, Beta update rate = 4.498007e-06
Epoch 286000 (5.7%): Train pred MSE = 2.366336e-06, Test pred MSE = 1.772037e-02, Param MSE = 1.825693e-01, Grad norm = 8.013559e-06, Beta update rate = 4.491208e-06
Epoch 286200 (5.7%): Train pred MSE = 2.359924e-06, Test pred MSE = 1.772014e-02, Param MSE = 1.825666e-01, Grad norm = 8.001517e-06, Beta update rate = 4.484422e-06
Epoch 286400 (5.7%): Train pred MSE = 2.353531e-06, Test pred MSE = 1.771992e-02, Param MSE = 1.825638e-01, Grad norm = 7.989500e-06, Beta update rate = 4.477649e-06
Epoch 286600 (5.7%): Train pred MSE = 2.347157e-06, Test pred MSE = 1.771970e-02, Param MSE = 1.825611e-01, Grad norm = 7.977506e-06, Beta update rate = 4.470890e-06
Epoch 286800 (5.7%): Train pred MSE = 2.340803e-06, Test pred MSE = 1.771948e-02, Param MSE = 1.825584e-01, Grad norm = 7.965535e-06, Beta update rate = 4.464145e-06
Epoch 287000 (5.7%): Train pred MSE = 2.334467e-06, Test pred MSE = 1.771925e-02, Param MSE = 1.825557e-01, Grad norm = 7.953589e-06, Beta update rate = 4.457413e-06
Epoch 287200 (5.7%): Train pred MSE = 2.328151e-06, Test pred MSE = 1.771903e-02, Param MSE = 1.825531e-01, Grad norm = 7.941666e-06, Beta update rate = 4.450694e-06
Epoch 287400 (5.7%): Train pred MSE = 2.321854e-06, Test pred MSE = 1.771881e-02, Param MSE = 1.825504e-01, Grad norm = 7.929766e-06, Beta update rate = 4.443989e-06
Epoch 287600 (5.8%): Train pred MSE = 2.315575e-06, Test pred MSE = 1.771859e-02, Param MSE = 1.825477e-01, Grad norm = 7.917890e-06, Beta update rate = 4.437297e-06
Epoch 287800 (5.8%): Train pred MSE = 2.309315e-06, Test pred MSE = 1.771837e-02, Param MSE = 1.825450e-01, Grad norm = 7.906037e-06, Beta update rate = 4.430618e-06
Epoch 288000 (5.8%): Train pred MSE = 2.303074e-06, Test pred MSE = 1.771815e-02, Param MSE = 1.825423e-01, Grad norm = 7.894208e-06, Beta update rate = 4.423952e-06
Epoch 288200 (5.8%): Train pred MSE = 2.296851e-06, Test pred MSE = 1.771793e-02, Param MSE = 1.825397e-01, Grad norm = 7.882401e-06, Beta update rate = 4.417300e-06
Epoch 288400 (5.8%): Train pred MSE = 2.290648e-06, Test pred MSE = 1.771771e-02, Param MSE = 1.825370e-01, Grad norm = 7.870618e-06, Beta update rate = 4.410661e-06
Epoch 288600 (5.8%): Train pred MSE = 2.284462e-06, Test pred MSE = 1.771750e-02, Param MSE = 1.825344e-01, Grad norm = 7.858858e-06, Beta update rate = 4.404035e-06
Epoch 288800 (5.8%): Train pred MSE = 2.278295e-06, Test pred MSE = 1.771728e-02, Param MSE = 1.825317e-01, Grad norm = 7.847121e-06, Beta update rate = 4.397422e-06
Epoch 289000 (5.8%): Train pred MSE = 2.272147e-06, Test pred MSE = 1.771706e-02, Param MSE = 1.825291e-01, Grad norm = 7.835407e-06, Beta update rate = 4.390822e-06
Epoch 289200 (5.8%): Train pred MSE = 2.266017e-06, Test pred MSE = 1.771684e-02, Param MSE = 1.825265e-01, Grad norm = 7.823716e-06, Beta update rate = 4.384235e-06
Epoch 289400 (5.8%): Train pred MSE = 2.259905e-06, Test pred MSE = 1.771663e-02, Param MSE = 1.825238e-01, Grad norm = 7.812047e-06, Beta update rate = 4.377661e-06
Epoch 289600 (5.8%): Train pred MSE = 2.253811e-06, Test pred MSE = 1.771641e-02, Param MSE = 1.825212e-01, Grad norm = 7.800402e-06, Beta update rate = 4.371100e-06
Epoch 289800 (5.8%): Train pred MSE = 2.247736e-06, Test pred MSE = 1.771620e-02, Param MSE = 1.825186e-01, Grad norm = 7.788779e-06, Beta update rate = 4.364552e-06
Epoch 290000 (5.8%): Train pred MSE = 2.241678e-06, Test pred MSE = 1.771598e-02, Param MSE = 1.825160e-01, Grad norm = 7.777179e-06, Beta update rate = 4.358017e-06
Epoch 290200 (5.8%): Train pred MSE = 2.235639e-06, Test pred MSE = 1.771577e-02, Param MSE = 1.825134e-01, Grad norm = 7.765601e-06, Beta update rate = 4.351494e-06
Epoch 290400 (5.8%): Train pred MSE = 2.229618e-06, Test pred MSE = 1.771556e-02, Param MSE = 1.825108e-01, Grad norm = 7.754046e-06, Beta update rate = 4.344985e-06
Epoch 290600 (5.8%): Train pred MSE = 2.223614e-06, Test pred MSE = 1.771534e-02, Param MSE = 1.825082e-01, Grad norm = 7.742514e-06, Beta update rate = 4.338488e-06
Epoch 290800 (5.8%): Train pred MSE = 2.217628e-06, Test pred MSE = 1.771513e-02, Param MSE = 1.825056e-01, Grad norm = 7.731004e-06, Beta update rate = 4.332004e-06
Epoch 291000 (5.8%): Train pred MSE = 2.211660e-06, Test pred MSE = 1.771492e-02, Param MSE = 1.825031e-01, Grad norm = 7.719516e-06, Beta update rate = 4.325532e-06
Epoch 291200 (5.8%): Train pred MSE = 2.205710e-06, Test pred MSE = 1.771471e-02, Param MSE = 1.825005e-01, Grad norm = 7.708051e-06, Beta update rate = 4.319073e-06
Epoch 291400 (5.8%): Train pred MSE = 2.199778e-06, Test pred MSE = 1.771450e-02, Param MSE = 1.824979e-01, Grad norm = 7.696607e-06, Beta update rate = 4.312627e-06
Epoch 291600 (5.8%): Train pred MSE = 2.193863e-06, Test pred MSE = 1.771429e-02, Param MSE = 1.824953e-01, Grad norm = 7.685186e-06, Beta update rate = 4.306194e-06
Epoch 291800 (5.8%): Train pred MSE = 2.187965e-06, Test pred MSE = 1.771408e-02, Param MSE = 1.824928e-01, Grad norm = 7.673788e-06, Beta update rate = 4.299773e-06
Epoch 292000 (5.8%): Train pred MSE = 2.182086e-06, Test pred MSE = 1.771387e-02, Param MSE = 1.824902e-01, Grad norm = 7.662411e-06, Beta update rate = 4.293364e-06
Epoch 292200 (5.8%): Train pred MSE = 2.176223e-06, Test pred MSE = 1.771366e-02, Param MSE = 1.824877e-01, Grad norm = 7.651056e-06, Beta update rate = 4.286968e-06
Epoch 292400 (5.8%): Train pred MSE = 2.170378e-06, Test pred MSE = 1.771345e-02, Param MSE = 1.824852e-01, Grad norm = 7.639723e-06, Beta update rate = 4.280585e-06
Epoch 292600 (5.9%): Train pred MSE = 2.164550e-06, Test pred MSE = 1.771324e-02, Param MSE = 1.824826e-01, Grad norm = 7.628412e-06, Beta update rate = 4.274214e-06
Epoch 292800 (5.9%): Train pred MSE = 2.158740e-06, Test pred MSE = 1.771304e-02, Param MSE = 1.824801e-01, Grad norm = 7.617123e-06, Beta update rate = 4.267855e-06
Epoch 293000 (5.9%): Train pred MSE = 2.152946e-06, Test pred MSE = 1.771283e-02, Param MSE = 1.824776e-01, Grad norm = 7.605855e-06, Beta update rate = 4.261509e-06
Epoch 293200 (5.9%): Train pred MSE = 2.147170e-06, Test pred MSE = 1.771262e-02, Param MSE = 1.824751e-01, Grad norm = 7.594609e-06, Beta update rate = 4.255175e-06
Epoch 293400 (5.9%): Train pred MSE = 2.141411e-06, Test pred MSE = 1.771242e-02, Param MSE = 1.824725e-01, Grad norm = 7.583385e-06, Beta update rate = 4.248853e-06
Epoch 293600 (5.9%): Train pred MSE = 2.135668e-06, Test pred MSE = 1.771221e-02, Param MSE = 1.824700e-01, Grad norm = 7.572183e-06, Beta update rate = 4.242544e-06
Epoch 293800 (5.9%): Train pred MSE = 2.129943e-06, Test pred MSE = 1.771201e-02, Param MSE = 1.824675e-01, Grad norm = 7.561002e-06, Beta update rate = 4.236246e-06
Epoch 294000 (5.9%): Train pred MSE = 2.124235e-06, Test pred MSE = 1.771180e-02, Param MSE = 1.824650e-01, Grad norm = 7.549842e-06, Beta update rate = 4.229961e-06
Epoch 294200 (5.9%): Train pred MSE = 2.118543e-06, Test pred MSE = 1.771160e-02, Param MSE = 1.824625e-01, Grad norm = 7.538704e-06, Beta update rate = 4.223688e-06
Epoch 294400 (5.9%): Train pred MSE = 2.112868e-06, Test pred MSE = 1.771139e-02, Param MSE = 1.824601e-01, Grad norm = 7.527587e-06, Beta update rate = 4.217428e-06
Epoch 294600 (5.9%): Train pred MSE = 2.107210e-06, Test pred MSE = 1.771119e-02, Param MSE = 1.824576e-01, Grad norm = 7.516492e-06, Beta update rate = 4.211179e-06
Epoch 294800 (5.9%): Train pred MSE = 2.101569e-06, Test pred MSE = 1.771099e-02, Param MSE = 1.824551e-01, Grad norm = 7.505418e-06, Beta update rate = 4.204942e-06
Epoch 295000 (5.9%): Train pred MSE = 2.095944e-06, Test pred MSE = 1.771078e-02, Param MSE = 1.824526e-01, Grad norm = 7.494365e-06, Beta update rate = 4.198718e-06
Epoch 295200 (5.9%): Train pred MSE = 2.090336e-06, Test pred MSE = 1.771058e-02, Param MSE = 1.824502e-01, Grad norm = 7.483333e-06, Beta update rate = 4.192505e-06
Epoch 295400 (5.9%): Train pred MSE = 2.084744e-06, Test pred MSE = 1.771038e-02, Param MSE = 1.824477e-01, Grad norm = 7.472322e-06, Beta update rate = 4.186305e-06
Epoch 295600 (5.9%): Train pred MSE = 2.079169e-06, Test pred MSE = 1.771018e-02, Param MSE = 1.824453e-01, Grad norm = 7.461332e-06, Beta update rate = 4.180116e-06
Epoch 295800 (5.9%): Train pred MSE = 2.073610e-06, Test pred MSE = 1.770998e-02, Param MSE = 1.824428e-01, Grad norm = 7.450363e-06, Beta update rate = 4.173939e-06
Epoch 296000 (5.9%): Train pred MSE = 2.068068e-06, Test pred MSE = 1.770978e-02, Param MSE = 1.824404e-01, Grad norm = 7.439416e-06, Beta update rate = 4.167774e-06
Epoch 296200 (5.9%): Train pred MSE = 2.062541e-06, Test pred MSE = 1.770958e-02, Param MSE = 1.824379e-01, Grad norm = 7.428489e-06, Beta update rate = 4.161621e-06
Epoch 296400 (5.9%): Train pred MSE = 2.057031e-06, Test pred MSE = 1.770938e-02, Param MSE = 1.824355e-01, Grad norm = 7.417582e-06, Beta update rate = 4.155480e-06
Epoch 296600 (5.9%): Train pred MSE = 2.051537e-06, Test pred MSE = 1.770918e-02, Param MSE = 1.824331e-01, Grad norm = 7.406697e-06, Beta update rate = 4.149350e-06
Epoch 296800 (5.9%): Train pred MSE = 2.046059e-06, Test pred MSE = 1.770899e-02, Param MSE = 1.824307e-01, Grad norm = 7.395832e-06, Beta update rate = 4.143232e-06
Epoch 297000 (5.9%): Train pred MSE = 2.040598e-06, Test pred MSE = 1.770879e-02, Param MSE = 1.824283e-01, Grad norm = 7.384988e-06, Beta update rate = 4.137126e-06
Epoch 297200 (5.9%): Train pred MSE = 2.035152e-06, Test pred MSE = 1.770859e-02, Param MSE = 1.824258e-01, Grad norm = 7.374164e-06, Beta update rate = 4.131032e-06
Epoch 297400 (5.9%): Train pred MSE = 2.029722e-06, Test pred MSE = 1.770840e-02, Param MSE = 1.824234e-01, Grad norm = 7.363361e-06, Beta update rate = 4.124949e-06
Epoch 297600 (6.0%): Train pred MSE = 2.024308e-06, Test pred MSE = 1.770820e-02, Param MSE = 1.824210e-01, Grad norm = 7.352578e-06, Beta update rate = 4.118878e-06
Epoch 297800 (6.0%): Train pred MSE = 2.018910e-06, Test pred MSE = 1.770800e-02, Param MSE = 1.824186e-01, Grad norm = 7.341816e-06, Beta update rate = 4.112819e-06
Epoch 298000 (6.0%): Train pred MSE = 2.013528e-06, Test pred MSE = 1.770781e-02, Param MSE = 1.824163e-01, Grad norm = 7.331074e-06, Beta update rate = 4.106771e-06
Epoch 298200 (6.0%): Train pred MSE = 2.008161e-06, Test pred MSE = 1.770761e-02, Param MSE = 1.824139e-01, Grad norm = 7.320353e-06, Beta update rate = 4.100734e-06
Epoch 298400 (6.0%): Train pred MSE = 2.002810e-06, Test pred MSE = 1.770742e-02, Param MSE = 1.824115e-01, Grad norm = 7.309651e-06, Beta update rate = 4.094709e-06
Epoch 298600 (6.0%): Train pred MSE = 1.997475e-06, Test pred MSE = 1.770722e-02, Param MSE = 1.824091e-01, Grad norm = 7.298970e-06, Beta update rate = 4.088696e-06
Epoch 298800 (6.0%): Train pred MSE = 1.992156e-06, Test pred MSE = 1.770703e-02, Param MSE = 1.824068e-01, Grad norm = 7.288309e-06, Beta update rate = 4.082694e-06
Epoch 299000 (6.0%): Train pred MSE = 1.986851e-06, Test pred MSE = 1.770684e-02, Param MSE = 1.824044e-01, Grad norm = 7.277668e-06, Beta update rate = 4.076703e-06
Epoch 299200 (6.0%): Train pred MSE = 1.981563e-06, Test pred MSE = 1.770665e-02, Param MSE = 1.824020e-01, Grad norm = 7.267048e-06, Beta update rate = 4.070724e-06
Epoch 299400 (6.0%): Train pred MSE = 1.976290e-06, Test pred MSE = 1.770645e-02, Param MSE = 1.823997e-01, Grad norm = 7.256447e-06, Beta update rate = 4.064756e-06
Epoch 299600 (6.0%): Train pred MSE = 1.971032e-06, Test pred MSE = 1.770626e-02, Param MSE = 1.823973e-01, Grad norm = 7.245866e-06, Beta update rate = 4.058799e-06
Epoch 299800 (6.0%): Train pred MSE = 1.965789e-06, Test pred MSE = 1.770607e-02, Param MSE = 1.823950e-01, Grad norm = 7.235305e-06, Beta update rate = 4.052854e-06
Epoch 300000 (6.0%): Train pred MSE = 1.960562e-06, Test pred MSE = 1.770588e-02, Param MSE = 1.823927e-01, Grad norm = 7.224764e-06, Beta update rate = 4.046920e-06
Epoch 300200 (6.0%): Train pred MSE = 1.955350e-06, Test pred MSE = 1.770569e-02, Param MSE = 1.823903e-01, Grad norm = 7.214242e-06, Beta update rate = 4.040997e-06
Epoch 300400 (6.0%): Train pred MSE = 1.950153e-06, Test pred MSE = 1.770550e-02, Param MSE = 1.823880e-01, Grad norm = 7.203741e-06, Beta update rate = 4.035085e-06
Epoch 300600 (6.0%): Train pred MSE = 1.944971e-06, Test pred MSE = 1.770531e-02, Param MSE = 1.823857e-01, Grad norm = 7.193259e-06, Beta update rate = 4.029184e-06
Epoch 300800 (6.0%): Train pred MSE = 1.939804e-06, Test pred MSE = 1.770512e-02, Param MSE = 1.823834e-01, Grad norm = 7.182796e-06, Beta update rate = 4.023295e-06
Epoch 301000 (6.0%): Train pred MSE = 1.934653e-06, Test pred MSE = 1.770493e-02, Param MSE = 1.823810e-01, Grad norm = 7.172354e-06, Beta update rate = 4.017417e-06
Epoch 301200 (6.0%): Train pred MSE = 1.929516e-06, Test pred MSE = 1.770474e-02, Param MSE = 1.823787e-01, Grad norm = 7.161930e-06, Beta update rate = 4.011550e-06
Epoch 301400 (6.0%): Train pred MSE = 1.924394e-06, Test pred MSE = 1.770456e-02, Param MSE = 1.823764e-01, Grad norm = 7.151527e-06, Beta update rate = 4.005693e-06
Epoch 301600 (6.0%): Train pred MSE = 1.919287e-06, Test pred MSE = 1.770437e-02, Param MSE = 1.823741e-01, Grad norm = 7.141142e-06, Beta update rate = 3.999848e-06
Epoch 301800 (6.0%): Train pred MSE = 1.914195e-06, Test pred MSE = 1.770418e-02, Param MSE = 1.823718e-01, Grad norm = 7.130777e-06, Beta update rate = 3.994014e-06
Epoch 302000 (6.0%): Train pred MSE = 1.909118e-06, Test pred MSE = 1.770400e-02, Param MSE = 1.823696e-01, Grad norm = 7.120432e-06, Beta update rate = 3.988191e-06
Epoch 302200 (6.0%): Train pred MSE = 1.904055e-06, Test pred MSE = 1.770381e-02, Param MSE = 1.823673e-01, Grad norm = 7.110105e-06, Beta update rate = 3.982379e-06
Epoch 302400 (6.0%): Train pred MSE = 1.899007e-06, Test pred MSE = 1.770362e-02, Param MSE = 1.823650e-01, Grad norm = 7.099798e-06, Beta update rate = 3.976577e-06
Epoch 302600 (6.1%): Train pred MSE = 1.893974e-06, Test pred MSE = 1.770344e-02, Param MSE = 1.823627e-01, Grad norm = 7.089510e-06, Beta update rate = 3.970787e-06
Epoch 302800 (6.1%): Train pred MSE = 1.888955e-06, Test pred MSE = 1.770325e-02, Param MSE = 1.823604e-01, Grad norm = 7.079241e-06, Beta update rate = 3.965007e-06
Epoch 303000 (6.1%): Train pred MSE = 1.883951e-06, Test pred MSE = 1.770307e-02, Param MSE = 1.823582e-01, Grad norm = 7.068991e-06, Beta update rate = 3.959238e-06
Epoch 303200 (6.1%): Train pred MSE = 1.878961e-06, Test pred MSE = 1.770289e-02, Param MSE = 1.823559e-01, Grad norm = 7.058760e-06, Beta update rate = 3.953480e-06
Epoch 303400 (6.1%): Train pred MSE = 1.873985e-06, Test pred MSE = 1.770270e-02, Param MSE = 1.823537e-01, Grad norm = 7.048549e-06, Beta update rate = 3.947733e-06
Epoch 303600 (6.1%): Train pred MSE = 1.869025e-06, Test pred MSE = 1.770252e-02, Param MSE = 1.823514e-01, Grad norm = 7.038356e-06, Beta update rate = 3.941997e-06
Epoch 303800 (6.1%): Train pred MSE = 1.864078e-06, Test pred MSE = 1.770234e-02, Param MSE = 1.823492e-01, Grad norm = 7.028182e-06, Beta update rate = 3.936271e-06
Epoch 304000 (6.1%): Train pred MSE = 1.859146e-06, Test pred MSE = 1.770215e-02, Param MSE = 1.823469e-01, Grad norm = 7.018027e-06, Beta update rate = 3.930556e-06
Epoch 304200 (6.1%): Train pred MSE = 1.854227e-06, Test pred MSE = 1.770197e-02, Param MSE = 1.823447e-01, Grad norm = 7.007890e-06, Beta update rate = 3.924851e-06
Epoch 304400 (6.1%): Train pred MSE = 1.849324e-06, Test pred MSE = 1.770179e-02, Param MSE = 1.823425e-01, Grad norm = 6.997773e-06, Beta update rate = 3.919157e-06
Epoch 304600 (6.1%): Train pred MSE = 1.844434e-06, Test pred MSE = 1.770161e-02, Param MSE = 1.823403e-01, Grad norm = 6.987674e-06, Beta update rate = 3.913474e-06
Epoch 304800 (6.1%): Train pred MSE = 1.839558e-06, Test pred MSE = 1.770143e-02, Param MSE = 1.823380e-01, Grad norm = 6.977593e-06, Beta update rate = 3.907801e-06
Epoch 305000 (6.1%): Train pred MSE = 1.834697e-06, Test pred MSE = 1.770125e-02, Param MSE = 1.823358e-01, Grad norm = 6.967532e-06, Beta update rate = 3.902139e-06
Epoch 305200 (6.1%): Train pred MSE = 1.829849e-06, Test pred MSE = 1.770107e-02, Param MSE = 1.823336e-01, Grad norm = 6.957488e-06, Beta update rate = 3.896488e-06
Epoch 305400 (6.1%): Train pred MSE = 1.825015e-06, Test pred MSE = 1.770089e-02, Param MSE = 1.823314e-01, Grad norm = 6.947464e-06, Beta update rate = 3.890846e-06
Epoch 305600 (6.1%): Train pred MSE = 1.820196e-06, Test pred MSE = 1.770071e-02, Param MSE = 1.823292e-01, Grad norm = 6.937457e-06, Beta update rate = 3.885216e-06
Epoch 305800 (6.1%): Train pred MSE = 1.815390e-06, Test pred MSE = 1.770053e-02, Param MSE = 1.823270e-01, Grad norm = 6.927469e-06, Beta update rate = 3.879595e-06
Epoch 306000 (6.1%): Train pred MSE = 1.810598e-06, Test pred MSE = 1.770035e-02, Param MSE = 1.823248e-01, Grad norm = 6.917500e-06, Beta update rate = 3.873986e-06
Epoch 306200 (6.1%): Train pred MSE = 1.805819e-06, Test pred MSE = 1.770018e-02, Param MSE = 1.823226e-01, Grad norm = 6.907549e-06, Beta update rate = 3.868386e-06
Epoch 306400 (6.1%): Train pred MSE = 1.801055e-06, Test pred MSE = 1.770000e-02, Param MSE = 1.823204e-01, Grad norm = 6.897616e-06, Beta update rate = 3.862797e-06
Epoch 306600 (6.1%): Train pred MSE = 1.796304e-06, Test pred MSE = 1.769982e-02, Param MSE = 1.823183e-01, Grad norm = 6.887701e-06, Beta update rate = 3.857218e-06
Epoch 306800 (6.1%): Train pred MSE = 1.791567e-06, Test pred MSE = 1.769965e-02, Param MSE = 1.823161e-01, Grad norm = 6.877804e-06, Beta update rate = 3.851650e-06
Epoch 307000 (6.1%): Train pred MSE = 1.786843e-06, Test pred MSE = 1.769947e-02, Param MSE = 1.823139e-01, Grad norm = 6.867926e-06, Beta update rate = 3.846091e-06
Epoch 307200 (6.1%): Train pred MSE = 1.782133e-06, Test pred MSE = 1.769929e-02, Param MSE = 1.823118e-01, Grad norm = 6.858066e-06, Beta update rate = 3.840544e-06
Epoch 307400 (6.1%): Train pred MSE = 1.777437e-06, Test pred MSE = 1.769912e-02, Param MSE = 1.823096e-01, Grad norm = 6.848223e-06, Beta update rate = 3.835006e-06
Epoch 307600 (6.2%): Train pred MSE = 1.772754e-06, Test pred MSE = 1.769894e-02, Param MSE = 1.823074e-01, Grad norm = 6.838399e-06, Beta update rate = 3.829478e-06
Epoch 307800 (6.2%): Train pred MSE = 1.768084e-06, Test pred MSE = 1.769877e-02, Param MSE = 1.823053e-01, Grad norm = 6.828592e-06, Beta update rate = 3.823961e-06
Epoch 308000 (6.2%): Train pred MSE = 1.763428e-06, Test pred MSE = 1.769860e-02, Param MSE = 1.823032e-01, Grad norm = 6.818804e-06, Beta update rate = 3.818454e-06
Epoch 308200 (6.2%): Train pred MSE = 1.758785e-06, Test pred MSE = 1.769842e-02, Param MSE = 1.823010e-01, Grad norm = 6.809033e-06, Beta update rate = 3.812956e-06
Epoch 308400 (6.2%): Train pred MSE = 1.754155e-06, Test pred MSE = 1.769825e-02, Param MSE = 1.822989e-01, Grad norm = 6.799280e-06, Beta update rate = 3.807469e-06
Epoch 308600 (6.2%): Train pred MSE = 1.749539e-06, Test pred MSE = 1.769808e-02, Param MSE = 1.822967e-01, Grad norm = 6.789545e-06, Beta update rate = 3.801992e-06
Epoch 308800 (6.2%): Train pred MSE = 1.744936e-06, Test pred MSE = 1.769790e-02, Param MSE = 1.822946e-01, Grad norm = 6.779827e-06, Beta update rate = 3.796525e-06
Epoch 309000 (6.2%): Train pred MSE = 1.740346e-06, Test pred MSE = 1.769773e-02, Param MSE = 1.822925e-01, Grad norm = 6.770128e-06, Beta update rate = 3.791069e-06
Epoch 309200 (6.2%): Train pred MSE = 1.735769e-06, Test pred MSE = 1.769756e-02, Param MSE = 1.822904e-01, Grad norm = 6.760445e-06, Beta update rate = 3.785622e-06
Epoch 309400 (6.2%): Train pred MSE = 1.731205e-06, Test pred MSE = 1.769739e-02, Param MSE = 1.822883e-01, Grad norm = 6.750781e-06, Beta update rate = 3.780185e-06
Epoch 309600 (6.2%): Train pred MSE = 1.726655e-06, Test pred MSE = 1.769722e-02, Param MSE = 1.822862e-01, Grad norm = 6.741134e-06, Beta update rate = 3.774758e-06
Epoch 309800 (6.2%): Train pred MSE = 1.722117e-06, Test pred MSE = 1.769705e-02, Param MSE = 1.822841e-01, Grad norm = 6.731504e-06, Beta update rate = 3.769340e-06
Epoch 310000 (6.2%): Train pred MSE = 1.717592e-06, Test pred MSE = 1.769688e-02, Param MSE = 1.822819e-01, Grad norm = 6.721892e-06, Beta update rate = 3.763933e-06
Epoch 310200 (6.2%): Train pred MSE = 1.713080e-06, Test pred MSE = 1.769671e-02, Param MSE = 1.822799e-01, Grad norm = 6.712297e-06, Beta update rate = 3.758536e-06
Epoch 310400 (6.2%): Train pred MSE = 1.708581e-06, Test pred MSE = 1.769654e-02, Param MSE = 1.822778e-01, Grad norm = 6.702720e-06, Beta update rate = 3.753148e-06
Epoch 310600 (6.2%): Train pred MSE = 1.704095e-06, Test pred MSE = 1.769637e-02, Param MSE = 1.822757e-01, Grad norm = 6.693160e-06, Beta update rate = 3.747771e-06
Epoch 310800 (6.2%): Train pred MSE = 1.699622e-06, Test pred MSE = 1.769620e-02, Param MSE = 1.822736e-01, Grad norm = 6.683617e-06, Beta update rate = 3.742403e-06
Epoch 311000 (6.2%): Train pred MSE = 1.695161e-06, Test pred MSE = 1.769603e-02, Param MSE = 1.822715e-01, Grad norm = 6.674091e-06, Beta update rate = 3.737044e-06
Epoch 311200 (6.2%): Train pred MSE = 1.690713e-06, Test pred MSE = 1.769586e-02, Param MSE = 1.822694e-01, Grad norm = 6.664583e-06, Beta update rate = 3.731696e-06
Epoch 311400 (6.2%): Train pred MSE = 1.686278e-06, Test pred MSE = 1.769569e-02, Param MSE = 1.822674e-01, Grad norm = 6.655092e-06, Beta update rate = 3.726357e-06
Epoch 311600 (6.2%): Train pred MSE = 1.681855e-06, Test pred MSE = 1.769553e-02, Param MSE = 1.822653e-01, Grad norm = 6.645617e-06, Beta update rate = 3.721028e-06
Epoch 311800 (6.2%): Train pred MSE = 1.677445e-06, Test pred MSE = 1.769536e-02, Param MSE = 1.822632e-01, Grad norm = 6.636160e-06, Beta update rate = 3.715709e-06
Epoch 312000 (6.2%): Train pred MSE = 1.673047e-06, Test pred MSE = 1.769519e-02, Param MSE = 1.822612e-01, Grad norm = 6.626720e-06, Beta update rate = 3.710399e-06
Epoch 312200 (6.2%): Train pred MSE = 1.668662e-06, Test pred MSE = 1.769503e-02, Param MSE = 1.822591e-01, Grad norm = 6.617297e-06, Beta update rate = 3.705099e-06
Epoch 312400 (6.2%): Train pred MSE = 1.664290e-06, Test pred MSE = 1.769486e-02, Param MSE = 1.822571e-01, Grad norm = 6.607891e-06, Beta update rate = 3.699808e-06
Epoch 312600 (6.3%): Train pred MSE = 1.659929e-06, Test pred MSE = 1.769470e-02, Param MSE = 1.822550e-01, Grad norm = 6.598501e-06, Beta update rate = 3.694528e-06
Epoch 312800 (6.3%): Train pred MSE = 1.655582e-06, Test pred MSE = 1.769453e-02, Param MSE = 1.822530e-01, Grad norm = 6.589129e-06, Beta update rate = 3.689256e-06
Epoch 313000 (6.3%): Train pred MSE = 1.651246e-06, Test pred MSE = 1.769437e-02, Param MSE = 1.822510e-01, Grad norm = 6.579773e-06, Beta update rate = 3.683994e-06
Epoch 313200 (6.3%): Train pred MSE = 1.646923e-06, Test pred MSE = 1.769420e-02, Param MSE = 1.822489e-01, Grad norm = 6.570434e-06, Beta update rate = 3.678742e-06
Epoch 313400 (6.3%): Train pred MSE = 1.642612e-06, Test pred MSE = 1.769404e-02, Param MSE = 1.822469e-01, Grad norm = 6.561112e-06, Beta update rate = 3.673499e-06
Epoch 313600 (6.3%): Train pred MSE = 1.638314e-06, Test pred MSE = 1.769388e-02, Param MSE = 1.822449e-01, Grad norm = 6.551806e-06, Beta update rate = 3.668265e-06
Epoch 313800 (6.3%): Train pred MSE = 1.634027e-06, Test pred MSE = 1.769371e-02, Param MSE = 1.822429e-01, Grad norm = 6.542517e-06, Beta update rate = 3.663041e-06
Epoch 314000 (6.3%): Train pred MSE = 1.629753e-06, Test pred MSE = 1.769355e-02, Param MSE = 1.822409e-01, Grad norm = 6.533245e-06, Beta update rate = 3.657827e-06
Epoch 314200 (6.3%): Train pred MSE = 1.625490e-06, Test pred MSE = 1.769339e-02, Param MSE = 1.822389e-01, Grad norm = 6.523989e-06, Beta update rate = 3.652621e-06
Epoch 314400 (6.3%): Train pred MSE = 1.621240e-06, Test pred MSE = 1.769323e-02, Param MSE = 1.822368e-01, Grad norm = 6.514750e-06, Beta update rate = 3.647425e-06
Epoch 314600 (6.3%): Train pred MSE = 1.617002e-06, Test pred MSE = 1.769306e-02, Param MSE = 1.822348e-01, Grad norm = 6.505527e-06, Beta update rate = 3.642239e-06
Epoch 314800 (6.3%): Train pred MSE = 1.612776e-06, Test pred MSE = 1.769290e-02, Param MSE = 1.822329e-01, Grad norm = 6.496321e-06, Beta update rate = 3.637062e-06
Epoch 315000 (6.3%): Train pred MSE = 1.608562e-06, Test pred MSE = 1.769274e-02, Param MSE = 1.822309e-01, Grad norm = 6.487131e-06, Beta update rate = 3.631894e-06
Epoch 315200 (6.3%): Train pred MSE = 1.604359e-06, Test pred MSE = 1.769258e-02, Param MSE = 1.822289e-01, Grad norm = 6.477957e-06, Beta update rate = 3.626735e-06
Epoch 315400 (6.3%): Train pred MSE = 1.600169e-06, Test pred MSE = 1.769242e-02, Param MSE = 1.822269e-01, Grad norm = 6.468800e-06, Beta update rate = 3.621585e-06
Epoch 315600 (6.3%): Train pred MSE = 1.595990e-06, Test pred MSE = 1.769226e-02, Param MSE = 1.822249e-01, Grad norm = 6.459659e-06, Beta update rate = 3.616445e-06
Epoch 315800 (6.3%): Train pred MSE = 1.591824e-06, Test pred MSE = 1.769210e-02, Param MSE = 1.822229e-01, Grad norm = 6.450534e-06, Beta update rate = 3.611314e-06
Epoch 316000 (6.3%): Train pred MSE = 1.587669e-06, Test pred MSE = 1.769194e-02, Param MSE = 1.822210e-01, Grad norm = 6.441425e-06, Beta update rate = 3.606192e-06
Epoch 316200 (6.3%): Train pred MSE = 1.583525e-06, Test pred MSE = 1.769178e-02, Param MSE = 1.822190e-01, Grad norm = 6.432333e-06, Beta update rate = 3.601079e-06
Epoch 316400 (6.3%): Train pred MSE = 1.579394e-06, Test pred MSE = 1.769163e-02, Param MSE = 1.822170e-01, Grad norm = 6.423256e-06, Beta update rate = 3.595976e-06
Epoch 316600 (6.3%): Train pred MSE = 1.575274e-06, Test pred MSE = 1.769147e-02, Param MSE = 1.822151e-01, Grad norm = 6.414196e-06, Beta update rate = 3.590881e-06
Epoch 316800 (6.3%): Train pred MSE = 1.571165e-06, Test pred MSE = 1.769131e-02, Param MSE = 1.822131e-01, Grad norm = 6.405151e-06, Beta update rate = 3.585796e-06
Epoch 317000 (6.3%): Train pred MSE = 1.567069e-06, Test pred MSE = 1.769115e-02, Param MSE = 1.822112e-01, Grad norm = 6.396123e-06, Beta update rate = 3.580719e-06
Epoch 317200 (6.3%): Train pred MSE = 1.562983e-06, Test pred MSE = 1.769100e-02, Param MSE = 1.822092e-01, Grad norm = 6.387111e-06, Beta update rate = 3.575652e-06
Epoch 317400 (6.3%): Train pred MSE = 1.558910e-06, Test pred MSE = 1.769084e-02, Param MSE = 1.822073e-01, Grad norm = 6.378114e-06, Beta update rate = 3.570593e-06
Epoch 317600 (6.4%): Train pred MSE = 1.554847e-06, Test pred MSE = 1.769068e-02, Param MSE = 1.822053e-01, Grad norm = 6.369134e-06, Beta update rate = 3.565544e-06
Epoch 317800 (6.4%): Train pred MSE = 1.550797e-06, Test pred MSE = 1.769053e-02, Param MSE = 1.822034e-01, Grad norm = 6.360169e-06, Beta update rate = 3.560504e-06
Epoch 318000 (6.4%): Train pred MSE = 1.546757e-06, Test pred MSE = 1.769037e-02, Param MSE = 1.822015e-01, Grad norm = 6.351220e-06, Beta update rate = 3.555472e-06
Epoch 318200 (6.4%): Train pred MSE = 1.542729e-06, Test pred MSE = 1.769022e-02, Param MSE = 1.821995e-01, Grad norm = 6.342286e-06, Beta update rate = 3.550450e-06
Epoch 318400 (6.4%): Train pred MSE = 1.538712e-06, Test pred MSE = 1.769006e-02, Param MSE = 1.821976e-01, Grad norm = 6.333369e-06, Beta update rate = 3.545436e-06
Epoch 318600 (6.4%): Train pred MSE = 1.534707e-06, Test pred MSE = 1.768991e-02, Param MSE = 1.821957e-01, Grad norm = 6.324467e-06, Beta update rate = 3.540431e-06
Epoch 318800 (6.4%): Train pred MSE = 1.530713e-06, Test pred MSE = 1.768975e-02, Param MSE = 1.821938e-01, Grad norm = 6.315581e-06, Beta update rate = 3.535435e-06
Epoch 319000 (6.4%): Train pred MSE = 1.526730e-06, Test pred MSE = 1.768960e-02, Param MSE = 1.821919e-01, Grad norm = 6.306710e-06, Beta update rate = 3.530448e-06
Epoch 319200 (6.4%): Train pred MSE = 1.522758e-06, Test pred MSE = 1.768944e-02, Param MSE = 1.821900e-01, Grad norm = 6.297855e-06, Beta update rate = 3.525470e-06
Epoch 319400 (6.4%): Train pred MSE = 1.518797e-06, Test pred MSE = 1.768929e-02, Param MSE = 1.821881e-01, Grad norm = 6.289016e-06, Beta update rate = 3.520500e-06
Epoch 319600 (6.4%): Train pred MSE = 1.514848e-06, Test pred MSE = 1.768914e-02, Param MSE = 1.821862e-01, Grad norm = 6.280192e-06, Beta update rate = 3.515540e-06
Epoch 319800 (6.4%): Train pred MSE = 1.510909e-06, Test pred MSE = 1.768899e-02, Param MSE = 1.821843e-01, Grad norm = 6.271383e-06, Beta update rate = 3.510588e-06
Epoch 320000 (6.4%): Train pred MSE = 1.506982e-06, Test pred MSE = 1.768883e-02, Param MSE = 1.821824e-01, Grad norm = 6.262590e-06, Beta update rate = 3.505645e-06
Epoch 320200 (6.4%): Train pred MSE = 1.503065e-06, Test pred MSE = 1.768868e-02, Param MSE = 1.821805e-01, Grad norm = 6.253812e-06, Beta update rate = 3.500710e-06
Epoch 320400 (6.4%): Train pred MSE = 1.499160e-06, Test pred MSE = 1.768853e-02, Param MSE = 1.821786e-01, Grad norm = 6.245050e-06, Beta update rate = 3.495784e-06
Epoch 320600 (6.4%): Train pred MSE = 1.495265e-06, Test pred MSE = 1.768838e-02, Param MSE = 1.821767e-01, Grad norm = 6.236302e-06, Beta update rate = 3.490867e-06
Epoch 320800 (6.4%): Train pred MSE = 1.491381e-06, Test pred MSE = 1.768823e-02, Param MSE = 1.821749e-01, Grad norm = 6.227571e-06, Beta update rate = 3.485959e-06
Epoch 321000 (6.4%): Train pred MSE = 1.487509e-06, Test pred MSE = 1.768808e-02, Param MSE = 1.821730e-01, Grad norm = 6.218854e-06, Beta update rate = 3.481059e-06
Epoch 321200 (6.4%): Train pred MSE = 1.483647e-06, Test pred MSE = 1.768793e-02, Param MSE = 1.821711e-01, Grad norm = 6.210152e-06, Beta update rate = 3.476167e-06
Epoch 321400 (6.4%): Train pred MSE = 1.479795e-06, Test pred MSE = 1.768778e-02, Param MSE = 1.821692e-01, Grad norm = 6.201466e-06, Beta update rate = 3.471285e-06
Epoch 321600 (6.4%): Train pred MSE = 1.475955e-06, Test pred MSE = 1.768763e-02, Param MSE = 1.821674e-01, Grad norm = 6.192795e-06, Beta update rate = 3.466411e-06
Epoch 321800 (6.4%): Train pred MSE = 1.472125e-06, Test pred MSE = 1.768748e-02, Param MSE = 1.821655e-01, Grad norm = 6.184139e-06, Beta update rate = 3.461545e-06
Epoch 322000 (6.4%): Train pred MSE = 1.468306e-06, Test pred MSE = 1.768733e-02, Param MSE = 1.821637e-01, Grad norm = 6.175498e-06, Beta update rate = 3.456688e-06
Epoch 322200 (6.4%): Train pred MSE = 1.464498e-06, Test pred MSE = 1.768718e-02, Param MSE = 1.821618e-01, Grad norm = 6.166872e-06, Beta update rate = 3.451839e-06
Epoch 322400 (6.4%): Train pred MSE = 1.460700e-06, Test pred MSE = 1.768703e-02, Param MSE = 1.821600e-01, Grad norm = 6.158261e-06, Beta update rate = 3.446999e-06
Epoch 322600 (6.5%): Train pred MSE = 1.456913e-06, Test pred MSE = 1.768689e-02, Param MSE = 1.821581e-01, Grad norm = 6.149664e-06, Beta update rate = 3.442167e-06
Epoch 322800 (6.5%): Train pred MSE = 1.453137e-06, Test pred MSE = 1.768674e-02, Param MSE = 1.821563e-01, Grad norm = 6.141083e-06, Beta update rate = 3.437344e-06
Epoch 323000 (6.5%): Train pred MSE = 1.449371e-06, Test pred MSE = 1.768659e-02, Param MSE = 1.821545e-01, Grad norm = 6.132517e-06, Beta update rate = 3.432529e-06
Epoch 323200 (6.5%): Train pred MSE = 1.445615e-06, Test pred MSE = 1.768644e-02, Param MSE = 1.821526e-01, Grad norm = 6.123965e-06, Beta update rate = 3.427723e-06
Epoch 323400 (6.5%): Train pred MSE = 1.441870e-06, Test pred MSE = 1.768630e-02, Param MSE = 1.821508e-01, Grad norm = 6.115428e-06, Beta update rate = 3.422925e-06
Epoch 323600 (6.5%): Train pred MSE = 1.438136e-06, Test pred MSE = 1.768615e-02, Param MSE = 1.821490e-01, Grad norm = 6.106906e-06, Beta update rate = 3.418135e-06
Epoch 323800 (6.5%): Train pred MSE = 1.434411e-06, Test pred MSE = 1.768601e-02, Param MSE = 1.821472e-01, Grad norm = 6.098399e-06, Beta update rate = 3.413354e-06
Epoch 324000 (6.5%): Train pred MSE = 1.430698e-06, Test pred MSE = 1.768586e-02, Param MSE = 1.821454e-01, Grad norm = 6.089907e-06, Beta update rate = 3.408581e-06
Epoch 324200 (6.5%): Train pred MSE = 1.426994e-06, Test pred MSE = 1.768571e-02, Param MSE = 1.821436e-01, Grad norm = 6.081429e-06, Beta update rate = 3.403816e-06
Epoch 324400 (6.5%): Train pred MSE = 1.423301e-06, Test pred MSE = 1.768557e-02, Param MSE = 1.821417e-01, Grad norm = 6.072965e-06, Beta update rate = 3.399060e-06
Epoch 324600 (6.5%): Train pred MSE = 1.419618e-06, Test pred MSE = 1.768542e-02, Param MSE = 1.821399e-01, Grad norm = 6.064517e-06, Beta update rate = 3.394312e-06
Epoch 324800 (6.5%): Train pred MSE = 1.415945e-06, Test pred MSE = 1.768528e-02, Param MSE = 1.821381e-01, Grad norm = 6.056082e-06, Beta update rate = 3.389572e-06
Epoch 325000 (6.5%): Train pred MSE = 1.412283e-06, Test pred MSE = 1.768514e-02, Param MSE = 1.821363e-01, Grad norm = 6.047663e-06, Beta update rate = 3.384840e-06
Epoch 325200 (6.5%): Train pred MSE = 1.408631e-06, Test pred MSE = 1.768499e-02, Param MSE = 1.821346e-01, Grad norm = 6.039258e-06, Beta update rate = 3.380116e-06
Epoch 325400 (6.5%): Train pred MSE = 1.404988e-06, Test pred MSE = 1.768485e-02, Param MSE = 1.821328e-01, Grad norm = 6.030867e-06, Beta update rate = 3.375401e-06
Epoch 325600 (6.5%): Train pred MSE = 1.401356e-06, Test pred MSE = 1.768471e-02, Param MSE = 1.821310e-01, Grad norm = 6.022491e-06, Beta update rate = 3.370694e-06
Epoch 325800 (6.5%): Train pred MSE = 1.397734e-06, Test pred MSE = 1.768456e-02, Param MSE = 1.821292e-01, Grad norm = 6.014129e-06, Beta update rate = 3.365995e-06
Epoch 326000 (6.5%): Train pred MSE = 1.394122e-06, Test pred MSE = 1.768442e-02, Param MSE = 1.821274e-01, Grad norm = 6.005781e-06, Beta update rate = 3.361304e-06
Epoch 326200 (6.5%): Train pred MSE = 1.390521e-06, Test pred MSE = 1.768428e-02, Param MSE = 1.821256e-01, Grad norm = 5.997448e-06, Beta update rate = 3.356621e-06
Epoch 326400 (6.5%): Train pred MSE = 1.386929e-06, Test pred MSE = 1.768414e-02, Param MSE = 1.821239e-01, Grad norm = 5.989129e-06, Beta update rate = 3.351946e-06
Epoch 326600 (6.5%): Train pred MSE = 1.383347e-06, Test pred MSE = 1.768400e-02, Param MSE = 1.821221e-01, Grad norm = 5.980824e-06, Beta update rate = 3.347279e-06
Epoch 326800 (6.5%): Train pred MSE = 1.379775e-06, Test pred MSE = 1.768385e-02, Param MSE = 1.821203e-01, Grad norm = 5.972533e-06, Beta update rate = 3.342621e-06
Epoch 327000 (6.5%): Train pred MSE = 1.376213e-06, Test pred MSE = 1.768371e-02, Param MSE = 1.821186e-01, Grad norm = 5.964257e-06, Beta update rate = 3.337970e-06
Epoch 327200 (6.5%): Train pred MSE = 1.372660e-06, Test pred MSE = 1.768357e-02, Param MSE = 1.821168e-01, Grad norm = 5.955995e-06, Beta update rate = 3.333328e-06
Epoch 327400 (6.5%): Train pred MSE = 1.369118e-06, Test pred MSE = 1.768343e-02, Param MSE = 1.821151e-01, Grad norm = 5.947747e-06, Beta update rate = 3.328693e-06
Epoch 327600 (6.6%): Train pred MSE = 1.365585e-06, Test pred MSE = 1.768329e-02, Param MSE = 1.821133e-01, Grad norm = 5.939512e-06, Beta update rate = 3.324066e-06
Epoch 327800 (6.6%): Train pred MSE = 1.362062e-06, Test pred MSE = 1.768315e-02, Param MSE = 1.821116e-01, Grad norm = 5.931292e-06, Beta update rate = 3.319447e-06
Epoch 328000 (6.6%): Train pred MSE = 1.358549e-06, Test pred MSE = 1.768301e-02, Param MSE = 1.821098e-01, Grad norm = 5.923086e-06, Beta update rate = 3.314837e-06
Epoch 328200 (6.6%): Train pred MSE = 1.355046e-06, Test pred MSE = 1.768287e-02, Param MSE = 1.821081e-01, Grad norm = 5.914894e-06, Beta update rate = 3.310234e-06
Epoch 328400 (6.6%): Train pred MSE = 1.351552e-06, Test pred MSE = 1.768274e-02, Param MSE = 1.821064e-01, Grad norm = 5.906716e-06, Beta update rate = 3.305639e-06
Epoch 328600 (6.6%): Train pred MSE = 1.348068e-06, Test pred MSE = 1.768260e-02, Param MSE = 1.821046e-01, Grad norm = 5.898552e-06, Beta update rate = 3.301052e-06
Epoch 328800 (6.6%): Train pred MSE = 1.344594e-06, Test pred MSE = 1.768246e-02, Param MSE = 1.821029e-01, Grad norm = 5.890402e-06, Beta update rate = 3.296472e-06
Epoch 329000 (6.6%): Train pred MSE = 1.341129e-06, Test pred MSE = 1.768232e-02, Param MSE = 1.821012e-01, Grad norm = 5.882265e-06, Beta update rate = 3.291901e-06
Epoch 329200 (6.6%): Train pred MSE = 1.337673e-06, Test pred MSE = 1.768218e-02, Param MSE = 1.820995e-01, Grad norm = 5.874143e-06, Beta update rate = 3.287337e-06
Epoch 329400 (6.6%): Train pred MSE = 1.334228e-06, Test pred MSE = 1.768205e-02, Param MSE = 1.820977e-01, Grad norm = 5.866034e-06, Beta update rate = 3.282781e-06
Epoch 329600 (6.6%): Train pred MSE = 1.330791e-06, Test pred MSE = 1.768191e-02, Param MSE = 1.820960e-01, Grad norm = 5.857939e-06, Beta update rate = 3.278233e-06
Epoch 329800 (6.6%): Train pred MSE = 1.327365e-06, Test pred MSE = 1.768177e-02, Param MSE = 1.820943e-01, Grad norm = 5.849857e-06, Beta update rate = 3.273693e-06
Epoch 330000 (6.6%): Train pred MSE = 1.323947e-06, Test pred MSE = 1.768164e-02, Param MSE = 1.820926e-01, Grad norm = 5.841790e-06, Beta update rate = 3.269160e-06
Epoch 330200 (6.6%): Train pred MSE = 1.320539e-06, Test pred MSE = 1.768150e-02, Param MSE = 1.820909e-01, Grad norm = 5.833736e-06, Beta update rate = 3.264636e-06
Epoch 330400 (6.6%): Train pred MSE = 1.317141e-06, Test pred MSE = 1.768137e-02, Param MSE = 1.820892e-01, Grad norm = 5.825695e-06, Beta update rate = 3.260118e-06
Epoch 330600 (6.6%): Train pred MSE = 1.313752e-06, Test pred MSE = 1.768123e-02, Param MSE = 1.820875e-01, Grad norm = 5.817668e-06, Beta update rate = 3.255609e-06
Epoch 330800 (6.6%): Train pred MSE = 1.310372e-06, Test pred MSE = 1.768109e-02, Param MSE = 1.820858e-01, Grad norm = 5.809655e-06, Beta update rate = 3.251107e-06
Epoch 331000 (6.6%): Train pred MSE = 1.307001e-06, Test pred MSE = 1.768096e-02, Param MSE = 1.820841e-01, Grad norm = 5.801655e-06, Beta update rate = 3.246613e-06
Epoch 331200 (6.6%): Train pred MSE = 1.303640e-06, Test pred MSE = 1.768083e-02, Param MSE = 1.820825e-01, Grad norm = 5.793669e-06, Beta update rate = 3.242127e-06
Epoch 331400 (6.6%): Train pred MSE = 1.300288e-06, Test pred MSE = 1.768069e-02, Param MSE = 1.820808e-01, Grad norm = 5.785696e-06, Beta update rate = 3.237648e-06
Epoch 331600 (6.6%): Train pred MSE = 1.296945e-06, Test pred MSE = 1.768056e-02, Param MSE = 1.820791e-01, Grad norm = 5.777737e-06, Beta update rate = 3.233177e-06
Epoch 331800 (6.6%): Train pred MSE = 1.293612e-06, Test pred MSE = 1.768042e-02, Param MSE = 1.820774e-01, Grad norm = 5.769791e-06, Beta update rate = 3.228713e-06
Epoch 332000 (6.6%): Train pred MSE = 1.290287e-06, Test pred MSE = 1.768029e-02, Param MSE = 1.820757e-01, Grad norm = 5.761858e-06, Beta update rate = 3.224257e-06
Epoch 332200 (6.6%): Train pred MSE = 1.286972e-06, Test pred MSE = 1.768016e-02, Param MSE = 1.820741e-01, Grad norm = 5.753939e-06, Beta update rate = 3.219808e-06
Epoch 332400 (6.6%): Train pred MSE = 1.283666e-06, Test pred MSE = 1.768002e-02, Param MSE = 1.820724e-01, Grad norm = 5.746033e-06, Beta update rate = 3.215367e-06
Epoch 332600 (6.7%): Train pred MSE = 1.280369e-06, Test pred MSE = 1.767989e-02, Param MSE = 1.820707e-01, Grad norm = 5.738141e-06, Beta update rate = 3.210934e-06
Epoch 332800 (6.7%): Train pred MSE = 1.277081e-06, Test pred MSE = 1.767976e-02, Param MSE = 1.820691e-01, Grad norm = 5.730261e-06, Beta update rate = 3.206508e-06
Epoch 333000 (6.7%): Train pred MSE = 1.273802e-06, Test pred MSE = 1.767963e-02, Param MSE = 1.820674e-01, Grad norm = 5.722395e-06, Beta update rate = 3.202089e-06
Epoch 333200 (6.7%): Train pred MSE = 1.270531e-06, Test pred MSE = 1.767950e-02, Param MSE = 1.820658e-01, Grad norm = 5.714542e-06, Beta update rate = 3.197678e-06
Epoch 333400 (6.7%): Train pred MSE = 1.267270e-06, Test pred MSE = 1.767936e-02, Param MSE = 1.820641e-01, Grad norm = 5.706702e-06, Beta update rate = 3.193274e-06
Epoch 333600 (6.7%): Train pred MSE = 1.264018e-06, Test pred MSE = 1.767923e-02, Param MSE = 1.820625e-01, Grad norm = 5.698876e-06, Beta update rate = 3.188878e-06
Epoch 333800 (6.7%): Train pred MSE = 1.260775e-06, Test pred MSE = 1.767910e-02, Param MSE = 1.820608e-01, Grad norm = 5.691062e-06, Beta update rate = 3.184489e-06
Epoch 334000 (6.7%): Train pred MSE = 1.257541e-06, Test pred MSE = 1.767897e-02, Param MSE = 1.820592e-01, Grad norm = 5.683261e-06, Beta update rate = 3.180108e-06
Epoch 334200 (6.7%): Train pred MSE = 1.254315e-06, Test pred MSE = 1.767884e-02, Param MSE = 1.820576e-01, Grad norm = 5.675474e-06, Beta update rate = 3.175734e-06
Epoch 334400 (6.7%): Train pred MSE = 1.251099e-06, Test pred MSE = 1.767871e-02, Param MSE = 1.820559e-01, Grad norm = 5.667699e-06, Beta update rate = 3.171367e-06
Epoch 334600 (6.7%): Train pred MSE = 1.247891e-06, Test pred MSE = 1.767858e-02, Param MSE = 1.820543e-01, Grad norm = 5.659938e-06, Beta update rate = 3.167008e-06
Epoch 334800 (6.7%): Train pred MSE = 1.244692e-06, Test pred MSE = 1.767845e-02, Param MSE = 1.820527e-01, Grad norm = 5.652189e-06, Beta update rate = 3.162656e-06
Epoch 335000 (6.7%): Train pred MSE = 1.241501e-06, Test pred MSE = 1.767832e-02, Param MSE = 1.820511e-01, Grad norm = 5.644454e-06, Beta update rate = 3.158311e-06
Epoch 335200 (6.7%): Train pred MSE = 1.238320e-06, Test pred MSE = 1.767819e-02, Param MSE = 1.820494e-01, Grad norm = 5.636731e-06, Beta update rate = 3.153974e-06
Epoch 335400 (6.7%): Train pred MSE = 1.235147e-06, Test pred MSE = 1.767807e-02, Param MSE = 1.820478e-01, Grad norm = 5.629021e-06, Beta update rate = 3.149643e-06
Epoch 335600 (6.7%): Train pred MSE = 1.231983e-06, Test pred MSE = 1.767794e-02, Param MSE = 1.820462e-01, Grad norm = 5.621324e-06, Beta update rate = 3.145321e-06
Epoch 335800 (6.7%): Train pred MSE = 1.228827e-06, Test pred MSE = 1.767781e-02, Param MSE = 1.820446e-01, Grad norm = 5.613640e-06, Beta update rate = 3.141005e-06
Epoch 336000 (6.7%): Train pred MSE = 1.225680e-06, Test pred MSE = 1.767768e-02, Param MSE = 1.820430e-01, Grad norm = 5.605968e-06, Beta update rate = 3.136696e-06
Epoch 336200 (6.7%): Train pred MSE = 1.222542e-06, Test pred MSE = 1.767755e-02, Param MSE = 1.820414e-01, Grad norm = 5.598309e-06, Beta update rate = 3.132395e-06
Epoch 336400 (6.7%): Train pred MSE = 1.219412e-06, Test pred MSE = 1.767743e-02, Param MSE = 1.820398e-01, Grad norm = 5.590663e-06, Beta update rate = 3.128101e-06
Epoch 336600 (6.7%): Train pred MSE = 1.216291e-06, Test pred MSE = 1.767730e-02, Param MSE = 1.820382e-01, Grad norm = 5.583030e-06, Beta update rate = 3.123814e-06
Epoch 336800 (6.7%): Train pred MSE = 1.213178e-06, Test pred MSE = 1.767717e-02, Param MSE = 1.820366e-01, Grad norm = 5.575409e-06, Beta update rate = 3.119535e-06
Epoch 337000 (6.7%): Train pred MSE = 1.210074e-06, Test pred MSE = 1.767705e-02, Param MSE = 1.820350e-01, Grad norm = 5.567801e-06, Beta update rate = 3.115262e-06
Epoch 337200 (6.7%): Train pred MSE = 1.206978e-06, Test pred MSE = 1.767692e-02, Param MSE = 1.820334e-01, Grad norm = 5.560206e-06, Beta update rate = 3.110997e-06
Epoch 337400 (6.7%): Train pred MSE = 1.203890e-06, Test pred MSE = 1.767680e-02, Param MSE = 1.820318e-01, Grad norm = 5.552623e-06, Beta update rate = 3.106738e-06
Epoch 337600 (6.8%): Train pred MSE = 1.200812e-06, Test pred MSE = 1.767667e-02, Param MSE = 1.820303e-01, Grad norm = 5.545053e-06, Beta update rate = 3.102487e-06
Epoch 337800 (6.8%): Train pred MSE = 1.197741e-06, Test pred MSE = 1.767654e-02, Param MSE = 1.820287e-01, Grad norm = 5.537495e-06, Beta update rate = 3.098243e-06
Epoch 338000 (6.8%): Train pred MSE = 1.194679e-06, Test pred MSE = 1.767642e-02, Param MSE = 1.820271e-01, Grad norm = 5.529949e-06, Beta update rate = 3.094006e-06
Epoch 338200 (6.8%): Train pred MSE = 1.191625e-06, Test pred MSE = 1.767629e-02, Param MSE = 1.820255e-01, Grad norm = 5.522417e-06, Beta update rate = 3.089776e-06
Epoch 338400 (6.8%): Train pred MSE = 1.188579e-06, Test pred MSE = 1.767617e-02, Param MSE = 1.820240e-01, Grad norm = 5.514896e-06, Beta update rate = 3.085553e-06
Epoch 338600 (6.8%): Train pred MSE = 1.185542e-06, Test pred MSE = 1.767605e-02, Param MSE = 1.820224e-01, Grad norm = 5.507388e-06, Beta update rate = 3.081337e-06
Epoch 338800 (6.8%): Train pred MSE = 1.182513e-06, Test pred MSE = 1.767592e-02, Param MSE = 1.820209e-01, Grad norm = 5.499892e-06, Beta update rate = 3.077128e-06
Epoch 339000 (6.8%): Train pred MSE = 1.179493e-06, Test pred MSE = 1.767580e-02, Param MSE = 1.820193e-01, Grad norm = 5.492409e-06, Beta update rate = 3.072925e-06
Epoch 339200 (6.8%): Train pred MSE = 1.176480e-06, Test pred MSE = 1.767568e-02, Param MSE = 1.820177e-01, Grad norm = 5.484938e-06, Beta update rate = 3.068730e-06
Epoch 339400 (6.8%): Train pred MSE = 1.173476e-06, Test pred MSE = 1.767555e-02, Param MSE = 1.820162e-01, Grad norm = 5.477479e-06, Beta update rate = 3.064542e-06
Epoch 339600 (6.8%): Train pred MSE = 1.170480e-06, Test pred MSE = 1.767543e-02, Param MSE = 1.820146e-01, Grad norm = 5.470033e-06, Beta update rate = 3.060361e-06
Epoch 339800 (6.8%): Train pred MSE = 1.167491e-06, Test pred MSE = 1.767531e-02, Param MSE = 1.820131e-01, Grad norm = 5.462599e-06, Beta update rate = 3.056187e-06
Epoch 340000 (6.8%): Train pred MSE = 1.164512e-06, Test pred MSE = 1.767518e-02, Param MSE = 1.820115e-01, Grad norm = 5.455177e-06, Beta update rate = 3.052019e-06
Epoch 340200 (6.8%): Train pred MSE = 1.161540e-06, Test pred MSE = 1.767506e-02, Param MSE = 1.820100e-01, Grad norm = 5.447767e-06, Beta update rate = 3.047859e-06
Epoch 340400 (6.8%): Train pred MSE = 1.158576e-06, Test pred MSE = 1.767494e-02, Param MSE = 1.820085e-01, Grad norm = 5.440369e-06, Beta update rate = 3.043705e-06
Epoch 340600 (6.8%): Train pred MSE = 1.155620e-06, Test pred MSE = 1.767482e-02, Param MSE = 1.820069e-01, Grad norm = 5.432984e-06, Beta update rate = 3.039558e-06
Epoch 340800 (6.8%): Train pred MSE = 1.152673e-06, Test pred MSE = 1.767470e-02, Param MSE = 1.820054e-01, Grad norm = 5.425610e-06, Beta update rate = 3.035418e-06
Epoch 341000 (6.8%): Train pred MSE = 1.149733e-06, Test pred MSE = 1.767458e-02, Param MSE = 1.820039e-01, Grad norm = 5.418249e-06, Beta update rate = 3.031285e-06
Epoch 341200 (6.8%): Train pred MSE = 1.146801e-06, Test pred MSE = 1.767446e-02, Param MSE = 1.820024e-01, Grad norm = 5.410899e-06, Beta update rate = 3.027159e-06
Epoch 341400 (6.8%): Train pred MSE = 1.143877e-06, Test pred MSE = 1.767433e-02, Param MSE = 1.820008e-01, Grad norm = 5.403562e-06, Beta update rate = 3.023040e-06
Epoch 341600 (6.8%): Train pred MSE = 1.140962e-06, Test pred MSE = 1.767421e-02, Param MSE = 1.819993e-01, Grad norm = 5.396237e-06, Beta update rate = 3.018927e-06
Epoch 341800 (6.8%): Train pred MSE = 1.138054e-06, Test pred MSE = 1.767409e-02, Param MSE = 1.819978e-01, Grad norm = 5.388924e-06, Beta update rate = 3.014821e-06
Epoch 342000 (6.8%): Train pred MSE = 1.135153e-06, Test pred MSE = 1.767397e-02, Param MSE = 1.819963e-01, Grad norm = 5.381622e-06, Beta update rate = 3.010722e-06
Epoch 342200 (6.8%): Train pred MSE = 1.132261e-06, Test pred MSE = 1.767386e-02, Param MSE = 1.819948e-01, Grad norm = 5.374333e-06, Beta update rate = 3.006629e-06
Epoch 342400 (6.8%): Train pred MSE = 1.129377e-06, Test pred MSE = 1.767374e-02, Param MSE = 1.819933e-01, Grad norm = 5.367055e-06, Beta update rate = 3.002543e-06
Epoch 342600 (6.9%): Train pred MSE = 1.126500e-06, Test pred MSE = 1.767362e-02, Param MSE = 1.819918e-01, Grad norm = 5.359789e-06, Beta update rate = 2.998464e-06
Epoch 342800 (6.9%): Train pred MSE = 1.123631e-06, Test pred MSE = 1.767350e-02, Param MSE = 1.819903e-01, Grad norm = 5.352535e-06, Beta update rate = 2.994392e-06
Epoch 343000 (6.9%): Train pred MSE = 1.120770e-06, Test pred MSE = 1.767338e-02, Param MSE = 1.819888e-01, Grad norm = 5.345293e-06, Beta update rate = 2.990326e-06
Epoch 343200 (6.9%): Train pred MSE = 1.117917e-06, Test pred MSE = 1.767326e-02, Param MSE = 1.819873e-01, Grad norm = 5.338063e-06, Beta update rate = 2.986267e-06
Epoch 343400 (6.9%): Train pred MSE = 1.115071e-06, Test pred MSE = 1.767314e-02, Param MSE = 1.819858e-01, Grad norm = 5.330844e-06, Beta update rate = 2.982215e-06
Epoch 343600 (6.9%): Train pred MSE = 1.112233e-06, Test pred MSE = 1.767303e-02, Param MSE = 1.819843e-01, Grad norm = 5.323638e-06, Beta update rate = 2.978169e-06
Epoch 343800 (6.9%): Train pred MSE = 1.109403e-06, Test pred MSE = 1.767291e-02, Param MSE = 1.819828e-01, Grad norm = 5.316442e-06, Beta update rate = 2.974130e-06
Epoch 344000 (6.9%): Train pred MSE = 1.106581e-06, Test pred MSE = 1.767279e-02, Param MSE = 1.819813e-01, Grad norm = 5.309259e-06, Beta update rate = 2.970097e-06
Epoch 344200 (6.9%): Train pred MSE = 1.103766e-06, Test pred MSE = 1.767267e-02, Param MSE = 1.819799e-01, Grad norm = 5.302087e-06, Beta update rate = 2.966071e-06
Epoch 344400 (6.9%): Train pred MSE = 1.100958e-06, Test pred MSE = 1.767256e-02, Param MSE = 1.819784e-01, Grad norm = 5.294927e-06, Beta update rate = 2.962052e-06
Epoch 344600 (6.9%): Train pred MSE = 1.098158e-06, Test pred MSE = 1.767244e-02, Param MSE = 1.819769e-01, Grad norm = 5.287778e-06, Beta update rate = 2.958039e-06
Epoch 344800 (6.9%): Train pred MSE = 1.095366e-06, Test pred MSE = 1.767232e-02, Param MSE = 1.819754e-01, Grad norm = 5.280641e-06, Beta update rate = 2.954033e-06
Epoch 345000 (6.9%): Train pred MSE = 1.092581e-06, Test pred MSE = 1.767221e-02, Param MSE = 1.819740e-01, Grad norm = 5.273516e-06, Beta update rate = 2.950033e-06
Epoch 345200 (6.9%): Train pred MSE = 1.089804e-06, Test pred MSE = 1.767209e-02, Param MSE = 1.819725e-01, Grad norm = 5.266402e-06, Beta update rate = 2.946040e-06
Epoch 345400 (6.9%): Train pred MSE = 1.087035e-06, Test pred MSE = 1.767198e-02, Param MSE = 1.819710e-01, Grad norm = 5.259300e-06, Beta update rate = 2.942053e-06
Epoch 345600 (6.9%): Train pred MSE = 1.084272e-06, Test pred MSE = 1.767186e-02, Param MSE = 1.819696e-01, Grad norm = 5.252209e-06, Beta update rate = 2.938073e-06
Epoch 345800 (6.9%): Train pred MSE = 1.081517e-06, Test pred MSE = 1.767175e-02, Param MSE = 1.819681e-01, Grad norm = 5.245129e-06, Beta update rate = 2.934099e-06
Epoch 346000 (6.9%): Train pred MSE = 1.078770e-06, Test pred MSE = 1.767163e-02, Param MSE = 1.819667e-01, Grad norm = 5.238061e-06, Beta update rate = 2.930132e-06
Epoch 346200 (6.9%): Train pred MSE = 1.076030e-06, Test pred MSE = 1.767152e-02, Param MSE = 1.819652e-01, Grad norm = 5.231005e-06, Beta update rate = 2.926171e-06
Epoch 346400 (6.9%): Train pred MSE = 1.073297e-06, Test pred MSE = 1.767140e-02, Param MSE = 1.819638e-01, Grad norm = 5.223959e-06, Beta update rate = 2.922216e-06
Epoch 346600 (6.9%): Train pred MSE = 1.070572e-06, Test pred MSE = 1.767129e-02, Param MSE = 1.819623e-01, Grad norm = 5.216925e-06, Beta update rate = 2.918268e-06
Epoch 346800 (6.9%): Train pred MSE = 1.067854e-06, Test pred MSE = 1.767118e-02, Param MSE = 1.819609e-01, Grad norm = 5.209903e-06, Beta update rate = 2.914326e-06
Epoch 347000 (6.9%): Train pred MSE = 1.065144e-06, Test pred MSE = 1.767106e-02, Param MSE = 1.819594e-01, Grad norm = 5.202892e-06, Beta update rate = 2.910391e-06
Epoch 347200 (6.9%): Train pred MSE = 1.062440e-06, Test pred MSE = 1.767095e-02, Param MSE = 1.819580e-01, Grad norm = 5.195892e-06, Beta update rate = 2.906462e-06
Epoch 347400 (6.9%): Train pred MSE = 1.059744e-06, Test pred MSE = 1.767084e-02, Param MSE = 1.819566e-01, Grad norm = 5.188903e-06, Beta update rate = 2.902540e-06
Epoch 347600 (7.0%): Train pred MSE = 1.057055e-06, Test pred MSE = 1.767072e-02, Param MSE = 1.819551e-01, Grad norm = 5.181925e-06, Beta update rate = 2.898623e-06
Epoch 347800 (7.0%): Train pred MSE = 1.054374e-06, Test pred MSE = 1.767061e-02, Param MSE = 1.819537e-01, Grad norm = 5.174959e-06, Beta update rate = 2.894713e-06
Epoch 348000 (7.0%): Train pred MSE = 1.051699e-06, Test pred MSE = 1.767050e-02, Param MSE = 1.819523e-01, Grad norm = 5.168004e-06, Beta update rate = 2.890810e-06
Epoch 348200 (7.0%): Train pred MSE = 1.049032e-06, Test pred MSE = 1.767039e-02, Param MSE = 1.819509e-01, Grad norm = 5.161060e-06, Beta update rate = 2.886913e-06
Epoch 348400 (7.0%): Train pred MSE = 1.046372e-06, Test pred MSE = 1.767027e-02, Param MSE = 1.819494e-01, Grad norm = 5.154127e-06, Beta update rate = 2.883022e-06
Epoch 348600 (7.0%): Train pred MSE = 1.043719e-06, Test pred MSE = 1.767016e-02, Param MSE = 1.819480e-01, Grad norm = 5.147205e-06, Beta update rate = 2.879137e-06
Epoch 348800 (7.0%): Train pred MSE = 1.041073e-06, Test pred MSE = 1.767005e-02, Param MSE = 1.819466e-01, Grad norm = 5.140294e-06, Beta update rate = 2.875258e-06
Epoch 349000 (7.0%): Train pred MSE = 1.038435e-06, Test pred MSE = 1.766994e-02, Param MSE = 1.819452e-01, Grad norm = 5.133395e-06, Beta update rate = 2.871386e-06
Epoch 349200 (7.0%): Train pred MSE = 1.035803e-06, Test pred MSE = 1.766983e-02, Param MSE = 1.819438e-01, Grad norm = 5.126506e-06, Beta update rate = 2.867520e-06
Epoch 349400 (7.0%): Train pred MSE = 1.033178e-06, Test pred MSE = 1.766972e-02, Param MSE = 1.819424e-01, Grad norm = 5.119629e-06, Beta update rate = 2.863661e-06
Epoch 349600 (7.0%): Train pred MSE = 1.030561e-06, Test pred MSE = 1.766961e-02, Param MSE = 1.819410e-01, Grad norm = 5.112762e-06, Beta update rate = 2.859807e-06
Epoch 349800 (7.0%): Train pred MSE = 1.027950e-06, Test pred MSE = 1.766950e-02, Param MSE = 1.819396e-01, Grad norm = 5.105906e-06, Beta update rate = 2.855960e-06
Epoch 350000 (7.0%): Train pred MSE = 1.025347e-06, Test pred MSE = 1.766939e-02, Param MSE = 1.819382e-01, Grad norm = 5.099062e-06, Beta update rate = 2.852118e-06
Epoch 350200 (7.0%): Train pred MSE = 1.022750e-06, Test pred MSE = 1.766928e-02, Param MSE = 1.819368e-01, Grad norm = 5.092228e-06, Beta update rate = 2.848283e-06
Epoch 350400 (7.0%): Train pred MSE = 1.020161e-06, Test pred MSE = 1.766917e-02, Param MSE = 1.819354e-01, Grad norm = 5.085405e-06, Beta update rate = 2.844455e-06
Epoch 350600 (7.0%): Train pred MSE = 1.017578e-06, Test pred MSE = 1.766906e-02, Param MSE = 1.819340e-01, Grad norm = 5.078593e-06, Beta update rate = 2.840632e-06
Epoch 350800 (7.0%): Train pred MSE = 1.015002e-06, Test pred MSE = 1.766895e-02, Param MSE = 1.819326e-01, Grad norm = 5.071792e-06, Beta update rate = 2.836815e-06
Epoch 351000 (7.0%): Train pred MSE = 1.012434e-06, Test pred MSE = 1.766884e-02, Param MSE = 1.819312e-01, Grad norm = 5.065002e-06, Beta update rate = 2.833005e-06
Epoch 351200 (7.0%): Train pred MSE = 1.009872e-06, Test pred MSE = 1.766873e-02, Param MSE = 1.819299e-01, Grad norm = 5.058222e-06, Beta update rate = 2.829200e-06
Epoch 351400 (7.0%): Train pred MSE = 1.007317e-06, Test pred MSE = 1.766862e-02, Param MSE = 1.819285e-01, Grad norm = 5.051454e-06, Beta update rate = 2.825402e-06
Epoch 351600 (7.0%): Train pred MSE = 1.004768e-06, Test pred MSE = 1.766852e-02, Param MSE = 1.819271e-01, Grad norm = 5.044696e-06, Beta update rate = 2.821610e-06
Epoch 351800 (7.0%): Train pred MSE = 1.002227e-06, Test pred MSE = 1.766841e-02, Param MSE = 1.819257e-01, Grad norm = 5.037948e-06, Beta update rate = 2.817824e-06
Epoch 352000 (7.0%): Train pred MSE = 9.996921e-07, Test pred MSE = 1.766830e-02, Param MSE = 1.819244e-01, Grad norm = 5.031212e-06, Beta update rate = 2.814044e-06
Epoch 352200 (7.0%): Train pred MSE = 9.971642e-07, Test pred MSE = 1.766819e-02, Param MSE = 1.819230e-01, Grad norm = 5.024486e-06, Beta update rate = 2.810270e-06
Epoch 352400 (7.0%): Train pred MSE = 9.946431e-07, Test pred MSE = 1.766809e-02, Param MSE = 1.819216e-01, Grad norm = 5.017771e-06, Beta update rate = 2.806502e-06
Epoch 352600 (7.1%): Train pred MSE = 9.921287e-07, Test pred MSE = 1.766798e-02, Param MSE = 1.819203e-01, Grad norm = 5.011066e-06, Beta update rate = 2.802739e-06
Epoch 352800 (7.1%): Train pred MSE = 9.896210e-07, Test pred MSE = 1.766787e-02, Param MSE = 1.819189e-01, Grad norm = 5.004372e-06, Beta update rate = 2.798983e-06
Epoch 353000 (7.1%): Train pred MSE = 9.871200e-07, Test pred MSE = 1.766776e-02, Param MSE = 1.819176e-01, Grad norm = 4.997689e-06, Beta update rate = 2.795233e-06
Epoch 353200 (7.1%): Train pred MSE = 9.846256e-07, Test pred MSE = 1.766766e-02, Param MSE = 1.819162e-01, Grad norm = 4.991016e-06, Beta update rate = 2.791489e-06
Epoch 353400 (7.1%): Train pred MSE = 9.821380e-07, Test pred MSE = 1.766755e-02, Param MSE = 1.819148e-01, Grad norm = 4.984354e-06, Beta update rate = 2.787751e-06
Epoch 353600 (7.1%): Train pred MSE = 9.796569e-07, Test pred MSE = 1.766745e-02, Param MSE = 1.819135e-01, Grad norm = 4.977702e-06, Beta update rate = 2.784019e-06
Epoch 353800 (7.1%): Train pred MSE = 9.771825e-07, Test pred MSE = 1.766734e-02, Param MSE = 1.819121e-01, Grad norm = 4.971061e-06, Beta update rate = 2.780293e-06
Epoch 354000 (7.1%): Train pred MSE = 9.747147e-07, Test pred MSE = 1.766724e-02, Param MSE = 1.819108e-01, Grad norm = 4.964430e-06, Beta update rate = 2.776572e-06
Epoch 354200 (7.1%): Train pred MSE = 9.722534e-07, Test pred MSE = 1.766713e-02, Param MSE = 1.819095e-01, Grad norm = 4.957810e-06, Beta update rate = 2.772858e-06
Epoch 354400 (7.1%): Train pred MSE = 9.697987e-07, Test pred MSE = 1.766703e-02, Param MSE = 1.819081e-01, Grad norm = 4.951200e-06, Beta update rate = 2.769149e-06
Epoch 354600 (7.1%): Train pred MSE = 9.673506e-07, Test pred MSE = 1.766692e-02, Param MSE = 1.819068e-01, Grad norm = 4.944601e-06, Beta update rate = 2.765447e-06
Epoch 354800 (7.1%): Train pred MSE = 9.649090e-07, Test pred MSE = 1.766682e-02, Param MSE = 1.819055e-01, Grad norm = 4.938012e-06, Beta update rate = 2.761750e-06
Epoch 355000 (7.1%): Train pred MSE = 9.624738e-07, Test pred MSE = 1.766671e-02, Param MSE = 1.819041e-01, Grad norm = 4.931433e-06, Beta update rate = 2.758059e-06
Epoch 355200 (7.1%): Train pred MSE = 9.600452e-07, Test pred MSE = 1.766661e-02, Param MSE = 1.819028e-01, Grad norm = 4.924865e-06, Beta update rate = 2.754374e-06
Epoch 355400 (7.1%): Train pred MSE = 9.576230e-07, Test pred MSE = 1.766650e-02, Param MSE = 1.819015e-01, Grad norm = 4.918307e-06, Beta update rate = 2.750695e-06
Epoch 355600 (7.1%): Train pred MSE = 9.552073e-07, Test pred MSE = 1.766640e-02, Param MSE = 1.819001e-01, Grad norm = 4.911760e-06, Beta update rate = 2.747021e-06
Epoch 355800 (7.1%): Train pred MSE = 9.527980e-07, Test pred MSE = 1.766630e-02, Param MSE = 1.818988e-01, Grad norm = 4.905222e-06, Beta update rate = 2.743354e-06
Epoch 356000 (7.1%): Train pred MSE = 9.503951e-07, Test pred MSE = 1.766619e-02, Param MSE = 1.818975e-01, Grad norm = 4.898695e-06, Beta update rate = 2.739692e-06
Epoch 356200 (7.1%): Train pred MSE = 9.479986e-07, Test pred MSE = 1.766609e-02, Param MSE = 1.818962e-01, Grad norm = 4.892179e-06, Beta update rate = 2.736036e-06
Epoch 356400 (7.1%): Train pred MSE = 9.456085e-07, Test pred MSE = 1.766599e-02, Param MSE = 1.818949e-01, Grad norm = 4.885672e-06, Beta update rate = 2.732385e-06
Epoch 356600 (7.1%): Train pred MSE = 9.432247e-07, Test pred MSE = 1.766588e-02, Param MSE = 1.818936e-01, Grad norm = 4.879176e-06, Beta update rate = 2.728741e-06
Epoch 356800 (7.1%): Train pred MSE = 9.408472e-07, Test pred MSE = 1.766578e-02, Param MSE = 1.818923e-01, Grad norm = 4.872689e-06, Beta update rate = 2.725102e-06
Epoch 357000 (7.1%): Train pred MSE = 9.384761e-07, Test pred MSE = 1.766568e-02, Param MSE = 1.818910e-01, Grad norm = 4.866213e-06, Beta update rate = 2.721469e-06
Epoch 357200 (7.1%): Train pred MSE = 9.361113e-07, Test pred MSE = 1.766558e-02, Param MSE = 1.818897e-01, Grad norm = 4.859747e-06, Beta update rate = 2.717842e-06
Epoch 357400 (7.1%): Train pred MSE = 9.337527e-07, Test pred MSE = 1.766548e-02, Param MSE = 1.818884e-01, Grad norm = 4.853292e-06, Beta update rate = 2.714220e-06
Epoch 357600 (7.2%): Train pred MSE = 9.314004e-07, Test pred MSE = 1.766537e-02, Param MSE = 1.818871e-01, Grad norm = 4.846846e-06, Beta update rate = 2.710604e-06
Epoch 357800 (7.2%): Train pred MSE = 9.290544e-07, Test pred MSE = 1.766527e-02, Param MSE = 1.818858e-01, Grad norm = 4.840410e-06, Beta update rate = 2.706994e-06
Epoch 358000 (7.2%): Train pred MSE = 9.267145e-07, Test pred MSE = 1.766517e-02, Param MSE = 1.818845e-01, Grad norm = 4.833985e-06, Beta update rate = 2.703390e-06
Epoch 358200 (7.2%): Train pred MSE = 9.243809e-07, Test pred MSE = 1.766507e-02, Param MSE = 1.818832e-01, Grad norm = 4.827569e-06, Beta update rate = 2.699791e-06
Epoch 358400 (7.2%): Train pred MSE = 9.220535e-07, Test pred MSE = 1.766497e-02, Param MSE = 1.818819e-01, Grad norm = 4.821164e-06, Beta update rate = 2.696197e-06
Epoch 358600 (7.2%): Train pred MSE = 9.197322e-07, Test pred MSE = 1.766487e-02, Param MSE = 1.818806e-01, Grad norm = 4.814768e-06, Beta update rate = 2.692610e-06
Epoch 358800 (7.2%): Train pred MSE = 9.174171e-07, Test pred MSE = 1.766477e-02, Param MSE = 1.818793e-01, Grad norm = 4.808383e-06, Beta update rate = 2.689028e-06
Epoch 359000 (7.2%): Train pred MSE = 9.151082e-07, Test pred MSE = 1.766467e-02, Param MSE = 1.818780e-01, Grad norm = 4.802007e-06, Beta update rate = 2.685451e-06
Epoch 359200 (7.2%): Train pred MSE = 9.128053e-07, Test pred MSE = 1.766457e-02, Param MSE = 1.818768e-01, Grad norm = 4.795641e-06, Beta update rate = 2.681881e-06
Epoch 359400 (7.2%): Train pred MSE = 9.105086e-07, Test pred MSE = 1.766447e-02, Param MSE = 1.818755e-01, Grad norm = 4.789286e-06, Beta update rate = 2.678316e-06
Epoch 359600 (7.2%): Train pred MSE = 9.082179e-07, Test pred MSE = 1.766437e-02, Param MSE = 1.818742e-01, Grad norm = 4.782940e-06, Beta update rate = 2.674756e-06
Epoch 359800 (7.2%): Train pred MSE = 9.059333e-07, Test pred MSE = 1.766427e-02, Param MSE = 1.818729e-01, Grad norm = 4.776604e-06, Beta update rate = 2.671202e-06
Epoch 360000 (7.2%): Train pred MSE = 9.036548e-07, Test pred MSE = 1.766417e-02, Param MSE = 1.818717e-01, Grad norm = 4.770278e-06, Beta update rate = 2.667654e-06
Epoch 360200 (7.2%): Train pred MSE = 9.013822e-07, Test pred MSE = 1.766407e-02, Param MSE = 1.818704e-01, Grad norm = 4.763961e-06, Beta update rate = 2.664111e-06
Epoch 360400 (7.2%): Train pred MSE = 8.991157e-07, Test pred MSE = 1.766397e-02, Param MSE = 1.818692e-01, Grad norm = 4.757655e-06, Beta update rate = 2.660573e-06
Epoch 360600 (7.2%): Train pred MSE = 8.968552e-07, Test pred MSE = 1.766388e-02, Param MSE = 1.818679e-01, Grad norm = 4.751358e-06, Beta update rate = 2.657041e-06
Epoch 360800 (7.2%): Train pred MSE = 8.946007e-07, Test pred MSE = 1.766378e-02, Param MSE = 1.818666e-01, Grad norm = 4.745071e-06, Beta update rate = 2.653515e-06
Epoch 361000 (7.2%): Train pred MSE = 8.923521e-07, Test pred MSE = 1.766368e-02, Param MSE = 1.818654e-01, Grad norm = 4.738794e-06, Beta update rate = 2.649994e-06
Epoch 361200 (7.2%): Train pred MSE = 8.901095e-07, Test pred MSE = 1.766358e-02, Param MSE = 1.818641e-01, Grad norm = 4.732526e-06, Beta update rate = 2.646479e-06
Epoch 361400 (7.2%): Train pred MSE = 8.878728e-07, Test pred MSE = 1.766348e-02, Param MSE = 1.818629e-01, Grad norm = 4.726268e-06, Beta update rate = 2.642969e-06
Epoch 361600 (7.2%): Train pred MSE = 8.856420e-07, Test pred MSE = 1.766339e-02, Param MSE = 1.818616e-01, Grad norm = 4.720020e-06, Beta update rate = 2.639465e-06
Epoch 361800 (7.2%): Train pred MSE = 8.834171e-07, Test pred MSE = 1.766329e-02, Param MSE = 1.818604e-01, Grad norm = 4.713782e-06, Beta update rate = 2.635966e-06
Epoch 362000 (7.2%): Train pred MSE = 8.811981e-07, Test pred MSE = 1.766319e-02, Param MSE = 1.818591e-01, Grad norm = 4.707553e-06, Beta update rate = 2.632472e-06
Epoch 362200 (7.2%): Train pred MSE = 8.789850e-07, Test pred MSE = 1.766310e-02, Param MSE = 1.818579e-01, Grad norm = 4.701334e-06, Beta update rate = 2.628984e-06
Epoch 362400 (7.2%): Train pred MSE = 8.767776e-07, Test pred MSE = 1.766300e-02, Param MSE = 1.818567e-01, Grad norm = 4.695124e-06, Beta update rate = 2.625501e-06
Epoch 362600 (7.3%): Train pred MSE = 8.745762e-07, Test pred MSE = 1.766290e-02, Param MSE = 1.818554e-01, Grad norm = 4.688924e-06, Beta update rate = 2.622024e-06
Epoch 362800 (7.3%): Train pred MSE = 8.723805e-07, Test pred MSE = 1.766281e-02, Param MSE = 1.818542e-01, Grad norm = 4.682734e-06, Beta update rate = 2.618552e-06
Epoch 363000 (7.3%): Train pred MSE = 8.701906e-07, Test pred MSE = 1.766271e-02, Param MSE = 1.818529e-01, Grad norm = 4.676553e-06, Beta update rate = 2.615086e-06
Epoch 363200 (7.3%): Train pred MSE = 8.680065e-07, Test pred MSE = 1.766261e-02, Param MSE = 1.818517e-01, Grad norm = 4.670382e-06, Beta update rate = 2.611625e-06
Epoch 363400 (7.3%): Train pred MSE = 8.658281e-07, Test pred MSE = 1.766252e-02, Param MSE = 1.818505e-01, Grad norm = 4.664220e-06, Beta update rate = 2.608169e-06
Epoch 363600 (7.3%): Train pred MSE = 8.636555e-07, Test pred MSE = 1.766242e-02, Param MSE = 1.818493e-01, Grad norm = 4.658068e-06, Beta update rate = 2.604719e-06
Epoch 363800 (7.3%): Train pred MSE = 8.614887e-07, Test pred MSE = 1.766233e-02, Param MSE = 1.818480e-01, Grad norm = 4.651925e-06, Beta update rate = 2.601274e-06
Epoch 364000 (7.3%): Train pred MSE = 8.593275e-07, Test pred MSE = 1.766223e-02, Param MSE = 1.818468e-01, Grad norm = 4.645791e-06, Beta update rate = 2.597834e-06
Epoch 364200 (7.3%): Train pred MSE = 8.571720e-07, Test pred MSE = 1.766214e-02, Param MSE = 1.818456e-01, Grad norm = 4.639667e-06, Beta update rate = 2.594399e-06
Epoch 364400 (7.3%): Train pred MSE = 8.550222e-07, Test pred MSE = 1.766204e-02, Param MSE = 1.818444e-01, Grad norm = 4.633553e-06, Beta update rate = 2.590970e-06
Epoch 364600 (7.3%): Train pred MSE = 8.528781e-07, Test pred MSE = 1.766195e-02, Param MSE = 1.818432e-01, Grad norm = 4.627448e-06, Beta update rate = 2.587547e-06
Epoch 364800 (7.3%): Train pred MSE = 8.507396e-07, Test pred MSE = 1.766185e-02, Param MSE = 1.818420e-01, Grad norm = 4.621352e-06, Beta update rate = 2.584128e-06
Epoch 365000 (7.3%): Train pred MSE = 8.486068e-07, Test pred MSE = 1.766176e-02, Param MSE = 1.818408e-01, Grad norm = 4.615265e-06, Beta update rate = 2.580715e-06
Epoch 365200 (7.3%): Train pred MSE = 8.464795e-07, Test pred MSE = 1.766167e-02, Param MSE = 1.818396e-01, Grad norm = 4.609188e-06, Beta update rate = 2.577307e-06
Epoch 365400 (7.3%): Train pred MSE = 8.443579e-07, Test pred MSE = 1.766157e-02, Param MSE = 1.818383e-01, Grad norm = 4.603120e-06, Beta update rate = 2.573904e-06
Epoch 365600 (7.3%): Train pred MSE = 8.422418e-07, Test pred MSE = 1.766148e-02, Param MSE = 1.818371e-01, Grad norm = 4.597062e-06, Beta update rate = 2.570507e-06
Epoch 365800 (7.3%): Train pred MSE = 8.401313e-07, Test pred MSE = 1.766139e-02, Param MSE = 1.818359e-01, Grad norm = 4.591013e-06, Beta update rate = 2.567115e-06
Epoch 366000 (7.3%): Train pred MSE = 8.380264e-07, Test pred MSE = 1.766129e-02, Param MSE = 1.818348e-01, Grad norm = 4.584973e-06, Beta update rate = 2.563728e-06
Epoch 366200 (7.3%): Train pred MSE = 8.359269e-07, Test pred MSE = 1.766120e-02, Param MSE = 1.818336e-01, Grad norm = 4.578942e-06, Beta update rate = 2.560346e-06
Epoch 366400 (7.3%): Train pred MSE = 8.338331e-07, Test pred MSE = 1.766111e-02, Param MSE = 1.818324e-01, Grad norm = 4.572921e-06, Beta update rate = 2.556969e-06
Epoch 366600 (7.3%): Train pred MSE = 8.317447e-07, Test pred MSE = 1.766101e-02, Param MSE = 1.818312e-01, Grad norm = 4.566908e-06, Beta update rate = 2.553598e-06
Epoch 366800 (7.3%): Train pred MSE = 8.296618e-07, Test pred MSE = 1.766092e-02, Param MSE = 1.818300e-01, Grad norm = 4.560905e-06, Beta update rate = 2.550232e-06
Epoch 367000 (7.3%): Train pred MSE = 8.275843e-07, Test pred MSE = 1.766083e-02, Param MSE = 1.818288e-01, Grad norm = 4.554911e-06, Beta update rate = 2.546871e-06
Epoch 367200 (7.3%): Train pred MSE = 8.255124e-07, Test pred MSE = 1.766074e-02, Param MSE = 1.818276e-01, Grad norm = 4.548927e-06, Beta update rate = 2.543515e-06
Epoch 367400 (7.3%): Train pred MSE = 8.234458e-07, Test pred MSE = 1.766065e-02, Param MSE = 1.818264e-01, Grad norm = 4.542951e-06, Beta update rate = 2.540164e-06
Epoch 367600 (7.4%): Train pred MSE = 8.213847e-07, Test pred MSE = 1.766055e-02, Param MSE = 1.818253e-01, Grad norm = 4.536985e-06, Beta update rate = 2.536819e-06
Epoch 367800 (7.4%): Train pred MSE = 8.193290e-07, Test pred MSE = 1.766046e-02, Param MSE = 1.818241e-01, Grad norm = 4.531027e-06, Beta update rate = 2.533478e-06
Epoch 368000 (7.4%): Train pred MSE = 8.172787e-07, Test pred MSE = 1.766037e-02, Param MSE = 1.818229e-01, Grad norm = 4.525079e-06, Beta update rate = 2.530143e-06
Epoch 368200 (7.4%): Train pred MSE = 8.152338e-07, Test pred MSE = 1.766028e-02, Param MSE = 1.818217e-01, Grad norm = 4.519140e-06, Beta update rate = 2.526813e-06
Epoch 368400 (7.4%): Train pred MSE = 8.131942e-07, Test pred MSE = 1.766019e-02, Param MSE = 1.818206e-01, Grad norm = 4.513209e-06, Beta update rate = 2.523488e-06
Epoch 368600 (7.4%): Train pred MSE = 8.111600e-07, Test pred MSE = 1.766010e-02, Param MSE = 1.818194e-01, Grad norm = 4.507288e-06, Beta update rate = 2.520168e-06
Epoch 368800 (7.4%): Train pred MSE = 8.091311e-07, Test pred MSE = 1.766001e-02, Param MSE = 1.818182e-01, Grad norm = 4.501376e-06, Beta update rate = 2.516853e-06
Epoch 369000 (7.4%): Train pred MSE = 8.071076e-07, Test pred MSE = 1.765992e-02, Param MSE = 1.818171e-01, Grad norm = 4.495473e-06, Beta update rate = 2.513543e-06
Epoch 369200 (7.4%): Train pred MSE = 8.050893e-07, Test pred MSE = 1.765983e-02, Param MSE = 1.818159e-01, Grad norm = 4.489578e-06, Beta update rate = 2.510238e-06
Epoch 369400 (7.4%): Train pred MSE = 8.030763e-07, Test pred MSE = 1.765974e-02, Param MSE = 1.818147e-01, Grad norm = 4.483693e-06, Beta update rate = 2.506938e-06
Epoch 369600 (7.4%): Train pred MSE = 8.010686e-07, Test pred MSE = 1.765965e-02, Param MSE = 1.818136e-01, Grad norm = 4.477817e-06, Beta update rate = 2.503644e-06
Epoch 369800 (7.4%): Train pred MSE = 7.990662e-07, Test pred MSE = 1.765956e-02, Param MSE = 1.818124e-01, Grad norm = 4.471949e-06, Beta update rate = 2.500354e-06
Epoch 370000 (7.4%): Train pred MSE = 7.970690e-07, Test pred MSE = 1.765947e-02, Param MSE = 1.818113e-01, Grad norm = 4.466091e-06, Beta update rate = 2.497069e-06
Epoch 370200 (7.4%): Train pred MSE = 7.950770e-07, Test pred MSE = 1.765938e-02, Param MSE = 1.818101e-01, Grad norm = 4.460241e-06, Beta update rate = 2.493790e-06
Epoch 370400 (7.4%): Train pred MSE = 7.930903e-07, Test pred MSE = 1.765929e-02, Param MSE = 1.818090e-01, Grad norm = 4.454400e-06, Beta update rate = 2.490515e-06
Epoch 370600 (7.4%): Train pred MSE = 7.911087e-07, Test pred MSE = 1.765920e-02, Param MSE = 1.818078e-01, Grad norm = 4.448568e-06, Beta update rate = 2.487245e-06
Epoch 370800 (7.4%): Train pred MSE = 7.891324e-07, Test pred MSE = 1.765911e-02, Param MSE = 1.818067e-01, Grad norm = 4.442745e-06, Beta update rate = 2.483980e-06
Epoch 371000 (7.4%): Train pred MSE = 7.871612e-07, Test pred MSE = 1.765903e-02, Param MSE = 1.818056e-01, Grad norm = 4.436931e-06, Beta update rate = 2.480721e-06
Epoch 371200 (7.4%): Train pred MSE = 7.851951e-07, Test pred MSE = 1.765894e-02, Param MSE = 1.818044e-01, Grad norm = 4.431125e-06, Beta update rate = 2.477466e-06
Epoch 371400 (7.4%): Train pred MSE = 7.832342e-07, Test pred MSE = 1.765885e-02, Param MSE = 1.818033e-01, Grad norm = 4.425329e-06, Beta update rate = 2.474216e-06
Epoch 371600 (7.4%): Train pred MSE = 7.812785e-07, Test pred MSE = 1.765876e-02, Param MSE = 1.818021e-01, Grad norm = 4.419541e-06, Beta update rate = 2.470971e-06
Epoch 371800 (7.4%): Train pred MSE = 7.793278e-07, Test pred MSE = 1.765867e-02, Param MSE = 1.818010e-01, Grad norm = 4.413762e-06, Beta update rate = 2.467731e-06
Epoch 372000 (7.4%): Train pred MSE = 7.773822e-07, Test pred MSE = 1.765859e-02, Param MSE = 1.817999e-01, Grad norm = 4.407991e-06, Beta update rate = 2.464496e-06
Epoch 372200 (7.4%): Train pred MSE = 7.754417e-07, Test pred MSE = 1.765850e-02, Param MSE = 1.817987e-01, Grad norm = 4.402229e-06, Beta update rate = 2.461266e-06
Epoch 372400 (7.4%): Train pred MSE = 7.735063e-07, Test pred MSE = 1.765841e-02, Param MSE = 1.817976e-01, Grad norm = 4.396476e-06, Beta update rate = 2.458041e-06
Epoch 372600 (7.5%): Train pred MSE = 7.715760e-07, Test pred MSE = 1.765832e-02, Param MSE = 1.817965e-01, Grad norm = 4.390732e-06, Beta update rate = 2.454820e-06
Epoch 372800 (7.5%): Train pred MSE = 7.696507e-07, Test pred MSE = 1.765824e-02, Param MSE = 1.817954e-01, Grad norm = 4.384996e-06, Beta update rate = 2.451605e-06
Epoch 373000 (7.5%): Train pred MSE = 7.677304e-07, Test pred MSE = 1.765815e-02, Param MSE = 1.817943e-01, Grad norm = 4.379269e-06, Beta update rate = 2.448394e-06
Epoch 373200 (7.5%): Train pred MSE = 7.658151e-07, Test pred MSE = 1.765806e-02, Param MSE = 1.817931e-01, Grad norm = 4.373550e-06, Beta update rate = 2.445189e-06
Epoch 373400 (7.5%): Train pred MSE = 7.639048e-07, Test pred MSE = 1.765798e-02, Param MSE = 1.817920e-01, Grad norm = 4.367840e-06, Beta update rate = 2.441988e-06
Epoch 373600 (7.5%): Train pred MSE = 7.619995e-07, Test pred MSE = 1.765789e-02, Param MSE = 1.817909e-01, Grad norm = 4.362139e-06, Beta update rate = 2.438792e-06
Epoch 373800 (7.5%): Train pred MSE = 7.600992e-07, Test pred MSE = 1.765781e-02, Param MSE = 1.817898e-01, Grad norm = 4.356446e-06, Beta update rate = 2.435600e-06
Epoch 374000 (7.5%): Train pred MSE = 7.582038e-07, Test pred MSE = 1.765772e-02, Param MSE = 1.817887e-01, Grad norm = 4.350762e-06, Beta update rate = 2.432414e-06
Epoch 374200 (7.5%): Train pred MSE = 7.563134e-07, Test pred MSE = 1.765763e-02, Param MSE = 1.817876e-01, Grad norm = 4.345086e-06, Beta update rate = 2.429233e-06
Epoch 374400 (7.5%): Train pred MSE = 7.544279e-07, Test pred MSE = 1.765755e-02, Param MSE = 1.817865e-01, Grad norm = 4.339419e-06, Beta update rate = 2.426056e-06
Epoch 374600 (7.5%): Train pred MSE = 7.525473e-07, Test pred MSE = 1.765746e-02, Param MSE = 1.817854e-01, Grad norm = 4.333761e-06, Beta update rate = 2.422884e-06
Epoch 374800 (7.5%): Train pred MSE = 7.506716e-07, Test pred MSE = 1.765738e-02, Param MSE = 1.817843e-01, Grad norm = 4.328110e-06, Beta update rate = 2.419717e-06
Epoch 375000 (7.5%): Train pred MSE = 7.488009e-07, Test pred MSE = 1.765729e-02, Param MSE = 1.817832e-01, Grad norm = 4.322469e-06, Beta update rate = 2.416554e-06
Epoch 375200 (7.5%): Train pred MSE = 7.469349e-07, Test pred MSE = 1.765721e-02, Param MSE = 1.817821e-01, Grad norm = 4.316835e-06, Beta update rate = 2.413396e-06
Epoch 375400 (7.5%): Train pred MSE = 7.450739e-07, Test pred MSE = 1.765712e-02, Param MSE = 1.817810e-01, Grad norm = 4.311211e-06, Beta update rate = 2.410244e-06
Epoch 375600 (7.5%): Train pred MSE = 7.432177e-07, Test pred MSE = 1.765704e-02, Param MSE = 1.817799e-01, Grad norm = 4.305594e-06, Beta update rate = 2.407095e-06
Epoch 375800 (7.5%): Train pred MSE = 7.413663e-07, Test pred MSE = 1.765696e-02, Param MSE = 1.817788e-01, Grad norm = 4.299986e-06, Beta update rate = 2.403952e-06
Epoch 376000 (7.5%): Train pred MSE = 7.395197e-07, Test pred MSE = 1.765687e-02, Param MSE = 1.817777e-01, Grad norm = 4.294387e-06, Beta update rate = 2.400813e-06
Epoch 376200 (7.5%): Train pred MSE = 7.376780e-07, Test pred MSE = 1.765679e-02, Param MSE = 1.817766e-01, Grad norm = 4.288796e-06, Beta update rate = 2.397679e-06
Epoch 376400 (7.5%): Train pred MSE = 7.358410e-07, Test pred MSE = 1.765670e-02, Param MSE = 1.817755e-01, Grad norm = 4.283213e-06, Beta update rate = 2.394550e-06
Epoch 376600 (7.5%): Train pred MSE = 7.340088e-07, Test pred MSE = 1.765662e-02, Param MSE = 1.817744e-01, Grad norm = 4.277638e-06, Beta update rate = 2.391425e-06
Epoch 376800 (7.5%): Train pred MSE = 7.321814e-07, Test pred MSE = 1.765654e-02, Param MSE = 1.817734e-01, Grad norm = 4.272072e-06, Beta update rate = 2.388306e-06
Epoch 377000 (7.5%): Train pred MSE = 7.303587e-07, Test pred MSE = 1.765645e-02, Param MSE = 1.817723e-01, Grad norm = 4.266514e-06, Beta update rate = 2.385190e-06
Epoch 377200 (7.5%): Train pred MSE = 7.285408e-07, Test pred MSE = 1.765637e-02, Param MSE = 1.817712e-01, Grad norm = 4.260965e-06, Beta update rate = 2.382080e-06
Epoch 377400 (7.5%): Train pred MSE = 7.267276e-07, Test pred MSE = 1.765629e-02, Param MSE = 1.817701e-01, Grad norm = 4.255423e-06, Beta update rate = 2.378974e-06
Epoch 377600 (7.6%): Train pred MSE = 7.249191e-07, Test pred MSE = 1.765621e-02, Param MSE = 1.817691e-01, Grad norm = 4.249890e-06, Beta update rate = 2.375873e-06
Epoch 377800 (7.6%): Train pred MSE = 7.231153e-07, Test pred MSE = 1.765612e-02, Param MSE = 1.817680e-01, Grad norm = 4.244366e-06, Beta update rate = 2.372776e-06
Epoch 378000 (7.6%): Train pred MSE = 7.213162e-07, Test pred MSE = 1.765604e-02, Param MSE = 1.817669e-01, Grad norm = 4.238849e-06, Beta update rate = 2.369684e-06
Epoch 378200 (7.6%): Train pred MSE = 7.195218e-07, Test pred MSE = 1.765596e-02, Param MSE = 1.817659e-01, Grad norm = 4.233341e-06, Beta update rate = 2.366597e-06
Epoch 378400 (7.6%): Train pred MSE = 7.177320e-07, Test pred MSE = 1.765588e-02, Param MSE = 1.817648e-01, Grad norm = 4.227841e-06, Beta update rate = 2.363514e-06
Epoch 378600 (7.6%): Train pred MSE = 7.159469e-07, Test pred MSE = 1.765579e-02, Param MSE = 1.817637e-01, Grad norm = 4.222349e-06, Beta update rate = 2.360436e-06
Epoch 378800 (7.6%): Train pred MSE = 7.141664e-07, Test pred MSE = 1.765571e-02, Param MSE = 1.817627e-01, Grad norm = 4.216865e-06, Beta update rate = 2.357363e-06
Epoch 379000 (7.6%): Train pred MSE = 7.123905e-07, Test pred MSE = 1.765563e-02, Param MSE = 1.817616e-01, Grad norm = 4.211389e-06, Beta update rate = 2.354294e-06
Epoch 379200 (7.6%): Train pred MSE = 7.106192e-07, Test pred MSE = 1.765555e-02, Param MSE = 1.817606e-01, Grad norm = 4.205922e-06, Beta update rate = 2.351230e-06
Epoch 379400 (7.6%): Train pred MSE = 7.088526e-07, Test pred MSE = 1.765547e-02, Param MSE = 1.817595e-01, Grad norm = 4.200462e-06, Beta update rate = 2.348170e-06
Epoch 379600 (7.6%): Train pred MSE = 7.070905e-07, Test pred MSE = 1.765539e-02, Param MSE = 1.817584e-01, Grad norm = 4.195011e-06, Beta update rate = 2.345115e-06
Epoch 379800 (7.6%): Train pred MSE = 7.053330e-07, Test pred MSE = 1.765531e-02, Param MSE = 1.817574e-01, Grad norm = 4.189568e-06, Beta update rate = 2.342064e-06
Epoch 380000 (7.6%): Train pred MSE = 7.035800e-07, Test pred MSE = 1.765523e-02, Param MSE = 1.817563e-01, Grad norm = 4.184133e-06, Beta update rate = 2.339018e-06
Epoch 380200 (7.6%): Train pred MSE = 7.018316e-07, Test pred MSE = 1.765515e-02, Param MSE = 1.817553e-01, Grad norm = 4.178706e-06, Beta update rate = 2.335977e-06
Epoch 380400 (7.6%): Train pred MSE = 7.000877e-07, Test pred MSE = 1.765506e-02, Param MSE = 1.817543e-01, Grad norm = 4.173286e-06, Beta update rate = 2.332940e-06
Epoch 380600 (7.6%): Train pred MSE = 6.983484e-07, Test pred MSE = 1.765498e-02, Param MSE = 1.817532e-01, Grad norm = 4.167875e-06, Beta update rate = 2.329907e-06
Epoch 380800 (7.6%): Train pred MSE = 6.966135e-07, Test pred MSE = 1.765490e-02, Param MSE = 1.817522e-01, Grad norm = 4.162472e-06, Beta update rate = 2.326880e-06
Epoch 381000 (7.6%): Train pred MSE = 6.948832e-07, Test pred MSE = 1.765482e-02, Param MSE = 1.817511e-01, Grad norm = 4.157077e-06, Beta update rate = 2.323856e-06
Epoch 381200 (7.6%): Train pred MSE = 6.931573e-07, Test pred MSE = 1.765474e-02, Param MSE = 1.817501e-01, Grad norm = 4.151690e-06, Beta update rate = 2.320837e-06
Epoch 381400 (7.6%): Train pred MSE = 6.914359e-07, Test pred MSE = 1.765466e-02, Param MSE = 1.817491e-01, Grad norm = 4.146311e-06, Beta update rate = 2.317823e-06
Epoch 381600 (7.6%): Train pred MSE = 6.897190e-07, Test pred MSE = 1.765459e-02, Param MSE = 1.817480e-01, Grad norm = 4.140940e-06, Beta update rate = 2.314813e-06
Epoch 381800 (7.6%): Train pred MSE = 6.880065e-07, Test pred MSE = 1.765451e-02, Param MSE = 1.817470e-01, Grad norm = 4.135577e-06, Beta update rate = 2.311807e-06
Epoch 382000 (7.6%): Train pred MSE = 6.862984e-07, Test pred MSE = 1.765443e-02, Param MSE = 1.817460e-01, Grad norm = 4.130222e-06, Beta update rate = 2.308806e-06
Epoch 382200 (7.6%): Train pred MSE = 6.845947e-07, Test pred MSE = 1.765435e-02, Param MSE = 1.817449e-01, Grad norm = 4.124875e-06, Beta update rate = 2.305810e-06
Epoch 382400 (7.6%): Train pred MSE = 6.828955e-07, Test pred MSE = 1.765427e-02, Param MSE = 1.817439e-01, Grad norm = 4.119535e-06, Beta update rate = 2.302818e-06
Epoch 382600 (7.7%): Train pred MSE = 6.812007e-07, Test pred MSE = 1.765419e-02, Param MSE = 1.817429e-01, Grad norm = 4.114204e-06, Beta update rate = 2.299830e-06
Epoch 382800 (7.7%): Train pred MSE = 6.795102e-07, Test pred MSE = 1.765411e-02, Param MSE = 1.817419e-01, Grad norm = 4.108880e-06, Beta update rate = 2.296847e-06
Epoch 383000 (7.7%): Train pred MSE = 6.778241e-07, Test pred MSE = 1.765403e-02, Param MSE = 1.817408e-01, Grad norm = 4.103564e-06, Beta update rate = 2.293868e-06
Epoch 383200 (7.7%): Train pred MSE = 6.761424e-07, Test pred MSE = 1.765396e-02, Param MSE = 1.817398e-01, Grad norm = 4.098256e-06, Beta update rate = 2.290893e-06
Epoch 383400 (7.7%): Train pred MSE = 6.744650e-07, Test pred MSE = 1.765388e-02, Param MSE = 1.817388e-01, Grad norm = 4.092956e-06, Beta update rate = 2.287923e-06
Epoch 383600 (7.7%): Train pred MSE = 6.727919e-07, Test pred MSE = 1.765380e-02, Param MSE = 1.817378e-01, Grad norm = 4.087663e-06, Beta update rate = 2.284958e-06
Epoch 383800 (7.7%): Train pred MSE = 6.711232e-07, Test pred MSE = 1.765372e-02, Param MSE = 1.817368e-01, Grad norm = 4.082379e-06, Beta update rate = 2.281996e-06
Epoch 384000 (7.7%): Train pred MSE = 6.694588e-07, Test pred MSE = 1.765364e-02, Param MSE = 1.817358e-01, Grad norm = 4.077102e-06, Beta update rate = 2.279040e-06
Epoch 384200 (7.7%): Train pred MSE = 6.677987e-07, Test pred MSE = 1.765357e-02, Param MSE = 1.817348e-01, Grad norm = 4.071833e-06, Beta update rate = 2.276087e-06
Epoch 384400 (7.7%): Train pred MSE = 6.661429e-07, Test pred MSE = 1.765349e-02, Param MSE = 1.817338e-01, Grad norm = 4.066571e-06, Beta update rate = 2.273139e-06
Epoch 384600 (7.7%): Train pred MSE = 6.644913e-07, Test pred MSE = 1.765341e-02, Param MSE = 1.817328e-01, Grad norm = 4.061318e-06, Beta update rate = 2.270195e-06
Epoch 384800 (7.7%): Train pred MSE = 6.628440e-07, Test pred MSE = 1.765334e-02, Param MSE = 1.817317e-01, Grad norm = 4.056072e-06, Beta update rate = 2.267256e-06
Epoch 385000 (7.7%): Train pred MSE = 6.612010e-07, Test pred MSE = 1.765326e-02, Param MSE = 1.817307e-01, Grad norm = 4.050834e-06, Beta update rate = 2.264320e-06
Epoch 385200 (7.7%): Train pred MSE = 6.595622e-07, Test pred MSE = 1.765318e-02, Param MSE = 1.817297e-01, Grad norm = 4.045603e-06, Beta update rate = 2.261390e-06
Epoch 385400 (7.7%): Train pred MSE = 6.579277e-07, Test pred MSE = 1.765311e-02, Param MSE = 1.817287e-01, Grad norm = 4.040380e-06, Beta update rate = 2.258463e-06
Epoch 385600 (7.7%): Train pred MSE = 6.562973e-07, Test pred MSE = 1.765303e-02, Param MSE = 1.817278e-01, Grad norm = 4.035165e-06, Beta update rate = 2.255541e-06
Epoch 385800 (7.7%): Train pred MSE = 6.546712e-07, Test pred MSE = 1.765295e-02, Param MSE = 1.817268e-01, Grad norm = 4.029957e-06, Beta update rate = 2.252623e-06
Epoch 386000 (7.7%): Train pred MSE = 6.530492e-07, Test pred MSE = 1.765288e-02, Param MSE = 1.817258e-01, Grad norm = 4.024757e-06, Beta update rate = 2.249710e-06
Epoch 386200 (7.7%): Train pred MSE = 6.514315e-07, Test pred MSE = 1.765280e-02, Param MSE = 1.817248e-01, Grad norm = 4.019565e-06, Beta update rate = 2.246800e-06
Epoch 386400 (7.7%): Train pred MSE = 6.498179e-07, Test pred MSE = 1.765273e-02, Param MSE = 1.817238e-01, Grad norm = 4.014380e-06, Beta update rate = 2.243895e-06
Epoch 386600 (7.7%): Train pred MSE = 6.482084e-07, Test pred MSE = 1.765265e-02, Param MSE = 1.817228e-01, Grad norm = 4.009203e-06, Beta update rate = 2.240995e-06
Epoch 386800 (7.7%): Train pred MSE = 6.466032e-07, Test pred MSE = 1.765257e-02, Param MSE = 1.817218e-01, Grad norm = 4.004034e-06, Beta update rate = 2.238098e-06
Epoch 387000 (7.7%): Train pred MSE = 6.450020e-07, Test pred MSE = 1.765250e-02, Param MSE = 1.817208e-01, Grad norm = 3.998872e-06, Beta update rate = 2.235206e-06
Epoch 387200 (7.7%): Train pred MSE = 6.434050e-07, Test pred MSE = 1.765242e-02, Param MSE = 1.817199e-01, Grad norm = 3.993717e-06, Beta update rate = 2.232318e-06
Epoch 387400 (7.7%): Train pred MSE = 6.418121e-07, Test pred MSE = 1.765235e-02, Param MSE = 1.817189e-01, Grad norm = 3.988570e-06, Beta update rate = 2.229434e-06
Epoch 387600 (7.8%): Train pred MSE = 6.402233e-07, Test pred MSE = 1.765227e-02, Param MSE = 1.817179e-01, Grad norm = 3.983431e-06, Beta update rate = 2.226555e-06
Epoch 387800 (7.8%): Train pred MSE = 6.386386e-07, Test pred MSE = 1.765220e-02, Param MSE = 1.817169e-01, Grad norm = 3.978299e-06, Beta update rate = 2.223680e-06
Epoch 388000 (7.8%): Train pred MSE = 6.370579e-07, Test pred MSE = 1.765213e-02, Param MSE = 1.817159e-01, Grad norm = 3.973174e-06, Beta update rate = 2.220809e-06
Epoch 388200 (7.8%): Train pred MSE = 6.354814e-07, Test pred MSE = 1.765205e-02, Param MSE = 1.817150e-01, Grad norm = 3.968057e-06, Beta update rate = 2.217942e-06
Epoch 388400 (7.8%): Train pred MSE = 6.339089e-07, Test pred MSE = 1.765198e-02, Param MSE = 1.817140e-01, Grad norm = 3.962948e-06, Beta update rate = 2.215079e-06
Epoch 388600 (7.8%): Train pred MSE = 6.323404e-07, Test pred MSE = 1.765190e-02, Param MSE = 1.817130e-01, Grad norm = 3.957846e-06, Beta update rate = 2.212221e-06
Epoch 388800 (7.8%): Train pred MSE = 6.307760e-07, Test pred MSE = 1.765183e-02, Param MSE = 1.817121e-01, Grad norm = 3.952751e-06, Beta update rate = 2.209366e-06
Epoch 389000 (7.8%): Train pred MSE = 6.292156e-07, Test pred MSE = 1.765175e-02, Param MSE = 1.817111e-01, Grad norm = 3.947664e-06, Beta update rate = 2.206516e-06
Epoch 389200 (7.8%): Train pred MSE = 6.276592e-07, Test pred MSE = 1.765168e-02, Param MSE = 1.817101e-01, Grad norm = 3.942584e-06, Beta update rate = 2.203670e-06
Epoch 389400 (7.8%): Train pred MSE = 6.261068e-07, Test pred MSE = 1.765161e-02, Param MSE = 1.817092e-01, Grad norm = 3.937512e-06, Beta update rate = 2.200829e-06
Epoch 389600 (7.8%): Train pred MSE = 6.245584e-07, Test pred MSE = 1.765153e-02, Param MSE = 1.817082e-01, Grad norm = 3.932447e-06, Beta update rate = 2.197991e-06
Epoch 389800 (7.8%): Train pred MSE = 6.230140e-07, Test pred MSE = 1.765146e-02, Param MSE = 1.817073e-01, Grad norm = 3.927389e-06, Beta update rate = 2.195158e-06
Epoch 390000 (7.8%): Train pred MSE = 6.214736e-07, Test pred MSE = 1.765139e-02, Param MSE = 1.817063e-01, Grad norm = 3.922339e-06, Beta update rate = 2.192328e-06
Epoch 390200 (7.8%): Train pred MSE = 6.199371e-07, Test pred MSE = 1.765132e-02, Param MSE = 1.817053e-01, Grad norm = 3.917296e-06, Beta update rate = 2.189503e-06
Epoch 390400 (7.8%): Train pred MSE = 6.184046e-07, Test pred MSE = 1.765124e-02, Param MSE = 1.817044e-01, Grad norm = 3.912260e-06, Beta update rate = 2.186682e-06
Epoch 390600 (7.8%): Train pred MSE = 6.168760e-07, Test pred MSE = 1.765117e-02, Param MSE = 1.817034e-01, Grad norm = 3.907231e-06, Beta update rate = 2.183865e-06
Epoch 390800 (7.8%): Train pred MSE = 6.153513e-07, Test pred MSE = 1.765110e-02, Param MSE = 1.817025e-01, Grad norm = 3.902210e-06, Beta update rate = 2.181052e-06
Epoch 391000 (7.8%): Train pred MSE = 6.138305e-07, Test pred MSE = 1.765102e-02, Param MSE = 1.817015e-01, Grad norm = 3.897197e-06, Beta update rate = 2.178243e-06
Epoch 391200 (7.8%): Train pred MSE = 6.123137e-07, Test pred MSE = 1.765095e-02, Param MSE = 1.817006e-01, Grad norm = 3.892190e-06, Beta update rate = 2.175439e-06
Epoch 391400 (7.8%): Train pred MSE = 6.108007e-07, Test pred MSE = 1.765088e-02, Param MSE = 1.816997e-01, Grad norm = 3.887191e-06, Beta update rate = 2.172638e-06
Epoch 391600 (7.8%): Train pred MSE = 6.092917e-07, Test pred MSE = 1.765081e-02, Param MSE = 1.816987e-01, Grad norm = 3.882199e-06, Beta update rate = 2.169842e-06
Epoch 391800 (7.8%): Train pred MSE = 6.077865e-07, Test pred MSE = 1.765074e-02, Param MSE = 1.816978e-01, Grad norm = 3.877214e-06, Beta update rate = 2.167049e-06
Epoch 392000 (7.8%): Train pred MSE = 6.062851e-07, Test pred MSE = 1.765067e-02, Param MSE = 1.816968e-01, Grad norm = 3.872236e-06, Beta update rate = 2.164261e-06
Epoch 392200 (7.8%): Train pred MSE = 6.047877e-07, Test pred MSE = 1.765059e-02, Param MSE = 1.816959e-01, Grad norm = 3.867266e-06, Beta update rate = 2.161477e-06
Epoch 392400 (7.8%): Train pred MSE = 6.032940e-07, Test pred MSE = 1.765052e-02, Param MSE = 1.816950e-01, Grad norm = 3.862303e-06, Beta update rate = 2.158696e-06
Epoch 392600 (7.9%): Train pred MSE = 6.018042e-07, Test pred MSE = 1.765045e-02, Param MSE = 1.816940e-01, Grad norm = 3.857347e-06, Beta update rate = 2.155920e-06
Epoch 392800 (7.9%): Train pred MSE = 6.003182e-07, Test pred MSE = 1.765038e-02, Param MSE = 1.816931e-01, Grad norm = 3.852398e-06, Beta update rate = 2.153148e-06
Epoch 393000 (7.9%): Train pred MSE = 5.988360e-07, Test pred MSE = 1.765031e-02, Param MSE = 1.816922e-01, Grad norm = 3.847456e-06, Beta update rate = 2.150380e-06
Epoch 393200 (7.9%): Train pred MSE = 5.973577e-07, Test pred MSE = 1.765024e-02, Param MSE = 1.816912e-01, Grad norm = 3.842522e-06, Beta update rate = 2.147616e-06
Epoch 393400 (7.9%): Train pred MSE = 5.958831e-07, Test pred MSE = 1.765017e-02, Param MSE = 1.816903e-01, Grad norm = 3.837594e-06, Beta update rate = 2.144856e-06
Epoch 393600 (7.9%): Train pred MSE = 5.944123e-07, Test pred MSE = 1.765010e-02, Param MSE = 1.816894e-01, Grad norm = 3.832674e-06, Beta update rate = 2.142099e-06
Epoch 393800 (7.9%): Train pred MSE = 5.929452e-07, Test pred MSE = 1.765003e-02, Param MSE = 1.816885e-01, Grad norm = 3.827761e-06, Beta update rate = 2.139347e-06
Epoch 394000 (7.9%): Train pred MSE = 5.914819e-07, Test pred MSE = 1.764996e-02, Param MSE = 1.816875e-01, Grad norm = 3.822854e-06, Beta update rate = 2.136599e-06
Epoch 394200 (7.9%): Train pred MSE = 5.900224e-07, Test pred MSE = 1.764989e-02, Param MSE = 1.816866e-01, Grad norm = 3.817955e-06, Beta update rate = 2.133855e-06
Epoch 394400 (7.9%): Train pred MSE = 5.885666e-07, Test pred MSE = 1.764982e-02, Param MSE = 1.816857e-01, Grad norm = 3.813063e-06, Beta update rate = 2.131115e-06
Epoch 394600 (7.9%): Train pred MSE = 5.871145e-07, Test pred MSE = 1.764975e-02, Param MSE = 1.816848e-01, Grad norm = 3.808178e-06, Beta update rate = 2.128378e-06
Epoch 394800 (7.9%): Train pred MSE = 5.856662e-07, Test pred MSE = 1.764968e-02, Param MSE = 1.816839e-01, Grad norm = 3.803300e-06, Beta update rate = 2.125646e-06
Epoch 395000 (7.9%): Train pred MSE = 5.842215e-07, Test pred MSE = 1.764961e-02, Param MSE = 1.816830e-01, Grad norm = 3.798429e-06, Beta update rate = 2.122918e-06
Epoch 395200 (7.9%): Train pred MSE = 5.827806e-07, Test pred MSE = 1.764954e-02, Param MSE = 1.816820e-01, Grad norm = 3.793566e-06, Beta update rate = 2.120193e-06
Epoch 395400 (7.9%): Train pred MSE = 5.813433e-07, Test pred MSE = 1.764947e-02, Param MSE = 1.816811e-01, Grad norm = 3.788709e-06, Beta update rate = 2.117473e-06
Epoch 395600 (7.9%): Train pred MSE = 5.799098e-07, Test pred MSE = 1.764940e-02, Param MSE = 1.816802e-01, Grad norm = 3.783859e-06, Beta update rate = 2.114757e-06
Epoch 395800 (7.9%): Train pred MSE = 5.784798e-07, Test pred MSE = 1.764933e-02, Param MSE = 1.816793e-01, Grad norm = 3.779016e-06, Beta update rate = 2.112044e-06
Epoch 396000 (7.9%): Train pred MSE = 5.770536e-07, Test pred MSE = 1.764926e-02, Param MSE = 1.816784e-01, Grad norm = 3.774180e-06, Beta update rate = 2.109335e-06
Epoch 396200 (7.9%): Train pred MSE = 5.756310e-07, Test pred MSE = 1.764919e-02, Param MSE = 1.816775e-01, Grad norm = 3.769351e-06, Beta update rate = 2.106630e-06
Epoch 396400 (7.9%): Train pred MSE = 5.742120e-07, Test pred MSE = 1.764912e-02, Param MSE = 1.816766e-01, Grad norm = 3.764528e-06, Beta update rate = 2.103930e-06
Epoch 396600 (7.9%): Train pred MSE = 5.727967e-07, Test pred MSE = 1.764906e-02, Param MSE = 1.816757e-01, Grad norm = 3.759713e-06, Beta update rate = 2.101233e-06
Epoch 396800 (7.9%): Train pred MSE = 5.713849e-07, Test pred MSE = 1.764899e-02, Param MSE = 1.816748e-01, Grad norm = 3.754905e-06, Beta update rate = 2.098540e-06
Epoch 397000 (7.9%): Train pred MSE = 5.699768e-07, Test pred MSE = 1.764892e-02, Param MSE = 1.816739e-01, Grad norm = 3.750103e-06, Beta update rate = 2.095850e-06
Epoch 397200 (7.9%): Train pred MSE = 5.685723e-07, Test pred MSE = 1.764885e-02, Param MSE = 1.816730e-01, Grad norm = 3.745309e-06, Beta update rate = 2.093165e-06
Epoch 397400 (7.9%): Train pred MSE = 5.671714e-07, Test pred MSE = 1.764878e-02, Param MSE = 1.816721e-01, Grad norm = 3.740521e-06, Beta update rate = 2.090484e-06
Epoch 397600 (8.0%): Train pred MSE = 5.657740e-07, Test pred MSE = 1.764872e-02, Param MSE = 1.816712e-01, Grad norm = 3.735740e-06, Beta update rate = 2.087806e-06
Epoch 397800 (8.0%): Train pred MSE = 5.643803e-07, Test pred MSE = 1.764865e-02, Param MSE = 1.816703e-01, Grad norm = 3.730967e-06, Beta update rate = 2.085132e-06
Epoch 398000 (8.0%): Train pred MSE = 5.629900e-07, Test pred MSE = 1.764858e-02, Param MSE = 1.816694e-01, Grad norm = 3.726199e-06, Beta update rate = 2.082462e-06
Epoch 398200 (8.0%): Train pred MSE = 5.616034e-07, Test pred MSE = 1.764851e-02, Param MSE = 1.816686e-01, Grad norm = 3.721439e-06, Beta update rate = 2.079796e-06
Epoch 398400 (8.0%): Train pred MSE = 5.602202e-07, Test pred MSE = 1.764845e-02, Param MSE = 1.816677e-01, Grad norm = 3.716686e-06, Beta update rate = 2.077134e-06
Epoch 398600 (8.0%): Train pred MSE = 5.588406e-07, Test pred MSE = 1.764838e-02, Param MSE = 1.816668e-01, Grad norm = 3.711939e-06, Beta update rate = 2.074475e-06
Epoch 398800 (8.0%): Train pred MSE = 5.574646e-07, Test pred MSE = 1.764831e-02, Param MSE = 1.816659e-01, Grad norm = 3.707199e-06, Beta update rate = 2.071821e-06
Epoch 399000 (8.0%): Train pred MSE = 5.560920e-07, Test pred MSE = 1.764825e-02, Param MSE = 1.816650e-01, Grad norm = 3.702466e-06, Beta update rate = 2.069170e-06
Epoch 399200 (8.0%): Train pred MSE = 5.547229e-07, Test pred MSE = 1.764818e-02, Param MSE = 1.816641e-01, Grad norm = 3.697739e-06, Beta update rate = 2.066523e-06
Epoch 399400 (8.0%): Train pred MSE = 5.533574e-07, Test pred MSE = 1.764811e-02, Param MSE = 1.816633e-01, Grad norm = 3.693020e-06, Beta update rate = 2.063880e-06
Epoch 399600 (8.0%): Train pred MSE = 5.519953e-07, Test pred MSE = 1.764805e-02, Param MSE = 1.816624e-01, Grad norm = 3.688307e-06, Beta update rate = 2.061241e-06
Epoch 399800 (8.0%): Train pred MSE = 5.506367e-07, Test pred MSE = 1.764798e-02, Param MSE = 1.816615e-01, Grad norm = 3.683601e-06, Beta update rate = 2.058605e-06
Epoch 400000 (8.0%): Train pred MSE = 5.492815e-07, Test pred MSE = 1.764791e-02, Param MSE = 1.816606e-01, Grad norm = 3.678901e-06, Beta update rate = 2.055973e-06
Epoch 400200 (8.0%): Train pred MSE = 5.479298e-07, Test pred MSE = 1.764785e-02, Param MSE = 1.816598e-01, Grad norm = 3.674209e-06, Beta update rate = 2.053345e-06
Epoch 400400 (8.0%): Train pred MSE = 5.465816e-07, Test pred MSE = 1.764778e-02, Param MSE = 1.816589e-01, Grad norm = 3.669522e-06, Beta update rate = 2.050721e-06
Epoch 400600 (8.0%): Train pred MSE = 5.452368e-07, Test pred MSE = 1.764771e-02, Param MSE = 1.816580e-01, Grad norm = 3.664843e-06, Beta update rate = 2.048100e-06
Epoch 400800 (8.0%): Train pred MSE = 5.438954e-07, Test pred MSE = 1.764765e-02, Param MSE = 1.816572e-01, Grad norm = 3.660170e-06, Beta update rate = 2.045483e-06
Epoch 401000 (8.0%): Train pred MSE = 5.425574e-07, Test pred MSE = 1.764758e-02, Param MSE = 1.816563e-01, Grad norm = 3.655504e-06, Beta update rate = 2.042870e-06
Epoch 401200 (8.0%): Train pred MSE = 5.412229e-07, Test pred MSE = 1.764752e-02, Param MSE = 1.816554e-01, Grad norm = 3.650845e-06, Beta update rate = 2.040261e-06
Epoch 401400 (8.0%): Train pred MSE = 5.398917e-07, Test pred MSE = 1.764745e-02, Param MSE = 1.816546e-01, Grad norm = 3.646192e-06, Beta update rate = 2.037655e-06
Epoch 401600 (8.0%): Train pred MSE = 5.385639e-07, Test pred MSE = 1.764739e-02, Param MSE = 1.816537e-01, Grad norm = 3.641546e-06, Beta update rate = 2.035053e-06
Epoch 401800 (8.0%): Train pred MSE = 5.372396e-07, Test pred MSE = 1.764732e-02, Param MSE = 1.816529e-01, Grad norm = 3.636906e-06, Beta update rate = 2.032455e-06
Epoch 402000 (8.0%): Train pred MSE = 5.359186e-07, Test pred MSE = 1.764726e-02, Param MSE = 1.816520e-01, Grad norm = 3.632273e-06, Beta update rate = 2.029861e-06
Epoch 402200 (8.0%): Train pred MSE = 5.346009e-07, Test pred MSE = 1.764719e-02, Param MSE = 1.816511e-01, Grad norm = 3.627647e-06, Beta update rate = 2.027270e-06
Epoch 402400 (8.0%): Train pred MSE = 5.332866e-07, Test pred MSE = 1.764713e-02, Param MSE = 1.816503e-01, Grad norm = 3.623027e-06, Beta update rate = 2.024683e-06
Epoch 402600 (8.1%): Train pred MSE = 5.319757e-07, Test pred MSE = 1.764706e-02, Param MSE = 1.816494e-01, Grad norm = 3.618414e-06, Beta update rate = 2.022100e-06
Epoch 402800 (8.1%): Train pred MSE = 5.306681e-07, Test pred MSE = 1.764700e-02, Param MSE = 1.816486e-01, Grad norm = 3.613807e-06, Beta update rate = 2.019520e-06
Epoch 403000 (8.1%): Train pred MSE = 5.293638e-07, Test pred MSE = 1.764694e-02, Param MSE = 1.816477e-01, Grad norm = 3.609207e-06, Beta update rate = 2.016944e-06
Epoch 403200 (8.1%): Train pred MSE = 5.280628e-07, Test pred MSE = 1.764687e-02, Param MSE = 1.816469e-01, Grad norm = 3.604613e-06, Beta update rate = 2.014372e-06
Epoch 403400 (8.1%): Train pred MSE = 5.267651e-07, Test pred MSE = 1.764681e-02, Param MSE = 1.816460e-01, Grad norm = 3.600026e-06, Beta update rate = 2.011803e-06
Epoch 403600 (8.1%): Train pred MSE = 5.254708e-07, Test pred MSE = 1.764674e-02, Param MSE = 1.816452e-01, Grad norm = 3.595445e-06, Beta update rate = 2.009238e-06
Epoch 403800 (8.1%): Train pred MSE = 5.241797e-07, Test pred MSE = 1.764668e-02, Param MSE = 1.816443e-01, Grad norm = 3.590871e-06, Beta update rate = 2.006677e-06
Epoch 404000 (8.1%): Train pred MSE = 5.228919e-07, Test pred MSE = 1.764662e-02, Param MSE = 1.816435e-01, Grad norm = 3.586303e-06, Beta update rate = 2.004119e-06
Epoch 404200 (8.1%): Train pred MSE = 5.216074e-07, Test pred MSE = 1.764655e-02, Param MSE = 1.816427e-01, Grad norm = 3.581742e-06, Beta update rate = 2.001565e-06
Epoch 404400 (8.1%): Train pred MSE = 5.203262e-07, Test pred MSE = 1.764649e-02, Param MSE = 1.816418e-01, Grad norm = 3.577188e-06, Beta update rate = 1.999014e-06
Epoch 404600 (8.1%): Train pred MSE = 5.190482e-07, Test pred MSE = 1.764643e-02, Param MSE = 1.816410e-01, Grad norm = 3.572639e-06, Beta update rate = 1.996468e-06
Epoch 404800 (8.1%): Train pred MSE = 5.177734e-07, Test pred MSE = 1.764636e-02, Param MSE = 1.816401e-01, Grad norm = 3.568097e-06, Beta update rate = 1.993924e-06
Epoch 405000 (8.1%): Train pred MSE = 5.165019e-07, Test pred MSE = 1.764630e-02, Param MSE = 1.816393e-01, Grad norm = 3.563562e-06, Beta update rate = 1.991385e-06
Epoch 405200 (8.1%): Train pred MSE = 5.152337e-07, Test pred MSE = 1.764624e-02, Param MSE = 1.816385e-01, Grad norm = 3.559033e-06, Beta update rate = 1.988849e-06
Epoch 405400 (8.1%): Train pred MSE = 5.139686e-07, Test pred MSE = 1.764617e-02, Param MSE = 1.816377e-01, Grad norm = 3.554510e-06, Beta update rate = 1.986316e-06
Epoch 405600 (8.1%): Train pred MSE = 5.127068e-07, Test pred MSE = 1.764611e-02, Param MSE = 1.816368e-01, Grad norm = 3.549994e-06, Beta update rate = 1.983788e-06
Epoch 405800 (8.1%): Train pred MSE = 5.114482e-07, Test pred MSE = 1.764605e-02, Param MSE = 1.816360e-01, Grad norm = 3.545484e-06, Beta update rate = 1.981262e-06
Epoch 406000 (8.1%): Train pred MSE = 5.101927e-07, Test pred MSE = 1.764599e-02, Param MSE = 1.816352e-01, Grad norm = 3.540980e-06, Beta update rate = 1.978741e-06
Epoch 406200 (8.1%): Train pred MSE = 5.089405e-07, Test pred MSE = 1.764592e-02, Param MSE = 1.816343e-01, Grad norm = 3.536483e-06, Beta update rate = 1.976223e-06
Epoch 406400 (8.1%): Train pred MSE = 5.076914e-07, Test pred MSE = 1.764586e-02, Param MSE = 1.816335e-01, Grad norm = 3.531992e-06, Beta update rate = 1.973708e-06
Epoch 406600 (8.1%): Train pred MSE = 5.064455e-07, Test pred MSE = 1.764580e-02, Param MSE = 1.816327e-01, Grad norm = 3.527508e-06, Beta update rate = 1.971197e-06
Epoch 406800 (8.1%): Train pred MSE = 5.052028e-07, Test pred MSE = 1.764574e-02, Param MSE = 1.816319e-01, Grad norm = 3.523030e-06, Beta update rate = 1.968690e-06
Epoch 407000 (8.1%): Train pred MSE = 5.039632e-07, Test pred MSE = 1.764567e-02, Param MSE = 1.816310e-01, Grad norm = 3.518558e-06, Beta update rate = 1.966186e-06
Epoch 407200 (8.1%): Train pred MSE = 5.027267e-07, Test pred MSE = 1.764561e-02, Param MSE = 1.816302e-01, Grad norm = 3.514092e-06, Beta update rate = 1.963686e-06
Epoch 407400 (8.1%): Train pred MSE = 5.014934e-07, Test pred MSE = 1.764555e-02, Param MSE = 1.816294e-01, Grad norm = 3.509633e-06, Beta update rate = 1.961189e-06
Epoch 407600 (8.2%): Train pred MSE = 5.002632e-07, Test pred MSE = 1.764549e-02, Param MSE = 1.816286e-01, Grad norm = 3.505180e-06, Beta update rate = 1.958696e-06
Epoch 407800 (8.2%): Train pred MSE = 4.990362e-07, Test pred MSE = 1.764543e-02, Param MSE = 1.816278e-01, Grad norm = 3.500733e-06, Beta update rate = 1.956206e-06
Epoch 408000 (8.2%): Train pred MSE = 4.978122e-07, Test pred MSE = 1.764537e-02, Param MSE = 1.816270e-01, Grad norm = 3.496293e-06, Beta update rate = 1.953720e-06
Epoch 408200 (8.2%): Train pred MSE = 4.965914e-07, Test pred MSE = 1.764531e-02, Param MSE = 1.816262e-01, Grad norm = 3.491859e-06, Beta update rate = 1.951237e-06
Epoch 408400 (8.2%): Train pred MSE = 4.953736e-07, Test pred MSE = 1.764525e-02, Param MSE = 1.816253e-01, Grad norm = 3.487431e-06, Beta update rate = 1.948758e-06
Epoch 408600 (8.2%): Train pred MSE = 4.941590e-07, Test pred MSE = 1.764518e-02, Param MSE = 1.816245e-01, Grad norm = 3.483009e-06, Beta update rate = 1.946283e-06
Epoch 408800 (8.2%): Train pred MSE = 4.929474e-07, Test pred MSE = 1.764512e-02, Param MSE = 1.816237e-01, Grad norm = 3.478593e-06, Beta update rate = 1.943810e-06
Epoch 409000 (8.2%): Train pred MSE = 4.917389e-07, Test pred MSE = 1.764506e-02, Param MSE = 1.816229e-01, Grad norm = 3.474184e-06, Beta update rate = 1.941342e-06
Epoch 409200 (8.2%): Train pred MSE = 4.905334e-07, Test pred MSE = 1.764500e-02, Param MSE = 1.816221e-01, Grad norm = 3.469781e-06, Beta update rate = 1.938877e-06
Epoch 409400 (8.2%): Train pred MSE = 4.893310e-07, Test pred MSE = 1.764494e-02, Param MSE = 1.816213e-01, Grad norm = 3.465384e-06, Beta update rate = 1.936415e-06
Epoch 409600 (8.2%): Train pred MSE = 4.881317e-07, Test pred MSE = 1.764488e-02, Param MSE = 1.816205e-01, Grad norm = 3.460993e-06, Beta update rate = 1.933957e-06
Epoch 409800 (8.2%): Train pred MSE = 4.869353e-07, Test pred MSE = 1.764482e-02, Param MSE = 1.816197e-01, Grad norm = 3.456609e-06, Beta update rate = 1.931502e-06
Epoch 410000 (8.2%): Train pred MSE = 4.857421e-07, Test pred MSE = 1.764476e-02, Param MSE = 1.816189e-01, Grad norm = 3.452230e-06, Beta update rate = 1.929051e-06
Epoch 410200 (8.2%): Train pred MSE = 4.845518e-07, Test pred MSE = 1.764470e-02, Param MSE = 1.816181e-01, Grad norm = 3.447858e-06, Beta update rate = 1.926603e-06
Epoch 410400 (8.2%): Train pred MSE = 4.833645e-07, Test pred MSE = 1.764464e-02, Param MSE = 1.816173e-01, Grad norm = 3.443492e-06, Beta update rate = 1.924158e-06
Epoch 410600 (8.2%): Train pred MSE = 4.821803e-07, Test pred MSE = 1.764458e-02, Param MSE = 1.816165e-01, Grad norm = 3.439131e-06, Beta update rate = 1.921717e-06
Epoch 410800 (8.2%): Train pred MSE = 4.809990e-07, Test pred MSE = 1.764452e-02, Param MSE = 1.816157e-01, Grad norm = 3.434777e-06, Beta update rate = 1.919280e-06
Epoch 411000 (8.2%): Train pred MSE = 4.798208e-07, Test pred MSE = 1.764446e-02, Param MSE = 1.816150e-01, Grad norm = 3.430430e-06, Beta update rate = 1.916846e-06
Epoch 411200 (8.2%): Train pred MSE = 4.786455e-07, Test pred MSE = 1.764440e-02, Param MSE = 1.816142e-01, Grad norm = 3.426088e-06, Beta update rate = 1.914415e-06
Epoch 411400 (8.2%): Train pred MSE = 4.774732e-07, Test pred MSE = 1.764434e-02, Param MSE = 1.816134e-01, Grad norm = 3.421752e-06, Beta update rate = 1.911988e-06
Epoch 411600 (8.2%): Train pred MSE = 4.763038e-07, Test pred MSE = 1.764428e-02, Param MSE = 1.816126e-01, Grad norm = 3.417422e-06, Beta update rate = 1.909564e-06
Epoch 411800 (8.2%): Train pred MSE = 4.751374e-07, Test pred MSE = 1.764423e-02, Param MSE = 1.816118e-01, Grad norm = 3.413099e-06, Beta update rate = 1.907143e-06
Epoch 412000 (8.2%): Train pred MSE = 4.739740e-07, Test pred MSE = 1.764417e-02, Param MSE = 1.816110e-01, Grad norm = 3.408781e-06, Beta update rate = 1.904726e-06
Epoch 412200 (8.2%): Train pred MSE = 4.728135e-07, Test pred MSE = 1.764411e-02, Param MSE = 1.816102e-01, Grad norm = 3.404470e-06, Beta update rate = 1.902313e-06
Epoch 412400 (8.2%): Train pred MSE = 4.716559e-07, Test pred MSE = 1.764405e-02, Param MSE = 1.816095e-01, Grad norm = 3.400164e-06, Beta update rate = 1.899902e-06
Epoch 412600 (8.3%): Train pred MSE = 4.705013e-07, Test pred MSE = 1.764399e-02, Param MSE = 1.816087e-01, Grad norm = 3.395865e-06, Beta update rate = 1.897495e-06
Epoch 412800 (8.3%): Train pred MSE = 4.693496e-07, Test pred MSE = 1.764393e-02, Param MSE = 1.816079e-01, Grad norm = 3.391571e-06, Beta update rate = 1.895092e-06
Epoch 413000 (8.3%): Train pred MSE = 4.682008e-07, Test pred MSE = 1.764387e-02, Param MSE = 1.816071e-01, Grad norm = 3.387283e-06, Beta update rate = 1.892692e-06
Epoch 413200 (8.3%): Train pred MSE = 4.670548e-07, Test pred MSE = 1.764382e-02, Param MSE = 1.816063e-01, Grad norm = 3.383002e-06, Beta update rate = 1.890295e-06
Epoch 413400 (8.3%): Train pred MSE = 4.659118e-07, Test pred MSE = 1.764376e-02, Param MSE = 1.816056e-01, Grad norm = 3.378726e-06, Beta update rate = 1.887901e-06
Epoch 413600 (8.3%): Train pred MSE = 4.647717e-07, Test pred MSE = 1.764370e-02, Param MSE = 1.816048e-01, Grad norm = 3.374457e-06, Beta update rate = 1.885511e-06
Epoch 413800 (8.3%): Train pred MSE = 4.636345e-07, Test pred MSE = 1.764364e-02, Param MSE = 1.816040e-01, Grad norm = 3.370193e-06, Beta update rate = 1.883124e-06
Epoch 414000 (8.3%): Train pred MSE = 4.625001e-07, Test pred MSE = 1.764358e-02, Param MSE = 1.816033e-01, Grad norm = 3.365935e-06, Beta update rate = 1.880741e-06
Epoch 414200 (8.3%): Train pred MSE = 4.613686e-07, Test pred MSE = 1.764353e-02, Param MSE = 1.816025e-01, Grad norm = 3.361684e-06, Beta update rate = 1.878361e-06
Epoch 414400 (8.3%): Train pred MSE = 4.602399e-07, Test pred MSE = 1.764347e-02, Param MSE = 1.816017e-01, Grad norm = 3.357438e-06, Beta update rate = 1.875984e-06
Epoch 414600 (8.3%): Train pred MSE = 4.591141e-07, Test pred MSE = 1.764341e-02, Param MSE = 1.816009e-01, Grad norm = 3.353198e-06, Beta update rate = 1.873611e-06
Epoch 414800 (8.3%): Train pred MSE = 4.579912e-07, Test pred MSE = 1.764335e-02, Param MSE = 1.816002e-01, Grad norm = 3.348964e-06, Beta update rate = 1.871241e-06
Epoch 415000 (8.3%): Train pred MSE = 4.568710e-07, Test pred MSE = 1.764330e-02, Param MSE = 1.815994e-01, Grad norm = 3.344736e-06, Beta update rate = 1.868874e-06
Epoch 415200 (8.3%): Train pred MSE = 4.557537e-07, Test pred MSE = 1.764324e-02, Param MSE = 1.815987e-01, Grad norm = 3.340513e-06, Beta update rate = 1.866510e-06
Epoch 415400 (8.3%): Train pred MSE = 4.546392e-07, Test pred MSE = 1.764318e-02, Param MSE = 1.815979e-01, Grad norm = 3.336297e-06, Beta update rate = 1.864150e-06
Epoch 415600 (8.3%): Train pred MSE = 4.535276e-07, Test pred MSE = 1.764313e-02, Param MSE = 1.815971e-01, Grad norm = 3.332087e-06, Beta update rate = 1.861793e-06
Epoch 415800 (8.3%): Train pred MSE = 4.524187e-07, Test pred MSE = 1.764307e-02, Param MSE = 1.815964e-01, Grad norm = 3.327882e-06, Beta update rate = 1.859440e-06
Epoch 416000 (8.3%): Train pred MSE = 4.513126e-07, Test pred MSE = 1.764301e-02, Param MSE = 1.815956e-01, Grad norm = 3.323683e-06, Beta update rate = 1.857089e-06
Epoch 416200 (8.3%): Train pred MSE = 4.502093e-07, Test pred MSE = 1.764296e-02, Param MSE = 1.815949e-01, Grad norm = 3.319490e-06, Beta update rate = 1.854742e-06
Epoch 416400 (8.3%): Train pred MSE = 4.491088e-07, Test pred MSE = 1.764290e-02, Param MSE = 1.815941e-01, Grad norm = 3.315303e-06, Beta update rate = 1.852399e-06
Epoch 416600 (8.3%): Train pred MSE = 4.480111e-07, Test pred MSE = 1.764284e-02, Param MSE = 1.815934e-01, Grad norm = 3.311121e-06, Beta update rate = 1.850058e-06
Epoch 416800 (8.3%): Train pred MSE = 4.469161e-07, Test pred MSE = 1.764279e-02, Param MSE = 1.815926e-01, Grad norm = 3.306946e-06, Beta update rate = 1.847721e-06
Epoch 417000 (8.3%): Train pred MSE = 4.458239e-07, Test pred MSE = 1.764273e-02, Param MSE = 1.815919e-01, Grad norm = 3.302776e-06, Beta update rate = 1.845387e-06
Epoch 417200 (8.3%): Train pred MSE = 4.447345e-07, Test pred MSE = 1.764267e-02, Param MSE = 1.815911e-01, Grad norm = 3.298612e-06, Beta update rate = 1.843056e-06
Epoch 417400 (8.3%): Train pred MSE = 4.436478e-07, Test pred MSE = 1.764262e-02, Param MSE = 1.815904e-01, Grad norm = 3.294454e-06, Beta update rate = 1.840729e-06
Epoch 417600 (8.4%): Train pred MSE = 4.425638e-07, Test pred MSE = 1.764256e-02, Param MSE = 1.815896e-01, Grad norm = 3.290302e-06, Beta update rate = 1.838404e-06
Epoch 417800 (8.4%): Train pred MSE = 4.414826e-07, Test pred MSE = 1.764251e-02, Param MSE = 1.815889e-01, Grad norm = 3.286155e-06, Beta update rate = 1.836083e-06
Epoch 418000 (8.4%): Train pred MSE = 4.404041e-07, Test pred MSE = 1.764245e-02, Param MSE = 1.815881e-01, Grad norm = 3.282014e-06, Beta update rate = 1.833765e-06
Epoch 418200 (8.4%): Train pred MSE = 4.393283e-07, Test pred MSE = 1.764239e-02, Param MSE = 1.815874e-01, Grad norm = 3.277879e-06, Beta update rate = 1.831451e-06
Epoch 418400 (8.4%): Train pred MSE = 4.382552e-07, Test pred MSE = 1.764234e-02, Param MSE = 1.815866e-01, Grad norm = 3.273749e-06, Beta update rate = 1.829140e-06
Epoch 418600 (8.4%): Train pred MSE = 4.371848e-07, Test pred MSE = 1.764228e-02, Param MSE = 1.815859e-01, Grad norm = 3.269625e-06, Beta update rate = 1.826831e-06
Epoch 418800 (8.4%): Train pred MSE = 4.361171e-07, Test pred MSE = 1.764223e-02, Param MSE = 1.815852e-01, Grad norm = 3.265507e-06, Beta update rate = 1.824526e-06
Epoch 419000 (8.4%): Train pred MSE = 4.350521e-07, Test pred MSE = 1.764217e-02, Param MSE = 1.815844e-01, Grad norm = 3.261395e-06, Beta update rate = 1.822225e-06
Epoch 419200 (8.4%): Train pred MSE = 4.339898e-07, Test pred MSE = 1.764212e-02, Param MSE = 1.815837e-01, Grad norm = 3.257288e-06, Beta update rate = 1.819926e-06
Epoch 419400 (8.4%): Train pred MSE = 4.329302e-07, Test pred MSE = 1.764206e-02, Param MSE = 1.815830e-01, Grad norm = 3.253187e-06, Beta update rate = 1.817631e-06
Epoch 419600 (8.4%): Train pred MSE = 4.318732e-07, Test pred MSE = 1.764201e-02, Param MSE = 1.815822e-01, Grad norm = 3.249092e-06, Beta update rate = 1.815339e-06
Epoch 419800 (8.4%): Train pred MSE = 4.308189e-07, Test pred MSE = 1.764195e-02, Param MSE = 1.815815e-01, Grad norm = 3.245002e-06, Beta update rate = 1.813050e-06
Epoch 420000 (8.4%): Train pred MSE = 4.297672e-07, Test pred MSE = 1.764190e-02, Param MSE = 1.815808e-01, Grad norm = 3.240918e-06, Beta update rate = 1.810764e-06
Epoch 420200 (8.4%): Train pred MSE = 4.287182e-07, Test pred MSE = 1.764185e-02, Param MSE = 1.815800e-01, Grad norm = 3.236840e-06, Beta update rate = 1.808481e-06
Epoch 420400 (8.4%): Train pred MSE = 4.276718e-07, Test pred MSE = 1.764179e-02, Param MSE = 1.815793e-01, Grad norm = 3.232767e-06, Beta update rate = 1.806202e-06
Epoch 420600 (8.4%): Train pred MSE = 4.266280e-07, Test pred MSE = 1.764174e-02, Param MSE = 1.815786e-01, Grad norm = 3.228700e-06, Beta update rate = 1.803925e-06
Epoch 420800 (8.4%): Train pred MSE = 4.255869e-07, Test pred MSE = 1.764168e-02, Param MSE = 1.815778e-01, Grad norm = 3.224638e-06, Beta update rate = 1.801652e-06
Epoch 421000 (8.4%): Train pred MSE = 4.245484e-07, Test pred MSE = 1.764163e-02, Param MSE = 1.815771e-01, Grad norm = 3.220582e-06, Beta update rate = 1.799382e-06
Epoch 421200 (8.4%): Train pred MSE = 4.235125e-07, Test pred MSE = 1.764157e-02, Param MSE = 1.815764e-01, Grad norm = 3.216532e-06, Beta update rate = 1.797115e-06
Epoch 421400 (8.4%): Train pred MSE = 4.224792e-07, Test pred MSE = 1.764152e-02, Param MSE = 1.815757e-01, Grad norm = 3.212487e-06, Beta update rate = 1.794852e-06
Epoch 421600 (8.4%): Train pred MSE = 4.214485e-07, Test pred MSE = 1.764147e-02, Param MSE = 1.815750e-01, Grad norm = 3.208448e-06, Beta update rate = 1.792591e-06
Epoch 421800 (8.4%): Train pred MSE = 4.204204e-07, Test pred MSE = 1.764141e-02, Param MSE = 1.815742e-01, Grad norm = 3.204414e-06, Beta update rate = 1.790333e-06
Epoch 422000 (8.4%): Train pred MSE = 4.193949e-07, Test pred MSE = 1.764136e-02, Param MSE = 1.815735e-01, Grad norm = 3.200386e-06, Beta update rate = 1.788079e-06
Epoch 422200 (8.4%): Train pred MSE = 4.183719e-07, Test pred MSE = 1.764131e-02, Param MSE = 1.815728e-01, Grad norm = 3.196364e-06, Beta update rate = 1.785828e-06
Epoch 422400 (8.4%): Train pred MSE = 4.173515e-07, Test pred MSE = 1.764125e-02, Param MSE = 1.815721e-01, Grad norm = 3.192347e-06, Beta update rate = 1.783580e-06
Epoch 422600 (8.5%): Train pred MSE = 4.163337e-07, Test pred MSE = 1.764120e-02, Param MSE = 1.815714e-01, Grad norm = 3.188335e-06, Beta update rate = 1.781335e-06
Epoch 422800 (8.5%): Train pred MSE = 4.153184e-07, Test pred MSE = 1.764115e-02, Param MSE = 1.815707e-01, Grad norm = 3.184329e-06, Beta update rate = 1.779093e-06
Epoch 423000 (8.5%): Train pred MSE = 4.143057e-07, Test pred MSE = 1.764109e-02, Param MSE = 1.815699e-01, Grad norm = 3.180329e-06, Beta update rate = 1.776854e-06
Epoch 423200 (8.5%): Train pred MSE = 4.132956e-07, Test pred MSE = 1.764104e-02, Param MSE = 1.815692e-01, Grad norm = 3.176334e-06, Beta update rate = 1.774618e-06
Epoch 423400 (8.5%): Train pred MSE = 4.122879e-07, Test pred MSE = 1.764099e-02, Param MSE = 1.815685e-01, Grad norm = 3.172345e-06, Beta update rate = 1.772385e-06
Epoch 423600 (8.5%): Train pred MSE = 4.112828e-07, Test pred MSE = 1.764093e-02, Param MSE = 1.815678e-01, Grad norm = 3.168361e-06, Beta update rate = 1.770156e-06
Epoch 423800 (8.5%): Train pred MSE = 4.102802e-07, Test pred MSE = 1.764088e-02, Param MSE = 1.815671e-01, Grad norm = 3.164382e-06, Beta update rate = 1.767929e-06
Epoch 424000 (8.5%): Train pred MSE = 4.092802e-07, Test pred MSE = 1.764083e-02, Param MSE = 1.815664e-01, Grad norm = 3.160409e-06, Beta update rate = 1.765706e-06
Epoch 424200 (8.5%): Train pred MSE = 4.082826e-07, Test pred MSE = 1.764078e-02, Param MSE = 1.815657e-01, Grad norm = 3.156442e-06, Beta update rate = 1.763486e-06
Epoch 424400 (8.5%): Train pred MSE = 4.072876e-07, Test pred MSE = 1.764072e-02, Param MSE = 1.815650e-01, Grad norm = 3.152479e-06, Beta update rate = 1.761268e-06
Epoch 424600 (8.5%): Train pred MSE = 4.062950e-07, Test pred MSE = 1.764067e-02, Param MSE = 1.815643e-01, Grad norm = 3.148523e-06, Beta update rate = 1.759054e-06
Epoch 424800 (8.5%): Train pred MSE = 4.053050e-07, Test pred MSE = 1.764062e-02, Param MSE = 1.815636e-01, Grad norm = 3.144571e-06, Beta update rate = 1.756843e-06
Epoch 425000 (8.5%): Train pred MSE = 4.043174e-07, Test pred MSE = 1.764057e-02, Param MSE = 1.815629e-01, Grad norm = 3.140626e-06, Beta update rate = 1.754635e-06
Epoch 425200 (8.5%): Train pred MSE = 4.033323e-07, Test pred MSE = 1.764052e-02, Param MSE = 1.815622e-01, Grad norm = 3.136685e-06, Beta update rate = 1.752429e-06
Epoch 425400 (8.5%): Train pred MSE = 4.023496e-07, Test pred MSE = 1.764046e-02, Param MSE = 1.815615e-01, Grad norm = 3.132750e-06, Beta update rate = 1.750227e-06
Epoch 425600 (8.5%): Train pred MSE = 4.013695e-07, Test pred MSE = 1.764041e-02, Param MSE = 1.815608e-01, Grad norm = 3.128821e-06, Beta update rate = 1.748028e-06
Epoch 425800 (8.5%): Train pred MSE = 4.003917e-07, Test pred MSE = 1.764036e-02, Param MSE = 1.815601e-01, Grad norm = 3.124896e-06, Beta update rate = 1.745832e-06
Epoch 426000 (8.5%): Train pred MSE = 3.994165e-07, Test pred MSE = 1.764031e-02, Param MSE = 1.815594e-01, Grad norm = 3.120977e-06, Beta update rate = 1.743639e-06
Epoch 426200 (8.5%): Train pred MSE = 3.984437e-07, Test pred MSE = 1.764026e-02, Param MSE = 1.815587e-01, Grad norm = 3.117064e-06, Beta update rate = 1.741449e-06
Epoch 426400 (8.5%): Train pred MSE = 3.974733e-07, Test pred MSE = 1.764021e-02, Param MSE = 1.815580e-01, Grad norm = 3.113156e-06, Beta update rate = 1.739262e-06
Epoch 426600 (8.5%): Train pred MSE = 3.965053e-07, Test pred MSE = 1.764015e-02, Param MSE = 1.815573e-01, Grad norm = 3.109253e-06, Beta update rate = 1.737078e-06
Epoch 426800 (8.5%): Train pred MSE = 3.955398e-07, Test pred MSE = 1.764010e-02, Param MSE = 1.815566e-01, Grad norm = 3.105355e-06, Beta update rate = 1.734897e-06
Epoch 427000 (8.5%): Train pred MSE = 3.945767e-07, Test pred MSE = 1.764005e-02, Param MSE = 1.815560e-01, Grad norm = 3.101463e-06, Beta update rate = 1.732719e-06
Epoch 427200 (8.5%): Train pred MSE = 3.936160e-07, Test pred MSE = 1.764000e-02, Param MSE = 1.815553e-01, Grad norm = 3.097577e-06, Beta update rate = 1.730544e-06
Epoch 427400 (8.5%): Train pred MSE = 3.926577e-07, Test pred MSE = 1.763995e-02, Param MSE = 1.815546e-01, Grad norm = 3.093695e-06, Beta update rate = 1.728372e-06
Epoch 427600 (8.6%): Train pred MSE = 3.917018e-07, Test pred MSE = 1.763990e-02, Param MSE = 1.815539e-01, Grad norm = 3.089819e-06, Beta update rate = 1.726203e-06
Epoch 427800 (8.6%): Train pred MSE = 3.907483e-07, Test pred MSE = 1.763985e-02, Param MSE = 1.815532e-01, Grad norm = 3.085948e-06, Beta update rate = 1.724037e-06
Epoch 428000 (8.6%): Train pred MSE = 3.897972e-07, Test pred MSE = 1.763980e-02, Param MSE = 1.815525e-01, Grad norm = 3.082082e-06, Beta update rate = 1.721874e-06
Epoch 428200 (8.6%): Train pred MSE = 3.888485e-07, Test pred MSE = 1.763975e-02, Param MSE = 1.815519e-01, Grad norm = 3.078222e-06, Beta update rate = 1.719714e-06
Epoch 428400 (8.6%): Train pred MSE = 3.879022e-07, Test pred MSE = 1.763970e-02, Param MSE = 1.815512e-01, Grad norm = 3.074367e-06, Beta update rate = 1.717557e-06
Epoch 428600 (8.6%): Train pred MSE = 3.869582e-07, Test pred MSE = 1.763965e-02, Param MSE = 1.815505e-01, Grad norm = 3.070517e-06, Beta update rate = 1.715402e-06
Epoch 428800 (8.6%): Train pred MSE = 3.860166e-07, Test pred MSE = 1.763960e-02, Param MSE = 1.815498e-01, Grad norm = 3.066673e-06, Beta update rate = 1.713251e-06
Epoch 429000 (8.6%): Train pred MSE = 3.850773e-07, Test pred MSE = 1.763955e-02, Param MSE = 1.815491e-01, Grad norm = 3.062833e-06, Beta update rate = 1.711103e-06
Epoch 429200 (8.6%): Train pred MSE = 3.841404e-07, Test pred MSE = 1.763950e-02, Param MSE = 1.815485e-01, Grad norm = 3.058999e-06, Beta update rate = 1.708957e-06
Epoch 429400 (8.6%): Train pred MSE = 3.832058e-07, Test pred MSE = 1.763945e-02, Param MSE = 1.815478e-01, Grad norm = 3.055170e-06, Beta update rate = 1.706815e-06
Epoch 429600 (8.6%): Train pred MSE = 3.822736e-07, Test pred MSE = 1.763940e-02, Param MSE = 1.815471e-01, Grad norm = 3.051347e-06, Beta update rate = 1.704675e-06
Epoch 429800 (8.6%): Train pred MSE = 3.813437e-07, Test pred MSE = 1.763935e-02, Param MSE = 1.815465e-01, Grad norm = 3.047528e-06, Beta update rate = 1.702539e-06
Epoch 430000 (8.6%): Train pred MSE = 3.804161e-07, Test pred MSE = 1.763930e-02, Param MSE = 1.815458e-01, Grad norm = 3.043715e-06, Beta update rate = 1.700405e-06
Epoch 430200 (8.6%): Train pred MSE = 3.794909e-07, Test pred MSE = 1.763925e-02, Param MSE = 1.815451e-01, Grad norm = 3.039907e-06, Beta update rate = 1.698274e-06
Epoch 430400 (8.6%): Train pred MSE = 3.785679e-07, Test pred MSE = 1.763920e-02, Param MSE = 1.815444e-01, Grad norm = 3.036104e-06, Beta update rate = 1.696146e-06
Epoch 430600 (8.6%): Train pred MSE = 3.776473e-07, Test pred MSE = 1.763915e-02, Param MSE = 1.815438e-01, Grad norm = 3.032307e-06, Beta update rate = 1.694022e-06
Epoch 430800 (8.6%): Train pred MSE = 3.767290e-07, Test pred MSE = 1.763910e-02, Param MSE = 1.815431e-01, Grad norm = 3.028514e-06, Beta update rate = 1.691899e-06
Epoch 431000 (8.6%): Train pred MSE = 3.758129e-07, Test pred MSE = 1.763905e-02, Param MSE = 1.815425e-01, Grad norm = 3.024727e-06, Beta update rate = 1.689780e-06
Epoch 431200 (8.6%): Train pred MSE = 3.748992e-07, Test pred MSE = 1.763900e-02, Param MSE = 1.815418e-01, Grad norm = 3.020945e-06, Beta update rate = 1.687664e-06
Epoch 431400 (8.6%): Train pred MSE = 3.739877e-07, Test pred MSE = 1.763895e-02, Param MSE = 1.815411e-01, Grad norm = 3.017168e-06, Beta update rate = 1.685551e-06
Epoch 431600 (8.6%): Train pred MSE = 3.730785e-07, Test pred MSE = 1.763890e-02, Param MSE = 1.815405e-01, Grad norm = 3.013396e-06, Beta update rate = 1.683440e-06
Epoch 431800 (8.6%): Train pred MSE = 3.721716e-07, Test pred MSE = 1.763885e-02, Param MSE = 1.815398e-01, Grad norm = 3.009629e-06, Beta update rate = 1.681333e-06
Epoch 432000 (8.6%): Train pred MSE = 3.712670e-07, Test pred MSE = 1.763881e-02, Param MSE = 1.815391e-01, Grad norm = 3.005867e-06, Beta update rate = 1.679228e-06
Epoch 432200 (8.6%): Train pred MSE = 3.703646e-07, Test pred MSE = 1.763876e-02, Param MSE = 1.815385e-01, Grad norm = 3.002111e-06, Beta update rate = 1.677126e-06
Epoch 432400 (8.6%): Train pred MSE = 3.694645e-07, Test pred MSE = 1.763871e-02, Param MSE = 1.815378e-01, Grad norm = 2.998359e-06, Beta update rate = 1.675027e-06
Epoch 432600 (8.7%): Train pred MSE = 3.685666e-07, Test pred MSE = 1.763866e-02, Param MSE = 1.815372e-01, Grad norm = 2.994613e-06, Beta update rate = 1.672931e-06
Epoch 432800 (8.7%): Train pred MSE = 3.676709e-07, Test pred MSE = 1.763861e-02, Param MSE = 1.815365e-01, Grad norm = 2.990872e-06, Beta update rate = 1.670838e-06
Epoch 433000 (8.7%): Train pred MSE = 3.667775e-07, Test pred MSE = 1.763856e-02, Param MSE = 1.815359e-01, Grad norm = 2.987135e-06, Beta update rate = 1.668747e-06
Epoch 433200 (8.7%): Train pred MSE = 3.658864e-07, Test pred MSE = 1.763851e-02, Param MSE = 1.815352e-01, Grad norm = 2.983404e-06, Beta update rate = 1.666660e-06
Epoch 433400 (8.7%): Train pred MSE = 3.649974e-07, Test pred MSE = 1.763847e-02, Param MSE = 1.815346e-01, Grad norm = 2.979678e-06, Beta update rate = 1.664575e-06
Epoch 433600 (8.7%): Train pred MSE = 3.641107e-07, Test pred MSE = 1.763842e-02, Param MSE = 1.815339e-01, Grad norm = 2.975957e-06, Beta update rate = 1.662493e-06
Epoch 433800 (8.7%): Train pred MSE = 3.632262e-07, Test pred MSE = 1.763837e-02, Param MSE = 1.815333e-01, Grad norm = 2.972241e-06, Beta update rate = 1.660414e-06
Epoch 434000 (8.7%): Train pred MSE = 3.623438e-07, Test pred MSE = 1.763832e-02, Param MSE = 1.815326e-01, Grad norm = 2.968530e-06, Beta update rate = 1.658338e-06
Epoch 434200 (8.7%): Train pred MSE = 3.614637e-07, Test pred MSE = 1.763827e-02, Param MSE = 1.815320e-01, Grad norm = 2.964824e-06, Beta update rate = 1.656264e-06
Epoch 434400 (8.7%): Train pred MSE = 3.605858e-07, Test pred MSE = 1.763823e-02, Param MSE = 1.815313e-01, Grad norm = 2.961124e-06, Beta update rate = 1.654194e-06
Epoch 434600 (8.7%): Train pred MSE = 3.597101e-07, Test pred MSE = 1.763818e-02, Param MSE = 1.815307e-01, Grad norm = 2.957428e-06, Beta update rate = 1.652126e-06
Epoch 434800 (8.7%): Train pred MSE = 3.588366e-07, Test pred MSE = 1.763813e-02, Param MSE = 1.815300e-01, Grad norm = 2.953737e-06, Beta update rate = 1.650061e-06
Epoch 435000 (8.7%): Train pred MSE = 3.579652e-07, Test pred MSE = 1.763808e-02, Param MSE = 1.815294e-01, Grad norm = 2.950051e-06, Beta update rate = 1.647999e-06
Epoch 435200 (8.7%): Train pred MSE = 3.570960e-07, Test pred MSE = 1.763804e-02, Param MSE = 1.815288e-01, Grad norm = 2.946370e-06, Beta update rate = 1.645939e-06
Epoch 435400 (8.7%): Train pred MSE = 3.562290e-07, Test pred MSE = 1.763799e-02, Param MSE = 1.815281e-01, Grad norm = 2.942694e-06, Beta update rate = 1.643883e-06
Epoch 435600 (8.7%): Train pred MSE = 3.553641e-07, Test pred MSE = 1.763794e-02, Param MSE = 1.815275e-01, Grad norm = 2.939023e-06, Beta update rate = 1.641829e-06
Epoch 435800 (8.7%): Train pred MSE = 3.545014e-07, Test pred MSE = 1.763790e-02, Param MSE = 1.815268e-01, Grad norm = 2.935357e-06, Beta update rate = 1.639778e-06
Epoch 436000 (8.7%): Train pred MSE = 3.536409e-07, Test pred MSE = 1.763785e-02, Param MSE = 1.815262e-01, Grad norm = 2.931696e-06, Beta update rate = 1.637730e-06
Epoch 436200 (8.7%): Train pred MSE = 3.527825e-07, Test pred MSE = 1.763780e-02, Param MSE = 1.815256e-01, Grad norm = 2.928040e-06, Beta update rate = 1.635684e-06
Epoch 436400 (8.7%): Train pred MSE = 3.519262e-07, Test pred MSE = 1.763776e-02, Param MSE = 1.815249e-01, Grad norm = 2.924389e-06, Beta update rate = 1.633642e-06
Epoch 436600 (8.7%): Train pred MSE = 3.510721e-07, Test pred MSE = 1.763771e-02, Param MSE = 1.815243e-01, Grad norm = 2.920743e-06, Beta update rate = 1.631602e-06
Epoch 436800 (8.7%): Train pred MSE = 3.502201e-07, Test pred MSE = 1.763766e-02, Param MSE = 1.815237e-01, Grad norm = 2.917102e-06, Beta update rate = 1.629565e-06
Epoch 437000 (8.7%): Train pred MSE = 3.493702e-07, Test pred MSE = 1.763762e-02, Param MSE = 1.815230e-01, Grad norm = 2.913465e-06, Beta update rate = 1.627530e-06
Epoch 437200 (8.7%): Train pred MSE = 3.485224e-07, Test pred MSE = 1.763757e-02, Param MSE = 1.815224e-01, Grad norm = 2.909834e-06, Beta update rate = 1.625499e-06
Epoch 437400 (8.7%): Train pred MSE = 3.476768e-07, Test pred MSE = 1.763752e-02, Param MSE = 1.815218e-01, Grad norm = 2.906207e-06, Beta update rate = 1.623470e-06
Epoch 437600 (8.8%): Train pred MSE = 3.468332e-07, Test pred MSE = 1.763748e-02, Param MSE = 1.815212e-01, Grad norm = 2.902586e-06, Beta update rate = 1.621444e-06
Epoch 437800 (8.8%): Train pred MSE = 3.459918e-07, Test pred MSE = 1.763743e-02, Param MSE = 1.815205e-01, Grad norm = 2.898969e-06, Beta update rate = 1.619420e-06
Epoch 438000 (8.8%): Train pred MSE = 3.451525e-07, Test pred MSE = 1.763738e-02, Param MSE = 1.815199e-01, Grad norm = 2.895357e-06, Beta update rate = 1.617400e-06
Epoch 438200 (8.8%): Train pred MSE = 3.443152e-07, Test pred MSE = 1.763734e-02, Param MSE = 1.815193e-01, Grad norm = 2.891750e-06, Beta update rate = 1.615382e-06
Epoch 438400 (8.8%): Train pred MSE = 3.434800e-07, Test pred MSE = 1.763729e-02, Param MSE = 1.815187e-01, Grad norm = 2.888148e-06, Beta update rate = 1.613367e-06
Epoch 438600 (8.8%): Train pred MSE = 3.426469e-07, Test pred MSE = 1.763725e-02, Param MSE = 1.815180e-01, Grad norm = 2.884551e-06, Beta update rate = 1.611354e-06
Epoch 438800 (8.8%): Train pred MSE = 3.418159e-07, Test pred MSE = 1.763720e-02, Param MSE = 1.815174e-01, Grad norm = 2.880958e-06, Beta update rate = 1.609344e-06
Epoch 439000 (8.8%): Train pred MSE = 3.409870e-07, Test pred MSE = 1.763715e-02, Param MSE = 1.815168e-01, Grad norm = 2.877371e-06, Beta update rate = 1.607337e-06
Epoch 439200 (8.8%): Train pred MSE = 3.401601e-07, Test pred MSE = 1.763711e-02, Param MSE = 1.815162e-01, Grad norm = 2.873788e-06, Beta update rate = 1.605333e-06
Epoch 439400 (8.8%): Train pred MSE = 3.393352e-07, Test pred MSE = 1.763706e-02, Param MSE = 1.815156e-01, Grad norm = 2.870210e-06, Beta update rate = 1.603332e-06
Epoch 439600 (8.8%): Train pred MSE = 3.385125e-07, Test pred MSE = 1.763702e-02, Param MSE = 1.815149e-01, Grad norm = 2.866637e-06, Beta update rate = 1.601333e-06
Epoch 439800 (8.8%): Train pred MSE = 3.376917e-07, Test pred MSE = 1.763697e-02, Param MSE = 1.815143e-01, Grad norm = 2.863068e-06, Beta update rate = 1.599336e-06
Epoch 440000 (8.8%): Train pred MSE = 3.368730e-07, Test pred MSE = 1.763693e-02, Param MSE = 1.815137e-01, Grad norm = 2.859505e-06, Beta update rate = 1.597343e-06
Epoch 440200 (8.8%): Train pred MSE = 3.360564e-07, Test pred MSE = 1.763688e-02, Param MSE = 1.815131e-01, Grad norm = 2.855946e-06, Beta update rate = 1.595352e-06
Epoch 440400 (8.8%): Train pred MSE = 3.352418e-07, Test pred MSE = 1.763684e-02, Param MSE = 1.815125e-01, Grad norm = 2.852392e-06, Beta update rate = 1.593364e-06
Epoch 440600 (8.8%): Train pred MSE = 3.344292e-07, Test pred MSE = 1.763679e-02, Param MSE = 1.815119e-01, Grad norm = 2.848843e-06, Beta update rate = 1.591379e-06
Epoch 440800 (8.8%): Train pred MSE = 3.336186e-07, Test pred MSE = 1.763675e-02, Param MSE = 1.815113e-01, Grad norm = 2.845299e-06, Beta update rate = 1.589396e-06
Epoch 441000 (8.8%): Train pred MSE = 3.328101e-07, Test pred MSE = 1.763670e-02, Param MSE = 1.815106e-01, Grad norm = 2.841759e-06, Beta update rate = 1.587416e-06
Epoch 441200 (8.8%): Train pred MSE = 3.320035e-07, Test pred MSE = 1.763666e-02, Param MSE = 1.815100e-01, Grad norm = 2.838224e-06, Beta update rate = 1.585438e-06
Epoch 441400 (8.8%): Train pred MSE = 3.311990e-07, Test pred MSE = 1.763661e-02, Param MSE = 1.815094e-01, Grad norm = 2.834694e-06, Beta update rate = 1.583464e-06
Epoch 441600 (8.8%): Train pred MSE = 3.303964e-07, Test pred MSE = 1.763657e-02, Param MSE = 1.815088e-01, Grad norm = 2.831169e-06, Beta update rate = 1.581492e-06
Epoch 441800 (8.8%): Train pred MSE = 3.295959e-07, Test pred MSE = 1.763652e-02, Param MSE = 1.815082e-01, Grad norm = 2.827648e-06, Beta update rate = 1.579522e-06
Epoch 442000 (8.8%): Train pred MSE = 3.287973e-07, Test pred MSE = 1.763648e-02, Param MSE = 1.815076e-01, Grad norm = 2.824132e-06, Beta update rate = 1.577555e-06
Epoch 442200 (8.8%): Train pred MSE = 3.280007e-07, Test pred MSE = 1.763643e-02, Param MSE = 1.815070e-01, Grad norm = 2.820621e-06, Beta update rate = 1.575591e-06
Epoch 442400 (8.8%): Train pred MSE = 3.272061e-07, Test pred MSE = 1.763639e-02, Param MSE = 1.815064e-01, Grad norm = 2.817114e-06, Beta update rate = 1.573630e-06
Epoch 442600 (8.9%): Train pred MSE = 3.264135e-07, Test pred MSE = 1.763635e-02, Param MSE = 1.815058e-01, Grad norm = 2.813612e-06, Beta update rate = 1.571671e-06
Epoch 442800 (8.9%): Train pred MSE = 3.256229e-07, Test pred MSE = 1.763630e-02, Param MSE = 1.815052e-01, Grad norm = 2.810115e-06, Beta update rate = 1.569715e-06
Epoch 443000 (8.9%): Train pred MSE = 3.248342e-07, Test pred MSE = 1.763626e-02, Param MSE = 1.815046e-01, Grad norm = 2.806623e-06, Beta update rate = 1.567761e-06
Epoch 443200 (8.9%): Train pred MSE = 3.240475e-07, Test pred MSE = 1.763621e-02, Param MSE = 1.815040e-01, Grad norm = 2.803135e-06, Beta update rate = 1.565810e-06
Epoch 443400 (8.9%): Train pred MSE = 3.232627e-07, Test pred MSE = 1.763617e-02, Param MSE = 1.815034e-01, Grad norm = 2.799652e-06, Beta update rate = 1.563862e-06
Epoch 443600 (8.9%): Train pred MSE = 3.224799e-07, Test pred MSE = 1.763613e-02, Param MSE = 1.815028e-01, Grad norm = 2.796174e-06, Beta update rate = 1.561916e-06
Epoch 443800 (8.9%): Train pred MSE = 3.216990e-07, Test pred MSE = 1.763608e-02, Param MSE = 1.815022e-01, Grad norm = 2.792700e-06, Beta update rate = 1.559973e-06
Epoch 444000 (8.9%): Train pred MSE = 3.209200e-07, Test pred MSE = 1.763604e-02, Param MSE = 1.815016e-01, Grad norm = 2.789231e-06, Beta update rate = 1.558033e-06
Epoch 444200 (8.9%): Train pred MSE = 3.201430e-07, Test pred MSE = 1.763600e-02, Param MSE = 1.815010e-01, Grad norm = 2.785766e-06, Beta update rate = 1.556095e-06
Epoch 444400 (8.9%): Train pred MSE = 3.193680e-07, Test pred MSE = 1.763595e-02, Param MSE = 1.815004e-01, Grad norm = 2.782307e-06, Beta update rate = 1.554159e-06
Epoch 444600 (8.9%): Train pred MSE = 3.185948e-07, Test pred MSE = 1.763591e-02, Param MSE = 1.814998e-01, Grad norm = 2.778852e-06, Beta update rate = 1.552227e-06
Epoch 444800 (8.9%): Train pred MSE = 3.178236e-07, Test pred MSE = 1.763587e-02, Param MSE = 1.814993e-01, Grad norm = 2.775401e-06, Beta update rate = 1.550297e-06
Epoch 445000 (8.9%): Train pred MSE = 3.170542e-07, Test pred MSE = 1.763582e-02, Param MSE = 1.814987e-01, Grad norm = 2.771955e-06, Beta update rate = 1.548369e-06
Epoch 445200 (8.9%): Train pred MSE = 3.162868e-07, Test pred MSE = 1.763578e-02, Param MSE = 1.814981e-01, Grad norm = 2.768514e-06, Beta update rate = 1.546444e-06
Epoch 445400 (8.9%): Train pred MSE = 3.155213e-07, Test pred MSE = 1.763574e-02, Param MSE = 1.814975e-01, Grad norm = 2.765077e-06, Beta update rate = 1.544522e-06
Epoch 445600 (8.9%): Train pred MSE = 3.147577e-07, Test pred MSE = 1.763569e-02, Param MSE = 1.814969e-01, Grad norm = 2.761645e-06, Beta update rate = 1.542602e-06
Epoch 445800 (8.9%): Train pred MSE = 3.139960e-07, Test pred MSE = 1.763565e-02, Param MSE = 1.814963e-01, Grad norm = 2.758217e-06, Beta update rate = 1.540685e-06
Epoch 446000 (8.9%): Train pred MSE = 3.132362e-07, Test pred MSE = 1.763561e-02, Param MSE = 1.814957e-01, Grad norm = 2.754794e-06, Beta update rate = 1.538770e-06
Epoch 446200 (8.9%): Train pred MSE = 3.124782e-07, Test pred MSE = 1.763556e-02, Param MSE = 1.814952e-01, Grad norm = 2.751376e-06, Beta update rate = 1.536858e-06
Epoch 446400 (8.9%): Train pred MSE = 3.117222e-07, Test pred MSE = 1.763552e-02, Param MSE = 1.814946e-01, Grad norm = 2.747962e-06, Beta update rate = 1.534949e-06
Epoch 446600 (8.9%): Train pred MSE = 3.109680e-07, Test pred MSE = 1.763548e-02, Param MSE = 1.814940e-01, Grad norm = 2.744553e-06, Beta update rate = 1.533042e-06
Epoch 446800 (8.9%): Train pred MSE = 3.102157e-07, Test pred MSE = 1.763544e-02, Param MSE = 1.814934e-01, Grad norm = 2.741148e-06, Beta update rate = 1.531138e-06
Epoch 447000 (8.9%): Train pred MSE = 3.094652e-07, Test pred MSE = 1.763539e-02, Param MSE = 1.814928e-01, Grad norm = 2.737748e-06, Beta update rate = 1.529236e-06
Epoch 447200 (8.9%): Train pred MSE = 3.087166e-07, Test pred MSE = 1.763535e-02, Param MSE = 1.814922e-01, Grad norm = 2.734352e-06, Beta update rate = 1.527337e-06
Epoch 447400 (8.9%): Train pred MSE = 3.079699e-07, Test pred MSE = 1.763531e-02, Param MSE = 1.814917e-01, Grad norm = 2.730961e-06, Beta update rate = 1.525440e-06
Epoch 447600 (9.0%): Train pred MSE = 3.072250e-07, Test pred MSE = 1.763527e-02, Param MSE = 1.814911e-01, Grad norm = 2.727575e-06, Beta update rate = 1.523546e-06
Epoch 447800 (9.0%): Train pred MSE = 3.064820e-07, Test pred MSE = 1.763522e-02, Param MSE = 1.814905e-01, Grad norm = 2.724193e-06, Beta update rate = 1.521654e-06
Epoch 448000 (9.0%): Train pred MSE = 3.057408e-07, Test pred MSE = 1.763518e-02, Param MSE = 1.814899e-01, Grad norm = 2.720815e-06, Beta update rate = 1.519765e-06
Epoch 448200 (9.0%): Train pred MSE = 3.050014e-07, Test pred MSE = 1.763514e-02, Param MSE = 1.814894e-01, Grad norm = 2.717442e-06, Beta update rate = 1.517878e-06
Epoch 448400 (9.0%): Train pred MSE = 3.042639e-07, Test pred MSE = 1.763510e-02, Param MSE = 1.814888e-01, Grad norm = 2.714074e-06, Beta update rate = 1.515994e-06
Epoch 448600 (9.0%): Train pred MSE = 3.035282e-07, Test pred MSE = 1.763506e-02, Param MSE = 1.814882e-01, Grad norm = 2.710710e-06, Beta update rate = 1.514113e-06
Epoch 448800 (9.0%): Train pred MSE = 3.027943e-07, Test pred MSE = 1.763502e-02, Param MSE = 1.814877e-01, Grad norm = 2.707350e-06, Beta update rate = 1.512234e-06
Epoch 449000 (9.0%): Train pred MSE = 3.020623e-07, Test pred MSE = 1.763497e-02, Param MSE = 1.814871e-01, Grad norm = 2.703995e-06, Beta update rate = 1.510357e-06
Epoch 449200 (9.0%): Train pred MSE = 3.013320e-07, Test pred MSE = 1.763493e-02, Param MSE = 1.814865e-01, Grad norm = 2.700644e-06, Beta update rate = 1.508483e-06
Epoch 449400 (9.0%): Train pred MSE = 3.006036e-07, Test pred MSE = 1.763489e-02, Param MSE = 1.814859e-01, Grad norm = 2.697298e-06, Beta update rate = 1.506611e-06
Epoch 449600 (9.0%): Train pred MSE = 2.998769e-07, Test pred MSE = 1.763485e-02, Param MSE = 1.814854e-01, Grad norm = 2.693956e-06, Beta update rate = 1.504742e-06
Epoch 449800 (9.0%): Train pred MSE = 2.991521e-07, Test pred MSE = 1.763481e-02, Param MSE = 1.814848e-01, Grad norm = 2.690619e-06, Beta update rate = 1.502876e-06
Epoch 450000 (9.0%): Train pred MSE = 2.984291e-07, Test pred MSE = 1.763477e-02, Param MSE = 1.814842e-01, Grad norm = 2.687286e-06, Beta update rate = 1.501012e-06
Epoch 450200 (9.0%): Train pred MSE = 2.977078e-07, Test pred MSE = 1.763473e-02, Param MSE = 1.814837e-01, Grad norm = 2.683958e-06, Beta update rate = 1.499150e-06
Epoch 450400 (9.0%): Train pred MSE = 2.969884e-07, Test pred MSE = 1.763468e-02, Param MSE = 1.814831e-01, Grad norm = 2.680634e-06, Beta update rate = 1.497291e-06
Epoch 450600 (9.0%): Train pred MSE = 2.962707e-07, Test pred MSE = 1.763464e-02, Param MSE = 1.814826e-01, Grad norm = 2.677314e-06, Beta update rate = 1.495435e-06
Epoch 450800 (9.0%): Train pred MSE = 2.955548e-07, Test pred MSE = 1.763460e-02, Param MSE = 1.814820e-01, Grad norm = 2.673999e-06, Beta update rate = 1.493581e-06
Epoch 451000 (9.0%): Train pred MSE = 2.948406e-07, Test pred MSE = 1.763456e-02, Param MSE = 1.814814e-01, Grad norm = 2.670688e-06, Beta update rate = 1.491729e-06
Epoch 451200 (9.0%): Train pred MSE = 2.941283e-07, Test pred MSE = 1.763452e-02, Param MSE = 1.814809e-01, Grad norm = 2.667382e-06, Beta update rate = 1.489880e-06
Epoch 451400 (9.0%): Train pred MSE = 2.934177e-07, Test pred MSE = 1.763448e-02, Param MSE = 1.814803e-01, Grad norm = 2.664080e-06, Beta update rate = 1.488033e-06
Epoch 451600 (9.0%): Train pred MSE = 2.927088e-07, Test pred MSE = 1.763444e-02, Param MSE = 1.814798e-01, Grad norm = 2.660783e-06, Beta update rate = 1.486189e-06
Epoch 451800 (9.0%): Train pred MSE = 2.920017e-07, Test pred MSE = 1.763440e-02, Param MSE = 1.814792e-01, Grad norm = 2.657489e-06, Beta update rate = 1.484347e-06
Epoch 452000 (9.0%): Train pred MSE = 2.912964e-07, Test pred MSE = 1.763436e-02, Param MSE = 1.814786e-01, Grad norm = 2.654201e-06, Beta update rate = 1.482508e-06
Epoch 452200 (9.0%): Train pred MSE = 2.905928e-07, Test pred MSE = 1.763432e-02, Param MSE = 1.814781e-01, Grad norm = 2.650916e-06, Beta update rate = 1.480671e-06
Epoch 452400 (9.0%): Train pred MSE = 2.898909e-07, Test pred MSE = 1.763428e-02, Param MSE = 1.814775e-01, Grad norm = 2.647636e-06, Beta update rate = 1.478836e-06
Epoch 452600 (9.1%): Train pred MSE = 2.891908e-07, Test pred MSE = 1.763424e-02, Param MSE = 1.814770e-01, Grad norm = 2.644360e-06, Beta update rate = 1.477004e-06
Epoch 452800 (9.1%): Train pred MSE = 2.884924e-07, Test pred MSE = 1.763420e-02, Param MSE = 1.814764e-01, Grad norm = 2.641089e-06, Beta update rate = 1.475175e-06
Epoch 453000 (9.1%): Train pred MSE = 2.877957e-07, Test pred MSE = 1.763416e-02, Param MSE = 1.814759e-01, Grad norm = 2.637822e-06, Beta update rate = 1.473348e-06
Epoch 453200 (9.1%): Train pred MSE = 2.871008e-07, Test pred MSE = 1.763412e-02, Param MSE = 1.814753e-01, Grad norm = 2.634559e-06, Beta update rate = 1.471523e-06
Epoch 453400 (9.1%): Train pred MSE = 2.864076e-07, Test pred MSE = 1.763408e-02, Param MSE = 1.814748e-01, Grad norm = 2.631301e-06, Beta update rate = 1.469701e-06
Epoch 453600 (9.1%): Train pred MSE = 2.857160e-07, Test pred MSE = 1.763404e-02, Param MSE = 1.814742e-01, Grad norm = 2.628047e-06, Beta update rate = 1.467881e-06
Epoch 453800 (9.1%): Train pred MSE = 2.850262e-07, Test pred MSE = 1.763400e-02, Param MSE = 1.814737e-01, Grad norm = 2.624797e-06, Beta update rate = 1.466063e-06
Epoch 454000 (9.1%): Train pred MSE = 2.843381e-07, Test pred MSE = 1.763396e-02, Param MSE = 1.814731e-01, Grad norm = 2.621551e-06, Beta update rate = 1.464248e-06
Epoch 454200 (9.1%): Train pred MSE = 2.836517e-07, Test pred MSE = 1.763392e-02, Param MSE = 1.814726e-01, Grad norm = 2.618310e-06, Beta update rate = 1.462436e-06
Epoch 454400 (9.1%): Train pred MSE = 2.829670e-07, Test pred MSE = 1.763388e-02, Param MSE = 1.814720e-01, Grad norm = 2.615073e-06, Beta update rate = 1.460626e-06
Epoch 454600 (9.1%): Train pred MSE = 2.822840e-07, Test pred MSE = 1.763384e-02, Param MSE = 1.814715e-01, Grad norm = 2.611841e-06, Beta update rate = 1.458818e-06
Epoch 454800 (9.1%): Train pred MSE = 2.816027e-07, Test pred MSE = 1.763380e-02, Param MSE = 1.814710e-01, Grad norm = 2.608613e-06, Beta update rate = 1.457012e-06
Epoch 455000 (9.1%): Train pred MSE = 2.809231e-07, Test pred MSE = 1.763376e-02, Param MSE = 1.814704e-01, Grad norm = 2.605389e-06, Beta update rate = 1.455209e-06
Epoch 455200 (9.1%): Train pred MSE = 2.802451e-07, Test pred MSE = 1.763372e-02, Param MSE = 1.814699e-01, Grad norm = 2.602169e-06, Beta update rate = 1.453409e-06
Epoch 455400 (9.1%): Train pred MSE = 2.795688e-07, Test pred MSE = 1.763368e-02, Param MSE = 1.814693e-01, Grad norm = 2.598953e-06, Beta update rate = 1.451611e-06
Epoch 455600 (9.1%): Train pred MSE = 2.788942e-07, Test pred MSE = 1.763364e-02, Param MSE = 1.814688e-01, Grad norm = 2.595742e-06, Beta update rate = 1.449815e-06
Epoch 455800 (9.1%): Train pred MSE = 2.782213e-07, Test pred MSE = 1.763360e-02, Param MSE = 1.814683e-01, Grad norm = 2.592535e-06, Beta update rate = 1.448021e-06
Epoch 456000 (9.1%): Train pred MSE = 2.775500e-07, Test pred MSE = 1.763356e-02, Param MSE = 1.814677e-01, Grad norm = 2.589332e-06, Beta update rate = 1.446230e-06
Epoch 456200 (9.1%): Train pred MSE = 2.768803e-07, Test pred MSE = 1.763352e-02, Param MSE = 1.814672e-01, Grad norm = 2.586134e-06, Beta update rate = 1.444442e-06
Epoch 456400 (9.1%): Train pred MSE = 2.762124e-07, Test pred MSE = 1.763348e-02, Param MSE = 1.814667e-01, Grad norm = 2.582939e-06, Beta update rate = 1.442655e-06
Epoch 456600 (9.1%): Train pred MSE = 2.755460e-07, Test pred MSE = 1.763344e-02, Param MSE = 1.814661e-01, Grad norm = 2.579749e-06, Beta update rate = 1.440871e-06
Epoch 456800 (9.1%): Train pred MSE = 2.748814e-07, Test pred MSE = 1.763341e-02, Param MSE = 1.814656e-01, Grad norm = 2.576564e-06, Beta update rate = 1.439090e-06
Epoch 457000 (9.1%): Train pred MSE = 2.742183e-07, Test pred MSE = 1.763337e-02, Param MSE = 1.814650e-01, Grad norm = 2.573382e-06, Beta update rate = 1.437311e-06
Epoch 457200 (9.1%): Train pred MSE = 2.735569e-07, Test pred MSE = 1.763333e-02, Param MSE = 1.814645e-01, Grad norm = 2.570204e-06, Beta update rate = 1.435534e-06
Epoch 457400 (9.1%): Train pred MSE = 2.728971e-07, Test pred MSE = 1.763329e-02, Param MSE = 1.814640e-01, Grad norm = 2.567031e-06, Beta update rate = 1.433759e-06
Epoch 457600 (9.2%): Train pred MSE = 2.722390e-07, Test pred MSE = 1.763325e-02, Param MSE = 1.814635e-01, Grad norm = 2.563862e-06, Beta update rate = 1.431987e-06
Epoch 457800 (9.2%): Train pred MSE = 2.715825e-07, Test pred MSE = 1.763321e-02, Param MSE = 1.814629e-01, Grad norm = 2.560697e-06, Beta update rate = 1.430217e-06
Epoch 458000 (9.2%): Train pred MSE = 2.709276e-07, Test pred MSE = 1.763317e-02, Param MSE = 1.814624e-01, Grad norm = 2.557536e-06, Beta update rate = 1.428450e-06
Epoch 458200 (9.2%): Train pred MSE = 2.702743e-07, Test pred MSE = 1.763314e-02, Param MSE = 1.814619e-01, Grad norm = 2.554380e-06, Beta update rate = 1.426684e-06
Epoch 458400 (9.2%): Train pred MSE = 2.696226e-07, Test pred MSE = 1.763310e-02, Param MSE = 1.814613e-01, Grad norm = 2.551228e-06, Beta update rate = 1.424922e-06
Epoch 458600 (9.2%): Train pred MSE = 2.689725e-07, Test pred MSE = 1.763306e-02, Param MSE = 1.814608e-01, Grad norm = 2.548079e-06, Beta update rate = 1.423161e-06
Epoch 458800 (9.2%): Train pred MSE = 2.683241e-07, Test pred MSE = 1.763302e-02, Param MSE = 1.814603e-01, Grad norm = 2.544935e-06, Beta update rate = 1.421403e-06
Epoch 459000 (9.2%): Train pred MSE = 2.676772e-07, Test pred MSE = 1.763298e-02, Param MSE = 1.814598e-01, Grad norm = 2.541795e-06, Beta update rate = 1.419647e-06
Epoch 459200 (9.2%): Train pred MSE = 2.670319e-07, Test pred MSE = 1.763294e-02, Param MSE = 1.814592e-01, Grad norm = 2.538660e-06, Beta update rate = 1.417894e-06
Epoch 459400 (9.2%): Train pred MSE = 2.663883e-07, Test pred MSE = 1.763291e-02, Param MSE = 1.814587e-01, Grad norm = 2.535528e-06, Beta update rate = 1.416143e-06
Epoch 459600 (9.2%): Train pred MSE = 2.657462e-07, Test pred MSE = 1.763287e-02, Param MSE = 1.814582e-01, Grad norm = 2.532400e-06, Beta update rate = 1.414394e-06
Epoch 459800 (9.2%): Train pred MSE = 2.651057e-07, Test pred MSE = 1.763283e-02, Param MSE = 1.814577e-01, Grad norm = 2.529277e-06, Beta update rate = 1.412647e-06
Epoch 460000 (9.2%): Train pred MSE = 2.644667e-07, Test pred MSE = 1.763279e-02, Param MSE = 1.814572e-01, Grad norm = 2.526158e-06, Beta update rate = 1.410903e-06
Epoch 460200 (9.2%): Train pred MSE = 2.638294e-07, Test pred MSE = 1.763276e-02, Param MSE = 1.814566e-01, Grad norm = 2.523043e-06, Beta update rate = 1.409161e-06
Epoch 460400 (9.2%): Train pred MSE = 2.631936e-07, Test pred MSE = 1.763272e-02, Param MSE = 1.814561e-01, Grad norm = 2.519931e-06, Beta update rate = 1.407421e-06
Epoch 460600 (9.2%): Train pred MSE = 2.625594e-07, Test pred MSE = 1.763268e-02, Param MSE = 1.814556e-01, Grad norm = 2.516825e-06, Beta update rate = 1.405684e-06
Epoch 460800 (9.2%): Train pred MSE = 2.619267e-07, Test pred MSE = 1.763264e-02, Param MSE = 1.814551e-01, Grad norm = 2.513722e-06, Beta update rate = 1.403949e-06
Epoch 461000 (9.2%): Train pred MSE = 2.612956e-07, Test pred MSE = 1.763261e-02, Param MSE = 1.814546e-01, Grad norm = 2.510623e-06, Beta update rate = 1.402216e-06
Epoch 461200 (9.2%): Train pred MSE = 2.606661e-07, Test pred MSE = 1.763257e-02, Param MSE = 1.814541e-01, Grad norm = 2.507528e-06, Beta update rate = 1.400486e-06
Epoch 461400 (9.2%): Train pred MSE = 2.600381e-07, Test pred MSE = 1.763253e-02, Param MSE = 1.814535e-01, Grad norm = 2.504437e-06, Beta update rate = 1.398757e-06
Epoch 461600 (9.2%): Train pred MSE = 2.594117e-07, Test pred MSE = 1.763249e-02, Param MSE = 1.814530e-01, Grad norm = 2.501351e-06, Beta update rate = 1.397031e-06
Epoch 461800 (9.2%): Train pred MSE = 2.587868e-07, Test pred MSE = 1.763246e-02, Param MSE = 1.814525e-01, Grad norm = 2.498268e-06, Beta update rate = 1.395308e-06
Epoch 462000 (9.2%): Train pred MSE = 2.581634e-07, Test pred MSE = 1.763242e-02, Param MSE = 1.814520e-01, Grad norm = 2.495190e-06, Beta update rate = 1.393586e-06
Epoch 462200 (9.2%): Train pred MSE = 2.575416e-07, Test pred MSE = 1.763238e-02, Param MSE = 1.814515e-01, Grad norm = 2.492115e-06, Beta update rate = 1.391867e-06
Epoch 462400 (9.2%): Train pred MSE = 2.569213e-07, Test pred MSE = 1.763235e-02, Param MSE = 1.814510e-01, Grad norm = 2.489045e-06, Beta update rate = 1.390150e-06
Epoch 462600 (9.3%): Train pred MSE = 2.563025e-07, Test pred MSE = 1.763231e-02, Param MSE = 1.814505e-01, Grad norm = 2.485979e-06, Beta update rate = 1.388436e-06
Epoch 462800 (9.3%): Train pred MSE = 2.556853e-07, Test pred MSE = 1.763227e-02, Param MSE = 1.814500e-01, Grad norm = 2.482916e-06, Beta update rate = 1.386724e-06
Epoch 463000 (9.3%): Train pred MSE = 2.550696e-07, Test pred MSE = 1.763224e-02, Param MSE = 1.814495e-01, Grad norm = 2.479858e-06, Beta update rate = 1.385014e-06
Epoch 463200 (9.3%): Train pred MSE = 2.544553e-07, Test pred MSE = 1.763220e-02, Param MSE = 1.814490e-01, Grad norm = 2.476804e-06, Beta update rate = 1.383306e-06
Epoch 463400 (9.3%): Train pred MSE = 2.538427e-07, Test pred MSE = 1.763216e-02, Param MSE = 1.814484e-01, Grad norm = 2.473753e-06, Beta update rate = 1.381600e-06
Epoch 463600 (9.3%): Train pred MSE = 2.532315e-07, Test pred MSE = 1.763213e-02, Param MSE = 1.814479e-01, Grad norm = 2.470707e-06, Beta update rate = 1.379897e-06
Epoch 463800 (9.3%): Train pred MSE = 2.526218e-07, Test pred MSE = 1.763209e-02, Param MSE = 1.814474e-01, Grad norm = 2.467665e-06, Beta update rate = 1.378196e-06
Epoch 464000 (9.3%): Train pred MSE = 2.520136e-07, Test pred MSE = 1.763205e-02, Param MSE = 1.814469e-01, Grad norm = 2.464626e-06, Beta update rate = 1.376497e-06
Epoch 464200 (9.3%): Train pred MSE = 2.514069e-07, Test pred MSE = 1.763202e-02, Param MSE = 1.814464e-01, Grad norm = 2.461592e-06, Beta update rate = 1.374800e-06
Epoch 464400 (9.3%): Train pred MSE = 2.508017e-07, Test pred MSE = 1.763198e-02, Param MSE = 1.814459e-01, Grad norm = 2.458562e-06, Beta update rate = 1.373106e-06
Epoch 464600 (9.3%): Train pred MSE = 2.501980e-07, Test pred MSE = 1.763194e-02, Param MSE = 1.814454e-01, Grad norm = 2.455535e-06, Beta update rate = 1.371414e-06
Epoch 464800 (9.3%): Train pred MSE = 2.495958e-07, Test pred MSE = 1.763191e-02, Param MSE = 1.814449e-01, Grad norm = 2.452513e-06, Beta update rate = 1.369724e-06
Epoch 465000 (9.3%): Train pred MSE = 2.489951e-07, Test pred MSE = 1.763187e-02, Param MSE = 1.814444e-01, Grad norm = 2.449495e-06, Beta update rate = 1.368036e-06
Epoch 465200 (9.3%): Train pred MSE = 2.483958e-07, Test pred MSE = 1.763184e-02, Param MSE = 1.814439e-01, Grad norm = 2.446480e-06, Beta update rate = 1.366351e-06
Epoch 465400 (9.3%): Train pred MSE = 2.477980e-07, Test pred MSE = 1.763180e-02, Param MSE = 1.814434e-01, Grad norm = 2.443470e-06, Beta update rate = 1.364667e-06
Epoch 465600 (9.3%): Train pred MSE = 2.472017e-07, Test pred MSE = 1.763176e-02, Param MSE = 1.814429e-01, Grad norm = 2.440463e-06, Beta update rate = 1.362986e-06
Epoch 465800 (9.3%): Train pred MSE = 2.466069e-07, Test pred MSE = 1.763173e-02, Param MSE = 1.814424e-01, Grad norm = 2.437460e-06, Beta update rate = 1.361308e-06
Epoch 466000 (9.3%): Train pred MSE = 2.460135e-07, Test pred MSE = 1.763169e-02, Param MSE = 1.814419e-01, Grad norm = 2.434462e-06, Beta update rate = 1.359631e-06
Epoch 466200 (9.3%): Train pred MSE = 2.454216e-07, Test pred MSE = 1.763166e-02, Param MSE = 1.814415e-01, Grad norm = 2.431467e-06, Beta update rate = 1.357956e-06
Epoch 466400 (9.3%): Train pred MSE = 2.448311e-07, Test pred MSE = 1.763162e-02, Param MSE = 1.814410e-01, Grad norm = 2.428476e-06, Beta update rate = 1.356284e-06
Epoch 466600 (9.3%): Train pred MSE = 2.442421e-07, Test pred MSE = 1.763159e-02, Param MSE = 1.814405e-01, Grad norm = 2.425489e-06, Beta update rate = 1.354614e-06
Epoch 466800 (9.3%): Train pred MSE = 2.436545e-07, Test pred MSE = 1.763155e-02, Param MSE = 1.814400e-01, Grad norm = 2.422506e-06, Beta update rate = 1.352946e-06
Epoch 467000 (9.3%): Train pred MSE = 2.430684e-07, Test pred MSE = 1.763151e-02, Param MSE = 1.814395e-01, Grad norm = 2.419527e-06, Beta update rate = 1.351281e-06
Epoch 467200 (9.3%): Train pred MSE = 2.424837e-07, Test pred MSE = 1.763148e-02, Param MSE = 1.814390e-01, Grad norm = 2.416552e-06, Beta update rate = 1.349617e-06
Epoch 467400 (9.3%): Train pred MSE = 2.419004e-07, Test pred MSE = 1.763144e-02, Param MSE = 1.814385e-01, Grad norm = 2.413580e-06, Beta update rate = 1.347956e-06
Epoch 467600 (9.4%): Train pred MSE = 2.413186e-07, Test pred MSE = 1.763141e-02, Param MSE = 1.814380e-01, Grad norm = 2.410613e-06, Beta update rate = 1.346297e-06
Epoch 467800 (9.4%): Train pred MSE = 2.407382e-07, Test pred MSE = 1.763137e-02, Param MSE = 1.814375e-01, Grad norm = 2.407649e-06, Beta update rate = 1.344640e-06
Epoch 468000 (9.4%): Train pred MSE = 2.401593e-07, Test pred MSE = 1.763134e-02, Param MSE = 1.814370e-01, Grad norm = 2.404690e-06, Beta update rate = 1.342985e-06
Epoch 468200 (9.4%): Train pred MSE = 2.395817e-07, Test pred MSE = 1.763130e-02, Param MSE = 1.814366e-01, Grad norm = 2.401734e-06, Beta update rate = 1.341332e-06
Epoch 468400 (9.4%): Train pred MSE = 2.390056e-07, Test pred MSE = 1.763127e-02, Param MSE = 1.814361e-01, Grad norm = 2.398782e-06, Beta update rate = 1.339682e-06
Epoch 468600 (9.4%): Train pred MSE = 2.384309e-07, Test pred MSE = 1.763123e-02, Param MSE = 1.814356e-01, Grad norm = 2.395834e-06, Beta update rate = 1.338034e-06
Epoch 468800 (9.4%): Train pred MSE = 2.378576e-07, Test pred MSE = 1.763120e-02, Param MSE = 1.814351e-01, Grad norm = 2.392889e-06, Beta update rate = 1.336388e-06
Epoch 469000 (9.4%): Train pred MSE = 2.372857e-07, Test pred MSE = 1.763116e-02, Param MSE = 1.814346e-01, Grad norm = 2.389949e-06, Beta update rate = 1.334744e-06
Epoch 469200 (9.4%): Train pred MSE = 2.367153e-07, Test pred MSE = 1.763113e-02, Param MSE = 1.814341e-01, Grad norm = 2.387012e-06, Beta update rate = 1.333102e-06
Epoch 469400 (9.4%): Train pred MSE = 2.361462e-07, Test pred MSE = 1.763109e-02, Param MSE = 1.814337e-01, Grad norm = 2.384080e-06, Beta update rate = 1.331462e-06
Epoch 469600 (9.4%): Train pred MSE = 2.355785e-07, Test pred MSE = 1.763106e-02, Param MSE = 1.814332e-01, Grad norm = 2.381151e-06, Beta update rate = 1.329825e-06
Epoch 469800 (9.4%): Train pred MSE = 2.350122e-07, Test pred MSE = 1.763102e-02, Param MSE = 1.814327e-01, Grad norm = 2.378226e-06, Beta update rate = 1.328189e-06
Epoch 470000 (9.4%): Train pred MSE = 2.344473e-07, Test pred MSE = 1.763099e-02, Param MSE = 1.814322e-01, Grad norm = 2.375304e-06, Beta update rate = 1.326556e-06
Epoch 470200 (9.4%): Train pred MSE = 2.338838e-07, Test pred MSE = 1.763096e-02, Param MSE = 1.814317e-01, Grad norm = 2.372387e-06, Beta update rate = 1.324925e-06
Epoch 470400 (9.4%): Train pred MSE = 2.333217e-07, Test pred MSE = 1.763092e-02, Param MSE = 1.814313e-01, Grad norm = 2.369473e-06, Beta update rate = 1.323296e-06
Epoch 470600 (9.4%): Train pred MSE = 2.327609e-07, Test pred MSE = 1.763089e-02, Param MSE = 1.814308e-01, Grad norm = 2.366563e-06, Beta update rate = 1.321669e-06
Epoch 470800 (9.4%): Train pred MSE = 2.322016e-07, Test pred MSE = 1.763085e-02, Param MSE = 1.814303e-01, Grad norm = 2.363657e-06, Beta update rate = 1.320044e-06
Epoch 471000 (9.4%): Train pred MSE = 2.316436e-07, Test pred MSE = 1.763082e-02, Param MSE = 1.814298e-01, Grad norm = 2.360755e-06, Beta update rate = 1.318422e-06
Epoch 471200 (9.4%): Train pred MSE = 2.310869e-07, Test pred MSE = 1.763078e-02, Param MSE = 1.814294e-01, Grad norm = 2.357857e-06, Beta update rate = 1.316801e-06
Epoch 471400 (9.4%): Train pred MSE = 2.305317e-07, Test pred MSE = 1.763075e-02, Param MSE = 1.814289e-01, Grad norm = 2.354962e-06, Beta update rate = 1.315183e-06
Epoch 471600 (9.4%): Train pred MSE = 2.299778e-07, Test pred MSE = 1.763072e-02, Param MSE = 1.814284e-01, Grad norm = 2.352071e-06, Beta update rate = 1.313567e-06
Epoch 471800 (9.4%): Train pred MSE = 2.294252e-07, Test pred MSE = 1.763068e-02, Param MSE = 1.814279e-01, Grad norm = 2.349184e-06, Beta update rate = 1.311953e-06
Epoch 472000 (9.4%): Train pred MSE = 2.288741e-07, Test pred MSE = 1.763065e-02, Param MSE = 1.814275e-01, Grad norm = 2.346300e-06, Beta update rate = 1.310341e-06
Epoch 472200 (9.4%): Train pred MSE = 2.283242e-07, Test pred MSE = 1.763061e-02, Param MSE = 1.814270e-01, Grad norm = 2.343421e-06, Beta update rate = 1.308731e-06
Epoch 472400 (9.4%): Train pred MSE = 2.277757e-07, Test pred MSE = 1.763058e-02, Param MSE = 1.814265e-01, Grad norm = 2.340545e-06, Beta update rate = 1.307123e-06
Epoch 472600 (9.5%): Train pred MSE = 2.272286e-07, Test pred MSE = 1.763055e-02, Param MSE = 1.814261e-01, Grad norm = 2.337673e-06, Beta update rate = 1.305517e-06
Epoch 472800 (9.5%): Train pred MSE = 2.266828e-07, Test pred MSE = 1.763051e-02, Param MSE = 1.814256e-01, Grad norm = 2.334804e-06, Beta update rate = 1.303914e-06
Epoch 473000 (9.5%): Train pred MSE = 2.261384e-07, Test pred MSE = 1.763048e-02, Param MSE = 1.814251e-01, Grad norm = 2.331940e-06, Beta update rate = 1.302312e-06
Epoch 473200 (9.5%): Train pred MSE = 2.255952e-07, Test pred MSE = 1.763045e-02, Param MSE = 1.814247e-01, Grad norm = 2.329079e-06, Beta update rate = 1.300713e-06
Epoch 473400 (9.5%): Train pred MSE = 2.250534e-07, Test pred MSE = 1.763041e-02, Param MSE = 1.814242e-01, Grad norm = 2.326221e-06, Beta update rate = 1.299115e-06
Epoch 473600 (9.5%): Train pred MSE = 2.245130e-07, Test pred MSE = 1.763038e-02, Param MSE = 1.814237e-01, Grad norm = 2.323368e-06, Beta update rate = 1.297520e-06
Epoch 473800 (9.5%): Train pred MSE = 2.239738e-07, Test pred MSE = 1.763035e-02, Param MSE = 1.814233e-01, Grad norm = 2.320518e-06, Beta update rate = 1.295927e-06
Epoch 474000 (9.5%): Train pred MSE = 2.234360e-07, Test pred MSE = 1.763031e-02, Param MSE = 1.814228e-01, Grad norm = 2.317672e-06, Beta update rate = 1.294336e-06
Epoch 474200 (9.5%): Train pred MSE = 2.228995e-07, Test pred MSE = 1.763028e-02, Param MSE = 1.814223e-01, Grad norm = 2.314830e-06, Beta update rate = 1.292747e-06
Epoch 474400 (9.5%): Train pred MSE = 2.223643e-07, Test pred MSE = 1.763025e-02, Param MSE = 1.814219e-01, Grad norm = 2.311991e-06, Beta update rate = 1.291160e-06
Epoch 474600 (9.5%): Train pred MSE = 2.218305e-07, Test pred MSE = 1.763021e-02, Param MSE = 1.814214e-01, Grad norm = 2.309156e-06, Beta update rate = 1.289575e-06
Epoch 474800 (9.5%): Train pred MSE = 2.212979e-07, Test pred MSE = 1.763018e-02, Param MSE = 1.814209e-01, Grad norm = 2.306325e-06, Beta update rate = 1.287992e-06
Epoch 475000 (9.5%): Train pred MSE = 2.207667e-07, Test pred MSE = 1.763015e-02, Param MSE = 1.814205e-01, Grad norm = 2.303497e-06, Beta update rate = 1.286412e-06
Epoch 475200 (9.5%): Train pred MSE = 2.202367e-07, Test pred MSE = 1.763011e-02, Param MSE = 1.814200e-01, Grad norm = 2.300673e-06, Beta update rate = 1.284833e-06
Epoch 475400 (9.5%): Train pred MSE = 2.197081e-07, Test pred MSE = 1.763008e-02, Param MSE = 1.814196e-01, Grad norm = 2.297853e-06, Beta update rate = 1.283256e-06
Epoch 475600 (9.5%): Train pred MSE = 2.191807e-07, Test pred MSE = 1.763005e-02, Param MSE = 1.814191e-01, Grad norm = 2.295036e-06, Beta update rate = 1.281682e-06
Epoch 475800 (9.5%): Train pred MSE = 2.186546e-07, Test pred MSE = 1.763001e-02, Param MSE = 1.814187e-01, Grad norm = 2.292223e-06, Beta update rate = 1.280109e-06
Epoch 476000 (9.5%): Train pred MSE = 2.181298e-07, Test pred MSE = 1.762998e-02, Param MSE = 1.814182e-01, Grad norm = 2.289414e-06, Beta update rate = 1.278539e-06
Epoch 476200 (9.5%): Train pred MSE = 2.176063e-07, Test pred MSE = 1.762995e-02, Param MSE = 1.814177e-01, Grad norm = 2.286608e-06, Beta update rate = 1.276970e-06
Epoch 476400 (9.5%): Train pred MSE = 2.170841e-07, Test pred MSE = 1.762992e-02, Param MSE = 1.814173e-01, Grad norm = 2.283806e-06, Beta update rate = 1.275404e-06
Epoch 476600 (9.5%): Train pred MSE = 2.165632e-07, Test pred MSE = 1.762988e-02, Param MSE = 1.814168e-01, Grad norm = 2.281008e-06, Beta update rate = 1.273839e-06
Epoch 476800 (9.5%): Train pred MSE = 2.160435e-07, Test pred MSE = 1.762985e-02, Param MSE = 1.814164e-01, Grad norm = 2.278213e-06, Beta update rate = 1.272277e-06
Epoch 477000 (9.5%): Train pred MSE = 2.155252e-07, Test pred MSE = 1.762982e-02, Param MSE = 1.814159e-01, Grad norm = 2.275422e-06, Beta update rate = 1.270717e-06
Epoch 477200 (9.5%): Train pred MSE = 2.150080e-07, Test pred MSE = 1.762979e-02, Param MSE = 1.814155e-01, Grad norm = 2.272634e-06, Beta update rate = 1.269159e-06
Epoch 477400 (9.5%): Train pred MSE = 2.144922e-07, Test pred MSE = 1.762975e-02, Param MSE = 1.814150e-01, Grad norm = 2.269850e-06, Beta update rate = 1.267602e-06
Epoch 477600 (9.6%): Train pred MSE = 2.139776e-07, Test pred MSE = 1.762972e-02, Param MSE = 1.814146e-01, Grad norm = 2.267070e-06, Beta update rate = 1.266048e-06
Epoch 477800 (9.6%): Train pred MSE = 2.134643e-07, Test pred MSE = 1.762969e-02, Param MSE = 1.814141e-01, Grad norm = 2.264293e-06, Beta update rate = 1.264496e-06
Epoch 478000 (9.6%): Train pred MSE = 2.129522e-07, Test pred MSE = 1.762966e-02, Param MSE = 1.814137e-01, Grad norm = 2.261520e-06, Beta update rate = 1.262946e-06
Epoch 478200 (9.6%): Train pred MSE = 2.124414e-07, Test pred MSE = 1.762963e-02, Param MSE = 1.814132e-01, Grad norm = 2.258751e-06, Beta update rate = 1.261398e-06
Epoch 478400 (9.6%): Train pred MSE = 2.119318e-07, Test pred MSE = 1.762959e-02, Param MSE = 1.814128e-01, Grad norm = 2.255985e-06, Beta update rate = 1.259852e-06
Epoch 478600 (9.6%): Train pred MSE = 2.114235e-07, Test pred MSE = 1.762956e-02, Param MSE = 1.814123e-01, Grad norm = 2.253223e-06, Beta update rate = 1.258307e-06
Epoch 478800 (9.6%): Train pred MSE = 2.109164e-07, Test pred MSE = 1.762953e-02, Param MSE = 1.814119e-01, Grad norm = 2.250464e-06, Beta update rate = 1.256765e-06
Epoch 479000 (9.6%): Train pred MSE = 2.104106e-07, Test pred MSE = 1.762950e-02, Param MSE = 1.814114e-01, Grad norm = 2.247709e-06, Beta update rate = 1.255225e-06
Epoch 479200 (9.6%): Train pred MSE = 2.099060e-07, Test pred MSE = 1.762947e-02, Param MSE = 1.814110e-01, Grad norm = 2.244957e-06, Beta update rate = 1.253687e-06
Epoch 479400 (9.6%): Train pred MSE = 2.094026e-07, Test pred MSE = 1.762943e-02, Param MSE = 1.814106e-01, Grad norm = 2.242209e-06, Beta update rate = 1.252151e-06
Epoch 479600 (9.6%): Train pred MSE = 2.089005e-07, Test pred MSE = 1.762940e-02, Param MSE = 1.814101e-01, Grad norm = 2.239465e-06, Beta update rate = 1.250617e-06
Epoch 479800 (9.6%): Train pred MSE = 2.083996e-07, Test pred MSE = 1.762937e-02, Param MSE = 1.814097e-01, Grad norm = 2.236724e-06, Beta update rate = 1.249085e-06
Epoch 480000 (9.6%): Train pred MSE = 2.078999e-07, Test pred MSE = 1.762934e-02, Param MSE = 1.814092e-01, Grad norm = 2.233986e-06, Beta update rate = 1.247554e-06
Epoch 480200 (9.6%): Train pred MSE = 2.074015e-07, Test pred MSE = 1.762931e-02, Param MSE = 1.814088e-01, Grad norm = 2.231253e-06, Beta update rate = 1.246026e-06
Epoch 480400 (9.6%): Train pred MSE = 2.069042e-07, Test pred MSE = 1.762928e-02, Param MSE = 1.814083e-01, Grad norm = 2.228522e-06, Beta update rate = 1.244500e-06
Epoch 480600 (9.6%): Train pred MSE = 2.064082e-07, Test pred MSE = 1.762924e-02, Param MSE = 1.814079e-01, Grad norm = 2.225796e-06, Beta update rate = 1.242976e-06
Epoch 480800 (9.6%): Train pred MSE = 2.059134e-07, Test pred MSE = 1.762921e-02, Param MSE = 1.814075e-01, Grad norm = 2.223072e-06, Beta update rate = 1.241454e-06
Epoch 481000 (9.6%): Train pred MSE = 2.054198e-07, Test pred MSE = 1.762918e-02, Param MSE = 1.814070e-01, Grad norm = 2.220353e-06, Beta update rate = 1.239933e-06
Epoch 481200 (9.6%): Train pred MSE = 2.049274e-07, Test pred MSE = 1.762915e-02, Param MSE = 1.814066e-01, Grad norm = 2.217636e-06, Beta update rate = 1.238415e-06
Epoch 481400 (9.6%): Train pred MSE = 2.044362e-07, Test pred MSE = 1.762912e-02, Param MSE = 1.814062e-01, Grad norm = 2.214924e-06, Beta update rate = 1.236899e-06
Epoch 481600 (9.6%): Train pred MSE = 2.039463e-07, Test pred MSE = 1.762909e-02, Param MSE = 1.814057e-01, Grad norm = 2.212215e-06, Beta update rate = 1.235384e-06
Epoch 481800 (9.6%): Train pred MSE = 2.034575e-07, Test pred MSE = 1.762906e-02, Param MSE = 1.814053e-01, Grad norm = 2.209509e-06, Beta update rate = 1.233872e-06
Epoch 482000 (9.6%): Train pred MSE = 2.029699e-07, Test pred MSE = 1.762903e-02, Param MSE = 1.814048e-01, Grad norm = 2.206807e-06, Beta update rate = 1.232362e-06
Epoch 482200 (9.6%): Train pred MSE = 2.024835e-07, Test pred MSE = 1.762899e-02, Param MSE = 1.814044e-01, Grad norm = 2.204108e-06, Beta update rate = 1.230853e-06
Epoch 482400 (9.6%): Train pred MSE = 2.019983e-07, Test pred MSE = 1.762896e-02, Param MSE = 1.814040e-01, Grad norm = 2.201413e-06, Beta update rate = 1.229347e-06
Epoch 482600 (9.7%): Train pred MSE = 2.015142e-07, Test pred MSE = 1.762893e-02, Param MSE = 1.814035e-01, Grad norm = 2.198721e-06, Beta update rate = 1.227842e-06
Epoch 482800 (9.7%): Train pred MSE = 2.010314e-07, Test pred MSE = 1.762890e-02, Param MSE = 1.814031e-01, Grad norm = 2.196033e-06, Beta update rate = 1.226339e-06
Epoch 483000 (9.7%): Train pred MSE = 2.005497e-07, Test pred MSE = 1.762887e-02, Param MSE = 1.814027e-01, Grad norm = 2.193348e-06, Beta update rate = 1.224839e-06
Epoch 483200 (9.7%): Train pred MSE = 2.000693e-07, Test pred MSE = 1.762884e-02, Param MSE = 1.814023e-01, Grad norm = 2.190667e-06, Beta update rate = 1.223340e-06
Epoch 483400 (9.7%): Train pred MSE = 1.995899e-07, Test pred MSE = 1.762881e-02, Param MSE = 1.814018e-01, Grad norm = 2.187989e-06, Beta update rate = 1.221843e-06
Epoch 483600 (9.7%): Train pred MSE = 1.991118e-07, Test pred MSE = 1.762878e-02, Param MSE = 1.814014e-01, Grad norm = 2.185315e-06, Beta update rate = 1.220348e-06
Epoch 483800 (9.7%): Train pred MSE = 1.986348e-07, Test pred MSE = 1.762875e-02, Param MSE = 1.814010e-01, Grad norm = 2.182644e-06, Beta update rate = 1.218855e-06
Epoch 484000 (9.7%): Train pred MSE = 1.981590e-07, Test pred MSE = 1.762872e-02, Param MSE = 1.814005e-01, Grad norm = 2.179976e-06, Beta update rate = 1.217364e-06
Epoch 484200 (9.7%): Train pred MSE = 1.976844e-07, Test pred MSE = 1.762869e-02, Param MSE = 1.814001e-01, Grad norm = 2.177312e-06, Beta update rate = 1.215875e-06
Epoch 484400 (9.7%): Train pred MSE = 1.972109e-07, Test pred MSE = 1.762866e-02, Param MSE = 1.813997e-01, Grad norm = 2.174652e-06, Beta update rate = 1.214388e-06
Epoch 484600 (9.7%): Train pred MSE = 1.967386e-07, Test pred MSE = 1.762863e-02, Param MSE = 1.813993e-01, Grad norm = 2.171994e-06, Beta update rate = 1.212903e-06
Epoch 484800 (9.7%): Train pred MSE = 1.962674e-07, Test pred MSE = 1.762860e-02, Param MSE = 1.813988e-01, Grad norm = 2.169341e-06, Beta update rate = 1.211420e-06
Epoch 485000 (9.7%): Train pred MSE = 1.957974e-07, Test pred MSE = 1.762857e-02, Param MSE = 1.813984e-01, Grad norm = 2.166690e-06, Beta update rate = 1.209938e-06
Epoch 485200 (9.7%): Train pred MSE = 1.953285e-07, Test pred MSE = 1.762854e-02, Param MSE = 1.813980e-01, Grad norm = 2.164044e-06, Beta update rate = 1.208459e-06
Epoch 485400 (9.7%): Train pred MSE = 1.948608e-07, Test pred MSE = 1.762851e-02, Param MSE = 1.813976e-01, Grad norm = 2.161400e-06, Beta update rate = 1.206981e-06
Epoch 485600 (9.7%): Train pred MSE = 1.943942e-07, Test pred MSE = 1.762848e-02, Param MSE = 1.813971e-01, Grad norm = 2.158760e-06, Beta update rate = 1.205505e-06
Epoch 485800 (9.7%): Train pred MSE = 1.939287e-07, Test pred MSE = 1.762845e-02, Param MSE = 1.813967e-01, Grad norm = 2.156123e-06, Beta update rate = 1.204032e-06
Epoch 486000 (9.7%): Train pred MSE = 1.934644e-07, Test pred MSE = 1.762842e-02, Param MSE = 1.813963e-01, Grad norm = 2.153490e-06, Beta update rate = 1.202560e-06
Epoch 486200 (9.7%): Train pred MSE = 1.930012e-07, Test pred MSE = 1.762839e-02, Param MSE = 1.813959e-01, Grad norm = 2.150860e-06, Beta update rate = 1.201090e-06
Epoch 486400 (9.7%): Train pred MSE = 1.925392e-07, Test pred MSE = 1.762836e-02, Param MSE = 1.813955e-01, Grad norm = 2.148234e-06, Beta update rate = 1.199622e-06
Epoch 486600 (9.7%): Train pred MSE = 1.920782e-07, Test pred MSE = 1.762833e-02, Param MSE = 1.813950e-01, Grad norm = 2.145610e-06, Beta update rate = 1.198156e-06
Epoch 486800 (9.7%): Train pred MSE = 1.916185e-07, Test pred MSE = 1.762830e-02, Param MSE = 1.813946e-01, Grad norm = 2.142991e-06, Beta update rate = 1.196692e-06
Epoch 487000 (9.7%): Train pred MSE = 1.911598e-07, Test pred MSE = 1.762827e-02, Param MSE = 1.813942e-01, Grad norm = 2.140374e-06, Beta update rate = 1.195229e-06
Epoch 487200 (9.7%): Train pred MSE = 1.907022e-07, Test pred MSE = 1.762824e-02, Param MSE = 1.813938e-01, Grad norm = 2.137761e-06, Beta update rate = 1.193769e-06
Epoch 487400 (9.7%): Train pred MSE = 1.902458e-07, Test pred MSE = 1.762821e-02, Param MSE = 1.813934e-01, Grad norm = 2.135152e-06, Beta update rate = 1.192310e-06
Epoch 487600 (9.8%): Train pred MSE = 1.897905e-07, Test pred MSE = 1.762818e-02, Param MSE = 1.813930e-01, Grad norm = 2.132545e-06, Beta update rate = 1.190853e-06
Epoch 487800 (9.8%): Train pred MSE = 1.893362e-07, Test pred MSE = 1.762815e-02, Param MSE = 1.813925e-01, Grad norm = 2.129943e-06, Beta update rate = 1.189399e-06
Epoch 488000 (9.8%): Train pred MSE = 1.888831e-07, Test pred MSE = 1.762812e-02, Param MSE = 1.813921e-01, Grad norm = 2.127343e-06, Beta update rate = 1.187946e-06
Epoch 488200 (9.8%): Train pred MSE = 1.884311e-07, Test pred MSE = 1.762809e-02, Param MSE = 1.813917e-01, Grad norm = 2.124747e-06, Beta update rate = 1.186495e-06
Epoch 488400 (9.8%): Train pred MSE = 1.879802e-07, Test pred MSE = 1.762806e-02, Param MSE = 1.813913e-01, Grad norm = 2.122154e-06, Beta update rate = 1.185045e-06
Epoch 488600 (9.8%): Train pred MSE = 1.875304e-07, Test pred MSE = 1.762803e-02, Param MSE = 1.813909e-01, Grad norm = 2.119564e-06, Beta update rate = 1.183598e-06
Epoch 488800 (9.8%): Train pred MSE = 1.870817e-07, Test pred MSE = 1.762800e-02, Param MSE = 1.813905e-01, Grad norm = 2.116978e-06, Beta update rate = 1.182152e-06
Epoch 489000 (9.8%): Train pred MSE = 1.866341e-07, Test pred MSE = 1.762797e-02, Param MSE = 1.813901e-01, Grad norm = 2.114395e-06, Beta update rate = 1.180709e-06
Epoch 489200 (9.8%): Train pred MSE = 1.861876e-07, Test pred MSE = 1.762794e-02, Param MSE = 1.813897e-01, Grad norm = 2.111816e-06, Beta update rate = 1.179267e-06
Epoch 489400 (9.8%): Train pred MSE = 1.857422e-07, Test pred MSE = 1.762791e-02, Param MSE = 1.813892e-01, Grad norm = 2.109239e-06, Beta update rate = 1.177827e-06
Epoch 489600 (9.8%): Train pred MSE = 1.852978e-07, Test pred MSE = 1.762788e-02, Param MSE = 1.813888e-01, Grad norm = 2.106666e-06, Beta update rate = 1.176389e-06
Epoch 489800 (9.8%): Train pred MSE = 1.848546e-07, Test pred MSE = 1.762785e-02, Param MSE = 1.813884e-01, Grad norm = 2.104097e-06, Beta update rate = 1.174953e-06
Epoch 490000 (9.8%): Train pred MSE = 1.844124e-07, Test pred MSE = 1.762783e-02, Param MSE = 1.813880e-01, Grad norm = 2.101530e-06, Beta update rate = 1.173519e-06
Epoch 490200 (9.8%): Train pred MSE = 1.839713e-07, Test pred MSE = 1.762780e-02, Param MSE = 1.813876e-01, Grad norm = 2.098967e-06, Beta update rate = 1.172086e-06
Epoch 490400 (9.8%): Train pred MSE = 1.835313e-07, Test pred MSE = 1.762777e-02, Param MSE = 1.813872e-01, Grad norm = 2.096408e-06, Beta update rate = 1.170656e-06
Epoch 490600 (9.8%): Train pred MSE = 1.830923e-07, Test pred MSE = 1.762774e-02, Param MSE = 1.813868e-01, Grad norm = 2.093851e-06, Beta update rate = 1.169227e-06
Epoch 490800 (9.8%): Train pred MSE = 1.826544e-07, Test pred MSE = 1.762771e-02, Param MSE = 1.813864e-01, Grad norm = 2.091298e-06, Beta update rate = 1.167800e-06
Epoch 491000 (9.8%): Train pred MSE = 1.822176e-07, Test pred MSE = 1.762768e-02, Param MSE = 1.813860e-01, Grad norm = 2.088748e-06, Beta update rate = 1.166375e-06
Epoch 491200 (9.8%): Train pred MSE = 1.817819e-07, Test pred MSE = 1.762765e-02, Param MSE = 1.813856e-01, Grad norm = 2.086201e-06, Beta update rate = 1.164951e-06
Epoch 491400 (9.8%): Train pred MSE = 1.813472e-07, Test pred MSE = 1.762762e-02, Param MSE = 1.813852e-01, Grad norm = 2.083658e-06, Beta update rate = 1.163530e-06
Epoch 491600 (9.8%): Train pred MSE = 1.809135e-07, Test pred MSE = 1.762760e-02, Param MSE = 1.813848e-01, Grad norm = 2.081118e-06, Beta update rate = 1.162110e-06
Epoch 491800 (9.8%): Train pred MSE = 1.804810e-07, Test pred MSE = 1.762757e-02, Param MSE = 1.813844e-01, Grad norm = 2.078581e-06, Beta update rate = 1.160692e-06
Epoch 492000 (9.8%): Train pred MSE = 1.800494e-07, Test pred MSE = 1.762754e-02, Param MSE = 1.813840e-01, Grad norm = 2.076048e-06, Beta update rate = 1.159276e-06
Epoch 492200 (9.8%): Train pred MSE = 1.796190e-07, Test pred MSE = 1.762751e-02, Param MSE = 1.813836e-01, Grad norm = 2.073517e-06, Beta update rate = 1.157862e-06
Epoch 492400 (9.8%): Train pred MSE = 1.791896e-07, Test pred MSE = 1.762748e-02, Param MSE = 1.813832e-01, Grad norm = 2.070990e-06, Beta update rate = 1.156450e-06
Epoch 492600 (9.9%): Train pred MSE = 1.787612e-07, Test pred MSE = 1.762745e-02, Param MSE = 1.813828e-01, Grad norm = 2.068466e-06, Beta update rate = 1.155039e-06
Epoch 492800 (9.9%): Train pred MSE = 1.783339e-07, Test pred MSE = 1.762743e-02, Param MSE = 1.813824e-01, Grad norm = 2.065946e-06, Beta update rate = 1.153631e-06
Epoch 493000 (9.9%): Train pred MSE = 1.779076e-07, Test pred MSE = 1.762740e-02, Param MSE = 1.813820e-01, Grad norm = 2.063428e-06, Beta update rate = 1.152224e-06
Epoch 493200 (9.9%): Train pred MSE = 1.774823e-07, Test pred MSE = 1.762737e-02, Param MSE = 1.813816e-01, Grad norm = 2.060914e-06, Beta update rate = 1.150819e-06
Epoch 493400 (9.9%): Train pred MSE = 1.770581e-07, Test pred MSE = 1.762734e-02, Param MSE = 1.813812e-01, Grad norm = 2.058403e-06, Beta update rate = 1.149415e-06
Epoch 493600 (9.9%): Train pred MSE = 1.766349e-07, Test pred MSE = 1.762731e-02, Param MSE = 1.813808e-01, Grad norm = 2.055896e-06, Beta update rate = 1.148014e-06
Epoch 493800 (9.9%): Train pred MSE = 1.762128e-07, Test pred MSE = 1.762728e-02, Param MSE = 1.813804e-01, Grad norm = 2.053391e-06, Beta update rate = 1.146614e-06
Epoch 494000 (9.9%): Train pred MSE = 1.757916e-07, Test pred MSE = 1.762726e-02, Param MSE = 1.813800e-01, Grad norm = 2.050890e-06, Beta update rate = 1.145216e-06
Epoch 494200 (9.9%): Train pred MSE = 1.753715e-07, Test pred MSE = 1.762723e-02, Param MSE = 1.813796e-01, Grad norm = 2.048392e-06, Beta update rate = 1.143820e-06
Epoch 494400 (9.9%): Train pred MSE = 1.749525e-07, Test pred MSE = 1.762720e-02, Param MSE = 1.813792e-01, Grad norm = 2.045897e-06, Beta update rate = 1.142426e-06
Epoch 494600 (9.9%): Train pred MSE = 1.745344e-07, Test pred MSE = 1.762717e-02, Param MSE = 1.813788e-01, Grad norm = 2.043405e-06, Beta update rate = 1.141033e-06
Epoch 494800 (9.9%): Train pred MSE = 1.741174e-07, Test pred MSE = 1.762714e-02, Param MSE = 1.813784e-01, Grad norm = 2.040917e-06, Beta update rate = 1.139643e-06
Epoch 495000 (9.9%): Train pred MSE = 1.737013e-07, Test pred MSE = 1.762712e-02, Param MSE = 1.813780e-01, Grad norm = 2.038431e-06, Beta update rate = 1.138254e-06
Epoch 495200 (9.9%): Train pred MSE = 1.732863e-07, Test pred MSE = 1.762709e-02, Param MSE = 1.813776e-01, Grad norm = 2.035949e-06, Beta update rate = 1.136866e-06
Epoch 495400 (9.9%): Train pred MSE = 1.728723e-07, Test pred MSE = 1.762706e-02, Param MSE = 1.813772e-01, Grad norm = 2.033470e-06, Beta update rate = 1.135481e-06
Epoch 495600 (9.9%): Train pred MSE = 1.724593e-07, Test pred MSE = 1.762703e-02, Param MSE = 1.813769e-01, Grad norm = 2.030994e-06, Beta update rate = 1.134097e-06
Epoch 495800 (9.9%): Train pred MSE = 1.720474e-07, Test pred MSE = 1.762701e-02, Param MSE = 1.813765e-01, Grad norm = 2.028522e-06, Beta update rate = 1.132716e-06
Epoch 496000 (9.9%): Train pred MSE = 1.716364e-07, Test pred MSE = 1.762698e-02, Param MSE = 1.813761e-01, Grad norm = 2.026052e-06, Beta update rate = 1.131336e-06
Epoch 496200 (9.9%): Train pred MSE = 1.712264e-07, Test pred MSE = 1.762695e-02, Param MSE = 1.813757e-01, Grad norm = 2.023586e-06, Beta update rate = 1.129957e-06
Epoch 496400 (9.9%): Train pred MSE = 1.708174e-07, Test pred MSE = 1.762692e-02, Param MSE = 1.813753e-01, Grad norm = 2.021123e-06, Beta update rate = 1.128581e-06
Epoch 496600 (9.9%): Train pred MSE = 1.704094e-07, Test pred MSE = 1.762690e-02, Param MSE = 1.813749e-01, Grad norm = 2.018663e-06, Beta update rate = 1.127206e-06
Epoch 496800 (9.9%): Train pred MSE = 1.700024e-07, Test pred MSE = 1.762687e-02, Param MSE = 1.813745e-01, Grad norm = 2.016206e-06, Beta update rate = 1.125833e-06
Epoch 497000 (9.9%): Train pred MSE = 1.695964e-07, Test pred MSE = 1.762684e-02, Param MSE = 1.813741e-01, Grad norm = 2.013753e-06, Beta update rate = 1.124462e-06
Epoch 497200 (9.9%): Train pred MSE = 1.691914e-07, Test pred MSE = 1.762681e-02, Param MSE = 1.813738e-01, Grad norm = 2.011302e-06, Beta update rate = 1.123092e-06
Epoch 497400 (9.9%): Train pred MSE = 1.687873e-07, Test pred MSE = 1.762679e-02, Param MSE = 1.813734e-01, Grad norm = 2.008855e-06, Beta update rate = 1.121724e-06
Epoch 497600 (10.0%): Train pred MSE = 1.683843e-07, Test pred MSE = 1.762676e-02, Param MSE = 1.813730e-01, Grad norm = 2.006410e-06, Beta update rate = 1.120358e-06
Epoch 497800 (10.0%): Train pred MSE = 1.679822e-07, Test pred MSE = 1.762673e-02, Param MSE = 1.813726e-01, Grad norm = 2.003969e-06, Beta update rate = 1.118994e-06
Epoch 498000 (10.0%): Train pred MSE = 1.675811e-07, Test pred MSE = 1.762671e-02, Param MSE = 1.813722e-01, Grad norm = 2.001531e-06, Beta update rate = 1.117632e-06
Epoch 498200 (10.0%): Train pred MSE = 1.671810e-07, Test pred MSE = 1.762668e-02, Param MSE = 1.813718e-01, Grad norm = 1.999096e-06, Beta update rate = 1.116271e-06
Epoch 498400 (10.0%): Train pred MSE = 1.667818e-07, Test pred MSE = 1.762665e-02, Param MSE = 1.813715e-01, Grad norm = 1.996664e-06, Beta update rate = 1.114912e-06
Epoch 498600 (10.0%): Train pred MSE = 1.663837e-07, Test pred MSE = 1.762663e-02, Param MSE = 1.813711e-01, Grad norm = 1.994236e-06, Beta update rate = 1.113555e-06
Epoch 498800 (10.0%): Train pred MSE = 1.659864e-07, Test pred MSE = 1.762660e-02, Param MSE = 1.813707e-01, Grad norm = 1.991810e-06, Beta update rate = 1.112199e-06
Epoch 499000 (10.0%): Train pred MSE = 1.655902e-07, Test pred MSE = 1.762657e-02, Param MSE = 1.813703e-01, Grad norm = 1.989387e-06, Beta update rate = 1.110845e-06
Epoch 499200 (10.0%): Train pred MSE = 1.651949e-07, Test pred MSE = 1.762654e-02, Param MSE = 1.813699e-01, Grad norm = 1.986968e-06, Beta update rate = 1.109493e-06
Epoch 499400 (10.0%): Train pred MSE = 1.648006e-07, Test pred MSE = 1.762652e-02, Param MSE = 1.813696e-01, Grad norm = 1.984552e-06, Beta update rate = 1.108143e-06
Epoch 499600 (10.0%): Train pred MSE = 1.644072e-07, Test pred MSE = 1.762649e-02, Param MSE = 1.813692e-01, Grad norm = 1.982138e-06, Beta update rate = 1.106795e-06
Epoch 499800 (10.0%): Train pred MSE = 1.640148e-07, Test pred MSE = 1.762646e-02, Param MSE = 1.813688e-01, Grad norm = 1.979728e-06, Beta update rate = 1.105448e-06
Epoch 500000 (10.0%): Train pred MSE = 1.636234e-07, Test pred MSE = 1.762644e-02, Param MSE = 1.813684e-01, Grad norm = 1.977321e-06, Beta update rate = 1.104102e-06
Epoch 500200 (10.0%): Train pred MSE = 1.632329e-07, Test pred MSE = 1.762641e-02, Param MSE = 1.813680e-01, Grad norm = 1.974917e-06, Beta update rate = 1.102759e-06
Epoch 500400 (10.0%): Train pred MSE = 1.628433e-07, Test pred MSE = 1.762638e-02, Param MSE = 1.813677e-01, Grad norm = 1.972516e-06, Beta update rate = 1.101417e-06
Epoch 500600 (10.0%): Train pred MSE = 1.624547e-07, Test pred MSE = 1.762636e-02, Param MSE = 1.813673e-01, Grad norm = 1.970118e-06, Beta update rate = 1.100077e-06
Epoch 500800 (10.0%): Train pred MSE = 1.620671e-07, Test pred MSE = 1.762633e-02, Param MSE = 1.813669e-01, Grad norm = 1.967724e-06, Beta update rate = 1.098739e-06
Epoch 501000 (10.0%): Train pred MSE = 1.616803e-07, Test pred MSE = 1.762631e-02, Param MSE = 1.813666e-01, Grad norm = 1.965332e-06, Beta update rate = 1.097403e-06
Epoch 501200 (10.0%): Train pred MSE = 1.612946e-07, Test pred MSE = 1.762628e-02, Param MSE = 1.813662e-01, Grad norm = 1.962943e-06, Beta update rate = 1.096068e-06
Epoch 501400 (10.0%): Train pred MSE = 1.609097e-07, Test pred MSE = 1.762625e-02, Param MSE = 1.813658e-01, Grad norm = 1.960557e-06, Beta update rate = 1.094734e-06
Epoch 501600 (10.0%): Train pred MSE = 1.605258e-07, Test pred MSE = 1.762623e-02, Param MSE = 1.813654e-01, Grad norm = 1.958175e-06, Beta update rate = 1.093403e-06
Epoch 501800 (10.0%): Train pred MSE = 1.601428e-07, Test pred MSE = 1.762620e-02, Param MSE = 1.813651e-01, Grad norm = 1.955795e-06, Beta update rate = 1.092073e-06
Epoch 502000 (10.0%): Train pred MSE = 1.597608e-07, Test pred MSE = 1.762617e-02, Param MSE = 1.813647e-01, Grad norm = 1.953419e-06, Beta update rate = 1.090745e-06
Epoch 502200 (10.0%): Train pred MSE = 1.593797e-07, Test pred MSE = 1.762615e-02, Param MSE = 1.813643e-01, Grad norm = 1.951045e-06, Beta update rate = 1.089419e-06
Epoch 502400 (10.0%): Train pred MSE = 1.589995e-07, Test pred MSE = 1.762612e-02, Param MSE = 1.813639e-01, Grad norm = 1.948675e-06, Beta update rate = 1.088094e-06
Epoch 502600 (10.1%): Train pred MSE = 1.586202e-07, Test pred MSE = 1.762610e-02, Param MSE = 1.813636e-01, Grad norm = 1.946307e-06, Beta update rate = 1.086771e-06
Epoch 502800 (10.1%): Train pred MSE = 1.582419e-07, Test pred MSE = 1.762607e-02, Param MSE = 1.813632e-01, Grad norm = 1.943943e-06, Beta update rate = 1.085450e-06
Epoch 503000 (10.1%): Train pred MSE = 1.578644e-07, Test pred MSE = 1.762604e-02, Param MSE = 1.813628e-01, Grad norm = 1.941581e-06, Beta update rate = 1.084130e-06
Epoch 503200 (10.1%): Train pred MSE = 1.574879e-07, Test pred MSE = 1.762602e-02, Param MSE = 1.813625e-01, Grad norm = 1.939223e-06, Beta update rate = 1.082812e-06
Epoch 503400 (10.1%): Train pred MSE = 1.571123e-07, Test pred MSE = 1.762599e-02, Param MSE = 1.813621e-01, Grad norm = 1.936867e-06, Beta update rate = 1.081496e-06
Epoch 503600 (10.1%): Train pred MSE = 1.567376e-07, Test pred MSE = 1.762597e-02, Param MSE = 1.813617e-01, Grad norm = 1.934515e-06, Beta update rate = 1.080182e-06
Epoch 503800 (10.1%): Train pred MSE = 1.563639e-07, Test pred MSE = 1.762594e-02, Param MSE = 1.813614e-01, Grad norm = 1.932165e-06, Beta update rate = 1.078869e-06
Epoch 504000 (10.1%): Train pred MSE = 1.559910e-07, Test pred MSE = 1.762591e-02, Param MSE = 1.813610e-01, Grad norm = 1.929819e-06, Beta update rate = 1.077558e-06
Epoch 504200 (10.1%): Train pred MSE = 1.556190e-07, Test pred MSE = 1.762589e-02, Param MSE = 1.813606e-01, Grad norm = 1.927475e-06, Beta update rate = 1.076248e-06
Epoch 504400 (10.1%): Train pred MSE = 1.552480e-07, Test pred MSE = 1.762586e-02, Param MSE = 1.813603e-01, Grad norm = 1.925135e-06, Beta update rate = 1.074940e-06
Epoch 504600 (10.1%): Train pred MSE = 1.548778e-07, Test pred MSE = 1.762584e-02, Param MSE = 1.813599e-01, Grad norm = 1.922797e-06, Beta update rate = 1.073634e-06
Epoch 504800 (10.1%): Train pred MSE = 1.545085e-07, Test pred MSE = 1.762581e-02, Param MSE = 1.813596e-01, Grad norm = 1.920463e-06, Beta update rate = 1.072329e-06
Epoch 505000 (10.1%): Train pred MSE = 1.541402e-07, Test pred MSE = 1.762579e-02, Param MSE = 1.813592e-01, Grad norm = 1.918131e-06, Beta update rate = 1.071027e-06
Epoch 505200 (10.1%): Train pred MSE = 1.537727e-07, Test pred MSE = 1.762576e-02, Param MSE = 1.813588e-01, Grad norm = 1.915803e-06, Beta update rate = 1.069725e-06
Epoch 505400 (10.1%): Train pred MSE = 1.534061e-07, Test pred MSE = 1.762574e-02, Param MSE = 1.813585e-01, Grad norm = 1.913477e-06, Beta update rate = 1.068426e-06
Epoch 505600 (10.1%): Train pred MSE = 1.530404e-07, Test pred MSE = 1.762571e-02, Param MSE = 1.813581e-01, Grad norm = 1.911154e-06, Beta update rate = 1.067128e-06
Epoch 505800 (10.1%): Train pred MSE = 1.526756e-07, Test pred MSE = 1.762569e-02, Param MSE = 1.813577e-01, Grad norm = 1.908835e-06, Beta update rate = 1.065832e-06
Epoch 506000 (10.1%): Train pred MSE = 1.523117e-07, Test pred MSE = 1.762566e-02, Param MSE = 1.813574e-01, Grad norm = 1.906518e-06, Beta update rate = 1.064537e-06
Epoch 506200 (10.1%): Train pred MSE = 1.519487e-07, Test pred MSE = 1.762563e-02, Param MSE = 1.813570e-01, Grad norm = 1.904204e-06, Beta update rate = 1.063244e-06
Epoch 506400 (10.1%): Train pred MSE = 1.515865e-07, Test pred MSE = 1.762561e-02, Param MSE = 1.813567e-01, Grad norm = 1.901893e-06, Beta update rate = 1.061953e-06
Epoch 506600 (10.1%): Train pred MSE = 1.512252e-07, Test pred MSE = 1.762558e-02, Param MSE = 1.813563e-01, Grad norm = 1.899585e-06, Beta update rate = 1.060663e-06
Epoch 506800 (10.1%): Train pred MSE = 1.508648e-07, Test pred MSE = 1.762556e-02, Param MSE = 1.813560e-01, Grad norm = 1.897280e-06, Beta update rate = 1.059375e-06
Epoch 507000 (10.1%): Train pred MSE = 1.505053e-07, Test pred MSE = 1.762553e-02, Param MSE = 1.813556e-01, Grad norm = 1.894978e-06, Beta update rate = 1.058089e-06
Epoch 507200 (10.1%): Train pred MSE = 1.501467e-07, Test pred MSE = 1.762551e-02, Param MSE = 1.813552e-01, Grad norm = 1.892679e-06, Beta update rate = 1.056804e-06
Epoch 507400 (10.1%): Train pred MSE = 1.497889e-07, Test pred MSE = 1.762548e-02, Param MSE = 1.813549e-01, Grad norm = 1.890383e-06, Beta update rate = 1.055521e-06
Epoch 507600 (10.2%): Train pred MSE = 1.494319e-07, Test pred MSE = 1.762546e-02, Param MSE = 1.813545e-01, Grad norm = 1.888089e-06, Beta update rate = 1.054240e-06
Epoch 507800 (10.2%): Train pred MSE = 1.490759e-07, Test pred MSE = 1.762543e-02, Param MSE = 1.813542e-01, Grad norm = 1.885799e-06, Beta update rate = 1.052960e-06
Epoch 508000 (10.2%): Train pred MSE = 1.487207e-07, Test pred MSE = 1.762541e-02, Param MSE = 1.813538e-01, Grad norm = 1.883511e-06, Beta update rate = 1.051682e-06
Epoch 508200 (10.2%): Train pred MSE = 1.483664e-07, Test pred MSE = 1.762538e-02, Param MSE = 1.813535e-01, Grad norm = 1.881227e-06, Beta update rate = 1.050405e-06
Epoch 508400 (10.2%): Train pred MSE = 1.480129e-07, Test pred MSE = 1.762536e-02, Param MSE = 1.813531e-01, Grad norm = 1.878945e-06, Beta update rate = 1.049130e-06
Epoch 508600 (10.2%): Train pred MSE = 1.476603e-07, Test pred MSE = 1.762533e-02, Param MSE = 1.813528e-01, Grad norm = 1.876666e-06, Beta update rate = 1.047857e-06
Epoch 508800 (10.2%): Train pred MSE = 1.473085e-07, Test pred MSE = 1.762531e-02, Param MSE = 1.813524e-01, Grad norm = 1.874390e-06, Beta update rate = 1.046585e-06
Epoch 509000 (10.2%): Train pred MSE = 1.469576e-07, Test pred MSE = 1.762529e-02, Param MSE = 1.813521e-01, Grad norm = 1.872117e-06, Beta update rate = 1.045315e-06
Epoch 509200 (10.2%): Train pred MSE = 1.466076e-07, Test pred MSE = 1.762526e-02, Param MSE = 1.813517e-01, Grad norm = 1.869847e-06, Beta update rate = 1.044047e-06
Epoch 509400 (10.2%): Train pred MSE = 1.462584e-07, Test pred MSE = 1.762524e-02, Param MSE = 1.813514e-01, Grad norm = 1.867580e-06, Beta update rate = 1.042780e-06
Epoch 509600 (10.2%): Train pred MSE = 1.459100e-07, Test pred MSE = 1.762521e-02, Param MSE = 1.813510e-01, Grad norm = 1.865315e-06, Beta update rate = 1.041515e-06
Epoch 509800 (10.2%): Train pred MSE = 1.455625e-07, Test pred MSE = 1.762519e-02, Param MSE = 1.813507e-01, Grad norm = 1.863054e-06, Beta update rate = 1.040251e-06
Epoch 510000 (10.2%): Train pred MSE = 1.452158e-07, Test pred MSE = 1.762516e-02, Param MSE = 1.813503e-01, Grad norm = 1.860795e-06, Beta update rate = 1.038989e-06
Epoch 510200 (10.2%): Train pred MSE = 1.448700e-07, Test pred MSE = 1.762514e-02, Param MSE = 1.813500e-01, Grad norm = 1.858540e-06, Beta update rate = 1.037728e-06
Epoch 510400 (10.2%): Train pred MSE = 1.445250e-07, Test pred MSE = 1.762511e-02, Param MSE = 1.813496e-01, Grad norm = 1.856287e-06, Beta update rate = 1.036470e-06
Epoch 510600 (10.2%): Train pred MSE = 1.441808e-07, Test pred MSE = 1.762509e-02, Param MSE = 1.813493e-01, Grad norm = 1.854037e-06, Beta update rate = 1.035212e-06
Epoch 510800 (10.2%): Train pred MSE = 1.438375e-07, Test pred MSE = 1.762507e-02, Param MSE = 1.813489e-01, Grad norm = 1.851789e-06, Beta update rate = 1.033957e-06
Epoch 511000 (10.2%): Train pred MSE = 1.434950e-07, Test pred MSE = 1.762504e-02, Param MSE = 1.813486e-01, Grad norm = 1.849545e-06, Beta update rate = 1.032703e-06
Epoch 511200 (10.2%): Train pred MSE = 1.431534e-07, Test pred MSE = 1.762502e-02, Param MSE = 1.813482e-01, Grad norm = 1.847303e-06, Beta update rate = 1.031450e-06
Epoch 511400 (10.2%): Train pred MSE = 1.428125e-07, Test pred MSE = 1.762499e-02, Param MSE = 1.813479e-01, Grad norm = 1.845065e-06, Beta update rate = 1.030199e-06
Epoch 511600 (10.2%): Train pred MSE = 1.424725e-07, Test pred MSE = 1.762497e-02, Param MSE = 1.813475e-01, Grad norm = 1.842829e-06, Beta update rate = 1.028950e-06
Epoch 511800 (10.2%): Train pred MSE = 1.421333e-07, Test pred MSE = 1.762494e-02, Param MSE = 1.813472e-01, Grad norm = 1.840596e-06, Beta update rate = 1.027703e-06
Epoch 512000 (10.2%): Train pred MSE = 1.417950e-07, Test pred MSE = 1.762492e-02, Param MSE = 1.813469e-01, Grad norm = 1.838366e-06, Beta update rate = 1.026456e-06
Epoch 512200 (10.2%): Train pred MSE = 1.414574e-07, Test pred MSE = 1.762490e-02, Param MSE = 1.813465e-01, Grad norm = 1.836138e-06, Beta update rate = 1.025212e-06
Epoch 512400 (10.2%): Train pred MSE = 1.411207e-07, Test pred MSE = 1.762487e-02, Param MSE = 1.813462e-01, Grad norm = 1.833914e-06, Beta update rate = 1.023969e-06
Epoch 512600 (10.3%): Train pred MSE = 1.407848e-07, Test pred MSE = 1.762485e-02, Param MSE = 1.813458e-01, Grad norm = 1.831692e-06, Beta update rate = 1.022728e-06
Epoch 512800 (10.3%): Train pred MSE = 1.404497e-07, Test pred MSE = 1.762482e-02, Param MSE = 1.813455e-01, Grad norm = 1.829473e-06, Beta update rate = 1.021488e-06
Epoch 513000 (10.3%): Train pred MSE = 1.401154e-07, Test pred MSE = 1.762480e-02, Param MSE = 1.813451e-01, Grad norm = 1.827257e-06, Beta update rate = 1.020250e-06
Epoch 513200 (10.3%): Train pred MSE = 1.397819e-07, Test pred MSE = 1.762478e-02, Param MSE = 1.813448e-01, Grad norm = 1.825044e-06, Beta update rate = 1.019013e-06
Epoch 513400 (10.3%): Train pred MSE = 1.394492e-07, Test pred MSE = 1.762475e-02, Param MSE = 1.813445e-01, Grad norm = 1.822834e-06, Beta update rate = 1.017778e-06
Epoch 513600 (10.3%): Train pred MSE = 1.391174e-07, Test pred MSE = 1.762473e-02, Param MSE = 1.813441e-01, Grad norm = 1.820626e-06, Beta update rate = 1.016544e-06
Epoch 513800 (10.3%): Train pred MSE = 1.387863e-07, Test pred MSE = 1.762471e-02, Param MSE = 1.813438e-01, Grad norm = 1.818421e-06, Beta update rate = 1.015313e-06
Epoch 514000 (10.3%): Train pred MSE = 1.384560e-07, Test pred MSE = 1.762468e-02, Param MSE = 1.813435e-01, Grad norm = 1.816219e-06, Beta update rate = 1.014082e-06
Epoch 514200 (10.3%): Train pred MSE = 1.381266e-07, Test pred MSE = 1.762466e-02, Param MSE = 1.813431e-01, Grad norm = 1.814020e-06, Beta update rate = 1.012853e-06
Epoch 514400 (10.3%): Train pred MSE = 1.377979e-07, Test pred MSE = 1.762463e-02, Param MSE = 1.813428e-01, Grad norm = 1.811823e-06, Beta update rate = 1.011626e-06
Epoch 514600 (10.3%): Train pred MSE = 1.374700e-07, Test pred MSE = 1.762461e-02, Param MSE = 1.813424e-01, Grad norm = 1.809629e-06, Beta update rate = 1.010400e-06
Epoch 514800 (10.3%): Train pred MSE = 1.371430e-07, Test pred MSE = 1.762459e-02, Param MSE = 1.813421e-01, Grad norm = 1.807438e-06, Beta update rate = 1.009176e-06
Epoch 515000 (10.3%): Train pred MSE = 1.368167e-07, Test pred MSE = 1.762456e-02, Param MSE = 1.813418e-01, Grad norm = 1.805250e-06, Beta update rate = 1.007954e-06
Epoch 515200 (10.3%): Train pred MSE = 1.364912e-07, Test pred MSE = 1.762454e-02, Param MSE = 1.813414e-01, Grad norm = 1.803065e-06, Beta update rate = 1.006733e-06
Epoch 515400 (10.3%): Train pred MSE = 1.361665e-07, Test pred MSE = 1.762452e-02, Param MSE = 1.813411e-01, Grad norm = 1.800882e-06, Beta update rate = 1.005513e-06
Epoch 515600 (10.3%): Train pred MSE = 1.358425e-07, Test pred MSE = 1.762449e-02, Param MSE = 1.813408e-01, Grad norm = 1.798702e-06, Beta update rate = 1.004295e-06
Epoch 515800 (10.3%): Train pred MSE = 1.355194e-07, Test pred MSE = 1.762447e-02, Param MSE = 1.813404e-01, Grad norm = 1.796525e-06, Beta update rate = 1.003079e-06
Epoch 516000 (10.3%): Train pred MSE = 1.351971e-07, Test pred MSE = 1.762445e-02, Param MSE = 1.813401e-01, Grad norm = 1.794351e-06, Beta update rate = 1.001864e-06
Epoch 516200 (10.3%): Train pred MSE = 1.348755e-07, Test pred MSE = 1.762442e-02, Param MSE = 1.813398e-01, Grad norm = 1.792179e-06, Beta update rate = 1.000651e-06
Epoch 516400 (10.3%): Train pred MSE = 1.345547e-07, Test pred MSE = 1.762440e-02, Param MSE = 1.813394e-01, Grad norm = 1.790010e-06, Beta update rate = 9.994388e-07
Epoch 516600 (10.3%): Train pred MSE = 1.342347e-07, Test pred MSE = 1.762438e-02, Param MSE = 1.813391e-01, Grad norm = 1.787844e-06, Beta update rate = 9.982286e-07
Epoch 516800 (10.3%): Train pred MSE = 1.339154e-07, Test pred MSE = 1.762435e-02, Param MSE = 1.813388e-01, Grad norm = 1.785681e-06, Beta update rate = 9.970198e-07
Epoch 517000 (10.3%): Train pred MSE = 1.335969e-07, Test pred MSE = 1.762433e-02, Param MSE = 1.813384e-01, Grad norm = 1.783520e-06, Beta update rate = 9.958126e-07
Epoch 517200 (10.3%): Train pred MSE = 1.332792e-07, Test pred MSE = 1.762431e-02, Param MSE = 1.813381e-01, Grad norm = 1.781362e-06, Beta update rate = 9.946070e-07
Epoch 517400 (10.3%): Train pred MSE = 1.329623e-07, Test pred MSE = 1.762429e-02, Param MSE = 1.813378e-01, Grad norm = 1.779207e-06, Beta update rate = 9.934028e-07
Epoch 517600 (10.4%): Train pred MSE = 1.326461e-07, Test pred MSE = 1.762426e-02, Param MSE = 1.813375e-01, Grad norm = 1.777054e-06, Beta update rate = 9.922002e-07
Epoch 517800 (10.4%): Train pred MSE = 1.323307e-07, Test pred MSE = 1.762424e-02, Param MSE = 1.813371e-01, Grad norm = 1.774904e-06, Beta update rate = 9.909991e-07
Epoch 518000 (10.4%): Train pred MSE = 1.320161e-07, Test pred MSE = 1.762422e-02, Param MSE = 1.813368e-01, Grad norm = 1.772757e-06, Beta update rate = 9.897995e-07
Epoch 518200 (10.4%): Train pred MSE = 1.317022e-07, Test pred MSE = 1.762419e-02, Param MSE = 1.813365e-01, Grad norm = 1.770613e-06, Beta update rate = 9.886015e-07
Epoch 518400 (10.4%): Train pred MSE = 1.313890e-07, Test pred MSE = 1.762417e-02, Param MSE = 1.813361e-01, Grad norm = 1.768471e-06, Beta update rate = 9.874049e-07
Epoch 518600 (10.4%): Train pred MSE = 1.310767e-07, Test pred MSE = 1.762415e-02, Param MSE = 1.813358e-01, Grad norm = 1.766332e-06, Beta update rate = 9.862099e-07
Epoch 518800 (10.4%): Train pred MSE = 1.307651e-07, Test pred MSE = 1.762413e-02, Param MSE = 1.813355e-01, Grad norm = 1.764196e-06, Beta update rate = 9.850164e-07
Epoch 519000 (10.4%): Train pred MSE = 1.304542e-07, Test pred MSE = 1.762410e-02, Param MSE = 1.813352e-01, Grad norm = 1.762063e-06, Beta update rate = 9.838244e-07
Epoch 519200 (10.4%): Train pred MSE = 1.301441e-07, Test pred MSE = 1.762408e-02, Param MSE = 1.813348e-01, Grad norm = 1.759932e-06, Beta update rate = 9.826339e-07
Epoch 519400 (10.4%): Train pred MSE = 1.298347e-07, Test pred MSE = 1.762406e-02, Param MSE = 1.813345e-01, Grad norm = 1.757804e-06, Beta update rate = 9.814449e-07
Epoch 519600 (10.4%): Train pred MSE = 1.295261e-07, Test pred MSE = 1.762403e-02, Param MSE = 1.813342e-01, Grad norm = 1.755678e-06, Beta update rate = 9.802574e-07
Epoch 519800 (10.4%): Train pred MSE = 1.292183e-07, Test pred MSE = 1.762401e-02, Param MSE = 1.813339e-01, Grad norm = 1.753555e-06, Beta update rate = 9.790714e-07
Epoch 520000 (10.4%): Train pred MSE = 1.289111e-07, Test pred MSE = 1.762399e-02, Param MSE = 1.813336e-01, Grad norm = 1.751435e-06, Beta update rate = 9.778869e-07
Epoch 520200 (10.4%): Train pred MSE = 1.286048e-07, Test pred MSE = 1.762397e-02, Param MSE = 1.813332e-01, Grad norm = 1.749318e-06, Beta update rate = 9.767039e-07
Epoch 520400 (10.4%): Train pred MSE = 1.282991e-07, Test pred MSE = 1.762394e-02, Param MSE = 1.813329e-01, Grad norm = 1.747203e-06, Beta update rate = 9.755224e-07
Epoch 520600 (10.4%): Train pred MSE = 1.279942e-07, Test pred MSE = 1.762392e-02, Param MSE = 1.813326e-01, Grad norm = 1.745091e-06, Beta update rate = 9.743424e-07
Epoch 520800 (10.4%): Train pred MSE = 1.276901e-07, Test pred MSE = 1.762390e-02, Param MSE = 1.813323e-01, Grad norm = 1.742981e-06, Beta update rate = 9.731639e-07
Epoch 521000 (10.4%): Train pred MSE = 1.273866e-07, Test pred MSE = 1.762388e-02, Param MSE = 1.813319e-01, Grad norm = 1.740875e-06, Beta update rate = 9.719869e-07
Epoch 521200 (10.4%): Train pred MSE = 1.270839e-07, Test pred MSE = 1.762386e-02, Param MSE = 1.813316e-01, Grad norm = 1.738770e-06, Beta update rate = 9.708113e-07
Epoch 521400 (10.4%): Train pred MSE = 1.267820e-07, Test pred MSE = 1.762383e-02, Param MSE = 1.813313e-01, Grad norm = 1.736669e-06, Beta update rate = 9.696373e-07
Epoch 521600 (10.4%): Train pred MSE = 1.264807e-07, Test pred MSE = 1.762381e-02, Param MSE = 1.813310e-01, Grad norm = 1.734570e-06, Beta update rate = 9.684647e-07
Epoch 521800 (10.4%): Train pred MSE = 1.261802e-07, Test pred MSE = 1.762379e-02, Param MSE = 1.813307e-01, Grad norm = 1.732474e-06, Beta update rate = 9.672936e-07
Epoch 522000 (10.4%): Train pred MSE = 1.258805e-07, Test pred MSE = 1.762377e-02, Param MSE = 1.813303e-01, Grad norm = 1.730380e-06, Beta update rate = 9.661240e-07
Epoch 522200 (10.4%): Train pred MSE = 1.255814e-07, Test pred MSE = 1.762374e-02, Param MSE = 1.813300e-01, Grad norm = 1.728290e-06, Beta update rate = 9.649558e-07
Epoch 522400 (10.4%): Train pred MSE = 1.252831e-07, Test pred MSE = 1.762372e-02, Param MSE = 1.813297e-01, Grad norm = 1.726201e-06, Beta update rate = 9.637892e-07
Epoch 522600 (10.5%): Train pred MSE = 1.249854e-07, Test pred MSE = 1.762370e-02, Param MSE = 1.813294e-01, Grad norm = 1.724116e-06, Beta update rate = 9.626240e-07
Epoch 522800 (10.5%): Train pred MSE = 1.246886e-07, Test pred MSE = 1.762368e-02, Param MSE = 1.813291e-01, Grad norm = 1.722033e-06, Beta update rate = 9.614602e-07
Epoch 523000 (10.5%): Train pred MSE = 1.243924e-07, Test pred MSE = 1.762366e-02, Param MSE = 1.813288e-01, Grad norm = 1.719952e-06, Beta update rate = 9.602980e-07
Epoch 523200 (10.5%): Train pred MSE = 1.240969e-07, Test pred MSE = 1.762363e-02, Param MSE = 1.813285e-01, Grad norm = 1.717874e-06, Beta update rate = 9.591372e-07
Epoch 523400 (10.5%): Train pred MSE = 1.238022e-07, Test pred MSE = 1.762361e-02, Param MSE = 1.813281e-01, Grad norm = 1.715799e-06, Beta update rate = 9.579779e-07
Epoch 523600 (10.5%): Train pred MSE = 1.235081e-07, Test pred MSE = 1.762359e-02, Param MSE = 1.813278e-01, Grad norm = 1.713727e-06, Beta update rate = 9.568200e-07
Epoch 523800 (10.5%): Train pred MSE = 1.232148e-07, Test pred MSE = 1.762357e-02, Param MSE = 1.813275e-01, Grad norm = 1.711657e-06, Beta update rate = 9.556636e-07
Epoch 524000 (10.5%): Train pred MSE = 1.229222e-07, Test pred MSE = 1.762355e-02, Param MSE = 1.813272e-01, Grad norm = 1.709590e-06, Beta update rate = 9.545087e-07
Epoch 524200 (10.5%): Train pred MSE = 1.226303e-07, Test pred MSE = 1.762353e-02, Param MSE = 1.813269e-01, Grad norm = 1.707525e-06, Beta update rate = 9.533552e-07
Epoch 524400 (10.5%): Train pred MSE = 1.223390e-07, Test pred MSE = 1.762350e-02, Param MSE = 1.813266e-01, Grad norm = 1.705463e-06, Beta update rate = 9.522032e-07
Epoch 524600 (10.5%): Train pred MSE = 1.220485e-07, Test pred MSE = 1.762348e-02, Param MSE = 1.813263e-01, Grad norm = 1.703403e-06, Beta update rate = 9.510526e-07
Epoch 524800 (10.5%): Train pred MSE = 1.217587e-07, Test pred MSE = 1.762346e-02, Param MSE = 1.813259e-01, Grad norm = 1.701346e-06, Beta update rate = 9.499034e-07
Epoch 525000 (10.5%): Train pred MSE = 1.214696e-07, Test pred MSE = 1.762344e-02, Param MSE = 1.813256e-01, Grad norm = 1.699292e-06, Beta update rate = 9.487558e-07
Epoch 525200 (10.5%): Train pred MSE = 1.211812e-07, Test pred MSE = 1.762342e-02, Param MSE = 1.813253e-01, Grad norm = 1.697240e-06, Beta update rate = 9.476095e-07
Epoch 525400 (10.5%): Train pred MSE = 1.208935e-07, Test pred MSE = 1.762340e-02, Param MSE = 1.813250e-01, Grad norm = 1.695191e-06, Beta update rate = 9.464647e-07
Epoch 525600 (10.5%): Train pred MSE = 1.206065e-07, Test pred MSE = 1.762337e-02, Param MSE = 1.813247e-01, Grad norm = 1.693144e-06, Beta update rate = 9.453214e-07
Epoch 525800 (10.5%): Train pred MSE = 1.203202e-07, Test pred MSE = 1.762335e-02, Param MSE = 1.813244e-01, Grad norm = 1.691100e-06, Beta update rate = 9.441795e-07
Epoch 526000 (10.5%): Train pred MSE = 1.200345e-07, Test pred MSE = 1.762333e-02, Param MSE = 1.813241e-01, Grad norm = 1.689059e-06, Beta update rate = 9.430390e-07
Epoch 526200 (10.5%): Train pred MSE = 1.197496e-07, Test pred MSE = 1.762331e-02, Param MSE = 1.813238e-01, Grad norm = 1.687020e-06, Beta update rate = 9.419000e-07
Epoch 526400 (10.5%): Train pred MSE = 1.194653e-07, Test pred MSE = 1.762329e-02, Param MSE = 1.813235e-01, Grad norm = 1.684984e-06, Beta update rate = 9.407624e-07
Epoch 526600 (10.5%): Train pred MSE = 1.191818e-07, Test pred MSE = 1.762327e-02, Param MSE = 1.813232e-01, Grad norm = 1.682950e-06, Beta update rate = 9.396262e-07
Epoch 526800 (10.5%): Train pred MSE = 1.188989e-07, Test pred MSE = 1.762325e-02, Param MSE = 1.813229e-01, Grad norm = 1.680919e-06, Beta update rate = 9.384915e-07
Epoch 527000 (10.5%): Train pred MSE = 1.186167e-07, Test pred MSE = 1.762322e-02, Param MSE = 1.813226e-01, Grad norm = 1.678890e-06, Beta update rate = 9.373582e-07
Epoch 527200 (10.5%): Train pred MSE = 1.183351e-07, Test pred MSE = 1.762320e-02, Param MSE = 1.813223e-01, Grad norm = 1.676864e-06, Beta update rate = 9.362263e-07
Epoch 527400 (10.5%): Train pred MSE = 1.180543e-07, Test pred MSE = 1.762318e-02, Param MSE = 1.813219e-01, Grad norm = 1.674840e-06, Beta update rate = 9.350959e-07
Epoch 527600 (10.6%): Train pred MSE = 1.177741e-07, Test pred MSE = 1.762316e-02, Param MSE = 1.813216e-01, Grad norm = 1.672819e-06, Beta update rate = 9.339669e-07
Epoch 527800 (10.6%): Train pred MSE = 1.174946e-07, Test pred MSE = 1.762314e-02, Param MSE = 1.813213e-01, Grad norm = 1.670801e-06, Beta update rate = 9.328392e-07
Epoch 528000 (10.6%): Train pred MSE = 1.172158e-07, Test pred MSE = 1.762312e-02, Param MSE = 1.813210e-01, Grad norm = 1.668785e-06, Beta update rate = 9.317131e-07
Epoch 528200 (10.6%): Train pred MSE = 1.169377e-07, Test pred MSE = 1.762310e-02, Param MSE = 1.813207e-01, Grad norm = 1.666772e-06, Beta update rate = 9.305883e-07
Epoch 528400 (10.6%): Train pred MSE = 1.166602e-07, Test pred MSE = 1.762308e-02, Param MSE = 1.813204e-01, Grad norm = 1.664761e-06, Beta update rate = 9.294649e-07
Epoch 528600 (10.6%): Train pred MSE = 1.163834e-07, Test pred MSE = 1.762306e-02, Param MSE = 1.813201e-01, Grad norm = 1.662752e-06, Beta update rate = 9.283430e-07
Epoch 528800 (10.6%): Train pred MSE = 1.161072e-07, Test pred MSE = 1.762303e-02, Param MSE = 1.813198e-01, Grad norm = 1.660747e-06, Beta update rate = 9.272225e-07
Epoch 529000 (10.6%): Train pred MSE = 1.158318e-07, Test pred MSE = 1.762301e-02, Param MSE = 1.813195e-01, Grad norm = 1.658743e-06, Beta update rate = 9.261033e-07
Epoch 529200 (10.6%): Train pred MSE = 1.155570e-07, Test pred MSE = 1.762299e-02, Param MSE = 1.813192e-01, Grad norm = 1.656742e-06, Beta update rate = 9.249856e-07
Epoch 529400 (10.6%): Train pred MSE = 1.152828e-07, Test pred MSE = 1.762297e-02, Param MSE = 1.813189e-01, Grad norm = 1.654744e-06, Beta update rate = 9.238693e-07
Epoch 529600 (10.6%): Train pred MSE = 1.150093e-07, Test pred MSE = 1.762295e-02, Param MSE = 1.813186e-01, Grad norm = 1.652748e-06, Beta update rate = 9.227544e-07
Epoch 529800 (10.6%): Train pred MSE = 1.147365e-07, Test pred MSE = 1.762293e-02, Param MSE = 1.813183e-01, Grad norm = 1.650755e-06, Beta update rate = 9.216409e-07
Epoch 530000 (10.6%): Train pred MSE = 1.144643e-07, Test pred MSE = 1.762291e-02, Param MSE = 1.813180e-01, Grad norm = 1.648764e-06, Beta update rate = 9.205288e-07
Epoch 530200 (10.6%): Train pred MSE = 1.141928e-07, Test pred MSE = 1.762289e-02, Param MSE = 1.813177e-01, Grad norm = 1.646776e-06, Beta update rate = 9.194181e-07
Epoch 530400 (10.6%): Train pred MSE = 1.139220e-07, Test pred MSE = 1.762287e-02, Param MSE = 1.813174e-01, Grad norm = 1.644790e-06, Beta update rate = 9.183088e-07
Epoch 530600 (10.6%): Train pred MSE = 1.136518e-07, Test pred MSE = 1.762285e-02, Param MSE = 1.813171e-01, Grad norm = 1.642807e-06, Beta update rate = 9.172009e-07
Epoch 530800 (10.6%): Train pred MSE = 1.133822e-07, Test pred MSE = 1.762283e-02, Param MSE = 1.813168e-01, Grad norm = 1.640826e-06, Beta update rate = 9.160944e-07
Epoch 531000 (10.6%): Train pred MSE = 1.131133e-07, Test pred MSE = 1.762281e-02, Param MSE = 1.813165e-01, Grad norm = 1.638848e-06, Beta update rate = 9.149892e-07
Epoch 531200 (10.6%): Train pred MSE = 1.128451e-07, Test pred MSE = 1.762279e-02, Param MSE = 1.813162e-01, Grad norm = 1.636872e-06, Beta update rate = 9.138855e-07
Epoch 531400 (10.6%): Train pred MSE = 1.125774e-07, Test pred MSE = 1.762277e-02, Param MSE = 1.813159e-01, Grad norm = 1.634899e-06, Beta update rate = 9.127832e-07
Epoch 531600 (10.6%): Train pred MSE = 1.123105e-07, Test pred MSE = 1.762275e-02, Param MSE = 1.813156e-01, Grad norm = 1.632928e-06, Beta update rate = 9.116822e-07
Epoch 531800 (10.6%): Train pred MSE = 1.120442e-07, Test pred MSE = 1.762272e-02, Param MSE = 1.813153e-01, Grad norm = 1.630960e-06, Beta update rate = 9.105826e-07
Epoch 532000 (10.6%): Train pred MSE = 1.117785e-07, Test pred MSE = 1.762270e-02, Param MSE = 1.813151e-01, Grad norm = 1.628994e-06, Beta update rate = 9.094844e-07
Epoch 532200 (10.6%): Train pred MSE = 1.115134e-07, Test pred MSE = 1.762268e-02, Param MSE = 1.813148e-01, Grad norm = 1.627030e-06, Beta update rate = 9.083876e-07
Epoch 532400 (10.6%): Train pred MSE = 1.112490e-07, Test pred MSE = 1.762266e-02, Param MSE = 1.813145e-01, Grad norm = 1.625069e-06, Beta update rate = 9.072921e-07
Epoch 532600 (10.7%): Train pred MSE = 1.109853e-07, Test pred MSE = 1.762264e-02, Param MSE = 1.813142e-01, Grad norm = 1.623111e-06, Beta update rate = 9.061981e-07
Epoch 532800 (10.7%): Train pred MSE = 1.107221e-07, Test pred MSE = 1.762262e-02, Param MSE = 1.813139e-01, Grad norm = 1.621155e-06, Beta update rate = 9.051054e-07
Epoch 533000 (10.7%): Train pred MSE = 1.104596e-07, Test pred MSE = 1.762260e-02, Param MSE = 1.813136e-01, Grad norm = 1.619201e-06, Beta update rate = 9.040140e-07
Epoch 533200 (10.7%): Train pred MSE = 1.101978e-07, Test pred MSE = 1.762258e-02, Param MSE = 1.813133e-01, Grad norm = 1.617250e-06, Beta update rate = 9.029241e-07
Epoch 533400 (10.7%): Train pred MSE = 1.099366e-07, Test pred MSE = 1.762256e-02, Param MSE = 1.813130e-01, Grad norm = 1.615301e-06, Beta update rate = 9.018355e-07
Epoch 533600 (10.7%): Train pred MSE = 1.096760e-07, Test pred MSE = 1.762254e-02, Param MSE = 1.813127e-01, Grad norm = 1.613355e-06, Beta update rate = 9.007483e-07
Epoch 533800 (10.7%): Train pred MSE = 1.094160e-07, Test pred MSE = 1.762252e-02, Param MSE = 1.813124e-01, Grad norm = 1.611411e-06, Beta update rate = 8.996624e-07
Epoch 534000 (10.7%): Train pred MSE = 1.091566e-07, Test pred MSE = 1.762250e-02, Param MSE = 1.813121e-01, Grad norm = 1.609469e-06, Beta update rate = 8.985779e-07
Epoch 534200 (10.7%): Train pred MSE = 1.088979e-07, Test pred MSE = 1.762248e-02, Param MSE = 1.813118e-01, Grad norm = 1.607530e-06, Beta update rate = 8.974948e-07
Epoch 534400 (10.7%): Train pred MSE = 1.086398e-07, Test pred MSE = 1.762246e-02, Param MSE = 1.813116e-01, Grad norm = 1.605594e-06, Beta update rate = 8.964130e-07
Epoch 534600 (10.7%): Train pred MSE = 1.083823e-07, Test pred MSE = 1.762244e-02, Param MSE = 1.813113e-01, Grad norm = 1.603660e-06, Beta update rate = 8.953326e-07
Epoch 534800 (10.7%): Train pred MSE = 1.081255e-07, Test pred MSE = 1.762242e-02, Param MSE = 1.813110e-01, Grad norm = 1.601728e-06, Beta update rate = 8.942535e-07
Epoch 535000 (10.7%): Train pred MSE = 1.078692e-07, Test pred MSE = 1.762240e-02, Param MSE = 1.813107e-01, Grad norm = 1.599799e-06, Beta update rate = 8.931758e-07
Epoch 535200 (10.7%): Train pred MSE = 1.076136e-07, Test pred MSE = 1.762238e-02, Param MSE = 1.813104e-01, Grad norm = 1.597872e-06, Beta update rate = 8.920995e-07
Epoch 535400 (10.7%): Train pred MSE = 1.073586e-07, Test pred MSE = 1.762236e-02, Param MSE = 1.813101e-01, Grad norm = 1.595947e-06, Beta update rate = 8.910245e-07
Epoch 535600 (10.7%): Train pred MSE = 1.071042e-07, Test pred MSE = 1.762234e-02, Param MSE = 1.813098e-01, Grad norm = 1.594025e-06, Beta update rate = 8.899508e-07
Epoch 535800 (10.7%): Train pred MSE = 1.068504e-07, Test pred MSE = 1.762232e-02, Param MSE = 1.813095e-01, Grad norm = 1.592106e-06, Beta update rate = 8.888785e-07
Epoch 536000 (10.7%): Train pred MSE = 1.065972e-07, Test pred MSE = 1.762230e-02, Param MSE = 1.813093e-01, Grad norm = 1.590189e-06, Beta update rate = 8.878075e-07
Epoch 536200 (10.7%): Train pred MSE = 1.063447e-07, Test pred MSE = 1.762228e-02, Param MSE = 1.813090e-01, Grad norm = 1.588274e-06, Beta update rate = 8.867379e-07
Epoch 536400 (10.7%): Train pred MSE = 1.060927e-07, Test pred MSE = 1.762226e-02, Param MSE = 1.813087e-01, Grad norm = 1.586361e-06, Beta update rate = 8.856696e-07
Epoch 536600 (10.7%): Train pred MSE = 1.058414e-07, Test pred MSE = 1.762224e-02, Param MSE = 1.813084e-01, Grad norm = 1.584451e-06, Beta update rate = 8.846027e-07
Epoch 536800 (10.7%): Train pred MSE = 1.055906e-07, Test pred MSE = 1.762222e-02, Param MSE = 1.813081e-01, Grad norm = 1.582544e-06, Beta update rate = 8.835371e-07
Epoch 537000 (10.7%): Train pred MSE = 1.053405e-07, Test pred MSE = 1.762220e-02, Param MSE = 1.813078e-01, Grad norm = 1.580638e-06, Beta update rate = 8.824728e-07
Epoch 537200 (10.7%): Train pred MSE = 1.050909e-07, Test pred MSE = 1.762218e-02, Param MSE = 1.813075e-01, Grad norm = 1.578735e-06, Beta update rate = 8.814099e-07
Epoch 537400 (10.7%): Train pred MSE = 1.048420e-07, Test pred MSE = 1.762217e-02, Param MSE = 1.813073e-01, Grad norm = 1.576835e-06, Beta update rate = 8.803483e-07
Epoch 537600 (10.8%): Train pred MSE = 1.045937e-07, Test pred MSE = 1.762215e-02, Param MSE = 1.813070e-01, Grad norm = 1.574937e-06, Beta update rate = 8.792880e-07
Epoch 537800 (10.8%): Train pred MSE = 1.043459e-07, Test pred MSE = 1.762213e-02, Param MSE = 1.813067e-01, Grad norm = 1.573041e-06, Beta update rate = 8.782290e-07
Epoch 538000 (10.8%): Train pred MSE = 1.040988e-07, Test pred MSE = 1.762211e-02, Param MSE = 1.813064e-01, Grad norm = 1.571148e-06, Beta update rate = 8.771714e-07
Epoch 538200 (10.8%): Train pred MSE = 1.038522e-07, Test pred MSE = 1.762209e-02, Param MSE = 1.813061e-01, Grad norm = 1.569257e-06, Beta update rate = 8.761151e-07
Epoch 538400 (10.8%): Train pred MSE = 1.036063e-07, Test pred MSE = 1.762207e-02, Param MSE = 1.813059e-01, Grad norm = 1.567368e-06, Beta update rate = 8.750601e-07
Epoch 538600 (10.8%): Train pred MSE = 1.033609e-07, Test pred MSE = 1.762205e-02, Param MSE = 1.813056e-01, Grad norm = 1.565482e-06, Beta update rate = 8.740065e-07
Epoch 538800 (10.8%): Train pred MSE = 1.031161e-07, Test pred MSE = 1.762203e-02, Param MSE = 1.813053e-01, Grad norm = 1.563598e-06, Beta update rate = 8.729541e-07
Epoch 539000 (10.8%): Train pred MSE = 1.028719e-07, Test pred MSE = 1.762201e-02, Param MSE = 1.813050e-01, Grad norm = 1.561716e-06, Beta update rate = 8.719031e-07
Epoch 539200 (10.8%): Train pred MSE = 1.026283e-07, Test pred MSE = 1.762199e-02, Param MSE = 1.813047e-01, Grad norm = 1.559837e-06, Beta update rate = 8.708534e-07
Epoch 539400 (10.8%): Train pred MSE = 1.023853e-07, Test pred MSE = 1.762197e-02, Param MSE = 1.813045e-01, Grad norm = 1.557960e-06, Beta update rate = 8.698050e-07
Epoch 539600 (10.8%): Train pred MSE = 1.021429e-07, Test pred MSE = 1.762195e-02, Param MSE = 1.813042e-01, Grad norm = 1.556085e-06, Beta update rate = 8.687580e-07
Epoch 539800 (10.8%): Train pred MSE = 1.019010e-07, Test pred MSE = 1.762193e-02, Param MSE = 1.813039e-01, Grad norm = 1.554213e-06, Beta update rate = 8.677122e-07
Epoch 540000 (10.8%): Train pred MSE = 1.016598e-07, Test pred MSE = 1.762191e-02, Param MSE = 1.813036e-01, Grad norm = 1.552343e-06, Beta update rate = 8.666678e-07
Epoch 540200 (10.8%): Train pred MSE = 1.014191e-07, Test pred MSE = 1.762190e-02, Param MSE = 1.813033e-01, Grad norm = 1.550476e-06, Beta update rate = 8.656246e-07
Epoch 540400 (10.8%): Train pred MSE = 1.011790e-07, Test pred MSE = 1.762188e-02, Param MSE = 1.813031e-01, Grad norm = 1.548611e-06, Beta update rate = 8.645828e-07
Epoch 540600 (10.8%): Train pred MSE = 1.009395e-07, Test pred MSE = 1.762186e-02, Param MSE = 1.813028e-01, Grad norm = 1.546748e-06, Beta update rate = 8.635422e-07
Epoch 540800 (10.8%): Train pred MSE = 1.007005e-07, Test pred MSE = 1.762184e-02, Param MSE = 1.813025e-01, Grad norm = 1.544887e-06, Beta update rate = 8.625030e-07
Epoch 541000 (10.8%): Train pred MSE = 1.004621e-07, Test pred MSE = 1.762182e-02, Param MSE = 1.813022e-01, Grad norm = 1.543029e-06, Beta update rate = 8.614651e-07
Epoch 541200 (10.8%): Train pred MSE = 1.002243e-07, Test pred MSE = 1.762180e-02, Param MSE = 1.813020e-01, Grad norm = 1.541173e-06, Beta update rate = 8.604284e-07
Epoch 541400 (10.8%): Train pred MSE = 9.998709e-08, Test pred MSE = 1.762178e-02, Param MSE = 1.813017e-01, Grad norm = 1.539320e-06, Beta update rate = 8.593931e-07
Epoch 541600 (10.8%): Train pred MSE = 9.975042e-08, Test pred MSE = 1.762176e-02, Param MSE = 1.813014e-01, Grad norm = 1.537468e-06, Beta update rate = 8.583590e-07
Epoch 541800 (10.8%): Train pred MSE = 9.951433e-08, Test pred MSE = 1.762174e-02, Param MSE = 1.813011e-01, Grad norm = 1.535619e-06, Beta update rate = 8.573263e-07
Epoch 542000 (10.8%): Train pred MSE = 9.927880e-08, Test pred MSE = 1.762172e-02, Param MSE = 1.813009e-01, Grad norm = 1.533773e-06, Beta update rate = 8.562948e-07
Epoch 542200 (10.8%): Train pred MSE = 9.904384e-08, Test pred MSE = 1.762171e-02, Param MSE = 1.813006e-01, Grad norm = 1.531929e-06, Beta update rate = 8.552646e-07
Epoch 542400 (10.8%): Train pred MSE = 9.880944e-08, Test pred MSE = 1.762169e-02, Param MSE = 1.813003e-01, Grad norm = 1.530086e-06, Beta update rate = 8.542357e-07
Epoch 542600 (10.9%): Train pred MSE = 9.857561e-08, Test pred MSE = 1.762167e-02, Param MSE = 1.813001e-01, Grad norm = 1.528247e-06, Beta update rate = 8.532081e-07
Epoch 542800 (10.9%): Train pred MSE = 9.834234e-08, Test pred MSE = 1.762165e-02, Param MSE = 1.812998e-01, Grad norm = 1.526409e-06, Beta update rate = 8.521818e-07
Epoch 543000 (10.9%): Train pred MSE = 9.810963e-08, Test pred MSE = 1.762163e-02, Param MSE = 1.812995e-01, Grad norm = 1.524574e-06, Beta update rate = 8.511568e-07
Epoch 543200 (10.9%): Train pred MSE = 9.787748e-08, Test pred MSE = 1.762161e-02, Param MSE = 1.812992e-01, Grad norm = 1.522741e-06, Beta update rate = 8.501330e-07
Epoch 543400 (10.9%): Train pred MSE = 9.764589e-08, Test pred MSE = 1.762159e-02, Param MSE = 1.812990e-01, Grad norm = 1.520911e-06, Beta update rate = 8.491106e-07
Epoch 543600 (10.9%): Train pred MSE = 9.741485e-08, Test pred MSE = 1.762158e-02, Param MSE = 1.812987e-01, Grad norm = 1.519083e-06, Beta update rate = 8.480894e-07
Epoch 543800 (10.9%): Train pred MSE = 9.718437e-08, Test pred MSE = 1.762156e-02, Param MSE = 1.812984e-01, Grad norm = 1.517257e-06, Beta update rate = 8.470695e-07
Epoch 544000 (10.9%): Train pred MSE = 9.695444e-08, Test pred MSE = 1.762154e-02, Param MSE = 1.812982e-01, Grad norm = 1.515433e-06, Beta update rate = 8.460508e-07
Epoch 544200 (10.9%): Train pred MSE = 9.672506e-08, Test pred MSE = 1.762152e-02, Param MSE = 1.812979e-01, Grad norm = 1.513611e-06, Beta update rate = 8.450334e-07
Epoch 544400 (10.9%): Train pred MSE = 9.649624e-08, Test pred MSE = 1.762150e-02, Param MSE = 1.812976e-01, Grad norm = 1.511792e-06, Beta update rate = 8.440173e-07
Epoch 544600 (10.9%): Train pred MSE = 9.626796e-08, Test pred MSE = 1.762148e-02, Param MSE = 1.812974e-01, Grad norm = 1.509975e-06, Beta update rate = 8.430025e-07
Epoch 544800 (10.9%): Train pred MSE = 9.604024e-08, Test pred MSE = 1.762146e-02, Param MSE = 1.812971e-01, Grad norm = 1.508161e-06, Beta update rate = 8.419889e-07
Epoch 545000 (10.9%): Train pred MSE = 9.581306e-08, Test pred MSE = 1.762145e-02, Param MSE = 1.812968e-01, Grad norm = 1.506348e-06, Beta update rate = 8.409766e-07
Epoch 545200 (10.9%): Train pred MSE = 9.558642e-08, Test pred MSE = 1.762143e-02, Param MSE = 1.812966e-01, Grad norm = 1.504538e-06, Beta update rate = 8.399656e-07
Epoch 545400 (10.9%): Train pred MSE = 9.536033e-08, Test pred MSE = 1.762141e-02, Param MSE = 1.812963e-01, Grad norm = 1.502730e-06, Beta update rate = 8.389558e-07
Epoch 545600 (10.9%): Train pred MSE = 9.513479e-08, Test pred MSE = 1.762139e-02, Param MSE = 1.812960e-01, Grad norm = 1.500925e-06, Beta update rate = 8.379473e-07
Epoch 545800 (10.9%): Train pred MSE = 9.490978e-08, Test pred MSE = 1.762137e-02, Param MSE = 1.812958e-01, Grad norm = 1.499121e-06, Beta update rate = 8.369401e-07
Epoch 546000 (10.9%): Train pred MSE = 9.468532e-08, Test pred MSE = 1.762135e-02, Param MSE = 1.812955e-01, Grad norm = 1.497320e-06, Beta update rate = 8.359341e-07
Epoch 546200 (10.9%): Train pred MSE = 9.446139e-08, Test pred MSE = 1.762134e-02, Param MSE = 1.812952e-01, Grad norm = 1.495521e-06, Beta update rate = 8.349293e-07
Epoch 546400 (10.9%): Train pred MSE = 9.423801e-08, Test pred MSE = 1.762132e-02, Param MSE = 1.812950e-01, Grad norm = 1.493725e-06, Beta update rate = 8.339259e-07
Epoch 546600 (10.9%): Train pred MSE = 9.401515e-08, Test pred MSE = 1.762130e-02, Param MSE = 1.812947e-01, Grad norm = 1.491930e-06, Beta update rate = 8.329236e-07
Epoch 546800 (10.9%): Train pred MSE = 9.379284e-08, Test pred MSE = 1.762128e-02, Param MSE = 1.812944e-01, Grad norm = 1.490138e-06, Beta update rate = 8.319226e-07
Epoch 547000 (10.9%): Train pred MSE = 9.357105e-08, Test pred MSE = 1.762126e-02, Param MSE = 1.812942e-01, Grad norm = 1.488348e-06, Beta update rate = 8.309229e-07
Epoch 547200 (10.9%): Train pred MSE = 9.334980e-08, Test pred MSE = 1.762125e-02, Param MSE = 1.812939e-01, Grad norm = 1.486561e-06, Beta update rate = 8.299244e-07
Epoch 547400 (10.9%): Train pred MSE = 9.312909e-08, Test pred MSE = 1.762123e-02, Param MSE = 1.812936e-01, Grad norm = 1.484775e-06, Beta update rate = 8.289272e-07
Epoch 547600 (11.0%): Train pred MSE = 9.290890e-08, Test pred MSE = 1.762121e-02, Param MSE = 1.812934e-01, Grad norm = 1.482992e-06, Beta update rate = 8.279312e-07
Epoch 547800 (11.0%): Train pred MSE = 9.268924e-08, Test pred MSE = 1.762119e-02, Param MSE = 1.812931e-01, Grad norm = 1.481211e-06, Beta update rate = 8.269364e-07
Epoch 548000 (11.0%): Train pred MSE = 9.247010e-08, Test pred MSE = 1.762117e-02, Param MSE = 1.812929e-01, Grad norm = 1.479432e-06, Beta update rate = 8.259429e-07
Epoch 548200 (11.0%): Train pred MSE = 9.225150e-08, Test pred MSE = 1.762116e-02, Param MSE = 1.812926e-01, Grad norm = 1.477656e-06, Beta update rate = 8.249506e-07
Epoch 548400 (11.0%): Train pred MSE = 9.203341e-08, Test pred MSE = 1.762114e-02, Param MSE = 1.812923e-01, Grad norm = 1.475881e-06, Beta update rate = 8.239596e-07
Epoch 548600 (11.0%): Train pred MSE = 9.181585e-08, Test pred MSE = 1.762112e-02, Param MSE = 1.812921e-01, Grad norm = 1.474109e-06, Beta update rate = 8.229698e-07
Epoch 548800 (11.0%): Train pred MSE = 9.159882e-08, Test pred MSE = 1.762110e-02, Param MSE = 1.812918e-01, Grad norm = 1.472339e-06, Beta update rate = 8.219812e-07
Epoch 549000 (11.0%): Train pred MSE = 9.138230e-08, Test pred MSE = 1.762108e-02, Param MSE = 1.812916e-01, Grad norm = 1.470572e-06, Beta update rate = 8.209939e-07
Epoch 549200 (11.0%): Train pred MSE = 9.116630e-08, Test pred MSE = 1.762107e-02, Param MSE = 1.812913e-01, Grad norm = 1.468806e-06, Beta update rate = 8.200078e-07
Epoch 549400 (11.0%): Train pred MSE = 9.095083e-08, Test pred MSE = 1.762105e-02, Param MSE = 1.812910e-01, Grad norm = 1.467043e-06, Beta update rate = 8.190229e-07
Epoch 549600 (11.0%): Train pred MSE = 9.073587e-08, Test pred MSE = 1.762103e-02, Param MSE = 1.812908e-01, Grad norm = 1.465282e-06, Beta update rate = 8.180393e-07
Epoch 549800 (11.0%): Train pred MSE = 9.052142e-08, Test pred MSE = 1.762101e-02, Param MSE = 1.812905e-01, Grad norm = 1.463523e-06, Beta update rate = 8.170568e-07
Epoch 550000 (11.0%): Train pred MSE = 9.030749e-08, Test pred MSE = 1.762100e-02, Param MSE = 1.812903e-01, Grad norm = 1.461766e-06, Beta update rate = 8.160756e-07
Epoch 550200 (11.0%): Train pred MSE = 9.009407e-08, Test pred MSE = 1.762098e-02, Param MSE = 1.812900e-01, Grad norm = 1.460011e-06, Beta update rate = 8.150957e-07
Epoch 550400 (11.0%): Train pred MSE = 8.988117e-08, Test pred MSE = 1.762096e-02, Param MSE = 1.812897e-01, Grad norm = 1.458259e-06, Beta update rate = 8.141169e-07
Epoch 550600 (11.0%): Train pred MSE = 8.966877e-08, Test pred MSE = 1.762094e-02, Param MSE = 1.812895e-01, Grad norm = 1.456509e-06, Beta update rate = 8.131394e-07
Epoch 550800 (11.0%): Train pred MSE = 8.945689e-08, Test pred MSE = 1.762093e-02, Param MSE = 1.812892e-01, Grad norm = 1.454761e-06, Beta update rate = 8.121630e-07
Epoch 551000 (11.0%): Train pred MSE = 8.924551e-08, Test pred MSE = 1.762091e-02, Param MSE = 1.812890e-01, Grad norm = 1.453015e-06, Beta update rate = 8.111879e-07
Epoch 551200 (11.0%): Train pred MSE = 8.903464e-08, Test pred MSE = 1.762089e-02, Param MSE = 1.812887e-01, Grad norm = 1.451271e-06, Beta update rate = 8.102141e-07
Epoch 551400 (11.0%): Train pred MSE = 8.882427e-08, Test pred MSE = 1.762087e-02, Param MSE = 1.812885e-01, Grad norm = 1.449529e-06, Beta update rate = 8.092414e-07
Epoch 551600 (11.0%): Train pred MSE = 8.861441e-08, Test pred MSE = 1.762086e-02, Param MSE = 1.812882e-01, Grad norm = 1.447790e-06, Beta update rate = 8.082699e-07
Epoch 551800 (11.0%): Train pred MSE = 8.840506e-08, Test pred MSE = 1.762084e-02, Param MSE = 1.812880e-01, Grad norm = 1.446053e-06, Beta update rate = 8.072997e-07
Epoch 552000 (11.0%): Train pred MSE = 8.819620e-08, Test pred MSE = 1.762082e-02, Param MSE = 1.812877e-01, Grad norm = 1.444318e-06, Beta update rate = 8.063306e-07
Epoch 552200 (11.0%): Train pred MSE = 8.798785e-08, Test pred MSE = 1.762080e-02, Param MSE = 1.812875e-01, Grad norm = 1.442585e-06, Beta update rate = 8.053628e-07
Epoch 552400 (11.0%): Train pred MSE = 8.778000e-08, Test pred MSE = 1.762079e-02, Param MSE = 1.812872e-01, Grad norm = 1.440854e-06, Beta update rate = 8.043961e-07
Epoch 552600 (11.1%): Train pred MSE = 8.757264e-08, Test pred MSE = 1.762077e-02, Param MSE = 1.812869e-01, Grad norm = 1.439126e-06, Beta update rate = 8.034307e-07
Epoch 552800 (11.1%): Train pred MSE = 8.736578e-08, Test pred MSE = 1.762075e-02, Param MSE = 1.812867e-01, Grad norm = 1.437399e-06, Beta update rate = 8.024665e-07
Epoch 553000 (11.1%): Train pred MSE = 8.715942e-08, Test pred MSE = 1.762073e-02, Param MSE = 1.812864e-01, Grad norm = 1.435675e-06, Beta update rate = 8.015035e-07
Epoch 553200 (11.1%): Train pred MSE = 8.695355e-08, Test pred MSE = 1.762072e-02, Param MSE = 1.812862e-01, Grad norm = 1.433953e-06, Beta update rate = 8.005416e-07
Epoch 553400 (11.1%): Train pred MSE = 8.674818e-08, Test pred MSE = 1.762070e-02, Param MSE = 1.812859e-01, Grad norm = 1.432233e-06, Beta update rate = 7.995810e-07
Epoch 553600 (11.1%): Train pred MSE = 8.654330e-08, Test pred MSE = 1.762068e-02, Param MSE = 1.812857e-01, Grad norm = 1.430515e-06, Beta update rate = 7.986216e-07
Epoch 553800 (11.1%): Train pred MSE = 8.633891e-08, Test pred MSE = 1.762067e-02, Param MSE = 1.812854e-01, Grad norm = 1.428799e-06, Beta update rate = 7.976633e-07
Epoch 554000 (11.1%): Train pred MSE = 8.613501e-08, Test pred MSE = 1.762065e-02, Param MSE = 1.812852e-01, Grad norm = 1.427086e-06, Beta update rate = 7.967063e-07
Epoch 554200 (11.1%): Train pred MSE = 8.593160e-08, Test pred MSE = 1.762063e-02, Param MSE = 1.812849e-01, Grad norm = 1.425374e-06, Beta update rate = 7.957504e-07
Epoch 554400 (11.1%): Train pred MSE = 8.572867e-08, Test pred MSE = 1.762061e-02, Param MSE = 1.812847e-01, Grad norm = 1.423665e-06, Beta update rate = 7.947957e-07
Epoch 554600 (11.1%): Train pred MSE = 8.552624e-08, Test pred MSE = 1.762060e-02, Param MSE = 1.812844e-01, Grad norm = 1.421958e-06, Beta update rate = 7.938422e-07
Epoch 554800 (11.1%): Train pred MSE = 8.532429e-08, Test pred MSE = 1.762058e-02, Param MSE = 1.812842e-01, Grad norm = 1.420253e-06, Beta update rate = 7.928899e-07
Epoch 555000 (11.1%): Train pred MSE = 8.512282e-08, Test pred MSE = 1.762056e-02, Param MSE = 1.812839e-01, Grad norm = 1.418550e-06, Beta update rate = 7.919388e-07
Epoch 555200 (11.1%): Train pred MSE = 8.492183e-08, Test pred MSE = 1.762055e-02, Param MSE = 1.812837e-01, Grad norm = 1.416849e-06, Beta update rate = 7.909889e-07
Epoch 555400 (11.1%): Train pred MSE = 8.472133e-08, Test pred MSE = 1.762053e-02, Param MSE = 1.812834e-01, Grad norm = 1.415150e-06, Beta update rate = 7.900401e-07
Epoch 555600 (11.1%): Train pred MSE = 8.452131e-08, Test pred MSE = 1.762051e-02, Param MSE = 1.812832e-01, Grad norm = 1.413453e-06, Beta update rate = 7.890926e-07
Epoch 555800 (11.1%): Train pred MSE = 8.432176e-08, Test pred MSE = 1.762050e-02, Param MSE = 1.812830e-01, Grad norm = 1.411759e-06, Beta update rate = 7.881462e-07
Epoch 556000 (11.1%): Train pred MSE = 8.412270e-08, Test pred MSE = 1.762048e-02, Param MSE = 1.812827e-01, Grad norm = 1.410066e-06, Beta update rate = 7.872010e-07
Epoch 556200 (11.1%): Train pred MSE = 8.392411e-08, Test pred MSE = 1.762046e-02, Param MSE = 1.812825e-01, Grad norm = 1.408376e-06, Beta update rate = 7.862569e-07
Epoch 556400 (11.1%): Train pred MSE = 8.372599e-08, Test pred MSE = 1.762044e-02, Param MSE = 1.812822e-01, Grad norm = 1.406688e-06, Beta update rate = 7.853141e-07
Epoch 556600 (11.1%): Train pred MSE = 8.352836e-08, Test pred MSE = 1.762043e-02, Param MSE = 1.812820e-01, Grad norm = 1.405002e-06, Beta update rate = 7.843724e-07
Epoch 556800 (11.1%): Train pred MSE = 8.333119e-08, Test pred MSE = 1.762041e-02, Param MSE = 1.812817e-01, Grad norm = 1.403318e-06, Beta update rate = 7.834318e-07
Epoch 557000 (11.1%): Train pred MSE = 8.313450e-08, Test pred MSE = 1.762039e-02, Param MSE = 1.812815e-01, Grad norm = 1.401636e-06, Beta update rate = 7.824925e-07
Epoch 557200 (11.1%): Train pred MSE = 8.293828e-08, Test pred MSE = 1.762038e-02, Param MSE = 1.812812e-01, Grad norm = 1.399956e-06, Beta update rate = 7.815543e-07
Epoch 557400 (11.1%): Train pred MSE = 8.274253e-08, Test pred MSE = 1.762036e-02, Param MSE = 1.812810e-01, Grad norm = 1.398278e-06, Beta update rate = 7.806173e-07
Epoch 557600 (11.2%): Train pred MSE = 8.254724e-08, Test pred MSE = 1.762034e-02, Param MSE = 1.812807e-01, Grad norm = 1.396602e-06, Beta update rate = 7.796814e-07
Epoch 557800 (11.2%): Train pred MSE = 8.235243e-08, Test pred MSE = 1.762033e-02, Param MSE = 1.812805e-01, Grad norm = 1.394929e-06, Beta update rate = 7.787467e-07
Epoch 558000 (11.2%): Train pred MSE = 8.215808e-08, Test pred MSE = 1.762031e-02, Param MSE = 1.812803e-01, Grad norm = 1.393257e-06, Beta update rate = 7.778132e-07
Epoch 558200 (11.2%): Train pred MSE = 8.196420e-08, Test pred MSE = 1.762030e-02, Param MSE = 1.812800e-01, Grad norm = 1.391588e-06, Beta update rate = 7.768808e-07
Epoch 558400 (11.2%): Train pred MSE = 8.177078e-08, Test pred MSE = 1.762028e-02, Param MSE = 1.812798e-01, Grad norm = 1.389920e-06, Beta update rate = 7.759496e-07
Epoch 558600 (11.2%): Train pred MSE = 8.157783e-08, Test pred MSE = 1.762026e-02, Param MSE = 1.812795e-01, Grad norm = 1.388255e-06, Beta update rate = 7.750195e-07
Epoch 558800 (11.2%): Train pred MSE = 8.138534e-08, Test pred MSE = 1.762025e-02, Param MSE = 1.812793e-01, Grad norm = 1.386592e-06, Beta update rate = 7.740906e-07
Epoch 559000 (11.2%): Train pred MSE = 8.119330e-08, Test pred MSE = 1.762023e-02, Param MSE = 1.812791e-01, Grad norm = 1.384931e-06, Beta update rate = 7.731629e-07
Epoch 559200 (11.2%): Train pred MSE = 8.100173e-08, Test pred MSE = 1.762021e-02, Param MSE = 1.812788e-01, Grad norm = 1.383271e-06, Beta update rate = 7.722363e-07
Epoch 559400 (11.2%): Train pred MSE = 8.081062e-08, Test pred MSE = 1.762020e-02, Param MSE = 1.812786e-01, Grad norm = 1.381614e-06, Beta update rate = 7.713108e-07
Epoch 559600 (11.2%): Train pred MSE = 8.061996e-08, Test pred MSE = 1.762018e-02, Param MSE = 1.812783e-01, Grad norm = 1.379959e-06, Beta update rate = 7.703865e-07
Epoch 559800 (11.2%): Train pred MSE = 8.042976e-08, Test pred MSE = 1.762016e-02, Param MSE = 1.812781e-01, Grad norm = 1.378306e-06, Beta update rate = 7.694633e-07
Epoch 560000 (11.2%): Train pred MSE = 8.024002e-08, Test pred MSE = 1.762015e-02, Param MSE = 1.812779e-01, Grad norm = 1.376655e-06, Beta update rate = 7.685413e-07
Epoch 560200 (11.2%): Train pred MSE = 8.005073e-08, Test pred MSE = 1.762013e-02, Param MSE = 1.812776e-01, Grad norm = 1.375007e-06, Beta update rate = 7.676205e-07
Epoch 560400 (11.2%): Train pred MSE = 7.986189e-08, Test pred MSE = 1.762011e-02, Param MSE = 1.812774e-01, Grad norm = 1.373360e-06, Beta update rate = 7.667007e-07
Epoch 560600 (11.2%): Train pred MSE = 7.967351e-08, Test pred MSE = 1.762010e-02, Param MSE = 1.812771e-01, Grad norm = 1.371715e-06, Beta update rate = 7.657822e-07
Epoch 560800 (11.2%): Train pred MSE = 7.948558e-08, Test pred MSE = 1.762008e-02, Param MSE = 1.812769e-01, Grad norm = 1.370072e-06, Beta update rate = 7.648647e-07
Epoch 561000 (11.2%): Train pred MSE = 7.929809e-08, Test pred MSE = 1.762007e-02, Param MSE = 1.812767e-01, Grad norm = 1.368431e-06, Beta update rate = 7.639484e-07
Epoch 561200 (11.2%): Train pred MSE = 7.911106e-08, Test pred MSE = 1.762005e-02, Param MSE = 1.812764e-01, Grad norm = 1.366793e-06, Beta update rate = 7.630333e-07
Epoch 561400 (11.2%): Train pred MSE = 7.892447e-08, Test pred MSE = 1.762003e-02, Param MSE = 1.812762e-01, Grad norm = 1.365156e-06, Beta update rate = 7.621192e-07
Epoch 561600 (11.2%): Train pred MSE = 7.873833e-08, Test pred MSE = 1.762002e-02, Param MSE = 1.812759e-01, Grad norm = 1.363521e-06, Beta update rate = 7.612063e-07
Epoch 561800 (11.2%): Train pred MSE = 7.855264e-08, Test pred MSE = 1.762000e-02, Param MSE = 1.812757e-01, Grad norm = 1.361889e-06, Beta update rate = 7.602946e-07
Epoch 562000 (11.2%): Train pred MSE = 7.836739e-08, Test pred MSE = 1.761999e-02, Param MSE = 1.812755e-01, Grad norm = 1.360258e-06, Beta update rate = 7.593839e-07
Epoch 562200 (11.2%): Train pred MSE = 7.818258e-08, Test pred MSE = 1.761997e-02, Param MSE = 1.812752e-01, Grad norm = 1.358630e-06, Beta update rate = 7.584744e-07
Epoch 562400 (11.2%): Train pred MSE = 7.799821e-08, Test pred MSE = 1.761995e-02, Param MSE = 1.812750e-01, Grad norm = 1.357003e-06, Beta update rate = 7.575661e-07
Epoch 562600 (11.3%): Train pred MSE = 7.781429e-08, Test pred MSE = 1.761994e-02, Param MSE = 1.812748e-01, Grad norm = 1.355379e-06, Beta update rate = 7.566588e-07
Epoch 562800 (11.3%): Train pred MSE = 7.763081e-08, Test pred MSE = 1.761992e-02, Param MSE = 1.812745e-01, Grad norm = 1.353756e-06, Beta update rate = 7.557527e-07
Epoch 563000 (11.3%): Train pred MSE = 7.744776e-08, Test pred MSE = 1.761991e-02, Param MSE = 1.812743e-01, Grad norm = 1.352136e-06, Beta update rate = 7.548477e-07
Epoch 563200 (11.3%): Train pred MSE = 7.726516e-08, Test pred MSE = 1.761989e-02, Param MSE = 1.812741e-01, Grad norm = 1.350517e-06, Beta update rate = 7.539438e-07
Epoch 563400 (11.3%): Train pred MSE = 7.708299e-08, Test pred MSE = 1.761987e-02, Param MSE = 1.812738e-01, Grad norm = 1.348901e-06, Beta update rate = 7.530410e-07
Epoch 563600 (11.3%): Train pred MSE = 7.690125e-08, Test pred MSE = 1.761986e-02, Param MSE = 1.812736e-01, Grad norm = 1.347286e-06, Beta update rate = 7.521394e-07
Epoch 563800 (11.3%): Train pred MSE = 7.671995e-08, Test pred MSE = 1.761984e-02, Param MSE = 1.812734e-01, Grad norm = 1.345674e-06, Beta update rate = 7.512389e-07
Epoch 564000 (11.3%): Train pred MSE = 7.653909e-08, Test pred MSE = 1.761983e-02, Param MSE = 1.812731e-01, Grad norm = 1.344063e-06, Beta update rate = 7.503395e-07
Epoch 564200 (11.3%): Train pred MSE = 7.635866e-08, Test pred MSE = 1.761981e-02, Param MSE = 1.812729e-01, Grad norm = 1.342455e-06, Beta update rate = 7.494412e-07
Epoch 564400 (11.3%): Train pred MSE = 7.617865e-08, Test pred MSE = 1.761979e-02, Param MSE = 1.812727e-01, Grad norm = 1.340848e-06, Beta update rate = 7.485440e-07
Epoch 564600 (11.3%): Train pred MSE = 7.599908e-08, Test pred MSE = 1.761978e-02, Param MSE = 1.812724e-01, Grad norm = 1.339244e-06, Beta update rate = 7.476479e-07
Epoch 564800 (11.3%): Train pred MSE = 7.581994e-08, Test pred MSE = 1.761976e-02, Param MSE = 1.812722e-01, Grad norm = 1.337641e-06, Beta update rate = 7.467530e-07
Epoch 565000 (11.3%): Train pred MSE = 7.564123e-08, Test pred MSE = 1.761975e-02, Param MSE = 1.812720e-01, Grad norm = 1.336040e-06, Beta update rate = 7.458591e-07
Epoch 565200 (11.3%): Train pred MSE = 7.546294e-08, Test pred MSE = 1.761973e-02, Param MSE = 1.812717e-01, Grad norm = 1.334442e-06, Beta update rate = 7.449664e-07
Epoch 565400 (11.3%): Train pred MSE = 7.528509e-08, Test pred MSE = 1.761972e-02, Param MSE = 1.812715e-01, Grad norm = 1.332845e-06, Beta update rate = 7.440748e-07
Epoch 565600 (11.3%): Train pred MSE = 7.510765e-08, Test pred MSE = 1.761970e-02, Param MSE = 1.812713e-01, Grad norm = 1.331251e-06, Beta update rate = 7.431842e-07
Epoch 565800 (11.3%): Train pred MSE = 7.493064e-08, Test pred MSE = 1.761968e-02, Param MSE = 1.812711e-01, Grad norm = 1.329658e-06, Beta update rate = 7.422948e-07
Epoch 566000 (11.3%): Train pred MSE = 7.475406e-08, Test pred MSE = 1.761967e-02, Param MSE = 1.812708e-01, Grad norm = 1.328067e-06, Beta update rate = 7.414065e-07
Epoch 566200 (11.3%): Train pred MSE = 7.457789e-08, Test pred MSE = 1.761965e-02, Param MSE = 1.812706e-01, Grad norm = 1.326479e-06, Beta update rate = 7.405193e-07
Epoch 566400 (11.3%): Train pred MSE = 7.440215e-08, Test pred MSE = 1.761964e-02, Param MSE = 1.812704e-01, Grad norm = 1.324892e-06, Beta update rate = 7.396331e-07
Epoch 566600 (11.3%): Train pred MSE = 7.422683e-08, Test pred MSE = 1.761962e-02, Param MSE = 1.812701e-01, Grad norm = 1.323307e-06, Beta update rate = 7.387481e-07
Epoch 566800 (11.3%): Train pred MSE = 7.405192e-08, Test pred MSE = 1.761961e-02, Param MSE = 1.812699e-01, Grad norm = 1.321724e-06, Beta update rate = 7.378642e-07
Epoch 567000 (11.3%): Train pred MSE = 7.387744e-08, Test pred MSE = 1.761959e-02, Param MSE = 1.812697e-01, Grad norm = 1.320143e-06, Beta update rate = 7.369813e-07
Epoch 567200 (11.3%): Train pred MSE = 7.370337e-08, Test pred MSE = 1.761958e-02, Param MSE = 1.812695e-01, Grad norm = 1.318564e-06, Beta update rate = 7.360996e-07
Epoch 567400 (11.3%): Train pred MSE = 7.352972e-08, Test pred MSE = 1.761956e-02, Param MSE = 1.812692e-01, Grad norm = 1.316987e-06, Beta update rate = 7.352189e-07
Epoch 567600 (11.4%): Train pred MSE = 7.335648e-08, Test pred MSE = 1.761955e-02, Param MSE = 1.812690e-01, Grad norm = 1.315412e-06, Beta update rate = 7.343394e-07
Epoch 567800 (11.4%): Train pred MSE = 7.318366e-08, Test pred MSE = 1.761953e-02, Param MSE = 1.812688e-01, Grad norm = 1.313839e-06, Beta update rate = 7.334609e-07
Epoch 568000 (11.4%): Train pred MSE = 7.301125e-08, Test pred MSE = 1.761951e-02, Param MSE = 1.812686e-01, Grad norm = 1.312268e-06, Beta update rate = 7.325835e-07
Epoch 568200 (11.4%): Train pred MSE = 7.283925e-08, Test pred MSE = 1.761950e-02, Param MSE = 1.812683e-01, Grad norm = 1.310699e-06, Beta update rate = 7.317072e-07
Epoch 568400 (11.4%): Train pred MSE = 7.266767e-08, Test pred MSE = 1.761948e-02, Param MSE = 1.812681e-01, Grad norm = 1.309132e-06, Beta update rate = 7.308320e-07
Epoch 568600 (11.4%): Train pred MSE = 7.249649e-08, Test pred MSE = 1.761947e-02, Param MSE = 1.812679e-01, Grad norm = 1.307566e-06, Beta update rate = 7.299579e-07
Epoch 568800 (11.4%): Train pred MSE = 7.232572e-08, Test pred MSE = 1.761945e-02, Param MSE = 1.812677e-01, Grad norm = 1.306003e-06, Beta update rate = 7.290848e-07
Epoch 569000 (11.4%): Train pred MSE = 7.215537e-08, Test pred MSE = 1.761944e-02, Param MSE = 1.812674e-01, Grad norm = 1.304442e-06, Beta update rate = 7.282128e-07
Epoch 569200 (11.4%): Train pred MSE = 7.198541e-08, Test pred MSE = 1.761942e-02, Param MSE = 1.812672e-01, Grad norm = 1.302882e-06, Beta update rate = 7.273419e-07
Epoch 569400 (11.4%): Train pred MSE = 7.181587e-08, Test pred MSE = 1.761941e-02, Param MSE = 1.812670e-01, Grad norm = 1.301325e-06, Beta update rate = 7.264721e-07
Epoch 569600 (11.4%): Train pred MSE = 7.164673e-08, Test pred MSE = 1.761939e-02, Param MSE = 1.812668e-01, Grad norm = 1.299769e-06, Beta update rate = 7.256034e-07
Epoch 569800 (11.4%): Train pred MSE = 7.147799e-08, Test pred MSE = 1.761938e-02, Param MSE = 1.812665e-01, Grad norm = 1.298215e-06, Beta update rate = 7.247357e-07
Epoch 570000 (11.4%): Train pred MSE = 7.130966e-08, Test pred MSE = 1.761936e-02, Param MSE = 1.812663e-01, Grad norm = 1.296663e-06, Beta update rate = 7.238691e-07
Epoch 570200 (11.4%): Train pred MSE = 7.114173e-08, Test pred MSE = 1.761935e-02, Param MSE = 1.812661e-01, Grad norm = 1.295113e-06, Beta update rate = 7.230036e-07
Epoch 570400 (11.4%): Train pred MSE = 7.097420e-08, Test pred MSE = 1.761933e-02, Param MSE = 1.812659e-01, Grad norm = 1.293565e-06, Beta update rate = 7.221392e-07
Epoch 570600 (11.4%): Train pred MSE = 7.080707e-08, Test pred MSE = 1.761932e-02, Param MSE = 1.812656e-01, Grad norm = 1.292019e-06, Beta update rate = 7.212758e-07
Epoch 570800 (11.4%): Train pred MSE = 7.064034e-08, Test pred MSE = 1.761930e-02, Param MSE = 1.812654e-01, Grad norm = 1.290475e-06, Beta update rate = 7.204135e-07
Epoch 571000 (11.4%): Train pred MSE = 7.047400e-08, Test pred MSE = 1.761929e-02, Param MSE = 1.812652e-01, Grad norm = 1.288933e-06, Beta update rate = 7.195522e-07
Epoch 571200 (11.4%): Train pred MSE = 7.030807e-08, Test pred MSE = 1.761927e-02, Param MSE = 1.812650e-01, Grad norm = 1.287393e-06, Beta update rate = 7.186920e-07
Epoch 571400 (11.4%): Train pred MSE = 7.014253e-08, Test pred MSE = 1.761926e-02, Param MSE = 1.812648e-01, Grad norm = 1.285854e-06, Beta update rate = 7.178329e-07
Epoch 571600 (11.4%): Train pred MSE = 6.997739e-08, Test pred MSE = 1.761924e-02, Param MSE = 1.812645e-01, Grad norm = 1.284318e-06, Beta update rate = 7.169749e-07
Epoch 571800 (11.4%): Train pred MSE = 6.981264e-08, Test pred MSE = 1.761923e-02, Param MSE = 1.812643e-01, Grad norm = 1.282783e-06, Beta update rate = 7.161179e-07
Epoch 572000 (11.4%): Train pred MSE = 6.964828e-08, Test pred MSE = 1.761921e-02, Param MSE = 1.812641e-01, Grad norm = 1.281250e-06, Beta update rate = 7.152619e-07
Epoch 572200 (11.4%): Train pred MSE = 6.948432e-08, Test pred MSE = 1.761920e-02, Param MSE = 1.812639e-01, Grad norm = 1.279719e-06, Beta update rate = 7.144070e-07
Epoch 572400 (11.4%): Train pred MSE = 6.932075e-08, Test pred MSE = 1.761918e-02, Param MSE = 1.812637e-01, Grad norm = 1.278190e-06, Beta update rate = 7.135532e-07
Epoch 572600 (11.5%): Train pred MSE = 6.915757e-08, Test pred MSE = 1.761917e-02, Param MSE = 1.812634e-01, Grad norm = 1.276663e-06, Beta update rate = 7.127004e-07
Epoch 572800 (11.5%): Train pred MSE = 6.899478e-08, Test pred MSE = 1.761915e-02, Param MSE = 1.812632e-01, Grad norm = 1.275138e-06, Beta update rate = 7.118487e-07
Epoch 573000 (11.5%): Train pred MSE = 6.883238e-08, Test pred MSE = 1.761914e-02, Param MSE = 1.812630e-01, Grad norm = 1.273615e-06, Beta update rate = 7.109981e-07
Epoch 573200 (11.5%): Train pred MSE = 6.867036e-08, Test pred MSE = 1.761912e-02, Param MSE = 1.812628e-01, Grad norm = 1.272093e-06, Beta update rate = 7.101485e-07
Epoch 573400 (11.5%): Train pred MSE = 6.850874e-08, Test pred MSE = 1.761911e-02, Param MSE = 1.812626e-01, Grad norm = 1.270574e-06, Beta update rate = 7.092999e-07
Epoch 573600 (11.5%): Train pred MSE = 6.834749e-08, Test pred MSE = 1.761909e-02, Param MSE = 1.812624e-01, Grad norm = 1.269056e-06, Beta update rate = 7.084524e-07
Epoch 573800 (11.5%): Train pred MSE = 6.818664e-08, Test pred MSE = 1.761908e-02, Param MSE = 1.812621e-01, Grad norm = 1.267540e-06, Beta update rate = 7.076059e-07
Epoch 574000 (11.5%): Train pred MSE = 6.802617e-08, Test pred MSE = 1.761907e-02, Param MSE = 1.812619e-01, Grad norm = 1.266026e-06, Beta update rate = 7.067605e-07
Epoch 574200 (11.5%): Train pred MSE = 6.786608e-08, Test pred MSE = 1.761905e-02, Param MSE = 1.812617e-01, Grad norm = 1.264514e-06, Beta update rate = 7.059161e-07
Epoch 574400 (11.5%): Train pred MSE = 6.770637e-08, Test pred MSE = 1.761904e-02, Param MSE = 1.812615e-01, Grad norm = 1.263004e-06, Beta update rate = 7.050728e-07
Epoch 574600 (11.5%): Train pred MSE = 6.754704e-08, Test pred MSE = 1.761902e-02, Param MSE = 1.812613e-01, Grad norm = 1.261496e-06, Beta update rate = 7.042305e-07
Epoch 574800 (11.5%): Train pred MSE = 6.738810e-08, Test pred MSE = 1.761901e-02, Param MSE = 1.812611e-01, Grad norm = 1.259989e-06, Beta update rate = 7.033892e-07
Epoch 575000 (11.5%): Train pred MSE = 6.722953e-08, Test pred MSE = 1.761899e-02, Param MSE = 1.812609e-01, Grad norm = 1.258484e-06, Beta update rate = 7.025490e-07
Epoch 575200 (11.5%): Train pred MSE = 6.707134e-08, Test pred MSE = 1.761898e-02, Param MSE = 1.812606e-01, Grad norm = 1.256982e-06, Beta update rate = 7.017098e-07
Epoch 575400 (11.5%): Train pred MSE = 6.691353e-08, Test pred MSE = 1.761896e-02, Param MSE = 1.812604e-01, Grad norm = 1.255481e-06, Beta update rate = 7.008717e-07
Epoch 575600 (11.5%): Train pred MSE = 6.675610e-08, Test pred MSE = 1.761895e-02, Param MSE = 1.812602e-01, Grad norm = 1.253982e-06, Beta update rate = 7.000346e-07
Epoch 575800 (11.5%): Train pred MSE = 6.659904e-08, Test pred MSE = 1.761893e-02, Param MSE = 1.812600e-01, Grad norm = 1.252484e-06, Beta update rate = 6.991985e-07
Epoch 576000 (11.5%): Train pred MSE = 6.644236e-08, Test pred MSE = 1.761892e-02, Param MSE = 1.812598e-01, Grad norm = 1.250989e-06, Beta update rate = 6.983635e-07
Epoch 576200 (11.5%): Train pred MSE = 6.628605e-08, Test pred MSE = 1.761891e-02, Param MSE = 1.812596e-01, Grad norm = 1.249495e-06, Beta update rate = 6.975295e-07
Epoch 576400 (11.5%): Train pred MSE = 6.613011e-08, Test pred MSE = 1.761889e-02, Param MSE = 1.812594e-01, Grad norm = 1.248004e-06, Beta update rate = 6.966965e-07
Epoch 576600 (11.5%): Train pred MSE = 6.597455e-08, Test pred MSE = 1.761888e-02, Param MSE = 1.812591e-01, Grad norm = 1.246514e-06, Beta update rate = 6.958645e-07
Epoch 576800 (11.5%): Train pred MSE = 6.581936e-08, Test pred MSE = 1.761886e-02, Param MSE = 1.812589e-01, Grad norm = 1.245026e-06, Beta update rate = 6.950336e-07
Epoch 577000 (11.5%): Train pred MSE = 6.566453e-08, Test pred MSE = 1.761885e-02, Param MSE = 1.812587e-01, Grad norm = 1.243540e-06, Beta update rate = 6.942037e-07
Epoch 577200 (11.5%): Train pred MSE = 6.551008e-08, Test pred MSE = 1.761883e-02, Param MSE = 1.812585e-01, Grad norm = 1.242055e-06, Beta update rate = 6.933748e-07
Epoch 577400 (11.5%): Train pred MSE = 6.535600e-08, Test pred MSE = 1.761882e-02, Param MSE = 1.812583e-01, Grad norm = 1.240573e-06, Beta update rate = 6.925470e-07
Epoch 577600 (11.6%): Train pred MSE = 6.520228e-08, Test pred MSE = 1.761881e-02, Param MSE = 1.812581e-01, Grad norm = 1.239092e-06, Beta update rate = 6.917201e-07
Epoch 577800 (11.6%): Train pred MSE = 6.504893e-08, Test pred MSE = 1.761879e-02, Param MSE = 1.812579e-01, Grad norm = 1.237613e-06, Beta update rate = 6.908943e-07
Epoch 578000 (11.6%): Train pred MSE = 6.489594e-08, Test pred MSE = 1.761878e-02, Param MSE = 1.812577e-01, Grad norm = 1.236136e-06, Beta update rate = 6.900695e-07
Epoch 578200 (11.6%): Train pred MSE = 6.474332e-08, Test pred MSE = 1.761876e-02, Param MSE = 1.812575e-01, Grad norm = 1.234661e-06, Beta update rate = 6.892457e-07
Epoch 578400 (11.6%): Train pred MSE = 6.459107e-08, Test pred MSE = 1.761875e-02, Param MSE = 1.812572e-01, Grad norm = 1.233188e-06, Beta update rate = 6.884230e-07
Epoch 578600 (11.6%): Train pred MSE = 6.443918e-08, Test pred MSE = 1.761873e-02, Param MSE = 1.812570e-01, Grad norm = 1.231716e-06, Beta update rate = 6.876012e-07
Epoch 578800 (11.6%): Train pred MSE = 6.428765e-08, Test pred MSE = 1.761872e-02, Param MSE = 1.812568e-01, Grad norm = 1.230246e-06, Beta update rate = 6.867805e-07
Epoch 579000 (11.6%): Train pred MSE = 6.413648e-08, Test pred MSE = 1.761871e-02, Param MSE = 1.812566e-01, Grad norm = 1.228778e-06, Beta update rate = 6.859608e-07
Epoch 579200 (11.6%): Train pred MSE = 6.398567e-08, Test pred MSE = 1.761869e-02, Param MSE = 1.812564e-01, Grad norm = 1.227312e-06, Beta update rate = 6.851421e-07
Epoch 579400 (11.6%): Train pred MSE = 6.383522e-08, Test pred MSE = 1.761868e-02, Param MSE = 1.812562e-01, Grad norm = 1.225848e-06, Beta update rate = 6.843244e-07
Epoch 579600 (11.6%): Train pred MSE = 6.368513e-08, Test pred MSE = 1.761866e-02, Param MSE = 1.812560e-01, Grad norm = 1.224385e-06, Beta update rate = 6.835077e-07
Epoch 579800 (11.6%): Train pred MSE = 6.353540e-08, Test pred MSE = 1.761865e-02, Param MSE = 1.812558e-01, Grad norm = 1.222924e-06, Beta update rate = 6.826920e-07
Epoch 580000 (11.6%): Train pred MSE = 6.338602e-08, Test pred MSE = 1.761864e-02, Param MSE = 1.812556e-01, Grad norm = 1.221465e-06, Beta update rate = 6.818773e-07
Epoch 580200 (11.6%): Train pred MSE = 6.323701e-08, Test pred MSE = 1.761862e-02, Param MSE = 1.812554e-01, Grad norm = 1.220008e-06, Beta update rate = 6.810636e-07
Epoch 580400 (11.6%): Train pred MSE = 6.308834e-08, Test pred MSE = 1.761861e-02, Param MSE = 1.812552e-01, Grad norm = 1.218553e-06, Beta update rate = 6.802510e-07
Epoch 580600 (11.6%): Train pred MSE = 6.294003e-08, Test pred MSE = 1.761859e-02, Param MSE = 1.812550e-01, Grad norm = 1.217099e-06, Beta update rate = 6.794393e-07
Epoch 580800 (11.6%): Train pred MSE = 6.279208e-08, Test pred MSE = 1.761858e-02, Param MSE = 1.812548e-01, Grad norm = 1.215647e-06, Beta update rate = 6.786286e-07
Epoch 581000 (11.6%): Train pred MSE = 6.264448e-08, Test pred MSE = 1.761857e-02, Param MSE = 1.812545e-01, Grad norm = 1.214197e-06, Beta update rate = 6.778189e-07
Epoch 581200 (11.6%): Train pred MSE = 6.249723e-08, Test pred MSE = 1.761855e-02, Param MSE = 1.812543e-01, Grad norm = 1.212749e-06, Beta update rate = 6.770103e-07
Epoch 581400 (11.6%): Train pred MSE = 6.235033e-08, Test pred MSE = 1.761854e-02, Param MSE = 1.812541e-01, Grad norm = 1.211303e-06, Beta update rate = 6.762026e-07
Epoch 581600 (11.6%): Train pred MSE = 6.220378e-08, Test pred MSE = 1.761852e-02, Param MSE = 1.812539e-01, Grad norm = 1.209858e-06, Beta update rate = 6.753959e-07
Epoch 581800 (11.6%): Train pred MSE = 6.205758e-08, Test pred MSE = 1.761851e-02, Param MSE = 1.812537e-01, Grad norm = 1.208415e-06, Beta update rate = 6.745902e-07
Epoch 582000 (11.6%): Train pred MSE = 6.191173e-08, Test pred MSE = 1.761850e-02, Param MSE = 1.812535e-01, Grad norm = 1.206974e-06, Beta update rate = 6.737855e-07
Epoch 582200 (11.6%): Train pred MSE = 6.176622e-08, Test pred MSE = 1.761848e-02, Param MSE = 1.812533e-01, Grad norm = 1.205535e-06, Beta update rate = 6.729818e-07
Epoch 582400 (11.6%): Train pred MSE = 6.162107e-08, Test pred MSE = 1.761847e-02, Param MSE = 1.812531e-01, Grad norm = 1.204097e-06, Beta update rate = 6.721791e-07
Epoch 582600 (11.7%): Train pred MSE = 6.147626e-08, Test pred MSE = 1.761846e-02, Param MSE = 1.812529e-01, Grad norm = 1.202661e-06, Beta update rate = 6.713774e-07
Epoch 582800 (11.7%): Train pred MSE = 6.133179e-08, Test pred MSE = 1.761844e-02, Param MSE = 1.812527e-01, Grad norm = 1.201227e-06, Beta update rate = 6.705766e-07
Epoch 583000 (11.7%): Train pred MSE = 6.118767e-08, Test pred MSE = 1.761843e-02, Param MSE = 1.812525e-01, Grad norm = 1.199795e-06, Beta update rate = 6.697769e-07
Epoch 583200 (11.7%): Train pred MSE = 6.104389e-08, Test pred MSE = 1.761842e-02, Param MSE = 1.812523e-01, Grad norm = 1.198365e-06, Beta update rate = 6.689781e-07
Epoch 583400 (11.7%): Train pred MSE = 6.090046e-08, Test pred MSE = 1.761840e-02, Param MSE = 1.812521e-01, Grad norm = 1.196936e-06, Beta update rate = 6.681803e-07
Epoch 583600 (11.7%): Train pred MSE = 6.075736e-08, Test pred MSE = 1.761839e-02, Param MSE = 1.812519e-01, Grad norm = 1.195509e-06, Beta update rate = 6.673835e-07
Epoch 583800 (11.7%): Train pred MSE = 6.061461e-08, Test pred MSE = 1.761837e-02, Param MSE = 1.812517e-01, Grad norm = 1.194084e-06, Beta update rate = 6.665877e-07
Epoch 584000 (11.7%): Train pred MSE = 6.047220e-08, Test pred MSE = 1.761836e-02, Param MSE = 1.812515e-01, Grad norm = 1.192660e-06, Beta update rate = 6.657928e-07
Epoch 584200 (11.7%): Train pred MSE = 6.033012e-08, Test pred MSE = 1.761835e-02, Param MSE = 1.812513e-01, Grad norm = 1.191238e-06, Beta update rate = 6.649990e-07
Epoch 584400 (11.7%): Train pred MSE = 6.018839e-08, Test pred MSE = 1.761833e-02, Param MSE = 1.812511e-01, Grad norm = 1.189819e-06, Beta update rate = 6.642061e-07
Epoch 584600 (11.7%): Train pred MSE = 6.004699e-08, Test pred MSE = 1.761832e-02, Param MSE = 1.812509e-01, Grad norm = 1.188400e-06, Beta update rate = 6.634142e-07
Epoch 584800 (11.7%): Train pred MSE = 5.990593e-08, Test pred MSE = 1.761831e-02, Param MSE = 1.812507e-01, Grad norm = 1.186984e-06, Beta update rate = 6.626232e-07
Epoch 585000 (11.7%): Train pred MSE = 5.976521e-08, Test pred MSE = 1.761829e-02, Param MSE = 1.812505e-01, Grad norm = 1.185569e-06, Beta update rate = 6.618333e-07
Epoch 585200 (11.7%): Train pred MSE = 5.962482e-08, Test pred MSE = 1.761828e-02, Param MSE = 1.812503e-01, Grad norm = 1.184156e-06, Beta update rate = 6.610443e-07
Epoch 585400 (11.7%): Train pred MSE = 5.948477e-08, Test pred MSE = 1.761827e-02, Param MSE = 1.812501e-01, Grad norm = 1.182745e-06, Beta update rate = 6.602563e-07
Epoch 585600 (11.7%): Train pred MSE = 5.934505e-08, Test pred MSE = 1.761825e-02, Param MSE = 1.812499e-01, Grad norm = 1.181335e-06, Beta update rate = 6.594692e-07
Epoch 585800 (11.7%): Train pred MSE = 5.920566e-08, Test pred MSE = 1.761824e-02, Param MSE = 1.812497e-01, Grad norm = 1.179927e-06, Beta update rate = 6.586831e-07
Epoch 586000 (11.7%): Train pred MSE = 5.906660e-08, Test pred MSE = 1.761823e-02, Param MSE = 1.812495e-01, Grad norm = 1.178521e-06, Beta update rate = 6.578980e-07
Epoch 586200 (11.7%): Train pred MSE = 5.892788e-08, Test pred MSE = 1.761821e-02, Param MSE = 1.812493e-01, Grad norm = 1.177117e-06, Beta update rate = 6.571139e-07
Epoch 586400 (11.7%): Train pred MSE = 5.878948e-08, Test pred MSE = 1.761820e-02, Param MSE = 1.812491e-01, Grad norm = 1.175714e-06, Beta update rate = 6.563307e-07
Epoch 586600 (11.7%): Train pred MSE = 5.865142e-08, Test pred MSE = 1.761819e-02, Param MSE = 1.812489e-01, Grad norm = 1.174314e-06, Beta update rate = 6.555485e-07
Epoch 586800 (11.7%): Train pred MSE = 5.851368e-08, Test pred MSE = 1.761817e-02, Param MSE = 1.812487e-01, Grad norm = 1.172914e-06, Beta update rate = 6.547672e-07
Epoch 587000 (11.7%): Train pred MSE = 5.837628e-08, Test pred MSE = 1.761816e-02, Param MSE = 1.812485e-01, Grad norm = 1.171517e-06, Beta update rate = 6.539869e-07
Epoch 587200 (11.7%): Train pred MSE = 5.823919e-08, Test pred MSE = 1.761815e-02, Param MSE = 1.812483e-01, Grad norm = 1.170121e-06, Beta update rate = 6.532076e-07
Epoch 587400 (11.7%): Train pred MSE = 5.810244e-08, Test pred MSE = 1.761813e-02, Param MSE = 1.812481e-01, Grad norm = 1.168727e-06, Beta update rate = 6.524292e-07
Epoch 587600 (11.8%): Train pred MSE = 5.796601e-08, Test pred MSE = 1.761812e-02, Param MSE = 1.812479e-01, Grad norm = 1.167335e-06, Beta update rate = 6.516518e-07
Epoch 587800 (11.8%): Train pred MSE = 5.782991e-08, Test pred MSE = 1.761811e-02, Param MSE = 1.812477e-01, Grad norm = 1.165944e-06, Beta update rate = 6.508753e-07
Epoch 588000 (11.8%): Train pred MSE = 5.769413e-08, Test pred MSE = 1.761809e-02, Param MSE = 1.812475e-01, Grad norm = 1.164555e-06, Beta update rate = 6.500998e-07
Epoch 588200 (11.8%): Train pred MSE = 5.755867e-08, Test pred MSE = 1.761808e-02, Param MSE = 1.812473e-01, Grad norm = 1.163168e-06, Beta update rate = 6.493252e-07
Epoch 588400 (11.8%): Train pred MSE = 5.742354e-08, Test pred MSE = 1.761807e-02, Param MSE = 1.812471e-01, Grad norm = 1.161783e-06, Beta update rate = 6.485516e-07
Epoch 588600 (11.8%): Train pred MSE = 5.728873e-08, Test pred MSE = 1.761805e-02, Param MSE = 1.812469e-01, Grad norm = 1.160399e-06, Beta update rate = 6.477790e-07
Epoch 588800 (11.8%): Train pred MSE = 5.715424e-08, Test pred MSE = 1.761804e-02, Param MSE = 1.812467e-01, Grad norm = 1.159017e-06, Beta update rate = 6.470073e-07
Epoch 589000 (11.8%): Train pred MSE = 5.702007e-08, Test pred MSE = 1.761803e-02, Param MSE = 1.812466e-01, Grad norm = 1.157636e-06, Beta update rate = 6.462365e-07
Epoch 589200 (11.8%): Train pred MSE = 5.688621e-08, Test pred MSE = 1.761802e-02, Param MSE = 1.812464e-01, Grad norm = 1.156258e-06, Beta update rate = 6.454667e-07
Epoch 589400 (11.8%): Train pred MSE = 5.675268e-08, Test pred MSE = 1.761800e-02, Param MSE = 1.812462e-01, Grad norm = 1.154881e-06, Beta update rate = 6.446978e-07
Epoch 589600 (11.8%): Train pred MSE = 5.661947e-08, Test pred MSE = 1.761799e-02, Param MSE = 1.812460e-01, Grad norm = 1.153506e-06, Beta update rate = 6.439299e-07
Epoch 589800 (11.8%): Train pred MSE = 5.648657e-08, Test pred MSE = 1.761798e-02, Param MSE = 1.812458e-01, Grad norm = 1.152132e-06, Beta update rate = 6.431630e-07
Epoch 590000 (11.8%): Train pred MSE = 5.635399e-08, Test pred MSE = 1.761796e-02, Param MSE = 1.812456e-01, Grad norm = 1.150760e-06, Beta update rate = 6.423969e-07
Epoch 590200 (11.8%): Train pred MSE = 5.622172e-08, Test pred MSE = 1.761795e-02, Param MSE = 1.812454e-01, Grad norm = 1.149390e-06, Beta update rate = 6.416318e-07
Epoch 590400 (11.8%): Train pred MSE = 5.608977e-08, Test pred MSE = 1.761794e-02, Param MSE = 1.812452e-01, Grad norm = 1.148021e-06, Beta update rate = 6.408677e-07
Epoch 590600 (11.8%): Train pred MSE = 5.595813e-08, Test pred MSE = 1.761792e-02, Param MSE = 1.812450e-01, Grad norm = 1.146654e-06, Beta update rate = 6.401045e-07
Epoch 590800 (11.8%): Train pred MSE = 5.582681e-08, Test pred MSE = 1.761791e-02, Param MSE = 1.812448e-01, Grad norm = 1.145289e-06, Beta update rate = 6.393422e-07
Epoch 591000 (11.8%): Train pred MSE = 5.569580e-08, Test pred MSE = 1.761790e-02, Param MSE = 1.812446e-01, Grad norm = 1.143926e-06, Beta update rate = 6.385809e-07
Epoch 591200 (11.8%): Train pred MSE = 5.556510e-08, Test pred MSE = 1.761789e-02, Param MSE = 1.812444e-01, Grad norm = 1.142564e-06, Beta update rate = 6.378205e-07
Epoch 591400 (11.8%): Train pred MSE = 5.543471e-08, Test pred MSE = 1.761787e-02, Param MSE = 1.812442e-01, Grad norm = 1.141204e-06, Beta update rate = 6.370610e-07
Epoch 591600 (11.8%): Train pred MSE = 5.530463e-08, Test pred MSE = 1.761786e-02, Param MSE = 1.812441e-01, Grad norm = 1.139845e-06, Beta update rate = 6.363025e-07
Epoch 591800 (11.8%): Train pred MSE = 5.517486e-08, Test pred MSE = 1.761785e-02, Param MSE = 1.812439e-01, Grad norm = 1.138488e-06, Beta update rate = 6.355449e-07
Epoch 592000 (11.8%): Train pred MSE = 5.504540e-08, Test pred MSE = 1.761783e-02, Param MSE = 1.812437e-01, Grad norm = 1.137133e-06, Beta update rate = 6.347882e-07
Epoch 592200 (11.8%): Train pred MSE = 5.491625e-08, Test pred MSE = 1.761782e-02, Param MSE = 1.812435e-01, Grad norm = 1.135779e-06, Beta update rate = 6.340324e-07
Epoch 592400 (11.8%): Train pred MSE = 5.478740e-08, Test pred MSE = 1.761781e-02, Param MSE = 1.812433e-01, Grad norm = 1.134428e-06, Beta update rate = 6.332776e-07
Epoch 592600 (11.9%): Train pred MSE = 5.465887e-08, Test pred MSE = 1.761780e-02, Param MSE = 1.812431e-01, Grad norm = 1.133077e-06, Beta update rate = 6.325237e-07
Epoch 592800 (11.9%): Train pred MSE = 5.453063e-08, Test pred MSE = 1.761778e-02, Param MSE = 1.812429e-01, Grad norm = 1.131729e-06, Beta update rate = 6.317708e-07
Epoch 593000 (11.9%): Train pred MSE = 5.440271e-08, Test pred MSE = 1.761777e-02, Param MSE = 1.812427e-01, Grad norm = 1.130382e-06, Beta update rate = 6.310187e-07
Epoch 593200 (11.9%): Train pred MSE = 5.427508e-08, Test pred MSE = 1.761776e-02, Param MSE = 1.812425e-01, Grad norm = 1.129037e-06, Beta update rate = 6.302676e-07
Epoch 593400 (11.9%): Train pred MSE = 5.414776e-08, Test pred MSE = 1.761775e-02, Param MSE = 1.812423e-01, Grad norm = 1.127693e-06, Beta update rate = 6.295174e-07
Epoch 593600 (11.9%): Train pred MSE = 5.402075e-08, Test pred MSE = 1.761773e-02, Param MSE = 1.812422e-01, Grad norm = 1.126351e-06, Beta update rate = 6.287682e-07
Epoch 593800 (11.9%): Train pred MSE = 5.389403e-08, Test pred MSE = 1.761772e-02, Param MSE = 1.812420e-01, Grad norm = 1.125011e-06, Beta update rate = 6.280198e-07
Epoch 594000 (11.9%): Train pred MSE = 5.376762e-08, Test pred MSE = 1.761771e-02, Param MSE = 1.812418e-01, Grad norm = 1.123672e-06, Beta update rate = 6.272724e-07
Epoch 594200 (11.9%): Train pred MSE = 5.364151e-08, Test pred MSE = 1.761770e-02, Param MSE = 1.812416e-01, Grad norm = 1.122335e-06, Beta update rate = 6.265259e-07
Epoch 594400 (11.9%): Train pred MSE = 5.351569e-08, Test pred MSE = 1.761768e-02, Param MSE = 1.812414e-01, Grad norm = 1.121000e-06, Beta update rate = 6.257803e-07
Epoch 594600 (11.9%): Train pred MSE = 5.339018e-08, Test pred MSE = 1.761767e-02, Param MSE = 1.812412e-01, Grad norm = 1.119666e-06, Beta update rate = 6.250356e-07
Epoch 594800 (11.9%): Train pred MSE = 5.326496e-08, Test pred MSE = 1.761766e-02, Param MSE = 1.812410e-01, Grad norm = 1.118334e-06, Beta update rate = 6.242918e-07
Epoch 595000 (11.9%): Train pred MSE = 5.314005e-08, Test pred MSE = 1.761765e-02, Param MSE = 1.812409e-01, Grad norm = 1.117004e-06, Beta update rate = 6.235490e-07
Epoch 595200 (11.9%): Train pred MSE = 5.301543e-08, Test pred MSE = 1.761763e-02, Param MSE = 1.812407e-01, Grad norm = 1.115675e-06, Beta update rate = 6.228070e-07
Epoch 595400 (11.9%): Train pred MSE = 5.289110e-08, Test pred MSE = 1.761762e-02, Param MSE = 1.812405e-01, Grad norm = 1.114348e-06, Beta update rate = 6.220660e-07
Epoch 595600 (11.9%): Train pred MSE = 5.276708e-08, Test pred MSE = 1.761761e-02, Param MSE = 1.812403e-01, Grad norm = 1.113022e-06, Beta update rate = 6.213258e-07
Epoch 595800 (11.9%): Train pred MSE = 5.264334e-08, Test pred MSE = 1.761760e-02, Param MSE = 1.812401e-01, Grad norm = 1.111698e-06, Beta update rate = 6.205866e-07
Epoch 596000 (11.9%): Train pred MSE = 5.251990e-08, Test pred MSE = 1.761758e-02, Param MSE = 1.812399e-01, Grad norm = 1.110376e-06, Beta update rate = 6.198483e-07
Epoch 596200 (11.9%): Train pred MSE = 5.239676e-08, Test pred MSE = 1.761757e-02, Param MSE = 1.812397e-01, Grad norm = 1.109055e-06, Beta update rate = 6.191109e-07
Epoch 596400 (11.9%): Train pred MSE = 5.227390e-08, Test pred MSE = 1.761756e-02, Param MSE = 1.812396e-01, Grad norm = 1.107736e-06, Beta update rate = 6.183744e-07
Epoch 596600 (11.9%): Train pred MSE = 5.215134e-08, Test pred MSE = 1.761755e-02, Param MSE = 1.812394e-01, Grad norm = 1.106418e-06, Beta update rate = 6.176388e-07
Epoch 596800 (11.9%): Train pred MSE = 5.202907e-08, Test pred MSE = 1.761753e-02, Param MSE = 1.812392e-01, Grad norm = 1.105103e-06, Beta update rate = 6.169041e-07
Epoch 597000 (11.9%): Train pred MSE = 5.190709e-08, Test pred MSE = 1.761752e-02, Param MSE = 1.812390e-01, Grad norm = 1.103788e-06, Beta update rate = 6.161703e-07
Epoch 597200 (11.9%): Train pred MSE = 5.178541e-08, Test pred MSE = 1.761751e-02, Param MSE = 1.812388e-01, Grad norm = 1.102476e-06, Beta update rate = 6.154374e-07
Epoch 597400 (11.9%): Train pred MSE = 5.166401e-08, Test pred MSE = 1.761750e-02, Param MSE = 1.812386e-01, Grad norm = 1.101165e-06, Beta update rate = 6.147054e-07
Epoch 597600 (12.0%): Train pred MSE = 5.154290e-08, Test pred MSE = 1.761748e-02, Param MSE = 1.812385e-01, Grad norm = 1.099855e-06, Beta update rate = 6.139743e-07
Epoch 597800 (12.0%): Train pred MSE = 5.142207e-08, Test pred MSE = 1.761747e-02, Param MSE = 1.812383e-01, Grad norm = 1.098547e-06, Beta update rate = 6.132441e-07
Epoch 598000 (12.0%): Train pred MSE = 5.130154e-08, Test pred MSE = 1.761746e-02, Param MSE = 1.812381e-01, Grad norm = 1.097241e-06, Beta update rate = 6.125148e-07
Epoch 598200 (12.0%): Train pred MSE = 5.118129e-08, Test pred MSE = 1.761745e-02, Param MSE = 1.812379e-01, Grad norm = 1.095937e-06, Beta update rate = 6.117864e-07
Epoch 598400 (12.0%): Train pred MSE = 5.106132e-08, Test pred MSE = 1.761744e-02, Param MSE = 1.812377e-01, Grad norm = 1.094634e-06, Beta update rate = 6.110589e-07
Epoch 598600 (12.0%): Train pred MSE = 5.094164e-08, Test pred MSE = 1.761742e-02, Param MSE = 1.812375e-01, Grad norm = 1.093332e-06, Beta update rate = 6.103323e-07
Epoch 598800 (12.0%): Train pred MSE = 5.082225e-08, Test pred MSE = 1.761741e-02, Param MSE = 1.812374e-01, Grad norm = 1.092032e-06, Beta update rate = 6.096065e-07
Epoch 599000 (12.0%): Train pred MSE = 5.070314e-08, Test pred MSE = 1.761740e-02, Param MSE = 1.812372e-01, Grad norm = 1.090734e-06, Beta update rate = 6.088817e-07
Epoch 599200 (12.0%): Train pred MSE = 5.058431e-08, Test pred MSE = 1.761739e-02, Param MSE = 1.812370e-01, Grad norm = 1.089437e-06, Beta update rate = 6.081577e-07
Epoch 599400 (12.0%): Train pred MSE = 5.046577e-08, Test pred MSE = 1.761738e-02, Param MSE = 1.812368e-01, Grad norm = 1.088142e-06, Beta update rate = 6.074346e-07
Epoch 599600 (12.0%): Train pred MSE = 5.034750e-08, Test pred MSE = 1.761736e-02, Param MSE = 1.812366e-01, Grad norm = 1.086849e-06, Beta update rate = 6.067125e-07
Epoch 599800 (12.0%): Train pred MSE = 5.022952e-08, Test pred MSE = 1.761735e-02, Param MSE = 1.812365e-01, Grad norm = 1.085557e-06, Beta update rate = 6.059912e-07
Epoch 600000 (12.0%): Train pred MSE = 5.011182e-08, Test pred MSE = 1.761734e-02, Param MSE = 1.812363e-01, Grad norm = 1.084267e-06, Beta update rate = 6.052707e-07
Epoch 600200 (12.0%): Train pred MSE = 4.999439e-08, Test pred MSE = 1.761733e-02, Param MSE = 1.812361e-01, Grad norm = 1.082978e-06, Beta update rate = 6.045512e-07
Epoch 600400 (12.0%): Train pred MSE = 4.987725e-08, Test pred MSE = 1.761731e-02, Param MSE = 1.812359e-01, Grad norm = 1.081691e-06, Beta update rate = 6.038326e-07
Epoch 600600 (12.0%): Train pred MSE = 4.976039e-08, Test pred MSE = 1.761730e-02, Param MSE = 1.812357e-01, Grad norm = 1.080405e-06, Beta update rate = 6.031148e-07
Epoch 600800 (12.0%): Train pred MSE = 4.964380e-08, Test pred MSE = 1.761729e-02, Param MSE = 1.812356e-01, Grad norm = 1.079121e-06, Beta update rate = 6.023979e-07
Epoch 601000 (12.0%): Train pred MSE = 4.952749e-08, Test pred MSE = 1.761728e-02, Param MSE = 1.812354e-01, Grad norm = 1.077839e-06, Beta update rate = 6.016819e-07
Epoch 601200 (12.0%): Train pred MSE = 4.941145e-08, Test pred MSE = 1.761727e-02, Param MSE = 1.812352e-01, Grad norm = 1.076558e-06, Beta update rate = 6.009667e-07
Epoch 601400 (12.0%): Train pred MSE = 4.929569e-08, Test pred MSE = 1.761726e-02, Param MSE = 1.812350e-01, Grad norm = 1.075279e-06, Beta update rate = 6.002525e-07
Epoch 601600 (12.0%): Train pred MSE = 4.918021e-08, Test pred MSE = 1.761724e-02, Param MSE = 1.812348e-01, Grad norm = 1.074001e-06, Beta update rate = 5.995391e-07
Epoch 601800 (12.0%): Train pred MSE = 4.906500e-08, Test pred MSE = 1.761723e-02, Param MSE = 1.812347e-01, Grad norm = 1.072725e-06, Beta update rate = 5.988266e-07
Epoch 602000 (12.0%): Train pred MSE = 4.895006e-08, Test pred MSE = 1.761722e-02, Param MSE = 1.812345e-01, Grad norm = 1.071450e-06, Beta update rate = 5.981149e-07
Epoch 602200 (12.0%): Train pred MSE = 4.883540e-08, Test pred MSE = 1.761721e-02, Param MSE = 1.812343e-01, Grad norm = 1.070177e-06, Beta update rate = 5.974042e-07
Epoch 602400 (12.0%): Train pred MSE = 4.872101e-08, Test pred MSE = 1.761720e-02, Param MSE = 1.812341e-01, Grad norm = 1.068906e-06, Beta update rate = 5.966943e-07
Epoch 602600 (12.1%): Train pred MSE = 4.860689e-08, Test pred MSE = 1.761718e-02, Param MSE = 1.812340e-01, Grad norm = 1.067636e-06, Beta update rate = 5.959852e-07
Epoch 602800 (12.1%): Train pred MSE = 4.849304e-08, Test pred MSE = 1.761717e-02, Param MSE = 1.812338e-01, Grad norm = 1.066367e-06, Beta update rate = 5.952771e-07
Epoch 603000 (12.1%): Train pred MSE = 4.837946e-08, Test pred MSE = 1.761716e-02, Param MSE = 1.812336e-01, Grad norm = 1.065100e-06, Beta update rate = 5.945698e-07
Epoch 603200 (12.1%): Train pred MSE = 4.826616e-08, Test pred MSE = 1.761715e-02, Param MSE = 1.812334e-01, Grad norm = 1.063835e-06, Beta update rate = 5.938634e-07
Epoch 603400 (12.1%): Train pred MSE = 4.815312e-08, Test pred MSE = 1.761714e-02, Param MSE = 1.812333e-01, Grad norm = 1.062571e-06, Beta update rate = 5.931578e-07
Epoch 603600 (12.1%): Train pred MSE = 4.804035e-08, Test pred MSE = 1.761713e-02, Param MSE = 1.812331e-01, Grad norm = 1.061309e-06, Beta update rate = 5.924531e-07
Epoch 603800 (12.1%): Train pred MSE = 4.792784e-08, Test pred MSE = 1.761711e-02, Param MSE = 1.812329e-01, Grad norm = 1.060049e-06, Beta update rate = 5.917493e-07
Epoch 604000 (12.1%): Train pred MSE = 4.781561e-08, Test pred MSE = 1.761710e-02, Param MSE = 1.812327e-01, Grad norm = 1.058790e-06, Beta update rate = 5.910463e-07
Epoch 604200 (12.1%): Train pred MSE = 4.770364e-08, Test pred MSE = 1.761709e-02, Param MSE = 1.812326e-01, Grad norm = 1.057532e-06, Beta update rate = 5.903442e-07
Epoch 604400 (12.1%): Train pred MSE = 4.759193e-08, Test pred MSE = 1.761708e-02, Param MSE = 1.812324e-01, Grad norm = 1.056276e-06, Beta update rate = 5.896429e-07
Epoch 604600 (12.1%): Train pred MSE = 4.748050e-08, Test pred MSE = 1.761707e-02, Param MSE = 1.812322e-01, Grad norm = 1.055021e-06, Beta update rate = 5.889425e-07
Epoch 604800 (12.1%): Train pred MSE = 4.736932e-08, Test pred MSE = 1.761706e-02, Param MSE = 1.812320e-01, Grad norm = 1.053768e-06, Beta update rate = 5.882430e-07
Epoch 605000 (12.1%): Train pred MSE = 4.725841e-08, Test pred MSE = 1.761704e-02, Param MSE = 1.812319e-01, Grad norm = 1.052517e-06, Beta update rate = 5.875443e-07
Epoch 605200 (12.1%): Train pred MSE = 4.714777e-08, Test pred MSE = 1.761703e-02, Param MSE = 1.812317e-01, Grad norm = 1.051267e-06, Beta update rate = 5.868465e-07
Epoch 605400 (12.1%): Train pred MSE = 4.703738e-08, Test pred MSE = 1.761702e-02, Param MSE = 1.812315e-01, Grad norm = 1.050019e-06, Beta update rate = 5.861495e-07
Epoch 605600 (12.1%): Train pred MSE = 4.692726e-08, Test pred MSE = 1.761701e-02, Param MSE = 1.812313e-01, Grad norm = 1.048772e-06, Beta update rate = 5.854534e-07
Epoch 605800 (12.1%): Train pred MSE = 4.681740e-08, Test pred MSE = 1.761700e-02, Param MSE = 1.812312e-01, Grad norm = 1.047527e-06, Beta update rate = 5.847581e-07
Epoch 606000 (12.1%): Train pred MSE = 4.670780e-08, Test pred MSE = 1.761699e-02, Param MSE = 1.812310e-01, Grad norm = 1.046283e-06, Beta update rate = 5.840637e-07
Epoch 606200 (12.1%): Train pred MSE = 4.659846e-08, Test pred MSE = 1.761697e-02, Param MSE = 1.812308e-01, Grad norm = 1.045041e-06, Beta update rate = 5.833701e-07
Epoch 606400 (12.1%): Train pred MSE = 4.648938e-08, Test pred MSE = 1.761696e-02, Param MSE = 1.812307e-01, Grad norm = 1.043800e-06, Beta update rate = 5.826774e-07
Epoch 606600 (12.1%): Train pred MSE = 4.638056e-08, Test pred MSE = 1.761695e-02, Param MSE = 1.812305e-01, Grad norm = 1.042561e-06, Beta update rate = 5.819855e-07
Epoch 606800 (12.1%): Train pred MSE = 4.627199e-08, Test pred MSE = 1.761694e-02, Param MSE = 1.812303e-01, Grad norm = 1.041323e-06, Beta update rate = 5.812945e-07
Epoch 607000 (12.1%): Train pred MSE = 4.616369e-08, Test pred MSE = 1.761693e-02, Param MSE = 1.812301e-01, Grad norm = 1.040087e-06, Beta update rate = 5.806043e-07
Epoch 607200 (12.1%): Train pred MSE = 4.605564e-08, Test pred MSE = 1.761692e-02, Param MSE = 1.812300e-01, Grad norm = 1.038852e-06, Beta update rate = 5.799150e-07
Epoch 607400 (12.1%): Train pred MSE = 4.594785e-08, Test pred MSE = 1.761691e-02, Param MSE = 1.812298e-01, Grad norm = 1.037619e-06, Beta update rate = 5.792265e-07
Epoch 607600 (12.2%): Train pred MSE = 4.584031e-08, Test pred MSE = 1.761689e-02, Param MSE = 1.812296e-01, Grad norm = 1.036387e-06, Beta update rate = 5.785388e-07
Epoch 607800 (12.2%): Train pred MSE = 4.573303e-08, Test pred MSE = 1.761688e-02, Param MSE = 1.812295e-01, Grad norm = 1.035157e-06, Beta update rate = 5.778520e-07
Epoch 608000 (12.2%): Train pred MSE = 4.562600e-08, Test pred MSE = 1.761687e-02, Param MSE = 1.812293e-01, Grad norm = 1.033928e-06, Beta update rate = 5.771660e-07
Epoch 608200 (12.2%): Train pred MSE = 4.551923e-08, Test pred MSE = 1.761686e-02, Param MSE = 1.812291e-01, Grad norm = 1.032701e-06, Beta update rate = 5.764809e-07
Epoch 608400 (12.2%): Train pred MSE = 4.541271e-08, Test pred MSE = 1.761685e-02, Param MSE = 1.812289e-01, Grad norm = 1.031475e-06, Beta update rate = 5.757966e-07
Epoch 608600 (12.2%): Train pred MSE = 4.530644e-08, Test pred MSE = 1.761684e-02, Param MSE = 1.812288e-01, Grad norm = 1.030251e-06, Beta update rate = 5.751131e-07
Epoch 608800 (12.2%): Train pred MSE = 4.520043e-08, Test pred MSE = 1.761683e-02, Param MSE = 1.812286e-01, Grad norm = 1.029029e-06, Beta update rate = 5.744305e-07
Epoch 609000 (12.2%): Train pred MSE = 4.509466e-08, Test pred MSE = 1.761682e-02, Param MSE = 1.812284e-01, Grad norm = 1.027807e-06, Beta update rate = 5.737487e-07
Epoch 609200 (12.2%): Train pred MSE = 4.498915e-08, Test pred MSE = 1.761680e-02, Param MSE = 1.812283e-01, Grad norm = 1.026588e-06, Beta update rate = 5.730678e-07
Epoch 609400 (12.2%): Train pred MSE = 4.488389e-08, Test pred MSE = 1.761679e-02, Param MSE = 1.812281e-01, Grad norm = 1.025370e-06, Beta update rate = 5.723876e-07
Epoch 609600 (12.2%): Train pred MSE = 4.477888e-08, Test pred MSE = 1.761678e-02, Param MSE = 1.812279e-01, Grad norm = 1.024153e-06, Beta update rate = 5.717084e-07
Epoch 609800 (12.2%): Train pred MSE = 4.467411e-08, Test pred MSE = 1.761677e-02, Param MSE = 1.812278e-01, Grad norm = 1.022938e-06, Beta update rate = 5.710299e-07
Epoch 610000 (12.2%): Train pred MSE = 4.456960e-08, Test pred MSE = 1.761676e-02, Param MSE = 1.812276e-01, Grad norm = 1.021724e-06, Beta update rate = 5.703523e-07
Epoch 610200 (12.2%): Train pred MSE = 4.446533e-08, Test pred MSE = 1.761675e-02, Param MSE = 1.812274e-01, Grad norm = 1.020512e-06, Beta update rate = 5.696755e-07
Epoch 610400 (12.2%): Train pred MSE = 4.436131e-08, Test pred MSE = 1.761674e-02, Param MSE = 1.812273e-01, Grad norm = 1.019301e-06, Beta update rate = 5.689995e-07
Epoch 610600 (12.2%): Train pred MSE = 4.425754e-08, Test pred MSE = 1.761673e-02, Param MSE = 1.812271e-01, Grad norm = 1.018091e-06, Beta update rate = 5.683243e-07
Epoch 610800 (12.2%): Train pred MSE = 4.415401e-08, Test pred MSE = 1.761671e-02, Param MSE = 1.812269e-01, Grad norm = 1.016884e-06, Beta update rate = 5.676500e-07
Epoch 611000 (12.2%): Train pred MSE = 4.405073e-08, Test pred MSE = 1.761670e-02, Param MSE = 1.812268e-01, Grad norm = 1.015677e-06, Beta update rate = 5.669765e-07
Epoch 611200 (12.2%): Train pred MSE = 4.394769e-08, Test pred MSE = 1.761669e-02, Param MSE = 1.812266e-01, Grad norm = 1.014472e-06, Beta update rate = 5.663038e-07
Epoch 611400 (12.2%): Train pred MSE = 4.384490e-08, Test pred MSE = 1.761668e-02, Param MSE = 1.812264e-01, Grad norm = 1.013269e-06, Beta update rate = 5.656320e-07
Epoch 611600 (12.2%): Train pred MSE = 4.374235e-08, Test pred MSE = 1.761667e-02, Param MSE = 1.812263e-01, Grad norm = 1.012067e-06, Beta update rate = 5.649609e-07
Epoch 611800 (12.2%): Train pred MSE = 4.364005e-08, Test pred MSE = 1.761666e-02, Param MSE = 1.812261e-01, Grad norm = 1.010867e-06, Beta update rate = 5.642907e-07
Epoch 612000 (12.2%): Train pred MSE = 4.353798e-08, Test pred MSE = 1.761665e-02, Param MSE = 1.812259e-01, Grad norm = 1.009668e-06, Beta update rate = 5.636213e-07
Epoch 612200 (12.2%): Train pred MSE = 4.343616e-08, Test pred MSE = 1.761664e-02, Param MSE = 1.812258e-01, Grad norm = 1.008470e-06, Beta update rate = 5.629527e-07
Epoch 612400 (12.2%): Train pred MSE = 4.333458e-08, Test pred MSE = 1.761663e-02, Param MSE = 1.812256e-01, Grad norm = 1.007274e-06, Beta update rate = 5.622849e-07
Epoch 612600 (12.3%): Train pred MSE = 4.323324e-08, Test pred MSE = 1.761662e-02, Param MSE = 1.812254e-01, Grad norm = 1.006079e-06, Beta update rate = 5.616180e-07
Epoch 612800 (12.3%): Train pred MSE = 4.313214e-08, Test pred MSE = 1.761660e-02, Param MSE = 1.812253e-01, Grad norm = 1.004886e-06, Beta update rate = 5.609519e-07
Epoch 613000 (12.3%): Train pred MSE = 4.303129e-08, Test pred MSE = 1.761659e-02, Param MSE = 1.812251e-01, Grad norm = 1.003694e-06, Beta update rate = 5.602865e-07
Epoch 613200 (12.3%): Train pred MSE = 4.293067e-08, Test pred MSE = 1.761658e-02, Param MSE = 1.812249e-01, Grad norm = 1.002504e-06, Beta update rate = 5.596220e-07
Epoch 613400 (12.3%): Train pred MSE = 4.283028e-08, Test pred MSE = 1.761657e-02, Param MSE = 1.812248e-01, Grad norm = 1.001315e-06, Beta update rate = 5.589583e-07
Epoch 613600 (12.3%): Train pred MSE = 4.273014e-08, Test pred MSE = 1.761656e-02, Param MSE = 1.812246e-01, Grad norm = 1.000128e-06, Beta update rate = 5.582954e-07
Epoch 613800 (12.3%): Train pred MSE = 4.263023e-08, Test pred MSE = 1.761655e-02, Param MSE = 1.812245e-01, Grad norm = 9.989420e-07, Beta update rate = 5.576334e-07
Epoch 614000 (12.3%): Train pred MSE = 4.253057e-08, Test pred MSE = 1.761654e-02, Param MSE = 1.812243e-01, Grad norm = 9.977576e-07, Beta update rate = 5.569721e-07
Epoch 614200 (12.3%): Train pred MSE = 4.243113e-08, Test pred MSE = 1.761653e-02, Param MSE = 1.812241e-01, Grad norm = 9.965746e-07, Beta update rate = 5.563116e-07
Epoch 614400 (12.3%): Train pred MSE = 4.233193e-08, Test pred MSE = 1.761652e-02, Param MSE = 1.812240e-01, Grad norm = 9.953930e-07, Beta update rate = 5.556520e-07
Epoch 614600 (12.3%): Train pred MSE = 4.223297e-08, Test pred MSE = 1.761651e-02, Param MSE = 1.812238e-01, Grad norm = 9.942129e-07, Beta update rate = 5.549931e-07
Epoch 614800 (12.3%): Train pred MSE = 4.213424e-08, Test pred MSE = 1.761650e-02, Param MSE = 1.812236e-01, Grad norm = 9.930342e-07, Beta update rate = 5.543351e-07
Epoch 615000 (12.3%): Train pred MSE = 4.203575e-08, Test pred MSE = 1.761649e-02, Param MSE = 1.812235e-01, Grad norm = 9.918569e-07, Beta update rate = 5.536778e-07
Epoch 615200 (12.3%): Train pred MSE = 4.193749e-08, Test pred MSE = 1.761647e-02, Param MSE = 1.812233e-01, Grad norm = 9.906811e-07, Beta update rate = 5.530214e-07
Epoch 615400 (12.3%): Train pred MSE = 4.183946e-08, Test pred MSE = 1.761646e-02, Param MSE = 1.812232e-01, Grad norm = 9.895067e-07, Beta update rate = 5.523658e-07
Epoch 615600 (12.3%): Train pred MSE = 4.174167e-08, Test pred MSE = 1.761645e-02, Param MSE = 1.812230e-01, Grad norm = 9.883337e-07, Beta update rate = 5.517109e-07
Epoch 615800 (12.3%): Train pred MSE = 4.164410e-08, Test pred MSE = 1.761644e-02, Param MSE = 1.812228e-01, Grad norm = 9.871622e-07, Beta update rate = 5.510569e-07
Epoch 616000 (12.3%): Train pred MSE = 4.154677e-08, Test pred MSE = 1.761643e-02, Param MSE = 1.812227e-01, Grad norm = 9.859921e-07, Beta update rate = 5.504036e-07
Epoch 616200 (12.3%): Train pred MSE = 4.144967e-08, Test pred MSE = 1.761642e-02, Param MSE = 1.812225e-01, Grad norm = 9.848235e-07, Beta update rate = 5.497512e-07
Epoch 616400 (12.3%): Train pred MSE = 4.135280e-08, Test pred MSE = 1.761641e-02, Param MSE = 1.812223e-01, Grad norm = 9.836562e-07, Beta update rate = 5.490995e-07
Epoch 616600 (12.3%): Train pred MSE = 4.125615e-08, Test pred MSE = 1.761640e-02, Param MSE = 1.812222e-01, Grad norm = 9.824904e-07, Beta update rate = 5.484487e-07
Epoch 616800 (12.3%): Train pred MSE = 4.115974e-08, Test pred MSE = 1.761639e-02, Param MSE = 1.812220e-01, Grad norm = 9.813260e-07, Beta update rate = 5.477986e-07
Epoch 617000 (12.3%): Train pred MSE = 4.106356e-08, Test pred MSE = 1.761638e-02, Param MSE = 1.812219e-01, Grad norm = 9.801630e-07, Beta update rate = 5.471494e-07
Epoch 617200 (12.3%): Train pred MSE = 4.096760e-08, Test pred MSE = 1.761637e-02, Param MSE = 1.812217e-01, Grad norm = 9.790014e-07, Beta update rate = 5.465009e-07
Epoch 617400 (12.3%): Train pred MSE = 4.087187e-08, Test pred MSE = 1.761636e-02, Param MSE = 1.812215e-01, Grad norm = 9.778413e-07, Beta update rate = 5.458532e-07
Epoch 617600 (12.4%): Train pred MSE = 4.077636e-08, Test pred MSE = 1.761635e-02, Param MSE = 1.812214e-01, Grad norm = 9.766826e-07, Beta update rate = 5.452063e-07
Epoch 617800 (12.4%): Train pred MSE = 4.068109e-08, Test pred MSE = 1.761634e-02, Param MSE = 1.812212e-01, Grad norm = 9.755252e-07, Beta update rate = 5.445602e-07
Epoch 618000 (12.4%): Train pred MSE = 4.058604e-08, Test pred MSE = 1.761633e-02, Param MSE = 1.812211e-01, Grad norm = 9.743693e-07, Beta update rate = 5.439149e-07
Epoch 618200 (12.4%): Train pred MSE = 4.049121e-08, Test pred MSE = 1.761632e-02, Param MSE = 1.812209e-01, Grad norm = 9.732148e-07, Beta update rate = 5.432704e-07
Epoch 618400 (12.4%): Train pred MSE = 4.039661e-08, Test pred MSE = 1.761630e-02, Param MSE = 1.812208e-01, Grad norm = 9.720617e-07, Beta update rate = 5.426266e-07
Epoch 618600 (12.4%): Train pred MSE = 4.030223e-08, Test pred MSE = 1.761629e-02, Param MSE = 1.812206e-01, Grad norm = 9.709100e-07, Beta update rate = 5.419837e-07
Epoch 618800 (12.4%): Train pred MSE = 4.020808e-08, Test pred MSE = 1.761628e-02, Param MSE = 1.812204e-01, Grad norm = 9.697598e-07, Beta update rate = 5.413415e-07
Epoch 619000 (12.4%): Train pred MSE = 4.011415e-08, Test pred MSE = 1.761627e-02, Param MSE = 1.812203e-01, Grad norm = 9.686109e-07, Beta update rate = 5.407001e-07
Epoch 619200 (12.4%): Train pred MSE = 4.002044e-08, Test pred MSE = 1.761626e-02, Param MSE = 1.812201e-01, Grad norm = 9.674634e-07, Beta update rate = 5.400595e-07
Epoch 619400 (12.4%): Train pred MSE = 3.992695e-08, Test pred MSE = 1.761625e-02, Param MSE = 1.812200e-01, Grad norm = 9.663173e-07, Beta update rate = 5.394197e-07
Epoch 619600 (12.4%): Train pred MSE = 3.983368e-08, Test pred MSE = 1.761624e-02, Param MSE = 1.812198e-01, Grad norm = 9.651726e-07, Beta update rate = 5.387806e-07
Epoch 619800 (12.4%): Train pred MSE = 3.974064e-08, Test pred MSE = 1.761623e-02, Param MSE = 1.812197e-01, Grad norm = 9.640293e-07, Beta update rate = 5.381423e-07
Epoch 620000 (12.4%): Train pred MSE = 3.964782e-08, Test pred MSE = 1.761622e-02, Param MSE = 1.812195e-01, Grad norm = 9.628874e-07, Beta update rate = 5.375048e-07
Epoch 620200 (12.4%): Train pred MSE = 3.955521e-08, Test pred MSE = 1.761621e-02, Param MSE = 1.812193e-01, Grad norm = 9.617469e-07, Beta update rate = 5.368681e-07
Epoch 620400 (12.4%): Train pred MSE = 3.946283e-08, Test pred MSE = 1.761620e-02, Param MSE = 1.812192e-01, Grad norm = 9.606078e-07, Beta update rate = 5.362322e-07
Epoch 620600 (12.4%): Train pred MSE = 3.937066e-08, Test pred MSE = 1.761619e-02, Param MSE = 1.812190e-01, Grad norm = 9.594700e-07, Beta update rate = 5.355970e-07
Epoch 620800 (12.4%): Train pred MSE = 3.927871e-08, Test pred MSE = 1.761618e-02, Param MSE = 1.812189e-01, Grad norm = 9.583337e-07, Beta update rate = 5.349626e-07
Epoch 621000 (12.4%): Train pred MSE = 3.918698e-08, Test pred MSE = 1.761617e-02, Param MSE = 1.812187e-01, Grad norm = 9.571987e-07, Beta update rate = 5.343290e-07
Epoch 621200 (12.4%): Train pred MSE = 3.909547e-08, Test pred MSE = 1.761616e-02, Param MSE = 1.812186e-01, Grad norm = 9.560651e-07, Beta update rate = 5.336962e-07
Epoch 621400 (12.4%): Train pred MSE = 3.900417e-08, Test pred MSE = 1.761615e-02, Param MSE = 1.812184e-01, Grad norm = 9.549329e-07, Beta update rate = 5.330641e-07
Epoch 621600 (12.4%): Train pred MSE = 3.891309e-08, Test pred MSE = 1.761614e-02, Param MSE = 1.812183e-01, Grad norm = 9.538021e-07, Beta update rate = 5.324328e-07
Epoch 621800 (12.4%): Train pred MSE = 3.882222e-08, Test pred MSE = 1.761613e-02, Param MSE = 1.812181e-01, Grad norm = 9.526727e-07, Beta update rate = 5.318023e-07
Epoch 622000 (12.4%): Train pred MSE = 3.873157e-08, Test pred MSE = 1.761612e-02, Param MSE = 1.812179e-01, Grad norm = 9.515446e-07, Beta update rate = 5.311725e-07
Epoch 622200 (12.4%): Train pred MSE = 3.864114e-08, Test pred MSE = 1.761611e-02, Param MSE = 1.812178e-01, Grad norm = 9.504179e-07, Beta update rate = 5.305435e-07
Epoch 622400 (12.4%): Train pred MSE = 3.855092e-08, Test pred MSE = 1.761610e-02, Param MSE = 1.812176e-01, Grad norm = 9.492926e-07, Beta update rate = 5.299153e-07
Epoch 622600 (12.5%): Train pred MSE = 3.846091e-08, Test pred MSE = 1.761609e-02, Param MSE = 1.812175e-01, Grad norm = 9.481686e-07, Beta update rate = 5.292878e-07
Epoch 622800 (12.5%): Train pred MSE = 3.837111e-08, Test pred MSE = 1.761608e-02, Param MSE = 1.812173e-01, Grad norm = 9.470460e-07, Beta update rate = 5.286611e-07
Epoch 623000 (12.5%): Train pred MSE = 3.828153e-08, Test pred MSE = 1.761607e-02, Param MSE = 1.812172e-01, Grad norm = 9.459248e-07, Beta update rate = 5.280352e-07
Epoch 623200 (12.5%): Train pred MSE = 3.819216e-08, Test pred MSE = 1.761606e-02, Param MSE = 1.812170e-01, Grad norm = 9.448049e-07, Beta update rate = 5.274100e-07
Epoch 623400 (12.5%): Train pred MSE = 3.810300e-08, Test pred MSE = 1.761605e-02, Param MSE = 1.812169e-01, Grad norm = 9.436864e-07, Beta update rate = 5.267856e-07
Epoch 623600 (12.5%): Train pred MSE = 3.801405e-08, Test pred MSE = 1.761604e-02, Param MSE = 1.812167e-01, Grad norm = 9.425693e-07, Beta update rate = 5.261620e-07
Epoch 623800 (12.5%): Train pred MSE = 3.792531e-08, Test pred MSE = 1.761603e-02, Param MSE = 1.812166e-01, Grad norm = 9.414535e-07, Beta update rate = 5.255391e-07
Epoch 624000 (12.5%): Train pred MSE = 3.783679e-08, Test pred MSE = 1.761602e-02, Param MSE = 1.812164e-01, Grad norm = 9.403391e-07, Beta update rate = 5.249169e-07
Epoch 624200 (12.5%): Train pred MSE = 3.774847e-08, Test pred MSE = 1.761601e-02, Param MSE = 1.812163e-01, Grad norm = 9.392261e-07, Beta update rate = 5.242955e-07
Epoch 624400 (12.5%): Train pred MSE = 3.766036e-08, Test pred MSE = 1.761600e-02, Param MSE = 1.812161e-01, Grad norm = 9.381143e-07, Beta update rate = 5.236749e-07
Epoch 624600 (12.5%): Train pred MSE = 3.757246e-08, Test pred MSE = 1.761599e-02, Param MSE = 1.812160e-01, Grad norm = 9.370040e-07, Beta update rate = 5.230551e-07
Epoch 624800 (12.5%): Train pred MSE = 3.748476e-08, Test pred MSE = 1.761598e-02, Param MSE = 1.812158e-01, Grad norm = 9.358950e-07, Beta update rate = 5.224360e-07
Epoch 625000 (12.5%): Train pred MSE = 3.739728e-08, Test pred MSE = 1.761597e-02, Param MSE = 1.812157e-01, Grad norm = 9.347873e-07, Beta update rate = 5.218176e-07
Epoch 625200 (12.5%): Train pred MSE = 3.731000e-08, Test pred MSE = 1.761596e-02, Param MSE = 1.812155e-01, Grad norm = 9.336810e-07, Beta update rate = 5.212000e-07
Epoch 625400 (12.5%): Train pred MSE = 3.722293e-08, Test pred MSE = 1.761595e-02, Param MSE = 1.812153e-01, Grad norm = 9.325761e-07, Beta update rate = 5.205832e-07
Epoch 625600 (12.5%): Train pred MSE = 3.713606e-08, Test pred MSE = 1.761594e-02, Param MSE = 1.812152e-01, Grad norm = 9.314725e-07, Beta update rate = 5.199671e-07
Epoch 625800 (12.5%): Train pred MSE = 3.704940e-08, Test pred MSE = 1.761593e-02, Param MSE = 1.812150e-01, Grad norm = 9.303702e-07, Beta update rate = 5.193517e-07
Epoch 626000 (12.5%): Train pred MSE = 3.696295e-08, Test pred MSE = 1.761592e-02, Param MSE = 1.812149e-01, Grad norm = 9.292693e-07, Beta update rate = 5.187371e-07
Epoch 626200 (12.5%): Train pred MSE = 3.687669e-08, Test pred MSE = 1.761591e-02, Param MSE = 1.812147e-01, Grad norm = 9.281697e-07, Beta update rate = 5.181233e-07
Epoch 626400 (12.5%): Train pred MSE = 3.679065e-08, Test pred MSE = 1.761590e-02, Param MSE = 1.812146e-01, Grad norm = 9.270714e-07, Beta update rate = 5.175101e-07
Epoch 626600 (12.5%): Train pred MSE = 3.670480e-08, Test pred MSE = 1.761589e-02, Param MSE = 1.812144e-01, Grad norm = 9.259745e-07, Beta update rate = 5.168978e-07
Epoch 626800 (12.5%): Train pred MSE = 3.661916e-08, Test pred MSE = 1.761588e-02, Param MSE = 1.812143e-01, Grad norm = 9.248789e-07, Beta update rate = 5.162862e-07
Epoch 627000 (12.5%): Train pred MSE = 3.653372e-08, Test pred MSE = 1.761587e-02, Param MSE = 1.812141e-01, Grad norm = 9.237847e-07, Beta update rate = 5.156753e-07
Epoch 627200 (12.5%): Train pred MSE = 3.644849e-08, Test pred MSE = 1.761586e-02, Param MSE = 1.812140e-01, Grad norm = 9.226917e-07, Beta update rate = 5.150652e-07
Epoch 627400 (12.5%): Train pred MSE = 3.636345e-08, Test pred MSE = 1.761585e-02, Param MSE = 1.812139e-01, Grad norm = 9.216002e-07, Beta update rate = 5.144558e-07
Epoch 627600 (12.6%): Train pred MSE = 3.627862e-08, Test pred MSE = 1.761584e-02, Param MSE = 1.812137e-01, Grad norm = 9.205099e-07, Beta update rate = 5.138472e-07
Epoch 627800 (12.6%): Train pred MSE = 3.619399e-08, Test pred MSE = 1.761583e-02, Param MSE = 1.812136e-01, Grad norm = 9.194209e-07, Beta update rate = 5.132393e-07
Epoch 628000 (12.6%): Train pred MSE = 3.610955e-08, Test pred MSE = 1.761582e-02, Param MSE = 1.812134e-01, Grad norm = 9.183333e-07, Beta update rate = 5.126321e-07
Epoch 628200 (12.6%): Train pred MSE = 3.602532e-08, Test pred MSE = 1.761581e-02, Param MSE = 1.812133e-01, Grad norm = 9.172470e-07, Beta update rate = 5.120257e-07
Epoch 628400 (12.6%): Train pred MSE = 3.594129e-08, Test pred MSE = 1.761580e-02, Param MSE = 1.812131e-01, Grad norm = 9.161621e-07, Beta update rate = 5.114200e-07
Epoch 628600 (12.6%): Train pred MSE = 3.585745e-08, Test pred MSE = 1.761579e-02, Param MSE = 1.812130e-01, Grad norm = 9.150784e-07, Beta update rate = 5.108150e-07
Epoch 628800 (12.6%): Train pred MSE = 3.577382e-08, Test pred MSE = 1.761578e-02, Param MSE = 1.812128e-01, Grad norm = 9.139961e-07, Beta update rate = 5.102108e-07
Epoch 629000 (12.6%): Train pred MSE = 3.569038e-08, Test pred MSE = 1.761577e-02, Param MSE = 1.812127e-01, Grad norm = 9.129151e-07, Beta update rate = 5.096074e-07
Epoch 629200 (12.6%): Train pred MSE = 3.560713e-08, Test pred MSE = 1.761576e-02, Param MSE = 1.812125e-01, Grad norm = 9.118354e-07, Beta update rate = 5.090046e-07
Epoch 629400 (12.6%): Train pred MSE = 3.552409e-08, Test pred MSE = 1.761575e-02, Param MSE = 1.812124e-01, Grad norm = 9.107570e-07, Beta update rate = 5.084026e-07
Epoch 629600 (12.6%): Train pred MSE = 3.544124e-08, Test pred MSE = 1.761574e-02, Param MSE = 1.812122e-01, Grad norm = 9.096799e-07, Beta update rate = 5.078013e-07
Epoch 629800 (12.6%): Train pred MSE = 3.535859e-08, Test pred MSE = 1.761573e-02, Param MSE = 1.812121e-01, Grad norm = 9.086041e-07, Beta update rate = 5.072008e-07
Epoch 630000 (12.6%): Train pred MSE = 3.527613e-08, Test pred MSE = 1.761572e-02, Param MSE = 1.812119e-01, Grad norm = 9.075297e-07, Beta update rate = 5.066010e-07
Epoch 630200 (12.6%): Train pred MSE = 3.519387e-08, Test pred MSE = 1.761571e-02, Param MSE = 1.812118e-01, Grad norm = 9.064565e-07, Beta update rate = 5.060019e-07
Epoch 630400 (12.6%): Train pred MSE = 3.511180e-08, Test pred MSE = 1.761570e-02, Param MSE = 1.812116e-01, Grad norm = 9.053846e-07, Beta update rate = 5.054035e-07
Epoch 630600 (12.6%): Train pred MSE = 3.502992e-08, Test pred MSE = 1.761569e-02, Param MSE = 1.812115e-01, Grad norm = 9.043141e-07, Beta update rate = 5.048059e-07
Epoch 630800 (12.6%): Train pred MSE = 3.494824e-08, Test pred MSE = 1.761568e-02, Param MSE = 1.812114e-01, Grad norm = 9.032448e-07, Beta update rate = 5.042090e-07
Epoch 631000 (12.6%): Train pred MSE = 3.486675e-08, Test pred MSE = 1.761567e-02, Param MSE = 1.812112e-01, Grad norm = 9.021769e-07, Beta update rate = 5.036128e-07
Epoch 631200 (12.6%): Train pred MSE = 3.478546e-08, Test pred MSE = 1.761566e-02, Param MSE = 1.812111e-01, Grad norm = 9.011102e-07, Beta update rate = 5.030174e-07
Epoch 631400 (12.6%): Train pred MSE = 3.470435e-08, Test pred MSE = 1.761565e-02, Param MSE = 1.812109e-01, Grad norm = 9.000449e-07, Beta update rate = 5.024226e-07
Epoch 631600 (12.6%): Train pred MSE = 3.462344e-08, Test pred MSE = 1.761564e-02, Param MSE = 1.812108e-01, Grad norm = 8.989808e-07, Beta update rate = 5.018286e-07
Epoch 631800 (12.6%): Train pred MSE = 3.454272e-08, Test pred MSE = 1.761563e-02, Param MSE = 1.812106e-01, Grad norm = 8.979180e-07, Beta update rate = 5.012354e-07
Epoch 632000 (12.6%): Train pred MSE = 3.446219e-08, Test pred MSE = 1.761562e-02, Param MSE = 1.812105e-01, Grad norm = 8.968566e-07, Beta update rate = 5.006428e-07
Epoch 632200 (12.6%): Train pred MSE = 3.438185e-08, Test pred MSE = 1.761562e-02, Param MSE = 1.812103e-01, Grad norm = 8.957964e-07, Beta update rate = 5.000510e-07
Epoch 632400 (12.6%): Train pred MSE = 3.430170e-08, Test pred MSE = 1.761561e-02, Param MSE = 1.812102e-01, Grad norm = 8.947375e-07, Beta update rate = 4.994598e-07
Epoch 632600 (12.7%): Train pred MSE = 3.422174e-08, Test pred MSE = 1.761560e-02, Param MSE = 1.812101e-01, Grad norm = 8.936798e-07, Beta update rate = 4.988694e-07
Epoch 632800 (12.7%): Train pred MSE = 3.414197e-08, Test pred MSE = 1.761559e-02, Param MSE = 1.812099e-01, Grad norm = 8.926235e-07, Beta update rate = 4.982798e-07
Epoch 633000 (12.7%): Train pred MSE = 3.406239e-08, Test pred MSE = 1.761558e-02, Param MSE = 1.812098e-01, Grad norm = 8.915685e-07, Beta update rate = 4.976908e-07
Epoch 633200 (12.7%): Train pred MSE = 3.398300e-08, Test pred MSE = 1.761557e-02, Param MSE = 1.812096e-01, Grad norm = 8.905147e-07, Beta update rate = 4.971025e-07
Epoch 633400 (12.7%): Train pred MSE = 3.390379e-08, Test pred MSE = 1.761556e-02, Param MSE = 1.812095e-01, Grad norm = 8.894622e-07, Beta update rate = 4.965150e-07
Epoch 633600 (12.7%): Train pred MSE = 3.382477e-08, Test pred MSE = 1.761555e-02, Param MSE = 1.812093e-01, Grad norm = 8.884110e-07, Beta update rate = 4.959282e-07
Epoch 633800 (12.7%): Train pred MSE = 3.374593e-08, Test pred MSE = 1.761554e-02, Param MSE = 1.812092e-01, Grad norm = 8.873611e-07, Beta update rate = 4.953421e-07
Epoch 634000 (12.7%): Train pred MSE = 3.366729e-08, Test pred MSE = 1.761553e-02, Param MSE = 1.812091e-01, Grad norm = 8.863124e-07, Beta update rate = 4.947567e-07
Epoch 634200 (12.7%): Train pred MSE = 3.358883e-08, Test pred MSE = 1.761552e-02, Param MSE = 1.812089e-01, Grad norm = 8.852650e-07, Beta update rate = 4.941720e-07
Epoch 634400 (12.7%): Train pred MSE = 3.351055e-08, Test pred MSE = 1.761551e-02, Param MSE = 1.812088e-01, Grad norm = 8.842189e-07, Beta update rate = 4.935880e-07
Epoch 634600 (12.7%): Train pred MSE = 3.343246e-08, Test pred MSE = 1.761550e-02, Param MSE = 1.812086e-01, Grad norm = 8.831741e-07, Beta update rate = 4.930047e-07
Epoch 634800 (12.7%): Train pred MSE = 3.335455e-08, Test pred MSE = 1.761549e-02, Param MSE = 1.812085e-01, Grad norm = 8.821305e-07, Beta update rate = 4.924222e-07
Epoch 635000 (12.7%): Train pred MSE = 3.327683e-08, Test pred MSE = 1.761548e-02, Param MSE = 1.812083e-01, Grad norm = 8.810882e-07, Beta update rate = 4.918403e-07
Epoch 635200 (12.7%): Train pred MSE = 3.319929e-08, Test pred MSE = 1.761547e-02, Param MSE = 1.812082e-01, Grad norm = 8.800471e-07, Beta update rate = 4.912592e-07
Epoch 635400 (12.7%): Train pred MSE = 3.312193e-08, Test pred MSE = 1.761546e-02, Param MSE = 1.812081e-01, Grad norm = 8.790074e-07, Beta update rate = 4.906787e-07
Epoch 635600 (12.7%): Train pred MSE = 3.304476e-08, Test pred MSE = 1.761546e-02, Param MSE = 1.812079e-01, Grad norm = 8.779689e-07, Beta update rate = 4.900990e-07
Epoch 635800 (12.7%): Train pred MSE = 3.296777e-08, Test pred MSE = 1.761545e-02, Param MSE = 1.812078e-01, Grad norm = 8.769316e-07, Beta update rate = 4.895200e-07
Epoch 636000 (12.7%): Train pred MSE = 3.289096e-08, Test pred MSE = 1.761544e-02, Param MSE = 1.812076e-01, Grad norm = 8.758956e-07, Beta update rate = 4.889417e-07
Epoch 636200 (12.7%): Train pred MSE = 3.281433e-08, Test pred MSE = 1.761543e-02, Param MSE = 1.812075e-01, Grad norm = 8.748609e-07, Beta update rate = 4.883640e-07
Epoch 636400 (12.7%): Train pred MSE = 3.273788e-08, Test pred MSE = 1.761542e-02, Param MSE = 1.812074e-01, Grad norm = 8.738274e-07, Beta update rate = 4.877871e-07
Epoch 636600 (12.7%): Train pred MSE = 3.266162e-08, Test pred MSE = 1.761541e-02, Param MSE = 1.812072e-01, Grad norm = 8.727952e-07, Beta update rate = 4.872109e-07
Epoch 636800 (12.7%): Train pred MSE = 3.258553e-08, Test pred MSE = 1.761540e-02, Param MSE = 1.812071e-01, Grad norm = 8.717642e-07, Beta update rate = 4.866354e-07
Epoch 637000 (12.7%): Train pred MSE = 3.250962e-08, Test pred MSE = 1.761539e-02, Param MSE = 1.812069e-01, Grad norm = 8.707345e-07, Beta update rate = 4.860606e-07
Epoch 637200 (12.7%): Train pred MSE = 3.243390e-08, Test pred MSE = 1.761538e-02, Param MSE = 1.812068e-01, Grad norm = 8.697060e-07, Beta update rate = 4.854864e-07
Epoch 637400 (12.7%): Train pred MSE = 3.235835e-08, Test pred MSE = 1.761537e-02, Param MSE = 1.812067e-01, Grad norm = 8.686788e-07, Beta update rate = 4.849130e-07
Epoch 637600 (12.8%): Train pred MSE = 3.228298e-08, Test pred MSE = 1.761536e-02, Param MSE = 1.812065e-01, Grad norm = 8.676528e-07, Beta update rate = 4.843403e-07
Epoch 637800 (12.8%): Train pred MSE = 3.220778e-08, Test pred MSE = 1.761535e-02, Param MSE = 1.812064e-01, Grad norm = 8.666280e-07, Beta update rate = 4.837682e-07
Epoch 638000 (12.8%): Train pred MSE = 3.213277e-08, Test pred MSE = 1.761534e-02, Param MSE = 1.812062e-01, Grad norm = 8.656045e-07, Beta update rate = 4.831969e-07
Epoch 638200 (12.8%): Train pred MSE = 3.205793e-08, Test pred MSE = 1.761534e-02, Param MSE = 1.812061e-01, Grad norm = 8.645823e-07, Beta update rate = 4.826263e-07
Epoch 638400 (12.8%): Train pred MSE = 3.198327e-08, Test pred MSE = 1.761533e-02, Param MSE = 1.812060e-01, Grad norm = 8.635613e-07, Beta update rate = 4.820563e-07
Epoch 638600 (12.8%): Train pred MSE = 3.190879e-08, Test pred MSE = 1.761532e-02, Param MSE = 1.812058e-01, Grad norm = 8.625415e-07, Beta update rate = 4.814870e-07
Epoch 638800 (12.8%): Train pred MSE = 3.183448e-08, Test pred MSE = 1.761531e-02, Param MSE = 1.812057e-01, Grad norm = 8.615230e-07, Beta update rate = 4.809185e-07
Epoch 639000 (12.8%): Train pred MSE = 3.176034e-08, Test pred MSE = 1.761530e-02, Param MSE = 1.812056e-01, Grad norm = 8.605057e-07, Beta update rate = 4.803506e-07
Epoch 639200 (12.8%): Train pred MSE = 3.168638e-08, Test pred MSE = 1.761529e-02, Param MSE = 1.812054e-01, Grad norm = 8.594896e-07, Beta update rate = 4.797834e-07
Epoch 639400 (12.8%): Train pred MSE = 3.161260e-08, Test pred MSE = 1.761528e-02, Param MSE = 1.812053e-01, Grad norm = 8.584748e-07, Beta update rate = 4.792169e-07
Epoch 639600 (12.8%): Train pred MSE = 3.153899e-08, Test pred MSE = 1.761527e-02, Param MSE = 1.812051e-01, Grad norm = 8.574612e-07, Beta update rate = 4.786511e-07
Epoch 639800 (12.8%): Train pred MSE = 3.146555e-08, Test pred MSE = 1.761526e-02, Param MSE = 1.812050e-01, Grad norm = 8.564488e-07, Beta update rate = 4.780860e-07
Epoch 640000 (12.8%): Train pred MSE = 3.139229e-08, Test pred MSE = 1.761525e-02, Param MSE = 1.812049e-01, Grad norm = 8.554377e-07, Beta update rate = 4.775215e-07
Epoch 640200 (12.8%): Train pred MSE = 3.131920e-08, Test pred MSE = 1.761525e-02, Param MSE = 1.812047e-01, Grad norm = 8.544277e-07, Beta update rate = 4.769578e-07
Epoch 640400 (12.8%): Train pred MSE = 3.124628e-08, Test pred MSE = 1.761524e-02, Param MSE = 1.812046e-01, Grad norm = 8.534191e-07, Beta update rate = 4.763947e-07
Epoch 640600 (12.8%): Train pred MSE = 3.117353e-08, Test pred MSE = 1.761523e-02, Param MSE = 1.812045e-01, Grad norm = 8.524116e-07, Beta update rate = 4.758323e-07
Epoch 640800 (12.8%): Train pred MSE = 3.110096e-08, Test pred MSE = 1.761522e-02, Param MSE = 1.812043e-01, Grad norm = 8.514053e-07, Beta update rate = 4.752706e-07
Epoch 641000 (12.8%): Train pred MSE = 3.102856e-08, Test pred MSE = 1.761521e-02, Param MSE = 1.812042e-01, Grad norm = 8.504003e-07, Beta update rate = 4.747096e-07
Epoch 641200 (12.8%): Train pred MSE = 3.095633e-08, Test pred MSE = 1.761520e-02, Param MSE = 1.812041e-01, Grad norm = 8.493965e-07, Beta update rate = 4.741492e-07
Epoch 641400 (12.8%): Train pred MSE = 3.088426e-08, Test pred MSE = 1.761519e-02, Param MSE = 1.812039e-01, Grad norm = 8.483939e-07, Beta update rate = 4.735895e-07
Epoch 641600 (12.8%): Train pred MSE = 3.081237e-08, Test pred MSE = 1.761518e-02, Param MSE = 1.812038e-01, Grad norm = 8.473925e-07, Beta update rate = 4.730306e-07
Epoch 641800 (12.8%): Train pred MSE = 3.074065e-08, Test pred MSE = 1.761517e-02, Param MSE = 1.812036e-01, Grad norm = 8.463924e-07, Beta update rate = 4.724722e-07
Epoch 642000 (12.8%): Train pred MSE = 3.066910e-08, Test pred MSE = 1.761517e-02, Param MSE = 1.812035e-01, Grad norm = 8.453934e-07, Beta update rate = 4.719146e-07
Epoch 642200 (12.8%): Train pred MSE = 3.059771e-08, Test pred MSE = 1.761516e-02, Param MSE = 1.812034e-01, Grad norm = 8.443957e-07, Beta update rate = 4.713577e-07
Epoch 642400 (12.8%): Train pred MSE = 3.052650e-08, Test pred MSE = 1.761515e-02, Param MSE = 1.812032e-01, Grad norm = 8.433991e-07, Beta update rate = 4.708014e-07
Epoch 642600 (12.9%): Train pred MSE = 3.045545e-08, Test pred MSE = 1.761514e-02, Param MSE = 1.812031e-01, Grad norm = 8.424038e-07, Beta update rate = 4.702458e-07
Epoch 642800 (12.9%): Train pred MSE = 3.038457e-08, Test pred MSE = 1.761513e-02, Param MSE = 1.812030e-01, Grad norm = 8.414097e-07, Beta update rate = 4.696908e-07
Epoch 643000 (12.9%): Train pred MSE = 3.031386e-08, Test pred MSE = 1.761512e-02, Param MSE = 1.812028e-01, Grad norm = 8.404168e-07, Beta update rate = 4.691366e-07
Epoch 643200 (12.9%): Train pred MSE = 3.024331e-08, Test pred MSE = 1.761511e-02, Param MSE = 1.812027e-01, Grad norm = 8.394251e-07, Beta update rate = 4.685830e-07
Epoch 643400 (12.9%): Train pred MSE = 3.017293e-08, Test pred MSE = 1.761510e-02, Param MSE = 1.812026e-01, Grad norm = 8.384346e-07, Beta update rate = 4.680301e-07
Epoch 643600 (12.9%): Train pred MSE = 3.010272e-08, Test pred MSE = 1.761509e-02, Param MSE = 1.812024e-01, Grad norm = 8.374453e-07, Beta update rate = 4.674778e-07
Epoch 643800 (12.9%): Train pred MSE = 3.003267e-08, Test pred MSE = 1.761509e-02, Param MSE = 1.812023e-01, Grad norm = 8.364572e-07, Beta update rate = 4.669263e-07
Epoch 644000 (12.9%): Train pred MSE = 2.996279e-08, Test pred MSE = 1.761508e-02, Param MSE = 1.812022e-01, Grad norm = 8.354703e-07, Beta update rate = 4.663754e-07
Epoch 644200 (12.9%): Train pred MSE = 2.989307e-08, Test pred MSE = 1.761507e-02, Param MSE = 1.812020e-01, Grad norm = 8.344846e-07, Beta update rate = 4.658251e-07
Epoch 644400 (12.9%): Train pred MSE = 2.982351e-08, Test pred MSE = 1.761506e-02, Param MSE = 1.812019e-01, Grad norm = 8.335000e-07, Beta update rate = 4.652756e-07
Epoch 644600 (12.9%): Train pred MSE = 2.975413e-08, Test pred MSE = 1.761505e-02, Param MSE = 1.812018e-01, Grad norm = 8.325167e-07, Beta update rate = 4.647267e-07
Epoch 644800 (12.9%): Train pred MSE = 2.968490e-08, Test pred MSE = 1.761504e-02, Param MSE = 1.812016e-01, Grad norm = 8.315346e-07, Beta update rate = 4.641784e-07
Epoch 645000 (12.9%): Train pred MSE = 2.961584e-08, Test pred MSE = 1.761503e-02, Param MSE = 1.812015e-01, Grad norm = 8.305536e-07, Beta update rate = 4.636308e-07
Epoch 645200 (12.9%): Train pred MSE = 2.954694e-08, Test pred MSE = 1.761502e-02, Param MSE = 1.812014e-01, Grad norm = 8.295739e-07, Beta update rate = 4.630839e-07
Epoch 645400 (12.9%): Train pred MSE = 2.947820e-08, Test pred MSE = 1.761502e-02, Param MSE = 1.812012e-01, Grad norm = 8.285953e-07, Beta update rate = 4.625377e-07
Epoch 645600 (12.9%): Train pred MSE = 2.940962e-08, Test pred MSE = 1.761501e-02, Param MSE = 1.812011e-01, Grad norm = 8.276179e-07, Beta update rate = 4.619921e-07
Epoch 645800 (12.9%): Train pred MSE = 2.934121e-08, Test pred MSE = 1.761500e-02, Param MSE = 1.812010e-01, Grad norm = 8.266417e-07, Beta update rate = 4.614472e-07
Epoch 646000 (12.9%): Train pred MSE = 2.927296e-08, Test pred MSE = 1.761499e-02, Param MSE = 1.812009e-01, Grad norm = 8.256667e-07, Beta update rate = 4.609029e-07
Epoch 646200 (12.9%): Train pred MSE = 2.920487e-08, Test pred MSE = 1.761498e-02, Param MSE = 1.812007e-01, Grad norm = 8.246929e-07, Beta update rate = 4.603593e-07
Epoch 646400 (12.9%): Train pred MSE = 2.913693e-08, Test pred MSE = 1.761497e-02, Param MSE = 1.812006e-01, Grad norm = 8.237202e-07, Beta update rate = 4.598164e-07
Epoch 646600 (12.9%): Train pred MSE = 2.906916e-08, Test pred MSE = 1.761496e-02, Param MSE = 1.812005e-01, Grad norm = 8.227487e-07, Beta update rate = 4.592741e-07
Epoch 646800 (12.9%): Train pred MSE = 2.900155e-08, Test pred MSE = 1.761496e-02, Param MSE = 1.812003e-01, Grad norm = 8.217784e-07, Beta update rate = 4.587325e-07
Epoch 647000 (12.9%): Train pred MSE = 2.893410e-08, Test pred MSE = 1.761495e-02, Param MSE = 1.812002e-01, Grad norm = 8.208093e-07, Beta update rate = 4.581915e-07
Epoch 647200 (12.9%): Train pred MSE = 2.886681e-08, Test pred MSE = 1.761494e-02, Param MSE = 1.812001e-01, Grad norm = 8.198414e-07, Beta update rate = 4.576512e-07
Epoch 647400 (12.9%): Train pred MSE = 2.879967e-08, Test pred MSE = 1.761493e-02, Param MSE = 1.811999e-01, Grad norm = 8.188746e-07, Beta update rate = 4.571115e-07
Epoch 647600 (13.0%): Train pred MSE = 2.873270e-08, Test pred MSE = 1.761492e-02, Param MSE = 1.811998e-01, Grad norm = 8.179090e-07, Beta update rate = 4.565725e-07
Epoch 647800 (13.0%): Train pred MSE = 2.866588e-08, Test pred MSE = 1.761491e-02, Param MSE = 1.811997e-01, Grad norm = 8.169445e-07, Beta update rate = 4.560341e-07
Epoch 648000 (13.0%): Train pred MSE = 2.859922e-08, Test pred MSE = 1.761490e-02, Param MSE = 1.811996e-01, Grad norm = 8.159813e-07, Beta update rate = 4.554964e-07
Epoch 648200 (13.0%): Train pred MSE = 2.853272e-08, Test pred MSE = 1.761490e-02, Param MSE = 1.811994e-01, Grad norm = 8.150192e-07, Beta update rate = 4.549594e-07
Epoch 648400 (13.0%): Train pred MSE = 2.846637e-08, Test pred MSE = 1.761489e-02, Param MSE = 1.811993e-01, Grad norm = 8.140582e-07, Beta update rate = 4.544230e-07
Epoch 648600 (13.0%): Train pred MSE = 2.840018e-08, Test pred MSE = 1.761488e-02, Param MSE = 1.811992e-01, Grad norm = 8.130984e-07, Beta update rate = 4.538872e-07
Epoch 648800 (13.0%): Train pred MSE = 2.833414e-08, Test pred MSE = 1.761487e-02, Param MSE = 1.811990e-01, Grad norm = 8.121398e-07, Beta update rate = 4.533521e-07
Epoch 649000 (13.0%): Train pred MSE = 2.826827e-08, Test pred MSE = 1.761486e-02, Param MSE = 1.811989e-01, Grad norm = 8.111824e-07, Beta update rate = 4.528177e-07
Epoch 649200 (13.0%): Train pred MSE = 2.820254e-08, Test pred MSE = 1.761485e-02, Param MSE = 1.811988e-01, Grad norm = 8.102261e-07, Beta update rate = 4.522839e-07
Epoch 649400 (13.0%): Train pred MSE = 2.813697e-08, Test pred MSE = 1.761485e-02, Param MSE = 1.811986e-01, Grad norm = 8.092709e-07, Beta update rate = 4.517507e-07
Epoch 649600 (13.0%): Train pred MSE = 2.807156e-08, Test pred MSE = 1.761484e-02, Param MSE = 1.811985e-01, Grad norm = 8.083169e-07, Beta update rate = 4.512182e-07
Epoch 649800 (13.0%): Train pred MSE = 2.800630e-08, Test pred MSE = 1.761483e-02, Param MSE = 1.811984e-01, Grad norm = 8.073641e-07, Beta update rate = 4.506863e-07
Epoch 650000 (13.0%): Train pred MSE = 2.794119e-08, Test pred MSE = 1.761482e-02, Param MSE = 1.811983e-01, Grad norm = 8.064124e-07, Beta update rate = 4.501551e-07
Epoch 650200 (13.0%): Train pred MSE = 2.787624e-08, Test pred MSE = 1.761481e-02, Param MSE = 1.811981e-01, Grad norm = 8.054619e-07, Beta update rate = 4.496245e-07
Epoch 650400 (13.0%): Train pred MSE = 2.781144e-08, Test pred MSE = 1.761480e-02, Param MSE = 1.811980e-01, Grad norm = 8.045125e-07, Beta update rate = 4.490946e-07
Epoch 650600 (13.0%): Train pred MSE = 2.774679e-08, Test pred MSE = 1.761480e-02, Param MSE = 1.811979e-01, Grad norm = 8.035643e-07, Beta update rate = 4.485653e-07
Epoch 650800 (13.0%): Train pred MSE = 2.768230e-08, Test pred MSE = 1.761479e-02, Param MSE = 1.811978e-01, Grad norm = 8.026172e-07, Beta update rate = 4.480366e-07
Epoch 651000 (13.0%): Train pred MSE = 2.761796e-08, Test pred MSE = 1.761478e-02, Param MSE = 1.811976e-01, Grad norm = 8.016713e-07, Beta update rate = 4.475086e-07
Epoch 651200 (13.0%): Train pred MSE = 2.755376e-08, Test pred MSE = 1.761477e-02, Param MSE = 1.811975e-01, Grad norm = 8.007265e-07, Beta update rate = 4.469812e-07
Epoch 651400 (13.0%): Train pred MSE = 2.748972e-08, Test pred MSE = 1.761476e-02, Param MSE = 1.811974e-01, Grad norm = 7.997829e-07, Beta update rate = 4.464545e-07
Epoch 651600 (13.0%): Train pred MSE = 2.742583e-08, Test pred MSE = 1.761475e-02, Param MSE = 1.811972e-01, Grad norm = 7.988404e-07, Beta update rate = 4.459284e-07
Epoch 651800 (13.0%): Train pred MSE = 2.736210e-08, Test pred MSE = 1.761475e-02, Param MSE = 1.811971e-01, Grad norm = 7.978990e-07, Beta update rate = 4.454029e-07
Epoch 652000 (13.0%): Train pred MSE = 2.729851e-08, Test pred MSE = 1.761474e-02, Param MSE = 1.811970e-01, Grad norm = 7.969588e-07, Beta update rate = 4.448781e-07
Epoch 652200 (13.0%): Train pred MSE = 2.723507e-08, Test pred MSE = 1.761473e-02, Param MSE = 1.811969e-01, Grad norm = 7.960197e-07, Beta update rate = 4.443539e-07
Epoch 652400 (13.0%): Train pred MSE = 2.717178e-08, Test pred MSE = 1.761472e-02, Param MSE = 1.811967e-01, Grad norm = 7.950818e-07, Beta update rate = 4.438303e-07
Epoch 652600 (13.1%): Train pred MSE = 2.710864e-08, Test pred MSE = 1.761471e-02, Param MSE = 1.811966e-01, Grad norm = 7.941450e-07, Beta update rate = 4.433074e-07
Epoch 652800 (13.1%): Train pred MSE = 2.704565e-08, Test pred MSE = 1.761470e-02, Param MSE = 1.811965e-01, Grad norm = 7.932093e-07, Beta update rate = 4.427851e-07
Epoch 653000 (13.1%): Train pred MSE = 2.698280e-08, Test pred MSE = 1.761470e-02, Param MSE = 1.811964e-01, Grad norm = 7.922747e-07, Beta update rate = 4.422635e-07
Epoch 653200 (13.1%): Train pred MSE = 2.692011e-08, Test pred MSE = 1.761469e-02, Param MSE = 1.811962e-01, Grad norm = 7.913413e-07, Beta update rate = 4.417424e-07
Epoch 653400 (13.1%): Train pred MSE = 2.685756e-08, Test pred MSE = 1.761468e-02, Param MSE = 1.811961e-01, Grad norm = 7.904090e-07, Beta update rate = 4.412220e-07
Epoch 653600 (13.1%): Train pred MSE = 2.679516e-08, Test pred MSE = 1.761467e-02, Param MSE = 1.811960e-01, Grad norm = 7.894779e-07, Beta update rate = 4.407023e-07
Epoch 653800 (13.1%): Train pred MSE = 2.673291e-08, Test pred MSE = 1.761466e-02, Param MSE = 1.811959e-01, Grad norm = 7.885478e-07, Beta update rate = 4.401831e-07
Epoch 654000 (13.1%): Train pred MSE = 2.667080e-08, Test pred MSE = 1.761466e-02, Param MSE = 1.811957e-01, Grad norm = 7.876189e-07, Beta update rate = 4.396646e-07
Epoch 654200 (13.1%): Train pred MSE = 2.660884e-08, Test pred MSE = 1.761465e-02, Param MSE = 1.811956e-01, Grad norm = 7.866911e-07, Beta update rate = 4.391467e-07
Epoch 654400 (13.1%): Train pred MSE = 2.654702e-08, Test pred MSE = 1.761464e-02, Param MSE = 1.811955e-01, Grad norm = 7.857645e-07, Beta update rate = 4.386295e-07
Epoch 654600 (13.1%): Train pred MSE = 2.648535e-08, Test pred MSE = 1.761463e-02, Param MSE = 1.811954e-01, Grad norm = 7.848389e-07, Beta update rate = 4.381129e-07
Epoch 654800 (13.1%): Train pred MSE = 2.642383e-08, Test pred MSE = 1.761462e-02, Param MSE = 1.811952e-01, Grad norm = 7.839145e-07, Beta update rate = 4.375968e-07
Epoch 655000 (13.1%): Train pred MSE = 2.636245e-08, Test pred MSE = 1.761461e-02, Param MSE = 1.811951e-01, Grad norm = 7.829912e-07, Beta update rate = 4.370815e-07
Epoch 655200 (13.1%): Train pred MSE = 2.630122e-08, Test pred MSE = 1.761461e-02, Param MSE = 1.811950e-01, Grad norm = 7.820690e-07, Beta update rate = 4.365667e-07
Epoch 655400 (13.1%): Train pred MSE = 2.624012e-08, Test pred MSE = 1.761460e-02, Param MSE = 1.811949e-01, Grad norm = 7.811479e-07, Beta update rate = 4.360526e-07
Epoch 655600 (13.1%): Train pred MSE = 2.617918e-08, Test pred MSE = 1.761459e-02, Param MSE = 1.811948e-01, Grad norm = 7.802280e-07, Beta update rate = 4.355391e-07
Epoch 655800 (13.1%): Train pred MSE = 2.611837e-08, Test pred MSE = 1.761458e-02, Param MSE = 1.811946e-01, Grad norm = 7.793091e-07, Beta update rate = 4.350262e-07
Epoch 656000 (13.1%): Train pred MSE = 2.605771e-08, Test pred MSE = 1.761457e-02, Param MSE = 1.811945e-01, Grad norm = 7.783914e-07, Beta update rate = 4.345139e-07
Epoch 656200 (13.1%): Train pred MSE = 2.599720e-08, Test pred MSE = 1.761457e-02, Param MSE = 1.811944e-01, Grad norm = 7.774748e-07, Beta update rate = 4.340022e-07
Epoch 656400 (13.1%): Train pred MSE = 2.593682e-08, Test pred MSE = 1.761456e-02, Param MSE = 1.811943e-01, Grad norm = 7.765592e-07, Beta update rate = 4.334912e-07
Epoch 656600 (13.1%): Train pred MSE = 2.587659e-08, Test pred MSE = 1.761455e-02, Param MSE = 1.811941e-01, Grad norm = 7.756448e-07, Beta update rate = 4.329808e-07
Epoch 656800 (13.1%): Train pred MSE = 2.581650e-08, Test pred MSE = 1.761454e-02, Param MSE = 1.811940e-01, Grad norm = 7.747315e-07, Beta update rate = 4.324710e-07
Epoch 657000 (13.1%): Train pred MSE = 2.575655e-08, Test pred MSE = 1.761453e-02, Param MSE = 1.811939e-01, Grad norm = 7.738193e-07, Beta update rate = 4.319618e-07
Epoch 657200 (13.1%): Train pred MSE = 2.569674e-08, Test pred MSE = 1.761453e-02, Param MSE = 1.811938e-01, Grad norm = 7.729082e-07, Beta update rate = 4.314533e-07
Epoch 657400 (13.1%): Train pred MSE = 2.563707e-08, Test pred MSE = 1.761452e-02, Param MSE = 1.811937e-01, Grad norm = 7.719982e-07, Beta update rate = 4.309453e-07
Epoch 657600 (13.2%): Train pred MSE = 2.557754e-08, Test pred MSE = 1.761451e-02, Param MSE = 1.811935e-01, Grad norm = 7.710893e-07, Beta update rate = 4.304380e-07
Epoch 657800 (13.2%): Train pred MSE = 2.551816e-08, Test pred MSE = 1.761450e-02, Param MSE = 1.811934e-01, Grad norm = 7.701815e-07, Beta update rate = 4.299312e-07
Epoch 658000 (13.2%): Train pred MSE = 2.545891e-08, Test pred MSE = 1.761449e-02, Param MSE = 1.811933e-01, Grad norm = 7.692748e-07, Beta update rate = 4.294251e-07
Epoch 658200 (13.2%): Train pred MSE = 2.539980e-08, Test pred MSE = 1.761449e-02, Param MSE = 1.811932e-01, Grad norm = 7.683692e-07, Beta update rate = 4.289196e-07
Epoch 658400 (13.2%): Train pred MSE = 2.534083e-08, Test pred MSE = 1.761448e-02, Param MSE = 1.811931e-01, Grad norm = 7.674647e-07, Beta update rate = 4.284148e-07
Epoch 658600 (13.2%): Train pred MSE = 2.528200e-08, Test pred MSE = 1.761447e-02, Param MSE = 1.811929e-01, Grad norm = 7.665612e-07, Beta update rate = 4.279105e-07
Epoch 658800 (13.2%): Train pred MSE = 2.522331e-08, Test pred MSE = 1.761446e-02, Param MSE = 1.811928e-01, Grad norm = 7.656589e-07, Beta update rate = 4.274068e-07
Epoch 659000 (13.2%): Train pred MSE = 2.516476e-08, Test pred MSE = 1.761445e-02, Param MSE = 1.811927e-01, Grad norm = 7.647577e-07, Beta update rate = 4.269038e-07
Epoch 659200 (13.2%): Train pred MSE = 2.510634e-08, Test pred MSE = 1.761445e-02, Param MSE = 1.811926e-01, Grad norm = 7.638575e-07, Beta update rate = 4.264013e-07
Epoch 659400 (13.2%): Train pred MSE = 2.504806e-08, Test pred MSE = 1.761444e-02, Param MSE = 1.811924e-01, Grad norm = 7.629585e-07, Beta update rate = 4.258995e-07
Epoch 659600 (13.2%): Train pred MSE = 2.498992e-08, Test pred MSE = 1.761443e-02, Param MSE = 1.811923e-01, Grad norm = 7.620605e-07, Beta update rate = 4.253982e-07
Epoch 659800 (13.2%): Train pred MSE = 2.493191e-08, Test pred MSE = 1.761442e-02, Param MSE = 1.811922e-01, Grad norm = 7.611636e-07, Beta update rate = 4.248976e-07
Epoch 660000 (13.2%): Train pred MSE = 2.487405e-08, Test pred MSE = 1.761442e-02, Param MSE = 1.811921e-01, Grad norm = 7.602678e-07, Beta update rate = 4.243976e-07
Epoch 660200 (13.2%): Train pred MSE = 2.481631e-08, Test pred MSE = 1.761441e-02, Param MSE = 1.811920e-01, Grad norm = 7.593730e-07, Beta update rate = 4.238982e-07
Epoch 660400 (13.2%): Train pred MSE = 2.475872e-08, Test pred MSE = 1.761440e-02, Param MSE = 1.811919e-01, Grad norm = 7.584794e-07, Beta update rate = 4.233993e-07
Epoch 660600 (13.2%): Train pred MSE = 2.470126e-08, Test pred MSE = 1.761439e-02, Param MSE = 1.811917e-01, Grad norm = 7.575868e-07, Beta update rate = 4.229011e-07
Epoch 660800 (13.2%): Train pred MSE = 2.464393e-08, Test pred MSE = 1.761438e-02, Param MSE = 1.811916e-01, Grad norm = 7.566953e-07, Beta update rate = 4.224035e-07
Epoch 661000 (13.2%): Train pred MSE = 2.458674e-08, Test pred MSE = 1.761438e-02, Param MSE = 1.811915e-01, Grad norm = 7.558049e-07, Beta update rate = 4.219065e-07
Epoch 661200 (13.2%): Train pred MSE = 2.452968e-08, Test pred MSE = 1.761437e-02, Param MSE = 1.811914e-01, Grad norm = 7.549156e-07, Beta update rate = 4.214101e-07
Epoch 661400 (13.2%): Train pred MSE = 2.447276e-08, Test pred MSE = 1.761436e-02, Param MSE = 1.811913e-01, Grad norm = 7.540273e-07, Beta update rate = 4.209143e-07
Epoch 661600 (13.2%): Train pred MSE = 2.441597e-08, Test pred MSE = 1.761435e-02, Param MSE = 1.811911e-01, Grad norm = 7.531401e-07, Beta update rate = 4.204191e-07
Epoch 661800 (13.2%): Train pred MSE = 2.435932e-08, Test pred MSE = 1.761435e-02, Param MSE = 1.811910e-01, Grad norm = 7.522540e-07, Beta update rate = 4.199245e-07
Epoch 662000 (13.2%): Train pred MSE = 2.430280e-08, Test pred MSE = 1.761434e-02, Param MSE = 1.811909e-01, Grad norm = 7.513690e-07, Beta update rate = 4.194304e-07
Epoch 662200 (13.2%): Train pred MSE = 2.424641e-08, Test pred MSE = 1.761433e-02, Param MSE = 1.811908e-01, Grad norm = 7.504850e-07, Beta update rate = 4.189370e-07
Epoch 662400 (13.2%): Train pred MSE = 2.419015e-08, Test pred MSE = 1.761432e-02, Param MSE = 1.811907e-01, Grad norm = 7.496021e-07, Beta update rate = 4.184442e-07
Epoch 662600 (13.3%): Train pred MSE = 2.413403e-08, Test pred MSE = 1.761431e-02, Param MSE = 1.811905e-01, Grad norm = 7.487202e-07, Beta update rate = 4.179520e-07
Epoch 662800 (13.3%): Train pred MSE = 2.407804e-08, Test pred MSE = 1.761431e-02, Param MSE = 1.811904e-01, Grad norm = 7.478394e-07, Beta update rate = 4.174603e-07
Epoch 663000 (13.3%): Train pred MSE = 2.402218e-08, Test pred MSE = 1.761430e-02, Param MSE = 1.811903e-01, Grad norm = 7.469597e-07, Beta update rate = 4.169693e-07
Epoch 663200 (13.3%): Train pred MSE = 2.396645e-08, Test pred MSE = 1.761429e-02, Param MSE = 1.811902e-01, Grad norm = 7.460811e-07, Beta update rate = 4.164789e-07
Epoch 663400 (13.3%): Train pred MSE = 2.391085e-08, Test pred MSE = 1.761428e-02, Param MSE = 1.811901e-01, Grad norm = 7.452035e-07, Beta update rate = 4.159890e-07
Epoch 663600 (13.3%): Train pred MSE = 2.385538e-08, Test pred MSE = 1.761428e-02, Param MSE = 1.811900e-01, Grad norm = 7.443269e-07, Beta update rate = 4.154997e-07
Epoch 663800 (13.3%): Train pred MSE = 2.380005e-08, Test pred MSE = 1.761427e-02, Param MSE = 1.811898e-01, Grad norm = 7.434515e-07, Beta update rate = 4.150111e-07
Epoch 664000 (13.3%): Train pred MSE = 2.374484e-08, Test pred MSE = 1.761426e-02, Param MSE = 1.811897e-01, Grad norm = 7.425770e-07, Beta update rate = 4.145230e-07
Epoch 664200 (13.3%): Train pred MSE = 2.368976e-08, Test pred MSE = 1.761425e-02, Param MSE = 1.811896e-01, Grad norm = 7.417037e-07, Beta update rate = 4.140355e-07
Epoch 664400 (13.3%): Train pred MSE = 2.363482e-08, Test pred MSE = 1.761425e-02, Param MSE = 1.811895e-01, Grad norm = 7.408314e-07, Beta update rate = 4.135486e-07
Epoch 664600 (13.3%): Train pred MSE = 2.358000e-08, Test pred MSE = 1.761424e-02, Param MSE = 1.811894e-01, Grad norm = 7.399601e-07, Beta update rate = 4.130623e-07
Epoch 664800 (13.3%): Train pred MSE = 2.352531e-08, Test pred MSE = 1.761423e-02, Param MSE = 1.811893e-01, Grad norm = 7.390899e-07, Beta update rate = 4.125766e-07
Epoch 665000 (13.3%): Train pred MSE = 2.347075e-08, Test pred MSE = 1.761422e-02, Param MSE = 1.811892e-01, Grad norm = 7.382207e-07, Beta update rate = 4.120914e-07
Epoch 665200 (13.3%): Train pred MSE = 2.341632e-08, Test pred MSE = 1.761422e-02, Param MSE = 1.811890e-01, Grad norm = 7.373526e-07, Beta update rate = 4.116069e-07
Epoch 665400 (13.3%): Train pred MSE = 2.336201e-08, Test pred MSE = 1.761421e-02, Param MSE = 1.811889e-01, Grad norm = 7.364856e-07, Beta update rate = 4.111229e-07
Epoch 665600 (13.3%): Train pred MSE = 2.330783e-08, Test pred MSE = 1.761420e-02, Param MSE = 1.811888e-01, Grad norm = 7.356196e-07, Beta update rate = 4.106395e-07
Epoch 665800 (13.3%): Train pred MSE = 2.325378e-08, Test pred MSE = 1.761419e-02, Param MSE = 1.811887e-01, Grad norm = 7.347546e-07, Beta update rate = 4.101567e-07
Epoch 666000 (13.3%): Train pred MSE = 2.319986e-08, Test pred MSE = 1.761419e-02, Param MSE = 1.811886e-01, Grad norm = 7.338907e-07, Beta update rate = 4.096745e-07
Epoch 666200 (13.3%): Train pred MSE = 2.314607e-08, Test pred MSE = 1.761418e-02, Param MSE = 1.811885e-01, Grad norm = 7.330278e-07, Beta update rate = 4.091929e-07
Epoch 666400 (13.3%): Train pred MSE = 2.309240e-08, Test pred MSE = 1.761417e-02, Param MSE = 1.811883e-01, Grad norm = 7.321659e-07, Beta update rate = 4.087118e-07
Epoch 666600 (13.3%): Train pred MSE = 2.303885e-08, Test pred MSE = 1.761416e-02, Param MSE = 1.811882e-01, Grad norm = 7.313051e-07, Beta update rate = 4.082313e-07
Epoch 666800 (13.3%): Train pred MSE = 2.298544e-08, Test pred MSE = 1.761416e-02, Param MSE = 1.811881e-01, Grad norm = 7.304454e-07, Beta update rate = 4.077515e-07
Epoch 667000 (13.3%): Train pred MSE = 2.293214e-08, Test pred MSE = 1.761415e-02, Param MSE = 1.811880e-01, Grad norm = 7.295867e-07, Beta update rate = 4.072721e-07
Epoch 667200 (13.3%): Train pred MSE = 2.287898e-08, Test pred MSE = 1.761414e-02, Param MSE = 1.811879e-01, Grad norm = 7.287290e-07, Beta update rate = 4.067934e-07
Epoch 667400 (13.3%): Train pred MSE = 2.282594e-08, Test pred MSE = 1.761413e-02, Param MSE = 1.811878e-01, Grad norm = 7.278723e-07, Beta update rate = 4.063152e-07
Epoch 667600 (13.4%): Train pred MSE = 2.277302e-08, Test pred MSE = 1.761413e-02, Param MSE = 1.811877e-01, Grad norm = 7.270167e-07, Beta update rate = 4.058377e-07
Epoch 667800 (13.4%): Train pred MSE = 2.272023e-08, Test pred MSE = 1.761412e-02, Param MSE = 1.811875e-01, Grad norm = 7.261621e-07, Beta update rate = 4.053607e-07
Epoch 668000 (13.4%): Train pred MSE = 2.266756e-08, Test pred MSE = 1.761411e-02, Param MSE = 1.811874e-01, Grad norm = 7.253085e-07, Beta update rate = 4.048842e-07
Epoch 668200 (13.4%): Train pred MSE = 2.261501e-08, Test pred MSE = 1.761410e-02, Param MSE = 1.811873e-01, Grad norm = 7.244560e-07, Beta update rate = 4.044084e-07
Epoch 668400 (13.4%): Train pred MSE = 2.256259e-08, Test pred MSE = 1.761410e-02, Param MSE = 1.811872e-01, Grad norm = 7.236045e-07, Beta update rate = 4.039331e-07
Epoch 668600 (13.4%): Train pred MSE = 2.251029e-08, Test pred MSE = 1.761409e-02, Param MSE = 1.811871e-01, Grad norm = 7.227540e-07, Beta update rate = 4.034584e-07
Epoch 668800 (13.4%): Train pred MSE = 2.245812e-08, Test pred MSE = 1.761408e-02, Param MSE = 1.811870e-01, Grad norm = 7.219046e-07, Beta update rate = 4.029843e-07
Epoch 669000 (13.4%): Train pred MSE = 2.240606e-08, Test pred MSE = 1.761407e-02, Param MSE = 1.811869e-01, Grad norm = 7.210562e-07, Beta update rate = 4.025107e-07
Epoch 669200 (13.4%): Train pred MSE = 2.235413e-08, Test pred MSE = 1.761407e-02, Param MSE = 1.811868e-01, Grad norm = 7.202088e-07, Beta update rate = 4.020377e-07
Epoch 669400 (13.4%): Train pred MSE = 2.230232e-08, Test pred MSE = 1.761406e-02, Param MSE = 1.811866e-01, Grad norm = 7.193624e-07, Beta update rate = 4.015653e-07
Epoch 669600 (13.4%): Train pred MSE = 2.225064e-08, Test pred MSE = 1.761405e-02, Param MSE = 1.811865e-01, Grad norm = 7.185170e-07, Beta update rate = 4.010934e-07
Epoch 669800 (13.4%): Train pred MSE = 2.219907e-08, Test pred MSE = 1.761405e-02, Param MSE = 1.811864e-01, Grad norm = 7.176727e-07, Beta update rate = 4.006222e-07
Epoch 670000 (13.4%): Train pred MSE = 2.214763e-08, Test pred MSE = 1.761404e-02, Param MSE = 1.811863e-01, Grad norm = 7.168294e-07, Beta update rate = 4.001515e-07
Epoch 670200 (13.4%): Train pred MSE = 2.209630e-08, Test pred MSE = 1.761403e-02, Param MSE = 1.811862e-01, Grad norm = 7.159871e-07, Beta update rate = 3.996813e-07
Epoch 670400 (13.4%): Train pred MSE = 2.204510e-08, Test pred MSE = 1.761402e-02, Param MSE = 1.811861e-01, Grad norm = 7.151458e-07, Beta update rate = 3.992117e-07
Epoch 670600 (13.4%): Train pred MSE = 2.199402e-08, Test pred MSE = 1.761402e-02, Param MSE = 1.811860e-01, Grad norm = 7.143055e-07, Beta update rate = 3.987427e-07
Epoch 670800 (13.4%): Train pred MSE = 2.194306e-08, Test pred MSE = 1.761401e-02, Param MSE = 1.811859e-01, Grad norm = 7.134663e-07, Beta update rate = 3.982743e-07
Epoch 671000 (13.4%): Train pred MSE = 2.189221e-08, Test pred MSE = 1.761400e-02, Param MSE = 1.811858e-01, Grad norm = 7.126280e-07, Beta update rate = 3.978064e-07
Epoch 671200 (13.4%): Train pred MSE = 2.184149e-08, Test pred MSE = 1.761399e-02, Param MSE = 1.811856e-01, Grad norm = 7.117908e-07, Beta update rate = 3.973391e-07
Epoch 671400 (13.4%): Train pred MSE = 2.179088e-08, Test pred MSE = 1.761399e-02, Param MSE = 1.811855e-01, Grad norm = 7.109545e-07, Beta update rate = 3.968723e-07
Epoch 671600 (13.4%): Train pred MSE = 2.174040e-08, Test pred MSE = 1.761398e-02, Param MSE = 1.811854e-01, Grad norm = 7.101193e-07, Beta update rate = 3.964062e-07
Epoch 671800 (13.4%): Train pred MSE = 2.169003e-08, Test pred MSE = 1.761397e-02, Param MSE = 1.811853e-01, Grad norm = 7.092851e-07, Beta update rate = 3.959405e-07
Epoch 672000 (13.4%): Train pred MSE = 2.163978e-08, Test pred MSE = 1.761397e-02, Param MSE = 1.811852e-01, Grad norm = 7.084519e-07, Beta update rate = 3.954755e-07
Epoch 672200 (13.4%): Train pred MSE = 2.158965e-08, Test pred MSE = 1.761396e-02, Param MSE = 1.811851e-01, Grad norm = 7.076197e-07, Beta update rate = 3.950110e-07
Epoch 672400 (13.4%): Train pred MSE = 2.153964e-08, Test pred MSE = 1.761395e-02, Param MSE = 1.811850e-01, Grad norm = 7.067885e-07, Beta update rate = 3.945470e-07
Epoch 672600 (13.5%): Train pred MSE = 2.148974e-08, Test pred MSE = 1.761394e-02, Param MSE = 1.811849e-01, Grad norm = 7.059583e-07, Beta update rate = 3.940836e-07
Epoch 672800 (13.5%): Train pred MSE = 2.143996e-08, Test pred MSE = 1.761394e-02, Param MSE = 1.811848e-01, Grad norm = 7.051291e-07, Beta update rate = 3.936208e-07
Epoch 673000 (13.5%): Train pred MSE = 2.139030e-08, Test pred MSE = 1.761393e-02, Param MSE = 1.811846e-01, Grad norm = 7.043009e-07, Beta update rate = 3.931585e-07
Epoch 673200 (13.5%): Train pred MSE = 2.134076e-08, Test pred MSE = 1.761392e-02, Param MSE = 1.811845e-01, Grad norm = 7.034737e-07, Beta update rate = 3.926968e-07
Epoch 673400 (13.5%): Train pred MSE = 2.129133e-08, Test pred MSE = 1.761392e-02, Param MSE = 1.811844e-01, Grad norm = 7.026475e-07, Beta update rate = 3.922357e-07
Epoch 673600 (13.5%): Train pred MSE = 2.124201e-08, Test pred MSE = 1.761391e-02, Param MSE = 1.811843e-01, Grad norm = 7.018223e-07, Beta update rate = 3.917751e-07
Epoch 673800 (13.5%): Train pred MSE = 2.119282e-08, Test pred MSE = 1.761390e-02, Param MSE = 1.811842e-01, Grad norm = 7.009981e-07, Beta update rate = 3.913150e-07
Epoch 674000 (13.5%): Train pred MSE = 2.114373e-08, Test pred MSE = 1.761389e-02, Param MSE = 1.811841e-01, Grad norm = 7.001749e-07, Beta update rate = 3.908556e-07
Epoch 674200 (13.5%): Train pred MSE = 2.109477e-08, Test pred MSE = 1.761389e-02, Param MSE = 1.811840e-01, Grad norm = 6.993526e-07, Beta update rate = 3.903966e-07
Epoch 674400 (13.5%): Train pred MSE = 2.104592e-08, Test pred MSE = 1.761388e-02, Param MSE = 1.811839e-01, Grad norm = 6.985314e-07, Beta update rate = 3.899382e-07
Epoch 674600 (13.5%): Train pred MSE = 2.099718e-08, Test pred MSE = 1.761387e-02, Param MSE = 1.811838e-01, Grad norm = 6.977112e-07, Beta update rate = 3.894804e-07
Epoch 674800 (13.5%): Train pred MSE = 2.094856e-08, Test pred MSE = 1.761387e-02, Param MSE = 1.811837e-01, Grad norm = 6.968919e-07, Beta update rate = 3.890231e-07
Epoch 675000 (13.5%): Train pred MSE = 2.090005e-08, Test pred MSE = 1.761386e-02, Param MSE = 1.811836e-01, Grad norm = 6.960736e-07, Beta update rate = 3.885664e-07
Epoch 675200 (13.5%): Train pred MSE = 2.085165e-08, Test pred MSE = 1.761385e-02, Param MSE = 1.811835e-01, Grad norm = 6.952563e-07, Beta update rate = 3.881102e-07
Epoch 675400 (13.5%): Train pred MSE = 2.080337e-08, Test pred MSE = 1.761384e-02, Param MSE = 1.811833e-01, Grad norm = 6.944400e-07, Beta update rate = 3.876546e-07
Epoch 675600 (13.5%): Train pred MSE = 2.075521e-08, Test pred MSE = 1.761384e-02, Param MSE = 1.811832e-01, Grad norm = 6.936247e-07, Beta update rate = 3.871996e-07
Epoch 675800 (13.5%): Train pred MSE = 2.070715e-08, Test pred MSE = 1.761383e-02, Param MSE = 1.811831e-01, Grad norm = 6.928104e-07, Beta update rate = 3.867450e-07
Epoch 676000 (13.5%): Train pred MSE = 2.065921e-08, Test pred MSE = 1.761382e-02, Param MSE = 1.811830e-01, Grad norm = 6.919970e-07, Beta update rate = 3.862910e-07
Epoch 676200 (13.5%): Train pred MSE = 2.061138e-08, Test pred MSE = 1.761382e-02, Param MSE = 1.811829e-01, Grad norm = 6.911846e-07, Beta update rate = 3.858376e-07
Epoch 676400 (13.5%): Train pred MSE = 2.056366e-08, Test pred MSE = 1.761381e-02, Param MSE = 1.811828e-01, Grad norm = 6.903732e-07, Beta update rate = 3.853847e-07
Epoch 676600 (13.5%): Train pred MSE = 2.051606e-08, Test pred MSE = 1.761380e-02, Param MSE = 1.811827e-01, Grad norm = 6.895628e-07, Beta update rate = 3.849324e-07
Epoch 676800 (13.5%): Train pred MSE = 2.046856e-08, Test pred MSE = 1.761380e-02, Param MSE = 1.811826e-01, Grad norm = 6.887534e-07, Beta update rate = 3.844806e-07
Epoch 677000 (13.5%): Train pred MSE = 2.042118e-08, Test pred MSE = 1.761379e-02, Param MSE = 1.811825e-01, Grad norm = 6.879449e-07, Beta update rate = 3.840293e-07
Epoch 677200 (13.5%): Train pred MSE = 2.037391e-08, Test pred MSE = 1.761378e-02, Param MSE = 1.811824e-01, Grad norm = 6.871374e-07, Beta update rate = 3.835786e-07
Epoch 677400 (13.5%): Train pred MSE = 2.032675e-08, Test pred MSE = 1.761377e-02, Param MSE = 1.811823e-01, Grad norm = 6.863309e-07, Beta update rate = 3.831285e-07
Epoch 677600 (13.6%): Train pred MSE = 2.027970e-08, Test pred MSE = 1.761377e-02, Param MSE = 1.811822e-01, Grad norm = 6.855253e-07, Beta update rate = 3.826789e-07
Epoch 677800 (13.6%): Train pred MSE = 2.023276e-08, Test pred MSE = 1.761376e-02, Param MSE = 1.811821e-01, Grad norm = 6.847208e-07, Beta update rate = 3.822298e-07
Epoch 678000 (13.6%): Train pred MSE = 2.018593e-08, Test pred MSE = 1.761375e-02, Param MSE = 1.811820e-01, Grad norm = 6.839171e-07, Beta update rate = 3.817812e-07
Epoch 678200 (13.6%): Train pred MSE = 2.013922e-08, Test pred MSE = 1.761375e-02, Param MSE = 1.811818e-01, Grad norm = 6.831145e-07, Beta update rate = 3.813332e-07
Epoch 678400 (13.6%): Train pred MSE = 2.009261e-08, Test pred MSE = 1.761374e-02, Param MSE = 1.811817e-01, Grad norm = 6.823128e-07, Beta update rate = 3.808858e-07
Epoch 678600 (13.6%): Train pred MSE = 2.004611e-08, Test pred MSE = 1.761373e-02, Param MSE = 1.811816e-01, Grad norm = 6.815121e-07, Beta update rate = 3.804389e-07
Epoch 678800 (13.6%): Train pred MSE = 1.999971e-08, Test pred MSE = 1.761373e-02, Param MSE = 1.811815e-01, Grad norm = 6.807124e-07, Beta update rate = 3.799925e-07
Epoch 679000 (13.6%): Train pred MSE = 1.995343e-08, Test pred MSE = 1.761372e-02, Param MSE = 1.811814e-01, Grad norm = 6.799136e-07, Beta update rate = 3.795466e-07
Epoch 679200 (13.6%): Train pred MSE = 1.990726e-08, Test pred MSE = 1.761371e-02, Param MSE = 1.811813e-01, Grad norm = 6.791157e-07, Beta update rate = 3.791013e-07
Epoch 679400 (13.6%): Train pred MSE = 1.986119e-08, Test pred MSE = 1.761371e-02, Param MSE = 1.811812e-01, Grad norm = 6.783189e-07, Beta update rate = 3.786566e-07
Epoch 679600 (13.6%): Train pred MSE = 1.981524e-08, Test pred MSE = 1.761370e-02, Param MSE = 1.811811e-01, Grad norm = 6.775230e-07, Beta update rate = 3.782123e-07
Epoch 679800 (13.6%): Train pred MSE = 1.976939e-08, Test pred MSE = 1.761369e-02, Param MSE = 1.811810e-01, Grad norm = 6.767280e-07, Beta update rate = 3.777686e-07
Epoch 680000 (13.6%): Train pred MSE = 1.972365e-08, Test pred MSE = 1.761369e-02, Param MSE = 1.811809e-01, Grad norm = 6.759340e-07, Beta update rate = 3.773255e-07
Epoch 680200 (13.6%): Train pred MSE = 1.967801e-08, Test pred MSE = 1.761368e-02, Param MSE = 1.811808e-01, Grad norm = 6.751410e-07, Beta update rate = 3.768828e-07
Epoch 680400 (13.6%): Train pred MSE = 1.963248e-08, Test pred MSE = 1.761367e-02, Param MSE = 1.811807e-01, Grad norm = 6.743489e-07, Beta update rate = 3.764407e-07
Epoch 680600 (13.6%): Train pred MSE = 1.958706e-08, Test pred MSE = 1.761367e-02, Param MSE = 1.811806e-01, Grad norm = 6.735578e-07, Beta update rate = 3.759992e-07
Epoch 680800 (13.6%): Train pred MSE = 1.954175e-08, Test pred MSE = 1.761366e-02, Param MSE = 1.811805e-01, Grad norm = 6.727676e-07, Beta update rate = 3.755581e-07
Epoch 681000 (13.6%): Train pred MSE = 1.949654e-08, Test pred MSE = 1.761365e-02, Param MSE = 1.811804e-01, Grad norm = 6.719784e-07, Beta update rate = 3.751176e-07
Epoch 681200 (13.6%): Train pred MSE = 1.945144e-08, Test pred MSE = 1.761364e-02, Param MSE = 1.811803e-01, Grad norm = 6.711901e-07, Beta update rate = 3.746777e-07
Epoch 681400 (13.6%): Train pred MSE = 1.940644e-08, Test pred MSE = 1.761364e-02, Param MSE = 1.811802e-01, Grad norm = 6.704028e-07, Beta update rate = 3.742382e-07
Epoch 681600 (13.6%): Train pred MSE = 1.936155e-08, Test pred MSE = 1.761363e-02, Param MSE = 1.811801e-01, Grad norm = 6.696164e-07, Beta update rate = 3.737993e-07
Epoch 681800 (13.6%): Train pred MSE = 1.931676e-08, Test pred MSE = 1.761362e-02, Param MSE = 1.811800e-01, Grad norm = 6.688310e-07, Beta update rate = 3.733609e-07
Epoch 682000 (13.6%): Train pred MSE = 1.927208e-08, Test pred MSE = 1.761362e-02, Param MSE = 1.811799e-01, Grad norm = 6.680465e-07, Beta update rate = 3.729231e-07
Epoch 682200 (13.6%): Train pred MSE = 1.922751e-08, Test pred MSE = 1.761361e-02, Param MSE = 1.811798e-01, Grad norm = 6.672630e-07, Beta update rate = 3.724857e-07
Epoch 682400 (13.6%): Train pred MSE = 1.918304e-08, Test pred MSE = 1.761360e-02, Param MSE = 1.811796e-01, Grad norm = 6.664804e-07, Beta update rate = 3.720489e-07
Epoch 682600 (13.7%): Train pred MSE = 1.913867e-08, Test pred MSE = 1.761360e-02, Param MSE = 1.811795e-01, Grad norm = 6.656987e-07, Beta update rate = 3.716127e-07
Epoch 682800 (13.7%): Train pred MSE = 1.909441e-08, Test pred MSE = 1.761359e-02, Param MSE = 1.811794e-01, Grad norm = 6.649180e-07, Beta update rate = 3.711769e-07
Epoch 683000 (13.7%): Train pred MSE = 1.905025e-08, Test pred MSE = 1.761358e-02, Param MSE = 1.811793e-01, Grad norm = 6.641382e-07, Beta update rate = 3.707417e-07
Epoch 683200 (13.7%): Train pred MSE = 1.900619e-08, Test pred MSE = 1.761358e-02, Param MSE = 1.811792e-01, Grad norm = 6.633594e-07, Beta update rate = 3.703070e-07
Epoch 683400 (13.7%): Train pred MSE = 1.896224e-08, Test pred MSE = 1.761357e-02, Param MSE = 1.811791e-01, Grad norm = 6.625815e-07, Beta update rate = 3.698728e-07
Epoch 683600 (13.7%): Train pred MSE = 1.891839e-08, Test pred MSE = 1.761356e-02, Param MSE = 1.811790e-01, Grad norm = 6.618045e-07, Beta update rate = 3.694391e-07
Epoch 683800 (13.7%): Train pred MSE = 1.887464e-08, Test pred MSE = 1.761356e-02, Param MSE = 1.811789e-01, Grad norm = 6.610285e-07, Beta update rate = 3.690060e-07
Epoch 684000 (13.7%): Train pred MSE = 1.883100e-08, Test pred MSE = 1.761355e-02, Param MSE = 1.811788e-01, Grad norm = 6.602534e-07, Beta update rate = 3.685734e-07
Epoch 684200 (13.7%): Train pred MSE = 1.878746e-08, Test pred MSE = 1.761354e-02, Param MSE = 1.811787e-01, Grad norm = 6.594792e-07, Beta update rate = 3.681413e-07
Epoch 684400 (13.7%): Train pred MSE = 1.874402e-08, Test pred MSE = 1.761354e-02, Param MSE = 1.811786e-01, Grad norm = 6.587060e-07, Beta update rate = 3.677097e-07
Epoch 684600 (13.7%): Train pred MSE = 1.870068e-08, Test pred MSE = 1.761353e-02, Param MSE = 1.811785e-01, Grad norm = 6.579337e-07, Beta update rate = 3.672787e-07
Epoch 684800 (13.7%): Train pred MSE = 1.865744e-08, Test pred MSE = 1.761352e-02, Param MSE = 1.811784e-01, Grad norm = 6.571623e-07, Beta update rate = 3.668481e-07
Epoch 685000 (13.7%): Train pred MSE = 1.861431e-08, Test pred MSE = 1.761352e-02, Param MSE = 1.811783e-01, Grad norm = 6.563918e-07, Beta update rate = 3.664181e-07
Epoch 685200 (13.7%): Train pred MSE = 1.857127e-08, Test pred MSE = 1.761351e-02, Param MSE = 1.811782e-01, Grad norm = 6.556223e-07, Beta update rate = 3.659886e-07
Epoch 685400 (13.7%): Train pred MSE = 1.852834e-08, Test pred MSE = 1.761350e-02, Param MSE = 1.811781e-01, Grad norm = 6.548537e-07, Beta update rate = 3.655596e-07
Epoch 685600 (13.7%): Train pred MSE = 1.848551e-08, Test pred MSE = 1.761350e-02, Param MSE = 1.811780e-01, Grad norm = 6.540861e-07, Beta update rate = 3.651311e-07
Epoch 685800 (13.7%): Train pred MSE = 1.844277e-08, Test pred MSE = 1.761349e-02, Param MSE = 1.811779e-01, Grad norm = 6.533193e-07, Beta update rate = 3.647032e-07
Epoch 686000 (13.7%): Train pred MSE = 1.840014e-08, Test pred MSE = 1.761349e-02, Param MSE = 1.811778e-01, Grad norm = 6.525535e-07, Beta update rate = 3.642757e-07
Epoch 686200 (13.7%): Train pred MSE = 1.835761e-08, Test pred MSE = 1.761348e-02, Param MSE = 1.811777e-01, Grad norm = 6.517886e-07, Beta update rate = 3.638488e-07
Epoch 686400 (13.7%): Train pred MSE = 1.831518e-08, Test pred MSE = 1.761347e-02, Param MSE = 1.811776e-01, Grad norm = 6.510246e-07, Beta update rate = 3.634224e-07
Epoch 686600 (13.7%): Train pred MSE = 1.827284e-08, Test pred MSE = 1.761347e-02, Param MSE = 1.811775e-01, Grad norm = 6.502615e-07, Beta update rate = 3.629965e-07
Epoch 686800 (13.7%): Train pred MSE = 1.823061e-08, Test pred MSE = 1.761346e-02, Param MSE = 1.811774e-01, Grad norm = 6.494994e-07, Beta update rate = 3.625711e-07
Epoch 687000 (13.7%): Train pred MSE = 1.818847e-08, Test pred MSE = 1.761345e-02, Param MSE = 1.811773e-01, Grad norm = 6.487381e-07, Beta update rate = 3.621463e-07
Epoch 687200 (13.7%): Train pred MSE = 1.814644e-08, Test pred MSE = 1.761345e-02, Param MSE = 1.811772e-01, Grad norm = 6.479778e-07, Beta update rate = 3.617219e-07
Epoch 687400 (13.7%): Train pred MSE = 1.810450e-08, Test pred MSE = 1.761344e-02, Param MSE = 1.811771e-01, Grad norm = 6.472184e-07, Beta update rate = 3.612980e-07
Epoch 687600 (13.8%): Train pred MSE = 1.806266e-08, Test pred MSE = 1.761343e-02, Param MSE = 1.811770e-01, Grad norm = 6.464599e-07, Beta update rate = 3.608747e-07
Epoch 687800 (13.8%): Train pred MSE = 1.802092e-08, Test pred MSE = 1.761343e-02, Param MSE = 1.811769e-01, Grad norm = 6.457023e-07, Beta update rate = 3.604519e-07
Epoch 688000 (13.8%): Train pred MSE = 1.797927e-08, Test pred MSE = 1.761342e-02, Param MSE = 1.811768e-01, Grad norm = 6.449457e-07, Beta update rate = 3.600295e-07
Epoch 688200 (13.8%): Train pred MSE = 1.793773e-08, Test pred MSE = 1.761341e-02, Param MSE = 1.811767e-01, Grad norm = 6.441899e-07, Beta update rate = 3.596077e-07
Epoch 688400 (13.8%): Train pred MSE = 1.789628e-08, Test pred MSE = 1.761341e-02, Param MSE = 1.811766e-01, Grad norm = 6.434351e-07, Beta update rate = 3.591864e-07
Epoch 688600 (13.8%): Train pred MSE = 1.785493e-08, Test pred MSE = 1.761340e-02, Param MSE = 1.811765e-01, Grad norm = 6.426811e-07, Beta update rate = 3.587656e-07
Epoch 688800 (13.8%): Train pred MSE = 1.781367e-08, Test pred MSE = 1.761339e-02, Param MSE = 1.811764e-01, Grad norm = 6.419281e-07, Beta update rate = 3.583453e-07
Epoch 689000 (13.8%): Train pred MSE = 1.777251e-08, Test pred MSE = 1.761339e-02, Param MSE = 1.811763e-01, Grad norm = 6.411760e-07, Beta update rate = 3.579255e-07
Epoch 689200 (13.8%): Train pred MSE = 1.773145e-08, Test pred MSE = 1.761338e-02, Param MSE = 1.811762e-01, Grad norm = 6.404247e-07, Beta update rate = 3.575062e-07
Epoch 689400 (13.8%): Train pred MSE = 1.769048e-08, Test pred MSE = 1.761338e-02, Param MSE = 1.811761e-01, Grad norm = 6.396744e-07, Beta update rate = 3.570874e-07
Epoch 689600 (13.8%): Train pred MSE = 1.764961e-08, Test pred MSE = 1.761337e-02, Param MSE = 1.811760e-01, Grad norm = 6.389250e-07, Beta update rate = 3.566692e-07
Epoch 689800 (13.8%): Train pred MSE = 1.760884e-08, Test pred MSE = 1.761336e-02, Param MSE = 1.811759e-01, Grad norm = 6.381765e-07, Beta update rate = 3.562514e-07
Epoch 690000 (13.8%): Train pred MSE = 1.756816e-08, Test pred MSE = 1.761336e-02, Param MSE = 1.811758e-01, Grad norm = 6.374288e-07, Beta update rate = 3.558341e-07
Epoch 690200 (13.8%): Train pred MSE = 1.752758e-08, Test pred MSE = 1.761335e-02, Param MSE = 1.811757e-01, Grad norm = 6.366821e-07, Beta update rate = 3.554173e-07
Epoch 690400 (13.8%): Train pred MSE = 1.748709e-08, Test pred MSE = 1.761334e-02, Param MSE = 1.811756e-01, Grad norm = 6.359363e-07, Beta update rate = 3.550011e-07
Epoch 690600 (13.8%): Train pred MSE = 1.744670e-08, Test pred MSE = 1.761334e-02, Param MSE = 1.811755e-01, Grad norm = 6.351913e-07, Beta update rate = 3.545853e-07
Epoch 690800 (13.8%): Train pred MSE = 1.740640e-08, Test pred MSE = 1.761333e-02, Param MSE = 1.811754e-01, Grad norm = 6.344473e-07, Beta update rate = 3.541700e-07
Epoch 691000 (13.8%): Train pred MSE = 1.736619e-08, Test pred MSE = 1.761332e-02, Param MSE = 1.811753e-01, Grad norm = 6.337042e-07, Beta update rate = 3.537553e-07
Epoch 691200 (13.8%): Train pred MSE = 1.732608e-08, Test pred MSE = 1.761332e-02, Param MSE = 1.811752e-01, Grad norm = 6.329619e-07, Beta update rate = 3.533410e-07
Epoch 691400 (13.8%): Train pred MSE = 1.728606e-08, Test pred MSE = 1.761331e-02, Param MSE = 1.811751e-01, Grad norm = 6.322206e-07, Beta update rate = 3.529272e-07
Epoch 691600 (13.8%): Train pred MSE = 1.724614e-08, Test pred MSE = 1.761331e-02, Param MSE = 1.811750e-01, Grad norm = 6.314801e-07, Beta update rate = 3.525139e-07
Epoch 691800 (13.8%): Train pred MSE = 1.720631e-08, Test pred MSE = 1.761330e-02, Param MSE = 1.811749e-01, Grad norm = 6.307405e-07, Beta update rate = 3.521011e-07
Epoch 692000 (13.8%): Train pred MSE = 1.716657e-08, Test pred MSE = 1.761329e-02, Param MSE = 1.811749e-01, Grad norm = 6.300018e-07, Beta update rate = 3.516889e-07
Epoch 692200 (13.8%): Train pred MSE = 1.712693e-08, Test pred MSE = 1.761329e-02, Param MSE = 1.811748e-01, Grad norm = 6.292640e-07, Beta update rate = 3.512771e-07
Epoch 692400 (13.8%): Train pred MSE = 1.708738e-08, Test pred MSE = 1.761328e-02, Param MSE = 1.811747e-01, Grad norm = 6.285271e-07, Beta update rate = 3.508658e-07
Epoch 692600 (13.9%): Train pred MSE = 1.704792e-08, Test pred MSE = 1.761327e-02, Param MSE = 1.811746e-01, Grad norm = 6.277911e-07, Beta update rate = 3.504550e-07
Epoch 692800 (13.9%): Train pred MSE = 1.700856e-08, Test pred MSE = 1.761327e-02, Param MSE = 1.811745e-01, Grad norm = 6.270559e-07, Beta update rate = 3.500447e-07
Epoch 693000 (13.9%): Train pred MSE = 1.696928e-08, Test pred MSE = 1.761326e-02, Param MSE = 1.811744e-01, Grad norm = 6.263217e-07, Beta update rate = 3.496348e-07
Epoch 693200 (13.9%): Train pred MSE = 1.693010e-08, Test pred MSE = 1.761326e-02, Param MSE = 1.811743e-01, Grad norm = 6.255883e-07, Beta update rate = 3.492255e-07
Epoch 693400 (13.9%): Train pred MSE = 1.689101e-08, Test pred MSE = 1.761325e-02, Param MSE = 1.811742e-01, Grad norm = 6.248558e-07, Beta update rate = 3.488167e-07
Epoch 693600 (13.9%): Train pred MSE = 1.685201e-08, Test pred MSE = 1.761324e-02, Param MSE = 1.811741e-01, Grad norm = 6.241242e-07, Beta update rate = 3.484084e-07
Epoch 693800 (13.9%): Train pred MSE = 1.681311e-08, Test pred MSE = 1.761324e-02, Param MSE = 1.811740e-01, Grad norm = 6.233934e-07, Beta update rate = 3.480005e-07
Epoch 694000 (13.9%): Train pred MSE = 1.677429e-08, Test pred MSE = 1.761323e-02, Param MSE = 1.811739e-01, Grad norm = 6.226636e-07, Beta update rate = 3.475931e-07
Epoch 694200 (13.9%): Train pred MSE = 1.673557e-08, Test pred MSE = 1.761322e-02, Param MSE = 1.811738e-01, Grad norm = 6.219346e-07, Beta update rate = 3.471863e-07
Epoch 694400 (13.9%): Train pred MSE = 1.669693e-08, Test pred MSE = 1.761322e-02, Param MSE = 1.811737e-01, Grad norm = 6.212065e-07, Beta update rate = 3.467799e-07
Epoch 694600 (13.9%): Train pred MSE = 1.665839e-08, Test pred MSE = 1.761321e-02, Param MSE = 1.811736e-01, Grad norm = 6.204792e-07, Beta update rate = 3.463740e-07
Epoch 694800 (13.9%): Train pred MSE = 1.661993e-08, Test pred MSE = 1.761321e-02, Param MSE = 1.811735e-01, Grad norm = 6.197529e-07, Beta update rate = 3.459686e-07
Epoch 695000 (13.9%): Train pred MSE = 1.658157e-08, Test pred MSE = 1.761320e-02, Param MSE = 1.811734e-01, Grad norm = 6.190274e-07, Beta update rate = 3.455637e-07
Epoch 695200 (13.9%): Train pred MSE = 1.654329e-08, Test pred MSE = 1.761319e-02, Param MSE = 1.811733e-01, Grad norm = 6.183027e-07, Beta update rate = 3.451593e-07
Epoch 695400 (13.9%): Train pred MSE = 1.650511e-08, Test pred MSE = 1.761319e-02, Param MSE = 1.811732e-01, Grad norm = 6.175790e-07, Beta update rate = 3.447553e-07
Epoch 695600 (13.9%): Train pred MSE = 1.646701e-08, Test pred MSE = 1.761318e-02, Param MSE = 1.811731e-01, Grad norm = 6.168561e-07, Beta update rate = 3.443518e-07
Epoch 695800 (13.9%): Train pred MSE = 1.642901e-08, Test pred MSE = 1.761318e-02, Param MSE = 1.811730e-01, Grad norm = 6.161341e-07, Beta update rate = 3.439489e-07
Epoch 696000 (13.9%): Train pred MSE = 1.639109e-08, Test pred MSE = 1.761317e-02, Param MSE = 1.811729e-01, Grad norm = 6.154130e-07, Beta update rate = 3.435464e-07
Epoch 696200 (13.9%): Train pred MSE = 1.635326e-08, Test pred MSE = 1.761316e-02, Param MSE = 1.811728e-01, Grad norm = 6.146927e-07, Beta update rate = 3.431444e-07
Epoch 696400 (13.9%): Train pred MSE = 1.631552e-08, Test pred MSE = 1.761316e-02, Param MSE = 1.811727e-01, Grad norm = 6.139733e-07, Beta update rate = 3.427428e-07
Epoch 696600 (13.9%): Train pred MSE = 1.627787e-08, Test pred MSE = 1.761315e-02, Param MSE = 1.811727e-01, Grad norm = 6.132547e-07, Beta update rate = 3.423418e-07
Epoch 696800 (13.9%): Train pred MSE = 1.624031e-08, Test pred MSE = 1.761314e-02, Param MSE = 1.811726e-01, Grad norm = 6.125370e-07, Beta update rate = 3.419412e-07
Epoch 697000 (13.9%): Train pred MSE = 1.620283e-08, Test pred MSE = 1.761314e-02, Param MSE = 1.811725e-01, Grad norm = 6.118202e-07, Beta update rate = 3.415412e-07
Epoch 697200 (13.9%): Train pred MSE = 1.616544e-08, Test pred MSE = 1.761313e-02, Param MSE = 1.811724e-01, Grad norm = 6.111042e-07, Beta update rate = 3.411416e-07
Epoch 697400 (13.9%): Train pred MSE = 1.612814e-08, Test pred MSE = 1.761313e-02, Param MSE = 1.811723e-01, Grad norm = 6.103891e-07, Beta update rate = 3.407424e-07
Epoch 697600 (14.0%): Train pred MSE = 1.609093e-08, Test pred MSE = 1.761312e-02, Param MSE = 1.811722e-01, Grad norm = 6.096748e-07, Beta update rate = 3.403438e-07
Epoch 697800 (14.0%): Train pred MSE = 1.605380e-08, Test pred MSE = 1.761311e-02, Param MSE = 1.811721e-01, Grad norm = 6.089615e-07, Beta update rate = 3.399456e-07
Epoch 698000 (14.0%): Train pred MSE = 1.601676e-08, Test pred MSE = 1.761311e-02, Param MSE = 1.811720e-01, Grad norm = 6.082489e-07, Beta update rate = 3.395479e-07
Epoch 698200 (14.0%): Train pred MSE = 1.597981e-08, Test pred MSE = 1.761310e-02, Param MSE = 1.811719e-01, Grad norm = 6.075372e-07, Beta update rate = 3.391507e-07
Epoch 698400 (14.0%): Train pred MSE = 1.594294e-08, Test pred MSE = 1.761310e-02, Param MSE = 1.811718e-01, Grad norm = 6.068264e-07, Beta update rate = 3.387540e-07
Epoch 698600 (14.0%): Train pred MSE = 1.590616e-08, Test pred MSE = 1.761309e-02, Param MSE = 1.811717e-01, Grad norm = 6.061164e-07, Beta update rate = 3.383578e-07
Epoch 698800 (14.0%): Train pred MSE = 1.586947e-08, Test pred MSE = 1.761308e-02, Param MSE = 1.811716e-01, Grad norm = 6.054073e-07, Beta update rate = 3.379620e-07
Epoch 699000 (14.0%): Train pred MSE = 1.583286e-08, Test pred MSE = 1.761308e-02, Param MSE = 1.811715e-01, Grad norm = 6.046990e-07, Beta update rate = 3.375667e-07
Epoch 699200 (14.0%): Train pred MSE = 1.579633e-08, Test pred MSE = 1.761307e-02, Param MSE = 1.811714e-01, Grad norm = 6.039916e-07, Beta update rate = 3.371718e-07
Epoch 699400 (14.0%): Train pred MSE = 1.575990e-08, Test pred MSE = 1.761307e-02, Param MSE = 1.811714e-01, Grad norm = 6.032850e-07, Beta update rate = 3.367775e-07
Epoch 699600 (14.0%): Train pred MSE = 1.572354e-08, Test pred MSE = 1.761306e-02, Param MSE = 1.811713e-01, Grad norm = 6.025793e-07, Beta update rate = 3.363836e-07
Epoch 699800 (14.0%): Train pred MSE = 1.568728e-08, Test pred MSE = 1.761305e-02, Param MSE = 1.811712e-01, Grad norm = 6.018744e-07, Beta update rate = 3.359902e-07
Epoch 700000 (14.0%): Train pred MSE = 1.565109e-08, Test pred MSE = 1.761305e-02, Param MSE = 1.811711e-01, Grad norm = 6.011704e-07, Beta update rate = 3.355973e-07
Epoch 700200 (14.0%): Train pred MSE = 1.561500e-08, Test pred MSE = 1.761304e-02, Param MSE = 1.811710e-01, Grad norm = 6.004672e-07, Beta update rate = 3.352048e-07
Epoch 700400 (14.0%): Train pred MSE = 1.557898e-08, Test pred MSE = 1.761304e-02, Param MSE = 1.811709e-01, Grad norm = 5.997649e-07, Beta update rate = 3.348128e-07
Epoch 700600 (14.0%): Train pred MSE = 1.554305e-08, Test pred MSE = 1.761303e-02, Param MSE = 1.811708e-01, Grad norm = 5.990634e-07, Beta update rate = 3.344213e-07
Epoch 700800 (14.0%): Train pred MSE = 1.550721e-08, Test pred MSE = 1.761302e-02, Param MSE = 1.811707e-01, Grad norm = 5.983627e-07, Beta update rate = 3.340302e-07
Epoch 701000 (14.0%): Train pred MSE = 1.547145e-08, Test pred MSE = 1.761302e-02, Param MSE = 1.811706e-01, Grad norm = 5.976629e-07, Beta update rate = 3.336396e-07
Epoch 701200 (14.0%): Train pred MSE = 1.543577e-08, Test pred MSE = 1.761301e-02, Param MSE = 1.811705e-01, Grad norm = 5.969639e-07, Beta update rate = 3.332495e-07
Epoch 701400 (14.0%): Train pred MSE = 1.540017e-08, Test pred MSE = 1.761301e-02, Param MSE = 1.811704e-01, Grad norm = 5.962658e-07, Beta update rate = 3.328599e-07
Epoch 701600 (14.0%): Train pred MSE = 1.536466e-08, Test pred MSE = 1.761300e-02, Param MSE = 1.811703e-01, Grad norm = 5.955685e-07, Beta update rate = 3.324707e-07
Epoch 701800 (14.0%): Train pred MSE = 1.532923e-08, Test pred MSE = 1.761299e-02, Param MSE = 1.811703e-01, Grad norm = 5.948720e-07, Beta update rate = 3.320820e-07
Epoch 702000 (14.0%): Train pred MSE = 1.529389e-08, Test pred MSE = 1.761299e-02, Param MSE = 1.811702e-01, Grad norm = 5.941763e-07, Beta update rate = 3.316937e-07
Epoch 702200 (14.0%): Train pred MSE = 1.525863e-08, Test pred MSE = 1.761298e-02, Param MSE = 1.811701e-01, Grad norm = 5.934815e-07, Beta update rate = 3.313059e-07
Epoch 702400 (14.0%): Train pred MSE = 1.522344e-08, Test pred MSE = 1.761298e-02, Param MSE = 1.811700e-01, Grad norm = 5.927876e-07, Beta update rate = 3.309186e-07
Epoch 702600 (14.1%): Train pred MSE = 1.518835e-08, Test pred MSE = 1.761297e-02, Param MSE = 1.811699e-01, Grad norm = 5.920944e-07, Beta update rate = 3.305318e-07
Epoch 702800 (14.1%): Train pred MSE = 1.515333e-08, Test pred MSE = 1.761297e-02, Param MSE = 1.811698e-01, Grad norm = 5.914021e-07, Beta update rate = 3.301454e-07
Epoch 703000 (14.1%): Train pred MSE = 1.511840e-08, Test pred MSE = 1.761296e-02, Param MSE = 1.811697e-01, Grad norm = 5.907107e-07, Beta update rate = 3.297595e-07
Epoch 703200 (14.1%): Train pred MSE = 1.508354e-08, Test pred MSE = 1.761295e-02, Param MSE = 1.811696e-01, Grad norm = 5.900200e-07, Beta update rate = 3.293740e-07
Epoch 703400 (14.1%): Train pred MSE = 1.504877e-08, Test pred MSE = 1.761295e-02, Param MSE = 1.811695e-01, Grad norm = 5.893302e-07, Beta update rate = 3.289890e-07
Epoch 703600 (14.1%): Train pred MSE = 1.501408e-08, Test pred MSE = 1.761294e-02, Param MSE = 1.811694e-01, Grad norm = 5.886412e-07, Beta update rate = 3.286045e-07
Epoch 703800 (14.1%): Train pred MSE = 1.497947e-08, Test pred MSE = 1.761294e-02, Param MSE = 1.811693e-01, Grad norm = 5.879531e-07, Beta update rate = 3.282204e-07
Epoch 704000 (14.1%): Train pred MSE = 1.494494e-08, Test pred MSE = 1.761293e-02, Param MSE = 1.811693e-01, Grad norm = 5.872657e-07, Beta update rate = 3.278368e-07
Epoch 704200 (14.1%): Train pred MSE = 1.491050e-08, Test pred MSE = 1.761292e-02, Param MSE = 1.811692e-01, Grad norm = 5.865792e-07, Beta update rate = 3.274536e-07
Epoch 704400 (14.1%): Train pred MSE = 1.487613e-08, Test pred MSE = 1.761292e-02, Param MSE = 1.811691e-01, Grad norm = 5.858935e-07, Beta update rate = 3.270709e-07
Epoch 704600 (14.1%): Train pred MSE = 1.484184e-08, Test pred MSE = 1.761291e-02, Param MSE = 1.811690e-01, Grad norm = 5.852087e-07, Beta update rate = 3.266887e-07
Epoch 704800 (14.1%): Train pred MSE = 1.480764e-08, Test pred MSE = 1.761291e-02, Param MSE = 1.811689e-01, Grad norm = 5.845246e-07, Beta update rate = 3.263069e-07
Epoch 705000 (14.1%): Train pred MSE = 1.477351e-08, Test pred MSE = 1.761290e-02, Param MSE = 1.811688e-01, Grad norm = 5.838414e-07, Beta update rate = 3.259256e-07
Epoch 705200 (14.1%): Train pred MSE = 1.473946e-08, Test pred MSE = 1.761290e-02, Param MSE = 1.811687e-01, Grad norm = 5.831590e-07, Beta update rate = 3.255447e-07
Epoch 705400 (14.1%): Train pred MSE = 1.470550e-08, Test pred MSE = 1.761289e-02, Param MSE = 1.811686e-01, Grad norm = 5.824774e-07, Beta update rate = 3.251643e-07
Epoch 705600 (14.1%): Train pred MSE = 1.467161e-08, Test pred MSE = 1.761288e-02, Param MSE = 1.811685e-01, Grad norm = 5.817966e-07, Beta update rate = 3.247844e-07
Epoch 705800 (14.1%): Train pred MSE = 1.463780e-08, Test pred MSE = 1.761288e-02, Param MSE = 1.811685e-01, Grad norm = 5.811167e-07, Beta update rate = 3.244049e-07
Epoch 706000 (14.1%): Train pred MSE = 1.460407e-08, Test pred MSE = 1.761287e-02, Param MSE = 1.811684e-01, Grad norm = 5.804375e-07, Beta update rate = 3.240258e-07
Epoch 706200 (14.1%): Train pred MSE = 1.457042e-08, Test pred MSE = 1.761287e-02, Param MSE = 1.811683e-01, Grad norm = 5.797592e-07, Beta update rate = 3.236473e-07
Epoch 706400 (14.1%): Train pred MSE = 1.453684e-08, Test pred MSE = 1.761286e-02, Param MSE = 1.811682e-01, Grad norm = 5.790817e-07, Beta update rate = 3.232691e-07
Epoch 706600 (14.1%): Train pred MSE = 1.450335e-08, Test pred MSE = 1.761286e-02, Param MSE = 1.811681e-01, Grad norm = 5.784050e-07, Beta update rate = 3.228915e-07
Epoch 706800 (14.1%): Train pred MSE = 1.446994e-08, Test pred MSE = 1.761285e-02, Param MSE = 1.811680e-01, Grad norm = 5.777291e-07, Beta update rate = 3.225142e-07
Epoch 707000 (14.1%): Train pred MSE = 1.443660e-08, Test pred MSE = 1.761284e-02, Param MSE = 1.811679e-01, Grad norm = 5.770540e-07, Beta update rate = 3.221375e-07
Epoch 707200 (14.1%): Train pred MSE = 1.440334e-08, Test pred MSE = 1.761284e-02, Param MSE = 1.811678e-01, Grad norm = 5.763797e-07, Beta update rate = 3.217611e-07
Epoch 707400 (14.1%): Train pred MSE = 1.437016e-08, Test pred MSE = 1.761283e-02, Param MSE = 1.811677e-01, Grad norm = 5.757063e-07, Beta update rate = 3.213853e-07
Epoch 707600 (14.2%): Train pred MSE = 1.433705e-08, Test pred MSE = 1.761283e-02, Param MSE = 1.811677e-01, Grad norm = 5.750336e-07, Beta update rate = 3.210098e-07
Epoch 707800 (14.2%): Train pred MSE = 1.430402e-08, Test pred MSE = 1.761282e-02, Param MSE = 1.811676e-01, Grad norm = 5.743618e-07, Beta update rate = 3.206349e-07
Epoch 708000 (14.2%): Train pred MSE = 1.427107e-08, Test pred MSE = 1.761282e-02, Param MSE = 1.811675e-01, Grad norm = 5.736907e-07, Beta update rate = 3.202604e-07
Epoch 708200 (14.2%): Train pred MSE = 1.423820e-08, Test pred MSE = 1.761281e-02, Param MSE = 1.811674e-01, Grad norm = 5.730205e-07, Beta update rate = 3.198863e-07
Epoch 708400 (14.2%): Train pred MSE = 1.420540e-08, Test pred MSE = 1.761280e-02, Param MSE = 1.811673e-01, Grad norm = 5.723511e-07, Beta update rate = 3.195127e-07
Epoch 708600 (14.2%): Train pred MSE = 1.417268e-08, Test pred MSE = 1.761280e-02, Param MSE = 1.811672e-01, Grad norm = 5.716824e-07, Beta update rate = 3.191395e-07
Epoch 708800 (14.2%): Train pred MSE = 1.414004e-08, Test pred MSE = 1.761279e-02, Param MSE = 1.811671e-01, Grad norm = 5.710146e-07, Beta update rate = 3.187668e-07
Epoch 709000 (14.2%): Train pred MSE = 1.410747e-08, Test pred MSE = 1.761279e-02, Param MSE = 1.811671e-01, Grad norm = 5.703475e-07, Beta update rate = 3.183945e-07
Epoch 709200 (14.2%): Train pred MSE = 1.407498e-08, Test pred MSE = 1.761278e-02, Param MSE = 1.811670e-01, Grad norm = 5.696813e-07, Beta update rate = 3.180227e-07
Epoch 709400 (14.2%): Train pred MSE = 1.404256e-08, Test pred MSE = 1.761278e-02, Param MSE = 1.811669e-01, Grad norm = 5.690159e-07, Beta update rate = 3.176513e-07
Epoch 709600 (14.2%): Train pred MSE = 1.401022e-08, Test pred MSE = 1.761277e-02, Param MSE = 1.811668e-01, Grad norm = 5.683512e-07, Beta update rate = 3.172803e-07
Epoch 709800 (14.2%): Train pred MSE = 1.397796e-08, Test pred MSE = 1.761277e-02, Param MSE = 1.811667e-01, Grad norm = 5.676874e-07, Beta update rate = 3.169098e-07
Epoch 710000 (14.2%): Train pred MSE = 1.394577e-08, Test pred MSE = 1.761276e-02, Param MSE = 1.811666e-01, Grad norm = 5.670243e-07, Beta update rate = 3.165398e-07
Epoch 710200 (14.2%): Train pred MSE = 1.391366e-08, Test pred MSE = 1.761275e-02, Param MSE = 1.811665e-01, Grad norm = 5.663621e-07, Beta update rate = 3.161702e-07
Epoch 710400 (14.2%): Train pred MSE = 1.388162e-08, Test pred MSE = 1.761275e-02, Param MSE = 1.811664e-01, Grad norm = 5.657006e-07, Beta update rate = 3.158010e-07
Epoch 710600 (14.2%): Train pred MSE = 1.384965e-08, Test pred MSE = 1.761274e-02, Param MSE = 1.811664e-01, Grad norm = 5.650400e-07, Beta update rate = 3.154323e-07
Epoch 710800 (14.2%): Train pred MSE = 1.381777e-08, Test pred MSE = 1.761274e-02, Param MSE = 1.811663e-01, Grad norm = 5.643801e-07, Beta update rate = 3.150640e-07
Epoch 711000 (14.2%): Train pred MSE = 1.378595e-08, Test pred MSE = 1.761273e-02, Param MSE = 1.811662e-01, Grad norm = 5.637210e-07, Beta update rate = 3.146961e-07
Epoch 711200 (14.2%): Train pred MSE = 1.375421e-08, Test pred MSE = 1.761273e-02, Param MSE = 1.811661e-01, Grad norm = 5.630627e-07, Beta update rate = 3.143287e-07
Epoch 711400 (14.2%): Train pred MSE = 1.372254e-08, Test pred MSE = 1.761272e-02, Param MSE = 1.811660e-01, Grad norm = 5.624052e-07, Beta update rate = 3.139618e-07
Epoch 711600 (14.2%): Train pred MSE = 1.369095e-08, Test pred MSE = 1.761272e-02, Param MSE = 1.811659e-01, Grad norm = 5.617485e-07, Beta update rate = 3.135952e-07
Epoch 711800 (14.2%): Train pred MSE = 1.365943e-08, Test pred MSE = 1.761271e-02, Param MSE = 1.811658e-01, Grad norm = 5.610925e-07, Beta update rate = 3.132292e-07
Epoch 712000 (14.2%): Train pred MSE = 1.362799e-08, Test pred MSE = 1.761270e-02, Param MSE = 1.811658e-01, Grad norm = 5.604374e-07, Beta update rate = 3.128635e-07
Epoch 712200 (14.2%): Train pred MSE = 1.359661e-08, Test pred MSE = 1.761270e-02, Param MSE = 1.811657e-01, Grad norm = 5.597830e-07, Beta update rate = 3.124983e-07
Epoch 712400 (14.2%): Train pred MSE = 1.356531e-08, Test pred MSE = 1.761269e-02, Param MSE = 1.811656e-01, Grad norm = 5.591294e-07, Beta update rate = 3.121335e-07
Epoch 712600 (14.3%): Train pred MSE = 1.353409e-08, Test pred MSE = 1.761269e-02, Param MSE = 1.811655e-01, Grad norm = 5.584766e-07, Beta update rate = 3.117692e-07
Epoch 712800 (14.3%): Train pred MSE = 1.350294e-08, Test pred MSE = 1.761268e-02, Param MSE = 1.811654e-01, Grad norm = 5.578246e-07, Beta update rate = 3.114053e-07
Epoch 713000 (14.3%): Train pred MSE = 1.347186e-08, Test pred MSE = 1.761268e-02, Param MSE = 1.811653e-01, Grad norm = 5.571734e-07, Beta update rate = 3.110418e-07
Epoch 713200 (14.3%): Train pred MSE = 1.344085e-08, Test pred MSE = 1.761267e-02, Param MSE = 1.811653e-01, Grad norm = 5.565229e-07, Beta update rate = 3.106788e-07
Epoch 713400 (14.3%): Train pred MSE = 1.340991e-08, Test pred MSE = 1.761267e-02, Param MSE = 1.811652e-01, Grad norm = 5.558733e-07, Beta update rate = 3.103162e-07
Epoch 713600 (14.3%): Train pred MSE = 1.337905e-08, Test pred MSE = 1.761266e-02, Param MSE = 1.811651e-01, Grad norm = 5.552244e-07, Beta update rate = 3.099541e-07
Epoch 713800 (14.3%): Train pred MSE = 1.334826e-08, Test pred MSE = 1.761266e-02, Param MSE = 1.811650e-01, Grad norm = 5.545762e-07, Beta update rate = 3.095923e-07
Epoch 714000 (14.3%): Train pred MSE = 1.331754e-08, Test pred MSE = 1.761265e-02, Param MSE = 1.811649e-01, Grad norm = 5.539289e-07, Beta update rate = 3.092311e-07
Epoch 714200 (14.3%): Train pred MSE = 1.328689e-08, Test pred MSE = 1.761264e-02, Param MSE = 1.811648e-01, Grad norm = 5.532823e-07, Beta update rate = 3.088702e-07
Epoch 714400 (14.3%): Train pred MSE = 1.325632e-08, Test pred MSE = 1.761264e-02, Param MSE = 1.811647e-01, Grad norm = 5.526365e-07, Beta update rate = 3.085098e-07
Epoch 714600 (14.3%): Train pred MSE = 1.322581e-08, Test pred MSE = 1.761263e-02, Param MSE = 1.811647e-01, Grad norm = 5.519915e-07, Beta update rate = 3.081498e-07
Epoch 714800 (14.3%): Train pred MSE = 1.319538e-08, Test pred MSE = 1.761263e-02, Param MSE = 1.811646e-01, Grad norm = 5.513472e-07, Beta update rate = 3.077902e-07
Epoch 715000 (14.3%): Train pred MSE = 1.316501e-08, Test pred MSE = 1.761262e-02, Param MSE = 1.811645e-01, Grad norm = 5.507038e-07, Beta update rate = 3.074311e-07
Epoch 715200 (14.3%): Train pred MSE = 1.313472e-08, Test pred MSE = 1.761262e-02, Param MSE = 1.811644e-01, Grad norm = 5.500610e-07, Beta update rate = 3.070724e-07
Epoch 715400 (14.3%): Train pred MSE = 1.310450e-08, Test pred MSE = 1.761261e-02, Param MSE = 1.811643e-01, Grad norm = 5.494191e-07, Beta update rate = 3.067141e-07
Epoch 715600 (14.3%): Train pred MSE = 1.307435e-08, Test pred MSE = 1.761261e-02, Param MSE = 1.811642e-01, Grad norm = 5.487779e-07, Beta update rate = 3.063563e-07
Epoch 715800 (14.3%): Train pred MSE = 1.304427e-08, Test pred MSE = 1.761260e-02, Param MSE = 1.811642e-01, Grad norm = 5.481375e-07, Beta update rate = 3.059989e-07
Epoch 716000 (14.3%): Train pred MSE = 1.301426e-08, Test pred MSE = 1.761260e-02, Param MSE = 1.811641e-01, Grad norm = 5.474979e-07, Beta update rate = 3.056419e-07
Epoch 716200 (14.3%): Train pred MSE = 1.298432e-08, Test pred MSE = 1.761259e-02, Param MSE = 1.811640e-01, Grad norm = 5.468590e-07, Beta update rate = 3.052853e-07
Epoch 716400 (14.3%): Train pred MSE = 1.295445e-08, Test pred MSE = 1.761259e-02, Param MSE = 1.811639e-01, Grad norm = 5.462209e-07, Beta update rate = 3.049292e-07
Epoch 716600 (14.3%): Train pred MSE = 1.292465e-08, Test pred MSE = 1.761258e-02, Param MSE = 1.811638e-01, Grad norm = 5.455835e-07, Beta update rate = 3.045735e-07
Epoch 716800 (14.3%): Train pred MSE = 1.289492e-08, Test pred MSE = 1.761257e-02, Param MSE = 1.811637e-01, Grad norm = 5.449470e-07, Beta update rate = 3.042182e-07
Epoch 717000 (14.3%): Train pred MSE = 1.286526e-08, Test pred MSE = 1.761257e-02, Param MSE = 1.811637e-01, Grad norm = 5.443111e-07, Beta update rate = 3.038633e-07
Epoch 717200 (14.3%): Train pred MSE = 1.283566e-08, Test pred MSE = 1.761256e-02, Param MSE = 1.811636e-01, Grad norm = 5.436761e-07, Beta update rate = 3.035089e-07
Epoch 717400 (14.3%): Train pred MSE = 1.280614e-08, Test pred MSE = 1.761256e-02, Param MSE = 1.811635e-01, Grad norm = 5.430418e-07, Beta update rate = 3.031549e-07
Epoch 717600 (14.4%): Train pred MSE = 1.277668e-08, Test pred MSE = 1.761255e-02, Param MSE = 1.811634e-01, Grad norm = 5.424082e-07, Beta update rate = 3.028013e-07
Epoch 717800 (14.4%): Train pred MSE = 1.274730e-08, Test pred MSE = 1.761255e-02, Param MSE = 1.811633e-01, Grad norm = 5.417755e-07, Beta update rate = 3.024482e-07
Epoch 718000 (14.4%): Train pred MSE = 1.271798e-08, Test pred MSE = 1.761254e-02, Param MSE = 1.811633e-01, Grad norm = 5.411434e-07, Beta update rate = 3.020954e-07
Epoch 718200 (14.4%): Train pred MSE = 1.268873e-08, Test pred MSE = 1.761254e-02, Param MSE = 1.811632e-01, Grad norm = 5.405122e-07, Beta update rate = 3.017431e-07
Epoch 718400 (14.4%): Train pred MSE = 1.265955e-08, Test pred MSE = 1.761253e-02, Param MSE = 1.811631e-01, Grad norm = 5.398816e-07, Beta update rate = 3.013912e-07
Epoch 718600 (14.4%): Train pred MSE = 1.263044e-08, Test pred MSE = 1.761253e-02, Param MSE = 1.811630e-01, Grad norm = 5.392519e-07, Beta update rate = 3.010397e-07
Epoch 718800 (14.4%): Train pred MSE = 1.260139e-08, Test pred MSE = 1.761252e-02, Param MSE = 1.811629e-01, Grad norm = 5.386229e-07, Beta update rate = 3.006887e-07
Epoch 719000 (14.4%): Train pred MSE = 1.257242e-08, Test pred MSE = 1.761252e-02, Param MSE = 1.811628e-01, Grad norm = 5.379946e-07, Beta update rate = 3.003381e-07
Epoch 719200 (14.4%): Train pred MSE = 1.254351e-08, Test pred MSE = 1.761251e-02, Param MSE = 1.811628e-01, Grad norm = 5.373671e-07, Beta update rate = 2.999878e-07
Epoch 719400 (14.4%): Train pred MSE = 1.251466e-08, Test pred MSE = 1.761251e-02, Param MSE = 1.811627e-01, Grad norm = 5.367404e-07, Beta update rate = 2.996381e-07
Epoch 719600 (14.4%): Train pred MSE = 1.248589e-08, Test pred MSE = 1.761250e-02, Param MSE = 1.811626e-01, Grad norm = 5.361144e-07, Beta update rate = 2.992887e-07
Epoch 719800 (14.4%): Train pred MSE = 1.245718e-08, Test pred MSE = 1.761250e-02, Param MSE = 1.811625e-01, Grad norm = 5.354891e-07, Beta update rate = 2.989397e-07
Epoch 720000 (14.4%): Train pred MSE = 1.242854e-08, Test pred MSE = 1.761249e-02, Param MSE = 1.811624e-01, Grad norm = 5.348646e-07, Beta update rate = 2.985912e-07
Epoch 720200 (14.4%): Train pred MSE = 1.239996e-08, Test pred MSE = 1.761249e-02, Param MSE = 1.811624e-01, Grad norm = 5.342408e-07, Beta update rate = 2.982431e-07
Epoch 720400 (14.4%): Train pred MSE = 1.237146e-08, Test pred MSE = 1.761248e-02, Param MSE = 1.811623e-01, Grad norm = 5.336178e-07, Beta update rate = 2.978954e-07
Epoch 720600 (14.4%): Train pred MSE = 1.234302e-08, Test pred MSE = 1.761247e-02, Param MSE = 1.811622e-01, Grad norm = 5.329956e-07, Beta update rate = 2.975481e-07
Epoch 720800 (14.4%): Train pred MSE = 1.231464e-08, Test pred MSE = 1.761247e-02, Param MSE = 1.811621e-01, Grad norm = 5.323740e-07, Beta update rate = 2.972012e-07
Epoch 721000 (14.4%): Train pred MSE = 1.228633e-08, Test pred MSE = 1.761246e-02, Param MSE = 1.811620e-01, Grad norm = 5.317532e-07, Beta update rate = 2.968547e-07
Epoch 721200 (14.4%): Train pred MSE = 1.225809e-08, Test pred MSE = 1.761246e-02, Param MSE = 1.811620e-01, Grad norm = 5.311332e-07, Beta update rate = 2.965087e-07
Epoch 721400 (14.4%): Train pred MSE = 1.222991e-08, Test pred MSE = 1.761245e-02, Param MSE = 1.811619e-01, Grad norm = 5.305139e-07, Beta update rate = 2.961631e-07
Epoch 721600 (14.4%): Train pred MSE = 1.220180e-08, Test pred MSE = 1.761245e-02, Param MSE = 1.811618e-01, Grad norm = 5.298954e-07, Beta update rate = 2.958178e-07
Epoch 721800 (14.4%): Train pred MSE = 1.217375e-08, Test pred MSE = 1.761244e-02, Param MSE = 1.811617e-01, Grad norm = 5.292775e-07, Beta update rate = 2.954730e-07
Epoch 722000 (14.4%): Train pred MSE = 1.214577e-08, Test pred MSE = 1.761244e-02, Param MSE = 1.811616e-01, Grad norm = 5.286605e-07, Beta update rate = 2.951286e-07
Epoch 722200 (14.4%): Train pred MSE = 1.211786e-08, Test pred MSE = 1.761243e-02, Param MSE = 1.811616e-01, Grad norm = 5.280441e-07, Beta update rate = 2.947847e-07
Epoch 722400 (14.4%): Train pred MSE = 1.209001e-08, Test pred MSE = 1.761243e-02, Param MSE = 1.811615e-01, Grad norm = 5.274285e-07, Beta update rate = 2.944411e-07
Epoch 722600 (14.5%): Train pred MSE = 1.206222e-08, Test pred MSE = 1.761242e-02, Param MSE = 1.811614e-01, Grad norm = 5.268137e-07, Beta update rate = 2.940979e-07
Epoch 722800 (14.5%): Train pred MSE = 1.203450e-08, Test pred MSE = 1.761242e-02, Param MSE = 1.811613e-01, Grad norm = 5.261995e-07, Beta update rate = 2.937552e-07
Epoch 723000 (14.5%): Train pred MSE = 1.200685e-08, Test pred MSE = 1.761241e-02, Param MSE = 1.811612e-01, Grad norm = 5.255861e-07, Beta update rate = 2.934129e-07
Epoch 723200 (14.5%): Train pred MSE = 1.197925e-08, Test pred MSE = 1.761241e-02, Param MSE = 1.811612e-01, Grad norm = 5.249735e-07, Beta update rate = 2.930709e-07
Epoch 723400 (14.5%): Train pred MSE = 1.195173e-08, Test pred MSE = 1.761240e-02, Param MSE = 1.811611e-01, Grad norm = 5.243615e-07, Beta update rate = 2.927294e-07
Epoch 723600 (14.5%): Train pred MSE = 1.192426e-08, Test pred MSE = 1.761240e-02, Param MSE = 1.811610e-01, Grad norm = 5.237503e-07, Beta update rate = 2.923883e-07
Epoch 723800 (14.5%): Train pred MSE = 1.189686e-08, Test pred MSE = 1.761239e-02, Param MSE = 1.811609e-01, Grad norm = 5.231399e-07, Beta update rate = 2.920476e-07
Epoch 724000 (14.5%): Train pred MSE = 1.186953e-08, Test pred MSE = 1.761239e-02, Param MSE = 1.811608e-01, Grad norm = 5.225301e-07, Beta update rate = 2.917073e-07
Epoch 724200 (14.5%): Train pred MSE = 1.184226e-08, Test pred MSE = 1.761238e-02, Param MSE = 1.811608e-01, Grad norm = 5.219211e-07, Beta update rate = 2.913674e-07
Epoch 724400 (14.5%): Train pred MSE = 1.181505e-08, Test pred MSE = 1.761238e-02, Param MSE = 1.811607e-01, Grad norm = 5.213128e-07, Beta update rate = 2.910279e-07
Epoch 724600 (14.5%): Train pred MSE = 1.178790e-08, Test pred MSE = 1.761237e-02, Param MSE = 1.811606e-01, Grad norm = 5.207053e-07, Beta update rate = 2.906889e-07
Epoch 724800 (14.5%): Train pred MSE = 1.176082e-08, Test pred MSE = 1.761237e-02, Param MSE = 1.811605e-01, Grad norm = 5.200984e-07, Beta update rate = 2.903502e-07
Epoch 725000 (14.5%): Train pred MSE = 1.173380e-08, Test pred MSE = 1.761236e-02, Param MSE = 1.811604e-01, Grad norm = 5.194923e-07, Beta update rate = 2.900119e-07
Epoch 725200 (14.5%): Train pred MSE = 1.170685e-08, Test pred MSE = 1.761236e-02, Param MSE = 1.811604e-01, Grad norm = 5.188870e-07, Beta update rate = 2.896741e-07
Epoch 725400 (14.5%): Train pred MSE = 1.167996e-08, Test pred MSE = 1.761235e-02, Param MSE = 1.811603e-01, Grad norm = 5.182823e-07, Beta update rate = 2.893366e-07
Epoch 725600 (14.5%): Train pred MSE = 1.165313e-08, Test pred MSE = 1.761235e-02, Param MSE = 1.811602e-01, Grad norm = 5.176784e-07, Beta update rate = 2.889995e-07
Epoch 725800 (14.5%): Train pred MSE = 1.162636e-08, Test pred MSE = 1.761234e-02, Param MSE = 1.811601e-01, Grad norm = 5.170752e-07, Beta update rate = 2.886629e-07
Epoch 726000 (14.5%): Train pred MSE = 1.159965e-08, Test pred MSE = 1.761234e-02, Param MSE = 1.811601e-01, Grad norm = 5.164727e-07, Beta update rate = 2.883266e-07
Epoch 726200 (14.5%): Train pred MSE = 1.157301e-08, Test pred MSE = 1.761233e-02, Param MSE = 1.811600e-01, Grad norm = 5.158709e-07, Beta update rate = 2.879908e-07
Epoch 726400 (14.5%): Train pred MSE = 1.154643e-08, Test pred MSE = 1.761233e-02, Param MSE = 1.811599e-01, Grad norm = 5.152698e-07, Beta update rate = 2.876554e-07
Epoch 726600 (14.5%): Train pred MSE = 1.151991e-08, Test pred MSE = 1.761232e-02, Param MSE = 1.811598e-01, Grad norm = 5.146695e-07, Beta update rate = 2.873203e-07
Epoch 726800 (14.5%): Train pred MSE = 1.149345e-08, Test pred MSE = 1.761232e-02, Param MSE = 1.811597e-01, Grad norm = 5.140699e-07, Beta update rate = 2.869857e-07
Epoch 727000 (14.5%): Train pred MSE = 1.146706e-08, Test pred MSE = 1.761231e-02, Param MSE = 1.811597e-01, Grad norm = 5.134710e-07, Beta update rate = 2.866514e-07
Epoch 727200 (14.5%): Train pred MSE = 1.144072e-08, Test pred MSE = 1.761231e-02, Param MSE = 1.811596e-01, Grad norm = 5.128728e-07, Beta update rate = 2.863176e-07
Epoch 727400 (14.5%): Train pred MSE = 1.141445e-08, Test pred MSE = 1.761230e-02, Param MSE = 1.811595e-01, Grad norm = 5.122753e-07, Beta update rate = 2.859841e-07
Epoch 727600 (14.6%): Train pred MSE = 1.138824e-08, Test pred MSE = 1.761230e-02, Param MSE = 1.811594e-01, Grad norm = 5.116786e-07, Beta update rate = 2.856511e-07
Epoch 727800 (14.6%): Train pred MSE = 1.136209e-08, Test pred MSE = 1.761229e-02, Param MSE = 1.811594e-01, Grad norm = 5.110825e-07, Beta update rate = 2.853184e-07
Epoch 728000 (14.6%): Train pred MSE = 1.133600e-08, Test pred MSE = 1.761229e-02, Param MSE = 1.811593e-01, Grad norm = 5.104872e-07, Beta update rate = 2.849862e-07
Epoch 728200 (14.6%): Train pred MSE = 1.130997e-08, Test pred MSE = 1.761228e-02, Param MSE = 1.811592e-01, Grad norm = 5.098926e-07, Beta update rate = 2.846543e-07
Epoch 728400 (14.6%): Train pred MSE = 1.128400e-08, Test pred MSE = 1.761228e-02, Param MSE = 1.811591e-01, Grad norm = 5.092987e-07, Beta update rate = 2.843229e-07
Epoch 728600 (14.6%): Train pred MSE = 1.125809e-08, Test pred MSE = 1.761227e-02, Param MSE = 1.811590e-01, Grad norm = 5.087055e-07, Beta update rate = 2.839918e-07
Epoch 728800 (14.6%): Train pred MSE = 1.123224e-08, Test pred MSE = 1.761227e-02, Param MSE = 1.811590e-01, Grad norm = 5.081130e-07, Beta update rate = 2.836611e-07
Epoch 729000 (14.6%): Train pred MSE = 1.120646e-08, Test pred MSE = 1.761226e-02, Param MSE = 1.811589e-01, Grad norm = 5.075212e-07, Beta update rate = 2.833309e-07
Epoch 729200 (14.6%): Train pred MSE = 1.118073e-08, Test pred MSE = 1.761226e-02, Param MSE = 1.811588e-01, Grad norm = 5.069301e-07, Beta update rate = 2.830010e-07
Epoch 729400 (14.6%): Train pred MSE = 1.115506e-08, Test pred MSE = 1.761225e-02, Param MSE = 1.811587e-01, Grad norm = 5.063398e-07, Beta update rate = 2.826715e-07
Epoch 729600 (14.6%): Train pred MSE = 1.112945e-08, Test pred MSE = 1.761225e-02, Param MSE = 1.811587e-01, Grad norm = 5.057501e-07, Beta update rate = 2.823424e-07
Epoch 729800 (14.6%): Train pred MSE = 1.110390e-08, Test pred MSE = 1.761224e-02, Param MSE = 1.811586e-01, Grad norm = 5.051611e-07, Beta update rate = 2.820137e-07
Epoch 730000 (14.6%): Train pred MSE = 1.107841e-08, Test pred MSE = 1.761224e-02, Param MSE = 1.811585e-01, Grad norm = 5.045729e-07, Beta update rate = 2.816854e-07
Epoch 730200 (14.6%): Train pred MSE = 1.105299e-08, Test pred MSE = 1.761223e-02, Param MSE = 1.811584e-01, Grad norm = 5.039853e-07, Beta update rate = 2.813575e-07
Epoch 730400 (14.6%): Train pred MSE = 1.102762e-08, Test pred MSE = 1.761223e-02, Param MSE = 1.811584e-01, Grad norm = 5.033985e-07, Beta update rate = 2.810300e-07
Epoch 730600 (14.6%): Train pred MSE = 1.100230e-08, Test pred MSE = 1.761222e-02, Param MSE = 1.811583e-01, Grad norm = 5.028123e-07, Beta update rate = 2.807029e-07
Epoch 730800 (14.6%): Train pred MSE = 1.097705e-08, Test pred MSE = 1.761222e-02, Param MSE = 1.811582e-01, Grad norm = 5.022269e-07, Beta update rate = 2.803761e-07
Epoch 731000 (14.6%): Train pred MSE = 1.095186e-08, Test pred MSE = 1.761221e-02, Param MSE = 1.811581e-01, Grad norm = 5.016421e-07, Beta update rate = 2.800498e-07
Epoch 731200 (14.6%): Train pred MSE = 1.092672e-08, Test pred MSE = 1.761221e-02, Param MSE = 1.811581e-01, Grad norm = 5.010581e-07, Beta update rate = 2.797238e-07
Epoch 731400 (14.6%): Train pred MSE = 1.090165e-08, Test pred MSE = 1.761220e-02, Param MSE = 1.811580e-01, Grad norm = 5.004747e-07, Beta update rate = 2.793983e-07
Epoch 731600 (14.6%): Train pred MSE = 1.087663e-08, Test pred MSE = 1.761220e-02, Param MSE = 1.811579e-01, Grad norm = 4.998920e-07, Beta update rate = 2.790731e-07
Epoch 731800 (14.6%): Train pred MSE = 1.085167e-08, Test pred MSE = 1.761219e-02, Param MSE = 1.811578e-01, Grad norm = 4.993101e-07, Beta update rate = 2.787483e-07
Epoch 732000 (14.6%): Train pred MSE = 1.082677e-08, Test pred MSE = 1.761219e-02, Param MSE = 1.811578e-01, Grad norm = 4.987288e-07, Beta update rate = 2.784239e-07
Epoch 732200 (14.6%): Train pred MSE = 1.080192e-08, Test pred MSE = 1.761218e-02, Param MSE = 1.811577e-01, Grad norm = 4.981482e-07, Beta update rate = 2.780999e-07
Epoch 732400 (14.6%): Train pred MSE = 1.077714e-08, Test pred MSE = 1.761218e-02, Param MSE = 1.811576e-01, Grad norm = 4.975683e-07, Beta update rate = 2.777762e-07
Epoch 732600 (14.7%): Train pred MSE = 1.075241e-08, Test pred MSE = 1.761217e-02, Param MSE = 1.811575e-01, Grad norm = 4.969891e-07, Beta update rate = 2.774530e-07
Epoch 732800 (14.7%): Train pred MSE = 1.072774e-08, Test pred MSE = 1.761217e-02, Param MSE = 1.811575e-01, Grad norm = 4.964106e-07, Beta update rate = 2.771301e-07
Epoch 733000 (14.7%): Train pred MSE = 1.070312e-08, Test pred MSE = 1.761217e-02, Param MSE = 1.811574e-01, Grad norm = 4.958328e-07, Beta update rate = 2.768077e-07
Epoch 733200 (14.7%): Train pred MSE = 1.067857e-08, Test pred MSE = 1.761216e-02, Param MSE = 1.811573e-01, Grad norm = 4.952557e-07, Beta update rate = 2.764856e-07
Epoch 733400 (14.7%): Train pred MSE = 1.065407e-08, Test pred MSE = 1.761216e-02, Param MSE = 1.811572e-01, Grad norm = 4.946793e-07, Beta update rate = 2.761639e-07
Epoch 733600 (14.7%): Train pred MSE = 1.062963e-08, Test pred MSE = 1.761215e-02, Param MSE = 1.811572e-01, Grad norm = 4.941035e-07, Beta update rate = 2.758426e-07
Epoch 733800 (14.7%): Train pred MSE = 1.060524e-08, Test pred MSE = 1.761215e-02, Param MSE = 1.811571e-01, Grad norm = 4.935285e-07, Beta update rate = 2.755216e-07
Epoch 734000 (14.7%): Train pred MSE = 1.058091e-08, Test pred MSE = 1.761214e-02, Param MSE = 1.811570e-01, Grad norm = 4.929541e-07, Beta update rate = 2.752011e-07
Epoch 734200 (14.7%): Train pred MSE = 1.055664e-08, Test pred MSE = 1.761214e-02, Param MSE = 1.811569e-01, Grad norm = 4.923804e-07, Beta update rate = 2.748809e-07
Epoch 734400 (14.7%): Train pred MSE = 1.053243e-08, Test pred MSE = 1.761213e-02, Param MSE = 1.811569e-01, Grad norm = 4.918074e-07, Beta update rate = 2.745611e-07
Epoch 734600 (14.7%): Train pred MSE = 1.050827e-08, Test pred MSE = 1.761213e-02, Param MSE = 1.811568e-01, Grad norm = 4.912351e-07, Beta update rate = 2.742417e-07
Epoch 734800 (14.7%): Train pred MSE = 1.048416e-08, Test pred MSE = 1.761212e-02, Param MSE = 1.811567e-01, Grad norm = 4.906635e-07, Beta update rate = 2.739227e-07
Epoch 735000 (14.7%): Train pred MSE = 1.046012e-08, Test pred MSE = 1.761212e-02, Param MSE = 1.811566e-01, Grad norm = 4.900926e-07, Beta update rate = 2.736041e-07
Epoch 735200 (14.7%): Train pred MSE = 1.043613e-08, Test pred MSE = 1.761211e-02, Param MSE = 1.811566e-01, Grad norm = 4.895223e-07, Beta update rate = 2.732858e-07
Epoch 735400 (14.7%): Train pred MSE = 1.041219e-08, Test pred MSE = 1.761211e-02, Param MSE = 1.811565e-01, Grad norm = 4.889527e-07, Beta update rate = 2.729679e-07
Epoch 735600 (14.7%): Train pred MSE = 1.038831e-08, Test pred MSE = 1.761210e-02, Param MSE = 1.811564e-01, Grad norm = 4.883838e-07, Beta update rate = 2.726504e-07
Epoch 735800 (14.7%): Train pred MSE = 1.036449e-08, Test pred MSE = 1.761210e-02, Param MSE = 1.811563e-01, Grad norm = 4.878156e-07, Beta update rate = 2.723333e-07
Epoch 736000 (14.7%): Train pred MSE = 1.034072e-08, Test pred MSE = 1.761209e-02, Param MSE = 1.811563e-01, Grad norm = 4.872480e-07, Beta update rate = 2.720165e-07
Epoch 736200 (14.7%): Train pred MSE = 1.031701e-08, Test pred MSE = 1.761209e-02, Param MSE = 1.811562e-01, Grad norm = 4.866811e-07, Beta update rate = 2.717002e-07
Epoch 736400 (14.7%): Train pred MSE = 1.029335e-08, Test pred MSE = 1.761208e-02, Param MSE = 1.811561e-01, Grad norm = 4.861149e-07, Beta update rate = 2.713842e-07
Epoch 736600 (14.7%): Train pred MSE = 1.026974e-08, Test pred MSE = 1.761208e-02, Param MSE = 1.811561e-01, Grad norm = 4.855494e-07, Beta update rate = 2.710686e-07
Epoch 736800 (14.7%): Train pred MSE = 1.024620e-08, Test pred MSE = 1.761208e-02, Param MSE = 1.811560e-01, Grad norm = 4.849846e-07, Beta update rate = 2.707533e-07
Epoch 737000 (14.7%): Train pred MSE = 1.022270e-08, Test pred MSE = 1.761207e-02, Param MSE = 1.811559e-01, Grad norm = 4.844204e-07, Beta update rate = 2.704385e-07
Epoch 737200 (14.7%): Train pred MSE = 1.019926e-08, Test pred MSE = 1.761207e-02, Param MSE = 1.811558e-01, Grad norm = 4.838569e-07, Beta update rate = 2.701240e-07
Epoch 737400 (14.7%): Train pred MSE = 1.017588e-08, Test pred MSE = 1.761206e-02, Param MSE = 1.811558e-01, Grad norm = 4.832941e-07, Beta update rate = 2.698099e-07
Epoch 737600 (14.8%): Train pred MSE = 1.015255e-08, Test pred MSE = 1.761206e-02, Param MSE = 1.811557e-01, Grad norm = 4.827319e-07, Beta update rate = 2.694962e-07
Epoch 737800 (14.8%): Train pred MSE = 1.012927e-08, Test pred MSE = 1.761205e-02, Param MSE = 1.811556e-01, Grad norm = 4.821704e-07, Beta update rate = 2.691828e-07
Epoch 738000 (14.8%): Train pred MSE = 1.010605e-08, Test pred MSE = 1.761205e-02, Param MSE = 1.811555e-01, Grad norm = 4.816096e-07, Beta update rate = 2.688698e-07
Epoch 738200 (14.8%): Train pred MSE = 1.008288e-08, Test pred MSE = 1.761204e-02, Param MSE = 1.811555e-01, Grad norm = 4.810495e-07, Beta update rate = 2.685572e-07
Epoch 738400 (14.8%): Train pred MSE = 1.005977e-08, Test pred MSE = 1.761204e-02, Param MSE = 1.811554e-01, Grad norm = 4.804900e-07, Beta update rate = 2.682450e-07
Epoch 738600 (14.8%): Train pred MSE = 1.003671e-08, Test pred MSE = 1.761203e-02, Param MSE = 1.811553e-01, Grad norm = 4.799312e-07, Beta update rate = 2.679331e-07
Epoch 738800 (14.8%): Train pred MSE = 1.001370e-08, Test pred MSE = 1.761203e-02, Param MSE = 1.811553e-01, Grad norm = 4.793731e-07, Beta update rate = 2.676216e-07
Epoch 739000 (14.8%): Train pred MSE = 9.990752e-09, Test pred MSE = 1.761202e-02, Param MSE = 1.811552e-01, Grad norm = 4.788156e-07, Beta update rate = 2.673105e-07
Epoch 739200 (14.8%): Train pred MSE = 9.967852e-09, Test pred MSE = 1.761202e-02, Param MSE = 1.811551e-01, Grad norm = 4.782588e-07, Beta update rate = 2.669997e-07
Epoch 739400 (14.8%): Train pred MSE = 9.945006e-09, Test pred MSE = 1.761201e-02, Param MSE = 1.811550e-01, Grad norm = 4.777026e-07, Beta update rate = 2.666894e-07
Epoch 739600 (14.8%): Train pred MSE = 9.922212e-09, Test pred MSE = 1.761201e-02, Param MSE = 1.811550e-01, Grad norm = 4.771471e-07, Beta update rate = 2.663794e-07
Epoch 739800 (14.8%): Train pred MSE = 9.899472e-09, Test pred MSE = 1.761201e-02, Param MSE = 1.811549e-01, Grad norm = 4.765923e-07, Beta update rate = 2.660697e-07
Epoch 740000 (14.8%): Train pred MSE = 9.876785e-09, Test pred MSE = 1.761200e-02, Param MSE = 1.811548e-01, Grad norm = 4.760382e-07, Beta update rate = 2.657604e-07
Epoch 740200 (14.8%): Train pred MSE = 9.854150e-09, Test pred MSE = 1.761200e-02, Param MSE = 1.811548e-01, Grad norm = 4.754847e-07, Beta update rate = 2.654515e-07
Epoch 740400 (14.8%): Train pred MSE = 9.831568e-09, Test pred MSE = 1.761199e-02, Param MSE = 1.811547e-01, Grad norm = 4.749318e-07, Beta update rate = 2.651430e-07
Epoch 740600 (14.8%): Train pred MSE = 9.809038e-09, Test pred MSE = 1.761199e-02, Param MSE = 1.811546e-01, Grad norm = 4.743796e-07, Beta update rate = 2.648348e-07
Epoch 740800 (14.8%): Train pred MSE = 9.786561e-09, Test pred MSE = 1.761198e-02, Param MSE = 1.811545e-01, Grad norm = 4.738281e-07, Beta update rate = 2.645270e-07
Epoch 741000 (14.8%): Train pred MSE = 9.764136e-09, Test pred MSE = 1.761198e-02, Param MSE = 1.811545e-01, Grad norm = 4.732773e-07, Beta update rate = 2.642196e-07
Epoch 741200 (14.8%): Train pred MSE = 9.741763e-09, Test pred MSE = 1.761197e-02, Param MSE = 1.811544e-01, Grad norm = 4.727270e-07, Beta update rate = 2.639126e-07
Epoch 741400 (14.8%): Train pred MSE = 9.719442e-09, Test pred MSE = 1.761197e-02, Param MSE = 1.811543e-01, Grad norm = 4.721775e-07, Beta update rate = 2.636059e-07
Epoch 741600 (14.8%): Train pred MSE = 9.697173e-09, Test pred MSE = 1.761196e-02, Param MSE = 1.811543e-01, Grad norm = 4.716286e-07, Beta update rate = 2.632995e-07
Epoch 741800 (14.8%): Train pred MSE = 9.674956e-09, Test pred MSE = 1.761196e-02, Param MSE = 1.811542e-01, Grad norm = 4.710804e-07, Beta update rate = 2.629936e-07
Epoch 742000 (14.8%): Train pred MSE = 9.652790e-09, Test pred MSE = 1.761196e-02, Param MSE = 1.811541e-01, Grad norm = 4.705328e-07, Beta update rate = 2.626880e-07
Epoch 742200 (14.8%): Train pred MSE = 9.630676e-09, Test pred MSE = 1.761195e-02, Param MSE = 1.811540e-01, Grad norm = 4.699858e-07, Beta update rate = 2.623827e-07
Epoch 742400 (14.8%): Train pred MSE = 9.608613e-09, Test pred MSE = 1.761195e-02, Param MSE = 1.811540e-01, Grad norm = 4.694396e-07, Beta update rate = 2.620778e-07
Epoch 742600 (14.9%): Train pred MSE = 9.586602e-09, Test pred MSE = 1.761194e-02, Param MSE = 1.811539e-01, Grad norm = 4.688939e-07, Beta update rate = 2.617733e-07
Epoch 742800 (14.9%): Train pred MSE = 9.564641e-09, Test pred MSE = 1.761194e-02, Param MSE = 1.811538e-01, Grad norm = 4.683489e-07, Beta update rate = 2.614692e-07
Epoch 743000 (14.9%): Train pred MSE = 9.542732e-09, Test pred MSE = 1.761193e-02, Param MSE = 1.811538e-01, Grad norm = 4.678046e-07, Beta update rate = 2.611654e-07
Epoch 743200 (14.9%): Train pred MSE = 9.520873e-09, Test pred MSE = 1.761193e-02, Param MSE = 1.811537e-01, Grad norm = 4.672609e-07, Beta update rate = 2.608620e-07
Epoch 743400 (14.9%): Train pred MSE = 9.499066e-09, Test pred MSE = 1.761192e-02, Param MSE = 1.811536e-01, Grad norm = 4.667179e-07, Beta update rate = 2.605589e-07
Epoch 743600 (14.9%): Train pred MSE = 9.477309e-09, Test pred MSE = 1.761192e-02, Param MSE = 1.811536e-01, Grad norm = 4.661755e-07, Beta update rate = 2.602562e-07
Epoch 743800 (14.9%): Train pred MSE = 9.455602e-09, Test pred MSE = 1.761191e-02, Param MSE = 1.811535e-01, Grad norm = 4.656338e-07, Beta update rate = 2.599539e-07
Epoch 744000 (14.9%): Train pred MSE = 9.433946e-09, Test pred MSE = 1.761191e-02, Param MSE = 1.811534e-01, Grad norm = 4.650927e-07, Beta update rate = 2.596519e-07
Epoch 744200 (14.9%): Train pred MSE = 9.412340e-09, Test pred MSE = 1.761191e-02, Param MSE = 1.811533e-01, Grad norm = 4.645522e-07, Beta update rate = 2.593503e-07
Epoch 744400 (14.9%): Train pred MSE = 9.390785e-09, Test pred MSE = 1.761190e-02, Param MSE = 1.811533e-01, Grad norm = 4.640124e-07, Beta update rate = 2.590490e-07
Epoch 744600 (14.9%): Train pred MSE = 9.369279e-09, Test pred MSE = 1.761190e-02, Param MSE = 1.811532e-01, Grad norm = 4.634733e-07, Beta update rate = 2.587481e-07
Epoch 744800 (14.9%): Train pred MSE = 9.347823e-09, Test pred MSE = 1.761189e-02, Param MSE = 1.811531e-01, Grad norm = 4.629347e-07, Beta update rate = 2.584476e-07
Epoch 745000 (14.9%): Train pred MSE = 9.326418e-09, Test pred MSE = 1.761189e-02, Param MSE = 1.811531e-01, Grad norm = 4.623969e-07, Beta update rate = 2.581474e-07
Epoch 745200 (14.9%): Train pred MSE = 9.305062e-09, Test pred MSE = 1.761188e-02, Param MSE = 1.811530e-01, Grad norm = 4.618596e-07, Beta update rate = 2.578476e-07
Epoch 745400 (14.9%): Train pred MSE = 9.283755e-09, Test pred MSE = 1.761188e-02, Param MSE = 1.811529e-01, Grad norm = 4.613230e-07, Beta update rate = 2.575481e-07
Epoch 745600 (14.9%): Train pred MSE = 9.262498e-09, Test pred MSE = 1.761187e-02, Param MSE = 1.811529e-01, Grad norm = 4.607871e-07, Beta update rate = 2.572490e-07
Epoch 745800 (14.9%): Train pred MSE = 9.241290e-09, Test pred MSE = 1.761187e-02, Param MSE = 1.811528e-01, Grad norm = 4.602517e-07, Beta update rate = 2.569503e-07
Epoch 746000 (14.9%): Train pred MSE = 9.220132e-09, Test pred MSE = 1.761187e-02, Param MSE = 1.811527e-01, Grad norm = 4.597171e-07, Beta update rate = 2.566519e-07
Epoch 746200 (14.9%): Train pred MSE = 9.199023e-09, Test pred MSE = 1.761186e-02, Param MSE = 1.811527e-01, Grad norm = 4.591830e-07, Beta update rate = 2.563538e-07
Epoch 746400 (14.9%): Train pred MSE = 9.177963e-09, Test pred MSE = 1.761186e-02, Param MSE = 1.811526e-01, Grad norm = 4.586496e-07, Beta update rate = 2.560561e-07
Epoch 746600 (14.9%): Train pred MSE = 9.156951e-09, Test pred MSE = 1.761185e-02, Param MSE = 1.811525e-01, Grad norm = 4.581168e-07, Beta update rate = 2.557588e-07
Epoch 746800 (14.9%): Train pred MSE = 9.135989e-09, Test pred MSE = 1.761185e-02, Param MSE = 1.811525e-01, Grad norm = 4.575847e-07, Beta update rate = 2.554618e-07
Epoch 747000 (14.9%): Train pred MSE = 9.115075e-09, Test pred MSE = 1.761184e-02, Param MSE = 1.811524e-01, Grad norm = 4.570532e-07, Beta update rate = 2.551652e-07
Epoch 747200 (14.9%): Train pred MSE = 9.094210e-09, Test pred MSE = 1.761184e-02, Param MSE = 1.811523e-01, Grad norm = 4.565223e-07, Beta update rate = 2.548689e-07
Epoch 747400 (14.9%): Train pred MSE = 9.073393e-09, Test pred MSE = 1.761184e-02, Param MSE = 1.811522e-01, Grad norm = 4.559921e-07, Beta update rate = 2.545730e-07
Epoch 747600 (15.0%): Train pred MSE = 9.052624e-09, Test pred MSE = 1.761183e-02, Param MSE = 1.811522e-01, Grad norm = 4.554625e-07, Beta update rate = 2.542775e-07
Epoch 747800 (15.0%): Train pred MSE = 9.031904e-09, Test pred MSE = 1.761183e-02, Param MSE = 1.811521e-01, Grad norm = 4.549335e-07, Beta update rate = 2.539822e-07
Epoch 748000 (15.0%): Train pred MSE = 9.011231e-09, Test pred MSE = 1.761182e-02, Param MSE = 1.811520e-01, Grad norm = 4.544052e-07, Beta update rate = 2.536874e-07
Epoch 748200 (15.0%): Train pred MSE = 8.990607e-09, Test pred MSE = 1.761182e-02, Param MSE = 1.811520e-01, Grad norm = 4.538775e-07, Beta update rate = 2.533929e-07
Epoch 748400 (15.0%): Train pred MSE = 8.970031e-09, Test pred MSE = 1.761181e-02, Param MSE = 1.811519e-01, Grad norm = 4.533504e-07, Beta update rate = 2.530987e-07
Epoch 748600 (15.0%): Train pred MSE = 8.949502e-09, Test pred MSE = 1.761181e-02, Param MSE = 1.811518e-01, Grad norm = 4.528239e-07, Beta update rate = 2.528049e-07
Epoch 748800 (15.0%): Train pred MSE = 8.929021e-09, Test pred MSE = 1.761180e-02, Param MSE = 1.811518e-01, Grad norm = 4.522981e-07, Beta update rate = 2.525114e-07
Epoch 749000 (15.0%): Train pred MSE = 8.908588e-09, Test pred MSE = 1.761180e-02, Param MSE = 1.811517e-01, Grad norm = 4.517729e-07, Beta update rate = 2.522183e-07
Epoch 749200 (15.0%): Train pred MSE = 8.888202e-09, Test pred MSE = 1.761180e-02, Param MSE = 1.811516e-01, Grad norm = 4.512483e-07, Beta update rate = 2.519256e-07
Epoch 749400 (15.0%): Train pred MSE = 8.867863e-09, Test pred MSE = 1.761179e-02, Param MSE = 1.811516e-01, Grad norm = 4.507244e-07, Beta update rate = 2.516332e-07
Epoch 749600 (15.0%): Train pred MSE = 8.847572e-09, Test pred MSE = 1.761179e-02, Param MSE = 1.811515e-01, Grad norm = 4.502010e-07, Beta update rate = 2.513411e-07
Epoch 749800 (15.0%): Train pred MSE = 8.827327e-09, Test pred MSE = 1.761178e-02, Param MSE = 1.811514e-01, Grad norm = 4.496783e-07, Beta update rate = 2.510494e-07
Epoch 750000 (15.0%): Train pred MSE = 8.807130e-09, Test pred MSE = 1.761178e-02, Param MSE = 1.811514e-01, Grad norm = 4.491562e-07, Beta update rate = 2.507580e-07
Epoch 750200 (15.0%): Train pred MSE = 8.786979e-09, Test pred MSE = 1.761177e-02, Param MSE = 1.811513e-01, Grad norm = 4.486348e-07, Beta update rate = 2.504670e-07
Epoch 750400 (15.0%): Train pred MSE = 8.766876e-09, Test pred MSE = 1.761177e-02, Param MSE = 1.811512e-01, Grad norm = 4.481139e-07, Beta update rate = 2.501763e-07
Epoch 750600 (15.0%): Train pred MSE = 8.746818e-09, Test pred MSE = 1.761177e-02, Param MSE = 1.811512e-01, Grad norm = 4.475937e-07, Beta update rate = 2.498860e-07
Epoch 750800 (15.0%): Train pred MSE = 8.726808e-09, Test pred MSE = 1.761176e-02, Param MSE = 1.811511e-01, Grad norm = 4.470741e-07, Beta update rate = 2.495960e-07
Epoch 751000 (15.0%): Train pred MSE = 8.706844e-09, Test pred MSE = 1.761176e-02, Param MSE = 1.811510e-01, Grad norm = 4.465551e-07, Beta update rate = 2.493064e-07
Epoch 751200 (15.0%): Train pred MSE = 8.686926e-09, Test pred MSE = 1.761175e-02, Param MSE = 1.811510e-01, Grad norm = 4.460368e-07, Beta update rate = 2.490171e-07
Epoch 751400 (15.0%): Train pred MSE = 8.667054e-09, Test pred MSE = 1.761175e-02, Param MSE = 1.811509e-01, Grad norm = 4.455190e-07, Beta update rate = 2.487282e-07
Epoch 751600 (15.0%): Train pred MSE = 8.647229e-09, Test pred MSE = 1.761174e-02, Param MSE = 1.811508e-01, Grad norm = 4.450019e-07, Beta update rate = 2.484396e-07
Epoch 751800 (15.0%): Train pred MSE = 8.627449e-09, Test pred MSE = 1.761174e-02, Param MSE = 1.811508e-01, Grad norm = 4.444854e-07, Beta update rate = 2.481513e-07
Epoch 752000 (15.0%): Train pred MSE = 8.607716e-09, Test pred MSE = 1.761174e-02, Param MSE = 1.811507e-01, Grad norm = 4.439695e-07, Beta update rate = 2.478634e-07
Epoch 752200 (15.0%): Train pred MSE = 8.588028e-09, Test pred MSE = 1.761173e-02, Param MSE = 1.811506e-01, Grad norm = 4.434542e-07, Beta update rate = 2.475758e-07
Epoch 752400 (15.0%): Train pred MSE = 8.568386e-09, Test pred MSE = 1.761173e-02, Param MSE = 1.811506e-01, Grad norm = 4.429395e-07, Beta update rate = 2.472886e-07
Epoch 752600 (15.1%): Train pred MSE = 8.548789e-09, Test pred MSE = 1.761172e-02, Param MSE = 1.811505e-01, Grad norm = 4.424255e-07, Beta update rate = 2.470017e-07
Epoch 752800 (15.1%): Train pred MSE = 8.529238e-09, Test pred MSE = 1.761172e-02, Param MSE = 1.811504e-01, Grad norm = 4.419120e-07, Beta update rate = 2.467152e-07
Epoch 753000 (15.1%): Train pred MSE = 8.509732e-09, Test pred MSE = 1.761171e-02, Param MSE = 1.811504e-01, Grad norm = 4.413992e-07, Beta update rate = 2.464289e-07
Epoch 753200 (15.1%): Train pred MSE = 8.490271e-09, Test pred MSE = 1.761171e-02, Param MSE = 1.811503e-01, Grad norm = 4.408869e-07, Beta update rate = 2.461431e-07
Epoch 753400 (15.1%): Train pred MSE = 8.470856e-09, Test pred MSE = 1.761171e-02, Param MSE = 1.811502e-01, Grad norm = 4.403753e-07, Beta update rate = 2.458576e-07
Epoch 753600 (15.1%): Train pred MSE = 8.451486e-09, Test pred MSE = 1.761170e-02, Param MSE = 1.811502e-01, Grad norm = 4.398643e-07, Beta update rate = 2.455724e-07
Epoch 753800 (15.1%): Train pred MSE = 8.432160e-09, Test pred MSE = 1.761170e-02, Param MSE = 1.811501e-01, Grad norm = 4.393539e-07, Beta update rate = 2.452875e-07
Epoch 754000 (15.1%): Train pred MSE = 8.412880e-09, Test pred MSE = 1.761169e-02, Param MSE = 1.811500e-01, Grad norm = 4.388441e-07, Beta update rate = 2.450030e-07
Epoch 754200 (15.1%): Train pred MSE = 8.393644e-09, Test pred MSE = 1.761169e-02, Param MSE = 1.811500e-01, Grad norm = 4.383349e-07, Beta update rate = 2.447189e-07
Epoch 754400 (15.1%): Train pred MSE = 8.374452e-09, Test pred MSE = 1.761169e-02, Param MSE = 1.811499e-01, Grad norm = 4.378264e-07, Beta update rate = 2.444350e-07
Epoch 754600 (15.1%): Train pred MSE = 8.355306e-09, Test pred MSE = 1.761168e-02, Param MSE = 1.811498e-01, Grad norm = 4.373184e-07, Beta update rate = 2.441515e-07
Epoch 754800 (15.1%): Train pred MSE = 8.336203e-09, Test pred MSE = 1.761168e-02, Param MSE = 1.811498e-01, Grad norm = 4.368110e-07, Beta update rate = 2.438684e-07
Epoch 755000 (15.1%): Train pred MSE = 8.317145e-09, Test pred MSE = 1.761167e-02, Param MSE = 1.811497e-01, Grad norm = 4.363043e-07, Beta update rate = 2.435856e-07
Epoch 755200 (15.1%): Train pred MSE = 8.298131e-09, Test pred MSE = 1.761167e-02, Param MSE = 1.811497e-01, Grad norm = 4.357981e-07, Beta update rate = 2.433031e-07
Epoch 755400 (15.1%): Train pred MSE = 8.279161e-09, Test pred MSE = 1.761166e-02, Param MSE = 1.811496e-01, Grad norm = 4.352925e-07, Beta update rate = 2.430210e-07
Epoch 755600 (15.1%): Train pred MSE = 8.260236e-09, Test pred MSE = 1.761166e-02, Param MSE = 1.811495e-01, Grad norm = 4.347876e-07, Beta update rate = 2.427391e-07
Epoch 755800 (15.1%): Train pred MSE = 8.241354e-09, Test pred MSE = 1.761166e-02, Param MSE = 1.811495e-01, Grad norm = 4.342832e-07, Beta update rate = 2.424577e-07
Epoch 756000 (15.1%): Train pred MSE = 8.222516e-09, Test pred MSE = 1.761165e-02, Param MSE = 1.811494e-01, Grad norm = 4.337795e-07, Beta update rate = 2.421765e-07
Epoch 756200 (15.1%): Train pred MSE = 8.203721e-09, Test pred MSE = 1.761165e-02, Param MSE = 1.811493e-01, Grad norm = 4.332763e-07, Beta update rate = 2.418957e-07
Epoch 756400 (15.1%): Train pred MSE = 8.184970e-09, Test pred MSE = 1.761164e-02, Param MSE = 1.811493e-01, Grad norm = 4.327738e-07, Beta update rate = 2.416153e-07
Epoch 756600 (15.1%): Train pred MSE = 8.166263e-09, Test pred MSE = 1.761164e-02, Param MSE = 1.811492e-01, Grad norm = 4.322718e-07, Beta update rate = 2.413351e-07
Epoch 756800 (15.1%): Train pred MSE = 8.147599e-09, Test pred MSE = 1.761164e-02, Param MSE = 1.811491e-01, Grad norm = 4.317704e-07, Beta update rate = 2.410553e-07
Epoch 757000 (15.1%): Train pred MSE = 8.128978e-09, Test pred MSE = 1.761163e-02, Param MSE = 1.811491e-01, Grad norm = 4.312697e-07, Beta update rate = 2.407759e-07
Epoch 757200 (15.1%): Train pred MSE = 8.110400e-09, Test pred MSE = 1.761163e-02, Param MSE = 1.811490e-01, Grad norm = 4.307695e-07, Beta update rate = 2.404967e-07
Epoch 757400 (15.1%): Train pred MSE = 8.091866e-09, Test pred MSE = 1.761162e-02, Param MSE = 1.811489e-01, Grad norm = 4.302699e-07, Beta update rate = 2.402179e-07
Epoch 757600 (15.2%): Train pred MSE = 8.073374e-09, Test pred MSE = 1.761162e-02, Param MSE = 1.811489e-01, Grad norm = 4.297709e-07, Beta update rate = 2.399395e-07
Epoch 757800 (15.2%): Train pred MSE = 8.054925e-09, Test pred MSE = 1.761162e-02, Param MSE = 1.811488e-01, Grad norm = 4.292726e-07, Beta update rate = 2.396613e-07
Epoch 758000 (15.2%): Train pred MSE = 8.036519e-09, Test pred MSE = 1.761161e-02, Param MSE = 1.811488e-01, Grad norm = 4.287748e-07, Beta update rate = 2.393835e-07
Epoch 758200 (15.2%): Train pred MSE = 8.018156e-09, Test pred MSE = 1.761161e-02, Param MSE = 1.811487e-01, Grad norm = 4.282776e-07, Beta update rate = 2.391060e-07
Epoch 758400 (15.2%): Train pred MSE = 7.999835e-09, Test pred MSE = 1.761160e-02, Param MSE = 1.811486e-01, Grad norm = 4.277809e-07, Beta update rate = 2.388289e-07
Epoch 758600 (15.2%): Train pred MSE = 7.981557e-09, Test pred MSE = 1.761160e-02, Param MSE = 1.811486e-01, Grad norm = 4.272849e-07, Beta update rate = 2.385521e-07
Epoch 758800 (15.2%): Train pred MSE = 7.963321e-09, Test pred MSE = 1.761159e-02, Param MSE = 1.811485e-01, Grad norm = 4.267895e-07, Beta update rate = 2.382756e-07
Epoch 759000 (15.2%): Train pred MSE = 7.945128e-09, Test pred MSE = 1.761159e-02, Param MSE = 1.811484e-01, Grad norm = 4.262947e-07, Beta update rate = 2.379994e-07
Epoch 759200 (15.2%): Train pred MSE = 7.926976e-09, Test pred MSE = 1.761159e-02, Param MSE = 1.811484e-01, Grad norm = 4.258004e-07, Beta update rate = 2.377236e-07
Epoch 759400 (15.2%): Train pred MSE = 7.908867e-09, Test pred MSE = 1.761158e-02, Param MSE = 1.811483e-01, Grad norm = 4.253067e-07, Beta update rate = 2.374481e-07
Epoch 759600 (15.2%): Train pred MSE = 7.890799e-09, Test pred MSE = 1.761158e-02, Param MSE = 1.811482e-01, Grad norm = 4.248137e-07, Beta update rate = 2.371729e-07
Epoch 759800 (15.2%): Train pred MSE = 7.872774e-09, Test pred MSE = 1.761157e-02, Param MSE = 1.811482e-01, Grad norm = 4.243212e-07, Beta update rate = 2.368980e-07
Epoch 760000 (15.2%): Train pred MSE = 7.854790e-09, Test pred MSE = 1.761157e-02, Param MSE = 1.811481e-01, Grad norm = 4.238293e-07, Beta update rate = 2.366235e-07
Epoch 760200 (15.2%): Train pred MSE = 7.836848e-09, Test pred MSE = 1.761157e-02, Param MSE = 1.811481e-01, Grad norm = 4.233379e-07, Beta update rate = 2.363493e-07
Epoch 760400 (15.2%): Train pred MSE = 7.818947e-09, Test pred MSE = 1.761156e-02, Param MSE = 1.811480e-01, Grad norm = 4.228472e-07, Beta update rate = 2.360755e-07
Epoch 760600 (15.2%): Train pred MSE = 7.801088e-09, Test pred MSE = 1.761156e-02, Param MSE = 1.811479e-01, Grad norm = 4.223571e-07, Beta update rate = 2.358019e-07
Epoch 760800 (15.2%): Train pred MSE = 7.783270e-09, Test pred MSE = 1.761155e-02, Param MSE = 1.811479e-01, Grad norm = 4.218675e-07, Beta update rate = 2.355287e-07
Epoch 761000 (15.2%): Train pred MSE = 7.765494e-09, Test pred MSE = 1.761155e-02, Param MSE = 1.811478e-01, Grad norm = 4.213785e-07, Beta update rate = 2.352558e-07
Epoch 761200 (15.2%): Train pred MSE = 7.747759e-09, Test pred MSE = 1.761155e-02, Param MSE = 1.811477e-01, Grad norm = 4.208901e-07, Beta update rate = 2.349832e-07
Epoch 761400 (15.2%): Train pred MSE = 7.730064e-09, Test pred MSE = 1.761154e-02, Param MSE = 1.811477e-01, Grad norm = 4.204023e-07, Beta update rate = 2.347110e-07
Epoch 761600 (15.2%): Train pred MSE = 7.712411e-09, Test pred MSE = 1.761154e-02, Param MSE = 1.811476e-01, Grad norm = 4.199150e-07, Beta update rate = 2.344391e-07
Epoch 761800 (15.2%): Train pred MSE = 7.694799e-09, Test pred MSE = 1.761153e-02, Param MSE = 1.811476e-01, Grad norm = 4.194284e-07, Beta update rate = 2.341675e-07
Epoch 762000 (15.2%): Train pred MSE = 7.677227e-09, Test pred MSE = 1.761153e-02, Param MSE = 1.811475e-01, Grad norm = 4.189423e-07, Beta update rate = 2.338962e-07
Epoch 762200 (15.2%): Train pred MSE = 7.659697e-09, Test pred MSE = 1.761153e-02, Param MSE = 1.811474e-01, Grad norm = 4.184568e-07, Beta update rate = 2.336252e-07
Epoch 762400 (15.2%): Train pred MSE = 7.642206e-09, Test pred MSE = 1.761152e-02, Param MSE = 1.811474e-01, Grad norm = 4.179718e-07, Beta update rate = 2.333546e-07
Epoch 762600 (15.3%): Train pred MSE = 7.624757e-09, Test pred MSE = 1.761152e-02, Param MSE = 1.811473e-01, Grad norm = 4.174875e-07, Beta update rate = 2.330843e-07
Epoch 762800 (15.3%): Train pred MSE = 7.607348e-09, Test pred MSE = 1.761151e-02, Param MSE = 1.811472e-01, Grad norm = 4.170037e-07, Beta update rate = 2.328143e-07
Epoch 763000 (15.3%): Train pred MSE = 7.589979e-09, Test pred MSE = 1.761151e-02, Param MSE = 1.811472e-01, Grad norm = 4.165205e-07, Beta update rate = 2.325447e-07
Epoch 763200 (15.3%): Train pred MSE = 7.572650e-09, Test pred MSE = 1.761151e-02, Param MSE = 1.811471e-01, Grad norm = 4.160379e-07, Beta update rate = 2.322753e-07
Epoch 763400 (15.3%): Train pred MSE = 7.555361e-09, Test pred MSE = 1.761150e-02, Param MSE = 1.811471e-01, Grad norm = 4.155558e-07, Beta update rate = 2.320063e-07
Epoch 763600 (15.3%): Train pred MSE = 7.538113e-09, Test pred MSE = 1.761150e-02, Param MSE = 1.811470e-01, Grad norm = 4.150743e-07, Beta update rate = 2.317376e-07
Epoch 763800 (15.3%): Train pred MSE = 7.520904e-09, Test pred MSE = 1.761149e-02, Param MSE = 1.811469e-01, Grad norm = 4.145934e-07, Beta update rate = 2.314692e-07
Epoch 764000 (15.3%): Train pred MSE = 7.503736e-09, Test pred MSE = 1.761149e-02, Param MSE = 1.811469e-01, Grad norm = 4.141131e-07, Beta update rate = 2.312011e-07
Epoch 764200 (15.3%): Train pred MSE = 7.486607e-09, Test pred MSE = 1.761149e-02, Param MSE = 1.811468e-01, Grad norm = 4.136333e-07, Beta update rate = 2.309334e-07
Epoch 764400 (15.3%): Train pred MSE = 7.469517e-09, Test pred MSE = 1.761148e-02, Param MSE = 1.811467e-01, Grad norm = 4.131541e-07, Beta update rate = 2.306660e-07
Epoch 764600 (15.3%): Train pred MSE = 7.452468e-09, Test pred MSE = 1.761148e-02, Param MSE = 1.811467e-01, Grad norm = 4.126755e-07, Beta update rate = 2.303988e-07
Epoch 764800 (15.3%): Train pred MSE = 7.435457e-09, Test pred MSE = 1.761148e-02, Param MSE = 1.811466e-01, Grad norm = 4.121974e-07, Beta update rate = 2.301321e-07
Epoch 765000 (15.3%): Train pred MSE = 7.418487e-09, Test pred MSE = 1.761147e-02, Param MSE = 1.811466e-01, Grad norm = 4.117199e-07, Beta update rate = 2.298656e-07
Epoch 765200 (15.3%): Train pred MSE = 7.401555e-09, Test pred MSE = 1.761147e-02, Param MSE = 1.811465e-01, Grad norm = 4.112430e-07, Beta update rate = 2.295994e-07
Epoch 765400 (15.3%): Train pred MSE = 7.384663e-09, Test pred MSE = 1.761146e-02, Param MSE = 1.811464e-01, Grad norm = 4.107667e-07, Beta update rate = 2.293336e-07
Epoch 765600 (15.3%): Train pred MSE = 7.367809e-09, Test pred MSE = 1.761146e-02, Param MSE = 1.811464e-01, Grad norm = 4.102909e-07, Beta update rate = 2.290680e-07
Epoch 765800 (15.3%): Train pred MSE = 7.350995e-09, Test pred MSE = 1.761146e-02, Param MSE = 1.811463e-01, Grad norm = 4.098156e-07, Beta update rate = 2.288028e-07
Epoch 766000 (15.3%): Train pred MSE = 7.334220e-09, Test pred MSE = 1.761145e-02, Param MSE = 1.811463e-01, Grad norm = 4.093410e-07, Beta update rate = 2.285379e-07
Epoch 766200 (15.3%): Train pred MSE = 7.317484e-09, Test pred MSE = 1.761145e-02, Param MSE = 1.811462e-01, Grad norm = 4.088669e-07, Beta update rate = 2.282734e-07
Epoch 766400 (15.3%): Train pred MSE = 7.300786e-09, Test pred MSE = 1.761144e-02, Param MSE = 1.811461e-01, Grad norm = 4.083934e-07, Beta update rate = 2.280091e-07
Epoch 766600 (15.3%): Train pred MSE = 7.284127e-09, Test pred MSE = 1.761144e-02, Param MSE = 1.811461e-01, Grad norm = 4.079204e-07, Beta update rate = 2.277451e-07
Epoch 766800 (15.3%): Train pred MSE = 7.267506e-09, Test pred MSE = 1.761144e-02, Param MSE = 1.811460e-01, Grad norm = 4.074480e-07, Beta update rate = 2.274815e-07
Epoch 767000 (15.3%): Train pred MSE = 7.250924e-09, Test pred MSE = 1.761143e-02, Param MSE = 1.811460e-01, Grad norm = 4.069761e-07, Beta update rate = 2.272182e-07
Epoch 767200 (15.3%): Train pred MSE = 7.234381e-09, Test pred MSE = 1.761143e-02, Param MSE = 1.811459e-01, Grad norm = 4.065048e-07, Beta update rate = 2.269551e-07
Epoch 767400 (15.3%): Train pred MSE = 7.217875e-09, Test pred MSE = 1.761142e-02, Param MSE = 1.811458e-01, Grad norm = 4.060341e-07, Beta update rate = 2.266924e-07
Epoch 767600 (15.4%): Train pred MSE = 7.201408e-09, Test pred MSE = 1.761142e-02, Param MSE = 1.811458e-01, Grad norm = 4.055640e-07, Beta update rate = 2.264301e-07
Epoch 767800 (15.4%): Train pred MSE = 7.184979e-09, Test pred MSE = 1.761142e-02, Param MSE = 1.811457e-01, Grad norm = 4.050943e-07, Beta update rate = 2.261680e-07
Epoch 768000 (15.4%): Train pred MSE = 7.168588e-09, Test pred MSE = 1.761141e-02, Param MSE = 1.811457e-01, Grad norm = 4.046253e-07, Beta update rate = 2.259062e-07
Epoch 768200 (15.4%): Train pred MSE = 7.152235e-09, Test pred MSE = 1.761141e-02, Param MSE = 1.811456e-01, Grad norm = 4.041568e-07, Beta update rate = 2.256448e-07
Epoch 768400 (15.4%): Train pred MSE = 7.135920e-09, Test pred MSE = 1.761141e-02, Param MSE = 1.811455e-01, Grad norm = 4.036889e-07, Beta update rate = 2.253836e-07
Epoch 768600 (15.4%): Train pred MSE = 7.119642e-09, Test pred MSE = 1.761140e-02, Param MSE = 1.811455e-01, Grad norm = 4.032215e-07, Beta update rate = 2.251228e-07
Epoch 768800 (15.4%): Train pred MSE = 7.103403e-09, Test pred MSE = 1.761140e-02, Param MSE = 1.811454e-01, Grad norm = 4.027547e-07, Beta update rate = 2.248623e-07
Epoch 769000 (15.4%): Train pred MSE = 7.087200e-09, Test pred MSE = 1.761139e-02, Param MSE = 1.811454e-01, Grad norm = 4.022884e-07, Beta update rate = 2.246020e-07
Epoch 769200 (15.4%): Train pred MSE = 7.071036e-09, Test pred MSE = 1.761139e-02, Param MSE = 1.811453e-01, Grad norm = 4.018227e-07, Beta update rate = 2.243421e-07
Epoch 769400 (15.4%): Train pred MSE = 7.054908e-09, Test pred MSE = 1.761139e-02, Param MSE = 1.811452e-01, Grad norm = 4.013575e-07, Beta update rate = 2.240825e-07
Epoch 769600 (15.4%): Train pred MSE = 7.038818e-09, Test pred MSE = 1.761138e-02, Param MSE = 1.811452e-01, Grad norm = 4.008929e-07, Beta update rate = 2.238232e-07
Epoch 769800 (15.4%): Train pred MSE = 7.022766e-09, Test pred MSE = 1.761138e-02, Param MSE = 1.811451e-01, Grad norm = 4.004288e-07, Beta update rate = 2.235643e-07
Epoch 770000 (15.4%): Train pred MSE = 7.006750e-09, Test pred MSE = 1.761137e-02, Param MSE = 1.811451e-01, Grad norm = 3.999653e-07, Beta update rate = 2.233056e-07
Epoch 770200 (15.4%): Train pred MSE = 6.990771e-09, Test pred MSE = 1.761137e-02, Param MSE = 1.811450e-01, Grad norm = 3.995024e-07, Beta update rate = 2.230472e-07
Epoch 770400 (15.4%): Train pred MSE = 6.974830e-09, Test pred MSE = 1.761137e-02, Param MSE = 1.811449e-01, Grad norm = 3.990400e-07, Beta update rate = 2.227892e-07
Epoch 770600 (15.4%): Train pred MSE = 6.958925e-09, Test pred MSE = 1.761136e-02, Param MSE = 1.811449e-01, Grad norm = 3.985781e-07, Beta update rate = 2.225314e-07
Epoch 770800 (15.4%): Train pred MSE = 6.943057e-09, Test pred MSE = 1.761136e-02, Param MSE = 1.811448e-01, Grad norm = 3.981168e-07, Beta update rate = 2.222740e-07
Epoch 771000 (15.4%): Train pred MSE = 6.927226e-09, Test pred MSE = 1.761136e-02, Param MSE = 1.811448e-01, Grad norm = 3.976560e-07, Beta update rate = 2.220168e-07
Epoch 771200 (15.4%): Train pred MSE = 6.911431e-09, Test pred MSE = 1.761135e-02, Param MSE = 1.811447e-01, Grad norm = 3.971958e-07, Beta update rate = 2.217600e-07
Epoch 771400 (15.4%): Train pred MSE = 6.895673e-09, Test pred MSE = 1.761135e-02, Param MSE = 1.811446e-01, Grad norm = 3.967362e-07, Beta update rate = 2.215035e-07
Epoch 771600 (15.4%): Train pred MSE = 6.879952e-09, Test pred MSE = 1.761134e-02, Param MSE = 1.811446e-01, Grad norm = 3.962770e-07, Beta update rate = 2.212472e-07
Epoch 771800 (15.4%): Train pred MSE = 6.864266e-09, Test pred MSE = 1.761134e-02, Param MSE = 1.811445e-01, Grad norm = 3.958185e-07, Beta update rate = 2.209913e-07
Epoch 772000 (15.4%): Train pred MSE = 6.848617e-09, Test pred MSE = 1.761134e-02, Param MSE = 1.811445e-01, Grad norm = 3.953604e-07, Beta update rate = 2.207357e-07
Epoch 772200 (15.4%): Train pred MSE = 6.833005e-09, Test pred MSE = 1.761133e-02, Param MSE = 1.811444e-01, Grad norm = 3.949029e-07, Beta update rate = 2.204804e-07
Epoch 772400 (15.4%): Train pred MSE = 6.817428e-09, Test pred MSE = 1.761133e-02, Param MSE = 1.811444e-01, Grad norm = 3.944460e-07, Beta update rate = 2.202254e-07
Epoch 772600 (15.5%): Train pred MSE = 6.801887e-09, Test pred MSE = 1.761133e-02, Param MSE = 1.811443e-01, Grad norm = 3.939896e-07, Beta update rate = 2.199707e-07
Epoch 772800 (15.5%): Train pred MSE = 6.786383e-09, Test pred MSE = 1.761132e-02, Param MSE = 1.811442e-01, Grad norm = 3.935337e-07, Beta update rate = 2.197163e-07
Epoch 773000 (15.5%): Train pred MSE = 6.770914e-09, Test pred MSE = 1.761132e-02, Param MSE = 1.811442e-01, Grad norm = 3.930784e-07, Beta update rate = 2.194622e-07
Epoch 773200 (15.5%): Train pred MSE = 6.755481e-09, Test pred MSE = 1.761131e-02, Param MSE = 1.811441e-01, Grad norm = 3.926236e-07, Beta update rate = 2.192084e-07
Epoch 773400 (15.5%): Train pred MSE = 6.740083e-09, Test pred MSE = 1.761131e-02, Param MSE = 1.811441e-01, Grad norm = 3.921694e-07, Beta update rate = 2.189549e-07
Epoch 773600 (15.5%): Train pred MSE = 6.724722e-09, Test pred MSE = 1.761131e-02, Param MSE = 1.811440e-01, Grad norm = 3.917157e-07, Beta update rate = 2.187017e-07
Epoch 773800 (15.5%): Train pred MSE = 6.709395e-09, Test pred MSE = 1.761130e-02, Param MSE = 1.811439e-01, Grad norm = 3.912625e-07, Beta update rate = 2.184488e-07
Epoch 774000 (15.5%): Train pred MSE = 6.694105e-09, Test pred MSE = 1.761130e-02, Param MSE = 1.811439e-01, Grad norm = 3.908099e-07, Beta update rate = 2.181962e-07
Epoch 774200 (15.5%): Train pred MSE = 6.678849e-09, Test pred MSE = 1.761130e-02, Param MSE = 1.811438e-01, Grad norm = 3.903578e-07, Beta update rate = 2.179439e-07
Epoch 774400 (15.5%): Train pred MSE = 6.663629e-09, Test pred MSE = 1.761129e-02, Param MSE = 1.811438e-01, Grad norm = 3.899063e-07, Beta update rate = 2.176919e-07
Epoch 774600 (15.5%): Train pred MSE = 6.648444e-09, Test pred MSE = 1.761129e-02, Param MSE = 1.811437e-01, Grad norm = 3.894552e-07, Beta update rate = 2.174402e-07
Epoch 774800 (15.5%): Train pred MSE = 6.633294e-09, Test pred MSE = 1.761129e-02, Param MSE = 1.811437e-01, Grad norm = 3.890048e-07, Beta update rate = 2.171888e-07
Epoch 775000 (15.5%): Train pred MSE = 6.618179e-09, Test pred MSE = 1.761128e-02, Param MSE = 1.811436e-01, Grad norm = 3.885548e-07, Beta update rate = 2.169377e-07
Epoch 775200 (15.5%): Train pred MSE = 6.603099e-09, Test pred MSE = 1.761128e-02, Param MSE = 1.811435e-01, Grad norm = 3.881054e-07, Beta update rate = 2.166869e-07
Epoch 775400 (15.5%): Train pred MSE = 6.588054e-09, Test pred MSE = 1.761127e-02, Param MSE = 1.811435e-01, Grad norm = 3.876565e-07, Beta update rate = 2.164364e-07
Epoch 775600 (15.5%): Train pred MSE = 6.573044e-09, Test pred MSE = 1.761127e-02, Param MSE = 1.811434e-01, Grad norm = 3.872082e-07, Beta update rate = 2.161861e-07
Epoch 775800 (15.5%): Train pred MSE = 6.558069e-09, Test pred MSE = 1.761127e-02, Param MSE = 1.811434e-01, Grad norm = 3.867604e-07, Beta update rate = 2.159362e-07
Epoch 776000 (15.5%): Train pred MSE = 6.543128e-09, Test pred MSE = 1.761126e-02, Param MSE = 1.811433e-01, Grad norm = 3.863131e-07, Beta update rate = 2.156866e-07
Epoch 776200 (15.5%): Train pred MSE = 6.528221e-09, Test pred MSE = 1.761126e-02, Param MSE = 1.811433e-01, Grad norm = 3.858663e-07, Beta update rate = 2.154373e-07
Epoch 776400 (15.5%): Train pred MSE = 6.513349e-09, Test pred MSE = 1.761126e-02, Param MSE = 1.811432e-01, Grad norm = 3.854201e-07, Beta update rate = 2.151883e-07
Epoch 776600 (15.5%): Train pred MSE = 6.498512e-09, Test pred MSE = 1.761125e-02, Param MSE = 1.811431e-01, Grad norm = 3.849744e-07, Beta update rate = 2.149395e-07
Epoch 776800 (15.5%): Train pred MSE = 6.483708e-09, Test pred MSE = 1.761125e-02, Param MSE = 1.811431e-01, Grad norm = 3.845293e-07, Beta update rate = 2.146911e-07
Epoch 777000 (15.5%): Train pred MSE = 6.468939e-09, Test pred MSE = 1.761125e-02, Param MSE = 1.811430e-01, Grad norm = 3.840846e-07, Beta update rate = 2.144430e-07
Epoch 777200 (15.5%): Train pred MSE = 6.454204e-09, Test pred MSE = 1.761124e-02, Param MSE = 1.811430e-01, Grad norm = 3.836405e-07, Beta update rate = 2.141951e-07
Epoch 777400 (15.5%): Train pred MSE = 6.439504e-09, Test pred MSE = 1.761124e-02, Param MSE = 1.811429e-01, Grad norm = 3.831970e-07, Beta update rate = 2.139476e-07
Epoch 777600 (15.6%): Train pred MSE = 6.424837e-09, Test pred MSE = 1.761123e-02, Param MSE = 1.811429e-01, Grad norm = 3.827539e-07, Beta update rate = 2.137003e-07
Epoch 777800 (15.6%): Train pred MSE = 6.410204e-09, Test pred MSE = 1.761123e-02, Param MSE = 1.811428e-01, Grad norm = 3.823114e-07, Beta update rate = 2.134534e-07
Epoch 778000 (15.6%): Train pred MSE = 6.395605e-09, Test pred MSE = 1.761123e-02, Param MSE = 1.811427e-01, Grad norm = 3.818694e-07, Beta update rate = 2.132067e-07
Epoch 778200 (15.6%): Train pred MSE = 6.381039e-09, Test pred MSE = 1.761122e-02, Param MSE = 1.811427e-01, Grad norm = 3.814279e-07, Beta update rate = 2.129603e-07
Epoch 778400 (15.6%): Train pred MSE = 6.366507e-09, Test pred MSE = 1.761122e-02, Param MSE = 1.811426e-01, Grad norm = 3.809870e-07, Beta update rate = 2.127142e-07
Epoch 778600 (15.6%): Train pred MSE = 6.352009e-09, Test pred MSE = 1.761122e-02, Param MSE = 1.811426e-01, Grad norm = 3.805465e-07, Beta update rate = 2.124684e-07
Epoch 778800 (15.6%): Train pred MSE = 6.337544e-09, Test pred MSE = 1.761121e-02, Param MSE = 1.811425e-01, Grad norm = 3.801066e-07, Beta update rate = 2.122229e-07
Epoch 779000 (15.6%): Train pred MSE = 6.323113e-09, Test pred MSE = 1.761121e-02, Param MSE = 1.811425e-01, Grad norm = 3.796672e-07, Beta update rate = 2.119777e-07
Epoch 779200 (15.6%): Train pred MSE = 6.308715e-09, Test pred MSE = 1.761121e-02, Param MSE = 1.811424e-01, Grad norm = 3.792284e-07, Beta update rate = 2.117328e-07
Epoch 779400 (15.6%): Train pred MSE = 6.294351e-09, Test pred MSE = 1.761120e-02, Param MSE = 1.811424e-01, Grad norm = 3.787900e-07, Beta update rate = 2.114882e-07
Epoch 779600 (15.6%): Train pred MSE = 6.280019e-09, Test pred MSE = 1.761120e-02, Param MSE = 1.811423e-01, Grad norm = 3.783522e-07, Beta update rate = 2.112438e-07
Epoch 779800 (15.6%): Train pred MSE = 6.265721e-09, Test pred MSE = 1.761119e-02, Param MSE = 1.811422e-01, Grad norm = 3.779149e-07, Beta update rate = 2.109998e-07
Epoch 780000 (15.6%): Train pred MSE = 6.251455e-09, Test pred MSE = 1.761119e-02, Param MSE = 1.811422e-01, Grad norm = 3.774781e-07, Beta update rate = 2.107560e-07
Epoch 780200 (15.6%): Train pred MSE = 6.237223e-09, Test pred MSE = 1.761119e-02, Param MSE = 1.811421e-01, Grad norm = 3.770418e-07, Beta update rate = 2.105126e-07
Epoch 780400 (15.6%): Train pred MSE = 6.223023e-09, Test pred MSE = 1.761118e-02, Param MSE = 1.811421e-01, Grad norm = 3.766061e-07, Beta update rate = 2.102694e-07
Epoch 780600 (15.6%): Train pred MSE = 6.208857e-09, Test pred MSE = 1.761118e-02, Param MSE = 1.811420e-01, Grad norm = 3.761709e-07, Beta update rate = 2.100265e-07
Epoch 780800 (15.6%): Train pred MSE = 6.194723e-09, Test pred MSE = 1.761118e-02, Param MSE = 1.811420e-01, Grad norm = 3.757361e-07, Beta update rate = 2.097839e-07
Epoch 781000 (15.6%): Train pred MSE = 6.180621e-09, Test pred MSE = 1.761117e-02, Param MSE = 1.811419e-01, Grad norm = 3.753019e-07, Beta update rate = 2.095416e-07
Epoch 781200 (15.6%): Train pred MSE = 6.166553e-09, Test pred MSE = 1.761117e-02, Param MSE = 1.811419e-01, Grad norm = 3.748683e-07, Beta update rate = 2.092995e-07
Epoch 781400 (15.6%): Train pred MSE = 6.152516e-09, Test pred MSE = 1.761117e-02, Param MSE = 1.811418e-01, Grad norm = 3.744351e-07, Beta update rate = 2.090578e-07
Epoch 781600 (15.6%): Train pred MSE = 6.138513e-09, Test pred MSE = 1.761116e-02, Param MSE = 1.811417e-01, Grad norm = 3.740024e-07, Beta update rate = 2.088163e-07
Epoch 781800 (15.6%): Train pred MSE = 6.124541e-09, Test pred MSE = 1.761116e-02, Param MSE = 1.811417e-01, Grad norm = 3.735703e-07, Beta update rate = 2.085752e-07
Epoch 782000 (15.6%): Train pred MSE = 6.110602e-09, Test pred MSE = 1.761116e-02, Param MSE = 1.811416e-01, Grad norm = 3.731387e-07, Beta update rate = 2.083343e-07
Epoch 782200 (15.6%): Train pred MSE = 6.096695e-09, Test pred MSE = 1.761115e-02, Param MSE = 1.811416e-01, Grad norm = 3.727075e-07, Beta update rate = 2.080937e-07
Epoch 782400 (15.6%): Train pred MSE = 6.082820e-09, Test pred MSE = 1.761115e-02, Param MSE = 1.811415e-01, Grad norm = 3.722769e-07, Beta update rate = 2.078534e-07
Epoch 782600 (15.7%): Train pred MSE = 6.068977e-09, Test pred MSE = 1.761115e-02, Param MSE = 1.811415e-01, Grad norm = 3.718468e-07, Beta update rate = 2.076133e-07
Epoch 782800 (15.7%): Train pred MSE = 6.055166e-09, Test pred MSE = 1.761114e-02, Param MSE = 1.811414e-01, Grad norm = 3.714172e-07, Beta update rate = 2.073736e-07
Epoch 783000 (15.7%): Train pred MSE = 6.041387e-09, Test pred MSE = 1.761114e-02, Param MSE = 1.811414e-01, Grad norm = 3.709882e-07, Beta update rate = 2.071341e-07
Epoch 783200 (15.7%): Train pred MSE = 6.027640e-09, Test pred MSE = 1.761113e-02, Param MSE = 1.811413e-01, Grad norm = 3.705596e-07, Beta update rate = 2.068950e-07
Epoch 783400 (15.7%): Train pred MSE = 6.013924e-09, Test pred MSE = 1.761113e-02, Param MSE = 1.811412e-01, Grad norm = 3.701315e-07, Beta update rate = 2.066561e-07
Epoch 783600 (15.7%): Train pred MSE = 6.000241e-09, Test pred MSE = 1.761113e-02, Param MSE = 1.811412e-01, Grad norm = 3.697040e-07, Beta update rate = 2.064175e-07
Epoch 783800 (15.7%): Train pred MSE = 5.986588e-09, Test pred MSE = 1.761112e-02, Param MSE = 1.811411e-01, Grad norm = 3.692769e-07, Beta update rate = 2.061791e-07
Epoch 784000 (15.7%): Train pred MSE = 5.972968e-09, Test pred MSE = 1.761112e-02, Param MSE = 1.811411e-01, Grad norm = 3.688504e-07, Beta update rate = 2.059411e-07
Epoch 784200 (15.7%): Train pred MSE = 5.959378e-09, Test pred MSE = 1.761112e-02, Param MSE = 1.811410e-01, Grad norm = 3.684243e-07, Beta update rate = 2.057033e-07
Epoch 784400 (15.7%): Train pred MSE = 5.945821e-09, Test pred MSE = 1.761111e-02, Param MSE = 1.811410e-01, Grad norm = 3.679988e-07, Beta update rate = 2.054659e-07
Epoch 784600 (15.7%): Train pred MSE = 5.932294e-09, Test pred MSE = 1.761111e-02, Param MSE = 1.811409e-01, Grad norm = 3.675738e-07, Beta update rate = 2.052287e-07
Epoch 784800 (15.7%): Train pred MSE = 5.918799e-09, Test pred MSE = 1.761111e-02, Param MSE = 1.811409e-01, Grad norm = 3.671493e-07, Beta update rate = 2.049917e-07
Epoch 785000 (15.7%): Train pred MSE = 5.905335e-09, Test pred MSE = 1.761110e-02, Param MSE = 1.811408e-01, Grad norm = 3.667252e-07, Beta update rate = 2.047551e-07
Epoch 785200 (15.7%): Train pred MSE = 5.891901e-09, Test pred MSE = 1.761110e-02, Param MSE = 1.811408e-01, Grad norm = 3.663017e-07, Beta update rate = 2.045188e-07
Epoch 785400 (15.7%): Train pred MSE = 5.878499e-09, Test pred MSE = 1.761110e-02, Param MSE = 1.811407e-01, Grad norm = 3.658787e-07, Beta update rate = 2.042827e-07
Epoch 785600 (15.7%): Train pred MSE = 5.865128e-09, Test pred MSE = 1.761109e-02, Param MSE = 1.811406e-01, Grad norm = 3.654562e-07, Beta update rate = 2.040469e-07
Epoch 785800 (15.7%): Train pred MSE = 5.851788e-09, Test pred MSE = 1.761109e-02, Param MSE = 1.811406e-01, Grad norm = 3.650342e-07, Beta update rate = 2.038114e-07
Epoch 786000 (15.7%): Train pred MSE = 5.838478e-09, Test pred MSE = 1.761109e-02, Param MSE = 1.811405e-01, Grad norm = 3.646127e-07, Beta update rate = 2.035761e-07
Epoch 786200 (15.7%): Train pred MSE = 5.825200e-09, Test pred MSE = 1.761108e-02, Param MSE = 1.811405e-01, Grad norm = 3.641916e-07, Beta update rate = 2.033412e-07
Epoch 786400 (15.7%): Train pred MSE = 5.811952e-09, Test pred MSE = 1.761108e-02, Param MSE = 1.811404e-01, Grad norm = 3.637711e-07, Beta update rate = 2.031065e-07
Epoch 786600 (15.7%): Train pred MSE = 5.798734e-09, Test pred MSE = 1.761108e-02, Param MSE = 1.811404e-01, Grad norm = 3.633511e-07, Beta update rate = 2.028721e-07
Epoch 786800 (15.7%): Train pred MSE = 5.785547e-09, Test pred MSE = 1.761107e-02, Param MSE = 1.811403e-01, Grad norm = 3.629316e-07, Beta update rate = 2.026380e-07
Epoch 787000 (15.7%): Train pred MSE = 5.772390e-09, Test pred MSE = 1.761107e-02, Param MSE = 1.811403e-01, Grad norm = 3.625126e-07, Beta update rate = 2.024041e-07
Epoch 787200 (15.7%): Train pred MSE = 5.759264e-09, Test pred MSE = 1.761107e-02, Param MSE = 1.811402e-01, Grad norm = 3.620940e-07, Beta update rate = 2.021706e-07
Epoch 787400 (15.7%): Train pred MSE = 5.746168e-09, Test pred MSE = 1.761106e-02, Param MSE = 1.811402e-01, Grad norm = 3.616760e-07, Beta update rate = 2.019373e-07
Epoch 787600 (15.8%): Train pred MSE = 5.733102e-09, Test pred MSE = 1.761106e-02, Param MSE = 1.811401e-01, Grad norm = 3.612585e-07, Beta update rate = 2.017043e-07
Epoch 787800 (15.8%): Train pred MSE = 5.720067e-09, Test pred MSE = 1.761106e-02, Param MSE = 1.811401e-01, Grad norm = 3.608414e-07, Beta update rate = 2.014715e-07
Epoch 788000 (15.8%): Train pred MSE = 5.707061e-09, Test pred MSE = 1.761105e-02, Param MSE = 1.811400e-01, Grad norm = 3.604249e-07, Beta update rate = 2.012391e-07
Epoch 788200 (15.8%): Train pred MSE = 5.694086e-09, Test pred MSE = 1.761105e-02, Param MSE = 1.811400e-01, Grad norm = 3.600089e-07, Beta update rate = 2.010069e-07
Epoch 788400 (15.8%): Train pred MSE = 5.681140e-09, Test pred MSE = 1.761105e-02, Param MSE = 1.811399e-01, Grad norm = 3.595933e-07, Beta update rate = 2.007750e-07
Epoch 788600 (15.8%): Train pred MSE = 5.668224e-09, Test pred MSE = 1.761104e-02, Param MSE = 1.811398e-01, Grad norm = 3.591782e-07, Beta update rate = 2.005433e-07
Epoch 788800 (15.8%): Train pred MSE = 5.655339e-09, Test pred MSE = 1.761104e-02, Param MSE = 1.811398e-01, Grad norm = 3.587637e-07, Beta update rate = 2.003120e-07
Epoch 789000 (15.8%): Train pred MSE = 5.642482e-09, Test pred MSE = 1.761104e-02, Param MSE = 1.811397e-01, Grad norm = 3.583496e-07, Beta update rate = 2.000809e-07
Epoch 789200 (15.8%): Train pred MSE = 5.629656e-09, Test pred MSE = 1.761103e-02, Param MSE = 1.811397e-01, Grad norm = 3.579360e-07, Beta update rate = 1.998500e-07
Epoch 789400 (15.8%): Train pred MSE = 5.616859e-09, Test pred MSE = 1.761103e-02, Param MSE = 1.811396e-01, Grad norm = 3.575229e-07, Beta update rate = 1.996195e-07
Epoch 789600 (15.8%): Train pred MSE = 5.604092e-09, Test pred MSE = 1.761103e-02, Param MSE = 1.811396e-01, Grad norm = 3.571103e-07, Beta update rate = 1.993892e-07
Epoch 789800 (15.8%): Train pred MSE = 5.591354e-09, Test pred MSE = 1.761102e-02, Param MSE = 1.811395e-01, Grad norm = 3.566981e-07, Beta update rate = 1.991592e-07
Epoch 790000 (15.8%): Train pred MSE = 5.578645e-09, Test pred MSE = 1.761102e-02, Param MSE = 1.811395e-01, Grad norm = 3.562865e-07, Beta update rate = 1.989295e-07
Epoch 790200 (15.8%): Train pred MSE = 5.565966e-09, Test pred MSE = 1.761102e-02, Param MSE = 1.811394e-01, Grad norm = 3.558754e-07, Beta update rate = 1.987001e-07
Epoch 790400 (15.8%): Train pred MSE = 5.553316e-09, Test pred MSE = 1.761101e-02, Param MSE = 1.811394e-01, Grad norm = 3.554647e-07, Beta update rate = 1.984709e-07
Epoch 790600 (15.8%): Train pred MSE = 5.540695e-09, Test pred MSE = 1.761101e-02, Param MSE = 1.811393e-01, Grad norm = 3.550545e-07, Beta update rate = 1.982420e-07
Epoch 790800 (15.8%): Train pred MSE = 5.528103e-09, Test pred MSE = 1.761101e-02, Param MSE = 1.811393e-01, Grad norm = 3.546448e-07, Beta update rate = 1.980133e-07
Epoch 791000 (15.8%): Train pred MSE = 5.515541e-09, Test pred MSE = 1.761100e-02, Param MSE = 1.811392e-01, Grad norm = 3.542356e-07, Beta update rate = 1.977850e-07
Epoch 791200 (15.8%): Train pred MSE = 5.503007e-09, Test pred MSE = 1.761100e-02, Param MSE = 1.811392e-01, Grad norm = 3.538269e-07, Beta update rate = 1.975569e-07
Epoch 791400 (15.8%): Train pred MSE = 5.490502e-09, Test pred MSE = 1.761100e-02, Param MSE = 1.811391e-01, Grad norm = 3.534187e-07, Beta update rate = 1.973291e-07
Epoch 791600 (15.8%): Train pred MSE = 5.478026e-09, Test pred MSE = 1.761099e-02, Param MSE = 1.811391e-01, Grad norm = 3.530109e-07, Beta update rate = 1.971015e-07
Epoch 791800 (15.8%): Train pred MSE = 5.465579e-09, Test pred MSE = 1.761099e-02, Param MSE = 1.811390e-01, Grad norm = 3.526037e-07, Beta update rate = 1.968742e-07
Epoch 792000 (15.8%): Train pred MSE = 5.453160e-09, Test pred MSE = 1.761099e-02, Param MSE = 1.811390e-01, Grad norm = 3.521969e-07, Beta update rate = 1.966472e-07
Epoch 792200 (15.8%): Train pred MSE = 5.440771e-09, Test pred MSE = 1.761098e-02, Param MSE = 1.811389e-01, Grad norm = 3.517906e-07, Beta update rate = 1.964204e-07
Epoch 792400 (15.8%): Train pred MSE = 5.428409e-09, Test pred MSE = 1.761098e-02, Param MSE = 1.811389e-01, Grad norm = 3.513847e-07, Beta update rate = 1.961940e-07
Epoch 792600 (15.9%): Train pred MSE = 5.416077e-09, Test pred MSE = 1.761098e-02, Param MSE = 1.811388e-01, Grad norm = 3.509794e-07, Beta update rate = 1.959678e-07
Epoch 792800 (15.9%): Train pred MSE = 5.403772e-09, Test pred MSE = 1.761097e-02, Param MSE = 1.811388e-01, Grad norm = 3.505745e-07, Beta update rate = 1.957418e-07
Epoch 793000 (15.9%): Train pred MSE = 5.391496e-09, Test pred MSE = 1.761097e-02, Param MSE = 1.811387e-01, Grad norm = 3.501701e-07, Beta update rate = 1.955161e-07
Epoch 793200 (15.9%): Train pred MSE = 5.379249e-09, Test pred MSE = 1.761097e-02, Param MSE = 1.811386e-01, Grad norm = 3.497662e-07, Beta update rate = 1.952907e-07
Epoch 793400 (15.9%): Train pred MSE = 5.367029e-09, Test pred MSE = 1.761096e-02, Param MSE = 1.811386e-01, Grad norm = 3.493628e-07, Beta update rate = 1.950656e-07
Epoch 793600 (15.9%): Train pred MSE = 5.354838e-09, Test pred MSE = 1.761096e-02, Param MSE = 1.811385e-01, Grad norm = 3.489599e-07, Beta update rate = 1.948407e-07
Epoch 793800 (15.9%): Train pred MSE = 5.342675e-09, Test pred MSE = 1.761096e-02, Param MSE = 1.811385e-01, Grad norm = 3.485574e-07, Beta update rate = 1.946161e-07
Epoch 794000 (15.9%): Train pred MSE = 5.330540e-09, Test pred MSE = 1.761095e-02, Param MSE = 1.811384e-01, Grad norm = 3.481554e-07, Beta update rate = 1.943918e-07
Epoch 794200 (15.9%): Train pred MSE = 5.318432e-09, Test pred MSE = 1.761095e-02, Param MSE = 1.811384e-01, Grad norm = 3.477539e-07, Beta update rate = 1.941677e-07
Epoch 794400 (15.9%): Train pred MSE = 5.306353e-09, Test pred MSE = 1.761095e-02, Param MSE = 1.811383e-01, Grad norm = 3.473528e-07, Beta update rate = 1.939439e-07
Epoch 794600 (15.9%): Train pred MSE = 5.294302e-09, Test pred MSE = 1.761094e-02, Param MSE = 1.811383e-01, Grad norm = 3.469523e-07, Beta update rate = 1.937203e-07
Epoch 794800 (15.9%): Train pred MSE = 5.282278e-09, Test pred MSE = 1.761094e-02, Param MSE = 1.811382e-01, Grad norm = 3.465522e-07, Beta update rate = 1.934970e-07
Epoch 795000 (15.9%): Train pred MSE = 5.270282e-09, Test pred MSE = 1.761094e-02, Param MSE = 1.811382e-01, Grad norm = 3.461526e-07, Beta update rate = 1.932740e-07
Epoch 795200 (15.9%): Train pred MSE = 5.258314e-09, Test pred MSE = 1.761093e-02, Param MSE = 1.811381e-01, Grad norm = 3.457534e-07, Beta update rate = 1.930513e-07
Epoch 795400 (15.9%): Train pred MSE = 5.246373e-09, Test pred MSE = 1.761093e-02, Param MSE = 1.811381e-01, Grad norm = 3.453547e-07, Beta update rate = 1.928288e-07
Epoch 795600 (15.9%): Train pred MSE = 5.234460e-09, Test pred MSE = 1.761093e-02, Param MSE = 1.811380e-01, Grad norm = 3.449565e-07, Beta update rate = 1.926065e-07
Epoch 795800 (15.9%): Train pred MSE = 5.222575e-09, Test pred MSE = 1.761092e-02, Param MSE = 1.811380e-01, Grad norm = 3.445588e-07, Beta update rate = 1.923846e-07
Epoch 796000 (15.9%): Train pred MSE = 5.210716e-09, Test pred MSE = 1.761092e-02, Param MSE = 1.811379e-01, Grad norm = 3.441615e-07, Beta update rate = 1.921629e-07
Epoch 796200 (15.9%): Train pred MSE = 5.198885e-09, Test pred MSE = 1.761092e-02, Param MSE = 1.811379e-01, Grad norm = 3.437647e-07, Beta update rate = 1.919414e-07
Epoch 796400 (15.9%): Train pred MSE = 5.187082e-09, Test pred MSE = 1.761091e-02, Param MSE = 1.811378e-01, Grad norm = 3.433684e-07, Beta update rate = 1.917203e-07
Epoch 796600 (15.9%): Train pred MSE = 5.175305e-09, Test pred MSE = 1.761091e-02, Param MSE = 1.811378e-01, Grad norm = 3.429726e-07, Beta update rate = 1.914993e-07
Epoch 796800 (15.9%): Train pred MSE = 5.163556e-09, Test pred MSE = 1.761091e-02, Param MSE = 1.811377e-01, Grad norm = 3.425772e-07, Beta update rate = 1.912787e-07
Epoch 797000 (15.9%): Train pred MSE = 5.151834e-09, Test pred MSE = 1.761090e-02, Param MSE = 1.811377e-01, Grad norm = 3.421823e-07, Beta update rate = 1.910583e-07
Epoch 797200 (15.9%): Train pred MSE = 5.140138e-09, Test pred MSE = 1.761090e-02, Param MSE = 1.811376e-01, Grad norm = 3.417878e-07, Beta update rate = 1.908382e-07
Epoch 797400 (15.9%): Train pred MSE = 5.128470e-09, Test pred MSE = 1.761090e-02, Param MSE = 1.811376e-01, Grad norm = 3.413938e-07, Beta update rate = 1.906183e-07
Epoch 797600 (16.0%): Train pred MSE = 5.116829e-09, Test pred MSE = 1.761089e-02, Param MSE = 1.811375e-01, Grad norm = 3.410003e-07, Beta update rate = 1.903987e-07
Epoch 797800 (16.0%): Train pred MSE = 5.105214e-09, Test pred MSE = 1.761089e-02, Param MSE = 1.811375e-01, Grad norm = 3.406073e-07, Beta update rate = 1.901793e-07
Epoch 798000 (16.0%): Train pred MSE = 5.093626e-09, Test pred MSE = 1.761089e-02, Param MSE = 1.811374e-01, Grad norm = 3.402147e-07, Beta update rate = 1.899602e-07
Epoch 798200 (16.0%): Train pred MSE = 5.082065e-09, Test pred MSE = 1.761088e-02, Param MSE = 1.811374e-01, Grad norm = 3.398226e-07, Beta update rate = 1.897414e-07
Epoch 798400 (16.0%): Train pred MSE = 5.070530e-09, Test pred MSE = 1.761088e-02, Param MSE = 1.811373e-01, Grad norm = 3.394309e-07, Beta update rate = 1.895228e-07
Epoch 798600 (16.0%): Train pred MSE = 5.059022e-09, Test pred MSE = 1.761088e-02, Param MSE = 1.811373e-01, Grad norm = 3.390397e-07, Beta update rate = 1.893045e-07
Epoch 798800 (16.0%): Train pred MSE = 5.047541e-09, Test pred MSE = 1.761088e-02, Param MSE = 1.811372e-01, Grad norm = 3.386490e-07, Beta update rate = 1.890865e-07
Epoch 799000 (16.0%): Train pred MSE = 5.036086e-09, Test pred MSE = 1.761087e-02, Param MSE = 1.811372e-01, Grad norm = 3.382587e-07, Beta update rate = 1.888687e-07
Epoch 799200 (16.0%): Train pred MSE = 5.024657e-09, Test pred MSE = 1.761087e-02, Param MSE = 1.811371e-01, Grad norm = 3.378689e-07, Beta update rate = 1.886511e-07
Epoch 799400 (16.0%): Train pred MSE = 5.013255e-09, Test pred MSE = 1.761087e-02, Param MSE = 1.811371e-01, Grad norm = 3.374796e-07, Beta update rate = 1.884338e-07
Epoch 799600 (16.0%): Train pred MSE = 5.001879e-09, Test pred MSE = 1.761086e-02, Param MSE = 1.811370e-01, Grad norm = 3.370907e-07, Beta update rate = 1.882168e-07
Epoch 799800 (16.0%): Train pred MSE = 4.990529e-09, Test pred MSE = 1.761086e-02, Param MSE = 1.811370e-01, Grad norm = 3.367023e-07, Beta update rate = 1.880000e-07
Epoch 800000 (16.0%): Train pred MSE = 4.979206e-09, Test pred MSE = 1.761086e-02, Param MSE = 1.811369e-01, Grad norm = 3.363143e-07, Beta update rate = 1.877835e-07
Epoch 800200 (16.0%): Train pred MSE = 4.967908e-09, Test pred MSE = 1.761085e-02, Param MSE = 1.811369e-01, Grad norm = 3.359268e-07, Beta update rate = 1.875673e-07
Epoch 800400 (16.0%): Train pred MSE = 4.956636e-09, Test pred MSE = 1.761085e-02, Param MSE = 1.811368e-01, Grad norm = 3.355397e-07, Beta update rate = 1.873513e-07
Epoch 800600 (16.0%): Train pred MSE = 4.945391e-09, Test pred MSE = 1.761085e-02, Param MSE = 1.811368e-01, Grad norm = 3.351531e-07, Beta update rate = 1.871355e-07
Epoch 800800 (16.0%): Train pred MSE = 4.934171e-09, Test pred MSE = 1.761084e-02, Param MSE = 1.811367e-01, Grad norm = 3.347670e-07, Beta update rate = 1.869200e-07
Epoch 801000 (16.0%): Train pred MSE = 4.922977e-09, Test pred MSE = 1.761084e-02, Param MSE = 1.811367e-01, Grad norm = 3.343813e-07, Beta update rate = 1.867048e-07
Epoch 801200 (16.0%): Train pred MSE = 4.911809e-09, Test pred MSE = 1.761084e-02, Param MSE = 1.811366e-01, Grad norm = 3.339961e-07, Beta update rate = 1.864898e-07
Epoch 801400 (16.0%): Train pred MSE = 4.900667e-09, Test pred MSE = 1.761083e-02, Param MSE = 1.811366e-01, Grad norm = 3.336114e-07, Beta update rate = 1.862751e-07
Epoch 801600 (16.0%): Train pred MSE = 4.889550e-09, Test pred MSE = 1.761083e-02, Param MSE = 1.811365e-01, Grad norm = 3.332270e-07, Beta update rate = 1.860606e-07
Epoch 801800 (16.0%): Train pred MSE = 4.878459e-09, Test pred MSE = 1.761083e-02, Param MSE = 1.811365e-01, Grad norm = 3.328432e-07, Beta update rate = 1.858464e-07
Epoch 802000 (16.0%): Train pred MSE = 4.867393e-09, Test pred MSE = 1.761082e-02, Param MSE = 1.811364e-01, Grad norm = 3.324598e-07, Beta update rate = 1.856324e-07
Epoch 802200 (16.0%): Train pred MSE = 4.856353e-09, Test pred MSE = 1.761082e-02, Param MSE = 1.811364e-01, Grad norm = 3.320768e-07, Beta update rate = 1.854187e-07
Epoch 802400 (16.0%): Train pred MSE = 4.845338e-09, Test pred MSE = 1.761082e-02, Param MSE = 1.811363e-01, Grad norm = 3.316944e-07, Beta update rate = 1.852052e-07
Epoch 802600 (16.1%): Train pred MSE = 4.834349e-09, Test pred MSE = 1.761082e-02, Param MSE = 1.811363e-01, Grad norm = 3.313123e-07, Beta update rate = 1.849920e-07
Epoch 802800 (16.1%): Train pred MSE = 4.823385e-09, Test pred MSE = 1.761081e-02, Param MSE = 1.811363e-01, Grad norm = 3.309307e-07, Beta update rate = 1.847791e-07
Epoch 803000 (16.1%): Train pred MSE = 4.812446e-09, Test pred MSE = 1.761081e-02, Param MSE = 1.811362e-01, Grad norm = 3.305496e-07, Beta update rate = 1.845664e-07
Epoch 803200 (16.1%): Train pred MSE = 4.801532e-09, Test pred MSE = 1.761081e-02, Param MSE = 1.811362e-01, Grad norm = 3.301689e-07, Beta update rate = 1.843539e-07
Epoch 803400 (16.1%): Train pred MSE = 4.790644e-09, Test pred MSE = 1.761080e-02, Param MSE = 1.811361e-01, Grad norm = 3.297887e-07, Beta update rate = 1.841417e-07
Epoch 803600 (16.1%): Train pred MSE = 4.779780e-09, Test pred MSE = 1.761080e-02, Param MSE = 1.811361e-01, Grad norm = 3.294089e-07, Beta update rate = 1.839298e-07
Epoch 803800 (16.1%): Train pred MSE = 4.768942e-09, Test pred MSE = 1.761080e-02, Param MSE = 1.811360e-01, Grad norm = 3.290295e-07, Beta update rate = 1.837181e-07
Epoch 804000 (16.1%): Train pred MSE = 4.758129e-09, Test pred MSE = 1.761079e-02, Param MSE = 1.811360e-01, Grad norm = 3.286506e-07, Beta update rate = 1.835066e-07
Epoch 804200 (16.1%): Train pred MSE = 4.747340e-09, Test pred MSE = 1.761079e-02, Param MSE = 1.811359e-01, Grad norm = 3.282722e-07, Beta update rate = 1.832954e-07
Epoch 804400 (16.1%): Train pred MSE = 4.736576e-09, Test pred MSE = 1.761079e-02, Param MSE = 1.811359e-01, Grad norm = 3.278942e-07, Beta update rate = 1.830845e-07
Epoch 804600 (16.1%): Train pred MSE = 4.725837e-09, Test pred MSE = 1.761078e-02, Param MSE = 1.811358e-01, Grad norm = 3.275167e-07, Beta update rate = 1.828738e-07
Epoch 804800 (16.1%): Train pred MSE = 4.715123e-09, Test pred MSE = 1.761078e-02, Param MSE = 1.811358e-01, Grad norm = 3.271396e-07, Beta update rate = 1.826633e-07
Epoch 805000 (16.1%): Train pred MSE = 4.704433e-09, Test pred MSE = 1.761078e-02, Param MSE = 1.811357e-01, Grad norm = 3.267629e-07, Beta update rate = 1.824531e-07
Epoch 805200 (16.1%): Train pred MSE = 4.693768e-09, Test pred MSE = 1.761078e-02, Param MSE = 1.811357e-01, Grad norm = 3.263867e-07, Beta update rate = 1.822432e-07
Epoch 805400 (16.1%): Train pred MSE = 4.683128e-09, Test pred MSE = 1.761077e-02, Param MSE = 1.811356e-01, Grad norm = 3.260109e-07, Beta update rate = 1.820335e-07
Epoch 805600 (16.1%): Train pred MSE = 4.672512e-09, Test pred MSE = 1.761077e-02, Param MSE = 1.811356e-01, Grad norm = 3.256356e-07, Beta update rate = 1.818240e-07
Epoch 805800 (16.1%): Train pred MSE = 4.661920e-09, Test pred MSE = 1.761077e-02, Param MSE = 1.811355e-01, Grad norm = 3.252607e-07, Beta update rate = 1.816148e-07
Epoch 806000 (16.1%): Train pred MSE = 4.651353e-09, Test pred MSE = 1.761076e-02, Param MSE = 1.811355e-01, Grad norm = 3.248863e-07, Beta update rate = 1.814058e-07
Epoch 806200 (16.1%): Train pred MSE = 4.640810e-09, Test pred MSE = 1.761076e-02, Param MSE = 1.811354e-01, Grad norm = 3.245123e-07, Beta update rate = 1.811971e-07
Epoch 806400 (16.1%): Train pred MSE = 4.630292e-09, Test pred MSE = 1.761076e-02, Param MSE = 1.811354e-01, Grad norm = 3.241387e-07, Beta update rate = 1.809886e-07
Epoch 806600 (16.1%): Train pred MSE = 4.619797e-09, Test pred MSE = 1.761075e-02, Param MSE = 1.811353e-01, Grad norm = 3.237656e-07, Beta update rate = 1.807804e-07
Epoch 806800 (16.1%): Train pred MSE = 4.609327e-09, Test pred MSE = 1.761075e-02, Param MSE = 1.811353e-01, Grad norm = 3.233930e-07, Beta update rate = 1.805724e-07
Epoch 807000 (16.1%): Train pred MSE = 4.598881e-09, Test pred MSE = 1.761075e-02, Param MSE = 1.811352e-01, Grad norm = 3.230207e-07, Beta update rate = 1.803647e-07
Epoch 807200 (16.1%): Train pred MSE = 4.588459e-09, Test pred MSE = 1.761075e-02, Param MSE = 1.811352e-01, Grad norm = 3.226490e-07, Beta update rate = 1.801572e-07
Epoch 807400 (16.1%): Train pred MSE = 4.578060e-09, Test pred MSE = 1.761074e-02, Param MSE = 1.811352e-01, Grad norm = 3.222776e-07, Beta update rate = 1.799500e-07
Epoch 807600 (16.2%): Train pred MSE = 4.567686e-09, Test pred MSE = 1.761074e-02, Param MSE = 1.811351e-01, Grad norm = 3.219067e-07, Beta update rate = 1.797430e-07
Epoch 807800 (16.2%): Train pred MSE = 4.557336e-09, Test pred MSE = 1.761074e-02, Param MSE = 1.811351e-01, Grad norm = 3.215362e-07, Beta update rate = 1.795362e-07
Epoch 808000 (16.2%): Train pred MSE = 4.547009e-09, Test pred MSE = 1.761073e-02, Param MSE = 1.811350e-01, Grad norm = 3.211662e-07, Beta update rate = 1.793297e-07
Epoch 808200 (16.2%): Train pred MSE = 4.536706e-09, Test pred MSE = 1.761073e-02, Param MSE = 1.811350e-01, Grad norm = 3.207966e-07, Beta update rate = 1.791235e-07
Epoch 808400 (16.2%): Train pred MSE = 4.526427e-09, Test pred MSE = 1.761073e-02, Param MSE = 1.811349e-01, Grad norm = 3.204274e-07, Beta update rate = 1.789174e-07
Epoch 808600 (16.2%): Train pred MSE = 4.516172e-09, Test pred MSE = 1.761072e-02, Param MSE = 1.811349e-01, Grad norm = 3.200587e-07, Beta update rate = 1.787117e-07
Epoch 808800 (16.2%): Train pred MSE = 4.505940e-09, Test pred MSE = 1.761072e-02, Param MSE = 1.811348e-01, Grad norm = 3.196904e-07, Beta update rate = 1.785061e-07
Epoch 809000 (16.2%): Train pred MSE = 4.495732e-09, Test pred MSE = 1.761072e-02, Param MSE = 1.811348e-01, Grad norm = 3.193226e-07, Beta update rate = 1.783008e-07
Epoch 809200 (16.2%): Train pred MSE = 4.485547e-09, Test pred MSE = 1.761072e-02, Param MSE = 1.811347e-01, Grad norm = 3.189552e-07, Beta update rate = 1.780958e-07
Epoch 809400 (16.2%): Train pred MSE = 4.475385e-09, Test pred MSE = 1.761071e-02, Param MSE = 1.811347e-01, Grad norm = 3.185882e-07, Beta update rate = 1.778910e-07
Epoch 809600 (16.2%): Train pred MSE = 4.465247e-09, Test pred MSE = 1.761071e-02, Param MSE = 1.811346e-01, Grad norm = 3.182216e-07, Beta update rate = 1.776864e-07
Epoch 809800 (16.2%): Train pred MSE = 4.455132e-09, Test pred MSE = 1.761071e-02, Param MSE = 1.811346e-01, Grad norm = 3.178555e-07, Beta update rate = 1.774821e-07
Epoch 810000 (16.2%): Train pred MSE = 4.445041e-09, Test pred MSE = 1.761070e-02, Param MSE = 1.811345e-01, Grad norm = 3.174898e-07, Beta update rate = 1.772780e-07
Epoch 810200 (16.2%): Train pred MSE = 4.434973e-09, Test pred MSE = 1.761070e-02, Param MSE = 1.811345e-01, Grad norm = 3.171246e-07, Beta update rate = 1.770742e-07
Epoch 810400 (16.2%): Train pred MSE = 4.424927e-09, Test pred MSE = 1.761070e-02, Param MSE = 1.811344e-01, Grad norm = 3.167598e-07, Beta update rate = 1.768706e-07
Epoch 810600 (16.2%): Train pred MSE = 4.414905e-09, Test pred MSE = 1.761069e-02, Param MSE = 1.811344e-01, Grad norm = 3.163954e-07, Beta update rate = 1.766672e-07
Epoch 810800 (16.2%): Train pred MSE = 4.404906e-09, Test pred MSE = 1.761069e-02, Param MSE = 1.811344e-01, Grad norm = 3.160314e-07, Beta update rate = 1.764641e-07
Epoch 811000 (16.2%): Train pred MSE = 4.394930e-09, Test pred MSE = 1.761069e-02, Param MSE = 1.811343e-01, Grad norm = 3.156679e-07, Beta update rate = 1.762612e-07
Epoch 811200 (16.2%): Train pred MSE = 4.384977e-09, Test pred MSE = 1.761069e-02, Param MSE = 1.811343e-01, Grad norm = 3.153048e-07, Beta update rate = 1.760586e-07
Epoch 811400 (16.2%): Train pred MSE = 4.375047e-09, Test pred MSE = 1.761068e-02, Param MSE = 1.811342e-01, Grad norm = 3.149421e-07, Beta update rate = 1.758562e-07
Epoch 811600 (16.2%): Train pred MSE = 4.365140e-09, Test pred MSE = 1.761068e-02, Param MSE = 1.811342e-01, Grad norm = 3.145799e-07, Beta update rate = 1.756540e-07
Epoch 811800 (16.2%): Train pred MSE = 4.355255e-09, Test pred MSE = 1.761068e-02, Param MSE = 1.811341e-01, Grad norm = 3.142181e-07, Beta update rate = 1.754521e-07
Epoch 812000 (16.2%): Train pred MSE = 4.345393e-09, Test pred MSE = 1.761067e-02, Param MSE = 1.811341e-01, Grad norm = 3.138567e-07, Beta update rate = 1.752504e-07
Epoch 812200 (16.2%): Train pred MSE = 4.335554e-09, Test pred MSE = 1.761067e-02, Param MSE = 1.811340e-01, Grad norm = 3.134957e-07, Beta update rate = 1.750490e-07
Epoch 812400 (16.2%): Train pred MSE = 4.325738e-09, Test pred MSE = 1.761067e-02, Param MSE = 1.811340e-01, Grad norm = 3.131352e-07, Beta update rate = 1.748478e-07
Epoch 812600 (16.3%): Train pred MSE = 4.315944e-09, Test pred MSE = 1.761067e-02, Param MSE = 1.811339e-01, Grad norm = 3.127751e-07, Beta update rate = 1.746468e-07
Epoch 812800 (16.3%): Train pred MSE = 4.306172e-09, Test pred MSE = 1.761066e-02, Param MSE = 1.811339e-01, Grad norm = 3.124154e-07, Beta update rate = 1.744461e-07
Epoch 813000 (16.3%): Train pred MSE = 4.296423e-09, Test pred MSE = 1.761066e-02, Param MSE = 1.811339e-01, Grad norm = 3.120561e-07, Beta update rate = 1.742456e-07
Epoch 813200 (16.3%): Train pred MSE = 4.286696e-09, Test pred MSE = 1.761066e-02, Param MSE = 1.811338e-01, Grad norm = 3.116973e-07, Beta update rate = 1.740453e-07
Epoch 813400 (16.3%): Train pred MSE = 4.276992e-09, Test pred MSE = 1.761065e-02, Param MSE = 1.811338e-01, Grad norm = 3.113389e-07, Beta update rate = 1.738453e-07
Epoch 813600 (16.3%): Train pred MSE = 4.267310e-09, Test pred MSE = 1.761065e-02, Param MSE = 1.811337e-01, Grad norm = 3.109809e-07, Beta update rate = 1.736455e-07
Epoch 813800 (16.3%): Train pred MSE = 4.257650e-09, Test pred MSE = 1.761065e-02, Param MSE = 1.811337e-01, Grad norm = 3.106234e-07, Beta update rate = 1.734460e-07
Epoch 814000 (16.3%): Train pred MSE = 4.248013e-09, Test pred MSE = 1.761064e-02, Param MSE = 1.811336e-01, Grad norm = 3.102662e-07, Beta update rate = 1.732467e-07
Epoch 814200 (16.3%): Train pred MSE = 4.238398e-09, Test pred MSE = 1.761064e-02, Param MSE = 1.811336e-01, Grad norm = 3.099095e-07, Beta update rate = 1.730476e-07
Epoch 814400 (16.3%): Train pred MSE = 4.228804e-09, Test pred MSE = 1.761064e-02, Param MSE = 1.811335e-01, Grad norm = 3.095532e-07, Beta update rate = 1.728488e-07
Epoch 814600 (16.3%): Train pred MSE = 4.219233e-09, Test pred MSE = 1.761064e-02, Param MSE = 1.811335e-01, Grad norm = 3.091973e-07, Beta update rate = 1.726502e-07
Epoch 814800 (16.3%): Train pred MSE = 4.209684e-09, Test pred MSE = 1.761063e-02, Param MSE = 1.811334e-01, Grad norm = 3.088419e-07, Beta update rate = 1.724518e-07
Epoch 815000 (16.3%): Train pred MSE = 4.200157e-09, Test pred MSE = 1.761063e-02, Param MSE = 1.811334e-01, Grad norm = 3.084868e-07, Beta update rate = 1.722536e-07
Epoch 815200 (16.3%): Train pred MSE = 4.190651e-09, Test pred MSE = 1.761063e-02, Param MSE = 1.811334e-01, Grad norm = 3.081322e-07, Beta update rate = 1.720557e-07
Epoch 815400 (16.3%): Train pred MSE = 4.181168e-09, Test pred MSE = 1.761062e-02, Param MSE = 1.811333e-01, Grad norm = 3.077780e-07, Beta update rate = 1.718581e-07
Epoch 815600 (16.3%): Train pred MSE = 4.171706e-09, Test pred MSE = 1.761062e-02, Param MSE = 1.811333e-01, Grad norm = 3.074242e-07, Beta update rate = 1.716606e-07
Epoch 815800 (16.3%): Train pred MSE = 4.162266e-09, Test pred MSE = 1.761062e-02, Param MSE = 1.811332e-01, Grad norm = 3.070709e-07, Beta update rate = 1.714634e-07
Epoch 816000 (16.3%): Train pred MSE = 4.152848e-09, Test pred MSE = 1.761062e-02, Param MSE = 1.811332e-01, Grad norm = 3.067179e-07, Beta update rate = 1.712664e-07
Epoch 816200 (16.3%): Train pred MSE = 4.143451e-09, Test pred MSE = 1.761061e-02, Param MSE = 1.811331e-01, Grad norm = 3.063654e-07, Beta update rate = 1.710697e-07
Epoch 816400 (16.3%): Train pred MSE = 4.134076e-09, Test pred MSE = 1.761061e-02, Param MSE = 1.811331e-01, Grad norm = 3.060133e-07, Beta update rate = 1.708732e-07
Epoch 816600 (16.3%): Train pred MSE = 4.124722e-09, Test pred MSE = 1.761061e-02, Param MSE = 1.811330e-01, Grad norm = 3.056616e-07, Beta update rate = 1.706769e-07
Epoch 816800 (16.3%): Train pred MSE = 4.115390e-09, Test pred MSE = 1.761060e-02, Param MSE = 1.811330e-01, Grad norm = 3.053103e-07, Beta update rate = 1.704809e-07
Epoch 817000 (16.3%): Train pred MSE = 4.106079e-09, Test pred MSE = 1.761060e-02, Param MSE = 1.811329e-01, Grad norm = 3.049594e-07, Beta update rate = 1.702851e-07
Epoch 817200 (16.3%): Train pred MSE = 4.096790e-09, Test pred MSE = 1.761060e-02, Param MSE = 1.811329e-01, Grad norm = 3.046090e-07, Beta update rate = 1.700895e-07
Epoch 817400 (16.3%): Train pred MSE = 4.087522e-09, Test pred MSE = 1.761060e-02, Param MSE = 1.811329e-01, Grad norm = 3.042589e-07, Beta update rate = 1.698941e-07
Epoch 817600 (16.4%): Train pred MSE = 4.078276e-09, Test pred MSE = 1.761059e-02, Param MSE = 1.811328e-01, Grad norm = 3.039093e-07, Beta update rate = 1.696990e-07
Epoch 817800 (16.4%): Train pred MSE = 4.069050e-09, Test pred MSE = 1.761059e-02, Param MSE = 1.811328e-01, Grad norm = 3.035601e-07, Beta update rate = 1.695041e-07
Epoch 818000 (16.4%): Train pred MSE = 4.059846e-09, Test pred MSE = 1.761059e-02, Param MSE = 1.811327e-01, Grad norm = 3.032113e-07, Beta update rate = 1.693095e-07
Epoch 818200 (16.4%): Train pred MSE = 4.050663e-09, Test pred MSE = 1.761058e-02, Param MSE = 1.811327e-01, Grad norm = 3.028629e-07, Beta update rate = 1.691150e-07
Epoch 818400 (16.4%): Train pred MSE = 4.041501e-09, Test pred MSE = 1.761058e-02, Param MSE = 1.811326e-01, Grad norm = 3.025149e-07, Beta update rate = 1.689208e-07
Epoch 818600 (16.4%): Train pred MSE = 4.032360e-09, Test pred MSE = 1.761058e-02, Param MSE = 1.811326e-01, Grad norm = 3.021673e-07, Beta update rate = 1.687269e-07
Epoch 818800 (16.4%): Train pred MSE = 4.023240e-09, Test pred MSE = 1.761058e-02, Param MSE = 1.811326e-01, Grad norm = 3.018202e-07, Beta update rate = 1.685331e-07
Epoch 819000 (16.4%): Train pred MSE = 4.014141e-09, Test pred MSE = 1.761057e-02, Param MSE = 1.811325e-01, Grad norm = 3.014734e-07, Beta update rate = 1.683396e-07
Epoch 819200 (16.4%): Train pred MSE = 4.005063e-09, Test pred MSE = 1.761057e-02, Param MSE = 1.811325e-01, Grad norm = 3.011271e-07, Beta update rate = 1.681463e-07
Epoch 819400 (16.4%): Train pred MSE = 3.996006e-09, Test pred MSE = 1.761057e-02, Param MSE = 1.811324e-01, Grad norm = 3.007812e-07, Beta update rate = 1.679533e-07
Epoch 819600 (16.4%): Train pred MSE = 3.986969e-09, Test pred MSE = 1.761057e-02, Param MSE = 1.811324e-01, Grad norm = 3.004356e-07, Beta update rate = 1.677604e-07
Epoch 819800 (16.4%): Train pred MSE = 3.977954e-09, Test pred MSE = 1.761056e-02, Param MSE = 1.811323e-01, Grad norm = 3.000905e-07, Beta update rate = 1.675678e-07
Epoch 820000 (16.4%): Train pred MSE = 3.968959e-09, Test pred MSE = 1.761056e-02, Param MSE = 1.811323e-01, Grad norm = 2.997458e-07, Beta update rate = 1.673755e-07
Epoch 820200 (16.4%): Train pred MSE = 3.959984e-09, Test pred MSE = 1.761056e-02, Param MSE = 1.811322e-01, Grad norm = 2.994015e-07, Beta update rate = 1.671833e-07
Epoch 820400 (16.4%): Train pred MSE = 3.951030e-09, Test pred MSE = 1.761055e-02, Param MSE = 1.811322e-01, Grad norm = 2.990576e-07, Beta update rate = 1.669914e-07
Epoch 820600 (16.4%): Train pred MSE = 3.942097e-09, Test pred MSE = 1.761055e-02, Param MSE = 1.811322e-01, Grad norm = 2.987141e-07, Beta update rate = 1.667997e-07
Epoch 820800 (16.4%): Train pred MSE = 3.933185e-09, Test pred MSE = 1.761055e-02, Param MSE = 1.811321e-01, Grad norm = 2.983711e-07, Beta update rate = 1.666082e-07
Epoch 821000 (16.4%): Train pred MSE = 3.924292e-09, Test pred MSE = 1.761055e-02, Param MSE = 1.811321e-01, Grad norm = 2.980284e-07, Beta update rate = 1.664170e-07
Epoch 821200 (16.4%): Train pred MSE = 3.915420e-09, Test pred MSE = 1.761054e-02, Param MSE = 1.811320e-01, Grad norm = 2.976861e-07, Beta update rate = 1.662260e-07
Epoch 821400 (16.4%): Train pred MSE = 3.906569e-09, Test pred MSE = 1.761054e-02, Param MSE = 1.811320e-01, Grad norm = 2.973442e-07, Beta update rate = 1.660352e-07
Epoch 821600 (16.4%): Train pred MSE = 3.897738e-09, Test pred MSE = 1.761054e-02, Param MSE = 1.811319e-01, Grad norm = 2.970028e-07, Beta update rate = 1.658446e-07
Epoch 821800 (16.4%): Train pred MSE = 3.888927e-09, Test pred MSE = 1.761053e-02, Param MSE = 1.811319e-01, Grad norm = 2.966617e-07, Beta update rate = 1.656543e-07
Epoch 822000 (16.4%): Train pred MSE = 3.880136e-09, Test pred MSE = 1.761053e-02, Param MSE = 1.811319e-01, Grad norm = 2.963210e-07, Beta update rate = 1.654642e-07
Epoch 822200 (16.4%): Train pred MSE = 3.871366e-09, Test pred MSE = 1.761053e-02, Param MSE = 1.811318e-01, Grad norm = 2.959808e-07, Beta update rate = 1.652743e-07
Epoch 822400 (16.4%): Train pred MSE = 3.862616e-09, Test pred MSE = 1.761053e-02, Param MSE = 1.811318e-01, Grad norm = 2.956409e-07, Beta update rate = 1.650846e-07
Epoch 822600 (16.5%): Train pred MSE = 3.853885e-09, Test pred MSE = 1.761052e-02, Param MSE = 1.811317e-01, Grad norm = 2.953015e-07, Beta update rate = 1.648951e-07
Epoch 822800 (16.5%): Train pred MSE = 3.845175e-09, Test pred MSE = 1.761052e-02, Param MSE = 1.811317e-01, Grad norm = 2.949624e-07, Beta update rate = 1.647059e-07
Epoch 823000 (16.5%): Train pred MSE = 3.836485e-09, Test pred MSE = 1.761052e-02, Param MSE = 1.811316e-01, Grad norm = 2.946237e-07, Beta update rate = 1.645169e-07
Epoch 823200 (16.5%): Train pred MSE = 3.827815e-09, Test pred MSE = 1.761052e-02, Param MSE = 1.811316e-01, Grad norm = 2.942855e-07, Beta update rate = 1.643281e-07
Epoch 823400 (16.5%): Train pred MSE = 3.819164e-09, Test pred MSE = 1.761051e-02, Param MSE = 1.811316e-01, Grad norm = 2.939476e-07, Beta update rate = 1.641396e-07
Epoch 823600 (16.5%): Train pred MSE = 3.810534e-09, Test pred MSE = 1.761051e-02, Param MSE = 1.811315e-01, Grad norm = 2.936102e-07, Beta update rate = 1.639513e-07
Epoch 823800 (16.5%): Train pred MSE = 3.801923e-09, Test pred MSE = 1.761051e-02, Param MSE = 1.811315e-01, Grad norm = 2.932731e-07, Beta update rate = 1.637632e-07
Epoch 824000 (16.5%): Train pred MSE = 3.793332e-09, Test pred MSE = 1.761050e-02, Param MSE = 1.811314e-01, Grad norm = 2.929364e-07, Beta update rate = 1.635753e-07
Epoch 824200 (16.5%): Train pred MSE = 3.784761e-09, Test pred MSE = 1.761050e-02, Param MSE = 1.811314e-01, Grad norm = 2.926002e-07, Beta update rate = 1.633876e-07
Epoch 824400 (16.5%): Train pred MSE = 3.776209e-09, Test pred MSE = 1.761050e-02, Param MSE = 1.811313e-01, Grad norm = 2.922643e-07, Beta update rate = 1.632002e-07
Epoch 824600 (16.5%): Train pred MSE = 3.767677e-09, Test pred MSE = 1.761050e-02, Param MSE = 1.811313e-01, Grad norm = 2.919288e-07, Beta update rate = 1.630129e-07
Epoch 824800 (16.5%): Train pred MSE = 3.759165e-09, Test pred MSE = 1.761049e-02, Param MSE = 1.811313e-01, Grad norm = 2.915937e-07, Beta update rate = 1.628259e-07
Epoch 825000 (16.5%): Train pred MSE = 3.750672e-09, Test pred MSE = 1.761049e-02, Param MSE = 1.811312e-01, Grad norm = 2.912590e-07, Beta update rate = 1.626391e-07
Epoch 825200 (16.5%): Train pred MSE = 3.742199e-09, Test pred MSE = 1.761049e-02, Param MSE = 1.811312e-01, Grad norm = 2.909248e-07, Beta update rate = 1.624526e-07
Epoch 825400 (16.5%): Train pred MSE = 3.733745e-09, Test pred MSE = 1.761049e-02, Param MSE = 1.811311e-01, Grad norm = 2.905909e-07, Beta update rate = 1.622662e-07
Epoch 825600 (16.5%): Train pred MSE = 3.725310e-09, Test pred MSE = 1.761048e-02, Param MSE = 1.811311e-01, Grad norm = 2.902574e-07, Beta update rate = 1.620801e-07
Epoch 825800 (16.5%): Train pred MSE = 3.716895e-09, Test pred MSE = 1.761048e-02, Param MSE = 1.811310e-01, Grad norm = 2.899242e-07, Beta update rate = 1.618942e-07
Epoch 826000 (16.5%): Train pred MSE = 3.708499e-09, Test pred MSE = 1.761048e-02, Param MSE = 1.811310e-01, Grad norm = 2.895915e-07, Beta update rate = 1.617085e-07
Epoch 826200 (16.5%): Train pred MSE = 3.700122e-09, Test pred MSE = 1.761047e-02, Param MSE = 1.811310e-01, Grad norm = 2.892592e-07, Beta update rate = 1.615231e-07
Epoch 826400 (16.5%): Train pred MSE = 3.691765e-09, Test pred MSE = 1.761047e-02, Param MSE = 1.811309e-01, Grad norm = 2.889273e-07, Beta update rate = 1.613378e-07
Epoch 826600 (16.5%): Train pred MSE = 3.683427e-09, Test pred MSE = 1.761047e-02, Param MSE = 1.811309e-01, Grad norm = 2.885957e-07, Beta update rate = 1.611528e-07
Epoch 826800 (16.5%): Train pred MSE = 3.675108e-09, Test pred MSE = 1.761047e-02, Param MSE = 1.811308e-01, Grad norm = 2.882646e-07, Beta update rate = 1.609680e-07
Epoch 827000 (16.5%): Train pred MSE = 3.666808e-09, Test pred MSE = 1.761046e-02, Param MSE = 1.811308e-01, Grad norm = 2.879338e-07, Beta update rate = 1.607834e-07
Epoch 827200 (16.5%): Train pred MSE = 3.658527e-09, Test pred MSE = 1.761046e-02, Param MSE = 1.811307e-01, Grad norm = 2.876035e-07, Beta update rate = 1.605990e-07
Epoch 827400 (16.5%): Train pred MSE = 3.650265e-09, Test pred MSE = 1.761046e-02, Param MSE = 1.811307e-01, Grad norm = 2.872735e-07, Beta update rate = 1.604149e-07
Epoch 827600 (16.6%): Train pred MSE = 3.642022e-09, Test pred MSE = 1.761046e-02, Param MSE = 1.811307e-01, Grad norm = 2.869439e-07, Beta update rate = 1.602309e-07
Epoch 827800 (16.6%): Train pred MSE = 3.633797e-09, Test pred MSE = 1.761045e-02, Param MSE = 1.811306e-01, Grad norm = 2.866147e-07, Beta update rate = 1.600472e-07
Epoch 828000 (16.6%): Train pred MSE = 3.625592e-09, Test pred MSE = 1.761045e-02, Param MSE = 1.811306e-01, Grad norm = 2.862859e-07, Beta update rate = 1.598637e-07
Epoch 828200 (16.6%): Train pred MSE = 3.617406e-09, Test pred MSE = 1.761045e-02, Param MSE = 1.811305e-01, Grad norm = 2.859574e-07, Beta update rate = 1.596804e-07
Epoch 828400 (16.6%): Train pred MSE = 3.609238e-09, Test pred MSE = 1.761045e-02, Param MSE = 1.811305e-01, Grad norm = 2.856294e-07, Beta update rate = 1.594973e-07
Epoch 828600 (16.6%): Train pred MSE = 3.601089e-09, Test pred MSE = 1.761044e-02, Param MSE = 1.811305e-01, Grad norm = 2.853017e-07, Beta update rate = 1.593145e-07
Epoch 828800 (16.6%): Train pred MSE = 3.592959e-09, Test pred MSE = 1.761044e-02, Param MSE = 1.811304e-01, Grad norm = 2.849745e-07, Beta update rate = 1.591318e-07
Epoch 829000 (16.6%): Train pred MSE = 3.584847e-09, Test pred MSE = 1.761044e-02, Param MSE = 1.811304e-01, Grad norm = 2.846476e-07, Beta update rate = 1.589494e-07
Epoch 829200 (16.6%): Train pred MSE = 3.576754e-09, Test pred MSE = 1.761044e-02, Param MSE = 1.811303e-01, Grad norm = 2.843211e-07, Beta update rate = 1.587672e-07
Epoch 829400 (16.6%): Train pred MSE = 3.568679e-09, Test pred MSE = 1.761043e-02, Param MSE = 1.811303e-01, Grad norm = 2.839950e-07, Beta update rate = 1.585852e-07
Epoch 829600 (16.6%): Train pred MSE = 3.560623e-09, Test pred MSE = 1.761043e-02, Param MSE = 1.811302e-01, Grad norm = 2.836693e-07, Beta update rate = 1.584034e-07
Epoch 829800 (16.6%): Train pred MSE = 3.552586e-09, Test pred MSE = 1.761043e-02, Param MSE = 1.811302e-01, Grad norm = 2.833439e-07, Beta update rate = 1.582218e-07
Epoch 830000 (16.6%): Train pred MSE = 3.544567e-09, Test pred MSE = 1.761042e-02, Param MSE = 1.811302e-01, Grad norm = 2.830189e-07, Beta update rate = 1.580405e-07
Epoch 830200 (16.6%): Train pred MSE = 3.536566e-09, Test pred MSE = 1.761042e-02, Param MSE = 1.811301e-01, Grad norm = 2.826944e-07, Beta update rate = 1.578593e-07
Epoch 830400 (16.6%): Train pred MSE = 3.528584e-09, Test pred MSE = 1.761042e-02, Param MSE = 1.811301e-01, Grad norm = 2.823702e-07, Beta update rate = 1.576784e-07
Epoch 830600 (16.6%): Train pred MSE = 3.520620e-09, Test pred MSE = 1.761042e-02, Param MSE = 1.811300e-01, Grad norm = 2.820464e-07, Beta update rate = 1.574977e-07
Epoch 830800 (16.6%): Train pred MSE = 3.512674e-09, Test pred MSE = 1.761041e-02, Param MSE = 1.811300e-01, Grad norm = 2.817229e-07, Beta update rate = 1.573172e-07
Epoch 831000 (16.6%): Train pred MSE = 3.504746e-09, Test pred MSE = 1.761041e-02, Param MSE = 1.811300e-01, Grad norm = 2.813999e-07, Beta update rate = 1.571369e-07
Epoch 831200 (16.6%): Train pred MSE = 3.496837e-09, Test pred MSE = 1.761041e-02, Param MSE = 1.811299e-01, Grad norm = 2.810772e-07, Beta update rate = 1.569568e-07
Epoch 831400 (16.6%): Train pred MSE = 3.488945e-09, Test pred MSE = 1.761041e-02, Param MSE = 1.811299e-01, Grad norm = 2.807549e-07, Beta update rate = 1.567770e-07
Epoch 831600 (16.6%): Train pred MSE = 3.481072e-09, Test pred MSE = 1.761040e-02, Param MSE = 1.811298e-01, Grad norm = 2.804330e-07, Beta update rate = 1.565973e-07
Epoch 831800 (16.6%): Train pred MSE = 3.473217e-09, Test pred MSE = 1.761040e-02, Param MSE = 1.811298e-01, Grad norm = 2.801115e-07, Beta update rate = 1.564179e-07
Epoch 832000 (16.6%): Train pred MSE = 3.465380e-09, Test pred MSE = 1.761040e-02, Param MSE = 1.811298e-01, Grad norm = 2.797903e-07, Beta update rate = 1.562386e-07
Epoch 832200 (16.6%): Train pred MSE = 3.457561e-09, Test pred MSE = 1.761040e-02, Param MSE = 1.811297e-01, Grad norm = 2.794696e-07, Beta update rate = 1.560596e-07
Epoch 832400 (16.6%): Train pred MSE = 3.449759e-09, Test pred MSE = 1.761039e-02, Param MSE = 1.811297e-01, Grad norm = 2.791492e-07, Beta update rate = 1.558808e-07
Epoch 832600 (16.7%): Train pred MSE = 3.441976e-09, Test pred MSE = 1.761039e-02, Param MSE = 1.811296e-01, Grad norm = 2.788291e-07, Beta update rate = 1.557022e-07
Epoch 832800 (16.7%): Train pred MSE = 3.434210e-09, Test pred MSE = 1.761039e-02, Param MSE = 1.811296e-01, Grad norm = 2.785095e-07, Beta update rate = 1.555238e-07
Epoch 833000 (16.7%): Train pred MSE = 3.426462e-09, Test pred MSE = 1.761039e-02, Param MSE = 1.811296e-01, Grad norm = 2.781902e-07, Beta update rate = 1.553456e-07
Epoch 833200 (16.7%): Train pred MSE = 3.418732e-09, Test pred MSE = 1.761038e-02, Param MSE = 1.811295e-01, Grad norm = 2.778713e-07, Beta update rate = 1.551677e-07
Epoch 833400 (16.7%): Train pred MSE = 3.411020e-09, Test pred MSE = 1.761038e-02, Param MSE = 1.811295e-01, Grad norm = 2.775528e-07, Beta update rate = 1.549899e-07
Epoch 833600 (16.7%): Train pred MSE = 3.403325e-09, Test pred MSE = 1.761038e-02, Param MSE = 1.811294e-01, Grad norm = 2.772347e-07, Beta update rate = 1.548124e-07
Epoch 833800 (16.7%): Train pred MSE = 3.395648e-09, Test pred MSE = 1.761038e-02, Param MSE = 1.811294e-01, Grad norm = 2.769169e-07, Beta update rate = 1.546350e-07
Epoch 834000 (16.7%): Train pred MSE = 3.387989e-09, Test pred MSE = 1.761037e-02, Param MSE = 1.811293e-01, Grad norm = 2.765995e-07, Beta update rate = 1.544579e-07
Epoch 834200 (16.7%): Train pred MSE = 3.380347e-09, Test pred MSE = 1.761037e-02, Param MSE = 1.811293e-01, Grad norm = 2.762825e-07, Beta update rate = 1.542810e-07
Epoch 834400 (16.7%): Train pred MSE = 3.372723e-09, Test pred MSE = 1.761037e-02, Param MSE = 1.811293e-01, Grad norm = 2.759659e-07, Beta update rate = 1.541043e-07
Epoch 834600 (16.7%): Train pred MSE = 3.365116e-09, Test pred MSE = 1.761037e-02, Param MSE = 1.811292e-01, Grad norm = 2.756496e-07, Beta update rate = 1.539278e-07
Epoch 834800 (16.7%): Train pred MSE = 3.357526e-09, Test pred MSE = 1.761036e-02, Param MSE = 1.811292e-01, Grad norm = 2.753337e-07, Beta update rate = 1.537515e-07
Epoch 835000 (16.7%): Train pred MSE = 3.349954e-09, Test pred MSE = 1.761036e-02, Param MSE = 1.811291e-01, Grad norm = 2.750182e-07, Beta update rate = 1.535754e-07
Epoch 835200 (16.7%): Train pred MSE = 3.342399e-09, Test pred MSE = 1.761036e-02, Param MSE = 1.811291e-01, Grad norm = 2.747030e-07, Beta update rate = 1.533995e-07
Epoch 835400 (16.7%): Train pred MSE = 3.334862e-09, Test pred MSE = 1.761035e-02, Param MSE = 1.811291e-01, Grad norm = 2.743883e-07, Beta update rate = 1.532238e-07
Epoch 835600 (16.7%): Train pred MSE = 3.327342e-09, Test pred MSE = 1.761035e-02, Param MSE = 1.811290e-01, Grad norm = 2.740739e-07, Beta update rate = 1.530483e-07
Epoch 835800 (16.7%): Train pred MSE = 3.319839e-09, Test pred MSE = 1.761035e-02, Param MSE = 1.811290e-01, Grad norm = 2.737598e-07, Beta update rate = 1.528731e-07
Epoch 836000 (16.7%): Train pred MSE = 3.312353e-09, Test pred MSE = 1.761035e-02, Param MSE = 1.811289e-01, Grad norm = 2.734461e-07, Beta update rate = 1.526980e-07
Epoch 836200 (16.7%): Train pred MSE = 3.304884e-09, Test pred MSE = 1.761034e-02, Param MSE = 1.811289e-01, Grad norm = 2.731328e-07, Beta update rate = 1.525232e-07
Epoch 836400 (16.7%): Train pred MSE = 3.297433e-09, Test pred MSE = 1.761034e-02, Param MSE = 1.811289e-01, Grad norm = 2.728199e-07, Beta update rate = 1.523485e-07
Epoch 836600 (16.7%): Train pred MSE = 3.289998e-09, Test pred MSE = 1.761034e-02, Param MSE = 1.811288e-01, Grad norm = 2.725073e-07, Beta update rate = 1.521741e-07
Epoch 836800 (16.7%): Train pred MSE = 3.282581e-09, Test pred MSE = 1.761034e-02, Param MSE = 1.811288e-01, Grad norm = 2.721951e-07, Beta update rate = 1.519999e-07
Epoch 837000 (16.7%): Train pred MSE = 3.275180e-09, Test pred MSE = 1.761033e-02, Param MSE = 1.811288e-01, Grad norm = 2.718833e-07, Beta update rate = 1.518258e-07
Epoch 837200 (16.7%): Train pred MSE = 3.267797e-09, Test pred MSE = 1.761033e-02, Param MSE = 1.811287e-01, Grad norm = 2.715719e-07, Beta update rate = 1.516520e-07
Epoch 837400 (16.7%): Train pred MSE = 3.260430e-09, Test pred MSE = 1.761033e-02, Param MSE = 1.811287e-01, Grad norm = 2.712608e-07, Beta update rate = 1.514784e-07
Epoch 837600 (16.8%): Train pred MSE = 3.253080e-09, Test pred MSE = 1.761033e-02, Param MSE = 1.811286e-01, Grad norm = 2.709500e-07, Beta update rate = 1.513050e-07
Epoch 837800 (16.8%): Train pred MSE = 3.245747e-09, Test pred MSE = 1.761032e-02, Param MSE = 1.811286e-01, Grad norm = 2.706397e-07, Beta update rate = 1.511318e-07
Epoch 838000 (16.8%): Train pred MSE = 3.238431e-09, Test pred MSE = 1.761032e-02, Param MSE = 1.811286e-01, Grad norm = 2.703297e-07, Beta update rate = 1.509588e-07
Epoch 838200 (16.8%): Train pred MSE = 3.231132e-09, Test pred MSE = 1.761032e-02, Param MSE = 1.811285e-01, Grad norm = 2.700200e-07, Beta update rate = 1.507860e-07
Epoch 838400 (16.8%): Train pred MSE = 3.223849e-09, Test pred MSE = 1.761032e-02, Param MSE = 1.811285e-01, Grad norm = 2.697108e-07, Beta update rate = 1.506134e-07
Epoch 838600 (16.8%): Train pred MSE = 3.216583e-09, Test pred MSE = 1.761031e-02, Param MSE = 1.811284e-01, Grad norm = 2.694019e-07, Beta update rate = 1.504410e-07
Epoch 838800 (16.8%): Train pred MSE = 3.209334e-09, Test pred MSE = 1.761031e-02, Param MSE = 1.811284e-01, Grad norm = 2.690933e-07, Beta update rate = 1.502688e-07
Epoch 839000 (16.8%): Train pred MSE = 3.202101e-09, Test pred MSE = 1.761031e-02, Param MSE = 1.811284e-01, Grad norm = 2.687852e-07, Beta update rate = 1.500968e-07
Epoch 839200 (16.8%): Train pred MSE = 3.194885e-09, Test pred MSE = 1.761031e-02, Param MSE = 1.811283e-01, Grad norm = 2.684773e-07, Beta update rate = 1.499250e-07
Epoch 839400 (16.8%): Train pred MSE = 3.187685e-09, Test pred MSE = 1.761030e-02, Param MSE = 1.811283e-01, Grad norm = 2.681699e-07, Beta update rate = 1.497534e-07
Epoch 839600 (16.8%): Train pred MSE = 3.180502e-09, Test pred MSE = 1.761030e-02, Param MSE = 1.811282e-01, Grad norm = 2.678628e-07, Beta update rate = 1.495820e-07
Epoch 839800 (16.8%): Train pred MSE = 3.173335e-09, Test pred MSE = 1.761030e-02, Param MSE = 1.811282e-01, Grad norm = 2.675561e-07, Beta update rate = 1.494108e-07
Epoch 840000 (16.8%): Train pred MSE = 3.166185e-09, Test pred MSE = 1.761030e-02, Param MSE = 1.811282e-01, Grad norm = 2.672497e-07, Beta update rate = 1.492399e-07
Epoch 840200 (16.8%): Train pred MSE = 3.159051e-09, Test pred MSE = 1.761029e-02, Param MSE = 1.811281e-01, Grad norm = 2.669437e-07, Beta update rate = 1.490691e-07
Epoch 840400 (16.8%): Train pred MSE = 3.151933e-09, Test pred MSE = 1.761029e-02, Param MSE = 1.811281e-01, Grad norm = 2.666380e-07, Beta update rate = 1.488985e-07
Epoch 840600 (16.8%): Train pred MSE = 3.144832e-09, Test pred MSE = 1.761029e-02, Param MSE = 1.811280e-01, Grad norm = 2.663328e-07, Beta update rate = 1.487281e-07
Epoch 840800 (16.8%): Train pred MSE = 3.137747e-09, Test pred MSE = 1.761029e-02, Param MSE = 1.811280e-01, Grad norm = 2.660278e-07, Beta update rate = 1.485579e-07
Epoch 841000 (16.8%): Train pred MSE = 3.130678e-09, Test pred MSE = 1.761028e-02, Param MSE = 1.811280e-01, Grad norm = 2.657233e-07, Beta update rate = 1.483880e-07
Epoch 841200 (16.8%): Train pred MSE = 3.123625e-09, Test pred MSE = 1.761028e-02, Param MSE = 1.811279e-01, Grad norm = 2.654191e-07, Beta update rate = 1.482182e-07
Epoch 841400 (16.8%): Train pred MSE = 3.116588e-09, Test pred MSE = 1.761028e-02, Param MSE = 1.811279e-01, Grad norm = 2.651152e-07, Beta update rate = 1.480486e-07
Epoch 841600 (16.8%): Train pred MSE = 3.109568e-09, Test pred MSE = 1.761028e-02, Param MSE = 1.811279e-01, Grad norm = 2.648117e-07, Beta update rate = 1.478792e-07
Epoch 841800 (16.8%): Train pred MSE = 3.102563e-09, Test pred MSE = 1.761028e-02, Param MSE = 1.811278e-01, Grad norm = 2.645086e-07, Beta update rate = 1.477101e-07
Epoch 842000 (16.8%): Train pred MSE = 3.095575e-09, Test pred MSE = 1.761027e-02, Param MSE = 1.811278e-01, Grad norm = 2.642058e-07, Beta update rate = 1.475411e-07
Epoch 842200 (16.8%): Train pred MSE = 3.088603e-09, Test pred MSE = 1.761027e-02, Param MSE = 1.811277e-01, Grad norm = 2.639034e-07, Beta update rate = 1.473723e-07
Epoch 842400 (16.8%): Train pred MSE = 3.081646e-09, Test pred MSE = 1.761027e-02, Param MSE = 1.811277e-01, Grad norm = 2.636013e-07, Beta update rate = 1.472037e-07
Epoch 842600 (16.9%): Train pred MSE = 3.074706e-09, Test pred MSE = 1.761027e-02, Param MSE = 1.811277e-01, Grad norm = 2.632996e-07, Beta update rate = 1.470353e-07
Epoch 842800 (16.9%): Train pred MSE = 3.067781e-09, Test pred MSE = 1.761026e-02, Param MSE = 1.811276e-01, Grad norm = 2.629982e-07, Beta update rate = 1.468671e-07
Epoch 843000 (16.9%): Train pred MSE = 3.060872e-09, Test pred MSE = 1.761026e-02, Param MSE = 1.811276e-01, Grad norm = 2.626972e-07, Beta update rate = 1.466992e-07
Epoch 843200 (16.9%): Train pred MSE = 3.053979e-09, Test pred MSE = 1.761026e-02, Param MSE = 1.811275e-01, Grad norm = 2.623966e-07, Beta update rate = 1.465314e-07
Epoch 843400 (16.9%): Train pred MSE = 3.047102e-09, Test pred MSE = 1.761026e-02, Param MSE = 1.811275e-01, Grad norm = 2.620963e-07, Beta update rate = 1.463638e-07
Epoch 843600 (16.9%): Train pred MSE = 3.040240e-09, Test pred MSE = 1.761025e-02, Param MSE = 1.811275e-01, Grad norm = 2.617963e-07, Beta update rate = 1.461964e-07
Epoch 843800 (16.9%): Train pred MSE = 3.033394e-09, Test pred MSE = 1.761025e-02, Param MSE = 1.811274e-01, Grad norm = 2.614967e-07, Beta update rate = 1.460292e-07
Epoch 844000 (16.9%): Train pred MSE = 3.026564e-09, Test pred MSE = 1.761025e-02, Param MSE = 1.811274e-01, Grad norm = 2.611975e-07, Beta update rate = 1.458622e-07
Epoch 844200 (16.9%): Train pred MSE = 3.019750e-09, Test pred MSE = 1.761025e-02, Param MSE = 1.811274e-01, Grad norm = 2.608986e-07, Beta update rate = 1.456954e-07
Epoch 844400 (16.9%): Train pred MSE = 3.012951e-09, Test pred MSE = 1.761024e-02, Param MSE = 1.811273e-01, Grad norm = 2.606001e-07, Beta update rate = 1.455288e-07
Epoch 844600 (16.9%): Train pred MSE = 3.006167e-09, Test pred MSE = 1.761024e-02, Param MSE = 1.811273e-01, Grad norm = 2.603019e-07, Beta update rate = 1.453623e-07
Epoch 844800 (16.9%): Train pred MSE = 2.999399e-09, Test pred MSE = 1.761024e-02, Param MSE = 1.811272e-01, Grad norm = 2.600041e-07, Beta update rate = 1.451961e-07
Epoch 845000 (16.9%): Train pred MSE = 2.992647e-09, Test pred MSE = 1.761024e-02, Param MSE = 1.811272e-01, Grad norm = 2.597066e-07, Beta update rate = 1.450301e-07
Epoch 845200 (16.9%): Train pred MSE = 2.985910e-09, Test pred MSE = 1.761023e-02, Param MSE = 1.811272e-01, Grad norm = 2.594094e-07, Beta update rate = 1.448643e-07
Epoch 845400 (16.9%): Train pred MSE = 2.979188e-09, Test pred MSE = 1.761023e-02, Param MSE = 1.811271e-01, Grad norm = 2.591127e-07, Beta update rate = 1.446986e-07
Epoch 845600 (16.9%): Train pred MSE = 2.972482e-09, Test pred MSE = 1.761023e-02, Param MSE = 1.811271e-01, Grad norm = 2.588162e-07, Beta update rate = 1.445332e-07
Epoch 845800 (16.9%): Train pred MSE = 2.965791e-09, Test pred MSE = 1.761023e-02, Param MSE = 1.811271e-01, Grad norm = 2.585201e-07, Beta update rate = 1.443680e-07
Epoch 846000 (16.9%): Train pred MSE = 2.959116e-09, Test pred MSE = 1.761022e-02, Param MSE = 1.811270e-01, Grad norm = 2.582244e-07, Beta update rate = 1.442029e-07
Epoch 846200 (16.9%): Train pred MSE = 2.952456e-09, Test pred MSE = 1.761022e-02, Param MSE = 1.811270e-01, Grad norm = 2.579290e-07, Beta update rate = 1.440381e-07
Epoch 846400 (16.9%): Train pred MSE = 2.945810e-09, Test pred MSE = 1.761022e-02, Param MSE = 1.811269e-01, Grad norm = 2.576340e-07, Beta update rate = 1.438734e-07
Epoch 846600 (16.9%): Train pred MSE = 2.939181e-09, Test pred MSE = 1.761022e-02, Param MSE = 1.811269e-01, Grad norm = 2.573393e-07, Beta update rate = 1.437089e-07
Epoch 846800 (16.9%): Train pred MSE = 2.932566e-09, Test pred MSE = 1.761021e-02, Param MSE = 1.811269e-01, Grad norm = 2.570449e-07, Beta update rate = 1.435446e-07
Epoch 847000 (16.9%): Train pred MSE = 2.925966e-09, Test pred MSE = 1.761021e-02, Param MSE = 1.811268e-01, Grad norm = 2.567509e-07, Beta update rate = 1.433806e-07
Epoch 847200 (16.9%): Train pred MSE = 2.919382e-09, Test pred MSE = 1.761021e-02, Param MSE = 1.811268e-01, Grad norm = 2.564573e-07, Beta update rate = 1.432167e-07
Epoch 847400 (16.9%): Train pred MSE = 2.912812e-09, Test pred MSE = 1.761021e-02, Param MSE = 1.811268e-01, Grad norm = 2.561639e-07, Beta update rate = 1.430530e-07
Epoch 847600 (17.0%): Train pred MSE = 2.906258e-09, Test pred MSE = 1.761021e-02, Param MSE = 1.811267e-01, Grad norm = 2.558710e-07, Beta update rate = 1.428895e-07
Epoch 847800 (17.0%): Train pred MSE = 2.899718e-09, Test pred MSE = 1.761020e-02, Param MSE = 1.811267e-01, Grad norm = 2.555784e-07, Beta update rate = 1.427262e-07
Epoch 848000 (17.0%): Train pred MSE = 2.893194e-09, Test pred MSE = 1.761020e-02, Param MSE = 1.811266e-01, Grad norm = 2.552861e-07, Beta update rate = 1.425630e-07
Epoch 848200 (17.0%): Train pred MSE = 2.886684e-09, Test pred MSE = 1.761020e-02, Param MSE = 1.811266e-01, Grad norm = 2.549941e-07, Beta update rate = 1.424001e-07
Epoch 848400 (17.0%): Train pred MSE = 2.880190e-09, Test pred MSE = 1.761020e-02, Param MSE = 1.811266e-01, Grad norm = 2.547026e-07, Beta update rate = 1.422374e-07
Epoch 848600 (17.0%): Train pred MSE = 2.873710e-09, Test pred MSE = 1.761019e-02, Param MSE = 1.811265e-01, Grad norm = 2.544113e-07, Beta update rate = 1.420748e-07
Epoch 848800 (17.0%): Train pred MSE = 2.867245e-09, Test pred MSE = 1.761019e-02, Param MSE = 1.811265e-01, Grad norm = 2.541204e-07, Beta update rate = 1.419125e-07
Epoch 849000 (17.0%): Train pred MSE = 2.860794e-09, Test pred MSE = 1.761019e-02, Param MSE = 1.811265e-01, Grad norm = 2.538298e-07, Beta update rate = 1.417503e-07
Epoch 849200 (17.0%): Train pred MSE = 2.854359e-09, Test pred MSE = 1.761019e-02, Param MSE = 1.811264e-01, Grad norm = 2.535396e-07, Beta update rate = 1.415884e-07
Epoch 849400 (17.0%): Train pred MSE = 2.847938e-09, Test pred MSE = 1.761018e-02, Param MSE = 1.811264e-01, Grad norm = 2.532497e-07, Beta update rate = 1.414266e-07
Epoch 849600 (17.0%): Train pred MSE = 2.841532e-09, Test pred MSE = 1.761018e-02, Param MSE = 1.811264e-01, Grad norm = 2.529602e-07, Beta update rate = 1.412650e-07
Epoch 849800 (17.0%): Train pred MSE = 2.835140e-09, Test pred MSE = 1.761018e-02, Param MSE = 1.811263e-01, Grad norm = 2.526710e-07, Beta update rate = 1.411036e-07
Epoch 850000 (17.0%): Train pred MSE = 2.828763e-09, Test pred MSE = 1.761018e-02, Param MSE = 1.811263e-01, Grad norm = 2.523821e-07, Beta update rate = 1.409424e-07
Epoch 850200 (17.0%): Train pred MSE = 2.822401e-09, Test pred MSE = 1.761017e-02, Param MSE = 1.811262e-01, Grad norm = 2.520936e-07, Beta update rate = 1.407813e-07
Epoch 850400 (17.0%): Train pred MSE = 2.816053e-09, Test pred MSE = 1.761017e-02, Param MSE = 1.811262e-01, Grad norm = 2.518054e-07, Beta update rate = 1.406205e-07
Epoch 850600 (17.0%): Train pred MSE = 2.809720e-09, Test pred MSE = 1.761017e-02, Param MSE = 1.811262e-01, Grad norm = 2.515176e-07, Beta update rate = 1.404599e-07
Epoch 850800 (17.0%): Train pred MSE = 2.803401e-09, Test pred MSE = 1.761017e-02, Param MSE = 1.811261e-01, Grad norm = 2.512301e-07, Beta update rate = 1.402994e-07
Epoch 851000 (17.0%): Train pred MSE = 2.797097e-09, Test pred MSE = 1.761017e-02, Param MSE = 1.811261e-01, Grad norm = 2.509429e-07, Beta update rate = 1.401391e-07
Epoch 851200 (17.0%): Train pred MSE = 2.790807e-09, Test pred MSE = 1.761016e-02, Param MSE = 1.811261e-01, Grad norm = 2.506561e-07, Beta update rate = 1.399791e-07
Epoch 851400 (17.0%): Train pred MSE = 2.784531e-09, Test pred MSE = 1.761016e-02, Param MSE = 1.811260e-01, Grad norm = 2.503696e-07, Beta update rate = 1.398192e-07
Epoch 851600 (17.0%): Train pred MSE = 2.778270e-09, Test pred MSE = 1.761016e-02, Param MSE = 1.811260e-01, Grad norm = 2.500834e-07, Beta update rate = 1.396595e-07
Epoch 851800 (17.0%): Train pred MSE = 2.772023e-09, Test pred MSE = 1.761016e-02, Param MSE = 1.811259e-01, Grad norm = 2.497976e-07, Beta update rate = 1.395000e-07
Epoch 852000 (17.0%): Train pred MSE = 2.765790e-09, Test pred MSE = 1.761015e-02, Param MSE = 1.811259e-01, Grad norm = 2.495121e-07, Beta update rate = 1.393406e-07
Epoch 852200 (17.0%): Train pred MSE = 2.759572e-09, Test pred MSE = 1.761015e-02, Param MSE = 1.811259e-01, Grad norm = 2.492270e-07, Beta update rate = 1.391815e-07
Epoch 852400 (17.0%): Train pred MSE = 2.753368e-09, Test pred MSE = 1.761015e-02, Param MSE = 1.811258e-01, Grad norm = 2.489422e-07, Beta update rate = 1.390225e-07
Epoch 852600 (17.1%): Train pred MSE = 2.747177e-09, Test pred MSE = 1.761015e-02, Param MSE = 1.811258e-01, Grad norm = 2.486577e-07, Beta update rate = 1.388638e-07
Epoch 852800 (17.1%): Train pred MSE = 2.741002e-09, Test pred MSE = 1.761014e-02, Param MSE = 1.811258e-01, Grad norm = 2.483735e-07, Beta update rate = 1.387052e-07
Epoch 853000 (17.1%): Train pred MSE = 2.734840e-09, Test pred MSE = 1.761014e-02, Param MSE = 1.811257e-01, Grad norm = 2.480897e-07, Beta update rate = 1.385468e-07
Epoch 853200 (17.1%): Train pred MSE = 2.728692e-09, Test pred MSE = 1.761014e-02, Param MSE = 1.811257e-01, Grad norm = 2.478063e-07, Beta update rate = 1.383886e-07
Epoch 853400 (17.1%): Train pred MSE = 2.722558e-09, Test pred MSE = 1.761014e-02, Param MSE = 1.811257e-01, Grad norm = 2.475231e-07, Beta update rate = 1.382306e-07
Epoch 853600 (17.1%): Train pred MSE = 2.716438e-09, Test pred MSE = 1.761014e-02, Param MSE = 1.811256e-01, Grad norm = 2.472403e-07, Beta update rate = 1.380727e-07
Epoch 853800 (17.1%): Train pred MSE = 2.710333e-09, Test pred MSE = 1.761013e-02, Param MSE = 1.811256e-01, Grad norm = 2.469578e-07, Beta update rate = 1.379151e-07
Epoch 854000 (17.1%): Train pred MSE = 2.704241e-09, Test pred MSE = 1.761013e-02, Param MSE = 1.811256e-01, Grad norm = 2.466757e-07, Beta update rate = 1.377576e-07
Epoch 854200 (17.1%): Train pred MSE = 2.698163e-09, Test pred MSE = 1.761013e-02, Param MSE = 1.811255e-01, Grad norm = 2.463939e-07, Beta update rate = 1.376003e-07
Epoch 854400 (17.1%): Train pred MSE = 2.692099e-09, Test pred MSE = 1.761013e-02, Param MSE = 1.811255e-01, Grad norm = 2.461124e-07, Beta update rate = 1.374432e-07
Epoch 854600 (17.1%): Train pred MSE = 2.686049e-09, Test pred MSE = 1.761012e-02, Param MSE = 1.811254e-01, Grad norm = 2.458312e-07, Beta update rate = 1.372863e-07
Epoch 854800 (17.1%): Train pred MSE = 2.680013e-09, Test pred MSE = 1.761012e-02, Param MSE = 1.811254e-01, Grad norm = 2.455504e-07, Beta update rate = 1.371296e-07
Epoch 855000 (17.1%): Train pred MSE = 2.673990e-09, Test pred MSE = 1.761012e-02, Param MSE = 1.811254e-01, Grad norm = 2.452699e-07, Beta update rate = 1.369730e-07
Epoch 855200 (17.1%): Train pred MSE = 2.667981e-09, Test pred MSE = 1.761012e-02, Param MSE = 1.811253e-01, Grad norm = 2.449897e-07, Beta update rate = 1.368167e-07
Epoch 855400 (17.1%): Train pred MSE = 2.661986e-09, Test pred MSE = 1.761012e-02, Param MSE = 1.811253e-01, Grad norm = 2.447099e-07, Beta update rate = 1.366605e-07
Epoch 855600 (17.1%): Train pred MSE = 2.656005e-09, Test pred MSE = 1.761011e-02, Param MSE = 1.811253e-01, Grad norm = 2.444304e-07, Beta update rate = 1.365045e-07
Epoch 855800 (17.1%): Train pred MSE = 2.650037e-09, Test pred MSE = 1.761011e-02, Param MSE = 1.811252e-01, Grad norm = 2.441512e-07, Beta update rate = 1.363487e-07
Epoch 856000 (17.1%): Train pred MSE = 2.644083e-09, Test pred MSE = 1.761011e-02, Param MSE = 1.811252e-01, Grad norm = 2.438724e-07, Beta update rate = 1.361931e-07
Epoch 856200 (17.1%): Train pred MSE = 2.638142e-09, Test pred MSE = 1.761011e-02, Param MSE = 1.811252e-01, Grad norm = 2.435938e-07, Beta update rate = 1.360376e-07
Epoch 856400 (17.1%): Train pred MSE = 2.632215e-09, Test pred MSE = 1.761010e-02, Param MSE = 1.811251e-01, Grad norm = 2.433156e-07, Beta update rate = 1.358824e-07
Epoch 856600 (17.1%): Train pred MSE = 2.626302e-09, Test pred MSE = 1.761010e-02, Param MSE = 1.811251e-01, Grad norm = 2.430378e-07, Beta update rate = 1.357273e-07
Epoch 856800 (17.1%): Train pred MSE = 2.620402e-09, Test pred MSE = 1.761010e-02, Param MSE = 1.811251e-01, Grad norm = 2.427602e-07, Beta update rate = 1.355724e-07
Epoch 857000 (17.1%): Train pred MSE = 2.614515e-09, Test pred MSE = 1.761010e-02, Param MSE = 1.811250e-01, Grad norm = 2.424830e-07, Beta update rate = 1.354177e-07
Epoch 857200 (17.1%): Train pred MSE = 2.608642e-09, Test pred MSE = 1.761010e-02, Param MSE = 1.811250e-01, Grad norm = 2.422061e-07, Beta update rate = 1.352631e-07
Epoch 857400 (17.1%): Train pred MSE = 2.602783e-09, Test pred MSE = 1.761009e-02, Param MSE = 1.811250e-01, Grad norm = 2.419296e-07, Beta update rate = 1.351088e-07
Epoch 857600 (17.2%): Train pred MSE = 2.596937e-09, Test pred MSE = 1.761009e-02, Param MSE = 1.811249e-01, Grad norm = 2.416533e-07, Beta update rate = 1.349546e-07
Epoch 857800 (17.2%): Train pred MSE = 2.591104e-09, Test pred MSE = 1.761009e-02, Param MSE = 1.811249e-01, Grad norm = 2.413774e-07, Beta update rate = 1.348006e-07
Epoch 858000 (17.2%): Train pred MSE = 2.585284e-09, Test pred MSE = 1.761009e-02, Param MSE = 1.811248e-01, Grad norm = 2.411018e-07, Beta update rate = 1.346468e-07
Epoch 858200 (17.2%): Train pred MSE = 2.579478e-09, Test pred MSE = 1.761008e-02, Param MSE = 1.811248e-01, Grad norm = 2.408265e-07, Beta update rate = 1.344932e-07
Epoch 858400 (17.2%): Train pred MSE = 2.573685e-09, Test pred MSE = 1.761008e-02, Param MSE = 1.811248e-01, Grad norm = 2.405516e-07, Beta update rate = 1.343397e-07
Epoch 858600 (17.2%): Train pred MSE = 2.567905e-09, Test pred MSE = 1.761008e-02, Param MSE = 1.811247e-01, Grad norm = 2.402770e-07, Beta update rate = 1.341865e-07
Epoch 858800 (17.2%): Train pred MSE = 2.562138e-09, Test pred MSE = 1.761008e-02, Param MSE = 1.811247e-01, Grad norm = 2.400027e-07, Beta update rate = 1.340334e-07
Epoch 859000 (17.2%): Train pred MSE = 2.556385e-09, Test pred MSE = 1.761008e-02, Param MSE = 1.811247e-01, Grad norm = 2.397287e-07, Beta update rate = 1.338805e-07
Epoch 859200 (17.2%): Train pred MSE = 2.550644e-09, Test pred MSE = 1.761007e-02, Param MSE = 1.811246e-01, Grad norm = 2.394550e-07, Beta update rate = 1.337277e-07
Epoch 859400 (17.2%): Train pred MSE = 2.544917e-09, Test pred MSE = 1.761007e-02, Param MSE = 1.811246e-01, Grad norm = 2.391817e-07, Beta update rate = 1.335752e-07
Epoch 859600 (17.2%): Train pred MSE = 2.539203e-09, Test pred MSE = 1.761007e-02, Param MSE = 1.811246e-01, Grad norm = 2.389087e-07, Beta update rate = 1.334228e-07
Epoch 859800 (17.2%): Train pred MSE = 2.533502e-09, Test pred MSE = 1.761007e-02, Param MSE = 1.811245e-01, Grad norm = 2.386360e-07, Beta update rate = 1.332706e-07
Epoch 860000 (17.2%): Train pred MSE = 2.527813e-09, Test pred MSE = 1.761006e-02, Param MSE = 1.811245e-01, Grad norm = 2.383636e-07, Beta update rate = 1.331186e-07
Epoch 860200 (17.2%): Train pred MSE = 2.522138e-09, Test pred MSE = 1.761006e-02, Param MSE = 1.811245e-01, Grad norm = 2.380915e-07, Beta update rate = 1.329668e-07
Epoch 860400 (17.2%): Train pred MSE = 2.516476e-09, Test pred MSE = 1.761006e-02, Param MSE = 1.811244e-01, Grad norm = 2.378198e-07, Beta update rate = 1.328151e-07
Epoch 860600 (17.2%): Train pred MSE = 2.510827e-09, Test pred MSE = 1.761006e-02, Param MSE = 1.811244e-01, Grad norm = 2.375484e-07, Beta update rate = 1.326636e-07
Epoch 860800 (17.2%): Train pred MSE = 2.505190e-09, Test pred MSE = 1.761006e-02, Param MSE = 1.811244e-01, Grad norm = 2.372773e-07, Beta update rate = 1.325123e-07
Epoch 861000 (17.2%): Train pred MSE = 2.499567e-09, Test pred MSE = 1.761005e-02, Param MSE = 1.811243e-01, Grad norm = 2.370065e-07, Beta update rate = 1.323612e-07
Epoch 861200 (17.2%): Train pred MSE = 2.493956e-09, Test pred MSE = 1.761005e-02, Param MSE = 1.811243e-01, Grad norm = 2.367360e-07, Beta update rate = 1.322103e-07
Epoch 861400 (17.2%): Train pred MSE = 2.488358e-09, Test pred MSE = 1.761005e-02, Param MSE = 1.811243e-01, Grad norm = 2.364659e-07, Beta update rate = 1.320595e-07
Epoch 861600 (17.2%): Train pred MSE = 2.482773e-09, Test pred MSE = 1.761005e-02, Param MSE = 1.811242e-01, Grad norm = 2.361961e-07, Beta update rate = 1.319089e-07
Epoch 861800 (17.2%): Train pred MSE = 2.477200e-09, Test pred MSE = 1.761004e-02, Param MSE = 1.811242e-01, Grad norm = 2.359266e-07, Beta update rate = 1.317585e-07
Epoch 862000 (17.2%): Train pred MSE = 2.471641e-09, Test pred MSE = 1.761004e-02, Param MSE = 1.811242e-01, Grad norm = 2.356574e-07, Beta update rate = 1.316083e-07
Epoch 862200 (17.2%): Train pred MSE = 2.466093e-09, Test pred MSE = 1.761004e-02, Param MSE = 1.811241e-01, Grad norm = 2.353885e-07, Beta update rate = 1.314582e-07
Epoch 862400 (17.2%): Train pred MSE = 2.460559e-09, Test pred MSE = 1.761004e-02, Param MSE = 1.811241e-01, Grad norm = 2.351199e-07, Beta update rate = 1.313083e-07
Epoch 862600 (17.3%): Train pred MSE = 2.455037e-09, Test pred MSE = 1.761004e-02, Param MSE = 1.811241e-01, Grad norm = 2.348517e-07, Beta update rate = 1.311586e-07
Epoch 862800 (17.3%): Train pred MSE = 2.449528e-09, Test pred MSE = 1.761003e-02, Param MSE = 1.811240e-01, Grad norm = 2.345837e-07, Beta update rate = 1.310091e-07
Epoch 863000 (17.3%): Train pred MSE = 2.444031e-09, Test pred MSE = 1.761003e-02, Param MSE = 1.811240e-01, Grad norm = 2.343161e-07, Beta update rate = 1.308597e-07
Epoch 863200 (17.3%): Train pred MSE = 2.438547e-09, Test pred MSE = 1.761003e-02, Param MSE = 1.811240e-01, Grad norm = 2.340488e-07, Beta update rate = 1.307105e-07
Epoch 863400 (17.3%): Train pred MSE = 2.433076e-09, Test pred MSE = 1.761003e-02, Param MSE = 1.811239e-01, Grad norm = 2.337818e-07, Beta update rate = 1.305615e-07
Epoch 863600 (17.3%): Train pred MSE = 2.427617e-09, Test pred MSE = 1.761003e-02, Param MSE = 1.811239e-01, Grad norm = 2.335151e-07, Beta update rate = 1.304127e-07
Epoch 863800 (17.3%): Train pred MSE = 2.422170e-09, Test pred MSE = 1.761002e-02, Param MSE = 1.811239e-01, Grad norm = 2.332488e-07, Beta update rate = 1.302640e-07
Epoch 864000 (17.3%): Train pred MSE = 2.416736e-09, Test pred MSE = 1.761002e-02, Param MSE = 1.811238e-01, Grad norm = 2.329827e-07, Beta update rate = 1.301155e-07
Epoch 864200 (17.3%): Train pred MSE = 2.411314e-09, Test pred MSE = 1.761002e-02, Param MSE = 1.811238e-01, Grad norm = 2.327170e-07, Beta update rate = 1.299672e-07
Epoch 864400 (17.3%): Train pred MSE = 2.405904e-09, Test pred MSE = 1.761002e-02, Param MSE = 1.811238e-01, Grad norm = 2.324516e-07, Beta update rate = 1.298191e-07
Epoch 864600 (17.3%): Train pred MSE = 2.400507e-09, Test pred MSE = 1.761001e-02, Param MSE = 1.811237e-01, Grad norm = 2.321864e-07, Beta update rate = 1.296711e-07
Epoch 864800 (17.3%): Train pred MSE = 2.395122e-09, Test pred MSE = 1.761001e-02, Param MSE = 1.811237e-01, Grad norm = 2.319216e-07, Beta update rate = 1.295233e-07
Epoch 865000 (17.3%): Train pred MSE = 2.389750e-09, Test pred MSE = 1.761001e-02, Param MSE = 1.811237e-01, Grad norm = 2.316571e-07, Beta update rate = 1.293757e-07
Epoch 865200 (17.3%): Train pred MSE = 2.384389e-09, Test pred MSE = 1.761001e-02, Param MSE = 1.811236e-01, Grad norm = 2.313930e-07, Beta update rate = 1.292283e-07
Epoch 865400 (17.3%): Train pred MSE = 2.379041e-09, Test pred MSE = 1.761001e-02, Param MSE = 1.811236e-01, Grad norm = 2.311291e-07, Beta update rate = 1.290810e-07
Epoch 865600 (17.3%): Train pred MSE = 2.373705e-09, Test pred MSE = 1.761000e-02, Param MSE = 1.811236e-01, Grad norm = 2.308655e-07, Beta update rate = 1.289339e-07
Epoch 865800 (17.3%): Train pred MSE = 2.368382e-09, Test pred MSE = 1.761000e-02, Param MSE = 1.811235e-01, Grad norm = 2.306023e-07, Beta update rate = 1.287870e-07
Epoch 866000 (17.3%): Train pred MSE = 2.363070e-09, Test pred MSE = 1.761000e-02, Param MSE = 1.811235e-01, Grad norm = 2.303393e-07, Beta update rate = 1.286402e-07
Epoch 866200 (17.3%): Train pred MSE = 2.357770e-09, Test pred MSE = 1.761000e-02, Param MSE = 1.811235e-01, Grad norm = 2.300767e-07, Beta update rate = 1.284936e-07
Epoch 866400 (17.3%): Train pred MSE = 2.352483e-09, Test pred MSE = 1.761000e-02, Param MSE = 1.811234e-01, Grad norm = 2.298143e-07, Beta update rate = 1.283472e-07
Epoch 866600 (17.3%): Train pred MSE = 2.347208e-09, Test pred MSE = 1.760999e-02, Param MSE = 1.811234e-01, Grad norm = 2.295523e-07, Beta update rate = 1.282010e-07
Epoch 866800 (17.3%): Train pred MSE = 2.341944e-09, Test pred MSE = 1.760999e-02, Param MSE = 1.811234e-01, Grad norm = 2.292906e-07, Beta update rate = 1.280549e-07
Epoch 867000 (17.3%): Train pred MSE = 2.336693e-09, Test pred MSE = 1.760999e-02, Param MSE = 1.811233e-01, Grad norm = 2.290292e-07, Beta update rate = 1.279090e-07
Epoch 867200 (17.3%): Train pred MSE = 2.331453e-09, Test pred MSE = 1.760999e-02, Param MSE = 1.811233e-01, Grad norm = 2.287681e-07, Beta update rate = 1.277633e-07
Epoch 867400 (17.3%): Train pred MSE = 2.326226e-09, Test pred MSE = 1.760998e-02, Param MSE = 1.811233e-01, Grad norm = 2.285073e-07, Beta update rate = 1.276177e-07
Epoch 867600 (17.4%): Train pred MSE = 2.321010e-09, Test pred MSE = 1.760998e-02, Param MSE = 1.811232e-01, Grad norm = 2.282468e-07, Beta update rate = 1.274724e-07
Epoch 867800 (17.4%): Train pred MSE = 2.315807e-09, Test pred MSE = 1.760998e-02, Param MSE = 1.811232e-01, Grad norm = 2.279866e-07, Beta update rate = 1.273272e-07
Epoch 868000 (17.4%): Train pred MSE = 2.310615e-09, Test pred MSE = 1.760998e-02, Param MSE = 1.811232e-01, Grad norm = 2.277267e-07, Beta update rate = 1.271821e-07
Epoch 868200 (17.4%): Train pred MSE = 2.305435e-09, Test pred MSE = 1.760998e-02, Param MSE = 1.811231e-01, Grad norm = 2.274671e-07, Beta update rate = 1.270372e-07
Epoch 868400 (17.4%): Train pred MSE = 2.300267e-09, Test pred MSE = 1.760997e-02, Param MSE = 1.811231e-01, Grad norm = 2.272079e-07, Beta update rate = 1.268925e-07
Epoch 868600 (17.4%): Train pred MSE = 2.295110e-09, Test pred MSE = 1.760997e-02, Param MSE = 1.811231e-01, Grad norm = 2.269489e-07, Beta update rate = 1.267480e-07
Epoch 868800 (17.4%): Train pred MSE = 2.289966e-09, Test pred MSE = 1.760997e-02, Param MSE = 1.811230e-01, Grad norm = 2.266902e-07, Beta update rate = 1.266036e-07
Epoch 869000 (17.4%): Train pred MSE = 2.284833e-09, Test pred MSE = 1.760997e-02, Param MSE = 1.811230e-01, Grad norm = 2.264319e-07, Beta update rate = 1.264594e-07
Epoch 869200 (17.4%): Train pred MSE = 2.279711e-09, Test pred MSE = 1.760997e-02, Param MSE = 1.811230e-01, Grad norm = 2.261738e-07, Beta update rate = 1.263154e-07
Epoch 869400 (17.4%): Train pred MSE = 2.274602e-09, Test pred MSE = 1.760996e-02, Param MSE = 1.811229e-01, Grad norm = 2.259161e-07, Beta update rate = 1.261716e-07
Epoch 869600 (17.4%): Train pred MSE = 2.269504e-09, Test pred MSE = 1.760996e-02, Param MSE = 1.811229e-01, Grad norm = 2.256586e-07, Beta update rate = 1.260279e-07
Epoch 869800 (17.4%): Train pred MSE = 2.264418e-09, Test pred MSE = 1.760996e-02, Param MSE = 1.811229e-01, Grad norm = 2.254015e-07, Beta update rate = 1.258844e-07
Epoch 870000 (17.4%): Train pred MSE = 2.259343e-09, Test pred MSE = 1.760996e-02, Param MSE = 1.811228e-01, Grad norm = 2.251446e-07, Beta update rate = 1.257410e-07
Epoch 870200 (17.4%): Train pred MSE = 2.254280e-09, Test pred MSE = 1.760996e-02, Param MSE = 1.811228e-01, Grad norm = 2.248881e-07, Beta update rate = 1.255978e-07
Epoch 870400 (17.4%): Train pred MSE = 2.249228e-09, Test pred MSE = 1.760995e-02, Param MSE = 1.811228e-01, Grad norm = 2.246318e-07, Beta update rate = 1.254548e-07
Epoch 870600 (17.4%): Train pred MSE = 2.244188e-09, Test pred MSE = 1.760995e-02, Param MSE = 1.811227e-01, Grad norm = 2.243759e-07, Beta update rate = 1.253120e-07
Epoch 870800 (17.4%): Train pred MSE = 2.239159e-09, Test pred MSE = 1.760995e-02, Param MSE = 1.811227e-01, Grad norm = 2.241202e-07, Beta update rate = 1.251693e-07
Epoch 871000 (17.4%): Train pred MSE = 2.234142e-09, Test pred MSE = 1.760995e-02, Param MSE = 1.811227e-01, Grad norm = 2.238649e-07, Beta update rate = 1.250268e-07
Epoch 871200 (17.4%): Train pred MSE = 2.229136e-09, Test pred MSE = 1.760995e-02, Param MSE = 1.811226e-01, Grad norm = 2.236098e-07, Beta update rate = 1.248844e-07
Epoch 871400 (17.4%): Train pred MSE = 2.224142e-09, Test pred MSE = 1.760994e-02, Param MSE = 1.811226e-01, Grad norm = 2.233551e-07, Beta update rate = 1.247422e-07
Epoch 871600 (17.4%): Train pred MSE = 2.219159e-09, Test pred MSE = 1.760994e-02, Param MSE = 1.811226e-01, Grad norm = 2.231006e-07, Beta update rate = 1.246002e-07
Epoch 871800 (17.4%): Train pred MSE = 2.214187e-09, Test pred MSE = 1.760994e-02, Param MSE = 1.811225e-01, Grad norm = 2.228465e-07, Beta update rate = 1.244584e-07
Epoch 872000 (17.4%): Train pred MSE = 2.209227e-09, Test pred MSE = 1.760994e-02, Param MSE = 1.811225e-01, Grad norm = 2.225926e-07, Beta update rate = 1.243167e-07
Epoch 872200 (17.4%): Train pred MSE = 2.204278e-09, Test pred MSE = 1.760993e-02, Param MSE = 1.811225e-01, Grad norm = 2.223391e-07, Beta update rate = 1.241752e-07
Epoch 872400 (17.4%): Train pred MSE = 2.199340e-09, Test pred MSE = 1.760993e-02, Param MSE = 1.811224e-01, Grad norm = 2.220858e-07, Beta update rate = 1.240338e-07
Epoch 872600 (17.5%): Train pred MSE = 2.194413e-09, Test pred MSE = 1.760993e-02, Param MSE = 1.811224e-01, Grad norm = 2.218328e-07, Beta update rate = 1.238927e-07
Epoch 872800 (17.5%): Train pred MSE = 2.189498e-09, Test pred MSE = 1.760993e-02, Param MSE = 1.811224e-01, Grad norm = 2.215802e-07, Beta update rate = 1.237516e-07
Epoch 873000 (17.5%): Train pred MSE = 2.184594e-09, Test pred MSE = 1.760993e-02, Param MSE = 1.811223e-01, Grad norm = 2.213278e-07, Beta update rate = 1.236108e-07
Epoch 873200 (17.5%): Train pred MSE = 2.179701e-09, Test pred MSE = 1.760992e-02, Param MSE = 1.811223e-01, Grad norm = 2.210757e-07, Beta update rate = 1.234701e-07
Epoch 873400 (17.5%): Train pred MSE = 2.174819e-09, Test pred MSE = 1.760992e-02, Param MSE = 1.811223e-01, Grad norm = 2.208239e-07, Beta update rate = 1.233296e-07
Epoch 873600 (17.5%): Train pred MSE = 2.169948e-09, Test pred MSE = 1.760992e-02, Param MSE = 1.811222e-01, Grad norm = 2.205725e-07, Beta update rate = 1.231892e-07
Epoch 873800 (17.5%): Train pred MSE = 2.165089e-09, Test pred MSE = 1.760992e-02, Param MSE = 1.811222e-01, Grad norm = 2.203213e-07, Beta update rate = 1.230490e-07
Epoch 874000 (17.5%): Train pred MSE = 2.160240e-09, Test pred MSE = 1.760992e-02, Param MSE = 1.811222e-01, Grad norm = 2.200704e-07, Beta update rate = 1.229090e-07
Epoch 874200 (17.5%): Train pred MSE = 2.155403e-09, Test pred MSE = 1.760991e-02, Param MSE = 1.811222e-01, Grad norm = 2.198198e-07, Beta update rate = 1.227691e-07
Epoch 874400 (17.5%): Train pred MSE = 2.150576e-09, Test pred MSE = 1.760991e-02, Param MSE = 1.811221e-01, Grad norm = 2.195695e-07, Beta update rate = 1.226294e-07
Epoch 874600 (17.5%): Train pred MSE = 2.145760e-09, Test pred MSE = 1.760991e-02, Param MSE = 1.811221e-01, Grad norm = 2.193195e-07, Beta update rate = 1.224899e-07
Epoch 874800 (17.5%): Train pred MSE = 2.140956e-09, Test pred MSE = 1.760991e-02, Param MSE = 1.811221e-01, Grad norm = 2.190697e-07, Beta update rate = 1.223505e-07
Epoch 875000 (17.5%): Train pred MSE = 2.136162e-09, Test pred MSE = 1.760991e-02, Param MSE = 1.811220e-01, Grad norm = 2.188203e-07, Beta update rate = 1.222113e-07
Epoch 875200 (17.5%): Train pred MSE = 2.131379e-09, Test pred MSE = 1.760990e-02, Param MSE = 1.811220e-01, Grad norm = 2.185712e-07, Beta update rate = 1.220723e-07
Epoch 875400 (17.5%): Train pred MSE = 2.126608e-09, Test pred MSE = 1.760990e-02, Param MSE = 1.811220e-01, Grad norm = 2.183223e-07, Beta update rate = 1.219334e-07
Epoch 875600 (17.5%): Train pred MSE = 2.121847e-09, Test pred MSE = 1.760990e-02, Param MSE = 1.811219e-01, Grad norm = 2.180738e-07, Beta update rate = 1.217947e-07
Epoch 875800 (17.5%): Train pred MSE = 2.117096e-09, Test pred MSE = 1.760990e-02, Param MSE = 1.811219e-01, Grad norm = 2.178255e-07, Beta update rate = 1.216561e-07
Epoch 876000 (17.5%): Train pred MSE = 2.112357e-09, Test pred MSE = 1.760990e-02, Param MSE = 1.811219e-01, Grad norm = 2.175775e-07, Beta update rate = 1.215177e-07
Epoch 876200 (17.5%): Train pred MSE = 2.107629e-09, Test pred MSE = 1.760989e-02, Param MSE = 1.811218e-01, Grad norm = 2.173298e-07, Beta update rate = 1.213795e-07
Epoch 876400 (17.5%): Train pred MSE = 2.102911e-09, Test pred MSE = 1.760989e-02, Param MSE = 1.811218e-01, Grad norm = 2.170825e-07, Beta update rate = 1.212414e-07
Epoch 876600 (17.5%): Train pred MSE = 2.098204e-09, Test pred MSE = 1.760989e-02, Param MSE = 1.811218e-01, Grad norm = 2.168354e-07, Beta update rate = 1.211035e-07
Epoch 876800 (17.5%): Train pred MSE = 2.093507e-09, Test pred MSE = 1.760989e-02, Param MSE = 1.811217e-01, Grad norm = 2.165885e-07, Beta update rate = 1.209657e-07
Epoch 877000 (17.5%): Train pred MSE = 2.088822e-09, Test pred MSE = 1.760989e-02, Param MSE = 1.811217e-01, Grad norm = 2.163420e-07, Beta update rate = 1.208281e-07
Epoch 877200 (17.5%): Train pred MSE = 2.084147e-09, Test pred MSE = 1.760988e-02, Param MSE = 1.811217e-01, Grad norm = 2.160958e-07, Beta update rate = 1.206907e-07
Epoch 877400 (17.5%): Train pred MSE = 2.079482e-09, Test pred MSE = 1.760988e-02, Param MSE = 1.811216e-01, Grad norm = 2.158498e-07, Beta update rate = 1.205534e-07
Epoch 877600 (17.6%): Train pred MSE = 2.074828e-09, Test pred MSE = 1.760988e-02, Param MSE = 1.811216e-01, Grad norm = 2.156042e-07, Beta update rate = 1.204163e-07
Epoch 877800 (17.6%): Train pred MSE = 2.070185e-09, Test pred MSE = 1.760988e-02, Param MSE = 1.811216e-01, Grad norm = 2.153588e-07, Beta update rate = 1.202794e-07
Epoch 878000 (17.6%): Train pred MSE = 2.065553e-09, Test pred MSE = 1.760988e-02, Param MSE = 1.811216e-01, Grad norm = 2.151137e-07, Beta update rate = 1.201426e-07
Epoch 878200 (17.6%): Train pred MSE = 2.060930e-09, Test pred MSE = 1.760987e-02, Param MSE = 1.811215e-01, Grad norm = 2.148689e-07, Beta update rate = 1.200060e-07
Epoch 878400 (17.6%): Train pred MSE = 2.056319e-09, Test pred MSE = 1.760987e-02, Param MSE = 1.811215e-01, Grad norm = 2.146244e-07, Beta update rate = 1.198695e-07
Epoch 878600 (17.6%): Train pred MSE = 2.051718e-09, Test pred MSE = 1.760987e-02, Param MSE = 1.811215e-01, Grad norm = 2.143802e-07, Beta update rate = 1.197332e-07
Epoch 878800 (17.6%): Train pred MSE = 2.047127e-09, Test pred MSE = 1.760987e-02, Param MSE = 1.811214e-01, Grad norm = 2.141363e-07, Beta update rate = 1.195971e-07
Epoch 879000 (17.6%): Train pred MSE = 2.042547e-09, Test pred MSE = 1.760987e-02, Param MSE = 1.811214e-01, Grad norm = 2.138926e-07, Beta update rate = 1.194611e-07
Epoch 879200 (17.6%): Train pred MSE = 2.037977e-09, Test pred MSE = 1.760986e-02, Param MSE = 1.811214e-01, Grad norm = 2.136492e-07, Beta update rate = 1.193253e-07
Epoch 879400 (17.6%): Train pred MSE = 2.033418e-09, Test pred MSE = 1.760986e-02, Param MSE = 1.811213e-01, Grad norm = 2.134062e-07, Beta update rate = 1.191896e-07
Epoch 879600 (17.6%): Train pred MSE = 2.028869e-09, Test pred MSE = 1.760986e-02, Param MSE = 1.811213e-01, Grad norm = 2.131634e-07, Beta update rate = 1.190541e-07
Epoch 879800 (17.6%): Train pred MSE = 2.024330e-09, Test pred MSE = 1.760986e-02, Param MSE = 1.811213e-01, Grad norm = 2.129209e-07, Beta update rate = 1.189187e-07
Epoch 880000 (17.6%): Train pred MSE = 2.019802e-09, Test pred MSE = 1.760986e-02, Param MSE = 1.811212e-01, Grad norm = 2.126786e-07, Beta update rate = 1.187835e-07
Epoch 880200 (17.6%): Train pred MSE = 2.015284e-09, Test pred MSE = 1.760986e-02, Param MSE = 1.811212e-01, Grad norm = 2.124367e-07, Beta update rate = 1.186485e-07
Epoch 880400 (17.6%): Train pred MSE = 2.010776e-09, Test pred MSE = 1.760985e-02, Param MSE = 1.811212e-01, Grad norm = 2.121950e-07, Beta update rate = 1.185136e-07
Epoch 880600 (17.6%): Train pred MSE = 2.006279e-09, Test pred MSE = 1.760985e-02, Param MSE = 1.811212e-01, Grad norm = 2.119536e-07, Beta update rate = 1.183789e-07
Epoch 880800 (17.6%): Train pred MSE = 2.001791e-09, Test pred MSE = 1.760985e-02, Param MSE = 1.811211e-01, Grad norm = 2.117126e-07, Beta update rate = 1.182443e-07
Epoch 881000 (17.6%): Train pred MSE = 1.997314e-09, Test pred MSE = 1.760985e-02, Param MSE = 1.811211e-01, Grad norm = 2.114717e-07, Beta update rate = 1.181099e-07
Epoch 881200 (17.6%): Train pred MSE = 1.992847e-09, Test pred MSE = 1.760985e-02, Param MSE = 1.811211e-01, Grad norm = 2.112312e-07, Beta update rate = 1.179757e-07
Epoch 881400 (17.6%): Train pred MSE = 1.988391e-09, Test pred MSE = 1.760984e-02, Param MSE = 1.811210e-01, Grad norm = 2.109910e-07, Beta update rate = 1.178416e-07
Epoch 881600 (17.6%): Train pred MSE = 1.983944e-09, Test pred MSE = 1.760984e-02, Param MSE = 1.811210e-01, Grad norm = 2.107510e-07, Beta update rate = 1.177077e-07
Epoch 881800 (17.6%): Train pred MSE = 1.979507e-09, Test pred MSE = 1.760984e-02, Param MSE = 1.811210e-01, Grad norm = 2.105113e-07, Beta update rate = 1.175739e-07
Epoch 882000 (17.6%): Train pred MSE = 1.975081e-09, Test pred MSE = 1.760984e-02, Param MSE = 1.811209e-01, Grad norm = 2.102719e-07, Beta update rate = 1.174403e-07
Epoch 882200 (17.6%): Train pred MSE = 1.970665e-09, Test pred MSE = 1.760984e-02, Param MSE = 1.811209e-01, Grad norm = 2.100328e-07, Beta update rate = 1.173068e-07
Epoch 882400 (17.6%): Train pred MSE = 1.966258e-09, Test pred MSE = 1.760983e-02, Param MSE = 1.811209e-01, Grad norm = 2.097939e-07, Beta update rate = 1.171735e-07
Epoch 882600 (17.7%): Train pred MSE = 1.961862e-09, Test pred MSE = 1.760983e-02, Param MSE = 1.811209e-01, Grad norm = 2.095554e-07, Beta update rate = 1.170404e-07
Epoch 882800 (17.7%): Train pred MSE = 1.957476e-09, Test pred MSE = 1.760983e-02, Param MSE = 1.811208e-01, Grad norm = 2.093171e-07, Beta update rate = 1.169074e-07
Epoch 883000 (17.7%): Train pred MSE = 1.953099e-09, Test pred MSE = 1.760983e-02, Param MSE = 1.811208e-01, Grad norm = 2.090791e-07, Beta update rate = 1.167745e-07
Epoch 883200 (17.7%): Train pred MSE = 1.948733e-09, Test pred MSE = 1.760983e-02, Param MSE = 1.811208e-01, Grad norm = 2.088413e-07, Beta update rate = 1.166418e-07
Epoch 883400 (17.7%): Train pred MSE = 1.944377e-09, Test pred MSE = 1.760982e-02, Param MSE = 1.811207e-01, Grad norm = 2.086039e-07, Beta update rate = 1.165093e-07
Epoch 883600 (17.7%): Train pred MSE = 1.940030e-09, Test pred MSE = 1.760982e-02, Param MSE = 1.811207e-01, Grad norm = 2.083667e-07, Beta update rate = 1.163769e-07
Epoch 883800 (17.7%): Train pred MSE = 1.935693e-09, Test pred MSE = 1.760982e-02, Param MSE = 1.811207e-01, Grad norm = 2.081298e-07, Beta update rate = 1.162447e-07
Epoch 884000 (17.7%): Train pred MSE = 1.931366e-09, Test pred MSE = 1.760982e-02, Param MSE = 1.811206e-01, Grad norm = 2.078932e-07, Beta update rate = 1.161127e-07
Epoch 884200 (17.7%): Train pred MSE = 1.927049e-09, Test pred MSE = 1.760982e-02, Param MSE = 1.811206e-01, Grad norm = 2.076568e-07, Beta update rate = 1.159808e-07
Epoch 884400 (17.7%): Train pred MSE = 1.922742e-09, Test pred MSE = 1.760981e-02, Param MSE = 1.811206e-01, Grad norm = 2.074208e-07, Beta update rate = 1.158490e-07
Epoch 884600 (17.7%): Train pred MSE = 1.918445e-09, Test pred MSE = 1.760981e-02, Param MSE = 1.811205e-01, Grad norm = 2.071850e-07, Beta update rate = 1.157174e-07
Epoch 884800 (17.7%): Train pred MSE = 1.914157e-09, Test pred MSE = 1.760981e-02, Param MSE = 1.811205e-01, Grad norm = 2.069495e-07, Beta update rate = 1.155859e-07
Epoch 885000 (17.7%): Train pred MSE = 1.909879e-09, Test pred MSE = 1.760981e-02, Param MSE = 1.811205e-01, Grad norm = 2.067142e-07, Beta update rate = 1.154547e-07
Epoch 885200 (17.7%): Train pred MSE = 1.905611e-09, Test pred MSE = 1.760981e-02, Param MSE = 1.811205e-01, Grad norm = 2.064793e-07, Beta update rate = 1.153235e-07
Epoch 885400 (17.7%): Train pred MSE = 1.901353e-09, Test pred MSE = 1.760981e-02, Param MSE = 1.811204e-01, Grad norm = 2.062446e-07, Beta update rate = 1.151925e-07
Epoch 885600 (17.7%): Train pred MSE = 1.897104e-09, Test pred MSE = 1.760980e-02, Param MSE = 1.811204e-01, Grad norm = 2.060102e-07, Beta update rate = 1.150617e-07
Epoch 885800 (17.7%): Train pred MSE = 1.892865e-09, Test pred MSE = 1.760980e-02, Param MSE = 1.811204e-01, Grad norm = 2.057760e-07, Beta update rate = 1.149310e-07
Epoch 886000 (17.7%): Train pred MSE = 1.888635e-09, Test pred MSE = 1.760980e-02, Param MSE = 1.811203e-01, Grad norm = 2.055421e-07, Beta update rate = 1.148005e-07
Epoch 886200 (17.7%): Train pred MSE = 1.884415e-09, Test pred MSE = 1.760980e-02, Param MSE = 1.811203e-01, Grad norm = 2.053086e-07, Beta update rate = 1.146701e-07
Epoch 886400 (17.7%): Train pred MSE = 1.880205e-09, Test pred MSE = 1.760980e-02, Param MSE = 1.811203e-01, Grad norm = 2.050752e-07, Beta update rate = 1.145399e-07
Epoch 886600 (17.7%): Train pred MSE = 1.876004e-09, Test pred MSE = 1.760979e-02, Param MSE = 1.811203e-01, Grad norm = 2.048422e-07, Beta update rate = 1.144098e-07
Epoch 886800 (17.7%): Train pred MSE = 1.871813e-09, Test pred MSE = 1.760979e-02, Param MSE = 1.811202e-01, Grad norm = 2.046094e-07, Beta update rate = 1.142799e-07
Epoch 887000 (17.7%): Train pred MSE = 1.867631e-09, Test pred MSE = 1.760979e-02, Param MSE = 1.811202e-01, Grad norm = 2.043769e-07, Beta update rate = 1.141501e-07
Epoch 887200 (17.7%): Train pred MSE = 1.863459e-09, Test pred MSE = 1.760979e-02, Param MSE = 1.811202e-01, Grad norm = 2.041447e-07, Beta update rate = 1.140205e-07
Epoch 887400 (17.7%): Train pred MSE = 1.859296e-09, Test pred MSE = 1.760979e-02, Param MSE = 1.811201e-01, Grad norm = 2.039127e-07, Beta update rate = 1.138911e-07
Epoch 887600 (17.8%): Train pred MSE = 1.855143e-09, Test pred MSE = 1.760978e-02, Param MSE = 1.811201e-01, Grad norm = 2.036810e-07, Beta update rate = 1.137618e-07
Epoch 887800 (17.8%): Train pred MSE = 1.850999e-09, Test pred MSE = 1.760978e-02, Param MSE = 1.811201e-01, Grad norm = 2.034496e-07, Beta update rate = 1.136326e-07
Epoch 888000 (17.8%): Train pred MSE = 1.846865e-09, Test pred MSE = 1.760978e-02, Param MSE = 1.811200e-01, Grad norm = 2.032185e-07, Beta update rate = 1.135036e-07
Epoch 888200 (17.8%): Train pred MSE = 1.842740e-09, Test pred MSE = 1.760978e-02, Param MSE = 1.811200e-01, Grad norm = 2.029876e-07, Beta update rate = 1.133747e-07
Epoch 888400 (17.8%): Train pred MSE = 1.838624e-09, Test pred MSE = 1.760978e-02, Param MSE = 1.811200e-01, Grad norm = 2.027570e-07, Beta update rate = 1.132460e-07
Epoch 888600 (17.8%): Train pred MSE = 1.834518e-09, Test pred MSE = 1.760978e-02, Param MSE = 1.811200e-01, Grad norm = 2.025267e-07, Beta update rate = 1.131175e-07
Epoch 888800 (17.8%): Train pred MSE = 1.830420e-09, Test pred MSE = 1.760977e-02, Param MSE = 1.811199e-01, Grad norm = 2.022966e-07, Beta update rate = 1.129891e-07
Epoch 889000 (17.8%): Train pred MSE = 1.826333e-09, Test pred MSE = 1.760977e-02, Param MSE = 1.811199e-01, Grad norm = 2.020668e-07, Beta update rate = 1.128608e-07
Epoch 889200 (17.8%): Train pred MSE = 1.822254e-09, Test pred MSE = 1.760977e-02, Param MSE = 1.811199e-01, Grad norm = 2.018373e-07, Beta update rate = 1.127327e-07
Epoch 889400 (17.8%): Train pred MSE = 1.818185e-09, Test pred MSE = 1.760977e-02, Param MSE = 1.811198e-01, Grad norm = 2.016080e-07, Beta update rate = 1.126047e-07
Epoch 889600 (17.8%): Train pred MSE = 1.814125e-09, Test pred MSE = 1.760977e-02, Param MSE = 1.811198e-01, Grad norm = 2.013790e-07, Beta update rate = 1.124769e-07
Epoch 889800 (17.8%): Train pred MSE = 1.810075e-09, Test pred MSE = 1.760976e-02, Param MSE = 1.811198e-01, Grad norm = 2.011503e-07, Beta update rate = 1.123493e-07
Epoch 890000 (17.8%): Train pred MSE = 1.806033e-09, Test pred MSE = 1.760976e-02, Param MSE = 1.811198e-01, Grad norm = 2.009218e-07, Beta update rate = 1.122218e-07
Epoch 890200 (17.8%): Train pred MSE = 1.802001e-09, Test pred MSE = 1.760976e-02, Param MSE = 1.811197e-01, Grad norm = 2.006937e-07, Beta update rate = 1.120944e-07
Epoch 890400 (17.8%): Train pred MSE = 1.797978e-09, Test pred MSE = 1.760976e-02, Param MSE = 1.811197e-01, Grad norm = 2.004657e-07, Beta update rate = 1.119672e-07
Epoch 890600 (17.8%): Train pred MSE = 1.793963e-09, Test pred MSE = 1.760976e-02, Param MSE = 1.811197e-01, Grad norm = 2.002381e-07, Beta update rate = 1.118401e-07
Epoch 890800 (17.8%): Train pred MSE = 1.789959e-09, Test pred MSE = 1.760975e-02, Param MSE = 1.811196e-01, Grad norm = 2.000107e-07, Beta update rate = 1.117132e-07
Epoch 891000 (17.8%): Train pred MSE = 1.785963e-09, Test pred MSE = 1.760975e-02, Param MSE = 1.811196e-01, Grad norm = 1.997836e-07, Beta update rate = 1.115865e-07
Epoch 891200 (17.8%): Train pred MSE = 1.781976e-09, Test pred MSE = 1.760975e-02, Param MSE = 1.811196e-01, Grad norm = 1.995567e-07, Beta update rate = 1.114598e-07
Epoch 891400 (17.8%): Train pred MSE = 1.777998e-09, Test pred MSE = 1.760975e-02, Param MSE = 1.811196e-01, Grad norm = 1.993301e-07, Beta update rate = 1.113334e-07
Epoch 891600 (17.8%): Train pred MSE = 1.774029e-09, Test pred MSE = 1.760975e-02, Param MSE = 1.811195e-01, Grad norm = 1.991038e-07, Beta update rate = 1.112070e-07
Epoch 891800 (17.8%): Train pred MSE = 1.770070e-09, Test pred MSE = 1.760975e-02, Param MSE = 1.811195e-01, Grad norm = 1.988777e-07, Beta update rate = 1.110809e-07
Epoch 892000 (17.8%): Train pred MSE = 1.766119e-09, Test pred MSE = 1.760974e-02, Param MSE = 1.811195e-01, Grad norm = 1.986519e-07, Beta update rate = 1.109548e-07
Epoch 892200 (17.8%): Train pred MSE = 1.762177e-09, Test pred MSE = 1.760974e-02, Param MSE = 1.811194e-01, Grad norm = 1.984264e-07, Beta update rate = 1.108290e-07
Epoch 892400 (17.8%): Train pred MSE = 1.758244e-09, Test pred MSE = 1.760974e-02, Param MSE = 1.811194e-01, Grad norm = 1.982011e-07, Beta update rate = 1.107032e-07
Epoch 892600 (17.9%): Train pred MSE = 1.754321e-09, Test pred MSE = 1.760974e-02, Param MSE = 1.811194e-01, Grad norm = 1.979761e-07, Beta update rate = 1.105777e-07
Epoch 892800 (17.9%): Train pred MSE = 1.750406e-09, Test pred MSE = 1.760974e-02, Param MSE = 1.811194e-01, Grad norm = 1.977514e-07, Beta update rate = 1.104522e-07
Epoch 893000 (17.9%): Train pred MSE = 1.746500e-09, Test pred MSE = 1.760973e-02, Param MSE = 1.811193e-01, Grad norm = 1.975269e-07, Beta update rate = 1.103269e-07
Epoch 893200 (17.9%): Train pred MSE = 1.742602e-09, Test pred MSE = 1.760973e-02, Param MSE = 1.811193e-01, Grad norm = 1.973027e-07, Beta update rate = 1.102018e-07
Epoch 893400 (17.9%): Train pred MSE = 1.738714e-09, Test pred MSE = 1.760973e-02, Param MSE = 1.811193e-01, Grad norm = 1.970787e-07, Beta update rate = 1.100768e-07
Epoch 893600 (17.9%): Train pred MSE = 1.734834e-09, Test pred MSE = 1.760973e-02, Param MSE = 1.811192e-01, Grad norm = 1.968550e-07, Beta update rate = 1.099519e-07
Epoch 893800 (17.9%): Train pred MSE = 1.730964e-09, Test pred MSE = 1.760973e-02, Param MSE = 1.811192e-01, Grad norm = 1.966316e-07, Beta update rate = 1.098272e-07
Epoch 894000 (17.9%): Train pred MSE = 1.727102e-09, Test pred MSE = 1.760973e-02, Param MSE = 1.811192e-01, Grad norm = 1.964084e-07, Beta update rate = 1.097027e-07
Epoch 894200 (17.9%): Train pred MSE = 1.723248e-09, Test pred MSE = 1.760972e-02, Param MSE = 1.811192e-01, Grad norm = 1.961855e-07, Beta update rate = 1.095782e-07
Epoch 894400 (17.9%): Train pred MSE = 1.719404e-09, Test pred MSE = 1.760972e-02, Param MSE = 1.811191e-01, Grad norm = 1.959628e-07, Beta update rate = 1.094540e-07
Epoch 894600 (17.9%): Train pred MSE = 1.715568e-09, Test pred MSE = 1.760972e-02, Param MSE = 1.811191e-01, Grad norm = 1.957404e-07, Beta update rate = 1.093298e-07
Epoch 894800 (17.9%): Train pred MSE = 1.711741e-09, Test pred MSE = 1.760972e-02, Param MSE = 1.811191e-01, Grad norm = 1.955183e-07, Beta update rate = 1.092059e-07
Epoch 895000 (17.9%): Train pred MSE = 1.707923e-09, Test pred MSE = 1.760972e-02, Param MSE = 1.811190e-01, Grad norm = 1.952964e-07, Beta update rate = 1.090820e-07
Epoch 895200 (17.9%): Train pred MSE = 1.704113e-09, Test pred MSE = 1.760972e-02, Param MSE = 1.811190e-01, Grad norm = 1.950748e-07, Beta update rate = 1.089583e-07
Epoch 895400 (17.9%): Train pred MSE = 1.700312e-09, Test pred MSE = 1.760971e-02, Param MSE = 1.811190e-01, Grad norm = 1.948535e-07, Beta update rate = 1.088348e-07
Epoch 895600 (17.9%): Train pred MSE = 1.696520e-09, Test pred MSE = 1.760971e-02, Param MSE = 1.811190e-01, Grad norm = 1.946324e-07, Beta update rate = 1.087114e-07
Epoch 895800 (17.9%): Train pred MSE = 1.692736e-09, Test pred MSE = 1.760971e-02, Param MSE = 1.811189e-01, Grad norm = 1.944115e-07, Beta update rate = 1.085881e-07
Epoch 896000 (17.9%): Train pred MSE = 1.688960e-09, Test pred MSE = 1.760971e-02, Param MSE = 1.811189e-01, Grad norm = 1.941909e-07, Beta update rate = 1.084650e-07
Epoch 896200 (17.9%): Train pred MSE = 1.685194e-09, Test pred MSE = 1.760971e-02, Param MSE = 1.811189e-01, Grad norm = 1.939706e-07, Beta update rate = 1.083420e-07
Epoch 896400 (17.9%): Train pred MSE = 1.681436e-09, Test pred MSE = 1.760970e-02, Param MSE = 1.811188e-01, Grad norm = 1.937506e-07, Beta update rate = 1.082192e-07
Epoch 896600 (17.9%): Train pred MSE = 1.677686e-09, Test pred MSE = 1.760970e-02, Param MSE = 1.811188e-01, Grad norm = 1.935308e-07, Beta update rate = 1.080965e-07
Epoch 896800 (17.9%): Train pred MSE = 1.673945e-09, Test pred MSE = 1.760970e-02, Param MSE = 1.811188e-01, Grad norm = 1.933112e-07, Beta update rate = 1.079740e-07
Epoch 897000 (17.9%): Train pred MSE = 1.670212e-09, Test pred MSE = 1.760970e-02, Param MSE = 1.811188e-01, Grad norm = 1.930919e-07, Beta update rate = 1.078516e-07
Epoch 897200 (17.9%): Train pred MSE = 1.666488e-09, Test pred MSE = 1.760970e-02, Param MSE = 1.811187e-01, Grad norm = 1.928729e-07, Beta update rate = 1.077293e-07
Epoch 897400 (17.9%): Train pred MSE = 1.662772e-09, Test pred MSE = 1.760970e-02, Param MSE = 1.811187e-01, Grad norm = 1.926541e-07, Beta update rate = 1.076072e-07
Epoch 897600 (18.0%): Train pred MSE = 1.659065e-09, Test pred MSE = 1.760969e-02, Param MSE = 1.811187e-01, Grad norm = 1.924356e-07, Beta update rate = 1.074853e-07
Epoch 897800 (18.0%): Train pred MSE = 1.655366e-09, Test pred MSE = 1.760969e-02, Param MSE = 1.811187e-01, Grad norm = 1.922173e-07, Beta update rate = 1.073634e-07
Epoch 898000 (18.0%): Train pred MSE = 1.651675e-09, Test pred MSE = 1.760969e-02, Param MSE = 1.811186e-01, Grad norm = 1.919993e-07, Beta update rate = 1.072418e-07
Epoch 898200 (18.0%): Train pred MSE = 1.647993e-09, Test pred MSE = 1.760969e-02, Param MSE = 1.811186e-01, Grad norm = 1.917815e-07, Beta update rate = 1.071202e-07
Epoch 898400 (18.0%): Train pred MSE = 1.644319e-09, Test pred MSE = 1.760969e-02, Param MSE = 1.811186e-01, Grad norm = 1.915640e-07, Beta update rate = 1.069988e-07
Epoch 898600 (18.0%): Train pred MSE = 1.640654e-09, Test pred MSE = 1.760969e-02, Param MSE = 1.811185e-01, Grad norm = 1.913467e-07, Beta update rate = 1.068776e-07
Epoch 898800 (18.0%): Train pred MSE = 1.636997e-09, Test pred MSE = 1.760968e-02, Param MSE = 1.811185e-01, Grad norm = 1.911297e-07, Beta update rate = 1.067564e-07
Epoch 899000 (18.0%): Train pred MSE = 1.633348e-09, Test pred MSE = 1.760968e-02, Param MSE = 1.811185e-01, Grad norm = 1.909130e-07, Beta update rate = 1.066355e-07
Epoch 899200 (18.0%): Train pred MSE = 1.629707e-09, Test pred MSE = 1.760968e-02, Param MSE = 1.811185e-01, Grad norm = 1.906965e-07, Beta update rate = 1.065146e-07
Epoch 899400 (18.0%): Train pred MSE = 1.626075e-09, Test pred MSE = 1.760968e-02, Param MSE = 1.811184e-01, Grad norm = 1.904803e-07, Beta update rate = 1.063939e-07
Epoch 899600 (18.0%): Train pred MSE = 1.622451e-09, Test pred MSE = 1.760968e-02, Param MSE = 1.811184e-01, Grad norm = 1.902643e-07, Beta update rate = 1.062734e-07
Epoch 899800 (18.0%): Train pred MSE = 1.618835e-09, Test pred MSE = 1.760967e-02, Param MSE = 1.811184e-01, Grad norm = 1.900485e-07, Beta update rate = 1.061530e-07
Epoch 900000 (18.0%): Train pred MSE = 1.615227e-09, Test pred MSE = 1.760967e-02, Param MSE = 1.811184e-01, Grad norm = 1.898331e-07, Beta update rate = 1.060327e-07
Epoch 900200 (18.0%): Train pred MSE = 1.611628e-09, Test pred MSE = 1.760967e-02, Param MSE = 1.811183e-01, Grad norm = 1.896178e-07, Beta update rate = 1.059126e-07
Epoch 900400 (18.0%): Train pred MSE = 1.608036e-09, Test pred MSE = 1.760967e-02, Param MSE = 1.811183e-01, Grad norm = 1.894028e-07, Beta update rate = 1.057926e-07
Epoch 900600 (18.0%): Train pred MSE = 1.604453e-09, Test pred MSE = 1.760967e-02, Param MSE = 1.811183e-01, Grad norm = 1.891881e-07, Beta update rate = 1.056727e-07
Epoch 900800 (18.0%): Train pred MSE = 1.600878e-09, Test pred MSE = 1.760967e-02, Param MSE = 1.811182e-01, Grad norm = 1.889736e-07, Beta update rate = 1.055530e-07
Epoch 901000 (18.0%): Train pred MSE = 1.597311e-09, Test pred MSE = 1.760966e-02, Param MSE = 1.811182e-01, Grad norm = 1.887594e-07, Beta update rate = 1.054335e-07
Epoch 901200 (18.0%): Train pred MSE = 1.593752e-09, Test pred MSE = 1.760966e-02, Param MSE = 1.811182e-01, Grad norm = 1.885454e-07, Beta update rate = 1.053140e-07
Epoch 901400 (18.0%): Train pred MSE = 1.590201e-09, Test pred MSE = 1.760966e-02, Param MSE = 1.811182e-01, Grad norm = 1.883317e-07, Beta update rate = 1.051947e-07
Epoch 901600 (18.0%): Train pred MSE = 1.586658e-09, Test pred MSE = 1.760966e-02, Param MSE = 1.811181e-01, Grad norm = 1.881182e-07, Beta update rate = 1.050756e-07
Epoch 901800 (18.0%): Train pred MSE = 1.583123e-09, Test pred MSE = 1.760966e-02, Param MSE = 1.811181e-01, Grad norm = 1.879050e-07, Beta update rate = 1.049566e-07
Epoch 902000 (18.0%): Train pred MSE = 1.579597e-09, Test pred MSE = 1.760966e-02, Param MSE = 1.811181e-01, Grad norm = 1.876920e-07, Beta update rate = 1.048377e-07
Epoch 902200 (18.0%): Train pred MSE = 1.576078e-09, Test pred MSE = 1.760965e-02, Param MSE = 1.811181e-01, Grad norm = 1.874793e-07, Beta update rate = 1.047190e-07
Epoch 902400 (18.0%): Train pred MSE = 1.572567e-09, Test pred MSE = 1.760965e-02, Param MSE = 1.811180e-01, Grad norm = 1.872668e-07, Beta update rate = 1.046004e-07
Epoch 902600 (18.1%): Train pred MSE = 1.569064e-09, Test pred MSE = 1.760965e-02, Param MSE = 1.811180e-01, Grad norm = 1.870546e-07, Beta update rate = 1.044819e-07
Epoch 902800 (18.1%): Train pred MSE = 1.565569e-09, Test pred MSE = 1.760965e-02, Param MSE = 1.811180e-01, Grad norm = 1.868426e-07, Beta update rate = 1.043636e-07
Epoch 903000 (18.1%): Train pred MSE = 1.562082e-09, Test pred MSE = 1.760965e-02, Param MSE = 1.811179e-01, Grad norm = 1.866308e-07, Beta update rate = 1.042454e-07
Epoch 903200 (18.1%): Train pred MSE = 1.558603e-09, Test pred MSE = 1.760965e-02, Param MSE = 1.811179e-01, Grad norm = 1.864193e-07, Beta update rate = 1.041274e-07
Epoch 903400 (18.1%): Train pred MSE = 1.555132e-09, Test pred MSE = 1.760964e-02, Param MSE = 1.811179e-01, Grad norm = 1.862081e-07, Beta update rate = 1.040094e-07
Epoch 903600 (18.1%): Train pred MSE = 1.551668e-09, Test pred MSE = 1.760964e-02, Param MSE = 1.811179e-01, Grad norm = 1.859971e-07, Beta update rate = 1.038917e-07
Epoch 903800 (18.1%): Train pred MSE = 1.548213e-09, Test pred MSE = 1.760964e-02, Param MSE = 1.811178e-01, Grad norm = 1.857863e-07, Beta update rate = 1.037740e-07
Epoch 904000 (18.1%): Train pred MSE = 1.544765e-09, Test pred MSE = 1.760964e-02, Param MSE = 1.811178e-01, Grad norm = 1.855758e-07, Beta update rate = 1.036565e-07
Epoch 904200 (18.1%): Train pred MSE = 1.541325e-09, Test pred MSE = 1.760964e-02, Param MSE = 1.811178e-01, Grad norm = 1.853656e-07, Beta update rate = 1.035392e-07
Epoch 904400 (18.1%): Train pred MSE = 1.537893e-09, Test pred MSE = 1.760964e-02, Param MSE = 1.811178e-01, Grad norm = 1.851555e-07, Beta update rate = 1.034220e-07
Epoch 904600 (18.1%): Train pred MSE = 1.534469e-09, Test pred MSE = 1.760963e-02, Param MSE = 1.811177e-01, Grad norm = 1.849458e-07, Beta update rate = 1.033049e-07
Epoch 904800 (18.1%): Train pred MSE = 1.531052e-09, Test pred MSE = 1.760963e-02, Param MSE = 1.811177e-01, Grad norm = 1.847362e-07, Beta update rate = 1.031879e-07
Epoch 905000 (18.1%): Train pred MSE = 1.527643e-09, Test pred MSE = 1.760963e-02, Param MSE = 1.811177e-01, Grad norm = 1.845270e-07, Beta update rate = 1.030711e-07
Epoch 905200 (18.1%): Train pred MSE = 1.524242e-09, Test pred MSE = 1.760963e-02, Param MSE = 1.811177e-01, Grad norm = 1.843179e-07, Beta update rate = 1.029545e-07
Epoch 905400 (18.1%): Train pred MSE = 1.520849e-09, Test pred MSE = 1.760963e-02, Param MSE = 1.811176e-01, Grad norm = 1.841091e-07, Beta update rate = 1.028379e-07
Epoch 905600 (18.1%): Train pred MSE = 1.517463e-09, Test pred MSE = 1.760962e-02, Param MSE = 1.811176e-01, Grad norm = 1.839006e-07, Beta update rate = 1.027215e-07
Epoch 905800 (18.1%): Train pred MSE = 1.514085e-09, Test pred MSE = 1.760962e-02, Param MSE = 1.811176e-01, Grad norm = 1.836923e-07, Beta update rate = 1.026052e-07
Epoch 906000 (18.1%): Train pred MSE = 1.510714e-09, Test pred MSE = 1.760962e-02, Param MSE = 1.811175e-01, Grad norm = 1.834842e-07, Beta update rate = 1.024891e-07
Epoch 906200 (18.1%): Train pred MSE = 1.507352e-09, Test pred MSE = 1.760962e-02, Param MSE = 1.811175e-01, Grad norm = 1.832764e-07, Beta update rate = 1.023731e-07
Epoch 906400 (18.1%): Train pred MSE = 1.503996e-09, Test pred MSE = 1.760962e-02, Param MSE = 1.811175e-01, Grad norm = 1.830688e-07, Beta update rate = 1.022573e-07
Epoch 906600 (18.1%): Train pred MSE = 1.500649e-09, Test pred MSE = 1.760962e-02, Param MSE = 1.811175e-01, Grad norm = 1.828615e-07, Beta update rate = 1.021415e-07
Epoch 906800 (18.1%): Train pred MSE = 1.497309e-09, Test pred MSE = 1.760961e-02, Param MSE = 1.811174e-01, Grad norm = 1.826544e-07, Beta update rate = 1.020259e-07
Epoch 907000 (18.1%): Train pred MSE = 1.493976e-09, Test pred MSE = 1.760961e-02, Param MSE = 1.811174e-01, Grad norm = 1.824475e-07, Beta update rate = 1.019105e-07
Epoch 907200 (18.1%): Train pred MSE = 1.490651e-09, Test pred MSE = 1.760961e-02, Param MSE = 1.811174e-01, Grad norm = 1.822409e-07, Beta update rate = 1.017952e-07
Epoch 907400 (18.1%): Train pred MSE = 1.487334e-09, Test pred MSE = 1.760961e-02, Param MSE = 1.811174e-01, Grad norm = 1.820345e-07, Beta update rate = 1.016800e-07
Epoch 907600 (18.2%): Train pred MSE = 1.484024e-09, Test pred MSE = 1.760961e-02, Param MSE = 1.811173e-01, Grad norm = 1.818284e-07, Beta update rate = 1.015649e-07
Epoch 907800 (18.2%): Train pred MSE = 1.480722e-09, Test pred MSE = 1.760961e-02, Param MSE = 1.811173e-01, Grad norm = 1.816225e-07, Beta update rate = 1.014500e-07
Epoch 908000 (18.2%): Train pred MSE = 1.477427e-09, Test pred MSE = 1.760960e-02, Param MSE = 1.811173e-01, Grad norm = 1.814169e-07, Beta update rate = 1.013352e-07
Epoch 908200 (18.2%): Train pred MSE = 1.474139e-09, Test pred MSE = 1.760960e-02, Param MSE = 1.811173e-01, Grad norm = 1.812114e-07, Beta update rate = 1.012206e-07
Epoch 908400 (18.2%): Train pred MSE = 1.470859e-09, Test pred MSE = 1.760960e-02, Param MSE = 1.811172e-01, Grad norm = 1.810063e-07, Beta update rate = 1.011061e-07
Epoch 908600 (18.2%): Train pred MSE = 1.467587e-09, Test pred MSE = 1.760960e-02, Param MSE = 1.811172e-01, Grad norm = 1.808013e-07, Beta update rate = 1.009917e-07
Epoch 908800 (18.2%): Train pred MSE = 1.464322e-09, Test pred MSE = 1.760960e-02, Param MSE = 1.811172e-01, Grad norm = 1.805967e-07, Beta update rate = 1.008774e-07
Epoch 909000 (18.2%): Train pred MSE = 1.461064e-09, Test pred MSE = 1.760960e-02, Param MSE = 1.811172e-01, Grad norm = 1.803922e-07, Beta update rate = 1.007633e-07
Epoch 909200 (18.2%): Train pred MSE = 1.457813e-09, Test pred MSE = 1.760959e-02, Param MSE = 1.811171e-01, Grad norm = 1.801880e-07, Beta update rate = 1.006493e-07
Epoch 909400 (18.2%): Train pred MSE = 1.454570e-09, Test pred MSE = 1.760959e-02, Param MSE = 1.811171e-01, Grad norm = 1.799840e-07, Beta update rate = 1.005355e-07
Epoch 909600 (18.2%): Train pred MSE = 1.451335e-09, Test pred MSE = 1.760959e-02, Param MSE = 1.811171e-01, Grad norm = 1.797803e-07, Beta update rate = 1.004218e-07
Epoch 909800 (18.2%): Train pred MSE = 1.448106e-09, Test pred MSE = 1.760959e-02, Param MSE = 1.811170e-01, Grad norm = 1.795768e-07, Beta update rate = 1.003082e-07
Epoch 910000 (18.2%): Train pred MSE = 1.444885e-09, Test pred MSE = 1.760959e-02, Param MSE = 1.811170e-01, Grad norm = 1.793735e-07, Beta update rate = 1.001947e-07
Epoch 910200 (18.2%): Train pred MSE = 1.441671e-09, Test pred MSE = 1.760959e-02, Param MSE = 1.811170e-01, Grad norm = 1.791705e-07, Beta update rate = 1.000814e-07
Epoch 910400 (18.2%): Train pred MSE = 1.438465e-09, Test pred MSE = 1.760959e-02, Param MSE = 1.811170e-01, Grad norm = 1.789677e-07, Beta update rate = 9.996821e-08
Epoch 910600 (18.2%): Train pred MSE = 1.435265e-09, Test pred MSE = 1.760958e-02, Param MSE = 1.811169e-01, Grad norm = 1.787651e-07, Beta update rate = 9.985516e-08
Epoch 910800 (18.2%): Train pred MSE = 1.432073e-09, Test pred MSE = 1.760958e-02, Param MSE = 1.811169e-01, Grad norm = 1.785628e-07, Beta update rate = 9.974223e-08
Epoch 911000 (18.2%): Train pred MSE = 1.428889e-09, Test pred MSE = 1.760958e-02, Param MSE = 1.811169e-01, Grad norm = 1.783607e-07, Beta update rate = 9.962944e-08
Epoch 911200 (18.2%): Train pred MSE = 1.425711e-09, Test pred MSE = 1.760958e-02, Param MSE = 1.811169e-01, Grad norm = 1.781589e-07, Beta update rate = 9.951678e-08
Epoch 911400 (18.2%): Train pred MSE = 1.422541e-09, Test pred MSE = 1.760958e-02, Param MSE = 1.811168e-01, Grad norm = 1.779573e-07, Beta update rate = 9.940425e-08
Epoch 911600 (18.2%): Train pred MSE = 1.419377e-09, Test pred MSE = 1.760958e-02, Param MSE = 1.811168e-01, Grad norm = 1.777559e-07, Beta update rate = 9.929185e-08
Epoch 911800 (18.2%): Train pred MSE = 1.416221e-09, Test pred MSE = 1.760957e-02, Param MSE = 1.811168e-01, Grad norm = 1.775548e-07, Beta update rate = 9.917958e-08
Epoch 912000 (18.2%): Train pred MSE = 1.413072e-09, Test pred MSE = 1.760957e-02, Param MSE = 1.811168e-01, Grad norm = 1.773538e-07, Beta update rate = 9.906744e-08
Epoch 912200 (18.2%): Train pred MSE = 1.409930e-09, Test pred MSE = 1.760957e-02, Param MSE = 1.811167e-01, Grad norm = 1.771532e-07, Beta update rate = 9.895543e-08
Epoch 912400 (18.2%): Train pred MSE = 1.406796e-09, Test pred MSE = 1.760957e-02, Param MSE = 1.811167e-01, Grad norm = 1.769527e-07, Beta update rate = 9.884356e-08
Epoch 912600 (18.3%): Train pred MSE = 1.403668e-09, Test pred MSE = 1.760957e-02, Param MSE = 1.811167e-01, Grad norm = 1.767525e-07, Beta update rate = 9.873181e-08
Epoch 912800 (18.3%): Train pred MSE = 1.400547e-09, Test pred MSE = 1.760957e-02, Param MSE = 1.811167e-01, Grad norm = 1.765526e-07, Beta update rate = 9.862020e-08
Epoch 913000 (18.3%): Train pred MSE = 1.397434e-09, Test pred MSE = 1.760956e-02, Param MSE = 1.811166e-01, Grad norm = 1.763528e-07, Beta update rate = 9.850871e-08
Epoch 913200 (18.3%): Train pred MSE = 1.394327e-09, Test pred MSE = 1.760956e-02, Param MSE = 1.811166e-01, Grad norm = 1.761533e-07, Beta update rate = 9.839736e-08
Epoch 913400 (18.3%): Train pred MSE = 1.391228e-09, Test pred MSE = 1.760956e-02, Param MSE = 1.811166e-01, Grad norm = 1.759540e-07, Beta update rate = 9.828613e-08
Epoch 913600 (18.3%): Train pred MSE = 1.388135e-09, Test pred MSE = 1.760956e-02, Param MSE = 1.811166e-01, Grad norm = 1.757550e-07, Beta update rate = 9.817503e-08
Epoch 913800 (18.3%): Train pred MSE = 1.385050e-09, Test pred MSE = 1.760956e-02, Param MSE = 1.811165e-01, Grad norm = 1.755562e-07, Beta update rate = 9.806407e-08
Epoch 914000 (18.3%): Train pred MSE = 1.381971e-09, Test pred MSE = 1.760956e-02, Param MSE = 1.811165e-01, Grad norm = 1.753576e-07, Beta update rate = 9.795323e-08
Epoch 914200 (18.3%): Train pred MSE = 1.378900e-09, Test pred MSE = 1.760955e-02, Param MSE = 1.811165e-01, Grad norm = 1.751593e-07, Beta update rate = 9.784252e-08
Epoch 914400 (18.3%): Train pred MSE = 1.375835e-09, Test pred MSE = 1.760955e-02, Param MSE = 1.811165e-01, Grad norm = 1.749612e-07, Beta update rate = 9.773194e-08
Epoch 914600 (18.3%): Train pred MSE = 1.372778e-09, Test pred MSE = 1.760955e-02, Param MSE = 1.811164e-01, Grad norm = 1.747633e-07, Beta update rate = 9.762149e-08
Epoch 914800 (18.3%): Train pred MSE = 1.369727e-09, Test pred MSE = 1.760955e-02, Param MSE = 1.811164e-01, Grad norm = 1.745656e-07, Beta update rate = 9.751117e-08
Epoch 915000 (18.3%): Train pred MSE = 1.366683e-09, Test pred MSE = 1.760955e-02, Param MSE = 1.811164e-01, Grad norm = 1.743682e-07, Beta update rate = 9.740097e-08
Epoch 915200 (18.3%): Train pred MSE = 1.363646e-09, Test pred MSE = 1.760955e-02, Param MSE = 1.811164e-01, Grad norm = 1.741710e-07, Beta update rate = 9.729091e-08
Epoch 915400 (18.3%): Train pred MSE = 1.360616e-09, Test pred MSE = 1.760954e-02, Param MSE = 1.811163e-01, Grad norm = 1.739740e-07, Beta update rate = 9.718097e-08
Epoch 915600 (18.3%): Train pred MSE = 1.357593e-09, Test pred MSE = 1.760954e-02, Param MSE = 1.811163e-01, Grad norm = 1.737773e-07, Beta update rate = 9.707116e-08
Epoch 915800 (18.3%): Train pred MSE = 1.354576e-09, Test pred MSE = 1.760954e-02, Param MSE = 1.811163e-01, Grad norm = 1.735808e-07, Beta update rate = 9.696148e-08
Epoch 916000 (18.3%): Train pred MSE = 1.351567e-09, Test pred MSE = 1.760954e-02, Param MSE = 1.811163e-01, Grad norm = 1.733845e-07, Beta update rate = 9.685193e-08
Epoch 916200 (18.3%): Train pred MSE = 1.348564e-09, Test pred MSE = 1.760954e-02, Param MSE = 1.811162e-01, Grad norm = 1.731885e-07, Beta update rate = 9.674250e-08
Epoch 916400 (18.3%): Train pred MSE = 1.345568e-09, Test pred MSE = 1.760954e-02, Param MSE = 1.811162e-01, Grad norm = 1.729927e-07, Beta update rate = 9.663321e-08
Epoch 916600 (18.3%): Train pred MSE = 1.342579e-09, Test pred MSE = 1.760954e-02, Param MSE = 1.811162e-01, Grad norm = 1.727971e-07, Beta update rate = 9.652404e-08
Epoch 916800 (18.3%): Train pred MSE = 1.339596e-09, Test pred MSE = 1.760953e-02, Param MSE = 1.811162e-01, Grad norm = 1.726017e-07, Beta update rate = 9.641499e-08
Epoch 917000 (18.3%): Train pred MSE = 1.336620e-09, Test pred MSE = 1.760953e-02, Param MSE = 1.811161e-01, Grad norm = 1.724066e-07, Beta update rate = 9.630608e-08
Epoch 917200 (18.3%): Train pred MSE = 1.333651e-09, Test pred MSE = 1.760953e-02, Param MSE = 1.811161e-01, Grad norm = 1.722117e-07, Beta update rate = 9.619729e-08
Epoch 917400 (18.3%): Train pred MSE = 1.330689e-09, Test pred MSE = 1.760953e-02, Param MSE = 1.811161e-01, Grad norm = 1.720170e-07, Beta update rate = 9.608862e-08
Epoch 917600 (18.4%): Train pred MSE = 1.327734e-09, Test pred MSE = 1.760953e-02, Param MSE = 1.811161e-01, Grad norm = 1.718225e-07, Beta update rate = 9.598009e-08
Epoch 917800 (18.4%): Train pred MSE = 1.324785e-09, Test pred MSE = 1.760953e-02, Param MSE = 1.811160e-01, Grad norm = 1.716283e-07, Beta update rate = 9.587168e-08
Epoch 918000 (18.4%): Train pred MSE = 1.321842e-09, Test pred MSE = 1.760952e-02, Param MSE = 1.811160e-01, Grad norm = 1.714343e-07, Beta update rate = 9.576339e-08
Epoch 918200 (18.4%): Train pred MSE = 1.318907e-09, Test pred MSE = 1.760952e-02, Param MSE = 1.811160e-01, Grad norm = 1.712405e-07, Beta update rate = 9.565523e-08
Epoch 918400 (18.4%): Train pred MSE = 1.315978e-09, Test pred MSE = 1.760952e-02, Param MSE = 1.811160e-01, Grad norm = 1.710470e-07, Beta update rate = 9.554720e-08
Epoch 918600 (18.4%): Train pred MSE = 1.313055e-09, Test pred MSE = 1.760952e-02, Param MSE = 1.811159e-01, Grad norm = 1.708537e-07, Beta update rate = 9.543930e-08
Epoch 918800 (18.4%): Train pred MSE = 1.310140e-09, Test pred MSE = 1.760952e-02, Param MSE = 1.811159e-01, Grad norm = 1.706606e-07, Beta update rate = 9.533151e-08
Epoch 919000 (18.4%): Train pred MSE = 1.307230e-09, Test pred MSE = 1.760952e-02, Param MSE = 1.811159e-01, Grad norm = 1.704677e-07, Beta update rate = 9.522386e-08
Epoch 919200 (18.4%): Train pred MSE = 1.304328e-09, Test pred MSE = 1.760951e-02, Param MSE = 1.811159e-01, Grad norm = 1.702751e-07, Beta update rate = 9.511633e-08
Epoch 919400 (18.4%): Train pred MSE = 1.301432e-09, Test pred MSE = 1.760951e-02, Param MSE = 1.811158e-01, Grad norm = 1.700826e-07, Beta update rate = 9.500893e-08
Epoch 919600 (18.4%): Train pred MSE = 1.298542e-09, Test pred MSE = 1.760951e-02, Param MSE = 1.811158e-01, Grad norm = 1.698904e-07, Beta update rate = 9.490165e-08
Epoch 919800 (18.4%): Train pred MSE = 1.295659e-09, Test pred MSE = 1.760951e-02, Param MSE = 1.811158e-01, Grad norm = 1.696985e-07, Beta update rate = 9.479449e-08
Epoch 920000 (18.4%): Train pred MSE = 1.292783e-09, Test pred MSE = 1.760951e-02, Param MSE = 1.811158e-01, Grad norm = 1.695067e-07, Beta update rate = 9.468746e-08
Epoch 920200 (18.4%): Train pred MSE = 1.289913e-09, Test pred MSE = 1.760951e-02, Param MSE = 1.811157e-01, Grad norm = 1.693152e-07, Beta update rate = 9.458056e-08
Epoch 920400 (18.4%): Train pred MSE = 1.287049e-09, Test pred MSE = 1.760951e-02, Param MSE = 1.811157e-01, Grad norm = 1.691239e-07, Beta update rate = 9.447377e-08
Epoch 920600 (18.4%): Train pred MSE = 1.284192e-09, Test pred MSE = 1.760950e-02, Param MSE = 1.811157e-01, Grad norm = 1.689328e-07, Beta update rate = 9.436712e-08
Epoch 920800 (18.4%): Train pred MSE = 1.281342e-09, Test pred MSE = 1.760950e-02, Param MSE = 1.811157e-01, Grad norm = 1.687419e-07, Beta update rate = 9.426059e-08
Epoch 921000 (18.4%): Train pred MSE = 1.278497e-09, Test pred MSE = 1.760950e-02, Param MSE = 1.811157e-01, Grad norm = 1.685513e-07, Beta update rate = 9.415418e-08
Epoch 921200 (18.4%): Train pred MSE = 1.275660e-09, Test pred MSE = 1.760950e-02, Param MSE = 1.811156e-01, Grad norm = 1.683609e-07, Beta update rate = 9.404789e-08
Epoch 921400 (18.4%): Train pred MSE = 1.272828e-09, Test pred MSE = 1.760950e-02, Param MSE = 1.811156e-01, Grad norm = 1.681707e-07, Beta update rate = 9.394173e-08
Epoch 921600 (18.4%): Train pred MSE = 1.270004e-09, Test pred MSE = 1.760950e-02, Param MSE = 1.811156e-01, Grad norm = 1.679807e-07, Beta update rate = 9.383569e-08
Epoch 921800 (18.4%): Train pred MSE = 1.267185e-09, Test pred MSE = 1.760949e-02, Param MSE = 1.811156e-01, Grad norm = 1.677909e-07, Beta update rate = 9.372978e-08
Epoch 922000 (18.4%): Train pred MSE = 1.264373e-09, Test pred MSE = 1.760949e-02, Param MSE = 1.811155e-01, Grad norm = 1.676014e-07, Beta update rate = 9.362399e-08
Epoch 922200 (18.4%): Train pred MSE = 1.261567e-09, Test pred MSE = 1.760949e-02, Param MSE = 1.811155e-01, Grad norm = 1.674121e-07, Beta update rate = 9.351832e-08
Epoch 922400 (18.4%): Train pred MSE = 1.258767e-09, Test pred MSE = 1.760949e-02, Param MSE = 1.811155e-01, Grad norm = 1.672230e-07, Beta update rate = 9.341278e-08
Epoch 922600 (18.5%): Train pred MSE = 1.255974e-09, Test pred MSE = 1.760949e-02, Param MSE = 1.811155e-01, Grad norm = 1.670341e-07, Beta update rate = 9.330736e-08
Epoch 922800 (18.5%): Train pred MSE = 1.253187e-09, Test pred MSE = 1.760949e-02, Param MSE = 1.811154e-01, Grad norm = 1.668455e-07, Beta update rate = 9.320206e-08
Epoch 923000 (18.5%): Train pred MSE = 1.250407e-09, Test pred MSE = 1.760949e-02, Param MSE = 1.811154e-01, Grad norm = 1.666571e-07, Beta update rate = 9.309688e-08
Epoch 923200 (18.5%): Train pred MSE = 1.247633e-09, Test pred MSE = 1.760948e-02, Param MSE = 1.811154e-01, Grad norm = 1.664689e-07, Beta update rate = 9.299183e-08
Epoch 923400 (18.5%): Train pred MSE = 1.244865e-09, Test pred MSE = 1.760948e-02, Param MSE = 1.811154e-01, Grad norm = 1.662809e-07, Beta update rate = 9.288689e-08
Epoch 923600 (18.5%): Train pred MSE = 1.242103e-09, Test pred MSE = 1.760948e-02, Param MSE = 1.811153e-01, Grad norm = 1.660931e-07, Beta update rate = 9.278208e-08
Epoch 923800 (18.5%): Train pred MSE = 1.239347e-09, Test pred MSE = 1.760948e-02, Param MSE = 1.811153e-01, Grad norm = 1.659055e-07, Beta update rate = 9.267740e-08
Epoch 924000 (18.5%): Train pred MSE = 1.236598e-09, Test pred MSE = 1.760948e-02, Param MSE = 1.811153e-01, Grad norm = 1.657182e-07, Beta update rate = 9.257283e-08
Epoch 924200 (18.5%): Train pred MSE = 1.233855e-09, Test pred MSE = 1.760948e-02, Param MSE = 1.811153e-01, Grad norm = 1.655311e-07, Beta update rate = 9.246839e-08
Epoch 924400 (18.5%): Train pred MSE = 1.231118e-09, Test pred MSE = 1.760948e-02, Param MSE = 1.811152e-01, Grad norm = 1.653442e-07, Beta update rate = 9.236406e-08
Epoch 924600 (18.5%): Train pred MSE = 1.228387e-09, Test pred MSE = 1.760947e-02, Param MSE = 1.811152e-01, Grad norm = 1.651575e-07, Beta update rate = 9.225986e-08
Epoch 924800 (18.5%): Train pred MSE = 1.225662e-09, Test pred MSE = 1.760947e-02, Param MSE = 1.811152e-01, Grad norm = 1.649710e-07, Beta update rate = 9.215578e-08
Epoch 925000 (18.5%): Train pred MSE = 1.222944e-09, Test pred MSE = 1.760947e-02, Param MSE = 1.811152e-01, Grad norm = 1.647848e-07, Beta update rate = 9.205182e-08
Epoch 925200 (18.5%): Train pred MSE = 1.220232e-09, Test pred MSE = 1.760947e-02, Param MSE = 1.811151e-01, Grad norm = 1.645987e-07, Beta update rate = 9.194798e-08
Epoch 925400 (18.5%): Train pred MSE = 1.217525e-09, Test pred MSE = 1.760947e-02, Param MSE = 1.811151e-01, Grad norm = 1.644129e-07, Beta update rate = 9.184427e-08
Epoch 925600 (18.5%): Train pred MSE = 1.214825e-09, Test pred MSE = 1.760947e-02, Param MSE = 1.811151e-01, Grad norm = 1.642273e-07, Beta update rate = 9.174067e-08
Epoch 925800 (18.5%): Train pred MSE = 1.212131e-09, Test pred MSE = 1.760946e-02, Param MSE = 1.811151e-01, Grad norm = 1.640419e-07, Beta update rate = 9.163719e-08
Epoch 926000 (18.5%): Train pred MSE = 1.209443e-09, Test pred MSE = 1.760946e-02, Param MSE = 1.811151e-01, Grad norm = 1.638568e-07, Beta update rate = 9.153384e-08
Epoch 926200 (18.5%): Train pred MSE = 1.206762e-09, Test pred MSE = 1.760946e-02, Param MSE = 1.811150e-01, Grad norm = 1.636718e-07, Beta update rate = 9.143060e-08
Epoch 926400 (18.5%): Train pred MSE = 1.204086e-09, Test pred MSE = 1.760946e-02, Param MSE = 1.811150e-01, Grad norm = 1.634871e-07, Beta update rate = 9.132749e-08
Epoch 926600 (18.5%): Train pred MSE = 1.201416e-09, Test pred MSE = 1.760946e-02, Param MSE = 1.811150e-01, Grad norm = 1.633026e-07, Beta update rate = 9.122449e-08
Epoch 926800 (18.5%): Train pred MSE = 1.198752e-09, Test pred MSE = 1.760946e-02, Param MSE = 1.811150e-01, Grad norm = 1.631183e-07, Beta update rate = 9.112161e-08
Epoch 927000 (18.5%): Train pred MSE = 1.196095e-09, Test pred MSE = 1.760946e-02, Param MSE = 1.811149e-01, Grad norm = 1.629342e-07, Beta update rate = 9.101886e-08
Epoch 927200 (18.5%): Train pred MSE = 1.193443e-09, Test pred MSE = 1.760945e-02, Param MSE = 1.811149e-01, Grad norm = 1.627503e-07, Beta update rate = 9.091622e-08
Epoch 927400 (18.5%): Train pred MSE = 1.190797e-09, Test pred MSE = 1.760945e-02, Param MSE = 1.811149e-01, Grad norm = 1.625666e-07, Beta update rate = 9.081370e-08
Epoch 927600 (18.6%): Train pred MSE = 1.188157e-09, Test pred MSE = 1.760945e-02, Param MSE = 1.811149e-01, Grad norm = 1.623832e-07, Beta update rate = 9.071130e-08
Epoch 927800 (18.6%): Train pred MSE = 1.185523e-09, Test pred MSE = 1.760945e-02, Param MSE = 1.811148e-01, Grad norm = 1.621999e-07, Beta update rate = 9.060903e-08
Epoch 928000 (18.6%): Train pred MSE = 1.182896e-09, Test pred MSE = 1.760945e-02, Param MSE = 1.811148e-01, Grad norm = 1.620169e-07, Beta update rate = 9.050687e-08
Epoch 928200 (18.6%): Train pred MSE = 1.180274e-09, Test pred MSE = 1.760945e-02, Param MSE = 1.811148e-01, Grad norm = 1.618341e-07, Beta update rate = 9.040482e-08
Epoch 928400 (18.6%): Train pred MSE = 1.177658e-09, Test pred MSE = 1.760945e-02, Param MSE = 1.811148e-01, Grad norm = 1.616515e-07, Beta update rate = 9.030290e-08
Epoch 928600 (18.6%): Train pred MSE = 1.175047e-09, Test pred MSE = 1.760944e-02, Param MSE = 1.811148e-01, Grad norm = 1.614691e-07, Beta update rate = 9.020110e-08
Epoch 928800 (18.6%): Train pred MSE = 1.172443e-09, Test pred MSE = 1.760944e-02, Param MSE = 1.811147e-01, Grad norm = 1.612869e-07, Beta update rate = 9.009941e-08
Epoch 929000 (18.6%): Train pred MSE = 1.169845e-09, Test pred MSE = 1.760944e-02, Param MSE = 1.811147e-01, Grad norm = 1.611050e-07, Beta update rate = 8.999784e-08
Epoch 929200 (18.6%): Train pred MSE = 1.167252e-09, Test pred MSE = 1.760944e-02, Param MSE = 1.811147e-01, Grad norm = 1.609232e-07, Beta update rate = 8.989639e-08
Epoch 929400 (18.6%): Train pred MSE = 1.164666e-09, Test pred MSE = 1.760944e-02, Param MSE = 1.811147e-01, Grad norm = 1.607417e-07, Beta update rate = 8.979506e-08
Epoch 929600 (18.6%): Train pred MSE = 1.162085e-09, Test pred MSE = 1.760944e-02, Param MSE = 1.811146e-01, Grad norm = 1.605604e-07, Beta update rate = 8.969385e-08
Epoch 929800 (18.6%): Train pred MSE = 1.159510e-09, Test pred MSE = 1.760943e-02, Param MSE = 1.811146e-01, Grad norm = 1.603792e-07, Beta update rate = 8.959275e-08
Epoch 930000 (18.6%): Train pred MSE = 1.156940e-09, Test pred MSE = 1.760943e-02, Param MSE = 1.811146e-01, Grad norm = 1.601983e-07, Beta update rate = 8.949177e-08
Epoch 930200 (18.6%): Train pred MSE = 1.154377e-09, Test pred MSE = 1.760943e-02, Param MSE = 1.811146e-01, Grad norm = 1.600176e-07, Beta update rate = 8.939091e-08
Epoch 930400 (18.6%): Train pred MSE = 1.151819e-09, Test pred MSE = 1.760943e-02, Param MSE = 1.811145e-01, Grad norm = 1.598372e-07, Beta update rate = 8.929017e-08
Epoch 930600 (18.6%): Train pred MSE = 1.149267e-09, Test pred MSE = 1.760943e-02, Param MSE = 1.811145e-01, Grad norm = 1.596569e-07, Beta update rate = 8.918954e-08
Epoch 930800 (18.6%): Train pred MSE = 1.146721e-09, Test pred MSE = 1.760943e-02, Param MSE = 1.811145e-01, Grad norm = 1.594768e-07, Beta update rate = 8.908903e-08
Epoch 931000 (18.6%): Train pred MSE = 1.144181e-09, Test pred MSE = 1.760943e-02, Param MSE = 1.811145e-01, Grad norm = 1.592969e-07, Beta update rate = 8.898864e-08
Epoch 931200 (18.6%): Train pred MSE = 1.141646e-09, Test pred MSE = 1.760942e-02, Param MSE = 1.811145e-01, Grad norm = 1.591173e-07, Beta update rate = 8.888836e-08
Epoch 931400 (18.6%): Train pred MSE = 1.139117e-09, Test pred MSE = 1.760942e-02, Param MSE = 1.811144e-01, Grad norm = 1.589379e-07, Beta update rate = 8.878820e-08
Epoch 931600 (18.6%): Train pred MSE = 1.136594e-09, Test pred MSE = 1.760942e-02, Param MSE = 1.811144e-01, Grad norm = 1.587586e-07, Beta update rate = 8.868816e-08
Epoch 931800 (18.6%): Train pred MSE = 1.134076e-09, Test pred MSE = 1.760942e-02, Param MSE = 1.811144e-01, Grad norm = 1.585796e-07, Beta update rate = 8.858823e-08
Epoch 932000 (18.6%): Train pred MSE = 1.131565e-09, Test pred MSE = 1.760942e-02, Param MSE = 1.811144e-01, Grad norm = 1.584008e-07, Beta update rate = 8.848842e-08
Epoch 932200 (18.6%): Train pred MSE = 1.129058e-09, Test pred MSE = 1.760942e-02, Param MSE = 1.811143e-01, Grad norm = 1.582222e-07, Beta update rate = 8.838872e-08
Epoch 932400 (18.6%): Train pred MSE = 1.126558e-09, Test pred MSE = 1.760942e-02, Param MSE = 1.811143e-01, Grad norm = 1.580438e-07, Beta update rate = 8.828914e-08
Epoch 932600 (18.7%): Train pred MSE = 1.124063e-09, Test pred MSE = 1.760941e-02, Param MSE = 1.811143e-01, Grad norm = 1.578656e-07, Beta update rate = 8.818968e-08
Epoch 932800 (18.7%): Train pred MSE = 1.121574e-09, Test pred MSE = 1.760941e-02, Param MSE = 1.811143e-01, Grad norm = 1.576876e-07, Beta update rate = 8.809033e-08
Epoch 933000 (18.7%): Train pred MSE = 1.119090e-09, Test pred MSE = 1.760941e-02, Param MSE = 1.811142e-01, Grad norm = 1.575098e-07, Beta update rate = 8.799110e-08
Epoch 933200 (18.7%): Train pred MSE = 1.116612e-09, Test pred MSE = 1.760941e-02, Param MSE = 1.811142e-01, Grad norm = 1.573323e-07, Beta update rate = 8.789198e-08
Epoch 933400 (18.7%): Train pred MSE = 1.114139e-09, Test pred MSE = 1.760941e-02, Param MSE = 1.811142e-01, Grad norm = 1.571549e-07, Beta update rate = 8.779298e-08
Epoch 933600 (18.7%): Train pred MSE = 1.111672e-09, Test pred MSE = 1.760941e-02, Param MSE = 1.811142e-01, Grad norm = 1.569777e-07, Beta update rate = 8.769409e-08
Epoch 933800 (18.7%): Train pred MSE = 1.109211e-09, Test pred MSE = 1.760941e-02, Param MSE = 1.811142e-01, Grad norm = 1.568008e-07, Beta update rate = 8.759532e-08
Epoch 934000 (18.7%): Train pred MSE = 1.106755e-09, Test pred MSE = 1.760940e-02, Param MSE = 1.811141e-01, Grad norm = 1.566240e-07, Beta update rate = 8.749666e-08
Epoch 934200 (18.7%): Train pred MSE = 1.104305e-09, Test pred MSE = 1.760940e-02, Param MSE = 1.811141e-01, Grad norm = 1.564475e-07, Beta update rate = 8.739812e-08
Epoch 934400 (18.7%): Train pred MSE = 1.101860e-09, Test pred MSE = 1.760940e-02, Param MSE = 1.811141e-01, Grad norm = 1.562712e-07, Beta update rate = 8.729969e-08
Epoch 934600 (18.7%): Train pred MSE = 1.099421e-09, Test pred MSE = 1.760940e-02, Param MSE = 1.811141e-01, Grad norm = 1.560950e-07, Beta update rate = 8.720138e-08
Epoch 934800 (18.7%): Train pred MSE = 1.096987e-09, Test pred MSE = 1.760940e-02, Param MSE = 1.811140e-01, Grad norm = 1.559191e-07, Beta update rate = 8.710318e-08
Epoch 935000 (18.7%): Train pred MSE = 1.094558e-09, Test pred MSE = 1.760940e-02, Param MSE = 1.811140e-01, Grad norm = 1.557434e-07, Beta update rate = 8.700509e-08
Epoch 935200 (18.7%): Train pred MSE = 1.092136e-09, Test pred MSE = 1.760940e-02, Param MSE = 1.811140e-01, Grad norm = 1.555679e-07, Beta update rate = 8.690712e-08
Epoch 935400 (18.7%): Train pred MSE = 1.089718e-09, Test pred MSE = 1.760939e-02, Param MSE = 1.811140e-01, Grad norm = 1.553926e-07, Beta update rate = 8.680926e-08
Epoch 935600 (18.7%): Train pred MSE = 1.087306e-09, Test pred MSE = 1.760939e-02, Param MSE = 1.811140e-01, Grad norm = 1.552175e-07, Beta update rate = 8.671152e-08
Epoch 935800 (18.7%): Train pred MSE = 1.084900e-09, Test pred MSE = 1.760939e-02, Param MSE = 1.811139e-01, Grad norm = 1.550425e-07, Beta update rate = 8.661389e-08
Epoch 936000 (18.7%): Train pred MSE = 1.082499e-09, Test pred MSE = 1.760939e-02, Param MSE = 1.811139e-01, Grad norm = 1.548678e-07, Beta update rate = 8.651637e-08
Epoch 936200 (18.7%): Train pred MSE = 1.080103e-09, Test pred MSE = 1.760939e-02, Param MSE = 1.811139e-01, Grad norm = 1.546933e-07, Beta update rate = 8.641897e-08
Epoch 936400 (18.7%): Train pred MSE = 1.077713e-09, Test pred MSE = 1.760939e-02, Param MSE = 1.811139e-01, Grad norm = 1.545190e-07, Beta update rate = 8.632168e-08
Epoch 936600 (18.7%): Train pred MSE = 1.075328e-09, Test pred MSE = 1.760939e-02, Param MSE = 1.811138e-01, Grad norm = 1.543449e-07, Beta update rate = 8.622450e-08
Epoch 936800 (18.7%): Train pred MSE = 1.072948e-09, Test pred MSE = 1.760938e-02, Param MSE = 1.811138e-01, Grad norm = 1.541711e-07, Beta update rate = 8.612743e-08
Epoch 937000 (18.7%): Train pred MSE = 1.070574e-09, Test pred MSE = 1.760938e-02, Param MSE = 1.811138e-01, Grad norm = 1.539974e-07, Beta update rate = 8.603048e-08
Epoch 937200 (18.7%): Train pred MSE = 1.068205e-09, Test pred MSE = 1.760938e-02, Param MSE = 1.811138e-01, Grad norm = 1.538239e-07, Beta update rate = 8.593364e-08
Epoch 937400 (18.7%): Train pred MSE = 1.065842e-09, Test pred MSE = 1.760938e-02, Param MSE = 1.811138e-01, Grad norm = 1.536506e-07, Beta update rate = 8.583691e-08
Epoch 937600 (18.8%): Train pred MSE = 1.063484e-09, Test pred MSE = 1.760938e-02, Param MSE = 1.811137e-01, Grad norm = 1.534775e-07, Beta update rate = 8.574030e-08
Epoch 937800 (18.8%): Train pred MSE = 1.061131e-09, Test pred MSE = 1.760938e-02, Param MSE = 1.811137e-01, Grad norm = 1.533046e-07, Beta update rate = 8.564380e-08
Epoch 938000 (18.8%): Train pred MSE = 1.058783e-09, Test pred MSE = 1.760938e-02, Param MSE = 1.811137e-01, Grad norm = 1.531319e-07, Beta update rate = 8.554740e-08
Epoch 938200 (18.8%): Train pred MSE = 1.056441e-09, Test pred MSE = 1.760937e-02, Param MSE = 1.811137e-01, Grad norm = 1.529595e-07, Beta update rate = 8.545113e-08
Epoch 938400 (18.8%): Train pred MSE = 1.054104e-09, Test pred MSE = 1.760937e-02, Param MSE = 1.811136e-01, Grad norm = 1.527872e-07, Beta update rate = 8.535496e-08
Epoch 938600 (18.8%): Train pred MSE = 1.051772e-09, Test pred MSE = 1.760937e-02, Param MSE = 1.811136e-01, Grad norm = 1.526151e-07, Beta update rate = 8.525890e-08
Epoch 938800 (18.8%): Train pred MSE = 1.049446e-09, Test pred MSE = 1.760937e-02, Param MSE = 1.811136e-01, Grad norm = 1.524432e-07, Beta update rate = 8.516296e-08
Epoch 939000 (18.8%): Train pred MSE = 1.047124e-09, Test pred MSE = 1.760937e-02, Param MSE = 1.811136e-01, Grad norm = 1.522715e-07, Beta update rate = 8.506713e-08
Epoch 939200 (18.8%): Train pred MSE = 1.044808e-09, Test pred MSE = 1.760937e-02, Param MSE = 1.811136e-01, Grad norm = 1.521000e-07, Beta update rate = 8.497141e-08
Epoch 939400 (18.8%): Train pred MSE = 1.042497e-09, Test pred MSE = 1.760937e-02, Param MSE = 1.811135e-01, Grad norm = 1.519288e-07, Beta update rate = 8.487580e-08
Epoch 939600 (18.8%): Train pred MSE = 1.040192e-09, Test pred MSE = 1.760937e-02, Param MSE = 1.811135e-01, Grad norm = 1.517577e-07, Beta update rate = 8.478030e-08
Epoch 939800 (18.8%): Train pred MSE = 1.037891e-09, Test pred MSE = 1.760936e-02, Param MSE = 1.811135e-01, Grad norm = 1.515868e-07, Beta update rate = 8.468491e-08
Epoch 940000 (18.8%): Train pred MSE = 1.035596e-09, Test pred MSE = 1.760936e-02, Param MSE = 1.811135e-01, Grad norm = 1.514161e-07, Beta update rate = 8.458963e-08
Epoch 940200 (18.8%): Train pred MSE = 1.033306e-09, Test pred MSE = 1.760936e-02, Param MSE = 1.811135e-01, Grad norm = 1.512456e-07, Beta update rate = 8.449446e-08
Epoch 940400 (18.8%): Train pred MSE = 1.031021e-09, Test pred MSE = 1.760936e-02, Param MSE = 1.811134e-01, Grad norm = 1.510753e-07, Beta update rate = 8.439941e-08
Epoch 940600 (18.8%): Train pred MSE = 1.028741e-09, Test pred MSE = 1.760936e-02, Param MSE = 1.811134e-01, Grad norm = 1.509052e-07, Beta update rate = 8.430446e-08
Epoch 940800 (18.8%): Train pred MSE = 1.026467e-09, Test pred MSE = 1.760936e-02, Param MSE = 1.811134e-01, Grad norm = 1.507353e-07, Beta update rate = 8.420963e-08
Epoch 941000 (18.8%): Train pred MSE = 1.024197e-09, Test pred MSE = 1.760936e-02, Param MSE = 1.811134e-01, Grad norm = 1.505656e-07, Beta update rate = 8.411490e-08
Epoch 941200 (18.8%): Train pred MSE = 1.021933e-09, Test pred MSE = 1.760935e-02, Param MSE = 1.811133e-01, Grad norm = 1.503961e-07, Beta update rate = 8.402028e-08
Epoch 941400 (18.8%): Train pred MSE = 1.019673e-09, Test pred MSE = 1.760935e-02, Param MSE = 1.811133e-01, Grad norm = 1.502268e-07, Beta update rate = 8.392578e-08
Epoch 941600 (18.8%): Train pred MSE = 1.017419e-09, Test pred MSE = 1.760935e-02, Param MSE = 1.811133e-01, Grad norm = 1.500577e-07, Beta update rate = 8.383138e-08
Epoch 941800 (18.8%): Train pred MSE = 1.015170e-09, Test pred MSE = 1.760935e-02, Param MSE = 1.811133e-01, Grad norm = 1.498888e-07, Beta update rate = 8.373710e-08
Epoch 942000 (18.8%): Train pred MSE = 1.012926e-09, Test pred MSE = 1.760935e-02, Param MSE = 1.811133e-01, Grad norm = 1.497201e-07, Beta update rate = 8.364292e-08
Epoch 942200 (18.8%): Train pred MSE = 1.010687e-09, Test pred MSE = 1.760935e-02, Param MSE = 1.811132e-01, Grad norm = 1.495516e-07, Beta update rate = 8.354885e-08
Epoch 942400 (18.8%): Train pred MSE = 1.008453e-09, Test pred MSE = 1.760935e-02, Param MSE = 1.811132e-01, Grad norm = 1.493832e-07, Beta update rate = 8.345489e-08
Epoch 942600 (18.9%): Train pred MSE = 1.006224e-09, Test pred MSE = 1.760934e-02, Param MSE = 1.811132e-01, Grad norm = 1.492151e-07, Beta update rate = 8.336104e-08
Epoch 942800 (18.9%): Train pred MSE = 1.004000e-09, Test pred MSE = 1.760934e-02, Param MSE = 1.811132e-01, Grad norm = 1.490472e-07, Beta update rate = 8.326730e-08
Epoch 943000 (18.9%): Train pred MSE = 1.001781e-09, Test pred MSE = 1.760934e-02, Param MSE = 1.811132e-01, Grad norm = 1.488794e-07, Beta update rate = 8.317367e-08
Epoch 943200 (18.9%): Train pred MSE = 9.995668e-10, Test pred MSE = 1.760934e-02, Param MSE = 1.811131e-01, Grad norm = 1.487119e-07, Beta update rate = 8.308014e-08
Epoch 943400 (18.9%): Train pred MSE = 9.973578e-10, Test pred MSE = 1.760934e-02, Param MSE = 1.811131e-01, Grad norm = 1.485445e-07, Beta update rate = 8.298673e-08
Epoch 943600 (18.9%): Train pred MSE = 9.951537e-10, Test pred MSE = 1.760934e-02, Param MSE = 1.811131e-01, Grad norm = 1.483774e-07, Beta update rate = 8.289342e-08
Epoch 943800 (18.9%): Train pred MSE = 9.929547e-10, Test pred MSE = 1.760934e-02, Param MSE = 1.811131e-01, Grad norm = 1.482104e-07, Beta update rate = 8.280022e-08
Epoch 944000 (18.9%): Train pred MSE = 9.907605e-10, Test pred MSE = 1.760933e-02, Param MSE = 1.811130e-01, Grad norm = 1.480436e-07, Beta update rate = 8.270713e-08
Epoch 944200 (18.9%): Train pred MSE = 9.885713e-10, Test pred MSE = 1.760933e-02, Param MSE = 1.811130e-01, Grad norm = 1.478771e-07, Beta update rate = 8.261415e-08
Epoch 944400 (18.9%): Train pred MSE = 9.863870e-10, Test pred MSE = 1.760933e-02, Param MSE = 1.811130e-01, Grad norm = 1.477107e-07, Beta update rate = 8.252128e-08
Epoch 944600 (18.9%): Train pred MSE = 9.842076e-10, Test pred MSE = 1.760933e-02, Param MSE = 1.811130e-01, Grad norm = 1.475445e-07, Beta update rate = 8.242851e-08
Epoch 944800 (18.9%): Train pred MSE = 9.820332e-10, Test pred MSE = 1.760933e-02, Param MSE = 1.811130e-01, Grad norm = 1.473785e-07, Beta update rate = 8.233585e-08
Epoch 945000 (18.9%): Train pred MSE = 9.798636e-10, Test pred MSE = 1.760933e-02, Param MSE = 1.811129e-01, Grad norm = 1.472127e-07, Beta update rate = 8.224330e-08
Epoch 945200 (18.9%): Train pred MSE = 9.776989e-10, Test pred MSE = 1.760933e-02, Param MSE = 1.811129e-01, Grad norm = 1.470471e-07, Beta update rate = 8.215086e-08
Epoch 945400 (18.9%): Train pred MSE = 9.755391e-10, Test pred MSE = 1.760933e-02, Param MSE = 1.811129e-01, Grad norm = 1.468817e-07, Beta update rate = 8.205852e-08
Epoch 945600 (18.9%): Train pred MSE = 9.733841e-10, Test pred MSE = 1.760932e-02, Param MSE = 1.811129e-01, Grad norm = 1.467164e-07, Beta update rate = 8.196629e-08
Epoch 945800 (18.9%): Train pred MSE = 9.712339e-10, Test pred MSE = 1.760932e-02, Param MSE = 1.811129e-01, Grad norm = 1.465514e-07, Beta update rate = 8.187417e-08
Epoch 946000 (18.9%): Train pred MSE = 9.690887e-10, Test pred MSE = 1.760932e-02, Param MSE = 1.811128e-01, Grad norm = 1.463866e-07, Beta update rate = 8.178215e-08
Epoch 946200 (18.9%): Train pred MSE = 9.669482e-10, Test pred MSE = 1.760932e-02, Param MSE = 1.811128e-01, Grad norm = 1.462219e-07, Beta update rate = 8.169024e-08
Epoch 946400 (18.9%): Train pred MSE = 9.648125e-10, Test pred MSE = 1.760932e-02, Param MSE = 1.811128e-01, Grad norm = 1.460575e-07, Beta update rate = 8.159844e-08
Epoch 946600 (18.9%): Train pred MSE = 9.626817e-10, Test pred MSE = 1.760932e-02, Param MSE = 1.811128e-01, Grad norm = 1.458932e-07, Beta update rate = 8.150674e-08
Epoch 946800 (18.9%): Train pred MSE = 9.605556e-10, Test pred MSE = 1.760932e-02, Param MSE = 1.811128e-01, Grad norm = 1.457291e-07, Beta update rate = 8.141515e-08
Epoch 947000 (18.9%): Train pred MSE = 9.584343e-10, Test pred MSE = 1.760931e-02, Param MSE = 1.811127e-01, Grad norm = 1.455652e-07, Beta update rate = 8.132367e-08
Epoch 947200 (18.9%): Train pred MSE = 9.563178e-10, Test pred MSE = 1.760931e-02, Param MSE = 1.811127e-01, Grad norm = 1.454015e-07, Beta update rate = 8.123229e-08
Epoch 947400 (18.9%): Train pred MSE = 9.542060e-10, Test pred MSE = 1.760931e-02, Param MSE = 1.811127e-01, Grad norm = 1.452380e-07, Beta update rate = 8.114102e-08
Epoch 947600 (19.0%): Train pred MSE = 9.520990e-10, Test pred MSE = 1.760931e-02, Param MSE = 1.811127e-01, Grad norm = 1.450747e-07, Beta update rate = 8.104985e-08
Epoch 947800 (19.0%): Train pred MSE = 9.499967e-10, Test pred MSE = 1.760931e-02, Param MSE = 1.811126e-01, Grad norm = 1.449116e-07, Beta update rate = 8.095879e-08
Epoch 948000 (19.0%): Train pred MSE = 9.478991e-10, Test pred MSE = 1.760931e-02, Param MSE = 1.811126e-01, Grad norm = 1.447486e-07, Beta update rate = 8.086784e-08
Epoch 948200 (19.0%): Train pred MSE = 9.458063e-10, Test pred MSE = 1.760931e-02, Param MSE = 1.811126e-01, Grad norm = 1.445859e-07, Beta update rate = 8.077699e-08
Epoch 948400 (19.0%): Train pred MSE = 9.437182e-10, Test pred MSE = 1.760931e-02, Param MSE = 1.811126e-01, Grad norm = 1.444233e-07, Beta update rate = 8.068625e-08
Epoch 948600 (19.0%): Train pred MSE = 9.416347e-10, Test pred MSE = 1.760930e-02, Param MSE = 1.811126e-01, Grad norm = 1.442609e-07, Beta update rate = 8.059561e-08
Epoch 948800 (19.0%): Train pred MSE = 9.395559e-10, Test pred MSE = 1.760930e-02, Param MSE = 1.811125e-01, Grad norm = 1.440988e-07, Beta update rate = 8.050508e-08
Epoch 949000 (19.0%): Train pred MSE = 9.374819e-10, Test pred MSE = 1.760930e-02, Param MSE = 1.811125e-01, Grad norm = 1.439368e-07, Beta update rate = 8.041465e-08
Epoch 949200 (19.0%): Train pred MSE = 9.354124e-10, Test pred MSE = 1.760930e-02, Param MSE = 1.811125e-01, Grad norm = 1.437749e-07, Beta update rate = 8.032432e-08
Epoch 949400 (19.0%): Train pred MSE = 9.333476e-10, Test pred MSE = 1.760930e-02, Param MSE = 1.811125e-01, Grad norm = 1.436133e-07, Beta update rate = 8.023410e-08
Epoch 949600 (19.0%): Train pred MSE = 9.312875e-10, Test pred MSE = 1.760930e-02, Param MSE = 1.811125e-01, Grad norm = 1.434519e-07, Beta update rate = 8.014399e-08
Epoch 949800 (19.0%): Train pred MSE = 9.292320e-10, Test pred MSE = 1.760930e-02, Param MSE = 1.811124e-01, Grad norm = 1.432906e-07, Beta update rate = 8.005398e-08
Epoch 950000 (19.0%): Train pred MSE = 9.271811e-10, Test pred MSE = 1.760930e-02, Param MSE = 1.811124e-01, Grad norm = 1.431296e-07, Beta update rate = 7.996408e-08
Epoch 950200 (19.0%): Train pred MSE = 9.251348e-10, Test pred MSE = 1.760929e-02, Param MSE = 1.811124e-01, Grad norm = 1.429687e-07, Beta update rate = 7.987427e-08
Epoch 950400 (19.0%): Train pred MSE = 9.230931e-10, Test pred MSE = 1.760929e-02, Param MSE = 1.811124e-01, Grad norm = 1.428080e-07, Beta update rate = 7.978458e-08
Epoch 950600 (19.0%): Train pred MSE = 9.210560e-10, Test pred MSE = 1.760929e-02, Param MSE = 1.811124e-01, Grad norm = 1.426475e-07, Beta update rate = 7.969498e-08
Epoch 950800 (19.0%): Train pred MSE = 9.190235e-10, Test pred MSE = 1.760929e-02, Param MSE = 1.811123e-01, Grad norm = 1.424872e-07, Beta update rate = 7.960549e-08
Epoch 951000 (19.0%): Train pred MSE = 9.169955e-10, Test pred MSE = 1.760929e-02, Param MSE = 1.811123e-01, Grad norm = 1.423271e-07, Beta update rate = 7.951611e-08
Epoch 951200 (19.0%): Train pred MSE = 9.149721e-10, Test pred MSE = 1.760929e-02, Param MSE = 1.811123e-01, Grad norm = 1.421671e-07, Beta update rate = 7.942683e-08
Epoch 951400 (19.0%): Train pred MSE = 9.129532e-10, Test pred MSE = 1.760929e-02, Param MSE = 1.811123e-01, Grad norm = 1.420074e-07, Beta update rate = 7.933765e-08
Epoch 951600 (19.0%): Train pred MSE = 9.109389e-10, Test pred MSE = 1.760928e-02, Param MSE = 1.811123e-01, Grad norm = 1.418478e-07, Beta update rate = 7.924857e-08
Epoch 951800 (19.0%): Train pred MSE = 9.089291e-10, Test pred MSE = 1.760928e-02, Param MSE = 1.811122e-01, Grad norm = 1.416884e-07, Beta update rate = 7.915960e-08
Epoch 952000 (19.0%): Train pred MSE = 9.069238e-10, Test pred MSE = 1.760928e-02, Param MSE = 1.811122e-01, Grad norm = 1.415292e-07, Beta update rate = 7.907073e-08
Epoch 952200 (19.0%): Train pred MSE = 9.049230e-10, Test pred MSE = 1.760928e-02, Param MSE = 1.811122e-01, Grad norm = 1.413702e-07, Beta update rate = 7.898197e-08
Epoch 952400 (19.0%): Train pred MSE = 9.029267e-10, Test pred MSE = 1.760928e-02, Param MSE = 1.811122e-01, Grad norm = 1.412114e-07, Beta update rate = 7.889330e-08
Epoch 952600 (19.1%): Train pred MSE = 9.009349e-10, Test pred MSE = 1.760928e-02, Param MSE = 1.811122e-01, Grad norm = 1.410527e-07, Beta update rate = 7.880474e-08
Epoch 952800 (19.1%): Train pred MSE = 8.989476e-10, Test pred MSE = 1.760928e-02, Param MSE = 1.811121e-01, Grad norm = 1.408943e-07, Beta update rate = 7.871629e-08
Epoch 953000 (19.1%): Train pred MSE = 8.969647e-10, Test pred MSE = 1.760928e-02, Param MSE = 1.811121e-01, Grad norm = 1.407360e-07, Beta update rate = 7.862793e-08
Epoch 953200 (19.1%): Train pred MSE = 8.949863e-10, Test pred MSE = 1.760927e-02, Param MSE = 1.811121e-01, Grad norm = 1.405779e-07, Beta update rate = 7.853968e-08
Epoch 953400 (19.1%): Train pred MSE = 8.930123e-10, Test pred MSE = 1.760927e-02, Param MSE = 1.811121e-01, Grad norm = 1.404200e-07, Beta update rate = 7.845153e-08
Epoch 953600 (19.1%): Train pred MSE = 8.910428e-10, Test pred MSE = 1.760927e-02, Param MSE = 1.811121e-01, Grad norm = 1.402622e-07, Beta update rate = 7.836348e-08
Epoch 953800 (19.1%): Train pred MSE = 8.890777e-10, Test pred MSE = 1.760927e-02, Param MSE = 1.811120e-01, Grad norm = 1.401047e-07, Beta update rate = 7.827553e-08
Epoch 954000 (19.1%): Train pred MSE = 8.871169e-10, Test pred MSE = 1.760927e-02, Param MSE = 1.811120e-01, Grad norm = 1.399473e-07, Beta update rate = 7.818769e-08
Epoch 954200 (19.1%): Train pred MSE = 8.851606e-10, Test pred MSE = 1.760927e-02, Param MSE = 1.811120e-01, Grad norm = 1.397901e-07, Beta update rate = 7.809995e-08
Epoch 954400 (19.1%): Train pred MSE = 8.832087e-10, Test pred MSE = 1.760927e-02, Param MSE = 1.811120e-01, Grad norm = 1.396331e-07, Beta update rate = 7.801231e-08
Epoch 954600 (19.1%): Train pred MSE = 8.812612e-10, Test pred MSE = 1.760927e-02, Param MSE = 1.811120e-01, Grad norm = 1.394763e-07, Beta update rate = 7.792477e-08
Epoch 954800 (19.1%): Train pred MSE = 8.793180e-10, Test pred MSE = 1.760926e-02, Param MSE = 1.811119e-01, Grad norm = 1.393197e-07, Beta update rate = 7.783733e-08
Epoch 955000 (19.1%): Train pred MSE = 8.773792e-10, Test pred MSE = 1.760926e-02, Param MSE = 1.811119e-01, Grad norm = 1.391632e-07, Beta update rate = 7.774999e-08
Epoch 955200 (19.1%): Train pred MSE = 8.754448e-10, Test pred MSE = 1.760926e-02, Param MSE = 1.811119e-01, Grad norm = 1.390069e-07, Beta update rate = 7.766276e-08
Epoch 955400 (19.1%): Train pred MSE = 8.735147e-10, Test pred MSE = 1.760926e-02, Param MSE = 1.811119e-01, Grad norm = 1.388509e-07, Beta update rate = 7.757562e-08
Epoch 955600 (19.1%): Train pred MSE = 8.715889e-10, Test pred MSE = 1.760926e-02, Param MSE = 1.811119e-01, Grad norm = 1.386949e-07, Beta update rate = 7.748859e-08
Epoch 955800 (19.1%): Train pred MSE = 8.696674e-10, Test pred MSE = 1.760926e-02, Param MSE = 1.811118e-01, Grad norm = 1.385392e-07, Beta update rate = 7.740165e-08
Epoch 956000 (19.1%): Train pred MSE = 8.677503e-10, Test pred MSE = 1.760926e-02, Param MSE = 1.811118e-01, Grad norm = 1.383837e-07, Beta update rate = 7.731482e-08
Epoch 956200 (19.1%): Train pred MSE = 8.658375e-10, Test pred MSE = 1.760926e-02, Param MSE = 1.811118e-01, Grad norm = 1.382283e-07, Beta update rate = 7.722809e-08
Epoch 956400 (19.1%): Train pred MSE = 8.639289e-10, Test pred MSE = 1.760925e-02, Param MSE = 1.811118e-01, Grad norm = 1.380731e-07, Beta update rate = 7.714146e-08
Epoch 956600 (19.1%): Train pred MSE = 8.620246e-10, Test pred MSE = 1.760925e-02, Param MSE = 1.811118e-01, Grad norm = 1.379181e-07, Beta update rate = 7.705493e-08
Epoch 956800 (19.1%): Train pred MSE = 8.601247e-10, Test pred MSE = 1.760925e-02, Param MSE = 1.811117e-01, Grad norm = 1.377633e-07, Beta update rate = 7.696850e-08
Epoch 957000 (19.1%): Train pred MSE = 8.582289e-10, Test pred MSE = 1.760925e-02, Param MSE = 1.811117e-01, Grad norm = 1.376086e-07, Beta update rate = 7.688217e-08
Epoch 957200 (19.1%): Train pred MSE = 8.563375e-10, Test pred MSE = 1.760925e-02, Param MSE = 1.811117e-01, Grad norm = 1.374541e-07, Beta update rate = 7.679594e-08
Epoch 957400 (19.1%): Train pred MSE = 8.544502e-10, Test pred MSE = 1.760925e-02, Param MSE = 1.811117e-01, Grad norm = 1.372998e-07, Beta update rate = 7.670981e-08
Epoch 957600 (19.2%): Train pred MSE = 8.525672e-10, Test pred MSE = 1.760925e-02, Param MSE = 1.811117e-01, Grad norm = 1.371457e-07, Beta update rate = 7.662378e-08
Epoch 957800 (19.2%): Train pred MSE = 8.506885e-10, Test pred MSE = 1.760925e-02, Param MSE = 1.811116e-01, Grad norm = 1.369918e-07, Beta update rate = 7.653784e-08
Epoch 958000 (19.2%): Train pred MSE = 8.488139e-10, Test pred MSE = 1.760924e-02, Param MSE = 1.811116e-01, Grad norm = 1.368380e-07, Beta update rate = 7.645201e-08
Epoch 958200 (19.2%): Train pred MSE = 8.469436e-10, Test pred MSE = 1.760924e-02, Param MSE = 1.811116e-01, Grad norm = 1.366844e-07, Beta update rate = 7.636628e-08
Epoch 958400 (19.2%): Train pred MSE = 8.450774e-10, Test pred MSE = 1.760924e-02, Param MSE = 1.811116e-01, Grad norm = 1.365310e-07, Beta update rate = 7.628065e-08
Epoch 958600 (19.2%): Train pred MSE = 8.432155e-10, Test pred MSE = 1.760924e-02, Param MSE = 1.811116e-01, Grad norm = 1.363778e-07, Beta update rate = 7.619511e-08
Epoch 958800 (19.2%): Train pred MSE = 8.413577e-10, Test pred MSE = 1.760924e-02, Param MSE = 1.811115e-01, Grad norm = 1.362248e-07, Beta update rate = 7.610968e-08
Epoch 959000 (19.2%): Train pred MSE = 8.395040e-10, Test pred MSE = 1.760924e-02, Param MSE = 1.811115e-01, Grad norm = 1.360719e-07, Beta update rate = 7.602434e-08
Epoch 959200 (19.2%): Train pred MSE = 8.376546e-10, Test pred MSE = 1.760924e-02, Param MSE = 1.811115e-01, Grad norm = 1.359192e-07, Beta update rate = 7.593910e-08
Epoch 959400 (19.2%): Train pred MSE = 8.358093e-10, Test pred MSE = 1.760924e-02, Param MSE = 1.811115e-01, Grad norm = 1.357667e-07, Beta update rate = 7.585397e-08
Epoch 959600 (19.2%): Train pred MSE = 8.339681e-10, Test pred MSE = 1.760923e-02, Param MSE = 1.811115e-01, Grad norm = 1.356143e-07, Beta update rate = 7.576893e-08
Epoch 959800 (19.2%): Train pred MSE = 8.321310e-10, Test pred MSE = 1.760923e-02, Param MSE = 1.811114e-01, Grad norm = 1.354622e-07, Beta update rate = 7.568398e-08
Epoch 960000 (19.2%): Train pred MSE = 8.302981e-10, Test pred MSE = 1.760923e-02, Param MSE = 1.811114e-01, Grad norm = 1.353102e-07, Beta update rate = 7.559914e-08
Epoch 960200 (19.2%): Train pred MSE = 8.284693e-10, Test pred MSE = 1.760923e-02, Param MSE = 1.811114e-01, Grad norm = 1.351584e-07, Beta update rate = 7.551440e-08
Epoch 960400 (19.2%): Train pred MSE = 8.266446e-10, Test pred MSE = 1.760923e-02, Param MSE = 1.811114e-01, Grad norm = 1.350067e-07, Beta update rate = 7.542975e-08
Epoch 960600 (19.2%): Train pred MSE = 8.248240e-10, Test pred MSE = 1.760923e-02, Param MSE = 1.811114e-01, Grad norm = 1.348553e-07, Beta update rate = 7.534520e-08
Epoch 960800 (19.2%): Train pred MSE = 8.230074e-10, Test pred MSE = 1.760923e-02, Param MSE = 1.811113e-01, Grad norm = 1.347040e-07, Beta update rate = 7.526075e-08
Epoch 961000 (19.2%): Train pred MSE = 8.211950e-10, Test pred MSE = 1.760923e-02, Param MSE = 1.811113e-01, Grad norm = 1.345529e-07, Beta update rate = 7.517640e-08
Epoch 961200 (19.2%): Train pred MSE = 8.193866e-10, Test pred MSE = 1.760922e-02, Param MSE = 1.811113e-01, Grad norm = 1.344020e-07, Beta update rate = 7.509214e-08
Epoch 961400 (19.2%): Train pred MSE = 8.175822e-10, Test pred MSE = 1.760922e-02, Param MSE = 1.811113e-01, Grad norm = 1.342512e-07, Beta update rate = 7.500798e-08
Epoch 961600 (19.2%): Train pred MSE = 8.157819e-10, Test pred MSE = 1.760922e-02, Param MSE = 1.811113e-01, Grad norm = 1.341006e-07, Beta update rate = 7.492392e-08
Epoch 961800 (19.2%): Train pred MSE = 8.139856e-10, Test pred MSE = 1.760922e-02, Param MSE = 1.811113e-01, Grad norm = 1.339502e-07, Beta update rate = 7.483996e-08
Epoch 962000 (19.2%): Train pred MSE = 8.121934e-10, Test pred MSE = 1.760922e-02, Param MSE = 1.811112e-01, Grad norm = 1.338000e-07, Beta update rate = 7.475609e-08
Epoch 962200 (19.2%): Train pred MSE = 8.104052e-10, Test pred MSE = 1.760922e-02, Param MSE = 1.811112e-01, Grad norm = 1.336499e-07, Beta update rate = 7.467232e-08
Epoch 962400 (19.2%): Train pred MSE = 8.086210e-10, Test pred MSE = 1.760922e-02, Param MSE = 1.811112e-01, Grad norm = 1.335000e-07, Beta update rate = 7.458865e-08
Epoch 962600 (19.3%): Train pred MSE = 8.068408e-10, Test pred MSE = 1.760922e-02, Param MSE = 1.811112e-01, Grad norm = 1.333503e-07, Beta update rate = 7.450507e-08
Epoch 962800 (19.3%): Train pred MSE = 8.050645e-10, Test pred MSE = 1.760921e-02, Param MSE = 1.811112e-01, Grad norm = 1.332008e-07, Beta update rate = 7.442159e-08
Epoch 963000 (19.3%): Train pred MSE = 8.032923e-10, Test pred MSE = 1.760921e-02, Param MSE = 1.811111e-01, Grad norm = 1.330514e-07, Beta update rate = 7.433821e-08
Epoch 963200 (19.3%): Train pred MSE = 8.015240e-10, Test pred MSE = 1.760921e-02, Param MSE = 1.811111e-01, Grad norm = 1.329022e-07, Beta update rate = 7.425493e-08
Epoch 963400 (19.3%): Train pred MSE = 7.997597e-10, Test pred MSE = 1.760921e-02, Param MSE = 1.811111e-01, Grad norm = 1.327532e-07, Beta update rate = 7.417174e-08
Epoch 963600 (19.3%): Train pred MSE = 7.979994e-10, Test pred MSE = 1.760921e-02, Param MSE = 1.811111e-01, Grad norm = 1.326043e-07, Beta update rate = 7.408864e-08
Epoch 963800 (19.3%): Train pred MSE = 7.962430e-10, Test pred MSE = 1.760921e-02, Param MSE = 1.811111e-01, Grad norm = 1.324556e-07, Beta update rate = 7.400565e-08
Epoch 964000 (19.3%): Train pred MSE = 7.944905e-10, Test pred MSE = 1.760921e-02, Param MSE = 1.811110e-01, Grad norm = 1.323071e-07, Beta update rate = 7.392275e-08
Epoch 964200 (19.3%): Train pred MSE = 7.927420e-10, Test pred MSE = 1.760921e-02, Param MSE = 1.811110e-01, Grad norm = 1.321588e-07, Beta update rate = 7.383994e-08
Epoch 964400 (19.3%): Train pred MSE = 7.909973e-10, Test pred MSE = 1.760920e-02, Param MSE = 1.811110e-01, Grad norm = 1.320106e-07, Beta update rate = 7.375723e-08
Epoch 964600 (19.3%): Train pred MSE = 7.892566e-10, Test pred MSE = 1.760920e-02, Param MSE = 1.811110e-01, Grad norm = 1.318627e-07, Beta update rate = 7.367462e-08
Epoch 964800 (19.3%): Train pred MSE = 7.875198e-10, Test pred MSE = 1.760920e-02, Param MSE = 1.811110e-01, Grad norm = 1.317148e-07, Beta update rate = 7.359210e-08
Epoch 965000 (19.3%): Train pred MSE = 7.857869e-10, Test pred MSE = 1.760920e-02, Param MSE = 1.811109e-01, Grad norm = 1.315672e-07, Beta update rate = 7.350968e-08
Epoch 965200 (19.3%): Train pred MSE = 7.840579e-10, Test pred MSE = 1.760920e-02, Param MSE = 1.811109e-01, Grad norm = 1.314197e-07, Beta update rate = 7.342735e-08
Epoch 965400 (19.3%): Train pred MSE = 7.823327e-10, Test pred MSE = 1.760920e-02, Param MSE = 1.811109e-01, Grad norm = 1.312724e-07, Beta update rate = 7.334512e-08
Epoch 965600 (19.3%): Train pred MSE = 7.806114e-10, Test pred MSE = 1.760920e-02, Param MSE = 1.811109e-01, Grad norm = 1.311253e-07, Beta update rate = 7.326298e-08
Epoch 965800 (19.3%): Train pred MSE = 7.788940e-10, Test pred MSE = 1.760920e-02, Param MSE = 1.811109e-01, Grad norm = 1.309783e-07, Beta update rate = 7.318094e-08
Epoch 966000 (19.3%): Train pred MSE = 7.771804e-10, Test pred MSE = 1.760920e-02, Param MSE = 1.811109e-01, Grad norm = 1.308315e-07, Beta update rate = 7.309899e-08
Epoch 966200 (19.3%): Train pred MSE = 7.754706e-10, Test pred MSE = 1.760919e-02, Param MSE = 1.811108e-01, Grad norm = 1.306849e-07, Beta update rate = 7.301714e-08
Epoch 966400 (19.3%): Train pred MSE = 7.737647e-10, Test pred MSE = 1.760919e-02, Param MSE = 1.811108e-01, Grad norm = 1.305384e-07, Beta update rate = 7.293538e-08
Epoch 966600 (19.3%): Train pred MSE = 7.720626e-10, Test pred MSE = 1.760919e-02, Param MSE = 1.811108e-01, Grad norm = 1.303921e-07, Beta update rate = 7.285372e-08
Epoch 966800 (19.3%): Train pred MSE = 7.703643e-10, Test pred MSE = 1.760919e-02, Param MSE = 1.811108e-01, Grad norm = 1.302460e-07, Beta update rate = 7.277215e-08
Epoch 967000 (19.3%): Train pred MSE = 7.686698e-10, Test pred MSE = 1.760919e-02, Param MSE = 1.811108e-01, Grad norm = 1.301001e-07, Beta update rate = 7.269067e-08
Epoch 967200 (19.3%): Train pred MSE = 7.669791e-10, Test pred MSE = 1.760919e-02, Param MSE = 1.811107e-01, Grad norm = 1.299543e-07, Beta update rate = 7.260929e-08
Epoch 967400 (19.3%): Train pred MSE = 7.652922e-10, Test pred MSE = 1.760919e-02, Param MSE = 1.811107e-01, Grad norm = 1.298087e-07, Beta update rate = 7.252801e-08
Epoch 967600 (19.4%): Train pred MSE = 7.636091e-10, Test pred MSE = 1.760919e-02, Param MSE = 1.811107e-01, Grad norm = 1.296632e-07, Beta update rate = 7.244682e-08
Epoch 967800 (19.4%): Train pred MSE = 7.619297e-10, Test pred MSE = 1.760918e-02, Param MSE = 1.811107e-01, Grad norm = 1.295180e-07, Beta update rate = 7.236572e-08
Epoch 968000 (19.4%): Train pred MSE = 7.602541e-10, Test pred MSE = 1.760918e-02, Param MSE = 1.811107e-01, Grad norm = 1.293728e-07, Beta update rate = 7.228471e-08
Epoch 968200 (19.4%): Train pred MSE = 7.585823e-10, Test pred MSE = 1.760918e-02, Param MSE = 1.811107e-01, Grad norm = 1.292279e-07, Beta update rate = 7.220380e-08
Epoch 968400 (19.4%): Train pred MSE = 7.569142e-10, Test pred MSE = 1.760918e-02, Param MSE = 1.811106e-01, Grad norm = 1.290831e-07, Beta update rate = 7.212299e-08
Epoch 968600 (19.4%): Train pred MSE = 7.552498e-10, Test pred MSE = 1.760918e-02, Param MSE = 1.811106e-01, Grad norm = 1.289385e-07, Beta update rate = 7.204226e-08
Epoch 968800 (19.4%): Train pred MSE = 7.535892e-10, Test pred MSE = 1.760918e-02, Param MSE = 1.811106e-01, Grad norm = 1.287941e-07, Beta update rate = 7.196163e-08
Epoch 969000 (19.4%): Train pred MSE = 7.519322e-10, Test pred MSE = 1.760918e-02, Param MSE = 1.811106e-01, Grad norm = 1.286498e-07, Beta update rate = 7.188109e-08
Epoch 969200 (19.4%): Train pred MSE = 7.502790e-10, Test pred MSE = 1.760918e-02, Param MSE = 1.811106e-01, Grad norm = 1.285057e-07, Beta update rate = 7.180065e-08
Epoch 969400 (19.4%): Train pred MSE = 7.486295e-10, Test pred MSE = 1.760918e-02, Param MSE = 1.811105e-01, Grad norm = 1.283618e-07, Beta update rate = 7.172030e-08
Epoch 969600 (19.4%): Train pred MSE = 7.469837e-10, Test pred MSE = 1.760917e-02, Param MSE = 1.811105e-01, Grad norm = 1.282180e-07, Beta update rate = 7.164004e-08
Epoch 969800 (19.4%): Train pred MSE = 7.453416e-10, Test pred MSE = 1.760917e-02, Param MSE = 1.811105e-01, Grad norm = 1.280744e-07, Beta update rate = 7.155987e-08
Epoch 970000 (19.4%): Train pred MSE = 7.437031e-10, Test pred MSE = 1.760917e-02, Param MSE = 1.811105e-01, Grad norm = 1.279310e-07, Beta update rate = 7.147980e-08
Epoch 970200 (19.4%): Train pred MSE = 7.420683e-10, Test pred MSE = 1.760917e-02, Param MSE = 1.811105e-01, Grad norm = 1.277877e-07, Beta update rate = 7.139982e-08
Epoch 970400 (19.4%): Train pred MSE = 7.404372e-10, Test pred MSE = 1.760917e-02, Param MSE = 1.811104e-01, Grad norm = 1.276446e-07, Beta update rate = 7.131993e-08
Epoch 970600 (19.4%): Train pred MSE = 7.388097e-10, Test pred MSE = 1.760917e-02, Param MSE = 1.811104e-01, Grad norm = 1.275017e-07, Beta update rate = 7.124014e-08
Epoch 970800 (19.4%): Train pred MSE = 7.371859e-10, Test pred MSE = 1.760917e-02, Param MSE = 1.811104e-01, Grad norm = 1.273589e-07, Beta update rate = 7.116044e-08
Epoch 971000 (19.4%): Train pred MSE = 7.355657e-10, Test pred MSE = 1.760917e-02, Param MSE = 1.811104e-01, Grad norm = 1.272163e-07, Beta update rate = 7.108082e-08
Epoch 971200 (19.4%): Train pred MSE = 7.339491e-10, Test pred MSE = 1.760916e-02, Param MSE = 1.811104e-01, Grad norm = 1.270738e-07, Beta update rate = 7.100130e-08
Epoch 971400 (19.4%): Train pred MSE = 7.323362e-10, Test pred MSE = 1.760916e-02, Param MSE = 1.811104e-01, Grad norm = 1.269316e-07, Beta update rate = 7.092188e-08
Epoch 971600 (19.4%): Train pred MSE = 7.307268e-10, Test pred MSE = 1.760916e-02, Param MSE = 1.811103e-01, Grad norm = 1.267894e-07, Beta update rate = 7.084254e-08
Epoch 971800 (19.4%): Train pred MSE = 7.291211e-10, Test pred MSE = 1.760916e-02, Param MSE = 1.811103e-01, Grad norm = 1.266475e-07, Beta update rate = 7.076330e-08
Epoch 972000 (19.4%): Train pred MSE = 7.275189e-10, Test pred MSE = 1.760916e-02, Param MSE = 1.811103e-01, Grad norm = 1.265057e-07, Beta update rate = 7.068415e-08
Epoch 972200 (19.4%): Train pred MSE = 7.259204e-10, Test pred MSE = 1.760916e-02, Param MSE = 1.811103e-01, Grad norm = 1.263641e-07, Beta update rate = 7.060509e-08
Epoch 972400 (19.4%): Train pred MSE = 7.243254e-10, Test pred MSE = 1.760916e-02, Param MSE = 1.811103e-01, Grad norm = 1.262226e-07, Beta update rate = 7.052612e-08
Epoch 972600 (19.5%): Train pred MSE = 7.227340e-10, Test pred MSE = 1.760916e-02, Param MSE = 1.811103e-01, Grad norm = 1.260813e-07, Beta update rate = 7.044724e-08
Epoch 972800 (19.5%): Train pred MSE = 7.211461e-10, Test pred MSE = 1.760916e-02, Param MSE = 1.811102e-01, Grad norm = 1.259402e-07, Beta update rate = 7.036845e-08
Epoch 973000 (19.5%): Train pred MSE = 7.195618e-10, Test pred MSE = 1.760915e-02, Param MSE = 1.811102e-01, Grad norm = 1.257992e-07, Beta update rate = 7.028975e-08
Epoch 973200 (19.5%): Train pred MSE = 7.179810e-10, Test pred MSE = 1.760915e-02, Param MSE = 1.811102e-01, Grad norm = 1.256584e-07, Beta update rate = 7.021115e-08
Epoch 973400 (19.5%): Train pred MSE = 7.164038e-10, Test pred MSE = 1.760915e-02, Param MSE = 1.811102e-01, Grad norm = 1.255178e-07, Beta update rate = 7.013264e-08
Epoch 973600 (19.5%): Train pred MSE = 7.148301e-10, Test pred MSE = 1.760915e-02, Param MSE = 1.811102e-01, Grad norm = 1.253773e-07, Beta update rate = 7.005421e-08
Epoch 973800 (19.5%): Train pred MSE = 7.132599e-10, Test pred MSE = 1.760915e-02, Param MSE = 1.811101e-01, Grad norm = 1.252370e-07, Beta update rate = 6.997588e-08
Epoch 974000 (19.5%): Train pred MSE = 7.116933e-10, Test pred MSE = 1.760915e-02, Param MSE = 1.811101e-01, Grad norm = 1.250968e-07, Beta update rate = 6.989764e-08
Epoch 974200 (19.5%): Train pred MSE = 7.101301e-10, Test pred MSE = 1.760915e-02, Param MSE = 1.811101e-01, Grad norm = 1.249568e-07, Beta update rate = 6.981948e-08
Epoch 974400 (19.5%): Train pred MSE = 7.085705e-10, Test pred MSE = 1.760915e-02, Param MSE = 1.811101e-01, Grad norm = 1.248170e-07, Beta update rate = 6.974142e-08
Epoch 974600 (19.5%): Train pred MSE = 7.070143e-10, Test pred MSE = 1.760915e-02, Param MSE = 1.811101e-01, Grad norm = 1.246773e-07, Beta update rate = 6.966345e-08
Epoch 974800 (19.5%): Train pred MSE = 7.054616e-10, Test pred MSE = 1.760914e-02, Param MSE = 1.811101e-01, Grad norm = 1.245378e-07, Beta update rate = 6.958557e-08
Epoch 975000 (19.5%): Train pred MSE = 7.039124e-10, Test pred MSE = 1.760914e-02, Param MSE = 1.811100e-01, Grad norm = 1.243985e-07, Beta update rate = 6.950778e-08
Epoch 975200 (19.5%): Train pred MSE = 7.023666e-10, Test pred MSE = 1.760914e-02, Param MSE = 1.811100e-01, Grad norm = 1.242593e-07, Beta update rate = 6.943008e-08
Epoch 975400 (19.5%): Train pred MSE = 7.008243e-10, Test pred MSE = 1.760914e-02, Param MSE = 1.811100e-01, Grad norm = 1.241203e-07, Beta update rate = 6.935246e-08
Epoch 975600 (19.5%): Train pred MSE = 6.992855e-10, Test pred MSE = 1.760914e-02, Param MSE = 1.811100e-01, Grad norm = 1.239814e-07, Beta update rate = 6.927494e-08
Epoch 975800 (19.5%): Train pred MSE = 6.977501e-10, Test pred MSE = 1.760914e-02, Param MSE = 1.811100e-01, Grad norm = 1.238427e-07, Beta update rate = 6.919751e-08
Epoch 976000 (19.5%): Train pred MSE = 6.962181e-10, Test pred MSE = 1.760914e-02, Param MSE = 1.811099e-01, Grad norm = 1.237041e-07, Beta update rate = 6.912016e-08
Epoch 976200 (19.5%): Train pred MSE = 6.946896e-10, Test pred MSE = 1.760914e-02, Param MSE = 1.811099e-01, Grad norm = 1.235658e-07, Beta update rate = 6.904291e-08
Epoch 976400 (19.5%): Train pred MSE = 6.931644e-10, Test pred MSE = 1.760913e-02, Param MSE = 1.811099e-01, Grad norm = 1.234275e-07, Beta update rate = 6.896575e-08
Epoch 976600 (19.5%): Train pred MSE = 6.916427e-10, Test pred MSE = 1.760913e-02, Param MSE = 1.811099e-01, Grad norm = 1.232895e-07, Beta update rate = 6.888867e-08
Epoch 976800 (19.5%): Train pred MSE = 6.901244e-10, Test pred MSE = 1.760913e-02, Param MSE = 1.811099e-01, Grad norm = 1.231516e-07, Beta update rate = 6.881168e-08
Epoch 977000 (19.5%): Train pred MSE = 6.886095e-10, Test pred MSE = 1.760913e-02, Param MSE = 1.811099e-01, Grad norm = 1.230138e-07, Beta update rate = 6.873479e-08
Epoch 977200 (19.5%): Train pred MSE = 6.870979e-10, Test pred MSE = 1.760913e-02, Param MSE = 1.811098e-01, Grad norm = 1.228762e-07, Beta update rate = 6.865798e-08
Epoch 977400 (19.5%): Train pred MSE = 6.855898e-10, Test pred MSE = 1.760913e-02, Param MSE = 1.811098e-01, Grad norm = 1.227388e-07, Beta update rate = 6.858126e-08
Epoch 977600 (19.6%): Train pred MSE = 6.840850e-10, Test pred MSE = 1.760913e-02, Param MSE = 1.811098e-01, Grad norm = 1.226015e-07, Beta update rate = 6.850462e-08
Epoch 977800 (19.6%): Train pred MSE = 6.825836e-10, Test pred MSE = 1.760913e-02, Param MSE = 1.811098e-01, Grad norm = 1.224644e-07, Beta update rate = 6.842808e-08
Epoch 978000 (19.6%): Train pred MSE = 6.810855e-10, Test pred MSE = 1.760913e-02, Param MSE = 1.811098e-01, Grad norm = 1.223275e-07, Beta update rate = 6.835163e-08
Epoch 978200 (19.6%): Train pred MSE = 6.795908e-10, Test pred MSE = 1.760912e-02, Param MSE = 1.811098e-01, Grad norm = 1.221907e-07, Beta update rate = 6.827526e-08
Epoch 978400 (19.6%): Train pred MSE = 6.780994e-10, Test pred MSE = 1.760912e-02, Param MSE = 1.811097e-01, Grad norm = 1.220540e-07, Beta update rate = 6.819898e-08
Epoch 978600 (19.6%): Train pred MSE = 6.766114e-10, Test pred MSE = 1.760912e-02, Param MSE = 1.811097e-01, Grad norm = 1.219175e-07, Beta update rate = 6.812279e-08
Epoch 978800 (19.6%): Train pred MSE = 6.751267e-10, Test pred MSE = 1.760912e-02, Param MSE = 1.811097e-01, Grad norm = 1.217812e-07, Beta update rate = 6.804669e-08
Epoch 979000 (19.6%): Train pred MSE = 6.736453e-10, Test pred MSE = 1.760912e-02, Param MSE = 1.811097e-01, Grad norm = 1.216451e-07, Beta update rate = 6.797067e-08
Epoch 979200 (19.6%): Train pred MSE = 6.721672e-10, Test pred MSE = 1.760912e-02, Param MSE = 1.811097e-01, Grad norm = 1.215091e-07, Beta update rate = 6.789475e-08
Epoch 979400 (19.6%): Train pred MSE = 6.706924e-10, Test pred MSE = 1.760912e-02, Param MSE = 1.811096e-01, Grad norm = 1.213732e-07, Beta update rate = 6.781891e-08
Epoch 979600 (19.6%): Train pred MSE = 6.692209e-10, Test pred MSE = 1.760912e-02, Param MSE = 1.811096e-01, Grad norm = 1.212375e-07, Beta update rate = 6.774315e-08
Epoch 979800 (19.6%): Train pred MSE = 6.677527e-10, Test pred MSE = 1.760912e-02, Param MSE = 1.811096e-01, Grad norm = 1.211020e-07, Beta update rate = 6.766749e-08
Epoch 980000 (19.6%): Train pred MSE = 6.662878e-10, Test pred MSE = 1.760911e-02, Param MSE = 1.811096e-01, Grad norm = 1.209666e-07, Beta update rate = 6.759191e-08
Epoch 980200 (19.6%): Train pred MSE = 6.648262e-10, Test pred MSE = 1.760911e-02, Param MSE = 1.811096e-01, Grad norm = 1.208314e-07, Beta update rate = 6.751642e-08
Epoch 980400 (19.6%): Train pred MSE = 6.633678e-10, Test pred MSE = 1.760911e-02, Param MSE = 1.811096e-01, Grad norm = 1.206963e-07, Beta update rate = 6.744102e-08
Epoch 980600 (19.6%): Train pred MSE = 6.619127e-10, Test pred MSE = 1.760911e-02, Param MSE = 1.811095e-01, Grad norm = 1.205614e-07, Beta update rate = 6.736571e-08
Epoch 980800 (19.6%): Train pred MSE = 6.604608e-10, Test pred MSE = 1.760911e-02, Param MSE = 1.811095e-01, Grad norm = 1.204266e-07, Beta update rate = 6.729048e-08
Epoch 981000 (19.6%): Train pred MSE = 6.590122e-10, Test pred MSE = 1.760911e-02, Param MSE = 1.811095e-01, Grad norm = 1.202920e-07, Beta update rate = 6.721533e-08
Epoch 981200 (19.6%): Train pred MSE = 6.575668e-10, Test pred MSE = 1.760911e-02, Param MSE = 1.811095e-01, Grad norm = 1.201576e-07, Beta update rate = 6.714028e-08
Epoch 981400 (19.6%): Train pred MSE = 6.561246e-10, Test pred MSE = 1.760911e-02, Param MSE = 1.811095e-01, Grad norm = 1.200233e-07, Beta update rate = 6.706531e-08
Epoch 981600 (19.6%): Train pred MSE = 6.546857e-10, Test pred MSE = 1.760911e-02, Param MSE = 1.811095e-01, Grad norm = 1.198892e-07, Beta update rate = 6.699043e-08
Epoch 981800 (19.6%): Train pred MSE = 6.532500e-10, Test pred MSE = 1.760910e-02, Param MSE = 1.811094e-01, Grad norm = 1.197552e-07, Beta update rate = 6.691563e-08
Epoch 982000 (19.6%): Train pred MSE = 6.518174e-10, Test pred MSE = 1.760910e-02, Param MSE = 1.811094e-01, Grad norm = 1.196214e-07, Beta update rate = 6.684092e-08
Epoch 982200 (19.6%): Train pred MSE = 6.503881e-10, Test pred MSE = 1.760910e-02, Param MSE = 1.811094e-01, Grad norm = 1.194877e-07, Beta update rate = 6.676630e-08
Epoch 982400 (19.6%): Train pred MSE = 6.489620e-10, Test pred MSE = 1.760910e-02, Param MSE = 1.811094e-01, Grad norm = 1.193542e-07, Beta update rate = 6.669176e-08
Epoch 982600 (19.7%): Train pred MSE = 6.475391e-10, Test pred MSE = 1.760910e-02, Param MSE = 1.811094e-01, Grad norm = 1.192208e-07, Beta update rate = 6.661731e-08
Epoch 982800 (19.7%): Train pred MSE = 6.461193e-10, Test pred MSE = 1.760910e-02, Param MSE = 1.811094e-01, Grad norm = 1.190876e-07, Beta update rate = 6.654295e-08
Epoch 983000 (19.7%): Train pred MSE = 6.447027e-10, Test pred MSE = 1.760910e-02, Param MSE = 1.811093e-01, Grad norm = 1.189546e-07, Beta update rate = 6.646867e-08
Epoch 983200 (19.7%): Train pred MSE = 6.432893e-10, Test pred MSE = 1.760910e-02, Param MSE = 1.811093e-01, Grad norm = 1.188217e-07, Beta update rate = 6.639447e-08
Epoch 983400 (19.7%): Train pred MSE = 6.418790e-10, Test pred MSE = 1.760910e-02, Param MSE = 1.811093e-01, Grad norm = 1.186889e-07, Beta update rate = 6.632037e-08
Epoch 983600 (19.7%): Train pred MSE = 6.404719e-10, Test pred MSE = 1.760910e-02, Param MSE = 1.811093e-01, Grad norm = 1.185563e-07, Beta update rate = 6.624634e-08
Epoch 983800 (19.7%): Train pred MSE = 6.390679e-10, Test pred MSE = 1.760909e-02, Param MSE = 1.811093e-01, Grad norm = 1.184239e-07, Beta update rate = 6.617241e-08
Epoch 984000 (19.7%): Train pred MSE = 6.376671e-10, Test pred MSE = 1.760909e-02, Param MSE = 1.811093e-01, Grad norm = 1.182916e-07, Beta update rate = 6.609855e-08
Epoch 984200 (19.7%): Train pred MSE = 6.362694e-10, Test pred MSE = 1.760909e-02, Param MSE = 1.811092e-01, Grad norm = 1.181595e-07, Beta update rate = 6.602479e-08
Epoch 984400 (19.7%): Train pred MSE = 6.348748e-10, Test pred MSE = 1.760909e-02, Param MSE = 1.811092e-01, Grad norm = 1.180275e-07, Beta update rate = 6.595111e-08
Epoch 984600 (19.7%): Train pred MSE = 6.334833e-10, Test pred MSE = 1.760909e-02, Param MSE = 1.811092e-01, Grad norm = 1.178957e-07, Beta update rate = 6.587751e-08
Epoch 984800 (19.7%): Train pred MSE = 6.320949e-10, Test pred MSE = 1.760909e-02, Param MSE = 1.811092e-01, Grad norm = 1.177640e-07, Beta update rate = 6.580400e-08
Epoch 985000 (19.7%): Train pred MSE = 6.307096e-10, Test pred MSE = 1.760909e-02, Param MSE = 1.811092e-01, Grad norm = 1.176325e-07, Beta update rate = 6.573057e-08
Epoch 985200 (19.7%): Train pred MSE = 6.293274e-10, Test pred MSE = 1.760909e-02, Param MSE = 1.811092e-01, Grad norm = 1.175011e-07, Beta update rate = 6.565723e-08
Epoch 985400 (19.7%): Train pred MSE = 6.279483e-10, Test pred MSE = 1.760909e-02, Param MSE = 1.811091e-01, Grad norm = 1.173699e-07, Beta update rate = 6.558397e-08
Epoch 985600 (19.7%): Train pred MSE = 6.265723e-10, Test pred MSE = 1.760908e-02, Param MSE = 1.811091e-01, Grad norm = 1.172388e-07, Beta update rate = 6.551080e-08
Epoch 985800 (19.7%): Train pred MSE = 6.251994e-10, Test pred MSE = 1.760908e-02, Param MSE = 1.811091e-01, Grad norm = 1.171079e-07, Beta update rate = 6.543771e-08
Epoch 986000 (19.7%): Train pred MSE = 6.238295e-10, Test pred MSE = 1.760908e-02, Param MSE = 1.811091e-01, Grad norm = 1.169771e-07, Beta update rate = 6.536470e-08
Epoch 986200 (19.7%): Train pred MSE = 6.224627e-10, Test pred MSE = 1.760908e-02, Param MSE = 1.811091e-01, Grad norm = 1.168465e-07, Beta update rate = 6.529178e-08
Epoch 986400 (19.7%): Train pred MSE = 6.210989e-10, Test pred MSE = 1.760908e-02, Param MSE = 1.811091e-01, Grad norm = 1.167160e-07, Beta update rate = 6.521895e-08
Epoch 986600 (19.7%): Train pred MSE = 6.197382e-10, Test pred MSE = 1.760908e-02, Param MSE = 1.811090e-01, Grad norm = 1.165857e-07, Beta update rate = 6.514620e-08
Epoch 986800 (19.7%): Train pred MSE = 6.183805e-10, Test pred MSE = 1.760908e-02, Param MSE = 1.811090e-01, Grad norm = 1.164555e-07, Beta update rate = 6.507353e-08
Epoch 987000 (19.7%): Train pred MSE = 6.170258e-10, Test pred MSE = 1.760908e-02, Param MSE = 1.811090e-01, Grad norm = 1.163255e-07, Beta update rate = 6.500094e-08
Epoch 987200 (19.7%): Train pred MSE = 6.156742e-10, Test pred MSE = 1.760908e-02, Param MSE = 1.811090e-01, Grad norm = 1.161957e-07, Beta update rate = 6.492844e-08
Epoch 987400 (19.7%): Train pred MSE = 6.143255e-10, Test pred MSE = 1.760907e-02, Param MSE = 1.811090e-01, Grad norm = 1.160659e-07, Beta update rate = 6.485602e-08
Epoch 987600 (19.8%): Train pred MSE = 6.129799e-10, Test pred MSE = 1.760907e-02, Param MSE = 1.811090e-01, Grad norm = 1.159364e-07, Beta update rate = 6.478369e-08
Epoch 987800 (19.8%): Train pred MSE = 6.116373e-10, Test pred MSE = 1.760907e-02, Param MSE = 1.811089e-01, Grad norm = 1.158070e-07, Beta update rate = 6.471144e-08
Epoch 988000 (19.8%): Train pred MSE = 6.102977e-10, Test pred MSE = 1.760907e-02, Param MSE = 1.811089e-01, Grad norm = 1.156777e-07, Beta update rate = 6.463927e-08
Epoch 988200 (19.8%): Train pred MSE = 6.089611e-10, Test pred MSE = 1.760907e-02, Param MSE = 1.811089e-01, Grad norm = 1.155486e-07, Beta update rate = 6.456719e-08
Epoch 988400 (19.8%): Train pred MSE = 6.076274e-10, Test pred MSE = 1.760907e-02, Param MSE = 1.811089e-01, Grad norm = 1.154196e-07, Beta update rate = 6.449519e-08
Epoch 988600 (19.8%): Train pred MSE = 6.062968e-10, Test pred MSE = 1.760907e-02, Param MSE = 1.811089e-01, Grad norm = 1.152908e-07, Beta update rate = 6.442327e-08
Epoch 988800 (19.8%): Train pred MSE = 6.049691e-10, Test pred MSE = 1.760907e-02, Param MSE = 1.811089e-01, Grad norm = 1.151621e-07, Beta update rate = 6.435143e-08
Epoch 989000 (19.8%): Train pred MSE = 6.036443e-10, Test pred MSE = 1.760907e-02, Param MSE = 1.811088e-01, Grad norm = 1.150336e-07, Beta update rate = 6.427968e-08
Epoch 989200 (19.8%): Train pred MSE = 6.023225e-10, Test pred MSE = 1.760907e-02, Param MSE = 1.811088e-01, Grad norm = 1.149052e-07, Beta update rate = 6.420801e-08
Epoch 989400 (19.8%): Train pred MSE = 6.010037e-10, Test pred MSE = 1.760906e-02, Param MSE = 1.811088e-01, Grad norm = 1.147770e-07, Beta update rate = 6.413643e-08
Epoch 989600 (19.8%): Train pred MSE = 5.996878e-10, Test pred MSE = 1.760906e-02, Param MSE = 1.811088e-01, Grad norm = 1.146489e-07, Beta update rate = 6.406492e-08
Epoch 989800 (19.8%): Train pred MSE = 5.983748e-10, Test pred MSE = 1.760906e-02, Param MSE = 1.811088e-01, Grad norm = 1.145210e-07, Beta update rate = 6.399350e-08
Epoch 990000 (19.8%): Train pred MSE = 5.970648e-10, Test pred MSE = 1.760906e-02, Param MSE = 1.811088e-01, Grad norm = 1.143932e-07, Beta update rate = 6.392216e-08
Epoch 990200 (19.8%): Train pred MSE = 5.957577e-10, Test pred MSE = 1.760906e-02, Param MSE = 1.811087e-01, Grad norm = 1.142655e-07, Beta update rate = 6.385090e-08
Epoch 990400 (19.8%): Train pred MSE = 5.944535e-10, Test pred MSE = 1.760906e-02, Param MSE = 1.811087e-01, Grad norm = 1.141381e-07, Beta update rate = 6.377973e-08
Epoch 990600 (19.8%): Train pred MSE = 5.931522e-10, Test pred MSE = 1.760906e-02, Param MSE = 1.811087e-01, Grad norm = 1.140107e-07, Beta update rate = 6.370863e-08
Epoch 990800 (19.8%): Train pred MSE = 5.918538e-10, Test pred MSE = 1.760906e-02, Param MSE = 1.811087e-01, Grad norm = 1.138835e-07, Beta update rate = 6.363762e-08
Epoch 991000 (19.8%): Train pred MSE = 5.905583e-10, Test pred MSE = 1.760906e-02, Param MSE = 1.811087e-01, Grad norm = 1.137565e-07, Beta update rate = 6.356669e-08
Epoch 991200 (19.8%): Train pred MSE = 5.892657e-10, Test pred MSE = 1.760905e-02, Param MSE = 1.811087e-01, Grad norm = 1.136296e-07, Beta update rate = 6.349584e-08
Epoch 991400 (19.8%): Train pred MSE = 5.879760e-10, Test pred MSE = 1.760905e-02, Param MSE = 1.811086e-01, Grad norm = 1.135028e-07, Beta update rate = 6.342508e-08
Epoch 991600 (19.8%): Train pred MSE = 5.866892e-10, Test pred MSE = 1.760905e-02, Param MSE = 1.811086e-01, Grad norm = 1.133762e-07, Beta update rate = 6.335439e-08
Epoch 991800 (19.8%): Train pred MSE = 5.854052e-10, Test pred MSE = 1.760905e-02, Param MSE = 1.811086e-01, Grad norm = 1.132497e-07, Beta update rate = 6.328379e-08
Epoch 992000 (19.8%): Train pred MSE = 5.841241e-10, Test pred MSE = 1.760905e-02, Param MSE = 1.811086e-01, Grad norm = 1.131234e-07, Beta update rate = 6.321327e-08
Epoch 992200 (19.8%): Train pred MSE = 5.828459e-10, Test pred MSE = 1.760905e-02, Param MSE = 1.811086e-01, Grad norm = 1.129972e-07, Beta update rate = 6.314283e-08
Epoch 992400 (19.8%): Train pred MSE = 5.815704e-10, Test pred MSE = 1.760905e-02, Param MSE = 1.811086e-01, Grad norm = 1.128712e-07, Beta update rate = 6.307247e-08
Epoch 992600 (19.9%): Train pred MSE = 5.802979e-10, Test pred MSE = 1.760905e-02, Param MSE = 1.811085e-01, Grad norm = 1.127453e-07, Beta update rate = 6.300219e-08
Epoch 992800 (19.9%): Train pred MSE = 5.790282e-10, Test pred MSE = 1.760905e-02, Param MSE = 1.811085e-01, Grad norm = 1.126196e-07, Beta update rate = 6.293199e-08
Epoch 993000 (19.9%): Train pred MSE = 5.777613e-10, Test pred MSE = 1.760905e-02, Param MSE = 1.811085e-01, Grad norm = 1.124940e-07, Beta update rate = 6.286188e-08
Epoch 993200 (19.9%): Train pred MSE = 5.764972e-10, Test pred MSE = 1.760904e-02, Param MSE = 1.811085e-01, Grad norm = 1.123686e-07, Beta update rate = 6.279184e-08
Epoch 993400 (19.9%): Train pred MSE = 5.752360e-10, Test pred MSE = 1.760904e-02, Param MSE = 1.811085e-01, Grad norm = 1.122432e-07, Beta update rate = 6.272189e-08
Epoch 993600 (19.9%): Train pred MSE = 5.739775e-10, Test pred MSE = 1.760904e-02, Param MSE = 1.811085e-01, Grad norm = 1.121181e-07, Beta update rate = 6.265201e-08
Epoch 993800 (19.9%): Train pred MSE = 5.727219e-10, Test pred MSE = 1.760904e-02, Param MSE = 1.811085e-01, Grad norm = 1.119931e-07, Beta update rate = 6.258222e-08
Epoch 994000 (19.9%): Train pred MSE = 5.714690e-10, Test pred MSE = 1.760904e-02, Param MSE = 1.811084e-01, Grad norm = 1.118682e-07, Beta update rate = 6.251250e-08
Epoch 994200 (19.9%): Train pred MSE = 5.702190e-10, Test pred MSE = 1.760904e-02, Param MSE = 1.811084e-01, Grad norm = 1.117435e-07, Beta update rate = 6.244287e-08
Epoch 994400 (19.9%): Train pred MSE = 5.689717e-10, Test pred MSE = 1.760904e-02, Param MSE = 1.811084e-01, Grad norm = 1.116189e-07, Beta update rate = 6.237332e-08
Epoch 994600 (19.9%): Train pred MSE = 5.677273e-10, Test pred MSE = 1.760904e-02, Param MSE = 1.811084e-01, Grad norm = 1.114945e-07, Beta update rate = 6.230384e-08
Epoch 994800 (19.9%): Train pred MSE = 5.664856e-10, Test pred MSE = 1.760904e-02, Param MSE = 1.811084e-01, Grad norm = 1.113702e-07, Beta update rate = 6.223445e-08
Epoch 995000 (19.9%): Train pred MSE = 5.652466e-10, Test pred MSE = 1.760904e-02, Param MSE = 1.811084e-01, Grad norm = 1.112460e-07, Beta update rate = 6.216514e-08
Epoch 995200 (19.9%): Train pred MSE = 5.640104e-10, Test pred MSE = 1.760903e-02, Param MSE = 1.811083e-01, Grad norm = 1.111220e-07, Beta update rate = 6.209590e-08
Epoch 995400 (19.9%): Train pred MSE = 5.627770e-10, Test pred MSE = 1.760903e-02, Param MSE = 1.811083e-01, Grad norm = 1.109981e-07, Beta update rate = 6.202675e-08
Epoch 995600 (19.9%): Train pred MSE = 5.615463e-10, Test pred MSE = 1.760903e-02, Param MSE = 1.811083e-01, Grad norm = 1.108744e-07, Beta update rate = 6.195768e-08
Epoch 995800 (19.9%): Train pred MSE = 5.603184e-10, Test pred MSE = 1.760903e-02, Param MSE = 1.811083e-01, Grad norm = 1.107508e-07, Beta update rate = 6.188868e-08
Epoch 996000 (19.9%): Train pred MSE = 5.590932e-10, Test pred MSE = 1.760903e-02, Param MSE = 1.811083e-01, Grad norm = 1.106274e-07, Beta update rate = 6.181977e-08
Epoch 996200 (19.9%): Train pred MSE = 5.578707e-10, Test pred MSE = 1.760903e-02, Param MSE = 1.811083e-01, Grad norm = 1.105041e-07, Beta update rate = 6.175093e-08
Epoch 996400 (19.9%): Train pred MSE = 5.566510e-10, Test pred MSE = 1.760903e-02, Param MSE = 1.811082e-01, Grad norm = 1.103809e-07, Beta update rate = 6.168217e-08
Epoch 996600 (19.9%): Train pred MSE = 5.554340e-10, Test pred MSE = 1.760903e-02, Param MSE = 1.811082e-01, Grad norm = 1.102579e-07, Beta update rate = 6.161350e-08
Epoch 996800 (19.9%): Train pred MSE = 5.542197e-10, Test pred MSE = 1.760903e-02, Param MSE = 1.811082e-01, Grad norm = 1.101351e-07, Beta update rate = 6.154490e-08
Epoch 997000 (19.9%): Train pred MSE = 5.530080e-10, Test pred MSE = 1.760903e-02, Param MSE = 1.811082e-01, Grad norm = 1.100123e-07, Beta update rate = 6.147638e-08
Epoch 997200 (19.9%): Train pred MSE = 5.517991e-10, Test pred MSE = 1.760902e-02, Param MSE = 1.811082e-01, Grad norm = 1.098897e-07, Beta update rate = 6.140794e-08
Epoch 997400 (19.9%): Train pred MSE = 5.505929e-10, Test pred MSE = 1.760902e-02, Param MSE = 1.811082e-01, Grad norm = 1.097673e-07, Beta update rate = 6.133958e-08
Epoch 997600 (20.0%): Train pred MSE = 5.493894e-10, Test pred MSE = 1.760902e-02, Param MSE = 1.811082e-01, Grad norm = 1.096450e-07, Beta update rate = 6.127130e-08
Epoch 997800 (20.0%): Train pred MSE = 5.481885e-10, Test pred MSE = 1.760902e-02, Param MSE = 1.811081e-01, Grad norm = 1.095228e-07, Beta update rate = 6.120309e-08
Epoch 998000 (20.0%): Train pred MSE = 5.469903e-10, Test pred MSE = 1.760902e-02, Param MSE = 1.811081e-01, Grad norm = 1.094008e-07, Beta update rate = 6.113497e-08
Epoch 998200 (20.0%): Train pred MSE = 5.457948e-10, Test pred MSE = 1.760902e-02, Param MSE = 1.811081e-01, Grad norm = 1.092789e-07, Beta update rate = 6.106692e-08
Epoch 998400 (20.0%): Train pred MSE = 5.446020e-10, Test pred MSE = 1.760902e-02, Param MSE = 1.811081e-01, Grad norm = 1.091572e-07, Beta update rate = 6.099895e-08
Epoch 998600 (20.0%): Train pred MSE = 5.434118e-10, Test pred MSE = 1.760902e-02, Param MSE = 1.811081e-01, Grad norm = 1.090356e-07, Beta update rate = 6.093106e-08
Epoch 998800 (20.0%): Train pred MSE = 5.422243e-10, Test pred MSE = 1.760902e-02, Param MSE = 1.811081e-01, Grad norm = 1.089141e-07, Beta update rate = 6.086325e-08
Epoch 999000 (20.0%): Train pred MSE = 5.410394e-10, Test pred MSE = 1.760902e-02, Param MSE = 1.811080e-01, Grad norm = 1.087928e-07, Beta update rate = 6.079551e-08
Epoch 999200 (20.0%): Train pred MSE = 5.398571e-10, Test pred MSE = 1.760901e-02, Param MSE = 1.811080e-01, Grad norm = 1.086716e-07, Beta update rate = 6.072785e-08
Epoch 999400 (20.0%): Train pred MSE = 5.386775e-10, Test pred MSE = 1.760901e-02, Param MSE = 1.811080e-01, Grad norm = 1.085506e-07, Beta update rate = 6.066028e-08
Epoch 999600 (20.0%): Train pred MSE = 5.375005e-10, Test pred MSE = 1.760901e-02, Param MSE = 1.811080e-01, Grad norm = 1.084296e-07, Beta update rate = 6.059277e-08
Epoch 999800 (20.0%): Train pred MSE = 5.363261e-10, Test pred MSE = 1.760901e-02, Param MSE = 1.811080e-01, Grad norm = 1.083089e-07, Beta update rate = 6.052535e-08
Epoch 1000000 (20.0%): Train pred MSE = 5.351543e-10, Test pred MSE = 1.760901e-02, Param MSE = 1.811080e-01, Grad norm = 1.081883e-07, Beta update rate = 6.045801e-08
Epoch 1000200 (20.0%): Train pred MSE = 5.339852e-10, Test pred MSE = 1.760901e-02, Param MSE = 1.811079e-01, Grad norm = 1.080678e-07, Beta update rate = 6.039074e-08
Epoch 1000400 (20.0%): Train pred MSE = 5.328186e-10, Test pred MSE = 1.760901e-02, Param MSE = 1.811079e-01, Grad norm = 1.079474e-07, Beta update rate = 6.032355e-08
Epoch 1000600 (20.0%): Train pred MSE = 5.316547e-10, Test pred MSE = 1.760901e-02, Param MSE = 1.811079e-01, Grad norm = 1.078272e-07, Beta update rate = 6.025643e-08
Epoch 1000800 (20.0%): Train pred MSE = 5.304933e-10, Test pred MSE = 1.760901e-02, Param MSE = 1.811079e-01, Grad norm = 1.077071e-07, Beta update rate = 6.018940e-08
Epoch 1001000 (20.0%): Train pred MSE = 5.293345e-10, Test pred MSE = 1.760901e-02, Param MSE = 1.811079e-01, Grad norm = 1.075872e-07, Beta update rate = 6.012244e-08
Epoch 1001200 (20.0%): Train pred MSE = 5.281783e-10, Test pred MSE = 1.760900e-02, Param MSE = 1.811079e-01, Grad norm = 1.074674e-07, Beta update rate = 6.005556e-08
Epoch 1001400 (20.0%): Train pred MSE = 5.270247e-10, Test pred MSE = 1.760900e-02, Param MSE = 1.811079e-01, Grad norm = 1.073478e-07, Beta update rate = 5.998875e-08
Epoch 1001600 (20.0%): Train pred MSE = 5.258736e-10, Test pred MSE = 1.760900e-02, Param MSE = 1.811078e-01, Grad norm = 1.072282e-07, Beta update rate = 5.992202e-08
Epoch 1001800 (20.0%): Train pred MSE = 5.247251e-10, Test pred MSE = 1.760900e-02, Param MSE = 1.811078e-01, Grad norm = 1.071088e-07, Beta update rate = 5.985537e-08
Epoch 1002000 (20.0%): Train pred MSE = 5.235792e-10, Test pred MSE = 1.760900e-02, Param MSE = 1.811078e-01, Grad norm = 1.069896e-07, Beta update rate = 5.978880e-08
Epoch 1002200 (20.0%): Train pred MSE = 5.224358e-10, Test pred MSE = 1.760900e-02, Param MSE = 1.811078e-01, Grad norm = 1.068705e-07, Beta update rate = 5.972230e-08
Epoch 1002400 (20.0%): Train pred MSE = 5.212949e-10, Test pred MSE = 1.760900e-02, Param MSE = 1.811078e-01, Grad norm = 1.067515e-07, Beta update rate = 5.965588e-08
Epoch 1002600 (20.1%): Train pred MSE = 5.201566e-10, Test pred MSE = 1.760900e-02, Param MSE = 1.811078e-01, Grad norm = 1.066327e-07, Beta update rate = 5.958953e-08
Epoch 1002800 (20.1%): Train pred MSE = 5.190208e-10, Test pred MSE = 1.760900e-02, Param MSE = 1.811078e-01, Grad norm = 1.065140e-07, Beta update rate = 5.952326e-08
Epoch 1003000 (20.1%): Train pred MSE = 5.178876e-10, Test pred MSE = 1.760900e-02, Param MSE = 1.811077e-01, Grad norm = 1.063954e-07, Beta update rate = 5.945707e-08
Epoch 1003200 (20.1%): Train pred MSE = 5.167569e-10, Test pred MSE = 1.760899e-02, Param MSE = 1.811077e-01, Grad norm = 1.062770e-07, Beta update rate = 5.939095e-08
Epoch 1003400 (20.1%): Train pred MSE = 5.156286e-10, Test pred MSE = 1.760899e-02, Param MSE = 1.811077e-01, Grad norm = 1.061587e-07, Beta update rate = 5.932491e-08
Epoch 1003600 (20.1%): Train pred MSE = 5.145029e-10, Test pred MSE = 1.760899e-02, Param MSE = 1.811077e-01, Grad norm = 1.060406e-07, Beta update rate = 5.925895e-08
Epoch 1003800 (20.1%): Train pred MSE = 5.133797e-10, Test pred MSE = 1.760899e-02, Param MSE = 1.811077e-01, Grad norm = 1.059226e-07, Beta update rate = 5.919306e-08
Epoch 1004000 (20.1%): Train pred MSE = 5.122590e-10, Test pred MSE = 1.760899e-02, Param MSE = 1.811077e-01, Grad norm = 1.058047e-07, Beta update rate = 5.912725e-08
Epoch 1004200 (20.1%): Train pred MSE = 5.111408e-10, Test pred MSE = 1.760899e-02, Param MSE = 1.811076e-01, Grad norm = 1.056869e-07, Beta update rate = 5.906151e-08
Epoch 1004400 (20.1%): Train pred MSE = 5.100251e-10, Test pred MSE = 1.760899e-02, Param MSE = 1.811076e-01, Grad norm = 1.055693e-07, Beta update rate = 5.899585e-08
Epoch 1004600 (20.1%): Train pred MSE = 5.089119e-10, Test pred MSE = 1.760899e-02, Param MSE = 1.811076e-01, Grad norm = 1.054519e-07, Beta update rate = 5.893026e-08
Epoch 1004800 (20.1%): Train pred MSE = 5.078011e-10, Test pred MSE = 1.760899e-02, Param MSE = 1.811076e-01, Grad norm = 1.053345e-07, Beta update rate = 5.886475e-08
Epoch 1005000 (20.1%): Train pred MSE = 5.066928e-10, Test pred MSE = 1.760899e-02, Param MSE = 1.811076e-01, Grad norm = 1.052173e-07, Beta update rate = 5.879931e-08
Epoch 1005200 (20.1%): Train pred MSE = 5.055870e-10, Test pred MSE = 1.760899e-02, Param MSE = 1.811076e-01, Grad norm = 1.051002e-07, Beta update rate = 5.873395e-08
Epoch 1005400 (20.1%): Train pred MSE = 5.044836e-10, Test pred MSE = 1.760898e-02, Param MSE = 1.811076e-01, Grad norm = 1.049833e-07, Beta update rate = 5.866867e-08
Epoch 1005600 (20.1%): Train pred MSE = 5.033827e-10, Test pred MSE = 1.760898e-02, Param MSE = 1.811075e-01, Grad norm = 1.048665e-07, Beta update rate = 5.860346e-08
Epoch 1005800 (20.1%): Train pred MSE = 5.022842e-10, Test pred MSE = 1.760898e-02, Param MSE = 1.811075e-01, Grad norm = 1.047499e-07, Beta update rate = 5.853832e-08
Epoch 1006000 (20.1%): Train pred MSE = 5.011882e-10, Test pred MSE = 1.760898e-02, Param MSE = 1.811075e-01, Grad norm = 1.046333e-07, Beta update rate = 5.847326e-08
Epoch 1006200 (20.1%): Train pred MSE = 5.000946e-10, Test pred MSE = 1.760898e-02, Param MSE = 1.811075e-01, Grad norm = 1.045169e-07, Beta update rate = 5.840828e-08
Epoch 1006400 (20.1%): Train pred MSE = 4.990035e-10, Test pred MSE = 1.760898e-02, Param MSE = 1.811075e-01, Grad norm = 1.044007e-07, Beta update rate = 5.834337e-08
Epoch 1006600 (20.1%): Train pred MSE = 4.979147e-10, Test pred MSE = 1.760898e-02, Param MSE = 1.811075e-01, Grad norm = 1.042845e-07, Beta update rate = 5.827853e-08
Epoch 1006800 (20.1%): Train pred MSE = 4.968284e-10, Test pred MSE = 1.760898e-02, Param MSE = 1.811075e-01, Grad norm = 1.041685e-07, Beta update rate = 5.821377e-08
Epoch 1007000 (20.1%): Train pred MSE = 4.957445e-10, Test pred MSE = 1.760898e-02, Param MSE = 1.811074e-01, Grad norm = 1.040527e-07, Beta update rate = 5.814908e-08
Epoch 1007200 (20.1%): Train pred MSE = 4.946631e-10, Test pred MSE = 1.760898e-02, Param MSE = 1.811074e-01, Grad norm = 1.039370e-07, Beta update rate = 5.808447e-08
Epoch 1007400 (20.1%): Train pred MSE = 4.935840e-10, Test pred MSE = 1.760897e-02, Param MSE = 1.811074e-01, Grad norm = 1.038214e-07, Beta update rate = 5.801993e-08
Epoch 1007600 (20.2%): Train pred MSE = 4.925073e-10, Test pred MSE = 1.760897e-02, Param MSE = 1.811074e-01, Grad norm = 1.037059e-07, Beta update rate = 5.795547e-08
Epoch 1007800 (20.2%): Train pred MSE = 4.914330e-10, Test pred MSE = 1.760897e-02, Param MSE = 1.811074e-01, Grad norm = 1.035906e-07, Beta update rate = 5.789108e-08
Epoch 1008000 (20.2%): Train pred MSE = 4.903611e-10, Test pred MSE = 1.760897e-02, Param MSE = 1.811074e-01, Grad norm = 1.034754e-07, Beta update rate = 5.782676e-08
Epoch 1008200 (20.2%): Train pred MSE = 4.892916e-10, Test pred MSE = 1.760897e-02, Param MSE = 1.811073e-01, Grad norm = 1.033603e-07, Beta update rate = 5.776252e-08
Epoch 1008400 (20.2%): Train pred MSE = 4.882245e-10, Test pred MSE = 1.760897e-02, Param MSE = 1.811073e-01, Grad norm = 1.032454e-07, Beta update rate = 5.769835e-08
Epoch 1008600 (20.2%): Train pred MSE = 4.871597e-10, Test pred MSE = 1.760897e-02, Param MSE = 1.811073e-01, Grad norm = 1.031306e-07, Beta update rate = 5.763426e-08
Epoch 1008800 (20.2%): Train pred MSE = 4.860973e-10, Test pred MSE = 1.760897e-02, Param MSE = 1.811073e-01, Grad norm = 1.030159e-07, Beta update rate = 5.757023e-08
Epoch 1009000 (20.2%): Train pred MSE = 4.850373e-10, Test pred MSE = 1.760897e-02, Param MSE = 1.811073e-01, Grad norm = 1.029014e-07, Beta update rate = 5.750629e-08
Epoch 1009200 (20.2%): Train pred MSE = 4.839796e-10, Test pred MSE = 1.760897e-02, Param MSE = 1.811073e-01, Grad norm = 1.027870e-07, Beta update rate = 5.744241e-08
Epoch 1009400 (20.2%): Train pred MSE = 4.829242e-10, Test pred MSE = 1.760897e-02, Param MSE = 1.811073e-01, Grad norm = 1.026727e-07, Beta update rate = 5.737861e-08
Epoch 1009600 (20.2%): Train pred MSE = 4.818713e-10, Test pred MSE = 1.760896e-02, Param MSE = 1.811072e-01, Grad norm = 1.025586e-07, Beta update rate = 5.731488e-08
Epoch 1009800 (20.2%): Train pred MSE = 4.808206e-10, Test pred MSE = 1.760896e-02, Param MSE = 1.811072e-01, Grad norm = 1.024445e-07, Beta update rate = 5.725123e-08
Epoch 1010000 (20.2%): Train pred MSE = 4.797723e-10, Test pred MSE = 1.760896e-02, Param MSE = 1.811072e-01, Grad norm = 1.023307e-07, Beta update rate = 5.718765e-08
Epoch 1010200 (20.2%): Train pred MSE = 4.787263e-10, Test pred MSE = 1.760896e-02, Param MSE = 1.811072e-01, Grad norm = 1.022169e-07, Beta update rate = 5.712414e-08
Epoch 1010400 (20.2%): Train pred MSE = 4.776827e-10, Test pred MSE = 1.760896e-02, Param MSE = 1.811072e-01, Grad norm = 1.021033e-07, Beta update rate = 5.706071e-08
Epoch 1010600 (20.2%): Train pred MSE = 4.766413e-10, Test pred MSE = 1.760896e-02, Param MSE = 1.811072e-01, Grad norm = 1.019898e-07, Beta update rate = 5.699735e-08
Epoch 1010800 (20.2%): Train pred MSE = 4.756023e-10, Test pred MSE = 1.760896e-02, Param MSE = 1.811072e-01, Grad norm = 1.018765e-07, Beta update rate = 5.693406e-08
Epoch 1011000 (20.2%): Train pred MSE = 4.745656e-10, Test pred MSE = 1.760896e-02, Param MSE = 1.811071e-01, Grad norm = 1.017632e-07, Beta update rate = 5.687084e-08
Epoch 1011200 (20.2%): Train pred MSE = 4.735311e-10, Test pred MSE = 1.760896e-02, Param MSE = 1.811071e-01, Grad norm = 1.016501e-07, Beta update rate = 5.680770e-08
Epoch 1011400 (20.2%): Train pred MSE = 4.724990e-10, Test pred MSE = 1.760896e-02, Param MSE = 1.811071e-01, Grad norm = 1.015372e-07, Beta update rate = 5.674462e-08
Epoch 1011600 (20.2%): Train pred MSE = 4.714692e-10, Test pred MSE = 1.760895e-02, Param MSE = 1.811071e-01, Grad norm = 1.014243e-07, Beta update rate = 5.668163e-08
Epoch 1011800 (20.2%): Train pred MSE = 4.704417e-10, Test pred MSE = 1.760895e-02, Param MSE = 1.811071e-01, Grad norm = 1.013116e-07, Beta update rate = 5.661870e-08
Epoch 1012000 (20.2%): Train pred MSE = 4.694164e-10, Test pred MSE = 1.760895e-02, Param MSE = 1.811071e-01, Grad norm = 1.011991e-07, Beta update rate = 5.655585e-08
Epoch 1012200 (20.2%): Train pred MSE = 4.683934e-10, Test pred MSE = 1.760895e-02, Param MSE = 1.811071e-01, Grad norm = 1.010866e-07, Beta update rate = 5.649306e-08
Epoch 1012400 (20.2%): Train pred MSE = 4.673727e-10, Test pred MSE = 1.760895e-02, Param MSE = 1.811070e-01, Grad norm = 1.009743e-07, Beta update rate = 5.643035e-08
Epoch 1012600 (20.3%): Train pred MSE = 4.663543e-10, Test pred MSE = 1.760895e-02, Param MSE = 1.811070e-01, Grad norm = 1.008621e-07, Beta update rate = 5.636772e-08
Epoch 1012800 (20.3%): Train pred MSE = 4.653381e-10, Test pred MSE = 1.760895e-02, Param MSE = 1.811070e-01, Grad norm = 1.007500e-07, Beta update rate = 5.630515e-08
Epoch 1013000 (20.3%): Train pred MSE = 4.643242e-10, Test pred MSE = 1.760895e-02, Param MSE = 1.811070e-01, Grad norm = 1.006381e-07, Beta update rate = 5.624266e-08
Epoch 1013200 (20.3%): Train pred MSE = 4.633125e-10, Test pred MSE = 1.760895e-02, Param MSE = 1.811070e-01, Grad norm = 1.005263e-07, Beta update rate = 5.618023e-08
Epoch 1013400 (20.3%): Train pred MSE = 4.623031e-10, Test pred MSE = 1.760895e-02, Param MSE = 1.811070e-01, Grad norm = 1.004146e-07, Beta update rate = 5.611788e-08
Epoch 1013600 (20.3%): Train pred MSE = 4.612959e-10, Test pred MSE = 1.760895e-02, Param MSE = 1.811070e-01, Grad norm = 1.003031e-07, Beta update rate = 5.605560e-08
Epoch 1013800 (20.3%): Train pred MSE = 4.602910e-10, Test pred MSE = 1.760894e-02, Param MSE = 1.811069e-01, Grad norm = 1.001917e-07, Beta update rate = 5.599340e-08
Epoch 1014000 (20.3%): Train pred MSE = 4.592883e-10, Test pred MSE = 1.760894e-02, Param MSE = 1.811069e-01, Grad norm = 1.000804e-07, Beta update rate = 5.593126e-08
Epoch 1014200 (20.3%): Train pred MSE = 4.582878e-10, Test pred MSE = 1.760894e-02, Param MSE = 1.811069e-01, Grad norm = 9.996922e-08, Beta update rate = 5.586920e-08
Epoch 1014400 (20.3%): Train pred MSE = 4.572895e-10, Test pred MSE = 1.760894e-02, Param MSE = 1.811069e-01, Grad norm = 9.985818e-08, Beta update rate = 5.580720e-08
Epoch 1014600 (20.3%): Train pred MSE = 4.562934e-10, Test pred MSE = 1.760894e-02, Param MSE = 1.811069e-01, Grad norm = 9.974728e-08, Beta update rate = 5.574528e-08
Epoch 1014800 (20.3%): Train pred MSE = 4.552996e-10, Test pred MSE = 1.760894e-02, Param MSE = 1.811069e-01, Grad norm = 9.963650e-08, Beta update rate = 5.568343e-08
Epoch 1015000 (20.3%): Train pred MSE = 4.543080e-10, Test pred MSE = 1.760894e-02, Param MSE = 1.811069e-01, Grad norm = 9.952585e-08, Beta update rate = 5.562165e-08
Epoch 1015200 (20.3%): Train pred MSE = 4.533185e-10, Test pred MSE = 1.760894e-02, Param MSE = 1.811068e-01, Grad norm = 9.941532e-08, Beta update rate = 5.555994e-08
Epoch 1015400 (20.3%): Train pred MSE = 4.523313e-10, Test pred MSE = 1.760894e-02, Param MSE = 1.811068e-01, Grad norm = 9.930493e-08, Beta update rate = 5.549830e-08
Epoch 1015600 (20.3%): Train pred MSE = 4.513463e-10, Test pred MSE = 1.760894e-02, Param MSE = 1.811068e-01, Grad norm = 9.919466e-08, Beta update rate = 5.543673e-08
Epoch 1015800 (20.3%): Train pred MSE = 4.503634e-10, Test pred MSE = 1.760894e-02, Param MSE = 1.811068e-01, Grad norm = 9.908451e-08, Beta update rate = 5.537524e-08
Epoch 1016000 (20.3%): Train pred MSE = 4.493827e-10, Test pred MSE = 1.760893e-02, Param MSE = 1.811068e-01, Grad norm = 9.897449e-08, Beta update rate = 5.531381e-08
Epoch 1016200 (20.3%): Train pred MSE = 4.484042e-10, Test pred MSE = 1.760893e-02, Param MSE = 1.811068e-01, Grad norm = 9.886460e-08, Beta update rate = 5.525245e-08
Epoch 1016400 (20.3%): Train pred MSE = 4.474279e-10, Test pred MSE = 1.760893e-02, Param MSE = 1.811068e-01, Grad norm = 9.875484e-08, Beta update rate = 5.519117e-08
Epoch 1016600 (20.3%): Train pred MSE = 4.464537e-10, Test pred MSE = 1.760893e-02, Param MSE = 1.811067e-01, Grad norm = 9.864520e-08, Beta update rate = 5.512995e-08
Epoch 1016800 (20.3%): Train pred MSE = 4.454817e-10, Test pred MSE = 1.760893e-02, Param MSE = 1.811067e-01, Grad norm = 9.853569e-08, Beta update rate = 5.506881e-08
Epoch 1017000 (20.3%): Train pred MSE = 4.445119e-10, Test pred MSE = 1.760893e-02, Param MSE = 1.811067e-01, Grad norm = 9.842630e-08, Beta update rate = 5.500773e-08
Epoch 1017200 (20.3%): Train pred MSE = 4.435442e-10, Test pred MSE = 1.760893e-02, Param MSE = 1.811067e-01, Grad norm = 9.831704e-08, Beta update rate = 5.494673e-08
Epoch 1017400 (20.3%): Train pred MSE = 4.425787e-10, Test pred MSE = 1.760893e-02, Param MSE = 1.811067e-01, Grad norm = 9.820790e-08, Beta update rate = 5.488579e-08
Epoch 1017600 (20.4%): Train pred MSE = 4.416153e-10, Test pred MSE = 1.760893e-02, Param MSE = 1.811067e-01, Grad norm = 9.809889e-08, Beta update rate = 5.482493e-08
Epoch 1017800 (20.4%): Train pred MSE = 4.406540e-10, Test pred MSE = 1.760893e-02, Param MSE = 1.811067e-01, Grad norm = 9.799001e-08, Beta update rate = 5.476414e-08
Epoch 1018000 (20.4%): Train pred MSE = 4.396949e-10, Test pred MSE = 1.760893e-02, Param MSE = 1.811066e-01, Grad norm = 9.788125e-08, Beta update rate = 5.470341e-08
Epoch 1018200 (20.4%): Train pred MSE = 4.387379e-10, Test pred MSE = 1.760892e-02, Param MSE = 1.811066e-01, Grad norm = 9.777261e-08, Beta update rate = 5.464276e-08
Epoch 1018400 (20.4%): Train pred MSE = 4.377830e-10, Test pred MSE = 1.760892e-02, Param MSE = 1.811066e-01, Grad norm = 9.766410e-08, Beta update rate = 5.458217e-08
Epoch 1018600 (20.4%): Train pred MSE = 4.368302e-10, Test pred MSE = 1.760892e-02, Param MSE = 1.811066e-01, Grad norm = 9.755571e-08, Beta update rate = 5.452165e-08
Epoch 1018800 (20.4%): Train pred MSE = 4.358796e-10, Test pred MSE = 1.760892e-02, Param MSE = 1.811066e-01, Grad norm = 9.744745e-08, Beta update rate = 5.446121e-08
Epoch 1019000 (20.4%): Train pred MSE = 4.349310e-10, Test pred MSE = 1.760892e-02, Param MSE = 1.811066e-01, Grad norm = 9.733932e-08, Beta update rate = 5.440083e-08
Epoch 1019200 (20.4%): Train pred MSE = 4.339846e-10, Test pred MSE = 1.760892e-02, Param MSE = 1.811066e-01, Grad norm = 9.723130e-08, Beta update rate = 5.434052e-08
Epoch 1019400 (20.4%): Train pred MSE = 4.330403e-10, Test pred MSE = 1.760892e-02, Param MSE = 1.811065e-01, Grad norm = 9.712341e-08, Beta update rate = 5.428028e-08
Epoch 1019600 (20.4%): Train pred MSE = 4.320980e-10, Test pred MSE = 1.760892e-02, Param MSE = 1.811065e-01, Grad norm = 9.701565e-08, Beta update rate = 5.422011e-08
Epoch 1019800 (20.4%): Train pred MSE = 4.311579e-10, Test pred MSE = 1.760892e-02, Param MSE = 1.811065e-01, Grad norm = 9.690801e-08, Beta update rate = 5.416001e-08
Epoch 1020000 (20.4%): Train pred MSE = 4.302198e-10, Test pred MSE = 1.760892e-02, Param MSE = 1.811065e-01, Grad norm = 9.680049e-08, Beta update rate = 5.409998e-08
Epoch 1020200 (20.4%): Train pred MSE = 4.292838e-10, Test pred MSE = 1.760892e-02, Param MSE = 1.811065e-01, Grad norm = 9.669309e-08, Beta update rate = 5.404002e-08
Epoch 1020400 (20.4%): Train pred MSE = 4.283499e-10, Test pred MSE = 1.760892e-02, Param MSE = 1.811065e-01, Grad norm = 9.658582e-08, Beta update rate = 5.398012e-08
Epoch 1020600 (20.4%): Train pred MSE = 4.274181e-10, Test pred MSE = 1.760891e-02, Param MSE = 1.811065e-01, Grad norm = 9.647867e-08, Beta update rate = 5.392030e-08
Epoch 1020800 (20.4%): Train pred MSE = 4.264883e-10, Test pred MSE = 1.760891e-02, Param MSE = 1.811065e-01, Grad norm = 9.637165e-08, Beta update rate = 5.386054e-08
Epoch 1021000 (20.4%): Train pred MSE = 4.255606e-10, Test pred MSE = 1.760891e-02, Param MSE = 1.811064e-01, Grad norm = 9.626475e-08, Beta update rate = 5.380085e-08
Epoch 1021200 (20.4%): Train pred MSE = 4.246349e-10, Test pred MSE = 1.760891e-02, Param MSE = 1.811064e-01, Grad norm = 9.615797e-08, Beta update rate = 5.374123e-08
Epoch 1021400 (20.4%): Train pred MSE = 4.237113e-10, Test pred MSE = 1.760891e-02, Param MSE = 1.811064e-01, Grad norm = 9.605131e-08, Beta update rate = 5.368168e-08
Epoch 1021600 (20.4%): Train pred MSE = 4.227898e-10, Test pred MSE = 1.760891e-02, Param MSE = 1.811064e-01, Grad norm = 9.594478e-08, Beta update rate = 5.362220e-08
Epoch 1021800 (20.4%): Train pred MSE = 4.218703e-10, Test pred MSE = 1.760891e-02, Param MSE = 1.811064e-01, Grad norm = 9.583836e-08, Beta update rate = 5.356278e-08
Epoch 1022000 (20.4%): Train pred MSE = 4.209528e-10, Test pred MSE = 1.760891e-02, Param MSE = 1.811064e-01, Grad norm = 9.573207e-08, Beta update rate = 5.350344e-08
Epoch 1022200 (20.4%): Train pred MSE = 4.200374e-10, Test pred MSE = 1.760891e-02, Param MSE = 1.811064e-01, Grad norm = 9.562591e-08, Beta update rate = 5.344416e-08
Epoch 1022400 (20.4%): Train pred MSE = 4.191239e-10, Test pred MSE = 1.760891e-02, Param MSE = 1.811063e-01, Grad norm = 9.551986e-08, Beta update rate = 5.338495e-08
Epoch 1022600 (20.5%): Train pred MSE = 4.182126e-10, Test pred MSE = 1.760891e-02, Param MSE = 1.811063e-01, Grad norm = 9.541393e-08, Beta update rate = 5.332580e-08
Epoch 1022800 (20.5%): Train pred MSE = 4.173032e-10, Test pred MSE = 1.760890e-02, Param MSE = 1.811063e-01, Grad norm = 9.530813e-08, Beta update rate = 5.326673e-08
Epoch 1023000 (20.5%): Train pred MSE = 4.163958e-10, Test pred MSE = 1.760890e-02, Param MSE = 1.811063e-01, Grad norm = 9.520245e-08, Beta update rate = 5.320772e-08
Epoch 1023200 (20.5%): Train pred MSE = 4.154905e-10, Test pred MSE = 1.760890e-02, Param MSE = 1.811063e-01, Grad norm = 9.509689e-08, Beta update rate = 5.314878e-08
Epoch 1023400 (20.5%): Train pred MSE = 4.145872e-10, Test pred MSE = 1.760890e-02, Param MSE = 1.811063e-01, Grad norm = 9.499145e-08, Beta update rate = 5.308991e-08
Epoch 1023600 (20.5%): Train pred MSE = 4.136858e-10, Test pred MSE = 1.760890e-02, Param MSE = 1.811063e-01, Grad norm = 9.488613e-08, Beta update rate = 5.303111e-08
Epoch 1023800 (20.5%): Train pred MSE = 4.127865e-10, Test pred MSE = 1.760890e-02, Param MSE = 1.811062e-01, Grad norm = 9.478093e-08, Beta update rate = 5.297237e-08
Epoch 1024000 (20.5%): Train pred MSE = 4.118892e-10, Test pred MSE = 1.760890e-02, Param MSE = 1.811062e-01, Grad norm = 9.467586e-08, Beta update rate = 5.291370e-08
Epoch 1024200 (20.5%): Train pred MSE = 4.109938e-10, Test pred MSE = 1.760890e-02, Param MSE = 1.811062e-01, Grad norm = 9.457090e-08, Beta update rate = 5.285510e-08
Epoch 1024400 (20.5%): Train pred MSE = 4.101005e-10, Test pred MSE = 1.760890e-02, Param MSE = 1.811062e-01, Grad norm = 9.446606e-08, Beta update rate = 5.279656e-08
Epoch 1024600 (20.5%): Train pred MSE = 4.092091e-10, Test pred MSE = 1.760890e-02, Param MSE = 1.811062e-01, Grad norm = 9.436135e-08, Beta update rate = 5.273809e-08
Epoch 1024800 (20.5%): Train pred MSE = 4.083197e-10, Test pred MSE = 1.760890e-02, Param MSE = 1.811062e-01, Grad norm = 9.425675e-08, Beta update rate = 5.267969e-08
Epoch 1025000 (20.5%): Train pred MSE = 4.074322e-10, Test pred MSE = 1.760890e-02, Param MSE = 1.811062e-01, Grad norm = 9.415228e-08, Beta update rate = 5.262136e-08
Epoch 1025200 (20.5%): Train pred MSE = 4.065467e-10, Test pred MSE = 1.760889e-02, Param MSE = 1.811062e-01, Grad norm = 9.404792e-08, Beta update rate = 5.256309e-08
Epoch 1025400 (20.5%): Train pred MSE = 4.056632e-10, Test pred MSE = 1.760889e-02, Param MSE = 1.811061e-01, Grad norm = 9.394369e-08, Beta update rate = 5.250489e-08
Epoch 1025600 (20.5%): Train pred MSE = 4.047817e-10, Test pred MSE = 1.760889e-02, Param MSE = 1.811061e-01, Grad norm = 9.383957e-08, Beta update rate = 5.244676e-08
Epoch 1025800 (20.5%): Train pred MSE = 4.039021e-10, Test pred MSE = 1.760889e-02, Param MSE = 1.811061e-01, Grad norm = 9.373557e-08, Beta update rate = 5.238869e-08
Epoch 1026000 (20.5%): Train pred MSE = 4.030244e-10, Test pred MSE = 1.760889e-02, Param MSE = 1.811061e-01, Grad norm = 9.363169e-08, Beta update rate = 5.233069e-08
Epoch 1026200 (20.5%): Train pred MSE = 4.021487e-10, Test pred MSE = 1.760889e-02, Param MSE = 1.811061e-01, Grad norm = 9.352794e-08, Beta update rate = 5.227275e-08
Epoch 1026400 (20.5%): Train pred MSE = 4.012749e-10, Test pred MSE = 1.760889e-02, Param MSE = 1.811061e-01, Grad norm = 9.342430e-08, Beta update rate = 5.221489e-08
Epoch 1026600 (20.5%): Train pred MSE = 4.004031e-10, Test pred MSE = 1.760889e-02, Param MSE = 1.811061e-01, Grad norm = 9.332078e-08, Beta update rate = 5.215709e-08
Epoch 1026800 (20.5%): Train pred MSE = 3.995332e-10, Test pred MSE = 1.760889e-02, Param MSE = 1.811060e-01, Grad norm = 9.321737e-08, Beta update rate = 5.209935e-08
Epoch 1027000 (20.5%): Train pred MSE = 3.986652e-10, Test pred MSE = 1.760889e-02, Param MSE = 1.811060e-01, Grad norm = 9.311409e-08, Beta update rate = 5.204168e-08
Epoch 1027200 (20.5%): Train pred MSE = 3.977992e-10, Test pred MSE = 1.760889e-02, Param MSE = 1.811060e-01, Grad norm = 9.301092e-08, Beta update rate = 5.198408e-08
Epoch 1027400 (20.5%): Train pred MSE = 3.969350e-10, Test pred MSE = 1.760888e-02, Param MSE = 1.811060e-01, Grad norm = 9.290788e-08, Beta update rate = 5.192654e-08
Epoch 1027600 (20.6%): Train pred MSE = 3.960728e-10, Test pred MSE = 1.760888e-02, Param MSE = 1.811060e-01, Grad norm = 9.280495e-08, Beta update rate = 5.186907e-08
Epoch 1027800 (20.6%): Train pred MSE = 3.952125e-10, Test pred MSE = 1.760888e-02, Param MSE = 1.811060e-01, Grad norm = 9.270214e-08, Beta update rate = 5.181167e-08
Epoch 1028000 (20.6%): Train pred MSE = 3.943541e-10, Test pred MSE = 1.760888e-02, Param MSE = 1.811060e-01, Grad norm = 9.259945e-08, Beta update rate = 5.175433e-08
Epoch 1028200 (20.6%): Train pred MSE = 3.934976e-10, Test pred MSE = 1.760888e-02, Param MSE = 1.811060e-01, Grad norm = 9.249687e-08, Beta update rate = 5.169705e-08
Epoch 1028400 (20.6%): Train pred MSE = 3.926429e-10, Test pred MSE = 1.760888e-02, Param MSE = 1.811059e-01, Grad norm = 9.239441e-08, Beta update rate = 5.163984e-08
Epoch 1028600 (20.6%): Train pred MSE = 3.917902e-10, Test pred MSE = 1.760888e-02, Param MSE = 1.811059e-01, Grad norm = 9.229207e-08, Beta update rate = 5.158270e-08
Epoch 1028800 (20.6%): Train pred MSE = 3.909394e-10, Test pred MSE = 1.760888e-02, Param MSE = 1.811059e-01, Grad norm = 9.218985e-08, Beta update rate = 5.152562e-08
Epoch 1029000 (20.6%): Train pred MSE = 3.900904e-10, Test pred MSE = 1.760888e-02, Param MSE = 1.811059e-01, Grad norm = 9.208775e-08, Beta update rate = 5.146861e-08
Epoch 1029200 (20.6%): Train pred MSE = 3.892434e-10, Test pred MSE = 1.760888e-02, Param MSE = 1.811059e-01, Grad norm = 9.198576e-08, Beta update rate = 5.141167e-08
Epoch 1029400 (20.6%): Train pred MSE = 3.883982e-10, Test pred MSE = 1.760888e-02, Param MSE = 1.811059e-01, Grad norm = 9.188389e-08, Beta update rate = 5.135479e-08
Epoch 1029600 (20.6%): Train pred MSE = 3.875549e-10, Test pred MSE = 1.760888e-02, Param MSE = 1.811059e-01, Grad norm = 9.178213e-08, Beta update rate = 5.129797e-08
Epoch 1029800 (20.6%): Train pred MSE = 3.867134e-10, Test pred MSE = 1.760887e-02, Param MSE = 1.811058e-01, Grad norm = 9.168049e-08, Beta update rate = 5.124122e-08
Epoch 1030000 (20.6%): Train pred MSE = 3.858738e-10, Test pred MSE = 1.760887e-02, Param MSE = 1.811058e-01, Grad norm = 9.157897e-08, Beta update rate = 5.118453e-08
Epoch 1030200 (20.6%): Train pred MSE = 3.850361e-10, Test pred MSE = 1.760887e-02, Param MSE = 1.811058e-01, Grad norm = 9.147757e-08, Beta update rate = 5.112791e-08
Epoch 1030400 (20.6%): Train pred MSE = 3.842002e-10, Test pred MSE = 1.760887e-02, Param MSE = 1.811058e-01, Grad norm = 9.137628e-08, Beta update rate = 5.107136e-08
Epoch 1030600 (20.6%): Train pred MSE = 3.833662e-10, Test pred MSE = 1.760887e-02, Param MSE = 1.811058e-01, Grad norm = 9.127511e-08, Beta update rate = 5.101486e-08
Epoch 1030800 (20.6%): Train pred MSE = 3.825340e-10, Test pred MSE = 1.760887e-02, Param MSE = 1.811058e-01, Grad norm = 9.117405e-08, Beta update rate = 5.095844e-08
Epoch 1031000 (20.6%): Train pred MSE = 3.817036e-10, Test pred MSE = 1.760887e-02, Param MSE = 1.811058e-01, Grad norm = 9.107311e-08, Beta update rate = 5.090208e-08
Epoch 1031200 (20.6%): Train pred MSE = 3.808751e-10, Test pred MSE = 1.760887e-02, Param MSE = 1.811058e-01, Grad norm = 9.097228e-08, Beta update rate = 5.084578e-08
Epoch 1031400 (20.6%): Train pred MSE = 3.800485e-10, Test pred MSE = 1.760887e-02, Param MSE = 1.811057e-01, Grad norm = 9.087157e-08, Beta update rate = 5.078955e-08
Epoch 1031600 (20.6%): Train pred MSE = 3.792236e-10, Test pred MSE = 1.760887e-02, Param MSE = 1.811057e-01, Grad norm = 9.077098e-08, Beta update rate = 5.073338e-08
Epoch 1031800 (20.6%): Train pred MSE = 3.784006e-10, Test pred MSE = 1.760887e-02, Param MSE = 1.811057e-01, Grad norm = 9.067050e-08, Beta update rate = 5.067727e-08
Epoch 1032000 (20.6%): Train pred MSE = 3.775794e-10, Test pred MSE = 1.760887e-02, Param MSE = 1.811057e-01, Grad norm = 9.057014e-08, Beta update rate = 5.062123e-08
Epoch 1032200 (20.6%): Train pred MSE = 3.767600e-10, Test pred MSE = 1.760886e-02, Param MSE = 1.811057e-01, Grad norm = 9.046989e-08, Beta update rate = 5.056526e-08
Epoch 1032400 (20.6%): Train pred MSE = 3.759424e-10, Test pred MSE = 1.760886e-02, Param MSE = 1.811057e-01, Grad norm = 9.036975e-08, Beta update rate = 5.050935e-08
Epoch 1032600 (20.7%): Train pred MSE = 3.751267e-10, Test pred MSE = 1.760886e-02, Param MSE = 1.811057e-01, Grad norm = 9.026973e-08, Beta update rate = 5.045350e-08
Epoch 1032800 (20.7%): Train pred MSE = 3.743127e-10, Test pred MSE = 1.760886e-02, Param MSE = 1.811057e-01, Grad norm = 9.016983e-08, Beta update rate = 5.039771e-08
Epoch 1033000 (20.7%): Train pred MSE = 3.735006e-10, Test pred MSE = 1.760886e-02, Param MSE = 1.811056e-01, Grad norm = 9.007004e-08, Beta update rate = 5.034199e-08
Epoch 1033200 (20.7%): Train pred MSE = 3.726902e-10, Test pred MSE = 1.760886e-02, Param MSE = 1.811056e-01, Grad norm = 8.997036e-08, Beta update rate = 5.028634e-08
Epoch 1033400 (20.7%): Train pred MSE = 3.718817e-10, Test pred MSE = 1.760886e-02, Param MSE = 1.811056e-01, Grad norm = 8.987080e-08, Beta update rate = 5.023075e-08
Epoch 1033600 (20.7%): Train pred MSE = 3.710749e-10, Test pred MSE = 1.760886e-02, Param MSE = 1.811056e-01, Grad norm = 8.977135e-08, Beta update rate = 5.017522e-08
Epoch 1033800 (20.7%): Train pred MSE = 3.702699e-10, Test pred MSE = 1.760886e-02, Param MSE = 1.811056e-01, Grad norm = 8.967202e-08, Beta update rate = 5.011975e-08
Epoch 1034000 (20.7%): Train pred MSE = 3.694667e-10, Test pred MSE = 1.760886e-02, Param MSE = 1.811056e-01, Grad norm = 8.957280e-08, Beta update rate = 5.006435e-08
Epoch 1034200 (20.7%): Train pred MSE = 3.686652e-10, Test pred MSE = 1.760886e-02, Param MSE = 1.811056e-01, Grad norm = 8.947369e-08, Beta update rate = 5.000901e-08
Epoch 1034400 (20.7%): Train pred MSE = 3.678656e-10, Test pred MSE = 1.760886e-02, Param MSE = 1.811056e-01, Grad norm = 8.937470e-08, Beta update rate = 4.995374e-08
Epoch 1034600 (20.7%): Train pred MSE = 3.670677e-10, Test pred MSE = 1.760886e-02, Param MSE = 1.811055e-01, Grad norm = 8.927582e-08, Beta update rate = 4.989853e-08
Epoch 1034800 (20.7%): Train pred MSE = 3.662716e-10, Test pred MSE = 1.760885e-02, Param MSE = 1.811055e-01, Grad norm = 8.917706e-08, Beta update rate = 4.984338e-08
Epoch 1035000 (20.7%): Train pred MSE = 3.654772e-10, Test pred MSE = 1.760885e-02, Param MSE = 1.811055e-01, Grad norm = 8.907840e-08, Beta update rate = 4.978829e-08
Epoch 1035200 (20.7%): Train pred MSE = 3.646846e-10, Test pred MSE = 1.760885e-02, Param MSE = 1.811055e-01, Grad norm = 8.897986e-08, Beta update rate = 4.973327e-08
Epoch 1035400 (20.7%): Train pred MSE = 3.638937e-10, Test pred MSE = 1.760885e-02, Param MSE = 1.811055e-01, Grad norm = 8.888143e-08, Beta update rate = 4.967831e-08
Epoch 1035600 (20.7%): Train pred MSE = 3.631046e-10, Test pred MSE = 1.760885e-02, Param MSE = 1.811055e-01, Grad norm = 8.878312e-08, Beta update rate = 4.962341e-08
Epoch 1035800 (20.7%): Train pred MSE = 3.623172e-10, Test pred MSE = 1.760885e-02, Param MSE = 1.811055e-01, Grad norm = 8.868492e-08, Beta update rate = 4.956858e-08
Epoch 1036000 (20.7%): Train pred MSE = 3.615316e-10, Test pred MSE = 1.760885e-02, Param MSE = 1.811055e-01, Grad norm = 8.858683e-08, Beta update rate = 4.951381e-08
Epoch 1036200 (20.7%): Train pred MSE = 3.607477e-10, Test pred MSE = 1.760885e-02, Param MSE = 1.811054e-01, Grad norm = 8.848885e-08, Beta update rate = 4.945910e-08
Epoch 1036400 (20.7%): Train pred MSE = 3.599656e-10, Test pred MSE = 1.760885e-02, Param MSE = 1.811054e-01, Grad norm = 8.839099e-08, Beta update rate = 4.940445e-08
Epoch 1036600 (20.7%): Train pred MSE = 3.591852e-10, Test pred MSE = 1.760885e-02, Param MSE = 1.811054e-01, Grad norm = 8.829323e-08, Beta update rate = 4.934987e-08
Epoch 1036800 (20.7%): Train pred MSE = 3.584065e-10, Test pred MSE = 1.760885e-02, Param MSE = 1.811054e-01, Grad norm = 8.819559e-08, Beta update rate = 4.929535e-08
Epoch 1037000 (20.7%): Train pred MSE = 3.576295e-10, Test pred MSE = 1.760885e-02, Param MSE = 1.811054e-01, Grad norm = 8.809806e-08, Beta update rate = 4.924089e-08
Epoch 1037200 (20.7%): Train pred MSE = 3.568542e-10, Test pred MSE = 1.760884e-02, Param MSE = 1.811054e-01, Grad norm = 8.800065e-08, Beta update rate = 4.918650e-08
Epoch 1037400 (20.7%): Train pred MSE = 3.560807e-10, Test pred MSE = 1.760884e-02, Param MSE = 1.811054e-01, Grad norm = 8.790334e-08, Beta update rate = 4.913216e-08
Epoch 1037600 (20.8%): Train pred MSE = 3.553088e-10, Test pred MSE = 1.760884e-02, Param MSE = 1.811054e-01, Grad norm = 8.780615e-08, Beta update rate = 4.907789e-08
Epoch 1037800 (20.8%): Train pred MSE = 3.545387e-10, Test pred MSE = 1.760884e-02, Param MSE = 1.811053e-01, Grad norm = 8.770906e-08, Beta update rate = 4.902368e-08
Epoch 1038000 (20.8%): Train pred MSE = 3.537703e-10, Test pred MSE = 1.760884e-02, Param MSE = 1.811053e-01, Grad norm = 8.761209e-08, Beta update rate = 4.896954e-08
Epoch 1038200 (20.8%): Train pred MSE = 3.530035e-10, Test pred MSE = 1.760884e-02, Param MSE = 1.811053e-01, Grad norm = 8.751523e-08, Beta update rate = 4.891545e-08
Epoch 1038400 (20.8%): Train pred MSE = 3.522385e-10, Test pred MSE = 1.760884e-02, Param MSE = 1.811053e-01, Grad norm = 8.741848e-08, Beta update rate = 4.886143e-08
Epoch 1038600 (20.8%): Train pred MSE = 3.514751e-10, Test pred MSE = 1.760884e-02, Param MSE = 1.811053e-01, Grad norm = 8.732184e-08, Beta update rate = 4.880746e-08
Epoch 1038800 (20.8%): Train pred MSE = 3.507135e-10, Test pred MSE = 1.760884e-02, Param MSE = 1.811053e-01, Grad norm = 8.722531e-08, Beta update rate = 4.875356e-08
Epoch 1039000 (20.8%): Train pred MSE = 3.499535e-10, Test pred MSE = 1.760884e-02, Param MSE = 1.811053e-01, Grad norm = 8.712889e-08, Beta update rate = 4.869973e-08
Epoch 1039200 (20.8%): Train pred MSE = 3.491952e-10, Test pred MSE = 1.760884e-02, Param MSE = 1.811053e-01, Grad norm = 8.703259e-08, Beta update rate = 4.864595e-08
Epoch 1039400 (20.8%): Train pred MSE = 3.484386e-10, Test pred MSE = 1.760884e-02, Param MSE = 1.811052e-01, Grad norm = 8.693639e-08, Beta update rate = 4.859223e-08
Epoch 1039600 (20.8%): Train pred MSE = 3.476836e-10, Test pred MSE = 1.760883e-02, Param MSE = 1.811052e-01, Grad norm = 8.684030e-08, Beta update rate = 4.853858e-08
Epoch 1039800 (20.8%): Train pred MSE = 3.469303e-10, Test pred MSE = 1.760883e-02, Param MSE = 1.811052e-01, Grad norm = 8.674432e-08, Beta update rate = 4.848499e-08
Epoch 1040000 (20.8%): Train pred MSE = 3.461787e-10, Test pred MSE = 1.760883e-02, Param MSE = 1.811052e-01, Grad norm = 8.664845e-08, Beta update rate = 4.843146e-08
Epoch 1040200 (20.8%): Train pred MSE = 3.454288e-10, Test pred MSE = 1.760883e-02, Param MSE = 1.811052e-01, Grad norm = 8.655270e-08, Beta update rate = 4.837799e-08
Epoch 1040400 (20.8%): Train pred MSE = 3.446805e-10, Test pred MSE = 1.760883e-02, Param MSE = 1.811052e-01, Grad norm = 8.645705e-08, Beta update rate = 4.832458e-08
Epoch 1040600 (20.8%): Train pred MSE = 3.439338e-10, Test pred MSE = 1.760883e-02, Param MSE = 1.811052e-01, Grad norm = 8.636151e-08, Beta update rate = 4.827123e-08
Epoch 1040800 (20.8%): Train pred MSE = 3.431888e-10, Test pred MSE = 1.760883e-02, Param MSE = 1.811052e-01, Grad norm = 8.626608e-08, Beta update rate = 4.821794e-08
Epoch 1041000 (20.8%): Train pred MSE = 3.424454e-10, Test pred MSE = 1.760883e-02, Param MSE = 1.811051e-01, Grad norm = 8.617076e-08, Beta update rate = 4.816472e-08
Epoch 1041200 (20.8%): Train pred MSE = 3.417037e-10, Test pred MSE = 1.760883e-02, Param MSE = 1.811051e-01, Grad norm = 8.607555e-08, Beta update rate = 4.811155e-08
Epoch 1041400 (20.8%): Train pred MSE = 3.409637e-10, Test pred MSE = 1.760883e-02, Param MSE = 1.811051e-01, Grad norm = 8.598044e-08, Beta update rate = 4.805845e-08
Epoch 1041600 (20.8%): Train pred MSE = 3.402252e-10, Test pred MSE = 1.760883e-02, Param MSE = 1.811051e-01, Grad norm = 8.588545e-08, Beta update rate = 4.800540e-08
Epoch 1041800 (20.8%): Train pred MSE = 3.394884e-10, Test pred MSE = 1.760883e-02, Param MSE = 1.811051e-01, Grad norm = 8.579057e-08, Beta update rate = 4.795242e-08
Epoch 1042000 (20.8%): Train pred MSE = 3.387532e-10, Test pred MSE = 1.760883e-02, Param MSE = 1.811051e-01, Grad norm = 8.569579e-08, Beta update rate = 4.789950e-08
Epoch 1042200 (20.8%): Train pred MSE = 3.380197e-10, Test pred MSE = 1.760882e-02, Param MSE = 1.811051e-01, Grad norm = 8.560112e-08, Beta update rate = 4.784664e-08
Epoch 1042400 (20.8%): Train pred MSE = 3.372877e-10, Test pred MSE = 1.760882e-02, Param MSE = 1.811051e-01, Grad norm = 8.550656e-08, Beta update rate = 4.779384e-08
Epoch 1042600 (20.9%): Train pred MSE = 3.365574e-10, Test pred MSE = 1.760882e-02, Param MSE = 1.811050e-01, Grad norm = 8.541211e-08, Beta update rate = 4.774109e-08
Epoch 1042800 (20.9%): Train pred MSE = 3.358287e-10, Test pred MSE = 1.760882e-02, Param MSE = 1.811050e-01, Grad norm = 8.531777e-08, Beta update rate = 4.768841e-08
Epoch 1043000 (20.9%): Train pred MSE = 3.351016e-10, Test pred MSE = 1.760882e-02, Param MSE = 1.811050e-01, Grad norm = 8.522353e-08, Beta update rate = 4.763579e-08
Epoch 1043200 (20.9%): Train pred MSE = 3.343761e-10, Test pred MSE = 1.760882e-02, Param MSE = 1.811050e-01, Grad norm = 8.512940e-08, Beta update rate = 4.758323e-08
Epoch 1043400 (20.9%): Train pred MSE = 3.336522e-10, Test pred MSE = 1.760882e-02, Param MSE = 1.811050e-01, Grad norm = 8.503538e-08, Beta update rate = 4.753073e-08
Epoch 1043600 (20.9%): Train pred MSE = 3.329299e-10, Test pred MSE = 1.760882e-02, Param MSE = 1.811050e-01, Grad norm = 8.494147e-08, Beta update rate = 4.747829e-08
Epoch 1043800 (20.9%): Train pred MSE = 3.322092e-10, Test pred MSE = 1.760882e-02, Param MSE = 1.811050e-01, Grad norm = 8.484767e-08, Beta update rate = 4.742591e-08
Epoch 1044000 (20.9%): Train pred MSE = 3.314901e-10, Test pred MSE = 1.760882e-02, Param MSE = 1.811050e-01, Grad norm = 8.475397e-08, Beta update rate = 4.737359e-08
Epoch 1044200 (20.9%): Train pred MSE = 3.307726e-10, Test pred MSE = 1.760882e-02, Param MSE = 1.811049e-01, Grad norm = 8.466038e-08, Beta update rate = 4.732133e-08
Epoch 1044400 (20.9%): Train pred MSE = 3.300566e-10, Test pred MSE = 1.760882e-02, Param MSE = 1.811049e-01, Grad norm = 8.456689e-08, Beta update rate = 4.726913e-08
Epoch 1044600 (20.9%): Train pred MSE = 3.293423e-10, Test pred MSE = 1.760882e-02, Param MSE = 1.811049e-01, Grad norm = 8.447352e-08, Beta update rate = 4.721699e-08
Epoch 1044800 (20.9%): Train pred MSE = 3.286295e-10, Test pred MSE = 1.760881e-02, Param MSE = 1.811049e-01, Grad norm = 8.438025e-08, Beta update rate = 4.716491e-08
Epoch 1045000 (20.9%): Train pred MSE = 3.279183e-10, Test pred MSE = 1.760881e-02, Param MSE = 1.811049e-01, Grad norm = 8.428708e-08, Beta update rate = 4.711289e-08
Epoch 1045200 (20.9%): Train pred MSE = 3.272086e-10, Test pred MSE = 1.760881e-02, Param MSE = 1.811049e-01, Grad norm = 8.419403e-08, Beta update rate = 4.706092e-08
Epoch 1045400 (20.9%): Train pred MSE = 3.265005e-10, Test pred MSE = 1.760881e-02, Param MSE = 1.811049e-01, Grad norm = 8.410108e-08, Beta update rate = 4.700902e-08
Epoch 1045600 (20.9%): Train pred MSE = 3.257940e-10, Test pred MSE = 1.760881e-02, Param MSE = 1.811049e-01, Grad norm = 8.400823e-08, Beta update rate = 4.695718e-08
Epoch 1045800 (20.9%): Train pred MSE = 3.250891e-10, Test pred MSE = 1.760881e-02, Param MSE = 1.811049e-01, Grad norm = 8.391549e-08, Beta update rate = 4.690539e-08
Epoch 1046000 (20.9%): Train pred MSE = 3.243857e-10, Test pred MSE = 1.760881e-02, Param MSE = 1.811048e-01, Grad norm = 8.382286e-08, Beta update rate = 4.685366e-08
Epoch 1046200 (20.9%): Train pred MSE = 3.236838e-10, Test pred MSE = 1.760881e-02, Param MSE = 1.811048e-01, Grad norm = 8.373034e-08, Beta update rate = 4.680200e-08
Epoch 1046400 (20.9%): Train pred MSE = 3.229835e-10, Test pred MSE = 1.760881e-02, Param MSE = 1.811048e-01, Grad norm = 8.363792e-08, Beta update rate = 4.675039e-08
Epoch 1046600 (20.9%): Train pred MSE = 3.222848e-10, Test pred MSE = 1.760881e-02, Param MSE = 1.811048e-01, Grad norm = 8.354560e-08, Beta update rate = 4.669884e-08
Epoch 1046800 (20.9%): Train pred MSE = 3.215876e-10, Test pred MSE = 1.760881e-02, Param MSE = 1.811048e-01, Grad norm = 8.345339e-08, Beta update rate = 4.664735e-08
Epoch 1047000 (20.9%): Train pred MSE = 3.208919e-10, Test pred MSE = 1.760881e-02, Param MSE = 1.811048e-01, Grad norm = 8.336129e-08, Beta update rate = 4.659592e-08
Epoch 1047200 (20.9%): Train pred MSE = 3.201978e-10, Test pred MSE = 1.760881e-02, Param MSE = 1.811048e-01, Grad norm = 8.326929e-08, Beta update rate = 4.654455e-08
Epoch 1047400 (20.9%): Train pred MSE = 3.195052e-10, Test pred MSE = 1.760880e-02, Param MSE = 1.811048e-01, Grad norm = 8.317740e-08, Beta update rate = 4.649324e-08
Epoch 1047600 (21.0%): Train pred MSE = 3.188141e-10, Test pred MSE = 1.760880e-02, Param MSE = 1.811047e-01, Grad norm = 8.308561e-08, Beta update rate = 4.644198e-08
Epoch 1047800 (21.0%): Train pred MSE = 3.181245e-10, Test pred MSE = 1.760880e-02, Param MSE = 1.811047e-01, Grad norm = 8.299393e-08, Beta update rate = 4.639079e-08
Epoch 1048000 (21.0%): Train pred MSE = 3.174365e-10, Test pred MSE = 1.760880e-02, Param MSE = 1.811047e-01, Grad norm = 8.290235e-08, Beta update rate = 4.633965e-08
Epoch 1048200 (21.0%): Train pred MSE = 3.167500e-10, Test pred MSE = 1.760880e-02, Param MSE = 1.811047e-01, Grad norm = 8.281087e-08, Beta update rate = 4.628857e-08
Epoch 1048400 (21.0%): Train pred MSE = 3.160650e-10, Test pred MSE = 1.760880e-02, Param MSE = 1.811047e-01, Grad norm = 8.271950e-08, Beta update rate = 4.623755e-08
Epoch 1048600 (21.0%): Train pred MSE = 3.153815e-10, Test pred MSE = 1.760880e-02, Param MSE = 1.811047e-01, Grad norm = 8.262824e-08, Beta update rate = 4.618658e-08
Epoch 1048800 (21.0%): Train pred MSE = 3.146995e-10, Test pred MSE = 1.760880e-02, Param MSE = 1.811047e-01, Grad norm = 8.253708e-08, Beta update rate = 4.613568e-08
Epoch 1049000 (21.0%): Train pred MSE = 3.140190e-10, Test pred MSE = 1.760880e-02, Param MSE = 1.811047e-01, Grad norm = 8.244602e-08, Beta update rate = 4.608483e-08
Epoch 1049200 (21.0%): Train pred MSE = 3.133400e-10, Test pred MSE = 1.760880e-02, Param MSE = 1.811046e-01, Grad norm = 8.235507e-08, Beta update rate = 4.603404e-08
Epoch 1049400 (21.0%): Train pred MSE = 3.126626e-10, Test pred MSE = 1.760880e-02, Param MSE = 1.811046e-01, Grad norm = 8.226422e-08, Beta update rate = 4.598331e-08
Epoch 1049600 (21.0%): Train pred MSE = 3.119866e-10, Test pred MSE = 1.760880e-02, Param MSE = 1.811046e-01, Grad norm = 8.217348e-08, Beta update rate = 4.593264e-08
Epoch 1049800 (21.0%): Train pred MSE = 3.113121e-10, Test pred MSE = 1.760880e-02, Param MSE = 1.811046e-01, Grad norm = 8.208284e-08, Beta update rate = 4.588203e-08
Epoch 1050000 (21.0%): Train pred MSE = 3.106391e-10, Test pred MSE = 1.760879e-02, Param MSE = 1.811046e-01, Grad norm = 8.199230e-08, Beta update rate = 4.583147e-08
Epoch 1050200 (21.0%): Train pred MSE = 3.099675e-10, Test pred MSE = 1.760879e-02, Param MSE = 1.811046e-01, Grad norm = 8.190187e-08, Beta update rate = 4.578097e-08
Epoch 1050400 (21.0%): Train pred MSE = 3.092975e-10, Test pred MSE = 1.760879e-02, Param MSE = 1.811046e-01, Grad norm = 8.181154e-08, Beta update rate = 4.573053e-08
Epoch 1050600 (21.0%): Train pred MSE = 3.086289e-10, Test pred MSE = 1.760879e-02, Param MSE = 1.811046e-01, Grad norm = 8.172131e-08, Beta update rate = 4.568015e-08
Epoch 1050800 (21.0%): Train pred MSE = 3.079618e-10, Test pred MSE = 1.760879e-02, Param MSE = 1.811046e-01, Grad norm = 8.163118e-08, Beta update rate = 4.562982e-08
Epoch 1051000 (21.0%): Train pred MSE = 3.072962e-10, Test pred MSE = 1.760879e-02, Param MSE = 1.811045e-01, Grad norm = 8.154116e-08, Beta update rate = 4.557955e-08
Epoch 1051200 (21.0%): Train pred MSE = 3.066320e-10, Test pred MSE = 1.760879e-02, Param MSE = 1.811045e-01, Grad norm = 8.145125e-08, Beta update rate = 4.552934e-08
Epoch 1051400 (21.0%): Train pred MSE = 3.059693e-10, Test pred MSE = 1.760879e-02, Param MSE = 1.811045e-01, Grad norm = 8.136143e-08, Beta update rate = 4.547919e-08
Epoch 1051600 (21.0%): Train pred MSE = 3.053081e-10, Test pred MSE = 1.760879e-02, Param MSE = 1.811045e-01, Grad norm = 8.127172e-08, Beta update rate = 4.542909e-08
Epoch 1051800 (21.0%): Train pred MSE = 3.046483e-10, Test pred MSE = 1.760879e-02, Param MSE = 1.811045e-01, Grad norm = 8.118211e-08, Beta update rate = 4.537905e-08
Epoch 1052000 (21.0%): Train pred MSE = 3.039900e-10, Test pred MSE = 1.760879e-02, Param MSE = 1.811045e-01, Grad norm = 8.109260e-08, Beta update rate = 4.532907e-08
Epoch 1052200 (21.0%): Train pred MSE = 3.033331e-10, Test pred MSE = 1.760879e-02, Param MSE = 1.811045e-01, Grad norm = 8.100319e-08, Beta update rate = 4.527914e-08
Epoch 1052400 (21.0%): Train pred MSE = 3.026777e-10, Test pred MSE = 1.760879e-02, Param MSE = 1.811045e-01, Grad norm = 8.091389e-08, Beta update rate = 4.522927e-08
Epoch 1052600 (21.1%): Train pred MSE = 3.020237e-10, Test pred MSE = 1.760879e-02, Param MSE = 1.811045e-01, Grad norm = 8.082469e-08, Beta update rate = 4.517946e-08
Epoch 1052800 (21.1%): Train pred MSE = 3.013712e-10, Test pred MSE = 1.760878e-02, Param MSE = 1.811044e-01, Grad norm = 8.073559e-08, Beta update rate = 4.512971e-08
Epoch 1053000 (21.1%): Train pred MSE = 3.007201e-10, Test pred MSE = 1.760878e-02, Param MSE = 1.811044e-01, Grad norm = 8.064659e-08, Beta update rate = 4.508001e-08
Epoch 1053200 (21.1%): Train pred MSE = 3.000704e-10, Test pred MSE = 1.760878e-02, Param MSE = 1.811044e-01, Grad norm = 8.055769e-08, Beta update rate = 4.503037e-08
Epoch 1053400 (21.1%): Train pred MSE = 2.994222e-10, Test pred MSE = 1.760878e-02, Param MSE = 1.811044e-01, Grad norm = 8.046890e-08, Beta update rate = 4.498078e-08
Epoch 1053600 (21.1%): Train pred MSE = 2.987754e-10, Test pred MSE = 1.760878e-02, Param MSE = 1.811044e-01, Grad norm = 8.038020e-08, Beta update rate = 4.493125e-08
Epoch 1053800 (21.1%): Train pred MSE = 2.981300e-10, Test pred MSE = 1.760878e-02, Param MSE = 1.811044e-01, Grad norm = 8.029161e-08, Beta update rate = 4.488178e-08
Epoch 1054000 (21.1%): Train pred MSE = 2.974861e-10, Test pred MSE = 1.760878e-02, Param MSE = 1.811044e-01, Grad norm = 8.020312e-08, Beta update rate = 4.483237e-08
Epoch 1054200 (21.1%): Train pred MSE = 2.968435e-10, Test pred MSE = 1.760878e-02, Param MSE = 1.811044e-01, Grad norm = 8.011473e-08, Beta update rate = 4.478301e-08
Epoch 1054400 (21.1%): Train pred MSE = 2.962024e-10, Test pred MSE = 1.760878e-02, Param MSE = 1.811043e-01, Grad norm = 8.002644e-08, Beta update rate = 4.473371e-08
Epoch 1054600 (21.1%): Train pred MSE = 2.955627e-10, Test pred MSE = 1.760878e-02, Param MSE = 1.811043e-01, Grad norm = 7.993825e-08, Beta update rate = 4.468446e-08
Epoch 1054800 (21.1%): Train pred MSE = 2.949244e-10, Test pred MSE = 1.760878e-02, Param MSE = 1.811043e-01, Grad norm = 7.985016e-08, Beta update rate = 4.463527e-08
Epoch 1055000 (21.1%): Train pred MSE = 2.942875e-10, Test pred MSE = 1.760878e-02, Param MSE = 1.811043e-01, Grad norm = 7.976218e-08, Beta update rate = 4.458614e-08
Epoch 1055200 (21.1%): Train pred MSE = 2.936520e-10, Test pred MSE = 1.760878e-02, Param MSE = 1.811043e-01, Grad norm = 7.967429e-08, Beta update rate = 4.453706e-08
Epoch 1055400 (21.1%): Train pred MSE = 2.930179e-10, Test pred MSE = 1.760877e-02, Param MSE = 1.811043e-01, Grad norm = 7.958650e-08, Beta update rate = 4.448804e-08
Epoch 1055600 (21.1%): Train pred MSE = 2.923852e-10, Test pred MSE = 1.760877e-02, Param MSE = 1.811043e-01, Grad norm = 7.949882e-08, Beta update rate = 4.443907e-08
Epoch 1055800 (21.1%): Train pred MSE = 2.917539e-10, Test pred MSE = 1.760877e-02, Param MSE = 1.811043e-01, Grad norm = 7.941123e-08, Beta update rate = 4.439016e-08
Epoch 1056000 (21.1%): Train pred MSE = 2.911240e-10, Test pred MSE = 1.760877e-02, Param MSE = 1.811043e-01, Grad norm = 7.932375e-08, Beta update rate = 4.434131e-08
Epoch 1056200 (21.1%): Train pred MSE = 2.904955e-10, Test pred MSE = 1.760877e-02, Param MSE = 1.811042e-01, Grad norm = 7.923636e-08, Beta update rate = 4.429251e-08
Epoch 1056400 (21.1%): Train pred MSE = 2.898683e-10, Test pred MSE = 1.760877e-02, Param MSE = 1.811042e-01, Grad norm = 7.914907e-08, Beta update rate = 4.424377e-08
Epoch 1056600 (21.1%): Train pred MSE = 2.892425e-10, Test pred MSE = 1.760877e-02, Param MSE = 1.811042e-01, Grad norm = 7.906189e-08, Beta update rate = 4.419508e-08
Epoch 1056800 (21.1%): Train pred MSE = 2.886182e-10, Test pred MSE = 1.760877e-02, Param MSE = 1.811042e-01, Grad norm = 7.897480e-08, Beta update rate = 4.414645e-08
Epoch 1057000 (21.1%): Train pred MSE = 2.879952e-10, Test pred MSE = 1.760877e-02, Param MSE = 1.811042e-01, Grad norm = 7.888781e-08, Beta update rate = 4.409787e-08
Epoch 1057200 (21.1%): Train pred MSE = 2.873735e-10, Test pred MSE = 1.760877e-02, Param MSE = 1.811042e-01, Grad norm = 7.880092e-08, Beta update rate = 4.404935e-08
Epoch 1057400 (21.1%): Train pred MSE = 2.867532e-10, Test pred MSE = 1.760877e-02, Param MSE = 1.811042e-01, Grad norm = 7.871413e-08, Beta update rate = 4.400088e-08
Epoch 1057600 (21.2%): Train pred MSE = 2.861343e-10, Test pred MSE = 1.760877e-02, Param MSE = 1.811042e-01, Grad norm = 7.862744e-08, Beta update rate = 4.395247e-08
Epoch 1057800 (21.2%): Train pred MSE = 2.855168e-10, Test pred MSE = 1.760877e-02, Param MSE = 1.811042e-01, Grad norm = 7.854085e-08, Beta update rate = 4.390412e-08
Epoch 1058000 (21.2%): Train pred MSE = 2.849006e-10, Test pred MSE = 1.760877e-02, Param MSE = 1.811041e-01, Grad norm = 7.845436e-08, Beta update rate = 4.385582e-08
Epoch 1058200 (21.2%): Train pred MSE = 2.842858e-10, Test pred MSE = 1.760876e-02, Param MSE = 1.811041e-01, Grad norm = 7.836797e-08, Beta update rate = 4.380757e-08
Epoch 1058400 (21.2%): Train pred MSE = 2.836723e-10, Test pred MSE = 1.760876e-02, Param MSE = 1.811041e-01, Grad norm = 7.828167e-08, Beta update rate = 4.375938e-08
Epoch 1058600 (21.2%): Train pred MSE = 2.830602e-10, Test pred MSE = 1.760876e-02, Param MSE = 1.811041e-01, Grad norm = 7.819547e-08, Beta update rate = 4.371125e-08
Epoch 1058800 (21.2%): Train pred MSE = 2.824494e-10, Test pred MSE = 1.760876e-02, Param MSE = 1.811041e-01, Grad norm = 7.810938e-08, Beta update rate = 4.366317e-08
Epoch 1059000 (21.2%): Train pred MSE = 2.818400e-10, Test pred MSE = 1.760876e-02, Param MSE = 1.811041e-01, Grad norm = 7.802338e-08, Beta update rate = 4.361514e-08
Epoch 1059200 (21.2%): Train pred MSE = 2.812319e-10, Test pred MSE = 1.760876e-02, Param MSE = 1.811041e-01, Grad norm = 7.793747e-08, Beta update rate = 4.356717e-08
Epoch 1059400 (21.2%): Train pred MSE = 2.806252e-10, Test pred MSE = 1.760876e-02, Param MSE = 1.811041e-01, Grad norm = 7.785167e-08, Beta update rate = 4.351926e-08
Epoch 1059600 (21.2%): Train pred MSE = 2.800197e-10, Test pred MSE = 1.760876e-02, Param MSE = 1.811041e-01, Grad norm = 7.776596e-08, Beta update rate = 4.347140e-08
Epoch 1059800 (21.2%): Train pred MSE = 2.794157e-10, Test pred MSE = 1.760876e-02, Param MSE = 1.811040e-01, Grad norm = 7.768036e-08, Beta update rate = 4.342359e-08
Epoch 1060000 (21.2%): Train pred MSE = 2.788129e-10, Test pred MSE = 1.760876e-02, Param MSE = 1.811040e-01, Grad norm = 7.759484e-08, Beta update rate = 4.337584e-08
Epoch 1060200 (21.2%): Train pred MSE = 2.782115e-10, Test pred MSE = 1.760876e-02, Param MSE = 1.811040e-01, Grad norm = 7.750943e-08, Beta update rate = 4.332814e-08
Epoch 1060400 (21.2%): Train pred MSE = 2.776114e-10, Test pred MSE = 1.760876e-02, Param MSE = 1.811040e-01, Grad norm = 7.742412e-08, Beta update rate = 4.328050e-08
Epoch 1060600 (21.2%): Train pred MSE = 2.770126e-10, Test pred MSE = 1.760876e-02, Param MSE = 1.811040e-01, Grad norm = 7.733890e-08, Beta update rate = 4.323291e-08
Epoch 1060800 (21.2%): Train pred MSE = 2.764151e-10, Test pred MSE = 1.760876e-02, Param MSE = 1.811040e-01, Grad norm = 7.725378e-08, Beta update rate = 4.318537e-08
Epoch 1061000 (21.2%): Train pred MSE = 2.758190e-10, Test pred MSE = 1.760875e-02, Param MSE = 1.811040e-01, Grad norm = 7.716875e-08, Beta update rate = 4.313789e-08
Epoch 1061200 (21.2%): Train pred MSE = 2.752241e-10, Test pred MSE = 1.760875e-02, Param MSE = 1.811040e-01, Grad norm = 7.708382e-08, Beta update rate = 4.309047e-08
Epoch 1061400 (21.2%): Train pred MSE = 2.746306e-10, Test pred MSE = 1.760875e-02, Param MSE = 1.811040e-01, Grad norm = 7.699899e-08, Beta update rate = 4.304310e-08
Epoch 1061600 (21.2%): Train pred MSE = 2.740384e-10, Test pred MSE = 1.760875e-02, Param MSE = 1.811039e-01, Grad norm = 7.691426e-08, Beta update rate = 4.299578e-08
Epoch 1061800 (21.2%): Train pred MSE = 2.734474e-10, Test pred MSE = 1.760875e-02, Param MSE = 1.811039e-01, Grad norm = 7.682962e-08, Beta update rate = 4.294851e-08
Epoch 1062000 (21.2%): Train pred MSE = 2.728578e-10, Test pred MSE = 1.760875e-02, Param MSE = 1.811039e-01, Grad norm = 7.674508e-08, Beta update rate = 4.290130e-08
Epoch 1062200 (21.2%): Train pred MSE = 2.722695e-10, Test pred MSE = 1.760875e-02, Param MSE = 1.811039e-01, Grad norm = 7.666064e-08, Beta update rate = 4.285415e-08
Epoch 1062400 (21.2%): Train pred MSE = 2.716824e-10, Test pred MSE = 1.760875e-02, Param MSE = 1.811039e-01, Grad norm = 7.657629e-08, Beta update rate = 4.280704e-08
Epoch 1062600 (21.3%): Train pred MSE = 2.710967e-10, Test pred MSE = 1.760875e-02, Param MSE = 1.811039e-01, Grad norm = 7.649204e-08, Beta update rate = 4.275999e-08
Epoch 1062800 (21.3%): Train pred MSE = 2.705122e-10, Test pred MSE = 1.760875e-02, Param MSE = 1.811039e-01, Grad norm = 7.640788e-08, Beta update rate = 4.271300e-08
Epoch 1063000 (21.3%): Train pred MSE = 2.699291e-10, Test pred MSE = 1.760875e-02, Param MSE = 1.811039e-01, Grad norm = 7.632383e-08, Beta update rate = 4.266606e-08
Epoch 1063200 (21.3%): Train pred MSE = 2.693472e-10, Test pred MSE = 1.760875e-02, Param MSE = 1.811039e-01, Grad norm = 7.623986e-08, Beta update rate = 4.261917e-08
Epoch 1063400 (21.3%): Train pred MSE = 2.687666e-10, Test pred MSE = 1.760875e-02, Param MSE = 1.811038e-01, Grad norm = 7.615599e-08, Beta update rate = 4.257233e-08
Epoch 1063600 (21.3%): Train pred MSE = 2.681873e-10, Test pred MSE = 1.760875e-02, Param MSE = 1.811038e-01, Grad norm = 7.607222e-08, Beta update rate = 4.252555e-08
Epoch 1063800 (21.3%): Train pred MSE = 2.676092e-10, Test pred MSE = 1.760874e-02, Param MSE = 1.811038e-01, Grad norm = 7.598855e-08, Beta update rate = 4.247882e-08
Epoch 1064000 (21.3%): Train pred MSE = 2.670324e-10, Test pred MSE = 1.760874e-02, Param MSE = 1.811038e-01, Grad norm = 7.590496e-08, Beta update rate = 4.243215e-08
Epoch 1064200 (21.3%): Train pred MSE = 2.664569e-10, Test pred MSE = 1.760874e-02, Param MSE = 1.811038e-01, Grad norm = 7.582148e-08, Beta update rate = 4.238552e-08
Epoch 1064400 (21.3%): Train pred MSE = 2.658826e-10, Test pred MSE = 1.760874e-02, Param MSE = 1.811038e-01, Grad norm = 7.573809e-08, Beta update rate = 4.233895e-08
Epoch 1064600 (21.3%): Train pred MSE = 2.653096e-10, Test pred MSE = 1.760874e-02, Param MSE = 1.811038e-01, Grad norm = 7.565479e-08, Beta update rate = 4.229244e-08
Epoch 1064800 (21.3%): Train pred MSE = 2.647379e-10, Test pred MSE = 1.760874e-02, Param MSE = 1.811038e-01, Grad norm = 7.557159e-08, Beta update rate = 4.224597e-08
Epoch 1065000 (21.3%): Train pred MSE = 2.641674e-10, Test pred MSE = 1.760874e-02, Param MSE = 1.811038e-01, Grad norm = 7.548848e-08, Beta update rate = 4.219956e-08
Epoch 1065200 (21.3%): Train pred MSE = 2.635982e-10, Test pred MSE = 1.760874e-02, Param MSE = 1.811038e-01, Grad norm = 7.540547e-08, Beta update rate = 4.215321e-08
Epoch 1065400 (21.3%): Train pred MSE = 2.630303e-10, Test pred MSE = 1.760874e-02, Param MSE = 1.811037e-01, Grad norm = 7.532256e-08, Beta update rate = 4.210690e-08
Epoch 1065600 (21.3%): Train pred MSE = 2.624635e-10, Test pred MSE = 1.760874e-02, Param MSE = 1.811037e-01, Grad norm = 7.523973e-08, Beta update rate = 4.206065e-08
Epoch 1065800 (21.3%): Train pred MSE = 2.618981e-10, Test pred MSE = 1.760874e-02, Param MSE = 1.811037e-01, Grad norm = 7.515701e-08, Beta update rate = 4.201445e-08
Epoch 1066000 (21.3%): Train pred MSE = 2.613338e-10, Test pred MSE = 1.760874e-02, Param MSE = 1.811037e-01, Grad norm = 7.507437e-08, Beta update rate = 4.196831e-08
Epoch 1066200 (21.3%): Train pred MSE = 2.607708e-10, Test pred MSE = 1.760874e-02, Param MSE = 1.811037e-01, Grad norm = 7.499183e-08, Beta update rate = 4.192221e-08
Epoch 1066400 (21.3%): Train pred MSE = 2.602091e-10, Test pred MSE = 1.760874e-02, Param MSE = 1.811037e-01, Grad norm = 7.490939e-08, Beta update rate = 4.187617e-08
Epoch 1066600 (21.3%): Train pred MSE = 2.596486e-10, Test pred MSE = 1.760874e-02, Param MSE = 1.811037e-01, Grad norm = 7.482704e-08, Beta update rate = 4.183018e-08
Epoch 1066800 (21.3%): Train pred MSE = 2.590893e-10, Test pred MSE = 1.760873e-02, Param MSE = 1.811037e-01, Grad norm = 7.474478e-08, Beta update rate = 4.178424e-08
Epoch 1067000 (21.3%): Train pred MSE = 2.585312e-10, Test pred MSE = 1.760873e-02, Param MSE = 1.811037e-01, Grad norm = 7.466262e-08, Beta update rate = 4.173836e-08
Epoch 1067200 (21.3%): Train pred MSE = 2.579744e-10, Test pred MSE = 1.760873e-02, Param MSE = 1.811036e-01, Grad norm = 7.458055e-08, Beta update rate = 4.169253e-08
Epoch 1067400 (21.3%): Train pred MSE = 2.574188e-10, Test pred MSE = 1.760873e-02, Param MSE = 1.811036e-01, Grad norm = 7.449857e-08, Beta update rate = 4.164675e-08
Epoch 1067600 (21.4%): Train pred MSE = 2.568644e-10, Test pred MSE = 1.760873e-02, Param MSE = 1.811036e-01, Grad norm = 7.441669e-08, Beta update rate = 4.160102e-08
Epoch 1067800 (21.4%): Train pred MSE = 2.563112e-10, Test pred MSE = 1.760873e-02, Param MSE = 1.811036e-01, Grad norm = 7.433490e-08, Beta update rate = 4.155535e-08
Epoch 1068000 (21.4%): Train pred MSE = 2.557593e-10, Test pred MSE = 1.760873e-02, Param MSE = 1.811036e-01, Grad norm = 7.425320e-08, Beta update rate = 4.150972e-08
Epoch 1068200 (21.4%): Train pred MSE = 2.552085e-10, Test pred MSE = 1.760873e-02, Param MSE = 1.811036e-01, Grad norm = 7.417160e-08, Beta update rate = 4.146415e-08
Epoch 1068400 (21.4%): Train pred MSE = 2.546590e-10, Test pred MSE = 1.760873e-02, Param MSE = 1.811036e-01, Grad norm = 7.409009e-08, Beta update rate = 4.141863e-08
Epoch 1068600 (21.4%): Train pred MSE = 2.541106e-10, Test pred MSE = 1.760873e-02, Param MSE = 1.811036e-01, Grad norm = 7.400867e-08, Beta update rate = 4.137316e-08
Epoch 1068800 (21.4%): Train pred MSE = 2.535635e-10, Test pred MSE = 1.760873e-02, Param MSE = 1.811036e-01, Grad norm = 7.392734e-08, Beta update rate = 4.132775e-08
Epoch 1069000 (21.4%): Train pred MSE = 2.530176e-10, Test pred MSE = 1.760873e-02, Param MSE = 1.811036e-01, Grad norm = 7.384611e-08, Beta update rate = 4.128238e-08
Epoch 1069200 (21.4%): Train pred MSE = 2.524729e-10, Test pred MSE = 1.760873e-02, Param MSE = 1.811035e-01, Grad norm = 7.376497e-08, Beta update rate = 4.123707e-08
Epoch 1069400 (21.4%): Train pred MSE = 2.519294e-10, Test pred MSE = 1.760873e-02, Param MSE = 1.811035e-01, Grad norm = 7.368392e-08, Beta update rate = 4.119181e-08
Epoch 1069600 (21.4%): Train pred MSE = 2.513870e-10, Test pred MSE = 1.760873e-02, Param MSE = 1.811035e-01, Grad norm = 7.360297e-08, Beta update rate = 4.114660e-08
Epoch 1069800 (21.4%): Train pred MSE = 2.508459e-10, Test pred MSE = 1.760872e-02, Param MSE = 1.811035e-01, Grad norm = 7.352210e-08, Beta update rate = 4.110144e-08
Epoch 1070000 (21.4%): Train pred MSE = 2.503059e-10, Test pred MSE = 1.760872e-02, Param MSE = 1.811035e-01, Grad norm = 7.344133e-08, Beta update rate = 4.105633e-08
Epoch 1070200 (21.4%): Train pred MSE = 2.497672e-10, Test pred MSE = 1.760872e-02, Param MSE = 1.811035e-01, Grad norm = 7.336066e-08, Beta update rate = 4.101128e-08
Epoch 1070400 (21.4%): Train pred MSE = 2.492296e-10, Test pred MSE = 1.760872e-02, Param MSE = 1.811035e-01, Grad norm = 7.328007e-08, Beta update rate = 4.096627e-08
Epoch 1070600 (21.4%): Train pred MSE = 2.486932e-10, Test pred MSE = 1.760872e-02, Param MSE = 1.811035e-01, Grad norm = 7.319957e-08, Beta update rate = 4.092132e-08
Epoch 1070800 (21.4%): Train pred MSE = 2.481580e-10, Test pred MSE = 1.760872e-02, Param MSE = 1.811035e-01, Grad norm = 7.311917e-08, Beta update rate = 4.087642e-08
Epoch 1071000 (21.4%): Train pred MSE = 2.476239e-10, Test pred MSE = 1.760872e-02, Param MSE = 1.811034e-01, Grad norm = 7.303886e-08, Beta update rate = 4.083156e-08
Epoch 1071200 (21.4%): Train pred MSE = 2.470910e-10, Test pred MSE = 1.760872e-02, Param MSE = 1.811034e-01, Grad norm = 7.295864e-08, Beta update rate = 4.078676e-08
Epoch 1071400 (21.4%): Train pred MSE = 2.465593e-10, Test pred MSE = 1.760872e-02, Param MSE = 1.811034e-01, Grad norm = 7.287851e-08, Beta update rate = 4.074202e-08
Epoch 1071600 (21.4%): Train pred MSE = 2.460288e-10, Test pred MSE = 1.760872e-02, Param MSE = 1.811034e-01, Grad norm = 7.279847e-08, Beta update rate = 4.069732e-08
Epoch 1071800 (21.4%): Train pred MSE = 2.454994e-10, Test pred MSE = 1.760872e-02, Param MSE = 1.811034e-01, Grad norm = 7.271852e-08, Beta update rate = 4.065267e-08
Epoch 1072000 (21.4%): Train pred MSE = 2.449712e-10, Test pred MSE = 1.760872e-02, Param MSE = 1.811034e-01, Grad norm = 7.263867e-08, Beta update rate = 4.060807e-08
Epoch 1072200 (21.4%): Train pred MSE = 2.444441e-10, Test pred MSE = 1.760872e-02, Param MSE = 1.811034e-01, Grad norm = 7.255890e-08, Beta update rate = 4.056353e-08
Epoch 1072400 (21.4%): Train pred MSE = 2.439182e-10, Test pred MSE = 1.760872e-02, Param MSE = 1.811034e-01, Grad norm = 7.247923e-08, Beta update rate = 4.051903e-08
Epoch 1072600 (21.5%): Train pred MSE = 2.433935e-10, Test pred MSE = 1.760872e-02, Param MSE = 1.811034e-01, Grad norm = 7.239965e-08, Beta update rate = 4.047459e-08
Epoch 1072800 (21.5%): Train pred MSE = 2.428699e-10, Test pred MSE = 1.760871e-02, Param MSE = 1.811034e-01, Grad norm = 7.232015e-08, Beta update rate = 4.043020e-08
Epoch 1073000 (21.5%): Train pred MSE = 2.423475e-10, Test pred MSE = 1.760871e-02, Param MSE = 1.811033e-01, Grad norm = 7.224075e-08, Beta update rate = 4.038585e-08
Epoch 1073200 (21.5%): Train pred MSE = 2.418262e-10, Test pred MSE = 1.760871e-02, Param MSE = 1.811033e-01, Grad norm = 7.216144e-08, Beta update rate = 4.034156e-08
Epoch 1073400 (21.5%): Train pred MSE = 2.413060e-10, Test pred MSE = 1.760871e-02, Param MSE = 1.811033e-01, Grad norm = 7.208222e-08, Beta update rate = 4.029732e-08
Epoch 1073600 (21.5%): Train pred MSE = 2.407870e-10, Test pred MSE = 1.760871e-02, Param MSE = 1.811033e-01, Grad norm = 7.200309e-08, Beta update rate = 4.025312e-08
Epoch 1073800 (21.5%): Train pred MSE = 2.402691e-10, Test pred MSE = 1.760871e-02, Param MSE = 1.811033e-01, Grad norm = 7.192405e-08, Beta update rate = 4.020898e-08
Epoch 1074000 (21.5%): Train pred MSE = 2.397524e-10, Test pred MSE = 1.760871e-02, Param MSE = 1.811033e-01, Grad norm = 7.184509e-08, Beta update rate = 4.016489e-08
Epoch 1074200 (21.5%): Train pred MSE = 2.392368e-10, Test pred MSE = 1.760871e-02, Param MSE = 1.811033e-01, Grad norm = 7.176623e-08, Beta update rate = 4.012085e-08
Epoch 1074400 (21.5%): Train pred MSE = 2.387223e-10, Test pred MSE = 1.760871e-02, Param MSE = 1.811033e-01, Grad norm = 7.168746e-08, Beta update rate = 4.007686e-08
Epoch 1074600 (21.5%): Train pred MSE = 2.382090e-10, Test pred MSE = 1.760871e-02, Param MSE = 1.811033e-01, Grad norm = 7.160878e-08, Beta update rate = 4.003292e-08
Epoch 1074800 (21.5%): Train pred MSE = 2.376968e-10, Test pred MSE = 1.760871e-02, Param MSE = 1.811033e-01, Grad norm = 7.153019e-08, Beta update rate = 3.998902e-08
Epoch 1075000 (21.5%): Train pred MSE = 2.371857e-10, Test pred MSE = 1.760871e-02, Param MSE = 1.811032e-01, Grad norm = 7.145168e-08, Beta update rate = 3.994518e-08
Epoch 1075200 (21.5%): Train pred MSE = 2.366757e-10, Test pred MSE = 1.760871e-02, Param MSE = 1.811032e-01, Grad norm = 7.137327e-08, Beta update rate = 3.990139e-08
Epoch 1075400 (21.5%): Train pred MSE = 2.361669e-10, Test pred MSE = 1.760871e-02, Param MSE = 1.811032e-01, Grad norm = 7.129495e-08, Beta update rate = 3.985765e-08
Epoch 1075600 (21.5%): Train pred MSE = 2.356591e-10, Test pred MSE = 1.760871e-02, Param MSE = 1.811032e-01, Grad norm = 7.121671e-08, Beta update rate = 3.981396e-08
Epoch 1075800 (21.5%): Train pred MSE = 2.351525e-10, Test pred MSE = 1.760870e-02, Param MSE = 1.811032e-01, Grad norm = 7.113856e-08, Beta update rate = 3.977031e-08
Epoch 1076000 (21.5%): Train pred MSE = 2.346470e-10, Test pred MSE = 1.760870e-02, Param MSE = 1.811032e-01, Grad norm = 7.106051e-08, Beta update rate = 3.972672e-08
Epoch 1076200 (21.5%): Train pred MSE = 2.341426e-10, Test pred MSE = 1.760870e-02, Param MSE = 1.811032e-01, Grad norm = 7.098254e-08, Beta update rate = 3.968318e-08
Epoch 1076400 (21.5%): Train pred MSE = 2.336393e-10, Test pred MSE = 1.760870e-02, Param MSE = 1.811032e-01, Grad norm = 7.090466e-08, Beta update rate = 3.963968e-08
Epoch 1076600 (21.5%): Train pred MSE = 2.331371e-10, Test pred MSE = 1.760870e-02, Param MSE = 1.811032e-01, Grad norm = 7.082687e-08, Beta update rate = 3.959624e-08
Epoch 1076800 (21.5%): Train pred MSE = 2.326360e-10, Test pred MSE = 1.760870e-02, Param MSE = 1.811032e-01, Grad norm = 7.074916e-08, Beta update rate = 3.955285e-08
Epoch 1077000 (21.5%): Train pred MSE = 2.321360e-10, Test pred MSE = 1.760870e-02, Param MSE = 1.811031e-01, Grad norm = 7.067155e-08, Beta update rate = 3.950950e-08
Epoch 1077200 (21.5%): Train pred MSE = 2.316371e-10, Test pred MSE = 1.760870e-02, Param MSE = 1.811031e-01, Grad norm = 7.059402e-08, Beta update rate = 3.946620e-08
Epoch 1077400 (21.5%): Train pred MSE = 2.311393e-10, Test pred MSE = 1.760870e-02, Param MSE = 1.811031e-01, Grad norm = 7.051659e-08, Beta update rate = 3.942296e-08
Epoch 1077600 (21.6%): Train pred MSE = 2.306426e-10, Test pred MSE = 1.760870e-02, Param MSE = 1.811031e-01, Grad norm = 7.043924e-08, Beta update rate = 3.937976e-08
Epoch 1077800 (21.6%): Train pred MSE = 2.301470e-10, Test pred MSE = 1.760870e-02, Param MSE = 1.811031e-01, Grad norm = 7.036197e-08, Beta update rate = 3.933661e-08
Epoch 1078000 (21.6%): Train pred MSE = 2.296525e-10, Test pred MSE = 1.760870e-02, Param MSE = 1.811031e-01, Grad norm = 7.028480e-08, Beta update rate = 3.929351e-08
Epoch 1078200 (21.6%): Train pred MSE = 2.291590e-10, Test pred MSE = 1.760870e-02, Param MSE = 1.811031e-01, Grad norm = 7.020771e-08, Beta update rate = 3.925046e-08
Epoch 1078400 (21.6%): Train pred MSE = 2.286667e-10, Test pred MSE = 1.760870e-02, Param MSE = 1.811031e-01, Grad norm = 7.013072e-08, Beta update rate = 3.920746e-08
Epoch 1078600 (21.6%): Train pred MSE = 2.281754e-10, Test pred MSE = 1.760870e-02, Param MSE = 1.811031e-01, Grad norm = 7.005381e-08, Beta update rate = 3.916450e-08
Epoch 1078800 (21.6%): Train pred MSE = 2.276852e-10, Test pred MSE = 1.760869e-02, Param MSE = 1.811031e-01, Grad norm = 6.997698e-08, Beta update rate = 3.912160e-08
Epoch 1079000 (21.6%): Train pred MSE = 2.271960e-10, Test pred MSE = 1.760869e-02, Param MSE = 1.811030e-01, Grad norm = 6.990025e-08, Beta update rate = 3.907874e-08
Epoch 1079200 (21.6%): Train pred MSE = 2.267080e-10, Test pred MSE = 1.760869e-02, Param MSE = 1.811030e-01, Grad norm = 6.982360e-08, Beta update rate = 3.903594e-08
Epoch 1079400 (21.6%): Train pred MSE = 2.262210e-10, Test pred MSE = 1.760869e-02, Param MSE = 1.811030e-01, Grad norm = 6.974704e-08, Beta update rate = 3.899318e-08
Epoch 1079600 (21.6%): Train pred MSE = 2.257350e-10, Test pred MSE = 1.760869e-02, Param MSE = 1.811030e-01, Grad norm = 6.967056e-08, Beta update rate = 3.895047e-08
Epoch 1079800 (21.6%): Train pred MSE = 2.252502e-10, Test pred MSE = 1.760869e-02, Param MSE = 1.811030e-01, Grad norm = 6.959417e-08, Beta update rate = 3.890781e-08
Epoch 1080000 (21.6%): Train pred MSE = 2.247664e-10, Test pred MSE = 1.760869e-02, Param MSE = 1.811030e-01, Grad norm = 6.951787e-08, Beta update rate = 3.886520e-08
Epoch 1080200 (21.6%): Train pred MSE = 2.242836e-10, Test pred MSE = 1.760869e-02, Param MSE = 1.811030e-01, Grad norm = 6.944166e-08, Beta update rate = 3.882263e-08
Epoch 1080400 (21.6%): Train pred MSE = 2.238019e-10, Test pred MSE = 1.760869e-02, Param MSE = 1.811030e-01, Grad norm = 6.936553e-08, Beta update rate = 3.878012e-08
Epoch 1080600 (21.6%): Train pred MSE = 2.233213e-10, Test pred MSE = 1.760869e-02, Param MSE = 1.811030e-01, Grad norm = 6.928949e-08, Beta update rate = 3.873765e-08
Epoch 1080800 (21.6%): Train pred MSE = 2.228417e-10, Test pred MSE = 1.760869e-02, Param MSE = 1.811030e-01, Grad norm = 6.921354e-08, Beta update rate = 3.869523e-08
Epoch 1081000 (21.6%): Train pred MSE = 2.223632e-10, Test pred MSE = 1.760869e-02, Param MSE = 1.811029e-01, Grad norm = 6.913767e-08, Beta update rate = 3.865286e-08
Epoch 1081200 (21.6%): Train pred MSE = 2.218858e-10, Test pred MSE = 1.760869e-02, Param MSE = 1.811029e-01, Grad norm = 6.906189e-08, Beta update rate = 3.861053e-08
Epoch 1081400 (21.6%): Train pred MSE = 2.214093e-10, Test pred MSE = 1.760869e-02, Param MSE = 1.811029e-01, Grad norm = 6.898619e-08, Beta update rate = 3.856826e-08
Epoch 1081600 (21.6%): Train pred MSE = 2.209339e-10, Test pred MSE = 1.760869e-02, Param MSE = 1.811029e-01, Grad norm = 6.891058e-08, Beta update rate = 3.852603e-08
Epoch 1081800 (21.6%): Train pred MSE = 2.204596e-10, Test pred MSE = 1.760869e-02, Param MSE = 1.811029e-01, Grad norm = 6.883506e-08, Beta update rate = 3.848385e-08
Epoch 1082000 (21.6%): Train pred MSE = 2.199863e-10, Test pred MSE = 1.760868e-02, Param MSE = 1.811029e-01, Grad norm = 6.875962e-08, Beta update rate = 3.844172e-08
Epoch 1082200 (21.6%): Train pred MSE = 2.195140e-10, Test pred MSE = 1.760868e-02, Param MSE = 1.811029e-01, Grad norm = 6.868427e-08, Beta update rate = 3.839964e-08
Epoch 1082400 (21.6%): Train pred MSE = 2.190428e-10, Test pred MSE = 1.760868e-02, Param MSE = 1.811029e-01, Grad norm = 6.860900e-08, Beta update rate = 3.835760e-08
Epoch 1082600 (21.7%): Train pred MSE = 2.185726e-10, Test pred MSE = 1.760868e-02, Param MSE = 1.811029e-01, Grad norm = 6.853382e-08, Beta update rate = 3.831562e-08
Epoch 1082800 (21.7%): Train pred MSE = 2.181034e-10, Test pred MSE = 1.760868e-02, Param MSE = 1.811029e-01, Grad norm = 6.845873e-08, Beta update rate = 3.827368e-08
Epoch 1083000 (21.7%): Train pred MSE = 2.176353e-10, Test pred MSE = 1.760868e-02, Param MSE = 1.811028e-01, Grad norm = 6.838372e-08, Beta update rate = 3.823178e-08
Epoch 1083200 (21.7%): Train pred MSE = 2.171682e-10, Test pred MSE = 1.760868e-02, Param MSE = 1.811028e-01, Grad norm = 6.830879e-08, Beta update rate = 3.818994e-08
Epoch 1083400 (21.7%): Train pred MSE = 2.167021e-10, Test pred MSE = 1.760868e-02, Param MSE = 1.811028e-01, Grad norm = 6.823395e-08, Beta update rate = 3.814814e-08
Epoch 1083600 (21.7%): Train pred MSE = 2.162370e-10, Test pred MSE = 1.760868e-02, Param MSE = 1.811028e-01, Grad norm = 6.815920e-08, Beta update rate = 3.810639e-08
Epoch 1083800 (21.7%): Train pred MSE = 2.157729e-10, Test pred MSE = 1.760868e-02, Param MSE = 1.811028e-01, Grad norm = 6.808453e-08, Beta update rate = 3.806469e-08
Epoch 1084000 (21.7%): Train pred MSE = 2.153099e-10, Test pred MSE = 1.760868e-02, Param MSE = 1.811028e-01, Grad norm = 6.800994e-08, Beta update rate = 3.802304e-08
Epoch 1084200 (21.7%): Train pred MSE = 2.148479e-10, Test pred MSE = 1.760868e-02, Param MSE = 1.811028e-01, Grad norm = 6.793544e-08, Beta update rate = 3.798143e-08
Epoch 1084400 (21.7%): Train pred MSE = 2.143869e-10, Test pred MSE = 1.760868e-02, Param MSE = 1.811028e-01, Grad norm = 6.786103e-08, Beta update rate = 3.793987e-08
Epoch 1084600 (21.7%): Train pred MSE = 2.139269e-10, Test pred MSE = 1.760868e-02, Param MSE = 1.811028e-01, Grad norm = 6.778670e-08, Beta update rate = 3.789835e-08
Epoch 1084800 (21.7%): Train pred MSE = 2.134679e-10, Test pred MSE = 1.760868e-02, Param MSE = 1.811028e-01, Grad norm = 6.771245e-08, Beta update rate = 3.785689e-08
Epoch 1085000 (21.7%): Train pred MSE = 2.130099e-10, Test pred MSE = 1.760868e-02, Param MSE = 1.811027e-01, Grad norm = 6.763829e-08, Beta update rate = 3.781547e-08
Epoch 1085200 (21.7%): Train pred MSE = 2.125529e-10, Test pred MSE = 1.760867e-02, Param MSE = 1.811027e-01, Grad norm = 6.756421e-08, Beta update rate = 3.777410e-08
Epoch 1085400 (21.7%): Train pred MSE = 2.120969e-10, Test pred MSE = 1.760867e-02, Param MSE = 1.811027e-01, Grad norm = 6.749022e-08, Beta update rate = 3.773277e-08
Epoch 1085600 (21.7%): Train pred MSE = 2.116419e-10, Test pred MSE = 1.760867e-02, Param MSE = 1.811027e-01, Grad norm = 6.741631e-08, Beta update rate = 3.769149e-08
Epoch 1085800 (21.7%): Train pred MSE = 2.111879e-10, Test pred MSE = 1.760867e-02, Param MSE = 1.811027e-01, Grad norm = 6.734248e-08, Beta update rate = 3.765026e-08
Epoch 1086000 (21.7%): Train pred MSE = 2.107349e-10, Test pred MSE = 1.760867e-02, Param MSE = 1.811027e-01, Grad norm = 6.726874e-08, Beta update rate = 3.760908e-08
Epoch 1086200 (21.7%): Train pred MSE = 2.102829e-10, Test pred MSE = 1.760867e-02, Param MSE = 1.811027e-01, Grad norm = 6.719508e-08, Beta update rate = 3.756794e-08
Epoch 1086400 (21.7%): Train pred MSE = 2.098319e-10, Test pred MSE = 1.760867e-02, Param MSE = 1.811027e-01, Grad norm = 6.712151e-08, Beta update rate = 3.752685e-08
Epoch 1086600 (21.7%): Train pred MSE = 2.093818e-10, Test pred MSE = 1.760867e-02, Param MSE = 1.811027e-01, Grad norm = 6.704802e-08, Beta update rate = 3.748580e-08
Epoch 1086800 (21.7%): Train pred MSE = 2.089328e-10, Test pred MSE = 1.760867e-02, Param MSE = 1.811027e-01, Grad norm = 6.697461e-08, Beta update rate = 3.744481e-08
Epoch 1087000 (21.7%): Train pred MSE = 2.084847e-10, Test pred MSE = 1.760867e-02, Param MSE = 1.811027e-01, Grad norm = 6.690129e-08, Beta update rate = 3.740386e-08
Epoch 1087200 (21.7%): Train pred MSE = 2.080377e-10, Test pred MSE = 1.760867e-02, Param MSE = 1.811026e-01, Grad norm = 6.682805e-08, Beta update rate = 3.736295e-08
Epoch 1087400 (21.7%): Train pred MSE = 2.075915e-10, Test pred MSE = 1.760867e-02, Param MSE = 1.811026e-01, Grad norm = 6.675489e-08, Beta update rate = 3.732209e-08
Epoch 1087600 (21.8%): Train pred MSE = 2.071464e-10, Test pred MSE = 1.760867e-02, Param MSE = 1.811026e-01, Grad norm = 6.668182e-08, Beta update rate = 3.728128e-08
Epoch 1087800 (21.8%): Train pred MSE = 2.067023e-10, Test pred MSE = 1.760867e-02, Param MSE = 1.811026e-01, Grad norm = 6.660883e-08, Beta update rate = 3.724051e-08
Epoch 1088000 (21.8%): Train pred MSE = 2.062591e-10, Test pred MSE = 1.760867e-02, Param MSE = 1.811026e-01, Grad norm = 6.653592e-08, Beta update rate = 3.719979e-08
Epoch 1088200 (21.8%): Train pred MSE = 2.058169e-10, Test pred MSE = 1.760867e-02, Param MSE = 1.811026e-01, Grad norm = 6.646309e-08, Beta update rate = 3.715912e-08
Epoch 1088400 (21.8%): Train pred MSE = 2.053756e-10, Test pred MSE = 1.760866e-02, Param MSE = 1.811026e-01, Grad norm = 6.639035e-08, Beta update rate = 3.711849e-08
Epoch 1088600 (21.8%): Train pred MSE = 2.049353e-10, Test pred MSE = 1.760866e-02, Param MSE = 1.811026e-01, Grad norm = 6.631769e-08, Beta update rate = 3.707791e-08
Epoch 1088800 (21.8%): Train pred MSE = 2.044960e-10, Test pred MSE = 1.760866e-02, Param MSE = 1.811026e-01, Grad norm = 6.624511e-08, Beta update rate = 3.703738e-08
Epoch 1089000 (21.8%): Train pred MSE = 2.040577e-10, Test pred MSE = 1.760866e-02, Param MSE = 1.811026e-01, Grad norm = 6.617262e-08, Beta update rate = 3.699689e-08
Epoch 1089200 (21.8%): Train pred MSE = 2.036203e-10, Test pred MSE = 1.760866e-02, Param MSE = 1.811025e-01, Grad norm = 6.610020e-08, Beta update rate = 3.695645e-08
Epoch 1089400 (21.8%): Train pred MSE = 2.031838e-10, Test pred MSE = 1.760866e-02, Param MSE = 1.811025e-01, Grad norm = 6.602787e-08, Beta update rate = 3.691605e-08
Epoch 1089600 (21.8%): Train pred MSE = 2.027483e-10, Test pred MSE = 1.760866e-02, Param MSE = 1.811025e-01, Grad norm = 6.595562e-08, Beta update rate = 3.687570e-08
Epoch 1089800 (21.8%): Train pred MSE = 2.023138e-10, Test pred MSE = 1.760866e-02, Param MSE = 1.811025e-01, Grad norm = 6.588346e-08, Beta update rate = 3.683539e-08
Epoch 1090000 (21.8%): Train pred MSE = 2.018802e-10, Test pred MSE = 1.760866e-02, Param MSE = 1.811025e-01, Grad norm = 6.581137e-08, Beta update rate = 3.679513e-08
Epoch 1090200 (21.8%): Train pred MSE = 2.014476e-10, Test pred MSE = 1.760866e-02, Param MSE = 1.811025e-01, Grad norm = 6.573937e-08, Beta update rate = 3.675492e-08
Epoch 1090400 (21.8%): Train pred MSE = 2.010159e-10, Test pred MSE = 1.760866e-02, Param MSE = 1.811025e-01, Grad norm = 6.566745e-08, Beta update rate = 3.671475e-08
Epoch 1090600 (21.8%): Train pred MSE = 2.005851e-10, Test pred MSE = 1.760866e-02, Param MSE = 1.811025e-01, Grad norm = 6.559561e-08, Beta update rate = 3.667463e-08
Epoch 1090800 (21.8%): Train pred MSE = 2.001553e-10, Test pred MSE = 1.760866e-02, Param MSE = 1.811025e-01, Grad norm = 6.552385e-08, Beta update rate = 3.663455e-08
Epoch 1091000 (21.8%): Train pred MSE = 1.997265e-10, Test pred MSE = 1.760866e-02, Param MSE = 1.811025e-01, Grad norm = 6.545217e-08, Beta update rate = 3.659452e-08
Epoch 1091200 (21.8%): Train pred MSE = 1.992985e-10, Test pred MSE = 1.760866e-02, Param MSE = 1.811025e-01, Grad norm = 6.538058e-08, Beta update rate = 3.655453e-08
Epoch 1091400 (21.8%): Train pred MSE = 1.988715e-10, Test pred MSE = 1.760866e-02, Param MSE = 1.811024e-01, Grad norm = 6.530906e-08, Beta update rate = 3.651459e-08
Epoch 1091600 (21.8%): Train pred MSE = 1.984455e-10, Test pred MSE = 1.760866e-02, Param MSE = 1.811024e-01, Grad norm = 6.523763e-08, Beta update rate = 3.647469e-08
Epoch 1091800 (21.8%): Train pred MSE = 1.980204e-10, Test pred MSE = 1.760865e-02, Param MSE = 1.811024e-01, Grad norm = 6.516628e-08, Beta update rate = 3.643484e-08
Epoch 1092000 (21.8%): Train pred MSE = 1.975962e-10, Test pred MSE = 1.760865e-02, Param MSE = 1.811024e-01, Grad norm = 6.509501e-08, Beta update rate = 3.639503e-08
Epoch 1092200 (21.8%): Train pred MSE = 1.971729e-10, Test pred MSE = 1.760865e-02, Param MSE = 1.811024e-01, Grad norm = 6.502382e-08, Beta update rate = 3.635527e-08
Epoch 1092400 (21.8%): Train pred MSE = 1.967506e-10, Test pred MSE = 1.760865e-02, Param MSE = 1.811024e-01, Grad norm = 6.495271e-08, Beta update rate = 3.631556e-08
Epoch 1092600 (21.9%): Train pred MSE = 1.963291e-10, Test pred MSE = 1.760865e-02, Param MSE = 1.811024e-01, Grad norm = 6.488168e-08, Beta update rate = 3.627589e-08
Epoch 1092800 (21.9%): Train pred MSE = 1.959086e-10, Test pred MSE = 1.760865e-02, Param MSE = 1.811024e-01, Grad norm = 6.481073e-08, Beta update rate = 3.623626e-08
Epoch 1093000 (21.9%): Train pred MSE = 1.954891e-10, Test pred MSE = 1.760865e-02, Param MSE = 1.811024e-01, Grad norm = 6.473987e-08, Beta update rate = 3.619668e-08
Epoch 1093200 (21.9%): Train pred MSE = 1.950704e-10, Test pred MSE = 1.760865e-02, Param MSE = 1.811024e-01, Grad norm = 6.466908e-08, Beta update rate = 3.615715e-08
Epoch 1093400 (21.9%): Train pred MSE = 1.946526e-10, Test pred MSE = 1.760865e-02, Param MSE = 1.811024e-01, Grad norm = 6.459837e-08, Beta update rate = 3.611766e-08
Epoch 1093600 (21.9%): Train pred MSE = 1.942358e-10, Test pred MSE = 1.760865e-02, Param MSE = 1.811023e-01, Grad norm = 6.452775e-08, Beta update rate = 3.607821e-08
Epoch 1093800 (21.9%): Train pred MSE = 1.938199e-10, Test pred MSE = 1.760865e-02, Param MSE = 1.811023e-01, Grad norm = 6.445720e-08, Beta update rate = 3.603881e-08
Epoch 1094000 (21.9%): Train pred MSE = 1.934049e-10, Test pred MSE = 1.760865e-02, Param MSE = 1.811023e-01, Grad norm = 6.438673e-08, Beta update rate = 3.599945e-08
Epoch 1094200 (21.9%): Train pred MSE = 1.929908e-10, Test pred MSE = 1.760865e-02, Param MSE = 1.811023e-01, Grad norm = 6.431635e-08, Beta update rate = 3.596014e-08
Epoch 1094400 (21.9%): Train pred MSE = 1.925776e-10, Test pred MSE = 1.760865e-02, Param MSE = 1.811023e-01, Grad norm = 6.424604e-08, Beta update rate = 3.592087e-08
Epoch 1094600 (21.9%): Train pred MSE = 1.921653e-10, Test pred MSE = 1.760865e-02, Param MSE = 1.811023e-01, Grad norm = 6.417581e-08, Beta update rate = 3.588165e-08
Epoch 1094800 (21.9%): Train pred MSE = 1.917539e-10, Test pred MSE = 1.760865e-02, Param MSE = 1.811023e-01, Grad norm = 6.410567e-08, Beta update rate = 3.584247e-08
Epoch 1095000 (21.9%): Train pred MSE = 1.913434e-10, Test pred MSE = 1.760865e-02, Param MSE = 1.811023e-01, Grad norm = 6.403560e-08, Beta update rate = 3.580334e-08
Epoch 1095200 (21.9%): Train pred MSE = 1.909337e-10, Test pred MSE = 1.760864e-02, Param MSE = 1.811023e-01, Grad norm = 6.396561e-08, Beta update rate = 3.576425e-08
Epoch 1095400 (21.9%): Train pred MSE = 1.905250e-10, Test pred MSE = 1.760864e-02, Param MSE = 1.811023e-01, Grad norm = 6.389570e-08, Beta update rate = 3.572520e-08
Epoch 1095600 (21.9%): Train pred MSE = 1.901172e-10, Test pred MSE = 1.760864e-02, Param MSE = 1.811023e-01, Grad norm = 6.382587e-08, Beta update rate = 3.568620e-08
Epoch 1095800 (21.9%): Train pred MSE = 1.897103e-10, Test pred MSE = 1.760864e-02, Param MSE = 1.811022e-01, Grad norm = 6.375612e-08, Beta update rate = 3.564724e-08
Epoch 1096000 (21.9%): Train pred MSE = 1.893043e-10, Test pred MSE = 1.760864e-02, Param MSE = 1.811022e-01, Grad norm = 6.368645e-08, Beta update rate = 3.560833e-08
Epoch 1096200 (21.9%): Train pred MSE = 1.888991e-10, Test pred MSE = 1.760864e-02, Param MSE = 1.811022e-01, Grad norm = 6.361686e-08, Beta update rate = 3.556946e-08
Epoch 1096400 (21.9%): Train pred MSE = 1.884948e-10, Test pred MSE = 1.760864e-02, Param MSE = 1.811022e-01, Grad norm = 6.354735e-08, Beta update rate = 3.553064e-08
Epoch 1096600 (21.9%): Train pred MSE = 1.880915e-10, Test pred MSE = 1.760864e-02, Param MSE = 1.811022e-01, Grad norm = 6.347791e-08, Beta update rate = 3.549185e-08
Epoch 1096800 (21.9%): Train pred MSE = 1.876890e-10, Test pred MSE = 1.760864e-02, Param MSE = 1.811022e-01, Grad norm = 6.340856e-08, Beta update rate = 3.545312e-08
Epoch 1097000 (21.9%): Train pred MSE = 1.872873e-10, Test pred MSE = 1.760864e-02, Param MSE = 1.811022e-01, Grad norm = 6.333928e-08, Beta update rate = 3.541442e-08
Epoch 1097200 (21.9%): Train pred MSE = 1.868866e-10, Test pred MSE = 1.760864e-02, Param MSE = 1.811022e-01, Grad norm = 6.327008e-08, Beta update rate = 3.537578e-08
Epoch 1097400 (21.9%): Train pred MSE = 1.864867e-10, Test pred MSE = 1.760864e-02, Param MSE = 1.811022e-01, Grad norm = 6.320096e-08, Beta update rate = 3.533717e-08
Epoch 1097600 (22.0%): Train pred MSE = 1.860877e-10, Test pred MSE = 1.760864e-02, Param MSE = 1.811022e-01, Grad norm = 6.313192e-08, Beta update rate = 3.529861e-08
Epoch 1097800 (22.0%): Train pred MSE = 1.856896e-10, Test pred MSE = 1.760864e-02, Param MSE = 1.811022e-01, Grad norm = 6.306296e-08, Beta update rate = 3.526009e-08
Epoch 1098000 (22.0%): Train pred MSE = 1.852923e-10, Test pred MSE = 1.760864e-02, Param MSE = 1.811021e-01, Grad norm = 6.299407e-08, Beta update rate = 3.522162e-08
Epoch 1098200 (22.0%): Train pred MSE = 1.848960e-10, Test pred MSE = 1.760864e-02, Param MSE = 1.811021e-01, Grad norm = 6.292526e-08, Beta update rate = 3.518318e-08
Epoch 1098400 (22.0%): Train pred MSE = 1.845004e-10, Test pred MSE = 1.760864e-02, Param MSE = 1.811021e-01, Grad norm = 6.285654e-08, Beta update rate = 3.514480e-08
Epoch 1098600 (22.0%): Train pred MSE = 1.841058e-10, Test pred MSE = 1.760863e-02, Param MSE = 1.811021e-01, Grad norm = 6.278788e-08, Beta update rate = 3.510645e-08
Epoch 1098800 (22.0%): Train pred MSE = 1.837120e-10, Test pred MSE = 1.760863e-02, Param MSE = 1.811021e-01, Grad norm = 6.271931e-08, Beta update rate = 3.506815e-08
Epoch 1099000 (22.0%): Train pred MSE = 1.833190e-10, Test pred MSE = 1.760863e-02, Param MSE = 1.811021e-01, Grad norm = 6.265082e-08, Beta update rate = 3.502990e-08
Epoch 1099200 (22.0%): Train pred MSE = 1.829270e-10, Test pred MSE = 1.760863e-02, Param MSE = 1.811021e-01, Grad norm = 6.258240e-08, Beta update rate = 3.499168e-08
Epoch 1099400 (22.0%): Train pred MSE = 1.825357e-10, Test pred MSE = 1.760863e-02, Param MSE = 1.811021e-01, Grad norm = 6.251406e-08, Beta update rate = 3.495351e-08
Epoch 1099600 (22.0%): Train pred MSE = 1.821454e-10, Test pred MSE = 1.760863e-02, Param MSE = 1.811021e-01, Grad norm = 6.244579e-08, Beta update rate = 3.491539e-08
Epoch 1099800 (22.0%): Train pred MSE = 1.817558e-10, Test pred MSE = 1.760863e-02, Param MSE = 1.811021e-01, Grad norm = 6.237761e-08, Beta update rate = 3.487730e-08
Epoch 1100000 (22.0%): Train pred MSE = 1.813672e-10, Test pred MSE = 1.760863e-02, Param MSE = 1.811021e-01, Grad norm = 6.230950e-08, Beta update rate = 3.483926e-08
Epoch 1100200 (22.0%): Train pred MSE = 1.809794e-10, Test pred MSE = 1.760863e-02, Param MSE = 1.811020e-01, Grad norm = 6.224147e-08, Beta update rate = 3.480126e-08
Epoch 1100400 (22.0%): Train pred MSE = 1.805924e-10, Test pred MSE = 1.760863e-02, Param MSE = 1.811020e-01, Grad norm = 6.217352e-08, Beta update rate = 3.476331e-08
Epoch 1100600 (22.0%): Train pred MSE = 1.802062e-10, Test pred MSE = 1.760863e-02, Param MSE = 1.811020e-01, Grad norm = 6.210564e-08, Beta update rate = 3.472540e-08
Epoch 1100800 (22.0%): Train pred MSE = 1.798210e-10, Test pred MSE = 1.760863e-02, Param MSE = 1.811020e-01, Grad norm = 6.203784e-08, Beta update rate = 3.468753e-08
Epoch 1101000 (22.0%): Train pred MSE = 1.794365e-10, Test pred MSE = 1.760863e-02, Param MSE = 1.811020e-01, Grad norm = 6.197011e-08, Beta update rate = 3.464970e-08
Epoch 1101200 (22.0%): Train pred MSE = 1.790529e-10, Test pred MSE = 1.760863e-02, Param MSE = 1.811020e-01, Grad norm = 6.190247e-08, Beta update rate = 3.461192e-08
Epoch 1101400 (22.0%): Train pred MSE = 1.786701e-10, Test pred MSE = 1.760863e-02, Param MSE = 1.811020e-01, Grad norm = 6.183490e-08, Beta update rate = 3.457418e-08
Epoch 1101600 (22.0%): Train pred MSE = 1.782882e-10, Test pred MSE = 1.760863e-02, Param MSE = 1.811020e-01, Grad norm = 6.176741e-08, Beta update rate = 3.453648e-08
Epoch 1101800 (22.0%): Train pred MSE = 1.779071e-10, Test pred MSE = 1.760863e-02, Param MSE = 1.811020e-01, Grad norm = 6.169999e-08, Beta update rate = 3.449882e-08
Epoch 1102000 (22.0%): Train pred MSE = 1.775268e-10, Test pred MSE = 1.760862e-02, Param MSE = 1.811020e-01, Grad norm = 6.163265e-08, Beta update rate = 3.446121e-08
Epoch 1102200 (22.0%): Train pred MSE = 1.771474e-10, Test pred MSE = 1.760862e-02, Param MSE = 1.811020e-01, Grad norm = 6.156538e-08, Beta update rate = 3.442364e-08
Epoch 1102400 (22.0%): Train pred MSE = 1.767688e-10, Test pred MSE = 1.760862e-02, Param MSE = 1.811020e-01, Grad norm = 6.149820e-08, Beta update rate = 3.438612e-08
Epoch 1102600 (22.1%): Train pred MSE = 1.763910e-10, Test pred MSE = 1.760862e-02, Param MSE = 1.811019e-01, Grad norm = 6.143108e-08, Beta update rate = 3.434863e-08
Epoch 1102800 (22.1%): Train pred MSE = 1.760140e-10, Test pred MSE = 1.760862e-02, Param MSE = 1.811019e-01, Grad norm = 6.136405e-08, Beta update rate = 3.431119e-08
Epoch 1103000 (22.1%): Train pred MSE = 1.756379e-10, Test pred MSE = 1.760862e-02, Param MSE = 1.811019e-01, Grad norm = 6.129709e-08, Beta update rate = 3.427379e-08
Epoch 1103200 (22.1%): Train pred MSE = 1.752626e-10, Test pred MSE = 1.760862e-02, Param MSE = 1.811019e-01, Grad norm = 6.123020e-08, Beta update rate = 3.423643e-08
Epoch 1103400 (22.1%): Train pred MSE = 1.748881e-10, Test pred MSE = 1.760862e-02, Param MSE = 1.811019e-01, Grad norm = 6.116340e-08, Beta update rate = 3.419912e-08
Epoch 1103600 (22.1%): Train pred MSE = 1.745144e-10, Test pred MSE = 1.760862e-02, Param MSE = 1.811019e-01, Grad norm = 6.109666e-08, Beta update rate = 3.416184e-08
Epoch 1103800 (22.1%): Train pred MSE = 1.741415e-10, Test pred MSE = 1.760862e-02, Param MSE = 1.811019e-01, Grad norm = 6.103001e-08, Beta update rate = 3.412461e-08
Epoch 1104000 (22.1%): Train pred MSE = 1.737695e-10, Test pred MSE = 1.760862e-02, Param MSE = 1.811019e-01, Grad norm = 6.096342e-08, Beta update rate = 3.408742e-08
Epoch 1104200 (22.1%): Train pred MSE = 1.733982e-10, Test pred MSE = 1.760862e-02, Param MSE = 1.811019e-01, Grad norm = 6.089692e-08, Beta update rate = 3.405028e-08
Epoch 1104400 (22.1%): Train pred MSE = 1.730278e-10, Test pred MSE = 1.760862e-02, Param MSE = 1.811019e-01, Grad norm = 6.083049e-08, Beta update rate = 3.401317e-08
Epoch 1104600 (22.1%): Train pred MSE = 1.726581e-10, Test pred MSE = 1.760862e-02, Param MSE = 1.811019e-01, Grad norm = 6.076413e-08, Beta update rate = 3.397611e-08
Epoch 1104800 (22.1%): Train pred MSE = 1.722893e-10, Test pred MSE = 1.760862e-02, Param MSE = 1.811018e-01, Grad norm = 6.069785e-08, Beta update rate = 3.393909e-08
Epoch 1105000 (22.1%): Train pred MSE = 1.719213e-10, Test pred MSE = 1.760862e-02, Param MSE = 1.811018e-01, Grad norm = 6.063164e-08, Beta update rate = 3.390211e-08
Epoch 1105200 (22.1%): Train pred MSE = 1.715541e-10, Test pred MSE = 1.760862e-02, Param MSE = 1.811018e-01, Grad norm = 6.056551e-08, Beta update rate = 3.386517e-08
Epoch 1105400 (22.1%): Train pred MSE = 1.711877e-10, Test pred MSE = 1.760862e-02, Param MSE = 1.811018e-01, Grad norm = 6.049946e-08, Beta update rate = 3.382828e-08
Epoch 1105600 (22.1%): Train pred MSE = 1.708221e-10, Test pred MSE = 1.760861e-02, Param MSE = 1.811018e-01, Grad norm = 6.043348e-08, Beta update rate = 3.379142e-08
Epoch 1105800 (22.1%): Train pred MSE = 1.704572e-10, Test pred MSE = 1.760861e-02, Param MSE = 1.811018e-01, Grad norm = 6.036757e-08, Beta update rate = 3.375461e-08
Epoch 1106000 (22.1%): Train pred MSE = 1.700932e-10, Test pred MSE = 1.760861e-02, Param MSE = 1.811018e-01, Grad norm = 6.030174e-08, Beta update rate = 3.371784e-08
Epoch 1106200 (22.1%): Train pred MSE = 1.697300e-10, Test pred MSE = 1.760861e-02, Param MSE = 1.811018e-01, Grad norm = 6.023598e-08, Beta update rate = 3.368111e-08
Epoch 1106400 (22.1%): Train pred MSE = 1.693675e-10, Test pred MSE = 1.760861e-02, Param MSE = 1.811018e-01, Grad norm = 6.017030e-08, Beta update rate = 3.364442e-08
Epoch 1106600 (22.1%): Train pred MSE = 1.690059e-10, Test pred MSE = 1.760861e-02, Param MSE = 1.811018e-01, Grad norm = 6.010469e-08, Beta update rate = 3.360778e-08
Epoch 1106800 (22.1%): Train pred MSE = 1.686450e-10, Test pred MSE = 1.760861e-02, Param MSE = 1.811018e-01, Grad norm = 6.003916e-08, Beta update rate = 3.357117e-08
Epoch 1107000 (22.1%): Train pred MSE = 1.682850e-10, Test pred MSE = 1.760861e-02, Param MSE = 1.811018e-01, Grad norm = 5.997370e-08, Beta update rate = 3.353461e-08
Epoch 1107200 (22.1%): Train pred MSE = 1.679257e-10, Test pred MSE = 1.760861e-02, Param MSE = 1.811017e-01, Grad norm = 5.990831e-08, Beta update rate = 3.349809e-08
Epoch 1107400 (22.1%): Train pred MSE = 1.675672e-10, Test pred MSE = 1.760861e-02, Param MSE = 1.811017e-01, Grad norm = 5.984300e-08, Beta update rate = 3.346161e-08
Epoch 1107600 (22.2%): Train pred MSE = 1.672094e-10, Test pred MSE = 1.760861e-02, Param MSE = 1.811017e-01, Grad norm = 5.977776e-08, Beta update rate = 3.342517e-08
Epoch 1107800 (22.2%): Train pred MSE = 1.668525e-10, Test pred MSE = 1.760861e-02, Param MSE = 1.811017e-01, Grad norm = 5.971260e-08, Beta update rate = 3.338877e-08
Epoch 1108000 (22.2%): Train pred MSE = 1.664963e-10, Test pred MSE = 1.760861e-02, Param MSE = 1.811017e-01, Grad norm = 5.964751e-08, Beta update rate = 3.335242e-08
Epoch 1108200 (22.2%): Train pred MSE = 1.661409e-10, Test pred MSE = 1.760861e-02, Param MSE = 1.811017e-01, Grad norm = 5.958249e-08, Beta update rate = 3.331610e-08
Epoch 1108400 (22.2%): Train pred MSE = 1.657863e-10, Test pred MSE = 1.760861e-02, Param MSE = 1.811017e-01, Grad norm = 5.951755e-08, Beta update rate = 3.327983e-08
Epoch 1108600 (22.2%): Train pred MSE = 1.654325e-10, Test pred MSE = 1.760861e-02, Param MSE = 1.811017e-01, Grad norm = 5.945268e-08, Beta update rate = 3.324359e-08
Epoch 1108800 (22.2%): Train pred MSE = 1.650794e-10, Test pred MSE = 1.760861e-02, Param MSE = 1.811017e-01, Grad norm = 5.938788e-08, Beta update rate = 3.320740e-08
Epoch 1109000 (22.2%): Train pred MSE = 1.647271e-10, Test pred MSE = 1.760861e-02, Param MSE = 1.811017e-01, Grad norm = 5.932316e-08, Beta update rate = 3.317125e-08
Epoch 1109200 (22.2%): Train pred MSE = 1.643756e-10, Test pred MSE = 1.760860e-02, Param MSE = 1.811017e-01, Grad norm = 5.925851e-08, Beta update rate = 3.313514e-08
Epoch 1109400 (22.2%): Train pred MSE = 1.640248e-10, Test pred MSE = 1.760860e-02, Param MSE = 1.811017e-01, Grad norm = 5.919394e-08, Beta update rate = 3.309907e-08
Epoch 1109600 (22.2%): Train pred MSE = 1.636748e-10, Test pred MSE = 1.760860e-02, Param MSE = 1.811016e-01, Grad norm = 5.912943e-08, Beta update rate = 3.306304e-08
Epoch 1109800 (22.2%): Train pred MSE = 1.633255e-10, Test pred MSE = 1.760860e-02, Param MSE = 1.811016e-01, Grad norm = 5.906500e-08, Beta update rate = 3.302705e-08
Epoch 1110000 (22.2%): Train pred MSE = 1.629770e-10, Test pred MSE = 1.760860e-02, Param MSE = 1.811016e-01, Grad norm = 5.900064e-08, Beta update rate = 3.299110e-08
Epoch 1110200 (22.2%): Train pred MSE = 1.626293e-10, Test pred MSE = 1.760860e-02, Param MSE = 1.811016e-01, Grad norm = 5.893636e-08, Beta update rate = 3.295520e-08
Epoch 1110400 (22.2%): Train pred MSE = 1.622824e-10, Test pred MSE = 1.760860e-02, Param MSE = 1.811016e-01, Grad norm = 5.887215e-08, Beta update rate = 3.291933e-08
Epoch 1110600 (22.2%): Train pred MSE = 1.619361e-10, Test pred MSE = 1.760860e-02, Param MSE = 1.811016e-01, Grad norm = 5.880801e-08, Beta update rate = 3.288351e-08
Epoch 1110800 (22.2%): Train pred MSE = 1.615907e-10, Test pred MSE = 1.760860e-02, Param MSE = 1.811016e-01, Grad norm = 5.874394e-08, Beta update rate = 3.284772e-08
Epoch 1111000 (22.2%): Train pred MSE = 1.612460e-10, Test pred MSE = 1.760860e-02, Param MSE = 1.811016e-01, Grad norm = 5.867995e-08, Beta update rate = 3.281197e-08
Epoch 1111200 (22.2%): Train pred MSE = 1.609020e-10, Test pred MSE = 1.760860e-02, Param MSE = 1.811016e-01, Grad norm = 5.861603e-08, Beta update rate = 3.277627e-08
Epoch 1111400 (22.2%): Train pred MSE = 1.605588e-10, Test pred MSE = 1.760860e-02, Param MSE = 1.811016e-01, Grad norm = 5.855218e-08, Beta update rate = 3.274061e-08
Epoch 1111600 (22.2%): Train pred MSE = 1.602164e-10, Test pred MSE = 1.760860e-02, Param MSE = 1.811016e-01, Grad norm = 5.848840e-08, Beta update rate = 3.270498e-08
Epoch 1111800 (22.2%): Train pred MSE = 1.598746e-10, Test pred MSE = 1.760860e-02, Param MSE = 1.811016e-01, Grad norm = 5.842469e-08, Beta update rate = 3.266940e-08
Epoch 1112000 (22.2%): Train pred MSE = 1.595337e-10, Test pred MSE = 1.760860e-02, Param MSE = 1.811015e-01, Grad norm = 5.836106e-08, Beta update rate = 3.263386e-08
Epoch 1112200 (22.2%): Train pred MSE = 1.591934e-10, Test pred MSE = 1.760860e-02, Param MSE = 1.811015e-01, Grad norm = 5.829750e-08, Beta update rate = 3.259835e-08
Epoch 1112400 (22.2%): Train pred MSE = 1.588540e-10, Test pred MSE = 1.760860e-02, Param MSE = 1.811015e-01, Grad norm = 5.823401e-08, Beta update rate = 3.256289e-08
Epoch 1112600 (22.3%): Train pred MSE = 1.585152e-10, Test pred MSE = 1.760860e-02, Param MSE = 1.811015e-01, Grad norm = 5.817059e-08, Beta update rate = 3.252747e-08
Epoch 1112800 (22.3%): Train pred MSE = 1.581772e-10, Test pred MSE = 1.760860e-02, Param MSE = 1.811015e-01, Grad norm = 5.810725e-08, Beta update rate = 3.249208e-08
Epoch 1113000 (22.3%): Train pred MSE = 1.578399e-10, Test pred MSE = 1.760859e-02, Param MSE = 1.811015e-01, Grad norm = 5.804397e-08, Beta update rate = 3.245674e-08
Epoch 1113200 (22.3%): Train pred MSE = 1.575034e-10, Test pred MSE = 1.760859e-02, Param MSE = 1.811015e-01, Grad norm = 5.798077e-08, Beta update rate = 3.242144e-08
Epoch 1113400 (22.3%): Train pred MSE = 1.571676e-10, Test pred MSE = 1.760859e-02, Param MSE = 1.811015e-01, Grad norm = 5.791764e-08, Beta update rate = 3.238617e-08
Epoch 1113600 (22.3%): Train pred MSE = 1.568325e-10, Test pred MSE = 1.760859e-02, Param MSE = 1.811015e-01, Grad norm = 5.785458e-08, Beta update rate = 3.235095e-08
Epoch 1113800 (22.3%): Train pred MSE = 1.564981e-10, Test pred MSE = 1.760859e-02, Param MSE = 1.811015e-01, Grad norm = 5.779159e-08, Beta update rate = 3.231577e-08
Epoch 1114000 (22.3%): Train pred MSE = 1.561645e-10, Test pred MSE = 1.760859e-02, Param MSE = 1.811015e-01, Grad norm = 5.772867e-08, Beta update rate = 3.228062e-08
Epoch 1114200 (22.3%): Train pred MSE = 1.558316e-10, Test pred MSE = 1.760859e-02, Param MSE = 1.811015e-01, Grad norm = 5.766583e-08, Beta update rate = 3.224552e-08
Epoch 1114400 (22.3%): Train pred MSE = 1.554995e-10, Test pred MSE = 1.760859e-02, Param MSE = 1.811014e-01, Grad norm = 5.760305e-08, Beta update rate = 3.221045e-08
Epoch 1114600 (22.3%): Train pred MSE = 1.551680e-10, Test pred MSE = 1.760859e-02, Param MSE = 1.811014e-01, Grad norm = 5.754035e-08, Beta update rate = 3.217543e-08
Epoch 1114800 (22.3%): Train pred MSE = 1.548373e-10, Test pred MSE = 1.760859e-02, Param MSE = 1.811014e-01, Grad norm = 5.747771e-08, Beta update rate = 3.214044e-08
Epoch 1115000 (22.3%): Train pred MSE = 1.545073e-10, Test pred MSE = 1.760859e-02, Param MSE = 1.811014e-01, Grad norm = 5.741515e-08, Beta update rate = 3.210550e-08
Epoch 1115200 (22.3%): Train pred MSE = 1.541780e-10, Test pred MSE = 1.760859e-02, Param MSE = 1.811014e-01, Grad norm = 5.735266e-08, Beta update rate = 3.207059e-08
Epoch 1115400 (22.3%): Train pred MSE = 1.538494e-10, Test pred MSE = 1.760859e-02, Param MSE = 1.811014e-01, Grad norm = 5.729024e-08, Beta update rate = 3.203572e-08
Epoch 1115600 (22.3%): Train pred MSE = 1.535216e-10, Test pred MSE = 1.760859e-02, Param MSE = 1.811014e-01, Grad norm = 5.722789e-08, Beta update rate = 3.200090e-08
Epoch 1115800 (22.3%): Train pred MSE = 1.531944e-10, Test pred MSE = 1.760859e-02, Param MSE = 1.811014e-01, Grad norm = 5.716561e-08, Beta update rate = 3.196611e-08
Epoch 1116000 (22.3%): Train pred MSE = 1.528680e-10, Test pred MSE = 1.760859e-02, Param MSE = 1.811014e-01, Grad norm = 5.710340e-08, Beta update rate = 3.193136e-08
Epoch 1116200 (22.3%): Train pred MSE = 1.525423e-10, Test pred MSE = 1.760859e-02, Param MSE = 1.811014e-01, Grad norm = 5.704126e-08, Beta update rate = 3.189665e-08
Epoch 1116400 (22.3%): Train pred MSE = 1.522172e-10, Test pred MSE = 1.760859e-02, Param MSE = 1.811014e-01, Grad norm = 5.697919e-08, Beta update rate = 3.186198e-08
Epoch 1116600 (22.3%): Train pred MSE = 1.518929e-10, Test pred MSE = 1.760859e-02, Param MSE = 1.811014e-01, Grad norm = 5.691719e-08, Beta update rate = 3.182735e-08
Epoch 1116800 (22.3%): Train pred MSE = 1.515693e-10, Test pred MSE = 1.760858e-02, Param MSE = 1.811013e-01, Grad norm = 5.685526e-08, Beta update rate = 3.179276e-08
Epoch 1117000 (22.3%): Train pred MSE = 1.512464e-10, Test pred MSE = 1.760858e-02, Param MSE = 1.811013e-01, Grad norm = 5.679340e-08, Beta update rate = 3.175820e-08
Epoch 1117200 (22.3%): Train pred MSE = 1.509242e-10, Test pred MSE = 1.760858e-02, Param MSE = 1.811013e-01, Grad norm = 5.673161e-08, Beta update rate = 3.172369e-08
Epoch 1117400 (22.3%): Train pred MSE = 1.506028e-10, Test pred MSE = 1.760858e-02, Param MSE = 1.811013e-01, Grad norm = 5.666989e-08, Beta update rate = 3.168921e-08
Epoch 1117600 (22.4%): Train pred MSE = 1.502820e-10, Test pred MSE = 1.760858e-02, Param MSE = 1.811013e-01, Grad norm = 5.660824e-08, Beta update rate = 3.165478e-08
Epoch 1117800 (22.4%): Train pred MSE = 1.499619e-10, Test pred MSE = 1.760858e-02, Param MSE = 1.811013e-01, Grad norm = 5.654666e-08, Beta update rate = 3.162038e-08
Epoch 1118000 (22.4%): Train pred MSE = 1.496425e-10, Test pred MSE = 1.760858e-02, Param MSE = 1.811013e-01, Grad norm = 5.648515e-08, Beta update rate = 3.158602e-08
Epoch 1118200 (22.4%): Train pred MSE = 1.493237e-10, Test pred MSE = 1.760858e-02, Param MSE = 1.811013e-01, Grad norm = 5.642371e-08, Beta update rate = 3.155170e-08
Epoch 1118400 (22.4%): Train pred MSE = 1.490057e-10, Test pred MSE = 1.760858e-02, Param MSE = 1.811013e-01, Grad norm = 5.636234e-08, Beta update rate = 3.151742e-08
Epoch 1118600 (22.4%): Train pred MSE = 1.486884e-10, Test pred MSE = 1.760858e-02, Param MSE = 1.811013e-01, Grad norm = 5.630104e-08, Beta update rate = 3.148318e-08
Epoch 1118800 (22.4%): Train pred MSE = 1.483718e-10, Test pred MSE = 1.760858e-02, Param MSE = 1.811013e-01, Grad norm = 5.623981e-08, Beta update rate = 3.144897e-08
Epoch 1119000 (22.4%): Train pred MSE = 1.480558e-10, Test pred MSE = 1.760858e-02, Param MSE = 1.811013e-01, Grad norm = 5.617864e-08, Beta update rate = 3.141481e-08
Epoch 1119200 (22.4%): Train pred MSE = 1.477406e-10, Test pred MSE = 1.760858e-02, Param MSE = 1.811013e-01, Grad norm = 5.611755e-08, Beta update rate = 3.138068e-08
Epoch 1119400 (22.4%): Train pred MSE = 1.474260e-10, Test pred MSE = 1.760858e-02, Param MSE = 1.811012e-01, Grad norm = 5.605652e-08, Beta update rate = 3.134659e-08
Epoch 1119600 (22.4%): Train pred MSE = 1.471121e-10, Test pred MSE = 1.760858e-02, Param MSE = 1.811012e-01, Grad norm = 5.599557e-08, Beta update rate = 3.131254e-08
Epoch 1119800 (22.4%): Train pred MSE = 1.467989e-10, Test pred MSE = 1.760858e-02, Param MSE = 1.811012e-01, Grad norm = 5.593468e-08, Beta update rate = 3.127853e-08
Epoch 1120000 (22.4%): Train pred MSE = 1.464864e-10, Test pred MSE = 1.760858e-02, Param MSE = 1.811012e-01, Grad norm = 5.587386e-08, Beta update rate = 3.124456e-08
Epoch 1120200 (22.4%): Train pred MSE = 1.461745e-10, Test pred MSE = 1.760858e-02, Param MSE = 1.811012e-01, Grad norm = 5.581311e-08, Beta update rate = 3.121062e-08
Epoch 1120400 (22.4%): Train pred MSE = 1.458634e-10, Test pred MSE = 1.760858e-02, Param MSE = 1.811012e-01, Grad norm = 5.575243e-08, Beta update rate = 3.117673e-08
Epoch 1120600 (22.4%): Train pred MSE = 1.455529e-10, Test pred MSE = 1.760857e-02, Param MSE = 1.811012e-01, Grad norm = 5.569181e-08, Beta update rate = 3.114287e-08
Epoch 1120800 (22.4%): Train pred MSE = 1.452431e-10, Test pred MSE = 1.760857e-02, Param MSE = 1.811012e-01, Grad norm = 5.563127e-08, Beta update rate = 3.110905e-08
Epoch 1121000 (22.4%): Train pred MSE = 1.449339e-10, Test pred MSE = 1.760857e-02, Param MSE = 1.811012e-01, Grad norm = 5.557079e-08, Beta update rate = 3.107527e-08
Epoch 1121200 (22.4%): Train pred MSE = 1.446254e-10, Test pred MSE = 1.760857e-02, Param MSE = 1.811012e-01, Grad norm = 5.551039e-08, Beta update rate = 3.104153e-08
Epoch 1121400 (22.4%): Train pred MSE = 1.443176e-10, Test pred MSE = 1.760857e-02, Param MSE = 1.811012e-01, Grad norm = 5.545005e-08, Beta update rate = 3.100782e-08
Epoch 1121600 (22.4%): Train pred MSE = 1.440105e-10, Test pred MSE = 1.760857e-02, Param MSE = 1.811012e-01, Grad norm = 5.538977e-08, Beta update rate = 3.097415e-08
Epoch 1121800 (22.4%): Train pred MSE = 1.437040e-10, Test pred MSE = 1.760857e-02, Param MSE = 1.811011e-01, Grad norm = 5.532957e-08, Beta update rate = 3.094052e-08
Epoch 1122000 (22.4%): Train pred MSE = 1.433982e-10, Test pred MSE = 1.760857e-02, Param MSE = 1.811011e-01, Grad norm = 5.526943e-08, Beta update rate = 3.090693e-08
Epoch 1122200 (22.4%): Train pred MSE = 1.430931e-10, Test pred MSE = 1.760857e-02, Param MSE = 1.811011e-01, Grad norm = 5.520937e-08, Beta update rate = 3.087338e-08
Epoch 1122400 (22.4%): Train pred MSE = 1.427886e-10, Test pred MSE = 1.760857e-02, Param MSE = 1.811011e-01, Grad norm = 5.514937e-08, Beta update rate = 3.083986e-08
Epoch 1122600 (22.5%): Train pred MSE = 1.424848e-10, Test pred MSE = 1.760857e-02, Param MSE = 1.811011e-01, Grad norm = 5.508943e-08, Beta update rate = 3.080638e-08
Epoch 1122800 (22.5%): Train pred MSE = 1.421817e-10, Test pred MSE = 1.760857e-02, Param MSE = 1.811011e-01, Grad norm = 5.502957e-08, Beta update rate = 3.077294e-08
Epoch 1123000 (22.5%): Train pred MSE = 1.418792e-10, Test pred MSE = 1.760857e-02, Param MSE = 1.811011e-01, Grad norm = 5.496977e-08, Beta update rate = 3.073954e-08
Epoch 1123200 (22.5%): Train pred MSE = 1.415773e-10, Test pred MSE = 1.760857e-02, Param MSE = 1.811011e-01, Grad norm = 5.491004e-08, Beta update rate = 3.070618e-08
Epoch 1123400 (22.5%): Train pred MSE = 1.412761e-10, Test pred MSE = 1.760857e-02, Param MSE = 1.811011e-01, Grad norm = 5.485038e-08, Beta update rate = 3.067285e-08
Epoch 1123600 (22.5%): Train pred MSE = 1.409756e-10, Test pred MSE = 1.760857e-02, Param MSE = 1.811011e-01, Grad norm = 5.479078e-08, Beta update rate = 3.063956e-08
Epoch 1123800 (22.5%): Train pred MSE = 1.406757e-10, Test pred MSE = 1.760857e-02, Param MSE = 1.811011e-01, Grad norm = 5.473126e-08, Beta update rate = 3.060631e-08
Epoch 1124000 (22.5%): Train pred MSE = 1.403765e-10, Test pred MSE = 1.760857e-02, Param MSE = 1.811011e-01, Grad norm = 5.467180e-08, Beta update rate = 3.057309e-08
Epoch 1124200 (22.5%): Train pred MSE = 1.400779e-10, Test pred MSE = 1.760857e-02, Param MSE = 1.811011e-01, Grad norm = 5.461240e-08, Beta update rate = 3.053992e-08
Epoch 1124400 (22.5%): Train pred MSE = 1.397800e-10, Test pred MSE = 1.760857e-02, Param MSE = 1.811010e-01, Grad norm = 5.455308e-08, Beta update rate = 3.050678e-08
Epoch 1124600 (22.5%): Train pred MSE = 1.394827e-10, Test pred MSE = 1.760856e-02, Param MSE = 1.811010e-01, Grad norm = 5.449382e-08, Beta update rate = 3.047367e-08
Epoch 1124800 (22.5%): Train pred MSE = 1.391861e-10, Test pred MSE = 1.760856e-02, Param MSE = 1.811010e-01, Grad norm = 5.443463e-08, Beta update rate = 3.044061e-08
Epoch 1125000 (22.5%): Train pred MSE = 1.388901e-10, Test pred MSE = 1.760856e-02, Param MSE = 1.811010e-01, Grad norm = 5.437550e-08, Beta update rate = 3.040758e-08
Epoch 1125200 (22.5%): Train pred MSE = 1.385948e-10, Test pred MSE = 1.760856e-02, Param MSE = 1.811010e-01, Grad norm = 5.431644e-08, Beta update rate = 3.037459e-08
Epoch 1125400 (22.5%): Train pred MSE = 1.383001e-10, Test pred MSE = 1.760856e-02, Param MSE = 1.811010e-01, Grad norm = 5.425745e-08, Beta update rate = 3.034164e-08
Epoch 1125600 (22.5%): Train pred MSE = 1.380060e-10, Test pred MSE = 1.760856e-02, Param MSE = 1.811010e-01, Grad norm = 5.419852e-08, Beta update rate = 3.030872e-08
Epoch 1125800 (22.5%): Train pred MSE = 1.377126e-10, Test pred MSE = 1.760856e-02, Param MSE = 1.811010e-01, Grad norm = 5.413966e-08, Beta update rate = 3.027584e-08
Epoch 1126000 (22.5%): Train pred MSE = 1.374198e-10, Test pred MSE = 1.760856e-02, Param MSE = 1.811010e-01, Grad norm = 5.408087e-08, Beta update rate = 3.024300e-08
Epoch 1126200 (22.5%): Train pred MSE = 1.371276e-10, Test pred MSE = 1.760856e-02, Param MSE = 1.811010e-01, Grad norm = 5.402214e-08, Beta update rate = 3.021019e-08
Epoch 1126400 (22.5%): Train pred MSE = 1.368361e-10, Test pred MSE = 1.760856e-02, Param MSE = 1.811010e-01, Grad norm = 5.396348e-08, Beta update rate = 3.017743e-08
Epoch 1126600 (22.5%): Train pred MSE = 1.365452e-10, Test pred MSE = 1.760856e-02, Param MSE = 1.811010e-01, Grad norm = 5.390489e-08, Beta update rate = 3.014469e-08
Epoch 1126800 (22.5%): Train pred MSE = 1.362550e-10, Test pred MSE = 1.760856e-02, Param MSE = 1.811010e-01, Grad norm = 5.384636e-08, Beta update rate = 3.011200e-08
Epoch 1127000 (22.5%): Train pred MSE = 1.359653e-10, Test pred MSE = 1.760856e-02, Param MSE = 1.811009e-01, Grad norm = 5.378790e-08, Beta update rate = 3.007934e-08
Epoch 1127200 (22.5%): Train pred MSE = 1.356763e-10, Test pred MSE = 1.760856e-02, Param MSE = 1.811009e-01, Grad norm = 5.372950e-08, Beta update rate = 3.004672e-08
Epoch 1127400 (22.5%): Train pred MSE = 1.353880e-10, Test pred MSE = 1.760856e-02, Param MSE = 1.811009e-01, Grad norm = 5.367117e-08, Beta update rate = 3.001414e-08
Epoch 1127600 (22.6%): Train pred MSE = 1.351002e-10, Test pred MSE = 1.760856e-02, Param MSE = 1.811009e-01, Grad norm = 5.361291e-08, Beta update rate = 2.998159e-08
Epoch 1127800 (22.6%): Train pred MSE = 1.348131e-10, Test pred MSE = 1.760856e-02, Param MSE = 1.811009e-01, Grad norm = 5.355471e-08, Beta update rate = 2.994908e-08
Epoch 1128000 (22.6%): Train pred MSE = 1.345266e-10, Test pred MSE = 1.760856e-02, Param MSE = 1.811009e-01, Grad norm = 5.349658e-08, Beta update rate = 2.991661e-08
Epoch 1128200 (22.6%): Train pred MSE = 1.342407e-10, Test pred MSE = 1.760856e-02, Param MSE = 1.811009e-01, Grad norm = 5.343851e-08, Beta update rate = 2.988417e-08
Epoch 1128400 (22.6%): Train pred MSE = 1.339555e-10, Test pred MSE = 1.760856e-02, Param MSE = 1.811009e-01, Grad norm = 5.338051e-08, Beta update rate = 2.985177e-08
Epoch 1128600 (22.6%): Train pred MSE = 1.336708e-10, Test pred MSE = 1.760855e-02, Param MSE = 1.811009e-01, Grad norm = 5.332257e-08, Beta update rate = 2.981940e-08
Epoch 1128800 (22.6%): Train pred MSE = 1.333868e-10, Test pred MSE = 1.760855e-02, Param MSE = 1.811009e-01, Grad norm = 5.326470e-08, Beta update rate = 2.978708e-08
Epoch 1129000 (22.6%): Train pred MSE = 1.331034e-10, Test pred MSE = 1.760855e-02, Param MSE = 1.811009e-01, Grad norm = 5.320689e-08, Beta update rate = 2.975479e-08
Epoch 1129200 (22.6%): Train pred MSE = 1.328206e-10, Test pred MSE = 1.760855e-02, Param MSE = 1.811009e-01, Grad norm = 5.314915e-08, Beta update rate = 2.972253e-08
Epoch 1129400 (22.6%): Train pred MSE = 1.325385e-10, Test pred MSE = 1.760855e-02, Param MSE = 1.811009e-01, Grad norm = 5.309148e-08, Beta update rate = 2.969031e-08
Epoch 1129600 (22.6%): Train pred MSE = 1.322569e-10, Test pred MSE = 1.760855e-02, Param MSE = 1.811008e-01, Grad norm = 5.303387e-08, Beta update rate = 2.965813e-08
Epoch 1129800 (22.6%): Train pred MSE = 1.319759e-10, Test pred MSE = 1.760855e-02, Param MSE = 1.811008e-01, Grad norm = 5.297632e-08, Beta update rate = 2.962598e-08
Epoch 1130000 (22.6%): Train pred MSE = 1.316956e-10, Test pred MSE = 1.760855e-02, Param MSE = 1.811008e-01, Grad norm = 5.291884e-08, Beta update rate = 2.959387e-08
Epoch 1130200 (22.6%): Train pred MSE = 1.314159e-10, Test pred MSE = 1.760855e-02, Param MSE = 1.811008e-01, Grad norm = 5.286142e-08, Beta update rate = 2.956180e-08
Epoch 1130400 (22.6%): Train pred MSE = 1.311367e-10, Test pred MSE = 1.760855e-02, Param MSE = 1.811008e-01, Grad norm = 5.280407e-08, Beta update rate = 2.952976e-08
Epoch 1130600 (22.6%): Train pred MSE = 1.308582e-10, Test pred MSE = 1.760855e-02, Param MSE = 1.811008e-01, Grad norm = 5.274678e-08, Beta update rate = 2.949776e-08
Epoch 1130800 (22.6%): Train pred MSE = 1.305803e-10, Test pred MSE = 1.760855e-02, Param MSE = 1.811008e-01, Grad norm = 5.268956e-08, Beta update rate = 2.946580e-08
Epoch 1131000 (22.6%): Train pred MSE = 1.303030e-10, Test pred MSE = 1.760855e-02, Param MSE = 1.811008e-01, Grad norm = 5.263240e-08, Beta update rate = 2.943387e-08
Epoch 1131200 (22.6%): Train pred MSE = 1.300263e-10, Test pred MSE = 1.760855e-02, Param MSE = 1.811008e-01, Grad norm = 5.257531e-08, Beta update rate = 2.940197e-08
Epoch 1131400 (22.6%): Train pred MSE = 1.297502e-10, Test pred MSE = 1.760855e-02, Param MSE = 1.811008e-01, Grad norm = 5.251828e-08, Beta update rate = 2.937012e-08
Epoch 1131600 (22.6%): Train pred MSE = 1.294746e-10, Test pred MSE = 1.760855e-02, Param MSE = 1.811008e-01, Grad norm = 5.246132e-08, Beta update rate = 2.933829e-08
Epoch 1131800 (22.6%): Train pred MSE = 1.291997e-10, Test pred MSE = 1.760855e-02, Param MSE = 1.811008e-01, Grad norm = 5.240442e-08, Beta update rate = 2.930651e-08
Epoch 1132000 (22.6%): Train pred MSE = 1.289254e-10, Test pred MSE = 1.760855e-02, Param MSE = 1.811008e-01, Grad norm = 5.234758e-08, Beta update rate = 2.927476e-08
Epoch 1132200 (22.6%): Train pred MSE = 1.286517e-10, Test pred MSE = 1.760855e-02, Param MSE = 1.811008e-01, Grad norm = 5.229081e-08, Beta update rate = 2.924304e-08
Epoch 1132400 (22.6%): Train pred MSE = 1.283785e-10, Test pred MSE = 1.760855e-02, Param MSE = 1.811007e-01, Grad norm = 5.223410e-08, Beta update rate = 2.921136e-08
Epoch 1132600 (22.7%): Train pred MSE = 1.281060e-10, Test pred MSE = 1.760855e-02, Param MSE = 1.811007e-01, Grad norm = 5.217746e-08, Beta update rate = 2.917972e-08
Epoch 1132800 (22.7%): Train pred MSE = 1.278340e-10, Test pred MSE = 1.760854e-02, Param MSE = 1.811007e-01, Grad norm = 5.212088e-08, Beta update rate = 2.914811e-08
Epoch 1133000 (22.7%): Train pred MSE = 1.275627e-10, Test pred MSE = 1.760854e-02, Param MSE = 1.811007e-01, Grad norm = 5.206436e-08, Beta update rate = 2.911654e-08
Epoch 1133200 (22.7%): Train pred MSE = 1.272919e-10, Test pred MSE = 1.760854e-02, Param MSE = 1.811007e-01, Grad norm = 5.200791e-08, Beta update rate = 2.908501e-08
Epoch 1133400 (22.7%): Train pred MSE = 1.270217e-10, Test pred MSE = 1.760854e-02, Param MSE = 1.811007e-01, Grad norm = 5.195152e-08, Beta update rate = 2.905351e-08
Epoch 1133600 (22.7%): Train pred MSE = 1.267521e-10, Test pred MSE = 1.760854e-02, Param MSE = 1.811007e-01, Grad norm = 5.189519e-08, Beta update rate = 2.902204e-08
Epoch 1133800 (22.7%): Train pred MSE = 1.264831e-10, Test pred MSE = 1.760854e-02, Param MSE = 1.811007e-01, Grad norm = 5.183893e-08, Beta update rate = 2.899061e-08
Epoch 1134000 (22.7%): Train pred MSE = 1.262147e-10, Test pred MSE = 1.760854e-02, Param MSE = 1.811007e-01, Grad norm = 5.178273e-08, Beta update rate = 2.895922e-08
Epoch 1134200 (22.7%): Train pred MSE = 1.259468e-10, Test pred MSE = 1.760854e-02, Param MSE = 1.811007e-01, Grad norm = 5.172659e-08, Beta update rate = 2.892786e-08
Epoch 1134400 (22.7%): Train pred MSE = 1.256795e-10, Test pred MSE = 1.760854e-02, Param MSE = 1.811007e-01, Grad norm = 5.167052e-08, Beta update rate = 2.889653e-08
Epoch 1134600 (22.7%): Train pred MSE = 1.254129e-10, Test pred MSE = 1.760854e-02, Param MSE = 1.811007e-01, Grad norm = 5.161451e-08, Beta update rate = 2.886524e-08
Epoch 1134800 (22.7%): Train pred MSE = 1.251467e-10, Test pred MSE = 1.760854e-02, Param MSE = 1.811007e-01, Grad norm = 5.155856e-08, Beta update rate = 2.883399e-08
Epoch 1135000 (22.7%): Train pred MSE = 1.248812e-10, Test pred MSE = 1.760854e-02, Param MSE = 1.811006e-01, Grad norm = 5.150268e-08, Beta update rate = 2.880277e-08
Epoch 1135200 (22.7%): Train pred MSE = 1.246162e-10, Test pred MSE = 1.760854e-02, Param MSE = 1.811006e-01, Grad norm = 5.144686e-08, Beta update rate = 2.877159e-08
Epoch 1135400 (22.7%): Train pred MSE = 1.243519e-10, Test pred MSE = 1.760854e-02, Param MSE = 1.811006e-01, Grad norm = 5.139110e-08, Beta update rate = 2.874044e-08
Epoch 1135600 (22.7%): Train pred MSE = 1.240880e-10, Test pred MSE = 1.760854e-02, Param MSE = 1.811006e-01, Grad norm = 5.133541e-08, Beta update rate = 2.870933e-08
Epoch 1135800 (22.7%): Train pred MSE = 1.238248e-10, Test pred MSE = 1.760854e-02, Param MSE = 1.811006e-01, Grad norm = 5.127978e-08, Beta update rate = 2.867825e-08
Epoch 1136000 (22.7%): Train pred MSE = 1.235621e-10, Test pred MSE = 1.760854e-02, Param MSE = 1.811006e-01, Grad norm = 5.122421e-08, Beta update rate = 2.864721e-08
Epoch 1136200 (22.7%): Train pred MSE = 1.233000e-10, Test pred MSE = 1.760854e-02, Param MSE = 1.811006e-01, Grad norm = 5.116870e-08, Beta update rate = 2.861620e-08
Epoch 1136400 (22.7%): Train pred MSE = 1.230385e-10, Test pred MSE = 1.760854e-02, Param MSE = 1.811006e-01, Grad norm = 5.111326e-08, Beta update rate = 2.858523e-08
Epoch 1136600 (22.7%): Train pred MSE = 1.227775e-10, Test pred MSE = 1.760854e-02, Param MSE = 1.811006e-01, Grad norm = 5.105787e-08, Beta update rate = 2.855429e-08
Epoch 1136800 (22.7%): Train pred MSE = 1.225171e-10, Test pred MSE = 1.760854e-02, Param MSE = 1.811006e-01, Grad norm = 5.100256e-08, Beta update rate = 2.852339e-08
Epoch 1137000 (22.7%): Train pred MSE = 1.222573e-10, Test pred MSE = 1.760853e-02, Param MSE = 1.811006e-01, Grad norm = 5.094730e-08, Beta update rate = 2.849252e-08
Epoch 1137200 (22.7%): Train pred MSE = 1.219980e-10, Test pred MSE = 1.760853e-02, Param MSE = 1.811006e-01, Grad norm = 5.089210e-08, Beta update rate = 2.846168e-08
Epoch 1137400 (22.7%): Train pred MSE = 1.217393e-10, Test pred MSE = 1.760853e-02, Param MSE = 1.811006e-01, Grad norm = 5.083697e-08, Beta update rate = 2.843088e-08
Epoch 1137600 (22.8%): Train pred MSE = 1.214811e-10, Test pred MSE = 1.760853e-02, Param MSE = 1.811006e-01, Grad norm = 5.078190e-08, Beta update rate = 2.840012e-08
Epoch 1137800 (22.8%): Train pred MSE = 1.212235e-10, Test pred MSE = 1.760853e-02, Param MSE = 1.811005e-01, Grad norm = 5.072689e-08, Beta update rate = 2.836939e-08
Epoch 1138000 (22.8%): Train pred MSE = 1.209665e-10, Test pred MSE = 1.760853e-02, Param MSE = 1.811005e-01, Grad norm = 5.067194e-08, Beta update rate = 2.833869e-08
Epoch 1138200 (22.8%): Train pred MSE = 1.207100e-10, Test pred MSE = 1.760853e-02, Param MSE = 1.811005e-01, Grad norm = 5.061706e-08, Beta update rate = 2.830803e-08
Epoch 1138400 (22.8%): Train pred MSE = 1.204540e-10, Test pred MSE = 1.760853e-02, Param MSE = 1.811005e-01, Grad norm = 5.056224e-08, Beta update rate = 2.827741e-08
Epoch 1138600 (22.8%): Train pred MSE = 1.201987e-10, Test pred MSE = 1.760853e-02, Param MSE = 1.811005e-01, Grad norm = 5.050747e-08, Beta update rate = 2.824681e-08
Epoch 1138800 (22.8%): Train pred MSE = 1.199438e-10, Test pred MSE = 1.760853e-02, Param MSE = 1.811005e-01, Grad norm = 5.045277e-08, Beta update rate = 2.821626e-08
Epoch 1139000 (22.8%): Train pred MSE = 1.196896e-10, Test pred MSE = 1.760853e-02, Param MSE = 1.811005e-01, Grad norm = 5.039814e-08, Beta update rate = 2.818573e-08
Epoch 1139200 (22.8%): Train pred MSE = 1.194359e-10, Test pred MSE = 1.760853e-02, Param MSE = 1.811005e-01, Grad norm = 5.034356e-08, Beta update rate = 2.815524e-08
Epoch 1139400 (22.8%): Train pred MSE = 1.191827e-10, Test pred MSE = 1.760853e-02, Param MSE = 1.811005e-01, Grad norm = 5.028904e-08, Beta update rate = 2.812479e-08
Epoch 1139600 (22.8%): Train pred MSE = 1.189301e-10, Test pred MSE = 1.760853e-02, Param MSE = 1.811005e-01, Grad norm = 5.023459e-08, Beta update rate = 2.809437e-08
Epoch 1139800 (22.8%): Train pred MSE = 1.186780e-10, Test pred MSE = 1.760853e-02, Param MSE = 1.811005e-01, Grad norm = 5.018020e-08, Beta update rate = 2.806398e-08
Epoch 1140000 (22.8%): Train pred MSE = 1.184265e-10, Test pred MSE = 1.760853e-02, Param MSE = 1.811005e-01, Grad norm = 5.012587e-08, Beta update rate = 2.803363e-08
Epoch 1140200 (22.8%): Train pred MSE = 1.181755e-10, Test pred MSE = 1.760853e-02, Param MSE = 1.811005e-01, Grad norm = 5.007160e-08, Beta update rate = 2.800331e-08
Epoch 1140400 (22.8%): Train pred MSE = 1.179250e-10, Test pred MSE = 1.760853e-02, Param MSE = 1.811005e-01, Grad norm = 5.001739e-08, Beta update rate = 2.797303e-08
Epoch 1140600 (22.8%): Train pred MSE = 1.176751e-10, Test pred MSE = 1.760853e-02, Param MSE = 1.811004e-01, Grad norm = 4.996324e-08, Beta update rate = 2.794278e-08
Epoch 1140800 (22.8%): Train pred MSE = 1.174258e-10, Test pred MSE = 1.760853e-02, Param MSE = 1.811004e-01, Grad norm = 4.990915e-08, Beta update rate = 2.791256e-08
Epoch 1141000 (22.8%): Train pred MSE = 1.171769e-10, Test pred MSE = 1.760853e-02, Param MSE = 1.811004e-01, Grad norm = 4.985513e-08, Beta update rate = 2.788238e-08
Epoch 1141200 (22.8%): Train pred MSE = 1.169287e-10, Test pred MSE = 1.760852e-02, Param MSE = 1.811004e-01, Grad norm = 4.980116e-08, Beta update rate = 2.785223e-08
Epoch 1141400 (22.8%): Train pred MSE = 1.166809e-10, Test pred MSE = 1.760852e-02, Param MSE = 1.811004e-01, Grad norm = 4.974725e-08, Beta update rate = 2.782212e-08
Epoch 1141600 (22.8%): Train pred MSE = 1.164337e-10, Test pred MSE = 1.760852e-02, Param MSE = 1.811004e-01, Grad norm = 4.969341e-08, Beta update rate = 2.779204e-08
Epoch 1141800 (22.8%): Train pred MSE = 1.161870e-10, Test pred MSE = 1.760852e-02, Param MSE = 1.811004e-01, Grad norm = 4.963963e-08, Beta update rate = 2.776199e-08
Epoch 1142000 (22.8%): Train pred MSE = 1.159409e-10, Test pred MSE = 1.760852e-02, Param MSE = 1.811004e-01, Grad norm = 4.958590e-08, Beta update rate = 2.773198e-08
Epoch 1142200 (22.8%): Train pred MSE = 1.156953e-10, Test pred MSE = 1.760852e-02, Param MSE = 1.811004e-01, Grad norm = 4.953224e-08, Beta update rate = 2.770200e-08
Epoch 1142400 (22.8%): Train pred MSE = 1.154502e-10, Test pred MSE = 1.760852e-02, Param MSE = 1.811004e-01, Grad norm = 4.947864e-08, Beta update rate = 2.767206e-08
Epoch 1142600 (22.9%): Train pred MSE = 1.152057e-10, Test pred MSE = 1.760852e-02, Param MSE = 1.811004e-01, Grad norm = 4.942510e-08, Beta update rate = 2.764215e-08
Epoch 1142800 (22.9%): Train pred MSE = 1.149616e-10, Test pred MSE = 1.760852e-02, Param MSE = 1.811004e-01, Grad norm = 4.937161e-08, Beta update rate = 2.761227e-08
Epoch 1143000 (22.9%): Train pred MSE = 1.147182e-10, Test pred MSE = 1.760852e-02, Param MSE = 1.811004e-01, Grad norm = 4.931819e-08, Beta update rate = 2.758242e-08
Epoch 1143200 (22.9%): Train pred MSE = 1.144752e-10, Test pred MSE = 1.760852e-02, Param MSE = 1.811004e-01, Grad norm = 4.926483e-08, Beta update rate = 2.755261e-08
Epoch 1143400 (22.9%): Train pred MSE = 1.142328e-10, Test pred MSE = 1.760852e-02, Param MSE = 1.811003e-01, Grad norm = 4.921153e-08, Beta update rate = 2.752283e-08
Epoch 1143600 (22.9%): Train pred MSE = 1.139908e-10, Test pred MSE = 1.760852e-02, Param MSE = 1.811003e-01, Grad norm = 4.915829e-08, Beta update rate = 2.749309e-08
Epoch 1143800 (22.9%): Train pred MSE = 1.137494e-10, Test pred MSE = 1.760852e-02, Param MSE = 1.811003e-01, Grad norm = 4.910511e-08, Beta update rate = 2.746338e-08
Epoch 1144000 (22.9%): Train pred MSE = 1.135086e-10, Test pred MSE = 1.760852e-02, Param MSE = 1.811003e-01, Grad norm = 4.905198e-08, Beta update rate = 2.743370e-08
Epoch 1144200 (22.9%): Train pred MSE = 1.132682e-10, Test pred MSE = 1.760852e-02, Param MSE = 1.811003e-01, Grad norm = 4.899892e-08, Beta update rate = 2.740406e-08
Epoch 1144400 (22.9%): Train pred MSE = 1.130284e-10, Test pred MSE = 1.760852e-02, Param MSE = 1.811003e-01, Grad norm = 4.894592e-08, Beta update rate = 2.737445e-08
Epoch 1144600 (22.9%): Train pred MSE = 1.127891e-10, Test pred MSE = 1.760852e-02, Param MSE = 1.811003e-01, Grad norm = 4.889298e-08, Beta update rate = 2.734487e-08
Epoch 1144800 (22.9%): Train pred MSE = 1.125503e-10, Test pred MSE = 1.760852e-02, Param MSE = 1.811003e-01, Grad norm = 4.884009e-08, Beta update rate = 2.731533e-08
Epoch 1145000 (22.9%): Train pred MSE = 1.123120e-10, Test pred MSE = 1.760852e-02, Param MSE = 1.811003e-01, Grad norm = 4.878727e-08, Beta update rate = 2.728582e-08
Epoch 1145200 (22.9%): Train pred MSE = 1.120743e-10, Test pred MSE = 1.760852e-02, Param MSE = 1.811003e-01, Grad norm = 4.873450e-08, Beta update rate = 2.725634e-08
Epoch 1145400 (22.9%): Train pred MSE = 1.118370e-10, Test pred MSE = 1.760852e-02, Param MSE = 1.811003e-01, Grad norm = 4.868180e-08, Beta update rate = 2.722690e-08
Epoch 1145600 (22.9%): Train pred MSE = 1.116003e-10, Test pred MSE = 1.760851e-02, Param MSE = 1.811003e-01, Grad norm = 4.862915e-08, Beta update rate = 2.719748e-08
Epoch 1145800 (22.9%): Train pred MSE = 1.113641e-10, Test pred MSE = 1.760851e-02, Param MSE = 1.811003e-01, Grad norm = 4.857657e-08, Beta update rate = 2.716811e-08
Epoch 1146000 (22.9%): Train pred MSE = 1.111284e-10, Test pred MSE = 1.760851e-02, Param MSE = 1.811003e-01, Grad norm = 4.852404e-08, Beta update rate = 2.713876e-08
Epoch 1146200 (22.9%): Train pred MSE = 1.108932e-10, Test pred MSE = 1.760851e-02, Param MSE = 1.811003e-01, Grad norm = 4.847157e-08, Beta update rate = 2.710945e-08
Epoch 1146400 (22.9%): Train pred MSE = 1.106585e-10, Test pred MSE = 1.760851e-02, Param MSE = 1.811002e-01, Grad norm = 4.841916e-08, Beta update rate = 2.708017e-08
Epoch 1146600 (22.9%): Train pred MSE = 1.104243e-10, Test pred MSE = 1.760851e-02, Param MSE = 1.811002e-01, Grad norm = 4.836681e-08, Beta update rate = 2.705092e-08
Epoch 1146800 (22.9%): Train pred MSE = 1.101906e-10, Test pred MSE = 1.760851e-02, Param MSE = 1.811002e-01, Grad norm = 4.831452e-08, Beta update rate = 2.702171e-08
Epoch 1147000 (22.9%): Train pred MSE = 1.099574e-10, Test pred MSE = 1.760851e-02, Param MSE = 1.811002e-01, Grad norm = 4.826228e-08, Beta update rate = 2.699253e-08
Epoch 1147200 (22.9%): Train pred MSE = 1.097247e-10, Test pred MSE = 1.760851e-02, Param MSE = 1.811002e-01, Grad norm = 4.821011e-08, Beta update rate = 2.696338e-08
Epoch 1147400 (22.9%): Train pred MSE = 1.094926e-10, Test pred MSE = 1.760851e-02, Param MSE = 1.811002e-01, Grad norm = 4.815799e-08, Beta update rate = 2.693426e-08
Epoch 1147600 (23.0%): Train pred MSE = 1.092609e-10, Test pred MSE = 1.760851e-02, Param MSE = 1.811002e-01, Grad norm = 4.810594e-08, Beta update rate = 2.690518e-08
Epoch 1147800 (23.0%): Train pred MSE = 1.090297e-10, Test pred MSE = 1.760851e-02, Param MSE = 1.811002e-01, Grad norm = 4.805394e-08, Beta update rate = 2.687613e-08
Epoch 1148000 (23.0%): Train pred MSE = 1.087991e-10, Test pred MSE = 1.760851e-02, Param MSE = 1.811002e-01, Grad norm = 4.800200e-08, Beta update rate = 2.684711e-08
Epoch 1148200 (23.0%): Train pred MSE = 1.085689e-10, Test pred MSE = 1.760851e-02, Param MSE = 1.811002e-01, Grad norm = 4.795011e-08, Beta update rate = 2.681813e-08
Epoch 1148400 (23.0%): Train pred MSE = 1.083392e-10, Test pred MSE = 1.760851e-02, Param MSE = 1.811002e-01, Grad norm = 4.789829e-08, Beta update rate = 2.678918e-08
Epoch 1148600 (23.0%): Train pred MSE = 1.081101e-10, Test pred MSE = 1.760851e-02, Param MSE = 1.811002e-01, Grad norm = 4.784653e-08, Beta update rate = 2.676026e-08
Epoch 1148800 (23.0%): Train pred MSE = 1.078814e-10, Test pred MSE = 1.760851e-02, Param MSE = 1.811002e-01, Grad norm = 4.779482e-08, Beta update rate = 2.673137e-08
Epoch 1149000 (23.0%): Train pred MSE = 1.076532e-10, Test pred MSE = 1.760851e-02, Param MSE = 1.811002e-01, Grad norm = 4.774317e-08, Beta update rate = 2.670251e-08
Epoch 1149200 (23.0%): Train pred MSE = 1.074255e-10, Test pred MSE = 1.760851e-02, Param MSE = 1.811001e-01, Grad norm = 4.769158e-08, Beta update rate = 2.667369e-08
Epoch 1149400 (23.0%): Train pred MSE = 1.071983e-10, Test pred MSE = 1.760851e-02, Param MSE = 1.811001e-01, Grad norm = 4.764004e-08, Beta update rate = 2.664490e-08
Epoch 1149600 (23.0%): Train pred MSE = 1.069716e-10, Test pred MSE = 1.760851e-02, Param MSE = 1.811001e-01, Grad norm = 4.758857e-08, Beta update rate = 2.661614e-08
Epoch 1149800 (23.0%): Train pred MSE = 1.067454e-10, Test pred MSE = 1.760851e-02, Param MSE = 1.811001e-01, Grad norm = 4.753715e-08, Beta update rate = 2.658742e-08
Epoch 1150000 (23.0%): Train pred MSE = 1.065196e-10, Test pred MSE = 1.760851e-02, Param MSE = 1.811001e-01, Grad norm = 4.748579e-08, Beta update rate = 2.655872e-08
Epoch 1150200 (23.0%): Train pred MSE = 1.062944e-10, Test pred MSE = 1.760850e-02, Param MSE = 1.811001e-01, Grad norm = 4.743449e-08, Beta update rate = 2.653006e-08
Epoch 1150400 (23.0%): Train pred MSE = 1.060696e-10, Test pred MSE = 1.760850e-02, Param MSE = 1.811001e-01, Grad norm = 4.738325e-08, Beta update rate = 2.650143e-08
Epoch 1150600 (23.0%): Train pred MSE = 1.058454e-10, Test pred MSE = 1.760850e-02, Param MSE = 1.811001e-01, Grad norm = 4.733206e-08, Beta update rate = 2.647284e-08
Epoch 1150800 (23.0%): Train pred MSE = 1.056216e-10, Test pred MSE = 1.760850e-02, Param MSE = 1.811001e-01, Grad norm = 4.728093e-08, Beta update rate = 2.644427e-08
Epoch 1151000 (23.0%): Train pred MSE = 1.053983e-10, Test pred MSE = 1.760850e-02, Param MSE = 1.811001e-01, Grad norm = 4.722986e-08, Beta update rate = 2.641574e-08
Epoch 1151200 (23.0%): Train pred MSE = 1.051754e-10, Test pred MSE = 1.760850e-02, Param MSE = 1.811001e-01, Grad norm = 4.717884e-08, Beta update rate = 2.638724e-08
Epoch 1151400 (23.0%): Train pred MSE = 1.049531e-10, Test pred MSE = 1.760850e-02, Param MSE = 1.811001e-01, Grad norm = 4.712789e-08, Beta update rate = 2.635877e-08
Epoch 1151600 (23.0%): Train pred MSE = 1.047312e-10, Test pred MSE = 1.760850e-02, Param MSE = 1.811001e-01, Grad norm = 4.707699e-08, Beta update rate = 2.633033e-08
Epoch 1151800 (23.0%): Train pred MSE = 1.045099e-10, Test pred MSE = 1.760850e-02, Param MSE = 1.811001e-01, Grad norm = 4.702614e-08, Beta update rate = 2.630193e-08
Epoch 1152000 (23.0%): Train pred MSE = 1.042890e-10, Test pred MSE = 1.760850e-02, Param MSE = 1.811001e-01, Grad norm = 4.697536e-08, Beta update rate = 2.627356e-08
Epoch 1152200 (23.0%): Train pred MSE = 1.040685e-10, Test pred MSE = 1.760850e-02, Param MSE = 1.811000e-01, Grad norm = 4.692463e-08, Beta update rate = 2.624521e-08
Epoch 1152400 (23.0%): Train pred MSE = 1.038486e-10, Test pred MSE = 1.760850e-02, Param MSE = 1.811000e-01, Grad norm = 4.687396e-08, Beta update rate = 2.621690e-08
Epoch 1152600 (23.1%): Train pred MSE = 1.036291e-10, Test pred MSE = 1.760850e-02, Param MSE = 1.811000e-01, Grad norm = 4.682334e-08, Beta update rate = 2.618863e-08
Epoch 1152800 (23.1%): Train pred MSE = 1.034101e-10, Test pred MSE = 1.760850e-02, Param MSE = 1.811000e-01, Grad norm = 4.677278e-08, Beta update rate = 2.616038e-08
Epoch 1153000 (23.1%): Train pred MSE = 1.031916e-10, Test pred MSE = 1.760850e-02, Param MSE = 1.811000e-01, Grad norm = 4.672228e-08, Beta update rate = 2.613217e-08
Epoch 1153200 (23.1%): Train pred MSE = 1.029735e-10, Test pred MSE = 1.760850e-02, Param MSE = 1.811000e-01, Grad norm = 4.667184e-08, Beta update rate = 2.610398e-08
Epoch 1153400 (23.1%): Train pred MSE = 1.027559e-10, Test pred MSE = 1.760850e-02, Param MSE = 1.811000e-01, Grad norm = 4.662145e-08, Beta update rate = 2.607583e-08
Epoch 1153600 (23.1%): Train pred MSE = 1.025388e-10, Test pred MSE = 1.760850e-02, Param MSE = 1.811000e-01, Grad norm = 4.657112e-08, Beta update rate = 2.604771e-08
Epoch 1153800 (23.1%): Train pred MSE = 1.023221e-10, Test pred MSE = 1.760850e-02, Param MSE = 1.811000e-01, Grad norm = 4.652084e-08, Beta update rate = 2.601963e-08
Epoch 1154000 (23.1%): Train pred MSE = 1.021060e-10, Test pred MSE = 1.760850e-02, Param MSE = 1.811000e-01, Grad norm = 4.647062e-08, Beta update rate = 2.599157e-08
Epoch 1154200 (23.1%): Train pred MSE = 1.018902e-10, Test pred MSE = 1.760850e-02, Param MSE = 1.811000e-01, Grad norm = 4.642046e-08, Beta update rate = 2.596354e-08
Epoch 1154400 (23.1%): Train pred MSE = 1.016750e-10, Test pred MSE = 1.760850e-02, Param MSE = 1.811000e-01, Grad norm = 4.637036e-08, Beta update rate = 2.593555e-08
Epoch 1154600 (23.1%): Train pred MSE = 1.014602e-10, Test pred MSE = 1.760850e-02, Param MSE = 1.811000e-01, Grad norm = 4.632031e-08, Beta update rate = 2.590759e-08
Epoch 1154800 (23.1%): Train pred MSE = 1.012459e-10, Test pred MSE = 1.760849e-02, Param MSE = 1.811000e-01, Grad norm = 4.627031e-08, Beta update rate = 2.587966e-08
Epoch 1155000 (23.1%): Train pred MSE = 1.010320e-10, Test pred MSE = 1.760849e-02, Param MSE = 1.811000e-01, Grad norm = 4.622038e-08, Beta update rate = 2.585176e-08
Epoch 1155200 (23.1%): Train pred MSE = 1.008186e-10, Test pred MSE = 1.760849e-02, Param MSE = 1.810999e-01, Grad norm = 4.617049e-08, Beta update rate = 2.582389e-08
Epoch 1155400 (23.1%): Train pred MSE = 1.006057e-10, Test pred MSE = 1.760849e-02, Param MSE = 1.810999e-01, Grad norm = 4.612067e-08, Beta update rate = 2.579605e-08
Epoch 1155600 (23.1%): Train pred MSE = 1.003932e-10, Test pred MSE = 1.760849e-02, Param MSE = 1.810999e-01, Grad norm = 4.607090e-08, Beta update rate = 2.576825e-08
Epoch 1155800 (23.1%): Train pred MSE = 1.001812e-10, Test pred MSE = 1.760849e-02, Param MSE = 1.810999e-01, Grad norm = 4.602119e-08, Beta update rate = 2.574047e-08
Epoch 1156000 (23.1%): Train pred MSE = 9.996961e-11, Test pred MSE = 1.760849e-02, Param MSE = 1.810999e-01, Grad norm = 4.597153e-08, Beta update rate = 2.571273e-08

Training completed at epoch 1156000
Stop reason: train_pred_mse
Final Train pred MSE = 9.996961e-11
Final Test pred MSE = 1.760849e-02
Final Param MSE = 1.810999e-01
Final Grad norm = 4.597153e-08
Final Beta update rate = 2.571273e-08
Success flag: True (train_pred_mse < 1.00e-10)
Results metadata saved to results/diagonal/step2_support/c_nz=0.001000--c_z=0.500000--alpha=0.900000--seed=0/results_meta.json
Saved c_vec to results/diagonal/step2_support/c_nz=0.001000--c_z=0.500000--alpha=0.900000--seed=0/c_vec.npy

Results saved to results/diagonal/step2_support/c_nz=0.001000--c_z=0.500000--alpha=0.900000--seed=0/
Total jobs in this sweep: 72
Cases: good (c_nz=0.001, c_z=0.5), bad (c_nz=0.5, c_z=0.001)
Alpha values: [0.05, 0.1, 0.2, 0.25, 0.3, 0.4, 0.5, 0.6, 0.7, 0.8, 0.9, 1.0]
Seeds: [0, 1, 2]
================================================================================
Step 2 Support Sweep - Experiment Parameters:
================================================================================
  c: 0.001
  c_mode: support
  c_nz: 0.001
  c_z: 0.5
  epochs: 5000000
  init_method: complex
  inp_dim: 1000
  lmda: 0.0
  lr: 0.5
  n_test: 10000
  n_train: 900
  no_tuning: True
  rho: 0.04
  save_folder: results/diagonal/step2_support/c_nz=0.001000--c_z=0.500000--alpha=0.900000--seed=0/
  scaling: 1.0
  seed: 0
  test_every_n_epochs: 200
  threshold: 1e-12
================================================================================

Case: good (c_nz=0.001, c_z=0.5)

Running training script...

Extracting results and saving to CSV...
Results appended to /home/na658/multi-task2/experiment_results_step2_support.csv

✓ Experiment 30 completed successfully
[SLURM] Job 20446135 task 30 finished
