[SLURM] Job 20446161 task 49 starting on cpu-q-588
[SLURM] Step 2 Support Sweep
[SLURM] Using Python: /home/na658/.conda/envs/mtl_ft/bin/python
Starting diagonal network pretrain BG script...

================================================================================
SCRIPT STARTED - Running diagonal network BG experiment...
================================================================================

================================================================================
EXPERIMENT SETTINGS
================================================================================
Seed: 1
Input dimension: 1000
Sparsity (rho): 0.04
Training samples: 300
Test samples: 10000
Learning rate: 0.5
Max epochs: 5000000
Test every N epochs: 200
Convergence threshold: 1e-12
Stop pred MSE: 1e-10
Stop beta rate: disabled
Stop grad norm: disabled
LR decay: disabled
LR decay interval: 2000
Scaling: 1.0
Lambda (λ): 0.0
C parameter: 0.001
Initialization method: complex
Learning rate tuning: False
Save folder: results/diagonal/step2_support/c_nz=0.500000--c_z=0.001000--alpha=0.300000--seed=1/
C mode: support
  c_nz=0.5, c_z=0.001
================================================================================
Starting training...
================================================================================
[c_mode=support] support fraction=0.0470 (rho=0.04)
[c_mode=support] c_nz=0.5, c_z=0.001
Per-coordinate c init: c_vec range [0.001000, 0.500000]

Starting training loop (max 5000000 epochs, threshold=1.00e-12)...
Epoch      0 (0.0%): Train pred MSE = 4.243576e+00, Test pred MSE = 1.337877e-01, Param MSE = 1.317397e+00, Grad norm = 2.536827e-01, Beta update rate = nan
Epoch    200 (0.0%): Train pred MSE = 4.954877e-02, Test pred MSE = 2.228141e-03, Param MSE = 2.251737e-02, Grad norm = 3.747170e-02, Beta update rate = 1.711720e-01
Epoch    400 (0.0%): Train pred MSE = 4.324429e-03, Test pred MSE = 2.299373e-04, Param MSE = 2.356426e-03, Grad norm = 1.006928e-02, Beta update rate = 1.732052e-02
Epoch    600 (0.0%): Train pred MSE = 6.031892e-04, Test pred MSE = 4.000638e-05, Param MSE = 4.079755e-04, Grad norm = 3.167133e-03, Beta update rate = 4.813726e-03
Epoch    800 (0.0%): Train pred MSE = 1.421834e-04, Test pred MSE = 1.296044e-05, Param MSE = 1.314594e-04, Grad norm = 1.343750e-03, Beta update rate = 1.480451e-03
Epoch   1000 (0.0%): Train pred MSE = 4.813995e-05, Test pred MSE = 6.404563e-06, Param MSE = 6.462574e-05, Grad norm = 6.580974e-04, Beta update rate = 6.286735e-04
Epoch   1200 (0.0%): Train pred MSE = 2.391440e-05, Test pred MSE = 4.346495e-06, Param MSE = 4.366854e-05, Grad norm = 3.504544e-04, Beta update rate = 3.056121e-04
Epoch   1400 (0.0%): Train pred MSE = 1.665877e-05, Test pred MSE = 3.572935e-06, Param MSE = 3.580090e-05, Grad norm = 1.995263e-04, Beta update rate = 1.599509e-04
Epoch   1600 (0.0%): Train pred MSE = 1.415072e-05, Test pred MSE = 3.234114e-06, Param MSE = 3.236040e-05, Grad norm = 1.235007e-04, Beta update rate = 8.768839e-05
Epoch   1800 (0.0%): Train pred MSE = 1.308634e-05, Test pred MSE = 3.062169e-06, Param MSE = 3.061809e-05, Grad norm = 8.668437e-05, Beta update rate = 4.960921e-05
Epoch   2000 (0.0%): Train pred MSE = 1.248754e-05, Test pred MSE = 2.961215e-06, Param MSE = 2.959772e-05, Grad norm = 7.019567e-05, Beta update rate = 2.890925e-05
Epoch   2200 (0.0%): Train pred MSE = 1.204993e-05, Test pred MSE = 2.893308e-06, Param MSE = 2.891320e-05, Grad norm = 6.305614e-05, Beta update rate = 1.756492e-05
Epoch   2400 (0.0%): Train pred MSE = 1.167576e-05, Test pred MSE = 2.842081e-06, Param MSE = 2.839806e-05, Grad norm = 5.965355e-05, Beta update rate = 1.143581e-05
Epoch   2600 (0.1%): Train pred MSE = 1.133267e-05, Test pred MSE = 2.799929e-06, Param MSE = 2.797497e-05, Grad norm = 5.763453e-05, Beta update rate = 8.241929e-06
Epoch   2800 (0.1%): Train pred MSE = 1.100945e-05, Test pred MSE = 2.763085e-06, Param MSE = 2.760564e-05, Grad norm = 5.612974e-05, Beta update rate = 6.639253e-06
Epoch   3000 (0.1%): Train pred MSE = 1.070179e-05, Test pred MSE = 2.729587e-06, Param MSE = 2.727014e-05, Grad norm = 5.483395e-05, Beta update rate = 5.829645e-06
Epoch   3200 (0.1%): Train pred MSE = 1.040773e-05, Test pred MSE = 2.698367e-06, Param MSE = 2.695764e-05, Grad norm = 5.364060e-05, Beta update rate = 5.385139e-06
Epoch   3400 (0.1%): Train pred MSE = 1.012611e-05, Test pred MSE = 2.668824e-06, Param MSE = 2.666204e-05, Grad norm = 5.251148e-05, Beta update rate = 5.104458e-06
Epoch   3600 (0.1%): Train pred MSE = 9.856072e-06, Test pred MSE = 2.640606e-06, Param MSE = 2.637974e-05, Grad norm = 5.143181e-05, Beta update rate = 4.899990e-06
Epoch   3800 (0.1%): Train pred MSE = 9.596920e-06, Test pred MSE = 2.613494e-06, Param MSE = 2.610858e-05, Grad norm = 5.039490e-05, Beta update rate = 4.734016e-06
Epoch   4000 (0.1%): Train pred MSE = 9.348019e-06, Test pred MSE = 2.587352e-06, Param MSE = 2.584714e-05, Grad norm = 4.939701e-05, Beta update rate = 4.589711e-06
Epoch   4200 (0.1%): Train pred MSE = 9.108796e-06, Test pred MSE = 2.562084e-06, Param MSE = 2.559447e-05, Grad norm = 4.843549e-05, Beta update rate = 4.459085e-06
Epoch   4400 (0.1%): Train pred MSE = 8.878719e-06, Test pred MSE = 2.537621e-06, Param MSE = 2.534988e-05, Grad norm = 4.750816e-05, Beta update rate = 4.338059e-06
Epoch   4600 (0.1%): Train pred MSE = 8.657298e-06, Test pred MSE = 2.513910e-06, Param MSE = 2.511282e-05, Grad norm = 4.661311e-05, Beta update rate = 4.224385e-06
Epoch   4800 (0.1%): Train pred MSE = 8.444078e-06, Test pred MSE = 2.490907e-06, Param MSE = 2.488286e-05, Grad norm = 4.574860e-05, Beta update rate = 4.116731e-06
Epoch   5000 (0.1%): Train pred MSE = 8.238633e-06, Test pred MSE = 2.468576e-06, Param MSE = 2.465963e-05, Grad norm = 4.491305e-05, Beta update rate = 4.014246e-06
Epoch   5200 (0.1%): Train pred MSE = 8.040569e-06, Test pred MSE = 2.446883e-06, Param MSE = 2.444279e-05, Grad norm = 4.410495e-05, Beta update rate = 3.916349e-06
Epoch   5400 (0.1%): Train pred MSE = 7.849518e-06, Test pred MSE = 2.425799e-06, Param MSE = 2.423206e-05, Grad norm = 4.332294e-05, Beta update rate = 3.822616e-06
Epoch   5600 (0.1%): Train pred MSE = 7.665133e-06, Test pred MSE = 2.405297e-06, Param MSE = 2.402715e-05, Grad norm = 4.256573e-05, Beta update rate = 3.732718e-06
Epoch   5800 (0.1%): Train pred MSE = 7.487093e-06, Test pred MSE = 2.385351e-06, Param MSE = 2.382783e-05, Grad norm = 4.183212e-05, Beta update rate = 3.646386e-06
Epoch   6000 (0.1%): Train pred MSE = 7.315096e-06, Test pred MSE = 2.365939e-06, Param MSE = 2.363384e-05, Grad norm = 4.112099e-05, Beta update rate = 3.563390e-06
Epoch   6200 (0.1%): Train pred MSE = 7.148857e-06, Test pred MSE = 2.347038e-06, Param MSE = 2.344497e-05, Grad norm = 4.043129e-05, Beta update rate = 3.483531e-06
Epoch   6400 (0.1%): Train pred MSE = 6.988113e-06, Test pred MSE = 2.328627e-06, Param MSE = 2.326102e-05, Grad norm = 3.976205e-05, Beta update rate = 3.406630e-06
Epoch   6600 (0.1%): Train pred MSE = 6.832612e-06, Test pred MSE = 2.310688e-06, Param MSE = 2.308179e-05, Grad norm = 3.911233e-05, Beta update rate = 3.332524e-06
Epoch   6800 (0.1%): Train pred MSE = 6.682120e-06, Test pred MSE = 2.293201e-06, Param MSE = 2.290709e-05, Grad norm = 3.848128e-05, Beta update rate = 3.261065e-06
Epoch   7000 (0.1%): Train pred MSE = 6.536414e-06, Test pred MSE = 2.276149e-06, Param MSE = 2.273674e-05, Grad norm = 3.786809e-05, Beta update rate = 3.192115e-06
Epoch   7200 (0.1%): Train pred MSE = 6.395288e-06, Test pred MSE = 2.259516e-06, Param MSE = 2.257060e-05, Grad norm = 3.727197e-05, Beta update rate = 3.125547e-06
Epoch   7400 (0.1%): Train pred MSE = 6.258544e-06, Test pred MSE = 2.243287e-06, Param MSE = 2.240848e-05, Grad norm = 3.669223e-05, Beta update rate = 3.061243e-06
Epoch   7600 (0.2%): Train pred MSE = 6.125995e-06, Test pred MSE = 2.227445e-06, Param MSE = 2.225026e-05, Grad norm = 3.612817e-05, Beta update rate = 2.999091e-06
Epoch   7800 (0.2%): Train pred MSE = 5.997468e-06, Test pred MSE = 2.211978e-06, Param MSE = 2.209578e-05, Grad norm = 3.557916e-05, Beta update rate = 2.938989e-06
Epoch   8000 (0.2%): Train pred MSE = 5.872795e-06, Test pred MSE = 2.196872e-06, Param MSE = 2.194492e-05, Grad norm = 3.504459e-05, Beta update rate = 2.880839e-06
Epoch   8200 (0.2%): Train pred MSE = 5.751820e-06, Test pred MSE = 2.182114e-06, Param MSE = 2.179754e-05, Grad norm = 3.452388e-05, Beta update rate = 2.824552e-06
Epoch   8400 (0.2%): Train pred MSE = 5.634394e-06, Test pred MSE = 2.167692e-06, Param MSE = 2.165352e-05, Grad norm = 3.401650e-05, Beta update rate = 2.770041e-06
Epoch   8600 (0.2%): Train pred MSE = 5.520376e-06, Test pred MSE = 2.153594e-06, Param MSE = 2.151275e-05, Grad norm = 3.352192e-05, Beta update rate = 2.717227e-06
Epoch   8800 (0.2%): Train pred MSE = 5.409631e-06, Test pred MSE = 2.139810e-06, Param MSE = 2.137512e-05, Grad norm = 3.303968e-05, Beta update rate = 2.666035e-06
Epoch   9000 (0.2%): Train pred MSE = 5.302034e-06, Test pred MSE = 2.126329e-06, Param MSE = 2.124052e-05, Grad norm = 3.256929e-05, Beta update rate = 2.616393e-06
Epoch   9200 (0.2%): Train pred MSE = 5.197463e-06, Test pred MSE = 2.113141e-06, Param MSE = 2.110885e-05, Grad norm = 3.211033e-05, Beta update rate = 2.568234e-06
Epoch   9400 (0.2%): Train pred MSE = 5.095804e-06, Test pred MSE = 2.100236e-06, Param MSE = 2.098002e-05, Grad norm = 3.166237e-05, Beta update rate = 2.521496e-06
Epoch   9600 (0.2%): Train pred MSE = 4.996947e-06, Test pred MSE = 2.087606e-06, Param MSE = 2.085393e-05, Grad norm = 3.122503e-05, Beta update rate = 2.476119e-06
Epoch   9800 (0.2%): Train pred MSE = 4.900790e-06, Test pred MSE = 2.075241e-06, Param MSE = 2.073050e-05, Grad norm = 3.079792e-05, Beta update rate = 2.432046e-06
Epoch  10000 (0.2%): Train pred MSE = 4.807232e-06, Test pred MSE = 2.063133e-06, Param MSE = 2.060964e-05, Grad norm = 3.038069e-05, Beta update rate = 2.389225e-06
Epoch  10200 (0.2%): Train pred MSE = 4.716181e-06, Test pred MSE = 2.051275e-06, Param MSE = 2.049128e-05, Grad norm = 2.997299e-05, Beta update rate = 2.347604e-06
Epoch  10400 (0.2%): Train pred MSE = 4.627545e-06, Test pred MSE = 2.039658e-06, Param MSE = 2.037533e-05, Grad norm = 2.957450e-05, Beta update rate = 2.307136e-06
Epoch  10600 (0.2%): Train pred MSE = 4.541240e-06, Test pred MSE = 2.028275e-06, Param MSE = 2.026172e-05, Grad norm = 2.918491e-05, Beta update rate = 2.267777e-06
Epoch  10800 (0.2%): Train pred MSE = 4.457184e-06, Test pred MSE = 2.017120e-06, Param MSE = 2.015039e-05, Grad norm = 2.880391e-05, Beta update rate = 2.229481e-06
Epoch  11000 (0.2%): Train pred MSE = 4.375298e-06, Test pred MSE = 2.006184e-06, Param MSE = 2.004126e-05, Grad norm = 2.843124e-05, Beta update rate = 2.192210e-06
Epoch  11200 (0.2%): Train pred MSE = 4.295508e-06, Test pred MSE = 1.995463e-06, Param MSE = 1.993427e-05, Grad norm = 2.806662e-05, Beta update rate = 2.155925e-06
Epoch  11400 (0.2%): Train pred MSE = 4.217743e-06, Test pred MSE = 1.984950e-06, Param MSE = 1.982935e-05, Grad norm = 2.770978e-05, Beta update rate = 2.120587e-06
Epoch  11600 (0.2%): Train pred MSE = 4.141934e-06, Test pred MSE = 1.974638e-06, Param MSE = 1.972645e-05, Grad norm = 2.736048e-05, Beta update rate = 2.086163e-06
Epoch  11800 (0.2%): Train pred MSE = 4.068016e-06, Test pred MSE = 1.964522e-06, Param MSE = 1.962552e-05, Grad norm = 2.701849e-05, Beta update rate = 2.052619e-06
Epoch  12000 (0.2%): Train pred MSE = 3.995928e-06, Test pred MSE = 1.954597e-06, Param MSE = 1.952648e-05, Grad norm = 2.668358e-05, Beta update rate = 2.019924e-06
Epoch  12200 (0.2%): Train pred MSE = 3.925608e-06, Test pred MSE = 1.944856e-06, Param MSE = 1.942930e-05, Grad norm = 2.635553e-05, Beta update rate = 1.988046e-06
Epoch  12400 (0.2%): Train pred MSE = 3.856999e-06, Test pred MSE = 1.935296e-06, Param MSE = 1.933391e-05, Grad norm = 2.603412e-05, Beta update rate = 1.956957e-06
Epoch  12600 (0.3%): Train pred MSE = 3.790047e-06, Test pred MSE = 1.925911e-06, Param MSE = 1.924028e-05, Grad norm = 2.571917e-05, Beta update rate = 1.926630e-06
Epoch  12800 (0.3%): Train pred MSE = 3.724699e-06, Test pred MSE = 1.916696e-06, Param MSE = 1.914834e-05, Grad norm = 2.541049e-05, Beta update rate = 1.897039e-06
Epoch  13000 (0.3%): Train pred MSE = 3.660903e-06, Test pred MSE = 1.907647e-06, Param MSE = 1.905807e-05, Grad norm = 2.510787e-05, Beta update rate = 1.868157e-06
Epoch  13200 (0.3%): Train pred MSE = 3.598613e-06, Test pred MSE = 1.898759e-06, Param MSE = 1.896941e-05, Grad norm = 2.481116e-05, Beta update rate = 1.839962e-06
Epoch  13400 (0.3%): Train pred MSE = 3.537780e-06, Test pred MSE = 1.890029e-06, Param MSE = 1.888232e-05, Grad norm = 2.452018e-05, Beta update rate = 1.812430e-06
Epoch  13600 (0.3%): Train pred MSE = 3.478361e-06, Test pred MSE = 1.881452e-06, Param MSE = 1.879675e-05, Grad norm = 2.423477e-05, Beta update rate = 1.785540e-06
Epoch  13800 (0.3%): Train pred MSE = 3.420312e-06, Test pred MSE = 1.873023e-06, Param MSE = 1.871268e-05, Grad norm = 2.395476e-05, Beta update rate = 1.759270e-06
Epoch  14000 (0.3%): Train pred MSE = 3.363591e-06, Test pred MSE = 1.864740e-06, Param MSE = 1.863006e-05, Grad norm = 2.368002e-05, Beta update rate = 1.733600e-06
Epoch  14200 (0.3%): Train pred MSE = 3.308160e-06, Test pred MSE = 1.856599e-06, Param MSE = 1.854885e-05, Grad norm = 2.341039e-05, Beta update rate = 1.708511e-06
Epoch  14400 (0.3%): Train pred MSE = 3.253979e-06, Test pred MSE = 1.848596e-06, Param MSE = 1.846903e-05, Grad norm = 2.314573e-05, Beta update rate = 1.683985e-06
Epoch  14600 (0.3%): Train pred MSE = 3.201012e-06, Test pred MSE = 1.840727e-06, Param MSE = 1.839054e-05, Grad norm = 2.288592e-05, Beta update rate = 1.660004e-06
Epoch  14800 (0.3%): Train pred MSE = 3.149223e-06, Test pred MSE = 1.832989e-06, Param MSE = 1.831337e-05, Grad norm = 2.263081e-05, Beta update rate = 1.636550e-06
Epoch  15000 (0.3%): Train pred MSE = 3.098579e-06, Test pred MSE = 1.825380e-06, Param MSE = 1.823748e-05, Grad norm = 2.238029e-05, Beta update rate = 1.613609e-06
Epoch  15200 (0.3%): Train pred MSE = 3.049045e-06, Test pred MSE = 1.817896e-06, Param MSE = 1.816284e-05, Grad norm = 2.213423e-05, Beta update rate = 1.591163e-06
Epoch  15400 (0.3%): Train pred MSE = 3.000591e-06, Test pred MSE = 1.810533e-06, Param MSE = 1.808941e-05, Grad norm = 2.189253e-05, Beta update rate = 1.569199e-06
Epoch  15600 (0.3%): Train pred MSE = 2.953187e-06, Test pred MSE = 1.803290e-06, Param MSE = 1.801718e-05, Grad norm = 2.165505e-05, Beta update rate = 1.547701e-06
Epoch  15800 (0.3%): Train pred MSE = 2.906801e-06, Test pred MSE = 1.796163e-06, Param MSE = 1.794610e-05, Grad norm = 2.142171e-05, Beta update rate = 1.526656e-06
Epoch  16000 (0.3%): Train pred MSE = 2.861407e-06, Test pred MSE = 1.789150e-06, Param MSE = 1.787616e-05, Grad norm = 2.119239e-05, Beta update rate = 1.506050e-06
Epoch  16200 (0.3%): Train pred MSE = 2.816976e-06, Test pred MSE = 1.782247e-06, Param MSE = 1.780733e-05, Grad norm = 2.096699e-05, Beta update rate = 1.485871e-06
Epoch  16400 (0.3%): Train pred MSE = 2.773482e-06, Test pred MSE = 1.775453e-06, Param MSE = 1.773958e-05, Grad norm = 2.074542e-05, Beta update rate = 1.466106e-06
Epoch  16600 (0.3%): Train pred MSE = 2.730900e-06, Test pred MSE = 1.768765e-06, Param MSE = 1.767288e-05, Grad norm = 2.052758e-05, Beta update rate = 1.446744e-06
Epoch  16800 (0.3%): Train pred MSE = 2.689204e-06, Test pred MSE = 1.762180e-06, Param MSE = 1.760722e-05, Grad norm = 2.031338e-05, Beta update rate = 1.427773e-06
Epoch  17000 (0.3%): Train pred MSE = 2.648372e-06, Test pred MSE = 1.755696e-06, Param MSE = 1.754257e-05, Grad norm = 2.010272e-05, Beta update rate = 1.409181e-06
Epoch  17200 (0.3%): Train pred MSE = 2.608379e-06, Test pred MSE = 1.749311e-06, Param MSE = 1.747891e-05, Grad norm = 1.989554e-05, Beta update rate = 1.390960e-06
Epoch  17400 (0.3%): Train pred MSE = 2.569204e-06, Test pred MSE = 1.743023e-06, Param MSE = 1.741621e-05, Grad norm = 1.969174e-05, Beta update rate = 1.373097e-06
Epoch  17600 (0.4%): Train pred MSE = 2.530825e-06, Test pred MSE = 1.736829e-06, Param MSE = 1.735445e-05, Grad norm = 1.949124e-05, Beta update rate = 1.355584e-06
Epoch  17800 (0.4%): Train pred MSE = 2.493222e-06, Test pred MSE = 1.730728e-06, Param MSE = 1.729362e-05, Grad norm = 1.929397e-05, Beta update rate = 1.338410e-06
Epoch  18000 (0.4%): Train pred MSE = 2.456373e-06, Test pred MSE = 1.724718e-06, Param MSE = 1.723369e-05, Grad norm = 1.909986e-05, Beta update rate = 1.321568e-06
Epoch  18200 (0.4%): Train pred MSE = 2.420260e-06, Test pred MSE = 1.718796e-06, Param MSE = 1.717464e-05, Grad norm = 1.890882e-05, Beta update rate = 1.305047e-06
Epoch  18400 (0.4%): Train pred MSE = 2.384863e-06, Test pred MSE = 1.712960e-06, Param MSE = 1.711646e-05, Grad norm = 1.872079e-05, Beta update rate = 1.288839e-06
Epoch  18600 (0.4%): Train pred MSE = 2.350165e-06, Test pred MSE = 1.707210e-06, Param MSE = 1.705913e-05, Grad norm = 1.853570e-05, Beta update rate = 1.272937e-06
Epoch  18800 (0.4%): Train pred MSE = 2.316148e-06, Test pred MSE = 1.701542e-06, Param MSE = 1.700262e-05, Grad norm = 1.835349e-05, Beta update rate = 1.257331e-06
Epoch  19000 (0.4%): Train pred MSE = 2.282795e-06, Test pred MSE = 1.695956e-06, Param MSE = 1.694693e-05, Grad norm = 1.817409e-05, Beta update rate = 1.242015e-06
Epoch  19200 (0.4%): Train pred MSE = 2.250088e-06, Test pred MSE = 1.690450e-06, Param MSE = 1.689203e-05, Grad norm = 1.799744e-05, Beta update rate = 1.226981e-06
Epoch  19400 (0.4%): Train pred MSE = 2.218013e-06, Test pred MSE = 1.685021e-06, Param MSE = 1.683791e-05, Grad norm = 1.782347e-05, Beta update rate = 1.212222e-06
Epoch  19600 (0.4%): Train pred MSE = 2.186552e-06, Test pred MSE = 1.679669e-06, Param MSE = 1.678455e-05, Grad norm = 1.765214e-05, Beta update rate = 1.197731e-06
Epoch  19800 (0.4%): Train pred MSE = 2.155692e-06, Test pred MSE = 1.674392e-06, Param MSE = 1.673194e-05, Grad norm = 1.748338e-05, Beta update rate = 1.183500e-06
Epoch  20000 (0.4%): Train pred MSE = 2.125418e-06, Test pred MSE = 1.669188e-06, Param MSE = 1.668006e-05, Grad norm = 1.731714e-05, Beta update rate = 1.169525e-06
Epoch  20200 (0.4%): Train pred MSE = 2.095715e-06, Test pred MSE = 1.664056e-06, Param MSE = 1.662889e-05, Grad norm = 1.715337e-05, Beta update rate = 1.155797e-06
Epoch  20400 (0.4%): Train pred MSE = 2.066570e-06, Test pred MSE = 1.658994e-06, Param MSE = 1.657843e-05, Grad norm = 1.699201e-05, Beta update rate = 1.142312e-06
Epoch  20600 (0.4%): Train pred MSE = 2.037969e-06, Test pred MSE = 1.654002e-06, Param MSE = 1.652866e-05, Grad norm = 1.683301e-05, Beta update rate = 1.129063e-06
Epoch  20800 (0.4%): Train pred MSE = 2.009900e-06, Test pred MSE = 1.649077e-06, Param MSE = 1.647957e-05, Grad norm = 1.667633e-05, Beta update rate = 1.116044e-06
Epoch  21000 (0.4%): Train pred MSE = 1.982349e-06, Test pred MSE = 1.644218e-06, Param MSE = 1.643113e-05, Grad norm = 1.652191e-05, Beta update rate = 1.103251e-06
Epoch  21200 (0.4%): Train pred MSE = 1.955305e-06, Test pred MSE = 1.639425e-06, Param MSE = 1.638335e-05, Grad norm = 1.636971e-05, Beta update rate = 1.090677e-06
Epoch  21400 (0.4%): Train pred MSE = 1.928756e-06, Test pred MSE = 1.634695e-06, Param MSE = 1.633620e-05, Grad norm = 1.621968e-05, Beta update rate = 1.078318e-06
Epoch  21600 (0.4%): Train pred MSE = 1.902689e-06, Test pred MSE = 1.630028e-06, Param MSE = 1.628967e-05, Grad norm = 1.607179e-05, Beta update rate = 1.066169e-06
Epoch  21800 (0.4%): Train pred MSE = 1.877095e-06, Test pred MSE = 1.625423e-06, Param MSE = 1.624376e-05, Grad norm = 1.592598e-05, Beta update rate = 1.054223e-06
Epoch  22000 (0.4%): Train pred MSE = 1.851962e-06, Test pred MSE = 1.620878e-06, Param MSE = 1.619845e-05, Grad norm = 1.578223e-05, Beta update rate = 1.042478e-06
Epoch  22200 (0.4%): Train pred MSE = 1.827279e-06, Test pred MSE = 1.616392e-06, Param MSE = 1.615374e-05, Grad norm = 1.564047e-05, Beta update rate = 1.030928e-06
Epoch  22400 (0.4%): Train pred MSE = 1.803037e-06, Test pred MSE = 1.611964e-06, Param MSE = 1.610959e-05, Grad norm = 1.550069e-05, Beta update rate = 1.019569e-06
Epoch  22600 (0.5%): Train pred MSE = 1.779225e-06, Test pred MSE = 1.607593e-06, Param MSE = 1.606602e-05, Grad norm = 1.536283e-05, Beta update rate = 1.008396e-06
Epoch  22800 (0.5%): Train pred MSE = 1.755833e-06, Test pred MSE = 1.603278e-06, Param MSE = 1.602301e-05, Grad norm = 1.522686e-05, Beta update rate = 9.974050e-07
Epoch  23000 (0.5%): Train pred MSE = 1.732853e-06, Test pred MSE = 1.599018e-06, Param MSE = 1.598054e-05, Grad norm = 1.509275e-05, Beta update rate = 9.865924e-07
Epoch  23200 (0.5%): Train pred MSE = 1.710275e-06, Test pred MSE = 1.594812e-06, Param MSE = 1.593861e-05, Grad norm = 1.496046e-05, Beta update rate = 9.759540e-07
Epoch  23400 (0.5%): Train pred MSE = 1.688090e-06, Test pred MSE = 1.590658e-06, Param MSE = 1.589721e-05, Grad norm = 1.482995e-05, Beta update rate = 9.654860e-07
Epoch  23600 (0.5%): Train pred MSE = 1.666290e-06, Test pred MSE = 1.586557e-06, Param MSE = 1.585633e-05, Grad norm = 1.470119e-05, Beta update rate = 9.551846e-07
Epoch  23800 (0.5%): Train pred MSE = 1.644865e-06, Test pred MSE = 1.582507e-06, Param MSE = 1.581595e-05, Grad norm = 1.457416e-05, Beta update rate = 9.450461e-07
Epoch  24000 (0.5%): Train pred MSE = 1.623809e-06, Test pred MSE = 1.578507e-06, Param MSE = 1.577608e-05, Grad norm = 1.444881e-05, Beta update rate = 9.350671e-07
Epoch  24200 (0.5%): Train pred MSE = 1.603112e-06, Test pred MSE = 1.574556e-06, Param MSE = 1.573670e-05, Grad norm = 1.432511e-05, Beta update rate = 9.252441e-07
Epoch  24400 (0.5%): Train pred MSE = 1.582767e-06, Test pred MSE = 1.570654e-06, Param MSE = 1.569779e-05, Grad norm = 1.420304e-05, Beta update rate = 9.155738e-07
Epoch  24600 (0.5%): Train pred MSE = 1.562767e-06, Test pred MSE = 1.566799e-06, Param MSE = 1.565937e-05, Grad norm = 1.408256e-05, Beta update rate = 9.060529e-07
Epoch  24800 (0.5%): Train pred MSE = 1.543103e-06, Test pred MSE = 1.562991e-06, Param MSE = 1.562141e-05, Grad norm = 1.396366e-05, Beta update rate = 8.966783e-07
Epoch  25000 (0.5%): Train pred MSE = 1.523770e-06, Test pred MSE = 1.559229e-06, Param MSE = 1.558391e-05, Grad norm = 1.384629e-05, Beta update rate = 8.874469e-07
Epoch  25200 (0.5%): Train pred MSE = 1.504760e-06, Test pred MSE = 1.555512e-06, Param MSE = 1.554685e-05, Grad norm = 1.373043e-05, Beta update rate = 8.783557e-07
Epoch  25400 (0.5%): Train pred MSE = 1.486065e-06, Test pred MSE = 1.551839e-06, Param MSE = 1.551025e-05, Grad norm = 1.361605e-05, Beta update rate = 8.694019e-07
Epoch  25600 (0.5%): Train pred MSE = 1.467680e-06, Test pred MSE = 1.548210e-06, Param MSE = 1.547407e-05, Grad norm = 1.350313e-05, Beta update rate = 8.605825e-07
Epoch  25800 (0.5%): Train pred MSE = 1.449598e-06, Test pred MSE = 1.544624e-06, Param MSE = 1.543832e-05, Grad norm = 1.339164e-05, Beta update rate = 8.518948e-07
Epoch  26000 (0.5%): Train pred MSE = 1.431813e-06, Test pred MSE = 1.541080e-06, Param MSE = 1.540300e-05, Grad norm = 1.328156e-05, Beta update rate = 8.433362e-07
Epoch  26200 (0.5%): Train pred MSE = 1.414319e-06, Test pred MSE = 1.537578e-06, Param MSE = 1.536808e-05, Grad norm = 1.317287e-05, Beta update rate = 8.349041e-07
Epoch  26400 (0.5%): Train pred MSE = 1.397108e-06, Test pred MSE = 1.534116e-06, Param MSE = 1.533358e-05, Grad norm = 1.306553e-05, Beta update rate = 8.265959e-07
Epoch  26600 (0.5%): Train pred MSE = 1.380177e-06, Test pred MSE = 1.530695e-06, Param MSE = 1.529947e-05, Grad norm = 1.295952e-05, Beta update rate = 8.184090e-07
Epoch  26800 (0.5%): Train pred MSE = 1.363519e-06, Test pred MSE = 1.527313e-06, Param MSE = 1.526576e-05, Grad norm = 1.285483e-05, Beta update rate = 8.103412e-07
Epoch  27000 (0.5%): Train pred MSE = 1.347128e-06, Test pred MSE = 1.523970e-06, Param MSE = 1.523243e-05, Grad norm = 1.275143e-05, Beta update rate = 8.023901e-07
Epoch  27200 (0.5%): Train pred MSE = 1.330999e-06, Test pred MSE = 1.520665e-06, Param MSE = 1.519948e-05, Grad norm = 1.264930e-05, Beta update rate = 7.945534e-07
Epoch  27400 (0.5%): Train pred MSE = 1.315127e-06, Test pred MSE = 1.517397e-06, Param MSE = 1.516691e-05, Grad norm = 1.254841e-05, Beta update rate = 7.868287e-07
Epoch  27600 (0.6%): Train pred MSE = 1.299507e-06, Test pred MSE = 1.514167e-06, Param MSE = 1.513471e-05, Grad norm = 1.244875e-05, Beta update rate = 7.792141e-07
Epoch  27800 (0.6%): Train pred MSE = 1.284133e-06, Test pred MSE = 1.510973e-06, Param MSE = 1.510287e-05, Grad norm = 1.235030e-05, Beta update rate = 7.717073e-07
Epoch  28000 (0.6%): Train pred MSE = 1.269001e-06, Test pred MSE = 1.507814e-06, Param MSE = 1.507138e-05, Grad norm = 1.225303e-05, Beta update rate = 7.643062e-07
Epoch  28200 (0.6%): Train pred MSE = 1.254106e-06, Test pred MSE = 1.504691e-06, Param MSE = 1.504025e-05, Grad norm = 1.215693e-05, Beta update rate = 7.570089e-07
Epoch  28400 (0.6%): Train pred MSE = 1.239443e-06, Test pred MSE = 1.501603e-06, Param MSE = 1.500946e-05, Grad norm = 1.206197e-05, Beta update rate = 7.498134e-07
Epoch  28600 (0.6%): Train pred MSE = 1.225008e-06, Test pred MSE = 1.498549e-06, Param MSE = 1.497901e-05, Grad norm = 1.196815e-05, Beta update rate = 7.427178e-07
Epoch  28800 (0.6%): Train pred MSE = 1.210796e-06, Test pred MSE = 1.495528e-06, Param MSE = 1.494890e-05, Grad norm = 1.187543e-05, Beta update rate = 7.357202e-07
Epoch  29000 (0.6%): Train pred MSE = 1.196803e-06, Test pred MSE = 1.492540e-06, Param MSE = 1.491912e-05, Grad norm = 1.178381e-05, Beta update rate = 7.288187e-07
Epoch  29200 (0.6%): Train pred MSE = 1.183025e-06, Test pred MSE = 1.489585e-06, Param MSE = 1.488966e-05, Grad norm = 1.169326e-05, Beta update rate = 7.220116e-07
Epoch  29400 (0.6%): Train pred MSE = 1.169457e-06, Test pred MSE = 1.486663e-06, Param MSE = 1.486052e-05, Grad norm = 1.160377e-05, Beta update rate = 7.152971e-07
Epoch  29600 (0.6%): Train pred MSE = 1.156095e-06, Test pred MSE = 1.483771e-06, Param MSE = 1.483170e-05, Grad norm = 1.151532e-05, Beta update rate = 7.086736e-07
Epoch  29800 (0.6%): Train pred MSE = 1.142936e-06, Test pred MSE = 1.480911e-06, Param MSE = 1.480319e-05, Grad norm = 1.142789e-05, Beta update rate = 7.021393e-07
Epoch  30000 (0.6%): Train pred MSE = 1.129976e-06, Test pred MSE = 1.478082e-06, Param MSE = 1.477498e-05, Grad norm = 1.134147e-05, Beta update rate = 6.956927e-07
Epoch  30200 (0.6%): Train pred MSE = 1.117211e-06, Test pred MSE = 1.475282e-06, Param MSE = 1.474707e-05, Grad norm = 1.125605e-05, Beta update rate = 6.893321e-07
Epoch  30400 (0.6%): Train pred MSE = 1.104637e-06, Test pred MSE = 1.472513e-06, Param MSE = 1.471946e-05, Grad norm = 1.117160e-05, Beta update rate = 6.830561e-07
Epoch  30600 (0.6%): Train pred MSE = 1.092250e-06, Test pred MSE = 1.469772e-06, Param MSE = 1.469214e-05, Grad norm = 1.108812e-05, Beta update rate = 6.768630e-07
Epoch  30800 (0.6%): Train pred MSE = 1.080048e-06, Test pred MSE = 1.467061e-06, Param MSE = 1.466511e-05, Grad norm = 1.100558e-05, Beta update rate = 6.707515e-07
Epoch  31000 (0.6%): Train pred MSE = 1.068026e-06, Test pred MSE = 1.464378e-06, Param MSE = 1.463836e-05, Grad norm = 1.092398e-05, Beta update rate = 6.647201e-07
Epoch  31200 (0.6%): Train pred MSE = 1.056181e-06, Test pred MSE = 1.461722e-06, Param MSE = 1.461189e-05, Grad norm = 1.084329e-05, Beta update rate = 6.587674e-07
Epoch  31400 (0.6%): Train pred MSE = 1.044511e-06, Test pred MSE = 1.459095e-06, Param MSE = 1.458569e-05, Grad norm = 1.076351e-05, Beta update rate = 6.528919e-07
Epoch  31600 (0.6%): Train pred MSE = 1.033011e-06, Test pred MSE = 1.456495e-06, Param MSE = 1.455977e-05, Grad norm = 1.068462e-05, Beta update rate = 6.470924e-07
Epoch  31800 (0.6%): Train pred MSE = 1.021679e-06, Test pred MSE = 1.453921e-06, Param MSE = 1.453411e-05, Grad norm = 1.060661e-05, Beta update rate = 6.413676e-07
Epoch  32000 (0.6%): Train pred MSE = 1.010511e-06, Test pred MSE = 1.451374e-06, Param MSE = 1.450872e-05, Grad norm = 1.052946e-05, Beta update rate = 6.357160e-07
Epoch  32200 (0.6%): Train pred MSE = 9.995049e-07, Test pred MSE = 1.448853e-06, Param MSE = 1.448358e-05, Grad norm = 1.045317e-05, Beta update rate = 6.301366e-07
Epoch  32400 (0.6%): Train pred MSE = 9.886575e-07, Test pred MSE = 1.446358e-06, Param MSE = 1.445871e-05, Grad norm = 1.037771e-05, Beta update rate = 6.246280e-07
Epoch  32600 (0.7%): Train pred MSE = 9.779658e-07, Test pred MSE = 1.443888e-06, Param MSE = 1.443408e-05, Grad norm = 1.030308e-05, Beta update rate = 6.191890e-07
Epoch  32800 (0.7%): Train pred MSE = 9.674270e-07, Test pred MSE = 1.441443e-06, Param MSE = 1.440970e-05, Grad norm = 1.022926e-05, Beta update rate = 6.138186e-07
Epoch  33000 (0.7%): Train pred MSE = 9.570384e-07, Test pred MSE = 1.439022e-06, Param MSE = 1.438557e-05, Grad norm = 1.015625e-05, Beta update rate = 6.085154e-07
Epoch  33200 (0.7%): Train pred MSE = 9.467974e-07, Test pred MSE = 1.436626e-06, Param MSE = 1.436168e-05, Grad norm = 1.008402e-05, Beta update rate = 6.032784e-07
Epoch  33400 (0.7%): Train pred MSE = 9.367011e-07, Test pred MSE = 1.434254e-06, Param MSE = 1.433802e-05, Grad norm = 1.001258e-05, Beta update rate = 5.981065e-07
Epoch  33600 (0.7%): Train pred MSE = 9.267472e-07, Test pred MSE = 1.431905e-06, Param MSE = 1.431461e-05, Grad norm = 9.941905e-06, Beta update rate = 5.929986e-07
Epoch  33800 (0.7%): Train pred MSE = 9.169331e-07, Test pred MSE = 1.429579e-06, Param MSE = 1.429142e-05, Grad norm = 9.871986e-06, Beta update rate = 5.879536e-07
Epoch  34000 (0.7%): Train pred MSE = 9.072562e-07, Test pred MSE = 1.427277e-06, Param MSE = 1.426846e-05, Grad norm = 9.802813e-06, Beta update rate = 5.829706e-07
Epoch  34200 (0.7%): Train pred MSE = 8.977143e-07, Test pred MSE = 1.424997e-06, Param MSE = 1.424573e-05, Grad norm = 9.734376e-06, Beta update rate = 5.780484e-07
Epoch  34400 (0.7%): Train pred MSE = 8.883048e-07, Test pred MSE = 1.422739e-06, Param MSE = 1.422322e-05, Grad norm = 9.666663e-06, Beta update rate = 5.731862e-07
Epoch  34600 (0.7%): Train pred MSE = 8.790256e-07, Test pred MSE = 1.420503e-06, Param MSE = 1.420092e-05, Grad norm = 9.599666e-06, Beta update rate = 5.683828e-07
Epoch  34800 (0.7%): Train pred MSE = 8.698743e-07, Test pred MSE = 1.418289e-06, Param MSE = 1.417885e-05, Grad norm = 9.533372e-06, Beta update rate = 5.636375e-07
Epoch  35000 (0.7%): Train pred MSE = 8.608488e-07, Test pred MSE = 1.416097e-06, Param MSE = 1.415699e-05, Grad norm = 9.467774e-06, Beta update rate = 5.589491e-07
Epoch  35200 (0.7%): Train pred MSE = 8.519468e-07, Test pred MSE = 1.413925e-06, Param MSE = 1.413534e-05, Grad norm = 9.402860e-06, Beta update rate = 5.543169e-07
Epoch  35400 (0.7%): Train pred MSE = 8.431662e-07, Test pred MSE = 1.411775e-06, Param MSE = 1.411389e-05, Grad norm = 9.338622e-06, Beta update rate = 5.497400e-07
Epoch  35600 (0.7%): Train pred MSE = 8.345050e-07, Test pred MSE = 1.409645e-06, Param MSE = 1.409265e-05, Grad norm = 9.275050e-06, Beta update rate = 5.452174e-07
Epoch  35800 (0.7%): Train pred MSE = 8.259611e-07, Test pred MSE = 1.407535e-06, Param MSE = 1.407161e-05, Grad norm = 9.212135e-06, Beta update rate = 5.407483e-07
Epoch  36000 (0.7%): Train pred MSE = 8.175325e-07, Test pred MSE = 1.405445e-06, Param MSE = 1.405078e-05, Grad norm = 9.149868e-06, Beta update rate = 5.363319e-07
Epoch  36200 (0.7%): Train pred MSE = 8.092173e-07, Test pred MSE = 1.403375e-06, Param MSE = 1.403014e-05, Grad norm = 9.088239e-06, Beta update rate = 5.319673e-07
Epoch  36400 (0.7%): Train pred MSE = 8.010135e-07, Test pred MSE = 1.401325e-06, Param MSE = 1.400969e-05, Grad norm = 9.027240e-06, Beta update rate = 5.276537e-07
Epoch  36600 (0.7%): Train pred MSE = 7.929193e-07, Test pred MSE = 1.399294e-06, Param MSE = 1.398943e-05, Grad norm = 8.966864e-06, Beta update rate = 5.233904e-07
Epoch  36800 (0.7%): Train pred MSE = 7.849328e-07, Test pred MSE = 1.397281e-06, Param MSE = 1.396937e-05, Grad norm = 8.907100e-06, Beta update rate = 5.191765e-07
Epoch  37000 (0.7%): Train pred MSE = 7.770522e-07, Test pred MSE = 1.395288e-06, Param MSE = 1.394949e-05, Grad norm = 8.847941e-06, Beta update rate = 5.150114e-07
Epoch  37200 (0.7%): Train pred MSE = 7.692758e-07, Test pred MSE = 1.393313e-06, Param MSE = 1.392980e-05, Grad norm = 8.789378e-06, Beta update rate = 5.108941e-07
Epoch  37400 (0.7%): Train pred MSE = 7.616018e-07, Test pred MSE = 1.391356e-06, Param MSE = 1.391028e-05, Grad norm = 8.731405e-06, Beta update rate = 5.068242e-07
Epoch  37600 (0.8%): Train pred MSE = 7.540285e-07, Test pred MSE = 1.389417e-06, Param MSE = 1.389095e-05, Grad norm = 8.674012e-06, Beta update rate = 5.028007e-07
Epoch  37800 (0.8%): Train pred MSE = 7.465543e-07, Test pred MSE = 1.387497e-06, Param MSE = 1.387179e-05, Grad norm = 8.617192e-06, Beta update rate = 4.988230e-07
Epoch  38000 (0.8%): Train pred MSE = 7.391775e-07, Test pred MSE = 1.385593e-06, Param MSE = 1.385281e-05, Grad norm = 8.560937e-06, Beta update rate = 4.948904e-07
Epoch  38200 (0.8%): Train pred MSE = 7.318965e-07, Test pred MSE = 1.383707e-06, Param MSE = 1.383401e-05, Grad norm = 8.505240e-06, Beta update rate = 4.910022e-07
Epoch  38400 (0.8%): Train pred MSE = 7.247098e-07, Test pred MSE = 1.381839e-06, Param MSE = 1.381537e-05, Grad norm = 8.450094e-06, Beta update rate = 4.871579e-07
Epoch  38600 (0.8%): Train pred MSE = 7.176159e-07, Test pred MSE = 1.379987e-06, Param MSE = 1.379690e-05, Grad norm = 8.395492e-06, Beta update rate = 4.833566e-07
Epoch  38800 (0.8%): Train pred MSE = 7.106132e-07, Test pred MSE = 1.378151e-06, Param MSE = 1.377860e-05, Grad norm = 8.341425e-06, Beta update rate = 4.795978e-07
Epoch  39000 (0.8%): Train pred MSE = 7.037002e-07, Test pred MSE = 1.376333e-06, Param MSE = 1.376046e-05, Grad norm = 8.287888e-06, Beta update rate = 4.758809e-07
Epoch  39200 (0.8%): Train pred MSE = 6.968755e-07, Test pred MSE = 1.374530e-06, Param MSE = 1.374249e-05, Grad norm = 8.234873e-06, Beta update rate = 4.722052e-07
Epoch  39400 (0.8%): Train pred MSE = 6.901378e-07, Test pred MSE = 1.372744e-06, Param MSE = 1.372467e-05, Grad norm = 8.182373e-06, Beta update rate = 4.685701e-07
Epoch  39600 (0.8%): Train pred MSE = 6.834855e-07, Test pred MSE = 1.370974e-06, Param MSE = 1.370702e-05, Grad norm = 8.130382e-06, Beta update rate = 4.649751e-07
Epoch  39800 (0.8%): Train pred MSE = 6.769173e-07, Test pred MSE = 1.369219e-06, Param MSE = 1.368952e-05, Grad norm = 8.078894e-06, Beta update rate = 4.614195e-07
Epoch  40000 (0.8%): Train pred MSE = 6.704320e-07, Test pred MSE = 1.367480e-06, Param MSE = 1.367217e-05, Grad norm = 8.027901e-06, Beta update rate = 4.579029e-07
Epoch  40200 (0.8%): Train pred MSE = 6.640281e-07, Test pred MSE = 1.365756e-06, Param MSE = 1.365498e-05, Grad norm = 7.977398e-06, Beta update rate = 4.544245e-07
Epoch  40400 (0.8%): Train pred MSE = 6.577044e-07, Test pred MSE = 1.364047e-06, Param MSE = 1.363794e-05, Grad norm = 7.927379e-06, Beta update rate = 4.509839e-07
Epoch  40600 (0.8%): Train pred MSE = 6.514596e-07, Test pred MSE = 1.362354e-06, Param MSE = 1.362104e-05, Grad norm = 7.877836e-06, Beta update rate = 4.475806e-07
Epoch  40800 (0.8%): Train pred MSE = 6.452925e-07, Test pred MSE = 1.360675e-06, Param MSE = 1.360430e-05, Grad norm = 7.828764e-06, Beta update rate = 4.442140e-07
Epoch  41000 (0.8%): Train pred MSE = 6.392018e-07, Test pred MSE = 1.359010e-06, Param MSE = 1.358770e-05, Grad norm = 7.780158e-06, Beta update rate = 4.408835e-07
Epoch  41200 (0.8%): Train pred MSE = 6.331865e-07, Test pred MSE = 1.357360e-06, Param MSE = 1.357124e-05, Grad norm = 7.732011e-06, Beta update rate = 4.375887e-07
Epoch  41400 (0.8%): Train pred MSE = 6.272452e-07, Test pred MSE = 1.355725e-06, Param MSE = 1.355493e-05, Grad norm = 7.684317e-06, Beta update rate = 4.343291e-07
Epoch  41600 (0.8%): Train pred MSE = 6.213769e-07, Test pred MSE = 1.354103e-06, Param MSE = 1.353875e-05, Grad norm = 7.637071e-06, Beta update rate = 4.311042e-07
Epoch  41800 (0.8%): Train pred MSE = 6.155804e-07, Test pred MSE = 1.352495e-06, Param MSE = 1.352271e-05, Grad norm = 7.590267e-06, Beta update rate = 4.279135e-07
Epoch  42000 (0.8%): Train pred MSE = 6.098546e-07, Test pred MSE = 1.350901e-06, Param MSE = 1.350682e-05, Grad norm = 7.543900e-06, Beta update rate = 4.247564e-07
Epoch  42200 (0.8%): Train pred MSE = 6.041985e-07, Test pred MSE = 1.349321e-06, Param MSE = 1.349105e-05, Grad norm = 7.497964e-06, Beta update rate = 4.216327e-07
Epoch  42400 (0.8%): Train pred MSE = 5.986109e-07, Test pred MSE = 1.347754e-06, Param MSE = 1.347542e-05, Grad norm = 7.452454e-06, Beta update rate = 4.185417e-07
Epoch  42600 (0.9%): Train pred MSE = 5.930908e-07, Test pred MSE = 1.346200e-06, Param MSE = 1.345992e-05, Grad norm = 7.407365e-06, Beta update rate = 4.154830e-07
Epoch  42800 (0.9%): Train pred MSE = 5.876372e-07, Test pred MSE = 1.344660e-06, Param MSE = 1.344456e-05, Grad norm = 7.362692e-06, Beta update rate = 4.124562e-07
Epoch  43000 (0.9%): Train pred MSE = 5.822491e-07, Test pred MSE = 1.343132e-06, Param MSE = 1.342932e-05, Grad norm = 7.318429e-06, Beta update rate = 4.094609e-07
Epoch  43200 (0.9%): Train pred MSE = 5.769255e-07, Test pred MSE = 1.341617e-06, Param MSE = 1.341421e-05, Grad norm = 7.274571e-06, Beta update rate = 4.064966e-07
Epoch  43400 (0.9%): Train pred MSE = 5.716654e-07, Test pred MSE = 1.340115e-06, Param MSE = 1.339923e-05, Grad norm = 7.231113e-06, Beta update rate = 4.035630e-07
Epoch  43600 (0.9%): Train pred MSE = 5.664679e-07, Test pred MSE = 1.338626e-06, Param MSE = 1.338437e-05, Grad norm = 7.188052e-06, Beta update rate = 4.006595e-07
Epoch  43800 (0.9%): Train pred MSE = 5.613319e-07, Test pred MSE = 1.337148e-06, Param MSE = 1.336963e-05, Grad norm = 7.145381e-06, Beta update rate = 3.977858e-07
Epoch  44000 (0.9%): Train pred MSE = 5.562567e-07, Test pred MSE = 1.335683e-06, Param MSE = 1.335502e-05, Grad norm = 7.103096e-06, Beta update rate = 3.949414e-07
Epoch  44200 (0.9%): Train pred MSE = 5.512413e-07, Test pred MSE = 1.334231e-06, Param MSE = 1.334052e-05, Grad norm = 7.061193e-06, Beta update rate = 3.921261e-07
Epoch  44400 (0.9%): Train pred MSE = 5.462848e-07, Test pred MSE = 1.332790e-06, Param MSE = 1.332615e-05, Grad norm = 7.019666e-06, Beta update rate = 3.893394e-07
Epoch  44600 (0.9%): Train pred MSE = 5.413863e-07, Test pred MSE = 1.331361e-06, Param MSE = 1.331189e-05, Grad norm = 6.978512e-06, Beta update rate = 3.865808e-07
Epoch  44800 (0.9%): Train pred MSE = 5.365450e-07, Test pred MSE = 1.329943e-06, Param MSE = 1.329776e-05, Grad norm = 6.937726e-06, Beta update rate = 3.838502e-07
Epoch  45000 (0.9%): Train pred MSE = 5.317600e-07, Test pred MSE = 1.328537e-06, Param MSE = 1.328373e-05, Grad norm = 6.897303e-06, Beta update rate = 3.811470e-07
Epoch  45200 (0.9%): Train pred MSE = 5.270306e-07, Test pred MSE = 1.327143e-06, Param MSE = 1.326982e-05, Grad norm = 6.857240e-06, Beta update rate = 3.784709e-07
Epoch  45400 (0.9%): Train pred MSE = 5.223558e-07, Test pred MSE = 1.325760e-06, Param MSE = 1.325602e-05, Grad norm = 6.817531e-06, Beta update rate = 3.758216e-07
Epoch  45600 (0.9%): Train pred MSE = 5.177350e-07, Test pred MSE = 1.324388e-06, Param MSE = 1.324234e-05, Grad norm = 6.778173e-06, Beta update rate = 3.731987e-07
Epoch  45800 (0.9%): Train pred MSE = 5.131672e-07, Test pred MSE = 1.323027e-06, Param MSE = 1.322876e-05, Grad norm = 6.739162e-06, Beta update rate = 3.706019e-07
Epoch  46000 (0.9%): Train pred MSE = 5.086519e-07, Test pred MSE = 1.321677e-06, Param MSE = 1.321529e-05, Grad norm = 6.700493e-06, Beta update rate = 3.680308e-07
Epoch  46200 (0.9%): Train pred MSE = 5.041881e-07, Test pred MSE = 1.320338e-06, Param MSE = 1.320193e-05, Grad norm = 6.662163e-06, Beta update rate = 3.654851e-07
Epoch  46400 (0.9%): Train pred MSE = 4.997751e-07, Test pred MSE = 1.319010e-06, Param MSE = 1.318868e-05, Grad norm = 6.624168e-06, Beta update rate = 3.629645e-07
Epoch  46600 (0.9%): Train pred MSE = 4.954123e-07, Test pred MSE = 1.317692e-06, Param MSE = 1.317553e-05, Grad norm = 6.586503e-06, Beta update rate = 3.604686e-07
Epoch  46800 (0.9%): Train pred MSE = 4.910988e-07, Test pred MSE = 1.316385e-06, Param MSE = 1.316249e-05, Grad norm = 6.549165e-06, Beta update rate = 3.579971e-07
Epoch  47000 (0.9%): Train pred MSE = 4.868341e-07, Test pred MSE = 1.315088e-06, Param MSE = 1.314955e-05, Grad norm = 6.512150e-06, Beta update rate = 3.555498e-07
Epoch  47200 (0.9%): Train pred MSE = 4.826174e-07, Test pred MSE = 1.313801e-06, Param MSE = 1.313671e-05, Grad norm = 6.475454e-06, Beta update rate = 3.531263e-07
Epoch  47400 (0.9%): Train pred MSE = 4.784479e-07, Test pred MSE = 1.312524e-06, Param MSE = 1.312398e-05, Grad norm = 6.439074e-06, Beta update rate = 3.507262e-07
Epoch  47600 (1.0%): Train pred MSE = 4.743251e-07, Test pred MSE = 1.311258e-06, Param MSE = 1.311134e-05, Grad norm = 6.403006e-06, Beta update rate = 3.483494e-07
Epoch  47800 (1.0%): Train pred MSE = 4.702484e-07, Test pred MSE = 1.310001e-06, Param MSE = 1.309880e-05, Grad norm = 6.367246e-06, Beta update rate = 3.459955e-07
Epoch  48000 (1.0%): Train pred MSE = 4.662169e-07, Test pred MSE = 1.308754e-06, Param MSE = 1.308636e-05, Grad norm = 6.331791e-06, Beta update rate = 3.436643e-07
Epoch  48200 (1.0%): Train pred MSE = 4.622302e-07, Test pred MSE = 1.307517e-06, Param MSE = 1.307402e-05, Grad norm = 6.296638e-06, Beta update rate = 3.413553e-07
Epoch  48400 (1.0%): Train pred MSE = 4.582875e-07, Test pred MSE = 1.306290e-06, Param MSE = 1.306177e-05, Grad norm = 6.261782e-06, Beta update rate = 3.390685e-07
Epoch  48600 (1.0%): Train pred MSE = 4.543883e-07, Test pred MSE = 1.305072e-06, Param MSE = 1.304962e-05, Grad norm = 6.227222e-06, Beta update rate = 3.368034e-07
Epoch  48800 (1.0%): Train pred MSE = 4.505320e-07, Test pred MSE = 1.303863e-06, Param MSE = 1.303756e-05, Grad norm = 6.192952e-06, Beta update rate = 3.345599e-07
Epoch  49000 (1.0%): Train pred MSE = 4.467179e-07, Test pred MSE = 1.302664e-06, Param MSE = 1.302559e-05, Grad norm = 6.158970e-06, Beta update rate = 3.323376e-07
Epoch  49200 (1.0%): Train pred MSE = 4.429455e-07, Test pred MSE = 1.301473e-06, Param MSE = 1.301371e-05, Grad norm = 6.125274e-06, Beta update rate = 3.301363e-07
Epoch  49400 (1.0%): Train pred MSE = 4.392142e-07, Test pred MSE = 1.300292e-06, Param MSE = 1.300193e-05, Grad norm = 6.091858e-06, Beta update rate = 3.279557e-07
Epoch  49600 (1.0%): Train pred MSE = 4.355235e-07, Test pred MSE = 1.299120e-06, Param MSE = 1.299024e-05, Grad norm = 6.058721e-06, Beta update rate = 3.257956e-07
Epoch  49800 (1.0%): Train pred MSE = 4.318727e-07, Test pred MSE = 1.297957e-06, Param MSE = 1.297863e-05, Grad norm = 6.025860e-06, Beta update rate = 3.236558e-07
Epoch  50000 (1.0%): Train pred MSE = 4.282614e-07, Test pred MSE = 1.296803e-06, Param MSE = 1.296711e-05, Grad norm = 5.993270e-06, Beta update rate = 3.215359e-07
Epoch  50200 (1.0%): Train pred MSE = 4.246890e-07, Test pred MSE = 1.295657e-06, Param MSE = 1.295568e-05, Grad norm = 5.960950e-06, Beta update rate = 3.194357e-07
Epoch  50400 (1.0%): Train pred MSE = 4.211549e-07, Test pred MSE = 1.294521e-06, Param MSE = 1.294434e-05, Grad norm = 5.928895e-06, Beta update rate = 3.173551e-07
Epoch  50600 (1.0%): Train pred MSE = 4.176587e-07, Test pred MSE = 1.293392e-06, Param MSE = 1.293308e-05, Grad norm = 5.897105e-06, Beta update rate = 3.152937e-07
Epoch  50800 (1.0%): Train pred MSE = 4.141999e-07, Test pred MSE = 1.292272e-06, Param MSE = 1.292190e-05, Grad norm = 5.865574e-06, Beta update rate = 3.132514e-07
Epoch  51000 (1.0%): Train pred MSE = 4.107778e-07, Test pred MSE = 1.291161e-06, Param MSE = 1.291081e-05, Grad norm = 5.834301e-06, Beta update rate = 3.112278e-07
Epoch  51200 (1.0%): Train pred MSE = 4.073922e-07, Test pred MSE = 1.290058e-06, Param MSE = 1.289980e-05, Grad norm = 5.803282e-06, Beta update rate = 3.092229e-07
Epoch  51400 (1.0%): Train pred MSE = 4.040423e-07, Test pred MSE = 1.288963e-06, Param MSE = 1.288888e-05, Grad norm = 5.772515e-06, Beta update rate = 3.072363e-07
Epoch  51600 (1.0%): Train pred MSE = 4.007279e-07, Test pred MSE = 1.287876e-06, Param MSE = 1.287803e-05, Grad norm = 5.741998e-06, Beta update rate = 3.052678e-07
Epoch  51800 (1.0%): Train pred MSE = 3.974483e-07, Test pred MSE = 1.286797e-06, Param MSE = 1.286727e-05, Grad norm = 5.711726e-06, Beta update rate = 3.033172e-07
Epoch  52000 (1.0%): Train pred MSE = 3.942032e-07, Test pred MSE = 1.285726e-06, Param MSE = 1.285658e-05, Grad norm = 5.681699e-06, Beta update rate = 3.013844e-07
Epoch  52200 (1.0%): Train pred MSE = 3.909921e-07, Test pred MSE = 1.284664e-06, Param MSE = 1.284597e-05, Grad norm = 5.651912e-06, Beta update rate = 2.994690e-07
Epoch  52400 (1.0%): Train pred MSE = 3.878145e-07, Test pred MSE = 1.283608e-06, Param MSE = 1.283544e-05, Grad norm = 5.622364e-06, Beta update rate = 2.975710e-07
Epoch  52600 (1.1%): Train pred MSE = 3.846700e-07, Test pred MSE = 1.282561e-06, Param MSE = 1.282499e-05, Grad norm = 5.593051e-06, Beta update rate = 2.956900e-07
Epoch  52800 (1.1%): Train pred MSE = 3.815582e-07, Test pred MSE = 1.281521e-06, Param MSE = 1.281462e-05, Grad norm = 5.563972e-06, Beta update rate = 2.938260e-07
Epoch  53000 (1.1%): Train pred MSE = 3.784785e-07, Test pred MSE = 1.280489e-06, Param MSE = 1.280432e-05, Grad norm = 5.535124e-06, Beta update rate = 2.919786e-07
Epoch  53200 (1.1%): Train pred MSE = 3.754307e-07, Test pred MSE = 1.279465e-06, Param MSE = 1.279409e-05, Grad norm = 5.506504e-06, Beta update rate = 2.901477e-07
Epoch  53400 (1.1%): Train pred MSE = 3.724143e-07, Test pred MSE = 1.278447e-06, Param MSE = 1.278394e-05, Grad norm = 5.478110e-06, Beta update rate = 2.883332e-07
Epoch  53600 (1.1%): Train pred MSE = 3.694289e-07, Test pred MSE = 1.277438e-06, Param MSE = 1.277386e-05, Grad norm = 5.449939e-06, Beta update rate = 2.865347e-07
Epoch  53800 (1.1%): Train pred MSE = 3.664741e-07, Test pred MSE = 1.276435e-06, Param MSE = 1.276386e-05, Grad norm = 5.421990e-06, Beta update rate = 2.847522e-07
Epoch  54000 (1.1%): Train pred MSE = 3.635494e-07, Test pred MSE = 1.275440e-06, Param MSE = 1.275392e-05, Grad norm = 5.394259e-06, Beta update rate = 2.829855e-07
Epoch  54200 (1.1%): Train pred MSE = 3.606545e-07, Test pred MSE = 1.274452e-06, Param MSE = 1.274406e-05, Grad norm = 5.366744e-06, Beta update rate = 2.812343e-07
Epoch  54400 (1.1%): Train pred MSE = 3.577891e-07, Test pred MSE = 1.273470e-06, Param MSE = 1.273427e-05, Grad norm = 5.339444e-06, Beta update rate = 2.794985e-07
Epoch  54600 (1.1%): Train pred MSE = 3.549527e-07, Test pred MSE = 1.272496e-06, Param MSE = 1.272455e-05, Grad norm = 5.312355e-06, Beta update rate = 2.777779e-07
Epoch  54800 (1.1%): Train pred MSE = 3.521450e-07, Test pred MSE = 1.271529e-06, Param MSE = 1.271489e-05, Grad norm = 5.285477e-06, Beta update rate = 2.760723e-07
Epoch  55000 (1.1%): Train pred MSE = 3.493655e-07, Test pred MSE = 1.270569e-06, Param MSE = 1.270531e-05, Grad norm = 5.258805e-06, Beta update rate = 2.743817e-07
Epoch  55200 (1.1%): Train pred MSE = 3.466141e-07, Test pred MSE = 1.269616e-06, Param MSE = 1.269579e-05, Grad norm = 5.232339e-06, Beta update rate = 2.727057e-07
Epoch  55400 (1.1%): Train pred MSE = 3.438902e-07, Test pred MSE = 1.268669e-06, Param MSE = 1.268635e-05, Grad norm = 5.206076e-06, Beta update rate = 2.710442e-07
Epoch  55600 (1.1%): Train pred MSE = 3.411935e-07, Test pred MSE = 1.267729e-06, Param MSE = 1.267696e-05, Grad norm = 5.180014e-06, Beta update rate = 2.693972e-07
Epoch  55800 (1.1%): Train pred MSE = 3.385237e-07, Test pred MSE = 1.266795e-06, Param MSE = 1.266765e-05, Grad norm = 5.154150e-06, Beta update rate = 2.677643e-07
Epoch  56000 (1.1%): Train pred MSE = 3.358805e-07, Test pred MSE = 1.265868e-06, Param MSE = 1.265840e-05, Grad norm = 5.128484e-06, Beta update rate = 2.661455e-07
Epoch  56200 (1.1%): Train pred MSE = 3.332636e-07, Test pred MSE = 1.264948e-06, Param MSE = 1.264921e-05, Grad norm = 5.103012e-06, Beta update rate = 2.645406e-07
Epoch  56400 (1.1%): Train pred MSE = 3.306725e-07, Test pred MSE = 1.264034e-06, Param MSE = 1.264009e-05, Grad norm = 5.077734e-06, Beta update rate = 2.629494e-07
Epoch  56600 (1.1%): Train pred MSE = 3.281070e-07, Test pred MSE = 1.263127e-06, Param MSE = 1.263103e-05, Grad norm = 5.052646e-06, Beta update rate = 2.613719e-07
Epoch  56800 (1.1%): Train pred MSE = 3.255667e-07, Test pred MSE = 1.262225e-06, Param MSE = 1.262203e-05, Grad norm = 5.027746e-06, Beta update rate = 2.598077e-07
Epoch  57000 (1.1%): Train pred MSE = 3.230514e-07, Test pred MSE = 1.261330e-06, Param MSE = 1.261310e-05, Grad norm = 5.003034e-06, Beta update rate = 2.582568e-07
Epoch  57200 (1.1%): Train pred MSE = 3.205607e-07, Test pred MSE = 1.260441e-06, Param MSE = 1.260423e-05, Grad norm = 4.978507e-06, Beta update rate = 2.567191e-07
Epoch  57400 (1.1%): Train pred MSE = 3.180944e-07, Test pred MSE = 1.259559e-06, Param MSE = 1.259542e-05, Grad norm = 4.954162e-06, Beta update rate = 2.551944e-07
Epoch  57600 (1.2%): Train pred MSE = 3.156521e-07, Test pred MSE = 1.258682e-06, Param MSE = 1.258667e-05, Grad norm = 4.929999e-06, Beta update rate = 2.536825e-07
Epoch  57800 (1.2%): Train pred MSE = 3.132335e-07, Test pred MSE = 1.257811e-06, Param MSE = 1.257798e-05, Grad norm = 4.906016e-06, Beta update rate = 2.521834e-07
Epoch  58000 (1.2%): Train pred MSE = 3.108383e-07, Test pred MSE = 1.256947e-06, Param MSE = 1.256935e-05, Grad norm = 4.882209e-06, Beta update rate = 2.506968e-07
Epoch  58200 (1.2%): Train pred MSE = 3.084664e-07, Test pred MSE = 1.256088e-06, Param MSE = 1.256077e-05, Grad norm = 4.858579e-06, Beta update rate = 2.492226e-07
Epoch  58400 (1.2%): Train pred MSE = 3.061173e-07, Test pred MSE = 1.255235e-06, Param MSE = 1.255226e-05, Grad norm = 4.835123e-06, Beta update rate = 2.477608e-07
Epoch  58600 (1.2%): Train pred MSE = 3.037908e-07, Test pred MSE = 1.254388e-06, Param MSE = 1.254380e-05, Grad norm = 4.811838e-06, Beta update rate = 2.463111e-07
Epoch  58800 (1.2%): Train pred MSE = 3.014866e-07, Test pred MSE = 1.253547e-06, Param MSE = 1.253541e-05, Grad norm = 4.788725e-06, Beta update rate = 2.448735e-07
Epoch  59000 (1.2%): Train pred MSE = 2.992045e-07, Test pred MSE = 1.252711e-06, Param MSE = 1.252706e-05, Grad norm = 4.765780e-06, Beta update rate = 2.434477e-07
Epoch  59200 (1.2%): Train pred MSE = 2.969441e-07, Test pred MSE = 1.251881e-06, Param MSE = 1.251878e-05, Grad norm = 4.743002e-06, Beta update rate = 2.420338e-07
Epoch  59400 (1.2%): Train pred MSE = 2.947053e-07, Test pred MSE = 1.251057e-06, Param MSE = 1.251055e-05, Grad norm = 4.720389e-06, Beta update rate = 2.406315e-07
Epoch  59600 (1.2%): Train pred MSE = 2.924878e-07, Test pred MSE = 1.250238e-06, Param MSE = 1.250238e-05, Grad norm = 4.697941e-06, Beta update rate = 2.392407e-07
Epoch  59800 (1.2%): Train pred MSE = 2.902913e-07, Test pred MSE = 1.249424e-06, Param MSE = 1.249426e-05, Grad norm = 4.675654e-06, Beta update rate = 2.378613e-07
Epoch  60000 (1.2%): Train pred MSE = 2.881155e-07, Test pred MSE = 1.248617e-06, Param MSE = 1.248619e-05, Grad norm = 4.653528e-06, Beta update rate = 2.364932e-07
Epoch  60200 (1.2%): Train pred MSE = 2.859603e-07, Test pred MSE = 1.247814e-06, Param MSE = 1.247818e-05, Grad norm = 4.631561e-06, Beta update rate = 2.351363e-07
Epoch  60400 (1.2%): Train pred MSE = 2.838253e-07, Test pred MSE = 1.247017e-06, Param MSE = 1.247022e-05, Grad norm = 4.609751e-06, Beta update rate = 2.337904e-07
Epoch  60600 (1.2%): Train pred MSE = 2.817104e-07, Test pred MSE = 1.246225e-06, Param MSE = 1.246232e-05, Grad norm = 4.588097e-06, Beta update rate = 2.324555e-07
Epoch  60800 (1.2%): Train pred MSE = 2.796153e-07, Test pred MSE = 1.245438e-06, Param MSE = 1.245447e-05, Grad norm = 4.566598e-06, Beta update rate = 2.311313e-07
Epoch  61000 (1.2%): Train pred MSE = 2.775397e-07, Test pred MSE = 1.244657e-06, Param MSE = 1.244666e-05, Grad norm = 4.545251e-06, Beta update rate = 2.298179e-07
Epoch  61200 (1.2%): Train pred MSE = 2.754835e-07, Test pred MSE = 1.243881e-06, Param MSE = 1.243892e-05, Grad norm = 4.524055e-06, Beta update rate = 2.285150e-07
Epoch  61400 (1.2%): Train pred MSE = 2.734463e-07, Test pred MSE = 1.243109e-06, Param MSE = 1.243122e-05, Grad norm = 4.503009e-06, Beta update rate = 2.272226e-07
Epoch  61600 (1.2%): Train pred MSE = 2.714281e-07, Test pred MSE = 1.242343e-06, Param MSE = 1.242357e-05, Grad norm = 4.482112e-06, Beta update rate = 2.259406e-07
Epoch  61800 (1.2%): Train pred MSE = 2.694285e-07, Test pred MSE = 1.241582e-06, Param MSE = 1.241597e-05, Grad norm = 4.461361e-06, Beta update rate = 2.246689e-07
Epoch  62000 (1.2%): Train pred MSE = 2.674474e-07, Test pred MSE = 1.240826e-06, Param MSE = 1.240842e-05, Grad norm = 4.440756e-06, Beta update rate = 2.234073e-07
Epoch  62200 (1.2%): Train pred MSE = 2.654846e-07, Test pred MSE = 1.240075e-06, Param MSE = 1.240092e-05, Grad norm = 4.420295e-06, Beta update rate = 2.221557e-07
Epoch  62400 (1.2%): Train pred MSE = 2.635397e-07, Test pred MSE = 1.239329e-06, Param MSE = 1.239347e-05, Grad norm = 4.399977e-06, Beta update rate = 2.209141e-07
Epoch  62600 (1.3%): Train pred MSE = 2.616127e-07, Test pred MSE = 1.238587e-06, Param MSE = 1.238607e-05, Grad norm = 4.379800e-06, Beta update rate = 2.196823e-07
Epoch  62800 (1.3%): Train pred MSE = 2.597032e-07, Test pred MSE = 1.237851e-06, Param MSE = 1.237872e-05, Grad norm = 4.359762e-06, Beta update rate = 2.184603e-07
Epoch  63000 (1.3%): Train pred MSE = 2.578112e-07, Test pred MSE = 1.237119e-06, Param MSE = 1.237141e-05, Grad norm = 4.339864e-06, Beta update rate = 2.172478e-07
Epoch  63200 (1.3%): Train pred MSE = 2.559364e-07, Test pred MSE = 1.236392e-06, Param MSE = 1.236415e-05, Grad norm = 4.320102e-06, Beta update rate = 2.160450e-07
Epoch  63400 (1.3%): Train pred MSE = 2.540786e-07, Test pred MSE = 1.235669e-06, Param MSE = 1.235694e-05, Grad norm = 4.300477e-06, Beta update rate = 2.148516e-07
Epoch  63600 (1.3%): Train pred MSE = 2.522377e-07, Test pred MSE = 1.234951e-06, Param MSE = 1.234977e-05, Grad norm = 4.280986e-06, Beta update rate = 2.136675e-07
Epoch  63800 (1.3%): Train pred MSE = 2.504133e-07, Test pred MSE = 1.234238e-06, Param MSE = 1.234265e-05, Grad norm = 4.261629e-06, Beta update rate = 2.124926e-07
Epoch  64000 (1.3%): Train pred MSE = 2.486054e-07, Test pred MSE = 1.233530e-06, Param MSE = 1.233558e-05, Grad norm = 4.242404e-06, Beta update rate = 2.113270e-07
Epoch  64200 (1.3%): Train pred MSE = 2.468138e-07, Test pred MSE = 1.232826e-06, Param MSE = 1.232855e-05, Grad norm = 4.223309e-06, Beta update rate = 2.101703e-07
Epoch  64400 (1.3%): Train pred MSE = 2.450382e-07, Test pred MSE = 1.232126e-06, Param MSE = 1.232156e-05, Grad norm = 4.204344e-06, Beta update rate = 2.090227e-07
Epoch  64600 (1.3%): Train pred MSE = 2.432785e-07, Test pred MSE = 1.231431e-06, Param MSE = 1.231462e-05, Grad norm = 4.185508e-06, Beta update rate = 2.078839e-07
Epoch  64800 (1.3%): Train pred MSE = 2.415346e-07, Test pred MSE = 1.230740e-06, Param MSE = 1.230773e-05, Grad norm = 4.166799e-06, Beta update rate = 2.067540e-07
Epoch  65000 (1.3%): Train pred MSE = 2.398061e-07, Test pred MSE = 1.230054e-06, Param MSE = 1.230087e-05, Grad norm = 4.148216e-06, Beta update rate = 2.056327e-07
Epoch  65200 (1.3%): Train pred MSE = 2.380931e-07, Test pred MSE = 1.229372e-06, Param MSE = 1.229407e-05, Grad norm = 4.129757e-06, Beta update rate = 2.045200e-07
Epoch  65400 (1.3%): Train pred MSE = 2.363952e-07, Test pred MSE = 1.228694e-06, Param MSE = 1.228730e-05, Grad norm = 4.111422e-06, Beta update rate = 2.034159e-07
Epoch  65600 (1.3%): Train pred MSE = 2.347124e-07, Test pred MSE = 1.228020e-06, Param MSE = 1.228057e-05, Grad norm = 4.093210e-06, Beta update rate = 2.023202e-07
Epoch  65800 (1.3%): Train pred MSE = 2.330444e-07, Test pred MSE = 1.227351e-06, Param MSE = 1.227389e-05, Grad norm = 4.075119e-06, Beta update rate = 2.012329e-07
Epoch  66000 (1.3%): Train pred MSE = 2.313911e-07, Test pred MSE = 1.226686e-06, Param MSE = 1.226725e-05, Grad norm = 4.057149e-06, Beta update rate = 2.001539e-07
Epoch  66200 (1.3%): Train pred MSE = 2.297524e-07, Test pred MSE = 1.226025e-06, Param MSE = 1.226065e-05, Grad norm = 4.039297e-06, Beta update rate = 1.990830e-07
Epoch  66400 (1.3%): Train pred MSE = 2.281280e-07, Test pred MSE = 1.225368e-06, Param MSE = 1.225410e-05, Grad norm = 4.021563e-06, Beta update rate = 1.980203e-07
Epoch  66600 (1.3%): Train pred MSE = 2.265178e-07, Test pred MSE = 1.224716e-06, Param MSE = 1.224758e-05, Grad norm = 4.003947e-06, Beta update rate = 1.969656e-07
Epoch  66800 (1.3%): Train pred MSE = 2.249217e-07, Test pred MSE = 1.224067e-06, Param MSE = 1.224110e-05, Grad norm = 3.986446e-06, Beta update rate = 1.959188e-07
Epoch  67000 (1.3%): Train pred MSE = 2.233395e-07, Test pred MSE = 1.223422e-06, Param MSE = 1.223467e-05, Grad norm = 3.969060e-06, Beta update rate = 1.948800e-07
Epoch  67200 (1.3%): Train pred MSE = 2.217711e-07, Test pred MSE = 1.222782e-06, Param MSE = 1.222827e-05, Grad norm = 3.951788e-06, Beta update rate = 1.938489e-07
Epoch  67400 (1.3%): Train pred MSE = 2.202163e-07, Test pred MSE = 1.222145e-06, Param MSE = 1.222191e-05, Grad norm = 3.934628e-06, Beta update rate = 1.928256e-07
Epoch  67600 (1.4%): Train pred MSE = 2.186749e-07, Test pred MSE = 1.221512e-06, Param MSE = 1.221559e-05, Grad norm = 3.917580e-06, Beta update rate = 1.918099e-07
Epoch  67800 (1.4%): Train pred MSE = 2.171468e-07, Test pred MSE = 1.220883e-06, Param MSE = 1.220932e-05, Grad norm = 3.900643e-06, Beta update rate = 1.908017e-07
Epoch  68000 (1.4%): Train pred MSE = 2.156319e-07, Test pred MSE = 1.220258e-06, Param MSE = 1.220307e-05, Grad norm = 3.883815e-06, Beta update rate = 1.898011e-07
Epoch  68200 (1.4%): Train pred MSE = 2.141301e-07, Test pred MSE = 1.219637e-06, Param MSE = 1.219687e-05, Grad norm = 3.867096e-06, Beta update rate = 1.888079e-07
Epoch  68400 (1.4%): Train pred MSE = 2.126411e-07, Test pred MSE = 1.219020e-06, Param MSE = 1.219071e-05, Grad norm = 3.850485e-06, Beta update rate = 1.878220e-07
Epoch  68600 (1.4%): Train pred MSE = 2.111649e-07, Test pred MSE = 1.218406e-06, Param MSE = 1.218458e-05, Grad norm = 3.833980e-06, Beta update rate = 1.868435e-07
Epoch  68800 (1.4%): Train pred MSE = 2.097013e-07, Test pred MSE = 1.217796e-06, Param MSE = 1.217849e-05, Grad norm = 3.817581e-06, Beta update rate = 1.858721e-07
Epoch  69000 (1.4%): Train pred MSE = 2.082501e-07, Test pred MSE = 1.217190e-06, Param MSE = 1.217244e-05, Grad norm = 3.801287e-06, Beta update rate = 1.849079e-07
Epoch  69200 (1.4%): Train pred MSE = 2.068114e-07, Test pred MSE = 1.216587e-06, Param MSE = 1.216642e-05, Grad norm = 3.785097e-06, Beta update rate = 1.839508e-07
Epoch  69400 (1.4%): Train pred MSE = 2.053848e-07, Test pred MSE = 1.215989e-06, Param MSE = 1.216044e-05, Grad norm = 3.769010e-06, Beta update rate = 1.830007e-07
Epoch  69600 (1.4%): Train pred MSE = 2.039703e-07, Test pred MSE = 1.215393e-06, Param MSE = 1.215450e-05, Grad norm = 3.753024e-06, Beta update rate = 1.820575e-07
Epoch  69800 (1.4%): Train pred MSE = 2.025678e-07, Test pred MSE = 1.214802e-06, Param MSE = 1.214859e-05, Grad norm = 3.737140e-06, Beta update rate = 1.811212e-07
Epoch  70000 (1.4%): Train pred MSE = 2.011771e-07, Test pred MSE = 1.214214e-06, Param MSE = 1.214272e-05, Grad norm = 3.721356e-06, Beta update rate = 1.801917e-07
Epoch  70200 (1.4%): Train pred MSE = 1.997982e-07, Test pred MSE = 1.213629e-06, Param MSE = 1.213688e-05, Grad norm = 3.705671e-06, Beta update rate = 1.792689e-07
Epoch  70400 (1.4%): Train pred MSE = 1.984308e-07, Test pred MSE = 1.213048e-06, Param MSE = 1.213108e-05, Grad norm = 3.690085e-06, Beta update rate = 1.783529e-07
Epoch  70600 (1.4%): Train pred MSE = 1.970749e-07, Test pred MSE = 1.212470e-06, Param MSE = 1.212531e-05, Grad norm = 3.674596e-06, Beta update rate = 1.774434e-07
Epoch  70800 (1.4%): Train pred MSE = 1.957303e-07, Test pred MSE = 1.211896e-06, Param MSE = 1.211958e-05, Grad norm = 3.659204e-06, Beta update rate = 1.765405e-07
Epoch  71000 (1.4%): Train pred MSE = 1.943969e-07, Test pred MSE = 1.211325e-06, Param MSE = 1.211388e-05, Grad norm = 3.643908e-06, Beta update rate = 1.756441e-07
Epoch  71200 (1.4%): Train pred MSE = 1.930747e-07, Test pred MSE = 1.210758e-06, Param MSE = 1.210821e-05, Grad norm = 3.628707e-06, Beta update rate = 1.747542e-07
Epoch  71400 (1.4%): Train pred MSE = 1.917635e-07, Test pred MSE = 1.210194e-06, Param MSE = 1.210258e-05, Grad norm = 3.613600e-06, Beta update rate = 1.738706e-07
Epoch  71600 (1.4%): Train pred MSE = 1.904631e-07, Test pred MSE = 1.209633e-06, Param MSE = 1.209698e-05, Grad norm = 3.598586e-06, Beta update rate = 1.729933e-07
Epoch  71800 (1.4%): Train pred MSE = 1.891736e-07, Test pred MSE = 1.209076e-06, Param MSE = 1.209142e-05, Grad norm = 3.583665e-06, Beta update rate = 1.721222e-07
Epoch  72000 (1.4%): Train pred MSE = 1.878947e-07, Test pred MSE = 1.208522e-06, Param MSE = 1.208588e-05, Grad norm = 3.568836e-06, Beta update rate = 1.712574e-07
Epoch  72200 (1.4%): Train pred MSE = 1.866263e-07, Test pred MSE = 1.207971e-06, Param MSE = 1.208038e-05, Grad norm = 3.554098e-06, Beta update rate = 1.703987e-07
Epoch  72400 (1.4%): Train pred MSE = 1.853684e-07, Test pred MSE = 1.207424e-06, Param MSE = 1.207492e-05, Grad norm = 3.539449e-06, Beta update rate = 1.695461e-07
Epoch  72600 (1.5%): Train pred MSE = 1.841208e-07, Test pred MSE = 1.206879e-06, Param MSE = 1.206948e-05, Grad norm = 3.524891e-06, Beta update rate = 1.686995e-07
Epoch  72800 (1.5%): Train pred MSE = 1.828834e-07, Test pred MSE = 1.206338e-06, Param MSE = 1.206408e-05, Grad norm = 3.510420e-06, Beta update rate = 1.678589e-07
Epoch  73000 (1.5%): Train pred MSE = 1.816562e-07, Test pred MSE = 1.205800e-06, Param MSE = 1.205870e-05, Grad norm = 3.496038e-06, Beta update rate = 1.670241e-07
Epoch  73200 (1.5%): Train pred MSE = 1.804390e-07, Test pred MSE = 1.205265e-06, Param MSE = 1.205336e-05, Grad norm = 3.481743e-06, Beta update rate = 1.661953e-07
Epoch  73400 (1.5%): Train pred MSE = 1.792318e-07, Test pred MSE = 1.204733e-06, Param MSE = 1.204805e-05, Grad norm = 3.467534e-06, Beta update rate = 1.653722e-07
Epoch  73600 (1.5%): Train pred MSE = 1.780343e-07, Test pred MSE = 1.204205e-06, Param MSE = 1.204277e-05, Grad norm = 3.453411e-06, Beta update rate = 1.645550e-07
Epoch  73800 (1.5%): Train pred MSE = 1.768466e-07, Test pred MSE = 1.203679e-06, Param MSE = 1.203753e-05, Grad norm = 3.439372e-06, Beta update rate = 1.637434e-07
Epoch  74000 (1.5%): Train pred MSE = 1.756685e-07, Test pred MSE = 1.203157e-06, Param MSE = 1.203231e-05, Grad norm = 3.425418e-06, Beta update rate = 1.629374e-07
Epoch  74200 (1.5%): Train pred MSE = 1.744999e-07, Test pred MSE = 1.202637e-06, Param MSE = 1.202712e-05, Grad norm = 3.411547e-06, Beta update rate = 1.621371e-07
Epoch  74400 (1.5%): Train pred MSE = 1.733408e-07, Test pred MSE = 1.202121e-06, Param MSE = 1.202196e-05, Grad norm = 3.397759e-06, Beta update rate = 1.613423e-07
Epoch  74600 (1.5%): Train pred MSE = 1.721910e-07, Test pred MSE = 1.201607e-06, Param MSE = 1.201683e-05, Grad norm = 3.384053e-06, Beta update rate = 1.605530e-07
Epoch  74800 (1.5%): Train pred MSE = 1.710505e-07, Test pred MSE = 1.201096e-06, Param MSE = 1.201173e-05, Grad norm = 3.370429e-06, Beta update rate = 1.597691e-07
Epoch  75000 (1.5%): Train pred MSE = 1.699191e-07, Test pred MSE = 1.200589e-06, Param MSE = 1.200666e-05, Grad norm = 3.356885e-06, Beta update rate = 1.589906e-07
Epoch  75200 (1.5%): Train pred MSE = 1.687968e-07, Test pred MSE = 1.200084e-06, Param MSE = 1.200162e-05, Grad norm = 3.343421e-06, Beta update rate = 1.582175e-07
Epoch  75400 (1.5%): Train pred MSE = 1.676834e-07, Test pred MSE = 1.199582e-06, Param MSE = 1.199661e-05, Grad norm = 3.330037e-06, Beta update rate = 1.574497e-07
Epoch  75600 (1.5%): Train pred MSE = 1.665790e-07, Test pred MSE = 1.199083e-06, Param MSE = 1.199163e-05, Grad norm = 3.316731e-06, Beta update rate = 1.566871e-07
Epoch  75800 (1.5%): Train pred MSE = 1.654833e-07, Test pred MSE = 1.198587e-06, Param MSE = 1.198667e-05, Grad norm = 3.303503e-06, Beta update rate = 1.559298e-07
Epoch  76000 (1.5%): Train pred MSE = 1.643964e-07, Test pred MSE = 1.198093e-06, Param MSE = 1.198174e-05, Grad norm = 3.290352e-06, Beta update rate = 1.551775e-07
Epoch  76200 (1.5%): Train pred MSE = 1.633181e-07, Test pred MSE = 1.197603e-06, Param MSE = 1.197684e-05, Grad norm = 3.277279e-06, Beta update rate = 1.544305e-07
Epoch  76400 (1.5%): Train pred MSE = 1.622483e-07, Test pred MSE = 1.197115e-06, Param MSE = 1.197197e-05, Grad norm = 3.264281e-06, Beta update rate = 1.536884e-07
Epoch  76600 (1.5%): Train pred MSE = 1.611870e-07, Test pred MSE = 1.196630e-06, Param MSE = 1.196713e-05, Grad norm = 3.251359e-06, Beta update rate = 1.529514e-07
Epoch  76800 (1.5%): Train pred MSE = 1.601341e-07, Test pred MSE = 1.196147e-06, Param MSE = 1.196231e-05, Grad norm = 3.238512e-06, Beta update rate = 1.522194e-07
Epoch  77000 (1.5%): Train pred MSE = 1.590895e-07, Test pred MSE = 1.195668e-06, Param MSE = 1.195752e-05, Grad norm = 3.225739e-06, Beta update rate = 1.514923e-07
Epoch  77200 (1.5%): Train pred MSE = 1.580531e-07, Test pred MSE = 1.195191e-06, Param MSE = 1.195276e-05, Grad norm = 3.213039e-06, Beta update rate = 1.507701e-07
Epoch  77400 (1.5%): Train pred MSE = 1.570248e-07, Test pred MSE = 1.194717e-06, Param MSE = 1.194802e-05, Grad norm = 3.200413e-06, Beta update rate = 1.500527e-07
Epoch  77600 (1.6%): Train pred MSE = 1.560046e-07, Test pred MSE = 1.194245e-06, Param MSE = 1.194331e-05, Grad norm = 3.187859e-06, Beta update rate = 1.493402e-07
Epoch  77800 (1.6%): Train pred MSE = 1.549923e-07, Test pred MSE = 1.193776e-06, Param MSE = 1.193863e-05, Grad norm = 3.175377e-06, Beta update rate = 1.486324e-07
Epoch  78000 (1.6%): Train pred MSE = 1.539880e-07, Test pred MSE = 1.193310e-06, Param MSE = 1.193397e-05, Grad norm = 3.162966e-06, Beta update rate = 1.479293e-07
Epoch  78200 (1.6%): Train pred MSE = 1.529915e-07, Test pred MSE = 1.192846e-06, Param MSE = 1.192934e-05, Grad norm = 3.150626e-06, Beta update rate = 1.472309e-07
Epoch  78400 (1.6%): Train pred MSE = 1.520027e-07, Test pred MSE = 1.192385e-06, Param MSE = 1.192473e-05, Grad norm = 3.138356e-06, Beta update rate = 1.465372e-07
Epoch  78600 (1.6%): Train pred MSE = 1.510217e-07, Test pred MSE = 1.191926e-06, Param MSE = 1.192015e-05, Grad norm = 3.126155e-06, Beta update rate = 1.458480e-07
Epoch  78800 (1.6%): Train pred MSE = 1.500482e-07, Test pred MSE = 1.191470e-06, Param MSE = 1.191560e-05, Grad norm = 3.114024e-06, Beta update rate = 1.451634e-07
Epoch  79000 (1.6%): Train pred MSE = 1.490823e-07, Test pred MSE = 1.191017e-06, Param MSE = 1.191107e-05, Grad norm = 3.101960e-06, Beta update rate = 1.444833e-07
Epoch  79200 (1.6%): Train pred MSE = 1.481238e-07, Test pred MSE = 1.190566e-06, Param MSE = 1.190657e-05, Grad norm = 3.089965e-06, Beta update rate = 1.438077e-07
Epoch  79400 (1.6%): Train pred MSE = 1.471727e-07, Test pred MSE = 1.190117e-06, Param MSE = 1.190209e-05, Grad norm = 3.078037e-06, Beta update rate = 1.431365e-07
Epoch  79600 (1.6%): Train pred MSE = 1.462290e-07, Test pred MSE = 1.189671e-06, Param MSE = 1.189763e-05, Grad norm = 3.066176e-06, Beta update rate = 1.424697e-07
Epoch  79800 (1.6%): Train pred MSE = 1.452925e-07, Test pred MSE = 1.189227e-06, Param MSE = 1.189320e-05, Grad norm = 3.054382e-06, Beta update rate = 1.418073e-07
Epoch  80000 (1.6%): Train pred MSE = 1.443631e-07, Test pred MSE = 1.188786e-06, Param MSE = 1.188879e-05, Grad norm = 3.042652e-06, Beta update rate = 1.411493e-07
Epoch  80200 (1.6%): Train pred MSE = 1.434409e-07, Test pred MSE = 1.188347e-06, Param MSE = 1.188441e-05, Grad norm = 3.030989e-06, Beta update rate = 1.404955e-07
Epoch  80400 (1.6%): Train pred MSE = 1.425258e-07, Test pred MSE = 1.187911e-06, Param MSE = 1.188005e-05, Grad norm = 3.019390e-06, Beta update rate = 1.398459e-07
Epoch  80600 (1.6%): Train pred MSE = 1.416176e-07, Test pred MSE = 1.187477e-06, Param MSE = 1.187572e-05, Grad norm = 3.007855e-06, Beta update rate = 1.392006e-07
Epoch  80800 (1.6%): Train pred MSE = 1.407164e-07, Test pred MSE = 1.187045e-06, Param MSE = 1.187141e-05, Grad norm = 2.996383e-06, Beta update rate = 1.385595e-07
Epoch  81000 (1.6%): Train pred MSE = 1.398220e-07, Test pred MSE = 1.186616e-06, Param MSE = 1.186712e-05, Grad norm = 2.984975e-06, Beta update rate = 1.379225e-07
Epoch  81200 (1.6%): Train pred MSE = 1.389344e-07, Test pred MSE = 1.186189e-06, Param MSE = 1.186286e-05, Grad norm = 2.973630e-06, Beta update rate = 1.372896e-07
Epoch  81400 (1.6%): Train pred MSE = 1.380535e-07, Test pred MSE = 1.185764e-06, Param MSE = 1.185862e-05, Grad norm = 2.962347e-06, Beta update rate = 1.366608e-07
Epoch  81600 (1.6%): Train pred MSE = 1.371793e-07, Test pred MSE = 1.185342e-06, Param MSE = 1.185440e-05, Grad norm = 2.951126e-06, Beta update rate = 1.360360e-07
Epoch  81800 (1.6%): Train pred MSE = 1.363117e-07, Test pred MSE = 1.184922e-06, Param MSE = 1.185020e-05, Grad norm = 2.939966e-06, Beta update rate = 1.354152e-07
Epoch  82000 (1.6%): Train pred MSE = 1.354507e-07, Test pred MSE = 1.184504e-06, Param MSE = 1.184603e-05, Grad norm = 2.928866e-06, Beta update rate = 1.347984e-07
Epoch  82200 (1.6%): Train pred MSE = 1.345961e-07, Test pred MSE = 1.184088e-06, Param MSE = 1.184188e-05, Grad norm = 2.917827e-06, Beta update rate = 1.341855e-07
Epoch  82400 (1.6%): Train pred MSE = 1.337480e-07, Test pred MSE = 1.183675e-06, Param MSE = 1.183775e-05, Grad norm = 2.906848e-06, Beta update rate = 1.335766e-07
Epoch  82600 (1.7%): Train pred MSE = 1.329062e-07, Test pred MSE = 1.183264e-06, Param MSE = 1.183364e-05, Grad norm = 2.895928e-06, Beta update rate = 1.329715e-07
Epoch  82800 (1.7%): Train pred MSE = 1.320707e-07, Test pred MSE = 1.182855e-06, Param MSE = 1.182956e-05, Grad norm = 2.885067e-06, Beta update rate = 1.323703e-07
Epoch  83000 (1.7%): Train pred MSE = 1.312415e-07, Test pred MSE = 1.182448e-06, Param MSE = 1.182550e-05, Grad norm = 2.874265e-06, Beta update rate = 1.317728e-07
Epoch  83200 (1.7%): Train pred MSE = 1.304185e-07, Test pred MSE = 1.182044e-06, Param MSE = 1.182146e-05, Grad norm = 2.863521e-06, Beta update rate = 1.311792e-07
Epoch  83400 (1.7%): Train pred MSE = 1.296016e-07, Test pred MSE = 1.181641e-06, Param MSE = 1.181744e-05, Grad norm = 2.852834e-06, Beta update rate = 1.305892e-07
Epoch  83600 (1.7%): Train pred MSE = 1.287908e-07, Test pred MSE = 1.181241e-06, Param MSE = 1.181344e-05, Grad norm = 2.842204e-06, Beta update rate = 1.300030e-07
Epoch  83800 (1.7%): Train pred MSE = 1.279860e-07, Test pred MSE = 1.180843e-06, Param MSE = 1.180946e-05, Grad norm = 2.831631e-06, Beta update rate = 1.294205e-07
Epoch  84000 (1.7%): Train pred MSE = 1.271872e-07, Test pred MSE = 1.180447e-06, Param MSE = 1.180551e-05, Grad norm = 2.821115e-06, Beta update rate = 1.288416e-07
Epoch  84200 (1.7%): Train pred MSE = 1.263943e-07, Test pred MSE = 1.180053e-06, Param MSE = 1.180157e-05, Grad norm = 2.810654e-06, Beta update rate = 1.282664e-07
Epoch  84400 (1.7%): Train pred MSE = 1.256072e-07, Test pred MSE = 1.179661e-06, Param MSE = 1.179766e-05, Grad norm = 2.800248e-06, Beta update rate = 1.276947e-07
Epoch  84600 (1.7%): Train pred MSE = 1.248260e-07, Test pred MSE = 1.179271e-06, Param MSE = 1.179377e-05, Grad norm = 2.789898e-06, Beta update rate = 1.271266e-07
Epoch  84800 (1.7%): Train pred MSE = 1.240506e-07, Test pred MSE = 1.178884e-06, Param MSE = 1.178989e-05, Grad norm = 2.779602e-06, Beta update rate = 1.265621e-07
Epoch  85000 (1.7%): Train pred MSE = 1.232808e-07, Test pred MSE = 1.178498e-06, Param MSE = 1.178604e-05, Grad norm = 2.769361e-06, Beta update rate = 1.260010e-07
Epoch  85200 (1.7%): Train pred MSE = 1.225167e-07, Test pred MSE = 1.178114e-06, Param MSE = 1.178221e-05, Grad norm = 2.759173e-06, Beta update rate = 1.254434e-07
Epoch  85400 (1.7%): Train pred MSE = 1.217582e-07, Test pred MSE = 1.177733e-06, Param MSE = 1.177840e-05, Grad norm = 2.749038e-06, Beta update rate = 1.248893e-07
Epoch  85600 (1.7%): Train pred MSE = 1.210053e-07, Test pred MSE = 1.177353e-06, Param MSE = 1.177461e-05, Grad norm = 2.738957e-06, Beta update rate = 1.243386e-07
Epoch  85800 (1.7%): Train pred MSE = 1.202579e-07, Test pred MSE = 1.176975e-06, Param MSE = 1.177083e-05, Grad norm = 2.728928e-06, Beta update rate = 1.237913e-07
Epoch  86000 (1.7%): Train pred MSE = 1.195159e-07, Test pred MSE = 1.176600e-06, Param MSE = 1.176708e-05, Grad norm = 2.718952e-06, Beta update rate = 1.232473e-07
Epoch  86200 (1.7%): Train pred MSE = 1.187794e-07, Test pred MSE = 1.176226e-06, Param MSE = 1.176335e-05, Grad norm = 2.709027e-06, Beta update rate = 1.227067e-07
Epoch  86400 (1.7%): Train pred MSE = 1.180482e-07, Test pred MSE = 1.175854e-06, Param MSE = 1.175963e-05, Grad norm = 2.699153e-06, Beta update rate = 1.221694e-07
Epoch  86600 (1.7%): Train pred MSE = 1.173223e-07, Test pred MSE = 1.175484e-06, Param MSE = 1.175594e-05, Grad norm = 2.689331e-06, Beta update rate = 1.216353e-07
Epoch  86800 (1.7%): Train pred MSE = 1.166017e-07, Test pred MSE = 1.175116e-06, Param MSE = 1.175227e-05, Grad norm = 2.679559e-06, Beta update rate = 1.211046e-07
Epoch  87000 (1.7%): Train pred MSE = 1.158863e-07, Test pred MSE = 1.174750e-06, Param MSE = 1.174861e-05, Grad norm = 2.669838e-06, Beta update rate = 1.205770e-07
Epoch  87200 (1.7%): Train pred MSE = 1.151761e-07, Test pred MSE = 1.174386e-06, Param MSE = 1.174497e-05, Grad norm = 2.660167e-06, Beta update rate = 1.200527e-07
Epoch  87400 (1.7%): Train pred MSE = 1.144710e-07, Test pred MSE = 1.174024e-06, Param MSE = 1.174135e-05, Grad norm = 2.650545e-06, Beta update rate = 1.195315e-07
Epoch  87600 (1.8%): Train pred MSE = 1.137710e-07, Test pred MSE = 1.173663e-06, Param MSE = 1.173775e-05, Grad norm = 2.640972e-06, Beta update rate = 1.190135e-07
Epoch  87800 (1.8%): Train pred MSE = 1.130761e-07, Test pred MSE = 1.173305e-06, Param MSE = 1.173417e-05, Grad norm = 2.631449e-06, Beta update rate = 1.184986e-07
Epoch  88000 (1.8%): Train pred MSE = 1.123862e-07, Test pred MSE = 1.172948e-06, Param MSE = 1.173061e-05, Grad norm = 2.621973e-06, Beta update rate = 1.179868e-07
Epoch  88200 (1.8%): Train pred MSE = 1.117012e-07, Test pred MSE = 1.172593e-06, Param MSE = 1.172706e-05, Grad norm = 2.612546e-06, Beta update rate = 1.174781e-07
Epoch  88400 (1.8%): Train pred MSE = 1.110211e-07, Test pred MSE = 1.172240e-06, Param MSE = 1.172354e-05, Grad norm = 2.603167e-06, Beta update rate = 1.169725e-07
Epoch  88600 (1.8%): Train pred MSE = 1.103459e-07, Test pred MSE = 1.171889e-06, Param MSE = 1.172003e-05, Grad norm = 2.593835e-06, Beta update rate = 1.164699e-07
Epoch  88800 (1.8%): Train pred MSE = 1.096755e-07, Test pred MSE = 1.171539e-06, Param MSE = 1.171654e-05, Grad norm = 2.584551e-06, Beta update rate = 1.159703e-07
Epoch  89000 (1.8%): Train pred MSE = 1.090099e-07, Test pred MSE = 1.171192e-06, Param MSE = 1.171307e-05, Grad norm = 2.575313e-06, Beta update rate = 1.154736e-07
Epoch  89200 (1.8%): Train pred MSE = 1.083491e-07, Test pred MSE = 1.170846e-06, Param MSE = 1.170961e-05, Grad norm = 2.566121e-06, Beta update rate = 1.149800e-07
Epoch  89400 (1.8%): Train pred MSE = 1.076930e-07, Test pred MSE = 1.170501e-06, Param MSE = 1.170617e-05, Grad norm = 2.556976e-06, Beta update rate = 1.144892e-07
Epoch  89600 (1.8%): Train pred MSE = 1.070415e-07, Test pred MSE = 1.170159e-06, Param MSE = 1.170275e-05, Grad norm = 2.547877e-06, Beta update rate = 1.140014e-07
Epoch  89800 (1.8%): Train pred MSE = 1.063947e-07, Test pred MSE = 1.169818e-06, Param MSE = 1.169935e-05, Grad norm = 2.538822e-06, Beta update rate = 1.135165e-07
Epoch  90000 (1.8%): Train pred MSE = 1.057524e-07, Test pred MSE = 1.169479e-06, Param MSE = 1.169596e-05, Grad norm = 2.529814e-06, Beta update rate = 1.130344e-07
Epoch  90200 (1.8%): Train pred MSE = 1.051147e-07, Test pred MSE = 1.169142e-06, Param MSE = 1.169259e-05, Grad norm = 2.520850e-06, Beta update rate = 1.125552e-07
Epoch  90400 (1.8%): Train pred MSE = 1.044815e-07, Test pred MSE = 1.168807e-06, Param MSE = 1.168924e-05, Grad norm = 2.511930e-06, Beta update rate = 1.120788e-07
Epoch  90600 (1.8%): Train pred MSE = 1.038528e-07, Test pred MSE = 1.168473e-06, Param MSE = 1.168591e-05, Grad norm = 2.503055e-06, Beta update rate = 1.116052e-07
Epoch  90800 (1.8%): Train pred MSE = 1.032285e-07, Test pred MSE = 1.168141e-06, Param MSE = 1.168259e-05, Grad norm = 2.494223e-06, Beta update rate = 1.111343e-07
Epoch  91000 (1.8%): Train pred MSE = 1.026085e-07, Test pred MSE = 1.167810e-06, Param MSE = 1.167929e-05, Grad norm = 2.485435e-06, Beta update rate = 1.106663e-07
Epoch  91200 (1.8%): Train pred MSE = 1.019930e-07, Test pred MSE = 1.167481e-06, Param MSE = 1.167600e-05, Grad norm = 2.476691e-06, Beta update rate = 1.102009e-07
Epoch  91400 (1.8%): Train pred MSE = 1.013818e-07, Test pred MSE = 1.167154e-06, Param MSE = 1.167274e-05, Grad norm = 2.467989e-06, Beta update rate = 1.097383e-07
Epoch  91600 (1.8%): Train pred MSE = 1.007748e-07, Test pred MSE = 1.166828e-06, Param MSE = 1.166948e-05, Grad norm = 2.459330e-06, Beta update rate = 1.092784e-07
Epoch  91800 (1.8%): Train pred MSE = 1.001721e-07, Test pred MSE = 1.166504e-06, Param MSE = 1.166625e-05, Grad norm = 2.450713e-06, Beta update rate = 1.088211e-07
Epoch  92000 (1.8%): Train pred MSE = 9.957364e-08, Test pred MSE = 1.166182e-06, Param MSE = 1.166303e-05, Grad norm = 2.442139e-06, Beta update rate = 1.083665e-07
Epoch  92200 (1.8%): Train pred MSE = 9.897934e-08, Test pred MSE = 1.165861e-06, Param MSE = 1.165982e-05, Grad norm = 2.433606e-06, Beta update rate = 1.079146e-07
Epoch  92400 (1.8%): Train pred MSE = 9.838917e-08, Test pred MSE = 1.165542e-06, Param MSE = 1.165664e-05, Grad norm = 2.425115e-06, Beta update rate = 1.074652e-07
Epoch  92600 (1.9%): Train pred MSE = 9.780312e-08, Test pred MSE = 1.165225e-06, Param MSE = 1.165346e-05, Grad norm = 2.416665e-06, Beta update rate = 1.070184e-07
Epoch  92800 (1.9%): Train pred MSE = 9.722114e-08, Test pred MSE = 1.164909e-06, Param MSE = 1.165031e-05, Grad norm = 2.408256e-06, Beta update rate = 1.065742e-07
Epoch  93000 (1.9%): Train pred MSE = 9.664320e-08, Test pred MSE = 1.164594e-06, Param MSE = 1.164717e-05, Grad norm = 2.399888e-06, Beta update rate = 1.061326e-07
Epoch  93200 (1.9%): Train pred MSE = 9.606927e-08, Test pred MSE = 1.164281e-06, Param MSE = 1.164404e-05, Grad norm = 2.391560e-06, Beta update rate = 1.056935e-07
Epoch  93400 (1.9%): Train pred MSE = 9.549931e-08, Test pred MSE = 1.163970e-06, Param MSE = 1.164093e-05, Grad norm = 2.383272e-06, Beta update rate = 1.052569e-07
Epoch  93600 (1.9%): Train pred MSE = 9.493329e-08, Test pred MSE = 1.163660e-06, Param MSE = 1.163784e-05, Grad norm = 2.375024e-06, Beta update rate = 1.048228e-07
Epoch  93800 (1.9%): Train pred MSE = 9.437118e-08, Test pred MSE = 1.163352e-06, Param MSE = 1.163476e-05, Grad norm = 2.366815e-06, Beta update rate = 1.043912e-07
Epoch  94000 (1.9%): Train pred MSE = 9.381294e-08, Test pred MSE = 1.163045e-06, Param MSE = 1.163169e-05, Grad norm = 2.358646e-06, Beta update rate = 1.039620e-07
Epoch  94200 (1.9%): Train pred MSE = 9.325855e-08, Test pred MSE = 1.162740e-06, Param MSE = 1.162864e-05, Grad norm = 2.350516e-06, Beta update rate = 1.035353e-07
Epoch  94400 (1.9%): Train pred MSE = 9.270798e-08, Test pred MSE = 1.162436e-06, Param MSE = 1.162561e-05, Grad norm = 2.342424e-06, Beta update rate = 1.031110e-07
Epoch  94600 (1.9%): Train pred MSE = 9.216118e-08, Test pred MSE = 1.162134e-06, Param MSE = 1.162259e-05, Grad norm = 2.334371e-06, Beta update rate = 1.026890e-07
Epoch  94800 (1.9%): Train pred MSE = 9.161814e-08, Test pred MSE = 1.161833e-06, Param MSE = 1.161959e-05, Grad norm = 2.326357e-06, Beta update rate = 1.022695e-07
Epoch  95000 (1.9%): Train pred MSE = 9.107881e-08, Test pred MSE = 1.161534e-06, Param MSE = 1.161660e-05, Grad norm = 2.318380e-06, Beta update rate = 1.018524e-07
Epoch  95200 (1.9%): Train pred MSE = 9.054318e-08, Test pred MSE = 1.161236e-06, Param MSE = 1.161362e-05, Grad norm = 2.310441e-06, Beta update rate = 1.014375e-07
Epoch  95400 (1.9%): Train pred MSE = 9.001120e-08, Test pred MSE = 1.160939e-06, Param MSE = 1.161066e-05, Grad norm = 2.302540e-06, Beta update rate = 1.010251e-07
Epoch  95600 (1.9%): Train pred MSE = 8.948286e-08, Test pred MSE = 1.160644e-06, Param MSE = 1.160771e-05, Grad norm = 2.294675e-06, Beta update rate = 1.006149e-07
Epoch  95800 (1.9%): Train pred MSE = 8.895811e-08, Test pred MSE = 1.160351e-06, Param MSE = 1.160478e-05, Grad norm = 2.286848e-06, Beta update rate = 1.002070e-07
Epoch  96000 (1.9%): Train pred MSE = 8.843694e-08, Test pred MSE = 1.160059e-06, Param MSE = 1.160186e-05, Grad norm = 2.279058e-06, Beta update rate = 9.980143e-08
Epoch  96200 (1.9%): Train pred MSE = 8.791931e-08, Test pred MSE = 1.159768e-06, Param MSE = 1.159896e-05, Grad norm = 2.271304e-06, Beta update rate = 9.939810e-08
Epoch  96400 (1.9%): Train pred MSE = 8.740519e-08, Test pred MSE = 1.159479e-06, Param MSE = 1.159607e-05, Grad norm = 2.263586e-06, Beta update rate = 9.899701e-08
Epoch  96600 (1.9%): Train pred MSE = 8.689456e-08, Test pred MSE = 1.159191e-06, Param MSE = 1.159319e-05, Grad norm = 2.255904e-06, Beta update rate = 9.859816e-08
Epoch  96800 (1.9%): Train pred MSE = 8.638739e-08, Test pred MSE = 1.158904e-06, Param MSE = 1.159033e-05, Grad norm = 2.248258e-06, Beta update rate = 9.820152e-08
Epoch  97000 (1.9%): Train pred MSE = 8.588364e-08, Test pred MSE = 1.158619e-06, Param MSE = 1.158748e-05, Grad norm = 2.240648e-06, Beta update rate = 9.780707e-08
Epoch  97200 (1.9%): Train pred MSE = 8.538330e-08, Test pred MSE = 1.158335e-06, Param MSE = 1.158465e-05, Grad norm = 2.233073e-06, Beta update rate = 9.741480e-08
Epoch  97400 (1.9%): Train pred MSE = 8.488634e-08, Test pred MSE = 1.158053e-06, Param MSE = 1.158183e-05, Grad norm = 2.225533e-06, Beta update rate = 9.702470e-08
Epoch  97600 (2.0%): Train pred MSE = 8.439272e-08, Test pred MSE = 1.157772e-06, Param MSE = 1.157902e-05, Grad norm = 2.218028e-06, Beta update rate = 9.663675e-08
Epoch  97800 (2.0%): Train pred MSE = 8.390242e-08, Test pred MSE = 1.157492e-06, Param MSE = 1.157622e-05, Grad norm = 2.210558e-06, Beta update rate = 9.625093e-08
Epoch  98000 (2.0%): Train pred MSE = 8.341542e-08, Test pred MSE = 1.157214e-06, Param MSE = 1.157344e-05, Grad norm = 2.203121e-06, Beta update rate = 9.586723e-08
Epoch  98200 (2.0%): Train pred MSE = 8.293169e-08, Test pred MSE = 1.156937e-06, Param MSE = 1.157067e-05, Grad norm = 2.195720e-06, Beta update rate = 9.548563e-08
Epoch  98400 (2.0%): Train pred MSE = 8.245120e-08, Test pred MSE = 1.156661e-06, Param MSE = 1.156792e-05, Grad norm = 2.188352e-06, Beta update rate = 9.510611e-08
Epoch  98600 (2.0%): Train pred MSE = 8.197393e-08, Test pred MSE = 1.156386e-06, Param MSE = 1.156518e-05, Grad norm = 2.181018e-06, Beta update rate = 9.472867e-08
Epoch  98800 (2.0%): Train pred MSE = 8.149985e-08, Test pred MSE = 1.156113e-06, Param MSE = 1.156245e-05, Grad norm = 2.173717e-06, Beta update rate = 9.435328e-08
Epoch  99000 (2.0%): Train pred MSE = 8.102894e-08, Test pred MSE = 1.155841e-06, Param MSE = 1.155973e-05, Grad norm = 2.166450e-06, Beta update rate = 9.397994e-08
Epoch  99200 (2.0%): Train pred MSE = 8.056116e-08, Test pred MSE = 1.155571e-06, Param MSE = 1.155703e-05, Grad norm = 2.159216e-06, Beta update rate = 9.360862e-08
Epoch  99400 (2.0%): Train pred MSE = 8.009651e-08, Test pred MSE = 1.155302e-06, Param MSE = 1.155434e-05, Grad norm = 2.152014e-06, Beta update rate = 9.323932e-08
Epoch  99600 (2.0%): Train pred MSE = 7.963495e-08, Test pred MSE = 1.155034e-06, Param MSE = 1.155166e-05, Grad norm = 2.144846e-06, Beta update rate = 9.287201e-08
Epoch  99800 (2.0%): Train pred MSE = 7.917645e-08, Test pred MSE = 1.154767e-06, Param MSE = 1.154900e-05, Grad norm = 2.137709e-06, Beta update rate = 9.250669e-08
Epoch 100000 (2.0%): Train pred MSE = 7.872100e-08, Test pred MSE = 1.154501e-06, Param MSE = 1.154635e-05, Grad norm = 2.130606e-06, Beta update rate = 9.214334e-08
Epoch 100200 (2.0%): Train pred MSE = 7.826857e-08, Test pred MSE = 1.154237e-06, Param MSE = 1.154371e-05, Grad norm = 2.123534e-06, Beta update rate = 9.178194e-08
Epoch 100400 (2.0%): Train pred MSE = 7.781914e-08, Test pred MSE = 1.153974e-06, Param MSE = 1.154108e-05, Grad norm = 2.116494e-06, Beta update rate = 9.142248e-08
Epoch 100600 (2.0%): Train pred MSE = 7.737268e-08, Test pred MSE = 1.153712e-06, Param MSE = 1.153847e-05, Grad norm = 2.109486e-06, Beta update rate = 9.106495e-08
Epoch 100800 (2.0%): Train pred MSE = 7.692916e-08, Test pred MSE = 1.153452e-06, Param MSE = 1.153586e-05, Grad norm = 2.102509e-06, Beta update rate = 9.070934e-08
Epoch 101000 (2.0%): Train pred MSE = 7.648858e-08, Test pred MSE = 1.153193e-06, Param MSE = 1.153327e-05, Grad norm = 2.095563e-06, Beta update rate = 9.035562e-08
Epoch 101200 (2.0%): Train pred MSE = 7.605090e-08, Test pred MSE = 1.152935e-06, Param MSE = 1.153069e-05, Grad norm = 2.088649e-06, Beta update rate = 9.000379e-08
Epoch 101400 (2.0%): Train pred MSE = 7.561610e-08, Test pred MSE = 1.152678e-06, Param MSE = 1.152813e-05, Grad norm = 2.081765e-06, Beta update rate = 8.965384e-08
Epoch 101600 (2.0%): Train pred MSE = 7.518417e-08, Test pred MSE = 1.152422e-06, Param MSE = 1.152557e-05, Grad norm = 2.074912e-06, Beta update rate = 8.930574e-08
Epoch 101800 (2.0%): Train pred MSE = 7.475507e-08, Test pred MSE = 1.152167e-06, Param MSE = 1.152303e-05, Grad norm = 2.068090e-06, Beta update rate = 8.895950e-08
Epoch 102000 (2.0%): Train pred MSE = 7.432878e-08, Test pred MSE = 1.151914e-06, Param MSE = 1.152050e-05, Grad norm = 2.061298e-06, Beta update rate = 8.861508e-08
Epoch 102200 (2.0%): Train pred MSE = 7.390529e-08, Test pred MSE = 1.151662e-06, Param MSE = 1.151798e-05, Grad norm = 2.054536e-06, Beta update rate = 8.827249e-08
Epoch 102400 (2.0%): Train pred MSE = 7.348457e-08, Test pred MSE = 1.151411e-06, Param MSE = 1.151547e-05, Grad norm = 2.047804e-06, Beta update rate = 8.793171e-08
Epoch 102600 (2.1%): Train pred MSE = 7.306660e-08, Test pred MSE = 1.151161e-06, Param MSE = 1.151298e-05, Grad norm = 2.041102e-06, Beta update rate = 8.759272e-08
Epoch 102800 (2.1%): Train pred MSE = 7.265137e-08, Test pred MSE = 1.150913e-06, Param MSE = 1.151049e-05, Grad norm = 2.034429e-06, Beta update rate = 8.725552e-08
Epoch 103000 (2.1%): Train pred MSE = 7.223884e-08, Test pred MSE = 1.150665e-06, Param MSE = 1.150802e-05, Grad norm = 2.027785e-06, Beta update rate = 8.692009e-08
Epoch 103200 (2.1%): Train pred MSE = 7.182900e-08, Test pred MSE = 1.150419e-06, Param MSE = 1.150556e-05, Grad norm = 2.021171e-06, Beta update rate = 8.658641e-08
Epoch 103400 (2.1%): Train pred MSE = 7.142182e-08, Test pred MSE = 1.150173e-06, Param MSE = 1.150311e-05, Grad norm = 2.014586e-06, Beta update rate = 8.625448e-08
Epoch 103600 (2.1%): Train pred MSE = 7.101730e-08, Test pred MSE = 1.149929e-06, Param MSE = 1.150067e-05, Grad norm = 2.008030e-06, Beta update rate = 8.592429e-08
Epoch 103800 (2.1%): Train pred MSE = 7.061540e-08, Test pred MSE = 1.149686e-06, Param MSE = 1.149825e-05, Grad norm = 2.001502e-06, Beta update rate = 8.559582e-08
Epoch 104000 (2.1%): Train pred MSE = 7.021611e-08, Test pred MSE = 1.149445e-06, Param MSE = 1.149583e-05, Grad norm = 1.995003e-06, Beta update rate = 8.526906e-08
Epoch 104200 (2.1%): Train pred MSE = 6.981941e-08, Test pred MSE = 1.149204e-06, Param MSE = 1.149342e-05, Grad norm = 1.988532e-06, Beta update rate = 8.494400e-08
Epoch 104400 (2.1%): Train pred MSE = 6.942527e-08, Test pred MSE = 1.148964e-06, Param MSE = 1.149103e-05, Grad norm = 1.982090e-06, Beta update rate = 8.462062e-08
Epoch 104600 (2.1%): Train pred MSE = 6.903368e-08, Test pred MSE = 1.148726e-06, Param MSE = 1.148865e-05, Grad norm = 1.975675e-06, Beta update rate = 8.429892e-08
Epoch 104800 (2.1%): Train pred MSE = 6.864462e-08, Test pred MSE = 1.148488e-06, Param MSE = 1.148627e-05, Grad norm = 1.969288e-06, Beta update rate = 8.397888e-08
Epoch 105000 (2.1%): Train pred MSE = 6.825808e-08, Test pred MSE = 1.148252e-06, Param MSE = 1.148391e-05, Grad norm = 1.962929e-06, Beta update rate = 8.366050e-08
Epoch 105200 (2.1%): Train pred MSE = 6.787402e-08, Test pred MSE = 1.148016e-06, Param MSE = 1.148156e-05, Grad norm = 1.956597e-06, Beta update rate = 8.334376e-08
Epoch 105400 (2.1%): Train pred MSE = 6.749243e-08, Test pred MSE = 1.147782e-06, Param MSE = 1.147922e-05, Grad norm = 1.950293e-06, Beta update rate = 8.302864e-08
Epoch 105600 (2.1%): Train pred MSE = 6.711330e-08, Test pred MSE = 1.147549e-06, Param MSE = 1.147689e-05, Grad norm = 1.944016e-06, Beta update rate = 8.271515e-08
Epoch 105800 (2.1%): Train pred MSE = 6.673661e-08, Test pred MSE = 1.147317e-06, Param MSE = 1.147457e-05, Grad norm = 1.937766e-06, Beta update rate = 8.240326e-08
Epoch 106000 (2.1%): Train pred MSE = 6.636233e-08, Test pred MSE = 1.147086e-06, Param MSE = 1.147226e-05, Grad norm = 1.931542e-06, Beta update rate = 8.209297e-08
Epoch 106200 (2.1%): Train pred MSE = 6.599045e-08, Test pred MSE = 1.146856e-06, Param MSE = 1.146997e-05, Grad norm = 1.925345e-06, Beta update rate = 8.178427e-08
Epoch 106400 (2.1%): Train pred MSE = 6.562095e-08, Test pred MSE = 1.146627e-06, Param MSE = 1.146768e-05, Grad norm = 1.919175e-06, Beta update rate = 8.147714e-08
Epoch 106600 (2.1%): Train pred MSE = 6.525381e-08, Test pred MSE = 1.146399e-06, Param MSE = 1.146540e-05, Grad norm = 1.913031e-06, Beta update rate = 8.117157e-08
Epoch 106800 (2.1%): Train pred MSE = 6.488902e-08, Test pred MSE = 1.146172e-06, Param MSE = 1.146314e-05, Grad norm = 1.906914e-06, Beta update rate = 8.086756e-08
Epoch 107000 (2.1%): Train pred MSE = 6.452656e-08, Test pred MSE = 1.145946e-06, Param MSE = 1.146088e-05, Grad norm = 1.900822e-06, Beta update rate = 8.056510e-08
Epoch 107200 (2.1%): Train pred MSE = 6.416641e-08, Test pred MSE = 1.145721e-06, Param MSE = 1.145863e-05, Grad norm = 1.894756e-06, Beta update rate = 8.026416e-08
Epoch 107400 (2.1%): Train pred MSE = 6.380855e-08, Test pred MSE = 1.145497e-06, Param MSE = 1.145640e-05, Grad norm = 1.888716e-06, Beta update rate = 7.996475e-08
Epoch 107600 (2.2%): Train pred MSE = 6.345297e-08, Test pred MSE = 1.145275e-06, Param MSE = 1.145417e-05, Grad norm = 1.882702e-06, Beta update rate = 7.966685e-08
Epoch 107800 (2.2%): Train pred MSE = 6.309965e-08, Test pred MSE = 1.145053e-06, Param MSE = 1.145195e-05, Grad norm = 1.876713e-06, Beta update rate = 7.937046e-08
Epoch 108000 (2.2%): Train pred MSE = 6.274857e-08, Test pred MSE = 1.144832e-06, Param MSE = 1.144975e-05, Grad norm = 1.870750e-06, Beta update rate = 7.907555e-08
Epoch 108200 (2.2%): Train pred MSE = 6.239972e-08, Test pred MSE = 1.144612e-06, Param MSE = 1.144755e-05, Grad norm = 1.864811e-06, Beta update rate = 7.878213e-08
Epoch 108400 (2.2%): Train pred MSE = 6.205308e-08, Test pred MSE = 1.144393e-06, Param MSE = 1.144536e-05, Grad norm = 1.858898e-06, Beta update rate = 7.849019e-08
Epoch 108600 (2.2%): Train pred MSE = 6.170863e-08, Test pred MSE = 1.144175e-06, Param MSE = 1.144318e-05, Grad norm = 1.853009e-06, Beta update rate = 7.819970e-08
Epoch 108800 (2.2%): Train pred MSE = 6.136636e-08, Test pred MSE = 1.143958e-06, Param MSE = 1.144102e-05, Grad norm = 1.847145e-06, Beta update rate = 7.791067e-08
Epoch 109000 (2.2%): Train pred MSE = 6.102625e-08, Test pred MSE = 1.143742e-06, Param MSE = 1.143886e-05, Grad norm = 1.841306e-06, Beta update rate = 7.762308e-08
Epoch 109200 (2.2%): Train pred MSE = 6.068829e-08, Test pred MSE = 1.143527e-06, Param MSE = 1.143671e-05, Grad norm = 1.835491e-06, Beta update rate = 7.733692e-08
Epoch 109400 (2.2%): Train pred MSE = 6.035246e-08, Test pred MSE = 1.143313e-06, Param MSE = 1.143457e-05, Grad norm = 1.829700e-06, Beta update rate = 7.705219e-08
Epoch 109600 (2.2%): Train pred MSE = 6.001874e-08, Test pred MSE = 1.143100e-06, Param MSE = 1.143244e-05, Grad norm = 1.823934e-06, Beta update rate = 7.676888e-08
Epoch 109800 (2.2%): Train pred MSE = 5.968712e-08, Test pred MSE = 1.142888e-06, Param MSE = 1.143032e-05, Grad norm = 1.818191e-06, Beta update rate = 7.648697e-08
Epoch 110000 (2.2%): Train pred MSE = 5.935759e-08, Test pred MSE = 1.142677e-06, Param MSE = 1.142821e-05, Grad norm = 1.812473e-06, Beta update rate = 7.620646e-08
Epoch 110200 (2.2%): Train pred MSE = 5.903012e-08, Test pred MSE = 1.142467e-06, Param MSE = 1.142611e-05, Grad norm = 1.806778e-06, Beta update rate = 7.592733e-08
Epoch 110400 (2.2%): Train pred MSE = 5.870471e-08, Test pred MSE = 1.142257e-06, Param MSE = 1.142402e-05, Grad norm = 1.801107e-06, Beta update rate = 7.564958e-08
Epoch 110600 (2.2%): Train pred MSE = 5.838133e-08, Test pred MSE = 1.142049e-06, Param MSE = 1.142194e-05, Grad norm = 1.795459e-06, Beta update rate = 7.537321e-08
Epoch 110800 (2.2%): Train pred MSE = 5.805998e-08, Test pred MSE = 1.141841e-06, Param MSE = 1.141986e-05, Grad norm = 1.789835e-06, Beta update rate = 7.509819e-08
Epoch 111000 (2.2%): Train pred MSE = 5.774064e-08, Test pred MSE = 1.141635e-06, Param MSE = 1.141780e-05, Grad norm = 1.784233e-06, Beta update rate = 7.482452e-08
Epoch 111200 (2.2%): Train pred MSE = 5.742330e-08, Test pred MSE = 1.141429e-06, Param MSE = 1.141574e-05, Grad norm = 1.778655e-06, Beta update rate = 7.455220e-08
Epoch 111400 (2.2%): Train pred MSE = 5.710793e-08, Test pred MSE = 1.141224e-06, Param MSE = 1.141370e-05, Grad norm = 1.773100e-06, Beta update rate = 7.428121e-08
Epoch 111600 (2.2%): Train pred MSE = 5.679453e-08, Test pred MSE = 1.141020e-06, Param MSE = 1.141166e-05, Grad norm = 1.767568e-06, Beta update rate = 7.401155e-08
Epoch 111800 (2.2%): Train pred MSE = 5.648308e-08, Test pred MSE = 1.140817e-06, Param MSE = 1.140963e-05, Grad norm = 1.762058e-06, Beta update rate = 7.374320e-08
Epoch 112000 (2.2%): Train pred MSE = 5.617357e-08, Test pred MSE = 1.140615e-06, Param MSE = 1.140761e-05, Grad norm = 1.756571e-06, Beta update rate = 7.347616e-08
Epoch 112200 (2.2%): Train pred MSE = 5.586598e-08, Test pred MSE = 1.140414e-06, Param MSE = 1.140560e-05, Grad norm = 1.751106e-06, Beta update rate = 7.321042e-08
Epoch 112400 (2.2%): Train pred MSE = 5.556030e-08, Test pred MSE = 1.140213e-06, Param MSE = 1.140360e-05, Grad norm = 1.745664e-06, Beta update rate = 7.294598e-08
Epoch 112600 (2.3%): Train pred MSE = 5.525652e-08, Test pred MSE = 1.140014e-06, Param MSE = 1.140161e-05, Grad norm = 1.740244e-06, Beta update rate = 7.268281e-08
Epoch 112800 (2.3%): Train pred MSE = 5.495462e-08, Test pred MSE = 1.139815e-06, Param MSE = 1.139962e-05, Grad norm = 1.734846e-06, Beta update rate = 7.242092e-08
Epoch 113000 (2.3%): Train pred MSE = 5.465459e-08, Test pred MSE = 1.139618e-06, Param MSE = 1.139765e-05, Grad norm = 1.729470e-06, Beta update rate = 7.216030e-08
Epoch 113200 (2.3%): Train pred MSE = 5.435642e-08, Test pred MSE = 1.139421e-06, Param MSE = 1.139568e-05, Grad norm = 1.724115e-06, Beta update rate = 7.190094e-08
Epoch 113400 (2.3%): Train pred MSE = 5.406009e-08, Test pred MSE = 1.139225e-06, Param MSE = 1.139372e-05, Grad norm = 1.718783e-06, Beta update rate = 7.164282e-08
Epoch 113600 (2.3%): Train pred MSE = 5.376559e-08, Test pred MSE = 1.139030e-06, Param MSE = 1.139177e-05, Grad norm = 1.713471e-06, Beta update rate = 7.138595e-08
Epoch 113800 (2.3%): Train pred MSE = 5.347290e-08, Test pred MSE = 1.138835e-06, Param MSE = 1.138983e-05, Grad norm = 1.708182e-06, Beta update rate = 7.113032e-08
Epoch 114000 (2.3%): Train pred MSE = 5.318202e-08, Test pred MSE = 1.138642e-06, Param MSE = 1.138789e-05, Grad norm = 1.702914e-06, Beta update rate = 7.087591e-08
Epoch 114200 (2.3%): Train pred MSE = 5.289293e-08, Test pred MSE = 1.138449e-06, Param MSE = 1.138597e-05, Grad norm = 1.697667e-06, Beta update rate = 7.062272e-08
Epoch 114400 (2.3%): Train pred MSE = 5.260561e-08, Test pred MSE = 1.138257e-06, Param MSE = 1.138405e-05, Grad norm = 1.692441e-06, Beta update rate = 7.037074e-08
Epoch 114600 (2.3%): Train pred MSE = 5.232007e-08, Test pred MSE = 1.138066e-06, Param MSE = 1.138214e-05, Grad norm = 1.687236e-06, Beta update rate = 7.011997e-08
Epoch 114800 (2.3%): Train pred MSE = 5.203627e-08, Test pred MSE = 1.137876e-06, Param MSE = 1.138024e-05, Grad norm = 1.682052e-06, Beta update rate = 6.987039e-08
Epoch 115000 (2.3%): Train pred MSE = 5.175421e-08, Test pred MSE = 1.137687e-06, Param MSE = 1.137835e-05, Grad norm = 1.676888e-06, Beta update rate = 6.962200e-08
Epoch 115200 (2.3%): Train pred MSE = 5.147389e-08, Test pred MSE = 1.137498e-06, Param MSE = 1.137647e-05, Grad norm = 1.671746e-06, Beta update rate = 6.937479e-08
Epoch 115400 (2.3%): Train pred MSE = 5.119528e-08, Test pred MSE = 1.137310e-06, Param MSE = 1.137459e-05, Grad norm = 1.666624e-06, Beta update rate = 6.912875e-08
Epoch 115600 (2.3%): Train pred MSE = 5.091837e-08, Test pred MSE = 1.137123e-06, Param MSE = 1.137272e-05, Grad norm = 1.661522e-06, Beta update rate = 6.888389e-08
Epoch 115800 (2.3%): Train pred MSE = 5.064315e-08, Test pred MSE = 1.136937e-06, Param MSE = 1.137086e-05, Grad norm = 1.656441e-06, Beta update rate = 6.864018e-08
Epoch 116000 (2.3%): Train pred MSE = 5.036962e-08, Test pred MSE = 1.136752e-06, Param MSE = 1.136901e-05, Grad norm = 1.651380e-06, Beta update rate = 6.839762e-08
Epoch 116200 (2.3%): Train pred MSE = 5.009775e-08, Test pred MSE = 1.136567e-06, Param MSE = 1.136717e-05, Grad norm = 1.646339e-06, Beta update rate = 6.815620e-08
Epoch 116400 (2.3%): Train pred MSE = 4.982754e-08, Test pred MSE = 1.136384e-06, Param MSE = 1.136533e-05, Grad norm = 1.641317e-06, Beta update rate = 6.791593e-08
Epoch 116600 (2.3%): Train pred MSE = 4.955898e-08, Test pred MSE = 1.136201e-06, Param MSE = 1.136350e-05, Grad norm = 1.636316e-06, Beta update rate = 6.767678e-08
Epoch 116800 (2.3%): Train pred MSE = 4.929204e-08, Test pred MSE = 1.136018e-06, Param MSE = 1.136168e-05, Grad norm = 1.631335e-06, Beta update rate = 6.743876e-08
Epoch 117000 (2.3%): Train pred MSE = 4.902673e-08, Test pred MSE = 1.135837e-06, Param MSE = 1.135987e-05, Grad norm = 1.626373e-06, Beta update rate = 6.720185e-08
Epoch 117200 (2.3%): Train pred MSE = 4.876303e-08, Test pred MSE = 1.135656e-06, Param MSE = 1.135806e-05, Grad norm = 1.621431e-06, Beta update rate = 6.696606e-08
Epoch 117400 (2.3%): Train pred MSE = 4.850093e-08, Test pred MSE = 1.135476e-06, Param MSE = 1.135627e-05, Grad norm = 1.616509e-06, Beta update rate = 6.673136e-08
Epoch 117600 (2.4%): Train pred MSE = 4.824042e-08, Test pred MSE = 1.135297e-06, Param MSE = 1.135448e-05, Grad norm = 1.611605e-06, Beta update rate = 6.649777e-08
Epoch 117800 (2.4%): Train pred MSE = 4.798149e-08, Test pred MSE = 1.135119e-06, Param MSE = 1.135269e-05, Grad norm = 1.606721e-06, Beta update rate = 6.626526e-08
Epoch 118000 (2.4%): Train pred MSE = 4.772412e-08, Test pred MSE = 1.134941e-06, Param MSE = 1.135092e-05, Grad norm = 1.601856e-06, Beta update rate = 6.603383e-08
Epoch 118200 (2.4%): Train pred MSE = 4.746831e-08, Test pred MSE = 1.134765e-06, Param MSE = 1.134915e-05, Grad norm = 1.597011e-06, Beta update rate = 6.580348e-08
Epoch 118400 (2.4%): Train pred MSE = 4.721404e-08, Test pred MSE = 1.134588e-06, Param MSE = 1.134739e-05, Grad norm = 1.592184e-06, Beta update rate = 6.557420e-08
Epoch 118600 (2.4%): Train pred MSE = 4.696131e-08, Test pred MSE = 1.134413e-06, Param MSE = 1.134564e-05, Grad norm = 1.587376e-06, Beta update rate = 6.534598e-08
Epoch 118800 (2.4%): Train pred MSE = 4.671009e-08, Test pred MSE = 1.134238e-06, Param MSE = 1.134389e-05, Grad norm = 1.582587e-06, Beta update rate = 6.511881e-08
Epoch 119000 (2.4%): Train pred MSE = 4.646040e-08, Test pred MSE = 1.134065e-06, Param MSE = 1.134216e-05, Grad norm = 1.577816e-06, Beta update rate = 6.489270e-08
Epoch 119200 (2.4%): Train pred MSE = 4.621220e-08, Test pred MSE = 1.133891e-06, Param MSE = 1.134042e-05, Grad norm = 1.573064e-06, Beta update rate = 6.466763e-08
Epoch 119400 (2.4%): Train pred MSE = 4.596550e-08, Test pred MSE = 1.133719e-06, Param MSE = 1.133870e-05, Grad norm = 1.568331e-06, Beta update rate = 6.444360e-08
Epoch 119600 (2.4%): Train pred MSE = 4.572028e-08, Test pred MSE = 1.133547e-06, Param MSE = 1.133699e-05, Grad norm = 1.563615e-06, Beta update rate = 6.422059e-08
Epoch 119800 (2.4%): Train pred MSE = 4.547653e-08, Test pred MSE = 1.133376e-06, Param MSE = 1.133528e-05, Grad norm = 1.558919e-06, Beta update rate = 6.399861e-08
Epoch 120000 (2.4%): Train pred MSE = 4.523424e-08, Test pred MSE = 1.133206e-06, Param MSE = 1.133358e-05, Grad norm = 1.554240e-06, Beta update rate = 6.377765e-08
Epoch 120200 (2.4%): Train pred MSE = 4.499340e-08, Test pred MSE = 1.133036e-06, Param MSE = 1.133188e-05, Grad norm = 1.549579e-06, Beta update rate = 6.355771e-08
Epoch 120400 (2.4%): Train pred MSE = 4.475401e-08, Test pred MSE = 1.132868e-06, Param MSE = 1.133019e-05, Grad norm = 1.544937e-06, Beta update rate = 6.333876e-08
Epoch 120600 (2.4%): Train pred MSE = 4.451604e-08, Test pred MSE = 1.132699e-06, Param MSE = 1.132851e-05, Grad norm = 1.540312e-06, Beta update rate = 6.312082e-08
Epoch 120800 (2.4%): Train pred MSE = 4.427950e-08, Test pred MSE = 1.132532e-06, Param MSE = 1.132684e-05, Grad norm = 1.535705e-06, Beta update rate = 6.290387e-08
Epoch 121000 (2.4%): Train pred MSE = 4.404437e-08, Test pred MSE = 1.132365e-06, Param MSE = 1.132517e-05, Grad norm = 1.531116e-06, Beta update rate = 6.268791e-08
Epoch 121200 (2.4%): Train pred MSE = 4.381065e-08, Test pred MSE = 1.132199e-06, Param MSE = 1.132351e-05, Grad norm = 1.526544e-06, Beta update rate = 6.247293e-08
Epoch 121400 (2.4%): Train pred MSE = 4.357831e-08, Test pred MSE = 1.132034e-06, Param MSE = 1.132186e-05, Grad norm = 1.521990e-06, Beta update rate = 6.225893e-08
Epoch 121600 (2.4%): Train pred MSE = 4.334736e-08, Test pred MSE = 1.131869e-06, Param MSE = 1.132021e-05, Grad norm = 1.517454e-06, Beta update rate = 6.204589e-08
Epoch 121800 (2.4%): Train pred MSE = 4.311779e-08, Test pred MSE = 1.131705e-06, Param MSE = 1.131858e-05, Grad norm = 1.512934e-06, Beta update rate = 6.183383e-08
Epoch 122000 (2.4%): Train pred MSE = 4.288958e-08, Test pred MSE = 1.131542e-06, Param MSE = 1.131694e-05, Grad norm = 1.508432e-06, Beta update rate = 6.162272e-08
Epoch 122200 (2.4%): Train pred MSE = 4.266272e-08, Test pred MSE = 1.131379e-06, Param MSE = 1.131532e-05, Grad norm = 1.503948e-06, Beta update rate = 6.141256e-08
Epoch 122400 (2.4%): Train pred MSE = 4.243721e-08, Test pred MSE = 1.131217e-06, Param MSE = 1.131370e-05, Grad norm = 1.499480e-06, Beta update rate = 6.120335e-08
Epoch 122600 (2.5%): Train pred MSE = 4.221304e-08, Test pred MSE = 1.131056e-06, Param MSE = 1.131209e-05, Grad norm = 1.495029e-06, Beta update rate = 6.099508e-08
Epoch 122800 (2.5%): Train pred MSE = 4.199020e-08, Test pred MSE = 1.130895e-06, Param MSE = 1.131048e-05, Grad norm = 1.490595e-06, Beta update rate = 6.078775e-08
Epoch 123000 (2.5%): Train pred MSE = 4.176867e-08, Test pred MSE = 1.130735e-06, Param MSE = 1.130888e-05, Grad norm = 1.486178e-06, Beta update rate = 6.058135e-08
Epoch 123200 (2.5%): Train pred MSE = 4.154846e-08, Test pred MSE = 1.130576e-06, Param MSE = 1.130729e-05, Grad norm = 1.481778e-06, Beta update rate = 6.037587e-08
Epoch 123400 (2.5%): Train pred MSE = 4.132955e-08, Test pred MSE = 1.130417e-06, Param MSE = 1.130570e-05, Grad norm = 1.477395e-06, Beta update rate = 6.017131e-08
Epoch 123600 (2.5%): Train pred MSE = 4.111193e-08, Test pred MSE = 1.130259e-06, Param MSE = 1.130412e-05, Grad norm = 1.473028e-06, Beta update rate = 5.996767e-08
Epoch 123800 (2.5%): Train pred MSE = 4.089559e-08, Test pred MSE = 1.130102e-06, Param MSE = 1.130255e-05, Grad norm = 1.468677e-06, Beta update rate = 5.976494e-08
Epoch 124000 (2.5%): Train pred MSE = 4.068053e-08, Test pred MSE = 1.129945e-06, Param MSE = 1.130099e-05, Grad norm = 1.464343e-06, Beta update rate = 5.956311e-08
Epoch 124200 (2.5%): Train pred MSE = 4.046674e-08, Test pred MSE = 1.129789e-06, Param MSE = 1.129943e-05, Grad norm = 1.460026e-06, Beta update rate = 5.936217e-08
Epoch 124400 (2.5%): Train pred MSE = 4.025420e-08, Test pred MSE = 1.129634e-06, Param MSE = 1.129787e-05, Grad norm = 1.455724e-06, Beta update rate = 5.916214e-08
Epoch 124600 (2.5%): Train pred MSE = 4.004292e-08, Test pred MSE = 1.129479e-06, Param MSE = 1.129632e-05, Grad norm = 1.451439e-06, Beta update rate = 5.896298e-08
Epoch 124800 (2.5%): Train pred MSE = 3.983287e-08, Test pred MSE = 1.129325e-06, Param MSE = 1.129478e-05, Grad norm = 1.447170e-06, Beta update rate = 5.876472e-08
Epoch 125000 (2.5%): Train pred MSE = 3.962406e-08, Test pred MSE = 1.129171e-06, Param MSE = 1.129325e-05, Grad norm = 1.442916e-06, Beta update rate = 5.856732e-08
Epoch 125200 (2.5%): Train pred MSE = 3.941648e-08, Test pred MSE = 1.129018e-06, Param MSE = 1.129172e-05, Grad norm = 1.438679e-06, Beta update rate = 5.837080e-08
Epoch 125400 (2.5%): Train pred MSE = 3.921011e-08, Test pred MSE = 1.128866e-06, Param MSE = 1.129020e-05, Grad norm = 1.434458e-06, Beta update rate = 5.817515e-08
Epoch 125600 (2.5%): Train pred MSE = 3.900495e-08, Test pred MSE = 1.128714e-06, Param MSE = 1.128868e-05, Grad norm = 1.430252e-06, Beta update rate = 5.798036e-08
Epoch 125800 (2.5%): Train pred MSE = 3.880099e-08, Test pred MSE = 1.128563e-06, Param MSE = 1.128717e-05, Grad norm = 1.426062e-06, Beta update rate = 5.778643e-08
Epoch 126000 (2.5%): Train pred MSE = 3.859823e-08, Test pred MSE = 1.128413e-06, Param MSE = 1.128567e-05, Grad norm = 1.421888e-06, Beta update rate = 5.759335e-08
Epoch 126200 (2.5%): Train pred MSE = 3.839665e-08, Test pred MSE = 1.128263e-06, Param MSE = 1.128417e-05, Grad norm = 1.417729e-06, Beta update rate = 5.740112e-08
Epoch 126400 (2.5%): Train pred MSE = 3.819624e-08, Test pred MSE = 1.128114e-06, Param MSE = 1.128268e-05, Grad norm = 1.413586e-06, Beta update rate = 5.720973e-08
Epoch 126600 (2.5%): Train pred MSE = 3.799701e-08, Test pred MSE = 1.127965e-06, Param MSE = 1.128119e-05, Grad norm = 1.409458e-06, Beta update rate = 5.701917e-08
Epoch 126800 (2.5%): Train pred MSE = 3.779893e-08, Test pred MSE = 1.127817e-06, Param MSE = 1.127972e-05, Grad norm = 1.405345e-06, Beta update rate = 5.682945e-08
Epoch 127000 (2.5%): Train pred MSE = 3.760201e-08, Test pred MSE = 1.127670e-06, Param MSE = 1.127824e-05, Grad norm = 1.401248e-06, Beta update rate = 5.664056e-08
Epoch 127200 (2.5%): Train pred MSE = 3.740624e-08, Test pred MSE = 1.127523e-06, Param MSE = 1.127677e-05, Grad norm = 1.397166e-06, Beta update rate = 5.645249e-08
Epoch 127400 (2.5%): Train pred MSE = 3.721161e-08, Test pred MSE = 1.127377e-06, Param MSE = 1.127531e-05, Grad norm = 1.393099e-06, Beta update rate = 5.626524e-08
Epoch 127600 (2.6%): Train pred MSE = 3.701810e-08, Test pred MSE = 1.127231e-06, Param MSE = 1.127386e-05, Grad norm = 1.389046e-06, Beta update rate = 5.607881e-08
Epoch 127800 (2.6%): Train pred MSE = 3.682572e-08, Test pred MSE = 1.127086e-06, Param MSE = 1.127241e-05, Grad norm = 1.385009e-06, Beta update rate = 5.589318e-08
Epoch 128000 (2.6%): Train pred MSE = 3.663446e-08, Test pred MSE = 1.126942e-06, Param MSE = 1.127096e-05, Grad norm = 1.380987e-06, Beta update rate = 5.570836e-08
Epoch 128200 (2.6%): Train pred MSE = 3.644430e-08, Test pred MSE = 1.126798e-06, Param MSE = 1.126952e-05, Grad norm = 1.376979e-06, Beta update rate = 5.552434e-08
Epoch 128400 (2.6%): Train pred MSE = 3.625525e-08, Test pred MSE = 1.126654e-06, Param MSE = 1.126809e-05, Grad norm = 1.372987e-06, Beta update rate = 5.534111e-08
Epoch 128600 (2.6%): Train pred MSE = 3.606729e-08, Test pred MSE = 1.126512e-06, Param MSE = 1.126666e-05, Grad norm = 1.369009e-06, Beta update rate = 5.515868e-08
Epoch 128800 (2.6%): Train pred MSE = 3.588042e-08, Test pred MSE = 1.126369e-06, Param MSE = 1.126524e-05, Grad norm = 1.365045e-06, Beta update rate = 5.497703e-08
Epoch 129000 (2.6%): Train pred MSE = 3.569463e-08, Test pred MSE = 1.126228e-06, Param MSE = 1.126383e-05, Grad norm = 1.361096e-06, Beta update rate = 5.479616e-08
Epoch 129200 (2.6%): Train pred MSE = 3.550991e-08, Test pred MSE = 1.126087e-06, Param MSE = 1.126242e-05, Grad norm = 1.357161e-06, Beta update rate = 5.461607e-08
Epoch 129400 (2.6%): Train pred MSE = 3.532625e-08, Test pred MSE = 1.125946e-06, Param MSE = 1.126101e-05, Grad norm = 1.353241e-06, Beta update rate = 5.443676e-08
Epoch 129600 (2.6%): Train pred MSE = 3.514366e-08, Test pred MSE = 1.125806e-06, Param MSE = 1.125962e-05, Grad norm = 1.349335e-06, Beta update rate = 5.425821e-08
Epoch 129800 (2.6%): Train pred MSE = 3.496212e-08, Test pred MSE = 1.125667e-06, Param MSE = 1.125822e-05, Grad norm = 1.345444e-06, Beta update rate = 5.408043e-08
Epoch 130000 (2.6%): Train pred MSE = 3.478162e-08, Test pred MSE = 1.125528e-06, Param MSE = 1.125684e-05, Grad norm = 1.341566e-06, Beta update rate = 5.390341e-08
Epoch 130200 (2.6%): Train pred MSE = 3.460216e-08, Test pred MSE = 1.125390e-06, Param MSE = 1.125545e-05, Grad norm = 1.337703e-06, Beta update rate = 5.372714e-08
Epoch 130400 (2.6%): Train pred MSE = 3.442374e-08, Test pred MSE = 1.125252e-06, Param MSE = 1.125408e-05, Grad norm = 1.333853e-06, Beta update rate = 5.355163e-08
Epoch 130600 (2.6%): Train pred MSE = 3.424634e-08, Test pred MSE = 1.125115e-06, Param MSE = 1.125271e-05, Grad norm = 1.330018e-06, Beta update rate = 5.337686e-08
Epoch 130800 (2.6%): Train pred MSE = 3.406995e-08, Test pred MSE = 1.124979e-06, Param MSE = 1.125134e-05, Grad norm = 1.326197e-06, Beta update rate = 5.320284e-08
Epoch 131000 (2.6%): Train pred MSE = 3.389458e-08, Test pred MSE = 1.124843e-06, Param MSE = 1.124998e-05, Grad norm = 1.322389e-06, Beta update rate = 5.302956e-08
Epoch 131200 (2.6%): Train pred MSE = 3.372022e-08, Test pred MSE = 1.124707e-06, Param MSE = 1.124863e-05, Grad norm = 1.318595e-06, Beta update rate = 5.285701e-08
Epoch 131400 (2.6%): Train pred MSE = 3.354685e-08, Test pred MSE = 1.124572e-06, Param MSE = 1.124728e-05, Grad norm = 1.314815e-06, Beta update rate = 5.268520e-08
Epoch 131600 (2.6%): Train pred MSE = 3.337447e-08, Test pred MSE = 1.124438e-06, Param MSE = 1.124593e-05, Grad norm = 1.311049e-06, Beta update rate = 5.251411e-08
Epoch 131800 (2.6%): Train pred MSE = 3.320308e-08, Test pred MSE = 1.124304e-06, Param MSE = 1.124459e-05, Grad norm = 1.307296e-06, Beta update rate = 5.234374e-08
Epoch 132000 (2.6%): Train pred MSE = 3.303268e-08, Test pred MSE = 1.124170e-06, Param MSE = 1.124326e-05, Grad norm = 1.303556e-06, Beta update rate = 5.217410e-08
Epoch 132200 (2.6%): Train pred MSE = 3.286324e-08, Test pred MSE = 1.124038e-06, Param MSE = 1.124193e-05, Grad norm = 1.299830e-06, Beta update rate = 5.200517e-08
Epoch 132400 (2.6%): Train pred MSE = 3.269477e-08, Test pred MSE = 1.123905e-06, Param MSE = 1.124061e-05, Grad norm = 1.296118e-06, Beta update rate = 5.183695e-08
Epoch 132600 (2.7%): Train pred MSE = 3.252726e-08, Test pred MSE = 1.123773e-06, Param MSE = 1.123929e-05, Grad norm = 1.292418e-06, Beta update rate = 5.166943e-08
Epoch 132800 (2.7%): Train pred MSE = 3.236070e-08, Test pred MSE = 1.123642e-06, Param MSE = 1.123798e-05, Grad norm = 1.288732e-06, Beta update rate = 5.150263e-08
Epoch 133000 (2.7%): Train pred MSE = 3.219510e-08, Test pred MSE = 1.123511e-06, Param MSE = 1.123667e-05, Grad norm = 1.285060e-06, Beta update rate = 5.133652e-08
Epoch 133200 (2.7%): Train pred MSE = 3.203043e-08, Test pred MSE = 1.123381e-06, Param MSE = 1.123537e-05, Grad norm = 1.281400e-06, Beta update rate = 5.117110e-08
Epoch 133400 (2.7%): Train pred MSE = 3.186671e-08, Test pred MSE = 1.123251e-06, Param MSE = 1.123407e-05, Grad norm = 1.277753e-06, Beta update rate = 5.100638e-08
Epoch 133600 (2.7%): Train pred MSE = 3.170391e-08, Test pred MSE = 1.123122e-06, Param MSE = 1.123278e-05, Grad norm = 1.274120e-06, Beta update rate = 5.084235e-08
Epoch 133800 (2.7%): Train pred MSE = 3.154203e-08, Test pred MSE = 1.122993e-06, Param MSE = 1.123149e-05, Grad norm = 1.270499e-06, Beta update rate = 5.067900e-08
Epoch 134000 (2.7%): Train pred MSE = 3.138108e-08, Test pred MSE = 1.122865e-06, Param MSE = 1.123021e-05, Grad norm = 1.266892e-06, Beta update rate = 5.051633e-08
Epoch 134200 (2.7%): Train pred MSE = 3.122104e-08, Test pred MSE = 1.122737e-06, Param MSE = 1.122893e-05, Grad norm = 1.263297e-06, Beta update rate = 5.035434e-08
Epoch 134400 (2.7%): Train pred MSE = 3.106190e-08, Test pred MSE = 1.122610e-06, Param MSE = 1.122766e-05, Grad norm = 1.259715e-06, Beta update rate = 5.019302e-08
Epoch 134600 (2.7%): Train pred MSE = 3.090367e-08, Test pred MSE = 1.122483e-06, Param MSE = 1.122639e-05, Grad norm = 1.256145e-06, Beta update rate = 5.003238e-08
Epoch 134800 (2.7%): Train pred MSE = 3.074633e-08, Test pred MSE = 1.122357e-06, Param MSE = 1.122513e-05, Grad norm = 1.252589e-06, Beta update rate = 4.987239e-08
Epoch 135000 (2.7%): Train pred MSE = 3.058987e-08, Test pred MSE = 1.122231e-06, Param MSE = 1.122387e-05, Grad norm = 1.249045e-06, Beta update rate = 4.971307e-08
Epoch 135200 (2.7%): Train pred MSE = 3.043431e-08, Test pred MSE = 1.122106e-06, Param MSE = 1.122262e-05, Grad norm = 1.245513e-06, Beta update rate = 4.955441e-08
Epoch 135400 (2.7%): Train pred MSE = 3.027962e-08, Test pred MSE = 1.121981e-06, Param MSE = 1.122137e-05, Grad norm = 1.241994e-06, Beta update rate = 4.939641e-08
Epoch 135600 (2.7%): Train pred MSE = 3.012580e-08, Test pred MSE = 1.121857e-06, Param MSE = 1.122013e-05, Grad norm = 1.238487e-06, Beta update rate = 4.923906e-08
Epoch 135800 (2.7%): Train pred MSE = 2.997285e-08, Test pred MSE = 1.121733e-06, Param MSE = 1.121889e-05, Grad norm = 1.234993e-06, Beta update rate = 4.908235e-08
Epoch 136000 (2.7%): Train pred MSE = 2.982077e-08, Test pred MSE = 1.121610e-06, Param MSE = 1.121766e-05, Grad norm = 1.231511e-06, Beta update rate = 4.892629e-08
Epoch 136200 (2.7%): Train pred MSE = 2.966953e-08, Test pred MSE = 1.121487e-06, Param MSE = 1.121643e-05, Grad norm = 1.228042e-06, Beta update rate = 4.877087e-08
Epoch 136400 (2.7%): Train pred MSE = 2.951915e-08, Test pred MSE = 1.121365e-06, Param MSE = 1.121521e-05, Grad norm = 1.224584e-06, Beta update rate = 4.861609e-08
Epoch 136600 (2.7%): Train pred MSE = 2.936962e-08, Test pred MSE = 1.121243e-06, Param MSE = 1.121399e-05, Grad norm = 1.221139e-06, Beta update rate = 4.846195e-08
Epoch 136800 (2.7%): Train pred MSE = 2.922092e-08, Test pred MSE = 1.121121e-06, Param MSE = 1.121277e-05, Grad norm = 1.217706e-06, Beta update rate = 4.830843e-08
Epoch 137000 (2.7%): Train pred MSE = 2.907306e-08, Test pred MSE = 1.121000e-06, Param MSE = 1.121156e-05, Grad norm = 1.214284e-06, Beta update rate = 4.815555e-08
Epoch 137200 (2.7%): Train pred MSE = 2.892603e-08, Test pred MSE = 1.120880e-06, Param MSE = 1.121036e-05, Grad norm = 1.210875e-06, Beta update rate = 4.800328e-08
Epoch 137400 (2.7%): Train pred MSE = 2.877982e-08, Test pred MSE = 1.120760e-06, Param MSE = 1.120916e-05, Grad norm = 1.207478e-06, Beta update rate = 4.785164e-08
Epoch 137600 (2.8%): Train pred MSE = 2.863443e-08, Test pred MSE = 1.120640e-06, Param MSE = 1.120796e-05, Grad norm = 1.204093e-06, Beta update rate = 4.770062e-08
Epoch 137800 (2.8%): Train pred MSE = 2.848986e-08, Test pred MSE = 1.120521e-06, Param MSE = 1.120677e-05, Grad norm = 1.200719e-06, Beta update rate = 4.755021e-08
Epoch 138000 (2.8%): Train pred MSE = 2.834609e-08, Test pred MSE = 1.120402e-06, Param MSE = 1.120558e-05, Grad norm = 1.197357e-06, Beta update rate = 4.740041e-08
Epoch 138200 (2.8%): Train pred MSE = 2.820313e-08, Test pred MSE = 1.120284e-06, Param MSE = 1.120440e-05, Grad norm = 1.194007e-06, Beta update rate = 4.725122e-08
Epoch 138400 (2.8%): Train pred MSE = 2.806096e-08, Test pred MSE = 1.120167e-06, Param MSE = 1.120322e-05, Grad norm = 1.190669e-06, Beta update rate = 4.710264e-08
Epoch 138600 (2.8%): Train pred MSE = 2.791959e-08, Test pred MSE = 1.120049e-06, Param MSE = 1.120205e-05, Grad norm = 1.187342e-06, Beta update rate = 4.695466e-08
Epoch 138800 (2.8%): Train pred MSE = 2.777901e-08, Test pred MSE = 1.119932e-06, Param MSE = 1.120088e-05, Grad norm = 1.184027e-06, Beta update rate = 4.680727e-08
Epoch 139000 (2.8%): Train pred MSE = 2.763922e-08, Test pred MSE = 1.119816e-06, Param MSE = 1.119972e-05, Grad norm = 1.180723e-06, Beta update rate = 4.666048e-08
Epoch 139200 (2.8%): Train pred MSE = 2.750020e-08, Test pred MSE = 1.119700e-06, Param MSE = 1.119856e-05, Grad norm = 1.177431e-06, Beta update rate = 4.651429e-08
Epoch 139400 (2.8%): Train pred MSE = 2.736195e-08, Test pred MSE = 1.119585e-06, Param MSE = 1.119740e-05, Grad norm = 1.174150e-06, Beta update rate = 4.636868e-08
Epoch 139600 (2.8%): Train pred MSE = 2.722447e-08, Test pred MSE = 1.119469e-06, Param MSE = 1.119625e-05, Grad norm = 1.170880e-06, Beta update rate = 4.622366e-08
Epoch 139800 (2.8%): Train pred MSE = 2.708776e-08, Test pred MSE = 1.119355e-06, Param MSE = 1.119511e-05, Grad norm = 1.167622e-06, Beta update rate = 4.607922e-08
Epoch 140000 (2.8%): Train pred MSE = 2.695181e-08, Test pred MSE = 1.119241e-06, Param MSE = 1.119397e-05, Grad norm = 1.164375e-06, Beta update rate = 4.593537e-08
Epoch 140200 (2.8%): Train pred MSE = 2.681661e-08, Test pred MSE = 1.119127e-06, Param MSE = 1.119283e-05, Grad norm = 1.161140e-06, Beta update rate = 4.579208e-08
Epoch 140400 (2.8%): Train pred MSE = 2.668217e-08, Test pred MSE = 1.119014e-06, Param MSE = 1.119169e-05, Grad norm = 1.157915e-06, Beta update rate = 4.564938e-08
Epoch 140600 (2.8%): Train pred MSE = 2.654846e-08, Test pred MSE = 1.118901e-06, Param MSE = 1.119057e-05, Grad norm = 1.154702e-06, Beta update rate = 4.550724e-08
Epoch 140800 (2.8%): Train pred MSE = 2.641550e-08, Test pred MSE = 1.118788e-06, Param MSE = 1.118944e-05, Grad norm = 1.151499e-06, Beta update rate = 4.536567e-08
Epoch 141000 (2.8%): Train pred MSE = 2.628328e-08, Test pred MSE = 1.118676e-06, Param MSE = 1.118832e-05, Grad norm = 1.148308e-06, Beta update rate = 4.522467e-08
Epoch 141200 (2.8%): Train pred MSE = 2.615178e-08, Test pred MSE = 1.118565e-06, Param MSE = 1.118720e-05, Grad norm = 1.145127e-06, Beta update rate = 4.508423e-08
Epoch 141400 (2.8%): Train pred MSE = 2.602102e-08, Test pred MSE = 1.118453e-06, Param MSE = 1.118609e-05, Grad norm = 1.141958e-06, Beta update rate = 4.494435e-08
Epoch 141600 (2.8%): Train pred MSE = 2.589097e-08, Test pred MSE = 1.118343e-06, Param MSE = 1.118498e-05, Grad norm = 1.138799e-06, Beta update rate = 4.480503e-08
Epoch 141800 (2.8%): Train pred MSE = 2.576165e-08, Test pred MSE = 1.118232e-06, Param MSE = 1.118388e-05, Grad norm = 1.135652e-06, Beta update rate = 4.466626e-08
Epoch 142000 (2.8%): Train pred MSE = 2.563304e-08, Test pred MSE = 1.118122e-06, Param MSE = 1.118278e-05, Grad norm = 1.132514e-06, Beta update rate = 4.452804e-08
Epoch 142200 (2.8%): Train pred MSE = 2.550513e-08, Test pred MSE = 1.118013e-06, Param MSE = 1.118169e-05, Grad norm = 1.129388e-06, Beta update rate = 4.439036e-08
Epoch 142400 (2.8%): Train pred MSE = 2.537794e-08, Test pred MSE = 1.117904e-06, Param MSE = 1.118059e-05, Grad norm = 1.126273e-06, Beta update rate = 4.425324e-08
Epoch 142600 (2.9%): Train pred MSE = 2.525144e-08, Test pred MSE = 1.117795e-06, Param MSE = 1.117951e-05, Grad norm = 1.123168e-06, Beta update rate = 4.411665e-08
Epoch 142800 (2.9%): Train pred MSE = 2.512564e-08, Test pred MSE = 1.117687e-06, Param MSE = 1.117842e-05, Grad norm = 1.120073e-06, Beta update rate = 4.398060e-08
Epoch 143000 (2.9%): Train pred MSE = 2.500053e-08, Test pred MSE = 1.117579e-06, Param MSE = 1.117734e-05, Grad norm = 1.116989e-06, Beta update rate = 4.384510e-08
Epoch 143200 (2.9%): Train pred MSE = 2.487611e-08, Test pred MSE = 1.117471e-06, Param MSE = 1.117627e-05, Grad norm = 1.113916e-06, Beta update rate = 4.371012e-08
Epoch 143400 (2.9%): Train pred MSE = 2.475237e-08, Test pred MSE = 1.117364e-06, Param MSE = 1.117520e-05, Grad norm = 1.110853e-06, Beta update rate = 4.357568e-08
Epoch 143600 (2.9%): Train pred MSE = 2.462932e-08, Test pred MSE = 1.117258e-06, Param MSE = 1.117413e-05, Grad norm = 1.107800e-06, Beta update rate = 4.344176e-08
Epoch 143800 (2.9%): Train pred MSE = 2.450693e-08, Test pred MSE = 1.117151e-06, Param MSE = 1.117307e-05, Grad norm = 1.104758e-06, Beta update rate = 4.330837e-08
Epoch 144000 (2.9%): Train pred MSE = 2.438522e-08, Test pred MSE = 1.117046e-06, Param MSE = 1.117201e-05, Grad norm = 1.101726e-06, Beta update rate = 4.317551e-08
Epoch 144200 (2.9%): Train pred MSE = 2.426418e-08, Test pred MSE = 1.116940e-06, Param MSE = 1.117095e-05, Grad norm = 1.098705e-06, Beta update rate = 4.304316e-08
Epoch 144400 (2.9%): Train pred MSE = 2.414379e-08, Test pred MSE = 1.116835e-06, Param MSE = 1.116990e-05, Grad norm = 1.095693e-06, Beta update rate = 4.291133e-08
Epoch 144600 (2.9%): Train pred MSE = 2.402407e-08, Test pred MSE = 1.116730e-06, Param MSE = 1.116886e-05, Grad norm = 1.092692e-06, Beta update rate = 4.278002e-08
Epoch 144800 (2.9%): Train pred MSE = 2.390500e-08, Test pred MSE = 1.116626e-06, Param MSE = 1.116781e-05, Grad norm = 1.089701e-06, Beta update rate = 4.264922e-08
Epoch 145000 (2.9%): Train pred MSE = 2.378659e-08, Test pred MSE = 1.116522e-06, Param MSE = 1.116677e-05, Grad norm = 1.086720e-06, Beta update rate = 4.251893e-08
Epoch 145200 (2.9%): Train pred MSE = 2.366881e-08, Test pred MSE = 1.116419e-06, Param MSE = 1.116574e-05, Grad norm = 1.083749e-06, Beta update rate = 4.238915e-08
Epoch 145400 (2.9%): Train pred MSE = 2.355169e-08, Test pred MSE = 1.116316e-06, Param MSE = 1.116471e-05, Grad norm = 1.080788e-06, Beta update rate = 4.225987e-08
Epoch 145600 (2.9%): Train pred MSE = 2.343520e-08, Test pred MSE = 1.116213e-06, Param MSE = 1.116368e-05, Grad norm = 1.077837e-06, Beta update rate = 4.213110e-08
Epoch 145800 (2.9%): Train pred MSE = 2.331934e-08, Test pred MSE = 1.116110e-06, Param MSE = 1.116266e-05, Grad norm = 1.074896e-06, Beta update rate = 4.200283e-08
Epoch 146000 (2.9%): Train pred MSE = 2.320412e-08, Test pred MSE = 1.116008e-06, Param MSE = 1.116164e-05, Grad norm = 1.071965e-06, Beta update rate = 4.187505e-08
Epoch 146200 (2.9%): Train pred MSE = 2.308953e-08, Test pred MSE = 1.115907e-06, Param MSE = 1.116062e-05, Grad norm = 1.069044e-06, Beta update rate = 4.174777e-08
Epoch 146400 (2.9%): Train pred MSE = 2.297555e-08, Test pred MSE = 1.115806e-06, Param MSE = 1.115961e-05, Grad norm = 1.066132e-06, Beta update rate = 4.162098e-08
Epoch 146600 (2.9%): Train pred MSE = 2.286220e-08, Test pred MSE = 1.115705e-06, Param MSE = 1.115860e-05, Grad norm = 1.063230e-06, Beta update rate = 4.149468e-08
Epoch 146800 (2.9%): Train pred MSE = 2.274946e-08, Test pred MSE = 1.115604e-06, Param MSE = 1.115759e-05, Grad norm = 1.060338e-06, Beta update rate = 4.136887e-08
Epoch 147000 (2.9%): Train pred MSE = 2.263734e-08, Test pred MSE = 1.115504e-06, Param MSE = 1.115659e-05, Grad norm = 1.057456e-06, Beta update rate = 4.124354e-08
Epoch 147200 (2.9%): Train pred MSE = 2.252583e-08, Test pred MSE = 1.115404e-06, Param MSE = 1.115559e-05, Grad norm = 1.054583e-06, Beta update rate = 4.111870e-08
Epoch 147400 (2.9%): Train pred MSE = 2.241492e-08, Test pred MSE = 1.115305e-06, Param MSE = 1.115460e-05, Grad norm = 1.051720e-06, Beta update rate = 4.099433e-08
Epoch 147600 (3.0%): Train pred MSE = 2.230461e-08, Test pred MSE = 1.115206e-06, Param MSE = 1.115361e-05, Grad norm = 1.048866e-06, Beta update rate = 4.087045e-08
Epoch 147800 (3.0%): Train pred MSE = 2.219489e-08, Test pred MSE = 1.115108e-06, Param MSE = 1.115262e-05, Grad norm = 1.046022e-06, Beta update rate = 4.074704e-08
Epoch 148000 (3.0%): Train pred MSE = 2.208578e-08, Test pred MSE = 1.115009e-06, Param MSE = 1.115164e-05, Grad norm = 1.043187e-06, Beta update rate = 4.062410e-08
Epoch 148200 (3.0%): Train pred MSE = 2.197725e-08, Test pred MSE = 1.114911e-06, Param MSE = 1.115066e-05, Grad norm = 1.040362e-06, Beta update rate = 4.050164e-08
Epoch 148400 (3.0%): Train pred MSE = 2.186931e-08, Test pred MSE = 1.114814e-06, Param MSE = 1.114968e-05, Grad norm = 1.037546e-06, Beta update rate = 4.037964e-08
Epoch 148600 (3.0%): Train pred MSE = 2.176195e-08, Test pred MSE = 1.114717e-06, Param MSE = 1.114871e-05, Grad norm = 1.034740e-06, Beta update rate = 4.025811e-08
Epoch 148800 (3.0%): Train pred MSE = 2.165517e-08, Test pred MSE = 1.114620e-06, Param MSE = 1.114774e-05, Grad norm = 1.031943e-06, Beta update rate = 4.013704e-08
Epoch 149000 (3.0%): Train pred MSE = 2.154897e-08, Test pred MSE = 1.114523e-06, Param MSE = 1.114678e-05, Grad norm = 1.029155e-06, Beta update rate = 4.001644e-08
Epoch 149200 (3.0%): Train pred MSE = 2.144335e-08, Test pred MSE = 1.114427e-06, Param MSE = 1.114582e-05, Grad norm = 1.026376e-06, Beta update rate = 3.989629e-08
Epoch 149400 (3.0%): Train pred MSE = 2.133829e-08, Test pred MSE = 1.114331e-06, Param MSE = 1.114486e-05, Grad norm = 1.023607e-06, Beta update rate = 3.977661e-08
Epoch 149600 (3.0%): Train pred MSE = 2.123380e-08, Test pred MSE = 1.114236e-06, Param MSE = 1.114390e-05, Grad norm = 1.020846e-06, Beta update rate = 3.965737e-08
Epoch 149800 (3.0%): Train pred MSE = 2.112987e-08, Test pred MSE = 1.114141e-06, Param MSE = 1.114295e-05, Grad norm = 1.018095e-06, Beta update rate = 3.953859e-08
Epoch 150000 (3.0%): Train pred MSE = 2.102649e-08, Test pred MSE = 1.114046e-06, Param MSE = 1.114200e-05, Grad norm = 1.015353e-06, Beta update rate = 3.942026e-08
Epoch 150200 (3.0%): Train pred MSE = 2.092368e-08, Test pred MSE = 1.113952e-06, Param MSE = 1.114106e-05, Grad norm = 1.012620e-06, Beta update rate = 3.930238e-08
Epoch 150400 (3.0%): Train pred MSE = 2.082142e-08, Test pred MSE = 1.113858e-06, Param MSE = 1.114012e-05, Grad norm = 1.009896e-06, Beta update rate = 3.918495e-08
Epoch 150600 (3.0%): Train pred MSE = 2.071971e-08, Test pred MSE = 1.113764e-06, Param MSE = 1.113918e-05, Grad norm = 1.007181e-06, Beta update rate = 3.906796e-08
Epoch 150800 (3.0%): Train pred MSE = 2.061854e-08, Test pred MSE = 1.113671e-06, Param MSE = 1.113825e-05, Grad norm = 1.004475e-06, Beta update rate = 3.895141e-08
Epoch 151000 (3.0%): Train pred MSE = 2.051791e-08, Test pred MSE = 1.113578e-06, Param MSE = 1.113732e-05, Grad norm = 1.001777e-06, Beta update rate = 3.883530e-08
Epoch 151200 (3.0%): Train pred MSE = 2.041783e-08, Test pred MSE = 1.113485e-06, Param MSE = 1.113639e-05, Grad norm = 9.990889e-07, Beta update rate = 3.871963e-08
Epoch 151400 (3.0%): Train pred MSE = 2.031828e-08, Test pred MSE = 1.113393e-06, Param MSE = 1.113547e-05, Grad norm = 9.964093e-07, Beta update rate = 3.860439e-08
Epoch 151600 (3.0%): Train pred MSE = 2.021927e-08, Test pred MSE = 1.113301e-06, Param MSE = 1.113455e-05, Grad norm = 9.937384e-07, Beta update rate = 3.848959e-08
Epoch 151800 (3.0%): Train pred MSE = 2.012078e-08, Test pred MSE = 1.113209e-06, Param MSE = 1.113363e-05, Grad norm = 9.910764e-07, Beta update rate = 3.837522e-08
Epoch 152000 (3.0%): Train pred MSE = 2.002282e-08, Test pred MSE = 1.113118e-06, Param MSE = 1.113271e-05, Grad norm = 9.884230e-07, Beta update rate = 3.826127e-08
Epoch 152200 (3.0%): Train pred MSE = 1.992539e-08, Test pred MSE = 1.113027e-06, Param MSE = 1.113180e-05, Grad norm = 9.857783e-07, Beta update rate = 3.814776e-08
Epoch 152400 (3.0%): Train pred MSE = 1.982847e-08, Test pred MSE = 1.112936e-06, Param MSE = 1.113090e-05, Grad norm = 9.831422e-07, Beta update rate = 3.803467e-08
Epoch 152600 (3.1%): Train pred MSE = 1.973208e-08, Test pred MSE = 1.112846e-06, Param MSE = 1.112999e-05, Grad norm = 9.805148e-07, Beta update rate = 3.792200e-08
Epoch 152800 (3.1%): Train pred MSE = 1.963619e-08, Test pred MSE = 1.112756e-06, Param MSE = 1.112909e-05, Grad norm = 9.778959e-07, Beta update rate = 3.780975e-08
Epoch 153000 (3.1%): Train pred MSE = 1.954082e-08, Test pred MSE = 1.112666e-06, Param MSE = 1.112819e-05, Grad norm = 9.752856e-07, Beta update rate = 3.769793e-08
Epoch 153200 (3.1%): Train pred MSE = 1.944596e-08, Test pred MSE = 1.112577e-06, Param MSE = 1.112730e-05, Grad norm = 9.726837e-07, Beta update rate = 3.758652e-08
Epoch 153400 (3.1%): Train pred MSE = 1.935160e-08, Test pred MSE = 1.112488e-06, Param MSE = 1.112641e-05, Grad norm = 9.700903e-07, Beta update rate = 3.747552e-08
Epoch 153600 (3.1%): Train pred MSE = 1.925775e-08, Test pred MSE = 1.112399e-06, Param MSE = 1.112552e-05, Grad norm = 9.675054e-07, Beta update rate = 3.736494e-08
Epoch 153800 (3.1%): Train pred MSE = 1.916439e-08, Test pred MSE = 1.112311e-06, Param MSE = 1.112464e-05, Grad norm = 9.649288e-07, Beta update rate = 3.725477e-08
Epoch 154000 (3.1%): Train pred MSE = 1.907153e-08, Test pred MSE = 1.112223e-06, Param MSE = 1.112376e-05, Grad norm = 9.623606e-07, Beta update rate = 3.714501e-08
Epoch 154200 (3.1%): Train pred MSE = 1.897917e-08, Test pred MSE = 1.112135e-06, Param MSE = 1.112288e-05, Grad norm = 9.598007e-07, Beta update rate = 3.703566e-08
Epoch 154400 (3.1%): Train pred MSE = 1.888729e-08, Test pred MSE = 1.112048e-06, Param MSE = 1.112200e-05, Grad norm = 9.572492e-07, Beta update rate = 3.692671e-08
Epoch 154600 (3.1%): Train pred MSE = 1.879591e-08, Test pred MSE = 1.111961e-06, Param MSE = 1.112113e-05, Grad norm = 9.547059e-07, Beta update rate = 3.681816e-08
Epoch 154800 (3.1%): Train pred MSE = 1.870500e-08, Test pred MSE = 1.111874e-06, Param MSE = 1.112026e-05, Grad norm = 9.521708e-07, Beta update rate = 3.671002e-08
Epoch 155000 (3.1%): Train pred MSE = 1.861458e-08, Test pred MSE = 1.111787e-06, Param MSE = 1.111940e-05, Grad norm = 9.496439e-07, Beta update rate = 3.660227e-08
Epoch 155200 (3.1%): Train pred MSE = 1.852464e-08, Test pred MSE = 1.111701e-06, Param MSE = 1.111853e-05, Grad norm = 9.471251e-07, Beta update rate = 3.649492e-08
Epoch 155400 (3.1%): Train pred MSE = 1.843518e-08, Test pred MSE = 1.111615e-06, Param MSE = 1.111767e-05, Grad norm = 9.446145e-07, Beta update rate = 3.638797e-08
Epoch 155600 (3.1%): Train pred MSE = 1.834618e-08, Test pred MSE = 1.111530e-06, Param MSE = 1.111682e-05, Grad norm = 9.421120e-07, Beta update rate = 3.628142e-08
Epoch 155800 (3.1%): Train pred MSE = 1.825766e-08, Test pred MSE = 1.111444e-06, Param MSE = 1.111596e-05, Grad norm = 9.396176e-07, Beta update rate = 3.617525e-08
Epoch 156000 (3.1%): Train pred MSE = 1.816961e-08, Test pred MSE = 1.111359e-06, Param MSE = 1.111511e-05, Grad norm = 9.371312e-07, Beta update rate = 3.606948e-08
Epoch 156200 (3.1%): Train pred MSE = 1.808202e-08, Test pred MSE = 1.111275e-06, Param MSE = 1.111427e-05, Grad norm = 9.346527e-07, Beta update rate = 3.596409e-08
Epoch 156400 (3.1%): Train pred MSE = 1.799490e-08, Test pred MSE = 1.111190e-06, Param MSE = 1.111342e-05, Grad norm = 9.321823e-07, Beta update rate = 3.585909e-08
Epoch 156600 (3.1%): Train pred MSE = 1.790823e-08, Test pred MSE = 1.111106e-06, Param MSE = 1.111258e-05, Grad norm = 9.297198e-07, Beta update rate = 3.575447e-08
Epoch 156800 (3.1%): Train pred MSE = 1.782203e-08, Test pred MSE = 1.111023e-06, Param MSE = 1.111174e-05, Grad norm = 9.272651e-07, Beta update rate = 3.565024e-08
Epoch 157000 (3.1%): Train pred MSE = 1.773627e-08, Test pred MSE = 1.110939e-06, Param MSE = 1.111091e-05, Grad norm = 9.248184e-07, Beta update rate = 3.554639e-08
Epoch 157200 (3.1%): Train pred MSE = 1.765097e-08, Test pred MSE = 1.110856e-06, Param MSE = 1.111008e-05, Grad norm = 9.223795e-07, Beta update rate = 3.544292e-08
Epoch 157400 (3.1%): Train pred MSE = 1.756612e-08, Test pred MSE = 1.110773e-06, Param MSE = 1.110925e-05, Grad norm = 9.199484e-07, Beta update rate = 3.533982e-08
Epoch 157600 (3.2%): Train pred MSE = 1.748171e-08, Test pred MSE = 1.110691e-06, Param MSE = 1.110842e-05, Grad norm = 9.175250e-07, Beta update rate = 3.523711e-08
Epoch 157800 (3.2%): Train pred MSE = 1.739775e-08, Test pred MSE = 1.110608e-06, Param MSE = 1.110760e-05, Grad norm = 9.151095e-07, Beta update rate = 3.513476e-08
Epoch 158000 (3.2%): Train pred MSE = 1.731423e-08, Test pred MSE = 1.110527e-06, Param MSE = 1.110678e-05, Grad norm = 9.127016e-07, Beta update rate = 3.503279e-08
Epoch 158200 (3.2%): Train pred MSE = 1.723115e-08, Test pred MSE = 1.110445e-06, Param MSE = 1.110596e-05, Grad norm = 9.103014e-07, Beta update rate = 3.493119e-08
Epoch 158400 (3.2%): Train pred MSE = 1.714850e-08, Test pred MSE = 1.110363e-06, Param MSE = 1.110514e-05, Grad norm = 9.079089e-07, Beta update rate = 3.482996e-08
Epoch 158600 (3.2%): Train pred MSE = 1.706629e-08, Test pred MSE = 1.110282e-06, Param MSE = 1.110433e-05, Grad norm = 9.055240e-07, Beta update rate = 3.472909e-08
Epoch 158800 (3.2%): Train pred MSE = 1.698451e-08, Test pred MSE = 1.110202e-06, Param MSE = 1.110352e-05, Grad norm = 9.031467e-07, Beta update rate = 3.462859e-08
Epoch 159000 (3.2%): Train pred MSE = 1.690316e-08, Test pred MSE = 1.110121e-06, Param MSE = 1.110272e-05, Grad norm = 9.007769e-07, Beta update rate = 3.452846e-08
Epoch 159200 (3.2%): Train pred MSE = 1.682223e-08, Test pred MSE = 1.110041e-06, Param MSE = 1.110191e-05, Grad norm = 8.984147e-07, Beta update rate = 3.442868e-08
Epoch 159400 (3.2%): Train pred MSE = 1.674173e-08, Test pred MSE = 1.109961e-06, Param MSE = 1.110111e-05, Grad norm = 8.960600e-07, Beta update rate = 3.432927e-08
Epoch 159600 (3.2%): Train pred MSE = 1.666165e-08, Test pred MSE = 1.109881e-06, Param MSE = 1.110032e-05, Grad norm = 8.937128e-07, Beta update rate = 3.423022e-08
Epoch 159800 (3.2%): Train pred MSE = 1.658199e-08, Test pred MSE = 1.109802e-06, Param MSE = 1.109952e-05, Grad norm = 8.913730e-07, Beta update rate = 3.413152e-08
Epoch 160000 (3.2%): Train pred MSE = 1.650274e-08, Test pred MSE = 1.109723e-06, Param MSE = 1.109873e-05, Grad norm = 8.890406e-07, Beta update rate = 3.403318e-08
Epoch 160200 (3.2%): Train pred MSE = 1.642391e-08, Test pred MSE = 1.109644e-06, Param MSE = 1.109794e-05, Grad norm = 8.867156e-07, Beta update rate = 3.393519e-08
Epoch 160400 (3.2%): Train pred MSE = 1.634549e-08, Test pred MSE = 1.109565e-06, Param MSE = 1.109715e-05, Grad norm = 8.843979e-07, Beta update rate = 3.383756e-08
Epoch 160600 (3.2%): Train pred MSE = 1.626748e-08, Test pred MSE = 1.109487e-06, Param MSE = 1.109637e-05, Grad norm = 8.820876e-07, Beta update rate = 3.374027e-08
Epoch 160800 (3.2%): Train pred MSE = 1.618988e-08, Test pred MSE = 1.109409e-06, Param MSE = 1.109559e-05, Grad norm = 8.797846e-07, Beta update rate = 3.364334e-08
Epoch 161000 (3.2%): Train pred MSE = 1.611268e-08, Test pred MSE = 1.109331e-06, Param MSE = 1.109481e-05, Grad norm = 8.774889e-07, Beta update rate = 3.354675e-08
Epoch 161200 (3.2%): Train pred MSE = 1.603588e-08, Test pred MSE = 1.109254e-06, Param MSE = 1.109404e-05, Grad norm = 8.752004e-07, Beta update rate = 3.345051e-08
Epoch 161400 (3.2%): Train pred MSE = 1.595949e-08, Test pred MSE = 1.109177e-06, Param MSE = 1.109326e-05, Grad norm = 8.729191e-07, Beta update rate = 3.335461e-08
Epoch 161600 (3.2%): Train pred MSE = 1.588349e-08, Test pred MSE = 1.109100e-06, Param MSE = 1.109249e-05, Grad norm = 8.706450e-07, Beta update rate = 3.325906e-08
Epoch 161800 (3.2%): Train pred MSE = 1.580788e-08, Test pred MSE = 1.109023e-06, Param MSE = 1.109173e-05, Grad norm = 8.683781e-07, Beta update rate = 3.316385e-08
Epoch 162000 (3.2%): Train pred MSE = 1.573267e-08, Test pred MSE = 1.108947e-06, Param MSE = 1.109096e-05, Grad norm = 8.661183e-07, Beta update rate = 3.306897e-08
Epoch 162200 (3.2%): Train pred MSE = 1.565785e-08, Test pred MSE = 1.108871e-06, Param MSE = 1.109020e-05, Grad norm = 8.638656e-07, Beta update rate = 3.297444e-08
Epoch 162400 (3.2%): Train pred MSE = 1.558342e-08, Test pred MSE = 1.108795e-06, Param MSE = 1.108944e-05, Grad norm = 8.616199e-07, Beta update rate = 3.288024e-08
Epoch 162600 (3.3%): Train pred MSE = 1.550938e-08, Test pred MSE = 1.108719e-06, Param MSE = 1.108868e-05, Grad norm = 8.593813e-07, Beta update rate = 3.278638e-08
Epoch 162800 (3.3%): Train pred MSE = 1.543572e-08, Test pred MSE = 1.108644e-06, Param MSE = 1.108793e-05, Grad norm = 8.571498e-07, Beta update rate = 3.269285e-08
Epoch 163000 (3.3%): Train pred MSE = 1.536244e-08, Test pred MSE = 1.108569e-06, Param MSE = 1.108718e-05, Grad norm = 8.549252e-07, Beta update rate = 3.259965e-08
Epoch 163200 (3.3%): Train pred MSE = 1.528954e-08, Test pred MSE = 1.108494e-06, Param MSE = 1.108643e-05, Grad norm = 8.527076e-07, Beta update rate = 3.250678e-08
Epoch 163400 (3.3%): Train pred MSE = 1.521702e-08, Test pred MSE = 1.108420e-06, Param MSE = 1.108568e-05, Grad norm = 8.504969e-07, Beta update rate = 3.241425e-08
Epoch 163600 (3.3%): Train pred MSE = 1.514487e-08, Test pred MSE = 1.108345e-06, Param MSE = 1.108494e-05, Grad norm = 8.482932e-07, Beta update rate = 3.232204e-08
Epoch 163800 (3.3%): Train pred MSE = 1.507310e-08, Test pred MSE = 1.108271e-06, Param MSE = 1.108420e-05, Grad norm = 8.460963e-07, Beta update rate = 3.223015e-08
Epoch 164000 (3.3%): Train pred MSE = 1.500170e-08, Test pred MSE = 1.108198e-06, Param MSE = 1.108346e-05, Grad norm = 8.439063e-07, Beta update rate = 3.213859e-08
Epoch 164200 (3.3%): Train pred MSE = 1.493067e-08, Test pred MSE = 1.108124e-06, Param MSE = 1.108272e-05, Grad norm = 8.417231e-07, Beta update rate = 3.204736e-08
Epoch 164400 (3.3%): Train pred MSE = 1.486000e-08, Test pred MSE = 1.108051e-06, Param MSE = 1.108199e-05, Grad norm = 8.395467e-07, Beta update rate = 3.195644e-08
Epoch 164600 (3.3%): Train pred MSE = 1.478970e-08, Test pred MSE = 1.107978e-06, Param MSE = 1.108126e-05, Grad norm = 8.373771e-07, Beta update rate = 3.186585e-08
Epoch 164800 (3.3%): Train pred MSE = 1.471976e-08, Test pred MSE = 1.107905e-06, Param MSE = 1.108053e-05, Grad norm = 8.352143e-07, Beta update rate = 3.177558e-08
Epoch 165000 (3.3%): Train pred MSE = 1.465019e-08, Test pred MSE = 1.107833e-06, Param MSE = 1.107980e-05, Grad norm = 8.330582e-07, Beta update rate = 3.168562e-08
Epoch 165200 (3.3%): Train pred MSE = 1.458097e-08, Test pred MSE = 1.107761e-06, Param MSE = 1.107908e-05, Grad norm = 8.309088e-07, Beta update rate = 3.159598e-08
Epoch 165400 (3.3%): Train pred MSE = 1.451211e-08, Test pred MSE = 1.107689e-06, Param MSE = 1.107836e-05, Grad norm = 8.287660e-07, Beta update rate = 3.150665e-08
Epoch 165600 (3.3%): Train pred MSE = 1.444360e-08, Test pred MSE = 1.107617e-06, Param MSE = 1.107764e-05, Grad norm = 8.266299e-07, Beta update rate = 3.141764e-08
Epoch 165800 (3.3%): Train pred MSE = 1.437545e-08, Test pred MSE = 1.107545e-06, Param MSE = 1.107693e-05, Grad norm = 8.245005e-07, Beta update rate = 3.132894e-08
Epoch 166000 (3.3%): Train pred MSE = 1.430764e-08, Test pred MSE = 1.107474e-06, Param MSE = 1.107621e-05, Grad norm = 8.223776e-07, Beta update rate = 3.124055e-08
Epoch 166200 (3.3%): Train pred MSE = 1.424019e-08, Test pred MSE = 1.107403e-06, Param MSE = 1.107550e-05, Grad norm = 8.202613e-07, Beta update rate = 3.115247e-08
Epoch 166400 (3.3%): Train pred MSE = 1.417308e-08, Test pred MSE = 1.107333e-06, Param MSE = 1.107479e-05, Grad norm = 8.181516e-07, Beta update rate = 3.106469e-08
Epoch 166600 (3.3%): Train pred MSE = 1.410632e-08, Test pred MSE = 1.107262e-06, Param MSE = 1.107409e-05, Grad norm = 8.160484e-07, Beta update rate = 3.097723e-08
Epoch 166800 (3.3%): Train pred MSE = 1.403989e-08, Test pred MSE = 1.107192e-06, Param MSE = 1.107338e-05, Grad norm = 8.139517e-07, Beta update rate = 3.089007e-08
Epoch 167000 (3.3%): Train pred MSE = 1.397381e-08, Test pred MSE = 1.107122e-06, Param MSE = 1.107268e-05, Grad norm = 8.118614e-07, Beta update rate = 3.080321e-08
Epoch 167200 (3.3%): Train pred MSE = 1.390807e-08, Test pred MSE = 1.107052e-06, Param MSE = 1.107198e-05, Grad norm = 8.097776e-07, Beta update rate = 3.071665e-08
Epoch 167400 (3.3%): Train pred MSE = 1.384267e-08, Test pred MSE = 1.106983e-06, Param MSE = 1.107129e-05, Grad norm = 8.077003e-07, Beta update rate = 3.063040e-08
Epoch 167600 (3.4%): Train pred MSE = 1.377760e-08, Test pred MSE = 1.106913e-06, Param MSE = 1.107059e-05, Grad norm = 8.056293e-07, Beta update rate = 3.054444e-08
Epoch 167800 (3.4%): Train pred MSE = 1.371286e-08, Test pred MSE = 1.106844e-06, Param MSE = 1.106990e-05, Grad norm = 8.035647e-07, Beta update rate = 3.045879e-08
Epoch 168000 (3.4%): Train pred MSE = 1.364846e-08, Test pred MSE = 1.106775e-06, Param MSE = 1.106921e-05, Grad norm = 8.015065e-07, Beta update rate = 3.037343e-08
Epoch 168200 (3.4%): Train pred MSE = 1.358438e-08, Test pred MSE = 1.106707e-06, Param MSE = 1.106853e-05, Grad norm = 7.994546e-07, Beta update rate = 3.028837e-08
Epoch 168400 (3.4%): Train pred MSE = 1.352063e-08, Test pred MSE = 1.106639e-06, Param MSE = 1.106784e-05, Grad norm = 7.974090e-07, Beta update rate = 3.020360e-08
Epoch 168600 (3.4%): Train pred MSE = 1.345721e-08, Test pred MSE = 1.106570e-06, Param MSE = 1.106716e-05, Grad norm = 7.953697e-07, Beta update rate = 3.011912e-08
Epoch 168800 (3.4%): Train pred MSE = 1.339411e-08, Test pred MSE = 1.106503e-06, Param MSE = 1.106648e-05, Grad norm = 7.933366e-07, Beta update rate = 3.003494e-08
Epoch 169000 (3.4%): Train pred MSE = 1.333134e-08, Test pred MSE = 1.106435e-06, Param MSE = 1.106580e-05, Grad norm = 7.913098e-07, Beta update rate = 2.995105e-08
Epoch 169200 (3.4%): Train pred MSE = 1.326888e-08, Test pred MSE = 1.106368e-06, Param MSE = 1.106513e-05, Grad norm = 7.892892e-07, Beta update rate = 2.986744e-08
Epoch 169400 (3.4%): Train pred MSE = 1.320674e-08, Test pred MSE = 1.106300e-06, Param MSE = 1.106445e-05, Grad norm = 7.872748e-07, Beta update rate = 2.978413e-08
Epoch 169600 (3.4%): Train pred MSE = 1.314492e-08, Test pred MSE = 1.106233e-06, Param MSE = 1.106378e-05, Grad norm = 7.852665e-07, Beta update rate = 2.970110e-08
Epoch 169800 (3.4%): Train pred MSE = 1.308342e-08, Test pred MSE = 1.106167e-06, Param MSE = 1.106312e-05, Grad norm = 7.832644e-07, Beta update rate = 2.961836e-08
Epoch 170000 (3.4%): Train pred MSE = 1.302222e-08, Test pred MSE = 1.106100e-06, Param MSE = 1.106245e-05, Grad norm = 7.812684e-07, Beta update rate = 2.953590e-08
Epoch 170200 (3.4%): Train pred MSE = 1.296134e-08, Test pred MSE = 1.106034e-06, Param MSE = 1.106179e-05, Grad norm = 7.792785e-07, Beta update rate = 2.945373e-08
Epoch 170400 (3.4%): Train pred MSE = 1.290077e-08, Test pred MSE = 1.105968e-06, Param MSE = 1.106112e-05, Grad norm = 7.772947e-07, Beta update rate = 2.937184e-08
Epoch 170600 (3.4%): Train pred MSE = 1.284051e-08, Test pred MSE = 1.105902e-06, Param MSE = 1.106047e-05, Grad norm = 7.753169e-07, Beta update rate = 2.929023e-08
Epoch 170800 (3.4%): Train pred MSE = 1.278055e-08, Test pred MSE = 1.105837e-06, Param MSE = 1.105981e-05, Grad norm = 7.733451e-07, Beta update rate = 2.920889e-08
Epoch 171000 (3.4%): Train pred MSE = 1.272089e-08, Test pred MSE = 1.105771e-06, Param MSE = 1.105915e-05, Grad norm = 7.713794e-07, Beta update rate = 2.912784e-08
Epoch 171200 (3.4%): Train pred MSE = 1.266154e-08, Test pred MSE = 1.105706e-06, Param MSE = 1.105850e-05, Grad norm = 7.694196e-07, Beta update rate = 2.904707e-08
Epoch 171400 (3.4%): Train pred MSE = 1.260249e-08, Test pred MSE = 1.105641e-06, Param MSE = 1.105785e-05, Grad norm = 7.674658e-07, Beta update rate = 2.896657e-08
Epoch 171600 (3.4%): Train pred MSE = 1.254375e-08, Test pred MSE = 1.105577e-06, Param MSE = 1.105720e-05, Grad norm = 7.655179e-07, Beta update rate = 2.888634e-08
Epoch 171800 (3.4%): Train pred MSE = 1.248529e-08, Test pred MSE = 1.105512e-06, Param MSE = 1.105656e-05, Grad norm = 7.635760e-07, Beta update rate = 2.880639e-08
Epoch 172000 (3.4%): Train pred MSE = 1.242714e-08, Test pred MSE = 1.105448e-06, Param MSE = 1.105591e-05, Grad norm = 7.616399e-07, Beta update rate = 2.872671e-08
Epoch 172200 (3.4%): Train pred MSE = 1.236928e-08, Test pred MSE = 1.105384e-06, Param MSE = 1.105527e-05, Grad norm = 7.597097e-07, Beta update rate = 2.864730e-08
Epoch 172400 (3.4%): Train pred MSE = 1.231171e-08, Test pred MSE = 1.105320e-06, Param MSE = 1.105463e-05, Grad norm = 7.577854e-07, Beta update rate = 2.856816e-08
Epoch 172600 (3.5%): Train pred MSE = 1.225443e-08, Test pred MSE = 1.105256e-06, Param MSE = 1.105399e-05, Grad norm = 7.558669e-07, Beta update rate = 2.848930e-08
Epoch 172800 (3.5%): Train pred MSE = 1.219744e-08, Test pred MSE = 1.105193e-06, Param MSE = 1.105336e-05, Grad norm = 7.539542e-07, Beta update rate = 2.841070e-08
Epoch 173000 (3.5%): Train pred MSE = 1.214074e-08, Test pred MSE = 1.105130e-06, Param MSE = 1.105273e-05, Grad norm = 7.520473e-07, Beta update rate = 2.833236e-08
Epoch 173200 (3.5%): Train pred MSE = 1.208433e-08, Test pred MSE = 1.105067e-06, Param MSE = 1.105210e-05, Grad norm = 7.501461e-07, Beta update rate = 2.825429e-08
Epoch 173400 (3.5%): Train pred MSE = 1.202820e-08, Test pred MSE = 1.105004e-06, Param MSE = 1.105147e-05, Grad norm = 7.482507e-07, Beta update rate = 2.817649e-08
Epoch 173600 (3.5%): Train pred MSE = 1.197235e-08, Test pred MSE = 1.104942e-06, Param MSE = 1.105084e-05, Grad norm = 7.463610e-07, Beta update rate = 2.809895e-08
Epoch 173800 (3.5%): Train pred MSE = 1.191679e-08, Test pred MSE = 1.104879e-06, Param MSE = 1.105022e-05, Grad norm = 7.444770e-07, Beta update rate = 2.802167e-08
Epoch 174000 (3.5%): Train pred MSE = 1.186151e-08, Test pred MSE = 1.104817e-06, Param MSE = 1.104959e-05, Grad norm = 7.425987e-07, Beta update rate = 2.794465e-08
Epoch 174200 (3.5%): Train pred MSE = 1.180650e-08, Test pred MSE = 1.104755e-06, Param MSE = 1.104897e-05, Grad norm = 7.407261e-07, Beta update rate = 2.786790e-08
Epoch 174400 (3.5%): Train pred MSE = 1.175177e-08, Test pred MSE = 1.104694e-06, Param MSE = 1.104835e-05, Grad norm = 7.388591e-07, Beta update rate = 2.779140e-08
Epoch 174600 (3.5%): Train pred MSE = 1.169732e-08, Test pred MSE = 1.104632e-06, Param MSE = 1.104774e-05, Grad norm = 7.369977e-07, Beta update rate = 2.771516e-08
Epoch 174800 (3.5%): Train pred MSE = 1.164314e-08, Test pred MSE = 1.104571e-06, Param MSE = 1.104712e-05, Grad norm = 7.351419e-07, Beta update rate = 2.763917e-08
Epoch 175000 (3.5%): Train pred MSE = 1.158923e-08, Test pred MSE = 1.104510e-06, Param MSE = 1.104651e-05, Grad norm = 7.332916e-07, Beta update rate = 2.756344e-08
Epoch 175200 (3.5%): Train pred MSE = 1.153560e-08, Test pred MSE = 1.104449e-06, Param MSE = 1.104590e-05, Grad norm = 7.314470e-07, Beta update rate = 2.748797e-08
Epoch 175400 (3.5%): Train pred MSE = 1.148223e-08, Test pred MSE = 1.104388e-06, Param MSE = 1.104529e-05, Grad norm = 7.296078e-07, Beta update rate = 2.741275e-08
Epoch 175600 (3.5%): Train pred MSE = 1.142914e-08, Test pred MSE = 1.104328e-06, Param MSE = 1.104469e-05, Grad norm = 7.277742e-07, Beta update rate = 2.733778e-08
Epoch 175800 (3.5%): Train pred MSE = 1.137630e-08, Test pred MSE = 1.104268e-06, Param MSE = 1.104408e-05, Grad norm = 7.259461e-07, Beta update rate = 2.726307e-08
Epoch 176000 (3.5%): Train pred MSE = 1.132374e-08, Test pred MSE = 1.104207e-06, Param MSE = 1.104348e-05, Grad norm = 7.241234e-07, Beta update rate = 2.718860e-08
Epoch 176200 (3.5%): Train pred MSE = 1.127143e-08, Test pred MSE = 1.104148e-06, Param MSE = 1.104288e-05, Grad norm = 7.223063e-07, Beta update rate = 2.711438e-08
Epoch 176400 (3.5%): Train pred MSE = 1.121939e-08, Test pred MSE = 1.104088e-06, Param MSE = 1.104229e-05, Grad norm = 7.204945e-07, Beta update rate = 2.704041e-08
Epoch 176600 (3.5%): Train pred MSE = 1.116761e-08, Test pred MSE = 1.104029e-06, Param MSE = 1.104169e-05, Grad norm = 7.186882e-07, Beta update rate = 2.696669e-08
Epoch 176800 (3.5%): Train pred MSE = 1.111609e-08, Test pred MSE = 1.103969e-06, Param MSE = 1.104110e-05, Grad norm = 7.168872e-07, Beta update rate = 2.689322e-08
Epoch 177000 (3.5%): Train pred MSE = 1.106483e-08, Test pred MSE = 1.103910e-06, Param MSE = 1.104050e-05, Grad norm = 7.150916e-07, Beta update rate = 2.681999e-08
Epoch 177200 (3.5%): Train pred MSE = 1.101382e-08, Test pred MSE = 1.103851e-06, Param MSE = 1.103991e-05, Grad norm = 7.133014e-07, Beta update rate = 2.674700e-08
Epoch 177400 (3.5%): Train pred MSE = 1.096307e-08, Test pred MSE = 1.103793e-06, Param MSE = 1.103933e-05, Grad norm = 7.115165e-07, Beta update rate = 2.667426e-08
Epoch 177600 (3.6%): Train pred MSE = 1.091257e-08, Test pred MSE = 1.103734e-06, Param MSE = 1.103874e-05, Grad norm = 7.097370e-07, Beta update rate = 2.660176e-08
Epoch 177800 (3.6%): Train pred MSE = 1.086233e-08, Test pred MSE = 1.103676e-06, Param MSE = 1.103816e-05, Grad norm = 7.079627e-07, Beta update rate = 2.652950e-08
Epoch 178000 (3.6%): Train pred MSE = 1.081233e-08, Test pred MSE = 1.103618e-06, Param MSE = 1.103757e-05, Grad norm = 7.061937e-07, Beta update rate = 2.645748e-08
Epoch 178200 (3.6%): Train pred MSE = 1.076259e-08, Test pred MSE = 1.103560e-06, Param MSE = 1.103699e-05, Grad norm = 7.044300e-07, Beta update rate = 2.638570e-08
Epoch 178400 (3.6%): Train pred MSE = 1.071309e-08, Test pred MSE = 1.103502e-06, Param MSE = 1.103641e-05, Grad norm = 7.026715e-07, Beta update rate = 2.631415e-08
Epoch 178600 (3.6%): Train pred MSE = 1.066384e-08, Test pred MSE = 1.103445e-06, Param MSE = 1.103584e-05, Grad norm = 7.009182e-07, Beta update rate = 2.624285e-08
Epoch 178800 (3.6%): Train pred MSE = 1.061483e-08, Test pred MSE = 1.103388e-06, Param MSE = 1.103526e-05, Grad norm = 6.991702e-07, Beta update rate = 2.617178e-08
Epoch 179000 (3.6%): Train pred MSE = 1.056607e-08, Test pred MSE = 1.103330e-06, Param MSE = 1.103469e-05, Grad norm = 6.974273e-07, Beta update rate = 2.610094e-08
Epoch 179200 (3.6%): Train pred MSE = 1.051755e-08, Test pred MSE = 1.103274e-06, Param MSE = 1.103412e-05, Grad norm = 6.956896e-07, Beta update rate = 2.603034e-08
Epoch 179400 (3.6%): Train pred MSE = 1.046928e-08, Test pred MSE = 1.103217e-06, Param MSE = 1.103355e-05, Grad norm = 6.939570e-07, Beta update rate = 2.595998e-08
Epoch 179600 (3.6%): Train pred MSE = 1.042124e-08, Test pred MSE = 1.103160e-06, Param MSE = 1.103299e-05, Grad norm = 6.922296e-07, Beta update rate = 2.588984e-08
Epoch 179800 (3.6%): Train pred MSE = 1.037344e-08, Test pred MSE = 1.103104e-06, Param MSE = 1.103242e-05, Grad norm = 6.905073e-07, Beta update rate = 2.581994e-08
Epoch 180000 (3.6%): Train pred MSE = 1.032588e-08, Test pred MSE = 1.103048e-06, Param MSE = 1.103186e-05, Grad norm = 6.887900e-07, Beta update rate = 2.575027e-08
Epoch 180200 (3.6%): Train pred MSE = 1.027856e-08, Test pred MSE = 1.102992e-06, Param MSE = 1.103130e-05, Grad norm = 6.870779e-07, Beta update rate = 2.568082e-08
Epoch 180400 (3.6%): Train pred MSE = 1.023147e-08, Test pred MSE = 1.102936e-06, Param MSE = 1.103074e-05, Grad norm = 6.853708e-07, Beta update rate = 2.561161e-08
Epoch 180600 (3.6%): Train pred MSE = 1.018461e-08, Test pred MSE = 1.102880e-06, Param MSE = 1.103018e-05, Grad norm = 6.836687e-07, Beta update rate = 2.554262e-08
Epoch 180800 (3.6%): Train pred MSE = 1.013799e-08, Test pred MSE = 1.102825e-06, Param MSE = 1.102962e-05, Grad norm = 6.819717e-07, Beta update rate = 2.547386e-08
Epoch 181000 (3.6%): Train pred MSE = 1.009160e-08, Test pred MSE = 1.102770e-06, Param MSE = 1.102907e-05, Grad norm = 6.802796e-07, Beta update rate = 2.540532e-08
Epoch 181200 (3.6%): Train pred MSE = 1.004543e-08, Test pred MSE = 1.102715e-06, Param MSE = 1.102852e-05, Grad norm = 6.785926e-07, Beta update rate = 2.533701e-08
Epoch 181400 (3.6%): Train pred MSE = 9.999500e-09, Test pred MSE = 1.102660e-06, Param MSE = 1.102797e-05, Grad norm = 6.769105e-07, Beta update rate = 2.526892e-08
Epoch 181600 (3.6%): Train pred MSE = 9.953793e-09, Test pred MSE = 1.102605e-06, Param MSE = 1.102742e-05, Grad norm = 6.752333e-07, Beta update rate = 2.520106e-08
Epoch 181800 (3.6%): Train pred MSE = 9.908313e-09, Test pred MSE = 1.102550e-06, Param MSE = 1.102687e-05, Grad norm = 6.735611e-07, Beta update rate = 2.513342e-08
Epoch 182000 (3.6%): Train pred MSE = 9.863058e-09, Test pred MSE = 1.102496e-06, Param MSE = 1.102633e-05, Grad norm = 6.718938e-07, Beta update rate = 2.506600e-08
Epoch 182200 (3.6%): Train pred MSE = 9.818026e-09, Test pred MSE = 1.102442e-06, Param MSE = 1.102578e-05, Grad norm = 6.702314e-07, Beta update rate = 2.499880e-08
Epoch 182400 (3.6%): Train pred MSE = 9.773217e-09, Test pred MSE = 1.102388e-06, Param MSE = 1.102524e-05, Grad norm = 6.685739e-07, Beta update rate = 2.493182e-08
Epoch 182600 (3.7%): Train pred MSE = 9.728629e-09, Test pred MSE = 1.102334e-06, Param MSE = 1.102470e-05, Grad norm = 6.669212e-07, Beta update rate = 2.486505e-08
Epoch 182800 (3.7%): Train pred MSE = 9.684261e-09, Test pred MSE = 1.102281e-06, Param MSE = 1.102416e-05, Grad norm = 6.652733e-07, Beta update rate = 2.479851e-08
Epoch 183000 (3.7%): Train pred MSE = 9.640113e-09, Test pred MSE = 1.102227e-06, Param MSE = 1.102363e-05, Grad norm = 6.636303e-07, Beta update rate = 2.473218e-08
Epoch 183200 (3.7%): Train pred MSE = 9.596181e-09, Test pred MSE = 1.102174e-06, Param MSE = 1.102309e-05, Grad norm = 6.619922e-07, Beta update rate = 2.466606e-08
Epoch 183400 (3.7%): Train pred MSE = 9.552467e-09, Test pred MSE = 1.102121e-06, Param MSE = 1.102256e-05, Grad norm = 6.603587e-07, Beta update rate = 2.460017e-08
Epoch 183600 (3.7%): Train pred MSE = 9.508968e-09, Test pred MSE = 1.102068e-06, Param MSE = 1.102203e-05, Grad norm = 6.587301e-07, Beta update rate = 2.453448e-08
Epoch 183800 (3.7%): Train pred MSE = 9.465683e-09, Test pred MSE = 1.102015e-06, Param MSE = 1.102150e-05, Grad norm = 6.571063e-07, Beta update rate = 2.446901e-08
Epoch 184000 (3.7%): Train pred MSE = 9.422611e-09, Test pred MSE = 1.101962e-06, Param MSE = 1.102097e-05, Grad norm = 6.554871e-07, Beta update rate = 2.440375e-08
Epoch 184200 (3.7%): Train pred MSE = 9.379752e-09, Test pred MSE = 1.101910e-06, Param MSE = 1.102045e-05, Grad norm = 6.538727e-07, Beta update rate = 2.433870e-08
Epoch 184400 (3.7%): Train pred MSE = 9.337103e-09, Test pred MSE = 1.101858e-06, Param MSE = 1.101992e-05, Grad norm = 6.522630e-07, Beta update rate = 2.427387e-08
Epoch 184600 (3.7%): Train pred MSE = 9.294664e-09, Test pred MSE = 1.101806e-06, Param MSE = 1.101940e-05, Grad norm = 6.506580e-07, Beta update rate = 2.420924e-08
Epoch 184800 (3.7%): Train pred MSE = 9.252433e-09, Test pred MSE = 1.101754e-06, Param MSE = 1.101888e-05, Grad norm = 6.490577e-07, Beta update rate = 2.414482e-08
Epoch 185000 (3.7%): Train pred MSE = 9.210410e-09, Test pred MSE = 1.101702e-06, Param MSE = 1.101836e-05, Grad norm = 6.474620e-07, Beta update rate = 2.408061e-08
Epoch 185200 (3.7%): Train pred MSE = 9.168593e-09, Test pred MSE = 1.101651e-06, Param MSE = 1.101785e-05, Grad norm = 6.458710e-07, Beta update rate = 2.401661e-08
Epoch 185400 (3.7%): Train pred MSE = 9.126981e-09, Test pred MSE = 1.101599e-06, Param MSE = 1.101733e-05, Grad norm = 6.442846e-07, Beta update rate = 2.395281e-08
Epoch 185600 (3.7%): Train pred MSE = 9.085573e-09, Test pred MSE = 1.101548e-06, Param MSE = 1.101682e-05, Grad norm = 6.427028e-07, Beta update rate = 2.388922e-08
Epoch 185800 (3.7%): Train pred MSE = 9.044369e-09, Test pred MSE = 1.101497e-06, Param MSE = 1.101630e-05, Grad norm = 6.411256e-07, Beta update rate = 2.382584e-08
Epoch 186000 (3.7%): Train pred MSE = 9.003366e-09, Test pred MSE = 1.101446e-06, Param MSE = 1.101579e-05, Grad norm = 6.395530e-07, Beta update rate = 2.376265e-08
Epoch 186200 (3.7%): Train pred MSE = 8.962564e-09, Test pred MSE = 1.101395e-06, Param MSE = 1.101529e-05, Grad norm = 6.379849e-07, Beta update rate = 2.369968e-08
Epoch 186400 (3.7%): Train pred MSE = 8.921962e-09, Test pred MSE = 1.101345e-06, Param MSE = 1.101478e-05, Grad norm = 6.364214e-07, Beta update rate = 2.363690e-08
Epoch 186600 (3.7%): Train pred MSE = 8.881559e-09, Test pred MSE = 1.101294e-06, Param MSE = 1.101427e-05, Grad norm = 6.348624e-07, Beta update rate = 2.357432e-08
Epoch 186800 (3.7%): Train pred MSE = 8.841353e-09, Test pred MSE = 1.101244e-06, Param MSE = 1.101377e-05, Grad norm = 6.333079e-07, Beta update rate = 2.351195e-08
Epoch 187000 (3.7%): Train pred MSE = 8.801344e-09, Test pred MSE = 1.101194e-06, Param MSE = 1.101327e-05, Grad norm = 6.317579e-07, Beta update rate = 2.344978e-08
Epoch 187200 (3.7%): Train pred MSE = 8.761531e-09, Test pred MSE = 1.101144e-06, Param MSE = 1.101277e-05, Grad norm = 6.302124e-07, Beta update rate = 2.338780e-08
Epoch 187400 (3.7%): Train pred MSE = 8.721912e-09, Test pred MSE = 1.101094e-06, Param MSE = 1.101227e-05, Grad norm = 6.286714e-07, Beta update rate = 2.332602e-08
Epoch 187600 (3.8%): Train pred MSE = 8.682486e-09, Test pred MSE = 1.101045e-06, Param MSE = 1.101177e-05, Grad norm = 6.271348e-07, Beta update rate = 2.326444e-08
Epoch 187800 (3.8%): Train pred MSE = 8.643253e-09, Test pred MSE = 1.100995e-06, Param MSE = 1.101127e-05, Grad norm = 6.256027e-07, Beta update rate = 2.320306e-08
Epoch 188000 (3.8%): Train pred MSE = 8.604212e-09, Test pred MSE = 1.100946e-06, Param MSE = 1.101078e-05, Grad norm = 6.240750e-07, Beta update rate = 2.314188e-08
Epoch 188200 (3.8%): Train pred MSE = 8.565360e-09, Test pred MSE = 1.100897e-06, Param MSE = 1.101029e-05, Grad norm = 6.225516e-07, Beta update rate = 2.308088e-08
Epoch 188400 (3.8%): Train pred MSE = 8.526699e-09, Test pred MSE = 1.100848e-06, Param MSE = 1.100980e-05, Grad norm = 6.210327e-07, Beta update rate = 2.302009e-08
Epoch 188600 (3.8%): Train pred MSE = 8.488225e-09, Test pred MSE = 1.100799e-06, Param MSE = 1.100931e-05, Grad norm = 6.195181e-07, Beta update rate = 2.295948e-08
Epoch 188800 (3.8%): Train pred MSE = 8.449939e-09, Test pred MSE = 1.100751e-06, Param MSE = 1.100882e-05, Grad norm = 6.180079e-07, Beta update rate = 2.289907e-08
Epoch 189000 (3.8%): Train pred MSE = 8.411839e-09, Test pred MSE = 1.100702e-06, Param MSE = 1.100833e-05, Grad norm = 6.165021e-07, Beta update rate = 2.283886e-08
Epoch 189200 (3.8%): Train pred MSE = 8.373925e-09, Test pred MSE = 1.100654e-06, Param MSE = 1.100785e-05, Grad norm = 6.150006e-07, Beta update rate = 2.277883e-08
Epoch 189400 (3.8%): Train pred MSE = 8.336195e-09, Test pred MSE = 1.100606e-06, Param MSE = 1.100736e-05, Grad norm = 6.135033e-07, Beta update rate = 2.271899e-08
Epoch 189600 (3.8%): Train pred MSE = 8.298649e-09, Test pred MSE = 1.100558e-06, Param MSE = 1.100688e-05, Grad norm = 6.120104e-07, Beta update rate = 2.265935e-08
Epoch 189800 (3.8%): Train pred MSE = 8.261285e-09, Test pred MSE = 1.100510e-06, Param MSE = 1.100640e-05, Grad norm = 6.105218e-07, Beta update rate = 2.259989e-08
Epoch 190000 (3.8%): Train pred MSE = 8.224103e-09, Test pred MSE = 1.100462e-06, Param MSE = 1.100592e-05, Grad norm = 6.090374e-07, Beta update rate = 2.254062e-08
Epoch 190200 (3.8%): Train pred MSE = 8.187101e-09, Test pred MSE = 1.100415e-06, Param MSE = 1.100545e-05, Grad norm = 6.075573e-07, Beta update rate = 2.248154e-08
Epoch 190400 (3.8%): Train pred MSE = 8.150279e-09, Test pred MSE = 1.100367e-06, Param MSE = 1.100497e-05, Grad norm = 6.060815e-07, Beta update rate = 2.242265e-08
Epoch 190600 (3.8%): Train pred MSE = 8.113635e-09, Test pred MSE = 1.100320e-06, Param MSE = 1.100450e-05, Grad norm = 6.046098e-07, Beta update rate = 2.236394e-08
Epoch 190800 (3.8%): Train pred MSE = 8.077169e-09, Test pred MSE = 1.100273e-06, Param MSE = 1.100403e-05, Grad norm = 6.031424e-07, Beta update rate = 2.230542e-08
Epoch 191000 (3.8%): Train pred MSE = 8.040880e-09, Test pred MSE = 1.100226e-06, Param MSE = 1.100355e-05, Grad norm = 6.016791e-07, Beta update rate = 2.224708e-08
Epoch 191200 (3.8%): Train pred MSE = 8.004766e-09, Test pred MSE = 1.100179e-06, Param MSE = 1.100309e-05, Grad norm = 6.002201e-07, Beta update rate = 2.218893e-08
Epoch 191400 (3.8%): Train pred MSE = 7.968828e-09, Test pred MSE = 1.100133e-06, Param MSE = 1.100262e-05, Grad norm = 5.987652e-07, Beta update rate = 2.213096e-08
Epoch 191600 (3.8%): Train pred MSE = 7.933063e-09, Test pred MSE = 1.100086e-06, Param MSE = 1.100215e-05, Grad norm = 5.973145e-07, Beta update rate = 2.207317e-08
Epoch 191800 (3.8%): Train pred MSE = 7.897472e-09, Test pred MSE = 1.100040e-06, Param MSE = 1.100169e-05, Grad norm = 5.958679e-07, Beta update rate = 2.201556e-08
Epoch 192000 (3.8%): Train pred MSE = 7.862053e-09, Test pred MSE = 1.099994e-06, Param MSE = 1.100122e-05, Grad norm = 5.944254e-07, Beta update rate = 2.195814e-08
Epoch 192200 (3.8%): Train pred MSE = 7.826805e-09, Test pred MSE = 1.099948e-06, Param MSE = 1.100076e-05, Grad norm = 5.929870e-07, Beta update rate = 2.190090e-08
Epoch 192400 (3.8%): Train pred MSE = 7.791727e-09, Test pred MSE = 1.099902e-06, Param MSE = 1.100030e-05, Grad norm = 5.915527e-07, Beta update rate = 2.184383e-08
Epoch 192600 (3.9%): Train pred MSE = 7.756819e-09, Test pred MSE = 1.099856e-06, Param MSE = 1.099984e-05, Grad norm = 5.901226e-07, Beta update rate = 2.178695e-08
Epoch 192800 (3.9%): Train pred MSE = 7.722079e-09, Test pred MSE = 1.099810e-06, Param MSE = 1.099938e-05, Grad norm = 5.886964e-07, Beta update rate = 2.173024e-08
Epoch 193000 (3.9%): Train pred MSE = 7.687507e-09, Test pred MSE = 1.099765e-06, Param MSE = 1.099893e-05, Grad norm = 5.872744e-07, Beta update rate = 2.167371e-08
Epoch 193200 (3.9%): Train pred MSE = 7.653102e-09, Test pred MSE = 1.099720e-06, Param MSE = 1.099847e-05, Grad norm = 5.858564e-07, Beta update rate = 2.161736e-08
Epoch 193400 (3.9%): Train pred MSE = 7.618862e-09, Test pred MSE = 1.099675e-06, Param MSE = 1.099802e-05, Grad norm = 5.844424e-07, Beta update rate = 2.156119e-08
Epoch 193600 (3.9%): Train pred MSE = 7.584788e-09, Test pred MSE = 1.099630e-06, Param MSE = 1.099757e-05, Grad norm = 5.830324e-07, Beta update rate = 2.150519e-08
Epoch 193800 (3.9%): Train pred MSE = 7.550878e-09, Test pred MSE = 1.099585e-06, Param MSE = 1.099712e-05, Grad norm = 5.816264e-07, Beta update rate = 2.144936e-08
Epoch 194000 (3.9%): Train pred MSE = 7.517131e-09, Test pred MSE = 1.099540e-06, Param MSE = 1.099667e-05, Grad norm = 5.802244e-07, Beta update rate = 2.139371e-08
Epoch 194200 (3.9%): Train pred MSE = 7.483547e-09, Test pred MSE = 1.099495e-06, Param MSE = 1.099622e-05, Grad norm = 5.788264e-07, Beta update rate = 2.133823e-08
Epoch 194400 (3.9%): Train pred MSE = 7.450124e-09, Test pred MSE = 1.099451e-06, Param MSE = 1.099578e-05, Grad norm = 5.774323e-07, Beta update rate = 2.128293e-08
Epoch 194600 (3.9%): Train pred MSE = 7.416862e-09, Test pred MSE = 1.099407e-06, Param MSE = 1.099533e-05, Grad norm = 5.760422e-07, Beta update rate = 2.122780e-08
Epoch 194800 (3.9%): Train pred MSE = 7.383760e-09, Test pred MSE = 1.099362e-06, Param MSE = 1.099489e-05, Grad norm = 5.746560e-07, Beta update rate = 2.117284e-08
Epoch 195000 (3.9%): Train pred MSE = 7.350817e-09, Test pred MSE = 1.099318e-06, Param MSE = 1.099445e-05, Grad norm = 5.732737e-07, Beta update rate = 2.111805e-08
Epoch 195200 (3.9%): Train pred MSE = 7.318033e-09, Test pred MSE = 1.099275e-06, Param MSE = 1.099401e-05, Grad norm = 5.718953e-07, Beta update rate = 2.106343e-08
Epoch 195400 (3.9%): Train pred MSE = 7.285405e-09, Test pred MSE = 1.099231e-06, Param MSE = 1.099357e-05, Grad norm = 5.705209e-07, Beta update rate = 2.100899e-08
Epoch 195600 (3.9%): Train pred MSE = 7.252935e-09, Test pred MSE = 1.099187e-06, Param MSE = 1.099313e-05, Grad norm = 5.691503e-07, Beta update rate = 2.095471e-08
Epoch 195800 (3.9%): Train pred MSE = 7.220620e-09, Test pred MSE = 1.099144e-06, Param MSE = 1.099269e-05, Grad norm = 5.677835e-07, Beta update rate = 2.090060e-08
Epoch 196000 (3.9%): Train pred MSE = 7.188460e-09, Test pred MSE = 1.099100e-06, Param MSE = 1.099226e-05, Grad norm = 5.664207e-07, Beta update rate = 2.084665e-08
Epoch 196200 (3.9%): Train pred MSE = 7.156454e-09, Test pred MSE = 1.099057e-06, Param MSE = 1.099182e-05, Grad norm = 5.650616e-07, Beta update rate = 2.079288e-08
Epoch 196400 (3.9%): Train pred MSE = 7.124602e-09, Test pred MSE = 1.099014e-06, Param MSE = 1.099139e-05, Grad norm = 5.637064e-07, Beta update rate = 2.073927e-08
Epoch 196600 (3.9%): Train pred MSE = 7.092902e-09, Test pred MSE = 1.098971e-06, Param MSE = 1.099096e-05, Grad norm = 5.623550e-07, Beta update rate = 2.068582e-08
Epoch 196800 (3.9%): Train pred MSE = 7.061354e-09, Test pred MSE = 1.098929e-06, Param MSE = 1.099053e-05, Grad norm = 5.610074e-07, Beta update rate = 2.063255e-08
Epoch 197000 (3.9%): Train pred MSE = 7.029957e-09, Test pred MSE = 1.098886e-06, Param MSE = 1.099010e-05, Grad norm = 5.596636e-07, Beta update rate = 2.057943e-08
Epoch 197200 (3.9%): Train pred MSE = 6.998710e-09, Test pred MSE = 1.098843e-06, Param MSE = 1.098968e-05, Grad norm = 5.583236e-07, Beta update rate = 2.052648e-08
Epoch 197400 (3.9%): Train pred MSE = 6.967613e-09, Test pred MSE = 1.098801e-06, Param MSE = 1.098925e-05, Grad norm = 5.569873e-07, Beta update rate = 2.047370e-08
Epoch 197600 (4.0%): Train pred MSE = 6.936664e-09, Test pred MSE = 1.098759e-06, Param MSE = 1.098883e-05, Grad norm = 5.556548e-07, Beta update rate = 2.042107e-08
Epoch 197800 (4.0%): Train pred MSE = 6.905863e-09, Test pred MSE = 1.098717e-06, Param MSE = 1.098840e-05, Grad norm = 5.543260e-07, Beta update rate = 2.036861e-08
Epoch 198000 (4.0%): Train pred MSE = 6.875210e-09, Test pred MSE = 1.098675e-06, Param MSE = 1.098798e-05, Grad norm = 5.530009e-07, Beta update rate = 2.031631e-08
Epoch 198200 (4.0%): Train pred MSE = 6.844702e-09, Test pred MSE = 1.098633e-06, Param MSE = 1.098756e-05, Grad norm = 5.516796e-07, Beta update rate = 2.026417e-08
Epoch 198400 (4.0%): Train pred MSE = 6.814340e-09, Test pred MSE = 1.098591e-06, Param MSE = 1.098714e-05, Grad norm = 5.503619e-07, Beta update rate = 2.021219e-08
Epoch 198600 (4.0%): Train pred MSE = 6.784123e-09, Test pred MSE = 1.098550e-06, Param MSE = 1.098673e-05, Grad norm = 5.490480e-07, Beta update rate = 2.016037e-08
Epoch 198800 (4.0%): Train pred MSE = 6.754050e-09, Test pred MSE = 1.098508e-06, Param MSE = 1.098631e-05, Grad norm = 5.477377e-07, Beta update rate = 2.010871e-08
Epoch 199000 (4.0%): Train pred MSE = 6.724121e-09, Test pred MSE = 1.098467e-06, Param MSE = 1.098590e-05, Grad norm = 5.464310e-07, Beta update rate = 2.005721e-08
Epoch 199200 (4.0%): Train pred MSE = 6.694334e-09, Test pred MSE = 1.098426e-06, Param MSE = 1.098548e-05, Grad norm = 5.451281e-07, Beta update rate = 2.000587e-08
Epoch 199400 (4.0%): Train pred MSE = 6.664689e-09, Test pred MSE = 1.098385e-06, Param MSE = 1.098507e-05, Grad norm = 5.438287e-07, Beta update rate = 1.995468e-08
Epoch 199600 (4.0%): Train pred MSE = 6.635185e-09, Test pred MSE = 1.098344e-06, Param MSE = 1.098466e-05, Grad norm = 5.425330e-07, Beta update rate = 1.990365e-08
Epoch 199800 (4.0%): Train pred MSE = 6.605821e-09, Test pred MSE = 1.098303e-06, Param MSE = 1.098425e-05, Grad norm = 5.412409e-07, Beta update rate = 1.985278e-08
Epoch 200000 (4.0%): Train pred MSE = 6.576597e-09, Test pred MSE = 1.098262e-06, Param MSE = 1.098384e-05, Grad norm = 5.399524e-07, Beta update rate = 1.980206e-08
Epoch 200200 (4.0%): Train pred MSE = 6.547512e-09, Test pred MSE = 1.098222e-06, Param MSE = 1.098343e-05, Grad norm = 5.386675e-07, Beta update rate = 1.975150e-08
Epoch 200400 (4.0%): Train pred MSE = 6.518565e-09, Test pred MSE = 1.098181e-06, Param MSE = 1.098303e-05, Grad norm = 5.373862e-07, Beta update rate = 1.970109e-08
Epoch 200600 (4.0%): Train pred MSE = 6.489756e-09, Test pred MSE = 1.098141e-06, Param MSE = 1.098262e-05, Grad norm = 5.361084e-07, Beta update rate = 1.965084e-08
Epoch 200800 (4.0%): Train pred MSE = 6.461084e-09, Test pred MSE = 1.098101e-06, Param MSE = 1.098222e-05, Grad norm = 5.348342e-07, Beta update rate = 1.960074e-08
Epoch 201000 (4.0%): Train pred MSE = 6.432547e-09, Test pred MSE = 1.098061e-06, Param MSE = 1.098182e-05, Grad norm = 5.335636e-07, Beta update rate = 1.955079e-08
Epoch 201200 (4.0%): Train pred MSE = 6.404147e-09, Test pred MSE = 1.098021e-06, Param MSE = 1.098142e-05, Grad norm = 5.322964e-07, Beta update rate = 1.950099e-08
Epoch 201400 (4.0%): Train pred MSE = 6.375880e-09, Test pred MSE = 1.097981e-06, Param MSE = 1.098102e-05, Grad norm = 5.310328e-07, Beta update rate = 1.945135e-08
Epoch 201600 (4.0%): Train pred MSE = 6.347748e-09, Test pred MSE = 1.097941e-06, Param MSE = 1.098062e-05, Grad norm = 5.297727e-07, Beta update rate = 1.940185e-08
Epoch 201800 (4.0%): Train pred MSE = 6.319749e-09, Test pred MSE = 1.097902e-06, Param MSE = 1.098022e-05, Grad norm = 5.285161e-07, Beta update rate = 1.935251e-08
Epoch 202000 (4.0%): Train pred MSE = 6.291883e-09, Test pred MSE = 1.097862e-06, Param MSE = 1.097983e-05, Grad norm = 5.272630e-07, Beta update rate = 1.930331e-08
Epoch 202200 (4.0%): Train pred MSE = 6.264149e-09, Test pred MSE = 1.097823e-06, Param MSE = 1.097943e-05, Grad norm = 5.260133e-07, Beta update rate = 1.925427e-08
Epoch 202400 (4.0%): Train pred MSE = 6.236546e-09, Test pred MSE = 1.097784e-06, Param MSE = 1.097904e-05, Grad norm = 5.247672e-07, Beta update rate = 1.920537e-08
Epoch 202600 (4.1%): Train pred MSE = 6.209073e-09, Test pred MSE = 1.097745e-06, Param MSE = 1.097865e-05, Grad norm = 5.235244e-07, Beta update rate = 1.915663e-08
Epoch 202800 (4.1%): Train pred MSE = 6.181731e-09, Test pred MSE = 1.097706e-06, Param MSE = 1.097825e-05, Grad norm = 5.222851e-07, Beta update rate = 1.910803e-08
Epoch 203000 (4.1%): Train pred MSE = 6.154518e-09, Test pred MSE = 1.097667e-06, Param MSE = 1.097787e-05, Grad norm = 5.210492e-07, Beta update rate = 1.905957e-08
Epoch 203200 (4.1%): Train pred MSE = 6.127433e-09, Test pred MSE = 1.097629e-06, Param MSE = 1.097748e-05, Grad norm = 5.198168e-07, Beta update rate = 1.901127e-08
Epoch 203400 (4.1%): Train pred MSE = 6.100477e-09, Test pred MSE = 1.097590e-06, Param MSE = 1.097709e-05, Grad norm = 5.185877e-07, Beta update rate = 1.896311e-08
Epoch 203600 (4.1%): Train pred MSE = 6.073647e-09, Test pred MSE = 1.097552e-06, Param MSE = 1.097670e-05, Grad norm = 5.173620e-07, Beta update rate = 1.891509e-08
Epoch 203800 (4.1%): Train pred MSE = 6.046945e-09, Test pred MSE = 1.097513e-06, Param MSE = 1.097632e-05, Grad norm = 5.161398e-07, Beta update rate = 1.886722e-08
Epoch 204000 (4.1%): Train pred MSE = 6.020368e-09, Test pred MSE = 1.097475e-06, Param MSE = 1.097593e-05, Grad norm = 5.149209e-07, Beta update rate = 1.881950e-08
Epoch 204200 (4.1%): Train pred MSE = 5.993917e-09, Test pred MSE = 1.097437e-06, Param MSE = 1.097555e-05, Grad norm = 5.137053e-07, Beta update rate = 1.877192e-08
Epoch 204400 (4.1%): Train pred MSE = 5.967590e-09, Test pred MSE = 1.097399e-06, Param MSE = 1.097517e-05, Grad norm = 5.124931e-07, Beta update rate = 1.872448e-08
Epoch 204600 (4.1%): Train pred MSE = 5.941388e-09, Test pred MSE = 1.097361e-06, Param MSE = 1.097479e-05, Grad norm = 5.112842e-07, Beta update rate = 1.867718e-08
Epoch 204800 (4.1%): Train pred MSE = 5.915309e-09, Test pred MSE = 1.097323e-06, Param MSE = 1.097441e-05, Grad norm = 5.100787e-07, Beta update rate = 1.863003e-08
Epoch 205000 (4.1%): Train pred MSE = 5.889352e-09, Test pred MSE = 1.097286e-06, Param MSE = 1.097403e-05, Grad norm = 5.088765e-07, Beta update rate = 1.858302e-08
Epoch 205200 (4.1%): Train pred MSE = 5.863518e-09, Test pred MSE = 1.097248e-06, Param MSE = 1.097366e-05, Grad norm = 5.076776e-07, Beta update rate = 1.853615e-08
Epoch 205400 (4.1%): Train pred MSE = 5.837806e-09, Test pred MSE = 1.097211e-06, Param MSE = 1.097328e-05, Grad norm = 5.064819e-07, Beta update rate = 1.848942e-08
Epoch 205600 (4.1%): Train pred MSE = 5.812214e-09, Test pred MSE = 1.097174e-06, Param MSE = 1.097291e-05, Grad norm = 5.052896e-07, Beta update rate = 1.844283e-08
Epoch 205800 (4.1%): Train pred MSE = 5.786743e-09, Test pred MSE = 1.097137e-06, Param MSE = 1.097253e-05, Grad norm = 5.041005e-07, Beta update rate = 1.839638e-08
Epoch 206000 (4.1%): Train pred MSE = 5.761391e-09, Test pred MSE = 1.097100e-06, Param MSE = 1.097216e-05, Grad norm = 5.029147e-07, Beta update rate = 1.835007e-08
Epoch 206200 (4.1%): Train pred MSE = 5.736159e-09, Test pred MSE = 1.097063e-06, Param MSE = 1.097179e-05, Grad norm = 5.017322e-07, Beta update rate = 1.830390e-08
Epoch 206400 (4.1%): Train pred MSE = 5.711045e-09, Test pred MSE = 1.097026e-06, Param MSE = 1.097142e-05, Grad norm = 5.005529e-07, Beta update rate = 1.825787e-08
Epoch 206600 (4.1%): Train pred MSE = 5.686049e-09, Test pred MSE = 1.096989e-06, Param MSE = 1.097105e-05, Grad norm = 4.993768e-07, Beta update rate = 1.821197e-08
Epoch 206800 (4.1%): Train pred MSE = 5.661170e-09, Test pred MSE = 1.096953e-06, Param MSE = 1.097068e-05, Grad norm = 4.982039e-07, Beta update rate = 1.816621e-08
Epoch 207000 (4.1%): Train pred MSE = 5.636408e-09, Test pred MSE = 1.096916e-06, Param MSE = 1.097032e-05, Grad norm = 4.970343e-07, Beta update rate = 1.812059e-08
Epoch 207200 (4.1%): Train pred MSE = 5.611762e-09, Test pred MSE = 1.096880e-06, Param MSE = 1.096995e-05, Grad norm = 4.958678e-07, Beta update rate = 1.807510e-08
Epoch 207400 (4.1%): Train pred MSE = 5.587232e-09, Test pred MSE = 1.096844e-06, Param MSE = 1.096959e-05, Grad norm = 4.947046e-07, Beta update rate = 1.802975e-08
Epoch 207600 (4.2%): Train pred MSE = 5.562816e-09, Test pred MSE = 1.096807e-06, Param MSE = 1.096923e-05, Grad norm = 4.935445e-07, Beta update rate = 1.798454e-08
Epoch 207800 (4.2%): Train pred MSE = 5.538515e-09, Test pred MSE = 1.096771e-06, Param MSE = 1.096886e-05, Grad norm = 4.923875e-07, Beta update rate = 1.793946e-08
Epoch 208000 (4.2%): Train pred MSE = 5.514328e-09, Test pred MSE = 1.096735e-06, Param MSE = 1.096850e-05, Grad norm = 4.912338e-07, Beta update rate = 1.789451e-08
Epoch 208200 (4.2%): Train pred MSE = 5.490254e-09, Test pred MSE = 1.096700e-06, Param MSE = 1.096814e-05, Grad norm = 4.900832e-07, Beta update rate = 1.784970e-08
Epoch 208400 (4.2%): Train pred MSE = 5.466292e-09, Test pred MSE = 1.096664e-06, Param MSE = 1.096778e-05, Grad norm = 4.889357e-07, Beta update rate = 1.780502e-08
Epoch 208600 (4.2%): Train pred MSE = 5.442443e-09, Test pred MSE = 1.096628e-06, Param MSE = 1.096743e-05, Grad norm = 4.877913e-07, Beta update rate = 1.776048e-08
Epoch 208800 (4.2%): Train pred MSE = 5.418705e-09, Test pred MSE = 1.096593e-06, Param MSE = 1.096707e-05, Grad norm = 4.866501e-07, Beta update rate = 1.771606e-08
Epoch 209000 (4.2%): Train pred MSE = 5.395078e-09, Test pred MSE = 1.096558e-06, Param MSE = 1.096672e-05, Grad norm = 4.855120e-07, Beta update rate = 1.767178e-08
Epoch 209200 (4.2%): Train pred MSE = 5.371561e-09, Test pred MSE = 1.096522e-06, Param MSE = 1.096636e-05, Grad norm = 4.843769e-07, Beta update rate = 1.762763e-08
Epoch 209400 (4.2%): Train pred MSE = 5.348154e-09, Test pred MSE = 1.096487e-06, Param MSE = 1.096601e-05, Grad norm = 4.832450e-07, Beta update rate = 1.758361e-08
Epoch 209600 (4.2%): Train pred MSE = 5.324857e-09, Test pred MSE = 1.096452e-06, Param MSE = 1.096566e-05, Grad norm = 4.821161e-07, Beta update rate = 1.753972e-08
Epoch 209800 (4.2%): Train pred MSE = 5.301668e-09, Test pred MSE = 1.096417e-06, Param MSE = 1.096530e-05, Grad norm = 4.809903e-07, Beta update rate = 1.749596e-08
Epoch 210000 (4.2%): Train pred MSE = 5.278587e-09, Test pred MSE = 1.096382e-06, Param MSE = 1.096495e-05, Grad norm = 4.798676e-07, Beta update rate = 1.745233e-08
Epoch 210200 (4.2%): Train pred MSE = 5.255614e-09, Test pred MSE = 1.096348e-06, Param MSE = 1.096461e-05, Grad norm = 4.787479e-07, Beta update rate = 1.740883e-08
Epoch 210400 (4.2%): Train pred MSE = 5.232748e-09, Test pred MSE = 1.096313e-06, Param MSE = 1.096426e-05, Grad norm = 4.776312e-07, Beta update rate = 1.736546e-08
Epoch 210600 (4.2%): Train pred MSE = 5.209988e-09, Test pred MSE = 1.096279e-06, Param MSE = 1.096391e-05, Grad norm = 4.765176e-07, Beta update rate = 1.732222e-08
Epoch 210800 (4.2%): Train pred MSE = 5.187335e-09, Test pred MSE = 1.096244e-06, Param MSE = 1.096357e-05, Grad norm = 4.754069e-07, Beta update rate = 1.727910e-08
Epoch 211000 (4.2%): Train pred MSE = 5.164786e-09, Test pred MSE = 1.096210e-06, Param MSE = 1.096322e-05, Grad norm = 4.742993e-07, Beta update rate = 1.723611e-08
Epoch 211200 (4.2%): Train pred MSE = 5.142343e-09, Test pred MSE = 1.096176e-06, Param MSE = 1.096288e-05, Grad norm = 4.731947e-07, Beta update rate = 1.719325e-08
Epoch 211400 (4.2%): Train pred MSE = 5.120004e-09, Test pred MSE = 1.096142e-06, Param MSE = 1.096254e-05, Grad norm = 4.720931e-07, Beta update rate = 1.715051e-08
Epoch 211600 (4.2%): Train pred MSE = 5.097769e-09, Test pred MSE = 1.096108e-06, Param MSE = 1.096219e-05, Grad norm = 4.709944e-07, Beta update rate = 1.710790e-08
Epoch 211800 (4.2%): Train pred MSE = 5.075638e-09, Test pred MSE = 1.096074e-06, Param MSE = 1.096185e-05, Grad norm = 4.698988e-07, Beta update rate = 1.706541e-08
Epoch 212000 (4.2%): Train pred MSE = 5.053609e-09, Test pred MSE = 1.096040e-06, Param MSE = 1.096151e-05, Grad norm = 4.688060e-07, Beta update rate = 1.702305e-08
Epoch 212200 (4.2%): Train pred MSE = 5.031683e-09, Test pred MSE = 1.096006e-06, Param MSE = 1.096118e-05, Grad norm = 4.677163e-07, Beta update rate = 1.698082e-08
Epoch 212400 (4.2%): Train pred MSE = 5.009858e-09, Test pred MSE = 1.095973e-06, Param MSE = 1.096084e-05, Grad norm = 4.666295e-07, Beta update rate = 1.693870e-08
Epoch 212600 (4.3%): Train pred MSE = 4.988135e-09, Test pred MSE = 1.095939e-06, Param MSE = 1.096050e-05, Grad norm = 4.655456e-07, Beta update rate = 1.689671e-08
Epoch 212800 (4.3%): Train pred MSE = 4.966512e-09, Test pred MSE = 1.095906e-06, Param MSE = 1.096017e-05, Grad norm = 4.644646e-07, Beta update rate = 1.685485e-08
Epoch 213000 (4.3%): Train pred MSE = 4.944990e-09, Test pred MSE = 1.095873e-06, Param MSE = 1.095983e-05, Grad norm = 4.633865e-07, Beta update rate = 1.681311e-08
Epoch 213200 (4.3%): Train pred MSE = 4.923567e-09, Test pred MSE = 1.095840e-06, Param MSE = 1.095950e-05, Grad norm = 4.623114e-07, Beta update rate = 1.677149e-08
Epoch 213400 (4.3%): Train pred MSE = 4.902244e-09, Test pred MSE = 1.095807e-06, Param MSE = 1.095917e-05, Grad norm = 4.612391e-07, Beta update rate = 1.672999e-08
Epoch 213600 (4.3%): Train pred MSE = 4.881019e-09, Test pred MSE = 1.095774e-06, Param MSE = 1.095883e-05, Grad norm = 4.601697e-07, Beta update rate = 1.668861e-08
Epoch 213800 (4.3%): Train pred MSE = 4.859893e-09, Test pred MSE = 1.095741e-06, Param MSE = 1.095850e-05, Grad norm = 4.591032e-07, Beta update rate = 1.664735e-08
Epoch 214000 (4.3%): Train pred MSE = 4.838865e-09, Test pred MSE = 1.095708e-06, Param MSE = 1.095818e-05, Grad norm = 4.580396e-07, Beta update rate = 1.660622e-08
Epoch 214200 (4.3%): Train pred MSE = 4.817934e-09, Test pred MSE = 1.095675e-06, Param MSE = 1.095785e-05, Grad norm = 4.569788e-07, Beta update rate = 1.656520e-08
Epoch 214400 (4.3%): Train pred MSE = 4.797099e-09, Test pred MSE = 1.095643e-06, Param MSE = 1.095752e-05, Grad norm = 4.559209e-07, Beta update rate = 1.652431e-08
Epoch 214600 (4.3%): Train pred MSE = 4.776362e-09, Test pred MSE = 1.095610e-06, Param MSE = 1.095719e-05, Grad norm = 4.548658e-07, Beta update rate = 1.648353e-08
Epoch 214800 (4.3%): Train pred MSE = 4.755719e-09, Test pred MSE = 1.095578e-06, Param MSE = 1.095687e-05, Grad norm = 4.538135e-07, Beta update rate = 1.644287e-08
Epoch 215000 (4.3%): Train pred MSE = 4.735173e-09, Test pred MSE = 1.095546e-06, Param MSE = 1.095654e-05, Grad norm = 4.527641e-07, Beta update rate = 1.640233e-08
Epoch 215200 (4.3%): Train pred MSE = 4.714721e-09, Test pred MSE = 1.095514e-06, Param MSE = 1.095622e-05, Grad norm = 4.517175e-07, Beta update rate = 1.636191e-08
Epoch 215400 (4.3%): Train pred MSE = 4.694364e-09, Test pred MSE = 1.095482e-06, Param MSE = 1.095590e-05, Grad norm = 4.506736e-07, Beta update rate = 1.632161e-08
Epoch 215600 (4.3%): Train pred MSE = 4.674100e-09, Test pred MSE = 1.095450e-06, Param MSE = 1.095558e-05, Grad norm = 4.496326e-07, Beta update rate = 1.628142e-08
Epoch 215800 (4.3%): Train pred MSE = 4.653930e-09, Test pred MSE = 1.095418e-06, Param MSE = 1.095526e-05, Grad norm = 4.485944e-07, Beta update rate = 1.624135e-08
Epoch 216000 (4.3%): Train pred MSE = 4.633853e-09, Test pred MSE = 1.095386e-06, Param MSE = 1.095494e-05, Grad norm = 4.475589e-07, Beta update rate = 1.620139e-08
Epoch 216200 (4.3%): Train pred MSE = 4.613869e-09, Test pred MSE = 1.095354e-06, Param MSE = 1.095462e-05, Grad norm = 4.465262e-07, Beta update rate = 1.616156e-08
Epoch 216400 (4.3%): Train pred MSE = 4.593977e-09, Test pred MSE = 1.095323e-06, Param MSE = 1.095430e-05, Grad norm = 4.454962e-07, Beta update rate = 1.612183e-08
Epoch 216600 (4.3%): Train pred MSE = 4.574176e-09, Test pred MSE = 1.095291e-06, Param MSE = 1.095398e-05, Grad norm = 4.444691e-07, Beta update rate = 1.608223e-08
Epoch 216800 (4.3%): Train pred MSE = 4.554467e-09, Test pred MSE = 1.095260e-06, Param MSE = 1.095367e-05, Grad norm = 4.434446e-07, Beta update rate = 1.604274e-08
Epoch 217000 (4.3%): Train pred MSE = 4.534848e-09, Test pred MSE = 1.095229e-06, Param MSE = 1.095335e-05, Grad norm = 4.424229e-07, Beta update rate = 1.600336e-08
Epoch 217200 (4.3%): Train pred MSE = 4.515320e-09, Test pred MSE = 1.095197e-06, Param MSE = 1.095304e-05, Grad norm = 4.414039e-07, Beta update rate = 1.596409e-08
Epoch 217400 (4.3%): Train pred MSE = 4.495881e-09, Test pred MSE = 1.095166e-06, Param MSE = 1.095273e-05, Grad norm = 4.403876e-07, Beta update rate = 1.592494e-08
Epoch 217600 (4.4%): Train pred MSE = 4.476532e-09, Test pred MSE = 1.095135e-06, Param MSE = 1.095241e-05, Grad norm = 4.393741e-07, Beta update rate = 1.588591e-08
Epoch 217800 (4.4%): Train pred MSE = 4.457272e-09, Test pred MSE = 1.095104e-06, Param MSE = 1.095210e-05, Grad norm = 4.383632e-07, Beta update rate = 1.584698e-08
Epoch 218000 (4.4%): Train pred MSE = 4.438100e-09, Test pred MSE = 1.095073e-06, Param MSE = 1.095179e-05, Grad norm = 4.373550e-07, Beta update rate = 1.580817e-08
Epoch 218200 (4.4%): Train pred MSE = 4.419016e-09, Test pred MSE = 1.095043e-06, Param MSE = 1.095148e-05, Grad norm = 4.363495e-07, Beta update rate = 1.576947e-08
Epoch 218400 (4.4%): Train pred MSE = 4.400020e-09, Test pred MSE = 1.095012e-06, Param MSE = 1.095118e-05, Grad norm = 4.353467e-07, Beta update rate = 1.573088e-08
Epoch 218600 (4.4%): Train pred MSE = 4.381111e-09, Test pred MSE = 1.094982e-06, Param MSE = 1.095087e-05, Grad norm = 4.343465e-07, Beta update rate = 1.569240e-08
Epoch 218800 (4.4%): Train pred MSE = 4.362289e-09, Test pred MSE = 1.094951e-06, Param MSE = 1.095056e-05, Grad norm = 4.333490e-07, Beta update rate = 1.565403e-08
Epoch 219000 (4.4%): Train pred MSE = 4.343554e-09, Test pred MSE = 1.094921e-06, Param MSE = 1.095026e-05, Grad norm = 4.323542e-07, Beta update rate = 1.561578e-08
Epoch 219200 (4.4%): Train pred MSE = 4.324904e-09, Test pred MSE = 1.094890e-06, Param MSE = 1.094995e-05, Grad norm = 4.313619e-07, Beta update rate = 1.557763e-08
Epoch 219400 (4.4%): Train pred MSE = 4.306340e-09, Test pred MSE = 1.094860e-06, Param MSE = 1.094965e-05, Grad norm = 4.303724e-07, Beta update rate = 1.553959e-08
Epoch 219600 (4.4%): Train pred MSE = 4.287860e-09, Test pred MSE = 1.094830e-06, Param MSE = 1.094935e-05, Grad norm = 4.293854e-07, Beta update rate = 1.550167e-08
Epoch 219800 (4.4%): Train pred MSE = 4.269466e-09, Test pred MSE = 1.094800e-06, Param MSE = 1.094904e-05, Grad norm = 4.284011e-07, Beta update rate = 1.546385e-08
Epoch 220000 (4.4%): Train pred MSE = 4.251155e-09, Test pred MSE = 1.094770e-06, Param MSE = 1.094874e-05, Grad norm = 4.274193e-07, Beta update rate = 1.542614e-08
Epoch 220200 (4.4%): Train pred MSE = 4.232929e-09, Test pred MSE = 1.094740e-06, Param MSE = 1.094844e-05, Grad norm = 4.264402e-07, Beta update rate = 1.538854e-08
Epoch 220400 (4.4%): Train pred MSE = 4.214786e-09, Test pred MSE = 1.094711e-06, Param MSE = 1.094814e-05, Grad norm = 4.254636e-07, Beta update rate = 1.535104e-08
Epoch 220600 (4.4%): Train pred MSE = 4.196725e-09, Test pred MSE = 1.094681e-06, Param MSE = 1.094785e-05, Grad norm = 4.244897e-07, Beta update rate = 1.531365e-08
Epoch 220800 (4.4%): Train pred MSE = 4.178748e-09, Test pred MSE = 1.094651e-06, Param MSE = 1.094755e-05, Grad norm = 4.235183e-07, Beta update rate = 1.527637e-08
Epoch 221000 (4.4%): Train pred MSE = 4.160852e-09, Test pred MSE = 1.094622e-06, Param MSE = 1.094725e-05, Grad norm = 4.225495e-07, Beta update rate = 1.523920e-08
Epoch 221200 (4.4%): Train pred MSE = 4.143039e-09, Test pred MSE = 1.094593e-06, Param MSE = 1.094696e-05, Grad norm = 4.215832e-07, Beta update rate = 1.520213e-08
Epoch 221400 (4.4%): Train pred MSE = 4.125306e-09, Test pred MSE = 1.094563e-06, Param MSE = 1.094666e-05, Grad norm = 4.206195e-07, Beta update rate = 1.516517e-08
Epoch 221600 (4.4%): Train pred MSE = 4.107655e-09, Test pred MSE = 1.094534e-06, Param MSE = 1.094637e-05, Grad norm = 4.196583e-07, Beta update rate = 1.512832e-08
Epoch 221800 (4.4%): Train pred MSE = 4.090084e-09, Test pred MSE = 1.094505e-06, Param MSE = 1.094607e-05, Grad norm = 4.186997e-07, Beta update rate = 1.509157e-08
Epoch 222000 (4.4%): Train pred MSE = 4.072594e-09, Test pred MSE = 1.094476e-06, Param MSE = 1.094578e-05, Grad norm = 4.177436e-07, Beta update rate = 1.505492e-08
Epoch 222200 (4.4%): Train pred MSE = 4.055183e-09, Test pred MSE = 1.094447e-06, Param MSE = 1.094549e-05, Grad norm = 4.167900e-07, Beta update rate = 1.501838e-08
Epoch 222400 (4.4%): Train pred MSE = 4.037851e-09, Test pred MSE = 1.094418e-06, Param MSE = 1.094520e-05, Grad norm = 4.158389e-07, Beta update rate = 1.498194e-08
Epoch 222600 (4.5%): Train pred MSE = 4.020599e-09, Test pred MSE = 1.094389e-06, Param MSE = 1.094491e-05, Grad norm = 4.148903e-07, Beta update rate = 1.494561e-08
Epoch 222800 (4.5%): Train pred MSE = 4.003425e-09, Test pred MSE = 1.094361e-06, Param MSE = 1.094462e-05, Grad norm = 4.139442e-07, Beta update rate = 1.490938e-08
Epoch 223000 (4.5%): Train pred MSE = 3.986329e-09, Test pred MSE = 1.094332e-06, Param MSE = 1.094433e-05, Grad norm = 4.130006e-07, Beta update rate = 1.487325e-08
Epoch 223200 (4.5%): Train pred MSE = 3.969311e-09, Test pred MSE = 1.094304e-06, Param MSE = 1.094405e-05, Grad norm = 4.120595e-07, Beta update rate = 1.483723e-08
Epoch 223400 (4.5%): Train pred MSE = 3.952371e-09, Test pred MSE = 1.094275e-06, Param MSE = 1.094376e-05, Grad norm = 4.111209e-07, Beta update rate = 1.480131e-08
Epoch 223600 (4.5%): Train pred MSE = 3.935508e-09, Test pred MSE = 1.094247e-06, Param MSE = 1.094348e-05, Grad norm = 4.101847e-07, Beta update rate = 1.476549e-08
Epoch 223800 (4.5%): Train pred MSE = 3.918721e-09, Test pred MSE = 1.094219e-06, Param MSE = 1.094319e-05, Grad norm = 4.092510e-07, Beta update rate = 1.472977e-08
Epoch 224000 (4.5%): Train pred MSE = 3.902011e-09, Test pred MSE = 1.094190e-06, Param MSE = 1.094291e-05, Grad norm = 4.083197e-07, Beta update rate = 1.469415e-08
Epoch 224200 (4.5%): Train pred MSE = 3.885377e-09, Test pred MSE = 1.094162e-06, Param MSE = 1.094263e-05, Grad norm = 4.073909e-07, Beta update rate = 1.465864e-08
Epoch 224400 (4.5%): Train pred MSE = 3.868818e-09, Test pred MSE = 1.094134e-06, Param MSE = 1.094234e-05, Grad norm = 4.064645e-07, Beta update rate = 1.462322e-08
Epoch 224600 (4.5%): Train pred MSE = 3.852334e-09, Test pred MSE = 1.094106e-06, Param MSE = 1.094206e-05, Grad norm = 4.055405e-07, Beta update rate = 1.458791e-08
Epoch 224800 (4.5%): Train pred MSE = 3.835926e-09, Test pred MSE = 1.094079e-06, Param MSE = 1.094178e-05, Grad norm = 4.046190e-07, Beta update rate = 1.455269e-08
Epoch 225000 (4.5%): Train pred MSE = 3.819592e-09, Test pred MSE = 1.094051e-06, Param MSE = 1.094150e-05, Grad norm = 4.036998e-07, Beta update rate = 1.451758e-08
Epoch 225200 (4.5%): Train pred MSE = 3.803332e-09, Test pred MSE = 1.094023e-06, Param MSE = 1.094122e-05, Grad norm = 4.027831e-07, Beta update rate = 1.448256e-08
Epoch 225400 (4.5%): Train pred MSE = 3.787145e-09, Test pred MSE = 1.093995e-06, Param MSE = 1.094095e-05, Grad norm = 4.018687e-07, Beta update rate = 1.444764e-08
Epoch 225600 (4.5%): Train pred MSE = 3.771032e-09, Test pred MSE = 1.093968e-06, Param MSE = 1.094067e-05, Grad norm = 4.009568e-07, Beta update rate = 1.441282e-08
Epoch 225800 (4.5%): Train pred MSE = 3.754992e-09, Test pred MSE = 1.093941e-06, Param MSE = 1.094039e-05, Grad norm = 4.000472e-07, Beta update rate = 1.437810e-08
Epoch 226000 (4.5%): Train pred MSE = 3.739025e-09, Test pred MSE = 1.093913e-06, Param MSE = 1.094012e-05, Grad norm = 3.991400e-07, Beta update rate = 1.434348e-08
Epoch 226200 (4.5%): Train pred MSE = 3.723130e-09, Test pred MSE = 1.093886e-06, Param MSE = 1.093984e-05, Grad norm = 3.982352e-07, Beta update rate = 1.430896e-08
Epoch 226400 (4.5%): Train pred MSE = 3.707307e-09, Test pred MSE = 1.093859e-06, Param MSE = 1.093957e-05, Grad norm = 3.973328e-07, Beta update rate = 1.427453e-08
Epoch 226600 (4.5%): Train pred MSE = 3.691556e-09, Test pred MSE = 1.093832e-06, Param MSE = 1.093930e-05, Grad norm = 3.964327e-07, Beta update rate = 1.424020e-08
Epoch 226800 (4.5%): Train pred MSE = 3.675876e-09, Test pred MSE = 1.093805e-06, Param MSE = 1.093902e-05, Grad norm = 3.955349e-07, Beta update rate = 1.420596e-08
Epoch 227000 (4.5%): Train pred MSE = 3.660267e-09, Test pred MSE = 1.093778e-06, Param MSE = 1.093875e-05, Grad norm = 3.946395e-07, Beta update rate = 1.417182e-08
Epoch 227200 (4.5%): Train pred MSE = 3.644728e-09, Test pred MSE = 1.093751e-06, Param MSE = 1.093848e-05, Grad norm = 3.937464e-07, Beta update rate = 1.413778e-08
Epoch 227400 (4.5%): Train pred MSE = 3.629260e-09, Test pred MSE = 1.093724e-06, Param MSE = 1.093821e-05, Grad norm = 3.928556e-07, Beta update rate = 1.410384e-08
Epoch 227600 (4.6%): Train pred MSE = 3.613862e-09, Test pred MSE = 1.093697e-06, Param MSE = 1.093794e-05, Grad norm = 3.919672e-07, Beta update rate = 1.406998e-08
Epoch 227800 (4.6%): Train pred MSE = 3.598533e-09, Test pred MSE = 1.093671e-06, Param MSE = 1.093768e-05, Grad norm = 3.910810e-07, Beta update rate = 1.403623e-08
Epoch 228000 (4.6%): Train pred MSE = 3.583273e-09, Test pred MSE = 1.093644e-06, Param MSE = 1.093741e-05, Grad norm = 3.901972e-07, Beta update rate = 1.400257e-08
Epoch 228200 (4.6%): Train pred MSE = 3.568082e-09, Test pred MSE = 1.093618e-06, Param MSE = 1.093714e-05, Grad norm = 3.893156e-07, Beta update rate = 1.396900e-08
Epoch 228400 (4.6%): Train pred MSE = 3.552960e-09, Test pred MSE = 1.093591e-06, Param MSE = 1.093688e-05, Grad norm = 3.884364e-07, Beta update rate = 1.393553e-08
Epoch 228600 (4.6%): Train pred MSE = 3.537906e-09, Test pred MSE = 1.093565e-06, Param MSE = 1.093661e-05, Grad norm = 3.875594e-07, Beta update rate = 1.390215e-08
Epoch 228800 (4.6%): Train pred MSE = 3.522920e-09, Test pred MSE = 1.093539e-06, Param MSE = 1.093635e-05, Grad norm = 3.866847e-07, Beta update rate = 1.386886e-08
Epoch 229000 (4.6%): Train pred MSE = 3.508002e-09, Test pred MSE = 1.093512e-06, Param MSE = 1.093608e-05, Grad norm = 3.858123e-07, Beta update rate = 1.383567e-08
Epoch 229200 (4.6%): Train pred MSE = 3.493150e-09, Test pred MSE = 1.093486e-06, Param MSE = 1.093582e-05, Grad norm = 3.849421e-07, Beta update rate = 1.380257e-08
Epoch 229400 (4.6%): Train pred MSE = 3.478366e-09, Test pred MSE = 1.093460e-06, Param MSE = 1.093556e-05, Grad norm = 3.840742e-07, Beta update rate = 1.376956e-08
Epoch 229600 (4.6%): Train pred MSE = 3.463648e-09, Test pred MSE = 1.093434e-06, Param MSE = 1.093530e-05, Grad norm = 3.832086e-07, Beta update rate = 1.373664e-08
Epoch 229800 (4.6%): Train pred MSE = 3.448997e-09, Test pred MSE = 1.093409e-06, Param MSE = 1.093504e-05, Grad norm = 3.823451e-07, Beta update rate = 1.370382e-08
Epoch 230000 (4.6%): Train pred MSE = 3.434411e-09, Test pred MSE = 1.093383e-06, Param MSE = 1.093478e-05, Grad norm = 3.814840e-07, Beta update rate = 1.367109e-08
Epoch 230200 (4.6%): Train pred MSE = 3.419891e-09, Test pred MSE = 1.093357e-06, Param MSE = 1.093452e-05, Grad norm = 3.806250e-07, Beta update rate = 1.363845e-08
Epoch 230400 (4.6%): Train pred MSE = 3.405436e-09, Test pred MSE = 1.093331e-06, Param MSE = 1.093426e-05, Grad norm = 3.797682e-07, Beta update rate = 1.360590e-08
Epoch 230600 (4.6%): Train pred MSE = 3.391047e-09, Test pred MSE = 1.093306e-06, Param MSE = 1.093400e-05, Grad norm = 3.789137e-07, Beta update rate = 1.357344e-08
Epoch 230800 (4.6%): Train pred MSE = 3.376721e-09, Test pred MSE = 1.093280e-06, Param MSE = 1.093375e-05, Grad norm = 3.780614e-07, Beta update rate = 1.354107e-08
Epoch 231000 (4.6%): Train pred MSE = 3.362461e-09, Test pred MSE = 1.093255e-06, Param MSE = 1.093349e-05, Grad norm = 3.772113e-07, Beta update rate = 1.350879e-08
Epoch 231200 (4.6%): Train pred MSE = 3.348264e-09, Test pred MSE = 1.093230e-06, Param MSE = 1.093323e-05, Grad norm = 3.763634e-07, Beta update rate = 1.347660e-08
Epoch 231400 (4.6%): Train pred MSE = 3.334131e-09, Test pred MSE = 1.093204e-06, Param MSE = 1.093298e-05, Grad norm = 3.755176e-07, Beta update rate = 1.344450e-08
Epoch 231600 (4.6%): Train pred MSE = 3.320062e-09, Test pred MSE = 1.093179e-06, Param MSE = 1.093273e-05, Grad norm = 3.746740e-07, Beta update rate = 1.341249e-08
Epoch 231800 (4.6%): Train pred MSE = 3.306056e-09, Test pred MSE = 1.093154e-06, Param MSE = 1.093247e-05, Grad norm = 3.738327e-07, Beta update rate = 1.338056e-08
Epoch 232000 (4.6%): Train pred MSE = 3.292112e-09, Test pred MSE = 1.093129e-06, Param MSE = 1.093222e-05, Grad norm = 3.729934e-07, Beta update rate = 1.334873e-08
Epoch 232200 (4.6%): Train pred MSE = 3.278231e-09, Test pred MSE = 1.093104e-06, Param MSE = 1.093197e-05, Grad norm = 3.721564e-07, Beta update rate = 1.331699e-08
Epoch 232400 (4.6%): Train pred MSE = 3.264412e-09, Test pred MSE = 1.093079e-06, Param MSE = 1.093172e-05, Grad norm = 3.713215e-07, Beta update rate = 1.328533e-08
Epoch 232600 (4.7%): Train pred MSE = 3.250656e-09, Test pred MSE = 1.093054e-06, Param MSE = 1.093147e-05, Grad norm = 3.704887e-07, Beta update rate = 1.325376e-08
Epoch 232800 (4.7%): Train pred MSE = 3.236960e-09, Test pred MSE = 1.093030e-06, Param MSE = 1.093122e-05, Grad norm = 3.696581e-07, Beta update rate = 1.322228e-08
Epoch 233000 (4.7%): Train pred MSE = 3.223326e-09, Test pred MSE = 1.093005e-06, Param MSE = 1.093097e-05, Grad norm = 3.688296e-07, Beta update rate = 1.319088e-08
Epoch 233200 (4.7%): Train pred MSE = 3.209754e-09, Test pred MSE = 1.092980e-06, Param MSE = 1.093072e-05, Grad norm = 3.680033e-07, Beta update rate = 1.315957e-08
Epoch 233400 (4.7%): Train pred MSE = 3.196242e-09, Test pred MSE = 1.092956e-06, Param MSE = 1.093048e-05, Grad norm = 3.671790e-07, Beta update rate = 1.312835e-08
Epoch 233600 (4.7%): Train pred MSE = 3.182790e-09, Test pred MSE = 1.092931e-06, Param MSE = 1.093023e-05, Grad norm = 3.663569e-07, Beta update rate = 1.309721e-08
Epoch 233800 (4.7%): Train pred MSE = 3.169398e-09, Test pred MSE = 1.092907e-06, Param MSE = 1.092998e-05, Grad norm = 3.655369e-07, Beta update rate = 1.306616e-08
Epoch 234000 (4.7%): Train pred MSE = 3.156067e-09, Test pred MSE = 1.092883e-06, Param MSE = 1.092974e-05, Grad norm = 3.647190e-07, Beta update rate = 1.303520e-08
Epoch 234200 (4.7%): Train pred MSE = 3.142795e-09, Test pred MSE = 1.092858e-06, Param MSE = 1.092949e-05, Grad norm = 3.639032e-07, Beta update rate = 1.300432e-08
Epoch 234400 (4.7%): Train pred MSE = 3.129582e-09, Test pred MSE = 1.092834e-06, Param MSE = 1.092925e-05, Grad norm = 3.630895e-07, Beta update rate = 1.297353e-08
Epoch 234600 (4.7%): Train pred MSE = 3.116428e-09, Test pred MSE = 1.092810e-06, Param MSE = 1.092901e-05, Grad norm = 3.622778e-07, Beta update rate = 1.294282e-08
Epoch 234800 (4.7%): Train pred MSE = 3.103333e-09, Test pred MSE = 1.092786e-06, Param MSE = 1.092877e-05, Grad norm = 3.614683e-07, Beta update rate = 1.291219e-08
Epoch 235000 (4.7%): Train pred MSE = 3.090297e-09, Test pred MSE = 1.092762e-06, Param MSE = 1.092852e-05, Grad norm = 3.606608e-07, Beta update rate = 1.288165e-08
Epoch 235200 (4.7%): Train pred MSE = 3.077318e-09, Test pred MSE = 1.092738e-06, Param MSE = 1.092828e-05, Grad norm = 3.598553e-07, Beta update rate = 1.285120e-08
Epoch 235400 (4.7%): Train pred MSE = 3.064398e-09, Test pred MSE = 1.092714e-06, Param MSE = 1.092804e-05, Grad norm = 3.590520e-07, Beta update rate = 1.282082e-08
Epoch 235600 (4.7%): Train pred MSE = 3.051535e-09, Test pred MSE = 1.092690e-06, Param MSE = 1.092780e-05, Grad norm = 3.582507e-07, Beta update rate = 1.279054e-08
Epoch 235800 (4.7%): Train pred MSE = 3.038730e-09, Test pred MSE = 1.092667e-06, Param MSE = 1.092757e-05, Grad norm = 3.574514e-07, Beta update rate = 1.276033e-08
Epoch 236000 (4.7%): Train pred MSE = 3.025981e-09, Test pred MSE = 1.092643e-06, Param MSE = 1.092733e-05, Grad norm = 3.566542e-07, Beta update rate = 1.273021e-08
Epoch 236200 (4.7%): Train pred MSE = 3.013290e-09, Test pred MSE = 1.092620e-06, Param MSE = 1.092709e-05, Grad norm = 3.558590e-07, Beta update rate = 1.270017e-08
Epoch 236400 (4.7%): Train pred MSE = 3.000654e-09, Test pred MSE = 1.092596e-06, Param MSE = 1.092685e-05, Grad norm = 3.550658e-07, Beta update rate = 1.267021e-08
Epoch 236600 (4.7%): Train pred MSE = 2.988076e-09, Test pred MSE = 1.092573e-06, Param MSE = 1.092662e-05, Grad norm = 3.542747e-07, Beta update rate = 1.264033e-08
Epoch 236800 (4.7%): Train pred MSE = 2.975553e-09, Test pred MSE = 1.092549e-06, Param MSE = 1.092638e-05, Grad norm = 3.534856e-07, Beta update rate = 1.261054e-08
Epoch 237000 (4.7%): Train pred MSE = 2.963085e-09, Test pred MSE = 1.092526e-06, Param MSE = 1.092615e-05, Grad norm = 3.526984e-07, Beta update rate = 1.258082e-08
Epoch 237200 (4.7%): Train pred MSE = 2.950674e-09, Test pred MSE = 1.092503e-06, Param MSE = 1.092591e-05, Grad norm = 3.519133e-07, Beta update rate = 1.255119e-08
Epoch 237400 (4.7%): Train pred MSE = 2.938317e-09, Test pred MSE = 1.092480e-06, Param MSE = 1.092568e-05, Grad norm = 3.511302e-07, Beta update rate = 1.252164e-08
Epoch 237600 (4.8%): Train pred MSE = 2.926016e-09, Test pred MSE = 1.092457e-06, Param MSE = 1.092545e-05, Grad norm = 3.503491e-07, Beta update rate = 1.249217e-08
Epoch 237800 (4.8%): Train pred MSE = 2.913769e-09, Test pred MSE = 1.092434e-06, Param MSE = 1.092522e-05, Grad norm = 3.495700e-07, Beta update rate = 1.246278e-08
Epoch 238000 (4.8%): Train pred MSE = 2.901576e-09, Test pred MSE = 1.092411e-06, Param MSE = 1.092498e-05, Grad norm = 3.487928e-07, Beta update rate = 1.243347e-08
Epoch 238200 (4.8%): Train pred MSE = 2.889438e-09, Test pred MSE = 1.092388e-06, Param MSE = 1.092475e-05, Grad norm = 3.480176e-07, Beta update rate = 1.240425e-08
Epoch 238400 (4.8%): Train pred MSE = 2.877353e-09, Test pred MSE = 1.092365e-06, Param MSE = 1.092452e-05, Grad norm = 3.472444e-07, Beta update rate = 1.237510e-08
Epoch 238600 (4.8%): Train pred MSE = 2.865322e-09, Test pred MSE = 1.092342e-06, Param MSE = 1.092429e-05, Grad norm = 3.464731e-07, Beta update rate = 1.234603e-08
Epoch 238800 (4.8%): Train pred MSE = 2.853345e-09, Test pred MSE = 1.092320e-06, Param MSE = 1.092407e-05, Grad norm = 3.457039e-07, Beta update rate = 1.231703e-08
Epoch 239000 (4.8%): Train pred MSE = 2.841420e-09, Test pred MSE = 1.092297e-06, Param MSE = 1.092384e-05, Grad norm = 3.449365e-07, Beta update rate = 1.228812e-08
Epoch 239200 (4.8%): Train pred MSE = 2.829549e-09, Test pred MSE = 1.092274e-06, Param MSE = 1.092361e-05, Grad norm = 3.441711e-07, Beta update rate = 1.225929e-08
Epoch 239400 (4.8%): Train pred MSE = 2.817730e-09, Test pred MSE = 1.092252e-06, Param MSE = 1.092338e-05, Grad norm = 3.434077e-07, Beta update rate = 1.223054e-08
Epoch 239600 (4.8%): Train pred MSE = 2.805963e-09, Test pred MSE = 1.092229e-06, Param MSE = 1.092316e-05, Grad norm = 3.426461e-07, Beta update rate = 1.220186e-08
Epoch 239800 (4.8%): Train pred MSE = 2.794249e-09, Test pred MSE = 1.092207e-06, Param MSE = 1.092293e-05, Grad norm = 3.418865e-07, Beta update rate = 1.217326e-08
Epoch 240000 (4.8%): Train pred MSE = 2.782586e-09, Test pred MSE = 1.092185e-06, Param MSE = 1.092271e-05, Grad norm = 3.411289e-07, Beta update rate = 1.214474e-08
Epoch 240200 (4.8%): Train pred MSE = 2.770975e-09, Test pred MSE = 1.092163e-06, Param MSE = 1.092248e-05, Grad norm = 3.403731e-07, Beta update rate = 1.211630e-08
Epoch 240400 (4.8%): Train pred MSE = 2.759416e-09, Test pred MSE = 1.092140e-06, Param MSE = 1.092226e-05, Grad norm = 3.396193e-07, Beta update rate = 1.208793e-08
Epoch 240600 (4.8%): Train pred MSE = 2.747907e-09, Test pred MSE = 1.092118e-06, Param MSE = 1.092204e-05, Grad norm = 3.388673e-07, Beta update rate = 1.205964e-08
Epoch 240800 (4.8%): Train pred MSE = 2.736450e-09, Test pred MSE = 1.092096e-06, Param MSE = 1.092182e-05, Grad norm = 3.381173e-07, Beta update rate = 1.203143e-08
Epoch 241000 (4.8%): Train pred MSE = 2.725043e-09, Test pred MSE = 1.092074e-06, Param MSE = 1.092159e-05, Grad norm = 3.373691e-07, Beta update rate = 1.200329e-08
Epoch 241200 (4.8%): Train pred MSE = 2.713687e-09, Test pred MSE = 1.092052e-06, Param MSE = 1.092137e-05, Grad norm = 3.366229e-07, Beta update rate = 1.197523e-08
Epoch 241400 (4.8%): Train pred MSE = 2.702380e-09, Test pred MSE = 1.092030e-06, Param MSE = 1.092115e-05, Grad norm = 3.358785e-07, Beta update rate = 1.194724e-08
Epoch 241600 (4.8%): Train pred MSE = 2.691124e-09, Test pred MSE = 1.092009e-06, Param MSE = 1.092093e-05, Grad norm = 3.351360e-07, Beta update rate = 1.191934e-08
Epoch 241800 (4.8%): Train pred MSE = 2.679918e-09, Test pred MSE = 1.091987e-06, Param MSE = 1.092071e-05, Grad norm = 3.343954e-07, Beta update rate = 1.189150e-08
Epoch 242000 (4.8%): Train pred MSE = 2.668760e-09, Test pred MSE = 1.091965e-06, Param MSE = 1.092050e-05, Grad norm = 3.336566e-07, Beta update rate = 1.186374e-08
Epoch 242200 (4.8%): Train pred MSE = 2.657652e-09, Test pred MSE = 1.091944e-06, Param MSE = 1.092028e-05, Grad norm = 3.329197e-07, Beta update rate = 1.183606e-08
Epoch 242400 (4.8%): Train pred MSE = 2.646594e-09, Test pred MSE = 1.091922e-06, Param MSE = 1.092006e-05, Grad norm = 3.321846e-07, Beta update rate = 1.180845e-08
Epoch 242600 (4.9%): Train pred MSE = 2.635583e-09, Test pred MSE = 1.091901e-06, Param MSE = 1.091984e-05, Grad norm = 3.314514e-07, Beta update rate = 1.178092e-08
Epoch 242800 (4.9%): Train pred MSE = 2.624622e-09, Test pred MSE = 1.091879e-06, Param MSE = 1.091963e-05, Grad norm = 3.307201e-07, Beta update rate = 1.175346e-08
Epoch 243000 (4.9%): Train pred MSE = 2.613709e-09, Test pred MSE = 1.091858e-06, Param MSE = 1.091941e-05, Grad norm = 3.299906e-07, Beta update rate = 1.172607e-08
Epoch 243200 (4.9%): Train pred MSE = 2.602843e-09, Test pred MSE = 1.091837e-06, Param MSE = 1.091920e-05, Grad norm = 3.292629e-07, Beta update rate = 1.169876e-08
Epoch 243400 (4.9%): Train pred MSE = 2.592026e-09, Test pred MSE = 1.091815e-06, Param MSE = 1.091898e-05, Grad norm = 3.285370e-07, Beta update rate = 1.167152e-08
Epoch 243600 (4.9%): Train pred MSE = 2.581256e-09, Test pred MSE = 1.091794e-06, Param MSE = 1.091877e-05, Grad norm = 3.278130e-07, Beta update rate = 1.164436e-08
Epoch 243800 (4.9%): Train pred MSE = 2.570534e-09, Test pred MSE = 1.091773e-06, Param MSE = 1.091856e-05, Grad norm = 3.270908e-07, Beta update rate = 1.161727e-08
Epoch 244000 (4.9%): Train pred MSE = 2.559859e-09, Test pred MSE = 1.091752e-06, Param MSE = 1.091834e-05, Grad norm = 3.263704e-07, Beta update rate = 1.159025e-08
Epoch 244200 (4.9%): Train pred MSE = 2.549231e-09, Test pred MSE = 1.091731e-06, Param MSE = 1.091813e-05, Grad norm = 3.256518e-07, Beta update rate = 1.156330e-08
Epoch 244400 (4.9%): Train pred MSE = 2.538649e-09, Test pred MSE = 1.091710e-06, Param MSE = 1.091792e-05, Grad norm = 3.249350e-07, Beta update rate = 1.153643e-08
Epoch 244600 (4.9%): Train pred MSE = 2.528114e-09, Test pred MSE = 1.091689e-06, Param MSE = 1.091771e-05, Grad norm = 3.242200e-07, Beta update rate = 1.150962e-08
Epoch 244800 (4.9%): Train pred MSE = 2.517626e-09, Test pred MSE = 1.091668e-06, Param MSE = 1.091750e-05, Grad norm = 3.235068e-07, Beta update rate = 1.148289e-08
Epoch 245000 (4.9%): Train pred MSE = 2.507183e-09, Test pred MSE = 1.091648e-06, Param MSE = 1.091729e-05, Grad norm = 3.227954e-07, Beta update rate = 1.145623e-08
Epoch 245200 (4.9%): Train pred MSE = 2.496787e-09, Test pred MSE = 1.091627e-06, Param MSE = 1.091708e-05, Grad norm = 3.220858e-07, Beta update rate = 1.142965e-08
Epoch 245400 (4.9%): Train pred MSE = 2.486436e-09, Test pred MSE = 1.091606e-06, Param MSE = 1.091688e-05, Grad norm = 3.213779e-07, Beta update rate = 1.140313e-08
Epoch 245600 (4.9%): Train pred MSE = 2.476130e-09, Test pred MSE = 1.091586e-06, Param MSE = 1.091667e-05, Grad norm = 3.206718e-07, Beta update rate = 1.137669e-08
Epoch 245800 (4.9%): Train pred MSE = 2.465870e-09, Test pred MSE = 1.091565e-06, Param MSE = 1.091646e-05, Grad norm = 3.199675e-07, Beta update rate = 1.135031e-08
Epoch 246000 (4.9%): Train pred MSE = 2.455655e-09, Test pred MSE = 1.091545e-06, Param MSE = 1.091625e-05, Grad norm = 3.192649e-07, Beta update rate = 1.132401e-08
Epoch 246200 (4.9%): Train pred MSE = 2.445484e-09, Test pred MSE = 1.091524e-06, Param MSE = 1.091605e-05, Grad norm = 3.185641e-07, Beta update rate = 1.129778e-08
Epoch 246400 (4.9%): Train pred MSE = 2.435358e-09, Test pred MSE = 1.091504e-06, Param MSE = 1.091584e-05, Grad norm = 3.178650e-07, Beta update rate = 1.127161e-08
Epoch 246600 (4.9%): Train pred MSE = 2.425277e-09, Test pred MSE = 1.091484e-06, Param MSE = 1.091564e-05, Grad norm = 3.171677e-07, Beta update rate = 1.124552e-08
Epoch 246800 (4.9%): Train pred MSE = 2.415240e-09, Test pred MSE = 1.091463e-06, Param MSE = 1.091543e-05, Grad norm = 3.164721e-07, Beta update rate = 1.121950e-08
Epoch 247000 (4.9%): Train pred MSE = 2.405246e-09, Test pred MSE = 1.091443e-06, Param MSE = 1.091523e-05, Grad norm = 3.157783e-07, Beta update rate = 1.119354e-08
Epoch 247200 (4.9%): Train pred MSE = 2.395297e-09, Test pred MSE = 1.091423e-06, Param MSE = 1.091503e-05, Grad norm = 3.150862e-07, Beta update rate = 1.116766e-08
Epoch 247400 (4.9%): Train pred MSE = 2.385391e-09, Test pred MSE = 1.091403e-06, Param MSE = 1.091483e-05, Grad norm = 3.143958e-07, Beta update rate = 1.114184e-08
Epoch 247600 (5.0%): Train pred MSE = 2.375528e-09, Test pred MSE = 1.091383e-06, Param MSE = 1.091462e-05, Grad norm = 3.137071e-07, Beta update rate = 1.111609e-08
Epoch 247800 (5.0%): Train pred MSE = 2.365708e-09, Test pred MSE = 1.091363e-06, Param MSE = 1.091442e-05, Grad norm = 3.130202e-07, Beta update rate = 1.109041e-08
Epoch 248000 (5.0%): Train pred MSE = 2.355932e-09, Test pred MSE = 1.091343e-06, Param MSE = 1.091422e-05, Grad norm = 3.123349e-07, Beta update rate = 1.106480e-08
Epoch 248200 (5.0%): Train pred MSE = 2.346198e-09, Test pred MSE = 1.091323e-06, Param MSE = 1.091402e-05, Grad norm = 3.116514e-07, Beta update rate = 1.103926e-08
Epoch 248400 (5.0%): Train pred MSE = 2.336507e-09, Test pred MSE = 1.091304e-06, Param MSE = 1.091382e-05, Grad norm = 3.109695e-07, Beta update rate = 1.101379e-08
Epoch 248600 (5.0%): Train pred MSE = 2.326858e-09, Test pred MSE = 1.091284e-06, Param MSE = 1.091362e-05, Grad norm = 3.102894e-07, Beta update rate = 1.098838e-08
Epoch 248800 (5.0%): Train pred MSE = 2.317251e-09, Test pred MSE = 1.091264e-06, Param MSE = 1.091343e-05, Grad norm = 3.096109e-07, Beta update rate = 1.096304e-08
Epoch 249000 (5.0%): Train pred MSE = 2.307686e-09, Test pred MSE = 1.091245e-06, Param MSE = 1.091323e-05, Grad norm = 3.089341e-07, Beta update rate = 1.093777e-08
Epoch 249200 (5.0%): Train pred MSE = 2.298163e-09, Test pred MSE = 1.091225e-06, Param MSE = 1.091303e-05, Grad norm = 3.082590e-07, Beta update rate = 1.091257e-08
Epoch 249400 (5.0%): Train pred MSE = 2.288682e-09, Test pred MSE = 1.091206e-06, Param MSE = 1.091283e-05, Grad norm = 3.075856e-07, Beta update rate = 1.088743e-08
Epoch 249600 (5.0%): Train pred MSE = 2.279242e-09, Test pred MSE = 1.091186e-06, Param MSE = 1.091264e-05, Grad norm = 3.069139e-07, Beta update rate = 1.086236e-08
Epoch 249800 (5.0%): Train pred MSE = 2.269843e-09, Test pred MSE = 1.091167e-06, Param MSE = 1.091244e-05, Grad norm = 3.062438e-07, Beta update rate = 1.083735e-08
Epoch 250000 (5.0%): Train pred MSE = 2.260485e-09, Test pred MSE = 1.091147e-06, Param MSE = 1.091225e-05, Grad norm = 3.055754e-07, Beta update rate = 1.081241e-08
Epoch 250200 (5.0%): Train pred MSE = 2.251168e-09, Test pred MSE = 1.091128e-06, Param MSE = 1.091205e-05, Grad norm = 3.049086e-07, Beta update rate = 1.078754e-08
Epoch 250400 (5.0%): Train pred MSE = 2.241891e-09, Test pred MSE = 1.091109e-06, Param MSE = 1.091186e-05, Grad norm = 3.042435e-07, Beta update rate = 1.076273e-08
Epoch 250600 (5.0%): Train pred MSE = 2.232655e-09, Test pred MSE = 1.091090e-06, Param MSE = 1.091166e-05, Grad norm = 3.035800e-07, Beta update rate = 1.073799e-08
Epoch 250800 (5.0%): Train pred MSE = 2.223460e-09, Test pred MSE = 1.091071e-06, Param MSE = 1.091147e-05, Grad norm = 3.029182e-07, Beta update rate = 1.071332e-08
Epoch 251000 (5.0%): Train pred MSE = 2.214304e-09, Test pred MSE = 1.091052e-06, Param MSE = 1.091128e-05, Grad norm = 3.022580e-07, Beta update rate = 1.068871e-08
Epoch 251200 (5.0%): Train pred MSE = 2.205188e-09, Test pred MSE = 1.091032e-06, Param MSE = 1.091109e-05, Grad norm = 3.015994e-07, Beta update rate = 1.066416e-08
Epoch 251400 (5.0%): Train pred MSE = 2.196112e-09, Test pred MSE = 1.091014e-06, Param MSE = 1.091090e-05, Grad norm = 3.009425e-07, Beta update rate = 1.063968e-08
Epoch 251600 (5.0%): Train pred MSE = 2.187075e-09, Test pred MSE = 1.090995e-06, Param MSE = 1.091071e-05, Grad norm = 3.002872e-07, Beta update rate = 1.061526e-08
Epoch 251800 (5.0%): Train pred MSE = 2.178077e-09, Test pred MSE = 1.090976e-06, Param MSE = 1.091052e-05, Grad norm = 2.996335e-07, Beta update rate = 1.059091e-08
Epoch 252000 (5.0%): Train pred MSE = 2.169119e-09, Test pred MSE = 1.090957e-06, Param MSE = 1.091033e-05, Grad norm = 2.989814e-07, Beta update rate = 1.056662e-08
Epoch 252200 (5.0%): Train pred MSE = 2.160200e-09, Test pred MSE = 1.090938e-06, Param MSE = 1.091014e-05, Grad norm = 2.983309e-07, Beta update rate = 1.054240e-08
Epoch 252400 (5.0%): Train pred MSE = 2.151319e-09, Test pred MSE = 1.090920e-06, Param MSE = 1.090995e-05, Grad norm = 2.976821e-07, Beta update rate = 1.051824e-08
Epoch 252600 (5.1%): Train pred MSE = 2.142477e-09, Test pred MSE = 1.090901e-06, Param MSE = 1.090976e-05, Grad norm = 2.970348e-07, Beta update rate = 1.049415e-08
Epoch 252800 (5.1%): Train pred MSE = 2.133673e-09, Test pred MSE = 1.090882e-06, Param MSE = 1.090957e-05, Grad norm = 2.963891e-07, Beta update rate = 1.047011e-08
Epoch 253000 (5.1%): Train pred MSE = 2.124908e-09, Test pred MSE = 1.090864e-06, Param MSE = 1.090938e-05, Grad norm = 2.957450e-07, Beta update rate = 1.044614e-08
Epoch 253200 (5.1%): Train pred MSE = 2.116180e-09, Test pred MSE = 1.090845e-06, Param MSE = 1.090920e-05, Grad norm = 2.951025e-07, Beta update rate = 1.042224e-08
Epoch 253400 (5.1%): Train pred MSE = 2.107491e-09, Test pred MSE = 1.090827e-06, Param MSE = 1.090901e-05, Grad norm = 2.944616e-07, Beta update rate = 1.039839e-08
Epoch 253600 (5.1%): Train pred MSE = 2.098839e-09, Test pred MSE = 1.090808e-06, Param MSE = 1.090883e-05, Grad norm = 2.938223e-07, Beta update rate = 1.037461e-08
Epoch 253800 (5.1%): Train pred MSE = 2.090225e-09, Test pred MSE = 1.090790e-06, Param MSE = 1.090864e-05, Grad norm = 2.931845e-07, Beta update rate = 1.035089e-08
Epoch 254000 (5.1%): Train pred MSE = 2.081648e-09, Test pred MSE = 1.090772e-06, Param MSE = 1.090846e-05, Grad norm = 2.925483e-07, Beta update rate = 1.032724e-08
Epoch 254200 (5.1%): Train pred MSE = 2.073108e-09, Test pred MSE = 1.090754e-06, Param MSE = 1.090827e-05, Grad norm = 2.919137e-07, Beta update rate = 1.030364e-08
Epoch 254400 (5.1%): Train pred MSE = 2.064605e-09, Test pred MSE = 1.090735e-06, Param MSE = 1.090809e-05, Grad norm = 2.912806e-07, Beta update rate = 1.028011e-08
Epoch 254600 (5.1%): Train pred MSE = 2.056139e-09, Test pred MSE = 1.090717e-06, Param MSE = 1.090791e-05, Grad norm = 2.906491e-07, Beta update rate = 1.025664e-08
Epoch 254800 (5.1%): Train pred MSE = 2.047710e-09, Test pred MSE = 1.090699e-06, Param MSE = 1.090772e-05, Grad norm = 2.900191e-07, Beta update rate = 1.023323e-08
Epoch 255000 (5.1%): Train pred MSE = 2.039317e-09, Test pred MSE = 1.090681e-06, Param MSE = 1.090754e-05, Grad norm = 2.893907e-07, Beta update rate = 1.020988e-08
Epoch 255200 (5.1%): Train pred MSE = 2.030961e-09, Test pred MSE = 1.090663e-06, Param MSE = 1.090736e-05, Grad norm = 2.887638e-07, Beta update rate = 1.018659e-08
Epoch 255400 (5.1%): Train pred MSE = 2.022641e-09, Test pred MSE = 1.090645e-06, Param MSE = 1.090718e-05, Grad norm = 2.881384e-07, Beta update rate = 1.016337e-08
Epoch 255600 (5.1%): Train pred MSE = 2.014357e-09, Test pred MSE = 1.090627e-06, Param MSE = 1.090700e-05, Grad norm = 2.875146e-07, Beta update rate = 1.014020e-08
Epoch 255800 (5.1%): Train pred MSE = 2.006108e-09, Test pred MSE = 1.090610e-06, Param MSE = 1.090682e-05, Grad norm = 2.868923e-07, Beta update rate = 1.011710e-08
Epoch 256000 (5.1%): Train pred MSE = 1.997895e-09, Test pred MSE = 1.090592e-06, Param MSE = 1.090664e-05, Grad norm = 2.862716e-07, Beta update rate = 1.009405e-08
Epoch 256200 (5.1%): Train pred MSE = 1.989718e-09, Test pred MSE = 1.090574e-06, Param MSE = 1.090646e-05, Grad norm = 2.856523e-07, Beta update rate = 1.007107e-08
Epoch 256400 (5.1%): Train pred MSE = 1.981576e-09, Test pred MSE = 1.090556e-06, Param MSE = 1.090628e-05, Grad norm = 2.850346e-07, Beta update rate = 1.004814e-08
Epoch 256600 (5.1%): Train pred MSE = 1.973469e-09, Test pred MSE = 1.090539e-06, Param MSE = 1.090611e-05, Grad norm = 2.844184e-07, Beta update rate = 1.002528e-08
Epoch 256800 (5.1%): Train pred MSE = 1.965397e-09, Test pred MSE = 1.090521e-06, Param MSE = 1.090593e-05, Grad norm = 2.838037e-07, Beta update rate = 1.000247e-08
Epoch 257000 (5.1%): Train pred MSE = 1.957361e-09, Test pred MSE = 1.090504e-06, Param MSE = 1.090575e-05, Grad norm = 2.831905e-07, Beta update rate = 9.979729e-09
Epoch 257200 (5.1%): Train pred MSE = 1.949358e-09, Test pred MSE = 1.090486e-06, Param MSE = 1.090557e-05, Grad norm = 2.825787e-07, Beta update rate = 9.957042e-09
Epoch 257400 (5.1%): Train pred MSE = 1.941391e-09, Test pred MSE = 1.090469e-06, Param MSE = 1.090540e-05, Grad norm = 2.819685e-07, Beta update rate = 9.934415e-09
Epoch 257600 (5.2%): Train pred MSE = 1.933457e-09, Test pred MSE = 1.090451e-06, Param MSE = 1.090522e-05, Grad norm = 2.813598e-07, Beta update rate = 9.911847e-09
Epoch 257800 (5.2%): Train pred MSE = 1.925558e-09, Test pred MSE = 1.090434e-06, Param MSE = 1.090505e-05, Grad norm = 2.807525e-07, Beta update rate = 9.889337e-09
Epoch 258000 (5.2%): Train pred MSE = 1.917693e-09, Test pred MSE = 1.090417e-06, Param MSE = 1.090487e-05, Grad norm = 2.801468e-07, Beta update rate = 9.866886e-09
Epoch 258200 (5.2%): Train pred MSE = 1.909862e-09, Test pred MSE = 1.090400e-06, Param MSE = 1.090470e-05, Grad norm = 2.795425e-07, Beta update rate = 9.844493e-09
Epoch 258400 (5.2%): Train pred MSE = 1.902064e-09, Test pred MSE = 1.090382e-06, Param MSE = 1.090453e-05, Grad norm = 2.789397e-07, Beta update rate = 9.822158e-09
Epoch 258600 (5.2%): Train pred MSE = 1.894301e-09, Test pred MSE = 1.090365e-06, Param MSE = 1.090435e-05, Grad norm = 2.783383e-07, Beta update rate = 9.799881e-09
Epoch 258800 (5.2%): Train pred MSE = 1.886570e-09, Test pred MSE = 1.090348e-06, Param MSE = 1.090418e-05, Grad norm = 2.777384e-07, Beta update rate = 9.777662e-09
Epoch 259000 (5.2%): Train pred MSE = 1.878873e-09, Test pred MSE = 1.090331e-06, Param MSE = 1.090401e-05, Grad norm = 2.771400e-07, Beta update rate = 9.755501e-09
Epoch 259200 (5.2%): Train pred MSE = 1.871209e-09, Test pred MSE = 1.090314e-06, Param MSE = 1.090384e-05, Grad norm = 2.765431e-07, Beta update rate = 9.733397e-09
Epoch 259400 (5.2%): Train pred MSE = 1.863578e-09, Test pred MSE = 1.090297e-06, Param MSE = 1.090366e-05, Grad norm = 2.759475e-07, Beta update rate = 9.711350e-09
Epoch 259600 (5.2%): Train pred MSE = 1.855980e-09, Test pred MSE = 1.090280e-06, Param MSE = 1.090349e-05, Grad norm = 2.753535e-07, Beta update rate = 9.689361e-09
Epoch 259800 (5.2%): Train pred MSE = 1.848414e-09, Test pred MSE = 1.090263e-06, Param MSE = 1.090332e-05, Grad norm = 2.747609e-07, Beta update rate = 9.667428e-09
Epoch 260000 (5.2%): Train pred MSE = 1.840881e-09, Test pred MSE = 1.090247e-06, Param MSE = 1.090315e-05, Grad norm = 2.741697e-07, Beta update rate = 9.645552e-09
Epoch 260200 (5.2%): Train pred MSE = 1.833381e-09, Test pred MSE = 1.090230e-06, Param MSE = 1.090298e-05, Grad norm = 2.735799e-07, Beta update rate = 9.623733e-09
Epoch 260400 (5.2%): Train pred MSE = 1.825912e-09, Test pred MSE = 1.090213e-06, Param MSE = 1.090282e-05, Grad norm = 2.729916e-07, Beta update rate = 9.601970e-09
Epoch 260600 (5.2%): Train pred MSE = 1.818476e-09, Test pred MSE = 1.090196e-06, Param MSE = 1.090265e-05, Grad norm = 2.724047e-07, Beta update rate = 9.580264e-09
Epoch 260800 (5.2%): Train pred MSE = 1.811072e-09, Test pred MSE = 1.090180e-06, Param MSE = 1.090248e-05, Grad norm = 2.718193e-07, Beta update rate = 9.558613e-09
Epoch 261000 (5.2%): Train pred MSE = 1.803699e-09, Test pred MSE = 1.090163e-06, Param MSE = 1.090231e-05, Grad norm = 2.712352e-07, Beta update rate = 9.537019e-09
Epoch 261200 (5.2%): Train pred MSE = 1.796358e-09, Test pred MSE = 1.090147e-06, Param MSE = 1.090215e-05, Grad norm = 2.706526e-07, Beta update rate = 9.515480e-09
Epoch 261400 (5.2%): Train pred MSE = 1.789049e-09, Test pred MSE = 1.090130e-06, Param MSE = 1.090198e-05, Grad norm = 2.700714e-07, Beta update rate = 9.493997e-09
Epoch 261600 (5.2%): Train pred MSE = 1.781771e-09, Test pred MSE = 1.090114e-06, Param MSE = 1.090181e-05, Grad norm = 2.694916e-07, Beta update rate = 9.472569e-09
Epoch 261800 (5.2%): Train pred MSE = 1.774524e-09, Test pred MSE = 1.090097e-06, Param MSE = 1.090165e-05, Grad norm = 2.689132e-07, Beta update rate = 9.451196e-09
Epoch 262000 (5.2%): Train pred MSE = 1.767308e-09, Test pred MSE = 1.090081e-06, Param MSE = 1.090148e-05, Grad norm = 2.683361e-07, Beta update rate = 9.429878e-09
Epoch 262200 (5.2%): Train pred MSE = 1.760123e-09, Test pred MSE = 1.090065e-06, Param MSE = 1.090132e-05, Grad norm = 2.677605e-07, Beta update rate = 9.408616e-09
Epoch 262400 (5.2%): Train pred MSE = 1.752969e-09, Test pred MSE = 1.090048e-06, Param MSE = 1.090115e-05, Grad norm = 2.671863e-07, Beta update rate = 9.387408e-09
Epoch 262600 (5.3%): Train pred MSE = 1.745846e-09, Test pred MSE = 1.090032e-06, Param MSE = 1.090099e-05, Grad norm = 2.666135e-07, Beta update rate = 9.366254e-09
Epoch 262800 (5.3%): Train pred MSE = 1.738753e-09, Test pred MSE = 1.090016e-06, Param MSE = 1.090083e-05, Grad norm = 2.660420e-07, Beta update rate = 9.345155e-09
Epoch 263000 (5.3%): Train pred MSE = 1.731690e-09, Test pred MSE = 1.090000e-06, Param MSE = 1.090066e-05, Grad norm = 2.654720e-07, Beta update rate = 9.324110e-09
Epoch 263200 (5.3%): Train pred MSE = 1.724658e-09, Test pred MSE = 1.089984e-06, Param MSE = 1.090050e-05, Grad norm = 2.649033e-07, Beta update rate = 9.303120e-09
Epoch 263400 (5.3%): Train pred MSE = 1.717656e-09, Test pred MSE = 1.089968e-06, Param MSE = 1.090034e-05, Grad norm = 2.643360e-07, Beta update rate = 9.282183e-09
Epoch 263600 (5.3%): Train pred MSE = 1.710683e-09, Test pred MSE = 1.089952e-06, Param MSE = 1.090018e-05, Grad norm = 2.637700e-07, Beta update rate = 9.261300e-09
Epoch 263800 (5.3%): Train pred MSE = 1.703741e-09, Test pred MSE = 1.089936e-06, Param MSE = 1.090002e-05, Grad norm = 2.632054e-07, Beta update rate = 9.240470e-09
Epoch 264000 (5.3%): Train pred MSE = 1.696828e-09, Test pred MSE = 1.089920e-06, Param MSE = 1.089985e-05, Grad norm = 2.626422e-07, Beta update rate = 9.219694e-09
Epoch 264200 (5.3%): Train pred MSE = 1.689945e-09, Test pred MSE = 1.089904e-06, Param MSE = 1.089969e-05, Grad norm = 2.620804e-07, Beta update rate = 9.198972e-09
Epoch 264400 (5.3%): Train pred MSE = 1.683091e-09, Test pred MSE = 1.089888e-06, Param MSE = 1.089953e-05, Grad norm = 2.615198e-07, Beta update rate = 9.178302e-09
Epoch 264600 (5.3%): Train pred MSE = 1.676266e-09, Test pred MSE = 1.089872e-06, Param MSE = 1.089938e-05, Grad norm = 2.609607e-07, Beta update rate = 9.157685e-09
Epoch 264800 (5.3%): Train pred MSE = 1.669471e-09, Test pred MSE = 1.089857e-06, Param MSE = 1.089922e-05, Grad norm = 2.604029e-07, Beta update rate = 9.137121e-09
Epoch 265000 (5.3%): Train pred MSE = 1.662705e-09, Test pred MSE = 1.089841e-06, Param MSE = 1.089906e-05, Grad norm = 2.598464e-07, Beta update rate = 9.116610e-09
Epoch 265200 (5.3%): Train pred MSE = 1.655967e-09, Test pred MSE = 1.089825e-06, Param MSE = 1.089890e-05, Grad norm = 2.592913e-07, Beta update rate = 9.096151e-09
Epoch 265400 (5.3%): Train pred MSE = 1.649258e-09, Test pred MSE = 1.089810e-06, Param MSE = 1.089874e-05, Grad norm = 2.587375e-07, Beta update rate = 9.075744e-09
Epoch 265600 (5.3%): Train pred MSE = 1.642578e-09, Test pred MSE = 1.089794e-06, Param MSE = 1.089858e-05, Grad norm = 2.581850e-07, Beta update rate = 9.055390e-09
Epoch 265800 (5.3%): Train pred MSE = 1.635927e-09, Test pred MSE = 1.089779e-06, Param MSE = 1.089843e-05, Grad norm = 2.576339e-07, Beta update rate = 9.035088e-09
Epoch 266000 (5.3%): Train pred MSE = 1.629303e-09, Test pred MSE = 1.089763e-06, Param MSE = 1.089827e-05, Grad norm = 2.570840e-07, Beta update rate = 9.014837e-09
Epoch 266200 (5.3%): Train pred MSE = 1.622708e-09, Test pred MSE = 1.089748e-06, Param MSE = 1.089812e-05, Grad norm = 2.565355e-07, Beta update rate = 8.994638e-09
Epoch 266400 (5.3%): Train pred MSE = 1.616142e-09, Test pred MSE = 1.089732e-06, Param MSE = 1.089796e-05, Grad norm = 2.559884e-07, Beta update rate = 8.974491e-09
Epoch 266600 (5.3%): Train pred MSE = 1.609603e-09, Test pred MSE = 1.089717e-06, Param MSE = 1.089780e-05, Grad norm = 2.554425e-07, Beta update rate = 8.954395e-09
Epoch 266800 (5.3%): Train pred MSE = 1.603092e-09, Test pred MSE = 1.089702e-06, Param MSE = 1.089765e-05, Grad norm = 2.548979e-07, Beta update rate = 8.934350e-09
Epoch 267000 (5.3%): Train pred MSE = 1.596608e-09, Test pred MSE = 1.089686e-06, Param MSE = 1.089750e-05, Grad norm = 2.543547e-07, Beta update rate = 8.914357e-09
Epoch 267200 (5.3%): Train pred MSE = 1.590152e-09, Test pred MSE = 1.089671e-06, Param MSE = 1.089734e-05, Grad norm = 2.538127e-07, Beta update rate = 8.894414e-09
Epoch 267400 (5.3%): Train pred MSE = 1.583724e-09, Test pred MSE = 1.089656e-06, Param MSE = 1.089719e-05, Grad norm = 2.532721e-07, Beta update rate = 8.874522e-09
Epoch 267600 (5.4%): Train pred MSE = 1.577323e-09, Test pred MSE = 1.089641e-06, Param MSE = 1.089704e-05, Grad norm = 2.527327e-07, Beta update rate = 8.854681e-09
Epoch 267800 (5.4%): Train pred MSE = 1.570950e-09, Test pred MSE = 1.089626e-06, Param MSE = 1.089688e-05, Grad norm = 2.521947e-07, Beta update rate = 8.834890e-09
Epoch 268000 (5.4%): Train pred MSE = 1.564603e-09, Test pred MSE = 1.089611e-06, Param MSE = 1.089673e-05, Grad norm = 2.516579e-07, Beta update rate = 8.815150e-09
Epoch 268200 (5.4%): Train pred MSE = 1.558283e-09, Test pred MSE = 1.089596e-06, Param MSE = 1.089658e-05, Grad norm = 2.511224e-07, Beta update rate = 8.795459e-09
Epoch 268400 (5.4%): Train pred MSE = 1.551991e-09, Test pred MSE = 1.089581e-06, Param MSE = 1.089643e-05, Grad norm = 2.505882e-07, Beta update rate = 8.775819e-09
Epoch 268600 (5.4%): Train pred MSE = 1.545725e-09, Test pred MSE = 1.089566e-06, Param MSE = 1.089628e-05, Grad norm = 2.500552e-07, Beta update rate = 8.756229e-09
Epoch 268800 (5.4%): Train pred MSE = 1.539485e-09, Test pred MSE = 1.089551e-06, Param MSE = 1.089613e-05, Grad norm = 2.495236e-07, Beta update rate = 8.736688e-09
Epoch 269000 (5.4%): Train pred MSE = 1.533272e-09, Test pred MSE = 1.089536e-06, Param MSE = 1.089598e-05, Grad norm = 2.489932e-07, Beta update rate = 8.717197e-09
Epoch 269200 (5.4%): Train pred MSE = 1.527086e-09, Test pred MSE = 1.089521e-06, Param MSE = 1.089583e-05, Grad norm = 2.484641e-07, Beta update rate = 8.697755e-09
Epoch 269400 (5.4%): Train pred MSE = 1.520926e-09, Test pred MSE = 1.089506e-06, Param MSE = 1.089568e-05, Grad norm = 2.479362e-07, Beta update rate = 8.678363e-09
Epoch 269600 (5.4%): Train pred MSE = 1.514792e-09, Test pred MSE = 1.089492e-06, Param MSE = 1.089553e-05, Grad norm = 2.474096e-07, Beta update rate = 8.659020e-09
Epoch 269800 (5.4%): Train pred MSE = 1.508684e-09, Test pred MSE = 1.089477e-06, Param MSE = 1.089538e-05, Grad norm = 2.468842e-07, Beta update rate = 8.639725e-09
Epoch 270000 (5.4%): Train pred MSE = 1.502601e-09, Test pred MSE = 1.089462e-06, Param MSE = 1.089523e-05, Grad norm = 2.463601e-07, Beta update rate = 8.620480e-09
Epoch 270200 (5.4%): Train pred MSE = 1.496545e-09, Test pred MSE = 1.089448e-06, Param MSE = 1.089508e-05, Grad norm = 2.458373e-07, Beta update rate = 8.601283e-09
Epoch 270400 (5.4%): Train pred MSE = 1.490514e-09, Test pred MSE = 1.089433e-06, Param MSE = 1.089494e-05, Grad norm = 2.453157e-07, Beta update rate = 8.582135e-09
Epoch 270600 (5.4%): Train pred MSE = 1.484509e-09, Test pred MSE = 1.089419e-06, Param MSE = 1.089479e-05, Grad norm = 2.447953e-07, Beta update rate = 8.563035e-09
Epoch 270800 (5.4%): Train pred MSE = 1.478530e-09, Test pred MSE = 1.089404e-06, Param MSE = 1.089464e-05, Grad norm = 2.442762e-07, Beta update rate = 8.543984e-09
Epoch 271000 (5.4%): Train pred MSE = 1.472575e-09, Test pred MSE = 1.089390e-06, Param MSE = 1.089450e-05, Grad norm = 2.437583e-07, Beta update rate = 8.524981e-09
Epoch 271200 (5.4%): Train pred MSE = 1.466646e-09, Test pred MSE = 1.089375e-06, Param MSE = 1.089435e-05, Grad norm = 2.432417e-07, Beta update rate = 8.506025e-09
Epoch 271400 (5.4%): Train pred MSE = 1.460742e-09, Test pred MSE = 1.089361e-06, Param MSE = 1.089421e-05, Grad norm = 2.427262e-07, Beta update rate = 8.487118e-09
Epoch 271600 (5.4%): Train pred MSE = 1.454863e-09, Test pred MSE = 1.089347e-06, Param MSE = 1.089406e-05, Grad norm = 2.422120e-07, Beta update rate = 8.468258e-09
Epoch 271800 (5.4%): Train pred MSE = 1.449009e-09, Test pred MSE = 1.089332e-06, Param MSE = 1.089392e-05, Grad norm = 2.416991e-07, Beta update rate = 8.449446e-09
Epoch 272000 (5.4%): Train pred MSE = 1.443179e-09, Test pred MSE = 1.089318e-06, Param MSE = 1.089377e-05, Grad norm = 2.411873e-07, Beta update rate = 8.430681e-09
Epoch 272200 (5.4%): Train pred MSE = 1.437375e-09, Test pred MSE = 1.089304e-06, Param MSE = 1.089363e-05, Grad norm = 2.406768e-07, Beta update rate = 8.411964e-09
Epoch 272400 (5.4%): Train pred MSE = 1.431595e-09, Test pred MSE = 1.089290e-06, Param MSE = 1.089348e-05, Grad norm = 2.401674e-07, Beta update rate = 8.393293e-09
Epoch 272600 (5.5%): Train pred MSE = 1.425839e-09, Test pred MSE = 1.089275e-06, Param MSE = 1.089334e-05, Grad norm = 2.396593e-07, Beta update rate = 8.374670e-09
Epoch 272800 (5.5%): Train pred MSE = 1.420107e-09, Test pred MSE = 1.089261e-06, Param MSE = 1.089320e-05, Grad norm = 2.391524e-07, Beta update rate = 8.356094e-09
Epoch 273000 (5.5%): Train pred MSE = 1.414400e-09, Test pred MSE = 1.089247e-06, Param MSE = 1.089306e-05, Grad norm = 2.386467e-07, Beta update rate = 8.337564e-09
Epoch 273200 (5.5%): Train pred MSE = 1.408717e-09, Test pred MSE = 1.089233e-06, Param MSE = 1.089291e-05, Grad norm = 2.381422e-07, Beta update rate = 8.319081e-09
Epoch 273400 (5.5%): Train pred MSE = 1.403058e-09, Test pred MSE = 1.089219e-06, Param MSE = 1.089277e-05, Grad norm = 2.376388e-07, Beta update rate = 8.300644e-09
Epoch 273600 (5.5%): Train pred MSE = 1.397423e-09, Test pred MSE = 1.089205e-06, Param MSE = 1.089263e-05, Grad norm = 2.371367e-07, Beta update rate = 8.282254e-09
Epoch 273800 (5.5%): Train pred MSE = 1.391811e-09, Test pred MSE = 1.089191e-06, Param MSE = 1.089249e-05, Grad norm = 2.366358e-07, Beta update rate = 8.263910e-09
Epoch 274000 (5.5%): Train pred MSE = 1.386224e-09, Test pred MSE = 1.089177e-06, Param MSE = 1.089235e-05, Grad norm = 2.361360e-07, Beta update rate = 8.245612e-09
Epoch 274200 (5.5%): Train pred MSE = 1.380659e-09, Test pred MSE = 1.089164e-06, Param MSE = 1.089221e-05, Grad norm = 2.356374e-07, Beta update rate = 8.227360e-09
Epoch 274400 (5.5%): Train pred MSE = 1.375119e-09, Test pred MSE = 1.089150e-06, Param MSE = 1.089207e-05, Grad norm = 2.351401e-07, Beta update rate = 8.209153e-09
Epoch 274600 (5.5%): Train pred MSE = 1.369601e-09, Test pred MSE = 1.089136e-06, Param MSE = 1.089193e-05, Grad norm = 2.346438e-07, Beta update rate = 8.190993e-09
Epoch 274800 (5.5%): Train pred MSE = 1.364107e-09, Test pred MSE = 1.089122e-06, Param MSE = 1.089179e-05, Grad norm = 2.341488e-07, Beta update rate = 8.172878e-09
Epoch 275000 (5.5%): Train pred MSE = 1.358636e-09, Test pred MSE = 1.089109e-06, Param MSE = 1.089165e-05, Grad norm = 2.336549e-07, Beta update rate = 8.154808e-09
Epoch 275200 (5.5%): Train pred MSE = 1.353189e-09, Test pred MSE = 1.089095e-06, Param MSE = 1.089152e-05, Grad norm = 2.331622e-07, Beta update rate = 8.136783e-09
Epoch 275400 (5.5%): Train pred MSE = 1.347764e-09, Test pred MSE = 1.089081e-06, Param MSE = 1.089138e-05, Grad norm = 2.326707e-07, Beta update rate = 8.118804e-09
Epoch 275600 (5.5%): Train pred MSE = 1.342362e-09, Test pred MSE = 1.089068e-06, Param MSE = 1.089124e-05, Grad norm = 2.321803e-07, Beta update rate = 8.100870e-09
Epoch 275800 (5.5%): Train pred MSE = 1.336982e-09, Test pred MSE = 1.089054e-06, Param MSE = 1.089110e-05, Grad norm = 2.316911e-07, Beta update rate = 8.082980e-09
Epoch 276000 (5.5%): Train pred MSE = 1.331626e-09, Test pred MSE = 1.089041e-06, Param MSE = 1.089097e-05, Grad norm = 2.312030e-07, Beta update rate = 8.065135e-09
Epoch 276200 (5.5%): Train pred MSE = 1.326291e-09, Test pred MSE = 1.089027e-06, Param MSE = 1.089083e-05, Grad norm = 2.307161e-07, Beta update rate = 8.047335e-09
Epoch 276400 (5.5%): Train pred MSE = 1.320980e-09, Test pred MSE = 1.089014e-06, Param MSE = 1.089070e-05, Grad norm = 2.302303e-07, Beta update rate = 8.029580e-09
Epoch 276600 (5.5%): Train pred MSE = 1.315690e-09, Test pred MSE = 1.089000e-06, Param MSE = 1.089056e-05, Grad norm = 2.297457e-07, Beta update rate = 8.011868e-09
Epoch 276800 (5.5%): Train pred MSE = 1.310423e-09, Test pred MSE = 1.088987e-06, Param MSE = 1.089042e-05, Grad norm = 2.292622e-07, Beta update rate = 7.994201e-09
Epoch 277000 (5.5%): Train pred MSE = 1.305178e-09, Test pred MSE = 1.088974e-06, Param MSE = 1.089029e-05, Grad norm = 2.287798e-07, Beta update rate = 7.976578e-09
Epoch 277200 (5.5%): Train pred MSE = 1.299955e-09, Test pred MSE = 1.088960e-06, Param MSE = 1.089016e-05, Grad norm = 2.282986e-07, Beta update rate = 7.958999e-09
Epoch 277400 (5.5%): Train pred MSE = 1.294754e-09, Test pred MSE = 1.088947e-06, Param MSE = 1.089002e-05, Grad norm = 2.278185e-07, Beta update rate = 7.941464e-09
Epoch 277600 (5.6%): Train pred MSE = 1.289575e-09, Test pred MSE = 1.088934e-06, Param MSE = 1.088989e-05, Grad norm = 2.273396e-07, Beta update rate = 7.923972e-09
Epoch 277800 (5.6%): Train pred MSE = 1.284418e-09, Test pred MSE = 1.088921e-06, Param MSE = 1.088975e-05, Grad norm = 2.268617e-07, Beta update rate = 7.906524e-09
Epoch 278000 (5.6%): Train pred MSE = 1.279282e-09, Test pred MSE = 1.088908e-06, Param MSE = 1.088962e-05, Grad norm = 2.263850e-07, Beta update rate = 7.889120e-09
Epoch 278200 (5.6%): Train pred MSE = 1.274168e-09, Test pred MSE = 1.088894e-06, Param MSE = 1.088949e-05, Grad norm = 2.259094e-07, Beta update rate = 7.871758e-09
Epoch 278400 (5.6%): Train pred MSE = 1.269075e-09, Test pred MSE = 1.088881e-06, Param MSE = 1.088936e-05, Grad norm = 2.254350e-07, Beta update rate = 7.854440e-09
Epoch 278600 (5.6%): Train pred MSE = 1.264004e-09, Test pred MSE = 1.088868e-06, Param MSE = 1.088922e-05, Grad norm = 2.249616e-07, Beta update rate = 7.837165e-09
Epoch 278800 (5.6%): Train pred MSE = 1.258954e-09, Test pred MSE = 1.088855e-06, Param MSE = 1.088909e-05, Grad norm = 2.244894e-07, Beta update rate = 7.819933e-09
Epoch 279000 (5.6%): Train pred MSE = 1.253925e-09, Test pred MSE = 1.088842e-06, Param MSE = 1.088896e-05, Grad norm = 2.240182e-07, Beta update rate = 7.802744e-09
Epoch 279200 (5.6%): Train pred MSE = 1.248917e-09, Test pred MSE = 1.088829e-06, Param MSE = 1.088883e-05, Grad norm = 2.235482e-07, Beta update rate = 7.785598e-09
Epoch 279400 (5.6%): Train pred MSE = 1.243930e-09, Test pred MSE = 1.088816e-06, Param MSE = 1.088870e-05, Grad norm = 2.230793e-07, Beta update rate = 7.768494e-09
Epoch 279600 (5.6%): Train pred MSE = 1.238964e-09, Test pred MSE = 1.088804e-06, Param MSE = 1.088857e-05, Grad norm = 2.226115e-07, Beta update rate = 7.751433e-09
Epoch 279800 (5.6%): Train pred MSE = 1.234019e-09, Test pred MSE = 1.088791e-06, Param MSE = 1.088844e-05, Grad norm = 2.221447e-07, Beta update rate = 7.734414e-09
Epoch 280000 (5.6%): Train pred MSE = 1.229095e-09, Test pred MSE = 1.088778e-06, Param MSE = 1.088831e-05, Grad norm = 2.216791e-07, Beta update rate = 7.717437e-09
Epoch 280200 (5.6%): Train pred MSE = 1.224191e-09, Test pred MSE = 1.088765e-06, Param MSE = 1.088818e-05, Grad norm = 2.212145e-07, Beta update rate = 7.700502e-09
Epoch 280400 (5.6%): Train pred MSE = 1.219308e-09, Test pred MSE = 1.088752e-06, Param MSE = 1.088805e-05, Grad norm = 2.207511e-07, Beta update rate = 7.683609e-09
Epoch 280600 (5.6%): Train pred MSE = 1.214445e-09, Test pred MSE = 1.088740e-06, Param MSE = 1.088792e-05, Grad norm = 2.202887e-07, Beta update rate = 7.666758e-09
Epoch 280800 (5.6%): Train pred MSE = 1.209602e-09, Test pred MSE = 1.088727e-06, Param MSE = 1.088780e-05, Grad norm = 2.198274e-07, Beta update rate = 7.649949e-09
Epoch 281000 (5.6%): Train pred MSE = 1.204780e-09, Test pred MSE = 1.088714e-06, Param MSE = 1.088767e-05, Grad norm = 2.193672e-07, Beta update rate = 7.633181e-09
Epoch 281200 (5.6%): Train pred MSE = 1.199978e-09, Test pred MSE = 1.088702e-06, Param MSE = 1.088754e-05, Grad norm = 2.189080e-07, Beta update rate = 7.616455e-09
Epoch 281400 (5.6%): Train pred MSE = 1.195196e-09, Test pred MSE = 1.088689e-06, Param MSE = 1.088741e-05, Grad norm = 2.184500e-07, Beta update rate = 7.599771e-09
Epoch 281600 (5.6%): Train pred MSE = 1.190434e-09, Test pred MSE = 1.088677e-06, Param MSE = 1.088729e-05, Grad norm = 2.179930e-07, Beta update rate = 7.583127e-09
Epoch 281800 (5.6%): Train pred MSE = 1.185692e-09, Test pred MSE = 1.088664e-06, Param MSE = 1.088716e-05, Grad norm = 2.175370e-07, Beta update rate = 7.566525e-09
Epoch 282000 (5.6%): Train pred MSE = 1.180970e-09, Test pred MSE = 1.088652e-06, Param MSE = 1.088703e-05, Grad norm = 2.170822e-07, Beta update rate = 7.549963e-09
Epoch 282200 (5.6%): Train pred MSE = 1.176267e-09, Test pred MSE = 1.088639e-06, Param MSE = 1.088691e-05, Grad norm = 2.166284e-07, Beta update rate = 7.533443e-09
Epoch 282400 (5.6%): Train pred MSE = 1.171584e-09, Test pred MSE = 1.088627e-06, Param MSE = 1.088678e-05, Grad norm = 2.161756e-07, Beta update rate = 7.516963e-09
Epoch 282600 (5.7%): Train pred MSE = 1.166921e-09, Test pred MSE = 1.088615e-06, Param MSE = 1.088666e-05, Grad norm = 2.157239e-07, Beta update rate = 7.500524e-09
Epoch 282800 (5.7%): Train pred MSE = 1.162277e-09, Test pred MSE = 1.088602e-06, Param MSE = 1.088653e-05, Grad norm = 2.152733e-07, Beta update rate = 7.484126e-09
Epoch 283000 (5.7%): Train pred MSE = 1.157653e-09, Test pred MSE = 1.088590e-06, Param MSE = 1.088641e-05, Grad norm = 2.148237e-07, Beta update rate = 7.467768e-09
Epoch 283200 (5.7%): Train pred MSE = 1.153047e-09, Test pred MSE = 1.088578e-06, Param MSE = 1.088628e-05, Grad norm = 2.143751e-07, Beta update rate = 7.451450e-09
Epoch 283400 (5.7%): Train pred MSE = 1.148461e-09, Test pred MSE = 1.088565e-06, Param MSE = 1.088616e-05, Grad norm = 2.139276e-07, Beta update rate = 7.435173e-09
Epoch 283600 (5.7%): Train pred MSE = 1.143895e-09, Test pred MSE = 1.088553e-06, Param MSE = 1.088604e-05, Grad norm = 2.134812e-07, Beta update rate = 7.418935e-09
Epoch 283800 (5.7%): Train pred MSE = 1.139347e-09, Test pred MSE = 1.088541e-06, Param MSE = 1.088591e-05, Grad norm = 2.130358e-07, Beta update rate = 7.402738e-09
Epoch 284000 (5.7%): Train pred MSE = 1.134818e-09, Test pred MSE = 1.088529e-06, Param MSE = 1.088579e-05, Grad norm = 2.125914e-07, Beta update rate = 7.386580e-09
Epoch 284200 (5.7%): Train pred MSE = 1.130308e-09, Test pred MSE = 1.088517e-06, Param MSE = 1.088567e-05, Grad norm = 2.121480e-07, Beta update rate = 7.370463e-09
Epoch 284400 (5.7%): Train pred MSE = 1.125817e-09, Test pred MSE = 1.088505e-06, Param MSE = 1.088555e-05, Grad norm = 2.117057e-07, Beta update rate = 7.354385e-09
Epoch 284600 (5.7%): Train pred MSE = 1.121344e-09, Test pred MSE = 1.088493e-06, Param MSE = 1.088542e-05, Grad norm = 2.112644e-07, Beta update rate = 7.338346e-09
Epoch 284800 (5.7%): Train pred MSE = 1.116890e-09, Test pred MSE = 1.088481e-06, Param MSE = 1.088530e-05, Grad norm = 2.108242e-07, Beta update rate = 7.322347e-09
Epoch 285000 (5.7%): Train pred MSE = 1.112455e-09, Test pred MSE = 1.088469e-06, Param MSE = 1.088518e-05, Grad norm = 2.103849e-07, Beta update rate = 7.306387e-09
Epoch 285200 (5.7%): Train pred MSE = 1.108038e-09, Test pred MSE = 1.088457e-06, Param MSE = 1.088506e-05, Grad norm = 2.099467e-07, Beta update rate = 7.290466e-09
Epoch 285400 (5.7%): Train pred MSE = 1.103639e-09, Test pred MSE = 1.088445e-06, Param MSE = 1.088494e-05, Grad norm = 2.095095e-07, Beta update rate = 7.274584e-09
Epoch 285600 (5.7%): Train pred MSE = 1.099259e-09, Test pred MSE = 1.088433e-06, Param MSE = 1.088482e-05, Grad norm = 2.090733e-07, Beta update rate = 7.258742e-09
Epoch 285800 (5.7%): Train pred MSE = 1.094897e-09, Test pred MSE = 1.088421e-06, Param MSE = 1.088470e-05, Grad norm = 2.086381e-07, Beta update rate = 7.242938e-09
Epoch 286000 (5.7%): Train pred MSE = 1.090553e-09, Test pred MSE = 1.088409e-06, Param MSE = 1.088458e-05, Grad norm = 2.082040e-07, Beta update rate = 7.227173e-09
Epoch 286200 (5.7%): Train pred MSE = 1.086228e-09, Test pred MSE = 1.088398e-06, Param MSE = 1.088446e-05, Grad norm = 2.077708e-07, Beta update rate = 7.211446e-09
Epoch 286400 (5.7%): Train pred MSE = 1.081920e-09, Test pred MSE = 1.088386e-06, Param MSE = 1.088434e-05, Grad norm = 2.073386e-07, Beta update rate = 7.195758e-09
Epoch 286600 (5.7%): Train pred MSE = 1.077630e-09, Test pred MSE = 1.088374e-06, Param MSE = 1.088422e-05, Grad norm = 2.069075e-07, Beta update rate = 7.180109e-09
Epoch 286800 (5.7%): Train pred MSE = 1.073358e-09, Test pred MSE = 1.088362e-06, Param MSE = 1.088410e-05, Grad norm = 2.064773e-07, Beta update rate = 7.164497e-09
Epoch 287000 (5.7%): Train pred MSE = 1.069103e-09, Test pred MSE = 1.088351e-06, Param MSE = 1.088399e-05, Grad norm = 2.060481e-07, Beta update rate = 7.148924e-09
Epoch 287200 (5.7%): Train pred MSE = 1.064867e-09, Test pred MSE = 1.088339e-06, Param MSE = 1.088387e-05, Grad norm = 2.056200e-07, Beta update rate = 7.133389e-09
Epoch 287400 (5.7%): Train pred MSE = 1.060647e-09, Test pred MSE = 1.088327e-06, Param MSE = 1.088375e-05, Grad norm = 2.051928e-07, Beta update rate = 7.117892e-09
Epoch 287600 (5.8%): Train pred MSE = 1.056446e-09, Test pred MSE = 1.088316e-06, Param MSE = 1.088363e-05, Grad norm = 2.047666e-07, Beta update rate = 7.102433e-09
Epoch 287800 (5.8%): Train pred MSE = 1.052262e-09, Test pred MSE = 1.088304e-06, Param MSE = 1.088352e-05, Grad norm = 2.043414e-07, Beta update rate = 7.087012e-09
Epoch 288000 (5.8%): Train pred MSE = 1.048095e-09, Test pred MSE = 1.088293e-06, Param MSE = 1.088340e-05, Grad norm = 2.039171e-07, Beta update rate = 7.071628e-09
Epoch 288200 (5.8%): Train pred MSE = 1.043945e-09, Test pred MSE = 1.088281e-06, Param MSE = 1.088328e-05, Grad norm = 2.034939e-07, Beta update rate = 7.056282e-09
Epoch 288400 (5.8%): Train pred MSE = 1.039813e-09, Test pred MSE = 1.088270e-06, Param MSE = 1.088317e-05, Grad norm = 2.030716e-07, Beta update rate = 7.040974e-09
Epoch 288600 (5.8%): Train pred MSE = 1.035698e-09, Test pred MSE = 1.088258e-06, Param MSE = 1.088305e-05, Grad norm = 2.026503e-07, Beta update rate = 7.025702e-09
Epoch 288800 (5.8%): Train pred MSE = 1.031600e-09, Test pred MSE = 1.088247e-06, Param MSE = 1.088294e-05, Grad norm = 2.022300e-07, Beta update rate = 7.010468e-09
Epoch 289000 (5.8%): Train pred MSE = 1.027519e-09, Test pred MSE = 1.088236e-06, Param MSE = 1.088282e-05, Grad norm = 2.018106e-07, Beta update rate = 6.995271e-09
Epoch 289200 (5.8%): Train pred MSE = 1.023454e-09, Test pred MSE = 1.088224e-06, Param MSE = 1.088271e-05, Grad norm = 2.013923e-07, Beta update rate = 6.980111e-09
Epoch 289400 (5.8%): Train pred MSE = 1.019407e-09, Test pred MSE = 1.088213e-06, Param MSE = 1.088259e-05, Grad norm = 2.009748e-07, Beta update rate = 6.964988e-09
Epoch 289600 (5.8%): Train pred MSE = 1.015376e-09, Test pred MSE = 1.088202e-06, Param MSE = 1.088248e-05, Grad norm = 2.005584e-07, Beta update rate = 6.949902e-09
Epoch 289800 (5.8%): Train pred MSE = 1.011362e-09, Test pred MSE = 1.088191e-06, Param MSE = 1.088236e-05, Grad norm = 2.001429e-07, Beta update rate = 6.934853e-09
Epoch 290000 (5.8%): Train pred MSE = 1.007365e-09, Test pred MSE = 1.088179e-06, Param MSE = 1.088225e-05, Grad norm = 1.997283e-07, Beta update rate = 6.919840e-09
Epoch 290200 (5.8%): Train pred MSE = 1.003384e-09, Test pred MSE = 1.088168e-06, Param MSE = 1.088214e-05, Grad norm = 1.993147e-07, Beta update rate = 6.904863e-09
Epoch 290400 (5.8%): Train pred MSE = 9.994198e-10, Test pred MSE = 1.088157e-06, Param MSE = 1.088202e-05, Grad norm = 1.989021e-07, Beta update rate = 6.889924e-09
Epoch 290600 (5.8%): Train pred MSE = 9.954718e-10, Test pred MSE = 1.088146e-06, Param MSE = 1.088191e-05, Grad norm = 1.984904e-07, Beta update rate = 6.875020e-09
Epoch 290800 (5.8%): Train pred MSE = 9.915402e-10, Test pred MSE = 1.088135e-06, Param MSE = 1.088180e-05, Grad norm = 1.980797e-07, Beta update rate = 6.860153e-09
Epoch 291000 (5.8%): Train pred MSE = 9.876248e-10, Test pred MSE = 1.088124e-06, Param MSE = 1.088169e-05, Grad norm = 1.976699e-07, Beta update rate = 6.845321e-09
Epoch 291200 (5.8%): Train pred MSE = 9.837256e-10, Test pred MSE = 1.088113e-06, Param MSE = 1.088158e-05, Grad norm = 1.972610e-07, Beta update rate = 6.830526e-09
Epoch 291400 (5.8%): Train pred MSE = 9.798425e-10, Test pred MSE = 1.088102e-06, Param MSE = 1.088146e-05, Grad norm = 1.968531e-07, Beta update rate = 6.815766e-09
Epoch 291600 (5.8%): Train pred MSE = 9.759755e-10, Test pred MSE = 1.088091e-06, Param MSE = 1.088135e-05, Grad norm = 1.964461e-07, Beta update rate = 6.801043e-09
Epoch 291800 (5.8%): Train pred MSE = 9.721244e-10, Test pred MSE = 1.088080e-06, Param MSE = 1.088124e-05, Grad norm = 1.960401e-07, Beta update rate = 6.786355e-09
Epoch 292000 (5.8%): Train pred MSE = 9.682892e-10, Test pred MSE = 1.088069e-06, Param MSE = 1.088113e-05, Grad norm = 1.956349e-07, Beta update rate = 6.771703e-09
Epoch 292200 (5.8%): Train pred MSE = 9.644699e-10, Test pred MSE = 1.088058e-06, Param MSE = 1.088102e-05, Grad norm = 1.952308e-07, Beta update rate = 6.757086e-09
Epoch 292400 (5.8%): Train pred MSE = 9.606663e-10, Test pred MSE = 1.088047e-06, Param MSE = 1.088091e-05, Grad norm = 1.948275e-07, Beta update rate = 6.742504e-09
Epoch 292600 (5.9%): Train pred MSE = 9.568784e-10, Test pred MSE = 1.088036e-06, Param MSE = 1.088080e-05, Grad norm = 1.944252e-07, Beta update rate = 6.727958e-09
Epoch 292800 (5.9%): Train pred MSE = 9.531062e-10, Test pred MSE = 1.088025e-06, Param MSE = 1.088069e-05, Grad norm = 1.940238e-07, Beta update rate = 6.713447e-09
Epoch 293000 (5.9%): Train pred MSE = 9.493495e-10, Test pred MSE = 1.088015e-06, Param MSE = 1.088058e-05, Grad norm = 1.936233e-07, Beta update rate = 6.698972e-09
Epoch 293200 (5.9%): Train pred MSE = 9.456083e-10, Test pred MSE = 1.088004e-06, Param MSE = 1.088047e-05, Grad norm = 1.932237e-07, Beta update rate = 6.684531e-09
Epoch 293400 (5.9%): Train pred MSE = 9.418825e-10, Test pred MSE = 1.087993e-06, Param MSE = 1.088037e-05, Grad norm = 1.928250e-07, Beta update rate = 6.670125e-09
Epoch 293600 (5.9%): Train pred MSE = 9.381721e-10, Test pred MSE = 1.087982e-06, Param MSE = 1.088026e-05, Grad norm = 1.924273e-07, Beta update rate = 6.655754e-09
Epoch 293800 (5.9%): Train pred MSE = 9.344769e-10, Test pred MSE = 1.087972e-06, Param MSE = 1.088015e-05, Grad norm = 1.920305e-07, Beta update rate = 6.641418e-09
Epoch 294000 (5.9%): Train pred MSE = 9.307970e-10, Test pred MSE = 1.087961e-06, Param MSE = 1.088004e-05, Grad norm = 1.916345e-07, Beta update rate = 6.627116e-09
Epoch 294200 (5.9%): Train pred MSE = 9.271322e-10, Test pred MSE = 1.087951e-06, Param MSE = 1.087993e-05, Grad norm = 1.912395e-07, Beta update rate = 6.612849e-09
Epoch 294400 (5.9%): Train pred MSE = 9.234826e-10, Test pred MSE = 1.087940e-06, Param MSE = 1.087983e-05, Grad norm = 1.908454e-07, Beta update rate = 6.598616e-09
Epoch 294600 (5.9%): Train pred MSE = 9.198479e-10, Test pred MSE = 1.087929e-06, Param MSE = 1.087972e-05, Grad norm = 1.904522e-07, Beta update rate = 6.584418e-09
Epoch 294800 (5.9%): Train pred MSE = 9.162283e-10, Test pred MSE = 1.087919e-06, Param MSE = 1.087961e-05, Grad norm = 1.900599e-07, Beta update rate = 6.570253e-09
Epoch 295000 (5.9%): Train pred MSE = 9.126235e-10, Test pred MSE = 1.087908e-06, Param MSE = 1.087951e-05, Grad norm = 1.896684e-07, Beta update rate = 6.556123e-09
Epoch 295200 (5.9%): Train pred MSE = 9.090335e-10, Test pred MSE = 1.087898e-06, Param MSE = 1.087940e-05, Grad norm = 1.892779e-07, Beta update rate = 6.542027e-09
Epoch 295400 (5.9%): Train pred MSE = 9.054583e-10, Test pred MSE = 1.087887e-06, Param MSE = 1.087929e-05, Grad norm = 1.888883e-07, Beta update rate = 6.527965e-09
Epoch 295600 (5.9%): Train pred MSE = 9.018979e-10, Test pred MSE = 1.087877e-06, Param MSE = 1.087919e-05, Grad norm = 1.884995e-07, Beta update rate = 6.513937e-09
Epoch 295800 (5.9%): Train pred MSE = 8.983520e-10, Test pred MSE = 1.087867e-06, Param MSE = 1.087908e-05, Grad norm = 1.881117e-07, Beta update rate = 6.499943e-09
Epoch 296000 (5.9%): Train pred MSE = 8.948208e-10, Test pred MSE = 1.087856e-06, Param MSE = 1.087898e-05, Grad norm = 1.877247e-07, Beta update rate = 6.485982e-09
Epoch 296200 (5.9%): Train pred MSE = 8.913040e-10, Test pred MSE = 1.087846e-06, Param MSE = 1.087887e-05, Grad norm = 1.873386e-07, Beta update rate = 6.472055e-09
Epoch 296400 (5.9%): Train pred MSE = 8.878017e-10, Test pred MSE = 1.087836e-06, Param MSE = 1.087877e-05, Grad norm = 1.869534e-07, Beta update rate = 6.458161e-09
Epoch 296600 (5.9%): Train pred MSE = 8.843138e-10, Test pred MSE = 1.087825e-06, Param MSE = 1.087867e-05, Grad norm = 1.865691e-07, Beta update rate = 6.444301e-09
Epoch 296800 (5.9%): Train pred MSE = 8.808402e-10, Test pred MSE = 1.087815e-06, Param MSE = 1.087856e-05, Grad norm = 1.861856e-07, Beta update rate = 6.430474e-09
Epoch 297000 (5.9%): Train pred MSE = 8.773808e-10, Test pred MSE = 1.087805e-06, Param MSE = 1.087846e-05, Grad norm = 1.858030e-07, Beta update rate = 6.416680e-09
Epoch 297200 (5.9%): Train pred MSE = 8.739357e-10, Test pred MSE = 1.087795e-06, Param MSE = 1.087835e-05, Grad norm = 1.854213e-07, Beta update rate = 6.402920e-09
Epoch 297400 (5.9%): Train pred MSE = 8.705047e-10, Test pred MSE = 1.087785e-06, Param MSE = 1.087825e-05, Grad norm = 1.850404e-07, Beta update rate = 6.389192e-09
Epoch 297600 (6.0%): Train pred MSE = 8.670878e-10, Test pred MSE = 1.087774e-06, Param MSE = 1.087815e-05, Grad norm = 1.846605e-07, Beta update rate = 6.375497e-09
Epoch 297800 (6.0%): Train pred MSE = 8.636849e-10, Test pred MSE = 1.087764e-06, Param MSE = 1.087805e-05, Grad norm = 1.842813e-07, Beta update rate = 6.361835e-09
Epoch 298000 (6.0%): Train pred MSE = 8.602960e-10, Test pred MSE = 1.087754e-06, Param MSE = 1.087794e-05, Grad norm = 1.839031e-07, Beta update rate = 6.348206e-09
Epoch 298200 (6.0%): Train pred MSE = 8.569209e-10, Test pred MSE = 1.087744e-06, Param MSE = 1.087784e-05, Grad norm = 1.835257e-07, Beta update rate = 6.334610e-09
Epoch 298400 (6.0%): Train pred MSE = 8.535597e-10, Test pred MSE = 1.087734e-06, Param MSE = 1.087774e-05, Grad norm = 1.831492e-07, Beta update rate = 6.321046e-09
Epoch 298600 (6.0%): Train pred MSE = 8.502123e-10, Test pred MSE = 1.087724e-06, Param MSE = 1.087764e-05, Grad norm = 1.827735e-07, Beta update rate = 6.307515e-09
Epoch 298800 (6.0%): Train pred MSE = 8.468786e-10, Test pred MSE = 1.087714e-06, Param MSE = 1.087754e-05, Grad norm = 1.823986e-07, Beta update rate = 6.294016e-09
Epoch 299000 (6.0%): Train pred MSE = 8.435585e-10, Test pred MSE = 1.087704e-06, Param MSE = 1.087744e-05, Grad norm = 1.820247e-07, Beta update rate = 6.280549e-09
Epoch 299200 (6.0%): Train pred MSE = 8.402521e-10, Test pred MSE = 1.087694e-06, Param MSE = 1.087734e-05, Grad norm = 1.816515e-07, Beta update rate = 6.267115e-09
Epoch 299400 (6.0%): Train pred MSE = 8.369591e-10, Test pred MSE = 1.087684e-06, Param MSE = 1.087724e-05, Grad norm = 1.812793e-07, Beta update rate = 6.253712e-09
Epoch 299600 (6.0%): Train pred MSE = 8.336797e-10, Test pred MSE = 1.087674e-06, Param MSE = 1.087713e-05, Grad norm = 1.809078e-07, Beta update rate = 6.240342e-09
Epoch 299800 (6.0%): Train pred MSE = 8.304137e-10, Test pred MSE = 1.087664e-06, Param MSE = 1.087703e-05, Grad norm = 1.805372e-07, Beta update rate = 6.227004e-09
Epoch 300000 (6.0%): Train pred MSE = 8.271610e-10, Test pred MSE = 1.087655e-06, Param MSE = 1.087694e-05, Grad norm = 1.801675e-07, Beta update rate = 6.213697e-09
Epoch 300200 (6.0%): Train pred MSE = 8.239217e-10, Test pred MSE = 1.087645e-06, Param MSE = 1.087684e-05, Grad norm = 1.797985e-07, Beta update rate = 6.200423e-09
Epoch 300400 (6.0%): Train pred MSE = 8.206956e-10, Test pred MSE = 1.087635e-06, Param MSE = 1.087674e-05, Grad norm = 1.794305e-07, Beta update rate = 6.187180e-09
Epoch 300600 (6.0%): Train pred MSE = 8.174827e-10, Test pred MSE = 1.087625e-06, Param MSE = 1.087664e-05, Grad norm = 1.790632e-07, Beta update rate = 6.173968e-09
Epoch 300800 (6.0%): Train pred MSE = 8.142830e-10, Test pred MSE = 1.087616e-06, Param MSE = 1.087654e-05, Grad norm = 1.786968e-07, Beta update rate = 6.160788e-09
Epoch 301000 (6.0%): Train pred MSE = 8.110963e-10, Test pred MSE = 1.087606e-06, Param MSE = 1.087644e-05, Grad norm = 1.783312e-07, Beta update rate = 6.147640e-09
Epoch 301200 (6.0%): Train pred MSE = 8.079226e-10, Test pred MSE = 1.087596e-06, Param MSE = 1.087634e-05, Grad norm = 1.779664e-07, Beta update rate = 6.134523e-09
Epoch 301400 (6.0%): Train pred MSE = 8.047620e-10, Test pred MSE = 1.087586e-06, Param MSE = 1.087624e-05, Grad norm = 1.776025e-07, Beta update rate = 6.121437e-09
Epoch 301600 (6.0%): Train pred MSE = 8.016142e-10, Test pred MSE = 1.087577e-06, Param MSE = 1.087615e-05, Grad norm = 1.772394e-07, Beta update rate = 6.108382e-09
Epoch 301800 (6.0%): Train pred MSE = 7.984793e-10, Test pred MSE = 1.087567e-06, Param MSE = 1.087605e-05, Grad norm = 1.768771e-07, Beta update rate = 6.095359e-09
Epoch 302000 (6.0%): Train pred MSE = 7.953572e-10, Test pred MSE = 1.087558e-06, Param MSE = 1.087595e-05, Grad norm = 1.765156e-07, Beta update rate = 6.082366e-09
Epoch 302200 (6.0%): Train pred MSE = 7.922478e-10, Test pred MSE = 1.087548e-06, Param MSE = 1.087586e-05, Grad norm = 1.761550e-07, Beta update rate = 6.069405e-09
Epoch 302400 (6.0%): Train pred MSE = 7.891511e-10, Test pred MSE = 1.087539e-06, Param MSE = 1.087576e-05, Grad norm = 1.757951e-07, Beta update rate = 6.056474e-09
Epoch 302600 (6.1%): Train pred MSE = 7.860671e-10, Test pred MSE = 1.087529e-06, Param MSE = 1.087566e-05, Grad norm = 1.754361e-07, Beta update rate = 6.043574e-09
Epoch 302800 (6.1%): Train pred MSE = 7.829956e-10, Test pred MSE = 1.087520e-06, Param MSE = 1.087557e-05, Grad norm = 1.750779e-07, Beta update rate = 6.030704e-09
Epoch 303000 (6.1%): Train pred MSE = 7.799367e-10, Test pred MSE = 1.087510e-06, Param MSE = 1.087547e-05, Grad norm = 1.747204e-07, Beta update rate = 6.017866e-09
Epoch 303200 (6.1%): Train pred MSE = 7.768903e-10, Test pred MSE = 1.087501e-06, Param MSE = 1.087537e-05, Grad norm = 1.743638e-07, Beta update rate = 6.005057e-09
Epoch 303400 (6.1%): Train pred MSE = 7.738563e-10, Test pred MSE = 1.087491e-06, Param MSE = 1.087528e-05, Grad norm = 1.740080e-07, Beta update rate = 5.992279e-09
Epoch 303600 (6.1%): Train pred MSE = 7.708346e-10, Test pred MSE = 1.087482e-06, Param MSE = 1.087518e-05, Grad norm = 1.736530e-07, Beta update rate = 5.979532e-09
Epoch 303800 (6.1%): Train pred MSE = 7.678253e-10, Test pred MSE = 1.087472e-06, Param MSE = 1.087509e-05, Grad norm = 1.732988e-07, Beta update rate = 5.966814e-09
Epoch 304000 (6.1%): Train pred MSE = 7.648282e-10, Test pred MSE = 1.087463e-06, Param MSE = 1.087499e-05, Grad norm = 1.729454e-07, Beta update rate = 5.954127e-09
Epoch 304200 (6.1%): Train pred MSE = 7.618433e-10, Test pred MSE = 1.087454e-06, Param MSE = 1.087490e-05, Grad norm = 1.725928e-07, Beta update rate = 5.941470e-09
Epoch 304400 (6.1%): Train pred MSE = 7.588706e-10, Test pred MSE = 1.087444e-06, Param MSE = 1.087480e-05, Grad norm = 1.722410e-07, Beta update rate = 5.928843e-09
Epoch 304600 (6.1%): Train pred MSE = 7.559100e-10, Test pred MSE = 1.087435e-06, Param MSE = 1.087471e-05, Grad norm = 1.718900e-07, Beta update rate = 5.916246e-09
Epoch 304800 (6.1%): Train pred MSE = 7.529614e-10, Test pred MSE = 1.087426e-06, Param MSE = 1.087462e-05, Grad norm = 1.715397e-07, Beta update rate = 5.903679e-09
Epoch 305000 (6.1%): Train pred MSE = 7.500249e-10, Test pred MSE = 1.087417e-06, Param MSE = 1.087452e-05, Grad norm = 1.711903e-07, Beta update rate = 5.891141e-09
Epoch 305200 (6.1%): Train pred MSE = 7.471003e-10, Test pred MSE = 1.087408e-06, Param MSE = 1.087443e-05, Grad norm = 1.708416e-07, Beta update rate = 5.878634e-09
Epoch 305400 (6.1%): Train pred MSE = 7.441876e-10, Test pred MSE = 1.087398e-06, Param MSE = 1.087434e-05, Grad norm = 1.704938e-07, Beta update rate = 5.866155e-09
Epoch 305600 (6.1%): Train pred MSE = 7.412867e-10, Test pred MSE = 1.087389e-06, Param MSE = 1.087424e-05, Grad norm = 1.701467e-07, Beta update rate = 5.853707e-09
Epoch 305800 (6.1%): Train pred MSE = 7.383977e-10, Test pred MSE = 1.087380e-06, Param MSE = 1.087415e-05, Grad norm = 1.698004e-07, Beta update rate = 5.841287e-09
Epoch 306000 (6.1%): Train pred MSE = 7.355204e-10, Test pred MSE = 1.087371e-06, Param MSE = 1.087406e-05, Grad norm = 1.694548e-07, Beta update rate = 5.828897e-09
Epoch 306200 (6.1%): Train pred MSE = 7.326548e-10, Test pred MSE = 1.087362e-06, Param MSE = 1.087397e-05, Grad norm = 1.691101e-07, Beta update rate = 5.816537e-09
Epoch 306400 (6.1%): Train pred MSE = 7.298008e-10, Test pred MSE = 1.087353e-06, Param MSE = 1.087388e-05, Grad norm = 1.687661e-07, Beta update rate = 5.804205e-09
Epoch 306600 (6.1%): Train pred MSE = 7.269584e-10, Test pred MSE = 1.087344e-06, Param MSE = 1.087378e-05, Grad norm = 1.684229e-07, Beta update rate = 5.791903e-09
Epoch 306800 (6.1%): Train pred MSE = 7.241276e-10, Test pred MSE = 1.087335e-06, Param MSE = 1.087369e-05, Grad norm = 1.680804e-07, Beta update rate = 5.779630e-09
Epoch 307000 (6.1%): Train pred MSE = 7.213083e-10, Test pred MSE = 1.087326e-06, Param MSE = 1.087360e-05, Grad norm = 1.677387e-07, Beta update rate = 5.767386e-09
Epoch 307200 (6.1%): Train pred MSE = 7.185004e-10, Test pred MSE = 1.087317e-06, Param MSE = 1.087351e-05, Grad norm = 1.673978e-07, Beta update rate = 5.755170e-09
Epoch 307400 (6.1%): Train pred MSE = 7.157040e-10, Test pred MSE = 1.087308e-06, Param MSE = 1.087342e-05, Grad norm = 1.670577e-07, Beta update rate = 5.742984e-09
Epoch 307600 (6.2%): Train pred MSE = 7.129188e-10, Test pred MSE = 1.087299e-06, Param MSE = 1.087333e-05, Grad norm = 1.667183e-07, Beta update rate = 5.730826e-09
Epoch 307800 (6.2%): Train pred MSE = 7.101450e-10, Test pred MSE = 1.087290e-06, Param MSE = 1.087324e-05, Grad norm = 1.663797e-07, Beta update rate = 5.718697e-09
Epoch 308000 (6.2%): Train pred MSE = 7.073825e-10, Test pred MSE = 1.087281e-06, Param MSE = 1.087315e-05, Grad norm = 1.660418e-07, Beta update rate = 5.706596e-09
Epoch 308200 (6.2%): Train pred MSE = 7.046311e-10, Test pred MSE = 1.087272e-06, Param MSE = 1.087306e-05, Grad norm = 1.657047e-07, Beta update rate = 5.694524e-09
Epoch 308400 (6.2%): Train pred MSE = 7.018909e-10, Test pred MSE = 1.087264e-06, Param MSE = 1.087297e-05, Grad norm = 1.653683e-07, Beta update rate = 5.682480e-09
Epoch 308600 (6.2%): Train pred MSE = 6.991619e-10, Test pred MSE = 1.087255e-06, Param MSE = 1.087288e-05, Grad norm = 1.650327e-07, Beta update rate = 5.670465e-09
Epoch 308800 (6.2%): Train pred MSE = 6.964438e-10, Test pred MSE = 1.087246e-06, Param MSE = 1.087279e-05, Grad norm = 1.646979e-07, Beta update rate = 5.658478e-09
Epoch 309000 (6.2%): Train pred MSE = 6.937368e-10, Test pred MSE = 1.087237e-06, Param MSE = 1.087270e-05, Grad norm = 1.643638e-07, Beta update rate = 5.646519e-09
Epoch 309200 (6.2%): Train pred MSE = 6.910408e-10, Test pred MSE = 1.087228e-06, Param MSE = 1.087261e-05, Grad norm = 1.640304e-07, Beta update rate = 5.634588e-09
Epoch 309400 (6.2%): Train pred MSE = 6.883557e-10, Test pred MSE = 1.087220e-06, Param MSE = 1.087253e-05, Grad norm = 1.636978e-07, Beta update rate = 5.622686e-09
Epoch 309600 (6.2%): Train pred MSE = 6.856815e-10, Test pred MSE = 1.087211e-06, Param MSE = 1.087244e-05, Grad norm = 1.633659e-07, Beta update rate = 5.610811e-09
Epoch 309800 (6.2%): Train pred MSE = 6.830181e-10, Test pred MSE = 1.087202e-06, Param MSE = 1.087235e-05, Grad norm = 1.630348e-07, Beta update rate = 5.598964e-09
Epoch 310000 (6.2%): Train pred MSE = 6.803655e-10, Test pred MSE = 1.087194e-06, Param MSE = 1.087226e-05, Grad norm = 1.627044e-07, Beta update rate = 5.587145e-09
Epoch 310200 (6.2%): Train pred MSE = 6.777236e-10, Test pred MSE = 1.087185e-06, Param MSE = 1.087217e-05, Grad norm = 1.623747e-07, Beta update rate = 5.575354e-09
Epoch 310400 (6.2%): Train pred MSE = 6.750924e-10, Test pred MSE = 1.087176e-06, Param MSE = 1.087209e-05, Grad norm = 1.620458e-07, Beta update rate = 5.563590e-09
Epoch 310600 (6.2%): Train pred MSE = 6.724719e-10, Test pred MSE = 1.087168e-06, Param MSE = 1.087200e-05, Grad norm = 1.617176e-07, Beta update rate = 5.551854e-09
Epoch 310800 (6.2%): Train pred MSE = 6.698620e-10, Test pred MSE = 1.087159e-06, Param MSE = 1.087191e-05, Grad norm = 1.613902e-07, Beta update rate = 5.540146e-09
Epoch 311000 (6.2%): Train pred MSE = 6.672626e-10, Test pred MSE = 1.087151e-06, Param MSE = 1.087183e-05, Grad norm = 1.610635e-07, Beta update rate = 5.528465e-09
Epoch 311200 (6.2%): Train pred MSE = 6.646738e-10, Test pred MSE = 1.087142e-06, Param MSE = 1.087174e-05, Grad norm = 1.607375e-07, Beta update rate = 5.516811e-09
Epoch 311400 (6.2%): Train pred MSE = 6.620954e-10, Test pred MSE = 1.087134e-06, Param MSE = 1.087165e-05, Grad norm = 1.604122e-07, Beta update rate = 5.505185e-09
Epoch 311600 (6.2%): Train pred MSE = 6.595274e-10, Test pred MSE = 1.087125e-06, Param MSE = 1.087157e-05, Grad norm = 1.600877e-07, Beta update rate = 5.493585e-09
Epoch 311800 (6.2%): Train pred MSE = 6.569698e-10, Test pred MSE = 1.087117e-06, Param MSE = 1.087148e-05, Grad norm = 1.597638e-07, Beta update rate = 5.482014e-09
Epoch 312000 (6.2%): Train pred MSE = 6.544226e-10, Test pred MSE = 1.087108e-06, Param MSE = 1.087140e-05, Grad norm = 1.594407e-07, Beta update rate = 5.470469e-09
Epoch 312200 (6.2%): Train pred MSE = 6.518856e-10, Test pred MSE = 1.087100e-06, Param MSE = 1.087131e-05, Grad norm = 1.591184e-07, Beta update rate = 5.458951e-09
Epoch 312400 (6.2%): Train pred MSE = 6.493589e-10, Test pred MSE = 1.087092e-06, Param MSE = 1.087123e-05, Grad norm = 1.587967e-07, Beta update rate = 5.447460e-09
Epoch 312600 (6.3%): Train pred MSE = 6.468424e-10, Test pred MSE = 1.087083e-06, Param MSE = 1.087114e-05, Grad norm = 1.584758e-07, Beta update rate = 5.435996e-09
Epoch 312800 (6.3%): Train pred MSE = 6.443361e-10, Test pred MSE = 1.087075e-06, Param MSE = 1.087106e-05, Grad norm = 1.581555e-07, Beta update rate = 5.424559e-09
Epoch 313000 (6.3%): Train pred MSE = 6.418398e-10, Test pred MSE = 1.087067e-06, Param MSE = 1.087097e-05, Grad norm = 1.578360e-07, Beta update rate = 5.413148e-09
Epoch 313200 (6.3%): Train pred MSE = 6.393537e-10, Test pred MSE = 1.087058e-06, Param MSE = 1.087089e-05, Grad norm = 1.575172e-07, Beta update rate = 5.401764e-09
Epoch 313400 (6.3%): Train pred MSE = 6.368776e-10, Test pred MSE = 1.087050e-06, Param MSE = 1.087080e-05, Grad norm = 1.571991e-07, Beta update rate = 5.390407e-09
Epoch 313600 (6.3%): Train pred MSE = 6.344114e-10, Test pred MSE = 1.087042e-06, Param MSE = 1.087072e-05, Grad norm = 1.568817e-07, Beta update rate = 5.379076e-09
Epoch 313800 (6.3%): Train pred MSE = 6.319552e-10, Test pred MSE = 1.087033e-06, Param MSE = 1.087064e-05, Grad norm = 1.565650e-07, Beta update rate = 5.367772e-09
Epoch 314000 (6.3%): Train pred MSE = 6.295090e-10, Test pred MSE = 1.087025e-06, Param MSE = 1.087055e-05, Grad norm = 1.562490e-07, Beta update rate = 5.356494e-09
Epoch 314200 (6.3%): Train pred MSE = 6.270726e-10, Test pred MSE = 1.087017e-06, Param MSE = 1.087047e-05, Grad norm = 1.559337e-07, Beta update rate = 5.345242e-09
Epoch 314400 (6.3%): Train pred MSE = 6.246460e-10, Test pred MSE = 1.087009e-06, Param MSE = 1.087039e-05, Grad norm = 1.556191e-07, Beta update rate = 5.334017e-09
Epoch 314600 (6.3%): Train pred MSE = 6.222292e-10, Test pred MSE = 1.087001e-06, Param MSE = 1.087030e-05, Grad norm = 1.553052e-07, Beta update rate = 5.322817e-09
Epoch 314800 (6.3%): Train pred MSE = 6.198221e-10, Test pred MSE = 1.086993e-06, Param MSE = 1.087022e-05, Grad norm = 1.549920e-07, Beta update rate = 5.311644e-09
Epoch 315000 (6.3%): Train pred MSE = 6.174247e-10, Test pred MSE = 1.086984e-06, Param MSE = 1.087014e-05, Grad norm = 1.546795e-07, Beta update rate = 5.300497e-09
Epoch 315200 (6.3%): Train pred MSE = 6.150370e-10, Test pred MSE = 1.086976e-06, Param MSE = 1.087006e-05, Grad norm = 1.543677e-07, Beta update rate = 5.289376e-09
Epoch 315400 (6.3%): Train pred MSE = 6.126589e-10, Test pred MSE = 1.086968e-06, Param MSE = 1.086997e-05, Grad norm = 1.540566e-07, Beta update rate = 5.278280e-09
Epoch 315600 (6.3%): Train pred MSE = 6.102904e-10, Test pred MSE = 1.086960e-06, Param MSE = 1.086989e-05, Grad norm = 1.537462e-07, Beta update rate = 5.267211e-09
Epoch 315800 (6.3%): Train pred MSE = 6.079314e-10, Test pred MSE = 1.086952e-06, Param MSE = 1.086981e-05, Grad norm = 1.534364e-07, Beta update rate = 5.256167e-09
Epoch 316000 (6.3%): Train pred MSE = 6.055819e-10, Test pred MSE = 1.086944e-06, Param MSE = 1.086973e-05, Grad norm = 1.531274e-07, Beta update rate = 5.245149e-09
Epoch 316200 (6.3%): Train pred MSE = 6.032418e-10, Test pred MSE = 1.086936e-06, Param MSE = 1.086965e-05, Grad norm = 1.528190e-07, Beta update rate = 5.234157e-09
Epoch 316400 (6.3%): Train pred MSE = 6.009112e-10, Test pred MSE = 1.086928e-06, Param MSE = 1.086957e-05, Grad norm = 1.525113e-07, Beta update rate = 5.223190e-09
Epoch 316600 (6.3%): Train pred MSE = 5.985899e-10, Test pred MSE = 1.086920e-06, Param MSE = 1.086949e-05, Grad norm = 1.522043e-07, Beta update rate = 5.212248e-09
Epoch 316800 (6.3%): Train pred MSE = 5.962780e-10, Test pred MSE = 1.086912e-06, Param MSE = 1.086941e-05, Grad norm = 1.518979e-07, Beta update rate = 5.201332e-09
Epoch 317000 (6.3%): Train pred MSE = 5.939754e-10, Test pred MSE = 1.086904e-06, Param MSE = 1.086933e-05, Grad norm = 1.515923e-07, Beta update rate = 5.190442e-09
Epoch 317200 (6.3%): Train pred MSE = 5.916820e-10, Test pred MSE = 1.086896e-06, Param MSE = 1.086925e-05, Grad norm = 1.512873e-07, Beta update rate = 5.179576e-09
Epoch 317400 (6.3%): Train pred MSE = 5.893979e-10, Test pred MSE = 1.086889e-06, Param MSE = 1.086917e-05, Grad norm = 1.509830e-07, Beta update rate = 5.168736e-09
Epoch 317600 (6.4%): Train pred MSE = 5.871229e-10, Test pred MSE = 1.086881e-06, Param MSE = 1.086909e-05, Grad norm = 1.506794e-07, Beta update rate = 5.157921e-09
Epoch 317800 (6.4%): Train pred MSE = 5.848571e-10, Test pred MSE = 1.086873e-06, Param MSE = 1.086901e-05, Grad norm = 1.503764e-07, Beta update rate = 5.147131e-09
Epoch 318000 (6.4%): Train pred MSE = 5.826004e-10, Test pred MSE = 1.086865e-06, Param MSE = 1.086893e-05, Grad norm = 1.500741e-07, Beta update rate = 5.136366e-09
Epoch 318200 (6.4%): Train pred MSE = 5.803527e-10, Test pred MSE = 1.086857e-06, Param MSE = 1.086885e-05, Grad norm = 1.497725e-07, Beta update rate = 5.125626e-09
Epoch 318400 (6.4%): Train pred MSE = 5.781141e-10, Test pred MSE = 1.086850e-06, Param MSE = 1.086877e-05, Grad norm = 1.494715e-07, Beta update rate = 5.114911e-09
Epoch 318600 (6.4%): Train pred MSE = 5.758844e-10, Test pred MSE = 1.086842e-06, Param MSE = 1.086869e-05, Grad norm = 1.491712e-07, Beta update rate = 5.104220e-09
Epoch 318800 (6.4%): Train pred MSE = 5.736637e-10, Test pred MSE = 1.086834e-06, Param MSE = 1.086861e-05, Grad norm = 1.488716e-07, Beta update rate = 5.093555e-09
Epoch 319000 (6.4%): Train pred MSE = 5.714519e-10, Test pred MSE = 1.086826e-06, Param MSE = 1.086853e-05, Grad norm = 1.485726e-07, Beta update rate = 5.082914e-09
Epoch 319200 (6.4%): Train pred MSE = 5.692490e-10, Test pred MSE = 1.086819e-06, Param MSE = 1.086846e-05, Grad norm = 1.482743e-07, Beta update rate = 5.072298e-09
Epoch 319400 (6.4%): Train pred MSE = 5.670549e-10, Test pred MSE = 1.086811e-06, Param MSE = 1.086838e-05, Grad norm = 1.479766e-07, Beta update rate = 5.061706e-09
Epoch 319600 (6.4%): Train pred MSE = 5.648696e-10, Test pred MSE = 1.086803e-06, Param MSE = 1.086830e-05, Grad norm = 1.476796e-07, Beta update rate = 5.051139e-09
Epoch 319800 (6.4%): Train pred MSE = 5.626931e-10, Test pred MSE = 1.086796e-06, Param MSE = 1.086822e-05, Grad norm = 1.473833e-07, Beta update rate = 5.040596e-09
Epoch 320000 (6.4%): Train pred MSE = 5.605253e-10, Test pred MSE = 1.086788e-06, Param MSE = 1.086815e-05, Grad norm = 1.470876e-07, Beta update rate = 5.030077e-09
Epoch 320200 (6.4%): Train pred MSE = 5.583662e-10, Test pred MSE = 1.086780e-06, Param MSE = 1.086807e-05, Grad norm = 1.467925e-07, Beta update rate = 5.019583e-09
Epoch 320400 (6.4%): Train pred MSE = 5.562158e-10, Test pred MSE = 1.086773e-06, Param MSE = 1.086799e-05, Grad norm = 1.464981e-07, Beta update rate = 5.009113e-09
Epoch 320600 (6.4%): Train pred MSE = 5.540739e-10, Test pred MSE = 1.086765e-06, Param MSE = 1.086791e-05, Grad norm = 1.462043e-07, Beta update rate = 4.998667e-09
Epoch 320800 (6.4%): Train pred MSE = 5.519407e-10, Test pred MSE = 1.086758e-06, Param MSE = 1.086784e-05, Grad norm = 1.459112e-07, Beta update rate = 4.988246e-09
Epoch 321000 (6.4%): Train pred MSE = 5.498160e-10, Test pred MSE = 1.086750e-06, Param MSE = 1.086776e-05, Grad norm = 1.456188e-07, Beta update rate = 4.977848e-09
Epoch 321200 (6.4%): Train pred MSE = 5.476998e-10, Test pred MSE = 1.086743e-06, Param MSE = 1.086769e-05, Grad norm = 1.453270e-07, Beta update rate = 4.967474e-09
Epoch 321400 (6.4%): Train pred MSE = 5.455920e-10, Test pred MSE = 1.086735e-06, Param MSE = 1.086761e-05, Grad norm = 1.450358e-07, Beta update rate = 4.957125e-09
Epoch 321600 (6.4%): Train pred MSE = 5.434927e-10, Test pred MSE = 1.086728e-06, Param MSE = 1.086753e-05, Grad norm = 1.447452e-07, Beta update rate = 4.946799e-09
Epoch 321800 (6.4%): Train pred MSE = 5.414019e-10, Test pred MSE = 1.086720e-06, Param MSE = 1.086746e-05, Grad norm = 1.444553e-07, Beta update rate = 4.936497e-09
Epoch 322000 (6.4%): Train pred MSE = 5.393193e-10, Test pred MSE = 1.086713e-06, Param MSE = 1.086738e-05, Grad norm = 1.441661e-07, Beta update rate = 4.926218e-09
Epoch 322200 (6.4%): Train pred MSE = 5.372451e-10, Test pred MSE = 1.086705e-06, Param MSE = 1.086731e-05, Grad norm = 1.438774e-07, Beta update rate = 4.915964e-09
Epoch 322400 (6.4%): Train pred MSE = 5.351792e-10, Test pred MSE = 1.086698e-06, Param MSE = 1.086723e-05, Grad norm = 1.435894e-07, Beta update rate = 4.905733e-09
Epoch 322600 (6.5%): Train pred MSE = 5.331216e-10, Test pred MSE = 1.086691e-06, Param MSE = 1.086716e-05, Grad norm = 1.433021e-07, Beta update rate = 4.895525e-09
Epoch 322800 (6.5%): Train pred MSE = 5.310722e-10, Test pred MSE = 1.086683e-06, Param MSE = 1.086708e-05, Grad norm = 1.430153e-07, Beta update rate = 4.885341e-09
Epoch 323000 (6.5%): Train pred MSE = 5.290310e-10, Test pred MSE = 1.086676e-06, Param MSE = 1.086701e-05, Grad norm = 1.427292e-07, Beta update rate = 4.875180e-09
Epoch 323200 (6.5%): Train pred MSE = 5.269979e-10, Test pred MSE = 1.086669e-06, Param MSE = 1.086693e-05, Grad norm = 1.424437e-07, Beta update rate = 4.865043e-09
Epoch 323400 (6.5%): Train pred MSE = 5.249730e-10, Test pred MSE = 1.086661e-06, Param MSE = 1.086686e-05, Grad norm = 1.421589e-07, Beta update rate = 4.854929e-09
Epoch 323600 (6.5%): Train pred MSE = 5.229561e-10, Test pred MSE = 1.086654e-06, Param MSE = 1.086679e-05, Grad norm = 1.418746e-07, Beta update rate = 4.844838e-09
Epoch 323800 (6.5%): Train pred MSE = 5.209473e-10, Test pred MSE = 1.086647e-06, Param MSE = 1.086671e-05, Grad norm = 1.415910e-07, Beta update rate = 4.834771e-09
Epoch 324000 (6.5%): Train pred MSE = 5.189466e-10, Test pred MSE = 1.086640e-06, Param MSE = 1.086664e-05, Grad norm = 1.413080e-07, Beta update rate = 4.824726e-09
Epoch 324200 (6.5%): Train pred MSE = 5.169538e-10, Test pred MSE = 1.086632e-06, Param MSE = 1.086656e-05, Grad norm = 1.410257e-07, Beta update rate = 4.814705e-09
Epoch 324400 (6.5%): Train pred MSE = 5.149690e-10, Test pred MSE = 1.086625e-06, Param MSE = 1.086649e-05, Grad norm = 1.407439e-07, Beta update rate = 4.804707e-09
Epoch 324600 (6.5%): Train pred MSE = 5.129921e-10, Test pred MSE = 1.086618e-06, Param MSE = 1.086642e-05, Grad norm = 1.404628e-07, Beta update rate = 4.794731e-09
Epoch 324800 (6.5%): Train pred MSE = 5.110231e-10, Test pred MSE = 1.086611e-06, Param MSE = 1.086635e-05, Grad norm = 1.401822e-07, Beta update rate = 4.784779e-09
Epoch 325000 (6.5%): Train pred MSE = 5.090619e-10, Test pred MSE = 1.086604e-06, Param MSE = 1.086627e-05, Grad norm = 1.399023e-07, Beta update rate = 4.774849e-09
Epoch 325200 (6.5%): Train pred MSE = 5.071086e-10, Test pred MSE = 1.086596e-06, Param MSE = 1.086620e-05, Grad norm = 1.396230e-07, Beta update rate = 4.764942e-09
Epoch 325400 (6.5%): Train pred MSE = 5.051630e-10, Test pred MSE = 1.086589e-06, Param MSE = 1.086613e-05, Grad norm = 1.393444e-07, Beta update rate = 4.755058e-09
Epoch 325600 (6.5%): Train pred MSE = 5.032253e-10, Test pred MSE = 1.086582e-06, Param MSE = 1.086606e-05, Grad norm = 1.390663e-07, Beta update rate = 4.745196e-09
Epoch 325800 (6.5%): Train pred MSE = 5.012952e-10, Test pred MSE = 1.086575e-06, Param MSE = 1.086598e-05, Grad norm = 1.387888e-07, Beta update rate = 4.735357e-09
Epoch 326000 (6.5%): Train pred MSE = 4.993728e-10, Test pred MSE = 1.086568e-06, Param MSE = 1.086591e-05, Grad norm = 1.385119e-07, Beta update rate = 4.725540e-09
Epoch 326200 (6.5%): Train pred MSE = 4.974581e-10, Test pred MSE = 1.086561e-06, Param MSE = 1.086584e-05, Grad norm = 1.382357e-07, Beta update rate = 4.715746e-09
Epoch 326400 (6.5%): Train pred MSE = 4.955511e-10, Test pred MSE = 1.086554e-06, Param MSE = 1.086577e-05, Grad norm = 1.379600e-07, Beta update rate = 4.705974e-09
Epoch 326600 (6.5%): Train pred MSE = 4.936516e-10, Test pred MSE = 1.086547e-06, Param MSE = 1.086570e-05, Grad norm = 1.376850e-07, Beta update rate = 4.696225e-09
Epoch 326800 (6.5%): Train pred MSE = 4.917597e-10, Test pred MSE = 1.086540e-06, Param MSE = 1.086563e-05, Grad norm = 1.374105e-07, Beta update rate = 4.686498e-09
Epoch 327000 (6.5%): Train pred MSE = 4.898753e-10, Test pred MSE = 1.086533e-06, Param MSE = 1.086556e-05, Grad norm = 1.371366e-07, Beta update rate = 4.676793e-09
Epoch 327200 (6.5%): Train pred MSE = 4.879984e-10, Test pred MSE = 1.086526e-06, Param MSE = 1.086548e-05, Grad norm = 1.368634e-07, Beta update rate = 4.667111e-09
Epoch 327400 (6.5%): Train pred MSE = 4.861290e-10, Test pred MSE = 1.086519e-06, Param MSE = 1.086541e-05, Grad norm = 1.365907e-07, Beta update rate = 4.657450e-09
Epoch 327600 (6.6%): Train pred MSE = 4.842671e-10, Test pred MSE = 1.086512e-06, Param MSE = 1.086534e-05, Grad norm = 1.363186e-07, Beta update rate = 4.647812e-09
Epoch 327800 (6.6%): Train pred MSE = 4.824125e-10, Test pred MSE = 1.086505e-06, Param MSE = 1.086527e-05, Grad norm = 1.360471e-07, Beta update rate = 4.638195e-09
Epoch 328000 (6.6%): Train pred MSE = 4.805654e-10, Test pred MSE = 1.086498e-06, Param MSE = 1.086520e-05, Grad norm = 1.357762e-07, Beta update rate = 4.628601e-09
Epoch 328200 (6.6%): Train pred MSE = 4.787255e-10, Test pred MSE = 1.086492e-06, Param MSE = 1.086513e-05, Grad norm = 1.355059e-07, Beta update rate = 4.619028e-09
Epoch 328400 (6.6%): Train pred MSE = 4.768930e-10, Test pred MSE = 1.086485e-06, Param MSE = 1.086506e-05, Grad norm = 1.352362e-07, Beta update rate = 4.609477e-09
Epoch 328600 (6.6%): Train pred MSE = 4.750678e-10, Test pred MSE = 1.086478e-06, Param MSE = 1.086499e-05, Grad norm = 1.349671e-07, Beta update rate = 4.599948e-09
Epoch 328800 (6.6%): Train pred MSE = 4.732499e-10, Test pred MSE = 1.086471e-06, Param MSE = 1.086493e-05, Grad norm = 1.346986e-07, Beta update rate = 4.590441e-09
Epoch 329000 (6.6%): Train pred MSE = 4.714391e-10, Test pred MSE = 1.086464e-06, Param MSE = 1.086486e-05, Grad norm = 1.344306e-07, Beta update rate = 4.580955e-09
Epoch 329200 (6.6%): Train pred MSE = 4.696356e-10, Test pred MSE = 1.086457e-06, Param MSE = 1.086479e-05, Grad norm = 1.341632e-07, Beta update rate = 4.571491e-09
Epoch 329400 (6.6%): Train pred MSE = 4.678392e-10, Test pred MSE = 1.086451e-06, Param MSE = 1.086472e-05, Grad norm = 1.338964e-07, Beta update rate = 4.562049e-09
Epoch 329600 (6.6%): Train pred MSE = 4.660500e-10, Test pred MSE = 1.086444e-06, Param MSE = 1.086465e-05, Grad norm = 1.336302e-07, Beta update rate = 4.552628e-09
Epoch 329800 (6.6%): Train pred MSE = 4.642678e-10, Test pred MSE = 1.086437e-06, Param MSE = 1.086458e-05, Grad norm = 1.333646e-07, Beta update rate = 4.543228e-09
Epoch 330000 (6.6%): Train pred MSE = 4.624928e-10, Test pred MSE = 1.086430e-06, Param MSE = 1.086451e-05, Grad norm = 1.330995e-07, Beta update rate = 4.533850e-09
Epoch 330200 (6.6%): Train pred MSE = 4.607248e-10, Test pred MSE = 1.086424e-06, Param MSE = 1.086444e-05, Grad norm = 1.328350e-07, Beta update rate = 4.524494e-09
Epoch 330400 (6.6%): Train pred MSE = 4.589638e-10, Test pred MSE = 1.086417e-06, Param MSE = 1.086438e-05, Grad norm = 1.325711e-07, Beta update rate = 4.515158e-09
Epoch 330600 (6.6%): Train pred MSE = 4.572098e-10, Test pred MSE = 1.086410e-06, Param MSE = 1.086431e-05, Grad norm = 1.323078e-07, Beta update rate = 4.505844e-09
Epoch 330800 (6.6%): Train pred MSE = 4.554628e-10, Test pred MSE = 1.086404e-06, Param MSE = 1.086424e-05, Grad norm = 1.320450e-07, Beta update rate = 4.496551e-09
Epoch 331000 (6.6%): Train pred MSE = 4.537227e-10, Test pred MSE = 1.086397e-06, Param MSE = 1.086417e-05, Grad norm = 1.317828e-07, Beta update rate = 4.487279e-09
Epoch 331200 (6.6%): Train pred MSE = 4.519895e-10, Test pred MSE = 1.086390e-06, Param MSE = 1.086411e-05, Grad norm = 1.315212e-07, Beta update rate = 4.478028e-09
Epoch 331400 (6.6%): Train pred MSE = 4.502632e-10, Test pred MSE = 1.086384e-06, Param MSE = 1.086404e-05, Grad norm = 1.312601e-07, Beta update rate = 4.468798e-09
Epoch 331600 (6.6%): Train pred MSE = 4.485437e-10, Test pred MSE = 1.086377e-06, Param MSE = 1.086397e-05, Grad norm = 1.309996e-07, Beta update rate = 4.459589e-09
Epoch 331800 (6.6%): Train pred MSE = 4.468310e-10, Test pred MSE = 1.086371e-06, Param MSE = 1.086391e-05, Grad norm = 1.307397e-07, Beta update rate = 4.450401e-09
Epoch 332000 (6.6%): Train pred MSE = 4.451251e-10, Test pred MSE = 1.086364e-06, Param MSE = 1.086384e-05, Grad norm = 1.304803e-07, Beta update rate = 4.441234e-09
Epoch 332200 (6.6%): Train pred MSE = 4.434260e-10, Test pred MSE = 1.086357e-06, Param MSE = 1.086377e-05, Grad norm = 1.302215e-07, Beta update rate = 4.432087e-09
Epoch 332400 (6.6%): Train pred MSE = 4.417337e-10, Test pred MSE = 1.086351e-06, Param MSE = 1.086371e-05, Grad norm = 1.299633e-07, Beta update rate = 4.422961e-09
Epoch 332600 (6.7%): Train pred MSE = 4.400480e-10, Test pred MSE = 1.086344e-06, Param MSE = 1.086364e-05, Grad norm = 1.297056e-07, Beta update rate = 4.413856e-09
Epoch 332800 (6.7%): Train pred MSE = 4.383690e-10, Test pred MSE = 1.086338e-06, Param MSE = 1.086357e-05, Grad norm = 1.294485e-07, Beta update rate = 4.404772e-09
Epoch 333000 (6.7%): Train pred MSE = 4.366966e-10, Test pred MSE = 1.086331e-06, Param MSE = 1.086351e-05, Grad norm = 1.291919e-07, Beta update rate = 4.395708e-09
Epoch 333200 (6.7%): Train pred MSE = 4.350309e-10, Test pred MSE = 1.086325e-06, Param MSE = 1.086344e-05, Grad norm = 1.289359e-07, Beta update rate = 4.386665e-09
Epoch 333400 (6.7%): Train pred MSE = 4.333718e-10, Test pred MSE = 1.086319e-06, Param MSE = 1.086338e-05, Grad norm = 1.286804e-07, Beta update rate = 4.377642e-09
Epoch 333600 (6.7%): Train pred MSE = 4.317192e-10, Test pred MSE = 1.086312e-06, Param MSE = 1.086331e-05, Grad norm = 1.284255e-07, Beta update rate = 4.368640e-09
Epoch 333800 (6.7%): Train pred MSE = 4.300732e-10, Test pred MSE = 1.086306e-06, Param MSE = 1.086325e-05, Grad norm = 1.281711e-07, Beta update rate = 4.359658e-09
Epoch 334000 (6.7%): Train pred MSE = 4.284337e-10, Test pred MSE = 1.086299e-06, Param MSE = 1.086318e-05, Grad norm = 1.279173e-07, Beta update rate = 4.350696e-09
Epoch 334200 (6.7%): Train pred MSE = 4.268007e-10, Test pred MSE = 1.086293e-06, Param MSE = 1.086312e-05, Grad norm = 1.276640e-07, Beta update rate = 4.341754e-09
Epoch 334400 (6.7%): Train pred MSE = 4.251741e-10, Test pred MSE = 1.086287e-06, Param MSE = 1.086305e-05, Grad norm = 1.274113e-07, Beta update rate = 4.332833e-09
Epoch 334600 (6.7%): Train pred MSE = 4.235540e-10, Test pred MSE = 1.086280e-06, Param MSE = 1.086299e-05, Grad norm = 1.271591e-07, Beta update rate = 4.323932e-09
Epoch 334800 (6.7%): Train pred MSE = 4.219403e-10, Test pred MSE = 1.086274e-06, Param MSE = 1.086292e-05, Grad norm = 1.269075e-07, Beta update rate = 4.315051e-09
Epoch 335000 (6.7%): Train pred MSE = 4.203329e-10, Test pred MSE = 1.086268e-06, Param MSE = 1.086286e-05, Grad norm = 1.266564e-07, Beta update rate = 4.306190e-09
Epoch 335200 (6.7%): Train pred MSE = 4.187320e-10, Test pred MSE = 1.086261e-06, Param MSE = 1.086279e-05, Grad norm = 1.264059e-07, Beta update rate = 4.297350e-09
Epoch 335400 (6.7%): Train pred MSE = 4.171373e-10, Test pred MSE = 1.086255e-06, Param MSE = 1.086273e-05, Grad norm = 1.261558e-07, Beta update rate = 4.288529e-09
Epoch 335600 (6.7%): Train pred MSE = 4.155489e-10, Test pred MSE = 1.086249e-06, Param MSE = 1.086267e-05, Grad norm = 1.259064e-07, Beta update rate = 4.279728e-09
Epoch 335800 (6.7%): Train pred MSE = 4.139668e-10, Test pred MSE = 1.086242e-06, Param MSE = 1.086260e-05, Grad norm = 1.256575e-07, Beta update rate = 4.270946e-09
Epoch 336000 (6.7%): Train pred MSE = 4.123910e-10, Test pred MSE = 1.086236e-06, Param MSE = 1.086254e-05, Grad norm = 1.254091e-07, Beta update rate = 4.262185e-09
Epoch 336200 (6.7%): Train pred MSE = 4.108214e-10, Test pred MSE = 1.086230e-06, Param MSE = 1.086248e-05, Grad norm = 1.251612e-07, Beta update rate = 4.253443e-09
Epoch 336400 (6.7%): Train pred MSE = 4.092580e-10, Test pred MSE = 1.086224e-06, Param MSE = 1.086241e-05, Grad norm = 1.249139e-07, Beta update rate = 4.244722e-09
Epoch 336600 (6.7%): Train pred MSE = 4.077007e-10, Test pred MSE = 1.086218e-06, Param MSE = 1.086235e-05, Grad norm = 1.246671e-07, Beta update rate = 4.236019e-09
Epoch 336800 (6.7%): Train pred MSE = 4.061496e-10, Test pred MSE = 1.086211e-06, Param MSE = 1.086229e-05, Grad norm = 1.244208e-07, Beta update rate = 4.227337e-09
Epoch 337000 (6.7%): Train pred MSE = 4.046047e-10, Test pred MSE = 1.086205e-06, Param MSE = 1.086222e-05, Grad norm = 1.241751e-07, Beta update rate = 4.218674e-09
Epoch 337200 (6.7%): Train pred MSE = 4.030658e-10, Test pred MSE = 1.086199e-06, Param MSE = 1.086216e-05, Grad norm = 1.239299e-07, Beta update rate = 4.210030e-09
Epoch 337400 (6.7%): Train pred MSE = 4.015330e-10, Test pred MSE = 1.086193e-06, Param MSE = 1.086210e-05, Grad norm = 1.236852e-07, Beta update rate = 4.201406e-09
Epoch 337600 (6.8%): Train pred MSE = 4.000062e-10, Test pred MSE = 1.086187e-06, Param MSE = 1.086204e-05, Grad norm = 1.234411e-07, Beta update rate = 4.192801e-09
Epoch 337800 (6.8%): Train pred MSE = 3.984855e-10, Test pred MSE = 1.086181e-06, Param MSE = 1.086198e-05, Grad norm = 1.231974e-07, Beta update rate = 4.184216e-09
Epoch 338000 (6.8%): Train pred MSE = 3.969707e-10, Test pred MSE = 1.086175e-06, Param MSE = 1.086191e-05, Grad norm = 1.229543e-07, Beta update rate = 4.175650e-09
Epoch 338200 (6.8%): Train pred MSE = 3.954620e-10, Test pred MSE = 1.086168e-06, Param MSE = 1.086185e-05, Grad norm = 1.227117e-07, Beta update rate = 4.167103e-09
Epoch 338400 (6.8%): Train pred MSE = 3.939591e-10, Test pred MSE = 1.086162e-06, Param MSE = 1.086179e-05, Grad norm = 1.224697e-07, Beta update rate = 4.158576e-09
Epoch 338600 (6.8%): Train pred MSE = 3.924622e-10, Test pred MSE = 1.086156e-06, Param MSE = 1.086173e-05, Grad norm = 1.222281e-07, Beta update rate = 4.150067e-09
Epoch 338800 (6.8%): Train pred MSE = 3.909712e-10, Test pred MSE = 1.086150e-06, Param MSE = 1.086167e-05, Grad norm = 1.219871e-07, Beta update rate = 4.141578e-09
Epoch 339000 (6.8%): Train pred MSE = 3.894861e-10, Test pred MSE = 1.086144e-06, Param MSE = 1.086161e-05, Grad norm = 1.217466e-07, Beta update rate = 4.133108e-09
Epoch 339200 (6.8%): Train pred MSE = 3.880068e-10, Test pred MSE = 1.086138e-06, Param MSE = 1.086154e-05, Grad norm = 1.215066e-07, Beta update rate = 4.124657e-09
Epoch 339400 (6.8%): Train pred MSE = 3.865334e-10, Test pred MSE = 1.086132e-06, Param MSE = 1.086148e-05, Grad norm = 1.212672e-07, Beta update rate = 4.116224e-09
Epoch 339600 (6.8%): Train pred MSE = 3.850657e-10, Test pred MSE = 1.086126e-06, Param MSE = 1.086142e-05, Grad norm = 1.210282e-07, Beta update rate = 4.107811e-09
Epoch 339800 (6.8%): Train pred MSE = 3.836038e-10, Test pred MSE = 1.086120e-06, Param MSE = 1.086136e-05, Grad norm = 1.207898e-07, Beta update rate = 4.099417e-09
Epoch 340000 (6.8%): Train pred MSE = 3.821477e-10, Test pred MSE = 1.086114e-06, Param MSE = 1.086130e-05, Grad norm = 1.205518e-07, Beta update rate = 4.091041e-09
Epoch 340200 (6.8%): Train pred MSE = 3.806973e-10, Test pred MSE = 1.086109e-06, Param MSE = 1.086124e-05, Grad norm = 1.203144e-07, Beta update rate = 4.082684e-09
Epoch 340400 (6.8%): Train pred MSE = 3.792526e-10, Test pred MSE = 1.086103e-06, Param MSE = 1.086118e-05, Grad norm = 1.200775e-07, Beta update rate = 4.074346e-09
Epoch 340600 (6.8%): Train pred MSE = 3.778136e-10, Test pred MSE = 1.086097e-06, Param MSE = 1.086112e-05, Grad norm = 1.198411e-07, Beta update rate = 4.066027e-09
Epoch 340800 (6.8%): Train pred MSE = 3.763803e-10, Test pred MSE = 1.086091e-06, Param MSE = 1.086106e-05, Grad norm = 1.196052e-07, Beta update rate = 4.057726e-09
Epoch 341000 (6.8%): Train pred MSE = 3.749526e-10, Test pred MSE = 1.086085e-06, Param MSE = 1.086100e-05, Grad norm = 1.193698e-07, Beta update rate = 4.049444e-09
Epoch 341200 (6.8%): Train pred MSE = 3.735305e-10, Test pred MSE = 1.086079e-06, Param MSE = 1.086094e-05, Grad norm = 1.191349e-07, Beta update rate = 4.041180e-09
Epoch 341400 (6.8%): Train pred MSE = 3.721140e-10, Test pred MSE = 1.086073e-06, Param MSE = 1.086088e-05, Grad norm = 1.189005e-07, Beta update rate = 4.032935e-09
Epoch 341600 (6.8%): Train pred MSE = 3.707031e-10, Test pred MSE = 1.086067e-06, Param MSE = 1.086082e-05, Grad norm = 1.186666e-07, Beta update rate = 4.024708e-09
Epoch 341800 (6.8%): Train pred MSE = 3.692977e-10, Test pred MSE = 1.086062e-06, Param MSE = 1.086076e-05, Grad norm = 1.184332e-07, Beta update rate = 4.016500e-09
Epoch 342000 (6.8%): Train pred MSE = 3.678978e-10, Test pred MSE = 1.086056e-06, Param MSE = 1.086071e-05, Grad norm = 1.182003e-07, Beta update rate = 4.008310e-09
Epoch 342200 (6.8%): Train pred MSE = 3.665035e-10, Test pred MSE = 1.086050e-06, Param MSE = 1.086065e-05, Grad norm = 1.179679e-07, Beta update rate = 4.000139e-09
Epoch 342400 (6.8%): Train pred MSE = 3.651146e-10, Test pred MSE = 1.086044e-06, Param MSE = 1.086059e-05, Grad norm = 1.177360e-07, Beta update rate = 3.991985e-09
Epoch 342600 (6.9%): Train pred MSE = 3.637311e-10, Test pred MSE = 1.086038e-06, Param MSE = 1.086053e-05, Grad norm = 1.175046e-07, Beta update rate = 3.983850e-09
Epoch 342800 (6.9%): Train pred MSE = 3.623531e-10, Test pred MSE = 1.086033e-06, Param MSE = 1.086047e-05, Grad norm = 1.172737e-07, Beta update rate = 3.975733e-09
Epoch 343000 (6.9%): Train pred MSE = 3.609805e-10, Test pred MSE = 1.086027e-06, Param MSE = 1.086041e-05, Grad norm = 1.170433e-07, Beta update rate = 3.967634e-09
Epoch 343200 (6.9%): Train pred MSE = 3.596133e-10, Test pred MSE = 1.086021e-06, Param MSE = 1.086035e-05, Grad norm = 1.168134e-07, Beta update rate = 3.959554e-09
Epoch 343400 (6.9%): Train pred MSE = 3.582515e-10, Test pred MSE = 1.086016e-06, Param MSE = 1.086030e-05, Grad norm = 1.165839e-07, Beta update rate = 3.951491e-09
Epoch 343600 (6.9%): Train pred MSE = 3.568950e-10, Test pred MSE = 1.086010e-06, Param MSE = 1.086024e-05, Grad norm = 1.163550e-07, Beta update rate = 3.943446e-09
Epoch 343800 (6.9%): Train pred MSE = 3.555438e-10, Test pred MSE = 1.086004e-06, Param MSE = 1.086018e-05, Grad norm = 1.161265e-07, Beta update rate = 3.935419e-09
Epoch 344000 (6.9%): Train pred MSE = 3.541980e-10, Test pred MSE = 1.085999e-06, Param MSE = 1.086012e-05, Grad norm = 1.158986e-07, Beta update rate = 3.927411e-09
Epoch 344200 (6.9%): Train pred MSE = 3.528574e-10, Test pred MSE = 1.085993e-06, Param MSE = 1.086007e-05, Grad norm = 1.156711e-07, Beta update rate = 3.919420e-09
Epoch 344400 (6.9%): Train pred MSE = 3.515220e-10, Test pred MSE = 1.085987e-06, Param MSE = 1.086001e-05, Grad norm = 1.154441e-07, Beta update rate = 3.911446e-09
Epoch 344600 (6.9%): Train pred MSE = 3.501919e-10, Test pred MSE = 1.085982e-06, Param MSE = 1.085995e-05, Grad norm = 1.152176e-07, Beta update rate = 3.903491e-09
Epoch 344800 (6.9%): Train pred MSE = 3.488671e-10, Test pred MSE = 1.085976e-06, Param MSE = 1.085989e-05, Grad norm = 1.149916e-07, Beta update rate = 3.895553e-09
Epoch 345000 (6.9%): Train pred MSE = 3.475474e-10, Test pred MSE = 1.085970e-06, Param MSE = 1.085984e-05, Grad norm = 1.147660e-07, Beta update rate = 3.887633e-09
Epoch 345200 (6.9%): Train pred MSE = 3.462328e-10, Test pred MSE = 1.085965e-06, Param MSE = 1.085978e-05, Grad norm = 1.145409e-07, Beta update rate = 3.879731e-09
Epoch 345400 (6.9%): Train pred MSE = 3.449235e-10, Test pred MSE = 1.085959e-06, Param MSE = 1.085972e-05, Grad norm = 1.143164e-07, Beta update rate = 3.871846e-09
Epoch 345600 (6.9%): Train pred MSE = 3.436192e-10, Test pred MSE = 1.085954e-06, Param MSE = 1.085967e-05, Grad norm = 1.140922e-07, Beta update rate = 3.863979e-09
Epoch 345800 (6.9%): Train pred MSE = 3.423201e-10, Test pred MSE = 1.085948e-06, Param MSE = 1.085961e-05, Grad norm = 1.138686e-07, Beta update rate = 3.856129e-09
Epoch 346000 (6.9%): Train pred MSE = 3.410260e-10, Test pred MSE = 1.085943e-06, Param MSE = 1.085956e-05, Grad norm = 1.136455e-07, Beta update rate = 3.848297e-09
Epoch 346200 (6.9%): Train pred MSE = 3.397371e-10, Test pred MSE = 1.085937e-06, Param MSE = 1.085950e-05, Grad norm = 1.134228e-07, Beta update rate = 3.840482e-09
Epoch 346400 (6.9%): Train pred MSE = 3.384531e-10, Test pred MSE = 1.085932e-06, Param MSE = 1.085944e-05, Grad norm = 1.132006e-07, Beta update rate = 3.832684e-09
Epoch 346600 (6.9%): Train pred MSE = 3.371742e-10, Test pred MSE = 1.085926e-06, Param MSE = 1.085939e-05, Grad norm = 1.129788e-07, Beta update rate = 3.824904e-09
Epoch 346800 (6.9%): Train pred MSE = 3.359003e-10, Test pred MSE = 1.085921e-06, Param MSE = 1.085933e-05, Grad norm = 1.127576e-07, Beta update rate = 3.817141e-09
Epoch 347000 (6.9%): Train pred MSE = 3.346314e-10, Test pred MSE = 1.085915e-06, Param MSE = 1.085928e-05, Grad norm = 1.125368e-07, Beta update rate = 3.809396e-09
Epoch 347200 (6.9%): Train pred MSE = 3.333674e-10, Test pred MSE = 1.085910e-06, Param MSE = 1.085922e-05, Grad norm = 1.123164e-07, Beta update rate = 3.801667e-09
Epoch 347400 (6.9%): Train pred MSE = 3.321084e-10, Test pred MSE = 1.085904e-06, Param MSE = 1.085917e-05, Grad norm = 1.120966e-07, Beta update rate = 3.793956e-09
Epoch 347600 (7.0%): Train pred MSE = 3.308543e-10, Test pred MSE = 1.085899e-06, Param MSE = 1.085911e-05, Grad norm = 1.118772e-07, Beta update rate = 3.786262e-09
Epoch 347800 (7.0%): Train pred MSE = 3.296052e-10, Test pred MSE = 1.085894e-06, Param MSE = 1.085906e-05, Grad norm = 1.116583e-07, Beta update rate = 3.778585e-09
Epoch 348000 (7.0%): Train pred MSE = 3.283609e-10, Test pred MSE = 1.085888e-06, Param MSE = 1.085900e-05, Grad norm = 1.114398e-07, Beta update rate = 3.770925e-09
Epoch 348200 (7.0%): Train pred MSE = 3.271214e-10, Test pred MSE = 1.085883e-06, Param MSE = 1.085895e-05, Grad norm = 1.112218e-07, Beta update rate = 3.763282e-09
Epoch 348400 (7.0%): Train pred MSE = 3.258868e-10, Test pred MSE = 1.085877e-06, Param MSE = 1.085889e-05, Grad norm = 1.110043e-07, Beta update rate = 3.755655e-09
Epoch 348600 (7.0%): Train pred MSE = 3.246571e-10, Test pred MSE = 1.085872e-06, Param MSE = 1.085884e-05, Grad norm = 1.107872e-07, Beta update rate = 3.748046e-09
Epoch 348800 (7.0%): Train pred MSE = 3.234321e-10, Test pred MSE = 1.085867e-06, Param MSE = 1.085878e-05, Grad norm = 1.105706e-07, Beta update rate = 3.740454e-09
Epoch 349000 (7.0%): Train pred MSE = 3.222119e-10, Test pred MSE = 1.085861e-06, Param MSE = 1.085873e-05, Grad norm = 1.103544e-07, Beta update rate = 3.732878e-09
Epoch 349200 (7.0%): Train pred MSE = 3.209965e-10, Test pred MSE = 1.085856e-06, Param MSE = 1.085867e-05, Grad norm = 1.101387e-07, Beta update rate = 3.725320e-09
Epoch 349400 (7.0%): Train pred MSE = 3.197858e-10, Test pred MSE = 1.085851e-06, Param MSE = 1.085862e-05, Grad norm = 1.099235e-07, Beta update rate = 3.717777e-09
Epoch 349600 (7.0%): Train pred MSE = 3.185799e-10, Test pred MSE = 1.085846e-06, Param MSE = 1.085857e-05, Grad norm = 1.097087e-07, Beta update rate = 3.710252e-09
Epoch 349800 (7.0%): Train pred MSE = 3.173787e-10, Test pred MSE = 1.085840e-06, Param MSE = 1.085851e-05, Grad norm = 1.094944e-07, Beta update rate = 3.702743e-09
Epoch 350000 (7.0%): Train pred MSE = 3.161821e-10, Test pred MSE = 1.085835e-06, Param MSE = 1.085846e-05, Grad norm = 1.092805e-07, Beta update rate = 3.695251e-09
Epoch 350200 (7.0%): Train pred MSE = 3.149903e-10, Test pred MSE = 1.085830e-06, Param MSE = 1.085841e-05, Grad norm = 1.090671e-07, Beta update rate = 3.687776e-09
Epoch 350400 (7.0%): Train pred MSE = 3.138030e-10, Test pred MSE = 1.085824e-06, Param MSE = 1.085835e-05, Grad norm = 1.088541e-07, Beta update rate = 3.680317e-09
Epoch 350600 (7.0%): Train pred MSE = 3.126204e-10, Test pred MSE = 1.085819e-06, Param MSE = 1.085830e-05, Grad norm = 1.086416e-07, Beta update rate = 3.672874e-09
Epoch 350800 (7.0%): Train pred MSE = 3.114425e-10, Test pred MSE = 1.085814e-06, Param MSE = 1.085825e-05, Grad norm = 1.084295e-07, Beta update rate = 3.665448e-09
Epoch 351000 (7.0%): Train pred MSE = 3.102691e-10, Test pred MSE = 1.085809e-06, Param MSE = 1.085819e-05, Grad norm = 1.082179e-07, Beta update rate = 3.658039e-09
Epoch 351200 (7.0%): Train pred MSE = 3.091003e-10, Test pred MSE = 1.085804e-06, Param MSE = 1.085814e-05, Grad norm = 1.080068e-07, Beta update rate = 3.650645e-09
Epoch 351400 (7.0%): Train pred MSE = 3.079360e-10, Test pred MSE = 1.085798e-06, Param MSE = 1.085809e-05, Grad norm = 1.077960e-07, Beta update rate = 3.643268e-09
Epoch 351600 (7.0%): Train pred MSE = 3.067763e-10, Test pred MSE = 1.085793e-06, Param MSE = 1.085804e-05, Grad norm = 1.075858e-07, Beta update rate = 3.635908e-09
Epoch 351800 (7.0%): Train pred MSE = 3.056211e-10, Test pred MSE = 1.085788e-06, Param MSE = 1.085798e-05, Grad norm = 1.073759e-07, Beta update rate = 3.628563e-09
Epoch 352000 (7.0%): Train pred MSE = 3.044704e-10, Test pred MSE = 1.085783e-06, Param MSE = 1.085793e-05, Grad norm = 1.071665e-07, Beta update rate = 3.621235e-09
Epoch 352200 (7.0%): Train pred MSE = 3.033242e-10, Test pred MSE = 1.085778e-06, Param MSE = 1.085788e-05, Grad norm = 1.069576e-07, Beta update rate = 3.613923e-09
Epoch 352400 (7.0%): Train pred MSE = 3.021824e-10, Test pred MSE = 1.085773e-06, Param MSE = 1.085783e-05, Grad norm = 1.067491e-07, Beta update rate = 3.606627e-09
Epoch 352600 (7.1%): Train pred MSE = 3.010451e-10, Test pred MSE = 1.085768e-06, Param MSE = 1.085777e-05, Grad norm = 1.065410e-07, Beta update rate = 3.599347e-09
Epoch 352800 (7.1%): Train pred MSE = 2.999123e-10, Test pred MSE = 1.085763e-06, Param MSE = 1.085772e-05, Grad norm = 1.063334e-07, Beta update rate = 3.592084e-09
Epoch 353000 (7.1%): Train pred MSE = 2.987838e-10, Test pred MSE = 1.085758e-06, Param MSE = 1.085767e-05, Grad norm = 1.061262e-07, Beta update rate = 3.584836e-09
Epoch 353200 (7.1%): Train pred MSE = 2.976598e-10, Test pred MSE = 1.085752e-06, Param MSE = 1.085762e-05, Grad norm = 1.059194e-07, Beta update rate = 3.577604e-09
Epoch 353400 (7.1%): Train pred MSE = 2.965401e-10, Test pred MSE = 1.085747e-06, Param MSE = 1.085757e-05, Grad norm = 1.057131e-07, Beta update rate = 3.570388e-09
Epoch 353600 (7.1%): Train pred MSE = 2.954247e-10, Test pred MSE = 1.085742e-06, Param MSE = 1.085752e-05, Grad norm = 1.055072e-07, Beta update rate = 3.563188e-09
Epoch 353800 (7.1%): Train pred MSE = 2.943137e-10, Test pred MSE = 1.085737e-06, Param MSE = 1.085747e-05, Grad norm = 1.053018e-07, Beta update rate = 3.556004e-09
Epoch 354000 (7.1%): Train pred MSE = 2.932071e-10, Test pred MSE = 1.085732e-06, Param MSE = 1.085741e-05, Grad norm = 1.050967e-07, Beta update rate = 3.548836e-09
Epoch 354200 (7.1%): Train pred MSE = 2.921047e-10, Test pred MSE = 1.085727e-06, Param MSE = 1.085736e-05, Grad norm = 1.048922e-07, Beta update rate = 3.541683e-09
Epoch 354400 (7.1%): Train pred MSE = 2.910066e-10, Test pred MSE = 1.085722e-06, Param MSE = 1.085731e-05, Grad norm = 1.046880e-07, Beta update rate = 3.534546e-09
Epoch 354600 (7.1%): Train pred MSE = 2.899128e-10, Test pred MSE = 1.085717e-06, Param MSE = 1.085726e-05, Grad norm = 1.044843e-07, Beta update rate = 3.527425e-09
Epoch 354800 (7.1%): Train pred MSE = 2.888232e-10, Test pred MSE = 1.085712e-06, Param MSE = 1.085721e-05, Grad norm = 1.042810e-07, Beta update rate = 3.520320e-09
Epoch 355000 (7.1%): Train pred MSE = 2.877379e-10, Test pred MSE = 1.085707e-06, Param MSE = 1.085716e-05, Grad norm = 1.040781e-07, Beta update rate = 3.513230e-09
Epoch 355200 (7.1%): Train pred MSE = 2.866568e-10, Test pred MSE = 1.085702e-06, Param MSE = 1.085711e-05, Grad norm = 1.038757e-07, Beta update rate = 3.506155e-09
Epoch 355400 (7.1%): Train pred MSE = 2.855799e-10, Test pred MSE = 1.085698e-06, Param MSE = 1.085706e-05, Grad norm = 1.036737e-07, Beta update rate = 3.499097e-09
Epoch 355600 (7.1%): Train pred MSE = 2.845072e-10, Test pred MSE = 1.085693e-06, Param MSE = 1.085701e-05, Grad norm = 1.034721e-07, Beta update rate = 3.492053e-09
Epoch 355800 (7.1%): Train pred MSE = 2.834387e-10, Test pred MSE = 1.085688e-06, Param MSE = 1.085696e-05, Grad norm = 1.032709e-07, Beta update rate = 3.485026e-09
Epoch 356000 (7.1%): Train pred MSE = 2.823743e-10, Test pred MSE = 1.085683e-06, Param MSE = 1.085691e-05, Grad norm = 1.030702e-07, Beta update rate = 3.478013e-09
Epoch 356200 (7.1%): Train pred MSE = 2.813140e-10, Test pred MSE = 1.085678e-06, Param MSE = 1.085686e-05, Grad norm = 1.028699e-07, Beta update rate = 3.471016e-09
Epoch 356400 (7.1%): Train pred MSE = 2.802578e-10, Test pred MSE = 1.085673e-06, Param MSE = 1.085681e-05, Grad norm = 1.026700e-07, Beta update rate = 3.464035e-09
Epoch 356600 (7.1%): Train pred MSE = 2.792058e-10, Test pred MSE = 1.085668e-06, Param MSE = 1.085676e-05, Grad norm = 1.024705e-07, Beta update rate = 3.457068e-09
Epoch 356800 (7.1%): Train pred MSE = 2.781578e-10, Test pred MSE = 1.085663e-06, Param MSE = 1.085671e-05, Grad norm = 1.022714e-07, Beta update rate = 3.450117e-09
Epoch 357000 (7.1%): Train pred MSE = 2.771139e-10, Test pred MSE = 1.085658e-06, Param MSE = 1.085666e-05, Grad norm = 1.020728e-07, Beta update rate = 3.443181e-09
Epoch 357200 (7.1%): Train pred MSE = 2.760741e-10, Test pred MSE = 1.085654e-06, Param MSE = 1.085661e-05, Grad norm = 1.018746e-07, Beta update rate = 3.436261e-09
Epoch 357400 (7.1%): Train pred MSE = 2.750383e-10, Test pred MSE = 1.085649e-06, Param MSE = 1.085657e-05, Grad norm = 1.016767e-07, Beta update rate = 3.429355e-09
Epoch 357600 (7.2%): Train pred MSE = 2.740065e-10, Test pred MSE = 1.085644e-06, Param MSE = 1.085652e-05, Grad norm = 1.014794e-07, Beta update rate = 3.422465e-09
Epoch 357800 (7.2%): Train pred MSE = 2.729787e-10, Test pred MSE = 1.085639e-06, Param MSE = 1.085647e-05, Grad norm = 1.012824e-07, Beta update rate = 3.415590e-09
Epoch 358000 (7.2%): Train pred MSE = 2.719549e-10, Test pred MSE = 1.085634e-06, Param MSE = 1.085642e-05, Grad norm = 1.010858e-07, Beta update rate = 3.408730e-09
Epoch 358200 (7.2%): Train pred MSE = 2.709350e-10, Test pred MSE = 1.085630e-06, Param MSE = 1.085637e-05, Grad norm = 1.008897e-07, Beta update rate = 3.401885e-09
Epoch 358400 (7.2%): Train pred MSE = 2.699191e-10, Test pred MSE = 1.085625e-06, Param MSE = 1.085632e-05, Grad norm = 1.006939e-07, Beta update rate = 3.395054e-09
Epoch 358600 (7.2%): Train pred MSE = 2.689072e-10, Test pred MSE = 1.085620e-06, Param MSE = 1.085627e-05, Grad norm = 1.004986e-07, Beta update rate = 3.388239e-09
Epoch 358800 (7.2%): Train pred MSE = 2.678992e-10, Test pred MSE = 1.085615e-06, Param MSE = 1.085623e-05, Grad norm = 1.003037e-07, Beta update rate = 3.381439e-09
Epoch 359000 (7.2%): Train pred MSE = 2.668951e-10, Test pred MSE = 1.085611e-06, Param MSE = 1.085618e-05, Grad norm = 1.001091e-07, Beta update rate = 3.374653e-09
Epoch 359200 (7.2%): Train pred MSE = 2.658948e-10, Test pred MSE = 1.085606e-06, Param MSE = 1.085613e-05, Grad norm = 9.991504e-08, Beta update rate = 3.367883e-09
Epoch 359400 (7.2%): Train pred MSE = 2.648985e-10, Test pred MSE = 1.085601e-06, Param MSE = 1.085608e-05, Grad norm = 9.972134e-08, Beta update rate = 3.361127e-09
Epoch 359600 (7.2%): Train pred MSE = 2.639060e-10, Test pred MSE = 1.085597e-06, Param MSE = 1.085603e-05, Grad norm = 9.952805e-08, Beta update rate = 3.354386e-09
Epoch 359800 (7.2%): Train pred MSE = 2.629173e-10, Test pred MSE = 1.085592e-06, Param MSE = 1.085599e-05, Grad norm = 9.933516e-08, Beta update rate = 3.347659e-09
Epoch 360000 (7.2%): Train pred MSE = 2.619325e-10, Test pred MSE = 1.085587e-06, Param MSE = 1.085594e-05, Grad norm = 9.914267e-08, Beta update rate = 3.340948e-09
Epoch 360200 (7.2%): Train pred MSE = 2.609515e-10, Test pred MSE = 1.085583e-06, Param MSE = 1.085589e-05, Grad norm = 9.895059e-08, Beta update rate = 3.334251e-09
Epoch 360400 (7.2%): Train pred MSE = 2.599743e-10, Test pred MSE = 1.085578e-06, Param MSE = 1.085584e-05, Grad norm = 9.875891e-08, Beta update rate = 3.327568e-09
Epoch 360600 (7.2%): Train pred MSE = 2.590009e-10, Test pred MSE = 1.085573e-06, Param MSE = 1.085580e-05, Grad norm = 9.856763e-08, Beta update rate = 3.320901e-09
Epoch 360800 (7.2%): Train pred MSE = 2.580312e-10, Test pred MSE = 1.085569e-06, Param MSE = 1.085575e-05, Grad norm = 9.837675e-08, Beta update rate = 3.314247e-09
Epoch 361000 (7.2%): Train pred MSE = 2.570653e-10, Test pred MSE = 1.085564e-06, Param MSE = 1.085570e-05, Grad norm = 9.818627e-08, Beta update rate = 3.307609e-09
Epoch 361200 (7.2%): Train pred MSE = 2.561031e-10, Test pred MSE = 1.085560e-06, Param MSE = 1.085566e-05, Grad norm = 9.799619e-08, Beta update rate = 3.300984e-09
Epoch 361400 (7.2%): Train pred MSE = 2.551447e-10, Test pred MSE = 1.085555e-06, Param MSE = 1.085561e-05, Grad norm = 9.780651e-08, Beta update rate = 3.294374e-09
Epoch 361600 (7.2%): Train pred MSE = 2.541899e-10, Test pred MSE = 1.085550e-06, Param MSE = 1.085556e-05, Grad norm = 9.761722e-08, Beta update rate = 3.287779e-09
Epoch 361800 (7.2%): Train pred MSE = 2.532389e-10, Test pred MSE = 1.085546e-06, Param MSE = 1.085552e-05, Grad norm = 9.742833e-08, Beta update rate = 3.281198e-09
Epoch 362000 (7.2%): Train pred MSE = 2.522915e-10, Test pred MSE = 1.085541e-06, Param MSE = 1.085547e-05, Grad norm = 9.723983e-08, Beta update rate = 3.274631e-09
Epoch 362200 (7.2%): Train pred MSE = 2.513478e-10, Test pred MSE = 1.085537e-06, Param MSE = 1.085542e-05, Grad norm = 9.705172e-08, Beta update rate = 3.268079e-09
Epoch 362400 (7.2%): Train pred MSE = 2.504077e-10, Test pred MSE = 1.085532e-06, Param MSE = 1.085538e-05, Grad norm = 9.686401e-08, Beta update rate = 3.261541e-09
Epoch 362600 (7.3%): Train pred MSE = 2.494713e-10, Test pred MSE = 1.085528e-06, Param MSE = 1.085533e-05, Grad norm = 9.667669e-08, Beta update rate = 3.255017e-09
Epoch 362800 (7.3%): Train pred MSE = 2.485384e-10, Test pred MSE = 1.085523e-06, Param MSE = 1.085529e-05, Grad norm = 9.648976e-08, Beta update rate = 3.248507e-09
Epoch 363000 (7.3%): Train pred MSE = 2.476092e-10, Test pred MSE = 1.085519e-06, Param MSE = 1.085524e-05, Grad norm = 9.630322e-08, Beta update rate = 3.242012e-09
Epoch 363200 (7.3%): Train pred MSE = 2.466836e-10, Test pred MSE = 1.085514e-06, Param MSE = 1.085519e-05, Grad norm = 9.611707e-08, Beta update rate = 3.235530e-09
Epoch 363400 (7.3%): Train pred MSE = 2.457616e-10, Test pred MSE = 1.085510e-06, Param MSE = 1.085515e-05, Grad norm = 9.593131e-08, Beta update rate = 3.229063e-09
Epoch 363600 (7.3%): Train pred MSE = 2.448431e-10, Test pred MSE = 1.085505e-06, Param MSE = 1.085510e-05, Grad norm = 9.574594e-08, Beta update rate = 3.222610e-09
Epoch 363800 (7.3%): Train pred MSE = 2.439281e-10, Test pred MSE = 1.085501e-06, Param MSE = 1.085506e-05, Grad norm = 9.556095e-08, Beta update rate = 3.216170e-09
Epoch 364000 (7.3%): Train pred MSE = 2.430167e-10, Test pred MSE = 1.085496e-06, Param MSE = 1.085501e-05, Grad norm = 9.537635e-08, Beta update rate = 3.209745e-09
Epoch 364200 (7.3%): Train pred MSE = 2.421088e-10, Test pred MSE = 1.085492e-06, Param MSE = 1.085497e-05, Grad norm = 9.519213e-08, Beta update rate = 3.203334e-09
Epoch 364400 (7.3%): Train pred MSE = 2.412044e-10, Test pred MSE = 1.085487e-06, Param MSE = 1.085492e-05, Grad norm = 9.500829e-08, Beta update rate = 3.196936e-09
Epoch 364600 (7.3%): Train pred MSE = 2.403035e-10, Test pred MSE = 1.085483e-06, Param MSE = 1.085488e-05, Grad norm = 9.482484e-08, Beta update rate = 3.190553e-09
Epoch 364800 (7.3%): Train pred MSE = 2.394061e-10, Test pred MSE = 1.085479e-06, Param MSE = 1.085483e-05, Grad norm = 9.464177e-08, Beta update rate = 3.184183e-09
Epoch 365000 (7.3%): Train pred MSE = 2.385121e-10, Test pred MSE = 1.085474e-06, Param MSE = 1.085479e-05, Grad norm = 9.445909e-08, Beta update rate = 3.177827e-09
Epoch 365200 (7.3%): Train pred MSE = 2.376216e-10, Test pred MSE = 1.085470e-06, Param MSE = 1.085474e-05, Grad norm = 9.427678e-08, Beta update rate = 3.171485e-09
Epoch 365400 (7.3%): Train pred MSE = 2.367345e-10, Test pred MSE = 1.085465e-06, Param MSE = 1.085470e-05, Grad norm = 9.409485e-08, Beta update rate = 3.165157e-09
Epoch 365600 (7.3%): Train pred MSE = 2.358509e-10, Test pred MSE = 1.085461e-06, Param MSE = 1.085465e-05, Grad norm = 9.391330e-08, Beta update rate = 3.158843e-09
Epoch 365800 (7.3%): Train pred MSE = 2.349706e-10, Test pred MSE = 1.085457e-06, Param MSE = 1.085461e-05, Grad norm = 9.373213e-08, Beta update rate = 3.152542e-09
Epoch 366000 (7.3%): Train pred MSE = 2.340937e-10, Test pred MSE = 1.085452e-06, Param MSE = 1.085456e-05, Grad norm = 9.355133e-08, Beta update rate = 3.146255e-09
Epoch 366200 (7.3%): Train pred MSE = 2.332203e-10, Test pred MSE = 1.085448e-06, Param MSE = 1.085452e-05, Grad norm = 9.337091e-08, Beta update rate = 3.139981e-09
Epoch 366400 (7.3%): Train pred MSE = 2.323501e-10, Test pred MSE = 1.085444e-06, Param MSE = 1.085448e-05, Grad norm = 9.319087e-08, Beta update rate = 3.133721e-09
Epoch 366600 (7.3%): Train pred MSE = 2.314834e-10, Test pred MSE = 1.085439e-06, Param MSE = 1.085443e-05, Grad norm = 9.301120e-08, Beta update rate = 3.127475e-09
Epoch 366800 (7.3%): Train pred MSE = 2.306199e-10, Test pred MSE = 1.085435e-06, Param MSE = 1.085439e-05, Grad norm = 9.283190e-08, Beta update rate = 3.121242e-09
Epoch 367000 (7.3%): Train pred MSE = 2.297598e-10, Test pred MSE = 1.085431e-06, Param MSE = 1.085434e-05, Grad norm = 9.265298e-08, Beta update rate = 3.115022e-09
Epoch 367200 (7.3%): Train pred MSE = 2.289030e-10, Test pred MSE = 1.085426e-06, Param MSE = 1.085430e-05, Grad norm = 9.247442e-08, Beta update rate = 3.108816e-09
Epoch 367400 (7.3%): Train pred MSE = 2.280496e-10, Test pred MSE = 1.085422e-06, Param MSE = 1.085426e-05, Grad norm = 9.229624e-08, Beta update rate = 3.102624e-09
Epoch 367600 (7.4%): Train pred MSE = 2.271993e-10, Test pred MSE = 1.085418e-06, Param MSE = 1.085421e-05, Grad norm = 9.211843e-08, Beta update rate = 3.096445e-09
Epoch 367800 (7.4%): Train pred MSE = 2.263524e-10, Test pred MSE = 1.085414e-06, Param MSE = 1.085417e-05, Grad norm = 9.194098e-08, Beta update rate = 3.090279e-09
Epoch 368000 (7.4%): Train pred MSE = 2.255087e-10, Test pred MSE = 1.085409e-06, Param MSE = 1.085413e-05, Grad norm = 9.176391e-08, Beta update rate = 3.084127e-09
Epoch 368200 (7.4%): Train pred MSE = 2.246683e-10, Test pred MSE = 1.085405e-06, Param MSE = 1.085408e-05, Grad norm = 9.158720e-08, Beta update rate = 3.077988e-09
Epoch 368400 (7.4%): Train pred MSE = 2.238311e-10, Test pred MSE = 1.085401e-06, Param MSE = 1.085404e-05, Grad norm = 9.141086e-08, Beta update rate = 3.071862e-09
Epoch 368600 (7.4%): Train pred MSE = 2.229971e-10, Test pred MSE = 1.085397e-06, Param MSE = 1.085400e-05, Grad norm = 9.123488e-08, Beta update rate = 3.065749e-09
Epoch 368800 (7.4%): Train pred MSE = 2.221664e-10, Test pred MSE = 1.085392e-06, Param MSE = 1.085396e-05, Grad norm = 9.105927e-08, Beta update rate = 3.059650e-09
Epoch 369000 (7.4%): Train pred MSE = 2.213388e-10, Test pred MSE = 1.085388e-06, Param MSE = 1.085391e-05, Grad norm = 9.088403e-08, Beta update rate = 3.053564e-09
Epoch 369200 (7.4%): Train pred MSE = 2.205144e-10, Test pred MSE = 1.085384e-06, Param MSE = 1.085387e-05, Grad norm = 9.070914e-08, Beta update rate = 3.047491e-09
Epoch 369400 (7.4%): Train pred MSE = 2.196932e-10, Test pred MSE = 1.085380e-06, Param MSE = 1.085383e-05, Grad norm = 9.053462e-08, Beta update rate = 3.041431e-09
Epoch 369600 (7.4%): Train pred MSE = 2.188751e-10, Test pred MSE = 1.085376e-06, Param MSE = 1.085378e-05, Grad norm = 9.036046e-08, Beta update rate = 3.035384e-09
Epoch 369800 (7.4%): Train pred MSE = 2.180602e-10, Test pred MSE = 1.085372e-06, Param MSE = 1.085374e-05, Grad norm = 9.018666e-08, Beta update rate = 3.029350e-09
Epoch 370000 (7.4%): Train pred MSE = 2.172484e-10, Test pred MSE = 1.085367e-06, Param MSE = 1.085370e-05, Grad norm = 9.001323e-08, Beta update rate = 3.023329e-09
Epoch 370200 (7.4%): Train pred MSE = 2.164398e-10, Test pred MSE = 1.085363e-06, Param MSE = 1.085366e-05, Grad norm = 8.984015e-08, Beta update rate = 3.017321e-09
Epoch 370400 (7.4%): Train pred MSE = 2.156342e-10, Test pred MSE = 1.085359e-06, Param MSE = 1.085362e-05, Grad norm = 8.966742e-08, Beta update rate = 3.011326e-09
Epoch 370600 (7.4%): Train pred MSE = 2.148317e-10, Test pred MSE = 1.085355e-06, Param MSE = 1.085357e-05, Grad norm = 8.949506e-08, Beta update rate = 3.005344e-09
Epoch 370800 (7.4%): Train pred MSE = 2.140323e-10, Test pred MSE = 1.085351e-06, Param MSE = 1.085353e-05, Grad norm = 8.932305e-08, Beta update rate = 2.999375e-09
Epoch 371000 (7.4%): Train pred MSE = 2.132360e-10, Test pred MSE = 1.085347e-06, Param MSE = 1.085349e-05, Grad norm = 8.915140e-08, Beta update rate = 2.993419e-09
Epoch 371200 (7.4%): Train pred MSE = 2.124428e-10, Test pred MSE = 1.085343e-06, Param MSE = 1.085345e-05, Grad norm = 8.898010e-08, Beta update rate = 2.987476e-09
Epoch 371400 (7.4%): Train pred MSE = 2.116525e-10, Test pred MSE = 1.085339e-06, Param MSE = 1.085341e-05, Grad norm = 8.880916e-08, Beta update rate = 2.981545e-09
Epoch 371600 (7.4%): Train pred MSE = 2.108654e-10, Test pred MSE = 1.085335e-06, Param MSE = 1.085337e-05, Grad norm = 8.863857e-08, Beta update rate = 2.975627e-09
Epoch 371800 (7.4%): Train pred MSE = 2.100812e-10, Test pred MSE = 1.085331e-06, Param MSE = 1.085332e-05, Grad norm = 8.846834e-08, Beta update rate = 2.969722e-09
Epoch 372000 (7.4%): Train pred MSE = 2.093001e-10, Test pred MSE = 1.085327e-06, Param MSE = 1.085328e-05, Grad norm = 8.829845e-08, Beta update rate = 2.963830e-09
Epoch 372200 (7.4%): Train pred MSE = 2.085219e-10, Test pred MSE = 1.085323e-06, Param MSE = 1.085324e-05, Grad norm = 8.812892e-08, Beta update rate = 2.957950e-09
Epoch 372400 (7.4%): Train pred MSE = 2.077467e-10, Test pred MSE = 1.085318e-06, Param MSE = 1.085320e-05, Grad norm = 8.795973e-08, Beta update rate = 2.952083e-09
Epoch 372600 (7.5%): Train pred MSE = 2.069745e-10, Test pred MSE = 1.085314e-06, Param MSE = 1.085316e-05, Grad norm = 8.779090e-08, Beta update rate = 2.946229e-09
Epoch 372800 (7.5%): Train pred MSE = 2.062053e-10, Test pred MSE = 1.085310e-06, Param MSE = 1.085312e-05, Grad norm = 8.762241e-08, Beta update rate = 2.940387e-09
Epoch 373000 (7.5%): Train pred MSE = 2.054390e-10, Test pred MSE = 1.085306e-06, Param MSE = 1.085308e-05, Grad norm = 8.745427e-08, Beta update rate = 2.934558e-09
Epoch 373200 (7.5%): Train pred MSE = 2.046757e-10, Test pred MSE = 1.085302e-06, Param MSE = 1.085304e-05, Grad norm = 8.728648e-08, Beta update rate = 2.928741e-09
Epoch 373400 (7.5%): Train pred MSE = 2.039152e-10, Test pred MSE = 1.085298e-06, Param MSE = 1.085300e-05, Grad norm = 8.711904e-08, Beta update rate = 2.922937e-09
Epoch 373600 (7.5%): Train pred MSE = 2.031577e-10, Test pred MSE = 1.085294e-06, Param MSE = 1.085296e-05, Grad norm = 8.695194e-08, Beta update rate = 2.917145e-09
Epoch 373800 (7.5%): Train pred MSE = 2.024031e-10, Test pred MSE = 1.085291e-06, Param MSE = 1.085292e-05, Grad norm = 8.678518e-08, Beta update rate = 2.911366e-09
Epoch 374000 (7.5%): Train pred MSE = 2.016514e-10, Test pred MSE = 1.085287e-06, Param MSE = 1.085288e-05, Grad norm = 8.661877e-08, Beta update rate = 2.905599e-09
Epoch 374200 (7.5%): Train pred MSE = 2.009026e-10, Test pred MSE = 1.085283e-06, Param MSE = 1.085284e-05, Grad norm = 8.645271e-08, Beta update rate = 2.899844e-09
Epoch 374400 (7.5%): Train pred MSE = 2.001566e-10, Test pred MSE = 1.085279e-06, Param MSE = 1.085280e-05, Grad norm = 8.628698e-08, Beta update rate = 2.894102e-09
Epoch 374600 (7.5%): Train pred MSE = 1.994135e-10, Test pred MSE = 1.085275e-06, Param MSE = 1.085276e-05, Grad norm = 8.612160e-08, Beta update rate = 2.888372e-09
Epoch 374800 (7.5%): Train pred MSE = 1.986733e-10, Test pred MSE = 1.085271e-06, Param MSE = 1.085272e-05, Grad norm = 8.595655e-08, Beta update rate = 2.882654e-09
Epoch 375000 (7.5%): Train pred MSE = 1.979358e-10, Test pred MSE = 1.085267e-06, Param MSE = 1.085268e-05, Grad norm = 8.579185e-08, Beta update rate = 2.876949e-09
Epoch 375200 (7.5%): Train pred MSE = 1.972012e-10, Test pred MSE = 1.085263e-06, Param MSE = 1.085264e-05, Grad norm = 8.562748e-08, Beta update rate = 2.871256e-09
Epoch 375400 (7.5%): Train pred MSE = 1.964694e-10, Test pred MSE = 1.085259e-06, Param MSE = 1.085260e-05, Grad norm = 8.546346e-08, Beta update rate = 2.865575e-09
Epoch 375600 (7.5%): Train pred MSE = 1.957404e-10, Test pred MSE = 1.085255e-06, Param MSE = 1.085256e-05, Grad norm = 8.529977e-08, Beta update rate = 2.859906e-09
Epoch 375800 (7.5%): Train pred MSE = 1.950142e-10, Test pred MSE = 1.085251e-06, Param MSE = 1.085252e-05, Grad norm = 8.513642e-08, Beta update rate = 2.854250e-09
Epoch 376000 (7.5%): Train pred MSE = 1.942908e-10, Test pred MSE = 1.085248e-06, Param MSE = 1.085248e-05, Grad norm = 8.497341e-08, Beta update rate = 2.848605e-09
Epoch 376200 (7.5%): Train pred MSE = 1.935702e-10, Test pred MSE = 1.085244e-06, Param MSE = 1.085244e-05, Grad norm = 8.481073e-08, Beta update rate = 2.842973e-09
Epoch 376400 (7.5%): Train pred MSE = 1.928523e-10, Test pred MSE = 1.085240e-06, Param MSE = 1.085240e-05, Grad norm = 8.464838e-08, Beta update rate = 2.837353e-09
Epoch 376600 (7.5%): Train pred MSE = 1.921371e-10, Test pred MSE = 1.085236e-06, Param MSE = 1.085236e-05, Grad norm = 8.448637e-08, Beta update rate = 2.831744e-09
Epoch 376800 (7.5%): Train pred MSE = 1.914247e-10, Test pred MSE = 1.085232e-06, Param MSE = 1.085232e-05, Grad norm = 8.432469e-08, Beta update rate = 2.826148e-09
Epoch 377000 (7.5%): Train pred MSE = 1.907150e-10, Test pred MSE = 1.085228e-06, Param MSE = 1.085228e-05, Grad norm = 8.416335e-08, Beta update rate = 2.820564e-09
Epoch 377200 (7.5%): Train pred MSE = 1.900080e-10, Test pred MSE = 1.085225e-06, Param MSE = 1.085224e-05, Grad norm = 8.400233e-08, Beta update rate = 2.814991e-09
Epoch 377400 (7.5%): Train pred MSE = 1.893037e-10, Test pred MSE = 1.085221e-06, Param MSE = 1.085220e-05, Grad norm = 8.384165e-08, Beta update rate = 2.809431e-09
Epoch 377600 (7.6%): Train pred MSE = 1.886022e-10, Test pred MSE = 1.085217e-06, Param MSE = 1.085217e-05, Grad norm = 8.368130e-08, Beta update rate = 2.803882e-09
Epoch 377800 (7.6%): Train pred MSE = 1.879032e-10, Test pred MSE = 1.085213e-06, Param MSE = 1.085213e-05, Grad norm = 8.352127e-08, Beta update rate = 2.798346e-09
Epoch 378000 (7.6%): Train pred MSE = 1.872070e-10, Test pred MSE = 1.085209e-06, Param MSE = 1.085209e-05, Grad norm = 8.336158e-08, Beta update rate = 2.792821e-09
Epoch 378200 (7.6%): Train pred MSE = 1.865134e-10, Test pred MSE = 1.085206e-06, Param MSE = 1.085205e-05, Grad norm = 8.320221e-08, Beta update rate = 2.787308e-09
Epoch 378400 (7.6%): Train pred MSE = 1.858225e-10, Test pred MSE = 1.085202e-06, Param MSE = 1.085201e-05, Grad norm = 8.304317e-08, Beta update rate = 2.781806e-09
Epoch 378600 (7.6%): Train pred MSE = 1.851342e-10, Test pred MSE = 1.085198e-06, Param MSE = 1.085197e-05, Grad norm = 8.288446e-08, Beta update rate = 2.776317e-09
Epoch 378800 (7.6%): Train pred MSE = 1.844486e-10, Test pred MSE = 1.085194e-06, Param MSE = 1.085194e-05, Grad norm = 8.272607e-08, Beta update rate = 2.770839e-09
Epoch 379000 (7.6%): Train pred MSE = 1.837655e-10, Test pred MSE = 1.085191e-06, Param MSE = 1.085190e-05, Grad norm = 8.256801e-08, Beta update rate = 2.765373e-09
Epoch 379200 (7.6%): Train pred MSE = 1.830851e-10, Test pred MSE = 1.085187e-06, Param MSE = 1.085186e-05, Grad norm = 8.241027e-08, Beta update rate = 2.759918e-09
Epoch 379400 (7.6%): Train pred MSE = 1.824072e-10, Test pred MSE = 1.085183e-06, Param MSE = 1.085182e-05, Grad norm = 8.225285e-08, Beta update rate = 2.754476e-09
Epoch 379600 (7.6%): Train pred MSE = 1.817320e-10, Test pred MSE = 1.085179e-06, Param MSE = 1.085178e-05, Grad norm = 8.209576e-08, Beta update rate = 2.749044e-09
Epoch 379800 (7.6%): Train pred MSE = 1.810593e-10, Test pred MSE = 1.085176e-06, Param MSE = 1.085175e-05, Grad norm = 8.193899e-08, Beta update rate = 2.743625e-09
Epoch 380000 (7.6%): Train pred MSE = 1.803892e-10, Test pred MSE = 1.085172e-06, Param MSE = 1.085171e-05, Grad norm = 8.178254e-08, Beta update rate = 2.738217e-09
Epoch 380200 (7.6%): Train pred MSE = 1.797216e-10, Test pred MSE = 1.085168e-06, Param MSE = 1.085167e-05, Grad norm = 8.162641e-08, Beta update rate = 2.732820e-09
Epoch 380400 (7.6%): Train pred MSE = 1.790566e-10, Test pred MSE = 1.085165e-06, Param MSE = 1.085163e-05, Grad norm = 8.147060e-08, Beta update rate = 2.727435e-09
Epoch 380600 (7.6%): Train pred MSE = 1.783942e-10, Test pred MSE = 1.085161e-06, Param MSE = 1.085160e-05, Grad norm = 8.131511e-08, Beta update rate = 2.722062e-09
Epoch 380800 (7.6%): Train pred MSE = 1.777342e-10, Test pred MSE = 1.085157e-06, Param MSE = 1.085156e-05, Grad norm = 8.115994e-08, Beta update rate = 2.716699e-09
Epoch 381000 (7.6%): Train pred MSE = 1.770768e-10, Test pred MSE = 1.085154e-06, Param MSE = 1.085152e-05, Grad norm = 8.100509e-08, Beta update rate = 2.711349e-09
Epoch 381200 (7.6%): Train pred MSE = 1.764219e-10, Test pred MSE = 1.085150e-06, Param MSE = 1.085149e-05, Grad norm = 8.085055e-08, Beta update rate = 2.706009e-09
Epoch 381400 (7.6%): Train pred MSE = 1.757695e-10, Test pred MSE = 1.085147e-06, Param MSE = 1.085145e-05, Grad norm = 8.069633e-08, Beta update rate = 2.700682e-09
Epoch 381600 (7.6%): Train pred MSE = 1.751195e-10, Test pred MSE = 1.085143e-06, Param MSE = 1.085141e-05, Grad norm = 8.054242e-08, Beta update rate = 2.695365e-09
Epoch 381800 (7.6%): Train pred MSE = 1.744721e-10, Test pred MSE = 1.085139e-06, Param MSE = 1.085137e-05, Grad norm = 8.038883e-08, Beta update rate = 2.690060e-09
Epoch 382000 (7.6%): Train pred MSE = 1.738271e-10, Test pred MSE = 1.085136e-06, Param MSE = 1.085134e-05, Grad norm = 8.023556e-08, Beta update rate = 2.684766e-09
Epoch 382200 (7.6%): Train pred MSE = 1.731845e-10, Test pred MSE = 1.085132e-06, Param MSE = 1.085130e-05, Grad norm = 8.008260e-08, Beta update rate = 2.679483e-09
Epoch 382400 (7.6%): Train pred MSE = 1.725444e-10, Test pred MSE = 1.085129e-06, Param MSE = 1.085127e-05, Grad norm = 7.992995e-08, Beta update rate = 2.674211e-09
Epoch 382600 (7.7%): Train pred MSE = 1.719068e-10, Test pred MSE = 1.085125e-06, Param MSE = 1.085123e-05, Grad norm = 7.977761e-08, Beta update rate = 2.668951e-09
Epoch 382800 (7.7%): Train pred MSE = 1.712715e-10, Test pred MSE = 1.085121e-06, Param MSE = 1.085119e-05, Grad norm = 7.962558e-08, Beta update rate = 2.663702e-09
Epoch 383000 (7.7%): Train pred MSE = 1.706387e-10, Test pred MSE = 1.085118e-06, Param MSE = 1.085116e-05, Grad norm = 7.947387e-08, Beta update rate = 2.658464e-09
Epoch 383200 (7.7%): Train pred MSE = 1.700083e-10, Test pred MSE = 1.085114e-06, Param MSE = 1.085112e-05, Grad norm = 7.932246e-08, Beta update rate = 2.653237e-09
Epoch 383400 (7.7%): Train pred MSE = 1.693803e-10, Test pred MSE = 1.085111e-06, Param MSE = 1.085108e-05, Grad norm = 7.917137e-08, Beta update rate = 2.648022e-09
Epoch 383600 (7.7%): Train pred MSE = 1.687547e-10, Test pred MSE = 1.085107e-06, Param MSE = 1.085105e-05, Grad norm = 7.902058e-08, Beta update rate = 2.642817e-09
Epoch 383800 (7.7%): Train pred MSE = 1.681315e-10, Test pred MSE = 1.085104e-06, Param MSE = 1.085101e-05, Grad norm = 7.887010e-08, Beta update rate = 2.637623e-09
Epoch 384000 (7.7%): Train pred MSE = 1.675107e-10, Test pred MSE = 1.085100e-06, Param MSE = 1.085098e-05, Grad norm = 7.871992e-08, Beta update rate = 2.632441e-09
Epoch 384200 (7.7%): Train pred MSE = 1.668922e-10, Test pred MSE = 1.085097e-06, Param MSE = 1.085094e-05, Grad norm = 7.857006e-08, Beta update rate = 2.627269e-09
Epoch 384400 (7.7%): Train pred MSE = 1.662760e-10, Test pred MSE = 1.085093e-06, Param MSE = 1.085090e-05, Grad norm = 7.842050e-08, Beta update rate = 2.622109e-09
Epoch 384600 (7.7%): Train pred MSE = 1.656622e-10, Test pred MSE = 1.085090e-06, Param MSE = 1.085087e-05, Grad norm = 7.827124e-08, Beta update rate = 2.616959e-09
Epoch 384800 (7.7%): Train pred MSE = 1.650508e-10, Test pred MSE = 1.085086e-06, Param MSE = 1.085083e-05, Grad norm = 7.812229e-08, Beta update rate = 2.611820e-09
Epoch 385000 (7.7%): Train pred MSE = 1.644416e-10, Test pred MSE = 1.085083e-06, Param MSE = 1.085080e-05, Grad norm = 7.797364e-08, Beta update rate = 2.606692e-09
Epoch 385200 (7.7%): Train pred MSE = 1.638348e-10, Test pred MSE = 1.085079e-06, Param MSE = 1.085076e-05, Grad norm = 7.782530e-08, Beta update rate = 2.601575e-09
Epoch 385400 (7.7%): Train pred MSE = 1.632303e-10, Test pred MSE = 1.085076e-06, Param MSE = 1.085073e-05, Grad norm = 7.767726e-08, Beta update rate = 2.596469e-09
Epoch 385600 (7.7%): Train pred MSE = 1.626281e-10, Test pred MSE = 1.085072e-06, Param MSE = 1.085069e-05, Grad norm = 7.752952e-08, Beta update rate = 2.591374e-09
Epoch 385800 (7.7%): Train pred MSE = 1.620281e-10, Test pred MSE = 1.085069e-06, Param MSE = 1.085066e-05, Grad norm = 7.738208e-08, Beta update rate = 2.586289e-09
Epoch 386000 (7.7%): Train pred MSE = 1.614305e-10, Test pred MSE = 1.085065e-06, Param MSE = 1.085062e-05, Grad norm = 7.723494e-08, Beta update rate = 2.581216e-09
Epoch 386200 (7.7%): Train pred MSE = 1.608351e-10, Test pred MSE = 1.085062e-06, Param MSE = 1.085059e-05, Grad norm = 7.708810e-08, Beta update rate = 2.576153e-09
Epoch 386400 (7.7%): Train pred MSE = 1.602420e-10, Test pred MSE = 1.085059e-06, Param MSE = 1.085055e-05, Grad norm = 7.694156e-08, Beta update rate = 2.571100e-09
Epoch 386600 (7.7%): Train pred MSE = 1.596511e-10, Test pred MSE = 1.085055e-06, Param MSE = 1.085052e-05, Grad norm = 7.679532e-08, Beta update rate = 2.566059e-09
Epoch 386800 (7.7%): Train pred MSE = 1.590625e-10, Test pred MSE = 1.085052e-06, Param MSE = 1.085048e-05, Grad norm = 7.664938e-08, Beta update rate = 2.561028e-09
Epoch 387000 (7.7%): Train pred MSE = 1.584761e-10, Test pred MSE = 1.085048e-06, Param MSE = 1.085045e-05, Grad norm = 7.650373e-08, Beta update rate = 2.556008e-09
Epoch 387200 (7.7%): Train pred MSE = 1.578919e-10, Test pred MSE = 1.085045e-06, Param MSE = 1.085041e-05, Grad norm = 7.635838e-08, Beta update rate = 2.550998e-09
Epoch 387400 (7.7%): Train pred MSE = 1.573100e-10, Test pred MSE = 1.085042e-06, Param MSE = 1.085038e-05, Grad norm = 7.621333e-08, Beta update rate = 2.545999e-09
Epoch 387600 (7.8%): Train pred MSE = 1.567302e-10, Test pred MSE = 1.085038e-06, Param MSE = 1.085034e-05, Grad norm = 7.606857e-08, Beta update rate = 2.541010e-09
Epoch 387800 (7.8%): Train pred MSE = 1.561527e-10, Test pred MSE = 1.085035e-06, Param MSE = 1.085031e-05, Grad norm = 7.592410e-08, Beta update rate = 2.536032e-09
Epoch 388000 (7.8%): Train pred MSE = 1.555774e-10, Test pred MSE = 1.085031e-06, Param MSE = 1.085027e-05, Grad norm = 7.577993e-08, Beta update rate = 2.531065e-09
Epoch 388200 (7.8%): Train pred MSE = 1.550042e-10, Test pred MSE = 1.085028e-06, Param MSE = 1.085024e-05, Grad norm = 7.563605e-08, Beta update rate = 2.526108e-09
Epoch 388400 (7.8%): Train pred MSE = 1.544332e-10, Test pred MSE = 1.085025e-06, Param MSE = 1.085021e-05, Grad norm = 7.549247e-08, Beta update rate = 2.521162e-09
Epoch 388600 (7.8%): Train pred MSE = 1.538644e-10, Test pred MSE = 1.085021e-06, Param MSE = 1.085017e-05, Grad norm = 7.534917e-08, Beta update rate = 2.516226e-09
Epoch 388800 (7.8%): Train pred MSE = 1.532977e-10, Test pred MSE = 1.085018e-06, Param MSE = 1.085014e-05, Grad norm = 7.520617e-08, Beta update rate = 2.511300e-09
Epoch 389000 (7.8%): Train pred MSE = 1.527332e-10, Test pred MSE = 1.085015e-06, Param MSE = 1.085010e-05, Grad norm = 7.506346e-08, Beta update rate = 2.506385e-09
Epoch 389200 (7.8%): Train pred MSE = 1.521708e-10, Test pred MSE = 1.085011e-06, Param MSE = 1.085007e-05, Grad norm = 7.492104e-08, Beta update rate = 2.501480e-09
Epoch 389400 (7.8%): Train pred MSE = 1.516106e-10, Test pred MSE = 1.085008e-06, Param MSE = 1.085004e-05, Grad norm = 7.477890e-08, Beta update rate = 2.496586e-09
Epoch 389600 (7.8%): Train pred MSE = 1.510525e-10, Test pred MSE = 1.085005e-06, Param MSE = 1.085000e-05, Grad norm = 7.463706e-08, Beta update rate = 2.491701e-09
Epoch 389800 (7.8%): Train pred MSE = 1.504965e-10, Test pred MSE = 1.085002e-06, Param MSE = 1.084997e-05, Grad norm = 7.449550e-08, Beta update rate = 2.486828e-09
Epoch 390000 (7.8%): Train pred MSE = 1.499426e-10, Test pred MSE = 1.084998e-06, Param MSE = 1.084994e-05, Grad norm = 7.435423e-08, Beta update rate = 2.481964e-09
Epoch 390200 (7.8%): Train pred MSE = 1.493908e-10, Test pred MSE = 1.084995e-06, Param MSE = 1.084990e-05, Grad norm = 7.421325e-08, Beta update rate = 2.477111e-09
Epoch 390400 (7.8%): Train pred MSE = 1.488411e-10, Test pred MSE = 1.084992e-06, Param MSE = 1.084987e-05, Grad norm = 7.407255e-08, Beta update rate = 2.472268e-09
Epoch 390600 (7.8%): Train pred MSE = 1.482934e-10, Test pred MSE = 1.084988e-06, Param MSE = 1.084984e-05, Grad norm = 7.393214e-08, Beta update rate = 2.467435e-09
Epoch 390800 (7.8%): Train pred MSE = 1.477479e-10, Test pred MSE = 1.084985e-06, Param MSE = 1.084980e-05, Grad norm = 7.379201e-08, Beta update rate = 2.462612e-09
Epoch 391000 (7.8%): Train pred MSE = 1.472044e-10, Test pred MSE = 1.084982e-06, Param MSE = 1.084977e-05, Grad norm = 7.365217e-08, Beta update rate = 2.457800e-09
Epoch 391200 (7.8%): Train pred MSE = 1.466630e-10, Test pred MSE = 1.084979e-06, Param MSE = 1.084974e-05, Grad norm = 7.351261e-08, Beta update rate = 2.452997e-09
Epoch 391400 (7.8%): Train pred MSE = 1.461236e-10, Test pred MSE = 1.084975e-06, Param MSE = 1.084970e-05, Grad norm = 7.337334e-08, Beta update rate = 2.448205e-09
Epoch 391600 (7.8%): Train pred MSE = 1.455863e-10, Test pred MSE = 1.084972e-06, Param MSE = 1.084967e-05, Grad norm = 7.323434e-08, Beta update rate = 2.443423e-09
Epoch 391800 (7.8%): Train pred MSE = 1.450510e-10, Test pred MSE = 1.084969e-06, Param MSE = 1.084964e-05, Grad norm = 7.309563e-08, Beta update rate = 2.438651e-09
Epoch 392000 (7.8%): Train pred MSE = 1.445177e-10, Test pred MSE = 1.084966e-06, Param MSE = 1.084961e-05, Grad norm = 7.295720e-08, Beta update rate = 2.433889e-09
Epoch 392200 (7.8%): Train pred MSE = 1.439864e-10, Test pred MSE = 1.084963e-06, Param MSE = 1.084957e-05, Grad norm = 7.281905e-08, Beta update rate = 2.429137e-09
Epoch 392400 (7.8%): Train pred MSE = 1.434572e-10, Test pred MSE = 1.084959e-06, Param MSE = 1.084954e-05, Grad norm = 7.268118e-08, Beta update rate = 2.424394e-09
Epoch 392600 (7.9%): Train pred MSE = 1.429299e-10, Test pred MSE = 1.084956e-06, Param MSE = 1.084951e-05, Grad norm = 7.254359e-08, Beta update rate = 2.419662e-09
Epoch 392800 (7.9%): Train pred MSE = 1.424047e-10, Test pred MSE = 1.084953e-06, Param MSE = 1.084948e-05, Grad norm = 7.240627e-08, Beta update rate = 2.414940e-09
Epoch 393000 (7.9%): Train pred MSE = 1.418814e-10, Test pred MSE = 1.084950e-06, Param MSE = 1.084944e-05, Grad norm = 7.226924e-08, Beta update rate = 2.410228e-09
Epoch 393200 (7.9%): Train pred MSE = 1.413601e-10, Test pred MSE = 1.084947e-06, Param MSE = 1.084941e-05, Grad norm = 7.213248e-08, Beta update rate = 2.405526e-09
Epoch 393400 (7.9%): Train pred MSE = 1.408408e-10, Test pred MSE = 1.084944e-06, Param MSE = 1.084938e-05, Grad norm = 7.199600e-08, Beta update rate = 2.400833e-09
Epoch 393600 (7.9%): Train pred MSE = 1.403234e-10, Test pred MSE = 1.084940e-06, Param MSE = 1.084935e-05, Grad norm = 7.185979e-08, Beta update rate = 2.396151e-09
Epoch 393800 (7.9%): Train pred MSE = 1.398080e-10, Test pred MSE = 1.084937e-06, Param MSE = 1.084931e-05, Grad norm = 7.172386e-08, Beta update rate = 2.391478e-09
Epoch 394000 (7.9%): Train pred MSE = 1.392946e-10, Test pred MSE = 1.084934e-06, Param MSE = 1.084928e-05, Grad norm = 7.158820e-08, Beta update rate = 2.386815e-09
Epoch 394200 (7.9%): Train pred MSE = 1.387831e-10, Test pred MSE = 1.084931e-06, Param MSE = 1.084925e-05, Grad norm = 7.145282e-08, Beta update rate = 2.382162e-09
Epoch 394400 (7.9%): Train pred MSE = 1.382735e-10, Test pred MSE = 1.084928e-06, Param MSE = 1.084922e-05, Grad norm = 7.131772e-08, Beta update rate = 2.377519e-09
Epoch 394600 (7.9%): Train pred MSE = 1.377658e-10, Test pred MSE = 1.084925e-06, Param MSE = 1.084919e-05, Grad norm = 7.118288e-08, Beta update rate = 2.372885e-09
Epoch 394800 (7.9%): Train pred MSE = 1.372601e-10, Test pred MSE = 1.084922e-06, Param MSE = 1.084916e-05, Grad norm = 7.104832e-08, Beta update rate = 2.368261e-09
Epoch 395000 (7.9%): Train pred MSE = 1.367563e-10, Test pred MSE = 1.084919e-06, Param MSE = 1.084912e-05, Grad norm = 7.091403e-08, Beta update rate = 2.363647e-09
Epoch 395200 (7.9%): Train pred MSE = 1.362544e-10, Test pred MSE = 1.084915e-06, Param MSE = 1.084909e-05, Grad norm = 7.078001e-08, Beta update rate = 2.359042e-09
Epoch 395400 (7.9%): Train pred MSE = 1.357543e-10, Test pred MSE = 1.084912e-06, Param MSE = 1.084906e-05, Grad norm = 7.064626e-08, Beta update rate = 2.354447e-09
Epoch 395600 (7.9%): Train pred MSE = 1.352562e-10, Test pred MSE = 1.084909e-06, Param MSE = 1.084903e-05, Grad norm = 7.051278e-08, Beta update rate = 2.349862e-09
Epoch 395800 (7.9%): Train pred MSE = 1.347599e-10, Test pred MSE = 1.084906e-06, Param MSE = 1.084900e-05, Grad norm = 7.037957e-08, Beta update rate = 2.345287e-09
Epoch 396000 (7.9%): Train pred MSE = 1.342655e-10, Test pred MSE = 1.084903e-06, Param MSE = 1.084897e-05, Grad norm = 7.024663e-08, Beta update rate = 2.340721e-09
Epoch 396200 (7.9%): Train pred MSE = 1.337730e-10, Test pred MSE = 1.084900e-06, Param MSE = 1.084894e-05, Grad norm = 7.011396e-08, Beta update rate = 2.336164e-09
Epoch 396400 (7.9%): Train pred MSE = 1.332824e-10, Test pred MSE = 1.084897e-06, Param MSE = 1.084890e-05, Grad norm = 6.998156e-08, Beta update rate = 2.331617e-09
Epoch 396600 (7.9%): Train pred MSE = 1.327936e-10, Test pred MSE = 1.084894e-06, Param MSE = 1.084887e-05, Grad norm = 6.984942e-08, Beta update rate = 2.327080e-09
Epoch 396800 (7.9%): Train pred MSE = 1.323066e-10, Test pred MSE = 1.084891e-06, Param MSE = 1.084884e-05, Grad norm = 6.971755e-08, Beta update rate = 2.322552e-09
Epoch 397000 (7.9%): Train pred MSE = 1.318215e-10, Test pred MSE = 1.084888e-06, Param MSE = 1.084881e-05, Grad norm = 6.958595e-08, Beta update rate = 2.318033e-09
Epoch 397200 (7.9%): Train pred MSE = 1.313382e-10, Test pred MSE = 1.084885e-06, Param MSE = 1.084878e-05, Grad norm = 6.945461e-08, Beta update rate = 2.313524e-09
Epoch 397400 (7.9%): Train pred MSE = 1.308567e-10, Test pred MSE = 1.084882e-06, Param MSE = 1.084875e-05, Grad norm = 6.932353e-08, Beta update rate = 2.309025e-09
Epoch 397600 (8.0%): Train pred MSE = 1.303770e-10, Test pred MSE = 1.084879e-06, Param MSE = 1.084872e-05, Grad norm = 6.919272e-08, Beta update rate = 2.304535e-09
Epoch 397800 (8.0%): Train pred MSE = 1.298992e-10, Test pred MSE = 1.084876e-06, Param MSE = 1.084869e-05, Grad norm = 6.906217e-08, Beta update rate = 2.300054e-09
Epoch 398000 (8.0%): Train pred MSE = 1.294231e-10, Test pred MSE = 1.084873e-06, Param MSE = 1.084866e-05, Grad norm = 6.893189e-08, Beta update rate = 2.295583e-09
Epoch 398200 (8.0%): Train pred MSE = 1.289489e-10, Test pred MSE = 1.084870e-06, Param MSE = 1.084863e-05, Grad norm = 6.880187e-08, Beta update rate = 2.291121e-09
Epoch 398400 (8.0%): Train pred MSE = 1.284764e-10, Test pred MSE = 1.084867e-06, Param MSE = 1.084860e-05, Grad norm = 6.867211e-08, Beta update rate = 2.286668e-09
Epoch 398600 (8.0%): Train pred MSE = 1.280057e-10, Test pred MSE = 1.084864e-06, Param MSE = 1.084857e-05, Grad norm = 6.854261e-08, Beta update rate = 2.282225e-09
Epoch 398800 (8.0%): Train pred MSE = 1.275368e-10, Test pred MSE = 1.084861e-06, Param MSE = 1.084854e-05, Grad norm = 6.841337e-08, Beta update rate = 2.277790e-09
Epoch 399000 (8.0%): Train pred MSE = 1.270696e-10, Test pred MSE = 1.084858e-06, Param MSE = 1.084851e-05, Grad norm = 6.828439e-08, Beta update rate = 2.273366e-09
Epoch 399200 (8.0%): Train pred MSE = 1.266042e-10, Test pred MSE = 1.084855e-06, Param MSE = 1.084848e-05, Grad norm = 6.815567e-08, Beta update rate = 2.268950e-09
Epoch 399400 (8.0%): Train pred MSE = 1.261406e-10, Test pred MSE = 1.084852e-06, Param MSE = 1.084845e-05, Grad norm = 6.802722e-08, Beta update rate = 2.264544e-09
Epoch 399600 (8.0%): Train pred MSE = 1.256787e-10, Test pred MSE = 1.084849e-06, Param MSE = 1.084842e-05, Grad norm = 6.789901e-08, Beta update rate = 2.260147e-09
Epoch 399800 (8.0%): Train pred MSE = 1.252186e-10, Test pred MSE = 1.084846e-06, Param MSE = 1.084839e-05, Grad norm = 6.777107e-08, Beta update rate = 2.255759e-09
Epoch 400000 (8.0%): Train pred MSE = 1.247601e-10, Test pred MSE = 1.084843e-06, Param MSE = 1.084836e-05, Grad norm = 6.764339e-08, Beta update rate = 2.251380e-09
Epoch 400200 (8.0%): Train pred MSE = 1.243034e-10, Test pred MSE = 1.084840e-06, Param MSE = 1.084833e-05, Grad norm = 6.751596e-08, Beta update rate = 2.247010e-09
Epoch 400400 (8.0%): Train pred MSE = 1.238485e-10, Test pred MSE = 1.084837e-06, Param MSE = 1.084830e-05, Grad norm = 6.738878e-08, Beta update rate = 2.242649e-09
Epoch 400600 (8.0%): Train pred MSE = 1.233952e-10, Test pred MSE = 1.084835e-06, Param MSE = 1.084827e-05, Grad norm = 6.726187e-08, Beta update rate = 2.238298e-09
Epoch 400800 (8.0%): Train pred MSE = 1.229436e-10, Test pred MSE = 1.084832e-06, Param MSE = 1.084824e-05, Grad norm = 6.713520e-08, Beta update rate = 2.233956e-09
Epoch 401000 (8.0%): Train pred MSE = 1.224938e-10, Test pred MSE = 1.084829e-06, Param MSE = 1.084821e-05, Grad norm = 6.700880e-08, Beta update rate = 2.229622e-09
Epoch 401200 (8.0%): Train pred MSE = 1.220456e-10, Test pred MSE = 1.084826e-06, Param MSE = 1.084818e-05, Grad norm = 6.688264e-08, Beta update rate = 2.225298e-09
Epoch 401400 (8.0%): Train pred MSE = 1.215991e-10, Test pred MSE = 1.084823e-06, Param MSE = 1.084815e-05, Grad norm = 6.675674e-08, Beta update rate = 2.220983e-09
Epoch 401600 (8.0%): Train pred MSE = 1.211543e-10, Test pred MSE = 1.084820e-06, Param MSE = 1.084812e-05, Grad norm = 6.663109e-08, Beta update rate = 2.216676e-09
Epoch 401800 (8.0%): Train pred MSE = 1.207112e-10, Test pred MSE = 1.084817e-06, Param MSE = 1.084809e-05, Grad norm = 6.650570e-08, Beta update rate = 2.212379e-09
Epoch 402000 (8.0%): Train pred MSE = 1.202697e-10, Test pred MSE = 1.084814e-06, Param MSE = 1.084806e-05, Grad norm = 6.638055e-08, Beta update rate = 2.208090e-09
Epoch 402200 (8.0%): Train pred MSE = 1.198299e-10, Test pred MSE = 1.084811e-06, Param MSE = 1.084803e-05, Grad norm = 6.625566e-08, Beta update rate = 2.203811e-09
Epoch 402400 (8.0%): Train pred MSE = 1.193918e-10, Test pred MSE = 1.084809e-06, Param MSE = 1.084800e-05, Grad norm = 6.613102e-08, Beta update rate = 2.199540e-09
Epoch 402600 (8.1%): Train pred MSE = 1.189553e-10, Test pred MSE = 1.084806e-06, Param MSE = 1.084797e-05, Grad norm = 6.600663e-08, Beta update rate = 2.195279e-09
Epoch 402800 (8.1%): Train pred MSE = 1.185204e-10, Test pred MSE = 1.084803e-06, Param MSE = 1.084794e-05, Grad norm = 6.588248e-08, Beta update rate = 2.191026e-09
Epoch 403000 (8.1%): Train pred MSE = 1.180872e-10, Test pred MSE = 1.084800e-06, Param MSE = 1.084792e-05, Grad norm = 6.575859e-08, Beta update rate = 2.186782e-09
Epoch 403200 (8.1%): Train pred MSE = 1.176556e-10, Test pred MSE = 1.084797e-06, Param MSE = 1.084789e-05, Grad norm = 6.563494e-08, Beta update rate = 2.182547e-09
Epoch 403400 (8.1%): Train pred MSE = 1.172256e-10, Test pred MSE = 1.084794e-06, Param MSE = 1.084786e-05, Grad norm = 6.551155e-08, Beta update rate = 2.178320e-09
Epoch 403600 (8.1%): Train pred MSE = 1.167973e-10, Test pred MSE = 1.084792e-06, Param MSE = 1.084783e-05, Grad norm = 6.538840e-08, Beta update rate = 2.174103e-09
Epoch 403800 (8.1%): Train pred MSE = 1.163705e-10, Test pred MSE = 1.084789e-06, Param MSE = 1.084780e-05, Grad norm = 6.526549e-08, Beta update rate = 2.169894e-09
Epoch 404000 (8.1%): Train pred MSE = 1.159453e-10, Test pred MSE = 1.084786e-06, Param MSE = 1.084777e-05, Grad norm = 6.514284e-08, Beta update rate = 2.165694e-09
Epoch 404200 (8.1%): Train pred MSE = 1.155218e-10, Test pred MSE = 1.084783e-06, Param MSE = 1.084774e-05, Grad norm = 6.502042e-08, Beta update rate = 2.161503e-09
Epoch 404400 (8.1%): Train pred MSE = 1.150998e-10, Test pred MSE = 1.084780e-06, Param MSE = 1.084771e-05, Grad norm = 6.489826e-08, Beta update rate = 2.157320e-09
Epoch 404600 (8.1%): Train pred MSE = 1.146794e-10, Test pred MSE = 1.084778e-06, Param MSE = 1.084769e-05, Grad norm = 6.477634e-08, Beta update rate = 2.153146e-09
Epoch 404800 (8.1%): Train pred MSE = 1.142606e-10, Test pred MSE = 1.084775e-06, Param MSE = 1.084766e-05, Grad norm = 6.465466e-08, Beta update rate = 2.148981e-09
Epoch 405000 (8.1%): Train pred MSE = 1.138434e-10, Test pred MSE = 1.084772e-06, Param MSE = 1.084763e-05, Grad norm = 6.453322e-08, Beta update rate = 2.144825e-09
Epoch 405200 (8.1%): Train pred MSE = 1.134277e-10, Test pred MSE = 1.084769e-06, Param MSE = 1.084760e-05, Grad norm = 6.441203e-08, Beta update rate = 2.140677e-09
Epoch 405400 (8.1%): Train pred MSE = 1.130136e-10, Test pred MSE = 1.084767e-06, Param MSE = 1.084757e-05, Grad norm = 6.429109e-08, Beta update rate = 2.136537e-09
Epoch 405600 (8.1%): Train pred MSE = 1.126011e-10, Test pred MSE = 1.084764e-06, Param MSE = 1.084755e-05, Grad norm = 6.417038e-08, Beta update rate = 2.132406e-09
Epoch 405800 (8.1%): Train pred MSE = 1.121901e-10, Test pred MSE = 1.084761e-06, Param MSE = 1.084752e-05, Grad norm = 6.404991e-08, Beta update rate = 2.128284e-09
Epoch 406000 (8.1%): Train pred MSE = 1.117806e-10, Test pred MSE = 1.084758e-06, Param MSE = 1.084749e-05, Grad norm = 6.392969e-08, Beta update rate = 2.124171e-09
Epoch 406200 (8.1%): Train pred MSE = 1.113727e-10, Test pred MSE = 1.084756e-06, Param MSE = 1.084746e-05, Grad norm = 6.380971e-08, Beta update rate = 2.120066e-09
Epoch 406400 (8.1%): Train pred MSE = 1.109663e-10, Test pred MSE = 1.084753e-06, Param MSE = 1.084743e-05, Grad norm = 6.368996e-08, Beta update rate = 2.115969e-09
Epoch 406600 (8.1%): Train pred MSE = 1.105614e-10, Test pred MSE = 1.084750e-06, Param MSE = 1.084741e-05, Grad norm = 6.357046e-08, Beta update rate = 2.111881e-09
Epoch 406800 (8.1%): Train pred MSE = 1.101581e-10, Test pred MSE = 1.084748e-06, Param MSE = 1.084738e-05, Grad norm = 6.345119e-08, Beta update rate = 2.107801e-09
Epoch 407000 (8.1%): Train pred MSE = 1.097562e-10, Test pred MSE = 1.084745e-06, Param MSE = 1.084735e-05, Grad norm = 6.333217e-08, Beta update rate = 2.103730e-09
Epoch 407200 (8.1%): Train pred MSE = 1.093559e-10, Test pred MSE = 1.084742e-06, Param MSE = 1.084732e-05, Grad norm = 6.321338e-08, Beta update rate = 2.099667e-09
Epoch 407400 (8.1%): Train pred MSE = 1.089570e-10, Test pred MSE = 1.084739e-06, Param MSE = 1.084730e-05, Grad norm = 6.309482e-08, Beta update rate = 2.095613e-09
Epoch 407600 (8.2%): Train pred MSE = 1.085597e-10, Test pred MSE = 1.084737e-06, Param MSE = 1.084727e-05, Grad norm = 6.297651e-08, Beta update rate = 2.091567e-09
Epoch 407800 (8.2%): Train pred MSE = 1.081638e-10, Test pred MSE = 1.084734e-06, Param MSE = 1.084724e-05, Grad norm = 6.285843e-08, Beta update rate = 2.087530e-09
Epoch 408000 (8.2%): Train pred MSE = 1.077695e-10, Test pred MSE = 1.084731e-06, Param MSE = 1.084721e-05, Grad norm = 6.274059e-08, Beta update rate = 2.083500e-09
Epoch 408200 (8.2%): Train pred MSE = 1.073766e-10, Test pred MSE = 1.084729e-06, Param MSE = 1.084719e-05, Grad norm = 6.262298e-08, Beta update rate = 2.079480e-09
Epoch 408400 (8.2%): Train pred MSE = 1.069851e-10, Test pred MSE = 1.084726e-06, Param MSE = 1.084716e-05, Grad norm = 6.250561e-08, Beta update rate = 2.075467e-09
Epoch 408600 (8.2%): Train pred MSE = 1.065952e-10, Test pred MSE = 1.084723e-06, Param MSE = 1.084713e-05, Grad norm = 6.238847e-08, Beta update rate = 2.071463e-09
Epoch 408800 (8.2%): Train pred MSE = 1.062067e-10, Test pred MSE = 1.084721e-06, Param MSE = 1.084711e-05, Grad norm = 6.227156e-08, Beta update rate = 2.067467e-09
Epoch 409000 (8.2%): Train pred MSE = 1.058196e-10, Test pred MSE = 1.084718e-06, Param MSE = 1.084708e-05, Grad norm = 6.215489e-08, Beta update rate = 2.063479e-09
Epoch 409200 (8.2%): Train pred MSE = 1.054341e-10, Test pred MSE = 1.084715e-06, Param MSE = 1.084705e-05, Grad norm = 6.203845e-08, Beta update rate = 2.059500e-09
Epoch 409400 (8.2%): Train pred MSE = 1.050499e-10, Test pred MSE = 1.084713e-06, Param MSE = 1.084702e-05, Grad norm = 6.192224e-08, Beta update rate = 2.055529e-09
Epoch 409600 (8.2%): Train pred MSE = 1.046672e-10, Test pred MSE = 1.084710e-06, Param MSE = 1.084700e-05, Grad norm = 6.180627e-08, Beta update rate = 2.051566e-09
Epoch 409800 (8.2%): Train pred MSE = 1.042859e-10, Test pred MSE = 1.084708e-06, Param MSE = 1.084697e-05, Grad norm = 6.169052e-08, Beta update rate = 2.047611e-09
Epoch 410000 (8.2%): Train pred MSE = 1.039061e-10, Test pred MSE = 1.084705e-06, Param MSE = 1.084694e-05, Grad norm = 6.157501e-08, Beta update rate = 2.043664e-09
Epoch 410200 (8.2%): Train pred MSE = 1.035276e-10, Test pred MSE = 1.084702e-06, Param MSE = 1.084692e-05, Grad norm = 6.145973e-08, Beta update rate = 2.039726e-09
Epoch 410400 (8.2%): Train pred MSE = 1.031506e-10, Test pred MSE = 1.084700e-06, Param MSE = 1.084689e-05, Grad norm = 6.134467e-08, Beta update rate = 2.035795e-09
Epoch 410600 (8.2%): Train pred MSE = 1.027750e-10, Test pred MSE = 1.084697e-06, Param MSE = 1.084686e-05, Grad norm = 6.122985e-08, Beta update rate = 2.031873e-09
Epoch 410800 (8.2%): Train pred MSE = 1.024008e-10, Test pred MSE = 1.084695e-06, Param MSE = 1.084684e-05, Grad norm = 6.111525e-08, Beta update rate = 2.027959e-09
Epoch 411000 (8.2%): Train pred MSE = 1.020280e-10, Test pred MSE = 1.084692e-06, Param MSE = 1.084681e-05, Grad norm = 6.100089e-08, Beta update rate = 2.024053e-09
Epoch 411200 (8.2%): Train pred MSE = 1.016566e-10, Test pred MSE = 1.084689e-06, Param MSE = 1.084679e-05, Grad norm = 6.088675e-08, Beta update rate = 2.020155e-09
Epoch 411400 (8.2%): Train pred MSE = 1.012866e-10, Test pred MSE = 1.084687e-06, Param MSE = 1.084676e-05, Grad norm = 6.077283e-08, Beta update rate = 2.016265e-09
Epoch 411600 (8.2%): Train pred MSE = 1.009179e-10, Test pred MSE = 1.084684e-06, Param MSE = 1.084673e-05, Grad norm = 6.065915e-08, Beta update rate = 2.012383e-09
Epoch 411800 (8.2%): Train pred MSE = 1.005507e-10, Test pred MSE = 1.084682e-06, Param MSE = 1.084671e-05, Grad norm = 6.054569e-08, Beta update rate = 2.008509e-09
Epoch 412000 (8.2%): Train pred MSE = 1.001848e-10, Test pred MSE = 1.084679e-06, Param MSE = 1.084668e-05, Grad norm = 6.043245e-08, Beta update rate = 2.004643e-09
Epoch 412200 (8.2%): Train pred MSE = 9.982025e-11, Test pred MSE = 1.084677e-06, Param MSE = 1.084665e-05, Grad norm = 6.031945e-08, Beta update rate = 2.000785e-09

Training completed at epoch 412200
Stop reason: train_pred_mse
Final Train pred MSE = 9.982025e-11
Final Test pred MSE = 1.084677e-06
Final Param MSE = 1.084665e-05
Final Grad norm = 6.031945e-08
Final Beta update rate = 2.000785e-09
Success flag: True (train_pred_mse < 1.00e-10)
Results metadata saved to results/diagonal/step2_support/c_nz=0.500000--c_z=0.001000--alpha=0.300000--seed=1/results_meta.json
Saved c_vec to results/diagonal/step2_support/c_nz=0.500000--c_z=0.001000--alpha=0.300000--seed=1/c_vec.npy

Results saved to results/diagonal/step2_support/c_nz=0.500000--c_z=0.001000--alpha=0.300000--seed=1/
Total jobs in this sweep: 72
Cases: good (c_nz=0.001, c_z=0.5), bad (c_nz=0.5, c_z=0.001)
Alpha values: [0.05, 0.1, 0.2, 0.25, 0.3, 0.4, 0.5, 0.6, 0.7, 0.8, 0.9, 1.0]
Seeds: [0, 1, 2]
================================================================================
Step 2 Support Sweep - Experiment Parameters:
================================================================================
  c: 0.001
  c_mode: support
  c_nz: 0.5
  c_z: 0.001
  epochs: 5000000
  init_method: complex
  inp_dim: 1000
  lmda: 0.0
  lr: 0.5
  n_test: 10000
  n_train: 300
  no_tuning: True
  rho: 0.04
  save_folder: results/diagonal/step2_support/c_nz=0.500000--c_z=0.001000--alpha=0.300000--seed=1/
  scaling: 1.0
  seed: 1
  test_every_n_epochs: 200
  threshold: 1e-12
================================================================================

Case: bad (c_nz=0.5, c_z=0.001)

Running training script...

Extracting results and saving to CSV...
Results appended to /home/na658/multi-task2/experiment_results_step2_support.csv

✓ Experiment 49 completed successfully
[SLURM] Job 20446161 task 49 finished
