[SLURM] Job 20446040 task 58 starting on cpu-q-226
[SLURM] Step 1 Mixture Sweep
[SLURM] Using Python: /home/na658/.conda/envs/mtl_ft/bin/python
Starting diagonal network pretrain BG script...

================================================================================
SCRIPT STARTED - Running diagonal network BG experiment...
================================================================================

================================================================================
EXPERIMENT SETTINGS
================================================================================
Seed: 1
Input dimension: 1000
Sparsity (rho): 0.04
Training samples: 600
Test samples: 10000
Learning rate: 0.5
Max epochs: 5000000
Test every N epochs: 200
Convergence threshold: 1e-12
Stop pred MSE: 1e-10
Stop beta rate: disabled
Stop grad norm: disabled
LR decay: disabled
LR decay interval: 2000
Scaling: 1.0
Lambda (λ): 0.0
C parameter: 0.001
Initialization method: complex
Learning rate tuning: False
Save folder: results/diagonal/step1_mixture/pi_A=0.50--alpha=0.600000--seed=1/
C mode: mixture
  c_A=0.001, c_B=0.5, pi_A=0.5
================================================================================
Starting training...
================================================================================
[c_mode=mixture] pi_A=0.5, empirical frac_A=0.5110
[c_mode=mixture] c_A=0.001, c_B=0.5
Per-coordinate c init: c_vec range [0.001000, 0.500000]

Starting training loop (max 5000000 epochs, threshold=1.00e-12)...
Epoch      0 (0.0%): Train pred MSE = 2.238365e+00, Test pred MSE = 1.344768e-01, Param MSE = 1.324304e+00, Grad norm = 1.336829e-01, Beta update rate = nan
Epoch    200 (0.0%): Train pred MSE = 8.194950e-01, Test pred MSE = 9.253812e-02, Param MSE = 9.227474e-01, Grad norm = 9.780610e-02, Beta update rate = 9.010718e-02
Epoch    400 (0.0%): Train pred MSE = 2.602996e-01, Test pred MSE = 5.179551e-02, Param MSE = 5.184006e-01, Grad norm = 5.189768e-02, Beta update rate = 6.845651e-02
Epoch    600 (0.0%): Train pred MSE = 1.194016e-01, Test pred MSE = 3.416630e-02, Param MSE = 3.425351e-01, Grad norm = 2.653222e-02, Beta update rate = 3.591039e-02
Epoch    800 (0.0%): Train pred MSE = 7.361053e-02, Test pred MSE = 2.660238e-02, Param MSE = 2.670399e-01, Grad norm = 1.750603e-02, Beta update rate = 1.743448e-02
Epoch   1000 (0.0%): Train pred MSE = 5.015675e-02, Test pred MSE = 2.185096e-02, Param MSE = 2.197716e-01, Grad norm = 1.349266e-02, Beta update rate = 1.123143e-02
Epoch   1200 (0.0%): Train pred MSE = 3.601361e-02, Test pred MSE = 1.840548e-02, Param MSE = 1.855477e-01, Grad norm = 1.028237e-02, Beta update rate = 8.824082e-03
Epoch   1400 (0.0%): Train pred MSE = 2.786672e-02, Test pred MSE = 1.601605e-02, Param MSE = 1.618134e-01, Grad norm = 7.921477e-03, Beta update rate = 6.677553e-03
Epoch   1600 (0.0%): Train pred MSE = 2.278029e-02, Test pred MSE = 1.434718e-02, Param MSE = 1.452566e-01, Grad norm = 6.437011e-03, Beta update rate = 5.014911e-03
Epoch   1800 (0.0%): Train pred MSE = 1.927426e-02, Test pred MSE = 1.311383e-02, Param MSE = 1.330446e-01, Grad norm = 5.464381e-03, Beta update rate = 3.957216e-03
Epoch   2000 (0.0%): Train pred MSE = 1.665938e-02, Test pred MSE = 1.215246e-02, Param MSE = 1.235385e-01, Grad norm = 4.800270e-03, Beta update rate = 3.256794e-03
Epoch   2200 (0.0%): Train pred MSE = 1.458845e-02, Test pred MSE = 1.136770e-02, Param MSE = 1.157795e-01, Grad norm = 4.324901e-03, Beta update rate = 2.774038e-03
Epoch   2400 (0.0%): Train pred MSE = 1.287681e-02, Test pred MSE = 1.070124e-02, Param MSE = 1.091808e-01, Grad norm = 3.964218e-03, Beta update rate = 2.432157e-03
Epoch   2600 (0.1%): Train pred MSE = 1.142212e-02, Test pred MSE = 1.011672e-02, Param MSE = 1.033763e-01, Grad norm = 3.673236e-03, Beta update rate = 2.183580e-03
Epoch   2800 (0.1%): Train pred MSE = 1.016436e-02, Test pred MSE = 9.591538e-03, Param MSE = 9.813828e-02, Grad norm = 3.425822e-03, Beta update rate = 1.996713e-03
Epoch   3000 (0.1%): Train pred MSE = 9.066486e-03, Test pred MSE = 9.111993e-03, Param MSE = 9.332972e-02, Grad norm = 3.204599e-03, Beta update rate = 1.851708e-03
Epoch   3200 (0.1%): Train pred MSE = 8.105536e-03, Test pred MSE = 8.670542e-03, Param MSE = 8.887764e-02, Grad norm = 2.997327e-03, Beta update rate = 1.733989e-03
Epoch   3400 (0.1%): Train pred MSE = 7.265976e-03, Test pred MSE = 8.263662e-03, Param MSE = 8.475172e-02, Grad norm = 2.799819e-03, Beta update rate = 1.629153e-03
Epoch   3600 (0.1%): Train pred MSE = 6.533656e-03, Test pred MSE = 7.889594e-03, Param MSE = 8.094054e-02, Grad norm = 2.615434e-03, Beta update rate = 1.526492e-03
Epoch   3800 (0.1%): Train pred MSE = 5.893420e-03, Test pred MSE = 7.546543e-03, Param MSE = 7.743189e-02, Grad norm = 2.448574e-03, Beta update rate = 1.424037e-03
Epoch   4000 (0.1%): Train pred MSE = 5.330553e-03, Test pred MSE = 7.232035e-03, Param MSE = 7.420522e-02, Grad norm = 2.299446e-03, Beta update rate = 1.326368e-03
Epoch   4200 (0.1%): Train pred MSE = 4.832942e-03, Test pred MSE = 6.943245e-03, Param MSE = 7.123493e-02, Grad norm = 2.164224e-03, Beta update rate = 1.238383e-03
Epoch   4400 (0.1%): Train pred MSE = 4.391764e-03, Test pred MSE = 6.677569e-03, Param MSE = 6.849650e-02, Grad norm = 2.038125e-03, Beta update rate = 1.161445e-03
Epoch   4600 (0.1%): Train pred MSE = 4.000725e-03, Test pred MSE = 6.432930e-03, Param MSE = 6.597008e-02, Grad norm = 1.917960e-03, Beta update rate = 1.093431e-03
Epoch   4800 (0.1%): Train pred MSE = 3.654824e-03, Test pred MSE = 6.207738e-03, Param MSE = 6.364046e-02, Grad norm = 1.802864e-03, Beta update rate = 1.030850e-03
Epoch   5000 (0.1%): Train pred MSE = 3.349428e-03, Test pred MSE = 6.000674e-03, Param MSE = 6.149497e-02, Grad norm = 1.693574e-03, Beta update rate = 9.709255e-04
Epoch   5200 (0.1%): Train pred MSE = 3.079917e-03, Test pred MSE = 5.810479e-03, Param MSE = 5.952146e-02, Grad norm = 1.591272e-03, Beta update rate = 9.124678e-04
Epoch   5400 (0.1%): Train pred MSE = 2.841756e-03, Test pred MSE = 5.635851e-03, Param MSE = 5.770720e-02, Grad norm = 1.496792e-03, Beta update rate = 8.556032e-04
Epoch   5600 (0.1%): Train pred MSE = 2.630691e-03, Test pred MSE = 5.475435e-03, Param MSE = 5.603879e-02, Grad norm = 1.410372e-03, Beta update rate = 8.010574e-04
Epoch   5800 (0.1%): Train pred MSE = 2.442912e-03, Test pred MSE = 5.327867e-03, Param MSE = 5.450263e-02, Grad norm = 1.331751e-03, Beta update rate = 7.495741e-04
Epoch   6000 (0.1%): Train pred MSE = 2.275111e-03, Test pred MSE = 5.191832e-03, Param MSE = 5.308549e-02, Grad norm = 1.260374e-03, Beta update rate = 7.016456e-04
Epoch   6200 (0.1%): Train pred MSE = 2.124472e-03, Test pred MSE = 5.066101e-03, Param MSE = 5.177493e-02, Grad norm = 1.195560e-03, Beta update rate = 6.574753e-04
Epoch   6400 (0.1%): Train pred MSE = 1.988627e-03, Test pred MSE = 4.949555e-03, Param MSE = 5.055957e-02, Grad norm = 1.136602e-03, Beta update rate = 6.170424e-04
Epoch   6600 (0.1%): Train pred MSE = 1.865591e-03, Test pred MSE = 4.841195e-03, Param MSE = 4.942920e-02, Grad norm = 1.082824e-03, Beta update rate = 5.801843e-04
Epoch   6800 (0.1%): Train pred MSE = 1.753704e-03, Test pred MSE = 4.740137e-03, Param MSE = 4.837477e-02, Grad norm = 1.033601e-03, Beta update rate = 5.466622e-04
Epoch   7000 (0.1%): Train pred MSE = 1.651575e-03, Test pred MSE = 4.645608e-03, Param MSE = 4.738831e-02, Grad norm = 9.883671e-04, Beta update rate = 5.162035e-04
Epoch   7200 (0.1%): Train pred MSE = 1.558039e-03, Test pred MSE = 4.556932e-03, Param MSE = 4.646287e-02, Grad norm = 9.466224e-04, Beta update rate = 4.885274e-04
Epoch   7400 (0.1%): Train pred MSE = 1.472114e-03, Test pred MSE = 4.473524e-03, Param MSE = 4.559242e-02, Grad norm = 9.079268e-04, Beta update rate = 4.633587e-04
Epoch   7600 (0.2%): Train pred MSE = 1.392969e-03, Test pred MSE = 4.394877e-03, Param MSE = 4.477170e-02, Grad norm = 8.718997e-04, Beta update rate = 4.404344e-04
Epoch   7800 (0.2%): Train pred MSE = 1.319900e-03, Test pred MSE = 4.320552e-03, Param MSE = 4.399616e-02, Grad norm = 8.382160e-04, Beta update rate = 4.195081e-04
Epoch   8000 (0.2%): Train pred MSE = 1.252303e-03, Test pred MSE = 4.250169e-03, Param MSE = 4.326185e-02, Grad norm = 8.066016e-04, Beta update rate = 4.003520e-04
Epoch   8200 (0.2%): Train pred MSE = 1.189655e-03, Test pred MSE = 4.183399e-03, Param MSE = 4.256536e-02, Grad norm = 7.768281e-04, Beta update rate = 3.827581e-04
Epoch   8400 (0.2%): Train pred MSE = 1.131503e-03, Test pred MSE = 4.119956e-03, Param MSE = 4.190370e-02, Grad norm = 7.487071e-04, Beta update rate = 3.665391e-04
Epoch   8600 (0.2%): Train pred MSE = 1.077448e-03, Test pred MSE = 4.059590e-03, Param MSE = 4.127426e-02, Grad norm = 7.220840e-04, Beta update rate = 3.515283e-04
Epoch   8800 (0.2%): Train pred MSE = 1.027139e-03, Test pred MSE = 4.002082e-03, Param MSE = 4.067475e-02, Grad norm = 6.968323e-04, Beta update rate = 3.375798e-04
Epoch   9000 (0.2%): Train pred MSE = 9.802596e-04, Test pred MSE = 3.947238e-03, Param MSE = 4.010315e-02, Grad norm = 6.728479e-04, Beta update rate = 3.245672e-04
Epoch   9200 (0.2%): Train pred MSE = 9.365281e-04, Test pred MSE = 3.894885e-03, Param MSE = 3.955764e-02, Grad norm = 6.500442e-04, Beta update rate = 3.123826e-04
Epoch   9400 (0.2%): Train pred MSE = 8.956889e-04, Test pred MSE = 3.844870e-03, Param MSE = 3.903661e-02, Grad norm = 6.283479e-04, Beta update rate = 3.009341e-04
Epoch   9600 (0.2%): Train pred MSE = 8.575102e-04, Test pred MSE = 3.797052e-03, Param MSE = 3.853858e-02, Grad norm = 6.076958e-04, Beta update rate = 2.901449e-04
Epoch   9800 (0.2%): Train pred MSE = 8.217813e-04, Test pred MSE = 3.751304e-03, Param MSE = 3.806224e-02, Grad norm = 5.880315e-04, Beta update rate = 2.799501e-04
Epoch  10000 (0.2%): Train pred MSE = 7.883097e-04, Test pred MSE = 3.707510e-03, Param MSE = 3.760633e-02, Grad norm = 5.693041e-04, Beta update rate = 2.702955e-04
Epoch  10200 (0.2%): Train pred MSE = 7.569195e-04, Test pred MSE = 3.665562e-03, Param MSE = 3.716975e-02, Grad norm = 5.514664e-04, Beta update rate = 2.611355e-04
Epoch  10400 (0.2%): Train pred MSE = 7.274498e-04, Test pred MSE = 3.625362e-03, Param MSE = 3.675143e-02, Grad norm = 5.344740e-04, Beta update rate = 2.524313e-04
Epoch  10600 (0.2%): Train pred MSE = 6.997533e-04, Test pred MSE = 3.586815e-03, Param MSE = 3.635040e-02, Grad norm = 5.182847e-04, Beta update rate = 2.441498e-04
Epoch  10800 (0.2%): Train pred MSE = 6.736952e-04, Test pred MSE = 3.549835e-03, Param MSE = 3.596575e-02, Grad norm = 5.028580e-04, Beta update rate = 2.362622e-04
Epoch  11000 (0.2%): Train pred MSE = 6.491521e-04, Test pred MSE = 3.514341e-03, Param MSE = 3.559663e-02, Grad norm = 4.881551e-04, Beta update rate = 2.287433e-04
Epoch  11200 (0.2%): Train pred MSE = 6.260106e-04, Test pred MSE = 3.480257e-03, Param MSE = 3.524222e-02, Grad norm = 4.741386e-04, Beta update rate = 2.215705e-04
Epoch  11400 (0.2%): Train pred MSE = 6.041673e-04, Test pred MSE = 3.447510e-03, Param MSE = 3.490177e-02, Grad norm = 4.607726e-04, Beta update rate = 2.147234e-04
Epoch  11600 (0.2%): Train pred MSE = 5.835271e-04, Test pred MSE = 3.416032e-03, Param MSE = 3.457457e-02, Grad norm = 4.480228e-04, Beta update rate = 2.081837e-04
Epoch  11800 (0.2%): Train pred MSE = 5.640030e-04, Test pred MSE = 3.385760e-03, Param MSE = 3.425994e-02, Grad norm = 4.358561e-04, Beta update rate = 2.019341e-04
Epoch  12000 (0.2%): Train pred MSE = 5.455153e-04, Test pred MSE = 3.356633e-03, Param MSE = 3.395726e-02, Grad norm = 4.242413e-04, Beta update rate = 1.959589e-04
Epoch  12200 (0.2%): Train pred MSE = 5.279907e-04, Test pred MSE = 3.328593e-03, Param MSE = 3.366592e-02, Grad norm = 4.131482e-04, Beta update rate = 1.902432e-04
Epoch  12400 (0.2%): Train pred MSE = 5.113623e-04, Test pred MSE = 3.301587e-03, Param MSE = 3.338535e-02, Grad norm = 4.025487e-04, Beta update rate = 1.847733e-04
Epoch  12600 (0.3%): Train pred MSE = 4.955682e-04, Test pred MSE = 3.275564e-03, Param MSE = 3.311502e-02, Grad norm = 3.924156e-04, Beta update rate = 1.795362e-04
Epoch  12800 (0.3%): Train pred MSE = 4.805520e-04, Test pred MSE = 3.250475e-03, Param MSE = 3.285442e-02, Grad norm = 3.827236e-04, Beta update rate = 1.745195e-04
Epoch  13000 (0.3%): Train pred MSE = 4.662616e-04, Test pred MSE = 3.226274e-03, Param MSE = 3.260308e-02, Grad norm = 3.734487e-04, Beta update rate = 1.697118e-04
Epoch  13200 (0.3%): Train pred MSE = 4.526490e-04, Test pred MSE = 3.202918e-03, Param MSE = 3.236054e-02, Grad norm = 3.645681e-04, Beta update rate = 1.651023e-04
Epoch  13400 (0.3%): Train pred MSE = 4.396702e-04, Test pred MSE = 3.180366e-03, Param MSE = 3.212636e-02, Grad norm = 3.560606e-04, Beta update rate = 1.606807e-04
Epoch  13600 (0.3%): Train pred MSE = 4.272846e-04, Test pred MSE = 3.158578e-03, Param MSE = 3.190016e-02, Grad norm = 3.479060e-04, Beta update rate = 1.564374e-04
Epoch  13800 (0.3%): Train pred MSE = 4.154547e-04, Test pred MSE = 3.137519e-03, Param MSE = 3.168153e-02, Grad norm = 3.400856e-04, Beta update rate = 1.523633e-04
Epoch  14000 (0.3%): Train pred MSE = 4.041458e-04, Test pred MSE = 3.117153e-03, Param MSE = 3.147012e-02, Grad norm = 3.325814e-04, Beta update rate = 1.484500e-04
Epoch  14200 (0.3%): Train pred MSE = 3.933260e-04, Test pred MSE = 3.097446e-03, Param MSE = 3.126559e-02, Grad norm = 3.253769e-04, Beta update rate = 1.446894e-04
Epoch  14400 (0.3%): Train pred MSE = 3.829657e-04, Test pred MSE = 3.078369e-03, Param MSE = 3.106760e-02, Grad norm = 3.184564e-04, Beta update rate = 1.410739e-04
Epoch  14600 (0.3%): Train pred MSE = 3.730376e-04, Test pred MSE = 3.059890e-03, Param MSE = 3.087584e-02, Grad norm = 3.118052e-04, Beta update rate = 1.375966e-04
Epoch  14800 (0.3%): Train pred MSE = 3.635162e-04, Test pred MSE = 3.041981e-03, Param MSE = 3.069003e-02, Grad norm = 3.054094e-04, Beta update rate = 1.342507e-04
Epoch  15000 (0.3%): Train pred MSE = 3.543779e-04, Test pred MSE = 3.024617e-03, Param MSE = 3.050988e-02, Grad norm = 2.992559e-04, Beta update rate = 1.310300e-04
Epoch  15200 (0.3%): Train pred MSE = 3.456010e-04, Test pred MSE = 3.007771e-03, Param MSE = 3.033513e-02, Grad norm = 2.933326e-04, Beta update rate = 1.279287e-04
Epoch  15400 (0.3%): Train pred MSE = 3.371652e-04, Test pred MSE = 2.991419e-03, Param MSE = 3.016553e-02, Grad norm = 2.876279e-04, Beta update rate = 1.249411e-04
Epoch  15600 (0.3%): Train pred MSE = 3.290514e-04, Test pred MSE = 2.975538e-03, Param MSE = 3.000084e-02, Grad norm = 2.821310e-04, Beta update rate = 1.220622e-04
Epoch  15800 (0.3%): Train pred MSE = 3.212422e-04, Test pred MSE = 2.960108e-03, Param MSE = 2.984084e-02, Grad norm = 2.768314e-04, Beta update rate = 1.192870e-04
Epoch  16000 (0.3%): Train pred MSE = 3.137212e-04, Test pred MSE = 2.945106e-03, Param MSE = 2.968532e-02, Grad norm = 2.717197e-04, Beta update rate = 1.166109e-04
Epoch  16200 (0.3%): Train pred MSE = 3.064730e-04, Test pred MSE = 2.930514e-03, Param MSE = 2.953406e-02, Grad norm = 2.667865e-04, Beta update rate = 1.140297e-04
Epoch  16400 (0.3%): Train pred MSE = 2.994835e-04, Test pred MSE = 2.916313e-03, Param MSE = 2.938688e-02, Grad norm = 2.620233e-04, Beta update rate = 1.115391e-04
Epoch  16600 (0.3%): Train pred MSE = 2.927393e-04, Test pred MSE = 2.902485e-03, Param MSE = 2.924359e-02, Grad norm = 2.574219e-04, Beta update rate = 1.091355e-04
Epoch  16800 (0.3%): Train pred MSE = 2.862280e-04, Test pred MSE = 2.889014e-03, Param MSE = 2.910403e-02, Grad norm = 2.529745e-04, Beta update rate = 1.068151e-04
Epoch  17000 (0.3%): Train pred MSE = 2.799380e-04, Test pred MSE = 2.875884e-03, Param MSE = 2.896802e-02, Grad norm = 2.486737e-04, Beta update rate = 1.045745e-04
Epoch  17200 (0.3%): Train pred MSE = 2.738584e-04, Test pred MSE = 2.863079e-03, Param MSE = 2.883540e-02, Grad norm = 2.445126e-04, Beta update rate = 1.024104e-04
Epoch  17400 (0.3%): Train pred MSE = 2.679790e-04, Test pred MSE = 2.850585e-03, Param MSE = 2.870604e-02, Grad norm = 2.404845e-04, Beta update rate = 1.003198e-04
Epoch  17600 (0.4%): Train pred MSE = 2.622902e-04, Test pred MSE = 2.838389e-03, Param MSE = 2.857979e-02, Grad norm = 2.365832e-04, Beta update rate = 9.829967e-05
Epoch  17800 (0.4%): Train pred MSE = 2.567831e-04, Test pred MSE = 2.826478e-03, Param MSE = 2.845651e-02, Grad norm = 2.328026e-04, Beta update rate = 9.634729e-05
Epoch  18000 (0.4%): Train pred MSE = 2.514494e-04, Test pred MSE = 2.814839e-03, Param MSE = 2.833608e-02, Grad norm = 2.291372e-04, Beta update rate = 9.445995e-05
Epoch  18200 (0.4%): Train pred MSE = 2.462810e-04, Test pred MSE = 2.803460e-03, Param MSE = 2.821837e-02, Grad norm = 2.255815e-04, Beta update rate = 9.263513e-05
Epoch  18400 (0.4%): Train pred MSE = 2.412708e-04, Test pred MSE = 2.792332e-03, Param MSE = 2.810328e-02, Grad norm = 2.221303e-04, Beta update rate = 9.087038e-05
Epoch  18600 (0.4%): Train pred MSE = 2.364116e-04, Test pred MSE = 2.781442e-03, Param MSE = 2.799069e-02, Grad norm = 2.187788e-04, Beta update rate = 8.916338e-05
Epoch  18800 (0.4%): Train pred MSE = 2.316969e-04, Test pred MSE = 2.770782e-03, Param MSE = 2.788049e-02, Grad norm = 2.155224e-04, Beta update rate = 8.751188e-05
Epoch  19000 (0.4%): Train pred MSE = 2.271206e-04, Test pred MSE = 2.760342e-03, Param MSE = 2.777260e-02, Grad norm = 2.123567e-04, Beta update rate = 8.591373e-05
Epoch  19200 (0.4%): Train pred MSE = 2.226769e-04, Test pred MSE = 2.750113e-03, Param MSE = 2.766692e-02, Grad norm = 2.092774e-04, Beta update rate = 8.436686e-05
Epoch  19400 (0.4%): Train pred MSE = 2.183604e-04, Test pred MSE = 2.740086e-03, Param MSE = 2.756336e-02, Grad norm = 2.062807e-04, Beta update rate = 8.286928e-05
Epoch  19600 (0.4%): Train pred MSE = 2.141658e-04, Test pred MSE = 2.730254e-03, Param MSE = 2.746184e-02, Grad norm = 2.033628e-04, Beta update rate = 8.141906e-05
Epoch  19800 (0.4%): Train pred MSE = 2.100884e-04, Test pred MSE = 2.720608e-03, Param MSE = 2.736228e-02, Grad norm = 2.005201e-04, Beta update rate = 8.001434e-05
Epoch  20000 (0.4%): Train pred MSE = 2.061235e-04, Test pred MSE = 2.711142e-03, Param MSE = 2.726460e-02, Grad norm = 1.977493e-04, Beta update rate = 7.865333e-05
Epoch  20200 (0.4%): Train pred MSE = 2.022669e-04, Test pred MSE = 2.701848e-03, Param MSE = 2.716873e-02, Grad norm = 1.950472e-04, Beta update rate = 7.733428e-05
Epoch  20400 (0.4%): Train pred MSE = 1.985143e-04, Test pred MSE = 2.692722e-03, Param MSE = 2.707460e-02, Grad norm = 1.924108e-04, Beta update rate = 7.605552e-05
Epoch  20600 (0.4%): Train pred MSE = 1.948620e-04, Test pred MSE = 2.683755e-03, Param MSE = 2.698216e-02, Grad norm = 1.898372e-04, Beta update rate = 7.481542e-05
Epoch  20800 (0.4%): Train pred MSE = 1.913062e-04, Test pred MSE = 2.674942e-03, Param MSE = 2.689134e-02, Grad norm = 1.873239e-04, Beta update rate = 7.361241e-05
Epoch  21000 (0.4%): Train pred MSE = 1.878435e-04, Test pred MSE = 2.666279e-03, Param MSE = 2.680209e-02, Grad norm = 1.848683e-04, Beta update rate = 7.244496e-05
Epoch  21200 (0.4%): Train pred MSE = 1.844706e-04, Test pred MSE = 2.657760e-03, Param MSE = 2.671434e-02, Grad norm = 1.824680e-04, Beta update rate = 7.131160e-05
Epoch  21400 (0.4%): Train pred MSE = 1.811842e-04, Test pred MSE = 2.649379e-03, Param MSE = 2.662806e-02, Grad norm = 1.801209e-04, Beta update rate = 7.021092e-05
Epoch  21600 (0.4%): Train pred MSE = 1.779815e-04, Test pred MSE = 2.641133e-03, Param MSE = 2.654318e-02, Grad norm = 1.778248e-04, Beta update rate = 6.914154e-05
Epoch  21800 (0.4%): Train pred MSE = 1.748596e-04, Test pred MSE = 2.633016e-03, Param MSE = 2.645967e-02, Grad norm = 1.755778e-04, Beta update rate = 6.810214e-05
Epoch  22000 (0.4%): Train pred MSE = 1.718157e-04, Test pred MSE = 2.625026e-03, Param MSE = 2.637749e-02, Grad norm = 1.733781e-04, Beta update rate = 6.709144e-05
Epoch  22200 (0.4%): Train pred MSE = 1.688473e-04, Test pred MSE = 2.617157e-03, Param MSE = 2.629658e-02, Grad norm = 1.712240e-04, Beta update rate = 6.610823e-05
Epoch  22400 (0.4%): Train pred MSE = 1.659519e-04, Test pred MSE = 2.609406e-03, Param MSE = 2.621692e-02, Grad norm = 1.691139e-04, Beta update rate = 6.515131e-05
Epoch  22600 (0.5%): Train pred MSE = 1.631272e-04, Test pred MSE = 2.601770e-03, Param MSE = 2.613846e-02, Grad norm = 1.670463e-04, Beta update rate = 6.421956e-05
Epoch  22800 (0.5%): Train pred MSE = 1.603708e-04, Test pred MSE = 2.594246e-03, Param MSE = 2.606118e-02, Grad norm = 1.650197e-04, Beta update rate = 6.331190e-05
Epoch  23000 (0.5%): Train pred MSE = 1.576806e-04, Test pred MSE = 2.586830e-03, Param MSE = 2.598503e-02, Grad norm = 1.630329e-04, Beta update rate = 6.242729e-05
Epoch  23200 (0.5%): Train pred MSE = 1.550546e-04, Test pred MSE = 2.579519e-03, Param MSE = 2.590999e-02, Grad norm = 1.610847e-04, Beta update rate = 6.156474e-05
Epoch  23400 (0.5%): Train pred MSE = 1.524908e-04, Test pred MSE = 2.572310e-03, Param MSE = 2.583602e-02, Grad norm = 1.591739e-04, Beta update rate = 6.072331e-05
Epoch  23600 (0.5%): Train pred MSE = 1.499872e-04, Test pred MSE = 2.565201e-03, Param MSE = 2.576311e-02, Grad norm = 1.572994e-04, Beta update rate = 5.990210e-05
Epoch  23800 (0.5%): Train pred MSE = 1.475420e-04, Test pred MSE = 2.558190e-03, Param MSE = 2.569121e-02, Grad norm = 1.554602e-04, Beta update rate = 5.910026e-05
Epoch  24000 (0.5%): Train pred MSE = 1.451535e-04, Test pred MSE = 2.551273e-03, Param MSE = 2.562032e-02, Grad norm = 1.536554e-04, Beta update rate = 5.831696e-05
Epoch  24200 (0.5%): Train pred MSE = 1.428199e-04, Test pred MSE = 2.544449e-03, Param MSE = 2.555040e-02, Grad norm = 1.518840e-04, Beta update rate = 5.755145e-05
Epoch  24400 (0.5%): Train pred MSE = 1.405396e-04, Test pred MSE = 2.537716e-03, Param MSE = 2.548142e-02, Grad norm = 1.501453e-04, Beta update rate = 5.680300e-05
Epoch  24600 (0.5%): Train pred MSE = 1.383110e-04, Test pred MSE = 2.531071e-03, Param MSE = 2.541338e-02, Grad norm = 1.484383e-04, Beta update rate = 5.607092e-05
Epoch  24800 (0.5%): Train pred MSE = 1.361327e-04, Test pred MSE = 2.524512e-03, Param MSE = 2.534624e-02, Grad norm = 1.467624e-04, Beta update rate = 5.535455e-05
Epoch  25000 (0.5%): Train pred MSE = 1.340031e-04, Test pred MSE = 2.518038e-03, Param MSE = 2.527999e-02, Grad norm = 1.451169e-04, Beta update rate = 5.465329e-05
Epoch  25200 (0.5%): Train pred MSE = 1.319208e-04, Test pred MSE = 2.511647e-03, Param MSE = 2.521461e-02, Grad norm = 1.435010e-04, Beta update rate = 5.396655e-05
Epoch  25400 (0.5%): Train pred MSE = 1.298845e-04, Test pred MSE = 2.505336e-03, Param MSE = 2.515008e-02, Grad norm = 1.419140e-04, Beta update rate = 5.329380e-05
Epoch  25600 (0.5%): Train pred MSE = 1.278928e-04, Test pred MSE = 2.499105e-03, Param MSE = 2.508638e-02, Grad norm = 1.403554e-04, Beta update rate = 5.263452e-05
Epoch  25800 (0.5%): Train pred MSE = 1.259444e-04, Test pred MSE = 2.492952e-03, Param MSE = 2.502350e-02, Grad norm = 1.388245e-04, Beta update rate = 5.198823e-05
Epoch  26000 (0.5%): Train pred MSE = 1.240382e-04, Test pred MSE = 2.486875e-03, Param MSE = 2.496142e-02, Grad norm = 1.373208e-04, Beta update rate = 5.135448e-05
Epoch  26200 (0.5%): Train pred MSE = 1.221730e-04, Test pred MSE = 2.480873e-03, Param MSE = 2.490012e-02, Grad norm = 1.358437e-04, Beta update rate = 5.073285e-05
Epoch  26400 (0.5%): Train pred MSE = 1.203475e-04, Test pred MSE = 2.474945e-03, Param MSE = 2.483959e-02, Grad norm = 1.343926e-04, Beta update rate = 5.012293e-05
Epoch  26600 (0.5%): Train pred MSE = 1.185606e-04, Test pred MSE = 2.469089e-03, Param MSE = 2.477982e-02, Grad norm = 1.329670e-04, Beta update rate = 4.952434e-05
Epoch  26800 (0.5%): Train pred MSE = 1.168113e-04, Test pred MSE = 2.463304e-03, Param MSE = 2.472079e-02, Grad norm = 1.315663e-04, Beta update rate = 4.893675e-05
Epoch  27000 (0.5%): Train pred MSE = 1.150986e-04, Test pred MSE = 2.457588e-03, Param MSE = 2.466249e-02, Grad norm = 1.301902e-04, Beta update rate = 4.835980e-05
Epoch  27200 (0.5%): Train pred MSE = 1.134214e-04, Test pred MSE = 2.451941e-03, Param MSE = 2.460490e-02, Grad norm = 1.288380e-04, Beta update rate = 4.779320e-05
Epoch  27400 (0.5%): Train pred MSE = 1.117787e-04, Test pred MSE = 2.446361e-03, Param MSE = 2.454801e-02, Grad norm = 1.275094e-04, Beta update rate = 4.723665e-05
Epoch  27600 (0.6%): Train pred MSE = 1.101696e-04, Test pred MSE = 2.440847e-03, Param MSE = 2.449182e-02, Grad norm = 1.262038e-04, Beta update rate = 4.668987e-05
Epoch  27800 (0.6%): Train pred MSE = 1.085932e-04, Test pred MSE = 2.435399e-03, Param MSE = 2.443631e-02, Grad norm = 1.249207e-04, Beta update rate = 4.615261e-05
Epoch  28000 (0.6%): Train pred MSE = 1.070485e-04, Test pred MSE = 2.430014e-03, Param MSE = 2.438146e-02, Grad norm = 1.236598e-04, Beta update rate = 4.562460e-05
Epoch  28200 (0.6%): Train pred MSE = 1.055348e-04, Test pred MSE = 2.424693e-03, Param MSE = 2.432727e-02, Grad norm = 1.224205e-04, Beta update rate = 4.510562e-05
Epoch  28400 (0.6%): Train pred MSE = 1.040511e-04, Test pred MSE = 2.419433e-03, Param MSE = 2.427373e-02, Grad norm = 1.212024e-04, Beta update rate = 4.459545e-05
Epoch  28600 (0.6%): Train pred MSE = 1.025967e-04, Test pred MSE = 2.414235e-03, Param MSE = 2.422082e-02, Grad norm = 1.200052e-04, Beta update rate = 4.409388e-05
Epoch  28800 (0.6%): Train pred MSE = 1.011708e-04, Test pred MSE = 2.409096e-03, Param MSE = 2.416854e-02, Grad norm = 1.188283e-04, Beta update rate = 4.360071e-05
Epoch  29000 (0.6%): Train pred MSE = 9.977264e-05, Test pred MSE = 2.404017e-03, Param MSE = 2.411687e-02, Grad norm = 1.176713e-04, Beta update rate = 4.311574e-05
Epoch  29200 (0.6%): Train pred MSE = 9.840146e-05, Test pred MSE = 2.398996e-03, Param MSE = 2.406581e-02, Grad norm = 1.165339e-04, Beta update rate = 4.263879e-05
Epoch  29400 (0.6%): Train pred MSE = 9.705657e-05, Test pred MSE = 2.394032e-03, Param MSE = 2.401535e-02, Grad norm = 1.154156e-04, Beta update rate = 4.216969e-05
Epoch  29600 (0.6%): Train pred MSE = 9.573727e-05, Test pred MSE = 2.389125e-03, Param MSE = 2.396547e-02, Grad norm = 1.143161e-04, Beta update rate = 4.170828e-05
Epoch  29800 (0.6%): Train pred MSE = 9.444291e-05, Test pred MSE = 2.384274e-03, Param MSE = 2.391618e-02, Grad norm = 1.132349e-04, Beta update rate = 4.125438e-05
Epoch  30000 (0.6%): Train pred MSE = 9.317282e-05, Test pred MSE = 2.379478e-03, Param MSE = 2.386745e-02, Grad norm = 1.121716e-04, Beta update rate = 4.080786e-05
Epoch  30200 (0.6%): Train pred MSE = 9.192638e-05, Test pred MSE = 2.374735e-03, Param MSE = 2.381928e-02, Grad norm = 1.111259e-04, Beta update rate = 4.036855e-05
Epoch  30400 (0.6%): Train pred MSE = 9.070300e-05, Test pred MSE = 2.370046e-03, Param MSE = 2.377166e-02, Grad norm = 1.100974e-04, Beta update rate = 3.993631e-05
Epoch  30600 (0.6%): Train pred MSE = 8.950207e-05, Test pred MSE = 2.365410e-03, Param MSE = 2.372459e-02, Grad norm = 1.090858e-04, Beta update rate = 3.951102e-05
Epoch  30800 (0.6%): Train pred MSE = 8.832303e-05, Test pred MSE = 2.360825e-03, Param MSE = 2.367806e-02, Grad norm = 1.080906e-04, Beta update rate = 3.909252e-05
Epoch  31000 (0.6%): Train pred MSE = 8.716533e-05, Test pred MSE = 2.356291e-03, Param MSE = 2.363205e-02, Grad norm = 1.071116e-04, Beta update rate = 3.868069e-05
Epoch  31200 (0.6%): Train pred MSE = 8.602843e-05, Test pred MSE = 2.351808e-03, Param MSE = 2.358657e-02, Grad norm = 1.061483e-04, Beta update rate = 3.827540e-05
Epoch  31400 (0.6%): Train pred MSE = 8.491182e-05, Test pred MSE = 2.347374e-03, Param MSE = 2.354160e-02, Grad norm = 1.052004e-04, Beta update rate = 3.787653e-05
Epoch  31600 (0.6%): Train pred MSE = 8.381499e-05, Test pred MSE = 2.342990e-03, Param MSE = 2.349713e-02, Grad norm = 1.042677e-04, Beta update rate = 3.748396e-05
Epoch  31800 (0.6%): Train pred MSE = 8.273746e-05, Test pred MSE = 2.338653e-03, Param MSE = 2.345316e-02, Grad norm = 1.033497e-04, Beta update rate = 3.709756e-05
Epoch  32000 (0.6%): Train pred MSE = 8.167875e-05, Test pred MSE = 2.334364e-03, Param MSE = 2.340968e-02, Grad norm = 1.024461e-04, Beta update rate = 3.671723e-05
Epoch  32200 (0.6%): Train pred MSE = 8.063840e-05, Test pred MSE = 2.330122e-03, Param MSE = 2.336669e-02, Grad norm = 1.015567e-04, Beta update rate = 3.634285e-05
Epoch  32400 (0.6%): Train pred MSE = 7.961598e-05, Test pred MSE = 2.325926e-03, Param MSE = 2.332417e-02, Grad norm = 1.006811e-04, Beta update rate = 3.597432e-05
Epoch  32600 (0.7%): Train pred MSE = 7.861106e-05, Test pred MSE = 2.321775e-03, Param MSE = 2.328212e-02, Grad norm = 9.981896e-05, Beta update rate = 3.561151e-05
Epoch  32800 (0.7%): Train pred MSE = 7.762321e-05, Test pred MSE = 2.317670e-03, Param MSE = 2.324054e-02, Grad norm = 9.897006e-05, Beta update rate = 3.525434e-05
Epoch  33000 (0.7%): Train pred MSE = 7.665204e-05, Test pred MSE = 2.313609e-03, Param MSE = 2.319941e-02, Grad norm = 9.813407e-05, Beta update rate = 3.490269e-05
Epoch  33200 (0.7%): Train pred MSE = 7.569714e-05, Test pred MSE = 2.309592e-03, Param MSE = 2.315874e-02, Grad norm = 9.731072e-05, Beta update rate = 3.455645e-05
Epoch  33400 (0.7%): Train pred MSE = 7.475816e-05, Test pred MSE = 2.305618e-03, Param MSE = 2.311850e-02, Grad norm = 9.649973e-05, Beta update rate = 3.421555e-05
Epoch  33600 (0.7%): Train pred MSE = 7.383470e-05, Test pred MSE = 2.301687e-03, Param MSE = 2.307871e-02, Grad norm = 9.570081e-05, Beta update rate = 3.387986e-05
Epoch  33800 (0.7%): Train pred MSE = 7.292642e-05, Test pred MSE = 2.297797e-03, Param MSE = 2.303935e-02, Grad norm = 9.491371e-05, Beta update rate = 3.354930e-05
Epoch  34000 (0.7%): Train pred MSE = 7.203298e-05, Test pred MSE = 2.293949e-03, Param MSE = 2.300041e-02, Grad norm = 9.413815e-05, Beta update rate = 3.322378e-05
Epoch  34200 (0.7%): Train pred MSE = 7.115402e-05, Test pred MSE = 2.290142e-03, Param MSE = 2.296190e-02, Grad norm = 9.337390e-05, Beta update rate = 3.290320e-05
Epoch  34400 (0.7%): Train pred MSE = 7.028924e-05, Test pred MSE = 2.286376e-03, Param MSE = 2.292379e-02, Grad norm = 9.262068e-05, Beta update rate = 3.258746e-05
Epoch  34600 (0.7%): Train pred MSE = 6.943830e-05, Test pred MSE = 2.282649e-03, Param MSE = 2.288610e-02, Grad norm = 9.187827e-05, Beta update rate = 3.227648e-05
Epoch  34800 (0.7%): Train pred MSE = 6.860092e-05, Test pred MSE = 2.278961e-03, Param MSE = 2.284881e-02, Grad norm = 9.114642e-05, Beta update rate = 3.197018e-05
Epoch  35000 (0.7%): Train pred MSE = 6.777677e-05, Test pred MSE = 2.275312e-03, Param MSE = 2.281192e-02, Grad norm = 9.042490e-05, Beta update rate = 3.166845e-05
Epoch  35200 (0.7%): Train pred MSE = 6.696559e-05, Test pred MSE = 2.271702e-03, Param MSE = 2.277542e-02, Grad norm = 8.971348e-05, Beta update rate = 3.137123e-05
Epoch  35400 (0.7%): Train pred MSE = 6.616707e-05, Test pred MSE = 2.268129e-03, Param MSE = 2.273930e-02, Grad norm = 8.901195e-05, Beta update rate = 3.107842e-05
Epoch  35600 (0.7%): Train pred MSE = 6.538096e-05, Test pred MSE = 2.264593e-03, Param MSE = 2.270357e-02, Grad norm = 8.832007e-05, Beta update rate = 3.078994e-05
Epoch  35800 (0.7%): Train pred MSE = 6.460699e-05, Test pred MSE = 2.261095e-03, Param MSE = 2.266821e-02, Grad norm = 8.763765e-05, Beta update rate = 3.050571e-05
Epoch  36000 (0.7%): Train pred MSE = 6.384490e-05, Test pred MSE = 2.257632e-03, Param MSE = 2.263323e-02, Grad norm = 8.696447e-05, Beta update rate = 3.022565e-05
Epoch  36200 (0.7%): Train pred MSE = 6.309443e-05, Test pred MSE = 2.254205e-03, Param MSE = 2.259861e-02, Grad norm = 8.630033e-05, Beta update rate = 2.994969e-05
Epoch  36400 (0.7%): Train pred MSE = 6.235535e-05, Test pred MSE = 2.250814e-03, Param MSE = 2.256435e-02, Grad norm = 8.564504e-05, Beta update rate = 2.967774e-05
Epoch  36600 (0.7%): Train pred MSE = 6.162742e-05, Test pred MSE = 2.247458e-03, Param MSE = 2.253045e-02, Grad norm = 8.499841e-05, Beta update rate = 2.940973e-05
Epoch  36800 (0.7%): Train pred MSE = 6.091041e-05, Test pred MSE = 2.244136e-03, Param MSE = 2.249691e-02, Grad norm = 8.436025e-05, Beta update rate = 2.914559e-05
Epoch  37000 (0.7%): Train pred MSE = 6.020410e-05, Test pred MSE = 2.240848e-03, Param MSE = 2.246370e-02, Grad norm = 8.373037e-05, Beta update rate = 2.888524e-05
Epoch  37200 (0.7%): Train pred MSE = 5.950826e-05, Test pred MSE = 2.237593e-03, Param MSE = 2.243085e-02, Grad norm = 8.310860e-05, Beta update rate = 2.862862e-05
Epoch  37400 (0.7%): Train pred MSE = 5.882270e-05, Test pred MSE = 2.234372e-03, Param MSE = 2.239833e-02, Grad norm = 8.249476e-05, Beta update rate = 2.837564e-05
Epoch  37600 (0.8%): Train pred MSE = 5.814720e-05, Test pred MSE = 2.231183e-03, Param MSE = 2.236614e-02, Grad norm = 8.188869e-05, Beta update rate = 2.812625e-05
Epoch  37800 (0.8%): Train pred MSE = 5.748156e-05, Test pred MSE = 2.228027e-03, Param MSE = 2.233428e-02, Grad norm = 8.129023e-05, Beta update rate = 2.788037e-05
Epoch  38000 (0.8%): Train pred MSE = 5.682558e-05, Test pred MSE = 2.224903e-03, Param MSE = 2.230275e-02, Grad norm = 8.069920e-05, Beta update rate = 2.763795e-05
Epoch  38200 (0.8%): Train pred MSE = 5.617909e-05, Test pred MSE = 2.221810e-03, Param MSE = 2.227154e-02, Grad norm = 8.011546e-05, Beta update rate = 2.739890e-05
Epoch  38400 (0.8%): Train pred MSE = 5.554190e-05, Test pred MSE = 2.218748e-03, Param MSE = 2.224064e-02, Grad norm = 7.953885e-05, Beta update rate = 2.716317e-05
Epoch  38600 (0.8%): Train pred MSE = 5.491382e-05, Test pred MSE = 2.215717e-03, Param MSE = 2.221006e-02, Grad norm = 7.896923e-05, Beta update rate = 2.693070e-05
Epoch  38800 (0.8%): Train pred MSE = 5.429468e-05, Test pred MSE = 2.212716e-03, Param MSE = 2.217979e-02, Grad norm = 7.840645e-05, Beta update rate = 2.670142e-05
Epoch  39000 (0.8%): Train pred MSE = 5.368431e-05, Test pred MSE = 2.209746e-03, Param MSE = 2.214982e-02, Grad norm = 7.785036e-05, Beta update rate = 2.647528e-05
Epoch  39200 (0.8%): Train pred MSE = 5.308255e-05, Test pred MSE = 2.206804e-03, Param MSE = 2.212015e-02, Grad norm = 7.730084e-05, Beta update rate = 2.625221e-05
Epoch  39400 (0.8%): Train pred MSE = 5.248924e-05, Test pred MSE = 2.203892e-03, Param MSE = 2.209078e-02, Grad norm = 7.675775e-05, Beta update rate = 2.603215e-05
Epoch  39600 (0.8%): Train pred MSE = 5.190421e-05, Test pred MSE = 2.201009e-03, Param MSE = 2.206171e-02, Grad norm = 7.622095e-05, Beta update rate = 2.581506e-05
Epoch  39800 (0.8%): Train pred MSE = 5.132732e-05, Test pred MSE = 2.198154e-03, Param MSE = 2.203292e-02, Grad norm = 7.569033e-05, Beta update rate = 2.560087e-05
Epoch  40000 (0.8%): Train pred MSE = 5.075842e-05, Test pred MSE = 2.195328e-03, Param MSE = 2.200442e-02, Grad norm = 7.516575e-05, Beta update rate = 2.538953e-05
Epoch  40200 (0.8%): Train pred MSE = 5.019735e-05, Test pred MSE = 2.192529e-03, Param MSE = 2.197620e-02, Grad norm = 7.464711e-05, Beta update rate = 2.518098e-05
Epoch  40400 (0.8%): Train pred MSE = 4.964399e-05, Test pred MSE = 2.189757e-03, Param MSE = 2.194826e-02, Grad norm = 7.413427e-05, Beta update rate = 2.497517e-05
Epoch  40600 (0.8%): Train pred MSE = 4.909819e-05, Test pred MSE = 2.187013e-03, Param MSE = 2.192059e-02, Grad norm = 7.362713e-05, Beta update rate = 2.477205e-05
Epoch  40800 (0.8%): Train pred MSE = 4.855981e-05, Test pred MSE = 2.184296e-03, Param MSE = 2.189320e-02, Grad norm = 7.312557e-05, Beta update rate = 2.457158e-05
Epoch  41000 (0.8%): Train pred MSE = 4.802873e-05, Test pred MSE = 2.181605e-03, Param MSE = 2.186607e-02, Grad norm = 7.262949e-05, Beta update rate = 2.437369e-05
Epoch  41200 (0.8%): Train pred MSE = 4.750481e-05, Test pred MSE = 2.178940e-03, Param MSE = 2.183921e-02, Grad norm = 7.213879e-05, Beta update rate = 2.417834e-05
Epoch  41400 (0.8%): Train pred MSE = 4.698794e-05, Test pred MSE = 2.176301e-03, Param MSE = 2.181261e-02, Grad norm = 7.165335e-05, Beta update rate = 2.398549e-05
Epoch  41600 (0.8%): Train pred MSE = 4.647799e-05, Test pred MSE = 2.173687e-03, Param MSE = 2.178627e-02, Grad norm = 7.117308e-05, Beta update rate = 2.379509e-05
Epoch  41800 (0.8%): Train pred MSE = 4.597483e-05, Test pred MSE = 2.171099e-03, Param MSE = 2.176019e-02, Grad norm = 7.069789e-05, Beta update rate = 2.360708e-05
Epoch  42000 (0.8%): Train pred MSE = 4.547836e-05, Test pred MSE = 2.168535e-03, Param MSE = 2.173436e-02, Grad norm = 7.022767e-05, Beta update rate = 2.342144e-05
Epoch  42200 (0.8%): Train pred MSE = 4.498846e-05, Test pred MSE = 2.165996e-03, Param MSE = 2.170878e-02, Grad norm = 6.976234e-05, Beta update rate = 2.323810e-05
Epoch  42400 (0.8%): Train pred MSE = 4.450501e-05, Test pred MSE = 2.163482e-03, Param MSE = 2.168344e-02, Grad norm = 6.930181e-05, Beta update rate = 2.305704e-05
Epoch  42600 (0.9%): Train pred MSE = 4.402792e-05, Test pred MSE = 2.160991e-03, Param MSE = 2.165835e-02, Grad norm = 6.884598e-05, Beta update rate = 2.287821e-05
Epoch  42800 (0.9%): Train pred MSE = 4.355707e-05, Test pred MSE = 2.158524e-03, Param MSE = 2.163349e-02, Grad norm = 6.839478e-05, Beta update rate = 2.270156e-05
Epoch  43000 (0.9%): Train pred MSE = 4.309236e-05, Test pred MSE = 2.156081e-03, Param MSE = 2.160888e-02, Grad norm = 6.794812e-05, Beta update rate = 2.252706e-05
Epoch  43200 (0.9%): Train pred MSE = 4.263369e-05, Test pred MSE = 2.153661e-03, Param MSE = 2.158450e-02, Grad norm = 6.750592e-05, Beta update rate = 2.235467e-05
Epoch  43400 (0.9%): Train pred MSE = 4.218097e-05, Test pred MSE = 2.151263e-03, Param MSE = 2.156035e-02, Grad norm = 6.706810e-05, Beta update rate = 2.218435e-05
Epoch  43600 (0.9%): Train pred MSE = 4.173408e-05, Test pred MSE = 2.148889e-03, Param MSE = 2.153643e-02, Grad norm = 6.663459e-05, Beta update rate = 2.201606e-05
Epoch  43800 (0.9%): Train pred MSE = 4.129294e-05, Test pred MSE = 2.146536e-03, Param MSE = 2.151274e-02, Grad norm = 6.620530e-05, Beta update rate = 2.184976e-05
Epoch  44000 (0.9%): Train pred MSE = 4.085746e-05, Test pred MSE = 2.144206e-03, Param MSE = 2.148927e-02, Grad norm = 6.578018e-05, Beta update rate = 2.168542e-05
Epoch  44200 (0.9%): Train pred MSE = 4.042755e-05, Test pred MSE = 2.141898e-03, Param MSE = 2.146602e-02, Grad norm = 6.535914e-05, Beta update rate = 2.152301e-05
Epoch  44400 (0.9%): Train pred MSE = 4.000311e-05, Test pred MSE = 2.139611e-03, Param MSE = 2.144299e-02, Grad norm = 6.494212e-05, Beta update rate = 2.136249e-05
Epoch  44600 (0.9%): Train pred MSE = 3.958407e-05, Test pred MSE = 2.137346e-03, Param MSE = 2.142017e-02, Grad norm = 6.452905e-05, Beta update rate = 2.120382e-05
Epoch  44800 (0.9%): Train pred MSE = 3.917032e-05, Test pred MSE = 2.135101e-03, Param MSE = 2.139757e-02, Grad norm = 6.411986e-05, Beta update rate = 2.104697e-05
Epoch  45000 (0.9%): Train pred MSE = 3.876181e-05, Test pred MSE = 2.132878e-03, Param MSE = 2.137518e-02, Grad norm = 6.371450e-05, Beta update rate = 2.089192e-05
Epoch  45200 (0.9%): Train pred MSE = 3.835843e-05, Test pred MSE = 2.130675e-03, Param MSE = 2.135300e-02, Grad norm = 6.331290e-05, Beta update rate = 2.073862e-05
Epoch  45400 (0.9%): Train pred MSE = 3.796011e-05, Test pred MSE = 2.128493e-03, Param MSE = 2.133102e-02, Grad norm = 6.291500e-05, Beta update rate = 2.058705e-05
Epoch  45600 (0.9%): Train pred MSE = 3.756678e-05, Test pred MSE = 2.126330e-03, Param MSE = 2.130925e-02, Grad norm = 6.252074e-05, Beta update rate = 2.043717e-05
Epoch  45800 (0.9%): Train pred MSE = 3.717836e-05, Test pred MSE = 2.124188e-03, Param MSE = 2.128767e-02, Grad norm = 6.213007e-05, Beta update rate = 2.028897e-05
Epoch  46000 (0.9%): Train pred MSE = 3.679476e-05, Test pred MSE = 2.122065e-03, Param MSE = 2.126630e-02, Grad norm = 6.174293e-05, Beta update rate = 2.014240e-05
Epoch  46200 (0.9%): Train pred MSE = 3.641593e-05, Test pred MSE = 2.119962e-03, Param MSE = 2.124512e-02, Grad norm = 6.135925e-05, Beta update rate = 1.999745e-05
Epoch  46400 (0.9%): Train pred MSE = 3.604178e-05, Test pred MSE = 2.117878e-03, Param MSE = 2.122414e-02, Grad norm = 6.097900e-05, Beta update rate = 1.985407e-05
Epoch  46600 (0.9%): Train pred MSE = 3.567225e-05, Test pred MSE = 2.115813e-03, Param MSE = 2.120335e-02, Grad norm = 6.060212e-05, Beta update rate = 1.971225e-05
Epoch  46800 (0.9%): Train pred MSE = 3.530727e-05, Test pred MSE = 2.113767e-03, Param MSE = 2.118275e-02, Grad norm = 6.022856e-05, Beta update rate = 1.957197e-05
Epoch  47000 (0.9%): Train pred MSE = 3.494677e-05, Test pred MSE = 2.111739e-03, Param MSE = 2.116234e-02, Grad norm = 5.985826e-05, Beta update rate = 1.943318e-05
Epoch  47200 (0.9%): Train pred MSE = 3.459068e-05, Test pred MSE = 2.109730e-03, Param MSE = 2.114211e-02, Grad norm = 5.949119e-05, Beta update rate = 1.929587e-05
Epoch  47400 (0.9%): Train pred MSE = 3.423894e-05, Test pred MSE = 2.107739e-03, Param MSE = 2.112206e-02, Grad norm = 5.912730e-05, Beta update rate = 1.916002e-05
Epoch  47600 (1.0%): Train pred MSE = 3.389148e-05, Test pred MSE = 2.105766e-03, Param MSE = 2.110220e-02, Grad norm = 5.876653e-05, Beta update rate = 1.902559e-05
Epoch  47800 (1.0%): Train pred MSE = 3.354825e-05, Test pred MSE = 2.103811e-03, Param MSE = 2.108252e-02, Grad norm = 5.840885e-05, Beta update rate = 1.889258e-05
Epoch  48000 (1.0%): Train pred MSE = 3.320918e-05, Test pred MSE = 2.101873e-03, Param MSE = 2.106301e-02, Grad norm = 5.805421e-05, Beta update rate = 1.876094e-05
Epoch  48200 (1.0%): Train pred MSE = 3.287420e-05, Test pred MSE = 2.099953e-03, Param MSE = 2.104368e-02, Grad norm = 5.770257e-05, Beta update rate = 1.863066e-05
Epoch  48400 (1.0%): Train pred MSE = 3.254327e-05, Test pred MSE = 2.098050e-03, Param MSE = 2.102452e-02, Grad norm = 5.735389e-05, Beta update rate = 1.850172e-05
Epoch  48600 (1.0%): Train pred MSE = 3.221632e-05, Test pred MSE = 2.096164e-03, Param MSE = 2.100554e-02, Grad norm = 5.700812e-05, Beta update rate = 1.837410e-05
Epoch  48800 (1.0%): Train pred MSE = 3.189329e-05, Test pred MSE = 2.094294e-03, Param MSE = 2.098672e-02, Grad norm = 5.666524e-05, Beta update rate = 1.824777e-05
Epoch  49000 (1.0%): Train pred MSE = 3.157414e-05, Test pred MSE = 2.092442e-03, Param MSE = 2.096807e-02, Grad norm = 5.632519e-05, Beta update rate = 1.812272e-05
Epoch  49200 (1.0%): Train pred MSE = 3.125880e-05, Test pred MSE = 2.090606e-03, Param MSE = 2.094959e-02, Grad norm = 5.598795e-05, Beta update rate = 1.799892e-05
Epoch  49400 (1.0%): Train pred MSE = 3.094722e-05, Test pred MSE = 2.088786e-03, Param MSE = 2.093127e-02, Grad norm = 5.565348e-05, Beta update rate = 1.787635e-05
Epoch  49600 (1.0%): Train pred MSE = 3.063935e-05, Test pred MSE = 2.086982e-03, Param MSE = 2.091311e-02, Grad norm = 5.532173e-05, Beta update rate = 1.775500e-05
Epoch  49800 (1.0%): Train pred MSE = 3.033513e-05, Test pred MSE = 2.085194e-03, Param MSE = 2.089511e-02, Grad norm = 5.499268e-05, Beta update rate = 1.763484e-05
Epoch  50000 (1.0%): Train pred MSE = 3.003452e-05, Test pred MSE = 2.083422e-03, Param MSE = 2.087727e-02, Grad norm = 5.466630e-05, Beta update rate = 1.751587e-05
Epoch  50200 (1.0%): Train pred MSE = 2.973746e-05, Test pred MSE = 2.081665e-03, Param MSE = 2.085959e-02, Grad norm = 5.434254e-05, Beta update rate = 1.739805e-05
Epoch  50400 (1.0%): Train pred MSE = 2.944391e-05, Test pred MSE = 2.079924e-03, Param MSE = 2.084207e-02, Grad norm = 5.402138e-05, Beta update rate = 1.728137e-05
Epoch  50600 (1.0%): Train pred MSE = 2.915381e-05, Test pred MSE = 2.078198e-03, Param MSE = 2.082469e-02, Grad norm = 5.370278e-05, Beta update rate = 1.716582e-05
Epoch  50800 (1.0%): Train pred MSE = 2.886712e-05, Test pred MSE = 2.076487e-03, Param MSE = 2.080747e-02, Grad norm = 5.338672e-05, Beta update rate = 1.705138e-05
Epoch  51000 (1.0%): Train pred MSE = 2.858379e-05, Test pred MSE = 2.074792e-03, Param MSE = 2.079040e-02, Grad norm = 5.307316e-05, Beta update rate = 1.693802e-05
Epoch  51200 (1.0%): Train pred MSE = 2.830378e-05, Test pred MSE = 2.073110e-03, Param MSE = 2.077348e-02, Grad norm = 5.276207e-05, Beta update rate = 1.682574e-05
Epoch  51400 (1.0%): Train pred MSE = 2.802703e-05, Test pred MSE = 2.071444e-03, Param MSE = 2.075670e-02, Grad norm = 5.245342e-05, Beta update rate = 1.671452e-05
Epoch  51600 (1.0%): Train pred MSE = 2.775351e-05, Test pred MSE = 2.069792e-03, Param MSE = 2.074007e-02, Grad norm = 5.214719e-05, Beta update rate = 1.660435e-05
Epoch  51800 (1.0%): Train pred MSE = 2.748318e-05, Test pred MSE = 2.068154e-03, Param MSE = 2.072358e-02, Grad norm = 5.184335e-05, Beta update rate = 1.649520e-05
Epoch  52000 (1.0%): Train pred MSE = 2.721598e-05, Test pred MSE = 2.066530e-03, Param MSE = 2.070724e-02, Grad norm = 5.154187e-05, Beta update rate = 1.638707e-05
Epoch  52200 (1.0%): Train pred MSE = 2.695187e-05, Test pred MSE = 2.064920e-03, Param MSE = 2.069104e-02, Grad norm = 5.124272e-05, Beta update rate = 1.627993e-05
Epoch  52400 (1.0%): Train pred MSE = 2.669082e-05, Test pred MSE = 2.063324e-03, Param MSE = 2.067497e-02, Grad norm = 5.094588e-05, Beta update rate = 1.617378e-05
Epoch  52600 (1.1%): Train pred MSE = 2.643278e-05, Test pred MSE = 2.061742e-03, Param MSE = 2.065904e-02, Grad norm = 5.065133e-05, Beta update rate = 1.606860e-05
Epoch  52800 (1.1%): Train pred MSE = 2.617772e-05, Test pred MSE = 2.060173e-03, Param MSE = 2.064325e-02, Grad norm = 5.035903e-05, Beta update rate = 1.596438e-05
Epoch  53000 (1.1%): Train pred MSE = 2.592559e-05, Test pred MSE = 2.058618e-03, Param MSE = 2.062760e-02, Grad norm = 5.006896e-05, Beta update rate = 1.586110e-05
Epoch  53200 (1.1%): Train pred MSE = 2.567635e-05, Test pred MSE = 2.057076e-03, Param MSE = 2.061207e-02, Grad norm = 4.978110e-05, Beta update rate = 1.575875e-05
Epoch  53400 (1.1%): Train pred MSE = 2.542996e-05, Test pred MSE = 2.055547e-03, Param MSE = 2.059668e-02, Grad norm = 4.949543e-05, Beta update rate = 1.565732e-05
Epoch  53600 (1.1%): Train pred MSE = 2.518640e-05, Test pred MSE = 2.054031e-03, Param MSE = 2.058142e-02, Grad norm = 4.921191e-05, Beta update rate = 1.555680e-05
Epoch  53800 (1.1%): Train pred MSE = 2.494561e-05, Test pred MSE = 2.052528e-03, Param MSE = 2.056629e-02, Grad norm = 4.893054e-05, Beta update rate = 1.545717e-05
Epoch  54000 (1.1%): Train pred MSE = 2.470757e-05, Test pred MSE = 2.051038e-03, Param MSE = 2.055129e-02, Grad norm = 4.865128e-05, Beta update rate = 1.535842e-05
Epoch  54200 (1.1%): Train pred MSE = 2.447223e-05, Test pred MSE = 2.049560e-03, Param MSE = 2.053641e-02, Grad norm = 4.837412e-05, Beta update rate = 1.526054e-05
Epoch  54400 (1.1%): Train pred MSE = 2.423956e-05, Test pred MSE = 2.048095e-03, Param MSE = 2.052166e-02, Grad norm = 4.809903e-05, Beta update rate = 1.516352e-05
Epoch  54600 (1.1%): Train pred MSE = 2.400953e-05, Test pred MSE = 2.046641e-03, Param MSE = 2.050703e-02, Grad norm = 4.782600e-05, Beta update rate = 1.506735e-05
Epoch  54800 (1.1%): Train pred MSE = 2.378211e-05, Test pred MSE = 2.045201e-03, Param MSE = 2.049253e-02, Grad norm = 4.755499e-05, Beta update rate = 1.497201e-05
Epoch  55000 (1.1%): Train pred MSE = 2.355725e-05, Test pred MSE = 2.043772e-03, Param MSE = 2.047814e-02, Grad norm = 4.728600e-05, Beta update rate = 1.487750e-05
Epoch  55200 (1.1%): Train pred MSE = 2.333492e-05, Test pred MSE = 2.042355e-03, Param MSE = 2.046388e-02, Grad norm = 4.701900e-05, Beta update rate = 1.478381e-05
Epoch  55400 (1.1%): Train pred MSE = 2.311510e-05, Test pred MSE = 2.040950e-03, Param MSE = 2.044973e-02, Grad norm = 4.675397e-05, Beta update rate = 1.469092e-05
Epoch  55600 (1.1%): Train pred MSE = 2.289774e-05, Test pred MSE = 2.039557e-03, Param MSE = 2.043571e-02, Grad norm = 4.649090e-05, Beta update rate = 1.459882e-05
Epoch  55800 (1.1%): Train pred MSE = 2.268282e-05, Test pred MSE = 2.038175e-03, Param MSE = 2.042179e-02, Grad norm = 4.622975e-05, Beta update rate = 1.450751e-05
Epoch  56000 (1.1%): Train pred MSE = 2.247031e-05, Test pred MSE = 2.036805e-03, Param MSE = 2.040800e-02, Grad norm = 4.597053e-05, Beta update rate = 1.441697e-05
Epoch  56200 (1.1%): Train pred MSE = 2.226017e-05, Test pred MSE = 2.035446e-03, Param MSE = 2.039432e-02, Grad norm = 4.571320e-05, Beta update rate = 1.432720e-05
Epoch  56400 (1.1%): Train pred MSE = 2.205238e-05, Test pred MSE = 2.034098e-03, Param MSE = 2.038075e-02, Grad norm = 4.545775e-05, Beta update rate = 1.423818e-05
Epoch  56600 (1.1%): Train pred MSE = 2.184690e-05, Test pred MSE = 2.032761e-03, Param MSE = 2.036729e-02, Grad norm = 4.520416e-05, Beta update rate = 1.414991e-05
Epoch  56800 (1.1%): Train pred MSE = 2.164370e-05, Test pred MSE = 2.031436e-03, Param MSE = 2.035394e-02, Grad norm = 4.495242e-05, Beta update rate = 1.406238e-05
Epoch  57000 (1.1%): Train pred MSE = 2.144276e-05, Test pred MSE = 2.030121e-03, Param MSE = 2.034071e-02, Grad norm = 4.470250e-05, Beta update rate = 1.397558e-05
Epoch  57200 (1.1%): Train pred MSE = 2.124405e-05, Test pred MSE = 2.028817e-03, Param MSE = 2.032758e-02, Grad norm = 4.445439e-05, Beta update rate = 1.388950e-05
Epoch  57400 (1.1%): Train pred MSE = 2.104753e-05, Test pred MSE = 2.027524e-03, Param MSE = 2.031456e-02, Grad norm = 4.420808e-05, Beta update rate = 1.380412e-05
Epoch  57600 (1.2%): Train pred MSE = 2.085318e-05, Test pred MSE = 2.026241e-03, Param MSE = 2.030164e-02, Grad norm = 4.396354e-05, Beta update rate = 1.371946e-05
Epoch  57800 (1.2%): Train pred MSE = 2.066098e-05, Test pred MSE = 2.024969e-03, Param MSE = 2.028883e-02, Grad norm = 4.372077e-05, Beta update rate = 1.363549e-05
Epoch  58000 (1.2%): Train pred MSE = 2.047089e-05, Test pred MSE = 2.023707e-03, Param MSE = 2.027612e-02, Grad norm = 4.347974e-05, Beta update rate = 1.355220e-05
Epoch  58200 (1.2%): Train pred MSE = 2.028289e-05, Test pred MSE = 2.022455e-03, Param MSE = 2.026352e-02, Grad norm = 4.324044e-05, Beta update rate = 1.346960e-05
Epoch  58400 (1.2%): Train pred MSE = 2.009695e-05, Test pred MSE = 2.021214e-03, Param MSE = 2.025102e-02, Grad norm = 4.300285e-05, Beta update rate = 1.338767e-05
Epoch  58600 (1.2%): Train pred MSE = 1.991305e-05, Test pred MSE = 2.019982e-03, Param MSE = 2.023862e-02, Grad norm = 4.276697e-05, Beta update rate = 1.330640e-05
Epoch  58800 (1.2%): Train pred MSE = 1.973115e-05, Test pred MSE = 2.018761e-03, Param MSE = 2.022632e-02, Grad norm = 4.253277e-05, Beta update rate = 1.322579e-05
Epoch  59000 (1.2%): Train pred MSE = 1.955125e-05, Test pred MSE = 2.017549e-03, Param MSE = 2.021411e-02, Grad norm = 4.230023e-05, Beta update rate = 1.314583e-05
Epoch  59200 (1.2%): Train pred MSE = 1.937330e-05, Test pred MSE = 2.016347e-03, Param MSE = 2.020201e-02, Grad norm = 4.206935e-05, Beta update rate = 1.306651e-05
Epoch  59400 (1.2%): Train pred MSE = 1.919729e-05, Test pred MSE = 2.015155e-03, Param MSE = 2.019000e-02, Grad norm = 4.184012e-05, Beta update rate = 1.298782e-05
Epoch  59600 (1.2%): Train pred MSE = 1.902319e-05, Test pred MSE = 2.013972e-03, Param MSE = 2.017809e-02, Grad norm = 4.161250e-05, Beta update rate = 1.290977e-05
Epoch  59800 (1.2%): Train pred MSE = 1.885097e-05, Test pred MSE = 2.012799e-03, Param MSE = 2.016627e-02, Grad norm = 4.138650e-05, Beta update rate = 1.283233e-05
Epoch  60000 (1.2%): Train pred MSE = 1.868062e-05, Test pred MSE = 2.011635e-03, Param MSE = 2.015455e-02, Grad norm = 4.116210e-05, Beta update rate = 1.275552e-05
Epoch  60200 (1.2%): Train pred MSE = 1.851211e-05, Test pred MSE = 2.010480e-03, Param MSE = 2.014292e-02, Grad norm = 4.093929e-05, Beta update rate = 1.267931e-05
Epoch  60400 (1.2%): Train pred MSE = 1.834542e-05, Test pred MSE = 2.009335e-03, Param MSE = 2.013139e-02, Grad norm = 4.071804e-05, Beta update rate = 1.260370e-05
Epoch  60600 (1.2%): Train pred MSE = 1.818053e-05, Test pred MSE = 2.008198e-03, Param MSE = 2.011994e-02, Grad norm = 4.049836e-05, Beta update rate = 1.252868e-05
Epoch  60800 (1.2%): Train pred MSE = 1.801741e-05, Test pred MSE = 2.007071e-03, Param MSE = 2.010859e-02, Grad norm = 4.028021e-05, Beta update rate = 1.245426e-05
Epoch  61000 (1.2%): Train pred MSE = 1.785604e-05, Test pred MSE = 2.005952e-03, Param MSE = 2.009732e-02, Grad norm = 4.006360e-05, Beta update rate = 1.238042e-05
Epoch  61200 (1.2%): Train pred MSE = 1.769639e-05, Test pred MSE = 2.004843e-03, Param MSE = 2.008615e-02, Grad norm = 3.984851e-05, Beta update rate = 1.230716e-05
Epoch  61400 (1.2%): Train pred MSE = 1.753846e-05, Test pred MSE = 2.003742e-03, Param MSE = 2.007506e-02, Grad norm = 3.963493e-05, Beta update rate = 1.223447e-05
Epoch  61600 (1.2%): Train pred MSE = 1.738221e-05, Test pred MSE = 2.002650e-03, Param MSE = 2.006406e-02, Grad norm = 3.942283e-05, Beta update rate = 1.216234e-05
Epoch  61800 (1.2%): Train pred MSE = 1.722763e-05, Test pred MSE = 2.001566e-03, Param MSE = 2.005314e-02, Grad norm = 3.921222e-05, Beta update rate = 1.209078e-05
Epoch  62000 (1.2%): Train pred MSE = 1.707470e-05, Test pred MSE = 2.000491e-03, Param MSE = 2.004231e-02, Grad norm = 3.900308e-05, Beta update rate = 1.201977e-05
Epoch  62200 (1.2%): Train pred MSE = 1.692339e-05, Test pred MSE = 1.999424e-03, Param MSE = 2.003157e-02, Grad norm = 3.879540e-05, Beta update rate = 1.194930e-05
Epoch  62400 (1.2%): Train pred MSE = 1.677369e-05, Test pred MSE = 1.998366e-03, Param MSE = 2.002090e-02, Grad norm = 3.858916e-05, Beta update rate = 1.187938e-05
Epoch  62600 (1.3%): Train pred MSE = 1.662557e-05, Test pred MSE = 1.997316e-03, Param MSE = 2.001032e-02, Grad norm = 3.838436e-05, Beta update rate = 1.181000e-05
Epoch  62800 (1.3%): Train pred MSE = 1.647902e-05, Test pred MSE = 1.996274e-03, Param MSE = 1.999983e-02, Grad norm = 3.818097e-05, Beta update rate = 1.174115e-05
Epoch  63000 (1.3%): Train pred MSE = 1.633402e-05, Test pred MSE = 1.995240e-03, Param MSE = 1.998941e-02, Grad norm = 3.797900e-05, Beta update rate = 1.167283e-05
Epoch  63200 (1.3%): Train pred MSE = 1.619055e-05, Test pred MSE = 1.994214e-03, Param MSE = 1.997908e-02, Grad norm = 3.777842e-05, Beta update rate = 1.160503e-05
Epoch  63400 (1.3%): Train pred MSE = 1.604858e-05, Test pred MSE = 1.993196e-03, Param MSE = 1.996882e-02, Grad norm = 3.757923e-05, Beta update rate = 1.153775e-05
Epoch  63600 (1.3%): Train pred MSE = 1.590811e-05, Test pred MSE = 1.992186e-03, Param MSE = 1.995865e-02, Grad norm = 3.738142e-05, Beta update rate = 1.147097e-05
Epoch  63800 (1.3%): Train pred MSE = 1.576911e-05, Test pred MSE = 1.991184e-03, Param MSE = 1.994855e-02, Grad norm = 3.718497e-05, Beta update rate = 1.140471e-05
Epoch  64000 (1.3%): Train pred MSE = 1.563157e-05, Test pred MSE = 1.990189e-03, Param MSE = 1.993853e-02, Grad norm = 3.698988e-05, Beta update rate = 1.133895e-05
Epoch  64200 (1.3%): Train pred MSE = 1.549547e-05, Test pred MSE = 1.989202e-03, Param MSE = 1.992858e-02, Grad norm = 3.679613e-05, Beta update rate = 1.127368e-05
Epoch  64400 (1.3%): Train pred MSE = 1.536079e-05, Test pred MSE = 1.988223e-03, Param MSE = 1.991872e-02, Grad norm = 3.660371e-05, Beta update rate = 1.120891e-05
Epoch  64600 (1.3%): Train pred MSE = 1.522751e-05, Test pred MSE = 1.987251e-03, Param MSE = 1.990892e-02, Grad norm = 3.641261e-05, Beta update rate = 1.114463e-05
Epoch  64800 (1.3%): Train pred MSE = 1.509562e-05, Test pred MSE = 1.986286e-03, Param MSE = 1.989921e-02, Grad norm = 3.622282e-05, Beta update rate = 1.108083e-05
Epoch  65000 (1.3%): Train pred MSE = 1.496509e-05, Test pred MSE = 1.985329e-03, Param MSE = 1.988956e-02, Grad norm = 3.603433e-05, Beta update rate = 1.101751e-05
Epoch  65200 (1.3%): Train pred MSE = 1.483593e-05, Test pred MSE = 1.984379e-03, Param MSE = 1.987999e-02, Grad norm = 3.584713e-05, Beta update rate = 1.095466e-05
Epoch  65400 (1.3%): Train pred MSE = 1.470810e-05, Test pred MSE = 1.983437e-03, Param MSE = 1.987049e-02, Grad norm = 3.566122e-05, Beta update rate = 1.089228e-05
Epoch  65600 (1.3%): Train pred MSE = 1.458159e-05, Test pred MSE = 1.982501e-03, Param MSE = 1.986107e-02, Grad norm = 3.547657e-05, Beta update rate = 1.083037e-05
Epoch  65800 (1.3%): Train pred MSE = 1.445638e-05, Test pred MSE = 1.981573e-03, Param MSE = 1.985171e-02, Grad norm = 3.529318e-05, Beta update rate = 1.076892e-05
Epoch  66000 (1.3%): Train pred MSE = 1.433247e-05, Test pred MSE = 1.980652e-03, Param MSE = 1.984243e-02, Grad norm = 3.511104e-05, Beta update rate = 1.070793e-05
Epoch  66200 (1.3%): Train pred MSE = 1.420983e-05, Test pred MSE = 1.979737e-03, Param MSE = 1.983321e-02, Grad norm = 3.493013e-05, Beta update rate = 1.064739e-05
Epoch  66400 (1.3%): Train pred MSE = 1.408845e-05, Test pred MSE = 1.978830e-03, Param MSE = 1.982407e-02, Grad norm = 3.475046e-05, Beta update rate = 1.058730e-05
Epoch  66600 (1.3%): Train pred MSE = 1.396832e-05, Test pred MSE = 1.977929e-03, Param MSE = 1.981499e-02, Grad norm = 3.457201e-05, Beta update rate = 1.052766e-05
Epoch  66800 (1.3%): Train pred MSE = 1.384941e-05, Test pred MSE = 1.977035e-03, Param MSE = 1.980598e-02, Grad norm = 3.439477e-05, Beta update rate = 1.046845e-05
Epoch  67000 (1.3%): Train pred MSE = 1.373172e-05, Test pred MSE = 1.976148e-03, Param MSE = 1.979704e-02, Grad norm = 3.421873e-05, Beta update rate = 1.040969e-05
Epoch  67200 (1.3%): Train pred MSE = 1.361523e-05, Test pred MSE = 1.975268e-03, Param MSE = 1.978816e-02, Grad norm = 3.404388e-05, Beta update rate = 1.035135e-05
Epoch  67400 (1.3%): Train pred MSE = 1.349993e-05, Test pred MSE = 1.974394e-03, Param MSE = 1.977936e-02, Grad norm = 3.387021e-05, Beta update rate = 1.029345e-05
Epoch  67600 (1.4%): Train pred MSE = 1.338580e-05, Test pred MSE = 1.973526e-03, Param MSE = 1.977061e-02, Grad norm = 3.369771e-05, Beta update rate = 1.023597e-05
Epoch  67800 (1.4%): Train pred MSE = 1.327282e-05, Test pred MSE = 1.972665e-03, Param MSE = 1.976193e-02, Grad norm = 3.352638e-05, Beta update rate = 1.017891e-05
Epoch  68000 (1.4%): Train pred MSE = 1.316100e-05, Test pred MSE = 1.971811e-03, Param MSE = 1.975332e-02, Grad norm = 3.335620e-05, Beta update rate = 1.012227e-05
Epoch  68200 (1.4%): Train pred MSE = 1.305030e-05, Test pred MSE = 1.970962e-03, Param MSE = 1.974477e-02, Grad norm = 3.318717e-05, Beta update rate = 1.006605e-05
Epoch  68400 (1.4%): Train pred MSE = 1.294072e-05, Test pred MSE = 1.970120e-03, Param MSE = 1.973628e-02, Grad norm = 3.301927e-05, Beta update rate = 1.001023e-05
Epoch  68600 (1.4%): Train pred MSE = 1.283225e-05, Test pred MSE = 1.969285e-03, Param MSE = 1.972786e-02, Grad norm = 3.285250e-05, Beta update rate = 9.954828e-06
Epoch  68800 (1.4%): Train pred MSE = 1.272487e-05, Test pred MSE = 1.968455e-03, Param MSE = 1.971950e-02, Grad norm = 3.268685e-05, Beta update rate = 9.899824e-06
Epoch  69000 (1.4%): Train pred MSE = 1.261857e-05, Test pred MSE = 1.967632e-03, Param MSE = 1.971119e-02, Grad norm = 3.252230e-05, Beta update rate = 9.845220e-06
Epoch  69200 (1.4%): Train pred MSE = 1.251333e-05, Test pred MSE = 1.966814e-03, Param MSE = 1.970295e-02, Grad norm = 3.235886e-05, Beta update rate = 9.791012e-06
Epoch  69400 (1.4%): Train pred MSE = 1.240915e-05, Test pred MSE = 1.966003e-03, Param MSE = 1.969477e-02, Grad norm = 3.219651e-05, Beta update rate = 9.737197e-06
Epoch  69600 (1.4%): Train pred MSE = 1.230601e-05, Test pred MSE = 1.965197e-03, Param MSE = 1.968665e-02, Grad norm = 3.203524e-05, Beta update rate = 9.683773e-06
Epoch  69800 (1.4%): Train pred MSE = 1.220390e-05, Test pred MSE = 1.964398e-03, Param MSE = 1.967859e-02, Grad norm = 3.187505e-05, Beta update rate = 9.630734e-06
Epoch  70000 (1.4%): Train pred MSE = 1.210281e-05, Test pred MSE = 1.963604e-03, Param MSE = 1.967059e-02, Grad norm = 3.171593e-05, Beta update rate = 9.578078e-06
Epoch  70200 (1.4%): Train pred MSE = 1.200273e-05, Test pred MSE = 1.962816e-03, Param MSE = 1.966265e-02, Grad norm = 3.155786e-05, Beta update rate = 9.525802e-06
Epoch  70400 (1.4%): Train pred MSE = 1.190364e-05, Test pred MSE = 1.962034e-03, Param MSE = 1.965476e-02, Grad norm = 3.140084e-05, Beta update rate = 9.473903e-06
Epoch  70600 (1.4%): Train pred MSE = 1.180553e-05, Test pred MSE = 1.961258e-03, Param MSE = 1.964693e-02, Grad norm = 3.124487e-05, Beta update rate = 9.422377e-06
Epoch  70800 (1.4%): Train pred MSE = 1.170839e-05, Test pred MSE = 1.960487e-03, Param MSE = 1.963916e-02, Grad norm = 3.108993e-05, Beta update rate = 9.371220e-06
Epoch  71000 (1.4%): Train pred MSE = 1.161222e-05, Test pred MSE = 1.959721e-03, Param MSE = 1.963144e-02, Grad norm = 3.093601e-05, Beta update rate = 9.320431e-06
Epoch  71200 (1.4%): Train pred MSE = 1.151699e-05, Test pred MSE = 1.958962e-03, Param MSE = 1.962378e-02, Grad norm = 3.078312e-05, Beta update rate = 9.270006e-06
Epoch  71400 (1.4%): Train pred MSE = 1.142270e-05, Test pred MSE = 1.958207e-03, Param MSE = 1.961617e-02, Grad norm = 3.063123e-05, Beta update rate = 9.219941e-06
Epoch  71600 (1.4%): Train pred MSE = 1.132934e-05, Test pred MSE = 1.957459e-03, Param MSE = 1.960862e-02, Grad norm = 3.048034e-05, Beta update rate = 9.170233e-06
Epoch  71800 (1.4%): Train pred MSE = 1.123689e-05, Test pred MSE = 1.956715e-03, Param MSE = 1.960113e-02, Grad norm = 3.033045e-05, Beta update rate = 9.120881e-06
Epoch  72000 (1.4%): Train pred MSE = 1.114535e-05, Test pred MSE = 1.955977e-03, Param MSE = 1.959368e-02, Grad norm = 3.018155e-05, Beta update rate = 9.071880e-06
Epoch  72200 (1.4%): Train pred MSE = 1.105471e-05, Test pred MSE = 1.955244e-03, Param MSE = 1.958629e-02, Grad norm = 3.003362e-05, Beta update rate = 9.023227e-06
Epoch  72400 (1.4%): Train pred MSE = 1.096495e-05, Test pred MSE = 1.954517e-03, Param MSE = 1.957895e-02, Grad norm = 2.988667e-05, Beta update rate = 8.974921e-06
Epoch  72600 (1.5%): Train pred MSE = 1.087607e-05, Test pred MSE = 1.953794e-03, Param MSE = 1.957167e-02, Grad norm = 2.974068e-05, Beta update rate = 8.926957e-06
Epoch  72800 (1.5%): Train pred MSE = 1.078805e-05, Test pred MSE = 1.953077e-03, Param MSE = 1.956444e-02, Grad norm = 2.959564e-05, Beta update rate = 8.879333e-06
Epoch  73000 (1.5%): Train pred MSE = 1.070089e-05, Test pred MSE = 1.952365e-03, Param MSE = 1.955725e-02, Grad norm = 2.945155e-05, Beta update rate = 8.832047e-06
Epoch  73200 (1.5%): Train pred MSE = 1.061458e-05, Test pred MSE = 1.951658e-03, Param MSE = 1.955012e-02, Grad norm = 2.930841e-05, Beta update rate = 8.785095e-06
Epoch  73400 (1.5%): Train pred MSE = 1.052910e-05, Test pred MSE = 1.950956e-03, Param MSE = 1.954304e-02, Grad norm = 2.916620e-05, Beta update rate = 8.738474e-06
Epoch  73600 (1.5%): Train pred MSE = 1.044445e-05, Test pred MSE = 1.950259e-03, Param MSE = 1.953601e-02, Grad norm = 2.902491e-05, Beta update rate = 8.692182e-06
Epoch  73800 (1.5%): Train pred MSE = 1.036061e-05, Test pred MSE = 1.949567e-03, Param MSE = 1.952903e-02, Grad norm = 2.888454e-05, Beta update rate = 8.646216e-06
Epoch  74000 (1.5%): Train pred MSE = 1.027759e-05, Test pred MSE = 1.948880e-03, Param MSE = 1.952210e-02, Grad norm = 2.874509e-05, Beta update rate = 8.600573e-06
Epoch  74200 (1.5%): Train pred MSE = 1.019536e-05, Test pred MSE = 1.948198e-03, Param MSE = 1.951522e-02, Grad norm = 2.860654e-05, Beta update rate = 8.555251e-06
Epoch  74400 (1.5%): Train pred MSE = 1.011392e-05, Test pred MSE = 1.947520e-03, Param MSE = 1.950838e-02, Grad norm = 2.846889e-05, Beta update rate = 8.510247e-06
Epoch  74600 (1.5%): Train pred MSE = 1.003327e-05, Test pred MSE = 1.946847e-03, Param MSE = 1.950160e-02, Grad norm = 2.833214e-05, Beta update rate = 8.465559e-06
Epoch  74800 (1.5%): Train pred MSE = 9.953385e-06, Test pred MSE = 1.946179e-03, Param MSE = 1.949486e-02, Grad norm = 2.819626e-05, Beta update rate = 8.421183e-06
Epoch  75000 (1.5%): Train pred MSE = 9.874266e-06, Test pred MSE = 1.945516e-03, Param MSE = 1.948817e-02, Grad norm = 2.806126e-05, Beta update rate = 8.377117e-06
Epoch  75200 (1.5%): Train pred MSE = 9.795901e-06, Test pred MSE = 1.944857e-03, Param MSE = 1.948152e-02, Grad norm = 2.792714e-05, Beta update rate = 8.333359e-06
Epoch  75400 (1.5%): Train pred MSE = 9.718284e-06, Test pred MSE = 1.944203e-03, Param MSE = 1.947492e-02, Grad norm = 2.779388e-05, Beta update rate = 8.289906e-06
Epoch  75600 (1.5%): Train pred MSE = 9.641404e-06, Test pred MSE = 1.943554e-03, Param MSE = 1.946837e-02, Grad norm = 2.766147e-05, Beta update rate = 8.246756e-06
Epoch  75800 (1.5%): Train pred MSE = 9.565255e-06, Test pred MSE = 1.942909e-03, Param MSE = 1.946186e-02, Grad norm = 2.752992e-05, Beta update rate = 8.203905e-06
Epoch  76000 (1.5%): Train pred MSE = 9.489828e-06, Test pred MSE = 1.942268e-03, Param MSE = 1.945540e-02, Grad norm = 2.739921e-05, Beta update rate = 8.161353e-06
Epoch  76200 (1.5%): Train pred MSE = 9.415114e-06, Test pred MSE = 1.941632e-03, Param MSE = 1.944898e-02, Grad norm = 2.726934e-05, Beta update rate = 8.119095e-06
Epoch  76400 (1.5%): Train pred MSE = 9.341107e-06, Test pred MSE = 1.941001e-03, Param MSE = 1.944261e-02, Grad norm = 2.714030e-05, Beta update rate = 8.077130e-06
Epoch  76600 (1.5%): Train pred MSE = 9.267798e-06, Test pred MSE = 1.940374e-03, Param MSE = 1.943628e-02, Grad norm = 2.701208e-05, Beta update rate = 8.035456e-06
Epoch  76800 (1.5%): Train pred MSE = 9.195179e-06, Test pred MSE = 1.939751e-03, Param MSE = 1.943000e-02, Grad norm = 2.688468e-05, Beta update rate = 7.994069e-06
Epoch  77000 (1.5%): Train pred MSE = 9.123243e-06, Test pred MSE = 1.939132e-03, Param MSE = 1.942375e-02, Grad norm = 2.675809e-05, Beta update rate = 7.952968e-06
Epoch  77200 (1.5%): Train pred MSE = 9.051982e-06, Test pred MSE = 1.938518e-03, Param MSE = 1.941755e-02, Grad norm = 2.663231e-05, Beta update rate = 7.912151e-06
Epoch  77400 (1.5%): Train pred MSE = 8.981390e-06, Test pred MSE = 1.937908e-03, Param MSE = 1.941140e-02, Grad norm = 2.650733e-05, Beta update rate = 7.871614e-06
Epoch  77600 (1.6%): Train pred MSE = 8.911457e-06, Test pred MSE = 1.937302e-03, Param MSE = 1.940528e-02, Grad norm = 2.638314e-05, Beta update rate = 7.831356e-06
Epoch  77800 (1.6%): Train pred MSE = 8.842178e-06, Test pred MSE = 1.936700e-03, Param MSE = 1.939921e-02, Grad norm = 2.625974e-05, Beta update rate = 7.791374e-06
Epoch  78000 (1.6%): Train pred MSE = 8.773545e-06, Test pred MSE = 1.936102e-03, Param MSE = 1.939318e-02, Grad norm = 2.613712e-05, Beta update rate = 7.751667e-06
Epoch  78200 (1.6%): Train pred MSE = 8.705551e-06, Test pred MSE = 1.935509e-03, Param MSE = 1.938719e-02, Grad norm = 2.601528e-05, Beta update rate = 7.712231e-06
Epoch  78400 (1.6%): Train pred MSE = 8.638188e-06, Test pred MSE = 1.934919e-03, Param MSE = 1.938124e-02, Grad norm = 2.589420e-05, Beta update rate = 7.673065e-06
Epoch  78600 (1.6%): Train pred MSE = 8.571451e-06, Test pred MSE = 1.934334e-03, Param MSE = 1.937533e-02, Grad norm = 2.577389e-05, Beta update rate = 7.634167e-06
Epoch  78800 (1.6%): Train pred MSE = 8.505332e-06, Test pred MSE = 1.933752e-03, Param MSE = 1.936946e-02, Grad norm = 2.565434e-05, Beta update rate = 7.595534e-06
Epoch  79000 (1.6%): Train pred MSE = 8.439824e-06, Test pred MSE = 1.933175e-03, Param MSE = 1.936363e-02, Grad norm = 2.553553e-05, Beta update rate = 7.557164e-06
Epoch  79200 (1.6%): Train pred MSE = 8.374922e-06, Test pred MSE = 1.932601e-03, Param MSE = 1.935784e-02, Grad norm = 2.541747e-05, Beta update rate = 7.519055e-06
Epoch  79400 (1.6%): Train pred MSE = 8.310617e-06, Test pred MSE = 1.932032e-03, Param MSE = 1.935209e-02, Grad norm = 2.530016e-05, Beta update rate = 7.481205e-06
Epoch  79600 (1.6%): Train pred MSE = 8.246904e-06, Test pred MSE = 1.931466e-03, Param MSE = 1.934638e-02, Grad norm = 2.518357e-05, Beta update rate = 7.443612e-06
Epoch  79800 (1.6%): Train pred MSE = 8.183777e-06, Test pred MSE = 1.930904e-03, Param MSE = 1.934071e-02, Grad norm = 2.506772e-05, Beta update rate = 7.406273e-06
Epoch  80000 (1.6%): Train pred MSE = 8.121229e-06, Test pred MSE = 1.930346e-03, Param MSE = 1.933507e-02, Grad norm = 2.495259e-05, Beta update rate = 7.369188e-06
Epoch  80200 (1.6%): Train pred MSE = 8.059253e-06, Test pred MSE = 1.929791e-03, Param MSE = 1.932947e-02, Grad norm = 2.483817e-05, Beta update rate = 7.332352e-06
Epoch  80400 (1.6%): Train pred MSE = 7.997844e-06, Test pred MSE = 1.929241e-03, Param MSE = 1.932391e-02, Grad norm = 2.472447e-05, Beta update rate = 7.295766e-06
Epoch  80600 (1.6%): Train pred MSE = 7.936995e-06, Test pred MSE = 1.928694e-03, Param MSE = 1.931839e-02, Grad norm = 2.461147e-05, Beta update rate = 7.259425e-06
Epoch  80800 (1.6%): Train pred MSE = 7.876701e-06, Test pred MSE = 1.928150e-03, Param MSE = 1.931291e-02, Grad norm = 2.449918e-05, Beta update rate = 7.223330e-06
Epoch  81000 (1.6%): Train pred MSE = 7.816955e-06, Test pred MSE = 1.927611e-03, Param MSE = 1.930746e-02, Grad norm = 2.438758e-05, Beta update rate = 7.187477e-06
Epoch  81200 (1.6%): Train pred MSE = 7.757752e-06, Test pred MSE = 1.927075e-03, Param MSE = 1.930205e-02, Grad norm = 2.427667e-05, Beta update rate = 7.151865e-06
Epoch  81400 (1.6%): Train pred MSE = 7.699086e-06, Test pred MSE = 1.926542e-03, Param MSE = 1.929667e-02, Grad norm = 2.416645e-05, Beta update rate = 7.116491e-06
Epoch  81600 (1.6%): Train pred MSE = 7.640951e-06, Test pred MSE = 1.926013e-03, Param MSE = 1.929133e-02, Grad norm = 2.405691e-05, Beta update rate = 7.081354e-06
Epoch  81800 (1.6%): Train pred MSE = 7.583341e-06, Test pred MSE = 1.925488e-03, Param MSE = 1.928602e-02, Grad norm = 2.394804e-05, Beta update rate = 7.046452e-06
Epoch  82000 (1.6%): Train pred MSE = 7.526251e-06, Test pred MSE = 1.924966e-03, Param MSE = 1.928075e-02, Grad norm = 2.383984e-05, Beta update rate = 7.011783e-06
Epoch  82200 (1.6%): Train pred MSE = 7.469676e-06, Test pred MSE = 1.924447e-03, Param MSE = 1.927552e-02, Grad norm = 2.373230e-05, Beta update rate = 6.977345e-06
Epoch  82400 (1.6%): Train pred MSE = 7.413609e-06, Test pred MSE = 1.923932e-03, Param MSE = 1.927032e-02, Grad norm = 2.362543e-05, Beta update rate = 6.943136e-06
Epoch  82600 (1.7%): Train pred MSE = 7.358046e-06, Test pred MSE = 1.923421e-03, Param MSE = 1.926515e-02, Grad norm = 2.351921e-05, Beta update rate = 6.909154e-06
Epoch  82800 (1.7%): Train pred MSE = 7.302980e-06, Test pred MSE = 1.922913e-03, Param MSE = 1.926002e-02, Grad norm = 2.341364e-05, Beta update rate = 6.875398e-06
Epoch  83000 (1.7%): Train pred MSE = 7.248408e-06, Test pred MSE = 1.922408e-03, Param MSE = 1.925492e-02, Grad norm = 2.330871e-05, Beta update rate = 6.841866e-06
Epoch  83200 (1.7%): Train pred MSE = 7.194323e-06, Test pred MSE = 1.921906e-03, Param MSE = 1.924985e-02, Grad norm = 2.320442e-05, Beta update rate = 6.808555e-06
Epoch  83400 (1.7%): Train pred MSE = 7.140721e-06, Test pred MSE = 1.921408e-03, Param MSE = 1.924482e-02, Grad norm = 2.310077e-05, Beta update rate = 6.775465e-06
Epoch  83600 (1.7%): Train pred MSE = 7.087596e-06, Test pred MSE = 1.920913e-03, Param MSE = 1.923982e-02, Grad norm = 2.299775e-05, Beta update rate = 6.742593e-06
Epoch  83800 (1.7%): Train pred MSE = 7.034943e-06, Test pred MSE = 1.920421e-03, Param MSE = 1.923486e-02, Grad norm = 2.289535e-05, Beta update rate = 6.709938e-06
Epoch  84000 (1.7%): Train pred MSE = 6.982758e-06, Test pred MSE = 1.919933e-03, Param MSE = 1.922992e-02, Grad norm = 2.279358e-05, Beta update rate = 6.677497e-06
Epoch  84200 (1.7%): Train pred MSE = 6.931036e-06, Test pred MSE = 1.919448e-03, Param MSE = 1.922502e-02, Grad norm = 2.269242e-05, Beta update rate = 6.645270e-06
Epoch  84400 (1.7%): Train pred MSE = 6.879771e-06, Test pred MSE = 1.918966e-03, Param MSE = 1.922015e-02, Grad norm = 2.259187e-05, Beta update rate = 6.613254e-06
Epoch  84600 (1.7%): Train pred MSE = 6.828959e-06, Test pred MSE = 1.918487e-03, Param MSE = 1.921531e-02, Grad norm = 2.249192e-05, Beta update rate = 6.581448e-06
Epoch  84800 (1.7%): Train pred MSE = 6.778595e-06, Test pred MSE = 1.918011e-03, Param MSE = 1.921051e-02, Grad norm = 2.239258e-05, Beta update rate = 6.549850e-06
Epoch  85000 (1.7%): Train pred MSE = 6.728675e-06, Test pred MSE = 1.917538e-03, Param MSE = 1.920573e-02, Grad norm = 2.229384e-05, Beta update rate = 6.518458e-06
Epoch  85200 (1.7%): Train pred MSE = 6.679194e-06, Test pred MSE = 1.917069e-03, Param MSE = 1.920099e-02, Grad norm = 2.219569e-05, Beta update rate = 6.487271e-06
Epoch  85400 (1.7%): Train pred MSE = 6.630147e-06, Test pred MSE = 1.916602e-03, Param MSE = 1.919627e-02, Grad norm = 2.209812e-05, Beta update rate = 6.456287e-06
Epoch  85600 (1.7%): Train pred MSE = 6.581530e-06, Test pred MSE = 1.916139e-03, Param MSE = 1.919159e-02, Grad norm = 2.200114e-05, Beta update rate = 6.425504e-06
Epoch  85800 (1.7%): Train pred MSE = 6.533339e-06, Test pred MSE = 1.915678e-03, Param MSE = 1.918694e-02, Grad norm = 2.190474e-05, Beta update rate = 6.394922e-06
Epoch  86000 (1.7%): Train pred MSE = 6.485569e-06, Test pred MSE = 1.915220e-03, Param MSE = 1.918232e-02, Grad norm = 2.180892e-05, Beta update rate = 6.364537e-06
Epoch  86200 (1.7%): Train pred MSE = 6.438215e-06, Test pred MSE = 1.914766e-03, Param MSE = 1.917772e-02, Grad norm = 2.171367e-05, Beta update rate = 6.334349e-06
Epoch  86400 (1.7%): Train pred MSE = 6.391274e-06, Test pred MSE = 1.914314e-03, Param MSE = 1.917316e-02, Grad norm = 2.161898e-05, Beta update rate = 6.304357e-06
Epoch  86600 (1.7%): Train pred MSE = 6.344740e-06, Test pred MSE = 1.913865e-03, Param MSE = 1.916862e-02, Grad norm = 2.152486e-05, Beta update rate = 6.274557e-06
Epoch  86800 (1.7%): Train pred MSE = 6.298611e-06, Test pred MSE = 1.913420e-03, Param MSE = 1.916412e-02, Grad norm = 2.143129e-05, Beta update rate = 6.244950e-06
Epoch  87000 (1.7%): Train pred MSE = 6.252882e-06, Test pred MSE = 1.912977e-03, Param MSE = 1.915964e-02, Grad norm = 2.133828e-05, Beta update rate = 6.215533e-06
Epoch  87200 (1.7%): Train pred MSE = 6.207548e-06, Test pred MSE = 1.912536e-03, Param MSE = 1.915519e-02, Grad norm = 2.124582e-05, Beta update rate = 6.186306e-06
Epoch  87400 (1.7%): Train pred MSE = 6.162607e-06, Test pred MSE = 1.912099e-03, Param MSE = 1.915077e-02, Grad norm = 2.115390e-05, Beta update rate = 6.157265e-06
Epoch  87600 (1.8%): Train pred MSE = 6.118053e-06, Test pred MSE = 1.911665e-03, Param MSE = 1.914638e-02, Grad norm = 2.106253e-05, Beta update rate = 6.128411e-06
Epoch  87800 (1.8%): Train pred MSE = 6.073882e-06, Test pred MSE = 1.911233e-03, Param MSE = 1.914202e-02, Grad norm = 2.097169e-05, Beta update rate = 6.099741e-06
Epoch  88000 (1.8%): Train pred MSE = 6.030092e-06, Test pred MSE = 1.910804e-03, Param MSE = 1.913768e-02, Grad norm = 2.088138e-05, Beta update rate = 6.071254e-06
Epoch  88200 (1.8%): Train pred MSE = 5.986677e-06, Test pred MSE = 1.910378e-03, Param MSE = 1.913337e-02, Grad norm = 2.079161e-05, Beta update rate = 6.042948e-06
Epoch  88400 (1.8%): Train pred MSE = 5.943635e-06, Test pred MSE = 1.909954e-03, Param MSE = 1.912909e-02, Grad norm = 2.070236e-05, Beta update rate = 6.014823e-06
Epoch  88600 (1.8%): Train pred MSE = 5.900961e-06, Test pred MSE = 1.909533e-03, Param MSE = 1.912484e-02, Grad norm = 2.061364e-05, Beta update rate = 5.986876e-06
Epoch  88800 (1.8%): Train pred MSE = 5.858652e-06, Test pred MSE = 1.909115e-03, Param MSE = 1.912061e-02, Grad norm = 2.052543e-05, Beta update rate = 5.959107e-06
Epoch  89000 (1.8%): Train pred MSE = 5.816704e-06, Test pred MSE = 1.908700e-03, Param MSE = 1.911641e-02, Grad norm = 2.043773e-05, Beta update rate = 5.931513e-06
Epoch  89200 (1.8%): Train pred MSE = 5.775113e-06, Test pred MSE = 1.908287e-03, Param MSE = 1.911224e-02, Grad norm = 2.035055e-05, Beta update rate = 5.904094e-06
Epoch  89400 (1.8%): Train pred MSE = 5.733877e-06, Test pred MSE = 1.907876e-03, Param MSE = 1.910809e-02, Grad norm = 2.026387e-05, Beta update rate = 5.876848e-06
Epoch  89600 (1.8%): Train pred MSE = 5.692990e-06, Test pred MSE = 1.907469e-03, Param MSE = 1.910397e-02, Grad norm = 2.017770e-05, Beta update rate = 5.849774e-06
Epoch  89800 (1.8%): Train pred MSE = 5.652450e-06, Test pred MSE = 1.907064e-03, Param MSE = 1.909987e-02, Grad norm = 2.009202e-05, Beta update rate = 5.822870e-06
Epoch  90000 (1.8%): Train pred MSE = 5.612254e-06, Test pred MSE = 1.906661e-03, Param MSE = 1.909580e-02, Grad norm = 2.000684e-05, Beta update rate = 5.796135e-06
Epoch  90200 (1.8%): Train pred MSE = 5.572397e-06, Test pred MSE = 1.906261e-03, Param MSE = 1.909176e-02, Grad norm = 1.992215e-05, Beta update rate = 5.769567e-06
Epoch  90400 (1.8%): Train pred MSE = 5.532876e-06, Test pred MSE = 1.905864e-03, Param MSE = 1.908774e-02, Grad norm = 1.983795e-05, Beta update rate = 5.743166e-06
Epoch  90600 (1.8%): Train pred MSE = 5.493689e-06, Test pred MSE = 1.905469e-03, Param MSE = 1.908374e-02, Grad norm = 1.975424e-05, Beta update rate = 5.716930e-06
Epoch  90800 (1.8%): Train pred MSE = 5.454832e-06, Test pred MSE = 1.905076e-03, Param MSE = 1.907977e-02, Grad norm = 1.967101e-05, Beta update rate = 5.690858e-06
Epoch  91000 (1.8%): Train pred MSE = 5.416301e-06, Test pred MSE = 1.904686e-03, Param MSE = 1.907583e-02, Grad norm = 1.958825e-05, Beta update rate = 5.664948e-06
Epoch  91200 (1.8%): Train pred MSE = 5.378093e-06, Test pred MSE = 1.904298e-03, Param MSE = 1.907191e-02, Grad norm = 1.950597e-05, Beta update rate = 5.639199e-06
Epoch  91400 (1.8%): Train pred MSE = 5.340206e-06, Test pred MSE = 1.903913e-03, Param MSE = 1.906801e-02, Grad norm = 1.942415e-05, Beta update rate = 5.613610e-06
Epoch  91600 (1.8%): Train pred MSE = 5.302635e-06, Test pred MSE = 1.903530e-03, Param MSE = 1.906414e-02, Grad norm = 1.934281e-05, Beta update rate = 5.588180e-06
Epoch  91800 (1.8%): Train pred MSE = 5.265378e-06, Test pred MSE = 1.903150e-03, Param MSE = 1.906030e-02, Grad norm = 1.926193e-05, Beta update rate = 5.562907e-06
Epoch  92000 (1.8%): Train pred MSE = 5.228432e-06, Test pred MSE = 1.902772e-03, Param MSE = 1.905647e-02, Grad norm = 1.918151e-05, Beta update rate = 5.537791e-06
Epoch  92200 (1.8%): Train pred MSE = 5.191793e-06, Test pred MSE = 1.902396e-03, Param MSE = 1.905267e-02, Grad norm = 1.910154e-05, Beta update rate = 5.512829e-06
Epoch  92400 (1.8%): Train pred MSE = 5.155460e-06, Test pred MSE = 1.902023e-03, Param MSE = 1.904889e-02, Grad norm = 1.902203e-05, Beta update rate = 5.488021e-06
Epoch  92600 (1.9%): Train pred MSE = 5.119427e-06, Test pred MSE = 1.901652e-03, Param MSE = 1.904514e-02, Grad norm = 1.894297e-05, Beta update rate = 5.463365e-06
Epoch  92800 (1.9%): Train pred MSE = 5.083694e-06, Test pred MSE = 1.901283e-03, Param MSE = 1.904141e-02, Grad norm = 1.886436e-05, Beta update rate = 5.438861e-06
Epoch  93000 (1.9%): Train pred MSE = 5.048256e-06, Test pred MSE = 1.900916e-03, Param MSE = 1.903770e-02, Grad norm = 1.878619e-05, Beta update rate = 5.414507e-06
Epoch  93200 (1.9%): Train pred MSE = 5.013111e-06, Test pred MSE = 1.900552e-03, Param MSE = 1.903402e-02, Grad norm = 1.870847e-05, Beta update rate = 5.390302e-06
Epoch  93400 (1.9%): Train pred MSE = 4.978256e-06, Test pred MSE = 1.900190e-03, Param MSE = 1.903036e-02, Grad norm = 1.863118e-05, Beta update rate = 5.366245e-06
Epoch  93600 (1.9%): Train pred MSE = 4.943688e-06, Test pred MSE = 1.899831e-03, Param MSE = 1.902672e-02, Grad norm = 1.855432e-05, Beta update rate = 5.342334e-06
Epoch  93800 (1.9%): Train pred MSE = 4.909404e-06, Test pred MSE = 1.899473e-03, Param MSE = 1.902310e-02, Grad norm = 1.847789e-05, Beta update rate = 5.318569e-06
Epoch  94000 (1.9%): Train pred MSE = 4.875402e-06, Test pred MSE = 1.899118e-03, Param MSE = 1.901950e-02, Grad norm = 1.840190e-05, Beta update rate = 5.294948e-06
Epoch  94200 (1.9%): Train pred MSE = 4.841679e-06, Test pred MSE = 1.898765e-03, Param MSE = 1.901593e-02, Grad norm = 1.832633e-05, Beta update rate = 5.271470e-06
Epoch  94400 (1.9%): Train pred MSE = 4.808233e-06, Test pred MSE = 1.898414e-03, Param MSE = 1.901238e-02, Grad norm = 1.825118e-05, Beta update rate = 5.248135e-06
Epoch  94600 (1.9%): Train pred MSE = 4.775059e-06, Test pred MSE = 1.898065e-03, Param MSE = 1.900885e-02, Grad norm = 1.817645e-05, Beta update rate = 5.224941e-06
Epoch  94800 (1.9%): Train pred MSE = 4.742157e-06, Test pred MSE = 1.897718e-03, Param MSE = 1.900534e-02, Grad norm = 1.810213e-05, Beta update rate = 5.201886e-06
Epoch  95000 (1.9%): Train pred MSE = 4.709523e-06, Test pred MSE = 1.897373e-03, Param MSE = 1.900185e-02, Grad norm = 1.802823e-05, Beta update rate = 5.178971e-06
Epoch  95200 (1.9%): Train pred MSE = 4.677155e-06, Test pred MSE = 1.897031e-03, Param MSE = 1.899839e-02, Grad norm = 1.795474e-05, Beta update rate = 5.156193e-06
Epoch  95400 (1.9%): Train pred MSE = 4.645050e-06, Test pred MSE = 1.896691e-03, Param MSE = 1.899494e-02, Grad norm = 1.788166e-05, Beta update rate = 5.133552e-06
Epoch  95600 (1.9%): Train pred MSE = 4.613205e-06, Test pred MSE = 1.896352e-03, Param MSE = 1.899152e-02, Grad norm = 1.780898e-05, Beta update rate = 5.111046e-06
Epoch  95800 (1.9%): Train pred MSE = 4.581619e-06, Test pred MSE = 1.896016e-03, Param MSE = 1.898811e-02, Grad norm = 1.773670e-05, Beta update rate = 5.088676e-06
Epoch  96000 (1.9%): Train pred MSE = 4.550288e-06, Test pred MSE = 1.895682e-03, Param MSE = 1.898473e-02, Grad norm = 1.766482e-05, Beta update rate = 5.066438e-06
Epoch  96200 (1.9%): Train pred MSE = 4.519211e-06, Test pred MSE = 1.895350e-03, Param MSE = 1.898137e-02, Grad norm = 1.759333e-05, Beta update rate = 5.044334e-06
Epoch  96400 (1.9%): Train pred MSE = 4.488384e-06, Test pred MSE = 1.895019e-03, Param MSE = 1.897802e-02, Grad norm = 1.752224e-05, Beta update rate = 5.022361e-06
Epoch  96600 (1.9%): Train pred MSE = 4.457806e-06, Test pred MSE = 1.894691e-03, Param MSE = 1.897470e-02, Grad norm = 1.745154e-05, Beta update rate = 5.000518e-06
Epoch  96800 (1.9%): Train pred MSE = 4.427474e-06, Test pred MSE = 1.894365e-03, Param MSE = 1.897140e-02, Grad norm = 1.738123e-05, Beta update rate = 4.978805e-06
Epoch  97000 (1.9%): Train pred MSE = 4.397386e-06, Test pred MSE = 1.894041e-03, Param MSE = 1.896812e-02, Grad norm = 1.731130e-05, Beta update rate = 4.957220e-06
Epoch  97200 (1.9%): Train pred MSE = 4.367539e-06, Test pred MSE = 1.893718e-03, Param MSE = 1.896485e-02, Grad norm = 1.724175e-05, Beta update rate = 4.935763e-06
Epoch  97400 (1.9%): Train pred MSE = 4.337931e-06, Test pred MSE = 1.893398e-03, Param MSE = 1.896161e-02, Grad norm = 1.717259e-05, Beta update rate = 4.914433e-06
Epoch  97600 (2.0%): Train pred MSE = 4.308560e-06, Test pred MSE = 1.893080e-03, Param MSE = 1.895839e-02, Grad norm = 1.710380e-05, Beta update rate = 4.893228e-06
Epoch  97800 (2.0%): Train pred MSE = 4.279424e-06, Test pred MSE = 1.892763e-03, Param MSE = 1.895518e-02, Grad norm = 1.703538e-05, Beta update rate = 4.872148e-06
Epoch  98000 (2.0%): Train pred MSE = 4.250521e-06, Test pred MSE = 1.892449e-03, Param MSE = 1.895199e-02, Grad norm = 1.696733e-05, Beta update rate = 4.851191e-06
Epoch  98200 (2.0%): Train pred MSE = 4.221847e-06, Test pred MSE = 1.892136e-03, Param MSE = 1.894883e-02, Grad norm = 1.689966e-05, Beta update rate = 4.830357e-06
Epoch  98400 (2.0%): Train pred MSE = 4.193402e-06, Test pred MSE = 1.891825e-03, Param MSE = 1.894568e-02, Grad norm = 1.683234e-05, Beta update rate = 4.809646e-06
Epoch  98600 (2.0%): Train pred MSE = 4.165183e-06, Test pred MSE = 1.891516e-03, Param MSE = 1.894255e-02, Grad norm = 1.676540e-05, Beta update rate = 4.789054e-06
Epoch  98800 (2.0%): Train pred MSE = 4.137187e-06, Test pred MSE = 1.891209e-03, Param MSE = 1.893944e-02, Grad norm = 1.669881e-05, Beta update rate = 4.768583e-06
Epoch  99000 (2.0%): Train pred MSE = 4.109413e-06, Test pred MSE = 1.890903e-03, Param MSE = 1.893635e-02, Grad norm = 1.663258e-05, Beta update rate = 4.748231e-06
Epoch  99200 (2.0%): Train pred MSE = 4.081860e-06, Test pred MSE = 1.890600e-03, Param MSE = 1.893327e-02, Grad norm = 1.656671e-05, Beta update rate = 4.727998e-06
Epoch  99400 (2.0%): Train pred MSE = 4.054523e-06, Test pred MSE = 1.890298e-03, Param MSE = 1.893022e-02, Grad norm = 1.650120e-05, Beta update rate = 4.707881e-06
Epoch  99600 (2.0%): Train pred MSE = 4.027403e-06, Test pred MSE = 1.889998e-03, Param MSE = 1.892718e-02, Grad norm = 1.643603e-05, Beta update rate = 4.687881e-06
Epoch  99800 (2.0%): Train pred MSE = 4.000496e-06, Test pred MSE = 1.889700e-03, Param MSE = 1.892416e-02, Grad norm = 1.637121e-05, Beta update rate = 4.667996e-06
Epoch 100000 (2.0%): Train pred MSE = 3.973800e-06, Test pred MSE = 1.889404e-03, Param MSE = 1.892115e-02, Grad norm = 1.630674e-05, Beta update rate = 4.648226e-06
Epoch 100200 (2.0%): Train pred MSE = 3.947315e-06, Test pred MSE = 1.889109e-03, Param MSE = 1.891817e-02, Grad norm = 1.624261e-05, Beta update rate = 4.628570e-06
Epoch 100400 (2.0%): Train pred MSE = 3.921037e-06, Test pred MSE = 1.888816e-03, Param MSE = 1.891520e-02, Grad norm = 1.617883e-05, Beta update rate = 4.609027e-06
Epoch 100600 (2.0%): Train pred MSE = 3.894965e-06, Test pred MSE = 1.888525e-03, Param MSE = 1.891225e-02, Grad norm = 1.611538e-05, Beta update rate = 4.589595e-06
Epoch 100800 (2.0%): Train pred MSE = 3.869096e-06, Test pred MSE = 1.888236e-03, Param MSE = 1.890932e-02, Grad norm = 1.605227e-05, Beta update rate = 4.570275e-06
Epoch 101000 (2.0%): Train pred MSE = 3.843430e-06, Test pred MSE = 1.887948e-03, Param MSE = 1.890640e-02, Grad norm = 1.598950e-05, Beta update rate = 4.551066e-06
Epoch 101200 (2.0%): Train pred MSE = 3.817965e-06, Test pred MSE = 1.887662e-03, Param MSE = 1.890350e-02, Grad norm = 1.592705e-05, Beta update rate = 4.531966e-06
Epoch 101400 (2.0%): Train pred MSE = 3.792697e-06, Test pred MSE = 1.887378e-03, Param MSE = 1.890062e-02, Grad norm = 1.586494e-05, Beta update rate = 4.512974e-06
Epoch 101600 (2.0%): Train pred MSE = 3.767626e-06, Test pred MSE = 1.887095e-03, Param MSE = 1.889776e-02, Grad norm = 1.580316e-05, Beta update rate = 4.494091e-06
Epoch 101800 (2.0%): Train pred MSE = 3.742750e-06, Test pred MSE = 1.886814e-03, Param MSE = 1.889491e-02, Grad norm = 1.574170e-05, Beta update rate = 4.475315e-06
Epoch 102000 (2.0%): Train pred MSE = 3.718067e-06, Test pred MSE = 1.886535e-03, Param MSE = 1.889208e-02, Grad norm = 1.568056e-05, Beta update rate = 4.456645e-06
Epoch 102200 (2.0%): Train pred MSE = 3.693575e-06, Test pred MSE = 1.886257e-03, Param MSE = 1.888926e-02, Grad norm = 1.561975e-05, Beta update rate = 4.438081e-06
Epoch 102400 (2.0%): Train pred MSE = 3.669272e-06, Test pred MSE = 1.885981e-03, Param MSE = 1.888646e-02, Grad norm = 1.555925e-05, Beta update rate = 4.419621e-06
Epoch 102600 (2.1%): Train pred MSE = 3.645158e-06, Test pred MSE = 1.885706e-03, Param MSE = 1.888368e-02, Grad norm = 1.549907e-05, Beta update rate = 4.401266e-06
Epoch 102800 (2.1%): Train pred MSE = 3.621229e-06, Test pred MSE = 1.885434e-03, Param MSE = 1.888091e-02, Grad norm = 1.543921e-05, Beta update rate = 4.383014e-06
Epoch 103000 (2.1%): Train pred MSE = 3.597485e-06, Test pred MSE = 1.885162e-03, Param MSE = 1.887816e-02, Grad norm = 1.537965e-05, Beta update rate = 4.364864e-06
Epoch 103200 (2.1%): Train pred MSE = 3.573923e-06, Test pred MSE = 1.884893e-03, Param MSE = 1.887543e-02, Grad norm = 1.532041e-05, Beta update rate = 4.346816e-06
Epoch 103400 (2.1%): Train pred MSE = 3.550542e-06, Test pred MSE = 1.884624e-03, Param MSE = 1.887271e-02, Grad norm = 1.526148e-05, Beta update rate = 4.328869e-06
Epoch 103600 (2.1%): Train pred MSE = 3.527341e-06, Test pred MSE = 1.884358e-03, Param MSE = 1.887001e-02, Grad norm = 1.520285e-05, Beta update rate = 4.311022e-06
Epoch 103800 (2.1%): Train pred MSE = 3.504318e-06, Test pred MSE = 1.884093e-03, Param MSE = 1.886732e-02, Grad norm = 1.514453e-05, Beta update rate = 4.293274e-06
Epoch 104000 (2.1%): Train pred MSE = 3.481471e-06, Test pred MSE = 1.883829e-03, Param MSE = 1.886465e-02, Grad norm = 1.508651e-05, Beta update rate = 4.275626e-06
Epoch 104200 (2.1%): Train pred MSE = 3.458798e-06, Test pred MSE = 1.883567e-03, Param MSE = 1.886199e-02, Grad norm = 1.502879e-05, Beta update rate = 4.258075e-06
Epoch 104400 (2.1%): Train pred MSE = 3.436299e-06, Test pred MSE = 1.883307e-03, Param MSE = 1.885935e-02, Grad norm = 1.497137e-05, Beta update rate = 4.240622e-06
Epoch 104600 (2.1%): Train pred MSE = 3.413971e-06, Test pred MSE = 1.883048e-03, Param MSE = 1.885672e-02, Grad norm = 1.491424e-05, Beta update rate = 4.223265e-06
Epoch 104800 (2.1%): Train pred MSE = 3.391812e-06, Test pred MSE = 1.882790e-03, Param MSE = 1.885411e-02, Grad norm = 1.485741e-05, Beta update rate = 4.206005e-06
Epoch 105000 (2.1%): Train pred MSE = 3.369823e-06, Test pred MSE = 1.882534e-03, Param MSE = 1.885151e-02, Grad norm = 1.480087e-05, Beta update rate = 4.188839e-06
Epoch 105200 (2.1%): Train pred MSE = 3.348000e-06, Test pred MSE = 1.882280e-03, Param MSE = 1.884893e-02, Grad norm = 1.474462e-05, Beta update rate = 4.171768e-06
Epoch 105400 (2.1%): Train pred MSE = 3.326343e-06, Test pred MSE = 1.882027e-03, Param MSE = 1.884636e-02, Grad norm = 1.468866e-05, Beta update rate = 4.154791e-06
Epoch 105600 (2.1%): Train pred MSE = 3.304849e-06, Test pred MSE = 1.881775e-03, Param MSE = 1.884381e-02, Grad norm = 1.463298e-05, Beta update rate = 4.137907e-06
Epoch 105800 (2.1%): Train pred MSE = 3.283519e-06, Test pred MSE = 1.881525e-03, Param MSE = 1.884127e-02, Grad norm = 1.457759e-05, Beta update rate = 4.121116e-06
Epoch 106000 (2.1%): Train pred MSE = 3.262349e-06, Test pred MSE = 1.881276e-03, Param MSE = 1.883875e-02, Grad norm = 1.452248e-05, Beta update rate = 4.104416e-06
Epoch 106200 (2.1%): Train pred MSE = 3.241339e-06, Test pred MSE = 1.881029e-03, Param MSE = 1.883624e-02, Grad norm = 1.446766e-05, Beta update rate = 4.087808e-06
Epoch 106400 (2.1%): Train pred MSE = 3.220487e-06, Test pred MSE = 1.880783e-03, Param MSE = 1.883374e-02, Grad norm = 1.441311e-05, Beta update rate = 4.071289e-06
Epoch 106600 (2.1%): Train pred MSE = 3.199792e-06, Test pred MSE = 1.880539e-03, Param MSE = 1.883126e-02, Grad norm = 1.435884e-05, Beta update rate = 4.054861e-06
Epoch 106800 (2.1%): Train pred MSE = 3.179253e-06, Test pred MSE = 1.880296e-03, Param MSE = 1.882880e-02, Grad norm = 1.430484e-05, Beta update rate = 4.038522e-06
Epoch 107000 (2.1%): Train pred MSE = 3.158867e-06, Test pred MSE = 1.880054e-03, Param MSE = 1.882634e-02, Grad norm = 1.425112e-05, Beta update rate = 4.022272e-06
Epoch 107200 (2.1%): Train pred MSE = 3.138634e-06, Test pred MSE = 1.879814e-03, Param MSE = 1.882390e-02, Grad norm = 1.419767e-05, Beta update rate = 4.006109e-06
Epoch 107400 (2.1%): Train pred MSE = 3.118553e-06, Test pred MSE = 1.879575e-03, Param MSE = 1.882148e-02, Grad norm = 1.414449e-05, Beta update rate = 3.990034e-06
Epoch 107600 (2.2%): Train pred MSE = 3.098622e-06, Test pred MSE = 1.879337e-03, Param MSE = 1.881907e-02, Grad norm = 1.409157e-05, Beta update rate = 3.974046e-06
Epoch 107800 (2.2%): Train pred MSE = 3.078839e-06, Test pred MSE = 1.879101e-03, Param MSE = 1.881667e-02, Grad norm = 1.403893e-05, Beta update rate = 3.958143e-06
Epoch 108000 (2.2%): Train pred MSE = 3.059204e-06, Test pred MSE = 1.878866e-03, Param MSE = 1.881428e-02, Grad norm = 1.398655e-05, Beta update rate = 3.942326e-06
Epoch 108200 (2.2%): Train pred MSE = 3.039715e-06, Test pred MSE = 1.878632e-03, Param MSE = 1.881191e-02, Grad norm = 1.393443e-05, Beta update rate = 3.926594e-06
Epoch 108400 (2.2%): Train pred MSE = 3.020371e-06, Test pred MSE = 1.878400e-03, Param MSE = 1.880955e-02, Grad norm = 1.388257e-05, Beta update rate = 3.910946e-06
Epoch 108600 (2.2%): Train pred MSE = 3.001171e-06, Test pred MSE = 1.878169e-03, Param MSE = 1.880721e-02, Grad norm = 1.383097e-05, Beta update rate = 3.895382e-06
Epoch 108800 (2.2%): Train pred MSE = 2.982113e-06, Test pred MSE = 1.877939e-03, Param MSE = 1.880487e-02, Grad norm = 1.377963e-05, Beta update rate = 3.879901e-06
Epoch 109000 (2.2%): Train pred MSE = 2.963196e-06, Test pred MSE = 1.877711e-03, Param MSE = 1.880255e-02, Grad norm = 1.372855e-05, Beta update rate = 3.864502e-06
Epoch 109200 (2.2%): Train pred MSE = 2.944419e-06, Test pred MSE = 1.877484e-03, Param MSE = 1.880025e-02, Grad norm = 1.367772e-05, Beta update rate = 3.849185e-06
Epoch 109400 (2.2%): Train pred MSE = 2.925780e-06, Test pred MSE = 1.877258e-03, Param MSE = 1.879796e-02, Grad norm = 1.362714e-05, Beta update rate = 3.833950e-06
Epoch 109600 (2.2%): Train pred MSE = 2.907279e-06, Test pred MSE = 1.877034e-03, Param MSE = 1.879567e-02, Grad norm = 1.357681e-05, Beta update rate = 3.818795e-06
Epoch 109800 (2.2%): Train pred MSE = 2.888915e-06, Test pred MSE = 1.876811e-03, Param MSE = 1.879341e-02, Grad norm = 1.352674e-05, Beta update rate = 3.803720e-06
Epoch 110000 (2.2%): Train pred MSE = 2.870686e-06, Test pred MSE = 1.876588e-03, Param MSE = 1.879115e-02, Grad norm = 1.347691e-05, Beta update rate = 3.788726e-06
Epoch 110200 (2.2%): Train pred MSE = 2.852590e-06, Test pred MSE = 1.876368e-03, Param MSE = 1.878891e-02, Grad norm = 1.342733e-05, Beta update rate = 3.773810e-06
Epoch 110400 (2.2%): Train pred MSE = 2.834628e-06, Test pred MSE = 1.876148e-03, Param MSE = 1.878668e-02, Grad norm = 1.337799e-05, Beta update rate = 3.758972e-06
Epoch 110600 (2.2%): Train pred MSE = 2.816797e-06, Test pred MSE = 1.875930e-03, Param MSE = 1.878446e-02, Grad norm = 1.332890e-05, Beta update rate = 3.744213e-06
Epoch 110800 (2.2%): Train pred MSE = 2.799096e-06, Test pred MSE = 1.875713e-03, Param MSE = 1.878225e-02, Grad norm = 1.328005e-05, Beta update rate = 3.729531e-06
Epoch 111000 (2.2%): Train pred MSE = 2.781525e-06, Test pred MSE = 1.875497e-03, Param MSE = 1.878006e-02, Grad norm = 1.323143e-05, Beta update rate = 3.714926e-06
Epoch 111200 (2.2%): Train pred MSE = 2.764083e-06, Test pred MSE = 1.875282e-03, Param MSE = 1.877788e-02, Grad norm = 1.318306e-05, Beta update rate = 3.700397e-06
Epoch 111400 (2.2%): Train pred MSE = 2.746767e-06, Test pred MSE = 1.875069e-03, Param MSE = 1.877571e-02, Grad norm = 1.313492e-05, Beta update rate = 3.685944e-06
Epoch 111600 (2.2%): Train pred MSE = 2.729578e-06, Test pred MSE = 1.874857e-03, Param MSE = 1.877355e-02, Grad norm = 1.308702e-05, Beta update rate = 3.671567e-06
Epoch 111800 (2.2%): Train pred MSE = 2.712514e-06, Test pred MSE = 1.874645e-03, Param MSE = 1.877141e-02, Grad norm = 1.303936e-05, Beta update rate = 3.657264e-06
Epoch 112000 (2.2%): Train pred MSE = 2.695574e-06, Test pred MSE = 1.874435e-03, Param MSE = 1.876927e-02, Grad norm = 1.299192e-05, Beta update rate = 3.643035e-06
Epoch 112200 (2.2%): Train pred MSE = 2.678756e-06, Test pred MSE = 1.874227e-03, Param MSE = 1.876715e-02, Grad norm = 1.294472e-05, Beta update rate = 3.628881e-06
Epoch 112400 (2.2%): Train pred MSE = 2.662061e-06, Test pred MSE = 1.874019e-03, Param MSE = 1.876504e-02, Grad norm = 1.289775e-05, Beta update rate = 3.614799e-06
Epoch 112600 (2.3%): Train pred MSE = 2.645487e-06, Test pred MSE = 1.873813e-03, Param MSE = 1.876294e-02, Grad norm = 1.285100e-05, Beta update rate = 3.600790e-06
Epoch 112800 (2.3%): Train pred MSE = 2.629032e-06, Test pred MSE = 1.873607e-03, Param MSE = 1.876085e-02, Grad norm = 1.280449e-05, Beta update rate = 3.586854e-06
Epoch 113000 (2.3%): Train pred MSE = 2.612696e-06, Test pred MSE = 1.873403e-03, Param MSE = 1.875877e-02, Grad norm = 1.275819e-05, Beta update rate = 3.572989e-06
Epoch 113200 (2.3%): Train pred MSE = 2.596478e-06, Test pred MSE = 1.873200e-03, Param MSE = 1.875671e-02, Grad norm = 1.271212e-05, Beta update rate = 3.559196e-06
Epoch 113400 (2.3%): Train pred MSE = 2.580377e-06, Test pred MSE = 1.872998e-03, Param MSE = 1.875466e-02, Grad norm = 1.266628e-05, Beta update rate = 3.545473e-06
Epoch 113600 (2.3%): Train pred MSE = 2.564392e-06, Test pred MSE = 1.872797e-03, Param MSE = 1.875261e-02, Grad norm = 1.262065e-05, Beta update rate = 3.531821e-06
Epoch 113800 (2.3%): Train pred MSE = 2.548521e-06, Test pred MSE = 1.872598e-03, Param MSE = 1.875058e-02, Grad norm = 1.257525e-05, Beta update rate = 3.518239e-06
Epoch 114000 (2.3%): Train pred MSE = 2.532765e-06, Test pred MSE = 1.872399e-03, Param MSE = 1.874856e-02, Grad norm = 1.253006e-05, Beta update rate = 3.504725e-06
Epoch 114200 (2.3%): Train pred MSE = 2.517121e-06, Test pred MSE = 1.872201e-03, Param MSE = 1.874655e-02, Grad norm = 1.248509e-05, Beta update rate = 3.491281e-06
Epoch 114400 (2.3%): Train pred MSE = 2.501590e-06, Test pred MSE = 1.872005e-03, Param MSE = 1.874455e-02, Grad norm = 1.244034e-05, Beta update rate = 3.477906e-06
Epoch 114600 (2.3%): Train pred MSE = 2.486170e-06, Test pred MSE = 1.871809e-03, Param MSE = 1.874256e-02, Grad norm = 1.239580e-05, Beta update rate = 3.464598e-06
Epoch 114800 (2.3%): Train pred MSE = 2.470859e-06, Test pred MSE = 1.871615e-03, Param MSE = 1.874059e-02, Grad norm = 1.235147e-05, Beta update rate = 3.451358e-06
Epoch 115000 (2.3%): Train pred MSE = 2.455658e-06, Test pred MSE = 1.871422e-03, Param MSE = 1.873862e-02, Grad norm = 1.230736e-05, Beta update rate = 3.438184e-06
Epoch 115200 (2.3%): Train pred MSE = 2.440566e-06, Test pred MSE = 1.871230e-03, Param MSE = 1.873666e-02, Grad norm = 1.226345e-05, Beta update rate = 3.425078e-06
Epoch 115400 (2.3%): Train pred MSE = 2.425580e-06, Test pred MSE = 1.871039e-03, Param MSE = 1.873472e-02, Grad norm = 1.221976e-05, Beta update rate = 3.412038e-06
Epoch 115600 (2.3%): Train pred MSE = 2.410702e-06, Test pred MSE = 1.870848e-03, Param MSE = 1.873278e-02, Grad norm = 1.217627e-05, Beta update rate = 3.399063e-06
Epoch 115800 (2.3%): Train pred MSE = 2.395929e-06, Test pred MSE = 1.870659e-03, Param MSE = 1.873086e-02, Grad norm = 1.213299e-05, Beta update rate = 3.386154e-06
Epoch 116000 (2.3%): Train pred MSE = 2.381260e-06, Test pred MSE = 1.870471e-03, Param MSE = 1.872894e-02, Grad norm = 1.208991e-05, Beta update rate = 3.373309e-06
Epoch 116200 (2.3%): Train pred MSE = 2.366696e-06, Test pred MSE = 1.870284e-03, Param MSE = 1.872704e-02, Grad norm = 1.204704e-05, Beta update rate = 3.360529e-06
Epoch 116400 (2.3%): Train pred MSE = 2.352235e-06, Test pred MSE = 1.870098e-03, Param MSE = 1.872515e-02, Grad norm = 1.200437e-05, Beta update rate = 3.347813e-06
Epoch 116600 (2.3%): Train pred MSE = 2.337875e-06, Test pred MSE = 1.869913e-03, Param MSE = 1.872326e-02, Grad norm = 1.196190e-05, Beta update rate = 3.335161e-06
Epoch 116800 (2.3%): Train pred MSE = 2.323618e-06, Test pred MSE = 1.869729e-03, Param MSE = 1.872139e-02, Grad norm = 1.191964e-05, Beta update rate = 3.322572e-06
Epoch 117000 (2.3%): Train pred MSE = 2.309460e-06, Test pred MSE = 1.869546e-03, Param MSE = 1.871953e-02, Grad norm = 1.187757e-05, Beta update rate = 3.310045e-06
Epoch 117200 (2.3%): Train pred MSE = 2.295403e-06, Test pred MSE = 1.869364e-03, Param MSE = 1.871767e-02, Grad norm = 1.183570e-05, Beta update rate = 3.297581e-06
Epoch 117400 (2.3%): Train pred MSE = 2.281444e-06, Test pred MSE = 1.869183e-03, Param MSE = 1.871583e-02, Grad norm = 1.179402e-05, Beta update rate = 3.285179e-06
Epoch 117600 (2.4%): Train pred MSE = 2.267583e-06, Test pred MSE = 1.869003e-03, Param MSE = 1.871399e-02, Grad norm = 1.175255e-05, Beta update rate = 3.272838e-06
Epoch 117800 (2.4%): Train pred MSE = 2.253820e-06, Test pred MSE = 1.868824e-03, Param MSE = 1.871217e-02, Grad norm = 1.171126e-05, Beta update rate = 3.260559e-06
Epoch 118000 (2.4%): Train pred MSE = 2.240153e-06, Test pred MSE = 1.868646e-03, Param MSE = 1.871035e-02, Grad norm = 1.167017e-05, Beta update rate = 3.248340e-06
Epoch 118200 (2.4%): Train pred MSE = 2.226582e-06, Test pred MSE = 1.868469e-03, Param MSE = 1.870855e-02, Grad norm = 1.162927e-05, Beta update rate = 3.236181e-06
Epoch 118400 (2.4%): Train pred MSE = 2.213106e-06, Test pred MSE = 1.868292e-03, Param MSE = 1.870675e-02, Grad norm = 1.158856e-05, Beta update rate = 3.224083e-06
Epoch 118600 (2.4%): Train pred MSE = 2.199723e-06, Test pred MSE = 1.868117e-03, Param MSE = 1.870497e-02, Grad norm = 1.154804e-05, Beta update rate = 3.212044e-06
Epoch 118800 (2.4%): Train pred MSE = 2.186435e-06, Test pred MSE = 1.867943e-03, Param MSE = 1.870319e-02, Grad norm = 1.150771e-05, Beta update rate = 3.200064e-06
Epoch 119000 (2.4%): Train pred MSE = 2.173238e-06, Test pred MSE = 1.867769e-03, Param MSE = 1.870142e-02, Grad norm = 1.146757e-05, Beta update rate = 3.188143e-06
Epoch 119200 (2.4%): Train pred MSE = 2.160134e-06, Test pred MSE = 1.867597e-03, Param MSE = 1.869967e-02, Grad norm = 1.142761e-05, Beta update rate = 3.176280e-06
Epoch 119400 (2.4%): Train pred MSE = 2.147121e-06, Test pred MSE = 1.867425e-03, Param MSE = 1.869792e-02, Grad norm = 1.138784e-05, Beta update rate = 3.164476e-06
Epoch 119600 (2.4%): Train pred MSE = 2.134198e-06, Test pred MSE = 1.867255e-03, Param MSE = 1.869618e-02, Grad norm = 1.134825e-05, Beta update rate = 3.152729e-06
Epoch 119800 (2.4%): Train pred MSE = 2.121365e-06, Test pred MSE = 1.867085e-03, Param MSE = 1.869445e-02, Grad norm = 1.130884e-05, Beta update rate = 3.141039e-06
Epoch 120000 (2.4%): Train pred MSE = 2.108620e-06, Test pred MSE = 1.866916e-03, Param MSE = 1.869273e-02, Grad norm = 1.126962e-05, Beta update rate = 3.129406e-06
Epoch 120200 (2.4%): Train pred MSE = 2.095964e-06, Test pred MSE = 1.866748e-03, Param MSE = 1.869101e-02, Grad norm = 1.123058e-05, Beta update rate = 3.117830e-06
Epoch 120400 (2.4%): Train pred MSE = 2.083396e-06, Test pred MSE = 1.866581e-03, Param MSE = 1.868931e-02, Grad norm = 1.119171e-05, Beta update rate = 3.106310e-06
Epoch 120600 (2.4%): Train pred MSE = 2.070914e-06, Test pred MSE = 1.866415e-03, Param MSE = 1.868762e-02, Grad norm = 1.115303e-05, Beta update rate = 3.094846e-06
Epoch 120800 (2.4%): Train pred MSE = 2.058518e-06, Test pred MSE = 1.866250e-03, Param MSE = 1.868593e-02, Grad norm = 1.111452e-05, Beta update rate = 3.083437e-06
Epoch 121000 (2.4%): Train pred MSE = 2.046208e-06, Test pred MSE = 1.866085e-03, Param MSE = 1.868425e-02, Grad norm = 1.107619e-05, Beta update rate = 3.072084e-06
Epoch 121200 (2.4%): Train pred MSE = 2.033982e-06, Test pred MSE = 1.865922e-03, Param MSE = 1.868259e-02, Grad norm = 1.103803e-05, Beta update rate = 3.060785e-06
Epoch 121400 (2.4%): Train pred MSE = 2.021840e-06, Test pred MSE = 1.865759e-03, Param MSE = 1.868093e-02, Grad norm = 1.100005e-05, Beta update rate = 3.049540e-06
Epoch 121600 (2.4%): Train pred MSE = 2.009782e-06, Test pred MSE = 1.865597e-03, Param MSE = 1.867928e-02, Grad norm = 1.096224e-05, Beta update rate = 3.038350e-06
Epoch 121800 (2.4%): Train pred MSE = 1.997807e-06, Test pred MSE = 1.865436e-03, Param MSE = 1.867763e-02, Grad norm = 1.092460e-05, Beta update rate = 3.027214e-06
Epoch 122000 (2.4%): Train pred MSE = 1.985913e-06, Test pred MSE = 1.865276e-03, Param MSE = 1.867600e-02, Grad norm = 1.088714e-05, Beta update rate = 3.016131e-06
Epoch 122200 (2.4%): Train pred MSE = 1.974101e-06, Test pred MSE = 1.865117e-03, Param MSE = 1.867438e-02, Grad norm = 1.084984e-05, Beta update rate = 3.005101e-06
Epoch 122400 (2.4%): Train pred MSE = 1.962370e-06, Test pred MSE = 1.864958e-03, Param MSE = 1.867276e-02, Grad norm = 1.081272e-05, Beta update rate = 2.994123e-06
Epoch 122600 (2.5%): Train pred MSE = 1.950718e-06, Test pred MSE = 1.864801e-03, Param MSE = 1.867115e-02, Grad norm = 1.077576e-05, Beta update rate = 2.983198e-06
Epoch 122800 (2.5%): Train pred MSE = 1.939147e-06, Test pred MSE = 1.864644e-03, Param MSE = 1.866955e-02, Grad norm = 1.073897e-05, Beta update rate = 2.972325e-06
Epoch 123000 (2.5%): Train pred MSE = 1.927654e-06, Test pred MSE = 1.864488e-03, Param MSE = 1.866796e-02, Grad norm = 1.070235e-05, Beta update rate = 2.961504e-06
Epoch 123200 (2.5%): Train pred MSE = 1.916239e-06, Test pred MSE = 1.864333e-03, Param MSE = 1.866638e-02, Grad norm = 1.066589e-05, Beta update rate = 2.950735e-06
Epoch 123400 (2.5%): Train pred MSE = 1.904902e-06, Test pred MSE = 1.864179e-03, Param MSE = 1.866480e-02, Grad norm = 1.062959e-05, Beta update rate = 2.940016e-06
Epoch 123600 (2.5%): Train pred MSE = 1.893642e-06, Test pred MSE = 1.864025e-03, Param MSE = 1.866323e-02, Grad norm = 1.059346e-05, Beta update rate = 2.929349e-06
Epoch 123800 (2.5%): Train pred MSE = 1.882458e-06, Test pred MSE = 1.863873e-03, Param MSE = 1.866167e-02, Grad norm = 1.055749e-05, Beta update rate = 2.918731e-06
Epoch 124000 (2.5%): Train pred MSE = 1.871350e-06, Test pred MSE = 1.863721e-03, Param MSE = 1.866012e-02, Grad norm = 1.052168e-05, Beta update rate = 2.908164e-06
Epoch 124200 (2.5%): Train pred MSE = 1.860317e-06, Test pred MSE = 1.863570e-03, Param MSE = 1.865858e-02, Grad norm = 1.048604e-05, Beta update rate = 2.897647e-06
Epoch 124400 (2.5%): Train pred MSE = 1.849359e-06, Test pred MSE = 1.863419e-03, Param MSE = 1.865705e-02, Grad norm = 1.045055e-05, Beta update rate = 2.887179e-06
Epoch 124600 (2.5%): Train pred MSE = 1.838475e-06, Test pred MSE = 1.863270e-03, Param MSE = 1.865552e-02, Grad norm = 1.041522e-05, Beta update rate = 2.876761e-06
Epoch 124800 (2.5%): Train pred MSE = 1.827664e-06, Test pred MSE = 1.863121e-03, Param MSE = 1.865400e-02, Grad norm = 1.038005e-05, Beta update rate = 2.866391e-06
Epoch 125000 (2.5%): Train pred MSE = 1.816926e-06, Test pred MSE = 1.862973e-03, Param MSE = 1.865249e-02, Grad norm = 1.034503e-05, Beta update rate = 2.856071e-06
Epoch 125200 (2.5%): Train pred MSE = 1.806260e-06, Test pred MSE = 1.862826e-03, Param MSE = 1.865098e-02, Grad norm = 1.031017e-05, Beta update rate = 2.845798e-06
Epoch 125400 (2.5%): Train pred MSE = 1.795666e-06, Test pred MSE = 1.862679e-03, Param MSE = 1.864949e-02, Grad norm = 1.027547e-05, Beta update rate = 2.835574e-06
Epoch 125600 (2.5%): Train pred MSE = 1.785144e-06, Test pred MSE = 1.862534e-03, Param MSE = 1.864800e-02, Grad norm = 1.024092e-05, Beta update rate = 2.825397e-06
Epoch 125800 (2.5%): Train pred MSE = 1.774692e-06, Test pred MSE = 1.862389e-03, Param MSE = 1.864652e-02, Grad norm = 1.020652e-05, Beta update rate = 2.815268e-06
Epoch 126000 (2.5%): Train pred MSE = 1.764309e-06, Test pred MSE = 1.862244e-03, Param MSE = 1.864504e-02, Grad norm = 1.017228e-05, Beta update rate = 2.805186e-06
Epoch 126200 (2.5%): Train pred MSE = 1.753997e-06, Test pred MSE = 1.862101e-03, Param MSE = 1.864358e-02, Grad norm = 1.013819e-05, Beta update rate = 2.795151e-06
Epoch 126400 (2.5%): Train pred MSE = 1.743753e-06, Test pred MSE = 1.861958e-03, Param MSE = 1.864212e-02, Grad norm = 1.010425e-05, Beta update rate = 2.785162e-06
Epoch 126600 (2.5%): Train pred MSE = 1.733578e-06, Test pred MSE = 1.861816e-03, Param MSE = 1.864067e-02, Grad norm = 1.007045e-05, Beta update rate = 2.775220e-06
Epoch 126800 (2.5%): Train pred MSE = 1.723471e-06, Test pred MSE = 1.861675e-03, Param MSE = 1.863922e-02, Grad norm = 1.003681e-05, Beta update rate = 2.765324e-06
Epoch 127000 (2.5%): Train pred MSE = 1.713431e-06, Test pred MSE = 1.861534e-03, Param MSE = 1.863779e-02, Grad norm = 1.000331e-05, Beta update rate = 2.755473e-06
Epoch 127200 (2.5%): Train pred MSE = 1.703458e-06, Test pred MSE = 1.861395e-03, Param MSE = 1.863636e-02, Grad norm = 9.969964e-06, Beta update rate = 2.745668e-06
Epoch 127400 (2.5%): Train pred MSE = 1.693551e-06, Test pred MSE = 1.861256e-03, Param MSE = 1.863493e-02, Grad norm = 9.936762e-06, Beta update rate = 2.735909e-06
Epoch 127600 (2.6%): Train pred MSE = 1.683710e-06, Test pred MSE = 1.861117e-03, Param MSE = 1.863352e-02, Grad norm = 9.903705e-06, Beta update rate = 2.726194e-06
Epoch 127800 (2.6%): Train pred MSE = 1.673935e-06, Test pred MSE = 1.860980e-03, Param MSE = 1.863211e-02, Grad norm = 9.870793e-06, Beta update rate = 2.716524e-06
Epoch 128000 (2.6%): Train pred MSE = 1.664224e-06, Test pred MSE = 1.860843e-03, Param MSE = 1.863071e-02, Grad norm = 9.838025e-06, Beta update rate = 2.706898e-06
Epoch 128200 (2.6%): Train pred MSE = 1.654578e-06, Test pred MSE = 1.860706e-03, Param MSE = 1.862932e-02, Grad norm = 9.805400e-06, Beta update rate = 2.697317e-06
Epoch 128400 (2.6%): Train pred MSE = 1.644995e-06, Test pred MSE = 1.860571e-03, Param MSE = 1.862793e-02, Grad norm = 9.772916e-06, Beta update rate = 2.687779e-06
Epoch 128600 (2.6%): Train pred MSE = 1.635476e-06, Test pred MSE = 1.860436e-03, Param MSE = 1.862655e-02, Grad norm = 9.740575e-06, Beta update rate = 2.678285e-06
Epoch 128800 (2.6%): Train pred MSE = 1.626020e-06, Test pred MSE = 1.860302e-03, Param MSE = 1.862518e-02, Grad norm = 9.708374e-06, Beta update rate = 2.668835e-06
Epoch 129000 (2.6%): Train pred MSE = 1.616626e-06, Test pred MSE = 1.860168e-03, Param MSE = 1.862381e-02, Grad norm = 9.676312e-06, Beta update rate = 2.659427e-06
Epoch 129200 (2.6%): Train pred MSE = 1.607294e-06, Test pred MSE = 1.860035e-03, Param MSE = 1.862245e-02, Grad norm = 9.644390e-06, Beta update rate = 2.650062e-06
Epoch 129400 (2.6%): Train pred MSE = 1.598023e-06, Test pred MSE = 1.859903e-03, Param MSE = 1.862110e-02, Grad norm = 9.612606e-06, Beta update rate = 2.640740e-06
Epoch 129600 (2.6%): Train pred MSE = 1.588814e-06, Test pred MSE = 1.859772e-03, Param MSE = 1.861975e-02, Grad norm = 9.580959e-06, Beta update rate = 2.631461e-06
Epoch 129800 (2.6%): Train pred MSE = 1.579665e-06, Test pred MSE = 1.859641e-03, Param MSE = 1.861841e-02, Grad norm = 9.549449e-06, Beta update rate = 2.622223e-06
Epoch 130000 (2.6%): Train pred MSE = 1.570576e-06, Test pred MSE = 1.859511e-03, Param MSE = 1.861708e-02, Grad norm = 9.518075e-06, Beta update rate = 2.613027e-06
Epoch 130200 (2.6%): Train pred MSE = 1.561546e-06, Test pred MSE = 1.859381e-03, Param MSE = 1.861576e-02, Grad norm = 9.486837e-06, Beta update rate = 2.603873e-06
Epoch 130400 (2.6%): Train pred MSE = 1.552576e-06, Test pred MSE = 1.859253e-03, Param MSE = 1.861444e-02, Grad norm = 9.455732e-06, Beta update rate = 2.594760e-06
Epoch 130600 (2.6%): Train pred MSE = 1.543664e-06, Test pred MSE = 1.859124e-03, Param MSE = 1.861312e-02, Grad norm = 9.424761e-06, Beta update rate = 2.585689e-06
Epoch 130800 (2.6%): Train pred MSE = 1.534811e-06, Test pred MSE = 1.858997e-03, Param MSE = 1.861182e-02, Grad norm = 9.393923e-06, Beta update rate = 2.576658e-06
Epoch 131000 (2.6%): Train pred MSE = 1.526015e-06, Test pred MSE = 1.858870e-03, Param MSE = 1.861052e-02, Grad norm = 9.363218e-06, Beta update rate = 2.567668e-06
Epoch 131200 (2.6%): Train pred MSE = 1.517277e-06, Test pred MSE = 1.858744e-03, Param MSE = 1.860923e-02, Grad norm = 9.332643e-06, Beta update rate = 2.558718e-06
Epoch 131400 (2.6%): Train pred MSE = 1.508596e-06, Test pred MSE = 1.858618e-03, Param MSE = 1.860794e-02, Grad norm = 9.302200e-06, Beta update rate = 2.549808e-06
Epoch 131600 (2.6%): Train pred MSE = 1.499971e-06, Test pred MSE = 1.858493e-03, Param MSE = 1.860666e-02, Grad norm = 9.271886e-06, Beta update rate = 2.540938e-06
Epoch 131800 (2.6%): Train pred MSE = 1.491403e-06, Test pred MSE = 1.858369e-03, Param MSE = 1.860538e-02, Grad norm = 9.241702e-06, Beta update rate = 2.532108e-06
Epoch 132000 (2.6%): Train pred MSE = 1.482890e-06, Test pred MSE = 1.858245e-03, Param MSE = 1.860412e-02, Grad norm = 9.211646e-06, Beta update rate = 2.523318e-06
Epoch 132200 (2.6%): Train pred MSE = 1.474432e-06, Test pred MSE = 1.858122e-03, Param MSE = 1.860285e-02, Grad norm = 9.181718e-06, Beta update rate = 2.514567e-06
Epoch 132400 (2.6%): Train pred MSE = 1.466029e-06, Test pred MSE = 1.858000e-03, Param MSE = 1.860160e-02, Grad norm = 9.151917e-06, Beta update rate = 2.505855e-06
Epoch 132600 (2.7%): Train pred MSE = 1.457681e-06, Test pred MSE = 1.857878e-03, Param MSE = 1.860035e-02, Grad norm = 9.122242e-06, Beta update rate = 2.497181e-06
Epoch 132800 (2.7%): Train pred MSE = 1.449387e-06, Test pred MSE = 1.857757e-03, Param MSE = 1.859911e-02, Grad norm = 9.092694e-06, Beta update rate = 2.488546e-06
Epoch 133000 (2.7%): Train pred MSE = 1.441146e-06, Test pred MSE = 1.857636e-03, Param MSE = 1.859787e-02, Grad norm = 9.063270e-06, Beta update rate = 2.479950e-06
Epoch 133200 (2.7%): Train pred MSE = 1.432958e-06, Test pred MSE = 1.857516e-03, Param MSE = 1.859664e-02, Grad norm = 9.033971e-06, Beta update rate = 2.471391e-06
Epoch 133400 (2.7%): Train pred MSE = 1.424824e-06, Test pred MSE = 1.857396e-03, Param MSE = 1.859541e-02, Grad norm = 9.004795e-06, Beta update rate = 2.462871e-06
Epoch 133600 (2.7%): Train pred MSE = 1.416741e-06, Test pred MSE = 1.857278e-03, Param MSE = 1.859420e-02, Grad norm = 8.975742e-06, Beta update rate = 2.454388e-06
Epoch 133800 (2.7%): Train pred MSE = 1.408711e-06, Test pred MSE = 1.857159e-03, Param MSE = 1.859298e-02, Grad norm = 8.946812e-06, Beta update rate = 2.445943e-06
Epoch 134000 (2.7%): Train pred MSE = 1.400732e-06, Test pred MSE = 1.857042e-03, Param MSE = 1.859178e-02, Grad norm = 8.918003e-06, Beta update rate = 2.437535e-06
Epoch 134200 (2.7%): Train pred MSE = 1.392805e-06, Test pred MSE = 1.856925e-03, Param MSE = 1.859057e-02, Grad norm = 8.889315e-06, Beta update rate = 2.429164e-06
Epoch 134400 (2.7%): Train pred MSE = 1.384929e-06, Test pred MSE = 1.856808e-03, Param MSE = 1.858938e-02, Grad norm = 8.860748e-06, Beta update rate = 2.420830e-06
Epoch 134600 (2.7%): Train pred MSE = 1.377103e-06, Test pred MSE = 1.856692e-03, Param MSE = 1.858819e-02, Grad norm = 8.832300e-06, Beta update rate = 2.412532e-06
Epoch 134800 (2.7%): Train pred MSE = 1.369327e-06, Test pred MSE = 1.856577e-03, Param MSE = 1.858701e-02, Grad norm = 8.803971e-06, Beta update rate = 2.404271e-06
Epoch 135000 (2.7%): Train pred MSE = 1.361601e-06, Test pred MSE = 1.856462e-03, Param MSE = 1.858583e-02, Grad norm = 8.775761e-06, Beta update rate = 2.396046e-06
Epoch 135200 (2.7%): Train pred MSE = 1.353924e-06, Test pred MSE = 1.856348e-03, Param MSE = 1.858466e-02, Grad norm = 8.747668e-06, Beta update rate = 2.387858e-06
Epoch 135400 (2.7%): Train pred MSE = 1.346297e-06, Test pred MSE = 1.856234e-03, Param MSE = 1.858349e-02, Grad norm = 8.719692e-06, Beta update rate = 2.379705e-06
Epoch 135600 (2.7%): Train pred MSE = 1.338718e-06, Test pred MSE = 1.856121e-03, Param MSE = 1.858233e-02, Grad norm = 8.691833e-06, Beta update rate = 2.371587e-06
Epoch 135800 (2.7%): Train pred MSE = 1.331188e-06, Test pred MSE = 1.856008e-03, Param MSE = 1.858117e-02, Grad norm = 8.664090e-06, Beta update rate = 2.363505e-06
Epoch 136000 (2.7%): Train pred MSE = 1.323705e-06, Test pred MSE = 1.855897e-03, Param MSE = 1.858002e-02, Grad norm = 8.636462e-06, Beta update rate = 2.355458e-06
Epoch 136200 (2.7%): Train pred MSE = 1.316270e-06, Test pred MSE = 1.855785e-03, Param MSE = 1.857888e-02, Grad norm = 8.608948e-06, Beta update rate = 2.347447e-06
Epoch 136400 (2.7%): Train pred MSE = 1.308883e-06, Test pred MSE = 1.855674e-03, Param MSE = 1.857774e-02, Grad norm = 8.581549e-06, Beta update rate = 2.339470e-06
Epoch 136600 (2.7%): Train pred MSE = 1.301542e-06, Test pred MSE = 1.855564e-03, Param MSE = 1.857661e-02, Grad norm = 8.554262e-06, Beta update rate = 2.331528e-06
Epoch 136800 (2.7%): Train pred MSE = 1.294248e-06, Test pred MSE = 1.855454e-03, Param MSE = 1.857548e-02, Grad norm = 8.527089e-06, Beta update rate = 2.323620e-06
Epoch 137000 (2.7%): Train pred MSE = 1.287000e-06, Test pred MSE = 1.855345e-03, Param MSE = 1.857436e-02, Grad norm = 8.500028e-06, Beta update rate = 2.315746e-06
Epoch 137200 (2.7%): Train pred MSE = 1.279798e-06, Test pred MSE = 1.855236e-03, Param MSE = 1.857324e-02, Grad norm = 8.473078e-06, Beta update rate = 2.307907e-06
Epoch 137400 (2.7%): Train pred MSE = 1.272641e-06, Test pred MSE = 1.855128e-03, Param MSE = 1.857213e-02, Grad norm = 8.446239e-06, Beta update rate = 2.300101e-06
Epoch 137600 (2.8%): Train pred MSE = 1.265530e-06, Test pred MSE = 1.855020e-03, Param MSE = 1.857102e-02, Grad norm = 8.419510e-06, Beta update rate = 2.292329e-06
Epoch 137800 (2.8%): Train pred MSE = 1.258464e-06, Test pred MSE = 1.854913e-03, Param MSE = 1.856992e-02, Grad norm = 8.392892e-06, Beta update rate = 2.284590e-06
Epoch 138000 (2.8%): Train pred MSE = 1.251442e-06, Test pred MSE = 1.854807e-03, Param MSE = 1.856883e-02, Grad norm = 8.366382e-06, Beta update rate = 2.276885e-06
Epoch 138200 (2.8%): Train pred MSE = 1.244465e-06, Test pred MSE = 1.854701e-03, Param MSE = 1.856774e-02, Grad norm = 8.339981e-06, Beta update rate = 2.269213e-06
Epoch 138400 (2.8%): Train pred MSE = 1.237532e-06, Test pred MSE = 1.854595e-03, Param MSE = 1.856665e-02, Grad norm = 8.313688e-06, Beta update rate = 2.261574e-06
Epoch 138600 (2.8%): Train pred MSE = 1.230642e-06, Test pred MSE = 1.854490e-03, Param MSE = 1.856557e-02, Grad norm = 8.287502e-06, Beta update rate = 2.253968e-06
Epoch 138800 (2.8%): Train pred MSE = 1.223795e-06, Test pred MSE = 1.854385e-03, Param MSE = 1.856450e-02, Grad norm = 8.261424e-06, Beta update rate = 2.246394e-06
Epoch 139000 (2.8%): Train pred MSE = 1.216992e-06, Test pred MSE = 1.854281e-03, Param MSE = 1.856343e-02, Grad norm = 8.235451e-06, Beta update rate = 2.238852e-06
Epoch 139200 (2.8%): Train pred MSE = 1.210231e-06, Test pred MSE = 1.854178e-03, Param MSE = 1.856236e-02, Grad norm = 8.209585e-06, Beta update rate = 2.231343e-06
Epoch 139400 (2.8%): Train pred MSE = 1.203512e-06, Test pred MSE = 1.854075e-03, Param MSE = 1.856130e-02, Grad norm = 8.183823e-06, Beta update rate = 2.223866e-06
Epoch 139600 (2.8%): Train pred MSE = 1.196836e-06, Test pred MSE = 1.853972e-03, Param MSE = 1.856025e-02, Grad norm = 8.158166e-06, Beta update rate = 2.216421e-06
Epoch 139800 (2.8%): Train pred MSE = 1.190202e-06, Test pred MSE = 1.853870e-03, Param MSE = 1.855920e-02, Grad norm = 8.132613e-06, Beta update rate = 2.209007e-06
Epoch 140000 (2.8%): Train pred MSE = 1.183608e-06, Test pred MSE = 1.853769e-03, Param MSE = 1.855815e-02, Grad norm = 8.107164e-06, Beta update rate = 2.201625e-06
Epoch 140200 (2.8%): Train pred MSE = 1.177057e-06, Test pred MSE = 1.853668e-03, Param MSE = 1.855711e-02, Grad norm = 8.081818e-06, Beta update rate = 2.194275e-06
Epoch 140400 (2.8%): Train pred MSE = 1.170545e-06, Test pred MSE = 1.853567e-03, Param MSE = 1.855608e-02, Grad norm = 8.056574e-06, Beta update rate = 2.186955e-06
Epoch 140600 (2.8%): Train pred MSE = 1.164075e-06, Test pred MSE = 1.853467e-03, Param MSE = 1.855505e-02, Grad norm = 8.031432e-06, Beta update rate = 2.179667e-06
Epoch 140800 (2.8%): Train pred MSE = 1.157645e-06, Test pred MSE = 1.853368e-03, Param MSE = 1.855402e-02, Grad norm = 8.006392e-06, Beta update rate = 2.172409e-06
Epoch 141000 (2.8%): Train pred MSE = 1.151255e-06, Test pred MSE = 1.853268e-03, Param MSE = 1.855300e-02, Grad norm = 7.981452e-06, Beta update rate = 2.165182e-06
Epoch 141200 (2.8%): Train pred MSE = 1.144904e-06, Test pred MSE = 1.853170e-03, Param MSE = 1.855199e-02, Grad norm = 7.956612e-06, Beta update rate = 2.157986e-06
Epoch 141400 (2.8%): Train pred MSE = 1.138593e-06, Test pred MSE = 1.853072e-03, Param MSE = 1.855098e-02, Grad norm = 7.931873e-06, Beta update rate = 2.150820e-06
Epoch 141600 (2.8%): Train pred MSE = 1.132322e-06, Test pred MSE = 1.852974e-03, Param MSE = 1.854997e-02, Grad norm = 7.907232e-06, Beta update rate = 2.143684e-06
Epoch 141800 (2.8%): Train pred MSE = 1.126089e-06, Test pred MSE = 1.852877e-03, Param MSE = 1.854897e-02, Grad norm = 7.882691e-06, Beta update rate = 2.136578e-06
Epoch 142000 (2.8%): Train pred MSE = 1.119895e-06, Test pred MSE = 1.852780e-03, Param MSE = 1.854797e-02, Grad norm = 7.858247e-06, Beta update rate = 2.129502e-06
Epoch 142200 (2.8%): Train pred MSE = 1.113739e-06, Test pred MSE = 1.852684e-03, Param MSE = 1.854698e-02, Grad norm = 7.833902e-06, Beta update rate = 2.122456e-06
Epoch 142400 (2.8%): Train pred MSE = 1.107621e-06, Test pred MSE = 1.852588e-03, Param MSE = 1.854600e-02, Grad norm = 7.809653e-06, Beta update rate = 2.115439e-06
Epoch 142600 (2.9%): Train pred MSE = 1.101541e-06, Test pred MSE = 1.852493e-03, Param MSE = 1.854501e-02, Grad norm = 7.785502e-06, Beta update rate = 2.108452e-06
Epoch 142800 (2.9%): Train pred MSE = 1.095498e-06, Test pred MSE = 1.852398e-03, Param MSE = 1.854404e-02, Grad norm = 7.761446e-06, Beta update rate = 2.101493e-06
Epoch 143000 (2.9%): Train pred MSE = 1.089493e-06, Test pred MSE = 1.852303e-03, Param MSE = 1.854306e-02, Grad norm = 7.737486e-06, Beta update rate = 2.094564e-06
Epoch 143200 (2.9%): Train pred MSE = 1.083525e-06, Test pred MSE = 1.852209e-03, Param MSE = 1.854209e-02, Grad norm = 7.713622e-06, Beta update rate = 2.087664e-06
Epoch 143400 (2.9%): Train pred MSE = 1.077593e-06, Test pred MSE = 1.852116e-03, Param MSE = 1.854113e-02, Grad norm = 7.689852e-06, Beta update rate = 2.080793e-06
Epoch 143600 (2.9%): Train pred MSE = 1.071698e-06, Test pred MSE = 1.852023e-03, Param MSE = 1.854017e-02, Grad norm = 7.666176e-06, Beta update rate = 2.073950e-06
Epoch 143800 (2.9%): Train pred MSE = 1.065839e-06, Test pred MSE = 1.851930e-03, Param MSE = 1.853921e-02, Grad norm = 7.642595e-06, Beta update rate = 2.067136e-06
Epoch 144000 (2.9%): Train pred MSE = 1.060016e-06, Test pred MSE = 1.851838e-03, Param MSE = 1.853826e-02, Grad norm = 7.619106e-06, Beta update rate = 2.060350e-06
Epoch 144200 (2.9%): Train pred MSE = 1.054229e-06, Test pred MSE = 1.851746e-03, Param MSE = 1.853732e-02, Grad norm = 7.595710e-06, Beta update rate = 2.053592e-06
Epoch 144400 (2.9%): Train pred MSE = 1.048478e-06, Test pred MSE = 1.851655e-03, Param MSE = 1.853637e-02, Grad norm = 7.572407e-06, Beta update rate = 2.046862e-06
Epoch 144600 (2.9%): Train pred MSE = 1.042761e-06, Test pred MSE = 1.851564e-03, Param MSE = 1.853544e-02, Grad norm = 7.549195e-06, Beta update rate = 2.040160e-06
Epoch 144800 (2.9%): Train pred MSE = 1.037080e-06, Test pred MSE = 1.851473e-03, Param MSE = 1.853450e-02, Grad norm = 7.526075e-06, Beta update rate = 2.033486e-06
Epoch 145000 (2.9%): Train pred MSE = 1.031433e-06, Test pred MSE = 1.851383e-03, Param MSE = 1.853357e-02, Grad norm = 7.503046e-06, Beta update rate = 2.026839e-06
Epoch 145200 (2.9%): Train pred MSE = 1.025821e-06, Test pred MSE = 1.851294e-03, Param MSE = 1.853265e-02, Grad norm = 7.480107e-06, Beta update rate = 2.020220e-06
Epoch 145400 (2.9%): Train pred MSE = 1.020243e-06, Test pred MSE = 1.851204e-03, Param MSE = 1.853173e-02, Grad norm = 7.457258e-06, Beta update rate = 2.013628e-06
Epoch 145600 (2.9%): Train pred MSE = 1.014699e-06, Test pred MSE = 1.851116e-03, Param MSE = 1.853081e-02, Grad norm = 7.434499e-06, Beta update rate = 2.007064e-06
Epoch 145800 (2.9%): Train pred MSE = 1.009188e-06, Test pred MSE = 1.851027e-03, Param MSE = 1.852990e-02, Grad norm = 7.411828e-06, Beta update rate = 2.000526e-06
Epoch 146000 (2.9%): Train pred MSE = 1.003712e-06, Test pred MSE = 1.850939e-03, Param MSE = 1.852899e-02, Grad norm = 7.389247e-06, Beta update rate = 1.994015e-06
Epoch 146200 (2.9%): Train pred MSE = 9.982685e-07, Test pred MSE = 1.850852e-03, Param MSE = 1.852809e-02, Grad norm = 7.366753e-06, Beta update rate = 1.987531e-06
Epoch 146400 (2.9%): Train pred MSE = 9.928582e-07, Test pred MSE = 1.850765e-03, Param MSE = 1.852719e-02, Grad norm = 7.344348e-06, Beta update rate = 1.981073e-06
Epoch 146600 (2.9%): Train pred MSE = 9.874808e-07, Test pred MSE = 1.850678e-03, Param MSE = 1.852629e-02, Grad norm = 7.322029e-06, Beta update rate = 1.974642e-06
Epoch 146800 (2.9%): Train pred MSE = 9.821359e-07, Test pred MSE = 1.850592e-03, Param MSE = 1.852540e-02, Grad norm = 7.299798e-06, Beta update rate = 1.968237e-06
Epoch 147000 (2.9%): Train pred MSE = 9.768235e-07, Test pred MSE = 1.850506e-03, Param MSE = 1.852452e-02, Grad norm = 7.277653e-06, Beta update rate = 1.961858e-06
Epoch 147200 (2.9%): Train pred MSE = 9.715433e-07, Test pred MSE = 1.850420e-03, Param MSE = 1.852363e-02, Grad norm = 7.255593e-06, Beta update rate = 1.955506e-06
Epoch 147400 (2.9%): Train pred MSE = 9.662950e-07, Test pred MSE = 1.850335e-03, Param MSE = 1.852275e-02, Grad norm = 7.233620e-06, Beta update rate = 1.949179e-06
Epoch 147600 (3.0%): Train pred MSE = 9.610784e-07, Test pred MSE = 1.850250e-03, Param MSE = 1.852188e-02, Grad norm = 7.211731e-06, Beta update rate = 1.942878e-06
Epoch 147800 (3.0%): Train pred MSE = 9.558933e-07, Test pred MSE = 1.850166e-03, Param MSE = 1.852101e-02, Grad norm = 7.189927e-06, Beta update rate = 1.936602e-06
Epoch 148000 (3.0%): Train pred MSE = 9.507395e-07, Test pred MSE = 1.850082e-03, Param MSE = 1.852014e-02, Grad norm = 7.168207e-06, Beta update rate = 1.930353e-06
Epoch 148200 (3.0%): Train pred MSE = 9.456168e-07, Test pred MSE = 1.849999e-03, Param MSE = 1.851928e-02, Grad norm = 7.146572e-06, Beta update rate = 1.924128e-06
Epoch 148400 (3.0%): Train pred MSE = 9.405250e-07, Test pred MSE = 1.849916e-03, Param MSE = 1.851842e-02, Grad norm = 7.125019e-06, Beta update rate = 1.917929e-06
Epoch 148600 (3.0%): Train pred MSE = 9.354638e-07, Test pred MSE = 1.849833e-03, Param MSE = 1.851756e-02, Grad norm = 7.103550e-06, Beta update rate = 1.911755e-06
Epoch 148800 (3.0%): Train pred MSE = 9.304331e-07, Test pred MSE = 1.849750e-03, Param MSE = 1.851671e-02, Grad norm = 7.082163e-06, Beta update rate = 1.905605e-06
Epoch 149000 (3.0%): Train pred MSE = 9.254326e-07, Test pred MSE = 1.849668e-03, Param MSE = 1.851586e-02, Grad norm = 7.060858e-06, Beta update rate = 1.899481e-06
Epoch 149200 (3.0%): Train pred MSE = 9.204621e-07, Test pred MSE = 1.849587e-03, Param MSE = 1.851502e-02, Grad norm = 7.039635e-06, Beta update rate = 1.893381e-06
Epoch 149400 (3.0%): Train pred MSE = 9.155214e-07, Test pred MSE = 1.849506e-03, Param MSE = 1.851418e-02, Grad norm = 7.018494e-06, Beta update rate = 1.887306e-06
Epoch 149600 (3.0%): Train pred MSE = 9.106104e-07, Test pred MSE = 1.849425e-03, Param MSE = 1.851334e-02, Grad norm = 6.997433e-06, Beta update rate = 1.881256e-06
Epoch 149800 (3.0%): Train pred MSE = 9.057288e-07, Test pred MSE = 1.849344e-03, Param MSE = 1.851251e-02, Grad norm = 6.976453e-06, Beta update rate = 1.875230e-06
Epoch 150000 (3.0%): Train pred MSE = 9.008764e-07, Test pred MSE = 1.849264e-03, Param MSE = 1.851168e-02, Grad norm = 6.955553e-06, Beta update rate = 1.869228e-06
Epoch 150200 (3.0%): Train pred MSE = 8.960530e-07, Test pred MSE = 1.849185e-03, Param MSE = 1.851086e-02, Grad norm = 6.934733e-06, Beta update rate = 1.863250e-06
Epoch 150400 (3.0%): Train pred MSE = 8.912584e-07, Test pred MSE = 1.849105e-03, Param MSE = 1.851004e-02, Grad norm = 6.913992e-06, Beta update rate = 1.857296e-06
Epoch 150600 (3.0%): Train pred MSE = 8.864925e-07, Test pred MSE = 1.849026e-03, Param MSE = 1.850922e-02, Grad norm = 6.893331e-06, Beta update rate = 1.851366e-06
Epoch 150800 (3.0%): Train pred MSE = 8.817549e-07, Test pred MSE = 1.848948e-03, Param MSE = 1.850841e-02, Grad norm = 6.872747e-06, Beta update rate = 1.845460e-06
Epoch 151000 (3.0%): Train pred MSE = 8.770457e-07, Test pred MSE = 1.848869e-03, Param MSE = 1.850760e-02, Grad norm = 6.852242e-06, Beta update rate = 1.839577e-06
Epoch 151200 (3.0%): Train pred MSE = 8.723645e-07, Test pred MSE = 1.848792e-03, Param MSE = 1.850679e-02, Grad norm = 6.831815e-06, Beta update rate = 1.833718e-06
Epoch 151400 (3.0%): Train pred MSE = 8.677111e-07, Test pred MSE = 1.848714e-03, Param MSE = 1.850599e-02, Grad norm = 6.811465e-06, Beta update rate = 1.827882e-06
Epoch 151600 (3.0%): Train pred MSE = 8.630854e-07, Test pred MSE = 1.848637e-03, Param MSE = 1.850519e-02, Grad norm = 6.791192e-06, Beta update rate = 1.822069e-06
Epoch 151800 (3.0%): Train pred MSE = 8.584872e-07, Test pred MSE = 1.848560e-03, Param MSE = 1.850439e-02, Grad norm = 6.770996e-06, Beta update rate = 1.816280e-06
Epoch 152000 (3.0%): Train pred MSE = 8.539162e-07, Test pred MSE = 1.848483e-03, Param MSE = 1.850360e-02, Grad norm = 6.750876e-06, Beta update rate = 1.810514e-06
Epoch 152200 (3.0%): Train pred MSE = 8.493724e-07, Test pred MSE = 1.848407e-03, Param MSE = 1.850281e-02, Grad norm = 6.730832e-06, Beta update rate = 1.804770e-06
Epoch 152400 (3.0%): Train pred MSE = 8.448556e-07, Test pred MSE = 1.848332e-03, Param MSE = 1.850203e-02, Grad norm = 6.710864e-06, Beta update rate = 1.799049e-06
Epoch 152600 (3.1%): Train pred MSE = 8.403654e-07, Test pred MSE = 1.848256e-03, Param MSE = 1.850125e-02, Grad norm = 6.690971e-06, Beta update rate = 1.793351e-06
Epoch 152800 (3.1%): Train pred MSE = 8.359019e-07, Test pred MSE = 1.848181e-03, Param MSE = 1.850047e-02, Grad norm = 6.671152e-06, Beta update rate = 1.787676e-06
Epoch 153000 (3.1%): Train pred MSE = 8.314647e-07, Test pred MSE = 1.848106e-03, Param MSE = 1.849969e-02, Grad norm = 6.651408e-06, Beta update rate = 1.782023e-06
Epoch 153200 (3.1%): Train pred MSE = 8.270538e-07, Test pred MSE = 1.848032e-03, Param MSE = 1.849892e-02, Grad norm = 6.631739e-06, Beta update rate = 1.776392e-06
Epoch 153400 (3.1%): Train pred MSE = 8.226689e-07, Test pred MSE = 1.847958e-03, Param MSE = 1.849815e-02, Grad norm = 6.612142e-06, Beta update rate = 1.770784e-06
Epoch 153600 (3.1%): Train pred MSE = 8.183098e-07, Test pred MSE = 1.847884e-03, Param MSE = 1.849739e-02, Grad norm = 6.592620e-06, Beta update rate = 1.765198e-06
Epoch 153800 (3.1%): Train pred MSE = 8.139765e-07, Test pred MSE = 1.847811e-03, Param MSE = 1.849663e-02, Grad norm = 6.573170e-06, Beta update rate = 1.759634e-06
Epoch 154000 (3.1%): Train pred MSE = 8.096687e-07, Test pred MSE = 1.847738e-03, Param MSE = 1.849587e-02, Grad norm = 6.553793e-06, Beta update rate = 1.754091e-06
Epoch 154200 (3.1%): Train pred MSE = 8.053862e-07, Test pred MSE = 1.847665e-03, Param MSE = 1.849512e-02, Grad norm = 6.534488e-06, Beta update rate = 1.748571e-06
Epoch 154400 (3.1%): Train pred MSE = 8.011289e-07, Test pred MSE = 1.847593e-03, Param MSE = 1.849437e-02, Grad norm = 6.515255e-06, Beta update rate = 1.743072e-06
Epoch 154600 (3.1%): Train pred MSE = 7.968966e-07, Test pred MSE = 1.847521e-03, Param MSE = 1.849362e-02, Grad norm = 6.496094e-06, Beta update rate = 1.737594e-06
Epoch 154800 (3.1%): Train pred MSE = 7.926892e-07, Test pred MSE = 1.847449e-03, Param MSE = 1.849287e-02, Grad norm = 6.477004e-06, Beta update rate = 1.732139e-06
Epoch 155000 (3.1%): Train pred MSE = 7.885064e-07, Test pred MSE = 1.847377e-03, Param MSE = 1.849213e-02, Grad norm = 6.457985e-06, Beta update rate = 1.726704e-06
Epoch 155200 (3.1%): Train pred MSE = 7.843482e-07, Test pred MSE = 1.847306e-03, Param MSE = 1.849140e-02, Grad norm = 6.439036e-06, Beta update rate = 1.721291e-06
Epoch 155400 (3.1%): Train pred MSE = 7.802143e-07, Test pred MSE = 1.847236e-03, Param MSE = 1.849066e-02, Grad norm = 6.420158e-06, Beta update rate = 1.715899e-06
Epoch 155600 (3.1%): Train pred MSE = 7.761046e-07, Test pred MSE = 1.847165e-03, Param MSE = 1.848993e-02, Grad norm = 6.401349e-06, Beta update rate = 1.710528e-06
Epoch 155800 (3.1%): Train pred MSE = 7.720190e-07, Test pred MSE = 1.847095e-03, Param MSE = 1.848920e-02, Grad norm = 6.382611e-06, Beta update rate = 1.705178e-06
Epoch 156000 (3.1%): Train pred MSE = 7.679572e-07, Test pred MSE = 1.847025e-03, Param MSE = 1.848848e-02, Grad norm = 6.363941e-06, Beta update rate = 1.699849e-06
Epoch 156200 (3.1%): Train pred MSE = 7.639192e-07, Test pred MSE = 1.846956e-03, Param MSE = 1.848776e-02, Grad norm = 6.345340e-06, Beta update rate = 1.694540e-06
Epoch 156400 (3.1%): Train pred MSE = 7.599047e-07, Test pred MSE = 1.846887e-03, Param MSE = 1.848704e-02, Grad norm = 6.326808e-06, Beta update rate = 1.689253e-06
Epoch 156600 (3.1%): Train pred MSE = 7.559136e-07, Test pred MSE = 1.846818e-03, Param MSE = 1.848632e-02, Grad norm = 6.308345e-06, Beta update rate = 1.683985e-06
Epoch 156800 (3.1%): Train pred MSE = 7.519457e-07, Test pred MSE = 1.846749e-03, Param MSE = 1.848561e-02, Grad norm = 6.289949e-06, Beta update rate = 1.678738e-06
Epoch 157000 (3.1%): Train pred MSE = 7.480010e-07, Test pred MSE = 1.846681e-03, Param MSE = 1.848490e-02, Grad norm = 6.271620e-06, Beta update rate = 1.673512e-06
Epoch 157200 (3.1%): Train pred MSE = 7.440792e-07, Test pred MSE = 1.846613e-03, Param MSE = 1.848420e-02, Grad norm = 6.253359e-06, Beta update rate = 1.668306e-06
Epoch 157400 (3.1%): Train pred MSE = 7.401802e-07, Test pred MSE = 1.846545e-03, Param MSE = 1.848349e-02, Grad norm = 6.235165e-06, Beta update rate = 1.663120e-06
Epoch 157600 (3.2%): Train pred MSE = 7.363039e-07, Test pred MSE = 1.846478e-03, Param MSE = 1.848279e-02, Grad norm = 6.217038e-06, Beta update rate = 1.657954e-06
Epoch 157800 (3.2%): Train pred MSE = 7.324500e-07, Test pred MSE = 1.846411e-03, Param MSE = 1.848210e-02, Grad norm = 6.198977e-06, Beta update rate = 1.652808e-06
Epoch 158000 (3.2%): Train pred MSE = 7.286185e-07, Test pred MSE = 1.846344e-03, Param MSE = 1.848140e-02, Grad norm = 6.180982e-06, Beta update rate = 1.647681e-06
Epoch 158200 (3.2%): Train pred MSE = 7.248092e-07, Test pred MSE = 1.846278e-03, Param MSE = 1.848071e-02, Grad norm = 6.163052e-06, Beta update rate = 1.642575e-06
Epoch 158400 (3.2%): Train pred MSE = 7.210220e-07, Test pred MSE = 1.846212e-03, Param MSE = 1.848002e-02, Grad norm = 6.145188e-06, Beta update rate = 1.637488e-06
Epoch 158600 (3.2%): Train pred MSE = 7.172567e-07, Test pred MSE = 1.846146e-03, Param MSE = 1.847934e-02, Grad norm = 6.127389e-06, Beta update rate = 1.632421e-06
Epoch 158800 (3.2%): Train pred MSE = 7.135132e-07, Test pred MSE = 1.846080e-03, Param MSE = 1.847866e-02, Grad norm = 6.109655e-06, Beta update rate = 1.627373e-06
Epoch 159000 (3.2%): Train pred MSE = 7.097912e-07, Test pred MSE = 1.846015e-03, Param MSE = 1.847798e-02, Grad norm = 6.091986e-06, Beta update rate = 1.622345e-06
Epoch 159200 (3.2%): Train pred MSE = 7.060908e-07, Test pred MSE = 1.845950e-03, Param MSE = 1.847730e-02, Grad norm = 6.074380e-06, Beta update rate = 1.617335e-06
Epoch 159400 (3.2%): Train pred MSE = 7.024117e-07, Test pred MSE = 1.845885e-03, Param MSE = 1.847663e-02, Grad norm = 6.056839e-06, Beta update rate = 1.612345e-06
Epoch 159600 (3.2%): Train pred MSE = 6.987539e-07, Test pred MSE = 1.845821e-03, Param MSE = 1.847596e-02, Grad norm = 6.039361e-06, Beta update rate = 1.607375e-06
Epoch 159800 (3.2%): Train pred MSE = 6.951171e-07, Test pred MSE = 1.845757e-03, Param MSE = 1.847529e-02, Grad norm = 6.021946e-06, Beta update rate = 1.602423e-06
Epoch 160000 (3.2%): Train pred MSE = 6.915012e-07, Test pred MSE = 1.845693e-03, Param MSE = 1.847463e-02, Grad norm = 6.004594e-06, Beta update rate = 1.597490e-06
Epoch 160200 (3.2%): Train pred MSE = 6.879061e-07, Test pred MSE = 1.845630e-03, Param MSE = 1.847397e-02, Grad norm = 5.987305e-06, Beta update rate = 1.592576e-06
Epoch 160400 (3.2%): Train pred MSE = 6.843318e-07, Test pred MSE = 1.845566e-03, Param MSE = 1.847331e-02, Grad norm = 5.970078e-06, Beta update rate = 1.587680e-06
Epoch 160600 (3.2%): Train pred MSE = 6.807779e-07, Test pred MSE = 1.845503e-03, Param MSE = 1.847265e-02, Grad norm = 5.952914e-06, Beta update rate = 1.582804e-06
Epoch 160800 (3.2%): Train pred MSE = 6.772444e-07, Test pred MSE = 1.845441e-03, Param MSE = 1.847200e-02, Grad norm = 5.935811e-06, Beta update rate = 1.577945e-06
Epoch 161000 (3.2%): Train pred MSE = 6.737312e-07, Test pred MSE = 1.845378e-03, Param MSE = 1.847135e-02, Grad norm = 5.918770e-06, Beta update rate = 1.573106e-06
Epoch 161200 (3.2%): Train pred MSE = 6.702382e-07, Test pred MSE = 1.845316e-03, Param MSE = 1.847070e-02, Grad norm = 5.901790e-06, Beta update rate = 1.568284e-06
Epoch 161400 (3.2%): Train pred MSE = 6.667651e-07, Test pred MSE = 1.845254e-03, Param MSE = 1.847006e-02, Grad norm = 5.884871e-06, Beta update rate = 1.563481e-06
Epoch 161600 (3.2%): Train pred MSE = 6.633119e-07, Test pred MSE = 1.845193e-03, Param MSE = 1.846942e-02, Grad norm = 5.868012e-06, Beta update rate = 1.558697e-06
Epoch 161800 (3.2%): Train pred MSE = 6.598785e-07, Test pred MSE = 1.845131e-03, Param MSE = 1.846878e-02, Grad norm = 5.851214e-06, Beta update rate = 1.553930e-06
Epoch 162000 (3.2%): Train pred MSE = 6.564647e-07, Test pred MSE = 1.845070e-03, Param MSE = 1.846814e-02, Grad norm = 5.834476e-06, Beta update rate = 1.549181e-06
Epoch 162200 (3.2%): Train pred MSE = 6.530704e-07, Test pred MSE = 1.845010e-03, Param MSE = 1.846751e-02, Grad norm = 5.817798e-06, Beta update rate = 1.544451e-06
Epoch 162400 (3.2%): Train pred MSE = 6.496954e-07, Test pred MSE = 1.844949e-03, Param MSE = 1.846688e-02, Grad norm = 5.801180e-06, Beta update rate = 1.539738e-06
Epoch 162600 (3.3%): Train pred MSE = 6.463397e-07, Test pred MSE = 1.844889e-03, Param MSE = 1.846625e-02, Grad norm = 5.784621e-06, Beta update rate = 1.535043e-06
Epoch 162800 (3.3%): Train pred MSE = 6.430032e-07, Test pred MSE = 1.844829e-03, Param MSE = 1.846563e-02, Grad norm = 5.768121e-06, Beta update rate = 1.530365e-06
Epoch 163000 (3.3%): Train pred MSE = 6.396856e-07, Test pred MSE = 1.844769e-03, Param MSE = 1.846500e-02, Grad norm = 5.751679e-06, Beta update rate = 1.525705e-06
Epoch 163200 (3.3%): Train pred MSE = 6.363869e-07, Test pred MSE = 1.844710e-03, Param MSE = 1.846438e-02, Grad norm = 5.735296e-06, Beta update rate = 1.521063e-06
Epoch 163400 (3.3%): Train pred MSE = 6.331070e-07, Test pred MSE = 1.844650e-03, Param MSE = 1.846377e-02, Grad norm = 5.718972e-06, Beta update rate = 1.516438e-06
Epoch 163600 (3.3%): Train pred MSE = 6.298457e-07, Test pred MSE = 1.844592e-03, Param MSE = 1.846315e-02, Grad norm = 5.702705e-06, Beta update rate = 1.511831e-06
Epoch 163800 (3.3%): Train pred MSE = 6.266029e-07, Test pred MSE = 1.844533e-03, Param MSE = 1.846254e-02, Grad norm = 5.686496e-06, Beta update rate = 1.507241e-06
Epoch 164000 (3.3%): Train pred MSE = 6.233785e-07, Test pred MSE = 1.844474e-03, Param MSE = 1.846193e-02, Grad norm = 5.670344e-06, Beta update rate = 1.502668e-06
Epoch 164200 (3.3%): Train pred MSE = 6.201725e-07, Test pred MSE = 1.844416e-03, Param MSE = 1.846132e-02, Grad norm = 5.654249e-06, Beta update rate = 1.498112e-06
Epoch 164400 (3.3%): Train pred MSE = 6.169845e-07, Test pred MSE = 1.844358e-03, Param MSE = 1.846072e-02, Grad norm = 5.638212e-06, Beta update rate = 1.493573e-06
Epoch 164600 (3.3%): Train pred MSE = 6.138147e-07, Test pred MSE = 1.844301e-03, Param MSE = 1.846012e-02, Grad norm = 5.622231e-06, Beta update rate = 1.489051e-06
Epoch 164800 (3.3%): Train pred MSE = 6.106627e-07, Test pred MSE = 1.844243e-03, Param MSE = 1.845952e-02, Grad norm = 5.606306e-06, Beta update rate = 1.484546e-06
Epoch 165000 (3.3%): Train pred MSE = 6.075286e-07, Test pred MSE = 1.844186e-03, Param MSE = 1.845892e-02, Grad norm = 5.590438e-06, Beta update rate = 1.480058e-06
Epoch 165200 (3.3%): Train pred MSE = 6.044122e-07, Test pred MSE = 1.844129e-03, Param MSE = 1.845833e-02, Grad norm = 5.574625e-06, Beta update rate = 1.475587e-06
Epoch 165400 (3.3%): Train pred MSE = 6.013134e-07, Test pred MSE = 1.844073e-03, Param MSE = 1.845773e-02, Grad norm = 5.558868e-06, Beta update rate = 1.471132e-06
Epoch 165600 (3.3%): Train pred MSE = 5.982321e-07, Test pred MSE = 1.844016e-03, Param MSE = 1.845714e-02, Grad norm = 5.543166e-06, Beta update rate = 1.466694e-06
Epoch 165800 (3.3%): Train pred MSE = 5.951682e-07, Test pred MSE = 1.843960e-03, Param MSE = 1.845656e-02, Grad norm = 5.527520e-06, Beta update rate = 1.462272e-06
Epoch 166000 (3.3%): Train pred MSE = 5.921215e-07, Test pred MSE = 1.843904e-03, Param MSE = 1.845597e-02, Grad norm = 5.511928e-06, Beta update rate = 1.457867e-06
Epoch 166200 (3.3%): Train pred MSE = 5.890920e-07, Test pred MSE = 1.843848e-03, Param MSE = 1.845539e-02, Grad norm = 5.496391e-06, Beta update rate = 1.453478e-06
Epoch 166400 (3.3%): Train pred MSE = 5.860795e-07, Test pred MSE = 1.843793e-03, Param MSE = 1.845481e-02, Grad norm = 5.480908e-06, Beta update rate = 1.449105e-06
Epoch 166600 (3.3%): Train pred MSE = 5.830840e-07, Test pred MSE = 1.843738e-03, Param MSE = 1.845423e-02, Grad norm = 5.465479e-06, Beta update rate = 1.444748e-06
Epoch 166800 (3.3%): Train pred MSE = 5.801053e-07, Test pred MSE = 1.843683e-03, Param MSE = 1.845366e-02, Grad norm = 5.450105e-06, Beta update rate = 1.440408e-06
Epoch 167000 (3.3%): Train pred MSE = 5.771434e-07, Test pred MSE = 1.843628e-03, Param MSE = 1.845309e-02, Grad norm = 5.434784e-06, Beta update rate = 1.436084e-06
Epoch 167200 (3.3%): Train pred MSE = 5.741981e-07, Test pred MSE = 1.843573e-03, Param MSE = 1.845252e-02, Grad norm = 5.419516e-06, Beta update rate = 1.431775e-06
Epoch 167400 (3.3%): Train pred MSE = 5.712693e-07, Test pred MSE = 1.843519e-03, Param MSE = 1.845195e-02, Grad norm = 5.404301e-06, Beta update rate = 1.427483e-06
Epoch 167600 (3.4%): Train pred MSE = 5.683569e-07, Test pred MSE = 1.843465e-03, Param MSE = 1.845139e-02, Grad norm = 5.389140e-06, Beta update rate = 1.423206e-06
Epoch 167800 (3.4%): Train pred MSE = 5.654608e-07, Test pred MSE = 1.843411e-03, Param MSE = 1.845082e-02, Grad norm = 5.374031e-06, Beta update rate = 1.418945e-06
Epoch 168000 (3.4%): Train pred MSE = 5.625809e-07, Test pred MSE = 1.843358e-03, Param MSE = 1.845026e-02, Grad norm = 5.358974e-06, Beta update rate = 1.414700e-06
Epoch 168200 (3.4%): Train pred MSE = 5.597171e-07, Test pred MSE = 1.843304e-03, Param MSE = 1.844970e-02, Grad norm = 5.343970e-06, Beta update rate = 1.410470e-06
Epoch 168400 (3.4%): Train pred MSE = 5.568694e-07, Test pred MSE = 1.843251e-03, Param MSE = 1.844915e-02, Grad norm = 5.329018e-06, Beta update rate = 1.406256e-06
Epoch 168600 (3.4%): Train pred MSE = 5.540375e-07, Test pred MSE = 1.843198e-03, Param MSE = 1.844860e-02, Grad norm = 5.314118e-06, Beta update rate = 1.402057e-06
Epoch 168800 (3.4%): Train pred MSE = 5.512215e-07, Test pred MSE = 1.843146e-03, Param MSE = 1.844804e-02, Grad norm = 5.299269e-06, Beta update rate = 1.397874e-06
Epoch 169000 (3.4%): Train pred MSE = 5.484212e-07, Test pred MSE = 1.843093e-03, Param MSE = 1.844750e-02, Grad norm = 5.284471e-06, Beta update rate = 1.393706e-06
Epoch 169200 (3.4%): Train pred MSE = 5.456365e-07, Test pred MSE = 1.843041e-03, Param MSE = 1.844695e-02, Grad norm = 5.269724e-06, Beta update rate = 1.389553e-06
Epoch 169400 (3.4%): Train pred MSE = 5.428673e-07, Test pred MSE = 1.842989e-03, Param MSE = 1.844641e-02, Grad norm = 5.255028e-06, Beta update rate = 1.385415e-06
Epoch 169600 (3.4%): Train pred MSE = 5.401135e-07, Test pred MSE = 1.842937e-03, Param MSE = 1.844586e-02, Grad norm = 5.240383e-06, Beta update rate = 1.381293e-06
Epoch 169800 (3.4%): Train pred MSE = 5.373750e-07, Test pred MSE = 1.842886e-03, Param MSE = 1.844532e-02, Grad norm = 5.225789e-06, Beta update rate = 1.377186e-06
Epoch 170000 (3.4%): Train pred MSE = 5.346518e-07, Test pred MSE = 1.842835e-03, Param MSE = 1.844479e-02, Grad norm = 5.211244e-06, Beta update rate = 1.373093e-06
Epoch 170200 (3.4%): Train pred MSE = 5.319437e-07, Test pred MSE = 1.842784e-03, Param MSE = 1.844425e-02, Grad norm = 5.196749e-06, Beta update rate = 1.369016e-06
Epoch 170400 (3.4%): Train pred MSE = 5.292506e-07, Test pred MSE = 1.842733e-03, Param MSE = 1.844372e-02, Grad norm = 5.182304e-06, Beta update rate = 1.364953e-06
Epoch 170600 (3.4%): Train pred MSE = 5.265725e-07, Test pred MSE = 1.842682e-03, Param MSE = 1.844319e-02, Grad norm = 5.167909e-06, Beta update rate = 1.360905e-06
Epoch 170800 (3.4%): Train pred MSE = 5.239093e-07, Test pred MSE = 1.842632e-03, Param MSE = 1.844266e-02, Grad norm = 5.153563e-06, Beta update rate = 1.356872e-06
Epoch 171000 (3.4%): Train pred MSE = 5.212608e-07, Test pred MSE = 1.842581e-03, Param MSE = 1.844213e-02, Grad norm = 5.139266e-06, Beta update rate = 1.352853e-06
Epoch 171200 (3.4%): Train pred MSE = 5.186269e-07, Test pred MSE = 1.842531e-03, Param MSE = 1.844161e-02, Grad norm = 5.125018e-06, Beta update rate = 1.348849e-06
Epoch 171400 (3.4%): Train pred MSE = 5.160077e-07, Test pred MSE = 1.842481e-03, Param MSE = 1.844109e-02, Grad norm = 5.110818e-06, Beta update rate = 1.344859e-06
Epoch 171600 (3.4%): Train pred MSE = 5.134029e-07, Test pred MSE = 1.842432e-03, Param MSE = 1.844057e-02, Grad norm = 5.096667e-06, Beta update rate = 1.340884e-06
Epoch 171800 (3.4%): Train pred MSE = 5.108125e-07, Test pred MSE = 1.842382e-03, Param MSE = 1.844005e-02, Grad norm = 5.082565e-06, Beta update rate = 1.336924e-06
Epoch 172000 (3.4%): Train pred MSE = 5.082365e-07, Test pred MSE = 1.842333e-03, Param MSE = 1.843953e-02, Grad norm = 5.068510e-06, Beta update rate = 1.332977e-06
Epoch 172200 (3.4%): Train pred MSE = 5.056747e-07, Test pred MSE = 1.842284e-03, Param MSE = 1.843902e-02, Grad norm = 5.054503e-06, Beta update rate = 1.329045e-06
Epoch 172400 (3.4%): Train pred MSE = 5.031270e-07, Test pred MSE = 1.842236e-03, Param MSE = 1.843851e-02, Grad norm = 5.040543e-06, Beta update rate = 1.325127e-06
Epoch 172600 (3.5%): Train pred MSE = 5.005933e-07, Test pred MSE = 1.842187e-03, Param MSE = 1.843800e-02, Grad norm = 5.026631e-06, Beta update rate = 1.321223e-06
Epoch 172800 (3.5%): Train pred MSE = 4.980736e-07, Test pred MSE = 1.842139e-03, Param MSE = 1.843749e-02, Grad norm = 5.012767e-06, Beta update rate = 1.317333e-06
Epoch 173000 (3.5%): Train pred MSE = 4.955678e-07, Test pred MSE = 1.842090e-03, Param MSE = 1.843699e-02, Grad norm = 4.998949e-06, Beta update rate = 1.313457e-06
Epoch 173200 (3.5%): Train pred MSE = 4.930758e-07, Test pred MSE = 1.842043e-03, Param MSE = 1.843648e-02, Grad norm = 4.985178e-06, Beta update rate = 1.309595e-06
Epoch 173400 (3.5%): Train pred MSE = 4.905975e-07, Test pred MSE = 1.841995e-03, Param MSE = 1.843598e-02, Grad norm = 4.971453e-06, Beta update rate = 1.305747e-06
Epoch 173600 (3.5%): Train pred MSE = 4.881328e-07, Test pred MSE = 1.841947e-03, Param MSE = 1.843548e-02, Grad norm = 4.957775e-06, Beta update rate = 1.301913e-06
Epoch 173800 (3.5%): Train pred MSE = 4.856817e-07, Test pred MSE = 1.841900e-03, Param MSE = 1.843498e-02, Grad norm = 4.944143e-06, Beta update rate = 1.298093e-06
Epoch 174000 (3.5%): Train pred MSE = 4.832440e-07, Test pred MSE = 1.841853e-03, Param MSE = 1.843449e-02, Grad norm = 4.930557e-06, Beta update rate = 1.294286e-06
Epoch 174200 (3.5%): Train pred MSE = 4.808197e-07, Test pred MSE = 1.841806e-03, Param MSE = 1.843400e-02, Grad norm = 4.917017e-06, Beta update rate = 1.290492e-06
Epoch 174400 (3.5%): Train pred MSE = 4.784086e-07, Test pred MSE = 1.841759e-03, Param MSE = 1.843351e-02, Grad norm = 4.903523e-06, Beta update rate = 1.286713e-06
Epoch 174600 (3.5%): Train pred MSE = 4.760108e-07, Test pred MSE = 1.841713e-03, Param MSE = 1.843302e-02, Grad norm = 4.890073e-06, Beta update rate = 1.282947e-06
Epoch 174800 (3.5%): Train pred MSE = 4.736262e-07, Test pred MSE = 1.841666e-03, Param MSE = 1.843253e-02, Grad norm = 4.876669e-06, Beta update rate = 1.279194e-06
Epoch 175000 (3.5%): Train pred MSE = 4.712545e-07, Test pred MSE = 1.841620e-03, Param MSE = 1.843204e-02, Grad norm = 4.863310e-06, Beta update rate = 1.275455e-06
Epoch 175200 (3.5%): Train pred MSE = 4.688959e-07, Test pred MSE = 1.841574e-03, Param MSE = 1.843156e-02, Grad norm = 4.849996e-06, Beta update rate = 1.271729e-06
Epoch 175400 (3.5%): Train pred MSE = 4.665501e-07, Test pred MSE = 1.841528e-03, Param MSE = 1.843108e-02, Grad norm = 4.836727e-06, Beta update rate = 1.268016e-06
Epoch 175600 (3.5%): Train pred MSE = 4.642172e-07, Test pred MSE = 1.841483e-03, Param MSE = 1.843060e-02, Grad norm = 4.823501e-06, Beta update rate = 1.264316e-06
Epoch 175800 (3.5%): Train pred MSE = 4.618969e-07, Test pred MSE = 1.841437e-03, Param MSE = 1.843012e-02, Grad norm = 4.810321e-06, Beta update rate = 1.260630e-06
Epoch 176000 (3.5%): Train pred MSE = 4.595894e-07, Test pred MSE = 1.841392e-03, Param MSE = 1.842965e-02, Grad norm = 4.797184e-06, Beta update rate = 1.256956e-06
Epoch 176200 (3.5%): Train pred MSE = 4.572944e-07, Test pred MSE = 1.841347e-03, Param MSE = 1.842918e-02, Grad norm = 4.784091e-06, Beta update rate = 1.253296e-06
Epoch 176400 (3.5%): Train pred MSE = 4.550120e-07, Test pred MSE = 1.841302e-03, Param MSE = 1.842870e-02, Grad norm = 4.771041e-06, Beta update rate = 1.249649e-06
Epoch 176600 (3.5%): Train pred MSE = 4.527419e-07, Test pred MSE = 1.841258e-03, Param MSE = 1.842823e-02, Grad norm = 4.758035e-06, Beta update rate = 1.246014e-06
Epoch 176800 (3.5%): Train pred MSE = 4.504842e-07, Test pred MSE = 1.841213e-03, Param MSE = 1.842777e-02, Grad norm = 4.745073e-06, Beta update rate = 1.242393e-06
Epoch 177000 (3.5%): Train pred MSE = 4.482388e-07, Test pred MSE = 1.841169e-03, Param MSE = 1.842730e-02, Grad norm = 4.732153e-06, Beta update rate = 1.238784e-06
Epoch 177200 (3.5%): Train pred MSE = 4.460056e-07, Test pred MSE = 1.841125e-03, Param MSE = 1.842684e-02, Grad norm = 4.719277e-06, Beta update rate = 1.235188e-06
Epoch 177400 (3.5%): Train pred MSE = 4.437846e-07, Test pred MSE = 1.841081e-03, Param MSE = 1.842637e-02, Grad norm = 4.706443e-06, Beta update rate = 1.231605e-06
Epoch 177600 (3.6%): Train pred MSE = 4.415756e-07, Test pred MSE = 1.841037e-03, Param MSE = 1.842591e-02, Grad norm = 4.693652e-06, Beta update rate = 1.228034e-06
Epoch 177800 (3.6%): Train pred MSE = 4.393786e-07, Test pred MSE = 1.840993e-03, Param MSE = 1.842546e-02, Grad norm = 4.680903e-06, Beta update rate = 1.224476e-06
Epoch 178000 (3.6%): Train pred MSE = 4.371935e-07, Test pred MSE = 1.840950e-03, Param MSE = 1.842500e-02, Grad norm = 4.668197e-06, Beta update rate = 1.220930e-06
Epoch 178200 (3.6%): Train pred MSE = 4.350202e-07, Test pred MSE = 1.840907e-03, Param MSE = 1.842454e-02, Grad norm = 4.655532e-06, Beta update rate = 1.217397e-06
Epoch 178400 (3.6%): Train pred MSE = 4.328588e-07, Test pred MSE = 1.840864e-03, Param MSE = 1.842409e-02, Grad norm = 4.642910e-06, Beta update rate = 1.213877e-06
Epoch 178600 (3.6%): Train pred MSE = 4.307090e-07, Test pred MSE = 1.840821e-03, Param MSE = 1.842364e-02, Grad norm = 4.630329e-06, Beta update rate = 1.210368e-06
Epoch 178800 (3.6%): Train pred MSE = 4.285708e-07, Test pred MSE = 1.840778e-03, Param MSE = 1.842319e-02, Grad norm = 4.617789e-06, Beta update rate = 1.206872e-06
Epoch 179000 (3.6%): Train pred MSE = 4.264442e-07, Test pred MSE = 1.840736e-03, Param MSE = 1.842274e-02, Grad norm = 4.605291e-06, Beta update rate = 1.203388e-06
Epoch 179200 (3.6%): Train pred MSE = 4.243292e-07, Test pred MSE = 1.840694e-03, Param MSE = 1.842230e-02, Grad norm = 4.592834e-06, Beta update rate = 1.199917e-06
Epoch 179400 (3.6%): Train pred MSE = 4.222255e-07, Test pred MSE = 1.840652e-03, Param MSE = 1.842185e-02, Grad norm = 4.580418e-06, Beta update rate = 1.196457e-06
Epoch 179600 (3.6%): Train pred MSE = 4.201332e-07, Test pred MSE = 1.840610e-03, Param MSE = 1.842141e-02, Grad norm = 4.568043e-06, Beta update rate = 1.193010e-06
Epoch 179800 (3.6%): Train pred MSE = 4.180521e-07, Test pred MSE = 1.840568e-03, Param MSE = 1.842097e-02, Grad norm = 4.555708e-06, Beta update rate = 1.189575e-06
Epoch 180000 (3.6%): Train pred MSE = 4.159823e-07, Test pred MSE = 1.840526e-03, Param MSE = 1.842053e-02, Grad norm = 4.543414e-06, Beta update rate = 1.186151e-06
Epoch 180200 (3.6%): Train pred MSE = 4.139237e-07, Test pred MSE = 1.840485e-03, Param MSE = 1.842010e-02, Grad norm = 4.531161e-06, Beta update rate = 1.182740e-06
Epoch 180400 (3.6%): Train pred MSE = 4.118761e-07, Test pred MSE = 1.840443e-03, Param MSE = 1.841966e-02, Grad norm = 4.518947e-06, Beta update rate = 1.179340e-06
Epoch 180600 (3.6%): Train pred MSE = 4.098396e-07, Test pred MSE = 1.840402e-03, Param MSE = 1.841923e-02, Grad norm = 4.506773e-06, Beta update rate = 1.175953e-06
Epoch 180800 (3.6%): Train pred MSE = 4.078140e-07, Test pred MSE = 1.840361e-03, Param MSE = 1.841880e-02, Grad norm = 4.494640e-06, Beta update rate = 1.172577e-06
Epoch 181000 (3.6%): Train pred MSE = 4.057993e-07, Test pred MSE = 1.840321e-03, Param MSE = 1.841837e-02, Grad norm = 4.482546e-06, Beta update rate = 1.169213e-06
Epoch 181200 (3.6%): Train pred MSE = 4.037954e-07, Test pred MSE = 1.840280e-03, Param MSE = 1.841794e-02, Grad norm = 4.470491e-06, Beta update rate = 1.165860e-06
Epoch 181400 (3.6%): Train pred MSE = 4.018023e-07, Test pred MSE = 1.840240e-03, Param MSE = 1.841751e-02, Grad norm = 4.458476e-06, Beta update rate = 1.162519e-06
Epoch 181600 (3.6%): Train pred MSE = 3.998198e-07, Test pred MSE = 1.840199e-03, Param MSE = 1.841709e-02, Grad norm = 4.446499e-06, Beta update rate = 1.159190e-06
Epoch 181800 (3.6%): Train pred MSE = 3.978481e-07, Test pred MSE = 1.840159e-03, Param MSE = 1.841666e-02, Grad norm = 4.434562e-06, Beta update rate = 1.155872e-06
Epoch 182000 (3.6%): Train pred MSE = 3.958868e-07, Test pred MSE = 1.840119e-03, Param MSE = 1.841624e-02, Grad norm = 4.422664e-06, Beta update rate = 1.152566e-06
Epoch 182200 (3.6%): Train pred MSE = 3.939361e-07, Test pred MSE = 1.840079e-03, Param MSE = 1.841582e-02, Grad norm = 4.410804e-06, Beta update rate = 1.149271e-06
Epoch 182400 (3.6%): Train pred MSE = 3.919959e-07, Test pred MSE = 1.840040e-03, Param MSE = 1.841540e-02, Grad norm = 4.398983e-06, Beta update rate = 1.145988e-06
Epoch 182600 (3.7%): Train pred MSE = 3.900660e-07, Test pred MSE = 1.840000e-03, Param MSE = 1.841499e-02, Grad norm = 4.387200e-06, Beta update rate = 1.142716e-06
Epoch 182800 (3.7%): Train pred MSE = 3.881464e-07, Test pred MSE = 1.839961e-03, Param MSE = 1.841457e-02, Grad norm = 4.375456e-06, Beta update rate = 1.139455e-06
Epoch 183000 (3.7%): Train pred MSE = 3.862371e-07, Test pred MSE = 1.839922e-03, Param MSE = 1.841416e-02, Grad norm = 4.363749e-06, Beta update rate = 1.136205e-06
Epoch 183200 (3.7%): Train pred MSE = 3.843380e-07, Test pred MSE = 1.839883e-03, Param MSE = 1.841375e-02, Grad norm = 4.352080e-06, Beta update rate = 1.132967e-06
Epoch 183400 (3.7%): Train pred MSE = 3.824490e-07, Test pred MSE = 1.839844e-03, Param MSE = 1.841334e-02, Grad norm = 4.340450e-06, Beta update rate = 1.129740e-06
Epoch 183600 (3.7%): Train pred MSE = 3.805702e-07, Test pred MSE = 1.839805e-03, Param MSE = 1.841293e-02, Grad norm = 4.328856e-06, Beta update rate = 1.126524e-06
Epoch 183800 (3.7%): Train pred MSE = 3.787013e-07, Test pred MSE = 1.839767e-03, Param MSE = 1.841252e-02, Grad norm = 4.317300e-06, Beta update rate = 1.123319e-06
Epoch 184000 (3.7%): Train pred MSE = 3.768424e-07, Test pred MSE = 1.839729e-03, Param MSE = 1.841211e-02, Grad norm = 4.305782e-06, Beta update rate = 1.120125e-06
Epoch 184200 (3.7%): Train pred MSE = 3.749934e-07, Test pred MSE = 1.839690e-03, Param MSE = 1.841171e-02, Grad norm = 4.294300e-06, Beta update rate = 1.116942e-06
Epoch 184400 (3.7%): Train pred MSE = 3.731543e-07, Test pred MSE = 1.839652e-03, Param MSE = 1.841131e-02, Grad norm = 4.282856e-06, Beta update rate = 1.113769e-06
Epoch 184600 (3.7%): Train pred MSE = 3.713249e-07, Test pred MSE = 1.839614e-03, Param MSE = 1.841091e-02, Grad norm = 4.271448e-06, Beta update rate = 1.110608e-06
Epoch 184800 (3.7%): Train pred MSE = 3.695053e-07, Test pred MSE = 1.839577e-03, Param MSE = 1.841051e-02, Grad norm = 4.260077e-06, Beta update rate = 1.107457e-06
Epoch 185000 (3.7%): Train pred MSE = 3.676953e-07, Test pred MSE = 1.839539e-03, Param MSE = 1.841011e-02, Grad norm = 4.248742e-06, Beta update rate = 1.104318e-06
Epoch 185200 (3.7%): Train pred MSE = 3.658949e-07, Test pred MSE = 1.839502e-03, Param MSE = 1.840972e-02, Grad norm = 4.237444e-06, Beta update rate = 1.101189e-06
Epoch 185400 (3.7%): Train pred MSE = 3.641042e-07, Test pred MSE = 1.839464e-03, Param MSE = 1.840932e-02, Grad norm = 4.226182e-06, Beta update rate = 1.098070e-06
Epoch 185600 (3.7%): Train pred MSE = 3.623229e-07, Test pred MSE = 1.839427e-03, Param MSE = 1.840893e-02, Grad norm = 4.214956e-06, Beta update rate = 1.094963e-06
Epoch 185800 (3.7%): Train pred MSE = 3.605510e-07, Test pred MSE = 1.839390e-03, Param MSE = 1.840854e-02, Grad norm = 4.203766e-06, Beta update rate = 1.091866e-06
Epoch 186000 (3.7%): Train pred MSE = 3.587886e-07, Test pred MSE = 1.839353e-03, Param MSE = 1.840815e-02, Grad norm = 4.192612e-06, Beta update rate = 1.088779e-06
Epoch 186200 (3.7%): Train pred MSE = 3.570355e-07, Test pred MSE = 1.839317e-03, Param MSE = 1.840776e-02, Grad norm = 4.181494e-06, Beta update rate = 1.085703e-06
Epoch 186400 (3.7%): Train pred MSE = 3.552917e-07, Test pred MSE = 1.839280e-03, Param MSE = 1.840737e-02, Grad norm = 4.170411e-06, Beta update rate = 1.082637e-06
Epoch 186600 (3.7%): Train pred MSE = 3.535571e-07, Test pred MSE = 1.839244e-03, Param MSE = 1.840699e-02, Grad norm = 4.159363e-06, Beta update rate = 1.079582e-06
Epoch 186800 (3.7%): Train pred MSE = 3.518317e-07, Test pred MSE = 1.839208e-03, Param MSE = 1.840660e-02, Grad norm = 4.148351e-06, Beta update rate = 1.076537e-06
Epoch 187000 (3.7%): Train pred MSE = 3.501154e-07, Test pred MSE = 1.839172e-03, Param MSE = 1.840622e-02, Grad norm = 4.137373e-06, Beta update rate = 1.073503e-06
Epoch 187200 (3.7%): Train pred MSE = 3.484081e-07, Test pred MSE = 1.839136e-03, Param MSE = 1.840584e-02, Grad norm = 4.126431e-06, Beta update rate = 1.070479e-06
Epoch 187400 (3.7%): Train pred MSE = 3.467099e-07, Test pred MSE = 1.839100e-03, Param MSE = 1.840546e-02, Grad norm = 4.115523e-06, Beta update rate = 1.067465e-06
Epoch 187600 (3.8%): Train pred MSE = 3.450207e-07, Test pred MSE = 1.839064e-03, Param MSE = 1.840508e-02, Grad norm = 4.104650e-06, Beta update rate = 1.064461e-06
Epoch 187800 (3.8%): Train pred MSE = 3.433403e-07, Test pred MSE = 1.839029e-03, Param MSE = 1.840471e-02, Grad norm = 4.093812e-06, Beta update rate = 1.061467e-06
Epoch 188000 (3.8%): Train pred MSE = 3.416689e-07, Test pred MSE = 1.838993e-03, Param MSE = 1.840433e-02, Grad norm = 4.083008e-06, Beta update rate = 1.058484e-06
Epoch 188200 (3.8%): Train pred MSE = 3.400062e-07, Test pred MSE = 1.838958e-03, Param MSE = 1.840396e-02, Grad norm = 4.072238e-06, Beta update rate = 1.055510e-06
Epoch 188400 (3.8%): Train pred MSE = 3.383523e-07, Test pred MSE = 1.838923e-03, Param MSE = 1.840359e-02, Grad norm = 4.061502e-06, Beta update rate = 1.052547e-06
Epoch 188600 (3.8%): Train pred MSE = 3.367071e-07, Test pred MSE = 1.838888e-03, Param MSE = 1.840322e-02, Grad norm = 4.050800e-06, Beta update rate = 1.049594e-06
Epoch 188800 (3.8%): Train pred MSE = 3.350705e-07, Test pred MSE = 1.838853e-03, Param MSE = 1.840285e-02, Grad norm = 4.040133e-06, Beta update rate = 1.046650e-06
Epoch 189000 (3.8%): Train pred MSE = 3.334426e-07, Test pred MSE = 1.838818e-03, Param MSE = 1.840248e-02, Grad norm = 4.029498e-06, Beta update rate = 1.043717e-06
Epoch 189200 (3.8%): Train pred MSE = 3.318232e-07, Test pred MSE = 1.838784e-03, Param MSE = 1.840211e-02, Grad norm = 4.018898e-06, Beta update rate = 1.040793e-06
Epoch 189400 (3.8%): Train pred MSE = 3.302123e-07, Test pred MSE = 1.838749e-03, Param MSE = 1.840175e-02, Grad norm = 4.008331e-06, Beta update rate = 1.037879e-06
Epoch 189600 (3.8%): Train pred MSE = 3.286099e-07, Test pred MSE = 1.838715e-03, Param MSE = 1.840138e-02, Grad norm = 3.997797e-06, Beta update rate = 1.034975e-06
Epoch 189800 (3.8%): Train pred MSE = 3.270159e-07, Test pred MSE = 1.838681e-03, Param MSE = 1.840102e-02, Grad norm = 3.987296e-06, Beta update rate = 1.032081e-06
Epoch 190000 (3.8%): Train pred MSE = 3.254303e-07, Test pred MSE = 1.838647e-03, Param MSE = 1.840066e-02, Grad norm = 3.976828e-06, Beta update rate = 1.029196e-06
Epoch 190200 (3.8%): Train pred MSE = 3.238529e-07, Test pred MSE = 1.838613e-03, Param MSE = 1.840030e-02, Grad norm = 3.966393e-06, Beta update rate = 1.026321e-06
Epoch 190400 (3.8%): Train pred MSE = 3.222839e-07, Test pred MSE = 1.838579e-03, Param MSE = 1.839994e-02, Grad norm = 3.955991e-06, Beta update rate = 1.023456e-06
Epoch 190600 (3.8%): Train pred MSE = 3.207230e-07, Test pred MSE = 1.838546e-03, Param MSE = 1.839959e-02, Grad norm = 3.945622e-06, Beta update rate = 1.020600e-06
Epoch 190800 (3.8%): Train pred MSE = 3.191703e-07, Test pred MSE = 1.838512e-03, Param MSE = 1.839923e-02, Grad norm = 3.935285e-06, Beta update rate = 1.017754e-06
Epoch 191000 (3.8%): Train pred MSE = 3.176258e-07, Test pred MSE = 1.838479e-03, Param MSE = 1.839888e-02, Grad norm = 3.924981e-06, Beta update rate = 1.014917e-06
Epoch 191200 (3.8%): Train pred MSE = 3.160893e-07, Test pred MSE = 1.838446e-03, Param MSE = 1.839852e-02, Grad norm = 3.914709e-06, Beta update rate = 1.012090e-06
Epoch 191400 (3.8%): Train pred MSE = 3.145608e-07, Test pred MSE = 1.838413e-03, Param MSE = 1.839817e-02, Grad norm = 3.904469e-06, Beta update rate = 1.009272e-06
Epoch 191600 (3.8%): Train pred MSE = 3.130403e-07, Test pred MSE = 1.838380e-03, Param MSE = 1.839782e-02, Grad norm = 3.894261e-06, Beta update rate = 1.006464e-06
Epoch 191800 (3.8%): Train pred MSE = 3.115278e-07, Test pred MSE = 1.838347e-03, Param MSE = 1.839747e-02, Grad norm = 3.884085e-06, Beta update rate = 1.003665e-06
Epoch 192000 (3.8%): Train pred MSE = 3.100232e-07, Test pred MSE = 1.838314e-03, Param MSE = 1.839713e-02, Grad norm = 3.873940e-06, Beta update rate = 1.000875e-06
Epoch 192200 (3.8%): Train pred MSE = 3.085264e-07, Test pred MSE = 1.838282e-03, Param MSE = 1.839678e-02, Grad norm = 3.863828e-06, Beta update rate = 9.980944e-07
Epoch 192400 (3.8%): Train pred MSE = 3.070374e-07, Test pred MSE = 1.838249e-03, Param MSE = 1.839644e-02, Grad norm = 3.853746e-06, Beta update rate = 9.953231e-07
Epoch 192600 (3.9%): Train pred MSE = 3.055561e-07, Test pred MSE = 1.838217e-03, Param MSE = 1.839609e-02, Grad norm = 3.843697e-06, Beta update rate = 9.925611e-07
Epoch 192800 (3.9%): Train pred MSE = 3.040826e-07, Test pred MSE = 1.838185e-03, Param MSE = 1.839575e-02, Grad norm = 3.833678e-06, Beta update rate = 9.898082e-07
Epoch 193000 (3.9%): Train pred MSE = 3.026168e-07, Test pred MSE = 1.838153e-03, Param MSE = 1.839541e-02, Grad norm = 3.823691e-06, Beta update rate = 9.870644e-07
Epoch 193200 (3.9%): Train pred MSE = 3.011585e-07, Test pred MSE = 1.838121e-03, Param MSE = 1.839507e-02, Grad norm = 3.813735e-06, Beta update rate = 9.843297e-07
Epoch 193400 (3.9%): Train pred MSE = 2.997079e-07, Test pred MSE = 1.838089e-03, Param MSE = 1.839473e-02, Grad norm = 3.803809e-06, Beta update rate = 9.816041e-07
Epoch 193600 (3.9%): Train pred MSE = 2.982648e-07, Test pred MSE = 1.838057e-03, Param MSE = 1.839440e-02, Grad norm = 3.793915e-06, Beta update rate = 9.788875e-07
Epoch 193800 (3.9%): Train pred MSE = 2.968292e-07, Test pred MSE = 1.838026e-03, Param MSE = 1.839406e-02, Grad norm = 3.784051e-06, Beta update rate = 9.761799e-07
Epoch 194000 (3.9%): Train pred MSE = 2.954010e-07, Test pred MSE = 1.837994e-03, Param MSE = 1.839373e-02, Grad norm = 3.774217e-06, Beta update rate = 9.734812e-07
Epoch 194200 (3.9%): Train pred MSE = 2.939803e-07, Test pred MSE = 1.837963e-03, Param MSE = 1.839339e-02, Grad norm = 3.764414e-06, Beta update rate = 9.707914e-07
Epoch 194400 (3.9%): Train pred MSE = 2.925669e-07, Test pred MSE = 1.837932e-03, Param MSE = 1.839306e-02, Grad norm = 3.754642e-06, Beta update rate = 9.681104e-07
Epoch 194600 (3.9%): Train pred MSE = 2.911608e-07, Test pred MSE = 1.837901e-03, Param MSE = 1.839273e-02, Grad norm = 3.744899e-06, Beta update rate = 9.654383e-07
Epoch 194800 (3.9%): Train pred MSE = 2.897621e-07, Test pred MSE = 1.837870e-03, Param MSE = 1.839240e-02, Grad norm = 3.735187e-06, Beta update rate = 9.627750e-07
Epoch 195000 (3.9%): Train pred MSE = 2.883706e-07, Test pred MSE = 1.837839e-03, Param MSE = 1.839207e-02, Grad norm = 3.725504e-06, Beta update rate = 9.601205e-07
Epoch 195200 (3.9%): Train pred MSE = 2.869862e-07, Test pred MSE = 1.837808e-03, Param MSE = 1.839175e-02, Grad norm = 3.715852e-06, Beta update rate = 9.574747e-07
Epoch 195400 (3.9%): Train pred MSE = 2.856091e-07, Test pred MSE = 1.837778e-03, Param MSE = 1.839142e-02, Grad norm = 3.706229e-06, Beta update rate = 9.548376e-07
Epoch 195600 (3.9%): Train pred MSE = 2.842391e-07, Test pred MSE = 1.837747e-03, Param MSE = 1.839110e-02, Grad norm = 3.696636e-06, Beta update rate = 9.522091e-07
Epoch 195800 (3.9%): Train pred MSE = 2.828761e-07, Test pred MSE = 1.837717e-03, Param MSE = 1.839077e-02, Grad norm = 3.687072e-06, Beta update rate = 9.495892e-07
Epoch 196000 (3.9%): Train pred MSE = 2.815202e-07, Test pred MSE = 1.837687e-03, Param MSE = 1.839045e-02, Grad norm = 3.677538e-06, Beta update rate = 9.469780e-07
Epoch 196200 (3.9%): Train pred MSE = 2.801713e-07, Test pred MSE = 1.837656e-03, Param MSE = 1.839013e-02, Grad norm = 3.668033e-06, Beta update rate = 9.443753e-07
Epoch 196400 (3.9%): Train pred MSE = 2.788293e-07, Test pred MSE = 1.837626e-03, Param MSE = 1.838981e-02, Grad norm = 3.658557e-06, Beta update rate = 9.417811e-07
Epoch 196600 (3.9%): Train pred MSE = 2.774943e-07, Test pred MSE = 1.837597e-03, Param MSE = 1.838949e-02, Grad norm = 3.649111e-06, Beta update rate = 9.391954e-07
Epoch 196800 (3.9%): Train pred MSE = 2.761662e-07, Test pred MSE = 1.837567e-03, Param MSE = 1.838918e-02, Grad norm = 3.639693e-06, Beta update rate = 9.366181e-07
Epoch 197000 (3.9%): Train pred MSE = 2.748449e-07, Test pred MSE = 1.837537e-03, Param MSE = 1.838886e-02, Grad norm = 3.630304e-06, Beta update rate = 9.340493e-07
Epoch 197200 (3.9%): Train pred MSE = 2.735304e-07, Test pred MSE = 1.837508e-03, Param MSE = 1.838854e-02, Grad norm = 3.620944e-06, Beta update rate = 9.314888e-07
Epoch 197400 (3.9%): Train pred MSE = 2.722227e-07, Test pred MSE = 1.837478e-03, Param MSE = 1.838823e-02, Grad norm = 3.611612e-06, Beta update rate = 9.289367e-07
Epoch 197600 (4.0%): Train pred MSE = 2.709217e-07, Test pred MSE = 1.837449e-03, Param MSE = 1.838792e-02, Grad norm = 3.602309e-06, Beta update rate = 9.263929e-07
Epoch 197800 (4.0%): Train pred MSE = 2.696274e-07, Test pred MSE = 1.837420e-03, Param MSE = 1.838761e-02, Grad norm = 3.593035e-06, Beta update rate = 9.238574e-07
Epoch 198000 (4.0%): Train pred MSE = 2.683397e-07, Test pred MSE = 1.837391e-03, Param MSE = 1.838730e-02, Grad norm = 3.583788e-06, Beta update rate = 9.213301e-07
Epoch 198200 (4.0%): Train pred MSE = 2.670587e-07, Test pred MSE = 1.837362e-03, Param MSE = 1.838699e-02, Grad norm = 3.574570e-06, Beta update rate = 9.188111e-07
Epoch 198400 (4.0%): Train pred MSE = 2.657843e-07, Test pred MSE = 1.837333e-03, Param MSE = 1.838668e-02, Grad norm = 3.565380e-06, Beta update rate = 9.163002e-07
Epoch 198600 (4.0%): Train pred MSE = 2.645164e-07, Test pred MSE = 1.837304e-03, Param MSE = 1.838637e-02, Grad norm = 3.556218e-06, Beta update rate = 9.137975e-07
Epoch 198800 (4.0%): Train pred MSE = 2.632550e-07, Test pred MSE = 1.837275e-03, Param MSE = 1.838607e-02, Grad norm = 3.547084e-06, Beta update rate = 9.113029e-07
Epoch 199000 (4.0%): Train pred MSE = 2.620000e-07, Test pred MSE = 1.837247e-03, Param MSE = 1.838576e-02, Grad norm = 3.537977e-06, Beta update rate = 9.088164e-07
Epoch 199200 (4.0%): Train pred MSE = 2.607515e-07, Test pred MSE = 1.837218e-03, Param MSE = 1.838546e-02, Grad norm = 3.528899e-06, Beta update rate = 9.063379e-07
Epoch 199400 (4.0%): Train pred MSE = 2.595095e-07, Test pred MSE = 1.837190e-03, Param MSE = 1.838516e-02, Grad norm = 3.519847e-06, Beta update rate = 9.038675e-07
Epoch 199600 (4.0%): Train pred MSE = 2.582737e-07, Test pred MSE = 1.837162e-03, Param MSE = 1.838486e-02, Grad norm = 3.510824e-06, Beta update rate = 9.014050e-07
Epoch 199800 (4.0%): Train pred MSE = 2.570443e-07, Test pred MSE = 1.837134e-03, Param MSE = 1.838456e-02, Grad norm = 3.501827e-06, Beta update rate = 8.989506e-07
Epoch 200000 (4.0%): Train pred MSE = 2.558212e-07, Test pred MSE = 1.837106e-03, Param MSE = 1.838426e-02, Grad norm = 3.492858e-06, Beta update rate = 8.965040e-07
Epoch 200200 (4.0%): Train pred MSE = 2.546043e-07, Test pred MSE = 1.837078e-03, Param MSE = 1.838396e-02, Grad norm = 3.483916e-06, Beta update rate = 8.940654e-07
Epoch 200400 (4.0%): Train pred MSE = 2.533937e-07, Test pred MSE = 1.837050e-03, Param MSE = 1.838366e-02, Grad norm = 3.475001e-06, Beta update rate = 8.916346e-07
Epoch 200600 (4.0%): Train pred MSE = 2.521892e-07, Test pred MSE = 1.837023e-03, Param MSE = 1.838337e-02, Grad norm = 3.466113e-06, Beta update rate = 8.892116e-07
Epoch 200800 (4.0%): Train pred MSE = 2.509909e-07, Test pred MSE = 1.836995e-03, Param MSE = 1.838307e-02, Grad norm = 3.457252e-06, Beta update rate = 8.867965e-07
Epoch 201000 (4.0%): Train pred MSE = 2.497988e-07, Test pred MSE = 1.836968e-03, Param MSE = 1.838278e-02, Grad norm = 3.448418e-06, Beta update rate = 8.843891e-07
Epoch 201200 (4.0%): Train pred MSE = 2.486127e-07, Test pred MSE = 1.836940e-03, Param MSE = 1.838249e-02, Grad norm = 3.439610e-06, Beta update rate = 8.819894e-07
Epoch 201400 (4.0%): Train pred MSE = 2.474326e-07, Test pred MSE = 1.836913e-03, Param MSE = 1.838220e-02, Grad norm = 3.430829e-06, Beta update rate = 8.795975e-07
Epoch 201600 (4.0%): Train pred MSE = 2.462586e-07, Test pred MSE = 1.836886e-03, Param MSE = 1.838191e-02, Grad norm = 3.422074e-06, Beta update rate = 8.772133e-07
Epoch 201800 (4.0%): Train pred MSE = 2.450905e-07, Test pred MSE = 1.836859e-03, Param MSE = 1.838162e-02, Grad norm = 3.413345e-06, Beta update rate = 8.748367e-07
Epoch 202000 (4.0%): Train pred MSE = 2.439284e-07, Test pred MSE = 1.836832e-03, Param MSE = 1.838133e-02, Grad norm = 3.404643e-06, Beta update rate = 8.724677e-07
Epoch 202200 (4.0%): Train pred MSE = 2.427722e-07, Test pred MSE = 1.836805e-03, Param MSE = 1.838104e-02, Grad norm = 3.395967e-06, Beta update rate = 8.701064e-07
Epoch 202400 (4.0%): Train pred MSE = 2.416219e-07, Test pred MSE = 1.836778e-03, Param MSE = 1.838076e-02, Grad norm = 3.387317e-06, Beta update rate = 8.677525e-07
Epoch 202600 (4.1%): Train pred MSE = 2.404775e-07, Test pred MSE = 1.836752e-03, Param MSE = 1.838047e-02, Grad norm = 3.378693e-06, Beta update rate = 8.654063e-07
Epoch 202800 (4.1%): Train pred MSE = 2.393389e-07, Test pred MSE = 1.836725e-03, Param MSE = 1.838019e-02, Grad norm = 3.370095e-06, Beta update rate = 8.630675e-07
Epoch 203000 (4.1%): Train pred MSE = 2.382060e-07, Test pred MSE = 1.836699e-03, Param MSE = 1.837991e-02, Grad norm = 3.361523e-06, Beta update rate = 8.607362e-07
Epoch 203200 (4.1%): Train pred MSE = 2.370789e-07, Test pred MSE = 1.836672e-03, Param MSE = 1.837962e-02, Grad norm = 3.352976e-06, Beta update rate = 8.584124e-07
Epoch 203400 (4.1%): Train pred MSE = 2.359576e-07, Test pred MSE = 1.836646e-03, Param MSE = 1.837934e-02, Grad norm = 3.344455e-06, Beta update rate = 8.560959e-07
Epoch 203600 (4.1%): Train pred MSE = 2.348419e-07, Test pred MSE = 1.836620e-03, Param MSE = 1.837906e-02, Grad norm = 3.335959e-06, Beta update rate = 8.537869e-07
Epoch 203800 (4.1%): Train pred MSE = 2.337319e-07, Test pred MSE = 1.836594e-03, Param MSE = 1.837879e-02, Grad norm = 3.327489e-06, Beta update rate = 8.514852e-07
Epoch 204000 (4.1%): Train pred MSE = 2.326275e-07, Test pred MSE = 1.836568e-03, Param MSE = 1.837851e-02, Grad norm = 3.319044e-06, Beta update rate = 8.491908e-07
Epoch 204200 (4.1%): Train pred MSE = 2.315287e-07, Test pred MSE = 1.836542e-03, Param MSE = 1.837823e-02, Grad norm = 3.310625e-06, Beta update rate = 8.469038e-07
Epoch 204400 (4.1%): Train pred MSE = 2.304355e-07, Test pred MSE = 1.836517e-03, Param MSE = 1.837796e-02, Grad norm = 3.302230e-06, Beta update rate = 8.446240e-07
Epoch 204600 (4.1%): Train pred MSE = 2.293478e-07, Test pred MSE = 1.836491e-03, Param MSE = 1.837768e-02, Grad norm = 3.293860e-06, Beta update rate = 8.423515e-07
Epoch 204800 (4.1%): Train pred MSE = 2.282656e-07, Test pred MSE = 1.836465e-03, Param MSE = 1.837741e-02, Grad norm = 3.285516e-06, Beta update rate = 8.400862e-07
Epoch 205000 (4.1%): Train pred MSE = 2.271889e-07, Test pred MSE = 1.836440e-03, Param MSE = 1.837713e-02, Grad norm = 3.277196e-06, Beta update rate = 8.378280e-07
Epoch 205200 (4.1%): Train pred MSE = 2.261176e-07, Test pred MSE = 1.836415e-03, Param MSE = 1.837686e-02, Grad norm = 3.268901e-06, Beta update rate = 8.355771e-07
Epoch 205400 (4.1%): Train pred MSE = 2.250518e-07, Test pred MSE = 1.836389e-03, Param MSE = 1.837659e-02, Grad norm = 3.260630e-06, Beta update rate = 8.333333e-07
Epoch 205600 (4.1%): Train pred MSE = 2.239913e-07, Test pred MSE = 1.836364e-03, Param MSE = 1.837632e-02, Grad norm = 3.252384e-06, Beta update rate = 8.310965e-07
Epoch 205800 (4.1%): Train pred MSE = 2.229362e-07, Test pred MSE = 1.836339e-03, Param MSE = 1.837605e-02, Grad norm = 3.244163e-06, Beta update rate = 8.288669e-07
Epoch 206000 (4.1%): Train pred MSE = 2.218864e-07, Test pred MSE = 1.836314e-03, Param MSE = 1.837579e-02, Grad norm = 3.235966e-06, Beta update rate = 8.266443e-07
Epoch 206200 (4.1%): Train pred MSE = 2.208419e-07, Test pred MSE = 1.836289e-03, Param MSE = 1.837552e-02, Grad norm = 3.227793e-06, Beta update rate = 8.244288e-07
Epoch 206400 (4.1%): Train pred MSE = 2.198027e-07, Test pred MSE = 1.836264e-03, Param MSE = 1.837525e-02, Grad norm = 3.219645e-06, Beta update rate = 8.222202e-07
Epoch 206600 (4.1%): Train pred MSE = 2.187687e-07, Test pred MSE = 1.836240e-03, Param MSE = 1.837499e-02, Grad norm = 3.211521e-06, Beta update rate = 8.200186e-07
Epoch 206800 (4.1%): Train pred MSE = 2.177400e-07, Test pred MSE = 1.836215e-03, Param MSE = 1.837473e-02, Grad norm = 3.203420e-06, Beta update rate = 8.178240e-07
Epoch 207000 (4.1%): Train pred MSE = 2.167164e-07, Test pred MSE = 1.836191e-03, Param MSE = 1.837446e-02, Grad norm = 3.195344e-06, Beta update rate = 8.156362e-07
Epoch 207200 (4.1%): Train pred MSE = 2.156980e-07, Test pred MSE = 1.836166e-03, Param MSE = 1.837420e-02, Grad norm = 3.187291e-06, Beta update rate = 8.134554e-07
Epoch 207400 (4.1%): Train pred MSE = 2.146847e-07, Test pred MSE = 1.836142e-03, Param MSE = 1.837394e-02, Grad norm = 3.179263e-06, Beta update rate = 8.112814e-07
Epoch 207600 (4.2%): Train pred MSE = 2.136764e-07, Test pred MSE = 1.836118e-03, Param MSE = 1.837368e-02, Grad norm = 3.171258e-06, Beta update rate = 8.091143e-07
Epoch 207800 (4.2%): Train pred MSE = 2.126733e-07, Test pred MSE = 1.836094e-03, Param MSE = 1.837342e-02, Grad norm = 3.163276e-06, Beta update rate = 8.069540e-07
Epoch 208000 (4.2%): Train pred MSE = 2.116752e-07, Test pred MSE = 1.836069e-03, Param MSE = 1.837316e-02, Grad norm = 3.155318e-06, Beta update rate = 8.048005e-07
Epoch 208200 (4.2%): Train pred MSE = 2.106821e-07, Test pred MSE = 1.836046e-03, Param MSE = 1.837291e-02, Grad norm = 3.147384e-06, Beta update rate = 8.026537e-07
Epoch 208400 (4.2%): Train pred MSE = 2.096940e-07, Test pred MSE = 1.836022e-03, Param MSE = 1.837265e-02, Grad norm = 3.139473e-06, Beta update rate = 8.005137e-07
Epoch 208600 (4.2%): Train pred MSE = 2.087109e-07, Test pred MSE = 1.835998e-03, Param MSE = 1.837239e-02, Grad norm = 3.131585e-06, Beta update rate = 7.983804e-07
Epoch 208800 (4.2%): Train pred MSE = 2.077327e-07, Test pred MSE = 1.835974e-03, Param MSE = 1.837214e-02, Grad norm = 3.123720e-06, Beta update rate = 7.962538e-07
Epoch 209000 (4.2%): Train pred MSE = 2.067594e-07, Test pred MSE = 1.835951e-03, Param MSE = 1.837189e-02, Grad norm = 3.115878e-06, Beta update rate = 7.941338e-07
Epoch 209200 (4.2%): Train pred MSE = 2.057910e-07, Test pred MSE = 1.835927e-03, Param MSE = 1.837163e-02, Grad norm = 3.108060e-06, Beta update rate = 7.920205e-07
Epoch 209400 (4.2%): Train pred MSE = 2.048274e-07, Test pred MSE = 1.835904e-03, Param MSE = 1.837138e-02, Grad norm = 3.100264e-06, Beta update rate = 7.899137e-07
Epoch 209600 (4.2%): Train pred MSE = 2.038687e-07, Test pred MSE = 1.835880e-03, Param MSE = 1.837113e-02, Grad norm = 3.092491e-06, Beta update rate = 7.878136e-07
Epoch 209800 (4.2%): Train pred MSE = 2.029147e-07, Test pred MSE = 1.835857e-03, Param MSE = 1.837088e-02, Grad norm = 3.084741e-06, Beta update rate = 7.857200e-07
Epoch 210000 (4.2%): Train pred MSE = 2.019656e-07, Test pred MSE = 1.835834e-03, Param MSE = 1.837063e-02, Grad norm = 3.077014e-06, Beta update rate = 7.836330e-07
Epoch 210200 (4.2%): Train pred MSE = 2.010212e-07, Test pred MSE = 1.835811e-03, Param MSE = 1.837038e-02, Grad norm = 3.069309e-06, Beta update rate = 7.815524e-07
Epoch 210400 (4.2%): Train pred MSE = 2.000815e-07, Test pred MSE = 1.835788e-03, Param MSE = 1.837014e-02, Grad norm = 3.061627e-06, Beta update rate = 7.794784e-07
Epoch 210600 (4.2%): Train pred MSE = 1.991465e-07, Test pred MSE = 1.835765e-03, Param MSE = 1.836989e-02, Grad norm = 3.053967e-06, Beta update rate = 7.774108e-07
Epoch 210800 (4.2%): Train pred MSE = 1.982162e-07, Test pred MSE = 1.835742e-03, Param MSE = 1.836964e-02, Grad norm = 3.046330e-06, Beta update rate = 7.753496e-07
Epoch 211000 (4.2%): Train pred MSE = 1.972905e-07, Test pred MSE = 1.835719e-03, Param MSE = 1.836940e-02, Grad norm = 3.038715e-06, Beta update rate = 7.732949e-07
Epoch 211200 (4.2%): Train pred MSE = 1.963694e-07, Test pred MSE = 1.835697e-03, Param MSE = 1.836916e-02, Grad norm = 3.031122e-06, Beta update rate = 7.712465e-07
Epoch 211400 (4.2%): Train pred MSE = 1.954530e-07, Test pred MSE = 1.835674e-03, Param MSE = 1.836891e-02, Grad norm = 3.023551e-06, Beta update rate = 7.692045e-07
Epoch 211600 (4.2%): Train pred MSE = 1.945411e-07, Test pred MSE = 1.835651e-03, Param MSE = 1.836867e-02, Grad norm = 3.016002e-06, Beta update rate = 7.671689e-07
Epoch 211800 (4.2%): Train pred MSE = 1.936337e-07, Test pred MSE = 1.835629e-03, Param MSE = 1.836843e-02, Grad norm = 3.008475e-06, Beta update rate = 7.651396e-07
Epoch 212000 (4.2%): Train pred MSE = 1.927309e-07, Test pred MSE = 1.835607e-03, Param MSE = 1.836819e-02, Grad norm = 3.000971e-06, Beta update rate = 7.631165e-07
Epoch 212200 (4.2%): Train pred MSE = 1.918326e-07, Test pred MSE = 1.835585e-03, Param MSE = 1.836795e-02, Grad norm = 2.993488e-06, Beta update rate = 7.610997e-07
Epoch 212400 (4.2%): Train pred MSE = 1.909388e-07, Test pred MSE = 1.835562e-03, Param MSE = 1.836771e-02, Grad norm = 2.986026e-06, Beta update rate = 7.590892e-07
Epoch 212600 (4.3%): Train pred MSE = 1.900494e-07, Test pred MSE = 1.835540e-03, Param MSE = 1.836747e-02, Grad norm = 2.978587e-06, Beta update rate = 7.570849e-07
Epoch 212800 (4.3%): Train pred MSE = 1.891644e-07, Test pred MSE = 1.835518e-03, Param MSE = 1.836724e-02, Grad norm = 2.971168e-06, Beta update rate = 7.550868e-07
Epoch 213000 (4.3%): Train pred MSE = 1.882838e-07, Test pred MSE = 1.835496e-03, Param MSE = 1.836700e-02, Grad norm = 2.963772e-06, Beta update rate = 7.530949e-07
Epoch 213200 (4.3%): Train pred MSE = 1.874076e-07, Test pred MSE = 1.835474e-03, Param MSE = 1.836677e-02, Grad norm = 2.956397e-06, Beta update rate = 7.511091e-07
Epoch 213400 (4.3%): Train pred MSE = 1.865358e-07, Test pred MSE = 1.835453e-03, Param MSE = 1.836653e-02, Grad norm = 2.949043e-06, Beta update rate = 7.491295e-07
Epoch 213600 (4.3%): Train pred MSE = 1.856683e-07, Test pred MSE = 1.835431e-03, Param MSE = 1.836630e-02, Grad norm = 2.941710e-06, Beta update rate = 7.471559e-07
Epoch 213800 (4.3%): Train pred MSE = 1.848051e-07, Test pred MSE = 1.835409e-03, Param MSE = 1.836607e-02, Grad norm = 2.934399e-06, Beta update rate = 7.451885e-07
Epoch 214000 (4.3%): Train pred MSE = 1.839462e-07, Test pred MSE = 1.835388e-03, Param MSE = 1.836583e-02, Grad norm = 2.927109e-06, Beta update rate = 7.432271e-07
Epoch 214200 (4.3%): Train pred MSE = 1.830915e-07, Test pred MSE = 1.835366e-03, Param MSE = 1.836560e-02, Grad norm = 2.919840e-06, Beta update rate = 7.412718e-07
Epoch 214400 (4.3%): Train pred MSE = 1.822411e-07, Test pred MSE = 1.835345e-03, Param MSE = 1.836537e-02, Grad norm = 2.912592e-06, Beta update rate = 7.393224e-07
Epoch 214600 (4.3%): Train pred MSE = 1.813949e-07, Test pred MSE = 1.835324e-03, Param MSE = 1.836514e-02, Grad norm = 2.905365e-06, Beta update rate = 7.373791e-07
Epoch 214800 (4.3%): Train pred MSE = 1.805529e-07, Test pred MSE = 1.835303e-03, Param MSE = 1.836491e-02, Grad norm = 2.898158e-06, Beta update rate = 7.354417e-07
Epoch 215000 (4.3%): Train pred MSE = 1.797151e-07, Test pred MSE = 1.835281e-03, Param MSE = 1.836469e-02, Grad norm = 2.890973e-06, Beta update rate = 7.335103e-07
Epoch 215200 (4.3%): Train pred MSE = 1.788814e-07, Test pred MSE = 1.835260e-03, Param MSE = 1.836446e-02, Grad norm = 2.883808e-06, Beta update rate = 7.315848e-07
Epoch 215400 (4.3%): Train pred MSE = 1.780518e-07, Test pred MSE = 1.835239e-03, Param MSE = 1.836423e-02, Grad norm = 2.876663e-06, Beta update rate = 7.296653e-07
Epoch 215600 (4.3%): Train pred MSE = 1.772264e-07, Test pred MSE = 1.835219e-03, Param MSE = 1.836401e-02, Grad norm = 2.869540e-06, Beta update rate = 7.277516e-07
Epoch 215800 (4.3%): Train pred MSE = 1.764050e-07, Test pred MSE = 1.835198e-03, Param MSE = 1.836378e-02, Grad norm = 2.862436e-06, Beta update rate = 7.258437e-07
Epoch 216000 (4.3%): Train pred MSE = 1.755877e-07, Test pred MSE = 1.835177e-03, Param MSE = 1.836356e-02, Grad norm = 2.855354e-06, Beta update rate = 7.239417e-07
Epoch 216200 (4.3%): Train pred MSE = 1.747744e-07, Test pred MSE = 1.835156e-03, Param MSE = 1.836334e-02, Grad norm = 2.848291e-06, Beta update rate = 7.220456e-07
Epoch 216400 (4.3%): Train pred MSE = 1.739651e-07, Test pred MSE = 1.835136e-03, Param MSE = 1.836311e-02, Grad norm = 2.841249e-06, Beta update rate = 7.201552e-07
Epoch 216600 (4.3%): Train pred MSE = 1.731599e-07, Test pred MSE = 1.835115e-03, Param MSE = 1.836289e-02, Grad norm = 2.834227e-06, Beta update rate = 7.182706e-07
Epoch 216800 (4.3%): Train pred MSE = 1.723586e-07, Test pred MSE = 1.835095e-03, Param MSE = 1.836267e-02, Grad norm = 2.827225e-06, Beta update rate = 7.163918e-07
Epoch 217000 (4.3%): Train pred MSE = 1.715613e-07, Test pred MSE = 1.835074e-03, Param MSE = 1.836245e-02, Grad norm = 2.820243e-06, Beta update rate = 7.145187e-07
Epoch 217200 (4.3%): Train pred MSE = 1.707679e-07, Test pred MSE = 1.835054e-03, Param MSE = 1.836223e-02, Grad norm = 2.813281e-06, Beta update rate = 7.126513e-07
Epoch 217400 (4.3%): Train pred MSE = 1.699784e-07, Test pred MSE = 1.835034e-03, Param MSE = 1.836201e-02, Grad norm = 2.806339e-06, Beta update rate = 7.107896e-07
Epoch 217600 (4.4%): Train pred MSE = 1.691928e-07, Test pred MSE = 1.835014e-03, Param MSE = 1.836180e-02, Grad norm = 2.799417e-06, Beta update rate = 7.089336e-07
Epoch 217800 (4.4%): Train pred MSE = 1.684111e-07, Test pred MSE = 1.834994e-03, Param MSE = 1.836158e-02, Grad norm = 2.792515e-06, Beta update rate = 7.070832e-07
Epoch 218000 (4.4%): Train pred MSE = 1.676332e-07, Test pred MSE = 1.834974e-03, Param MSE = 1.836136e-02, Grad norm = 2.785632e-06, Beta update rate = 7.052385e-07
Epoch 218200 (4.4%): Train pred MSE = 1.668591e-07, Test pred MSE = 1.834954e-03, Param MSE = 1.836115e-02, Grad norm = 2.778769e-06, Beta update rate = 7.033993e-07
Epoch 218400 (4.4%): Train pred MSE = 1.660889e-07, Test pred MSE = 1.834934e-03, Param MSE = 1.836093e-02, Grad norm = 2.771926e-06, Beta update rate = 7.015658e-07
Epoch 218600 (4.4%): Train pred MSE = 1.653224e-07, Test pred MSE = 1.834914e-03, Param MSE = 1.836072e-02, Grad norm = 2.765102e-06, Beta update rate = 6.997378e-07
Epoch 218800 (4.4%): Train pred MSE = 1.645597e-07, Test pred MSE = 1.834894e-03, Param MSE = 1.836051e-02, Grad norm = 2.758297e-06, Beta update rate = 6.979154e-07
Epoch 219000 (4.4%): Train pred MSE = 1.638008e-07, Test pred MSE = 1.834875e-03, Param MSE = 1.836029e-02, Grad norm = 2.751512e-06, Beta update rate = 6.960985e-07
Epoch 219200 (4.4%): Train pred MSE = 1.630456e-07, Test pred MSE = 1.834855e-03, Param MSE = 1.836008e-02, Grad norm = 2.744746e-06, Beta update rate = 6.942871e-07
Epoch 219400 (4.4%): Train pred MSE = 1.622941e-07, Test pred MSE = 1.834835e-03, Param MSE = 1.835987e-02, Grad norm = 2.738000e-06, Beta update rate = 6.924812e-07
Epoch 219600 (4.4%): Train pred MSE = 1.615463e-07, Test pred MSE = 1.834816e-03, Param MSE = 1.835966e-02, Grad norm = 2.731272e-06, Beta update rate = 6.906808e-07
Epoch 219800 (4.4%): Train pred MSE = 1.608022e-07, Test pred MSE = 1.834797e-03, Param MSE = 1.835945e-02, Grad norm = 2.724564e-06, Beta update rate = 6.888858e-07
Epoch 220000 (4.4%): Train pred MSE = 1.600617e-07, Test pred MSE = 1.834777e-03, Param MSE = 1.835924e-02, Grad norm = 2.717875e-06, Beta update rate = 6.870962e-07
Epoch 220200 (4.4%): Train pred MSE = 1.593248e-07, Test pred MSE = 1.834758e-03, Param MSE = 1.835904e-02, Grad norm = 2.711204e-06, Beta update rate = 6.853121e-07
Epoch 220400 (4.4%): Train pred MSE = 1.585916e-07, Test pred MSE = 1.834739e-03, Param MSE = 1.835883e-02, Grad norm = 2.704553e-06, Beta update rate = 6.835333e-07
Epoch 220600 (4.4%): Train pred MSE = 1.578619e-07, Test pred MSE = 1.834720e-03, Param MSE = 1.835862e-02, Grad norm = 2.697921e-06, Beta update rate = 6.817600e-07
Epoch 220800 (4.4%): Train pred MSE = 1.571358e-07, Test pred MSE = 1.834701e-03, Param MSE = 1.835842e-02, Grad norm = 2.691307e-06, Beta update rate = 6.799919e-07
Epoch 221000 (4.4%): Train pred MSE = 1.564133e-07, Test pred MSE = 1.834682e-03, Param MSE = 1.835821e-02, Grad norm = 2.684712e-06, Beta update rate = 6.782292e-07
Epoch 221200 (4.4%): Train pred MSE = 1.556943e-07, Test pred MSE = 1.834663e-03, Param MSE = 1.835801e-02, Grad norm = 2.678136e-06, Beta update rate = 6.764718e-07
Epoch 221400 (4.4%): Train pred MSE = 1.549788e-07, Test pred MSE = 1.834644e-03, Param MSE = 1.835780e-02, Grad norm = 2.671578e-06, Beta update rate = 6.747197e-07
Epoch 221600 (4.4%): Train pred MSE = 1.542669e-07, Test pred MSE = 1.834625e-03, Param MSE = 1.835760e-02, Grad norm = 2.665039e-06, Beta update rate = 6.729729e-07
Epoch 221800 (4.4%): Train pred MSE = 1.535584e-07, Test pred MSE = 1.834607e-03, Param MSE = 1.835740e-02, Grad norm = 2.658518e-06, Beta update rate = 6.712313e-07
Epoch 222000 (4.4%): Train pred MSE = 1.528533e-07, Test pred MSE = 1.834588e-03, Param MSE = 1.835720e-02, Grad norm = 2.652016e-06, Beta update rate = 6.694950e-07
Epoch 222200 (4.4%): Train pred MSE = 1.521518e-07, Test pred MSE = 1.834570e-03, Param MSE = 1.835700e-02, Grad norm = 2.645532e-06, Beta update rate = 6.677639e-07
Epoch 222400 (4.4%): Train pred MSE = 1.514536e-07, Test pred MSE = 1.834551e-03, Param MSE = 1.835680e-02, Grad norm = 2.639066e-06, Beta update rate = 6.660380e-07
Epoch 222600 (4.5%): Train pred MSE = 1.507588e-07, Test pred MSE = 1.834533e-03, Param MSE = 1.835660e-02, Grad norm = 2.632618e-06, Beta update rate = 6.643172e-07
Epoch 222800 (4.5%): Train pred MSE = 1.500675e-07, Test pred MSE = 1.834514e-03, Param MSE = 1.835640e-02, Grad norm = 2.626189e-06, Beta update rate = 6.626017e-07
Epoch 223000 (4.5%): Train pred MSE = 1.493795e-07, Test pred MSE = 1.834496e-03, Param MSE = 1.835620e-02, Grad norm = 2.619778e-06, Beta update rate = 6.608912e-07
Epoch 223200 (4.5%): Train pred MSE = 1.486949e-07, Test pred MSE = 1.834478e-03, Param MSE = 1.835600e-02, Grad norm = 2.613385e-06, Beta update rate = 6.591859e-07
Epoch 223400 (4.5%): Train pred MSE = 1.480136e-07, Test pred MSE = 1.834460e-03, Param MSE = 1.835580e-02, Grad norm = 2.607009e-06, Beta update rate = 6.574857e-07
Epoch 223600 (4.5%): Train pred MSE = 1.473356e-07, Test pred MSE = 1.834442e-03, Param MSE = 1.835561e-02, Grad norm = 2.600652e-06, Beta update rate = 6.557906e-07
Epoch 223800 (4.5%): Train pred MSE = 1.466609e-07, Test pred MSE = 1.834424e-03, Param MSE = 1.835541e-02, Grad norm = 2.594312e-06, Beta update rate = 6.541005e-07
Epoch 224000 (4.5%): Train pred MSE = 1.459895e-07, Test pred MSE = 1.834406e-03, Param MSE = 1.835522e-02, Grad norm = 2.587991e-06, Beta update rate = 6.524156e-07
Epoch 224200 (4.5%): Train pred MSE = 1.453214e-07, Test pred MSE = 1.834388e-03, Param MSE = 1.835502e-02, Grad norm = 2.581687e-06, Beta update rate = 6.507356e-07
Epoch 224400 (4.5%): Train pred MSE = 1.446565e-07, Test pred MSE = 1.834370e-03, Param MSE = 1.835483e-02, Grad norm = 2.575401e-06, Beta update rate = 6.490606e-07
Epoch 224600 (4.5%): Train pred MSE = 1.439949e-07, Test pred MSE = 1.834352e-03, Param MSE = 1.835464e-02, Grad norm = 2.569132e-06, Beta update rate = 6.473907e-07
Epoch 224800 (4.5%): Train pred MSE = 1.433364e-07, Test pred MSE = 1.834334e-03, Param MSE = 1.835445e-02, Grad norm = 2.562881e-06, Beta update rate = 6.457257e-07
Epoch 225000 (4.5%): Train pred MSE = 1.426812e-07, Test pred MSE = 1.834317e-03, Param MSE = 1.835426e-02, Grad norm = 2.556647e-06, Beta update rate = 6.440657e-07
Epoch 225200 (4.5%): Train pred MSE = 1.420292e-07, Test pred MSE = 1.834299e-03, Param MSE = 1.835406e-02, Grad norm = 2.550431e-06, Beta update rate = 6.424106e-07
Epoch 225400 (4.5%): Train pred MSE = 1.413803e-07, Test pred MSE = 1.834282e-03, Param MSE = 1.835387e-02, Grad norm = 2.544232e-06, Beta update rate = 6.407605e-07
Epoch 225600 (4.5%): Train pred MSE = 1.407346e-07, Test pred MSE = 1.834264e-03, Param MSE = 1.835368e-02, Grad norm = 2.538051e-06, Beta update rate = 6.391153e-07
Epoch 225800 (4.5%): Train pred MSE = 1.400920e-07, Test pred MSE = 1.834247e-03, Param MSE = 1.835350e-02, Grad norm = 2.531886e-06, Beta update rate = 6.374749e-07
Epoch 226000 (4.5%): Train pred MSE = 1.394525e-07, Test pred MSE = 1.834229e-03, Param MSE = 1.835331e-02, Grad norm = 2.525739e-06, Beta update rate = 6.358395e-07
Epoch 226200 (4.5%): Train pred MSE = 1.388161e-07, Test pred MSE = 1.834212e-03, Param MSE = 1.835312e-02, Grad norm = 2.519610e-06, Beta update rate = 6.342089e-07
Epoch 226400 (4.5%): Train pred MSE = 1.381828e-07, Test pred MSE = 1.834195e-03, Param MSE = 1.835293e-02, Grad norm = 2.513497e-06, Beta update rate = 6.325831e-07
Epoch 226600 (4.5%): Train pred MSE = 1.375526e-07, Test pred MSE = 1.834178e-03, Param MSE = 1.835275e-02, Grad norm = 2.507401e-06, Beta update rate = 6.309621e-07
Epoch 226800 (4.5%): Train pred MSE = 1.369254e-07, Test pred MSE = 1.834161e-03, Param MSE = 1.835256e-02, Grad norm = 2.501322e-06, Beta update rate = 6.293460e-07
Epoch 227000 (4.5%): Train pred MSE = 1.363013e-07, Test pred MSE = 1.834144e-03, Param MSE = 1.835238e-02, Grad norm = 2.495260e-06, Beta update rate = 6.277347e-07
Epoch 227200 (4.5%): Train pred MSE = 1.356802e-07, Test pred MSE = 1.834127e-03, Param MSE = 1.835219e-02, Grad norm = 2.489215e-06, Beta update rate = 6.261281e-07
Epoch 227400 (4.5%): Train pred MSE = 1.350621e-07, Test pred MSE = 1.834110e-03, Param MSE = 1.835201e-02, Grad norm = 2.483187e-06, Beta update rate = 6.245263e-07
Epoch 227600 (4.6%): Train pred MSE = 1.344469e-07, Test pred MSE = 1.834093e-03, Param MSE = 1.835183e-02, Grad norm = 2.477176e-06, Beta update rate = 6.229292e-07
Epoch 227800 (4.6%): Train pred MSE = 1.338348e-07, Test pred MSE = 1.834076e-03, Param MSE = 1.835164e-02, Grad norm = 2.471181e-06, Beta update rate = 6.213368e-07
Epoch 228000 (4.6%): Train pred MSE = 1.332256e-07, Test pred MSE = 1.834059e-03, Param MSE = 1.835146e-02, Grad norm = 2.465203e-06, Beta update rate = 6.197491e-07
Epoch 228200 (4.6%): Train pred MSE = 1.326194e-07, Test pred MSE = 1.834043e-03, Param MSE = 1.835128e-02, Grad norm = 2.459241e-06, Beta update rate = 6.181662e-07
Epoch 228400 (4.6%): Train pred MSE = 1.320161e-07, Test pred MSE = 1.834026e-03, Param MSE = 1.835110e-02, Grad norm = 2.453296e-06, Beta update rate = 6.165879e-07
Epoch 228600 (4.6%): Train pred MSE = 1.314157e-07, Test pred MSE = 1.834009e-03, Param MSE = 1.835092e-02, Grad norm = 2.447368e-06, Beta update rate = 6.150142e-07
Epoch 228800 (4.6%): Train pred MSE = 1.308182e-07, Test pred MSE = 1.833993e-03, Param MSE = 1.835074e-02, Grad norm = 2.441456e-06, Beta update rate = 6.134452e-07
Epoch 229000 (4.6%): Train pred MSE = 1.302235e-07, Test pred MSE = 1.833977e-03, Param MSE = 1.835056e-02, Grad norm = 2.435560e-06, Beta update rate = 6.118808e-07
Epoch 229200 (4.6%): Train pred MSE = 1.296318e-07, Test pred MSE = 1.833960e-03, Param MSE = 1.835038e-02, Grad norm = 2.429681e-06, Beta update rate = 6.103211e-07
Epoch 229400 (4.6%): Train pred MSE = 1.290429e-07, Test pred MSE = 1.833944e-03, Param MSE = 1.835021e-02, Grad norm = 2.423818e-06, Beta update rate = 6.087659e-07
Epoch 229600 (4.6%): Train pred MSE = 1.284568e-07, Test pred MSE = 1.833928e-03, Param MSE = 1.835003e-02, Grad norm = 2.417971e-06, Beta update rate = 6.072153e-07
Epoch 229800 (4.6%): Train pred MSE = 1.278736e-07, Test pred MSE = 1.833911e-03, Param MSE = 1.834985e-02, Grad norm = 2.412140e-06, Beta update rate = 6.056692e-07
Epoch 230000 (4.6%): Train pred MSE = 1.272931e-07, Test pred MSE = 1.833895e-03, Param MSE = 1.834968e-02, Grad norm = 2.406325e-06, Beta update rate = 6.041277e-07
Epoch 230200 (4.6%): Train pred MSE = 1.267155e-07, Test pred MSE = 1.833879e-03, Param MSE = 1.834950e-02, Grad norm = 2.400527e-06, Beta update rate = 6.025907e-07
Epoch 230400 (4.6%): Train pred MSE = 1.261407e-07, Test pred MSE = 1.833863e-03, Param MSE = 1.834933e-02, Grad norm = 2.394744e-06, Beta update rate = 6.010582e-07
Epoch 230600 (4.6%): Train pred MSE = 1.255686e-07, Test pred MSE = 1.833847e-03, Param MSE = 1.834915e-02, Grad norm = 2.388977e-06, Beta update rate = 5.995303e-07
Epoch 230800 (4.6%): Train pred MSE = 1.249992e-07, Test pred MSE = 1.833831e-03, Param MSE = 1.834898e-02, Grad norm = 2.383226e-06, Beta update rate = 5.980068e-07
Epoch 231000 (4.6%): Train pred MSE = 1.244326e-07, Test pred MSE = 1.833815e-03, Param MSE = 1.834881e-02, Grad norm = 2.377491e-06, Beta update rate = 5.964877e-07
Epoch 231200 (4.6%): Train pred MSE = 1.238688e-07, Test pred MSE = 1.833799e-03, Param MSE = 1.834863e-02, Grad norm = 2.371772e-06, Beta update rate = 5.949732e-07
Epoch 231400 (4.6%): Train pred MSE = 1.233076e-07, Test pred MSE = 1.833784e-03, Param MSE = 1.834846e-02, Grad norm = 2.366069e-06, Beta update rate = 5.934630e-07
Epoch 231600 (4.6%): Train pred MSE = 1.227491e-07, Test pred MSE = 1.833768e-03, Param MSE = 1.834829e-02, Grad norm = 2.360381e-06, Beta update rate = 5.919573e-07
Epoch 231800 (4.6%): Train pred MSE = 1.221933e-07, Test pred MSE = 1.833752e-03, Param MSE = 1.834812e-02, Grad norm = 2.354709e-06, Beta update rate = 5.904559e-07
Epoch 232000 (4.6%): Train pred MSE = 1.216402e-07, Test pred MSE = 1.833737e-03, Param MSE = 1.834795e-02, Grad norm = 2.349052e-06, Beta update rate = 5.889590e-07
Epoch 232200 (4.6%): Train pred MSE = 1.210897e-07, Test pred MSE = 1.833721e-03, Param MSE = 1.834778e-02, Grad norm = 2.343411e-06, Beta update rate = 5.874664e-07
Epoch 232400 (4.6%): Train pred MSE = 1.205419e-07, Test pred MSE = 1.833706e-03, Param MSE = 1.834761e-02, Grad norm = 2.337786e-06, Beta update rate = 5.859782e-07
Epoch 232600 (4.7%): Train pred MSE = 1.199967e-07, Test pred MSE = 1.833690e-03, Param MSE = 1.834745e-02, Grad norm = 2.332176e-06, Beta update rate = 5.844943e-07
Epoch 232800 (4.7%): Train pred MSE = 1.194541e-07, Test pred MSE = 1.833675e-03, Param MSE = 1.834728e-02, Grad norm = 2.326581e-06, Beta update rate = 5.830148e-07
Epoch 233000 (4.7%): Train pred MSE = 1.189141e-07, Test pred MSE = 1.833659e-03, Param MSE = 1.834711e-02, Grad norm = 2.321002e-06, Beta update rate = 5.815395e-07
Epoch 233200 (4.7%): Train pred MSE = 1.183767e-07, Test pred MSE = 1.833644e-03, Param MSE = 1.834694e-02, Grad norm = 2.315437e-06, Beta update rate = 5.800686e-07
Epoch 233400 (4.7%): Train pred MSE = 1.178419e-07, Test pred MSE = 1.833629e-03, Param MSE = 1.834678e-02, Grad norm = 2.309889e-06, Beta update rate = 5.786019e-07
Epoch 233600 (4.7%): Train pred MSE = 1.173096e-07, Test pred MSE = 1.833614e-03, Param MSE = 1.834661e-02, Grad norm = 2.304355e-06, Beta update rate = 5.771395e-07
Epoch 233800 (4.7%): Train pred MSE = 1.167799e-07, Test pred MSE = 1.833599e-03, Param MSE = 1.834645e-02, Grad norm = 2.298836e-06, Beta update rate = 5.756814e-07
Epoch 234000 (4.7%): Train pred MSE = 1.162527e-07, Test pred MSE = 1.833584e-03, Param MSE = 1.834628e-02, Grad norm = 2.293333e-06, Beta update rate = 5.742275e-07
Epoch 234200 (4.7%): Train pred MSE = 1.157280e-07, Test pred MSE = 1.833569e-03, Param MSE = 1.834612e-02, Grad norm = 2.287844e-06, Beta update rate = 5.727778e-07
Epoch 234400 (4.7%): Train pred MSE = 1.152059e-07, Test pred MSE = 1.833554e-03, Param MSE = 1.834596e-02, Grad norm = 2.282371e-06, Beta update rate = 5.713323e-07
Epoch 234600 (4.7%): Train pred MSE = 1.146862e-07, Test pred MSE = 1.833539e-03, Param MSE = 1.834579e-02, Grad norm = 2.276912e-06, Beta update rate = 5.698911e-07
Epoch 234800 (4.7%): Train pred MSE = 1.141690e-07, Test pred MSE = 1.833524e-03, Param MSE = 1.834563e-02, Grad norm = 2.271469e-06, Beta update rate = 5.684540e-07
Epoch 235000 (4.7%): Train pred MSE = 1.136543e-07, Test pred MSE = 1.833509e-03, Param MSE = 1.834547e-02, Grad norm = 2.266040e-06, Beta update rate = 5.670210e-07
Epoch 235200 (4.7%): Train pred MSE = 1.131420e-07, Test pred MSE = 1.833494e-03, Param MSE = 1.834531e-02, Grad norm = 2.260626e-06, Beta update rate = 5.655923e-07
Epoch 235400 (4.7%): Train pred MSE = 1.126322e-07, Test pred MSE = 1.833480e-03, Param MSE = 1.834515e-02, Grad norm = 2.255226e-06, Beta update rate = 5.641676e-07
Epoch 235600 (4.7%): Train pred MSE = 1.121248e-07, Test pred MSE = 1.833465e-03, Param MSE = 1.834499e-02, Grad norm = 2.249842e-06, Beta update rate = 5.627471e-07
Epoch 235800 (4.7%): Train pred MSE = 1.116199e-07, Test pred MSE = 1.833450e-03, Param MSE = 1.834483e-02, Grad norm = 2.244472e-06, Beta update rate = 5.613307e-07
Epoch 236000 (4.7%): Train pred MSE = 1.111173e-07, Test pred MSE = 1.833436e-03, Param MSE = 1.834467e-02, Grad norm = 2.239117e-06, Beta update rate = 5.599184e-07
Epoch 236200 (4.7%): Train pred MSE = 1.106172e-07, Test pred MSE = 1.833421e-03, Param MSE = 1.834451e-02, Grad norm = 2.233776e-06, Beta update rate = 5.585101e-07
Epoch 236400 (4.7%): Train pred MSE = 1.101194e-07, Test pred MSE = 1.833407e-03, Param MSE = 1.834435e-02, Grad norm = 2.228450e-06, Beta update rate = 5.571060e-07
Epoch 236600 (4.7%): Train pred MSE = 1.096240e-07, Test pred MSE = 1.833392e-03, Param MSE = 1.834420e-02, Grad norm = 2.223138e-06, Beta update rate = 5.557058e-07
Epoch 236800 (4.7%): Train pred MSE = 1.091309e-07, Test pred MSE = 1.833378e-03, Param MSE = 1.834404e-02, Grad norm = 2.217840e-06, Beta update rate = 5.543098e-07
Epoch 237000 (4.7%): Train pred MSE = 1.086402e-07, Test pred MSE = 1.833364e-03, Param MSE = 1.834388e-02, Grad norm = 2.212557e-06, Beta update rate = 5.529177e-07
Epoch 237200 (4.7%): Train pred MSE = 1.081519e-07, Test pred MSE = 1.833349e-03, Param MSE = 1.834373e-02, Grad norm = 2.207289e-06, Beta update rate = 5.515297e-07
Epoch 237400 (4.7%): Train pred MSE = 1.076658e-07, Test pred MSE = 1.833335e-03, Param MSE = 1.834357e-02, Grad norm = 2.202034e-06, Beta update rate = 5.501456e-07
Epoch 237600 (4.8%): Train pred MSE = 1.071821e-07, Test pred MSE = 1.833321e-03, Param MSE = 1.834342e-02, Grad norm = 2.196794e-06, Beta update rate = 5.487656e-07
Epoch 237800 (4.8%): Train pred MSE = 1.067007e-07, Test pred MSE = 1.833307e-03, Param MSE = 1.834326e-02, Grad norm = 2.191568e-06, Beta update rate = 5.473895e-07
Epoch 238000 (4.8%): Train pred MSE = 1.062215e-07, Test pred MSE = 1.833293e-03, Param MSE = 1.834311e-02, Grad norm = 2.186356e-06, Beta update rate = 5.460174e-07
Epoch 238200 (4.8%): Train pred MSE = 1.057446e-07, Test pred MSE = 1.833279e-03, Param MSE = 1.834296e-02, Grad norm = 2.181158e-06, Beta update rate = 5.446492e-07
Epoch 238400 (4.8%): Train pred MSE = 1.052700e-07, Test pred MSE = 1.833265e-03, Param MSE = 1.834280e-02, Grad norm = 2.175975e-06, Beta update rate = 5.432849e-07
Epoch 238600 (4.8%): Train pred MSE = 1.047977e-07, Test pred MSE = 1.833251e-03, Param MSE = 1.834265e-02, Grad norm = 2.170805e-06, Beta update rate = 5.419246e-07
Epoch 238800 (4.8%): Train pred MSE = 1.043276e-07, Test pred MSE = 1.833237e-03, Param MSE = 1.834250e-02, Grad norm = 2.165649e-06, Beta update rate = 5.405681e-07
Epoch 239000 (4.8%): Train pred MSE = 1.038597e-07, Test pred MSE = 1.833223e-03, Param MSE = 1.834235e-02, Grad norm = 2.160507e-06, Beta update rate = 5.392156e-07
Epoch 239200 (4.8%): Train pred MSE = 1.033940e-07, Test pred MSE = 1.833209e-03, Param MSE = 1.834220e-02, Grad norm = 2.155379e-06, Beta update rate = 5.378669e-07
Epoch 239400 (4.8%): Train pred MSE = 1.029306e-07, Test pred MSE = 1.833196e-03, Param MSE = 1.834205e-02, Grad norm = 2.150265e-06, Beta update rate = 5.365221e-07
Epoch 239600 (4.8%): Train pred MSE = 1.024693e-07, Test pred MSE = 1.833182e-03, Param MSE = 1.834190e-02, Grad norm = 2.145165e-06, Beta update rate = 5.351812e-07
Epoch 239800 (4.8%): Train pred MSE = 1.020102e-07, Test pred MSE = 1.833168e-03, Param MSE = 1.834175e-02, Grad norm = 2.140078e-06, Beta update rate = 5.338441e-07
Epoch 240000 (4.8%): Train pred MSE = 1.015533e-07, Test pred MSE = 1.833155e-03, Param MSE = 1.834160e-02, Grad norm = 2.135005e-06, Beta update rate = 5.325108e-07
Epoch 240200 (4.8%): Train pred MSE = 1.010986e-07, Test pred MSE = 1.833141e-03, Param MSE = 1.834145e-02, Grad norm = 2.129946e-06, Beta update rate = 5.311813e-07
Epoch 240400 (4.8%): Train pred MSE = 1.006460e-07, Test pred MSE = 1.833128e-03, Param MSE = 1.834131e-02, Grad norm = 2.124900e-06, Beta update rate = 5.298556e-07
Epoch 240600 (4.8%): Train pred MSE = 1.001956e-07, Test pred MSE = 1.833114e-03, Param MSE = 1.834116e-02, Grad norm = 2.119868e-06, Beta update rate = 5.285337e-07
Epoch 240800 (4.8%): Train pred MSE = 9.974725e-08, Test pred MSE = 1.833101e-03, Param MSE = 1.834101e-02, Grad norm = 2.114850e-06, Beta update rate = 5.272156e-07
Epoch 241000 (4.8%): Train pred MSE = 9.930106e-08, Test pred MSE = 1.833088e-03, Param MSE = 1.834087e-02, Grad norm = 2.109845e-06, Beta update rate = 5.259013e-07
Epoch 241200 (4.8%): Train pred MSE = 9.885697e-08, Test pred MSE = 1.833074e-03, Param MSE = 1.834072e-02, Grad norm = 2.104853e-06, Beta update rate = 5.245907e-07
Epoch 241400 (4.8%): Train pred MSE = 9.841499e-08, Test pred MSE = 1.833061e-03, Param MSE = 1.834057e-02, Grad norm = 2.099875e-06, Beta update rate = 5.232838e-07
Epoch 241600 (4.8%): Train pred MSE = 9.797509e-08, Test pred MSE = 1.833048e-03, Param MSE = 1.834043e-02, Grad norm = 2.094910e-06, Beta update rate = 5.219807e-07
Epoch 241800 (4.8%): Train pred MSE = 9.753727e-08, Test pred MSE = 1.833035e-03, Param MSE = 1.834029e-02, Grad norm = 2.089958e-06, Beta update rate = 5.206812e-07
Epoch 242000 (4.8%): Train pred MSE = 9.710152e-08, Test pred MSE = 1.833021e-03, Param MSE = 1.834014e-02, Grad norm = 2.085020e-06, Beta update rate = 5.193855e-07
Epoch 242200 (4.8%): Train pred MSE = 9.666782e-08, Test pred MSE = 1.833008e-03, Param MSE = 1.834000e-02, Grad norm = 2.080095e-06, Beta update rate = 5.180934e-07
Epoch 242400 (4.8%): Train pred MSE = 9.623617e-08, Test pred MSE = 1.832995e-03, Param MSE = 1.833985e-02, Grad norm = 2.075183e-06, Beta update rate = 5.168051e-07
Epoch 242600 (4.9%): Train pred MSE = 9.580656e-08, Test pred MSE = 1.832982e-03, Param MSE = 1.833971e-02, Grad norm = 2.070284e-06, Beta update rate = 5.155204e-07
Epoch 242800 (4.9%): Train pred MSE = 9.537897e-08, Test pred MSE = 1.832969e-03, Param MSE = 1.833957e-02, Grad norm = 2.065399e-06, Beta update rate = 5.142393e-07
Epoch 243000 (4.9%): Train pred MSE = 9.495339e-08, Test pred MSE = 1.832956e-03, Param MSE = 1.833943e-02, Grad norm = 2.060526e-06, Beta update rate = 5.129619e-07
Epoch 243200 (4.9%): Train pred MSE = 9.452983e-08, Test pred MSE = 1.832944e-03, Param MSE = 1.833929e-02, Grad norm = 2.055667e-06, Beta update rate = 5.116881e-07
Epoch 243400 (4.9%): Train pred MSE = 9.410825e-08, Test pred MSE = 1.832931e-03, Param MSE = 1.833915e-02, Grad norm = 2.050820e-06, Beta update rate = 5.104179e-07
Epoch 243600 (4.9%): Train pred MSE = 9.368866e-08, Test pred MSE = 1.832918e-03, Param MSE = 1.833901e-02, Grad norm = 2.045987e-06, Beta update rate = 5.091513e-07
Epoch 243800 (4.9%): Train pred MSE = 9.327105e-08, Test pred MSE = 1.832905e-03, Param MSE = 1.833887e-02, Grad norm = 2.041166e-06, Beta update rate = 5.078883e-07
Epoch 244000 (4.9%): Train pred MSE = 9.285540e-08, Test pred MSE = 1.832892e-03, Param MSE = 1.833873e-02, Grad norm = 2.036358e-06, Beta update rate = 5.066289e-07
Epoch 244200 (4.9%): Train pred MSE = 9.244171e-08, Test pred MSE = 1.832880e-03, Param MSE = 1.833859e-02, Grad norm = 2.031563e-06, Beta update rate = 5.053731e-07
Epoch 244400 (4.9%): Train pred MSE = 9.202997e-08, Test pred MSE = 1.832867e-03, Param MSE = 1.833845e-02, Grad norm = 2.026781e-06, Beta update rate = 5.041208e-07
Epoch 244600 (4.9%): Train pred MSE = 9.162016e-08, Test pred MSE = 1.832855e-03, Param MSE = 1.833831e-02, Grad norm = 2.022011e-06, Beta update rate = 5.028720e-07
Epoch 244800 (4.9%): Train pred MSE = 9.121227e-08, Test pred MSE = 1.832842e-03, Param MSE = 1.833818e-02, Grad norm = 2.017254e-06, Beta update rate = 5.016268e-07
Epoch 245000 (4.9%): Train pred MSE = 9.080630e-08, Test pred MSE = 1.832830e-03, Param MSE = 1.833804e-02, Grad norm = 2.012510e-06, Beta update rate = 5.003851e-07
Epoch 245200 (4.9%): Train pred MSE = 9.040224e-08, Test pred MSE = 1.832817e-03, Param MSE = 1.833790e-02, Grad norm = 2.007779e-06, Beta update rate = 4.991469e-07
Epoch 245400 (4.9%): Train pred MSE = 9.000008e-08, Test pred MSE = 1.832805e-03, Param MSE = 1.833777e-02, Grad norm = 2.003060e-06, Beta update rate = 4.979122e-07
Epoch 245600 (4.9%): Train pred MSE = 8.959980e-08, Test pred MSE = 1.832792e-03, Param MSE = 1.833763e-02, Grad norm = 1.998353e-06, Beta update rate = 4.966809e-07
Epoch 245800 (4.9%): Train pred MSE = 8.920141e-08, Test pred MSE = 1.832780e-03, Param MSE = 1.833750e-02, Grad norm = 1.993660e-06, Beta update rate = 4.954532e-07
Epoch 246000 (4.9%): Train pred MSE = 8.880488e-08, Test pred MSE = 1.832768e-03, Param MSE = 1.833736e-02, Grad norm = 1.988978e-06, Beta update rate = 4.942289e-07
Epoch 246200 (4.9%): Train pred MSE = 8.841021e-08, Test pred MSE = 1.832756e-03, Param MSE = 1.833723e-02, Grad norm = 1.984309e-06, Beta update rate = 4.930081e-07
Epoch 246400 (4.9%): Train pred MSE = 8.801739e-08, Test pred MSE = 1.832743e-03, Param MSE = 1.833709e-02, Grad norm = 1.979652e-06, Beta update rate = 4.917907e-07
Epoch 246600 (4.9%): Train pred MSE = 8.762642e-08, Test pred MSE = 1.832731e-03, Param MSE = 1.833696e-02, Grad norm = 1.975008e-06, Beta update rate = 4.905767e-07
Epoch 246800 (4.9%): Train pred MSE = 8.723727e-08, Test pred MSE = 1.832719e-03, Param MSE = 1.833683e-02, Grad norm = 1.970376e-06, Beta update rate = 4.893661e-07
Epoch 247000 (4.9%): Train pred MSE = 8.684995e-08, Test pred MSE = 1.832707e-03, Param MSE = 1.833669e-02, Grad norm = 1.965757e-06, Beta update rate = 4.881590e-07
Epoch 247200 (4.9%): Train pred MSE = 8.646444e-08, Test pred MSE = 1.832695e-03, Param MSE = 1.833656e-02, Grad norm = 1.961149e-06, Beta update rate = 4.869552e-07
Epoch 247400 (4.9%): Train pred MSE = 8.608074e-08, Test pred MSE = 1.832683e-03, Param MSE = 1.833643e-02, Grad norm = 1.956554e-06, Beta update rate = 4.857548e-07
Epoch 247600 (5.0%): Train pred MSE = 8.569883e-08, Test pred MSE = 1.832671e-03, Param MSE = 1.833630e-02, Grad norm = 1.951971e-06, Beta update rate = 4.845578e-07
Epoch 247800 (5.0%): Train pred MSE = 8.531871e-08, Test pred MSE = 1.832659e-03, Param MSE = 1.833617e-02, Grad norm = 1.947400e-06, Beta update rate = 4.833641e-07
Epoch 248000 (5.0%): Train pred MSE = 8.494037e-08, Test pred MSE = 1.832647e-03, Param MSE = 1.833604e-02, Grad norm = 1.942841e-06, Beta update rate = 4.821738e-07
Epoch 248200 (5.0%): Train pred MSE = 8.456380e-08, Test pred MSE = 1.832635e-03, Param MSE = 1.833591e-02, Grad norm = 1.938294e-06, Beta update rate = 4.809869e-07
Epoch 248400 (5.0%): Train pred MSE = 8.418898e-08, Test pred MSE = 1.832624e-03, Param MSE = 1.833578e-02, Grad norm = 1.933759e-06, Beta update rate = 4.798032e-07
Epoch 248600 (5.0%): Train pred MSE = 8.381592e-08, Test pred MSE = 1.832612e-03, Param MSE = 1.833565e-02, Grad norm = 1.929236e-06, Beta update rate = 4.786229e-07
Epoch 248800 (5.0%): Train pred MSE = 8.344460e-08, Test pred MSE = 1.832600e-03, Param MSE = 1.833552e-02, Grad norm = 1.924726e-06, Beta update rate = 4.774459e-07
Epoch 249000 (5.0%): Train pred MSE = 8.307502e-08, Test pred MSE = 1.832588e-03, Param MSE = 1.833539e-02, Grad norm = 1.920227e-06, Beta update rate = 4.762721e-07
Epoch 249200 (5.0%): Train pred MSE = 8.270716e-08, Test pred MSE = 1.832577e-03, Param MSE = 1.833526e-02, Grad norm = 1.915739e-06, Beta update rate = 4.751017e-07
Epoch 249400 (5.0%): Train pred MSE = 8.234102e-08, Test pred MSE = 1.832565e-03, Param MSE = 1.833514e-02, Grad norm = 1.911264e-06, Beta update rate = 4.739345e-07
Epoch 249600 (5.0%): Train pred MSE = 8.197658e-08, Test pred MSE = 1.832554e-03, Param MSE = 1.833501e-02, Grad norm = 1.906801e-06, Beta update rate = 4.727706e-07
Epoch 249800 (5.0%): Train pred MSE = 8.161385e-08, Test pred MSE = 1.832542e-03, Param MSE = 1.833488e-02, Grad norm = 1.902349e-06, Beta update rate = 4.716100e-07
Epoch 250000 (5.0%): Train pred MSE = 8.125281e-08, Test pred MSE = 1.832531e-03, Param MSE = 1.833476e-02, Grad norm = 1.897909e-06, Beta update rate = 4.704525e-07
Epoch 250200 (5.0%): Train pred MSE = 8.089345e-08, Test pred MSE = 1.832519e-03, Param MSE = 1.833463e-02, Grad norm = 1.893480e-06, Beta update rate = 4.692983e-07
Epoch 250400 (5.0%): Train pred MSE = 8.053576e-08, Test pred MSE = 1.832508e-03, Param MSE = 1.833450e-02, Grad norm = 1.889064e-06, Beta update rate = 4.681474e-07
Epoch 250600 (5.0%): Train pred MSE = 8.017975e-08, Test pred MSE = 1.832496e-03, Param MSE = 1.833438e-02, Grad norm = 1.884659e-06, Beta update rate = 4.669996e-07
Epoch 250800 (5.0%): Train pred MSE = 7.982539e-08, Test pred MSE = 1.832485e-03, Param MSE = 1.833425e-02, Grad norm = 1.880265e-06, Beta update rate = 4.658550e-07
Epoch 251000 (5.0%): Train pred MSE = 7.947268e-08, Test pred MSE = 1.832474e-03, Param MSE = 1.833413e-02, Grad norm = 1.875883e-06, Beta update rate = 4.647137e-07
Epoch 251200 (5.0%): Train pred MSE = 7.912161e-08, Test pred MSE = 1.832463e-03, Param MSE = 1.833401e-02, Grad norm = 1.871512e-06, Beta update rate = 4.635755e-07
Epoch 251400 (5.0%): Train pred MSE = 7.877217e-08, Test pred MSE = 1.832451e-03, Param MSE = 1.833388e-02, Grad norm = 1.867153e-06, Beta update rate = 4.624404e-07
Epoch 251600 (5.0%): Train pred MSE = 7.842436e-08, Test pred MSE = 1.832440e-03, Param MSE = 1.833376e-02, Grad norm = 1.862806e-06, Beta update rate = 4.613086e-07
Epoch 251800 (5.0%): Train pred MSE = 7.807817e-08, Test pred MSE = 1.832429e-03, Param MSE = 1.833364e-02, Grad norm = 1.858470e-06, Beta update rate = 4.601798e-07
Epoch 252000 (5.0%): Train pred MSE = 7.773359e-08, Test pred MSE = 1.832418e-03, Param MSE = 1.833351e-02, Grad norm = 1.854145e-06, Beta update rate = 4.590542e-07
Epoch 252200 (5.0%): Train pred MSE = 7.739061e-08, Test pred MSE = 1.832407e-03, Param MSE = 1.833339e-02, Grad norm = 1.849831e-06, Beta update rate = 4.579318e-07
Epoch 252400 (5.0%): Train pred MSE = 7.704923e-08, Test pred MSE = 1.832396e-03, Param MSE = 1.833327e-02, Grad norm = 1.845529e-06, Beta update rate = 4.568124e-07
Epoch 252600 (5.1%): Train pred MSE = 7.670943e-08, Test pred MSE = 1.832385e-03, Param MSE = 1.833315e-02, Grad norm = 1.841238e-06, Beta update rate = 4.556962e-07
Epoch 252800 (5.1%): Train pred MSE = 7.637120e-08, Test pred MSE = 1.832374e-03, Param MSE = 1.833303e-02, Grad norm = 1.836958e-06, Beta update rate = 4.545830e-07
Epoch 253000 (5.1%): Train pred MSE = 7.603455e-08, Test pred MSE = 1.832363e-03, Param MSE = 1.833291e-02, Grad norm = 1.832690e-06, Beta update rate = 4.534730e-07
Epoch 253200 (5.1%): Train pred MSE = 7.569946e-08, Test pred MSE = 1.832352e-03, Param MSE = 1.833279e-02, Grad norm = 1.828433e-06, Beta update rate = 4.523660e-07
Epoch 253400 (5.1%): Train pred MSE = 7.536593e-08, Test pred MSE = 1.832341e-03, Param MSE = 1.833267e-02, Grad norm = 1.824186e-06, Beta update rate = 4.512621e-07
Epoch 253600 (5.1%): Train pred MSE = 7.503394e-08, Test pred MSE = 1.832330e-03, Param MSE = 1.833255e-02, Grad norm = 1.819951e-06, Beta update rate = 4.501612e-07
Epoch 253800 (5.1%): Train pred MSE = 7.470349e-08, Test pred MSE = 1.832320e-03, Param MSE = 1.833243e-02, Grad norm = 1.815727e-06, Beta update rate = 4.490634e-07
Epoch 254000 (5.1%): Train pred MSE = 7.437458e-08, Test pred MSE = 1.832309e-03, Param MSE = 1.833231e-02, Grad norm = 1.811514e-06, Beta update rate = 4.479686e-07
Epoch 254200 (5.1%): Train pred MSE = 7.404718e-08, Test pred MSE = 1.832298e-03, Param MSE = 1.833220e-02, Grad norm = 1.807312e-06, Beta update rate = 4.468769e-07
Epoch 254400 (5.1%): Train pred MSE = 7.372131e-08, Test pred MSE = 1.832287e-03, Param MSE = 1.833208e-02, Grad norm = 1.803121e-06, Beta update rate = 4.457881e-07
Epoch 254600 (5.1%): Train pred MSE = 7.339694e-08, Test pred MSE = 1.832277e-03, Param MSE = 1.833196e-02, Grad norm = 1.798941e-06, Beta update rate = 4.447024e-07
Epoch 254800 (5.1%): Train pred MSE = 7.307408e-08, Test pred MSE = 1.832266e-03, Param MSE = 1.833184e-02, Grad norm = 1.794771e-06, Beta update rate = 4.436197e-07
Epoch 255000 (5.1%): Train pred MSE = 7.275271e-08, Test pred MSE = 1.832256e-03, Param MSE = 1.833173e-02, Grad norm = 1.790613e-06, Beta update rate = 4.425399e-07
Epoch 255200 (5.1%): Train pred MSE = 7.243283e-08, Test pred MSE = 1.832245e-03, Param MSE = 1.833161e-02, Grad norm = 1.786465e-06, Beta update rate = 4.414631e-07
Epoch 255400 (5.1%): Train pred MSE = 7.211443e-08, Test pred MSE = 1.832235e-03, Param MSE = 1.833149e-02, Grad norm = 1.782329e-06, Beta update rate = 4.403894e-07
Epoch 255600 (5.1%): Train pred MSE = 7.179750e-08, Test pred MSE = 1.832224e-03, Param MSE = 1.833138e-02, Grad norm = 1.778202e-06, Beta update rate = 4.393185e-07
Epoch 255800 (5.1%): Train pred MSE = 7.148204e-08, Test pred MSE = 1.832214e-03, Param MSE = 1.833126e-02, Grad norm = 1.774087e-06, Beta update rate = 4.382506e-07
Epoch 256000 (5.1%): Train pred MSE = 7.116803e-08, Test pred MSE = 1.832203e-03, Param MSE = 1.833115e-02, Grad norm = 1.769982e-06, Beta update rate = 4.371857e-07
Epoch 256200 (5.1%): Train pred MSE = 7.085548e-08, Test pred MSE = 1.832193e-03, Param MSE = 1.833104e-02, Grad norm = 1.765889e-06, Beta update rate = 4.361237e-07
Epoch 256400 (5.1%): Train pred MSE = 7.054437e-08, Test pred MSE = 1.832183e-03, Param MSE = 1.833092e-02, Grad norm = 1.761805e-06, Beta update rate = 4.350646e-07
Epoch 256600 (5.1%): Train pred MSE = 7.023470e-08, Test pred MSE = 1.832172e-03, Param MSE = 1.833081e-02, Grad norm = 1.757732e-06, Beta update rate = 4.340084e-07
Epoch 256800 (5.1%): Train pred MSE = 6.992645e-08, Test pred MSE = 1.832162e-03, Param MSE = 1.833069e-02, Grad norm = 1.753670e-06, Beta update rate = 4.329551e-07
Epoch 257000 (5.1%): Train pred MSE = 6.961963e-08, Test pred MSE = 1.832152e-03, Param MSE = 1.833058e-02, Grad norm = 1.749619e-06, Beta update rate = 4.319047e-07
Epoch 257200 (5.1%): Train pred MSE = 6.931423e-08, Test pred MSE = 1.832142e-03, Param MSE = 1.833047e-02, Grad norm = 1.745577e-06, Beta update rate = 4.308572e-07
Epoch 257400 (5.1%): Train pred MSE = 6.901023e-08, Test pred MSE = 1.832131e-03, Param MSE = 1.833036e-02, Grad norm = 1.741547e-06, Beta update rate = 4.298126e-07
Epoch 257600 (5.2%): Train pred MSE = 6.870764e-08, Test pred MSE = 1.832121e-03, Param MSE = 1.833024e-02, Grad norm = 1.737527e-06, Beta update rate = 4.287709e-07
Epoch 257800 (5.2%): Train pred MSE = 6.840644e-08, Test pred MSE = 1.832111e-03, Param MSE = 1.833013e-02, Grad norm = 1.733517e-06, Beta update rate = 4.277320e-07
Epoch 258000 (5.2%): Train pred MSE = 6.810663e-08, Test pred MSE = 1.832101e-03, Param MSE = 1.833002e-02, Grad norm = 1.729517e-06, Beta update rate = 4.266959e-07
Epoch 258200 (5.2%): Train pred MSE = 6.780820e-08, Test pred MSE = 1.832091e-03, Param MSE = 1.832991e-02, Grad norm = 1.725528e-06, Beta update rate = 4.256627e-07
Epoch 258400 (5.2%): Train pred MSE = 6.751115e-08, Test pred MSE = 1.832081e-03, Param MSE = 1.832980e-02, Grad norm = 1.721550e-06, Beta update rate = 4.246323e-07
Epoch 258600 (5.2%): Train pred MSE = 6.721546e-08, Test pred MSE = 1.832071e-03, Param MSE = 1.832969e-02, Grad norm = 1.717581e-06, Beta update rate = 4.236047e-07
Epoch 258800 (5.2%): Train pred MSE = 6.692114e-08, Test pred MSE = 1.832061e-03, Param MSE = 1.832958e-02, Grad norm = 1.713623e-06, Beta update rate = 4.225800e-07
Epoch 259000 (5.2%): Train pred MSE = 6.662817e-08, Test pred MSE = 1.832051e-03, Param MSE = 1.832947e-02, Grad norm = 1.709675e-06, Beta update rate = 4.215580e-07
Epoch 259200 (5.2%): Train pred MSE = 6.633655e-08, Test pred MSE = 1.832041e-03, Param MSE = 1.832936e-02, Grad norm = 1.705737e-06, Beta update rate = 4.205389e-07
Epoch 259400 (5.2%): Train pred MSE = 6.604627e-08, Test pred MSE = 1.832032e-03, Param MSE = 1.832925e-02, Grad norm = 1.701809e-06, Beta update rate = 4.195225e-07
Epoch 259600 (5.2%): Train pred MSE = 6.575733e-08, Test pred MSE = 1.832022e-03, Param MSE = 1.832915e-02, Grad norm = 1.697892e-06, Beta update rate = 4.185089e-07
Epoch 259800 (5.2%): Train pred MSE = 6.546971e-08, Test pred MSE = 1.832012e-03, Param MSE = 1.832904e-02, Grad norm = 1.693984e-06, Beta update rate = 4.174981e-07
Epoch 260000 (5.2%): Train pred MSE = 6.518342e-08, Test pred MSE = 1.832002e-03, Param MSE = 1.832893e-02, Grad norm = 1.690087e-06, Beta update rate = 4.164900e-07
Epoch 260200 (5.2%): Train pred MSE = 6.489844e-08, Test pred MSE = 1.831993e-03, Param MSE = 1.832882e-02, Grad norm = 1.686200e-06, Beta update rate = 4.154847e-07
Epoch 260400 (5.2%): Train pred MSE = 6.461477e-08, Test pred MSE = 1.831983e-03, Param MSE = 1.832872e-02, Grad norm = 1.682323e-06, Beta update rate = 4.144821e-07
Epoch 260600 (5.2%): Train pred MSE = 6.433241e-08, Test pred MSE = 1.831973e-03, Param MSE = 1.832861e-02, Grad norm = 1.678455e-06, Beta update rate = 4.134823e-07
Epoch 260800 (5.2%): Train pred MSE = 6.405134e-08, Test pred MSE = 1.831964e-03, Param MSE = 1.832850e-02, Grad norm = 1.674598e-06, Beta update rate = 4.124852e-07
Epoch 261000 (5.2%): Train pred MSE = 6.377156e-08, Test pred MSE = 1.831954e-03, Param MSE = 1.832840e-02, Grad norm = 1.670751e-06, Beta update rate = 4.114908e-07
Epoch 261200 (5.2%): Train pred MSE = 6.349306e-08, Test pred MSE = 1.831945e-03, Param MSE = 1.832829e-02, Grad norm = 1.666913e-06, Beta update rate = 4.104991e-07
Epoch 261400 (5.2%): Train pred MSE = 6.321585e-08, Test pred MSE = 1.831935e-03, Param MSE = 1.832819e-02, Grad norm = 1.663085e-06, Beta update rate = 4.095101e-07
Epoch 261600 (5.2%): Train pred MSE = 6.293990e-08, Test pred MSE = 1.831926e-03, Param MSE = 1.832808e-02, Grad norm = 1.659268e-06, Beta update rate = 4.085238e-07
Epoch 261800 (5.2%): Train pred MSE = 6.266522e-08, Test pred MSE = 1.831916e-03, Param MSE = 1.832798e-02, Grad norm = 1.655459e-06, Beta update rate = 4.075402e-07
Epoch 262000 (5.2%): Train pred MSE = 6.239180e-08, Test pred MSE = 1.831907e-03, Param MSE = 1.832787e-02, Grad norm = 1.651661e-06, Beta update rate = 4.065592e-07
Epoch 262200 (5.2%): Train pred MSE = 6.211963e-08, Test pred MSE = 1.831897e-03, Param MSE = 1.832777e-02, Grad norm = 1.647873e-06, Beta update rate = 4.055809e-07
Epoch 262400 (5.2%): Train pred MSE = 6.184871e-08, Test pred MSE = 1.831888e-03, Param MSE = 1.832766e-02, Grad norm = 1.644094e-06, Beta update rate = 4.046053e-07
Epoch 262600 (5.3%): Train pred MSE = 6.157903e-08, Test pred MSE = 1.831879e-03, Param MSE = 1.832756e-02, Grad norm = 1.640325e-06, Beta update rate = 4.036323e-07
Epoch 262800 (5.3%): Train pred MSE = 6.131058e-08, Test pred MSE = 1.831869e-03, Param MSE = 1.832746e-02, Grad norm = 1.636566e-06, Beta update rate = 4.026620e-07
Epoch 263000 (5.3%): Train pred MSE = 6.104337e-08, Test pred MSE = 1.831860e-03, Param MSE = 1.832736e-02, Grad norm = 1.632816e-06, Beta update rate = 4.016943e-07
Epoch 263200 (5.3%): Train pred MSE = 6.077737e-08, Test pred MSE = 1.831851e-03, Param MSE = 1.832725e-02, Grad norm = 1.629076e-06, Beta update rate = 4.007292e-07
Epoch 263400 (5.3%): Train pred MSE = 6.051260e-08, Test pred MSE = 1.831841e-03, Param MSE = 1.832715e-02, Grad norm = 1.625345e-06, Beta update rate = 3.997667e-07
Epoch 263600 (5.3%): Train pred MSE = 6.024903e-08, Test pred MSE = 1.831832e-03, Param MSE = 1.832705e-02, Grad norm = 1.621624e-06, Beta update rate = 3.988068e-07
Epoch 263800 (5.3%): Train pred MSE = 5.998667e-08, Test pred MSE = 1.831823e-03, Param MSE = 1.832695e-02, Grad norm = 1.617912e-06, Beta update rate = 3.978496e-07
Epoch 264000 (5.3%): Train pred MSE = 5.972551e-08, Test pred MSE = 1.831814e-03, Param MSE = 1.832685e-02, Grad norm = 1.614210e-06, Beta update rate = 3.968949e-07
Epoch 264200 (5.3%): Train pred MSE = 5.946554e-08, Test pred MSE = 1.831805e-03, Param MSE = 1.832675e-02, Grad norm = 1.610518e-06, Beta update rate = 3.959428e-07
Epoch 264400 (5.3%): Train pred MSE = 5.920676e-08, Test pred MSE = 1.831796e-03, Param MSE = 1.832665e-02, Grad norm = 1.606835e-06, Beta update rate = 3.949933e-07
Epoch 264600 (5.3%): Train pred MSE = 5.894917e-08, Test pred MSE = 1.831787e-03, Param MSE = 1.832654e-02, Grad norm = 1.603161e-06, Beta update rate = 3.940463e-07
Epoch 264800 (5.3%): Train pred MSE = 5.869274e-08, Test pred MSE = 1.831778e-03, Param MSE = 1.832645e-02, Grad norm = 1.599497e-06, Beta update rate = 3.931019e-07
Epoch 265000 (5.3%): Train pred MSE = 5.843749e-08, Test pred MSE = 1.831769e-03, Param MSE = 1.832635e-02, Grad norm = 1.595842e-06, Beta update rate = 3.921601e-07
Epoch 265200 (5.3%): Train pred MSE = 5.818341e-08, Test pred MSE = 1.831760e-03, Param MSE = 1.832625e-02, Grad norm = 1.592196e-06, Beta update rate = 3.912208e-07
Epoch 265400 (5.3%): Train pred MSE = 5.793048e-08, Test pred MSE = 1.831751e-03, Param MSE = 1.832615e-02, Grad norm = 1.588560e-06, Beta update rate = 3.902840e-07
Epoch 265600 (5.3%): Train pred MSE = 5.767871e-08, Test pred MSE = 1.831742e-03, Param MSE = 1.832605e-02, Grad norm = 1.584933e-06, Beta update rate = 3.893497e-07
Epoch 265800 (5.3%): Train pred MSE = 5.742809e-08, Test pred MSE = 1.831733e-03, Param MSE = 1.832595e-02, Grad norm = 1.581315e-06, Beta update rate = 3.884180e-07
Epoch 266000 (5.3%): Train pred MSE = 5.717861e-08, Test pred MSE = 1.831724e-03, Param MSE = 1.832585e-02, Grad norm = 1.577706e-06, Beta update rate = 3.874888e-07
Epoch 266200 (5.3%): Train pred MSE = 5.693026e-08, Test pred MSE = 1.831716e-03, Param MSE = 1.832575e-02, Grad norm = 1.574107e-06, Beta update rate = 3.865621e-07
Epoch 266400 (5.3%): Train pred MSE = 5.668305e-08, Test pred MSE = 1.831707e-03, Param MSE = 1.832566e-02, Grad norm = 1.570516e-06, Beta update rate = 3.856379e-07
Epoch 266600 (5.3%): Train pred MSE = 5.643697e-08, Test pred MSE = 1.831698e-03, Param MSE = 1.832556e-02, Grad norm = 1.566935e-06, Beta update rate = 3.847161e-07
Epoch 266800 (5.3%): Train pred MSE = 5.619200e-08, Test pred MSE = 1.831689e-03, Param MSE = 1.832546e-02, Grad norm = 1.563363e-06, Beta update rate = 3.837969e-07
Epoch 267000 (5.3%): Train pred MSE = 5.594815e-08, Test pred MSE = 1.831681e-03, Param MSE = 1.832537e-02, Grad norm = 1.559800e-06, Beta update rate = 3.828801e-07
Epoch 267200 (5.3%): Train pred MSE = 5.570541e-08, Test pred MSE = 1.831672e-03, Param MSE = 1.832527e-02, Grad norm = 1.556247e-06, Beta update rate = 3.819658e-07
Epoch 267400 (5.3%): Train pred MSE = 5.546378e-08, Test pred MSE = 1.831663e-03, Param MSE = 1.832517e-02, Grad norm = 1.552702e-06, Beta update rate = 3.810539e-07
Epoch 267600 (5.4%): Train pred MSE = 5.522324e-08, Test pred MSE = 1.831655e-03, Param MSE = 1.832508e-02, Grad norm = 1.549166e-06, Beta update rate = 3.801445e-07
Epoch 267800 (5.4%): Train pred MSE = 5.498380e-08, Test pred MSE = 1.831646e-03, Param MSE = 1.832498e-02, Grad norm = 1.545639e-06, Beta update rate = 3.792376e-07
Epoch 268000 (5.4%): Train pred MSE = 5.474545e-08, Test pred MSE = 1.831637e-03, Param MSE = 1.832489e-02, Grad norm = 1.542121e-06, Beta update rate = 3.783330e-07
Epoch 268200 (5.4%): Train pred MSE = 5.450818e-08, Test pred MSE = 1.831629e-03, Param MSE = 1.832479e-02, Grad norm = 1.538612e-06, Beta update rate = 3.774309e-07
Epoch 268400 (5.4%): Train pred MSE = 5.427199e-08, Test pred MSE = 1.831620e-03, Param MSE = 1.832470e-02, Grad norm = 1.535112e-06, Beta update rate = 3.765313e-07
Epoch 268600 (5.4%): Train pred MSE = 5.403687e-08, Test pred MSE = 1.831612e-03, Param MSE = 1.832461e-02, Grad norm = 1.531621e-06, Beta update rate = 3.756340e-07
Epoch 268800 (5.4%): Train pred MSE = 5.380282e-08, Test pred MSE = 1.831604e-03, Param MSE = 1.832451e-02, Grad norm = 1.528139e-06, Beta update rate = 3.747391e-07
Epoch 269000 (5.4%): Train pred MSE = 5.356984e-08, Test pred MSE = 1.831595e-03, Param MSE = 1.832442e-02, Grad norm = 1.524665e-06, Beta update rate = 3.738466e-07
Epoch 269200 (5.4%): Train pred MSE = 5.333791e-08, Test pred MSE = 1.831587e-03, Param MSE = 1.832433e-02, Grad norm = 1.521200e-06, Beta update rate = 3.729565e-07
Epoch 269400 (5.4%): Train pred MSE = 5.310703e-08, Test pred MSE = 1.831578e-03, Param MSE = 1.832423e-02, Grad norm = 1.517744e-06, Beta update rate = 3.720688e-07
Epoch 269600 (5.4%): Train pred MSE = 5.287720e-08, Test pred MSE = 1.831570e-03, Param MSE = 1.832414e-02, Grad norm = 1.514297e-06, Beta update rate = 3.711835e-07
Epoch 269800 (5.4%): Train pred MSE = 5.264842e-08, Test pred MSE = 1.831562e-03, Param MSE = 1.832405e-02, Grad norm = 1.510859e-06, Beta update rate = 3.703006e-07
Epoch 270000 (5.4%): Train pred MSE = 5.242067e-08, Test pred MSE = 1.831553e-03, Param MSE = 1.832396e-02, Grad norm = 1.507429e-06, Beta update rate = 3.694200e-07
Epoch 270200 (5.4%): Train pred MSE = 5.219396e-08, Test pred MSE = 1.831545e-03, Param MSE = 1.832386e-02, Grad norm = 1.504008e-06, Beta update rate = 3.685417e-07
Epoch 270400 (5.4%): Train pred MSE = 5.196827e-08, Test pred MSE = 1.831537e-03, Param MSE = 1.832377e-02, Grad norm = 1.500595e-06, Beta update rate = 3.676658e-07
Epoch 270600 (5.4%): Train pred MSE = 5.174361e-08, Test pred MSE = 1.831529e-03, Param MSE = 1.832368e-02, Grad norm = 1.497191e-06, Beta update rate = 3.667922e-07
Epoch 270800 (5.4%): Train pred MSE = 5.151996e-08, Test pred MSE = 1.831520e-03, Param MSE = 1.832359e-02, Grad norm = 1.493796e-06, Beta update rate = 3.659210e-07
Epoch 271000 (5.4%): Train pred MSE = 5.129733e-08, Test pred MSE = 1.831512e-03, Param MSE = 1.832350e-02, Grad norm = 1.490409e-06, Beta update rate = 3.650521e-07
Epoch 271200 (5.4%): Train pred MSE = 5.107570e-08, Test pred MSE = 1.831504e-03, Param MSE = 1.832341e-02, Grad norm = 1.487031e-06, Beta update rate = 3.641855e-07
Epoch 271400 (5.4%): Train pred MSE = 5.085508e-08, Test pred MSE = 1.831496e-03, Param MSE = 1.832332e-02, Grad norm = 1.483662e-06, Beta update rate = 3.633212e-07
Epoch 271600 (5.4%): Train pred MSE = 5.063546e-08, Test pred MSE = 1.831488e-03, Param MSE = 1.832323e-02, Grad norm = 1.480300e-06, Beta update rate = 3.624592e-07
Epoch 271800 (5.4%): Train pred MSE = 5.041683e-08, Test pred MSE = 1.831480e-03, Param MSE = 1.832314e-02, Grad norm = 1.476948e-06, Beta update rate = 3.615995e-07
Epoch 272000 (5.4%): Train pred MSE = 5.019919e-08, Test pred MSE = 1.831472e-03, Param MSE = 1.832305e-02, Grad norm = 1.473604e-06, Beta update rate = 3.607421e-07
Epoch 272200 (5.4%): Train pred MSE = 4.998253e-08, Test pred MSE = 1.831464e-03, Param MSE = 1.832296e-02, Grad norm = 1.470268e-06, Beta update rate = 3.598870e-07
Epoch 272400 (5.4%): Train pred MSE = 4.976686e-08, Test pred MSE = 1.831456e-03, Param MSE = 1.832287e-02, Grad norm = 1.466940e-06, Beta update rate = 3.590342e-07
Epoch 272600 (5.5%): Train pred MSE = 4.955216e-08, Test pred MSE = 1.831448e-03, Param MSE = 1.832278e-02, Grad norm = 1.463621e-06, Beta update rate = 3.581836e-07
Epoch 272800 (5.5%): Train pred MSE = 4.933842e-08, Test pred MSE = 1.831440e-03, Param MSE = 1.832270e-02, Grad norm = 1.460311e-06, Beta update rate = 3.573353e-07
Epoch 273000 (5.5%): Train pred MSE = 4.912566e-08, Test pred MSE = 1.831432e-03, Param MSE = 1.832261e-02, Grad norm = 1.457008e-06, Beta update rate = 3.564892e-07
Epoch 273200 (5.5%): Train pred MSE = 4.891386e-08, Test pred MSE = 1.831424e-03, Param MSE = 1.832252e-02, Grad norm = 1.453714e-06, Beta update rate = 3.556454e-07
Epoch 273400 (5.5%): Train pred MSE = 4.870301e-08, Test pred MSE = 1.831416e-03, Param MSE = 1.832243e-02, Grad norm = 1.450429e-06, Beta update rate = 3.548039e-07
Epoch 273600 (5.5%): Train pred MSE = 4.849311e-08, Test pred MSE = 1.831409e-03, Param MSE = 1.832235e-02, Grad norm = 1.447151e-06, Beta update rate = 3.539645e-07
Epoch 273800 (5.5%): Train pred MSE = 4.828416e-08, Test pred MSE = 1.831401e-03, Param MSE = 1.832226e-02, Grad norm = 1.443882e-06, Beta update rate = 3.531274e-07
Epoch 274000 (5.5%): Train pred MSE = 4.807616e-08, Test pred MSE = 1.831393e-03, Param MSE = 1.832217e-02, Grad norm = 1.440621e-06, Beta update rate = 3.522925e-07
Epoch 274200 (5.5%): Train pred MSE = 4.786909e-08, Test pred MSE = 1.831385e-03, Param MSE = 1.832209e-02, Grad norm = 1.437368e-06, Beta update rate = 3.514598e-07
Epoch 274400 (5.5%): Train pred MSE = 4.766296e-08, Test pred MSE = 1.831377e-03, Param MSE = 1.832200e-02, Grad norm = 1.434123e-06, Beta update rate = 3.506294e-07
Epoch 274600 (5.5%): Train pred MSE = 4.745776e-08, Test pred MSE = 1.831370e-03, Param MSE = 1.832191e-02, Grad norm = 1.430887e-06, Beta update rate = 3.498011e-07
Epoch 274800 (5.5%): Train pred MSE = 4.725348e-08, Test pred MSE = 1.831362e-03, Param MSE = 1.832183e-02, Grad norm = 1.427658e-06, Beta update rate = 3.489750e-07
Epoch 275000 (5.5%): Train pred MSE = 4.705012e-08, Test pred MSE = 1.831354e-03, Param MSE = 1.832174e-02, Grad norm = 1.424438e-06, Beta update rate = 3.481511e-07
Epoch 275200 (5.5%): Train pred MSE = 4.684768e-08, Test pred MSE = 1.831347e-03, Param MSE = 1.832166e-02, Grad norm = 1.421226e-06, Beta update rate = 3.473294e-07
Epoch 275400 (5.5%): Train pred MSE = 4.664615e-08, Test pred MSE = 1.831339e-03, Param MSE = 1.832157e-02, Grad norm = 1.418021e-06, Beta update rate = 3.465099e-07
Epoch 275600 (5.5%): Train pred MSE = 4.644553e-08, Test pred MSE = 1.831332e-03, Param MSE = 1.832149e-02, Grad norm = 1.414825e-06, Beta update rate = 3.456925e-07
Epoch 275800 (5.5%): Train pred MSE = 4.624581e-08, Test pred MSE = 1.831324e-03, Param MSE = 1.832140e-02, Grad norm = 1.411637e-06, Beta update rate = 3.448773e-07
Epoch 276000 (5.5%): Train pred MSE = 4.604699e-08, Test pred MSE = 1.831316e-03, Param MSE = 1.832132e-02, Grad norm = 1.408457e-06, Beta update rate = 3.440642e-07
Epoch 276200 (5.5%): Train pred MSE = 4.584906e-08, Test pred MSE = 1.831309e-03, Param MSE = 1.832124e-02, Grad norm = 1.405284e-06, Beta update rate = 3.432533e-07
Epoch 276400 (5.5%): Train pred MSE = 4.565203e-08, Test pred MSE = 1.831301e-03, Param MSE = 1.832115e-02, Grad norm = 1.402120e-06, Beta update rate = 3.424445e-07
Epoch 276600 (5.5%): Train pred MSE = 4.545588e-08, Test pred MSE = 1.831294e-03, Param MSE = 1.832107e-02, Grad norm = 1.398963e-06, Beta update rate = 3.416379e-07
Epoch 276800 (5.5%): Train pred MSE = 4.526061e-08, Test pred MSE = 1.831287e-03, Param MSE = 1.832099e-02, Grad norm = 1.395815e-06, Beta update rate = 3.408333e-07
Epoch 277000 (5.5%): Train pred MSE = 4.506623e-08, Test pred MSE = 1.831279e-03, Param MSE = 1.832090e-02, Grad norm = 1.392674e-06, Beta update rate = 3.400309e-07
Epoch 277200 (5.5%): Train pred MSE = 4.487271e-08, Test pred MSE = 1.831272e-03, Param MSE = 1.832082e-02, Grad norm = 1.389541e-06, Beta update rate = 3.392307e-07
Epoch 277400 (5.5%): Train pred MSE = 4.468007e-08, Test pred MSE = 1.831264e-03, Param MSE = 1.832074e-02, Grad norm = 1.386416e-06, Beta update rate = 3.384325e-07
Epoch 277600 (5.6%): Train pred MSE = 4.448829e-08, Test pred MSE = 1.831257e-03, Param MSE = 1.832066e-02, Grad norm = 1.383299e-06, Beta update rate = 3.376364e-07
Epoch 277800 (5.6%): Train pred MSE = 4.429737e-08, Test pred MSE = 1.831250e-03, Param MSE = 1.832058e-02, Grad norm = 1.380189e-06, Beta update rate = 3.368424e-07
Epoch 278000 (5.6%): Train pred MSE = 4.410731e-08, Test pred MSE = 1.831242e-03, Param MSE = 1.832049e-02, Grad norm = 1.377088e-06, Beta update rate = 3.360506e-07
Epoch 278200 (5.6%): Train pred MSE = 4.391810e-08, Test pred MSE = 1.831235e-03, Param MSE = 1.832041e-02, Grad norm = 1.373994e-06, Beta update rate = 3.352608e-07
Epoch 278400 (5.6%): Train pred MSE = 4.372974e-08, Test pred MSE = 1.831228e-03, Param MSE = 1.832033e-02, Grad norm = 1.370907e-06, Beta update rate = 3.344730e-07
Epoch 278600 (5.6%): Train pred MSE = 4.354223e-08, Test pred MSE = 1.831221e-03, Param MSE = 1.832025e-02, Grad norm = 1.367829e-06, Beta update rate = 3.336874e-07
Epoch 278800 (5.6%): Train pred MSE = 4.335555e-08, Test pred MSE = 1.831213e-03, Param MSE = 1.832017e-02, Grad norm = 1.364758e-06, Beta update rate = 3.329038e-07
Epoch 279000 (5.6%): Train pred MSE = 4.316972e-08, Test pred MSE = 1.831206e-03, Param MSE = 1.832009e-02, Grad norm = 1.361695e-06, Beta update rate = 3.321222e-07
Epoch 279200 (5.6%): Train pred MSE = 4.298472e-08, Test pred MSE = 1.831199e-03, Param MSE = 1.832001e-02, Grad norm = 1.358639e-06, Beta update rate = 3.313428e-07
Epoch 279400 (5.6%): Train pred MSE = 4.280054e-08, Test pred MSE = 1.831192e-03, Param MSE = 1.831993e-02, Grad norm = 1.355591e-06, Beta update rate = 3.305653e-07
Epoch 279600 (5.6%): Train pred MSE = 4.261720e-08, Test pred MSE = 1.831185e-03, Param MSE = 1.831985e-02, Grad norm = 1.352550e-06, Beta update rate = 3.297899e-07
Epoch 279800 (5.6%): Train pred MSE = 4.243467e-08, Test pred MSE = 1.831178e-03, Param MSE = 1.831977e-02, Grad norm = 1.349517e-06, Beta update rate = 3.290166e-07
Epoch 280000 (5.6%): Train pred MSE = 4.225296e-08, Test pred MSE = 1.831171e-03, Param MSE = 1.831969e-02, Grad norm = 1.346492e-06, Beta update rate = 3.282452e-07
Epoch 280200 (5.6%): Train pred MSE = 4.207207e-08, Test pred MSE = 1.831164e-03, Param MSE = 1.831961e-02, Grad norm = 1.343474e-06, Beta update rate = 3.274759e-07
Epoch 280400 (5.6%): Train pred MSE = 4.189198e-08, Test pred MSE = 1.831156e-03, Param MSE = 1.831954e-02, Grad norm = 1.340464e-06, Beta update rate = 3.267086e-07
Epoch 280600 (5.6%): Train pred MSE = 4.171270e-08, Test pred MSE = 1.831149e-03, Param MSE = 1.831946e-02, Grad norm = 1.337461e-06, Beta update rate = 3.259433e-07
Epoch 280800 (5.6%): Train pred MSE = 4.153423e-08, Test pred MSE = 1.831142e-03, Param MSE = 1.831938e-02, Grad norm = 1.334465e-06, Beta update rate = 3.251800e-07
Epoch 281000 (5.6%): Train pred MSE = 4.135655e-08, Test pred MSE = 1.831135e-03, Param MSE = 1.831930e-02, Grad norm = 1.331477e-06, Beta update rate = 3.244187e-07
Epoch 281200 (5.6%): Train pred MSE = 4.117966e-08, Test pred MSE = 1.831129e-03, Param MSE = 1.831922e-02, Grad norm = 1.328496e-06, Beta update rate = 3.236594e-07
Epoch 281400 (5.6%): Train pred MSE = 4.100357e-08, Test pred MSE = 1.831122e-03, Param MSE = 1.831915e-02, Grad norm = 1.325523e-06, Beta update rate = 3.229021e-07
Epoch 281600 (5.6%): Train pred MSE = 4.082827e-08, Test pred MSE = 1.831115e-03, Param MSE = 1.831907e-02, Grad norm = 1.322557e-06, Beta update rate = 3.221468e-07
Epoch 281800 (5.6%): Train pred MSE = 4.065375e-08, Test pred MSE = 1.831108e-03, Param MSE = 1.831899e-02, Grad norm = 1.319599e-06, Beta update rate = 3.213934e-07
Epoch 282000 (5.6%): Train pred MSE = 4.048000e-08, Test pred MSE = 1.831101e-03, Param MSE = 1.831892e-02, Grad norm = 1.316648e-06, Beta update rate = 3.206420e-07
Epoch 282200 (5.6%): Train pred MSE = 4.030704e-08, Test pred MSE = 1.831094e-03, Param MSE = 1.831884e-02, Grad norm = 1.313704e-06, Beta update rate = 3.198926e-07
Epoch 282400 (5.6%): Train pred MSE = 4.013484e-08, Test pred MSE = 1.831087e-03, Param MSE = 1.831876e-02, Grad norm = 1.310767e-06, Beta update rate = 3.191451e-07
Epoch 282600 (5.7%): Train pred MSE = 3.996342e-08, Test pred MSE = 1.831080e-03, Param MSE = 1.831869e-02, Grad norm = 1.307838e-06, Beta update rate = 3.183995e-07
Epoch 282800 (5.7%): Train pred MSE = 3.979276e-08, Test pred MSE = 1.831074e-03, Param MSE = 1.831861e-02, Grad norm = 1.304915e-06, Beta update rate = 3.176560e-07
Epoch 283000 (5.7%): Train pred MSE = 3.962286e-08, Test pred MSE = 1.831067e-03, Param MSE = 1.831854e-02, Grad norm = 1.302001e-06, Beta update rate = 3.169143e-07
Epoch 283200 (5.7%): Train pred MSE = 3.945372e-08, Test pred MSE = 1.831060e-03, Param MSE = 1.831846e-02, Grad norm = 1.299093e-06, Beta update rate = 3.161746e-07
Epoch 283400 (5.7%): Train pred MSE = 3.928534e-08, Test pred MSE = 1.831053e-03, Param MSE = 1.831839e-02, Grad norm = 1.296192e-06, Beta update rate = 3.154368e-07
Epoch 283600 (5.7%): Train pred MSE = 3.911771e-08, Test pred MSE = 1.831047e-03, Param MSE = 1.831831e-02, Grad norm = 1.293299e-06, Beta update rate = 3.147009e-07
Epoch 283800 (5.7%): Train pred MSE = 3.895082e-08, Test pred MSE = 1.831040e-03, Param MSE = 1.831824e-02, Grad norm = 1.290413e-06, Beta update rate = 3.139670e-07
Epoch 284000 (5.7%): Train pred MSE = 3.878468e-08, Test pred MSE = 1.831033e-03, Param MSE = 1.831816e-02, Grad norm = 1.287534e-06, Beta update rate = 3.132349e-07
Epoch 284200 (5.7%): Train pred MSE = 3.861928e-08, Test pred MSE = 1.831027e-03, Param MSE = 1.831809e-02, Grad norm = 1.284662e-06, Beta update rate = 3.125048e-07
Epoch 284400 (5.7%): Train pred MSE = 3.845461e-08, Test pred MSE = 1.831020e-03, Param MSE = 1.831801e-02, Grad norm = 1.281797e-06, Beta update rate = 3.117766e-07
Epoch 284600 (5.7%): Train pred MSE = 3.829068e-08, Test pred MSE = 1.831014e-03, Param MSE = 1.831794e-02, Grad norm = 1.278939e-06, Beta update rate = 3.110502e-07
Epoch 284800 (5.7%): Train pred MSE = 3.812748e-08, Test pred MSE = 1.831007e-03, Param MSE = 1.831787e-02, Grad norm = 1.276088e-06, Beta update rate = 3.103257e-07
Epoch 285000 (5.7%): Train pred MSE = 3.796500e-08, Test pred MSE = 1.831001e-03, Param MSE = 1.831779e-02, Grad norm = 1.273244e-06, Beta update rate = 3.096032e-07
Epoch 285200 (5.7%): Train pred MSE = 3.780325e-08, Test pred MSE = 1.830994e-03, Param MSE = 1.831772e-02, Grad norm = 1.270408e-06, Beta update rate = 3.088825e-07
Epoch 285400 (5.7%): Train pred MSE = 3.764222e-08, Test pred MSE = 1.830987e-03, Param MSE = 1.831765e-02, Grad norm = 1.267578e-06, Beta update rate = 3.081636e-07
Epoch 285600 (5.7%): Train pred MSE = 3.748191e-08, Test pred MSE = 1.830981e-03, Param MSE = 1.831758e-02, Grad norm = 1.264755e-06, Beta update rate = 3.074467e-07
Epoch 285800 (5.7%): Train pred MSE = 3.732230e-08, Test pred MSE = 1.830975e-03, Param MSE = 1.831750e-02, Grad norm = 1.261939e-06, Beta update rate = 3.067315e-07
Epoch 286000 (5.7%): Train pred MSE = 3.716341e-08, Test pred MSE = 1.830968e-03, Param MSE = 1.831743e-02, Grad norm = 1.259130e-06, Beta update rate = 3.060183e-07
Epoch 286200 (5.7%): Train pred MSE = 3.700523e-08, Test pred MSE = 1.830962e-03, Param MSE = 1.831736e-02, Grad norm = 1.256328e-06, Beta update rate = 3.053069e-07
Epoch 286400 (5.7%): Train pred MSE = 3.684774e-08, Test pred MSE = 1.830955e-03, Param MSE = 1.831729e-02, Grad norm = 1.253533e-06, Beta update rate = 3.045973e-07
Epoch 286600 (5.7%): Train pred MSE = 3.669096e-08, Test pred MSE = 1.830949e-03, Param MSE = 1.831722e-02, Grad norm = 1.250745e-06, Beta update rate = 3.038896e-07
Epoch 286800 (5.7%): Train pred MSE = 3.653488e-08, Test pred MSE = 1.830942e-03, Param MSE = 1.831714e-02, Grad norm = 1.247963e-06, Beta update rate = 3.031837e-07
Epoch 287000 (5.7%): Train pred MSE = 3.637948e-08, Test pred MSE = 1.830936e-03, Param MSE = 1.831707e-02, Grad norm = 1.245189e-06, Beta update rate = 3.024796e-07
Epoch 287200 (5.7%): Train pred MSE = 3.622478e-08, Test pred MSE = 1.830930e-03, Param MSE = 1.831700e-02, Grad norm = 1.242421e-06, Beta update rate = 3.017774e-07
Epoch 287400 (5.7%): Train pred MSE = 3.607077e-08, Test pred MSE = 1.830923e-03, Param MSE = 1.831693e-02, Grad norm = 1.239660e-06, Beta update rate = 3.010769e-07
Epoch 287600 (5.8%): Train pred MSE = 3.591743e-08, Test pred MSE = 1.830917e-03, Param MSE = 1.831686e-02, Grad norm = 1.236905e-06, Beta update rate = 3.003783e-07
Epoch 287800 (5.8%): Train pred MSE = 3.576478e-08, Test pred MSE = 1.830911e-03, Param MSE = 1.831679e-02, Grad norm = 1.234158e-06, Beta update rate = 2.996815e-07
Epoch 288000 (5.8%): Train pred MSE = 3.561281e-08, Test pred MSE = 1.830905e-03, Param MSE = 1.831672e-02, Grad norm = 1.231417e-06, Beta update rate = 2.989865e-07
Epoch 288200 (5.8%): Train pred MSE = 3.546151e-08, Test pred MSE = 1.830898e-03, Param MSE = 1.831665e-02, Grad norm = 1.228683e-06, Beta update rate = 2.982933e-07
Epoch 288400 (5.8%): Train pred MSE = 3.531088e-08, Test pred MSE = 1.830892e-03, Param MSE = 1.831658e-02, Grad norm = 1.225956e-06, Beta update rate = 2.976018e-07
Epoch 288600 (5.8%): Train pred MSE = 3.516092e-08, Test pred MSE = 1.830886e-03, Param MSE = 1.831651e-02, Grad norm = 1.223235e-06, Beta update rate = 2.969122e-07
Epoch 288800 (5.8%): Train pred MSE = 3.501162e-08, Test pred MSE = 1.830880e-03, Param MSE = 1.831644e-02, Grad norm = 1.220521e-06, Beta update rate = 2.962243e-07
Epoch 289000 (5.8%): Train pred MSE = 3.486299e-08, Test pred MSE = 1.830874e-03, Param MSE = 1.831637e-02, Grad norm = 1.217814e-06, Beta update rate = 2.955382e-07
Epoch 289200 (5.8%): Train pred MSE = 3.471501e-08, Test pred MSE = 1.830867e-03, Param MSE = 1.831631e-02, Grad norm = 1.215113e-06, Beta update rate = 2.948539e-07
Epoch 289400 (5.8%): Train pred MSE = 3.456769e-08, Test pred MSE = 1.830861e-03, Param MSE = 1.831624e-02, Grad norm = 1.212419e-06, Beta update rate = 2.941713e-07
Epoch 289600 (5.8%): Train pred MSE = 3.442103e-08, Test pred MSE = 1.830855e-03, Param MSE = 1.831617e-02, Grad norm = 1.209731e-06, Beta update rate = 2.934905e-07
Epoch 289800 (5.8%): Train pred MSE = 3.427501e-08, Test pred MSE = 1.830849e-03, Param MSE = 1.831610e-02, Grad norm = 1.207050e-06, Beta update rate = 2.928115e-07
Epoch 290000 (5.8%): Train pred MSE = 3.412964e-08, Test pred MSE = 1.830843e-03, Param MSE = 1.831603e-02, Grad norm = 1.204376e-06, Beta update rate = 2.921342e-07
Epoch 290200 (5.8%): Train pred MSE = 3.398491e-08, Test pred MSE = 1.830837e-03, Param MSE = 1.831596e-02, Grad norm = 1.201708e-06, Beta update rate = 2.914586e-07
Epoch 290400 (5.8%): Train pred MSE = 3.384082e-08, Test pred MSE = 1.830831e-03, Param MSE = 1.831590e-02, Grad norm = 1.199047e-06, Beta update rate = 2.907848e-07
Epoch 290600 (5.8%): Train pred MSE = 3.369737e-08, Test pred MSE = 1.830825e-03, Param MSE = 1.831583e-02, Grad norm = 1.196392e-06, Beta update rate = 2.901127e-07
Epoch 290800 (5.8%): Train pred MSE = 3.355455e-08, Test pred MSE = 1.830819e-03, Param MSE = 1.831576e-02, Grad norm = 1.193744e-06, Beta update rate = 2.894423e-07
Epoch 291000 (5.8%): Train pred MSE = 3.341237e-08, Test pred MSE = 1.830813e-03, Param MSE = 1.831570e-02, Grad norm = 1.191102e-06, Beta update rate = 2.887737e-07
Epoch 291200 (5.8%): Train pred MSE = 3.327081e-08, Test pred MSE = 1.830807e-03, Param MSE = 1.831563e-02, Grad norm = 1.188466e-06, Beta update rate = 2.881068e-07
Epoch 291400 (5.8%): Train pred MSE = 3.312988e-08, Test pred MSE = 1.830801e-03, Param MSE = 1.831556e-02, Grad norm = 1.185837e-06, Beta update rate = 2.874415e-07
Epoch 291600 (5.8%): Train pred MSE = 3.298957e-08, Test pred MSE = 1.830795e-03, Param MSE = 1.831550e-02, Grad norm = 1.183214e-06, Beta update rate = 2.867780e-07
Epoch 291800 (5.8%): Train pred MSE = 3.284988e-08, Test pred MSE = 1.830789e-03, Param MSE = 1.831543e-02, Grad norm = 1.180598e-06, Beta update rate = 2.861162e-07
Epoch 292000 (5.8%): Train pred MSE = 3.271081e-08, Test pred MSE = 1.830783e-03, Param MSE = 1.831536e-02, Grad norm = 1.177988e-06, Beta update rate = 2.854561e-07
Epoch 292200 (5.8%): Train pred MSE = 3.257236e-08, Test pred MSE = 1.830778e-03, Param MSE = 1.831530e-02, Grad norm = 1.175385e-06, Beta update rate = 2.847977e-07
Epoch 292400 (5.8%): Train pred MSE = 3.243451e-08, Test pred MSE = 1.830772e-03, Param MSE = 1.831523e-02, Grad norm = 1.172788e-06, Beta update rate = 2.841410e-07
Epoch 292600 (5.9%): Train pred MSE = 3.229727e-08, Test pred MSE = 1.830766e-03, Param MSE = 1.831517e-02, Grad norm = 1.170197e-06, Beta update rate = 2.834859e-07
Epoch 292800 (5.9%): Train pred MSE = 3.216064e-08, Test pred MSE = 1.830760e-03, Param MSE = 1.831510e-02, Grad norm = 1.167612e-06, Beta update rate = 2.828326e-07
Epoch 293000 (5.9%): Train pred MSE = 3.202461e-08, Test pred MSE = 1.830754e-03, Param MSE = 1.831504e-02, Grad norm = 1.165034e-06, Beta update rate = 2.821809e-07
Epoch 293200 (5.9%): Train pred MSE = 3.188919e-08, Test pred MSE = 1.830749e-03, Param MSE = 1.831497e-02, Grad norm = 1.162462e-06, Beta update rate = 2.815309e-07
Epoch 293400 (5.9%): Train pred MSE = 3.175435e-08, Test pred MSE = 1.830743e-03, Param MSE = 1.831491e-02, Grad norm = 1.159896e-06, Beta update rate = 2.808825e-07
Epoch 293600 (5.9%): Train pred MSE = 3.162012e-08, Test pred MSE = 1.830737e-03, Param MSE = 1.831484e-02, Grad norm = 1.157336e-06, Beta update rate = 2.802358e-07
Epoch 293800 (5.9%): Train pred MSE = 3.148647e-08, Test pred MSE = 1.830731e-03, Param MSE = 1.831478e-02, Grad norm = 1.154783e-06, Beta update rate = 2.795908e-07
Epoch 294000 (5.9%): Train pred MSE = 3.135342e-08, Test pred MSE = 1.830726e-03, Param MSE = 1.831471e-02, Grad norm = 1.152236e-06, Beta update rate = 2.789474e-07
Epoch 294200 (5.9%): Train pred MSE = 3.122095e-08, Test pred MSE = 1.830720e-03, Param MSE = 1.831465e-02, Grad norm = 1.149695e-06, Beta update rate = 2.783056e-07
Epoch 294400 (5.9%): Train pred MSE = 3.108906e-08, Test pred MSE = 1.830714e-03, Param MSE = 1.831459e-02, Grad norm = 1.147160e-06, Beta update rate = 2.776655e-07
Epoch 294600 (5.9%): Train pred MSE = 3.095775e-08, Test pred MSE = 1.830709e-03, Param MSE = 1.831452e-02, Grad norm = 1.144632e-06, Beta update rate = 2.770270e-07
Epoch 294800 (5.9%): Train pred MSE = 3.082703e-08, Test pred MSE = 1.830703e-03, Param MSE = 1.831446e-02, Grad norm = 1.142109e-06, Beta update rate = 2.763901e-07
Epoch 295000 (5.9%): Train pred MSE = 3.069688e-08, Test pred MSE = 1.830697e-03, Param MSE = 1.831440e-02, Grad norm = 1.139593e-06, Beta update rate = 2.757549e-07
Epoch 295200 (5.9%): Train pred MSE = 3.056730e-08, Test pred MSE = 1.830692e-03, Param MSE = 1.831433e-02, Grad norm = 1.137083e-06, Beta update rate = 2.751213e-07
Epoch 295400 (5.9%): Train pred MSE = 3.043829e-08, Test pred MSE = 1.830686e-03, Param MSE = 1.831427e-02, Grad norm = 1.134578e-06, Beta update rate = 2.744893e-07
Epoch 295600 (5.9%): Train pred MSE = 3.030985e-08, Test pred MSE = 1.830681e-03, Param MSE = 1.831421e-02, Grad norm = 1.132080e-06, Beta update rate = 2.738589e-07
Epoch 295800 (5.9%): Train pred MSE = 3.018197e-08, Test pred MSE = 1.830675e-03, Param MSE = 1.831415e-02, Grad norm = 1.129588e-06, Beta update rate = 2.732302e-07
Epoch 296000 (5.9%): Train pred MSE = 3.005466e-08, Test pred MSE = 1.830669e-03, Param MSE = 1.831408e-02, Grad norm = 1.127102e-06, Beta update rate = 2.726030e-07
Epoch 296200 (5.9%): Train pred MSE = 2.992790e-08, Test pred MSE = 1.830664e-03, Param MSE = 1.831402e-02, Grad norm = 1.124622e-06, Beta update rate = 2.719774e-07
Epoch 296400 (5.9%): Train pred MSE = 2.980170e-08, Test pred MSE = 1.830658e-03, Param MSE = 1.831396e-02, Grad norm = 1.122148e-06, Beta update rate = 2.713534e-07
Epoch 296600 (5.9%): Train pred MSE = 2.967606e-08, Test pred MSE = 1.830653e-03, Param MSE = 1.831390e-02, Grad norm = 1.119680e-06, Beta update rate = 2.707310e-07
Epoch 296800 (5.9%): Train pred MSE = 2.955097e-08, Test pred MSE = 1.830648e-03, Param MSE = 1.831384e-02, Grad norm = 1.117218e-06, Beta update rate = 2.701102e-07
Epoch 297000 (5.9%): Train pred MSE = 2.942643e-08, Test pred MSE = 1.830642e-03, Param MSE = 1.831378e-02, Grad norm = 1.114762e-06, Beta update rate = 2.694910e-07
Epoch 297200 (5.9%): Train pred MSE = 2.930243e-08, Test pred MSE = 1.830637e-03, Param MSE = 1.831371e-02, Grad norm = 1.112312e-06, Beta update rate = 2.688733e-07
Epoch 297400 (5.9%): Train pred MSE = 2.917898e-08, Test pred MSE = 1.830631e-03, Param MSE = 1.831365e-02, Grad norm = 1.109867e-06, Beta update rate = 2.682573e-07
Epoch 297600 (6.0%): Train pred MSE = 2.905608e-08, Test pred MSE = 1.830626e-03, Param MSE = 1.831359e-02, Grad norm = 1.107429e-06, Beta update rate = 2.676427e-07
Epoch 297800 (6.0%): Train pred MSE = 2.893371e-08, Test pred MSE = 1.830620e-03, Param MSE = 1.831353e-02, Grad norm = 1.104997e-06, Beta update rate = 2.670298e-07
Epoch 298000 (6.0%): Train pred MSE = 2.881188e-08, Test pred MSE = 1.830615e-03, Param MSE = 1.831347e-02, Grad norm = 1.102570e-06, Beta update rate = 2.664184e-07
Epoch 298200 (6.0%): Train pred MSE = 2.869058e-08, Test pred MSE = 1.830610e-03, Param MSE = 1.831341e-02, Grad norm = 1.100149e-06, Beta update rate = 2.658085e-07
Epoch 298400 (6.0%): Train pred MSE = 2.856981e-08, Test pred MSE = 1.830604e-03, Param MSE = 1.831335e-02, Grad norm = 1.097734e-06, Beta update rate = 2.652002e-07
Epoch 298600 (6.0%): Train pred MSE = 2.844958e-08, Test pred MSE = 1.830599e-03, Param MSE = 1.831329e-02, Grad norm = 1.095325e-06, Beta update rate = 2.645934e-07
Epoch 298800 (6.0%): Train pred MSE = 2.832987e-08, Test pred MSE = 1.830594e-03, Param MSE = 1.831323e-02, Grad norm = 1.092922e-06, Beta update rate = 2.639882e-07
Epoch 299000 (6.0%): Train pred MSE = 2.821069e-08, Test pred MSE = 1.830588e-03, Param MSE = 1.831317e-02, Grad norm = 1.090524e-06, Beta update rate = 2.633845e-07
Epoch 299200 (6.0%): Train pred MSE = 2.809202e-08, Test pred MSE = 1.830583e-03, Param MSE = 1.831311e-02, Grad norm = 1.088133e-06, Beta update rate = 2.627824e-07
Epoch 299400 (6.0%): Train pred MSE = 2.797388e-08, Test pred MSE = 1.830578e-03, Param MSE = 1.831305e-02, Grad norm = 1.085747e-06, Beta update rate = 2.621817e-07
Epoch 299600 (6.0%): Train pred MSE = 2.785626e-08, Test pred MSE = 1.830573e-03, Param MSE = 1.831300e-02, Grad norm = 1.083366e-06, Beta update rate = 2.615826e-07
Epoch 299800 (6.0%): Train pred MSE = 2.773915e-08, Test pred MSE = 1.830567e-03, Param MSE = 1.831294e-02, Grad norm = 1.080992e-06, Beta update rate = 2.609850e-07
Epoch 300000 (6.0%): Train pred MSE = 2.762255e-08, Test pred MSE = 1.830562e-03, Param MSE = 1.831288e-02, Grad norm = 1.078623e-06, Beta update rate = 2.603889e-07
Epoch 300200 (6.0%): Train pred MSE = 2.750647e-08, Test pred MSE = 1.830557e-03, Param MSE = 1.831282e-02, Grad norm = 1.076260e-06, Beta update rate = 2.597943e-07
Epoch 300400 (6.0%): Train pred MSE = 2.739089e-08, Test pred MSE = 1.830552e-03, Param MSE = 1.831276e-02, Grad norm = 1.073903e-06, Beta update rate = 2.592013e-07
Epoch 300600 (6.0%): Train pred MSE = 2.727582e-08, Test pred MSE = 1.830547e-03, Param MSE = 1.831270e-02, Grad norm = 1.071551e-06, Beta update rate = 2.586097e-07
Epoch 300800 (6.0%): Train pred MSE = 2.716125e-08, Test pred MSE = 1.830542e-03, Param MSE = 1.831265e-02, Grad norm = 1.069205e-06, Beta update rate = 2.580196e-07
Epoch 301000 (6.0%): Train pred MSE = 2.704718e-08, Test pred MSE = 1.830536e-03, Param MSE = 1.831259e-02, Grad norm = 1.066864e-06, Beta update rate = 2.574310e-07
Epoch 301200 (6.0%): Train pred MSE = 2.693361e-08, Test pred MSE = 1.830531e-03, Param MSE = 1.831253e-02, Grad norm = 1.064530e-06, Beta update rate = 2.568439e-07
Epoch 301400 (6.0%): Train pred MSE = 2.682054e-08, Test pred MSE = 1.830526e-03, Param MSE = 1.831247e-02, Grad norm = 1.062200e-06, Beta update rate = 2.562583e-07
Epoch 301600 (6.0%): Train pred MSE = 2.670796e-08, Test pred MSE = 1.830521e-03, Param MSE = 1.831242e-02, Grad norm = 1.059877e-06, Beta update rate = 2.556741e-07
Epoch 301800 (6.0%): Train pred MSE = 2.659587e-08, Test pred MSE = 1.830516e-03, Param MSE = 1.831236e-02, Grad norm = 1.057559e-06, Beta update rate = 2.550915e-07
Epoch 302000 (6.0%): Train pred MSE = 2.648428e-08, Test pred MSE = 1.830511e-03, Param MSE = 1.831230e-02, Grad norm = 1.055246e-06, Beta update rate = 2.545103e-07
Epoch 302200 (6.0%): Train pred MSE = 2.637317e-08, Test pred MSE = 1.830506e-03, Param MSE = 1.831224e-02, Grad norm = 1.052939e-06, Beta update rate = 2.539305e-07
Epoch 302400 (6.0%): Train pred MSE = 2.626254e-08, Test pred MSE = 1.830501e-03, Param MSE = 1.831219e-02, Grad norm = 1.050638e-06, Beta update rate = 2.533522e-07
Epoch 302600 (6.1%): Train pred MSE = 2.615240e-08, Test pred MSE = 1.830496e-03, Param MSE = 1.831213e-02, Grad norm = 1.048342e-06, Beta update rate = 2.527754e-07
Epoch 302800 (6.1%): Train pred MSE = 2.604274e-08, Test pred MSE = 1.830491e-03, Param MSE = 1.831208e-02, Grad norm = 1.046052e-06, Beta update rate = 2.522001e-07
Epoch 303000 (6.1%): Train pred MSE = 2.593356e-08, Test pred MSE = 1.830486e-03, Param MSE = 1.831202e-02, Grad norm = 1.043767e-06, Beta update rate = 2.516261e-07
Epoch 303200 (6.1%): Train pred MSE = 2.582485e-08, Test pred MSE = 1.830481e-03, Param MSE = 1.831196e-02, Grad norm = 1.041487e-06, Beta update rate = 2.510537e-07
Epoch 303400 (6.1%): Train pred MSE = 2.571662e-08, Test pred MSE = 1.830476e-03, Param MSE = 1.831191e-02, Grad norm = 1.039213e-06, Beta update rate = 2.504826e-07
Epoch 303600 (6.1%): Train pred MSE = 2.560886e-08, Test pred MSE = 1.830471e-03, Param MSE = 1.831185e-02, Grad norm = 1.036945e-06, Beta update rate = 2.499130e-07
Epoch 303800 (6.1%): Train pred MSE = 2.550157e-08, Test pred MSE = 1.830466e-03, Param MSE = 1.831180e-02, Grad norm = 1.034682e-06, Beta update rate = 2.493449e-07
Epoch 304000 (6.1%): Train pred MSE = 2.539475e-08, Test pred MSE = 1.830461e-03, Param MSE = 1.831174e-02, Grad norm = 1.032424e-06, Beta update rate = 2.487781e-07
Epoch 304200 (6.1%): Train pred MSE = 2.528840e-08, Test pred MSE = 1.830456e-03, Param MSE = 1.831169e-02, Grad norm = 1.030172e-06, Beta update rate = 2.482128e-07
Epoch 304400 (6.1%): Train pred MSE = 2.518251e-08, Test pred MSE = 1.830451e-03, Param MSE = 1.831163e-02, Grad norm = 1.027925e-06, Beta update rate = 2.476489e-07
Epoch 304600 (6.1%): Train pred MSE = 2.507707e-08, Test pred MSE = 1.830447e-03, Param MSE = 1.831158e-02, Grad norm = 1.025683e-06, Beta update rate = 2.470865e-07
Epoch 304800 (6.1%): Train pred MSE = 2.497210e-08, Test pred MSE = 1.830442e-03, Param MSE = 1.831152e-02, Grad norm = 1.023447e-06, Beta update rate = 2.465254e-07
Epoch 305000 (6.1%): Train pred MSE = 2.486759e-08, Test pred MSE = 1.830437e-03, Param MSE = 1.831147e-02, Grad norm = 1.021216e-06, Beta update rate = 2.459658e-07
Epoch 305200 (6.1%): Train pred MSE = 2.476353e-08, Test pred MSE = 1.830432e-03, Param MSE = 1.831141e-02, Grad norm = 1.018991e-06, Beta update rate = 2.454075e-07
Epoch 305400 (6.1%): Train pred MSE = 2.465992e-08, Test pred MSE = 1.830427e-03, Param MSE = 1.831136e-02, Grad norm = 1.016770e-06, Beta update rate = 2.448507e-07
Epoch 305600 (6.1%): Train pred MSE = 2.455677e-08, Test pred MSE = 1.830422e-03, Param MSE = 1.831130e-02, Grad norm = 1.014556e-06, Beta update rate = 2.442952e-07
Epoch 305800 (6.1%): Train pred MSE = 2.445406e-08, Test pred MSE = 1.830418e-03, Param MSE = 1.831125e-02, Grad norm = 1.012346e-06, Beta update rate = 2.437411e-07
Epoch 306000 (6.1%): Train pred MSE = 2.435180e-08, Test pred MSE = 1.830413e-03, Param MSE = 1.831120e-02, Grad norm = 1.010142e-06, Beta update rate = 2.431885e-07
Epoch 306200 (6.1%): Train pred MSE = 2.424999e-08, Test pred MSE = 1.830408e-03, Param MSE = 1.831114e-02, Grad norm = 1.007942e-06, Beta update rate = 2.426372e-07
Epoch 306400 (6.1%): Train pred MSE = 2.414861e-08, Test pred MSE = 1.830403e-03, Param MSE = 1.831109e-02, Grad norm = 1.005749e-06, Beta update rate = 2.420873e-07
Epoch 306600 (6.1%): Train pred MSE = 2.404768e-08, Test pred MSE = 1.830399e-03, Param MSE = 1.831104e-02, Grad norm = 1.003560e-06, Beta update rate = 2.415388e-07
Epoch 306800 (6.1%): Train pred MSE = 2.394719e-08, Test pred MSE = 1.830394e-03, Param MSE = 1.831098e-02, Grad norm = 1.001376e-06, Beta update rate = 2.409916e-07
Epoch 307000 (6.1%): Train pred MSE = 2.384713e-08, Test pred MSE = 1.830389e-03, Param MSE = 1.831093e-02, Grad norm = 9.991983e-07, Beta update rate = 2.404458e-07
Epoch 307200 (6.1%): Train pred MSE = 2.374751e-08, Test pred MSE = 1.830385e-03, Param MSE = 1.831088e-02, Grad norm = 9.970252e-07, Beta update rate = 2.399014e-07
Epoch 307400 (6.1%): Train pred MSE = 2.364833e-08, Test pred MSE = 1.830380e-03, Param MSE = 1.831083e-02, Grad norm = 9.948574e-07, Beta update rate = 2.393583e-07
Epoch 307600 (6.2%): Train pred MSE = 2.354957e-08, Test pred MSE = 1.830375e-03, Param MSE = 1.831077e-02, Grad norm = 9.926947e-07, Beta update rate = 2.388166e-07
Epoch 307800 (6.2%): Train pred MSE = 2.345124e-08, Test pred MSE = 1.830371e-03, Param MSE = 1.831072e-02, Grad norm = 9.905371e-07, Beta update rate = 2.382763e-07
Epoch 308000 (6.2%): Train pred MSE = 2.335334e-08, Test pred MSE = 1.830366e-03, Param MSE = 1.831067e-02, Grad norm = 9.883847e-07, Beta update rate = 2.377373e-07
Epoch 308200 (6.2%): Train pred MSE = 2.325586e-08, Test pred MSE = 1.830361e-03, Param MSE = 1.831062e-02, Grad norm = 9.862373e-07, Beta update rate = 2.371996e-07
Epoch 308400 (6.2%): Train pred MSE = 2.315881e-08, Test pred MSE = 1.830357e-03, Param MSE = 1.831056e-02, Grad norm = 9.840951e-07, Beta update rate = 2.366633e-07
Epoch 308600 (6.2%): Train pred MSE = 2.306218e-08, Test pred MSE = 1.830352e-03, Param MSE = 1.831051e-02, Grad norm = 9.819580e-07, Beta update rate = 2.361283e-07
Epoch 308800 (6.2%): Train pred MSE = 2.296596e-08, Test pred MSE = 1.830348e-03, Param MSE = 1.831046e-02, Grad norm = 9.798260e-07, Beta update rate = 2.355947e-07
Epoch 309000 (6.2%): Train pred MSE = 2.287017e-08, Test pred MSE = 1.830343e-03, Param MSE = 1.831041e-02, Grad norm = 9.776990e-07, Beta update rate = 2.350624e-07
Epoch 309200 (6.2%): Train pred MSE = 2.277479e-08, Test pred MSE = 1.830339e-03, Param MSE = 1.831036e-02, Grad norm = 9.755770e-07, Beta update rate = 2.345314e-07
Epoch 309400 (6.2%): Train pred MSE = 2.267982e-08, Test pred MSE = 1.830334e-03, Param MSE = 1.831031e-02, Grad norm = 9.734602e-07, Beta update rate = 2.340017e-07
Epoch 309600 (6.2%): Train pred MSE = 2.258526e-08, Test pred MSE = 1.830330e-03, Param MSE = 1.831026e-02, Grad norm = 9.713483e-07, Beta update rate = 2.334734e-07
Epoch 309800 (6.2%): Train pred MSE = 2.249112e-08, Test pred MSE = 1.830325e-03, Param MSE = 1.831021e-02, Grad norm = 9.692414e-07, Beta update rate = 2.329464e-07
Epoch 310000 (6.2%): Train pred MSE = 2.239738e-08, Test pred MSE = 1.830321e-03, Param MSE = 1.831015e-02, Grad norm = 9.671395e-07, Beta update rate = 2.324207e-07
Epoch 310200 (6.2%): Train pred MSE = 2.230405e-08, Test pred MSE = 1.830316e-03, Param MSE = 1.831010e-02, Grad norm = 9.650427e-07, Beta update rate = 2.318963e-07
Epoch 310400 (6.2%): Train pred MSE = 2.221112e-08, Test pred MSE = 1.830312e-03, Param MSE = 1.831005e-02, Grad norm = 9.629507e-07, Beta update rate = 2.313732e-07
Epoch 310600 (6.2%): Train pred MSE = 2.211860e-08, Test pred MSE = 1.830307e-03, Param MSE = 1.831000e-02, Grad norm = 9.608638e-07, Beta update rate = 2.308514e-07
Epoch 310800 (6.2%): Train pred MSE = 2.202647e-08, Test pred MSE = 1.830303e-03, Param MSE = 1.830995e-02, Grad norm = 9.587818e-07, Beta update rate = 2.303309e-07
Epoch 311000 (6.2%): Train pred MSE = 2.193475e-08, Test pred MSE = 1.830298e-03, Param MSE = 1.830990e-02, Grad norm = 9.567047e-07, Beta update rate = 2.298117e-07
Epoch 311200 (6.2%): Train pred MSE = 2.184342e-08, Test pred MSE = 1.830294e-03, Param MSE = 1.830985e-02, Grad norm = 9.546325e-07, Beta update rate = 2.292937e-07
Epoch 311400 (6.2%): Train pred MSE = 2.175248e-08, Test pred MSE = 1.830290e-03, Param MSE = 1.830980e-02, Grad norm = 9.525652e-07, Beta update rate = 2.287771e-07
Epoch 311600 (6.2%): Train pred MSE = 2.166194e-08, Test pred MSE = 1.830285e-03, Param MSE = 1.830975e-02, Grad norm = 9.505029e-07, Beta update rate = 2.282618e-07
Epoch 311800 (6.2%): Train pred MSE = 2.157179e-08, Test pred MSE = 1.830281e-03, Param MSE = 1.830971e-02, Grad norm = 9.484454e-07, Beta update rate = 2.277477e-07
Epoch 312000 (6.2%): Train pred MSE = 2.148204e-08, Test pred MSE = 1.830276e-03, Param MSE = 1.830966e-02, Grad norm = 9.463927e-07, Beta update rate = 2.272349e-07
Epoch 312200 (6.2%): Train pred MSE = 2.139266e-08, Test pred MSE = 1.830272e-03, Param MSE = 1.830961e-02, Grad norm = 9.443449e-07, Beta update rate = 2.267234e-07
Epoch 312400 (6.2%): Train pred MSE = 2.130368e-08, Test pred MSE = 1.830268e-03, Param MSE = 1.830956e-02, Grad norm = 9.423020e-07, Beta update rate = 2.262132e-07
Epoch 312600 (6.3%): Train pred MSE = 2.121508e-08, Test pred MSE = 1.830263e-03, Param MSE = 1.830951e-02, Grad norm = 9.402639e-07, Beta update rate = 2.257042e-07
Epoch 312800 (6.3%): Train pred MSE = 2.112686e-08, Test pred MSE = 1.830259e-03, Param MSE = 1.830946e-02, Grad norm = 9.382306e-07, Beta update rate = 2.251965e-07
Epoch 313000 (6.3%): Train pred MSE = 2.103903e-08, Test pred MSE = 1.830255e-03, Param MSE = 1.830941e-02, Grad norm = 9.362021e-07, Beta update rate = 2.246900e-07
Epoch 313200 (6.3%): Train pred MSE = 2.095157e-08, Test pred MSE = 1.830251e-03, Param MSE = 1.830936e-02, Grad norm = 9.341784e-07, Beta update rate = 2.241848e-07
Epoch 313400 (6.3%): Train pred MSE = 2.086449e-08, Test pred MSE = 1.830246e-03, Param MSE = 1.830932e-02, Grad norm = 9.321594e-07, Beta update rate = 2.236808e-07
Epoch 313600 (6.3%): Train pred MSE = 2.077779e-08, Test pred MSE = 1.830242e-03, Param MSE = 1.830927e-02, Grad norm = 9.301453e-07, Beta update rate = 2.231781e-07
Epoch 313800 (6.3%): Train pred MSE = 2.069146e-08, Test pred MSE = 1.830238e-03, Param MSE = 1.830922e-02, Grad norm = 9.281358e-07, Beta update rate = 2.226767e-07
Epoch 314000 (6.3%): Train pred MSE = 2.060550e-08, Test pred MSE = 1.830234e-03, Param MSE = 1.830917e-02, Grad norm = 9.261312e-07, Beta update rate = 2.221765e-07
Epoch 314200 (6.3%): Train pred MSE = 2.051992e-08, Test pred MSE = 1.830229e-03, Param MSE = 1.830912e-02, Grad norm = 9.241312e-07, Beta update rate = 2.216775e-07
Epoch 314400 (6.3%): Train pred MSE = 2.043470e-08, Test pred MSE = 1.830225e-03, Param MSE = 1.830908e-02, Grad norm = 9.221360e-07, Beta update rate = 2.211797e-07
Epoch 314600 (6.3%): Train pred MSE = 2.034985e-08, Test pred MSE = 1.830221e-03, Param MSE = 1.830903e-02, Grad norm = 9.201454e-07, Beta update rate = 2.206832e-07
Epoch 314800 (6.3%): Train pred MSE = 2.026537e-08, Test pred MSE = 1.830217e-03, Param MSE = 1.830898e-02, Grad norm = 9.181596e-07, Beta update rate = 2.201879e-07
Epoch 315000 (6.3%): Train pred MSE = 2.018125e-08, Test pred MSE = 1.830213e-03, Param MSE = 1.830893e-02, Grad norm = 9.161784e-07, Beta update rate = 2.196938e-07
Epoch 315200 (6.3%): Train pred MSE = 2.009750e-08, Test pred MSE = 1.830208e-03, Param MSE = 1.830889e-02, Grad norm = 9.142019e-07, Beta update rate = 2.192010e-07
Epoch 315400 (6.3%): Train pred MSE = 2.001410e-08, Test pred MSE = 1.830204e-03, Param MSE = 1.830884e-02, Grad norm = 9.122300e-07, Beta update rate = 2.187094e-07
Epoch 315600 (6.3%): Train pred MSE = 1.993107e-08, Test pred MSE = 1.830200e-03, Param MSE = 1.830879e-02, Grad norm = 9.102628e-07, Beta update rate = 2.182190e-07
Epoch 315800 (6.3%): Train pred MSE = 1.984839e-08, Test pred MSE = 1.830196e-03, Param MSE = 1.830875e-02, Grad norm = 9.083002e-07, Beta update rate = 2.177298e-07
Epoch 316000 (6.3%): Train pred MSE = 1.976607e-08, Test pred MSE = 1.830192e-03, Param MSE = 1.830870e-02, Grad norm = 9.063422e-07, Beta update rate = 2.172418e-07
Epoch 316200 (6.3%): Train pred MSE = 1.968410e-08, Test pred MSE = 1.830188e-03, Param MSE = 1.830865e-02, Grad norm = 9.043888e-07, Beta update rate = 2.167550e-07
Epoch 316400 (6.3%): Train pred MSE = 1.960248e-08, Test pred MSE = 1.830184e-03, Param MSE = 1.830861e-02, Grad norm = 9.024400e-07, Beta update rate = 2.162694e-07
Epoch 316600 (6.3%): Train pred MSE = 1.952122e-08, Test pred MSE = 1.830180e-03, Param MSE = 1.830856e-02, Grad norm = 9.004958e-07, Beta update rate = 2.157850e-07
Epoch 316800 (6.3%): Train pred MSE = 1.944031e-08, Test pred MSE = 1.830176e-03, Param MSE = 1.830852e-02, Grad norm = 8.985562e-07, Beta update rate = 2.153018e-07
Epoch 317000 (6.3%): Train pred MSE = 1.935974e-08, Test pred MSE = 1.830172e-03, Param MSE = 1.830847e-02, Grad norm = 8.966211e-07, Beta update rate = 2.148198e-07
Epoch 317200 (6.3%): Train pred MSE = 1.927952e-08, Test pred MSE = 1.830168e-03, Param MSE = 1.830842e-02, Grad norm = 8.946906e-07, Beta update rate = 2.143389e-07
Epoch 317400 (6.3%): Train pred MSE = 1.919965e-08, Test pred MSE = 1.830164e-03, Param MSE = 1.830838e-02, Grad norm = 8.927646e-07, Beta update rate = 2.138593e-07
Epoch 317600 (6.4%): Train pred MSE = 1.912012e-08, Test pred MSE = 1.830160e-03, Param MSE = 1.830833e-02, Grad norm = 8.908431e-07, Beta update rate = 2.133808e-07
Epoch 317800 (6.4%): Train pred MSE = 1.904093e-08, Test pred MSE = 1.830156e-03, Param MSE = 1.830829e-02, Grad norm = 8.889261e-07, Beta update rate = 2.129035e-07
Epoch 318000 (6.4%): Train pred MSE = 1.896208e-08, Test pred MSE = 1.830152e-03, Param MSE = 1.830824e-02, Grad norm = 8.870136e-07, Beta update rate = 2.124274e-07
Epoch 318200 (6.4%): Train pred MSE = 1.888358e-08, Test pred MSE = 1.830148e-03, Param MSE = 1.830820e-02, Grad norm = 8.851056e-07, Beta update rate = 2.119525e-07
Epoch 318400 (6.4%): Train pred MSE = 1.880540e-08, Test pred MSE = 1.830144e-03, Param MSE = 1.830815e-02, Grad norm = 8.832021e-07, Beta update rate = 2.114787e-07
Epoch 318600 (6.4%): Train pred MSE = 1.872757e-08, Test pred MSE = 1.830140e-03, Param MSE = 1.830811e-02, Grad norm = 8.813030e-07, Beta update rate = 2.110061e-07
Epoch 318800 (6.4%): Train pred MSE = 1.865007e-08, Test pred MSE = 1.830136e-03, Param MSE = 1.830806e-02, Grad norm = 8.794084e-07, Beta update rate = 2.105347e-07
Epoch 319000 (6.4%): Train pred MSE = 1.857290e-08, Test pred MSE = 1.830132e-03, Param MSE = 1.830802e-02, Grad norm = 8.775182e-07, Beta update rate = 2.100644e-07
Epoch 319200 (6.4%): Train pred MSE = 1.849606e-08, Test pred MSE = 1.830128e-03, Param MSE = 1.830797e-02, Grad norm = 8.756324e-07, Beta update rate = 2.095952e-07
Epoch 319400 (6.4%): Train pred MSE = 1.841955e-08, Test pred MSE = 1.830124e-03, Param MSE = 1.830793e-02, Grad norm = 8.737511e-07, Beta update rate = 2.091273e-07
Epoch 319600 (6.4%): Train pred MSE = 1.834338e-08, Test pred MSE = 1.830120e-03, Param MSE = 1.830789e-02, Grad norm = 8.718741e-07, Beta update rate = 2.086604e-07
Epoch 319800 (6.4%): Train pred MSE = 1.826752e-08, Test pred MSE = 1.830116e-03, Param MSE = 1.830784e-02, Grad norm = 8.700016e-07, Beta update rate = 2.081947e-07
Epoch 320000 (6.4%): Train pred MSE = 1.819200e-08, Test pred MSE = 1.830112e-03, Param MSE = 1.830780e-02, Grad norm = 8.681334e-07, Beta update rate = 2.077302e-07
Epoch 320200 (6.4%): Train pred MSE = 1.811679e-08, Test pred MSE = 1.830108e-03, Param MSE = 1.830775e-02, Grad norm = 8.662696e-07, Beta update rate = 2.072668e-07
Epoch 320400 (6.4%): Train pred MSE = 1.804191e-08, Test pred MSE = 1.830105e-03, Param MSE = 1.830771e-02, Grad norm = 8.644102e-07, Beta update rate = 2.068045e-07
Epoch 320600 (6.4%): Train pred MSE = 1.796736e-08, Test pred MSE = 1.830101e-03, Param MSE = 1.830767e-02, Grad norm = 8.625551e-07, Beta update rate = 2.063434e-07
Epoch 320800 (6.4%): Train pred MSE = 1.789312e-08, Test pred MSE = 1.830097e-03, Param MSE = 1.830762e-02, Grad norm = 8.607043e-07, Beta update rate = 2.058834e-07
Epoch 321000 (6.4%): Train pred MSE = 1.781919e-08, Test pred MSE = 1.830093e-03, Param MSE = 1.830758e-02, Grad norm = 8.588578e-07, Beta update rate = 2.054245e-07
Epoch 321200 (6.4%): Train pred MSE = 1.774559e-08, Test pred MSE = 1.830089e-03, Param MSE = 1.830754e-02, Grad norm = 8.570157e-07, Beta update rate = 2.049667e-07
Epoch 321400 (6.4%): Train pred MSE = 1.767230e-08, Test pred MSE = 1.830085e-03, Param MSE = 1.830749e-02, Grad norm = 8.551779e-07, Beta update rate = 2.045101e-07
Epoch 321600 (6.4%): Train pred MSE = 1.759933e-08, Test pred MSE = 1.830082e-03, Param MSE = 1.830745e-02, Grad norm = 8.533443e-07, Beta update rate = 2.040546e-07
Epoch 321800 (6.4%): Train pred MSE = 1.752666e-08, Test pred MSE = 1.830078e-03, Param MSE = 1.830741e-02, Grad norm = 8.515151e-07, Beta update rate = 2.036002e-07
Epoch 322000 (6.4%): Train pred MSE = 1.745431e-08, Test pred MSE = 1.830074e-03, Param MSE = 1.830737e-02, Grad norm = 8.496901e-07, Beta update rate = 2.031469e-07
Epoch 322200 (6.4%): Train pred MSE = 1.738227e-08, Test pred MSE = 1.830070e-03, Param MSE = 1.830732e-02, Grad norm = 8.478693e-07, Beta update rate = 2.026947e-07
Epoch 322400 (6.4%): Train pred MSE = 1.731054e-08, Test pred MSE = 1.830067e-03, Param MSE = 1.830728e-02, Grad norm = 8.460528e-07, Beta update rate = 2.022436e-07
Epoch 322600 (6.5%): Train pred MSE = 1.723911e-08, Test pred MSE = 1.830063e-03, Param MSE = 1.830724e-02, Grad norm = 8.442406e-07, Beta update rate = 2.017936e-07
Epoch 322800 (6.5%): Train pred MSE = 1.716799e-08, Test pred MSE = 1.830059e-03, Param MSE = 1.830720e-02, Grad norm = 8.424325e-07, Beta update rate = 2.013448e-07
Epoch 323000 (6.5%): Train pred MSE = 1.709718e-08, Test pred MSE = 1.830055e-03, Param MSE = 1.830715e-02, Grad norm = 8.406287e-07, Beta update rate = 2.008970e-07
Epoch 323200 (6.5%): Train pred MSE = 1.702666e-08, Test pred MSE = 1.830052e-03, Param MSE = 1.830711e-02, Grad norm = 8.388291e-07, Beta update rate = 2.004503e-07
Epoch 323400 (6.5%): Train pred MSE = 1.695645e-08, Test pred MSE = 1.830048e-03, Param MSE = 1.830707e-02, Grad norm = 8.370337e-07, Beta update rate = 2.000047e-07
Epoch 323600 (6.5%): Train pred MSE = 1.688654e-08, Test pred MSE = 1.830044e-03, Param MSE = 1.830703e-02, Grad norm = 8.352424e-07, Beta update rate = 1.995602e-07
Epoch 323800 (6.5%): Train pred MSE = 1.681693e-08, Test pred MSE = 1.830041e-03, Param MSE = 1.830699e-02, Grad norm = 8.334553e-07, Beta update rate = 1.991167e-07
Epoch 324000 (6.5%): Train pred MSE = 1.674761e-08, Test pred MSE = 1.830037e-03, Param MSE = 1.830695e-02, Grad norm = 8.316724e-07, Beta update rate = 1.986744e-07
Epoch 324200 (6.5%): Train pred MSE = 1.667859e-08, Test pred MSE = 1.830033e-03, Param MSE = 1.830690e-02, Grad norm = 8.298936e-07, Beta update rate = 1.982331e-07
Epoch 324400 (6.5%): Train pred MSE = 1.660987e-08, Test pred MSE = 1.830030e-03, Param MSE = 1.830686e-02, Grad norm = 8.281190e-07, Beta update rate = 1.977929e-07
Epoch 324600 (6.5%): Train pred MSE = 1.654144e-08, Test pred MSE = 1.830026e-03, Param MSE = 1.830682e-02, Grad norm = 8.263484e-07, Beta update rate = 1.973538e-07
Epoch 324800 (6.5%): Train pred MSE = 1.647330e-08, Test pred MSE = 1.830023e-03, Param MSE = 1.830678e-02, Grad norm = 8.245820e-07, Beta update rate = 1.969158e-07
Epoch 325000 (6.5%): Train pred MSE = 1.640545e-08, Test pred MSE = 1.830019e-03, Param MSE = 1.830674e-02, Grad norm = 8.228197e-07, Beta update rate = 1.964788e-07
Epoch 325200 (6.5%): Train pred MSE = 1.633789e-08, Test pred MSE = 1.830015e-03, Param MSE = 1.830670e-02, Grad norm = 8.210615e-07, Beta update rate = 1.960429e-07
Epoch 325400 (6.5%): Train pred MSE = 1.627063e-08, Test pred MSE = 1.830012e-03, Param MSE = 1.830666e-02, Grad norm = 8.193074e-07, Beta update rate = 1.956080e-07
Epoch 325600 (6.5%): Train pred MSE = 1.620364e-08, Test pred MSE = 1.830008e-03, Param MSE = 1.830662e-02, Grad norm = 8.175573e-07, Beta update rate = 1.951742e-07
Epoch 325800 (6.5%): Train pred MSE = 1.613695e-08, Test pred MSE = 1.830005e-03, Param MSE = 1.830658e-02, Grad norm = 8.158114e-07, Beta update rate = 1.947414e-07
Epoch 326000 (6.5%): Train pred MSE = 1.607054e-08, Test pred MSE = 1.830001e-03, Param MSE = 1.830654e-02, Grad norm = 8.140694e-07, Beta update rate = 1.943097e-07
Epoch 326200 (6.5%): Train pred MSE = 1.600441e-08, Test pred MSE = 1.829998e-03, Param MSE = 1.830650e-02, Grad norm = 8.123315e-07, Beta update rate = 1.938791e-07
Epoch 326400 (6.5%): Train pred MSE = 1.593856e-08, Test pred MSE = 1.829994e-03, Param MSE = 1.830646e-02, Grad norm = 8.105977e-07, Beta update rate = 1.934495e-07
Epoch 326600 (6.5%): Train pred MSE = 1.587300e-08, Test pred MSE = 1.829991e-03, Param MSE = 1.830642e-02, Grad norm = 8.088678e-07, Beta update rate = 1.930209e-07
Epoch 326800 (6.5%): Train pred MSE = 1.580771e-08, Test pred MSE = 1.829987e-03, Param MSE = 1.830638e-02, Grad norm = 8.071420e-07, Beta update rate = 1.925934e-07
Epoch 327000 (6.5%): Train pred MSE = 1.574270e-08, Test pred MSE = 1.829984e-03, Param MSE = 1.830634e-02, Grad norm = 8.054201e-07, Beta update rate = 1.921669e-07
Epoch 327200 (6.5%): Train pred MSE = 1.567797e-08, Test pred MSE = 1.829980e-03, Param MSE = 1.830630e-02, Grad norm = 8.037023e-07, Beta update rate = 1.917415e-07
Epoch 327400 (6.5%): Train pred MSE = 1.561352e-08, Test pred MSE = 1.829977e-03, Param MSE = 1.830626e-02, Grad norm = 8.019884e-07, Beta update rate = 1.913171e-07
Epoch 327600 (6.6%): Train pred MSE = 1.554934e-08, Test pred MSE = 1.829973e-03, Param MSE = 1.830622e-02, Grad norm = 8.002785e-07, Beta update rate = 1.908937e-07
Epoch 327800 (6.6%): Train pred MSE = 1.548543e-08, Test pred MSE = 1.829970e-03, Param MSE = 1.830618e-02, Grad norm = 7.985726e-07, Beta update rate = 1.904714e-07
Epoch 328000 (6.6%): Train pred MSE = 1.542179e-08, Test pred MSE = 1.829966e-03, Param MSE = 1.830614e-02, Grad norm = 7.968706e-07, Beta update rate = 1.900500e-07
Epoch 328200 (6.6%): Train pred MSE = 1.535843e-08, Test pred MSE = 1.829963e-03, Param MSE = 1.830610e-02, Grad norm = 7.951725e-07, Beta update rate = 1.896297e-07
Epoch 328400 (6.6%): Train pred MSE = 1.529533e-08, Test pred MSE = 1.829959e-03, Param MSE = 1.830606e-02, Grad norm = 7.934784e-07, Beta update rate = 1.892104e-07
Epoch 328600 (6.6%): Train pred MSE = 1.523251e-08, Test pred MSE = 1.829956e-03, Param MSE = 1.830602e-02, Grad norm = 7.917882e-07, Beta update rate = 1.887922e-07
Epoch 328800 (6.6%): Train pred MSE = 1.516995e-08, Test pred MSE = 1.829952e-03, Param MSE = 1.830598e-02, Grad norm = 7.901019e-07, Beta update rate = 1.883749e-07
Epoch 329000 (6.6%): Train pred MSE = 1.510766e-08, Test pred MSE = 1.829949e-03, Param MSE = 1.830595e-02, Grad norm = 7.884195e-07, Beta update rate = 1.879587e-07
Epoch 329200 (6.6%): Train pred MSE = 1.504563e-08, Test pred MSE = 1.829946e-03, Param MSE = 1.830591e-02, Grad norm = 7.867410e-07, Beta update rate = 1.875434e-07
Epoch 329400 (6.6%): Train pred MSE = 1.498387e-08, Test pred MSE = 1.829942e-03, Param MSE = 1.830587e-02, Grad norm = 7.850664e-07, Beta update rate = 1.871292e-07
Epoch 329600 (6.6%): Train pred MSE = 1.492237e-08, Test pred MSE = 1.829939e-03, Param MSE = 1.830583e-02, Grad norm = 7.833956e-07, Beta update rate = 1.867159e-07
Epoch 329800 (6.6%): Train pred MSE = 1.486113e-08, Test pred MSE = 1.829936e-03, Param MSE = 1.830579e-02, Grad norm = 7.817287e-07, Beta update rate = 1.863037e-07
Epoch 330000 (6.6%): Train pred MSE = 1.480015e-08, Test pred MSE = 1.829932e-03, Param MSE = 1.830575e-02, Grad norm = 7.800656e-07, Beta update rate = 1.858925e-07
Epoch 330200 (6.6%): Train pred MSE = 1.473943e-08, Test pred MSE = 1.829929e-03, Param MSE = 1.830572e-02, Grad norm = 7.784064e-07, Beta update rate = 1.854822e-07
Epoch 330400 (6.6%): Train pred MSE = 1.467897e-08, Test pred MSE = 1.829926e-03, Param MSE = 1.830568e-02, Grad norm = 7.767510e-07, Beta update rate = 1.850730e-07
Epoch 330600 (6.6%): Train pred MSE = 1.461876e-08, Test pred MSE = 1.829922e-03, Param MSE = 1.830564e-02, Grad norm = 7.750995e-07, Beta update rate = 1.846647e-07
Epoch 330800 (6.6%): Train pred MSE = 1.455881e-08, Test pred MSE = 1.829919e-03, Param MSE = 1.830560e-02, Grad norm = 7.734517e-07, Beta update rate = 1.842574e-07
Epoch 331000 (6.6%): Train pred MSE = 1.449912e-08, Test pred MSE = 1.829916e-03, Param MSE = 1.830556e-02, Grad norm = 7.718077e-07, Beta update rate = 1.838511e-07
Epoch 331200 (6.6%): Train pred MSE = 1.443968e-08, Test pred MSE = 1.829912e-03, Param MSE = 1.830553e-02, Grad norm = 7.701676e-07, Beta update rate = 1.834458e-07
Epoch 331400 (6.6%): Train pred MSE = 1.438049e-08, Test pred MSE = 1.829909e-03, Param MSE = 1.830549e-02, Grad norm = 7.685312e-07, Beta update rate = 1.830415e-07
Epoch 331600 (6.6%): Train pred MSE = 1.432155e-08, Test pred MSE = 1.829906e-03, Param MSE = 1.830545e-02, Grad norm = 7.668985e-07, Beta update rate = 1.826381e-07
Epoch 331800 (6.6%): Train pred MSE = 1.426286e-08, Test pred MSE = 1.829902e-03, Param MSE = 1.830542e-02, Grad norm = 7.652697e-07, Beta update rate = 1.822357e-07
Epoch 332000 (6.6%): Train pred MSE = 1.420442e-08, Test pred MSE = 1.829899e-03, Param MSE = 1.830538e-02, Grad norm = 7.636446e-07, Beta update rate = 1.818343e-07
Epoch 332200 (6.6%): Train pred MSE = 1.414623e-08, Test pred MSE = 1.829896e-03, Param MSE = 1.830534e-02, Grad norm = 7.620232e-07, Beta update rate = 1.814338e-07
Epoch 332400 (6.6%): Train pred MSE = 1.408829e-08, Test pred MSE = 1.829893e-03, Param MSE = 1.830530e-02, Grad norm = 7.604056e-07, Beta update rate = 1.810343e-07
Epoch 332600 (6.7%): Train pred MSE = 1.403059e-08, Test pred MSE = 1.829889e-03, Param MSE = 1.830527e-02, Grad norm = 7.587916e-07, Beta update rate = 1.806358e-07
Epoch 332800 (6.7%): Train pred MSE = 1.397314e-08, Test pred MSE = 1.829886e-03, Param MSE = 1.830523e-02, Grad norm = 7.571814e-07, Beta update rate = 1.802383e-07
Epoch 333000 (6.7%): Train pred MSE = 1.391593e-08, Test pred MSE = 1.829883e-03, Param MSE = 1.830519e-02, Grad norm = 7.555749e-07, Beta update rate = 1.798416e-07
Epoch 333200 (6.7%): Train pred MSE = 1.385896e-08, Test pred MSE = 1.829880e-03, Param MSE = 1.830516e-02, Grad norm = 7.539721e-07, Beta update rate = 1.794460e-07
Epoch 333400 (6.7%): Train pred MSE = 1.380224e-08, Test pred MSE = 1.829877e-03, Param MSE = 1.830512e-02, Grad norm = 7.523730e-07, Beta update rate = 1.790513e-07
Epoch 333600 (6.7%): Train pred MSE = 1.374575e-08, Test pred MSE = 1.829873e-03, Param MSE = 1.830509e-02, Grad norm = 7.507776e-07, Beta update rate = 1.786575e-07
Epoch 333800 (6.7%): Train pred MSE = 1.368950e-08, Test pred MSE = 1.829870e-03, Param MSE = 1.830505e-02, Grad norm = 7.491858e-07, Beta update rate = 1.782647e-07
Epoch 334000 (6.7%): Train pred MSE = 1.363350e-08, Test pred MSE = 1.829867e-03, Param MSE = 1.830501e-02, Grad norm = 7.475977e-07, Beta update rate = 1.778729e-07
Epoch 334200 (6.7%): Train pred MSE = 1.357772e-08, Test pred MSE = 1.829864e-03, Param MSE = 1.830498e-02, Grad norm = 7.460132e-07, Beta update rate = 1.774820e-07
Epoch 334400 (6.7%): Train pred MSE = 1.352219e-08, Test pred MSE = 1.829861e-03, Param MSE = 1.830494e-02, Grad norm = 7.444323e-07, Beta update rate = 1.770920e-07
Epoch 334600 (6.7%): Train pred MSE = 1.346689e-08, Test pred MSE = 1.829858e-03, Param MSE = 1.830491e-02, Grad norm = 7.428551e-07, Beta update rate = 1.767029e-07
Epoch 334800 (6.7%): Train pred MSE = 1.341182e-08, Test pred MSE = 1.829855e-03, Param MSE = 1.830487e-02, Grad norm = 7.412816e-07, Beta update rate = 1.763148e-07
Epoch 335000 (6.7%): Train pred MSE = 1.335699e-08, Test pred MSE = 1.829851e-03, Param MSE = 1.830483e-02, Grad norm = 7.397116e-07, Beta update rate = 1.759276e-07
Epoch 335200 (6.7%): Train pred MSE = 1.330239e-08, Test pred MSE = 1.829848e-03, Param MSE = 1.830480e-02, Grad norm = 7.381452e-07, Beta update rate = 1.755414e-07
Epoch 335400 (6.7%): Train pred MSE = 1.324802e-08, Test pred MSE = 1.829845e-03, Param MSE = 1.830476e-02, Grad norm = 7.365824e-07, Beta update rate = 1.751561e-07
Epoch 335600 (6.7%): Train pred MSE = 1.319388e-08, Test pred MSE = 1.829842e-03, Param MSE = 1.830473e-02, Grad norm = 7.350232e-07, Beta update rate = 1.747717e-07
Epoch 335800 (6.7%): Train pred MSE = 1.313997e-08, Test pred MSE = 1.829839e-03, Param MSE = 1.830469e-02, Grad norm = 7.334676e-07, Beta update rate = 1.743882e-07
Epoch 336000 (6.7%): Train pred MSE = 1.308629e-08, Test pred MSE = 1.829836e-03, Param MSE = 1.830466e-02, Grad norm = 7.319155e-07, Beta update rate = 1.740057e-07
Epoch 336200 (6.7%): Train pred MSE = 1.303283e-08, Test pred MSE = 1.829833e-03, Param MSE = 1.830462e-02, Grad norm = 7.303670e-07, Beta update rate = 1.736240e-07
Epoch 336400 (6.7%): Train pred MSE = 1.297960e-08, Test pred MSE = 1.829830e-03, Param MSE = 1.830459e-02, Grad norm = 7.288220e-07, Beta update rate = 1.732433e-07
Epoch 336600 (6.7%): Train pred MSE = 1.292660e-08, Test pred MSE = 1.829827e-03, Param MSE = 1.830455e-02, Grad norm = 7.272806e-07, Beta update rate = 1.728635e-07
Epoch 336800 (6.7%): Train pred MSE = 1.287382e-08, Test pred MSE = 1.829824e-03, Param MSE = 1.830452e-02, Grad norm = 7.257427e-07, Beta update rate = 1.724846e-07
Epoch 337000 (6.7%): Train pred MSE = 1.282126e-08, Test pred MSE = 1.829821e-03, Param MSE = 1.830448e-02, Grad norm = 7.242084e-07, Beta update rate = 1.721066e-07
Epoch 337200 (6.7%): Train pred MSE = 1.276892e-08, Test pred MSE = 1.829818e-03, Param MSE = 1.830445e-02, Grad norm = 7.226775e-07, Beta update rate = 1.717295e-07
Epoch 337400 (6.7%): Train pred MSE = 1.271681e-08, Test pred MSE = 1.829815e-03, Param MSE = 1.830442e-02, Grad norm = 7.211501e-07, Beta update rate = 1.713533e-07
Epoch 337600 (6.8%): Train pred MSE = 1.266491e-08, Test pred MSE = 1.829812e-03, Param MSE = 1.830438e-02, Grad norm = 7.196263e-07, Beta update rate = 1.709780e-07
Epoch 337800 (6.8%): Train pred MSE = 1.261324e-08, Test pred MSE = 1.829809e-03, Param MSE = 1.830435e-02, Grad norm = 7.181059e-07, Beta update rate = 1.706037e-07
Epoch 338000 (6.8%): Train pred MSE = 1.256178e-08, Test pred MSE = 1.829806e-03, Param MSE = 1.830431e-02, Grad norm = 7.165890e-07, Beta update rate = 1.702302e-07
Epoch 338200 (6.8%): Train pred MSE = 1.251054e-08, Test pred MSE = 1.829803e-03, Param MSE = 1.830428e-02, Grad norm = 7.150755e-07, Beta update rate = 1.698576e-07
Epoch 338400 (6.8%): Train pred MSE = 1.245951e-08, Test pred MSE = 1.829800e-03, Param MSE = 1.830425e-02, Grad norm = 7.135655e-07, Beta update rate = 1.694859e-07
Epoch 338600 (6.8%): Train pred MSE = 1.240870e-08, Test pred MSE = 1.829797e-03, Param MSE = 1.830421e-02, Grad norm = 7.120590e-07, Beta update rate = 1.691150e-07
Epoch 338800 (6.8%): Train pred MSE = 1.235811e-08, Test pred MSE = 1.829794e-03, Param MSE = 1.830418e-02, Grad norm = 7.105559e-07, Beta update rate = 1.687451e-07
Epoch 339000 (6.8%): Train pred MSE = 1.230773e-08, Test pred MSE = 1.829791e-03, Param MSE = 1.830414e-02, Grad norm = 7.090563e-07, Beta update rate = 1.683761e-07
Epoch 339200 (6.8%): Train pred MSE = 1.225756e-08, Test pred MSE = 1.829788e-03, Param MSE = 1.830411e-02, Grad norm = 7.075600e-07, Beta update rate = 1.680079e-07
Epoch 339400 (6.8%): Train pred MSE = 1.220760e-08, Test pred MSE = 1.829785e-03, Param MSE = 1.830408e-02, Grad norm = 7.060672e-07, Beta update rate = 1.676406e-07
Epoch 339600 (6.8%): Train pred MSE = 1.215785e-08, Test pred MSE = 1.829782e-03, Param MSE = 1.830404e-02, Grad norm = 7.045778e-07, Beta update rate = 1.672742e-07
Epoch 339800 (6.8%): Train pred MSE = 1.210831e-08, Test pred MSE = 1.829779e-03, Param MSE = 1.830401e-02, Grad norm = 7.030918e-07, Beta update rate = 1.669086e-07
Epoch 340000 (6.8%): Train pred MSE = 1.205899e-08, Test pred MSE = 1.829776e-03, Param MSE = 1.830398e-02, Grad norm = 7.016091e-07, Beta update rate = 1.665440e-07
Epoch 340200 (6.8%): Train pred MSE = 1.200987e-08, Test pred MSE = 1.829773e-03, Param MSE = 1.830394e-02, Grad norm = 7.001299e-07, Beta update rate = 1.661802e-07
Epoch 340400 (6.8%): Train pred MSE = 1.196095e-08, Test pred MSE = 1.829770e-03, Param MSE = 1.830391e-02, Grad norm = 6.986540e-07, Beta update rate = 1.658172e-07
Epoch 340600 (6.8%): Train pred MSE = 1.191224e-08, Test pred MSE = 1.829768e-03, Param MSE = 1.830388e-02, Grad norm = 6.971815e-07, Beta update rate = 1.654552e-07
Epoch 340800 (6.8%): Train pred MSE = 1.186374e-08, Test pred MSE = 1.829765e-03, Param MSE = 1.830385e-02, Grad norm = 6.957123e-07, Beta update rate = 1.650940e-07
Epoch 341000 (6.8%): Train pred MSE = 1.181544e-08, Test pred MSE = 1.829762e-03, Param MSE = 1.830381e-02, Grad norm = 6.942465e-07, Beta update rate = 1.647336e-07
Epoch 341200 (6.8%): Train pred MSE = 1.176735e-08, Test pred MSE = 1.829759e-03, Param MSE = 1.830378e-02, Grad norm = 6.927840e-07, Beta update rate = 1.643741e-07
Epoch 341400 (6.8%): Train pred MSE = 1.171945e-08, Test pred MSE = 1.829756e-03, Param MSE = 1.830375e-02, Grad norm = 6.913249e-07, Beta update rate = 1.640155e-07
Epoch 341600 (6.8%): Train pred MSE = 1.167176e-08, Test pred MSE = 1.829753e-03, Param MSE = 1.830372e-02, Grad norm = 6.898690e-07, Beta update rate = 1.636577e-07
Epoch 341800 (6.8%): Train pred MSE = 1.162427e-08, Test pred MSE = 1.829750e-03, Param MSE = 1.830368e-02, Grad norm = 6.884165e-07, Beta update rate = 1.633008e-07
Epoch 342000 (6.8%): Train pred MSE = 1.157698e-08, Test pred MSE = 1.829748e-03, Param MSE = 1.830365e-02, Grad norm = 6.869673e-07, Beta update rate = 1.629447e-07
Epoch 342200 (6.8%): Train pred MSE = 1.152989e-08, Test pred MSE = 1.829745e-03, Param MSE = 1.830362e-02, Grad norm = 6.855214e-07, Beta update rate = 1.625895e-07
Epoch 342400 (6.8%): Train pred MSE = 1.148299e-08, Test pred MSE = 1.829742e-03, Param MSE = 1.830359e-02, Grad norm = 6.840788e-07, Beta update rate = 1.622351e-07
Epoch 342600 (6.9%): Train pred MSE = 1.143629e-08, Test pred MSE = 1.829739e-03, Param MSE = 1.830356e-02, Grad norm = 6.826394e-07, Beta update rate = 1.618816e-07
Epoch 342800 (6.9%): Train pred MSE = 1.138979e-08, Test pred MSE = 1.829736e-03, Param MSE = 1.830352e-02, Grad norm = 6.812034e-07, Beta update rate = 1.615289e-07
Epoch 343000 (6.9%): Train pred MSE = 1.134349e-08, Test pred MSE = 1.829734e-03, Param MSE = 1.830349e-02, Grad norm = 6.797705e-07, Beta update rate = 1.611770e-07
Epoch 343200 (6.9%): Train pred MSE = 1.129738e-08, Test pred MSE = 1.829731e-03, Param MSE = 1.830346e-02, Grad norm = 6.783410e-07, Beta update rate = 1.608260e-07
Epoch 343400 (6.9%): Train pred MSE = 1.125146e-08, Test pred MSE = 1.829728e-03, Param MSE = 1.830343e-02, Grad norm = 6.769147e-07, Beta update rate = 1.604758e-07
Epoch 343600 (6.9%): Train pred MSE = 1.120574e-08, Test pred MSE = 1.829725e-03, Param MSE = 1.830340e-02, Grad norm = 6.754916e-07, Beta update rate = 1.601264e-07
Epoch 343800 (6.9%): Train pred MSE = 1.116020e-08, Test pred MSE = 1.829723e-03, Param MSE = 1.830337e-02, Grad norm = 6.740718e-07, Beta update rate = 1.597779e-07
Epoch 344000 (6.9%): Train pred MSE = 1.111486e-08, Test pred MSE = 1.829720e-03, Param MSE = 1.830333e-02, Grad norm = 6.726552e-07, Beta update rate = 1.594302e-07
Epoch 344200 (6.9%): Train pred MSE = 1.106971e-08, Test pred MSE = 1.829717e-03, Param MSE = 1.830330e-02, Grad norm = 6.712418e-07, Beta update rate = 1.590833e-07
Epoch 344400 (6.9%): Train pred MSE = 1.102475e-08, Test pred MSE = 1.829714e-03, Param MSE = 1.830327e-02, Grad norm = 6.698316e-07, Beta update rate = 1.587372e-07
Epoch 344600 (6.9%): Train pred MSE = 1.097998e-08, Test pred MSE = 1.829712e-03, Param MSE = 1.830324e-02, Grad norm = 6.684246e-07, Beta update rate = 1.583920e-07
Epoch 344800 (6.9%): Train pred MSE = 1.093539e-08, Test pred MSE = 1.829709e-03, Param MSE = 1.830321e-02, Grad norm = 6.670208e-07, Beta update rate = 1.580476e-07
Epoch 345000 (6.9%): Train pred MSE = 1.089100e-08, Test pred MSE = 1.829706e-03, Param MSE = 1.830318e-02, Grad norm = 6.656201e-07, Beta update rate = 1.577039e-07
Epoch 345200 (6.9%): Train pred MSE = 1.084678e-08, Test pred MSE = 1.829703e-03, Param MSE = 1.830315e-02, Grad norm = 6.642227e-07, Beta update rate = 1.573612e-07
Epoch 345400 (6.9%): Train pred MSE = 1.080276e-08, Test pred MSE = 1.829701e-03, Param MSE = 1.830312e-02, Grad norm = 6.628284e-07, Beta update rate = 1.570192e-07
Epoch 345600 (6.9%): Train pred MSE = 1.075892e-08, Test pred MSE = 1.829698e-03, Param MSE = 1.830309e-02, Grad norm = 6.614373e-07, Beta update rate = 1.566780e-07
Epoch 345800 (6.9%): Train pred MSE = 1.071526e-08, Test pred MSE = 1.829695e-03, Param MSE = 1.830306e-02, Grad norm = 6.600493e-07, Beta update rate = 1.563376e-07
Epoch 346000 (6.9%): Train pred MSE = 1.067178e-08, Test pred MSE = 1.829693e-03, Param MSE = 1.830302e-02, Grad norm = 6.586645e-07, Beta update rate = 1.559981e-07
Epoch 346200 (6.9%): Train pred MSE = 1.062849e-08, Test pred MSE = 1.829690e-03, Param MSE = 1.830299e-02, Grad norm = 6.572828e-07, Beta update rate = 1.556593e-07
Epoch 346400 (6.9%): Train pred MSE = 1.058538e-08, Test pred MSE = 1.829687e-03, Param MSE = 1.830296e-02, Grad norm = 6.559042e-07, Beta update rate = 1.553214e-07
Epoch 346600 (6.9%): Train pred MSE = 1.054245e-08, Test pred MSE = 1.829685e-03, Param MSE = 1.830293e-02, Grad norm = 6.545287e-07, Beta update rate = 1.549842e-07
Epoch 346800 (6.9%): Train pred MSE = 1.049970e-08, Test pred MSE = 1.829682e-03, Param MSE = 1.830290e-02, Grad norm = 6.531564e-07, Beta update rate = 1.546479e-07
Epoch 347000 (6.9%): Train pred MSE = 1.045713e-08, Test pred MSE = 1.829679e-03, Param MSE = 1.830287e-02, Grad norm = 6.517872e-07, Beta update rate = 1.543123e-07
Epoch 347200 (6.9%): Train pred MSE = 1.041474e-08, Test pred MSE = 1.829677e-03, Param MSE = 1.830284e-02, Grad norm = 6.504210e-07, Beta update rate = 1.539775e-07
Epoch 347400 (6.9%): Train pred MSE = 1.037252e-08, Test pred MSE = 1.829674e-03, Param MSE = 1.830281e-02, Grad norm = 6.490580e-07, Beta update rate = 1.536436e-07
Epoch 347600 (7.0%): Train pred MSE = 1.033048e-08, Test pred MSE = 1.829672e-03, Param MSE = 1.830278e-02, Grad norm = 6.476980e-07, Beta update rate = 1.533104e-07
Epoch 347800 (7.0%): Train pred MSE = 1.028862e-08, Test pred MSE = 1.829669e-03, Param MSE = 1.830275e-02, Grad norm = 6.463411e-07, Beta update rate = 1.529780e-07
Epoch 348000 (7.0%): Train pred MSE = 1.024693e-08, Test pred MSE = 1.829666e-03, Param MSE = 1.830272e-02, Grad norm = 6.449873e-07, Beta update rate = 1.526463e-07
Epoch 348200 (7.0%): Train pred MSE = 1.020542e-08, Test pred MSE = 1.829664e-03, Param MSE = 1.830269e-02, Grad norm = 6.436365e-07, Beta update rate = 1.523155e-07
Epoch 348400 (7.0%): Train pred MSE = 1.016408e-08, Test pred MSE = 1.829661e-03, Param MSE = 1.830267e-02, Grad norm = 6.422888e-07, Beta update rate = 1.519854e-07
Epoch 348600 (7.0%): Train pred MSE = 1.012291e-08, Test pred MSE = 1.829659e-03, Param MSE = 1.830264e-02, Grad norm = 6.409441e-07, Beta update rate = 1.516562e-07
Epoch 348800 (7.0%): Train pred MSE = 1.008192e-08, Test pred MSE = 1.829656e-03, Param MSE = 1.830261e-02, Grad norm = 6.396025e-07, Beta update rate = 1.513277e-07
Epoch 349000 (7.0%): Train pred MSE = 1.004110e-08, Test pred MSE = 1.829654e-03, Param MSE = 1.830258e-02, Grad norm = 6.382638e-07, Beta update rate = 1.509999e-07
Epoch 349200 (7.0%): Train pred MSE = 1.000044e-08, Test pred MSE = 1.829651e-03, Param MSE = 1.830255e-02, Grad norm = 6.369282e-07, Beta update rate = 1.506730e-07
Epoch 349400 (7.0%): Train pred MSE = 9.959962e-09, Test pred MSE = 1.829648e-03, Param MSE = 1.830252e-02, Grad norm = 6.355957e-07, Beta update rate = 1.503468e-07
Epoch 349600 (7.0%): Train pred MSE = 9.919649e-09, Test pred MSE = 1.829646e-03, Param MSE = 1.830249e-02, Grad norm = 6.342661e-07, Beta update rate = 1.500214e-07
Epoch 349800 (7.0%): Train pred MSE = 9.879504e-09, Test pred MSE = 1.829643e-03, Param MSE = 1.830246e-02, Grad norm = 6.329395e-07, Beta update rate = 1.496967e-07
Epoch 350000 (7.0%): Train pred MSE = 9.839527e-09, Test pred MSE = 1.829641e-03, Param MSE = 1.830243e-02, Grad norm = 6.316159e-07, Beta update rate = 1.493729e-07
Epoch 350200 (7.0%): Train pred MSE = 9.799718e-09, Test pred MSE = 1.829638e-03, Param MSE = 1.830240e-02, Grad norm = 6.302953e-07, Beta update rate = 1.490497e-07
Epoch 350400 (7.0%): Train pred MSE = 9.760074e-09, Test pred MSE = 1.829636e-03, Param MSE = 1.830237e-02, Grad norm = 6.289777e-07, Beta update rate = 1.487274e-07
Epoch 350600 (7.0%): Train pred MSE = 9.720596e-09, Test pred MSE = 1.829633e-03, Param MSE = 1.830235e-02, Grad norm = 6.276630e-07, Beta update rate = 1.484058e-07
Epoch 350800 (7.0%): Train pred MSE = 9.681283e-09, Test pred MSE = 1.829631e-03, Param MSE = 1.830232e-02, Grad norm = 6.263513e-07, Beta update rate = 1.480849e-07
Epoch 351000 (7.0%): Train pred MSE = 9.642134e-09, Test pred MSE = 1.829628e-03, Param MSE = 1.830229e-02, Grad norm = 6.250425e-07, Beta update rate = 1.477648e-07
Epoch 351200 (7.0%): Train pred MSE = 9.603148e-09, Test pred MSE = 1.829626e-03, Param MSE = 1.830226e-02, Grad norm = 6.237367e-07, Beta update rate = 1.474455e-07
Epoch 351400 (7.0%): Train pred MSE = 9.564325e-09, Test pred MSE = 1.829623e-03, Param MSE = 1.830223e-02, Grad norm = 6.224339e-07, Beta update rate = 1.471269e-07
Epoch 351600 (7.0%): Train pred MSE = 9.525664e-09, Test pred MSE = 1.829621e-03, Param MSE = 1.830220e-02, Grad norm = 6.211339e-07, Beta update rate = 1.468090e-07
Epoch 351800 (7.0%): Train pred MSE = 9.487165e-09, Test pred MSE = 1.829618e-03, Param MSE = 1.830218e-02, Grad norm = 6.198369e-07, Beta update rate = 1.464920e-07
Epoch 352000 (7.0%): Train pred MSE = 9.448826e-09, Test pred MSE = 1.829616e-03, Param MSE = 1.830215e-02, Grad norm = 6.185428e-07, Beta update rate = 1.461756e-07
Epoch 352200 (7.0%): Train pred MSE = 9.410647e-09, Test pred MSE = 1.829614e-03, Param MSE = 1.830212e-02, Grad norm = 6.172516e-07, Beta update rate = 1.458600e-07
Epoch 352400 (7.0%): Train pred MSE = 9.372627e-09, Test pred MSE = 1.829611e-03, Param MSE = 1.830209e-02, Grad norm = 6.159633e-07, Beta update rate = 1.455451e-07
Epoch 352600 (7.1%): Train pred MSE = 9.334766e-09, Test pred MSE = 1.829609e-03, Param MSE = 1.830206e-02, Grad norm = 6.146779e-07, Beta update rate = 1.452310e-07
Epoch 352800 (7.1%): Train pred MSE = 9.297062e-09, Test pred MSE = 1.829606e-03, Param MSE = 1.830204e-02, Grad norm = 6.133954e-07, Beta update rate = 1.449176e-07
Epoch 353000 (7.1%): Train pred MSE = 9.259516e-09, Test pred MSE = 1.829604e-03, Param MSE = 1.830201e-02, Grad norm = 6.121158e-07, Beta update rate = 1.446050e-07
Epoch 353200 (7.1%): Train pred MSE = 9.222126e-09, Test pred MSE = 1.829601e-03, Param MSE = 1.830198e-02, Grad norm = 6.108391e-07, Beta update rate = 1.442930e-07
Epoch 353400 (7.1%): Train pred MSE = 9.184892e-09, Test pred MSE = 1.829599e-03, Param MSE = 1.830195e-02, Grad norm = 6.095652e-07, Beta update rate = 1.439818e-07
Epoch 353600 (7.1%): Train pred MSE = 9.147813e-09, Test pred MSE = 1.829597e-03, Param MSE = 1.830193e-02, Grad norm = 6.082942e-07, Beta update rate = 1.436714e-07
Epoch 353800 (7.1%): Train pred MSE = 9.110888e-09, Test pred MSE = 1.829594e-03, Param MSE = 1.830190e-02, Grad norm = 6.070260e-07, Beta update rate = 1.433616e-07
Epoch 354000 (7.1%): Train pred MSE = 9.074118e-09, Test pred MSE = 1.829592e-03, Param MSE = 1.830187e-02, Grad norm = 6.057607e-07, Beta update rate = 1.430526e-07
Epoch 354200 (7.1%): Train pred MSE = 9.037500e-09, Test pred MSE = 1.829589e-03, Param MSE = 1.830184e-02, Grad norm = 6.044982e-07, Beta update rate = 1.427443e-07
Epoch 354400 (7.1%): Train pred MSE = 9.001035e-09, Test pred MSE = 1.829587e-03, Param MSE = 1.830182e-02, Grad norm = 6.032385e-07, Beta update rate = 1.424368e-07
Epoch 354600 (7.1%): Train pred MSE = 8.964722e-09, Test pred MSE = 1.829585e-03, Param MSE = 1.830179e-02, Grad norm = 6.019817e-07, Beta update rate = 1.421299e-07
Epoch 354800 (7.1%): Train pred MSE = 8.928559e-09, Test pred MSE = 1.829582e-03, Param MSE = 1.830176e-02, Grad norm = 6.007277e-07, Beta update rate = 1.418238e-07
Epoch 355000 (7.1%): Train pred MSE = 8.892548e-09, Test pred MSE = 1.829580e-03, Param MSE = 1.830174e-02, Grad norm = 5.994765e-07, Beta update rate = 1.415184e-07
Epoch 355200 (7.1%): Train pred MSE = 8.856686e-09, Test pred MSE = 1.829578e-03, Param MSE = 1.830171e-02, Grad norm = 5.982281e-07, Beta update rate = 1.412137e-07
Epoch 355400 (7.1%): Train pred MSE = 8.820973e-09, Test pred MSE = 1.829575e-03, Param MSE = 1.830168e-02, Grad norm = 5.969825e-07, Beta update rate = 1.409097e-07
Epoch 355600 (7.1%): Train pred MSE = 8.785409e-09, Test pred MSE = 1.829573e-03, Param MSE = 1.830165e-02, Grad norm = 5.957397e-07, Beta update rate = 1.406065e-07
Epoch 355800 (7.1%): Train pred MSE = 8.749993e-09, Test pred MSE = 1.829571e-03, Param MSE = 1.830163e-02, Grad norm = 5.944997e-07, Beta update rate = 1.403039e-07
Epoch 356000 (7.1%): Train pred MSE = 8.714724e-09, Test pred MSE = 1.829568e-03, Param MSE = 1.830160e-02, Grad norm = 5.932624e-07, Beta update rate = 1.400020e-07
Epoch 356200 (7.1%): Train pred MSE = 8.679602e-09, Test pred MSE = 1.829566e-03, Param MSE = 1.830157e-02, Grad norm = 5.920279e-07, Beta update rate = 1.397009e-07
Epoch 356400 (7.1%): Train pred MSE = 8.644626e-09, Test pred MSE = 1.829564e-03, Param MSE = 1.830155e-02, Grad norm = 5.907962e-07, Beta update rate = 1.394004e-07
Epoch 356600 (7.1%): Train pred MSE = 8.609795e-09, Test pred MSE = 1.829561e-03, Param MSE = 1.830152e-02, Grad norm = 5.895673e-07, Beta update rate = 1.391007e-07
Epoch 356800 (7.1%): Train pred MSE = 8.575109e-09, Test pred MSE = 1.829559e-03, Param MSE = 1.830150e-02, Grad norm = 5.883410e-07, Beta update rate = 1.388016e-07
Epoch 357000 (7.1%): Train pred MSE = 8.540567e-09, Test pred MSE = 1.829557e-03, Param MSE = 1.830147e-02, Grad norm = 5.871176e-07, Beta update rate = 1.385033e-07
Epoch 357200 (7.1%): Train pred MSE = 8.506168e-09, Test pred MSE = 1.829555e-03, Param MSE = 1.830144e-02, Grad norm = 5.858968e-07, Beta update rate = 1.382056e-07
Epoch 357400 (7.1%): Train pred MSE = 8.471912e-09, Test pred MSE = 1.829552e-03, Param MSE = 1.830142e-02, Grad norm = 5.846788e-07, Beta update rate = 1.379087e-07
Epoch 357600 (7.2%): Train pred MSE = 8.437799e-09, Test pred MSE = 1.829550e-03, Param MSE = 1.830139e-02, Grad norm = 5.834635e-07, Beta update rate = 1.376124e-07
Epoch 357800 (7.2%): Train pred MSE = 8.403827e-09, Test pred MSE = 1.829548e-03, Param MSE = 1.830137e-02, Grad norm = 5.822510e-07, Beta update rate = 1.373168e-07
Epoch 358000 (7.2%): Train pred MSE = 8.369997e-09, Test pred MSE = 1.829545e-03, Param MSE = 1.830134e-02, Grad norm = 5.810411e-07, Beta update rate = 1.370220e-07
Epoch 358200 (7.2%): Train pred MSE = 8.336306e-09, Test pred MSE = 1.829543e-03, Param MSE = 1.830131e-02, Grad norm = 5.798340e-07, Beta update rate = 1.367278e-07
Epoch 358400 (7.2%): Train pred MSE = 8.302756e-09, Test pred MSE = 1.829541e-03, Param MSE = 1.830129e-02, Grad norm = 5.786295e-07, Beta update rate = 1.364342e-07
Epoch 358600 (7.2%): Train pred MSE = 8.269345e-09, Test pred MSE = 1.829539e-03, Param MSE = 1.830126e-02, Grad norm = 5.774277e-07, Beta update rate = 1.361414e-07
Epoch 358800 (7.2%): Train pred MSE = 8.236072e-09, Test pred MSE = 1.829536e-03, Param MSE = 1.830124e-02, Grad norm = 5.762286e-07, Beta update rate = 1.358493e-07
Epoch 359000 (7.2%): Train pred MSE = 8.202938e-09, Test pred MSE = 1.829534e-03, Param MSE = 1.830121e-02, Grad norm = 5.750322e-07, Beta update rate = 1.355578e-07
Epoch 359200 (7.2%): Train pred MSE = 8.169941e-09, Test pred MSE = 1.829532e-03, Param MSE = 1.830119e-02, Grad norm = 5.738385e-07, Beta update rate = 1.352670e-07
Epoch 359400 (7.2%): Train pred MSE = 8.137081e-09, Test pred MSE = 1.829530e-03, Param MSE = 1.830116e-02, Grad norm = 5.726474e-07, Beta update rate = 1.349769e-07
Epoch 359600 (7.2%): Train pred MSE = 8.104357e-09, Test pred MSE = 1.829528e-03, Param MSE = 1.830113e-02, Grad norm = 5.714589e-07, Beta update rate = 1.346875e-07
Epoch 359800 (7.2%): Train pred MSE = 8.071768e-09, Test pred MSE = 1.829525e-03, Param MSE = 1.830111e-02, Grad norm = 5.702732e-07, Beta update rate = 1.343987e-07
Epoch 360000 (7.2%): Train pred MSE = 8.039315e-09, Test pred MSE = 1.829523e-03, Param MSE = 1.830108e-02, Grad norm = 5.690900e-07, Beta update rate = 1.341106e-07
Epoch 360200 (7.2%): Train pred MSE = 8.006996e-09, Test pred MSE = 1.829521e-03, Param MSE = 1.830106e-02, Grad norm = 5.679095e-07, Beta update rate = 1.338232e-07
Epoch 360400 (7.2%): Train pred MSE = 7.974812e-09, Test pred MSE = 1.829519e-03, Param MSE = 1.830103e-02, Grad norm = 5.667317e-07, Beta update rate = 1.335364e-07
Epoch 360600 (7.2%): Train pred MSE = 7.942760e-09, Test pred MSE = 1.829517e-03, Param MSE = 1.830101e-02, Grad norm = 5.655564e-07, Beta update rate = 1.332503e-07
Epoch 360800 (7.2%): Train pred MSE = 7.910842e-09, Test pred MSE = 1.829514e-03, Param MSE = 1.830098e-02, Grad norm = 5.643838e-07, Beta update rate = 1.329649e-07
Epoch 361000 (7.2%): Train pred MSE = 7.879055e-09, Test pred MSE = 1.829512e-03, Param MSE = 1.830096e-02, Grad norm = 5.632138e-07, Beta update rate = 1.326802e-07
Epoch 361200 (7.2%): Train pred MSE = 7.847400e-09, Test pred MSE = 1.829510e-03, Param MSE = 1.830093e-02, Grad norm = 5.620464e-07, Beta update rate = 1.323961e-07
Epoch 361400 (7.2%): Train pred MSE = 7.815877e-09, Test pred MSE = 1.829508e-03, Param MSE = 1.830091e-02, Grad norm = 5.608815e-07, Beta update rate = 1.321126e-07
Epoch 361600 (7.2%): Train pred MSE = 7.784484e-09, Test pred MSE = 1.829506e-03, Param MSE = 1.830089e-02, Grad norm = 5.597193e-07, Beta update rate = 1.318298e-07
Epoch 361800 (7.2%): Train pred MSE = 7.753220e-09, Test pred MSE = 1.829504e-03, Param MSE = 1.830086e-02, Grad norm = 5.585597e-07, Beta update rate = 1.315477e-07
Epoch 362000 (7.2%): Train pred MSE = 7.722087e-09, Test pred MSE = 1.829502e-03, Param MSE = 1.830084e-02, Grad norm = 5.574026e-07, Beta update rate = 1.312662e-07
Epoch 362200 (7.2%): Train pred MSE = 7.691082e-09, Test pred MSE = 1.829499e-03, Param MSE = 1.830081e-02, Grad norm = 5.562481e-07, Beta update rate = 1.309854e-07
Epoch 362400 (7.2%): Train pred MSE = 7.660205e-09, Test pred MSE = 1.829497e-03, Param MSE = 1.830079e-02, Grad norm = 5.550962e-07, Beta update rate = 1.307052e-07
Epoch 362600 (7.3%): Train pred MSE = 7.629456e-09, Test pred MSE = 1.829495e-03, Param MSE = 1.830076e-02, Grad norm = 5.539469e-07, Beta update rate = 1.304257e-07
Epoch 362800 (7.3%): Train pred MSE = 7.598834e-09, Test pred MSE = 1.829493e-03, Param MSE = 1.830074e-02, Grad norm = 5.528001e-07, Beta update rate = 1.301469e-07
Epoch 363000 (7.3%): Train pred MSE = 7.568339e-09, Test pred MSE = 1.829491e-03, Param MSE = 1.830071e-02, Grad norm = 5.516558e-07, Beta update rate = 1.298686e-07
Epoch 363200 (7.3%): Train pred MSE = 7.537970e-09, Test pred MSE = 1.829489e-03, Param MSE = 1.830069e-02, Grad norm = 5.505141e-07, Beta update rate = 1.295911e-07
Epoch 363400 (7.3%): Train pred MSE = 7.507727e-09, Test pred MSE = 1.829487e-03, Param MSE = 1.830067e-02, Grad norm = 5.493749e-07, Beta update rate = 1.293141e-07
Epoch 363600 (7.3%): Train pred MSE = 7.477609e-09, Test pred MSE = 1.829485e-03, Param MSE = 1.830064e-02, Grad norm = 5.482383e-07, Beta update rate = 1.290378e-07
Epoch 363800 (7.3%): Train pred MSE = 7.447615e-09, Test pred MSE = 1.829483e-03, Param MSE = 1.830062e-02, Grad norm = 5.471041e-07, Beta update rate = 1.287622e-07
Epoch 364000 (7.3%): Train pred MSE = 7.417745e-09, Test pred MSE = 1.829480e-03, Param MSE = 1.830059e-02, Grad norm = 5.459725e-07, Beta update rate = 1.284871e-07
Epoch 364200 (7.3%): Train pred MSE = 7.387998e-09, Test pred MSE = 1.829478e-03, Param MSE = 1.830057e-02, Grad norm = 5.448434e-07, Beta update rate = 1.282128e-07
Epoch 364400 (7.3%): Train pred MSE = 7.358375e-09, Test pred MSE = 1.829476e-03, Param MSE = 1.830055e-02, Grad norm = 5.437168e-07, Beta update rate = 1.279390e-07
Epoch 364600 (7.3%): Train pred MSE = 7.328873e-09, Test pred MSE = 1.829474e-03, Param MSE = 1.830052e-02, Grad norm = 5.425928e-07, Beta update rate = 1.276659e-07
Epoch 364800 (7.3%): Train pred MSE = 7.299494e-09, Test pred MSE = 1.829472e-03, Param MSE = 1.830050e-02, Grad norm = 5.414712e-07, Beta update rate = 1.273934e-07
Epoch 365000 (7.3%): Train pred MSE = 7.270236e-09, Test pred MSE = 1.829470e-03, Param MSE = 1.830048e-02, Grad norm = 5.403520e-07, Beta update rate = 1.271216e-07
Epoch 365200 (7.3%): Train pred MSE = 7.241099e-09, Test pred MSE = 1.829468e-03, Param MSE = 1.830045e-02, Grad norm = 5.392354e-07, Beta update rate = 1.268503e-07
Epoch 365400 (7.3%): Train pred MSE = 7.212082e-09, Test pred MSE = 1.829466e-03, Param MSE = 1.830043e-02, Grad norm = 5.381213e-07, Beta update rate = 1.265797e-07
Epoch 365600 (7.3%): Train pred MSE = 7.183184e-09, Test pred MSE = 1.829464e-03, Param MSE = 1.830041e-02, Grad norm = 5.370096e-07, Beta update rate = 1.263098e-07
Epoch 365800 (7.3%): Train pred MSE = 7.154406e-09, Test pred MSE = 1.829462e-03, Param MSE = 1.830038e-02, Grad norm = 5.359003e-07, Beta update rate = 1.260404e-07
Epoch 366000 (7.3%): Train pred MSE = 7.125747e-09, Test pred MSE = 1.829460e-03, Param MSE = 1.830036e-02, Grad norm = 5.347936e-07, Beta update rate = 1.257717e-07
Epoch 366200 (7.3%): Train pred MSE = 7.097206e-09, Test pred MSE = 1.829458e-03, Param MSE = 1.830034e-02, Grad norm = 5.336892e-07, Beta update rate = 1.255036e-07
Epoch 366400 (7.3%): Train pred MSE = 7.068783e-09, Test pred MSE = 1.829456e-03, Param MSE = 1.830031e-02, Grad norm = 5.325874e-07, Beta update rate = 1.252361e-07
Epoch 366600 (7.3%): Train pred MSE = 7.040477e-09, Test pred MSE = 1.829454e-03, Param MSE = 1.830029e-02, Grad norm = 5.314879e-07, Beta update rate = 1.249692e-07
Epoch 366800 (7.3%): Train pred MSE = 7.012288e-09, Test pred MSE = 1.829452e-03, Param MSE = 1.830027e-02, Grad norm = 5.303909e-07, Beta update rate = 1.247030e-07
Epoch 367000 (7.3%): Train pred MSE = 6.984215e-09, Test pred MSE = 1.829450e-03, Param MSE = 1.830024e-02, Grad norm = 5.292964e-07, Beta update rate = 1.244373e-07
Epoch 367200 (7.3%): Train pred MSE = 6.956258e-09, Test pred MSE = 1.829448e-03, Param MSE = 1.830022e-02, Grad norm = 5.282042e-07, Beta update rate = 1.241723e-07
Epoch 367400 (7.3%): Train pred MSE = 6.928416e-09, Test pred MSE = 1.829446e-03, Param MSE = 1.830020e-02, Grad norm = 5.271145e-07, Beta update rate = 1.239079e-07
Epoch 367600 (7.4%): Train pred MSE = 6.900689e-09, Test pred MSE = 1.829444e-03, Param MSE = 1.830018e-02, Grad norm = 5.260271e-07, Beta update rate = 1.236441e-07
Epoch 367800 (7.4%): Train pred MSE = 6.873076e-09, Test pred MSE = 1.829442e-03, Param MSE = 1.830015e-02, Grad norm = 5.249422e-07, Beta update rate = 1.233809e-07
Epoch 368000 (7.4%): Train pred MSE = 6.845576e-09, Test pred MSE = 1.829440e-03, Param MSE = 1.830013e-02, Grad norm = 5.238597e-07, Beta update rate = 1.231183e-07
Epoch 368200 (7.4%): Train pred MSE = 6.818190e-09, Test pred MSE = 1.829438e-03, Param MSE = 1.830011e-02, Grad norm = 5.227795e-07, Beta update rate = 1.228563e-07
Epoch 368400 (7.4%): Train pred MSE = 6.790917e-09, Test pred MSE = 1.829436e-03, Param MSE = 1.830009e-02, Grad norm = 5.217018e-07, Beta update rate = 1.225949e-07
Epoch 368600 (7.4%): Train pred MSE = 6.763757e-09, Test pred MSE = 1.829434e-03, Param MSE = 1.830006e-02, Grad norm = 5.206264e-07, Beta update rate = 1.223341e-07
Epoch 368800 (7.4%): Train pred MSE = 6.736708e-09, Test pred MSE = 1.829432e-03, Param MSE = 1.830004e-02, Grad norm = 5.195534e-07, Beta update rate = 1.220739e-07
Epoch 369000 (7.4%): Train pred MSE = 6.709770e-09, Test pred MSE = 1.829430e-03, Param MSE = 1.830002e-02, Grad norm = 5.184828e-07, Beta update rate = 1.218143e-07
Epoch 369200 (7.4%): Train pred MSE = 6.682943e-09, Test pred MSE = 1.829428e-03, Param MSE = 1.830000e-02, Grad norm = 5.174145e-07, Beta update rate = 1.215553e-07
Epoch 369400 (7.4%): Train pred MSE = 6.656227e-09, Test pred MSE = 1.829426e-03, Param MSE = 1.829997e-02, Grad norm = 5.163486e-07, Beta update rate = 1.212970e-07
Epoch 369600 (7.4%): Train pred MSE = 6.629621e-09, Test pred MSE = 1.829425e-03, Param MSE = 1.829995e-02, Grad norm = 5.152851e-07, Beta update rate = 1.210392e-07
Epoch 369800 (7.4%): Train pred MSE = 6.603124e-09, Test pred MSE = 1.829423e-03, Param MSE = 1.829993e-02, Grad norm = 5.142239e-07, Beta update rate = 1.207819e-07
Epoch 370000 (7.4%): Train pred MSE = 6.576736e-09, Test pred MSE = 1.829421e-03, Param MSE = 1.829991e-02, Grad norm = 5.131650e-07, Beta update rate = 1.205253e-07
Epoch 370200 (7.4%): Train pred MSE = 6.550457e-09, Test pred MSE = 1.829419e-03, Param MSE = 1.829989e-02, Grad norm = 5.121085e-07, Beta update rate = 1.202693e-07
Epoch 370400 (7.4%): Train pred MSE = 6.524286e-09, Test pred MSE = 1.829417e-03, Param MSE = 1.829986e-02, Grad norm = 5.110543e-07, Beta update rate = 1.200139e-07
Epoch 370600 (7.4%): Train pred MSE = 6.498222e-09, Test pred MSE = 1.829415e-03, Param MSE = 1.829984e-02, Grad norm = 5.100024e-07, Beta update rate = 1.197590e-07
Epoch 370800 (7.4%): Train pred MSE = 6.472266e-09, Test pred MSE = 1.829413e-03, Param MSE = 1.829982e-02, Grad norm = 5.089528e-07, Beta update rate = 1.195047e-07
Epoch 371000 (7.4%): Train pred MSE = 6.446417e-09, Test pred MSE = 1.829411e-03, Param MSE = 1.829980e-02, Grad norm = 5.079056e-07, Beta update rate = 1.192511e-07
Epoch 371200 (7.4%): Train pred MSE = 6.420673e-09, Test pred MSE = 1.829409e-03, Param MSE = 1.829978e-02, Grad norm = 5.068607e-07, Beta update rate = 1.189980e-07
Epoch 371400 (7.4%): Train pred MSE = 6.395036e-09, Test pred MSE = 1.829407e-03, Param MSE = 1.829975e-02, Grad norm = 5.058180e-07, Beta update rate = 1.187454e-07
Epoch 371600 (7.4%): Train pred MSE = 6.369503e-09, Test pred MSE = 1.829406e-03, Param MSE = 1.829973e-02, Grad norm = 5.047777e-07, Beta update rate = 1.184935e-07
Epoch 371800 (7.4%): Train pred MSE = 6.344076e-09, Test pred MSE = 1.829404e-03, Param MSE = 1.829971e-02, Grad norm = 5.037396e-07, Beta update rate = 1.182421e-07
Epoch 372000 (7.4%): Train pred MSE = 6.318753e-09, Test pred MSE = 1.829402e-03, Param MSE = 1.829969e-02, Grad norm = 5.027039e-07, Beta update rate = 1.179913e-07
Epoch 372200 (7.4%): Train pred MSE = 6.293535e-09, Test pred MSE = 1.829400e-03, Param MSE = 1.829967e-02, Grad norm = 5.016704e-07, Beta update rate = 1.177411e-07
Epoch 372400 (7.4%): Train pred MSE = 6.268419e-09, Test pred MSE = 1.829398e-03, Param MSE = 1.829965e-02, Grad norm = 5.006392e-07, Beta update rate = 1.174915e-07
Epoch 372600 (7.5%): Train pred MSE = 6.243407e-09, Test pred MSE = 1.829396e-03, Param MSE = 1.829963e-02, Grad norm = 4.996102e-07, Beta update rate = 1.172424e-07
Epoch 372800 (7.5%): Train pred MSE = 6.218498e-09, Test pred MSE = 1.829394e-03, Param MSE = 1.829961e-02, Grad norm = 4.985835e-07, Beta update rate = 1.169939e-07
Epoch 373000 (7.5%): Train pred MSE = 6.193691e-09, Test pred MSE = 1.829393e-03, Param MSE = 1.829958e-02, Grad norm = 4.975591e-07, Beta update rate = 1.167460e-07
Epoch 373200 (7.5%): Train pred MSE = 6.168986e-09, Test pred MSE = 1.829391e-03, Param MSE = 1.829956e-02, Grad norm = 4.965369e-07, Beta update rate = 1.164986e-07
Epoch 373400 (7.5%): Train pred MSE = 6.144382e-09, Test pred MSE = 1.829389e-03, Param MSE = 1.829954e-02, Grad norm = 4.955170e-07, Beta update rate = 1.162518e-07
Epoch 373600 (7.5%): Train pred MSE = 6.119879e-09, Test pred MSE = 1.829387e-03, Param MSE = 1.829952e-02, Grad norm = 4.944993e-07, Beta update rate = 1.160056e-07
Epoch 373800 (7.5%): Train pred MSE = 6.095476e-09, Test pred MSE = 1.829385e-03, Param MSE = 1.829950e-02, Grad norm = 4.934839e-07, Beta update rate = 1.157600e-07
Epoch 374000 (7.5%): Train pred MSE = 6.071174e-09, Test pred MSE = 1.829383e-03, Param MSE = 1.829948e-02, Grad norm = 4.924706e-07, Beta update rate = 1.155149e-07
Epoch 374200 (7.5%): Train pred MSE = 6.046971e-09, Test pred MSE = 1.829382e-03, Param MSE = 1.829946e-02, Grad norm = 4.914596e-07, Beta update rate = 1.152703e-07
Epoch 374400 (7.5%): Train pred MSE = 6.022868e-09, Test pred MSE = 1.829380e-03, Param MSE = 1.829944e-02, Grad norm = 4.904509e-07, Beta update rate = 1.150263e-07
Epoch 374600 (7.5%): Train pred MSE = 5.998864e-09, Test pred MSE = 1.829378e-03, Param MSE = 1.829942e-02, Grad norm = 4.894443e-07, Beta update rate = 1.147829e-07
Epoch 374800 (7.5%): Train pred MSE = 5.974958e-09, Test pred MSE = 1.829376e-03, Param MSE = 1.829940e-02, Grad norm = 4.884400e-07, Beta update rate = 1.145400e-07
Epoch 375000 (7.5%): Train pred MSE = 5.951150e-09, Test pred MSE = 1.829374e-03, Param MSE = 1.829938e-02, Grad norm = 4.874378e-07, Beta update rate = 1.142977e-07
Epoch 375200 (7.5%): Train pred MSE = 5.927439e-09, Test pred MSE = 1.829373e-03, Param MSE = 1.829936e-02, Grad norm = 4.864379e-07, Beta update rate = 1.140560e-07
Epoch 375400 (7.5%): Train pred MSE = 5.903826e-09, Test pred MSE = 1.829371e-03, Param MSE = 1.829933e-02, Grad norm = 4.854401e-07, Beta update rate = 1.138147e-07
Epoch 375600 (7.5%): Train pred MSE = 5.880309e-09, Test pred MSE = 1.829369e-03, Param MSE = 1.829931e-02, Grad norm = 4.844445e-07, Beta update rate = 1.135741e-07
Epoch 375800 (7.5%): Train pred MSE = 5.856889e-09, Test pred MSE = 1.829367e-03, Param MSE = 1.829929e-02, Grad norm = 4.834511e-07, Beta update rate = 1.133340e-07
Epoch 376000 (7.5%): Train pred MSE = 5.833565e-09, Test pred MSE = 1.829366e-03, Param MSE = 1.829927e-02, Grad norm = 4.824599e-07, Beta update rate = 1.130944e-07
Epoch 376200 (7.5%): Train pred MSE = 5.810336e-09, Test pred MSE = 1.829364e-03, Param MSE = 1.829925e-02, Grad norm = 4.814709e-07, Beta update rate = 1.128554e-07
Epoch 376400 (7.5%): Train pred MSE = 5.787203e-09, Test pred MSE = 1.829362e-03, Param MSE = 1.829923e-02, Grad norm = 4.804840e-07, Beta update rate = 1.126169e-07
Epoch 376600 (7.5%): Train pred MSE = 5.764164e-09, Test pred MSE = 1.829360e-03, Param MSE = 1.829921e-02, Grad norm = 4.794993e-07, Beta update rate = 1.123790e-07
Epoch 376800 (7.5%): Train pred MSE = 5.741219e-09, Test pred MSE = 1.829359e-03, Param MSE = 1.829919e-02, Grad norm = 4.785168e-07, Beta update rate = 1.121416e-07
Epoch 377000 (7.5%): Train pred MSE = 5.718369e-09, Test pred MSE = 1.829357e-03, Param MSE = 1.829917e-02, Grad norm = 4.775364e-07, Beta update rate = 1.119048e-07
Epoch 377200 (7.5%): Train pred MSE = 5.695612e-09, Test pred MSE = 1.829355e-03, Param MSE = 1.829915e-02, Grad norm = 4.765581e-07, Beta update rate = 1.116685e-07
Epoch 377400 (7.5%): Train pred MSE = 5.672948e-09, Test pred MSE = 1.829353e-03, Param MSE = 1.829913e-02, Grad norm = 4.755820e-07, Beta update rate = 1.114327e-07
Epoch 377600 (7.6%): Train pred MSE = 5.650376e-09, Test pred MSE = 1.829352e-03, Param MSE = 1.829911e-02, Grad norm = 4.746081e-07, Beta update rate = 1.111975e-07
Epoch 377800 (7.6%): Train pred MSE = 5.627898e-09, Test pred MSE = 1.829350e-03, Param MSE = 1.829909e-02, Grad norm = 4.736362e-07, Beta update rate = 1.109628e-07
Epoch 378000 (7.6%): Train pred MSE = 5.605511e-09, Test pred MSE = 1.829348e-03, Param MSE = 1.829907e-02, Grad norm = 4.726665e-07, Beta update rate = 1.107287e-07
Epoch 378200 (7.6%): Train pred MSE = 5.583216e-09, Test pred MSE = 1.829346e-03, Param MSE = 1.829905e-02, Grad norm = 4.716989e-07, Beta update rate = 1.104950e-07
Epoch 378400 (7.6%): Train pred MSE = 5.561011e-09, Test pred MSE = 1.829345e-03, Param MSE = 1.829903e-02, Grad norm = 4.707334e-07, Beta update rate = 1.102619e-07
Epoch 378600 (7.6%): Train pred MSE = 5.538898e-09, Test pred MSE = 1.829343e-03, Param MSE = 1.829901e-02, Grad norm = 4.697701e-07, Beta update rate = 1.100294e-07
Epoch 378800 (7.6%): Train pred MSE = 5.516875e-09, Test pred MSE = 1.829341e-03, Param MSE = 1.829899e-02, Grad norm = 4.688088e-07, Beta update rate = 1.097973e-07
Epoch 379000 (7.6%): Train pred MSE = 5.494942e-09, Test pred MSE = 1.829340e-03, Param MSE = 1.829897e-02, Grad norm = 4.678496e-07, Beta update rate = 1.095658e-07
Epoch 379200 (7.6%): Train pred MSE = 5.473099e-09, Test pred MSE = 1.829338e-03, Param MSE = 1.829896e-02, Grad norm = 4.668926e-07, Beta update rate = 1.093349e-07
Epoch 379400 (7.6%): Train pred MSE = 5.451345e-09, Test pred MSE = 1.829336e-03, Param MSE = 1.829894e-02, Grad norm = 4.659376e-07, Beta update rate = 1.091044e-07
Epoch 379600 (7.6%): Train pred MSE = 5.429680e-09, Test pred MSE = 1.829335e-03, Param MSE = 1.829892e-02, Grad norm = 4.649847e-07, Beta update rate = 1.088745e-07
Epoch 379800 (7.6%): Train pred MSE = 5.408103e-09, Test pred MSE = 1.829333e-03, Param MSE = 1.829890e-02, Grad norm = 4.640339e-07, Beta update rate = 1.086451e-07
Epoch 380000 (7.6%): Train pred MSE = 5.386615e-09, Test pred MSE = 1.829331e-03, Param MSE = 1.829888e-02, Grad norm = 4.630852e-07, Beta update rate = 1.084162e-07
Epoch 380200 (7.6%): Train pred MSE = 5.365214e-09, Test pred MSE = 1.829330e-03, Param MSE = 1.829886e-02, Grad norm = 4.621385e-07, Beta update rate = 1.081878e-07
Epoch 380400 (7.6%): Train pred MSE = 5.343901e-09, Test pred MSE = 1.829328e-03, Param MSE = 1.829884e-02, Grad norm = 4.611939e-07, Beta update rate = 1.079600e-07
Epoch 380600 (7.6%): Train pred MSE = 5.322675e-09, Test pred MSE = 1.829326e-03, Param MSE = 1.829882e-02, Grad norm = 4.602514e-07, Beta update rate = 1.077327e-07
Epoch 380800 (7.6%): Train pred MSE = 5.301535e-09, Test pred MSE = 1.829325e-03, Param MSE = 1.829880e-02, Grad norm = 4.593109e-07, Beta update rate = 1.075059e-07
Epoch 381000 (7.6%): Train pred MSE = 5.280482e-09, Test pred MSE = 1.829323e-03, Param MSE = 1.829878e-02, Grad norm = 4.583725e-07, Beta update rate = 1.072796e-07
Epoch 381200 (7.6%): Train pred MSE = 5.259515e-09, Test pred MSE = 1.829321e-03, Param MSE = 1.829876e-02, Grad norm = 4.574361e-07, Beta update rate = 1.070538e-07
Epoch 381400 (7.6%): Train pred MSE = 5.238633e-09, Test pred MSE = 1.829320e-03, Param MSE = 1.829874e-02, Grad norm = 4.565018e-07, Beta update rate = 1.068285e-07
Epoch 381600 (7.6%): Train pred MSE = 5.217837e-09, Test pred MSE = 1.829318e-03, Param MSE = 1.829873e-02, Grad norm = 4.555695e-07, Beta update rate = 1.066037e-07
Epoch 381800 (7.6%): Train pred MSE = 5.197125e-09, Test pred MSE = 1.829316e-03, Param MSE = 1.829871e-02, Grad norm = 4.546392e-07, Beta update rate = 1.063795e-07
Epoch 382000 (7.6%): Train pred MSE = 5.176498e-09, Test pred MSE = 1.829315e-03, Param MSE = 1.829869e-02, Grad norm = 4.537110e-07, Beta update rate = 1.061557e-07
Epoch 382200 (7.6%): Train pred MSE = 5.155955e-09, Test pred MSE = 1.829313e-03, Param MSE = 1.829867e-02, Grad norm = 4.527848e-07, Beta update rate = 1.059325e-07
Epoch 382400 (7.6%): Train pred MSE = 5.135496e-09, Test pred MSE = 1.829312e-03, Param MSE = 1.829865e-02, Grad norm = 4.518606e-07, Beta update rate = 1.057098e-07
Epoch 382600 (7.7%): Train pred MSE = 5.115120e-09, Test pred MSE = 1.829310e-03, Param MSE = 1.829863e-02, Grad norm = 4.509384e-07, Beta update rate = 1.054876e-07
Epoch 382800 (7.7%): Train pred MSE = 5.094827e-09, Test pred MSE = 1.829308e-03, Param MSE = 1.829861e-02, Grad norm = 4.500182e-07, Beta update rate = 1.052658e-07
Epoch 383000 (7.7%): Train pred MSE = 5.074617e-09, Test pred MSE = 1.829307e-03, Param MSE = 1.829859e-02, Grad norm = 4.491000e-07, Beta update rate = 1.050446e-07
Epoch 383200 (7.7%): Train pred MSE = 5.054489e-09, Test pred MSE = 1.829305e-03, Param MSE = 1.829858e-02, Grad norm = 4.481838e-07, Beta update rate = 1.048239e-07
Epoch 383400 (7.7%): Train pred MSE = 5.034444e-09, Test pred MSE = 1.829303e-03, Param MSE = 1.829856e-02, Grad norm = 4.472696e-07, Beta update rate = 1.046037e-07
Epoch 383600 (7.7%): Train pred MSE = 5.014480e-09, Test pred MSE = 1.829302e-03, Param MSE = 1.829854e-02, Grad norm = 4.463575e-07, Beta update rate = 1.043840e-07
Epoch 383800 (7.7%): Train pred MSE = 4.994597e-09, Test pred MSE = 1.829300e-03, Param MSE = 1.829852e-02, Grad norm = 4.454472e-07, Beta update rate = 1.041647e-07
Epoch 384000 (7.7%): Train pred MSE = 4.974796e-09, Test pred MSE = 1.829299e-03, Param MSE = 1.829850e-02, Grad norm = 4.445390e-07, Beta update rate = 1.039460e-07
Epoch 384200 (7.7%): Train pred MSE = 4.955075e-09, Test pred MSE = 1.829297e-03, Param MSE = 1.829848e-02, Grad norm = 4.436328e-07, Beta update rate = 1.037278e-07
Epoch 384400 (7.7%): Train pred MSE = 4.935434e-09, Test pred MSE = 1.829296e-03, Param MSE = 1.829847e-02, Grad norm = 4.427285e-07, Beta update rate = 1.035100e-07
Epoch 384600 (7.7%): Train pred MSE = 4.915873e-09, Test pred MSE = 1.829294e-03, Param MSE = 1.829845e-02, Grad norm = 4.418262e-07, Beta update rate = 1.032928e-07
Epoch 384800 (7.7%): Train pred MSE = 4.896392e-09, Test pred MSE = 1.829292e-03, Param MSE = 1.829843e-02, Grad norm = 4.409258e-07, Beta update rate = 1.030760e-07
Epoch 385000 (7.7%): Train pred MSE = 4.876991e-09, Test pred MSE = 1.829291e-03, Param MSE = 1.829841e-02, Grad norm = 4.400274e-07, Beta update rate = 1.028598e-07
Epoch 385200 (7.7%): Train pred MSE = 4.857668e-09, Test pred MSE = 1.829289e-03, Param MSE = 1.829839e-02, Grad norm = 4.391309e-07, Beta update rate = 1.026440e-07
Epoch 385400 (7.7%): Train pred MSE = 4.838424e-09, Test pred MSE = 1.829288e-03, Param MSE = 1.829838e-02, Grad norm = 4.382364e-07, Beta update rate = 1.024287e-07
Epoch 385600 (7.7%): Train pred MSE = 4.819258e-09, Test pred MSE = 1.829286e-03, Param MSE = 1.829836e-02, Grad norm = 4.373439e-07, Beta update rate = 1.022139e-07
Epoch 385800 (7.7%): Train pred MSE = 4.800171e-09, Test pred MSE = 1.829285e-03, Param MSE = 1.829834e-02, Grad norm = 4.364533e-07, Beta update rate = 1.019996e-07
Epoch 386000 (7.7%): Train pred MSE = 4.781161e-09, Test pred MSE = 1.829283e-03, Param MSE = 1.829832e-02, Grad norm = 4.355646e-07, Beta update rate = 1.017858e-07
Epoch 386200 (7.7%): Train pred MSE = 4.762228e-09, Test pred MSE = 1.829282e-03, Param MSE = 1.829831e-02, Grad norm = 4.346778e-07, Beta update rate = 1.015724e-07
Epoch 386400 (7.7%): Train pred MSE = 4.743372e-09, Test pred MSE = 1.829280e-03, Param MSE = 1.829829e-02, Grad norm = 4.337930e-07, Beta update rate = 1.013595e-07
Epoch 386600 (7.7%): Train pred MSE = 4.724593e-09, Test pred MSE = 1.829278e-03, Param MSE = 1.829827e-02, Grad norm = 4.329100e-07, Beta update rate = 1.011471e-07
Epoch 386800 (7.7%): Train pred MSE = 4.705890e-09, Test pred MSE = 1.829277e-03, Param MSE = 1.829825e-02, Grad norm = 4.320290e-07, Beta update rate = 1.009352e-07
Epoch 387000 (7.7%): Train pred MSE = 4.687264e-09, Test pred MSE = 1.829275e-03, Param MSE = 1.829823e-02, Grad norm = 4.311500e-07, Beta update rate = 1.007238e-07
Epoch 387200 (7.7%): Train pred MSE = 4.668713e-09, Test pred MSE = 1.829274e-03, Param MSE = 1.829822e-02, Grad norm = 4.302728e-07, Beta update rate = 1.005128e-07
Epoch 387400 (7.7%): Train pred MSE = 4.650237e-09, Test pred MSE = 1.829272e-03, Param MSE = 1.829820e-02, Grad norm = 4.293975e-07, Beta update rate = 1.003024e-07
Epoch 387600 (7.8%): Train pred MSE = 4.631837e-09, Test pred MSE = 1.829271e-03, Param MSE = 1.829818e-02, Grad norm = 4.285241e-07, Beta update rate = 1.000923e-07
Epoch 387800 (7.8%): Train pred MSE = 4.613511e-09, Test pred MSE = 1.829269e-03, Param MSE = 1.829816e-02, Grad norm = 4.276526e-07, Beta update rate = 9.988282e-08
Epoch 388000 (7.8%): Train pred MSE = 4.595260e-09, Test pred MSE = 1.829268e-03, Param MSE = 1.829815e-02, Grad norm = 4.267830e-07, Beta update rate = 9.967375e-08
Epoch 388200 (7.8%): Train pred MSE = 4.577083e-09, Test pred MSE = 1.829266e-03, Param MSE = 1.829813e-02, Grad norm = 4.259153e-07, Beta update rate = 9.946516e-08
Epoch 388400 (7.8%): Train pred MSE = 4.558980e-09, Test pred MSE = 1.829265e-03, Param MSE = 1.829811e-02, Grad norm = 4.250494e-07, Beta update rate = 9.925704e-08
Epoch 388600 (7.8%): Train pred MSE = 4.540950e-09, Test pred MSE = 1.829263e-03, Param MSE = 1.829810e-02, Grad norm = 4.241855e-07, Beta update rate = 9.904939e-08
Epoch 388800 (7.8%): Train pred MSE = 4.522993e-09, Test pred MSE = 1.829262e-03, Param MSE = 1.829808e-02, Grad norm = 4.233234e-07, Beta update rate = 9.884220e-08
Epoch 389000 (7.8%): Train pred MSE = 4.505110e-09, Test pred MSE = 1.829260e-03, Param MSE = 1.829806e-02, Grad norm = 4.224631e-07, Beta update rate = 9.863548e-08
Epoch 389200 (7.8%): Train pred MSE = 4.487299e-09, Test pred MSE = 1.829259e-03, Param MSE = 1.829804e-02, Grad norm = 4.216048e-07, Beta update rate = 9.842923e-08
Epoch 389400 (7.8%): Train pred MSE = 4.469560e-09, Test pred MSE = 1.829257e-03, Param MSE = 1.829803e-02, Grad norm = 4.207483e-07, Beta update rate = 9.822344e-08
Epoch 389600 (7.8%): Train pred MSE = 4.451893e-09, Test pred MSE = 1.829256e-03, Param MSE = 1.829801e-02, Grad norm = 4.198936e-07, Beta update rate = 9.801811e-08
Epoch 389800 (7.8%): Train pred MSE = 4.434298e-09, Test pred MSE = 1.829255e-03, Param MSE = 1.829799e-02, Grad norm = 4.190408e-07, Beta update rate = 9.781325e-08
Epoch 390000 (7.8%): Train pred MSE = 4.416775e-09, Test pred MSE = 1.829253e-03, Param MSE = 1.829798e-02, Grad norm = 4.181898e-07, Beta update rate = 9.760884e-08
Epoch 390200 (7.8%): Train pred MSE = 4.399322e-09, Test pred MSE = 1.829252e-03, Param MSE = 1.829796e-02, Grad norm = 4.173407e-07, Beta update rate = 9.740489e-08
Epoch 390400 (7.8%): Train pred MSE = 4.381941e-09, Test pred MSE = 1.829250e-03, Param MSE = 1.829794e-02, Grad norm = 4.164934e-07, Beta update rate = 9.720141e-08
Epoch 390600 (7.8%): Train pred MSE = 4.364629e-09, Test pred MSE = 1.829249e-03, Param MSE = 1.829793e-02, Grad norm = 4.156479e-07, Beta update rate = 9.699838e-08
Epoch 390800 (7.8%): Train pred MSE = 4.347388e-09, Test pred MSE = 1.829247e-03, Param MSE = 1.829791e-02, Grad norm = 4.148043e-07, Beta update rate = 9.679580e-08
Epoch 391000 (7.8%): Train pred MSE = 4.330217e-09, Test pred MSE = 1.829246e-03, Param MSE = 1.829789e-02, Grad norm = 4.139625e-07, Beta update rate = 9.659368e-08
Epoch 391200 (7.8%): Train pred MSE = 4.313116e-09, Test pred MSE = 1.829244e-03, Param MSE = 1.829788e-02, Grad norm = 4.131225e-07, Beta update rate = 9.639201e-08
Epoch 391400 (7.8%): Train pred MSE = 4.296084e-09, Test pred MSE = 1.829243e-03, Param MSE = 1.829786e-02, Grad norm = 4.122843e-07, Beta update rate = 9.619080e-08
Epoch 391600 (7.8%): Train pred MSE = 4.279121e-09, Test pred MSE = 1.829242e-03, Param MSE = 1.829784e-02, Grad norm = 4.114480e-07, Beta update rate = 9.599004e-08
Epoch 391800 (7.8%): Train pred MSE = 4.262226e-09, Test pred MSE = 1.829240e-03, Param MSE = 1.829783e-02, Grad norm = 4.106134e-07, Beta update rate = 9.578973e-08
Epoch 392000 (7.8%): Train pred MSE = 4.245400e-09, Test pred MSE = 1.829239e-03, Param MSE = 1.829781e-02, Grad norm = 4.097806e-07, Beta update rate = 9.558986e-08
Epoch 392200 (7.8%): Train pred MSE = 4.228643e-09, Test pred MSE = 1.829237e-03, Param MSE = 1.829779e-02, Grad norm = 4.089497e-07, Beta update rate = 9.539045e-08
Epoch 392400 (7.8%): Train pred MSE = 4.211953e-09, Test pred MSE = 1.829236e-03, Param MSE = 1.829778e-02, Grad norm = 4.081205e-07, Beta update rate = 9.519148e-08
Epoch 392600 (7.9%): Train pred MSE = 4.195330e-09, Test pred MSE = 1.829234e-03, Param MSE = 1.829776e-02, Grad norm = 4.072931e-07, Beta update rate = 9.499296e-08
Epoch 392800 (7.9%): Train pred MSE = 4.178776e-09, Test pred MSE = 1.829233e-03, Param MSE = 1.829774e-02, Grad norm = 4.064675e-07, Beta update rate = 9.479489e-08
Epoch 393000 (7.9%): Train pred MSE = 4.162288e-09, Test pred MSE = 1.829232e-03, Param MSE = 1.829773e-02, Grad norm = 4.056437e-07, Beta update rate = 9.459725e-08
Epoch 393200 (7.9%): Train pred MSE = 4.145867e-09, Test pred MSE = 1.829230e-03, Param MSE = 1.829771e-02, Grad norm = 4.048217e-07, Beta update rate = 9.440006e-08
Epoch 393400 (7.9%): Train pred MSE = 4.129512e-09, Test pred MSE = 1.829229e-03, Param MSE = 1.829770e-02, Grad norm = 4.040014e-07, Beta update rate = 9.420332e-08
Epoch 393600 (7.9%): Train pred MSE = 4.113224e-09, Test pred MSE = 1.829227e-03, Param MSE = 1.829768e-02, Grad norm = 4.031829e-07, Beta update rate = 9.400701e-08
Epoch 393800 (7.9%): Train pred MSE = 4.097001e-09, Test pred MSE = 1.829226e-03, Param MSE = 1.829766e-02, Grad norm = 4.023662e-07, Beta update rate = 9.381114e-08
Epoch 394000 (7.9%): Train pred MSE = 4.080844e-09, Test pred MSE = 1.829225e-03, Param MSE = 1.829765e-02, Grad norm = 4.015512e-07, Beta update rate = 9.361571e-08
Epoch 394200 (7.9%): Train pred MSE = 4.064753e-09, Test pred MSE = 1.829223e-03, Param MSE = 1.829763e-02, Grad norm = 4.007380e-07, Beta update rate = 9.342072e-08
Epoch 394400 (7.9%): Train pred MSE = 4.048727e-09, Test pred MSE = 1.829222e-03, Param MSE = 1.829762e-02, Grad norm = 3.999265e-07, Beta update rate = 9.322616e-08
Epoch 394600 (7.9%): Train pred MSE = 4.032765e-09, Test pred MSE = 1.829220e-03, Param MSE = 1.829760e-02, Grad norm = 3.991168e-07, Beta update rate = 9.303204e-08
Epoch 394800 (7.9%): Train pred MSE = 4.016868e-09, Test pred MSE = 1.829219e-03, Param MSE = 1.829758e-02, Grad norm = 3.983088e-07, Beta update rate = 9.283835e-08
Epoch 395000 (7.9%): Train pred MSE = 4.001035e-09, Test pred MSE = 1.829218e-03, Param MSE = 1.829757e-02, Grad norm = 3.975026e-07, Beta update rate = 9.264510e-08
Epoch 395200 (7.9%): Train pred MSE = 3.985267e-09, Test pred MSE = 1.829216e-03, Param MSE = 1.829755e-02, Grad norm = 3.966981e-07, Beta update rate = 9.245228e-08
Epoch 395400 (7.9%): Train pred MSE = 3.969562e-09, Test pred MSE = 1.829215e-03, Param MSE = 1.829754e-02, Grad norm = 3.958953e-07, Beta update rate = 9.225989e-08
Epoch 395600 (7.9%): Train pred MSE = 3.953921e-09, Test pred MSE = 1.829214e-03, Param MSE = 1.829752e-02, Grad norm = 3.950942e-07, Beta update rate = 9.206793e-08
Epoch 395800 (7.9%): Train pred MSE = 3.938342e-09, Test pred MSE = 1.829212e-03, Param MSE = 1.829751e-02, Grad norm = 3.942949e-07, Beta update rate = 9.187640e-08
Epoch 396000 (7.9%): Train pred MSE = 3.922827e-09, Test pred MSE = 1.829211e-03, Param MSE = 1.829749e-02, Grad norm = 3.934973e-07, Beta update rate = 9.168529e-08
Epoch 396200 (7.9%): Train pred MSE = 3.907375e-09, Test pred MSE = 1.829210e-03, Param MSE = 1.829747e-02, Grad norm = 3.927014e-07, Beta update rate = 9.149462e-08
Epoch 396400 (7.9%): Train pred MSE = 3.891985e-09, Test pred MSE = 1.829208e-03, Param MSE = 1.829746e-02, Grad norm = 3.919072e-07, Beta update rate = 9.130436e-08
Epoch 396600 (7.9%): Train pred MSE = 3.876657e-09, Test pred MSE = 1.829207e-03, Param MSE = 1.829744e-02, Grad norm = 3.911148e-07, Beta update rate = 9.111454e-08
Epoch 396800 (7.9%): Train pred MSE = 3.861391e-09, Test pred MSE = 1.829206e-03, Param MSE = 1.829743e-02, Grad norm = 3.903240e-07, Beta update rate = 9.092513e-08
Epoch 397000 (7.9%): Train pred MSE = 3.846187e-09, Test pred MSE = 1.829204e-03, Param MSE = 1.829741e-02, Grad norm = 3.895349e-07, Beta update rate = 9.073615e-08
Epoch 397200 (7.9%): Train pred MSE = 3.831044e-09, Test pred MSE = 1.829203e-03, Param MSE = 1.829740e-02, Grad norm = 3.887476e-07, Beta update rate = 9.054759e-08
Epoch 397400 (7.9%): Train pred MSE = 3.815962e-09, Test pred MSE = 1.829202e-03, Param MSE = 1.829738e-02, Grad norm = 3.879619e-07, Beta update rate = 9.035946e-08
Epoch 397600 (8.0%): Train pred MSE = 3.800941e-09, Test pred MSE = 1.829200e-03, Param MSE = 1.829737e-02, Grad norm = 3.871779e-07, Beta update rate = 9.017174e-08
Epoch 397800 (8.0%): Train pred MSE = 3.785981e-09, Test pred MSE = 1.829199e-03, Param MSE = 1.829735e-02, Grad norm = 3.863956e-07, Beta update rate = 8.998444e-08
Epoch 398000 (8.0%): Train pred MSE = 3.771081e-09, Test pred MSE = 1.829198e-03, Param MSE = 1.829734e-02, Grad norm = 3.856149e-07, Beta update rate = 8.979755e-08
Epoch 398200 (8.0%): Train pred MSE = 3.756242e-09, Test pred MSE = 1.829196e-03, Param MSE = 1.829732e-02, Grad norm = 3.848360e-07, Beta update rate = 8.961109e-08
Epoch 398400 (8.0%): Train pred MSE = 3.741462e-09, Test pred MSE = 1.829195e-03, Param MSE = 1.829731e-02, Grad norm = 3.840587e-07, Beta update rate = 8.942504e-08
Epoch 398600 (8.0%): Train pred MSE = 3.726742e-09, Test pred MSE = 1.829194e-03, Param MSE = 1.829729e-02, Grad norm = 3.832831e-07, Beta update rate = 8.923940e-08
Epoch 398800 (8.0%): Train pred MSE = 3.712081e-09, Test pred MSE = 1.829192e-03, Param MSE = 1.829728e-02, Grad norm = 3.825091e-07, Beta update rate = 8.905418e-08
Epoch 399000 (8.0%): Train pred MSE = 3.697480e-09, Test pred MSE = 1.829191e-03, Param MSE = 1.829726e-02, Grad norm = 3.817368e-07, Beta update rate = 8.886937e-08
Epoch 399200 (8.0%): Train pred MSE = 3.682937e-09, Test pred MSE = 1.829190e-03, Param MSE = 1.829725e-02, Grad norm = 3.809662e-07, Beta update rate = 8.868497e-08
Epoch 399400 (8.0%): Train pred MSE = 3.668453e-09, Test pred MSE = 1.829189e-03, Param MSE = 1.829723e-02, Grad norm = 3.801972e-07, Beta update rate = 8.850098e-08
Epoch 399600 (8.0%): Train pred MSE = 3.654027e-09, Test pred MSE = 1.829187e-03, Param MSE = 1.829722e-02, Grad norm = 3.794299e-07, Beta update rate = 8.831740e-08
Epoch 399800 (8.0%): Train pred MSE = 3.639660e-09, Test pred MSE = 1.829186e-03, Param MSE = 1.829720e-02, Grad norm = 3.786642e-07, Beta update rate = 8.813423e-08
Epoch 400000 (8.0%): Train pred MSE = 3.625350e-09, Test pred MSE = 1.829185e-03, Param MSE = 1.829719e-02, Grad norm = 3.779001e-07, Beta update rate = 8.795147e-08
Epoch 400200 (8.0%): Train pred MSE = 3.611099e-09, Test pred MSE = 1.829183e-03, Param MSE = 1.829717e-02, Grad norm = 3.771377e-07, Beta update rate = 8.776911e-08
Epoch 400400 (8.0%): Train pred MSE = 3.596904e-09, Test pred MSE = 1.829182e-03, Param MSE = 1.829716e-02, Grad norm = 3.763769e-07, Beta update rate = 8.758716e-08
Epoch 400600 (8.0%): Train pred MSE = 3.582767e-09, Test pred MSE = 1.829181e-03, Param MSE = 1.829714e-02, Grad norm = 3.756178e-07, Beta update rate = 8.740561e-08
Epoch 400800 (8.0%): Train pred MSE = 3.568687e-09, Test pred MSE = 1.829180e-03, Param MSE = 1.829713e-02, Grad norm = 3.748602e-07, Beta update rate = 8.722447e-08
Epoch 401000 (8.0%): Train pred MSE = 3.554663e-09, Test pred MSE = 1.829178e-03, Param MSE = 1.829711e-02, Grad norm = 3.741043e-07, Beta update rate = 8.704373e-08
Epoch 401200 (8.0%): Train pred MSE = 3.540696e-09, Test pred MSE = 1.829177e-03, Param MSE = 1.829710e-02, Grad norm = 3.733500e-07, Beta update rate = 8.686339e-08
Epoch 401400 (8.0%): Train pred MSE = 3.526786e-09, Test pred MSE = 1.829176e-03, Param MSE = 1.829708e-02, Grad norm = 3.725974e-07, Beta update rate = 8.668345e-08
Epoch 401600 (8.0%): Train pred MSE = 3.512931e-09, Test pred MSE = 1.829175e-03, Param MSE = 1.829707e-02, Grad norm = 3.718463e-07, Beta update rate = 8.650391e-08
Epoch 401800 (8.0%): Train pred MSE = 3.499132e-09, Test pred MSE = 1.829173e-03, Param MSE = 1.829705e-02, Grad norm = 3.710968e-07, Beta update rate = 8.632477e-08
Epoch 402000 (8.0%): Train pred MSE = 3.485389e-09, Test pred MSE = 1.829172e-03, Param MSE = 1.829704e-02, Grad norm = 3.703490e-07, Beta update rate = 8.614603e-08
Epoch 402200 (8.0%): Train pred MSE = 3.471701e-09, Test pred MSE = 1.829171e-03, Param MSE = 1.829703e-02, Grad norm = 3.696027e-07, Beta update rate = 8.596768e-08
Epoch 402400 (8.0%): Train pred MSE = 3.458068e-09, Test pred MSE = 1.829170e-03, Param MSE = 1.829701e-02, Grad norm = 3.688581e-07, Beta update rate = 8.578973e-08
Epoch 402600 (8.1%): Train pred MSE = 3.444490e-09, Test pred MSE = 1.829168e-03, Param MSE = 1.829700e-02, Grad norm = 3.681150e-07, Beta update rate = 8.561218e-08
Epoch 402800 (8.1%): Train pred MSE = 3.430966e-09, Test pred MSE = 1.829167e-03, Param MSE = 1.829698e-02, Grad norm = 3.673735e-07, Beta update rate = 8.543502e-08
Epoch 403000 (8.1%): Train pred MSE = 3.417497e-09, Test pred MSE = 1.829166e-03, Param MSE = 1.829697e-02, Grad norm = 3.666336e-07, Beta update rate = 8.525825e-08
Epoch 403200 (8.1%): Train pred MSE = 3.404083e-09, Test pred MSE = 1.829165e-03, Param MSE = 1.829695e-02, Grad norm = 3.658953e-07, Beta update rate = 8.508187e-08
Epoch 403400 (8.1%): Train pred MSE = 3.390722e-09, Test pred MSE = 1.829163e-03, Param MSE = 1.829694e-02, Grad norm = 3.651586e-07, Beta update rate = 8.490589e-08
Epoch 403600 (8.1%): Train pred MSE = 3.377415e-09, Test pred MSE = 1.829162e-03, Param MSE = 1.829693e-02, Grad norm = 3.644234e-07, Beta update rate = 8.473029e-08
Epoch 403800 (8.1%): Train pred MSE = 3.364161e-09, Test pred MSE = 1.829161e-03, Param MSE = 1.829691e-02, Grad norm = 3.636898e-07, Beta update rate = 8.455508e-08
Epoch 404000 (8.1%): Train pred MSE = 3.350961e-09, Test pred MSE = 1.829160e-03, Param MSE = 1.829690e-02, Grad norm = 3.629578e-07, Beta update rate = 8.438027e-08
Epoch 404200 (8.1%): Train pred MSE = 3.337814e-09, Test pred MSE = 1.829159e-03, Param MSE = 1.829688e-02, Grad norm = 3.622273e-07, Beta update rate = 8.420583e-08
Epoch 404400 (8.1%): Train pred MSE = 3.324720e-09, Test pred MSE = 1.829157e-03, Param MSE = 1.829687e-02, Grad norm = 3.614984e-07, Beta update rate = 8.403179e-08
Epoch 404600 (8.1%): Train pred MSE = 3.311678e-09, Test pred MSE = 1.829156e-03, Param MSE = 1.829686e-02, Grad norm = 3.607711e-07, Beta update rate = 8.385813e-08
Epoch 404800 (8.1%): Train pred MSE = 3.298689e-09, Test pred MSE = 1.829155e-03, Param MSE = 1.829684e-02, Grad norm = 3.600453e-07, Beta update rate = 8.368486e-08
Epoch 405000 (8.1%): Train pred MSE = 3.285752e-09, Test pred MSE = 1.829154e-03, Param MSE = 1.829683e-02, Grad norm = 3.593211e-07, Beta update rate = 8.351196e-08
Epoch 405200 (8.1%): Train pred MSE = 3.272867e-09, Test pred MSE = 1.829153e-03, Param MSE = 1.829681e-02, Grad norm = 3.585984e-07, Beta update rate = 8.333946e-08
Epoch 405400 (8.1%): Train pred MSE = 3.260034e-09, Test pred MSE = 1.829151e-03, Param MSE = 1.829680e-02, Grad norm = 3.578772e-07, Beta update rate = 8.316733e-08
Epoch 405600 (8.1%): Train pred MSE = 3.247252e-09, Test pred MSE = 1.829150e-03, Param MSE = 1.829679e-02, Grad norm = 3.571576e-07, Beta update rate = 8.299558e-08
Epoch 405800 (8.1%): Train pred MSE = 3.234522e-09, Test pred MSE = 1.829149e-03, Param MSE = 1.829677e-02, Grad norm = 3.564395e-07, Beta update rate = 8.282422e-08
Epoch 406000 (8.1%): Train pred MSE = 3.221842e-09, Test pred MSE = 1.829148e-03, Param MSE = 1.829676e-02, Grad norm = 3.557229e-07, Beta update rate = 8.265323e-08
Epoch 406200 (8.1%): Train pred MSE = 3.209214e-09, Test pred MSE = 1.829147e-03, Param MSE = 1.829675e-02, Grad norm = 3.550079e-07, Beta update rate = 8.248262e-08
Epoch 406400 (8.1%): Train pred MSE = 3.196637e-09, Test pred MSE = 1.829145e-03, Param MSE = 1.829673e-02, Grad norm = 3.542944e-07, Beta update rate = 8.231239e-08
Epoch 406600 (8.1%): Train pred MSE = 3.184110e-09, Test pred MSE = 1.829144e-03, Param MSE = 1.829672e-02, Grad norm = 3.535824e-07, Beta update rate = 8.214253e-08
Epoch 406800 (8.1%): Train pred MSE = 3.171633e-09, Test pred MSE = 1.829143e-03, Param MSE = 1.829670e-02, Grad norm = 3.528719e-07, Beta update rate = 8.197305e-08
Epoch 407000 (8.1%): Train pred MSE = 3.159206e-09, Test pred MSE = 1.829142e-03, Param MSE = 1.829669e-02, Grad norm = 3.521630e-07, Beta update rate = 8.180394e-08
Epoch 407200 (8.1%): Train pred MSE = 3.146829e-09, Test pred MSE = 1.829141e-03, Param MSE = 1.829668e-02, Grad norm = 3.514555e-07, Beta update rate = 8.163521e-08
Epoch 407400 (8.1%): Train pred MSE = 3.134502e-09, Test pred MSE = 1.829140e-03, Param MSE = 1.829666e-02, Grad norm = 3.507496e-07, Beta update rate = 8.146685e-08
Epoch 407600 (8.2%): Train pred MSE = 3.122225e-09, Test pred MSE = 1.829138e-03, Param MSE = 1.829665e-02, Grad norm = 3.500451e-07, Beta update rate = 8.129886e-08
Epoch 407800 (8.2%): Train pred MSE = 3.109996e-09, Test pred MSE = 1.829137e-03, Param MSE = 1.829664e-02, Grad norm = 3.493422e-07, Beta update rate = 8.113124e-08
Epoch 408000 (8.2%): Train pred MSE = 3.097817e-09, Test pred MSE = 1.829136e-03, Param MSE = 1.829662e-02, Grad norm = 3.486407e-07, Beta update rate = 8.096399e-08
Epoch 408200 (8.2%): Train pred MSE = 3.085686e-09, Test pred MSE = 1.829135e-03, Param MSE = 1.829661e-02, Grad norm = 3.479408e-07, Beta update rate = 8.079711e-08
Epoch 408400 (8.2%): Train pred MSE = 3.073605e-09, Test pred MSE = 1.829134e-03, Param MSE = 1.829660e-02, Grad norm = 3.472423e-07, Beta update rate = 8.063060e-08
Epoch 408600 (8.2%): Train pred MSE = 3.061571e-09, Test pred MSE = 1.829133e-03, Param MSE = 1.829658e-02, Grad norm = 3.465453e-07, Beta update rate = 8.046446e-08
Epoch 408800 (8.2%): Train pred MSE = 3.049586e-09, Test pred MSE = 1.829132e-03, Param MSE = 1.829657e-02, Grad norm = 3.458499e-07, Beta update rate = 8.029868e-08
Epoch 409000 (8.2%): Train pred MSE = 3.037649e-09, Test pred MSE = 1.829130e-03, Param MSE = 1.829656e-02, Grad norm = 3.451558e-07, Beta update rate = 8.013327e-08
Epoch 409200 (8.2%): Train pred MSE = 3.025760e-09, Test pred MSE = 1.829129e-03, Param MSE = 1.829654e-02, Grad norm = 3.444633e-07, Beta update rate = 7.996822e-08
Epoch 409400 (8.2%): Train pred MSE = 3.013919e-09, Test pred MSE = 1.829128e-03, Param MSE = 1.829653e-02, Grad norm = 3.437722e-07, Beta update rate = 7.980354e-08
Epoch 409600 (8.2%): Train pred MSE = 3.002124e-09, Test pred MSE = 1.829127e-03, Param MSE = 1.829652e-02, Grad norm = 3.430826e-07, Beta update rate = 7.963922e-08
Epoch 409800 (8.2%): Train pred MSE = 2.990378e-09, Test pred MSE = 1.829126e-03, Param MSE = 1.829650e-02, Grad norm = 3.423945e-07, Beta update rate = 7.947526e-08
Epoch 410000 (8.2%): Train pred MSE = 2.978678e-09, Test pred MSE = 1.829125e-03, Param MSE = 1.829649e-02, Grad norm = 3.417078e-07, Beta update rate = 7.931166e-08
Epoch 410200 (8.2%): Train pred MSE = 2.967025e-09, Test pred MSE = 1.829124e-03, Param MSE = 1.829648e-02, Grad norm = 3.410226e-07, Beta update rate = 7.914842e-08
Epoch 410400 (8.2%): Train pred MSE = 2.955419e-09, Test pred MSE = 1.829123e-03, Param MSE = 1.829647e-02, Grad norm = 3.403388e-07, Beta update rate = 7.898554e-08
Epoch 410600 (8.2%): Train pred MSE = 2.943859e-09, Test pred MSE = 1.829121e-03, Param MSE = 1.829645e-02, Grad norm = 3.396565e-07, Beta update rate = 7.882302e-08
Epoch 410800 (8.2%): Train pred MSE = 2.932346e-09, Test pred MSE = 1.829120e-03, Param MSE = 1.829644e-02, Grad norm = 3.389757e-07, Beta update rate = 7.866086e-08
Epoch 411000 (8.2%): Train pred MSE = 2.920879e-09, Test pred MSE = 1.829119e-03, Param MSE = 1.829643e-02, Grad norm = 3.382962e-07, Beta update rate = 7.849906e-08
Epoch 411200 (8.2%): Train pred MSE = 2.909457e-09, Test pred MSE = 1.829118e-03, Param MSE = 1.829641e-02, Grad norm = 3.376183e-07, Beta update rate = 7.833761e-08
Epoch 411400 (8.2%): Train pred MSE = 2.898082e-09, Test pred MSE = 1.829117e-03, Param MSE = 1.829640e-02, Grad norm = 3.369417e-07, Beta update rate = 7.817651e-08
Epoch 411600 (8.2%): Train pred MSE = 2.886752e-09, Test pred MSE = 1.829116e-03, Param MSE = 1.829639e-02, Grad norm = 3.362666e-07, Beta update rate = 7.801577e-08
Epoch 411800 (8.2%): Train pred MSE = 2.875467e-09, Test pred MSE = 1.829115e-03, Param MSE = 1.829638e-02, Grad norm = 3.355930e-07, Beta update rate = 7.785539e-08
Epoch 412000 (8.2%): Train pred MSE = 2.864227e-09, Test pred MSE = 1.829114e-03, Param MSE = 1.829636e-02, Grad norm = 3.349207e-07, Beta update rate = 7.769535e-08
Epoch 412200 (8.2%): Train pred MSE = 2.853033e-09, Test pred MSE = 1.829113e-03, Param MSE = 1.829635e-02, Grad norm = 3.342499e-07, Beta update rate = 7.753567e-08
Epoch 412400 (8.2%): Train pred MSE = 2.841883e-09, Test pred MSE = 1.829111e-03, Param MSE = 1.829634e-02, Grad norm = 3.335805e-07, Beta update rate = 7.737634e-08
Epoch 412600 (8.3%): Train pred MSE = 2.830778e-09, Test pred MSE = 1.829110e-03, Param MSE = 1.829633e-02, Grad norm = 3.329125e-07, Beta update rate = 7.721736e-08
Epoch 412800 (8.3%): Train pred MSE = 2.819717e-09, Test pred MSE = 1.829109e-03, Param MSE = 1.829631e-02, Grad norm = 3.322460e-07, Beta update rate = 7.705873e-08
Epoch 413000 (8.3%): Train pred MSE = 2.808701e-09, Test pred MSE = 1.829108e-03, Param MSE = 1.829630e-02, Grad norm = 3.315808e-07, Beta update rate = 7.690044e-08
Epoch 413200 (8.3%): Train pred MSE = 2.797728e-09, Test pred MSE = 1.829107e-03, Param MSE = 1.829629e-02, Grad norm = 3.309171e-07, Beta update rate = 7.674251e-08
Epoch 413400 (8.3%): Train pred MSE = 2.786800e-09, Test pred MSE = 1.829106e-03, Param MSE = 1.829628e-02, Grad norm = 3.302547e-07, Beta update rate = 7.658492e-08
Epoch 413600 (8.3%): Train pred MSE = 2.775915e-09, Test pred MSE = 1.829105e-03, Param MSE = 1.829626e-02, Grad norm = 3.295938e-07, Beta update rate = 7.642767e-08
Epoch 413800 (8.3%): Train pred MSE = 2.765074e-09, Test pred MSE = 1.829104e-03, Param MSE = 1.829625e-02, Grad norm = 3.289343e-07, Beta update rate = 7.627077e-08
Epoch 414000 (8.3%): Train pred MSE = 2.754276e-09, Test pred MSE = 1.829103e-03, Param MSE = 1.829624e-02, Grad norm = 3.282762e-07, Beta update rate = 7.611422e-08
Epoch 414200 (8.3%): Train pred MSE = 2.743521e-09, Test pred MSE = 1.829102e-03, Param MSE = 1.829623e-02, Grad norm = 3.276194e-07, Beta update rate = 7.595801e-08
Epoch 414400 (8.3%): Train pred MSE = 2.732809e-09, Test pred MSE = 1.829101e-03, Param MSE = 1.829621e-02, Grad norm = 3.269641e-07, Beta update rate = 7.580214e-08
Epoch 414600 (8.3%): Train pred MSE = 2.722140e-09, Test pred MSE = 1.829100e-03, Param MSE = 1.829620e-02, Grad norm = 3.263101e-07, Beta update rate = 7.564661e-08
Epoch 414800 (8.3%): Train pred MSE = 2.711514e-09, Test pred MSE = 1.829099e-03, Param MSE = 1.829619e-02, Grad norm = 3.256575e-07, Beta update rate = 7.549143e-08
Epoch 415000 (8.3%): Train pred MSE = 2.700930e-09, Test pred MSE = 1.829098e-03, Param MSE = 1.829618e-02, Grad norm = 3.250063e-07, Beta update rate = 7.533658e-08
Epoch 415200 (8.3%): Train pred MSE = 2.690388e-09, Test pred MSE = 1.829097e-03, Param MSE = 1.829616e-02, Grad norm = 3.243565e-07, Beta update rate = 7.518208e-08
Epoch 415400 (8.3%): Train pred MSE = 2.679889e-09, Test pred MSE = 1.829095e-03, Param MSE = 1.829615e-02, Grad norm = 3.237080e-07, Beta update rate = 7.502791e-08
Epoch 415600 (8.3%): Train pred MSE = 2.669431e-09, Test pred MSE = 1.829094e-03, Param MSE = 1.829614e-02, Grad norm = 3.230610e-07, Beta update rate = 7.487408e-08
Epoch 415800 (8.3%): Train pred MSE = 2.659015e-09, Test pred MSE = 1.829093e-03, Param MSE = 1.829613e-02, Grad norm = 3.224153e-07, Beta update rate = 7.472059e-08
Epoch 416000 (8.3%): Train pred MSE = 2.648641e-09, Test pred MSE = 1.829092e-03, Param MSE = 1.829612e-02, Grad norm = 3.217709e-07, Beta update rate = 7.456743e-08
Epoch 416200 (8.3%): Train pred MSE = 2.638308e-09, Test pred MSE = 1.829091e-03, Param MSE = 1.829610e-02, Grad norm = 3.211279e-07, Beta update rate = 7.441461e-08
Epoch 416400 (8.3%): Train pred MSE = 2.628017e-09, Test pred MSE = 1.829090e-03, Param MSE = 1.829609e-02, Grad norm = 3.204863e-07, Beta update rate = 7.426212e-08
Epoch 416600 (8.3%): Train pred MSE = 2.617766e-09, Test pred MSE = 1.829089e-03, Param MSE = 1.829608e-02, Grad norm = 3.198460e-07, Beta update rate = 7.410997e-08
Epoch 416800 (8.3%): Train pred MSE = 2.607556e-09, Test pred MSE = 1.829088e-03, Param MSE = 1.829607e-02, Grad norm = 3.192071e-07, Beta update rate = 7.395815e-08
Epoch 417000 (8.3%): Train pred MSE = 2.597388e-09, Test pred MSE = 1.829087e-03, Param MSE = 1.829606e-02, Grad norm = 3.185695e-07, Beta update rate = 7.380666e-08
Epoch 417200 (8.3%): Train pred MSE = 2.587259e-09, Test pred MSE = 1.829086e-03, Param MSE = 1.829604e-02, Grad norm = 3.179333e-07, Beta update rate = 7.365550e-08
Epoch 417400 (8.3%): Train pred MSE = 2.577172e-09, Test pred MSE = 1.829085e-03, Param MSE = 1.829603e-02, Grad norm = 3.172984e-07, Beta update rate = 7.350467e-08
Epoch 417600 (8.4%): Train pred MSE = 2.567124e-09, Test pred MSE = 1.829084e-03, Param MSE = 1.829602e-02, Grad norm = 3.166649e-07, Beta update rate = 7.335418e-08
Epoch 417800 (8.4%): Train pred MSE = 2.557116e-09, Test pred MSE = 1.829083e-03, Param MSE = 1.829601e-02, Grad norm = 3.160327e-07, Beta update rate = 7.320401e-08
Epoch 418000 (8.4%): Train pred MSE = 2.547149e-09, Test pred MSE = 1.829082e-03, Param MSE = 1.829600e-02, Grad norm = 3.154018e-07, Beta update rate = 7.305417e-08
Epoch 418200 (8.4%): Train pred MSE = 2.537221e-09, Test pred MSE = 1.829081e-03, Param MSE = 1.829599e-02, Grad norm = 3.147723e-07, Beta update rate = 7.290466e-08
Epoch 418400 (8.4%): Train pred MSE = 2.527333e-09, Test pred MSE = 1.829080e-03, Param MSE = 1.829597e-02, Grad norm = 3.141441e-07, Beta update rate = 7.275547e-08
Epoch 418600 (8.4%): Train pred MSE = 2.517484e-09, Test pred MSE = 1.829079e-03, Param MSE = 1.829596e-02, Grad norm = 3.135172e-07, Beta update rate = 7.260661e-08
Epoch 418800 (8.4%): Train pred MSE = 2.507674e-09, Test pred MSE = 1.829078e-03, Param MSE = 1.829595e-02, Grad norm = 3.128916e-07, Beta update rate = 7.245808e-08
Epoch 419000 (8.4%): Train pred MSE = 2.497904e-09, Test pred MSE = 1.829077e-03, Param MSE = 1.829594e-02, Grad norm = 3.122674e-07, Beta update rate = 7.230987e-08
Epoch 419200 (8.4%): Train pred MSE = 2.488173e-09, Test pred MSE = 1.829076e-03, Param MSE = 1.829593e-02, Grad norm = 3.116445e-07, Beta update rate = 7.216198e-08
Epoch 419400 (8.4%): Train pred MSE = 2.478480e-09, Test pred MSE = 1.829075e-03, Param MSE = 1.829592e-02, Grad norm = 3.110228e-07, Beta update rate = 7.201442e-08
Epoch 419600 (8.4%): Train pred MSE = 2.468826e-09, Test pred MSE = 1.829074e-03, Param MSE = 1.829590e-02, Grad norm = 3.104025e-07, Beta update rate = 7.186717e-08
Epoch 419800 (8.4%): Train pred MSE = 2.459210e-09, Test pred MSE = 1.829073e-03, Param MSE = 1.829589e-02, Grad norm = 3.097835e-07, Beta update rate = 7.172025e-08
Epoch 420000 (8.4%): Train pred MSE = 2.449633e-09, Test pred MSE = 1.829072e-03, Param MSE = 1.829588e-02, Grad norm = 3.091658e-07, Beta update rate = 7.157365e-08
Epoch 420200 (8.4%): Train pred MSE = 2.440094e-09, Test pred MSE = 1.829071e-03, Param MSE = 1.829587e-02, Grad norm = 3.085494e-07, Beta update rate = 7.142737e-08
Epoch 420400 (8.4%): Train pred MSE = 2.430592e-09, Test pred MSE = 1.829070e-03, Param MSE = 1.829586e-02, Grad norm = 3.079343e-07, Beta update rate = 7.128141e-08
Epoch 420600 (8.4%): Train pred MSE = 2.421129e-09, Test pred MSE = 1.829069e-03, Param MSE = 1.829585e-02, Grad norm = 3.073205e-07, Beta update rate = 7.113577e-08
Epoch 420800 (8.4%): Train pred MSE = 2.411704e-09, Test pred MSE = 1.829068e-03, Param MSE = 1.829584e-02, Grad norm = 3.067080e-07, Beta update rate = 7.099044e-08
Epoch 421000 (8.4%): Train pred MSE = 2.402315e-09, Test pred MSE = 1.829067e-03, Param MSE = 1.829582e-02, Grad norm = 3.060968e-07, Beta update rate = 7.084543e-08
Epoch 421200 (8.4%): Train pred MSE = 2.392965e-09, Test pred MSE = 1.829066e-03, Param MSE = 1.829581e-02, Grad norm = 3.054869e-07, Beta update rate = 7.070074e-08
Epoch 421400 (8.4%): Train pred MSE = 2.383651e-09, Test pred MSE = 1.829065e-03, Param MSE = 1.829580e-02, Grad norm = 3.048782e-07, Beta update rate = 7.055636e-08
Epoch 421600 (8.4%): Train pred MSE = 2.374375e-09, Test pred MSE = 1.829064e-03, Param MSE = 1.829579e-02, Grad norm = 3.042709e-07, Beta update rate = 7.041230e-08
Epoch 421800 (8.4%): Train pred MSE = 2.365135e-09, Test pred MSE = 1.829063e-03, Param MSE = 1.829578e-02, Grad norm = 3.036648e-07, Beta update rate = 7.026855e-08
Epoch 422000 (8.4%): Train pred MSE = 2.355933e-09, Test pred MSE = 1.829062e-03, Param MSE = 1.829577e-02, Grad norm = 3.030600e-07, Beta update rate = 7.012511e-08
Epoch 422200 (8.4%): Train pred MSE = 2.346766e-09, Test pred MSE = 1.829061e-03, Param MSE = 1.829576e-02, Grad norm = 3.024564e-07, Beta update rate = 6.998199e-08
Epoch 422400 (8.4%): Train pred MSE = 2.337637e-09, Test pred MSE = 1.829061e-03, Param MSE = 1.829575e-02, Grad norm = 3.018541e-07, Beta update rate = 6.983918e-08
Epoch 422600 (8.5%): Train pred MSE = 2.328543e-09, Test pred MSE = 1.829060e-03, Param MSE = 1.829574e-02, Grad norm = 3.012531e-07, Beta update rate = 6.969667e-08
Epoch 422800 (8.5%): Train pred MSE = 2.319486e-09, Test pred MSE = 1.829059e-03, Param MSE = 1.829572e-02, Grad norm = 3.006534e-07, Beta update rate = 6.955448e-08
Epoch 423000 (8.5%): Train pred MSE = 2.310465e-09, Test pred MSE = 1.829058e-03, Param MSE = 1.829571e-02, Grad norm = 3.000549e-07, Beta update rate = 6.941260e-08
Epoch 423200 (8.5%): Train pred MSE = 2.301480e-09, Test pred MSE = 1.829057e-03, Param MSE = 1.829570e-02, Grad norm = 2.994577e-07, Beta update rate = 6.927103e-08
Epoch 423400 (8.5%): Train pred MSE = 2.292530e-09, Test pred MSE = 1.829056e-03, Param MSE = 1.829569e-02, Grad norm = 2.988617e-07, Beta update rate = 6.912976e-08
Epoch 423600 (8.5%): Train pred MSE = 2.283617e-09, Test pred MSE = 1.829055e-03, Param MSE = 1.829568e-02, Grad norm = 2.982670e-07, Beta update rate = 6.898880e-08
Epoch 423800 (8.5%): Train pred MSE = 2.274738e-09, Test pred MSE = 1.829054e-03, Param MSE = 1.829567e-02, Grad norm = 2.976735e-07, Beta update rate = 6.884815e-08
Epoch 424000 (8.5%): Train pred MSE = 2.265895e-09, Test pred MSE = 1.829053e-03, Param MSE = 1.829566e-02, Grad norm = 2.970813e-07, Beta update rate = 6.870780e-08
Epoch 424200 (8.5%): Train pred MSE = 2.257087e-09, Test pred MSE = 1.829052e-03, Param MSE = 1.829565e-02, Grad norm = 2.964903e-07, Beta update rate = 6.856776e-08
Epoch 424400 (8.5%): Train pred MSE = 2.248314e-09, Test pred MSE = 1.829051e-03, Param MSE = 1.829564e-02, Grad norm = 2.959005e-07, Beta update rate = 6.842802e-08
Epoch 424600 (8.5%): Train pred MSE = 2.239576e-09, Test pred MSE = 1.829050e-03, Param MSE = 1.829563e-02, Grad norm = 2.953120e-07, Beta update rate = 6.828859e-08
Epoch 424800 (8.5%): Train pred MSE = 2.230872e-09, Test pred MSE = 1.829049e-03, Param MSE = 1.829562e-02, Grad norm = 2.947248e-07, Beta update rate = 6.814946e-08
Epoch 425000 (8.5%): Train pred MSE = 2.222203e-09, Test pred MSE = 1.829048e-03, Param MSE = 1.829560e-02, Grad norm = 2.941387e-07, Beta update rate = 6.801063e-08
Epoch 425200 (8.5%): Train pred MSE = 2.213569e-09, Test pred MSE = 1.829047e-03, Param MSE = 1.829559e-02, Grad norm = 2.935539e-07, Beta update rate = 6.787210e-08
Epoch 425400 (8.5%): Train pred MSE = 2.204969e-09, Test pred MSE = 1.829046e-03, Param MSE = 1.829558e-02, Grad norm = 2.929703e-07, Beta update rate = 6.773387e-08
Epoch 425600 (8.5%): Train pred MSE = 2.196403e-09, Test pred MSE = 1.829046e-03, Param MSE = 1.829557e-02, Grad norm = 2.923880e-07, Beta update rate = 6.759594e-08
Epoch 425800 (8.5%): Train pred MSE = 2.187871e-09, Test pred MSE = 1.829045e-03, Param MSE = 1.829556e-02, Grad norm = 2.918068e-07, Beta update rate = 6.745832e-08
Epoch 426000 (8.5%): Train pred MSE = 2.179373e-09, Test pred MSE = 1.829044e-03, Param MSE = 1.829555e-02, Grad norm = 2.912269e-07, Beta update rate = 6.732099e-08
Epoch 426200 (8.5%): Train pred MSE = 2.170908e-09, Test pred MSE = 1.829043e-03, Param MSE = 1.829554e-02, Grad norm = 2.906482e-07, Beta update rate = 6.718396e-08
Epoch 426400 (8.5%): Train pred MSE = 2.162478e-09, Test pred MSE = 1.829042e-03, Param MSE = 1.829553e-02, Grad norm = 2.900707e-07, Beta update rate = 6.704722e-08
Epoch 426600 (8.5%): Train pred MSE = 2.154080e-09, Test pred MSE = 1.829041e-03, Param MSE = 1.829552e-02, Grad norm = 2.894944e-07, Beta update rate = 6.691078e-08
Epoch 426800 (8.5%): Train pred MSE = 2.145716e-09, Test pred MSE = 1.829040e-03, Param MSE = 1.829551e-02, Grad norm = 2.889194e-07, Beta update rate = 6.677464e-08
Epoch 427000 (8.5%): Train pred MSE = 2.137386e-09, Test pred MSE = 1.829039e-03, Param MSE = 1.829550e-02, Grad norm = 2.883455e-07, Beta update rate = 6.663879e-08
Epoch 427200 (8.5%): Train pred MSE = 2.129088e-09, Test pred MSE = 1.829038e-03, Param MSE = 1.829549e-02, Grad norm = 2.877728e-07, Beta update rate = 6.650324e-08
Epoch 427400 (8.5%): Train pred MSE = 2.120823e-09, Test pred MSE = 1.829037e-03, Param MSE = 1.829548e-02, Grad norm = 2.872013e-07, Beta update rate = 6.636798e-08
Epoch 427600 (8.6%): Train pred MSE = 2.112591e-09, Test pred MSE = 1.829036e-03, Param MSE = 1.829547e-02, Grad norm = 2.866311e-07, Beta update rate = 6.623302e-08
Epoch 427800 (8.6%): Train pred MSE = 2.104392e-09, Test pred MSE = 1.829036e-03, Param MSE = 1.829546e-02, Grad norm = 2.860620e-07, Beta update rate = 6.609834e-08
Epoch 428000 (8.6%): Train pred MSE = 2.096225e-09, Test pred MSE = 1.829035e-03, Param MSE = 1.829545e-02, Grad norm = 2.854941e-07, Beta update rate = 6.596396e-08
Epoch 428200 (8.6%): Train pred MSE = 2.088091e-09, Test pred MSE = 1.829034e-03, Param MSE = 1.829544e-02, Grad norm = 2.849274e-07, Beta update rate = 6.582987e-08
Epoch 428400 (8.6%): Train pred MSE = 2.079989e-09, Test pred MSE = 1.829033e-03, Param MSE = 1.829543e-02, Grad norm = 2.843619e-07, Beta update rate = 6.569607e-08
Epoch 428600 (8.6%): Train pred MSE = 2.071919e-09, Test pred MSE = 1.829032e-03, Param MSE = 1.829542e-02, Grad norm = 2.837976e-07, Beta update rate = 6.556256e-08
Epoch 428800 (8.6%): Train pred MSE = 2.063881e-09, Test pred MSE = 1.829031e-03, Param MSE = 1.829541e-02, Grad norm = 2.832344e-07, Beta update rate = 6.542934e-08
Epoch 429000 (8.6%): Train pred MSE = 2.055874e-09, Test pred MSE = 1.829030e-03, Param MSE = 1.829540e-02, Grad norm = 2.826724e-07, Beta update rate = 6.529640e-08
Epoch 429200 (8.6%): Train pred MSE = 2.047900e-09, Test pred MSE = 1.829029e-03, Param MSE = 1.829538e-02, Grad norm = 2.821117e-07, Beta update rate = 6.516375e-08
Epoch 429400 (8.6%): Train pred MSE = 2.039957e-09, Test pred MSE = 1.829029e-03, Param MSE = 1.829537e-02, Grad norm = 2.815520e-07, Beta update rate = 6.503139e-08
Epoch 429600 (8.6%): Train pred MSE = 2.032046e-09, Test pred MSE = 1.829028e-03, Param MSE = 1.829536e-02, Grad norm = 2.809936e-07, Beta update rate = 6.489932e-08
Epoch 429800 (8.6%): Train pred MSE = 2.024166e-09, Test pred MSE = 1.829027e-03, Param MSE = 1.829535e-02, Grad norm = 2.804363e-07, Beta update rate = 6.476753e-08
Epoch 430000 (8.6%): Train pred MSE = 2.016317e-09, Test pred MSE = 1.829026e-03, Param MSE = 1.829534e-02, Grad norm = 2.798802e-07, Beta update rate = 6.463603e-08
Epoch 430200 (8.6%): Train pred MSE = 2.008500e-09, Test pred MSE = 1.829025e-03, Param MSE = 1.829533e-02, Grad norm = 2.793252e-07, Beta update rate = 6.450481e-08
Epoch 430400 (8.6%): Train pred MSE = 2.000713e-09, Test pred MSE = 1.829024e-03, Param MSE = 1.829532e-02, Grad norm = 2.787714e-07, Beta update rate = 6.437388e-08
Epoch 430600 (8.6%): Train pred MSE = 1.992957e-09, Test pred MSE = 1.829023e-03, Param MSE = 1.829531e-02, Grad norm = 2.782188e-07, Beta update rate = 6.424322e-08
Epoch 430800 (8.6%): Train pred MSE = 1.985232e-09, Test pred MSE = 1.829022e-03, Param MSE = 1.829530e-02, Grad norm = 2.776673e-07, Beta update rate = 6.411285e-08
Epoch 431000 (8.6%): Train pred MSE = 1.977537e-09, Test pred MSE = 1.829022e-03, Param MSE = 1.829529e-02, Grad norm = 2.771169e-07, Beta update rate = 6.398276e-08
Epoch 431200 (8.6%): Train pred MSE = 1.969873e-09, Test pred MSE = 1.829021e-03, Param MSE = 1.829528e-02, Grad norm = 2.765678e-07, Beta update rate = 6.385296e-08
Epoch 431400 (8.6%): Train pred MSE = 1.962240e-09, Test pred MSE = 1.829020e-03, Param MSE = 1.829527e-02, Grad norm = 2.760197e-07, Beta update rate = 6.372343e-08
Epoch 431600 (8.6%): Train pred MSE = 1.954636e-09, Test pred MSE = 1.829019e-03, Param MSE = 1.829526e-02, Grad norm = 2.754728e-07, Beta update rate = 6.359418e-08
Epoch 431800 (8.6%): Train pred MSE = 1.947063e-09, Test pred MSE = 1.829018e-03, Param MSE = 1.829525e-02, Grad norm = 2.749271e-07, Beta update rate = 6.346521e-08
Epoch 432000 (8.6%): Train pred MSE = 1.939519e-09, Test pred MSE = 1.829017e-03, Param MSE = 1.829524e-02, Grad norm = 2.743824e-07, Beta update rate = 6.333652e-08
Epoch 432200 (8.6%): Train pred MSE = 1.932006e-09, Test pred MSE = 1.829017e-03, Param MSE = 1.829524e-02, Grad norm = 2.738390e-07, Beta update rate = 6.320811e-08
Epoch 432400 (8.6%): Train pred MSE = 1.924522e-09, Test pred MSE = 1.829016e-03, Param MSE = 1.829523e-02, Grad norm = 2.732966e-07, Beta update rate = 6.307997e-08
Epoch 432600 (8.7%): Train pred MSE = 1.917068e-09, Test pred MSE = 1.829015e-03, Param MSE = 1.829522e-02, Grad norm = 2.727554e-07, Beta update rate = 6.295211e-08
Epoch 432800 (8.7%): Train pred MSE = 1.909643e-09, Test pred MSE = 1.829014e-03, Param MSE = 1.829521e-02, Grad norm = 2.722153e-07, Beta update rate = 6.282452e-08
Epoch 433000 (8.7%): Train pred MSE = 1.902248e-09, Test pred MSE = 1.829013e-03, Param MSE = 1.829520e-02, Grad norm = 2.716763e-07, Beta update rate = 6.269722e-08
Epoch 433200 (8.7%): Train pred MSE = 1.894882e-09, Test pred MSE = 1.829012e-03, Param MSE = 1.829519e-02, Grad norm = 2.711385e-07, Beta update rate = 6.257018e-08
Epoch 433400 (8.7%): Train pred MSE = 1.887545e-09, Test pred MSE = 1.829012e-03, Param MSE = 1.829518e-02, Grad norm = 2.706018e-07, Beta update rate = 6.244342e-08
Epoch 433600 (8.7%): Train pred MSE = 1.880237e-09, Test pred MSE = 1.829011e-03, Param MSE = 1.829517e-02, Grad norm = 2.700662e-07, Beta update rate = 6.231693e-08
Epoch 433800 (8.7%): Train pred MSE = 1.872958e-09, Test pred MSE = 1.829010e-03, Param MSE = 1.829516e-02, Grad norm = 2.695317e-07, Beta update rate = 6.219072e-08
Epoch 434000 (8.7%): Train pred MSE = 1.865708e-09, Test pred MSE = 1.829009e-03, Param MSE = 1.829515e-02, Grad norm = 2.689983e-07, Beta update rate = 6.206477e-08
Epoch 434200 (8.7%): Train pred MSE = 1.858486e-09, Test pred MSE = 1.829008e-03, Param MSE = 1.829514e-02, Grad norm = 2.684661e-07, Beta update rate = 6.193910e-08
Epoch 434400 (8.7%): Train pred MSE = 1.851293e-09, Test pred MSE = 1.829007e-03, Param MSE = 1.829513e-02, Grad norm = 2.679349e-07, Beta update rate = 6.181370e-08
Epoch 434600 (8.7%): Train pred MSE = 1.844128e-09, Test pred MSE = 1.829007e-03, Param MSE = 1.829512e-02, Grad norm = 2.674049e-07, Beta update rate = 6.168856e-08
Epoch 434800 (8.7%): Train pred MSE = 1.836992e-09, Test pred MSE = 1.829006e-03, Param MSE = 1.829511e-02, Grad norm = 2.668759e-07, Beta update rate = 6.156370e-08
Epoch 435000 (8.7%): Train pred MSE = 1.829884e-09, Test pred MSE = 1.829005e-03, Param MSE = 1.829510e-02, Grad norm = 2.663481e-07, Beta update rate = 6.143911e-08
Epoch 435200 (8.7%): Train pred MSE = 1.822804e-09, Test pred MSE = 1.829004e-03, Param MSE = 1.829509e-02, Grad norm = 2.658214e-07, Beta update rate = 6.131478e-08
Epoch 435400 (8.7%): Train pred MSE = 1.815752e-09, Test pred MSE = 1.829003e-03, Param MSE = 1.829508e-02, Grad norm = 2.652957e-07, Beta update rate = 6.119072e-08
Epoch 435600 (8.7%): Train pred MSE = 1.808728e-09, Test pred MSE = 1.829003e-03, Param MSE = 1.829507e-02, Grad norm = 2.647712e-07, Beta update rate = 6.106693e-08
Epoch 435800 (8.7%): Train pred MSE = 1.801731e-09, Test pred MSE = 1.829002e-03, Param MSE = 1.829506e-02, Grad norm = 2.642477e-07, Beta update rate = 6.094341e-08
Epoch 436000 (8.7%): Train pred MSE = 1.794763e-09, Test pred MSE = 1.829001e-03, Param MSE = 1.829505e-02, Grad norm = 2.637253e-07, Beta update rate = 6.082015e-08
Epoch 436200 (8.7%): Train pred MSE = 1.787821e-09, Test pred MSE = 1.829000e-03, Param MSE = 1.829504e-02, Grad norm = 2.632041e-07, Beta update rate = 6.069715e-08
Epoch 436400 (8.7%): Train pred MSE = 1.780907e-09, Test pred MSE = 1.828999e-03, Param MSE = 1.829503e-02, Grad norm = 2.626839e-07, Beta update rate = 6.057442e-08
Epoch 436600 (8.7%): Train pred MSE = 1.774021e-09, Test pred MSE = 1.828999e-03, Param MSE = 1.829503e-02, Grad norm = 2.621647e-07, Beta update rate = 6.045195e-08
Epoch 436800 (8.7%): Train pred MSE = 1.767161e-09, Test pred MSE = 1.828998e-03, Param MSE = 1.829502e-02, Grad norm = 2.616467e-07, Beta update rate = 6.032975e-08
Epoch 437000 (8.7%): Train pred MSE = 1.760329e-09, Test pred MSE = 1.828997e-03, Param MSE = 1.829501e-02, Grad norm = 2.611297e-07, Beta update rate = 6.020781e-08
Epoch 437200 (8.7%): Train pred MSE = 1.753524e-09, Test pred MSE = 1.828996e-03, Param MSE = 1.829500e-02, Grad norm = 2.606139e-07, Beta update rate = 6.008613e-08
Epoch 437400 (8.7%): Train pred MSE = 1.746745e-09, Test pred MSE = 1.828995e-03, Param MSE = 1.829499e-02, Grad norm = 2.600990e-07, Beta update rate = 5.996471e-08
Epoch 437600 (8.8%): Train pred MSE = 1.739994e-09, Test pred MSE = 1.828995e-03, Param MSE = 1.829498e-02, Grad norm = 2.595853e-07, Beta update rate = 5.984355e-08
Epoch 437800 (8.8%): Train pred MSE = 1.733269e-09, Test pred MSE = 1.828994e-03, Param MSE = 1.829497e-02, Grad norm = 2.590726e-07, Beta update rate = 5.972266e-08
Epoch 438000 (8.8%): Train pred MSE = 1.726570e-09, Test pred MSE = 1.828993e-03, Param MSE = 1.829496e-02, Grad norm = 2.585610e-07, Beta update rate = 5.960202e-08
Epoch 438200 (8.8%): Train pred MSE = 1.719898e-09, Test pred MSE = 1.828992e-03, Param MSE = 1.829495e-02, Grad norm = 2.580505e-07, Beta update rate = 5.948164e-08
Epoch 438400 (8.8%): Train pred MSE = 1.713252e-09, Test pred MSE = 1.828991e-03, Param MSE = 1.829494e-02, Grad norm = 2.575410e-07, Beta update rate = 5.936152e-08
Epoch 438600 (8.8%): Train pred MSE = 1.706633e-09, Test pred MSE = 1.828991e-03, Param MSE = 1.829493e-02, Grad norm = 2.570325e-07, Beta update rate = 5.924165e-08
Epoch 438800 (8.8%): Train pred MSE = 1.700039e-09, Test pred MSE = 1.828990e-03, Param MSE = 1.829492e-02, Grad norm = 2.565252e-07, Beta update rate = 5.912205e-08
Epoch 439000 (8.8%): Train pred MSE = 1.693472e-09, Test pred MSE = 1.828989e-03, Param MSE = 1.829492e-02, Grad norm = 2.560188e-07, Beta update rate = 5.900270e-08
Epoch 439200 (8.8%): Train pred MSE = 1.686930e-09, Test pred MSE = 1.828988e-03, Param MSE = 1.829491e-02, Grad norm = 2.555136e-07, Beta update rate = 5.888361e-08
Epoch 439400 (8.8%): Train pred MSE = 1.680415e-09, Test pred MSE = 1.828988e-03, Param MSE = 1.829490e-02, Grad norm = 2.550093e-07, Beta update rate = 5.876477e-08
Epoch 439600 (8.8%): Train pred MSE = 1.673925e-09, Test pred MSE = 1.828987e-03, Param MSE = 1.829489e-02, Grad norm = 2.545062e-07, Beta update rate = 5.864618e-08
Epoch 439800 (8.8%): Train pred MSE = 1.667460e-09, Test pred MSE = 1.828986e-03, Param MSE = 1.829488e-02, Grad norm = 2.540040e-07, Beta update rate = 5.852785e-08
Epoch 440000 (8.8%): Train pred MSE = 1.661021e-09, Test pred MSE = 1.828985e-03, Param MSE = 1.829487e-02, Grad norm = 2.535029e-07, Beta update rate = 5.840978e-08
Epoch 440200 (8.8%): Train pred MSE = 1.654608e-09, Test pred MSE = 1.828985e-03, Param MSE = 1.829486e-02, Grad norm = 2.530029e-07, Beta update rate = 5.829195e-08
Epoch 440400 (8.8%): Train pred MSE = 1.648219e-09, Test pred MSE = 1.828984e-03, Param MSE = 1.829485e-02, Grad norm = 2.525039e-07, Beta update rate = 5.817438e-08
Epoch 440600 (8.8%): Train pred MSE = 1.641856e-09, Test pred MSE = 1.828983e-03, Param MSE = 1.829484e-02, Grad norm = 2.520059e-07, Beta update rate = 5.805706e-08
Epoch 440800 (8.8%): Train pred MSE = 1.635518e-09, Test pred MSE = 1.828982e-03, Param MSE = 1.829484e-02, Grad norm = 2.515089e-07, Beta update rate = 5.794000e-08
Epoch 441000 (8.8%): Train pred MSE = 1.629205e-09, Test pred MSE = 1.828981e-03, Param MSE = 1.829483e-02, Grad norm = 2.510130e-07, Beta update rate = 5.782318e-08
Epoch 441200 (8.8%): Train pred MSE = 1.622917e-09, Test pred MSE = 1.828981e-03, Param MSE = 1.829482e-02, Grad norm = 2.505181e-07, Beta update rate = 5.770661e-08
Epoch 441400 (8.8%): Train pred MSE = 1.616653e-09, Test pred MSE = 1.828980e-03, Param MSE = 1.829481e-02, Grad norm = 2.500243e-07, Beta update rate = 5.759029e-08
Epoch 441600 (8.8%): Train pred MSE = 1.610414e-09, Test pred MSE = 1.828979e-03, Param MSE = 1.829480e-02, Grad norm = 2.495314e-07, Beta update rate = 5.747423e-08
Epoch 441800 (8.8%): Train pred MSE = 1.604200e-09, Test pred MSE = 1.828978e-03, Param MSE = 1.829479e-02, Grad norm = 2.490396e-07, Beta update rate = 5.735840e-08
Epoch 442000 (8.8%): Train pred MSE = 1.598010e-09, Test pred MSE = 1.828978e-03, Param MSE = 1.829478e-02, Grad norm = 2.485488e-07, Beta update rate = 5.724283e-08
Epoch 442200 (8.8%): Train pred MSE = 1.591845e-09, Test pred MSE = 1.828977e-03, Param MSE = 1.829477e-02, Grad norm = 2.480590e-07, Beta update rate = 5.712751e-08
Epoch 442400 (8.8%): Train pred MSE = 1.585704e-09, Test pred MSE = 1.828976e-03, Param MSE = 1.829477e-02, Grad norm = 2.475702e-07, Beta update rate = 5.701243e-08
Epoch 442600 (8.9%): Train pred MSE = 1.579587e-09, Test pred MSE = 1.828976e-03, Param MSE = 1.829476e-02, Grad norm = 2.470825e-07, Beta update rate = 5.689759e-08
Epoch 442800 (8.9%): Train pred MSE = 1.573494e-09, Test pred MSE = 1.828975e-03, Param MSE = 1.829475e-02, Grad norm = 2.465957e-07, Beta update rate = 5.678301e-08
Epoch 443000 (8.9%): Train pred MSE = 1.567425e-09, Test pred MSE = 1.828974e-03, Param MSE = 1.829474e-02, Grad norm = 2.461100e-07, Beta update rate = 5.666866e-08
Epoch 443200 (8.9%): Train pred MSE = 1.561380e-09, Test pred MSE = 1.828973e-03, Param MSE = 1.829473e-02, Grad norm = 2.456252e-07, Beta update rate = 5.655456e-08
Epoch 443400 (8.9%): Train pred MSE = 1.555359e-09, Test pred MSE = 1.828973e-03, Param MSE = 1.829472e-02, Grad norm = 2.451415e-07, Beta update rate = 5.644071e-08
Epoch 443600 (8.9%): Train pred MSE = 1.549361e-09, Test pred MSE = 1.828972e-03, Param MSE = 1.829471e-02, Grad norm = 2.446587e-07, Beta update rate = 5.632710e-08
Epoch 443800 (8.9%): Train pred MSE = 1.543388e-09, Test pred MSE = 1.828971e-03, Param MSE = 1.829471e-02, Grad norm = 2.441770e-07, Beta update rate = 5.621373e-08
Epoch 444000 (8.9%): Train pred MSE = 1.537437e-09, Test pred MSE = 1.828970e-03, Param MSE = 1.829470e-02, Grad norm = 2.436963e-07, Beta update rate = 5.610060e-08
Epoch 444200 (8.9%): Train pred MSE = 1.531510e-09, Test pred MSE = 1.828970e-03, Param MSE = 1.829469e-02, Grad norm = 2.432165e-07, Beta update rate = 5.598772e-08
Epoch 444400 (8.9%): Train pred MSE = 1.525606e-09, Test pred MSE = 1.828969e-03, Param MSE = 1.829468e-02, Grad norm = 2.427378e-07, Beta update rate = 5.587507e-08
Epoch 444600 (8.9%): Train pred MSE = 1.519726e-09, Test pred MSE = 1.828968e-03, Param MSE = 1.829467e-02, Grad norm = 2.422600e-07, Beta update rate = 5.576267e-08
Epoch 444800 (8.9%): Train pred MSE = 1.513869e-09, Test pred MSE = 1.828968e-03, Param MSE = 1.829466e-02, Grad norm = 2.417832e-07, Beta update rate = 5.565050e-08
Epoch 445000 (8.9%): Train pred MSE = 1.508034e-09, Test pred MSE = 1.828967e-03, Param MSE = 1.829466e-02, Grad norm = 2.413074e-07, Beta update rate = 5.553858e-08
Epoch 445200 (8.9%): Train pred MSE = 1.502223e-09, Test pred MSE = 1.828966e-03, Param MSE = 1.829465e-02, Grad norm = 2.408326e-07, Beta update rate = 5.542689e-08
Epoch 445400 (8.9%): Train pred MSE = 1.496434e-09, Test pred MSE = 1.828965e-03, Param MSE = 1.829464e-02, Grad norm = 2.403588e-07, Beta update rate = 5.531544e-08
Epoch 445600 (8.9%): Train pred MSE = 1.490669e-09, Test pred MSE = 1.828965e-03, Param MSE = 1.829463e-02, Grad norm = 2.398859e-07, Beta update rate = 5.520423e-08
Epoch 445800 (8.9%): Train pred MSE = 1.484925e-09, Test pred MSE = 1.828964e-03, Param MSE = 1.829462e-02, Grad norm = 2.394141e-07, Beta update rate = 5.509326e-08
Epoch 446000 (8.9%): Train pred MSE = 1.479205e-09, Test pred MSE = 1.828963e-03, Param MSE = 1.829461e-02, Grad norm = 2.389432e-07, Beta update rate = 5.498252e-08
Epoch 446200 (8.9%): Train pred MSE = 1.473507e-09, Test pred MSE = 1.828963e-03, Param MSE = 1.829461e-02, Grad norm = 2.384732e-07, Beta update rate = 5.487202e-08
Epoch 446400 (8.9%): Train pred MSE = 1.467831e-09, Test pred MSE = 1.828962e-03, Param MSE = 1.829460e-02, Grad norm = 2.380043e-07, Beta update rate = 5.476176e-08
Epoch 446600 (8.9%): Train pred MSE = 1.462178e-09, Test pred MSE = 1.828961e-03, Param MSE = 1.829459e-02, Grad norm = 2.375363e-07, Beta update rate = 5.465173e-08
Epoch 446800 (8.9%): Train pred MSE = 1.456547e-09, Test pred MSE = 1.828960e-03, Param MSE = 1.829458e-02, Grad norm = 2.370693e-07, Beta update rate = 5.454193e-08
Epoch 447000 (8.9%): Train pred MSE = 1.450937e-09, Test pred MSE = 1.828960e-03, Param MSE = 1.829457e-02, Grad norm = 2.366032e-07, Beta update rate = 5.443237e-08
Epoch 447200 (8.9%): Train pred MSE = 1.445350e-09, Test pred MSE = 1.828959e-03, Param MSE = 1.829457e-02, Grad norm = 2.361381e-07, Beta update rate = 5.432304e-08
Epoch 447400 (8.9%): Train pred MSE = 1.439785e-09, Test pred MSE = 1.828958e-03, Param MSE = 1.829456e-02, Grad norm = 2.356740e-07, Beta update rate = 5.421394e-08
Epoch 447600 (9.0%): Train pred MSE = 1.434242e-09, Test pred MSE = 1.828958e-03, Param MSE = 1.829455e-02, Grad norm = 2.352108e-07, Beta update rate = 5.410508e-08
Epoch 447800 (9.0%): Train pred MSE = 1.428721e-09, Test pred MSE = 1.828957e-03, Param MSE = 1.829454e-02, Grad norm = 2.347485e-07, Beta update rate = 5.399645e-08
Epoch 448000 (9.0%): Train pred MSE = 1.423221e-09, Test pred MSE = 1.828956e-03, Param MSE = 1.829453e-02, Grad norm = 2.342873e-07, Beta update rate = 5.388804e-08
Epoch 448200 (9.0%): Train pred MSE = 1.417743e-09, Test pred MSE = 1.828956e-03, Param MSE = 1.829452e-02, Grad norm = 2.338270e-07, Beta update rate = 5.377987e-08
Epoch 448400 (9.0%): Train pred MSE = 1.412286e-09, Test pred MSE = 1.828955e-03, Param MSE = 1.829452e-02, Grad norm = 2.333676e-07, Beta update rate = 5.367193e-08
Epoch 448600 (9.0%): Train pred MSE = 1.406851e-09, Test pred MSE = 1.828954e-03, Param MSE = 1.829451e-02, Grad norm = 2.329092e-07, Beta update rate = 5.356422e-08
Epoch 448800 (9.0%): Train pred MSE = 1.401437e-09, Test pred MSE = 1.828954e-03, Param MSE = 1.829450e-02, Grad norm = 2.324517e-07, Beta update rate = 5.345674e-08
Epoch 449000 (9.0%): Train pred MSE = 1.396044e-09, Test pred MSE = 1.828953e-03, Param MSE = 1.829449e-02, Grad norm = 2.319951e-07, Beta update rate = 5.334949e-08
Epoch 449200 (9.0%): Train pred MSE = 1.390673e-09, Test pred MSE = 1.828952e-03, Param MSE = 1.829449e-02, Grad norm = 2.315395e-07, Beta update rate = 5.324246e-08
Epoch 449400 (9.0%): Train pred MSE = 1.385322e-09, Test pred MSE = 1.828951e-03, Param MSE = 1.829448e-02, Grad norm = 2.310849e-07, Beta update rate = 5.313566e-08
Epoch 449600 (9.0%): Train pred MSE = 1.379993e-09, Test pred MSE = 1.828951e-03, Param MSE = 1.829447e-02, Grad norm = 2.306312e-07, Beta update rate = 5.302909e-08
Epoch 449800 (9.0%): Train pred MSE = 1.374684e-09, Test pred MSE = 1.828950e-03, Param MSE = 1.829446e-02, Grad norm = 2.301784e-07, Beta update rate = 5.292275e-08
Epoch 450000 (9.0%): Train pred MSE = 1.369396e-09, Test pred MSE = 1.828949e-03, Param MSE = 1.829445e-02, Grad norm = 2.297265e-07, Beta update rate = 5.281663e-08
Epoch 450200 (9.0%): Train pred MSE = 1.364129e-09, Test pred MSE = 1.828949e-03, Param MSE = 1.829445e-02, Grad norm = 2.292756e-07, Beta update rate = 5.271074e-08
Epoch 450400 (9.0%): Train pred MSE = 1.358883e-09, Test pred MSE = 1.828948e-03, Param MSE = 1.829444e-02, Grad norm = 2.288256e-07, Beta update rate = 5.260507e-08
Epoch 450600 (9.0%): Train pred MSE = 1.353657e-09, Test pred MSE = 1.828947e-03, Param MSE = 1.829443e-02, Grad norm = 2.283765e-07, Beta update rate = 5.249963e-08
Epoch 450800 (9.0%): Train pred MSE = 1.348452e-09, Test pred MSE = 1.828947e-03, Param MSE = 1.829442e-02, Grad norm = 2.279284e-07, Beta update rate = 5.239441e-08
Epoch 451000 (9.0%): Train pred MSE = 1.343267e-09, Test pred MSE = 1.828946e-03, Param MSE = 1.829441e-02, Grad norm = 2.274811e-07, Beta update rate = 5.228941e-08
Epoch 451200 (9.0%): Train pred MSE = 1.338103e-09, Test pred MSE = 1.828945e-03, Param MSE = 1.829441e-02, Grad norm = 2.270348e-07, Beta update rate = 5.218464e-08
Epoch 451400 (9.0%): Train pred MSE = 1.332958e-09, Test pred MSE = 1.828945e-03, Param MSE = 1.829440e-02, Grad norm = 2.265894e-07, Beta update rate = 5.208008e-08
Epoch 451600 (9.0%): Train pred MSE = 1.327834e-09, Test pred MSE = 1.828944e-03, Param MSE = 1.829439e-02, Grad norm = 2.261450e-07, Beta update rate = 5.197575e-08
Epoch 451800 (9.0%): Train pred MSE = 1.322730e-09, Test pred MSE = 1.828943e-03, Param MSE = 1.829438e-02, Grad norm = 2.257014e-07, Beta update rate = 5.187165e-08
Epoch 452000 (9.0%): Train pred MSE = 1.317646e-09, Test pred MSE = 1.828943e-03, Param MSE = 1.829438e-02, Grad norm = 2.252588e-07, Beta update rate = 5.176776e-08
Epoch 452200 (9.0%): Train pred MSE = 1.312582e-09, Test pred MSE = 1.828942e-03, Param MSE = 1.829437e-02, Grad norm = 2.248170e-07, Beta update rate = 5.166409e-08
Epoch 452400 (9.0%): Train pred MSE = 1.307538e-09, Test pred MSE = 1.828942e-03, Param MSE = 1.829436e-02, Grad norm = 2.243762e-07, Beta update rate = 5.156064e-08
Epoch 452600 (9.1%): Train pred MSE = 1.302513e-09, Test pred MSE = 1.828941e-03, Param MSE = 1.829435e-02, Grad norm = 2.239363e-07, Beta update rate = 5.145742e-08
Epoch 452800 (9.1%): Train pred MSE = 1.297508e-09, Test pred MSE = 1.828940e-03, Param MSE = 1.829435e-02, Grad norm = 2.234973e-07, Beta update rate = 5.135441e-08
Epoch 453000 (9.1%): Train pred MSE = 1.292523e-09, Test pred MSE = 1.828940e-03, Param MSE = 1.829434e-02, Grad norm = 2.230592e-07, Beta update rate = 5.125162e-08
Epoch 453200 (9.1%): Train pred MSE = 1.287557e-09, Test pred MSE = 1.828939e-03, Param MSE = 1.829433e-02, Grad norm = 2.226219e-07, Beta update rate = 5.114904e-08
Epoch 453400 (9.1%): Train pred MSE = 1.282611e-09, Test pred MSE = 1.828938e-03, Param MSE = 1.829432e-02, Grad norm = 2.221856e-07, Beta update rate = 5.104669e-08
Epoch 453600 (9.1%): Train pred MSE = 1.277684e-09, Test pred MSE = 1.828938e-03, Param MSE = 1.829432e-02, Grad norm = 2.217502e-07, Beta update rate = 5.094455e-08
Epoch 453800 (9.1%): Train pred MSE = 1.272777e-09, Test pred MSE = 1.828937e-03, Param MSE = 1.829431e-02, Grad norm = 2.213157e-07, Beta update rate = 5.084262e-08
Epoch 454000 (9.1%): Train pred MSE = 1.267888e-09, Test pred MSE = 1.828936e-03, Param MSE = 1.829430e-02, Grad norm = 2.208820e-07, Beta update rate = 5.074092e-08
Epoch 454200 (9.1%): Train pred MSE = 1.263019e-09, Test pred MSE = 1.828936e-03, Param MSE = 1.829429e-02, Grad norm = 2.204493e-07, Beta update rate = 5.063942e-08
Epoch 454400 (9.1%): Train pred MSE = 1.258169e-09, Test pred MSE = 1.828935e-03, Param MSE = 1.829429e-02, Grad norm = 2.200174e-07, Beta update rate = 5.053815e-08
Epoch 454600 (9.1%): Train pred MSE = 1.253337e-09, Test pred MSE = 1.828934e-03, Param MSE = 1.829428e-02, Grad norm = 2.195865e-07, Beta update rate = 5.043709e-08
Epoch 454800 (9.1%): Train pred MSE = 1.248525e-09, Test pred MSE = 1.828934e-03, Param MSE = 1.829427e-02, Grad norm = 2.191564e-07, Beta update rate = 5.033624e-08
Epoch 455000 (9.1%): Train pred MSE = 1.243732e-09, Test pred MSE = 1.828933e-03, Param MSE = 1.829426e-02, Grad norm = 2.187272e-07, Beta update rate = 5.023560e-08
Epoch 455200 (9.1%): Train pred MSE = 1.238957e-09, Test pred MSE = 1.828933e-03, Param MSE = 1.829426e-02, Grad norm = 2.182989e-07, Beta update rate = 5.013518e-08
Epoch 455400 (9.1%): Train pred MSE = 1.234201e-09, Test pred MSE = 1.828932e-03, Param MSE = 1.829425e-02, Grad norm = 2.178714e-07, Beta update rate = 5.003497e-08
Epoch 455600 (9.1%): Train pred MSE = 1.229464e-09, Test pred MSE = 1.828931e-03, Param MSE = 1.829424e-02, Grad norm = 2.174449e-07, Beta update rate = 4.993497e-08
Epoch 455800 (9.1%): Train pred MSE = 1.224745e-09, Test pred MSE = 1.828931e-03, Param MSE = 1.829423e-02, Grad norm = 2.170192e-07, Beta update rate = 4.983518e-08
Epoch 456000 (9.1%): Train pred MSE = 1.220044e-09, Test pred MSE = 1.828930e-03, Param MSE = 1.829423e-02, Grad norm = 2.165944e-07, Beta update rate = 4.973561e-08
Epoch 456200 (9.1%): Train pred MSE = 1.215362e-09, Test pred MSE = 1.828929e-03, Param MSE = 1.829422e-02, Grad norm = 2.161704e-07, Beta update rate = 4.963624e-08
Epoch 456400 (9.1%): Train pred MSE = 1.210698e-09, Test pred MSE = 1.828929e-03, Param MSE = 1.829421e-02, Grad norm = 2.157473e-07, Beta update rate = 4.953709e-08
Epoch 456600 (9.1%): Train pred MSE = 1.206053e-09, Test pred MSE = 1.828928e-03, Param MSE = 1.829421e-02, Grad norm = 2.153251e-07, Beta update rate = 4.943814e-08
Epoch 456800 (9.1%): Train pred MSE = 1.201425e-09, Test pred MSE = 1.828928e-03, Param MSE = 1.829420e-02, Grad norm = 2.149038e-07, Beta update rate = 4.933940e-08
Epoch 457000 (9.1%): Train pred MSE = 1.196816e-09, Test pred MSE = 1.828927e-03, Param MSE = 1.829419e-02, Grad norm = 2.144833e-07, Beta update rate = 4.924088e-08
Epoch 457200 (9.1%): Train pred MSE = 1.192225e-09, Test pred MSE = 1.828926e-03, Param MSE = 1.829418e-02, Grad norm = 2.140637e-07, Beta update rate = 4.914256e-08
Epoch 457400 (9.1%): Train pred MSE = 1.187652e-09, Test pred MSE = 1.828926e-03, Param MSE = 1.829418e-02, Grad norm = 2.136449e-07, Beta update rate = 4.904444e-08
Epoch 457600 (9.2%): Train pred MSE = 1.183096e-09, Test pred MSE = 1.828925e-03, Param MSE = 1.829417e-02, Grad norm = 2.132270e-07, Beta update rate = 4.894654e-08
Epoch 457800 (9.2%): Train pred MSE = 1.178559e-09, Test pred MSE = 1.828925e-03, Param MSE = 1.829416e-02, Grad norm = 2.128100e-07, Beta update rate = 4.884884e-08
Epoch 458000 (9.2%): Train pred MSE = 1.174039e-09, Test pred MSE = 1.828924e-03, Param MSE = 1.829415e-02, Grad norm = 2.123938e-07, Beta update rate = 4.875135e-08
Epoch 458200 (9.2%): Train pred MSE = 1.169537e-09, Test pred MSE = 1.828923e-03, Param MSE = 1.829415e-02, Grad norm = 2.119784e-07, Beta update rate = 4.865406e-08
Epoch 458400 (9.2%): Train pred MSE = 1.165052e-09, Test pred MSE = 1.828923e-03, Param MSE = 1.829414e-02, Grad norm = 2.115639e-07, Beta update rate = 4.855698e-08
Epoch 458600 (9.2%): Train pred MSE = 1.160585e-09, Test pred MSE = 1.828922e-03, Param MSE = 1.829413e-02, Grad norm = 2.111503e-07, Beta update rate = 4.846010e-08
Epoch 458800 (9.2%): Train pred MSE = 1.156135e-09, Test pred MSE = 1.828921e-03, Param MSE = 1.829413e-02, Grad norm = 2.107375e-07, Beta update rate = 4.836343e-08
Epoch 459000 (9.2%): Train pred MSE = 1.151703e-09, Test pred MSE = 1.828921e-03, Param MSE = 1.829412e-02, Grad norm = 2.103255e-07, Beta update rate = 4.826696e-08
Epoch 459200 (9.2%): Train pred MSE = 1.147288e-09, Test pred MSE = 1.828920e-03, Param MSE = 1.829411e-02, Grad norm = 2.099144e-07, Beta update rate = 4.817069e-08
Epoch 459400 (9.2%): Train pred MSE = 1.142890e-09, Test pred MSE = 1.828920e-03, Param MSE = 1.829411e-02, Grad norm = 2.095042e-07, Beta update rate = 4.807463e-08
Epoch 459600 (9.2%): Train pred MSE = 1.138510e-09, Test pred MSE = 1.828919e-03, Param MSE = 1.829410e-02, Grad norm = 2.090947e-07, Beta update rate = 4.797877e-08
Epoch 459800 (9.2%): Train pred MSE = 1.134146e-09, Test pred MSE = 1.828918e-03, Param MSE = 1.829409e-02, Grad norm = 2.086861e-07, Beta update rate = 4.788311e-08
Epoch 460000 (9.2%): Train pred MSE = 1.129800e-09, Test pred MSE = 1.828918e-03, Param MSE = 1.829408e-02, Grad norm = 2.082784e-07, Beta update rate = 4.778766e-08
Epoch 460200 (9.2%): Train pred MSE = 1.125470e-09, Test pred MSE = 1.828917e-03, Param MSE = 1.829408e-02, Grad norm = 2.078715e-07, Beta update rate = 4.769240e-08
Epoch 460400 (9.2%): Train pred MSE = 1.121158e-09, Test pred MSE = 1.828917e-03, Param MSE = 1.829407e-02, Grad norm = 2.074654e-07, Beta update rate = 4.759735e-08
Epoch 460600 (9.2%): Train pred MSE = 1.116862e-09, Test pred MSE = 1.828916e-03, Param MSE = 1.829406e-02, Grad norm = 2.070601e-07, Beta update rate = 4.750249e-08
Epoch 460800 (9.2%): Train pred MSE = 1.112583e-09, Test pred MSE = 1.828916e-03, Param MSE = 1.829406e-02, Grad norm = 2.066557e-07, Beta update rate = 4.740784e-08
Epoch 461000 (9.2%): Train pred MSE = 1.108321e-09, Test pred MSE = 1.828915e-03, Param MSE = 1.829405e-02, Grad norm = 2.062521e-07, Beta update rate = 4.731338e-08
Epoch 461200 (9.2%): Train pred MSE = 1.104075e-09, Test pred MSE = 1.828914e-03, Param MSE = 1.829404e-02, Grad norm = 2.058493e-07, Beta update rate = 4.721913e-08
Epoch 461400 (9.2%): Train pred MSE = 1.099846e-09, Test pred MSE = 1.828914e-03, Param MSE = 1.829404e-02, Grad norm = 2.054474e-07, Beta update rate = 4.712507e-08
Epoch 461600 (9.2%): Train pred MSE = 1.095633e-09, Test pred MSE = 1.828913e-03, Param MSE = 1.829403e-02, Grad norm = 2.050462e-07, Beta update rate = 4.703121e-08
Epoch 461800 (9.2%): Train pred MSE = 1.091437e-09, Test pred MSE = 1.828913e-03, Param MSE = 1.829402e-02, Grad norm = 2.046459e-07, Beta update rate = 4.693755e-08
Epoch 462000 (9.2%): Train pred MSE = 1.087258e-09, Test pred MSE = 1.828912e-03, Param MSE = 1.829402e-02, Grad norm = 2.042464e-07, Beta update rate = 4.684408e-08
Epoch 462200 (9.2%): Train pred MSE = 1.083094e-09, Test pred MSE = 1.828911e-03, Param MSE = 1.829401e-02, Grad norm = 2.038477e-07, Beta update rate = 4.675081e-08
Epoch 462400 (9.2%): Train pred MSE = 1.078947e-09, Test pred MSE = 1.828911e-03, Param MSE = 1.829400e-02, Grad norm = 2.034499e-07, Beta update rate = 4.665774e-08
Epoch 462600 (9.3%): Train pred MSE = 1.074816e-09, Test pred MSE = 1.828910e-03, Param MSE = 1.829400e-02, Grad norm = 2.030528e-07, Beta update rate = 4.656486e-08
Epoch 462800 (9.3%): Train pred MSE = 1.070701e-09, Test pred MSE = 1.828910e-03, Param MSE = 1.829399e-02, Grad norm = 2.026565e-07, Beta update rate = 4.647218e-08
Epoch 463000 (9.3%): Train pred MSE = 1.066602e-09, Test pred MSE = 1.828909e-03, Param MSE = 1.829398e-02, Grad norm = 2.022611e-07, Beta update rate = 4.637969e-08
Epoch 463200 (9.3%): Train pred MSE = 1.062519e-09, Test pred MSE = 1.828909e-03, Param MSE = 1.829398e-02, Grad norm = 2.018665e-07, Beta update rate = 4.628740e-08
Epoch 463400 (9.3%): Train pred MSE = 1.058452e-09, Test pred MSE = 1.828908e-03, Param MSE = 1.829397e-02, Grad norm = 2.014727e-07, Beta update rate = 4.619530e-08
Epoch 463600 (9.3%): Train pred MSE = 1.054401e-09, Test pred MSE = 1.828907e-03, Param MSE = 1.829396e-02, Grad norm = 2.010796e-07, Beta update rate = 4.610340e-08
Epoch 463800 (9.3%): Train pred MSE = 1.050366e-09, Test pred MSE = 1.828907e-03, Param MSE = 1.829396e-02, Grad norm = 2.006874e-07, Beta update rate = 4.601169e-08
Epoch 464000 (9.3%): Train pred MSE = 1.046346e-09, Test pred MSE = 1.828906e-03, Param MSE = 1.829395e-02, Grad norm = 2.002960e-07, Beta update rate = 4.592017e-08
Epoch 464200 (9.3%): Train pred MSE = 1.042342e-09, Test pred MSE = 1.828906e-03, Param MSE = 1.829394e-02, Grad norm = 1.999054e-07, Beta update rate = 4.582884e-08
Epoch 464400 (9.3%): Train pred MSE = 1.038354e-09, Test pred MSE = 1.828905e-03, Param MSE = 1.829394e-02, Grad norm = 1.995155e-07, Beta update rate = 4.573770e-08
Epoch 464600 (9.3%): Train pred MSE = 1.034381e-09, Test pred MSE = 1.828905e-03, Param MSE = 1.829393e-02, Grad norm = 1.991265e-07, Beta update rate = 4.564676e-08
Epoch 464800 (9.3%): Train pred MSE = 1.030423e-09, Test pred MSE = 1.828904e-03, Param MSE = 1.829392e-02, Grad norm = 1.987383e-07, Beta update rate = 4.555601e-08
Epoch 465000 (9.3%): Train pred MSE = 1.026482e-09, Test pred MSE = 1.828904e-03, Param MSE = 1.829392e-02, Grad norm = 1.983508e-07, Beta update rate = 4.546544e-08
Epoch 465200 (9.3%): Train pred MSE = 1.022555e-09, Test pred MSE = 1.828903e-03, Param MSE = 1.829391e-02, Grad norm = 1.979642e-07, Beta update rate = 4.537507e-08
Epoch 465400 (9.3%): Train pred MSE = 1.018644e-09, Test pred MSE = 1.828902e-03, Param MSE = 1.829390e-02, Grad norm = 1.975783e-07, Beta update rate = 4.528489e-08
Epoch 465600 (9.3%): Train pred MSE = 1.014748e-09, Test pred MSE = 1.828902e-03, Param MSE = 1.829390e-02, Grad norm = 1.971932e-07, Beta update rate = 4.519489e-08
Epoch 465800 (9.3%): Train pred MSE = 1.010867e-09, Test pred MSE = 1.828901e-03, Param MSE = 1.829389e-02, Grad norm = 1.968089e-07, Beta update rate = 4.510509e-08
Epoch 466000 (9.3%): Train pred MSE = 1.007001e-09, Test pred MSE = 1.828901e-03, Param MSE = 1.829388e-02, Grad norm = 1.964254e-07, Beta update rate = 4.501547e-08
Epoch 466200 (9.3%): Train pred MSE = 1.003150e-09, Test pred MSE = 1.828900e-03, Param MSE = 1.829388e-02, Grad norm = 1.960427e-07, Beta update rate = 4.492604e-08
Epoch 466400 (9.3%): Train pred MSE = 9.993145e-10, Test pred MSE = 1.828900e-03, Param MSE = 1.829387e-02, Grad norm = 1.956607e-07, Beta update rate = 4.483680e-08
Epoch 466600 (9.3%): Train pred MSE = 9.954937e-10, Test pred MSE = 1.828899e-03, Param MSE = 1.829387e-02, Grad norm = 1.952795e-07, Beta update rate = 4.474775e-08
Epoch 466800 (9.3%): Train pred MSE = 9.916878e-10, Test pred MSE = 1.828899e-03, Param MSE = 1.829386e-02, Grad norm = 1.948991e-07, Beta update rate = 4.465888e-08
Epoch 467000 (9.3%): Train pred MSE = 9.878966e-10, Test pred MSE = 1.828898e-03, Param MSE = 1.829385e-02, Grad norm = 1.945195e-07, Beta update rate = 4.457020e-08
Epoch 467200 (9.3%): Train pred MSE = 9.841203e-10, Test pred MSE = 1.828897e-03, Param MSE = 1.829385e-02, Grad norm = 1.941407e-07, Beta update rate = 4.448170e-08
Epoch 467400 (9.3%): Train pred MSE = 9.803586e-10, Test pred MSE = 1.828897e-03, Param MSE = 1.829384e-02, Grad norm = 1.937626e-07, Beta update rate = 4.439339e-08
Epoch 467600 (9.4%): Train pred MSE = 9.766116e-10, Test pred MSE = 1.828896e-03, Param MSE = 1.829383e-02, Grad norm = 1.933853e-07, Beta update rate = 4.430527e-08
Epoch 467800 (9.4%): Train pred MSE = 9.728791e-10, Test pred MSE = 1.828896e-03, Param MSE = 1.829383e-02, Grad norm = 1.930087e-07, Beta update rate = 4.421733e-08
Epoch 468000 (9.4%): Train pred MSE = 9.691612e-10, Test pred MSE = 1.828895e-03, Param MSE = 1.829382e-02, Grad norm = 1.926329e-07, Beta update rate = 4.412957e-08
Epoch 468200 (9.4%): Train pred MSE = 9.654577e-10, Test pred MSE = 1.828895e-03, Param MSE = 1.829381e-02, Grad norm = 1.922579e-07, Beta update rate = 4.404200e-08
Epoch 468400 (9.4%): Train pred MSE = 9.617687e-10, Test pred MSE = 1.828894e-03, Param MSE = 1.829381e-02, Grad norm = 1.918837e-07, Beta update rate = 4.395461e-08
Epoch 468600 (9.4%): Train pred MSE = 9.580940e-10, Test pred MSE = 1.828894e-03, Param MSE = 1.829380e-02, Grad norm = 1.915102e-07, Beta update rate = 4.386740e-08
Epoch 468800 (9.4%): Train pred MSE = 9.544335e-10, Test pred MSE = 1.828893e-03, Param MSE = 1.829380e-02, Grad norm = 1.911374e-07, Beta update rate = 4.378038e-08
Epoch 469000 (9.4%): Train pred MSE = 9.507873e-10, Test pred MSE = 1.828893e-03, Param MSE = 1.829379e-02, Grad norm = 1.907655e-07, Beta update rate = 4.369354e-08
Epoch 469200 (9.4%): Train pred MSE = 9.471553e-10, Test pred MSE = 1.828892e-03, Param MSE = 1.829378e-02, Grad norm = 1.903942e-07, Beta update rate = 4.360688e-08
Epoch 469400 (9.4%): Train pred MSE = 9.435374e-10, Test pred MSE = 1.828892e-03, Param MSE = 1.829378e-02, Grad norm = 1.900238e-07, Beta update rate = 4.352040e-08
Epoch 469600 (9.4%): Train pred MSE = 9.399336e-10, Test pred MSE = 1.828891e-03, Param MSE = 1.829377e-02, Grad norm = 1.896541e-07, Beta update rate = 4.343410e-08
Epoch 469800 (9.4%): Train pred MSE = 9.363438e-10, Test pred MSE = 1.828891e-03, Param MSE = 1.829377e-02, Grad norm = 1.892851e-07, Beta update rate = 4.334798e-08
Epoch 470000 (9.4%): Train pred MSE = 9.327679e-10, Test pred MSE = 1.828890e-03, Param MSE = 1.829376e-02, Grad norm = 1.889169e-07, Beta update rate = 4.326204e-08
Epoch 470200 (9.4%): Train pred MSE = 9.292060e-10, Test pred MSE = 1.828889e-03, Param MSE = 1.829375e-02, Grad norm = 1.885494e-07, Beta update rate = 4.317629e-08
Epoch 470400 (9.4%): Train pred MSE = 9.256578e-10, Test pred MSE = 1.828889e-03, Param MSE = 1.829375e-02, Grad norm = 1.881827e-07, Beta update rate = 4.309071e-08
Epoch 470600 (9.4%): Train pred MSE = 9.221235e-10, Test pred MSE = 1.828888e-03, Param MSE = 1.829374e-02, Grad norm = 1.878167e-07, Beta update rate = 4.300531e-08
Epoch 470800 (9.4%): Train pred MSE = 9.186029e-10, Test pred MSE = 1.828888e-03, Param MSE = 1.829373e-02, Grad norm = 1.874515e-07, Beta update rate = 4.292009e-08
Epoch 471000 (9.4%): Train pred MSE = 9.150960e-10, Test pred MSE = 1.828887e-03, Param MSE = 1.829373e-02, Grad norm = 1.870870e-07, Beta update rate = 4.283504e-08
Epoch 471200 (9.4%): Train pred MSE = 9.116027e-10, Test pred MSE = 1.828887e-03, Param MSE = 1.829372e-02, Grad norm = 1.867233e-07, Beta update rate = 4.275018e-08
Epoch 471400 (9.4%): Train pred MSE = 9.081229e-10, Test pred MSE = 1.828886e-03, Param MSE = 1.829372e-02, Grad norm = 1.863603e-07, Beta update rate = 4.266549e-08
Epoch 471600 (9.4%): Train pred MSE = 9.046567e-10, Test pred MSE = 1.828886e-03, Param MSE = 1.829371e-02, Grad norm = 1.859980e-07, Beta update rate = 4.258098e-08
Epoch 471800 (9.4%): Train pred MSE = 9.012040e-10, Test pred MSE = 1.828885e-03, Param MSE = 1.829370e-02, Grad norm = 1.856365e-07, Beta update rate = 4.249664e-08
Epoch 472000 (9.4%): Train pred MSE = 8.977646e-10, Test pred MSE = 1.828885e-03, Param MSE = 1.829370e-02, Grad norm = 1.852757e-07, Beta update rate = 4.241248e-08
Epoch 472200 (9.4%): Train pred MSE = 8.943386e-10, Test pred MSE = 1.828884e-03, Param MSE = 1.829369e-02, Grad norm = 1.849156e-07, Beta update rate = 4.232850e-08
Epoch 472400 (9.4%): Train pred MSE = 8.909260e-10, Test pred MSE = 1.828884e-03, Param MSE = 1.829369e-02, Grad norm = 1.845562e-07, Beta update rate = 4.224469e-08
Epoch 472600 (9.5%): Train pred MSE = 8.875265e-10, Test pred MSE = 1.828883e-03, Param MSE = 1.829368e-02, Grad norm = 1.841976e-07, Beta update rate = 4.216106e-08
Epoch 472800 (9.5%): Train pred MSE = 8.841403e-10, Test pred MSE = 1.828883e-03, Param MSE = 1.829367e-02, Grad norm = 1.838397e-07, Beta update rate = 4.207760e-08
Epoch 473000 (9.5%): Train pred MSE = 8.807672e-10, Test pred MSE = 1.828882e-03, Param MSE = 1.829367e-02, Grad norm = 1.834826e-07, Beta update rate = 4.199431e-08
Epoch 473200 (9.5%): Train pred MSE = 8.774072e-10, Test pred MSE = 1.828882e-03, Param MSE = 1.829366e-02, Grad norm = 1.831262e-07, Beta update rate = 4.191120e-08
Epoch 473400 (9.5%): Train pred MSE = 8.740602e-10, Test pred MSE = 1.828881e-03, Param MSE = 1.829366e-02, Grad norm = 1.827704e-07, Beta update rate = 4.182826e-08
Epoch 473600 (9.5%): Train pred MSE = 8.707263e-10, Test pred MSE = 1.828881e-03, Param MSE = 1.829365e-02, Grad norm = 1.824154e-07, Beta update rate = 4.174550e-08
Epoch 473800 (9.5%): Train pred MSE = 8.674052e-10, Test pred MSE = 1.828880e-03, Param MSE = 1.829365e-02, Grad norm = 1.820612e-07, Beta update rate = 4.166291e-08
Epoch 474000 (9.5%): Train pred MSE = 8.640971e-10, Test pred MSE = 1.828880e-03, Param MSE = 1.829364e-02, Grad norm = 1.817076e-07, Beta update rate = 4.158049e-08
Epoch 474200 (9.5%): Train pred MSE = 8.608018e-10, Test pred MSE = 1.828879e-03, Param MSE = 1.829363e-02, Grad norm = 1.813548e-07, Beta update rate = 4.149824e-08
Epoch 474400 (9.5%): Train pred MSE = 8.575193e-10, Test pred MSE = 1.828879e-03, Param MSE = 1.829363e-02, Grad norm = 1.810027e-07, Beta update rate = 4.141616e-08
Epoch 474600 (9.5%): Train pred MSE = 8.542495e-10, Test pred MSE = 1.828878e-03, Param MSE = 1.829362e-02, Grad norm = 1.806512e-07, Beta update rate = 4.133425e-08
Epoch 474800 (9.5%): Train pred MSE = 8.509924e-10, Test pred MSE = 1.828878e-03, Param MSE = 1.829362e-02, Grad norm = 1.803005e-07, Beta update rate = 4.125252e-08
Epoch 475000 (9.5%): Train pred MSE = 8.477479e-10, Test pred MSE = 1.828877e-03, Param MSE = 1.829361e-02, Grad norm = 1.799506e-07, Beta update rate = 4.117095e-08
Epoch 475200 (9.5%): Train pred MSE = 8.445160e-10, Test pred MSE = 1.828877e-03, Param MSE = 1.829360e-02, Grad norm = 1.796013e-07, Beta update rate = 4.108956e-08
Epoch 475400 (9.5%): Train pred MSE = 8.412966e-10, Test pred MSE = 1.828876e-03, Param MSE = 1.829360e-02, Grad norm = 1.792527e-07, Beta update rate = 4.100833e-08
Epoch 475600 (9.5%): Train pred MSE = 8.380898e-10, Test pred MSE = 1.828876e-03, Param MSE = 1.829359e-02, Grad norm = 1.789048e-07, Beta update rate = 4.092728e-08
Epoch 475800 (9.5%): Train pred MSE = 8.348953e-10, Test pred MSE = 1.828875e-03, Param MSE = 1.829359e-02, Grad norm = 1.785577e-07, Beta update rate = 4.084639e-08
Epoch 476000 (9.5%): Train pred MSE = 8.317133e-10, Test pred MSE = 1.828875e-03, Param MSE = 1.829358e-02, Grad norm = 1.782112e-07, Beta update rate = 4.076567e-08
Epoch 476200 (9.5%): Train pred MSE = 8.285436e-10, Test pred MSE = 1.828874e-03, Param MSE = 1.829358e-02, Grad norm = 1.778655e-07, Beta update rate = 4.068512e-08
Epoch 476400 (9.5%): Train pred MSE = 8.253861e-10, Test pred MSE = 1.828874e-03, Param MSE = 1.829357e-02, Grad norm = 1.775204e-07, Beta update rate = 4.060473e-08
Epoch 476600 (9.5%): Train pred MSE = 8.222409e-10, Test pred MSE = 1.828873e-03, Param MSE = 1.829356e-02, Grad norm = 1.771760e-07, Beta update rate = 4.052452e-08
Epoch 476800 (9.5%): Train pred MSE = 8.191079e-10, Test pred MSE = 1.828873e-03, Param MSE = 1.829356e-02, Grad norm = 1.768324e-07, Beta update rate = 4.044447e-08
Epoch 477000 (9.5%): Train pred MSE = 8.159871e-10, Test pred MSE = 1.828872e-03, Param MSE = 1.829355e-02, Grad norm = 1.764894e-07, Beta update rate = 4.036458e-08
Epoch 477200 (9.5%): Train pred MSE = 8.128783e-10, Test pred MSE = 1.828872e-03, Param MSE = 1.829355e-02, Grad norm = 1.761471e-07, Beta update rate = 4.028487e-08
Epoch 477400 (9.5%): Train pred MSE = 8.097816e-10, Test pred MSE = 1.828871e-03, Param MSE = 1.829354e-02, Grad norm = 1.758056e-07, Beta update rate = 4.020531e-08
Epoch 477600 (9.6%): Train pred MSE = 8.066969e-10, Test pred MSE = 1.828871e-03, Param MSE = 1.829354e-02, Grad norm = 1.754647e-07, Beta update rate = 4.012593e-08
Epoch 477800 (9.6%): Train pred MSE = 8.036241e-10, Test pred MSE = 1.828871e-03, Param MSE = 1.829353e-02, Grad norm = 1.751245e-07, Beta update rate = 4.004671e-08
Epoch 478000 (9.6%): Train pred MSE = 8.005632e-10, Test pred MSE = 1.828870e-03, Param MSE = 1.829353e-02, Grad norm = 1.747849e-07, Beta update rate = 3.996765e-08
Epoch 478200 (9.6%): Train pred MSE = 7.975142e-10, Test pred MSE = 1.828870e-03, Param MSE = 1.829352e-02, Grad norm = 1.744461e-07, Beta update rate = 3.988876e-08
Epoch 478400 (9.6%): Train pred MSE = 7.944770e-10, Test pred MSE = 1.828869e-03, Param MSE = 1.829351e-02, Grad norm = 1.741080e-07, Beta update rate = 3.981003e-08
Epoch 478600 (9.6%): Train pred MSE = 7.914516e-10, Test pred MSE = 1.828869e-03, Param MSE = 1.829351e-02, Grad norm = 1.737705e-07, Beta update rate = 3.973146e-08
Epoch 478800 (9.6%): Train pred MSE = 7.884378e-10, Test pred MSE = 1.828868e-03, Param MSE = 1.829350e-02, Grad norm = 1.734337e-07, Beta update rate = 3.965306e-08
Epoch 479000 (9.6%): Train pred MSE = 7.854358e-10, Test pred MSE = 1.828868e-03, Param MSE = 1.829350e-02, Grad norm = 1.730976e-07, Beta update rate = 3.957482e-08
Epoch 479200 (9.6%): Train pred MSE = 7.824453e-10, Test pred MSE = 1.828867e-03, Param MSE = 1.829349e-02, Grad norm = 1.727622e-07, Beta update rate = 3.949675e-08
Epoch 479400 (9.6%): Train pred MSE = 7.794665e-10, Test pred MSE = 1.828867e-03, Param MSE = 1.829349e-02, Grad norm = 1.724275e-07, Beta update rate = 3.941883e-08
Epoch 479600 (9.6%): Train pred MSE = 7.764992e-10, Test pred MSE = 1.828866e-03, Param MSE = 1.829348e-02, Grad norm = 1.720934e-07, Beta update rate = 3.934108e-08
Epoch 479800 (9.6%): Train pred MSE = 7.735433e-10, Test pred MSE = 1.828866e-03, Param MSE = 1.829348e-02, Grad norm = 1.717600e-07, Beta update rate = 3.926349e-08
Epoch 480000 (9.6%): Train pred MSE = 7.705989e-10, Test pred MSE = 1.828865e-03, Param MSE = 1.829347e-02, Grad norm = 1.714273e-07, Beta update rate = 3.918606e-08
Epoch 480200 (9.6%): Train pred MSE = 7.676659e-10, Test pred MSE = 1.828865e-03, Param MSE = 1.829347e-02, Grad norm = 1.710952e-07, Beta update rate = 3.910879e-08
Epoch 480400 (9.6%): Train pred MSE = 7.647443e-10, Test pred MSE = 1.828864e-03, Param MSE = 1.829346e-02, Grad norm = 1.707639e-07, Beta update rate = 3.903168e-08
Epoch 480600 (9.6%): Train pred MSE = 7.618340e-10, Test pred MSE = 1.828864e-03, Param MSE = 1.829345e-02, Grad norm = 1.704332e-07, Beta update rate = 3.895473e-08
Epoch 480800 (9.6%): Train pred MSE = 7.589349e-10, Test pred MSE = 1.828864e-03, Param MSE = 1.829345e-02, Grad norm = 1.701031e-07, Beta update rate = 3.887794e-08
Epoch 481000 (9.6%): Train pred MSE = 7.560470e-10, Test pred MSE = 1.828863e-03, Param MSE = 1.829344e-02, Grad norm = 1.697737e-07, Beta update rate = 3.880131e-08
Epoch 481200 (9.6%): Train pred MSE = 7.531703e-10, Test pred MSE = 1.828863e-03, Param MSE = 1.829344e-02, Grad norm = 1.694450e-07, Beta update rate = 3.872484e-08
Epoch 481400 (9.6%): Train pred MSE = 7.503048e-10, Test pred MSE = 1.828862e-03, Param MSE = 1.829343e-02, Grad norm = 1.691170e-07, Beta update rate = 3.864852e-08
Epoch 481600 (9.6%): Train pred MSE = 7.474503e-10, Test pred MSE = 1.828862e-03, Param MSE = 1.829343e-02, Grad norm = 1.687896e-07, Beta update rate = 3.857237e-08
Epoch 481800 (9.6%): Train pred MSE = 7.446068e-10, Test pred MSE = 1.828861e-03, Param MSE = 1.829342e-02, Grad norm = 1.684629e-07, Beta update rate = 3.849637e-08
Epoch 482000 (9.6%): Train pred MSE = 7.417744e-10, Test pred MSE = 1.828861e-03, Param MSE = 1.829342e-02, Grad norm = 1.681368e-07, Beta update rate = 3.842053e-08
Epoch 482200 (9.6%): Train pred MSE = 7.389529e-10, Test pred MSE = 1.828860e-03, Param MSE = 1.829341e-02, Grad norm = 1.678114e-07, Beta update rate = 3.834485e-08
Epoch 482400 (9.6%): Train pred MSE = 7.361423e-10, Test pred MSE = 1.828860e-03, Param MSE = 1.829341e-02, Grad norm = 1.674866e-07, Beta update rate = 3.826932e-08
Epoch 482600 (9.7%): Train pred MSE = 7.333426e-10, Test pred MSE = 1.828859e-03, Param MSE = 1.829340e-02, Grad norm = 1.671625e-07, Beta update rate = 3.819395e-08
Epoch 482800 (9.7%): Train pred MSE = 7.305537e-10, Test pred MSE = 1.828859e-03, Param MSE = 1.829340e-02, Grad norm = 1.668391e-07, Beta update rate = 3.811874e-08
Epoch 483000 (9.7%): Train pred MSE = 7.277756e-10, Test pred MSE = 1.828859e-03, Param MSE = 1.829339e-02, Grad norm = 1.665163e-07, Beta update rate = 3.804368e-08
Epoch 483200 (9.7%): Train pred MSE = 7.250083e-10, Test pred MSE = 1.828858e-03, Param MSE = 1.829339e-02, Grad norm = 1.661942e-07, Beta update rate = 3.796878e-08
Epoch 483400 (9.7%): Train pred MSE = 7.222516e-10, Test pred MSE = 1.828858e-03, Param MSE = 1.829338e-02, Grad norm = 1.658727e-07, Beta update rate = 3.789403e-08
Epoch 483600 (9.7%): Train pred MSE = 7.195056e-10, Test pred MSE = 1.828857e-03, Param MSE = 1.829338e-02, Grad norm = 1.655518e-07, Beta update rate = 3.781944e-08
Epoch 483800 (9.7%): Train pred MSE = 7.167702e-10, Test pred MSE = 1.828857e-03, Param MSE = 1.829337e-02, Grad norm = 1.652316e-07, Beta update rate = 3.774500e-08
Epoch 484000 (9.7%): Train pred MSE = 7.140454e-10, Test pred MSE = 1.828856e-03, Param MSE = 1.829336e-02, Grad norm = 1.649121e-07, Beta update rate = 3.767072e-08
Epoch 484200 (9.7%): Train pred MSE = 7.113311e-10, Test pred MSE = 1.828856e-03, Param MSE = 1.829336e-02, Grad norm = 1.645931e-07, Beta update rate = 3.759659e-08
Epoch 484400 (9.7%): Train pred MSE = 7.086272e-10, Test pred MSE = 1.828855e-03, Param MSE = 1.829335e-02, Grad norm = 1.642749e-07, Beta update rate = 3.752261e-08
Epoch 484600 (9.7%): Train pred MSE = 7.059339e-10, Test pred MSE = 1.828855e-03, Param MSE = 1.829335e-02, Grad norm = 1.639572e-07, Beta update rate = 3.744879e-08
Epoch 484800 (9.7%): Train pred MSE = 7.032509e-10, Test pred MSE = 1.828855e-03, Param MSE = 1.829334e-02, Grad norm = 1.636403e-07, Beta update rate = 3.737511e-08
Epoch 485000 (9.7%): Train pred MSE = 7.005783e-10, Test pred MSE = 1.828854e-03, Param MSE = 1.829334e-02, Grad norm = 1.633239e-07, Beta update rate = 3.730160e-08
Epoch 485200 (9.7%): Train pred MSE = 6.979160e-10, Test pred MSE = 1.828854e-03, Param MSE = 1.829333e-02, Grad norm = 1.630082e-07, Beta update rate = 3.722823e-08
Epoch 485400 (9.7%): Train pred MSE = 6.952640e-10, Test pred MSE = 1.828853e-03, Param MSE = 1.829333e-02, Grad norm = 1.626931e-07, Beta update rate = 3.715501e-08
Epoch 485600 (9.7%): Train pred MSE = 6.926223e-10, Test pred MSE = 1.828853e-03, Param MSE = 1.829332e-02, Grad norm = 1.623787e-07, Beta update rate = 3.708195e-08
Epoch 485800 (9.7%): Train pred MSE = 6.899907e-10, Test pred MSE = 1.828852e-03, Param MSE = 1.829332e-02, Grad norm = 1.620649e-07, Beta update rate = 3.700904e-08
Epoch 486000 (9.7%): Train pred MSE = 6.873693e-10, Test pred MSE = 1.828852e-03, Param MSE = 1.829331e-02, Grad norm = 1.617517e-07, Beta update rate = 3.693627e-08
Epoch 486200 (9.7%): Train pred MSE = 6.847581e-10, Test pred MSE = 1.828852e-03, Param MSE = 1.829331e-02, Grad norm = 1.614391e-07, Beta update rate = 3.686366e-08
Epoch 486400 (9.7%): Train pred MSE = 6.821569e-10, Test pred MSE = 1.828851e-03, Param MSE = 1.829330e-02, Grad norm = 1.611272e-07, Beta update rate = 3.679120e-08
Epoch 486600 (9.7%): Train pred MSE = 6.795657e-10, Test pred MSE = 1.828851e-03, Param MSE = 1.829330e-02, Grad norm = 1.608159e-07, Beta update rate = 3.671889e-08
Epoch 486800 (9.7%): Train pred MSE = 6.769846e-10, Test pred MSE = 1.828850e-03, Param MSE = 1.829329e-02, Grad norm = 1.605052e-07, Beta update rate = 3.664672e-08
Epoch 487000 (9.7%): Train pred MSE = 6.744134e-10, Test pred MSE = 1.828850e-03, Param MSE = 1.829329e-02, Grad norm = 1.601952e-07, Beta update rate = 3.657471e-08
Epoch 487200 (9.7%): Train pred MSE = 6.718522e-10, Test pred MSE = 1.828849e-03, Param MSE = 1.829328e-02, Grad norm = 1.598858e-07, Beta update rate = 3.650284e-08
Epoch 487400 (9.7%): Train pred MSE = 6.693008e-10, Test pred MSE = 1.828849e-03, Param MSE = 1.829328e-02, Grad norm = 1.595770e-07, Beta update rate = 3.643112e-08
Epoch 487600 (9.8%): Train pred MSE = 6.667593e-10, Test pred MSE = 1.828849e-03, Param MSE = 1.829327e-02, Grad norm = 1.592688e-07, Beta update rate = 3.635956e-08
Epoch 487800 (9.8%): Train pred MSE = 6.642275e-10, Test pred MSE = 1.828848e-03, Param MSE = 1.829327e-02, Grad norm = 1.589612e-07, Beta update rate = 3.628813e-08
Epoch 488000 (9.8%): Train pred MSE = 6.617056e-10, Test pred MSE = 1.828848e-03, Param MSE = 1.829326e-02, Grad norm = 1.586543e-07, Beta update rate = 3.621686e-08
Epoch 488200 (9.8%): Train pred MSE = 6.591934e-10, Test pred MSE = 1.828847e-03, Param MSE = 1.829326e-02, Grad norm = 1.583480e-07, Beta update rate = 3.614573e-08
Epoch 488400 (9.8%): Train pred MSE = 6.566908e-10, Test pred MSE = 1.828847e-03, Param MSE = 1.829325e-02, Grad norm = 1.580423e-07, Beta update rate = 3.607475e-08
Epoch 488600 (9.8%): Train pred MSE = 6.541980e-10, Test pred MSE = 1.828846e-03, Param MSE = 1.829325e-02, Grad norm = 1.577372e-07, Beta update rate = 3.600392e-08
Epoch 488800 (9.8%): Train pred MSE = 6.517147e-10, Test pred MSE = 1.828846e-03, Param MSE = 1.829324e-02, Grad norm = 1.574327e-07, Beta update rate = 3.593323e-08
Epoch 489000 (9.8%): Train pred MSE = 6.492410e-10, Test pred MSE = 1.828846e-03, Param MSE = 1.829324e-02, Grad norm = 1.571288e-07, Beta update rate = 3.586269e-08
Epoch 489200 (9.8%): Train pred MSE = 6.467769e-10, Test pred MSE = 1.828845e-03, Param MSE = 1.829323e-02, Grad norm = 1.568255e-07, Beta update rate = 3.579229e-08
Epoch 489400 (9.8%): Train pred MSE = 6.443222e-10, Test pred MSE = 1.828845e-03, Param MSE = 1.829323e-02, Grad norm = 1.565229e-07, Beta update rate = 3.572204e-08
Epoch 489600 (9.8%): Train pred MSE = 6.418770e-10, Test pred MSE = 1.828844e-03, Param MSE = 1.829322e-02, Grad norm = 1.562208e-07, Beta update rate = 3.565193e-08
Epoch 489800 (9.8%): Train pred MSE = 6.394413e-10, Test pred MSE = 1.828844e-03, Param MSE = 1.829322e-02, Grad norm = 1.559194e-07, Beta update rate = 3.558197e-08
Epoch 490000 (9.8%): Train pred MSE = 6.370149e-10, Test pred MSE = 1.828844e-03, Param MSE = 1.829322e-02, Grad norm = 1.556186e-07, Beta update rate = 3.551215e-08
Epoch 490200 (9.8%): Train pred MSE = 6.345979e-10, Test pred MSE = 1.828843e-03, Param MSE = 1.829321e-02, Grad norm = 1.553183e-07, Beta update rate = 3.544248e-08
Epoch 490400 (9.8%): Train pred MSE = 6.321902e-10, Test pred MSE = 1.828843e-03, Param MSE = 1.829321e-02, Grad norm = 1.550187e-07, Beta update rate = 3.537294e-08
Epoch 490600 (9.8%): Train pred MSE = 6.297918e-10, Test pred MSE = 1.828842e-03, Param MSE = 1.829320e-02, Grad norm = 1.547197e-07, Beta update rate = 3.530356e-08
Epoch 490800 (9.8%): Train pred MSE = 6.274026e-10, Test pred MSE = 1.828842e-03, Param MSE = 1.829320e-02, Grad norm = 1.544213e-07, Beta update rate = 3.523431e-08
Epoch 491000 (9.8%): Train pred MSE = 6.250227e-10, Test pred MSE = 1.828842e-03, Param MSE = 1.829319e-02, Grad norm = 1.541234e-07, Beta update rate = 3.516521e-08
Epoch 491200 (9.8%): Train pred MSE = 6.226519e-10, Test pred MSE = 1.828841e-03, Param MSE = 1.829319e-02, Grad norm = 1.538262e-07, Beta update rate = 3.509625e-08
Epoch 491400 (9.8%): Train pred MSE = 6.202902e-10, Test pred MSE = 1.828841e-03, Param MSE = 1.829318e-02, Grad norm = 1.535296e-07, Beta update rate = 3.502743e-08
Epoch 491600 (9.8%): Train pred MSE = 6.179377e-10, Test pred MSE = 1.828840e-03, Param MSE = 1.829318e-02, Grad norm = 1.532335e-07, Beta update rate = 3.495875e-08
Epoch 491800 (9.8%): Train pred MSE = 6.155942e-10, Test pred MSE = 1.828840e-03, Param MSE = 1.829317e-02, Grad norm = 1.529381e-07, Beta update rate = 3.489022e-08
Epoch 492000 (9.8%): Train pred MSE = 6.132597e-10, Test pred MSE = 1.828840e-03, Param MSE = 1.829317e-02, Grad norm = 1.526432e-07, Beta update rate = 3.482182e-08
Epoch 492200 (9.8%): Train pred MSE = 6.109343e-10, Test pred MSE = 1.828839e-03, Param MSE = 1.829316e-02, Grad norm = 1.523490e-07, Beta update rate = 3.475357e-08
Epoch 492400 (9.8%): Train pred MSE = 6.086177e-10, Test pred MSE = 1.828839e-03, Param MSE = 1.829316e-02, Grad norm = 1.520553e-07, Beta update rate = 3.468546e-08
Epoch 492600 (9.9%): Train pred MSE = 6.063101e-10, Test pred MSE = 1.828838e-03, Param MSE = 1.829315e-02, Grad norm = 1.517622e-07, Beta update rate = 3.461748e-08
Epoch 492800 (9.9%): Train pred MSE = 6.040114e-10, Test pred MSE = 1.828838e-03, Param MSE = 1.829315e-02, Grad norm = 1.514697e-07, Beta update rate = 3.454965e-08
Epoch 493000 (9.9%): Train pred MSE = 6.017216e-10, Test pred MSE = 1.828838e-03, Param MSE = 1.829314e-02, Grad norm = 1.511778e-07, Beta update rate = 3.448195e-08
Epoch 493200 (9.9%): Train pred MSE = 5.994406e-10, Test pred MSE = 1.828837e-03, Param MSE = 1.829314e-02, Grad norm = 1.508865e-07, Beta update rate = 3.441440e-08
Epoch 493400 (9.9%): Train pred MSE = 5.971683e-10, Test pred MSE = 1.828837e-03, Param MSE = 1.829314e-02, Grad norm = 1.505957e-07, Beta update rate = 3.434698e-08
Epoch 493600 (9.9%): Train pred MSE = 5.949048e-10, Test pred MSE = 1.828836e-03, Param MSE = 1.829313e-02, Grad norm = 1.503056e-07, Beta update rate = 3.427971e-08
Epoch 493800 (9.9%): Train pred MSE = 5.926500e-10, Test pred MSE = 1.828836e-03, Param MSE = 1.829313e-02, Grad norm = 1.500160e-07, Beta update rate = 3.421257e-08
Epoch 494000 (9.9%): Train pred MSE = 5.904039e-10, Test pred MSE = 1.828836e-03, Param MSE = 1.829312e-02, Grad norm = 1.497270e-07, Beta update rate = 3.414557e-08
Epoch 494200 (9.9%): Train pred MSE = 5.881664e-10, Test pred MSE = 1.828835e-03, Param MSE = 1.829312e-02, Grad norm = 1.494386e-07, Beta update rate = 3.407870e-08
Epoch 494400 (9.9%): Train pred MSE = 5.859376e-10, Test pred MSE = 1.828835e-03, Param MSE = 1.829311e-02, Grad norm = 1.491507e-07, Beta update rate = 3.401197e-08
Epoch 494600 (9.9%): Train pred MSE = 5.837173e-10, Test pred MSE = 1.828834e-03, Param MSE = 1.829311e-02, Grad norm = 1.488634e-07, Beta update rate = 3.394539e-08
Epoch 494800 (9.9%): Train pred MSE = 5.815056e-10, Test pred MSE = 1.828834e-03, Param MSE = 1.829310e-02, Grad norm = 1.485767e-07, Beta update rate = 3.387893e-08
Epoch 495000 (9.9%): Train pred MSE = 5.793023e-10, Test pred MSE = 1.828834e-03, Param MSE = 1.829310e-02, Grad norm = 1.482906e-07, Beta update rate = 3.381262e-08
Epoch 495200 (9.9%): Train pred MSE = 5.771076e-10, Test pred MSE = 1.828833e-03, Param MSE = 1.829309e-02, Grad norm = 1.480051e-07, Beta update rate = 3.374644e-08
Epoch 495400 (9.9%): Train pred MSE = 5.749213e-10, Test pred MSE = 1.828833e-03, Param MSE = 1.829309e-02, Grad norm = 1.477201e-07, Beta update rate = 3.368039e-08
Epoch 495600 (9.9%): Train pred MSE = 5.727434e-10, Test pred MSE = 1.828833e-03, Param MSE = 1.829309e-02, Grad norm = 1.474357e-07, Beta update rate = 3.361448e-08
Epoch 495800 (9.9%): Train pred MSE = 5.705739e-10, Test pred MSE = 1.828832e-03, Param MSE = 1.829308e-02, Grad norm = 1.471519e-07, Beta update rate = 3.354871e-08
Epoch 496000 (9.9%): Train pred MSE = 5.684127e-10, Test pred MSE = 1.828832e-03, Param MSE = 1.829308e-02, Grad norm = 1.468686e-07, Beta update rate = 3.348307e-08
Epoch 496200 (9.9%): Train pred MSE = 5.662599e-10, Test pred MSE = 1.828831e-03, Param MSE = 1.829307e-02, Grad norm = 1.465859e-07, Beta update rate = 3.341757e-08
Epoch 496400 (9.9%): Train pred MSE = 5.641153e-10, Test pred MSE = 1.828831e-03, Param MSE = 1.829307e-02, Grad norm = 1.463038e-07, Beta update rate = 3.335220e-08
Epoch 496600 (9.9%): Train pred MSE = 5.619789e-10, Test pred MSE = 1.828831e-03, Param MSE = 1.829306e-02, Grad norm = 1.460222e-07, Beta update rate = 3.328696e-08
Epoch 496800 (9.9%): Train pred MSE = 5.598508e-10, Test pred MSE = 1.828830e-03, Param MSE = 1.829306e-02, Grad norm = 1.457412e-07, Beta update rate = 3.322186e-08
Epoch 497000 (9.9%): Train pred MSE = 5.577309e-10, Test pred MSE = 1.828830e-03, Param MSE = 1.829305e-02, Grad norm = 1.454607e-07, Beta update rate = 3.315689e-08
Epoch 497200 (9.9%): Train pred MSE = 5.556191e-10, Test pred MSE = 1.828829e-03, Param MSE = 1.829305e-02, Grad norm = 1.451808e-07, Beta update rate = 3.309206e-08
Epoch 497400 (9.9%): Train pred MSE = 5.535155e-10, Test pred MSE = 1.828829e-03, Param MSE = 1.829305e-02, Grad norm = 1.449015e-07, Beta update rate = 3.302736e-08
Epoch 497600 (10.0%): Train pred MSE = 5.514199e-10, Test pred MSE = 1.828829e-03, Param MSE = 1.829304e-02, Grad norm = 1.446227e-07, Beta update rate = 3.296279e-08
Epoch 497800 (10.0%): Train pred MSE = 5.493324e-10, Test pred MSE = 1.828828e-03, Param MSE = 1.829304e-02, Grad norm = 1.443445e-07, Beta update rate = 3.289835e-08
Epoch 498000 (10.0%): Train pred MSE = 5.472529e-10, Test pred MSE = 1.828828e-03, Param MSE = 1.829303e-02, Grad norm = 1.440669e-07, Beta update rate = 3.283404e-08
Epoch 498200 (10.0%): Train pred MSE = 5.451814e-10, Test pred MSE = 1.828828e-03, Param MSE = 1.829303e-02, Grad norm = 1.437898e-07, Beta update rate = 3.276987e-08
Epoch 498400 (10.0%): Train pred MSE = 5.431178e-10, Test pred MSE = 1.828827e-03, Param MSE = 1.829302e-02, Grad norm = 1.435132e-07, Beta update rate = 3.270583e-08
Epoch 498600 (10.0%): Train pred MSE = 5.410622e-10, Test pred MSE = 1.828827e-03, Param MSE = 1.829302e-02, Grad norm = 1.432372e-07, Beta update rate = 3.264192e-08
Epoch 498800 (10.0%): Train pred MSE = 5.390145e-10, Test pred MSE = 1.828826e-03, Param MSE = 1.829301e-02, Grad norm = 1.429618e-07, Beta update rate = 3.257814e-08
Epoch 499000 (10.0%): Train pred MSE = 5.369746e-10, Test pred MSE = 1.828826e-03, Param MSE = 1.829301e-02, Grad norm = 1.426869e-07, Beta update rate = 3.251449e-08
Epoch 499200 (10.0%): Train pred MSE = 5.349426e-10, Test pred MSE = 1.828826e-03, Param MSE = 1.829301e-02, Grad norm = 1.424125e-07, Beta update rate = 3.245097e-08
Epoch 499400 (10.0%): Train pred MSE = 5.329184e-10, Test pred MSE = 1.828825e-03, Param MSE = 1.829300e-02, Grad norm = 1.421387e-07, Beta update rate = 3.238758e-08
Epoch 499600 (10.0%): Train pred MSE = 5.309020e-10, Test pred MSE = 1.828825e-03, Param MSE = 1.829300e-02, Grad norm = 1.418655e-07, Beta update rate = 3.232432e-08
Epoch 499800 (10.0%): Train pred MSE = 5.288933e-10, Test pred MSE = 1.828825e-03, Param MSE = 1.829299e-02, Grad norm = 1.415928e-07, Beta update rate = 3.226119e-08
Epoch 500000 (10.0%): Train pred MSE = 5.268923e-10, Test pred MSE = 1.828824e-03, Param MSE = 1.829299e-02, Grad norm = 1.413206e-07, Beta update rate = 3.219819e-08
Epoch 500200 (10.0%): Train pred MSE = 5.248990e-10, Test pred MSE = 1.828824e-03, Param MSE = 1.829298e-02, Grad norm = 1.410490e-07, Beta update rate = 3.213532e-08
Epoch 500400 (10.0%): Train pred MSE = 5.229134e-10, Test pred MSE = 1.828824e-03, Param MSE = 1.829298e-02, Grad norm = 1.407779e-07, Beta update rate = 3.207257e-08
Epoch 500600 (10.0%): Train pred MSE = 5.209354e-10, Test pred MSE = 1.828823e-03, Param MSE = 1.829298e-02, Grad norm = 1.405074e-07, Beta update rate = 3.200996e-08
Epoch 500800 (10.0%): Train pred MSE = 5.189650e-10, Test pred MSE = 1.828823e-03, Param MSE = 1.829297e-02, Grad norm = 1.402374e-07, Beta update rate = 3.194747e-08
Epoch 501000 (10.0%): Train pred MSE = 5.170021e-10, Test pred MSE = 1.828822e-03, Param MSE = 1.829297e-02, Grad norm = 1.399679e-07, Beta update rate = 3.188511e-08
Epoch 501200 (10.0%): Train pred MSE = 5.150468e-10, Test pred MSE = 1.828822e-03, Param MSE = 1.829296e-02, Grad norm = 1.396990e-07, Beta update rate = 3.182288e-08
Epoch 501400 (10.0%): Train pred MSE = 5.130990e-10, Test pred MSE = 1.828822e-03, Param MSE = 1.829296e-02, Grad norm = 1.394306e-07, Beta update rate = 3.176078e-08
Epoch 501600 (10.0%): Train pred MSE = 5.111587e-10, Test pred MSE = 1.828821e-03, Param MSE = 1.829296e-02, Grad norm = 1.391628e-07, Beta update rate = 3.169880e-08
Epoch 501800 (10.0%): Train pred MSE = 5.092258e-10, Test pred MSE = 1.828821e-03, Param MSE = 1.829295e-02, Grad norm = 1.388954e-07, Beta update rate = 3.163695e-08
Epoch 502000 (10.0%): Train pred MSE = 5.073004e-10, Test pred MSE = 1.828821e-03, Param MSE = 1.829295e-02, Grad norm = 1.386287e-07, Beta update rate = 3.157522e-08
Epoch 502200 (10.0%): Train pred MSE = 5.053823e-10, Test pred MSE = 1.828820e-03, Param MSE = 1.829294e-02, Grad norm = 1.383624e-07, Beta update rate = 3.151362e-08
Epoch 502400 (10.0%): Train pred MSE = 5.034716e-10, Test pred MSE = 1.828820e-03, Param MSE = 1.829294e-02, Grad norm = 1.380967e-07, Beta update rate = 3.145215e-08
Epoch 502600 (10.1%): Train pred MSE = 5.015682e-10, Test pred MSE = 1.828820e-03, Param MSE = 1.829293e-02, Grad norm = 1.378315e-07, Beta update rate = 3.139080e-08
Epoch 502800 (10.1%): Train pred MSE = 4.996721e-10, Test pred MSE = 1.828819e-03, Param MSE = 1.829293e-02, Grad norm = 1.375668e-07, Beta update rate = 3.132958e-08
Epoch 503000 (10.1%): Train pred MSE = 4.977833e-10, Test pred MSE = 1.828819e-03, Param MSE = 1.829293e-02, Grad norm = 1.373027e-07, Beta update rate = 3.126849e-08
Epoch 503200 (10.1%): Train pred MSE = 4.959018e-10, Test pred MSE = 1.828819e-03, Param MSE = 1.829292e-02, Grad norm = 1.370391e-07, Beta update rate = 3.120751e-08
Epoch 503400 (10.1%): Train pred MSE = 4.940274e-10, Test pred MSE = 1.828818e-03, Param MSE = 1.829292e-02, Grad norm = 1.367760e-07, Beta update rate = 3.114667e-08
Epoch 503600 (10.1%): Train pred MSE = 4.921603e-10, Test pred MSE = 1.828818e-03, Param MSE = 1.829291e-02, Grad norm = 1.365134e-07, Beta update rate = 3.108594e-08
Epoch 503800 (10.1%): Train pred MSE = 4.903003e-10, Test pred MSE = 1.828818e-03, Param MSE = 1.829291e-02, Grad norm = 1.362514e-07, Beta update rate = 3.102534e-08
Epoch 504000 (10.1%): Train pred MSE = 4.884474e-10, Test pred MSE = 1.828817e-03, Param MSE = 1.829291e-02, Grad norm = 1.359899e-07, Beta update rate = 3.096487e-08
Epoch 504200 (10.1%): Train pred MSE = 4.866017e-10, Test pred MSE = 1.828817e-03, Param MSE = 1.829290e-02, Grad norm = 1.357289e-07, Beta update rate = 3.090452e-08
Epoch 504400 (10.1%): Train pred MSE = 4.847630e-10, Test pred MSE = 1.828817e-03, Param MSE = 1.829290e-02, Grad norm = 1.354684e-07, Beta update rate = 3.084429e-08
Epoch 504600 (10.1%): Train pred MSE = 4.829314e-10, Test pred MSE = 1.828816e-03, Param MSE = 1.829289e-02, Grad norm = 1.352084e-07, Beta update rate = 3.078418e-08
Epoch 504800 (10.1%): Train pred MSE = 4.811068e-10, Test pred MSE = 1.828816e-03, Param MSE = 1.829289e-02, Grad norm = 1.349490e-07, Beta update rate = 3.072420e-08
Epoch 505000 (10.1%): Train pred MSE = 4.792892e-10, Test pred MSE = 1.828815e-03, Param MSE = 1.829289e-02, Grad norm = 1.346901e-07, Beta update rate = 3.066433e-08
Epoch 505200 (10.1%): Train pred MSE = 4.774785e-10, Test pred MSE = 1.828815e-03, Param MSE = 1.829288e-02, Grad norm = 1.344317e-07, Beta update rate = 3.060459e-08
Epoch 505400 (10.1%): Train pred MSE = 4.756748e-10, Test pred MSE = 1.828815e-03, Param MSE = 1.829288e-02, Grad norm = 1.341738e-07, Beta update rate = 3.054498e-08
Epoch 505600 (10.1%): Train pred MSE = 4.738781e-10, Test pred MSE = 1.828814e-03, Param MSE = 1.829287e-02, Grad norm = 1.339164e-07, Beta update rate = 3.048548e-08
Epoch 505800 (10.1%): Train pred MSE = 4.720882e-10, Test pred MSE = 1.828814e-03, Param MSE = 1.829287e-02, Grad norm = 1.336595e-07, Beta update rate = 3.042611e-08
Epoch 506000 (10.1%): Train pred MSE = 4.703051e-10, Test pred MSE = 1.828814e-03, Param MSE = 1.829287e-02, Grad norm = 1.334032e-07, Beta update rate = 3.036685e-08
Epoch 506200 (10.1%): Train pred MSE = 4.685289e-10, Test pred MSE = 1.828813e-03, Param MSE = 1.829286e-02, Grad norm = 1.331473e-07, Beta update rate = 3.030772e-08
Epoch 506400 (10.1%): Train pred MSE = 4.667595e-10, Test pred MSE = 1.828813e-03, Param MSE = 1.829286e-02, Grad norm = 1.328920e-07, Beta update rate = 3.024871e-08
Epoch 506600 (10.1%): Train pred MSE = 4.649969e-10, Test pred MSE = 1.828813e-03, Param MSE = 1.829285e-02, Grad norm = 1.326372e-07, Beta update rate = 3.018981e-08
Epoch 506800 (10.1%): Train pred MSE = 4.632410e-10, Test pred MSE = 1.828812e-03, Param MSE = 1.829285e-02, Grad norm = 1.323828e-07, Beta update rate = 3.013104e-08
Epoch 507000 (10.1%): Train pred MSE = 4.614919e-10, Test pred MSE = 1.828812e-03, Param MSE = 1.829285e-02, Grad norm = 1.321290e-07, Beta update rate = 3.007239e-08
Epoch 507200 (10.1%): Train pred MSE = 4.597495e-10, Test pred MSE = 1.828812e-03, Param MSE = 1.829284e-02, Grad norm = 1.318757e-07, Beta update rate = 3.001386e-08
Epoch 507400 (10.1%): Train pred MSE = 4.580137e-10, Test pred MSE = 1.828811e-03, Param MSE = 1.829284e-02, Grad norm = 1.316229e-07, Beta update rate = 2.995544e-08
Epoch 507600 (10.2%): Train pred MSE = 4.562846e-10, Test pred MSE = 1.828811e-03, Param MSE = 1.829283e-02, Grad norm = 1.313706e-07, Beta update rate = 2.989715e-08
Epoch 507800 (10.2%): Train pred MSE = 4.545621e-10, Test pred MSE = 1.828811e-03, Param MSE = 1.829283e-02, Grad norm = 1.311188e-07, Beta update rate = 2.983897e-08
Epoch 508000 (10.2%): Train pred MSE = 4.528462e-10, Test pred MSE = 1.828810e-03, Param MSE = 1.829283e-02, Grad norm = 1.308675e-07, Beta update rate = 2.978091e-08
Epoch 508200 (10.2%): Train pred MSE = 4.511369e-10, Test pred MSE = 1.828810e-03, Param MSE = 1.829282e-02, Grad norm = 1.306166e-07, Beta update rate = 2.972297e-08
Epoch 508400 (10.2%): Train pred MSE = 4.494341e-10, Test pred MSE = 1.828810e-03, Param MSE = 1.829282e-02, Grad norm = 1.303663e-07, Beta update rate = 2.966515e-08
Epoch 508600 (10.2%): Train pred MSE = 4.477379e-10, Test pred MSE = 1.828809e-03, Param MSE = 1.829281e-02, Grad norm = 1.301165e-07, Beta update rate = 2.960744e-08
Epoch 508800 (10.2%): Train pred MSE = 4.460481e-10, Test pred MSE = 1.828809e-03, Param MSE = 1.829281e-02, Grad norm = 1.298672e-07, Beta update rate = 2.954986e-08
Epoch 509000 (10.2%): Train pred MSE = 4.443648e-10, Test pred MSE = 1.828809e-03, Param MSE = 1.829281e-02, Grad norm = 1.296184e-07, Beta update rate = 2.949239e-08
Epoch 509200 (10.2%): Train pred MSE = 4.426879e-10, Test pred MSE = 1.828808e-03, Param MSE = 1.829280e-02, Grad norm = 1.293701e-07, Beta update rate = 2.943503e-08
Epoch 509400 (10.2%): Train pred MSE = 4.410175e-10, Test pred MSE = 1.828808e-03, Param MSE = 1.829280e-02, Grad norm = 1.291222e-07, Beta update rate = 2.937780e-08
Epoch 509600 (10.2%): Train pred MSE = 4.393535e-10, Test pred MSE = 1.828808e-03, Param MSE = 1.829280e-02, Grad norm = 1.288749e-07, Beta update rate = 2.932068e-08
Epoch 509800 (10.2%): Train pred MSE = 4.376958e-10, Test pred MSE = 1.828808e-03, Param MSE = 1.829279e-02, Grad norm = 1.286280e-07, Beta update rate = 2.926367e-08
Epoch 510000 (10.2%): Train pred MSE = 4.360445e-10, Test pred MSE = 1.828807e-03, Param MSE = 1.829279e-02, Grad norm = 1.283817e-07, Beta update rate = 2.920678e-08
Epoch 510200 (10.2%): Train pred MSE = 4.343995e-10, Test pred MSE = 1.828807e-03, Param MSE = 1.829278e-02, Grad norm = 1.281358e-07, Beta update rate = 2.915001e-08
Epoch 510400 (10.2%): Train pred MSE = 4.327608e-10, Test pred MSE = 1.828807e-03, Param MSE = 1.829278e-02, Grad norm = 1.278904e-07, Beta update rate = 2.909335e-08
Epoch 510600 (10.2%): Train pred MSE = 4.311283e-10, Test pred MSE = 1.828806e-03, Param MSE = 1.829278e-02, Grad norm = 1.276455e-07, Beta update rate = 2.903681e-08
Epoch 510800 (10.2%): Train pred MSE = 4.295021e-10, Test pred MSE = 1.828806e-03, Param MSE = 1.829277e-02, Grad norm = 1.274011e-07, Beta update rate = 2.898039e-08
Epoch 511000 (10.2%): Train pred MSE = 4.278822e-10, Test pred MSE = 1.828806e-03, Param MSE = 1.829277e-02, Grad norm = 1.271572e-07, Beta update rate = 2.892407e-08
Epoch 511200 (10.2%): Train pred MSE = 4.262684e-10, Test pred MSE = 1.828805e-03, Param MSE = 1.829277e-02, Grad norm = 1.269137e-07, Beta update rate = 2.886787e-08
Epoch 511400 (10.2%): Train pred MSE = 4.246608e-10, Test pred MSE = 1.828805e-03, Param MSE = 1.829276e-02, Grad norm = 1.266708e-07, Beta update rate = 2.881179e-08
Epoch 511600 (10.2%): Train pred MSE = 4.230593e-10, Test pred MSE = 1.828805e-03, Param MSE = 1.829276e-02, Grad norm = 1.264283e-07, Beta update rate = 2.875582e-08
Epoch 511800 (10.2%): Train pred MSE = 4.214640e-10, Test pred MSE = 1.828804e-03, Param MSE = 1.829275e-02, Grad norm = 1.261863e-07, Beta update rate = 2.869996e-08
Epoch 512000 (10.2%): Train pred MSE = 4.198748e-10, Test pred MSE = 1.828804e-03, Param MSE = 1.829275e-02, Grad norm = 1.259448e-07, Beta update rate = 2.864422e-08
Epoch 512200 (10.2%): Train pred MSE = 4.182916e-10, Test pred MSE = 1.828804e-03, Param MSE = 1.829275e-02, Grad norm = 1.257037e-07, Beta update rate = 2.858859e-08
Epoch 512400 (10.2%): Train pred MSE = 4.167145e-10, Test pred MSE = 1.828803e-03, Param MSE = 1.829274e-02, Grad norm = 1.254632e-07, Beta update rate = 2.853307e-08
Epoch 512600 (10.3%): Train pred MSE = 4.151434e-10, Test pred MSE = 1.828803e-03, Param MSE = 1.829274e-02, Grad norm = 1.252231e-07, Beta update rate = 2.847767e-08
Epoch 512800 (10.3%): Train pred MSE = 4.135784e-10, Test pred MSE = 1.828803e-03, Param MSE = 1.829274e-02, Grad norm = 1.249835e-07, Beta update rate = 2.842238e-08
Epoch 513000 (10.3%): Train pred MSE = 4.120193e-10, Test pred MSE = 1.828802e-03, Param MSE = 1.829273e-02, Grad norm = 1.247444e-07, Beta update rate = 2.836720e-08
Epoch 513200 (10.3%): Train pred MSE = 4.104662e-10, Test pred MSE = 1.828802e-03, Param MSE = 1.829273e-02, Grad norm = 1.245057e-07, Beta update rate = 2.831213e-08
Epoch 513400 (10.3%): Train pred MSE = 4.089190e-10, Test pred MSE = 1.828802e-03, Param MSE = 1.829273e-02, Grad norm = 1.242675e-07, Beta update rate = 2.825717e-08
Epoch 513600 (10.3%): Train pred MSE = 4.073777e-10, Test pred MSE = 1.828802e-03, Param MSE = 1.829272e-02, Grad norm = 1.240298e-07, Beta update rate = 2.820233e-08
Epoch 513800 (10.3%): Train pred MSE = 4.058424e-10, Test pred MSE = 1.828801e-03, Param MSE = 1.829272e-02, Grad norm = 1.237925e-07, Beta update rate = 2.814759e-08
Epoch 514000 (10.3%): Train pred MSE = 4.043129e-10, Test pred MSE = 1.828801e-03, Param MSE = 1.829271e-02, Grad norm = 1.235558e-07, Beta update rate = 2.809297e-08
Epoch 514200 (10.3%): Train pred MSE = 4.027892e-10, Test pred MSE = 1.828801e-03, Param MSE = 1.829271e-02, Grad norm = 1.233195e-07, Beta update rate = 2.803846e-08
Epoch 514400 (10.3%): Train pred MSE = 4.012714e-10, Test pred MSE = 1.828800e-03, Param MSE = 1.829271e-02, Grad norm = 1.230836e-07, Beta update rate = 2.798406e-08
Epoch 514600 (10.3%): Train pred MSE = 3.997593e-10, Test pred MSE = 1.828800e-03, Param MSE = 1.829270e-02, Grad norm = 1.228483e-07, Beta update rate = 2.792977e-08
Epoch 514800 (10.3%): Train pred MSE = 3.982531e-10, Test pred MSE = 1.828800e-03, Param MSE = 1.829270e-02, Grad norm = 1.226134e-07, Beta update rate = 2.787558e-08
Epoch 515000 (10.3%): Train pred MSE = 3.967525e-10, Test pred MSE = 1.828799e-03, Param MSE = 1.829270e-02, Grad norm = 1.223789e-07, Beta update rate = 2.782151e-08
Epoch 515200 (10.3%): Train pred MSE = 3.952578e-10, Test pred MSE = 1.828799e-03, Param MSE = 1.829269e-02, Grad norm = 1.221449e-07, Beta update rate = 2.776755e-08
Epoch 515400 (10.3%): Train pred MSE = 3.937687e-10, Test pred MSE = 1.828799e-03, Param MSE = 1.829269e-02, Grad norm = 1.219114e-07, Beta update rate = 2.771370e-08
Epoch 515600 (10.3%): Train pred MSE = 3.922853e-10, Test pred MSE = 1.828798e-03, Param MSE = 1.829269e-02, Grad norm = 1.216784e-07, Beta update rate = 2.765995e-08
Epoch 515800 (10.3%): Train pred MSE = 3.908076e-10, Test pred MSE = 1.828798e-03, Param MSE = 1.829268e-02, Grad norm = 1.214458e-07, Beta update rate = 2.760632e-08
Epoch 516000 (10.3%): Train pred MSE = 3.893355e-10, Test pred MSE = 1.828798e-03, Param MSE = 1.829268e-02, Grad norm = 1.212137e-07, Beta update rate = 2.755279e-08
Epoch 516200 (10.3%): Train pred MSE = 3.878691e-10, Test pred MSE = 1.828798e-03, Param MSE = 1.829268e-02, Grad norm = 1.209820e-07, Beta update rate = 2.749938e-08
Epoch 516400 (10.3%): Train pred MSE = 3.864083e-10, Test pred MSE = 1.828797e-03, Param MSE = 1.829267e-02, Grad norm = 1.207508e-07, Beta update rate = 2.744607e-08
Epoch 516600 (10.3%): Train pred MSE = 3.849530e-10, Test pred MSE = 1.828797e-03, Param MSE = 1.829267e-02, Grad norm = 1.205200e-07, Beta update rate = 2.739286e-08
Epoch 516800 (10.3%): Train pred MSE = 3.835033e-10, Test pred MSE = 1.828797e-03, Param MSE = 1.829266e-02, Grad norm = 1.202897e-07, Beta update rate = 2.733977e-08
Epoch 517000 (10.3%): Train pred MSE = 3.820591e-10, Test pred MSE = 1.828796e-03, Param MSE = 1.829266e-02, Grad norm = 1.200599e-07, Beta update rate = 2.728678e-08
Epoch 517200 (10.3%): Train pred MSE = 3.806204e-10, Test pred MSE = 1.828796e-03, Param MSE = 1.829266e-02, Grad norm = 1.198305e-07, Beta update rate = 2.723390e-08
Epoch 517400 (10.3%): Train pred MSE = 3.791873e-10, Test pred MSE = 1.828796e-03, Param MSE = 1.829265e-02, Grad norm = 1.196016e-07, Beta update rate = 2.718113e-08
Epoch 517600 (10.4%): Train pred MSE = 3.777596e-10, Test pred MSE = 1.828796e-03, Param MSE = 1.829265e-02, Grad norm = 1.193731e-07, Beta update rate = 2.712847e-08
Epoch 517800 (10.4%): Train pred MSE = 3.763373e-10, Test pred MSE = 1.828795e-03, Param MSE = 1.829265e-02, Grad norm = 1.191451e-07, Beta update rate = 2.707591e-08
Epoch 518000 (10.4%): Train pred MSE = 3.749205e-10, Test pred MSE = 1.828795e-03, Param MSE = 1.829264e-02, Grad norm = 1.189175e-07, Beta update rate = 2.702345e-08
Epoch 518200 (10.4%): Train pred MSE = 3.735091e-10, Test pred MSE = 1.828795e-03, Param MSE = 1.829264e-02, Grad norm = 1.186904e-07, Beta update rate = 2.697111e-08
Epoch 518400 (10.4%): Train pred MSE = 3.721030e-10, Test pred MSE = 1.828794e-03, Param MSE = 1.829264e-02, Grad norm = 1.184637e-07, Beta update rate = 2.691886e-08
Epoch 518600 (10.4%): Train pred MSE = 3.707024e-10, Test pred MSE = 1.828794e-03, Param MSE = 1.829263e-02, Grad norm = 1.182374e-07, Beta update rate = 2.686673e-08
Epoch 518800 (10.4%): Train pred MSE = 3.693070e-10, Test pred MSE = 1.828794e-03, Param MSE = 1.829263e-02, Grad norm = 1.180117e-07, Beta update rate = 2.681470e-08
Epoch 519000 (10.4%): Train pred MSE = 3.679171e-10, Test pred MSE = 1.828793e-03, Param MSE = 1.829263e-02, Grad norm = 1.177863e-07, Beta update rate = 2.676277e-08
Epoch 519200 (10.4%): Train pred MSE = 3.665324e-10, Test pred MSE = 1.828793e-03, Param MSE = 1.829262e-02, Grad norm = 1.175614e-07, Beta update rate = 2.671095e-08
Epoch 519400 (10.4%): Train pred MSE = 3.651529e-10, Test pred MSE = 1.828793e-03, Param MSE = 1.829262e-02, Grad norm = 1.173370e-07, Beta update rate = 2.665924e-08
Epoch 519600 (10.4%): Train pred MSE = 3.637788e-10, Test pred MSE = 1.828793e-03, Param MSE = 1.829262e-02, Grad norm = 1.171130e-07, Beta update rate = 2.660763e-08
Epoch 519800 (10.4%): Train pred MSE = 3.624099e-10, Test pred MSE = 1.828792e-03, Param MSE = 1.829261e-02, Grad norm = 1.168894e-07, Beta update rate = 2.655612e-08
Epoch 520000 (10.4%): Train pred MSE = 3.610462e-10, Test pred MSE = 1.828792e-03, Param MSE = 1.829261e-02, Grad norm = 1.166663e-07, Beta update rate = 2.650472e-08
Epoch 520200 (10.4%): Train pred MSE = 3.596877e-10, Test pred MSE = 1.828792e-03, Param MSE = 1.829261e-02, Grad norm = 1.164436e-07, Beta update rate = 2.645342e-08
Epoch 520400 (10.4%): Train pred MSE = 3.583344e-10, Test pred MSE = 1.828791e-03, Param MSE = 1.829260e-02, Grad norm = 1.162214e-07, Beta update rate = 2.640223e-08
Epoch 520600 (10.4%): Train pred MSE = 3.569863e-10, Test pred MSE = 1.828791e-03, Param MSE = 1.829260e-02, Grad norm = 1.159996e-07, Beta update rate = 2.635113e-08
Epoch 520800 (10.4%): Train pred MSE = 3.556433e-10, Test pred MSE = 1.828791e-03, Param MSE = 1.829260e-02, Grad norm = 1.157782e-07, Beta update rate = 2.630014e-08
Epoch 521000 (10.4%): Train pred MSE = 3.543054e-10, Test pred MSE = 1.828791e-03, Param MSE = 1.829259e-02, Grad norm = 1.155573e-07, Beta update rate = 2.624926e-08
Epoch 521200 (10.4%): Train pred MSE = 3.529726e-10, Test pred MSE = 1.828790e-03, Param MSE = 1.829259e-02, Grad norm = 1.153368e-07, Beta update rate = 2.619848e-08
Epoch 521400 (10.4%): Train pred MSE = 3.516449e-10, Test pred MSE = 1.828790e-03, Param MSE = 1.829259e-02, Grad norm = 1.151167e-07, Beta update rate = 2.614780e-08
Epoch 521600 (10.4%): Train pred MSE = 3.503223e-10, Test pred MSE = 1.828790e-03, Param MSE = 1.829258e-02, Grad norm = 1.148971e-07, Beta update rate = 2.609722e-08
Epoch 521800 (10.4%): Train pred MSE = 3.490047e-10, Test pred MSE = 1.828789e-03, Param MSE = 1.829258e-02, Grad norm = 1.146779e-07, Beta update rate = 2.604674e-08
Epoch 522000 (10.4%): Train pred MSE = 3.476921e-10, Test pred MSE = 1.828789e-03, Param MSE = 1.829258e-02, Grad norm = 1.144591e-07, Beta update rate = 2.599637e-08
Epoch 522200 (10.4%): Train pred MSE = 3.463845e-10, Test pred MSE = 1.828789e-03, Param MSE = 1.829257e-02, Grad norm = 1.142408e-07, Beta update rate = 2.594609e-08
Epoch 522400 (10.4%): Train pred MSE = 3.450819e-10, Test pred MSE = 1.828789e-03, Param MSE = 1.829257e-02, Grad norm = 1.140229e-07, Beta update rate = 2.589592e-08
Epoch 522600 (10.5%): Train pred MSE = 3.437843e-10, Test pred MSE = 1.828788e-03, Param MSE = 1.829257e-02, Grad norm = 1.138055e-07, Beta update rate = 2.584585e-08
Epoch 522800 (10.5%): Train pred MSE = 3.424916e-10, Test pred MSE = 1.828788e-03, Param MSE = 1.829256e-02, Grad norm = 1.135884e-07, Beta update rate = 2.579588e-08
Epoch 523000 (10.5%): Train pred MSE = 3.412039e-10, Test pred MSE = 1.828788e-03, Param MSE = 1.829256e-02, Grad norm = 1.133718e-07, Beta update rate = 2.574601e-08
Epoch 523200 (10.5%): Train pred MSE = 3.399210e-10, Test pred MSE = 1.828788e-03, Param MSE = 1.829256e-02, Grad norm = 1.131556e-07, Beta update rate = 2.569625e-08
Epoch 523400 (10.5%): Train pred MSE = 3.386431e-10, Test pred MSE = 1.828787e-03, Param MSE = 1.829255e-02, Grad norm = 1.129399e-07, Beta update rate = 2.564658e-08
Epoch 523600 (10.5%): Train pred MSE = 3.373700e-10, Test pred MSE = 1.828787e-03, Param MSE = 1.829255e-02, Grad norm = 1.127245e-07, Beta update rate = 2.559701e-08
Epoch 523800 (10.5%): Train pred MSE = 3.361017e-10, Test pred MSE = 1.828787e-03, Param MSE = 1.829255e-02, Grad norm = 1.125096e-07, Beta update rate = 2.554754e-08
Epoch 524000 (10.5%): Train pred MSE = 3.348383e-10, Test pred MSE = 1.828786e-03, Param MSE = 1.829254e-02, Grad norm = 1.122952e-07, Beta update rate = 2.549817e-08
Epoch 524200 (10.5%): Train pred MSE = 3.335797e-10, Test pred MSE = 1.828786e-03, Param MSE = 1.829254e-02, Grad norm = 1.120811e-07, Beta update rate = 2.544891e-08
Epoch 524400 (10.5%): Train pred MSE = 3.323259e-10, Test pred MSE = 1.828786e-03, Param MSE = 1.829254e-02, Grad norm = 1.118675e-07, Beta update rate = 2.539974e-08
Epoch 524600 (10.5%): Train pred MSE = 3.310769e-10, Test pred MSE = 1.828786e-03, Param MSE = 1.829253e-02, Grad norm = 1.116542e-07, Beta update rate = 2.535067e-08
Epoch 524800 (10.5%): Train pred MSE = 3.298326e-10, Test pred MSE = 1.828785e-03, Param MSE = 1.829253e-02, Grad norm = 1.114414e-07, Beta update rate = 2.530169e-08
Epoch 525000 (10.5%): Train pred MSE = 3.285931e-10, Test pred MSE = 1.828785e-03, Param MSE = 1.829253e-02, Grad norm = 1.112291e-07, Beta update rate = 2.525282e-08
Epoch 525200 (10.5%): Train pred MSE = 3.273582e-10, Test pred MSE = 1.828785e-03, Param MSE = 1.829253e-02, Grad norm = 1.110171e-07, Beta update rate = 2.520405e-08
Epoch 525400 (10.5%): Train pred MSE = 3.261281e-10, Test pred MSE = 1.828785e-03, Param MSE = 1.829252e-02, Grad norm = 1.108056e-07, Beta update rate = 2.515537e-08
Epoch 525600 (10.5%): Train pred MSE = 3.249027e-10, Test pred MSE = 1.828784e-03, Param MSE = 1.829252e-02, Grad norm = 1.105944e-07, Beta update rate = 2.510679e-08
Epoch 525800 (10.5%): Train pred MSE = 3.236819e-10, Test pred MSE = 1.828784e-03, Param MSE = 1.829252e-02, Grad norm = 1.103837e-07, Beta update rate = 2.505831e-08
Epoch 526000 (10.5%): Train pred MSE = 3.224658e-10, Test pred MSE = 1.828784e-03, Param MSE = 1.829251e-02, Grad norm = 1.101734e-07, Beta update rate = 2.500993e-08
Epoch 526200 (10.5%): Train pred MSE = 3.212543e-10, Test pred MSE = 1.828783e-03, Param MSE = 1.829251e-02, Grad norm = 1.099636e-07, Beta update rate = 2.496164e-08
Epoch 526400 (10.5%): Train pred MSE = 3.200474e-10, Test pred MSE = 1.828783e-03, Param MSE = 1.829251e-02, Grad norm = 1.097541e-07, Beta update rate = 2.491345e-08
Epoch 526600 (10.5%): Train pred MSE = 3.188452e-10, Test pred MSE = 1.828783e-03, Param MSE = 1.829250e-02, Grad norm = 1.095450e-07, Beta update rate = 2.486536e-08
Epoch 526800 (10.5%): Train pred MSE = 3.176475e-10, Test pred MSE = 1.828783e-03, Param MSE = 1.829250e-02, Grad norm = 1.093364e-07, Beta update rate = 2.481737e-08
Epoch 527000 (10.5%): Train pred MSE = 3.164543e-10, Test pred MSE = 1.828782e-03, Param MSE = 1.829250e-02, Grad norm = 1.091282e-07, Beta update rate = 2.476947e-08
Epoch 527200 (10.5%): Train pred MSE = 3.152657e-10, Test pred MSE = 1.828782e-03, Param MSE = 1.829249e-02, Grad norm = 1.089203e-07, Beta update rate = 2.472167e-08
Epoch 527400 (10.5%): Train pred MSE = 3.140816e-10, Test pred MSE = 1.828782e-03, Param MSE = 1.829249e-02, Grad norm = 1.087129e-07, Beta update rate = 2.467396e-08
Epoch 527600 (10.6%): Train pred MSE = 3.129020e-10, Test pred MSE = 1.828782e-03, Param MSE = 1.829249e-02, Grad norm = 1.085059e-07, Beta update rate = 2.462635e-08
Epoch 527800 (10.6%): Train pred MSE = 3.117269e-10, Test pred MSE = 1.828781e-03, Param MSE = 1.829248e-02, Grad norm = 1.082993e-07, Beta update rate = 2.457884e-08
Epoch 528000 (10.6%): Train pred MSE = 3.105563e-10, Test pred MSE = 1.828781e-03, Param MSE = 1.829248e-02, Grad norm = 1.080931e-07, Beta update rate = 2.453142e-08
Epoch 528200 (10.6%): Train pred MSE = 3.093901e-10, Test pred MSE = 1.828781e-03, Param MSE = 1.829248e-02, Grad norm = 1.078873e-07, Beta update rate = 2.448409e-08
Epoch 528400 (10.6%): Train pred MSE = 3.082284e-10, Test pred MSE = 1.828781e-03, Param MSE = 1.829248e-02, Grad norm = 1.076819e-07, Beta update rate = 2.443687e-08
Epoch 528600 (10.6%): Train pred MSE = 3.070711e-10, Test pred MSE = 1.828780e-03, Param MSE = 1.829247e-02, Grad norm = 1.074770e-07, Beta update rate = 2.438973e-08
Epoch 528800 (10.6%): Train pred MSE = 3.059182e-10, Test pred MSE = 1.828780e-03, Param MSE = 1.829247e-02, Grad norm = 1.072724e-07, Beta update rate = 2.434269e-08
Epoch 529000 (10.6%): Train pred MSE = 3.047696e-10, Test pred MSE = 1.828780e-03, Param MSE = 1.829247e-02, Grad norm = 1.070682e-07, Beta update rate = 2.429575e-08
Epoch 529200 (10.6%): Train pred MSE = 3.036255e-10, Test pred MSE = 1.828780e-03, Param MSE = 1.829246e-02, Grad norm = 1.068644e-07, Beta update rate = 2.424890e-08
Epoch 529400 (10.6%): Train pred MSE = 3.024857e-10, Test pred MSE = 1.828779e-03, Param MSE = 1.829246e-02, Grad norm = 1.066611e-07, Beta update rate = 2.420214e-08
Epoch 529600 (10.6%): Train pred MSE = 3.013502e-10, Test pred MSE = 1.828779e-03, Param MSE = 1.829246e-02, Grad norm = 1.064581e-07, Beta update rate = 2.415548e-08
Epoch 529800 (10.6%): Train pred MSE = 3.002190e-10, Test pred MSE = 1.828779e-03, Param MSE = 1.829245e-02, Grad norm = 1.062555e-07, Beta update rate = 2.410891e-08
Epoch 530000 (10.6%): Train pred MSE = 2.990922e-10, Test pred MSE = 1.828779e-03, Param MSE = 1.829245e-02, Grad norm = 1.060534e-07, Beta update rate = 2.406244e-08
Epoch 530200 (10.6%): Train pred MSE = 2.979696e-10, Test pred MSE = 1.828778e-03, Param MSE = 1.829245e-02, Grad norm = 1.058516e-07, Beta update rate = 2.401606e-08
Epoch 530400 (10.6%): Train pred MSE = 2.968513e-10, Test pred MSE = 1.828778e-03, Param MSE = 1.829245e-02, Grad norm = 1.056502e-07, Beta update rate = 2.396977e-08
Epoch 530600 (10.6%): Train pred MSE = 2.957372e-10, Test pred MSE = 1.828778e-03, Param MSE = 1.829244e-02, Grad norm = 1.054492e-07, Beta update rate = 2.392357e-08
Epoch 530800 (10.6%): Train pred MSE = 2.946274e-10, Test pred MSE = 1.828778e-03, Param MSE = 1.829244e-02, Grad norm = 1.052486e-07, Beta update rate = 2.387747e-08
Epoch 531000 (10.6%): Train pred MSE = 2.935218e-10, Test pred MSE = 1.828777e-03, Param MSE = 1.829244e-02, Grad norm = 1.050484e-07, Beta update rate = 2.383146e-08
Epoch 531200 (10.6%): Train pred MSE = 2.924204e-10, Test pred MSE = 1.828777e-03, Param MSE = 1.829243e-02, Grad norm = 1.048486e-07, Beta update rate = 2.378554e-08
Epoch 531400 (10.6%): Train pred MSE = 2.913232e-10, Test pred MSE = 1.828777e-03, Param MSE = 1.829243e-02, Grad norm = 1.046492e-07, Beta update rate = 2.373971e-08
Epoch 531600 (10.6%): Train pred MSE = 2.902301e-10, Test pred MSE = 1.828777e-03, Param MSE = 1.829243e-02, Grad norm = 1.044502e-07, Beta update rate = 2.369398e-08
Epoch 531800 (10.6%): Train pred MSE = 2.891412e-10, Test pred MSE = 1.828776e-03, Param MSE = 1.829242e-02, Grad norm = 1.042516e-07, Beta update rate = 2.364834e-08
Epoch 532000 (10.6%): Train pred MSE = 2.880565e-10, Test pred MSE = 1.828776e-03, Param MSE = 1.829242e-02, Grad norm = 1.040533e-07, Beta update rate = 2.360279e-08
Epoch 532200 (10.6%): Train pred MSE = 2.869758e-10, Test pred MSE = 1.828776e-03, Param MSE = 1.829242e-02, Grad norm = 1.038555e-07, Beta update rate = 2.355733e-08
Epoch 532400 (10.6%): Train pred MSE = 2.858993e-10, Test pred MSE = 1.828776e-03, Param MSE = 1.829242e-02, Grad norm = 1.036580e-07, Beta update rate = 2.351196e-08
Epoch 532600 (10.7%): Train pred MSE = 2.848269e-10, Test pred MSE = 1.828775e-03, Param MSE = 1.829241e-02, Grad norm = 1.034609e-07, Beta update rate = 2.346668e-08
Epoch 532800 (10.7%): Train pred MSE = 2.837585e-10, Test pred MSE = 1.828775e-03, Param MSE = 1.829241e-02, Grad norm = 1.032642e-07, Beta update rate = 2.342149e-08
Epoch 533000 (10.7%): Train pred MSE = 2.826942e-10, Test pred MSE = 1.828775e-03, Param MSE = 1.829241e-02, Grad norm = 1.030679e-07, Beta update rate = 2.337640e-08
Epoch 533200 (10.7%): Train pred MSE = 2.816339e-10, Test pred MSE = 1.828775e-03, Param MSE = 1.829240e-02, Grad norm = 1.028720e-07, Beta update rate = 2.333139e-08
Epoch 533400 (10.7%): Train pred MSE = 2.805777e-10, Test pred MSE = 1.828774e-03, Param MSE = 1.829240e-02, Grad norm = 1.026765e-07, Beta update rate = 2.328648e-08
Epoch 533600 (10.7%): Train pred MSE = 2.795254e-10, Test pred MSE = 1.828774e-03, Param MSE = 1.829240e-02, Grad norm = 1.024813e-07, Beta update rate = 2.324165e-08
Epoch 533800 (10.7%): Train pred MSE = 2.784772e-10, Test pred MSE = 1.828774e-03, Param MSE = 1.829240e-02, Grad norm = 1.022866e-07, Beta update rate = 2.319691e-08
Epoch 534000 (10.7%): Train pred MSE = 2.774330e-10, Test pred MSE = 1.828774e-03, Param MSE = 1.829239e-02, Grad norm = 1.020922e-07, Beta update rate = 2.315227e-08
Epoch 534200 (10.7%): Train pred MSE = 2.763927e-10, Test pred MSE = 1.828773e-03, Param MSE = 1.829239e-02, Grad norm = 1.018982e-07, Beta update rate = 2.310771e-08
Epoch 534400 (10.7%): Train pred MSE = 2.753563e-10, Test pred MSE = 1.828773e-03, Param MSE = 1.829239e-02, Grad norm = 1.017046e-07, Beta update rate = 2.306324e-08
Epoch 534600 (10.7%): Train pred MSE = 2.743239e-10, Test pred MSE = 1.828773e-03, Param MSE = 1.829238e-02, Grad norm = 1.015113e-07, Beta update rate = 2.301886e-08
Epoch 534800 (10.7%): Train pred MSE = 2.732955e-10, Test pred MSE = 1.828773e-03, Param MSE = 1.829238e-02, Grad norm = 1.013185e-07, Beta update rate = 2.297457e-08
Epoch 535000 (10.7%): Train pred MSE = 2.722709e-10, Test pred MSE = 1.828772e-03, Param MSE = 1.829238e-02, Grad norm = 1.011260e-07, Beta update rate = 2.293037e-08
Epoch 535200 (10.7%): Train pred MSE = 2.712502e-10, Test pred MSE = 1.828772e-03, Param MSE = 1.829238e-02, Grad norm = 1.009339e-07, Beta update rate = 2.288626e-08
Epoch 535400 (10.7%): Train pred MSE = 2.702334e-10, Test pred MSE = 1.828772e-03, Param MSE = 1.829237e-02, Grad norm = 1.007421e-07, Beta update rate = 2.284224e-08
Epoch 535600 (10.7%): Train pred MSE = 2.692204e-10, Test pred MSE = 1.828772e-03, Param MSE = 1.829237e-02, Grad norm = 1.005508e-07, Beta update rate = 2.279830e-08
Epoch 535800 (10.7%): Train pred MSE = 2.682113e-10, Test pred MSE = 1.828771e-03, Param MSE = 1.829237e-02, Grad norm = 1.003598e-07, Beta update rate = 2.275445e-08
Epoch 536000 (10.7%): Train pred MSE = 2.672060e-10, Test pred MSE = 1.828771e-03, Param MSE = 1.829236e-02, Grad norm = 1.001692e-07, Beta update rate = 2.271069e-08
Epoch 536200 (10.7%): Train pred MSE = 2.662046e-10, Test pred MSE = 1.828771e-03, Param MSE = 1.829236e-02, Grad norm = 9.997896e-08, Beta update rate = 2.266702e-08
Epoch 536400 (10.7%): Train pred MSE = 2.652069e-10, Test pred MSE = 1.828771e-03, Param MSE = 1.829236e-02, Grad norm = 9.978910e-08, Beta update rate = 2.262343e-08
Epoch 536600 (10.7%): Train pred MSE = 2.642130e-10, Test pred MSE = 1.828771e-03, Param MSE = 1.829236e-02, Grad norm = 9.959961e-08, Beta update rate = 2.257993e-08
Epoch 536800 (10.7%): Train pred MSE = 2.632229e-10, Test pred MSE = 1.828770e-03, Param MSE = 1.829235e-02, Grad norm = 9.941050e-08, Beta update rate = 2.253652e-08
Epoch 537000 (10.7%): Train pred MSE = 2.622365e-10, Test pred MSE = 1.828770e-03, Param MSE = 1.829235e-02, Grad norm = 9.922175e-08, Beta update rate = 2.249320e-08
Epoch 537200 (10.7%): Train pred MSE = 2.612539e-10, Test pred MSE = 1.828770e-03, Param MSE = 1.829235e-02, Grad norm = 9.903337e-08, Beta update rate = 2.244996e-08
Epoch 537400 (10.7%): Train pred MSE = 2.602750e-10, Test pred MSE = 1.828770e-03, Param MSE = 1.829235e-02, Grad norm = 9.884537e-08, Beta update rate = 2.240681e-08
Epoch 537600 (10.8%): Train pred MSE = 2.592999e-10, Test pred MSE = 1.828769e-03, Param MSE = 1.829234e-02, Grad norm = 9.865773e-08, Beta update rate = 2.236374e-08
Epoch 537800 (10.8%): Train pred MSE = 2.583284e-10, Test pred MSE = 1.828769e-03, Param MSE = 1.829234e-02, Grad norm = 9.847045e-08, Beta update rate = 2.232076e-08
Epoch 538000 (10.8%): Train pred MSE = 2.573606e-10, Test pred MSE = 1.828769e-03, Param MSE = 1.829234e-02, Grad norm = 9.828355e-08, Beta update rate = 2.227787e-08
Epoch 538200 (10.8%): Train pred MSE = 2.563965e-10, Test pred MSE = 1.828769e-03, Param MSE = 1.829233e-02, Grad norm = 9.809701e-08, Beta update rate = 2.223506e-08
Epoch 538400 (10.8%): Train pred MSE = 2.554360e-10, Test pred MSE = 1.828768e-03, Param MSE = 1.829233e-02, Grad norm = 9.791083e-08, Beta update rate = 2.219234e-08
Epoch 538600 (10.8%): Train pred MSE = 2.544792e-10, Test pred MSE = 1.828768e-03, Param MSE = 1.829233e-02, Grad norm = 9.772502e-08, Beta update rate = 2.214970e-08
Epoch 538800 (10.8%): Train pred MSE = 2.535260e-10, Test pred MSE = 1.828768e-03, Param MSE = 1.829233e-02, Grad norm = 9.753957e-08, Beta update rate = 2.210715e-08
Epoch 539000 (10.8%): Train pred MSE = 2.525764e-10, Test pred MSE = 1.828768e-03, Param MSE = 1.829232e-02, Grad norm = 9.735449e-08, Beta update rate = 2.206468e-08
Epoch 539200 (10.8%): Train pred MSE = 2.516305e-10, Test pred MSE = 1.828768e-03, Param MSE = 1.829232e-02, Grad norm = 9.716977e-08, Beta update rate = 2.202230e-08
Epoch 539400 (10.8%): Train pred MSE = 2.506881e-10, Test pred MSE = 1.828767e-03, Param MSE = 1.829232e-02, Grad norm = 9.698541e-08, Beta update rate = 2.198000e-08
Epoch 539600 (10.8%): Train pred MSE = 2.497492e-10, Test pred MSE = 1.828767e-03, Param MSE = 1.829232e-02, Grad norm = 9.680141e-08, Beta update rate = 2.193779e-08
Epoch 539800 (10.8%): Train pred MSE = 2.488140e-10, Test pred MSE = 1.828767e-03, Param MSE = 1.829231e-02, Grad norm = 9.661777e-08, Beta update rate = 2.189566e-08
Epoch 540000 (10.8%): Train pred MSE = 2.478823e-10, Test pred MSE = 1.828767e-03, Param MSE = 1.829231e-02, Grad norm = 9.643449e-08, Beta update rate = 2.185361e-08
Epoch 540200 (10.8%): Train pred MSE = 2.469541e-10, Test pred MSE = 1.828766e-03, Param MSE = 1.829231e-02, Grad norm = 9.625157e-08, Beta update rate = 2.181165e-08
Epoch 540400 (10.8%): Train pred MSE = 2.460294e-10, Test pred MSE = 1.828766e-03, Param MSE = 1.829231e-02, Grad norm = 9.606900e-08, Beta update rate = 2.176978e-08
Epoch 540600 (10.8%): Train pred MSE = 2.451083e-10, Test pred MSE = 1.828766e-03, Param MSE = 1.829230e-02, Grad norm = 9.588679e-08, Beta update rate = 2.172798e-08
Epoch 540800 (10.8%): Train pred MSE = 2.441906e-10, Test pred MSE = 1.828766e-03, Param MSE = 1.829230e-02, Grad norm = 9.570494e-08, Beta update rate = 2.168627e-08
Epoch 541000 (10.8%): Train pred MSE = 2.432764e-10, Test pred MSE = 1.828765e-03, Param MSE = 1.829230e-02, Grad norm = 9.552345e-08, Beta update rate = 2.164465e-08
Epoch 541200 (10.8%): Train pred MSE = 2.423657e-10, Test pred MSE = 1.828765e-03, Param MSE = 1.829229e-02, Grad norm = 9.534231e-08, Beta update rate = 2.160310e-08
Epoch 541400 (10.8%): Train pred MSE = 2.414584e-10, Test pred MSE = 1.828765e-03, Param MSE = 1.829229e-02, Grad norm = 9.516152e-08, Beta update rate = 2.156164e-08
Epoch 541600 (10.8%): Train pred MSE = 2.405545e-10, Test pred MSE = 1.828765e-03, Param MSE = 1.829229e-02, Grad norm = 9.498109e-08, Beta update rate = 2.152026e-08
Epoch 541800 (10.8%): Train pred MSE = 2.396541e-10, Test pred MSE = 1.828765e-03, Param MSE = 1.829229e-02, Grad norm = 9.480101e-08, Beta update rate = 2.147897e-08
Epoch 542000 (10.8%): Train pred MSE = 2.387571e-10, Test pred MSE = 1.828764e-03, Param MSE = 1.829228e-02, Grad norm = 9.462128e-08, Beta update rate = 2.143775e-08
Epoch 542200 (10.8%): Train pred MSE = 2.378635e-10, Test pred MSE = 1.828764e-03, Param MSE = 1.829228e-02, Grad norm = 9.444190e-08, Beta update rate = 2.139662e-08
Epoch 542400 (10.8%): Train pred MSE = 2.369733e-10, Test pred MSE = 1.828764e-03, Param MSE = 1.829228e-02, Grad norm = 9.426287e-08, Beta update rate = 2.135557e-08
Epoch 542600 (10.9%): Train pred MSE = 2.360864e-10, Test pred MSE = 1.828764e-03, Param MSE = 1.829228e-02, Grad norm = 9.408419e-08, Beta update rate = 2.131460e-08
Epoch 542800 (10.9%): Train pred MSE = 2.352029e-10, Test pred MSE = 1.828763e-03, Param MSE = 1.829227e-02, Grad norm = 9.390587e-08, Beta update rate = 2.127372e-08
Epoch 543000 (10.9%): Train pred MSE = 2.343228e-10, Test pred MSE = 1.828763e-03, Param MSE = 1.829227e-02, Grad norm = 9.372789e-08, Beta update rate = 2.123291e-08
Epoch 543200 (10.9%): Train pred MSE = 2.334460e-10, Test pred MSE = 1.828763e-03, Param MSE = 1.829227e-02, Grad norm = 9.355025e-08, Beta update rate = 2.119219e-08
Epoch 543400 (10.9%): Train pred MSE = 2.325725e-10, Test pred MSE = 1.828763e-03, Param MSE = 1.829227e-02, Grad norm = 9.337297e-08, Beta update rate = 2.115155e-08
Epoch 543600 (10.9%): Train pred MSE = 2.317023e-10, Test pred MSE = 1.828763e-03, Param MSE = 1.829226e-02, Grad norm = 9.319603e-08, Beta update rate = 2.111099e-08
Epoch 543800 (10.9%): Train pred MSE = 2.308354e-10, Test pred MSE = 1.828762e-03, Param MSE = 1.829226e-02, Grad norm = 9.301944e-08, Beta update rate = 2.107051e-08
Epoch 544000 (10.9%): Train pred MSE = 2.299718e-10, Test pred MSE = 1.828762e-03, Param MSE = 1.829226e-02, Grad norm = 9.284319e-08, Beta update rate = 2.103011e-08
Epoch 544200 (10.9%): Train pred MSE = 2.291114e-10, Test pred MSE = 1.828762e-03, Param MSE = 1.829226e-02, Grad norm = 9.266728e-08, Beta update rate = 2.098979e-08
Epoch 544400 (10.9%): Train pred MSE = 2.282544e-10, Test pred MSE = 1.828762e-03, Param MSE = 1.829225e-02, Grad norm = 9.249172e-08, Beta update rate = 2.094955e-08
Epoch 544600 (10.9%): Train pred MSE = 2.274005e-10, Test pred MSE = 1.828762e-03, Param MSE = 1.829225e-02, Grad norm = 9.231650e-08, Beta update rate = 2.090939e-08
Epoch 544800 (10.9%): Train pred MSE = 2.265499e-10, Test pred MSE = 1.828761e-03, Param MSE = 1.829225e-02, Grad norm = 9.214162e-08, Beta update rate = 2.086931e-08
Epoch 545000 (10.9%): Train pred MSE = 2.257025e-10, Test pred MSE = 1.828761e-03, Param MSE = 1.829225e-02, Grad norm = 9.196709e-08, Beta update rate = 2.082931e-08
Epoch 545200 (10.9%): Train pred MSE = 2.248583e-10, Test pred MSE = 1.828761e-03, Param MSE = 1.829224e-02, Grad norm = 9.179289e-08, Beta update rate = 2.078939e-08
Epoch 545400 (10.9%): Train pred MSE = 2.240174e-10, Test pred MSE = 1.828761e-03, Param MSE = 1.829224e-02, Grad norm = 9.161904e-08, Beta update rate = 2.074955e-08
Epoch 545600 (10.9%): Train pred MSE = 2.231796e-10, Test pred MSE = 1.828760e-03, Param MSE = 1.829224e-02, Grad norm = 9.144552e-08, Beta update rate = 2.070979e-08
Epoch 545800 (10.9%): Train pred MSE = 2.223449e-10, Test pred MSE = 1.828760e-03, Param MSE = 1.829224e-02, Grad norm = 9.127235e-08, Beta update rate = 2.067011e-08
Epoch 546000 (10.9%): Train pred MSE = 2.215134e-10, Test pred MSE = 1.828760e-03, Param MSE = 1.829223e-02, Grad norm = 9.109951e-08, Beta update rate = 2.063051e-08
Epoch 546200 (10.9%): Train pred MSE = 2.206851e-10, Test pred MSE = 1.828760e-03, Param MSE = 1.829223e-02, Grad norm = 9.092700e-08, Beta update rate = 2.059098e-08
Epoch 546400 (10.9%): Train pred MSE = 2.198599e-10, Test pred MSE = 1.828760e-03, Param MSE = 1.829223e-02, Grad norm = 9.075484e-08, Beta update rate = 2.055154e-08
Epoch 546600 (10.9%): Train pred MSE = 2.190378e-10, Test pred MSE = 1.828759e-03, Param MSE = 1.829223e-02, Grad norm = 9.058301e-08, Beta update rate = 2.051217e-08
Epoch 546800 (10.9%): Train pred MSE = 2.182189e-10, Test pred MSE = 1.828759e-03, Param MSE = 1.829222e-02, Grad norm = 9.041151e-08, Beta update rate = 2.047288e-08
Epoch 547000 (10.9%): Train pred MSE = 2.174030e-10, Test pred MSE = 1.828759e-03, Param MSE = 1.829222e-02, Grad norm = 9.024035e-08, Beta update rate = 2.043367e-08
Epoch 547200 (10.9%): Train pred MSE = 2.165902e-10, Test pred MSE = 1.828759e-03, Param MSE = 1.829222e-02, Grad norm = 9.006953e-08, Beta update rate = 2.039454e-08
Epoch 547400 (10.9%): Train pred MSE = 2.157805e-10, Test pred MSE = 1.828759e-03, Param MSE = 1.829222e-02, Grad norm = 8.989903e-08, Beta update rate = 2.035548e-08
Epoch 547600 (11.0%): Train pred MSE = 2.149739e-10, Test pred MSE = 1.828758e-03, Param MSE = 1.829221e-02, Grad norm = 8.972887e-08, Beta update rate = 2.031651e-08
Epoch 547800 (11.0%): Train pred MSE = 2.141703e-10, Test pred MSE = 1.828758e-03, Param MSE = 1.829221e-02, Grad norm = 8.955904e-08, Beta update rate = 2.027761e-08
Epoch 548000 (11.0%): Train pred MSE = 2.133697e-10, Test pred MSE = 1.828758e-03, Param MSE = 1.829221e-02, Grad norm = 8.938954e-08, Beta update rate = 2.023878e-08
Epoch 548200 (11.0%): Train pred MSE = 2.125722e-10, Test pred MSE = 1.828758e-03, Param MSE = 1.829221e-02, Grad norm = 8.922037e-08, Beta update rate = 2.020004e-08
Epoch 548400 (11.0%): Train pred MSE = 2.117777e-10, Test pred MSE = 1.828758e-03, Param MSE = 1.829220e-02, Grad norm = 8.905154e-08, Beta update rate = 2.016137e-08
Epoch 548600 (11.0%): Train pred MSE = 2.109862e-10, Test pred MSE = 1.828757e-03, Param MSE = 1.829220e-02, Grad norm = 8.888303e-08, Beta update rate = 2.012278e-08
Epoch 548800 (11.0%): Train pred MSE = 2.101977e-10, Test pred MSE = 1.828757e-03, Param MSE = 1.829220e-02, Grad norm = 8.871484e-08, Beta update rate = 2.008426e-08
Epoch 549000 (11.0%): Train pred MSE = 2.094122e-10, Test pred MSE = 1.828757e-03, Param MSE = 1.829220e-02, Grad norm = 8.854699e-08, Beta update rate = 2.004582e-08
Epoch 549200 (11.0%): Train pred MSE = 2.086296e-10, Test pred MSE = 1.828757e-03, Param MSE = 1.829219e-02, Grad norm = 8.837946e-08, Beta update rate = 2.000746e-08
Epoch 549400 (11.0%): Train pred MSE = 2.078500e-10, Test pred MSE = 1.828757e-03, Param MSE = 1.829219e-02, Grad norm = 8.821226e-08, Beta update rate = 1.996918e-08
Epoch 549600 (11.0%): Train pred MSE = 2.070733e-10, Test pred MSE = 1.828756e-03, Param MSE = 1.829219e-02, Grad norm = 8.804539e-08, Beta update rate = 1.993097e-08
Epoch 549800 (11.0%): Train pred MSE = 2.062996e-10, Test pred MSE = 1.828756e-03, Param MSE = 1.829219e-02, Grad norm = 8.787884e-08, Beta update rate = 1.989283e-08
Epoch 550000 (11.0%): Train pred MSE = 2.055288e-10, Test pred MSE = 1.828756e-03, Param MSE = 1.829219e-02, Grad norm = 8.771261e-08, Beta update rate = 1.985477e-08
Epoch 550200 (11.0%): Train pred MSE = 2.047609e-10, Test pred MSE = 1.828756e-03, Param MSE = 1.829218e-02, Grad norm = 8.754671e-08, Beta update rate = 1.981679e-08
Epoch 550400 (11.0%): Train pred MSE = 2.039959e-10, Test pred MSE = 1.828756e-03, Param MSE = 1.829218e-02, Grad norm = 8.738113e-08, Beta update rate = 1.977888e-08
Epoch 550600 (11.0%): Train pred MSE = 2.032338e-10, Test pred MSE = 1.828755e-03, Param MSE = 1.829218e-02, Grad norm = 8.721588e-08, Beta update rate = 1.974105e-08
Epoch 550800 (11.0%): Train pred MSE = 2.024746e-10, Test pred MSE = 1.828755e-03, Param MSE = 1.829218e-02, Grad norm = 8.705094e-08, Beta update rate = 1.970329e-08
Epoch 551000 (11.0%): Train pred MSE = 2.017183e-10, Test pred MSE = 1.828755e-03, Param MSE = 1.829217e-02, Grad norm = 8.688633e-08, Beta update rate = 1.966561e-08
Epoch 551200 (11.0%): Train pred MSE = 2.009648e-10, Test pred MSE = 1.828755e-03, Param MSE = 1.829217e-02, Grad norm = 8.672203e-08, Beta update rate = 1.962800e-08
Epoch 551400 (11.0%): Train pred MSE = 2.002142e-10, Test pred MSE = 1.828755e-03, Param MSE = 1.829217e-02, Grad norm = 8.655806e-08, Beta update rate = 1.959047e-08
Epoch 551600 (11.0%): Train pred MSE = 1.994664e-10, Test pred MSE = 1.828754e-03, Param MSE = 1.829217e-02, Grad norm = 8.639441e-08, Beta update rate = 1.955301e-08
Epoch 551800 (11.0%): Train pred MSE = 1.987214e-10, Test pred MSE = 1.828754e-03, Param MSE = 1.829216e-02, Grad norm = 8.623107e-08, Beta update rate = 1.951563e-08
Epoch 552000 (11.0%): Train pred MSE = 1.979792e-10, Test pred MSE = 1.828754e-03, Param MSE = 1.829216e-02, Grad norm = 8.606805e-08, Beta update rate = 1.947832e-08
Epoch 552200 (11.0%): Train pred MSE = 1.972399e-10, Test pred MSE = 1.828754e-03, Param MSE = 1.829216e-02, Grad norm = 8.590535e-08, Beta update rate = 1.944108e-08
Epoch 552400 (11.0%): Train pred MSE = 1.965033e-10, Test pred MSE = 1.828754e-03, Param MSE = 1.829216e-02, Grad norm = 8.574297e-08, Beta update rate = 1.940392e-08
Epoch 552600 (11.1%): Train pred MSE = 1.957695e-10, Test pred MSE = 1.828753e-03, Param MSE = 1.829215e-02, Grad norm = 8.558090e-08, Beta update rate = 1.936683e-08
Epoch 552800 (11.1%): Train pred MSE = 1.950385e-10, Test pred MSE = 1.828753e-03, Param MSE = 1.829215e-02, Grad norm = 8.541914e-08, Beta update rate = 1.932982e-08
Epoch 553000 (11.1%): Train pred MSE = 1.943102e-10, Test pred MSE = 1.828753e-03, Param MSE = 1.829215e-02, Grad norm = 8.525770e-08, Beta update rate = 1.929288e-08
Epoch 553200 (11.1%): Train pred MSE = 1.935847e-10, Test pred MSE = 1.828753e-03, Param MSE = 1.829215e-02, Grad norm = 8.509658e-08, Beta update rate = 1.925601e-08
Epoch 553400 (11.1%): Train pred MSE = 1.928620e-10, Test pred MSE = 1.828753e-03, Param MSE = 1.829215e-02, Grad norm = 8.493577e-08, Beta update rate = 1.921921e-08
Epoch 553600 (11.1%): Train pred MSE = 1.921419e-10, Test pred MSE = 1.828752e-03, Param MSE = 1.829214e-02, Grad norm = 8.477527e-08, Beta update rate = 1.918249e-08
Epoch 553800 (11.1%): Train pred MSE = 1.914246e-10, Test pred MSE = 1.828752e-03, Param MSE = 1.829214e-02, Grad norm = 8.461508e-08, Beta update rate = 1.914584e-08
Epoch 554000 (11.1%): Train pred MSE = 1.907100e-10, Test pred MSE = 1.828752e-03, Param MSE = 1.829214e-02, Grad norm = 8.445521e-08, Beta update rate = 1.910926e-08
Epoch 554200 (11.1%): Train pred MSE = 1.899981e-10, Test pred MSE = 1.828752e-03, Param MSE = 1.829214e-02, Grad norm = 8.429564e-08, Beta update rate = 1.907276e-08
Epoch 554400 (11.1%): Train pred MSE = 1.892889e-10, Test pred MSE = 1.828752e-03, Param MSE = 1.829213e-02, Grad norm = 8.413639e-08, Beta update rate = 1.903632e-08
Epoch 554600 (11.1%): Train pred MSE = 1.885823e-10, Test pred MSE = 1.828751e-03, Param MSE = 1.829213e-02, Grad norm = 8.397744e-08, Beta update rate = 1.899996e-08
Epoch 554800 (11.1%): Train pred MSE = 1.878785e-10, Test pred MSE = 1.828751e-03, Param MSE = 1.829213e-02, Grad norm = 8.381881e-08, Beta update rate = 1.896367e-08
Epoch 555000 (11.1%): Train pred MSE = 1.871772e-10, Test pred MSE = 1.828751e-03, Param MSE = 1.829213e-02, Grad norm = 8.366048e-08, Beta update rate = 1.892746e-08
Epoch 555200 (11.1%): Train pred MSE = 1.864787e-10, Test pred MSE = 1.828751e-03, Param MSE = 1.829213e-02, Grad norm = 8.350246e-08, Beta update rate = 1.889131e-08
Epoch 555400 (11.1%): Train pred MSE = 1.857827e-10, Test pred MSE = 1.828751e-03, Param MSE = 1.829212e-02, Grad norm = 8.334475e-08, Beta update rate = 1.885524e-08
Epoch 555600 (11.1%): Train pred MSE = 1.850894e-10, Test pred MSE = 1.828751e-03, Param MSE = 1.829212e-02, Grad norm = 8.318734e-08, Beta update rate = 1.881924e-08
Epoch 555800 (11.1%): Train pred MSE = 1.843987e-10, Test pred MSE = 1.828750e-03, Param MSE = 1.829212e-02, Grad norm = 8.303024e-08, Beta update rate = 1.878331e-08
Epoch 556000 (11.1%): Train pred MSE = 1.837106e-10, Test pred MSE = 1.828750e-03, Param MSE = 1.829212e-02, Grad norm = 8.287344e-08, Beta update rate = 1.874745e-08
Epoch 556200 (11.1%): Train pred MSE = 1.830251e-10, Test pred MSE = 1.828750e-03, Param MSE = 1.829211e-02, Grad norm = 8.271695e-08, Beta update rate = 1.871166e-08
Epoch 556400 (11.1%): Train pred MSE = 1.823422e-10, Test pred MSE = 1.828750e-03, Param MSE = 1.829211e-02, Grad norm = 8.256076e-08, Beta update rate = 1.867594e-08
Epoch 556600 (11.1%): Train pred MSE = 1.816619e-10, Test pred MSE = 1.828750e-03, Param MSE = 1.829211e-02, Grad norm = 8.240488e-08, Beta update rate = 1.864029e-08
Epoch 556800 (11.1%): Train pred MSE = 1.809841e-10, Test pred MSE = 1.828749e-03, Param MSE = 1.829211e-02, Grad norm = 8.224930e-08, Beta update rate = 1.860472e-08
Epoch 557000 (11.1%): Train pred MSE = 1.803089e-10, Test pred MSE = 1.828749e-03, Param MSE = 1.829211e-02, Grad norm = 8.209402e-08, Beta update rate = 1.856921e-08
Epoch 557200 (11.1%): Train pred MSE = 1.796362e-10, Test pred MSE = 1.828749e-03, Param MSE = 1.829210e-02, Grad norm = 8.193904e-08, Beta update rate = 1.853377e-08
Epoch 557400 (11.1%): Train pred MSE = 1.789661e-10, Test pred MSE = 1.828749e-03, Param MSE = 1.829210e-02, Grad norm = 8.178436e-08, Beta update rate = 1.849841e-08
Epoch 557600 (11.2%): Train pred MSE = 1.782985e-10, Test pred MSE = 1.828749e-03, Param MSE = 1.829210e-02, Grad norm = 8.162999e-08, Beta update rate = 1.846311e-08
Epoch 557800 (11.2%): Train pred MSE = 1.776334e-10, Test pred MSE = 1.828748e-03, Param MSE = 1.829210e-02, Grad norm = 8.147591e-08, Beta update rate = 1.842789e-08
Epoch 558000 (11.2%): Train pred MSE = 1.769709e-10, Test pred MSE = 1.828748e-03, Param MSE = 1.829209e-02, Grad norm = 8.132213e-08, Beta update rate = 1.839273e-08
Epoch 558200 (11.2%): Train pred MSE = 1.763108e-10, Test pred MSE = 1.828748e-03, Param MSE = 1.829209e-02, Grad norm = 8.116865e-08, Beta update rate = 1.835764e-08
Epoch 558400 (11.2%): Train pred MSE = 1.756532e-10, Test pred MSE = 1.828748e-03, Param MSE = 1.829209e-02, Grad norm = 8.101547e-08, Beta update rate = 1.832262e-08
Epoch 558600 (11.2%): Train pred MSE = 1.749981e-10, Test pred MSE = 1.828748e-03, Param MSE = 1.829209e-02, Grad norm = 8.086259e-08, Beta update rate = 1.828767e-08
Epoch 558800 (11.2%): Train pred MSE = 1.743455e-10, Test pred MSE = 1.828748e-03, Param MSE = 1.829209e-02, Grad norm = 8.071000e-08, Beta update rate = 1.825279e-08
Epoch 559000 (11.2%): Train pred MSE = 1.736953e-10, Test pred MSE = 1.828747e-03, Param MSE = 1.829208e-02, Grad norm = 8.055771e-08, Beta update rate = 1.821798e-08
Epoch 559200 (11.2%): Train pred MSE = 1.730476e-10, Test pred MSE = 1.828747e-03, Param MSE = 1.829208e-02, Grad norm = 8.040571e-08, Beta update rate = 1.818324e-08
Epoch 559400 (11.2%): Train pred MSE = 1.724023e-10, Test pred MSE = 1.828747e-03, Param MSE = 1.829208e-02, Grad norm = 8.025401e-08, Beta update rate = 1.814857e-08
Epoch 559600 (11.2%): Train pred MSE = 1.717595e-10, Test pred MSE = 1.828747e-03, Param MSE = 1.829208e-02, Grad norm = 8.010260e-08, Beta update rate = 1.811396e-08
Epoch 559800 (11.2%): Train pred MSE = 1.711190e-10, Test pred MSE = 1.828747e-03, Param MSE = 1.829208e-02, Grad norm = 7.995149e-08, Beta update rate = 1.807943e-08
Epoch 560000 (11.2%): Train pred MSE = 1.704810e-10, Test pred MSE = 1.828746e-03, Param MSE = 1.829207e-02, Grad norm = 7.980067e-08, Beta update rate = 1.804496e-08
Epoch 560200 (11.2%): Train pred MSE = 1.698454e-10, Test pred MSE = 1.828746e-03, Param MSE = 1.829207e-02, Grad norm = 7.965014e-08, Beta update rate = 1.801056e-08
Epoch 560400 (11.2%): Train pred MSE = 1.692122e-10, Test pred MSE = 1.828746e-03, Param MSE = 1.829207e-02, Grad norm = 7.949990e-08, Beta update rate = 1.797622e-08
Epoch 560600 (11.2%): Train pred MSE = 1.685814e-10, Test pred MSE = 1.828746e-03, Param MSE = 1.829207e-02, Grad norm = 7.934996e-08, Beta update rate = 1.794196e-08
Epoch 560800 (11.2%): Train pred MSE = 1.679529e-10, Test pred MSE = 1.828746e-03, Param MSE = 1.829206e-02, Grad norm = 7.920030e-08, Beta update rate = 1.790776e-08
Epoch 561000 (11.2%): Train pred MSE = 1.673269e-10, Test pred MSE = 1.828746e-03, Param MSE = 1.829206e-02, Grad norm = 7.905094e-08, Beta update rate = 1.787363e-08
Epoch 561200 (11.2%): Train pred MSE = 1.667032e-10, Test pred MSE = 1.828745e-03, Param MSE = 1.829206e-02, Grad norm = 7.890187e-08, Beta update rate = 1.783957e-08
Epoch 561400 (11.2%): Train pred MSE = 1.660818e-10, Test pred MSE = 1.828745e-03, Param MSE = 1.829206e-02, Grad norm = 7.875308e-08, Beta update rate = 1.780558e-08
Epoch 561600 (11.2%): Train pred MSE = 1.654628e-10, Test pred MSE = 1.828745e-03, Param MSE = 1.829206e-02, Grad norm = 7.860458e-08, Beta update rate = 1.777165e-08
Epoch 561800 (11.2%): Train pred MSE = 1.648461e-10, Test pred MSE = 1.828745e-03, Param MSE = 1.829205e-02, Grad norm = 7.845637e-08, Beta update rate = 1.773779e-08
Epoch 562000 (11.2%): Train pred MSE = 1.642317e-10, Test pred MSE = 1.828745e-03, Param MSE = 1.829205e-02, Grad norm = 7.830845e-08, Beta update rate = 1.770399e-08
Epoch 562200 (11.2%): Train pred MSE = 1.636196e-10, Test pred MSE = 1.828745e-03, Param MSE = 1.829205e-02, Grad norm = 7.816081e-08, Beta update rate = 1.767026e-08
Epoch 562400 (11.2%): Train pred MSE = 1.630099e-10, Test pred MSE = 1.828744e-03, Param MSE = 1.829205e-02, Grad norm = 7.801346e-08, Beta update rate = 1.763660e-08
Epoch 562600 (11.3%): Train pred MSE = 1.624024e-10, Test pred MSE = 1.828744e-03, Param MSE = 1.829205e-02, Grad norm = 7.786640e-08, Beta update rate = 1.760301e-08
Epoch 562800 (11.3%): Train pred MSE = 1.617973e-10, Test pred MSE = 1.828744e-03, Param MSE = 1.829204e-02, Grad norm = 7.771962e-08, Beta update rate = 1.756948e-08
Epoch 563000 (11.3%): Train pred MSE = 1.611944e-10, Test pred MSE = 1.828744e-03, Param MSE = 1.829204e-02, Grad norm = 7.757312e-08, Beta update rate = 1.753602e-08
Epoch 563200 (11.3%): Train pred MSE = 1.605938e-10, Test pred MSE = 1.828744e-03, Param MSE = 1.829204e-02, Grad norm = 7.742691e-08, Beta update rate = 1.750262e-08
Epoch 563400 (11.3%): Train pred MSE = 1.599954e-10, Test pred MSE = 1.828743e-03, Param MSE = 1.829204e-02, Grad norm = 7.728098e-08, Beta update rate = 1.746929e-08
Epoch 563600 (11.3%): Train pred MSE = 1.593993e-10, Test pred MSE = 1.828743e-03, Param MSE = 1.829204e-02, Grad norm = 7.713534e-08, Beta update rate = 1.743603e-08
Epoch 563800 (11.3%): Train pred MSE = 1.588054e-10, Test pred MSE = 1.828743e-03, Param MSE = 1.829203e-02, Grad norm = 7.698997e-08, Beta update rate = 1.740283e-08
Epoch 564000 (11.3%): Train pred MSE = 1.582138e-10, Test pred MSE = 1.828743e-03, Param MSE = 1.829203e-02, Grad norm = 7.684489e-08, Beta update rate = 1.736969e-08
Epoch 564200 (11.3%): Train pred MSE = 1.576244e-10, Test pred MSE = 1.828743e-03, Param MSE = 1.829203e-02, Grad norm = 7.670009e-08, Beta update rate = 1.733662e-08
Epoch 564400 (11.3%): Train pred MSE = 1.570373e-10, Test pred MSE = 1.828743e-03, Param MSE = 1.829203e-02, Grad norm = 7.655557e-08, Beta update rate = 1.730362e-08
Epoch 564600 (11.3%): Train pred MSE = 1.564523e-10, Test pred MSE = 1.828742e-03, Param MSE = 1.829203e-02, Grad norm = 7.641133e-08, Beta update rate = 1.727068e-08
Epoch 564800 (11.3%): Train pred MSE = 1.558695e-10, Test pred MSE = 1.828742e-03, Param MSE = 1.829202e-02, Grad norm = 7.626737e-08, Beta update rate = 1.723781e-08
Epoch 565000 (11.3%): Train pred MSE = 1.552890e-10, Test pred MSE = 1.828742e-03, Param MSE = 1.829202e-02, Grad norm = 7.612368e-08, Beta update rate = 1.720500e-08
Epoch 565200 (11.3%): Train pred MSE = 1.547106e-10, Test pred MSE = 1.828742e-03, Param MSE = 1.829202e-02, Grad norm = 7.598028e-08, Beta update rate = 1.717226e-08
Epoch 565400 (11.3%): Train pred MSE = 1.541344e-10, Test pred MSE = 1.828742e-03, Param MSE = 1.829202e-02, Grad norm = 7.583715e-08, Beta update rate = 1.713958e-08
Epoch 565600 (11.3%): Train pred MSE = 1.535603e-10, Test pred MSE = 1.828742e-03, Param MSE = 1.829202e-02, Grad norm = 7.569430e-08, Beta update rate = 1.710696e-08
Epoch 565800 (11.3%): Train pred MSE = 1.529885e-10, Test pred MSE = 1.828741e-03, Param MSE = 1.829201e-02, Grad norm = 7.555172e-08, Beta update rate = 1.707441e-08
Epoch 566000 (11.3%): Train pred MSE = 1.524187e-10, Test pred MSE = 1.828741e-03, Param MSE = 1.829201e-02, Grad norm = 7.540942e-08, Beta update rate = 1.704192e-08
Epoch 566200 (11.3%): Train pred MSE = 1.518512e-10, Test pred MSE = 1.828741e-03, Param MSE = 1.829201e-02, Grad norm = 7.526740e-08, Beta update rate = 1.700950e-08
Epoch 566400 (11.3%): Train pred MSE = 1.512857e-10, Test pred MSE = 1.828741e-03, Param MSE = 1.829201e-02, Grad norm = 7.512565e-08, Beta update rate = 1.697714e-08
Epoch 566600 (11.3%): Train pred MSE = 1.507224e-10, Test pred MSE = 1.828741e-03, Param MSE = 1.829201e-02, Grad norm = 7.498417e-08, Beta update rate = 1.694484e-08
Epoch 566800 (11.3%): Train pred MSE = 1.501612e-10, Test pred MSE = 1.828741e-03, Param MSE = 1.829200e-02, Grad norm = 7.484297e-08, Beta update rate = 1.691261e-08
Epoch 567000 (11.3%): Train pred MSE = 1.496021e-10, Test pred MSE = 1.828740e-03, Param MSE = 1.829200e-02, Grad norm = 7.470205e-08, Beta update rate = 1.688044e-08
Epoch 567200 (11.3%): Train pred MSE = 1.490451e-10, Test pred MSE = 1.828740e-03, Param MSE = 1.829200e-02, Grad norm = 7.456139e-08, Beta update rate = 1.684834e-08
Epoch 567400 (11.3%): Train pred MSE = 1.484903e-10, Test pred MSE = 1.828740e-03, Param MSE = 1.829200e-02, Grad norm = 7.442101e-08, Beta update rate = 1.681629e-08
Epoch 567600 (11.4%): Train pred MSE = 1.479375e-10, Test pred MSE = 1.828740e-03, Param MSE = 1.829200e-02, Grad norm = 7.428089e-08, Beta update rate = 1.678431e-08
Epoch 567800 (11.4%): Train pred MSE = 1.473867e-10, Test pred MSE = 1.828740e-03, Param MSE = 1.829199e-02, Grad norm = 7.414105e-08, Beta update rate = 1.675240e-08
Epoch 568000 (11.4%): Train pred MSE = 1.468381e-10, Test pred MSE = 1.828740e-03, Param MSE = 1.829199e-02, Grad norm = 7.400148e-08, Beta update rate = 1.672054e-08
Epoch 568200 (11.4%): Train pred MSE = 1.462915e-10, Test pred MSE = 1.828739e-03, Param MSE = 1.829199e-02, Grad norm = 7.386218e-08, Beta update rate = 1.668875e-08
Epoch 568400 (11.4%): Train pred MSE = 1.457470e-10, Test pred MSE = 1.828739e-03, Param MSE = 1.829199e-02, Grad norm = 7.372315e-08, Beta update rate = 1.665703e-08
Epoch 568600 (11.4%): Train pred MSE = 1.452045e-10, Test pred MSE = 1.828739e-03, Param MSE = 1.829199e-02, Grad norm = 7.358438e-08, Beta update rate = 1.662536e-08
Epoch 568800 (11.4%): Train pred MSE = 1.446641e-10, Test pred MSE = 1.828739e-03, Param MSE = 1.829198e-02, Grad norm = 7.344589e-08, Beta update rate = 1.659376e-08
Epoch 569000 (11.4%): Train pred MSE = 1.441257e-10, Test pred MSE = 1.828739e-03, Param MSE = 1.829198e-02, Grad norm = 7.330766e-08, Beta update rate = 1.656221e-08
Epoch 569200 (11.4%): Train pred MSE = 1.435893e-10, Test pred MSE = 1.828739e-03, Param MSE = 1.829198e-02, Grad norm = 7.316970e-08, Beta update rate = 1.653073e-08
Epoch 569400 (11.4%): Train pred MSE = 1.430549e-10, Test pred MSE = 1.828739e-03, Param MSE = 1.829198e-02, Grad norm = 7.303201e-08, Beta update rate = 1.649932e-08
Epoch 569600 (11.4%): Train pred MSE = 1.425225e-10, Test pred MSE = 1.828738e-03, Param MSE = 1.829198e-02, Grad norm = 7.289458e-08, Beta update rate = 1.646796e-08
Epoch 569800 (11.4%): Train pred MSE = 1.419922e-10, Test pred MSE = 1.828738e-03, Param MSE = 1.829198e-02, Grad norm = 7.275741e-08, Beta update rate = 1.643666e-08
Epoch 570000 (11.4%): Train pred MSE = 1.414638e-10, Test pred MSE = 1.828738e-03, Param MSE = 1.829197e-02, Grad norm = 7.262052e-08, Beta update rate = 1.640543e-08
Epoch 570200 (11.4%): Train pred MSE = 1.409375e-10, Test pred MSE = 1.828738e-03, Param MSE = 1.829197e-02, Grad norm = 7.248388e-08, Beta update rate = 1.637426e-08
Epoch 570400 (11.4%): Train pred MSE = 1.404131e-10, Test pred MSE = 1.828738e-03, Param MSE = 1.829197e-02, Grad norm = 7.234751e-08, Beta update rate = 1.634315e-08
Epoch 570600 (11.4%): Train pred MSE = 1.398906e-10, Test pred MSE = 1.828738e-03, Param MSE = 1.829197e-02, Grad norm = 7.221141e-08, Beta update rate = 1.631210e-08
Epoch 570800 (11.4%): Train pred MSE = 1.393702e-10, Test pred MSE = 1.828737e-03, Param MSE = 1.829197e-02, Grad norm = 7.207557e-08, Beta update rate = 1.628111e-08
Epoch 571000 (11.4%): Train pred MSE = 1.388517e-10, Test pred MSE = 1.828737e-03, Param MSE = 1.829196e-02, Grad norm = 7.193998e-08, Beta update rate = 1.625018e-08
Epoch 571200 (11.4%): Train pred MSE = 1.383351e-10, Test pred MSE = 1.828737e-03, Param MSE = 1.829196e-02, Grad norm = 7.180466e-08, Beta update rate = 1.621932e-08
Epoch 571400 (11.4%): Train pred MSE = 1.378205e-10, Test pred MSE = 1.828737e-03, Param MSE = 1.829196e-02, Grad norm = 7.166961e-08, Beta update rate = 1.618851e-08
Epoch 571600 (11.4%): Train pred MSE = 1.373078e-10, Test pred MSE = 1.828737e-03, Param MSE = 1.829196e-02, Grad norm = 7.153481e-08, Beta update rate = 1.615777e-08
Epoch 571800 (11.4%): Train pred MSE = 1.367971e-10, Test pred MSE = 1.828737e-03, Param MSE = 1.829196e-02, Grad norm = 7.140027e-08, Beta update rate = 1.612708e-08
Epoch 572000 (11.4%): Train pred MSE = 1.362882e-10, Test pred MSE = 1.828736e-03, Param MSE = 1.829196e-02, Grad norm = 7.126600e-08, Beta update rate = 1.609645e-08
Epoch 572200 (11.4%): Train pred MSE = 1.357813e-10, Test pred MSE = 1.828736e-03, Param MSE = 1.829195e-02, Grad norm = 7.113198e-08, Beta update rate = 1.606589e-08
Epoch 572400 (11.4%): Train pred MSE = 1.352763e-10, Test pred MSE = 1.828736e-03, Param MSE = 1.829195e-02, Grad norm = 7.099822e-08, Beta update rate = 1.603538e-08
Epoch 572600 (11.5%): Train pred MSE = 1.347732e-10, Test pred MSE = 1.828736e-03, Param MSE = 1.829195e-02, Grad norm = 7.086472e-08, Beta update rate = 1.600494e-08
Epoch 572800 (11.5%): Train pred MSE = 1.342719e-10, Test pred MSE = 1.828736e-03, Param MSE = 1.829195e-02, Grad norm = 7.073147e-08, Beta update rate = 1.597455e-08
Epoch 573000 (11.5%): Train pred MSE = 1.337726e-10, Test pred MSE = 1.828736e-03, Param MSE = 1.829195e-02, Grad norm = 7.059848e-08, Beta update rate = 1.594423e-08
Epoch 573200 (11.5%): Train pred MSE = 1.332751e-10, Test pred MSE = 1.828736e-03, Param MSE = 1.829194e-02, Grad norm = 7.046575e-08, Beta update rate = 1.591396e-08
Epoch 573400 (11.5%): Train pred MSE = 1.327795e-10, Test pred MSE = 1.828735e-03, Param MSE = 1.829194e-02, Grad norm = 7.033328e-08, Beta update rate = 1.588375e-08
Epoch 573600 (11.5%): Train pred MSE = 1.322858e-10, Test pred MSE = 1.828735e-03, Param MSE = 1.829194e-02, Grad norm = 7.020106e-08, Beta update rate = 1.585361e-08
Epoch 573800 (11.5%): Train pred MSE = 1.317939e-10, Test pred MSE = 1.828735e-03, Param MSE = 1.829194e-02, Grad norm = 7.006910e-08, Beta update rate = 1.582352e-08
Epoch 574000 (11.5%): Train pred MSE = 1.313039e-10, Test pred MSE = 1.828735e-03, Param MSE = 1.829194e-02, Grad norm = 6.993739e-08, Beta update rate = 1.579349e-08
Epoch 574200 (11.5%): Train pred MSE = 1.308157e-10, Test pred MSE = 1.828735e-03, Param MSE = 1.829194e-02, Grad norm = 6.980593e-08, Beta update rate = 1.576352e-08
Epoch 574400 (11.5%): Train pred MSE = 1.303293e-10, Test pred MSE = 1.828735e-03, Param MSE = 1.829193e-02, Grad norm = 6.967473e-08, Beta update rate = 1.573360e-08
Epoch 574600 (11.5%): Train pred MSE = 1.298448e-10, Test pred MSE = 1.828734e-03, Param MSE = 1.829193e-02, Grad norm = 6.954378e-08, Beta update rate = 1.570375e-08
Epoch 574800 (11.5%): Train pred MSE = 1.293620e-10, Test pred MSE = 1.828734e-03, Param MSE = 1.829193e-02, Grad norm = 6.941309e-08, Beta update rate = 1.567396e-08
Epoch 575000 (11.5%): Train pred MSE = 1.288811e-10, Test pred MSE = 1.828734e-03, Param MSE = 1.829193e-02, Grad norm = 6.928264e-08, Beta update rate = 1.564422e-08
Epoch 575200 (11.5%): Train pred MSE = 1.284020e-10, Test pred MSE = 1.828734e-03, Param MSE = 1.829193e-02, Grad norm = 6.915245e-08, Beta update rate = 1.561454e-08
Epoch 575400 (11.5%): Train pred MSE = 1.279247e-10, Test pred MSE = 1.828734e-03, Param MSE = 1.829192e-02, Grad norm = 6.902251e-08, Beta update rate = 1.558492e-08
Epoch 575600 (11.5%): Train pred MSE = 1.274492e-10, Test pred MSE = 1.828734e-03, Param MSE = 1.829192e-02, Grad norm = 6.889282e-08, Beta update rate = 1.555536e-08
Epoch 575800 (11.5%): Train pred MSE = 1.269755e-10, Test pred MSE = 1.828734e-03, Param MSE = 1.829192e-02, Grad norm = 6.876337e-08, Beta update rate = 1.552585e-08
Epoch 576000 (11.5%): Train pred MSE = 1.265036e-10, Test pred MSE = 1.828733e-03, Param MSE = 1.829192e-02, Grad norm = 6.863418e-08, Beta update rate = 1.549641e-08
Epoch 576200 (11.5%): Train pred MSE = 1.260334e-10, Test pred MSE = 1.828733e-03, Param MSE = 1.829192e-02, Grad norm = 6.850524e-08, Beta update rate = 1.546702e-08
Epoch 576400 (11.5%): Train pred MSE = 1.255650e-10, Test pred MSE = 1.828733e-03, Param MSE = 1.829192e-02, Grad norm = 6.837654e-08, Beta update rate = 1.543769e-08
Epoch 576600 (11.5%): Train pred MSE = 1.250983e-10, Test pred MSE = 1.828733e-03, Param MSE = 1.829191e-02, Grad norm = 6.824810e-08, Beta update rate = 1.540841e-08
Epoch 576800 (11.5%): Train pred MSE = 1.246334e-10, Test pred MSE = 1.828733e-03, Param MSE = 1.829191e-02, Grad norm = 6.811990e-08, Beta update rate = 1.537920e-08
Epoch 577000 (11.5%): Train pred MSE = 1.241703e-10, Test pred MSE = 1.828733e-03, Param MSE = 1.829191e-02, Grad norm = 6.799195e-08, Beta update rate = 1.535004e-08
Epoch 577200 (11.5%): Train pred MSE = 1.237089e-10, Test pred MSE = 1.828733e-03, Param MSE = 1.829191e-02, Grad norm = 6.786424e-08, Beta update rate = 1.532094e-08
Epoch 577400 (11.5%): Train pred MSE = 1.232492e-10, Test pred MSE = 1.828732e-03, Param MSE = 1.829191e-02, Grad norm = 6.773678e-08, Beta update rate = 1.529189e-08
Epoch 577600 (11.6%): Train pred MSE = 1.227912e-10, Test pred MSE = 1.828732e-03, Param MSE = 1.829191e-02, Grad norm = 6.760957e-08, Beta update rate = 1.526290e-08
Epoch 577800 (11.6%): Train pred MSE = 1.223350e-10, Test pred MSE = 1.828732e-03, Param MSE = 1.829190e-02, Grad norm = 6.748260e-08, Beta update rate = 1.523397e-08
Epoch 578000 (11.6%): Train pred MSE = 1.218804e-10, Test pred MSE = 1.828732e-03, Param MSE = 1.829190e-02, Grad norm = 6.735587e-08, Beta update rate = 1.520510e-08
Epoch 578200 (11.6%): Train pred MSE = 1.214276e-10, Test pred MSE = 1.828732e-03, Param MSE = 1.829190e-02, Grad norm = 6.722939e-08, Beta update rate = 1.517628e-08
Epoch 578400 (11.6%): Train pred MSE = 1.209765e-10, Test pred MSE = 1.828732e-03, Param MSE = 1.829190e-02, Grad norm = 6.710315e-08, Beta update rate = 1.514752e-08
Epoch 578600 (11.6%): Train pred MSE = 1.205271e-10, Test pred MSE = 1.828732e-03, Param MSE = 1.829190e-02, Grad norm = 6.697716e-08, Beta update rate = 1.511881e-08
Epoch 578800 (11.6%): Train pred MSE = 1.200793e-10, Test pred MSE = 1.828731e-03, Param MSE = 1.829189e-02, Grad norm = 6.685141e-08, Beta update rate = 1.509016e-08
Epoch 579000 (11.6%): Train pred MSE = 1.196333e-10, Test pred MSE = 1.828731e-03, Param MSE = 1.829189e-02, Grad norm = 6.672590e-08, Beta update rate = 1.506157e-08
Epoch 579200 (11.6%): Train pred MSE = 1.191889e-10, Test pred MSE = 1.828731e-03, Param MSE = 1.829189e-02, Grad norm = 6.660063e-08, Beta update rate = 1.503303e-08
Epoch 579400 (11.6%): Train pred MSE = 1.187461e-10, Test pred MSE = 1.828731e-03, Param MSE = 1.829189e-02, Grad norm = 6.647560e-08, Beta update rate = 1.500455e-08
Epoch 579600 (11.6%): Train pred MSE = 1.183051e-10, Test pred MSE = 1.828731e-03, Param MSE = 1.829189e-02, Grad norm = 6.635082e-08, Beta update rate = 1.497612e-08
Epoch 579800 (11.6%): Train pred MSE = 1.178657e-10, Test pred MSE = 1.828731e-03, Param MSE = 1.829189e-02, Grad norm = 6.622627e-08, Beta update rate = 1.494775e-08
Epoch 580000 (11.6%): Train pred MSE = 1.174279e-10, Test pred MSE = 1.828730e-03, Param MSE = 1.829188e-02, Grad norm = 6.610196e-08, Beta update rate = 1.491944e-08
Epoch 580200 (11.6%): Train pred MSE = 1.169918e-10, Test pred MSE = 1.828730e-03, Param MSE = 1.829188e-02, Grad norm = 6.597790e-08, Beta update rate = 1.489118e-08
Epoch 580400 (11.6%): Train pred MSE = 1.165573e-10, Test pred MSE = 1.828730e-03, Param MSE = 1.829188e-02, Grad norm = 6.585407e-08, Beta update rate = 1.486297e-08
Epoch 580600 (11.6%): Train pred MSE = 1.161244e-10, Test pred MSE = 1.828730e-03, Param MSE = 1.829188e-02, Grad norm = 6.573048e-08, Beta update rate = 1.483482e-08
Epoch 580800 (11.6%): Train pred MSE = 1.156932e-10, Test pred MSE = 1.828730e-03, Param MSE = 1.829188e-02, Grad norm = 6.560712e-08, Beta update rate = 1.480673e-08
Epoch 581000 (11.6%): Train pred MSE = 1.152636e-10, Test pred MSE = 1.828730e-03, Param MSE = 1.829188e-02, Grad norm = 6.548401e-08, Beta update rate = 1.477869e-08
Epoch 581200 (11.6%): Train pred MSE = 1.148356e-10, Test pred MSE = 1.828730e-03, Param MSE = 1.829187e-02, Grad norm = 6.536113e-08, Beta update rate = 1.475070e-08
Epoch 581400 (11.6%): Train pred MSE = 1.144092e-10, Test pred MSE = 1.828730e-03, Param MSE = 1.829187e-02, Grad norm = 6.523849e-08, Beta update rate = 1.472277e-08
Epoch 581600 (11.6%): Train pred MSE = 1.139844e-10, Test pred MSE = 1.828729e-03, Param MSE = 1.829187e-02, Grad norm = 6.511608e-08, Beta update rate = 1.469490e-08
Epoch 581800 (11.6%): Train pred MSE = 1.135612e-10, Test pred MSE = 1.828729e-03, Param MSE = 1.829187e-02, Grad norm = 6.499391e-08, Beta update rate = 1.466708e-08
Epoch 582000 (11.6%): Train pred MSE = 1.131395e-10, Test pred MSE = 1.828729e-03, Param MSE = 1.829187e-02, Grad norm = 6.487197e-08, Beta update rate = 1.463931e-08
Epoch 582200 (11.6%): Train pred MSE = 1.127195e-10, Test pred MSE = 1.828729e-03, Param MSE = 1.829187e-02, Grad norm = 6.475027e-08, Beta update rate = 1.461160e-08
Epoch 582400 (11.6%): Train pred MSE = 1.123010e-10, Test pred MSE = 1.828729e-03, Param MSE = 1.829186e-02, Grad norm = 6.462880e-08, Beta update rate = 1.458394e-08
Epoch 582600 (11.7%): Train pred MSE = 1.118841e-10, Test pred MSE = 1.828729e-03, Param MSE = 1.829186e-02, Grad norm = 6.450757e-08, Beta update rate = 1.455634e-08
Epoch 582800 (11.7%): Train pred MSE = 1.114688e-10, Test pred MSE = 1.828729e-03, Param MSE = 1.829186e-02, Grad norm = 6.438657e-08, Beta update rate = 1.452879e-08
Epoch 583000 (11.7%): Train pred MSE = 1.110550e-10, Test pred MSE = 1.828728e-03, Param MSE = 1.829186e-02, Grad norm = 6.426580e-08, Beta update rate = 1.450129e-08
Epoch 583200 (11.7%): Train pred MSE = 1.106428e-10, Test pred MSE = 1.828728e-03, Param MSE = 1.829186e-02, Grad norm = 6.414526e-08, Beta update rate = 1.447385e-08
Epoch 583400 (11.7%): Train pred MSE = 1.102321e-10, Test pred MSE = 1.828728e-03, Param MSE = 1.829186e-02, Grad norm = 6.402496e-08, Beta update rate = 1.444646e-08
Epoch 583600 (11.7%): Train pred MSE = 1.098230e-10, Test pred MSE = 1.828728e-03, Param MSE = 1.829186e-02, Grad norm = 6.390488e-08, Beta update rate = 1.441912e-08
Epoch 583800 (11.7%): Train pred MSE = 1.094153e-10, Test pred MSE = 1.828728e-03, Param MSE = 1.829185e-02, Grad norm = 6.378504e-08, Beta update rate = 1.439184e-08
Epoch 584000 (11.7%): Train pred MSE = 1.090093e-10, Test pred MSE = 1.828728e-03, Param MSE = 1.829185e-02, Grad norm = 6.366543e-08, Beta update rate = 1.436461e-08
Epoch 584200 (11.7%): Train pred MSE = 1.086047e-10, Test pred MSE = 1.828728e-03, Param MSE = 1.829185e-02, Grad norm = 6.354605e-08, Beta update rate = 1.433743e-08
Epoch 584400 (11.7%): Train pred MSE = 1.082017e-10, Test pred MSE = 1.828727e-03, Param MSE = 1.829185e-02, Grad norm = 6.342689e-08, Beta update rate = 1.431031e-08
Epoch 584600 (11.7%): Train pred MSE = 1.078001e-10, Test pred MSE = 1.828727e-03, Param MSE = 1.829185e-02, Grad norm = 6.330797e-08, Beta update rate = 1.428324e-08
Epoch 584800 (11.7%): Train pred MSE = 1.074001e-10, Test pred MSE = 1.828727e-03, Param MSE = 1.829185e-02, Grad norm = 6.318927e-08, Beta update rate = 1.425622e-08
Epoch 585000 (11.7%): Train pred MSE = 1.070015e-10, Test pred MSE = 1.828727e-03, Param MSE = 1.829184e-02, Grad norm = 6.307080e-08, Beta update rate = 1.422926e-08
Epoch 585200 (11.7%): Train pred MSE = 1.066045e-10, Test pred MSE = 1.828727e-03, Param MSE = 1.829184e-02, Grad norm = 6.295256e-08, Beta update rate = 1.420235e-08
Epoch 585400 (11.7%): Train pred MSE = 1.062090e-10, Test pred MSE = 1.828727e-03, Param MSE = 1.829184e-02, Grad norm = 6.283455e-08, Beta update rate = 1.417549e-08
Epoch 585600 (11.7%): Train pred MSE = 1.058149e-10, Test pred MSE = 1.828727e-03, Param MSE = 1.829184e-02, Grad norm = 6.271676e-08, Beta update rate = 1.414868e-08
Epoch 585800 (11.7%): Train pred MSE = 1.054223e-10, Test pred MSE = 1.828727e-03, Param MSE = 1.829184e-02, Grad norm = 6.259920e-08, Beta update rate = 1.412192e-08
Epoch 586000 (11.7%): Train pred MSE = 1.050312e-10, Test pred MSE = 1.828726e-03, Param MSE = 1.829184e-02, Grad norm = 6.248187e-08, Beta update rate = 1.409522e-08
Epoch 586200 (11.7%): Train pred MSE = 1.046415e-10, Test pred MSE = 1.828726e-03, Param MSE = 1.829183e-02, Grad norm = 6.236476e-08, Beta update rate = 1.406857e-08
Epoch 586400 (11.7%): Train pred MSE = 1.042533e-10, Test pred MSE = 1.828726e-03, Param MSE = 1.829183e-02, Grad norm = 6.224787e-08, Beta update rate = 1.404197e-08
Epoch 586600 (11.7%): Train pred MSE = 1.038665e-10, Test pred MSE = 1.828726e-03, Param MSE = 1.829183e-02, Grad norm = 6.213121e-08, Beta update rate = 1.401543e-08
Epoch 586800 (11.7%): Train pred MSE = 1.034812e-10, Test pred MSE = 1.828726e-03, Param MSE = 1.829183e-02, Grad norm = 6.201478e-08, Beta update rate = 1.398893e-08
Epoch 587000 (11.7%): Train pred MSE = 1.030974e-10, Test pred MSE = 1.828726e-03, Param MSE = 1.829183e-02, Grad norm = 6.189856e-08, Beta update rate = 1.396249e-08
Epoch 587200 (11.7%): Train pred MSE = 1.027150e-10, Test pred MSE = 1.828726e-03, Param MSE = 1.829183e-02, Grad norm = 6.178257e-08, Beta update rate = 1.393609e-08
Epoch 587400 (11.7%): Train pred MSE = 1.023340e-10, Test pred MSE = 1.828725e-03, Param MSE = 1.829183e-02, Grad norm = 6.166681e-08, Beta update rate = 1.390975e-08
Epoch 587600 (11.8%): Train pred MSE = 1.019544e-10, Test pred MSE = 1.828725e-03, Param MSE = 1.829182e-02, Grad norm = 6.155126e-08, Beta update rate = 1.388346e-08
Epoch 587800 (11.8%): Train pred MSE = 1.015763e-10, Test pred MSE = 1.828725e-03, Param MSE = 1.829182e-02, Grad norm = 6.143594e-08, Beta update rate = 1.385723e-08
Epoch 588000 (11.8%): Train pred MSE = 1.011996e-10, Test pred MSE = 1.828725e-03, Param MSE = 1.829182e-02, Grad norm = 6.132083e-08, Beta update rate = 1.383104e-08
Epoch 588200 (11.8%): Train pred MSE = 1.008242e-10, Test pred MSE = 1.828725e-03, Param MSE = 1.829182e-02, Grad norm = 6.120595e-08, Beta update rate = 1.380490e-08
Epoch 588400 (11.8%): Train pred MSE = 1.004503e-10, Test pred MSE = 1.828725e-03, Param MSE = 1.829182e-02, Grad norm = 6.109129e-08, Beta update rate = 1.377882e-08
Epoch 588600 (11.8%): Train pred MSE = 1.000778e-10, Test pred MSE = 1.828725e-03, Param MSE = 1.829182e-02, Grad norm = 6.097685e-08, Beta update rate = 1.375279e-08
Epoch 588800 (11.8%): Train pred MSE = 9.970670e-11, Test pred MSE = 1.828725e-03, Param MSE = 1.829181e-02, Grad norm = 6.086263e-08, Beta update rate = 1.372680e-08

Training completed at epoch 588800
Stop reason: train_pred_mse
Final Train pred MSE = 9.970670e-11
Final Test pred MSE = 1.828725e-03
Final Param MSE = 1.829181e-02
Final Grad norm = 6.086263e-08
Final Beta update rate = 1.372680e-08
Success flag: True (train_pred_mse < 1.00e-10)
Results metadata saved to results/diagonal/step1_mixture/pi_A=0.50--alpha=0.600000--seed=1/results_meta.json
Saved c_vec to results/diagonal/step1_mixture/pi_A=0.50--alpha=0.600000--seed=1/c_vec.npy

Results saved to results/diagonal/step1_mixture/pi_A=0.50--alpha=0.600000--seed=1/
Total jobs in this sweep: 108
Pi_A values: [0.1, 0.5, 0.9]
Alpha values: [0.05, 0.1, 0.2, 0.25, 0.3, 0.4, 0.5, 0.6, 0.7, 0.8, 0.9, 1.0]
Seeds: [0, 1, 2]
================================================================================
Step 1 Mixture Sweep - Experiment Parameters:
================================================================================
  c: 0.001
  c_A: 0.001
  c_B: 0.5
  c_mode: mixture
  epochs: 5000000
  init_method: complex
  inp_dim: 1000
  lmda: 0.0
  lr: 0.5
  n_test: 10000
  n_train: 600
  no_tuning: True
  pi_A: 0.5
  rho: 0.04
  save_folder: results/diagonal/step1_mixture/pi_A=0.50--alpha=0.600000--seed=1/
  scaling: 1.0
  seed: 1
  test_every_n_epochs: 200
  threshold: 1e-12
================================================================================

Running training script...

Extracting results and saving to CSV...
Results appended to /home/na658/multi-task2/experiment_results_step1_mixture.csv

✓ Experiment 58 completed successfully
[SLURM] Job 20446040 task 58 finished
