[SLURM] Job 20446670 task 88 starting on cpu-q-402
[SLURM] Step 3 Omega Sweep (PT+FT Oracle)
[SLURM] Using Python: /home/na658/.conda/envs/mtl_ft/bin/python
Starting PT+FT Oracle experiment...

================================================================================
STEP 3: PT+FT ORACLE EXPERIMENT
================================================================================

================================================================================
EXPERIMENT SETTINGS
================================================================================
Seed: 1
Input dimension: 1000
PT support fraction (rho_pt): 0.1
FT sparsity (rho_ft): 0.04
Overlap (omega): 1.0
PT amplitude (a_pt): 1.0
PT c parameter (c_pt): 0.001
PT lambda (lambda_pt): 0.0
Gamma reinit: 0.0
Training samples (FT): 400
Test samples: 10000
Learning rate: 0.5
Max epochs: 5000000
Save folder: results/diagonal/step3_omega/omega=1.00--alpha=0.400000--seed=1/
================================================================================

Sampling PT teacher (oracle)...
  PT support size: 100 / 1000 = 0.1000

Sampling FT teacher with overlap...
  FT support size: 40 / 1000 = 0.0400
  Overlap: 40 / 40 = 1.0000 (target: 1.0)

  Coordinate groups:
    OV (both):     40
    NEW (FT only): 0
    PTONLY:        60
    NONE:          900

Computing c_ft from Cosyne formula...

  c_ft statistics by group:
    OV:     mean=1.001000, range=[1.001000, 1.001000]
    NEW:    N/A
    PTONLY: mean=1.001000
    NONE:   mean=0.002000

Sampling FT data...

Initializing DiagonalNet with per-coordinate c_ft...
Per-coordinate c init: c_vec range [0.002000, 1.001000]

Training on FT data...

Starting training loop (max 5000000 epochs, threshold=1.00e-12)...
Epoch      0 (0.0%): Train pred MSE = 2.437937e+00, Test pred MSE = 1.001034e-01, Param MSE = 1.012287e+00, Grad norm = 2.538535e-01, Beta update rate = nan
Epoch    200 (0.0%): Train pred MSE = 4.667007e-02, Test pred MSE = 3.882663e-03, Param MSE = 3.929029e-02, Grad norm = 3.632337e-02, Beta update rate = 1.408675e-01
Epoch    400 (0.0%): Train pred MSE = 5.540502e-03, Test pred MSE = 5.622874e-04, Param MSE = 5.624602e-03, Grad norm = 9.341549e-03, Beta update rate = 2.144520e-02
Epoch    600 (0.0%): Train pred MSE = 1.469324e-03, Test pred MSE = 1.750100e-04, Param MSE = 1.738985e-03, Grad norm = 4.139441e-03, Beta update rate = 5.644883e-03
Epoch    800 (0.0%): Train pred MSE = 5.124212e-04, Test pred MSE = 7.120157e-05, Param MSE = 7.065906e-04, Grad norm = 2.226655e-03, Beta update rate = 2.512618e-03
Epoch   1000 (0.0%): Train pred MSE = 2.088098e-04, Test pred MSE = 3.348639e-05, Param MSE = 3.328988e-04, Grad norm = 1.327059e-03, Beta update rate = 1.366225e-03
Epoch   1200 (0.0%): Train pred MSE = 9.436388e-05, Test pred MSE = 1.751680e-05, Param MSE = 1.747504e-04, Grad norm = 8.434038e-04, Beta update rate = 8.200901e-04
Epoch   1400 (0.0%): Train pred MSE = 4.635142e-05, Test pred MSE = 1.007976e-05, Param MSE = 1.010049e-04, Grad norm = 5.580321e-04, Beta update rate = 5.231607e-04
Epoch   1600 (0.0%): Train pred MSE = 2.481825e-05, Test pred MSE = 6.380429e-06, Param MSE = 6.424024e-05, Grad norm = 3.787645e-04, Beta update rate = 3.466873e-04
Epoch   1800 (0.0%): Train pred MSE = 1.473640e-05, Test pred MSE = 4.443751e-06, Param MSE = 4.494172e-05, Grad norm = 2.615463e-04, Beta update rate = 2.353074e-04
Epoch   2000 (0.0%): Train pred MSE = 9.870043e-06, Test pred MSE = 3.384052e-06, Param MSE = 3.435235e-05, Grad norm = 1.830427e-04, Beta update rate = 1.621932e-04
Epoch   2200 (0.0%): Train pred MSE = 7.458743e-06, Test pred MSE = 2.779835e-06, Param MSE = 2.829780e-05, Grad norm = 1.298202e-04, Beta update rate = 1.129691e-04
Epoch   2400 (0.0%): Train pred MSE = 6.228385e-06, Test pred MSE = 2.421304e-06, Param MSE = 2.469589e-05, Grad norm = 9.364803e-05, Beta update rate = 7.928332e-05
Epoch   2600 (0.1%): Train pred MSE = 5.574730e-06, Test pred MSE = 2.200076e-06, Param MSE = 2.246831e-05, Grad norm = 6.924905e-05, Beta update rate = 5.598224e-05
Epoch   2800 (0.1%): Train pred MSE = 5.206031e-06, Test pred MSE = 2.058237e-06, Param MSE = 2.103740e-05, Grad norm = 5.310194e-05, Beta update rate = 3.974815e-05
Epoch   3000 (0.1%): Train pred MSE = 4.979675e-06, Test pred MSE = 1.963822e-06, Param MSE = 2.008346e-05, Grad norm = 4.273868e-05, Beta update rate = 2.838281e-05
Epoch   3200 (0.1%): Train pred MSE = 4.825320e-06, Test pred MSE = 1.898617e-06, Param MSE = 1.942387e-05, Grad norm = 3.633021e-05, Beta update rate = 2.040134e-05
Epoch   3400 (0.1%): Train pred MSE = 4.708034e-06, Test pred MSE = 1.851910e-06, Param MSE = 1.895097e-05, Grad norm = 3.249021e-05, Beta update rate = 1.478753e-05
Epoch   3600 (0.1%): Train pred MSE = 4.610363e-06, Test pred MSE = 1.817215e-06, Param MSE = 1.859943e-05, Grad norm = 3.021347e-05, Beta update rate = 1.083959e-05
Epoch   3800 (0.1%): Train pred MSE = 4.523536e-06, Test pred MSE = 1.790490e-06, Param MSE = 1.832846e-05, Grad norm = 2.883358e-05, Beta update rate = 8.069514e-06
Epoch   4000 (0.1%): Train pred MSE = 4.443114e-06, Test pred MSE = 1.769155e-06, Param MSE = 1.811201e-05, Grad norm = 2.794735e-05, Beta update rate = 6.135622e-06
Epoch   4200 (0.1%): Train pred MSE = 4.366830e-06, Test pred MSE = 1.751528e-06, Param MSE = 1.793306e-05, Grad norm = 2.732702e-05, Beta update rate = 4.796424e-06
Epoch   4400 (0.1%): Train pred MSE = 4.293507e-06, Test pred MSE = 1.736492e-06, Param MSE = 1.778031e-05, Grad norm = 2.684937e-05, Beta update rate = 3.878841e-06
Epoch   4600 (0.1%): Train pred MSE = 4.222520e-06, Test pred MSE = 1.723292e-06, Param MSE = 1.764613e-05, Grad norm = 2.644930e-05, Beta update rate = 3.256843e-06
Epoch   4800 (0.1%): Train pred MSE = 4.153524e-06, Test pred MSE = 1.711415e-06, Param MSE = 1.752533e-05, Grad norm = 2.609279e-05, Beta update rate = 2.837995e-06
Epoch   5000 (0.1%): Train pred MSE = 4.086315e-06, Test pred MSE = 1.700506e-06, Param MSE = 1.741432e-05, Grad norm = 2.576214e-05, Beta update rate = 2.555333e-06
Epoch   5200 (0.1%): Train pred MSE = 4.020764e-06, Test pred MSE = 1.690320e-06, Param MSE = 1.731062e-05, Grad norm = 2.544806e-05, Beta update rate = 2.361883e-06
Epoch   5400 (0.1%): Train pred MSE = 3.956780e-06, Test pred MSE = 1.680682e-06, Param MSE = 1.721247e-05, Grad norm = 2.514568e-05, Beta update rate = 2.225997e-06
Epoch   5600 (0.1%): Train pred MSE = 3.894293e-06, Test pred MSE = 1.671473e-06, Param MSE = 1.711866e-05, Grad norm = 2.485235e-05, Beta update rate = 2.127099e-06
Epoch   5800 (0.1%): Train pred MSE = 3.833245e-06, Test pred MSE = 1.662604e-06, Param MSE = 1.702830e-05, Grad norm = 2.456660e-05, Beta update rate = 2.052116e-06
Epoch   6000 (0.1%): Train pred MSE = 3.773583e-06, Test pred MSE = 1.654016e-06, Param MSE = 1.694078e-05, Grad norm = 2.428757e-05, Beta update rate = 1.992821e-06
Epoch   6200 (0.1%): Train pred MSE = 3.715262e-06, Test pred MSE = 1.645662e-06, Param MSE = 1.685565e-05, Grad norm = 2.401471e-05, Beta update rate = 1.944027e-06
Epoch   6400 (0.1%): Train pred MSE = 3.658238e-06, Test pred MSE = 1.637512e-06, Param MSE = 1.677258e-05, Grad norm = 2.374765e-05, Beta update rate = 1.902429e-06
Epoch   6600 (0.1%): Train pred MSE = 3.602468e-06, Test pred MSE = 1.629540e-06, Param MSE = 1.669132e-05, Grad norm = 2.348611e-05, Beta update rate = 1.865888e-06
Epoch   6800 (0.1%): Train pred MSE = 3.547915e-06, Test pred MSE = 1.621729e-06, Param MSE = 1.661172e-05, Grad norm = 2.322985e-05, Beta update rate = 1.832997e-06
Epoch   7000 (0.1%): Train pred MSE = 3.494540e-06, Test pred MSE = 1.614066e-06, Param MSE = 1.653362e-05, Grad norm = 2.297867e-05, Beta update rate = 1.802812e-06
Epoch   7200 (0.1%): Train pred MSE = 3.442308e-06, Test pred MSE = 1.606541e-06, Param MSE = 1.645692e-05, Grad norm = 2.273239e-05, Beta update rate = 1.774689e-06
Epoch   7400 (0.1%): Train pred MSE = 3.391185e-06, Test pred MSE = 1.599144e-06, Param MSE = 1.638153e-05, Grad norm = 2.249085e-05, Beta update rate = 1.748181e-06
Epoch   7600 (0.2%): Train pred MSE = 3.341137e-06, Test pred MSE = 1.591870e-06, Param MSE = 1.630741e-05, Grad norm = 2.225389e-05, Beta update rate = 1.722974e-06
Epoch   7800 (0.2%): Train pred MSE = 3.292135e-06, Test pred MSE = 1.584714e-06, Param MSE = 1.623448e-05, Grad norm = 2.202137e-05, Beta update rate = 1.698841e-06
Epoch   8000 (0.2%): Train pred MSE = 3.244147e-06, Test pred MSE = 1.577670e-06, Param MSE = 1.616270e-05, Grad norm = 2.179314e-05, Beta update rate = 1.675619e-06
Epoch   8200 (0.2%): Train pred MSE = 3.197145e-06, Test pred MSE = 1.570735e-06, Param MSE = 1.609203e-05, Grad norm = 2.156908e-05, Beta update rate = 1.653188e-06
Epoch   8400 (0.2%): Train pred MSE = 3.151100e-06, Test pred MSE = 1.563905e-06, Param MSE = 1.602243e-05, Grad norm = 2.134906e-05, Beta update rate = 1.631456e-06
Epoch   8600 (0.2%): Train pred MSE = 3.105986e-06, Test pred MSE = 1.557177e-06, Param MSE = 1.595388e-05, Grad norm = 2.113296e-05, Beta update rate = 1.610354e-06
Epoch   8800 (0.2%): Train pred MSE = 3.061778e-06, Test pred MSE = 1.550549e-06, Param MSE = 1.588635e-05, Grad norm = 2.092066e-05, Beta update rate = 1.589829e-06
Epoch   9000 (0.2%): Train pred MSE = 3.018450e-06, Test pred MSE = 1.544017e-06, Param MSE = 1.581980e-05, Grad norm = 2.071206e-05, Beta update rate = 1.569837e-06
Epoch   9200 (0.2%): Train pred MSE = 2.975979e-06, Test pred MSE = 1.537579e-06, Param MSE = 1.575421e-05, Grad norm = 2.050704e-05, Beta update rate = 1.550343e-06
Epoch   9400 (0.2%): Train pred MSE = 2.934341e-06, Test pred MSE = 1.531233e-06, Param MSE = 1.568956e-05, Grad norm = 2.030552e-05, Beta update rate = 1.531318e-06
Epoch   9600 (0.2%): Train pred MSE = 2.893515e-06, Test pred MSE = 1.524977e-06, Param MSE = 1.562583e-05, Grad norm = 2.010739e-05, Beta update rate = 1.512738e-06
Epoch   9800 (0.2%): Train pred MSE = 2.853479e-06, Test pred MSE = 1.518808e-06, Param MSE = 1.556300e-05, Grad norm = 1.991256e-05, Beta update rate = 1.494581e-06
Epoch  10000 (0.2%): Train pred MSE = 2.814212e-06, Test pred MSE = 1.512725e-06, Param MSE = 1.550103e-05, Grad norm = 1.972094e-05, Beta update rate = 1.476828e-06
Epoch  10200 (0.2%): Train pred MSE = 2.775695e-06, Test pred MSE = 1.506726e-06, Param MSE = 1.543992e-05, Grad norm = 1.953245e-05, Beta update rate = 1.459463e-06
Epoch  10400 (0.2%): Train pred MSE = 2.737908e-06, Test pred MSE = 1.500808e-06, Param MSE = 1.537965e-05, Grad norm = 1.934701e-05, Beta update rate = 1.442470e-06
Epoch  10600 (0.2%): Train pred MSE = 2.700832e-06, Test pred MSE = 1.494970e-06, Param MSE = 1.532019e-05, Grad norm = 1.916453e-05, Beta update rate = 1.425836e-06
Epoch  10800 (0.2%): Train pred MSE = 2.664451e-06, Test pred MSE = 1.489211e-06, Param MSE = 1.526153e-05, Grad norm = 1.898495e-05, Beta update rate = 1.409547e-06
Epoch  11000 (0.2%): Train pred MSE = 2.628746e-06, Test pred MSE = 1.483528e-06, Param MSE = 1.520366e-05, Grad norm = 1.880818e-05, Beta update rate = 1.393592e-06
Epoch  11200 (0.2%): Train pred MSE = 2.593701e-06, Test pred MSE = 1.477921e-06, Param MSE = 1.514655e-05, Grad norm = 1.863417e-05, Beta update rate = 1.377958e-06
Epoch  11400 (0.2%): Train pred MSE = 2.559299e-06, Test pred MSE = 1.472386e-06, Param MSE = 1.509019e-05, Grad norm = 1.846283e-05, Beta update rate = 1.362637e-06
Epoch  11600 (0.2%): Train pred MSE = 2.525525e-06, Test pred MSE = 1.466924e-06, Param MSE = 1.503456e-05, Grad norm = 1.829411e-05, Beta update rate = 1.347616e-06
Epoch  11800 (0.2%): Train pred MSE = 2.492364e-06, Test pred MSE = 1.461532e-06, Param MSE = 1.497965e-05, Grad norm = 1.812795e-05, Beta update rate = 1.332888e-06
Epoch  12000 (0.2%): Train pred MSE = 2.459800e-06, Test pred MSE = 1.456210e-06, Param MSE = 1.492545e-05, Grad norm = 1.796428e-05, Beta update rate = 1.318442e-06
Epoch  12200 (0.2%): Train pred MSE = 2.427821e-06, Test pred MSE = 1.450954e-06, Param MSE = 1.487194e-05, Grad norm = 1.780304e-05, Beta update rate = 1.304270e-06
Epoch  12400 (0.2%): Train pred MSE = 2.396411e-06, Test pred MSE = 1.445766e-06, Param MSE = 1.481910e-05, Grad norm = 1.764419e-05, Beta update rate = 1.290364e-06
Epoch  12600 (0.3%): Train pred MSE = 2.365557e-06, Test pred MSE = 1.440642e-06, Param MSE = 1.476693e-05, Grad norm = 1.748765e-05, Beta update rate = 1.276716e-06
Epoch  12800 (0.3%): Train pred MSE = 2.335247e-06, Test pred MSE = 1.435582e-06, Param MSE = 1.471541e-05, Grad norm = 1.733339e-05, Beta update rate = 1.263318e-06
Epoch  13000 (0.3%): Train pred MSE = 2.305467e-06, Test pred MSE = 1.430585e-06, Param MSE = 1.466453e-05, Grad norm = 1.718136e-05, Beta update rate = 1.250163e-06
Epoch  13200 (0.3%): Train pred MSE = 2.276207e-06, Test pred MSE = 1.425649e-06, Param MSE = 1.461427e-05, Grad norm = 1.703149e-05, Beta update rate = 1.237245e-06
Epoch  13400 (0.3%): Train pred MSE = 2.247453e-06, Test pred MSE = 1.420773e-06, Param MSE = 1.456463e-05, Grad norm = 1.688375e-05, Beta update rate = 1.224556e-06
Epoch  13600 (0.3%): Train pred MSE = 2.219195e-06, Test pred MSE = 1.415956e-06, Param MSE = 1.451558e-05, Grad norm = 1.673809e-05, Beta update rate = 1.212090e-06
Epoch  13800 (0.3%): Train pred MSE = 2.191420e-06, Test pred MSE = 1.411197e-06, Param MSE = 1.446713e-05, Grad norm = 1.659446e-05, Beta update rate = 1.199840e-06
Epoch  14000 (0.3%): Train pred MSE = 2.164119e-06, Test pred MSE = 1.406496e-06, Param MSE = 1.441926e-05, Grad norm = 1.645282e-05, Beta update rate = 1.187802e-06
Epoch  14200 (0.3%): Train pred MSE = 2.137281e-06, Test pred MSE = 1.401850e-06, Param MSE = 1.437196e-05, Grad norm = 1.631314e-05, Beta update rate = 1.175969e-06
Epoch  14400 (0.3%): Train pred MSE = 2.110896e-06, Test pred MSE = 1.397258e-06, Param MSE = 1.432522e-05, Grad norm = 1.617536e-05, Beta update rate = 1.164337e-06
Epoch  14600 (0.3%): Train pred MSE = 2.084953e-06, Test pred MSE = 1.392721e-06, Param MSE = 1.427902e-05, Grad norm = 1.603945e-05, Beta update rate = 1.152898e-06
Epoch  14800 (0.3%): Train pred MSE = 2.059443e-06, Test pred MSE = 1.388237e-06, Param MSE = 1.423337e-05, Grad norm = 1.590537e-05, Beta update rate = 1.141649e-06
Epoch  15000 (0.3%): Train pred MSE = 2.034357e-06, Test pred MSE = 1.383804e-06, Param MSE = 1.418824e-05, Grad norm = 1.577308e-05, Beta update rate = 1.130585e-06
Epoch  15200 (0.3%): Train pred MSE = 2.009685e-06, Test pred MSE = 1.379423e-06, Param MSE = 1.414364e-05, Grad norm = 1.564256e-05, Beta update rate = 1.119701e-06
Epoch  15400 (0.3%): Train pred MSE = 1.985419e-06, Test pred MSE = 1.375091e-06, Param MSE = 1.409954e-05, Grad norm = 1.551375e-05, Beta update rate = 1.108993e-06
Epoch  15600 (0.3%): Train pred MSE = 1.961550e-06, Test pred MSE = 1.370809e-06, Param MSE = 1.405595e-05, Grad norm = 1.538664e-05, Beta update rate = 1.098455e-06
Epoch  15800 (0.3%): Train pred MSE = 1.938069e-06, Test pred MSE = 1.366575e-06, Param MSE = 1.401285e-05, Grad norm = 1.526118e-05, Beta update rate = 1.088084e-06
Epoch  16000 (0.3%): Train pred MSE = 1.914969e-06, Test pred MSE = 1.362389e-06, Param MSE = 1.397023e-05, Grad norm = 1.513735e-05, Beta update rate = 1.077876e-06
Epoch  16200 (0.3%): Train pred MSE = 1.892242e-06, Test pred MSE = 1.358250e-06, Param MSE = 1.392809e-05, Grad norm = 1.501511e-05, Beta update rate = 1.067827e-06
Epoch  16400 (0.3%): Train pred MSE = 1.869879e-06, Test pred MSE = 1.354157e-06, Param MSE = 1.388642e-05, Grad norm = 1.489444e-05, Beta update rate = 1.057933e-06
Epoch  16600 (0.3%): Train pred MSE = 1.847873e-06, Test pred MSE = 1.350109e-06, Param MSE = 1.384521e-05, Grad norm = 1.477529e-05, Beta update rate = 1.048191e-06
Epoch  16800 (0.3%): Train pred MSE = 1.826217e-06, Test pred MSE = 1.346105e-06, Param MSE = 1.380446e-05, Grad norm = 1.465766e-05, Beta update rate = 1.038596e-06
Epoch  17000 (0.3%): Train pred MSE = 1.804904e-06, Test pred MSE = 1.342145e-06, Param MSE = 1.376414e-05, Grad norm = 1.454150e-05, Beta update rate = 1.029146e-06
Epoch  17200 (0.3%): Train pred MSE = 1.783926e-06, Test pred MSE = 1.338228e-06, Param MSE = 1.372427e-05, Grad norm = 1.442679e-05, Beta update rate = 1.019837e-06
Epoch  17400 (0.3%): Train pred MSE = 1.763278e-06, Test pred MSE = 1.334354e-06, Param MSE = 1.368483e-05, Grad norm = 1.431350e-05, Beta update rate = 1.010665e-06
Epoch  17600 (0.4%): Train pred MSE = 1.742951e-06, Test pred MSE = 1.330521e-06, Param MSE = 1.364581e-05, Grad norm = 1.420161e-05, Beta update rate = 1.001629e-06
Epoch  17800 (0.4%): Train pred MSE = 1.722941e-06, Test pred MSE = 1.326729e-06, Param MSE = 1.360721e-05, Grad norm = 1.409109e-05, Beta update rate = 9.927240e-07
Epoch  18000 (0.4%): Train pred MSE = 1.703240e-06, Test pred MSE = 1.322977e-06, Param MSE = 1.356902e-05, Grad norm = 1.398192e-05, Beta update rate = 9.839480e-07
Epoch  18200 (0.4%): Train pred MSE = 1.683842e-06, Test pred MSE = 1.319265e-06, Param MSE = 1.353123e-05, Grad norm = 1.387408e-05, Beta update rate = 9.752981e-07
Epoch  18400 (0.4%): Train pred MSE = 1.664742e-06, Test pred MSE = 1.315592e-06, Param MSE = 1.349384e-05, Grad norm = 1.376754e-05, Beta update rate = 9.667715e-07
Epoch  18600 (0.4%): Train pred MSE = 1.645933e-06, Test pred MSE = 1.311957e-06, Param MSE = 1.345684e-05, Grad norm = 1.366227e-05, Beta update rate = 9.583655e-07
Epoch  18800 (0.4%): Train pred MSE = 1.627411e-06, Test pred MSE = 1.308360e-06, Param MSE = 1.342022e-05, Grad norm = 1.355826e-05, Beta update rate = 9.500775e-07
Epoch  19000 (0.4%): Train pred MSE = 1.609168e-06, Test pred MSE = 1.304801e-06, Param MSE = 1.338399e-05, Grad norm = 1.345549e-05, Beta update rate = 9.419051e-07
Epoch  19200 (0.4%): Train pred MSE = 1.591201e-06, Test pred MSE = 1.301278e-06, Param MSE = 1.334813e-05, Grad norm = 1.335393e-05, Beta update rate = 9.338459e-07
Epoch  19400 (0.4%): Train pred MSE = 1.573503e-06, Test pred MSE = 1.297791e-06, Param MSE = 1.331263e-05, Grad norm = 1.325356e-05, Beta update rate = 9.258974e-07
Epoch  19600 (0.4%): Train pred MSE = 1.556070e-06, Test pred MSE = 1.294340e-06, Param MSE = 1.327750e-05, Grad norm = 1.315436e-05, Beta update rate = 9.180574e-07
Epoch  19800 (0.4%): Train pred MSE = 1.538896e-06, Test pred MSE = 1.290924e-06, Param MSE = 1.324272e-05, Grad norm = 1.305632e-05, Beta update rate = 9.103237e-07
Epoch  20000 (0.4%): Train pred MSE = 1.521977e-06, Test pred MSE = 1.287542e-06, Param MSE = 1.320830e-05, Grad norm = 1.295941e-05, Beta update rate = 9.026942e-07
Epoch  20200 (0.4%): Train pred MSE = 1.505307e-06, Test pred MSE = 1.284194e-06, Param MSE = 1.317422e-05, Grad norm = 1.286362e-05, Beta update rate = 8.951666e-07
Epoch  20400 (0.4%): Train pred MSE = 1.488882e-06, Test pred MSE = 1.280880e-06, Param MSE = 1.314048e-05, Grad norm = 1.276892e-05, Beta update rate = 8.877390e-07
Epoch  20600 (0.4%): Train pred MSE = 1.472698e-06, Test pred MSE = 1.277599e-06, Param MSE = 1.310708e-05, Grad norm = 1.267531e-05, Beta update rate = 8.804095e-07
Epoch  20800 (0.4%): Train pred MSE = 1.456750e-06, Test pred MSE = 1.274350e-06, Param MSE = 1.307400e-05, Grad norm = 1.258275e-05, Beta update rate = 8.731760e-07
Epoch  21000 (0.4%): Train pred MSE = 1.441033e-06, Test pred MSE = 1.271133e-06, Param MSE = 1.304126e-05, Grad norm = 1.249124e-05, Beta update rate = 8.660368e-07
Epoch  21200 (0.4%): Train pred MSE = 1.425544e-06, Test pred MSE = 1.267948e-06, Param MSE = 1.300883e-05, Grad norm = 1.240076e-05, Beta update rate = 8.589899e-07
Epoch  21400 (0.4%): Train pred MSE = 1.410278e-06, Test pred MSE = 1.264794e-06, Param MSE = 1.297672e-05, Grad norm = 1.231129e-05, Beta update rate = 8.520337e-07
Epoch  21600 (0.4%): Train pred MSE = 1.395231e-06, Test pred MSE = 1.261671e-06, Param MSE = 1.294492e-05, Grad norm = 1.222282e-05, Beta update rate = 8.451664e-07
Epoch  21800 (0.4%): Train pred MSE = 1.380399e-06, Test pred MSE = 1.258577e-06, Param MSE = 1.291343e-05, Grad norm = 1.213532e-05, Beta update rate = 8.383863e-07
Epoch  22000 (0.4%): Train pred MSE = 1.365778e-06, Test pred MSE = 1.255514e-06, Param MSE = 1.288225e-05, Grad norm = 1.204879e-05, Beta update rate = 8.316918e-07
Epoch  22200 (0.4%): Train pred MSE = 1.351364e-06, Test pred MSE = 1.252480e-06, Param MSE = 1.285136e-05, Grad norm = 1.196321e-05, Beta update rate = 8.250812e-07
Epoch  22400 (0.4%): Train pred MSE = 1.337155e-06, Test pred MSE = 1.249475e-06, Param MSE = 1.282076e-05, Grad norm = 1.187856e-05, Beta update rate = 8.185531e-07
Epoch  22600 (0.5%): Train pred MSE = 1.323145e-06, Test pred MSE = 1.246498e-06, Param MSE = 1.279046e-05, Grad norm = 1.179484e-05, Beta update rate = 8.121060e-07
Epoch  22800 (0.5%): Train pred MSE = 1.309331e-06, Test pred MSE = 1.243549e-06, Param MSE = 1.276044e-05, Grad norm = 1.171202e-05, Beta update rate = 8.057383e-07
Epoch  23000 (0.5%): Train pred MSE = 1.295711e-06, Test pred MSE = 1.240629e-06, Param MSE = 1.273071e-05, Grad norm = 1.163009e-05, Beta update rate = 7.994486e-07
Epoch  23200 (0.5%): Train pred MSE = 1.282280e-06, Test pred MSE = 1.237735e-06, Param MSE = 1.270125e-05, Grad norm = 1.154905e-05, Beta update rate = 7.932356e-07
Epoch  23400 (0.5%): Train pred MSE = 1.269035e-06, Test pred MSE = 1.234869e-06, Param MSE = 1.267207e-05, Grad norm = 1.146887e-05, Beta update rate = 7.870978e-07
Epoch  23600 (0.5%): Train pred MSE = 1.255973e-06, Test pred MSE = 1.232029e-06, Param MSE = 1.264316e-05, Grad norm = 1.138954e-05, Beta update rate = 7.810339e-07
Epoch  23800 (0.5%): Train pred MSE = 1.243091e-06, Test pred MSE = 1.229216e-06, Param MSE = 1.261452e-05, Grad norm = 1.131106e-05, Beta update rate = 7.750427e-07
Epoch  24000 (0.5%): Train pred MSE = 1.230385e-06, Test pred MSE = 1.226428e-06, Param MSE = 1.258614e-05, Grad norm = 1.123340e-05, Beta update rate = 7.691228e-07
Epoch  24200 (0.5%): Train pred MSE = 1.217853e-06, Test pred MSE = 1.223666e-06, Param MSE = 1.255802e-05, Grad norm = 1.115656e-05, Beta update rate = 7.632730e-07
Epoch  24400 (0.5%): Train pred MSE = 1.205492e-06, Test pred MSE = 1.220930e-06, Param MSE = 1.253016e-05, Grad norm = 1.108052e-05, Beta update rate = 7.574922e-07
Epoch  24600 (0.5%): Train pred MSE = 1.193298e-06, Test pred MSE = 1.218218e-06, Param MSE = 1.250255e-05, Grad norm = 1.100527e-05, Beta update rate = 7.517790e-07
Epoch  24800 (0.5%): Train pred MSE = 1.181269e-06, Test pred MSE = 1.215531e-06, Param MSE = 1.247519e-05, Grad norm = 1.093081e-05, Beta update rate = 7.461325e-07
Epoch  25000 (0.5%): Train pred MSE = 1.169402e-06, Test pred MSE = 1.212868e-06, Param MSE = 1.244807e-05, Grad norm = 1.085711e-05, Beta update rate = 7.405514e-07
Epoch  25200 (0.5%): Train pred MSE = 1.157694e-06, Test pred MSE = 1.210229e-06, Param MSE = 1.242121e-05, Grad norm = 1.078418e-05, Beta update rate = 7.350347e-07
Epoch  25400 (0.5%): Train pred MSE = 1.146142e-06, Test pred MSE = 1.207613e-06, Param MSE = 1.239458e-05, Grad norm = 1.071199e-05, Beta update rate = 7.295813e-07
Epoch  25600 (0.5%): Train pred MSE = 1.134745e-06, Test pred MSE = 1.205021e-06, Param MSE = 1.236818e-05, Grad norm = 1.064054e-05, Beta update rate = 7.241901e-07
Epoch  25800 (0.5%): Train pred MSE = 1.123498e-06, Test pred MSE = 1.202452e-06, Param MSE = 1.234202e-05, Grad norm = 1.056982e-05, Beta update rate = 7.188601e-07
Epoch  26000 (0.5%): Train pred MSE = 1.112401e-06, Test pred MSE = 1.199905e-06, Param MSE = 1.231610e-05, Grad norm = 1.049981e-05, Beta update rate = 7.135903e-07
Epoch  26200 (0.5%): Train pred MSE = 1.101450e-06, Test pred MSE = 1.197381e-06, Param MSE = 1.229040e-05, Grad norm = 1.043051e-05, Beta update rate = 7.083798e-07
Epoch  26400 (0.5%): Train pred MSE = 1.090642e-06, Test pred MSE = 1.194879e-06, Param MSE = 1.226492e-05, Grad norm = 1.036190e-05, Beta update rate = 7.032275e-07
Epoch  26600 (0.5%): Train pred MSE = 1.079976e-06, Test pred MSE = 1.192399e-06, Param MSE = 1.223967e-05, Grad norm = 1.029399e-05, Beta update rate = 6.981326e-07
Epoch  26800 (0.5%): Train pred MSE = 1.069449e-06, Test pred MSE = 1.189941e-06, Param MSE = 1.221464e-05, Grad norm = 1.022675e-05, Beta update rate = 6.930941e-07
Epoch  27000 (0.5%): Train pred MSE = 1.059059e-06, Test pred MSE = 1.187504e-06, Param MSE = 1.218982e-05, Grad norm = 1.016018e-05, Beta update rate = 6.881111e-07
Epoch  27200 (0.5%): Train pred MSE = 1.048804e-06, Test pred MSE = 1.185088e-06, Param MSE = 1.216522e-05, Grad norm = 1.009426e-05, Beta update rate = 6.831828e-07
Epoch  27400 (0.5%): Train pred MSE = 1.038680e-06, Test pred MSE = 1.182692e-06, Param MSE = 1.214083e-05, Grad norm = 1.002900e-05, Beta update rate = 6.783083e-07
Epoch  27600 (0.6%): Train pred MSE = 1.028688e-06, Test pred MSE = 1.180317e-06, Param MSE = 1.211665e-05, Grad norm = 9.964382e-06, Beta update rate = 6.734868e-07
Epoch  27800 (0.6%): Train pred MSE = 1.018823e-06, Test pred MSE = 1.177963e-06, Param MSE = 1.209267e-05, Grad norm = 9.900395e-06, Beta update rate = 6.687173e-07
Epoch  28000 (0.6%): Train pred MSE = 1.009084e-06, Test pred MSE = 1.175628e-06, Param MSE = 1.206890e-05, Grad norm = 9.837032e-06, Beta update rate = 6.639992e-07
Epoch  28200 (0.6%): Train pred MSE = 9.994698e-07, Test pred MSE = 1.173314e-06, Param MSE = 1.204533e-05, Grad norm = 9.774284e-06, Beta update rate = 6.593317e-07
Epoch  28400 (0.6%): Train pred MSE = 9.899773e-07, Test pred MSE = 1.171018e-06, Param MSE = 1.202196e-05, Grad norm = 9.712145e-06, Beta update rate = 6.547139e-07
Epoch  28600 (0.6%): Train pred MSE = 9.806049e-07, Test pred MSE = 1.168742e-06, Param MSE = 1.199878e-05, Grad norm = 9.650605e-06, Beta update rate = 6.501452e-07
Epoch  28800 (0.6%): Train pred MSE = 9.713507e-07, Test pred MSE = 1.166486e-06, Param MSE = 1.197580e-05, Grad norm = 9.589657e-06, Beta update rate = 6.456247e-07
Epoch  29000 (0.6%): Train pred MSE = 9.622128e-07, Test pred MSE = 1.164248e-06, Param MSE = 1.195301e-05, Grad norm = 9.529293e-06, Beta update rate = 6.411518e-07
Epoch  29200 (0.6%): Train pred MSE = 9.531895e-07, Test pred MSE = 1.162028e-06, Param MSE = 1.193041e-05, Grad norm = 9.469506e-06, Beta update rate = 6.367257e-07
Epoch  29400 (0.6%): Train pred MSE = 9.442788e-07, Test pred MSE = 1.159827e-06, Param MSE = 1.190799e-05, Grad norm = 9.410287e-06, Beta update rate = 6.323458e-07
Epoch  29600 (0.6%): Train pred MSE = 9.354790e-07, Test pred MSE = 1.157644e-06, Param MSE = 1.188576e-05, Grad norm = 9.351629e-06, Beta update rate = 6.280114e-07
Epoch  29800 (0.6%): Train pred MSE = 9.267884e-07, Test pred MSE = 1.155479e-06, Param MSE = 1.186372e-05, Grad norm = 9.293526e-06, Beta update rate = 6.237218e-07
Epoch  30000 (0.6%): Train pred MSE = 9.182053e-07, Test pred MSE = 1.153332e-06, Param MSE = 1.184185e-05, Grad norm = 9.235970e-06, Beta update rate = 6.194763e-07
Epoch  30200 (0.6%): Train pred MSE = 9.097281e-07, Test pred MSE = 1.151203e-06, Param MSE = 1.182016e-05, Grad norm = 9.178953e-06, Beta update rate = 6.152743e-07
Epoch  30400 (0.6%): Train pred MSE = 9.013549e-07, Test pred MSE = 1.149090e-06, Param MSE = 1.179865e-05, Grad norm = 9.122470e-06, Beta update rate = 6.111152e-07
Epoch  30600 (0.6%): Train pred MSE = 8.930844e-07, Test pred MSE = 1.146995e-06, Param MSE = 1.177731e-05, Grad norm = 9.066514e-06, Beta update rate = 6.069984e-07
Epoch  30800 (0.6%): Train pred MSE = 8.849148e-07, Test pred MSE = 1.144917e-06, Param MSE = 1.175615e-05, Grad norm = 9.011077e-06, Beta update rate = 6.029232e-07
Epoch  31000 (0.6%): Train pred MSE = 8.768447e-07, Test pred MSE = 1.142855e-06, Param MSE = 1.173515e-05, Grad norm = 8.956153e-06, Beta update rate = 5.988891e-07
Epoch  31200 (0.6%): Train pred MSE = 8.688725e-07, Test pred MSE = 1.140810e-06, Param MSE = 1.171432e-05, Grad norm = 8.901735e-06, Beta update rate = 5.948955e-07
Epoch  31400 (0.6%): Train pred MSE = 8.609968e-07, Test pred MSE = 1.138782e-06, Param MSE = 1.169366e-05, Grad norm = 8.847818e-06, Beta update rate = 5.909418e-07
Epoch  31600 (0.6%): Train pred MSE = 8.532160e-07, Test pred MSE = 1.136769e-06, Param MSE = 1.167317e-05, Grad norm = 8.794395e-06, Beta update rate = 5.870274e-07
Epoch  31800 (0.6%): Train pred MSE = 8.455287e-07, Test pred MSE = 1.134773e-06, Param MSE = 1.165283e-05, Grad norm = 8.741460e-06, Beta update rate = 5.831519e-07
Epoch  32000 (0.6%): Train pred MSE = 8.379336e-07, Test pred MSE = 1.132792e-06, Param MSE = 1.163266e-05, Grad norm = 8.689007e-06, Beta update rate = 5.793146e-07
Epoch  32200 (0.6%): Train pred MSE = 8.304292e-07, Test pred MSE = 1.130827e-06, Param MSE = 1.161265e-05, Grad norm = 8.637029e-06, Beta update rate = 5.755151e-07
Epoch  32400 (0.6%): Train pred MSE = 8.230142e-07, Test pred MSE = 1.128878e-06, Param MSE = 1.159279e-05, Grad norm = 8.585522e-06, Beta update rate = 5.717528e-07
Epoch  32600 (0.7%): Train pred MSE = 8.156872e-07, Test pred MSE = 1.126943e-06, Param MSE = 1.157309e-05, Grad norm = 8.534479e-06, Beta update rate = 5.680272e-07
Epoch  32800 (0.7%): Train pred MSE = 8.084469e-07, Test pred MSE = 1.125024e-06, Param MSE = 1.155354e-05, Grad norm = 8.483895e-06, Beta update rate = 5.643378e-07
Epoch  33000 (0.7%): Train pred MSE = 8.012921e-07, Test pred MSE = 1.123120e-06, Param MSE = 1.153414e-05, Grad norm = 8.433763e-06, Beta update rate = 5.606841e-07
Epoch  33200 (0.7%): Train pred MSE = 7.942215e-07, Test pred MSE = 1.121230e-06, Param MSE = 1.151490e-05, Grad norm = 8.384080e-06, Beta update rate = 5.570657e-07
Epoch  33400 (0.7%): Train pred MSE = 7.872337e-07, Test pred MSE = 1.119355e-06, Param MSE = 1.149580e-05, Grad norm = 8.334838e-06, Beta update rate = 5.534820e-07
Epoch  33600 (0.7%): Train pred MSE = 7.803278e-07, Test pred MSE = 1.117495e-06, Param MSE = 1.147685e-05, Grad norm = 8.286033e-06, Beta update rate = 5.499327e-07
Epoch  33800 (0.7%): Train pred MSE = 7.735023e-07, Test pred MSE = 1.115649e-06, Param MSE = 1.145804e-05, Grad norm = 8.237660e-06, Beta update rate = 5.464171e-07
Epoch  34000 (0.7%): Train pred MSE = 7.667562e-07, Test pred MSE = 1.113817e-06, Param MSE = 1.143938e-05, Grad norm = 8.189713e-06, Beta update rate = 5.429350e-07
Epoch  34200 (0.7%): Train pred MSE = 7.600882e-07, Test pred MSE = 1.111999e-06, Param MSE = 1.142086e-05, Grad norm = 8.142188e-06, Beta update rate = 5.394858e-07
Epoch  34400 (0.7%): Train pred MSE = 7.534973e-07, Test pred MSE = 1.110195e-06, Param MSE = 1.140249e-05, Grad norm = 8.095079e-06, Beta update rate = 5.360692e-07
Epoch  34600 (0.7%): Train pred MSE = 7.469824e-07, Test pred MSE = 1.108404e-06, Param MSE = 1.138425e-05, Grad norm = 8.048381e-06, Beta update rate = 5.326846e-07
Epoch  34800 (0.7%): Train pred MSE = 7.405422e-07, Test pred MSE = 1.106627e-06, Param MSE = 1.136614e-05, Grad norm = 8.002090e-06, Beta update rate = 5.293318e-07
Epoch  35000 (0.7%): Train pred MSE = 7.341759e-07, Test pred MSE = 1.104864e-06, Param MSE = 1.134818e-05, Grad norm = 7.956201e-06, Beta update rate = 5.260102e-07
Epoch  35200 (0.7%): Train pred MSE = 7.278822e-07, Test pred MSE = 1.103113e-06, Param MSE = 1.133035e-05, Grad norm = 7.910708e-06, Beta update rate = 5.227194e-07
Epoch  35400 (0.7%): Train pred MSE = 7.216602e-07, Test pred MSE = 1.101376e-06, Param MSE = 1.131265e-05, Grad norm = 7.865608e-06, Beta update rate = 5.194592e-07
Epoch  35600 (0.7%): Train pred MSE = 7.155088e-07, Test pred MSE = 1.099652e-06, Param MSE = 1.129509e-05, Grad norm = 7.820897e-06, Beta update rate = 5.162290e-07
Epoch  35800 (0.7%): Train pred MSE = 7.094271e-07, Test pred MSE = 1.097940e-06, Param MSE = 1.127765e-05, Grad norm = 7.776568e-06, Beta update rate = 5.130285e-07
Epoch  36000 (0.7%): Train pred MSE = 7.034140e-07, Test pred MSE = 1.096242e-06, Param MSE = 1.126034e-05, Grad norm = 7.732618e-06, Beta update rate = 5.098573e-07
Epoch  36200 (0.7%): Train pred MSE = 6.974686e-07, Test pred MSE = 1.094555e-06, Param MSE = 1.124317e-05, Grad norm = 7.689043e-06, Beta update rate = 5.067151e-07
Epoch  36400 (0.7%): Train pred MSE = 6.915899e-07, Test pred MSE = 1.092882e-06, Param MSE = 1.122611e-05, Grad norm = 7.645839e-06, Beta update rate = 5.036015e-07
Epoch  36600 (0.7%): Train pred MSE = 6.857770e-07, Test pred MSE = 1.091220e-06, Param MSE = 1.120919e-05, Grad norm = 7.603000e-06, Beta update rate = 5.005161e-07
Epoch  36800 (0.7%): Train pred MSE = 6.800290e-07, Test pred MSE = 1.089571e-06, Param MSE = 1.119239e-05, Grad norm = 7.560523e-06, Beta update rate = 4.974585e-07
Epoch  37000 (0.7%): Train pred MSE = 6.743449e-07, Test pred MSE = 1.087934e-06, Param MSE = 1.117571e-05, Grad norm = 7.518404e-06, Beta update rate = 4.944285e-07
Epoch  37200 (0.7%): Train pred MSE = 6.687239e-07, Test pred MSE = 1.086308e-06, Param MSE = 1.115915e-05, Grad norm = 7.476639e-06, Beta update rate = 4.914257e-07
Epoch  37400 (0.7%): Train pred MSE = 6.631651e-07, Test pred MSE = 1.084695e-06, Param MSE = 1.114271e-05, Grad norm = 7.435223e-06, Beta update rate = 4.884498e-07
Epoch  37600 (0.8%): Train pred MSE = 6.576675e-07, Test pred MSE = 1.083093e-06, Param MSE = 1.112639e-05, Grad norm = 7.394154e-06, Beta update rate = 4.855003e-07
Epoch  37800 (0.8%): Train pred MSE = 6.522305e-07, Test pred MSE = 1.081503e-06, Param MSE = 1.111019e-05, Grad norm = 7.353426e-06, Beta update rate = 4.825771e-07
Epoch  38000 (0.8%): Train pred MSE = 6.468531e-07, Test pred MSE = 1.079924e-06, Param MSE = 1.109410e-05, Grad norm = 7.313036e-06, Beta update rate = 4.796797e-07
Epoch  38200 (0.8%): Train pred MSE = 6.415346e-07, Test pred MSE = 1.078357e-06, Param MSE = 1.107813e-05, Grad norm = 7.272980e-06, Beta update rate = 4.768080e-07
Epoch  38400 (0.8%): Train pred MSE = 6.362741e-07, Test pred MSE = 1.076801e-06, Param MSE = 1.106227e-05, Grad norm = 7.233255e-06, Beta update rate = 4.739614e-07
Epoch  38600 (0.8%): Train pred MSE = 6.310708e-07, Test pred MSE = 1.075255e-06, Param MSE = 1.104653e-05, Grad norm = 7.193857e-06, Beta update rate = 4.711399e-07
Epoch  38800 (0.8%): Train pred MSE = 6.259239e-07, Test pred MSE = 1.073721e-06, Param MSE = 1.103090e-05, Grad norm = 7.154782e-06, Beta update rate = 4.683429e-07
Epoch  39000 (0.8%): Train pred MSE = 6.208327e-07, Test pred MSE = 1.072198e-06, Param MSE = 1.101538e-05, Grad norm = 7.116027e-06, Beta update rate = 4.655704e-07
Epoch  39200 (0.8%): Train pred MSE = 6.157965e-07, Test pred MSE = 1.070686e-06, Param MSE = 1.099996e-05, Grad norm = 7.077588e-06, Beta update rate = 4.628219e-07
Epoch  39400 (0.8%): Train pred MSE = 6.108145e-07, Test pred MSE = 1.069184e-06, Param MSE = 1.098466e-05, Grad norm = 7.039462e-06, Beta update rate = 4.600972e-07
Epoch  39600 (0.8%): Train pred MSE = 6.058859e-07, Test pred MSE = 1.067692e-06, Param MSE = 1.096947e-05, Grad norm = 7.001646e-06, Beta update rate = 4.573960e-07
Epoch  39800 (0.8%): Train pred MSE = 6.010100e-07, Test pred MSE = 1.066212e-06, Param MSE = 1.095438e-05, Grad norm = 6.964135e-06, Beta update rate = 4.547180e-07
Epoch  40000 (0.8%): Train pred MSE = 5.961862e-07, Test pred MSE = 1.064741e-06, Param MSE = 1.093939e-05, Grad norm = 6.926927e-06, Beta update rate = 4.520630e-07
Epoch  40200 (0.8%): Train pred MSE = 5.914137e-07, Test pred MSE = 1.063281e-06, Param MSE = 1.092451e-05, Grad norm = 6.890018e-06, Beta update rate = 4.494307e-07
Epoch  40400 (0.8%): Train pred MSE = 5.866919e-07, Test pred MSE = 1.061831e-06, Param MSE = 1.090974e-05, Grad norm = 6.853406e-06, Beta update rate = 4.468208e-07
Epoch  40600 (0.8%): Train pred MSE = 5.820200e-07, Test pred MSE = 1.060391e-06, Param MSE = 1.089506e-05, Grad norm = 6.817086e-06, Beta update rate = 4.442331e-07
Epoch  40800 (0.8%): Train pred MSE = 5.773975e-07, Test pred MSE = 1.058961e-06, Param MSE = 1.088049e-05, Grad norm = 6.781056e-06, Beta update rate = 4.416672e-07
Epoch  41000 (0.8%): Train pred MSE = 5.728236e-07, Test pred MSE = 1.057541e-06, Param MSE = 1.086602e-05, Grad norm = 6.745313e-06, Beta update rate = 4.391231e-07
Epoch  41200 (0.8%): Train pred MSE = 5.682978e-07, Test pred MSE = 1.056130e-06, Param MSE = 1.085164e-05, Grad norm = 6.709854e-06, Beta update rate = 4.366003e-07
Epoch  41400 (0.8%): Train pred MSE = 5.638193e-07, Test pred MSE = 1.054730e-06, Param MSE = 1.083737e-05, Grad norm = 6.674675e-06, Beta update rate = 4.340987e-07
Epoch  41600 (0.8%): Train pred MSE = 5.593877e-07, Test pred MSE = 1.053338e-06, Param MSE = 1.082319e-05, Grad norm = 6.639774e-06, Beta update rate = 4.316180e-07
Epoch  41800 (0.8%): Train pred MSE = 5.550022e-07, Test pred MSE = 1.051957e-06, Param MSE = 1.080911e-05, Grad norm = 6.605147e-06, Beta update rate = 4.291580e-07
Epoch  42000 (0.8%): Train pred MSE = 5.506622e-07, Test pred MSE = 1.050584e-06, Param MSE = 1.079513e-05, Grad norm = 6.570793e-06, Beta update rate = 4.267185e-07
Epoch  42200 (0.8%): Train pred MSE = 5.463672e-07, Test pred MSE = 1.049222e-06, Param MSE = 1.078123e-05, Grad norm = 6.536707e-06, Beta update rate = 4.242992e-07
Epoch  42400 (0.8%): Train pred MSE = 5.421167e-07, Test pred MSE = 1.047868e-06, Param MSE = 1.076744e-05, Grad norm = 6.502887e-06, Beta update rate = 4.218999e-07
Epoch  42600 (0.9%): Train pred MSE = 5.379099e-07, Test pred MSE = 1.046523e-06, Param MSE = 1.075373e-05, Grad norm = 6.469331e-06, Beta update rate = 4.195203e-07
Epoch  42800 (0.9%): Train pred MSE = 5.337463e-07, Test pred MSE = 1.045188e-06, Param MSE = 1.074012e-05, Grad norm = 6.436036e-06, Beta update rate = 4.171603e-07
Epoch  43000 (0.9%): Train pred MSE = 5.296255e-07, Test pred MSE = 1.043861e-06, Param MSE = 1.072660e-05, Grad norm = 6.402998e-06, Beta update rate = 4.148197e-07
Epoch  43200 (0.9%): Train pred MSE = 5.255468e-07, Test pred MSE = 1.042543e-06, Param MSE = 1.071317e-05, Grad norm = 6.370216e-06, Beta update rate = 4.124981e-07
Epoch  43400 (0.9%): Train pred MSE = 5.215097e-07, Test pred MSE = 1.041234e-06, Param MSE = 1.069983e-05, Grad norm = 6.337686e-06, Beta update rate = 4.101955e-07
Epoch  43600 (0.9%): Train pred MSE = 5.175137e-07, Test pred MSE = 1.039934e-06, Param MSE = 1.068658e-05, Grad norm = 6.305407e-06, Beta update rate = 4.079115e-07
Epoch  43800 (0.9%): Train pred MSE = 5.135582e-07, Test pred MSE = 1.038642e-06, Param MSE = 1.067341e-05, Grad norm = 6.273374e-06, Beta update rate = 4.056461e-07
Epoch  44000 (0.9%): Train pred MSE = 5.096428e-07, Test pred MSE = 1.037359e-06, Param MSE = 1.066033e-05, Grad norm = 6.241587e-06, Beta update rate = 4.033989e-07
Epoch  44200 (0.9%): Train pred MSE = 5.057669e-07, Test pred MSE = 1.036085e-06, Param MSE = 1.064734e-05, Grad norm = 6.210042e-06, Beta update rate = 4.011699e-07
Epoch  44400 (0.9%): Train pred MSE = 5.019300e-07, Test pred MSE = 1.034819e-06, Param MSE = 1.063444e-05, Grad norm = 6.178737e-06, Beta update rate = 3.989587e-07
Epoch  44600 (0.9%): Train pred MSE = 4.981316e-07, Test pred MSE = 1.033561e-06, Param MSE = 1.062162e-05, Grad norm = 6.147669e-06, Beta update rate = 3.967653e-07
Epoch  44800 (0.9%): Train pred MSE = 4.943713e-07, Test pred MSE = 1.032311e-06, Param MSE = 1.060888e-05, Grad norm = 6.116836e-06, Beta update rate = 3.945893e-07
Epoch  45000 (0.9%): Train pred MSE = 4.906486e-07, Test pred MSE = 1.031070e-06, Param MSE = 1.059622e-05, Grad norm = 6.086236e-06, Beta update rate = 3.924307e-07
Epoch  45200 (0.9%): Train pred MSE = 4.869630e-07, Test pred MSE = 1.029836e-06, Param MSE = 1.058365e-05, Grad norm = 6.055867e-06, Beta update rate = 3.902892e-07
Epoch  45400 (0.9%): Train pred MSE = 4.833140e-07, Test pred MSE = 1.028611e-06, Param MSE = 1.057116e-05, Grad norm = 6.025725e-06, Beta update rate = 3.881647e-07
Epoch  45600 (0.9%): Train pred MSE = 4.797012e-07, Test pred MSE = 1.027393e-06, Param MSE = 1.055875e-05, Grad norm = 5.995809e-06, Beta update rate = 3.860570e-07
Epoch  45800 (0.9%): Train pred MSE = 4.761242e-07, Test pred MSE = 1.026184e-06, Param MSE = 1.054642e-05, Grad norm = 5.966117e-06, Beta update rate = 3.839658e-07
Epoch  46000 (0.9%): Train pred MSE = 4.725825e-07, Test pred MSE = 1.024982e-06, Param MSE = 1.053417e-05, Grad norm = 5.936646e-06, Beta update rate = 3.818911e-07
Epoch  46200 (0.9%): Train pred MSE = 4.690756e-07, Test pred MSE = 1.023788e-06, Param MSE = 1.052200e-05, Grad norm = 5.907394e-06, Beta update rate = 3.798326e-07
Epoch  46400 (0.9%): Train pred MSE = 4.656031e-07, Test pred MSE = 1.022602e-06, Param MSE = 1.050990e-05, Grad norm = 5.878359e-06, Beta update rate = 3.777902e-07
Epoch  46600 (0.9%): Train pred MSE = 4.621647e-07, Test pred MSE = 1.021423e-06, Param MSE = 1.049789e-05, Grad norm = 5.849538e-06, Beta update rate = 3.757638e-07
Epoch  46800 (0.9%): Train pred MSE = 4.587598e-07, Test pred MSE = 1.020252e-06, Param MSE = 1.048595e-05, Grad norm = 5.820930e-06, Beta update rate = 3.737530e-07
Epoch  47000 (0.9%): Train pred MSE = 4.553881e-07, Test pred MSE = 1.019088e-06, Param MSE = 1.047408e-05, Grad norm = 5.792533e-06, Beta update rate = 3.717579e-07
Epoch  47200 (0.9%): Train pred MSE = 4.520492e-07, Test pred MSE = 1.017932e-06, Param MSE = 1.046230e-05, Grad norm = 5.764344e-06, Beta update rate = 3.697781e-07
Epoch  47400 (0.9%): Train pred MSE = 4.487427e-07, Test pred MSE = 1.016783e-06, Param MSE = 1.045058e-05, Grad norm = 5.736361e-06, Beta update rate = 3.678136e-07
Epoch  47600 (1.0%): Train pred MSE = 4.454682e-07, Test pred MSE = 1.015641e-06, Param MSE = 1.043894e-05, Grad norm = 5.708583e-06, Beta update rate = 3.658643e-07
Epoch  47800 (1.0%): Train pred MSE = 4.422252e-07, Test pred MSE = 1.014506e-06, Param MSE = 1.042738e-05, Grad norm = 5.681007e-06, Beta update rate = 3.639298e-07
Epoch  48000 (1.0%): Train pred MSE = 4.390135e-07, Test pred MSE = 1.013379e-06, Param MSE = 1.041588e-05, Grad norm = 5.653631e-06, Beta update rate = 3.620102e-07
Epoch  48200 (1.0%): Train pred MSE = 4.358326e-07, Test pred MSE = 1.012258e-06, Param MSE = 1.040446e-05, Grad norm = 5.626454e-06, Beta update rate = 3.601052e-07
Epoch  48400 (1.0%): Train pred MSE = 4.326822e-07, Test pred MSE = 1.011145e-06, Param MSE = 1.039311e-05, Grad norm = 5.599474e-06, Beta update rate = 3.582147e-07
Epoch  48600 (1.0%): Train pred MSE = 4.295619e-07, Test pred MSE = 1.010039e-06, Param MSE = 1.038183e-05, Grad norm = 5.572688e-06, Beta update rate = 3.563385e-07
Epoch  48800 (1.0%): Train pred MSE = 4.264714e-07, Test pred MSE = 1.008939e-06, Param MSE = 1.037062e-05, Grad norm = 5.546095e-06, Beta update rate = 3.544766e-07
Epoch  49000 (1.0%): Train pred MSE = 4.234102e-07, Test pred MSE = 1.007847e-06, Param MSE = 1.035948e-05, Grad norm = 5.519693e-06, Beta update rate = 3.526287e-07
Epoch  49200 (1.0%): Train pred MSE = 4.203781e-07, Test pred MSE = 1.006761e-06, Param MSE = 1.034841e-05, Grad norm = 5.493480e-06, Beta update rate = 3.507947e-07
Epoch  49400 (1.0%): Train pred MSE = 4.173746e-07, Test pred MSE = 1.005682e-06, Param MSE = 1.033740e-05, Grad norm = 5.467454e-06, Beta update rate = 3.489745e-07
Epoch  49600 (1.0%): Train pred MSE = 4.143995e-07, Test pred MSE = 1.004609e-06, Param MSE = 1.032647e-05, Grad norm = 5.441613e-06, Beta update rate = 3.471679e-07
Epoch  49800 (1.0%): Train pred MSE = 4.114525e-07, Test pred MSE = 1.003543e-06, Param MSE = 1.031560e-05, Grad norm = 5.415957e-06, Beta update rate = 3.453748e-07
Epoch  50000 (1.0%): Train pred MSE = 4.085331e-07, Test pred MSE = 1.002484e-06, Param MSE = 1.030480e-05, Grad norm = 5.390482e-06, Beta update rate = 3.435951e-07
Epoch  50200 (1.0%): Train pred MSE = 4.056411e-07, Test pred MSE = 1.001431e-06, Param MSE = 1.029406e-05, Grad norm = 5.365188e-06, Beta update rate = 3.418286e-07
Epoch  50400 (1.0%): Train pred MSE = 4.027762e-07, Test pred MSE = 1.000384e-06, Param MSE = 1.028339e-05, Grad norm = 5.340072e-06, Beta update rate = 3.400752e-07
Epoch  50600 (1.0%): Train pred MSE = 3.999379e-07, Test pred MSE = 9.993443e-07, Param MSE = 1.027279e-05, Grad norm = 5.315133e-06, Beta update rate = 3.383348e-07
Epoch  50800 (1.0%): Train pred MSE = 3.971261e-07, Test pred MSE = 9.983106e-07, Param MSE = 1.026225e-05, Grad norm = 5.290369e-06, Beta update rate = 3.366073e-07
Epoch  51000 (1.0%): Train pred MSE = 3.943404e-07, Test pred MSE = 9.972832e-07, Param MSE = 1.025177e-05, Grad norm = 5.265779e-06, Beta update rate = 3.348924e-07
Epoch  51200 (1.0%): Train pred MSE = 3.915805e-07, Test pred MSE = 9.962619e-07, Param MSE = 1.024136e-05, Grad norm = 5.241361e-06, Beta update rate = 3.331902e-07
Epoch  51400 (1.0%): Train pred MSE = 3.888462e-07, Test pred MSE = 9.952469e-07, Param MSE = 1.023101e-05, Grad norm = 5.217113e-06, Beta update rate = 3.315004e-07
Epoch  51600 (1.0%): Train pred MSE = 3.861370e-07, Test pred MSE = 9.942379e-07, Param MSE = 1.022072e-05, Grad norm = 5.193034e-06, Beta update rate = 3.298230e-07
Epoch  51800 (1.0%): Train pred MSE = 3.834527e-07, Test pred MSE = 9.932350e-07, Param MSE = 1.021049e-05, Grad norm = 5.169122e-06, Beta update rate = 3.281578e-07
Epoch  52000 (1.0%): Train pred MSE = 3.807931e-07, Test pred MSE = 9.922382e-07, Param MSE = 1.020033e-05, Grad norm = 5.145376e-06, Beta update rate = 3.265047e-07
Epoch  52200 (1.0%): Train pred MSE = 3.781578e-07, Test pred MSE = 9.912473e-07, Param MSE = 1.019022e-05, Grad norm = 5.121794e-06, Beta update rate = 3.248636e-07
Epoch  52400 (1.0%): Train pred MSE = 3.755466e-07, Test pred MSE = 9.902623e-07, Param MSE = 1.018018e-05, Grad norm = 5.098375e-06, Beta update rate = 3.232344e-07
Epoch  52600 (1.1%): Train pred MSE = 3.729592e-07, Test pred MSE = 9.892832e-07, Param MSE = 1.017019e-05, Grad norm = 5.075116e-06, Beta update rate = 3.216169e-07
Epoch  52800 (1.1%): Train pred MSE = 3.703954e-07, Test pred MSE = 9.883099e-07, Param MSE = 1.016027e-05, Grad norm = 5.052018e-06, Beta update rate = 3.200112e-07
Epoch  53000 (1.1%): Train pred MSE = 3.678547e-07, Test pred MSE = 9.873424e-07, Param MSE = 1.015040e-05, Grad norm = 5.029077e-06, Beta update rate = 3.184169e-07
Epoch  53200 (1.1%): Train pred MSE = 3.653371e-07, Test pred MSE = 9.863806e-07, Param MSE = 1.014059e-05, Grad norm = 5.006293e-06, Beta update rate = 3.168341e-07
Epoch  53400 (1.1%): Train pred MSE = 3.628422e-07, Test pred MSE = 9.854245e-07, Param MSE = 1.013084e-05, Grad norm = 4.983665e-06, Beta update rate = 3.152626e-07
Epoch  53600 (1.1%): Train pred MSE = 3.603698e-07, Test pred MSE = 9.844740e-07, Param MSE = 1.012115e-05, Grad norm = 4.961190e-06, Beta update rate = 3.137023e-07
Epoch  53800 (1.1%): Train pred MSE = 3.579196e-07, Test pred MSE = 9.835291e-07, Param MSE = 1.011151e-05, Grad norm = 4.938868e-06, Beta update rate = 3.121531e-07
Epoch  54000 (1.1%): Train pred MSE = 3.554914e-07, Test pred MSE = 9.825897e-07, Param MSE = 1.010193e-05, Grad norm = 4.916697e-06, Beta update rate = 3.106149e-07
Epoch  54200 (1.1%): Train pred MSE = 3.530849e-07, Test pred MSE = 9.816559e-07, Param MSE = 1.009241e-05, Grad norm = 4.894676e-06, Beta update rate = 3.090877e-07
Epoch  54400 (1.1%): Train pred MSE = 3.506999e-07, Test pred MSE = 9.807275e-07, Param MSE = 1.008294e-05, Grad norm = 4.872803e-06, Beta update rate = 3.075712e-07
Epoch  54600 (1.1%): Train pred MSE = 3.483362e-07, Test pred MSE = 9.798045e-07, Param MSE = 1.007353e-05, Grad norm = 4.851077e-06, Beta update rate = 3.060654e-07
Epoch  54800 (1.1%): Train pred MSE = 3.459934e-07, Test pred MSE = 9.788868e-07, Param MSE = 1.006417e-05, Grad norm = 4.829497e-06, Beta update rate = 3.045702e-07
Epoch  55000 (1.1%): Train pred MSE = 3.436714e-07, Test pred MSE = 9.779745e-07, Param MSE = 1.005486e-05, Grad norm = 4.808061e-06, Beta update rate = 3.030856e-07
Epoch  55200 (1.1%): Train pred MSE = 3.413700e-07, Test pred MSE = 9.770675e-07, Param MSE = 1.004561e-05, Grad norm = 4.786769e-06, Beta update rate = 3.016113e-07
Epoch  55400 (1.1%): Train pred MSE = 3.390889e-07, Test pred MSE = 9.761657e-07, Param MSE = 1.003641e-05, Grad norm = 4.765618e-06, Beta update rate = 3.001473e-07
Epoch  55600 (1.1%): Train pred MSE = 3.368279e-07, Test pred MSE = 9.752691e-07, Param MSE = 1.002727e-05, Grad norm = 4.744608e-06, Beta update rate = 2.986935e-07
Epoch  55800 (1.1%): Train pred MSE = 3.345867e-07, Test pred MSE = 9.743777e-07, Param MSE = 1.001818e-05, Grad norm = 4.723738e-06, Beta update rate = 2.972499e-07
Epoch  56000 (1.1%): Train pred MSE = 3.323652e-07, Test pred MSE = 9.734913e-07, Param MSE = 1.000914e-05, Grad norm = 4.703006e-06, Beta update rate = 2.958163e-07
Epoch  56200 (1.1%): Train pred MSE = 3.301631e-07, Test pred MSE = 9.726101e-07, Param MSE = 1.000015e-05, Grad norm = 4.682410e-06, Beta update rate = 2.943926e-07
Epoch  56400 (1.1%): Train pred MSE = 3.279803e-07, Test pred MSE = 9.717339e-07, Param MSE = 9.991212e-06, Grad norm = 4.661950e-06, Beta update rate = 2.929787e-07
Epoch  56600 (1.1%): Train pred MSE = 3.258164e-07, Test pred MSE = 9.708626e-07, Param MSE = 9.982326e-06, Grad norm = 4.641625e-06, Beta update rate = 2.915746e-07
Epoch  56800 (1.1%): Train pred MSE = 3.236714e-07, Test pred MSE = 9.699964e-07, Param MSE = 9.973490e-06, Grad norm = 4.621433e-06, Beta update rate = 2.901802e-07
Epoch  57000 (1.1%): Train pred MSE = 3.215450e-07, Test pred MSE = 9.691350e-07, Param MSE = 9.964704e-06, Grad norm = 4.601374e-06, Beta update rate = 2.887953e-07
Epoch  57200 (1.1%): Train pred MSE = 3.194370e-07, Test pred MSE = 9.682785e-07, Param MSE = 9.955967e-06, Grad norm = 4.581445e-06, Beta update rate = 2.874199e-07
Epoch  57400 (1.1%): Train pred MSE = 3.173471e-07, Test pred MSE = 9.674269e-07, Param MSE = 9.947281e-06, Grad norm = 4.561646e-06, Beta update rate = 2.860539e-07
Epoch  57600 (1.2%): Train pred MSE = 3.152753e-07, Test pred MSE = 9.665800e-07, Param MSE = 9.938642e-06, Grad norm = 4.541976e-06, Beta update rate = 2.846972e-07
Epoch  57800 (1.2%): Train pred MSE = 3.132213e-07, Test pred MSE = 9.657380e-07, Param MSE = 9.930053e-06, Grad norm = 4.522434e-06, Beta update rate = 2.833498e-07
Epoch  58000 (1.2%): Train pred MSE = 3.111849e-07, Test pred MSE = 9.649006e-07, Param MSE = 9.921512e-06, Grad norm = 4.503018e-06, Beta update rate = 2.820115e-07
Epoch  58200 (1.2%): Train pred MSE = 3.091659e-07, Test pred MSE = 9.640680e-07, Param MSE = 9.913018e-06, Grad norm = 4.483728e-06, Beta update rate = 2.806823e-07
Epoch  58400 (1.2%): Train pred MSE = 3.071642e-07, Test pred MSE = 9.632400e-07, Param MSE = 9.904572e-06, Grad norm = 4.464562e-06, Beta update rate = 2.793621e-07
Epoch  58600 (1.2%): Train pred MSE = 3.051795e-07, Test pred MSE = 9.624166e-07, Param MSE = 9.896173e-06, Grad norm = 4.445520e-06, Beta update rate = 2.780507e-07
Epoch  58800 (1.2%): Train pred MSE = 3.032117e-07, Test pred MSE = 9.615978e-07, Param MSE = 9.887820e-06, Grad norm = 4.426599e-06, Beta update rate = 2.767482e-07
Epoch  59000 (1.2%): Train pred MSE = 3.012606e-07, Test pred MSE = 9.607835e-07, Param MSE = 9.879514e-06, Grad norm = 4.407800e-06, Beta update rate = 2.754545e-07
Epoch  59200 (1.2%): Train pred MSE = 2.993261e-07, Test pred MSE = 9.599738e-07, Param MSE = 9.871254e-06, Grad norm = 4.389121e-06, Beta update rate = 2.741694e-07
Epoch  59400 (1.2%): Train pred MSE = 2.974078e-07, Test pred MSE = 9.591686e-07, Param MSE = 9.863039e-06, Grad norm = 4.370561e-06, Beta update rate = 2.728929e-07
Epoch  59600 (1.2%): Train pred MSE = 2.955058e-07, Test pred MSE = 9.583678e-07, Param MSE = 9.854870e-06, Grad norm = 4.352120e-06, Beta update rate = 2.716250e-07
Epoch  59800 (1.2%): Train pred MSE = 2.936197e-07, Test pred MSE = 9.575714e-07, Param MSE = 9.846745e-06, Grad norm = 4.333795e-06, Beta update rate = 2.703655e-07
Epoch  60000 (1.2%): Train pred MSE = 2.917495e-07, Test pred MSE = 9.567794e-07, Param MSE = 9.838666e-06, Grad norm = 4.315587e-06, Beta update rate = 2.691143e-07
Epoch  60200 (1.2%): Train pred MSE = 2.898949e-07, Test pred MSE = 9.559917e-07, Param MSE = 9.830630e-06, Grad norm = 4.297494e-06, Beta update rate = 2.678715e-07
Epoch  60400 (1.2%): Train pred MSE = 2.880558e-07, Test pred MSE = 9.552083e-07, Param MSE = 9.822639e-06, Grad norm = 4.279515e-06, Beta update rate = 2.666369e-07
Epoch  60600 (1.2%): Train pred MSE = 2.862321e-07, Test pred MSE = 9.544293e-07, Param MSE = 9.814691e-06, Grad norm = 4.261649e-06, Beta update rate = 2.654104e-07
Epoch  60800 (1.2%): Train pred MSE = 2.844236e-07, Test pred MSE = 9.536545e-07, Param MSE = 9.806786e-06, Grad norm = 4.243895e-06, Beta update rate = 2.641920e-07
Epoch  61000 (1.2%): Train pred MSE = 2.826300e-07, Test pred MSE = 9.528838e-07, Param MSE = 9.798924e-06, Grad norm = 4.226253e-06, Beta update rate = 2.629817e-07
Epoch  61200 (1.2%): Train pred MSE = 2.808514e-07, Test pred MSE = 9.521174e-07, Param MSE = 9.791105e-06, Grad norm = 4.208721e-06, Beta update rate = 2.617792e-07
Epoch  61400 (1.2%): Train pred MSE = 2.790874e-07, Test pred MSE = 9.513552e-07, Param MSE = 9.783328e-06, Grad norm = 4.191299e-06, Beta update rate = 2.605847e-07
Epoch  61600 (1.2%): Train pred MSE = 2.773380e-07, Test pred MSE = 9.505970e-07, Param MSE = 9.775593e-06, Grad norm = 4.173986e-06, Beta update rate = 2.593979e-07
Epoch  61800 (1.2%): Train pred MSE = 2.756031e-07, Test pred MSE = 9.498430e-07, Param MSE = 9.767900e-06, Grad norm = 4.156780e-06, Beta update rate = 2.582189e-07
Epoch  62000 (1.2%): Train pred MSE = 2.738823e-07, Test pred MSE = 9.490930e-07, Param MSE = 9.760249e-06, Grad norm = 4.139680e-06, Beta update rate = 2.570476e-07
Epoch  62200 (1.2%): Train pred MSE = 2.721757e-07, Test pred MSE = 9.483470e-07, Param MSE = 9.752638e-06, Grad norm = 4.122687e-06, Beta update rate = 2.558839e-07
Epoch  62400 (1.2%): Train pred MSE = 2.704831e-07, Test pred MSE = 9.476051e-07, Param MSE = 9.745068e-06, Grad norm = 4.105799e-06, Beta update rate = 2.547277e-07
Epoch  62600 (1.3%): Train pred MSE = 2.688043e-07, Test pred MSE = 9.468671e-07, Param MSE = 9.737539e-06, Grad norm = 4.089015e-06, Beta update rate = 2.535790e-07
Epoch  62800 (1.3%): Train pred MSE = 2.671391e-07, Test pred MSE = 9.461331e-07, Param MSE = 9.730050e-06, Grad norm = 4.072334e-06, Beta update rate = 2.524378e-07
Epoch  63000 (1.3%): Train pred MSE = 2.654875e-07, Test pred MSE = 9.454030e-07, Param MSE = 9.722600e-06, Grad norm = 4.055756e-06, Beta update rate = 2.513038e-07
Epoch  63200 (1.3%): Train pred MSE = 2.638494e-07, Test pred MSE = 9.446768e-07, Param MSE = 9.715190e-06, Grad norm = 4.039279e-06, Beta update rate = 2.501772e-07
Epoch  63400 (1.3%): Train pred MSE = 2.622244e-07, Test pred MSE = 9.439544e-07, Param MSE = 9.707820e-06, Grad norm = 4.022903e-06, Beta update rate = 2.490578e-07
Epoch  63600 (1.3%): Train pred MSE = 2.606127e-07, Test pred MSE = 9.432359e-07, Param MSE = 9.700489e-06, Grad norm = 4.006627e-06, Beta update rate = 2.479456e-07
Epoch  63800 (1.3%): Train pred MSE = 2.590139e-07, Test pred MSE = 9.425211e-07, Param MSE = 9.693196e-06, Grad norm = 3.990451e-06, Beta update rate = 2.468405e-07
Epoch  64000 (1.3%): Train pred MSE = 2.574280e-07, Test pred MSE = 9.418102e-07, Param MSE = 9.685942e-06, Grad norm = 3.974372e-06, Beta update rate = 2.457424e-07
Epoch  64200 (1.3%): Train pred MSE = 2.558548e-07, Test pred MSE = 9.411030e-07, Param MSE = 9.678726e-06, Grad norm = 3.958391e-06, Beta update rate = 2.446513e-07
Epoch  64400 (1.3%): Train pred MSE = 2.542943e-07, Test pred MSE = 9.403995e-07, Param MSE = 9.671548e-06, Grad norm = 3.942507e-06, Beta update rate = 2.435671e-07
Epoch  64600 (1.3%): Train pred MSE = 2.527462e-07, Test pred MSE = 9.396997e-07, Param MSE = 9.664407e-06, Grad norm = 3.926719e-06, Beta update rate = 2.424899e-07
Epoch  64800 (1.3%): Train pred MSE = 2.512105e-07, Test pred MSE = 9.390036e-07, Param MSE = 9.657304e-06, Grad norm = 3.911027e-06, Beta update rate = 2.414194e-07
Epoch  65000 (1.3%): Train pred MSE = 2.496870e-07, Test pred MSE = 9.383111e-07, Param MSE = 9.650238e-06, Grad norm = 3.895428e-06, Beta update rate = 2.403557e-07
Epoch  65200 (1.3%): Train pred MSE = 2.481757e-07, Test pred MSE = 9.376222e-07, Param MSE = 9.643209e-06, Grad norm = 3.879924e-06, Beta update rate = 2.392987e-07
Epoch  65400 (1.3%): Train pred MSE = 2.466763e-07, Test pred MSE = 9.369370e-07, Param MSE = 9.636216e-06, Grad norm = 3.864512e-06, Beta update rate = 2.382484e-07
Epoch  65600 (1.3%): Train pred MSE = 2.451888e-07, Test pred MSE = 9.362552e-07, Param MSE = 9.629260e-06, Grad norm = 3.849192e-06, Beta update rate = 2.372046e-07
Epoch  65800 (1.3%): Train pred MSE = 2.437131e-07, Test pred MSE = 9.355771e-07, Param MSE = 9.622340e-06, Grad norm = 3.833964e-06, Beta update rate = 2.361674e-07
Epoch  66000 (1.3%): Train pred MSE = 2.422490e-07, Test pred MSE = 9.349024e-07, Param MSE = 9.615455e-06, Grad norm = 3.818827e-06, Beta update rate = 2.351367e-07
Epoch  66200 (1.3%): Train pred MSE = 2.407965e-07, Test pred MSE = 9.342312e-07, Param MSE = 9.608607e-06, Grad norm = 3.803780e-06, Beta update rate = 2.341124e-07
Epoch  66400 (1.3%): Train pred MSE = 2.393553e-07, Test pred MSE = 9.335635e-07, Param MSE = 9.601793e-06, Grad norm = 3.788822e-06, Beta update rate = 2.330945e-07
Epoch  66600 (1.3%): Train pred MSE = 2.379255e-07, Test pred MSE = 9.328993e-07, Param MSE = 9.595014e-06, Grad norm = 3.773953e-06, Beta update rate = 2.320829e-07
Epoch  66800 (1.3%): Train pred MSE = 2.365068e-07, Test pred MSE = 9.322384e-07, Param MSE = 9.588271e-06, Grad norm = 3.759171e-06, Beta update rate = 2.310776e-07
Epoch  67000 (1.3%): Train pred MSE = 2.350992e-07, Test pred MSE = 9.315810e-07, Param MSE = 9.581562e-06, Grad norm = 3.744477e-06, Beta update rate = 2.300786e-07
Epoch  67200 (1.3%): Train pred MSE = 2.337026e-07, Test pred MSE = 9.309269e-07, Param MSE = 9.574887e-06, Grad norm = 3.729869e-06, Beta update rate = 2.290857e-07
Epoch  67400 (1.3%): Train pred MSE = 2.323169e-07, Test pred MSE = 9.302762e-07, Param MSE = 9.568246e-06, Grad norm = 3.715347e-06, Beta update rate = 2.280989e-07
Epoch  67600 (1.4%): Train pred MSE = 2.309419e-07, Test pred MSE = 9.296287e-07, Param MSE = 9.561639e-06, Grad norm = 3.700911e-06, Beta update rate = 2.271182e-07
Epoch  67800 (1.4%): Train pred MSE = 2.295776e-07, Test pred MSE = 9.289846e-07, Param MSE = 9.555066e-06, Grad norm = 3.686559e-06, Beta update rate = 2.261436e-07
Epoch  68000 (1.4%): Train pred MSE = 2.282238e-07, Test pred MSE = 9.283438e-07, Param MSE = 9.548526e-06, Grad norm = 3.672290e-06, Beta update rate = 2.251749e-07
Epoch  68200 (1.4%): Train pred MSE = 2.268805e-07, Test pred MSE = 9.277062e-07, Param MSE = 9.542019e-06, Grad norm = 3.658105e-06, Beta update rate = 2.242121e-07
Epoch  68400 (1.4%): Train pred MSE = 2.255475e-07, Test pred MSE = 9.270718e-07, Param MSE = 9.535545e-06, Grad norm = 3.644003e-06, Beta update rate = 2.232553e-07
Epoch  68600 (1.4%): Train pred MSE = 2.242248e-07, Test pred MSE = 9.264406e-07, Param MSE = 9.529104e-06, Grad norm = 3.629982e-06, Beta update rate = 2.223042e-07
Epoch  68800 (1.4%): Train pred MSE = 2.229122e-07, Test pred MSE = 9.258127e-07, Param MSE = 9.522695e-06, Grad norm = 3.616043e-06, Beta update rate = 2.213590e-07
Epoch  69000 (1.4%): Train pred MSE = 2.216097e-07, Test pred MSE = 9.251879e-07, Param MSE = 9.516319e-06, Grad norm = 3.602184e-06, Beta update rate = 2.204195e-07
Epoch  69200 (1.4%): Train pred MSE = 2.203171e-07, Test pred MSE = 9.245662e-07, Param MSE = 9.509974e-06, Grad norm = 3.588405e-06, Beta update rate = 2.194857e-07
Epoch  69400 (1.4%): Train pred MSE = 2.190344e-07, Test pred MSE = 9.239477e-07, Param MSE = 9.503661e-06, Grad norm = 3.574706e-06, Beta update rate = 2.185576e-07
Epoch  69600 (1.4%): Train pred MSE = 2.177614e-07, Test pred MSE = 9.233322e-07, Param MSE = 9.497380e-06, Grad norm = 3.561086e-06, Beta update rate = 2.176350e-07
Epoch  69800 (1.4%): Train pred MSE = 2.164982e-07, Test pred MSE = 9.227199e-07, Param MSE = 9.491131e-06, Grad norm = 3.547544e-06, Beta update rate = 2.167181e-07
Epoch  70000 (1.4%): Train pred MSE = 2.152445e-07, Test pred MSE = 9.221105e-07, Param MSE = 9.484912e-06, Grad norm = 3.534079e-06, Beta update rate = 2.158066e-07
Epoch  70200 (1.4%): Train pred MSE = 2.140003e-07, Test pred MSE = 9.215043e-07, Param MSE = 9.478724e-06, Grad norm = 3.520691e-06, Beta update rate = 2.149007e-07
Epoch  70400 (1.4%): Train pred MSE = 2.127655e-07, Test pred MSE = 9.209010e-07, Param MSE = 9.472567e-06, Grad norm = 3.507380e-06, Beta update rate = 2.140001e-07
Epoch  70600 (1.4%): Train pred MSE = 2.115400e-07, Test pred MSE = 9.203008e-07, Param MSE = 9.466441e-06, Grad norm = 3.494145e-06, Beta update rate = 2.131050e-07
Epoch  70800 (1.4%): Train pred MSE = 2.103237e-07, Test pred MSE = 9.197035e-07, Param MSE = 9.460345e-06, Grad norm = 3.480985e-06, Beta update rate = 2.122152e-07
Epoch  71000 (1.4%): Train pred MSE = 2.091166e-07, Test pred MSE = 9.191091e-07, Param MSE = 9.454279e-06, Grad norm = 3.467899e-06, Beta update rate = 2.113307e-07
Epoch  71200 (1.4%): Train pred MSE = 2.079185e-07, Test pred MSE = 9.185177e-07, Param MSE = 9.448243e-06, Grad norm = 3.454888e-06, Beta update rate = 2.104515e-07
Epoch  71400 (1.4%): Train pred MSE = 2.067293e-07, Test pred MSE = 9.179293e-07, Param MSE = 9.442237e-06, Grad norm = 3.441950e-06, Beta update rate = 2.095775e-07
Epoch  71600 (1.4%): Train pred MSE = 2.055491e-07, Test pred MSE = 9.173437e-07, Param MSE = 9.436260e-06, Grad norm = 3.429086e-06, Beta update rate = 2.087087e-07
Epoch  71800 (1.4%): Train pred MSE = 2.043777e-07, Test pred MSE = 9.167610e-07, Param MSE = 9.430312e-06, Grad norm = 3.416293e-06, Beta update rate = 2.078451e-07
Epoch  72000 (1.4%): Train pred MSE = 2.032149e-07, Test pred MSE = 9.161811e-07, Param MSE = 9.424394e-06, Grad norm = 3.403573e-06, Beta update rate = 2.069865e-07
Epoch  72200 (1.4%): Train pred MSE = 2.020608e-07, Test pred MSE = 9.156041e-07, Param MSE = 9.418505e-06, Grad norm = 3.390924e-06, Beta update rate = 2.061330e-07
Epoch  72400 (1.4%): Train pred MSE = 2.009153e-07, Test pred MSE = 9.150299e-07, Param MSE = 9.412644e-06, Grad norm = 3.378346e-06, Beta update rate = 2.052846e-07
Epoch  72600 (1.5%): Train pred MSE = 1.997782e-07, Test pred MSE = 9.144585e-07, Param MSE = 9.406812e-06, Grad norm = 3.365838e-06, Beta update rate = 2.044411e-07
Epoch  72800 (1.5%): Train pred MSE = 1.986496e-07, Test pred MSE = 9.138899e-07, Param MSE = 9.401008e-06, Grad norm = 3.353400e-06, Beta update rate = 2.036026e-07
Epoch  73000 (1.5%): Train pred MSE = 1.975292e-07, Test pred MSE = 9.133241e-07, Param MSE = 9.395232e-06, Grad norm = 3.341032e-06, Beta update rate = 2.027690e-07
Epoch  73200 (1.5%): Train pred MSE = 1.964171e-07, Test pred MSE = 9.127610e-07, Param MSE = 9.389484e-06, Grad norm = 3.328732e-06, Beta update rate = 2.019403e-07
Epoch  73400 (1.5%): Train pred MSE = 1.953132e-07, Test pred MSE = 9.122006e-07, Param MSE = 9.383765e-06, Grad norm = 3.316500e-06, Beta update rate = 2.011164e-07
Epoch  73600 (1.5%): Train pred MSE = 1.942173e-07, Test pred MSE = 9.116429e-07, Param MSE = 9.378072e-06, Grad norm = 3.304336e-06, Beta update rate = 2.002973e-07
Epoch  73800 (1.5%): Train pred MSE = 1.931295e-07, Test pred MSE = 9.110879e-07, Param MSE = 9.372408e-06, Grad norm = 3.292239e-06, Beta update rate = 1.994829e-07
Epoch  74000 (1.5%): Train pred MSE = 1.920496e-07, Test pred MSE = 9.105356e-07, Param MSE = 9.366770e-06, Grad norm = 3.280209e-06, Beta update rate = 1.986733e-07
Epoch  74200 (1.5%): Train pred MSE = 1.909775e-07, Test pred MSE = 9.099860e-07, Param MSE = 9.361159e-06, Grad norm = 3.268246e-06, Beta update rate = 1.978684e-07
Epoch  74400 (1.5%): Train pred MSE = 1.899133e-07, Test pred MSE = 9.094390e-07, Param MSE = 9.355576e-06, Grad norm = 3.256348e-06, Beta update rate = 1.970682e-07
Epoch  74600 (1.5%): Train pred MSE = 1.888568e-07, Test pred MSE = 9.088946e-07, Param MSE = 9.350019e-06, Grad norm = 3.244515e-06, Beta update rate = 1.962726e-07
Epoch  74800 (1.5%): Train pred MSE = 1.878080e-07, Test pred MSE = 9.083528e-07, Param MSE = 9.344489e-06, Grad norm = 3.232747e-06, Beta update rate = 1.954815e-07
Epoch  75000 (1.5%): Train pred MSE = 1.867667e-07, Test pred MSE = 9.078136e-07, Param MSE = 9.338985e-06, Grad norm = 3.221044e-06, Beta update rate = 1.946950e-07
Epoch  75200 (1.5%): Train pred MSE = 1.857330e-07, Test pred MSE = 9.072770e-07, Param MSE = 9.333507e-06, Grad norm = 3.209404e-06, Beta update rate = 1.939131e-07
Epoch  75400 (1.5%): Train pred MSE = 1.847067e-07, Test pred MSE = 9.067429e-07, Param MSE = 9.328055e-06, Grad norm = 3.197828e-06, Beta update rate = 1.931356e-07
Epoch  75600 (1.5%): Train pred MSE = 1.836878e-07, Test pred MSE = 9.062114e-07, Param MSE = 9.322630e-06, Grad norm = 3.186314e-06, Beta update rate = 1.923626e-07
Epoch  75800 (1.5%): Train pred MSE = 1.826762e-07, Test pred MSE = 9.056824e-07, Param MSE = 9.317229e-06, Grad norm = 3.174864e-06, Beta update rate = 1.915939e-07
Epoch  76000 (1.5%): Train pred MSE = 1.816719e-07, Test pred MSE = 9.051559e-07, Param MSE = 9.311855e-06, Grad norm = 3.163475e-06, Beta update rate = 1.908297e-07
Epoch  76200 (1.5%): Train pred MSE = 1.806747e-07, Test pred MSE = 9.046319e-07, Param MSE = 9.306506e-06, Grad norm = 3.152148e-06, Beta update rate = 1.900698e-07
Epoch  76400 (1.5%): Train pred MSE = 1.796847e-07, Test pred MSE = 9.041104e-07, Param MSE = 9.301182e-06, Grad norm = 3.140882e-06, Beta update rate = 1.893143e-07
Epoch  76600 (1.5%): Train pred MSE = 1.787017e-07, Test pred MSE = 9.035913e-07, Param MSE = 9.295883e-06, Grad norm = 3.129676e-06, Beta update rate = 1.885630e-07
Epoch  76800 (1.5%): Train pred MSE = 1.777258e-07, Test pred MSE = 9.030746e-07, Param MSE = 9.290609e-06, Grad norm = 3.118531e-06, Beta update rate = 1.878160e-07
Epoch  77000 (1.5%): Train pred MSE = 1.767567e-07, Test pred MSE = 9.025604e-07, Param MSE = 9.285359e-06, Grad norm = 3.107446e-06, Beta update rate = 1.870732e-07
Epoch  77200 (1.5%): Train pred MSE = 1.757945e-07, Test pred MSE = 9.020486e-07, Param MSE = 9.280135e-06, Grad norm = 3.096420e-06, Beta update rate = 1.863346e-07
Epoch  77400 (1.5%): Train pred MSE = 1.748392e-07, Test pred MSE = 9.015392e-07, Param MSE = 9.274934e-06, Grad norm = 3.085453e-06, Beta update rate = 1.856002e-07
Epoch  77600 (1.6%): Train pred MSE = 1.738906e-07, Test pred MSE = 9.010322e-07, Param MSE = 9.269758e-06, Grad norm = 3.074545e-06, Beta update rate = 1.848699e-07
Epoch  77800 (1.6%): Train pred MSE = 1.729486e-07, Test pred MSE = 9.005275e-07, Param MSE = 9.264606e-06, Grad norm = 3.063694e-06, Beta update rate = 1.841437e-07
Epoch  78000 (1.6%): Train pred MSE = 1.720134e-07, Test pred MSE = 9.000252e-07, Param MSE = 9.259478e-06, Grad norm = 3.052902e-06, Beta update rate = 1.834216e-07
Epoch  78200 (1.6%): Train pred MSE = 1.710846e-07, Test pred MSE = 8.995252e-07, Param MSE = 9.254374e-06, Grad norm = 3.042167e-06, Beta update rate = 1.827035e-07
Epoch  78400 (1.6%): Train pred MSE = 1.701624e-07, Test pred MSE = 8.990276e-07, Param MSE = 9.249294e-06, Grad norm = 3.031488e-06, Beta update rate = 1.819894e-07
Epoch  78600 (1.6%): Train pred MSE = 1.692467e-07, Test pred MSE = 8.985322e-07, Param MSE = 9.244237e-06, Grad norm = 3.020867e-06, Beta update rate = 1.812794e-07
Epoch  78800 (1.6%): Train pred MSE = 1.683373e-07, Test pred MSE = 8.980392e-07, Param MSE = 9.239203e-06, Grad norm = 3.010301e-06, Beta update rate = 1.805732e-07
Epoch  79000 (1.6%): Train pred MSE = 1.674343e-07, Test pred MSE = 8.975484e-07, Param MSE = 9.234193e-06, Grad norm = 2.999791e-06, Beta update rate = 1.798710e-07
Epoch  79200 (1.6%): Train pred MSE = 1.665376e-07, Test pred MSE = 8.970599e-07, Param MSE = 9.229206e-06, Grad norm = 2.989336e-06, Beta update rate = 1.791727e-07
Epoch  79400 (1.6%): Train pred MSE = 1.656471e-07, Test pred MSE = 8.965736e-07, Param MSE = 9.224241e-06, Grad norm = 2.978937e-06, Beta update rate = 1.784783e-07
Epoch  79600 (1.6%): Train pred MSE = 1.647628e-07, Test pred MSE = 8.960896e-07, Param MSE = 9.219300e-06, Grad norm = 2.968591e-06, Beta update rate = 1.777877e-07
Epoch  79800 (1.6%): Train pred MSE = 1.638847e-07, Test pred MSE = 8.956078e-07, Param MSE = 9.214381e-06, Grad norm = 2.958300e-06, Beta update rate = 1.771009e-07
Epoch  80000 (1.6%): Train pred MSE = 1.630125e-07, Test pred MSE = 8.951281e-07, Param MSE = 9.209484e-06, Grad norm = 2.948063e-06, Beta update rate = 1.764180e-07
Epoch  80200 (1.6%): Train pred MSE = 1.621465e-07, Test pred MSE = 8.946507e-07, Param MSE = 9.204610e-06, Grad norm = 2.937879e-06, Beta update rate = 1.757387e-07
Epoch  80400 (1.6%): Train pred MSE = 1.612863e-07, Test pred MSE = 8.941755e-07, Param MSE = 9.199758e-06, Grad norm = 2.927748e-06, Beta update rate = 1.750632e-07
Epoch  80600 (1.6%): Train pred MSE = 1.604321e-07, Test pred MSE = 8.937024e-07, Param MSE = 9.194928e-06, Grad norm = 2.917670e-06, Beta update rate = 1.743914e-07
Epoch  80800 (1.6%): Train pred MSE = 1.595838e-07, Test pred MSE = 8.932315e-07, Param MSE = 9.190121e-06, Grad norm = 2.907644e-06, Beta update rate = 1.737233e-07
Epoch  81000 (1.6%): Train pred MSE = 1.587413e-07, Test pred MSE = 8.927627e-07, Param MSE = 9.185335e-06, Grad norm = 2.897670e-06, Beta update rate = 1.730589e-07
Epoch  81200 (1.6%): Train pred MSE = 1.579045e-07, Test pred MSE = 8.922961e-07, Param MSE = 9.180570e-06, Grad norm = 2.887748e-06, Beta update rate = 1.723980e-07
Epoch  81400 (1.6%): Train pred MSE = 1.570735e-07, Test pred MSE = 8.918316e-07, Param MSE = 9.175828e-06, Grad norm = 2.877876e-06, Beta update rate = 1.717408e-07
Epoch  81600 (1.6%): Train pred MSE = 1.562481e-07, Test pred MSE = 8.913691e-07, Param MSE = 9.171106e-06, Grad norm = 2.868056e-06, Beta update rate = 1.710872e-07
Epoch  81800 (1.6%): Train pred MSE = 1.554284e-07, Test pred MSE = 8.909088e-07, Param MSE = 9.166406e-06, Grad norm = 2.858286e-06, Beta update rate = 1.704371e-07
Epoch  82000 (1.6%): Train pred MSE = 1.546142e-07, Test pred MSE = 8.904505e-07, Param MSE = 9.161727e-06, Grad norm = 2.848567e-06, Beta update rate = 1.697905e-07
Epoch  82200 (1.6%): Train pred MSE = 1.538055e-07, Test pred MSE = 8.899943e-07, Param MSE = 9.157069e-06, Grad norm = 2.838897e-06, Beta update rate = 1.691474e-07
Epoch  82400 (1.6%): Train pred MSE = 1.530024e-07, Test pred MSE = 8.895401e-07, Param MSE = 9.152432e-06, Grad norm = 2.829276e-06, Beta update rate = 1.685078e-07
Epoch  82600 (1.7%): Train pred MSE = 1.522046e-07, Test pred MSE = 8.890880e-07, Param MSE = 9.147816e-06, Grad norm = 2.819705e-06, Beta update rate = 1.678717e-07
Epoch  82800 (1.7%): Train pred MSE = 1.514122e-07, Test pred MSE = 8.886379e-07, Param MSE = 9.143221e-06, Grad norm = 2.810183e-06, Beta update rate = 1.672389e-07
Epoch  83000 (1.7%): Train pred MSE = 1.506252e-07, Test pred MSE = 8.881898e-07, Param MSE = 9.138646e-06, Grad norm = 2.800709e-06, Beta update rate = 1.666096e-07
Epoch  83200 (1.7%): Train pred MSE = 1.498435e-07, Test pred MSE = 8.877437e-07, Param MSE = 9.134091e-06, Grad norm = 2.791283e-06, Beta update rate = 1.659837e-07
Epoch  83400 (1.7%): Train pred MSE = 1.490670e-07, Test pred MSE = 8.872996e-07, Param MSE = 9.129557e-06, Grad norm = 2.781905e-06, Beta update rate = 1.653611e-07
Epoch  83600 (1.7%): Train pred MSE = 1.482957e-07, Test pred MSE = 8.868575e-07, Param MSE = 9.125043e-06, Grad norm = 2.772574e-06, Beta update rate = 1.647418e-07
Epoch  83800 (1.7%): Train pred MSE = 1.475296e-07, Test pred MSE = 8.864174e-07, Param MSE = 9.120549e-06, Grad norm = 2.763291e-06, Beta update rate = 1.641259e-07
Epoch  84000 (1.7%): Train pred MSE = 1.467686e-07, Test pred MSE = 8.859792e-07, Param MSE = 9.116075e-06, Grad norm = 2.754054e-06, Beta update rate = 1.635132e-07
Epoch  84200 (1.7%): Train pred MSE = 1.460126e-07, Test pred MSE = 8.855429e-07, Param MSE = 9.111620e-06, Grad norm = 2.744864e-06, Beta update rate = 1.629038e-07
Epoch  84400 (1.7%): Train pred MSE = 1.452617e-07, Test pred MSE = 8.851086e-07, Param MSE = 9.107185e-06, Grad norm = 2.735720e-06, Beta update rate = 1.622977e-07
Epoch  84600 (1.7%): Train pred MSE = 1.445158e-07, Test pred MSE = 8.846762e-07, Param MSE = 9.102770e-06, Grad norm = 2.726622e-06, Beta update rate = 1.616948e-07
Epoch  84800 (1.7%): Train pred MSE = 1.437749e-07, Test pred MSE = 8.842457e-07, Param MSE = 9.098375e-06, Grad norm = 2.717570e-06, Beta update rate = 1.610950e-07
Epoch  85000 (1.7%): Train pred MSE = 1.430388e-07, Test pred MSE = 8.838170e-07, Param MSE = 9.093998e-06, Grad norm = 2.708563e-06, Beta update rate = 1.604985e-07
Epoch  85200 (1.7%): Train pred MSE = 1.423076e-07, Test pred MSE = 8.833903e-07, Param MSE = 9.089641e-06, Grad norm = 2.699601e-06, Beta update rate = 1.599050e-07
Epoch  85400 (1.7%): Train pred MSE = 1.415813e-07, Test pred MSE = 8.829655e-07, Param MSE = 9.085303e-06, Grad norm = 2.690683e-06, Beta update rate = 1.593148e-07
Epoch  85600 (1.7%): Train pred MSE = 1.408597e-07, Test pred MSE = 8.825425e-07, Param MSE = 9.080984e-06, Grad norm = 2.681810e-06, Beta update rate = 1.587276e-07
Epoch  85800 (1.7%): Train pred MSE = 1.401429e-07, Test pred MSE = 8.821213e-07, Param MSE = 9.076684e-06, Grad norm = 2.672981e-06, Beta update rate = 1.581435e-07
Epoch  86000 (1.7%): Train pred MSE = 1.394307e-07, Test pred MSE = 8.817020e-07, Param MSE = 9.072402e-06, Grad norm = 2.664196e-06, Beta update rate = 1.575625e-07
Epoch  86200 (1.7%): Train pred MSE = 1.387233e-07, Test pred MSE = 8.812845e-07, Param MSE = 9.068140e-06, Grad norm = 2.655455e-06, Beta update rate = 1.569845e-07
Epoch  86400 (1.7%): Train pred MSE = 1.380205e-07, Test pred MSE = 8.808689e-07, Param MSE = 9.063895e-06, Grad norm = 2.646756e-06, Beta update rate = 1.564096e-07
Epoch  86600 (1.7%): Train pred MSE = 1.373223e-07, Test pred MSE = 8.804550e-07, Param MSE = 9.059670e-06, Grad norm = 2.638101e-06, Beta update rate = 1.558376e-07
Epoch  86800 (1.7%): Train pred MSE = 1.366286e-07, Test pred MSE = 8.800430e-07, Param MSE = 9.055462e-06, Grad norm = 2.629488e-06, Beta update rate = 1.552687e-07
Epoch  87000 (1.7%): Train pred MSE = 1.359394e-07, Test pred MSE = 8.796327e-07, Param MSE = 9.051273e-06, Grad norm = 2.620917e-06, Beta update rate = 1.547027e-07
Epoch  87200 (1.7%): Train pred MSE = 1.352548e-07, Test pred MSE = 8.792242e-07, Param MSE = 9.047102e-06, Grad norm = 2.612389e-06, Beta update rate = 1.541396e-07
Epoch  87400 (1.7%): Train pred MSE = 1.345745e-07, Test pred MSE = 8.788175e-07, Param MSE = 9.042949e-06, Grad norm = 2.603902e-06, Beta update rate = 1.535795e-07
Epoch  87600 (1.8%): Train pred MSE = 1.338987e-07, Test pred MSE = 8.784125e-07, Param MSE = 9.038814e-06, Grad norm = 2.595457e-06, Beta update rate = 1.530223e-07
Epoch  87800 (1.8%): Train pred MSE = 1.332273e-07, Test pred MSE = 8.780093e-07, Param MSE = 9.034696e-06, Grad norm = 2.587053e-06, Beta update rate = 1.524679e-07
Epoch  88000 (1.8%): Train pred MSE = 1.325602e-07, Test pred MSE = 8.776078e-07, Param MSE = 9.030597e-06, Grad norm = 2.578690e-06, Beta update rate = 1.519164e-07
Epoch  88200 (1.8%): Train pred MSE = 1.318974e-07, Test pred MSE = 8.772081e-07, Param MSE = 9.026515e-06, Grad norm = 2.570368e-06, Beta update rate = 1.513678e-07
Epoch  88400 (1.8%): Train pred MSE = 1.312388e-07, Test pred MSE = 8.768100e-07, Param MSE = 9.022450e-06, Grad norm = 2.562086e-06, Beta update rate = 1.508220e-07
Epoch  88600 (1.8%): Train pred MSE = 1.305845e-07, Test pred MSE = 8.764137e-07, Param MSE = 9.018403e-06, Grad norm = 2.553845e-06, Beta update rate = 1.502790e-07
Epoch  88800 (1.8%): Train pred MSE = 1.299344e-07, Test pred MSE = 8.760190e-07, Param MSE = 9.014373e-06, Grad norm = 2.545643e-06, Beta update rate = 1.497388e-07
Epoch  89000 (1.8%): Train pred MSE = 1.292885e-07, Test pred MSE = 8.756261e-07, Param MSE = 9.010360e-06, Grad norm = 2.537481e-06, Beta update rate = 1.492014e-07
Epoch  89200 (1.8%): Train pred MSE = 1.286467e-07, Test pred MSE = 8.752348e-07, Param MSE = 9.006365e-06, Grad norm = 2.529359e-06, Beta update rate = 1.486667e-07
Epoch  89400 (1.8%): Train pred MSE = 1.280090e-07, Test pred MSE = 8.748451e-07, Param MSE = 9.002386e-06, Grad norm = 2.521275e-06, Beta update rate = 1.481347e-07
Epoch  89600 (1.8%): Train pred MSE = 1.273753e-07, Test pred MSE = 8.744572e-07, Param MSE = 8.998424e-06, Grad norm = 2.513231e-06, Beta update rate = 1.476055e-07
Epoch  89800 (1.8%): Train pred MSE = 1.267457e-07, Test pred MSE = 8.740709e-07, Param MSE = 8.994479e-06, Grad norm = 2.505225e-06, Beta update rate = 1.470789e-07
Epoch  90000 (1.8%): Train pred MSE = 1.261201e-07, Test pred MSE = 8.736862e-07, Param MSE = 8.990551e-06, Grad norm = 2.497257e-06, Beta update rate = 1.465551e-07
Epoch  90200 (1.8%): Train pred MSE = 1.254985e-07, Test pred MSE = 8.733031e-07, Param MSE = 8.986640e-06, Grad norm = 2.489328e-06, Beta update rate = 1.460339e-07
Epoch  90400 (1.8%): Train pred MSE = 1.248808e-07, Test pred MSE = 8.729217e-07, Param MSE = 8.982745e-06, Grad norm = 2.481437e-06, Beta update rate = 1.455153e-07
Epoch  90600 (1.8%): Train pred MSE = 1.242670e-07, Test pred MSE = 8.725419e-07, Param MSE = 8.978866e-06, Grad norm = 2.473583e-06, Beta update rate = 1.449994e-07
Epoch  90800 (1.8%): Train pred MSE = 1.236571e-07, Test pred MSE = 8.721636e-07, Param MSE = 8.975004e-06, Grad norm = 2.465766e-06, Beta update rate = 1.444861e-07
Epoch  91000 (1.8%): Train pred MSE = 1.230510e-07, Test pred MSE = 8.717870e-07, Param MSE = 8.971158e-06, Grad norm = 2.457987e-06, Beta update rate = 1.439753e-07
Epoch  91200 (1.8%): Train pred MSE = 1.224488e-07, Test pred MSE = 8.714120e-07, Param MSE = 8.967328e-06, Grad norm = 2.450245e-06, Beta update rate = 1.434672e-07
Epoch  91400 (1.8%): Train pred MSE = 1.218503e-07, Test pred MSE = 8.710385e-07, Param MSE = 8.963514e-06, Grad norm = 2.442539e-06, Beta update rate = 1.429616e-07
Epoch  91600 (1.8%): Train pred MSE = 1.212556e-07, Test pred MSE = 8.706666e-07, Param MSE = 8.959716e-06, Grad norm = 2.434870e-06, Beta update rate = 1.424585e-07
Epoch  91800 (1.8%): Train pred MSE = 1.206646e-07, Test pred MSE = 8.702962e-07, Param MSE = 8.955934e-06, Grad norm = 2.427238e-06, Beta update rate = 1.419580e-07
Epoch  92000 (1.8%): Train pred MSE = 1.200773e-07, Test pred MSE = 8.699274e-07, Param MSE = 8.952168e-06, Grad norm = 2.419641e-06, Beta update rate = 1.414600e-07
Epoch  92200 (1.8%): Train pred MSE = 1.194937e-07, Test pred MSE = 8.695601e-07, Param MSE = 8.948417e-06, Grad norm = 2.412080e-06, Beta update rate = 1.409644e-07
Epoch  92400 (1.8%): Train pred MSE = 1.189137e-07, Test pred MSE = 8.691944e-07, Param MSE = 8.944682e-06, Grad norm = 2.404554e-06, Beta update rate = 1.404714e-07
Epoch  92600 (1.9%): Train pred MSE = 1.183373e-07, Test pred MSE = 8.688302e-07, Param MSE = 8.940963e-06, Grad norm = 2.397064e-06, Beta update rate = 1.399808e-07
Epoch  92800 (1.9%): Train pred MSE = 1.177645e-07, Test pred MSE = 8.684675e-07, Param MSE = 8.937259e-06, Grad norm = 2.389609e-06, Beta update rate = 1.394926e-07
Epoch  93000 (1.9%): Train pred MSE = 1.171953e-07, Test pred MSE = 8.681063e-07, Param MSE = 8.933570e-06, Grad norm = 2.382189e-06, Beta update rate = 1.390069e-07
Epoch  93200 (1.9%): Train pred MSE = 1.166296e-07, Test pred MSE = 8.677466e-07, Param MSE = 8.929897e-06, Grad norm = 2.374803e-06, Beta update rate = 1.385236e-07
Epoch  93400 (1.9%): Train pred MSE = 1.160674e-07, Test pred MSE = 8.673883e-07, Param MSE = 8.926239e-06, Grad norm = 2.367452e-06, Beta update rate = 1.380426e-07
Epoch  93600 (1.9%): Train pred MSE = 1.155087e-07, Test pred MSE = 8.670316e-07, Param MSE = 8.922596e-06, Grad norm = 2.360135e-06, Beta update rate = 1.375641e-07
Epoch  93800 (1.9%): Train pred MSE = 1.149534e-07, Test pred MSE = 8.666763e-07, Param MSE = 8.918968e-06, Grad norm = 2.352852e-06, Beta update rate = 1.370879e-07
Epoch  94000 (1.9%): Train pred MSE = 1.144015e-07, Test pred MSE = 8.663225e-07, Param MSE = 8.915355e-06, Grad norm = 2.345603e-06, Beta update rate = 1.366141e-07
Epoch  94200 (1.9%): Train pred MSE = 1.138530e-07, Test pred MSE = 8.659702e-07, Param MSE = 8.911756e-06, Grad norm = 2.338387e-06, Beta update rate = 1.361426e-07
Epoch  94400 (1.9%): Train pred MSE = 1.133079e-07, Test pred MSE = 8.656193e-07, Param MSE = 8.908173e-06, Grad norm = 2.331205e-06, Beta update rate = 1.356734e-07
Epoch  94600 (1.9%): Train pred MSE = 1.127661e-07, Test pred MSE = 8.652698e-07, Param MSE = 8.904604e-06, Grad norm = 2.324056e-06, Beta update rate = 1.352066e-07
Epoch  94800 (1.9%): Train pred MSE = 1.122277e-07, Test pred MSE = 8.649218e-07, Param MSE = 8.901050e-06, Grad norm = 2.316940e-06, Beta update rate = 1.347420e-07
Epoch  95000 (1.9%): Train pred MSE = 1.116925e-07, Test pred MSE = 8.645752e-07, Param MSE = 8.897510e-06, Grad norm = 2.309857e-06, Beta update rate = 1.342797e-07
Epoch  95200 (1.9%): Train pred MSE = 1.111606e-07, Test pred MSE = 8.642300e-07, Param MSE = 8.893985e-06, Grad norm = 2.302806e-06, Beta update rate = 1.338197e-07
Epoch  95400 (1.9%): Train pred MSE = 1.106319e-07, Test pred MSE = 8.638862e-07, Param MSE = 8.890474e-06, Grad norm = 2.295788e-06, Beta update rate = 1.333619e-07
Epoch  95600 (1.9%): Train pred MSE = 1.101065e-07, Test pred MSE = 8.635438e-07, Param MSE = 8.886977e-06, Grad norm = 2.288802e-06, Beta update rate = 1.329063e-07
Epoch  95800 (1.9%): Train pred MSE = 1.095842e-07, Test pred MSE = 8.632028e-07, Param MSE = 8.883495e-06, Grad norm = 2.281847e-06, Beta update rate = 1.324530e-07
Epoch  96000 (1.9%): Train pred MSE = 1.090651e-07, Test pred MSE = 8.628632e-07, Param MSE = 8.880027e-06, Grad norm = 2.274925e-06, Beta update rate = 1.320018e-07
Epoch  96200 (1.9%): Train pred MSE = 1.085492e-07, Test pred MSE = 8.625249e-07, Param MSE = 8.876572e-06, Grad norm = 2.268034e-06, Beta update rate = 1.315529e-07
Epoch  96400 (1.9%): Train pred MSE = 1.080363e-07, Test pred MSE = 8.621881e-07, Param MSE = 8.873132e-06, Grad norm = 2.261174e-06, Beta update rate = 1.311061e-07
Epoch  96600 (1.9%): Train pred MSE = 1.075266e-07, Test pred MSE = 8.618526e-07, Param MSE = 8.869706e-06, Grad norm = 2.254346e-06, Beta update rate = 1.306615e-07
Epoch  96800 (1.9%): Train pred MSE = 1.070199e-07, Test pred MSE = 8.615184e-07, Param MSE = 8.866293e-06, Grad norm = 2.247548e-06, Beta update rate = 1.302191e-07
Epoch  97000 (1.9%): Train pred MSE = 1.065163e-07, Test pred MSE = 8.611856e-07, Param MSE = 8.862895e-06, Grad norm = 2.240782e-06, Beta update rate = 1.297787e-07
Epoch  97200 (1.9%): Train pred MSE = 1.060157e-07, Test pred MSE = 8.608542e-07, Param MSE = 8.859510e-06, Grad norm = 2.234046e-06, Beta update rate = 1.293405e-07
Epoch  97400 (1.9%): Train pred MSE = 1.055182e-07, Test pred MSE = 8.605240e-07, Param MSE = 8.856138e-06, Grad norm = 2.227340e-06, Beta update rate = 1.289044e-07
Epoch  97600 (2.0%): Train pred MSE = 1.050235e-07, Test pred MSE = 8.601952e-07, Param MSE = 8.852780e-06, Grad norm = 2.220665e-06, Beta update rate = 1.284704e-07
Epoch  97800 (2.0%): Train pred MSE = 1.045319e-07, Test pred MSE = 8.598677e-07, Param MSE = 8.849436e-06, Grad norm = 2.214019e-06, Beta update rate = 1.280385e-07
Epoch  98000 (2.0%): Train pred MSE = 1.040432e-07, Test pred MSE = 8.595416e-07, Param MSE = 8.846105e-06, Grad norm = 2.207404e-06, Beta update rate = 1.276087e-07
Epoch  98200 (2.0%): Train pred MSE = 1.035574e-07, Test pred MSE = 8.592167e-07, Param MSE = 8.842787e-06, Grad norm = 2.200818e-06, Beta update rate = 1.271809e-07
Epoch  98400 (2.0%): Train pred MSE = 1.030745e-07, Test pred MSE = 8.588931e-07, Param MSE = 8.839482e-06, Grad norm = 2.194262e-06, Beta update rate = 1.267552e-07
Epoch  98600 (2.0%): Train pred MSE = 1.025944e-07, Test pred MSE = 8.585708e-07, Param MSE = 8.836191e-06, Grad norm = 2.187735e-06, Beta update rate = 1.263314e-07
Epoch  98800 (2.0%): Train pred MSE = 1.021173e-07, Test pred MSE = 8.582498e-07, Param MSE = 8.832913e-06, Grad norm = 2.181237e-06, Beta update rate = 1.259097e-07
Epoch  99000 (2.0%): Train pred MSE = 1.016429e-07, Test pred MSE = 8.579301e-07, Param MSE = 8.829648e-06, Grad norm = 2.174768e-06, Beta update rate = 1.254901e-07
Epoch  99200 (2.0%): Train pred MSE = 1.011713e-07, Test pred MSE = 8.576117e-07, Param MSE = 8.826395e-06, Grad norm = 2.168328e-06, Beta update rate = 1.250724e-07
Epoch  99400 (2.0%): Train pred MSE = 1.007026e-07, Test pred MSE = 8.572945e-07, Param MSE = 8.823156e-06, Grad norm = 2.161916e-06, Beta update rate = 1.246566e-07
Epoch  99600 (2.0%): Train pred MSE = 1.002366e-07, Test pred MSE = 8.569785e-07, Param MSE = 8.819929e-06, Grad norm = 2.155533e-06, Beta update rate = 1.242429e-07
Epoch  99800 (2.0%): Train pred MSE = 9.977333e-08, Test pred MSE = 8.566639e-07, Param MSE = 8.816716e-06, Grad norm = 2.149178e-06, Beta update rate = 1.238311e-07
Epoch 100000 (2.0%): Train pred MSE = 9.931281e-08, Test pred MSE = 8.563504e-07, Param MSE = 8.813514e-06, Grad norm = 2.142852e-06, Beta update rate = 1.234213e-07
Epoch 100200 (2.0%): Train pred MSE = 9.885498e-08, Test pred MSE = 8.560382e-07, Param MSE = 8.810326e-06, Grad norm = 2.136553e-06, Beta update rate = 1.230133e-07
Epoch 100400 (2.0%): Train pred MSE = 9.839985e-08, Test pred MSE = 8.557272e-07, Param MSE = 8.807150e-06, Grad norm = 2.130282e-06, Beta update rate = 1.226073e-07
Epoch 100600 (2.0%): Train pred MSE = 9.794738e-08, Test pred MSE = 8.554175e-07, Param MSE = 8.803987e-06, Grad norm = 2.124039e-06, Beta update rate = 1.222033e-07
Epoch 100800 (2.0%): Train pred MSE = 9.749755e-08, Test pred MSE = 8.551089e-07, Param MSE = 8.800836e-06, Grad norm = 2.117823e-06, Beta update rate = 1.218011e-07
Epoch 101000 (2.0%): Train pred MSE = 9.705036e-08, Test pred MSE = 8.548016e-07, Param MSE = 8.797697e-06, Grad norm = 2.111634e-06, Beta update rate = 1.214008e-07
Epoch 101200 (2.0%): Train pred MSE = 9.660577e-08, Test pred MSE = 8.544955e-07, Param MSE = 8.794571e-06, Grad norm = 2.105473e-06, Beta update rate = 1.210023e-07
Epoch 101400 (2.0%): Train pred MSE = 9.616377e-08, Test pred MSE = 8.541906e-07, Param MSE = 8.791457e-06, Grad norm = 2.099338e-06, Beta update rate = 1.206058e-07
Epoch 101600 (2.0%): Train pred MSE = 9.572434e-08, Test pred MSE = 8.538869e-07, Param MSE = 8.788355e-06, Grad norm = 2.093230e-06, Beta update rate = 1.202111e-07
Epoch 101800 (2.0%): Train pred MSE = 9.528746e-08, Test pred MSE = 8.535843e-07, Param MSE = 8.785265e-06, Grad norm = 2.087149e-06, Beta update rate = 1.198182e-07
Epoch 102000 (2.0%): Train pred MSE = 9.485311e-08, Test pred MSE = 8.532829e-07, Param MSE = 8.782187e-06, Grad norm = 2.081094e-06, Beta update rate = 1.194271e-07
Epoch 102200 (2.0%): Train pred MSE = 9.442128e-08, Test pred MSE = 8.529828e-07, Param MSE = 8.779121e-06, Grad norm = 2.075066e-06, Beta update rate = 1.190379e-07
Epoch 102400 (2.0%): Train pred MSE = 9.399194e-08, Test pred MSE = 8.526837e-07, Param MSE = 8.776067e-06, Grad norm = 2.069064e-06, Beta update rate = 1.186505e-07
Epoch 102600 (2.1%): Train pred MSE = 9.356509e-08, Test pred MSE = 8.523859e-07, Param MSE = 8.773025e-06, Grad norm = 2.063088e-06, Beta update rate = 1.182649e-07
Epoch 102800 (2.1%): Train pred MSE = 9.314069e-08, Test pred MSE = 8.520892e-07, Param MSE = 8.769995e-06, Grad norm = 2.057138e-06, Beta update rate = 1.178810e-07
Epoch 103000 (2.1%): Train pred MSE = 9.271874e-08, Test pred MSE = 8.517936e-07, Param MSE = 8.766976e-06, Grad norm = 2.051213e-06, Beta update rate = 1.174990e-07
Epoch 103200 (2.1%): Train pred MSE = 9.229921e-08, Test pred MSE = 8.514992e-07, Param MSE = 8.763970e-06, Grad norm = 2.045314e-06, Beta update rate = 1.171187e-07
Epoch 103400 (2.1%): Train pred MSE = 9.188209e-08, Test pred MSE = 8.512059e-07, Param MSE = 8.760974e-06, Grad norm = 2.039440e-06, Beta update rate = 1.167401e-07
Epoch 103600 (2.1%): Train pred MSE = 9.146736e-08, Test pred MSE = 8.509137e-07, Param MSE = 8.757991e-06, Grad norm = 2.033592e-06, Beta update rate = 1.163633e-07
Epoch 103800 (2.1%): Train pred MSE = 9.105500e-08, Test pred MSE = 8.506227e-07, Param MSE = 8.755018e-06, Grad norm = 2.027769e-06, Beta update rate = 1.159882e-07
Epoch 104000 (2.1%): Train pred MSE = 9.064500e-08, Test pred MSE = 8.503328e-07, Param MSE = 8.752058e-06, Grad norm = 2.021970e-06, Beta update rate = 1.156149e-07
Epoch 104200 (2.1%): Train pred MSE = 9.023734e-08, Test pred MSE = 8.500440e-07, Param MSE = 8.749108e-06, Grad norm = 2.016197e-06, Beta update rate = 1.152432e-07
Epoch 104400 (2.1%): Train pred MSE = 8.983200e-08, Test pred MSE = 8.497563e-07, Param MSE = 8.746170e-06, Grad norm = 2.010448e-06, Beta update rate = 1.148733e-07
Epoch 104600 (2.1%): Train pred MSE = 8.942897e-08, Test pred MSE = 8.494698e-07, Param MSE = 8.743243e-06, Grad norm = 2.004724e-06, Beta update rate = 1.145050e-07
Epoch 104800 (2.1%): Train pred MSE = 8.902823e-08, Test pred MSE = 8.491843e-07, Param MSE = 8.740328e-06, Grad norm = 1.999024e-06, Beta update rate = 1.141384e-07
Epoch 105000 (2.1%): Train pred MSE = 8.862976e-08, Test pred MSE = 8.488999e-07, Param MSE = 8.737423e-06, Grad norm = 1.993348e-06, Beta update rate = 1.137735e-07
Epoch 105200 (2.1%): Train pred MSE = 8.823355e-08, Test pred MSE = 8.486166e-07, Param MSE = 8.734530e-06, Grad norm = 1.987697e-06, Beta update rate = 1.134103e-07
Epoch 105400 (2.1%): Train pred MSE = 8.783959e-08, Test pred MSE = 8.483344e-07, Param MSE = 8.731647e-06, Grad norm = 1.982069e-06, Beta update rate = 1.130487e-07
Epoch 105600 (2.1%): Train pred MSE = 8.744784e-08, Test pred MSE = 8.480532e-07, Param MSE = 8.728776e-06, Grad norm = 1.976466e-06, Beta update rate = 1.126887e-07
Epoch 105800 (2.1%): Train pred MSE = 8.705831e-08, Test pred MSE = 8.477731e-07, Param MSE = 8.725916e-06, Grad norm = 1.970886e-06, Beta update rate = 1.123304e-07
Epoch 106000 (2.1%): Train pred MSE = 8.667098e-08, Test pred MSE = 8.474941e-07, Param MSE = 8.723066e-06, Grad norm = 1.965329e-06, Beta update rate = 1.119737e-07
Epoch 106200 (2.1%): Train pred MSE = 8.628582e-08, Test pred MSE = 8.472161e-07, Param MSE = 8.720227e-06, Grad norm = 1.959796e-06, Beta update rate = 1.116186e-07
Epoch 106400 (2.1%): Train pred MSE = 8.590283e-08, Test pred MSE = 8.469392e-07, Param MSE = 8.717399e-06, Grad norm = 1.954286e-06, Beta update rate = 1.112652e-07
Epoch 106600 (2.1%): Train pred MSE = 8.552198e-08, Test pred MSE = 8.466634e-07, Param MSE = 8.714582e-06, Grad norm = 1.948800e-06, Beta update rate = 1.109133e-07
Epoch 106800 (2.1%): Train pred MSE = 8.514328e-08, Test pred MSE = 8.463886e-07, Param MSE = 8.711775e-06, Grad norm = 1.943336e-06, Beta update rate = 1.105630e-07
Epoch 107000 (2.1%): Train pred MSE = 8.476668e-08, Test pred MSE = 8.461148e-07, Param MSE = 8.708979e-06, Grad norm = 1.937896e-06, Beta update rate = 1.102142e-07
Epoch 107200 (2.1%): Train pred MSE = 8.439220e-08, Test pred MSE = 8.458420e-07, Param MSE = 8.706193e-06, Grad norm = 1.932478e-06, Beta update rate = 1.098670e-07
Epoch 107400 (2.1%): Train pred MSE = 8.401980e-08, Test pred MSE = 8.455703e-07, Param MSE = 8.703418e-06, Grad norm = 1.927082e-06, Beta update rate = 1.095214e-07
Epoch 107600 (2.2%): Train pred MSE = 8.364948e-08, Test pred MSE = 8.452996e-07, Param MSE = 8.700653e-06, Grad norm = 1.921710e-06, Beta update rate = 1.091774e-07
Epoch 107800 (2.2%): Train pred MSE = 8.328122e-08, Test pred MSE = 8.450299e-07, Param MSE = 8.697899e-06, Grad norm = 1.916359e-06, Beta update rate = 1.088348e-07
Epoch 108000 (2.2%): Train pred MSE = 8.291500e-08, Test pred MSE = 8.447612e-07, Param MSE = 8.695155e-06, Grad norm = 1.911031e-06, Beta update rate = 1.084938e-07
Epoch 108200 (2.2%): Train pred MSE = 8.255082e-08, Test pred MSE = 8.444936e-07, Param MSE = 8.692421e-06, Grad norm = 1.905725e-06, Beta update rate = 1.081544e-07
Epoch 108400 (2.2%): Train pred MSE = 8.218866e-08, Test pred MSE = 8.442269e-07, Param MSE = 8.689698e-06, Grad norm = 1.900441e-06, Beta update rate = 1.078164e-07
Epoch 108600 (2.2%): Train pred MSE = 8.182850e-08, Test pred MSE = 8.439612e-07, Param MSE = 8.686985e-06, Grad norm = 1.895179e-06, Beta update rate = 1.074799e-07
Epoch 108800 (2.2%): Train pred MSE = 8.147033e-08, Test pred MSE = 8.436966e-07, Param MSE = 8.684282e-06, Grad norm = 1.889938e-06, Beta update rate = 1.071449e-07
Epoch 109000 (2.2%): Train pred MSE = 8.111413e-08, Test pred MSE = 8.434329e-07, Param MSE = 8.681588e-06, Grad norm = 1.884720e-06, Beta update rate = 1.068114e-07
Epoch 109200 (2.2%): Train pred MSE = 8.075990e-08, Test pred MSE = 8.431702e-07, Param MSE = 8.678905e-06, Grad norm = 1.879522e-06, Beta update rate = 1.064794e-07
Epoch 109400 (2.2%): Train pred MSE = 8.040762e-08, Test pred MSE = 8.429084e-07, Param MSE = 8.676232e-06, Grad norm = 1.874346e-06, Beta update rate = 1.061489e-07
Epoch 109600 (2.2%): Train pred MSE = 8.005728e-08, Test pred MSE = 8.426477e-07, Param MSE = 8.673569e-06, Grad norm = 1.869192e-06, Beta update rate = 1.058198e-07
Epoch 109800 (2.2%): Train pred MSE = 7.970886e-08, Test pred MSE = 8.423879e-07, Param MSE = 8.670916e-06, Grad norm = 1.864058e-06, Beta update rate = 1.054922e-07
Epoch 110000 (2.2%): Train pred MSE = 7.936235e-08, Test pred MSE = 8.421290e-07, Param MSE = 8.668272e-06, Grad norm = 1.858946e-06, Beta update rate = 1.051660e-07
Epoch 110200 (2.2%): Train pred MSE = 7.901773e-08, Test pred MSE = 8.418711e-07, Param MSE = 8.665639e-06, Grad norm = 1.853854e-06, Beta update rate = 1.048412e-07
Epoch 110400 (2.2%): Train pred MSE = 7.867500e-08, Test pred MSE = 8.416142e-07, Param MSE = 8.663015e-06, Grad norm = 1.848783e-06, Beta update rate = 1.045179e-07
Epoch 110600 (2.2%): Train pred MSE = 7.833414e-08, Test pred MSE = 8.413582e-07, Param MSE = 8.660400e-06, Grad norm = 1.843733e-06, Beta update rate = 1.041960e-07
Epoch 110800 (2.2%): Train pred MSE = 7.799514e-08, Test pred MSE = 8.411032e-07, Param MSE = 8.657796e-06, Grad norm = 1.838704e-06, Beta update rate = 1.038754e-07
Epoch 111000 (2.2%): Train pred MSE = 7.765798e-08, Test pred MSE = 8.408491e-07, Param MSE = 8.655201e-06, Grad norm = 1.833695e-06, Beta update rate = 1.035563e-07
Epoch 111200 (2.2%): Train pred MSE = 7.732266e-08, Test pred MSE = 8.405960e-07, Param MSE = 8.652615e-06, Grad norm = 1.828706e-06, Beta update rate = 1.032386e-07
Epoch 111400 (2.2%): Train pred MSE = 7.698916e-08, Test pred MSE = 8.403437e-07, Param MSE = 8.650039e-06, Grad norm = 1.823738e-06, Beta update rate = 1.029223e-07
Epoch 111600 (2.2%): Train pred MSE = 7.665747e-08, Test pred MSE = 8.400924e-07, Param MSE = 8.647472e-06, Grad norm = 1.818789e-06, Beta update rate = 1.026073e-07
Epoch 111800 (2.2%): Train pred MSE = 7.632757e-08, Test pred MSE = 8.398420e-07, Param MSE = 8.644915e-06, Grad norm = 1.813861e-06, Beta update rate = 1.022938e-07
Epoch 112000 (2.2%): Train pred MSE = 7.599946e-08, Test pred MSE = 8.395926e-07, Param MSE = 8.642367e-06, Grad norm = 1.808952e-06, Beta update rate = 1.019815e-07
Epoch 112200 (2.2%): Train pred MSE = 7.567312e-08, Test pred MSE = 8.393440e-07, Param MSE = 8.639829e-06, Grad norm = 1.804063e-06, Beta update rate = 1.016707e-07
Epoch 112400 (2.2%): Train pred MSE = 7.534854e-08, Test pred MSE = 8.390963e-07, Param MSE = 8.637300e-06, Grad norm = 1.799194e-06, Beta update rate = 1.013612e-07
Epoch 112600 (2.3%): Train pred MSE = 7.502571e-08, Test pred MSE = 8.388496e-07, Param MSE = 8.634780e-06, Grad norm = 1.794345e-06, Beta update rate = 1.010530e-07
Epoch 112800 (2.3%): Train pred MSE = 7.470461e-08, Test pred MSE = 8.386037e-07, Param MSE = 8.632269e-06, Grad norm = 1.789515e-06, Beta update rate = 1.007461e-07
Epoch 113000 (2.3%): Train pred MSE = 7.438524e-08, Test pred MSE = 8.383588e-07, Param MSE = 8.629767e-06, Grad norm = 1.784704e-06, Beta update rate = 1.004406e-07
Epoch 113200 (2.3%): Train pred MSE = 7.406759e-08, Test pred MSE = 8.381147e-07, Param MSE = 8.627274e-06, Grad norm = 1.779913e-06, Beta update rate = 1.001364e-07
Epoch 113400 (2.3%): Train pred MSE = 7.375164e-08, Test pred MSE = 8.378715e-07, Param MSE = 8.624791e-06, Grad norm = 1.775140e-06, Beta update rate = 9.983349e-08
Epoch 113600 (2.3%): Train pred MSE = 7.343737e-08, Test pred MSE = 8.376292e-07, Param MSE = 8.622316e-06, Grad norm = 1.770387e-06, Beta update rate = 9.953189e-08
Epoch 113800 (2.3%): Train pred MSE = 7.312479e-08, Test pred MSE = 8.373878e-07, Param MSE = 8.619851e-06, Grad norm = 1.765653e-06, Beta update rate = 9.923158e-08
Epoch 114000 (2.3%): Train pred MSE = 7.281388e-08, Test pred MSE = 8.371473e-07, Param MSE = 8.617394e-06, Grad norm = 1.760937e-06, Beta update rate = 9.893256e-08
Epoch 114200 (2.3%): Train pred MSE = 7.250462e-08, Test pred MSE = 8.369076e-07, Param MSE = 8.614946e-06, Grad norm = 1.756240e-06, Beta update rate = 9.863482e-08
Epoch 114400 (2.3%): Train pred MSE = 7.219701e-08, Test pred MSE = 8.366687e-07, Param MSE = 8.612507e-06, Grad norm = 1.751562e-06, Beta update rate = 9.833836e-08
Epoch 114600 (2.3%): Train pred MSE = 7.189103e-08, Test pred MSE = 8.364308e-07, Param MSE = 8.610077e-06, Grad norm = 1.746903e-06, Beta update rate = 9.804315e-08
Epoch 114800 (2.3%): Train pred MSE = 7.158668e-08, Test pred MSE = 8.361937e-07, Param MSE = 8.607655e-06, Grad norm = 1.742261e-06, Beta update rate = 9.774921e-08
Epoch 115000 (2.3%): Train pred MSE = 7.128395e-08, Test pred MSE = 8.359574e-07, Param MSE = 8.605243e-06, Grad norm = 1.737638e-06, Beta update rate = 9.745652e-08
Epoch 115200 (2.3%): Train pred MSE = 7.098282e-08, Test pred MSE = 8.357220e-07, Param MSE = 8.602838e-06, Grad norm = 1.733034e-06, Beta update rate = 9.716507e-08
Epoch 115400 (2.3%): Train pred MSE = 7.068328e-08, Test pred MSE = 8.354875e-07, Param MSE = 8.600443e-06, Grad norm = 1.728447e-06, Beta update rate = 9.687486e-08
Epoch 115600 (2.3%): Train pred MSE = 7.038532e-08, Test pred MSE = 8.352537e-07, Param MSE = 8.598056e-06, Grad norm = 1.723879e-06, Beta update rate = 9.658588e-08
Epoch 115800 (2.3%): Train pred MSE = 7.008893e-08, Test pred MSE = 8.350209e-07, Param MSE = 8.595678e-06, Grad norm = 1.719328e-06, Beta update rate = 9.629812e-08
Epoch 116000 (2.3%): Train pred MSE = 6.979411e-08, Test pred MSE = 8.347888e-07, Param MSE = 8.593308e-06, Grad norm = 1.714795e-06, Beta update rate = 9.601158e-08
Epoch 116200 (2.3%): Train pred MSE = 6.950084e-08, Test pred MSE = 8.345576e-07, Param MSE = 8.590946e-06, Grad norm = 1.710280e-06, Beta update rate = 9.572625e-08
Epoch 116400 (2.3%): Train pred MSE = 6.920910e-08, Test pred MSE = 8.343272e-07, Param MSE = 8.588593e-06, Grad norm = 1.705783e-06, Beta update rate = 9.544212e-08
Epoch 116600 (2.3%): Train pred MSE = 6.891890e-08, Test pred MSE = 8.340976e-07, Param MSE = 8.586249e-06, Grad norm = 1.701303e-06, Beta update rate = 9.515919e-08
Epoch 116800 (2.3%): Train pred MSE = 6.863023e-08, Test pred MSE = 8.338688e-07, Param MSE = 8.583912e-06, Grad norm = 1.696841e-06, Beta update rate = 9.487745e-08
Epoch 117000 (2.3%): Train pred MSE = 6.834306e-08, Test pred MSE = 8.336409e-07, Param MSE = 8.581584e-06, Grad norm = 1.692396e-06, Beta update rate = 9.459690e-08
Epoch 117200 (2.3%): Train pred MSE = 6.805739e-08, Test pred MSE = 8.334137e-07, Param MSE = 8.579265e-06, Grad norm = 1.687968e-06, Beta update rate = 9.431752e-08
Epoch 117400 (2.3%): Train pred MSE = 6.777322e-08, Test pred MSE = 8.331874e-07, Param MSE = 8.576953e-06, Grad norm = 1.683557e-06, Beta update rate = 9.403931e-08
Epoch 117600 (2.4%): Train pred MSE = 6.749053e-08, Test pred MSE = 8.329618e-07, Param MSE = 8.574650e-06, Grad norm = 1.679164e-06, Beta update rate = 9.376226e-08
Epoch 117800 (2.4%): Train pred MSE = 6.720931e-08, Test pred MSE = 8.327371e-07, Param MSE = 8.572354e-06, Grad norm = 1.674787e-06, Beta update rate = 9.348637e-08
Epoch 118000 (2.4%): Train pred MSE = 6.692955e-08, Test pred MSE = 8.325132e-07, Param MSE = 8.570067e-06, Grad norm = 1.670428e-06, Beta update rate = 9.321164e-08
Epoch 118200 (2.4%): Train pred MSE = 6.665125e-08, Test pred MSE = 8.322900e-07, Param MSE = 8.567788e-06, Grad norm = 1.666085e-06, Beta update rate = 9.293805e-08
Epoch 118400 (2.4%): Train pred MSE = 6.637439e-08, Test pred MSE = 8.320676e-07, Param MSE = 8.565517e-06, Grad norm = 1.661759e-06, Beta update rate = 9.266559e-08
Epoch 118600 (2.4%): Train pred MSE = 6.609897e-08, Test pred MSE = 8.318460e-07, Param MSE = 8.563254e-06, Grad norm = 1.657449e-06, Beta update rate = 9.239427e-08
Epoch 118800 (2.4%): Train pred MSE = 6.582497e-08, Test pred MSE = 8.316252e-07, Param MSE = 8.560999e-06, Grad norm = 1.653156e-06, Beta update rate = 9.212408e-08
Epoch 119000 (2.4%): Train pred MSE = 6.555239e-08, Test pred MSE = 8.314052e-07, Param MSE = 8.558752e-06, Grad norm = 1.648880e-06, Beta update rate = 9.185501e-08
Epoch 119200 (2.4%): Train pred MSE = 6.528122e-08, Test pred MSE = 8.311859e-07, Param MSE = 8.556513e-06, Grad norm = 1.644620e-06, Beta update rate = 9.158705e-08
Epoch 119400 (2.4%): Train pred MSE = 6.501145e-08, Test pred MSE = 8.309674e-07, Param MSE = 8.554282e-06, Grad norm = 1.640376e-06, Beta update rate = 9.132020e-08
Epoch 119600 (2.4%): Train pred MSE = 6.474306e-08, Test pred MSE = 8.307497e-07, Param MSE = 8.552058e-06, Grad norm = 1.636149e-06, Beta update rate = 9.105445e-08
Epoch 119800 (2.4%): Train pred MSE = 6.447606e-08, Test pred MSE = 8.305327e-07, Param MSE = 8.549842e-06, Grad norm = 1.631937e-06, Beta update rate = 9.078980e-08
Epoch 120000 (2.4%): Train pred MSE = 6.421042e-08, Test pred MSE = 8.303165e-07, Param MSE = 8.547634e-06, Grad norm = 1.627742e-06, Beta update rate = 9.052623e-08
Epoch 120200 (2.4%): Train pred MSE = 6.394616e-08, Test pred MSE = 8.301010e-07, Param MSE = 8.545434e-06, Grad norm = 1.623563e-06, Beta update rate = 9.026375e-08
Epoch 120400 (2.4%): Train pred MSE = 6.368324e-08, Test pred MSE = 8.298863e-07, Param MSE = 8.543241e-06, Grad norm = 1.619399e-06, Beta update rate = 9.000235e-08
Epoch 120600 (2.4%): Train pred MSE = 6.342167e-08, Test pred MSE = 8.296723e-07, Param MSE = 8.541056e-06, Grad norm = 1.615251e-06, Beta update rate = 8.974203e-08
Epoch 120800 (2.4%): Train pred MSE = 6.316144e-08, Test pred MSE = 8.294591e-07, Param MSE = 8.538878e-06, Grad norm = 1.611119e-06, Beta update rate = 8.948277e-08
Epoch 121000 (2.4%): Train pred MSE = 6.290254e-08, Test pred MSE = 8.292466e-07, Param MSE = 8.536708e-06, Grad norm = 1.607003e-06, Beta update rate = 8.922457e-08
Epoch 121200 (2.4%): Train pred MSE = 6.264496e-08, Test pred MSE = 8.290349e-07, Param MSE = 8.534546e-06, Grad norm = 1.602902e-06, Beta update rate = 8.896742e-08
Epoch 121400 (2.4%): Train pred MSE = 6.238869e-08, Test pred MSE = 8.288239e-07, Param MSE = 8.532391e-06, Grad norm = 1.598817e-06, Beta update rate = 8.871133e-08
Epoch 121600 (2.4%): Train pred MSE = 6.213372e-08, Test pred MSE = 8.286136e-07, Param MSE = 8.530244e-06, Grad norm = 1.594747e-06, Beta update rate = 8.845628e-08
Epoch 121800 (2.4%): Train pred MSE = 6.188005e-08, Test pred MSE = 8.284040e-07, Param MSE = 8.528103e-06, Grad norm = 1.590692e-06, Beta update rate = 8.820227e-08
Epoch 122000 (2.4%): Train pred MSE = 6.162767e-08, Test pred MSE = 8.281952e-07, Param MSE = 8.525971e-06, Grad norm = 1.586652e-06, Beta update rate = 8.794929e-08
Epoch 122200 (2.4%): Train pred MSE = 6.137656e-08, Test pred MSE = 8.279871e-07, Param MSE = 8.523846e-06, Grad norm = 1.582628e-06, Beta update rate = 8.769734e-08
Epoch 122400 (2.4%): Train pred MSE = 6.112673e-08, Test pred MSE = 8.277797e-07, Param MSE = 8.521728e-06, Grad norm = 1.578619e-06, Beta update rate = 8.744641e-08
Epoch 122600 (2.5%): Train pred MSE = 6.087816e-08, Test pred MSE = 8.275730e-07, Param MSE = 8.519617e-06, Grad norm = 1.574624e-06, Beta update rate = 8.719650e-08
Epoch 122800 (2.5%): Train pred MSE = 6.063085e-08, Test pred MSE = 8.273670e-07, Param MSE = 8.517513e-06, Grad norm = 1.570645e-06, Beta update rate = 8.694760e-08
Epoch 123000 (2.5%): Train pred MSE = 6.038478e-08, Test pred MSE = 8.271617e-07, Param MSE = 8.515417e-06, Grad norm = 1.566681e-06, Beta update rate = 8.669970e-08
Epoch 123200 (2.5%): Train pred MSE = 6.013996e-08, Test pred MSE = 8.269572e-07, Param MSE = 8.513328e-06, Grad norm = 1.562731e-06, Beta update rate = 8.645281e-08
Epoch 123400 (2.5%): Train pred MSE = 5.989637e-08, Test pred MSE = 8.267533e-07, Param MSE = 8.511246e-06, Grad norm = 1.558796e-06, Beta update rate = 8.620691e-08
Epoch 123600 (2.5%): Train pred MSE = 5.965400e-08, Test pred MSE = 8.265501e-07, Param MSE = 8.509172e-06, Grad norm = 1.554875e-06, Beta update rate = 8.596200e-08
Epoch 123800 (2.5%): Train pred MSE = 5.941284e-08, Test pred MSE = 8.263476e-07, Param MSE = 8.507104e-06, Grad norm = 1.550969e-06, Beta update rate = 8.571807e-08
Epoch 124000 (2.5%): Train pred MSE = 5.917290e-08, Test pred MSE = 8.261459e-07, Param MSE = 8.505043e-06, Grad norm = 1.547078e-06, Beta update rate = 8.547512e-08
Epoch 124200 (2.5%): Train pred MSE = 5.893416e-08, Test pred MSE = 8.259448e-07, Param MSE = 8.502990e-06, Grad norm = 1.543201e-06, Beta update rate = 8.523315e-08
Epoch 124400 (2.5%): Train pred MSE = 5.869662e-08, Test pred MSE = 8.257443e-07, Param MSE = 8.500943e-06, Grad norm = 1.539338e-06, Beta update rate = 8.499215e-08
Epoch 124600 (2.5%): Train pred MSE = 5.846026e-08, Test pred MSE = 8.255446e-07, Param MSE = 8.498904e-06, Grad norm = 1.535489e-06, Beta update rate = 8.475211e-08
Epoch 124800 (2.5%): Train pred MSE = 5.822508e-08, Test pred MSE = 8.253456e-07, Param MSE = 8.496871e-06, Grad norm = 1.531655e-06, Beta update rate = 8.451303e-08
Epoch 125000 (2.5%): Train pred MSE = 5.799107e-08, Test pred MSE = 8.251472e-07, Param MSE = 8.494845e-06, Grad norm = 1.527835e-06, Beta update rate = 8.427491e-08
Epoch 125200 (2.5%): Train pred MSE = 5.775823e-08, Test pred MSE = 8.249495e-07, Param MSE = 8.492826e-06, Grad norm = 1.524028e-06, Beta update rate = 8.403773e-08
Epoch 125400 (2.5%): Train pred MSE = 5.752654e-08, Test pred MSE = 8.247524e-07, Param MSE = 8.490814e-06, Grad norm = 1.520236e-06, Beta update rate = 8.380150e-08
Epoch 125600 (2.5%): Train pred MSE = 5.729601e-08, Test pred MSE = 8.245561e-07, Param MSE = 8.488809e-06, Grad norm = 1.516458e-06, Beta update rate = 8.356620e-08
Epoch 125800 (2.5%): Train pred MSE = 5.706662e-08, Test pred MSE = 8.243604e-07, Param MSE = 8.486810e-06, Grad norm = 1.512693e-06, Beta update rate = 8.333184e-08
Epoch 126000 (2.5%): Train pred MSE = 5.683837e-08, Test pred MSE = 8.241653e-07, Param MSE = 8.484819e-06, Grad norm = 1.508942e-06, Beta update rate = 8.309841e-08
Epoch 126200 (2.5%): Train pred MSE = 5.661124e-08, Test pred MSE = 8.239709e-07, Param MSE = 8.482834e-06, Grad norm = 1.505205e-06, Beta update rate = 8.286591e-08
Epoch 126400 (2.5%): Train pred MSE = 5.638525e-08, Test pred MSE = 8.237772e-07, Param MSE = 8.480855e-06, Grad norm = 1.501482e-06, Beta update rate = 8.263432e-08
Epoch 126600 (2.5%): Train pred MSE = 5.616036e-08, Test pred MSE = 8.235841e-07, Param MSE = 8.478884e-06, Grad norm = 1.497772e-06, Beta update rate = 8.240365e-08
Epoch 126800 (2.5%): Train pred MSE = 5.593659e-08, Test pred MSE = 8.233917e-07, Param MSE = 8.476919e-06, Grad norm = 1.494075e-06, Beta update rate = 8.217389e-08
Epoch 127000 (2.5%): Train pred MSE = 5.571392e-08, Test pred MSE = 8.231999e-07, Param MSE = 8.474960e-06, Grad norm = 1.490392e-06, Beta update rate = 8.194503e-08
Epoch 127200 (2.5%): Train pred MSE = 5.549234e-08, Test pred MSE = 8.230087e-07, Param MSE = 8.473008e-06, Grad norm = 1.486722e-06, Beta update rate = 8.171708e-08
Epoch 127400 (2.5%): Train pred MSE = 5.527185e-08, Test pred MSE = 8.228182e-07, Param MSE = 8.471063e-06, Grad norm = 1.483066e-06, Beta update rate = 8.149002e-08
Epoch 127600 (2.6%): Train pred MSE = 5.505245e-08, Test pred MSE = 8.226284e-07, Param MSE = 8.469124e-06, Grad norm = 1.479422e-06, Beta update rate = 8.126385e-08
Epoch 127800 (2.6%): Train pred MSE = 5.483412e-08, Test pred MSE = 8.224391e-07, Param MSE = 8.467192e-06, Grad norm = 1.475792e-06, Beta update rate = 8.103857e-08
Epoch 128000 (2.6%): Train pred MSE = 5.461686e-08, Test pred MSE = 8.222505e-07, Param MSE = 8.465266e-06, Grad norm = 1.472175e-06, Beta update rate = 8.081417e-08
Epoch 128200 (2.6%): Train pred MSE = 5.440067e-08, Test pred MSE = 8.220626e-07, Param MSE = 8.463347e-06, Grad norm = 1.468571e-06, Beta update rate = 8.059065e-08
Epoch 128400 (2.6%): Train pred MSE = 5.418553e-08, Test pred MSE = 8.218752e-07, Param MSE = 8.461434e-06, Grad norm = 1.464980e-06, Beta update rate = 8.036800e-08
Epoch 128600 (2.6%): Train pred MSE = 5.397144e-08, Test pred MSE = 8.216885e-07, Param MSE = 8.459527e-06, Grad norm = 1.461402e-06, Beta update rate = 8.014622e-08
Epoch 128800 (2.6%): Train pred MSE = 5.375839e-08, Test pred MSE = 8.215024e-07, Param MSE = 8.457627e-06, Grad norm = 1.457836e-06, Beta update rate = 7.992530e-08
Epoch 129000 (2.6%): Train pred MSE = 5.354639e-08, Test pred MSE = 8.213169e-07, Param MSE = 8.455733e-06, Grad norm = 1.454283e-06, Beta update rate = 7.970525e-08
Epoch 129200 (2.6%): Train pred MSE = 5.333541e-08, Test pred MSE = 8.211320e-07, Param MSE = 8.453845e-06, Grad norm = 1.450743e-06, Beta update rate = 7.948605e-08
Epoch 129400 (2.6%): Train pred MSE = 5.312546e-08, Test pred MSE = 8.209478e-07, Param MSE = 8.451964e-06, Grad norm = 1.447216e-06, Beta update rate = 7.926770e-08
Epoch 129600 (2.6%): Train pred MSE = 5.291653e-08, Test pred MSE = 8.207641e-07, Param MSE = 8.450088e-06, Grad norm = 1.443701e-06, Beta update rate = 7.905020e-08
Epoch 129800 (2.6%): Train pred MSE = 5.270861e-08, Test pred MSE = 8.205811e-07, Param MSE = 8.448219e-06, Grad norm = 1.440199e-06, Beta update rate = 7.883353e-08
Epoch 130000 (2.6%): Train pred MSE = 5.250170e-08, Test pred MSE = 8.203987e-07, Param MSE = 8.446356e-06, Grad norm = 1.436709e-06, Beta update rate = 7.861771e-08
Epoch 130200 (2.6%): Train pred MSE = 5.229579e-08, Test pred MSE = 8.202168e-07, Param MSE = 8.444500e-06, Grad norm = 1.433232e-06, Beta update rate = 7.840272e-08
Epoch 130400 (2.6%): Train pred MSE = 5.209088e-08, Test pred MSE = 8.200356e-07, Param MSE = 8.442649e-06, Grad norm = 1.429767e-06, Beta update rate = 7.818856e-08
Epoch 130600 (2.6%): Train pred MSE = 5.188695e-08, Test pred MSE = 8.198550e-07, Param MSE = 8.440805e-06, Grad norm = 1.426314e-06, Beta update rate = 7.797523e-08
Epoch 130800 (2.6%): Train pred MSE = 5.168401e-08, Test pred MSE = 8.196749e-07, Param MSE = 8.438966e-06, Grad norm = 1.422873e-06, Beta update rate = 7.776272e-08
Epoch 131000 (2.6%): Train pred MSE = 5.148204e-08, Test pred MSE = 8.194955e-07, Param MSE = 8.437134e-06, Grad norm = 1.419445e-06, Beta update rate = 7.755102e-08
Epoch 131200 (2.6%): Train pred MSE = 5.128105e-08, Test pred MSE = 8.193166e-07, Param MSE = 8.435308e-06, Grad norm = 1.416028e-06, Beta update rate = 7.734014e-08
Epoch 131400 (2.6%): Train pred MSE = 5.108102e-08, Test pred MSE = 8.191383e-07, Param MSE = 8.433487e-06, Grad norm = 1.412624e-06, Beta update rate = 7.713006e-08
Epoch 131600 (2.6%): Train pred MSE = 5.088195e-08, Test pred MSE = 8.189606e-07, Param MSE = 8.431673e-06, Grad norm = 1.409232e-06, Beta update rate = 7.692080e-08
Epoch 131800 (2.6%): Train pred MSE = 5.068384e-08, Test pred MSE = 8.187835e-07, Param MSE = 8.429865e-06, Grad norm = 1.405851e-06, Beta update rate = 7.671233e-08
Epoch 132000 (2.6%): Train pred MSE = 5.048667e-08, Test pred MSE = 8.186070e-07, Param MSE = 8.428062e-06, Grad norm = 1.402482e-06, Beta update rate = 7.650465e-08
Epoch 132200 (2.6%): Train pred MSE = 5.029045e-08, Test pred MSE = 8.184310e-07, Param MSE = 8.426266e-06, Grad norm = 1.399126e-06, Beta update rate = 7.629777e-08
Epoch 132400 (2.6%): Train pred MSE = 5.009517e-08, Test pred MSE = 8.182556e-07, Param MSE = 8.424475e-06, Grad norm = 1.395780e-06, Beta update rate = 7.609168e-08
Epoch 132600 (2.7%): Train pred MSE = 4.990082e-08, Test pred MSE = 8.180808e-07, Param MSE = 8.422690e-06, Grad norm = 1.392447e-06, Beta update rate = 7.588638e-08
Epoch 132800 (2.7%): Train pred MSE = 4.970739e-08, Test pred MSE = 8.179066e-07, Param MSE = 8.420911e-06, Grad norm = 1.389125e-06, Beta update rate = 7.568185e-08
Epoch 133000 (2.7%): Train pred MSE = 4.951489e-08, Test pred MSE = 8.177329e-07, Param MSE = 8.419138e-06, Grad norm = 1.385815e-06, Beta update rate = 7.547810e-08
Epoch 133200 (2.7%): Train pred MSE = 4.932330e-08, Test pred MSE = 8.175598e-07, Param MSE = 8.417370e-06, Grad norm = 1.382516e-06, Beta update rate = 7.527512e-08
Epoch 133400 (2.7%): Train pred MSE = 4.913262e-08, Test pred MSE = 8.173873e-07, Param MSE = 8.415608e-06, Grad norm = 1.379229e-06, Beta update rate = 7.507292e-08
Epoch 133600 (2.7%): Train pred MSE = 4.894285e-08, Test pred MSE = 8.172153e-07, Param MSE = 8.413852e-06, Grad norm = 1.375953e-06, Beta update rate = 7.487147e-08
Epoch 133800 (2.7%): Train pred MSE = 4.875398e-08, Test pred MSE = 8.170438e-07, Param MSE = 8.412102e-06, Grad norm = 1.372689e-06, Beta update rate = 7.467079e-08
Epoch 134000 (2.7%): Train pred MSE = 4.856600e-08, Test pred MSE = 8.168730e-07, Param MSE = 8.410357e-06, Grad norm = 1.369435e-06, Beta update rate = 7.447087e-08
Epoch 134200 (2.7%): Train pred MSE = 4.837891e-08, Test pred MSE = 8.167026e-07, Param MSE = 8.408618e-06, Grad norm = 1.366194e-06, Beta update rate = 7.427170e-08
Epoch 134400 (2.7%): Train pred MSE = 4.819271e-08, Test pred MSE = 8.165328e-07, Param MSE = 8.406885e-06, Grad norm = 1.362963e-06, Beta update rate = 7.407328e-08
Epoch 134600 (2.7%): Train pred MSE = 4.800738e-08, Test pred MSE = 8.163636e-07, Param MSE = 8.405157e-06, Grad norm = 1.359743e-06, Beta update rate = 7.387561e-08
Epoch 134800 (2.7%): Train pred MSE = 4.782293e-08, Test pred MSE = 8.161949e-07, Param MSE = 8.403435e-06, Grad norm = 1.356535e-06, Beta update rate = 7.367868e-08
Epoch 135000 (2.7%): Train pred MSE = 4.763935e-08, Test pred MSE = 8.160268e-07, Param MSE = 8.401718e-06, Grad norm = 1.353337e-06, Beta update rate = 7.348249e-08
Epoch 135200 (2.7%): Train pred MSE = 4.745663e-08, Test pred MSE = 8.158592e-07, Param MSE = 8.400007e-06, Grad norm = 1.350151e-06, Beta update rate = 7.328703e-08
Epoch 135400 (2.7%): Train pred MSE = 4.727478e-08, Test pred MSE = 8.156921e-07, Param MSE = 8.398301e-06, Grad norm = 1.346975e-06, Beta update rate = 7.309231e-08
Epoch 135600 (2.7%): Train pred MSE = 4.709377e-08, Test pred MSE = 8.155256e-07, Param MSE = 8.396601e-06, Grad norm = 1.343810e-06, Beta update rate = 7.289831e-08
Epoch 135800 (2.7%): Train pred MSE = 4.691362e-08, Test pred MSE = 8.153596e-07, Param MSE = 8.394906e-06, Grad norm = 1.340656e-06, Beta update rate = 7.270504e-08
Epoch 136000 (2.7%): Train pred MSE = 4.673430e-08, Test pred MSE = 8.151941e-07, Param MSE = 8.393217e-06, Grad norm = 1.337513e-06, Beta update rate = 7.251249e-08
Epoch 136200 (2.7%): Train pred MSE = 4.655583e-08, Test pred MSE = 8.150292e-07, Param MSE = 8.391533e-06, Grad norm = 1.334381e-06, Beta update rate = 7.232065e-08
Epoch 136400 (2.7%): Train pred MSE = 4.637819e-08, Test pred MSE = 8.148648e-07, Param MSE = 8.389854e-06, Grad norm = 1.331259e-06, Beta update rate = 7.212953e-08
Epoch 136600 (2.7%): Train pred MSE = 4.620139e-08, Test pred MSE = 8.147009e-07, Param MSE = 8.388181e-06, Grad norm = 1.328148e-06, Beta update rate = 7.193912e-08
Epoch 136800 (2.7%): Train pred MSE = 4.602540e-08, Test pred MSE = 8.145376e-07, Param MSE = 8.386513e-06, Grad norm = 1.325047e-06, Beta update rate = 7.174942e-08
Epoch 137000 (2.7%): Train pred MSE = 4.585024e-08, Test pred MSE = 8.143747e-07, Param MSE = 8.384851e-06, Grad norm = 1.321957e-06, Beta update rate = 7.156042e-08
Epoch 137200 (2.7%): Train pred MSE = 4.567589e-08, Test pred MSE = 8.142124e-07, Param MSE = 8.383194e-06, Grad norm = 1.318878e-06, Beta update rate = 7.137212e-08
Epoch 137400 (2.7%): Train pred MSE = 4.550236e-08, Test pred MSE = 8.140506e-07, Param MSE = 8.381542e-06, Grad norm = 1.315809e-06, Beta update rate = 7.118452e-08
Epoch 137600 (2.8%): Train pred MSE = 4.532963e-08, Test pred MSE = 8.138893e-07, Param MSE = 8.379895e-06, Grad norm = 1.312750e-06, Beta update rate = 7.099761e-08
Epoch 137800 (2.8%): Train pred MSE = 4.515770e-08, Test pred MSE = 8.137285e-07, Param MSE = 8.378254e-06, Grad norm = 1.309702e-06, Beta update rate = 7.081139e-08
Epoch 138000 (2.8%): Train pred MSE = 4.498657e-08, Test pred MSE = 8.135683e-07, Param MSE = 8.376617e-06, Grad norm = 1.306663e-06, Beta update rate = 7.062586e-08
Epoch 138200 (2.8%): Train pred MSE = 4.481623e-08, Test pred MSE = 8.134085e-07, Param MSE = 8.374986e-06, Grad norm = 1.303636e-06, Beta update rate = 7.044101e-08
Epoch 138400 (2.8%): Train pred MSE = 4.464668e-08, Test pred MSE = 8.132492e-07, Param MSE = 8.373360e-06, Grad norm = 1.300618e-06, Beta update rate = 7.025684e-08
Epoch 138600 (2.8%): Train pred MSE = 4.447791e-08, Test pred MSE = 8.130905e-07, Param MSE = 8.371740e-06, Grad norm = 1.297610e-06, Beta update rate = 7.007335e-08
Epoch 138800 (2.8%): Train pred MSE = 4.430993e-08, Test pred MSE = 8.129322e-07, Param MSE = 8.370124e-06, Grad norm = 1.294613e-06, Beta update rate = 6.989053e-08
Epoch 139000 (2.8%): Train pred MSE = 4.414271e-08, Test pred MSE = 8.127745e-07, Param MSE = 8.368514e-06, Grad norm = 1.291625e-06, Beta update rate = 6.970837e-08
Epoch 139200 (2.8%): Train pred MSE = 4.397627e-08, Test pred MSE = 8.126172e-07, Param MSE = 8.366908e-06, Grad norm = 1.288648e-06, Beta update rate = 6.952689e-08
Epoch 139400 (2.8%): Train pred MSE = 4.381059e-08, Test pred MSE = 8.124605e-07, Param MSE = 8.365308e-06, Grad norm = 1.285680e-06, Beta update rate = 6.934607e-08
Epoch 139600 (2.8%): Train pred MSE = 4.364568e-08, Test pred MSE = 8.123042e-07, Param MSE = 8.363712e-06, Grad norm = 1.282723e-06, Beta update rate = 6.916591e-08
Epoch 139800 (2.8%): Train pred MSE = 4.348152e-08, Test pred MSE = 8.121484e-07, Param MSE = 8.362122e-06, Grad norm = 1.279775e-06, Beta update rate = 6.898641e-08
Epoch 140000 (2.8%): Train pred MSE = 4.331812e-08, Test pred MSE = 8.119931e-07, Param MSE = 8.360537e-06, Grad norm = 1.276837e-06, Beta update rate = 6.880756e-08
Epoch 140200 (2.8%): Train pred MSE = 4.315546e-08, Test pred MSE = 8.118383e-07, Param MSE = 8.358957e-06, Grad norm = 1.273909e-06, Beta update rate = 6.862936e-08
Epoch 140400 (2.8%): Train pred MSE = 4.299355e-08, Test pred MSE = 8.116840e-07, Param MSE = 8.357381e-06, Grad norm = 1.270991e-06, Beta update rate = 6.845181e-08
Epoch 140600 (2.8%): Train pred MSE = 4.283239e-08, Test pred MSE = 8.115302e-07, Param MSE = 8.355811e-06, Grad norm = 1.268082e-06, Beta update rate = 6.827491e-08
Epoch 140800 (2.8%): Train pred MSE = 4.267195e-08, Test pred MSE = 8.113768e-07, Param MSE = 8.354245e-06, Grad norm = 1.265183e-06, Beta update rate = 6.809864e-08
Epoch 141000 (2.8%): Train pred MSE = 4.251225e-08, Test pred MSE = 8.112240e-07, Param MSE = 8.352685e-06, Grad norm = 1.262293e-06, Beta update rate = 6.792302e-08
Epoch 141200 (2.8%): Train pred MSE = 4.235328e-08, Test pred MSE = 8.110716e-07, Param MSE = 8.351129e-06, Grad norm = 1.259413e-06, Beta update rate = 6.774803e-08
Epoch 141400 (2.8%): Train pred MSE = 4.219503e-08, Test pred MSE = 8.109196e-07, Param MSE = 8.349578e-06, Grad norm = 1.256543e-06, Beta update rate = 6.757367e-08
Epoch 141600 (2.8%): Train pred MSE = 4.203750e-08, Test pred MSE = 8.107682e-07, Param MSE = 8.348032e-06, Grad norm = 1.253682e-06, Beta update rate = 6.739994e-08
Epoch 141800 (2.8%): Train pred MSE = 4.188069e-08, Test pred MSE = 8.106172e-07, Param MSE = 8.346491e-06, Grad norm = 1.250830e-06, Beta update rate = 6.722684e-08
Epoch 142000 (2.8%): Train pred MSE = 4.172459e-08, Test pred MSE = 8.104667e-07, Param MSE = 8.344954e-06, Grad norm = 1.247988e-06, Beta update rate = 6.705436e-08
Epoch 142200 (2.8%): Train pred MSE = 4.156920e-08, Test pred MSE = 8.103167e-07, Param MSE = 8.343423e-06, Grad norm = 1.245155e-06, Beta update rate = 6.688250e-08
Epoch 142400 (2.8%): Train pred MSE = 4.141451e-08, Test pred MSE = 8.101671e-07, Param MSE = 8.341896e-06, Grad norm = 1.242331e-06, Beta update rate = 6.671126e-08
Epoch 142600 (2.9%): Train pred MSE = 4.126053e-08, Test pred MSE = 8.100180e-07, Param MSE = 8.340374e-06, Grad norm = 1.239517e-06, Beta update rate = 6.654063e-08
Epoch 142800 (2.9%): Train pred MSE = 4.110724e-08, Test pred MSE = 8.098693e-07, Param MSE = 8.338856e-06, Grad norm = 1.236712e-06, Beta update rate = 6.637062e-08
Epoch 143000 (2.9%): Train pred MSE = 4.095464e-08, Test pred MSE = 8.097211e-07, Param MSE = 8.337343e-06, Grad norm = 1.233916e-06, Beta update rate = 6.620121e-08
Epoch 143200 (2.9%): Train pred MSE = 4.080273e-08, Test pred MSE = 8.095734e-07, Param MSE = 8.335835e-06, Grad norm = 1.231129e-06, Beta update rate = 6.603241e-08
Epoch 143400 (2.9%): Train pred MSE = 4.065151e-08, Test pred MSE = 8.094261e-07, Param MSE = 8.334332e-06, Grad norm = 1.228351e-06, Beta update rate = 6.586422e-08
Epoch 143600 (2.9%): Train pred MSE = 4.050097e-08, Test pred MSE = 8.092793e-07, Param MSE = 8.332833e-06, Grad norm = 1.225583e-06, Beta update rate = 6.569662e-08
Epoch 143800 (2.9%): Train pred MSE = 4.035110e-08, Test pred MSE = 8.091329e-07, Param MSE = 8.331339e-06, Grad norm = 1.222823e-06, Beta update rate = 6.552962e-08
Epoch 144000 (2.9%): Train pred MSE = 4.020191e-08, Test pred MSE = 8.089870e-07, Param MSE = 8.329850e-06, Grad norm = 1.220072e-06, Beta update rate = 6.536322e-08
Epoch 144200 (2.9%): Train pred MSE = 4.005339e-08, Test pred MSE = 8.088415e-07, Param MSE = 8.328365e-06, Grad norm = 1.217330e-06, Beta update rate = 6.519740e-08
Epoch 144400 (2.9%): Train pred MSE = 3.990554e-08, Test pred MSE = 8.086965e-07, Param MSE = 8.326884e-06, Grad norm = 1.214597e-06, Beta update rate = 6.503218e-08
Epoch 144600 (2.9%): Train pred MSE = 3.975834e-08, Test pred MSE = 8.085519e-07, Param MSE = 8.325408e-06, Grad norm = 1.211873e-06, Beta update rate = 6.486754e-08
Epoch 144800 (2.9%): Train pred MSE = 3.961181e-08, Test pred MSE = 8.084078e-07, Param MSE = 8.323937e-06, Grad norm = 1.209158e-06, Beta update rate = 6.470349e-08
Epoch 145000 (2.9%): Train pred MSE = 3.946594e-08, Test pred MSE = 8.082641e-07, Param MSE = 8.322470e-06, Grad norm = 1.206452e-06, Beta update rate = 6.454001e-08
Epoch 145200 (2.9%): Train pred MSE = 3.932071e-08, Test pred MSE = 8.081209e-07, Param MSE = 8.321008e-06, Grad norm = 1.203754e-06, Beta update rate = 6.437712e-08
Epoch 145400 (2.9%): Train pred MSE = 3.917614e-08, Test pred MSE = 8.079780e-07, Param MSE = 8.319550e-06, Grad norm = 1.201065e-06, Beta update rate = 6.421480e-08
Epoch 145600 (2.9%): Train pred MSE = 3.903220e-08, Test pred MSE = 8.078357e-07, Param MSE = 8.318097e-06, Grad norm = 1.198384e-06, Beta update rate = 6.405305e-08
Epoch 145800 (2.9%): Train pred MSE = 3.888891e-08, Test pred MSE = 8.076937e-07, Param MSE = 8.316648e-06, Grad norm = 1.195712e-06, Beta update rate = 6.389187e-08
Epoch 146000 (2.9%): Train pred MSE = 3.874626e-08, Test pred MSE = 8.075522e-07, Param MSE = 8.315204e-06, Grad norm = 1.193049e-06, Beta update rate = 6.373126e-08
Epoch 146200 (2.9%): Train pred MSE = 3.860424e-08, Test pred MSE = 8.074111e-07, Param MSE = 8.313764e-06, Grad norm = 1.190394e-06, Beta update rate = 6.357121e-08
Epoch 146400 (2.9%): Train pred MSE = 3.846286e-08, Test pred MSE = 8.072705e-07, Param MSE = 8.312328e-06, Grad norm = 1.187748e-06, Beta update rate = 6.341173e-08
Epoch 146600 (2.9%): Train pred MSE = 3.832210e-08, Test pred MSE = 8.071302e-07, Param MSE = 8.310897e-06, Grad norm = 1.185110e-06, Beta update rate = 6.325281e-08
Epoch 146800 (2.9%): Train pred MSE = 3.818196e-08, Test pred MSE = 8.069904e-07, Param MSE = 8.309470e-06, Grad norm = 1.182481e-06, Beta update rate = 6.309444e-08
Epoch 147000 (2.9%): Train pred MSE = 3.804245e-08, Test pred MSE = 8.068511e-07, Param MSE = 8.308047e-06, Grad norm = 1.179860e-06, Beta update rate = 6.293662e-08
Epoch 147200 (2.9%): Train pred MSE = 3.790355e-08, Test pred MSE = 8.067121e-07, Param MSE = 8.306629e-06, Grad norm = 1.177247e-06, Beta update rate = 6.277936e-08
Epoch 147400 (2.9%): Train pred MSE = 3.776527e-08, Test pred MSE = 8.065736e-07, Param MSE = 8.305215e-06, Grad norm = 1.174643e-06, Beta update rate = 6.262265e-08
Epoch 147600 (3.0%): Train pred MSE = 3.762760e-08, Test pred MSE = 8.064355e-07, Param MSE = 8.303805e-06, Grad norm = 1.172047e-06, Beta update rate = 6.246649e-08
Epoch 147800 (3.0%): Train pred MSE = 3.749054e-08, Test pred MSE = 8.062978e-07, Param MSE = 8.302400e-06, Grad norm = 1.169459e-06, Beta update rate = 6.231086e-08
Epoch 148000 (3.0%): Train pred MSE = 3.735408e-08, Test pred MSE = 8.061605e-07, Param MSE = 8.300999e-06, Grad norm = 1.166879e-06, Beta update rate = 6.215578e-08
Epoch 148200 (3.0%): Train pred MSE = 3.721822e-08, Test pred MSE = 8.060236e-07, Param MSE = 8.299602e-06, Grad norm = 1.164308e-06, Beta update rate = 6.200124e-08
Epoch 148400 (3.0%): Train pred MSE = 3.708296e-08, Test pred MSE = 8.058872e-07, Param MSE = 8.298209e-06, Grad norm = 1.161744e-06, Beta update rate = 6.184724e-08
Epoch 148600 (3.0%): Train pred MSE = 3.694829e-08, Test pred MSE = 8.057511e-07, Param MSE = 8.296820e-06, Grad norm = 1.159189e-06, Beta update rate = 6.169377e-08
Epoch 148800 (3.0%): Train pred MSE = 3.681422e-08, Test pred MSE = 8.056155e-07, Param MSE = 8.295436e-06, Grad norm = 1.156642e-06, Beta update rate = 6.154083e-08
Epoch 149000 (3.0%): Train pred MSE = 3.668073e-08, Test pred MSE = 8.054803e-07, Param MSE = 8.294056e-06, Grad norm = 1.154103e-06, Beta update rate = 6.138842e-08
Epoch 149200 (3.0%): Train pred MSE = 3.654783e-08, Test pred MSE = 8.053455e-07, Param MSE = 8.292680e-06, Grad norm = 1.151571e-06, Beta update rate = 6.123654e-08
Epoch 149400 (3.0%): Train pred MSE = 3.641551e-08, Test pred MSE = 8.052110e-07, Param MSE = 8.291308e-06, Grad norm = 1.149048e-06, Beta update rate = 6.108519e-08
Epoch 149600 (3.0%): Train pred MSE = 3.628377e-08, Test pred MSE = 8.050770e-07, Param MSE = 8.289940e-06, Grad norm = 1.146533e-06, Beta update rate = 6.093435e-08
Epoch 149800 (3.0%): Train pred MSE = 3.615261e-08, Test pred MSE = 8.049434e-07, Param MSE = 8.288577e-06, Grad norm = 1.144026e-06, Beta update rate = 6.078404e-08
Epoch 150000 (3.0%): Train pred MSE = 3.602202e-08, Test pred MSE = 8.048102e-07, Param MSE = 8.287217e-06, Grad norm = 1.141526e-06, Beta update rate = 6.063424e-08
Epoch 150200 (3.0%): Train pred MSE = 3.589199e-08, Test pred MSE = 8.046774e-07, Param MSE = 8.285862e-06, Grad norm = 1.139034e-06, Beta update rate = 6.048495e-08
Epoch 150400 (3.0%): Train pred MSE = 3.576254e-08, Test pred MSE = 8.045450e-07, Param MSE = 8.284510e-06, Grad norm = 1.136550e-06, Beta update rate = 6.033618e-08
Epoch 150600 (3.0%): Train pred MSE = 3.563365e-08, Test pred MSE = 8.044130e-07, Param MSE = 8.283163e-06, Grad norm = 1.134074e-06, Beta update rate = 6.018792e-08
Epoch 150800 (3.0%): Train pred MSE = 3.550532e-08, Test pred MSE = 8.042813e-07, Param MSE = 8.281819e-06, Grad norm = 1.131606e-06, Beta update rate = 6.004017e-08
Epoch 151000 (3.0%): Train pred MSE = 3.537754e-08, Test pred MSE = 8.041501e-07, Param MSE = 8.280480e-06, Grad norm = 1.129145e-06, Beta update rate = 5.989293e-08
Epoch 151200 (3.0%): Train pred MSE = 3.525033e-08, Test pred MSE = 8.040193e-07, Param MSE = 8.279145e-06, Grad norm = 1.126692e-06, Beta update rate = 5.974618e-08
Epoch 151400 (3.0%): Train pred MSE = 3.512366e-08, Test pred MSE = 8.038888e-07, Param MSE = 8.277813e-06, Grad norm = 1.124246e-06, Beta update rate = 5.959994e-08
Epoch 151600 (3.0%): Train pred MSE = 3.499754e-08, Test pred MSE = 8.037587e-07, Param MSE = 8.276486e-06, Grad norm = 1.121808e-06, Beta update rate = 5.945420e-08
Epoch 151800 (3.0%): Train pred MSE = 3.487197e-08, Test pred MSE = 8.036291e-07, Param MSE = 8.275163e-06, Grad norm = 1.119378e-06, Beta update rate = 5.930896e-08
Epoch 152000 (3.0%): Train pred MSE = 3.474695e-08, Test pred MSE = 8.034998e-07, Param MSE = 8.273843e-06, Grad norm = 1.116955e-06, Beta update rate = 5.916420e-08
Epoch 152200 (3.0%): Train pred MSE = 3.462246e-08, Test pred MSE = 8.033709e-07, Param MSE = 8.272527e-06, Grad norm = 1.114539e-06, Beta update rate = 5.901995e-08
Epoch 152400 (3.0%): Train pred MSE = 3.449851e-08, Test pred MSE = 8.032423e-07, Param MSE = 8.271216e-06, Grad norm = 1.112131e-06, Beta update rate = 5.887618e-08
Epoch 152600 (3.1%): Train pred MSE = 3.437510e-08, Test pred MSE = 8.031142e-07, Param MSE = 8.269908e-06, Grad norm = 1.109731e-06, Beta update rate = 5.873290e-08
Epoch 152800 (3.1%): Train pred MSE = 3.425221e-08, Test pred MSE = 8.029864e-07, Param MSE = 8.268604e-06, Grad norm = 1.107338e-06, Beta update rate = 5.859010e-08
Epoch 153000 (3.1%): Train pred MSE = 3.412986e-08, Test pred MSE = 8.028590e-07, Param MSE = 8.267304e-06, Grad norm = 1.104952e-06, Beta update rate = 5.844779e-08
Epoch 153200 (3.1%): Train pred MSE = 3.400803e-08, Test pred MSE = 8.027320e-07, Param MSE = 8.266008e-06, Grad norm = 1.102574e-06, Beta update rate = 5.830596e-08
Epoch 153400 (3.1%): Train pred MSE = 3.388673e-08, Test pred MSE = 8.026053e-07, Param MSE = 8.264715e-06, Grad norm = 1.100203e-06, Beta update rate = 5.816461e-08
Epoch 153600 (3.1%): Train pred MSE = 3.376595e-08, Test pred MSE = 8.024791e-07, Param MSE = 8.263427e-06, Grad norm = 1.097839e-06, Beta update rate = 5.802373e-08
Epoch 153800 (3.1%): Train pred MSE = 3.364568e-08, Test pred MSE = 8.023532e-07, Param MSE = 8.262142e-06, Grad norm = 1.095482e-06, Beta update rate = 5.788333e-08
Epoch 154000 (3.1%): Train pred MSE = 3.352593e-08, Test pred MSE = 8.022276e-07, Param MSE = 8.260861e-06, Grad norm = 1.093133e-06, Beta update rate = 5.774340e-08
Epoch 154200 (3.1%): Train pred MSE = 3.340670e-08, Test pred MSE = 8.021025e-07, Param MSE = 8.259583e-06, Grad norm = 1.090791e-06, Beta update rate = 5.760395e-08
Epoch 154400 (3.1%): Train pred MSE = 3.328797e-08, Test pred MSE = 8.019777e-07, Param MSE = 8.258310e-06, Grad norm = 1.088456e-06, Beta update rate = 5.746496e-08
Epoch 154600 (3.1%): Train pred MSE = 3.316975e-08, Test pred MSE = 8.018533e-07, Param MSE = 8.257040e-06, Grad norm = 1.086128e-06, Beta update rate = 5.732644e-08
Epoch 154800 (3.1%): Train pred MSE = 3.305204e-08, Test pred MSE = 8.017292e-07, Param MSE = 8.255774e-06, Grad norm = 1.083807e-06, Beta update rate = 5.718838e-08
Epoch 155000 (3.1%): Train pred MSE = 3.293483e-08, Test pred MSE = 8.016055e-07, Param MSE = 8.254512e-06, Grad norm = 1.081493e-06, Beta update rate = 5.705079e-08
Epoch 155200 (3.1%): Train pred MSE = 3.281812e-08, Test pred MSE = 8.014821e-07, Param MSE = 8.253253e-06, Grad norm = 1.079186e-06, Beta update rate = 5.691365e-08
Epoch 155400 (3.1%): Train pred MSE = 3.270190e-08, Test pred MSE = 8.013592e-07, Param MSE = 8.251998e-06, Grad norm = 1.076886e-06, Beta update rate = 5.677698e-08
Epoch 155600 (3.1%): Train pred MSE = 3.258618e-08, Test pred MSE = 8.012365e-07, Param MSE = 8.250747e-06, Grad norm = 1.074594e-06, Beta update rate = 5.664076e-08
Epoch 155800 (3.1%): Train pred MSE = 3.247095e-08, Test pred MSE = 8.011143e-07, Param MSE = 8.249499e-06, Grad norm = 1.072308e-06, Beta update rate = 5.650499e-08
Epoch 156000 (3.1%): Train pred MSE = 3.235622e-08, Test pred MSE = 8.009924e-07, Param MSE = 8.248255e-06, Grad norm = 1.070029e-06, Beta update rate = 5.636968e-08
Epoch 156200 (3.1%): Train pred MSE = 3.224196e-08, Test pred MSE = 8.008708e-07, Param MSE = 8.247015e-06, Grad norm = 1.067757e-06, Beta update rate = 5.623482e-08
Epoch 156400 (3.1%): Train pred MSE = 3.212820e-08, Test pred MSE = 8.007496e-07, Param MSE = 8.245778e-06, Grad norm = 1.065492e-06, Beta update rate = 5.610041e-08
Epoch 156600 (3.1%): Train pred MSE = 3.201491e-08, Test pred MSE = 8.006288e-07, Param MSE = 8.244545e-06, Grad norm = 1.063233e-06, Beta update rate = 5.596644e-08
Epoch 156800 (3.1%): Train pred MSE = 3.190211e-08, Test pred MSE = 8.005083e-07, Param MSE = 8.243315e-06, Grad norm = 1.060982e-06, Beta update rate = 5.583291e-08
Epoch 157000 (3.1%): Train pred MSE = 3.178978e-08, Test pred MSE = 8.003881e-07, Param MSE = 8.242090e-06, Grad norm = 1.058737e-06, Beta update rate = 5.569983e-08
Epoch 157200 (3.1%): Train pred MSE = 3.167793e-08, Test pred MSE = 8.002683e-07, Param MSE = 8.240867e-06, Grad norm = 1.056499e-06, Beta update rate = 5.556719e-08
Epoch 157400 (3.1%): Train pred MSE = 3.156654e-08, Test pred MSE = 8.001489e-07, Param MSE = 8.239648e-06, Grad norm = 1.054267e-06, Beta update rate = 5.543499e-08
Epoch 157600 (3.2%): Train pred MSE = 3.145563e-08, Test pred MSE = 8.000298e-07, Param MSE = 8.238433e-06, Grad norm = 1.052043e-06, Beta update rate = 5.530323e-08
Epoch 157800 (3.2%): Train pred MSE = 3.134519e-08, Test pred MSE = 7.999110e-07, Param MSE = 8.237221e-06, Grad norm = 1.049825e-06, Beta update rate = 5.517189e-08
Epoch 158000 (3.2%): Train pred MSE = 3.123521e-08, Test pred MSE = 7.997926e-07, Param MSE = 8.236013e-06, Grad norm = 1.047613e-06, Beta update rate = 5.504100e-08
Epoch 158200 (3.2%): Train pred MSE = 3.112569e-08, Test pred MSE = 7.996745e-07, Param MSE = 8.234808e-06, Grad norm = 1.045409e-06, Beta update rate = 5.491053e-08
Epoch 158400 (3.2%): Train pred MSE = 3.101664e-08, Test pred MSE = 7.995568e-07, Param MSE = 8.233607e-06, Grad norm = 1.043210e-06, Beta update rate = 5.478049e-08
Epoch 158600 (3.2%): Train pred MSE = 3.090804e-08, Test pred MSE = 7.994394e-07, Param MSE = 8.232409e-06, Grad norm = 1.041019e-06, Beta update rate = 5.465088e-08
Epoch 158800 (3.2%): Train pred MSE = 3.079989e-08, Test pred MSE = 7.993223e-07, Param MSE = 8.231214e-06, Grad norm = 1.038834e-06, Beta update rate = 5.452170e-08
Epoch 159000 (3.2%): Train pred MSE = 3.069220e-08, Test pred MSE = 7.992056e-07, Param MSE = 8.230023e-06, Grad norm = 1.036655e-06, Beta update rate = 5.439294e-08
Epoch 159200 (3.2%): Train pred MSE = 3.058497e-08, Test pred MSE = 7.990892e-07, Param MSE = 8.228836e-06, Grad norm = 1.034483e-06, Beta update rate = 5.426460e-08
Epoch 159400 (3.2%): Train pred MSE = 3.047818e-08, Test pred MSE = 7.989731e-07, Param MSE = 8.227652e-06, Grad norm = 1.032317e-06, Beta update rate = 5.413668e-08
Epoch 159600 (3.2%): Train pred MSE = 3.037183e-08, Test pred MSE = 7.988574e-07, Param MSE = 8.226471e-06, Grad norm = 1.030158e-06, Beta update rate = 5.400917e-08
Epoch 159800 (3.2%): Train pred MSE = 3.026593e-08, Test pred MSE = 7.987420e-07, Param MSE = 8.225294e-06, Grad norm = 1.028005e-06, Beta update rate = 5.388209e-08
Epoch 160000 (3.2%): Train pred MSE = 3.016048e-08, Test pred MSE = 7.986270e-07, Param MSE = 8.224120e-06, Grad norm = 1.025859e-06, Beta update rate = 5.375542e-08
Epoch 160200 (3.2%): Train pred MSE = 3.005546e-08, Test pred MSE = 7.985122e-07, Param MSE = 8.222949e-06, Grad norm = 1.023718e-06, Beta update rate = 5.362916e-08
Epoch 160400 (3.2%): Train pred MSE = 2.995088e-08, Test pred MSE = 7.983978e-07, Param MSE = 8.221782e-06, Grad norm = 1.021585e-06, Beta update rate = 5.350331e-08
Epoch 160600 (3.2%): Train pred MSE = 2.984673e-08, Test pred MSE = 7.982837e-07, Param MSE = 8.220618e-06, Grad norm = 1.019457e-06, Beta update rate = 5.337787e-08
Epoch 160800 (3.2%): Train pred MSE = 2.974302e-08, Test pred MSE = 7.981700e-07, Param MSE = 8.219457e-06, Grad norm = 1.017336e-06, Beta update rate = 5.325284e-08
Epoch 161000 (3.2%): Train pred MSE = 2.963974e-08, Test pred MSE = 7.980566e-07, Param MSE = 8.218300e-06, Grad norm = 1.015221e-06, Beta update rate = 5.312822e-08
Epoch 161200 (3.2%): Train pred MSE = 2.953689e-08, Test pred MSE = 7.979435e-07, Param MSE = 8.217146e-06, Grad norm = 1.013112e-06, Beta update rate = 5.300399e-08
Epoch 161400 (3.2%): Train pred MSE = 2.943447e-08, Test pred MSE = 7.978307e-07, Param MSE = 8.215995e-06, Grad norm = 1.011009e-06, Beta update rate = 5.288017e-08
Epoch 161600 (3.2%): Train pred MSE = 2.933247e-08, Test pred MSE = 7.977182e-07, Param MSE = 8.214848e-06, Grad norm = 1.008913e-06, Beta update rate = 5.275676e-08
Epoch 161800 (3.2%): Train pred MSE = 2.923089e-08, Test pred MSE = 7.976061e-07, Param MSE = 8.213704e-06, Grad norm = 1.006822e-06, Beta update rate = 5.263373e-08
Epoch 162000 (3.2%): Train pred MSE = 2.912973e-08, Test pred MSE = 7.974943e-07, Param MSE = 8.212563e-06, Grad norm = 1.004738e-06, Beta update rate = 5.251111e-08
Epoch 162200 (3.2%): Train pred MSE = 2.902899e-08, Test pred MSE = 7.973827e-07, Param MSE = 8.211425e-06, Grad norm = 1.002660e-06, Beta update rate = 5.238888e-08
Epoch 162400 (3.2%): Train pred MSE = 2.892867e-08, Test pred MSE = 7.972716e-07, Param MSE = 8.210291e-06, Grad norm = 1.000588e-06, Beta update rate = 5.226705e-08
Epoch 162600 (3.3%): Train pred MSE = 2.882876e-08, Test pred MSE = 7.971607e-07, Param MSE = 8.209160e-06, Grad norm = 9.985217e-07, Beta update rate = 5.214561e-08
Epoch 162800 (3.3%): Train pred MSE = 2.872926e-08, Test pred MSE = 7.970501e-07, Param MSE = 8.208032e-06, Grad norm = 9.964617e-07, Beta update rate = 5.202456e-08
Epoch 163000 (3.3%): Train pred MSE = 2.863017e-08, Test pred MSE = 7.969399e-07, Param MSE = 8.206907e-06, Grad norm = 9.944077e-07, Beta update rate = 5.190389e-08
Epoch 163200 (3.3%): Train pred MSE = 2.853149e-08, Test pred MSE = 7.968299e-07, Param MSE = 8.205786e-06, Grad norm = 9.923596e-07, Beta update rate = 5.178362e-08
Epoch 163400 (3.3%): Train pred MSE = 2.843322e-08, Test pred MSE = 7.967203e-07, Param MSE = 8.204667e-06, Grad norm = 9.903175e-07, Beta update rate = 5.166372e-08
Epoch 163600 (3.3%): Train pred MSE = 2.833535e-08, Test pred MSE = 7.966110e-07, Param MSE = 8.203552e-06, Grad norm = 9.882812e-07, Beta update rate = 5.154422e-08
Epoch 163800 (3.3%): Train pred MSE = 2.823788e-08, Test pred MSE = 7.965020e-07, Param MSE = 8.202440e-06, Grad norm = 9.862509e-07, Beta update rate = 5.142509e-08
Epoch 164000 (3.3%): Train pred MSE = 2.814081e-08, Test pred MSE = 7.963933e-07, Param MSE = 8.201331e-06, Grad norm = 9.842265e-07, Beta update rate = 5.130635e-08
Epoch 164200 (3.3%): Train pred MSE = 2.804414e-08, Test pred MSE = 7.962849e-07, Param MSE = 8.200225e-06, Grad norm = 9.822079e-07, Beta update rate = 5.118798e-08
Epoch 164400 (3.3%): Train pred MSE = 2.794787e-08, Test pred MSE = 7.961768e-07, Param MSE = 8.199122e-06, Grad norm = 9.801951e-07, Beta update rate = 5.106999e-08
Epoch 164600 (3.3%): Train pred MSE = 2.785199e-08, Test pred MSE = 7.960690e-07, Param MSE = 8.198023e-06, Grad norm = 9.781882e-07, Beta update rate = 5.095238e-08
Epoch 164800 (3.3%): Train pred MSE = 2.775650e-08, Test pred MSE = 7.959615e-07, Param MSE = 8.196926e-06, Grad norm = 9.761870e-07, Beta update rate = 5.083514e-08
Epoch 165000 (3.3%): Train pred MSE = 2.766140e-08, Test pred MSE = 7.958543e-07, Param MSE = 8.195833e-06, Grad norm = 9.741916e-07, Beta update rate = 5.071828e-08
Epoch 165200 (3.3%): Train pred MSE = 2.756669e-08, Test pred MSE = 7.957474e-07, Param MSE = 8.194742e-06, Grad norm = 9.722019e-07, Beta update rate = 5.060178e-08
Epoch 165400 (3.3%): Train pred MSE = 2.747237e-08, Test pred MSE = 7.956408e-07, Param MSE = 8.193655e-06, Grad norm = 9.702179e-07, Beta update rate = 5.048566e-08
Epoch 165600 (3.3%): Train pred MSE = 2.737843e-08, Test pred MSE = 7.955345e-07, Param MSE = 8.192571e-06, Grad norm = 9.682397e-07, Beta update rate = 5.036990e-08
Epoch 165800 (3.3%): Train pred MSE = 2.728488e-08, Test pred MSE = 7.954285e-07, Param MSE = 8.191489e-06, Grad norm = 9.662671e-07, Beta update rate = 5.025451e-08
Epoch 166000 (3.3%): Train pred MSE = 2.719170e-08, Test pred MSE = 7.953228e-07, Param MSE = 8.190411e-06, Grad norm = 9.643001e-07, Beta update rate = 5.013948e-08
Epoch 166200 (3.3%): Train pred MSE = 2.709890e-08, Test pred MSE = 7.952174e-07, Param MSE = 8.189336e-06, Grad norm = 9.623388e-07, Beta update rate = 5.002482e-08
Epoch 166400 (3.3%): Train pred MSE = 2.700648e-08, Test pred MSE = 7.951123e-07, Param MSE = 8.188264e-06, Grad norm = 9.603830e-07, Beta update rate = 4.991052e-08
Epoch 166600 (3.3%): Train pred MSE = 2.691444e-08, Test pred MSE = 7.950075e-07, Param MSE = 8.187195e-06, Grad norm = 9.584329e-07, Beta update rate = 4.979658e-08
Epoch 166800 (3.3%): Train pred MSE = 2.682277e-08, Test pred MSE = 7.949030e-07, Param MSE = 8.186128e-06, Grad norm = 9.564883e-07, Beta update rate = 4.968299e-08
Epoch 167000 (3.3%): Train pred MSE = 2.673147e-08, Test pred MSE = 7.947988e-07, Param MSE = 8.185065e-06, Grad norm = 9.545492e-07, Beta update rate = 4.956977e-08
Epoch 167200 (3.3%): Train pred MSE = 2.664054e-08, Test pred MSE = 7.946948e-07, Param MSE = 8.184005e-06, Grad norm = 9.526157e-07, Beta update rate = 4.945690e-08
Epoch 167400 (3.3%): Train pred MSE = 2.654997e-08, Test pred MSE = 7.945911e-07, Param MSE = 8.182948e-06, Grad norm = 9.506876e-07, Beta update rate = 4.934439e-08
Epoch 167600 (3.4%): Train pred MSE = 2.645978e-08, Test pred MSE = 7.944878e-07, Param MSE = 8.181893e-06, Grad norm = 9.487651e-07, Beta update rate = 4.923222e-08
Epoch 167800 (3.4%): Train pred MSE = 2.636994e-08, Test pred MSE = 7.943847e-07, Param MSE = 8.180842e-06, Grad norm = 9.468479e-07, Beta update rate = 4.912041e-08
Epoch 168000 (3.4%): Train pred MSE = 2.628047e-08, Test pred MSE = 7.942819e-07, Param MSE = 8.179793e-06, Grad norm = 9.449362e-07, Beta update rate = 4.900895e-08
Epoch 168200 (3.4%): Train pred MSE = 2.619136e-08, Test pred MSE = 7.941794e-07, Param MSE = 8.178747e-06, Grad norm = 9.430300e-07, Beta update rate = 4.889784e-08
Epoch 168400 (3.4%): Train pred MSE = 2.610261e-08, Test pred MSE = 7.940772e-07, Param MSE = 8.177705e-06, Grad norm = 9.411291e-07, Beta update rate = 4.878708e-08
Epoch 168600 (3.4%): Train pred MSE = 2.601422e-08, Test pred MSE = 7.939752e-07, Param MSE = 8.176665e-06, Grad norm = 9.392335e-07, Beta update rate = 4.867666e-08
Epoch 168800 (3.4%): Train pred MSE = 2.592619e-08, Test pred MSE = 7.938735e-07, Param MSE = 8.175628e-06, Grad norm = 9.373433e-07, Beta update rate = 4.856658e-08
Epoch 169000 (3.4%): Train pred MSE = 2.583850e-08, Test pred MSE = 7.937722e-07, Param MSE = 8.174594e-06, Grad norm = 9.354585e-07, Beta update rate = 4.845685e-08
Epoch 169200 (3.4%): Train pred MSE = 2.575117e-08, Test pred MSE = 7.936710e-07, Param MSE = 8.173562e-06, Grad norm = 9.335789e-07, Beta update rate = 4.834746e-08
Epoch 169400 (3.4%): Train pred MSE = 2.566419e-08, Test pred MSE = 7.935702e-07, Param MSE = 8.172534e-06, Grad norm = 9.317047e-07, Beta update rate = 4.823841e-08
Epoch 169600 (3.4%): Train pred MSE = 2.557756e-08, Test pred MSE = 7.934697e-07, Param MSE = 8.171508e-06, Grad norm = 9.298357e-07, Beta update rate = 4.812970e-08
Epoch 169800 (3.4%): Train pred MSE = 2.549127e-08, Test pred MSE = 7.933694e-07, Param MSE = 8.170486e-06, Grad norm = 9.279719e-07, Beta update rate = 4.802132e-08
Epoch 170000 (3.4%): Train pred MSE = 2.540533e-08, Test pred MSE = 7.932694e-07, Param MSE = 8.169466e-06, Grad norm = 9.261134e-07, Beta update rate = 4.791328e-08
Epoch 170200 (3.4%): Train pred MSE = 2.531974e-08, Test pred MSE = 7.931697e-07, Param MSE = 8.168449e-06, Grad norm = 9.242600e-07, Beta update rate = 4.780558e-08
Epoch 170400 (3.4%): Train pred MSE = 2.523448e-08, Test pred MSE = 7.930702e-07, Param MSE = 8.167434e-06, Grad norm = 9.224119e-07, Beta update rate = 4.769820e-08
Epoch 170600 (3.4%): Train pred MSE = 2.514957e-08, Test pred MSE = 7.929710e-07, Param MSE = 8.166423e-06, Grad norm = 9.205689e-07, Beta update rate = 4.759116e-08
Epoch 170800 (3.4%): Train pred MSE = 2.506500e-08, Test pred MSE = 7.928721e-07, Param MSE = 8.165414e-06, Grad norm = 9.187311e-07, Beta update rate = 4.748445e-08
Epoch 171000 (3.4%): Train pred MSE = 2.498076e-08, Test pred MSE = 7.927735e-07, Param MSE = 8.164408e-06, Grad norm = 9.168984e-07, Beta update rate = 4.737807e-08
Epoch 171200 (3.4%): Train pred MSE = 2.489686e-08, Test pred MSE = 7.926751e-07, Param MSE = 8.163405e-06, Grad norm = 9.150707e-07, Beta update rate = 4.727202e-08
Epoch 171400 (3.4%): Train pred MSE = 2.481329e-08, Test pred MSE = 7.925770e-07, Param MSE = 8.162404e-06, Grad norm = 9.132482e-07, Beta update rate = 4.716629e-08
Epoch 171600 (3.4%): Train pred MSE = 2.473006e-08, Test pred MSE = 7.924792e-07, Param MSE = 8.161406e-06, Grad norm = 9.114308e-07, Beta update rate = 4.706089e-08
Epoch 171800 (3.4%): Train pred MSE = 2.464715e-08, Test pred MSE = 7.923816e-07, Param MSE = 8.160411e-06, Grad norm = 9.096184e-07, Beta update rate = 4.695582e-08
Epoch 172000 (3.4%): Train pred MSE = 2.456458e-08, Test pred MSE = 7.922843e-07, Param MSE = 8.159419e-06, Grad norm = 9.078110e-07, Beta update rate = 4.685106e-08
Epoch 172200 (3.4%): Train pred MSE = 2.448233e-08, Test pred MSE = 7.921873e-07, Param MSE = 8.158429e-06, Grad norm = 9.060086e-07, Beta update rate = 4.674663e-08
Epoch 172400 (3.4%): Train pred MSE = 2.440041e-08, Test pred MSE = 7.920905e-07, Param MSE = 8.157442e-06, Grad norm = 9.042112e-07, Beta update rate = 4.664251e-08
Epoch 172600 (3.5%): Train pred MSE = 2.431881e-08, Test pred MSE = 7.919940e-07, Param MSE = 8.156458e-06, Grad norm = 9.024188e-07, Beta update rate = 4.653871e-08
Epoch 172800 (3.5%): Train pred MSE = 2.423754e-08, Test pred MSE = 7.918978e-07, Param MSE = 8.155477e-06, Grad norm = 9.006314e-07, Beta update rate = 4.643524e-08
Epoch 173000 (3.5%): Train pred MSE = 2.415659e-08, Test pred MSE = 7.918018e-07, Param MSE = 8.154498e-06, Grad norm = 8.988489e-07, Beta update rate = 4.633207e-08
Epoch 173200 (3.5%): Train pred MSE = 2.407595e-08, Test pred MSE = 7.917061e-07, Param MSE = 8.153522e-06, Grad norm = 8.970713e-07, Beta update rate = 4.622922e-08
Epoch 173400 (3.5%): Train pred MSE = 2.399564e-08, Test pred MSE = 7.916106e-07, Param MSE = 8.152548e-06, Grad norm = 8.952985e-07, Beta update rate = 4.612669e-08
Epoch 173600 (3.5%): Train pred MSE = 2.391564e-08, Test pred MSE = 7.915154e-07, Param MSE = 8.151577e-06, Grad norm = 8.935307e-07, Beta update rate = 4.602447e-08
Epoch 173800 (3.5%): Train pred MSE = 2.383596e-08, Test pred MSE = 7.914204e-07, Param MSE = 8.150609e-06, Grad norm = 8.917677e-07, Beta update rate = 4.592256e-08
Epoch 174000 (3.5%): Train pred MSE = 2.375660e-08, Test pred MSE = 7.913258e-07, Param MSE = 8.149643e-06, Grad norm = 8.900096e-07, Beta update rate = 4.582095e-08
Epoch 174200 (3.5%): Train pred MSE = 2.367754e-08, Test pred MSE = 7.912313e-07, Param MSE = 8.148680e-06, Grad norm = 8.882563e-07, Beta update rate = 4.571966e-08
Epoch 174400 (3.5%): Train pred MSE = 2.359880e-08, Test pred MSE = 7.911371e-07, Param MSE = 8.147720e-06, Grad norm = 8.865078e-07, Beta update rate = 4.561867e-08
Epoch 174600 (3.5%): Train pred MSE = 2.352036e-08, Test pred MSE = 7.910432e-07, Param MSE = 8.146762e-06, Grad norm = 8.847641e-07, Beta update rate = 4.551799e-08
Epoch 174800 (3.5%): Train pred MSE = 2.344224e-08, Test pred MSE = 7.909495e-07, Param MSE = 8.145807e-06, Grad norm = 8.830252e-07, Beta update rate = 4.541762e-08
Epoch 175000 (3.5%): Train pred MSE = 2.336442e-08, Test pred MSE = 7.908561e-07, Param MSE = 8.144854e-06, Grad norm = 8.812910e-07, Beta update rate = 4.531754e-08
Epoch 175200 (3.5%): Train pred MSE = 2.328691e-08, Test pred MSE = 7.907629e-07, Param MSE = 8.143904e-06, Grad norm = 8.795615e-07, Beta update rate = 4.521777e-08
Epoch 175400 (3.5%): Train pred MSE = 2.320970e-08, Test pred MSE = 7.906700e-07, Param MSE = 8.142956e-06, Grad norm = 8.778368e-07, Beta update rate = 4.511830e-08
Epoch 175600 (3.5%): Train pred MSE = 2.313279e-08, Test pred MSE = 7.905773e-07, Param MSE = 8.142011e-06, Grad norm = 8.761168e-07, Beta update rate = 4.501913e-08
Epoch 175800 (3.5%): Train pred MSE = 2.305618e-08, Test pred MSE = 7.904849e-07, Param MSE = 8.141069e-06, Grad norm = 8.744014e-07, Beta update rate = 4.492026e-08
Epoch 176000 (3.5%): Train pred MSE = 2.297987e-08, Test pred MSE = 7.903927e-07, Param MSE = 8.140129e-06, Grad norm = 8.726907e-07, Beta update rate = 4.482169e-08
Epoch 176200 (3.5%): Train pred MSE = 2.290387e-08, Test pred MSE = 7.903008e-07, Param MSE = 8.139191e-06, Grad norm = 8.709847e-07, Beta update rate = 4.472341e-08
Epoch 176400 (3.5%): Train pred MSE = 2.282815e-08, Test pred MSE = 7.902091e-07, Param MSE = 8.138257e-06, Grad norm = 8.692833e-07, Beta update rate = 4.462543e-08
Epoch 176600 (3.5%): Train pred MSE = 2.275274e-08, Test pred MSE = 7.901177e-07, Param MSE = 8.137324e-06, Grad norm = 8.675865e-07, Beta update rate = 4.452774e-08
Epoch 176800 (3.5%): Train pred MSE = 2.267761e-08, Test pred MSE = 7.900265e-07, Param MSE = 8.136394e-06, Grad norm = 8.658943e-07, Beta update rate = 4.443035e-08
Epoch 177000 (3.5%): Train pred MSE = 2.260278e-08, Test pred MSE = 7.899356e-07, Param MSE = 8.135467e-06, Grad norm = 8.642066e-07, Beta update rate = 4.433325e-08
Epoch 177200 (3.5%): Train pred MSE = 2.252824e-08, Test pred MSE = 7.898449e-07, Param MSE = 8.134542e-06, Grad norm = 8.625236e-07, Beta update rate = 4.423643e-08
Epoch 177400 (3.5%): Train pred MSE = 2.245400e-08, Test pred MSE = 7.897544e-07, Param MSE = 8.133620e-06, Grad norm = 8.608450e-07, Beta update rate = 4.413991e-08
Epoch 177600 (3.6%): Train pred MSE = 2.238004e-08, Test pred MSE = 7.896642e-07, Param MSE = 8.132700e-06, Grad norm = 8.591711e-07, Beta update rate = 4.404367e-08
Epoch 177800 (3.6%): Train pred MSE = 2.230636e-08, Test pred MSE = 7.895742e-07, Param MSE = 8.131782e-06, Grad norm = 8.575016e-07, Beta update rate = 4.394773e-08
Epoch 178000 (3.6%): Train pred MSE = 2.223298e-08, Test pred MSE = 7.894844e-07, Param MSE = 8.130867e-06, Grad norm = 8.558366e-07, Beta update rate = 4.385206e-08
Epoch 178200 (3.6%): Train pred MSE = 2.215987e-08, Test pred MSE = 7.893949e-07, Param MSE = 8.129954e-06, Grad norm = 8.541761e-07, Beta update rate = 4.375669e-08
Epoch 178400 (3.6%): Train pred MSE = 2.208705e-08, Test pred MSE = 7.893057e-07, Param MSE = 8.129044e-06, Grad norm = 8.525200e-07, Beta update rate = 4.366159e-08
Epoch 178600 (3.6%): Train pred MSE = 2.201452e-08, Test pred MSE = 7.892166e-07, Param MSE = 8.128136e-06, Grad norm = 8.508685e-07, Beta update rate = 4.356678e-08
Epoch 178800 (3.6%): Train pred MSE = 2.194226e-08, Test pred MSE = 7.891278e-07, Param MSE = 8.127231e-06, Grad norm = 8.492213e-07, Beta update rate = 4.347225e-08
Epoch 179000 (3.6%): Train pred MSE = 2.187028e-08, Test pred MSE = 7.890393e-07, Param MSE = 8.126328e-06, Grad norm = 8.475785e-07, Beta update rate = 4.337800e-08
Epoch 179200 (3.6%): Train pred MSE = 2.179858e-08, Test pred MSE = 7.889510e-07, Param MSE = 8.125428e-06, Grad norm = 8.459402e-07, Beta update rate = 4.328403e-08
Epoch 179400 (3.6%): Train pred MSE = 2.172716e-08, Test pred MSE = 7.888629e-07, Param MSE = 8.124529e-06, Grad norm = 8.443062e-07, Beta update rate = 4.319034e-08
Epoch 179600 (3.6%): Train pred MSE = 2.165601e-08, Test pred MSE = 7.887750e-07, Param MSE = 8.123634e-06, Grad norm = 8.426766e-07, Beta update rate = 4.309693e-08
Epoch 179800 (3.6%): Train pred MSE = 2.158514e-08, Test pred MSE = 7.886874e-07, Param MSE = 8.122740e-06, Grad norm = 8.410513e-07, Beta update rate = 4.300379e-08
Epoch 180000 (3.6%): Train pred MSE = 2.151454e-08, Test pred MSE = 7.886000e-07, Param MSE = 8.121849e-06, Grad norm = 8.394304e-07, Beta update rate = 4.291093e-08
Epoch 180200 (3.6%): Train pred MSE = 2.144422e-08, Test pred MSE = 7.885128e-07, Param MSE = 8.120961e-06, Grad norm = 8.378138e-07, Beta update rate = 4.281834e-08
Epoch 180400 (3.6%): Train pred MSE = 2.137416e-08, Test pred MSE = 7.884259e-07, Param MSE = 8.120074e-06, Grad norm = 8.362015e-07, Beta update rate = 4.272602e-08
Epoch 180600 (3.6%): Train pred MSE = 2.130437e-08, Test pred MSE = 7.883392e-07, Param MSE = 8.119190e-06, Grad norm = 8.345935e-07, Beta update rate = 4.263397e-08
Epoch 180800 (3.6%): Train pred MSE = 2.123485e-08, Test pred MSE = 7.882527e-07, Param MSE = 8.118309e-06, Grad norm = 8.329897e-07, Beta update rate = 4.254220e-08
Epoch 181000 (3.6%): Train pred MSE = 2.116560e-08, Test pred MSE = 7.881665e-07, Param MSE = 8.117429e-06, Grad norm = 8.313903e-07, Beta update rate = 4.245069e-08
Epoch 181200 (3.6%): Train pred MSE = 2.109661e-08, Test pred MSE = 7.880805e-07, Param MSE = 8.116552e-06, Grad norm = 8.297950e-07, Beta update rate = 4.235946e-08
Epoch 181400 (3.6%): Train pred MSE = 2.102789e-08, Test pred MSE = 7.879947e-07, Param MSE = 8.115678e-06, Grad norm = 8.282040e-07, Beta update rate = 4.226849e-08
Epoch 181600 (3.6%): Train pred MSE = 2.095943e-08, Test pred MSE = 7.879091e-07, Param MSE = 8.114805e-06, Grad norm = 8.266172e-07, Beta update rate = 4.217779e-08
Epoch 181800 (3.6%): Train pred MSE = 2.089123e-08, Test pred MSE = 7.878237e-07, Param MSE = 8.113935e-06, Grad norm = 8.250346e-07, Beta update rate = 4.208735e-08
Epoch 182000 (3.6%): Train pred MSE = 2.082329e-08, Test pred MSE = 7.877386e-07, Param MSE = 8.113067e-06, Grad norm = 8.234561e-07, Beta update rate = 4.199718e-08
Epoch 182200 (3.6%): Train pred MSE = 2.075562e-08, Test pred MSE = 7.876537e-07, Param MSE = 8.112202e-06, Grad norm = 8.218818e-07, Beta update rate = 4.190727e-08
Epoch 182400 (3.6%): Train pred MSE = 2.068820e-08, Test pred MSE = 7.875690e-07, Param MSE = 8.111339e-06, Grad norm = 8.203117e-07, Beta update rate = 4.181763e-08
Epoch 182600 (3.7%): Train pred MSE = 2.062103e-08, Test pred MSE = 7.874846e-07, Param MSE = 8.110478e-06, Grad norm = 8.187457e-07, Beta update rate = 4.172824e-08
Epoch 182800 (3.7%): Train pred MSE = 2.055413e-08, Test pred MSE = 7.874004e-07, Param MSE = 8.109619e-06, Grad norm = 8.171839e-07, Beta update rate = 4.163912e-08
Epoch 183000 (3.7%): Train pred MSE = 2.048748e-08, Test pred MSE = 7.873163e-07, Param MSE = 8.108762e-06, Grad norm = 8.156261e-07, Beta update rate = 4.155025e-08
Epoch 183200 (3.7%): Train pred MSE = 2.042108e-08, Test pred MSE = 7.872325e-07, Param MSE = 8.107908e-06, Grad norm = 8.140724e-07, Beta update rate = 4.146165e-08
Epoch 183400 (3.7%): Train pred MSE = 2.035494e-08, Test pred MSE = 7.871490e-07, Param MSE = 8.107056e-06, Grad norm = 8.125228e-07, Beta update rate = 4.137330e-08
Epoch 183600 (3.7%): Train pred MSE = 2.028904e-08, Test pred MSE = 7.870656e-07, Param MSE = 8.106206e-06, Grad norm = 8.109773e-07, Beta update rate = 4.128520e-08
Epoch 183800 (3.7%): Train pred MSE = 2.022340e-08, Test pred MSE = 7.869825e-07, Param MSE = 8.105359e-06, Grad norm = 8.094358e-07, Beta update rate = 4.119737e-08
Epoch 184000 (3.7%): Train pred MSE = 2.015801e-08, Test pred MSE = 7.868995e-07, Param MSE = 8.104513e-06, Grad norm = 8.078984e-07, Beta update rate = 4.110978e-08
Epoch 184200 (3.7%): Train pred MSE = 2.009286e-08, Test pred MSE = 7.868168e-07, Param MSE = 8.103670e-06, Grad norm = 8.063650e-07, Beta update rate = 4.102246e-08
Epoch 184400 (3.7%): Train pred MSE = 2.002796e-08, Test pred MSE = 7.867343e-07, Param MSE = 8.102829e-06, Grad norm = 8.048355e-07, Beta update rate = 4.093538e-08
Epoch 184600 (3.7%): Train pred MSE = 1.996331e-08, Test pred MSE = 7.866521e-07, Param MSE = 8.101991e-06, Grad norm = 8.033101e-07, Beta update rate = 4.084856e-08
Epoch 184800 (3.7%): Train pred MSE = 1.989890e-08, Test pred MSE = 7.865700e-07, Param MSE = 8.101154e-06, Grad norm = 8.017886e-07, Beta update rate = 4.076198e-08
Epoch 185000 (3.7%): Train pred MSE = 1.983474e-08, Test pred MSE = 7.864881e-07, Param MSE = 8.100320e-06, Grad norm = 8.002711e-07, Beta update rate = 4.067566e-08
Epoch 185200 (3.7%): Train pred MSE = 1.977082e-08, Test pred MSE = 7.864065e-07, Param MSE = 8.099487e-06, Grad norm = 7.987576e-07, Beta update rate = 4.058958e-08
Epoch 185400 (3.7%): Train pred MSE = 1.970714e-08, Test pred MSE = 7.863251e-07, Param MSE = 8.098657e-06, Grad norm = 7.972480e-07, Beta update rate = 4.050375e-08
Epoch 185600 (3.7%): Train pred MSE = 1.964370e-08, Test pred MSE = 7.862438e-07, Param MSE = 8.097829e-06, Grad norm = 7.957423e-07, Beta update rate = 4.041817e-08
Epoch 185800 (3.7%): Train pred MSE = 1.958050e-08, Test pred MSE = 7.861628e-07, Param MSE = 8.097004e-06, Grad norm = 7.942405e-07, Beta update rate = 4.033284e-08
Epoch 186000 (3.7%): Train pred MSE = 1.951754e-08, Test pred MSE = 7.860820e-07, Param MSE = 8.096180e-06, Grad norm = 7.927426e-07, Beta update rate = 4.024775e-08
Epoch 186200 (3.7%): Train pred MSE = 1.945481e-08, Test pred MSE = 7.860014e-07, Param MSE = 8.095358e-06, Grad norm = 7.912486e-07, Beta update rate = 4.016290e-08
Epoch 186400 (3.7%): Train pred MSE = 1.939232e-08, Test pred MSE = 7.859210e-07, Param MSE = 8.094539e-06, Grad norm = 7.897584e-07, Beta update rate = 4.007830e-08
Epoch 186600 (3.7%): Train pred MSE = 1.933007e-08, Test pred MSE = 7.858409e-07, Param MSE = 8.093722e-06, Grad norm = 7.882721e-07, Beta update rate = 3.999394e-08
Epoch 186800 (3.7%): Train pred MSE = 1.926805e-08, Test pred MSE = 7.857609e-07, Param MSE = 8.092907e-06, Grad norm = 7.867897e-07, Beta update rate = 3.990982e-08
Epoch 187000 (3.7%): Train pred MSE = 1.920626e-08, Test pred MSE = 7.856811e-07, Param MSE = 8.092094e-06, Grad norm = 7.853110e-07, Beta update rate = 3.982594e-08
Epoch 187200 (3.7%): Train pred MSE = 1.914471e-08, Test pred MSE = 7.856016e-07, Param MSE = 8.091283e-06, Grad norm = 7.838362e-07, Beta update rate = 3.974230e-08
Epoch 187400 (3.7%): Train pred MSE = 1.908339e-08, Test pred MSE = 7.855222e-07, Param MSE = 8.090474e-06, Grad norm = 7.823652e-07, Beta update rate = 3.965890e-08
Epoch 187600 (3.8%): Train pred MSE = 1.902229e-08, Test pred MSE = 7.854431e-07, Param MSE = 8.089667e-06, Grad norm = 7.808979e-07, Beta update rate = 3.957574e-08
Epoch 187800 (3.8%): Train pred MSE = 1.896143e-08, Test pred MSE = 7.853641e-07, Param MSE = 8.088862e-06, Grad norm = 7.794345e-07, Beta update rate = 3.949281e-08
Epoch 188000 (3.8%): Train pred MSE = 1.890079e-08, Test pred MSE = 7.852854e-07, Param MSE = 8.088060e-06, Grad norm = 7.779748e-07, Beta update rate = 3.941012e-08
Epoch 188200 (3.8%): Train pred MSE = 1.884038e-08, Test pred MSE = 7.852068e-07, Param MSE = 8.087259e-06, Grad norm = 7.765188e-07, Beta update rate = 3.932767e-08
Epoch 188400 (3.8%): Train pred MSE = 1.878020e-08, Test pred MSE = 7.851285e-07, Param MSE = 8.086461e-06, Grad norm = 7.750666e-07, Beta update rate = 3.924545e-08
Epoch 188600 (3.8%): Train pred MSE = 1.872024e-08, Test pred MSE = 7.850503e-07, Param MSE = 8.085664e-06, Grad norm = 7.736180e-07, Beta update rate = 3.916346e-08
Epoch 188800 (3.8%): Train pred MSE = 1.866050e-08, Test pred MSE = 7.849724e-07, Param MSE = 8.084870e-06, Grad norm = 7.721732e-07, Beta update rate = 3.908170e-08
Epoch 189000 (3.8%): Train pred MSE = 1.860099e-08, Test pred MSE = 7.848946e-07, Param MSE = 8.084077e-06, Grad norm = 7.707321e-07, Beta update rate = 3.900018e-08
Epoch 189200 (3.8%): Train pred MSE = 1.854170e-08, Test pred MSE = 7.848171e-07, Param MSE = 8.083287e-06, Grad norm = 7.692947e-07, Beta update rate = 3.891889e-08
Epoch 189400 (3.8%): Train pred MSE = 1.848262e-08, Test pred MSE = 7.847397e-07, Param MSE = 8.082499e-06, Grad norm = 7.678609e-07, Beta update rate = 3.883782e-08
Epoch 189600 (3.8%): Train pred MSE = 1.842377e-08, Test pred MSE = 7.846626e-07, Param MSE = 8.081712e-06, Grad norm = 7.664308e-07, Beta update rate = 3.875699e-08
Epoch 189800 (3.8%): Train pred MSE = 1.836514e-08, Test pred MSE = 7.845856e-07, Param MSE = 8.080928e-06, Grad norm = 7.650044e-07, Beta update rate = 3.867638e-08
Epoch 190000 (3.8%): Train pred MSE = 1.830673e-08, Test pred MSE = 7.845089e-07, Param MSE = 8.080146e-06, Grad norm = 7.635816e-07, Beta update rate = 3.859601e-08
Epoch 190200 (3.8%): Train pred MSE = 1.824853e-08, Test pred MSE = 7.844323e-07, Param MSE = 8.079365e-06, Grad norm = 7.621623e-07, Beta update rate = 3.851585e-08
Epoch 190400 (3.8%): Train pred MSE = 1.819055e-08, Test pred MSE = 7.843559e-07, Param MSE = 8.078587e-06, Grad norm = 7.607467e-07, Beta update rate = 3.843593e-08
Epoch 190600 (3.8%): Train pred MSE = 1.813279e-08, Test pred MSE = 7.842798e-07, Param MSE = 8.077811e-06, Grad norm = 7.593347e-07, Beta update rate = 3.835622e-08
Epoch 190800 (3.8%): Train pred MSE = 1.807524e-08, Test pred MSE = 7.842038e-07, Param MSE = 8.077036e-06, Grad norm = 7.579263e-07, Beta update rate = 3.827675e-08
Epoch 191000 (3.8%): Train pred MSE = 1.801790e-08, Test pred MSE = 7.841280e-07, Param MSE = 8.076264e-06, Grad norm = 7.565214e-07, Beta update rate = 3.819749e-08
Epoch 191200 (3.8%): Train pred MSE = 1.796077e-08, Test pred MSE = 7.840524e-07, Param MSE = 8.075494e-06, Grad norm = 7.551201e-07, Beta update rate = 3.811846e-08
Epoch 191400 (3.8%): Train pred MSE = 1.790386e-08, Test pred MSE = 7.839770e-07, Param MSE = 8.074725e-06, Grad norm = 7.537224e-07, Beta update rate = 3.803965e-08
Epoch 191600 (3.8%): Train pred MSE = 1.784715e-08, Test pred MSE = 7.839018e-07, Param MSE = 8.073959e-06, Grad norm = 7.523281e-07, Beta update rate = 3.796106e-08
Epoch 191800 (3.8%): Train pred MSE = 1.779066e-08, Test pred MSE = 7.838267e-07, Param MSE = 8.073194e-06, Grad norm = 7.509374e-07, Beta update rate = 3.788269e-08
Epoch 192000 (3.8%): Train pred MSE = 1.773437e-08, Test pred MSE = 7.837519e-07, Param MSE = 8.072431e-06, Grad norm = 7.495502e-07, Beta update rate = 3.780454e-08
Epoch 192200 (3.8%): Train pred MSE = 1.767830e-08, Test pred MSE = 7.836773e-07, Param MSE = 8.071671e-06, Grad norm = 7.481665e-07, Beta update rate = 3.772660e-08
Epoch 192400 (3.8%): Train pred MSE = 1.762242e-08, Test pred MSE = 7.836028e-07, Param MSE = 8.070912e-06, Grad norm = 7.467863e-07, Beta update rate = 3.764889e-08
Epoch 192600 (3.9%): Train pred MSE = 1.756676e-08, Test pred MSE = 7.835285e-07, Param MSE = 8.070155e-06, Grad norm = 7.454095e-07, Beta update rate = 3.757139e-08
Epoch 192800 (3.9%): Train pred MSE = 1.751130e-08, Test pred MSE = 7.834544e-07, Param MSE = 8.069400e-06, Grad norm = 7.440363e-07, Beta update rate = 3.749410e-08
Epoch 193000 (3.9%): Train pred MSE = 1.745604e-08, Test pred MSE = 7.833805e-07, Param MSE = 8.068647e-06, Grad norm = 7.426664e-07, Beta update rate = 3.741703e-08
Epoch 193200 (3.9%): Train pred MSE = 1.740099e-08, Test pred MSE = 7.833068e-07, Param MSE = 8.067896e-06, Grad norm = 7.413000e-07, Beta update rate = 3.734018e-08
Epoch 193400 (3.9%): Train pred MSE = 1.734614e-08, Test pred MSE = 7.832333e-07, Param MSE = 8.067147e-06, Grad norm = 7.399370e-07, Beta update rate = 3.726354e-08
Epoch 193600 (3.9%): Train pred MSE = 1.729149e-08, Test pred MSE = 7.831600e-07, Param MSE = 8.066399e-06, Grad norm = 7.385775e-07, Beta update rate = 3.718711e-08
Epoch 193800 (3.9%): Train pred MSE = 1.723704e-08, Test pred MSE = 7.830868e-07, Param MSE = 8.065654e-06, Grad norm = 7.372213e-07, Beta update rate = 3.711090e-08
Epoch 194000 (3.9%): Train pred MSE = 1.718279e-08, Test pred MSE = 7.830138e-07, Param MSE = 8.064910e-06, Grad norm = 7.358686e-07, Beta update rate = 3.703489e-08
Epoch 194200 (3.9%): Train pred MSE = 1.712874e-08, Test pred MSE = 7.829411e-07, Param MSE = 8.064169e-06, Grad norm = 7.345192e-07, Beta update rate = 3.695910e-08
Epoch 194400 (3.9%): Train pred MSE = 1.707489e-08, Test pred MSE = 7.828684e-07, Param MSE = 8.063429e-06, Grad norm = 7.331732e-07, Beta update rate = 3.688351e-08
Epoch 194600 (3.9%): Train pred MSE = 1.702123e-08, Test pred MSE = 7.827960e-07, Param MSE = 8.062691e-06, Grad norm = 7.318305e-07, Beta update rate = 3.680813e-08
Epoch 194800 (3.9%): Train pred MSE = 1.696777e-08, Test pred MSE = 7.827238e-07, Param MSE = 8.061955e-06, Grad norm = 7.304912e-07, Beta update rate = 3.673297e-08
Epoch 195000 (3.9%): Train pred MSE = 1.691451e-08, Test pred MSE = 7.826517e-07, Param MSE = 8.061220e-06, Grad norm = 7.291552e-07, Beta update rate = 3.665801e-08
Epoch 195200 (3.9%): Train pred MSE = 1.686144e-08, Test pred MSE = 7.825798e-07, Param MSE = 8.060488e-06, Grad norm = 7.278225e-07, Beta update rate = 3.658325e-08
Epoch 195400 (3.9%): Train pred MSE = 1.680857e-08, Test pred MSE = 7.825081e-07, Param MSE = 8.059757e-06, Grad norm = 7.264932e-07, Beta update rate = 3.650870e-08
Epoch 195600 (3.9%): Train pred MSE = 1.675589e-08, Test pred MSE = 7.824366e-07, Param MSE = 8.059029e-06, Grad norm = 7.251671e-07, Beta update rate = 3.643436e-08
Epoch 195800 (3.9%): Train pred MSE = 1.670340e-08, Test pred MSE = 7.823653e-07, Param MSE = 8.058302e-06, Grad norm = 7.238444e-07, Beta update rate = 3.636022e-08
Epoch 196000 (3.9%): Train pred MSE = 1.665110e-08, Test pred MSE = 7.822941e-07, Param MSE = 8.057576e-06, Grad norm = 7.225249e-07, Beta update rate = 3.628629e-08
Epoch 196200 (3.9%): Train pred MSE = 1.659899e-08, Test pred MSE = 7.822231e-07, Param MSE = 8.056853e-06, Grad norm = 7.212087e-07, Beta update rate = 3.621255e-08
Epoch 196400 (3.9%): Train pred MSE = 1.654707e-08, Test pred MSE = 7.821523e-07, Param MSE = 8.056132e-06, Grad norm = 7.198958e-07, Beta update rate = 3.613902e-08
Epoch 196600 (3.9%): Train pred MSE = 1.649534e-08, Test pred MSE = 7.820816e-07, Param MSE = 8.055412e-06, Grad norm = 7.185860e-07, Beta update rate = 3.606569e-08
Epoch 196800 (3.9%): Train pred MSE = 1.644380e-08, Test pred MSE = 7.820112e-07, Param MSE = 8.054694e-06, Grad norm = 7.172796e-07, Beta update rate = 3.599257e-08
Epoch 197000 (3.9%): Train pred MSE = 1.639244e-08, Test pred MSE = 7.819409e-07, Param MSE = 8.053978e-06, Grad norm = 7.159763e-07, Beta update rate = 3.591964e-08
Epoch 197200 (3.9%): Train pred MSE = 1.634127e-08, Test pred MSE = 7.818708e-07, Param MSE = 8.053263e-06, Grad norm = 7.146763e-07, Beta update rate = 3.584691e-08
Epoch 197400 (3.9%): Train pred MSE = 1.629029e-08, Test pred MSE = 7.818008e-07, Param MSE = 8.052551e-06, Grad norm = 7.133795e-07, Beta update rate = 3.577438e-08
Epoch 197600 (4.0%): Train pred MSE = 1.623949e-08, Test pred MSE = 7.817311e-07, Param MSE = 8.051840e-06, Grad norm = 7.120858e-07, Beta update rate = 3.570205e-08
Epoch 197800 (4.0%): Train pred MSE = 1.618888e-08, Test pred MSE = 7.816615e-07, Param MSE = 8.051131e-06, Grad norm = 7.107954e-07, Beta update rate = 3.562991e-08
Epoch 198000 (4.0%): Train pred MSE = 1.613845e-08, Test pred MSE = 7.815921e-07, Param MSE = 8.050424e-06, Grad norm = 7.095081e-07, Beta update rate = 3.555797e-08
Epoch 198200 (4.0%): Train pred MSE = 1.608820e-08, Test pred MSE = 7.815228e-07, Param MSE = 8.049718e-06, Grad norm = 7.082240e-07, Beta update rate = 3.548623e-08
Epoch 198400 (4.0%): Train pred MSE = 1.603813e-08, Test pred MSE = 7.814537e-07, Param MSE = 8.049015e-06, Grad norm = 7.069430e-07, Beta update rate = 3.541468e-08
Epoch 198600 (4.0%): Train pred MSE = 1.598825e-08, Test pred MSE = 7.813848e-07, Param MSE = 8.048313e-06, Grad norm = 7.056652e-07, Beta update rate = 3.534333e-08
Epoch 198800 (4.0%): Train pred MSE = 1.593854e-08, Test pred MSE = 7.813161e-07, Param MSE = 8.047612e-06, Grad norm = 7.043905e-07, Beta update rate = 3.527217e-08
Epoch 199000 (4.0%): Train pred MSE = 1.588901e-08, Test pred MSE = 7.812475e-07, Param MSE = 8.046914e-06, Grad norm = 7.031189e-07, Beta update rate = 3.520120e-08
Epoch 199200 (4.0%): Train pred MSE = 1.583967e-08, Test pred MSE = 7.811791e-07, Param MSE = 8.046217e-06, Grad norm = 7.018504e-07, Beta update rate = 3.513042e-08
Epoch 199400 (4.0%): Train pred MSE = 1.579050e-08, Test pred MSE = 7.811109e-07, Param MSE = 8.045522e-06, Grad norm = 7.005850e-07, Beta update rate = 3.505984e-08
Epoch 199600 (4.0%): Train pred MSE = 1.574150e-08, Test pred MSE = 7.810428e-07, Param MSE = 8.044828e-06, Grad norm = 6.993228e-07, Beta update rate = 3.498945e-08
Epoch 199800 (4.0%): Train pred MSE = 1.569269e-08, Test pred MSE = 7.809749e-07, Param MSE = 8.044137e-06, Grad norm = 6.980635e-07, Beta update rate = 3.491924e-08
Epoch 200000 (4.0%): Train pred MSE = 1.564405e-08, Test pred MSE = 7.809072e-07, Param MSE = 8.043447e-06, Grad norm = 6.968074e-07, Beta update rate = 3.484923e-08
Epoch 200200 (4.0%): Train pred MSE = 1.559558e-08, Test pred MSE = 7.808397e-07, Param MSE = 8.042758e-06, Grad norm = 6.955543e-07, Beta update rate = 3.477941e-08
Epoch 200400 (4.0%): Train pred MSE = 1.554729e-08, Test pred MSE = 7.807723e-07, Param MSE = 8.042072e-06, Grad norm = 6.943043e-07, Beta update rate = 3.470977e-08
Epoch 200600 (4.0%): Train pred MSE = 1.549917e-08, Test pred MSE = 7.807050e-07, Param MSE = 8.041387e-06, Grad norm = 6.930573e-07, Beta update rate = 3.464032e-08
Epoch 200800 (4.0%): Train pred MSE = 1.545122e-08, Test pred MSE = 7.806380e-07, Param MSE = 8.040704e-06, Grad norm = 6.918133e-07, Beta update rate = 3.457106e-08
Epoch 201000 (4.0%): Train pred MSE = 1.540345e-08, Test pred MSE = 7.805711e-07, Param MSE = 8.040022e-06, Grad norm = 6.905724e-07, Beta update rate = 3.450198e-08
Epoch 201200 (4.0%): Train pred MSE = 1.535585e-08, Test pred MSE = 7.805043e-07, Param MSE = 8.039342e-06, Grad norm = 6.893345e-07, Beta update rate = 3.443309e-08
Epoch 201400 (4.0%): Train pred MSE = 1.530841e-08, Test pred MSE = 7.804378e-07, Param MSE = 8.038664e-06, Grad norm = 6.880995e-07, Beta update rate = 3.436439e-08
Epoch 201600 (4.0%): Train pred MSE = 1.526115e-08, Test pred MSE = 7.803713e-07, Param MSE = 8.037988e-06, Grad norm = 6.868676e-07, Beta update rate = 3.429587e-08
Epoch 201800 (4.0%): Train pred MSE = 1.521406e-08, Test pred MSE = 7.803051e-07, Param MSE = 8.037313e-06, Grad norm = 6.856386e-07, Beta update rate = 3.422753e-08
Epoch 202000 (4.0%): Train pred MSE = 1.516713e-08, Test pred MSE = 7.802390e-07, Param MSE = 8.036640e-06, Grad norm = 6.844126e-07, Beta update rate = 3.415938e-08
Epoch 202200 (4.0%): Train pred MSE = 1.512038e-08, Test pred MSE = 7.801731e-07, Param MSE = 8.035968e-06, Grad norm = 6.831896e-07, Beta update rate = 3.409140e-08
Epoch 202400 (4.0%): Train pred MSE = 1.507378e-08, Test pred MSE = 7.801073e-07, Param MSE = 8.035298e-06, Grad norm = 6.819695e-07, Beta update rate = 3.402361e-08
Epoch 202600 (4.1%): Train pred MSE = 1.502736e-08, Test pred MSE = 7.800417e-07, Param MSE = 8.034630e-06, Grad norm = 6.807523e-07, Beta update rate = 3.395600e-08
Epoch 202800 (4.1%): Train pred MSE = 1.498110e-08, Test pred MSE = 7.799763e-07, Param MSE = 8.033963e-06, Grad norm = 6.795381e-07, Beta update rate = 3.388858e-08
Epoch 203000 (4.1%): Train pred MSE = 1.493501e-08, Test pred MSE = 7.799110e-07, Param MSE = 8.033298e-06, Grad norm = 6.783268e-07, Beta update rate = 3.382133e-08
Epoch 203200 (4.1%): Train pred MSE = 1.488908e-08, Test pred MSE = 7.798459e-07, Param MSE = 8.032635e-06, Grad norm = 6.771184e-07, Beta update rate = 3.375426e-08
Epoch 203400 (4.1%): Train pred MSE = 1.484331e-08, Test pred MSE = 7.797809e-07, Param MSE = 8.031973e-06, Grad norm = 6.759130e-07, Beta update rate = 3.368736e-08
Epoch 203600 (4.1%): Train pred MSE = 1.479771e-08, Test pred MSE = 7.797161e-07, Param MSE = 8.031313e-06, Grad norm = 6.747104e-07, Beta update rate = 3.362065e-08
Epoch 203800 (4.1%): Train pred MSE = 1.475226e-08, Test pred MSE = 7.796514e-07, Param MSE = 8.030655e-06, Grad norm = 6.735107e-07, Beta update rate = 3.355411e-08
Epoch 204000 (4.1%): Train pred MSE = 1.470698e-08, Test pred MSE = 7.795869e-07, Param MSE = 8.029998e-06, Grad norm = 6.723139e-07, Beta update rate = 3.348775e-08
Epoch 204200 (4.1%): Train pred MSE = 1.466186e-08, Test pred MSE = 7.795226e-07, Param MSE = 8.029342e-06, Grad norm = 6.711199e-07, Beta update rate = 3.342157e-08
Epoch 204400 (4.1%): Train pred MSE = 1.461690e-08, Test pred MSE = 7.794584e-07, Param MSE = 8.028689e-06, Grad norm = 6.699288e-07, Beta update rate = 3.335556e-08
Epoch 204600 (4.1%): Train pred MSE = 1.457210e-08, Test pred MSE = 7.793944e-07, Param MSE = 8.028037e-06, Grad norm = 6.687406e-07, Beta update rate = 3.328973e-08
Epoch 204800 (4.1%): Train pred MSE = 1.452746e-08, Test pred MSE = 7.793305e-07, Param MSE = 8.027386e-06, Grad norm = 6.675551e-07, Beta update rate = 3.322407e-08
Epoch 205000 (4.1%): Train pred MSE = 1.448298e-08, Test pred MSE = 7.792668e-07, Param MSE = 8.026737e-06, Grad norm = 6.663726e-07, Beta update rate = 3.315858e-08
Epoch 205200 (4.1%): Train pred MSE = 1.443865e-08, Test pred MSE = 7.792032e-07, Param MSE = 8.026090e-06, Grad norm = 6.651928e-07, Beta update rate = 3.309327e-08
Epoch 205400 (4.1%): Train pred MSE = 1.439448e-08, Test pred MSE = 7.791398e-07, Param MSE = 8.025444e-06, Grad norm = 6.640158e-07, Beta update rate = 3.302813e-08
Epoch 205600 (4.1%): Train pred MSE = 1.435047e-08, Test pred MSE = 7.790766e-07, Param MSE = 8.024800e-06, Grad norm = 6.628417e-07, Beta update rate = 3.296316e-08
Epoch 205800 (4.1%): Train pred MSE = 1.430661e-08, Test pred MSE = 7.790135e-07, Param MSE = 8.024157e-06, Grad norm = 6.616703e-07, Beta update rate = 3.289837e-08
Epoch 206000 (4.1%): Train pred MSE = 1.426291e-08, Test pred MSE = 7.789505e-07, Param MSE = 8.023516e-06, Grad norm = 6.605018e-07, Beta update rate = 3.283374e-08
Epoch 206200 (4.1%): Train pred MSE = 1.421936e-08, Test pred MSE = 7.788877e-07, Param MSE = 8.022876e-06, Grad norm = 6.593360e-07, Beta update rate = 3.276928e-08
Epoch 206400 (4.1%): Train pred MSE = 1.417597e-08, Test pred MSE = 7.788251e-07, Param MSE = 8.022238e-06, Grad norm = 6.581729e-07, Beta update rate = 3.270499e-08
Epoch 206600 (4.1%): Train pred MSE = 1.413272e-08, Test pred MSE = 7.787626e-07, Param MSE = 8.021601e-06, Grad norm = 6.570127e-07, Beta update rate = 3.264088e-08
Epoch 206800 (4.1%): Train pred MSE = 1.408963e-08, Test pred MSE = 7.787002e-07, Param MSE = 8.020966e-06, Grad norm = 6.558551e-07, Beta update rate = 3.257693e-08
Epoch 207000 (4.1%): Train pred MSE = 1.404669e-08, Test pred MSE = 7.786380e-07, Param MSE = 8.020333e-06, Grad norm = 6.547004e-07, Beta update rate = 3.251314e-08
Epoch 207200 (4.1%): Train pred MSE = 1.400391e-08, Test pred MSE = 7.785760e-07, Param MSE = 8.019701e-06, Grad norm = 6.535483e-07, Beta update rate = 3.244953e-08
Epoch 207400 (4.1%): Train pred MSE = 1.396127e-08, Test pred MSE = 7.785141e-07, Param MSE = 8.019071e-06, Grad norm = 6.523990e-07, Beta update rate = 3.238608e-08
Epoch 207600 (4.2%): Train pred MSE = 1.391878e-08, Test pred MSE = 7.784523e-07, Param MSE = 8.018442e-06, Grad norm = 6.512524e-07, Beta update rate = 3.232280e-08
Epoch 207800 (4.2%): Train pred MSE = 1.387645e-08, Test pred MSE = 7.783907e-07, Param MSE = 8.017814e-06, Grad norm = 6.501085e-07, Beta update rate = 3.225968e-08
Epoch 208000 (4.2%): Train pred MSE = 1.383426e-08, Test pred MSE = 7.783293e-07, Param MSE = 8.017189e-06, Grad norm = 6.489673e-07, Beta update rate = 3.219673e-08
Epoch 208200 (4.2%): Train pred MSE = 1.379221e-08, Test pred MSE = 7.782680e-07, Param MSE = 8.016564e-06, Grad norm = 6.478287e-07, Beta update rate = 3.213394e-08
Epoch 208400 (4.2%): Train pred MSE = 1.375032e-08, Test pred MSE = 7.782068e-07, Param MSE = 8.015941e-06, Grad norm = 6.466929e-07, Beta update rate = 3.207131e-08
Epoch 208600 (4.2%): Train pred MSE = 1.370857e-08, Test pred MSE = 7.781458e-07, Param MSE = 8.015320e-06, Grad norm = 6.455597e-07, Beta update rate = 3.200885e-08
Epoch 208800 (4.2%): Train pred MSE = 1.366697e-08, Test pred MSE = 7.780849e-07, Param MSE = 8.014700e-06, Grad norm = 6.444292e-07, Beta update rate = 3.194655e-08
Epoch 209000 (4.2%): Train pred MSE = 1.362552e-08, Test pred MSE = 7.780242e-07, Param MSE = 8.014082e-06, Grad norm = 6.433014e-07, Beta update rate = 3.188442e-08
Epoch 209200 (4.2%): Train pred MSE = 1.358421e-08, Test pred MSE = 7.779636e-07, Param MSE = 8.013465e-06, Grad norm = 6.421762e-07, Beta update rate = 3.182244e-08
Epoch 209400 (4.2%): Train pred MSE = 1.354304e-08, Test pred MSE = 7.779032e-07, Param MSE = 8.012849e-06, Grad norm = 6.410536e-07, Beta update rate = 3.176063e-08
Epoch 209600 (4.2%): Train pred MSE = 1.350202e-08, Test pred MSE = 7.778429e-07, Param MSE = 8.012235e-06, Grad norm = 6.399337e-07, Beta update rate = 3.169897e-08
Epoch 209800 (4.2%): Train pred MSE = 1.346114e-08, Test pred MSE = 7.777827e-07, Param MSE = 8.011623e-06, Grad norm = 6.388164e-07, Beta update rate = 3.163748e-08
Epoch 210000 (4.2%): Train pred MSE = 1.342040e-08, Test pred MSE = 7.777227e-07, Param MSE = 8.011012e-06, Grad norm = 6.377017e-07, Beta update rate = 3.157614e-08
Epoch 210200 (4.2%): Train pred MSE = 1.337981e-08, Test pred MSE = 7.776629e-07, Param MSE = 8.010402e-06, Grad norm = 6.365896e-07, Beta update rate = 3.151497e-08
Epoch 210400 (4.2%): Train pred MSE = 1.333935e-08, Test pred MSE = 7.776031e-07, Param MSE = 8.009794e-06, Grad norm = 6.354801e-07, Beta update rate = 3.145395e-08
Epoch 210600 (4.2%): Train pred MSE = 1.329904e-08, Test pred MSE = 7.775436e-07, Param MSE = 8.009187e-06, Grad norm = 6.343732e-07, Beta update rate = 3.139309e-08
Epoch 210800 (4.2%): Train pred MSE = 1.325887e-08, Test pred MSE = 7.774841e-07, Param MSE = 8.008582e-06, Grad norm = 6.332689e-07, Beta update rate = 3.133239e-08
Epoch 211000 (4.2%): Train pred MSE = 1.321883e-08, Test pred MSE = 7.774248e-07, Param MSE = 8.007978e-06, Grad norm = 6.321671e-07, Beta update rate = 3.127184e-08
Epoch 211200 (4.2%): Train pred MSE = 1.317894e-08, Test pred MSE = 7.773657e-07, Param MSE = 8.007376e-06, Grad norm = 6.310680e-07, Beta update rate = 3.121145e-08
Epoch 211400 (4.2%): Train pred MSE = 1.313919e-08, Test pred MSE = 7.773067e-07, Param MSE = 8.006775e-06, Grad norm = 6.299713e-07, Beta update rate = 3.115122e-08
Epoch 211600 (4.2%): Train pred MSE = 1.309957e-08, Test pred MSE = 7.772478e-07, Param MSE = 8.006176e-06, Grad norm = 6.288773e-07, Beta update rate = 3.109114e-08
Epoch 211800 (4.2%): Train pred MSE = 1.306009e-08, Test pred MSE = 7.771890e-07, Param MSE = 8.005578e-06, Grad norm = 6.277857e-07, Beta update rate = 3.103121e-08
Epoch 212000 (4.2%): Train pred MSE = 1.302075e-08, Test pred MSE = 7.771304e-07, Param MSE = 8.004981e-06, Grad norm = 6.266967e-07, Beta update rate = 3.097144e-08
Epoch 212200 (4.2%): Train pred MSE = 1.298154e-08, Test pred MSE = 7.770720e-07, Param MSE = 8.004386e-06, Grad norm = 6.256102e-07, Beta update rate = 3.091182e-08
Epoch 212400 (4.2%): Train pred MSE = 1.294247e-08, Test pred MSE = 7.770137e-07, Param MSE = 8.003792e-06, Grad norm = 6.245263e-07, Beta update rate = 3.085236e-08
Epoch 212600 (4.3%): Train pred MSE = 1.290353e-08, Test pred MSE = 7.769555e-07, Param MSE = 8.003199e-06, Grad norm = 6.234448e-07, Beta update rate = 3.079305e-08
Epoch 212800 (4.3%): Train pred MSE = 1.286473e-08, Test pred MSE = 7.768974e-07, Param MSE = 8.002608e-06, Grad norm = 6.223659e-07, Beta update rate = 3.073389e-08
Epoch 213000 (4.3%): Train pred MSE = 1.282607e-08, Test pred MSE = 7.768395e-07, Param MSE = 8.002019e-06, Grad norm = 6.212895e-07, Beta update rate = 3.067488e-08
Epoch 213200 (4.3%): Train pred MSE = 1.278753e-08, Test pred MSE = 7.767818e-07, Param MSE = 8.001431e-06, Grad norm = 6.202155e-07, Beta update rate = 3.061602e-08
Epoch 213400 (4.3%): Train pred MSE = 1.274913e-08, Test pred MSE = 7.767241e-07, Param MSE = 8.000844e-06, Grad norm = 6.191440e-07, Beta update rate = 3.055731e-08
Epoch 213600 (4.3%): Train pred MSE = 1.271087e-08, Test pred MSE = 7.766666e-07, Param MSE = 8.000258e-06, Grad norm = 6.180750e-07, Beta update rate = 3.049876e-08
Epoch 213800 (4.3%): Train pred MSE = 1.267273e-08, Test pred MSE = 7.766093e-07, Param MSE = 7.999674e-06, Grad norm = 6.170085e-07, Beta update rate = 3.044035e-08
Epoch 214000 (4.3%): Train pred MSE = 1.263473e-08, Test pred MSE = 7.765520e-07, Param MSE = 7.999092e-06, Grad norm = 6.159444e-07, Beta update rate = 3.038209e-08
Epoch 214200 (4.3%): Train pred MSE = 1.259686e-08, Test pred MSE = 7.764949e-07, Param MSE = 7.998510e-06, Grad norm = 6.148827e-07, Beta update rate = 3.032398e-08
Epoch 214400 (4.3%): Train pred MSE = 1.255911e-08, Test pred MSE = 7.764380e-07, Param MSE = 7.997930e-06, Grad norm = 6.138235e-07, Beta update rate = 3.026602e-08
Epoch 214600 (4.3%): Train pred MSE = 1.252150e-08, Test pred MSE = 7.763811e-07, Param MSE = 7.997352e-06, Grad norm = 6.127668e-07, Beta update rate = 3.020820e-08
Epoch 214800 (4.3%): Train pred MSE = 1.248402e-08, Test pred MSE = 7.763244e-07, Param MSE = 7.996775e-06, Grad norm = 6.117124e-07, Beta update rate = 3.015053e-08
Epoch 215000 (4.3%): Train pred MSE = 1.244666e-08, Test pred MSE = 7.762679e-07, Param MSE = 7.996199e-06, Grad norm = 6.106605e-07, Beta update rate = 3.009301e-08
Epoch 215200 (4.3%): Train pred MSE = 1.240944e-08, Test pred MSE = 7.762115e-07, Param MSE = 7.995624e-06, Grad norm = 6.096110e-07, Beta update rate = 3.003563e-08
Epoch 215400 (4.3%): Train pred MSE = 1.237234e-08, Test pred MSE = 7.761552e-07, Param MSE = 7.995051e-06, Grad norm = 6.085639e-07, Beta update rate = 2.997840e-08
Epoch 215600 (4.3%): Train pred MSE = 1.233537e-08, Test pred MSE = 7.760990e-07, Param MSE = 7.994479e-06, Grad norm = 6.075192e-07, Beta update rate = 2.992132e-08
Epoch 215800 (4.3%): Train pred MSE = 1.229852e-08, Test pred MSE = 7.760430e-07, Param MSE = 7.993909e-06, Grad norm = 6.064769e-07, Beta update rate = 2.986438e-08
Epoch 216000 (4.3%): Train pred MSE = 1.226181e-08, Test pred MSE = 7.759871e-07, Param MSE = 7.993340e-06, Grad norm = 6.054369e-07, Beta update rate = 2.980758e-08
Epoch 216200 (4.3%): Train pred MSE = 1.222521e-08, Test pred MSE = 7.759313e-07, Param MSE = 7.992772e-06, Grad norm = 6.043994e-07, Beta update rate = 2.975093e-08
Epoch 216400 (4.3%): Train pred MSE = 1.218875e-08, Test pred MSE = 7.758756e-07, Param MSE = 7.992205e-06, Grad norm = 6.033642e-07, Beta update rate = 2.969442e-08
Epoch 216600 (4.3%): Train pred MSE = 1.215240e-08, Test pred MSE = 7.758201e-07, Param MSE = 7.991640e-06, Grad norm = 6.023313e-07, Beta update rate = 2.963805e-08
Epoch 216800 (4.3%): Train pred MSE = 1.211619e-08, Test pred MSE = 7.757647e-07, Param MSE = 7.991076e-06, Grad norm = 6.013008e-07, Beta update rate = 2.958183e-08
Epoch 217000 (4.3%): Train pred MSE = 1.208009e-08, Test pred MSE = 7.757095e-07, Param MSE = 7.990514e-06, Grad norm = 6.002727e-07, Beta update rate = 2.952574e-08
Epoch 217200 (4.3%): Train pred MSE = 1.204412e-08, Test pred MSE = 7.756544e-07, Param MSE = 7.989953e-06, Grad norm = 5.992469e-07, Beta update rate = 2.946980e-08
Epoch 217400 (4.3%): Train pred MSE = 1.200827e-08, Test pred MSE = 7.755994e-07, Param MSE = 7.989393e-06, Grad norm = 5.982235e-07, Beta update rate = 2.941400e-08
Epoch 217600 (4.4%): Train pred MSE = 1.197255e-08, Test pred MSE = 7.755445e-07, Param MSE = 7.988834e-06, Grad norm = 5.972023e-07, Beta update rate = 2.935834e-08
Epoch 217800 (4.4%): Train pred MSE = 1.193694e-08, Test pred MSE = 7.754897e-07, Param MSE = 7.988277e-06, Grad norm = 5.961835e-07, Beta update rate = 2.930282e-08
Epoch 218000 (4.4%): Train pred MSE = 1.190146e-08, Test pred MSE = 7.754351e-07, Param MSE = 7.987721e-06, Grad norm = 5.951670e-07, Beta update rate = 2.924743e-08
Epoch 218200 (4.4%): Train pred MSE = 1.186610e-08, Test pred MSE = 7.753806e-07, Param MSE = 7.987166e-06, Grad norm = 5.941528e-07, Beta update rate = 2.919219e-08
Epoch 218400 (4.4%): Train pred MSE = 1.183086e-08, Test pred MSE = 7.753263e-07, Param MSE = 7.986613e-06, Grad norm = 5.931409e-07, Beta update rate = 2.913709e-08
Epoch 218600 (4.4%): Train pred MSE = 1.179574e-08, Test pred MSE = 7.752720e-07, Param MSE = 7.986061e-06, Grad norm = 5.921313e-07, Beta update rate = 2.908212e-08
Epoch 218800 (4.4%): Train pred MSE = 1.176074e-08, Test pred MSE = 7.752179e-07, Param MSE = 7.985510e-06, Grad norm = 5.911239e-07, Beta update rate = 2.902729e-08
Epoch 219000 (4.4%): Train pred MSE = 1.172585e-08, Test pred MSE = 7.751639e-07, Param MSE = 7.984961e-06, Grad norm = 5.901189e-07, Beta update rate = 2.897260e-08
Epoch 219200 (4.4%): Train pred MSE = 1.169109e-08, Test pred MSE = 7.751101e-07, Param MSE = 7.984412e-06, Grad norm = 5.891161e-07, Beta update rate = 2.891804e-08
Epoch 219400 (4.4%): Train pred MSE = 1.165644e-08, Test pred MSE = 7.750564e-07, Param MSE = 7.983865e-06, Grad norm = 5.881156e-07, Beta update rate = 2.886362e-08
Epoch 219600 (4.4%): Train pred MSE = 1.162191e-08, Test pred MSE = 7.750027e-07, Param MSE = 7.983320e-06, Grad norm = 5.871173e-07, Beta update rate = 2.880934e-08
Epoch 219800 (4.4%): Train pred MSE = 1.158750e-08, Test pred MSE = 7.749493e-07, Param MSE = 7.982775e-06, Grad norm = 5.861213e-07, Beta update rate = 2.875519e-08
Epoch 220000 (4.4%): Train pred MSE = 1.155321e-08, Test pred MSE = 7.748959e-07, Param MSE = 7.982232e-06, Grad norm = 5.851275e-07, Beta update rate = 2.870118e-08
Epoch 220200 (4.4%): Train pred MSE = 1.151903e-08, Test pred MSE = 7.748426e-07, Param MSE = 7.981690e-06, Grad norm = 5.841360e-07, Beta update rate = 2.864730e-08
Epoch 220400 (4.4%): Train pred MSE = 1.148496e-08, Test pred MSE = 7.747895e-07, Param MSE = 7.981149e-06, Grad norm = 5.831467e-07, Beta update rate = 2.859356e-08
Epoch 220600 (4.4%): Train pred MSE = 1.145102e-08, Test pred MSE = 7.747365e-07, Param MSE = 7.980610e-06, Grad norm = 5.821596e-07, Beta update rate = 2.853995e-08
Epoch 220800 (4.4%): Train pred MSE = 1.141718e-08, Test pred MSE = 7.746837e-07, Param MSE = 7.980072e-06, Grad norm = 5.811747e-07, Beta update rate = 2.848647e-08
Epoch 221000 (4.4%): Train pred MSE = 1.138346e-08, Test pred MSE = 7.746309e-07, Param MSE = 7.979535e-06, Grad norm = 5.801920e-07, Beta update rate = 2.843312e-08
Epoch 221200 (4.4%): Train pred MSE = 1.134986e-08, Test pred MSE = 7.745783e-07, Param MSE = 7.978999e-06, Grad norm = 5.792116e-07, Beta update rate = 2.837991e-08
Epoch 221400 (4.4%): Train pred MSE = 1.131637e-08, Test pred MSE = 7.745258e-07, Param MSE = 7.978465e-06, Grad norm = 5.782333e-07, Beta update rate = 2.832683e-08
Epoch 221600 (4.4%): Train pred MSE = 1.128299e-08, Test pred MSE = 7.744734e-07, Param MSE = 7.977931e-06, Grad norm = 5.772572e-07, Beta update rate = 2.827388e-08
Epoch 221800 (4.4%): Train pred MSE = 1.124972e-08, Test pred MSE = 7.744211e-07, Param MSE = 7.977399e-06, Grad norm = 5.762834e-07, Beta update rate = 2.822106e-08
Epoch 222000 (4.4%): Train pred MSE = 1.121657e-08, Test pred MSE = 7.743689e-07, Param MSE = 7.976869e-06, Grad norm = 5.753116e-07, Beta update rate = 2.816837e-08
Epoch 222200 (4.4%): Train pred MSE = 1.118353e-08, Test pred MSE = 7.743169e-07, Param MSE = 7.976339e-06, Grad norm = 5.743421e-07, Beta update rate = 2.811582e-08
Epoch 222400 (4.4%): Train pred MSE = 1.115060e-08, Test pred MSE = 7.742650e-07, Param MSE = 7.975811e-06, Grad norm = 5.733747e-07, Beta update rate = 2.806339e-08
Epoch 222600 (4.5%): Train pred MSE = 1.111778e-08, Test pred MSE = 7.742132e-07, Param MSE = 7.975284e-06, Grad norm = 5.724095e-07, Beta update rate = 2.801109e-08
Epoch 222800 (4.5%): Train pred MSE = 1.108507e-08, Test pred MSE = 7.741615e-07, Param MSE = 7.974758e-06, Grad norm = 5.714464e-07, Beta update rate = 2.795892e-08
Epoch 223000 (4.5%): Train pred MSE = 1.105247e-08, Test pred MSE = 7.741100e-07, Param MSE = 7.974233e-06, Grad norm = 5.704855e-07, Beta update rate = 2.790688e-08
Epoch 223200 (4.5%): Train pred MSE = 1.101998e-08, Test pred MSE = 7.740585e-07, Param MSE = 7.973710e-06, Grad norm = 5.695267e-07, Beta update rate = 2.785497e-08
Epoch 223400 (4.5%): Train pred MSE = 1.098760e-08, Test pred MSE = 7.740072e-07, Param MSE = 7.973187e-06, Grad norm = 5.685700e-07, Beta update rate = 2.780318e-08
Epoch 223600 (4.5%): Train pred MSE = 1.095532e-08, Test pred MSE = 7.739560e-07, Param MSE = 7.972666e-06, Grad norm = 5.676155e-07, Beta update rate = 2.775152e-08
Epoch 223800 (4.5%): Train pred MSE = 1.092316e-08, Test pred MSE = 7.739049e-07, Param MSE = 7.972146e-06, Grad norm = 5.666631e-07, Beta update rate = 2.769999e-08
Epoch 224000 (4.5%): Train pred MSE = 1.089110e-08, Test pred MSE = 7.738540e-07, Param MSE = 7.971628e-06, Grad norm = 5.657128e-07, Beta update rate = 2.764859e-08
Epoch 224200 (4.5%): Train pred MSE = 1.085915e-08, Test pred MSE = 7.738031e-07, Param MSE = 7.971110e-06, Grad norm = 5.647646e-07, Beta update rate = 2.759731e-08
Epoch 224400 (4.5%): Train pred MSE = 1.082731e-08, Test pred MSE = 7.737524e-07, Param MSE = 7.970594e-06, Grad norm = 5.638185e-07, Beta update rate = 2.754615e-08
Epoch 224600 (4.5%): Train pred MSE = 1.079558e-08, Test pred MSE = 7.737018e-07, Param MSE = 7.970079e-06, Grad norm = 5.628745e-07, Beta update rate = 2.749513e-08
Epoch 224800 (4.5%): Train pred MSE = 1.076395e-08, Test pred MSE = 7.736513e-07, Param MSE = 7.969565e-06, Grad norm = 5.619326e-07, Beta update rate = 2.744422e-08
Epoch 225000 (4.5%): Train pred MSE = 1.073242e-08, Test pred MSE = 7.736009e-07, Param MSE = 7.969052e-06, Grad norm = 5.609927e-07, Beta update rate = 2.739344e-08
Epoch 225200 (4.5%): Train pred MSE = 1.070100e-08, Test pred MSE = 7.735506e-07, Param MSE = 7.968540e-06, Grad norm = 5.600550e-07, Beta update rate = 2.734279e-08
Epoch 225400 (4.5%): Train pred MSE = 1.066969e-08, Test pred MSE = 7.735004e-07, Param MSE = 7.968030e-06, Grad norm = 5.591193e-07, Beta update rate = 2.729226e-08
Epoch 225600 (4.5%): Train pred MSE = 1.063848e-08, Test pred MSE = 7.734504e-07, Param MSE = 7.967520e-06, Grad norm = 5.581857e-07, Beta update rate = 2.724185e-08
Epoch 225800 (4.5%): Train pred MSE = 1.060738e-08, Test pred MSE = 7.734004e-07, Param MSE = 7.967012e-06, Grad norm = 5.572541e-07, Beta update rate = 2.719157e-08
Epoch 226000 (4.5%): Train pred MSE = 1.057638e-08, Test pred MSE = 7.733506e-07, Param MSE = 7.966505e-06, Grad norm = 5.563246e-07, Beta update rate = 2.714140e-08
Epoch 226200 (4.5%): Train pred MSE = 1.054548e-08, Test pred MSE = 7.733009e-07, Param MSE = 7.965999e-06, Grad norm = 5.553972e-07, Beta update rate = 2.709136e-08
Epoch 226400 (4.5%): Train pred MSE = 1.051468e-08, Test pred MSE = 7.732513e-07, Param MSE = 7.965495e-06, Grad norm = 5.544717e-07, Beta update rate = 2.704144e-08
Epoch 226600 (4.5%): Train pred MSE = 1.048399e-08, Test pred MSE = 7.732018e-07, Param MSE = 7.964991e-06, Grad norm = 5.535483e-07, Beta update rate = 2.699165e-08
Epoch 226800 (4.5%): Train pred MSE = 1.045340e-08, Test pred MSE = 7.731524e-07, Param MSE = 7.964489e-06, Grad norm = 5.526270e-07, Beta update rate = 2.694197e-08
Epoch 227000 (4.5%): Train pred MSE = 1.042291e-08, Test pred MSE = 7.731032e-07, Param MSE = 7.963987e-06, Grad norm = 5.517076e-07, Beta update rate = 2.689242e-08
Epoch 227200 (4.5%): Train pred MSE = 1.039253e-08, Test pred MSE = 7.730540e-07, Param MSE = 7.963487e-06, Grad norm = 5.507903e-07, Beta update rate = 2.684298e-08
Epoch 227400 (4.5%): Train pred MSE = 1.036224e-08, Test pred MSE = 7.730050e-07, Param MSE = 7.962988e-06, Grad norm = 5.498750e-07, Beta update rate = 2.679366e-08
Epoch 227600 (4.6%): Train pred MSE = 1.033205e-08, Test pred MSE = 7.729561e-07, Param MSE = 7.962490e-06, Grad norm = 5.489617e-07, Beta update rate = 2.674447e-08
Epoch 227800 (4.6%): Train pred MSE = 1.030197e-08, Test pred MSE = 7.729073e-07, Param MSE = 7.961994e-06, Grad norm = 5.480504e-07, Beta update rate = 2.669539e-08
Epoch 228000 (4.6%): Train pred MSE = 1.027198e-08, Test pred MSE = 7.728585e-07, Param MSE = 7.961498e-06, Grad norm = 5.471411e-07, Beta update rate = 2.664643e-08
Epoch 228200 (4.6%): Train pred MSE = 1.024210e-08, Test pred MSE = 7.728099e-07, Param MSE = 7.961004e-06, Grad norm = 5.462337e-07, Beta update rate = 2.659759e-08
Epoch 228400 (4.6%): Train pred MSE = 1.021231e-08, Test pred MSE = 7.727615e-07, Param MSE = 7.960510e-06, Grad norm = 5.453284e-07, Beta update rate = 2.654887e-08
Epoch 228600 (4.6%): Train pred MSE = 1.018262e-08, Test pred MSE = 7.727131e-07, Param MSE = 7.960018e-06, Grad norm = 5.444250e-07, Beta update rate = 2.650026e-08
Epoch 228800 (4.6%): Train pred MSE = 1.015303e-08, Test pred MSE = 7.726648e-07, Param MSE = 7.959527e-06, Grad norm = 5.435236e-07, Beta update rate = 2.645178e-08
Epoch 229000 (4.6%): Train pred MSE = 1.012354e-08, Test pred MSE = 7.726166e-07, Param MSE = 7.959037e-06, Grad norm = 5.426242e-07, Beta update rate = 2.640341e-08
Epoch 229200 (4.6%): Train pred MSE = 1.009414e-08, Test pred MSE = 7.725686e-07, Param MSE = 7.958548e-06, Grad norm = 5.417267e-07, Beta update rate = 2.635515e-08
Epoch 229400 (4.6%): Train pred MSE = 1.006484e-08, Test pred MSE = 7.725206e-07, Param MSE = 7.958060e-06, Grad norm = 5.408312e-07, Beta update rate = 2.630701e-08
Epoch 229600 (4.6%): Train pred MSE = 1.003564e-08, Test pred MSE = 7.724728e-07, Param MSE = 7.957573e-06, Grad norm = 5.399376e-07, Beta update rate = 2.625899e-08
Epoch 229800 (4.6%): Train pred MSE = 1.000654e-08, Test pred MSE = 7.724251e-07, Param MSE = 7.957088e-06, Grad norm = 5.390459e-07, Beta update rate = 2.621108e-08
Epoch 230000 (4.6%): Train pred MSE = 9.977530e-09, Test pred MSE = 7.723775e-07, Param MSE = 7.956603e-06, Grad norm = 5.381562e-07, Beta update rate = 2.616329e-08
Epoch 230200 (4.6%): Train pred MSE = 9.948617e-09, Test pred MSE = 7.723299e-07, Param MSE = 7.956120e-06, Grad norm = 5.372685e-07, Beta update rate = 2.611561e-08
Epoch 230400 (4.6%): Train pred MSE = 9.919799e-09, Test pred MSE = 7.722825e-07, Param MSE = 7.955637e-06, Grad norm = 5.363826e-07, Beta update rate = 2.606805e-08
Epoch 230600 (4.6%): Train pred MSE = 9.891076e-09, Test pred MSE = 7.722352e-07, Param MSE = 7.955156e-06, Grad norm = 5.354987e-07, Beta update rate = 2.602060e-08
Epoch 230800 (4.6%): Train pred MSE = 9.862448e-09, Test pred MSE = 7.721880e-07, Param MSE = 7.954676e-06, Grad norm = 5.346167e-07, Beta update rate = 2.597326e-08
Epoch 231000 (4.6%): Train pred MSE = 9.833914e-09, Test pred MSE = 7.721409e-07, Param MSE = 7.954197e-06, Grad norm = 5.337366e-07, Beta update rate = 2.592604e-08
Epoch 231200 (4.6%): Train pred MSE = 9.805473e-09, Test pred MSE = 7.720939e-07, Param MSE = 7.953719e-06, Grad norm = 5.328584e-07, Beta update rate = 2.587893e-08
Epoch 231400 (4.6%): Train pred MSE = 9.777127e-09, Test pred MSE = 7.720471e-07, Param MSE = 7.953242e-06, Grad norm = 5.319821e-07, Beta update rate = 2.583194e-08
Epoch 231600 (4.6%): Train pred MSE = 9.748873e-09, Test pred MSE = 7.720003e-07, Param MSE = 7.952766e-06, Grad norm = 5.311076e-07, Beta update rate = 2.578505e-08
Epoch 231800 (4.6%): Train pred MSE = 9.720712e-09, Test pred MSE = 7.719536e-07, Param MSE = 7.952291e-06, Grad norm = 5.302351e-07, Beta update rate = 2.573828e-08
Epoch 232000 (4.6%): Train pred MSE = 9.692644e-09, Test pred MSE = 7.719070e-07, Param MSE = 7.951817e-06, Grad norm = 5.293645e-07, Beta update rate = 2.569162e-08
Epoch 232200 (4.6%): Train pred MSE = 9.664667e-09, Test pred MSE = 7.718606e-07, Param MSE = 7.951344e-06, Grad norm = 5.284957e-07, Beta update rate = 2.564506e-08
Epoch 232400 (4.6%): Train pred MSE = 9.636783e-09, Test pred MSE = 7.718142e-07, Param MSE = 7.950873e-06, Grad norm = 5.276288e-07, Beta update rate = 2.559862e-08
Epoch 232600 (4.7%): Train pred MSE = 9.608989e-09, Test pred MSE = 7.717679e-07, Param MSE = 7.950402e-06, Grad norm = 5.267638e-07, Beta update rate = 2.555229e-08
Epoch 232800 (4.7%): Train pred MSE = 9.581287e-09, Test pred MSE = 7.717218e-07, Param MSE = 7.949932e-06, Grad norm = 5.259006e-07, Beta update rate = 2.550608e-08
Epoch 233000 (4.7%): Train pred MSE = 9.553676e-09, Test pred MSE = 7.716757e-07, Param MSE = 7.949464e-06, Grad norm = 5.250393e-07, Beta update rate = 2.545997e-08
Epoch 233200 (4.7%): Train pred MSE = 9.526155e-09, Test pred MSE = 7.716298e-07, Param MSE = 7.948996e-06, Grad norm = 5.241798e-07, Beta update rate = 2.541397e-08
Epoch 233400 (4.7%): Train pred MSE = 9.498723e-09, Test pred MSE = 7.715839e-07, Param MSE = 7.948530e-06, Grad norm = 5.233222e-07, Beta update rate = 2.536807e-08
Epoch 233600 (4.7%): Train pred MSE = 9.471382e-09, Test pred MSE = 7.715382e-07, Param MSE = 7.948065e-06, Grad norm = 5.224664e-07, Beta update rate = 2.532229e-08
Epoch 233800 (4.7%): Train pred MSE = 9.444130e-09, Test pred MSE = 7.714925e-07, Param MSE = 7.947600e-06, Grad norm = 5.216125e-07, Beta update rate = 2.527662e-08
Epoch 234000 (4.7%): Train pred MSE = 9.416966e-09, Test pred MSE = 7.714470e-07, Param MSE = 7.947137e-06, Grad norm = 5.207604e-07, Beta update rate = 2.523105e-08
Epoch 234200 (4.7%): Train pred MSE = 9.389892e-09, Test pred MSE = 7.714015e-07, Param MSE = 7.946675e-06, Grad norm = 5.199101e-07, Beta update rate = 2.518559e-08
Epoch 234400 (4.7%): Train pred MSE = 9.362906e-09, Test pred MSE = 7.713562e-07, Param MSE = 7.946213e-06, Grad norm = 5.190616e-07, Beta update rate = 2.514024e-08
Epoch 234600 (4.7%): Train pred MSE = 9.336008e-09, Test pred MSE = 7.713110e-07, Param MSE = 7.945753e-06, Grad norm = 5.182149e-07, Beta update rate = 2.509500e-08
Epoch 234800 (4.7%): Train pred MSE = 9.309197e-09, Test pred MSE = 7.712658e-07, Param MSE = 7.945294e-06, Grad norm = 5.173701e-07, Beta update rate = 2.504986e-08
Epoch 235000 (4.7%): Train pred MSE = 9.282474e-09, Test pred MSE = 7.712208e-07, Param MSE = 7.944836e-06, Grad norm = 5.165270e-07, Beta update rate = 2.500483e-08
Epoch 235200 (4.7%): Train pred MSE = 9.255837e-09, Test pred MSE = 7.711758e-07, Param MSE = 7.944379e-06, Grad norm = 5.156857e-07, Beta update rate = 2.495991e-08
Epoch 235400 (4.7%): Train pred MSE = 9.229288e-09, Test pred MSE = 7.711310e-07, Param MSE = 7.943922e-06, Grad norm = 5.148463e-07, Beta update rate = 2.491509e-08
Epoch 235600 (4.7%): Train pred MSE = 9.202825e-09, Test pred MSE = 7.710862e-07, Param MSE = 7.943467e-06, Grad norm = 5.140086e-07, Beta update rate = 2.487038e-08
Epoch 235800 (4.7%): Train pred MSE = 9.176447e-09, Test pred MSE = 7.710416e-07, Param MSE = 7.943013e-06, Grad norm = 5.131727e-07, Beta update rate = 2.482577e-08
Epoch 236000 (4.7%): Train pred MSE = 9.150156e-09, Test pred MSE = 7.709970e-07, Param MSE = 7.942560e-06, Grad norm = 5.123386e-07, Beta update rate = 2.478126e-08
Epoch 236200 (4.7%): Train pred MSE = 9.123950e-09, Test pred MSE = 7.709526e-07, Param MSE = 7.942108e-06, Grad norm = 5.115063e-07, Beta update rate = 2.473687e-08
Epoch 236400 (4.7%): Train pred MSE = 9.097829e-09, Test pred MSE = 7.709082e-07, Param MSE = 7.941657e-06, Grad norm = 5.106757e-07, Beta update rate = 2.469257e-08
Epoch 236600 (4.7%): Train pred MSE = 9.071792e-09, Test pred MSE = 7.708640e-07, Param MSE = 7.941207e-06, Grad norm = 5.098469e-07, Beta update rate = 2.464838e-08
Epoch 236800 (4.7%): Train pred MSE = 9.045841e-09, Test pred MSE = 7.708198e-07, Param MSE = 7.940757e-06, Grad norm = 5.090198e-07, Beta update rate = 2.460429e-08
Epoch 237000 (4.7%): Train pred MSE = 9.019973e-09, Test pred MSE = 7.707757e-07, Param MSE = 7.940309e-06, Grad norm = 5.081945e-07, Beta update rate = 2.456031e-08
Epoch 237200 (4.7%): Train pred MSE = 8.994189e-09, Test pred MSE = 7.707318e-07, Param MSE = 7.939862e-06, Grad norm = 5.073710e-07, Beta update rate = 2.451643e-08
Epoch 237400 (4.7%): Train pred MSE = 8.968488e-09, Test pred MSE = 7.706879e-07, Param MSE = 7.939416e-06, Grad norm = 5.065491e-07, Beta update rate = 2.447265e-08
Epoch 237600 (4.8%): Train pred MSE = 8.942871e-09, Test pred MSE = 7.706441e-07, Param MSE = 7.938971e-06, Grad norm = 5.057291e-07, Beta update rate = 2.442897e-08
Epoch 237800 (4.8%): Train pred MSE = 8.917336e-09, Test pred MSE = 7.706005e-07, Param MSE = 7.938526e-06, Grad norm = 5.049107e-07, Beta update rate = 2.438540e-08
Epoch 238000 (4.8%): Train pred MSE = 8.891884e-09, Test pred MSE = 7.705569e-07, Param MSE = 7.938083e-06, Grad norm = 5.040941e-07, Beta update rate = 2.434193e-08
Epoch 238200 (4.8%): Train pred MSE = 8.866515e-09, Test pred MSE = 7.705134e-07, Param MSE = 7.937641e-06, Grad norm = 5.032792e-07, Beta update rate = 2.429855e-08
Epoch 238400 (4.8%): Train pred MSE = 8.841227e-09, Test pred MSE = 7.704700e-07, Param MSE = 7.937200e-06, Grad norm = 5.024661e-07, Beta update rate = 2.425528e-08
Epoch 238600 (4.8%): Train pred MSE = 8.816021e-09, Test pred MSE = 7.704267e-07, Param MSE = 7.936759e-06, Grad norm = 5.016546e-07, Beta update rate = 2.421211e-08
Epoch 238800 (4.8%): Train pred MSE = 8.790896e-09, Test pred MSE = 7.703835e-07, Param MSE = 7.936320e-06, Grad norm = 5.008449e-07, Beta update rate = 2.416905e-08
Epoch 239000 (4.8%): Train pred MSE = 8.765852e-09, Test pred MSE = 7.703404e-07, Param MSE = 7.935882e-06, Grad norm = 5.000368e-07, Beta update rate = 2.412608e-08
Epoch 239200 (4.8%): Train pred MSE = 8.740889e-09, Test pred MSE = 7.702974e-07, Param MSE = 7.935444e-06, Grad norm = 4.992305e-07, Beta update rate = 2.408321e-08
Epoch 239400 (4.8%): Train pred MSE = 8.716006e-09, Test pred MSE = 7.702545e-07, Param MSE = 7.935008e-06, Grad norm = 4.984259e-07, Beta update rate = 2.404044e-08
Epoch 239600 (4.8%): Train pred MSE = 8.691204e-09, Test pred MSE = 7.702117e-07, Param MSE = 7.934572e-06, Grad norm = 4.976229e-07, Beta update rate = 2.399777e-08
Epoch 239800 (4.8%): Train pred MSE = 8.666481e-09, Test pred MSE = 7.701689e-07, Param MSE = 7.934138e-06, Grad norm = 4.968217e-07, Beta update rate = 2.395520e-08
Epoch 240000 (4.8%): Train pred MSE = 8.641838e-09, Test pred MSE = 7.701263e-07, Param MSE = 7.933704e-06, Grad norm = 4.960221e-07, Beta update rate = 2.391272e-08
Epoch 240200 (4.8%): Train pred MSE = 8.617274e-09, Test pred MSE = 7.700838e-07, Param MSE = 7.933271e-06, Grad norm = 4.952242e-07, Beta update rate = 2.387035e-08
Epoch 240400 (4.8%): Train pred MSE = 8.592789e-09, Test pred MSE = 7.700413e-07, Param MSE = 7.932840e-06, Grad norm = 4.944279e-07, Beta update rate = 2.382807e-08
Epoch 240600 (4.8%): Train pred MSE = 8.568383e-09, Test pred MSE = 7.699989e-07, Param MSE = 7.932409e-06, Grad norm = 4.936334e-07, Beta update rate = 2.378589e-08
Epoch 240800 (4.8%): Train pred MSE = 8.544055e-09, Test pred MSE = 7.699567e-07, Param MSE = 7.931979e-06, Grad norm = 4.928405e-07, Beta update rate = 2.374381e-08
Epoch 241000 (4.8%): Train pred MSE = 8.519805e-09, Test pred MSE = 7.699145e-07, Param MSE = 7.931550e-06, Grad norm = 4.920492e-07, Beta update rate = 2.370183e-08
Epoch 241200 (4.8%): Train pred MSE = 8.495633e-09, Test pred MSE = 7.698724e-07, Param MSE = 7.931122e-06, Grad norm = 4.912596e-07, Beta update rate = 2.365994e-08
Epoch 241400 (4.8%): Train pred MSE = 8.471538e-09, Test pred MSE = 7.698304e-07, Param MSE = 7.930695e-06, Grad norm = 4.904717e-07, Beta update rate = 2.361815e-08
Epoch 241600 (4.8%): Train pred MSE = 8.447521e-09, Test pred MSE = 7.697885e-07, Param MSE = 7.930269e-06, Grad norm = 4.896854e-07, Beta update rate = 2.357646e-08
Epoch 241800 (4.8%): Train pred MSE = 8.423580e-09, Test pred MSE = 7.697467e-07, Param MSE = 7.929844e-06, Grad norm = 4.889007e-07, Beta update rate = 2.353486e-08
Epoch 242000 (4.8%): Train pred MSE = 8.399717e-09, Test pred MSE = 7.697050e-07, Param MSE = 7.929420e-06, Grad norm = 4.881177e-07, Beta update rate = 2.349336e-08
Epoch 242200 (4.8%): Train pred MSE = 8.375929e-09, Test pred MSE = 7.696634e-07, Param MSE = 7.928996e-06, Grad norm = 4.873363e-07, Beta update rate = 2.345195e-08
Epoch 242400 (4.8%): Train pred MSE = 8.352218e-09, Test pred MSE = 7.696218e-07, Param MSE = 7.928574e-06, Grad norm = 4.865565e-07, Beta update rate = 2.341064e-08
Epoch 242600 (4.9%): Train pred MSE = 8.328582e-09, Test pred MSE = 7.695804e-07, Param MSE = 7.928152e-06, Grad norm = 4.857784e-07, Beta update rate = 2.336942e-08
Epoch 242800 (4.9%): Train pred MSE = 8.305022e-09, Test pred MSE = 7.695390e-07, Param MSE = 7.927732e-06, Grad norm = 4.850019e-07, Beta update rate = 2.332830e-08
Epoch 243000 (4.9%): Train pred MSE = 8.281537e-09, Test pred MSE = 7.694978e-07, Param MSE = 7.927312e-06, Grad norm = 4.842270e-07, Beta update rate = 2.328727e-08
Epoch 243200 (4.9%): Train pred MSE = 8.258127e-09, Test pred MSE = 7.694566e-07, Param MSE = 7.926893e-06, Grad norm = 4.834537e-07, Beta update rate = 2.324634e-08
Epoch 243400 (4.9%): Train pred MSE = 8.234792e-09, Test pred MSE = 7.694155e-07, Param MSE = 7.926476e-06, Grad norm = 4.826820e-07, Beta update rate = 2.320550e-08
Epoch 243600 (4.9%): Train pred MSE = 8.211531e-09, Test pred MSE = 7.693745e-07, Param MSE = 7.926059e-06, Grad norm = 4.819119e-07, Beta update rate = 2.316475e-08
Epoch 243800 (4.9%): Train pred MSE = 8.188345e-09, Test pred MSE = 7.693336e-07, Param MSE = 7.925643e-06, Grad norm = 4.811434e-07, Beta update rate = 2.312410e-08
Epoch 244000 (4.9%): Train pred MSE = 8.165232e-09, Test pred MSE = 7.692928e-07, Param MSE = 7.925227e-06, Grad norm = 4.803765e-07, Beta update rate = 2.308354e-08
Epoch 244200 (4.9%): Train pred MSE = 8.142193e-09, Test pred MSE = 7.692520e-07, Param MSE = 7.924813e-06, Grad norm = 4.796111e-07, Beta update rate = 2.304307e-08
Epoch 244400 (4.9%): Train pred MSE = 8.119227e-09, Test pred MSE = 7.692114e-07, Param MSE = 7.924400e-06, Grad norm = 4.788474e-07, Beta update rate = 2.300269e-08
Epoch 244600 (4.9%): Train pred MSE = 8.096334e-09, Test pred MSE = 7.691708e-07, Param MSE = 7.923988e-06, Grad norm = 4.780852e-07, Beta update rate = 2.296241e-08
Epoch 244800 (4.9%): Train pred MSE = 8.073515e-09, Test pred MSE = 7.691303e-07, Param MSE = 7.923576e-06, Grad norm = 4.773246e-07, Beta update rate = 2.292222e-08
Epoch 245000 (4.9%): Train pred MSE = 8.050767e-09, Test pred MSE = 7.690899e-07, Param MSE = 7.923165e-06, Grad norm = 4.765656e-07, Beta update rate = 2.288212e-08
Epoch 245200 (4.9%): Train pred MSE = 8.028092e-09, Test pred MSE = 7.690496e-07, Param MSE = 7.922756e-06, Grad norm = 4.758082e-07, Beta update rate = 2.284211e-08
Epoch 245400 (4.9%): Train pred MSE = 8.005489e-09, Test pred MSE = 7.690094e-07, Param MSE = 7.922347e-06, Grad norm = 4.750523e-07, Beta update rate = 2.280219e-08
Epoch 245600 (4.9%): Train pred MSE = 7.982958e-09, Test pred MSE = 7.689693e-07, Param MSE = 7.921939e-06, Grad norm = 4.742979e-07, Beta update rate = 2.276236e-08
Epoch 245800 (4.9%): Train pred MSE = 7.960498e-09, Test pred MSE = 7.689293e-07, Param MSE = 7.921532e-06, Grad norm = 4.735452e-07, Beta update rate = 2.272262e-08
Epoch 246000 (4.9%): Train pred MSE = 7.938109e-09, Test pred MSE = 7.688893e-07, Param MSE = 7.921125e-06, Grad norm = 4.727939e-07, Beta update rate = 2.268298e-08
Epoch 246200 (4.9%): Train pred MSE = 7.915791e-09, Test pred MSE = 7.688494e-07, Param MSE = 7.920720e-06, Grad norm = 4.720442e-07, Beta update rate = 2.264342e-08
Epoch 246400 (4.9%): Train pred MSE = 7.893544e-09, Test pred MSE = 7.688097e-07, Param MSE = 7.920315e-06, Grad norm = 4.712961e-07, Beta update rate = 2.260395e-08
Epoch 246600 (4.9%): Train pred MSE = 7.871368e-09, Test pred MSE = 7.687700e-07, Param MSE = 7.919912e-06, Grad norm = 4.705495e-07, Beta update rate = 2.256458e-08
Epoch 246800 (4.9%): Train pred MSE = 7.849261e-09, Test pred MSE = 7.687303e-07, Param MSE = 7.919509e-06, Grad norm = 4.698044e-07, Beta update rate = 2.252529e-08
Epoch 247000 (4.9%): Train pred MSE = 7.827225e-09, Test pred MSE = 7.686908e-07, Param MSE = 7.919107e-06, Grad norm = 4.690609e-07, Beta update rate = 2.248609e-08
Epoch 247200 (4.9%): Train pred MSE = 7.805258e-09, Test pred MSE = 7.686514e-07, Param MSE = 7.918706e-06, Grad norm = 4.683188e-07, Beta update rate = 2.244698e-08
Epoch 247400 (4.9%): Train pred MSE = 7.783361e-09, Test pred MSE = 7.686120e-07, Param MSE = 7.918306e-06, Grad norm = 4.675783e-07, Beta update rate = 2.240796e-08
Epoch 247600 (5.0%): Train pred MSE = 7.761533e-09, Test pred MSE = 7.685727e-07, Param MSE = 7.917907e-06, Grad norm = 4.668393e-07, Beta update rate = 2.236902e-08
Epoch 247800 (5.0%): Train pred MSE = 7.739774e-09, Test pred MSE = 7.685335e-07, Param MSE = 7.917508e-06, Grad norm = 4.661019e-07, Beta update rate = 2.233018e-08
Epoch 248000 (5.0%): Train pred MSE = 7.718083e-09, Test pred MSE = 7.684944e-07, Param MSE = 7.917111e-06, Grad norm = 4.653659e-07, Beta update rate = 2.229142e-08
Epoch 248200 (5.0%): Train pred MSE = 7.696461e-09, Test pred MSE = 7.684554e-07, Param MSE = 7.916714e-06, Grad norm = 4.646314e-07, Beta update rate = 2.225275e-08
Epoch 248400 (5.0%): Train pred MSE = 7.674907e-09, Test pred MSE = 7.684165e-07, Param MSE = 7.916318e-06, Grad norm = 4.638985e-07, Beta update rate = 2.221416e-08
Epoch 248600 (5.0%): Train pred MSE = 7.653421e-09, Test pred MSE = 7.683776e-07, Param MSE = 7.915923e-06, Grad norm = 4.631670e-07, Beta update rate = 2.217566e-08
Epoch 248800 (5.0%): Train pred MSE = 7.632003e-09, Test pred MSE = 7.683388e-07, Param MSE = 7.915529e-06, Grad norm = 4.624370e-07, Beta update rate = 2.213725e-08
Epoch 249000 (5.0%): Train pred MSE = 7.610652e-09, Test pred MSE = 7.683001e-07, Param MSE = 7.915135e-06, Grad norm = 4.617085e-07, Beta update rate = 2.209893e-08
Epoch 249200 (5.0%): Train pred MSE = 7.589368e-09, Test pred MSE = 7.682615e-07, Param MSE = 7.914743e-06, Grad norm = 4.609815e-07, Beta update rate = 2.206069e-08
Epoch 249400 (5.0%): Train pred MSE = 7.568151e-09, Test pred MSE = 7.682230e-07, Param MSE = 7.914351e-06, Grad norm = 4.602560e-07, Beta update rate = 2.202254e-08
Epoch 249600 (5.0%): Train pred MSE = 7.547001e-09, Test pred MSE = 7.681845e-07, Param MSE = 7.913960e-06, Grad norm = 4.595319e-07, Beta update rate = 2.198447e-08
Epoch 249800 (5.0%): Train pred MSE = 7.525918e-09, Test pred MSE = 7.681462e-07, Param MSE = 7.913570e-06, Grad norm = 4.588093e-07, Beta update rate = 2.194649e-08
Epoch 250000 (5.0%): Train pred MSE = 7.504901e-09, Test pred MSE = 7.681079e-07, Param MSE = 7.913181e-06, Grad norm = 4.580882e-07, Beta update rate = 2.190859e-08
Epoch 250200 (5.0%): Train pred MSE = 7.483949e-09, Test pred MSE = 7.680697e-07, Param MSE = 7.912793e-06, Grad norm = 4.573686e-07, Beta update rate = 2.187078e-08
Epoch 250400 (5.0%): Train pred MSE = 7.463064e-09, Test pred MSE = 7.680316e-07, Param MSE = 7.912405e-06, Grad norm = 4.566504e-07, Beta update rate = 2.183305e-08
Epoch 250600 (5.0%): Train pred MSE = 7.442244e-09, Test pred MSE = 7.679935e-07, Param MSE = 7.912019e-06, Grad norm = 4.559336e-07, Beta update rate = 2.179541e-08
Epoch 250800 (5.0%): Train pred MSE = 7.421489e-09, Test pred MSE = 7.679556e-07, Param MSE = 7.911633e-06, Grad norm = 4.552184e-07, Beta update rate = 2.175785e-08
Epoch 251000 (5.0%): Train pred MSE = 7.400800e-09, Test pred MSE = 7.679177e-07, Param MSE = 7.911248e-06, Grad norm = 4.545045e-07, Beta update rate = 2.172038e-08
Epoch 251200 (5.0%): Train pred MSE = 7.380175e-09, Test pred MSE = 7.678799e-07, Param MSE = 7.910863e-06, Grad norm = 4.537921e-07, Beta update rate = 2.168298e-08
Epoch 251400 (5.0%): Train pred MSE = 7.359614e-09, Test pred MSE = 7.678422e-07, Param MSE = 7.910480e-06, Grad norm = 4.530812e-07, Beta update rate = 2.164568e-08
Epoch 251600 (5.0%): Train pred MSE = 7.339119e-09, Test pred MSE = 7.678045e-07, Param MSE = 7.910097e-06, Grad norm = 4.523717e-07, Beta update rate = 2.160845e-08
Epoch 251800 (5.0%): Train pred MSE = 7.318687e-09, Test pred MSE = 7.677670e-07, Param MSE = 7.909716e-06, Grad norm = 4.516636e-07, Beta update rate = 2.157131e-08
Epoch 252000 (5.0%): Train pred MSE = 7.298319e-09, Test pred MSE = 7.677295e-07, Param MSE = 7.909335e-06, Grad norm = 4.509569e-07, Beta update rate = 2.153425e-08
Epoch 252200 (5.0%): Train pred MSE = 7.278015e-09, Test pred MSE = 7.676921e-07, Param MSE = 7.908954e-06, Grad norm = 4.502517e-07, Beta update rate = 2.149727e-08
Epoch 252400 (5.0%): Train pred MSE = 7.257774e-09, Test pred MSE = 7.676548e-07, Param MSE = 7.908575e-06, Grad norm = 4.495479e-07, Beta update rate = 2.146038e-08
Epoch 252600 (5.1%): Train pred MSE = 7.237597e-09, Test pred MSE = 7.676175e-07, Param MSE = 7.908197e-06, Grad norm = 4.488455e-07, Beta update rate = 2.142357e-08
Epoch 252800 (5.1%): Train pred MSE = 7.217482e-09, Test pred MSE = 7.675804e-07, Param MSE = 7.907819e-06, Grad norm = 4.481446e-07, Beta update rate = 2.138684e-08
Epoch 253000 (5.1%): Train pred MSE = 7.197430e-09, Test pred MSE = 7.675433e-07, Param MSE = 7.907442e-06, Grad norm = 4.474450e-07, Beta update rate = 2.135019e-08
Epoch 253200 (5.1%): Train pred MSE = 7.177441e-09, Test pred MSE = 7.675063e-07, Param MSE = 7.907066e-06, Grad norm = 4.467468e-07, Beta update rate = 2.131362e-08
Epoch 253400 (5.1%): Train pred MSE = 7.157514e-09, Test pred MSE = 7.674693e-07, Param MSE = 7.906690e-06, Grad norm = 4.460501e-07, Beta update rate = 2.127713e-08
Epoch 253600 (5.1%): Train pred MSE = 7.137649e-09, Test pred MSE = 7.674325e-07, Param MSE = 7.906316e-06, Grad norm = 4.453547e-07, Beta update rate = 2.124072e-08
Epoch 253800 (5.1%): Train pred MSE = 7.117846e-09, Test pred MSE = 7.673957e-07, Param MSE = 7.905942e-06, Grad norm = 4.446608e-07, Beta update rate = 2.120440e-08
Epoch 254000 (5.1%): Train pred MSE = 7.098105e-09, Test pred MSE = 7.673590e-07, Param MSE = 7.905569e-06, Grad norm = 4.439682e-07, Beta update rate = 2.116815e-08
Epoch 254200 (5.1%): Train pred MSE = 7.078425e-09, Test pred MSE = 7.673224e-07, Param MSE = 7.905197e-06, Grad norm = 4.432770e-07, Beta update rate = 2.113199e-08
Epoch 254400 (5.1%): Train pred MSE = 7.058806e-09, Test pred MSE = 7.672859e-07, Param MSE = 7.904825e-06, Grad norm = 4.425873e-07, Beta update rate = 2.109590e-08
Epoch 254600 (5.1%): Train pred MSE = 7.039249e-09, Test pred MSE = 7.672494e-07, Param MSE = 7.904455e-06, Grad norm = 4.418988e-07, Beta update rate = 2.105990e-08
Epoch 254800 (5.1%): Train pred MSE = 7.019752e-09, Test pred MSE = 7.672130e-07, Param MSE = 7.904085e-06, Grad norm = 4.412118e-07, Beta update rate = 2.102397e-08
Epoch 255000 (5.1%): Train pred MSE = 7.000316e-09, Test pred MSE = 7.671767e-07, Param MSE = 7.903716e-06, Grad norm = 4.405262e-07, Beta update rate = 2.098812e-08
Epoch 255200 (5.1%): Train pred MSE = 6.980940e-09, Test pred MSE = 7.671404e-07, Param MSE = 7.903347e-06, Grad norm = 4.398419e-07, Beta update rate = 2.095235e-08
Epoch 255400 (5.1%): Train pred MSE = 6.961624e-09, Test pred MSE = 7.671043e-07, Param MSE = 7.902980e-06, Grad norm = 4.391590e-07, Beta update rate = 2.091666e-08
Epoch 255600 (5.1%): Train pred MSE = 6.942368e-09, Test pred MSE = 7.670682e-07, Param MSE = 7.902613e-06, Grad norm = 4.384774e-07, Beta update rate = 2.088105e-08
Epoch 255800 (5.1%): Train pred MSE = 6.923172e-09, Test pred MSE = 7.670322e-07, Param MSE = 7.902247e-06, Grad norm = 4.377972e-07, Beta update rate = 2.084552e-08
Epoch 256000 (5.1%): Train pred MSE = 6.904035e-09, Test pred MSE = 7.669962e-07, Param MSE = 7.901882e-06, Grad norm = 4.371184e-07, Beta update rate = 2.081007e-08
Epoch 256200 (5.1%): Train pred MSE = 6.884958e-09, Test pred MSE = 7.669604e-07, Param MSE = 7.901517e-06, Grad norm = 4.364409e-07, Beta update rate = 2.077469e-08
Epoch 256400 (5.1%): Train pred MSE = 6.865939e-09, Test pred MSE = 7.669246e-07, Param MSE = 7.901154e-06, Grad norm = 4.357647e-07, Beta update rate = 2.073939e-08
Epoch 256600 (5.1%): Train pred MSE = 6.846980e-09, Test pred MSE = 7.668889e-07, Param MSE = 7.900791e-06, Grad norm = 4.350899e-07, Beta update rate = 2.070417e-08
Epoch 256800 (5.1%): Train pred MSE = 6.828079e-09, Test pred MSE = 7.668533e-07, Param MSE = 7.900429e-06, Grad norm = 4.344165e-07, Beta update rate = 2.066902e-08
Epoch 257000 (5.1%): Train pred MSE = 6.809237e-09, Test pred MSE = 7.668177e-07, Param MSE = 7.900067e-06, Grad norm = 4.337444e-07, Beta update rate = 2.063396e-08
Epoch 257200 (5.1%): Train pred MSE = 6.790453e-09, Test pred MSE = 7.667822e-07, Param MSE = 7.899707e-06, Grad norm = 4.330736e-07, Beta update rate = 2.059896e-08
Epoch 257400 (5.1%): Train pred MSE = 6.771726e-09, Test pred MSE = 7.667468e-07, Param MSE = 7.899347e-06, Grad norm = 4.324041e-07, Beta update rate = 2.056405e-08
Epoch 257600 (5.2%): Train pred MSE = 6.753058e-09, Test pred MSE = 7.667115e-07, Param MSE = 7.898988e-06, Grad norm = 4.317360e-07, Beta update rate = 2.052921e-08
Epoch 257800 (5.2%): Train pred MSE = 6.734448e-09, Test pred MSE = 7.666762e-07, Param MSE = 7.898629e-06, Grad norm = 4.310692e-07, Beta update rate = 2.049445e-08
Epoch 258000 (5.2%): Train pred MSE = 6.715894e-09, Test pred MSE = 7.666410e-07, Param MSE = 7.898272e-06, Grad norm = 4.304038e-07, Beta update rate = 2.045976e-08
Epoch 258200 (5.2%): Train pred MSE = 6.697399e-09, Test pred MSE = 7.666059e-07, Param MSE = 7.897915e-06, Grad norm = 4.297396e-07, Beta update rate = 2.042515e-08
Epoch 258400 (5.2%): Train pred MSE = 6.678960e-09, Test pred MSE = 7.665708e-07, Param MSE = 7.897559e-06, Grad norm = 4.290768e-07, Beta update rate = 2.039062e-08
Epoch 258600 (5.2%): Train pred MSE = 6.660578e-09, Test pred MSE = 7.665359e-07, Param MSE = 7.897203e-06, Grad norm = 4.284152e-07, Beta update rate = 2.035616e-08
Epoch 258800 (5.2%): Train pred MSE = 6.642252e-09, Test pred MSE = 7.665010e-07, Param MSE = 7.896848e-06, Grad norm = 4.277550e-07, Beta update rate = 2.032178e-08
Epoch 259000 (5.2%): Train pred MSE = 6.623983e-09, Test pred MSE = 7.664661e-07, Param MSE = 7.896495e-06, Grad norm = 4.270961e-07, Beta update rate = 2.028747e-08
Epoch 259200 (5.2%): Train pred MSE = 6.605770e-09, Test pred MSE = 7.664314e-07, Param MSE = 7.896141e-06, Grad norm = 4.264385e-07, Beta update rate = 2.025323e-08
Epoch 259400 (5.2%): Train pred MSE = 6.587613e-09, Test pred MSE = 7.663967e-07, Param MSE = 7.895789e-06, Grad norm = 4.257822e-07, Beta update rate = 2.021907e-08
Epoch 259600 (5.2%): Train pred MSE = 6.569512e-09, Test pred MSE = 7.663621e-07, Param MSE = 7.895437e-06, Grad norm = 4.251271e-07, Beta update rate = 2.018498e-08
Epoch 259800 (5.2%): Train pred MSE = 6.551467e-09, Test pred MSE = 7.663275e-07, Param MSE = 7.895086e-06, Grad norm = 4.244734e-07, Beta update rate = 2.015097e-08
Epoch 260000 (5.2%): Train pred MSE = 6.533477e-09, Test pred MSE = 7.662931e-07, Param MSE = 7.894736e-06, Grad norm = 4.238209e-07, Beta update rate = 2.011703e-08
Epoch 260200 (5.2%): Train pred MSE = 6.515543e-09, Test pred MSE = 7.662587e-07, Param MSE = 7.894386e-06, Grad norm = 4.231698e-07, Beta update rate = 2.008317e-08
Epoch 260400 (5.2%): Train pred MSE = 6.497663e-09, Test pred MSE = 7.662243e-07, Param MSE = 7.894038e-06, Grad norm = 4.225199e-07, Beta update rate = 2.004938e-08
Epoch 260600 (5.2%): Train pred MSE = 6.479838e-09, Test pred MSE = 7.661901e-07, Param MSE = 7.893690e-06, Grad norm = 4.218713e-07, Beta update rate = 2.001566e-08
Epoch 260800 (5.2%): Train pred MSE = 6.462068e-09, Test pred MSE = 7.661559e-07, Param MSE = 7.893342e-06, Grad norm = 4.212240e-07, Beta update rate = 1.998201e-08
Epoch 261000 (5.2%): Train pred MSE = 6.444353e-09, Test pred MSE = 7.661218e-07, Param MSE = 7.892996e-06, Grad norm = 4.205779e-07, Beta update rate = 1.994844e-08
Epoch 261200 (5.2%): Train pred MSE = 6.426692e-09, Test pred MSE = 7.660877e-07, Param MSE = 7.892650e-06, Grad norm = 4.199331e-07, Beta update rate = 1.991494e-08
Epoch 261400 (5.2%): Train pred MSE = 6.409084e-09, Test pred MSE = 7.660538e-07, Param MSE = 7.892305e-06, Grad norm = 4.192896e-07, Beta update rate = 1.988151e-08
Epoch 261600 (5.2%): Train pred MSE = 6.391531e-09, Test pred MSE = 7.660199e-07, Param MSE = 7.891960e-06, Grad norm = 4.186473e-07, Beta update rate = 1.984815e-08
Epoch 261800 (5.2%): Train pred MSE = 6.374032e-09, Test pred MSE = 7.659860e-07, Param MSE = 7.891616e-06, Grad norm = 4.180063e-07, Beta update rate = 1.981487e-08
Epoch 262000 (5.2%): Train pred MSE = 6.356586e-09, Test pred MSE = 7.659523e-07, Param MSE = 7.891273e-06, Grad norm = 4.173666e-07, Beta update rate = 1.978166e-08
Epoch 262200 (5.2%): Train pred MSE = 6.339193e-09, Test pred MSE = 7.659186e-07, Param MSE = 7.890931e-06, Grad norm = 4.167281e-07, Beta update rate = 1.974852e-08
Epoch 262400 (5.2%): Train pred MSE = 6.321853e-09, Test pred MSE = 7.658850e-07, Param MSE = 7.890589e-06, Grad norm = 4.160908e-07, Beta update rate = 1.971545e-08
Epoch 262600 (5.3%): Train pred MSE = 6.304567e-09, Test pred MSE = 7.658514e-07, Param MSE = 7.890248e-06, Grad norm = 4.154548e-07, Beta update rate = 1.968245e-08
Epoch 262800 (5.3%): Train pred MSE = 6.287333e-09, Test pred MSE = 7.658179e-07, Param MSE = 7.889908e-06, Grad norm = 4.148200e-07, Beta update rate = 1.964952e-08
Epoch 263000 (5.3%): Train pred MSE = 6.270152e-09, Test pred MSE = 7.657845e-07, Param MSE = 7.889569e-06, Grad norm = 4.141865e-07, Beta update rate = 1.961667e-08
Epoch 263200 (5.3%): Train pred MSE = 6.253024e-09, Test pred MSE = 7.657511e-07, Param MSE = 7.889230e-06, Grad norm = 4.135542e-07, Beta update rate = 1.958388e-08
Epoch 263400 (5.3%): Train pred MSE = 6.235947e-09, Test pred MSE = 7.657179e-07, Param MSE = 7.888892e-06, Grad norm = 4.129232e-07, Beta update rate = 1.955117e-08
Epoch 263600 (5.3%): Train pred MSE = 6.218923e-09, Test pred MSE = 7.656847e-07, Param MSE = 7.888554e-06, Grad norm = 4.122933e-07, Beta update rate = 1.951852e-08
Epoch 263800 (5.3%): Train pred MSE = 6.201950e-09, Test pred MSE = 7.656515e-07, Param MSE = 7.888218e-06, Grad norm = 4.116647e-07, Beta update rate = 1.948595e-08
Epoch 264000 (5.3%): Train pred MSE = 6.185030e-09, Test pred MSE = 7.656184e-07, Param MSE = 7.887881e-06, Grad norm = 4.110374e-07, Beta update rate = 1.945344e-08
Epoch 264200 (5.3%): Train pred MSE = 6.168160e-09, Test pred MSE = 7.655854e-07, Param MSE = 7.887546e-06, Grad norm = 4.104112e-07, Beta update rate = 1.942101e-08
Epoch 264400 (5.3%): Train pred MSE = 6.151342e-09, Test pred MSE = 7.655525e-07, Param MSE = 7.887211e-06, Grad norm = 4.097863e-07, Beta update rate = 1.938864e-08
Epoch 264600 (5.3%): Train pred MSE = 6.134576e-09, Test pred MSE = 7.655196e-07, Param MSE = 7.886878e-06, Grad norm = 4.091625e-07, Beta update rate = 1.935634e-08
Epoch 264800 (5.3%): Train pred MSE = 6.117860e-09, Test pred MSE = 7.654868e-07, Param MSE = 7.886544e-06, Grad norm = 4.085400e-07, Beta update rate = 1.932411e-08
Epoch 265000 (5.3%): Train pred MSE = 6.101195e-09, Test pred MSE = 7.654541e-07, Param MSE = 7.886212e-06, Grad norm = 4.079187e-07, Beta update rate = 1.929196e-08
Epoch 265200 (5.3%): Train pred MSE = 6.084581e-09, Test pred MSE = 7.654214e-07, Param MSE = 7.885880e-06, Grad norm = 4.072986e-07, Beta update rate = 1.925986e-08
Epoch 265400 (5.3%): Train pred MSE = 6.068017e-09, Test pred MSE = 7.653888e-07, Param MSE = 7.885549e-06, Grad norm = 4.066797e-07, Beta update rate = 1.922784e-08
Epoch 265600 (5.3%): Train pred MSE = 6.051503e-09, Test pred MSE = 7.653563e-07, Param MSE = 7.885218e-06, Grad norm = 4.060620e-07, Beta update rate = 1.919589e-08
Epoch 265800 (5.3%): Train pred MSE = 6.035040e-09, Test pred MSE = 7.653238e-07, Param MSE = 7.884888e-06, Grad norm = 4.054455e-07, Beta update rate = 1.916400e-08
Epoch 266000 (5.3%): Train pred MSE = 6.018626e-09, Test pred MSE = 7.652914e-07, Param MSE = 7.884559e-06, Grad norm = 4.048302e-07, Beta update rate = 1.913219e-08
Epoch 266200 (5.3%): Train pred MSE = 6.002263e-09, Test pred MSE = 7.652591e-07, Param MSE = 7.884230e-06, Grad norm = 4.042161e-07, Beta update rate = 1.910044e-08
Epoch 266400 (5.3%): Train pred MSE = 5.985949e-09, Test pred MSE = 7.652268e-07, Param MSE = 7.883903e-06, Grad norm = 4.036031e-07, Beta update rate = 1.906875e-08
Epoch 266600 (5.3%): Train pred MSE = 5.969684e-09, Test pred MSE = 7.651946e-07, Param MSE = 7.883575e-06, Grad norm = 4.029914e-07, Beta update rate = 1.903714e-08
Epoch 266800 (5.3%): Train pred MSE = 5.953469e-09, Test pred MSE = 7.651624e-07, Param MSE = 7.883249e-06, Grad norm = 4.023808e-07, Beta update rate = 1.900559e-08
Epoch 267000 (5.3%): Train pred MSE = 5.937302e-09, Test pred MSE = 7.651304e-07, Param MSE = 7.882923e-06, Grad norm = 4.017714e-07, Beta update rate = 1.897411e-08
Epoch 267200 (5.3%): Train pred MSE = 5.921185e-09, Test pred MSE = 7.650984e-07, Param MSE = 7.882598e-06, Grad norm = 4.011632e-07, Beta update rate = 1.894269e-08
Epoch 267400 (5.3%): Train pred MSE = 5.905116e-09, Test pred MSE = 7.650664e-07, Param MSE = 7.882273e-06, Grad norm = 4.005562e-07, Beta update rate = 1.891135e-08
Epoch 267600 (5.4%): Train pred MSE = 5.889096e-09, Test pred MSE = 7.650345e-07, Param MSE = 7.881950e-06, Grad norm = 3.999503e-07, Beta update rate = 1.888007e-08
Epoch 267800 (5.4%): Train pred MSE = 5.873124e-09, Test pred MSE = 7.650027e-07, Param MSE = 7.881626e-06, Grad norm = 3.993456e-07, Beta update rate = 1.884885e-08
Epoch 268000 (5.4%): Train pred MSE = 5.857201e-09, Test pred MSE = 7.649710e-07, Param MSE = 7.881304e-06, Grad norm = 3.987420e-07, Beta update rate = 1.881770e-08
Epoch 268200 (5.4%): Train pred MSE = 5.841326e-09, Test pred MSE = 7.649393e-07, Param MSE = 7.880982e-06, Grad norm = 3.981396e-07, Beta update rate = 1.878662e-08
Epoch 268400 (5.4%): Train pred MSE = 5.825498e-09, Test pred MSE = 7.649077e-07, Param MSE = 7.880661e-06, Grad norm = 3.975384e-07, Beta update rate = 1.875560e-08
Epoch 268600 (5.4%): Train pred MSE = 5.809719e-09, Test pred MSE = 7.648761e-07, Param MSE = 7.880340e-06, Grad norm = 3.969383e-07, Beta update rate = 1.872465e-08
Epoch 268800 (5.4%): Train pred MSE = 5.793987e-09, Test pred MSE = 7.648446e-07, Param MSE = 7.880020e-06, Grad norm = 3.963394e-07, Beta update rate = 1.869376e-08
Epoch 269000 (5.4%): Train pred MSE = 5.778302e-09, Test pred MSE = 7.648132e-07, Param MSE = 7.879701e-06, Grad norm = 3.957416e-07, Beta update rate = 1.866294e-08
Epoch 269200 (5.4%): Train pred MSE = 5.762665e-09, Test pred MSE = 7.647818e-07, Param MSE = 7.879382e-06, Grad norm = 3.951450e-07, Beta update rate = 1.863219e-08
Epoch 269400 (5.4%): Train pred MSE = 5.747074e-09, Test pred MSE = 7.647505e-07, Param MSE = 7.879065e-06, Grad norm = 3.945495e-07, Beta update rate = 1.860149e-08
Epoch 269600 (5.4%): Train pred MSE = 5.731531e-09, Test pred MSE = 7.647193e-07, Param MSE = 7.878747e-06, Grad norm = 3.939551e-07, Beta update rate = 1.857087e-08
Epoch 269800 (5.4%): Train pred MSE = 5.716034e-09, Test pred MSE = 7.646881e-07, Param MSE = 7.878431e-06, Grad norm = 3.933619e-07, Beta update rate = 1.854031e-08
Epoch 270000 (5.4%): Train pred MSE = 5.700585e-09, Test pred MSE = 7.646570e-07, Param MSE = 7.878115e-06, Grad norm = 3.927699e-07, Beta update rate = 1.850981e-08
Epoch 270200 (5.4%): Train pred MSE = 5.685181e-09, Test pred MSE = 7.646259e-07, Param MSE = 7.877799e-06, Grad norm = 3.921789e-07, Beta update rate = 1.847937e-08
Epoch 270400 (5.4%): Train pred MSE = 5.669824e-09, Test pred MSE = 7.645949e-07, Param MSE = 7.877484e-06, Grad norm = 3.915891e-07, Beta update rate = 1.844900e-08
Epoch 270600 (5.4%): Train pred MSE = 5.654513e-09, Test pred MSE = 7.645640e-07, Param MSE = 7.877170e-06, Grad norm = 3.910004e-07, Beta update rate = 1.841870e-08
Epoch 270800 (5.4%): Train pred MSE = 5.639248e-09, Test pred MSE = 7.645332e-07, Param MSE = 7.876857e-06, Grad norm = 3.904128e-07, Beta update rate = 1.838846e-08
Epoch 271000 (5.4%): Train pred MSE = 5.624029e-09, Test pred MSE = 7.645024e-07, Param MSE = 7.876544e-06, Grad norm = 3.898264e-07, Beta update rate = 1.835828e-08
Epoch 271200 (5.4%): Train pred MSE = 5.608855e-09, Test pred MSE = 7.644716e-07, Param MSE = 7.876232e-06, Grad norm = 3.892411e-07, Beta update rate = 1.832816e-08
Epoch 271400 (5.4%): Train pred MSE = 5.593727e-09, Test pred MSE = 7.644409e-07, Param MSE = 7.875920e-06, Grad norm = 3.886569e-07, Beta update rate = 1.829811e-08
Epoch 271600 (5.4%): Train pred MSE = 5.578645e-09, Test pred MSE = 7.644103e-07, Param MSE = 7.875609e-06, Grad norm = 3.880738e-07, Beta update rate = 1.826812e-08
Epoch 271800 (5.4%): Train pred MSE = 5.563607e-09, Test pred MSE = 7.643798e-07, Param MSE = 7.875299e-06, Grad norm = 3.874918e-07, Beta update rate = 1.823819e-08
Epoch 272000 (5.4%): Train pred MSE = 5.548615e-09, Test pred MSE = 7.643493e-07, Param MSE = 7.874989e-06, Grad norm = 3.869109e-07, Beta update rate = 1.820833e-08
Epoch 272200 (5.4%): Train pred MSE = 5.533668e-09, Test pred MSE = 7.643189e-07, Param MSE = 7.874680e-06, Grad norm = 3.863311e-07, Beta update rate = 1.817853e-08
Epoch 272400 (5.4%): Train pred MSE = 5.518765e-09, Test pred MSE = 7.642885e-07, Param MSE = 7.874372e-06, Grad norm = 3.857524e-07, Beta update rate = 1.814879e-08
Epoch 272600 (5.5%): Train pred MSE = 5.503907e-09, Test pred MSE = 7.642582e-07, Param MSE = 7.874064e-06, Grad norm = 3.851748e-07, Beta update rate = 1.811911e-08
Epoch 272800 (5.5%): Train pred MSE = 5.489093e-09, Test pred MSE = 7.642279e-07, Param MSE = 7.873757e-06, Grad norm = 3.845983e-07, Beta update rate = 1.808949e-08
Epoch 273000 (5.5%): Train pred MSE = 5.474324e-09, Test pred MSE = 7.641978e-07, Param MSE = 7.873450e-06, Grad norm = 3.840230e-07, Beta update rate = 1.805994e-08
Epoch 273200 (5.5%): Train pred MSE = 5.459599e-09, Test pred MSE = 7.641676e-07, Param MSE = 7.873145e-06, Grad norm = 3.834486e-07, Beta update rate = 1.803045e-08
Epoch 273400 (5.5%): Train pred MSE = 5.444918e-09, Test pred MSE = 7.641376e-07, Param MSE = 7.872839e-06, Grad norm = 3.828754e-07, Beta update rate = 1.800102e-08
Epoch 273600 (5.5%): Train pred MSE = 5.430281e-09, Test pred MSE = 7.641076e-07, Param MSE = 7.872535e-06, Grad norm = 3.823033e-07, Beta update rate = 1.797165e-08
Epoch 273800 (5.5%): Train pred MSE = 5.415687e-09, Test pred MSE = 7.640776e-07, Param MSE = 7.872230e-06, Grad norm = 3.817323e-07, Beta update rate = 1.794234e-08
Epoch 274000 (5.5%): Train pred MSE = 5.401137e-09, Test pred MSE = 7.640477e-07, Param MSE = 7.871927e-06, Grad norm = 3.811623e-07, Beta update rate = 1.791309e-08
Epoch 274200 (5.5%): Train pred MSE = 5.386630e-09, Test pred MSE = 7.640179e-07, Param MSE = 7.871624e-06, Grad norm = 3.805934e-07, Beta update rate = 1.788390e-08
Epoch 274400 (5.5%): Train pred MSE = 5.372167e-09, Test pred MSE = 7.639882e-07, Param MSE = 7.871322e-06, Grad norm = 3.800256e-07, Beta update rate = 1.785478e-08
Epoch 274600 (5.5%): Train pred MSE = 5.357747e-09, Test pred MSE = 7.639585e-07, Param MSE = 7.871020e-06, Grad norm = 3.794588e-07, Beta update rate = 1.782571e-08
Epoch 274800 (5.5%): Train pred MSE = 5.343369e-09, Test pred MSE = 7.639288e-07, Param MSE = 7.870719e-06, Grad norm = 3.788932e-07, Beta update rate = 1.779671e-08
Epoch 275000 (5.5%): Train pred MSE = 5.329035e-09, Test pred MSE = 7.638992e-07, Param MSE = 7.870419e-06, Grad norm = 3.783285e-07, Beta update rate = 1.776776e-08
Epoch 275200 (5.5%): Train pred MSE = 5.314743e-09, Test pred MSE = 7.638697e-07, Param MSE = 7.870119e-06, Grad norm = 3.777650e-07, Beta update rate = 1.773888e-08
Epoch 275400 (5.5%): Train pred MSE = 5.300494e-09, Test pred MSE = 7.638402e-07, Param MSE = 7.869820e-06, Grad norm = 3.772025e-07, Beta update rate = 1.771005e-08
Epoch 275600 (5.5%): Train pred MSE = 5.286287e-09, Test pred MSE = 7.638108e-07, Param MSE = 7.869521e-06, Grad norm = 3.766411e-07, Beta update rate = 1.768128e-08
Epoch 275800 (5.5%): Train pred MSE = 5.272123e-09, Test pred MSE = 7.637815e-07, Param MSE = 7.869223e-06, Grad norm = 3.760807e-07, Beta update rate = 1.765258e-08
Epoch 276000 (5.5%): Train pred MSE = 5.258000e-09, Test pred MSE = 7.637522e-07, Param MSE = 7.868926e-06, Grad norm = 3.755214e-07, Beta update rate = 1.762393e-08
Epoch 276200 (5.5%): Train pred MSE = 5.243920e-09, Test pred MSE = 7.637230e-07, Param MSE = 7.868629e-06, Grad norm = 3.749631e-07, Beta update rate = 1.759534e-08
Epoch 276400 (5.5%): Train pred MSE = 5.229881e-09, Test pred MSE = 7.636938e-07, Param MSE = 7.868332e-06, Grad norm = 3.744059e-07, Beta update rate = 1.756681e-08
Epoch 276600 (5.5%): Train pred MSE = 5.215884e-09, Test pred MSE = 7.636647e-07, Param MSE = 7.868037e-06, Grad norm = 3.738498e-07, Beta update rate = 1.753834e-08
Epoch 276800 (5.5%): Train pred MSE = 5.201928e-09, Test pred MSE = 7.636356e-07, Param MSE = 7.867742e-06, Grad norm = 3.732946e-07, Beta update rate = 1.750993e-08
Epoch 277000 (5.5%): Train pred MSE = 5.188014e-09, Test pred MSE = 7.636066e-07, Param MSE = 7.867447e-06, Grad norm = 3.727405e-07, Beta update rate = 1.748158e-08
Epoch 277200 (5.5%): Train pred MSE = 5.174142e-09, Test pred MSE = 7.635777e-07, Param MSE = 7.867153e-06, Grad norm = 3.721875e-07, Beta update rate = 1.745329e-08
Epoch 277400 (5.5%): Train pred MSE = 5.160310e-09, Test pred MSE = 7.635488e-07, Param MSE = 7.866860e-06, Grad norm = 3.716355e-07, Beta update rate = 1.742505e-08
Epoch 277600 (5.6%): Train pred MSE = 5.146519e-09, Test pred MSE = 7.635200e-07, Param MSE = 7.866567e-06, Grad norm = 3.710845e-07, Beta update rate = 1.739687e-08
Epoch 277800 (5.6%): Train pred MSE = 5.132769e-09, Test pred MSE = 7.634912e-07, Param MSE = 7.866275e-06, Grad norm = 3.705346e-07, Beta update rate = 1.736875e-08
Epoch 278000 (5.6%): Train pred MSE = 5.119060e-09, Test pred MSE = 7.634625e-07, Param MSE = 7.865984e-06, Grad norm = 3.699856e-07, Beta update rate = 1.734069e-08
Epoch 278200 (5.6%): Train pred MSE = 5.105392e-09, Test pred MSE = 7.634338e-07, Param MSE = 7.865693e-06, Grad norm = 3.694377e-07, Beta update rate = 1.731269e-08
Epoch 278400 (5.6%): Train pred MSE = 5.091764e-09, Test pred MSE = 7.634052e-07, Param MSE = 7.865402e-06, Grad norm = 3.688909e-07, Beta update rate = 1.728474e-08
Epoch 278600 (5.6%): Train pred MSE = 5.078176e-09, Test pred MSE = 7.633767e-07, Param MSE = 7.865113e-06, Grad norm = 3.683450e-07, Beta update rate = 1.725685e-08
Epoch 278800 (5.6%): Train pred MSE = 5.064628e-09, Test pred MSE = 7.633482e-07, Param MSE = 7.864823e-06, Grad norm = 3.678002e-07, Beta update rate = 1.722902e-08
Epoch 279000 (5.6%): Train pred MSE = 5.051121e-09, Test pred MSE = 7.633198e-07, Param MSE = 7.864535e-06, Grad norm = 3.672564e-07, Beta update rate = 1.720124e-08
Epoch 279200 (5.6%): Train pred MSE = 5.037653e-09, Test pred MSE = 7.632914e-07, Param MSE = 7.864247e-06, Grad norm = 3.667136e-07, Beta update rate = 1.717352e-08
Epoch 279400 (5.6%): Train pred MSE = 5.024225e-09, Test pred MSE = 7.632631e-07, Param MSE = 7.863959e-06, Grad norm = 3.661718e-07, Beta update rate = 1.714586e-08
Epoch 279600 (5.6%): Train pred MSE = 5.010837e-09, Test pred MSE = 7.632348e-07, Param MSE = 7.863672e-06, Grad norm = 3.656310e-07, Beta update rate = 1.711825e-08
Epoch 279800 (5.6%): Train pred MSE = 4.997488e-09, Test pred MSE = 7.632066e-07, Param MSE = 7.863386e-06, Grad norm = 3.650912e-07, Beta update rate = 1.709071e-08
Epoch 280000 (5.6%): Train pred MSE = 4.984179e-09, Test pred MSE = 7.631785e-07, Param MSE = 7.863100e-06, Grad norm = 3.645524e-07, Beta update rate = 1.706321e-08
Epoch 280200 (5.6%): Train pred MSE = 4.970909e-09, Test pred MSE = 7.631504e-07, Param MSE = 7.862815e-06, Grad norm = 3.640147e-07, Beta update rate = 1.703578e-08
Epoch 280400 (5.6%): Train pred MSE = 4.957678e-09, Test pred MSE = 7.631223e-07, Param MSE = 7.862530e-06, Grad norm = 3.634779e-07, Beta update rate = 1.700840e-08
Epoch 280600 (5.6%): Train pred MSE = 4.944486e-09, Test pred MSE = 7.630944e-07, Param MSE = 7.862246e-06, Grad norm = 3.629421e-07, Beta update rate = 1.698107e-08
Epoch 280800 (5.6%): Train pred MSE = 4.931333e-09, Test pred MSE = 7.630664e-07, Param MSE = 7.861962e-06, Grad norm = 3.624073e-07, Beta update rate = 1.695380e-08
Epoch 281000 (5.6%): Train pred MSE = 4.918218e-09, Test pred MSE = 7.630386e-07, Param MSE = 7.861679e-06, Grad norm = 3.618735e-07, Beta update rate = 1.692659e-08
Epoch 281200 (5.6%): Train pred MSE = 4.905143e-09, Test pred MSE = 7.630107e-07, Param MSE = 7.861397e-06, Grad norm = 3.613407e-07, Beta update rate = 1.689943e-08
Epoch 281400 (5.6%): Train pred MSE = 4.892105e-09, Test pred MSE = 7.629830e-07, Param MSE = 7.861115e-06, Grad norm = 3.608089e-07, Beta update rate = 1.687233e-08
Epoch 281600 (5.6%): Train pred MSE = 4.879106e-09, Test pred MSE = 7.629553e-07, Param MSE = 7.860834e-06, Grad norm = 3.602781e-07, Beta update rate = 1.684528e-08
Epoch 281800 (5.6%): Train pred MSE = 4.866145e-09, Test pred MSE = 7.629276e-07, Param MSE = 7.860553e-06, Grad norm = 3.597482e-07, Beta update rate = 1.681829e-08
Epoch 282000 (5.6%): Train pred MSE = 4.853223e-09, Test pred MSE = 7.629000e-07, Param MSE = 7.860273e-06, Grad norm = 3.592194e-07, Beta update rate = 1.679135e-08
Epoch 282200 (5.6%): Train pred MSE = 4.840338e-09, Test pred MSE = 7.628725e-07, Param MSE = 7.859993e-06, Grad norm = 3.586915e-07, Beta update rate = 1.676447e-08
Epoch 282400 (5.6%): Train pred MSE = 4.827491e-09, Test pred MSE = 7.628450e-07, Param MSE = 7.859714e-06, Grad norm = 3.581646e-07, Beta update rate = 1.673764e-08
Epoch 282600 (5.7%): Train pred MSE = 4.814682e-09, Test pred MSE = 7.628176e-07, Param MSE = 7.859436e-06, Grad norm = 3.576386e-07, Beta update rate = 1.671086e-08
Epoch 282800 (5.7%): Train pred MSE = 4.801910e-09, Test pred MSE = 7.627902e-07, Param MSE = 7.859158e-06, Grad norm = 3.571137e-07, Beta update rate = 1.668414e-08
Epoch 283000 (5.7%): Train pred MSE = 4.789176e-09, Test pred MSE = 7.627628e-07, Param MSE = 7.858880e-06, Grad norm = 3.565897e-07, Beta update rate = 1.665748e-08
Epoch 283200 (5.7%): Train pred MSE = 4.776479e-09, Test pred MSE = 7.627356e-07, Param MSE = 7.858604e-06, Grad norm = 3.560666e-07, Beta update rate = 1.663087e-08
Epoch 283400 (5.7%): Train pred MSE = 4.763819e-09, Test pred MSE = 7.627083e-07, Param MSE = 7.858327e-06, Grad norm = 3.555445e-07, Beta update rate = 1.660431e-08
Epoch 283600 (5.7%): Train pred MSE = 4.751197e-09, Test pred MSE = 7.626812e-07, Param MSE = 7.858051e-06, Grad norm = 3.550234e-07, Beta update rate = 1.657781e-08
Epoch 283800 (5.7%): Train pred MSE = 4.738611e-09, Test pred MSE = 7.626541e-07, Param MSE = 7.857776e-06, Grad norm = 3.545033e-07, Beta update rate = 1.655135e-08
Epoch 284000 (5.7%): Train pred MSE = 4.726063e-09, Test pred MSE = 7.626270e-07, Param MSE = 7.857501e-06, Grad norm = 3.539841e-07, Beta update rate = 1.652496e-08
Epoch 284200 (5.7%): Train pred MSE = 4.713551e-09, Test pred MSE = 7.626000e-07, Param MSE = 7.857227e-06, Grad norm = 3.534658e-07, Beta update rate = 1.649861e-08
Epoch 284400 (5.7%): Train pred MSE = 4.701075e-09, Test pred MSE = 7.625730e-07, Param MSE = 7.856954e-06, Grad norm = 3.529485e-07, Beta update rate = 1.647232e-08
Epoch 284600 (5.7%): Train pred MSE = 4.688636e-09, Test pred MSE = 7.625461e-07, Param MSE = 7.856681e-06, Grad norm = 3.524322e-07, Beta update rate = 1.644609e-08
Epoch 284800 (5.7%): Train pred MSE = 4.676234e-09, Test pred MSE = 7.625193e-07, Param MSE = 7.856408e-06, Grad norm = 3.519168e-07, Beta update rate = 1.641990e-08
Epoch 285000 (5.7%): Train pred MSE = 4.663868e-09, Test pred MSE = 7.624925e-07, Param MSE = 7.856136e-06, Grad norm = 3.514024e-07, Beta update rate = 1.639377e-08
Epoch 285200 (5.7%): Train pred MSE = 4.651537e-09, Test pred MSE = 7.624658e-07, Param MSE = 7.855865e-06, Grad norm = 3.508888e-07, Beta update rate = 1.636769e-08
Epoch 285400 (5.7%): Train pred MSE = 4.639243e-09, Test pred MSE = 7.624391e-07, Param MSE = 7.855594e-06, Grad norm = 3.503763e-07, Beta update rate = 1.634166e-08
Epoch 285600 (5.7%): Train pred MSE = 4.626985e-09, Test pred MSE = 7.624124e-07, Param MSE = 7.855323e-06, Grad norm = 3.498647e-07, Beta update rate = 1.631569e-08
Epoch 285800 (5.7%): Train pred MSE = 4.614762e-09, Test pred MSE = 7.623858e-07, Param MSE = 7.855053e-06, Grad norm = 3.493540e-07, Beta update rate = 1.628977e-08
Epoch 286000 (5.7%): Train pred MSE = 4.602575e-09, Test pred MSE = 7.623593e-07, Param MSE = 7.854784e-06, Grad norm = 3.488442e-07, Beta update rate = 1.626389e-08
Epoch 286200 (5.7%): Train pred MSE = 4.590424e-09, Test pred MSE = 7.623328e-07, Param MSE = 7.854515e-06, Grad norm = 3.483354e-07, Beta update rate = 1.623808e-08
Epoch 286400 (5.7%): Train pred MSE = 4.578308e-09, Test pred MSE = 7.623064e-07, Param MSE = 7.854247e-06, Grad norm = 3.478275e-07, Beta update rate = 1.621231e-08
Epoch 286600 (5.7%): Train pred MSE = 4.566228e-09, Test pred MSE = 7.622800e-07, Param MSE = 7.853979e-06, Grad norm = 3.473205e-07, Beta update rate = 1.618660e-08
Epoch 286800 (5.7%): Train pred MSE = 4.554182e-09, Test pred MSE = 7.622537e-07, Param MSE = 7.853712e-06, Grad norm = 3.468145e-07, Beta update rate = 1.616093e-08
Epoch 287000 (5.7%): Train pred MSE = 4.542172e-09, Test pred MSE = 7.622274e-07, Param MSE = 7.853445e-06, Grad norm = 3.463094e-07, Beta update rate = 1.613532e-08
Epoch 287200 (5.7%): Train pred MSE = 4.530196e-09, Test pred MSE = 7.622012e-07, Param MSE = 7.853179e-06, Grad norm = 3.458052e-07, Beta update rate = 1.610976e-08
Epoch 287400 (5.7%): Train pred MSE = 4.518256e-09, Test pred MSE = 7.621750e-07, Param MSE = 7.852913e-06, Grad norm = 3.453019e-07, Beta update rate = 1.608425e-08
Epoch 287600 (5.8%): Train pred MSE = 4.506350e-09, Test pred MSE = 7.621489e-07, Param MSE = 7.852648e-06, Grad norm = 3.447995e-07, Beta update rate = 1.605879e-08
Epoch 287800 (5.8%): Train pred MSE = 4.494479e-09, Test pred MSE = 7.621228e-07, Param MSE = 7.852383e-06, Grad norm = 3.442981e-07, Beta update rate = 1.603338e-08
Epoch 288000 (5.8%): Train pred MSE = 4.482642e-09, Test pred MSE = 7.620968e-07, Param MSE = 7.852119e-06, Grad norm = 3.437976e-07, Beta update rate = 1.600803e-08
Epoch 288200 (5.8%): Train pred MSE = 4.470839e-09, Test pred MSE = 7.620708e-07, Param MSE = 7.851856e-06, Grad norm = 3.432979e-07, Beta update rate = 1.598272e-08
Epoch 288400 (5.8%): Train pred MSE = 4.459071e-09, Test pred MSE = 7.620449e-07, Param MSE = 7.851593e-06, Grad norm = 3.427992e-07, Beta update rate = 1.595746e-08
Epoch 288600 (5.8%): Train pred MSE = 4.447337e-09, Test pred MSE = 7.620190e-07, Param MSE = 7.851330e-06, Grad norm = 3.423014e-07, Beta update rate = 1.593226e-08
Epoch 288800 (5.8%): Train pred MSE = 4.435637e-09, Test pred MSE = 7.619932e-07, Param MSE = 7.851068e-06, Grad norm = 3.418045e-07, Beta update rate = 1.590710e-08
Epoch 289000 (5.8%): Train pred MSE = 4.423972e-09, Test pred MSE = 7.619674e-07, Param MSE = 7.850806e-06, Grad norm = 3.413085e-07, Beta update rate = 1.588200e-08
Epoch 289200 (5.8%): Train pred MSE = 4.412339e-09, Test pred MSE = 7.619417e-07, Param MSE = 7.850545e-06, Grad norm = 3.408134e-07, Beta update rate = 1.585694e-08
Epoch 289400 (5.8%): Train pred MSE = 4.400741e-09, Test pred MSE = 7.619160e-07, Param MSE = 7.850285e-06, Grad norm = 3.403192e-07, Beta update rate = 1.583194e-08
Epoch 289600 (5.8%): Train pred MSE = 4.389176e-09, Test pred MSE = 7.618904e-07, Param MSE = 7.850025e-06, Grad norm = 3.398259e-07, Beta update rate = 1.580698e-08
Epoch 289800 (5.8%): Train pred MSE = 4.377645e-09, Test pred MSE = 7.618648e-07, Param MSE = 7.849765e-06, Grad norm = 3.393335e-07, Beta update rate = 1.578208e-08
Epoch 290000 (5.8%): Train pred MSE = 4.366147e-09, Test pred MSE = 7.618393e-07, Param MSE = 7.849506e-06, Grad norm = 3.388420e-07, Beta update rate = 1.575722e-08
Epoch 290200 (5.8%): Train pred MSE = 4.354682e-09, Test pred MSE = 7.618138e-07, Param MSE = 7.849248e-06, Grad norm = 3.383513e-07, Beta update rate = 1.573241e-08
Epoch 290400 (5.8%): Train pred MSE = 4.343251e-09, Test pred MSE = 7.617884e-07, Param MSE = 7.848990e-06, Grad norm = 3.378616e-07, Beta update rate = 1.570766e-08
Epoch 290600 (5.8%): Train pred MSE = 4.331852e-09, Test pred MSE = 7.617630e-07, Param MSE = 7.848732e-06, Grad norm = 3.373727e-07, Beta update rate = 1.568295e-08
Epoch 290800 (5.8%): Train pred MSE = 4.320487e-09, Test pred MSE = 7.617377e-07, Param MSE = 7.848475e-06, Grad norm = 3.368847e-07, Beta update rate = 1.565829e-08
Epoch 291000 (5.8%): Train pred MSE = 4.309154e-09, Test pred MSE = 7.617124e-07, Param MSE = 7.848218e-06, Grad norm = 3.363976e-07, Beta update rate = 1.563368e-08
Epoch 291200 (5.8%): Train pred MSE = 4.297855e-09, Test pred MSE = 7.616872e-07, Param MSE = 7.847962e-06, Grad norm = 3.359114e-07, Beta update rate = 1.560912e-08
Epoch 291400 (5.8%): Train pred MSE = 4.286587e-09, Test pred MSE = 7.616620e-07, Param MSE = 7.847707e-06, Grad norm = 3.354261e-07, Beta update rate = 1.558460e-08
Epoch 291600 (5.8%): Train pred MSE = 4.275353e-09, Test pred MSE = 7.616369e-07, Param MSE = 7.847452e-06, Grad norm = 3.349416e-07, Beta update rate = 1.556014e-08
Epoch 291800 (5.8%): Train pred MSE = 4.264150e-09, Test pred MSE = 7.616118e-07, Param MSE = 7.847197e-06, Grad norm = 3.344580e-07, Beta update rate = 1.553572e-08
Epoch 292000 (5.8%): Train pred MSE = 4.252980e-09, Test pred MSE = 7.615868e-07, Param MSE = 7.846943e-06, Grad norm = 3.339753e-07, Beta update rate = 1.551135e-08
Epoch 292200 (5.8%): Train pred MSE = 4.241843e-09, Test pred MSE = 7.615618e-07, Param MSE = 7.846690e-06, Grad norm = 3.334934e-07, Beta update rate = 1.548703e-08
Epoch 292400 (5.8%): Train pred MSE = 4.230737e-09, Test pred MSE = 7.615369e-07, Param MSE = 7.846437e-06, Grad norm = 3.330124e-07, Beta update rate = 1.546276e-08
Epoch 292600 (5.9%): Train pred MSE = 4.219663e-09, Test pred MSE = 7.615120e-07, Param MSE = 7.846184e-06, Grad norm = 3.325323e-07, Beta update rate = 1.543854e-08
Epoch 292800 (5.9%): Train pred MSE = 4.208622e-09, Test pred MSE = 7.614871e-07, Param MSE = 7.845932e-06, Grad norm = 3.320531e-07, Beta update rate = 1.541436e-08
Epoch 293000 (5.9%): Train pred MSE = 4.197612e-09, Test pred MSE = 7.614623e-07, Param MSE = 7.845680e-06, Grad norm = 3.315747e-07, Beta update rate = 1.539023e-08
Epoch 293200 (5.9%): Train pred MSE = 4.186634e-09, Test pred MSE = 7.614376e-07, Param MSE = 7.845429e-06, Grad norm = 3.310971e-07, Beta update rate = 1.536615e-08
Epoch 293400 (5.9%): Train pred MSE = 4.175687e-09, Test pred MSE = 7.614129e-07, Param MSE = 7.845179e-06, Grad norm = 3.306204e-07, Beta update rate = 1.534212e-08
Epoch 293600 (5.9%): Train pred MSE = 4.164772e-09, Test pred MSE = 7.613882e-07, Param MSE = 7.844928e-06, Grad norm = 3.301446e-07, Beta update rate = 1.531813e-08
Epoch 293800 (5.9%): Train pred MSE = 4.153888e-09, Test pred MSE = 7.613636e-07, Param MSE = 7.844679e-06, Grad norm = 3.296696e-07, Beta update rate = 1.529419e-08
Epoch 294000 (5.9%): Train pred MSE = 4.143036e-09, Test pred MSE = 7.613391e-07, Param MSE = 7.844430e-06, Grad norm = 3.291955e-07, Beta update rate = 1.527030e-08
Epoch 294200 (5.9%): Train pred MSE = 4.132214e-09, Test pred MSE = 7.613146e-07, Param MSE = 7.844181e-06, Grad norm = 3.287222e-07, Beta update rate = 1.524645e-08
Epoch 294400 (5.9%): Train pred MSE = 4.121424e-09, Test pred MSE = 7.612901e-07, Param MSE = 7.843933e-06, Grad norm = 3.282498e-07, Beta update rate = 1.522265e-08
Epoch 294600 (5.9%): Train pred MSE = 4.110665e-09, Test pred MSE = 7.612657e-07, Param MSE = 7.843685e-06, Grad norm = 3.277782e-07, Beta update rate = 1.519890e-08
Epoch 294800 (5.9%): Train pred MSE = 4.099937e-09, Test pred MSE = 7.612413e-07, Param MSE = 7.843438e-06, Grad norm = 3.273075e-07, Beta update rate = 1.517519e-08
Epoch 295000 (5.9%): Train pred MSE = 4.089239e-09, Test pred MSE = 7.612170e-07, Param MSE = 7.843191e-06, Grad norm = 3.268376e-07, Beta update rate = 1.515154e-08
Epoch 295200 (5.9%): Train pred MSE = 4.078572e-09, Test pred MSE = 7.611927e-07, Param MSE = 7.842945e-06, Grad norm = 3.263685e-07, Beta update rate = 1.512792e-08
Epoch 295400 (5.9%): Train pred MSE = 4.067936e-09, Test pred MSE = 7.611685e-07, Param MSE = 7.842699e-06, Grad norm = 3.259003e-07, Beta update rate = 1.510436e-08
Epoch 295600 (5.9%): Train pred MSE = 4.057330e-09, Test pred MSE = 7.611443e-07, Param MSE = 7.842453e-06, Grad norm = 3.254329e-07, Beta update rate = 1.508084e-08
Epoch 295800 (5.9%): Train pred MSE = 4.046755e-09, Test pred MSE = 7.611202e-07, Param MSE = 7.842208e-06, Grad norm = 3.249663e-07, Beta update rate = 1.505736e-08
Epoch 296000 (5.9%): Train pred MSE = 4.036210e-09, Test pred MSE = 7.610961e-07, Param MSE = 7.841964e-06, Grad norm = 3.245006e-07, Beta update rate = 1.503393e-08
Epoch 296200 (5.9%): Train pred MSE = 4.025695e-09, Test pred MSE = 7.610720e-07, Param MSE = 7.841720e-06, Grad norm = 3.240357e-07, Beta update rate = 1.501055e-08
Epoch 296400 (5.9%): Train pred MSE = 4.015210e-09, Test pred MSE = 7.610480e-07, Param MSE = 7.841476e-06, Grad norm = 3.235717e-07, Beta update rate = 1.498721e-08
Epoch 296600 (5.9%): Train pred MSE = 4.004755e-09, Test pred MSE = 7.610241e-07, Param MSE = 7.841233e-06, Grad norm = 3.231084e-07, Beta update rate = 1.496392e-08
Epoch 296800 (5.9%): Train pred MSE = 3.994331e-09, Test pred MSE = 7.610002e-07, Param MSE = 7.840991e-06, Grad norm = 3.226460e-07, Beta update rate = 1.494068e-08
Epoch 297000 (5.9%): Train pred MSE = 3.983935e-09, Test pred MSE = 7.609763e-07, Param MSE = 7.840749e-06, Grad norm = 3.221844e-07, Beta update rate = 1.491748e-08
Epoch 297200 (5.9%): Train pred MSE = 3.973570e-09, Test pred MSE = 7.609525e-07, Param MSE = 7.840507e-06, Grad norm = 3.217236e-07, Beta update rate = 1.489432e-08
Epoch 297400 (5.9%): Train pred MSE = 3.963234e-09, Test pred MSE = 7.609287e-07, Param MSE = 7.840266e-06, Grad norm = 3.212637e-07, Beta update rate = 1.487121e-08
Epoch 297600 (6.0%): Train pred MSE = 3.952928e-09, Test pred MSE = 7.609050e-07, Param MSE = 7.840025e-06, Grad norm = 3.208045e-07, Beta update rate = 1.484814e-08
Epoch 297800 (6.0%): Train pred MSE = 3.942652e-09, Test pred MSE = 7.608813e-07, Param MSE = 7.839785e-06, Grad norm = 3.203462e-07, Beta update rate = 1.482512e-08
Epoch 298000 (6.0%): Train pred MSE = 3.932404e-09, Test pred MSE = 7.608577e-07, Param MSE = 7.839545e-06, Grad norm = 3.198887e-07, Beta update rate = 1.480215e-08
Epoch 298200 (6.0%): Train pred MSE = 3.922186e-09, Test pred MSE = 7.608341e-07, Param MSE = 7.839306e-06, Grad norm = 3.194320e-07, Beta update rate = 1.477922e-08
Epoch 298400 (6.0%): Train pred MSE = 3.911997e-09, Test pred MSE = 7.608106e-07, Param MSE = 7.839067e-06, Grad norm = 3.189761e-07, Beta update rate = 1.475633e-08
Epoch 298600 (6.0%): Train pred MSE = 3.901837e-09, Test pred MSE = 7.607871e-07, Param MSE = 7.838829e-06, Grad norm = 3.185210e-07, Beta update rate = 1.473349e-08
Epoch 298800 (6.0%): Train pred MSE = 3.891706e-09, Test pred MSE = 7.607636e-07, Param MSE = 7.838591e-06, Grad norm = 3.180667e-07, Beta update rate = 1.471069e-08
Epoch 299000 (6.0%): Train pred MSE = 3.881604e-09, Test pred MSE = 7.607402e-07, Param MSE = 7.838353e-06, Grad norm = 3.176133e-07, Beta update rate = 1.468794e-08
Epoch 299200 (6.0%): Train pred MSE = 3.871531e-09, Test pred MSE = 7.607168e-07, Param MSE = 7.838116e-06, Grad norm = 3.171606e-07, Beta update rate = 1.466523e-08
Epoch 299400 (6.0%): Train pred MSE = 3.861486e-09, Test pred MSE = 7.606935e-07, Param MSE = 7.837879e-06, Grad norm = 3.167087e-07, Beta update rate = 1.464256e-08
Epoch 299600 (6.0%): Train pred MSE = 3.851470e-09, Test pred MSE = 7.606702e-07, Param MSE = 7.837643e-06, Grad norm = 3.162576e-07, Beta update rate = 1.461994e-08
Epoch 299800 (6.0%): Train pred MSE = 3.841482e-09, Test pred MSE = 7.606470e-07, Param MSE = 7.837408e-06, Grad norm = 3.158074e-07, Beta update rate = 1.459736e-08
Epoch 300000 (6.0%): Train pred MSE = 3.831523e-09, Test pred MSE = 7.606238e-07, Param MSE = 7.837172e-06, Grad norm = 3.153579e-07, Beta update rate = 1.457483e-08
Epoch 300200 (6.0%): Train pred MSE = 3.821592e-09, Test pred MSE = 7.606007e-07, Param MSE = 7.836938e-06, Grad norm = 3.149092e-07, Beta update rate = 1.455234e-08
Epoch 300400 (6.0%): Train pred MSE = 3.811690e-09, Test pred MSE = 7.605776e-07, Param MSE = 7.836703e-06, Grad norm = 3.144613e-07, Beta update rate = 1.452989e-08
Epoch 300600 (6.0%): Train pred MSE = 3.801815e-09, Test pred MSE = 7.605545e-07, Param MSE = 7.836469e-06, Grad norm = 3.140142e-07, Beta update rate = 1.450749e-08
Epoch 300800 (6.0%): Train pred MSE = 3.791969e-09, Test pred MSE = 7.605315e-07, Param MSE = 7.836236e-06, Grad norm = 3.135678e-07, Beta update rate = 1.448513e-08
Epoch 301000 (6.0%): Train pred MSE = 3.782151e-09, Test pred MSE = 7.605085e-07, Param MSE = 7.836003e-06, Grad norm = 3.131223e-07, Beta update rate = 1.446281e-08
Epoch 301200 (6.0%): Train pred MSE = 3.772360e-09, Test pred MSE = 7.604856e-07, Param MSE = 7.835770e-06, Grad norm = 3.126775e-07, Beta update rate = 1.444053e-08
Epoch 301400 (6.0%): Train pred MSE = 3.762597e-09, Test pred MSE = 7.604627e-07, Param MSE = 7.835538e-06, Grad norm = 3.122336e-07, Beta update rate = 1.441830e-08
Epoch 301600 (6.0%): Train pred MSE = 3.752862e-09, Test pred MSE = 7.604399e-07, Param MSE = 7.835306e-06, Grad norm = 3.117904e-07, Beta update rate = 1.439611e-08
Epoch 301800 (6.0%): Train pred MSE = 3.743155e-09, Test pred MSE = 7.604171e-07, Param MSE = 7.835075e-06, Grad norm = 3.113480e-07, Beta update rate = 1.437397e-08
Epoch 302000 (6.0%): Train pred MSE = 3.733475e-09, Test pred MSE = 7.603943e-07, Param MSE = 7.834844e-06, Grad norm = 3.109063e-07, Beta update rate = 1.435186e-08
Epoch 302200 (6.0%): Train pred MSE = 3.723822e-09, Test pred MSE = 7.603716e-07, Param MSE = 7.834614e-06, Grad norm = 3.104655e-07, Beta update rate = 1.432980e-08
Epoch 302400 (6.0%): Train pred MSE = 3.714197e-09, Test pred MSE = 7.603489e-07, Param MSE = 7.834384e-06, Grad norm = 3.100254e-07, Beta update rate = 1.430778e-08
Epoch 302600 (6.1%): Train pred MSE = 3.704600e-09, Test pred MSE = 7.603263e-07, Param MSE = 7.834154e-06, Grad norm = 3.095860e-07, Beta update rate = 1.428581e-08
Epoch 302800 (6.1%): Train pred MSE = 3.695029e-09, Test pred MSE = 7.603037e-07, Param MSE = 7.833925e-06, Grad norm = 3.091475e-07, Beta update rate = 1.426387e-08
Epoch 303000 (6.1%): Train pred MSE = 3.685485e-09, Test pred MSE = 7.602812e-07, Param MSE = 7.833697e-06, Grad norm = 3.087097e-07, Beta update rate = 1.424198e-08
Epoch 303200 (6.1%): Train pred MSE = 3.675969e-09, Test pred MSE = 7.602587e-07, Param MSE = 7.833468e-06, Grad norm = 3.082727e-07, Beta update rate = 1.422013e-08
Epoch 303400 (6.1%): Train pred MSE = 3.666479e-09, Test pred MSE = 7.602362e-07, Param MSE = 7.833241e-06, Grad norm = 3.078364e-07, Beta update rate = 1.419832e-08
Epoch 303600 (6.1%): Train pred MSE = 3.657016e-09, Test pred MSE = 7.602138e-07, Param MSE = 7.833013e-06, Grad norm = 3.074010e-07, Beta update rate = 1.417656e-08
Epoch 303800 (6.1%): Train pred MSE = 3.647580e-09, Test pred MSE = 7.601915e-07, Param MSE = 7.832786e-06, Grad norm = 3.069662e-07, Beta update rate = 1.415483e-08
Epoch 304000 (6.1%): Train pred MSE = 3.638171e-09, Test pred MSE = 7.601691e-07, Param MSE = 7.832560e-06, Grad norm = 3.065323e-07, Beta update rate = 1.413315e-08
Epoch 304200 (6.1%): Train pred MSE = 3.628788e-09, Test pred MSE = 7.601468e-07, Param MSE = 7.832334e-06, Grad norm = 3.060991e-07, Beta update rate = 1.411151e-08
Epoch 304400 (6.1%): Train pred MSE = 3.619432e-09, Test pred MSE = 7.601246e-07, Param MSE = 7.832108e-06, Grad norm = 3.056666e-07, Beta update rate = 1.408991e-08
Epoch 304600 (6.1%): Train pred MSE = 3.610102e-09, Test pred MSE = 7.601024e-07, Param MSE = 7.831883e-06, Grad norm = 3.052349e-07, Beta update rate = 1.406835e-08
Epoch 304800 (6.1%): Train pred MSE = 3.600798e-09, Test pred MSE = 7.600802e-07, Param MSE = 7.831658e-06, Grad norm = 3.048040e-07, Beta update rate = 1.404683e-08
Epoch 305000 (6.1%): Train pred MSE = 3.591521e-09, Test pred MSE = 7.600581e-07, Param MSE = 7.831434e-06, Grad norm = 3.043738e-07, Beta update rate = 1.402536e-08
Epoch 305200 (6.1%): Train pred MSE = 3.582270e-09, Test pred MSE = 7.600360e-07, Param MSE = 7.831210e-06, Grad norm = 3.039443e-07, Beta update rate = 1.400392e-08
Epoch 305400 (6.1%): Train pred MSE = 3.573044e-09, Test pred MSE = 7.600140e-07, Param MSE = 7.830986e-06, Grad norm = 3.035156e-07, Beta update rate = 1.398253e-08
Epoch 305600 (6.1%): Train pred MSE = 3.563845e-09, Test pred MSE = 7.599920e-07, Param MSE = 7.830763e-06, Grad norm = 3.030877e-07, Beta update rate = 1.396117e-08
Epoch 305800 (6.1%): Train pred MSE = 3.554672e-09, Test pred MSE = 7.599701e-07, Param MSE = 7.830541e-06, Grad norm = 3.026604e-07, Beta update rate = 1.393986e-08
Epoch 306000 (6.1%): Train pred MSE = 3.545525e-09, Test pred MSE = 7.599481e-07, Param MSE = 7.830318e-06, Grad norm = 3.022340e-07, Beta update rate = 1.391859e-08
Epoch 306200 (6.1%): Train pred MSE = 3.536403e-09, Test pred MSE = 7.599263e-07, Param MSE = 7.830096e-06, Grad norm = 3.018083e-07, Beta update rate = 1.389735e-08
Epoch 306400 (6.1%): Train pred MSE = 3.527307e-09, Test pred MSE = 7.599044e-07, Param MSE = 7.829875e-06, Grad norm = 3.013833e-07, Beta update rate = 1.387616e-08
Epoch 306600 (6.1%): Train pred MSE = 3.518237e-09, Test pred MSE = 7.598826e-07, Param MSE = 7.829654e-06, Grad norm = 3.009590e-07, Beta update rate = 1.385501e-08
Epoch 306800 (6.1%): Train pred MSE = 3.509192e-09, Test pred MSE = 7.598609e-07, Param MSE = 7.829433e-06, Grad norm = 3.005355e-07, Beta update rate = 1.383390e-08
Epoch 307000 (6.1%): Train pred MSE = 3.500173e-09, Test pred MSE = 7.598392e-07, Param MSE = 7.829213e-06, Grad norm = 3.001127e-07, Beta update rate = 1.381283e-08
Epoch 307200 (6.1%): Train pred MSE = 3.491179e-09, Test pred MSE = 7.598175e-07, Param MSE = 7.828993e-06, Grad norm = 2.996907e-07, Beta update rate = 1.379180e-08
Epoch 307400 (6.1%): Train pred MSE = 3.482210e-09, Test pred MSE = 7.597959e-07, Param MSE = 7.828774e-06, Grad norm = 2.992694e-07, Beta update rate = 1.377081e-08
Epoch 307600 (6.2%): Train pred MSE = 3.473267e-09, Test pred MSE = 7.597743e-07, Param MSE = 7.828555e-06, Grad norm = 2.988488e-07, Beta update rate = 1.374985e-08
Epoch 307800 (6.2%): Train pred MSE = 3.464348e-09, Test pred MSE = 7.597528e-07, Param MSE = 7.828337e-06, Grad norm = 2.984289e-07, Beta update rate = 1.372894e-08
Epoch 308000 (6.2%): Train pred MSE = 3.455455e-09, Test pred MSE = 7.597313e-07, Param MSE = 7.828119e-06, Grad norm = 2.980098e-07, Beta update rate = 1.370807e-08
Epoch 308200 (6.2%): Train pred MSE = 3.446586e-09, Test pred MSE = 7.597098e-07, Param MSE = 7.827901e-06, Grad norm = 2.975914e-07, Beta update rate = 1.368724e-08
Epoch 308400 (6.2%): Train pred MSE = 3.437743e-09, Test pred MSE = 7.596884e-07, Param MSE = 7.827684e-06, Grad norm = 2.971737e-07, Beta update rate = 1.366644e-08
Epoch 308600 (6.2%): Train pred MSE = 3.428924e-09, Test pred MSE = 7.596670e-07, Param MSE = 7.827467e-06, Grad norm = 2.967568e-07, Beta update rate = 1.364569e-08
Epoch 308800 (6.2%): Train pred MSE = 3.420130e-09, Test pred MSE = 7.596456e-07, Param MSE = 7.827250e-06, Grad norm = 2.963405e-07, Beta update rate = 1.362498e-08
Epoch 309000 (6.2%): Train pred MSE = 3.411361e-09, Test pred MSE = 7.596243e-07, Param MSE = 7.827034e-06, Grad norm = 2.959250e-07, Beta update rate = 1.360430e-08
Epoch 309200 (6.2%): Train pred MSE = 3.402616e-09, Test pred MSE = 7.596031e-07, Param MSE = 7.826818e-06, Grad norm = 2.955102e-07, Beta update rate = 1.358366e-08
Epoch 309400 (6.2%): Train pred MSE = 3.393896e-09, Test pred MSE = 7.595818e-07, Param MSE = 7.826603e-06, Grad norm = 2.950961e-07, Beta update rate = 1.356307e-08
Epoch 309600 (6.2%): Train pred MSE = 3.385200e-09, Test pred MSE = 7.595606e-07, Param MSE = 7.826388e-06, Grad norm = 2.946827e-07, Beta update rate = 1.354251e-08
Epoch 309800 (6.2%): Train pred MSE = 3.376528e-09, Test pred MSE = 7.595395e-07, Param MSE = 7.826174e-06, Grad norm = 2.942701e-07, Beta update rate = 1.352199e-08
Epoch 310000 (6.2%): Train pred MSE = 3.367881e-09, Test pred MSE = 7.595184e-07, Param MSE = 7.825960e-06, Grad norm = 2.938581e-07, Beta update rate = 1.350151e-08
Epoch 310200 (6.2%): Train pred MSE = 3.359258e-09, Test pred MSE = 7.594973e-07, Param MSE = 7.825746e-06, Grad norm = 2.934469e-07, Beta update rate = 1.348106e-08
Epoch 310400 (6.2%): Train pred MSE = 3.350659e-09, Test pred MSE = 7.594763e-07, Param MSE = 7.825533e-06, Grad norm = 2.930363e-07, Beta update rate = 1.346066e-08
Epoch 310600 (6.2%): Train pred MSE = 3.342084e-09, Test pred MSE = 7.594553e-07, Param MSE = 7.825320e-06, Grad norm = 2.926265e-07, Beta update rate = 1.344029e-08
Epoch 310800 (6.2%): Train pred MSE = 3.333533e-09, Test pred MSE = 7.594343e-07, Param MSE = 7.825107e-06, Grad norm = 2.922174e-07, Beta update rate = 1.341997e-08
Epoch 311000 (6.2%): Train pred MSE = 3.325006e-09, Test pred MSE = 7.594134e-07, Param MSE = 7.824895e-06, Grad norm = 2.918089e-07, Beta update rate = 1.339968e-08
Epoch 311200 (6.2%): Train pred MSE = 3.316503e-09, Test pred MSE = 7.593926e-07, Param MSE = 7.824684e-06, Grad norm = 2.914012e-07, Beta update rate = 1.337943e-08
Epoch 311400 (6.2%): Train pred MSE = 3.308023e-09, Test pred MSE = 7.593717e-07, Param MSE = 7.824472e-06, Grad norm = 2.909942e-07, Beta update rate = 1.335921e-08
Epoch 311600 (6.2%): Train pred MSE = 3.299567e-09, Test pred MSE = 7.593509e-07, Param MSE = 7.824261e-06, Grad norm = 2.905879e-07, Beta update rate = 1.333904e-08
Epoch 311800 (6.2%): Train pred MSE = 3.291135e-09, Test pred MSE = 7.593302e-07, Param MSE = 7.824051e-06, Grad norm = 2.901822e-07, Beta update rate = 1.331890e-08
Epoch 312000 (6.2%): Train pred MSE = 3.282726e-09, Test pred MSE = 7.593094e-07, Param MSE = 7.823841e-06, Grad norm = 2.897773e-07, Beta update rate = 1.329880e-08
Epoch 312200 (6.2%): Train pred MSE = 3.274341e-09, Test pred MSE = 7.592888e-07, Param MSE = 7.823631e-06, Grad norm = 2.893731e-07, Beta update rate = 1.327874e-08
Epoch 312400 (6.2%): Train pred MSE = 3.265979e-09, Test pred MSE = 7.592681e-07, Param MSE = 7.823422e-06, Grad norm = 2.889695e-07, Beta update rate = 1.325872e-08
Epoch 312600 (6.3%): Train pred MSE = 3.257640e-09, Test pred MSE = 7.592475e-07, Param MSE = 7.823213e-06, Grad norm = 2.885667e-07, Beta update rate = 1.323873e-08
Epoch 312800 (6.3%): Train pred MSE = 3.249325e-09, Test pred MSE = 7.592269e-07, Param MSE = 7.823004e-06, Grad norm = 2.881645e-07, Beta update rate = 1.321878e-08
Epoch 313000 (6.3%): Train pred MSE = 3.241033e-09, Test pred MSE = 7.592064e-07, Param MSE = 7.822796e-06, Grad norm = 2.877630e-07, Beta update rate = 1.319887e-08
Epoch 313200 (6.3%): Train pred MSE = 3.232764e-09, Test pred MSE = 7.591859e-07, Param MSE = 7.822588e-06, Grad norm = 2.873622e-07, Beta update rate = 1.317899e-08
Epoch 313400 (6.3%): Train pred MSE = 3.224518e-09, Test pred MSE = 7.591655e-07, Param MSE = 7.822381e-06, Grad norm = 2.869621e-07, Beta update rate = 1.315916e-08
Epoch 313600 (6.3%): Train pred MSE = 3.216294e-09, Test pred MSE = 7.591450e-07, Param MSE = 7.822174e-06, Grad norm = 2.865627e-07, Beta update rate = 1.313936e-08
Epoch 313800 (6.3%): Train pred MSE = 3.208094e-09, Test pred MSE = 7.591247e-07, Param MSE = 7.821967e-06, Grad norm = 2.861639e-07, Beta update rate = 1.311959e-08
Epoch 314000 (6.3%): Train pred MSE = 3.199917e-09, Test pred MSE = 7.591043e-07, Param MSE = 7.821761e-06, Grad norm = 2.857659e-07, Beta update rate = 1.309987e-08
Epoch 314200 (6.3%): Train pred MSE = 3.191762e-09, Test pred MSE = 7.590840e-07, Param MSE = 7.821555e-06, Grad norm = 2.853685e-07, Beta update rate = 1.308018e-08
Epoch 314400 (6.3%): Train pred MSE = 3.183630e-09, Test pred MSE = 7.590638e-07, Param MSE = 7.821350e-06, Grad norm = 2.849718e-07, Beta update rate = 1.306052e-08
Epoch 314600 (6.3%): Train pred MSE = 3.175520e-09, Test pred MSE = 7.590435e-07, Param MSE = 7.821144e-06, Grad norm = 2.845757e-07, Beta update rate = 1.304091e-08
Epoch 314800 (6.3%): Train pred MSE = 3.167433e-09, Test pred MSE = 7.590233e-07, Param MSE = 7.820940e-06, Grad norm = 2.841804e-07, Beta update rate = 1.302133e-08
Epoch 315000 (6.3%): Train pred MSE = 3.159369e-09, Test pred MSE = 7.590032e-07, Param MSE = 7.820735e-06, Grad norm = 2.837857e-07, Beta update rate = 1.300178e-08
Epoch 315200 (6.3%): Train pred MSE = 3.151327e-09, Test pred MSE = 7.589831e-07, Param MSE = 7.820531e-06, Grad norm = 2.833917e-07, Beta update rate = 1.298228e-08
Epoch 315400 (6.3%): Train pred MSE = 3.143307e-09, Test pred MSE = 7.589630e-07, Param MSE = 7.820328e-06, Grad norm = 2.829983e-07, Beta update rate = 1.296281e-08
Epoch 315600 (6.3%): Train pred MSE = 3.135309e-09, Test pred MSE = 7.589429e-07, Param MSE = 7.820125e-06, Grad norm = 2.826056e-07, Beta update rate = 1.294337e-08
Epoch 315800 (6.3%): Train pred MSE = 3.127334e-09, Test pred MSE = 7.589229e-07, Param MSE = 7.819922e-06, Grad norm = 2.822136e-07, Beta update rate = 1.292397e-08
Epoch 316000 (6.3%): Train pred MSE = 3.119380e-09, Test pred MSE = 7.589030e-07, Param MSE = 7.819719e-06, Grad norm = 2.818223e-07, Beta update rate = 1.290461e-08
Epoch 316200 (6.3%): Train pred MSE = 3.111449e-09, Test pred MSE = 7.588830e-07, Param MSE = 7.819517e-06, Grad norm = 2.814316e-07, Beta update rate = 1.288528e-08
Epoch 316400 (6.3%): Train pred MSE = 3.103540e-09, Test pred MSE = 7.588631e-07, Param MSE = 7.819315e-06, Grad norm = 2.810416e-07, Beta update rate = 1.286599e-08
Epoch 316600 (6.3%): Train pred MSE = 3.095652e-09, Test pred MSE = 7.588433e-07, Param MSE = 7.819114e-06, Grad norm = 2.806522e-07, Beta update rate = 1.284674e-08
Epoch 316800 (6.3%): Train pred MSE = 3.087787e-09, Test pred MSE = 7.588235e-07, Param MSE = 7.818913e-06, Grad norm = 2.802635e-07, Beta update rate = 1.282752e-08
Epoch 317000 (6.3%): Train pred MSE = 3.079943e-09, Test pred MSE = 7.588037e-07, Param MSE = 7.818712e-06, Grad norm = 2.798755e-07, Beta update rate = 1.280834e-08
Epoch 317200 (6.3%): Train pred MSE = 3.072121e-09, Test pred MSE = 7.587839e-07, Param MSE = 7.818512e-06, Grad norm = 2.794881e-07, Beta update rate = 1.278919e-08
Epoch 317400 (6.3%): Train pred MSE = 3.064320e-09, Test pred MSE = 7.587642e-07, Param MSE = 7.818312e-06, Grad norm = 2.791014e-07, Beta update rate = 1.277007e-08
Epoch 317600 (6.4%): Train pred MSE = 3.056541e-09, Test pred MSE = 7.587445e-07, Param MSE = 7.818113e-06, Grad norm = 2.787153e-07, Beta update rate = 1.275100e-08
Epoch 317800 (6.4%): Train pred MSE = 3.048784e-09, Test pred MSE = 7.587249e-07, Param MSE = 7.817914e-06, Grad norm = 2.783299e-07, Beta update rate = 1.273196e-08
Epoch 318000 (6.4%): Train pred MSE = 3.041048e-09, Test pred MSE = 7.587053e-07, Param MSE = 7.817715e-06, Grad norm = 2.779451e-07, Beta update rate = 1.271295e-08
Epoch 318200 (6.4%): Train pred MSE = 3.033333e-09, Test pred MSE = 7.586857e-07, Param MSE = 7.817517e-06, Grad norm = 2.775610e-07, Beta update rate = 1.269398e-08
Epoch 318400 (6.4%): Train pred MSE = 3.025640e-09, Test pred MSE = 7.586662e-07, Param MSE = 7.817319e-06, Grad norm = 2.771775e-07, Beta update rate = 1.267504e-08
Epoch 318600 (6.4%): Train pred MSE = 3.017968e-09, Test pred MSE = 7.586467e-07, Param MSE = 7.817121e-06, Grad norm = 2.767947e-07, Beta update rate = 1.265614e-08
Epoch 318800 (6.4%): Train pred MSE = 3.010317e-09, Test pred MSE = 7.586272e-07, Param MSE = 7.816924e-06, Grad norm = 2.764125e-07, Beta update rate = 1.263727e-08
Epoch 319000 (6.4%): Train pred MSE = 3.002687e-09, Test pred MSE = 7.586078e-07, Param MSE = 7.816727e-06, Grad norm = 2.760309e-07, Beta update rate = 1.261844e-08
Epoch 319200 (6.4%): Train pred MSE = 2.995079e-09, Test pred MSE = 7.585884e-07, Param MSE = 7.816530e-06, Grad norm = 2.756501e-07, Beta update rate = 1.259964e-08
Epoch 319400 (6.4%): Train pred MSE = 2.987491e-09, Test pred MSE = 7.585690e-07, Param MSE = 7.816334e-06, Grad norm = 2.752698e-07, Beta update rate = 1.258088e-08
Epoch 319600 (6.4%): Train pred MSE = 2.979924e-09, Test pred MSE = 7.585497e-07, Param MSE = 7.816138e-06, Grad norm = 2.748902e-07, Beta update rate = 1.256215e-08
Epoch 319800 (6.4%): Train pred MSE = 2.972378e-09, Test pred MSE = 7.585304e-07, Param MSE = 7.815942e-06, Grad norm = 2.745112e-07, Beta update rate = 1.254346e-08
Epoch 320000 (6.4%): Train pred MSE = 2.964853e-09, Test pred MSE = 7.585112e-07, Param MSE = 7.815747e-06, Grad norm = 2.741329e-07, Beta update rate = 1.252480e-08
Epoch 320200 (6.4%): Train pred MSE = 2.957349e-09, Test pred MSE = 7.584920e-07, Param MSE = 7.815552e-06, Grad norm = 2.737552e-07, Beta update rate = 1.250617e-08
Epoch 320400 (6.4%): Train pred MSE = 2.949865e-09, Test pred MSE = 7.584728e-07, Param MSE = 7.815358e-06, Grad norm = 2.733781e-07, Beta update rate = 1.248758e-08
Epoch 320600 (6.4%): Train pred MSE = 2.942402e-09, Test pred MSE = 7.584537e-07, Param MSE = 7.815164e-06, Grad norm = 2.730017e-07, Beta update rate = 1.246902e-08
Epoch 320800 (6.4%): Train pred MSE = 2.934959e-09, Test pred MSE = 7.584345e-07, Param MSE = 7.814970e-06, Grad norm = 2.726259e-07, Beta update rate = 1.245050e-08
Epoch 321000 (6.4%): Train pred MSE = 2.927537e-09, Test pred MSE = 7.584155e-07, Param MSE = 7.814777e-06, Grad norm = 2.722507e-07, Beta update rate = 1.243201e-08
Epoch 321200 (6.4%): Train pred MSE = 2.920135e-09, Test pred MSE = 7.583964e-07, Param MSE = 7.814584e-06, Grad norm = 2.718762e-07, Beta update rate = 1.241356e-08
Epoch 321400 (6.4%): Train pred MSE = 2.912754e-09, Test pred MSE = 7.583774e-07, Param MSE = 7.814391e-06, Grad norm = 2.715023e-07, Beta update rate = 1.239514e-08
Epoch 321600 (6.4%): Train pred MSE = 2.905392e-09, Test pred MSE = 7.583584e-07, Param MSE = 7.814199e-06, Grad norm = 2.711290e-07, Beta update rate = 1.237675e-08
Epoch 321800 (6.4%): Train pred MSE = 2.898052e-09, Test pred MSE = 7.583395e-07, Param MSE = 7.814007e-06, Grad norm = 2.707563e-07, Beta update rate = 1.235840e-08
Epoch 322000 (6.4%): Train pred MSE = 2.890731e-09, Test pred MSE = 7.583206e-07, Param MSE = 7.813815e-06, Grad norm = 2.703843e-07, Beta update rate = 1.234008e-08
Epoch 322200 (6.4%): Train pred MSE = 2.883430e-09, Test pred MSE = 7.583017e-07, Param MSE = 7.813624e-06, Grad norm = 2.700129e-07, Beta update rate = 1.232179e-08
Epoch 322400 (6.4%): Train pred MSE = 2.876150e-09, Test pred MSE = 7.582829e-07, Param MSE = 7.813433e-06, Grad norm = 2.696421e-07, Beta update rate = 1.230354e-08
Epoch 322600 (6.5%): Train pred MSE = 2.868889e-09, Test pred MSE = 7.582641e-07, Param MSE = 7.813242e-06, Grad norm = 2.692719e-07, Beta update rate = 1.228532e-08
Epoch 322800 (6.5%): Train pred MSE = 2.861648e-09, Test pred MSE = 7.582453e-07, Param MSE = 7.813052e-06, Grad norm = 2.689023e-07, Beta update rate = 1.226713e-08
Epoch 323000 (6.5%): Train pred MSE = 2.854427e-09, Test pred MSE = 7.582266e-07, Param MSE = 7.812862e-06, Grad norm = 2.685334e-07, Beta update rate = 1.224898e-08
Epoch 323200 (6.5%): Train pred MSE = 2.847226e-09, Test pred MSE = 7.582079e-07, Param MSE = 7.812673e-06, Grad norm = 2.681651e-07, Beta update rate = 1.223086e-08
Epoch 323400 (6.5%): Train pred MSE = 2.840045e-09, Test pred MSE = 7.581893e-07, Param MSE = 7.812484e-06, Grad norm = 2.677974e-07, Beta update rate = 1.221277e-08
Epoch 323600 (6.5%): Train pred MSE = 2.832883e-09, Test pred MSE = 7.581706e-07, Param MSE = 7.812295e-06, Grad norm = 2.674303e-07, Beta update rate = 1.219472e-08
Epoch 323800 (6.5%): Train pred MSE = 2.825741e-09, Test pred MSE = 7.581520e-07, Param MSE = 7.812106e-06, Grad norm = 2.670638e-07, Beta update rate = 1.217670e-08
Epoch 324000 (6.5%): Train pred MSE = 2.818619e-09, Test pred MSE = 7.581335e-07, Param MSE = 7.811918e-06, Grad norm = 2.666979e-07, Beta update rate = 1.215871e-08
Epoch 324200 (6.5%): Train pred MSE = 2.811516e-09, Test pred MSE = 7.581149e-07, Param MSE = 7.811730e-06, Grad norm = 2.663327e-07, Beta update rate = 1.214075e-08
Epoch 324400 (6.5%): Train pred MSE = 2.804432e-09, Test pred MSE = 7.580964e-07, Param MSE = 7.811543e-06, Grad norm = 2.659680e-07, Beta update rate = 1.212283e-08
Epoch 324600 (6.5%): Train pred MSE = 2.797368e-09, Test pred MSE = 7.580780e-07, Param MSE = 7.811356e-06, Grad norm = 2.656040e-07, Beta update rate = 1.210494e-08
Epoch 324800 (6.5%): Train pred MSE = 2.790323e-09, Test pred MSE = 7.580595e-07, Param MSE = 7.811169e-06, Grad norm = 2.652405e-07, Beta update rate = 1.208708e-08
Epoch 325000 (6.5%): Train pred MSE = 2.783298e-09, Test pred MSE = 7.580412e-07, Param MSE = 7.810983e-06, Grad norm = 2.648777e-07, Beta update rate = 1.206926e-08
Epoch 325200 (6.5%): Train pred MSE = 2.776291e-09, Test pred MSE = 7.580228e-07, Param MSE = 7.810796e-06, Grad norm = 2.645155e-07, Beta update rate = 1.205146e-08
Epoch 325400 (6.5%): Train pred MSE = 2.769304e-09, Test pred MSE = 7.580045e-07, Param MSE = 7.810611e-06, Grad norm = 2.641538e-07, Beta update rate = 1.203370e-08
Epoch 325600 (6.5%): Train pred MSE = 2.762336e-09, Test pred MSE = 7.579862e-07, Param MSE = 7.810425e-06, Grad norm = 2.637928e-07, Beta update rate = 1.201597e-08
Epoch 325800 (6.5%): Train pred MSE = 2.755387e-09, Test pred MSE = 7.579679e-07, Param MSE = 7.810240e-06, Grad norm = 2.634324e-07, Beta update rate = 1.199828e-08
Epoch 326000 (6.5%): Train pred MSE = 2.748457e-09, Test pred MSE = 7.579497e-07, Param MSE = 7.810055e-06, Grad norm = 2.630726e-07, Beta update rate = 1.198061e-08
Epoch 326200 (6.5%): Train pred MSE = 2.741546e-09, Test pred MSE = 7.579315e-07, Param MSE = 7.809871e-06, Grad norm = 2.627133e-07, Beta update rate = 1.196298e-08
Epoch 326400 (6.5%): Train pred MSE = 2.734653e-09, Test pred MSE = 7.579133e-07, Param MSE = 7.809687e-06, Grad norm = 2.623547e-07, Beta update rate = 1.194538e-08
Epoch 326600 (6.5%): Train pred MSE = 2.727780e-09, Test pred MSE = 7.578952e-07, Param MSE = 7.809503e-06, Grad norm = 2.619966e-07, Beta update rate = 1.192781e-08
Epoch 326800 (6.5%): Train pred MSE = 2.720925e-09, Test pred MSE = 7.578771e-07, Param MSE = 7.809320e-06, Grad norm = 2.616392e-07, Beta update rate = 1.191028e-08
Epoch 327000 (6.5%): Train pred MSE = 2.714089e-09, Test pred MSE = 7.578590e-07, Param MSE = 7.809137e-06, Grad norm = 2.612823e-07, Beta update rate = 1.189277e-08
Epoch 327200 (6.5%): Train pred MSE = 2.707271e-09, Test pred MSE = 7.578410e-07, Param MSE = 7.808954e-06, Grad norm = 2.609261e-07, Beta update rate = 1.187530e-08
Epoch 327400 (6.5%): Train pred MSE = 2.700473e-09, Test pred MSE = 7.578230e-07, Param MSE = 7.808771e-06, Grad norm = 2.605704e-07, Beta update rate = 1.185786e-08
Epoch 327600 (6.6%): Train pred MSE = 2.693692e-09, Test pred MSE = 7.578050e-07, Param MSE = 7.808589e-06, Grad norm = 2.602153e-07, Beta update rate = 1.184045e-08
Epoch 327800 (6.6%): Train pred MSE = 2.686930e-09, Test pred MSE = 7.577871e-07, Param MSE = 7.808408e-06, Grad norm = 2.598608e-07, Beta update rate = 1.182307e-08
Epoch 328000 (6.6%): Train pred MSE = 2.680187e-09, Test pred MSE = 7.577692e-07, Param MSE = 7.808226e-06, Grad norm = 2.595069e-07, Beta update rate = 1.180572e-08
Epoch 328200 (6.6%): Train pred MSE = 2.673462e-09, Test pred MSE = 7.577513e-07, Param MSE = 7.808045e-06, Grad norm = 2.591535e-07, Beta update rate = 1.178840e-08
Epoch 328400 (6.6%): Train pred MSE = 2.666755e-09, Test pred MSE = 7.577335e-07, Param MSE = 7.807864e-06, Grad norm = 2.588008e-07, Beta update rate = 1.177112e-08
Epoch 328600 (6.6%): Train pred MSE = 2.660066e-09, Test pred MSE = 7.577157e-07, Param MSE = 7.807684e-06, Grad norm = 2.584486e-07, Beta update rate = 1.175387e-08
Epoch 328800 (6.6%): Train pred MSE = 2.653396e-09, Test pred MSE = 7.576979e-07, Param MSE = 7.807504e-06, Grad norm = 2.580970e-07, Beta update rate = 1.173664e-08
Epoch 329000 (6.6%): Train pred MSE = 2.646744e-09, Test pred MSE = 7.576801e-07, Param MSE = 7.807324e-06, Grad norm = 2.577460e-07, Beta update rate = 1.171945e-08
Epoch 329200 (6.6%): Train pred MSE = 2.640109e-09, Test pred MSE = 7.576624e-07, Param MSE = 7.807144e-06, Grad norm = 2.573956e-07, Beta update rate = 1.170229e-08
Epoch 329400 (6.6%): Train pred MSE = 2.633493e-09, Test pred MSE = 7.576448e-07, Param MSE = 7.806965e-06, Grad norm = 2.570457e-07, Beta update rate = 1.168516e-08
Epoch 329600 (6.6%): Train pred MSE = 2.626895e-09, Test pred MSE = 7.576271e-07, Param MSE = 7.806786e-06, Grad norm = 2.566964e-07, Beta update rate = 1.166806e-08
Epoch 329800 (6.6%): Train pred MSE = 2.620315e-09, Test pred MSE = 7.576095e-07, Param MSE = 7.806608e-06, Grad norm = 2.563477e-07, Beta update rate = 1.165099e-08
Epoch 330000 (6.6%): Train pred MSE = 2.613752e-09, Test pred MSE = 7.575919e-07, Param MSE = 7.806429e-06, Grad norm = 2.559996e-07, Beta update rate = 1.163396e-08
Epoch 330200 (6.6%): Train pred MSE = 2.607208e-09, Test pred MSE = 7.575744e-07, Param MSE = 7.806252e-06, Grad norm = 2.556520e-07, Beta update rate = 1.161695e-08
Epoch 330400 (6.6%): Train pred MSE = 2.600681e-09, Test pred MSE = 7.575568e-07, Param MSE = 7.806074e-06, Grad norm = 2.553050e-07, Beta update rate = 1.159997e-08
Epoch 330600 (6.6%): Train pred MSE = 2.594172e-09, Test pred MSE = 7.575393e-07, Param MSE = 7.805897e-06, Grad norm = 2.549586e-07, Beta update rate = 1.158303e-08
Epoch 330800 (6.6%): Train pred MSE = 2.587680e-09, Test pred MSE = 7.575219e-07, Param MSE = 7.805720e-06, Grad norm = 2.546128e-07, Beta update rate = 1.156611e-08
Epoch 331000 (6.6%): Train pred MSE = 2.581206e-09, Test pred MSE = 7.575045e-07, Param MSE = 7.805543e-06, Grad norm = 2.542675e-07, Beta update rate = 1.154923e-08
Epoch 331200 (6.6%): Train pred MSE = 2.574750e-09, Test pred MSE = 7.574871e-07, Param MSE = 7.805367e-06, Grad norm = 2.539228e-07, Beta update rate = 1.153237e-08
Epoch 331400 (6.6%): Train pred MSE = 2.568311e-09, Test pred MSE = 7.574697e-07, Param MSE = 7.805191e-06, Grad norm = 2.535786e-07, Beta update rate = 1.151554e-08
Epoch 331600 (6.6%): Train pred MSE = 2.561889e-09, Test pred MSE = 7.574524e-07, Param MSE = 7.805015e-06, Grad norm = 2.532350e-07, Beta update rate = 1.149875e-08
Epoch 331800 (6.6%): Train pred MSE = 2.555485e-09, Test pred MSE = 7.574351e-07, Param MSE = 7.804840e-06, Grad norm = 2.528920e-07, Beta update rate = 1.148199e-08
Epoch 332000 (6.6%): Train pred MSE = 2.549099e-09, Test pred MSE = 7.574178e-07, Param MSE = 7.804665e-06, Grad norm = 2.525496e-07, Beta update rate = 1.146525e-08
Epoch 332200 (6.6%): Train pred MSE = 2.542729e-09, Test pred MSE = 7.574005e-07, Param MSE = 7.804490e-06, Grad norm = 2.522077e-07, Beta update rate = 1.144855e-08
Epoch 332400 (6.6%): Train pred MSE = 2.536377e-09, Test pred MSE = 7.573833e-07, Param MSE = 7.804316e-06, Grad norm = 2.518663e-07, Beta update rate = 1.143187e-08
Epoch 332600 (6.7%): Train pred MSE = 2.530042e-09, Test pred MSE = 7.573662e-07, Param MSE = 7.804142e-06, Grad norm = 2.515255e-07, Beta update rate = 1.141523e-08
Epoch 332800 (6.7%): Train pred MSE = 2.523724e-09, Test pred MSE = 7.573490e-07, Param MSE = 7.803968e-06, Grad norm = 2.511853e-07, Beta update rate = 1.139861e-08
Epoch 333000 (6.7%): Train pred MSE = 2.517423e-09, Test pred MSE = 7.573319e-07, Param MSE = 7.803795e-06, Grad norm = 2.508456e-07, Beta update rate = 1.138202e-08
Epoch 333200 (6.7%): Train pred MSE = 2.511140e-09, Test pred MSE = 7.573148e-07, Param MSE = 7.803621e-06, Grad norm = 2.505065e-07, Beta update rate = 1.136547e-08
Epoch 333400 (6.7%): Train pred MSE = 2.504873e-09, Test pred MSE = 7.572977e-07, Param MSE = 7.803449e-06, Grad norm = 2.501680e-07, Beta update rate = 1.134894e-08
Epoch 333600 (6.7%): Train pred MSE = 2.498623e-09, Test pred MSE = 7.572807e-07, Param MSE = 7.803276e-06, Grad norm = 2.498299e-07, Beta update rate = 1.133244e-08
Epoch 333800 (6.7%): Train pred MSE = 2.492390e-09, Test pred MSE = 7.572637e-07, Param MSE = 7.803104e-06, Grad norm = 2.494925e-07, Beta update rate = 1.131597e-08
Epoch 334000 (6.7%): Train pred MSE = 2.486174e-09, Test pred MSE = 7.572467e-07, Param MSE = 7.802932e-06, Grad norm = 2.491556e-07, Beta update rate = 1.129954e-08
Epoch 334200 (6.7%): Train pred MSE = 2.479974e-09, Test pred MSE = 7.572298e-07, Param MSE = 7.802760e-06, Grad norm = 2.488192e-07, Beta update rate = 1.128313e-08
Epoch 334400 (6.7%): Train pred MSE = 2.473792e-09, Test pred MSE = 7.572129e-07, Param MSE = 7.802589e-06, Grad norm = 2.484834e-07, Beta update rate = 1.126675e-08
Epoch 334600 (6.7%): Train pred MSE = 2.467626e-09, Test pred MSE = 7.571960e-07, Param MSE = 7.802418e-06, Grad norm = 2.481481e-07, Beta update rate = 1.125039e-08
Epoch 334800 (6.7%): Train pred MSE = 2.461476e-09, Test pred MSE = 7.571792e-07, Param MSE = 7.802247e-06, Grad norm = 2.478134e-07, Beta update rate = 1.123407e-08
Epoch 335000 (6.7%): Train pred MSE = 2.455343e-09, Test pred MSE = 7.571624e-07, Param MSE = 7.802077e-06, Grad norm = 2.474793e-07, Beta update rate = 1.121778e-08
Epoch 335200 (6.7%): Train pred MSE = 2.449227e-09, Test pred MSE = 7.571456e-07, Param MSE = 7.801907e-06, Grad norm = 2.471456e-07, Beta update rate = 1.120151e-08
Epoch 335400 (6.7%): Train pred MSE = 2.443127e-09, Test pred MSE = 7.571288e-07, Param MSE = 7.801737e-06, Grad norm = 2.468125e-07, Beta update rate = 1.118528e-08
Epoch 335600 (6.7%): Train pred MSE = 2.437044e-09, Test pred MSE = 7.571121e-07, Param MSE = 7.801567e-06, Grad norm = 2.464800e-07, Beta update rate = 1.116907e-08
Epoch 335800 (6.7%): Train pred MSE = 2.430977e-09, Test pred MSE = 7.570954e-07, Param MSE = 7.801398e-06, Grad norm = 2.461480e-07, Beta update rate = 1.115289e-08
Epoch 336000 (6.7%): Train pred MSE = 2.424926e-09, Test pred MSE = 7.570787e-07, Param MSE = 7.801229e-06, Grad norm = 2.458165e-07, Beta update rate = 1.113675e-08
Epoch 336200 (6.7%): Train pred MSE = 2.418892e-09, Test pred MSE = 7.570621e-07, Param MSE = 7.801061e-06, Grad norm = 2.454856e-07, Beta update rate = 1.112062e-08
Epoch 336400 (6.7%): Train pred MSE = 2.412874e-09, Test pred MSE = 7.570455e-07, Param MSE = 7.800893e-06, Grad norm = 2.451552e-07, Beta update rate = 1.110453e-08
Epoch 336600 (6.7%): Train pred MSE = 2.406872e-09, Test pred MSE = 7.570289e-07, Param MSE = 7.800725e-06, Grad norm = 2.448253e-07, Beta update rate = 1.108847e-08
Epoch 336800 (6.7%): Train pred MSE = 2.400886e-09, Test pred MSE = 7.570123e-07, Param MSE = 7.800557e-06, Grad norm = 2.444960e-07, Beta update rate = 1.107243e-08
Epoch 337000 (6.7%): Train pred MSE = 2.394916e-09, Test pred MSE = 7.569958e-07, Param MSE = 7.800389e-06, Grad norm = 2.441672e-07, Beta update rate = 1.105643e-08
Epoch 337200 (6.7%): Train pred MSE = 2.388963e-09, Test pred MSE = 7.569793e-07, Param MSE = 7.800222e-06, Grad norm = 2.438390e-07, Beta update rate = 1.104045e-08
Epoch 337400 (6.7%): Train pred MSE = 2.383025e-09, Test pred MSE = 7.569629e-07, Param MSE = 7.800056e-06, Grad norm = 2.435112e-07, Beta update rate = 1.102450e-08
Epoch 337600 (6.8%): Train pred MSE = 2.377103e-09, Test pred MSE = 7.569464e-07, Param MSE = 7.799889e-06, Grad norm = 2.431840e-07, Beta update rate = 1.100858e-08
Epoch 337800 (6.8%): Train pred MSE = 2.371197e-09, Test pred MSE = 7.569300e-07, Param MSE = 7.799723e-06, Grad norm = 2.428574e-07, Beta update rate = 1.099268e-08
Epoch 338000 (6.8%): Train pred MSE = 2.365307e-09, Test pred MSE = 7.569137e-07, Param MSE = 7.799557e-06, Grad norm = 2.425312e-07, Beta update rate = 1.097682e-08
Epoch 338200 (6.8%): Train pred MSE = 2.359433e-09, Test pred MSE = 7.568973e-07, Param MSE = 7.799391e-06, Grad norm = 2.422056e-07, Beta update rate = 1.096098e-08
Epoch 338400 (6.8%): Train pred MSE = 2.353575e-09, Test pred MSE = 7.568810e-07, Param MSE = 7.799226e-06, Grad norm = 2.418806e-07, Beta update rate = 1.094517e-08
Epoch 338600 (6.8%): Train pred MSE = 2.347732e-09, Test pred MSE = 7.568647e-07, Param MSE = 7.799061e-06, Grad norm = 2.415560e-07, Beta update rate = 1.092938e-08
Epoch 338800 (6.8%): Train pred MSE = 2.341905e-09, Test pred MSE = 7.568484e-07, Param MSE = 7.798896e-06, Grad norm = 2.412320e-07, Beta update rate = 1.091363e-08
Epoch 339000 (6.8%): Train pred MSE = 2.336093e-09, Test pred MSE = 7.568322e-07, Param MSE = 7.798732e-06, Grad norm = 2.409084e-07, Beta update rate = 1.089790e-08
Epoch 339200 (6.8%): Train pred MSE = 2.330298e-09, Test pred MSE = 7.568160e-07, Param MSE = 7.798568e-06, Grad norm = 2.405855e-07, Beta update rate = 1.088220e-08
Epoch 339400 (6.8%): Train pred MSE = 2.324517e-09, Test pred MSE = 7.567998e-07, Param MSE = 7.798404e-06, Grad norm = 2.402630e-07, Beta update rate = 1.086653e-08
Epoch 339600 (6.8%): Train pred MSE = 2.318752e-09, Test pred MSE = 7.567837e-07, Param MSE = 7.798240e-06, Grad norm = 2.399410e-07, Beta update rate = 1.085089e-08
Epoch 339800 (6.8%): Train pred MSE = 2.313003e-09, Test pred MSE = 7.567676e-07, Param MSE = 7.798077e-06, Grad norm = 2.396196e-07, Beta update rate = 1.083527e-08
Epoch 340000 (6.8%): Train pred MSE = 2.307269e-09, Test pred MSE = 7.567515e-07, Param MSE = 7.797914e-06, Grad norm = 2.392987e-07, Beta update rate = 1.081968e-08
Epoch 340200 (6.8%): Train pred MSE = 2.301550e-09, Test pred MSE = 7.567354e-07, Param MSE = 7.797751e-06, Grad norm = 2.389783e-07, Beta update rate = 1.080412e-08
Epoch 340400 (6.8%): Train pred MSE = 2.295847e-09, Test pred MSE = 7.567194e-07, Param MSE = 7.797589e-06, Grad norm = 2.386584e-07, Beta update rate = 1.078859e-08
Epoch 340600 (6.8%): Train pred MSE = 2.290159e-09, Test pred MSE = 7.567034e-07, Param MSE = 7.797427e-06, Grad norm = 2.383390e-07, Beta update rate = 1.077308e-08
Epoch 340800 (6.8%): Train pred MSE = 2.284486e-09, Test pred MSE = 7.566874e-07, Param MSE = 7.797265e-06, Grad norm = 2.380202e-07, Beta update rate = 1.075760e-08
Epoch 341000 (6.8%): Train pred MSE = 2.278828e-09, Test pred MSE = 7.566715e-07, Param MSE = 7.797103e-06, Grad norm = 2.377018e-07, Beta update rate = 1.074214e-08
Epoch 341200 (6.8%): Train pred MSE = 2.273186e-09, Test pred MSE = 7.566556e-07, Param MSE = 7.796942e-06, Grad norm = 2.373840e-07, Beta update rate = 1.072672e-08
Epoch 341400 (6.8%): Train pred MSE = 2.267558e-09, Test pred MSE = 7.566397e-07, Param MSE = 7.796781e-06, Grad norm = 2.370667e-07, Beta update rate = 1.071132e-08
Epoch 341600 (6.8%): Train pred MSE = 2.261946e-09, Test pred MSE = 7.566238e-07, Param MSE = 7.796620e-06, Grad norm = 2.367499e-07, Beta update rate = 1.069595e-08
Epoch 341800 (6.8%): Train pred MSE = 2.256348e-09, Test pred MSE = 7.566080e-07, Param MSE = 7.796460e-06, Grad norm = 2.364336e-07, Beta update rate = 1.068060e-08
Epoch 342000 (6.8%): Train pred MSE = 2.250766e-09, Test pred MSE = 7.565922e-07, Param MSE = 7.796300e-06, Grad norm = 2.361178e-07, Beta update rate = 1.066528e-08
Epoch 342200 (6.8%): Train pred MSE = 2.245198e-09, Test pred MSE = 7.565764e-07, Param MSE = 7.796140e-06, Grad norm = 2.358025e-07, Beta update rate = 1.064999e-08
Epoch 342400 (6.8%): Train pred MSE = 2.239645e-09, Test pred MSE = 7.565606e-07, Param MSE = 7.795981e-06, Grad norm = 2.354877e-07, Beta update rate = 1.063473e-08
Epoch 342600 (6.9%): Train pred MSE = 2.234107e-09, Test pred MSE = 7.565449e-07, Param MSE = 7.795821e-06, Grad norm = 2.351734e-07, Beta update rate = 1.061949e-08
Epoch 342800 (6.9%): Train pred MSE = 2.228584e-09, Test pred MSE = 7.565292e-07, Param MSE = 7.795662e-06, Grad norm = 2.348596e-07, Beta update rate = 1.060428e-08
Epoch 343000 (6.9%): Train pred MSE = 2.223075e-09, Test pred MSE = 7.565135e-07, Param MSE = 7.795503e-06, Grad norm = 2.345463e-07, Beta update rate = 1.058909e-08
Epoch 343200 (6.9%): Train pred MSE = 2.217582e-09, Test pred MSE = 7.564979e-07, Param MSE = 7.795345e-06, Grad norm = 2.342336e-07, Beta update rate = 1.057393e-08
Epoch 343400 (6.9%): Train pred MSE = 2.212102e-09, Test pred MSE = 7.564823e-07, Param MSE = 7.795187e-06, Grad norm = 2.339213e-07, Beta update rate = 1.055880e-08
Epoch 343600 (6.9%): Train pred MSE = 2.206638e-09, Test pred MSE = 7.564667e-07, Param MSE = 7.795029e-06, Grad norm = 2.336095e-07, Beta update rate = 1.054370e-08
Epoch 343800 (6.9%): Train pred MSE = 2.201188e-09, Test pred MSE = 7.564511e-07, Param MSE = 7.794871e-06, Grad norm = 2.332982e-07, Beta update rate = 1.052862e-08
Epoch 344000 (6.9%): Train pred MSE = 2.195752e-09, Test pred MSE = 7.564356e-07, Param MSE = 7.794714e-06, Grad norm = 2.329875e-07, Beta update rate = 1.051356e-08
Epoch 344200 (6.9%): Train pred MSE = 2.190331e-09, Test pred MSE = 7.564201e-07, Param MSE = 7.794557e-06, Grad norm = 2.326772e-07, Beta update rate = 1.049854e-08
Epoch 344400 (6.9%): Train pred MSE = 2.184925e-09, Test pred MSE = 7.564046e-07, Param MSE = 7.794400e-06, Grad norm = 2.323674e-07, Beta update rate = 1.048354e-08
Epoch 344600 (6.9%): Train pred MSE = 2.179533e-09, Test pred MSE = 7.563892e-07, Param MSE = 7.794244e-06, Grad norm = 2.320581e-07, Beta update rate = 1.046856e-08
Epoch 344800 (6.9%): Train pred MSE = 2.174155e-09, Test pred MSE = 7.563737e-07, Param MSE = 7.794087e-06, Grad norm = 2.317493e-07, Beta update rate = 1.045361e-08
Epoch 345000 (6.9%): Train pred MSE = 2.168791e-09, Test pred MSE = 7.563583e-07, Param MSE = 7.793931e-06, Grad norm = 2.314410e-07, Beta update rate = 1.043869e-08
Epoch 345200 (6.9%): Train pred MSE = 2.163442e-09, Test pred MSE = 7.563430e-07, Param MSE = 7.793776e-06, Grad norm = 2.311331e-07, Beta update rate = 1.042379e-08
Epoch 345400 (6.9%): Train pred MSE = 2.158107e-09, Test pred MSE = 7.563276e-07, Param MSE = 7.793620e-06, Grad norm = 2.308258e-07, Beta update rate = 1.040892e-08
Epoch 345600 (6.9%): Train pred MSE = 2.152786e-09, Test pred MSE = 7.563123e-07, Param MSE = 7.793465e-06, Grad norm = 2.305190e-07, Beta update rate = 1.039408e-08
Epoch 345800 (6.9%): Train pred MSE = 2.147479e-09, Test pred MSE = 7.562970e-07, Param MSE = 7.793310e-06, Grad norm = 2.302126e-07, Beta update rate = 1.037926e-08
Epoch 346000 (6.9%): Train pred MSE = 2.142186e-09, Test pred MSE = 7.562817e-07, Param MSE = 7.793156e-06, Grad norm = 2.299068e-07, Beta update rate = 1.036446e-08
Epoch 346200 (6.9%): Train pred MSE = 2.136908e-09, Test pred MSE = 7.562665e-07, Param MSE = 7.793001e-06, Grad norm = 2.296014e-07, Beta update rate = 1.034969e-08
Epoch 346400 (6.9%): Train pred MSE = 2.131643e-09, Test pred MSE = 7.562513e-07, Param MSE = 7.792847e-06, Grad norm = 2.292965e-07, Beta update rate = 1.033495e-08
Epoch 346600 (6.9%): Train pred MSE = 2.126392e-09, Test pred MSE = 7.562361e-07, Param MSE = 7.792694e-06, Grad norm = 2.289921e-07, Beta update rate = 1.032023e-08
Epoch 346800 (6.9%): Train pred MSE = 2.121156e-09, Test pred MSE = 7.562210e-07, Param MSE = 7.792540e-06, Grad norm = 2.286881e-07, Beta update rate = 1.030554e-08
Epoch 347000 (6.9%): Train pred MSE = 2.115933e-09, Test pred MSE = 7.562058e-07, Param MSE = 7.792387e-06, Grad norm = 2.283847e-07, Beta update rate = 1.029088e-08
Epoch 347200 (6.9%): Train pred MSE = 2.110724e-09, Test pred MSE = 7.561907e-07, Param MSE = 7.792234e-06, Grad norm = 2.280817e-07, Beta update rate = 1.027623e-08
Epoch 347400 (6.9%): Train pred MSE = 2.105529e-09, Test pred MSE = 7.561756e-07, Param MSE = 7.792081e-06, Grad norm = 2.277792e-07, Beta update rate = 1.026162e-08
Epoch 347600 (7.0%): Train pred MSE = 2.100347e-09, Test pred MSE = 7.561606e-07, Param MSE = 7.791929e-06, Grad norm = 2.274772e-07, Beta update rate = 1.024703e-08
Epoch 347800 (7.0%): Train pred MSE = 2.095180e-09, Test pred MSE = 7.561456e-07, Param MSE = 7.791776e-06, Grad norm = 2.271757e-07, Beta update rate = 1.023246e-08
Epoch 348000 (7.0%): Train pred MSE = 2.090026e-09, Test pred MSE = 7.561306e-07, Param MSE = 7.791625e-06, Grad norm = 2.268747e-07, Beta update rate = 1.021792e-08
Epoch 348200 (7.0%): Train pred MSE = 2.084885e-09, Test pred MSE = 7.561156e-07, Param MSE = 7.791473e-06, Grad norm = 2.265741e-07, Beta update rate = 1.020341e-08
Epoch 348400 (7.0%): Train pred MSE = 2.079758e-09, Test pred MSE = 7.561006e-07, Param MSE = 7.791321e-06, Grad norm = 2.262740e-07, Beta update rate = 1.018892e-08
Epoch 348600 (7.0%): Train pred MSE = 2.074645e-09, Test pred MSE = 7.560857e-07, Param MSE = 7.791170e-06, Grad norm = 2.259744e-07, Beta update rate = 1.017445e-08
Epoch 348800 (7.0%): Train pred MSE = 2.069546e-09, Test pred MSE = 7.560708e-07, Param MSE = 7.791019e-06, Grad norm = 2.256752e-07, Beta update rate = 1.016001e-08
Epoch 349000 (7.0%): Train pred MSE = 2.064460e-09, Test pred MSE = 7.560559e-07, Param MSE = 7.790869e-06, Grad norm = 2.253766e-07, Beta update rate = 1.014560e-08
Epoch 349200 (7.0%): Train pred MSE = 2.059387e-09, Test pred MSE = 7.560411e-07, Param MSE = 7.790719e-06, Grad norm = 2.250784e-07, Beta update rate = 1.013121e-08
Epoch 349400 (7.0%): Train pred MSE = 2.054328e-09, Test pred MSE = 7.560263e-07, Param MSE = 7.790568e-06, Grad norm = 2.247806e-07, Beta update rate = 1.011684e-08
Epoch 349600 (7.0%): Train pred MSE = 2.049282e-09, Test pred MSE = 7.560115e-07, Param MSE = 7.790419e-06, Grad norm = 2.244834e-07, Beta update rate = 1.010250e-08
Epoch 349800 (7.0%): Train pred MSE = 2.044249e-09, Test pred MSE = 7.559967e-07, Param MSE = 7.790269e-06, Grad norm = 2.241866e-07, Beta update rate = 1.008818e-08
Epoch 350000 (7.0%): Train pred MSE = 2.039230e-09, Test pred MSE = 7.559820e-07, Param MSE = 7.790120e-06, Grad norm = 2.238902e-07, Beta update rate = 1.007389e-08
Epoch 350200 (7.0%): Train pred MSE = 2.034224e-09, Test pred MSE = 7.559673e-07, Param MSE = 7.789971e-06, Grad norm = 2.235944e-07, Beta update rate = 1.005962e-08
Epoch 350400 (7.0%): Train pred MSE = 2.029231e-09, Test pred MSE = 7.559526e-07, Param MSE = 7.789822e-06, Grad norm = 2.232990e-07, Beta update rate = 1.004538e-08
Epoch 350600 (7.0%): Train pred MSE = 2.024251e-09, Test pred MSE = 7.559379e-07, Param MSE = 7.789673e-06, Grad norm = 2.230041e-07, Beta update rate = 1.003116e-08
Epoch 350800 (7.0%): Train pred MSE = 2.019285e-09, Test pred MSE = 7.559233e-07, Param MSE = 7.789525e-06, Grad norm = 2.227096e-07, Beta update rate = 1.001697e-08
Epoch 351000 (7.0%): Train pred MSE = 2.014332e-09, Test pred MSE = 7.559087e-07, Param MSE = 7.789377e-06, Grad norm = 2.224156e-07, Beta update rate = 1.000280e-08
Epoch 351200 (7.0%): Train pred MSE = 2.009391e-09, Test pred MSE = 7.558941e-07, Param MSE = 7.789229e-06, Grad norm = 2.221221e-07, Beta update rate = 9.988653e-09
Epoch 351400 (7.0%): Train pred MSE = 2.004464e-09, Test pred MSE = 7.558795e-07, Param MSE = 7.789082e-06, Grad norm = 2.218290e-07, Beta update rate = 9.974532e-09
Epoch 351600 (7.0%): Train pred MSE = 1.999550e-09, Test pred MSE = 7.558650e-07, Param MSE = 7.788935e-06, Grad norm = 2.215364e-07, Beta update rate = 9.960435e-09
Epoch 351800 (7.0%): Train pred MSE = 1.994648e-09, Test pred MSE = 7.558504e-07, Param MSE = 7.788788e-06, Grad norm = 2.212442e-07, Beta update rate = 9.946362e-09
Epoch 352000 (7.0%): Train pred MSE = 1.989760e-09, Test pred MSE = 7.558360e-07, Param MSE = 7.788641e-06, Grad norm = 2.209525e-07, Beta update rate = 9.932313e-09
Epoch 352200 (7.0%): Train pred MSE = 1.984885e-09, Test pred MSE = 7.558215e-07, Param MSE = 7.788495e-06, Grad norm = 2.206613e-07, Beta update rate = 9.918289e-09
Epoch 352400 (7.0%): Train pred MSE = 1.980022e-09, Test pred MSE = 7.558071e-07, Param MSE = 7.788348e-06, Grad norm = 2.203705e-07, Beta update rate = 9.904288e-09
Epoch 352600 (7.1%): Train pred MSE = 1.975172e-09, Test pred MSE = 7.557926e-07, Param MSE = 7.788202e-06, Grad norm = 2.200802e-07, Beta update rate = 9.890311e-09
Epoch 352800 (7.1%): Train pred MSE = 1.970335e-09, Test pred MSE = 7.557783e-07, Param MSE = 7.788057e-06, Grad norm = 2.197903e-07, Beta update rate = 9.876358e-09
Epoch 353000 (7.1%): Train pred MSE = 1.965510e-09, Test pred MSE = 7.557639e-07, Param MSE = 7.787911e-06, Grad norm = 2.195009e-07, Beta update rate = 9.862429e-09
Epoch 353200 (7.1%): Train pred MSE = 1.960699e-09, Test pred MSE = 7.557495e-07, Param MSE = 7.787766e-06, Grad norm = 2.192120e-07, Beta update rate = 9.848523e-09
Epoch 353400 (7.1%): Train pred MSE = 1.955900e-09, Test pred MSE = 7.557352e-07, Param MSE = 7.787621e-06, Grad norm = 2.189235e-07, Beta update rate = 9.834642e-09
Epoch 353600 (7.1%): Train pred MSE = 1.951113e-09, Test pred MSE = 7.557209e-07, Param MSE = 7.787476e-06, Grad norm = 2.186354e-07, Beta update rate = 9.820784e-09
Epoch 353800 (7.1%): Train pred MSE = 1.946340e-09, Test pred MSE = 7.557067e-07, Param MSE = 7.787332e-06, Grad norm = 2.183478e-07, Beta update rate = 9.806949e-09
Epoch 354000 (7.1%): Train pred MSE = 1.941578e-09, Test pred MSE = 7.556924e-07, Param MSE = 7.787188e-06, Grad norm = 2.180607e-07, Beta update rate = 9.793138e-09
Epoch 354200 (7.1%): Train pred MSE = 1.936830e-09, Test pred MSE = 7.556782e-07, Param MSE = 7.787044e-06, Grad norm = 2.177740e-07, Beta update rate = 9.779351e-09
Epoch 354400 (7.1%): Train pred MSE = 1.932093e-09, Test pred MSE = 7.556640e-07, Param MSE = 7.786900e-06, Grad norm = 2.174877e-07, Beta update rate = 9.765587e-09
Epoch 354600 (7.1%): Train pred MSE = 1.927369e-09, Test pred MSE = 7.556499e-07, Param MSE = 7.786757e-06, Grad norm = 2.172019e-07, Beta update rate = 9.751847e-09
Epoch 354800 (7.1%): Train pred MSE = 1.922658e-09, Test pred MSE = 7.556357e-07, Param MSE = 7.786613e-06, Grad norm = 2.169165e-07, Beta update rate = 9.738130e-09
Epoch 355000 (7.1%): Train pred MSE = 1.917959e-09, Test pred MSE = 7.556216e-07, Param MSE = 7.786470e-06, Grad norm = 2.166316e-07, Beta update rate = 9.724436e-09
Epoch 355200 (7.1%): Train pred MSE = 1.913272e-09, Test pred MSE = 7.556075e-07, Param MSE = 7.786328e-06, Grad norm = 2.163472e-07, Beta update rate = 9.710765e-09
Epoch 355400 (7.1%): Train pred MSE = 1.908598e-09, Test pred MSE = 7.555934e-07, Param MSE = 7.786185e-06, Grad norm = 2.160631e-07, Beta update rate = 9.697118e-09
Epoch 355600 (7.1%): Train pred MSE = 1.903936e-09, Test pred MSE = 7.555794e-07, Param MSE = 7.786043e-06, Grad norm = 2.157795e-07, Beta update rate = 9.683494e-09
Epoch 355800 (7.1%): Train pred MSE = 1.899286e-09, Test pred MSE = 7.555654e-07, Param MSE = 7.785901e-06, Grad norm = 2.154964e-07, Beta update rate = 9.669893e-09
Epoch 356000 (7.1%): Train pred MSE = 1.894648e-09, Test pred MSE = 7.555514e-07, Param MSE = 7.785759e-06, Grad norm = 2.152137e-07, Beta update rate = 9.656315e-09
Epoch 356200 (7.1%): Train pred MSE = 1.890022e-09, Test pred MSE = 7.555374e-07, Param MSE = 7.785618e-06, Grad norm = 2.149314e-07, Beta update rate = 9.642760e-09
Epoch 356400 (7.1%): Train pred MSE = 1.885409e-09, Test pred MSE = 7.555234e-07, Param MSE = 7.785476e-06, Grad norm = 2.146496e-07, Beta update rate = 9.629228e-09
Epoch 356600 (7.1%): Train pred MSE = 1.880808e-09, Test pred MSE = 7.555095e-07, Param MSE = 7.785335e-06, Grad norm = 2.143682e-07, Beta update rate = 9.615719e-09
Epoch 356800 (7.1%): Train pred MSE = 1.876218e-09, Test pred MSE = 7.554956e-07, Param MSE = 7.785195e-06, Grad norm = 2.140873e-07, Beta update rate = 9.602233e-09
Epoch 357000 (7.1%): Train pred MSE = 1.871641e-09, Test pred MSE = 7.554817e-07, Param MSE = 7.785054e-06, Grad norm = 2.138068e-07, Beta update rate = 9.588770e-09
Epoch 357200 (7.1%): Train pred MSE = 1.867076e-09, Test pred MSE = 7.554679e-07, Param MSE = 7.784914e-06, Grad norm = 2.135267e-07, Beta update rate = 9.575330e-09
Epoch 357400 (7.1%): Train pred MSE = 1.862522e-09, Test pred MSE = 7.554540e-07, Param MSE = 7.784774e-06, Grad norm = 2.132471e-07, Beta update rate = 9.561912e-09
Epoch 357600 (7.2%): Train pred MSE = 1.857981e-09, Test pred MSE = 7.554402e-07, Param MSE = 7.784634e-06, Grad norm = 2.129679e-07, Beta update rate = 9.548517e-09
Epoch 357800 (7.2%): Train pred MSE = 1.853451e-09, Test pred MSE = 7.554265e-07, Param MSE = 7.784495e-06, Grad norm = 2.126891e-07, Beta update rate = 9.535144e-09
Epoch 358000 (7.2%): Train pred MSE = 1.848934e-09, Test pred MSE = 7.554127e-07, Param MSE = 7.784355e-06, Grad norm = 2.124108e-07, Beta update rate = 9.521794e-09
Epoch 358200 (7.2%): Train pred MSE = 1.844428e-09, Test pred MSE = 7.553990e-07, Param MSE = 7.784216e-06, Grad norm = 2.121329e-07, Beta update rate = 9.508467e-09
Epoch 358400 (7.2%): Train pred MSE = 1.839934e-09, Test pred MSE = 7.553852e-07, Param MSE = 7.784077e-06, Grad norm = 2.118554e-07, Beta update rate = 9.495162e-09
Epoch 358600 (7.2%): Train pred MSE = 1.835451e-09, Test pred MSE = 7.553716e-07, Param MSE = 7.783939e-06, Grad norm = 2.115784e-07, Beta update rate = 9.481880e-09
Epoch 358800 (7.2%): Train pred MSE = 1.830981e-09, Test pred MSE = 7.553579e-07, Param MSE = 7.783800e-06, Grad norm = 2.113018e-07, Beta update rate = 9.468620e-09
Epoch 359000 (7.2%): Train pred MSE = 1.826522e-09, Test pred MSE = 7.553442e-07, Param MSE = 7.783662e-06, Grad norm = 2.110256e-07, Beta update rate = 9.455382e-09
Epoch 359200 (7.2%): Train pred MSE = 1.822074e-09, Test pred MSE = 7.553306e-07, Param MSE = 7.783524e-06, Grad norm = 2.107499e-07, Beta update rate = 9.442167e-09
Epoch 359400 (7.2%): Train pred MSE = 1.817639e-09, Test pred MSE = 7.553170e-07, Param MSE = 7.783387e-06, Grad norm = 2.104745e-07, Beta update rate = 9.428974e-09
Epoch 359600 (7.2%): Train pred MSE = 1.813215e-09, Test pred MSE = 7.553035e-07, Param MSE = 7.783249e-06, Grad norm = 2.101996e-07, Beta update rate = 9.415803e-09
Epoch 359800 (7.2%): Train pred MSE = 1.808802e-09, Test pred MSE = 7.552899e-07, Param MSE = 7.783112e-06, Grad norm = 2.099252e-07, Beta update rate = 9.402655e-09
Epoch 360000 (7.2%): Train pred MSE = 1.804401e-09, Test pred MSE = 7.552764e-07, Param MSE = 7.782975e-06, Grad norm = 2.096511e-07, Beta update rate = 9.389528e-09
Epoch 360200 (7.2%): Train pred MSE = 1.800011e-09, Test pred MSE = 7.552629e-07, Param MSE = 7.782838e-06, Grad norm = 2.093775e-07, Beta update rate = 9.376424e-09
Epoch 360400 (7.2%): Train pred MSE = 1.795633e-09, Test pred MSE = 7.552494e-07, Param MSE = 7.782702e-06, Grad norm = 2.091043e-07, Beta update rate = 9.363341e-09
Epoch 360600 (7.2%): Train pred MSE = 1.791267e-09, Test pred MSE = 7.552359e-07, Param MSE = 7.782566e-06, Grad norm = 2.088315e-07, Beta update rate = 9.350281e-09
Epoch 360800 (7.2%): Train pred MSE = 1.786911e-09, Test pred MSE = 7.552225e-07, Param MSE = 7.782430e-06, Grad norm = 2.085591e-07, Beta update rate = 9.337242e-09
Epoch 361000 (7.2%): Train pred MSE = 1.782567e-09, Test pred MSE = 7.552091e-07, Param MSE = 7.782294e-06, Grad norm = 2.082872e-07, Beta update rate = 9.324226e-09
Epoch 361200 (7.2%): Train pred MSE = 1.778235e-09, Test pred MSE = 7.551957e-07, Param MSE = 7.782158e-06, Grad norm = 2.080157e-07, Beta update rate = 9.311231e-09
Epoch 361400 (7.2%): Train pred MSE = 1.773913e-09, Test pred MSE = 7.551823e-07, Param MSE = 7.782023e-06, Grad norm = 2.077446e-07, Beta update rate = 9.298258e-09
Epoch 361600 (7.2%): Train pred MSE = 1.769603e-09, Test pred MSE = 7.551690e-07, Param MSE = 7.781888e-06, Grad norm = 2.074739e-07, Beta update rate = 9.285307e-09
Epoch 361800 (7.2%): Train pred MSE = 1.765304e-09, Test pred MSE = 7.551557e-07, Param MSE = 7.781753e-06, Grad norm = 2.072036e-07, Beta update rate = 9.272377e-09
Epoch 362000 (7.2%): Train pred MSE = 1.761016e-09, Test pred MSE = 7.551424e-07, Param MSE = 7.781618e-06, Grad norm = 2.069338e-07, Beta update rate = 9.259469e-09
Epoch 362200 (7.2%): Train pred MSE = 1.756740e-09, Test pred MSE = 7.551291e-07, Param MSE = 7.781484e-06, Grad norm = 2.066644e-07, Beta update rate = 9.246583e-09
Epoch 362400 (7.2%): Train pred MSE = 1.752475e-09, Test pred MSE = 7.551158e-07, Param MSE = 7.781350e-06, Grad norm = 2.063954e-07, Beta update rate = 9.233718e-09
Epoch 362600 (7.3%): Train pred MSE = 1.748220e-09, Test pred MSE = 7.551026e-07, Param MSE = 7.781216e-06, Grad norm = 2.061267e-07, Beta update rate = 9.220875e-09
Epoch 362800 (7.3%): Train pred MSE = 1.743977e-09, Test pred MSE = 7.550894e-07, Param MSE = 7.781082e-06, Grad norm = 2.058586e-07, Beta update rate = 9.208054e-09
Epoch 363000 (7.3%): Train pred MSE = 1.739745e-09, Test pred MSE = 7.550762e-07, Param MSE = 7.780949e-06, Grad norm = 2.055908e-07, Beta update rate = 9.195254e-09
Epoch 363200 (7.3%): Train pred MSE = 1.735524e-09, Test pred MSE = 7.550630e-07, Param MSE = 7.780815e-06, Grad norm = 2.053234e-07, Beta update rate = 9.182475e-09
Epoch 363400 (7.3%): Train pred MSE = 1.731313e-09, Test pred MSE = 7.550499e-07, Param MSE = 7.780682e-06, Grad norm = 2.050565e-07, Beta update rate = 9.169717e-09
Epoch 363600 (7.3%): Train pred MSE = 1.727114e-09, Test pred MSE = 7.550368e-07, Param MSE = 7.780550e-06, Grad norm = 2.047899e-07, Beta update rate = 9.156981e-09
Epoch 363800 (7.3%): Train pred MSE = 1.722926e-09, Test pred MSE = 7.550237e-07, Param MSE = 7.780417e-06, Grad norm = 2.045238e-07, Beta update rate = 9.144266e-09
Epoch 364000 (7.3%): Train pred MSE = 1.718748e-09, Test pred MSE = 7.550106e-07, Param MSE = 7.780285e-06, Grad norm = 2.042581e-07, Beta update rate = 9.131573e-09
Epoch 364200 (7.3%): Train pred MSE = 1.714581e-09, Test pred MSE = 7.549976e-07, Param MSE = 7.780153e-06, Grad norm = 2.039927e-07, Beta update rate = 9.118900e-09
Epoch 364400 (7.3%): Train pred MSE = 1.710425e-09, Test pred MSE = 7.549845e-07, Param MSE = 7.780021e-06, Grad norm = 2.037278e-07, Beta update rate = 9.106249e-09
Epoch 364600 (7.3%): Train pred MSE = 1.706280e-09, Test pred MSE = 7.549715e-07, Param MSE = 7.779889e-06, Grad norm = 2.034633e-07, Beta update rate = 9.093619e-09
Epoch 364800 (7.3%): Train pred MSE = 1.702146e-09, Test pred MSE = 7.549585e-07, Param MSE = 7.779758e-06, Grad norm = 2.031992e-07, Beta update rate = 9.081009e-09
Epoch 365000 (7.3%): Train pred MSE = 1.698022e-09, Test pred MSE = 7.549456e-07, Param MSE = 7.779626e-06, Grad norm = 2.029355e-07, Beta update rate = 9.068421e-09
Epoch 365200 (7.3%): Train pred MSE = 1.693910e-09, Test pred MSE = 7.549326e-07, Param MSE = 7.779495e-06, Grad norm = 2.026723e-07, Beta update rate = 9.055854e-09
Epoch 365400 (7.3%): Train pred MSE = 1.689807e-09, Test pred MSE = 7.549197e-07, Param MSE = 7.779364e-06, Grad norm = 2.024094e-07, Beta update rate = 9.043307e-09
Epoch 365600 (7.3%): Train pred MSE = 1.685716e-09, Test pred MSE = 7.549068e-07, Param MSE = 7.779234e-06, Grad norm = 2.021469e-07, Beta update rate = 9.030782e-09
Epoch 365800 (7.3%): Train pred MSE = 1.681635e-09, Test pred MSE = 7.548939e-07, Param MSE = 7.779104e-06, Grad norm = 2.018848e-07, Beta update rate = 9.018277e-09
Epoch 366000 (7.3%): Train pred MSE = 1.677564e-09, Test pred MSE = 7.548811e-07, Param MSE = 7.778973e-06, Grad norm = 2.016231e-07, Beta update rate = 9.005793e-09
Epoch 366200 (7.3%): Train pred MSE = 1.673504e-09, Test pred MSE = 7.548682e-07, Param MSE = 7.778844e-06, Grad norm = 2.013618e-07, Beta update rate = 8.993330e-09
Epoch 366400 (7.3%): Train pred MSE = 1.669455e-09, Test pred MSE = 7.548554e-07, Param MSE = 7.778714e-06, Grad norm = 2.011010e-07, Beta update rate = 8.980888e-09
Epoch 366600 (7.3%): Train pred MSE = 1.665416e-09, Test pred MSE = 7.548426e-07, Param MSE = 7.778584e-06, Grad norm = 2.008405e-07, Beta update rate = 8.968466e-09
Epoch 366800 (7.3%): Train pred MSE = 1.661388e-09, Test pred MSE = 7.548299e-07, Param MSE = 7.778455e-06, Grad norm = 2.005804e-07, Beta update rate = 8.956065e-09
Epoch 367000 (7.3%): Train pred MSE = 1.657370e-09, Test pred MSE = 7.548171e-07, Param MSE = 7.778326e-06, Grad norm = 2.003207e-07, Beta update rate = 8.943684e-09
Epoch 367200 (7.3%): Train pred MSE = 1.653362e-09, Test pred MSE = 7.548044e-07, Param MSE = 7.778197e-06, Grad norm = 2.000614e-07, Beta update rate = 8.931324e-09
Epoch 367400 (7.3%): Train pred MSE = 1.649365e-09, Test pred MSE = 7.547917e-07, Param MSE = 7.778069e-06, Grad norm = 1.998025e-07, Beta update rate = 8.918985e-09
Epoch 367600 (7.4%): Train pred MSE = 1.645378e-09, Test pred MSE = 7.547790e-07, Param MSE = 7.777940e-06, Grad norm = 1.995440e-07, Beta update rate = 8.906666e-09
Epoch 367800 (7.4%): Train pred MSE = 1.641401e-09, Test pred MSE = 7.547664e-07, Param MSE = 7.777812e-06, Grad norm = 1.992859e-07, Beta update rate = 8.894367e-09
Epoch 368000 (7.4%): Train pred MSE = 1.637435e-09, Test pred MSE = 7.547537e-07, Param MSE = 7.777684e-06, Grad norm = 1.990282e-07, Beta update rate = 8.882089e-09
Epoch 368200 (7.4%): Train pred MSE = 1.633479e-09, Test pred MSE = 7.547411e-07, Param MSE = 7.777557e-06, Grad norm = 1.987709e-07, Beta update rate = 8.869831e-09
Epoch 368400 (7.4%): Train pred MSE = 1.629533e-09, Test pred MSE = 7.547285e-07, Param MSE = 7.777429e-06, Grad norm = 1.985139e-07, Beta update rate = 8.857593e-09
Epoch 368600 (7.4%): Train pred MSE = 1.625598e-09, Test pred MSE = 7.547159e-07, Param MSE = 7.777302e-06, Grad norm = 1.982574e-07, Beta update rate = 8.845375e-09
Epoch 368800 (7.4%): Train pred MSE = 1.621672e-09, Test pred MSE = 7.547034e-07, Param MSE = 7.777175e-06, Grad norm = 1.980013e-07, Beta update rate = 8.833178e-09
Epoch 369000 (7.4%): Train pred MSE = 1.617757e-09, Test pred MSE = 7.546908e-07, Param MSE = 7.777048e-06, Grad norm = 1.977455e-07, Beta update rate = 8.821001e-09
Epoch 369200 (7.4%): Train pred MSE = 1.613851e-09, Test pred MSE = 7.546783e-07, Param MSE = 7.776921e-06, Grad norm = 1.974901e-07, Beta update rate = 8.808844e-09
Epoch 369400 (7.4%): Train pred MSE = 1.609956e-09, Test pred MSE = 7.546658e-07, Param MSE = 7.776795e-06, Grad norm = 1.972351e-07, Beta update rate = 8.796707e-09
Epoch 369600 (7.4%): Train pred MSE = 1.606071e-09, Test pred MSE = 7.546534e-07, Param MSE = 7.776669e-06, Grad norm = 1.969806e-07, Beta update rate = 8.784590e-09
Epoch 369800 (7.4%): Train pred MSE = 1.602196e-09, Test pred MSE = 7.546409e-07, Param MSE = 7.776543e-06, Grad norm = 1.967263e-07, Beta update rate = 8.772493e-09
Epoch 370000 (7.4%): Train pred MSE = 1.598331e-09, Test pred MSE = 7.546285e-07, Param MSE = 7.776417e-06, Grad norm = 1.964725e-07, Beta update rate = 8.760416e-09
Epoch 370200 (7.4%): Train pred MSE = 1.594476e-09, Test pred MSE = 7.546161e-07, Param MSE = 7.776291e-06, Grad norm = 1.962191e-07, Beta update rate = 8.748359e-09
Epoch 370400 (7.4%): Train pred MSE = 1.590631e-09, Test pred MSE = 7.546037e-07, Param MSE = 7.776166e-06, Grad norm = 1.959660e-07, Beta update rate = 8.736321e-09
Epoch 370600 (7.4%): Train pred MSE = 1.586795e-09, Test pred MSE = 7.545913e-07, Param MSE = 7.776041e-06, Grad norm = 1.957134e-07, Beta update rate = 8.724304e-09
Epoch 370800 (7.4%): Train pred MSE = 1.582970e-09, Test pred MSE = 7.545790e-07, Param MSE = 7.775916e-06, Grad norm = 1.954611e-07, Beta update rate = 8.712306e-09
Epoch 371000 (7.4%): Train pred MSE = 1.579154e-09, Test pred MSE = 7.545666e-07, Param MSE = 7.775791e-06, Grad norm = 1.952092e-07, Beta update rate = 8.700328e-09
Epoch 371200 (7.4%): Train pred MSE = 1.575349e-09, Test pred MSE = 7.545543e-07, Param MSE = 7.775666e-06, Grad norm = 1.949577e-07, Beta update rate = 8.688370e-09
Epoch 371400 (7.4%): Train pred MSE = 1.571553e-09, Test pred MSE = 7.545420e-07, Param MSE = 7.775542e-06, Grad norm = 1.947065e-07, Beta update rate = 8.676432e-09
Epoch 371600 (7.4%): Train pred MSE = 1.567767e-09, Test pred MSE = 7.545298e-07, Param MSE = 7.775418e-06, Grad norm = 1.944558e-07, Beta update rate = 8.664513e-09
Epoch 371800 (7.4%): Train pred MSE = 1.563990e-09, Test pred MSE = 7.545175e-07, Param MSE = 7.775294e-06, Grad norm = 1.942054e-07, Beta update rate = 8.652613e-09
Epoch 372000 (7.4%): Train pred MSE = 1.560224e-09, Test pred MSE = 7.545053e-07, Param MSE = 7.775170e-06, Grad norm = 1.939554e-07, Beta update rate = 8.640734e-09
Epoch 372200 (7.4%): Train pred MSE = 1.556467e-09, Test pred MSE = 7.544931e-07, Param MSE = 7.775047e-06, Grad norm = 1.937058e-07, Beta update rate = 8.628873e-09
Epoch 372400 (7.4%): Train pred MSE = 1.552719e-09, Test pred MSE = 7.544809e-07, Param MSE = 7.774924e-06, Grad norm = 1.934565e-07, Beta update rate = 8.617033e-09
Epoch 372600 (7.5%): Train pred MSE = 1.548982e-09, Test pred MSE = 7.544688e-07, Param MSE = 7.774801e-06, Grad norm = 1.932077e-07, Beta update rate = 8.605211e-09
Epoch 372800 (7.5%): Train pred MSE = 1.545254e-09, Test pred MSE = 7.544566e-07, Param MSE = 7.774678e-06, Grad norm = 1.929592e-07, Beta update rate = 8.593409e-09
Epoch 373000 (7.5%): Train pred MSE = 1.541535e-09, Test pred MSE = 7.544445e-07, Param MSE = 7.774555e-06, Grad norm = 1.927111e-07, Beta update rate = 8.581627e-09
Epoch 373200 (7.5%): Train pred MSE = 1.537826e-09, Test pred MSE = 7.544324e-07, Param MSE = 7.774433e-06, Grad norm = 1.924633e-07, Beta update rate = 8.569863e-09
Epoch 373400 (7.5%): Train pred MSE = 1.534127e-09, Test pred MSE = 7.544203e-07, Param MSE = 7.774310e-06, Grad norm = 1.922160e-07, Beta update rate = 8.558119e-09
Epoch 373600 (7.5%): Train pred MSE = 1.530437e-09, Test pred MSE = 7.544083e-07, Param MSE = 7.774188e-06, Grad norm = 1.919690e-07, Beta update rate = 8.546394e-09
Epoch 373800 (7.5%): Train pred MSE = 1.526756e-09, Test pred MSE = 7.543962e-07, Param MSE = 7.774066e-06, Grad norm = 1.917223e-07, Beta update rate = 8.534689e-09
Epoch 374000 (7.5%): Train pred MSE = 1.523085e-09, Test pred MSE = 7.543842e-07, Param MSE = 7.773945e-06, Grad norm = 1.914761e-07, Beta update rate = 8.523002e-09
Epoch 374200 (7.5%): Train pred MSE = 1.519424e-09, Test pred MSE = 7.543722e-07, Param MSE = 7.773823e-06, Grad norm = 1.912302e-07, Beta update rate = 8.511335e-09
Epoch 374400 (7.5%): Train pred MSE = 1.515772e-09, Test pred MSE = 7.543602e-07, Param MSE = 7.773702e-06, Grad norm = 1.909847e-07, Beta update rate = 8.499687e-09
Epoch 374600 (7.5%): Train pred MSE = 1.512129e-09, Test pred MSE = 7.543483e-07, Param MSE = 7.773581e-06, Grad norm = 1.907396e-07, Beta update rate = 8.488057e-09
Epoch 374800 (7.5%): Train pred MSE = 1.508495e-09, Test pred MSE = 7.543363e-07, Param MSE = 7.773460e-06, Grad norm = 1.904948e-07, Beta update rate = 8.476447e-09
Epoch 375000 (7.5%): Train pred MSE = 1.504871e-09, Test pred MSE = 7.543244e-07, Param MSE = 7.773340e-06, Grad norm = 1.902504e-07, Beta update rate = 8.464856e-09
Epoch 375200 (7.5%): Train pred MSE = 1.501256e-09, Test pred MSE = 7.543125e-07, Param MSE = 7.773219e-06, Grad norm = 1.900064e-07, Beta update rate = 8.453284e-09
Epoch 375400 (7.5%): Train pred MSE = 1.497651e-09, Test pred MSE = 7.543006e-07, Param MSE = 7.773099e-06, Grad norm = 1.897627e-07, Beta update rate = 8.441730e-09
Epoch 375600 (7.5%): Train pred MSE = 1.494054e-09, Test pred MSE = 7.542888e-07, Param MSE = 7.772979e-06, Grad norm = 1.895194e-07, Beta update rate = 8.430195e-09
Epoch 375800 (7.5%): Train pred MSE = 1.490467e-09, Test pred MSE = 7.542769e-07, Param MSE = 7.772859e-06, Grad norm = 1.892765e-07, Beta update rate = 8.418680e-09
Epoch 376000 (7.5%): Train pred MSE = 1.486889e-09, Test pred MSE = 7.542651e-07, Param MSE = 7.772740e-06, Grad norm = 1.890339e-07, Beta update rate = 8.407182e-09
Epoch 376200 (7.5%): Train pred MSE = 1.483321e-09, Test pred MSE = 7.542533e-07, Param MSE = 7.772620e-06, Grad norm = 1.887917e-07, Beta update rate = 8.395704e-09
Epoch 376400 (7.5%): Train pred MSE = 1.479761e-09, Test pred MSE = 7.542415e-07, Param MSE = 7.772501e-06, Grad norm = 1.885499e-07, Beta update rate = 8.384244e-09
Epoch 376600 (7.5%): Train pred MSE = 1.476210e-09, Test pred MSE = 7.542298e-07, Param MSE = 7.772382e-06, Grad norm = 1.883084e-07, Beta update rate = 8.372804e-09
Epoch 376800 (7.5%): Train pred MSE = 1.472669e-09, Test pred MSE = 7.542180e-07, Param MSE = 7.772263e-06, Grad norm = 1.880673e-07, Beta update rate = 8.361381e-09
Epoch 377000 (7.5%): Train pred MSE = 1.469137e-09, Test pred MSE = 7.542063e-07, Param MSE = 7.772145e-06, Grad norm = 1.878265e-07, Beta update rate = 8.349977e-09
Epoch 377200 (7.5%): Train pred MSE = 1.465613e-09, Test pred MSE = 7.541946e-07, Param MSE = 7.772026e-06, Grad norm = 1.875861e-07, Beta update rate = 8.338592e-09
Epoch 377400 (7.5%): Train pred MSE = 1.462099e-09, Test pred MSE = 7.541829e-07, Param MSE = 7.771908e-06, Grad norm = 1.873461e-07, Beta update rate = 8.327225e-09
Epoch 377600 (7.6%): Train pred MSE = 1.458594e-09, Test pred MSE = 7.541713e-07, Param MSE = 7.771790e-06, Grad norm = 1.871064e-07, Beta update rate = 8.315877e-09
Epoch 377800 (7.6%): Train pred MSE = 1.455097e-09, Test pred MSE = 7.541596e-07, Param MSE = 7.771672e-06, Grad norm = 1.868671e-07, Beta update rate = 8.304547e-09
Epoch 378000 (7.6%): Train pred MSE = 1.451610e-09, Test pred MSE = 7.541480e-07, Param MSE = 7.771554e-06, Grad norm = 1.866281e-07, Beta update rate = 8.293236e-09
Epoch 378200 (7.6%): Train pred MSE = 1.448131e-09, Test pred MSE = 7.541364e-07, Param MSE = 7.771437e-06, Grad norm = 1.863895e-07, Beta update rate = 8.281943e-09
Epoch 378400 (7.6%): Train pred MSE = 1.444662e-09, Test pred MSE = 7.541248e-07, Param MSE = 7.771320e-06, Grad norm = 1.861513e-07, Beta update rate = 8.270668e-09
Epoch 378600 (7.6%): Train pred MSE = 1.441201e-09, Test pred MSE = 7.541132e-07, Param MSE = 7.771203e-06, Grad norm = 1.859134e-07, Beta update rate = 8.259412e-09
Epoch 378800 (7.6%): Train pred MSE = 1.437749e-09, Test pred MSE = 7.541017e-07, Param MSE = 7.771086e-06, Grad norm = 1.856759e-07, Beta update rate = 8.248173e-09
Epoch 379000 (7.6%): Train pred MSE = 1.434306e-09, Test pred MSE = 7.540901e-07, Param MSE = 7.770969e-06, Grad norm = 1.854387e-07, Beta update rate = 8.236953e-09
Epoch 379200 (7.6%): Train pred MSE = 1.430872e-09, Test pred MSE = 7.540786e-07, Param MSE = 7.770853e-06, Grad norm = 1.852019e-07, Beta update rate = 8.225752e-09
Epoch 379400 (7.6%): Train pred MSE = 1.427446e-09, Test pred MSE = 7.540671e-07, Param MSE = 7.770736e-06, Grad norm = 1.849654e-07, Beta update rate = 8.214568e-09
Epoch 379600 (7.6%): Train pred MSE = 1.424029e-09, Test pred MSE = 7.540557e-07, Param MSE = 7.770620e-06, Grad norm = 1.847293e-07, Beta update rate = 8.203402e-09
Epoch 379800 (7.6%): Train pred MSE = 1.420621e-09, Test pred MSE = 7.540442e-07, Param MSE = 7.770504e-06, Grad norm = 1.844936e-07, Beta update rate = 8.192255e-09
Epoch 380000 (7.6%): Train pred MSE = 1.417222e-09, Test pred MSE = 7.540328e-07, Param MSE = 7.770389e-06, Grad norm = 1.842581e-07, Beta update rate = 8.181125e-09
Epoch 380200 (7.6%): Train pred MSE = 1.413831e-09, Test pred MSE = 7.540214e-07, Param MSE = 7.770273e-06, Grad norm = 1.840231e-07, Beta update rate = 8.170014e-09
Epoch 380400 (7.6%): Train pred MSE = 1.410449e-09, Test pred MSE = 7.540100e-07, Param MSE = 7.770158e-06, Grad norm = 1.837884e-07, Beta update rate = 8.158920e-09
Epoch 380600 (7.6%): Train pred MSE = 1.407075e-09, Test pred MSE = 7.539986e-07, Param MSE = 7.770043e-06, Grad norm = 1.835540e-07, Beta update rate = 8.147845e-09
Epoch 380800 (7.6%): Train pred MSE = 1.403710e-09, Test pred MSE = 7.539872e-07, Param MSE = 7.769928e-06, Grad norm = 1.833200e-07, Beta update rate = 8.136787e-09
Epoch 381000 (7.6%): Train pred MSE = 1.400354e-09, Test pred MSE = 7.539759e-07, Param MSE = 7.769813e-06, Grad norm = 1.830864e-07, Beta update rate = 8.125747e-09
Epoch 381200 (7.6%): Train pred MSE = 1.397006e-09, Test pred MSE = 7.539646e-07, Param MSE = 7.769699e-06, Grad norm = 1.828530e-07, Beta update rate = 8.114725e-09
Epoch 381400 (7.6%): Train pred MSE = 1.393667e-09, Test pred MSE = 7.539533e-07, Param MSE = 7.769584e-06, Grad norm = 1.826201e-07, Beta update rate = 8.103721e-09
Epoch 381600 (7.6%): Train pred MSE = 1.390336e-09, Test pred MSE = 7.539420e-07, Param MSE = 7.769470e-06, Grad norm = 1.823875e-07, Beta update rate = 8.092734e-09
Epoch 381800 (7.6%): Train pred MSE = 1.387014e-09, Test pred MSE = 7.539307e-07, Param MSE = 7.769356e-06, Grad norm = 1.821552e-07, Beta update rate = 8.081766e-09
Epoch 382000 (7.6%): Train pred MSE = 1.383700e-09, Test pred MSE = 7.539195e-07, Param MSE = 7.769242e-06, Grad norm = 1.819233e-07, Beta update rate = 8.070815e-09
Epoch 382200 (7.6%): Train pred MSE = 1.380395e-09, Test pred MSE = 7.539082e-07, Param MSE = 7.769129e-06, Grad norm = 1.816917e-07, Beta update rate = 8.059881e-09
Epoch 382400 (7.6%): Train pred MSE = 1.377098e-09, Test pred MSE = 7.538970e-07, Param MSE = 7.769015e-06, Grad norm = 1.814604e-07, Beta update rate = 8.048965e-09
Epoch 382600 (7.7%): Train pred MSE = 1.373809e-09, Test pred MSE = 7.538858e-07, Param MSE = 7.768902e-06, Grad norm = 1.812296e-07, Beta update rate = 8.038067e-09
Epoch 382800 (7.7%): Train pred MSE = 1.370529e-09, Test pred MSE = 7.538747e-07, Param MSE = 7.768789e-06, Grad norm = 1.809990e-07, Beta update rate = 8.027186e-09
Epoch 383000 (7.7%): Train pred MSE = 1.367257e-09, Test pred MSE = 7.538635e-07, Param MSE = 7.768676e-06, Grad norm = 1.807688e-07, Beta update rate = 8.016323e-09
Epoch 383200 (7.7%): Train pred MSE = 1.363994e-09, Test pred MSE = 7.538524e-07, Param MSE = 7.768563e-06, Grad norm = 1.805389e-07, Beta update rate = 8.005477e-09
Epoch 383400 (7.7%): Train pred MSE = 1.360739e-09, Test pred MSE = 7.538412e-07, Param MSE = 7.768451e-06, Grad norm = 1.803094e-07, Beta update rate = 7.994649e-09
Epoch 383600 (7.7%): Train pred MSE = 1.357492e-09, Test pred MSE = 7.538301e-07, Param MSE = 7.768339e-06, Grad norm = 1.800802e-07, Beta update rate = 7.983838e-09
Epoch 383800 (7.7%): Train pred MSE = 1.354253e-09, Test pred MSE = 7.538191e-07, Param MSE = 7.768227e-06, Grad norm = 1.798514e-07, Beta update rate = 7.973044e-09
Epoch 384000 (7.7%): Train pred MSE = 1.351022e-09, Test pred MSE = 7.538080e-07, Param MSE = 7.768115e-06, Grad norm = 1.796229e-07, Beta update rate = 7.962268e-09
Epoch 384200 (7.7%): Train pred MSE = 1.347800e-09, Test pred MSE = 7.537970e-07, Param MSE = 7.768003e-06, Grad norm = 1.793947e-07, Beta update rate = 7.951509e-09
Epoch 384400 (7.7%): Train pred MSE = 1.344586e-09, Test pred MSE = 7.537859e-07, Param MSE = 7.767891e-06, Grad norm = 1.791669e-07, Beta update rate = 7.940767e-09
Epoch 384600 (7.7%): Train pred MSE = 1.341380e-09, Test pred MSE = 7.537749e-07, Param MSE = 7.767780e-06, Grad norm = 1.789394e-07, Beta update rate = 7.930043e-09
Epoch 384800 (7.7%): Train pred MSE = 1.338182e-09, Test pred MSE = 7.537639e-07, Param MSE = 7.767669e-06, Grad norm = 1.787122e-07, Beta update rate = 7.919336e-09
Epoch 385000 (7.7%): Train pred MSE = 1.334992e-09, Test pred MSE = 7.537530e-07, Param MSE = 7.767558e-06, Grad norm = 1.784854e-07, Beta update rate = 7.908645e-09
Epoch 385200 (7.7%): Train pred MSE = 1.331811e-09, Test pred MSE = 7.537420e-07, Param MSE = 7.767447e-06, Grad norm = 1.782589e-07, Beta update rate = 7.897972e-09
Epoch 385400 (7.7%): Train pred MSE = 1.328637e-09, Test pred MSE = 7.537311e-07, Param MSE = 7.767336e-06, Grad norm = 1.780328e-07, Beta update rate = 7.887317e-09
Epoch 385600 (7.7%): Train pred MSE = 1.325472e-09, Test pred MSE = 7.537201e-07, Param MSE = 7.767226e-06, Grad norm = 1.778069e-07, Beta update rate = 7.876678e-09
Epoch 385800 (7.7%): Train pred MSE = 1.322314e-09, Test pred MSE = 7.537092e-07, Param MSE = 7.767116e-06, Grad norm = 1.775815e-07, Beta update rate = 7.866056e-09
Epoch 386000 (7.7%): Train pred MSE = 1.319165e-09, Test pred MSE = 7.536984e-07, Param MSE = 7.767005e-06, Grad norm = 1.773563e-07, Beta update rate = 7.855451e-09
Epoch 386200 (7.7%): Train pred MSE = 1.316023e-09, Test pred MSE = 7.536875e-07, Param MSE = 7.766896e-06, Grad norm = 1.771315e-07, Beta update rate = 7.844863e-09
Epoch 386400 (7.7%): Train pred MSE = 1.312890e-09, Test pred MSE = 7.536766e-07, Param MSE = 7.766786e-06, Grad norm = 1.769070e-07, Beta update rate = 7.834292e-09
Epoch 386600 (7.7%): Train pred MSE = 1.309764e-09, Test pred MSE = 7.536658e-07, Param MSE = 7.766676e-06, Grad norm = 1.766829e-07, Beta update rate = 7.823738e-09
Epoch 386800 (7.7%): Train pred MSE = 1.306646e-09, Test pred MSE = 7.536550e-07, Param MSE = 7.766567e-06, Grad norm = 1.764590e-07, Beta update rate = 7.813201e-09
Epoch 387000 (7.7%): Train pred MSE = 1.303537e-09, Test pred MSE = 7.536442e-07, Param MSE = 7.766458e-06, Grad norm = 1.762355e-07, Beta update rate = 7.802681e-09
Epoch 387200 (7.7%): Train pred MSE = 1.300435e-09, Test pred MSE = 7.536334e-07, Param MSE = 7.766349e-06, Grad norm = 1.760124e-07, Beta update rate = 7.792177e-09
Epoch 387400 (7.7%): Train pred MSE = 1.297341e-09, Test pred MSE = 7.536227e-07, Param MSE = 7.766240e-06, Grad norm = 1.757895e-07, Beta update rate = 7.781690e-09
Epoch 387600 (7.8%): Train pred MSE = 1.294254e-09, Test pred MSE = 7.536119e-07, Param MSE = 7.766131e-06, Grad norm = 1.755670e-07, Beta update rate = 7.771220e-09
Epoch 387800 (7.8%): Train pred MSE = 1.291176e-09, Test pred MSE = 7.536012e-07, Param MSE = 7.766023e-06, Grad norm = 1.753449e-07, Beta update rate = 7.760767e-09
Epoch 388000 (7.8%): Train pred MSE = 1.288105e-09, Test pred MSE = 7.535905e-07, Param MSE = 7.765914e-06, Grad norm = 1.751230e-07, Beta update rate = 7.750330e-09
Epoch 388200 (7.8%): Train pred MSE = 1.285042e-09, Test pred MSE = 7.535798e-07, Param MSE = 7.765806e-06, Grad norm = 1.749015e-07, Beta update rate = 7.739910e-09
Epoch 388400 (7.8%): Train pred MSE = 1.281987e-09, Test pred MSE = 7.535691e-07, Param MSE = 7.765698e-06, Grad norm = 1.746803e-07, Beta update rate = 7.729506e-09
Epoch 388600 (7.8%): Train pred MSE = 1.278940e-09, Test pred MSE = 7.535585e-07, Param MSE = 7.765591e-06, Grad norm = 1.744594e-07, Beta update rate = 7.719119e-09
Epoch 388800 (7.8%): Train pred MSE = 1.275900e-09, Test pred MSE = 7.535479e-07, Param MSE = 7.765483e-06, Grad norm = 1.742388e-07, Beta update rate = 7.708749e-09
Epoch 389000 (7.8%): Train pred MSE = 1.272868e-09, Test pred MSE = 7.535372e-07, Param MSE = 7.765376e-06, Grad norm = 1.740186e-07, Beta update rate = 7.698395e-09
Epoch 389200 (7.8%): Train pred MSE = 1.269843e-09, Test pred MSE = 7.535266e-07, Param MSE = 7.765268e-06, Grad norm = 1.737987e-07, Beta update rate = 7.688057e-09
Epoch 389400 (7.8%): Train pred MSE = 1.266827e-09, Test pred MSE = 7.535160e-07, Param MSE = 7.765161e-06, Grad norm = 1.735791e-07, Beta update rate = 7.677736e-09
Epoch 389600 (7.8%): Train pred MSE = 1.263818e-09, Test pred MSE = 7.535055e-07, Param MSE = 7.765054e-06, Grad norm = 1.733599e-07, Beta update rate = 7.667432e-09
Epoch 389800 (7.8%): Train pred MSE = 1.260816e-09, Test pred MSE = 7.534949e-07, Param MSE = 7.764948e-06, Grad norm = 1.731410e-07, Beta update rate = 7.657143e-09
Epoch 390000 (7.8%): Train pred MSE = 1.257822e-09, Test pred MSE = 7.534844e-07, Param MSE = 7.764841e-06, Grad norm = 1.729223e-07, Beta update rate = 7.646872e-09
Epoch 390200 (7.8%): Train pred MSE = 1.254836e-09, Test pred MSE = 7.534739e-07, Param MSE = 7.764735e-06, Grad norm = 1.727040e-07, Beta update rate = 7.636616e-09
Epoch 390400 (7.8%): Train pred MSE = 1.251857e-09, Test pred MSE = 7.534634e-07, Param MSE = 7.764629e-06, Grad norm = 1.724861e-07, Beta update rate = 7.626377e-09
Epoch 390600 (7.8%): Train pred MSE = 1.248885e-09, Test pred MSE = 7.534529e-07, Param MSE = 7.764523e-06, Grad norm = 1.722684e-07, Beta update rate = 7.616153e-09
Epoch 390800 (7.8%): Train pred MSE = 1.245922e-09, Test pred MSE = 7.534424e-07, Param MSE = 7.764417e-06, Grad norm = 1.720511e-07, Beta update rate = 7.605947e-09
Epoch 391000 (7.8%): Train pred MSE = 1.242965e-09, Test pred MSE = 7.534320e-07, Param MSE = 7.764311e-06, Grad norm = 1.718341e-07, Beta update rate = 7.595756e-09
Epoch 391200 (7.8%): Train pred MSE = 1.240016e-09, Test pred MSE = 7.534216e-07, Param MSE = 7.764206e-06, Grad norm = 1.716174e-07, Beta update rate = 7.585581e-09
Epoch 391400 (7.8%): Train pred MSE = 1.237075e-09, Test pred MSE = 7.534111e-07, Param MSE = 7.764100e-06, Grad norm = 1.714010e-07, Beta update rate = 7.575423e-09
Epoch 391600 (7.8%): Train pred MSE = 1.234141e-09, Test pred MSE = 7.534008e-07, Param MSE = 7.763995e-06, Grad norm = 1.711849e-07, Beta update rate = 7.565280e-09
Epoch 391800 (7.8%): Train pred MSE = 1.231214e-09, Test pred MSE = 7.533904e-07, Param MSE = 7.763890e-06, Grad norm = 1.709692e-07, Beta update rate = 7.555154e-09
Epoch 392000 (7.8%): Train pred MSE = 1.228295e-09, Test pred MSE = 7.533800e-07, Param MSE = 7.763785e-06, Grad norm = 1.707537e-07, Beta update rate = 7.545044e-09
Epoch 392200 (7.8%): Train pred MSE = 1.225383e-09, Test pred MSE = 7.533697e-07, Param MSE = 7.763681e-06, Grad norm = 1.705386e-07, Beta update rate = 7.534950e-09
Epoch 392400 (7.8%): Train pred MSE = 1.222478e-09, Test pred MSE = 7.533593e-07, Param MSE = 7.763576e-06, Grad norm = 1.703238e-07, Beta update rate = 7.524871e-09
Epoch 392600 (7.9%): Train pred MSE = 1.219581e-09, Test pred MSE = 7.533490e-07, Param MSE = 7.763472e-06, Grad norm = 1.701093e-07, Beta update rate = 7.514809e-09
Epoch 392800 (7.9%): Train pred MSE = 1.216691e-09, Test pred MSE = 7.533387e-07, Param MSE = 7.763368e-06, Grad norm = 1.698952e-07, Beta update rate = 7.504762e-09
Epoch 393000 (7.9%): Train pred MSE = 1.213808e-09, Test pred MSE = 7.533284e-07, Param MSE = 7.763264e-06, Grad norm = 1.696813e-07, Beta update rate = 7.494732e-09
Epoch 393200 (7.9%): Train pred MSE = 1.210932e-09, Test pred MSE = 7.533182e-07, Param MSE = 7.763160e-06, Grad norm = 1.694677e-07, Beta update rate = 7.484717e-09
Epoch 393400 (7.9%): Train pred MSE = 1.208064e-09, Test pred MSE = 7.533079e-07, Param MSE = 7.763056e-06, Grad norm = 1.692545e-07, Beta update rate = 7.474718e-09
Epoch 393600 (7.9%): Train pred MSE = 1.205203e-09, Test pred MSE = 7.532977e-07, Param MSE = 7.762953e-06, Grad norm = 1.690416e-07, Beta update rate = 7.464735e-09
Epoch 393800 (7.9%): Train pred MSE = 1.202349e-09, Test pred MSE = 7.532875e-07, Param MSE = 7.762850e-06, Grad norm = 1.688289e-07, Beta update rate = 7.454767e-09
Epoch 394000 (7.9%): Train pred MSE = 1.199502e-09, Test pred MSE = 7.532773e-07, Param MSE = 7.762747e-06, Grad norm = 1.686166e-07, Beta update rate = 7.444815e-09
Epoch 394200 (7.9%): Train pred MSE = 1.196663e-09, Test pred MSE = 7.532671e-07, Param MSE = 7.762644e-06, Grad norm = 1.684046e-07, Beta update rate = 7.434879e-09
Epoch 394400 (7.9%): Train pred MSE = 1.193830e-09, Test pred MSE = 7.532570e-07, Param MSE = 7.762541e-06, Grad norm = 1.681929e-07, Beta update rate = 7.424959e-09
Epoch 394600 (7.9%): Train pred MSE = 1.191005e-09, Test pred MSE = 7.532468e-07, Param MSE = 7.762438e-06, Grad norm = 1.679816e-07, Beta update rate = 7.415054e-09
Epoch 394800 (7.9%): Train pred MSE = 1.188187e-09, Test pred MSE = 7.532367e-07, Param MSE = 7.762336e-06, Grad norm = 1.677705e-07, Beta update rate = 7.405165e-09
Epoch 395000 (7.9%): Train pred MSE = 1.185376e-09, Test pred MSE = 7.532266e-07, Param MSE = 7.762234e-06, Grad norm = 1.675597e-07, Beta update rate = 7.395291e-09
Epoch 395200 (7.9%): Train pred MSE = 1.182572e-09, Test pred MSE = 7.532165e-07, Param MSE = 7.762131e-06, Grad norm = 1.673493e-07, Beta update rate = 7.385433e-09
Epoch 395400 (7.9%): Train pred MSE = 1.179775e-09, Test pred MSE = 7.532064e-07, Param MSE = 7.762029e-06, Grad norm = 1.671391e-07, Beta update rate = 7.375591e-09
Epoch 395600 (7.9%): Train pred MSE = 1.176985e-09, Test pred MSE = 7.531963e-07, Param MSE = 7.761928e-06, Grad norm = 1.669293e-07, Beta update rate = 7.365763e-09
Epoch 395800 (7.9%): Train pred MSE = 1.174202e-09, Test pred MSE = 7.531863e-07, Param MSE = 7.761826e-06, Grad norm = 1.667197e-07, Beta update rate = 7.355952e-09
Epoch 396000 (7.9%): Train pred MSE = 1.171425e-09, Test pred MSE = 7.531763e-07, Param MSE = 7.761725e-06, Grad norm = 1.665105e-07, Beta update rate = 7.346156e-09
Epoch 396200 (7.9%): Train pred MSE = 1.168656e-09, Test pred MSE = 7.531662e-07, Param MSE = 7.761623e-06, Grad norm = 1.663015e-07, Beta update rate = 7.336375e-09
Epoch 396400 (7.9%): Train pred MSE = 1.165894e-09, Test pred MSE = 7.531562e-07, Param MSE = 7.761522e-06, Grad norm = 1.660929e-07, Beta update rate = 7.326609e-09
Epoch 396600 (7.9%): Train pred MSE = 1.163139e-09, Test pred MSE = 7.531463e-07, Param MSE = 7.761421e-06, Grad norm = 1.658846e-07, Beta update rate = 7.316859e-09
Epoch 396800 (7.9%): Train pred MSE = 1.160391e-09, Test pred MSE = 7.531363e-07, Param MSE = 7.761320e-06, Grad norm = 1.656765e-07, Beta update rate = 7.307124e-09
Epoch 397000 (7.9%): Train pred MSE = 1.157649e-09, Test pred MSE = 7.531263e-07, Param MSE = 7.761220e-06, Grad norm = 1.654688e-07, Beta update rate = 7.297404e-09
Epoch 397200 (7.9%): Train pred MSE = 1.154915e-09, Test pred MSE = 7.531164e-07, Param MSE = 7.761119e-06, Grad norm = 1.652614e-07, Beta update rate = 7.287700e-09
Epoch 397400 (7.9%): Train pred MSE = 1.152187e-09, Test pred MSE = 7.531065e-07, Param MSE = 7.761019e-06, Grad norm = 1.650543e-07, Beta update rate = 7.278011e-09
Epoch 397600 (8.0%): Train pred MSE = 1.149466e-09, Test pred MSE = 7.530966e-07, Param MSE = 7.760919e-06, Grad norm = 1.648474e-07, Beta update rate = 7.268337e-09
Epoch 397800 (8.0%): Train pred MSE = 1.146752e-09, Test pred MSE = 7.530867e-07, Param MSE = 7.760819e-06, Grad norm = 1.646409e-07, Beta update rate = 7.258678e-09
Epoch 398000 (8.0%): Train pred MSE = 1.144045e-09, Test pred MSE = 7.530768e-07, Param MSE = 7.760719e-06, Grad norm = 1.644347e-07, Beta update rate = 7.249034e-09
Epoch 398200 (8.0%): Train pred MSE = 1.141345e-09, Test pred MSE = 7.530670e-07, Param MSE = 7.760619e-06, Grad norm = 1.642288e-07, Beta update rate = 7.239406e-09
Epoch 398400 (8.0%): Train pred MSE = 1.138651e-09, Test pred MSE = 7.530571e-07, Param MSE = 7.760520e-06, Grad norm = 1.640231e-07, Beta update rate = 7.229792e-09
Epoch 398600 (8.0%): Train pred MSE = 1.135964e-09, Test pred MSE = 7.530473e-07, Param MSE = 7.760421e-06, Grad norm = 1.638178e-07, Beta update rate = 7.220194e-09
Epoch 398800 (8.0%): Train pred MSE = 1.133284e-09, Test pred MSE = 7.530375e-07, Param MSE = 7.760321e-06, Grad norm = 1.636128e-07, Beta update rate = 7.210610e-09
Epoch 399000 (8.0%): Train pred MSE = 1.130610e-09, Test pred MSE = 7.530277e-07, Param MSE = 7.760222e-06, Grad norm = 1.634080e-07, Beta update rate = 7.201041e-09
Epoch 399200 (8.0%): Train pred MSE = 1.127943e-09, Test pred MSE = 7.530179e-07, Param MSE = 7.760124e-06, Grad norm = 1.632036e-07, Beta update rate = 7.191488e-09
Epoch 399400 (8.0%): Train pred MSE = 1.125283e-09, Test pred MSE = 7.530082e-07, Param MSE = 7.760025e-06, Grad norm = 1.629995e-07, Beta update rate = 7.181949e-09
Epoch 399600 (8.0%): Train pred MSE = 1.122630e-09, Test pred MSE = 7.529984e-07, Param MSE = 7.759926e-06, Grad norm = 1.627956e-07, Beta update rate = 7.172425e-09
Epoch 399800 (8.0%): Train pred MSE = 1.119983e-09, Test pred MSE = 7.529887e-07, Param MSE = 7.759828e-06, Grad norm = 1.625921e-07, Beta update rate = 7.162916e-09
Epoch 400000 (8.0%): Train pred MSE = 1.117342e-09, Test pred MSE = 7.529790e-07, Param MSE = 7.759730e-06, Grad norm = 1.623888e-07, Beta update rate = 7.153422e-09
Epoch 400200 (8.0%): Train pred MSE = 1.114709e-09, Test pred MSE = 7.529693e-07, Param MSE = 7.759632e-06, Grad norm = 1.621858e-07, Beta update rate = 7.143943e-09
Epoch 400400 (8.0%): Train pred MSE = 1.112082e-09, Test pred MSE = 7.529596e-07, Param MSE = 7.759534e-06, Grad norm = 1.619831e-07, Beta update rate = 7.134479e-09
Epoch 400600 (8.0%): Train pred MSE = 1.109461e-09, Test pred MSE = 7.529499e-07, Param MSE = 7.759436e-06, Grad norm = 1.617808e-07, Beta update rate = 7.125029e-09
Epoch 400800 (8.0%): Train pred MSE = 1.106847e-09, Test pred MSE = 7.529403e-07, Param MSE = 7.759338e-06, Grad norm = 1.615787e-07, Beta update rate = 7.115594e-09
Epoch 401000 (8.0%): Train pred MSE = 1.104240e-09, Test pred MSE = 7.529307e-07, Param MSE = 7.759241e-06, Grad norm = 1.613769e-07, Beta update rate = 7.106173e-09
Epoch 401200 (8.0%): Train pred MSE = 1.101639e-09, Test pred MSE = 7.529210e-07, Param MSE = 7.759144e-06, Grad norm = 1.611754e-07, Beta update rate = 7.096768e-09
Epoch 401400 (8.0%): Train pred MSE = 1.099044e-09, Test pred MSE = 7.529114e-07, Param MSE = 7.759047e-06, Grad norm = 1.609741e-07, Beta update rate = 7.087377e-09
Epoch 401600 (8.0%): Train pred MSE = 1.096456e-09, Test pred MSE = 7.529018e-07, Param MSE = 7.758950e-06, Grad norm = 1.607732e-07, Beta update rate = 7.078000e-09
Epoch 401800 (8.0%): Train pred MSE = 1.093874e-09, Test pred MSE = 7.528923e-07, Param MSE = 7.758853e-06, Grad norm = 1.605726e-07, Beta update rate = 7.068638e-09
Epoch 402000 (8.0%): Train pred MSE = 1.091299e-09, Test pred MSE = 7.528827e-07, Param MSE = 7.758756e-06, Grad norm = 1.603722e-07, Beta update rate = 7.059291e-09
Epoch 402200 (8.0%): Train pred MSE = 1.088731e-09, Test pred MSE = 7.528732e-07, Param MSE = 7.758660e-06, Grad norm = 1.601722e-07, Beta update rate = 7.049958e-09
Epoch 402400 (8.0%): Train pred MSE = 1.086168e-09, Test pred MSE = 7.528636e-07, Param MSE = 7.758563e-06, Grad norm = 1.599724e-07, Beta update rate = 7.040640e-09
Epoch 402600 (8.1%): Train pred MSE = 1.083612e-09, Test pred MSE = 7.528541e-07, Param MSE = 7.758467e-06, Grad norm = 1.597729e-07, Beta update rate = 7.031336e-09
Epoch 402800 (8.1%): Train pred MSE = 1.081063e-09, Test pred MSE = 7.528446e-07, Param MSE = 7.758371e-06, Grad norm = 1.595737e-07, Beta update rate = 7.022047e-09
Epoch 403000 (8.1%): Train pred MSE = 1.078520e-09, Test pred MSE = 7.528352e-07, Param MSE = 7.758275e-06, Grad norm = 1.593748e-07, Beta update rate = 7.012772e-09
Epoch 403200 (8.1%): Train pred MSE = 1.075983e-09, Test pred MSE = 7.528257e-07, Param MSE = 7.758180e-06, Grad norm = 1.591761e-07, Beta update rate = 7.003511e-09
Epoch 403400 (8.1%): Train pred MSE = 1.073452e-09, Test pred MSE = 7.528162e-07, Param MSE = 7.758084e-06, Grad norm = 1.589778e-07, Beta update rate = 6.994265e-09
Epoch 403600 (8.1%): Train pred MSE = 1.070928e-09, Test pred MSE = 7.528068e-07, Param MSE = 7.757989e-06, Grad norm = 1.587797e-07, Beta update rate = 6.985033e-09
Epoch 403800 (8.1%): Train pred MSE = 1.068410e-09, Test pred MSE = 7.527974e-07, Param MSE = 7.757893e-06, Grad norm = 1.585820e-07, Beta update rate = 6.975816e-09
Epoch 404000 (8.1%): Train pred MSE = 1.065899e-09, Test pred MSE = 7.527880e-07, Param MSE = 7.757798e-06, Grad norm = 1.583845e-07, Beta update rate = 6.966613e-09
Epoch 404200 (8.1%): Train pred MSE = 1.063393e-09, Test pred MSE = 7.527786e-07, Param MSE = 7.757703e-06, Grad norm = 1.581873e-07, Beta update rate = 6.957424e-09
Epoch 404400 (8.1%): Train pred MSE = 1.060894e-09, Test pred MSE = 7.527692e-07, Param MSE = 7.757609e-06, Grad norm = 1.579903e-07, Beta update rate = 6.948249e-09
Epoch 404600 (8.1%): Train pred MSE = 1.058401e-09, Test pred MSE = 7.527598e-07, Param MSE = 7.757514e-06, Grad norm = 1.577937e-07, Beta update rate = 6.939088e-09
Epoch 404800 (8.1%): Train pred MSE = 1.055914e-09, Test pred MSE = 7.527505e-07, Param MSE = 7.757419e-06, Grad norm = 1.575973e-07, Beta update rate = 6.929942e-09
Epoch 405000 (8.1%): Train pred MSE = 1.053434e-09, Test pred MSE = 7.527412e-07, Param MSE = 7.757325e-06, Grad norm = 1.574013e-07, Beta update rate = 6.920810e-09
Epoch 405200 (8.1%): Train pred MSE = 1.050959e-09, Test pred MSE = 7.527318e-07, Param MSE = 7.757231e-06, Grad norm = 1.572055e-07, Beta update rate = 6.911692e-09
Epoch 405400 (8.1%): Train pred MSE = 1.048491e-09, Test pred MSE = 7.527225e-07, Param MSE = 7.757137e-06, Grad norm = 1.570099e-07, Beta update rate = 6.902588e-09
Epoch 405600 (8.1%): Train pred MSE = 1.046029e-09, Test pred MSE = 7.527133e-07, Param MSE = 7.757043e-06, Grad norm = 1.568147e-07, Beta update rate = 6.893498e-09
Epoch 405800 (8.1%): Train pred MSE = 1.043573e-09, Test pred MSE = 7.527040e-07, Param MSE = 7.756949e-06, Grad norm = 1.566197e-07, Beta update rate = 6.884422e-09
Epoch 406000 (8.1%): Train pred MSE = 1.041123e-09, Test pred MSE = 7.526947e-07, Param MSE = 7.756856e-06, Grad norm = 1.564251e-07, Beta update rate = 6.875360e-09
Epoch 406200 (8.1%): Train pred MSE = 1.038679e-09, Test pred MSE = 7.526855e-07, Param MSE = 7.756762e-06, Grad norm = 1.562307e-07, Beta update rate = 6.866312e-09
Epoch 406400 (8.1%): Train pred MSE = 1.036241e-09, Test pred MSE = 7.526763e-07, Param MSE = 7.756669e-06, Grad norm = 1.560365e-07, Beta update rate = 6.857278e-09
Epoch 406600 (8.1%): Train pred MSE = 1.033810e-09, Test pred MSE = 7.526670e-07, Param MSE = 7.756576e-06, Grad norm = 1.558427e-07, Beta update rate = 6.848258e-09
Epoch 406800 (8.1%): Train pred MSE = 1.031384e-09, Test pred MSE = 7.526579e-07, Param MSE = 7.756483e-06, Grad norm = 1.556491e-07, Beta update rate = 6.839252e-09
Epoch 407000 (8.1%): Train pred MSE = 1.028964e-09, Test pred MSE = 7.526487e-07, Param MSE = 7.756390e-06, Grad norm = 1.554558e-07, Beta update rate = 6.830260e-09
Epoch 407200 (8.1%): Train pred MSE = 1.026551e-09, Test pred MSE = 7.526395e-07, Param MSE = 7.756297e-06, Grad norm = 1.552628e-07, Beta update rate = 6.821281e-09
Epoch 407400 (8.1%): Train pred MSE = 1.024143e-09, Test pred MSE = 7.526303e-07, Param MSE = 7.756205e-06, Grad norm = 1.550701e-07, Beta update rate = 6.812317e-09
Epoch 407600 (8.2%): Train pred MSE = 1.021741e-09, Test pred MSE = 7.526212e-07, Param MSE = 7.756112e-06, Grad norm = 1.548776e-07, Beta update rate = 6.803366e-09
Epoch 407800 (8.2%): Train pred MSE = 1.019346e-09, Test pred MSE = 7.526121e-07, Param MSE = 7.756020e-06, Grad norm = 1.546854e-07, Beta update rate = 6.794429e-09
Epoch 408000 (8.2%): Train pred MSE = 1.016956e-09, Test pred MSE = 7.526030e-07, Param MSE = 7.755928e-06, Grad norm = 1.544935e-07, Beta update rate = 6.785506e-09
Epoch 408200 (8.2%): Train pred MSE = 1.014572e-09, Test pred MSE = 7.525939e-07, Param MSE = 7.755836e-06, Grad norm = 1.543018e-07, Beta update rate = 6.776596e-09
Epoch 408400 (8.2%): Train pred MSE = 1.012194e-09, Test pred MSE = 7.525848e-07, Param MSE = 7.755744e-06, Grad norm = 1.541105e-07, Beta update rate = 6.767701e-09
Epoch 408600 (8.2%): Train pred MSE = 1.009822e-09, Test pred MSE = 7.525757e-07, Param MSE = 7.755652e-06, Grad norm = 1.539194e-07, Beta update rate = 6.758819e-09
Epoch 408800 (8.2%): Train pred MSE = 1.007456e-09, Test pred MSE = 7.525667e-07, Param MSE = 7.755561e-06, Grad norm = 1.537286e-07, Beta update rate = 6.749950e-09
Epoch 409000 (8.2%): Train pred MSE = 1.005096e-09, Test pred MSE = 7.525576e-07, Param MSE = 7.755470e-06, Grad norm = 1.535380e-07, Beta update rate = 6.741095e-09
Epoch 409200 (8.2%): Train pred MSE = 1.002741e-09, Test pred MSE = 7.525486e-07, Param MSE = 7.755378e-06, Grad norm = 1.533477e-07, Beta update rate = 6.732254e-09
Epoch 409400 (8.2%): Train pred MSE = 1.000393e-09, Test pred MSE = 7.525396e-07, Param MSE = 7.755287e-06, Grad norm = 1.531577e-07, Beta update rate = 6.723426e-09
Epoch 409600 (8.2%): Train pred MSE = 9.980499e-10, Test pred MSE = 7.525306e-07, Param MSE = 7.755196e-06, Grad norm = 1.529680e-07, Beta update rate = 6.714612e-09
Epoch 409800 (8.2%): Train pred MSE = 9.957129e-10, Test pred MSE = 7.525216e-07, Param MSE = 7.755105e-06, Grad norm = 1.527785e-07, Beta update rate = 6.705812e-09
Epoch 410000 (8.2%): Train pred MSE = 9.933817e-10, Test pred MSE = 7.525127e-07, Param MSE = 7.755015e-06, Grad norm = 1.525893e-07, Beta update rate = 6.697025e-09
Epoch 410200 (8.2%): Train pred MSE = 9.910562e-10, Test pred MSE = 7.525037e-07, Param MSE = 7.754924e-06, Grad norm = 1.524004e-07, Beta update rate = 6.688251e-09
Epoch 410400 (8.2%): Train pred MSE = 9.887365e-10, Test pred MSE = 7.524948e-07, Param MSE = 7.754834e-06, Grad norm = 1.522117e-07, Beta update rate = 6.679491e-09
Epoch 410600 (8.2%): Train pred MSE = 9.864226e-10, Test pred MSE = 7.524858e-07, Param MSE = 7.754744e-06, Grad norm = 1.520233e-07, Beta update rate = 6.670744e-09
Epoch 410800 (8.2%): Train pred MSE = 9.841143e-10, Test pred MSE = 7.524769e-07, Param MSE = 7.754654e-06, Grad norm = 1.518352e-07, Beta update rate = 6.662011e-09
Epoch 411000 (8.2%): Train pred MSE = 9.818118e-10, Test pred MSE = 7.524680e-07, Param MSE = 7.754564e-06, Grad norm = 1.516473e-07, Beta update rate = 6.653291e-09
Epoch 411200 (8.2%): Train pred MSE = 9.795150e-10, Test pred MSE = 7.524592e-07, Param MSE = 7.754474e-06, Grad norm = 1.514597e-07, Beta update rate = 6.644584e-09
Epoch 411400 (8.2%): Train pred MSE = 9.772239e-10, Test pred MSE = 7.524503e-07, Param MSE = 7.754384e-06, Grad norm = 1.512724e-07, Beta update rate = 6.635891e-09
Epoch 411600 (8.2%): Train pred MSE = 9.749384e-10, Test pred MSE = 7.524414e-07, Param MSE = 7.754295e-06, Grad norm = 1.510853e-07, Beta update rate = 6.627211e-09
Epoch 411800 (8.2%): Train pred MSE = 9.726585e-10, Test pred MSE = 7.524326e-07, Param MSE = 7.754205e-06, Grad norm = 1.508985e-07, Beta update rate = 6.618545e-09
Epoch 412000 (8.2%): Train pred MSE = 9.703843e-10, Test pred MSE = 7.524238e-07, Param MSE = 7.754116e-06, Grad norm = 1.507120e-07, Beta update rate = 6.609891e-09
Epoch 412200 (8.2%): Train pred MSE = 9.681158e-10, Test pred MSE = 7.524150e-07, Param MSE = 7.754027e-06, Grad norm = 1.505257e-07, Beta update rate = 6.601251e-09
Epoch 412400 (8.2%): Train pred MSE = 9.658528e-10, Test pred MSE = 7.524062e-07, Param MSE = 7.753938e-06, Grad norm = 1.503397e-07, Beta update rate = 6.592624e-09
Epoch 412600 (8.3%): Train pred MSE = 9.635954e-10, Test pred MSE = 7.523974e-07, Param MSE = 7.753849e-06, Grad norm = 1.501540e-07, Beta update rate = 6.584010e-09
Epoch 412800 (8.3%): Train pred MSE = 9.613436e-10, Test pred MSE = 7.523886e-07, Param MSE = 7.753761e-06, Grad norm = 1.499685e-07, Beta update rate = 6.575409e-09
Epoch 413000 (8.3%): Train pred MSE = 9.590973e-10, Test pred MSE = 7.523798e-07, Param MSE = 7.753672e-06, Grad norm = 1.497833e-07, Beta update rate = 6.566822e-09
Epoch 413200 (8.3%): Train pred MSE = 9.568566e-10, Test pred MSE = 7.523711e-07, Param MSE = 7.753584e-06, Grad norm = 1.495983e-07, Beta update rate = 6.558247e-09
Epoch 413400 (8.3%): Train pred MSE = 9.546214e-10, Test pred MSE = 7.523624e-07, Param MSE = 7.753496e-06, Grad norm = 1.494136e-07, Beta update rate = 6.549686e-09
Epoch 413600 (8.3%): Train pred MSE = 9.523918e-10, Test pred MSE = 7.523537e-07, Param MSE = 7.753408e-06, Grad norm = 1.492292e-07, Beta update rate = 6.541137e-09
Epoch 413800 (8.3%): Train pred MSE = 9.501676e-10, Test pred MSE = 7.523450e-07, Param MSE = 7.753320e-06, Grad norm = 1.490450e-07, Beta update rate = 6.532602e-09
Epoch 414000 (8.3%): Train pred MSE = 9.479489e-10, Test pred MSE = 7.523363e-07, Param MSE = 7.753232e-06, Grad norm = 1.488611e-07, Beta update rate = 6.524080e-09
Epoch 414200 (8.3%): Train pred MSE = 9.457357e-10, Test pred MSE = 7.523276e-07, Param MSE = 7.753144e-06, Grad norm = 1.486775e-07, Beta update rate = 6.515571e-09
Epoch 414400 (8.3%): Train pred MSE = 9.435279e-10, Test pred MSE = 7.523189e-07, Param MSE = 7.753057e-06, Grad norm = 1.484941e-07, Beta update rate = 6.507074e-09
Epoch 414600 (8.3%): Train pred MSE = 9.413256e-10, Test pred MSE = 7.523103e-07, Param MSE = 7.752969e-06, Grad norm = 1.483109e-07, Beta update rate = 6.498591e-09
Epoch 414800 (8.3%): Train pred MSE = 9.391288e-10, Test pred MSE = 7.523017e-07, Param MSE = 7.752882e-06, Grad norm = 1.481281e-07, Beta update rate = 6.490120e-09
Epoch 415000 (8.3%): Train pred MSE = 9.369373e-10, Test pred MSE = 7.522930e-07, Param MSE = 7.752795e-06, Grad norm = 1.479454e-07, Beta update rate = 6.481663e-09
Epoch 415200 (8.3%): Train pred MSE = 9.347512e-10, Test pred MSE = 7.522844e-07, Param MSE = 7.752708e-06, Grad norm = 1.477631e-07, Beta update rate = 6.473218e-09
Epoch 415400 (8.3%): Train pred MSE = 9.325705e-10, Test pred MSE = 7.522758e-07, Param MSE = 7.752621e-06, Grad norm = 1.475810e-07, Beta update rate = 6.464786e-09
Epoch 415600 (8.3%): Train pred MSE = 9.303952e-10, Test pred MSE = 7.522673e-07, Param MSE = 7.752534e-06, Grad norm = 1.473991e-07, Beta update rate = 6.456367e-09
Epoch 415800 (8.3%): Train pred MSE = 9.282253e-10, Test pred MSE = 7.522587e-07, Param MSE = 7.752448e-06, Grad norm = 1.472176e-07, Beta update rate = 6.447960e-09
Epoch 416000 (8.3%): Train pred MSE = 9.260607e-10, Test pred MSE = 7.522502e-07, Param MSE = 7.752361e-06, Grad norm = 1.470362e-07, Beta update rate = 6.439567e-09
Epoch 416200 (8.3%): Train pred MSE = 9.239014e-10, Test pred MSE = 7.522416e-07, Param MSE = 7.752275e-06, Grad norm = 1.468552e-07, Beta update rate = 6.431186e-09
Epoch 416400 (8.3%): Train pred MSE = 9.217474e-10, Test pred MSE = 7.522331e-07, Param MSE = 7.752189e-06, Grad norm = 1.466743e-07, Beta update rate = 6.422818e-09
Epoch 416600 (8.3%): Train pred MSE = 9.195987e-10, Test pred MSE = 7.522246e-07, Param MSE = 7.752103e-06, Grad norm = 1.464938e-07, Beta update rate = 6.414463e-09
Epoch 416800 (8.3%): Train pred MSE = 9.174554e-10, Test pred MSE = 7.522161e-07, Param MSE = 7.752017e-06, Grad norm = 1.463135e-07, Beta update rate = 6.406120e-09
Epoch 417000 (8.3%): Train pred MSE = 9.153172e-10, Test pred MSE = 7.522076e-07, Param MSE = 7.751931e-06, Grad norm = 1.461334e-07, Beta update rate = 6.397790e-09
Epoch 417200 (8.3%): Train pred MSE = 9.131844e-10, Test pred MSE = 7.521991e-07, Param MSE = 7.751846e-06, Grad norm = 1.459536e-07, Beta update rate = 6.389472e-09
Epoch 417400 (8.3%): Train pred MSE = 9.110568e-10, Test pred MSE = 7.521907e-07, Param MSE = 7.751760e-06, Grad norm = 1.457740e-07, Beta update rate = 6.381168e-09
Epoch 417600 (8.4%): Train pred MSE = 9.089344e-10, Test pred MSE = 7.521822e-07, Param MSE = 7.751675e-06, Grad norm = 1.455947e-07, Beta update rate = 6.372875e-09
Epoch 417800 (8.4%): Train pred MSE = 9.068173e-10, Test pred MSE = 7.521738e-07, Param MSE = 7.751590e-06, Grad norm = 1.454157e-07, Beta update rate = 6.364596e-09
Epoch 418000 (8.4%): Train pred MSE = 9.047053e-10, Test pred MSE = 7.521654e-07, Param MSE = 7.751504e-06, Grad norm = 1.452369e-07, Beta update rate = 6.356328e-09
Epoch 418200 (8.4%): Train pred MSE = 9.025985e-10, Test pred MSE = 7.521570e-07, Param MSE = 7.751420e-06, Grad norm = 1.450584e-07, Beta update rate = 6.348074e-09
Epoch 418400 (8.4%): Train pred MSE = 9.004970e-10, Test pred MSE = 7.521486e-07, Param MSE = 7.751335e-06, Grad norm = 1.448801e-07, Beta update rate = 6.339832e-09
Epoch 418600 (8.4%): Train pred MSE = 8.984005e-10, Test pred MSE = 7.521402e-07, Param MSE = 7.751250e-06, Grad norm = 1.447020e-07, Beta update rate = 6.331602e-09
Epoch 418800 (8.4%): Train pred MSE = 8.963093e-10, Test pred MSE = 7.521318e-07, Param MSE = 7.751166e-06, Grad norm = 1.445242e-07, Beta update rate = 6.323385e-09
Epoch 419000 (8.4%): Train pred MSE = 8.942231e-10, Test pred MSE = 7.521235e-07, Param MSE = 7.751081e-06, Grad norm = 1.443467e-07, Beta update rate = 6.315180e-09
Epoch 419200 (8.4%): Train pred MSE = 8.921421e-10, Test pred MSE = 7.521151e-07, Param MSE = 7.750997e-06, Grad norm = 1.441694e-07, Beta update rate = 6.306987e-09
Epoch 419400 (8.4%): Train pred MSE = 8.900662e-10, Test pred MSE = 7.521068e-07, Param MSE = 7.750913e-06, Grad norm = 1.439923e-07, Beta update rate = 6.298807e-09
Epoch 419600 (8.4%): Train pred MSE = 8.879954e-10, Test pred MSE = 7.520985e-07, Param MSE = 7.750829e-06, Grad norm = 1.438155e-07, Beta update rate = 6.290640e-09
Epoch 419800 (8.4%): Train pred MSE = 8.859296e-10, Test pred MSE = 7.520902e-07, Param MSE = 7.750745e-06, Grad norm = 1.436390e-07, Beta update rate = 6.282484e-09
Epoch 420000 (8.4%): Train pred MSE = 8.838690e-10, Test pred MSE = 7.520819e-07, Param MSE = 7.750661e-06, Grad norm = 1.434627e-07, Beta update rate = 6.274341e-09
Epoch 420200 (8.4%): Train pred MSE = 8.818134e-10, Test pred MSE = 7.520736e-07, Param MSE = 7.750577e-06, Grad norm = 1.432866e-07, Beta update rate = 6.266210e-09
Epoch 420400 (8.4%): Train pred MSE = 8.797628e-10, Test pred MSE = 7.520654e-07, Param MSE = 7.750494e-06, Grad norm = 1.431108e-07, Beta update rate = 6.258092e-09
Epoch 420600 (8.4%): Train pred MSE = 8.777173e-10, Test pred MSE = 7.520571e-07, Param MSE = 7.750411e-06, Grad norm = 1.429353e-07, Beta update rate = 6.249985e-09
Epoch 420800 (8.4%): Train pred MSE = 8.756767e-10, Test pred MSE = 7.520489e-07, Param MSE = 7.750327e-06, Grad norm = 1.427600e-07, Beta update rate = 6.241891e-09
Epoch 421000 (8.4%): Train pred MSE = 8.736412e-10, Test pred MSE = 7.520407e-07, Param MSE = 7.750244e-06, Grad norm = 1.425849e-07, Beta update rate = 6.233810e-09
Epoch 421200 (8.4%): Train pred MSE = 8.716107e-10, Test pred MSE = 7.520325e-07, Param MSE = 7.750161e-06, Grad norm = 1.424101e-07, Beta update rate = 6.225740e-09
Epoch 421400 (8.4%): Train pred MSE = 8.695851e-10, Test pred MSE = 7.520243e-07, Param MSE = 7.750078e-06, Grad norm = 1.422355e-07, Beta update rate = 6.217682e-09
Epoch 421600 (8.4%): Train pred MSE = 8.675645e-10, Test pred MSE = 7.520161e-07, Param MSE = 7.749996e-06, Grad norm = 1.420611e-07, Beta update rate = 6.209637e-09
Epoch 421800 (8.4%): Train pred MSE = 8.655489e-10, Test pred MSE = 7.520079e-07, Param MSE = 7.749913e-06, Grad norm = 1.418870e-07, Beta update rate = 6.201603e-09
Epoch 422000 (8.4%): Train pred MSE = 8.635382e-10, Test pred MSE = 7.519998e-07, Param MSE = 7.749831e-06, Grad norm = 1.417132e-07, Beta update rate = 6.193582e-09
Epoch 422200 (8.4%): Train pred MSE = 8.615324e-10, Test pred MSE = 7.519916e-07, Param MSE = 7.749748e-06, Grad norm = 1.415396e-07, Beta update rate = 6.185573e-09
Epoch 422400 (8.4%): Train pred MSE = 8.595315e-10, Test pred MSE = 7.519835e-07, Param MSE = 7.749666e-06, Grad norm = 1.413662e-07, Beta update rate = 6.177576e-09
Epoch 422600 (8.5%): Train pred MSE = 8.575355e-10, Test pred MSE = 7.519754e-07, Param MSE = 7.749584e-06, Grad norm = 1.411931e-07, Beta update rate = 6.169591e-09
Epoch 422800 (8.5%): Train pred MSE = 8.555444e-10, Test pred MSE = 7.519673e-07, Param MSE = 7.749502e-06, Grad norm = 1.410202e-07, Beta update rate = 6.161618e-09
Epoch 423000 (8.5%): Train pred MSE = 8.535582e-10, Test pred MSE = 7.519592e-07, Param MSE = 7.749420e-06, Grad norm = 1.408476e-07, Beta update rate = 6.153657e-09
Epoch 423200 (8.5%): Train pred MSE = 8.515769e-10, Test pred MSE = 7.519511e-07, Param MSE = 7.749339e-06, Grad norm = 1.406752e-07, Beta update rate = 6.145707e-09
Epoch 423400 (8.5%): Train pred MSE = 8.496004e-10, Test pred MSE = 7.519430e-07, Param MSE = 7.749257e-06, Grad norm = 1.405030e-07, Beta update rate = 6.137770e-09
Epoch 423600 (8.5%): Train pred MSE = 8.476287e-10, Test pred MSE = 7.519350e-07, Param MSE = 7.749176e-06, Grad norm = 1.403311e-07, Beta update rate = 6.129845e-09
Epoch 423800 (8.5%): Train pred MSE = 8.456618e-10, Test pred MSE = 7.519269e-07, Param MSE = 7.749095e-06, Grad norm = 1.401594e-07, Beta update rate = 6.121931e-09
Epoch 424000 (8.5%): Train pred MSE = 8.436998e-10, Test pred MSE = 7.519189e-07, Param MSE = 7.749013e-06, Grad norm = 1.399880e-07, Beta update rate = 6.114030e-09
Epoch 424200 (8.5%): Train pred MSE = 8.417425e-10, Test pred MSE = 7.519109e-07, Param MSE = 7.748932e-06, Grad norm = 1.398168e-07, Beta update rate = 6.106140e-09
Epoch 424400 (8.5%): Train pred MSE = 8.397901e-10, Test pred MSE = 7.519029e-07, Param MSE = 7.748851e-06, Grad norm = 1.396458e-07, Beta update rate = 6.098262e-09
Epoch 424600 (8.5%): Train pred MSE = 8.378424e-10, Test pred MSE = 7.518949e-07, Param MSE = 7.748771e-06, Grad norm = 1.394751e-07, Beta update rate = 6.090396e-09
Epoch 424800 (8.5%): Train pred MSE = 8.358994e-10, Test pred MSE = 7.518869e-07, Param MSE = 7.748690e-06, Grad norm = 1.393046e-07, Beta update rate = 6.082542e-09
Epoch 425000 (8.5%): Train pred MSE = 8.339612e-10, Test pred MSE = 7.518789e-07, Param MSE = 7.748609e-06, Grad norm = 1.391344e-07, Beta update rate = 6.074699e-09
Epoch 425200 (8.5%): Train pred MSE = 8.320278e-10, Test pred MSE = 7.518710e-07, Param MSE = 7.748529e-06, Grad norm = 1.389643e-07, Beta update rate = 6.066868e-09
Epoch 425400 (8.5%): Train pred MSE = 8.300991e-10, Test pred MSE = 7.518630e-07, Param MSE = 7.748449e-06, Grad norm = 1.387946e-07, Beta update rate = 6.059049e-09
Epoch 425600 (8.5%): Train pred MSE = 8.281750e-10, Test pred MSE = 7.518551e-07, Param MSE = 7.748369e-06, Grad norm = 1.386250e-07, Beta update rate = 6.051242e-09
Epoch 425800 (8.5%): Train pred MSE = 8.262557e-10, Test pred MSE = 7.518472e-07, Param MSE = 7.748289e-06, Grad norm = 1.384557e-07, Beta update rate = 6.043446e-09
Epoch 426000 (8.5%): Train pred MSE = 8.243411e-10, Test pred MSE = 7.518393e-07, Param MSE = 7.748209e-06, Grad norm = 1.382867e-07, Beta update rate = 6.035662e-09
Epoch 426200 (8.5%): Train pred MSE = 8.224311e-10, Test pred MSE = 7.518314e-07, Param MSE = 7.748129e-06, Grad norm = 1.381178e-07, Beta update rate = 6.027889e-09
Epoch 426400 (8.5%): Train pred MSE = 8.205258e-10, Test pred MSE = 7.518235e-07, Param MSE = 7.748049e-06, Grad norm = 1.379492e-07, Beta update rate = 6.020128e-09
Epoch 426600 (8.5%): Train pred MSE = 8.186251e-10, Test pred MSE = 7.518156e-07, Param MSE = 7.747970e-06, Grad norm = 1.377809e-07, Beta update rate = 6.012379e-09
Epoch 426800 (8.5%): Train pred MSE = 8.167291e-10, Test pred MSE = 7.518077e-07, Param MSE = 7.747890e-06, Grad norm = 1.376127e-07, Beta update rate = 6.004641e-09
Epoch 427000 (8.5%): Train pred MSE = 8.148377e-10, Test pred MSE = 7.517999e-07, Param MSE = 7.747811e-06, Grad norm = 1.374448e-07, Beta update rate = 5.996915e-09
Epoch 427200 (8.5%): Train pred MSE = 8.129509e-10, Test pred MSE = 7.517921e-07, Param MSE = 7.747732e-06, Grad norm = 1.372772e-07, Beta update rate = 5.989201e-09
Epoch 427400 (8.5%): Train pred MSE = 8.110687e-10, Test pred MSE = 7.517842e-07, Param MSE = 7.747653e-06, Grad norm = 1.371097e-07, Beta update rate = 5.981498e-09
Epoch 427600 (8.6%): Train pred MSE = 8.091911e-10, Test pred MSE = 7.517764e-07, Param MSE = 7.747574e-06, Grad norm = 1.369425e-07, Beta update rate = 5.973806e-09
Epoch 427800 (8.6%): Train pred MSE = 8.073181e-10, Test pred MSE = 7.517686e-07, Param MSE = 7.747495e-06, Grad norm = 1.367756e-07, Beta update rate = 5.966126e-09
Epoch 428000 (8.6%): Train pred MSE = 8.054497e-10, Test pred MSE = 7.517609e-07, Param MSE = 7.747417e-06, Grad norm = 1.366088e-07, Beta update rate = 5.958457e-09
Epoch 428200 (8.6%): Train pred MSE = 8.035858e-10, Test pred MSE = 7.517531e-07, Param MSE = 7.747338e-06, Grad norm = 1.364423e-07, Beta update rate = 5.950800e-09
Epoch 428400 (8.6%): Train pred MSE = 8.017264e-10, Test pred MSE = 7.517453e-07, Param MSE = 7.747260e-06, Grad norm = 1.362760e-07, Beta update rate = 5.943154e-09
Epoch 428600 (8.6%): Train pred MSE = 7.998716e-10, Test pred MSE = 7.517376e-07, Param MSE = 7.747181e-06, Grad norm = 1.361100e-07, Beta update rate = 5.935519e-09
Epoch 428800 (8.6%): Train pred MSE = 7.980212e-10, Test pred MSE = 7.517298e-07, Param MSE = 7.747103e-06, Grad norm = 1.359442e-07, Beta update rate = 5.927896e-09
Epoch 429000 (8.6%): Train pred MSE = 7.961754e-10, Test pred MSE = 7.517221e-07, Param MSE = 7.747025e-06, Grad norm = 1.357786e-07, Beta update rate = 5.920284e-09
Epoch 429200 (8.6%): Train pred MSE = 7.943341e-10, Test pred MSE = 7.517144e-07, Param MSE = 7.746947e-06, Grad norm = 1.356132e-07, Beta update rate = 5.912684e-09
Epoch 429400 (8.6%): Train pred MSE = 7.924973e-10, Test pred MSE = 7.517067e-07, Param MSE = 7.746869e-06, Grad norm = 1.354481e-07, Beta update rate = 5.905095e-09
Epoch 429600 (8.6%): Train pred MSE = 7.906649e-10, Test pred MSE = 7.516990e-07, Param MSE = 7.746792e-06, Grad norm = 1.352832e-07, Beta update rate = 5.897517e-09
Epoch 429800 (8.6%): Train pred MSE = 7.888370e-10, Test pred MSE = 7.516913e-07, Param MSE = 7.746714e-06, Grad norm = 1.351185e-07, Beta update rate = 5.889950e-09
Epoch 430000 (8.6%): Train pred MSE = 7.870135e-10, Test pred MSE = 7.516837e-07, Param MSE = 7.746637e-06, Grad norm = 1.349541e-07, Beta update rate = 5.882395e-09
Epoch 430200 (8.6%): Train pred MSE = 7.851945e-10, Test pred MSE = 7.516760e-07, Param MSE = 7.746559e-06, Grad norm = 1.347899e-07, Beta update rate = 5.874851e-09
Epoch 430400 (8.6%): Train pred MSE = 7.833799e-10, Test pred MSE = 7.516684e-07, Param MSE = 7.746482e-06, Grad norm = 1.346259e-07, Beta update rate = 5.867318e-09
Epoch 430600 (8.6%): Train pred MSE = 7.815697e-10, Test pred MSE = 7.516607e-07, Param MSE = 7.746405e-06, Grad norm = 1.344621e-07, Beta update rate = 5.859796e-09
Epoch 430800 (8.6%): Train pred MSE = 7.797639e-10, Test pred MSE = 7.516531e-07, Param MSE = 7.746328e-06, Grad norm = 1.342986e-07, Beta update rate = 5.852285e-09
Epoch 431000 (8.6%): Train pred MSE = 7.779625e-10, Test pred MSE = 7.516455e-07, Param MSE = 7.746251e-06, Grad norm = 1.341353e-07, Beta update rate = 5.844786e-09
Epoch 431200 (8.6%): Train pred MSE = 7.761655e-10, Test pred MSE = 7.516379e-07, Param MSE = 7.746174e-06, Grad norm = 1.339722e-07, Beta update rate = 5.837297e-09
Epoch 431400 (8.6%): Train pred MSE = 7.743728e-10, Test pred MSE = 7.516303e-07, Param MSE = 7.746098e-06, Grad norm = 1.338093e-07, Beta update rate = 5.829820e-09
Epoch 431600 (8.6%): Train pred MSE = 7.725845e-10, Test pred MSE = 7.516228e-07, Param MSE = 7.746021e-06, Grad norm = 1.336467e-07, Beta update rate = 5.822354e-09
Epoch 431800 (8.6%): Train pred MSE = 7.708006e-10, Test pred MSE = 7.516152e-07, Param MSE = 7.745945e-06, Grad norm = 1.334843e-07, Beta update rate = 5.814899e-09
Epoch 432000 (8.6%): Train pred MSE = 7.690209e-10, Test pred MSE = 7.516077e-07, Param MSE = 7.745869e-06, Grad norm = 1.333221e-07, Beta update rate = 5.807455e-09
Epoch 432200 (8.6%): Train pred MSE = 7.672456e-10, Test pred MSE = 7.516001e-07, Param MSE = 7.745792e-06, Grad norm = 1.331601e-07, Beta update rate = 5.800022e-09
Epoch 432400 (8.6%): Train pred MSE = 7.654746e-10, Test pred MSE = 7.515926e-07, Param MSE = 7.745716e-06, Grad norm = 1.329984e-07, Beta update rate = 5.792600e-09
Epoch 432600 (8.7%): Train pred MSE = 7.637079e-10, Test pred MSE = 7.515851e-07, Param MSE = 7.745641e-06, Grad norm = 1.328369e-07, Beta update rate = 5.785189e-09
Epoch 432800 (8.7%): Train pred MSE = 7.619455e-10, Test pred MSE = 7.515776e-07, Param MSE = 7.745565e-06, Grad norm = 1.326756e-07, Beta update rate = 5.777788e-09
Epoch 433000 (8.7%): Train pred MSE = 7.601874e-10, Test pred MSE = 7.515701e-07, Param MSE = 7.745489e-06, Grad norm = 1.325145e-07, Beta update rate = 5.770399e-09
Epoch 433200 (8.7%): Train pred MSE = 7.584336e-10, Test pred MSE = 7.515626e-07, Param MSE = 7.745413e-06, Grad norm = 1.323536e-07, Beta update rate = 5.763021e-09
Epoch 433400 (8.7%): Train pred MSE = 7.566839e-10, Test pred MSE = 7.515551e-07, Param MSE = 7.745338e-06, Grad norm = 1.321930e-07, Beta update rate = 5.755654e-09
Epoch 433600 (8.7%): Train pred MSE = 7.549386e-10, Test pred MSE = 7.515477e-07, Param MSE = 7.745263e-06, Grad norm = 1.320326e-07, Beta update rate = 5.748297e-09
Epoch 433800 (8.7%): Train pred MSE = 7.531975e-10, Test pred MSE = 7.515402e-07, Param MSE = 7.745188e-06, Grad norm = 1.318724e-07, Beta update rate = 5.740952e-09
Epoch 434000 (8.7%): Train pred MSE = 7.514605e-10, Test pred MSE = 7.515328e-07, Param MSE = 7.745112e-06, Grad norm = 1.317124e-07, Beta update rate = 5.733617e-09
Epoch 434200 (8.7%): Train pred MSE = 7.497278e-10, Test pred MSE = 7.515254e-07, Param MSE = 7.745037e-06, Grad norm = 1.315527e-07, Beta update rate = 5.726293e-09
Epoch 434400 (8.7%): Train pred MSE = 7.479994e-10, Test pred MSE = 7.515180e-07, Param MSE = 7.744963e-06, Grad norm = 1.313931e-07, Beta update rate = 5.718980e-09
Epoch 434600 (8.7%): Train pred MSE = 7.462750e-10, Test pred MSE = 7.515106e-07, Param MSE = 7.744888e-06, Grad norm = 1.312338e-07, Beta update rate = 5.711678e-09
Epoch 434800 (8.7%): Train pred MSE = 7.445549e-10, Test pred MSE = 7.515032e-07, Param MSE = 7.744813e-06, Grad norm = 1.310747e-07, Beta update rate = 5.704386e-09
Epoch 435000 (8.7%): Train pred MSE = 7.428390e-10, Test pred MSE = 7.514958e-07, Param MSE = 7.744739e-06, Grad norm = 1.309159e-07, Beta update rate = 5.697105e-09
Epoch 435200 (8.7%): Train pred MSE = 7.411272e-10, Test pred MSE = 7.514885e-07, Param MSE = 7.744664e-06, Grad norm = 1.307572e-07, Beta update rate = 5.689835e-09
Epoch 435400 (8.7%): Train pred MSE = 7.394195e-10, Test pred MSE = 7.514811e-07, Param MSE = 7.744590e-06, Grad norm = 1.305988e-07, Beta update rate = 5.682576e-09
Epoch 435600 (8.7%): Train pred MSE = 7.377160e-10, Test pred MSE = 7.514738e-07, Param MSE = 7.744516e-06, Grad norm = 1.304406e-07, Beta update rate = 5.675327e-09
Epoch 435800 (8.7%): Train pred MSE = 7.360166e-10, Test pred MSE = 7.514664e-07, Param MSE = 7.744442e-06, Grad norm = 1.302825e-07, Beta update rate = 5.668089e-09
Epoch 436000 (8.7%): Train pred MSE = 7.343213e-10, Test pred MSE = 7.514591e-07, Param MSE = 7.744368e-06, Grad norm = 1.301248e-07, Beta update rate = 5.660862e-09
Epoch 436200 (8.7%): Train pred MSE = 7.326301e-10, Test pred MSE = 7.514518e-07, Param MSE = 7.744294e-06, Grad norm = 1.299672e-07, Beta update rate = 5.653645e-09
Epoch 436400 (8.7%): Train pred MSE = 7.309430e-10, Test pred MSE = 7.514445e-07, Param MSE = 7.744220e-06, Grad norm = 1.298098e-07, Beta update rate = 5.646439e-09
Epoch 436600 (8.7%): Train pred MSE = 7.292600e-10, Test pred MSE = 7.514372e-07, Param MSE = 7.744147e-06, Grad norm = 1.296527e-07, Beta update rate = 5.639244e-09
Epoch 436800 (8.7%): Train pred MSE = 7.275811e-10, Test pred MSE = 7.514300e-07, Param MSE = 7.744073e-06, Grad norm = 1.294958e-07, Beta update rate = 5.632059e-09
Epoch 437000 (8.7%): Train pred MSE = 7.259062e-10, Test pred MSE = 7.514227e-07, Param MSE = 7.744000e-06, Grad norm = 1.293391e-07, Beta update rate = 5.624885e-09
Epoch 437200 (8.7%): Train pred MSE = 7.242354e-10, Test pred MSE = 7.514154e-07, Param MSE = 7.743927e-06, Grad norm = 1.291826e-07, Beta update rate = 5.617721e-09
Epoch 437400 (8.7%): Train pred MSE = 7.225686e-10, Test pred MSE = 7.514082e-07, Param MSE = 7.743853e-06, Grad norm = 1.290263e-07, Beta update rate = 5.610568e-09
Epoch 437600 (8.8%): Train pred MSE = 7.209059e-10, Test pred MSE = 7.514010e-07, Param MSE = 7.743780e-06, Grad norm = 1.288702e-07, Beta update rate = 5.603425e-09
Epoch 437800 (8.8%): Train pred MSE = 7.192471e-10, Test pred MSE = 7.513937e-07, Param MSE = 7.743708e-06, Grad norm = 1.287144e-07, Beta update rate = 5.596293e-09
Epoch 438000 (8.8%): Train pred MSE = 7.175924e-10, Test pred MSE = 7.513865e-07, Param MSE = 7.743635e-06, Grad norm = 1.285587e-07, Beta update rate = 5.589171e-09
Epoch 438200 (8.8%): Train pred MSE = 7.159417e-10, Test pred MSE = 7.513793e-07, Param MSE = 7.743562e-06, Grad norm = 1.284033e-07, Beta update rate = 5.582060e-09
Epoch 438400 (8.8%): Train pred MSE = 7.142950e-10, Test pred MSE = 7.513722e-07, Param MSE = 7.743489e-06, Grad norm = 1.282481e-07, Beta update rate = 5.574959e-09
Epoch 438600 (8.8%): Train pred MSE = 7.126522e-10, Test pred MSE = 7.513650e-07, Param MSE = 7.743417e-06, Grad norm = 1.280931e-07, Beta update rate = 5.567868e-09
Epoch 438800 (8.8%): Train pred MSE = 7.110134e-10, Test pred MSE = 7.513578e-07, Param MSE = 7.743345e-06, Grad norm = 1.279383e-07, Beta update rate = 5.560788e-09
Epoch 439000 (8.8%): Train pred MSE = 7.093786e-10, Test pred MSE = 7.513507e-07, Param MSE = 7.743272e-06, Grad norm = 1.277837e-07, Beta update rate = 5.553718e-09
Epoch 439200 (8.8%): Train pred MSE = 7.077477e-10, Test pred MSE = 7.513435e-07, Param MSE = 7.743200e-06, Grad norm = 1.276293e-07, Beta update rate = 5.546659e-09
Epoch 439400 (8.8%): Train pred MSE = 7.061208e-10, Test pred MSE = 7.513364e-07, Param MSE = 7.743128e-06, Grad norm = 1.274752e-07, Beta update rate = 5.539610e-09
Epoch 439600 (8.8%): Train pred MSE = 7.044977e-10, Test pred MSE = 7.513293e-07, Param MSE = 7.743056e-06, Grad norm = 1.273212e-07, Beta update rate = 5.532571e-09
Epoch 439800 (8.8%): Train pred MSE = 7.028787e-10, Test pred MSE = 7.513222e-07, Param MSE = 7.742984e-06, Grad norm = 1.271675e-07, Beta update rate = 5.525543e-09
Epoch 440000 (8.8%): Train pred MSE = 7.012635e-10, Test pred MSE = 7.513151e-07, Param MSE = 7.742913e-06, Grad norm = 1.270140e-07, Beta update rate = 5.518525e-09
Epoch 440200 (8.8%): Train pred MSE = 6.996522e-10, Test pred MSE = 7.513080e-07, Param MSE = 7.742841e-06, Grad norm = 1.268607e-07, Beta update rate = 5.511517e-09
Epoch 440400 (8.8%): Train pred MSE = 6.980448e-10, Test pred MSE = 7.513009e-07, Param MSE = 7.742770e-06, Grad norm = 1.267075e-07, Beta update rate = 5.504519e-09
Epoch 440600 (8.8%): Train pred MSE = 6.964412e-10, Test pred MSE = 7.512938e-07, Param MSE = 7.742698e-06, Grad norm = 1.265546e-07, Beta update rate = 5.497532e-09
Epoch 440800 (8.8%): Train pred MSE = 6.948416e-10, Test pred MSE = 7.512868e-07, Param MSE = 7.742627e-06, Grad norm = 1.264020e-07, Beta update rate = 5.490555e-09
Epoch 441000 (8.8%): Train pred MSE = 6.932458e-10, Test pred MSE = 7.512797e-07, Param MSE = 7.742556e-06, Grad norm = 1.262495e-07, Beta update rate = 5.483588e-09
Epoch 441200 (8.8%): Train pred MSE = 6.916538e-10, Test pred MSE = 7.512727e-07, Param MSE = 7.742485e-06, Grad norm = 1.260972e-07, Beta update rate = 5.476631e-09
Epoch 441400 (8.8%): Train pred MSE = 6.900657e-10, Test pred MSE = 7.512657e-07, Param MSE = 7.742414e-06, Grad norm = 1.259451e-07, Beta update rate = 5.469685e-09
Epoch 441600 (8.8%): Train pred MSE = 6.884814e-10, Test pred MSE = 7.512587e-07, Param MSE = 7.742343e-06, Grad norm = 1.257933e-07, Beta update rate = 5.462748e-09
Epoch 441800 (8.8%): Train pred MSE = 6.869009e-10, Test pred MSE = 7.512517e-07, Param MSE = 7.742272e-06, Grad norm = 1.256416e-07, Beta update rate = 5.455822e-09
Epoch 442000 (8.8%): Train pred MSE = 6.853243e-10, Test pred MSE = 7.512447e-07, Param MSE = 7.742202e-06, Grad norm = 1.254902e-07, Beta update rate = 5.448906e-09
Epoch 442200 (8.8%): Train pred MSE = 6.837514e-10, Test pred MSE = 7.512377e-07, Param MSE = 7.742131e-06, Grad norm = 1.253389e-07, Beta update rate = 5.442000e-09
Epoch 442400 (8.8%): Train pred MSE = 6.821823e-10, Test pred MSE = 7.512307e-07, Param MSE = 7.742061e-06, Grad norm = 1.251879e-07, Beta update rate = 5.435103e-09
Epoch 442600 (8.9%): Train pred MSE = 6.806170e-10, Test pred MSE = 7.512238e-07, Param MSE = 7.741991e-06, Grad norm = 1.250370e-07, Beta update rate = 5.428217e-09
Epoch 442800 (8.9%): Train pred MSE = 6.790555e-10, Test pred MSE = 7.512168e-07, Param MSE = 7.741920e-06, Grad norm = 1.248864e-07, Beta update rate = 5.421341e-09
Epoch 443000 (8.9%): Train pred MSE = 6.774977e-10, Test pred MSE = 7.512099e-07, Param MSE = 7.741850e-06, Grad norm = 1.247360e-07, Beta update rate = 5.414476e-09
Epoch 443200 (8.9%): Train pred MSE = 6.759437e-10, Test pred MSE = 7.512030e-07, Param MSE = 7.741780e-06, Grad norm = 1.245858e-07, Beta update rate = 5.407620e-09
Epoch 443400 (8.9%): Train pred MSE = 6.743934e-10, Test pred MSE = 7.511961e-07, Param MSE = 7.741711e-06, Grad norm = 1.244358e-07, Beta update rate = 5.400774e-09
Epoch 443600 (8.9%): Train pred MSE = 6.728469e-10, Test pred MSE = 7.511891e-07, Param MSE = 7.741641e-06, Grad norm = 1.242860e-07, Beta update rate = 5.393938e-09
Epoch 443800 (8.9%): Train pred MSE = 6.713041e-10, Test pred MSE = 7.511823e-07, Param MSE = 7.741571e-06, Grad norm = 1.241363e-07, Beta update rate = 5.387112e-09
Epoch 444000 (8.9%): Train pred MSE = 6.697649e-10, Test pred MSE = 7.511754e-07, Param MSE = 7.741502e-06, Grad norm = 1.239869e-07, Beta update rate = 5.380296e-09
Epoch 444200 (8.9%): Train pred MSE = 6.682295e-10, Test pred MSE = 7.511685e-07, Param MSE = 7.741432e-06, Grad norm = 1.238377e-07, Beta update rate = 5.373489e-09
Epoch 444400 (8.9%): Train pred MSE = 6.666978e-10, Test pred MSE = 7.511616e-07, Param MSE = 7.741363e-06, Grad norm = 1.236887e-07, Beta update rate = 5.366693e-09
Epoch 444600 (8.9%): Train pred MSE = 6.651698e-10, Test pred MSE = 7.511548e-07, Param MSE = 7.741294e-06, Grad norm = 1.235400e-07, Beta update rate = 5.359907e-09
Epoch 444800 (8.9%): Train pred MSE = 6.636454e-10, Test pred MSE = 7.511479e-07, Param MSE = 7.741225e-06, Grad norm = 1.233914e-07, Beta update rate = 5.353130e-09
Epoch 445000 (8.9%): Train pred MSE = 6.621247e-10, Test pred MSE = 7.511411e-07, Param MSE = 7.741156e-06, Grad norm = 1.232430e-07, Beta update rate = 5.346363e-09
Epoch 445200 (8.9%): Train pred MSE = 6.606077e-10, Test pred MSE = 7.511343e-07, Param MSE = 7.741087e-06, Grad norm = 1.230948e-07, Beta update rate = 5.339606e-09
Epoch 445400 (8.9%): Train pred MSE = 6.590943e-10, Test pred MSE = 7.511275e-07, Param MSE = 7.741018e-06, Grad norm = 1.229468e-07, Beta update rate = 5.332859e-09
Epoch 445600 (8.9%): Train pred MSE = 6.575845e-10, Test pred MSE = 7.511207e-07, Param MSE = 7.740949e-06, Grad norm = 1.227990e-07, Beta update rate = 5.326122e-09
Epoch 445800 (8.9%): Train pred MSE = 6.560784e-10, Test pred MSE = 7.511139e-07, Param MSE = 7.740881e-06, Grad norm = 1.226514e-07, Beta update rate = 5.319395e-09
Epoch 446000 (8.9%): Train pred MSE = 6.545759e-10, Test pred MSE = 7.511071e-07, Param MSE = 7.740812e-06, Grad norm = 1.225040e-07, Beta update rate = 5.312677e-09
Epoch 446200 (8.9%): Train pred MSE = 6.530769e-10, Test pred MSE = 7.511003e-07, Param MSE = 7.740744e-06, Grad norm = 1.223568e-07, Beta update rate = 5.305969e-09
Epoch 446400 (8.9%): Train pred MSE = 6.515816e-10, Test pred MSE = 7.510936e-07, Param MSE = 7.740675e-06, Grad norm = 1.222098e-07, Beta update rate = 5.299271e-09
Epoch 446600 (8.9%): Train pred MSE = 6.500899e-10, Test pred MSE = 7.510868e-07, Param MSE = 7.740607e-06, Grad norm = 1.220630e-07, Beta update rate = 5.292582e-09
Epoch 446800 (8.9%): Train pred MSE = 6.486018e-10, Test pred MSE = 7.510801e-07, Param MSE = 7.740539e-06, Grad norm = 1.219164e-07, Beta update rate = 5.285903e-09
Epoch 447000 (8.9%): Train pred MSE = 6.471172e-10, Test pred MSE = 7.510733e-07, Param MSE = 7.740471e-06, Grad norm = 1.217700e-07, Beta update rate = 5.279234e-09
Epoch 447200 (8.9%): Train pred MSE = 6.456362e-10, Test pred MSE = 7.510666e-07, Param MSE = 7.740403e-06, Grad norm = 1.216238e-07, Beta update rate = 5.272575e-09
Epoch 447400 (8.9%): Train pred MSE = 6.441588e-10, Test pred MSE = 7.510599e-07, Param MSE = 7.740336e-06, Grad norm = 1.214778e-07, Beta update rate = 5.265925e-09
Epoch 447600 (9.0%): Train pred MSE = 6.426849e-10, Test pred MSE = 7.510532e-07, Param MSE = 7.740268e-06, Grad norm = 1.213320e-07, Beta update rate = 5.259284e-09
Epoch 447800 (9.0%): Train pred MSE = 6.412145e-10, Test pred MSE = 7.510465e-07, Param MSE = 7.740200e-06, Grad norm = 1.211864e-07, Beta update rate = 5.252654e-09
Epoch 448000 (9.0%): Train pred MSE = 6.397477e-10, Test pred MSE = 7.510399e-07, Param MSE = 7.740133e-06, Grad norm = 1.210410e-07, Beta update rate = 5.246033e-09
Epoch 448200 (9.0%): Train pred MSE = 6.382843e-10, Test pred MSE = 7.510332e-07, Param MSE = 7.740066e-06, Grad norm = 1.208958e-07, Beta update rate = 5.239421e-09
Epoch 448400 (9.0%): Train pred MSE = 6.368245e-10, Test pred MSE = 7.510265e-07, Param MSE = 7.739998e-06, Grad norm = 1.207508e-07, Beta update rate = 5.232819e-09
Epoch 448600 (9.0%): Train pred MSE = 6.353682e-10, Test pred MSE = 7.510199e-07, Param MSE = 7.739931e-06, Grad norm = 1.206060e-07, Beta update rate = 5.226227e-09
Epoch 448800 (9.0%): Train pred MSE = 6.339154e-10, Test pred MSE = 7.510132e-07, Param MSE = 7.739864e-06, Grad norm = 1.204613e-07, Beta update rate = 5.219644e-09
Epoch 449000 (9.0%): Train pred MSE = 6.324661e-10, Test pred MSE = 7.510066e-07, Param MSE = 7.739797e-06, Grad norm = 1.203169e-07, Beta update rate = 5.213071e-09
Epoch 449200 (9.0%): Train pred MSE = 6.310202e-10, Test pred MSE = 7.510000e-07, Param MSE = 7.739730e-06, Grad norm = 1.201727e-07, Beta update rate = 5.206507e-09
Epoch 449400 (9.0%): Train pred MSE = 6.295778e-10, Test pred MSE = 7.509934e-07, Param MSE = 7.739664e-06, Grad norm = 1.200286e-07, Beta update rate = 5.199953e-09
Epoch 449600 (9.0%): Train pred MSE = 6.281388e-10, Test pred MSE = 7.509868e-07, Param MSE = 7.739597e-06, Grad norm = 1.198848e-07, Beta update rate = 5.193408e-09
Epoch 449800 (9.0%): Train pred MSE = 6.267033e-10, Test pred MSE = 7.509802e-07, Param MSE = 7.739531e-06, Grad norm = 1.197411e-07, Beta update rate = 5.186872e-09
Epoch 450000 (9.0%): Train pred MSE = 6.252713e-10, Test pred MSE = 7.509736e-07, Param MSE = 7.739464e-06, Grad norm = 1.195977e-07, Beta update rate = 5.180346e-09
Epoch 450200 (9.0%): Train pred MSE = 6.238426e-10, Test pred MSE = 7.509671e-07, Param MSE = 7.739398e-06, Grad norm = 1.194544e-07, Beta update rate = 5.173830e-09
Epoch 450400 (9.0%): Train pred MSE = 6.224174e-10, Test pred MSE = 7.509605e-07, Param MSE = 7.739332e-06, Grad norm = 1.193113e-07, Beta update rate = 5.167322e-09
Epoch 450600 (9.0%): Train pred MSE = 6.209956e-10, Test pred MSE = 7.509539e-07, Param MSE = 7.739265e-06, Grad norm = 1.191684e-07, Beta update rate = 5.160825e-09
Epoch 450800 (9.0%): Train pred MSE = 6.195772e-10, Test pred MSE = 7.509474e-07, Param MSE = 7.739199e-06, Grad norm = 1.190257e-07, Beta update rate = 5.154336e-09
Epoch 451000 (9.0%): Train pred MSE = 6.181622e-10, Test pred MSE = 7.509409e-07, Param MSE = 7.739133e-06, Grad norm = 1.188833e-07, Beta update rate = 5.147857e-09
Epoch 451200 (9.0%): Train pred MSE = 6.167506e-10, Test pred MSE = 7.509344e-07, Param MSE = 7.739068e-06, Grad norm = 1.187409e-07, Beta update rate = 5.141387e-09
Epoch 451400 (9.0%): Train pred MSE = 6.153424e-10, Test pred MSE = 7.509279e-07, Param MSE = 7.739002e-06, Grad norm = 1.185988e-07, Beta update rate = 5.134927e-09
Epoch 451600 (9.0%): Train pred MSE = 6.139375e-10, Test pred MSE = 7.509214e-07, Param MSE = 7.738936e-06, Grad norm = 1.184569e-07, Beta update rate = 5.128476e-09
Epoch 451800 (9.0%): Train pred MSE = 6.125360e-10, Test pred MSE = 7.509149e-07, Param MSE = 7.738871e-06, Grad norm = 1.183152e-07, Beta update rate = 5.122034e-09
Epoch 452000 (9.0%): Train pred MSE = 6.111378e-10, Test pred MSE = 7.509084e-07, Param MSE = 7.738805e-06, Grad norm = 1.181736e-07, Beta update rate = 5.115601e-09
Epoch 452200 (9.0%): Train pred MSE = 6.097430e-10, Test pred MSE = 7.509019e-07, Param MSE = 7.738740e-06, Grad norm = 1.180323e-07, Beta update rate = 5.109178e-09
Epoch 452400 (9.0%): Train pred MSE = 6.083515e-10, Test pred MSE = 7.508955e-07, Param MSE = 7.738675e-06, Grad norm = 1.178911e-07, Beta update rate = 5.102764e-09
Epoch 452600 (9.1%): Train pred MSE = 6.069634e-10, Test pred MSE = 7.508890e-07, Param MSE = 7.738610e-06, Grad norm = 1.177501e-07, Beta update rate = 5.096359e-09
Epoch 452800 (9.1%): Train pred MSE = 6.055785e-10, Test pred MSE = 7.508826e-07, Param MSE = 7.738545e-06, Grad norm = 1.176094e-07, Beta update rate = 5.089963e-09
Epoch 453000 (9.1%): Train pred MSE = 6.041970e-10, Test pred MSE = 7.508761e-07, Param MSE = 7.738480e-06, Grad norm = 1.174688e-07, Beta update rate = 5.083576e-09
Epoch 453200 (9.1%): Train pred MSE = 6.028188e-10, Test pred MSE = 7.508697e-07, Param MSE = 7.738415e-06, Grad norm = 1.173284e-07, Beta update rate = 5.077199e-09
Epoch 453400 (9.1%): Train pred MSE = 6.014438e-10, Test pred MSE = 7.508633e-07, Param MSE = 7.738350e-06, Grad norm = 1.171881e-07, Beta update rate = 5.070831e-09
Epoch 453600 (9.1%): Train pred MSE = 6.000722e-10, Test pred MSE = 7.508569e-07, Param MSE = 7.738285e-06, Grad norm = 1.170481e-07, Beta update rate = 5.064472e-09
Epoch 453800 (9.1%): Train pred MSE = 5.987038e-10, Test pred MSE = 7.508505e-07, Param MSE = 7.738221e-06, Grad norm = 1.169083e-07, Beta update rate = 5.058122e-09
Epoch 454000 (9.1%): Train pred MSE = 5.973387e-10, Test pred MSE = 7.508441e-07, Param MSE = 7.738156e-06, Grad norm = 1.167686e-07, Beta update rate = 5.051781e-09
Epoch 454200 (9.1%): Train pred MSE = 5.959768e-10, Test pred MSE = 7.508378e-07, Param MSE = 7.738092e-06, Grad norm = 1.166292e-07, Beta update rate = 5.045449e-09
Epoch 454400 (9.1%): Train pred MSE = 5.946182e-10, Test pred MSE = 7.508314e-07, Param MSE = 7.738028e-06, Grad norm = 1.164899e-07, Beta update rate = 5.039127e-09
Epoch 454600 (9.1%): Train pred MSE = 5.932629e-10, Test pred MSE = 7.508250e-07, Param MSE = 7.737964e-06, Grad norm = 1.163508e-07, Beta update rate = 5.032813e-09
Epoch 454800 (9.1%): Train pred MSE = 5.919107e-10, Test pred MSE = 7.508187e-07, Param MSE = 7.737900e-06, Grad norm = 1.162119e-07, Beta update rate = 5.026509e-09
Epoch 455000 (9.1%): Train pred MSE = 5.905618e-10, Test pred MSE = 7.508124e-07, Param MSE = 7.737836e-06, Grad norm = 1.160731e-07, Beta update rate = 5.020213e-09
Epoch 455200 (9.1%): Train pred MSE = 5.892162e-10, Test pred MSE = 7.508060e-07, Param MSE = 7.737772e-06, Grad norm = 1.159346e-07, Beta update rate = 5.013927e-09
Epoch 455400 (9.1%): Train pred MSE = 5.878737e-10, Test pred MSE = 7.507997e-07, Param MSE = 7.737708e-06, Grad norm = 1.157963e-07, Beta update rate = 5.007649e-09
Epoch 455600 (9.1%): Train pred MSE = 5.865344e-10, Test pred MSE = 7.507934e-07, Param MSE = 7.737644e-06, Grad norm = 1.156581e-07, Beta update rate = 5.001381e-09
Epoch 455800 (9.1%): Train pred MSE = 5.851984e-10, Test pred MSE = 7.507871e-07, Param MSE = 7.737581e-06, Grad norm = 1.155201e-07, Beta update rate = 4.995121e-09
Epoch 456000 (9.1%): Train pred MSE = 5.838655e-10, Test pred MSE = 7.507808e-07, Param MSE = 7.737517e-06, Grad norm = 1.153823e-07, Beta update rate = 4.988871e-09
Epoch 456200 (9.1%): Train pred MSE = 5.825358e-10, Test pred MSE = 7.507745e-07, Param MSE = 7.737454e-06, Grad norm = 1.152447e-07, Beta update rate = 4.982629e-09
Epoch 456400 (9.1%): Train pred MSE = 5.812092e-10, Test pred MSE = 7.507683e-07, Param MSE = 7.737390e-06, Grad norm = 1.151073e-07, Beta update rate = 4.976396e-09
Epoch 456600 (9.1%): Train pred MSE = 5.798859e-10, Test pred MSE = 7.507620e-07, Param MSE = 7.737327e-06, Grad norm = 1.149700e-07, Beta update rate = 4.970172e-09
Epoch 456800 (9.1%): Train pred MSE = 5.785656e-10, Test pred MSE = 7.507558e-07, Param MSE = 7.737264e-06, Grad norm = 1.148330e-07, Beta update rate = 4.963958e-09
Epoch 457000 (9.1%): Train pred MSE = 5.772486e-10, Test pred MSE = 7.507495e-07, Param MSE = 7.737201e-06, Grad norm = 1.146961e-07, Beta update rate = 4.957752e-09
Epoch 457200 (9.1%): Train pred MSE = 5.759346e-10, Test pred MSE = 7.507433e-07, Param MSE = 7.737138e-06, Grad norm = 1.145594e-07, Beta update rate = 4.951554e-09
Epoch 457400 (9.1%): Train pred MSE = 5.746238e-10, Test pred MSE = 7.507371e-07, Param MSE = 7.737075e-06, Grad norm = 1.144229e-07, Beta update rate = 4.945366e-09
Epoch 457600 (9.2%): Train pred MSE = 5.733161e-10, Test pred MSE = 7.507309e-07, Param MSE = 7.737013e-06, Grad norm = 1.142866e-07, Beta update rate = 4.939187e-09
Epoch 457800 (9.2%): Train pred MSE = 5.720115e-10, Test pred MSE = 7.507247e-07, Param MSE = 7.736950e-06, Grad norm = 1.141504e-07, Beta update rate = 4.933016e-09
Epoch 458000 (9.2%): Train pred MSE = 5.707101e-10, Test pred MSE = 7.507185e-07, Param MSE = 7.736887e-06, Grad norm = 1.140145e-07, Beta update rate = 4.926854e-09
Epoch 458200 (9.2%): Train pred MSE = 5.694117e-10, Test pred MSE = 7.507123e-07, Param MSE = 7.736825e-06, Grad norm = 1.138787e-07, Beta update rate = 4.920701e-09
Epoch 458400 (9.2%): Train pred MSE = 5.681164e-10, Test pred MSE = 7.507061e-07, Param MSE = 7.736763e-06, Grad norm = 1.137431e-07, Beta update rate = 4.914557e-09
Epoch 458600 (9.2%): Train pred MSE = 5.668242e-10, Test pred MSE = 7.506999e-07, Param MSE = 7.736700e-06, Grad norm = 1.136076e-07, Beta update rate = 4.908421e-09
Epoch 458800 (9.2%): Train pred MSE = 5.655351e-10, Test pred MSE = 7.506938e-07, Param MSE = 7.736638e-06, Grad norm = 1.134724e-07, Beta update rate = 4.902295e-09
Epoch 459000 (9.2%): Train pred MSE = 5.642490e-10, Test pred MSE = 7.506876e-07, Param MSE = 7.736576e-06, Grad norm = 1.133373e-07, Beta update rate = 4.896177e-09
Epoch 459200 (9.2%): Train pred MSE = 5.629661e-10, Test pred MSE = 7.506815e-07, Param MSE = 7.736514e-06, Grad norm = 1.132025e-07, Beta update rate = 4.890067e-09
Epoch 459400 (9.2%): Train pred MSE = 5.616861e-10, Test pred MSE = 7.506754e-07, Param MSE = 7.736452e-06, Grad norm = 1.130678e-07, Beta update rate = 4.883967e-09
Epoch 459600 (9.2%): Train pred MSE = 5.604092e-10, Test pred MSE = 7.506692e-07, Param MSE = 7.736391e-06, Grad norm = 1.129332e-07, Beta update rate = 4.877875e-09
Epoch 459800 (9.2%): Train pred MSE = 5.591353e-10, Test pred MSE = 7.506631e-07, Param MSE = 7.736329e-06, Grad norm = 1.127989e-07, Beta update rate = 4.871791e-09
Epoch 460000 (9.2%): Train pred MSE = 5.578645e-10, Test pred MSE = 7.506570e-07, Param MSE = 7.736267e-06, Grad norm = 1.126647e-07, Beta update rate = 4.865717e-09
Epoch 460200 (9.2%): Train pred MSE = 5.565967e-10, Test pred MSE = 7.506509e-07, Param MSE = 7.736206e-06, Grad norm = 1.125307e-07, Beta update rate = 4.859651e-09
Epoch 460400 (9.2%): Train pred MSE = 5.553319e-10, Test pred MSE = 7.506449e-07, Param MSE = 7.736144e-06, Grad norm = 1.123969e-07, Beta update rate = 4.853593e-09
Epoch 460600 (9.2%): Train pred MSE = 5.540701e-10, Test pred MSE = 7.506388e-07, Param MSE = 7.736083e-06, Grad norm = 1.122633e-07, Beta update rate = 4.847545e-09
Epoch 460800 (9.2%): Train pred MSE = 5.528113e-10, Test pred MSE = 7.506327e-07, Param MSE = 7.736022e-06, Grad norm = 1.121298e-07, Beta update rate = 4.841505e-09
Epoch 461000 (9.2%): Train pred MSE = 5.515555e-10, Test pred MSE = 7.506267e-07, Param MSE = 7.735961e-06, Grad norm = 1.119966e-07, Beta update rate = 4.835473e-09
Epoch 461200 (9.2%): Train pred MSE = 5.503027e-10, Test pred MSE = 7.506206e-07, Param MSE = 7.735900e-06, Grad norm = 1.118635e-07, Beta update rate = 4.829450e-09
Epoch 461400 (9.2%): Train pred MSE = 5.490528e-10, Test pred MSE = 7.506146e-07, Param MSE = 7.735839e-06, Grad norm = 1.117306e-07, Beta update rate = 4.823436e-09
Epoch 461600 (9.2%): Train pred MSE = 5.478060e-10, Test pred MSE = 7.506085e-07, Param MSE = 7.735778e-06, Grad norm = 1.115978e-07, Beta update rate = 4.817430e-09
Epoch 461800 (9.2%): Train pred MSE = 5.465620e-10, Test pred MSE = 7.506025e-07, Param MSE = 7.735717e-06, Grad norm = 1.114652e-07, Beta update rate = 4.811432e-09
Epoch 462000 (9.2%): Train pred MSE = 5.453211e-10, Test pred MSE = 7.505965e-07, Param MSE = 7.735656e-06, Grad norm = 1.113329e-07, Beta update rate = 4.805443e-09
Epoch 462200 (9.2%): Train pred MSE = 5.440831e-10, Test pred MSE = 7.505905e-07, Param MSE = 7.735596e-06, Grad norm = 1.112006e-07, Beta update rate = 4.799463e-09
Epoch 462400 (9.2%): Train pred MSE = 5.428480e-10, Test pred MSE = 7.505845e-07, Param MSE = 7.735535e-06, Grad norm = 1.110686e-07, Beta update rate = 4.793491e-09
Epoch 462600 (9.3%): Train pred MSE = 5.416158e-10, Test pred MSE = 7.505785e-07, Param MSE = 7.735475e-06, Grad norm = 1.109367e-07, Beta update rate = 4.787528e-09
Epoch 462800 (9.3%): Train pred MSE = 5.403866e-10, Test pred MSE = 7.505726e-07, Param MSE = 7.735414e-06, Grad norm = 1.108050e-07, Beta update rate = 4.781573e-09
Epoch 463000 (9.3%): Train pred MSE = 5.391603e-10, Test pred MSE = 7.505666e-07, Param MSE = 7.735354e-06, Grad norm = 1.106735e-07, Beta update rate = 4.775626e-09
Epoch 463200 (9.3%): Train pred MSE = 5.379369e-10, Test pred MSE = 7.505606e-07, Param MSE = 7.735294e-06, Grad norm = 1.105422e-07, Beta update rate = 4.769688e-09
Epoch 463400 (9.3%): Train pred MSE = 5.367164e-10, Test pred MSE = 7.505547e-07, Param MSE = 7.735234e-06, Grad norm = 1.104110e-07, Beta update rate = 4.763759e-09
Epoch 463600 (9.3%): Train pred MSE = 5.354988e-10, Test pred MSE = 7.505487e-07, Param MSE = 7.735174e-06, Grad norm = 1.102800e-07, Beta update rate = 4.757837e-09
Epoch 463800 (9.3%): Train pred MSE = 5.342841e-10, Test pred MSE = 7.505428e-07, Param MSE = 7.735114e-06, Grad norm = 1.101492e-07, Beta update rate = 4.751924e-09
Epoch 464000 (9.3%): Train pred MSE = 5.330723e-10, Test pred MSE = 7.505369e-07, Param MSE = 7.735054e-06, Grad norm = 1.100186e-07, Beta update rate = 4.746020e-09
Epoch 464200 (9.3%): Train pred MSE = 5.318633e-10, Test pred MSE = 7.505310e-07, Param MSE = 7.734995e-06, Grad norm = 1.098881e-07, Beta update rate = 4.740124e-09
Epoch 464400 (9.3%): Train pred MSE = 5.306572e-10, Test pred MSE = 7.505251e-07, Param MSE = 7.734935e-06, Grad norm = 1.097578e-07, Beta update rate = 4.734236e-09
Epoch 464600 (9.3%): Train pred MSE = 5.294540e-10, Test pred MSE = 7.505192e-07, Param MSE = 7.734875e-06, Grad norm = 1.096277e-07, Beta update rate = 4.728356e-09
Epoch 464800 (9.3%): Train pred MSE = 5.282536e-10, Test pred MSE = 7.505133e-07, Param MSE = 7.734816e-06, Grad norm = 1.094977e-07, Beta update rate = 4.722485e-09
Epoch 465000 (9.3%): Train pred MSE = 5.270560e-10, Test pred MSE = 7.505074e-07, Param MSE = 7.734757e-06, Grad norm = 1.093679e-07, Beta update rate = 4.716622e-09
Epoch 465200 (9.3%): Train pred MSE = 5.258613e-10, Test pred MSE = 7.505015e-07, Param MSE = 7.734697e-06, Grad norm = 1.092383e-07, Beta update rate = 4.710768e-09
Epoch 465400 (9.3%): Train pred MSE = 5.246694e-10, Test pred MSE = 7.504957e-07, Param MSE = 7.734638e-06, Grad norm = 1.091089e-07, Beta update rate = 4.704921e-09
Epoch 465600 (9.3%): Train pred MSE = 5.234804e-10, Test pred MSE = 7.504898e-07, Param MSE = 7.734579e-06, Grad norm = 1.089796e-07, Beta update rate = 4.699083e-09
Epoch 465800 (9.3%): Train pred MSE = 5.222942e-10, Test pred MSE = 7.504840e-07, Param MSE = 7.734520e-06, Grad norm = 1.088505e-07, Beta update rate = 4.693254e-09
Epoch 466000 (9.3%): Train pred MSE = 5.211107e-10, Test pred MSE = 7.504782e-07, Param MSE = 7.734461e-06, Grad norm = 1.087216e-07, Beta update rate = 4.687432e-09
Epoch 466200 (9.3%): Train pred MSE = 5.199301e-10, Test pred MSE = 7.504723e-07, Param MSE = 7.734402e-06, Grad norm = 1.085928e-07, Beta update rate = 4.681619e-09
Epoch 466400 (9.3%): Train pred MSE = 5.187523e-10, Test pred MSE = 7.504665e-07, Param MSE = 7.734344e-06, Grad norm = 1.084642e-07, Beta update rate = 4.675813e-09
Epoch 466600 (9.3%): Train pred MSE = 5.175772e-10, Test pred MSE = 7.504607e-07, Param MSE = 7.734285e-06, Grad norm = 1.083358e-07, Beta update rate = 4.670016e-09
Epoch 466800 (9.3%): Train pred MSE = 5.164049e-10, Test pred MSE = 7.504549e-07, Param MSE = 7.734227e-06, Grad norm = 1.082076e-07, Beta update rate = 4.664228e-09
Epoch 467000 (9.3%): Train pred MSE = 5.152355e-10, Test pred MSE = 7.504491e-07, Param MSE = 7.734168e-06, Grad norm = 1.080795e-07, Beta update rate = 4.658447e-09
Epoch 467200 (9.3%): Train pred MSE = 5.140687e-10, Test pred MSE = 7.504433e-07, Param MSE = 7.734110e-06, Grad norm = 1.079516e-07, Beta update rate = 4.652674e-09
Epoch 467400 (9.3%): Train pred MSE = 5.129048e-10, Test pred MSE = 7.504376e-07, Param MSE = 7.734051e-06, Grad norm = 1.078238e-07, Beta update rate = 4.646910e-09
Epoch 467600 (9.4%): Train pred MSE = 5.117436e-10, Test pred MSE = 7.504318e-07, Param MSE = 7.733993e-06, Grad norm = 1.076963e-07, Beta update rate = 4.641154e-09
Epoch 467800 (9.4%): Train pred MSE = 5.105851e-10, Test pred MSE = 7.504260e-07, Param MSE = 7.733935e-06, Grad norm = 1.075689e-07, Beta update rate = 4.635406e-09
Epoch 468000 (9.4%): Train pred MSE = 5.094294e-10, Test pred MSE = 7.504203e-07, Param MSE = 7.733877e-06, Grad norm = 1.074416e-07, Beta update rate = 4.629666e-09
Epoch 468200 (9.4%): Train pred MSE = 5.082764e-10, Test pred MSE = 7.504145e-07, Param MSE = 7.733819e-06, Grad norm = 1.073146e-07, Beta update rate = 4.623934e-09
Epoch 468400 (9.4%): Train pred MSE = 5.071261e-10, Test pred MSE = 7.504088e-07, Param MSE = 7.733761e-06, Grad norm = 1.071877e-07, Beta update rate = 4.618210e-09
Epoch 468600 (9.4%): Train pred MSE = 5.059785e-10, Test pred MSE = 7.504031e-07, Param MSE = 7.733703e-06, Grad norm = 1.070609e-07, Beta update rate = 4.612494e-09
Epoch 468800 (9.4%): Train pred MSE = 5.048337e-10, Test pred MSE = 7.503974e-07, Param MSE = 7.733646e-06, Grad norm = 1.069344e-07, Beta update rate = 4.606786e-09
Epoch 469000 (9.4%): Train pred MSE = 5.036916e-10, Test pred MSE = 7.503917e-07, Param MSE = 7.733588e-06, Grad norm = 1.068080e-07, Beta update rate = 4.601086e-09
Epoch 469200 (9.4%): Train pred MSE = 5.025521e-10, Test pred MSE = 7.503860e-07, Param MSE = 7.733531e-06, Grad norm = 1.066817e-07, Beta update rate = 4.595394e-09
Epoch 469400 (9.4%): Train pred MSE = 5.014154e-10, Test pred MSE = 7.503803e-07, Param MSE = 7.733473e-06, Grad norm = 1.065557e-07, Beta update rate = 4.589711e-09
Epoch 469600 (9.4%): Train pred MSE = 5.002813e-10, Test pred MSE = 7.503746e-07, Param MSE = 7.733416e-06, Grad norm = 1.064298e-07, Beta update rate = 4.584035e-09
Epoch 469800 (9.4%): Train pred MSE = 4.991499e-10, Test pred MSE = 7.503689e-07, Param MSE = 7.733359e-06, Grad norm = 1.063040e-07, Beta update rate = 4.578367e-09
Epoch 470000 (9.4%): Train pred MSE = 4.980212e-10, Test pred MSE = 7.503633e-07, Param MSE = 7.733301e-06, Grad norm = 1.061785e-07, Beta update rate = 4.572707e-09
Epoch 470200 (9.4%): Train pred MSE = 4.968952e-10, Test pred MSE = 7.503576e-07, Param MSE = 7.733244e-06, Grad norm = 1.060531e-07, Beta update rate = 4.567055e-09
Epoch 470400 (9.4%): Train pred MSE = 4.957718e-10, Test pred MSE = 7.503519e-07, Param MSE = 7.733187e-06, Grad norm = 1.059278e-07, Beta update rate = 4.561411e-09
Epoch 470600 (9.4%): Train pred MSE = 4.946511e-10, Test pred MSE = 7.503463e-07, Param MSE = 7.733130e-06, Grad norm = 1.058028e-07, Beta update rate = 4.555775e-09
Epoch 470800 (9.4%): Train pred MSE = 4.935330e-10, Test pred MSE = 7.503407e-07, Param MSE = 7.733074e-06, Grad norm = 1.056778e-07, Beta update rate = 4.550147e-09
Epoch 471000 (9.4%): Train pred MSE = 4.924175e-10, Test pred MSE = 7.503351e-07, Param MSE = 7.733017e-06, Grad norm = 1.055531e-07, Beta update rate = 4.544527e-09
Epoch 471200 (9.4%): Train pred MSE = 4.913047e-10, Test pred MSE = 7.503294e-07, Param MSE = 7.732960e-06, Grad norm = 1.054285e-07, Beta update rate = 4.538914e-09
Epoch 471400 (9.4%): Train pred MSE = 4.901945e-10, Test pred MSE = 7.503238e-07, Param MSE = 7.732903e-06, Grad norm = 1.053041e-07, Beta update rate = 4.533310e-09
Epoch 471600 (9.4%): Train pred MSE = 4.890869e-10, Test pred MSE = 7.503182e-07, Param MSE = 7.732847e-06, Grad norm = 1.051798e-07, Beta update rate = 4.527713e-09
Epoch 471800 (9.4%): Train pred MSE = 4.879820e-10, Test pred MSE = 7.503126e-07, Param MSE = 7.732791e-06, Grad norm = 1.050558e-07, Beta update rate = 4.522124e-09
Epoch 472000 (9.4%): Train pred MSE = 4.868796e-10, Test pred MSE = 7.503071e-07, Param MSE = 7.732734e-06, Grad norm = 1.049318e-07, Beta update rate = 4.516543e-09
Epoch 472200 (9.4%): Train pred MSE = 4.857798e-10, Test pred MSE = 7.503015e-07, Param MSE = 7.732678e-06, Grad norm = 1.048081e-07, Beta update rate = 4.510970e-09
Epoch 472400 (9.4%): Train pred MSE = 4.846827e-10, Test pred MSE = 7.502959e-07, Param MSE = 7.732622e-06, Grad norm = 1.046845e-07, Beta update rate = 4.505405e-09
Epoch 472600 (9.5%): Train pred MSE = 4.835881e-10, Test pred MSE = 7.502904e-07, Param MSE = 7.732566e-06, Grad norm = 1.045610e-07, Beta update rate = 4.499847e-09
Epoch 472800 (9.5%): Train pred MSE = 4.824961e-10, Test pred MSE = 7.502848e-07, Param MSE = 7.732510e-06, Grad norm = 1.044377e-07, Beta update rate = 4.494298e-09
Epoch 473000 (9.5%): Train pred MSE = 4.814067e-10, Test pred MSE = 7.502793e-07, Param MSE = 7.732454e-06, Grad norm = 1.043146e-07, Beta update rate = 4.488756e-09
Epoch 473200 (9.5%): Train pred MSE = 4.803198e-10, Test pred MSE = 7.502738e-07, Param MSE = 7.732398e-06, Grad norm = 1.041917e-07, Beta update rate = 4.483221e-09
Epoch 473400 (9.5%): Train pred MSE = 4.792355e-10, Test pred MSE = 7.502682e-07, Param MSE = 7.732342e-06, Grad norm = 1.040689e-07, Beta update rate = 4.477695e-09
Epoch 473600 (9.5%): Train pred MSE = 4.781538e-10, Test pred MSE = 7.502627e-07, Param MSE = 7.732286e-06, Grad norm = 1.039462e-07, Beta update rate = 4.472176e-09
Epoch 473800 (9.5%): Train pred MSE = 4.770746e-10, Test pred MSE = 7.502572e-07, Param MSE = 7.732231e-06, Grad norm = 1.038238e-07, Beta update rate = 4.466665e-09
Epoch 474000 (9.5%): Train pred MSE = 4.759979e-10, Test pred MSE = 7.502517e-07, Param MSE = 7.732175e-06, Grad norm = 1.037015e-07, Beta update rate = 4.461161e-09
Epoch 474200 (9.5%): Train pred MSE = 4.749238e-10, Test pred MSE = 7.502462e-07, Param MSE = 7.732120e-06, Grad norm = 1.035793e-07, Beta update rate = 4.455666e-09
Epoch 474400 (9.5%): Train pred MSE = 4.738522e-10, Test pred MSE = 7.502407e-07, Param MSE = 7.732065e-06, Grad norm = 1.034573e-07, Beta update rate = 4.450177e-09
Epoch 474600 (9.5%): Train pred MSE = 4.727831e-10, Test pred MSE = 7.502353e-07, Param MSE = 7.732009e-06, Grad norm = 1.033355e-07, Beta update rate = 4.444697e-09
Epoch 474800 (9.5%): Train pred MSE = 4.717165e-10, Test pred MSE = 7.502298e-07, Param MSE = 7.731954e-06, Grad norm = 1.032138e-07, Beta update rate = 4.439224e-09
Epoch 475000 (9.5%): Train pred MSE = 4.706525e-10, Test pred MSE = 7.502243e-07, Param MSE = 7.731899e-06, Grad norm = 1.030923e-07, Beta update rate = 4.433759e-09
Epoch 475200 (9.5%): Train pred MSE = 4.695910e-10, Test pred MSE = 7.502189e-07, Param MSE = 7.731844e-06, Grad norm = 1.029710e-07, Beta update rate = 4.428302e-09
Epoch 475400 (9.5%): Train pred MSE = 4.685319e-10, Test pred MSE = 7.502134e-07, Param MSE = 7.731789e-06, Grad norm = 1.028498e-07, Beta update rate = 4.422852e-09
Epoch 475600 (9.5%): Train pred MSE = 4.674754e-10, Test pred MSE = 7.502080e-07, Param MSE = 7.731734e-06, Grad norm = 1.027287e-07, Beta update rate = 4.417410e-09
Epoch 475800 (9.5%): Train pred MSE = 4.664213e-10, Test pred MSE = 7.502026e-07, Param MSE = 7.731679e-06, Grad norm = 1.026078e-07, Beta update rate = 4.411975e-09
Epoch 476000 (9.5%): Train pred MSE = 4.653697e-10, Test pred MSE = 7.501971e-07, Param MSE = 7.731625e-06, Grad norm = 1.024871e-07, Beta update rate = 4.406548e-09
Epoch 476200 (9.5%): Train pred MSE = 4.643206e-10, Test pred MSE = 7.501917e-07, Param MSE = 7.731570e-06, Grad norm = 1.023666e-07, Beta update rate = 4.401128e-09
Epoch 476400 (9.5%): Train pred MSE = 4.632739e-10, Test pred MSE = 7.501863e-07, Param MSE = 7.731516e-06, Grad norm = 1.022462e-07, Beta update rate = 4.395716e-09
Epoch 476600 (9.5%): Train pred MSE = 4.622297e-10, Test pred MSE = 7.501809e-07, Param MSE = 7.731461e-06, Grad norm = 1.021259e-07, Beta update rate = 4.390312e-09
Epoch 476800 (9.5%): Train pred MSE = 4.611880e-10, Test pred MSE = 7.501755e-07, Param MSE = 7.731407e-06, Grad norm = 1.020058e-07, Beta update rate = 4.384915e-09
Epoch 477000 (9.5%): Train pred MSE = 4.601487e-10, Test pred MSE = 7.501702e-07, Param MSE = 7.731352e-06, Grad norm = 1.018859e-07, Beta update rate = 4.379525e-09
Epoch 477200 (9.5%): Train pred MSE = 4.591119e-10, Test pred MSE = 7.501648e-07, Param MSE = 7.731298e-06, Grad norm = 1.017661e-07, Beta update rate = 4.374144e-09
Epoch 477400 (9.5%): Train pred MSE = 4.580775e-10, Test pred MSE = 7.501594e-07, Param MSE = 7.731244e-06, Grad norm = 1.016465e-07, Beta update rate = 4.368769e-09
Epoch 477600 (9.6%): Train pred MSE = 4.570455e-10, Test pred MSE = 7.501541e-07, Param MSE = 7.731190e-06, Grad norm = 1.015270e-07, Beta update rate = 4.363402e-09
Epoch 477800 (9.6%): Train pred MSE = 4.560159e-10, Test pred MSE = 7.501487e-07, Param MSE = 7.731136e-06, Grad norm = 1.014077e-07, Beta update rate = 4.358043e-09
Epoch 478000 (9.6%): Train pred MSE = 4.549888e-10, Test pred MSE = 7.501434e-07, Param MSE = 7.731082e-06, Grad norm = 1.012886e-07, Beta update rate = 4.352691e-09
Epoch 478200 (9.6%): Train pred MSE = 4.539641e-10, Test pred MSE = 7.501381e-07, Param MSE = 7.731028e-06, Grad norm = 1.011696e-07, Beta update rate = 4.347346e-09
Epoch 478400 (9.6%): Train pred MSE = 4.529418e-10, Test pred MSE = 7.501327e-07, Param MSE = 7.730975e-06, Grad norm = 1.010507e-07, Beta update rate = 4.342009e-09
Epoch 478600 (9.6%): Train pred MSE = 4.519219e-10, Test pred MSE = 7.501274e-07, Param MSE = 7.730921e-06, Grad norm = 1.009320e-07, Beta update rate = 4.336679e-09
Epoch 478800 (9.6%): Train pred MSE = 4.509043e-10, Test pred MSE = 7.501221e-07, Param MSE = 7.730867e-06, Grad norm = 1.008135e-07, Beta update rate = 4.331357e-09
Epoch 479000 (9.6%): Train pred MSE = 4.498892e-10, Test pred MSE = 7.501168e-07, Param MSE = 7.730814e-06, Grad norm = 1.006951e-07, Beta update rate = 4.326042e-09
Epoch 479200 (9.6%): Train pred MSE = 4.488764e-10, Test pred MSE = 7.501115e-07, Param MSE = 7.730760e-06, Grad norm = 1.005769e-07, Beta update rate = 4.320734e-09
Epoch 479400 (9.6%): Train pred MSE = 4.478661e-10, Test pred MSE = 7.501062e-07, Param MSE = 7.730707e-06, Grad norm = 1.004588e-07, Beta update rate = 4.315434e-09
Epoch 479600 (9.6%): Train pred MSE = 4.468581e-10, Test pred MSE = 7.501009e-07, Param MSE = 7.730654e-06, Grad norm = 1.003409e-07, Beta update rate = 4.310141e-09
Epoch 479800 (9.6%): Train pred MSE = 4.458524e-10, Test pred MSE = 7.500957e-07, Param MSE = 7.730601e-06, Grad norm = 1.002232e-07, Beta update rate = 4.304855e-09
Epoch 480000 (9.6%): Train pred MSE = 4.448491e-10, Test pred MSE = 7.500904e-07, Param MSE = 7.730548e-06, Grad norm = 1.001056e-07, Beta update rate = 4.299577e-09
Epoch 480200 (9.6%): Train pred MSE = 4.438482e-10, Test pred MSE = 7.500852e-07, Param MSE = 7.730494e-06, Grad norm = 9.998810e-08, Beta update rate = 4.294306e-09
Epoch 480400 (9.6%): Train pred MSE = 4.428496e-10, Test pred MSE = 7.500799e-07, Param MSE = 7.730442e-06, Grad norm = 9.987080e-08, Beta update rate = 4.289043e-09
Epoch 480600 (9.6%): Train pred MSE = 4.418534e-10, Test pred MSE = 7.500747e-07, Param MSE = 7.730389e-06, Grad norm = 9.975365e-08, Beta update rate = 4.283786e-09
Epoch 480800 (9.6%): Train pred MSE = 4.408595e-10, Test pred MSE = 7.500694e-07, Param MSE = 7.730336e-06, Grad norm = 9.963665e-08, Beta update rate = 4.278537e-09
Epoch 481000 (9.6%): Train pred MSE = 4.398679e-10, Test pred MSE = 7.500642e-07, Param MSE = 7.730283e-06, Grad norm = 9.951981e-08, Beta update rate = 4.273296e-09
Epoch 481200 (9.6%): Train pred MSE = 4.388787e-10, Test pred MSE = 7.500590e-07, Param MSE = 7.730230e-06, Grad norm = 9.940311e-08, Beta update rate = 4.268061e-09
Epoch 481400 (9.6%): Train pred MSE = 4.378917e-10, Test pred MSE = 7.500538e-07, Param MSE = 7.730178e-06, Grad norm = 9.928657e-08, Beta update rate = 4.262834e-09
Epoch 481600 (9.6%): Train pred MSE = 4.369071e-10, Test pred MSE = 7.500486e-07, Param MSE = 7.730125e-06, Grad norm = 9.917018e-08, Beta update rate = 4.257614e-09
Epoch 481800 (9.6%): Train pred MSE = 4.359248e-10, Test pred MSE = 7.500434e-07, Param MSE = 7.730073e-06, Grad norm = 9.905394e-08, Beta update rate = 4.252401e-09
Epoch 482000 (9.6%): Train pred MSE = 4.349448e-10, Test pred MSE = 7.500382e-07, Param MSE = 7.730021e-06, Grad norm = 9.893786e-08, Beta update rate = 4.247195e-09
Epoch 482200 (9.6%): Train pred MSE = 4.339671e-10, Test pred MSE = 7.500330e-07, Param MSE = 7.729968e-06, Grad norm = 9.882192e-08, Beta update rate = 4.241997e-09
Epoch 482400 (9.6%): Train pred MSE = 4.329917e-10, Test pred MSE = 7.500279e-07, Param MSE = 7.729916e-06, Grad norm = 9.870613e-08, Beta update rate = 4.236806e-09
Epoch 482600 (9.7%): Train pred MSE = 4.320185e-10, Test pred MSE = 7.500227e-07, Param MSE = 7.729864e-06, Grad norm = 9.859050e-08, Beta update rate = 4.231622e-09
Epoch 482800 (9.7%): Train pred MSE = 4.310477e-10, Test pred MSE = 7.500175e-07, Param MSE = 7.729812e-06, Grad norm = 9.847501e-08, Beta update rate = 4.226445e-09
Epoch 483000 (9.7%): Train pred MSE = 4.300791e-10, Test pred MSE = 7.500124e-07, Param MSE = 7.729760e-06, Grad norm = 9.835967e-08, Beta update rate = 4.221275e-09
Epoch 483200 (9.7%): Train pred MSE = 4.291127e-10, Test pred MSE = 7.500072e-07, Param MSE = 7.729708e-06, Grad norm = 9.824449e-08, Beta update rate = 4.216113e-09
Epoch 483400 (9.7%): Train pred MSE = 4.281487e-10, Test pred MSE = 7.500021e-07, Param MSE = 7.729656e-06, Grad norm = 9.812945e-08, Beta update rate = 4.210957e-09
Epoch 483600 (9.7%): Train pred MSE = 4.271869e-10, Test pred MSE = 7.499970e-07, Param MSE = 7.729605e-06, Grad norm = 9.801456e-08, Beta update rate = 4.205809e-09
Epoch 483800 (9.7%): Train pred MSE = 4.262273e-10, Test pred MSE = 7.499919e-07, Param MSE = 7.729553e-06, Grad norm = 9.789982e-08, Beta update rate = 4.200668e-09
Epoch 484000 (9.7%): Train pred MSE = 4.252700e-10, Test pred MSE = 7.499868e-07, Param MSE = 7.729501e-06, Grad norm = 9.778523e-08, Beta update rate = 4.195534e-09
Epoch 484200 (9.7%): Train pred MSE = 4.243150e-10, Test pred MSE = 7.499816e-07, Param MSE = 7.729450e-06, Grad norm = 9.767079e-08, Beta update rate = 4.190407e-09
Epoch 484400 (9.7%): Train pred MSE = 4.233621e-10, Test pred MSE = 7.499766e-07, Param MSE = 7.729399e-06, Grad norm = 9.755650e-08, Beta update rate = 4.185287e-09
Epoch 484600 (9.7%): Train pred MSE = 4.224115e-10, Test pred MSE = 7.499715e-07, Param MSE = 7.729347e-06, Grad norm = 9.744236e-08, Beta update rate = 4.180174e-09
Epoch 484800 (9.7%): Train pred MSE = 4.214631e-10, Test pred MSE = 7.499664e-07, Param MSE = 7.729296e-06, Grad norm = 9.732836e-08, Beta update rate = 4.175068e-09
Epoch 485000 (9.7%): Train pred MSE = 4.205170e-10, Test pred MSE = 7.499613e-07, Param MSE = 7.729245e-06, Grad norm = 9.721451e-08, Beta update rate = 4.169969e-09
Epoch 485200 (9.7%): Train pred MSE = 4.195730e-10, Test pred MSE = 7.499562e-07, Param MSE = 7.729194e-06, Grad norm = 9.710081e-08, Beta update rate = 4.164877e-09
Epoch 485400 (9.7%): Train pred MSE = 4.186313e-10, Test pred MSE = 7.499512e-07, Param MSE = 7.729142e-06, Grad norm = 9.698725e-08, Beta update rate = 4.159793e-09
Epoch 485600 (9.7%): Train pred MSE = 4.176917e-10, Test pred MSE = 7.499461e-07, Param MSE = 7.729091e-06, Grad norm = 9.687384e-08, Beta update rate = 4.154715e-09
Epoch 485800 (9.7%): Train pred MSE = 4.167544e-10, Test pred MSE = 7.499411e-07, Param MSE = 7.729041e-06, Grad norm = 9.676058e-08, Beta update rate = 4.149644e-09
Epoch 486000 (9.7%): Train pred MSE = 4.158192e-10, Test pred MSE = 7.499360e-07, Param MSE = 7.728990e-06, Grad norm = 9.664747e-08, Beta update rate = 4.144580e-09
Epoch 486200 (9.7%): Train pred MSE = 4.148862e-10, Test pred MSE = 7.499310e-07, Param MSE = 7.728939e-06, Grad norm = 9.653450e-08, Beta update rate = 4.139523e-09
Epoch 486400 (9.7%): Train pred MSE = 4.139554e-10, Test pred MSE = 7.499260e-07, Param MSE = 7.728888e-06, Grad norm = 9.642168e-08, Beta update rate = 4.134474e-09
Epoch 486600 (9.7%): Train pred MSE = 4.130268e-10, Test pred MSE = 7.499210e-07, Param MSE = 7.728838e-06, Grad norm = 9.630900e-08, Beta update rate = 4.129431e-09
Epoch 486800 (9.7%): Train pred MSE = 4.121004e-10, Test pred MSE = 7.499160e-07, Param MSE = 7.728787e-06, Grad norm = 9.619647e-08, Beta update rate = 4.124395e-09
Epoch 487000 (9.7%): Train pred MSE = 4.111761e-10, Test pred MSE = 7.499110e-07, Param MSE = 7.728737e-06, Grad norm = 9.608409e-08, Beta update rate = 4.119366e-09
Epoch 487200 (9.7%): Train pred MSE = 4.102540e-10, Test pred MSE = 7.499060e-07, Param MSE = 7.728686e-06, Grad norm = 9.597185e-08, Beta update rate = 4.114343e-09
Epoch 487400 (9.7%): Train pred MSE = 4.093340e-10, Test pred MSE = 7.499010e-07, Param MSE = 7.728636e-06, Grad norm = 9.585975e-08, Beta update rate = 4.109328e-09
Epoch 487600 (9.8%): Train pred MSE = 4.084162e-10, Test pred MSE = 7.498960e-07, Param MSE = 7.728586e-06, Grad norm = 9.574780e-08, Beta update rate = 4.104320e-09
Epoch 487800 (9.8%): Train pred MSE = 4.075005e-10, Test pred MSE = 7.498910e-07, Param MSE = 7.728536e-06, Grad norm = 9.563600e-08, Beta update rate = 4.099318e-09
Epoch 488000 (9.8%): Train pred MSE = 4.065869e-10, Test pred MSE = 7.498861e-07, Param MSE = 7.728485e-06, Grad norm = 9.552434e-08, Beta update rate = 4.094324e-09
Epoch 488200 (9.8%): Train pred MSE = 4.056755e-10, Test pred MSE = 7.498811e-07, Param MSE = 7.728435e-06, Grad norm = 9.541282e-08, Beta update rate = 4.089336e-09
Epoch 488400 (9.8%): Train pred MSE = 4.047662e-10, Test pred MSE = 7.498762e-07, Param MSE = 7.728386e-06, Grad norm = 9.530145e-08, Beta update rate = 4.084355e-09
Epoch 488600 (9.8%): Train pred MSE = 4.038590e-10, Test pred MSE = 7.498712e-07, Param MSE = 7.728336e-06, Grad norm = 9.519022e-08, Beta update rate = 4.079381e-09
Epoch 488800 (9.8%): Train pred MSE = 4.029540e-10, Test pred MSE = 7.498663e-07, Param MSE = 7.728286e-06, Grad norm = 9.507913e-08, Beta update rate = 4.074414e-09
Epoch 489000 (9.8%): Train pred MSE = 4.020511e-10, Test pred MSE = 7.498614e-07, Param MSE = 7.728236e-06, Grad norm = 9.496819e-08, Beta update rate = 4.069453e-09
Epoch 489200 (9.8%): Train pred MSE = 4.011502e-10, Test pred MSE = 7.498564e-07, Param MSE = 7.728186e-06, Grad norm = 9.485739e-08, Beta update rate = 4.064500e-09
Epoch 489400 (9.8%): Train pred MSE = 4.002515e-10, Test pred MSE = 7.498515e-07, Param MSE = 7.728137e-06, Grad norm = 9.474674e-08, Beta update rate = 4.059553e-09
Epoch 489600 (9.8%): Train pred MSE = 3.993548e-10, Test pred MSE = 7.498466e-07, Param MSE = 7.728087e-06, Grad norm = 9.463622e-08, Beta update rate = 4.054613e-09
Epoch 489800 (9.8%): Train pred MSE = 3.984603e-10, Test pred MSE = 7.498417e-07, Param MSE = 7.728038e-06, Grad norm = 9.452585e-08, Beta update rate = 4.049679e-09
Epoch 490000 (9.8%): Train pred MSE = 3.975678e-10, Test pred MSE = 7.498368e-07, Param MSE = 7.727989e-06, Grad norm = 9.441562e-08, Beta update rate = 4.044753e-09
Epoch 490200 (9.8%): Train pred MSE = 3.966774e-10, Test pred MSE = 7.498319e-07, Param MSE = 7.727939e-06, Grad norm = 9.430554e-08, Beta update rate = 4.039833e-09
Epoch 490400 (9.8%): Train pred MSE = 3.957891e-10, Test pred MSE = 7.498271e-07, Param MSE = 7.727890e-06, Grad norm = 9.419559e-08, Beta update rate = 4.034920e-09
Epoch 490600 (9.8%): Train pred MSE = 3.949029e-10, Test pred MSE = 7.498222e-07, Param MSE = 7.727841e-06, Grad norm = 9.408579e-08, Beta update rate = 4.030014e-09
Epoch 490800 (9.8%): Train pred MSE = 3.940187e-10, Test pred MSE = 7.498173e-07, Param MSE = 7.727792e-06, Grad norm = 9.397613e-08, Beta update rate = 4.025114e-09
Epoch 491000 (9.8%): Train pred MSE = 3.931366e-10, Test pred MSE = 7.498125e-07, Param MSE = 7.727743e-06, Grad norm = 9.386661e-08, Beta update rate = 4.020221e-09
Epoch 491200 (9.8%): Train pred MSE = 3.922566e-10, Test pred MSE = 7.498076e-07, Param MSE = 7.727694e-06, Grad norm = 9.375723e-08, Beta update rate = 4.015335e-09
Epoch 491400 (9.8%): Train pred MSE = 3.913785e-10, Test pred MSE = 7.498028e-07, Param MSE = 7.727645e-06, Grad norm = 9.364799e-08, Beta update rate = 4.010455e-09
Epoch 491600 (9.8%): Train pred MSE = 3.905026e-10, Test pred MSE = 7.497979e-07, Param MSE = 7.727596e-06, Grad norm = 9.353889e-08, Beta update rate = 4.005583e-09
Epoch 491800 (9.8%): Train pred MSE = 3.896286e-10, Test pred MSE = 7.497931e-07, Param MSE = 7.727547e-06, Grad norm = 9.342993e-08, Beta update rate = 4.000716e-09
Epoch 492000 (9.8%): Train pred MSE = 3.887568e-10, Test pred MSE = 7.497883e-07, Param MSE = 7.727499e-06, Grad norm = 9.332111e-08, Beta update rate = 3.995857e-09
Epoch 492200 (9.8%): Train pred MSE = 3.878869e-10, Test pred MSE = 7.497835e-07, Param MSE = 7.727450e-06, Grad norm = 9.321243e-08, Beta update rate = 3.991004e-09
Epoch 492400 (9.8%): Train pred MSE = 3.870191e-10, Test pred MSE = 7.497786e-07, Param MSE = 7.727402e-06, Grad norm = 9.310390e-08, Beta update rate = 3.986158e-09
Epoch 492600 (9.9%): Train pred MSE = 3.861532e-10, Test pred MSE = 7.497738e-07, Param MSE = 7.727353e-06, Grad norm = 9.299550e-08, Beta update rate = 3.981318e-09
Epoch 492800 (9.9%): Train pred MSE = 3.852894e-10, Test pred MSE = 7.497690e-07, Param MSE = 7.727305e-06, Grad norm = 9.288724e-08, Beta update rate = 3.976485e-09
Epoch 493000 (9.9%): Train pred MSE = 3.844276e-10, Test pred MSE = 7.497643e-07, Param MSE = 7.727256e-06, Grad norm = 9.277912e-08, Beta update rate = 3.971658e-09
Epoch 493200 (9.9%): Train pred MSE = 3.835679e-10, Test pred MSE = 7.497595e-07, Param MSE = 7.727208e-06, Grad norm = 9.267113e-08, Beta update rate = 3.966839e-09
Epoch 493400 (9.9%): Train pred MSE = 3.827101e-10, Test pred MSE = 7.497547e-07, Param MSE = 7.727160e-06, Grad norm = 9.256329e-08, Beta update rate = 3.962025e-09
Epoch 493600 (9.9%): Train pred MSE = 3.818543e-10, Test pred MSE = 7.497499e-07, Param MSE = 7.727112e-06, Grad norm = 9.245559e-08, Beta update rate = 3.957219e-09
Epoch 493800 (9.9%): Train pred MSE = 3.810005e-10, Test pred MSE = 7.497452e-07, Param MSE = 7.727064e-06, Grad norm = 9.234802e-08, Beta update rate = 3.952418e-09
Epoch 494000 (9.9%): Train pred MSE = 3.801487e-10, Test pred MSE = 7.497404e-07, Param MSE = 7.727016e-06, Grad norm = 9.224059e-08, Beta update rate = 3.947625e-09
Epoch 494200 (9.9%): Train pred MSE = 3.792988e-10, Test pred MSE = 7.497357e-07, Param MSE = 7.726968e-06, Grad norm = 9.213330e-08, Beta update rate = 3.942838e-09
Epoch 494400 (9.9%): Train pred MSE = 3.784510e-10, Test pred MSE = 7.497309e-07, Param MSE = 7.726920e-06, Grad norm = 9.202615e-08, Beta update rate = 3.938057e-09
Epoch 494600 (9.9%): Train pred MSE = 3.776051e-10, Test pred MSE = 7.497262e-07, Param MSE = 7.726872e-06, Grad norm = 9.191914e-08, Beta update rate = 3.933283e-09
Epoch 494800 (9.9%): Train pred MSE = 3.767612e-10, Test pred MSE = 7.497215e-07, Param MSE = 7.726825e-06, Grad norm = 9.181226e-08, Beta update rate = 3.928515e-09
Epoch 495000 (9.9%): Train pred MSE = 3.759192e-10, Test pred MSE = 7.497168e-07, Param MSE = 7.726777e-06, Grad norm = 9.170552e-08, Beta update rate = 3.923754e-09
Epoch 495200 (9.9%): Train pred MSE = 3.750792e-10, Test pred MSE = 7.497120e-07, Param MSE = 7.726730e-06, Grad norm = 9.159891e-08, Beta update rate = 3.919000e-09
Epoch 495400 (9.9%): Train pred MSE = 3.742411e-10, Test pred MSE = 7.497073e-07, Param MSE = 7.726682e-06, Grad norm = 9.149245e-08, Beta update rate = 3.914252e-09
Epoch 495600 (9.9%): Train pred MSE = 3.734050e-10, Test pred MSE = 7.497026e-07, Param MSE = 7.726635e-06, Grad norm = 9.138612e-08, Beta update rate = 3.909510e-09
Epoch 495800 (9.9%): Train pred MSE = 3.725709e-10, Test pred MSE = 7.496979e-07, Param MSE = 7.726587e-06, Grad norm = 9.127992e-08, Beta update rate = 3.904775e-09
Epoch 496000 (9.9%): Train pred MSE = 3.717386e-10, Test pred MSE = 7.496933e-07, Param MSE = 7.726540e-06, Grad norm = 9.117386e-08, Beta update rate = 3.900046e-09
Epoch 496200 (9.9%): Train pred MSE = 3.709083e-10, Test pred MSE = 7.496886e-07, Param MSE = 7.726493e-06, Grad norm = 9.106794e-08, Beta update rate = 3.895324e-09
Epoch 496400 (9.9%): Train pred MSE = 3.700800e-10, Test pred MSE = 7.496839e-07, Param MSE = 7.726446e-06, Grad norm = 9.096215e-08, Beta update rate = 3.890608e-09
Epoch 496600 (9.9%): Train pred MSE = 3.692535e-10, Test pred MSE = 7.496792e-07, Param MSE = 7.726399e-06, Grad norm = 9.085650e-08, Beta update rate = 3.885899e-09
Epoch 496800 (9.9%): Train pred MSE = 3.684290e-10, Test pred MSE = 7.496746e-07, Param MSE = 7.726352e-06, Grad norm = 9.075099e-08, Beta update rate = 3.881195e-09
Epoch 497000 (9.9%): Train pred MSE = 3.676064e-10, Test pred MSE = 7.496699e-07, Param MSE = 7.726305e-06, Grad norm = 9.064560e-08, Beta update rate = 3.876499e-09
Epoch 497200 (9.9%): Train pred MSE = 3.667857e-10, Test pred MSE = 7.496653e-07, Param MSE = 7.726258e-06, Grad norm = 9.054036e-08, Beta update rate = 3.871808e-09
Epoch 497400 (9.9%): Train pred MSE = 3.659669e-10, Test pred MSE = 7.496606e-07, Param MSE = 7.726211e-06, Grad norm = 9.043525e-08, Beta update rate = 3.867124e-09
Epoch 497600 (10.0%): Train pred MSE = 3.651500e-10, Test pred MSE = 7.496560e-07, Param MSE = 7.726164e-06, Grad norm = 9.033027e-08, Beta update rate = 3.862447e-09
Epoch 497800 (10.0%): Train pred MSE = 3.643350e-10, Test pred MSE = 7.496514e-07, Param MSE = 7.726118e-06, Grad norm = 9.022543e-08, Beta update rate = 3.857776e-09
Epoch 498000 (10.0%): Train pred MSE = 3.635219e-10, Test pred MSE = 7.496468e-07, Param MSE = 7.726071e-06, Grad norm = 9.012072e-08, Beta update rate = 3.853111e-09
Epoch 498200 (10.0%): Train pred MSE = 3.627107e-10, Test pred MSE = 7.496422e-07, Param MSE = 7.726025e-06, Grad norm = 9.001614e-08, Beta update rate = 3.848452e-09
Epoch 498400 (10.0%): Train pred MSE = 3.619013e-10, Test pred MSE = 7.496376e-07, Param MSE = 7.725978e-06, Grad norm = 8.991170e-08, Beta update rate = 3.843800e-09
Epoch 498600 (10.0%): Train pred MSE = 3.610939e-10, Test pred MSE = 7.496330e-07, Param MSE = 7.725932e-06, Grad norm = 8.980739e-08, Beta update rate = 3.839154e-09
Epoch 498800 (10.0%): Train pred MSE = 3.602883e-10, Test pred MSE = 7.496284e-07, Param MSE = 7.725885e-06, Grad norm = 8.970322e-08, Beta update rate = 3.834514e-09
Epoch 499000 (10.0%): Train pred MSE = 3.594845e-10, Test pred MSE = 7.496238e-07, Param MSE = 7.725839e-06, Grad norm = 8.959918e-08, Beta update rate = 3.829881e-09
Epoch 499200 (10.0%): Train pred MSE = 3.586827e-10, Test pred MSE = 7.496192e-07, Param MSE = 7.725793e-06, Grad norm = 8.949527e-08, Beta update rate = 3.825254e-09
Epoch 499400 (10.0%): Train pred MSE = 3.578827e-10, Test pred MSE = 7.496146e-07, Param MSE = 7.725747e-06, Grad norm = 8.939149e-08, Beta update rate = 3.820633e-09
Epoch 499600 (10.0%): Train pred MSE = 3.570845e-10, Test pred MSE = 7.496101e-07, Param MSE = 7.725701e-06, Grad norm = 8.928785e-08, Beta update rate = 3.816019e-09
Epoch 499800 (10.0%): Train pred MSE = 3.562882e-10, Test pred MSE = 7.496055e-07, Param MSE = 7.725655e-06, Grad norm = 8.918434e-08, Beta update rate = 3.811410e-09
Epoch 500000 (10.0%): Train pred MSE = 3.554938e-10, Test pred MSE = 7.496009e-07, Param MSE = 7.725609e-06, Grad norm = 8.908096e-08, Beta update rate = 3.806808e-09
Epoch 500200 (10.0%): Train pred MSE = 3.547011e-10, Test pred MSE = 7.495964e-07, Param MSE = 7.725563e-06, Grad norm = 8.897771e-08, Beta update rate = 3.802213e-09
Epoch 500400 (10.0%): Train pred MSE = 3.539104e-10, Test pred MSE = 7.495919e-07, Param MSE = 7.725517e-06, Grad norm = 8.887459e-08, Beta update rate = 3.797623e-09
Epoch 500600 (10.0%): Train pred MSE = 3.531214e-10, Test pred MSE = 7.495873e-07, Param MSE = 7.725471e-06, Grad norm = 8.877161e-08, Beta update rate = 3.793040e-09
Epoch 500800 (10.0%): Train pred MSE = 3.523343e-10, Test pred MSE = 7.495828e-07, Param MSE = 7.725426e-06, Grad norm = 8.866876e-08, Beta update rate = 3.788462e-09
Epoch 501000 (10.0%): Train pred MSE = 3.515490e-10, Test pred MSE = 7.495783e-07, Param MSE = 7.725380e-06, Grad norm = 8.856604e-08, Beta update rate = 3.783891e-09
Epoch 501200 (10.0%): Train pred MSE = 3.507655e-10, Test pred MSE = 7.495738e-07, Param MSE = 7.725335e-06, Grad norm = 8.846345e-08, Beta update rate = 3.779327e-09
Epoch 501400 (10.0%): Train pred MSE = 3.499839e-10, Test pred MSE = 7.495693e-07, Param MSE = 7.725289e-06, Grad norm = 8.836099e-08, Beta update rate = 3.774768e-09
Epoch 501600 (10.0%): Train pred MSE = 3.492040e-10, Test pred MSE = 7.495648e-07, Param MSE = 7.725244e-06, Grad norm = 8.825866e-08, Beta update rate = 3.770216e-09
Epoch 501800 (10.0%): Train pred MSE = 3.484259e-10, Test pred MSE = 7.495603e-07, Param MSE = 7.725198e-06, Grad norm = 8.815646e-08, Beta update rate = 3.765669e-09
Epoch 502000 (10.0%): Train pred MSE = 3.476497e-10, Test pred MSE = 7.495558e-07, Param MSE = 7.725153e-06, Grad norm = 8.805439e-08, Beta update rate = 3.761129e-09
Epoch 502200 (10.0%): Train pred MSE = 3.468752e-10, Test pred MSE = 7.495513e-07, Param MSE = 7.725108e-06, Grad norm = 8.795245e-08, Beta update rate = 3.756595e-09
Epoch 502400 (10.0%): Train pred MSE = 3.461026e-10, Test pred MSE = 7.495468e-07, Param MSE = 7.725063e-06, Grad norm = 8.785064e-08, Beta update rate = 3.752067e-09
Epoch 502600 (10.1%): Train pred MSE = 3.453317e-10, Test pred MSE = 7.495423e-07, Param MSE = 7.725018e-06, Grad norm = 8.774896e-08, Beta update rate = 3.747545e-09
Epoch 502800 (10.1%): Train pred MSE = 3.445626e-10, Test pred MSE = 7.495379e-07, Param MSE = 7.724973e-06, Grad norm = 8.764741e-08, Beta update rate = 3.743030e-09
Epoch 503000 (10.1%): Train pred MSE = 3.437953e-10, Test pred MSE = 7.495334e-07, Param MSE = 7.724928e-06, Grad norm = 8.754599e-08, Beta update rate = 3.738520e-09
Epoch 503200 (10.1%): Train pred MSE = 3.430298e-10, Test pred MSE = 7.495290e-07, Param MSE = 7.724883e-06, Grad norm = 8.744470e-08, Beta update rate = 3.734016e-09
Epoch 503400 (10.1%): Train pred MSE = 3.422660e-10, Test pred MSE = 7.495245e-07, Param MSE = 7.724838e-06, Grad norm = 8.734353e-08, Beta update rate = 3.729519e-09
Epoch 503600 (10.1%): Train pred MSE = 3.415040e-10, Test pred MSE = 7.495201e-07, Param MSE = 7.724793e-06, Grad norm = 8.724250e-08, Beta update rate = 3.725028e-09
Epoch 503800 (10.1%): Train pred MSE = 3.407438e-10, Test pred MSE = 7.495157e-07, Param MSE = 7.724748e-06, Grad norm = 8.714159e-08, Beta update rate = 3.720542e-09
Epoch 504000 (10.1%): Train pred MSE = 3.399853e-10, Test pred MSE = 7.495112e-07, Param MSE = 7.724704e-06, Grad norm = 8.704082e-08, Beta update rate = 3.716063e-09
Epoch 504200 (10.1%): Train pred MSE = 3.392286e-10, Test pred MSE = 7.495068e-07, Param MSE = 7.724659e-06, Grad norm = 8.694017e-08, Beta update rate = 3.711590e-09
Epoch 504400 (10.1%): Train pred MSE = 3.384736e-10, Test pred MSE = 7.495024e-07, Param MSE = 7.724615e-06, Grad norm = 8.683965e-08, Beta update rate = 3.707123e-09
Epoch 504600 (10.1%): Train pred MSE = 3.377203e-10, Test pred MSE = 7.494980e-07, Param MSE = 7.724570e-06, Grad norm = 8.673925e-08, Beta update rate = 3.702661e-09
Epoch 504800 (10.1%): Train pred MSE = 3.369688e-10, Test pred MSE = 7.494936e-07, Param MSE = 7.724526e-06, Grad norm = 8.663899e-08, Beta update rate = 3.698206e-09
Epoch 505000 (10.1%): Train pred MSE = 3.362191e-10, Test pred MSE = 7.494892e-07, Param MSE = 7.724482e-06, Grad norm = 8.653885e-08, Beta update rate = 3.693757e-09
Epoch 505200 (10.1%): Train pred MSE = 3.354711e-10, Test pred MSE = 7.494848e-07, Param MSE = 7.724437e-06, Grad norm = 8.643884e-08, Beta update rate = 3.689314e-09
Epoch 505400 (10.1%): Train pred MSE = 3.347248e-10, Test pred MSE = 7.494804e-07, Param MSE = 7.724393e-06, Grad norm = 8.633895e-08, Beta update rate = 3.684877e-09
Epoch 505600 (10.1%): Train pred MSE = 3.339802e-10, Test pred MSE = 7.494761e-07, Param MSE = 7.724349e-06, Grad norm = 8.623919e-08, Beta update rate = 3.680445e-09
Epoch 505800 (10.1%): Train pred MSE = 3.332373e-10, Test pred MSE = 7.494717e-07, Param MSE = 7.724305e-06, Grad norm = 8.613956e-08, Beta update rate = 3.676020e-09
Epoch 506000 (10.1%): Train pred MSE = 3.324962e-10, Test pred MSE = 7.494673e-07, Param MSE = 7.724261e-06, Grad norm = 8.604006e-08, Beta update rate = 3.671601e-09
Epoch 506200 (10.1%): Train pred MSE = 3.317568e-10, Test pred MSE = 7.494630e-07, Param MSE = 7.724217e-06, Grad norm = 8.594068e-08, Beta update rate = 3.667187e-09
Epoch 506400 (10.1%): Train pred MSE = 3.310191e-10, Test pred MSE = 7.494586e-07, Param MSE = 7.724173e-06, Grad norm = 8.584143e-08, Beta update rate = 3.662780e-09
Epoch 506600 (10.1%): Train pred MSE = 3.302830e-10, Test pred MSE = 7.494543e-07, Param MSE = 7.724129e-06, Grad norm = 8.574230e-08, Beta update rate = 3.658378e-09
Epoch 506800 (10.1%): Train pred MSE = 3.295487e-10, Test pred MSE = 7.494499e-07, Param MSE = 7.724086e-06, Grad norm = 8.564330e-08, Beta update rate = 3.653983e-09
Epoch 507000 (10.1%): Train pred MSE = 3.288161e-10, Test pred MSE = 7.494456e-07, Param MSE = 7.724042e-06, Grad norm = 8.554442e-08, Beta update rate = 3.649593e-09
Epoch 507200 (10.1%): Train pred MSE = 3.280852e-10, Test pred MSE = 7.494413e-07, Param MSE = 7.723998e-06, Grad norm = 8.544567e-08, Beta update rate = 3.645209e-09
Epoch 507400 (10.1%): Train pred MSE = 3.273559e-10, Test pred MSE = 7.494370e-07, Param MSE = 7.723955e-06, Grad norm = 8.534705e-08, Beta update rate = 3.640831e-09
Epoch 507600 (10.2%): Train pred MSE = 3.266283e-10, Test pred MSE = 7.494327e-07, Param MSE = 7.723911e-06, Grad norm = 8.524855e-08, Beta update rate = 3.636459e-09
Epoch 507800 (10.2%): Train pred MSE = 3.259025e-10, Test pred MSE = 7.494284e-07, Param MSE = 7.723868e-06, Grad norm = 8.515017e-08, Beta update rate = 3.632093e-09
Epoch 508000 (10.2%): Train pred MSE = 3.251782e-10, Test pred MSE = 7.494241e-07, Param MSE = 7.723825e-06, Grad norm = 8.505192e-08, Beta update rate = 3.627733e-09
Epoch 508200 (10.2%): Train pred MSE = 3.244557e-10, Test pred MSE = 7.494198e-07, Param MSE = 7.723781e-06, Grad norm = 8.495380e-08, Beta update rate = 3.623378e-09
Epoch 508400 (10.2%): Train pred MSE = 3.237348e-10, Test pred MSE = 7.494155e-07, Param MSE = 7.723738e-06, Grad norm = 8.485579e-08, Beta update rate = 3.619030e-09
Epoch 508600 (10.2%): Train pred MSE = 3.230156e-10, Test pred MSE = 7.494112e-07, Param MSE = 7.723695e-06, Grad norm = 8.475792e-08, Beta update rate = 3.614687e-09
Epoch 508800 (10.2%): Train pred MSE = 3.222981e-10, Test pred MSE = 7.494069e-07, Param MSE = 7.723652e-06, Grad norm = 8.466016e-08, Beta update rate = 3.610350e-09
Epoch 509000 (10.2%): Train pred MSE = 3.215822e-10, Test pred MSE = 7.494026e-07, Param MSE = 7.723609e-06, Grad norm = 8.456253e-08, Beta update rate = 3.606019e-09
Epoch 509200 (10.2%): Train pred MSE = 3.208679e-10, Test pred MSE = 7.493984e-07, Param MSE = 7.723566e-06, Grad norm = 8.446502e-08, Beta update rate = 3.601693e-09
Epoch 509400 (10.2%): Train pred MSE = 3.201553e-10, Test pred MSE = 7.493941e-07, Param MSE = 7.723523e-06, Grad norm = 8.436764e-08, Beta update rate = 3.597374e-09
Epoch 509600 (10.2%): Train pred MSE = 3.194443e-10, Test pred MSE = 7.493899e-07, Param MSE = 7.723480e-06, Grad norm = 8.427038e-08, Beta update rate = 3.593060e-09
Epoch 509800 (10.2%): Train pred MSE = 3.187350e-10, Test pred MSE = 7.493856e-07, Param MSE = 7.723437e-06, Grad norm = 8.417324e-08, Beta update rate = 3.588752e-09
Epoch 510000 (10.2%): Train pred MSE = 3.180273e-10, Test pred MSE = 7.493814e-07, Param MSE = 7.723394e-06, Grad norm = 8.407623e-08, Beta update rate = 3.584450e-09
Epoch 510200 (10.2%): Train pred MSE = 3.173213e-10, Test pred MSE = 7.493772e-07, Param MSE = 7.723351e-06, Grad norm = 8.397934e-08, Beta update rate = 3.580153e-09
Epoch 510400 (10.2%): Train pred MSE = 3.166168e-10, Test pred MSE = 7.493729e-07, Param MSE = 7.723309e-06, Grad norm = 8.388257e-08, Beta update rate = 3.575863e-09
Epoch 510600 (10.2%): Train pred MSE = 3.159140e-10, Test pred MSE = 7.493687e-07, Param MSE = 7.723266e-06, Grad norm = 8.378592e-08, Beta update rate = 3.571578e-09
Epoch 510800 (10.2%): Train pred MSE = 3.152128e-10, Test pred MSE = 7.493645e-07, Param MSE = 7.723224e-06, Grad norm = 8.368939e-08, Beta update rate = 3.567298e-09
Epoch 511000 (10.2%): Train pred MSE = 3.145132e-10, Test pred MSE = 7.493603e-07, Param MSE = 7.723181e-06, Grad norm = 8.359299e-08, Beta update rate = 3.563025e-09
Epoch 511200 (10.2%): Train pred MSE = 3.138153e-10, Test pred MSE = 7.493561e-07, Param MSE = 7.723139e-06, Grad norm = 8.349671e-08, Beta update rate = 3.558757e-09
Epoch 511400 (10.2%): Train pred MSE = 3.131189e-10, Test pred MSE = 7.493519e-07, Param MSE = 7.723097e-06, Grad norm = 8.340055e-08, Beta update rate = 3.554495e-09
Epoch 511600 (10.2%): Train pred MSE = 3.124242e-10, Test pred MSE = 7.493477e-07, Param MSE = 7.723054e-06, Grad norm = 8.330451e-08, Beta update rate = 3.550238e-09
Epoch 511800 (10.2%): Train pred MSE = 3.117310e-10, Test pred MSE = 7.493435e-07, Param MSE = 7.723012e-06, Grad norm = 8.320859e-08, Beta update rate = 3.545988e-09
Epoch 512000 (10.2%): Train pred MSE = 3.110394e-10, Test pred MSE = 7.493393e-07, Param MSE = 7.722970e-06, Grad norm = 8.311280e-08, Beta update rate = 3.541743e-09
Epoch 512200 (10.2%): Train pred MSE = 3.103495e-10, Test pred MSE = 7.493351e-07, Param MSE = 7.722928e-06, Grad norm = 8.301712e-08, Beta update rate = 3.537503e-09
Epoch 512400 (10.2%): Train pred MSE = 3.096611e-10, Test pred MSE = 7.493310e-07, Param MSE = 7.722886e-06, Grad norm = 8.292157e-08, Beta update rate = 3.533270e-09
Epoch 512600 (10.3%): Train pred MSE = 3.089743e-10, Test pred MSE = 7.493268e-07, Param MSE = 7.722844e-06, Grad norm = 8.282613e-08, Beta update rate = 3.529042e-09
Epoch 512800 (10.3%): Train pred MSE = 3.082890e-10, Test pred MSE = 7.493227e-07, Param MSE = 7.722802e-06, Grad norm = 8.273082e-08, Beta update rate = 3.524819e-09
Epoch 513000 (10.3%): Train pred MSE = 3.076054e-10, Test pred MSE = 7.493185e-07, Param MSE = 7.722760e-06, Grad norm = 8.263563e-08, Beta update rate = 3.520603e-09
Epoch 513200 (10.3%): Train pred MSE = 3.069233e-10, Test pred MSE = 7.493144e-07, Param MSE = 7.722718e-06, Grad norm = 8.254055e-08, Beta update rate = 3.516391e-09
Epoch 513400 (10.3%): Train pred MSE = 3.062428e-10, Test pred MSE = 7.493102e-07, Param MSE = 7.722676e-06, Grad norm = 8.244560e-08, Beta update rate = 3.512186e-09
Epoch 513600 (10.3%): Train pred MSE = 3.055639e-10, Test pred MSE = 7.493061e-07, Param MSE = 7.722635e-06, Grad norm = 8.235077e-08, Beta update rate = 3.507986e-09
Epoch 513800 (10.3%): Train pred MSE = 3.048865e-10, Test pred MSE = 7.493020e-07, Param MSE = 7.722593e-06, Grad norm = 8.225605e-08, Beta update rate = 3.503792e-09
Epoch 514000 (10.3%): Train pred MSE = 3.042107e-10, Test pred MSE = 7.492978e-07, Param MSE = 7.722552e-06, Grad norm = 8.216146e-08, Beta update rate = 3.499603e-09
Epoch 514200 (10.3%): Train pred MSE = 3.035364e-10, Test pred MSE = 7.492937e-07, Param MSE = 7.722510e-06, Grad norm = 8.206698e-08, Beta update rate = 3.495420e-09
Epoch 514400 (10.3%): Train pred MSE = 3.028637e-10, Test pred MSE = 7.492896e-07, Param MSE = 7.722469e-06, Grad norm = 8.197262e-08, Beta update rate = 3.491242e-09
Epoch 514600 (10.3%): Train pred MSE = 3.021925e-10, Test pred MSE = 7.492855e-07, Param MSE = 7.722427e-06, Grad norm = 8.187838e-08, Beta update rate = 3.487070e-09
Epoch 514800 (10.3%): Train pred MSE = 3.015229e-10, Test pred MSE = 7.492814e-07, Param MSE = 7.722386e-06, Grad norm = 8.178427e-08, Beta update rate = 3.482904e-09
Epoch 515000 (10.3%): Train pred MSE = 3.008548e-10, Test pred MSE = 7.492773e-07, Param MSE = 7.722345e-06, Grad norm = 8.169026e-08, Beta update rate = 3.478743e-09
Epoch 515200 (10.3%): Train pred MSE = 3.001882e-10, Test pred MSE = 7.492732e-07, Param MSE = 7.722303e-06, Grad norm = 8.159638e-08, Beta update rate = 3.474588e-09
Epoch 515400 (10.3%): Train pred MSE = 2.995232e-10, Test pred MSE = 7.492692e-07, Param MSE = 7.722262e-06, Grad norm = 8.150262e-08, Beta update rate = 3.470438e-09
Epoch 515600 (10.3%): Train pred MSE = 2.988597e-10, Test pred MSE = 7.492651e-07, Param MSE = 7.722221e-06, Grad norm = 8.140897e-08, Beta update rate = 3.466294e-09
Epoch 515800 (10.3%): Train pred MSE = 2.981977e-10, Test pred MSE = 7.492610e-07, Param MSE = 7.722180e-06, Grad norm = 8.131544e-08, Beta update rate = 3.462155e-09
Epoch 516000 (10.3%): Train pred MSE = 2.975373e-10, Test pred MSE = 7.492570e-07, Param MSE = 7.722139e-06, Grad norm = 8.122203e-08, Beta update rate = 3.458022e-09
Epoch 516200 (10.3%): Train pred MSE = 2.968783e-10, Test pred MSE = 7.492529e-07, Param MSE = 7.722098e-06, Grad norm = 8.112873e-08, Beta update rate = 3.453894e-09
Epoch 516400 (10.3%): Train pred MSE = 2.962209e-10, Test pred MSE = 7.492488e-07, Param MSE = 7.722057e-06, Grad norm = 8.103556e-08, Beta update rate = 3.449771e-09
Epoch 516600 (10.3%): Train pred MSE = 2.955650e-10, Test pred MSE = 7.492448e-07, Param MSE = 7.722017e-06, Grad norm = 8.094250e-08, Beta update rate = 3.445655e-09
Epoch 516800 (10.3%): Train pred MSE = 2.949106e-10, Test pred MSE = 7.492408e-07, Param MSE = 7.721976e-06, Grad norm = 8.084956e-08, Beta update rate = 3.441543e-09
Epoch 517000 (10.3%): Train pred MSE = 2.942577e-10, Test pred MSE = 7.492367e-07, Param MSE = 7.721935e-06, Grad norm = 8.075673e-08, Beta update rate = 3.437438e-09
Epoch 517200 (10.3%): Train pred MSE = 2.936063e-10, Test pred MSE = 7.492327e-07, Param MSE = 7.721895e-06, Grad norm = 8.066402e-08, Beta update rate = 3.433337e-09
Epoch 517400 (10.3%): Train pred MSE = 2.929564e-10, Test pred MSE = 7.492287e-07, Param MSE = 7.721854e-06, Grad norm = 8.057143e-08, Beta update rate = 3.429242e-09
Epoch 517600 (10.4%): Train pred MSE = 2.923079e-10, Test pred MSE = 7.492247e-07, Param MSE = 7.721814e-06, Grad norm = 8.047895e-08, Beta update rate = 3.425153e-09
Epoch 517800 (10.4%): Train pred MSE = 2.916610e-10, Test pred MSE = 7.492206e-07, Param MSE = 7.721773e-06, Grad norm = 8.038659e-08, Beta update rate = 3.421069e-09
Epoch 518000 (10.4%): Train pred MSE = 2.910155e-10, Test pred MSE = 7.492166e-07, Param MSE = 7.721733e-06, Grad norm = 8.029435e-08, Beta update rate = 3.416990e-09
Epoch 518200 (10.4%): Train pred MSE = 2.903716e-10, Test pred MSE = 7.492126e-07, Param MSE = 7.721692e-06, Grad norm = 8.020222e-08, Beta update rate = 3.412917e-09
Epoch 518400 (10.4%): Train pred MSE = 2.897291e-10, Test pred MSE = 7.492086e-07, Param MSE = 7.721652e-06, Grad norm = 8.011020e-08, Beta update rate = 3.408849e-09
Epoch 518600 (10.4%): Train pred MSE = 2.890881e-10, Test pred MSE = 7.492047e-07, Param MSE = 7.721612e-06, Grad norm = 8.001831e-08, Beta update rate = 3.404786e-09
Epoch 518800 (10.4%): Train pred MSE = 2.884485e-10, Test pred MSE = 7.492007e-07, Param MSE = 7.721572e-06, Grad norm = 7.992652e-08, Beta update rate = 3.400729e-09
Epoch 519000 (10.4%): Train pred MSE = 2.878104e-10, Test pred MSE = 7.491967e-07, Param MSE = 7.721532e-06, Grad norm = 7.983486e-08, Beta update rate = 3.396678e-09
Epoch 519200 (10.4%): Train pred MSE = 2.871738e-10, Test pred MSE = 7.491927e-07, Param MSE = 7.721491e-06, Grad norm = 7.974330e-08, Beta update rate = 3.392631e-09
Epoch 519400 (10.4%): Train pred MSE = 2.865386e-10, Test pred MSE = 7.491887e-07, Param MSE = 7.721451e-06, Grad norm = 7.965187e-08, Beta update rate = 3.388590e-09
Epoch 519600 (10.4%): Train pred MSE = 2.859049e-10, Test pred MSE = 7.491848e-07, Param MSE = 7.721412e-06, Grad norm = 7.956054e-08, Beta update rate = 3.384555e-09
Epoch 519800 (10.4%): Train pred MSE = 2.852727e-10, Test pred MSE = 7.491808e-07, Param MSE = 7.721372e-06, Grad norm = 7.946933e-08, Beta update rate = 3.380525e-09
Epoch 520000 (10.4%): Train pred MSE = 2.846418e-10, Test pred MSE = 7.491769e-07, Param MSE = 7.721332e-06, Grad norm = 7.937824e-08, Beta update rate = 3.376500e-09
Epoch 520200 (10.4%): Train pred MSE = 2.840125e-10, Test pred MSE = 7.491729e-07, Param MSE = 7.721292e-06, Grad norm = 7.928726e-08, Beta update rate = 3.372480e-09
Epoch 520400 (10.4%): Train pred MSE = 2.833846e-10, Test pred MSE = 7.491690e-07, Param MSE = 7.721252e-06, Grad norm = 7.919639e-08, Beta update rate = 3.368466e-09
Epoch 520600 (10.4%): Train pred MSE = 2.827581e-10, Test pred MSE = 7.491651e-07, Param MSE = 7.721213e-06, Grad norm = 7.910564e-08, Beta update rate = 3.364457e-09
Epoch 520800 (10.4%): Train pred MSE = 2.821330e-10, Test pred MSE = 7.491611e-07, Param MSE = 7.721173e-06, Grad norm = 7.901500e-08, Beta update rate = 3.360453e-09
Epoch 521000 (10.4%): Train pred MSE = 2.815094e-10, Test pred MSE = 7.491572e-07, Param MSE = 7.721133e-06, Grad norm = 7.892448e-08, Beta update rate = 3.356455e-09
Epoch 521200 (10.4%): Train pred MSE = 2.808872e-10, Test pred MSE = 7.491533e-07, Param MSE = 7.721094e-06, Grad norm = 7.883406e-08, Beta update rate = 3.352462e-09
Epoch 521400 (10.4%): Train pred MSE = 2.802665e-10, Test pred MSE = 7.491494e-07, Param MSE = 7.721055e-06, Grad norm = 7.874377e-08, Beta update rate = 3.348474e-09
Epoch 521600 (10.4%): Train pred MSE = 2.796471e-10, Test pred MSE = 7.491455e-07, Param MSE = 7.721015e-06, Grad norm = 7.865358e-08, Beta update rate = 3.344492e-09
Epoch 521800 (10.4%): Train pred MSE = 2.790292e-10, Test pred MSE = 7.491416e-07, Param MSE = 7.720976e-06, Grad norm = 7.856351e-08, Beta update rate = 3.340515e-09
Epoch 522000 (10.4%): Train pred MSE = 2.784127e-10, Test pred MSE = 7.491377e-07, Param MSE = 7.720937e-06, Grad norm = 7.847355e-08, Beta update rate = 3.336543e-09
Epoch 522200 (10.4%): Train pred MSE = 2.777976e-10, Test pred MSE = 7.491338e-07, Param MSE = 7.720897e-06, Grad norm = 7.838370e-08, Beta update rate = 3.332576e-09
Epoch 522400 (10.4%): Train pred MSE = 2.771839e-10, Test pred MSE = 7.491299e-07, Param MSE = 7.720858e-06, Grad norm = 7.829396e-08, Beta update rate = 3.328615e-09
Epoch 522600 (10.5%): Train pred MSE = 2.765716e-10, Test pred MSE = 7.491260e-07, Param MSE = 7.720819e-06, Grad norm = 7.820434e-08, Beta update rate = 3.324658e-09
Epoch 522800 (10.5%): Train pred MSE = 2.759607e-10, Test pred MSE = 7.491222e-07, Param MSE = 7.720780e-06, Grad norm = 7.811483e-08, Beta update rate = 3.320707e-09
Epoch 523000 (10.5%): Train pred MSE = 2.753512e-10, Test pred MSE = 7.491183e-07, Param MSE = 7.720741e-06, Grad norm = 7.802543e-08, Beta update rate = 3.316762e-09
Epoch 523200 (10.5%): Train pred MSE = 2.747431e-10, Test pred MSE = 7.491144e-07, Param MSE = 7.720702e-06, Grad norm = 7.793614e-08, Beta update rate = 3.312821e-09
Epoch 523400 (10.5%): Train pred MSE = 2.741364e-10, Test pred MSE = 7.491106e-07, Param MSE = 7.720663e-06, Grad norm = 7.784697e-08, Beta update rate = 3.308886e-09
Epoch 523600 (10.5%): Train pred MSE = 2.735311e-10, Test pred MSE = 7.491067e-07, Param MSE = 7.720624e-06, Grad norm = 7.775790e-08, Beta update rate = 3.304956e-09
Epoch 523800 (10.5%): Train pred MSE = 2.729272e-10, Test pred MSE = 7.491029e-07, Param MSE = 7.720586e-06, Grad norm = 7.766895e-08, Beta update rate = 3.301031e-09
Epoch 524000 (10.5%): Train pred MSE = 2.723246e-10, Test pred MSE = 7.490990e-07, Param MSE = 7.720547e-06, Grad norm = 7.758011e-08, Beta update rate = 3.297111e-09
Epoch 524200 (10.5%): Train pred MSE = 2.717235e-10, Test pred MSE = 7.490952e-07, Param MSE = 7.720508e-06, Grad norm = 7.749137e-08, Beta update rate = 3.293196e-09
Epoch 524400 (10.5%): Train pred MSE = 2.711237e-10, Test pred MSE = 7.490914e-07, Param MSE = 7.720470e-06, Grad norm = 7.740275e-08, Beta update rate = 3.289287e-09
Epoch 524600 (10.5%): Train pred MSE = 2.705252e-10, Test pred MSE = 7.490875e-07, Param MSE = 7.720431e-06, Grad norm = 7.731424e-08, Beta update rate = 3.285382e-09
Epoch 524800 (10.5%): Train pred MSE = 2.699282e-10, Test pred MSE = 7.490837e-07, Param MSE = 7.720392e-06, Grad norm = 7.722584e-08, Beta update rate = 3.281483e-09
Epoch 525000 (10.5%): Train pred MSE = 2.693325e-10, Test pred MSE = 7.490799e-07, Param MSE = 7.720354e-06, Grad norm = 7.713755e-08, Beta update rate = 3.277589e-09
Epoch 525200 (10.5%): Train pred MSE = 2.687381e-10, Test pred MSE = 7.490761e-07, Param MSE = 7.720316e-06, Grad norm = 7.704938e-08, Beta update rate = 3.273700e-09
Epoch 525400 (10.5%): Train pred MSE = 2.681452e-10, Test pred MSE = 7.490723e-07, Param MSE = 7.720277e-06, Grad norm = 7.696131e-08, Beta update rate = 3.269817e-09
Epoch 525600 (10.5%): Train pred MSE = 2.675535e-10, Test pred MSE = 7.490685e-07, Param MSE = 7.720239e-06, Grad norm = 7.687335e-08, Beta update rate = 3.265938e-09
Epoch 525800 (10.5%): Train pred MSE = 2.669633e-10, Test pred MSE = 7.490647e-07, Param MSE = 7.720201e-06, Grad norm = 7.678550e-08, Beta update rate = 3.262064e-09
Epoch 526000 (10.5%): Train pred MSE = 2.663743e-10, Test pred MSE = 7.490609e-07, Param MSE = 7.720163e-06, Grad norm = 7.669776e-08, Beta update rate = 3.258196e-09
Epoch 526200 (10.5%): Train pred MSE = 2.657868e-10, Test pred MSE = 7.490571e-07, Param MSE = 7.720124e-06, Grad norm = 7.661013e-08, Beta update rate = 3.254333e-09
Epoch 526400 (10.5%): Train pred MSE = 2.652005e-10, Test pred MSE = 7.490534e-07, Param MSE = 7.720086e-06, Grad norm = 7.652260e-08, Beta update rate = 3.250474e-09
Epoch 526600 (10.5%): Train pred MSE = 2.646156e-10, Test pred MSE = 7.490496e-07, Param MSE = 7.720048e-06, Grad norm = 7.643519e-08, Beta update rate = 3.246621e-09
Epoch 526800 (10.5%): Train pred MSE = 2.640321e-10, Test pred MSE = 7.490458e-07, Param MSE = 7.720010e-06, Grad norm = 7.634789e-08, Beta update rate = 3.242773e-09
Epoch 527000 (10.5%): Train pred MSE = 2.634498e-10, Test pred MSE = 7.490421e-07, Param MSE = 7.719972e-06, Grad norm = 7.626069e-08, Beta update rate = 3.238930e-09
Epoch 527200 (10.5%): Train pred MSE = 2.628689e-10, Test pred MSE = 7.490383e-07, Param MSE = 7.719935e-06, Grad norm = 7.617361e-08, Beta update rate = 3.235092e-09
Epoch 527400 (10.5%): Train pred MSE = 2.622894e-10, Test pred MSE = 7.490346e-07, Param MSE = 7.719897e-06, Grad norm = 7.608663e-08, Beta update rate = 3.231259e-09
Epoch 527600 (10.6%): Train pred MSE = 2.617111e-10, Test pred MSE = 7.490308e-07, Param MSE = 7.719859e-06, Grad norm = 7.599976e-08, Beta update rate = 3.227431e-09
Epoch 527800 (10.6%): Train pred MSE = 2.611342e-10, Test pred MSE = 7.490271e-07, Param MSE = 7.719821e-06, Grad norm = 7.591300e-08, Beta update rate = 3.223608e-09
Epoch 528000 (10.6%): Train pred MSE = 2.605586e-10, Test pred MSE = 7.490233e-07, Param MSE = 7.719784e-06, Grad norm = 7.582634e-08, Beta update rate = 3.219790e-09
Epoch 528200 (10.6%): Train pred MSE = 2.599843e-10, Test pred MSE = 7.490196e-07, Param MSE = 7.719746e-06, Grad norm = 7.573980e-08, Beta update rate = 3.215978e-09
Epoch 528400 (10.6%): Train pred MSE = 2.594113e-10, Test pred MSE = 7.490159e-07, Param MSE = 7.719708e-06, Grad norm = 7.565336e-08, Beta update rate = 3.212170e-09
Epoch 528600 (10.6%): Train pred MSE = 2.588396e-10, Test pred MSE = 7.490122e-07, Param MSE = 7.719671e-06, Grad norm = 7.556703e-08, Beta update rate = 3.208367e-09
Epoch 528800 (10.6%): Train pred MSE = 2.582692e-10, Test pred MSE = 7.490084e-07, Param MSE = 7.719633e-06, Grad norm = 7.548081e-08, Beta update rate = 3.204569e-09
Epoch 529000 (10.6%): Train pred MSE = 2.577001e-10, Test pred MSE = 7.490047e-07, Param MSE = 7.719596e-06, Grad norm = 7.539469e-08, Beta update rate = 3.200776e-09
Epoch 529200 (10.6%): Train pred MSE = 2.571323e-10, Test pred MSE = 7.490010e-07, Param MSE = 7.719559e-06, Grad norm = 7.530868e-08, Beta update rate = 3.196988e-09
Epoch 529400 (10.6%): Train pred MSE = 2.565659e-10, Test pred MSE = 7.489973e-07, Param MSE = 7.719521e-06, Grad norm = 7.522278e-08, Beta update rate = 3.193205e-09
Epoch 529600 (10.6%): Train pred MSE = 2.560007e-10, Test pred MSE = 7.489936e-07, Param MSE = 7.719484e-06, Grad norm = 7.513698e-08, Beta update rate = 3.189427e-09
Epoch 529800 (10.6%): Train pred MSE = 2.554368e-10, Test pred MSE = 7.489900e-07, Param MSE = 7.719447e-06, Grad norm = 7.505130e-08, Beta update rate = 3.185654e-09
Epoch 530000 (10.6%): Train pred MSE = 2.548741e-10, Test pred MSE = 7.489863e-07, Param MSE = 7.719410e-06, Grad norm = 7.496571e-08, Beta update rate = 3.181886e-09
Epoch 530200 (10.6%): Train pred MSE = 2.543128e-10, Test pred MSE = 7.489826e-07, Param MSE = 7.719373e-06, Grad norm = 7.488024e-08, Beta update rate = 3.178123e-09
Epoch 530400 (10.6%): Train pred MSE = 2.537527e-10, Test pred MSE = 7.489789e-07, Param MSE = 7.719336e-06, Grad norm = 7.479487e-08, Beta update rate = 3.174365e-09
Epoch 530600 (10.6%): Train pred MSE = 2.531939e-10, Test pred MSE = 7.489753e-07, Param MSE = 7.719299e-06, Grad norm = 7.470961e-08, Beta update rate = 3.170612e-09
Epoch 530800 (10.6%): Train pred MSE = 2.526364e-10, Test pred MSE = 7.489716e-07, Param MSE = 7.719262e-06, Grad norm = 7.462445e-08, Beta update rate = 3.166864e-09
Epoch 531000 (10.6%): Train pred MSE = 2.520802e-10, Test pred MSE = 7.489679e-07, Param MSE = 7.719225e-06, Grad norm = 7.453940e-08, Beta update rate = 3.163120e-09
Epoch 531200 (10.6%): Train pred MSE = 2.515252e-10, Test pred MSE = 7.489643e-07, Param MSE = 7.719188e-06, Grad norm = 7.445445e-08, Beta update rate = 3.159382e-09
Epoch 531400 (10.6%): Train pred MSE = 2.509715e-10, Test pred MSE = 7.489606e-07, Param MSE = 7.719151e-06, Grad norm = 7.436961e-08, Beta update rate = 3.155648e-09
Epoch 531600 (10.6%): Train pred MSE = 2.504191e-10, Test pred MSE = 7.489570e-07, Param MSE = 7.719115e-06, Grad norm = 7.428487e-08, Beta update rate = 3.151919e-09
Epoch 531800 (10.6%): Train pred MSE = 2.498679e-10, Test pred MSE = 7.489534e-07, Param MSE = 7.719078e-06, Grad norm = 7.420024e-08, Beta update rate = 3.148195e-09
Epoch 532000 (10.6%): Train pred MSE = 2.493179e-10, Test pred MSE = 7.489497e-07, Param MSE = 7.719041e-06, Grad norm = 7.411572e-08, Beta update rate = 3.144476e-09
Epoch 532200 (10.6%): Train pred MSE = 2.487692e-10, Test pred MSE = 7.489461e-07, Param MSE = 7.719005e-06, Grad norm = 7.403130e-08, Beta update rate = 3.140762e-09
Epoch 532400 (10.6%): Train pred MSE = 2.482218e-10, Test pred MSE = 7.489425e-07, Param MSE = 7.718968e-06, Grad norm = 7.394698e-08, Beta update rate = 3.137053e-09
Epoch 532600 (10.7%): Train pred MSE = 2.476756e-10, Test pred MSE = 7.489389e-07, Param MSE = 7.718932e-06, Grad norm = 7.386277e-08, Beta update rate = 3.133349e-09
Epoch 532800 (10.7%): Train pred MSE = 2.471307e-10, Test pred MSE = 7.489352e-07, Param MSE = 7.718895e-06, Grad norm = 7.377866e-08, Beta update rate = 3.129649e-09
Epoch 533000 (10.7%): Train pred MSE = 2.465870e-10, Test pred MSE = 7.489316e-07, Param MSE = 7.718859e-06, Grad norm = 7.369466e-08, Beta update rate = 3.125954e-09
Epoch 533200 (10.7%): Train pred MSE = 2.460445e-10, Test pred MSE = 7.489280e-07, Param MSE = 7.718823e-06, Grad norm = 7.361076e-08, Beta update rate = 3.122265e-09
Epoch 533400 (10.7%): Train pred MSE = 2.455033e-10, Test pred MSE = 7.489244e-07, Param MSE = 7.718787e-06, Grad norm = 7.352696e-08, Beta update rate = 3.118580e-09
Epoch 533600 (10.7%): Train pred MSE = 2.449633e-10, Test pred MSE = 7.489208e-07, Param MSE = 7.718750e-06, Grad norm = 7.344327e-08, Beta update rate = 3.114899e-09
Epoch 533800 (10.7%): Train pred MSE = 2.444245e-10, Test pred MSE = 7.489173e-07, Param MSE = 7.718714e-06, Grad norm = 7.335968e-08, Beta update rate = 3.111224e-09
Epoch 534000 (10.7%): Train pred MSE = 2.438870e-10, Test pred MSE = 7.489137e-07, Param MSE = 7.718678e-06, Grad norm = 7.327620e-08, Beta update rate = 3.107553e-09
Epoch 534200 (10.7%): Train pred MSE = 2.433506e-10, Test pred MSE = 7.489101e-07, Param MSE = 7.718642e-06, Grad norm = 7.319282e-08, Beta update rate = 3.103887e-09
Epoch 534400 (10.7%): Train pred MSE = 2.428155e-10, Test pred MSE = 7.489065e-07, Param MSE = 7.718606e-06, Grad norm = 7.310954e-08, Beta update rate = 3.100226e-09
Epoch 534600 (10.7%): Train pred MSE = 2.422816e-10, Test pred MSE = 7.489030e-07, Param MSE = 7.718570e-06, Grad norm = 7.302637e-08, Beta update rate = 3.096570e-09
Epoch 534800 (10.7%): Train pred MSE = 2.417490e-10, Test pred MSE = 7.488994e-07, Param MSE = 7.718534e-06, Grad norm = 7.294330e-08, Beta update rate = 3.092919e-09
Epoch 535000 (10.7%): Train pred MSE = 2.412175e-10, Test pred MSE = 7.488958e-07, Param MSE = 7.718498e-06, Grad norm = 7.286033e-08, Beta update rate = 3.089272e-09
Epoch 535200 (10.7%): Train pred MSE = 2.406872e-10, Test pred MSE = 7.488923e-07, Param MSE = 7.718462e-06, Grad norm = 7.277746e-08, Beta update rate = 3.085630e-09
Epoch 535400 (10.7%): Train pred MSE = 2.401582e-10, Test pred MSE = 7.488887e-07, Param MSE = 7.718427e-06, Grad norm = 7.269470e-08, Beta update rate = 3.081993e-09
Epoch 535600 (10.7%): Train pred MSE = 2.396303e-10, Test pred MSE = 7.488852e-07, Param MSE = 7.718391e-06, Grad norm = 7.261204e-08, Beta update rate = 3.078360e-09
Epoch 535800 (10.7%): Train pred MSE = 2.391037e-10, Test pred MSE = 7.488817e-07, Param MSE = 7.718355e-06, Grad norm = 7.252948e-08, Beta update rate = 3.074732e-09
Epoch 536000 (10.7%): Train pred MSE = 2.385782e-10, Test pred MSE = 7.488781e-07, Param MSE = 7.718320e-06, Grad norm = 7.244702e-08, Beta update rate = 3.071109e-09
Epoch 536200 (10.7%): Train pred MSE = 2.380540e-10, Test pred MSE = 7.488746e-07, Param MSE = 7.718284e-06, Grad norm = 7.236467e-08, Beta update rate = 3.067491e-09
Epoch 536400 (10.7%): Train pred MSE = 2.375309e-10, Test pred MSE = 7.488711e-07, Param MSE = 7.718249e-06, Grad norm = 7.228241e-08, Beta update rate = 3.063877e-09
Epoch 536600 (10.7%): Train pred MSE = 2.370091e-10, Test pred MSE = 7.488676e-07, Param MSE = 7.718213e-06, Grad norm = 7.220026e-08, Beta update rate = 3.060269e-09
Epoch 536800 (10.7%): Train pred MSE = 2.364884e-10, Test pred MSE = 7.488641e-07, Param MSE = 7.718178e-06, Grad norm = 7.211821e-08, Beta update rate = 3.056664e-09
Epoch 537000 (10.7%): Train pred MSE = 2.359689e-10, Test pred MSE = 7.488605e-07, Param MSE = 7.718142e-06, Grad norm = 7.203626e-08, Beta update rate = 3.053065e-09
Epoch 537200 (10.7%): Train pred MSE = 2.354505e-10, Test pred MSE = 7.488570e-07, Param MSE = 7.718107e-06, Grad norm = 7.195442e-08, Beta update rate = 3.049470e-09
Epoch 537400 (10.7%): Train pred MSE = 2.349334e-10, Test pred MSE = 7.488535e-07, Param MSE = 7.718072e-06, Grad norm = 7.187267e-08, Beta update rate = 3.045880e-09
Epoch 537600 (10.8%): Train pred MSE = 2.344174e-10, Test pred MSE = 7.488500e-07, Param MSE = 7.718037e-06, Grad norm = 7.179103e-08, Beta update rate = 3.042295e-09
Epoch 537800 (10.8%): Train pred MSE = 2.339026e-10, Test pred MSE = 7.488466e-07, Param MSE = 7.718001e-06, Grad norm = 7.170948e-08, Beta update rate = 3.038714e-09
Epoch 538000 (10.8%): Train pred MSE = 2.333890e-10, Test pred MSE = 7.488431e-07, Param MSE = 7.717966e-06, Grad norm = 7.162804e-08, Beta update rate = 3.035138e-09
Epoch 538200 (10.8%): Train pred MSE = 2.328765e-10, Test pred MSE = 7.488396e-07, Param MSE = 7.717931e-06, Grad norm = 7.154669e-08, Beta update rate = 3.031566e-09
Epoch 538400 (10.8%): Train pred MSE = 2.323652e-10, Test pred MSE = 7.488361e-07, Param MSE = 7.717896e-06, Grad norm = 7.146545e-08, Beta update rate = 3.027999e-09
Epoch 538600 (10.8%): Train pred MSE = 2.318550e-10, Test pred MSE = 7.488327e-07, Param MSE = 7.717861e-06, Grad norm = 7.138431e-08, Beta update rate = 3.024437e-09
Epoch 538800 (10.8%): Train pred MSE = 2.313460e-10, Test pred MSE = 7.488292e-07, Param MSE = 7.717826e-06, Grad norm = 7.130327e-08, Beta update rate = 3.020880e-09
Epoch 539000 (10.8%): Train pred MSE = 2.308382e-10, Test pred MSE = 7.488257e-07, Param MSE = 7.717791e-06, Grad norm = 7.122232e-08, Beta update rate = 3.017327e-09
Epoch 539200 (10.8%): Train pred MSE = 2.303315e-10, Test pred MSE = 7.488223e-07, Param MSE = 7.717757e-06, Grad norm = 7.114148e-08, Beta update rate = 3.013778e-09
Epoch 539400 (10.8%): Train pred MSE = 2.298260e-10, Test pred MSE = 7.488188e-07, Param MSE = 7.717722e-06, Grad norm = 7.106074e-08, Beta update rate = 3.010235e-09
Epoch 539600 (10.8%): Train pred MSE = 2.293216e-10, Test pred MSE = 7.488154e-07, Param MSE = 7.717687e-06, Grad norm = 7.098009e-08, Beta update rate = 3.006696e-09
Epoch 539800 (10.8%): Train pred MSE = 2.288184e-10, Test pred MSE = 7.488119e-07, Param MSE = 7.717652e-06, Grad norm = 7.089955e-08, Beta update rate = 3.003161e-09
Epoch 540000 (10.8%): Train pred MSE = 2.283163e-10, Test pred MSE = 7.488085e-07, Param MSE = 7.717618e-06, Grad norm = 7.081910e-08, Beta update rate = 2.999631e-09
Epoch 540200 (10.8%): Train pred MSE = 2.278153e-10, Test pred MSE = 7.488051e-07, Param MSE = 7.717583e-06, Grad norm = 7.073876e-08, Beta update rate = 2.996106e-09
Epoch 540400 (10.8%): Train pred MSE = 2.273155e-10, Test pred MSE = 7.488016e-07, Param MSE = 7.717549e-06, Grad norm = 7.065851e-08, Beta update rate = 2.992585e-09
Epoch 540600 (10.8%): Train pred MSE = 2.268168e-10, Test pred MSE = 7.487982e-07, Param MSE = 7.717514e-06, Grad norm = 7.057836e-08, Beta update rate = 2.989069e-09
Epoch 540800 (10.8%): Train pred MSE = 2.263192e-10, Test pred MSE = 7.487948e-07, Param MSE = 7.717480e-06, Grad norm = 7.049831e-08, Beta update rate = 2.985557e-09
Epoch 541000 (10.8%): Train pred MSE = 2.258228e-10, Test pred MSE = 7.487914e-07, Param MSE = 7.717445e-06, Grad norm = 7.041836e-08, Beta update rate = 2.982050e-09
Epoch 541200 (10.8%): Train pred MSE = 2.253275e-10, Test pred MSE = 7.487880e-07, Param MSE = 7.717411e-06, Grad norm = 7.033851e-08, Beta update rate = 2.978548e-09
Epoch 541400 (10.8%): Train pred MSE = 2.248333e-10, Test pred MSE = 7.487846e-07, Param MSE = 7.717377e-06, Grad norm = 7.025876e-08, Beta update rate = 2.975050e-09
Epoch 541600 (10.8%): Train pred MSE = 2.243402e-10, Test pred MSE = 7.487812e-07, Param MSE = 7.717342e-06, Grad norm = 7.017910e-08, Beta update rate = 2.971556e-09
Epoch 541800 (10.8%): Train pred MSE = 2.238483e-10, Test pred MSE = 7.487778e-07, Param MSE = 7.717308e-06, Grad norm = 7.009954e-08, Beta update rate = 2.968068e-09
Epoch 542000 (10.8%): Train pred MSE = 2.233574e-10, Test pred MSE = 7.487744e-07, Param MSE = 7.717274e-06, Grad norm = 7.002008e-08, Beta update rate = 2.964583e-09
Epoch 542200 (10.8%): Train pred MSE = 2.228677e-10, Test pred MSE = 7.487710e-07, Param MSE = 7.717240e-06, Grad norm = 6.994072e-08, Beta update rate = 2.961103e-09
Epoch 542400 (10.8%): Train pred MSE = 2.223791e-10, Test pred MSE = 7.487676e-07, Param MSE = 7.717206e-06, Grad norm = 6.986146e-08, Beta update rate = 2.957628e-09
Epoch 542600 (10.9%): Train pred MSE = 2.218916e-10, Test pred MSE = 7.487643e-07, Param MSE = 7.717172e-06, Grad norm = 6.978229e-08, Beta update rate = 2.954157e-09
Epoch 542800 (10.9%): Train pred MSE = 2.214052e-10, Test pred MSE = 7.487609e-07, Param MSE = 7.717138e-06, Grad norm = 6.970322e-08, Beta update rate = 2.950691e-09
Epoch 543000 (10.9%): Train pred MSE = 2.209199e-10, Test pred MSE = 7.487575e-07, Param MSE = 7.717104e-06, Grad norm = 6.962425e-08, Beta update rate = 2.947229e-09
Epoch 543200 (10.9%): Train pred MSE = 2.204357e-10, Test pred MSE = 7.487542e-07, Param MSE = 7.717070e-06, Grad norm = 6.954537e-08, Beta update rate = 2.943771e-09
Epoch 543400 (10.9%): Train pred MSE = 2.199526e-10, Test pred MSE = 7.487508e-07, Param MSE = 7.717036e-06, Grad norm = 6.946659e-08, Beta update rate = 2.940319e-09
Epoch 543600 (10.9%): Train pred MSE = 2.194706e-10, Test pred MSE = 7.487475e-07, Param MSE = 7.717003e-06, Grad norm = 6.938791e-08, Beta update rate = 2.936870e-09
Epoch 543800 (10.9%): Train pred MSE = 2.189897e-10, Test pred MSE = 7.487441e-07, Param MSE = 7.716969e-06, Grad norm = 6.930933e-08, Beta update rate = 2.933426e-09
Epoch 544000 (10.9%): Train pred MSE = 2.185098e-10, Test pred MSE = 7.487408e-07, Param MSE = 7.716935e-06, Grad norm = 6.923084e-08, Beta update rate = 2.929987e-09
Epoch 544200 (10.9%): Train pred MSE = 2.180311e-10, Test pred MSE = 7.487374e-07, Param MSE = 7.716901e-06, Grad norm = 6.915245e-08, Beta update rate = 2.926551e-09
Epoch 544400 (10.9%): Train pred MSE = 2.175534e-10, Test pred MSE = 7.487341e-07, Param MSE = 7.716868e-06, Grad norm = 6.907415e-08, Beta update rate = 2.923121e-09
Epoch 544600 (10.9%): Train pred MSE = 2.170769e-10, Test pred MSE = 7.487308e-07, Param MSE = 7.716834e-06, Grad norm = 6.899595e-08, Beta update rate = 2.919695e-09
Epoch 544800 (10.9%): Train pred MSE = 2.166014e-10, Test pred MSE = 7.487274e-07, Param MSE = 7.716801e-06, Grad norm = 6.891785e-08, Beta update rate = 2.916273e-09
Epoch 545000 (10.9%): Train pred MSE = 2.161269e-10, Test pred MSE = 7.487241e-07, Param MSE = 7.716767e-06, Grad norm = 6.883984e-08, Beta update rate = 2.912856e-09
Epoch 545200 (10.9%): Train pred MSE = 2.156536e-10, Test pred MSE = 7.487208e-07, Param MSE = 7.716734e-06, Grad norm = 6.876193e-08, Beta update rate = 2.909443e-09
Epoch 545400 (10.9%): Train pred MSE = 2.151813e-10, Test pred MSE = 7.487175e-07, Param MSE = 7.716701e-06, Grad norm = 6.868411e-08, Beta update rate = 2.906034e-09
Epoch 545600 (10.9%): Train pred MSE = 2.147101e-10, Test pred MSE = 7.487142e-07, Param MSE = 7.716667e-06, Grad norm = 6.860639e-08, Beta update rate = 2.902630e-09
Epoch 545800 (10.9%): Train pred MSE = 2.142399e-10, Test pred MSE = 7.487109e-07, Param MSE = 7.716634e-06, Grad norm = 6.852877e-08, Beta update rate = 2.899230e-09
Epoch 546000 (10.9%): Train pred MSE = 2.137709e-10, Test pred MSE = 7.487076e-07, Param MSE = 7.716601e-06, Grad norm = 6.845123e-08, Beta update rate = 2.895835e-09
Epoch 546200 (10.9%): Train pred MSE = 2.133028e-10, Test pred MSE = 7.487043e-07, Param MSE = 7.716568e-06, Grad norm = 6.837380e-08, Beta update rate = 2.892444e-09
Epoch 546400 (10.9%): Train pred MSE = 2.128359e-10, Test pred MSE = 7.487010e-07, Param MSE = 7.716534e-06, Grad norm = 6.829646e-08, Beta update rate = 2.889057e-09
Epoch 546600 (10.9%): Train pred MSE = 2.123700e-10, Test pred MSE = 7.486977e-07, Param MSE = 7.716501e-06, Grad norm = 6.821921e-08, Beta update rate = 2.885675e-09
Epoch 546800 (10.9%): Train pred MSE = 2.119051e-10, Test pred MSE = 7.486945e-07, Param MSE = 7.716468e-06, Grad norm = 6.814206e-08, Beta update rate = 2.882297e-09
Epoch 547000 (10.9%): Train pred MSE = 2.114413e-10, Test pred MSE = 7.486912e-07, Param MSE = 7.716435e-06, Grad norm = 6.806501e-08, Beta update rate = 2.878924e-09
Epoch 547200 (10.9%): Train pred MSE = 2.109785e-10, Test pred MSE = 7.486879e-07, Param MSE = 7.716402e-06, Grad norm = 6.798805e-08, Beta update rate = 2.875555e-09
Epoch 547400 (10.9%): Train pred MSE = 2.105168e-10, Test pred MSE = 7.486846e-07, Param MSE = 7.716369e-06, Grad norm = 6.791118e-08, Beta update rate = 2.872190e-09
Epoch 547600 (11.0%): Train pred MSE = 2.100562e-10, Test pred MSE = 7.486814e-07, Param MSE = 7.716337e-06, Grad norm = 6.783440e-08, Beta update rate = 2.868829e-09
Epoch 547800 (11.0%): Train pred MSE = 2.095965e-10, Test pred MSE = 7.486781e-07, Param MSE = 7.716304e-06, Grad norm = 6.775773e-08, Beta update rate = 2.865473e-09
Epoch 548000 (11.0%): Train pred MSE = 2.091379e-10, Test pred MSE = 7.486749e-07, Param MSE = 7.716271e-06, Grad norm = 6.768114e-08, Beta update rate = 2.862122e-09
Epoch 548200 (11.0%): Train pred MSE = 2.086804e-10, Test pred MSE = 7.486716e-07, Param MSE = 7.716238e-06, Grad norm = 6.760465e-08, Beta update rate = 2.858774e-09
Epoch 548400 (11.0%): Train pred MSE = 2.082239e-10, Test pred MSE = 7.486684e-07, Param MSE = 7.716206e-06, Grad norm = 6.752825e-08, Beta update rate = 2.855431e-09
Epoch 548600 (11.0%): Train pred MSE = 2.077684e-10, Test pred MSE = 7.486651e-07, Param MSE = 7.716173e-06, Grad norm = 6.745195e-08, Beta update rate = 2.852092e-09
Epoch 548800 (11.0%): Train pred MSE = 2.073139e-10, Test pred MSE = 7.486619e-07, Param MSE = 7.716140e-06, Grad norm = 6.737574e-08, Beta update rate = 2.848757e-09
Epoch 549000 (11.0%): Train pred MSE = 2.068605e-10, Test pred MSE = 7.486587e-07, Param MSE = 7.716108e-06, Grad norm = 6.729962e-08, Beta update rate = 2.845427e-09
Epoch 549200 (11.0%): Train pred MSE = 2.064081e-10, Test pred MSE = 7.486555e-07, Param MSE = 7.716075e-06, Grad norm = 6.722359e-08, Beta update rate = 2.842101e-09
Epoch 549400 (11.0%): Train pred MSE = 2.059567e-10, Test pred MSE = 7.486522e-07, Param MSE = 7.716043e-06, Grad norm = 6.714766e-08, Beta update rate = 2.838780e-09
Epoch 549600 (11.0%): Train pred MSE = 2.055063e-10, Test pred MSE = 7.486490e-07, Param MSE = 7.716010e-06, Grad norm = 6.707182e-08, Beta update rate = 2.835462e-09
Epoch 549800 (11.0%): Train pred MSE = 2.050570e-10, Test pred MSE = 7.486458e-07, Param MSE = 7.715978e-06, Grad norm = 6.699608e-08, Beta update rate = 2.832149e-09
Epoch 550000 (11.0%): Train pred MSE = 2.046086e-10, Test pred MSE = 7.486426e-07, Param MSE = 7.715946e-06, Grad norm = 6.692042e-08, Beta update rate = 2.828840e-09
Epoch 550200 (11.0%): Train pred MSE = 2.041613e-10, Test pred MSE = 7.486394e-07, Param MSE = 7.715913e-06, Grad norm = 6.684486e-08, Beta update rate = 2.825535e-09
Epoch 550400 (11.0%): Train pred MSE = 2.037150e-10, Test pred MSE = 7.486362e-07, Param MSE = 7.715881e-06, Grad norm = 6.676939e-08, Beta update rate = 2.822235e-09
Epoch 550600 (11.0%): Train pred MSE = 2.032697e-10, Test pred MSE = 7.486330e-07, Param MSE = 7.715849e-06, Grad norm = 6.669402e-08, Beta update rate = 2.818939e-09
Epoch 550800 (11.0%): Train pred MSE = 2.028254e-10, Test pred MSE = 7.486298e-07, Param MSE = 7.715817e-06, Grad norm = 6.661873e-08, Beta update rate = 2.815647e-09
Epoch 551000 (11.0%): Train pred MSE = 2.023821e-10, Test pred MSE = 7.486266e-07, Param MSE = 7.715785e-06, Grad norm = 6.654354e-08, Beta update rate = 2.812359e-09
Epoch 551200 (11.0%): Train pred MSE = 2.019398e-10, Test pred MSE = 7.486235e-07, Param MSE = 7.715753e-06, Grad norm = 6.646844e-08, Beta update rate = 2.809076e-09
Epoch 551400 (11.0%): Train pred MSE = 2.014985e-10, Test pred MSE = 7.486203e-07, Param MSE = 7.715721e-06, Grad norm = 6.639343e-08, Beta update rate = 2.805797e-09
Epoch 551600 (11.0%): Train pred MSE = 2.010582e-10, Test pred MSE = 7.486171e-07, Param MSE = 7.715689e-06, Grad norm = 6.631852e-08, Beta update rate = 2.802522e-09
Epoch 551800 (11.0%): Train pred MSE = 2.006189e-10, Test pred MSE = 7.486139e-07, Param MSE = 7.715657e-06, Grad norm = 6.624369e-08, Beta update rate = 2.799251e-09
Epoch 552000 (11.0%): Train pred MSE = 2.001805e-10, Test pred MSE = 7.486108e-07, Param MSE = 7.715625e-06, Grad norm = 6.616896e-08, Beta update rate = 2.795984e-09
Epoch 552200 (11.0%): Train pred MSE = 1.997432e-10, Test pred MSE = 7.486076e-07, Param MSE = 7.715593e-06, Grad norm = 6.609431e-08, Beta update rate = 2.792722e-09
Epoch 552400 (11.0%): Train pred MSE = 1.993069e-10, Test pred MSE = 7.486045e-07, Param MSE = 7.715561e-06, Grad norm = 6.601976e-08, Beta update rate = 2.789464e-09
Epoch 552600 (11.1%): Train pred MSE = 1.988715e-10, Test pred MSE = 7.486013e-07, Param MSE = 7.715530e-06, Grad norm = 6.594530e-08, Beta update rate = 2.786210e-09
Epoch 552800 (11.1%): Train pred MSE = 1.984371e-10, Test pred MSE = 7.485982e-07, Param MSE = 7.715498e-06, Grad norm = 6.587093e-08, Beta update rate = 2.782960e-09
Epoch 553000 (11.1%): Train pred MSE = 1.980037e-10, Test pred MSE = 7.485950e-07, Param MSE = 7.715466e-06, Grad norm = 6.579665e-08, Beta update rate = 2.779714e-09
Epoch 553200 (11.1%): Train pred MSE = 1.975713e-10, Test pred MSE = 7.485919e-07, Param MSE = 7.715435e-06, Grad norm = 6.572247e-08, Beta update rate = 2.776472e-09
Epoch 553400 (11.1%): Train pred MSE = 1.971398e-10, Test pred MSE = 7.485887e-07, Param MSE = 7.715403e-06, Grad norm = 6.564837e-08, Beta update rate = 2.773235e-09
Epoch 553600 (11.1%): Train pred MSE = 1.967093e-10, Test pred MSE = 7.485856e-07, Param MSE = 7.715371e-06, Grad norm = 6.557436e-08, Beta update rate = 2.770002e-09
Epoch 553800 (11.1%): Train pred MSE = 1.962798e-10, Test pred MSE = 7.485825e-07, Param MSE = 7.715340e-06, Grad norm = 6.550044e-08, Beta update rate = 2.766773e-09
Epoch 554000 (11.1%): Train pred MSE = 1.958513e-10, Test pred MSE = 7.485794e-07, Param MSE = 7.715308e-06, Grad norm = 6.542662e-08, Beta update rate = 2.763548e-09
Epoch 554200 (11.1%): Train pred MSE = 1.954237e-10, Test pred MSE = 7.485763e-07, Param MSE = 7.715277e-06, Grad norm = 6.535288e-08, Beta update rate = 2.760327e-09
Epoch 554400 (11.1%): Train pred MSE = 1.949971e-10, Test pred MSE = 7.485731e-07, Param MSE = 7.715246e-06, Grad norm = 6.527923e-08, Beta update rate = 2.757110e-09
Epoch 554600 (11.1%): Train pred MSE = 1.945714e-10, Test pred MSE = 7.485700e-07, Param MSE = 7.715214e-06, Grad norm = 6.520567e-08, Beta update rate = 2.753898e-09
Epoch 554800 (11.1%): Train pred MSE = 1.941467e-10, Test pred MSE = 7.485669e-07, Param MSE = 7.715183e-06, Grad norm = 6.513221e-08, Beta update rate = 2.750689e-09
Epoch 555000 (11.1%): Train pred MSE = 1.937230e-10, Test pred MSE = 7.485638e-07, Param MSE = 7.715152e-06, Grad norm = 6.505883e-08, Beta update rate = 2.747485e-09
Epoch 555200 (11.1%): Train pred MSE = 1.933002e-10, Test pred MSE = 7.485607e-07, Param MSE = 7.715121e-06, Grad norm = 6.498554e-08, Beta update rate = 2.744285e-09
Epoch 555400 (11.1%): Train pred MSE = 1.928784e-10, Test pred MSE = 7.485576e-07, Param MSE = 7.715090e-06, Grad norm = 6.491234e-08, Beta update rate = 2.741089e-09
Epoch 555600 (11.1%): Train pred MSE = 1.924575e-10, Test pred MSE = 7.485546e-07, Param MSE = 7.715058e-06, Grad norm = 6.483923e-08, Beta update rate = 2.737897e-09
Epoch 555800 (11.1%): Train pred MSE = 1.920376e-10, Test pred MSE = 7.485515e-07, Param MSE = 7.715027e-06, Grad norm = 6.476621e-08, Beta update rate = 2.734709e-09
Epoch 556000 (11.1%): Train pred MSE = 1.916186e-10, Test pred MSE = 7.485484e-07, Param MSE = 7.714996e-06, Grad norm = 6.469327e-08, Beta update rate = 2.731525e-09
Epoch 556200 (11.1%): Train pred MSE = 1.912005e-10, Test pred MSE = 7.485453e-07, Param MSE = 7.714965e-06, Grad norm = 6.462043e-08, Beta update rate = 2.728345e-09
Epoch 556400 (11.1%): Train pred MSE = 1.907834e-10, Test pred MSE = 7.485422e-07, Param MSE = 7.714934e-06, Grad norm = 6.454767e-08, Beta update rate = 2.725169e-09
Epoch 556600 (11.1%): Train pred MSE = 1.903673e-10, Test pred MSE = 7.485392e-07, Param MSE = 7.714904e-06, Grad norm = 6.447501e-08, Beta update rate = 2.721997e-09
Epoch 556800 (11.1%): Train pred MSE = 1.899520e-10, Test pred MSE = 7.485361e-07, Param MSE = 7.714873e-06, Grad norm = 6.440243e-08, Beta update rate = 2.718830e-09
Epoch 557000 (11.1%): Train pred MSE = 1.895377e-10, Test pred MSE = 7.485331e-07, Param MSE = 7.714842e-06, Grad norm = 6.432994e-08, Beta update rate = 2.715666e-09
Epoch 557200 (11.1%): Train pred MSE = 1.891244e-10, Test pred MSE = 7.485300e-07, Param MSE = 7.714811e-06, Grad norm = 6.425754e-08, Beta update rate = 2.712507e-09
Epoch 557400 (11.1%): Train pred MSE = 1.887119e-10, Test pred MSE = 7.485270e-07, Param MSE = 7.714780e-06, Grad norm = 6.418522e-08, Beta update rate = 2.709351e-09
Epoch 557600 (11.2%): Train pred MSE = 1.883004e-10, Test pred MSE = 7.485239e-07, Param MSE = 7.714750e-06, Grad norm = 6.411300e-08, Beta update rate = 2.706200e-09
Epoch 557800 (11.2%): Train pred MSE = 1.878898e-10, Test pred MSE = 7.485209e-07, Param MSE = 7.714719e-06, Grad norm = 6.404086e-08, Beta update rate = 2.703052e-09
Epoch 558000 (11.2%): Train pred MSE = 1.874802e-10, Test pred MSE = 7.485178e-07, Param MSE = 7.714688e-06, Grad norm = 6.396881e-08, Beta update rate = 2.699909e-09
Epoch 558200 (11.2%): Train pred MSE = 1.870714e-10, Test pred MSE = 7.485148e-07, Param MSE = 7.714658e-06, Grad norm = 6.389685e-08, Beta update rate = 2.696769e-09
Epoch 558400 (11.2%): Train pred MSE = 1.866636e-10, Test pred MSE = 7.485118e-07, Param MSE = 7.714627e-06, Grad norm = 6.382497e-08, Beta update rate = 2.693634e-09
Epoch 558600 (11.2%): Train pred MSE = 1.862567e-10, Test pred MSE = 7.485087e-07, Param MSE = 7.714597e-06, Grad norm = 6.375318e-08, Beta update rate = 2.690503e-09
Epoch 558800 (11.2%): Train pred MSE = 1.858507e-10, Test pred MSE = 7.485057e-07, Param MSE = 7.714566e-06, Grad norm = 6.368148e-08, Beta update rate = 2.687375e-09
Epoch 559000 (11.2%): Train pred MSE = 1.854457e-10, Test pred MSE = 7.485027e-07, Param MSE = 7.714536e-06, Grad norm = 6.360987e-08, Beta update rate = 2.684252e-09
Epoch 559200 (11.2%): Train pred MSE = 1.850415e-10, Test pred MSE = 7.484997e-07, Param MSE = 7.714506e-06, Grad norm = 6.353834e-08, Beta update rate = 2.681132e-09
Epoch 559400 (11.2%): Train pred MSE = 1.846382e-10, Test pred MSE = 7.484967e-07, Param MSE = 7.714475e-06, Grad norm = 6.346690e-08, Beta update rate = 2.678017e-09
Epoch 559600 (11.2%): Train pred MSE = 1.842359e-10, Test pred MSE = 7.484937e-07, Param MSE = 7.714445e-06, Grad norm = 6.339555e-08, Beta update rate = 2.674905e-09
Epoch 559800 (11.2%): Train pred MSE = 1.838345e-10, Test pred MSE = 7.484907e-07, Param MSE = 7.714415e-06, Grad norm = 6.332428e-08, Beta update rate = 2.671798e-09
Epoch 560000 (11.2%): Train pred MSE = 1.834339e-10, Test pred MSE = 7.484877e-07, Param MSE = 7.714385e-06, Grad norm = 6.325310e-08, Beta update rate = 2.668694e-09
Epoch 560200 (11.2%): Train pred MSE = 1.830343e-10, Test pred MSE = 7.484847e-07, Param MSE = 7.714355e-06, Grad norm = 6.318201e-08, Beta update rate = 2.665595e-09
Epoch 560400 (11.2%): Train pred MSE = 1.826355e-10, Test pred MSE = 7.484817e-07, Param MSE = 7.714324e-06, Grad norm = 6.311100e-08, Beta update rate = 2.662499e-09
Epoch 560600 (11.2%): Train pred MSE = 1.822377e-10, Test pred MSE = 7.484787e-07, Param MSE = 7.714294e-06, Grad norm = 6.304008e-08, Beta update rate = 2.659407e-09
Epoch 560800 (11.2%): Train pred MSE = 1.818407e-10, Test pred MSE = 7.484758e-07, Param MSE = 7.714264e-06, Grad norm = 6.296924e-08, Beta update rate = 2.656320e-09
Epoch 561000 (11.2%): Train pred MSE = 1.814447e-10, Test pred MSE = 7.484728e-07, Param MSE = 7.714234e-06, Grad norm = 6.289849e-08, Beta update rate = 2.653236e-09
Epoch 561200 (11.2%): Train pred MSE = 1.810495e-10, Test pred MSE = 7.484698e-07, Param MSE = 7.714204e-06, Grad norm = 6.282783e-08, Beta update rate = 2.650156e-09
Epoch 561400 (11.2%): Train pred MSE = 1.806552e-10, Test pred MSE = 7.484668e-07, Param MSE = 7.714175e-06, Grad norm = 6.275725e-08, Beta update rate = 2.647080e-09
Epoch 561600 (11.2%): Train pred MSE = 1.802618e-10, Test pred MSE = 7.484639e-07, Param MSE = 7.714145e-06, Grad norm = 6.268676e-08, Beta update rate = 2.644008e-09
Epoch 561800 (11.2%): Train pred MSE = 1.798693e-10, Test pred MSE = 7.484609e-07, Param MSE = 7.714115e-06, Grad norm = 6.261635e-08, Beta update rate = 2.640940e-09
Epoch 562000 (11.2%): Train pred MSE = 1.794776e-10, Test pred MSE = 7.484580e-07, Param MSE = 7.714085e-06, Grad norm = 6.254603e-08, Beta update rate = 2.637875e-09
Epoch 562200 (11.2%): Train pred MSE = 1.790869e-10, Test pred MSE = 7.484550e-07, Param MSE = 7.714055e-06, Grad norm = 6.247580e-08, Beta update rate = 2.634815e-09
Epoch 562400 (11.2%): Train pred MSE = 1.786970e-10, Test pred MSE = 7.484521e-07, Param MSE = 7.714026e-06, Grad norm = 6.240565e-08, Beta update rate = 2.631759e-09
Epoch 562600 (11.3%): Train pred MSE = 1.783080e-10, Test pred MSE = 7.484491e-07, Param MSE = 7.713996e-06, Grad norm = 6.233558e-08, Beta update rate = 2.628706e-09
Epoch 562800 (11.3%): Train pred MSE = 1.779199e-10, Test pred MSE = 7.484462e-07, Param MSE = 7.713966e-06, Grad norm = 6.226560e-08, Beta update rate = 2.625657e-09
Epoch 563000 (11.3%): Train pred MSE = 1.775326e-10, Test pred MSE = 7.484432e-07, Param MSE = 7.713937e-06, Grad norm = 6.219570e-08, Beta update rate = 2.622613e-09
Epoch 563200 (11.3%): Train pred MSE = 1.771462e-10, Test pred MSE = 7.484403e-07, Param MSE = 7.713907e-06, Grad norm = 6.212589e-08, Beta update rate = 2.619572e-09
Epoch 563400 (11.3%): Train pred MSE = 1.767607e-10, Test pred MSE = 7.484374e-07, Param MSE = 7.713878e-06, Grad norm = 6.205616e-08, Beta update rate = 2.616535e-09
Epoch 563600 (11.3%): Train pred MSE = 1.763760e-10, Test pred MSE = 7.484345e-07, Param MSE = 7.713848e-06, Grad norm = 6.198652e-08, Beta update rate = 2.613501e-09
Epoch 563800 (11.3%): Train pred MSE = 1.759922e-10, Test pred MSE = 7.484315e-07, Param MSE = 7.713819e-06, Grad norm = 6.191696e-08, Beta update rate = 2.610472e-09
Epoch 564000 (11.3%): Train pred MSE = 1.756093e-10, Test pred MSE = 7.484286e-07, Param MSE = 7.713790e-06, Grad norm = 6.184749e-08, Beta update rate = 2.607447e-09
Epoch 564200 (11.3%): Train pred MSE = 1.752272e-10, Test pred MSE = 7.484257e-07, Param MSE = 7.713760e-06, Grad norm = 6.177810e-08, Beta update rate = 2.604425e-09
Epoch 564400 (11.3%): Train pred MSE = 1.748460e-10, Test pred MSE = 7.484228e-07, Param MSE = 7.713731e-06, Grad norm = 6.170879e-08, Beta update rate = 2.601407e-09
Epoch 564600 (11.3%): Train pred MSE = 1.744656e-10, Test pred MSE = 7.484199e-07, Param MSE = 7.713702e-06, Grad norm = 6.163957e-08, Beta update rate = 2.598393e-09
Epoch 564800 (11.3%): Train pred MSE = 1.740861e-10, Test pred MSE = 7.484170e-07, Param MSE = 7.713672e-06, Grad norm = 6.157043e-08, Beta update rate = 2.595383e-09
Epoch 565000 (11.3%): Train pred MSE = 1.737074e-10, Test pred MSE = 7.484141e-07, Param MSE = 7.713643e-06, Grad norm = 6.150137e-08, Beta update rate = 2.592376e-09
Epoch 565200 (11.3%): Train pred MSE = 1.733296e-10, Test pred MSE = 7.484112e-07, Param MSE = 7.713614e-06, Grad norm = 6.143240e-08, Beta update rate = 2.589374e-09
Epoch 565400 (11.3%): Train pred MSE = 1.729527e-10, Test pred MSE = 7.484083e-07, Param MSE = 7.713585e-06, Grad norm = 6.136351e-08, Beta update rate = 2.586375e-09
Epoch 565600 (11.3%): Train pred MSE = 1.725765e-10, Test pred MSE = 7.484054e-07, Param MSE = 7.713556e-06, Grad norm = 6.129471e-08, Beta update rate = 2.583380e-09
Epoch 565800 (11.3%): Train pred MSE = 1.722012e-10, Test pred MSE = 7.484026e-07, Param MSE = 7.713527e-06, Grad norm = 6.122599e-08, Beta update rate = 2.580389e-09
Epoch 566000 (11.3%): Train pred MSE = 1.718268e-10, Test pred MSE = 7.483997e-07, Param MSE = 7.713498e-06, Grad norm = 6.115735e-08, Beta update rate = 2.577402e-09
Epoch 566200 (11.3%): Train pred MSE = 1.714532e-10, Test pred MSE = 7.483968e-07, Param MSE = 7.713469e-06, Grad norm = 6.108879e-08, Beta update rate = 2.574418e-09
Epoch 566400 (11.3%): Train pred MSE = 1.710804e-10, Test pred MSE = 7.483939e-07, Param MSE = 7.713440e-06, Grad norm = 6.102032e-08, Beta update rate = 2.571439e-09
Epoch 566600 (11.3%): Train pred MSE = 1.707085e-10, Test pred MSE = 7.483911e-07, Param MSE = 7.713411e-06, Grad norm = 6.095193e-08, Beta update rate = 2.568463e-09
Epoch 566800 (11.3%): Train pred MSE = 1.703374e-10, Test pred MSE = 7.483882e-07, Param MSE = 7.713382e-06, Grad norm = 6.088362e-08, Beta update rate = 2.565490e-09
Epoch 567000 (11.3%): Train pred MSE = 1.699672e-10, Test pred MSE = 7.483854e-07, Param MSE = 7.713354e-06, Grad norm = 6.081540e-08, Beta update rate = 2.562522e-09
Epoch 567200 (11.3%): Train pred MSE = 1.695977e-10, Test pred MSE = 7.483825e-07, Param MSE = 7.713325e-06, Grad norm = 6.074726e-08, Beta update rate = 2.559557e-09
Epoch 567400 (11.3%): Train pred MSE = 1.692291e-10, Test pred MSE = 7.483797e-07, Param MSE = 7.713296e-06, Grad norm = 6.067920e-08, Beta update rate = 2.556596e-09
Epoch 567600 (11.4%): Train pred MSE = 1.688613e-10, Test pred MSE = 7.483768e-07, Param MSE = 7.713267e-06, Grad norm = 6.061122e-08, Beta update rate = 2.553639e-09
Epoch 567800 (11.4%): Train pred MSE = 1.684944e-10, Test pred MSE = 7.483740e-07, Param MSE = 7.713239e-06, Grad norm = 6.054332e-08, Beta update rate = 2.550686e-09
Epoch 568000 (11.4%): Train pred MSE = 1.681282e-10, Test pred MSE = 7.483711e-07, Param MSE = 7.713210e-06, Grad norm = 6.047551e-08, Beta update rate = 2.547736e-09
Epoch 568200 (11.4%): Train pred MSE = 1.677629e-10, Test pred MSE = 7.483683e-07, Param MSE = 7.713182e-06, Grad norm = 6.040777e-08, Beta update rate = 2.544790e-09
Epoch 568400 (11.4%): Train pred MSE = 1.673984e-10, Test pred MSE = 7.483655e-07, Param MSE = 7.713153e-06, Grad norm = 6.034012e-08, Beta update rate = 2.541848e-09
Epoch 568600 (11.4%): Train pred MSE = 1.670348e-10, Test pred MSE = 7.483626e-07, Param MSE = 7.713125e-06, Grad norm = 6.027255e-08, Beta update rate = 2.538909e-09
Epoch 568800 (11.4%): Train pred MSE = 1.666719e-10, Test pred MSE = 7.483598e-07, Param MSE = 7.713096e-06, Grad norm = 6.020507e-08, Beta update rate = 2.535974e-09
Epoch 569000 (11.4%): Train pred MSE = 1.663098e-10, Test pred MSE = 7.483570e-07, Param MSE = 7.713068e-06, Grad norm = 6.013766e-08, Beta update rate = 2.533043e-09
Epoch 569200 (11.4%): Train pred MSE = 1.659486e-10, Test pred MSE = 7.483542e-07, Param MSE = 7.713040e-06, Grad norm = 6.007034e-08, Beta update rate = 2.530116e-09
Epoch 569400 (11.4%): Train pred MSE = 1.655881e-10, Test pred MSE = 7.483514e-07, Param MSE = 7.713011e-06, Grad norm = 6.000309e-08, Beta update rate = 2.527192e-09
Epoch 569600 (11.4%): Train pred MSE = 1.652285e-10, Test pred MSE = 7.483486e-07, Param MSE = 7.712983e-06, Grad norm = 5.993593e-08, Beta update rate = 2.524272e-09
Epoch 569800 (11.4%): Train pred MSE = 1.648697e-10, Test pred MSE = 7.483458e-07, Param MSE = 7.712955e-06, Grad norm = 5.986885e-08, Beta update rate = 2.521356e-09
Epoch 570000 (11.4%): Train pred MSE = 1.645117e-10, Test pred MSE = 7.483430e-07, Param MSE = 7.712926e-06, Grad norm = 5.980185e-08, Beta update rate = 2.518443e-09
Epoch 570200 (11.4%): Train pred MSE = 1.641544e-10, Test pred MSE = 7.483402e-07, Param MSE = 7.712898e-06, Grad norm = 5.973493e-08, Beta update rate = 2.515535e-09
Epoch 570400 (11.4%): Train pred MSE = 1.637980e-10, Test pred MSE = 7.483374e-07, Param MSE = 7.712870e-06, Grad norm = 5.966809e-08, Beta update rate = 2.512629e-09
Epoch 570600 (11.4%): Train pred MSE = 1.634424e-10, Test pred MSE = 7.483346e-07, Param MSE = 7.712842e-06, Grad norm = 5.960133e-08, Beta update rate = 2.509728e-09
Epoch 570800 (11.4%): Train pred MSE = 1.630876e-10, Test pred MSE = 7.483318e-07, Param MSE = 7.712814e-06, Grad norm = 5.953465e-08, Beta update rate = 2.506830e-09
Epoch 571000 (11.4%): Train pred MSE = 1.627335e-10, Test pred MSE = 7.483290e-07, Param MSE = 7.712786e-06, Grad norm = 5.946805e-08, Beta update rate = 2.503936e-09
Epoch 571200 (11.4%): Train pred MSE = 1.623803e-10, Test pred MSE = 7.483262e-07, Param MSE = 7.712758e-06, Grad norm = 5.940153e-08, Beta update rate = 2.501045e-09
Epoch 571400 (11.4%): Train pred MSE = 1.620278e-10, Test pred MSE = 7.483235e-07, Param MSE = 7.712730e-06, Grad norm = 5.933510e-08, Beta update rate = 2.498158e-09
Epoch 571600 (11.4%): Train pred MSE = 1.616761e-10, Test pred MSE = 7.483207e-07, Param MSE = 7.712702e-06, Grad norm = 5.926874e-08, Beta update rate = 2.495275e-09
Epoch 571800 (11.4%): Train pred MSE = 1.613253e-10, Test pred MSE = 7.483179e-07, Param MSE = 7.712674e-06, Grad norm = 5.920246e-08, Beta update rate = 2.492395e-09
Epoch 572000 (11.4%): Train pred MSE = 1.609752e-10, Test pred MSE = 7.483152e-07, Param MSE = 7.712647e-06, Grad norm = 5.913626e-08, Beta update rate = 2.489519e-09
Epoch 572200 (11.4%): Train pred MSE = 1.606258e-10, Test pred MSE = 7.483124e-07, Param MSE = 7.712619e-06, Grad norm = 5.907014e-08, Beta update rate = 2.486647e-09
Epoch 572400 (11.4%): Train pred MSE = 1.602773e-10, Test pred MSE = 7.483097e-07, Param MSE = 7.712591e-06, Grad norm = 5.900411e-08, Beta update rate = 2.483778e-09
Epoch 572600 (11.5%): Train pred MSE = 1.599296e-10, Test pred MSE = 7.483069e-07, Param MSE = 7.712563e-06, Grad norm = 5.893815e-08, Beta update rate = 2.480913e-09
Epoch 572800 (11.5%): Train pred MSE = 1.595826e-10, Test pred MSE = 7.483042e-07, Param MSE = 7.712536e-06, Grad norm = 5.887227e-08, Beta update rate = 2.478051e-09
Epoch 573000 (11.5%): Train pred MSE = 1.592364e-10, Test pred MSE = 7.483014e-07, Param MSE = 7.712508e-06, Grad norm = 5.880646e-08, Beta update rate = 2.475193e-09
Epoch 573200 (11.5%): Train pred MSE = 1.588909e-10, Test pred MSE = 7.482987e-07, Param MSE = 7.712480e-06, Grad norm = 5.874074e-08, Beta update rate = 2.472339e-09
Epoch 573400 (11.5%): Train pred MSE = 1.585463e-10, Test pred MSE = 7.482959e-07, Param MSE = 7.712453e-06, Grad norm = 5.867510e-08, Beta update rate = 2.469488e-09
Epoch 573600 (11.5%): Train pred MSE = 1.582024e-10, Test pred MSE = 7.482932e-07, Param MSE = 7.712425e-06, Grad norm = 5.860954e-08, Beta update rate = 2.466641e-09
Epoch 573800 (11.5%): Train pred MSE = 1.578593e-10, Test pred MSE = 7.482905e-07, Param MSE = 7.712398e-06, Grad norm = 5.854405e-08, Beta update rate = 2.463797e-09
Epoch 574000 (11.5%): Train pred MSE = 1.575169e-10, Test pred MSE = 7.482878e-07, Param MSE = 7.712370e-06, Grad norm = 5.847864e-08, Beta update rate = 2.460957e-09
Epoch 574200 (11.5%): Train pred MSE = 1.571753e-10, Test pred MSE = 7.482850e-07, Param MSE = 7.712343e-06, Grad norm = 5.841332e-08, Beta update rate = 2.458121e-09
Epoch 574400 (11.5%): Train pred MSE = 1.568345e-10, Test pred MSE = 7.482823e-07, Param MSE = 7.712316e-06, Grad norm = 5.834807e-08, Beta update rate = 2.455288e-09
Epoch 574600 (11.5%): Train pred MSE = 1.564944e-10, Test pred MSE = 7.482796e-07, Param MSE = 7.712288e-06, Grad norm = 5.828290e-08, Beta update rate = 2.452459e-09
Epoch 574800 (11.5%): Train pred MSE = 1.561551e-10, Test pred MSE = 7.482769e-07, Param MSE = 7.712261e-06, Grad norm = 5.821780e-08, Beta update rate = 2.449633e-09
Epoch 575000 (11.5%): Train pred MSE = 1.558166e-10, Test pred MSE = 7.482742e-07, Param MSE = 7.712234e-06, Grad norm = 5.815279e-08, Beta update rate = 2.446811e-09
Epoch 575200 (11.5%): Train pred MSE = 1.554788e-10, Test pred MSE = 7.482715e-07, Param MSE = 7.712206e-06, Grad norm = 5.808785e-08, Beta update rate = 2.443993e-09
Epoch 575400 (11.5%): Train pred MSE = 1.551417e-10, Test pred MSE = 7.482688e-07, Param MSE = 7.712179e-06, Grad norm = 5.802300e-08, Beta update rate = 2.441177e-09
Epoch 575600 (11.5%): Train pred MSE = 1.548055e-10, Test pred MSE = 7.482661e-07, Param MSE = 7.712152e-06, Grad norm = 5.795821e-08, Beta update rate = 2.438366e-09
Epoch 575800 (11.5%): Train pred MSE = 1.544699e-10, Test pred MSE = 7.482634e-07, Param MSE = 7.712125e-06, Grad norm = 5.789351e-08, Beta update rate = 2.435558e-09
Epoch 576000 (11.5%): Train pred MSE = 1.541351e-10, Test pred MSE = 7.482607e-07, Param MSE = 7.712098e-06, Grad norm = 5.782889e-08, Beta update rate = 2.432754e-09
Epoch 576200 (11.5%): Train pred MSE = 1.538011e-10, Test pred MSE = 7.482580e-07, Param MSE = 7.712071e-06, Grad norm = 5.776434e-08, Beta update rate = 2.429953e-09
Epoch 576400 (11.5%): Train pred MSE = 1.534678e-10, Test pred MSE = 7.482553e-07, Param MSE = 7.712044e-06, Grad norm = 5.769987e-08, Beta update rate = 2.427155e-09
Epoch 576600 (11.5%): Train pred MSE = 1.531352e-10, Test pred MSE = 7.482527e-07, Param MSE = 7.712017e-06, Grad norm = 5.763548e-08, Beta update rate = 2.424361e-09
Epoch 576800 (11.5%): Train pred MSE = 1.528034e-10, Test pred MSE = 7.482500e-07, Param MSE = 7.711990e-06, Grad norm = 5.757116e-08, Beta update rate = 2.421571e-09
Epoch 577000 (11.5%): Train pred MSE = 1.524724e-10, Test pred MSE = 7.482473e-07, Param MSE = 7.711963e-06, Grad norm = 5.750692e-08, Beta update rate = 2.418784e-09
Epoch 577200 (11.5%): Train pred MSE = 1.521420e-10, Test pred MSE = 7.482446e-07, Param MSE = 7.711936e-06, Grad norm = 5.744276e-08, Beta update rate = 2.416001e-09
Epoch 577400 (11.5%): Train pred MSE = 1.518124e-10, Test pred MSE = 7.482420e-07, Param MSE = 7.711909e-06, Grad norm = 5.737868e-08, Beta update rate = 2.413221e-09
Epoch 577600 (11.6%): Train pred MSE = 1.514836e-10, Test pred MSE = 7.482393e-07, Param MSE = 7.711882e-06, Grad norm = 5.731467e-08, Beta update rate = 2.410445e-09
Epoch 577800 (11.6%): Train pred MSE = 1.511554e-10, Test pred MSE = 7.482367e-07, Param MSE = 7.711856e-06, Grad norm = 5.725074e-08, Beta update rate = 2.407672e-09
Epoch 578000 (11.6%): Train pred MSE = 1.508280e-10, Test pred MSE = 7.482340e-07, Param MSE = 7.711829e-06, Grad norm = 5.718689e-08, Beta update rate = 2.404902e-09
Epoch 578200 (11.6%): Train pred MSE = 1.505014e-10, Test pred MSE = 7.482314e-07, Param MSE = 7.711802e-06, Grad norm = 5.712311e-08, Beta update rate = 2.402136e-09
Epoch 578400 (11.6%): Train pred MSE = 1.501754e-10, Test pred MSE = 7.482287e-07, Param MSE = 7.711776e-06, Grad norm = 5.705941e-08, Beta update rate = 2.399374e-09
Epoch 578600 (11.6%): Train pred MSE = 1.498502e-10, Test pred MSE = 7.482261e-07, Param MSE = 7.711749e-06, Grad norm = 5.699578e-08, Beta update rate = 2.396615e-09
Epoch 578800 (11.6%): Train pred MSE = 1.495257e-10, Test pred MSE = 7.482234e-07, Param MSE = 7.711722e-06, Grad norm = 5.693223e-08, Beta update rate = 2.393859e-09
Epoch 579000 (11.6%): Train pred MSE = 1.492020e-10, Test pred MSE = 7.482208e-07, Param MSE = 7.711696e-06, Grad norm = 5.686876e-08, Beta update rate = 2.391107e-09
Epoch 579200 (11.6%): Train pred MSE = 1.488789e-10, Test pred MSE = 7.482182e-07, Param MSE = 7.711669e-06, Grad norm = 5.680537e-08, Beta update rate = 2.388359e-09
Epoch 579400 (11.6%): Train pred MSE = 1.485566e-10, Test pred MSE = 7.482155e-07, Param MSE = 7.711643e-06, Grad norm = 5.674204e-08, Beta update rate = 2.385613e-09
Epoch 579600 (11.6%): Train pred MSE = 1.482350e-10, Test pred MSE = 7.482129e-07, Param MSE = 7.711616e-06, Grad norm = 5.667880e-08, Beta update rate = 2.382872e-09
Epoch 579800 (11.6%): Train pred MSE = 1.479141e-10, Test pred MSE = 7.482103e-07, Param MSE = 7.711590e-06, Grad norm = 5.661563e-08, Beta update rate = 2.380133e-09
Epoch 580000 (11.6%): Train pred MSE = 1.475939e-10, Test pred MSE = 7.482077e-07, Param MSE = 7.711564e-06, Grad norm = 5.655254e-08, Beta update rate = 2.377399e-09
Epoch 580200 (11.6%): Train pred MSE = 1.472745e-10, Test pred MSE = 7.482051e-07, Param MSE = 7.711537e-06, Grad norm = 5.648952e-08, Beta update rate = 2.374667e-09
Epoch 580400 (11.6%): Train pred MSE = 1.469557e-10, Test pred MSE = 7.482024e-07, Param MSE = 7.711511e-06, Grad norm = 5.642658e-08, Beta update rate = 2.371939e-09
Epoch 580600 (11.6%): Train pred MSE = 1.466377e-10, Test pred MSE = 7.481998e-07, Param MSE = 7.711485e-06, Grad norm = 5.636371e-08, Beta update rate = 2.369215e-09
Epoch 580800 (11.6%): Train pred MSE = 1.463204e-10, Test pred MSE = 7.481972e-07, Param MSE = 7.711459e-06, Grad norm = 5.630092e-08, Beta update rate = 2.366493e-09
Epoch 581000 (11.6%): Train pred MSE = 1.460037e-10, Test pred MSE = 7.481946e-07, Param MSE = 7.711432e-06, Grad norm = 5.623820e-08, Beta update rate = 2.363776e-09
Epoch 581200 (11.6%): Train pred MSE = 1.456878e-10, Test pred MSE = 7.481920e-07, Param MSE = 7.711406e-06, Grad norm = 5.617556e-08, Beta update rate = 2.361061e-09
Epoch 581400 (11.6%): Train pred MSE = 1.453726e-10, Test pred MSE = 7.481894e-07, Param MSE = 7.711380e-06, Grad norm = 5.611299e-08, Beta update rate = 2.358350e-09
Epoch 581600 (11.6%): Train pred MSE = 1.450581e-10, Test pred MSE = 7.481869e-07, Param MSE = 7.711354e-06, Grad norm = 5.605050e-08, Beta update rate = 2.355643e-09
Epoch 581800 (11.6%): Train pred MSE = 1.447443e-10, Test pred MSE = 7.481843e-07, Param MSE = 7.711328e-06, Grad norm = 5.598808e-08, Beta update rate = 2.352938e-09
Epoch 582000 (11.6%): Train pred MSE = 1.444312e-10, Test pred MSE = 7.481817e-07, Param MSE = 7.711302e-06, Grad norm = 5.592574e-08, Beta update rate = 2.350238e-09
Epoch 582200 (11.6%): Train pred MSE = 1.441187e-10, Test pred MSE = 7.481791e-07, Param MSE = 7.711276e-06, Grad norm = 5.586347e-08, Beta update rate = 2.347540e-09
Epoch 582400 (11.6%): Train pred MSE = 1.438070e-10, Test pred MSE = 7.481765e-07, Param MSE = 7.711250e-06, Grad norm = 5.580128e-08, Beta update rate = 2.344846e-09
Epoch 582600 (11.7%): Train pred MSE = 1.434960e-10, Test pred MSE = 7.481740e-07, Param MSE = 7.711224e-06, Grad norm = 5.573916e-08, Beta update rate = 2.342155e-09
Epoch 582800 (11.7%): Train pred MSE = 1.431857e-10, Test pred MSE = 7.481714e-07, Param MSE = 7.711198e-06, Grad norm = 5.567712e-08, Beta update rate = 2.339468e-09
Epoch 583000 (11.7%): Train pred MSE = 1.428760e-10, Test pred MSE = 7.481688e-07, Param MSE = 7.711172e-06, Grad norm = 5.561514e-08, Beta update rate = 2.336784e-09
Epoch 583200 (11.7%): Train pred MSE = 1.425671e-10, Test pred MSE = 7.481663e-07, Param MSE = 7.711146e-06, Grad norm = 5.555325e-08, Beta update rate = 2.334104e-09
Epoch 583400 (11.7%): Train pred MSE = 1.422588e-10, Test pred MSE = 7.481637e-07, Param MSE = 7.711121e-06, Grad norm = 5.549142e-08, Beta update rate = 2.331426e-09
Epoch 583600 (11.7%): Train pred MSE = 1.419512e-10, Test pred MSE = 7.481611e-07, Param MSE = 7.711095e-06, Grad norm = 5.542968e-08, Beta update rate = 2.328752e-09
Epoch 583800 (11.7%): Train pred MSE = 1.416443e-10, Test pred MSE = 7.481586e-07, Param MSE = 7.711069e-06, Grad norm = 5.536800e-08, Beta update rate = 2.326082e-09
Epoch 584000 (11.7%): Train pred MSE = 1.413381e-10, Test pred MSE = 7.481560e-07, Param MSE = 7.711044e-06, Grad norm = 5.530640e-08, Beta update rate = 2.323415e-09
Epoch 584200 (11.7%): Train pred MSE = 1.410325e-10, Test pred MSE = 7.481535e-07, Param MSE = 7.711018e-06, Grad norm = 5.524487e-08, Beta update rate = 2.320751e-09
Epoch 584400 (11.7%): Train pred MSE = 1.407277e-10, Test pred MSE = 7.481510e-07, Param MSE = 7.710992e-06, Grad norm = 5.518342e-08, Beta update rate = 2.318090e-09
Epoch 584600 (11.7%): Train pred MSE = 1.404235e-10, Test pred MSE = 7.481484e-07, Param MSE = 7.710967e-06, Grad norm = 5.512203e-08, Beta update rate = 2.315433e-09
Epoch 584800 (11.7%): Train pred MSE = 1.401200e-10, Test pred MSE = 7.481459e-07, Param MSE = 7.710941e-06, Grad norm = 5.506073e-08, Beta update rate = 2.312779e-09
Epoch 585000 (11.7%): Train pred MSE = 1.398172e-10, Test pred MSE = 7.481433e-07, Param MSE = 7.710916e-06, Grad norm = 5.499949e-08, Beta update rate = 2.310128e-09
Epoch 585200 (11.7%): Train pred MSE = 1.395150e-10, Test pred MSE = 7.481408e-07, Param MSE = 7.710890e-06, Grad norm = 5.493833e-08, Beta update rate = 2.307481e-09
Epoch 585400 (11.7%): Train pred MSE = 1.392135e-10, Test pred MSE = 7.481383e-07, Param MSE = 7.710865e-06, Grad norm = 5.487724e-08, Beta update rate = 2.304837e-09
Epoch 585600 (11.7%): Train pred MSE = 1.389127e-10, Test pred MSE = 7.481358e-07, Param MSE = 7.710839e-06, Grad norm = 5.481622e-08, Beta update rate = 2.302196e-09
Epoch 585800 (11.7%): Train pred MSE = 1.386126e-10, Test pred MSE = 7.481333e-07, Param MSE = 7.710814e-06, Grad norm = 5.475528e-08, Beta update rate = 2.299559e-09
Epoch 586000 (11.7%): Train pred MSE = 1.383131e-10, Test pred MSE = 7.481307e-07, Param MSE = 7.710789e-06, Grad norm = 5.469441e-08, Beta update rate = 2.296925e-09
Epoch 586200 (11.7%): Train pred MSE = 1.380143e-10, Test pred MSE = 7.481282e-07, Param MSE = 7.710763e-06, Grad norm = 5.463361e-08, Beta update rate = 2.294294e-09
Epoch 586400 (11.7%): Train pred MSE = 1.377161e-10, Test pred MSE = 7.481257e-07, Param MSE = 7.710738e-06, Grad norm = 5.457288e-08, Beta update rate = 2.291666e-09
Epoch 586600 (11.7%): Train pred MSE = 1.374186e-10, Test pred MSE = 7.481232e-07, Param MSE = 7.710713e-06, Grad norm = 5.451223e-08, Beta update rate = 2.289042e-09
Epoch 586800 (11.7%): Train pred MSE = 1.371218e-10, Test pred MSE = 7.481207e-07, Param MSE = 7.710688e-06, Grad norm = 5.445165e-08, Beta update rate = 2.286421e-09
Epoch 587000 (11.7%): Train pred MSE = 1.368257e-10, Test pred MSE = 7.481182e-07, Param MSE = 7.710663e-06, Grad norm = 5.439114e-08, Beta update rate = 2.283803e-09
Epoch 587200 (11.7%): Train pred MSE = 1.365301e-10, Test pred MSE = 7.481157e-07, Param MSE = 7.710637e-06, Grad norm = 5.433070e-08, Beta update rate = 2.281189e-09
Epoch 587400 (11.7%): Train pred MSE = 1.362353e-10, Test pred MSE = 7.481132e-07, Param MSE = 7.710612e-06, Grad norm = 5.427034e-08, Beta update rate = 2.278578e-09
Epoch 587600 (11.8%): Train pred MSE = 1.359411e-10, Test pred MSE = 7.481107e-07, Param MSE = 7.710587e-06, Grad norm = 5.421005e-08, Beta update rate = 2.275970e-09
Epoch 587800 (11.8%): Train pred MSE = 1.356476e-10, Test pred MSE = 7.481083e-07, Param MSE = 7.710562e-06, Grad norm = 5.414983e-08, Beta update rate = 2.273365e-09
Epoch 588000 (11.8%): Train pred MSE = 1.353547e-10, Test pred MSE = 7.481058e-07, Param MSE = 7.710537e-06, Grad norm = 5.408968e-08, Beta update rate = 2.270764e-09
Epoch 588200 (11.8%): Train pred MSE = 1.350624e-10, Test pred MSE = 7.481033e-07, Param MSE = 7.710512e-06, Grad norm = 5.402960e-08, Beta update rate = 2.268165e-09
Epoch 588400 (11.8%): Train pred MSE = 1.347708e-10, Test pred MSE = 7.481008e-07, Param MSE = 7.710487e-06, Grad norm = 5.396959e-08, Beta update rate = 2.265570e-09
Epoch 588600 (11.8%): Train pred MSE = 1.344799e-10, Test pred MSE = 7.480983e-07, Param MSE = 7.710463e-06, Grad norm = 5.390966e-08, Beta update rate = 2.262978e-09
Epoch 588800 (11.8%): Train pred MSE = 1.341896e-10, Test pred MSE = 7.480959e-07, Param MSE = 7.710438e-06, Grad norm = 5.384979e-08, Beta update rate = 2.260390e-09
Epoch 589000 (11.8%): Train pred MSE = 1.338999e-10, Test pred MSE = 7.480934e-07, Param MSE = 7.710413e-06, Grad norm = 5.379000e-08, Beta update rate = 2.257805e-09
Epoch 589200 (11.8%): Train pred MSE = 1.336109e-10, Test pred MSE = 7.480910e-07, Param MSE = 7.710388e-06, Grad norm = 5.373028e-08, Beta update rate = 2.255223e-09
Epoch 589400 (11.8%): Train pred MSE = 1.333225e-10, Test pred MSE = 7.480885e-07, Param MSE = 7.710363e-06, Grad norm = 5.367063e-08, Beta update rate = 2.252644e-09
Epoch 589600 (11.8%): Train pred MSE = 1.330348e-10, Test pred MSE = 7.480860e-07, Param MSE = 7.710339e-06, Grad norm = 5.361105e-08, Beta update rate = 2.250068e-09
Epoch 589800 (11.8%): Train pred MSE = 1.327477e-10, Test pred MSE = 7.480836e-07, Param MSE = 7.710314e-06, Grad norm = 5.355154e-08, Beta update rate = 2.247495e-09
Epoch 590000 (11.8%): Train pred MSE = 1.324613e-10, Test pred MSE = 7.480811e-07, Param MSE = 7.710289e-06, Grad norm = 5.349211e-08, Beta update rate = 2.244926e-09
Epoch 590200 (11.8%): Train pred MSE = 1.321754e-10, Test pred MSE = 7.480787e-07, Param MSE = 7.710265e-06, Grad norm = 5.343274e-08, Beta update rate = 2.242360e-09
Epoch 590400 (11.8%): Train pred MSE = 1.318902e-10, Test pred MSE = 7.480762e-07, Param MSE = 7.710240e-06, Grad norm = 5.337344e-08, Beta update rate = 2.239797e-09
Epoch 590600 (11.8%): Train pred MSE = 1.316057e-10, Test pred MSE = 7.480738e-07, Param MSE = 7.710215e-06, Grad norm = 5.331422e-08, Beta update rate = 2.237237e-09
Epoch 590800 (11.8%): Train pred MSE = 1.313218e-10, Test pred MSE = 7.480714e-07, Param MSE = 7.710191e-06, Grad norm = 5.325506e-08, Beta update rate = 2.234681e-09
Epoch 591000 (11.8%): Train pred MSE = 1.310385e-10, Test pred MSE = 7.480689e-07, Param MSE = 7.710166e-06, Grad norm = 5.319598e-08, Beta update rate = 2.232128e-09
Epoch 591200 (11.8%): Train pred MSE = 1.307558e-10, Test pred MSE = 7.480665e-07, Param MSE = 7.710142e-06, Grad norm = 5.313696e-08, Beta update rate = 2.229577e-09
Epoch 591400 (11.8%): Train pred MSE = 1.304738e-10, Test pred MSE = 7.480641e-07, Param MSE = 7.710117e-06, Grad norm = 5.307802e-08, Beta update rate = 2.227030e-09
Epoch 591600 (11.8%): Train pred MSE = 1.301924e-10, Test pred MSE = 7.480617e-07, Param MSE = 7.710093e-06, Grad norm = 5.301914e-08, Beta update rate = 2.224486e-09
Epoch 591800 (11.8%): Train pred MSE = 1.299116e-10, Test pred MSE = 7.480592e-07, Param MSE = 7.710069e-06, Grad norm = 5.296034e-08, Beta update rate = 2.221946e-09
Epoch 592000 (11.8%): Train pred MSE = 1.296314e-10, Test pred MSE = 7.480568e-07, Param MSE = 7.710044e-06, Grad norm = 5.290161e-08, Beta update rate = 2.219408e-09
Epoch 592200 (11.8%): Train pred MSE = 1.293519e-10, Test pred MSE = 7.480544e-07, Param MSE = 7.710020e-06, Grad norm = 5.284294e-08, Beta update rate = 2.216874e-09
Epoch 592400 (11.8%): Train pred MSE = 1.290729e-10, Test pred MSE = 7.480520e-07, Param MSE = 7.709996e-06, Grad norm = 5.278435e-08, Beta update rate = 2.214343e-09
Epoch 592600 (11.9%): Train pred MSE = 1.287946e-10, Test pred MSE = 7.480496e-07, Param MSE = 7.709972e-06, Grad norm = 5.272582e-08, Beta update rate = 2.211814e-09
Epoch 592800 (11.9%): Train pred MSE = 1.285169e-10, Test pred MSE = 7.480472e-07, Param MSE = 7.709947e-06, Grad norm = 5.266736e-08, Beta update rate = 2.209289e-09
Epoch 593000 (11.9%): Train pred MSE = 1.282399e-10, Test pred MSE = 7.480448e-07, Param MSE = 7.709923e-06, Grad norm = 5.260898e-08, Beta update rate = 2.206768e-09
Epoch 593200 (11.9%): Train pred MSE = 1.279634e-10, Test pred MSE = 7.480424e-07, Param MSE = 7.709899e-06, Grad norm = 5.255066e-08, Beta update rate = 2.204249e-09
Epoch 593400 (11.9%): Train pred MSE = 1.276876e-10, Test pred MSE = 7.480400e-07, Param MSE = 7.709875e-06, Grad norm = 5.249241e-08, Beta update rate = 2.201733e-09
Epoch 593600 (11.9%): Train pred MSE = 1.274123e-10, Test pred MSE = 7.480376e-07, Param MSE = 7.709851e-06, Grad norm = 5.243423e-08, Beta update rate = 2.199221e-09
Epoch 593800 (11.9%): Train pred MSE = 1.271377e-10, Test pred MSE = 7.480352e-07, Param MSE = 7.709827e-06, Grad norm = 5.237612e-08, Beta update rate = 2.196712e-09
Epoch 594000 (11.9%): Train pred MSE = 1.268637e-10, Test pred MSE = 7.480328e-07, Param MSE = 7.709803e-06, Grad norm = 5.231808e-08, Beta update rate = 2.194205e-09
Epoch 594200 (11.9%): Train pred MSE = 1.265903e-10, Test pred MSE = 7.480304e-07, Param MSE = 7.709779e-06, Grad norm = 5.226011e-08, Beta update rate = 2.191702e-09
Epoch 594400 (11.9%): Train pred MSE = 1.263174e-10, Test pred MSE = 7.480281e-07, Param MSE = 7.709755e-06, Grad norm = 5.220220e-08, Beta update rate = 2.189202e-09
Epoch 594600 (11.9%): Train pred MSE = 1.260452e-10, Test pred MSE = 7.480257e-07, Param MSE = 7.709731e-06, Grad norm = 5.214437e-08, Beta update rate = 2.186705e-09
Epoch 594800 (11.9%): Train pred MSE = 1.257736e-10, Test pred MSE = 7.480233e-07, Param MSE = 7.709707e-06, Grad norm = 5.208660e-08, Beta update rate = 2.184211e-09
Epoch 595000 (11.9%): Train pred MSE = 1.255026e-10, Test pred MSE = 7.480210e-07, Param MSE = 7.709683e-06, Grad norm = 5.202891e-08, Beta update rate = 2.181721e-09
Epoch 595200 (11.9%): Train pred MSE = 1.252322e-10, Test pred MSE = 7.480186e-07, Param MSE = 7.709659e-06, Grad norm = 5.197128e-08, Beta update rate = 2.179233e-09
Epoch 595400 (11.9%): Train pred MSE = 1.249624e-10, Test pred MSE = 7.480162e-07, Param MSE = 7.709636e-06, Grad norm = 5.191371e-08, Beta update rate = 2.176748e-09
Epoch 595600 (11.9%): Train pred MSE = 1.246932e-10, Test pred MSE = 7.480139e-07, Param MSE = 7.709612e-06, Grad norm = 5.185622e-08, Beta update rate = 2.174267e-09
Epoch 595800 (11.9%): Train pred MSE = 1.244246e-10, Test pred MSE = 7.480115e-07, Param MSE = 7.709588e-06, Grad norm = 5.179880e-08, Beta update rate = 2.171788e-09
Epoch 596000 (11.9%): Train pred MSE = 1.241566e-10, Test pred MSE = 7.480092e-07, Param MSE = 7.709564e-06, Grad norm = 5.174144e-08, Beta update rate = 2.169313e-09
Epoch 596200 (11.9%): Train pred MSE = 1.238892e-10, Test pred MSE = 7.480068e-07, Param MSE = 7.709541e-06, Grad norm = 5.168415e-08, Beta update rate = 2.166841e-09
Epoch 596400 (11.9%): Train pred MSE = 1.236224e-10, Test pred MSE = 7.480045e-07, Param MSE = 7.709517e-06, Grad norm = 5.162693e-08, Beta update rate = 2.164371e-09
Epoch 596600 (11.9%): Train pred MSE = 1.233561e-10, Test pred MSE = 7.480021e-07, Param MSE = 7.709493e-06, Grad norm = 5.156978e-08, Beta update rate = 2.161905e-09
Epoch 596800 (11.9%): Train pred MSE = 1.230905e-10, Test pred MSE = 7.479998e-07, Param MSE = 7.709470e-06, Grad norm = 5.151269e-08, Beta update rate = 2.159442e-09
Epoch 597000 (11.9%): Train pred MSE = 1.228254e-10, Test pred MSE = 7.479974e-07, Param MSE = 7.709446e-06, Grad norm = 5.145567e-08, Beta update rate = 2.156982e-09
Epoch 597200 (11.9%): Train pred MSE = 1.225610e-10, Test pred MSE = 7.479951e-07, Param MSE = 7.709423e-06, Grad norm = 5.139872e-08, Beta update rate = 2.154525e-09
Epoch 597400 (11.9%): Train pred MSE = 1.222971e-10, Test pred MSE = 7.479928e-07, Param MSE = 7.709399e-06, Grad norm = 5.134184e-08, Beta update rate = 2.152071e-09
Epoch 597600 (12.0%): Train pred MSE = 1.220338e-10, Test pred MSE = 7.479904e-07, Param MSE = 7.709376e-06, Grad norm = 5.128502e-08, Beta update rate = 2.149620e-09
Epoch 597800 (12.0%): Train pred MSE = 1.217710e-10, Test pred MSE = 7.479881e-07, Param MSE = 7.709352e-06, Grad norm = 5.122828e-08, Beta update rate = 2.147172e-09
Epoch 598000 (12.0%): Train pred MSE = 1.215089e-10, Test pred MSE = 7.479858e-07, Param MSE = 7.709329e-06, Grad norm = 5.117160e-08, Beta update rate = 2.144727e-09
Epoch 598200 (12.0%): Train pred MSE = 1.212473e-10, Test pred MSE = 7.479835e-07, Param MSE = 7.709306e-06, Grad norm = 5.111498e-08, Beta update rate = 2.142285e-09
Epoch 598400 (12.0%): Train pred MSE = 1.209864e-10, Test pred MSE = 7.479812e-07, Param MSE = 7.709282e-06, Grad norm = 5.105843e-08, Beta update rate = 2.139846e-09
Epoch 598600 (12.0%): Train pred MSE = 1.207260e-10, Test pred MSE = 7.479788e-07, Param MSE = 7.709259e-06, Grad norm = 5.100195e-08, Beta update rate = 2.137410e-09
Epoch 598800 (12.0%): Train pred MSE = 1.204661e-10, Test pred MSE = 7.479765e-07, Param MSE = 7.709236e-06, Grad norm = 5.094554e-08, Beta update rate = 2.134977e-09
Epoch 599000 (12.0%): Train pred MSE = 1.202069e-10, Test pred MSE = 7.479742e-07, Param MSE = 7.709213e-06, Grad norm = 5.088919e-08, Beta update rate = 2.132548e-09
Epoch 599200 (12.0%): Train pred MSE = 1.199482e-10, Test pred MSE = 7.479719e-07, Param MSE = 7.709189e-06, Grad norm = 5.083291e-08, Beta update rate = 2.130121e-09
Epoch 599400 (12.0%): Train pred MSE = 1.196901e-10, Test pred MSE = 7.479696e-07, Param MSE = 7.709166e-06, Grad norm = 5.077670e-08, Beta update rate = 2.127697e-09
Epoch 599600 (12.0%): Train pred MSE = 1.194325e-10, Test pred MSE = 7.479673e-07, Param MSE = 7.709143e-06, Grad norm = 5.072055e-08, Beta update rate = 2.125276e-09
Epoch 599800 (12.0%): Train pred MSE = 1.191756e-10, Test pred MSE = 7.479650e-07, Param MSE = 7.709120e-06, Grad norm = 5.066447e-08, Beta update rate = 2.122858e-09
Epoch 600000 (12.0%): Train pred MSE = 1.189192e-10, Test pred MSE = 7.479627e-07, Param MSE = 7.709097e-06, Grad norm = 5.060846e-08, Beta update rate = 2.120443e-09
Epoch 600200 (12.0%): Train pred MSE = 1.186633e-10, Test pred MSE = 7.479604e-07, Param MSE = 7.709074e-06, Grad norm = 5.055251e-08, Beta update rate = 2.118031e-09
Epoch 600400 (12.0%): Train pred MSE = 1.184081e-10, Test pred MSE = 7.479582e-07, Param MSE = 7.709051e-06, Grad norm = 5.049663e-08, Beta update rate = 2.115622e-09
Epoch 600600 (12.0%): Train pred MSE = 1.181533e-10, Test pred MSE = 7.479559e-07, Param MSE = 7.709028e-06, Grad norm = 5.044081e-08, Beta update rate = 2.113216e-09
Epoch 600800 (12.0%): Train pred MSE = 1.178992e-10, Test pred MSE = 7.479536e-07, Param MSE = 7.709005e-06, Grad norm = 5.038506e-08, Beta update rate = 2.110813e-09
Epoch 601000 (12.0%): Train pred MSE = 1.176456e-10, Test pred MSE = 7.479513e-07, Param MSE = 7.708982e-06, Grad norm = 5.032938e-08, Beta update rate = 2.108413e-09
Epoch 601200 (12.0%): Train pred MSE = 1.173926e-10, Test pred MSE = 7.479490e-07, Param MSE = 7.708959e-06, Grad norm = 5.027376e-08, Beta update rate = 2.106016e-09
Epoch 601400 (12.0%): Train pred MSE = 1.171401e-10, Test pred MSE = 7.479468e-07, Param MSE = 7.708936e-06, Grad norm = 5.021820e-08, Beta update rate = 2.103622e-09
Epoch 601600 (12.0%): Train pred MSE = 1.168882e-10, Test pred MSE = 7.479445e-07, Param MSE = 7.708913e-06, Grad norm = 5.016272e-08, Beta update rate = 2.101231e-09
Epoch 601800 (12.0%): Train pred MSE = 1.166369e-10, Test pred MSE = 7.479422e-07, Param MSE = 7.708890e-06, Grad norm = 5.010730e-08, Beta update rate = 2.098843e-09
Epoch 602000 (12.0%): Train pred MSE = 1.163861e-10, Test pred MSE = 7.479400e-07, Param MSE = 7.708868e-06, Grad norm = 5.005194e-08, Beta update rate = 2.096457e-09
Epoch 602200 (12.0%): Train pred MSE = 1.161358e-10, Test pred MSE = 7.479377e-07, Param MSE = 7.708845e-06, Grad norm = 4.999665e-08, Beta update rate = 2.094075e-09
Epoch 602400 (12.0%): Train pred MSE = 1.158862e-10, Test pred MSE = 7.479355e-07, Param MSE = 7.708822e-06, Grad norm = 4.994142e-08, Beta update rate = 2.091695e-09
Epoch 602600 (12.1%): Train pred MSE = 1.156370e-10, Test pred MSE = 7.479332e-07, Param MSE = 7.708800e-06, Grad norm = 4.988626e-08, Beta update rate = 2.089319e-09
Epoch 602800 (12.1%): Train pred MSE = 1.153884e-10, Test pred MSE = 7.479310e-07, Param MSE = 7.708777e-06, Grad norm = 4.983117e-08, Beta update rate = 2.086945e-09
Epoch 603000 (12.1%): Train pred MSE = 1.151404e-10, Test pred MSE = 7.479287e-07, Param MSE = 7.708754e-06, Grad norm = 4.977614e-08, Beta update rate = 2.084575e-09
Epoch 603200 (12.1%): Train pred MSE = 1.148929e-10, Test pred MSE = 7.479265e-07, Param MSE = 7.708732e-06, Grad norm = 4.972117e-08, Beta update rate = 2.082207e-09
Epoch 603400 (12.1%): Train pred MSE = 1.146460e-10, Test pred MSE = 7.479242e-07, Param MSE = 7.708709e-06, Grad norm = 4.966627e-08, Beta update rate = 2.079842e-09
Epoch 603600 (12.1%): Train pred MSE = 1.143996e-10, Test pred MSE = 7.479220e-07, Param MSE = 7.708687e-06, Grad norm = 4.961143e-08, Beta update rate = 2.077480e-09
Epoch 603800 (12.1%): Train pred MSE = 1.141537e-10, Test pred MSE = 7.479197e-07, Param MSE = 7.708664e-06, Grad norm = 4.955666e-08, Beta update rate = 2.075121e-09
Epoch 604000 (12.1%): Train pred MSE = 1.139084e-10, Test pred MSE = 7.479175e-07, Param MSE = 7.708642e-06, Grad norm = 4.950196e-08, Beta update rate = 2.072765e-09
Epoch 604200 (12.1%): Train pred MSE = 1.136636e-10, Test pred MSE = 7.479153e-07, Param MSE = 7.708619e-06, Grad norm = 4.944731e-08, Beta update rate = 2.070412e-09
Epoch 604400 (12.1%): Train pred MSE = 1.134194e-10, Test pred MSE = 7.479131e-07, Param MSE = 7.708597e-06, Grad norm = 4.939274e-08, Beta update rate = 2.068062e-09
Epoch 604600 (12.1%): Train pred MSE = 1.131757e-10, Test pred MSE = 7.479108e-07, Param MSE = 7.708574e-06, Grad norm = 4.933822e-08, Beta update rate = 2.065714e-09
Epoch 604800 (12.1%): Train pred MSE = 1.129325e-10, Test pred MSE = 7.479086e-07, Param MSE = 7.708552e-06, Grad norm = 4.928377e-08, Beta update rate = 2.063370e-09
Epoch 605000 (12.1%): Train pred MSE = 1.126899e-10, Test pred MSE = 7.479064e-07, Param MSE = 7.708530e-06, Grad norm = 4.922939e-08, Beta update rate = 2.061028e-09
Epoch 605200 (12.1%): Train pred MSE = 1.124478e-10, Test pred MSE = 7.479042e-07, Param MSE = 7.708507e-06, Grad norm = 4.917507e-08, Beta update rate = 2.058689e-09
Epoch 605400 (12.1%): Train pred MSE = 1.122063e-10, Test pred MSE = 7.479020e-07, Param MSE = 7.708485e-06, Grad norm = 4.912081e-08, Beta update rate = 2.056353e-09
Epoch 605600 (12.1%): Train pred MSE = 1.119653e-10, Test pred MSE = 7.478998e-07, Param MSE = 7.708463e-06, Grad norm = 4.906662e-08, Beta update rate = 2.054020e-09
Epoch 605800 (12.1%): Train pred MSE = 1.117248e-10, Test pred MSE = 7.478976e-07, Param MSE = 7.708441e-06, Grad norm = 4.901249e-08, Beta update rate = 2.051690e-09
Epoch 606000 (12.1%): Train pred MSE = 1.114848e-10, Test pred MSE = 7.478953e-07, Param MSE = 7.708418e-06, Grad norm = 4.895842e-08, Beta update rate = 2.049363e-09
Epoch 606200 (12.1%): Train pred MSE = 1.112454e-10, Test pred MSE = 7.478931e-07, Param MSE = 7.708396e-06, Grad norm = 4.890442e-08, Beta update rate = 2.047038e-09
Epoch 606400 (12.1%): Train pred MSE = 1.110065e-10, Test pred MSE = 7.478909e-07, Param MSE = 7.708374e-06, Grad norm = 4.885048e-08, Beta update rate = 2.044717e-09
Epoch 606600 (12.1%): Train pred MSE = 1.107681e-10, Test pred MSE = 7.478888e-07, Param MSE = 7.708352e-06, Grad norm = 4.879661e-08, Beta update rate = 2.042398e-09
Epoch 606800 (12.1%): Train pred MSE = 1.105303e-10, Test pred MSE = 7.478866e-07, Param MSE = 7.708330e-06, Grad norm = 4.874280e-08, Beta update rate = 2.040082e-09
Epoch 607000 (12.1%): Train pred MSE = 1.102930e-10, Test pred MSE = 7.478844e-07, Param MSE = 7.708308e-06, Grad norm = 4.868905e-08, Beta update rate = 2.037769e-09
Epoch 607200 (12.1%): Train pred MSE = 1.100562e-10, Test pred MSE = 7.478822e-07, Param MSE = 7.708286e-06, Grad norm = 4.863536e-08, Beta update rate = 2.035459e-09
Epoch 607400 (12.1%): Train pred MSE = 1.098199e-10, Test pred MSE = 7.478800e-07, Param MSE = 7.708264e-06, Grad norm = 4.858174e-08, Beta update rate = 2.033152e-09
Epoch 607600 (12.2%): Train pred MSE = 1.095841e-10, Test pred MSE = 7.478778e-07, Param MSE = 7.708242e-06, Grad norm = 4.852818e-08, Beta update rate = 2.030847e-09
Epoch 607800 (12.2%): Train pred MSE = 1.093489e-10, Test pred MSE = 7.478756e-07, Param MSE = 7.708220e-06, Grad norm = 4.847469e-08, Beta update rate = 2.028545e-09
Epoch 608000 (12.2%): Train pred MSE = 1.091142e-10, Test pred MSE = 7.478735e-07, Param MSE = 7.708198e-06, Grad norm = 4.842126e-08, Beta update rate = 2.026247e-09
Epoch 608200 (12.2%): Train pred MSE = 1.088800e-10, Test pred MSE = 7.478713e-07, Param MSE = 7.708176e-06, Grad norm = 4.836789e-08, Beta update rate = 2.023950e-09
Epoch 608400 (12.2%): Train pred MSE = 1.086463e-10, Test pred MSE = 7.478691e-07, Param MSE = 7.708154e-06, Grad norm = 4.831458e-08, Beta update rate = 2.021657e-09
Epoch 608600 (12.2%): Train pred MSE = 1.084131e-10, Test pred MSE = 7.478670e-07, Param MSE = 7.708133e-06, Grad norm = 4.826133e-08, Beta update rate = 2.019367e-09
Epoch 608800 (12.2%): Train pred MSE = 1.081805e-10, Test pred MSE = 7.478648e-07, Param MSE = 7.708111e-06, Grad norm = 4.820815e-08, Beta update rate = 2.017079e-09
Epoch 609000 (12.2%): Train pred MSE = 1.079483e-10, Test pred MSE = 7.478626e-07, Param MSE = 7.708089e-06, Grad norm = 4.815503e-08, Beta update rate = 2.014794e-09
Epoch 609200 (12.2%): Train pred MSE = 1.077167e-10, Test pred MSE = 7.478605e-07, Param MSE = 7.708067e-06, Grad norm = 4.810198e-08, Beta update rate = 2.012512e-09
Epoch 609400 (12.2%): Train pred MSE = 1.074856e-10, Test pred MSE = 7.478583e-07, Param MSE = 7.708046e-06, Grad norm = 4.804898e-08, Beta update rate = 2.010233e-09
Epoch 609600 (12.2%): Train pred MSE = 1.072549e-10, Test pred MSE = 7.478562e-07, Param MSE = 7.708024e-06, Grad norm = 4.799605e-08, Beta update rate = 2.007957e-09
Epoch 609800 (12.2%): Train pred MSE = 1.070248e-10, Test pred MSE = 7.478540e-07, Param MSE = 7.708002e-06, Grad norm = 4.794318e-08, Beta update rate = 2.005683e-09
Epoch 610000 (12.2%): Train pred MSE = 1.067952e-10, Test pred MSE = 7.478519e-07, Param MSE = 7.707981e-06, Grad norm = 4.789037e-08, Beta update rate = 2.003412e-09
Epoch 610200 (12.2%): Train pred MSE = 1.065661e-10, Test pred MSE = 7.478497e-07, Param MSE = 7.707959e-06, Grad norm = 4.783763e-08, Beta update rate = 2.001144e-09
Epoch 610400 (12.2%): Train pred MSE = 1.063376e-10, Test pred MSE = 7.478476e-07, Param MSE = 7.707938e-06, Grad norm = 4.778494e-08, Beta update rate = 1.998879e-09
Epoch 610600 (12.2%): Train pred MSE = 1.061095e-10, Test pred MSE = 7.478455e-07, Param MSE = 7.707916e-06, Grad norm = 4.773232e-08, Beta update rate = 1.996616e-09
Epoch 610800 (12.2%): Train pred MSE = 1.058819e-10, Test pred MSE = 7.478433e-07, Param MSE = 7.707895e-06, Grad norm = 4.767976e-08, Beta update rate = 1.994356e-09
Epoch 611000 (12.2%): Train pred MSE = 1.056548e-10, Test pred MSE = 7.478412e-07, Param MSE = 7.707873e-06, Grad norm = 4.762726e-08, Beta update rate = 1.992099e-09
Epoch 611200 (12.2%): Train pred MSE = 1.054282e-10, Test pred MSE = 7.478391e-07, Param MSE = 7.707852e-06, Grad norm = 4.757483e-08, Beta update rate = 1.989845e-09
Epoch 611400 (12.2%): Train pred MSE = 1.052021e-10, Test pred MSE = 7.478369e-07, Param MSE = 7.707830e-06, Grad norm = 4.752245e-08, Beta update rate = 1.987594e-09
Epoch 611600 (12.2%): Train pred MSE = 1.049765e-10, Test pred MSE = 7.478348e-07, Param MSE = 7.707809e-06, Grad norm = 4.747014e-08, Beta update rate = 1.985345e-09
Epoch 611800 (12.2%): Train pred MSE = 1.047514e-10, Test pred MSE = 7.478327e-07, Param MSE = 7.707788e-06, Grad norm = 4.741789e-08, Beta update rate = 1.983099e-09
Epoch 612000 (12.2%): Train pred MSE = 1.045269e-10, Test pred MSE = 7.478306e-07, Param MSE = 7.707766e-06, Grad norm = 4.736570e-08, Beta update rate = 1.980856e-09
Epoch 612200 (12.2%): Train pred MSE = 1.043027e-10, Test pred MSE = 7.478285e-07, Param MSE = 7.707745e-06, Grad norm = 4.731357e-08, Beta update rate = 1.978615e-09
Epoch 612400 (12.2%): Train pred MSE = 1.040791e-10, Test pred MSE = 7.478263e-07, Param MSE = 7.707724e-06, Grad norm = 4.726150e-08, Beta update rate = 1.976378e-09
Epoch 612600 (12.3%): Train pred MSE = 1.038560e-10, Test pred MSE = 7.478242e-07, Param MSE = 7.707702e-06, Grad norm = 4.720949e-08, Beta update rate = 1.974143e-09
Epoch 612800 (12.3%): Train pred MSE = 1.036334e-10, Test pred MSE = 7.478221e-07, Param MSE = 7.707681e-06, Grad norm = 4.715754e-08, Beta update rate = 1.971910e-09
Epoch 613000 (12.3%): Train pred MSE = 1.034113e-10, Test pred MSE = 7.478200e-07, Param MSE = 7.707660e-06, Grad norm = 4.710566e-08, Beta update rate = 1.969681e-09
Epoch 613200 (12.3%): Train pred MSE = 1.031896e-10, Test pred MSE = 7.478179e-07, Param MSE = 7.707639e-06, Grad norm = 4.705383e-08, Beta update rate = 1.967454e-09
Epoch 613400 (12.3%): Train pred MSE = 1.029684e-10, Test pred MSE = 7.478158e-07, Param MSE = 7.707618e-06, Grad norm = 4.700207e-08, Beta update rate = 1.965230e-09
Epoch 613600 (12.3%): Train pred MSE = 1.027478e-10, Test pred MSE = 7.478137e-07, Param MSE = 7.707597e-06, Grad norm = 4.695037e-08, Beta update rate = 1.963008e-09
Epoch 613800 (12.3%): Train pred MSE = 1.025276e-10, Test pred MSE = 7.478116e-07, Param MSE = 7.707575e-06, Grad norm = 4.689872e-08, Beta update rate = 1.960790e-09
Epoch 614000 (12.3%): Train pred MSE = 1.023079e-10, Test pred MSE = 7.478095e-07, Param MSE = 7.707554e-06, Grad norm = 4.684714e-08, Beta update rate = 1.958574e-09
Epoch 614200 (12.3%): Train pred MSE = 1.020887e-10, Test pred MSE = 7.478074e-07, Param MSE = 7.707533e-06, Grad norm = 4.679562e-08, Beta update rate = 1.956361e-09
Epoch 614400 (12.3%): Train pred MSE = 1.018699e-10, Test pred MSE = 7.478054e-07, Param MSE = 7.707512e-06, Grad norm = 4.674416e-08, Beta update rate = 1.954150e-09
Epoch 614600 (12.3%): Train pred MSE = 1.016517e-10, Test pred MSE = 7.478033e-07, Param MSE = 7.707491e-06, Grad norm = 4.669276e-08, Beta update rate = 1.951942e-09
Epoch 614800 (12.3%): Train pred MSE = 1.014339e-10, Test pred MSE = 7.478012e-07, Param MSE = 7.707471e-06, Grad norm = 4.664142e-08, Beta update rate = 1.949737e-09
Epoch 615000 (12.3%): Train pred MSE = 1.012166e-10, Test pred MSE = 7.477991e-07, Param MSE = 7.707450e-06, Grad norm = 4.659014e-08, Beta update rate = 1.947535e-09
Epoch 615200 (12.3%): Train pred MSE = 1.009998e-10, Test pred MSE = 7.477970e-07, Param MSE = 7.707429e-06, Grad norm = 4.653892e-08, Beta update rate = 1.945335e-09
Epoch 615400 (12.3%): Train pred MSE = 1.007834e-10, Test pred MSE = 7.477950e-07, Param MSE = 7.707408e-06, Grad norm = 4.648776e-08, Beta update rate = 1.943138e-09
Epoch 615600 (12.3%): Train pred MSE = 1.005675e-10, Test pred MSE = 7.477929e-07, Param MSE = 7.707387e-06, Grad norm = 4.643666e-08, Beta update rate = 1.940943e-09
Epoch 615800 (12.3%): Train pred MSE = 1.003521e-10, Test pred MSE = 7.477908e-07, Param MSE = 7.707366e-06, Grad norm = 4.638561e-08, Beta update rate = 1.938752e-09
Epoch 616000 (12.3%): Train pred MSE = 1.001372e-10, Test pred MSE = 7.477888e-07, Param MSE = 7.707345e-06, Grad norm = 4.633463e-08, Beta update rate = 1.936562e-09
Epoch 616200 (12.3%): Train pred MSE = 9.992276e-11, Test pred MSE = 7.477867e-07, Param MSE = 7.707325e-06, Grad norm = 4.628371e-08, Beta update rate = 1.934376e-09
Epoch 616400 (12.3%): Train pred MSE = 9.970878e-11, Test pred MSE = 7.477847e-07, Param MSE = 7.707304e-06, Grad norm = 4.623285e-08, Beta update rate = 1.932192e-09
Epoch 616600 (12.3%): Train pred MSE = 9.949527e-11, Test pred MSE = 7.477826e-07, Param MSE = 7.707283e-06, Grad norm = 4.618205e-08, Beta update rate = 1.930011e-09
Epoch 616800 (12.3%): Train pred MSE = 9.928222e-11, Test pred MSE = 7.477805e-07, Param MSE = 7.707263e-06, Grad norm = 4.613131e-08, Beta update rate = 1.927833e-09
Epoch 617000 (12.3%): Train pred MSE = 9.906965e-11, Test pred MSE = 7.477785e-07, Param MSE = 7.707242e-06, Grad norm = 4.608062e-08, Beta update rate = 1.925657e-09
Epoch 617200 (12.3%): Train pred MSE = 9.885754e-11, Test pred MSE = 7.477764e-07, Param MSE = 7.707221e-06, Grad norm = 4.603000e-08, Beta update rate = 1.923484e-09
Epoch 617400 (12.3%): Train pred MSE = 9.864590e-11, Test pred MSE = 7.477744e-07, Param MSE = 7.707201e-06, Grad norm = 4.597943e-08, Beta update rate = 1.921314e-09
Epoch 617600 (12.4%): Train pred MSE = 9.843472e-11, Test pred MSE = 7.477724e-07, Param MSE = 7.707180e-06, Grad norm = 4.592893e-08, Beta update rate = 1.919146e-09
Epoch 617800 (12.4%): Train pred MSE = 9.822401e-11, Test pred MSE = 7.477703e-07, Param MSE = 7.707160e-06, Grad norm = 4.587848e-08, Beta update rate = 1.916981e-09
Epoch 618000 (12.4%): Train pred MSE = 9.801376e-11, Test pred MSE = 7.477683e-07, Param MSE = 7.707139e-06, Grad norm = 4.582809e-08, Beta update rate = 1.914818e-09
Epoch 618200 (12.4%): Train pred MSE = 9.780397e-11, Test pred MSE = 7.477662e-07, Param MSE = 7.707119e-06, Grad norm = 4.577777e-08, Beta update rate = 1.912658e-09
Epoch 618400 (12.4%): Train pred MSE = 9.759464e-11, Test pred MSE = 7.477642e-07, Param MSE = 7.707098e-06, Grad norm = 4.572750e-08, Beta update rate = 1.910501e-09
Epoch 618600 (12.4%): Train pred MSE = 9.738577e-11, Test pred MSE = 7.477622e-07, Param MSE = 7.707078e-06, Grad norm = 4.567728e-08, Beta update rate = 1.908346e-09
Epoch 618800 (12.4%): Train pred MSE = 9.717736e-11, Test pred MSE = 7.477602e-07, Param MSE = 7.707057e-06, Grad norm = 4.562713e-08, Beta update rate = 1.906194e-09
Epoch 619000 (12.4%): Train pred MSE = 9.696941e-11, Test pred MSE = 7.477581e-07, Param MSE = 7.707037e-06, Grad norm = 4.557704e-08, Beta update rate = 1.904045e-09
Epoch 619200 (12.4%): Train pred MSE = 9.676191e-11, Test pred MSE = 7.477561e-07, Param MSE = 7.707017e-06, Grad norm = 4.552700e-08, Beta update rate = 1.901898e-09
Epoch 619400 (12.4%): Train pred MSE = 9.655487e-11, Test pred MSE = 7.477541e-07, Param MSE = 7.706996e-06, Grad norm = 4.547703e-08, Beta update rate = 1.899754e-09
Epoch 619600 (12.4%): Train pred MSE = 9.634828e-11, Test pred MSE = 7.477521e-07, Param MSE = 7.706976e-06, Grad norm = 4.542711e-08, Beta update rate = 1.897612e-09
Epoch 619800 (12.4%): Train pred MSE = 9.614215e-11, Test pred MSE = 7.477501e-07, Param MSE = 7.706956e-06, Grad norm = 4.537725e-08, Beta update rate = 1.895473e-09
Epoch 620000 (12.4%): Train pred MSE = 9.593647e-11, Test pred MSE = 7.477481e-07, Param MSE = 7.706936e-06, Grad norm = 4.532745e-08, Beta update rate = 1.893337e-09
Epoch 620200 (12.4%): Train pred MSE = 9.573124e-11, Test pred MSE = 7.477460e-07, Param MSE = 7.706915e-06, Grad norm = 4.527770e-08, Beta update rate = 1.891203e-09
Epoch 620400 (12.4%): Train pred MSE = 9.552646e-11, Test pred MSE = 7.477440e-07, Param MSE = 7.706895e-06, Grad norm = 4.522802e-08, Beta update rate = 1.889072e-09
Epoch 620600 (12.4%): Train pred MSE = 9.532213e-11, Test pred MSE = 7.477420e-07, Param MSE = 7.706875e-06, Grad norm = 4.517839e-08, Beta update rate = 1.886944e-09
Epoch 620800 (12.4%): Train pred MSE = 9.511824e-11, Test pred MSE = 7.477400e-07, Param MSE = 7.706855e-06, Grad norm = 4.512882e-08, Beta update rate = 1.884818e-09
Epoch 621000 (12.4%): Train pred MSE = 9.491481e-11, Test pred MSE = 7.477380e-07, Param MSE = 7.706835e-06, Grad norm = 4.507931e-08, Beta update rate = 1.882694e-09
Epoch 621200 (12.4%): Train pred MSE = 9.471182e-11, Test pred MSE = 7.477360e-07, Param MSE = 7.706815e-06, Grad norm = 4.502986e-08, Beta update rate = 1.880573e-09
Epoch 621400 (12.4%): Train pred MSE = 9.450927e-11, Test pred MSE = 7.477340e-07, Param MSE = 7.706795e-06, Grad norm = 4.498046e-08, Beta update rate = 1.878455e-09
Epoch 621600 (12.4%): Train pred MSE = 9.430717e-11, Test pred MSE = 7.477321e-07, Param MSE = 7.706775e-06, Grad norm = 4.493112e-08, Beta update rate = 1.876339e-09
Epoch 621800 (12.4%): Train pred MSE = 9.410551e-11, Test pred MSE = 7.477301e-07, Param MSE = 7.706755e-06, Grad norm = 4.488184e-08, Beta update rate = 1.874226e-09
Epoch 622000 (12.4%): Train pred MSE = 9.390430e-11, Test pred MSE = 7.477281e-07, Param MSE = 7.706735e-06, Grad norm = 4.483262e-08, Beta update rate = 1.872116e-09
Epoch 622200 (12.4%): Train pred MSE = 9.370352e-11, Test pred MSE = 7.477261e-07, Param MSE = 7.706715e-06, Grad norm = 4.478345e-08, Beta update rate = 1.870008e-09
Epoch 622400 (12.4%): Train pred MSE = 9.350319e-11, Test pred MSE = 7.477241e-07, Param MSE = 7.706695e-06, Grad norm = 4.473434e-08, Beta update rate = 1.867902e-09
Epoch 622600 (12.5%): Train pred MSE = 9.330329e-11, Test pred MSE = 7.477221e-07, Param MSE = 7.706675e-06, Grad norm = 4.468529e-08, Beta update rate = 1.865800e-09
Epoch 622800 (12.5%): Train pred MSE = 9.310384e-11, Test pred MSE = 7.477202e-07, Param MSE = 7.706655e-06, Grad norm = 4.463630e-08, Beta update rate = 1.863699e-09
Epoch 623000 (12.5%): Train pred MSE = 9.290482e-11, Test pred MSE = 7.477182e-07, Param MSE = 7.706635e-06, Grad norm = 4.458736e-08, Beta update rate = 1.861602e-09
Epoch 623200 (12.5%): Train pred MSE = 9.270623e-11, Test pred MSE = 7.477162e-07, Param MSE = 7.706615e-06, Grad norm = 4.453848e-08, Beta update rate = 1.859506e-09
Epoch 623400 (12.5%): Train pred MSE = 9.250809e-11, Test pred MSE = 7.477143e-07, Param MSE = 7.706595e-06, Grad norm = 4.448966e-08, Beta update rate = 1.857414e-09
Epoch 623600 (12.5%): Train pred MSE = 9.231037e-11, Test pred MSE = 7.477123e-07, Param MSE = 7.706576e-06, Grad norm = 4.444089e-08, Beta update rate = 1.855324e-09
Epoch 623800 (12.5%): Train pred MSE = 9.211309e-11, Test pred MSE = 7.477103e-07, Param MSE = 7.706556e-06, Grad norm = 4.439218e-08, Beta update rate = 1.853236e-09
Epoch 624000 (12.5%): Train pred MSE = 9.191624e-11, Test pred MSE = 7.477084e-07, Param MSE = 7.706536e-06, Grad norm = 4.434353e-08, Beta update rate = 1.851151e-09
Epoch 624200 (12.5%): Train pred MSE = 9.171982e-11, Test pred MSE = 7.477064e-07, Param MSE = 7.706517e-06, Grad norm = 4.429494e-08, Beta update rate = 1.849068e-09
Epoch 624400 (12.5%): Train pred MSE = 9.152384e-11, Test pred MSE = 7.477045e-07, Param MSE = 7.706497e-06, Grad norm = 4.424640e-08, Beta update rate = 1.846988e-09
Epoch 624600 (12.5%): Train pred MSE = 9.132828e-11, Test pred MSE = 7.477025e-07, Param MSE = 7.706477e-06, Grad norm = 4.419792e-08, Beta update rate = 1.844911e-09
Epoch 624800 (12.5%): Train pred MSE = 9.113315e-11, Test pred MSE = 7.477006e-07, Param MSE = 7.706458e-06, Grad norm = 4.414949e-08, Beta update rate = 1.842836e-09
Epoch 625000 (12.5%): Train pred MSE = 9.093844e-11, Test pred MSE = 7.476986e-07, Param MSE = 7.706438e-06, Grad norm = 4.410112e-08, Beta update rate = 1.840763e-09
Epoch 625200 (12.5%): Train pred MSE = 9.074417e-11, Test pred MSE = 7.476967e-07, Param MSE = 7.706418e-06, Grad norm = 4.405281e-08, Beta update rate = 1.838694e-09
Epoch 625400 (12.5%): Train pred MSE = 9.055032e-11, Test pred MSE = 7.476947e-07, Param MSE = 7.706399e-06, Grad norm = 4.400455e-08, Beta update rate = 1.836626e-09
Epoch 625600 (12.5%): Train pred MSE = 9.035689e-11, Test pred MSE = 7.476928e-07, Param MSE = 7.706379e-06, Grad norm = 4.395635e-08, Beta update rate = 1.834561e-09
Epoch 625800 (12.5%): Train pred MSE = 9.016389e-11, Test pred MSE = 7.476909e-07, Param MSE = 7.706360e-06, Grad norm = 4.390820e-08, Beta update rate = 1.832499e-09
Epoch 626000 (12.5%): Train pred MSE = 8.997131e-11, Test pred MSE = 7.476889e-07, Param MSE = 7.706340e-06, Grad norm = 4.386012e-08, Beta update rate = 1.830439e-09
Epoch 626200 (12.5%): Train pred MSE = 8.977915e-11, Test pred MSE = 7.476870e-07, Param MSE = 7.706321e-06, Grad norm = 4.381208e-08, Beta update rate = 1.828381e-09
Epoch 626400 (12.5%): Train pred MSE = 8.958741e-11, Test pred MSE = 7.476851e-07, Param MSE = 7.706302e-06, Grad norm = 4.376411e-08, Beta update rate = 1.826326e-09
Epoch 626600 (12.5%): Train pred MSE = 8.939609e-11, Test pred MSE = 7.476831e-07, Param MSE = 7.706282e-06, Grad norm = 4.371619e-08, Beta update rate = 1.824274e-09
Epoch 626800 (12.5%): Train pred MSE = 8.920519e-11, Test pred MSE = 7.476812e-07, Param MSE = 7.706263e-06, Grad norm = 4.366832e-08, Beta update rate = 1.822224e-09
Epoch 627000 (12.5%): Train pred MSE = 8.901471e-11, Test pred MSE = 7.476793e-07, Param MSE = 7.706243e-06, Grad norm = 4.362051e-08, Beta update rate = 1.820177e-09
Epoch 627200 (12.5%): Train pred MSE = 8.882465e-11, Test pred MSE = 7.476774e-07, Param MSE = 7.706224e-06, Grad norm = 4.357276e-08, Beta update rate = 1.818132e-09
Epoch 627400 (12.5%): Train pred MSE = 8.863500e-11, Test pred MSE = 7.476755e-07, Param MSE = 7.706205e-06, Grad norm = 4.352506e-08, Beta update rate = 1.816089e-09
Epoch 627600 (12.6%): Train pred MSE = 8.844576e-11, Test pred MSE = 7.476735e-07, Param MSE = 7.706186e-06, Grad norm = 4.347742e-08, Beta update rate = 1.814049e-09
Epoch 627800 (12.6%): Train pred MSE = 8.825694e-11, Test pred MSE = 7.476716e-07, Param MSE = 7.706166e-06, Grad norm = 4.342983e-08, Beta update rate = 1.812011e-09
Epoch 628000 (12.6%): Train pred MSE = 8.806854e-11, Test pred MSE = 7.476697e-07, Param MSE = 7.706147e-06, Grad norm = 4.338230e-08, Beta update rate = 1.809976e-09
Epoch 628200 (12.6%): Train pred MSE = 8.788054e-11, Test pred MSE = 7.476678e-07, Param MSE = 7.706128e-06, Grad norm = 4.333482e-08, Beta update rate = 1.807944e-09
Epoch 628400 (12.6%): Train pred MSE = 8.769296e-11, Test pred MSE = 7.476659e-07, Param MSE = 7.706109e-06, Grad norm = 4.328740e-08, Beta update rate = 1.805913e-09
Epoch 628600 (12.6%): Train pred MSE = 8.750578e-11, Test pred MSE = 7.476640e-07, Param MSE = 7.706090e-06, Grad norm = 4.324004e-08, Beta update rate = 1.803886e-09
Epoch 628800 (12.6%): Train pred MSE = 8.731902e-11, Test pred MSE = 7.476621e-07, Param MSE = 7.706070e-06, Grad norm = 4.319272e-08, Beta update rate = 1.801860e-09
Epoch 629000 (12.6%): Train pred MSE = 8.713266e-11, Test pred MSE = 7.476602e-07, Param MSE = 7.706051e-06, Grad norm = 4.314547e-08, Beta update rate = 1.799837e-09
Epoch 629200 (12.6%): Train pred MSE = 8.694672e-11, Test pred MSE = 7.476583e-07, Param MSE = 7.706032e-06, Grad norm = 4.309827e-08, Beta update rate = 1.797817e-09
Epoch 629400 (12.6%): Train pred MSE = 8.676117e-11, Test pred MSE = 7.476564e-07, Param MSE = 7.706013e-06, Grad norm = 4.305112e-08, Beta update rate = 1.795799e-09
Epoch 629600 (12.6%): Train pred MSE = 8.657604e-11, Test pred MSE = 7.476545e-07, Param MSE = 7.705994e-06, Grad norm = 4.300403e-08, Beta update rate = 1.793784e-09
Epoch 629800 (12.6%): Train pred MSE = 8.639131e-11, Test pred MSE = 7.476526e-07, Param MSE = 7.705975e-06, Grad norm = 4.295699e-08, Beta update rate = 1.791770e-09
Epoch 630000 (12.6%): Train pred MSE = 8.620698e-11, Test pred MSE = 7.476508e-07, Param MSE = 7.705956e-06, Grad norm = 4.291001e-08, Beta update rate = 1.789760e-09
Epoch 630200 (12.6%): Train pred MSE = 8.602306e-11, Test pred MSE = 7.476489e-07, Param MSE = 7.705937e-06, Grad norm = 4.286308e-08, Beta update rate = 1.787752e-09
Epoch 630400 (12.6%): Train pred MSE = 8.583953e-11, Test pred MSE = 7.476470e-07, Param MSE = 7.705918e-06, Grad norm = 4.281621e-08, Beta update rate = 1.785746e-09
Epoch 630600 (12.6%): Train pred MSE = 8.565641e-11, Test pred MSE = 7.476451e-07, Param MSE = 7.705900e-06, Grad norm = 4.276939e-08, Beta update rate = 1.783742e-09
Epoch 630800 (12.6%): Train pred MSE = 8.547369e-11, Test pred MSE = 7.476432e-07, Param MSE = 7.705881e-06, Grad norm = 4.272263e-08, Beta update rate = 1.781741e-09
Epoch 631000 (12.6%): Train pred MSE = 8.529137e-11, Test pred MSE = 7.476414e-07, Param MSE = 7.705862e-06, Grad norm = 4.267592e-08, Beta update rate = 1.779743e-09
Epoch 631200 (12.6%): Train pred MSE = 8.510945e-11, Test pred MSE = 7.476395e-07, Param MSE = 7.705843e-06, Grad norm = 4.262926e-08, Beta update rate = 1.777747e-09
Epoch 631400 (12.6%): Train pred MSE = 8.492792e-11, Test pred MSE = 7.476376e-07, Param MSE = 7.705824e-06, Grad norm = 4.258266e-08, Beta update rate = 1.775753e-09
Epoch 631600 (12.6%): Train pred MSE = 8.474680e-11, Test pred MSE = 7.476358e-07, Param MSE = 7.705805e-06, Grad norm = 4.253611e-08, Beta update rate = 1.773762e-09
Epoch 631800 (12.6%): Train pred MSE = 8.456606e-11, Test pred MSE = 7.476339e-07, Param MSE = 7.705787e-06, Grad norm = 4.248962e-08, Beta update rate = 1.771773e-09
Epoch 632000 (12.6%): Train pred MSE = 8.438572e-11, Test pred MSE = 7.476320e-07, Param MSE = 7.705768e-06, Grad norm = 4.244318e-08, Beta update rate = 1.769786e-09
Epoch 632200 (12.6%): Train pred MSE = 8.420578e-11, Test pred MSE = 7.476302e-07, Param MSE = 7.705749e-06, Grad norm = 4.239679e-08, Beta update rate = 1.767802e-09
Epoch 632400 (12.6%): Train pred MSE = 8.402623e-11, Test pred MSE = 7.476283e-07, Param MSE = 7.705731e-06, Grad norm = 4.235046e-08, Beta update rate = 1.765820e-09
Epoch 632600 (12.7%): Train pred MSE = 8.384707e-11, Test pred MSE = 7.476265e-07, Param MSE = 7.705712e-06, Grad norm = 4.230418e-08, Beta update rate = 1.763841e-09
Epoch 632800 (12.7%): Train pred MSE = 8.366830e-11, Test pred MSE = 7.476246e-07, Param MSE = 7.705693e-06, Grad norm = 4.225796e-08, Beta update rate = 1.761864e-09
Epoch 633000 (12.7%): Train pred MSE = 8.348993e-11, Test pred MSE = 7.476228e-07, Param MSE = 7.705675e-06, Grad norm = 4.221179e-08, Beta update rate = 1.759889e-09
Epoch 633200 (12.7%): Train pred MSE = 8.331194e-11, Test pred MSE = 7.476209e-07, Param MSE = 7.705656e-06, Grad norm = 4.216567e-08, Beta update rate = 1.757917e-09
Epoch 633400 (12.7%): Train pred MSE = 8.313434e-11, Test pred MSE = 7.476191e-07, Param MSE = 7.705638e-06, Grad norm = 4.211961e-08, Beta update rate = 1.755947e-09
Epoch 633600 (12.7%): Train pred MSE = 8.295713e-11, Test pred MSE = 7.476172e-07, Param MSE = 7.705619e-06, Grad norm = 4.207360e-08, Beta update rate = 1.753980e-09
Epoch 633800 (12.7%): Train pred MSE = 8.278031e-11, Test pred MSE = 7.476154e-07, Param MSE = 7.705601e-06, Grad norm = 4.202764e-08, Beta update rate = 1.752015e-09
Epoch 634000 (12.7%): Train pred MSE = 8.260387e-11, Test pred MSE = 7.476136e-07, Param MSE = 7.705582e-06, Grad norm = 4.198174e-08, Beta update rate = 1.750052e-09
Epoch 634200 (12.7%): Train pred MSE = 8.242781e-11, Test pred MSE = 7.476117e-07, Param MSE = 7.705564e-06, Grad norm = 4.193589e-08, Beta update rate = 1.748092e-09
Epoch 634400 (12.7%): Train pred MSE = 8.225215e-11, Test pred MSE = 7.476099e-07, Param MSE = 7.705545e-06, Grad norm = 4.189009e-08, Beta update rate = 1.746134e-09
Epoch 634600 (12.7%): Train pred MSE = 8.207686e-11, Test pred MSE = 7.476081e-07, Param MSE = 7.705527e-06, Grad norm = 4.184435e-08, Beta update rate = 1.744178e-09
Epoch 634800 (12.7%): Train pred MSE = 8.190196e-11, Test pred MSE = 7.476063e-07, Param MSE = 7.705508e-06, Grad norm = 4.179865e-08, Beta update rate = 1.742225e-09
Epoch 635000 (12.7%): Train pred MSE = 8.172744e-11, Test pred MSE = 7.476044e-07, Param MSE = 7.705490e-06, Grad norm = 4.175302e-08, Beta update rate = 1.740274e-09
Epoch 635200 (12.7%): Train pred MSE = 8.155330e-11, Test pred MSE = 7.476026e-07, Param MSE = 7.705472e-06, Grad norm = 4.170743e-08, Beta update rate = 1.738326e-09
Epoch 635400 (12.7%): Train pred MSE = 8.137954e-11, Test pred MSE = 7.476008e-07, Param MSE = 7.705453e-06, Grad norm = 4.166190e-08, Beta update rate = 1.736379e-09
Epoch 635600 (12.7%): Train pred MSE = 8.120616e-11, Test pred MSE = 7.475990e-07, Param MSE = 7.705435e-06, Grad norm = 4.161642e-08, Beta update rate = 1.734435e-09
Epoch 635800 (12.7%): Train pred MSE = 8.103316e-11, Test pred MSE = 7.475971e-07, Param MSE = 7.705417e-06, Grad norm = 4.157099e-08, Beta update rate = 1.732494e-09
Epoch 636000 (12.7%): Train pred MSE = 8.086053e-11, Test pred MSE = 7.475953e-07, Param MSE = 7.705399e-06, Grad norm = 4.152562e-08, Beta update rate = 1.730555e-09
Epoch 636200 (12.7%): Train pred MSE = 8.068828e-11, Test pred MSE = 7.475935e-07, Param MSE = 7.705380e-06, Grad norm = 4.148030e-08, Beta update rate = 1.728618e-09
Epoch 636400 (12.7%): Train pred MSE = 8.051641e-11, Test pred MSE = 7.475917e-07, Param MSE = 7.705362e-06, Grad norm = 4.143503e-08, Beta update rate = 1.726683e-09
Epoch 636600 (12.7%): Train pred MSE = 8.034491e-11, Test pred MSE = 7.475899e-07, Param MSE = 7.705344e-06, Grad norm = 4.138981e-08, Beta update rate = 1.724751e-09
Epoch 636800 (12.7%): Train pred MSE = 8.017379e-11, Test pred MSE = 7.475881e-07, Param MSE = 7.705326e-06, Grad norm = 4.134464e-08, Beta update rate = 1.722821e-09
Epoch 637000 (12.7%): Train pred MSE = 8.000304e-11, Test pred MSE = 7.475863e-07, Param MSE = 7.705308e-06, Grad norm = 4.129953e-08, Beta update rate = 1.720894e-09
Epoch 637200 (12.7%): Train pred MSE = 7.983266e-11, Test pred MSE = 7.475845e-07, Param MSE = 7.705290e-06, Grad norm = 4.125447e-08, Beta update rate = 1.718968e-09
Epoch 637400 (12.7%): Train pred MSE = 7.966266e-11, Test pred MSE = 7.475827e-07, Param MSE = 7.705271e-06, Grad norm = 4.120946e-08, Beta update rate = 1.717045e-09
Epoch 637600 (12.8%): Train pred MSE = 7.949302e-11, Test pred MSE = 7.475809e-07, Param MSE = 7.705253e-06, Grad norm = 4.116451e-08, Beta update rate = 1.715125e-09
Epoch 637800 (12.8%): Train pred MSE = 7.932376e-11, Test pred MSE = 7.475791e-07, Param MSE = 7.705235e-06, Grad norm = 4.111960e-08, Beta update rate = 1.713207e-09
Epoch 638000 (12.8%): Train pred MSE = 7.915486e-11, Test pred MSE = 7.475773e-07, Param MSE = 7.705217e-06, Grad norm = 4.107475e-08, Beta update rate = 1.711291e-09
Epoch 638200 (12.8%): Train pred MSE = 7.898633e-11, Test pred MSE = 7.475755e-07, Param MSE = 7.705199e-06, Grad norm = 4.102995e-08, Beta update rate = 1.709377e-09
Epoch 638400 (12.8%): Train pred MSE = 7.881817e-11, Test pred MSE = 7.475738e-07, Param MSE = 7.705181e-06, Grad norm = 4.098520e-08, Beta update rate = 1.707465e-09
Epoch 638600 (12.8%): Train pred MSE = 7.865038e-11, Test pred MSE = 7.475720e-07, Param MSE = 7.705163e-06, Grad norm = 4.094051e-08, Beta update rate = 1.705556e-09
Epoch 638800 (12.8%): Train pred MSE = 7.848295e-11, Test pred MSE = 7.475702e-07, Param MSE = 7.705146e-06, Grad norm = 4.089586e-08, Beta update rate = 1.703649e-09
Epoch 639000 (12.8%): Train pred MSE = 7.831588e-11, Test pred MSE = 7.475684e-07, Param MSE = 7.705128e-06, Grad norm = 4.085127e-08, Beta update rate = 1.701745e-09
Epoch 639200 (12.8%): Train pred MSE = 7.814918e-11, Test pred MSE = 7.475666e-07, Param MSE = 7.705110e-06, Grad norm = 4.080673e-08, Beta update rate = 1.699843e-09
Epoch 639400 (12.8%): Train pred MSE = 7.798285e-11, Test pred MSE = 7.475649e-07, Param MSE = 7.705092e-06, Grad norm = 4.076224e-08, Beta update rate = 1.697943e-09
Epoch 639600 (12.8%): Train pred MSE = 7.781688e-11, Test pred MSE = 7.475631e-07, Param MSE = 7.705074e-06, Grad norm = 4.071780e-08, Beta update rate = 1.696045e-09
Epoch 639800 (12.8%): Train pred MSE = 7.765126e-11, Test pred MSE = 7.475613e-07, Param MSE = 7.705056e-06, Grad norm = 4.067341e-08, Beta update rate = 1.694150e-09
Epoch 640000 (12.8%): Train pred MSE = 7.748601e-11, Test pred MSE = 7.475596e-07, Param MSE = 7.705038e-06, Grad norm = 4.062907e-08, Beta update rate = 1.692257e-09
Epoch 640200 (12.8%): Train pred MSE = 7.732112e-11, Test pred MSE = 7.475578e-07, Param MSE = 7.705021e-06, Grad norm = 4.058479e-08, Beta update rate = 1.690366e-09
Epoch 640400 (12.8%): Train pred MSE = 7.715659e-11, Test pred MSE = 7.475560e-07, Param MSE = 7.705003e-06, Grad norm = 4.054056e-08, Beta update rate = 1.688477e-09
Epoch 640600 (12.8%): Train pred MSE = 7.699242e-11, Test pred MSE = 7.475543e-07, Param MSE = 7.704985e-06, Grad norm = 4.049637e-08, Beta update rate = 1.686591e-09
Epoch 640800 (12.8%): Train pred MSE = 7.682860e-11, Test pred MSE = 7.475525e-07, Param MSE = 7.704968e-06, Grad norm = 4.045224e-08, Beta update rate = 1.684707e-09
Epoch 641000 (12.8%): Train pred MSE = 7.666514e-11, Test pred MSE = 7.475508e-07, Param MSE = 7.704950e-06, Grad norm = 4.040816e-08, Beta update rate = 1.682825e-09
Epoch 641200 (12.8%): Train pred MSE = 7.650204e-11, Test pred MSE = 7.475490e-07, Param MSE = 7.704932e-06, Grad norm = 4.036413e-08, Beta update rate = 1.680945e-09
Epoch 641400 (12.8%): Train pred MSE = 7.633929e-11, Test pred MSE = 7.475472e-07, Param MSE = 7.704915e-06, Grad norm = 4.032015e-08, Beta update rate = 1.679068e-09
Epoch 641600 (12.8%): Train pred MSE = 7.617690e-11, Test pred MSE = 7.475455e-07, Param MSE = 7.704897e-06, Grad norm = 4.027622e-08, Beta update rate = 1.677193e-09
Epoch 641800 (12.8%): Train pred MSE = 7.601486e-11, Test pred MSE = 7.475438e-07, Param MSE = 7.704879e-06, Grad norm = 4.023235e-08, Beta update rate = 1.675320e-09
Epoch 642000 (12.8%): Train pred MSE = 7.585317e-11, Test pred MSE = 7.475420e-07, Param MSE = 7.704862e-06, Grad norm = 4.018852e-08, Beta update rate = 1.673450e-09
Epoch 642200 (12.8%): Train pred MSE = 7.569184e-11, Test pred MSE = 7.475403e-07, Param MSE = 7.704844e-06, Grad norm = 4.014474e-08, Beta update rate = 1.671581e-09
Epoch 642400 (12.8%): Train pred MSE = 7.553086e-11, Test pred MSE = 7.475385e-07, Param MSE = 7.704827e-06, Grad norm = 4.010102e-08, Beta update rate = 1.669715e-09
Epoch 642600 (12.9%): Train pred MSE = 7.537022e-11, Test pred MSE = 7.475368e-07, Param MSE = 7.704809e-06, Grad norm = 4.005734e-08, Beta update rate = 1.667852e-09
Epoch 642800 (12.9%): Train pred MSE = 7.520994e-11, Test pred MSE = 7.475351e-07, Param MSE = 7.704792e-06, Grad norm = 4.001372e-08, Beta update rate = 1.665990e-09
Epoch 643000 (12.9%): Train pred MSE = 7.505001e-11, Test pred MSE = 7.475333e-07, Param MSE = 7.704774e-06, Grad norm = 3.997014e-08, Beta update rate = 1.664131e-09
Epoch 643200 (12.9%): Train pred MSE = 7.489042e-11, Test pred MSE = 7.475316e-07, Param MSE = 7.704757e-06, Grad norm = 3.992662e-08, Beta update rate = 1.662273e-09
Epoch 643400 (12.9%): Train pred MSE = 7.473118e-11, Test pred MSE = 7.475299e-07, Param MSE = 7.704740e-06, Grad norm = 3.988315e-08, Beta update rate = 1.660419e-09
Epoch 643600 (12.9%): Train pred MSE = 7.457229e-11, Test pred MSE = 7.475281e-07, Param MSE = 7.704722e-06, Grad norm = 3.983972e-08, Beta update rate = 1.658566e-09
Epoch 643800 (12.9%): Train pred MSE = 7.441374e-11, Test pred MSE = 7.475264e-07, Param MSE = 7.704705e-06, Grad norm = 3.979635e-08, Beta update rate = 1.656715e-09
Epoch 644000 (12.9%): Train pred MSE = 7.425554e-11, Test pred MSE = 7.475247e-07, Param MSE = 7.704688e-06, Grad norm = 3.975303e-08, Beta update rate = 1.654867e-09
Epoch 644200 (12.9%): Train pred MSE = 7.409768e-11, Test pred MSE = 7.475230e-07, Param MSE = 7.704670e-06, Grad norm = 3.970975e-08, Beta update rate = 1.653021e-09
Epoch 644400 (12.9%): Train pred MSE = 7.394017e-11, Test pred MSE = 7.475212e-07, Param MSE = 7.704653e-06, Grad norm = 3.966653e-08, Beta update rate = 1.651177e-09
Epoch 644600 (12.9%): Train pred MSE = 7.378300e-11, Test pred MSE = 7.475195e-07, Param MSE = 7.704636e-06, Grad norm = 3.962335e-08, Beta update rate = 1.649336e-09
Epoch 644800 (12.9%): Train pred MSE = 7.362617e-11, Test pred MSE = 7.475178e-07, Param MSE = 7.704618e-06, Grad norm = 3.958023e-08, Beta update rate = 1.647496e-09
Epoch 645000 (12.9%): Train pred MSE = 7.346968e-11, Test pred MSE = 7.475161e-07, Param MSE = 7.704601e-06, Grad norm = 3.953716e-08, Beta update rate = 1.645659e-09
Epoch 645200 (12.9%): Train pred MSE = 7.331354e-11, Test pred MSE = 7.475144e-07, Param MSE = 7.704584e-06, Grad norm = 3.949413e-08, Beta update rate = 1.643824e-09
Epoch 645400 (12.9%): Train pred MSE = 7.315773e-11, Test pred MSE = 7.475127e-07, Param MSE = 7.704567e-06, Grad norm = 3.945116e-08, Beta update rate = 1.641991e-09
Epoch 645600 (12.9%): Train pred MSE = 7.300226e-11, Test pred MSE = 7.475110e-07, Param MSE = 7.704550e-06, Grad norm = 3.940823e-08, Beta update rate = 1.640160e-09
Epoch 645800 (12.9%): Train pred MSE = 7.284713e-11, Test pred MSE = 7.475093e-07, Param MSE = 7.704533e-06, Grad norm = 3.936535e-08, Beta update rate = 1.638332e-09
Epoch 646000 (12.9%): Train pred MSE = 7.269234e-11, Test pred MSE = 7.475076e-07, Param MSE = 7.704515e-06, Grad norm = 3.932253e-08, Beta update rate = 1.636506e-09
Epoch 646200 (12.9%): Train pred MSE = 7.253788e-11, Test pred MSE = 7.475059e-07, Param MSE = 7.704498e-06, Grad norm = 3.927975e-08, Beta update rate = 1.634682e-09
Epoch 646400 (12.9%): Train pred MSE = 7.238376e-11, Test pred MSE = 7.475042e-07, Param MSE = 7.704481e-06, Grad norm = 3.923702e-08, Beta update rate = 1.632860e-09
Epoch 646600 (12.9%): Train pred MSE = 7.222997e-11, Test pred MSE = 7.475025e-07, Param MSE = 7.704464e-06, Grad norm = 3.919434e-08, Beta update rate = 1.631040e-09
Epoch 646800 (12.9%): Train pred MSE = 7.207652e-11, Test pred MSE = 7.475008e-07, Param MSE = 7.704447e-06, Grad norm = 3.915171e-08, Beta update rate = 1.629222e-09
Epoch 647000 (12.9%): Train pred MSE = 7.192340e-11, Test pred MSE = 7.474991e-07, Param MSE = 7.704430e-06, Grad norm = 3.910913e-08, Beta update rate = 1.627407e-09
Epoch 647200 (12.9%): Train pred MSE = 7.177062e-11, Test pred MSE = 7.474974e-07, Param MSE = 7.704413e-06, Grad norm = 3.906660e-08, Beta update rate = 1.625594e-09
Epoch 647400 (12.9%): Train pred MSE = 7.161817e-11, Test pred MSE = 7.474957e-07, Param MSE = 7.704396e-06, Grad norm = 3.902412e-08, Beta update rate = 1.623783e-09
Epoch 647600 (13.0%): Train pred MSE = 7.146604e-11, Test pred MSE = 7.474941e-07, Param MSE = 7.704379e-06, Grad norm = 3.898168e-08, Beta update rate = 1.621974e-09
Epoch 647800 (13.0%): Train pred MSE = 7.131425e-11, Test pred MSE = 7.474924e-07, Param MSE = 7.704362e-06, Grad norm = 3.893930e-08, Beta update rate = 1.620167e-09
Epoch 648000 (13.0%): Train pred MSE = 7.116279e-11, Test pred MSE = 7.474907e-07, Param MSE = 7.704346e-06, Grad norm = 3.889696e-08, Beta update rate = 1.618363e-09
Epoch 648200 (13.0%): Train pred MSE = 7.101166e-11, Test pred MSE = 7.474890e-07, Param MSE = 7.704329e-06, Grad norm = 3.885468e-08, Beta update rate = 1.616560e-09
Epoch 648400 (13.0%): Train pred MSE = 7.086086e-11, Test pred MSE = 7.474873e-07, Param MSE = 7.704312e-06, Grad norm = 3.881244e-08, Beta update rate = 1.614760e-09
Epoch 648600 (13.0%): Train pred MSE = 7.071038e-11, Test pred MSE = 7.474857e-07, Param MSE = 7.704295e-06, Grad norm = 3.877025e-08, Beta update rate = 1.612962e-09
Epoch 648800 (13.0%): Train pred MSE = 7.056023e-11, Test pred MSE = 7.474840e-07, Param MSE = 7.704278e-06, Grad norm = 3.872810e-08, Beta update rate = 1.611166e-09
Epoch 649000 (13.0%): Train pred MSE = 7.041041e-11, Test pred MSE = 7.474823e-07, Param MSE = 7.704261e-06, Grad norm = 3.868601e-08, Beta update rate = 1.609372e-09
Epoch 649200 (13.0%): Train pred MSE = 7.026091e-11, Test pred MSE = 7.474807e-07, Param MSE = 7.704245e-06, Grad norm = 3.864397e-08, Beta update rate = 1.607580e-09
Epoch 649400 (13.0%): Train pred MSE = 7.011174e-11, Test pred MSE = 7.474790e-07, Param MSE = 7.704228e-06, Grad norm = 3.860197e-08, Beta update rate = 1.605791e-09
Epoch 649600 (13.0%): Train pred MSE = 6.996289e-11, Test pred MSE = 7.474773e-07, Param MSE = 7.704211e-06, Grad norm = 3.856002e-08, Beta update rate = 1.604003e-09
Epoch 649800 (13.0%): Train pred MSE = 6.981437e-11, Test pred MSE = 7.474757e-07, Param MSE = 7.704194e-06, Grad norm = 3.851812e-08, Beta update rate = 1.602218e-09
Epoch 650000 (13.0%): Train pred MSE = 6.966617e-11, Test pred MSE = 7.474740e-07, Param MSE = 7.704178e-06, Grad norm = 3.847627e-08, Beta update rate = 1.600435e-09
Epoch 650200 (13.0%): Train pred MSE = 6.951829e-11, Test pred MSE = 7.474724e-07, Param MSE = 7.704161e-06, Grad norm = 3.843447e-08, Beta update rate = 1.598654e-09
Epoch 650400 (13.0%): Train pred MSE = 6.937073e-11, Test pred MSE = 7.474707e-07, Param MSE = 7.704145e-06, Grad norm = 3.839271e-08, Beta update rate = 1.596875e-09
Epoch 650600 (13.0%): Train pred MSE = 6.922349e-11, Test pred MSE = 7.474691e-07, Param MSE = 7.704128e-06, Grad norm = 3.835100e-08, Beta update rate = 1.595098e-09
Epoch 650800 (13.0%): Train pred MSE = 6.907657e-11, Test pred MSE = 7.474674e-07, Param MSE = 7.704111e-06, Grad norm = 3.830934e-08, Beta update rate = 1.593324e-09
Epoch 651000 (13.0%): Train pred MSE = 6.892997e-11, Test pred MSE = 7.474658e-07, Param MSE = 7.704095e-06, Grad norm = 3.826773e-08, Beta update rate = 1.591551e-09
Epoch 651200 (13.0%): Train pred MSE = 6.878369e-11, Test pred MSE = 7.474641e-07, Param MSE = 7.704078e-06, Grad norm = 3.822617e-08, Beta update rate = 1.589781e-09
Epoch 651400 (13.0%): Train pred MSE = 6.863772e-11, Test pred MSE = 7.474625e-07, Param MSE = 7.704062e-06, Grad norm = 3.818465e-08, Beta update rate = 1.588012e-09
Epoch 651600 (13.0%): Train pred MSE = 6.849208e-11, Test pred MSE = 7.474608e-07, Param MSE = 7.704045e-06, Grad norm = 3.814318e-08, Beta update rate = 1.586246e-09
Epoch 651800 (13.0%): Train pred MSE = 6.834675e-11, Test pred MSE = 7.474592e-07, Param MSE = 7.704029e-06, Grad norm = 3.810176e-08, Beta update rate = 1.584482e-09
Epoch 652000 (13.0%): Train pred MSE = 6.820173e-11, Test pred MSE = 7.474576e-07, Param MSE = 7.704012e-06, Grad norm = 3.806039e-08, Beta update rate = 1.582720e-09
Epoch 652200 (13.0%): Train pred MSE = 6.805703e-11, Test pred MSE = 7.474559e-07, Param MSE = 7.703996e-06, Grad norm = 3.801907e-08, Beta update rate = 1.580960e-09
Epoch 652400 (13.0%): Train pred MSE = 6.791264e-11, Test pred MSE = 7.474543e-07, Param MSE = 7.703979e-06, Grad norm = 3.797779e-08, Beta update rate = 1.579202e-09
Epoch 652600 (13.1%): Train pred MSE = 6.776857e-11, Test pred MSE = 7.474527e-07, Param MSE = 7.703963e-06, Grad norm = 3.793656e-08, Beta update rate = 1.577447e-09
Epoch 652800 (13.1%): Train pred MSE = 6.762481e-11, Test pred MSE = 7.474510e-07, Param MSE = 7.703947e-06, Grad norm = 3.789537e-08, Beta update rate = 1.575693e-09
Epoch 653000 (13.1%): Train pred MSE = 6.748136e-11, Test pred MSE = 7.474494e-07, Param MSE = 7.703930e-06, Grad norm = 3.785424e-08, Beta update rate = 1.573941e-09
Epoch 653200 (13.1%): Train pred MSE = 6.733822e-11, Test pred MSE = 7.474478e-07, Param MSE = 7.703914e-06, Grad norm = 3.781315e-08, Beta update rate = 1.572192e-09
Epoch 653400 (13.1%): Train pred MSE = 6.719539e-11, Test pred MSE = 7.474462e-07, Param MSE = 7.703897e-06, Grad norm = 3.777211e-08, Beta update rate = 1.570445e-09
Epoch 653600 (13.1%): Train pred MSE = 6.705288e-11, Test pred MSE = 7.474445e-07, Param MSE = 7.703881e-06, Grad norm = 3.773111e-08, Beta update rate = 1.568699e-09
Epoch 653800 (13.1%): Train pred MSE = 6.691067e-11, Test pred MSE = 7.474429e-07, Param MSE = 7.703865e-06, Grad norm = 3.769016e-08, Beta update rate = 1.566956e-09
Epoch 654000 (13.1%): Train pred MSE = 6.676877e-11, Test pred MSE = 7.474413e-07, Param MSE = 7.703849e-06, Grad norm = 3.764926e-08, Beta update rate = 1.565215e-09
Epoch 654200 (13.1%): Train pred MSE = 6.662718e-11, Test pred MSE = 7.474397e-07, Param MSE = 7.703832e-06, Grad norm = 3.760841e-08, Beta update rate = 1.563476e-09
Epoch 654400 (13.1%): Train pred MSE = 6.648589e-11, Test pred MSE = 7.474381e-07, Param MSE = 7.703816e-06, Grad norm = 3.756760e-08, Beta update rate = 1.561739e-09
Epoch 654600 (13.1%): Train pred MSE = 6.634491e-11, Test pred MSE = 7.474365e-07, Param MSE = 7.703800e-06, Grad norm = 3.752684e-08, Beta update rate = 1.560004e-09
Epoch 654800 (13.1%): Train pred MSE = 6.620424e-11, Test pred MSE = 7.474349e-07, Param MSE = 7.703784e-06, Grad norm = 3.748613e-08, Beta update rate = 1.558271e-09
Epoch 655000 (13.1%): Train pred MSE = 6.606387e-11, Test pred MSE = 7.474333e-07, Param MSE = 7.703768e-06, Grad norm = 3.744546e-08, Beta update rate = 1.556540e-09
Epoch 655200 (13.1%): Train pred MSE = 6.592381e-11, Test pred MSE = 7.474317e-07, Param MSE = 7.703752e-06, Grad norm = 3.740484e-08, Beta update rate = 1.554811e-09
Epoch 655400 (13.1%): Train pred MSE = 6.578405e-11, Test pred MSE = 7.474300e-07, Param MSE = 7.703735e-06, Grad norm = 3.736427e-08, Beta update rate = 1.553085e-09
Epoch 655600 (13.1%): Train pred MSE = 6.564460e-11, Test pred MSE = 7.474284e-07, Param MSE = 7.703719e-06, Grad norm = 3.732374e-08, Beta update rate = 1.551360e-09
Epoch 655800 (13.1%): Train pred MSE = 6.550544e-11, Test pred MSE = 7.474269e-07, Param MSE = 7.703703e-06, Grad norm = 3.728326e-08, Beta update rate = 1.549637e-09
Epoch 656000 (13.1%): Train pred MSE = 6.536659e-11, Test pred MSE = 7.474253e-07, Param MSE = 7.703687e-06, Grad norm = 3.724283e-08, Beta update rate = 1.547917e-09
Epoch 656200 (13.1%): Train pred MSE = 6.522804e-11, Test pred MSE = 7.474237e-07, Param MSE = 7.703671e-06, Grad norm = 3.720244e-08, Beta update rate = 1.546198e-09
Epoch 656400 (13.1%): Train pred MSE = 6.508979e-11, Test pred MSE = 7.474221e-07, Param MSE = 7.703655e-06, Grad norm = 3.716210e-08, Beta update rate = 1.544482e-09
Epoch 656600 (13.1%): Train pred MSE = 6.495184e-11, Test pred MSE = 7.474205e-07, Param MSE = 7.703639e-06, Grad norm = 3.712180e-08, Beta update rate = 1.542767e-09
Epoch 656800 (13.1%): Train pred MSE = 6.481418e-11, Test pred MSE = 7.474189e-07, Param MSE = 7.703623e-06, Grad norm = 3.708156e-08, Beta update rate = 1.541055e-09
Epoch 657000 (13.1%): Train pred MSE = 6.467683e-11, Test pred MSE = 7.474173e-07, Param MSE = 7.703607e-06, Grad norm = 3.704135e-08, Beta update rate = 1.539345e-09
Epoch 657200 (13.1%): Train pred MSE = 6.453977e-11, Test pred MSE = 7.474157e-07, Param MSE = 7.703591e-06, Grad norm = 3.700120e-08, Beta update rate = 1.537636e-09
Epoch 657400 (13.1%): Train pred MSE = 6.440301e-11, Test pred MSE = 7.474141e-07, Param MSE = 7.703575e-06, Grad norm = 3.696109e-08, Beta update rate = 1.535930e-09
Epoch 657600 (13.2%): Train pred MSE = 6.426655e-11, Test pred MSE = 7.474126e-07, Param MSE = 7.703560e-06, Grad norm = 3.692102e-08, Beta update rate = 1.534226e-09
Epoch 657800 (13.2%): Train pred MSE = 6.413038e-11, Test pred MSE = 7.474110e-07, Param MSE = 7.703544e-06, Grad norm = 3.688100e-08, Beta update rate = 1.532523e-09
Epoch 658000 (13.2%): Train pred MSE = 6.399451e-11, Test pred MSE = 7.474094e-07, Param MSE = 7.703528e-06, Grad norm = 3.684103e-08, Beta update rate = 1.530823e-09
Epoch 658200 (13.2%): Train pred MSE = 6.385893e-11, Test pred MSE = 7.474078e-07, Param MSE = 7.703512e-06, Grad norm = 3.680110e-08, Beta update rate = 1.529125e-09
Epoch 658400 (13.2%): Train pred MSE = 6.372365e-11, Test pred MSE = 7.474063e-07, Param MSE = 7.703496e-06, Grad norm = 3.676122e-08, Beta update rate = 1.527429e-09
Epoch 658600 (13.2%): Train pred MSE = 6.358866e-11, Test pred MSE = 7.474047e-07, Param MSE = 7.703480e-06, Grad norm = 3.672139e-08, Beta update rate = 1.525735e-09
Epoch 658800 (13.2%): Train pred MSE = 6.345396e-11, Test pred MSE = 7.474031e-07, Param MSE = 7.703465e-06, Grad norm = 3.668159e-08, Beta update rate = 1.524042e-09
Epoch 659000 (13.2%): Train pred MSE = 6.331955e-11, Test pred MSE = 7.474016e-07, Param MSE = 7.703449e-06, Grad norm = 3.664185e-08, Beta update rate = 1.522352e-09
Epoch 659200 (13.2%): Train pred MSE = 6.318544e-11, Test pred MSE = 7.474000e-07, Param MSE = 7.703433e-06, Grad norm = 3.660215e-08, Beta update rate = 1.520664e-09
Epoch 659400 (13.2%): Train pred MSE = 6.305161e-11, Test pred MSE = 7.473984e-07, Param MSE = 7.703417e-06, Grad norm = 3.656250e-08, Beta update rate = 1.518978e-09
Epoch 659600 (13.2%): Train pred MSE = 6.291807e-11, Test pred MSE = 7.473969e-07, Param MSE = 7.703402e-06, Grad norm = 3.652289e-08, Beta update rate = 1.517294e-09
Epoch 659800 (13.2%): Train pred MSE = 6.278483e-11, Test pred MSE = 7.473953e-07, Param MSE = 7.703386e-06, Grad norm = 3.648333e-08, Beta update rate = 1.515612e-09
Epoch 660000 (13.2%): Train pred MSE = 6.265187e-11, Test pred MSE = 7.473938e-07, Param MSE = 7.703370e-06, Grad norm = 3.644381e-08, Beta update rate = 1.513931e-09
Epoch 660200 (13.2%): Train pred MSE = 6.251920e-11, Test pred MSE = 7.473922e-07, Param MSE = 7.703355e-06, Grad norm = 3.640434e-08, Beta update rate = 1.512253e-09
Epoch 660400 (13.2%): Train pred MSE = 6.238682e-11, Test pred MSE = 7.473907e-07, Param MSE = 7.703339e-06, Grad norm = 3.636491e-08, Beta update rate = 1.510577e-09
Epoch 660600 (13.2%): Train pred MSE = 6.225472e-11, Test pred MSE = 7.473891e-07, Param MSE = 7.703324e-06, Grad norm = 3.632553e-08, Beta update rate = 1.508903e-09
Epoch 660800 (13.2%): Train pred MSE = 6.212291e-11, Test pred MSE = 7.473876e-07, Param MSE = 7.703308e-06, Grad norm = 3.628619e-08, Beta update rate = 1.507231e-09
Epoch 661000 (13.2%): Train pred MSE = 6.199139e-11, Test pred MSE = 7.473860e-07, Param MSE = 7.703292e-06, Grad norm = 3.624690e-08, Beta update rate = 1.505560e-09
Epoch 661200 (13.2%): Train pred MSE = 6.186014e-11, Test pred MSE = 7.473845e-07, Param MSE = 7.703277e-06, Grad norm = 3.620765e-08, Beta update rate = 1.503892e-09
Epoch 661400 (13.2%): Train pred MSE = 6.172919e-11, Test pred MSE = 7.473829e-07, Param MSE = 7.703261e-06, Grad norm = 3.616845e-08, Beta update rate = 1.502226e-09
Epoch 661600 (13.2%): Train pred MSE = 6.159852e-11, Test pred MSE = 7.473814e-07, Param MSE = 7.703246e-06, Grad norm = 3.612929e-08, Beta update rate = 1.500561e-09
Epoch 661800 (13.2%): Train pred MSE = 6.146812e-11, Test pred MSE = 7.473799e-07, Param MSE = 7.703230e-06, Grad norm = 3.609018e-08, Beta update rate = 1.498899e-09
Epoch 662000 (13.2%): Train pred MSE = 6.133802e-11, Test pred MSE = 7.473783e-07, Param MSE = 7.703215e-06, Grad norm = 3.605111e-08, Beta update rate = 1.497239e-09
Epoch 662200 (13.2%): Train pred MSE = 6.120819e-11, Test pred MSE = 7.473768e-07, Param MSE = 7.703200e-06, Grad norm = 3.601209e-08, Beta update rate = 1.495580e-09
Epoch 662400 (13.2%): Train pred MSE = 6.107864e-11, Test pred MSE = 7.473753e-07, Param MSE = 7.703184e-06, Grad norm = 3.597311e-08, Beta update rate = 1.493924e-09
Epoch 662600 (13.3%): Train pred MSE = 6.094938e-11, Test pred MSE = 7.473737e-07, Param MSE = 7.703169e-06, Grad norm = 3.593417e-08, Beta update rate = 1.492269e-09
Epoch 662800 (13.3%): Train pred MSE = 6.082039e-11, Test pred MSE = 7.473722e-07, Param MSE = 7.703153e-06, Grad norm = 3.589528e-08, Beta update rate = 1.490617e-09
Epoch 663000 (13.3%): Train pred MSE = 6.069169e-11, Test pred MSE = 7.473707e-07, Param MSE = 7.703138e-06, Grad norm = 3.585644e-08, Beta update rate = 1.488966e-09
Epoch 663200 (13.3%): Train pred MSE = 6.056326e-11, Test pred MSE = 7.473691e-07, Param MSE = 7.703123e-06, Grad norm = 3.581764e-08, Beta update rate = 1.487318e-09
Epoch 663400 (13.3%): Train pred MSE = 6.043511e-11, Test pred MSE = 7.473676e-07, Param MSE = 7.703107e-06, Grad norm = 3.577888e-08, Beta update rate = 1.485671e-09
Epoch 663600 (13.3%): Train pred MSE = 6.030723e-11, Test pred MSE = 7.473661e-07, Param MSE = 7.703092e-06, Grad norm = 3.574017e-08, Beta update rate = 1.484026e-09
Epoch 663800 (13.3%): Train pred MSE = 6.017964e-11, Test pred MSE = 7.473646e-07, Param MSE = 7.703077e-06, Grad norm = 3.570150e-08, Beta update rate = 1.482383e-09
Epoch 664000 (13.3%): Train pred MSE = 6.005232e-11, Test pred MSE = 7.473631e-07, Param MSE = 7.703062e-06, Grad norm = 3.566288e-08, Beta update rate = 1.480743e-09
Epoch 664200 (13.3%): Train pred MSE = 5.992527e-11, Test pred MSE = 7.473615e-07, Param MSE = 7.703046e-06, Grad norm = 3.562430e-08, Beta update rate = 1.479104e-09
Epoch 664400 (13.3%): Train pred MSE = 5.979850e-11, Test pred MSE = 7.473600e-07, Param MSE = 7.703031e-06, Grad norm = 3.558576e-08, Beta update rate = 1.477467e-09
Epoch 664600 (13.3%): Train pred MSE = 5.967200e-11, Test pred MSE = 7.473585e-07, Param MSE = 7.703016e-06, Grad norm = 3.554727e-08, Beta update rate = 1.475832e-09
Epoch 664800 (13.3%): Train pred MSE = 5.954578e-11, Test pred MSE = 7.473570e-07, Param MSE = 7.703001e-06, Grad norm = 3.550882e-08, Beta update rate = 1.474199e-09
Epoch 665000 (13.3%): Train pred MSE = 5.941983e-11, Test pred MSE = 7.473555e-07, Param MSE = 7.702986e-06, Grad norm = 3.547042e-08, Beta update rate = 1.472567e-09
Epoch 665200 (13.3%): Train pred MSE = 5.929415e-11, Test pred MSE = 7.473540e-07, Param MSE = 7.702970e-06, Grad norm = 3.543206e-08, Beta update rate = 1.470938e-09
Epoch 665400 (13.3%): Train pred MSE = 5.916875e-11, Test pred MSE = 7.473525e-07, Param MSE = 7.702955e-06, Grad norm = 3.539374e-08, Beta update rate = 1.469311e-09
Epoch 665600 (13.3%): Train pred MSE = 5.904361e-11, Test pred MSE = 7.473510e-07, Param MSE = 7.702940e-06, Grad norm = 3.535547e-08, Beta update rate = 1.467686e-09
Epoch 665800 (13.3%): Train pred MSE = 5.891875e-11, Test pred MSE = 7.473495e-07, Param MSE = 7.702925e-06, Grad norm = 3.531724e-08, Beta update rate = 1.466062e-09
Epoch 666000 (13.3%): Train pred MSE = 5.879415e-11, Test pred MSE = 7.473480e-07, Param MSE = 7.702910e-06, Grad norm = 3.527905e-08, Beta update rate = 1.464441e-09
Epoch 666200 (13.3%): Train pred MSE = 5.866983e-11, Test pred MSE = 7.473465e-07, Param MSE = 7.702895e-06, Grad norm = 3.524091e-08, Beta update rate = 1.462821e-09
Epoch 666400 (13.3%): Train pred MSE = 5.854577e-11, Test pred MSE = 7.473450e-07, Param MSE = 7.702880e-06, Grad norm = 3.520281e-08, Beta update rate = 1.461203e-09
Epoch 666600 (13.3%): Train pred MSE = 5.842198e-11, Test pred MSE = 7.473435e-07, Param MSE = 7.702865e-06, Grad norm = 3.516476e-08, Beta update rate = 1.459587e-09
Epoch 666800 (13.3%): Train pred MSE = 5.829846e-11, Test pred MSE = 7.473420e-07, Param MSE = 7.702850e-06, Grad norm = 3.512675e-08, Beta update rate = 1.457973e-09
Epoch 667000 (13.3%): Train pred MSE = 5.817520e-11, Test pred MSE = 7.473405e-07, Param MSE = 7.702835e-06, Grad norm = 3.508878e-08, Beta update rate = 1.456361e-09
Epoch 667200 (13.3%): Train pred MSE = 5.805222e-11, Test pred MSE = 7.473391e-07, Param MSE = 7.702820e-06, Grad norm = 3.505085e-08, Beta update rate = 1.454751e-09
Epoch 667400 (13.3%): Train pred MSE = 5.792949e-11, Test pred MSE = 7.473376e-07, Param MSE = 7.702805e-06, Grad norm = 3.501297e-08, Beta update rate = 1.453143e-09
Epoch 667600 (13.4%): Train pred MSE = 5.780704e-11, Test pred MSE = 7.473361e-07, Param MSE = 7.702790e-06, Grad norm = 3.497513e-08, Beta update rate = 1.451537e-09
Epoch 667800 (13.4%): Train pred MSE = 5.768484e-11, Test pred MSE = 7.473346e-07, Param MSE = 7.702775e-06, Grad norm = 3.493734e-08, Beta update rate = 1.449932e-09
Epoch 668000 (13.4%): Train pred MSE = 5.756292e-11, Test pred MSE = 7.473331e-07, Param MSE = 7.702760e-06, Grad norm = 3.489959e-08, Beta update rate = 1.448330e-09
Epoch 668200 (13.4%): Train pred MSE = 5.744125e-11, Test pred MSE = 7.473317e-07, Param MSE = 7.702746e-06, Grad norm = 3.486188e-08, Beta update rate = 1.446729e-09
Epoch 668400 (13.4%): Train pred MSE = 5.731985e-11, Test pred MSE = 7.473302e-07, Param MSE = 7.702731e-06, Grad norm = 3.482421e-08, Beta update rate = 1.445131e-09
Epoch 668600 (13.4%): Train pred MSE = 5.719871e-11, Test pred MSE = 7.473287e-07, Param MSE = 7.702716e-06, Grad norm = 3.478659e-08, Beta update rate = 1.443534e-09
Epoch 668800 (13.4%): Train pred MSE = 5.707783e-11, Test pred MSE = 7.473272e-07, Param MSE = 7.702701e-06, Grad norm = 3.474901e-08, Beta update rate = 1.441939e-09
Epoch 669000 (13.4%): Train pred MSE = 5.695721e-11, Test pred MSE = 7.473258e-07, Param MSE = 7.702686e-06, Grad norm = 3.471147e-08, Beta update rate = 1.440346e-09
Epoch 669200 (13.4%): Train pred MSE = 5.683685e-11, Test pred MSE = 7.473243e-07, Param MSE = 7.702672e-06, Grad norm = 3.467398e-08, Beta update rate = 1.438755e-09
Epoch 669400 (13.4%): Train pred MSE = 5.671675e-11, Test pred MSE = 7.473228e-07, Param MSE = 7.702657e-06, Grad norm = 3.463652e-08, Beta update rate = 1.437165e-09
Epoch 669600 (13.4%): Train pred MSE = 5.659692e-11, Test pred MSE = 7.473214e-07, Param MSE = 7.702642e-06, Grad norm = 3.459911e-08, Beta update rate = 1.435578e-09
Epoch 669800 (13.4%): Train pred MSE = 5.647734e-11, Test pred MSE = 7.473199e-07, Param MSE = 7.702627e-06, Grad norm = 3.456175e-08, Beta update rate = 1.433992e-09
Epoch 670000 (13.4%): Train pred MSE = 5.635801e-11, Test pred MSE = 7.473184e-07, Param MSE = 7.702613e-06, Grad norm = 3.452442e-08, Beta update rate = 1.432408e-09
Epoch 670200 (13.4%): Train pred MSE = 5.623895e-11, Test pred MSE = 7.473170e-07, Param MSE = 7.702598e-06, Grad norm = 3.448714e-08, Beta update rate = 1.430827e-09
Epoch 670400 (13.4%): Train pred MSE = 5.612014e-11, Test pred MSE = 7.473155e-07, Param MSE = 7.702583e-06, Grad norm = 3.444990e-08, Beta update rate = 1.429247e-09
Epoch 670600 (13.4%): Train pred MSE = 5.600159e-11, Test pred MSE = 7.473141e-07, Param MSE = 7.702569e-06, Grad norm = 3.441271e-08, Beta update rate = 1.427669e-09
Epoch 670800 (13.4%): Train pred MSE = 5.588330e-11, Test pred MSE = 7.473126e-07, Param MSE = 7.702554e-06, Grad norm = 3.437555e-08, Beta update rate = 1.426092e-09
Epoch 671000 (13.4%): Train pred MSE = 5.576526e-11, Test pred MSE = 7.473112e-07, Param MSE = 7.702540e-06, Grad norm = 3.433844e-08, Beta update rate = 1.424518e-09
Epoch 671200 (13.4%): Train pred MSE = 5.564747e-11, Test pred MSE = 7.473097e-07, Param MSE = 7.702525e-06, Grad norm = 3.430137e-08, Beta update rate = 1.422945e-09
Epoch 671400 (13.4%): Train pred MSE = 5.552994e-11, Test pred MSE = 7.473083e-07, Param MSE = 7.702510e-06, Grad norm = 3.426434e-08, Beta update rate = 1.421375e-09
Epoch 671600 (13.4%): Train pred MSE = 5.541267e-11, Test pred MSE = 7.473068e-07, Param MSE = 7.702496e-06, Grad norm = 3.422736e-08, Beta update rate = 1.419806e-09
Epoch 671800 (13.4%): Train pred MSE = 5.529564e-11, Test pred MSE = 7.473054e-07, Param MSE = 7.702481e-06, Grad norm = 3.419041e-08, Beta update rate = 1.418239e-09
Epoch 672000 (13.4%): Train pred MSE = 5.517887e-11, Test pred MSE = 7.473039e-07, Param MSE = 7.702467e-06, Grad norm = 3.415351e-08, Beta update rate = 1.416674e-09
Epoch 672200 (13.4%): Train pred MSE = 5.506235e-11, Test pred MSE = 7.473025e-07, Param MSE = 7.702452e-06, Grad norm = 3.411665e-08, Beta update rate = 1.415110e-09
Epoch 672400 (13.4%): Train pred MSE = 5.494608e-11, Test pred MSE = 7.473011e-07, Param MSE = 7.702438e-06, Grad norm = 3.407983e-08, Beta update rate = 1.413549e-09
Epoch 672600 (13.5%): Train pred MSE = 5.483007e-11, Test pred MSE = 7.472996e-07, Param MSE = 7.702423e-06, Grad norm = 3.404306e-08, Beta update rate = 1.411989e-09
Epoch 672800 (13.5%): Train pred MSE = 5.471430e-11, Test pred MSE = 7.472982e-07, Param MSE = 7.702409e-06, Grad norm = 3.400632e-08, Beta update rate = 1.410431e-09
Epoch 673000 (13.5%): Train pred MSE = 5.459878e-11, Test pred MSE = 7.472968e-07, Param MSE = 7.702395e-06, Grad norm = 3.396963e-08, Beta update rate = 1.408875e-09
Epoch 673200 (13.5%): Train pred MSE = 5.448351e-11, Test pred MSE = 7.472953e-07, Param MSE = 7.702380e-06, Grad norm = 3.393298e-08, Beta update rate = 1.407321e-09
Epoch 673400 (13.5%): Train pred MSE = 5.436850e-11, Test pred MSE = 7.472939e-07, Param MSE = 7.702366e-06, Grad norm = 3.389637e-08, Beta update rate = 1.405769e-09
Epoch 673600 (13.5%): Train pred MSE = 5.425372e-11, Test pred MSE = 7.472925e-07, Param MSE = 7.702352e-06, Grad norm = 3.385981e-08, Beta update rate = 1.404218e-09
Epoch 673800 (13.5%): Train pred MSE = 5.413920e-11, Test pred MSE = 7.472910e-07, Param MSE = 7.702337e-06, Grad norm = 3.382328e-08, Beta update rate = 1.402670e-09
Epoch 674000 (13.5%): Train pred MSE = 5.402492e-11, Test pred MSE = 7.472896e-07, Param MSE = 7.702323e-06, Grad norm = 3.378680e-08, Beta update rate = 1.401123e-09
Epoch 674200 (13.5%): Train pred MSE = 5.391089e-11, Test pred MSE = 7.472882e-07, Param MSE = 7.702309e-06, Grad norm = 3.375035e-08, Beta update rate = 1.399578e-09
Epoch 674400 (13.5%): Train pred MSE = 5.379711e-11, Test pred MSE = 7.472868e-07, Param MSE = 7.702294e-06, Grad norm = 3.371395e-08, Beta update rate = 1.398035e-09
Epoch 674600 (13.5%): Train pred MSE = 5.368357e-11, Test pred MSE = 7.472854e-07, Param MSE = 7.702280e-06, Grad norm = 3.367759e-08, Beta update rate = 1.396493e-09
Epoch 674800 (13.5%): Train pred MSE = 5.357027e-11, Test pred MSE = 7.472839e-07, Param MSE = 7.702266e-06, Grad norm = 3.364128e-08, Beta update rate = 1.394954e-09
Epoch 675000 (13.5%): Train pred MSE = 5.345722e-11, Test pred MSE = 7.472825e-07, Param MSE = 7.702252e-06, Grad norm = 3.360500e-08, Beta update rate = 1.393416e-09
Epoch 675200 (13.5%): Train pred MSE = 5.334441e-11, Test pred MSE = 7.472811e-07, Param MSE = 7.702237e-06, Grad norm = 3.356876e-08, Beta update rate = 1.391880e-09
Epoch 675400 (13.5%): Train pred MSE = 5.323185e-11, Test pred MSE = 7.472797e-07, Param MSE = 7.702223e-06, Grad norm = 3.353257e-08, Beta update rate = 1.390346e-09
Epoch 675600 (13.5%): Train pred MSE = 5.311953e-11, Test pred MSE = 7.472783e-07, Param MSE = 7.702209e-06, Grad norm = 3.349641e-08, Beta update rate = 1.388813e-09
Epoch 675800 (13.5%): Train pred MSE = 5.300745e-11, Test pred MSE = 7.472769e-07, Param MSE = 7.702195e-06, Grad norm = 3.346030e-08, Beta update rate = 1.387283e-09
Epoch 676000 (13.5%): Train pred MSE = 5.289561e-11, Test pred MSE = 7.472755e-07, Param MSE = 7.702181e-06, Grad norm = 3.342423e-08, Beta update rate = 1.385754e-09
Epoch 676200 (13.5%): Train pred MSE = 5.278402e-11, Test pred MSE = 7.472741e-07, Param MSE = 7.702166e-06, Grad norm = 3.338820e-08, Beta update rate = 1.384227e-09
Epoch 676400 (13.5%): Train pred MSE = 5.267266e-11, Test pred MSE = 7.472727e-07, Param MSE = 7.702152e-06, Grad norm = 3.335221e-08, Beta update rate = 1.382702e-09
Epoch 676600 (13.5%): Train pred MSE = 5.256154e-11, Test pred MSE = 7.472713e-07, Param MSE = 7.702138e-06, Grad norm = 3.331626e-08, Beta update rate = 1.381179e-09
Epoch 676800 (13.5%): Train pred MSE = 5.245067e-11, Test pred MSE = 7.472699e-07, Param MSE = 7.702124e-06, Grad norm = 3.328035e-08, Beta update rate = 1.379657e-09
Epoch 677000 (13.5%): Train pred MSE = 5.234003e-11, Test pred MSE = 7.472685e-07, Param MSE = 7.702110e-06, Grad norm = 3.324449e-08, Beta update rate = 1.378137e-09
Epoch 677200 (13.5%): Train pred MSE = 5.222963e-11, Test pred MSE = 7.472671e-07, Param MSE = 7.702096e-06, Grad norm = 3.320866e-08, Beta update rate = 1.376619e-09
Epoch 677400 (13.5%): Train pred MSE = 5.211947e-11, Test pred MSE = 7.472657e-07, Param MSE = 7.702082e-06, Grad norm = 3.317287e-08, Beta update rate = 1.375103e-09
Epoch 677600 (13.6%): Train pred MSE = 5.200954e-11, Test pred MSE = 7.472643e-07, Param MSE = 7.702068e-06, Grad norm = 3.313713e-08, Beta update rate = 1.373588e-09
Epoch 677800 (13.6%): Train pred MSE = 5.189986e-11, Test pred MSE = 7.472629e-07, Param MSE = 7.702054e-06, Grad norm = 3.310142e-08, Beta update rate = 1.372076e-09
Epoch 678000 (13.6%): Train pred MSE = 5.179040e-11, Test pred MSE = 7.472615e-07, Param MSE = 7.702040e-06, Grad norm = 3.306576e-08, Beta update rate = 1.370565e-09
Epoch 678200 (13.6%): Train pred MSE = 5.168119e-11, Test pred MSE = 7.472601e-07, Param MSE = 7.702026e-06, Grad norm = 3.303014e-08, Beta update rate = 1.369056e-09
Epoch 678400 (13.6%): Train pred MSE = 5.157221e-11, Test pred MSE = 7.472587e-07, Param MSE = 7.702012e-06, Grad norm = 3.299455e-08, Beta update rate = 1.367548e-09
Epoch 678600 (13.6%): Train pred MSE = 5.146346e-11, Test pred MSE = 7.472574e-07, Param MSE = 7.701998e-06, Grad norm = 3.295901e-08, Beta update rate = 1.366043e-09
Epoch 678800 (13.6%): Train pred MSE = 5.135495e-11, Test pred MSE = 7.472560e-07, Param MSE = 7.701984e-06, Grad norm = 3.292351e-08, Beta update rate = 1.364539e-09
Epoch 679000 (13.6%): Train pred MSE = 5.124667e-11, Test pred MSE = 7.472546e-07, Param MSE = 7.701971e-06, Grad norm = 3.288805e-08, Beta update rate = 1.363037e-09
Epoch 679200 (13.6%): Train pred MSE = 5.113863e-11, Test pred MSE = 7.472532e-07, Param MSE = 7.701957e-06, Grad norm = 3.285262e-08, Beta update rate = 1.361537e-09
Epoch 679400 (13.6%): Train pred MSE = 5.103081e-11, Test pred MSE = 7.472518e-07, Param MSE = 7.701943e-06, Grad norm = 3.281724e-08, Beta update rate = 1.360038e-09
Epoch 679600 (13.6%): Train pred MSE = 5.092323e-11, Test pred MSE = 7.472505e-07, Param MSE = 7.701929e-06, Grad norm = 3.278190e-08, Beta update rate = 1.358541e-09
Epoch 679800 (13.6%): Train pred MSE = 5.081589e-11, Test pred MSE = 7.472491e-07, Param MSE = 7.701915e-06, Grad norm = 3.274660e-08, Beta update rate = 1.357046e-09
Epoch 680000 (13.6%): Train pred MSE = 5.070877e-11, Test pred MSE = 7.472477e-07, Param MSE = 7.701901e-06, Grad norm = 3.271134e-08, Beta update rate = 1.355553e-09
Epoch 680200 (13.6%): Train pred MSE = 5.060188e-11, Test pred MSE = 7.472463e-07, Param MSE = 7.701888e-06, Grad norm = 3.267612e-08, Beta update rate = 1.354061e-09
Epoch 680400 (13.6%): Train pred MSE = 5.049522e-11, Test pred MSE = 7.472450e-07, Param MSE = 7.701874e-06, Grad norm = 3.264093e-08, Beta update rate = 1.352572e-09
Epoch 680600 (13.6%): Train pred MSE = 5.038880e-11, Test pred MSE = 7.472436e-07, Param MSE = 7.701860e-06, Grad norm = 3.260579e-08, Beta update rate = 1.351084e-09
Epoch 680800 (13.6%): Train pred MSE = 5.028260e-11, Test pred MSE = 7.472422e-07, Param MSE = 7.701846e-06, Grad norm = 3.257069e-08, Beta update rate = 1.349597e-09
Epoch 681000 (13.6%): Train pred MSE = 5.017663e-11, Test pred MSE = 7.472409e-07, Param MSE = 7.701833e-06, Grad norm = 3.253563e-08, Beta update rate = 1.348113e-09
Epoch 681200 (13.6%): Train pred MSE = 5.007089e-11, Test pred MSE = 7.472395e-07, Param MSE = 7.701819e-06, Grad norm = 3.250061e-08, Beta update rate = 1.346630e-09
Epoch 681400 (13.6%): Train pred MSE = 4.996537e-11, Test pred MSE = 7.472382e-07, Param MSE = 7.701805e-06, Grad norm = 3.246562e-08, Beta update rate = 1.345149e-09
Epoch 681600 (13.6%): Train pred MSE = 4.986008e-11, Test pred MSE = 7.472368e-07, Param MSE = 7.701792e-06, Grad norm = 3.243068e-08, Beta update rate = 1.343669e-09
Epoch 681800 (13.6%): Train pred MSE = 4.975502e-11, Test pred MSE = 7.472355e-07, Param MSE = 7.701778e-06, Grad norm = 3.239578e-08, Beta update rate = 1.342192e-09
Epoch 682000 (13.6%): Train pred MSE = 4.965019e-11, Test pred MSE = 7.472341e-07, Param MSE = 7.701764e-06, Grad norm = 3.236091e-08, Beta update rate = 1.340716e-09
Epoch 682200 (13.6%): Train pred MSE = 4.954558e-11, Test pred MSE = 7.472327e-07, Param MSE = 7.701751e-06, Grad norm = 3.232609e-08, Beta update rate = 1.339242e-09
Epoch 682400 (13.6%): Train pred MSE = 4.944119e-11, Test pred MSE = 7.472314e-07, Param MSE = 7.701737e-06, Grad norm = 3.229130e-08, Beta update rate = 1.337769e-09
Epoch 682600 (13.7%): Train pred MSE = 4.933703e-11, Test pred MSE = 7.472300e-07, Param MSE = 7.701724e-06, Grad norm = 3.225656e-08, Beta update rate = 1.336299e-09
Epoch 682800 (13.7%): Train pred MSE = 4.923310e-11, Test pred MSE = 7.472287e-07, Param MSE = 7.701710e-06, Grad norm = 3.222185e-08, Beta update rate = 1.334830e-09
Epoch 683000 (13.7%): Train pred MSE = 4.912939e-11, Test pred MSE = 7.472274e-07, Param MSE = 7.701697e-06, Grad norm = 3.218718e-08, Beta update rate = 1.333362e-09
Epoch 683200 (13.7%): Train pred MSE = 4.902590e-11, Test pred MSE = 7.472260e-07, Param MSE = 7.701683e-06, Grad norm = 3.215256e-08, Beta update rate = 1.331897e-09
Epoch 683400 (13.7%): Train pred MSE = 4.892263e-11, Test pred MSE = 7.472247e-07, Param MSE = 7.701670e-06, Grad norm = 3.211797e-08, Beta update rate = 1.330433e-09
Epoch 683600 (13.7%): Train pred MSE = 4.881959e-11, Test pred MSE = 7.472233e-07, Param MSE = 7.701656e-06, Grad norm = 3.208342e-08, Beta update rate = 1.328971e-09
Epoch 683800 (13.7%): Train pred MSE = 4.871676e-11, Test pred MSE = 7.472220e-07, Param MSE = 7.701643e-06, Grad norm = 3.204891e-08, Beta update rate = 1.327510e-09
Epoch 684000 (13.7%): Train pred MSE = 4.861416e-11, Test pred MSE = 7.472206e-07, Param MSE = 7.701629e-06, Grad norm = 3.201444e-08, Beta update rate = 1.326052e-09
Epoch 684200 (13.7%): Train pred MSE = 4.851178e-11, Test pred MSE = 7.472193e-07, Param MSE = 7.701616e-06, Grad norm = 3.198000e-08, Beta update rate = 1.324595e-09
Epoch 684400 (13.7%): Train pred MSE = 4.840962e-11, Test pred MSE = 7.472180e-07, Param MSE = 7.701602e-06, Grad norm = 3.194561e-08, Beta update rate = 1.323139e-09
Epoch 684600 (13.7%): Train pred MSE = 4.830768e-11, Test pred MSE = 7.472166e-07, Param MSE = 7.701589e-06, Grad norm = 3.191126e-08, Beta update rate = 1.321686e-09
Epoch 684800 (13.7%): Train pred MSE = 4.820595e-11, Test pred MSE = 7.472153e-07, Param MSE = 7.701576e-06, Grad norm = 3.187694e-08, Beta update rate = 1.320234e-09
Epoch 685000 (13.7%): Train pred MSE = 4.810445e-11, Test pred MSE = 7.472140e-07, Param MSE = 7.701562e-06, Grad norm = 3.184266e-08, Beta update rate = 1.318784e-09
Epoch 685200 (13.7%): Train pred MSE = 4.800317e-11, Test pred MSE = 7.472127e-07, Param MSE = 7.701549e-06, Grad norm = 3.180843e-08, Beta update rate = 1.317335e-09
Epoch 685400 (13.7%): Train pred MSE = 4.790210e-11, Test pred MSE = 7.472113e-07, Param MSE = 7.701536e-06, Grad norm = 3.177423e-08, Beta update rate = 1.315888e-09
Epoch 685600 (13.7%): Train pred MSE = 4.780125e-11, Test pred MSE = 7.472100e-07, Param MSE = 7.701522e-06, Grad norm = 3.174007e-08, Beta update rate = 1.314443e-09
Epoch 685800 (13.7%): Train pred MSE = 4.770061e-11, Test pred MSE = 7.472087e-07, Param MSE = 7.701509e-06, Grad norm = 3.170594e-08, Beta update rate = 1.313000e-09
Epoch 686000 (13.7%): Train pred MSE = 4.760019e-11, Test pred MSE = 7.472074e-07, Param MSE = 7.701496e-06, Grad norm = 3.167186e-08, Beta update rate = 1.311558e-09
Epoch 686200 (13.7%): Train pred MSE = 4.749999e-11, Test pred MSE = 7.472060e-07, Param MSE = 7.701482e-06, Grad norm = 3.163782e-08, Beta update rate = 1.310118e-09
Epoch 686400 (13.7%): Train pred MSE = 4.740001e-11, Test pred MSE = 7.472047e-07, Param MSE = 7.701469e-06, Grad norm = 3.160381e-08, Beta update rate = 1.308679e-09
Epoch 686600 (13.7%): Train pred MSE = 4.730023e-11, Test pred MSE = 7.472034e-07, Param MSE = 7.701456e-06, Grad norm = 3.156984e-08, Beta update rate = 1.307243e-09
Epoch 686800 (13.7%): Train pred MSE = 4.720068e-11, Test pred MSE = 7.472021e-07, Param MSE = 7.701443e-06, Grad norm = 3.153591e-08, Beta update rate = 1.305808e-09
Epoch 687000 (13.7%): Train pred MSE = 4.710133e-11, Test pred MSE = 7.472008e-07, Param MSE = 7.701429e-06, Grad norm = 3.150202e-08, Beta update rate = 1.304374e-09
Epoch 687200 (13.7%): Train pred MSE = 4.700220e-11, Test pred MSE = 7.471995e-07, Param MSE = 7.701416e-06, Grad norm = 3.146817e-08, Beta update rate = 1.302943e-09
Epoch 687400 (13.7%): Train pred MSE = 4.690328e-11, Test pred MSE = 7.471982e-07, Param MSE = 7.701403e-06, Grad norm = 3.143435e-08, Beta update rate = 1.301513e-09
Epoch 687600 (13.8%): Train pred MSE = 4.680458e-11, Test pred MSE = 7.471969e-07, Param MSE = 7.701390e-06, Grad norm = 3.140058e-08, Beta update rate = 1.300084e-09
Epoch 687800 (13.8%): Train pred MSE = 4.670609e-11, Test pred MSE = 7.471955e-07, Param MSE = 7.701377e-06, Grad norm = 3.136684e-08, Beta update rate = 1.298658e-09
Epoch 688000 (13.8%): Train pred MSE = 4.660781e-11, Test pred MSE = 7.471942e-07, Param MSE = 7.701364e-06, Grad norm = 3.133314e-08, Beta update rate = 1.297233e-09
Epoch 688200 (13.8%): Train pred MSE = 4.650974e-11, Test pred MSE = 7.471929e-07, Param MSE = 7.701351e-06, Grad norm = 3.129948e-08, Beta update rate = 1.295809e-09
Epoch 688400 (13.8%): Train pred MSE = 4.641188e-11, Test pred MSE = 7.471916e-07, Param MSE = 7.701338e-06, Grad norm = 3.126585e-08, Beta update rate = 1.294388e-09
Epoch 688600 (13.8%): Train pred MSE = 4.631423e-11, Test pred MSE = 7.471903e-07, Param MSE = 7.701324e-06, Grad norm = 3.123227e-08, Beta update rate = 1.292968e-09
Epoch 688800 (13.8%): Train pred MSE = 4.621679e-11, Test pred MSE = 7.471890e-07, Param MSE = 7.701311e-06, Grad norm = 3.119872e-08, Beta update rate = 1.291549e-09
Epoch 689000 (13.8%): Train pred MSE = 4.611956e-11, Test pred MSE = 7.471877e-07, Param MSE = 7.701298e-06, Grad norm = 3.116521e-08, Beta update rate = 1.290132e-09
Epoch 689200 (13.8%): Train pred MSE = 4.602253e-11, Test pred MSE = 7.471865e-07, Param MSE = 7.701285e-06, Grad norm = 3.113174e-08, Beta update rate = 1.288717e-09
Epoch 689400 (13.8%): Train pred MSE = 4.592572e-11, Test pred MSE = 7.471852e-07, Param MSE = 7.701272e-06, Grad norm = 3.109830e-08, Beta update rate = 1.287304e-09
Epoch 689600 (13.8%): Train pred MSE = 4.582911e-11, Test pred MSE = 7.471839e-07, Param MSE = 7.701259e-06, Grad norm = 3.106491e-08, Beta update rate = 1.285892e-09
Epoch 689800 (13.8%): Train pred MSE = 4.573272e-11, Test pred MSE = 7.471826e-07, Param MSE = 7.701246e-06, Grad norm = 3.103155e-08, Beta update rate = 1.284482e-09
Epoch 690000 (13.8%): Train pred MSE = 4.563652e-11, Test pred MSE = 7.471813e-07, Param MSE = 7.701233e-06, Grad norm = 3.099822e-08, Beta update rate = 1.283074e-09
Epoch 690200 (13.8%): Train pred MSE = 4.554054e-11, Test pred MSE = 7.471800e-07, Param MSE = 7.701221e-06, Grad norm = 3.096494e-08, Beta update rate = 1.281667e-09
Epoch 690400 (13.8%): Train pred MSE = 4.544476e-11, Test pred MSE = 7.471787e-07, Param MSE = 7.701208e-06, Grad norm = 3.093169e-08, Beta update rate = 1.280262e-09
Epoch 690600 (13.8%): Train pred MSE = 4.534919e-11, Test pred MSE = 7.471774e-07, Param MSE = 7.701195e-06, Grad norm = 3.089849e-08, Beta update rate = 1.278858e-09
Epoch 690800 (13.8%): Train pred MSE = 4.525382e-11, Test pred MSE = 7.471761e-07, Param MSE = 7.701182e-06, Grad norm = 3.086531e-08, Beta update rate = 1.277456e-09
Epoch 691000 (13.8%): Train pred MSE = 4.515865e-11, Test pred MSE = 7.471749e-07, Param MSE = 7.701169e-06, Grad norm = 3.083218e-08, Beta update rate = 1.276056e-09
Epoch 691200 (13.8%): Train pred MSE = 4.506369e-11, Test pred MSE = 7.471736e-07, Param MSE = 7.701156e-06, Grad norm = 3.079908e-08, Beta update rate = 1.274657e-09
Epoch 691400 (13.8%): Train pred MSE = 4.496894e-11, Test pred MSE = 7.471723e-07, Param MSE = 7.701143e-06, Grad norm = 3.076603e-08, Beta update rate = 1.273260e-09
Epoch 691600 (13.8%): Train pred MSE = 4.487439e-11, Test pred MSE = 7.471710e-07, Param MSE = 7.701130e-06, Grad norm = 3.073300e-08, Beta update rate = 1.271865e-09
Epoch 691800 (13.8%): Train pred MSE = 4.478004e-11, Test pred MSE = 7.471698e-07, Param MSE = 7.701118e-06, Grad norm = 3.070002e-08, Beta update rate = 1.270471e-09
Epoch 692000 (13.8%): Train pred MSE = 4.468589e-11, Test pred MSE = 7.471685e-07, Param MSE = 7.701105e-06, Grad norm = 3.066707e-08, Beta update rate = 1.269079e-09
Epoch 692200 (13.8%): Train pred MSE = 4.459194e-11, Test pred MSE = 7.471672e-07, Param MSE = 7.701092e-06, Grad norm = 3.063416e-08, Beta update rate = 1.267688e-09
Epoch 692400 (13.8%): Train pred MSE = 4.449820e-11, Test pred MSE = 7.471660e-07, Param MSE = 7.701079e-06, Grad norm = 3.060129e-08, Beta update rate = 1.266299e-09
Epoch 692600 (13.9%): Train pred MSE = 4.440466e-11, Test pred MSE = 7.471647e-07, Param MSE = 7.701067e-06, Grad norm = 3.056845e-08, Beta update rate = 1.264912e-09
Epoch 692800 (13.9%): Train pred MSE = 4.431132e-11, Test pred MSE = 7.471634e-07, Param MSE = 7.701054e-06, Grad norm = 3.053565e-08, Beta update rate = 1.263526e-09
Epoch 693000 (13.9%): Train pred MSE = 4.421817e-11, Test pred MSE = 7.471622e-07, Param MSE = 7.701041e-06, Grad norm = 3.050289e-08, Beta update rate = 1.262142e-09
Epoch 693200 (13.9%): Train pred MSE = 4.412523e-11, Test pred MSE = 7.471609e-07, Param MSE = 7.701028e-06, Grad norm = 3.047017e-08, Beta update rate = 1.260760e-09
Epoch 693400 (13.9%): Train pred MSE = 4.403249e-11, Test pred MSE = 7.471596e-07, Param MSE = 7.701016e-06, Grad norm = 3.043748e-08, Beta update rate = 1.259379e-09
Epoch 693600 (13.9%): Train pred MSE = 4.393995e-11, Test pred MSE = 7.471584e-07, Param MSE = 7.701003e-06, Grad norm = 3.040483e-08, Beta update rate = 1.258000e-09
Epoch 693800 (13.9%): Train pred MSE = 4.384760e-11, Test pred MSE = 7.471571e-07, Param MSE = 7.700990e-06, Grad norm = 3.037221e-08, Beta update rate = 1.256622e-09
Epoch 694000 (13.9%): Train pred MSE = 4.375545e-11, Test pred MSE = 7.471559e-07, Param MSE = 7.700978e-06, Grad norm = 3.033963e-08, Beta update rate = 1.255246e-09
Epoch 694200 (13.9%): Train pred MSE = 4.366350e-11, Test pred MSE = 7.471546e-07, Param MSE = 7.700965e-06, Grad norm = 3.030709e-08, Beta update rate = 1.253871e-09
Epoch 694400 (13.9%): Train pred MSE = 4.357175e-11, Test pred MSE = 7.471533e-07, Param MSE = 7.700952e-06, Grad norm = 3.027459e-08, Beta update rate = 1.252499e-09
Epoch 694600 (13.9%): Train pred MSE = 4.348019e-11, Test pred MSE = 7.471521e-07, Param MSE = 7.700940e-06, Grad norm = 3.024212e-08, Beta update rate = 1.251127e-09
Epoch 694800 (13.9%): Train pred MSE = 4.338883e-11, Test pred MSE = 7.471508e-07, Param MSE = 7.700927e-06, Grad norm = 3.020969e-08, Beta update rate = 1.249758e-09
Epoch 695000 (13.9%): Train pred MSE = 4.329767e-11, Test pred MSE = 7.471496e-07, Param MSE = 7.700915e-06, Grad norm = 3.017730e-08, Beta update rate = 1.248390e-09
Epoch 695200 (13.9%): Train pred MSE = 4.320670e-11, Test pred MSE = 7.471483e-07, Param MSE = 7.700902e-06, Grad norm = 3.014494e-08, Beta update rate = 1.247023e-09
Epoch 695400 (13.9%): Train pred MSE = 4.311593e-11, Test pred MSE = 7.471471e-07, Param MSE = 7.700890e-06, Grad norm = 3.011262e-08, Beta update rate = 1.245658e-09
Epoch 695600 (13.9%): Train pred MSE = 4.302535e-11, Test pred MSE = 7.471459e-07, Param MSE = 7.700877e-06, Grad norm = 3.008033e-08, Beta update rate = 1.244295e-09
Epoch 695800 (13.9%): Train pred MSE = 4.293496e-11, Test pred MSE = 7.471446e-07, Param MSE = 7.700865e-06, Grad norm = 3.004808e-08, Beta update rate = 1.242933e-09
Epoch 696000 (13.9%): Train pred MSE = 4.284477e-11, Test pred MSE = 7.471434e-07, Param MSE = 7.700852e-06, Grad norm = 3.001587e-08, Beta update rate = 1.241573e-09
Epoch 696200 (13.9%): Train pred MSE = 4.275477e-11, Test pred MSE = 7.471421e-07, Param MSE = 7.700840e-06, Grad norm = 2.998369e-08, Beta update rate = 1.240215e-09
Epoch 696400 (13.9%): Train pred MSE = 4.266497e-11, Test pred MSE = 7.471409e-07, Param MSE = 7.700827e-06, Grad norm = 2.995155e-08, Beta update rate = 1.238858e-09
Epoch 696600 (13.9%): Train pred MSE = 4.257536e-11, Test pred MSE = 7.471397e-07, Param MSE = 7.700815e-06, Grad norm = 2.991945e-08, Beta update rate = 1.237502e-09
Epoch 696800 (13.9%): Train pred MSE = 4.248594e-11, Test pred MSE = 7.471384e-07, Param MSE = 7.700802e-06, Grad norm = 2.988738e-08, Beta update rate = 1.236148e-09
Epoch 697000 (13.9%): Train pred MSE = 4.239671e-11, Test pred MSE = 7.471372e-07, Param MSE = 7.700790e-06, Grad norm = 2.985535e-08, Beta update rate = 1.234796e-09
Epoch 697200 (13.9%): Train pred MSE = 4.230767e-11, Test pred MSE = 7.471360e-07, Param MSE = 7.700778e-06, Grad norm = 2.982335e-08, Beta update rate = 1.233445e-09
Epoch 697400 (13.9%): Train pred MSE = 4.221882e-11, Test pred MSE = 7.471347e-07, Param MSE = 7.700765e-06, Grad norm = 2.979139e-08, Beta update rate = 1.232096e-09
Epoch 697600 (14.0%): Train pred MSE = 4.213016e-11, Test pred MSE = 7.471335e-07, Param MSE = 7.700753e-06, Grad norm = 2.975947e-08, Beta update rate = 1.230749e-09
Epoch 697800 (14.0%): Train pred MSE = 4.204170e-11, Test pred MSE = 7.471323e-07, Param MSE = 7.700741e-06, Grad norm = 2.972758e-08, Beta update rate = 1.229403e-09
Epoch 698000 (14.0%): Train pred MSE = 4.195342e-11, Test pred MSE = 7.471310e-07, Param MSE = 7.700728e-06, Grad norm = 2.969573e-08, Beta update rate = 1.228058e-09
Epoch 698200 (14.0%): Train pred MSE = 4.186533e-11, Test pred MSE = 7.471298e-07, Param MSE = 7.700716e-06, Grad norm = 2.966391e-08, Beta update rate = 1.226716e-09
Epoch 698400 (14.0%): Train pred MSE = 4.177743e-11, Test pred MSE = 7.471286e-07, Param MSE = 7.700704e-06, Grad norm = 2.963213e-08, Beta update rate = 1.225374e-09
Epoch 698600 (14.0%): Train pred MSE = 4.168972e-11, Test pred MSE = 7.471274e-07, Param MSE = 7.700691e-06, Grad norm = 2.960039e-08, Beta update rate = 1.224035e-09
Epoch 698800 (14.0%): Train pred MSE = 4.160220e-11, Test pred MSE = 7.471262e-07, Param MSE = 7.700679e-06, Grad norm = 2.956868e-08, Beta update rate = 1.222696e-09
Epoch 699000 (14.0%): Train pred MSE = 4.151486e-11, Test pred MSE = 7.471249e-07, Param MSE = 7.700667e-06, Grad norm = 2.953701e-08, Beta update rate = 1.221360e-09
Epoch 699200 (14.0%): Train pred MSE = 4.142771e-11, Test pred MSE = 7.471237e-07, Param MSE = 7.700655e-06, Grad norm = 2.950537e-08, Beta update rate = 1.220025e-09
Epoch 699400 (14.0%): Train pred MSE = 4.134075e-11, Test pred MSE = 7.471225e-07, Param MSE = 7.700642e-06, Grad norm = 2.947377e-08, Beta update rate = 1.218691e-09
Epoch 699600 (14.0%): Train pred MSE = 4.125397e-11, Test pred MSE = 7.471213e-07, Param MSE = 7.700630e-06, Grad norm = 2.944220e-08, Beta update rate = 1.217359e-09
Epoch 699800 (14.0%): Train pred MSE = 4.116738e-11, Test pred MSE = 7.471201e-07, Param MSE = 7.700618e-06, Grad norm = 2.941067e-08, Beta update rate = 1.216029e-09
Epoch 700000 (14.0%): Train pred MSE = 4.108098e-11, Test pred MSE = 7.471189e-07, Param MSE = 7.700606e-06, Grad norm = 2.937917e-08, Beta update rate = 1.214700e-09
Epoch 700200 (14.0%): Train pred MSE = 4.099475e-11, Test pred MSE = 7.471177e-07, Param MSE = 7.700594e-06, Grad norm = 2.934771e-08, Beta update rate = 1.213372e-09
Epoch 700400 (14.0%): Train pred MSE = 4.090872e-11, Test pred MSE = 7.471165e-07, Param MSE = 7.700582e-06, Grad norm = 2.931629e-08, Beta update rate = 1.212047e-09
Epoch 700600 (14.0%): Train pred MSE = 4.082287e-11, Test pred MSE = 7.471152e-07, Param MSE = 7.700569e-06, Grad norm = 2.928490e-08, Beta update rate = 1.210722e-09
Epoch 700800 (14.0%): Train pred MSE = 4.073720e-11, Test pred MSE = 7.471140e-07, Param MSE = 7.700557e-06, Grad norm = 2.925355e-08, Beta update rate = 1.209399e-09
Epoch 701000 (14.0%): Train pred MSE = 4.065171e-11, Test pred MSE = 7.471128e-07, Param MSE = 7.700545e-06, Grad norm = 2.922223e-08, Beta update rate = 1.208078e-09
Epoch 701200 (14.0%): Train pred MSE = 4.056641e-11, Test pred MSE = 7.471116e-07, Param MSE = 7.700533e-06, Grad norm = 2.919094e-08, Beta update rate = 1.206759e-09
Epoch 701400 (14.0%): Train pred MSE = 4.048129e-11, Test pred MSE = 7.471104e-07, Param MSE = 7.700521e-06, Grad norm = 2.915969e-08, Beta update rate = 1.205440e-09
Epoch 701600 (14.0%): Train pred MSE = 4.039636e-11, Test pred MSE = 7.471092e-07, Param MSE = 7.700509e-06, Grad norm = 2.912848e-08, Beta update rate = 1.204124e-09
Epoch 701800 (14.0%): Train pred MSE = 4.031160e-11, Test pred MSE = 7.471080e-07, Param MSE = 7.700497e-06, Grad norm = 2.909730e-08, Beta update rate = 1.202809e-09
Epoch 702000 (14.0%): Train pred MSE = 4.022703e-11, Test pred MSE = 7.471068e-07, Param MSE = 7.700485e-06, Grad norm = 2.906616e-08, Beta update rate = 1.201495e-09
Epoch 702200 (14.0%): Train pred MSE = 4.014263e-11, Test pred MSE = 7.471056e-07, Param MSE = 7.700473e-06, Grad norm = 2.903505e-08, Beta update rate = 1.200183e-09
Epoch 702400 (14.0%): Train pred MSE = 4.005842e-11, Test pred MSE = 7.471045e-07, Param MSE = 7.700461e-06, Grad norm = 2.900398e-08, Beta update rate = 1.198872e-09
Epoch 702600 (14.1%): Train pred MSE = 3.997439e-11, Test pred MSE = 7.471033e-07, Param MSE = 7.700449e-06, Grad norm = 2.897294e-08, Beta update rate = 1.197563e-09
Epoch 702800 (14.1%): Train pred MSE = 3.989054e-11, Test pred MSE = 7.471021e-07, Param MSE = 7.700437e-06, Grad norm = 2.894193e-08, Beta update rate = 1.196256e-09
Epoch 703000 (14.1%): Train pred MSE = 3.980686e-11, Test pred MSE = 7.471009e-07, Param MSE = 7.700425e-06, Grad norm = 2.891096e-08, Beta update rate = 1.194950e-09
Epoch 703200 (14.1%): Train pred MSE = 3.972337e-11, Test pred MSE = 7.470997e-07, Param MSE = 7.700413e-06, Grad norm = 2.888003e-08, Beta update rate = 1.193645e-09
Epoch 703400 (14.1%): Train pred MSE = 3.964005e-11, Test pred MSE = 7.470985e-07, Param MSE = 7.700401e-06, Grad norm = 2.884913e-08, Beta update rate = 1.192342e-09
Epoch 703600 (14.1%): Train pred MSE = 3.955692e-11, Test pred MSE = 7.470973e-07, Param MSE = 7.700389e-06, Grad norm = 2.881827e-08, Beta update rate = 1.191041e-09
Epoch 703800 (14.1%): Train pred MSE = 3.947396e-11, Test pred MSE = 7.470961e-07, Param MSE = 7.700377e-06, Grad norm = 2.878744e-08, Beta update rate = 1.189741e-09
Epoch 704000 (14.1%): Train pred MSE = 3.939117e-11, Test pred MSE = 7.470950e-07, Param MSE = 7.700366e-06, Grad norm = 2.875664e-08, Beta update rate = 1.188443e-09
Epoch 704200 (14.1%): Train pred MSE = 3.930857e-11, Test pred MSE = 7.470938e-07, Param MSE = 7.700354e-06, Grad norm = 2.872588e-08, Beta update rate = 1.187146e-09
Epoch 704400 (14.1%): Train pred MSE = 3.922614e-11, Test pred MSE = 7.470926e-07, Param MSE = 7.700342e-06, Grad norm = 2.869515e-08, Beta update rate = 1.185850e-09
Epoch 704600 (14.1%): Train pred MSE = 3.914389e-11, Test pred MSE = 7.470914e-07, Param MSE = 7.700330e-06, Grad norm = 2.866446e-08, Beta update rate = 1.184556e-09
Epoch 704800 (14.1%): Train pred MSE = 3.906181e-11, Test pred MSE = 7.470903e-07, Param MSE = 7.700318e-06, Grad norm = 2.863380e-08, Beta update rate = 1.183264e-09
Epoch 705000 (14.1%): Train pred MSE = 3.897991e-11, Test pred MSE = 7.470891e-07, Param MSE = 7.700306e-06, Grad norm = 2.860318e-08, Beta update rate = 1.181973e-09
Epoch 705200 (14.1%): Train pred MSE = 3.889818e-11, Test pred MSE = 7.470879e-07, Param MSE = 7.700295e-06, Grad norm = 2.857259e-08, Beta update rate = 1.180683e-09
Epoch 705400 (14.1%): Train pred MSE = 3.881663e-11, Test pred MSE = 7.470867e-07, Param MSE = 7.700283e-06, Grad norm = 2.854204e-08, Beta update rate = 1.179395e-09
Epoch 705600 (14.1%): Train pred MSE = 3.873525e-11, Test pred MSE = 7.470856e-07, Param MSE = 7.700271e-06, Grad norm = 2.851152e-08, Beta update rate = 1.178109e-09
Epoch 705800 (14.1%): Train pred MSE = 3.865405e-11, Test pred MSE = 7.470844e-07, Param MSE = 7.700259e-06, Grad norm = 2.848103e-08, Beta update rate = 1.176824e-09
Epoch 706000 (14.1%): Train pred MSE = 3.857302e-11, Test pred MSE = 7.470832e-07, Param MSE = 7.700248e-06, Grad norm = 2.845058e-08, Beta update rate = 1.175540e-09
Epoch 706200 (14.1%): Train pred MSE = 3.849217e-11, Test pred MSE = 7.470821e-07, Param MSE = 7.700236e-06, Grad norm = 2.842016e-08, Beta update rate = 1.174258e-09
Epoch 706400 (14.1%): Train pred MSE = 3.841148e-11, Test pred MSE = 7.470809e-07, Param MSE = 7.700224e-06, Grad norm = 2.838978e-08, Beta update rate = 1.172978e-09
Epoch 706600 (14.1%): Train pred MSE = 3.833097e-11, Test pred MSE = 7.470797e-07, Param MSE = 7.700213e-06, Grad norm = 2.835943e-08, Beta update rate = 1.171699e-09
Epoch 706800 (14.1%): Train pred MSE = 3.825063e-11, Test pred MSE = 7.470786e-07, Param MSE = 7.700201e-06, Grad norm = 2.832911e-08, Beta update rate = 1.170421e-09
Epoch 707000 (14.1%): Train pred MSE = 3.817046e-11, Test pred MSE = 7.470774e-07, Param MSE = 7.700189e-06, Grad norm = 2.829883e-08, Beta update rate = 1.169145e-09
Epoch 707200 (14.1%): Train pred MSE = 3.809047e-11, Test pred MSE = 7.470763e-07, Param MSE = 7.700178e-06, Grad norm = 2.826858e-08, Beta update rate = 1.167870e-09
Epoch 707400 (14.1%): Train pred MSE = 3.801064e-11, Test pred MSE = 7.470751e-07, Param MSE = 7.700166e-06, Grad norm = 2.823837e-08, Beta update rate = 1.166597e-09
Epoch 707600 (14.2%): Train pred MSE = 3.793099e-11, Test pred MSE = 7.470740e-07, Param MSE = 7.700154e-06, Grad norm = 2.820819e-08, Beta update rate = 1.165326e-09
Epoch 707800 (14.2%): Train pred MSE = 3.785150e-11, Test pred MSE = 7.470728e-07, Param MSE = 7.700143e-06, Grad norm = 2.817804e-08, Beta update rate = 1.164055e-09
Epoch 708000 (14.2%): Train pred MSE = 3.777219e-11, Test pred MSE = 7.470716e-07, Param MSE = 7.700131e-06, Grad norm = 2.814793e-08, Beta update rate = 1.162787e-09
Epoch 708200 (14.2%): Train pred MSE = 3.769304e-11, Test pred MSE = 7.470705e-07, Param MSE = 7.700120e-06, Grad norm = 2.811785e-08, Beta update rate = 1.161519e-09
Epoch 708400 (14.2%): Train pred MSE = 3.761407e-11, Test pred MSE = 7.470693e-07, Param MSE = 7.700108e-06, Grad norm = 2.808781e-08, Beta update rate = 1.160253e-09
Epoch 708600 (14.2%): Train pred MSE = 3.753526e-11, Test pred MSE = 7.470682e-07, Param MSE = 7.700096e-06, Grad norm = 2.805780e-08, Beta update rate = 1.158989e-09
Epoch 708800 (14.2%): Train pred MSE = 3.745662e-11, Test pred MSE = 7.470671e-07, Param MSE = 7.700085e-06, Grad norm = 2.802782e-08, Beta update rate = 1.157726e-09
Epoch 709000 (14.2%): Train pred MSE = 3.737815e-11, Test pred MSE = 7.470659e-07, Param MSE = 7.700073e-06, Grad norm = 2.799788e-08, Beta update rate = 1.156465e-09
Epoch 709200 (14.2%): Train pred MSE = 3.729985e-11, Test pred MSE = 7.470648e-07, Param MSE = 7.700062e-06, Grad norm = 2.796796e-08, Beta update rate = 1.155205e-09
Epoch 709400 (14.2%): Train pred MSE = 3.722171e-11, Test pred MSE = 7.470636e-07, Param MSE = 7.700050e-06, Grad norm = 2.793809e-08, Beta update rate = 1.153946e-09
Epoch 709600 (14.2%): Train pred MSE = 3.714374e-11, Test pred MSE = 7.470625e-07, Param MSE = 7.700039e-06, Grad norm = 2.790824e-08, Beta update rate = 1.152689e-09
Epoch 709800 (14.2%): Train pred MSE = 3.706594e-11, Test pred MSE = 7.470613e-07, Param MSE = 7.700028e-06, Grad norm = 2.787843e-08, Beta update rate = 1.151433e-09
Epoch 710000 (14.2%): Train pred MSE = 3.698830e-11, Test pred MSE = 7.470602e-07, Param MSE = 7.700016e-06, Grad norm = 2.784866e-08, Beta update rate = 1.150179e-09
Epoch 710200 (14.2%): Train pred MSE = 3.691083e-11, Test pred MSE = 7.470591e-07, Param MSE = 7.700005e-06, Grad norm = 2.781891e-08, Beta update rate = 1.148926e-09
Epoch 710400 (14.2%): Train pred MSE = 3.683352e-11, Test pred MSE = 7.470579e-07, Param MSE = 7.699993e-06, Grad norm = 2.778920e-08, Beta update rate = 1.147675e-09
Epoch 710600 (14.2%): Train pred MSE = 3.675638e-11, Test pred MSE = 7.470568e-07, Param MSE = 7.699982e-06, Grad norm = 2.775953e-08, Beta update rate = 1.146425e-09
Epoch 710800 (14.2%): Train pred MSE = 3.667940e-11, Test pred MSE = 7.470557e-07, Param MSE = 7.699970e-06, Grad norm = 2.772988e-08, Beta update rate = 1.145177e-09
Epoch 711000 (14.2%): Train pred MSE = 3.660259e-11, Test pred MSE = 7.470545e-07, Param MSE = 7.699959e-06, Grad norm = 2.770027e-08, Beta update rate = 1.143930e-09
Epoch 711200 (14.2%): Train pred MSE = 3.652594e-11, Test pred MSE = 7.470534e-07, Param MSE = 7.699948e-06, Grad norm = 2.767070e-08, Beta update rate = 1.142684e-09
Epoch 711400 (14.2%): Train pred MSE = 3.644946e-11, Test pred MSE = 7.470523e-07, Param MSE = 7.699936e-06, Grad norm = 2.764115e-08, Beta update rate = 1.141440e-09
Epoch 711600 (14.2%): Train pred MSE = 3.637314e-11, Test pred MSE = 7.470511e-07, Param MSE = 7.699925e-06, Grad norm = 2.761164e-08, Beta update rate = 1.140198e-09
Epoch 711800 (14.2%): Train pred MSE = 3.629698e-11, Test pred MSE = 7.470500e-07, Param MSE = 7.699914e-06, Grad norm = 2.758216e-08, Beta update rate = 1.138956e-09
Epoch 712000 (14.2%): Train pred MSE = 3.622099e-11, Test pred MSE = 7.470489e-07, Param MSE = 7.699902e-06, Grad norm = 2.755272e-08, Beta update rate = 1.137717e-09
Epoch 712200 (14.2%): Train pred MSE = 3.614515e-11, Test pred MSE = 7.470478e-07, Param MSE = 7.699891e-06, Grad norm = 2.752331e-08, Beta update rate = 1.136478e-09
Epoch 712400 (14.2%): Train pred MSE = 3.606948e-11, Test pred MSE = 7.470467e-07, Param MSE = 7.699880e-06, Grad norm = 2.749393e-08, Beta update rate = 1.135241e-09
Epoch 712600 (14.3%): Train pred MSE = 3.599397e-11, Test pred MSE = 7.470455e-07, Param MSE = 7.699869e-06, Grad norm = 2.746458e-08, Beta update rate = 1.134006e-09
Epoch 712800 (14.3%): Train pred MSE = 3.591862e-11, Test pred MSE = 7.470444e-07, Param MSE = 7.699857e-06, Grad norm = 2.743527e-08, Beta update rate = 1.132772e-09
Epoch 713000 (14.3%): Train pred MSE = 3.584343e-11, Test pred MSE = 7.470433e-07, Param MSE = 7.699846e-06, Grad norm = 2.740599e-08, Beta update rate = 1.131539e-09
Epoch 713200 (14.3%): Train pred MSE = 3.576840e-11, Test pred MSE = 7.470422e-07, Param MSE = 7.699835e-06, Grad norm = 2.737674e-08, Beta update rate = 1.130308e-09
Epoch 713400 (14.3%): Train pred MSE = 3.569354e-11, Test pred MSE = 7.470411e-07, Param MSE = 7.699824e-06, Grad norm = 2.734752e-08, Beta update rate = 1.129078e-09
Epoch 713600 (14.3%): Train pred MSE = 3.561883e-11, Test pred MSE = 7.470400e-07, Param MSE = 7.699813e-06, Grad norm = 2.731834e-08, Beta update rate = 1.127849e-09
Epoch 713800 (14.3%): Train pred MSE = 3.554428e-11, Test pred MSE = 7.470388e-07, Param MSE = 7.699801e-06, Grad norm = 2.728919e-08, Beta update rate = 1.126622e-09
Epoch 714000 (14.3%): Train pred MSE = 3.546989e-11, Test pred MSE = 7.470377e-07, Param MSE = 7.699790e-06, Grad norm = 2.726007e-08, Beta update rate = 1.125397e-09
Epoch 714200 (14.3%): Train pred MSE = 3.539566e-11, Test pred MSE = 7.470366e-07, Param MSE = 7.699779e-06, Grad norm = 2.723099e-08, Beta update rate = 1.124173e-09
Epoch 714400 (14.3%): Train pred MSE = 3.532158e-11, Test pred MSE = 7.470355e-07, Param MSE = 7.699768e-06, Grad norm = 2.720193e-08, Beta update rate = 1.122950e-09
Epoch 714600 (14.3%): Train pred MSE = 3.524767e-11, Test pred MSE = 7.470344e-07, Param MSE = 7.699757e-06, Grad norm = 2.717291e-08, Beta update rate = 1.121728e-09
Epoch 714800 (14.3%): Train pred MSE = 3.517391e-11, Test pred MSE = 7.470333e-07, Param MSE = 7.699746e-06, Grad norm = 2.714393e-08, Beta update rate = 1.120508e-09
Epoch 715000 (14.3%): Train pred MSE = 3.510031e-11, Test pred MSE = 7.470322e-07, Param MSE = 7.699735e-06, Grad norm = 2.711497e-08, Beta update rate = 1.119290e-09
Epoch 715200 (14.3%): Train pred MSE = 3.502687e-11, Test pred MSE = 7.470311e-07, Param MSE = 7.699724e-06, Grad norm = 2.708605e-08, Beta update rate = 1.118073e-09
Epoch 715400 (14.3%): Train pred MSE = 3.495358e-11, Test pred MSE = 7.470300e-07, Param MSE = 7.699712e-06, Grad norm = 2.705716e-08, Beta update rate = 1.116857e-09
Epoch 715600 (14.3%): Train pred MSE = 3.488045e-11, Test pred MSE = 7.470289e-07, Param MSE = 7.699701e-06, Grad norm = 2.702830e-08, Beta update rate = 1.115643e-09
Epoch 715800 (14.3%): Train pred MSE = 3.480748e-11, Test pred MSE = 7.470278e-07, Param MSE = 7.699690e-06, Grad norm = 2.699947e-08, Beta update rate = 1.114430e-09
Epoch 716000 (14.3%): Train pred MSE = 3.473466e-11, Test pred MSE = 7.470267e-07, Param MSE = 7.699679e-06, Grad norm = 2.697068e-08, Beta update rate = 1.113218e-09
Epoch 716200 (14.3%): Train pred MSE = 3.466199e-11, Test pred MSE = 7.470256e-07, Param MSE = 7.699668e-06, Grad norm = 2.694192e-08, Beta update rate = 1.112008e-09
Epoch 716400 (14.3%): Train pred MSE = 3.458949e-11, Test pred MSE = 7.470245e-07, Param MSE = 7.699657e-06, Grad norm = 2.691319e-08, Beta update rate = 1.110799e-09
Epoch 716600 (14.3%): Train pred MSE = 3.451713e-11, Test pred MSE = 7.470234e-07, Param MSE = 7.699646e-06, Grad norm = 2.688449e-08, Beta update rate = 1.109592e-09
Epoch 716800 (14.3%): Train pred MSE = 3.444493e-11, Test pred MSE = 7.470223e-07, Param MSE = 7.699635e-06, Grad norm = 2.685583e-08, Beta update rate = 1.108386e-09
Epoch 717000 (14.3%): Train pred MSE = 3.437289e-11, Test pred MSE = 7.470212e-07, Param MSE = 7.699624e-06, Grad norm = 2.682719e-08, Beta update rate = 1.107181e-09
Epoch 717200 (14.3%): Train pred MSE = 3.430099e-11, Test pred MSE = 7.470201e-07, Param MSE = 7.699613e-06, Grad norm = 2.679859e-08, Beta update rate = 1.105978e-09
Epoch 717400 (14.3%): Train pred MSE = 3.422925e-11, Test pred MSE = 7.470191e-07, Param MSE = 7.699603e-06, Grad norm = 2.677002e-08, Beta update rate = 1.104776e-09
Epoch 717600 (14.4%): Train pred MSE = 3.415767e-11, Test pred MSE = 7.470180e-07, Param MSE = 7.699592e-06, Grad norm = 2.674148e-08, Beta update rate = 1.103576e-09
Epoch 717800 (14.4%): Train pred MSE = 3.408623e-11, Test pred MSE = 7.470169e-07, Param MSE = 7.699581e-06, Grad norm = 2.671298e-08, Beta update rate = 1.102376e-09
Epoch 718000 (14.4%): Train pred MSE = 3.401495e-11, Test pred MSE = 7.470158e-07, Param MSE = 7.699570e-06, Grad norm = 2.668451e-08, Beta update rate = 1.101179e-09
Epoch 718200 (14.4%): Train pred MSE = 3.394382e-11, Test pred MSE = 7.470147e-07, Param MSE = 7.699559e-06, Grad norm = 2.665606e-08, Beta update rate = 1.099982e-09
Epoch 718400 (14.4%): Train pred MSE = 3.387284e-11, Test pred MSE = 7.470136e-07, Param MSE = 7.699548e-06, Grad norm = 2.662765e-08, Beta update rate = 1.098787e-09
Epoch 718600 (14.4%): Train pred MSE = 3.380202e-11, Test pred MSE = 7.470126e-07, Param MSE = 7.699537e-06, Grad norm = 2.659927e-08, Beta update rate = 1.097594e-09
Epoch 718800 (14.4%): Train pred MSE = 3.373134e-11, Test pred MSE = 7.470115e-07, Param MSE = 7.699526e-06, Grad norm = 2.657093e-08, Beta update rate = 1.096402e-09
Epoch 719000 (14.4%): Train pred MSE = 3.366081e-11, Test pred MSE = 7.470104e-07, Param MSE = 7.699516e-06, Grad norm = 2.654261e-08, Beta update rate = 1.095211e-09
Epoch 719200 (14.4%): Train pred MSE = 3.359044e-11, Test pred MSE = 7.470093e-07, Param MSE = 7.699505e-06, Grad norm = 2.651433e-08, Beta update rate = 1.094021e-09
Epoch 719400 (14.4%): Train pred MSE = 3.352021e-11, Test pred MSE = 7.470083e-07, Param MSE = 7.699494e-06, Grad norm = 2.648608e-08, Beta update rate = 1.092833e-09
Epoch 719600 (14.4%): Train pred MSE = 3.345014e-11, Test pred MSE = 7.470072e-07, Param MSE = 7.699483e-06, Grad norm = 2.645785e-08, Beta update rate = 1.091646e-09
Epoch 719800 (14.4%): Train pred MSE = 3.338021e-11, Test pred MSE = 7.470061e-07, Param MSE = 7.699472e-06, Grad norm = 2.642967e-08, Beta update rate = 1.090461e-09
Epoch 720000 (14.4%): Train pred MSE = 3.331043e-11, Test pred MSE = 7.470050e-07, Param MSE = 7.699462e-06, Grad norm = 2.640151e-08, Beta update rate = 1.089277e-09
Epoch 720200 (14.4%): Train pred MSE = 3.324080e-11, Test pred MSE = 7.470040e-07, Param MSE = 7.699451e-06, Grad norm = 2.637338e-08, Beta update rate = 1.088094e-09
Epoch 720400 (14.4%): Train pred MSE = 3.317132e-11, Test pred MSE = 7.470029e-07, Param MSE = 7.699440e-06, Grad norm = 2.634529e-08, Beta update rate = 1.086913e-09
Epoch 720600 (14.4%): Train pred MSE = 3.310199e-11, Test pred MSE = 7.470018e-07, Param MSE = 7.699429e-06, Grad norm = 2.631722e-08, Beta update rate = 1.085733e-09
Epoch 720800 (14.4%): Train pred MSE = 3.303281e-11, Test pred MSE = 7.470008e-07, Param MSE = 7.699419e-06, Grad norm = 2.628919e-08, Beta update rate = 1.084555e-09
Epoch 721000 (14.4%): Train pred MSE = 3.296377e-11, Test pred MSE = 7.469997e-07, Param MSE = 7.699408e-06, Grad norm = 2.626119e-08, Beta update rate = 1.083377e-09
Epoch 721200 (14.4%): Train pred MSE = 3.289488e-11, Test pred MSE = 7.469986e-07, Param MSE = 7.699397e-06, Grad norm = 2.623322e-08, Beta update rate = 1.082201e-09
Epoch 721400 (14.4%): Train pred MSE = 3.282613e-11, Test pred MSE = 7.469976e-07, Param MSE = 7.699387e-06, Grad norm = 2.620528e-08, Beta update rate = 1.081027e-09
Epoch 721600 (14.4%): Train pred MSE = 3.275753e-11, Test pred MSE = 7.469965e-07, Param MSE = 7.699376e-06, Grad norm = 2.617737e-08, Beta update rate = 1.079854e-09
Epoch 721800 (14.4%): Train pred MSE = 3.268908e-11, Test pred MSE = 7.469955e-07, Param MSE = 7.699365e-06, Grad norm = 2.614950e-08, Beta update rate = 1.078682e-09
Epoch 722000 (14.4%): Train pred MSE = 3.262078e-11, Test pred MSE = 7.469944e-07, Param MSE = 7.699355e-06, Grad norm = 2.612165e-08, Beta update rate = 1.077511e-09
Epoch 722200 (14.4%): Train pred MSE = 3.255261e-11, Test pred MSE = 7.469934e-07, Param MSE = 7.699344e-06, Grad norm = 2.609384e-08, Beta update rate = 1.076342e-09
Epoch 722400 (14.4%): Train pred MSE = 3.248460e-11, Test pred MSE = 7.469923e-07, Param MSE = 7.699334e-06, Grad norm = 2.606605e-08, Beta update rate = 1.075174e-09
Epoch 722600 (14.5%): Train pred MSE = 3.241673e-11, Test pred MSE = 7.469912e-07, Param MSE = 7.699323e-06, Grad norm = 2.603830e-08, Beta update rate = 1.074008e-09
Epoch 722800 (14.5%): Train pred MSE = 3.234900e-11, Test pred MSE = 7.469902e-07, Param MSE = 7.699312e-06, Grad norm = 2.601058e-08, Beta update rate = 1.072843e-09
Epoch 723000 (14.5%): Train pred MSE = 3.228142e-11, Test pred MSE = 7.469891e-07, Param MSE = 7.699302e-06, Grad norm = 2.598289e-08, Beta update rate = 1.071679e-09
Epoch 723200 (14.5%): Train pred MSE = 3.221398e-11, Test pred MSE = 7.469881e-07, Param MSE = 7.699291e-06, Grad norm = 2.595523e-08, Beta update rate = 1.070516e-09
Epoch 723400 (14.5%): Train pred MSE = 3.214669e-11, Test pred MSE = 7.469870e-07, Param MSE = 7.699281e-06, Grad norm = 2.592760e-08, Beta update rate = 1.069355e-09
Epoch 723600 (14.5%): Train pred MSE = 3.207953e-11, Test pred MSE = 7.469860e-07, Param MSE = 7.699270e-06, Grad norm = 2.590000e-08, Beta update rate = 1.068195e-09
Epoch 723800 (14.5%): Train pred MSE = 3.201252e-11, Test pred MSE = 7.469850e-07, Param MSE = 7.699260e-06, Grad norm = 2.587243e-08, Beta update rate = 1.067037e-09
Epoch 724000 (14.5%): Train pred MSE = 3.194566e-11, Test pred MSE = 7.469839e-07, Param MSE = 7.699249e-06, Grad norm = 2.584490e-08, Beta update rate = 1.065880e-09
Epoch 724200 (14.5%): Train pred MSE = 3.187893e-11, Test pred MSE = 7.469829e-07, Param MSE = 7.699239e-06, Grad norm = 2.581739e-08, Beta update rate = 1.064724e-09
Epoch 724400 (14.5%): Train pred MSE = 3.181235e-11, Test pred MSE = 7.469818e-07, Param MSE = 7.699228e-06, Grad norm = 2.578991e-08, Beta update rate = 1.063570e-09
Epoch 724600 (14.5%): Train pred MSE = 3.174591e-11, Test pred MSE = 7.469808e-07, Param MSE = 7.699218e-06, Grad norm = 2.576247e-08, Beta update rate = 1.062416e-09
Epoch 724800 (14.5%): Train pred MSE = 3.167961e-11, Test pred MSE = 7.469797e-07, Param MSE = 7.699207e-06, Grad norm = 2.573505e-08, Beta update rate = 1.061264e-09
Epoch 725000 (14.5%): Train pred MSE = 3.161345e-11, Test pred MSE = 7.469787e-07, Param MSE = 7.699197e-06, Grad norm = 2.570767e-08, Beta update rate = 1.060114e-09
Epoch 725200 (14.5%): Train pred MSE = 3.154744e-11, Test pred MSE = 7.469777e-07, Param MSE = 7.699187e-06, Grad norm = 2.568032e-08, Beta update rate = 1.058965e-09
Epoch 725400 (14.5%): Train pred MSE = 3.148156e-11, Test pred MSE = 7.469766e-07, Param MSE = 7.699176e-06, Grad norm = 2.565299e-08, Beta update rate = 1.057817e-09
Epoch 725600 (14.5%): Train pred MSE = 3.141582e-11, Test pred MSE = 7.469756e-07, Param MSE = 7.699166e-06, Grad norm = 2.562570e-08, Beta update rate = 1.056670e-09
Epoch 725800 (14.5%): Train pred MSE = 3.135022e-11, Test pred MSE = 7.469746e-07, Param MSE = 7.699155e-06, Grad norm = 2.559844e-08, Beta update rate = 1.055525e-09
Epoch 726000 (14.5%): Train pred MSE = 3.128477e-11, Test pred MSE = 7.469735e-07, Param MSE = 7.699145e-06, Grad norm = 2.557121e-08, Beta update rate = 1.054381e-09
Epoch 726200 (14.5%): Train pred MSE = 3.121945e-11, Test pred MSE = 7.469725e-07, Param MSE = 7.699135e-06, Grad norm = 2.554400e-08, Beta update rate = 1.053238e-09
Epoch 726400 (14.5%): Train pred MSE = 3.115427e-11, Test pred MSE = 7.469715e-07, Param MSE = 7.699124e-06, Grad norm = 2.551683e-08, Beta update rate = 1.052097e-09
Epoch 726600 (14.5%): Train pred MSE = 3.108923e-11, Test pred MSE = 7.469704e-07, Param MSE = 7.699114e-06, Grad norm = 2.548969e-08, Beta update rate = 1.050957e-09
Epoch 726800 (14.5%): Train pred MSE = 3.102432e-11, Test pred MSE = 7.469694e-07, Param MSE = 7.699104e-06, Grad norm = 2.546258e-08, Beta update rate = 1.049818e-09
Epoch 727000 (14.5%): Train pred MSE = 3.095956e-11, Test pred MSE = 7.469684e-07, Param MSE = 7.699093e-06, Grad norm = 2.543550e-08, Beta update rate = 1.048681e-09
Epoch 727200 (14.5%): Train pred MSE = 3.089493e-11, Test pred MSE = 7.469674e-07, Param MSE = 7.699083e-06, Grad norm = 2.540845e-08, Beta update rate = 1.047545e-09
Epoch 727400 (14.5%): Train pred MSE = 3.083044e-11, Test pred MSE = 7.469663e-07, Param MSE = 7.699073e-06, Grad norm = 2.538143e-08, Beta update rate = 1.046410e-09
Epoch 727600 (14.6%): Train pred MSE = 3.076609e-11, Test pred MSE = 7.469653e-07, Param MSE = 7.699063e-06, Grad norm = 2.535444e-08, Beta update rate = 1.045276e-09
Epoch 727800 (14.6%): Train pred MSE = 3.070187e-11, Test pred MSE = 7.469643e-07, Param MSE = 7.699052e-06, Grad norm = 2.532748e-08, Beta update rate = 1.044144e-09
Epoch 728000 (14.6%): Train pred MSE = 3.063779e-11, Test pred MSE = 7.469633e-07, Param MSE = 7.699042e-06, Grad norm = 2.530055e-08, Beta update rate = 1.043013e-09
Epoch 728200 (14.6%): Train pred MSE = 3.057385e-11, Test pred MSE = 7.469623e-07, Param MSE = 7.699032e-06, Grad norm = 2.527365e-08, Beta update rate = 1.041883e-09
Epoch 728400 (14.6%): Train pred MSE = 3.051004e-11, Test pred MSE = 7.469612e-07, Param MSE = 7.699022e-06, Grad norm = 2.524678e-08, Beta update rate = 1.040755e-09
Epoch 728600 (14.6%): Train pred MSE = 3.044637e-11, Test pred MSE = 7.469602e-07, Param MSE = 7.699011e-06, Grad norm = 2.521994e-08, Beta update rate = 1.039628e-09
Epoch 728800 (14.6%): Train pred MSE = 3.038284e-11, Test pred MSE = 7.469592e-07, Param MSE = 7.699001e-06, Grad norm = 2.519312e-08, Beta update rate = 1.038502e-09
Epoch 729000 (14.6%): Train pred MSE = 3.031943e-11, Test pred MSE = 7.469582e-07, Param MSE = 7.698991e-06, Grad norm = 2.516634e-08, Beta update rate = 1.037378e-09
Epoch 729200 (14.6%): Train pred MSE = 3.025617e-11, Test pred MSE = 7.469572e-07, Param MSE = 7.698981e-06, Grad norm = 2.513959e-08, Beta update rate = 1.036254e-09
Epoch 729400 (14.6%): Train pred MSE = 3.019303e-11, Test pred MSE = 7.469562e-07, Param MSE = 7.698971e-06, Grad norm = 2.511287e-08, Beta update rate = 1.035133e-09
Epoch 729600 (14.6%): Train pred MSE = 3.013004e-11, Test pred MSE = 7.469552e-07, Param MSE = 7.698961e-06, Grad norm = 2.508618e-08, Beta update rate = 1.034012e-09
Epoch 729800 (14.6%): Train pred MSE = 3.006717e-11, Test pred MSE = 7.469542e-07, Param MSE = 7.698950e-06, Grad norm = 2.505952e-08, Beta update rate = 1.032893e-09
Epoch 730000 (14.6%): Train pred MSE = 3.000444e-11, Test pred MSE = 7.469532e-07, Param MSE = 7.698940e-06, Grad norm = 2.503288e-08, Beta update rate = 1.031774e-09
Epoch 730200 (14.6%): Train pred MSE = 2.994184e-11, Test pred MSE = 7.469522e-07, Param MSE = 7.698930e-06, Grad norm = 2.500628e-08, Beta update rate = 1.030658e-09
Epoch 730400 (14.6%): Train pred MSE = 2.987938e-11, Test pred MSE = 7.469511e-07, Param MSE = 7.698920e-06, Grad norm = 2.497971e-08, Beta update rate = 1.029542e-09
Epoch 730600 (14.6%): Train pred MSE = 2.981705e-11, Test pred MSE = 7.469501e-07, Param MSE = 7.698910e-06, Grad norm = 2.495316e-08, Beta update rate = 1.028428e-09
Epoch 730800 (14.6%): Train pred MSE = 2.975485e-11, Test pred MSE = 7.469491e-07, Param MSE = 7.698900e-06, Grad norm = 2.492665e-08, Beta update rate = 1.027315e-09
Epoch 731000 (14.6%): Train pred MSE = 2.969278e-11, Test pred MSE = 7.469481e-07, Param MSE = 7.698890e-06, Grad norm = 2.490016e-08, Beta update rate = 1.026203e-09
Epoch 731200 (14.6%): Train pred MSE = 2.963085e-11, Test pred MSE = 7.469471e-07, Param MSE = 7.698880e-06, Grad norm = 2.487371e-08, Beta update rate = 1.025093e-09
Epoch 731400 (14.6%): Train pred MSE = 2.956904e-11, Test pred MSE = 7.469461e-07, Param MSE = 7.698870e-06, Grad norm = 2.484728e-08, Beta update rate = 1.023984e-09
Epoch 731600 (14.6%): Train pred MSE = 2.950737e-11, Test pred MSE = 7.469451e-07, Param MSE = 7.698860e-06, Grad norm = 2.482088e-08, Beta update rate = 1.022876e-09
Epoch 731800 (14.6%): Train pred MSE = 2.944583e-11, Test pred MSE = 7.469442e-07, Param MSE = 7.698850e-06, Grad norm = 2.479452e-08, Beta update rate = 1.021769e-09
Epoch 732000 (14.6%): Train pred MSE = 2.938442e-11, Test pred MSE = 7.469432e-07, Param MSE = 7.698840e-06, Grad norm = 2.476818e-08, Beta update rate = 1.020664e-09
Epoch 732200 (14.6%): Train pred MSE = 2.932314e-11, Test pred MSE = 7.469422e-07, Param MSE = 7.698830e-06, Grad norm = 2.474187e-08, Beta update rate = 1.019560e-09
Epoch 732400 (14.6%): Train pred MSE = 2.926199e-11, Test pred MSE = 7.469412e-07, Param MSE = 7.698820e-06, Grad norm = 2.471559e-08, Beta update rate = 1.018457e-09
Epoch 732600 (14.7%): Train pred MSE = 2.920096e-11, Test pred MSE = 7.469402e-07, Param MSE = 7.698810e-06, Grad norm = 2.468934e-08, Beta update rate = 1.017355e-09
Epoch 732800 (14.7%): Train pred MSE = 2.914007e-11, Test pred MSE = 7.469392e-07, Param MSE = 7.698800e-06, Grad norm = 2.466312e-08, Beta update rate = 1.016255e-09
Epoch 733000 (14.7%): Train pred MSE = 2.907931e-11, Test pred MSE = 7.469382e-07, Param MSE = 7.698790e-06, Grad norm = 2.463692e-08, Beta update rate = 1.015156e-09
Epoch 733200 (14.7%): Train pred MSE = 2.901868e-11, Test pred MSE = 7.469372e-07, Param MSE = 7.698780e-06, Grad norm = 2.461076e-08, Beta update rate = 1.014058e-09
Epoch 733400 (14.7%): Train pred MSE = 2.895817e-11, Test pred MSE = 7.469362e-07, Param MSE = 7.698770e-06, Grad norm = 2.458463e-08, Beta update rate = 1.012961e-09
Epoch 733600 (14.7%): Train pred MSE = 2.889780e-11, Test pred MSE = 7.469352e-07, Param MSE = 7.698760e-06, Grad norm = 2.455852e-08, Beta update rate = 1.011866e-09
Epoch 733800 (14.7%): Train pred MSE = 2.883755e-11, Test pred MSE = 7.469343e-07, Param MSE = 7.698750e-06, Grad norm = 2.453244e-08, Beta update rate = 1.010772e-09
Epoch 734000 (14.7%): Train pred MSE = 2.877743e-11, Test pred MSE = 7.469333e-07, Param MSE = 7.698740e-06, Grad norm = 2.450640e-08, Beta update rate = 1.009679e-09
Epoch 734200 (14.7%): Train pred MSE = 2.871744e-11, Test pred MSE = 7.469323e-07, Param MSE = 7.698731e-06, Grad norm = 2.448038e-08, Beta update rate = 1.008587e-09
Epoch 734400 (14.7%): Train pred MSE = 2.865757e-11, Test pred MSE = 7.469313e-07, Param MSE = 7.698721e-06, Grad norm = 2.445439e-08, Beta update rate = 1.007497e-09
Epoch 734600 (14.7%): Train pred MSE = 2.859784e-11, Test pred MSE = 7.469303e-07, Param MSE = 7.698711e-06, Grad norm = 2.442843e-08, Beta update rate = 1.006408e-09
Epoch 734800 (14.7%): Train pred MSE = 2.853823e-11, Test pred MSE = 7.469294e-07, Param MSE = 7.698701e-06, Grad norm = 2.440249e-08, Beta update rate = 1.005320e-09
Epoch 735000 (14.7%): Train pred MSE = 2.847874e-11, Test pred MSE = 7.469284e-07, Param MSE = 7.698691e-06, Grad norm = 2.437659e-08, Beta update rate = 1.004234e-09
Epoch 735200 (14.7%): Train pred MSE = 2.841938e-11, Test pred MSE = 7.469274e-07, Param MSE = 7.698682e-06, Grad norm = 2.435072e-08, Beta update rate = 1.003148e-09
Epoch 735400 (14.7%): Train pred MSE = 2.836015e-11, Test pred MSE = 7.469264e-07, Param MSE = 7.698672e-06, Grad norm = 2.432487e-08, Beta update rate = 1.002064e-09
Epoch 735600 (14.7%): Train pred MSE = 2.830104e-11, Test pred MSE = 7.469255e-07, Param MSE = 7.698662e-06, Grad norm = 2.429905e-08, Beta update rate = 1.000981e-09
Epoch 735800 (14.7%): Train pred MSE = 2.824206e-11, Test pred MSE = 7.469245e-07, Param MSE = 7.698652e-06, Grad norm = 2.427326e-08, Beta update rate = 9.998995e-10
Epoch 736000 (14.7%): Train pred MSE = 2.818321e-11, Test pred MSE = 7.469235e-07, Param MSE = 7.698642e-06, Grad norm = 2.424750e-08, Beta update rate = 9.988191e-10
Epoch 736200 (14.7%): Train pred MSE = 2.812448e-11, Test pred MSE = 7.469225e-07, Param MSE = 7.698633e-06, Grad norm = 2.422177e-08, Beta update rate = 9.977399e-10
Epoch 736400 (14.7%): Train pred MSE = 2.806587e-11, Test pred MSE = 7.469216e-07, Param MSE = 7.698623e-06, Grad norm = 2.419607e-08, Beta update rate = 9.966619e-10
Epoch 736600 (14.7%): Train pred MSE = 2.800739e-11, Test pred MSE = 7.469206e-07, Param MSE = 7.698613e-06, Grad norm = 2.417039e-08, Beta update rate = 9.955852e-10
Epoch 736800 (14.7%): Train pred MSE = 2.794903e-11, Test pred MSE = 7.469196e-07, Param MSE = 7.698604e-06, Grad norm = 2.414475e-08, Beta update rate = 9.945097e-10
Epoch 737000 (14.7%): Train pred MSE = 2.789079e-11, Test pred MSE = 7.469187e-07, Param MSE = 7.698594e-06, Grad norm = 2.411913e-08, Beta update rate = 9.934354e-10
Epoch 737200 (14.7%): Train pred MSE = 2.783268e-11, Test pred MSE = 7.469177e-07, Param MSE = 7.698584e-06, Grad norm = 2.409354e-08, Beta update rate = 9.923623e-10
Epoch 737400 (14.7%): Train pred MSE = 2.777469e-11, Test pred MSE = 7.469168e-07, Param MSE = 7.698574e-06, Grad norm = 2.406798e-08, Beta update rate = 9.912905e-10
Epoch 737600 (14.8%): Train pred MSE = 2.771683e-11, Test pred MSE = 7.469158e-07, Param MSE = 7.698565e-06, Grad norm = 2.404245e-08, Beta update rate = 9.902199e-10
Epoch 737800 (14.8%): Train pred MSE = 2.765909e-11, Test pred MSE = 7.469148e-07, Param MSE = 7.698555e-06, Grad norm = 2.401694e-08, Beta update rate = 9.891504e-10
Epoch 738000 (14.8%): Train pred MSE = 2.760147e-11, Test pred MSE = 7.469139e-07, Param MSE = 7.698546e-06, Grad norm = 2.399147e-08, Beta update rate = 9.880823e-10
Epoch 738200 (14.8%): Train pred MSE = 2.754397e-11, Test pred MSE = 7.469129e-07, Param MSE = 7.698536e-06, Grad norm = 2.396602e-08, Beta update rate = 9.870153e-10
Epoch 738400 (14.8%): Train pred MSE = 2.748659e-11, Test pred MSE = 7.469120e-07, Param MSE = 7.698526e-06, Grad norm = 2.394060e-08, Beta update rate = 9.859495e-10
Epoch 738600 (14.8%): Train pred MSE = 2.742934e-11, Test pred MSE = 7.469110e-07, Param MSE = 7.698517e-06, Grad norm = 2.391521e-08, Beta update rate = 9.848850e-10
Epoch 738800 (14.8%): Train pred MSE = 2.737221e-11, Test pred MSE = 7.469101e-07, Param MSE = 7.698507e-06, Grad norm = 2.388984e-08, Beta update rate = 9.838217e-10
Epoch 739000 (14.8%): Train pred MSE = 2.731520e-11, Test pred MSE = 7.469091e-07, Param MSE = 7.698498e-06, Grad norm = 2.386451e-08, Beta update rate = 9.827595e-10
Epoch 739200 (14.8%): Train pred MSE = 2.725831e-11, Test pred MSE = 7.469081e-07, Param MSE = 7.698488e-06, Grad norm = 2.383920e-08, Beta update rate = 9.816986e-10
Epoch 739400 (14.8%): Train pred MSE = 2.720154e-11, Test pred MSE = 7.469072e-07, Param MSE = 7.698478e-06, Grad norm = 2.381392e-08, Beta update rate = 9.806389e-10
Epoch 739600 (14.8%): Train pred MSE = 2.714489e-11, Test pred MSE = 7.469062e-07, Param MSE = 7.698469e-06, Grad norm = 2.378867e-08, Beta update rate = 9.795804e-10
Epoch 739800 (14.8%): Train pred MSE = 2.708836e-11, Test pred MSE = 7.469053e-07, Param MSE = 7.698459e-06, Grad norm = 2.376345e-08, Beta update rate = 9.785231e-10
Epoch 740000 (14.8%): Train pred MSE = 2.703195e-11, Test pred MSE = 7.469044e-07, Param MSE = 7.698450e-06, Grad norm = 2.373825e-08, Beta update rate = 9.774670e-10
Epoch 740200 (14.8%): Train pred MSE = 2.697566e-11, Test pred MSE = 7.469034e-07, Param MSE = 7.698440e-06, Grad norm = 2.371309e-08, Beta update rate = 9.764121e-10
Epoch 740400 (14.8%): Train pred MSE = 2.691949e-11, Test pred MSE = 7.469025e-07, Param MSE = 7.698431e-06, Grad norm = 2.368795e-08, Beta update rate = 9.753585e-10
Epoch 740600 (14.8%): Train pred MSE = 2.686343e-11, Test pred MSE = 7.469015e-07, Param MSE = 7.698421e-06, Grad norm = 2.366283e-08, Beta update rate = 9.743060e-10
Epoch 740800 (14.8%): Train pred MSE = 2.680750e-11, Test pred MSE = 7.469006e-07, Param MSE = 7.698412e-06, Grad norm = 2.363775e-08, Beta update rate = 9.732547e-10
Epoch 741000 (14.8%): Train pred MSE = 2.675169e-11, Test pred MSE = 7.468996e-07, Param MSE = 7.698402e-06, Grad norm = 2.361269e-08, Beta update rate = 9.722046e-10
Epoch 741200 (14.8%): Train pred MSE = 2.669599e-11, Test pred MSE = 7.468987e-07, Param MSE = 7.698393e-06, Grad norm = 2.358767e-08, Beta update rate = 9.711557e-10
Epoch 741400 (14.8%): Train pred MSE = 2.664041e-11, Test pred MSE = 7.468978e-07, Param MSE = 7.698384e-06, Grad norm = 2.356266e-08, Beta update rate = 9.701080e-10
Epoch 741600 (14.8%): Train pred MSE = 2.658495e-11, Test pred MSE = 7.468968e-07, Param MSE = 7.698374e-06, Grad norm = 2.353769e-08, Beta update rate = 9.690614e-10
Epoch 741800 (14.8%): Train pred MSE = 2.652961e-11, Test pred MSE = 7.468959e-07, Param MSE = 7.698365e-06, Grad norm = 2.351275e-08, Beta update rate = 9.680161e-10
Epoch 742000 (14.8%): Train pred MSE = 2.647438e-11, Test pred MSE = 7.468949e-07, Param MSE = 7.698355e-06, Grad norm = 2.348783e-08, Beta update rate = 9.669720e-10
Epoch 742200 (14.8%): Train pred MSE = 2.641927e-11, Test pred MSE = 7.468940e-07, Param MSE = 7.698346e-06, Grad norm = 2.346294e-08, Beta update rate = 9.659290e-10
Epoch 742400 (14.8%): Train pred MSE = 2.636428e-11, Test pred MSE = 7.468931e-07, Param MSE = 7.698336e-06, Grad norm = 2.343807e-08, Beta update rate = 9.648872e-10
Epoch 742600 (14.9%): Train pred MSE = 2.630940e-11, Test pred MSE = 7.468921e-07, Param MSE = 7.698327e-06, Grad norm = 2.341324e-08, Beta update rate = 9.638466e-10
Epoch 742800 (14.9%): Train pred MSE = 2.625464e-11, Test pred MSE = 7.468912e-07, Param MSE = 7.698318e-06, Grad norm = 2.338843e-08, Beta update rate = 9.628072e-10
Epoch 743000 (14.9%): Train pred MSE = 2.620000e-11, Test pred MSE = 7.468903e-07, Param MSE = 7.698308e-06, Grad norm = 2.336365e-08, Beta update rate = 9.617690e-10
Epoch 743200 (14.9%): Train pred MSE = 2.614547e-11, Test pred MSE = 7.468893e-07, Param MSE = 7.698299e-06, Grad norm = 2.333890e-08, Beta update rate = 9.607320e-10
Epoch 743400 (14.9%): Train pred MSE = 2.609106e-11, Test pred MSE = 7.468884e-07, Param MSE = 7.698290e-06, Grad norm = 2.331417e-08, Beta update rate = 9.596961e-10
Epoch 743600 (14.9%): Train pred MSE = 2.603676e-11, Test pred MSE = 7.468875e-07, Param MSE = 7.698280e-06, Grad norm = 2.328947e-08, Beta update rate = 9.586614e-10
Epoch 743800 (14.9%): Train pred MSE = 2.598258e-11, Test pred MSE = 7.468866e-07, Param MSE = 7.698271e-06, Grad norm = 2.326480e-08, Beta update rate = 9.576279e-10
Epoch 744000 (14.9%): Train pred MSE = 2.592851e-11, Test pred MSE = 7.468856e-07, Param MSE = 7.698262e-06, Grad norm = 2.324016e-08, Beta update rate = 9.565955e-10
Epoch 744200 (14.9%): Train pred MSE = 2.587456e-11, Test pred MSE = 7.468847e-07, Param MSE = 7.698253e-06, Grad norm = 2.321554e-08, Beta update rate = 9.555644e-10
Epoch 744400 (14.9%): Train pred MSE = 2.582072e-11, Test pred MSE = 7.468838e-07, Param MSE = 7.698243e-06, Grad norm = 2.319095e-08, Beta update rate = 9.545344e-10
Epoch 744600 (14.9%): Train pred MSE = 2.576700e-11, Test pred MSE = 7.468829e-07, Param MSE = 7.698234e-06, Grad norm = 2.316639e-08, Beta update rate = 9.535056e-10
Epoch 744800 (14.9%): Train pred MSE = 2.571339e-11, Test pred MSE = 7.468820e-07, Param MSE = 7.698225e-06, Grad norm = 2.314186e-08, Beta update rate = 9.524779e-10
Epoch 745000 (14.9%): Train pred MSE = 2.565989e-11, Test pred MSE = 7.468810e-07, Param MSE = 7.698216e-06, Grad norm = 2.311735e-08, Beta update rate = 9.514514e-10
Epoch 745200 (14.9%): Train pred MSE = 2.560651e-11, Test pred MSE = 7.468801e-07, Param MSE = 7.698206e-06, Grad norm = 2.309287e-08, Beta update rate = 9.504261e-10
Epoch 745400 (14.9%): Train pred MSE = 2.555324e-11, Test pred MSE = 7.468792e-07, Param MSE = 7.698197e-06, Grad norm = 2.306841e-08, Beta update rate = 9.494019e-10
Epoch 745600 (14.9%): Train pred MSE = 2.550008e-11, Test pred MSE = 7.468783e-07, Param MSE = 7.698188e-06, Grad norm = 2.304399e-08, Beta update rate = 9.483789e-10
Epoch 745800 (14.9%): Train pred MSE = 2.544703e-11, Test pred MSE = 7.468774e-07, Param MSE = 7.698179e-06, Grad norm = 2.301959e-08, Beta update rate = 9.473571e-10
Epoch 746000 (14.9%): Train pred MSE = 2.539410e-11, Test pred MSE = 7.468765e-07, Param MSE = 7.698170e-06, Grad norm = 2.299521e-08, Beta update rate = 9.463364e-10
Epoch 746200 (14.9%): Train pred MSE = 2.534128e-11, Test pred MSE = 7.468755e-07, Param MSE = 7.698160e-06, Grad norm = 2.297087e-08, Beta update rate = 9.453168e-10
Epoch 746400 (14.9%): Train pred MSE = 2.528857e-11, Test pred MSE = 7.468746e-07, Param MSE = 7.698151e-06, Grad norm = 2.294655e-08, Beta update rate = 9.442985e-10
Epoch 746600 (14.9%): Train pred MSE = 2.523597e-11, Test pred MSE = 7.468737e-07, Param MSE = 7.698142e-06, Grad norm = 2.292226e-08, Beta update rate = 9.432813e-10
Epoch 746800 (14.9%): Train pred MSE = 2.518348e-11, Test pred MSE = 7.468728e-07, Param MSE = 7.698133e-06, Grad norm = 2.289799e-08, Beta update rate = 9.422652e-10
Epoch 747000 (14.9%): Train pred MSE = 2.513110e-11, Test pred MSE = 7.468719e-07, Param MSE = 7.698124e-06, Grad norm = 2.287375e-08, Beta update rate = 9.412503e-10
Epoch 747200 (14.9%): Train pred MSE = 2.507884e-11, Test pred MSE = 7.468710e-07, Param MSE = 7.698115e-06, Grad norm = 2.284954e-08, Beta update rate = 9.402365e-10
Epoch 747400 (14.9%): Train pred MSE = 2.502669e-11, Test pred MSE = 7.468701e-07, Param MSE = 7.698106e-06, Grad norm = 2.282536e-08, Beta update rate = 9.392239e-10
Epoch 747600 (15.0%): Train pred MSE = 2.497464e-11, Test pred MSE = 7.468692e-07, Param MSE = 7.698097e-06, Grad norm = 2.280120e-08, Beta update rate = 9.382125e-10
Epoch 747800 (15.0%): Train pred MSE = 2.492271e-11, Test pred MSE = 7.468683e-07, Param MSE = 7.698087e-06, Grad norm = 2.277707e-08, Beta update rate = 9.372022e-10
Epoch 748000 (15.0%): Train pred MSE = 2.487088e-11, Test pred MSE = 7.468674e-07, Param MSE = 7.698078e-06, Grad norm = 2.275296e-08, Beta update rate = 9.361930e-10
Epoch 748200 (15.0%): Train pred MSE = 2.481917e-11, Test pred MSE = 7.468665e-07, Param MSE = 7.698069e-06, Grad norm = 2.272888e-08, Beta update rate = 9.351850e-10
Epoch 748400 (15.0%): Train pred MSE = 2.476756e-11, Test pred MSE = 7.468656e-07, Param MSE = 7.698060e-06, Grad norm = 2.270483e-08, Beta update rate = 9.341781e-10
Epoch 748600 (15.0%): Train pred MSE = 2.471607e-11, Test pred MSE = 7.468647e-07, Param MSE = 7.698051e-06, Grad norm = 2.268081e-08, Beta update rate = 9.331724e-10
Epoch 748800 (15.0%): Train pred MSE = 2.466468e-11, Test pred MSE = 7.468638e-07, Param MSE = 7.698042e-06, Grad norm = 2.265681e-08, Beta update rate = 9.321677e-10
Epoch 749000 (15.0%): Train pred MSE = 2.461340e-11, Test pred MSE = 7.468629e-07, Param MSE = 7.698033e-06, Grad norm = 2.263283e-08, Beta update rate = 9.311643e-10
Epoch 749200 (15.0%): Train pred MSE = 2.456223e-11, Test pred MSE = 7.468620e-07, Param MSE = 7.698024e-06, Grad norm = 2.260889e-08, Beta update rate = 9.301620e-10
Epoch 749400 (15.0%): Train pred MSE = 2.451117e-11, Test pred MSE = 7.468611e-07, Param MSE = 7.698015e-06, Grad norm = 2.258497e-08, Beta update rate = 9.291608e-10
Epoch 749600 (15.0%): Train pred MSE = 2.446022e-11, Test pred MSE = 7.468602e-07, Param MSE = 7.698006e-06, Grad norm = 2.256108e-08, Beta update rate = 9.281607e-10
Epoch 749800 (15.0%): Train pred MSE = 2.440937e-11, Test pred MSE = 7.468593e-07, Param MSE = 7.697997e-06, Grad norm = 2.253721e-08, Beta update rate = 9.271618e-10
Epoch 750000 (15.0%): Train pred MSE = 2.435863e-11, Test pred MSE = 7.468584e-07, Param MSE = 7.697988e-06, Grad norm = 2.251337e-08, Beta update rate = 9.261640e-10
Epoch 750200 (15.0%): Train pred MSE = 2.430800e-11, Test pred MSE = 7.468575e-07, Param MSE = 7.697979e-06, Grad norm = 2.248956e-08, Beta update rate = 9.251673e-10
Epoch 750400 (15.0%): Train pred MSE = 2.425748e-11, Test pred MSE = 7.468566e-07, Param MSE = 7.697970e-06, Grad norm = 2.246577e-08, Beta update rate = 9.241718e-10
Epoch 750600 (15.0%): Train pred MSE = 2.420706e-11, Test pred MSE = 7.468557e-07, Param MSE = 7.697962e-06, Grad norm = 2.244201e-08, Beta update rate = 9.231774e-10
Epoch 750800 (15.0%): Train pred MSE = 2.415675e-11, Test pred MSE = 7.468549e-07, Param MSE = 7.697953e-06, Grad norm = 2.241827e-08, Beta update rate = 9.221841e-10
Epoch 751000 (15.0%): Train pred MSE = 2.410654e-11, Test pred MSE = 7.468540e-07, Param MSE = 7.697944e-06, Grad norm = 2.239456e-08, Beta update rate = 9.211920e-10
Epoch 751200 (15.0%): Train pred MSE = 2.405645e-11, Test pred MSE = 7.468531e-07, Param MSE = 7.697935e-06, Grad norm = 2.237088e-08, Beta update rate = 9.202010e-10
Epoch 751400 (15.0%): Train pred MSE = 2.400645e-11, Test pred MSE = 7.468522e-07, Param MSE = 7.697926e-06, Grad norm = 2.234722e-08, Beta update rate = 9.192111e-10
Epoch 751600 (15.0%): Train pred MSE = 2.395657e-11, Test pred MSE = 7.468513e-07, Param MSE = 7.697917e-06, Grad norm = 2.232359e-08, Beta update rate = 9.182223e-10
Epoch 751800 (15.0%): Train pred MSE = 2.390679e-11, Test pred MSE = 7.468504e-07, Param MSE = 7.697908e-06, Grad norm = 2.229999e-08, Beta update rate = 9.172346e-10
Epoch 752000 (15.0%): Train pred MSE = 2.385711e-11, Test pred MSE = 7.468496e-07, Param MSE = 7.697899e-06, Grad norm = 2.227641e-08, Beta update rate = 9.162480e-10
Epoch 752200 (15.0%): Train pred MSE = 2.380754e-11, Test pred MSE = 7.468487e-07, Param MSE = 7.697891e-06, Grad norm = 2.225285e-08, Beta update rate = 9.152626e-10
Epoch 752400 (15.0%): Train pred MSE = 2.375807e-11, Test pred MSE = 7.468478e-07, Param MSE = 7.697882e-06, Grad norm = 2.222933e-08, Beta update rate = 9.142783e-10
Epoch 752600 (15.1%): Train pred MSE = 2.370871e-11, Test pred MSE = 7.468469e-07, Param MSE = 7.697873e-06, Grad norm = 2.220583e-08, Beta update rate = 9.132951e-10
Epoch 752800 (15.1%): Train pred MSE = 2.365945e-11, Test pred MSE = 7.468460e-07, Param MSE = 7.697864e-06, Grad norm = 2.218235e-08, Beta update rate = 9.123130e-10
Epoch 753000 (15.1%): Train pred MSE = 2.361030e-11, Test pred MSE = 7.468452e-07, Param MSE = 7.697855e-06, Grad norm = 2.215890e-08, Beta update rate = 9.113320e-10
Epoch 753200 (15.1%): Train pred MSE = 2.356125e-11, Test pred MSE = 7.468443e-07, Param MSE = 7.697846e-06, Grad norm = 2.213548e-08, Beta update rate = 9.103521e-10
Epoch 753400 (15.1%): Train pred MSE = 2.351231e-11, Test pred MSE = 7.468434e-07, Param MSE = 7.697838e-06, Grad norm = 2.211208e-08, Beta update rate = 9.093734e-10
Epoch 753600 (15.1%): Train pred MSE = 2.346346e-11, Test pred MSE = 7.468425e-07, Param MSE = 7.697829e-06, Grad norm = 2.208871e-08, Beta update rate = 9.083957e-10
Epoch 753800 (15.1%): Train pred MSE = 2.341472e-11, Test pred MSE = 7.468417e-07, Param MSE = 7.697820e-06, Grad norm = 2.206536e-08, Beta update rate = 9.074192e-10
Epoch 754000 (15.1%): Train pred MSE = 2.336609e-11, Test pred MSE = 7.468408e-07, Param MSE = 7.697811e-06, Grad norm = 2.204204e-08, Beta update rate = 9.064437e-10
Epoch 754200 (15.1%): Train pred MSE = 2.331755e-11, Test pred MSE = 7.468399e-07, Param MSE = 7.697803e-06, Grad norm = 2.201875e-08, Beta update rate = 9.054694e-10
Epoch 754400 (15.1%): Train pred MSE = 2.326912e-11, Test pred MSE = 7.468391e-07, Param MSE = 7.697794e-06, Grad norm = 2.199548e-08, Beta update rate = 9.044961e-10
Epoch 754600 (15.1%): Train pred MSE = 2.322079e-11, Test pred MSE = 7.468382e-07, Param MSE = 7.697785e-06, Grad norm = 2.197224e-08, Beta update rate = 9.035240e-10
Epoch 754800 (15.1%): Train pred MSE = 2.317257e-11, Test pred MSE = 7.468373e-07, Param MSE = 7.697777e-06, Grad norm = 2.194902e-08, Beta update rate = 9.025529e-10
Epoch 755000 (15.1%): Train pred MSE = 2.312444e-11, Test pred MSE = 7.468365e-07, Param MSE = 7.697768e-06, Grad norm = 2.192583e-08, Beta update rate = 9.015830e-10
Epoch 755200 (15.1%): Train pred MSE = 2.307642e-11, Test pred MSE = 7.468356e-07, Param MSE = 7.697759e-06, Grad norm = 2.190266e-08, Beta update rate = 9.006141e-10
Epoch 755400 (15.1%): Train pred MSE = 2.302850e-11, Test pred MSE = 7.468347e-07, Param MSE = 7.697751e-06, Grad norm = 2.187952e-08, Beta update rate = 8.996464e-10
Epoch 755600 (15.1%): Train pred MSE = 2.298068e-11, Test pred MSE = 7.468339e-07, Param MSE = 7.697742e-06, Grad norm = 2.185640e-08, Beta update rate = 8.986797e-10
Epoch 755800 (15.1%): Train pred MSE = 2.293296e-11, Test pred MSE = 7.468330e-07, Param MSE = 7.697733e-06, Grad norm = 2.183331e-08, Beta update rate = 8.977142e-10
Epoch 756000 (15.1%): Train pred MSE = 2.288534e-11, Test pred MSE = 7.468322e-07, Param MSE = 7.697725e-06, Grad norm = 2.181025e-08, Beta update rate = 8.967497e-10
Epoch 756200 (15.1%): Train pred MSE = 2.283782e-11, Test pred MSE = 7.468313e-07, Param MSE = 7.697716e-06, Grad norm = 2.178721e-08, Beta update rate = 8.957863e-10
Epoch 756400 (15.1%): Train pred MSE = 2.279040e-11, Test pred MSE = 7.468304e-07, Param MSE = 7.697707e-06, Grad norm = 2.176420e-08, Beta update rate = 8.948240e-10
Epoch 756600 (15.1%): Train pred MSE = 2.274309e-11, Test pred MSE = 7.468296e-07, Param MSE = 7.697699e-06, Grad norm = 2.174121e-08, Beta update rate = 8.938628e-10
Epoch 756800 (15.1%): Train pred MSE = 2.269587e-11, Test pred MSE = 7.468287e-07, Param MSE = 7.697690e-06, Grad norm = 2.171824e-08, Beta update rate = 8.929026e-10
Epoch 757000 (15.1%): Train pred MSE = 2.264875e-11, Test pred MSE = 7.468279e-07, Param MSE = 7.697682e-06, Grad norm = 2.169531e-08, Beta update rate = 8.919436e-10
Epoch 757200 (15.1%): Train pred MSE = 2.260173e-11, Test pred MSE = 7.468270e-07, Param MSE = 7.697673e-06, Grad norm = 2.167239e-08, Beta update rate = 8.909856e-10
Epoch 757400 (15.1%): Train pred MSE = 2.255481e-11, Test pred MSE = 7.468262e-07, Param MSE = 7.697664e-06, Grad norm = 2.164951e-08, Beta update rate = 8.900287e-10
Epoch 757600 (15.2%): Train pred MSE = 2.250799e-11, Test pred MSE = 7.468253e-07, Param MSE = 7.697656e-06, Grad norm = 2.162664e-08, Beta update rate = 8.890730e-10
Epoch 757800 (15.2%): Train pred MSE = 2.246127e-11, Test pred MSE = 7.468245e-07, Param MSE = 7.697647e-06, Grad norm = 2.160381e-08, Beta update rate = 8.881182e-10
Epoch 758000 (15.2%): Train pred MSE = 2.241465e-11, Test pred MSE = 7.468236e-07, Param MSE = 7.697639e-06, Grad norm = 2.158099e-08, Beta update rate = 8.871646e-10
Epoch 758200 (15.2%): Train pred MSE = 2.236812e-11, Test pred MSE = 7.468228e-07, Param MSE = 7.697630e-06, Grad norm = 2.155821e-08, Beta update rate = 8.862120e-10
Epoch 758400 (15.2%): Train pred MSE = 2.232170e-11, Test pred MSE = 7.468219e-07, Param MSE = 7.697622e-06, Grad norm = 2.153545e-08, Beta update rate = 8.852605e-10
Epoch 758600 (15.2%): Train pred MSE = 2.227537e-11, Test pred MSE = 7.468211e-07, Param MSE = 7.697613e-06, Grad norm = 2.151271e-08, Beta update rate = 8.843101e-10
Epoch 758800 (15.2%): Train pred MSE = 2.222914e-11, Test pred MSE = 7.468202e-07, Param MSE = 7.697605e-06, Grad norm = 2.149000e-08, Beta update rate = 8.833608e-10
Epoch 759000 (15.2%): Train pred MSE = 2.218301e-11, Test pred MSE = 7.468194e-07, Param MSE = 7.697596e-06, Grad norm = 2.146731e-08, Beta update rate = 8.824125e-10
Epoch 759200 (15.2%): Train pred MSE = 2.213697e-11, Test pred MSE = 7.468185e-07, Param MSE = 7.697588e-06, Grad norm = 2.144465e-08, Beta update rate = 8.814653e-10
Epoch 759400 (15.2%): Train pred MSE = 2.209103e-11, Test pred MSE = 7.468177e-07, Param MSE = 7.697579e-06, Grad norm = 2.142201e-08, Beta update rate = 8.805192e-10
Epoch 759600 (15.2%): Train pred MSE = 2.204519e-11, Test pred MSE = 7.468169e-07, Param MSE = 7.697571e-06, Grad norm = 2.139940e-08, Beta update rate = 8.795741e-10
Epoch 759800 (15.2%): Train pred MSE = 2.199945e-11, Test pred MSE = 7.468160e-07, Param MSE = 7.697562e-06, Grad norm = 2.137681e-08, Beta update rate = 8.786301e-10
Epoch 760000 (15.2%): Train pred MSE = 2.195380e-11, Test pred MSE = 7.468152e-07, Param MSE = 7.697554e-06, Grad norm = 2.135425e-08, Beta update rate = 8.776872e-10
Epoch 760200 (15.2%): Train pred MSE = 2.190825e-11, Test pred MSE = 7.468143e-07, Param MSE = 7.697546e-06, Grad norm = 2.133171e-08, Beta update rate = 8.767453e-10
Epoch 760400 (15.2%): Train pred MSE = 2.186279e-11, Test pred MSE = 7.468135e-07, Param MSE = 7.697537e-06, Grad norm = 2.130920e-08, Beta update rate = 8.758045e-10
Epoch 760600 (15.2%): Train pred MSE = 2.181743e-11, Test pred MSE = 7.468127e-07, Param MSE = 7.697529e-06, Grad norm = 2.128671e-08, Beta update rate = 8.748647e-10
Epoch 760800 (15.2%): Train pred MSE = 2.177217e-11, Test pred MSE = 7.468118e-07, Param MSE = 7.697520e-06, Grad norm = 2.126425e-08, Beta update rate = 8.739260e-10
Epoch 761000 (15.2%): Train pred MSE = 2.172700e-11, Test pred MSE = 7.468110e-07, Param MSE = 7.697512e-06, Grad norm = 2.124181e-08, Beta update rate = 8.729884e-10
Epoch 761200 (15.2%): Train pred MSE = 2.168192e-11, Test pred MSE = 7.468102e-07, Param MSE = 7.697504e-06, Grad norm = 2.121939e-08, Beta update rate = 8.720518e-10
Epoch 761400 (15.2%): Train pred MSE = 2.163695e-11, Test pred MSE = 7.468093e-07, Param MSE = 7.697495e-06, Grad norm = 2.119700e-08, Beta update rate = 8.711163e-10
Epoch 761600 (15.2%): Train pred MSE = 2.159206e-11, Test pred MSE = 7.468085e-07, Param MSE = 7.697487e-06, Grad norm = 2.117464e-08, Beta update rate = 8.701818e-10
Epoch 761800 (15.2%): Train pred MSE = 2.154727e-11, Test pred MSE = 7.468077e-07, Param MSE = 7.697479e-06, Grad norm = 2.115230e-08, Beta update rate = 8.692484e-10
Epoch 762000 (15.2%): Train pred MSE = 2.150258e-11, Test pred MSE = 7.468068e-07, Param MSE = 7.697470e-06, Grad norm = 2.112998e-08, Beta update rate = 8.683161e-10
Epoch 762200 (15.2%): Train pred MSE = 2.145798e-11, Test pred MSE = 7.468060e-07, Param MSE = 7.697462e-06, Grad norm = 2.110769e-08, Beta update rate = 8.673848e-10
Epoch 762400 (15.2%): Train pred MSE = 2.141347e-11, Test pred MSE = 7.468052e-07, Param MSE = 7.697454e-06, Grad norm = 2.108543e-08, Beta update rate = 8.664545e-10
Epoch 762600 (15.3%): Train pred MSE = 2.136906e-11, Test pred MSE = 7.468044e-07, Param MSE = 7.697445e-06, Grad norm = 2.106318e-08, Beta update rate = 8.655253e-10
Epoch 762800 (15.3%): Train pred MSE = 2.132474e-11, Test pred MSE = 7.468035e-07, Param MSE = 7.697437e-06, Grad norm = 2.104097e-08, Beta update rate = 8.645971e-10
Epoch 763000 (15.3%): Train pred MSE = 2.128052e-11, Test pred MSE = 7.468027e-07, Param MSE = 7.697429e-06, Grad norm = 2.101877e-08, Beta update rate = 8.636700e-10
Epoch 763200 (15.3%): Train pred MSE = 2.123638e-11, Test pred MSE = 7.468019e-07, Param MSE = 7.697420e-06, Grad norm = 2.099660e-08, Beta update rate = 8.627439e-10
Epoch 763400 (15.3%): Train pred MSE = 2.119235e-11, Test pred MSE = 7.468011e-07, Param MSE = 7.697412e-06, Grad norm = 2.097446e-08, Beta update rate = 8.618189e-10
Epoch 763600 (15.3%): Train pred MSE = 2.114840e-11, Test pred MSE = 7.468002e-07, Param MSE = 7.697404e-06, Grad norm = 2.095234e-08, Beta update rate = 8.608949e-10
Epoch 763800 (15.3%): Train pred MSE = 2.110455e-11, Test pred MSE = 7.467994e-07, Param MSE = 7.697396e-06, Grad norm = 2.093024e-08, Beta update rate = 8.599720e-10
Epoch 764000 (15.3%): Train pred MSE = 2.106079e-11, Test pred MSE = 7.467986e-07, Param MSE = 7.697387e-06, Grad norm = 2.090817e-08, Beta update rate = 8.590501e-10
Epoch 764200 (15.3%): Train pred MSE = 2.101712e-11, Test pred MSE = 7.467978e-07, Param MSE = 7.697379e-06, Grad norm = 2.088612e-08, Beta update rate = 8.581292e-10
Epoch 764400 (15.3%): Train pred MSE = 2.097354e-11, Test pred MSE = 7.467970e-07, Param MSE = 7.697371e-06, Grad norm = 2.086410e-08, Beta update rate = 8.572094e-10
Epoch 764600 (15.3%): Train pred MSE = 2.093005e-11, Test pred MSE = 7.467961e-07, Param MSE = 7.697363e-06, Grad norm = 2.084210e-08, Beta update rate = 8.562906e-10
Epoch 764800 (15.3%): Train pred MSE = 2.088666e-11, Test pred MSE = 7.467953e-07, Param MSE = 7.697355e-06, Grad norm = 2.082012e-08, Beta update rate = 8.553728e-10
Epoch 765000 (15.3%): Train pred MSE = 2.084336e-11, Test pred MSE = 7.467945e-07, Param MSE = 7.697346e-06, Grad norm = 2.079817e-08, Beta update rate = 8.544561e-10
Epoch 765200 (15.3%): Train pred MSE = 2.080015e-11, Test pred MSE = 7.467937e-07, Param MSE = 7.697338e-06, Grad norm = 2.077625e-08, Beta update rate = 8.535404e-10
Epoch 765400 (15.3%): Train pred MSE = 2.075703e-11, Test pred MSE = 7.467929e-07, Param MSE = 7.697330e-06, Grad norm = 2.075434e-08, Beta update rate = 8.526257e-10
Epoch 765600 (15.3%): Train pred MSE = 2.071400e-11, Test pred MSE = 7.467921e-07, Param MSE = 7.697322e-06, Grad norm = 2.073246e-08, Beta update rate = 8.517121e-10
Epoch 765800 (15.3%): Train pred MSE = 2.067106e-11, Test pred MSE = 7.467913e-07, Param MSE = 7.697314e-06, Grad norm = 2.071061e-08, Beta update rate = 8.507994e-10
Epoch 766000 (15.3%): Train pred MSE = 2.062822e-11, Test pred MSE = 7.467905e-07, Param MSE = 7.697306e-06, Grad norm = 2.068878e-08, Beta update rate = 8.498879e-10
Epoch 766200 (15.3%): Train pred MSE = 2.058546e-11, Test pred MSE = 7.467896e-07, Param MSE = 7.697298e-06, Grad norm = 2.066697e-08, Beta update rate = 8.489773e-10
Epoch 766400 (15.3%): Train pred MSE = 2.054279e-11, Test pred MSE = 7.467888e-07, Param MSE = 7.697289e-06, Grad norm = 2.064519e-08, Beta update rate = 8.480678e-10
Epoch 766600 (15.3%): Train pred MSE = 2.050022e-11, Test pred MSE = 7.467880e-07, Param MSE = 7.697281e-06, Grad norm = 2.062343e-08, Beta update rate = 8.471592e-10
Epoch 766800 (15.3%): Train pred MSE = 2.045773e-11, Test pred MSE = 7.467872e-07, Param MSE = 7.697273e-06, Grad norm = 2.060170e-08, Beta update rate = 8.462518e-10
Epoch 767000 (15.3%): Train pred MSE = 2.041533e-11, Test pred MSE = 7.467864e-07, Param MSE = 7.697265e-06, Grad norm = 2.057998e-08, Beta update rate = 8.453453e-10
Epoch 767200 (15.3%): Train pred MSE = 2.037302e-11, Test pred MSE = 7.467856e-07, Param MSE = 7.697257e-06, Grad norm = 2.055830e-08, Beta update rate = 8.444398e-10
Epoch 767400 (15.3%): Train pred MSE = 2.033080e-11, Test pred MSE = 7.467848e-07, Param MSE = 7.697249e-06, Grad norm = 2.053663e-08, Beta update rate = 8.435354e-10
Epoch 767600 (15.4%): Train pred MSE = 2.028867e-11, Test pred MSE = 7.467840e-07, Param MSE = 7.697241e-06, Grad norm = 2.051499e-08, Beta update rate = 8.426320e-10
Epoch 767800 (15.4%): Train pred MSE = 2.024663e-11, Test pred MSE = 7.467832e-07, Param MSE = 7.697233e-06, Grad norm = 2.049338e-08, Beta update rate = 8.417296e-10
Epoch 768000 (15.4%): Train pred MSE = 2.020468e-11, Test pred MSE = 7.467824e-07, Param MSE = 7.697225e-06, Grad norm = 2.047178e-08, Beta update rate = 8.408282e-10
Epoch 768200 (15.4%): Train pred MSE = 2.016281e-11, Test pred MSE = 7.467816e-07, Param MSE = 7.697217e-06, Grad norm = 2.045022e-08, Beta update rate = 8.399278e-10
Epoch 768400 (15.4%): Train pred MSE = 2.012103e-11, Test pred MSE = 7.467808e-07, Param MSE = 7.697209e-06, Grad norm = 2.042867e-08, Beta update rate = 8.390285e-10
Epoch 768600 (15.4%): Train pred MSE = 2.007935e-11, Test pred MSE = 7.467800e-07, Param MSE = 7.697201e-06, Grad norm = 2.040715e-08, Beta update rate = 8.381301e-10
Epoch 768800 (15.4%): Train pred MSE = 2.003774e-11, Test pred MSE = 7.467792e-07, Param MSE = 7.697193e-06, Grad norm = 2.038565e-08, Beta update rate = 8.372328e-10
Epoch 769000 (15.4%): Train pred MSE = 1.999623e-11, Test pred MSE = 7.467784e-07, Param MSE = 7.697185e-06, Grad norm = 2.036418e-08, Beta update rate = 8.363365e-10
Epoch 769200 (15.4%): Train pred MSE = 1.995481e-11, Test pred MSE = 7.467776e-07, Param MSE = 7.697177e-06, Grad norm = 2.034273e-08, Beta update rate = 8.354411e-10
Epoch 769400 (15.4%): Train pred MSE = 1.991347e-11, Test pred MSE = 7.467768e-07, Param MSE = 7.697169e-06, Grad norm = 2.032130e-08, Beta update rate = 8.345468e-10
Epoch 769600 (15.4%): Train pred MSE = 1.987221e-11, Test pred MSE = 7.467760e-07, Param MSE = 7.697161e-06, Grad norm = 2.029989e-08, Beta update rate = 8.336535e-10
Epoch 769800 (15.4%): Train pred MSE = 1.983105e-11, Test pred MSE = 7.467753e-07, Param MSE = 7.697153e-06, Grad norm = 2.027851e-08, Beta update rate = 8.327612e-10
Epoch 770000 (15.4%): Train pred MSE = 1.978997e-11, Test pred MSE = 7.467745e-07, Param MSE = 7.697145e-06, Grad norm = 2.025716e-08, Beta update rate = 8.318699e-10
Epoch 770200 (15.4%): Train pred MSE = 1.974898e-11, Test pred MSE = 7.467737e-07, Param MSE = 7.697137e-06, Grad norm = 2.023582e-08, Beta update rate = 8.309796e-10
Epoch 770400 (15.4%): Train pred MSE = 1.970807e-11, Test pred MSE = 7.467729e-07, Param MSE = 7.697129e-06, Grad norm = 2.021451e-08, Beta update rate = 8.300903e-10
Epoch 770600 (15.4%): Train pred MSE = 1.966726e-11, Test pred MSE = 7.467721e-07, Param MSE = 7.697121e-06, Grad norm = 2.019323e-08, Beta update rate = 8.292020e-10
Epoch 770800 (15.4%): Train pred MSE = 1.962652e-11, Test pred MSE = 7.467713e-07, Param MSE = 7.697113e-06, Grad norm = 2.017196e-08, Beta update rate = 8.283147e-10
Epoch 771000 (15.4%): Train pred MSE = 1.958587e-11, Test pred MSE = 7.467705e-07, Param MSE = 7.697105e-06, Grad norm = 2.015072e-08, Beta update rate = 8.274284e-10
Epoch 771200 (15.4%): Train pred MSE = 1.954531e-11, Test pred MSE = 7.467697e-07, Param MSE = 7.697098e-06, Grad norm = 2.012950e-08, Beta update rate = 8.265430e-10
Epoch 771400 (15.4%): Train pred MSE = 1.950484e-11, Test pred MSE = 7.467690e-07, Param MSE = 7.697090e-06, Grad norm = 2.010831e-08, Beta update rate = 8.256587e-10
Epoch 771600 (15.4%): Train pred MSE = 1.946444e-11, Test pred MSE = 7.467682e-07, Param MSE = 7.697082e-06, Grad norm = 2.008714e-08, Beta update rate = 8.247754e-10
Epoch 771800 (15.4%): Train pred MSE = 1.942414e-11, Test pred MSE = 7.467674e-07, Param MSE = 7.697074e-06, Grad norm = 2.006599e-08, Beta update rate = 8.238930e-10
Epoch 772000 (15.4%): Train pred MSE = 1.938392e-11, Test pred MSE = 7.467666e-07, Param MSE = 7.697066e-06, Grad norm = 2.004487e-08, Beta update rate = 8.230117e-10
Epoch 772200 (15.4%): Train pred MSE = 1.934378e-11, Test pred MSE = 7.467658e-07, Param MSE = 7.697058e-06, Grad norm = 2.002377e-08, Beta update rate = 8.221313e-10
Epoch 772400 (15.4%): Train pred MSE = 1.930373e-11, Test pred MSE = 7.467650e-07, Param MSE = 7.697050e-06, Grad norm = 2.000269e-08, Beta update rate = 8.212520e-10
Epoch 772600 (15.5%): Train pred MSE = 1.926376e-11, Test pred MSE = 7.467643e-07, Param MSE = 7.697043e-06, Grad norm = 1.998163e-08, Beta update rate = 8.203736e-10
Epoch 772800 (15.5%): Train pred MSE = 1.922387e-11, Test pred MSE = 7.467635e-07, Param MSE = 7.697035e-06, Grad norm = 1.996060e-08, Beta update rate = 8.194962e-10
Epoch 773000 (15.5%): Train pred MSE = 1.918407e-11, Test pred MSE = 7.467627e-07, Param MSE = 7.697027e-06, Grad norm = 1.993959e-08, Beta update rate = 8.186198e-10
Epoch 773200 (15.5%): Train pred MSE = 1.914436e-11, Test pred MSE = 7.467619e-07, Param MSE = 7.697019e-06, Grad norm = 1.991861e-08, Beta update rate = 8.177443e-10
Epoch 773400 (15.5%): Train pred MSE = 1.910472e-11, Test pred MSE = 7.467612e-07, Param MSE = 7.697011e-06, Grad norm = 1.989765e-08, Beta update rate = 8.168699e-10
Epoch 773600 (15.5%): Train pred MSE = 1.906517e-11, Test pred MSE = 7.467604e-07, Param MSE = 7.697004e-06, Grad norm = 1.987671e-08, Beta update rate = 8.159964e-10
Epoch 773800 (15.5%): Train pred MSE = 1.902571e-11, Test pred MSE = 7.467596e-07, Param MSE = 7.696996e-06, Grad norm = 1.985579e-08, Beta update rate = 8.151239e-10
Epoch 774000 (15.5%): Train pred MSE = 1.898632e-11, Test pred MSE = 7.467588e-07, Param MSE = 7.696988e-06, Grad norm = 1.983489e-08, Beta update rate = 8.142524e-10
Epoch 774200 (15.5%): Train pred MSE = 1.894702e-11, Test pred MSE = 7.467581e-07, Param MSE = 7.696980e-06, Grad norm = 1.981402e-08, Beta update rate = 8.133819e-10
Epoch 774400 (15.5%): Train pred MSE = 1.890781e-11, Test pred MSE = 7.467573e-07, Param MSE = 7.696973e-06, Grad norm = 1.979317e-08, Beta update rate = 8.125123e-10
Epoch 774600 (15.5%): Train pred MSE = 1.886867e-11, Test pred MSE = 7.467565e-07, Param MSE = 7.696965e-06, Grad norm = 1.977235e-08, Beta update rate = 8.116437e-10
Epoch 774800 (15.5%): Train pred MSE = 1.882962e-11, Test pred MSE = 7.467558e-07, Param MSE = 7.696957e-06, Grad norm = 1.975155e-08, Beta update rate = 8.107761e-10
Epoch 775000 (15.5%): Train pred MSE = 1.879065e-11, Test pred MSE = 7.467550e-07, Param MSE = 7.696950e-06, Grad norm = 1.973077e-08, Beta update rate = 8.099095e-10
Epoch 775200 (15.5%): Train pred MSE = 1.875176e-11, Test pred MSE = 7.467542e-07, Param MSE = 7.696942e-06, Grad norm = 1.971001e-08, Beta update rate = 8.090438e-10
Epoch 775400 (15.5%): Train pred MSE = 1.871295e-11, Test pred MSE = 7.467535e-07, Param MSE = 7.696934e-06, Grad norm = 1.968927e-08, Beta update rate = 8.081791e-10
Epoch 775600 (15.5%): Train pred MSE = 1.867422e-11, Test pred MSE = 7.467527e-07, Param MSE = 7.696927e-06, Grad norm = 1.966856e-08, Beta update rate = 8.073154e-10
Epoch 775800 (15.5%): Train pred MSE = 1.863558e-11, Test pred MSE = 7.467519e-07, Param MSE = 7.696919e-06, Grad norm = 1.964787e-08, Beta update rate = 8.064527e-10
Epoch 776000 (15.5%): Train pred MSE = 1.859702e-11, Test pred MSE = 7.467512e-07, Param MSE = 7.696911e-06, Grad norm = 1.962721e-08, Beta update rate = 8.055909e-10
Epoch 776200 (15.5%): Train pred MSE = 1.855853e-11, Test pred MSE = 7.467504e-07, Param MSE = 7.696904e-06, Grad norm = 1.960656e-08, Beta update rate = 8.047301e-10
Epoch 776400 (15.5%): Train pred MSE = 1.852013e-11, Test pred MSE = 7.467497e-07, Param MSE = 7.696896e-06, Grad norm = 1.958594e-08, Beta update rate = 8.038702e-10
Epoch 776600 (15.5%): Train pred MSE = 1.848181e-11, Test pred MSE = 7.467489e-07, Param MSE = 7.696888e-06, Grad norm = 1.956534e-08, Beta update rate = 8.030113e-10
Epoch 776800 (15.5%): Train pred MSE = 1.844357e-11, Test pred MSE = 7.467481e-07, Param MSE = 7.696881e-06, Grad norm = 1.954477e-08, Beta update rate = 8.021534e-10
Epoch 777000 (15.5%): Train pred MSE = 1.840541e-11, Test pred MSE = 7.467474e-07, Param MSE = 7.696873e-06, Grad norm = 1.952421e-08, Beta update rate = 8.012964e-10
Epoch 777200 (15.5%): Train pred MSE = 1.836734e-11, Test pred MSE = 7.467466e-07, Param MSE = 7.696865e-06, Grad norm = 1.950368e-08, Beta update rate = 8.004404e-10
Epoch 777400 (15.5%): Train pred MSE = 1.832934e-11, Test pred MSE = 7.467459e-07, Param MSE = 7.696858e-06, Grad norm = 1.948317e-08, Beta update rate = 7.995853e-10
Epoch 777600 (15.6%): Train pred MSE = 1.829142e-11, Test pred MSE = 7.467451e-07, Param MSE = 7.696850e-06, Grad norm = 1.946268e-08, Beta update rate = 7.987312e-10
Epoch 777800 (15.6%): Train pred MSE = 1.825358e-11, Test pred MSE = 7.467444e-07, Param MSE = 7.696843e-06, Grad norm = 1.944222e-08, Beta update rate = 7.978781e-10
Epoch 778000 (15.6%): Train pred MSE = 1.821582e-11, Test pred MSE = 7.467436e-07, Param MSE = 7.696835e-06, Grad norm = 1.942178e-08, Beta update rate = 7.970259e-10
Epoch 778200 (15.6%): Train pred MSE = 1.817814e-11, Test pred MSE = 7.467428e-07, Param MSE = 7.696828e-06, Grad norm = 1.940136e-08, Beta update rate = 7.961747e-10
Epoch 778400 (15.6%): Train pred MSE = 1.814054e-11, Test pred MSE = 7.467421e-07, Param MSE = 7.696820e-06, Grad norm = 1.938096e-08, Beta update rate = 7.953244e-10
Epoch 778600 (15.6%): Train pred MSE = 1.810301e-11, Test pred MSE = 7.467413e-07, Param MSE = 7.696812e-06, Grad norm = 1.936059e-08, Beta update rate = 7.944751e-10
Epoch 778800 (15.6%): Train pred MSE = 1.806557e-11, Test pred MSE = 7.467406e-07, Param MSE = 7.696805e-06, Grad norm = 1.934023e-08, Beta update rate = 7.936267e-10
Epoch 779000 (15.6%): Train pred MSE = 1.802820e-11, Test pred MSE = 7.467398e-07, Param MSE = 7.696797e-06, Grad norm = 1.931990e-08, Beta update rate = 7.927793e-10
Epoch 779200 (15.6%): Train pred MSE = 1.799092e-11, Test pred MSE = 7.467391e-07, Param MSE = 7.696790e-06, Grad norm = 1.929960e-08, Beta update rate = 7.919328e-10
Epoch 779400 (15.6%): Train pred MSE = 1.795371e-11, Test pred MSE = 7.467384e-07, Param MSE = 7.696782e-06, Grad norm = 1.927931e-08, Beta update rate = 7.910873e-10
Epoch 779600 (15.6%): Train pred MSE = 1.791658e-11, Test pred MSE = 7.467376e-07, Param MSE = 7.696775e-06, Grad norm = 1.925905e-08, Beta update rate = 7.902427e-10
Epoch 779800 (15.6%): Train pred MSE = 1.787953e-11, Test pred MSE = 7.467369e-07, Param MSE = 7.696767e-06, Grad norm = 1.923880e-08, Beta update rate = 7.893991e-10
Epoch 780000 (15.6%): Train pred MSE = 1.784255e-11, Test pred MSE = 7.467361e-07, Param MSE = 7.696760e-06, Grad norm = 1.921858e-08, Beta update rate = 7.885563e-10
Epoch 780200 (15.6%): Train pred MSE = 1.780566e-11, Test pred MSE = 7.467354e-07, Param MSE = 7.696752e-06, Grad norm = 1.919839e-08, Beta update rate = 7.877146e-10
Epoch 780400 (15.6%): Train pred MSE = 1.776884e-11, Test pred MSE = 7.467346e-07, Param MSE = 7.696745e-06, Grad norm = 1.917821e-08, Beta update rate = 7.868738e-10
Epoch 780600 (15.6%): Train pred MSE = 1.773210e-11, Test pred MSE = 7.467339e-07, Param MSE = 7.696738e-06, Grad norm = 1.915806e-08, Beta update rate = 7.860339e-10
Epoch 780800 (15.6%): Train pred MSE = 1.769543e-11, Test pred MSE = 7.467331e-07, Param MSE = 7.696730e-06, Grad norm = 1.913793e-08, Beta update rate = 7.851950e-10
Epoch 781000 (15.6%): Train pred MSE = 1.765885e-11, Test pred MSE = 7.467324e-07, Param MSE = 7.696723e-06, Grad norm = 1.911782e-08, Beta update rate = 7.843570e-10
Epoch 781200 (15.6%): Train pred MSE = 1.762234e-11, Test pred MSE = 7.467317e-07, Param MSE = 7.696715e-06, Grad norm = 1.909773e-08, Beta update rate = 7.835200e-10
Epoch 781400 (15.6%): Train pred MSE = 1.758590e-11, Test pred MSE = 7.467309e-07, Param MSE = 7.696708e-06, Grad norm = 1.907766e-08, Beta update rate = 7.826838e-10
Epoch 781600 (15.6%): Train pred MSE = 1.754955e-11, Test pred MSE = 7.467302e-07, Param MSE = 7.696700e-06, Grad norm = 1.905762e-08, Beta update rate = 7.818486e-10
Epoch 781800 (15.6%): Train pred MSE = 1.751326e-11, Test pred MSE = 7.467295e-07, Param MSE = 7.696693e-06, Grad norm = 1.903760e-08, Beta update rate = 7.810144e-10
Epoch 782000 (15.6%): Train pred MSE = 1.747706e-11, Test pred MSE = 7.467287e-07, Param MSE = 7.696686e-06, Grad norm = 1.901760e-08, Beta update rate = 7.801811e-10
Epoch 782200 (15.6%): Train pred MSE = 1.744093e-11, Test pred MSE = 7.467280e-07, Param MSE = 7.696678e-06, Grad norm = 1.899762e-08, Beta update rate = 7.793487e-10
Epoch 782400 (15.6%): Train pred MSE = 1.740488e-11, Test pred MSE = 7.467272e-07, Param MSE = 7.696671e-06, Grad norm = 1.897767e-08, Beta update rate = 7.785172e-10
Epoch 782600 (15.7%): Train pred MSE = 1.736890e-11, Test pred MSE = 7.467265e-07, Param MSE = 7.696663e-06, Grad norm = 1.895773e-08, Beta update rate = 7.776867e-10
Epoch 782800 (15.7%): Train pred MSE = 1.733300e-11, Test pred MSE = 7.467258e-07, Param MSE = 7.696656e-06, Grad norm = 1.893782e-08, Beta update rate = 7.768571e-10
Epoch 783000 (15.7%): Train pred MSE = 1.729717e-11, Test pred MSE = 7.467250e-07, Param MSE = 7.696649e-06, Grad norm = 1.891793e-08, Beta update rate = 7.760285e-10
Epoch 783200 (15.7%): Train pred MSE = 1.726142e-11, Test pred MSE = 7.467243e-07, Param MSE = 7.696641e-06, Grad norm = 1.889806e-08, Beta update rate = 7.752007e-10
Epoch 783400 (15.7%): Train pred MSE = 1.722575e-11, Test pred MSE = 7.467236e-07, Param MSE = 7.696634e-06, Grad norm = 1.887821e-08, Beta update rate = 7.743739e-10
Epoch 783600 (15.7%): Train pred MSE = 1.719015e-11, Test pred MSE = 7.467229e-07, Param MSE = 7.696627e-06, Grad norm = 1.885838e-08, Beta update rate = 7.735480e-10
Epoch 783800 (15.7%): Train pred MSE = 1.715462e-11, Test pred MSE = 7.467221e-07, Param MSE = 7.696619e-06, Grad norm = 1.883858e-08, Beta update rate = 7.727230e-10
Epoch 784000 (15.7%): Train pred MSE = 1.711917e-11, Test pred MSE = 7.467214e-07, Param MSE = 7.696612e-06, Grad norm = 1.881880e-08, Beta update rate = 7.718990e-10
Epoch 784200 (15.7%): Train pred MSE = 1.708379e-11, Test pred MSE = 7.467207e-07, Param MSE = 7.696605e-06, Grad norm = 1.879904e-08, Beta update rate = 7.710759e-10
Epoch 784400 (15.7%): Train pred MSE = 1.704849e-11, Test pred MSE = 7.467200e-07, Param MSE = 7.696598e-06, Grad norm = 1.877930e-08, Beta update rate = 7.702536e-10
Epoch 784600 (15.7%): Train pred MSE = 1.701326e-11, Test pred MSE = 7.467192e-07, Param MSE = 7.696590e-06, Grad norm = 1.875958e-08, Beta update rate = 7.694323e-10
Epoch 784800 (15.7%): Train pred MSE = 1.697810e-11, Test pred MSE = 7.467185e-07, Param MSE = 7.696583e-06, Grad norm = 1.873988e-08, Beta update rate = 7.686120e-10
Epoch 785000 (15.7%): Train pred MSE = 1.694302e-11, Test pred MSE = 7.467178e-07, Param MSE = 7.696576e-06, Grad norm = 1.872021e-08, Beta update rate = 7.677925e-10
Epoch 785200 (15.7%): Train pred MSE = 1.690802e-11, Test pred MSE = 7.467171e-07, Param MSE = 7.696569e-06, Grad norm = 1.870055e-08, Beta update rate = 7.669740e-10
Epoch 785400 (15.7%): Train pred MSE = 1.687308e-11, Test pred MSE = 7.467163e-07, Param MSE = 7.696561e-06, Grad norm = 1.868092e-08, Beta update rate = 7.661563e-10
Epoch 785600 (15.7%): Train pred MSE = 1.683822e-11, Test pred MSE = 7.467156e-07, Param MSE = 7.696554e-06, Grad norm = 1.866131e-08, Beta update rate = 7.653396e-10
Epoch 785800 (15.7%): Train pred MSE = 1.680343e-11, Test pred MSE = 7.467149e-07, Param MSE = 7.696547e-06, Grad norm = 1.864172e-08, Beta update rate = 7.645238e-10
Epoch 786000 (15.7%): Train pred MSE = 1.676872e-11, Test pred MSE = 7.467142e-07, Param MSE = 7.696540e-06, Grad norm = 1.862215e-08, Beta update rate = 7.637089e-10
Epoch 786200 (15.7%): Train pred MSE = 1.673408e-11, Test pred MSE = 7.467135e-07, Param MSE = 7.696532e-06, Grad norm = 1.860261e-08, Beta update rate = 7.628949e-10
Epoch 786400 (15.7%): Train pred MSE = 1.669951e-11, Test pred MSE = 7.467127e-07, Param MSE = 7.696525e-06, Grad norm = 1.858308e-08, Beta update rate = 7.620819e-10
Epoch 786600 (15.7%): Train pred MSE = 1.666501e-11, Test pred MSE = 7.467120e-07, Param MSE = 7.696518e-06, Grad norm = 1.856358e-08, Beta update rate = 7.612697e-10
Epoch 786800 (15.7%): Train pred MSE = 1.663059e-11, Test pred MSE = 7.467113e-07, Param MSE = 7.696511e-06, Grad norm = 1.854410e-08, Beta update rate = 7.604584e-10
Epoch 787000 (15.7%): Train pred MSE = 1.659623e-11, Test pred MSE = 7.467106e-07, Param MSE = 7.696504e-06, Grad norm = 1.852463e-08, Beta update rate = 7.596481e-10
Epoch 787200 (15.7%): Train pred MSE = 1.656195e-11, Test pred MSE = 7.467099e-07, Param MSE = 7.696497e-06, Grad norm = 1.850519e-08, Beta update rate = 7.588386e-10
Epoch 787400 (15.7%): Train pred MSE = 1.652775e-11, Test pred MSE = 7.467092e-07, Param MSE = 7.696489e-06, Grad norm = 1.848577e-08, Beta update rate = 7.580301e-10
Epoch 787600 (15.8%): Train pred MSE = 1.649361e-11, Test pred MSE = 7.467085e-07, Param MSE = 7.696482e-06, Grad norm = 1.846638e-08, Beta update rate = 7.572224e-10
Epoch 787800 (15.8%): Train pred MSE = 1.645955e-11, Test pred MSE = 7.467078e-07, Param MSE = 7.696475e-06, Grad norm = 1.844700e-08, Beta update rate = 7.564157e-10
Epoch 788000 (15.8%): Train pred MSE = 1.642555e-11, Test pred MSE = 7.467070e-07, Param MSE = 7.696468e-06, Grad norm = 1.842764e-08, Beta update rate = 7.556099e-10
Epoch 788200 (15.8%): Train pred MSE = 1.639163e-11, Test pred MSE = 7.467063e-07, Param MSE = 7.696461e-06, Grad norm = 1.840831e-08, Beta update rate = 7.548049e-10
Epoch 788400 (15.8%): Train pred MSE = 1.635778e-11, Test pred MSE = 7.467056e-07, Param MSE = 7.696454e-06, Grad norm = 1.838900e-08, Beta update rate = 7.540009e-10
Epoch 788600 (15.8%): Train pred MSE = 1.632400e-11, Test pred MSE = 7.467049e-07, Param MSE = 7.696447e-06, Grad norm = 1.836970e-08, Beta update rate = 7.531977e-10
Epoch 788800 (15.8%): Train pred MSE = 1.629029e-11, Test pred MSE = 7.467042e-07, Param MSE = 7.696440e-06, Grad norm = 1.835043e-08, Beta update rate = 7.523955e-10
Epoch 789000 (15.8%): Train pred MSE = 1.625665e-11, Test pred MSE = 7.467035e-07, Param MSE = 7.696432e-06, Grad norm = 1.833118e-08, Beta update rate = 7.515941e-10
Epoch 789200 (15.8%): Train pred MSE = 1.622308e-11, Test pred MSE = 7.467028e-07, Param MSE = 7.696425e-06, Grad norm = 1.831195e-08, Beta update rate = 7.507936e-10
Epoch 789400 (15.8%): Train pred MSE = 1.618959e-11, Test pred MSE = 7.467021e-07, Param MSE = 7.696418e-06, Grad norm = 1.829274e-08, Beta update rate = 7.499940e-10
Epoch 789600 (15.8%): Train pred MSE = 1.615616e-11, Test pred MSE = 7.467014e-07, Param MSE = 7.696411e-06, Grad norm = 1.827355e-08, Beta update rate = 7.491954e-10
Epoch 789800 (15.8%): Train pred MSE = 1.612280e-11, Test pred MSE = 7.467007e-07, Param MSE = 7.696404e-06, Grad norm = 1.825439e-08, Beta update rate = 7.483976e-10
Epoch 790000 (15.8%): Train pred MSE = 1.608952e-11, Test pred MSE = 7.467000e-07, Param MSE = 7.696397e-06, Grad norm = 1.823524e-08, Beta update rate = 7.476007e-10
Epoch 790200 (15.8%): Train pred MSE = 1.605630e-11, Test pred MSE = 7.466993e-07, Param MSE = 7.696390e-06, Grad norm = 1.821612e-08, Beta update rate = 7.468046e-10
Epoch 790400 (15.8%): Train pred MSE = 1.602315e-11, Test pred MSE = 7.466986e-07, Param MSE = 7.696383e-06, Grad norm = 1.819701e-08, Beta update rate = 7.460095e-10
Epoch 790600 (15.8%): Train pred MSE = 1.599007e-11, Test pred MSE = 7.466979e-07, Param MSE = 7.696376e-06, Grad norm = 1.817793e-08, Beta update rate = 7.452153e-10
Epoch 790800 (15.8%): Train pred MSE = 1.595706e-11, Test pred MSE = 7.466972e-07, Param MSE = 7.696369e-06, Grad norm = 1.815887e-08, Beta update rate = 7.444219e-10
Epoch 791000 (15.8%): Train pred MSE = 1.592412e-11, Test pred MSE = 7.466965e-07, Param MSE = 7.696362e-06, Grad norm = 1.813982e-08, Beta update rate = 7.436294e-10
Epoch 791200 (15.8%): Train pred MSE = 1.589125e-11, Test pred MSE = 7.466958e-07, Param MSE = 7.696355e-06, Grad norm = 1.812080e-08, Beta update rate = 7.428378e-10
Epoch 791400 (15.8%): Train pred MSE = 1.585845e-11, Test pred MSE = 7.466951e-07, Param MSE = 7.696348e-06, Grad norm = 1.810180e-08, Beta update rate = 7.420471e-10
Epoch 791600 (15.8%): Train pred MSE = 1.582572e-11, Test pred MSE = 7.466944e-07, Param MSE = 7.696341e-06, Grad norm = 1.808282e-08, Beta update rate = 7.412573e-10
Epoch 791800 (15.8%): Train pred MSE = 1.579306e-11, Test pred MSE = 7.466937e-07, Param MSE = 7.696334e-06, Grad norm = 1.806386e-08, Beta update rate = 7.404684e-10
Epoch 792000 (15.8%): Train pred MSE = 1.576046e-11, Test pred MSE = 7.466930e-07, Param MSE = 7.696327e-06, Grad norm = 1.804493e-08, Beta update rate = 7.396803e-10
Epoch 792200 (15.8%): Train pred MSE = 1.572793e-11, Test pred MSE = 7.466923e-07, Param MSE = 7.696320e-06, Grad norm = 1.802601e-08, Beta update rate = 7.388931e-10
Epoch 792400 (15.8%): Train pred MSE = 1.569547e-11, Test pred MSE = 7.466916e-07, Param MSE = 7.696313e-06, Grad norm = 1.800711e-08, Beta update rate = 7.381068e-10
Epoch 792600 (15.9%): Train pred MSE = 1.566308e-11, Test pred MSE = 7.466909e-07, Param MSE = 7.696306e-06, Grad norm = 1.798823e-08, Beta update rate = 7.373213e-10
Epoch 792800 (15.9%): Train pred MSE = 1.563076e-11, Test pred MSE = 7.466903e-07, Param MSE = 7.696299e-06, Grad norm = 1.796938e-08, Beta update rate = 7.365368e-10
Epoch 793000 (15.9%): Train pred MSE = 1.559850e-11, Test pred MSE = 7.466896e-07, Param MSE = 7.696292e-06, Grad norm = 1.795054e-08, Beta update rate = 7.357531e-10
Epoch 793200 (15.9%): Train pred MSE = 1.556631e-11, Test pred MSE = 7.466889e-07, Param MSE = 7.696286e-06, Grad norm = 1.793173e-08, Beta update rate = 7.349703e-10
Epoch 793400 (15.9%): Train pred MSE = 1.553419e-11, Test pred MSE = 7.466882e-07, Param MSE = 7.696279e-06, Grad norm = 1.791293e-08, Beta update rate = 7.341883e-10
Epoch 793600 (15.9%): Train pred MSE = 1.550214e-11, Test pred MSE = 7.466875e-07, Param MSE = 7.696272e-06, Grad norm = 1.789416e-08, Beta update rate = 7.334072e-10
Epoch 793800 (15.9%): Train pred MSE = 1.547015e-11, Test pred MSE = 7.466868e-07, Param MSE = 7.696265e-06, Grad norm = 1.787540e-08, Beta update rate = 7.326270e-10
Epoch 794000 (15.9%): Train pred MSE = 1.543823e-11, Test pred MSE = 7.466861e-07, Param MSE = 7.696258e-06, Grad norm = 1.785667e-08, Beta update rate = 7.318477e-10
Epoch 794200 (15.9%): Train pred MSE = 1.540638e-11, Test pred MSE = 7.466854e-07, Param MSE = 7.696251e-06, Grad norm = 1.783796e-08, Beta update rate = 7.310692e-10
Epoch 794400 (15.9%): Train pred MSE = 1.537460e-11, Test pred MSE = 7.466848e-07, Param MSE = 7.696244e-06, Grad norm = 1.781926e-08, Beta update rate = 7.302916e-10
Epoch 794600 (15.9%): Train pred MSE = 1.534288e-11, Test pred MSE = 7.466841e-07, Param MSE = 7.696237e-06, Grad norm = 1.780059e-08, Beta update rate = 7.295149e-10
Epoch 794800 (15.9%): Train pred MSE = 1.531122e-11, Test pred MSE = 7.466834e-07, Param MSE = 7.696231e-06, Grad norm = 1.778194e-08, Beta update rate = 7.287390e-10
Epoch 795000 (15.9%): Train pred MSE = 1.527964e-11, Test pred MSE = 7.466827e-07, Param MSE = 7.696224e-06, Grad norm = 1.776331e-08, Beta update rate = 7.279640e-10
Epoch 795200 (15.9%): Train pred MSE = 1.524812e-11, Test pred MSE = 7.466820e-07, Param MSE = 7.696217e-06, Grad norm = 1.774470e-08, Beta update rate = 7.271898e-10
Epoch 795400 (15.9%): Train pred MSE = 1.521666e-11, Test pred MSE = 7.466814e-07, Param MSE = 7.696210e-06, Grad norm = 1.772610e-08, Beta update rate = 7.264166e-10
Epoch 795600 (15.9%): Train pred MSE = 1.518528e-11, Test pred MSE = 7.466807e-07, Param MSE = 7.696203e-06, Grad norm = 1.770753e-08, Beta update rate = 7.256441e-10
Epoch 795800 (15.9%): Train pred MSE = 1.515395e-11, Test pred MSE = 7.466800e-07, Param MSE = 7.696196e-06, Grad norm = 1.768898e-08, Beta update rate = 7.248725e-10
Epoch 796000 (15.9%): Train pred MSE = 1.512270e-11, Test pred MSE = 7.466793e-07, Param MSE = 7.696190e-06, Grad norm = 1.767045e-08, Beta update rate = 7.241018e-10
Epoch 796200 (15.9%): Train pred MSE = 1.509150e-11, Test pred MSE = 7.466786e-07, Param MSE = 7.696183e-06, Grad norm = 1.765194e-08, Beta update rate = 7.233320e-10
Epoch 796400 (15.9%): Train pred MSE = 1.506038e-11, Test pred MSE = 7.466780e-07, Param MSE = 7.696176e-06, Grad norm = 1.763345e-08, Beta update rate = 7.225630e-10
Epoch 796600 (15.9%): Train pred MSE = 1.502932e-11, Test pred MSE = 7.466773e-07, Param MSE = 7.696169e-06, Grad norm = 1.761498e-08, Beta update rate = 7.217948e-10
Epoch 796800 (15.9%): Train pred MSE = 1.499832e-11, Test pred MSE = 7.466766e-07, Param MSE = 7.696163e-06, Grad norm = 1.759653e-08, Beta update rate = 7.210276e-10
Epoch 797000 (15.9%): Train pred MSE = 1.496739e-11, Test pred MSE = 7.466759e-07, Param MSE = 7.696156e-06, Grad norm = 1.757810e-08, Beta update rate = 7.202611e-10
Epoch 797200 (15.9%): Train pred MSE = 1.493652e-11, Test pred MSE = 7.466753e-07, Param MSE = 7.696149e-06, Grad norm = 1.755969e-08, Beta update rate = 7.194955e-10
Epoch 797400 (15.9%): Train pred MSE = 1.490572e-11, Test pred MSE = 7.466746e-07, Param MSE = 7.696142e-06, Grad norm = 1.754130e-08, Beta update rate = 7.187308e-10
Epoch 797600 (16.0%): Train pred MSE = 1.487498e-11, Test pred MSE = 7.466739e-07, Param MSE = 7.696136e-06, Grad norm = 1.752293e-08, Beta update rate = 7.179669e-10
Epoch 797800 (16.0%): Train pred MSE = 1.484431e-11, Test pred MSE = 7.466733e-07, Param MSE = 7.696129e-06, Grad norm = 1.750458e-08, Beta update rate = 7.172039e-10
Epoch 798000 (16.0%): Train pred MSE = 1.481370e-11, Test pred MSE = 7.466726e-07, Param MSE = 7.696122e-06, Grad norm = 1.748625e-08, Beta update rate = 7.164417e-10
Epoch 798200 (16.0%): Train pred MSE = 1.478316e-11, Test pred MSE = 7.466719e-07, Param MSE = 7.696115e-06, Grad norm = 1.746794e-08, Beta update rate = 7.156804e-10
Epoch 798400 (16.0%): Train pred MSE = 1.475268e-11, Test pred MSE = 7.466713e-07, Param MSE = 7.696109e-06, Grad norm = 1.744965e-08, Beta update rate = 7.149198e-10
Epoch 798600 (16.0%): Train pred MSE = 1.472226e-11, Test pred MSE = 7.466706e-07, Param MSE = 7.696102e-06, Grad norm = 1.743138e-08, Beta update rate = 7.141602e-10
Epoch 798800 (16.0%): Train pred MSE = 1.469191e-11, Test pred MSE = 7.466699e-07, Param MSE = 7.696095e-06, Grad norm = 1.741312e-08, Beta update rate = 7.134014e-10
Epoch 799000 (16.0%): Train pred MSE = 1.466162e-11, Test pred MSE = 7.466693e-07, Param MSE = 7.696089e-06, Grad norm = 1.739489e-08, Beta update rate = 7.126434e-10
Epoch 799200 (16.0%): Train pred MSE = 1.463139e-11, Test pred MSE = 7.466686e-07, Param MSE = 7.696082e-06, Grad norm = 1.737668e-08, Beta update rate = 7.118863e-10
Epoch 799400 (16.0%): Train pred MSE = 1.460123e-11, Test pred MSE = 7.466679e-07, Param MSE = 7.696075e-06, Grad norm = 1.735849e-08, Beta update rate = 7.111300e-10
Epoch 799600 (16.0%): Train pred MSE = 1.457113e-11, Test pred MSE = 7.466673e-07, Param MSE = 7.696069e-06, Grad norm = 1.734032e-08, Beta update rate = 7.103746e-10
Epoch 799800 (16.0%): Train pred MSE = 1.454109e-11, Test pred MSE = 7.466666e-07, Param MSE = 7.696062e-06, Grad norm = 1.732217e-08, Beta update rate = 7.096200e-10
Epoch 800000 (16.0%): Train pred MSE = 1.451112e-11, Test pred MSE = 7.466659e-07, Param MSE = 7.696055e-06, Grad norm = 1.730403e-08, Beta update rate = 7.088662e-10
Epoch 800200 (16.0%): Train pred MSE = 1.448121e-11, Test pred MSE = 7.466653e-07, Param MSE = 7.696049e-06, Grad norm = 1.728592e-08, Beta update rate = 7.081133e-10
Epoch 800400 (16.0%): Train pred MSE = 1.445136e-11, Test pred MSE = 7.466646e-07, Param MSE = 7.696042e-06, Grad norm = 1.726783e-08, Beta update rate = 7.073612e-10
Epoch 800600 (16.0%): Train pred MSE = 1.442157e-11, Test pred MSE = 7.466640e-07, Param MSE = 7.696035e-06, Grad norm = 1.724976e-08, Beta update rate = 7.066100e-10
Epoch 800800 (16.0%): Train pred MSE = 1.439185e-11, Test pred MSE = 7.466633e-07, Param MSE = 7.696029e-06, Grad norm = 1.723170e-08, Beta update rate = 7.058595e-10
Epoch 801000 (16.0%): Train pred MSE = 1.436218e-11, Test pred MSE = 7.466626e-07, Param MSE = 7.696022e-06, Grad norm = 1.721367e-08, Beta update rate = 7.051100e-10
Epoch 801200 (16.0%): Train pred MSE = 1.433259e-11, Test pred MSE = 7.466620e-07, Param MSE = 7.696016e-06, Grad norm = 1.719565e-08, Beta update rate = 7.043612e-10
Epoch 801400 (16.0%): Train pred MSE = 1.430305e-11, Test pred MSE = 7.466613e-07, Param MSE = 7.696009e-06, Grad norm = 1.717766e-08, Beta update rate = 7.036133e-10
Epoch 801600 (16.0%): Train pred MSE = 1.427357e-11, Test pred MSE = 7.466607e-07, Param MSE = 7.696002e-06, Grad norm = 1.715968e-08, Beta update rate = 7.028662e-10
Epoch 801800 (16.0%): Train pred MSE = 1.424416e-11, Test pred MSE = 7.466600e-07, Param MSE = 7.695996e-06, Grad norm = 1.714173e-08, Beta update rate = 7.021199e-10
Epoch 802000 (16.0%): Train pred MSE = 1.421480e-11, Test pred MSE = 7.466594e-07, Param MSE = 7.695989e-06, Grad norm = 1.712379e-08, Beta update rate = 7.013745e-10
Epoch 802200 (16.0%): Train pred MSE = 1.418551e-11, Test pred MSE = 7.466587e-07, Param MSE = 7.695983e-06, Grad norm = 1.710587e-08, Beta update rate = 7.006299e-10
Epoch 802400 (16.0%): Train pred MSE = 1.415628e-11, Test pred MSE = 7.466581e-07, Param MSE = 7.695976e-06, Grad norm = 1.708798e-08, Beta update rate = 6.998861e-10
Epoch 802600 (16.1%): Train pred MSE = 1.412711e-11, Test pred MSE = 7.466574e-07, Param MSE = 7.695970e-06, Grad norm = 1.707010e-08, Beta update rate = 6.991431e-10
Epoch 802800 (16.1%): Train pred MSE = 1.409800e-11, Test pred MSE = 7.466568e-07, Param MSE = 7.695963e-06, Grad norm = 1.705224e-08, Beta update rate = 6.984010e-10
Epoch 803000 (16.1%): Train pred MSE = 1.406896e-11, Test pred MSE = 7.466561e-07, Param MSE = 7.695957e-06, Grad norm = 1.703440e-08, Beta update rate = 6.976597e-10
Epoch 803200 (16.1%): Train pred MSE = 1.403997e-11, Test pred MSE = 7.466555e-07, Param MSE = 7.695950e-06, Grad norm = 1.701658e-08, Beta update rate = 6.969192e-10
Epoch 803400 (16.1%): Train pred MSE = 1.401105e-11, Test pred MSE = 7.466548e-07, Param MSE = 7.695944e-06, Grad norm = 1.699878e-08, Beta update rate = 6.961796e-10
Epoch 803600 (16.1%): Train pred MSE = 1.398218e-11, Test pred MSE = 7.466542e-07, Param MSE = 7.695937e-06, Grad norm = 1.698100e-08, Beta update rate = 6.954407e-10
Epoch 803800 (16.1%): Train pred MSE = 1.395337e-11, Test pred MSE = 7.466535e-07, Param MSE = 7.695931e-06, Grad norm = 1.696324e-08, Beta update rate = 6.947027e-10
Epoch 804000 (16.1%): Train pred MSE = 1.392463e-11, Test pred MSE = 7.466529e-07, Param MSE = 7.695924e-06, Grad norm = 1.694549e-08, Beta update rate = 6.939655e-10
Epoch 804200 (16.1%): Train pred MSE = 1.389595e-11, Test pred MSE = 7.466522e-07, Param MSE = 7.695918e-06, Grad norm = 1.692777e-08, Beta update rate = 6.932291e-10
Epoch 804400 (16.1%): Train pred MSE = 1.386732e-11, Test pred MSE = 7.466516e-07, Param MSE = 7.695911e-06, Grad norm = 1.691006e-08, Beta update rate = 6.924935e-10
Epoch 804600 (16.1%): Train pred MSE = 1.383876e-11, Test pred MSE = 7.466509e-07, Param MSE = 7.695905e-06, Grad norm = 1.689238e-08, Beta update rate = 6.917588e-10
Epoch 804800 (16.1%): Train pred MSE = 1.381025e-11, Test pred MSE = 7.466503e-07, Param MSE = 7.695898e-06, Grad norm = 1.687471e-08, Beta update rate = 6.910248e-10
Epoch 805000 (16.1%): Train pred MSE = 1.378180e-11, Test pred MSE = 7.466497e-07, Param MSE = 7.695892e-06, Grad norm = 1.685707e-08, Beta update rate = 6.902917e-10
Epoch 805200 (16.1%): Train pred MSE = 1.375342e-11, Test pred MSE = 7.466490e-07, Param MSE = 7.695885e-06, Grad norm = 1.683944e-08, Beta update rate = 6.895594e-10
Epoch 805400 (16.1%): Train pred MSE = 1.372509e-11, Test pred MSE = 7.466484e-07, Param MSE = 7.695879e-06, Grad norm = 1.682183e-08, Beta update rate = 6.888279e-10
Epoch 805600 (16.1%): Train pred MSE = 1.369682e-11, Test pred MSE = 7.466477e-07, Param MSE = 7.695873e-06, Grad norm = 1.680424e-08, Beta update rate = 6.880972e-10
Epoch 805800 (16.1%): Train pred MSE = 1.366862e-11, Test pred MSE = 7.466471e-07, Param MSE = 7.695866e-06, Grad norm = 1.678667e-08, Beta update rate = 6.873673e-10
Epoch 806000 (16.1%): Train pred MSE = 1.364047e-11, Test pred MSE = 7.466465e-07, Param MSE = 7.695860e-06, Grad norm = 1.676912e-08, Beta update rate = 6.866382e-10
Epoch 806200 (16.1%): Train pred MSE = 1.361238e-11, Test pred MSE = 7.466458e-07, Param MSE = 7.695853e-06, Grad norm = 1.675159e-08, Beta update rate = 6.859099e-10
Epoch 806400 (16.1%): Train pred MSE = 1.358434e-11, Test pred MSE = 7.466452e-07, Param MSE = 7.695847e-06, Grad norm = 1.673407e-08, Beta update rate = 6.851825e-10
Epoch 806600 (16.1%): Train pred MSE = 1.355637e-11, Test pred MSE = 7.466446e-07, Param MSE = 7.695841e-06, Grad norm = 1.671658e-08, Beta update rate = 6.844558e-10
Epoch 806800 (16.1%): Train pred MSE = 1.352845e-11, Test pred MSE = 7.466439e-07, Param MSE = 7.695834e-06, Grad norm = 1.669910e-08, Beta update rate = 6.837300e-10
Epoch 807000 (16.1%): Train pred MSE = 1.350060e-11, Test pred MSE = 7.466433e-07, Param MSE = 7.695828e-06, Grad norm = 1.668165e-08, Beta update rate = 6.830049e-10
Epoch 807200 (16.1%): Train pred MSE = 1.347280e-11, Test pred MSE = 7.466426e-07, Param MSE = 7.695821e-06, Grad norm = 1.666421e-08, Beta update rate = 6.822807e-10
Epoch 807400 (16.1%): Train pred MSE = 1.344506e-11, Test pred MSE = 7.466420e-07, Param MSE = 7.695815e-06, Grad norm = 1.664679e-08, Beta update rate = 6.815572e-10
Epoch 807600 (16.2%): Train pred MSE = 1.341738e-11, Test pred MSE = 7.466414e-07, Param MSE = 7.695809e-06, Grad norm = 1.662939e-08, Beta update rate = 6.808346e-10
Epoch 807800 (16.2%): Train pred MSE = 1.338975e-11, Test pred MSE = 7.466408e-07, Param MSE = 7.695802e-06, Grad norm = 1.661201e-08, Beta update rate = 6.801127e-10
Epoch 808000 (16.2%): Train pred MSE = 1.336219e-11, Test pred MSE = 7.466401e-07, Param MSE = 7.695796e-06, Grad norm = 1.659465e-08, Beta update rate = 6.793917e-10
Epoch 808200 (16.2%): Train pred MSE = 1.333468e-11, Test pred MSE = 7.466395e-07, Param MSE = 7.695790e-06, Grad norm = 1.657730e-08, Beta update rate = 6.786715e-10
Epoch 808400 (16.2%): Train pred MSE = 1.330722e-11, Test pred MSE = 7.466389e-07, Param MSE = 7.695783e-06, Grad norm = 1.655998e-08, Beta update rate = 6.779520e-10
Epoch 808600 (16.2%): Train pred MSE = 1.327983e-11, Test pred MSE = 7.466382e-07, Param MSE = 7.695777e-06, Grad norm = 1.654267e-08, Beta update rate = 6.772334e-10
Epoch 808800 (16.2%): Train pred MSE = 1.325249e-11, Test pred MSE = 7.466376e-07, Param MSE = 7.695771e-06, Grad norm = 1.652539e-08, Beta update rate = 6.765155e-10
Epoch 809000 (16.2%): Train pred MSE = 1.322521e-11, Test pred MSE = 7.466370e-07, Param MSE = 7.695765e-06, Grad norm = 1.650812e-08, Beta update rate = 6.757985e-10
Epoch 809200 (16.2%): Train pred MSE = 1.319799e-11, Test pred MSE = 7.466364e-07, Param MSE = 7.695758e-06, Grad norm = 1.649087e-08, Beta update rate = 6.750822e-10
Epoch 809400 (16.2%): Train pred MSE = 1.317082e-11, Test pred MSE = 7.466357e-07, Param MSE = 7.695752e-06, Grad norm = 1.647364e-08, Beta update rate = 6.743667e-10
Epoch 809600 (16.2%): Train pred MSE = 1.314371e-11, Test pred MSE = 7.466351e-07, Param MSE = 7.695746e-06, Grad norm = 1.645642e-08, Beta update rate = 6.736521e-10
Epoch 809800 (16.2%): Train pred MSE = 1.311666e-11, Test pred MSE = 7.466345e-07, Param MSE = 7.695739e-06, Grad norm = 1.643923e-08, Beta update rate = 6.729382e-10
Epoch 810000 (16.2%): Train pred MSE = 1.308966e-11, Test pred MSE = 7.466339e-07, Param MSE = 7.695733e-06, Grad norm = 1.642206e-08, Beta update rate = 6.722251e-10
Epoch 810200 (16.2%): Train pred MSE = 1.306272e-11, Test pred MSE = 7.466332e-07, Param MSE = 7.695727e-06, Grad norm = 1.640490e-08, Beta update rate = 6.715128e-10
Epoch 810400 (16.2%): Train pred MSE = 1.303584e-11, Test pred MSE = 7.466326e-07, Param MSE = 7.695721e-06, Grad norm = 1.638776e-08, Beta update rate = 6.708012e-10
Epoch 810600 (16.2%): Train pred MSE = 1.300901e-11, Test pred MSE = 7.466320e-07, Param MSE = 7.695714e-06, Grad norm = 1.637064e-08, Beta update rate = 6.700905e-10
Epoch 810800 (16.2%): Train pred MSE = 1.298224e-11, Test pred MSE = 7.466314e-07, Param MSE = 7.695708e-06, Grad norm = 1.635354e-08, Beta update rate = 6.693806e-10
Epoch 811000 (16.2%): Train pred MSE = 1.295553e-11, Test pred MSE = 7.466307e-07, Param MSE = 7.695702e-06, Grad norm = 1.633646e-08, Beta update rate = 6.686714e-10
Epoch 811200 (16.2%): Train pred MSE = 1.292887e-11, Test pred MSE = 7.466301e-07, Param MSE = 7.695696e-06, Grad norm = 1.631939e-08, Beta update rate = 6.679630e-10
Epoch 811400 (16.2%): Train pred MSE = 1.290226e-11, Test pred MSE = 7.466295e-07, Param MSE = 7.695690e-06, Grad norm = 1.630235e-08, Beta update rate = 6.672554e-10
Epoch 811600 (16.2%): Train pred MSE = 1.287571e-11, Test pred MSE = 7.466289e-07, Param MSE = 7.695683e-06, Grad norm = 1.628532e-08, Beta update rate = 6.665486e-10
Epoch 811800 (16.2%): Train pred MSE = 1.284922e-11, Test pred MSE = 7.466283e-07, Param MSE = 7.695677e-06, Grad norm = 1.626831e-08, Beta update rate = 6.658426e-10
Epoch 812000 (16.2%): Train pred MSE = 1.282278e-11, Test pred MSE = 7.466277e-07, Param MSE = 7.695671e-06, Grad norm = 1.625132e-08, Beta update rate = 6.651373e-10
Epoch 812200 (16.2%): Train pred MSE = 1.279640e-11, Test pred MSE = 7.466270e-07, Param MSE = 7.695665e-06, Grad norm = 1.623435e-08, Beta update rate = 6.644329e-10
Epoch 812400 (16.2%): Train pred MSE = 1.277007e-11, Test pred MSE = 7.466264e-07, Param MSE = 7.695659e-06, Grad norm = 1.621740e-08, Beta update rate = 6.637292e-10
Epoch 812600 (16.3%): Train pred MSE = 1.274380e-11, Test pred MSE = 7.466258e-07, Param MSE = 7.695653e-06, Grad norm = 1.620046e-08, Beta update rate = 6.630263e-10
Epoch 812800 (16.3%): Train pred MSE = 1.271758e-11, Test pred MSE = 7.466252e-07, Param MSE = 7.695646e-06, Grad norm = 1.618355e-08, Beta update rate = 6.623241e-10
Epoch 813000 (16.3%): Train pred MSE = 1.269142e-11, Test pred MSE = 7.466246e-07, Param MSE = 7.695640e-06, Grad norm = 1.616665e-08, Beta update rate = 6.616228e-10
Epoch 813200 (16.3%): Train pred MSE = 1.266531e-11, Test pred MSE = 7.466240e-07, Param MSE = 7.695634e-06, Grad norm = 1.614977e-08, Beta update rate = 6.609222e-10
Epoch 813400 (16.3%): Train pred MSE = 1.263926e-11, Test pred MSE = 7.466234e-07, Param MSE = 7.695628e-06, Grad norm = 1.613291e-08, Beta update rate = 6.602224e-10
Epoch 813600 (16.3%): Train pred MSE = 1.261326e-11, Test pred MSE = 7.466228e-07, Param MSE = 7.695622e-06, Grad norm = 1.611606e-08, Beta update rate = 6.595233e-10
Epoch 813800 (16.3%): Train pred MSE = 1.258731e-11, Test pred MSE = 7.466221e-07, Param MSE = 7.695616e-06, Grad norm = 1.609924e-08, Beta update rate = 6.588251e-10
Epoch 814000 (16.3%): Train pred MSE = 1.256142e-11, Test pred MSE = 7.466215e-07, Param MSE = 7.695610e-06, Grad norm = 1.608243e-08, Beta update rate = 6.581276e-10
Epoch 814200 (16.3%): Train pred MSE = 1.253558e-11, Test pred MSE = 7.466209e-07, Param MSE = 7.695603e-06, Grad norm = 1.606564e-08, Beta update rate = 6.574309e-10
Epoch 814400 (16.3%): Train pred MSE = 1.250980e-11, Test pred MSE = 7.466203e-07, Param MSE = 7.695597e-06, Grad norm = 1.604887e-08, Beta update rate = 6.567349e-10
Epoch 814600 (16.3%): Train pred MSE = 1.248407e-11, Test pred MSE = 7.466197e-07, Param MSE = 7.695591e-06, Grad norm = 1.603212e-08, Beta update rate = 6.560397e-10
Epoch 814800 (16.3%): Train pred MSE = 1.245839e-11, Test pred MSE = 7.466191e-07, Param MSE = 7.695585e-06, Grad norm = 1.601538e-08, Beta update rate = 6.553453e-10
Epoch 815000 (16.3%): Train pred MSE = 1.243277e-11, Test pred MSE = 7.466185e-07, Param MSE = 7.695579e-06, Grad norm = 1.599867e-08, Beta update rate = 6.546517e-10
Epoch 815200 (16.3%): Train pred MSE = 1.240720e-11, Test pred MSE = 7.466179e-07, Param MSE = 7.695573e-06, Grad norm = 1.598197e-08, Beta update rate = 6.539588e-10
Epoch 815400 (16.3%): Train pred MSE = 1.238169e-11, Test pred MSE = 7.466173e-07, Param MSE = 7.695567e-06, Grad norm = 1.596529e-08, Beta update rate = 6.532667e-10
Epoch 815600 (16.3%): Train pred MSE = 1.235622e-11, Test pred MSE = 7.466167e-07, Param MSE = 7.695561e-06, Grad norm = 1.594862e-08, Beta update rate = 6.525753e-10
Epoch 815800 (16.3%): Train pred MSE = 1.233082e-11, Test pred MSE = 7.466161e-07, Param MSE = 7.695555e-06, Grad norm = 1.593198e-08, Beta update rate = 6.518847e-10
Epoch 816000 (16.3%): Train pred MSE = 1.230546e-11, Test pred MSE = 7.466155e-07, Param MSE = 7.695549e-06, Grad norm = 1.591535e-08, Beta update rate = 6.511949e-10
Epoch 816200 (16.3%): Train pred MSE = 1.228016e-11, Test pred MSE = 7.466149e-07, Param MSE = 7.695543e-06, Grad norm = 1.589875e-08, Beta update rate = 6.505058e-10
Epoch 816400 (16.3%): Train pred MSE = 1.225491e-11, Test pred MSE = 7.466143e-07, Param MSE = 7.695537e-06, Grad norm = 1.588215e-08, Beta update rate = 6.498175e-10
Epoch 816600 (16.3%): Train pred MSE = 1.222971e-11, Test pred MSE = 7.466137e-07, Param MSE = 7.695531e-06, Grad norm = 1.586558e-08, Beta update rate = 6.491300e-10
Epoch 816800 (16.3%): Train pred MSE = 1.220456e-11, Test pred MSE = 7.466131e-07, Param MSE = 7.695525e-06, Grad norm = 1.584903e-08, Beta update rate = 6.484432e-10
Epoch 817000 (16.3%): Train pred MSE = 1.217947e-11, Test pred MSE = 7.466125e-07, Param MSE = 7.695519e-06, Grad norm = 1.583249e-08, Beta update rate = 6.477572e-10
Epoch 817200 (16.3%): Train pred MSE = 1.215443e-11, Test pred MSE = 7.466119e-07, Param MSE = 7.695513e-06, Grad norm = 1.581597e-08, Beta update rate = 6.470719e-10
Epoch 817400 (16.3%): Train pred MSE = 1.212944e-11, Test pred MSE = 7.466113e-07, Param MSE = 7.695507e-06, Grad norm = 1.579947e-08, Beta update rate = 6.463874e-10
Epoch 817600 (16.4%): Train pred MSE = 1.210450e-11, Test pred MSE = 7.466107e-07, Param MSE = 7.695501e-06, Grad norm = 1.578299e-08, Beta update rate = 6.457037e-10
Epoch 817800 (16.4%): Train pred MSE = 1.207962e-11, Test pred MSE = 7.466101e-07, Param MSE = 7.695495e-06, Grad norm = 1.576652e-08, Beta update rate = 6.450206e-10
Epoch 818000 (16.4%): Train pred MSE = 1.205479e-11, Test pred MSE = 7.466095e-07, Param MSE = 7.695489e-06, Grad norm = 1.575007e-08, Beta update rate = 6.443384e-10
Epoch 818200 (16.4%): Train pred MSE = 1.203001e-11, Test pred MSE = 7.466089e-07, Param MSE = 7.695483e-06, Grad norm = 1.573364e-08, Beta update rate = 6.436569e-10
Epoch 818400 (16.4%): Train pred MSE = 1.200528e-11, Test pred MSE = 7.466083e-07, Param MSE = 7.695477e-06, Grad norm = 1.571723e-08, Beta update rate = 6.429762e-10
Epoch 818600 (16.4%): Train pred MSE = 1.198060e-11, Test pred MSE = 7.466077e-07, Param MSE = 7.695471e-06, Grad norm = 1.570084e-08, Beta update rate = 6.422962e-10
Epoch 818800 (16.4%): Train pred MSE = 1.195598e-11, Test pred MSE = 7.466071e-07, Param MSE = 7.695465e-06, Grad norm = 1.568446e-08, Beta update rate = 6.416169e-10
Epoch 819000 (16.4%): Train pred MSE = 1.193140e-11, Test pred MSE = 7.466065e-07, Param MSE = 7.695459e-06, Grad norm = 1.566810e-08, Beta update rate = 6.409384e-10
Epoch 819200 (16.4%): Train pred MSE = 1.190688e-11, Test pred MSE = 7.466060e-07, Param MSE = 7.695453e-06, Grad norm = 1.565176e-08, Beta update rate = 6.402607e-10
Epoch 819400 (16.4%): Train pred MSE = 1.188241e-11, Test pred MSE = 7.466054e-07, Param MSE = 7.695447e-06, Grad norm = 1.563544e-08, Beta update rate = 6.395837e-10
Epoch 819600 (16.4%): Train pred MSE = 1.185799e-11, Test pred MSE = 7.466048e-07, Param MSE = 7.695441e-06, Grad norm = 1.561913e-08, Beta update rate = 6.389074e-10
Epoch 819800 (16.4%): Train pred MSE = 1.183362e-11, Test pred MSE = 7.466042e-07, Param MSE = 7.695435e-06, Grad norm = 1.560284e-08, Beta update rate = 6.382319e-10
Epoch 820000 (16.4%): Train pred MSE = 1.180930e-11, Test pred MSE = 7.466036e-07, Param MSE = 7.695430e-06, Grad norm = 1.558657e-08, Beta update rate = 6.375572e-10
Epoch 820200 (16.4%): Train pred MSE = 1.178503e-11, Test pred MSE = 7.466030e-07, Param MSE = 7.695424e-06, Grad norm = 1.557032e-08, Beta update rate = 6.368832e-10
Epoch 820400 (16.4%): Train pred MSE = 1.176081e-11, Test pred MSE = 7.466024e-07, Param MSE = 7.695418e-06, Grad norm = 1.555408e-08, Beta update rate = 6.362099e-10
Epoch 820600 (16.4%): Train pred MSE = 1.173664e-11, Test pred MSE = 7.466018e-07, Param MSE = 7.695412e-06, Grad norm = 1.553786e-08, Beta update rate = 6.355374e-10
Epoch 820800 (16.4%): Train pred MSE = 1.171253e-11, Test pred MSE = 7.466013e-07, Param MSE = 7.695406e-06, Grad norm = 1.552166e-08, Beta update rate = 6.348656e-10
Epoch 821000 (16.4%): Train pred MSE = 1.168846e-11, Test pred MSE = 7.466007e-07, Param MSE = 7.695400e-06, Grad norm = 1.550548e-08, Beta update rate = 6.341945e-10
Epoch 821200 (16.4%): Train pred MSE = 1.166444e-11, Test pred MSE = 7.466001e-07, Param MSE = 7.695394e-06, Grad norm = 1.548931e-08, Beta update rate = 6.335242e-10
Epoch 821400 (16.4%): Train pred MSE = 1.164047e-11, Test pred MSE = 7.465995e-07, Param MSE = 7.695388e-06, Grad norm = 1.547317e-08, Beta update rate = 6.328546e-10
Epoch 821600 (16.4%): Train pred MSE = 1.161656e-11, Test pred MSE = 7.465989e-07, Param MSE = 7.695383e-06, Grad norm = 1.545703e-08, Beta update rate = 6.321858e-10
Epoch 821800 (16.4%): Train pred MSE = 1.159269e-11, Test pred MSE = 7.465983e-07, Param MSE = 7.695377e-06, Grad norm = 1.544092e-08, Beta update rate = 6.315177e-10
Epoch 822000 (16.4%): Train pred MSE = 1.156887e-11, Test pred MSE = 7.465978e-07, Param MSE = 7.695371e-06, Grad norm = 1.542483e-08, Beta update rate = 6.308504e-10
Epoch 822200 (16.4%): Train pred MSE = 1.154511e-11, Test pred MSE = 7.465972e-07, Param MSE = 7.695365e-06, Grad norm = 1.540875e-08, Beta update rate = 6.301837e-10
Epoch 822400 (16.4%): Train pred MSE = 1.152139e-11, Test pred MSE = 7.465966e-07, Param MSE = 7.695359e-06, Grad norm = 1.539269e-08, Beta update rate = 6.295179e-10
Epoch 822600 (16.5%): Train pred MSE = 1.149772e-11, Test pred MSE = 7.465960e-07, Param MSE = 7.695353e-06, Grad norm = 1.537664e-08, Beta update rate = 6.288527e-10
Epoch 822800 (16.5%): Train pred MSE = 1.147410e-11, Test pred MSE = 7.465954e-07, Param MSE = 7.695348e-06, Grad norm = 1.536061e-08, Beta update rate = 6.281883e-10
Epoch 823000 (16.5%): Train pred MSE = 1.145053e-11, Test pred MSE = 7.465949e-07, Param MSE = 7.695342e-06, Grad norm = 1.534460e-08, Beta update rate = 6.275246e-10
Epoch 823200 (16.5%): Train pred MSE = 1.142701e-11, Test pred MSE = 7.465943e-07, Param MSE = 7.695336e-06, Grad norm = 1.532861e-08, Beta update rate = 6.268616e-10
Epoch 823400 (16.5%): Train pred MSE = 1.140354e-11, Test pred MSE = 7.465937e-07, Param MSE = 7.695330e-06, Grad norm = 1.531264e-08, Beta update rate = 6.261994e-10
Epoch 823600 (16.5%): Train pred MSE = 1.138011e-11, Test pred MSE = 7.465931e-07, Param MSE = 7.695325e-06, Grad norm = 1.529668e-08, Beta update rate = 6.255379e-10
Epoch 823800 (16.5%): Train pred MSE = 1.135674e-11, Test pred MSE = 7.465926e-07, Param MSE = 7.695319e-06, Grad norm = 1.528074e-08, Beta update rate = 6.248771e-10
Epoch 824000 (16.5%): Train pred MSE = 1.133341e-11, Test pred MSE = 7.465920e-07, Param MSE = 7.695313e-06, Grad norm = 1.526482e-08, Beta update rate = 6.242171e-10
Epoch 824200 (16.5%): Train pred MSE = 1.131014e-11, Test pred MSE = 7.465914e-07, Param MSE = 7.695307e-06, Grad norm = 1.524891e-08, Beta update rate = 6.235578e-10
Epoch 824400 (16.5%): Train pred MSE = 1.128691e-11, Test pred MSE = 7.465908e-07, Param MSE = 7.695301e-06, Grad norm = 1.523302e-08, Beta update rate = 6.228992e-10
Epoch 824600 (16.5%): Train pred MSE = 1.126373e-11, Test pred MSE = 7.465903e-07, Param MSE = 7.695296e-06, Grad norm = 1.521715e-08, Beta update rate = 6.222413e-10
Epoch 824800 (16.5%): Train pred MSE = 1.124060e-11, Test pred MSE = 7.465897e-07, Param MSE = 7.695290e-06, Grad norm = 1.520129e-08, Beta update rate = 6.215842e-10
Epoch 825000 (16.5%): Train pred MSE = 1.121751e-11, Test pred MSE = 7.465891e-07, Param MSE = 7.695284e-06, Grad norm = 1.518546e-08, Beta update rate = 6.209278e-10
Epoch 825200 (16.5%): Train pred MSE = 1.119448e-11, Test pred MSE = 7.465886e-07, Param MSE = 7.695279e-06, Grad norm = 1.516964e-08, Beta update rate = 6.202721e-10
Epoch 825400 (16.5%): Train pred MSE = 1.117149e-11, Test pred MSE = 7.465880e-07, Param MSE = 7.695273e-06, Grad norm = 1.515383e-08, Beta update rate = 6.196171e-10
Epoch 825600 (16.5%): Train pred MSE = 1.114855e-11, Test pred MSE = 7.465874e-07, Param MSE = 7.695267e-06, Grad norm = 1.513805e-08, Beta update rate = 6.189628e-10
Epoch 825800 (16.5%): Train pred MSE = 1.112566e-11, Test pred MSE = 7.465869e-07, Param MSE = 7.695261e-06, Grad norm = 1.512228e-08, Beta update rate = 6.183093e-10
Epoch 826000 (16.5%): Train pred MSE = 1.110281e-11, Test pred MSE = 7.465863e-07, Param MSE = 7.695256e-06, Grad norm = 1.510652e-08, Beta update rate = 6.176565e-10
Epoch 826200 (16.5%): Train pred MSE = 1.108002e-11, Test pred MSE = 7.465857e-07, Param MSE = 7.695250e-06, Grad norm = 1.509079e-08, Beta update rate = 6.170044e-10
Epoch 826400 (16.5%): Train pred MSE = 1.105727e-11, Test pred MSE = 7.465852e-07, Param MSE = 7.695244e-06, Grad norm = 1.507507e-08, Beta update rate = 6.163530e-10
Epoch 826600 (16.5%): Train pred MSE = 1.103457e-11, Test pred MSE = 7.465846e-07, Param MSE = 7.695239e-06, Grad norm = 1.505937e-08, Beta update rate = 6.157024e-10
Epoch 826800 (16.5%): Train pred MSE = 1.101191e-11, Test pred MSE = 7.465840e-07, Param MSE = 7.695233e-06, Grad norm = 1.504368e-08, Beta update rate = 6.150524e-10
Epoch 827000 (16.5%): Train pred MSE = 1.098930e-11, Test pred MSE = 7.465835e-07, Param MSE = 7.695227e-06, Grad norm = 1.502801e-08, Beta update rate = 6.144032e-10
Epoch 827200 (16.5%): Train pred MSE = 1.096674e-11, Test pred MSE = 7.465829e-07, Param MSE = 7.695222e-06, Grad norm = 1.501236e-08, Beta update rate = 6.137547e-10
Epoch 827400 (16.5%): Train pred MSE = 1.094423e-11, Test pred MSE = 7.465823e-07, Param MSE = 7.695216e-06, Grad norm = 1.499673e-08, Beta update rate = 6.131069e-10
Epoch 827600 (16.6%): Train pred MSE = 1.092176e-11, Test pred MSE = 7.465818e-07, Param MSE = 7.695210e-06, Grad norm = 1.498111e-08, Beta update rate = 6.124598e-10
Epoch 827800 (16.6%): Train pred MSE = 1.089934e-11, Test pred MSE = 7.465812e-07, Param MSE = 7.695205e-06, Grad norm = 1.496551e-08, Beta update rate = 6.118134e-10
Epoch 828000 (16.6%): Train pred MSE = 1.087697e-11, Test pred MSE = 7.465806e-07, Param MSE = 7.695199e-06, Grad norm = 1.494993e-08, Beta update rate = 6.111678e-10
Epoch 828200 (16.6%): Train pred MSE = 1.085464e-11, Test pred MSE = 7.465801e-07, Param MSE = 7.695194e-06, Grad norm = 1.493436e-08, Beta update rate = 6.105228e-10
Epoch 828400 (16.6%): Train pred MSE = 1.083236e-11, Test pred MSE = 7.465795e-07, Param MSE = 7.695188e-06, Grad norm = 1.491881e-08, Beta update rate = 6.098786e-10
Epoch 828600 (16.6%): Train pred MSE = 1.081013e-11, Test pred MSE = 7.465790e-07, Param MSE = 7.695182e-06, Grad norm = 1.490328e-08, Beta update rate = 6.092350e-10
Epoch 828800 (16.6%): Train pred MSE = 1.078794e-11, Test pred MSE = 7.465784e-07, Param MSE = 7.695177e-06, Grad norm = 1.488776e-08, Beta update rate = 6.085922e-10
Epoch 829000 (16.6%): Train pred MSE = 1.076580e-11, Test pred MSE = 7.465779e-07, Param MSE = 7.695171e-06, Grad norm = 1.487226e-08, Beta update rate = 6.079501e-10
Epoch 829200 (16.6%): Train pred MSE = 1.074371e-11, Test pred MSE = 7.465773e-07, Param MSE = 7.695166e-06, Grad norm = 1.485678e-08, Beta update rate = 6.073086e-10
Epoch 829400 (16.6%): Train pred MSE = 1.072166e-11, Test pred MSE = 7.465767e-07, Param MSE = 7.695160e-06, Grad norm = 1.484131e-08, Beta update rate = 6.066679e-10
Epoch 829600 (16.6%): Train pred MSE = 1.069965e-11, Test pred MSE = 7.465762e-07, Param MSE = 7.695154e-06, Grad norm = 1.482586e-08, Beta update rate = 6.060279e-10
Epoch 829800 (16.6%): Train pred MSE = 1.067770e-11, Test pred MSE = 7.465756e-07, Param MSE = 7.695149e-06, Grad norm = 1.481043e-08, Beta update rate = 6.053886e-10
Epoch 830000 (16.6%): Train pred MSE = 1.065578e-11, Test pred MSE = 7.465751e-07, Param MSE = 7.695143e-06, Grad norm = 1.479501e-08, Beta update rate = 6.047500e-10
Epoch 830200 (16.6%): Train pred MSE = 1.063392e-11, Test pred MSE = 7.465745e-07, Param MSE = 7.695138e-06, Grad norm = 1.477961e-08, Beta update rate = 6.041121e-10
Epoch 830400 (16.6%): Train pred MSE = 1.061210e-11, Test pred MSE = 7.465740e-07, Param MSE = 7.695132e-06, Grad norm = 1.476423e-08, Beta update rate = 6.034749e-10
Epoch 830600 (16.6%): Train pred MSE = 1.059032e-11, Test pred MSE = 7.465734e-07, Param MSE = 7.695127e-06, Grad norm = 1.474886e-08, Beta update rate = 6.028384e-10
Epoch 830800 (16.6%): Train pred MSE = 1.056859e-11, Test pred MSE = 7.465729e-07, Param MSE = 7.695121e-06, Grad norm = 1.473351e-08, Beta update rate = 6.022026e-10
Epoch 831000 (16.6%): Train pred MSE = 1.054691e-11, Test pred MSE = 7.465723e-07, Param MSE = 7.695116e-06, Grad norm = 1.471818e-08, Beta update rate = 6.015675e-10
Epoch 831200 (16.6%): Train pred MSE = 1.052527e-11, Test pred MSE = 7.465718e-07, Param MSE = 7.695110e-06, Grad norm = 1.470286e-08, Beta update rate = 6.009331e-10
Epoch 831400 (16.6%): Train pred MSE = 1.050367e-11, Test pred MSE = 7.465712e-07, Param MSE = 7.695104e-06, Grad norm = 1.468756e-08, Beta update rate = 6.002994e-10
Epoch 831600 (16.6%): Train pred MSE = 1.048212e-11, Test pred MSE = 7.465707e-07, Param MSE = 7.695099e-06, Grad norm = 1.467228e-08, Beta update rate = 5.996664e-10
Epoch 831800 (16.6%): Train pred MSE = 1.046062e-11, Test pred MSE = 7.465701e-07, Param MSE = 7.695093e-06, Grad norm = 1.465701e-08, Beta update rate = 5.990341e-10
Epoch 832000 (16.6%): Train pred MSE = 1.043916e-11, Test pred MSE = 7.465696e-07, Param MSE = 7.695088e-06, Grad norm = 1.464176e-08, Beta update rate = 5.984025e-10
Epoch 832200 (16.6%): Train pred MSE = 1.041774e-11, Test pred MSE = 7.465690e-07, Param MSE = 7.695082e-06, Grad norm = 1.462652e-08, Beta update rate = 5.977715e-10
Epoch 832400 (16.6%): Train pred MSE = 1.039637e-11, Test pred MSE = 7.465685e-07, Param MSE = 7.695077e-06, Grad norm = 1.461130e-08, Beta update rate = 5.971413e-10
Epoch 832600 (16.7%): Train pred MSE = 1.037504e-11, Test pred MSE = 7.465679e-07, Param MSE = 7.695072e-06, Grad norm = 1.459610e-08, Beta update rate = 5.965118e-10
Epoch 832800 (16.7%): Train pred MSE = 1.035376e-11, Test pred MSE = 7.465674e-07, Param MSE = 7.695066e-06, Grad norm = 1.458091e-08, Beta update rate = 5.958829e-10
Epoch 833000 (16.7%): Train pred MSE = 1.033252e-11, Test pred MSE = 7.465668e-07, Param MSE = 7.695061e-06, Grad norm = 1.456574e-08, Beta update rate = 5.952548e-10
Epoch 833200 (16.7%): Train pred MSE = 1.031133e-11, Test pred MSE = 7.465663e-07, Param MSE = 7.695055e-06, Grad norm = 1.455059e-08, Beta update rate = 5.946273e-10
Epoch 833400 (16.7%): Train pred MSE = 1.029018e-11, Test pred MSE = 7.465657e-07, Param MSE = 7.695050e-06, Grad norm = 1.453545e-08, Beta update rate = 5.940005e-10
Epoch 833600 (16.7%): Train pred MSE = 1.026907e-11, Test pred MSE = 7.465652e-07, Param MSE = 7.695044e-06, Grad norm = 1.452033e-08, Beta update rate = 5.933744e-10
Epoch 833800 (16.7%): Train pred MSE = 1.024801e-11, Test pred MSE = 7.465647e-07, Param MSE = 7.695039e-06, Grad norm = 1.450523e-08, Beta update rate = 5.927490e-10
Epoch 834000 (16.7%): Train pred MSE = 1.022699e-11, Test pred MSE = 7.465641e-07, Param MSE = 7.695033e-06, Grad norm = 1.449014e-08, Beta update rate = 5.921243e-10
Epoch 834200 (16.7%): Train pred MSE = 1.020602e-11, Test pred MSE = 7.465636e-07, Param MSE = 7.695028e-06, Grad norm = 1.447507e-08, Beta update rate = 5.915002e-10
Epoch 834400 (16.7%): Train pred MSE = 1.018509e-11, Test pred MSE = 7.465630e-07, Param MSE = 7.695022e-06, Grad norm = 1.446001e-08, Beta update rate = 5.908769e-10
Epoch 834600 (16.7%): Train pred MSE = 1.016420e-11, Test pred MSE = 7.465625e-07, Param MSE = 7.695017e-06, Grad norm = 1.444497e-08, Beta update rate = 5.902542e-10
Epoch 834800 (16.7%): Train pred MSE = 1.014336e-11, Test pred MSE = 7.465620e-07, Param MSE = 7.695012e-06, Grad norm = 1.442995e-08, Beta update rate = 5.896323e-10
Epoch 835000 (16.7%): Train pred MSE = 1.012256e-11, Test pred MSE = 7.465614e-07, Param MSE = 7.695006e-06, Grad norm = 1.441494e-08, Beta update rate = 5.890110e-10
Epoch 835200 (16.7%): Train pred MSE = 1.010180e-11, Test pred MSE = 7.465609e-07, Param MSE = 7.695001e-06, Grad norm = 1.439995e-08, Beta update rate = 5.883903e-10
Epoch 835400 (16.7%): Train pred MSE = 1.008109e-11, Test pred MSE = 7.465603e-07, Param MSE = 7.694995e-06, Grad norm = 1.438498e-08, Beta update rate = 5.877704e-10
Epoch 835600 (16.7%): Train pred MSE = 1.006041e-11, Test pred MSE = 7.465598e-07, Param MSE = 7.694990e-06, Grad norm = 1.437002e-08, Beta update rate = 5.871512e-10
Epoch 835800 (16.7%): Train pred MSE = 1.003979e-11, Test pred MSE = 7.465593e-07, Param MSE = 7.694985e-06, Grad norm = 1.435508e-08, Beta update rate = 5.865326e-10
Epoch 836000 (16.7%): Train pred MSE = 1.001920e-11, Test pred MSE = 7.465587e-07, Param MSE = 7.694979e-06, Grad norm = 1.434015e-08, Beta update rate = 5.859147e-10
Epoch 836200 (16.7%): Train pred MSE = 9.998659e-12, Test pred MSE = 7.465582e-07, Param MSE = 7.694974e-06, Grad norm = 1.432524e-08, Beta update rate = 5.852975e-10
Epoch 836400 (16.7%): Train pred MSE = 9.978159e-12, Test pred MSE = 7.465577e-07, Param MSE = 7.694969e-06, Grad norm = 1.431034e-08, Beta update rate = 5.846809e-10
Epoch 836600 (16.7%): Train pred MSE = 9.957702e-12, Test pred MSE = 7.465571e-07, Param MSE = 7.694963e-06, Grad norm = 1.429546e-08, Beta update rate = 5.840650e-10
Epoch 836800 (16.7%): Train pred MSE = 9.937287e-12, Test pred MSE = 7.465566e-07, Param MSE = 7.694958e-06, Grad norm = 1.428060e-08, Beta update rate = 5.834499e-10
Epoch 837000 (16.7%): Train pred MSE = 9.916915e-12, Test pred MSE = 7.465561e-07, Param MSE = 7.694953e-06, Grad norm = 1.426575e-08, Beta update rate = 5.828353e-10
Epoch 837200 (16.7%): Train pred MSE = 9.896585e-12, Test pred MSE = 7.465555e-07, Param MSE = 7.694947e-06, Grad norm = 1.425092e-08, Beta update rate = 5.822215e-10
Epoch 837400 (16.7%): Train pred MSE = 9.876297e-12, Test pred MSE = 7.465550e-07, Param MSE = 7.694942e-06, Grad norm = 1.423611e-08, Beta update rate = 5.816083e-10
Epoch 837600 (16.8%): Train pred MSE = 9.856052e-12, Test pred MSE = 7.465545e-07, Param MSE = 7.694937e-06, Grad norm = 1.422131e-08, Beta update rate = 5.809958e-10
Epoch 837800 (16.8%): Train pred MSE = 9.835848e-12, Test pred MSE = 7.465540e-07, Param MSE = 7.694931e-06, Grad norm = 1.420653e-08, Beta update rate = 5.803840e-10
Epoch 838000 (16.8%): Train pred MSE = 9.815687e-12, Test pred MSE = 7.465534e-07, Param MSE = 7.694926e-06, Grad norm = 1.419176e-08, Beta update rate = 5.797728e-10
Epoch 838200 (16.8%): Train pred MSE = 9.795568e-12, Test pred MSE = 7.465529e-07, Param MSE = 7.694921e-06, Grad norm = 1.417701e-08, Beta update rate = 5.791624e-10
Epoch 838400 (16.8%): Train pred MSE = 9.775490e-12, Test pred MSE = 7.465524e-07, Param MSE = 7.694915e-06, Grad norm = 1.416227e-08, Beta update rate = 5.785525e-10
Epoch 838600 (16.8%): Train pred MSE = 9.755454e-12, Test pred MSE = 7.465518e-07, Param MSE = 7.694910e-06, Grad norm = 1.414755e-08, Beta update rate = 5.779434e-10
Epoch 838800 (16.8%): Train pred MSE = 9.735459e-12, Test pred MSE = 7.465513e-07, Param MSE = 7.694905e-06, Grad norm = 1.413285e-08, Beta update rate = 5.773349e-10
Epoch 839000 (16.8%): Train pred MSE = 9.715507e-12, Test pred MSE = 7.465508e-07, Param MSE = 7.694900e-06, Grad norm = 1.411816e-08, Beta update rate = 5.767271e-10
Epoch 839200 (16.8%): Train pred MSE = 9.695595e-12, Test pred MSE = 7.465503e-07, Param MSE = 7.694894e-06, Grad norm = 1.410349e-08, Beta update rate = 5.761199e-10
Epoch 839400 (16.8%): Train pred MSE = 9.675725e-12, Test pred MSE = 7.465497e-07, Param MSE = 7.694889e-06, Grad norm = 1.408883e-08, Beta update rate = 5.755135e-10
Epoch 839600 (16.8%): Train pred MSE = 9.655896e-12, Test pred MSE = 7.465492e-07, Param MSE = 7.694884e-06, Grad norm = 1.407419e-08, Beta update rate = 5.749076e-10
Epoch 839800 (16.8%): Train pred MSE = 9.636109e-12, Test pred MSE = 7.465487e-07, Param MSE = 7.694878e-06, Grad norm = 1.405957e-08, Beta update rate = 5.743025e-10
Epoch 840000 (16.8%): Train pred MSE = 9.616362e-12, Test pred MSE = 7.465482e-07, Param MSE = 7.694873e-06, Grad norm = 1.404496e-08, Beta update rate = 5.736980e-10
Epoch 840200 (16.8%): Train pred MSE = 9.596657e-12, Test pred MSE = 7.465476e-07, Param MSE = 7.694868e-06, Grad norm = 1.403037e-08, Beta update rate = 5.730942e-10
Epoch 840400 (16.8%): Train pred MSE = 9.576992e-12, Test pred MSE = 7.465471e-07, Param MSE = 7.694863e-06, Grad norm = 1.401579e-08, Beta update rate = 5.724910e-10
Epoch 840600 (16.8%): Train pred MSE = 9.557369e-12, Test pred MSE = 7.465466e-07, Param MSE = 7.694858e-06, Grad norm = 1.400123e-08, Beta update rate = 5.718885e-10
Epoch 840800 (16.8%): Train pred MSE = 9.537786e-12, Test pred MSE = 7.465461e-07, Param MSE = 7.694852e-06, Grad norm = 1.398668e-08, Beta update rate = 5.712866e-10
Epoch 841000 (16.8%): Train pred MSE = 9.518244e-12, Test pred MSE = 7.465456e-07, Param MSE = 7.694847e-06, Grad norm = 1.397215e-08, Beta update rate = 5.706855e-10
Epoch 841200 (16.8%): Train pred MSE = 9.498742e-12, Test pred MSE = 7.465450e-07, Param MSE = 7.694842e-06, Grad norm = 1.395763e-08, Beta update rate = 5.700849e-10
Epoch 841400 (16.8%): Train pred MSE = 9.479281e-12, Test pred MSE = 7.465445e-07, Param MSE = 7.694837e-06, Grad norm = 1.394313e-08, Beta update rate = 5.694850e-10
Epoch 841600 (16.8%): Train pred MSE = 9.459860e-12, Test pred MSE = 7.465440e-07, Param MSE = 7.694831e-06, Grad norm = 1.392865e-08, Beta update rate = 5.688858e-10
Epoch 841800 (16.8%): Train pred MSE = 9.440480e-12, Test pred MSE = 7.465435e-07, Param MSE = 7.694826e-06, Grad norm = 1.391418e-08, Beta update rate = 5.682873e-10
Epoch 842000 (16.8%): Train pred MSE = 9.421139e-12, Test pred MSE = 7.465430e-07, Param MSE = 7.694821e-06, Grad norm = 1.389973e-08, Beta update rate = 5.676894e-10
Epoch 842200 (16.8%): Train pred MSE = 9.401839e-12, Test pred MSE = 7.465425e-07, Param MSE = 7.694816e-06, Grad norm = 1.388529e-08, Beta update rate = 5.670921e-10
Epoch 842400 (16.8%): Train pred MSE = 9.382580e-12, Test pred MSE = 7.465419e-07, Param MSE = 7.694811e-06, Grad norm = 1.387087e-08, Beta update rate = 5.664955e-10
Epoch 842600 (16.9%): Train pred MSE = 9.363360e-12, Test pred MSE = 7.465414e-07, Param MSE = 7.694806e-06, Grad norm = 1.385646e-08, Beta update rate = 5.658996e-10
Epoch 842800 (16.9%): Train pred MSE = 9.344179e-12, Test pred MSE = 7.465409e-07, Param MSE = 7.694800e-06, Grad norm = 1.384207e-08, Beta update rate = 5.653043e-10
Epoch 843000 (16.9%): Train pred MSE = 9.325039e-12, Test pred MSE = 7.465404e-07, Param MSE = 7.694795e-06, Grad norm = 1.382769e-08, Beta update rate = 5.647097e-10
Epoch 843200 (16.9%): Train pred MSE = 9.305939e-12, Test pred MSE = 7.465399e-07, Param MSE = 7.694790e-06, Grad norm = 1.381333e-08, Beta update rate = 5.641157e-10
Epoch 843400 (16.9%): Train pred MSE = 9.286878e-12, Test pred MSE = 7.465394e-07, Param MSE = 7.694785e-06, Grad norm = 1.379899e-08, Beta update rate = 5.635223e-10
Epoch 843600 (16.9%): Train pred MSE = 9.267857e-12, Test pred MSE = 7.465389e-07, Param MSE = 7.694780e-06, Grad norm = 1.378466e-08, Beta update rate = 5.629296e-10
Epoch 843800 (16.9%): Train pred MSE = 9.248875e-12, Test pred MSE = 7.465383e-07, Param MSE = 7.694775e-06, Grad norm = 1.377034e-08, Beta update rate = 5.623376e-10
Epoch 844000 (16.9%): Train pred MSE = 9.229932e-12, Test pred MSE = 7.465378e-07, Param MSE = 7.694770e-06, Grad norm = 1.375604e-08, Beta update rate = 5.617462e-10
Epoch 844200 (16.9%): Train pred MSE = 9.211029e-12, Test pred MSE = 7.465373e-07, Param MSE = 7.694764e-06, Grad norm = 1.374176e-08, Beta update rate = 5.611555e-10
Epoch 844400 (16.9%): Train pred MSE = 9.192165e-12, Test pred MSE = 7.465368e-07, Param MSE = 7.694759e-06, Grad norm = 1.372749e-08, Beta update rate = 5.605654e-10
Epoch 844600 (16.9%): Train pred MSE = 9.173341e-12, Test pred MSE = 7.465363e-07, Param MSE = 7.694754e-06, Grad norm = 1.371324e-08, Beta update rate = 5.599759e-10
Epoch 844800 (16.9%): Train pred MSE = 9.154555e-12, Test pred MSE = 7.465358e-07, Param MSE = 7.694749e-06, Grad norm = 1.369900e-08, Beta update rate = 5.593871e-10
Epoch 845000 (16.9%): Train pred MSE = 9.135809e-12, Test pred MSE = 7.465353e-07, Param MSE = 7.694744e-06, Grad norm = 1.368478e-08, Beta update rate = 5.587989e-10
Epoch 845200 (16.9%): Train pred MSE = 9.117101e-12, Test pred MSE = 7.465348e-07, Param MSE = 7.694739e-06, Grad norm = 1.367057e-08, Beta update rate = 5.582114e-10
Epoch 845400 (16.9%): Train pred MSE = 9.098432e-12, Test pred MSE = 7.465343e-07, Param MSE = 7.694734e-06, Grad norm = 1.365638e-08, Beta update rate = 5.576245e-10
Epoch 845600 (16.9%): Train pred MSE = 9.079802e-12, Test pred MSE = 7.465338e-07, Param MSE = 7.694729e-06, Grad norm = 1.364220e-08, Beta update rate = 5.570383e-10
Epoch 845800 (16.9%): Train pred MSE = 9.061210e-12, Test pred MSE = 7.465333e-07, Param MSE = 7.694724e-06, Grad norm = 1.362804e-08, Beta update rate = 5.564527e-10
Epoch 846000 (16.9%): Train pred MSE = 9.042657e-12, Test pred MSE = 7.465328e-07, Param MSE = 7.694719e-06, Grad norm = 1.361390e-08, Beta update rate = 5.558677e-10
Epoch 846200 (16.9%): Train pred MSE = 9.024143e-12, Test pred MSE = 7.465323e-07, Param MSE = 7.694714e-06, Grad norm = 1.359977e-08, Beta update rate = 5.552834e-10
Epoch 846400 (16.9%): Train pred MSE = 9.005667e-12, Test pred MSE = 7.465317e-07, Param MSE = 7.694709e-06, Grad norm = 1.358565e-08, Beta update rate = 5.546998e-10
Epoch 846600 (16.9%): Train pred MSE = 8.987229e-12, Test pred MSE = 7.465312e-07, Param MSE = 7.694703e-06, Grad norm = 1.357155e-08, Beta update rate = 5.541167e-10
Epoch 846800 (16.9%): Train pred MSE = 8.968830e-12, Test pred MSE = 7.465307e-07, Param MSE = 7.694698e-06, Grad norm = 1.355746e-08, Beta update rate = 5.535343e-10
Epoch 847000 (16.9%): Train pred MSE = 8.950468e-12, Test pred MSE = 7.465302e-07, Param MSE = 7.694693e-06, Grad norm = 1.354339e-08, Beta update rate = 5.529526e-10
Epoch 847200 (16.9%): Train pred MSE = 8.932145e-12, Test pred MSE = 7.465297e-07, Param MSE = 7.694688e-06, Grad norm = 1.352934e-08, Beta update rate = 5.523714e-10
Epoch 847400 (16.9%): Train pred MSE = 8.913860e-12, Test pred MSE = 7.465292e-07, Param MSE = 7.694683e-06, Grad norm = 1.351530e-08, Beta update rate = 5.517909e-10
Epoch 847600 (17.0%): Train pred MSE = 8.895613e-12, Test pred MSE = 7.465287e-07, Param MSE = 7.694678e-06, Grad norm = 1.350127e-08, Beta update rate = 5.512111e-10
Epoch 847800 (17.0%): Train pred MSE = 8.877403e-12, Test pred MSE = 7.465282e-07, Param MSE = 7.694673e-06, Grad norm = 1.348726e-08, Beta update rate = 5.506318e-10
Epoch 848000 (17.0%): Train pred MSE = 8.859232e-12, Test pred MSE = 7.465277e-07, Param MSE = 7.694668e-06, Grad norm = 1.347327e-08, Beta update rate = 5.500532e-10
Epoch 848200 (17.0%): Train pred MSE = 8.841098e-12, Test pred MSE = 7.465272e-07, Param MSE = 7.694663e-06, Grad norm = 1.345929e-08, Beta update rate = 5.494753e-10
Epoch 848400 (17.0%): Train pred MSE = 8.823002e-12, Test pred MSE = 7.465267e-07, Param MSE = 7.694658e-06, Grad norm = 1.344532e-08, Beta update rate = 5.488980e-10
Epoch 848600 (17.0%): Train pred MSE = 8.804943e-12, Test pred MSE = 7.465262e-07, Param MSE = 7.694653e-06, Grad norm = 1.343137e-08, Beta update rate = 5.483213e-10
Epoch 848800 (17.0%): Train pred MSE = 8.786922e-12, Test pred MSE = 7.465257e-07, Param MSE = 7.694648e-06, Grad norm = 1.341743e-08, Beta update rate = 5.477452e-10
Epoch 849000 (17.0%): Train pred MSE = 8.768938e-12, Test pred MSE = 7.465253e-07, Param MSE = 7.694643e-06, Grad norm = 1.340351e-08, Beta update rate = 5.471697e-10
Epoch 849200 (17.0%): Train pred MSE = 8.750991e-12, Test pred MSE = 7.465248e-07, Param MSE = 7.694638e-06, Grad norm = 1.338961e-08, Beta update rate = 5.465949e-10
Epoch 849400 (17.0%): Train pred MSE = 8.733082e-12, Test pred MSE = 7.465243e-07, Param MSE = 7.694633e-06, Grad norm = 1.337572e-08, Beta update rate = 5.460208e-10
Epoch 849600 (17.0%): Train pred MSE = 8.715209e-12, Test pred MSE = 7.465238e-07, Param MSE = 7.694628e-06, Grad norm = 1.336184e-08, Beta update rate = 5.454472e-10
Epoch 849800 (17.0%): Train pred MSE = 8.697374e-12, Test pred MSE = 7.465233e-07, Param MSE = 7.694623e-06, Grad norm = 1.334798e-08, Beta update rate = 5.448743e-10
Epoch 850000 (17.0%): Train pred MSE = 8.679576e-12, Test pred MSE = 7.465228e-07, Param MSE = 7.694619e-06, Grad norm = 1.333413e-08, Beta update rate = 5.443020e-10
Epoch 850200 (17.0%): Train pred MSE = 8.661814e-12, Test pred MSE = 7.465223e-07, Param MSE = 7.694614e-06, Grad norm = 1.332030e-08, Beta update rate = 5.437303e-10
Epoch 850400 (17.0%): Train pred MSE = 8.644090e-12, Test pred MSE = 7.465218e-07, Param MSE = 7.694609e-06, Grad norm = 1.330649e-08, Beta update rate = 5.431592e-10
Epoch 850600 (17.0%): Train pred MSE = 8.626402e-12, Test pred MSE = 7.465213e-07, Param MSE = 7.694604e-06, Grad norm = 1.329268e-08, Beta update rate = 5.425888e-10
Epoch 850800 (17.0%): Train pred MSE = 8.608751e-12, Test pred MSE = 7.465208e-07, Param MSE = 7.694599e-06, Grad norm = 1.327890e-08, Beta update rate = 5.420190e-10
Epoch 851000 (17.0%): Train pred MSE = 8.591137e-12, Test pred MSE = 7.465203e-07, Param MSE = 7.694594e-06, Grad norm = 1.326513e-08, Beta update rate = 5.414498e-10
Epoch 851200 (17.0%): Train pred MSE = 8.573559e-12, Test pred MSE = 7.465198e-07, Param MSE = 7.694589e-06, Grad norm = 1.325137e-08, Beta update rate = 5.408813e-10
Epoch 851400 (17.0%): Train pred MSE = 8.556017e-12, Test pred MSE = 7.465193e-07, Param MSE = 7.694584e-06, Grad norm = 1.323763e-08, Beta update rate = 5.403133e-10
Epoch 851600 (17.0%): Train pred MSE = 8.538512e-12, Test pred MSE = 7.465189e-07, Param MSE = 7.694579e-06, Grad norm = 1.322390e-08, Beta update rate = 5.397460e-10
Epoch 851800 (17.0%): Train pred MSE = 8.521043e-12, Test pred MSE = 7.465184e-07, Param MSE = 7.694574e-06, Grad norm = 1.321018e-08, Beta update rate = 5.391793e-10
Epoch 852000 (17.0%): Train pred MSE = 8.503610e-12, Test pred MSE = 7.465179e-07, Param MSE = 7.694569e-06, Grad norm = 1.319649e-08, Beta update rate = 5.386132e-10
Epoch 852200 (17.0%): Train pred MSE = 8.486214e-12, Test pred MSE = 7.465174e-07, Param MSE = 7.694564e-06, Grad norm = 1.318280e-08, Beta update rate = 5.380477e-10
Epoch 852400 (17.0%): Train pred MSE = 8.468853e-12, Test pred MSE = 7.465169e-07, Param MSE = 7.694560e-06, Grad norm = 1.316913e-08, Beta update rate = 5.374829e-10
Epoch 852600 (17.1%): Train pred MSE = 8.451529e-12, Test pred MSE = 7.465164e-07, Param MSE = 7.694555e-06, Grad norm = 1.315548e-08, Beta update rate = 5.369186e-10
Epoch 852800 (17.1%): Train pred MSE = 8.434240e-12, Test pred MSE = 7.465159e-07, Param MSE = 7.694550e-06, Grad norm = 1.314184e-08, Beta update rate = 5.363550e-10
Epoch 853000 (17.1%): Train pred MSE = 8.416988e-12, Test pred MSE = 7.465154e-07, Param MSE = 7.694545e-06, Grad norm = 1.312821e-08, Beta update rate = 5.357920e-10
Epoch 853200 (17.1%): Train pred MSE = 8.399771e-12, Test pred MSE = 7.465150e-07, Param MSE = 7.694540e-06, Grad norm = 1.311460e-08, Beta update rate = 5.352296e-10
Epoch 853400 (17.1%): Train pred MSE = 8.382589e-12, Test pred MSE = 7.465145e-07, Param MSE = 7.694535e-06, Grad norm = 1.310101e-08, Beta update rate = 5.346678e-10
Epoch 853600 (17.1%): Train pred MSE = 8.365444e-12, Test pred MSE = 7.465140e-07, Param MSE = 7.694530e-06, Grad norm = 1.308742e-08, Beta update rate = 5.341067e-10
Epoch 853800 (17.1%): Train pred MSE = 8.348333e-12, Test pred MSE = 7.465135e-07, Param MSE = 7.694526e-06, Grad norm = 1.307386e-08, Beta update rate = 5.335461e-10
Epoch 854000 (17.1%): Train pred MSE = 8.331259e-12, Test pred MSE = 7.465130e-07, Param MSE = 7.694521e-06, Grad norm = 1.306030e-08, Beta update rate = 5.329862e-10
Epoch 854200 (17.1%): Train pred MSE = 8.314219e-12, Test pred MSE = 7.465125e-07, Param MSE = 7.694516e-06, Grad norm = 1.304677e-08, Beta update rate = 5.324269e-10
Epoch 854400 (17.1%): Train pred MSE = 8.297215e-12, Test pred MSE = 7.465121e-07, Param MSE = 7.694511e-06, Grad norm = 1.303324e-08, Beta update rate = 5.318681e-10
Epoch 854600 (17.1%): Train pred MSE = 8.280246e-12, Test pred MSE = 7.465116e-07, Param MSE = 7.694506e-06, Grad norm = 1.301973e-08, Beta update rate = 5.313100e-10
Epoch 854800 (17.1%): Train pred MSE = 8.263313e-12, Test pred MSE = 7.465111e-07, Param MSE = 7.694501e-06, Grad norm = 1.300624e-08, Beta update rate = 5.307525e-10
Epoch 855000 (17.1%): Train pred MSE = 8.246414e-12, Test pred MSE = 7.465106e-07, Param MSE = 7.694497e-06, Grad norm = 1.299276e-08, Beta update rate = 5.301956e-10
Epoch 855200 (17.1%): Train pred MSE = 8.229551e-12, Test pred MSE = 7.465102e-07, Param MSE = 7.694492e-06, Grad norm = 1.297929e-08, Beta update rate = 5.296393e-10
Epoch 855400 (17.1%): Train pred MSE = 8.212722e-12, Test pred MSE = 7.465097e-07, Param MSE = 7.694487e-06, Grad norm = 1.296584e-08, Beta update rate = 5.290837e-10
Epoch 855600 (17.1%): Train pred MSE = 8.195928e-12, Test pred MSE = 7.465092e-07, Param MSE = 7.694482e-06, Grad norm = 1.295240e-08, Beta update rate = 5.285286e-10
Epoch 855800 (17.1%): Train pred MSE = 8.179169e-12, Test pred MSE = 7.465087e-07, Param MSE = 7.694477e-06, Grad norm = 1.293898e-08, Beta update rate = 5.279741e-10
Epoch 856000 (17.1%): Train pred MSE = 8.162445e-12, Test pred MSE = 7.465082e-07, Param MSE = 7.694473e-06, Grad norm = 1.292557e-08, Beta update rate = 5.274203e-10
Epoch 856200 (17.1%): Train pred MSE = 8.145756e-12, Test pred MSE = 7.465078e-07, Param MSE = 7.694468e-06, Grad norm = 1.291218e-08, Beta update rate = 5.268670e-10
Epoch 856400 (17.1%): Train pred MSE = 8.129100e-12, Test pred MSE = 7.465073e-07, Param MSE = 7.694463e-06, Grad norm = 1.289880e-08, Beta update rate = 5.263143e-10
Epoch 856600 (17.1%): Train pred MSE = 8.112480e-12, Test pred MSE = 7.465068e-07, Param MSE = 7.694458e-06, Grad norm = 1.288543e-08, Beta update rate = 5.257623e-10
Epoch 856800 (17.1%): Train pred MSE = 8.095894e-12, Test pred MSE = 7.465063e-07, Param MSE = 7.694454e-06, Grad norm = 1.287208e-08, Beta update rate = 5.252108e-10
Epoch 857000 (17.1%): Train pred MSE = 8.079342e-12, Test pred MSE = 7.465059e-07, Param MSE = 7.694449e-06, Grad norm = 1.285874e-08, Beta update rate = 5.246600e-10
Epoch 857200 (17.1%): Train pred MSE = 8.062825e-12, Test pred MSE = 7.465054e-07, Param MSE = 7.694444e-06, Grad norm = 1.284542e-08, Beta update rate = 5.241097e-10
Epoch 857400 (17.1%): Train pred MSE = 8.046341e-12, Test pred MSE = 7.465049e-07, Param MSE = 7.694439e-06, Grad norm = 1.283211e-08, Beta update rate = 5.235601e-10
Epoch 857600 (17.2%): Train pred MSE = 8.029892e-12, Test pred MSE = 7.465044e-07, Param MSE = 7.694435e-06, Grad norm = 1.281882e-08, Beta update rate = 5.230110e-10
Epoch 857800 (17.2%): Train pred MSE = 8.013477e-12, Test pred MSE = 7.465040e-07, Param MSE = 7.694430e-06, Grad norm = 1.280554e-08, Beta update rate = 5.224626e-10
Epoch 858000 (17.2%): Train pred MSE = 7.997096e-12, Test pred MSE = 7.465035e-07, Param MSE = 7.694425e-06, Grad norm = 1.279227e-08, Beta update rate = 5.219147e-10
Epoch 858200 (17.2%): Train pred MSE = 7.980749e-12, Test pred MSE = 7.465030e-07, Param MSE = 7.694420e-06, Grad norm = 1.277902e-08, Beta update rate = 5.213674e-10
Epoch 858400 (17.2%): Train pred MSE = 7.964436e-12, Test pred MSE = 7.465026e-07, Param MSE = 7.694416e-06, Grad norm = 1.276579e-08, Beta update rate = 5.208208e-10
Epoch 858600 (17.2%): Train pred MSE = 7.948156e-12, Test pred MSE = 7.465021e-07, Param MSE = 7.694411e-06, Grad norm = 1.275256e-08, Beta update rate = 5.202747e-10
Epoch 858800 (17.2%): Train pred MSE = 7.931910e-12, Test pred MSE = 7.465016e-07, Param MSE = 7.694406e-06, Grad norm = 1.273935e-08, Beta update rate = 5.197292e-10
Epoch 859000 (17.2%): Train pred MSE = 7.915698e-12, Test pred MSE = 7.465012e-07, Param MSE = 7.694402e-06, Grad norm = 1.272616e-08, Beta update rate = 5.191843e-10
Epoch 859200 (17.2%): Train pred MSE = 7.899519e-12, Test pred MSE = 7.465007e-07, Param MSE = 7.694397e-06, Grad norm = 1.271298e-08, Beta update rate = 5.186401e-10
Epoch 859400 (17.2%): Train pred MSE = 7.883374e-12, Test pred MSE = 7.465002e-07, Param MSE = 7.694392e-06, Grad norm = 1.269981e-08, Beta update rate = 5.180964e-10
Epoch 859600 (17.2%): Train pred MSE = 7.867263e-12, Test pred MSE = 7.464998e-07, Param MSE = 7.694388e-06, Grad norm = 1.268666e-08, Beta update rate = 5.175533e-10
Epoch 859800 (17.2%): Train pred MSE = 7.851184e-12, Test pred MSE = 7.464993e-07, Param MSE = 7.694383e-06, Grad norm = 1.267352e-08, Beta update rate = 5.170108e-10
Epoch 860000 (17.2%): Train pred MSE = 7.835139e-12, Test pred MSE = 7.464988e-07, Param MSE = 7.694378e-06, Grad norm = 1.266039e-08, Beta update rate = 5.164688e-10
Epoch 860200 (17.2%): Train pred MSE = 7.819127e-12, Test pred MSE = 7.464984e-07, Param MSE = 7.694374e-06, Grad norm = 1.264728e-08, Beta update rate = 5.159275e-10
Epoch 860400 (17.2%): Train pred MSE = 7.803149e-12, Test pred MSE = 7.464979e-07, Param MSE = 7.694369e-06, Grad norm = 1.263419e-08, Beta update rate = 5.153868e-10
Epoch 860600 (17.2%): Train pred MSE = 7.787203e-12, Test pred MSE = 7.464974e-07, Param MSE = 7.694364e-06, Grad norm = 1.262110e-08, Beta update rate = 5.148466e-10
Epoch 860800 (17.2%): Train pred MSE = 7.771291e-12, Test pred MSE = 7.464970e-07, Param MSE = 7.694360e-06, Grad norm = 1.260804e-08, Beta update rate = 5.143070e-10
Epoch 861000 (17.2%): Train pred MSE = 7.755411e-12, Test pred MSE = 7.464965e-07, Param MSE = 7.694355e-06, Grad norm = 1.259498e-08, Beta update rate = 5.137681e-10
Epoch 861200 (17.2%): Train pred MSE = 7.739564e-12, Test pred MSE = 7.464960e-07, Param MSE = 7.694350e-06, Grad norm = 1.258194e-08, Beta update rate = 5.132297e-10
Epoch 861400 (17.2%): Train pred MSE = 7.723750e-12, Test pred MSE = 7.464956e-07, Param MSE = 7.694346e-06, Grad norm = 1.256891e-08, Beta update rate = 5.126919e-10
Epoch 861600 (17.2%): Train pred MSE = 7.707969e-12, Test pred MSE = 7.464951e-07, Param MSE = 7.694341e-06, Grad norm = 1.255590e-08, Beta update rate = 5.121546e-10
Epoch 861800 (17.2%): Train pred MSE = 7.692220e-12, Test pred MSE = 7.464947e-07, Param MSE = 7.694336e-06, Grad norm = 1.254290e-08, Beta update rate = 5.116180e-10
Epoch 862000 (17.2%): Train pred MSE = 7.676504e-12, Test pred MSE = 7.464942e-07, Param MSE = 7.694332e-06, Grad norm = 1.252992e-08, Beta update rate = 5.110820e-10
Epoch 862200 (17.2%): Train pred MSE = 7.660821e-12, Test pred MSE = 7.464937e-07, Param MSE = 7.694327e-06, Grad norm = 1.251695e-08, Beta update rate = 5.105465e-10
Epoch 862400 (17.2%): Train pred MSE = 7.645170e-12, Test pred MSE = 7.464933e-07, Param MSE = 7.694323e-06, Grad norm = 1.250399e-08, Beta update rate = 5.100116e-10
Epoch 862600 (17.3%): Train pred MSE = 7.629551e-12, Test pred MSE = 7.464928e-07, Param MSE = 7.694318e-06, Grad norm = 1.249104e-08, Beta update rate = 5.094773e-10
Epoch 862800 (17.3%): Train pred MSE = 7.613965e-12, Test pred MSE = 7.464924e-07, Param MSE = 7.694313e-06, Grad norm = 1.247811e-08, Beta update rate = 5.089436e-10
Epoch 863000 (17.3%): Train pred MSE = 7.598410e-12, Test pred MSE = 7.464919e-07, Param MSE = 7.694309e-06, Grad norm = 1.246520e-08, Beta update rate = 5.084104e-10
Epoch 863200 (17.3%): Train pred MSE = 7.582888e-12, Test pred MSE = 7.464914e-07, Param MSE = 7.694304e-06, Grad norm = 1.245230e-08, Beta update rate = 5.078779e-10
Epoch 863400 (17.3%): Train pred MSE = 7.567399e-12, Test pred MSE = 7.464910e-07, Param MSE = 7.694300e-06, Grad norm = 1.243941e-08, Beta update rate = 5.073459e-10
Epoch 863600 (17.3%): Train pred MSE = 7.551941e-12, Test pred MSE = 7.464905e-07, Param MSE = 7.694295e-06, Grad norm = 1.242653e-08, Beta update rate = 5.068145e-10
Epoch 863800 (17.3%): Train pred MSE = 7.536515e-12, Test pred MSE = 7.464901e-07, Param MSE = 7.694290e-06, Grad norm = 1.241367e-08, Beta update rate = 5.062837e-10
Epoch 864000 (17.3%): Train pred MSE = 7.521121e-12, Test pred MSE = 7.464896e-07, Param MSE = 7.694286e-06, Grad norm = 1.240083e-08, Beta update rate = 5.057534e-10
Epoch 864200 (17.3%): Train pred MSE = 7.505759e-12, Test pred MSE = 7.464892e-07, Param MSE = 7.694281e-06, Grad norm = 1.238799e-08, Beta update rate = 5.052237e-10
Epoch 864400 (17.3%): Train pred MSE = 7.490429e-12, Test pred MSE = 7.464887e-07, Param MSE = 7.694277e-06, Grad norm = 1.237517e-08, Beta update rate = 5.046946e-10
Epoch 864600 (17.3%): Train pred MSE = 7.475131e-12, Test pred MSE = 7.464883e-07, Param MSE = 7.694272e-06, Grad norm = 1.236237e-08, Beta update rate = 5.041661e-10
Epoch 864800 (17.3%): Train pred MSE = 7.459864e-12, Test pred MSE = 7.464878e-07, Param MSE = 7.694268e-06, Grad norm = 1.234957e-08, Beta update rate = 5.036382e-10
Epoch 865000 (17.3%): Train pred MSE = 7.444628e-12, Test pred MSE = 7.464874e-07, Param MSE = 7.694263e-06, Grad norm = 1.233680e-08, Beta update rate = 5.031108e-10
Epoch 865200 (17.3%): Train pred MSE = 7.429425e-12, Test pred MSE = 7.464869e-07, Param MSE = 7.694259e-06, Grad norm = 1.232403e-08, Beta update rate = 5.025840e-10
Epoch 865400 (17.3%): Train pred MSE = 7.414252e-12, Test pred MSE = 7.464865e-07, Param MSE = 7.694254e-06, Grad norm = 1.231128e-08, Beta update rate = 5.020578e-10
Epoch 865600 (17.3%): Train pred MSE = 7.399111e-12, Test pred MSE = 7.464860e-07, Param MSE = 7.694250e-06, Grad norm = 1.229854e-08, Beta update rate = 5.015321e-10
Epoch 865800 (17.3%): Train pred MSE = 7.384002e-12, Test pred MSE = 7.464856e-07, Param MSE = 7.694245e-06, Grad norm = 1.228582e-08, Beta update rate = 5.010070e-10
Epoch 866000 (17.3%): Train pred MSE = 7.368923e-12, Test pred MSE = 7.464851e-07, Param MSE = 7.694241e-06, Grad norm = 1.227311e-08, Beta update rate = 5.004825e-10
Epoch 866200 (17.3%): Train pred MSE = 7.353876e-12, Test pred MSE = 7.464847e-07, Param MSE = 7.694236e-06, Grad norm = 1.226041e-08, Beta update rate = 4.999586e-10
Epoch 866400 (17.3%): Train pred MSE = 7.338860e-12, Test pred MSE = 7.464842e-07, Param MSE = 7.694232e-06, Grad norm = 1.224773e-08, Beta update rate = 4.994352e-10
Epoch 866600 (17.3%): Train pred MSE = 7.323875e-12, Test pred MSE = 7.464838e-07, Param MSE = 7.694227e-06, Grad norm = 1.223506e-08, Beta update rate = 4.989124e-10
Epoch 866800 (17.3%): Train pred MSE = 7.308921e-12, Test pred MSE = 7.464833e-07, Param MSE = 7.694223e-06, Grad norm = 1.222240e-08, Beta update rate = 4.983901e-10
Epoch 867000 (17.3%): Train pred MSE = 7.293998e-12, Test pred MSE = 7.464829e-07, Param MSE = 7.694218e-06, Grad norm = 1.220976e-08, Beta update rate = 4.978685e-10
Epoch 867200 (17.3%): Train pred MSE = 7.279105e-12, Test pred MSE = 7.464824e-07, Param MSE = 7.694214e-06, Grad norm = 1.219713e-08, Beta update rate = 4.973474e-10
Epoch 867400 (17.3%): Train pred MSE = 7.264244e-12, Test pred MSE = 7.464820e-07, Param MSE = 7.694209e-06, Grad norm = 1.218451e-08, Beta update rate = 4.968268e-10
Epoch 867600 (17.4%): Train pred MSE = 7.249413e-12, Test pred MSE = 7.464815e-07, Param MSE = 7.694205e-06, Grad norm = 1.217191e-08, Beta update rate = 4.963069e-10
Epoch 867800 (17.4%): Train pred MSE = 7.234613e-12, Test pred MSE = 7.464811e-07, Param MSE = 7.694200e-06, Grad norm = 1.215932e-08, Beta update rate = 4.957875e-10
Epoch 868000 (17.4%): Train pred MSE = 7.219843e-12, Test pred MSE = 7.464806e-07, Param MSE = 7.694196e-06, Grad norm = 1.214674e-08, Beta update rate = 4.952686e-10
Epoch 868200 (17.4%): Train pred MSE = 7.205105e-12, Test pred MSE = 7.464802e-07, Param MSE = 7.694191e-06, Grad norm = 1.213418e-08, Beta update rate = 4.947503e-10
Epoch 868400 (17.4%): Train pred MSE = 7.190396e-12, Test pred MSE = 7.464797e-07, Param MSE = 7.694187e-06, Grad norm = 1.212163e-08, Beta update rate = 4.942326e-10
Epoch 868600 (17.4%): Train pred MSE = 7.175718e-12, Test pred MSE = 7.464793e-07, Param MSE = 7.694182e-06, Grad norm = 1.210910e-08, Beta update rate = 4.937155e-10
Epoch 868800 (17.4%): Train pred MSE = 7.161070e-12, Test pred MSE = 7.464789e-07, Param MSE = 7.694178e-06, Grad norm = 1.209657e-08, Beta update rate = 4.931989e-10
Epoch 869000 (17.4%): Train pred MSE = 7.146453e-12, Test pred MSE = 7.464784e-07, Param MSE = 7.694174e-06, Grad norm = 1.208406e-08, Beta update rate = 4.926829e-10
Epoch 869200 (17.4%): Train pred MSE = 7.131865e-12, Test pred MSE = 7.464780e-07, Param MSE = 7.694169e-06, Grad norm = 1.207157e-08, Beta update rate = 4.921674e-10
Epoch 869400 (17.4%): Train pred MSE = 7.117308e-12, Test pred MSE = 7.464775e-07, Param MSE = 7.694165e-06, Grad norm = 1.205909e-08, Beta update rate = 4.916525e-10
Epoch 869600 (17.4%): Train pred MSE = 7.102781e-12, Test pred MSE = 7.464771e-07, Param MSE = 7.694160e-06, Grad norm = 1.204662e-08, Beta update rate = 4.911381e-10
Epoch 869800 (17.4%): Train pred MSE = 7.088284e-12, Test pred MSE = 7.464767e-07, Param MSE = 7.694156e-06, Grad norm = 1.203416e-08, Beta update rate = 4.906243e-10
Epoch 870000 (17.4%): Train pred MSE = 7.073817e-12, Test pred MSE = 7.464762e-07, Param MSE = 7.694151e-06, Grad norm = 1.202172e-08, Beta update rate = 4.901111e-10
Epoch 870200 (17.4%): Train pred MSE = 7.059380e-12, Test pred MSE = 7.464758e-07, Param MSE = 7.694147e-06, Grad norm = 1.200929e-08, Beta update rate = 4.895984e-10
Epoch 870400 (17.4%): Train pred MSE = 7.044973e-12, Test pred MSE = 7.464753e-07, Param MSE = 7.694143e-06, Grad norm = 1.199688e-08, Beta update rate = 4.890863e-10
Epoch 870600 (17.4%): Train pred MSE = 7.030595e-12, Test pred MSE = 7.464749e-07, Param MSE = 7.694138e-06, Grad norm = 1.198447e-08, Beta update rate = 4.885747e-10
Epoch 870800 (17.4%): Train pred MSE = 7.016248e-12, Test pred MSE = 7.464745e-07, Param MSE = 7.694134e-06, Grad norm = 1.197208e-08, Beta update rate = 4.880637e-10
Epoch 871000 (17.4%): Train pred MSE = 7.001929e-12, Test pred MSE = 7.464740e-07, Param MSE = 7.694129e-06, Grad norm = 1.195971e-08, Beta update rate = 4.875532e-10
Epoch 871200 (17.4%): Train pred MSE = 6.987641e-12, Test pred MSE = 7.464736e-07, Param MSE = 7.694125e-06, Grad norm = 1.194734e-08, Beta update rate = 4.870433e-10
Epoch 871400 (17.4%): Train pred MSE = 6.973382e-12, Test pred MSE = 7.464732e-07, Param MSE = 7.694121e-06, Grad norm = 1.193499e-08, Beta update rate = 4.865340e-10
Epoch 871600 (17.4%): Train pred MSE = 6.959152e-12, Test pred MSE = 7.464727e-07, Param MSE = 7.694116e-06, Grad norm = 1.192266e-08, Beta update rate = 4.860252e-10
Epoch 871800 (17.4%): Train pred MSE = 6.944952e-12, Test pred MSE = 7.464723e-07, Param MSE = 7.694112e-06, Grad norm = 1.191033e-08, Beta update rate = 4.855170e-10
Epoch 872000 (17.4%): Train pred MSE = 6.930781e-12, Test pred MSE = 7.464719e-07, Param MSE = 7.694108e-06, Grad norm = 1.189802e-08, Beta update rate = 4.850093e-10
Epoch 872200 (17.4%): Train pred MSE = 6.916640e-12, Test pred MSE = 7.464714e-07, Param MSE = 7.694103e-06, Grad norm = 1.188573e-08, Beta update rate = 4.845021e-10
Epoch 872400 (17.4%): Train pred MSE = 6.902527e-12, Test pred MSE = 7.464710e-07, Param MSE = 7.694099e-06, Grad norm = 1.187344e-08, Beta update rate = 4.839955e-10
Epoch 872600 (17.5%): Train pred MSE = 6.888444e-12, Test pred MSE = 7.464706e-07, Param MSE = 7.694095e-06, Grad norm = 1.186117e-08, Beta update rate = 4.834895e-10
Epoch 872800 (17.5%): Train pred MSE = 6.874390e-12, Test pred MSE = 7.464701e-07, Param MSE = 7.694090e-06, Grad norm = 1.184891e-08, Beta update rate = 4.829840e-10
Epoch 873000 (17.5%): Train pred MSE = 6.860365e-12, Test pred MSE = 7.464697e-07, Param MSE = 7.694086e-06, Grad norm = 1.183667e-08, Beta update rate = 4.824790e-10
Epoch 873200 (17.5%): Train pred MSE = 6.846369e-12, Test pred MSE = 7.464693e-07, Param MSE = 7.694082e-06, Grad norm = 1.182444e-08, Beta update rate = 4.819746e-10
Epoch 873400 (17.5%): Train pred MSE = 6.832402e-12, Test pred MSE = 7.464688e-07, Param MSE = 7.694077e-06, Grad norm = 1.181222e-08, Beta update rate = 4.814708e-10
Epoch 873600 (17.5%): Train pred MSE = 6.818463e-12, Test pred MSE = 7.464684e-07, Param MSE = 7.694073e-06, Grad norm = 1.180001e-08, Beta update rate = 4.809675e-10
Epoch 873800 (17.5%): Train pred MSE = 6.804554e-12, Test pred MSE = 7.464680e-07, Param MSE = 7.694069e-06, Grad norm = 1.178782e-08, Beta update rate = 4.804647e-10
Epoch 874000 (17.5%): Train pred MSE = 6.790673e-12, Test pred MSE = 7.464675e-07, Param MSE = 7.694064e-06, Grad norm = 1.177564e-08, Beta update rate = 4.799625e-10
Epoch 874200 (17.5%): Train pred MSE = 6.776821e-12, Test pred MSE = 7.464671e-07, Param MSE = 7.694060e-06, Grad norm = 1.176347e-08, Beta update rate = 4.794608e-10
Epoch 874400 (17.5%): Train pred MSE = 6.762997e-12, Test pred MSE = 7.464667e-07, Param MSE = 7.694056e-06, Grad norm = 1.175132e-08, Beta update rate = 4.789597e-10
Epoch 874600 (17.5%): Train pred MSE = 6.749202e-12, Test pred MSE = 7.464662e-07, Param MSE = 7.694051e-06, Grad norm = 1.173918e-08, Beta update rate = 4.784591e-10
Epoch 874800 (17.5%): Train pred MSE = 6.735436e-12, Test pred MSE = 7.464658e-07, Param MSE = 7.694047e-06, Grad norm = 1.172705e-08, Beta update rate = 4.779591e-10
Epoch 875000 (17.5%): Train pred MSE = 6.721698e-12, Test pred MSE = 7.464654e-07, Param MSE = 7.694043e-06, Grad norm = 1.171493e-08, Beta update rate = 4.774596e-10
Epoch 875200 (17.5%): Train pred MSE = 6.707988e-12, Test pred MSE = 7.464650e-07, Param MSE = 7.694039e-06, Grad norm = 1.170283e-08, Beta update rate = 4.769606e-10
Epoch 875400 (17.5%): Train pred MSE = 6.694307e-12, Test pred MSE = 7.464645e-07, Param MSE = 7.694034e-06, Grad norm = 1.169074e-08, Beta update rate = 4.764622e-10
Epoch 875600 (17.5%): Train pred MSE = 6.680654e-12, Test pred MSE = 7.464641e-07, Param MSE = 7.694030e-06, Grad norm = 1.167867e-08, Beta update rate = 4.759644e-10
Epoch 875800 (17.5%): Train pred MSE = 6.667029e-12, Test pred MSE = 7.464637e-07, Param MSE = 7.694026e-06, Grad norm = 1.166660e-08, Beta update rate = 4.754670e-10
Epoch 876000 (17.5%): Train pred MSE = 6.653432e-12, Test pred MSE = 7.464633e-07, Param MSE = 7.694022e-06, Grad norm = 1.165455e-08, Beta update rate = 4.749702e-10
Epoch 876200 (17.5%): Train pred MSE = 6.639863e-12, Test pred MSE = 7.464628e-07, Param MSE = 7.694017e-06, Grad norm = 1.164251e-08, Beta update rate = 4.744740e-10
Epoch 876400 (17.5%): Train pred MSE = 6.626323e-12, Test pred MSE = 7.464624e-07, Param MSE = 7.694013e-06, Grad norm = 1.163049e-08, Beta update rate = 4.739782e-10
Epoch 876600 (17.5%): Train pred MSE = 6.612810e-12, Test pred MSE = 7.464620e-07, Param MSE = 7.694009e-06, Grad norm = 1.161848e-08, Beta update rate = 4.734831e-10
Epoch 876800 (17.5%): Train pred MSE = 6.599325e-12, Test pred MSE = 7.464616e-07, Param MSE = 7.694005e-06, Grad norm = 1.160648e-08, Beta update rate = 4.729884e-10
Epoch 877000 (17.5%): Train pred MSE = 6.585868e-12, Test pred MSE = 7.464612e-07, Param MSE = 7.694000e-06, Grad norm = 1.159449e-08, Beta update rate = 4.724943e-10
Epoch 877200 (17.5%): Train pred MSE = 6.572439e-12, Test pred MSE = 7.464607e-07, Param MSE = 7.693996e-06, Grad norm = 1.158252e-08, Beta update rate = 4.720007e-10
Epoch 877400 (17.5%): Train pred MSE = 6.559037e-12, Test pred MSE = 7.464603e-07, Param MSE = 7.693992e-06, Grad norm = 1.157055e-08, Beta update rate = 4.715077e-10
Epoch 877600 (17.6%): Train pred MSE = 6.545663e-12, Test pred MSE = 7.464599e-07, Param MSE = 7.693988e-06, Grad norm = 1.155861e-08, Beta update rate = 4.710152e-10
Epoch 877800 (17.6%): Train pred MSE = 6.532317e-12, Test pred MSE = 7.464595e-07, Param MSE = 7.693983e-06, Grad norm = 1.154667e-08, Beta update rate = 4.705232e-10
Epoch 878000 (17.6%): Train pred MSE = 6.518998e-12, Test pred MSE = 7.464590e-07, Param MSE = 7.693979e-06, Grad norm = 1.153475e-08, Beta update rate = 4.700318e-10
Epoch 878200 (17.6%): Train pred MSE = 6.505707e-12, Test pred MSE = 7.464586e-07, Param MSE = 7.693975e-06, Grad norm = 1.152284e-08, Beta update rate = 4.695408e-10
Epoch 878400 (17.6%): Train pred MSE = 6.492443e-12, Test pred MSE = 7.464582e-07, Param MSE = 7.693971e-06, Grad norm = 1.151094e-08, Beta update rate = 4.690505e-10
Epoch 878600 (17.6%): Train pred MSE = 6.479207e-12, Test pred MSE = 7.464578e-07, Param MSE = 7.693967e-06, Grad norm = 1.149905e-08, Beta update rate = 4.685606e-10
Epoch 878800 (17.6%): Train pred MSE = 6.465998e-12, Test pred MSE = 7.464574e-07, Param MSE = 7.693962e-06, Grad norm = 1.148718e-08, Beta update rate = 4.680713e-10
Epoch 879000 (17.6%): Train pred MSE = 6.452816e-12, Test pred MSE = 7.464570e-07, Param MSE = 7.693958e-06, Grad norm = 1.147532e-08, Beta update rate = 4.675825e-10
Epoch 879200 (17.6%): Train pred MSE = 6.439662e-12, Test pred MSE = 7.464565e-07, Param MSE = 7.693954e-06, Grad norm = 1.146347e-08, Beta update rate = 4.670943e-10
Epoch 879400 (17.6%): Train pred MSE = 6.426534e-12, Test pred MSE = 7.464561e-07, Param MSE = 7.693950e-06, Grad norm = 1.145164e-08, Beta update rate = 4.666065e-10
Epoch 879600 (17.6%): Train pred MSE = 6.413434e-12, Test pred MSE = 7.464557e-07, Param MSE = 7.693946e-06, Grad norm = 1.143982e-08, Beta update rate = 4.661193e-10
Epoch 879800 (17.6%): Train pred MSE = 6.400360e-12, Test pred MSE = 7.464553e-07, Param MSE = 7.693942e-06, Grad norm = 1.142801e-08, Beta update rate = 4.656327e-10
Epoch 880000 (17.6%): Train pred MSE = 6.387314e-12, Test pred MSE = 7.464549e-07, Param MSE = 7.693937e-06, Grad norm = 1.141621e-08, Beta update rate = 4.651465e-10
Epoch 880200 (17.6%): Train pred MSE = 6.374295e-12, Test pred MSE = 7.464545e-07, Param MSE = 7.693933e-06, Grad norm = 1.140442e-08, Beta update rate = 4.646609e-10
Epoch 880400 (17.6%): Train pred MSE = 6.361302e-12, Test pred MSE = 7.464540e-07, Param MSE = 7.693929e-06, Grad norm = 1.139265e-08, Beta update rate = 4.641758e-10
Epoch 880600 (17.6%): Train pred MSE = 6.348336e-12, Test pred MSE = 7.464536e-07, Param MSE = 7.693925e-06, Grad norm = 1.138089e-08, Beta update rate = 4.636912e-10
Epoch 880800 (17.6%): Train pred MSE = 6.335397e-12, Test pred MSE = 7.464532e-07, Param MSE = 7.693921e-06, Grad norm = 1.136915e-08, Beta update rate = 4.632072e-10
Epoch 881000 (17.6%): Train pred MSE = 6.322485e-12, Test pred MSE = 7.464528e-07, Param MSE = 7.693917e-06, Grad norm = 1.135741e-08, Beta update rate = 4.627237e-10
Epoch 881200 (17.6%): Train pred MSE = 6.309599e-12, Test pred MSE = 7.464524e-07, Param MSE = 7.693913e-06, Grad norm = 1.134569e-08, Beta update rate = 4.622407e-10
Epoch 881400 (17.6%): Train pred MSE = 6.296740e-12, Test pred MSE = 7.464520e-07, Param MSE = 7.693908e-06, Grad norm = 1.133398e-08, Beta update rate = 4.617582e-10
Epoch 881600 (17.6%): Train pred MSE = 6.283908e-12, Test pred MSE = 7.464516e-07, Param MSE = 7.693904e-06, Grad norm = 1.132228e-08, Beta update rate = 4.612762e-10
Epoch 881800 (17.6%): Train pred MSE = 6.271102e-12, Test pred MSE = 7.464512e-07, Param MSE = 7.693900e-06, Grad norm = 1.131060e-08, Beta update rate = 4.607948e-10
Epoch 882000 (17.6%): Train pred MSE = 6.258322e-12, Test pred MSE = 7.464508e-07, Param MSE = 7.693896e-06, Grad norm = 1.129893e-08, Beta update rate = 4.603139e-10
Epoch 882200 (17.6%): Train pred MSE = 6.245569e-12, Test pred MSE = 7.464503e-07, Param MSE = 7.693892e-06, Grad norm = 1.128727e-08, Beta update rate = 4.598335e-10
Epoch 882400 (17.6%): Train pred MSE = 6.232842e-12, Test pred MSE = 7.464499e-07, Param MSE = 7.693888e-06, Grad norm = 1.127562e-08, Beta update rate = 4.593536e-10
Epoch 882600 (17.7%): Train pred MSE = 6.220141e-12, Test pred MSE = 7.464495e-07, Param MSE = 7.693884e-06, Grad norm = 1.126398e-08, Beta update rate = 4.588743e-10
Epoch 882800 (17.7%): Train pred MSE = 6.207466e-12, Test pred MSE = 7.464491e-07, Param MSE = 7.693880e-06, Grad norm = 1.125236e-08, Beta update rate = 4.583954e-10
Epoch 883000 (17.7%): Train pred MSE = 6.194818e-12, Test pred MSE = 7.464487e-07, Param MSE = 7.693876e-06, Grad norm = 1.124075e-08, Beta update rate = 4.579171e-10
Epoch 883200 (17.7%): Train pred MSE = 6.182196e-12, Test pred MSE = 7.464483e-07, Param MSE = 7.693871e-06, Grad norm = 1.122915e-08, Beta update rate = 4.574393e-10
Epoch 883400 (17.7%): Train pred MSE = 6.169599e-12, Test pred MSE = 7.464479e-07, Param MSE = 7.693867e-06, Grad norm = 1.121757e-08, Beta update rate = 4.569620e-10
Epoch 883600 (17.7%): Train pred MSE = 6.157029e-12, Test pred MSE = 7.464475e-07, Param MSE = 7.693863e-06, Grad norm = 1.120599e-08, Beta update rate = 4.564853e-10
Epoch 883800 (17.7%): Train pred MSE = 6.144485e-12, Test pred MSE = 7.464471e-07, Param MSE = 7.693859e-06, Grad norm = 1.119443e-08, Beta update rate = 4.560090e-10
Epoch 884000 (17.7%): Train pred MSE = 6.131966e-12, Test pred MSE = 7.464467e-07, Param MSE = 7.693855e-06, Grad norm = 1.118289e-08, Beta update rate = 4.555333e-10
Epoch 884200 (17.7%): Train pred MSE = 6.119473e-12, Test pred MSE = 7.464463e-07, Param MSE = 7.693851e-06, Grad norm = 1.117135e-08, Beta update rate = 4.550581e-10
Epoch 884400 (17.7%): Train pred MSE = 6.107007e-12, Test pred MSE = 7.464459e-07, Param MSE = 7.693847e-06, Grad norm = 1.115982e-08, Beta update rate = 4.545834e-10
Epoch 884600 (17.7%): Train pred MSE = 6.094565e-12, Test pred MSE = 7.464455e-07, Param MSE = 7.693843e-06, Grad norm = 1.114831e-08, Beta update rate = 4.541092e-10
Epoch 884800 (17.7%): Train pred MSE = 6.082150e-12, Test pred MSE = 7.464451e-07, Param MSE = 7.693839e-06, Grad norm = 1.113681e-08, Beta update rate = 4.536355e-10
Epoch 885000 (17.7%): Train pred MSE = 6.069760e-12, Test pred MSE = 7.464447e-07, Param MSE = 7.693835e-06, Grad norm = 1.112533e-08, Beta update rate = 4.531623e-10
Epoch 885200 (17.7%): Train pred MSE = 6.057395e-12, Test pred MSE = 7.464443e-07, Param MSE = 7.693831e-06, Grad norm = 1.111385e-08, Beta update rate = 4.526897e-10
Epoch 885400 (17.7%): Train pred MSE = 6.045056e-12, Test pred MSE = 7.464439e-07, Param MSE = 7.693827e-06, Grad norm = 1.110239e-08, Beta update rate = 4.522175e-10
Epoch 885600 (17.7%): Train pred MSE = 6.032743e-12, Test pred MSE = 7.464435e-07, Param MSE = 7.693823e-06, Grad norm = 1.109094e-08, Beta update rate = 4.517459e-10
Epoch 885800 (17.7%): Train pred MSE = 6.020455e-12, Test pred MSE = 7.464431e-07, Param MSE = 7.693819e-06, Grad norm = 1.107950e-08, Beta update rate = 4.512748e-10
Epoch 886000 (17.7%): Train pred MSE = 6.008192e-12, Test pred MSE = 7.464427e-07, Param MSE = 7.693815e-06, Grad norm = 1.106807e-08, Beta update rate = 4.508041e-10
Epoch 886200 (17.7%): Train pred MSE = 5.995955e-12, Test pred MSE = 7.464422e-07, Param MSE = 7.693811e-06, Grad norm = 1.105666e-08, Beta update rate = 4.503340e-10
Epoch 886400 (17.7%): Train pred MSE = 5.983742e-12, Test pred MSE = 7.464419e-07, Param MSE = 7.693807e-06, Grad norm = 1.104525e-08, Beta update rate = 4.498644e-10
Epoch 886600 (17.7%): Train pred MSE = 5.971555e-12, Test pred MSE = 7.464415e-07, Param MSE = 7.693803e-06, Grad norm = 1.103386e-08, Beta update rate = 4.493953e-10
Epoch 886800 (17.7%): Train pred MSE = 5.959393e-12, Test pred MSE = 7.464411e-07, Param MSE = 7.693799e-06, Grad norm = 1.102248e-08, Beta update rate = 4.489267e-10
Epoch 887000 (17.7%): Train pred MSE = 5.947256e-12, Test pred MSE = 7.464407e-07, Param MSE = 7.693795e-06, Grad norm = 1.101112e-08, Beta update rate = 4.484587e-10
Epoch 887200 (17.7%): Train pred MSE = 5.935144e-12, Test pred MSE = 7.464403e-07, Param MSE = 7.693791e-06, Grad norm = 1.099976e-08, Beta update rate = 4.479911e-10
Epoch 887400 (17.7%): Train pred MSE = 5.923058e-12, Test pred MSE = 7.464399e-07, Param MSE = 7.693787e-06, Grad norm = 1.098842e-08, Beta update rate = 4.475240e-10
Epoch 887600 (17.8%): Train pred MSE = 5.910996e-12, Test pred MSE = 7.464395e-07, Param MSE = 7.693783e-06, Grad norm = 1.097709e-08, Beta update rate = 4.470575e-10
Epoch 887800 (17.8%): Train pred MSE = 5.898958e-12, Test pred MSE = 7.464391e-07, Param MSE = 7.693779e-06, Grad norm = 1.096577e-08, Beta update rate = 4.465914e-10
Epoch 888000 (17.8%): Train pred MSE = 5.886946e-12, Test pred MSE = 7.464387e-07, Param MSE = 7.693775e-06, Grad norm = 1.095447e-08, Beta update rate = 4.461258e-10
Epoch 888200 (17.8%): Train pred MSE = 5.874959e-12, Test pred MSE = 7.464383e-07, Param MSE = 7.693771e-06, Grad norm = 1.094318e-08, Beta update rate = 4.456608e-10
Epoch 888400 (17.8%): Train pred MSE = 5.862996e-12, Test pred MSE = 7.464379e-07, Param MSE = 7.693767e-06, Grad norm = 1.093189e-08, Beta update rate = 4.451962e-10
Epoch 888600 (17.8%): Train pred MSE = 5.851057e-12, Test pred MSE = 7.464375e-07, Param MSE = 7.693763e-06, Grad norm = 1.092062e-08, Beta update rate = 4.447322e-10
Epoch 888800 (17.8%): Train pred MSE = 5.839144e-12, Test pred MSE = 7.464371e-07, Param MSE = 7.693759e-06, Grad norm = 1.090937e-08, Beta update rate = 4.442686e-10
Epoch 889000 (17.8%): Train pred MSE = 5.827255e-12, Test pred MSE = 7.464367e-07, Param MSE = 7.693755e-06, Grad norm = 1.089812e-08, Beta update rate = 4.438056e-10
Epoch 889200 (17.8%): Train pred MSE = 5.815390e-12, Test pred MSE = 7.464363e-07, Param MSE = 7.693751e-06, Grad norm = 1.088689e-08, Beta update rate = 4.433430e-10
Epoch 889400 (17.8%): Train pred MSE = 5.803550e-12, Test pred MSE = 7.464359e-07, Param MSE = 7.693747e-06, Grad norm = 1.087566e-08, Beta update rate = 4.428810e-10
Epoch 889600 (17.8%): Train pred MSE = 5.791734e-12, Test pred MSE = 7.464355e-07, Param MSE = 7.693743e-06, Grad norm = 1.086445e-08, Beta update rate = 4.424194e-10
Epoch 889800 (17.8%): Train pred MSE = 5.779943e-12, Test pred MSE = 7.464351e-07, Param MSE = 7.693739e-06, Grad norm = 1.085325e-08, Beta update rate = 4.419584e-10
Epoch 890000 (17.8%): Train pred MSE = 5.768176e-12, Test pred MSE = 7.464347e-07, Param MSE = 7.693735e-06, Grad norm = 1.084207e-08, Beta update rate = 4.414978e-10
Epoch 890200 (17.8%): Train pred MSE = 5.756433e-12, Test pred MSE = 7.464343e-07, Param MSE = 7.693731e-06, Grad norm = 1.083089e-08, Beta update rate = 4.410377e-10
Epoch 890400 (17.8%): Train pred MSE = 5.744714e-12, Test pred MSE = 7.464339e-07, Param MSE = 7.693728e-06, Grad norm = 1.081973e-08, Beta update rate = 4.405782e-10
Epoch 890600 (17.8%): Train pred MSE = 5.733020e-12, Test pred MSE = 7.464336e-07, Param MSE = 7.693724e-06, Grad norm = 1.080858e-08, Beta update rate = 4.401191e-10
Epoch 890800 (17.8%): Train pred MSE = 5.721349e-12, Test pred MSE = 7.464332e-07, Param MSE = 7.693720e-06, Grad norm = 1.079744e-08, Beta update rate = 4.396605e-10
Epoch 891000 (17.8%): Train pred MSE = 5.709703e-12, Test pred MSE = 7.464328e-07, Param MSE = 7.693716e-06, Grad norm = 1.078631e-08, Beta update rate = 4.392025e-10
Epoch 891200 (17.8%): Train pred MSE = 5.698081e-12, Test pred MSE = 7.464324e-07, Param MSE = 7.693712e-06, Grad norm = 1.077520e-08, Beta update rate = 4.387449e-10
Epoch 891400 (17.8%): Train pred MSE = 5.686482e-12, Test pred MSE = 7.464320e-07, Param MSE = 7.693708e-06, Grad norm = 1.076409e-08, Beta update rate = 4.382878e-10
Epoch 891600 (17.8%): Train pred MSE = 5.674908e-12, Test pred MSE = 7.464316e-07, Param MSE = 7.693704e-06, Grad norm = 1.075300e-08, Beta update rate = 4.378312e-10
Epoch 891800 (17.8%): Train pred MSE = 5.663357e-12, Test pred MSE = 7.464312e-07, Param MSE = 7.693700e-06, Grad norm = 1.074192e-08, Beta update rate = 4.373751e-10
Epoch 892000 (17.8%): Train pred MSE = 5.651830e-12, Test pred MSE = 7.464308e-07, Param MSE = 7.693696e-06, Grad norm = 1.073085e-08, Beta update rate = 4.369195e-10
Epoch 892200 (17.8%): Train pred MSE = 5.640327e-12, Test pred MSE = 7.464304e-07, Param MSE = 7.693692e-06, Grad norm = 1.071980e-08, Beta update rate = 4.364644e-10
Epoch 892400 (17.8%): Train pred MSE = 5.628847e-12, Test pred MSE = 7.464301e-07, Param MSE = 7.693689e-06, Grad norm = 1.070875e-08, Beta update rate = 4.360097e-10
Epoch 892600 (17.9%): Train pred MSE = 5.617392e-12, Test pred MSE = 7.464297e-07, Param MSE = 7.693685e-06, Grad norm = 1.069772e-08, Beta update rate = 4.355556e-10
Epoch 892800 (17.9%): Train pred MSE = 5.605959e-12, Test pred MSE = 7.464293e-07, Param MSE = 7.693681e-06, Grad norm = 1.068670e-08, Beta update rate = 4.351019e-10
Epoch 893000 (17.9%): Train pred MSE = 5.594551e-12, Test pred MSE = 7.464289e-07, Param MSE = 7.693677e-06, Grad norm = 1.067569e-08, Beta update rate = 4.346488e-10
Epoch 893200 (17.9%): Train pred MSE = 5.583165e-12, Test pred MSE = 7.464285e-07, Param MSE = 7.693673e-06, Grad norm = 1.066469e-08, Beta update rate = 4.341961e-10
Epoch 893400 (17.9%): Train pred MSE = 5.571804e-12, Test pred MSE = 7.464281e-07, Param MSE = 7.693669e-06, Grad norm = 1.065370e-08, Beta update rate = 4.337439e-10
Epoch 893600 (17.9%): Train pred MSE = 5.560465e-12, Test pred MSE = 7.464278e-07, Param MSE = 7.693665e-06, Grad norm = 1.064273e-08, Beta update rate = 4.332922e-10
Epoch 893800 (17.9%): Train pred MSE = 5.549150e-12, Test pred MSE = 7.464274e-07, Param MSE = 7.693662e-06, Grad norm = 1.063176e-08, Beta update rate = 4.328410e-10
Epoch 894000 (17.9%): Train pred MSE = 5.537859e-12, Test pred MSE = 7.464270e-07, Param MSE = 7.693658e-06, Grad norm = 1.062081e-08, Beta update rate = 4.323903e-10
Epoch 894200 (17.9%): Train pred MSE = 5.526590e-12, Test pred MSE = 7.464266e-07, Param MSE = 7.693654e-06, Grad norm = 1.060987e-08, Beta update rate = 4.319401e-10
Epoch 894400 (17.9%): Train pred MSE = 5.515345e-12, Test pred MSE = 7.464262e-07, Param MSE = 7.693650e-06, Grad norm = 1.059894e-08, Beta update rate = 4.314903e-10
Epoch 894600 (17.9%): Train pred MSE = 5.504123e-12, Test pred MSE = 7.464258e-07, Param MSE = 7.693646e-06, Grad norm = 1.058803e-08, Beta update rate = 4.310411e-10
Epoch 894800 (17.9%): Train pred MSE = 5.492924e-12, Test pred MSE = 7.464255e-07, Param MSE = 7.693642e-06, Grad norm = 1.057712e-08, Beta update rate = 4.305923e-10
Epoch 895000 (17.9%): Train pred MSE = 5.481748e-12, Test pred MSE = 7.464251e-07, Param MSE = 7.693639e-06, Grad norm = 1.056623e-08, Beta update rate = 4.301440e-10
Epoch 895200 (17.9%): Train pred MSE = 5.470595e-12, Test pred MSE = 7.464247e-07, Param MSE = 7.693635e-06, Grad norm = 1.055535e-08, Beta update rate = 4.296962e-10
Epoch 895400 (17.9%): Train pred MSE = 5.459465e-12, Test pred MSE = 7.464243e-07, Param MSE = 7.693631e-06, Grad norm = 1.054448e-08, Beta update rate = 4.292488e-10
Epoch 895600 (17.9%): Train pred MSE = 5.448358e-12, Test pred MSE = 7.464239e-07, Param MSE = 7.693627e-06, Grad norm = 1.053362e-08, Beta update rate = 4.288020e-10
Epoch 895800 (17.9%): Train pred MSE = 5.437274e-12, Test pred MSE = 7.464236e-07, Param MSE = 7.693623e-06, Grad norm = 1.052277e-08, Beta update rate = 4.283556e-10
Epoch 896000 (17.9%): Train pred MSE = 5.426212e-12, Test pred MSE = 7.464232e-07, Param MSE = 7.693620e-06, Grad norm = 1.051193e-08, Beta update rate = 4.279097e-10
Epoch 896200 (17.9%): Train pred MSE = 5.415174e-12, Test pred MSE = 7.464228e-07, Param MSE = 7.693616e-06, Grad norm = 1.050111e-08, Beta update rate = 4.274643e-10
Epoch 896400 (17.9%): Train pred MSE = 5.404158e-12, Test pred MSE = 7.464224e-07, Param MSE = 7.693612e-06, Grad norm = 1.049030e-08, Beta update rate = 4.270194e-10
Epoch 896600 (17.9%): Train pred MSE = 5.393165e-12, Test pred MSE = 7.464220e-07, Param MSE = 7.693608e-06, Grad norm = 1.047949e-08, Beta update rate = 4.265750e-10
Epoch 896800 (17.9%): Train pred MSE = 5.382194e-12, Test pred MSE = 7.464217e-07, Param MSE = 7.693604e-06, Grad norm = 1.046870e-08, Beta update rate = 4.261310e-10
Epoch 897000 (17.9%): Train pred MSE = 5.371246e-12, Test pred MSE = 7.464213e-07, Param MSE = 7.693601e-06, Grad norm = 1.045792e-08, Beta update rate = 4.256875e-10
Epoch 897200 (17.9%): Train pred MSE = 5.360321e-12, Test pred MSE = 7.464209e-07, Param MSE = 7.693597e-06, Grad norm = 1.044716e-08, Beta update rate = 4.252445e-10
Epoch 897400 (17.9%): Train pred MSE = 5.349418e-12, Test pred MSE = 7.464205e-07, Param MSE = 7.693593e-06, Grad norm = 1.043640e-08, Beta update rate = 4.248019e-10
Epoch 897600 (18.0%): Train pred MSE = 5.338537e-12, Test pred MSE = 7.464202e-07, Param MSE = 7.693589e-06, Grad norm = 1.042566e-08, Beta update rate = 4.243599e-10
Epoch 897800 (18.0%): Train pred MSE = 5.327679e-12, Test pred MSE = 7.464198e-07, Param MSE = 7.693586e-06, Grad norm = 1.041492e-08, Beta update rate = 4.239183e-10
Epoch 898000 (18.0%): Train pred MSE = 5.316843e-12, Test pred MSE = 7.464194e-07, Param MSE = 7.693582e-06, Grad norm = 1.040420e-08, Beta update rate = 4.234772e-10
Epoch 898200 (18.0%): Train pred MSE = 5.306030e-12, Test pred MSE = 7.464190e-07, Param MSE = 7.693578e-06, Grad norm = 1.039349e-08, Beta update rate = 4.230366e-10
Epoch 898400 (18.0%): Train pred MSE = 5.295238e-12, Test pred MSE = 7.464187e-07, Param MSE = 7.693574e-06, Grad norm = 1.038279e-08, Beta update rate = 4.225964e-10
Epoch 898600 (18.0%): Train pred MSE = 5.284469e-12, Test pred MSE = 7.464183e-07, Param MSE = 7.693571e-06, Grad norm = 1.037210e-08, Beta update rate = 4.221567e-10
Epoch 898800 (18.0%): Train pred MSE = 5.273722e-12, Test pred MSE = 7.464179e-07, Param MSE = 7.693567e-06, Grad norm = 1.036143e-08, Beta update rate = 4.217175e-10
Epoch 899000 (18.0%): Train pred MSE = 5.262998e-12, Test pred MSE = 7.464176e-07, Param MSE = 7.693563e-06, Grad norm = 1.035076e-08, Beta update rate = 4.212788e-10
Epoch 899200 (18.0%): Train pred MSE = 5.252295e-12, Test pred MSE = 7.464172e-07, Param MSE = 7.693559e-06, Grad norm = 1.034011e-08, Beta update rate = 4.208405e-10
Epoch 899400 (18.0%): Train pred MSE = 5.241614e-12, Test pred MSE = 7.464168e-07, Param MSE = 7.693556e-06, Grad norm = 1.032947e-08, Beta update rate = 4.204027e-10
Epoch 899600 (18.0%): Train pred MSE = 5.230955e-12, Test pred MSE = 7.464164e-07, Param MSE = 7.693552e-06, Grad norm = 1.031883e-08, Beta update rate = 4.199654e-10
Epoch 899800 (18.0%): Train pred MSE = 5.220319e-12, Test pred MSE = 7.464161e-07, Param MSE = 7.693548e-06, Grad norm = 1.030821e-08, Beta update rate = 4.195286e-10
Epoch 900000 (18.0%): Train pred MSE = 5.209704e-12, Test pred MSE = 7.464157e-07, Param MSE = 7.693545e-06, Grad norm = 1.029761e-08, Beta update rate = 4.190922e-10
Epoch 900200 (18.0%): Train pred MSE = 5.199111e-12, Test pred MSE = 7.464153e-07, Param MSE = 7.693541e-06, Grad norm = 1.028701e-08, Beta update rate = 4.186563e-10
Epoch 900400 (18.0%): Train pred MSE = 5.188539e-12, Test pred MSE = 7.464150e-07, Param MSE = 7.693537e-06, Grad norm = 1.027642e-08, Beta update rate = 4.182208e-10
Epoch 900600 (18.0%): Train pred MSE = 5.177990e-12, Test pred MSE = 7.464146e-07, Param MSE = 7.693533e-06, Grad norm = 1.026585e-08, Beta update rate = 4.177859e-10
Epoch 900800 (18.0%): Train pred MSE = 5.167462e-12, Test pred MSE = 7.464142e-07, Param MSE = 7.693530e-06, Grad norm = 1.025528e-08, Beta update rate = 4.173514e-10
Epoch 901000 (18.0%): Train pred MSE = 5.156956e-12, Test pred MSE = 7.464139e-07, Param MSE = 7.693526e-06, Grad norm = 1.024473e-08, Beta update rate = 4.169173e-10
Epoch 901200 (18.0%): Train pred MSE = 5.146471e-12, Test pred MSE = 7.464135e-07, Param MSE = 7.693522e-06, Grad norm = 1.023419e-08, Beta update rate = 4.164837e-10
Epoch 901400 (18.0%): Train pred MSE = 5.136008e-12, Test pred MSE = 7.464131e-07, Param MSE = 7.693519e-06, Grad norm = 1.022366e-08, Beta update rate = 4.160507e-10
Epoch 901600 (18.0%): Train pred MSE = 5.125567e-12, Test pred MSE = 7.464128e-07, Param MSE = 7.693515e-06, Grad norm = 1.021314e-08, Beta update rate = 4.156180e-10
Epoch 901800 (18.0%): Train pred MSE = 5.115147e-12, Test pred MSE = 7.464124e-07, Param MSE = 7.693511e-06, Grad norm = 1.020263e-08, Beta update rate = 4.151858e-10
Epoch 902000 (18.0%): Train pred MSE = 5.104748e-12, Test pred MSE = 7.464120e-07, Param MSE = 7.693508e-06, Grad norm = 1.019213e-08, Beta update rate = 4.147541e-10
Epoch 902200 (18.0%): Train pred MSE = 5.094371e-12, Test pred MSE = 7.464117e-07, Param MSE = 7.693504e-06, Grad norm = 1.018165e-08, Beta update rate = 4.143229e-10
Epoch 902400 (18.0%): Train pred MSE = 5.084015e-12, Test pred MSE = 7.464113e-07, Param MSE = 7.693500e-06, Grad norm = 1.017117e-08, Beta update rate = 4.138921e-10
Epoch 902600 (18.1%): Train pred MSE = 5.073681e-12, Test pred MSE = 7.464109e-07, Param MSE = 7.693497e-06, Grad norm = 1.016071e-08, Beta update rate = 4.134618e-10
Epoch 902800 (18.1%): Train pred MSE = 5.063367e-12, Test pred MSE = 7.464106e-07, Param MSE = 7.693493e-06, Grad norm = 1.015025e-08, Beta update rate = 4.130320e-10
Epoch 903000 (18.1%): Train pred MSE = 5.053075e-12, Test pred MSE = 7.464102e-07, Param MSE = 7.693489e-06, Grad norm = 1.013981e-08, Beta update rate = 4.126026e-10
Epoch 903200 (18.1%): Train pred MSE = 5.042804e-12, Test pred MSE = 7.464098e-07, Param MSE = 7.693486e-06, Grad norm = 1.012938e-08, Beta update rate = 4.121736e-10
Epoch 903400 (18.1%): Train pred MSE = 5.032554e-12, Test pred MSE = 7.464095e-07, Param MSE = 7.693482e-06, Grad norm = 1.011896e-08, Beta update rate = 4.117452e-10
Epoch 903600 (18.1%): Train pred MSE = 5.022326e-12, Test pred MSE = 7.464091e-07, Param MSE = 7.693479e-06, Grad norm = 1.010855e-08, Beta update rate = 4.113172e-10
Epoch 903800 (18.1%): Train pred MSE = 5.012118e-12, Test pred MSE = 7.464088e-07, Param MSE = 7.693475e-06, Grad norm = 1.009816e-08, Beta update rate = 4.108896e-10
Epoch 904000 (18.1%): Train pred MSE = 5.001931e-12, Test pred MSE = 7.464084e-07, Param MSE = 7.693471e-06, Grad norm = 1.008777e-08, Beta update rate = 4.104625e-10
Epoch 904200 (18.1%): Train pred MSE = 4.991765e-12, Test pred MSE = 7.464080e-07, Param MSE = 7.693468e-06, Grad norm = 1.007739e-08, Beta update rate = 4.100359e-10
Epoch 904400 (18.1%): Train pred MSE = 4.981621e-12, Test pred MSE = 7.464077e-07, Param MSE = 7.693464e-06, Grad norm = 1.006703e-08, Beta update rate = 4.096097e-10
Epoch 904600 (18.1%): Train pred MSE = 4.971497e-12, Test pred MSE = 7.464073e-07, Param MSE = 7.693460e-06, Grad norm = 1.005668e-08, Beta update rate = 4.091840e-10
Epoch 904800 (18.1%): Train pred MSE = 4.961393e-12, Test pred MSE = 7.464069e-07, Param MSE = 7.693457e-06, Grad norm = 1.004633e-08, Beta update rate = 4.087588e-10
Epoch 905000 (18.1%): Train pred MSE = 4.951311e-12, Test pred MSE = 7.464066e-07, Param MSE = 7.693453e-06, Grad norm = 1.003600e-08, Beta update rate = 4.083340e-10
Epoch 905200 (18.1%): Train pred MSE = 4.941249e-12, Test pred MSE = 7.464062e-07, Param MSE = 7.693450e-06, Grad norm = 1.002568e-08, Beta update rate = 4.079097e-10
Epoch 905400 (18.1%): Train pred MSE = 4.931208e-12, Test pred MSE = 7.464059e-07, Param MSE = 7.693446e-06, Grad norm = 1.001537e-08, Beta update rate = 4.074858e-10
Epoch 905600 (18.1%): Train pred MSE = 4.921188e-12, Test pred MSE = 7.464055e-07, Param MSE = 7.693442e-06, Grad norm = 1.000507e-08, Beta update rate = 4.070623e-10
Epoch 905800 (18.1%): Train pred MSE = 4.911188e-12, Test pred MSE = 7.464052e-07, Param MSE = 7.693439e-06, Grad norm = 9.994784e-09, Beta update rate = 4.066394e-10
Epoch 906000 (18.1%): Train pred MSE = 4.901209e-12, Test pred MSE = 7.464048e-07, Param MSE = 7.693435e-06, Grad norm = 9.984507e-09, Beta update rate = 4.062169e-10
Epoch 906200 (18.1%): Train pred MSE = 4.891250e-12, Test pred MSE = 7.464044e-07, Param MSE = 7.693432e-06, Grad norm = 9.974240e-09, Beta update rate = 4.057948e-10
Epoch 906400 (18.1%): Train pred MSE = 4.881312e-12, Test pred MSE = 7.464041e-07, Param MSE = 7.693428e-06, Grad norm = 9.963985e-09, Beta update rate = 4.053732e-10
Epoch 906600 (18.1%): Train pred MSE = 4.871394e-12, Test pred MSE = 7.464037e-07, Param MSE = 7.693425e-06, Grad norm = 9.953740e-09, Beta update rate = 4.049520e-10
Epoch 906800 (18.1%): Train pred MSE = 4.861497e-12, Test pred MSE = 7.464034e-07, Param MSE = 7.693421e-06, Grad norm = 9.943506e-09, Beta update rate = 4.045313e-10
Epoch 907000 (18.1%): Train pred MSE = 4.851620e-12, Test pred MSE = 7.464030e-07, Param MSE = 7.693417e-06, Grad norm = 9.933283e-09, Beta update rate = 4.041111e-10
Epoch 907200 (18.1%): Train pred MSE = 4.841763e-12, Test pred MSE = 7.464027e-07, Param MSE = 7.693414e-06, Grad norm = 9.923071e-09, Beta update rate = 4.036913e-10
Epoch 907400 (18.1%): Train pred MSE = 4.831926e-12, Test pred MSE = 7.464023e-07, Param MSE = 7.693410e-06, Grad norm = 9.912869e-09, Beta update rate = 4.032719e-10
Epoch 907600 (18.2%): Train pred MSE = 4.822110e-12, Test pred MSE = 7.464020e-07, Param MSE = 7.693407e-06, Grad norm = 9.902679e-09, Beta update rate = 4.028530e-10
Epoch 907800 (18.2%): Train pred MSE = 4.812314e-12, Test pred MSE = 7.464016e-07, Param MSE = 7.693403e-06, Grad norm = 9.892499e-09, Beta update rate = 4.024346e-10
Epoch 908000 (18.2%): Train pred MSE = 4.802538e-12, Test pred MSE = 7.464012e-07, Param MSE = 7.693400e-06, Grad norm = 9.882330e-09, Beta update rate = 4.020166e-10
Epoch 908200 (18.2%): Train pred MSE = 4.792782e-12, Test pred MSE = 7.464009e-07, Param MSE = 7.693396e-06, Grad norm = 9.872171e-09, Beta update rate = 4.015990e-10
Epoch 908400 (18.2%): Train pred MSE = 4.783046e-12, Test pred MSE = 7.464005e-07, Param MSE = 7.693393e-06, Grad norm = 9.862024e-09, Beta update rate = 4.011819e-10
Epoch 908600 (18.2%): Train pred MSE = 4.773330e-12, Test pred MSE = 7.464002e-07, Param MSE = 7.693389e-06, Grad norm = 9.851887e-09, Beta update rate = 4.007653e-10
Epoch 908800 (18.2%): Train pred MSE = 4.763634e-12, Test pred MSE = 7.463998e-07, Param MSE = 7.693385e-06, Grad norm = 9.841760e-09, Beta update rate = 4.003491e-10
Epoch 909000 (18.2%): Train pred MSE = 4.753958e-12, Test pred MSE = 7.463995e-07, Param MSE = 7.693382e-06, Grad norm = 9.831645e-09, Beta update rate = 3.999333e-10
Epoch 909200 (18.2%): Train pred MSE = 4.744302e-12, Test pred MSE = 7.463991e-07, Param MSE = 7.693378e-06, Grad norm = 9.821540e-09, Beta update rate = 3.995180e-10
Epoch 909400 (18.2%): Train pred MSE = 4.734666e-12, Test pred MSE = 7.463988e-07, Param MSE = 7.693375e-06, Grad norm = 9.811446e-09, Beta update rate = 3.991032e-10
Epoch 909600 (18.2%): Train pred MSE = 4.725049e-12, Test pred MSE = 7.463984e-07, Param MSE = 7.693371e-06, Grad norm = 9.801362e-09, Beta update rate = 3.986887e-10
Epoch 909800 (18.2%): Train pred MSE = 4.715453e-12, Test pred MSE = 7.463981e-07, Param MSE = 7.693368e-06, Grad norm = 9.791289e-09, Beta update rate = 3.982748e-10
Epoch 910000 (18.2%): Train pred MSE = 4.705876e-12, Test pred MSE = 7.463977e-07, Param MSE = 7.693364e-06, Grad norm = 9.781227e-09, Beta update rate = 3.978612e-10
Epoch 910200 (18.2%): Train pred MSE = 4.696318e-12, Test pred MSE = 7.463974e-07, Param MSE = 7.693361e-06, Grad norm = 9.771176e-09, Beta update rate = 3.974481e-10
Epoch 910400 (18.2%): Train pred MSE = 4.686781e-12, Test pred MSE = 7.463970e-07, Param MSE = 7.693357e-06, Grad norm = 9.761135e-09, Beta update rate = 3.970355e-10
Epoch 910600 (18.2%): Train pred MSE = 4.677262e-12, Test pred MSE = 7.463967e-07, Param MSE = 7.693354e-06, Grad norm = 9.751104e-09, Beta update rate = 3.966233e-10
Epoch 910800 (18.2%): Train pred MSE = 4.667764e-12, Test pred MSE = 7.463963e-07, Param MSE = 7.693350e-06, Grad norm = 9.741085e-09, Beta update rate = 3.962115e-10
Epoch 911000 (18.2%): Train pred MSE = 4.658285e-12, Test pred MSE = 7.463960e-07, Param MSE = 7.693347e-06, Grad norm = 9.731075e-09, Beta update rate = 3.958002e-10
Epoch 911200 (18.2%): Train pred MSE = 4.648825e-12, Test pred MSE = 7.463956e-07, Param MSE = 7.693343e-06, Grad norm = 9.721077e-09, Beta update rate = 3.953894e-10
Epoch 911400 (18.2%): Train pred MSE = 4.639385e-12, Test pred MSE = 7.463953e-07, Param MSE = 7.693340e-06, Grad norm = 9.711089e-09, Beta update rate = 3.949789e-10
Epoch 911600 (18.2%): Train pred MSE = 4.629964e-12, Test pred MSE = 7.463949e-07, Param MSE = 7.693337e-06, Grad norm = 9.701111e-09, Beta update rate = 3.945689e-10
Epoch 911800 (18.2%): Train pred MSE = 4.620563e-12, Test pred MSE = 7.463946e-07, Param MSE = 7.693333e-06, Grad norm = 9.691144e-09, Beta update rate = 3.941594e-10
Epoch 912000 (18.2%): Train pred MSE = 4.611181e-12, Test pred MSE = 7.463943e-07, Param MSE = 7.693330e-06, Grad norm = 9.681188e-09, Beta update rate = 3.937503e-10
Epoch 912200 (18.2%): Train pred MSE = 4.601818e-12, Test pred MSE = 7.463939e-07, Param MSE = 7.693326e-06, Grad norm = 9.671242e-09, Beta update rate = 3.933416e-10
Epoch 912400 (18.2%): Train pred MSE = 4.592474e-12, Test pred MSE = 7.463936e-07, Param MSE = 7.693323e-06, Grad norm = 9.661307e-09, Beta update rate = 3.929333e-10
Epoch 912600 (18.3%): Train pred MSE = 4.583150e-12, Test pred MSE = 7.463932e-07, Param MSE = 7.693319e-06, Grad norm = 9.651382e-09, Beta update rate = 3.925255e-10
Epoch 912800 (18.3%): Train pred MSE = 4.573845e-12, Test pred MSE = 7.463929e-07, Param MSE = 7.693316e-06, Grad norm = 9.641467e-09, Beta update rate = 3.921182e-10
Epoch 913000 (18.3%): Train pred MSE = 4.564558e-12, Test pred MSE = 7.463925e-07, Param MSE = 7.693312e-06, Grad norm = 9.631563e-09, Beta update rate = 3.917113e-10
Epoch 913200 (18.3%): Train pred MSE = 4.555291e-12, Test pred MSE = 7.463922e-07, Param MSE = 7.693309e-06, Grad norm = 9.621670e-09, Beta update rate = 3.913048e-10
Epoch 913400 (18.3%): Train pred MSE = 4.546043e-12, Test pred MSE = 7.463919e-07, Param MSE = 7.693305e-06, Grad norm = 9.611787e-09, Beta update rate = 3.908987e-10
Epoch 913600 (18.3%): Train pred MSE = 4.536814e-12, Test pred MSE = 7.463915e-07, Param MSE = 7.693302e-06, Grad norm = 9.601914e-09, Beta update rate = 3.904931e-10
Epoch 913800 (18.3%): Train pred MSE = 4.527604e-12, Test pred MSE = 7.463912e-07, Param MSE = 7.693299e-06, Grad norm = 9.592052e-09, Beta update rate = 3.900879e-10
Epoch 914000 (18.3%): Train pred MSE = 4.518413e-12, Test pred MSE = 7.463908e-07, Param MSE = 7.693295e-06, Grad norm = 9.582200e-09, Beta update rate = 3.896832e-10
Epoch 914200 (18.3%): Train pred MSE = 4.509240e-12, Test pred MSE = 7.463905e-07, Param MSE = 7.693292e-06, Grad norm = 9.572359e-09, Beta update rate = 3.892789e-10
Epoch 914400 (18.3%): Train pred MSE = 4.500087e-12, Test pred MSE = 7.463901e-07, Param MSE = 7.693288e-06, Grad norm = 9.562527e-09, Beta update rate = 3.888750e-10
Epoch 914600 (18.3%): Train pred MSE = 4.490952e-12, Test pred MSE = 7.463898e-07, Param MSE = 7.693285e-06, Grad norm = 9.552707e-09, Beta update rate = 3.884716e-10
Epoch 914800 (18.3%): Train pred MSE = 4.481836e-12, Test pred MSE = 7.463895e-07, Param MSE = 7.693282e-06, Grad norm = 9.542897e-09, Beta update rate = 3.880685e-10
Epoch 915000 (18.3%): Train pred MSE = 4.472739e-12, Test pred MSE = 7.463891e-07, Param MSE = 7.693278e-06, Grad norm = 9.533097e-09, Beta update rate = 3.876660e-10
Epoch 915200 (18.3%): Train pred MSE = 4.463660e-12, Test pred MSE = 7.463888e-07, Param MSE = 7.693275e-06, Grad norm = 9.523307e-09, Beta update rate = 3.872638e-10
Epoch 915400 (18.3%): Train pred MSE = 4.454600e-12, Test pred MSE = 7.463884e-07, Param MSE = 7.693271e-06, Grad norm = 9.513528e-09, Beta update rate = 3.868621e-10
Epoch 915600 (18.3%): Train pred MSE = 4.445559e-12, Test pred MSE = 7.463881e-07, Param MSE = 7.693268e-06, Grad norm = 9.503759e-09, Beta update rate = 3.864608e-10
Epoch 915800 (18.3%): Train pred MSE = 4.436536e-12, Test pred MSE = 7.463878e-07, Param MSE = 7.693265e-06, Grad norm = 9.494000e-09, Beta update rate = 3.860600e-10
Epoch 916000 (18.3%): Train pred MSE = 4.427532e-12, Test pred MSE = 7.463874e-07, Param MSE = 7.693261e-06, Grad norm = 9.484252e-09, Beta update rate = 3.856595e-10
Epoch 916200 (18.3%): Train pred MSE = 4.418546e-12, Test pred MSE = 7.463871e-07, Param MSE = 7.693258e-06, Grad norm = 9.474514e-09, Beta update rate = 3.852595e-10
Epoch 916400 (18.3%): Train pred MSE = 4.409579e-12, Test pred MSE = 7.463868e-07, Param MSE = 7.693254e-06, Grad norm = 9.464786e-09, Beta update rate = 3.848600e-10
Epoch 916600 (18.3%): Train pred MSE = 4.400630e-12, Test pred MSE = 7.463864e-07, Param MSE = 7.693251e-06, Grad norm = 9.455068e-09, Beta update rate = 3.844608e-10
Epoch 916800 (18.3%): Train pred MSE = 4.391699e-12, Test pred MSE = 7.463861e-07, Param MSE = 7.693248e-06, Grad norm = 9.445361e-09, Beta update rate = 3.840621e-10
Epoch 917000 (18.3%): Train pred MSE = 4.382787e-12, Test pred MSE = 7.463857e-07, Param MSE = 7.693244e-06, Grad norm = 9.435664e-09, Beta update rate = 3.836638e-10
Epoch 917200 (18.3%): Train pred MSE = 4.373893e-12, Test pred MSE = 7.463854e-07, Param MSE = 7.693241e-06, Grad norm = 9.425977e-09, Beta update rate = 3.832660e-10
Epoch 917400 (18.3%): Train pred MSE = 4.365017e-12, Test pred MSE = 7.463851e-07, Param MSE = 7.693238e-06, Grad norm = 9.416301e-09, Beta update rate = 3.828685e-10
Epoch 917600 (18.4%): Train pred MSE = 4.356160e-12, Test pred MSE = 7.463847e-07, Param MSE = 7.693234e-06, Grad norm = 9.406634e-09, Beta update rate = 3.824715e-10
Epoch 917800 (18.4%): Train pred MSE = 4.347321e-12, Test pred MSE = 7.463844e-07, Param MSE = 7.693231e-06, Grad norm = 9.396978e-09, Beta update rate = 3.820749e-10
Epoch 918000 (18.4%): Train pred MSE = 4.338499e-12, Test pred MSE = 7.463841e-07, Param MSE = 7.693227e-06, Grad norm = 9.387332e-09, Beta update rate = 3.816788e-10
Epoch 918200 (18.4%): Train pred MSE = 4.329696e-12, Test pred MSE = 7.463837e-07, Param MSE = 7.693224e-06, Grad norm = 9.377696e-09, Beta update rate = 3.812831e-10
Epoch 918400 (18.4%): Train pred MSE = 4.320911e-12, Test pred MSE = 7.463834e-07, Param MSE = 7.693221e-06, Grad norm = 9.368071e-09, Beta update rate = 3.808877e-10
Epoch 918600 (18.4%): Train pred MSE = 4.312144e-12, Test pred MSE = 7.463831e-07, Param MSE = 7.693217e-06, Grad norm = 9.358455e-09, Beta update rate = 3.804929e-10
Epoch 918800 (18.4%): Train pred MSE = 4.303395e-12, Test pred MSE = 7.463827e-07, Param MSE = 7.693214e-06, Grad norm = 9.348850e-09, Beta update rate = 3.800984e-10
Epoch 919000 (18.4%): Train pred MSE = 4.294664e-12, Test pred MSE = 7.463824e-07, Param MSE = 7.693211e-06, Grad norm = 9.339254e-09, Beta update rate = 3.797044e-10
Epoch 919200 (18.4%): Train pred MSE = 4.285951e-12, Test pred MSE = 7.463821e-07, Param MSE = 7.693207e-06, Grad norm = 9.329669e-09, Beta update rate = 3.793107e-10
Epoch 919400 (18.4%): Train pred MSE = 4.277256e-12, Test pred MSE = 7.463817e-07, Param MSE = 7.693204e-06, Grad norm = 9.320094e-09, Beta update rate = 3.789176e-10
Epoch 919600 (18.4%): Train pred MSE = 4.268578e-12, Test pred MSE = 7.463814e-07, Param MSE = 7.693201e-06, Grad norm = 9.310529e-09, Beta update rate = 3.785248e-10
Epoch 919800 (18.4%): Train pred MSE = 4.259919e-12, Test pred MSE = 7.463811e-07, Param MSE = 7.693198e-06, Grad norm = 9.300974e-09, Beta update rate = 3.781324e-10
Epoch 920000 (18.4%): Train pred MSE = 4.251277e-12, Test pred MSE = 7.463808e-07, Param MSE = 7.693194e-06, Grad norm = 9.291430e-09, Beta update rate = 3.777405e-10
Epoch 920200 (18.4%): Train pred MSE = 4.242653e-12, Test pred MSE = 7.463804e-07, Param MSE = 7.693191e-06, Grad norm = 9.281895e-09, Beta update rate = 3.773490e-10
Epoch 920400 (18.4%): Train pred MSE = 4.234046e-12, Test pred MSE = 7.463801e-07, Param MSE = 7.693188e-06, Grad norm = 9.272370e-09, Beta update rate = 3.769579e-10
Epoch 920600 (18.4%): Train pred MSE = 4.225457e-12, Test pred MSE = 7.463798e-07, Param MSE = 7.693184e-06, Grad norm = 9.262856e-09, Beta update rate = 3.765672e-10
Epoch 920800 (18.4%): Train pred MSE = 4.216886e-12, Test pred MSE = 7.463794e-07, Param MSE = 7.693181e-06, Grad norm = 9.253351e-09, Beta update rate = 3.761770e-10
Epoch 921000 (18.4%): Train pred MSE = 4.208333e-12, Test pred MSE = 7.463791e-07, Param MSE = 7.693178e-06, Grad norm = 9.243857e-09, Beta update rate = 3.757871e-10
Epoch 921200 (18.4%): Train pred MSE = 4.199797e-12, Test pred MSE = 7.463788e-07, Param MSE = 7.693174e-06, Grad norm = 9.234372e-09, Beta update rate = 3.753977e-10
Epoch 921400 (18.4%): Train pred MSE = 4.191278e-12, Test pred MSE = 7.463785e-07, Param MSE = 7.693171e-06, Grad norm = 9.224897e-09, Beta update rate = 3.750087e-10
Epoch 921600 (18.4%): Train pred MSE = 4.182777e-12, Test pred MSE = 7.463781e-07, Param MSE = 7.693168e-06, Grad norm = 9.215433e-09, Beta update rate = 3.746201e-10
Epoch 921800 (18.4%): Train pred MSE = 4.174293e-12, Test pred MSE = 7.463778e-07, Param MSE = 7.693165e-06, Grad norm = 9.205978e-09, Beta update rate = 3.742319e-10
Epoch 922000 (18.4%): Train pred MSE = 4.165827e-12, Test pred MSE = 7.463775e-07, Param MSE = 7.693161e-06, Grad norm = 9.196534e-09, Beta update rate = 3.738442e-10
Epoch 922200 (18.4%): Train pred MSE = 4.157378e-12, Test pred MSE = 7.463771e-07, Param MSE = 7.693158e-06, Grad norm = 9.187099e-09, Beta update rate = 3.734568e-10
Epoch 922400 (18.4%): Train pred MSE = 4.148947e-12, Test pred MSE = 7.463768e-07, Param MSE = 7.693155e-06, Grad norm = 9.177674e-09, Beta update rate = 3.730699e-10
Epoch 922600 (18.5%): Train pred MSE = 4.140532e-12, Test pred MSE = 7.463765e-07, Param MSE = 7.693152e-06, Grad norm = 9.168259e-09, Beta update rate = 3.726834e-10
Epoch 922800 (18.5%): Train pred MSE = 4.132135e-12, Test pred MSE = 7.463762e-07, Param MSE = 7.693148e-06, Grad norm = 9.158854e-09, Beta update rate = 3.722973e-10
Epoch 923000 (18.5%): Train pred MSE = 4.123756e-12, Test pred MSE = 7.463758e-07, Param MSE = 7.693145e-06, Grad norm = 9.149459e-09, Beta update rate = 3.719116e-10
Epoch 923200 (18.5%): Train pred MSE = 4.115393e-12, Test pred MSE = 7.463755e-07, Param MSE = 7.693142e-06, Grad norm = 9.140074e-09, Beta update rate = 3.715263e-10
Epoch 923400 (18.5%): Train pred MSE = 4.107047e-12, Test pred MSE = 7.463752e-07, Param MSE = 7.693139e-06, Grad norm = 9.130699e-09, Beta update rate = 3.711415e-10
Epoch 923600 (18.5%): Train pred MSE = 4.098719e-12, Test pred MSE = 7.463749e-07, Param MSE = 7.693135e-06, Grad norm = 9.121334e-09, Beta update rate = 3.707570e-10
Epoch 923800 (18.5%): Train pred MSE = 4.090408e-12, Test pred MSE = 7.463746e-07, Param MSE = 7.693132e-06, Grad norm = 9.111978e-09, Beta update rate = 3.703730e-10
Epoch 924000 (18.5%): Train pred MSE = 4.082114e-12, Test pred MSE = 7.463742e-07, Param MSE = 7.693129e-06, Grad norm = 9.102633e-09, Beta update rate = 3.699894e-10
Epoch 924200 (18.5%): Train pred MSE = 4.073836e-12, Test pred MSE = 7.463739e-07, Param MSE = 7.693126e-06, Grad norm = 9.093297e-09, Beta update rate = 3.696061e-10
Epoch 924400 (18.5%): Train pred MSE = 4.065576e-12, Test pred MSE = 7.463736e-07, Param MSE = 7.693122e-06, Grad norm = 9.083971e-09, Beta update rate = 3.692233e-10
Epoch 924600 (18.5%): Train pred MSE = 4.057333e-12, Test pred MSE = 7.463733e-07, Param MSE = 7.693119e-06, Grad norm = 9.074655e-09, Beta update rate = 3.688409e-10
Epoch 924800 (18.5%): Train pred MSE = 4.049106e-12, Test pred MSE = 7.463729e-07, Param MSE = 7.693116e-06, Grad norm = 9.065348e-09, Beta update rate = 3.684589e-10
Epoch 925000 (18.5%): Train pred MSE = 4.040897e-12, Test pred MSE = 7.463726e-07, Param MSE = 7.693113e-06, Grad norm = 9.056052e-09, Beta update rate = 3.680774e-10
Epoch 925200 (18.5%): Train pred MSE = 4.032704e-12, Test pred MSE = 7.463723e-07, Param MSE = 7.693109e-06, Grad norm = 9.046765e-09, Beta update rate = 3.676962e-10
Epoch 925400 (18.5%): Train pred MSE = 4.024528e-12, Test pred MSE = 7.463720e-07, Param MSE = 7.693106e-06, Grad norm = 9.037488e-09, Beta update rate = 3.673154e-10
Epoch 925600 (18.5%): Train pred MSE = 4.016369e-12, Test pred MSE = 7.463717e-07, Param MSE = 7.693103e-06, Grad norm = 9.028221e-09, Beta update rate = 3.669351e-10
Epoch 925800 (18.5%): Train pred MSE = 4.008226e-12, Test pred MSE = 7.463713e-07, Param MSE = 7.693100e-06, Grad norm = 9.018964e-09, Beta update rate = 3.665551e-10
Epoch 926000 (18.5%): Train pred MSE = 4.000101e-12, Test pred MSE = 7.463710e-07, Param MSE = 7.693097e-06, Grad norm = 9.009716e-09, Beta update rate = 3.661756e-10
Epoch 926200 (18.5%): Train pred MSE = 3.991992e-12, Test pred MSE = 7.463707e-07, Param MSE = 7.693093e-06, Grad norm = 9.000478e-09, Beta update rate = 3.657964e-10
Epoch 926400 (18.5%): Train pred MSE = 3.983899e-12, Test pred MSE = 7.463704e-07, Param MSE = 7.693090e-06, Grad norm = 8.991250e-09, Beta update rate = 3.654177e-10
Epoch 926600 (18.5%): Train pred MSE = 3.975823e-12, Test pred MSE = 7.463701e-07, Param MSE = 7.693087e-06, Grad norm = 8.982031e-09, Beta update rate = 3.650394e-10
Epoch 926800 (18.5%): Train pred MSE = 3.967764e-12, Test pred MSE = 7.463697e-07, Param MSE = 7.693084e-06, Grad norm = 8.972823e-09, Beta update rate = 3.646614e-10
Epoch 927000 (18.5%): Train pred MSE = 3.959721e-12, Test pred MSE = 7.463694e-07, Param MSE = 7.693081e-06, Grad norm = 8.963623e-09, Beta update rate = 3.642839e-10
Epoch 927200 (18.5%): Train pred MSE = 3.951695e-12, Test pred MSE = 7.463691e-07, Param MSE = 7.693078e-06, Grad norm = 8.954434e-09, Beta update rate = 3.639068e-10
Epoch 927400 (18.5%): Train pred MSE = 3.943685e-12, Test pred MSE = 7.463688e-07, Param MSE = 7.693074e-06, Grad norm = 8.945254e-09, Beta update rate = 3.635301e-10
Epoch 927600 (18.6%): Train pred MSE = 3.935691e-12, Test pred MSE = 7.463685e-07, Param MSE = 7.693071e-06, Grad norm = 8.936084e-09, Beta update rate = 3.631538e-10
Epoch 927800 (18.6%): Train pred MSE = 3.927714e-12, Test pred MSE = 7.463682e-07, Param MSE = 7.693068e-06, Grad norm = 8.926924e-09, Beta update rate = 3.627779e-10
Epoch 928000 (18.6%): Train pred MSE = 3.919753e-12, Test pred MSE = 7.463679e-07, Param MSE = 7.693065e-06, Grad norm = 8.917773e-09, Beta update rate = 3.624024e-10
Epoch 928200 (18.6%): Train pred MSE = 3.911809e-12, Test pred MSE = 7.463675e-07, Param MSE = 7.693062e-06, Grad norm = 8.908632e-09, Beta update rate = 3.620273e-10
Epoch 928400 (18.6%): Train pred MSE = 3.903881e-12, Test pred MSE = 7.463672e-07, Param MSE = 7.693059e-06, Grad norm = 8.899500e-09, Beta update rate = 3.616526e-10
Epoch 928600 (18.6%): Train pred MSE = 3.895969e-12, Test pred MSE = 7.463669e-07, Param MSE = 7.693055e-06, Grad norm = 8.890378e-09, Beta update rate = 3.612783e-10
Epoch 928800 (18.6%): Train pred MSE = 3.888073e-12, Test pred MSE = 7.463666e-07, Param MSE = 7.693052e-06, Grad norm = 8.881266e-09, Beta update rate = 3.609044e-10
Epoch 929000 (18.6%): Train pred MSE = 3.880193e-12, Test pred MSE = 7.463663e-07, Param MSE = 7.693049e-06, Grad norm = 8.872163e-09, Beta update rate = 3.605309e-10
Epoch 929200 (18.6%): Train pred MSE = 3.872330e-12, Test pred MSE = 7.463660e-07, Param MSE = 7.693046e-06, Grad norm = 8.863070e-09, Beta update rate = 3.601578e-10
Epoch 929400 (18.6%): Train pred MSE = 3.864483e-12, Test pred MSE = 7.463657e-07, Param MSE = 7.693043e-06, Grad norm = 8.853987e-09, Beta update rate = 3.597851e-10
Epoch 929600 (18.6%): Train pred MSE = 3.856652e-12, Test pred MSE = 7.463653e-07, Param MSE = 7.693040e-06, Grad norm = 8.844913e-09, Beta update rate = 3.594127e-10
Epoch 929800 (18.6%): Train pred MSE = 3.848836e-12, Test pred MSE = 7.463650e-07, Param MSE = 7.693037e-06, Grad norm = 8.835848e-09, Beta update rate = 3.590408e-10
Epoch 930000 (18.6%): Train pred MSE = 3.841037e-12, Test pred MSE = 7.463647e-07, Param MSE = 7.693033e-06, Grad norm = 8.826793e-09, Beta update rate = 3.586693e-10
Epoch 930200 (18.6%): Train pred MSE = 3.833254e-12, Test pred MSE = 7.463644e-07, Param MSE = 7.693030e-06, Grad norm = 8.817748e-09, Beta update rate = 3.582982e-10
Epoch 930400 (18.6%): Train pred MSE = 3.825487e-12, Test pred MSE = 7.463641e-07, Param MSE = 7.693027e-06, Grad norm = 8.808712e-09, Beta update rate = 3.579275e-10
Epoch 930600 (18.6%): Train pred MSE = 3.817735e-12, Test pred MSE = 7.463638e-07, Param MSE = 7.693024e-06, Grad norm = 8.799686e-09, Beta update rate = 3.575572e-10
Epoch 930800 (18.6%): Train pred MSE = 3.810000e-12, Test pred MSE = 7.463635e-07, Param MSE = 7.693021e-06, Grad norm = 8.790669e-09, Beta update rate = 3.571872e-10
Epoch 931000 (18.6%): Train pred MSE = 3.802280e-12, Test pred MSE = 7.463632e-07, Param MSE = 7.693018e-06, Grad norm = 8.781661e-09, Beta update rate = 3.568177e-10
Epoch 931200 (18.6%): Train pred MSE = 3.794577e-12, Test pred MSE = 7.463629e-07, Param MSE = 7.693015e-06, Grad norm = 8.772663e-09, Beta update rate = 3.564486e-10
Epoch 931400 (18.6%): Train pred MSE = 3.786889e-12, Test pred MSE = 7.463625e-07, Param MSE = 7.693012e-06, Grad norm = 8.763675e-09, Beta update rate = 3.560798e-10
Epoch 931600 (18.6%): Train pred MSE = 3.779216e-12, Test pred MSE = 7.463622e-07, Param MSE = 7.693009e-06, Grad norm = 8.754696e-09, Beta update rate = 3.557115e-10
Epoch 931800 (18.6%): Train pred MSE = 3.771560e-12, Test pred MSE = 7.463619e-07, Param MSE = 7.693005e-06, Grad norm = 8.745726e-09, Beta update rate = 3.553435e-10
Epoch 932000 (18.6%): Train pred MSE = 3.763919e-12, Test pred MSE = 7.463616e-07, Param MSE = 7.693002e-06, Grad norm = 8.736766e-09, Beta update rate = 3.549759e-10
Epoch 932200 (18.6%): Train pred MSE = 3.756294e-12, Test pred MSE = 7.463613e-07, Param MSE = 7.692999e-06, Grad norm = 8.727815e-09, Beta update rate = 3.546088e-10
Epoch 932400 (18.6%): Train pred MSE = 3.748684e-12, Test pred MSE = 7.463610e-07, Param MSE = 7.692996e-06, Grad norm = 8.718874e-09, Beta update rate = 3.542420e-10
Epoch 932600 (18.7%): Train pred MSE = 3.741090e-12, Test pred MSE = 7.463607e-07, Param MSE = 7.692993e-06, Grad norm = 8.709942e-09, Beta update rate = 3.538756e-10
Epoch 932800 (18.7%): Train pred MSE = 3.733512e-12, Test pred MSE = 7.463604e-07, Param MSE = 7.692990e-06, Grad norm = 8.701020e-09, Beta update rate = 3.535096e-10
Epoch 933000 (18.7%): Train pred MSE = 3.725949e-12, Test pred MSE = 7.463601e-07, Param MSE = 7.692987e-06, Grad norm = 8.692107e-09, Beta update rate = 3.531440e-10
Epoch 933200 (18.7%): Train pred MSE = 3.718401e-12, Test pred MSE = 7.463598e-07, Param MSE = 7.692984e-06, Grad norm = 8.683203e-09, Beta update rate = 3.527788e-10
Epoch 933400 (18.7%): Train pred MSE = 3.710869e-12, Test pred MSE = 7.463595e-07, Param MSE = 7.692981e-06, Grad norm = 8.674308e-09, Beta update rate = 3.524140e-10
Epoch 933600 (18.7%): Train pred MSE = 3.703352e-12, Test pred MSE = 7.463592e-07, Param MSE = 7.692978e-06, Grad norm = 8.665423e-09, Beta update rate = 3.520495e-10
Epoch 933800 (18.7%): Train pred MSE = 3.695851e-12, Test pred MSE = 7.463589e-07, Param MSE = 7.692975e-06, Grad norm = 8.656548e-09, Beta update rate = 3.516855e-10
Epoch 934000 (18.7%): Train pred MSE = 3.688365e-12, Test pred MSE = 7.463585e-07, Param MSE = 7.692972e-06, Grad norm = 8.647681e-09, Beta update rate = 3.513218e-10
Epoch 934200 (18.7%): Train pred MSE = 3.680895e-12, Test pred MSE = 7.463582e-07, Param MSE = 7.692969e-06, Grad norm = 8.638824e-09, Beta update rate = 3.509585e-10
Epoch 934400 (18.7%): Train pred MSE = 3.673440e-12, Test pred MSE = 7.463579e-07, Param MSE = 7.692966e-06, Grad norm = 8.629976e-09, Beta update rate = 3.505956e-10
Epoch 934600 (18.7%): Train pred MSE = 3.666000e-12, Test pred MSE = 7.463576e-07, Param MSE = 7.692963e-06, Grad norm = 8.621138e-09, Beta update rate = 3.502332e-10
Epoch 934800 (18.7%): Train pred MSE = 3.658575e-12, Test pred MSE = 7.463573e-07, Param MSE = 7.692959e-06, Grad norm = 8.612309e-09, Beta update rate = 3.498710e-10
Epoch 935000 (18.7%): Train pred MSE = 3.651165e-12, Test pred MSE = 7.463570e-07, Param MSE = 7.692956e-06, Grad norm = 8.603489e-09, Beta update rate = 3.495093e-10
Epoch 935200 (18.7%): Train pred MSE = 3.643771e-12, Test pred MSE = 7.463567e-07, Param MSE = 7.692953e-06, Grad norm = 8.594678e-09, Beta update rate = 3.491480e-10
Epoch 935400 (18.7%): Train pred MSE = 3.636392e-12, Test pred MSE = 7.463564e-07, Param MSE = 7.692950e-06, Grad norm = 8.585877e-09, Beta update rate = 3.487870e-10
Epoch 935600 (18.7%): Train pred MSE = 3.629028e-12, Test pred MSE = 7.463561e-07, Param MSE = 7.692947e-06, Grad norm = 8.577085e-09, Beta update rate = 3.484265e-10
Epoch 935800 (18.7%): Train pred MSE = 3.621679e-12, Test pred MSE = 7.463558e-07, Param MSE = 7.692944e-06, Grad norm = 8.568302e-09, Beta update rate = 3.480663e-10
Epoch 936000 (18.7%): Train pred MSE = 3.614345e-12, Test pred MSE = 7.463555e-07, Param MSE = 7.692941e-06, Grad norm = 8.559528e-09, Beta update rate = 3.477065e-10
Epoch 936200 (18.7%): Train pred MSE = 3.607026e-12, Test pred MSE = 7.463552e-07, Param MSE = 7.692938e-06, Grad norm = 8.550764e-09, Beta update rate = 3.473471e-10
Epoch 936400 (18.7%): Train pred MSE = 3.599722e-12, Test pred MSE = 7.463549e-07, Param MSE = 7.692935e-06, Grad norm = 8.542009e-09, Beta update rate = 3.469880e-10
Epoch 936600 (18.7%): Train pred MSE = 3.592433e-12, Test pred MSE = 7.463546e-07, Param MSE = 7.692932e-06, Grad norm = 8.533263e-09, Beta update rate = 3.466294e-10
Epoch 936800 (18.7%): Train pred MSE = 3.585158e-12, Test pred MSE = 7.463543e-07, Param MSE = 7.692929e-06, Grad norm = 8.524526e-09, Beta update rate = 3.462711e-10
Epoch 937000 (18.7%): Train pred MSE = 3.577899e-12, Test pred MSE = 7.463540e-07, Param MSE = 7.692926e-06, Grad norm = 8.515798e-09, Beta update rate = 3.459132e-10
Epoch 937200 (18.7%): Train pred MSE = 3.570655e-12, Test pred MSE = 7.463537e-07, Param MSE = 7.692923e-06, Grad norm = 8.507080e-09, Beta update rate = 3.455557e-10
Epoch 937400 (18.7%): Train pred MSE = 3.563425e-12, Test pred MSE = 7.463534e-07, Param MSE = 7.692920e-06, Grad norm = 8.498371e-09, Beta update rate = 3.451986e-10
Epoch 937600 (18.8%): Train pred MSE = 3.556210e-12, Test pred MSE = 7.463531e-07, Param MSE = 7.692917e-06, Grad norm = 8.489670e-09, Beta update rate = 3.448419e-10
Epoch 937800 (18.8%): Train pred MSE = 3.549010e-12, Test pred MSE = 7.463528e-07, Param MSE = 7.692914e-06, Grad norm = 8.480979e-09, Beta update rate = 3.444855e-10
Epoch 938000 (18.8%): Train pred MSE = 3.541825e-12, Test pred MSE = 7.463525e-07, Param MSE = 7.692911e-06, Grad norm = 8.472297e-09, Beta update rate = 3.441295e-10
Epoch 938200 (18.8%): Train pred MSE = 3.534655e-12, Test pred MSE = 7.463522e-07, Param MSE = 7.692908e-06, Grad norm = 8.463625e-09, Beta update rate = 3.437739e-10
Epoch 938400 (18.8%): Train pred MSE = 3.527499e-12, Test pred MSE = 7.463519e-07, Param MSE = 7.692905e-06, Grad norm = 8.454961e-09, Beta update rate = 3.434187e-10
Epoch 938600 (18.8%): Train pred MSE = 3.520357e-12, Test pred MSE = 7.463516e-07, Param MSE = 7.692902e-06, Grad norm = 8.446306e-09, Beta update rate = 3.430639e-10
Epoch 938800 (18.8%): Train pred MSE = 3.513231e-12, Test pred MSE = 7.463513e-07, Param MSE = 7.692899e-06, Grad norm = 8.437661e-09, Beta update rate = 3.427094e-10
Epoch 939000 (18.8%): Train pred MSE = 3.506119e-12, Test pred MSE = 7.463510e-07, Param MSE = 7.692896e-06, Grad norm = 8.429025e-09, Beta update rate = 3.423553e-10
Epoch 939200 (18.8%): Train pred MSE = 3.499021e-12, Test pred MSE = 7.463507e-07, Param MSE = 7.692893e-06, Grad norm = 8.420397e-09, Beta update rate = 3.420016e-10
Epoch 939400 (18.8%): Train pred MSE = 3.491938e-12, Test pred MSE = 7.463504e-07, Param MSE = 7.692890e-06, Grad norm = 8.411779e-09, Beta update rate = 3.416483e-10
Epoch 939600 (18.8%): Train pred MSE = 3.484870e-12, Test pred MSE = 7.463501e-07, Param MSE = 7.692887e-06, Grad norm = 8.403170e-09, Beta update rate = 3.412953e-10
Epoch 939800 (18.8%): Train pred MSE = 3.477816e-12, Test pred MSE = 7.463499e-07, Param MSE = 7.692885e-06, Grad norm = 8.394570e-09, Beta update rate = 3.409427e-10
Epoch 940000 (18.8%): Train pred MSE = 3.470776e-12, Test pred MSE = 7.463496e-07, Param MSE = 7.692882e-06, Grad norm = 8.385978e-09, Beta update rate = 3.405905e-10
Epoch 940200 (18.8%): Train pred MSE = 3.463751e-12, Test pred MSE = 7.463493e-07, Param MSE = 7.692879e-06, Grad norm = 8.377396e-09, Beta update rate = 3.402387e-10
Epoch 940400 (18.8%): Train pred MSE = 3.456740e-12, Test pred MSE = 7.463490e-07, Param MSE = 7.692876e-06, Grad norm = 8.368823e-09, Beta update rate = 3.398873e-10
Epoch 940600 (18.8%): Train pred MSE = 3.449743e-12, Test pred MSE = 7.463487e-07, Param MSE = 7.692873e-06, Grad norm = 8.360259e-09, Beta update rate = 3.395362e-10
Epoch 940800 (18.8%): Train pred MSE = 3.442761e-12, Test pred MSE = 7.463484e-07, Param MSE = 7.692870e-06, Grad norm = 8.351704e-09, Beta update rate = 3.391855e-10
Epoch 941000 (18.8%): Train pred MSE = 3.435793e-12, Test pred MSE = 7.463481e-07, Param MSE = 7.692867e-06, Grad norm = 8.343158e-09, Beta update rate = 3.388352e-10
Epoch 941200 (18.8%): Train pred MSE = 3.428840e-12, Test pred MSE = 7.463478e-07, Param MSE = 7.692864e-06, Grad norm = 8.334621e-09, Beta update rate = 3.384852e-10
Epoch 941400 (18.8%): Train pred MSE = 3.421900e-12, Test pred MSE = 7.463475e-07, Param MSE = 7.692861e-06, Grad norm = 8.326092e-09, Beta update rate = 3.381356e-10
Epoch 941600 (18.8%): Train pred MSE = 3.414975e-12, Test pred MSE = 7.463472e-07, Param MSE = 7.692858e-06, Grad norm = 8.317573e-09, Beta update rate = 3.377864e-10
Epoch 941800 (18.8%): Train pred MSE = 3.408064e-12, Test pred MSE = 7.463469e-07, Param MSE = 7.692855e-06, Grad norm = 8.309063e-09, Beta update rate = 3.374375e-10
Epoch 942000 (18.8%): Train pred MSE = 3.401167e-12, Test pred MSE = 7.463466e-07, Param MSE = 7.692852e-06, Grad norm = 8.300562e-09, Beta update rate = 3.370891e-10
Epoch 942200 (18.8%): Train pred MSE = 3.394284e-12, Test pred MSE = 7.463463e-07, Param MSE = 7.692849e-06, Grad norm = 8.292069e-09, Beta update rate = 3.367410e-10
Epoch 942400 (18.8%): Train pred MSE = 3.387415e-12, Test pred MSE = 7.463460e-07, Param MSE = 7.692846e-06, Grad norm = 8.283586e-09, Beta update rate = 3.363932e-10
Epoch 942600 (18.9%): Train pred MSE = 3.380561e-12, Test pred MSE = 7.463458e-07, Param MSE = 7.692843e-06, Grad norm = 8.275111e-09, Beta update rate = 3.360459e-10
Epoch 942800 (18.9%): Train pred MSE = 3.373720e-12, Test pred MSE = 7.463455e-07, Param MSE = 7.692841e-06, Grad norm = 8.266645e-09, Beta update rate = 3.356989e-10
Epoch 943000 (18.9%): Train pred MSE = 3.366893e-12, Test pred MSE = 7.463452e-07, Param MSE = 7.692838e-06, Grad norm = 8.258188e-09, Beta update rate = 3.353523e-10
Epoch 943200 (18.9%): Train pred MSE = 3.360081e-12, Test pred MSE = 7.463449e-07, Param MSE = 7.692835e-06, Grad norm = 8.249740e-09, Beta update rate = 3.350060e-10
Epoch 943400 (18.9%): Train pred MSE = 3.353282e-12, Test pred MSE = 7.463446e-07, Param MSE = 7.692832e-06, Grad norm = 8.241301e-09, Beta update rate = 3.346602e-10
Epoch 943600 (18.9%): Train pred MSE = 3.346497e-12, Test pred MSE = 7.463443e-07, Param MSE = 7.692829e-06, Grad norm = 8.232871e-09, Beta update rate = 3.343147e-10
Epoch 943800 (18.9%): Train pred MSE = 3.339726e-12, Test pred MSE = 7.463440e-07, Param MSE = 7.692826e-06, Grad norm = 8.224450e-09, Beta update rate = 3.339695e-10
Epoch 944000 (18.9%): Train pred MSE = 3.332969e-12, Test pred MSE = 7.463437e-07, Param MSE = 7.692823e-06, Grad norm = 8.216037e-09, Beta update rate = 3.336247e-10
Epoch 944200 (18.9%): Train pred MSE = 3.326225e-12, Test pred MSE = 7.463434e-07, Param MSE = 7.692820e-06, Grad norm = 8.207633e-09, Beta update rate = 3.332803e-10
Epoch 944400 (18.9%): Train pred MSE = 3.319496e-12, Test pred MSE = 7.463432e-07, Param MSE = 7.692817e-06, Grad norm = 8.199238e-09, Beta update rate = 3.329363e-10
Epoch 944600 (18.9%): Train pred MSE = 3.312780e-12, Test pred MSE = 7.463429e-07, Param MSE = 7.692815e-06, Grad norm = 8.190852e-09, Beta update rate = 3.325926e-10
Epoch 944800 (18.9%): Train pred MSE = 3.306078e-12, Test pred MSE = 7.463426e-07, Param MSE = 7.692812e-06, Grad norm = 8.182475e-09, Beta update rate = 3.322493e-10
Epoch 945000 (18.9%): Train pred MSE = 3.299389e-12, Test pred MSE = 7.463423e-07, Param MSE = 7.692809e-06, Grad norm = 8.174106e-09, Beta update rate = 3.319063e-10
Epoch 945200 (18.9%): Train pred MSE = 3.292715e-12, Test pred MSE = 7.463420e-07, Param MSE = 7.692806e-06, Grad norm = 8.165746e-09, Beta update rate = 3.315638e-10
Epoch 945400 (18.9%): Train pred MSE = 3.286054e-12, Test pred MSE = 7.463417e-07, Param MSE = 7.692803e-06, Grad norm = 8.157395e-09, Beta update rate = 3.312215e-10
Epoch 945600 (18.9%): Train pred MSE = 3.279406e-12, Test pred MSE = 7.463414e-07, Param MSE = 7.692800e-06, Grad norm = 8.149053e-09, Beta update rate = 3.308797e-10
Epoch 945800 (18.9%): Train pred MSE = 3.272772e-12, Test pred MSE = 7.463412e-07, Param MSE = 7.692797e-06, Grad norm = 8.140720e-09, Beta update rate = 3.305382e-10
Epoch 946000 (18.9%): Train pred MSE = 3.266152e-12, Test pred MSE = 7.463409e-07, Param MSE = 7.692794e-06, Grad norm = 8.132395e-09, Beta update rate = 3.301971e-10
Epoch 946200 (18.9%): Train pred MSE = 3.259545e-12, Test pred MSE = 7.463406e-07, Param MSE = 7.692792e-06, Grad norm = 8.124079e-09, Beta update rate = 3.298563e-10
Epoch 946400 (18.9%): Train pred MSE = 3.252952e-12, Test pred MSE = 7.463403e-07, Param MSE = 7.692789e-06, Grad norm = 8.115772e-09, Beta update rate = 3.295159e-10
Epoch 946600 (18.9%): Train pred MSE = 3.246372e-12, Test pred MSE = 7.463400e-07, Param MSE = 7.692786e-06, Grad norm = 8.107473e-09, Beta update rate = 3.291759e-10
Epoch 946800 (18.9%): Train pred MSE = 3.239806e-12, Test pred MSE = 7.463397e-07, Param MSE = 7.692783e-06, Grad norm = 8.099183e-09, Beta update rate = 3.288362e-10
Epoch 947000 (18.9%): Train pred MSE = 3.233253e-12, Test pred MSE = 7.463394e-07, Param MSE = 7.692780e-06, Grad norm = 8.090902e-09, Beta update rate = 3.284969e-10
Epoch 947200 (18.9%): Train pred MSE = 3.226713e-12, Test pred MSE = 7.463392e-07, Param MSE = 7.692777e-06, Grad norm = 8.082629e-09, Beta update rate = 3.281579e-10
Epoch 947400 (18.9%): Train pred MSE = 3.220187e-12, Test pred MSE = 7.463389e-07, Param MSE = 7.692775e-06, Grad norm = 8.074366e-09, Beta update rate = 3.278194e-10
Epoch 947600 (19.0%): Train pred MSE = 3.213674e-12, Test pred MSE = 7.463386e-07, Param MSE = 7.692772e-06, Grad norm = 8.066110e-09, Beta update rate = 3.274811e-10
Epoch 947800 (19.0%): Train pred MSE = 3.207175e-12, Test pred MSE = 7.463383e-07, Param MSE = 7.692769e-06, Grad norm = 8.057864e-09, Beta update rate = 3.271433e-10
Epoch 948000 (19.0%): Train pred MSE = 3.200689e-12, Test pred MSE = 7.463380e-07, Param MSE = 7.692766e-06, Grad norm = 8.049626e-09, Beta update rate = 3.268057e-10
Epoch 948200 (19.0%): Train pred MSE = 3.194216e-12, Test pred MSE = 7.463378e-07, Param MSE = 7.692763e-06, Grad norm = 8.041397e-09, Beta update rate = 3.264686e-10
Epoch 948400 (19.0%): Train pred MSE = 3.187756e-12, Test pred MSE = 7.463375e-07, Param MSE = 7.692760e-06, Grad norm = 8.033176e-09, Beta update rate = 3.261318e-10
Epoch 948600 (19.0%): Train pred MSE = 3.181309e-12, Test pred MSE = 7.463372e-07, Param MSE = 7.692758e-06, Grad norm = 8.024964e-09, Beta update rate = 3.257954e-10
Epoch 948800 (19.0%): Train pred MSE = 3.174876e-12, Test pred MSE = 7.463369e-07, Param MSE = 7.692755e-06, Grad norm = 8.016761e-09, Beta update rate = 3.254593e-10
Epoch 949000 (19.0%): Train pred MSE = 3.168456e-12, Test pred MSE = 7.463366e-07, Param MSE = 7.692752e-06, Grad norm = 8.008566e-09, Beta update rate = 3.251236e-10
Epoch 949200 (19.0%): Train pred MSE = 3.162049e-12, Test pred MSE = 7.463364e-07, Param MSE = 7.692749e-06, Grad norm = 8.000380e-09, Beta update rate = 3.247882e-10
Epoch 949400 (19.0%): Train pred MSE = 3.155655e-12, Test pred MSE = 7.463361e-07, Param MSE = 7.692746e-06, Grad norm = 7.992202e-09, Beta update rate = 3.244532e-10
Epoch 949600 (19.0%): Train pred MSE = 3.149274e-12, Test pred MSE = 7.463358e-07, Param MSE = 7.692744e-06, Grad norm = 7.984033e-09, Beta update rate = 3.241185e-10
Epoch 949800 (19.0%): Train pred MSE = 3.142906e-12, Test pred MSE = 7.463355e-07, Param MSE = 7.692741e-06, Grad norm = 7.975873e-09, Beta update rate = 3.237842e-10
Epoch 950000 (19.0%): Train pred MSE = 3.136551e-12, Test pred MSE = 7.463352e-07, Param MSE = 7.692738e-06, Grad norm = 7.967721e-09, Beta update rate = 3.234503e-10
Epoch 950200 (19.0%): Train pred MSE = 3.130209e-12, Test pred MSE = 7.463350e-07, Param MSE = 7.692735e-06, Grad norm = 7.959577e-09, Beta update rate = 3.231167e-10
Epoch 950400 (19.0%): Train pred MSE = 3.123880e-12, Test pred MSE = 7.463347e-07, Param MSE = 7.692732e-06, Grad norm = 7.951442e-09, Beta update rate = 3.227835e-10
Epoch 950600 (19.0%): Train pred MSE = 3.117564e-12, Test pred MSE = 7.463344e-07, Param MSE = 7.692730e-06, Grad norm = 7.943316e-09, Beta update rate = 3.224506e-10
Epoch 950800 (19.0%): Train pred MSE = 3.111261e-12, Test pred MSE = 7.463341e-07, Param MSE = 7.692727e-06, Grad norm = 7.935198e-09, Beta update rate = 3.221181e-10
Epoch 951000 (19.0%): Train pred MSE = 3.104970e-12, Test pred MSE = 7.463338e-07, Param MSE = 7.692724e-06, Grad norm = 7.927089e-09, Beta update rate = 3.217859e-10
Epoch 951200 (19.0%): Train pred MSE = 3.098693e-12, Test pred MSE = 7.463336e-07, Param MSE = 7.692721e-06, Grad norm = 7.918988e-09, Beta update rate = 3.214541e-10
Epoch 951400 (19.0%): Train pred MSE = 3.092428e-12, Test pred MSE = 7.463333e-07, Param MSE = 7.692719e-06, Grad norm = 7.910896e-09, Beta update rate = 3.211226e-10
Epoch 951600 (19.0%): Train pred MSE = 3.086177e-12, Test pred MSE = 7.463330e-07, Param MSE = 7.692716e-06, Grad norm = 7.902812e-09, Beta update rate = 3.207915e-10
Epoch 951800 (19.0%): Train pred MSE = 3.079938e-12, Test pred MSE = 7.463327e-07, Param MSE = 7.692713e-06, Grad norm = 7.894737e-09, Beta update rate = 3.204608e-10
Epoch 952000 (19.0%): Train pred MSE = 3.073711e-12, Test pred MSE = 7.463325e-07, Param MSE = 7.692710e-06, Grad norm = 7.886670e-09, Beta update rate = 3.201304e-10
Epoch 952200 (19.0%): Train pred MSE = 3.067498e-12, Test pred MSE = 7.463322e-07, Param MSE = 7.692707e-06, Grad norm = 7.878611e-09, Beta update rate = 3.198003e-10
Epoch 952400 (19.0%): Train pred MSE = 3.061297e-12, Test pred MSE = 7.463319e-07, Param MSE = 7.692705e-06, Grad norm = 7.870561e-09, Beta update rate = 3.194706e-10
Epoch 952600 (19.1%): Train pred MSE = 3.055109e-12, Test pred MSE = 7.463316e-07, Param MSE = 7.692702e-06, Grad norm = 7.862520e-09, Beta update rate = 3.191412e-10
Epoch 952800 (19.1%): Train pred MSE = 3.048933e-12, Test pred MSE = 7.463314e-07, Param MSE = 7.692699e-06, Grad norm = 7.854486e-09, Beta update rate = 3.188122e-10
Epoch 953000 (19.1%): Train pred MSE = 3.042770e-12, Test pred MSE = 7.463311e-07, Param MSE = 7.692696e-06, Grad norm = 7.846462e-09, Beta update rate = 3.184836e-10
Epoch 953200 (19.1%): Train pred MSE = 3.036620e-12, Test pred MSE = 7.463308e-07, Param MSE = 7.692694e-06, Grad norm = 7.838445e-09, Beta update rate = 3.181553e-10
Epoch 953400 (19.1%): Train pred MSE = 3.030482e-12, Test pred MSE = 7.463305e-07, Param MSE = 7.692691e-06, Grad norm = 7.830437e-09, Beta update rate = 3.178273e-10
Epoch 953600 (19.1%): Train pred MSE = 3.024357e-12, Test pred MSE = 7.463303e-07, Param MSE = 7.692688e-06, Grad norm = 7.822438e-09, Beta update rate = 3.174997e-10
Epoch 953800 (19.1%): Train pred MSE = 3.018244e-12, Test pred MSE = 7.463300e-07, Param MSE = 7.692686e-06, Grad norm = 7.814447e-09, Beta update rate = 3.171724e-10
Epoch 954000 (19.1%): Train pred MSE = 3.012144e-12, Test pred MSE = 7.463297e-07, Param MSE = 7.692683e-06, Grad norm = 7.806464e-09, Beta update rate = 3.168455e-10
Epoch 954200 (19.1%): Train pred MSE = 3.006056e-12, Test pred MSE = 7.463295e-07, Param MSE = 7.692680e-06, Grad norm = 7.798489e-09, Beta update rate = 3.165190e-10
Epoch 954400 (19.1%): Train pred MSE = 2.999981e-12, Test pred MSE = 7.463292e-07, Param MSE = 7.692677e-06, Grad norm = 7.790523e-09, Beta update rate = 3.161927e-10
Epoch 954600 (19.1%): Train pred MSE = 2.993918e-12, Test pred MSE = 7.463289e-07, Param MSE = 7.692675e-06, Grad norm = 7.782565e-09, Beta update rate = 3.158669e-10
Epoch 954800 (19.1%): Train pred MSE = 2.987867e-12, Test pred MSE = 7.463286e-07, Param MSE = 7.692672e-06, Grad norm = 7.774616e-09, Beta update rate = 3.155413e-10
Epoch 955000 (19.1%): Train pred MSE = 2.981829e-12, Test pred MSE = 7.463284e-07, Param MSE = 7.692669e-06, Grad norm = 7.766675e-09, Beta update rate = 3.152162e-10
Epoch 955200 (19.1%): Train pred MSE = 2.975803e-12, Test pred MSE = 7.463281e-07, Param MSE = 7.692666e-06, Grad norm = 7.758742e-09, Beta update rate = 3.148913e-10
Epoch 955400 (19.1%): Train pred MSE = 2.969789e-12, Test pred MSE = 7.463278e-07, Param MSE = 7.692664e-06, Grad norm = 7.750818e-09, Beta update rate = 3.145668e-10
Epoch 955600 (19.1%): Train pred MSE = 2.963788e-12, Test pred MSE = 7.463276e-07, Param MSE = 7.692661e-06, Grad norm = 7.742901e-09, Beta update rate = 3.142427e-10
Epoch 955800 (19.1%): Train pred MSE = 2.957799e-12, Test pred MSE = 7.463273e-07, Param MSE = 7.692658e-06, Grad norm = 7.734993e-09, Beta update rate = 3.139189e-10
Epoch 956000 (19.1%): Train pred MSE = 2.951822e-12, Test pred MSE = 7.463270e-07, Param MSE = 7.692656e-06, Grad norm = 7.727094e-09, Beta update rate = 3.135954e-10
Epoch 956200 (19.1%): Train pred MSE = 2.945857e-12, Test pred MSE = 7.463267e-07, Param MSE = 7.692653e-06, Grad norm = 7.719202e-09, Beta update rate = 3.132723e-10
Epoch 956400 (19.1%): Train pred MSE = 2.939905e-12, Test pred MSE = 7.463265e-07, Param MSE = 7.692650e-06, Grad norm = 7.711319e-09, Beta update rate = 3.129495e-10
Epoch 956600 (19.1%): Train pred MSE = 2.933965e-12, Test pred MSE = 7.463262e-07, Param MSE = 7.692648e-06, Grad norm = 7.703444e-09, Beta update rate = 3.126271e-10
Epoch 956800 (19.1%): Train pred MSE = 2.928036e-12, Test pred MSE = 7.463259e-07, Param MSE = 7.692645e-06, Grad norm = 7.695578e-09, Beta update rate = 3.123050e-10
Epoch 957000 (19.1%): Train pred MSE = 2.922120e-12, Test pred MSE = 7.463257e-07, Param MSE = 7.692642e-06, Grad norm = 7.687719e-09, Beta update rate = 3.119833e-10
Epoch 957200 (19.1%): Train pred MSE = 2.916216e-12, Test pred MSE = 7.463254e-07, Param MSE = 7.692640e-06, Grad norm = 7.679869e-09, Beta update rate = 3.116619e-10
Epoch 957400 (19.1%): Train pred MSE = 2.910324e-12, Test pred MSE = 7.463251e-07, Param MSE = 7.692637e-06, Grad norm = 7.672027e-09, Beta update rate = 3.113408e-10
Epoch 957600 (19.2%): Train pred MSE = 2.904444e-12, Test pred MSE = 7.463249e-07, Param MSE = 7.692634e-06, Grad norm = 7.664194e-09, Beta update rate = 3.110201e-10
Epoch 957800 (19.2%): Train pred MSE = 2.898576e-12, Test pred MSE = 7.463246e-07, Param MSE = 7.692632e-06, Grad norm = 7.656368e-09, Beta update rate = 3.106997e-10
Epoch 958000 (19.2%): Train pred MSE = 2.892720e-12, Test pred MSE = 7.463243e-07, Param MSE = 7.692629e-06, Grad norm = 7.648551e-09, Beta update rate = 3.103797e-10
Epoch 958200 (19.2%): Train pred MSE = 2.886876e-12, Test pred MSE = 7.463241e-07, Param MSE = 7.692626e-06, Grad norm = 7.640742e-09, Beta update rate = 3.100600e-10
Epoch 958400 (19.2%): Train pred MSE = 2.881044e-12, Test pred MSE = 7.463238e-07, Param MSE = 7.692624e-06, Grad norm = 7.632941e-09, Beta update rate = 3.097406e-10
Epoch 958600 (19.2%): Train pred MSE = 2.875224e-12, Test pred MSE = 7.463235e-07, Param MSE = 7.692621e-06, Grad norm = 7.625148e-09, Beta update rate = 3.094216e-10
Epoch 958800 (19.2%): Train pred MSE = 2.869416e-12, Test pred MSE = 7.463233e-07, Param MSE = 7.692618e-06, Grad norm = 7.617363e-09, Beta update rate = 3.091029e-10
Epoch 959000 (19.2%): Train pred MSE = 2.863619e-12, Test pred MSE = 7.463230e-07, Param MSE = 7.692616e-06, Grad norm = 7.609587e-09, Beta update rate = 3.087845e-10
Epoch 959200 (19.2%): Train pred MSE = 2.857835e-12, Test pred MSE = 7.463227e-07, Param MSE = 7.692613e-06, Grad norm = 7.601818e-09, Beta update rate = 3.084665e-10
Epoch 959400 (19.2%): Train pred MSE = 2.852062e-12, Test pred MSE = 7.463225e-07, Param MSE = 7.692610e-06, Grad norm = 7.594058e-09, Beta update rate = 3.081489e-10
Epoch 959600 (19.2%): Train pred MSE = 2.846301e-12, Test pred MSE = 7.463222e-07, Param MSE = 7.692608e-06, Grad norm = 7.586306e-09, Beta update rate = 3.078315e-10
Epoch 959800 (19.2%): Train pred MSE = 2.840552e-12, Test pred MSE = 7.463220e-07, Param MSE = 7.692605e-06, Grad norm = 7.578562e-09, Beta update rate = 3.075145e-10
Epoch 960000 (19.2%): Train pred MSE = 2.834814e-12, Test pred MSE = 7.463217e-07, Param MSE = 7.692602e-06, Grad norm = 7.570826e-09, Beta update rate = 3.071979e-10
Epoch 960200 (19.2%): Train pred MSE = 2.829088e-12, Test pred MSE = 7.463214e-07, Param MSE = 7.692600e-06, Grad norm = 7.563098e-09, Beta update rate = 3.068815e-10
Epoch 960400 (19.2%): Train pred MSE = 2.823374e-12, Test pred MSE = 7.463212e-07, Param MSE = 7.692597e-06, Grad norm = 7.555378e-09, Beta update rate = 3.065655e-10
Epoch 960600 (19.2%): Train pred MSE = 2.817671e-12, Test pred MSE = 7.463209e-07, Param MSE = 7.692594e-06, Grad norm = 7.547666e-09, Beta update rate = 3.062499e-10
Epoch 960800 (19.2%): Train pred MSE = 2.811981e-12, Test pred MSE = 7.463206e-07, Param MSE = 7.692592e-06, Grad norm = 7.539963e-09, Beta update rate = 3.059346e-10
Epoch 961000 (19.2%): Train pred MSE = 2.806301e-12, Test pred MSE = 7.463204e-07, Param MSE = 7.692589e-06, Grad norm = 7.532267e-09, Beta update rate = 3.056196e-10
Epoch 961200 (19.2%): Train pred MSE = 2.800634e-12, Test pred MSE = 7.463201e-07, Param MSE = 7.692587e-06, Grad norm = 7.524580e-09, Beta update rate = 3.053049e-10
Epoch 961400 (19.2%): Train pred MSE = 2.794978e-12, Test pred MSE = 7.463199e-07, Param MSE = 7.692584e-06, Grad norm = 7.516900e-09, Beta update rate = 3.049906e-10
Epoch 961600 (19.2%): Train pred MSE = 2.789333e-12, Test pred MSE = 7.463196e-07, Param MSE = 7.692581e-06, Grad norm = 7.509229e-09, Beta update rate = 3.046766e-10
Epoch 961800 (19.2%): Train pred MSE = 2.783700e-12, Test pred MSE = 7.463193e-07, Param MSE = 7.692579e-06, Grad norm = 7.501565e-09, Beta update rate = 3.043630e-10
Epoch 962000 (19.2%): Train pred MSE = 2.778078e-12, Test pred MSE = 7.463191e-07, Param MSE = 7.692576e-06, Grad norm = 7.493910e-09, Beta update rate = 3.040496e-10
Epoch 962200 (19.2%): Train pred MSE = 2.772468e-12, Test pred MSE = 7.463188e-07, Param MSE = 7.692573e-06, Grad norm = 7.486262e-09, Beta update rate = 3.037367e-10
Epoch 962400 (19.2%): Train pred MSE = 2.766870e-12, Test pred MSE = 7.463186e-07, Param MSE = 7.692571e-06, Grad norm = 7.478623e-09, Beta update rate = 3.034240e-10
Epoch 962600 (19.3%): Train pred MSE = 2.761282e-12, Test pred MSE = 7.463183e-07, Param MSE = 7.692568e-06, Grad norm = 7.470992e-09, Beta update rate = 3.031117e-10
Epoch 962800 (19.3%): Train pred MSE = 2.755707e-12, Test pred MSE = 7.463180e-07, Param MSE = 7.692566e-06, Grad norm = 7.463368e-09, Beta update rate = 3.027997e-10
Epoch 963000 (19.3%): Train pred MSE = 2.750142e-12, Test pred MSE = 7.463178e-07, Param MSE = 7.692563e-06, Grad norm = 7.455753e-09, Beta update rate = 3.024880e-10
Epoch 963200 (19.3%): Train pred MSE = 2.744589e-12, Test pred MSE = 7.463175e-07, Param MSE = 7.692560e-06, Grad norm = 7.448145e-09, Beta update rate = 3.021767e-10
Epoch 963400 (19.3%): Train pred MSE = 2.739047e-12, Test pred MSE = 7.463173e-07, Param MSE = 7.692558e-06, Grad norm = 7.440546e-09, Beta update rate = 3.018657e-10
Epoch 963600 (19.3%): Train pred MSE = 2.733517e-12, Test pred MSE = 7.463170e-07, Param MSE = 7.692555e-06, Grad norm = 7.432954e-09, Beta update rate = 3.015550e-10
Epoch 963800 (19.3%): Train pred MSE = 2.727998e-12, Test pred MSE = 7.463167e-07, Param MSE = 7.692553e-06, Grad norm = 7.425370e-09, Beta update rate = 3.012447e-10
Epoch 964000 (19.3%): Train pred MSE = 2.722490e-12, Test pred MSE = 7.463165e-07, Param MSE = 7.692550e-06, Grad norm = 7.417795e-09, Beta update rate = 3.009346e-10
Epoch 964200 (19.3%): Train pred MSE = 2.716993e-12, Test pred MSE = 7.463162e-07, Param MSE = 7.692548e-06, Grad norm = 7.410227e-09, Beta update rate = 3.006249e-10
Epoch 964400 (19.3%): Train pred MSE = 2.711507e-12, Test pred MSE = 7.463160e-07, Param MSE = 7.692545e-06, Grad norm = 7.402667e-09, Beta update rate = 3.003156e-10
Epoch 964600 (19.3%): Train pred MSE = 2.706033e-12, Test pred MSE = 7.463157e-07, Param MSE = 7.692542e-06, Grad norm = 7.395115e-09, Beta update rate = 3.000066e-10
Epoch 964800 (19.3%): Train pred MSE = 2.700570e-12, Test pred MSE = 7.463155e-07, Param MSE = 7.692540e-06, Grad norm = 7.387571e-09, Beta update rate = 2.996979e-10
Epoch 965000 (19.3%): Train pred MSE = 2.695118e-12, Test pred MSE = 7.463152e-07, Param MSE = 7.692537e-06, Grad norm = 7.380034e-09, Beta update rate = 2.993895e-10
Epoch 965200 (19.3%): Train pred MSE = 2.689677e-12, Test pred MSE = 7.463149e-07, Param MSE = 7.692535e-06, Grad norm = 7.372506e-09, Beta update rate = 2.990814e-10
Epoch 965400 (19.3%): Train pred MSE = 2.684247e-12, Test pred MSE = 7.463147e-07, Param MSE = 7.692532e-06, Grad norm = 7.364985e-09, Beta update rate = 2.987737e-10
Epoch 965600 (19.3%): Train pred MSE = 2.678828e-12, Test pred MSE = 7.463144e-07, Param MSE = 7.692530e-06, Grad norm = 7.357473e-09, Beta update rate = 2.984663e-10
Epoch 965800 (19.3%): Train pred MSE = 2.673421e-12, Test pred MSE = 7.463142e-07, Param MSE = 7.692527e-06, Grad norm = 7.349968e-09, Beta update rate = 2.981592e-10
Epoch 966000 (19.3%): Train pred MSE = 2.668024e-12, Test pred MSE = 7.463139e-07, Param MSE = 7.692525e-06, Grad norm = 7.342471e-09, Beta update rate = 2.978525e-10
Epoch 966200 (19.3%): Train pred MSE = 2.662638e-12, Test pred MSE = 7.463137e-07, Param MSE = 7.692522e-06, Grad norm = 7.334982e-09, Beta update rate = 2.975461e-10
Epoch 966400 (19.3%): Train pred MSE = 2.657264e-12, Test pred MSE = 7.463134e-07, Param MSE = 7.692519e-06, Grad norm = 7.327501e-09, Beta update rate = 2.972400e-10
Epoch 966600 (19.3%): Train pred MSE = 2.651900e-12, Test pred MSE = 7.463132e-07, Param MSE = 7.692517e-06, Grad norm = 7.320027e-09, Beta update rate = 2.969342e-10
Epoch 966800 (19.3%): Train pred MSE = 2.646547e-12, Test pred MSE = 7.463129e-07, Param MSE = 7.692514e-06, Grad norm = 7.312561e-09, Beta update rate = 2.966288e-10
Epoch 967000 (19.3%): Train pred MSE = 2.641205e-12, Test pred MSE = 7.463127e-07, Param MSE = 7.692512e-06, Grad norm = 7.305104e-09, Beta update rate = 2.963236e-10
Epoch 967200 (19.3%): Train pred MSE = 2.635875e-12, Test pred MSE = 7.463124e-07, Param MSE = 7.692509e-06, Grad norm = 7.297654e-09, Beta update rate = 2.960188e-10
Epoch 967400 (19.3%): Train pred MSE = 2.630554e-12, Test pred MSE = 7.463122e-07, Param MSE = 7.692507e-06, Grad norm = 7.290211e-09, Beta update rate = 2.957144e-10
Epoch 967600 (19.4%): Train pred MSE = 2.625245e-12, Test pred MSE = 7.463119e-07, Param MSE = 7.692504e-06, Grad norm = 7.282777e-09, Beta update rate = 2.954102e-10
Epoch 967800 (19.4%): Train pred MSE = 2.619947e-12, Test pred MSE = 7.463116e-07, Param MSE = 7.692502e-06, Grad norm = 7.275350e-09, Beta update rate = 2.951064e-10
Epoch 968000 (19.4%): Train pred MSE = 2.614659e-12, Test pred MSE = 7.463114e-07, Param MSE = 7.692499e-06, Grad norm = 7.267931e-09, Beta update rate = 2.948029e-10
Epoch 968200 (19.4%): Train pred MSE = 2.609382e-12, Test pred MSE = 7.463111e-07, Param MSE = 7.692497e-06, Grad norm = 7.260520e-09, Beta update rate = 2.944997e-10
Epoch 968400 (19.4%): Train pred MSE = 2.604116e-12, Test pred MSE = 7.463109e-07, Param MSE = 7.692494e-06, Grad norm = 7.253116e-09, Beta update rate = 2.941968e-10
Epoch 968600 (19.4%): Train pred MSE = 2.598861e-12, Test pred MSE = 7.463106e-07, Param MSE = 7.692492e-06, Grad norm = 7.245720e-09, Beta update rate = 2.938942e-10
Epoch 968800 (19.4%): Train pred MSE = 2.593616e-12, Test pred MSE = 7.463104e-07, Param MSE = 7.692489e-06, Grad norm = 7.238332e-09, Beta update rate = 2.935920e-10
Epoch 969000 (19.4%): Train pred MSE = 2.588382e-12, Test pred MSE = 7.463101e-07, Param MSE = 7.692487e-06, Grad norm = 7.230952e-09, Beta update rate = 2.932901e-10
Epoch 969200 (19.4%): Train pred MSE = 2.583159e-12, Test pred MSE = 7.463099e-07, Param MSE = 7.692484e-06, Grad norm = 7.223579e-09, Beta update rate = 2.929885e-10
Epoch 969400 (19.4%): Train pred MSE = 2.577946e-12, Test pred MSE = 7.463096e-07, Param MSE = 7.692482e-06, Grad norm = 7.216214e-09, Beta update rate = 2.926872e-10
Epoch 969600 (19.4%): Train pred MSE = 2.572744e-12, Test pred MSE = 7.463094e-07, Param MSE = 7.692479e-06, Grad norm = 7.208857e-09, Beta update rate = 2.923863e-10
Epoch 969800 (19.4%): Train pred MSE = 2.567553e-12, Test pred MSE = 7.463091e-07, Param MSE = 7.692477e-06, Grad norm = 7.201508e-09, Beta update rate = 2.920856e-10
Epoch 970000 (19.4%): Train pred MSE = 2.562372e-12, Test pred MSE = 7.463089e-07, Param MSE = 7.692474e-06, Grad norm = 7.194166e-09, Beta update rate = 2.917853e-10
Epoch 970200 (19.4%): Train pred MSE = 2.557202e-12, Test pred MSE = 7.463086e-07, Param MSE = 7.692472e-06, Grad norm = 7.186831e-09, Beta update rate = 2.914853e-10
Epoch 970400 (19.4%): Train pred MSE = 2.552042e-12, Test pred MSE = 7.463084e-07, Param MSE = 7.692469e-06, Grad norm = 7.179505e-09, Beta update rate = 2.911856e-10
Epoch 970600 (19.4%): Train pred MSE = 2.546893e-12, Test pred MSE = 7.463081e-07, Param MSE = 7.692467e-06, Grad norm = 7.172186e-09, Beta update rate = 2.908863e-10
Epoch 970800 (19.4%): Train pred MSE = 2.541754e-12, Test pred MSE = 7.463079e-07, Param MSE = 7.692464e-06, Grad norm = 7.164875e-09, Beta update rate = 2.905872e-10
Epoch 971000 (19.4%): Train pred MSE = 2.536626e-12, Test pred MSE = 7.463076e-07, Param MSE = 7.692462e-06, Grad norm = 7.157571e-09, Beta update rate = 2.902885e-10
Epoch 971200 (19.4%): Train pred MSE = 2.531508e-12, Test pred MSE = 7.463074e-07, Param MSE = 7.692459e-06, Grad norm = 7.150275e-09, Beta update rate = 2.899901e-10
Epoch 971400 (19.4%): Train pred MSE = 2.526400e-12, Test pred MSE = 7.463072e-07, Param MSE = 7.692457e-06, Grad norm = 7.142987e-09, Beta update rate = 2.896920e-10
Epoch 971600 (19.4%): Train pred MSE = 2.521303e-12, Test pred MSE = 7.463069e-07, Param MSE = 7.692454e-06, Grad norm = 7.135706e-09, Beta update rate = 2.893942e-10
Epoch 971800 (19.4%): Train pred MSE = 2.516217e-12, Test pred MSE = 7.463067e-07, Param MSE = 7.692452e-06, Grad norm = 7.128433e-09, Beta update rate = 2.890968e-10
Epoch 972000 (19.4%): Train pred MSE = 2.511141e-12, Test pred MSE = 7.463064e-07, Param MSE = 7.692449e-06, Grad norm = 7.121167e-09, Beta update rate = 2.887996e-10
Epoch 972200 (19.4%): Train pred MSE = 2.506075e-12, Test pred MSE = 7.463062e-07, Param MSE = 7.692447e-06, Grad norm = 7.113909e-09, Beta update rate = 2.885028e-10
Epoch 972400 (19.4%): Train pred MSE = 2.501019e-12, Test pred MSE = 7.463059e-07, Param MSE = 7.692444e-06, Grad norm = 7.106659e-09, Beta update rate = 2.882062e-10
Epoch 972600 (19.5%): Train pred MSE = 2.495974e-12, Test pred MSE = 7.463057e-07, Param MSE = 7.692442e-06, Grad norm = 7.099416e-09, Beta update rate = 2.879100e-10
Epoch 972800 (19.5%): Train pred MSE = 2.490939e-12, Test pred MSE = 7.463054e-07, Param MSE = 7.692439e-06, Grad norm = 7.092180e-09, Beta update rate = 2.876141e-10
Epoch 973000 (19.5%): Train pred MSE = 2.485914e-12, Test pred MSE = 7.463052e-07, Param MSE = 7.692437e-06, Grad norm = 7.084953e-09, Beta update rate = 2.873185e-10
Epoch 973200 (19.5%): Train pred MSE = 2.480900e-12, Test pred MSE = 7.463049e-07, Param MSE = 7.692435e-06, Grad norm = 7.077732e-09, Beta update rate = 2.870233e-10
Epoch 973400 (19.5%): Train pred MSE = 2.475895e-12, Test pred MSE = 7.463047e-07, Param MSE = 7.692432e-06, Grad norm = 7.070520e-09, Beta update rate = 2.867283e-10
Epoch 973600 (19.5%): Train pred MSE = 2.470901e-12, Test pred MSE = 7.463045e-07, Param MSE = 7.692430e-06, Grad norm = 7.063315e-09, Beta update rate = 2.864337e-10
Epoch 973800 (19.5%): Train pred MSE = 2.465917e-12, Test pred MSE = 7.463042e-07, Param MSE = 7.692427e-06, Grad norm = 7.056117e-09, Beta update rate = 2.861393e-10
Epoch 974000 (19.5%): Train pred MSE = 2.460944e-12, Test pred MSE = 7.463040e-07, Param MSE = 7.692425e-06, Grad norm = 7.048927e-09, Beta update rate = 2.858453e-10
Epoch 974200 (19.5%): Train pred MSE = 2.455980e-12, Test pred MSE = 7.463037e-07, Param MSE = 7.692422e-06, Grad norm = 7.041744e-09, Beta update rate = 2.855516e-10
Epoch 974400 (19.5%): Train pred MSE = 2.451026e-12, Test pred MSE = 7.463035e-07, Param MSE = 7.692420e-06, Grad norm = 7.034569e-09, Beta update rate = 2.852582e-10
Epoch 974600 (19.5%): Train pred MSE = 2.446083e-12, Test pred MSE = 7.463032e-07, Param MSE = 7.692417e-06, Grad norm = 7.027401e-09, Beta update rate = 2.849651e-10
Epoch 974800 (19.5%): Train pred MSE = 2.441150e-12, Test pred MSE = 7.463030e-07, Param MSE = 7.692415e-06, Grad norm = 7.020241e-09, Beta update rate = 2.846723e-10
Epoch 975000 (19.5%): Train pred MSE = 2.436226e-12, Test pred MSE = 7.463028e-07, Param MSE = 7.692413e-06, Grad norm = 7.013088e-09, Beta update rate = 2.843798e-10
Epoch 975200 (19.5%): Train pred MSE = 2.431313e-12, Test pred MSE = 7.463025e-07, Param MSE = 7.692410e-06, Grad norm = 7.005943e-09, Beta update rate = 2.840877e-10
Epoch 975400 (19.5%): Train pred MSE = 2.426410e-12, Test pred MSE = 7.463023e-07, Param MSE = 7.692408e-06, Grad norm = 6.998805e-09, Beta update rate = 2.837958e-10
Epoch 975600 (19.5%): Train pred MSE = 2.421516e-12, Test pred MSE = 7.463020e-07, Param MSE = 7.692405e-06, Grad norm = 6.991675e-09, Beta update rate = 2.835043e-10
Epoch 975800 (19.5%): Train pred MSE = 2.416633e-12, Test pred MSE = 7.463018e-07, Param MSE = 7.692403e-06, Grad norm = 6.984552e-09, Beta update rate = 2.832130e-10
Epoch 976000 (19.5%): Train pred MSE = 2.411760e-12, Test pred MSE = 7.463015e-07, Param MSE = 7.692400e-06, Grad norm = 6.977437e-09, Beta update rate = 2.829221e-10
Epoch 976200 (19.5%): Train pred MSE = 2.406896e-12, Test pred MSE = 7.463013e-07, Param MSE = 7.692398e-06, Grad norm = 6.970329e-09, Beta update rate = 2.826315e-10
Epoch 976400 (19.5%): Train pred MSE = 2.402043e-12, Test pred MSE = 7.463011e-07, Param MSE = 7.692396e-06, Grad norm = 6.963228e-09, Beta update rate = 2.823412e-10
Epoch 976600 (19.5%): Train pred MSE = 2.397199e-12, Test pred MSE = 7.463008e-07, Param MSE = 7.692393e-06, Grad norm = 6.956135e-09, Beta update rate = 2.820511e-10
Epoch 976800 (19.5%): Train pred MSE = 2.392365e-12, Test pred MSE = 7.463006e-07, Param MSE = 7.692391e-06, Grad norm = 6.949049e-09, Beta update rate = 2.817615e-10
Epoch 977000 (19.5%): Train pred MSE = 2.387541e-12, Test pred MSE = 7.463003e-07, Param MSE = 7.692388e-06, Grad norm = 6.941970e-09, Beta update rate = 2.814720e-10
Epoch 977200 (19.5%): Train pred MSE = 2.382727e-12, Test pred MSE = 7.463001e-07, Param MSE = 7.692386e-06, Grad norm = 6.934899e-09, Beta update rate = 2.811830e-10
Epoch 977400 (19.5%): Train pred MSE = 2.377923e-12, Test pred MSE = 7.462999e-07, Param MSE = 7.692384e-06, Grad norm = 6.927836e-09, Beta update rate = 2.808942e-10
Epoch 977600 (19.6%): Train pred MSE = 2.373128e-12, Test pred MSE = 7.462996e-07, Param MSE = 7.692381e-06, Grad norm = 6.920779e-09, Beta update rate = 2.806057e-10
Epoch 977800 (19.6%): Train pred MSE = 2.368343e-12, Test pred MSE = 7.462994e-07, Param MSE = 7.692379e-06, Grad norm = 6.913730e-09, Beta update rate = 2.803175e-10
Epoch 978000 (19.6%): Train pred MSE = 2.363568e-12, Test pred MSE = 7.462992e-07, Param MSE = 7.692377e-06, Grad norm = 6.906689e-09, Beta update rate = 2.800297e-10
Epoch 978200 (19.6%): Train pred MSE = 2.358803e-12, Test pred MSE = 7.462989e-07, Param MSE = 7.692374e-06, Grad norm = 6.899655e-09, Beta update rate = 2.797421e-10
Epoch 978400 (19.6%): Train pred MSE = 2.354047e-12, Test pred MSE = 7.462987e-07, Param MSE = 7.692372e-06, Grad norm = 6.892628e-09, Beta update rate = 2.794548e-10
Epoch 978600 (19.6%): Train pred MSE = 2.349301e-12, Test pred MSE = 7.462984e-07, Param MSE = 7.692369e-06, Grad norm = 6.885608e-09, Beta update rate = 2.791679e-10
Epoch 978800 (19.6%): Train pred MSE = 2.344565e-12, Test pred MSE = 7.462982e-07, Param MSE = 7.692367e-06, Grad norm = 6.878596e-09, Beta update rate = 2.788812e-10
Epoch 979000 (19.6%): Train pred MSE = 2.339838e-12, Test pred MSE = 7.462980e-07, Param MSE = 7.692365e-06, Grad norm = 6.871591e-09, Beta update rate = 2.785948e-10
Epoch 979200 (19.6%): Train pred MSE = 2.335121e-12, Test pred MSE = 7.462977e-07, Param MSE = 7.692362e-06, Grad norm = 6.864593e-09, Beta update rate = 2.783088e-10
Epoch 979400 (19.6%): Train pred MSE = 2.330414e-12, Test pred MSE = 7.462975e-07, Param MSE = 7.692360e-06, Grad norm = 6.857603e-09, Beta update rate = 2.780230e-10
Epoch 979600 (19.6%): Train pred MSE = 2.325716e-12, Test pred MSE = 7.462973e-07, Param MSE = 7.692358e-06, Grad norm = 6.850619e-09, Beta update rate = 2.777376e-10
Epoch 979800 (19.6%): Train pred MSE = 2.321028e-12, Test pred MSE = 7.462970e-07, Param MSE = 7.692355e-06, Grad norm = 6.843644e-09, Beta update rate = 2.774524e-10
Epoch 980000 (19.6%): Train pred MSE = 2.316349e-12, Test pred MSE = 7.462968e-07, Param MSE = 7.692353e-06, Grad norm = 6.836675e-09, Beta update rate = 2.771676e-10
Epoch 980200 (19.6%): Train pred MSE = 2.311680e-12, Test pred MSE = 7.462966e-07, Param MSE = 7.692350e-06, Grad norm = 6.829714e-09, Beta update rate = 2.768831e-10
Epoch 980400 (19.6%): Train pred MSE = 2.307020e-12, Test pred MSE = 7.462963e-07, Param MSE = 7.692348e-06, Grad norm = 6.822760e-09, Beta update rate = 2.765988e-10
Epoch 980600 (19.6%): Train pred MSE = 2.302370e-12, Test pred MSE = 7.462961e-07, Param MSE = 7.692346e-06, Grad norm = 6.815813e-09, Beta update rate = 2.763149e-10
Epoch 980800 (19.6%): Train pred MSE = 2.297729e-12, Test pred MSE = 7.462958e-07, Param MSE = 7.692343e-06, Grad norm = 6.808873e-09, Beta update rate = 2.760312e-10
Epoch 981000 (19.6%): Train pred MSE = 2.293098e-12, Test pred MSE = 7.462956e-07, Param MSE = 7.692341e-06, Grad norm = 6.801941e-09, Beta update rate = 2.757479e-10
Epoch 981200 (19.6%): Train pred MSE = 2.288476e-12, Test pred MSE = 7.462954e-07, Param MSE = 7.692339e-06, Grad norm = 6.795016e-09, Beta update rate = 2.754648e-10
Epoch 981400 (19.6%): Train pred MSE = 2.283863e-12, Test pred MSE = 7.462951e-07, Param MSE = 7.692336e-06, Grad norm = 6.788098e-09, Beta update rate = 2.751821e-10
Epoch 981600 (19.6%): Train pred MSE = 2.279260e-12, Test pred MSE = 7.462949e-07, Param MSE = 7.692334e-06, Grad norm = 6.781187e-09, Beta update rate = 2.748996e-10
Epoch 981800 (19.6%): Train pred MSE = 2.274666e-12, Test pred MSE = 7.462947e-07, Param MSE = 7.692332e-06, Grad norm = 6.774284e-09, Beta update rate = 2.746175e-10
Epoch 982000 (19.6%): Train pred MSE = 2.270082e-12, Test pred MSE = 7.462944e-07, Param MSE = 7.692329e-06, Grad norm = 6.767388e-09, Beta update rate = 2.743357e-10
Epoch 982200 (19.6%): Train pred MSE = 2.265507e-12, Test pred MSE = 7.462942e-07, Param MSE = 7.692327e-06, Grad norm = 6.760499e-09, Beta update rate = 2.740541e-10
Epoch 982400 (19.6%): Train pred MSE = 2.260941e-12, Test pred MSE = 7.462940e-07, Param MSE = 7.692325e-06, Grad norm = 6.753617e-09, Beta update rate = 2.737728e-10
Epoch 982600 (19.7%): Train pred MSE = 2.256385e-12, Test pred MSE = 7.462937e-07, Param MSE = 7.692322e-06, Grad norm = 6.746742e-09, Beta update rate = 2.734919e-10
Epoch 982800 (19.7%): Train pred MSE = 2.251838e-12, Test pred MSE = 7.462935e-07, Param MSE = 7.692320e-06, Grad norm = 6.739874e-09, Beta update rate = 2.732112e-10
Epoch 983000 (19.7%): Train pred MSE = 2.247300e-12, Test pred MSE = 7.462933e-07, Param MSE = 7.692318e-06, Grad norm = 6.733014e-09, Beta update rate = 2.729308e-10
Epoch 983200 (19.7%): Train pred MSE = 2.242771e-12, Test pred MSE = 7.462931e-07, Param MSE = 7.692315e-06, Grad norm = 6.726161e-09, Beta update rate = 2.726508e-10
Epoch 983400 (19.7%): Train pred MSE = 2.238252e-12, Test pred MSE = 7.462928e-07, Param MSE = 7.692313e-06, Grad norm = 6.719314e-09, Beta update rate = 2.723710e-10
Epoch 983600 (19.7%): Train pred MSE = 2.233741e-12, Test pred MSE = 7.462926e-07, Param MSE = 7.692311e-06, Grad norm = 6.712475e-09, Beta update rate = 2.720915e-10
Epoch 983800 (19.7%): Train pred MSE = 2.229240e-12, Test pred MSE = 7.462924e-07, Param MSE = 7.692308e-06, Grad norm = 6.705644e-09, Beta update rate = 2.718123e-10
Epoch 984000 (19.7%): Train pred MSE = 2.224748e-12, Test pred MSE = 7.462921e-07, Param MSE = 7.692306e-06, Grad norm = 6.698819e-09, Beta update rate = 2.715334e-10
Epoch 984200 (19.7%): Train pred MSE = 2.220265e-12, Test pred MSE = 7.462919e-07, Param MSE = 7.692304e-06, Grad norm = 6.692001e-09, Beta update rate = 2.712548e-10
Epoch 984400 (19.7%): Train pred MSE = 2.215792e-12, Test pred MSE = 7.462917e-07, Param MSE = 7.692302e-06, Grad norm = 6.685191e-09, Beta update rate = 2.709765e-10
Epoch 984600 (19.7%): Train pred MSE = 2.211327e-12, Test pred MSE = 7.462914e-07, Param MSE = 7.692299e-06, Grad norm = 6.678387e-09, Beta update rate = 2.706985e-10
Epoch 984800 (19.7%): Train pred MSE = 2.206872e-12, Test pred MSE = 7.462912e-07, Param MSE = 7.692297e-06, Grad norm = 6.671591e-09, Beta update rate = 2.704208e-10
Epoch 985000 (19.7%): Train pred MSE = 2.202425e-12, Test pred MSE = 7.462910e-07, Param MSE = 7.692295e-06, Grad norm = 6.664801e-09, Beta update rate = 2.701434e-10
Epoch 985200 (19.7%): Train pred MSE = 2.197988e-12, Test pred MSE = 7.462908e-07, Param MSE = 7.692292e-06, Grad norm = 6.658019e-09, Beta update rate = 2.698663e-10
Epoch 985400 (19.7%): Train pred MSE = 2.193559e-12, Test pred MSE = 7.462905e-07, Param MSE = 7.692290e-06, Grad norm = 6.651244e-09, Beta update rate = 2.695894e-10
Epoch 985600 (19.7%): Train pred MSE = 2.189140e-12, Test pred MSE = 7.462903e-07, Param MSE = 7.692288e-06, Grad norm = 6.644476e-09, Beta update rate = 2.693129e-10
Epoch 985800 (19.7%): Train pred MSE = 2.184730e-12, Test pred MSE = 7.462901e-07, Param MSE = 7.692286e-06, Grad norm = 6.637715e-09, Beta update rate = 2.690366e-10
Epoch 986000 (19.7%): Train pred MSE = 2.180328e-12, Test pred MSE = 7.462898e-07, Param MSE = 7.692283e-06, Grad norm = 6.630961e-09, Beta update rate = 2.687607e-10
Epoch 986200 (19.7%): Train pred MSE = 2.175936e-12, Test pred MSE = 7.462896e-07, Param MSE = 7.692281e-06, Grad norm = 6.624214e-09, Beta update rate = 2.684850e-10
Epoch 986400 (19.7%): Train pred MSE = 2.171552e-12, Test pred MSE = 7.462894e-07, Param MSE = 7.692279e-06, Grad norm = 6.617474e-09, Beta update rate = 2.682096e-10
Epoch 986600 (19.7%): Train pred MSE = 2.167178e-12, Test pred MSE = 7.462892e-07, Param MSE = 7.692276e-06, Grad norm = 6.610741e-09, Beta update rate = 2.679345e-10
Epoch 986800 (19.7%): Train pred MSE = 2.162812e-12, Test pred MSE = 7.462889e-07, Param MSE = 7.692274e-06, Grad norm = 6.604015e-09, Beta update rate = 2.676597e-10
Epoch 987000 (19.7%): Train pred MSE = 2.158455e-12, Test pred MSE = 7.462887e-07, Param MSE = 7.692272e-06, Grad norm = 6.597296e-09, Beta update rate = 2.673852e-10
Epoch 987200 (19.7%): Train pred MSE = 2.154107e-12, Test pred MSE = 7.462885e-07, Param MSE = 7.692270e-06, Grad norm = 6.590584e-09, Beta update rate = 2.671110e-10
Epoch 987400 (19.7%): Train pred MSE = 2.149768e-12, Test pred MSE = 7.462883e-07, Param MSE = 7.692267e-06, Grad norm = 6.583879e-09, Beta update rate = 2.668370e-10
Epoch 987600 (19.8%): Train pred MSE = 2.145438e-12, Test pred MSE = 7.462880e-07, Param MSE = 7.692265e-06, Grad norm = 6.577181e-09, Beta update rate = 2.665634e-10
Epoch 987800 (19.8%): Train pred MSE = 2.141116e-12, Test pred MSE = 7.462878e-07, Param MSE = 7.692263e-06, Grad norm = 6.570490e-09, Beta update rate = 2.662901e-10
Epoch 988000 (19.8%): Train pred MSE = 2.136803e-12, Test pred MSE = 7.462876e-07, Param MSE = 7.692261e-06, Grad norm = 6.563806e-09, Beta update rate = 2.660170e-10
Epoch 988200 (19.8%): Train pred MSE = 2.132499e-12, Test pred MSE = 7.462874e-07, Param MSE = 7.692258e-06, Grad norm = 6.557129e-09, Beta update rate = 2.657442e-10
Epoch 988400 (19.8%): Train pred MSE = 2.128204e-12, Test pred MSE = 7.462871e-07, Param MSE = 7.692256e-06, Grad norm = 6.550459e-09, Beta update rate = 2.654717e-10
Epoch 988600 (19.8%): Train pred MSE = 2.123918e-12, Test pred MSE = 7.462869e-07, Param MSE = 7.692254e-06, Grad norm = 6.543796e-09, Beta update rate = 2.651995e-10
Epoch 988800 (19.8%): Train pred MSE = 2.119640e-12, Test pred MSE = 7.462867e-07, Param MSE = 7.692252e-06, Grad norm = 6.537139e-09, Beta update rate = 2.649276e-10
Epoch 989000 (19.8%): Train pred MSE = 2.115371e-12, Test pred MSE = 7.462865e-07, Param MSE = 7.692249e-06, Grad norm = 6.530490e-09, Beta update rate = 2.646560e-10
Epoch 989200 (19.8%): Train pred MSE = 2.111111e-12, Test pred MSE = 7.462862e-07, Param MSE = 7.692247e-06, Grad norm = 6.523848e-09, Beta update rate = 2.643846e-10
Epoch 989400 (19.8%): Train pred MSE = 2.106859e-12, Test pred MSE = 7.462860e-07, Param MSE = 7.692245e-06, Grad norm = 6.517212e-09, Beta update rate = 2.641136e-10
Epoch 989600 (19.8%): Train pred MSE = 2.102616e-12, Test pred MSE = 7.462858e-07, Param MSE = 7.692243e-06, Grad norm = 6.510583e-09, Beta update rate = 2.638428e-10
Epoch 989800 (19.8%): Train pred MSE = 2.098382e-12, Test pred MSE = 7.462856e-07, Param MSE = 7.692240e-06, Grad norm = 6.503962e-09, Beta update rate = 2.635723e-10
Epoch 990000 (19.8%): Train pred MSE = 2.094156e-12, Test pred MSE = 7.462853e-07, Param MSE = 7.692238e-06, Grad norm = 6.497347e-09, Beta update rate = 2.633021e-10
Epoch 990200 (19.8%): Train pred MSE = 2.089938e-12, Test pred MSE = 7.462851e-07, Param MSE = 7.692236e-06, Grad norm = 6.490739e-09, Beta update rate = 2.630322e-10
Epoch 990400 (19.8%): Train pred MSE = 2.085730e-12, Test pred MSE = 7.462849e-07, Param MSE = 7.692234e-06, Grad norm = 6.484138e-09, Beta update rate = 2.627626e-10
Epoch 990600 (19.8%): Train pred MSE = 2.081530e-12, Test pred MSE = 7.462847e-07, Param MSE = 7.692231e-06, Grad norm = 6.477544e-09, Beta update rate = 2.624932e-10
Epoch 990800 (19.8%): Train pred MSE = 2.077338e-12, Test pred MSE = 7.462845e-07, Param MSE = 7.692229e-06, Grad norm = 6.470956e-09, Beta update rate = 2.622241e-10
Epoch 991000 (19.8%): Train pred MSE = 2.073155e-12, Test pred MSE = 7.462842e-07, Param MSE = 7.692227e-06, Grad norm = 6.464376e-09, Beta update rate = 2.619554e-10
Epoch 991200 (19.8%): Train pred MSE = 2.068981e-12, Test pred MSE = 7.462840e-07, Param MSE = 7.692225e-06, Grad norm = 6.457802e-09, Beta update rate = 2.616869e-10
Epoch 991400 (19.8%): Train pred MSE = 2.064815e-12, Test pred MSE = 7.462838e-07, Param MSE = 7.692223e-06, Grad norm = 6.451236e-09, Beta update rate = 2.614186e-10
Epoch 991600 (19.8%): Train pred MSE = 2.060657e-12, Test pred MSE = 7.462836e-07, Param MSE = 7.692220e-06, Grad norm = 6.444676e-09, Beta update rate = 2.611507e-10
Epoch 991800 (19.8%): Train pred MSE = 2.056508e-12, Test pred MSE = 7.462833e-07, Param MSE = 7.692218e-06, Grad norm = 6.438122e-09, Beta update rate = 2.608831e-10
Epoch 992000 (19.8%): Train pred MSE = 2.052367e-12, Test pred MSE = 7.462831e-07, Param MSE = 7.692216e-06, Grad norm = 6.431576e-09, Beta update rate = 2.606157e-10
Epoch 992200 (19.8%): Train pred MSE = 2.048235e-12, Test pred MSE = 7.462829e-07, Param MSE = 7.692214e-06, Grad norm = 6.425037e-09, Beta update rate = 2.603486e-10
Epoch 992400 (19.8%): Train pred MSE = 2.044111e-12, Test pred MSE = 7.462827e-07, Param MSE = 7.692212e-06, Grad norm = 6.418504e-09, Beta update rate = 2.600818e-10
Epoch 992600 (19.9%): Train pred MSE = 2.039995e-12, Test pred MSE = 7.462825e-07, Param MSE = 7.692209e-06, Grad norm = 6.411978e-09, Beta update rate = 2.598153e-10
Epoch 992800 (19.9%): Train pred MSE = 2.035888e-12, Test pred MSE = 7.462822e-07, Param MSE = 7.692207e-06, Grad norm = 6.405459e-09, Beta update rate = 2.595490e-10
Epoch 993000 (19.9%): Train pred MSE = 2.031790e-12, Test pred MSE = 7.462820e-07, Param MSE = 7.692205e-06, Grad norm = 6.398947e-09, Beta update rate = 2.592831e-10
Epoch 993200 (19.9%): Train pred MSE = 2.027699e-12, Test pred MSE = 7.462818e-07, Param MSE = 7.692203e-06, Grad norm = 6.392441e-09, Beta update rate = 2.590174e-10
Epoch 993400 (19.9%): Train pred MSE = 2.023617e-12, Test pred MSE = 7.462816e-07, Param MSE = 7.692201e-06, Grad norm = 6.385942e-09, Beta update rate = 2.587520e-10
Epoch 993600 (19.9%): Train pred MSE = 2.019543e-12, Test pred MSE = 7.462814e-07, Param MSE = 7.692198e-06, Grad norm = 6.379450e-09, Beta update rate = 2.584869e-10
Epoch 993800 (19.9%): Train pred MSE = 2.015478e-12, Test pred MSE = 7.462812e-07, Param MSE = 7.692196e-06, Grad norm = 6.372965e-09, Beta update rate = 2.582220e-10
Epoch 994000 (19.9%): Train pred MSE = 2.011420e-12, Test pred MSE = 7.462809e-07, Param MSE = 7.692194e-06, Grad norm = 6.366486e-09, Beta update rate = 2.579575e-10
Epoch 994200 (19.9%): Train pred MSE = 2.007371e-12, Test pred MSE = 7.462807e-07, Param MSE = 7.692192e-06, Grad norm = 6.360014e-09, Beta update rate = 2.576932e-10
Epoch 994400 (19.9%): Train pred MSE = 2.003330e-12, Test pred MSE = 7.462805e-07, Param MSE = 7.692190e-06, Grad norm = 6.353549e-09, Beta update rate = 2.574292e-10
Epoch 994600 (19.9%): Train pred MSE = 1.999298e-12, Test pred MSE = 7.462803e-07, Param MSE = 7.692188e-06, Grad norm = 6.347091e-09, Beta update rate = 2.571654e-10
Epoch 994800 (19.9%): Train pred MSE = 1.995273e-12, Test pred MSE = 7.462801e-07, Param MSE = 7.692185e-06, Grad norm = 6.340639e-09, Beta update rate = 2.569020e-10
Epoch 995000 (19.9%): Train pred MSE = 1.991257e-12, Test pred MSE = 7.462799e-07, Param MSE = 7.692183e-06, Grad norm = 6.334194e-09, Beta update rate = 2.566388e-10
Epoch 995200 (19.9%): Train pred MSE = 1.987249e-12, Test pred MSE = 7.462796e-07, Param MSE = 7.692181e-06, Grad norm = 6.327756e-09, Beta update rate = 2.563759e-10
Epoch 995400 (19.9%): Train pred MSE = 1.983249e-12, Test pred MSE = 7.462794e-07, Param MSE = 7.692179e-06, Grad norm = 6.321325e-09, Beta update rate = 2.561133e-10
Epoch 995600 (19.9%): Train pred MSE = 1.979257e-12, Test pred MSE = 7.462792e-07, Param MSE = 7.692177e-06, Grad norm = 6.314900e-09, Beta update rate = 2.558509e-10
Epoch 995800 (19.9%): Train pred MSE = 1.975273e-12, Test pred MSE = 7.462790e-07, Param MSE = 7.692175e-06, Grad norm = 6.308482e-09, Beta update rate = 2.555889e-10
Epoch 996000 (19.9%): Train pred MSE = 1.971298e-12, Test pred MSE = 7.462788e-07, Param MSE = 7.692172e-06, Grad norm = 6.302070e-09, Beta update rate = 2.553271e-10
Epoch 996200 (19.9%): Train pred MSE = 1.967330e-12, Test pred MSE = 7.462786e-07, Param MSE = 7.692170e-06, Grad norm = 6.295665e-09, Beta update rate = 2.550655e-10
Epoch 996400 (19.9%): Train pred MSE = 1.963371e-12, Test pred MSE = 7.462783e-07, Param MSE = 7.692168e-06, Grad norm = 6.289267e-09, Beta update rate = 2.548043e-10
Epoch 996600 (19.9%): Train pred MSE = 1.959419e-12, Test pred MSE = 7.462781e-07, Param MSE = 7.692166e-06, Grad norm = 6.282875e-09, Beta update rate = 2.545433e-10
Epoch 996800 (19.9%): Train pred MSE = 1.955476e-12, Test pred MSE = 7.462779e-07, Param MSE = 7.692164e-06, Grad norm = 6.276490e-09, Beta update rate = 2.542827e-10
Epoch 997000 (19.9%): Train pred MSE = 1.951541e-12, Test pred MSE = 7.462777e-07, Param MSE = 7.692162e-06, Grad norm = 6.270112e-09, Beta update rate = 2.540222e-10
Epoch 997200 (19.9%): Train pred MSE = 1.947613e-12, Test pred MSE = 7.462775e-07, Param MSE = 7.692159e-06, Grad norm = 6.263741e-09, Beta update rate = 2.537621e-10
Epoch 997400 (19.9%): Train pred MSE = 1.943694e-12, Test pred MSE = 7.462773e-07, Param MSE = 7.692157e-06, Grad norm = 6.257376e-09, Beta update rate = 2.535022e-10
Epoch 997600 (20.0%): Train pred MSE = 1.939782e-12, Test pred MSE = 7.462771e-07, Param MSE = 7.692155e-06, Grad norm = 6.251017e-09, Beta update rate = 2.532426e-10
Epoch 997800 (20.0%): Train pred MSE = 1.935879e-12, Test pred MSE = 7.462768e-07, Param MSE = 7.692153e-06, Grad norm = 6.244665e-09, Beta update rate = 2.529833e-10
Epoch 998000 (20.0%): Train pred MSE = 1.931983e-12, Test pred MSE = 7.462766e-07, Param MSE = 7.692151e-06, Grad norm = 6.238320e-09, Beta update rate = 2.527242e-10
Epoch 998200 (20.0%): Train pred MSE = 1.928095e-12, Test pred MSE = 7.462764e-07, Param MSE = 7.692149e-06, Grad norm = 6.231982e-09, Beta update rate = 2.524655e-10
Epoch 998400 (20.0%): Train pred MSE = 1.924216e-12, Test pred MSE = 7.462762e-07, Param MSE = 7.692147e-06, Grad norm = 6.225650e-09, Beta update rate = 2.522069e-10
Epoch 998600 (20.0%): Train pred MSE = 1.920344e-12, Test pred MSE = 7.462760e-07, Param MSE = 7.692145e-06, Grad norm = 6.219324e-09, Beta update rate = 2.519487e-10
Epoch 998800 (20.0%): Train pred MSE = 1.916480e-12, Test pred MSE = 7.462758e-07, Param MSE = 7.692142e-06, Grad norm = 6.213005e-09, Beta update rate = 2.516908e-10
Epoch 999000 (20.0%): Train pred MSE = 1.912624e-12, Test pred MSE = 7.462756e-07, Param MSE = 7.692140e-06, Grad norm = 6.206693e-09, Beta update rate = 2.514330e-10
Epoch 999200 (20.0%): Train pred MSE = 1.908775e-12, Test pred MSE = 7.462754e-07, Param MSE = 7.692138e-06, Grad norm = 6.200387e-09, Beta update rate = 2.511756e-10
Epoch 999400 (20.0%): Train pred MSE = 1.904935e-12, Test pred MSE = 7.462751e-07, Param MSE = 7.692136e-06, Grad norm = 6.194088e-09, Beta update rate = 2.509185e-10
Epoch 999600 (20.0%): Train pred MSE = 1.901102e-12, Test pred MSE = 7.462749e-07, Param MSE = 7.692134e-06, Grad norm = 6.187795e-09, Beta update rate = 2.506616e-10
Epoch 999800 (20.0%): Train pred MSE = 1.897277e-12, Test pred MSE = 7.462747e-07, Param MSE = 7.692132e-06, Grad norm = 6.181509e-09, Beta update rate = 2.504050e-10
Epoch 1000000 (20.0%): Train pred MSE = 1.893460e-12, Test pred MSE = 7.462745e-07, Param MSE = 7.692130e-06, Grad norm = 6.175230e-09, Beta update rate = 2.501487e-10
Epoch 1000200 (20.0%): Train pred MSE = 1.889650e-12, Test pred MSE = 7.462743e-07, Param MSE = 7.692128e-06, Grad norm = 6.168957e-09, Beta update rate = 2.498926e-10
Epoch 1000400 (20.0%): Train pred MSE = 1.885849e-12, Test pred MSE = 7.462741e-07, Param MSE = 7.692126e-06, Grad norm = 6.162690e-09, Beta update rate = 2.496368e-10
Epoch 1000600 (20.0%): Train pred MSE = 1.882055e-12, Test pred MSE = 7.462739e-07, Param MSE = 7.692123e-06, Grad norm = 6.156430e-09, Beta update rate = 2.493812e-10
Epoch 1000800 (20.0%): Train pred MSE = 1.878268e-12, Test pred MSE = 7.462737e-07, Param MSE = 7.692121e-06, Grad norm = 6.150177e-09, Beta update rate = 2.491260e-10
Epoch 1001000 (20.0%): Train pred MSE = 1.874490e-12, Test pred MSE = 7.462735e-07, Param MSE = 7.692119e-06, Grad norm = 6.143929e-09, Beta update rate = 2.488710e-10
Epoch 1001200 (20.0%): Train pred MSE = 1.870719e-12, Test pred MSE = 7.462733e-07, Param MSE = 7.692117e-06, Grad norm = 6.137689e-09, Beta update rate = 2.486163e-10
Epoch 1001400 (20.0%): Train pred MSE = 1.866955e-12, Test pred MSE = 7.462730e-07, Param MSE = 7.692115e-06, Grad norm = 6.131455e-09, Beta update rate = 2.483618e-10
Epoch 1001600 (20.0%): Train pred MSE = 1.863200e-12, Test pred MSE = 7.462728e-07, Param MSE = 7.692113e-06, Grad norm = 6.125227e-09, Beta update rate = 2.481076e-10
Epoch 1001800 (20.0%): Train pred MSE = 1.859452e-12, Test pred MSE = 7.462726e-07, Param MSE = 7.692111e-06, Grad norm = 6.119006e-09, Beta update rate = 2.478537e-10
Epoch 1002000 (20.0%): Train pred MSE = 1.855711e-12, Test pred MSE = 7.462724e-07, Param MSE = 7.692109e-06, Grad norm = 6.112791e-09, Beta update rate = 2.476000e-10
Epoch 1002200 (20.0%): Train pred MSE = 1.851979e-12, Test pred MSE = 7.462722e-07, Param MSE = 7.692107e-06, Grad norm = 6.106583e-09, Beta update rate = 2.473466e-10
Epoch 1002400 (20.0%): Train pred MSE = 1.848253e-12, Test pred MSE = 7.462720e-07, Param MSE = 7.692105e-06, Grad norm = 6.100381e-09, Beta update rate = 2.470935e-10
Epoch 1002600 (20.1%): Train pred MSE = 1.844536e-12, Test pred MSE = 7.462718e-07, Param MSE = 7.692102e-06, Grad norm = 6.094186e-09, Beta update rate = 2.468406e-10
Epoch 1002800 (20.1%): Train pred MSE = 1.840826e-12, Test pred MSE = 7.462716e-07, Param MSE = 7.692100e-06, Grad norm = 6.087997e-09, Beta update rate = 2.465881e-10
Epoch 1003000 (20.1%): Train pred MSE = 1.837123e-12, Test pred MSE = 7.462714e-07, Param MSE = 7.692098e-06, Grad norm = 6.081815e-09, Beta update rate = 2.463357e-10
Epoch 1003200 (20.1%): Train pred MSE = 1.833428e-12, Test pred MSE = 7.462712e-07, Param MSE = 7.692096e-06, Grad norm = 6.075639e-09, Beta update rate = 2.460837e-10
Epoch 1003400 (20.1%): Train pred MSE = 1.829740e-12, Test pred MSE = 7.462710e-07, Param MSE = 7.692094e-06, Grad norm = 6.069469e-09, Beta update rate = 2.458319e-10
Epoch 1003600 (20.1%): Train pred MSE = 1.826060e-12, Test pred MSE = 7.462708e-07, Param MSE = 7.692092e-06, Grad norm = 6.063306e-09, Beta update rate = 2.455804e-10
Epoch 1003800 (20.1%): Train pred MSE = 1.822388e-12, Test pred MSE = 7.462706e-07, Param MSE = 7.692090e-06, Grad norm = 6.057149e-09, Beta update rate = 2.453291e-10
Epoch 1004000 (20.1%): Train pred MSE = 1.818723e-12, Test pred MSE = 7.462703e-07, Param MSE = 7.692088e-06, Grad norm = 6.050999e-09, Beta update rate = 2.450781e-10
Epoch 1004200 (20.1%): Train pred MSE = 1.815065e-12, Test pred MSE = 7.462701e-07, Param MSE = 7.692086e-06, Grad norm = 6.044855e-09, Beta update rate = 2.448273e-10
Epoch 1004400 (20.1%): Train pred MSE = 1.811415e-12, Test pred MSE = 7.462699e-07, Param MSE = 7.692084e-06, Grad norm = 6.038717e-09, Beta update rate = 2.445769e-10
Epoch 1004600 (20.1%): Train pred MSE = 1.807772e-12, Test pred MSE = 7.462697e-07, Param MSE = 7.692082e-06, Grad norm = 6.032586e-09, Beta update rate = 2.443267e-10
Epoch 1004800 (20.1%): Train pred MSE = 1.804136e-12, Test pred MSE = 7.462695e-07, Param MSE = 7.692080e-06, Grad norm = 6.026461e-09, Beta update rate = 2.440767e-10
Epoch 1005000 (20.1%): Train pred MSE = 1.800508e-12, Test pred MSE = 7.462693e-07, Param MSE = 7.692078e-06, Grad norm = 6.020342e-09, Beta update rate = 2.438270e-10
Epoch 1005200 (20.1%): Train pred MSE = 1.796887e-12, Test pred MSE = 7.462691e-07, Param MSE = 7.692076e-06, Grad norm = 6.014230e-09, Beta update rate = 2.435776e-10
Epoch 1005400 (20.1%): Train pred MSE = 1.793274e-12, Test pred MSE = 7.462689e-07, Param MSE = 7.692074e-06, Grad norm = 6.008124e-09, Beta update rate = 2.433284e-10
Epoch 1005600 (20.1%): Train pred MSE = 1.789668e-12, Test pred MSE = 7.462687e-07, Param MSE = 7.692072e-06, Grad norm = 6.002024e-09, Beta update rate = 2.430795e-10
Epoch 1005800 (20.1%): Train pred MSE = 1.786069e-12, Test pred MSE = 7.462685e-07, Param MSE = 7.692070e-06, Grad norm = 5.995931e-09, Beta update rate = 2.428309e-10
Epoch 1006000 (20.1%): Train pred MSE = 1.782478e-12, Test pred MSE = 7.462683e-07, Param MSE = 7.692067e-06, Grad norm = 5.989844e-09, Beta update rate = 2.425825e-10
Epoch 1006200 (20.1%): Train pred MSE = 1.778894e-12, Test pred MSE = 7.462681e-07, Param MSE = 7.692065e-06, Grad norm = 5.983764e-09, Beta update rate = 2.423344e-10
Epoch 1006400 (20.1%): Train pred MSE = 1.775317e-12, Test pred MSE = 7.462679e-07, Param MSE = 7.692063e-06, Grad norm = 5.977689e-09, Beta update rate = 2.420865e-10
Epoch 1006600 (20.1%): Train pred MSE = 1.771747e-12, Test pred MSE = 7.462677e-07, Param MSE = 7.692061e-06, Grad norm = 5.971621e-09, Beta update rate = 2.418389e-10
Epoch 1006800 (20.1%): Train pred MSE = 1.768185e-12, Test pred MSE = 7.462675e-07, Param MSE = 7.692059e-06, Grad norm = 5.965560e-09, Beta update rate = 2.415916e-10
Epoch 1007000 (20.1%): Train pred MSE = 1.764630e-12, Test pred MSE = 7.462673e-07, Param MSE = 7.692057e-06, Grad norm = 5.959504e-09, Beta update rate = 2.413445e-10
Epoch 1007200 (20.1%): Train pred MSE = 1.761082e-12, Test pred MSE = 7.462671e-07, Param MSE = 7.692055e-06, Grad norm = 5.953455e-09, Beta update rate = 2.410977e-10
Epoch 1007400 (20.1%): Train pred MSE = 1.757541e-12, Test pred MSE = 7.462669e-07, Param MSE = 7.692053e-06, Grad norm = 5.947412e-09, Beta update rate = 2.408511e-10
Epoch 1007600 (20.2%): Train pred MSE = 1.754007e-12, Test pred MSE = 7.462667e-07, Param MSE = 7.692051e-06, Grad norm = 5.941376e-09, Beta update rate = 2.406048e-10
Epoch 1007800 (20.2%): Train pred MSE = 1.750481e-12, Test pred MSE = 7.462665e-07, Param MSE = 7.692049e-06, Grad norm = 5.935346e-09, Beta update rate = 2.403588e-10
Epoch 1008000 (20.2%): Train pred MSE = 1.746962e-12, Test pred MSE = 7.462663e-07, Param MSE = 7.692047e-06, Grad norm = 5.929321e-09, Beta update rate = 2.401130e-10
Epoch 1008200 (20.2%): Train pred MSE = 1.743450e-12, Test pred MSE = 7.462661e-07, Param MSE = 7.692045e-06, Grad norm = 5.923304e-09, Beta update rate = 2.398675e-10
Epoch 1008400 (20.2%): Train pred MSE = 1.739945e-12, Test pred MSE = 7.462659e-07, Param MSE = 7.692043e-06, Grad norm = 5.917292e-09, Beta update rate = 2.396222e-10
Epoch 1008600 (20.2%): Train pred MSE = 1.736447e-12, Test pred MSE = 7.462657e-07, Param MSE = 7.692041e-06, Grad norm = 5.911287e-09, Beta update rate = 2.393772e-10
Epoch 1008800 (20.2%): Train pred MSE = 1.732956e-12, Test pred MSE = 7.462655e-07, Param MSE = 7.692039e-06, Grad norm = 5.905288e-09, Beta update rate = 2.391325e-10
Epoch 1009000 (20.2%): Train pred MSE = 1.729472e-12, Test pred MSE = 7.462653e-07, Param MSE = 7.692037e-06, Grad norm = 5.899295e-09, Beta update rate = 2.388880e-10
Epoch 1009200 (20.2%): Train pred MSE = 1.725996e-12, Test pred MSE = 7.462651e-07, Param MSE = 7.692035e-06, Grad norm = 5.893308e-09, Beta update rate = 2.386437e-10
Epoch 1009400 (20.2%): Train pred MSE = 1.722526e-12, Test pred MSE = 7.462649e-07, Param MSE = 7.692033e-06, Grad norm = 5.887328e-09, Beta update rate = 2.383997e-10
Epoch 1009600 (20.2%): Train pred MSE = 1.719064e-12, Test pred MSE = 7.462647e-07, Param MSE = 7.692031e-06, Grad norm = 5.881354e-09, Beta update rate = 2.381560e-10
Epoch 1009800 (20.2%): Train pred MSE = 1.715608e-12, Test pred MSE = 7.462645e-07, Param MSE = 7.692029e-06, Grad norm = 5.875385e-09, Beta update rate = 2.379126e-10
Epoch 1010000 (20.2%): Train pred MSE = 1.712160e-12, Test pred MSE = 7.462643e-07, Param MSE = 7.692027e-06, Grad norm = 5.869424e-09, Beta update rate = 2.376693e-10
Epoch 1010200 (20.2%): Train pred MSE = 1.708718e-12, Test pred MSE = 7.462641e-07, Param MSE = 7.692025e-06, Grad norm = 5.863468e-09, Beta update rate = 2.374264e-10
Epoch 1010400 (20.2%): Train pred MSE = 1.705284e-12, Test pred MSE = 7.462639e-07, Param MSE = 7.692023e-06, Grad norm = 5.857518e-09, Beta update rate = 2.371837e-10
Epoch 1010600 (20.2%): Train pred MSE = 1.701856e-12, Test pred MSE = 7.462637e-07, Param MSE = 7.692021e-06, Grad norm = 5.851575e-09, Beta update rate = 2.369412e-10
Epoch 1010800 (20.2%): Train pred MSE = 1.698436e-12, Test pred MSE = 7.462635e-07, Param MSE = 7.692019e-06, Grad norm = 5.845638e-09, Beta update rate = 2.366990e-10
Epoch 1011000 (20.2%): Train pred MSE = 1.695022e-12, Test pred MSE = 7.462633e-07, Param MSE = 7.692017e-06, Grad norm = 5.839707e-09, Beta update rate = 2.364571e-10
Epoch 1011200 (20.2%): Train pred MSE = 1.691615e-12, Test pred MSE = 7.462631e-07, Param MSE = 7.692015e-06, Grad norm = 5.833782e-09, Beta update rate = 2.362154e-10
Epoch 1011400 (20.2%): Train pred MSE = 1.688215e-12, Test pred MSE = 7.462629e-07, Param MSE = 7.692013e-06, Grad norm = 5.827863e-09, Beta update rate = 2.359740e-10
Epoch 1011600 (20.2%): Train pred MSE = 1.684822e-12, Test pred MSE = 7.462627e-07, Param MSE = 7.692011e-06, Grad norm = 5.821951e-09, Beta update rate = 2.357328e-10
Epoch 1011800 (20.2%): Train pred MSE = 1.681436e-12, Test pred MSE = 7.462625e-07, Param MSE = 7.692009e-06, Grad norm = 5.816044e-09, Beta update rate = 2.354918e-10
Epoch 1012000 (20.2%): Train pred MSE = 1.678057e-12, Test pred MSE = 7.462623e-07, Param MSE = 7.692007e-06, Grad norm = 5.810144e-09, Beta update rate = 2.352512e-10
Epoch 1012200 (20.2%): Train pred MSE = 1.674685e-12, Test pred MSE = 7.462621e-07, Param MSE = 7.692005e-06, Grad norm = 5.804250e-09, Beta update rate = 2.350108e-10
Epoch 1012400 (20.2%): Train pred MSE = 1.671319e-12, Test pred MSE = 7.462619e-07, Param MSE = 7.692003e-06, Grad norm = 5.798362e-09, Beta update rate = 2.347706e-10
Epoch 1012600 (20.3%): Train pred MSE = 1.667961e-12, Test pred MSE = 7.462617e-07, Param MSE = 7.692001e-06, Grad norm = 5.792480e-09, Beta update rate = 2.345307e-10
Epoch 1012800 (20.3%): Train pred MSE = 1.664609e-12, Test pred MSE = 7.462615e-07, Param MSE = 7.691999e-06, Grad norm = 5.786604e-09, Beta update rate = 2.342910e-10
Epoch 1013000 (20.3%): Train pred MSE = 1.661264e-12, Test pred MSE = 7.462613e-07, Param MSE = 7.691997e-06, Grad norm = 5.780734e-09, Beta update rate = 2.340516e-10
Epoch 1013200 (20.3%): Train pred MSE = 1.657926e-12, Test pred MSE = 7.462611e-07, Param MSE = 7.691996e-06, Grad norm = 5.774870e-09, Beta update rate = 2.338124e-10
Epoch 1013400 (20.3%): Train pred MSE = 1.654594e-12, Test pred MSE = 7.462609e-07, Param MSE = 7.691994e-06, Grad norm = 5.769013e-09, Beta update rate = 2.335735e-10
Epoch 1013600 (20.3%): Train pred MSE = 1.651269e-12, Test pred MSE = 7.462607e-07, Param MSE = 7.691992e-06, Grad norm = 5.763161e-09, Beta update rate = 2.333348e-10
Epoch 1013800 (20.3%): Train pred MSE = 1.647951e-12, Test pred MSE = 7.462605e-07, Param MSE = 7.691990e-06, Grad norm = 5.757316e-09, Beta update rate = 2.330964e-10
Epoch 1014000 (20.3%): Train pred MSE = 1.644640e-12, Test pred MSE = 7.462603e-07, Param MSE = 7.691988e-06, Grad norm = 5.751476e-09, Beta update rate = 2.328583e-10
Epoch 1014200 (20.3%): Train pred MSE = 1.641335e-12, Test pred MSE = 7.462601e-07, Param MSE = 7.691986e-06, Grad norm = 5.745643e-09, Beta update rate = 2.326204e-10
Epoch 1014400 (20.3%): Train pred MSE = 1.638038e-12, Test pred MSE = 7.462599e-07, Param MSE = 7.691984e-06, Grad norm = 5.739816e-09, Beta update rate = 2.323827e-10
Epoch 1014600 (20.3%): Train pred MSE = 1.634746e-12, Test pred MSE = 7.462597e-07, Param MSE = 7.691982e-06, Grad norm = 5.733994e-09, Beta update rate = 2.321453e-10
Epoch 1014800 (20.3%): Train pred MSE = 1.631462e-12, Test pred MSE = 7.462596e-07, Param MSE = 7.691980e-06, Grad norm = 5.728179e-09, Beta update rate = 2.319081e-10
Epoch 1015000 (20.3%): Train pred MSE = 1.628184e-12, Test pred MSE = 7.462594e-07, Param MSE = 7.691978e-06, Grad norm = 5.722370e-09, Beta update rate = 2.316712e-10
Epoch 1015200 (20.3%): Train pred MSE = 1.624913e-12, Test pred MSE = 7.462592e-07, Param MSE = 7.691976e-06, Grad norm = 5.716566e-09, Beta update rate = 2.314345e-10
Epoch 1015400 (20.3%): Train pred MSE = 1.621648e-12, Test pred MSE = 7.462590e-07, Param MSE = 7.691974e-06, Grad norm = 5.710769e-09, Beta update rate = 2.311981e-10
Epoch 1015600 (20.3%): Train pred MSE = 1.618390e-12, Test pred MSE = 7.462588e-07, Param MSE = 7.691972e-06, Grad norm = 5.704978e-09, Beta update rate = 2.309620e-10
Epoch 1015800 (20.3%): Train pred MSE = 1.615139e-12, Test pred MSE = 7.462586e-07, Param MSE = 7.691970e-06, Grad norm = 5.699193e-09, Beta update rate = 2.307260e-10
Epoch 1016000 (20.3%): Train pred MSE = 1.611894e-12, Test pred MSE = 7.462584e-07, Param MSE = 7.691968e-06, Grad norm = 5.693414e-09, Beta update rate = 2.304904e-10
Epoch 1016200 (20.3%): Train pred MSE = 1.608656e-12, Test pred MSE = 7.462582e-07, Param MSE = 7.691966e-06, Grad norm = 5.687640e-09, Beta update rate = 2.302549e-10
Epoch 1016400 (20.3%): Train pred MSE = 1.605424e-12, Test pred MSE = 7.462580e-07, Param MSE = 7.691964e-06, Grad norm = 5.681873e-09, Beta update rate = 2.300197e-10
Epoch 1016600 (20.3%): Train pred MSE = 1.602199e-12, Test pred MSE = 7.462578e-07, Param MSE = 7.691963e-06, Grad norm = 5.676112e-09, Beta update rate = 2.297848e-10
Epoch 1016800 (20.3%): Train pred MSE = 1.598981e-12, Test pred MSE = 7.462576e-07, Param MSE = 7.691961e-06, Grad norm = 5.670357e-09, Beta update rate = 2.295501e-10
Epoch 1017000 (20.3%): Train pred MSE = 1.595769e-12, Test pred MSE = 7.462574e-07, Param MSE = 7.691959e-06, Grad norm = 5.664607e-09, Beta update rate = 2.293157e-10
Epoch 1017200 (20.3%): Train pred MSE = 1.592563e-12, Test pred MSE = 7.462572e-07, Param MSE = 7.691957e-06, Grad norm = 5.658864e-09, Beta update rate = 2.290815e-10
Epoch 1017400 (20.3%): Train pred MSE = 1.589364e-12, Test pred MSE = 7.462570e-07, Param MSE = 7.691955e-06, Grad norm = 5.653126e-09, Beta update rate = 2.288475e-10
Epoch 1017600 (20.4%): Train pred MSE = 1.586172e-12, Test pred MSE = 7.462569e-07, Param MSE = 7.691953e-06, Grad norm = 5.647395e-09, Beta update rate = 2.286138e-10
Epoch 1017800 (20.4%): Train pred MSE = 1.582986e-12, Test pred MSE = 7.462567e-07, Param MSE = 7.691951e-06, Grad norm = 5.641669e-09, Beta update rate = 2.283803e-10
Epoch 1018000 (20.4%): Train pred MSE = 1.579806e-12, Test pred MSE = 7.462565e-07, Param MSE = 7.691949e-06, Grad norm = 5.635950e-09, Beta update rate = 2.281471e-10
Epoch 1018200 (20.4%): Train pred MSE = 1.576633e-12, Test pred MSE = 7.462563e-07, Param MSE = 7.691947e-06, Grad norm = 5.630236e-09, Beta update rate = 2.279141e-10
Epoch 1018400 (20.4%): Train pred MSE = 1.573466e-12, Test pred MSE = 7.462561e-07, Param MSE = 7.691945e-06, Grad norm = 5.624528e-09, Beta update rate = 2.276814e-10
Epoch 1018600 (20.4%): Train pred MSE = 1.570306e-12, Test pred MSE = 7.462559e-07, Param MSE = 7.691943e-06, Grad norm = 5.618826e-09, Beta update rate = 2.274489e-10
Epoch 1018800 (20.4%): Train pred MSE = 1.567152e-12, Test pred MSE = 7.462557e-07, Param MSE = 7.691941e-06, Grad norm = 5.613130e-09, Beta update rate = 2.272167e-10
Epoch 1019000 (20.4%): Train pred MSE = 1.564004e-12, Test pred MSE = 7.462555e-07, Param MSE = 7.691940e-06, Grad norm = 5.607440e-09, Beta update rate = 2.269847e-10
Epoch 1019200 (20.4%): Train pred MSE = 1.560863e-12, Test pred MSE = 7.462553e-07, Param MSE = 7.691938e-06, Grad norm = 5.601756e-09, Beta update rate = 2.267529e-10
Epoch 1019400 (20.4%): Train pred MSE = 1.557729e-12, Test pred MSE = 7.462551e-07, Param MSE = 7.691936e-06, Grad norm = 5.596078e-09, Beta update rate = 2.265214e-10
Epoch 1019600 (20.4%): Train pred MSE = 1.554600e-12, Test pred MSE = 7.462550e-07, Param MSE = 7.691934e-06, Grad norm = 5.590405e-09, Beta update rate = 2.262902e-10
Epoch 1019800 (20.4%): Train pred MSE = 1.551478e-12, Test pred MSE = 7.462548e-07, Param MSE = 7.691932e-06, Grad norm = 5.584739e-09, Beta update rate = 2.260591e-10
Epoch 1020000 (20.4%): Train pred MSE = 1.548362e-12, Test pred MSE = 7.462546e-07, Param MSE = 7.691930e-06, Grad norm = 5.579078e-09, Beta update rate = 2.258283e-10
Epoch 1020200 (20.4%): Train pred MSE = 1.545253e-12, Test pred MSE = 7.462544e-07, Param MSE = 7.691928e-06, Grad norm = 5.573423e-09, Beta update rate = 2.255978e-10
Epoch 1020400 (20.4%): Train pred MSE = 1.542150e-12, Test pred MSE = 7.462542e-07, Param MSE = 7.691926e-06, Grad norm = 5.567775e-09, Beta update rate = 2.253675e-10
Epoch 1020600 (20.4%): Train pred MSE = 1.539053e-12, Test pred MSE = 7.462540e-07, Param MSE = 7.691924e-06, Grad norm = 5.562131e-09, Beta update rate = 2.251374e-10
Epoch 1020800 (20.4%): Train pred MSE = 1.535962e-12, Test pred MSE = 7.462538e-07, Param MSE = 7.691923e-06, Grad norm = 5.556494e-09, Beta update rate = 2.249076e-10
Epoch 1021000 (20.4%): Train pred MSE = 1.532878e-12, Test pred MSE = 7.462536e-07, Param MSE = 7.691921e-06, Grad norm = 5.550863e-09, Beta update rate = 2.246780e-10
Epoch 1021200 (20.4%): Train pred MSE = 1.529800e-12, Test pred MSE = 7.462535e-07, Param MSE = 7.691919e-06, Grad norm = 5.545237e-09, Beta update rate = 2.244487e-10
Epoch 1021400 (20.4%): Train pred MSE = 1.526728e-12, Test pred MSE = 7.462533e-07, Param MSE = 7.691917e-06, Grad norm = 5.539617e-09, Beta update rate = 2.242196e-10
Epoch 1021600 (20.4%): Train pred MSE = 1.523663e-12, Test pred MSE = 7.462531e-07, Param MSE = 7.691915e-06, Grad norm = 5.534003e-09, Beta update rate = 2.239907e-10
Epoch 1021800 (20.4%): Train pred MSE = 1.520603e-12, Test pred MSE = 7.462529e-07, Param MSE = 7.691913e-06, Grad norm = 5.528395e-09, Beta update rate = 2.237621e-10
Epoch 1022000 (20.4%): Train pred MSE = 1.517550e-12, Test pred MSE = 7.462527e-07, Param MSE = 7.691911e-06, Grad norm = 5.522793e-09, Beta update rate = 2.235337e-10
Epoch 1022200 (20.4%): Train pred MSE = 1.514503e-12, Test pred MSE = 7.462525e-07, Param MSE = 7.691910e-06, Grad norm = 5.517196e-09, Beta update rate = 2.233056e-10
Epoch 1022400 (20.4%): Train pred MSE = 1.511462e-12, Test pred MSE = 7.462523e-07, Param MSE = 7.691908e-06, Grad norm = 5.511606e-09, Beta update rate = 2.230777e-10
Epoch 1022600 (20.5%): Train pred MSE = 1.508427e-12, Test pred MSE = 7.462521e-07, Param MSE = 7.691906e-06, Grad norm = 5.506021e-09, Beta update rate = 2.228500e-10
Epoch 1022800 (20.5%): Train pred MSE = 1.505399e-12, Test pred MSE = 7.462520e-07, Param MSE = 7.691904e-06, Grad norm = 5.500441e-09, Beta update rate = 2.226226e-10
Epoch 1023000 (20.5%): Train pred MSE = 1.502377e-12, Test pred MSE = 7.462518e-07, Param MSE = 7.691902e-06, Grad norm = 5.494868e-09, Beta update rate = 2.223954e-10
Epoch 1023200 (20.5%): Train pred MSE = 1.499360e-12, Test pred MSE = 7.462516e-07, Param MSE = 7.691900e-06, Grad norm = 5.489300e-09, Beta update rate = 2.221685e-10
Epoch 1023400 (20.5%): Train pred MSE = 1.496350e-12, Test pred MSE = 7.462514e-07, Param MSE = 7.691898e-06, Grad norm = 5.483739e-09, Beta update rate = 2.219418e-10
Epoch 1023600 (20.5%): Train pred MSE = 1.493346e-12, Test pred MSE = 7.462512e-07, Param MSE = 7.691897e-06, Grad norm = 5.478182e-09, Beta update rate = 2.217153e-10
Epoch 1023800 (20.5%): Train pred MSE = 1.490348e-12, Test pred MSE = 7.462510e-07, Param MSE = 7.691895e-06, Grad norm = 5.472632e-09, Beta update rate = 2.214890e-10
Epoch 1024000 (20.5%): Train pred MSE = 1.487356e-12, Test pred MSE = 7.462509e-07, Param MSE = 7.691893e-06, Grad norm = 5.467087e-09, Beta update rate = 2.212630e-10
Epoch 1024200 (20.5%): Train pred MSE = 1.484370e-12, Test pred MSE = 7.462507e-07, Param MSE = 7.691891e-06, Grad norm = 5.461549e-09, Beta update rate = 2.210373e-10
Epoch 1024400 (20.5%): Train pred MSE = 1.481390e-12, Test pred MSE = 7.462505e-07, Param MSE = 7.691889e-06, Grad norm = 5.456015e-09, Beta update rate = 2.208118e-10
Epoch 1024600 (20.5%): Train pred MSE = 1.478417e-12, Test pred MSE = 7.462503e-07, Param MSE = 7.691887e-06, Grad norm = 5.450488e-09, Beta update rate = 2.205865e-10
Epoch 1024800 (20.5%): Train pred MSE = 1.475449e-12, Test pred MSE = 7.462501e-07, Param MSE = 7.691885e-06, Grad norm = 5.444966e-09, Beta update rate = 2.203614e-10
Epoch 1025000 (20.5%): Train pred MSE = 1.472487e-12, Test pred MSE = 7.462499e-07, Param MSE = 7.691884e-06, Grad norm = 5.439450e-09, Beta update rate = 2.201366e-10
Epoch 1025200 (20.5%): Train pred MSE = 1.469531e-12, Test pred MSE = 7.462498e-07, Param MSE = 7.691882e-06, Grad norm = 5.433940e-09, Beta update rate = 2.199120e-10
Epoch 1025400 (20.5%): Train pred MSE = 1.466582e-12, Test pred MSE = 7.462496e-07, Param MSE = 7.691880e-06, Grad norm = 5.428435e-09, Beta update rate = 2.196877e-10
Epoch 1025600 (20.5%): Train pred MSE = 1.463638e-12, Test pred MSE = 7.462494e-07, Param MSE = 7.691878e-06, Grad norm = 5.422936e-09, Beta update rate = 2.194635e-10
Epoch 1025800 (20.5%): Train pred MSE = 1.460700e-12, Test pred MSE = 7.462492e-07, Param MSE = 7.691876e-06, Grad norm = 5.417443e-09, Beta update rate = 2.192397e-10
Epoch 1026000 (20.5%): Train pred MSE = 1.457768e-12, Test pred MSE = 7.462490e-07, Param MSE = 7.691874e-06, Grad norm = 5.411956e-09, Beta update rate = 2.190160e-10
Epoch 1026200 (20.5%): Train pred MSE = 1.454842e-12, Test pred MSE = 7.462488e-07, Param MSE = 7.691873e-06, Grad norm = 5.406474e-09, Beta update rate = 2.187926e-10
Epoch 1026400 (20.5%): Train pred MSE = 1.451922e-12, Test pred MSE = 7.462487e-07, Param MSE = 7.691871e-06, Grad norm = 5.400998e-09, Beta update rate = 2.185694e-10
Epoch 1026600 (20.5%): Train pred MSE = 1.449008e-12, Test pred MSE = 7.462485e-07, Param MSE = 7.691869e-06, Grad norm = 5.395527e-09, Beta update rate = 2.183465e-10
Epoch 1026800 (20.5%): Train pred MSE = 1.446100e-12, Test pred MSE = 7.462483e-07, Param MSE = 7.691867e-06, Grad norm = 5.390062e-09, Beta update rate = 2.181238e-10
Epoch 1027000 (20.5%): Train pred MSE = 1.443198e-12, Test pred MSE = 7.462481e-07, Param MSE = 7.691865e-06, Grad norm = 5.384603e-09, Beta update rate = 2.179013e-10
Epoch 1027200 (20.5%): Train pred MSE = 1.440301e-12, Test pred MSE = 7.462479e-07, Param MSE = 7.691864e-06, Grad norm = 5.379149e-09, Beta update rate = 2.176790e-10
Epoch 1027400 (20.5%): Train pred MSE = 1.437411e-12, Test pred MSE = 7.462477e-07, Param MSE = 7.691862e-06, Grad norm = 5.373702e-09, Beta update rate = 2.174570e-10
Epoch 1027600 (20.6%): Train pred MSE = 1.434526e-12, Test pred MSE = 7.462476e-07, Param MSE = 7.691860e-06, Grad norm = 5.368259e-09, Beta update rate = 2.172353e-10
Epoch 1027800 (20.6%): Train pred MSE = 1.431647e-12, Test pred MSE = 7.462474e-07, Param MSE = 7.691858e-06, Grad norm = 5.362823e-09, Beta update rate = 2.170137e-10
Epoch 1028000 (20.6%): Train pred MSE = 1.428774e-12, Test pred MSE = 7.462472e-07, Param MSE = 7.691856e-06, Grad norm = 5.357392e-09, Beta update rate = 2.167924e-10
Epoch 1028200 (20.6%): Train pred MSE = 1.425907e-12, Test pred MSE = 7.462470e-07, Param MSE = 7.691854e-06, Grad norm = 5.351966e-09, Beta update rate = 2.165713e-10
Epoch 1028400 (20.6%): Train pred MSE = 1.423045e-12, Test pred MSE = 7.462468e-07, Param MSE = 7.691853e-06, Grad norm = 5.346546e-09, Beta update rate = 2.163504e-10
Epoch 1028600 (20.6%): Train pred MSE = 1.420190e-12, Test pred MSE = 7.462467e-07, Param MSE = 7.691851e-06, Grad norm = 5.341132e-09, Beta update rate = 2.161298e-10
Epoch 1028800 (20.6%): Train pred MSE = 1.417340e-12, Test pred MSE = 7.462465e-07, Param MSE = 7.691849e-06, Grad norm = 5.335724e-09, Beta update rate = 2.159094e-10
Epoch 1029000 (20.6%): Train pred MSE = 1.414496e-12, Test pred MSE = 7.462463e-07, Param MSE = 7.691847e-06, Grad norm = 5.330321e-09, Beta update rate = 2.156893e-10
Epoch 1029200 (20.6%): Train pred MSE = 1.411657e-12, Test pred MSE = 7.462461e-07, Param MSE = 7.691846e-06, Grad norm = 5.324923e-09, Beta update rate = 2.154693e-10
Epoch 1029400 (20.6%): Train pred MSE = 1.408825e-12, Test pred MSE = 7.462460e-07, Param MSE = 7.691844e-06, Grad norm = 5.319531e-09, Beta update rate = 2.152496e-10
Epoch 1029600 (20.6%): Train pred MSE = 1.405998e-12, Test pred MSE = 7.462458e-07, Param MSE = 7.691842e-06, Grad norm = 5.314145e-09, Beta update rate = 2.150302e-10
Epoch 1029800 (20.6%): Train pred MSE = 1.403177e-12, Test pred MSE = 7.462456e-07, Param MSE = 7.691840e-06, Grad norm = 5.308764e-09, Beta update rate = 2.148109e-10
Epoch 1030000 (20.6%): Train pred MSE = 1.400361e-12, Test pred MSE = 7.462454e-07, Param MSE = 7.691838e-06, Grad norm = 5.303389e-09, Beta update rate = 2.145919e-10
Epoch 1030200 (20.6%): Train pred MSE = 1.397552e-12, Test pred MSE = 7.462452e-07, Param MSE = 7.691837e-06, Grad norm = 5.298020e-09, Beta update rate = 2.143731e-10
Epoch 1030400 (20.6%): Train pred MSE = 1.394748e-12, Test pred MSE = 7.462451e-07, Param MSE = 7.691835e-06, Grad norm = 5.292656e-09, Beta update rate = 2.141546e-10
Epoch 1030600 (20.6%): Train pred MSE = 1.391949e-12, Test pred MSE = 7.462449e-07, Param MSE = 7.691833e-06, Grad norm = 5.287297e-09, Beta update rate = 2.139362e-10
Epoch 1030800 (20.6%): Train pred MSE = 1.389157e-12, Test pred MSE = 7.462447e-07, Param MSE = 7.691831e-06, Grad norm = 5.281944e-09, Beta update rate = 2.137181e-10
Epoch 1031000 (20.6%): Train pred MSE = 1.386370e-12, Test pred MSE = 7.462445e-07, Param MSE = 7.691829e-06, Grad norm = 5.276597e-09, Beta update rate = 2.135003e-10
Epoch 1031200 (20.6%): Train pred MSE = 1.383588e-12, Test pred MSE = 7.462443e-07, Param MSE = 7.691828e-06, Grad norm = 5.271255e-09, Beta update rate = 2.132826e-10
Epoch 1031400 (20.6%): Train pred MSE = 1.380812e-12, Test pred MSE = 7.462442e-07, Param MSE = 7.691826e-06, Grad norm = 5.265918e-09, Beta update rate = 2.130652e-10
Epoch 1031600 (20.6%): Train pred MSE = 1.378042e-12, Test pred MSE = 7.462440e-07, Param MSE = 7.691824e-06, Grad norm = 5.260588e-09, Beta update rate = 2.128480e-10
Epoch 1031800 (20.6%): Train pred MSE = 1.375278e-12, Test pred MSE = 7.462438e-07, Param MSE = 7.691822e-06, Grad norm = 5.255262e-09, Beta update rate = 2.126311e-10
Epoch 1032000 (20.6%): Train pred MSE = 1.372519e-12, Test pred MSE = 7.462436e-07, Param MSE = 7.691821e-06, Grad norm = 5.249942e-09, Beta update rate = 2.124143e-10
Epoch 1032200 (20.6%): Train pred MSE = 1.369765e-12, Test pred MSE = 7.462435e-07, Param MSE = 7.691819e-06, Grad norm = 5.244628e-09, Beta update rate = 2.121978e-10
Epoch 1032400 (20.6%): Train pred MSE = 1.367017e-12, Test pred MSE = 7.462433e-07, Param MSE = 7.691817e-06, Grad norm = 5.239319e-09, Beta update rate = 2.119815e-10
Epoch 1032600 (20.7%): Train pred MSE = 1.364275e-12, Test pred MSE = 7.462431e-07, Param MSE = 7.691815e-06, Grad norm = 5.234016e-09, Beta update rate = 2.117655e-10
Epoch 1032800 (20.7%): Train pred MSE = 1.361539e-12, Test pred MSE = 7.462429e-07, Param MSE = 7.691814e-06, Grad norm = 5.228718e-09, Beta update rate = 2.115496e-10
Epoch 1033000 (20.7%): Train pred MSE = 1.358807e-12, Test pred MSE = 7.462428e-07, Param MSE = 7.691812e-06, Grad norm = 5.223426e-09, Beta update rate = 2.113340e-10
Epoch 1033200 (20.7%): Train pred MSE = 1.356082e-12, Test pred MSE = 7.462426e-07, Param MSE = 7.691810e-06, Grad norm = 5.218139e-09, Beta update rate = 2.111186e-10
Epoch 1033400 (20.7%): Train pred MSE = 1.353362e-12, Test pred MSE = 7.462424e-07, Param MSE = 7.691808e-06, Grad norm = 5.212857e-09, Beta update rate = 2.109035e-10
Epoch 1033600 (20.7%): Train pred MSE = 1.350647e-12, Test pred MSE = 7.462422e-07, Param MSE = 7.691807e-06, Grad norm = 5.207581e-09, Beta update rate = 2.106886e-10
Epoch 1033800 (20.7%): Train pred MSE = 1.347938e-12, Test pred MSE = 7.462421e-07, Param MSE = 7.691805e-06, Grad norm = 5.202311e-09, Beta update rate = 2.104739e-10
Epoch 1034000 (20.7%): Train pred MSE = 1.345234e-12, Test pred MSE = 7.462419e-07, Param MSE = 7.691803e-06, Grad norm = 5.197045e-09, Beta update rate = 2.102594e-10
Epoch 1034200 (20.7%): Train pred MSE = 1.342536e-12, Test pred MSE = 7.462417e-07, Param MSE = 7.691801e-06, Grad norm = 5.191786e-09, Beta update rate = 2.100451e-10
Epoch 1034400 (20.7%): Train pred MSE = 1.339843e-12, Test pred MSE = 7.462415e-07, Param MSE = 7.691800e-06, Grad norm = 5.186531e-09, Beta update rate = 2.098311e-10
Epoch 1034600 (20.7%): Train pred MSE = 1.337156e-12, Test pred MSE = 7.462414e-07, Param MSE = 7.691798e-06, Grad norm = 5.181283e-09, Beta update rate = 2.096173e-10
Epoch 1034800 (20.7%): Train pred MSE = 1.334474e-12, Test pred MSE = 7.462412e-07, Param MSE = 7.691796e-06, Grad norm = 5.176039e-09, Beta update rate = 2.094037e-10
Epoch 1035000 (20.7%): Train pred MSE = 1.331798e-12, Test pred MSE = 7.462410e-07, Param MSE = 7.691794e-06, Grad norm = 5.170801e-09, Beta update rate = 2.091903e-10
Epoch 1035200 (20.7%): Train pred MSE = 1.329127e-12, Test pred MSE = 7.462408e-07, Param MSE = 7.691793e-06, Grad norm = 5.165569e-09, Beta update rate = 2.089772e-10
Epoch 1035400 (20.7%): Train pred MSE = 1.326461e-12, Test pred MSE = 7.462407e-07, Param MSE = 7.691791e-06, Grad norm = 5.160342e-09, Beta update rate = 2.087643e-10
Epoch 1035600 (20.7%): Train pred MSE = 1.323801e-12, Test pred MSE = 7.462405e-07, Param MSE = 7.691789e-06, Grad norm = 5.155120e-09, Beta update rate = 2.085516e-10
Epoch 1035800 (20.7%): Train pred MSE = 1.321146e-12, Test pred MSE = 7.462403e-07, Param MSE = 7.691787e-06, Grad norm = 5.149903e-09, Beta update rate = 2.083391e-10
Epoch 1036000 (20.7%): Train pred MSE = 1.318497e-12, Test pred MSE = 7.462402e-07, Param MSE = 7.691786e-06, Grad norm = 5.144692e-09, Beta update rate = 2.081268e-10
Epoch 1036200 (20.7%): Train pred MSE = 1.315853e-12, Test pred MSE = 7.462400e-07, Param MSE = 7.691784e-06, Grad norm = 5.139487e-09, Beta update rate = 2.079148e-10
Epoch 1036400 (20.7%): Train pred MSE = 1.313214e-12, Test pred MSE = 7.462398e-07, Param MSE = 7.691782e-06, Grad norm = 5.134287e-09, Beta update rate = 2.077030e-10
Epoch 1036600 (20.7%): Train pred MSE = 1.310581e-12, Test pred MSE = 7.462396e-07, Param MSE = 7.691780e-06, Grad norm = 5.129092e-09, Beta update rate = 2.074914e-10
Epoch 1036800 (20.7%): Train pred MSE = 1.307952e-12, Test pred MSE = 7.462395e-07, Param MSE = 7.691779e-06, Grad norm = 5.123902e-09, Beta update rate = 2.072801e-10
Epoch 1037000 (20.7%): Train pred MSE = 1.305330e-12, Test pred MSE = 7.462393e-07, Param MSE = 7.691777e-06, Grad norm = 5.118718e-09, Beta update rate = 2.070689e-10
Epoch 1037200 (20.7%): Train pred MSE = 1.302712e-12, Test pred MSE = 7.462391e-07, Param MSE = 7.691775e-06, Grad norm = 5.113539e-09, Beta update rate = 2.068580e-10
Epoch 1037400 (20.7%): Train pred MSE = 1.300100e-12, Test pred MSE = 7.462389e-07, Param MSE = 7.691774e-06, Grad norm = 5.108366e-09, Beta update rate = 2.066473e-10
Epoch 1037600 (20.8%): Train pred MSE = 1.297493e-12, Test pred MSE = 7.462388e-07, Param MSE = 7.691772e-06, Grad norm = 5.103198e-09, Beta update rate = 2.064368e-10
Epoch 1037800 (20.8%): Train pred MSE = 1.294892e-12, Test pred MSE = 7.462386e-07, Param MSE = 7.691770e-06, Grad norm = 5.098035e-09, Beta update rate = 2.062265e-10
Epoch 1038000 (20.8%): Train pred MSE = 1.292295e-12, Test pred MSE = 7.462384e-07, Param MSE = 7.691768e-06, Grad norm = 5.092878e-09, Beta update rate = 2.060165e-10
Epoch 1038200 (20.8%): Train pred MSE = 1.289704e-12, Test pred MSE = 7.462383e-07, Param MSE = 7.691767e-06, Grad norm = 5.087726e-09, Beta update rate = 2.058067e-10
Epoch 1038400 (20.8%): Train pred MSE = 1.287118e-12, Test pred MSE = 7.462381e-07, Param MSE = 7.691765e-06, Grad norm = 5.082579e-09, Beta update rate = 2.055971e-10
Epoch 1038600 (20.8%): Train pred MSE = 1.284538e-12, Test pred MSE = 7.462379e-07, Param MSE = 7.691763e-06, Grad norm = 5.077437e-09, Beta update rate = 2.053877e-10
Epoch 1038800 (20.8%): Train pred MSE = 1.281962e-12, Test pred MSE = 7.462378e-07, Param MSE = 7.691762e-06, Grad norm = 5.072301e-09, Beta update rate = 2.051785e-10
Epoch 1039000 (20.8%): Train pred MSE = 1.279392e-12, Test pred MSE = 7.462376e-07, Param MSE = 7.691760e-06, Grad norm = 5.067170e-09, Beta update rate = 2.049696e-10
Epoch 1039200 (20.8%): Train pred MSE = 1.276827e-12, Test pred MSE = 7.462374e-07, Param MSE = 7.691758e-06, Grad norm = 5.062045e-09, Beta update rate = 2.047608e-10
Epoch 1039400 (20.8%): Train pred MSE = 1.274267e-12, Test pred MSE = 7.462372e-07, Param MSE = 7.691757e-06, Grad norm = 5.056924e-09, Beta update rate = 2.045523e-10
Epoch 1039600 (20.8%): Train pred MSE = 1.271713e-12, Test pred MSE = 7.462371e-07, Param MSE = 7.691755e-06, Grad norm = 5.051809e-09, Beta update rate = 2.043440e-10
Epoch 1039800 (20.8%): Train pred MSE = 1.269163e-12, Test pred MSE = 7.462369e-07, Param MSE = 7.691753e-06, Grad norm = 5.046700e-09, Beta update rate = 2.041359e-10
Epoch 1040000 (20.8%): Train pred MSE = 1.266619e-12, Test pred MSE = 7.462367e-07, Param MSE = 7.691752e-06, Grad norm = 5.041595e-09, Beta update rate = 2.039281e-10
Epoch 1040200 (20.8%): Train pred MSE = 1.264080e-12, Test pred MSE = 7.462366e-07, Param MSE = 7.691750e-06, Grad norm = 5.036496e-09, Beta update rate = 2.037204e-10
Epoch 1040400 (20.8%): Train pred MSE = 1.261546e-12, Test pred MSE = 7.462364e-07, Param MSE = 7.691748e-06, Grad norm = 5.031402e-09, Beta update rate = 2.035130e-10
Epoch 1040600 (20.8%): Train pred MSE = 1.259017e-12, Test pred MSE = 7.462362e-07, Param MSE = 7.691746e-06, Grad norm = 5.026314e-09, Beta update rate = 2.033058e-10
Epoch 1040800 (20.8%): Train pred MSE = 1.256493e-12, Test pred MSE = 7.462361e-07, Param MSE = 7.691745e-06, Grad norm = 5.021230e-09, Beta update rate = 2.030988e-10
Epoch 1041000 (20.8%): Train pred MSE = 1.253974e-12, Test pred MSE = 7.462359e-07, Param MSE = 7.691743e-06, Grad norm = 5.016152e-09, Beta update rate = 2.028920e-10
Epoch 1041200 (20.8%): Train pred MSE = 1.251460e-12, Test pred MSE = 7.462357e-07, Param MSE = 7.691741e-06, Grad norm = 5.011079e-09, Beta update rate = 2.026854e-10
Epoch 1041400 (20.8%): Train pred MSE = 1.248952e-12, Test pred MSE = 7.462356e-07, Param MSE = 7.691740e-06, Grad norm = 5.006012e-09, Beta update rate = 2.024791e-10
Epoch 1041600 (20.8%): Train pred MSE = 1.246449e-12, Test pred MSE = 7.462354e-07, Param MSE = 7.691738e-06, Grad norm = 5.000949e-09, Beta update rate = 2.022729e-10
Epoch 1041800 (20.8%): Train pred MSE = 1.243950e-12, Test pred MSE = 7.462352e-07, Param MSE = 7.691736e-06, Grad norm = 4.995892e-09, Beta update rate = 2.020670e-10
Epoch 1042000 (20.8%): Train pred MSE = 1.241457e-12, Test pred MSE = 7.462351e-07, Param MSE = 7.691735e-06, Grad norm = 4.990840e-09, Beta update rate = 2.018613e-10
Epoch 1042200 (20.8%): Train pred MSE = 1.238968e-12, Test pred MSE = 7.462349e-07, Param MSE = 7.691733e-06, Grad norm = 4.985793e-09, Beta update rate = 2.016558e-10
Epoch 1042400 (20.8%): Train pred MSE = 1.236485e-12, Test pred MSE = 7.462347e-07, Param MSE = 7.691731e-06, Grad norm = 4.980752e-09, Beta update rate = 2.014506e-10
Epoch 1042600 (20.9%): Train pred MSE = 1.234007e-12, Test pred MSE = 7.462346e-07, Param MSE = 7.691730e-06, Grad norm = 4.975715e-09, Beta update rate = 2.012455e-10
Epoch 1042800 (20.9%): Train pred MSE = 1.231534e-12, Test pred MSE = 7.462344e-07, Param MSE = 7.691728e-06, Grad norm = 4.970684e-09, Beta update rate = 2.010407e-10
Epoch 1043000 (20.9%): Train pred MSE = 1.229065e-12, Test pred MSE = 7.462342e-07, Param MSE = 7.691726e-06, Grad norm = 4.965658e-09, Beta update rate = 2.008360e-10
Epoch 1043200 (20.9%): Train pred MSE = 1.226602e-12, Test pred MSE = 7.462341e-07, Param MSE = 7.691725e-06, Grad norm = 4.960637e-09, Beta update rate = 2.006316e-10
Epoch 1043400 (20.9%): Train pred MSE = 1.224144e-12, Test pred MSE = 7.462339e-07, Param MSE = 7.691723e-06, Grad norm = 4.955622e-09, Beta update rate = 2.004274e-10
Epoch 1043600 (20.9%): Train pred MSE = 1.221691e-12, Test pred MSE = 7.462337e-07, Param MSE = 7.691721e-06, Grad norm = 4.950611e-09, Beta update rate = 2.002234e-10
Epoch 1043800 (20.9%): Train pred MSE = 1.219242e-12, Test pred MSE = 7.462336e-07, Param MSE = 7.691720e-06, Grad norm = 4.945606e-09, Beta update rate = 2.000196e-10
Epoch 1044000 (20.9%): Train pred MSE = 1.216799e-12, Test pred MSE = 7.462334e-07, Param MSE = 7.691718e-06, Grad norm = 4.940606e-09, Beta update rate = 1.998160e-10
Epoch 1044200 (20.9%): Train pred MSE = 1.214360e-12, Test pred MSE = 7.462332e-07, Param MSE = 7.691716e-06, Grad norm = 4.935611e-09, Beta update rate = 1.996127e-10
Epoch 1044400 (20.9%): Train pred MSE = 1.211927e-12, Test pred MSE = 7.462331e-07, Param MSE = 7.691715e-06, Grad norm = 4.930621e-09, Beta update rate = 1.994095e-10
Epoch 1044600 (20.9%): Train pred MSE = 1.209498e-12, Test pred MSE = 7.462329e-07, Param MSE = 7.691713e-06, Grad norm = 4.925637e-09, Beta update rate = 1.992066e-10
Epoch 1044800 (20.9%): Train pred MSE = 1.207074e-12, Test pred MSE = 7.462327e-07, Param MSE = 7.691711e-06, Grad norm = 4.920657e-09, Beta update rate = 1.990039e-10
Epoch 1045000 (20.9%): Train pred MSE = 1.204656e-12, Test pred MSE = 7.462326e-07, Param MSE = 7.691710e-06, Grad norm = 4.915683e-09, Beta update rate = 1.988014e-10
Epoch 1045200 (20.9%): Train pred MSE = 1.202242e-12, Test pred MSE = 7.462324e-07, Param MSE = 7.691708e-06, Grad norm = 4.910714e-09, Beta update rate = 1.985991e-10
Epoch 1045400 (20.9%): Train pred MSE = 1.199833e-12, Test pred MSE = 7.462322e-07, Param MSE = 7.691707e-06, Grad norm = 4.905749e-09, Beta update rate = 1.983970e-10
Epoch 1045600 (20.9%): Train pred MSE = 1.197428e-12, Test pred MSE = 7.462321e-07, Param MSE = 7.691705e-06, Grad norm = 4.900790e-09, Beta update rate = 1.981951e-10
Epoch 1045800 (20.9%): Train pred MSE = 1.195029e-12, Test pred MSE = 7.462319e-07, Param MSE = 7.691703e-06, Grad norm = 4.895837e-09, Beta update rate = 1.979935e-10
Epoch 1046000 (20.9%): Train pred MSE = 1.192635e-12, Test pred MSE = 7.462318e-07, Param MSE = 7.691702e-06, Grad norm = 4.890888e-09, Beta update rate = 1.977920e-10
Epoch 1046200 (20.9%): Train pred MSE = 1.190245e-12, Test pred MSE = 7.462316e-07, Param MSE = 7.691700e-06, Grad norm = 4.885944e-09, Beta update rate = 1.975908e-10
Epoch 1046400 (20.9%): Train pred MSE = 1.187860e-12, Test pred MSE = 7.462314e-07, Param MSE = 7.691698e-06, Grad norm = 4.881006e-09, Beta update rate = 1.973897e-10
Epoch 1046600 (20.9%): Train pred MSE = 1.185480e-12, Test pred MSE = 7.462313e-07, Param MSE = 7.691697e-06, Grad norm = 4.876072e-09, Beta update rate = 1.971889e-10
Epoch 1046800 (20.9%): Train pred MSE = 1.183105e-12, Test pred MSE = 7.462311e-07, Param MSE = 7.691695e-06, Grad norm = 4.871144e-09, Beta update rate = 1.969883e-10
Epoch 1047000 (20.9%): Train pred MSE = 1.180735e-12, Test pred MSE = 7.462309e-07, Param MSE = 7.691693e-06, Grad norm = 4.866220e-09, Beta update rate = 1.967879e-10
Epoch 1047200 (20.9%): Train pred MSE = 1.178369e-12, Test pred MSE = 7.462308e-07, Param MSE = 7.691692e-06, Grad norm = 4.861302e-09, Beta update rate = 1.965877e-10
Epoch 1047400 (20.9%): Train pred MSE = 1.176008e-12, Test pred MSE = 7.462306e-07, Param MSE = 7.691690e-06, Grad norm = 4.856389e-09, Beta update rate = 1.963877e-10
Epoch 1047600 (21.0%): Train pred MSE = 1.173652e-12, Test pred MSE = 7.462305e-07, Param MSE = 7.691689e-06, Grad norm = 4.851481e-09, Beta update rate = 1.961879e-10
Epoch 1047800 (21.0%): Train pred MSE = 1.171301e-12, Test pred MSE = 7.462303e-07, Param MSE = 7.691687e-06, Grad norm = 4.846578e-09, Beta update rate = 1.959883e-10
Epoch 1048000 (21.0%): Train pred MSE = 1.168954e-12, Test pred MSE = 7.462301e-07, Param MSE = 7.691685e-06, Grad norm = 4.841680e-09, Beta update rate = 1.957890e-10
Epoch 1048200 (21.0%): Train pred MSE = 1.166612e-12, Test pred MSE = 7.462300e-07, Param MSE = 7.691684e-06, Grad norm = 4.836787e-09, Beta update rate = 1.955898e-10
Epoch 1048400 (21.0%): Train pred MSE = 1.164275e-12, Test pred MSE = 7.462298e-07, Param MSE = 7.691682e-06, Grad norm = 4.831899e-09, Beta update rate = 1.953908e-10
Epoch 1048600 (21.0%): Train pred MSE = 1.161943e-12, Test pred MSE = 7.462297e-07, Param MSE = 7.691681e-06, Grad norm = 4.827016e-09, Beta update rate = 1.951921e-10
Epoch 1048800 (21.0%): Train pred MSE = 1.159615e-12, Test pred MSE = 7.462295e-07, Param MSE = 7.691679e-06, Grad norm = 4.822139e-09, Beta update rate = 1.949936e-10
Epoch 1049000 (21.0%): Train pred MSE = 1.157292e-12, Test pred MSE = 7.462293e-07, Param MSE = 7.691677e-06, Grad norm = 4.817266e-09, Beta update rate = 1.947952e-10
Epoch 1049200 (21.0%): Train pred MSE = 1.154974e-12, Test pred MSE = 7.462292e-07, Param MSE = 7.691676e-06, Grad norm = 4.812398e-09, Beta update rate = 1.945971e-10
Epoch 1049400 (21.0%): Train pred MSE = 1.152661e-12, Test pred MSE = 7.462290e-07, Param MSE = 7.691674e-06, Grad norm = 4.807535e-09, Beta update rate = 1.943992e-10
Epoch 1049600 (21.0%): Train pred MSE = 1.150352e-12, Test pred MSE = 7.462288e-07, Param MSE = 7.691673e-06, Grad norm = 4.802678e-09, Beta update rate = 1.942015e-10
Epoch 1049800 (21.0%): Train pred MSE = 1.148048e-12, Test pred MSE = 7.462287e-07, Param MSE = 7.691671e-06, Grad norm = 4.797825e-09, Beta update rate = 1.940040e-10
Epoch 1050000 (21.0%): Train pred MSE = 1.145748e-12, Test pred MSE = 7.462285e-07, Param MSE = 7.691669e-06, Grad norm = 4.792977e-09, Beta update rate = 1.938067e-10
Epoch 1050200 (21.0%): Train pred MSE = 1.143453e-12, Test pred MSE = 7.462284e-07, Param MSE = 7.691668e-06, Grad norm = 4.788134e-09, Beta update rate = 1.936096e-10
Epoch 1050400 (21.0%): Train pred MSE = 1.141163e-12, Test pred MSE = 7.462282e-07, Param MSE = 7.691666e-06, Grad norm = 4.783297e-09, Beta update rate = 1.934127e-10
Epoch 1050600 (21.0%): Train pred MSE = 1.138877e-12, Test pred MSE = 7.462280e-07, Param MSE = 7.691665e-06, Grad norm = 4.778464e-09, Beta update rate = 1.932160e-10
Epoch 1050800 (21.0%): Train pred MSE = 1.136596e-12, Test pred MSE = 7.462279e-07, Param MSE = 7.691663e-06, Grad norm = 4.773636e-09, Beta update rate = 1.930195e-10
Epoch 1051000 (21.0%): Train pred MSE = 1.134320e-12, Test pred MSE = 7.462277e-07, Param MSE = 7.691661e-06, Grad norm = 4.768813e-09, Beta update rate = 1.928233e-10
Epoch 1051200 (21.0%): Train pred MSE = 1.132048e-12, Test pred MSE = 7.462276e-07, Param MSE = 7.691660e-06, Grad norm = 4.763996e-09, Beta update rate = 1.926272e-10
Epoch 1051400 (21.0%): Train pred MSE = 1.129781e-12, Test pred MSE = 7.462274e-07, Param MSE = 7.691658e-06, Grad norm = 4.759183e-09, Beta update rate = 1.924313e-10
Epoch 1051600 (21.0%): Train pred MSE = 1.127518e-12, Test pred MSE = 7.462273e-07, Param MSE = 7.691657e-06, Grad norm = 4.754375e-09, Beta update rate = 1.922357e-10
Epoch 1051800 (21.0%): Train pred MSE = 1.125260e-12, Test pred MSE = 7.462271e-07, Param MSE = 7.691655e-06, Grad norm = 4.749572e-09, Beta update rate = 1.920402e-10
Epoch 1052000 (21.0%): Train pred MSE = 1.123006e-12, Test pred MSE = 7.462269e-07, Param MSE = 7.691653e-06, Grad norm = 4.744774e-09, Beta update rate = 1.918450e-10
Epoch 1052200 (21.0%): Train pred MSE = 1.120757e-12, Test pred MSE = 7.462268e-07, Param MSE = 7.691652e-06, Grad norm = 4.739981e-09, Beta update rate = 1.916499e-10
Epoch 1052400 (21.0%): Train pred MSE = 1.118513e-12, Test pred MSE = 7.462266e-07, Param MSE = 7.691650e-06, Grad norm = 4.735193e-09, Beta update rate = 1.914551e-10
Epoch 1052600 (21.1%): Train pred MSE = 1.116273e-12, Test pred MSE = 7.462265e-07, Param MSE = 7.691649e-06, Grad norm = 4.730410e-09, Beta update rate = 1.912604e-10
Epoch 1052800 (21.1%): Train pred MSE = 1.114037e-12, Test pred MSE = 7.462263e-07, Param MSE = 7.691647e-06, Grad norm = 4.725631e-09, Beta update rate = 1.910660e-10
Epoch 1053000 (21.1%): Train pred MSE = 1.111807e-12, Test pred MSE = 7.462262e-07, Param MSE = 7.691646e-06, Grad norm = 4.720858e-09, Beta update rate = 1.908717e-10
Epoch 1053200 (21.1%): Train pred MSE = 1.109580e-12, Test pred MSE = 7.462260e-07, Param MSE = 7.691644e-06, Grad norm = 4.716090e-09, Beta update rate = 1.906777e-10
Epoch 1053400 (21.1%): Train pred MSE = 1.107358e-12, Test pred MSE = 7.462258e-07, Param MSE = 7.691642e-06, Grad norm = 4.711326e-09, Beta update rate = 1.904839e-10
Epoch 1053600 (21.1%): Train pred MSE = 1.105141e-12, Test pred MSE = 7.462257e-07, Param MSE = 7.691641e-06, Grad norm = 4.706568e-09, Beta update rate = 1.902902e-10
Epoch 1053800 (21.1%): Train pred MSE = 1.102928e-12, Test pred MSE = 7.462255e-07, Param MSE = 7.691639e-06, Grad norm = 4.701814e-09, Beta update rate = 1.900968e-10
Epoch 1054000 (21.1%): Train pred MSE = 1.100719e-12, Test pred MSE = 7.462254e-07, Param MSE = 7.691638e-06, Grad norm = 4.697065e-09, Beta update rate = 1.899036e-10
Epoch 1054200 (21.1%): Train pred MSE = 1.098515e-12, Test pred MSE = 7.462252e-07, Param MSE = 7.691636e-06, Grad norm = 4.692321e-09, Beta update rate = 1.897106e-10
Epoch 1054400 (21.1%): Train pred MSE = 1.096316e-12, Test pred MSE = 7.462251e-07, Param MSE = 7.691635e-06, Grad norm = 4.687582e-09, Beta update rate = 1.895177e-10
Epoch 1054600 (21.1%): Train pred MSE = 1.094121e-12, Test pred MSE = 7.462249e-07, Param MSE = 7.691633e-06, Grad norm = 4.682848e-09, Beta update rate = 1.893251e-10
Epoch 1054800 (21.1%): Train pred MSE = 1.091930e-12, Test pred MSE = 7.462247e-07, Param MSE = 7.691631e-06, Grad norm = 4.678119e-09, Beta update rate = 1.891327e-10
Epoch 1055000 (21.1%): Train pred MSE = 1.089744e-12, Test pred MSE = 7.462246e-07, Param MSE = 7.691630e-06, Grad norm = 4.673395e-09, Beta update rate = 1.889404e-10
Epoch 1055200 (21.1%): Train pred MSE = 1.087562e-12, Test pred MSE = 7.462244e-07, Param MSE = 7.691628e-06, Grad norm = 4.668675e-09, Beta update rate = 1.887484e-10
Epoch 1055400 (21.1%): Train pred MSE = 1.085385e-12, Test pred MSE = 7.462243e-07, Param MSE = 7.691627e-06, Grad norm = 4.663961e-09, Beta update rate = 1.885566e-10
Epoch 1055600 (21.1%): Train pred MSE = 1.083212e-12, Test pred MSE = 7.462241e-07, Param MSE = 7.691625e-06, Grad norm = 4.659251e-09, Beta update rate = 1.883650e-10
Epoch 1055800 (21.1%): Train pred MSE = 1.081043e-12, Test pred MSE = 7.462240e-07, Param MSE = 7.691624e-06, Grad norm = 4.654546e-09, Beta update rate = 1.881735e-10
Epoch 1056000 (21.1%): Train pred MSE = 1.078879e-12, Test pred MSE = 7.462238e-07, Param MSE = 7.691622e-06, Grad norm = 4.649846e-09, Beta update rate = 1.879823e-10
Epoch 1056200 (21.1%): Train pred MSE = 1.076719e-12, Test pred MSE = 7.462237e-07, Param MSE = 7.691621e-06, Grad norm = 4.645150e-09, Beta update rate = 1.877913e-10
Epoch 1056400 (21.1%): Train pred MSE = 1.074563e-12, Test pred MSE = 7.462235e-07, Param MSE = 7.691619e-06, Grad norm = 4.640460e-09, Beta update rate = 1.876004e-10
Epoch 1056600 (21.1%): Train pred MSE = 1.072412e-12, Test pred MSE = 7.462234e-07, Param MSE = 7.691617e-06, Grad norm = 4.635774e-09, Beta update rate = 1.874098e-10
Epoch 1056800 (21.1%): Train pred MSE = 1.070265e-12, Test pred MSE = 7.462232e-07, Param MSE = 7.691616e-06, Grad norm = 4.631094e-09, Beta update rate = 1.872194e-10
Epoch 1057000 (21.1%): Train pred MSE = 1.068123e-12, Test pred MSE = 7.462230e-07, Param MSE = 7.691614e-06, Grad norm = 4.626418e-09, Beta update rate = 1.870291e-10
Epoch 1057200 (21.1%): Train pred MSE = 1.065984e-12, Test pred MSE = 7.462229e-07, Param MSE = 7.691613e-06, Grad norm = 4.621747e-09, Beta update rate = 1.868391e-10
Epoch 1057400 (21.1%): Train pred MSE = 1.063851e-12, Test pred MSE = 7.462227e-07, Param MSE = 7.691611e-06, Grad norm = 4.617080e-09, Beta update rate = 1.866493e-10
Epoch 1057600 (21.2%): Train pred MSE = 1.061721e-12, Test pred MSE = 7.462226e-07, Param MSE = 7.691610e-06, Grad norm = 4.612419e-09, Beta update rate = 1.864596e-10
Epoch 1057800 (21.2%): Train pred MSE = 1.059596e-12, Test pred MSE = 7.462224e-07, Param MSE = 7.691608e-06, Grad norm = 4.607762e-09, Beta update rate = 1.862702e-10
Epoch 1058000 (21.2%): Train pred MSE = 1.057475e-12, Test pred MSE = 7.462223e-07, Param MSE = 7.691607e-06, Grad norm = 4.603110e-09, Beta update rate = 1.860809e-10
Epoch 1058200 (21.2%): Train pred MSE = 1.055358e-12, Test pred MSE = 7.462221e-07, Param MSE = 7.691605e-06, Grad norm = 4.598463e-09, Beta update rate = 1.858919e-10
Epoch 1058400 (21.2%): Train pred MSE = 1.053246e-12, Test pred MSE = 7.462220e-07, Param MSE = 7.691604e-06, Grad norm = 4.593821e-09, Beta update rate = 1.857030e-10
Epoch 1058600 (21.2%): Train pred MSE = 1.051137e-12, Test pred MSE = 7.462218e-07, Param MSE = 7.691602e-06, Grad norm = 4.589183e-09, Beta update rate = 1.855144e-10
Epoch 1058800 (21.2%): Train pred MSE = 1.049033e-12, Test pred MSE = 7.462217e-07, Param MSE = 7.691601e-06, Grad norm = 4.584550e-09, Beta update rate = 1.853259e-10
Epoch 1059000 (21.2%): Train pred MSE = 1.046934e-12, Test pred MSE = 7.462215e-07, Param MSE = 7.691599e-06, Grad norm = 4.579922e-09, Beta update rate = 1.851376e-10
Epoch 1059200 (21.2%): Train pred MSE = 1.044838e-12, Test pred MSE = 7.462214e-07, Param MSE = 7.691598e-06, Grad norm = 4.575299e-09, Beta update rate = 1.849496e-10
Epoch 1059400 (21.2%): Train pred MSE = 1.042747e-12, Test pred MSE = 7.462212e-07, Param MSE = 7.691596e-06, Grad norm = 4.570680e-09, Beta update rate = 1.847617e-10
Epoch 1059600 (21.2%): Train pred MSE = 1.040660e-12, Test pred MSE = 7.462211e-07, Param MSE = 7.691595e-06, Grad norm = 4.566067e-09, Beta update rate = 1.845740e-10
Epoch 1059800 (21.2%): Train pred MSE = 1.038577e-12, Test pred MSE = 7.462209e-07, Param MSE = 7.691593e-06, Grad norm = 4.561458e-09, Beta update rate = 1.843865e-10
Epoch 1060000 (21.2%): Train pred MSE = 1.036499e-12, Test pred MSE = 7.462208e-07, Param MSE = 7.691592e-06, Grad norm = 4.556853e-09, Beta update rate = 1.841992e-10
Epoch 1060200 (21.2%): Train pred MSE = 1.034424e-12, Test pred MSE = 7.462206e-07, Param MSE = 7.691590e-06, Grad norm = 4.552254e-09, Beta update rate = 1.840122e-10
Epoch 1060400 (21.2%): Train pred MSE = 1.032354e-12, Test pred MSE = 7.462205e-07, Param MSE = 7.691589e-06, Grad norm = 4.547659e-09, Beta update rate = 1.838253e-10
Epoch 1060600 (21.2%): Train pred MSE = 1.030288e-12, Test pred MSE = 7.462203e-07, Param MSE = 7.691587e-06, Grad norm = 4.543069e-09, Beta update rate = 1.836386e-10
Epoch 1060800 (21.2%): Train pred MSE = 1.028226e-12, Test pred MSE = 7.462202e-07, Param MSE = 7.691585e-06, Grad norm = 4.538484e-09, Beta update rate = 1.834521e-10
Epoch 1061000 (21.2%): Train pred MSE = 1.026169e-12, Test pred MSE = 7.462200e-07, Param MSE = 7.691584e-06, Grad norm = 4.533903e-09, Beta update rate = 1.832657e-10
Epoch 1061200 (21.2%): Train pred MSE = 1.024115e-12, Test pred MSE = 7.462199e-07, Param MSE = 7.691582e-06, Grad norm = 4.529327e-09, Beta update rate = 1.830796e-10
Epoch 1061400 (21.2%): Train pred MSE = 1.022066e-12, Test pred MSE = 7.462197e-07, Param MSE = 7.691581e-06, Grad norm = 4.524756e-09, Beta update rate = 1.828937e-10
Epoch 1061600 (21.2%): Train pred MSE = 1.020020e-12, Test pred MSE = 7.462196e-07, Param MSE = 7.691579e-06, Grad norm = 4.520190e-09, Beta update rate = 1.827079e-10
Epoch 1061800 (21.2%): Train pred MSE = 1.017979e-12, Test pred MSE = 7.462194e-07, Param MSE = 7.691578e-06, Grad norm = 4.515628e-09, Beta update rate = 1.825224e-10
Epoch 1062000 (21.2%): Train pred MSE = 1.015942e-12, Test pred MSE = 7.462193e-07, Param MSE = 7.691576e-06, Grad norm = 4.511071e-09, Beta update rate = 1.823370e-10
Epoch 1062200 (21.2%): Train pred MSE = 1.013909e-12, Test pred MSE = 7.462191e-07, Param MSE = 7.691575e-06, Grad norm = 4.506518e-09, Beta update rate = 1.821519e-10
Epoch 1062400 (21.2%): Train pred MSE = 1.011881e-12, Test pred MSE = 7.462190e-07, Param MSE = 7.691573e-06, Grad norm = 4.501971e-09, Beta update rate = 1.819669e-10
Epoch 1062600 (21.3%): Train pred MSE = 1.009856e-12, Test pred MSE = 7.462188e-07, Param MSE = 7.691572e-06, Grad norm = 4.497428e-09, Beta update rate = 1.817822e-10
Epoch 1062800 (21.3%): Train pred MSE = 1.007835e-12, Test pred MSE = 7.462187e-07, Param MSE = 7.691571e-06, Grad norm = 4.492889e-09, Beta update rate = 1.815976e-10
Epoch 1063000 (21.3%): Train pred MSE = 1.005819e-12, Test pred MSE = 7.462185e-07, Param MSE = 7.691569e-06, Grad norm = 4.488356e-09, Beta update rate = 1.814132e-10
Epoch 1063200 (21.3%): Train pred MSE = 1.003806e-12, Test pred MSE = 7.462184e-07, Param MSE = 7.691568e-06, Grad norm = 4.483826e-09, Beta update rate = 1.812290e-10
Epoch 1063400 (21.3%): Train pred MSE = 1.001798e-12, Test pred MSE = 7.462182e-07, Param MSE = 7.691566e-06, Grad norm = 4.479302e-09, Beta update rate = 1.810450e-10

Training completed at epoch 1063581
Stop reason: loss_threshold_legacy
Final Train pred MSE = 9.999837e-13
Final Test pred MSE = 7.462181e-07
Final Param MSE = 7.691565e-06
Final Grad norm = 4.475189e-09
Final Beta update rate = 1.808699e-10
Success flag: True (train_pred_mse < 1.00e-12)
Results metadata saved to results/diagonal/step3_omega/omega=1.00--alpha=0.400000--seed=1/results_meta.json
Group diagnostics saved to results/diagonal/step3_omega/omega=1.00--alpha=0.400000--seed=1/group_diagnostics.csv

Results saved to results/diagonal/step3_omega/omega=1.00--alpha=0.400000--seed=1/
Total jobs in this sweep: 108
Omega values: [0.0, 0.5, 1.0]
Alpha values: [0.05, 0.1, 0.2, 0.25, 0.3, 0.4, 0.5, 0.6, 0.7, 0.8, 0.9, 1.0]
Seeds: [0, 1, 2]
================================================================================
Step 3 Omega Sweep - Experiment Parameters:
================================================================================
  a_pt: 1.0
  c_pt: 0.001
  epochs: 5000000
  gamma_reinit: 0.0
  inp_dim: 1000
  lambda_pt: 0.0
  lr: 0.5
  n_test: 10000
  n_train: 400
  no_tuning: True
  omega: 1.0
  rho_ft: 0.04
  rho_pt: 0.1
  save_folder: results/diagonal/step3_omega/omega=1.00--alpha=0.400000--seed=1/
  seed: 1
  test_every_n_epochs: 200
  threshold: 1e-12
================================================================================

Omega: 1.0, Alpha: 0.4000

Running PT+FT Oracle script...

Extracting results and saving to CSV...
Results appended to /home/na658/multi-task2/experiment_results_step3_omega.csv

✓ Experiment 88 completed successfully
[SLURM] Job 20446670 task 88 finished
