[SLURM] Job 20446134 task 29 starting on cpu-q-35
[SLURM] Step 2 Support Sweep
[SLURM] Using Python: /home/na658/.conda/envs/mtl_ft/bin/python
Starting diagonal network pretrain BG script...

================================================================================
SCRIPT STARTED - Running diagonal network BG experiment...
================================================================================

================================================================================
EXPERIMENT SETTINGS
================================================================================
Seed: 2
Input dimension: 1000
Sparsity (rho): 0.04
Training samples: 800
Test samples: 10000
Learning rate: 0.5
Max epochs: 5000000
Test every N epochs: 200
Convergence threshold: 1e-12
Stop pred MSE: 1e-10
Stop beta rate: disabled
Stop grad norm: disabled
LR decay: disabled
LR decay interval: 2000
Scaling: 1.0
Lambda (λ): 0.0
C parameter: 0.001
Initialization method: complex
Learning rate tuning: False
Save folder: results/diagonal/step2_support/c_nz=0.001000--c_z=0.500000--alpha=0.800000--seed=2/
C mode: support
  c_nz=0.001, c_z=0.5
================================================================================
Starting training...
================================================================================
[c_mode=support] support fraction=0.0410 (rho=0.04)
[c_mode=support] c_nz=0.001, c_z=0.5
Per-coordinate c init: c_vec range [0.001000, 0.500000]

Starting training loop (max 5000000 epochs, threshold=1.00e-12)...
Epoch      0 (0.0%): Train pred MSE = 9.584134e-01, Test pred MSE = 8.233555e-02, Param MSE = 8.346694e-01, Grad norm = 7.789965e-02, Beta update rate = nan
Epoch    200 (0.0%): Train pred MSE = 5.614365e-01, Test pred MSE = 8.556285e-02, Param MSE = 8.705149e-01, Grad norm = 5.260190e-02, Beta update rate = 3.219432e-02
Epoch    400 (0.0%): Train pred MSE = 3.002687e-01, Test pred MSE = 8.045218e-02, Param MSE = 8.227735e-01, Grad norm = 4.516348e-02, Beta update rate = 3.407726e-02
Epoch    600 (0.0%): Train pred MSE = 1.693199e-01, Test pred MSE = 7.007876e-02, Param MSE = 7.188067e-01, Grad norm = 2.830639e-02, Beta update rate = 3.028588e-02
Epoch    800 (0.0%): Train pred MSE = 1.135494e-01, Test pred MSE = 6.337246e-02, Param MSE = 6.507835e-01, Grad norm = 2.008891e-02, Beta update rate = 1.797641e-02
Epoch   1000 (0.0%): Train pred MSE = 8.184510e-02, Test pred MSE = 5.828726e-02, Param MSE = 5.989707e-01, Grad norm = 1.569702e-02, Beta update rate = 1.266119e-02
Epoch   1200 (0.0%): Train pred MSE = 6.205384e-02, Test pred MSE = 5.421329e-02, Param MSE = 5.577304e-01, Grad norm = 1.261362e-02, Beta update rate = 1.003111e-02
Epoch   1400 (0.0%): Train pred MSE = 4.887348e-02, Test pred MSE = 5.108205e-02, Param MSE = 5.261636e-01, Grad norm = 1.042612e-02, Beta update rate = 8.054104e-03
Epoch   1600 (0.0%): Train pred MSE = 3.976320e-02, Test pred MSE = 4.868436e-02, Param MSE = 5.019843e-01, Grad norm = 8.723920e-03, Beta update rate = 6.697954e-03
Epoch   1800 (0.0%): Train pred MSE = 3.328083e-02, Test pred MSE = 4.687436e-02, Param MSE = 4.836903e-01, Grad norm = 7.434086e-03, Beta update rate = 5.586392e-03
Epoch   2000 (0.0%): Train pred MSE = 2.847638e-02, Test pred MSE = 4.550915e-02, Param MSE = 4.698446e-01, Grad norm = 6.470774e-03, Beta update rate = 4.688515e-03
Epoch   2200 (0.0%): Train pred MSE = 2.476760e-02, Test pred MSE = 4.446145e-02, Param MSE = 4.591690e-01, Grad norm = 5.739401e-03, Beta update rate = 3.999572e-03
Epoch   2400 (0.0%): Train pred MSE = 2.180403e-02, Test pred MSE = 4.363434e-02, Param MSE = 4.506919e-01, Grad norm = 5.170178e-03, Beta update rate = 3.475448e-03
Epoch   2600 (0.1%): Train pred MSE = 1.936866e-02, Test pred MSE = 4.295836e-02, Param MSE = 4.437186e-01, Grad norm = 4.715687e-03, Beta update rate = 3.070968e-03
Epoch   2800 (0.1%): Train pred MSE = 1.732239e-02, Test pred MSE = 4.238439e-02, Param MSE = 4.377594e-01, Grad norm = 4.343189e-03, Beta update rate = 2.753080e-03
Epoch   3000 (0.1%): Train pred MSE = 1.557343e-02, Test pred MSE = 4.187800e-02, Param MSE = 4.324715e-01, Grad norm = 4.029607e-03, Beta update rate = 2.499172e-03
Epoch   3200 (0.1%): Train pred MSE = 1.405955e-02, Test pred MSE = 4.141559e-02, Param MSE = 4.276199e-01, Grad norm = 3.758589e-03, Beta update rate = 2.293421e-03
Epoch   3400 (0.1%): Train pred MSE = 1.273737e-02, Test pred MSE = 4.098166e-02, Param MSE = 4.230503e-01, Grad norm = 3.518720e-03, Beta update rate = 2.124164e-03
Epoch   3600 (0.1%): Train pred MSE = 1.157553e-02, Test pred MSE = 4.056676e-02, Param MSE = 4.186688e-01, Grad norm = 3.302334e-03, Beta update rate = 1.982390e-03
Epoch   3800 (0.1%): Train pred MSE = 1.055038e-02, Test pred MSE = 4.016577e-02, Param MSE = 4.144244e-01, Grad norm = 3.104548e-03, Beta update rate = 1.861021e-03
Epoch   4000 (0.1%): Train pred MSE = 9.643144e-03, Test pred MSE = 3.977650e-02, Param MSE = 4.102960e-01, Grad norm = 2.922396e-03, Beta update rate = 1.754635e-03
Epoch   4200 (0.1%): Train pred MSE = 8.838328e-03, Test pred MSE = 3.939853e-02, Param MSE = 4.062800e-01, Grad norm = 2.754087e-03, Beta update rate = 1.659290e-03
Epoch   4400 (0.1%): Train pred MSE = 8.122741e-03, Test pred MSE = 3.903238e-02, Param MSE = 4.023828e-01, Grad norm = 2.598448e-03, Beta update rate = 1.572298e-03
Epoch   4600 (0.1%): Train pred MSE = 7.484995e-03, Test pred MSE = 3.867892e-02, Param MSE = 3.986140e-01, Grad norm = 2.454563e-03, Beta update rate = 1.491934e-03
Epoch   4800 (0.1%): Train pred MSE = 6.915212e-03, Test pred MSE = 3.833902e-02, Param MSE = 3.949836e-01, Grad norm = 2.321595e-03, Beta update rate = 1.417128e-03
Epoch   5000 (0.1%): Train pred MSE = 6.404827e-03, Test pred MSE = 3.801335e-02, Param MSE = 3.914993e-01, Grad norm = 2.198724e-03, Beta update rate = 1.347214e-03
Epoch   5200 (0.1%): Train pred MSE = 5.946432e-03, Test pred MSE = 3.770235e-02, Param MSE = 3.881663e-01, Grad norm = 2.085139e-03, Beta update rate = 1.281746e-03
Epoch   5400 (0.1%): Train pred MSE = 5.533630e-03, Test pred MSE = 3.740618e-02, Param MSE = 3.849871e-01, Grad norm = 1.980058e-03, Beta update rate = 1.220392e-03
Epoch   5600 (0.1%): Train pred MSE = 5.160900e-03, Test pred MSE = 3.712479e-02, Param MSE = 3.819617e-01, Grad norm = 1.882741e-03, Beta update rate = 1.162872e-03
Epoch   5800 (0.1%): Train pred MSE = 4.823478e-03, Test pred MSE = 3.685794e-02, Param MSE = 3.790881e-01, Grad norm = 1.792505e-03, Beta update rate = 1.108932e-03
Epoch   6000 (0.1%): Train pred MSE = 4.517244e-03, Test pred MSE = 3.660525e-02, Param MSE = 3.763628e-01, Grad norm = 1.708725e-03, Beta update rate = 1.058333e-03
Epoch   6200 (0.1%): Train pred MSE = 4.238631e-03, Test pred MSE = 3.636624e-02, Param MSE = 3.737810e-01, Grad norm = 1.630832e-03, Beta update rate = 1.010849e-03
Epoch   6400 (0.1%): Train pred MSE = 3.984544e-03, Test pred MSE = 3.614034e-02, Param MSE = 3.713373e-01, Grad norm = 1.558313e-03, Beta update rate = 9.662676e-04
Epoch   6600 (0.1%): Train pred MSE = 3.752290e-03, Test pred MSE = 3.592697e-02, Param MSE = 3.690255e-01, Grad norm = 1.490703e-03, Beta update rate = 9.243888e-04
Epoch   6800 (0.1%): Train pred MSE = 3.539520e-03, Test pred MSE = 3.572548e-02, Param MSE = 3.668393e-01, Grad norm = 1.427584e-03, Beta update rate = 8.850270e-04
Epoch   7000 (0.1%): Train pred MSE = 3.344182e-03, Test pred MSE = 3.553525e-02, Param MSE = 3.647723e-01, Grad norm = 1.368576e-03, Beta update rate = 8.480093e-04
Epoch   7200 (0.1%): Train pred MSE = 3.164476e-03, Test pred MSE = 3.535565e-02, Param MSE = 3.628178e-01, Grad norm = 1.313338e-03, Beta update rate = 8.131753e-04
Epoch   7400 (0.1%): Train pred MSE = 2.998823e-03, Test pred MSE = 3.518604e-02, Param MSE = 3.609694e-01, Grad norm = 1.261559e-03, Beta update rate = 7.803760e-04
Epoch   7600 (0.2%): Train pred MSE = 2.845830e-03, Test pred MSE = 3.502583e-02, Param MSE = 3.592210e-01, Grad norm = 1.212961e-03, Beta update rate = 7.494731e-04
Epoch   7800 (0.2%): Train pred MSE = 2.704269e-03, Test pred MSE = 3.487444e-02, Param MSE = 3.575664e-01, Grad norm = 1.167289e-03, Beta update rate = 7.203386e-04
Epoch   8000 (0.2%): Train pred MSE = 2.573054e-03, Test pred MSE = 3.473131e-02, Param MSE = 3.559999e-01, Grad norm = 1.124316e-03, Beta update rate = 6.928533e-04
Epoch   8200 (0.2%): Train pred MSE = 2.451220e-03, Test pred MSE = 3.459593e-02, Param MSE = 3.545161e-01, Grad norm = 1.083833e-03, Beta update rate = 6.669071e-04
Epoch   8400 (0.2%): Train pred MSE = 2.337910e-03, Test pred MSE = 3.446779e-02, Param MSE = 3.531097e-01, Grad norm = 1.045652e-03, Beta update rate = 6.423974e-04
Epoch   8600 (0.2%): Train pred MSE = 2.232360e-03, Test pred MSE = 3.434643e-02, Param MSE = 3.517759e-01, Grad norm = 1.009603e-03, Beta update rate = 6.192293e-04
Epoch   8800 (0.2%): Train pred MSE = 2.133888e-03, Test pred MSE = 3.423142e-02, Param MSE = 3.505100e-01, Grad norm = 9.755307e-04, Beta update rate = 5.973147e-04
Epoch   9000 (0.2%): Train pred MSE = 2.041884e-03, Test pred MSE = 3.412234e-02, Param MSE = 3.493078e-01, Grad norm = 9.432935e-04, Beta update rate = 5.765718e-04
Epoch   9200 (0.2%): Train pred MSE = 1.955799e-03, Test pred MSE = 3.401882e-02, Param MSE = 3.481652e-01, Grad norm = 9.127628e-04, Beta update rate = 5.569250e-04
Epoch   9400 (0.2%): Train pred MSE = 1.875142e-03, Test pred MSE = 3.392050e-02, Param MSE = 3.470785e-01, Grad norm = 8.838210e-04, Beta update rate = 5.383037e-04
Epoch   9600 (0.2%): Train pred MSE = 1.799468e-03, Test pred MSE = 3.382704e-02, Param MSE = 3.460441e-01, Grad norm = 8.563607e-04, Beta update rate = 5.206427e-04
Epoch   9800 (0.2%): Train pred MSE = 1.728379e-03, Test pred MSE = 3.373815e-02, Param MSE = 3.450588e-01, Grad norm = 8.302833e-04, Beta update rate = 5.038813e-04
Epoch  10000 (0.2%): Train pred MSE = 1.661511e-03, Test pred MSE = 3.365353e-02, Param MSE = 3.441197e-01, Grad norm = 8.054986e-04, Beta update rate = 4.879631e-04
Epoch  10200 (0.2%): Train pred MSE = 1.598538e-03, Test pred MSE = 3.357292e-02, Param MSE = 3.432237e-01, Grad norm = 7.819236e-04, Beta update rate = 4.728359e-04
Epoch  10400 (0.2%): Train pred MSE = 1.539163e-03, Test pred MSE = 3.349607e-02, Param MSE = 3.423684e-01, Grad norm = 7.594820e-04, Beta update rate = 4.584510e-04
Epoch  10600 (0.2%): Train pred MSE = 1.483115e-03, Test pred MSE = 3.342276e-02, Param MSE = 3.415512e-01, Grad norm = 7.381033e-04, Beta update rate = 4.447631e-04
Epoch  10800 (0.2%): Train pred MSE = 1.430149e-03, Test pred MSE = 3.335277e-02, Param MSE = 3.407700e-01, Grad norm = 7.177224e-04, Beta update rate = 4.317300e-04
Epoch  11000 (0.2%): Train pred MSE = 1.380040e-03, Test pred MSE = 3.328591e-02, Param MSE = 3.400225e-01, Grad norm = 6.982793e-04, Beta update rate = 4.193126e-04
Epoch  11200 (0.2%): Train pred MSE = 1.332585e-03, Test pred MSE = 3.322198e-02, Param MSE = 3.393069e-01, Grad norm = 6.797182e-04, Beta update rate = 4.074744e-04
Epoch  11400 (0.2%): Train pred MSE = 1.287596e-03, Test pred MSE = 3.316082e-02, Param MSE = 3.386213e-01, Grad norm = 6.619874e-04, Beta update rate = 3.961814e-04
Epoch  11600 (0.2%): Train pred MSE = 1.244902e-03, Test pred MSE = 3.310228e-02, Param MSE = 3.379639e-01, Grad norm = 6.450391e-04, Beta update rate = 3.854018e-04
Epoch  11800 (0.2%): Train pred MSE = 1.204346e-03, Test pred MSE = 3.304619e-02, Param MSE = 3.373333e-01, Grad norm = 6.288284e-04, Beta update rate = 3.751060e-04
Epoch  12000 (0.2%): Train pred MSE = 1.165786e-03, Test pred MSE = 3.299243e-02, Param MSE = 3.367279e-01, Grad norm = 6.133137e-04, Beta update rate = 3.652665e-04
Epoch  12200 (0.2%): Train pred MSE = 1.129087e-03, Test pred MSE = 3.294087e-02, Param MSE = 3.361464e-01, Grad norm = 5.984564e-04, Beta update rate = 3.558574e-04
Epoch  12400 (0.2%): Train pred MSE = 1.094130e-03, Test pred MSE = 3.289139e-02, Param MSE = 3.355874e-01, Grad norm = 5.842201e-04, Beta update rate = 3.468548e-04
Epoch  12600 (0.3%): Train pred MSE = 1.060801e-03, Test pred MSE = 3.284388e-02, Param MSE = 3.350498e-01, Grad norm = 5.705709e-04, Beta update rate = 3.382359e-04
Epoch  12800 (0.3%): Train pred MSE = 1.028998e-03, Test pred MSE = 3.279822e-02, Param MSE = 3.345324e-01, Grad norm = 5.574772e-04, Beta update rate = 3.299799e-04
Epoch  13000 (0.3%): Train pred MSE = 9.986253e-04, Test pred MSE = 3.275434e-02, Param MSE = 3.340343e-01, Grad norm = 5.449093e-04, Beta update rate = 3.220669e-04
Epoch  13200 (0.3%): Train pred MSE = 9.695948e-04, Test pred MSE = 3.271212e-02, Param MSE = 3.335543e-01, Grad norm = 5.328393e-04, Beta update rate = 3.144785e-04
Epoch  13400 (0.3%): Train pred MSE = 9.418251e-04, Test pred MSE = 3.267150e-02, Param MSE = 3.330917e-01, Grad norm = 5.212412e-04, Beta update rate = 3.071975e-04
Epoch  13600 (0.3%): Train pred MSE = 9.152410e-04, Test pred MSE = 3.263239e-02, Param MSE = 3.326454e-01, Grad norm = 5.100904e-04, Beta update rate = 3.002075e-04
Epoch  13800 (0.3%): Train pred MSE = 8.897726e-04, Test pred MSE = 3.259471e-02, Param MSE = 3.322148e-01, Grad norm = 4.993638e-04, Beta update rate = 2.934934e-04
Epoch  14000 (0.3%): Train pred MSE = 8.653553e-04, Test pred MSE = 3.255839e-02, Param MSE = 3.317991e-01, Grad norm = 4.890398e-04, Beta update rate = 2.870408e-04
Epoch  14200 (0.3%): Train pred MSE = 8.419288e-04, Test pred MSE = 3.252338e-02, Param MSE = 3.313975e-01, Grad norm = 4.790981e-04, Beta update rate = 2.808364e-04
Epoch  14400 (0.3%): Train pred MSE = 8.194373e-04, Test pred MSE = 3.248961e-02, Param MSE = 3.310094e-01, Grad norm = 4.695193e-04, Beta update rate = 2.748675e-04
Epoch  14600 (0.3%): Train pred MSE = 7.978290e-04, Test pred MSE = 3.245701e-02, Param MSE = 3.306342e-01, Grad norm = 4.602855e-04, Beta update rate = 2.691222e-04
Epoch  14800 (0.3%): Train pred MSE = 7.770555e-04, Test pred MSE = 3.242554e-02, Param MSE = 3.302713e-01, Grad norm = 4.513796e-04, Beta update rate = 2.635894e-04
Epoch  15000 (0.3%): Train pred MSE = 7.570718e-04, Test pred MSE = 3.239515e-02, Param MSE = 3.299200e-01, Grad norm = 4.427856e-04, Beta update rate = 2.582585e-04
Epoch  15200 (0.3%): Train pred MSE = 7.378358e-04, Test pred MSE = 3.236578e-02, Param MSE = 3.295800e-01, Grad norm = 4.344883e-04, Beta update rate = 2.531196e-04
Epoch  15400 (0.3%): Train pred MSE = 7.193084e-04, Test pred MSE = 3.233739e-02, Param MSE = 3.292506e-01, Grad norm = 4.264734e-04, Beta update rate = 2.481634e-04
Epoch  15600 (0.3%): Train pred MSE = 7.014531e-04, Test pred MSE = 3.230993e-02, Param MSE = 3.289315e-01, Grad norm = 4.187275e-04, Beta update rate = 2.433811e-04
Epoch  15800 (0.3%): Train pred MSE = 6.842357e-04, Test pred MSE = 3.228338e-02, Param MSE = 3.286221e-01, Grad norm = 4.112377e-04, Beta update rate = 2.387644e-04
Epoch  16000 (0.3%): Train pred MSE = 6.676241e-04, Test pred MSE = 3.225768e-02, Param MSE = 3.283221e-01, Grad norm = 4.039922e-04, Beta update rate = 2.343053e-04
Epoch  16200 (0.3%): Train pred MSE = 6.515884e-04, Test pred MSE = 3.223280e-02, Param MSE = 3.280311e-01, Grad norm = 3.969794e-04, Beta update rate = 2.299966e-04
Epoch  16400 (0.3%): Train pred MSE = 6.361006e-04, Test pred MSE = 3.220872e-02, Param MSE = 3.277487e-01, Grad norm = 3.901888e-04, Beta update rate = 2.258311e-04
Epoch  16600 (0.3%): Train pred MSE = 6.211344e-04, Test pred MSE = 3.218538e-02, Param MSE = 3.274746e-01, Grad norm = 3.836100e-04, Beta update rate = 2.218022e-04
Epoch  16800 (0.3%): Train pred MSE = 6.066650e-04, Test pred MSE = 3.216278e-02, Param MSE = 3.272083e-01, Grad norm = 3.772335e-04, Beta update rate = 2.179038e-04
Epoch  17000 (0.3%): Train pred MSE = 5.926694e-04, Test pred MSE = 3.214086e-02, Param MSE = 3.269497e-01, Grad norm = 3.710503e-04, Beta update rate = 2.141298e-04
Epoch  17200 (0.3%): Train pred MSE = 5.791257e-04, Test pred MSE = 3.211962e-02, Param MSE = 3.266984e-01, Grad norm = 3.650516e-04, Beta update rate = 2.104747e-04
Epoch  17400 (0.3%): Train pred MSE = 5.660135e-04, Test pred MSE = 3.209902e-02, Param MSE = 3.264541e-01, Grad norm = 3.592294e-04, Beta update rate = 2.069331e-04
Epoch  17600 (0.4%): Train pred MSE = 5.533134e-04, Test pred MSE = 3.207903e-02, Param MSE = 3.262165e-01, Grad norm = 3.535760e-04, Beta update rate = 2.035001e-04
Epoch  17800 (0.4%): Train pred MSE = 5.410074e-04, Test pred MSE = 3.205964e-02, Param MSE = 3.259855e-01, Grad norm = 3.480840e-04, Beta update rate = 2.001707e-04
Epoch  18000 (0.4%): Train pred MSE = 5.290782e-04, Test pred MSE = 3.204081e-02, Param MSE = 3.257607e-01, Grad norm = 3.427466e-04, Beta update rate = 1.969407e-04
Epoch  18200 (0.4%): Train pred MSE = 5.175098e-04, Test pred MSE = 3.202254e-02, Param MSE = 3.255419e-01, Grad norm = 3.375571e-04, Beta update rate = 1.938055e-04
Epoch  18400 (0.4%): Train pred MSE = 5.062869e-04, Test pred MSE = 3.200480e-02, Param MSE = 3.253289e-01, Grad norm = 3.325094e-04, Beta update rate = 1.907612e-04
Epoch  18600 (0.4%): Train pred MSE = 4.953951e-04, Test pred MSE = 3.198756e-02, Param MSE = 3.251215e-01, Grad norm = 3.275975e-04, Beta update rate = 1.878040e-04
Epoch  18800 (0.4%): Train pred MSE = 4.848208e-04, Test pred MSE = 3.197082e-02, Param MSE = 3.249195e-01, Grad norm = 3.228159e-04, Beta update rate = 1.849301e-04
Epoch  19000 (0.4%): Train pred MSE = 4.745512e-04, Test pred MSE = 3.195455e-02, Param MSE = 3.247227e-01, Grad norm = 3.181593e-04, Beta update rate = 1.821361e-04
Epoch  19200 (0.4%): Train pred MSE = 4.645740e-04, Test pred MSE = 3.193873e-02, Param MSE = 3.245309e-01, Grad norm = 3.136225e-04, Beta update rate = 1.794187e-04
Epoch  19400 (0.4%): Train pred MSE = 4.548777e-04, Test pred MSE = 3.192336e-02, Param MSE = 3.243439e-01, Grad norm = 3.092008e-04, Beta update rate = 1.767748e-04
Epoch  19600 (0.4%): Train pred MSE = 4.454515e-04, Test pred MSE = 3.190841e-02, Param MSE = 3.241617e-01, Grad norm = 3.048897e-04, Beta update rate = 1.742013e-04
Epoch  19800 (0.4%): Train pred MSE = 4.362848e-04, Test pred MSE = 3.189388e-02, Param MSE = 3.239839e-01, Grad norm = 3.006849e-04, Beta update rate = 1.716955e-04
Epoch  20000 (0.4%): Train pred MSE = 4.273679e-04, Test pred MSE = 3.187974e-02, Param MSE = 3.238106e-01, Grad norm = 2.965822e-04, Beta update rate = 1.692546e-04
Epoch  20200 (0.4%): Train pred MSE = 4.186913e-04, Test pred MSE = 3.186599e-02, Param MSE = 3.236414e-01, Grad norm = 2.925777e-04, Beta update rate = 1.668762e-04
Epoch  20400 (0.4%): Train pred MSE = 4.102464e-04, Test pred MSE = 3.185260e-02, Param MSE = 3.234764e-01, Grad norm = 2.886677e-04, Beta update rate = 1.645576e-04
Epoch  20600 (0.4%): Train pred MSE = 4.020245e-04, Test pred MSE = 3.183958e-02, Param MSE = 3.233153e-01, Grad norm = 2.848488e-04, Beta update rate = 1.622967e-04
Epoch  20800 (0.4%): Train pred MSE = 3.940176e-04, Test pred MSE = 3.182690e-02, Param MSE = 3.231581e-01, Grad norm = 2.811174e-04, Beta update rate = 1.600913e-04
Epoch  21000 (0.4%): Train pred MSE = 3.862181e-04, Test pred MSE = 3.181456e-02, Param MSE = 3.230046e-01, Grad norm = 2.774705e-04, Beta update rate = 1.579391e-04
Epoch  21200 (0.4%): Train pred MSE = 3.786188e-04, Test pred MSE = 3.180254e-02, Param MSE = 3.228546e-01, Grad norm = 2.739049e-04, Beta update rate = 1.558383e-04
Epoch  21400 (0.4%): Train pred MSE = 3.712125e-04, Test pred MSE = 3.179084e-02, Param MSE = 3.227082e-01, Grad norm = 2.704178e-04, Beta update rate = 1.537869e-04
Epoch  21600 (0.4%): Train pred MSE = 3.639928e-04, Test pred MSE = 3.177945e-02, Param MSE = 3.225651e-01, Grad norm = 2.670065e-04, Beta update rate = 1.517832e-04
Epoch  21800 (0.4%): Train pred MSE = 3.569533e-04, Test pred MSE = 3.176835e-02, Param MSE = 3.224254e-01, Grad norm = 2.636681e-04, Beta update rate = 1.498252e-04
Epoch  22000 (0.4%): Train pred MSE = 3.500880e-04, Test pred MSE = 3.175753e-02, Param MSE = 3.222888e-01, Grad norm = 2.604003e-04, Beta update rate = 1.479115e-04
Epoch  22200 (0.4%): Train pred MSE = 3.433911e-04, Test pred MSE = 3.174700e-02, Param MSE = 3.221553e-01, Grad norm = 2.572007e-04, Beta update rate = 1.460405e-04
Epoch  22400 (0.4%): Train pred MSE = 3.368570e-04, Test pred MSE = 3.173673e-02, Param MSE = 3.220248e-01, Grad norm = 2.540669e-04, Beta update rate = 1.442105e-04
Epoch  22600 (0.5%): Train pred MSE = 3.304805e-04, Test pred MSE = 3.172673e-02, Param MSE = 3.218973e-01, Grad norm = 2.509968e-04, Beta update rate = 1.424203e-04
Epoch  22800 (0.5%): Train pred MSE = 3.242566e-04, Test pred MSE = 3.171698e-02, Param MSE = 3.217725e-01, Grad norm = 2.479882e-04, Beta update rate = 1.406683e-04
Epoch  23000 (0.5%): Train pred MSE = 3.181804e-04, Test pred MSE = 3.170748e-02, Param MSE = 3.216505e-01, Grad norm = 2.450392e-04, Beta update rate = 1.389534e-04
Epoch  23200 (0.5%): Train pred MSE = 3.122473e-04, Test pred MSE = 3.169822e-02, Param MSE = 3.215312e-01, Grad norm = 2.421479e-04, Beta update rate = 1.372743e-04
Epoch  23400 (0.5%): Train pred MSE = 3.064529e-04, Test pred MSE = 3.168918e-02, Param MSE = 3.214145e-01, Grad norm = 2.393124e-04, Beta update rate = 1.356297e-04
Epoch  23600 (0.5%): Train pred MSE = 3.007929e-04, Test pred MSE = 3.168038e-02, Param MSE = 3.213003e-01, Grad norm = 2.365310e-04, Beta update rate = 1.340186e-04
Epoch  23800 (0.5%): Train pred MSE = 2.952632e-04, Test pred MSE = 3.167180e-02, Param MSE = 3.211886e-01, Grad norm = 2.338020e-04, Beta update rate = 1.324398e-04
Epoch  24000 (0.5%): Train pred MSE = 2.898599e-04, Test pred MSE = 3.166342e-02, Param MSE = 3.210793e-01, Grad norm = 2.311239e-04, Beta update rate = 1.308923e-04
Epoch  24200 (0.5%): Train pred MSE = 2.845792e-04, Test pred MSE = 3.165526e-02, Param MSE = 3.209723e-01, Grad norm = 2.284950e-04, Beta update rate = 1.293751e-04
Epoch  24400 (0.5%): Train pred MSE = 2.794176e-04, Test pred MSE = 3.164730e-02, Param MSE = 3.208676e-01, Grad norm = 2.259140e-04, Beta update rate = 1.278872e-04
Epoch  24600 (0.5%): Train pred MSE = 2.743715e-04, Test pred MSE = 3.163953e-02, Param MSE = 3.207651e-01, Grad norm = 2.233794e-04, Beta update rate = 1.264277e-04
Epoch  24800 (0.5%): Train pred MSE = 2.694376e-04, Test pred MSE = 3.163196e-02, Param MSE = 3.206648e-01, Grad norm = 2.208899e-04, Beta update rate = 1.249957e-04
Epoch  25000 (0.5%): Train pred MSE = 2.646128e-04, Test pred MSE = 3.162457e-02, Param MSE = 3.205665e-01, Grad norm = 2.184442e-04, Beta update rate = 1.235905e-04
Epoch  25200 (0.5%): Train pred MSE = 2.598939e-04, Test pred MSE = 3.161736e-02, Param MSE = 3.204704e-01, Grad norm = 2.160410e-04, Beta update rate = 1.222111e-04
Epoch  25400 (0.5%): Train pred MSE = 2.552779e-04, Test pred MSE = 3.161033e-02, Param MSE = 3.203762e-01, Grad norm = 2.136792e-04, Beta update rate = 1.208569e-04
Epoch  25600 (0.5%): Train pred MSE = 2.507619e-04, Test pred MSE = 3.160347e-02, Param MSE = 3.202839e-01, Grad norm = 2.113576e-04, Beta update rate = 1.195270e-04
Epoch  25800 (0.5%): Train pred MSE = 2.463433e-04, Test pred MSE = 3.159678e-02, Param MSE = 3.201936e-01, Grad norm = 2.090751e-04, Beta update rate = 1.182208e-04
Epoch  26000 (0.5%): Train pred MSE = 2.420193e-04, Test pred MSE = 3.159025e-02, Param MSE = 3.201051e-01, Grad norm = 2.068307e-04, Beta update rate = 1.169375e-04
Epoch  26200 (0.5%): Train pred MSE = 2.377873e-04, Test pred MSE = 3.158388e-02, Param MSE = 3.200184e-01, Grad norm = 2.046233e-04, Beta update rate = 1.156766e-04
Epoch  26400 (0.5%): Train pred MSE = 2.336450e-04, Test pred MSE = 3.157767e-02, Param MSE = 3.199335e-01, Grad norm = 2.024520e-04, Beta update rate = 1.144374e-04
Epoch  26600 (0.5%): Train pred MSE = 2.295898e-04, Test pred MSE = 3.157160e-02, Param MSE = 3.198503e-01, Grad norm = 2.003159e-04, Beta update rate = 1.132193e-04
Epoch  26800 (0.5%): Train pred MSE = 2.256196e-04, Test pred MSE = 3.156568e-02, Param MSE = 3.197687e-01, Grad norm = 1.982140e-04, Beta update rate = 1.120216e-04
Epoch  27000 (0.5%): Train pred MSE = 2.217320e-04, Test pred MSE = 3.155991e-02, Param MSE = 3.196889e-01, Grad norm = 1.961454e-04, Beta update rate = 1.108440e-04
Epoch  27200 (0.5%): Train pred MSE = 2.179249e-04, Test pred MSE = 3.155428e-02, Param MSE = 3.196106e-01, Grad norm = 1.941094e-04, Beta update rate = 1.096857e-04
Epoch  27400 (0.5%): Train pred MSE = 2.141962e-04, Test pred MSE = 3.154878e-02, Param MSE = 3.195339e-01, Grad norm = 1.921051e-04, Beta update rate = 1.085463e-04
Epoch  27600 (0.6%): Train pred MSE = 2.105439e-04, Test pred MSE = 3.154341e-02, Param MSE = 3.194587e-01, Grad norm = 1.901318e-04, Beta update rate = 1.074253e-04
Epoch  27800 (0.6%): Train pred MSE = 2.069661e-04, Test pred MSE = 3.153818e-02, Param MSE = 3.193850e-01, Grad norm = 1.881887e-04, Beta update rate = 1.063223e-04
Epoch  28000 (0.6%): Train pred MSE = 2.034608e-04, Test pred MSE = 3.153307e-02, Param MSE = 3.193128e-01, Grad norm = 1.862751e-04, Beta update rate = 1.052367e-04
Epoch  28200 (0.6%): Train pred MSE = 2.000263e-04, Test pred MSE = 3.152809e-02, Param MSE = 3.192420e-01, Grad norm = 1.843902e-04, Beta update rate = 1.041681e-04
Epoch  28400 (0.6%): Train pred MSE = 1.966608e-04, Test pred MSE = 3.152322e-02, Param MSE = 3.191727e-01, Grad norm = 1.825335e-04, Beta update rate = 1.031161e-04
Epoch  28600 (0.6%): Train pred MSE = 1.933626e-04, Test pred MSE = 3.151848e-02, Param MSE = 3.191046e-01, Grad norm = 1.807042e-04, Beta update rate = 1.020803e-04
Epoch  28800 (0.6%): Train pred MSE = 1.901300e-04, Test pred MSE = 3.151385e-02, Param MSE = 3.190380e-01, Grad norm = 1.789018e-04, Beta update rate = 1.010602e-04
Epoch  29000 (0.6%): Train pred MSE = 1.869614e-04, Test pred MSE = 3.150933e-02, Param MSE = 3.189726e-01, Grad norm = 1.771256e-04, Beta update rate = 1.000555e-04
Epoch  29200 (0.6%): Train pred MSE = 1.838552e-04, Test pred MSE = 3.150492e-02, Param MSE = 3.189085e-01, Grad norm = 1.753750e-04, Beta update rate = 9.906589e-05
Epoch  29400 (0.6%): Train pred MSE = 1.808101e-04, Test pred MSE = 3.150062e-02, Param MSE = 3.188457e-01, Grad norm = 1.736495e-04, Beta update rate = 9.809090e-05
Epoch  29600 (0.6%): Train pred MSE = 1.778244e-04, Test pred MSE = 3.149642e-02, Param MSE = 3.187840e-01, Grad norm = 1.719486e-04, Beta update rate = 9.713023e-05
Epoch  29800 (0.6%): Train pred MSE = 1.748968e-04, Test pred MSE = 3.149233e-02, Param MSE = 3.187236e-01, Grad norm = 1.702716e-04, Beta update rate = 9.618355e-05
Epoch  30000 (0.6%): Train pred MSE = 1.720259e-04, Test pred MSE = 3.148834e-02, Param MSE = 3.186644e-01, Grad norm = 1.686182e-04, Beta update rate = 9.525052e-05
Epoch  30200 (0.6%): Train pred MSE = 1.692103e-04, Test pred MSE = 3.148444e-02, Param MSE = 3.186063e-01, Grad norm = 1.669877e-04, Beta update rate = 9.433085e-05
Epoch  30400 (0.6%): Train pred MSE = 1.664489e-04, Test pred MSE = 3.148064e-02, Param MSE = 3.185494e-01, Grad norm = 1.653797e-04, Beta update rate = 9.342423e-05
Epoch  30600 (0.6%): Train pred MSE = 1.637402e-04, Test pred MSE = 3.147694e-02, Param MSE = 3.184935e-01, Grad norm = 1.637938e-04, Beta update rate = 9.253036e-05
Epoch  30800 (0.6%): Train pred MSE = 1.610832e-04, Test pred MSE = 3.147332e-02, Param MSE = 3.184387e-01, Grad norm = 1.622294e-04, Beta update rate = 9.164898e-05
Epoch  31000 (0.6%): Train pred MSE = 1.584765e-04, Test pred MSE = 3.146980e-02, Param MSE = 3.183850e-01, Grad norm = 1.606862e-04, Beta update rate = 9.077979e-05
Epoch  31200 (0.6%): Train pred MSE = 1.559191e-04, Test pred MSE = 3.146636e-02, Param MSE = 3.183323e-01, Grad norm = 1.591637e-04, Beta update rate = 8.992255e-05
Epoch  31400 (0.6%): Train pred MSE = 1.534099e-04, Test pred MSE = 3.146301e-02, Param MSE = 3.182807e-01, Grad norm = 1.576615e-04, Beta update rate = 8.907699e-05
Epoch  31600 (0.6%): Train pred MSE = 1.509477e-04, Test pred MSE = 3.145974e-02, Param MSE = 3.182300e-01, Grad norm = 1.561793e-04, Beta update rate = 8.824287e-05
Epoch  31800 (0.6%): Train pred MSE = 1.485315e-04, Test pred MSE = 3.145655e-02, Param MSE = 3.181803e-01, Grad norm = 1.547165e-04, Beta update rate = 8.741995e-05
Epoch  32000 (0.6%): Train pred MSE = 1.461603e-04, Test pred MSE = 3.145345e-02, Param MSE = 3.181316e-01, Grad norm = 1.532729e-04, Beta update rate = 8.660800e-05
Epoch  32200 (0.6%): Train pred MSE = 1.438330e-04, Test pred MSE = 3.145042e-02, Param MSE = 3.180838e-01, Grad norm = 1.518480e-04, Beta update rate = 8.580679e-05
Epoch  32400 (0.6%): Train pred MSE = 1.415487e-04, Test pred MSE = 3.144747e-02, Param MSE = 3.180369e-01, Grad norm = 1.504416e-04, Beta update rate = 8.501610e-05
Epoch  32600 (0.7%): Train pred MSE = 1.393065e-04, Test pred MSE = 3.144460e-02, Param MSE = 3.179909e-01, Grad norm = 1.490532e-04, Beta update rate = 8.423572e-05
Epoch  32800 (0.7%): Train pred MSE = 1.371053e-04, Test pred MSE = 3.144179e-02, Param MSE = 3.179458e-01, Grad norm = 1.476825e-04, Beta update rate = 8.346545e-05
Epoch  33000 (0.7%): Train pred MSE = 1.349444e-04, Test pred MSE = 3.143906e-02, Param MSE = 3.179016e-01, Grad norm = 1.463292e-04, Beta update rate = 8.270508e-05
Epoch  33200 (0.7%): Train pred MSE = 1.328229e-04, Test pred MSE = 3.143640e-02, Param MSE = 3.178582e-01, Grad norm = 1.449930e-04, Beta update rate = 8.195442e-05
Epoch  33400 (0.7%): Train pred MSE = 1.307399e-04, Test pred MSE = 3.143381e-02, Param MSE = 3.178156e-01, Grad norm = 1.436736e-04, Beta update rate = 8.121329e-05
Epoch  33600 (0.7%): Train pred MSE = 1.286945e-04, Test pred MSE = 3.143129e-02, Param MSE = 3.177739e-01, Grad norm = 1.423706e-04, Beta update rate = 8.048150e-05
Epoch  33800 (0.7%): Train pred MSE = 1.266860e-04, Test pred MSE = 3.142883e-02, Param MSE = 3.177330e-01, Grad norm = 1.410838e-04, Beta update rate = 7.975887e-05
Epoch  34000 (0.7%): Train pred MSE = 1.247136e-04, Test pred MSE = 3.142644e-02, Param MSE = 3.176928e-01, Grad norm = 1.398128e-04, Beta update rate = 7.904523e-05
Epoch  34200 (0.7%): Train pred MSE = 1.227765e-04, Test pred MSE = 3.142411e-02, Param MSE = 3.176535e-01, Grad norm = 1.385575e-04, Beta update rate = 7.834042e-05
Epoch  34400 (0.7%): Train pred MSE = 1.208740e-04, Test pred MSE = 3.142185e-02, Param MSE = 3.176148e-01, Grad norm = 1.373175e-04, Beta update rate = 7.764427e-05
Epoch  34600 (0.7%): Train pred MSE = 1.190053e-04, Test pred MSE = 3.141964e-02, Param MSE = 3.175770e-01, Grad norm = 1.360925e-04, Beta update rate = 7.695661e-05
Epoch  34800 (0.7%): Train pred MSE = 1.171697e-04, Test pred MSE = 3.141749e-02, Param MSE = 3.175398e-01, Grad norm = 1.348823e-04, Beta update rate = 7.627731e-05
Epoch  35000 (0.7%): Train pred MSE = 1.153666e-04, Test pred MSE = 3.141540e-02, Param MSE = 3.175034e-01, Grad norm = 1.336867e-04, Beta update rate = 7.560620e-05
Epoch  35200 (0.7%): Train pred MSE = 1.135953e-04, Test pred MSE = 3.141337e-02, Param MSE = 3.174677e-01, Grad norm = 1.325053e-04, Beta update rate = 7.494314e-05
Epoch  35400 (0.7%): Train pred MSE = 1.118551e-04, Test pred MSE = 3.141140e-02, Param MSE = 3.174326e-01, Grad norm = 1.313381e-04, Beta update rate = 7.428799e-05
Epoch  35600 (0.7%): Train pred MSE = 1.101454e-04, Test pred MSE = 3.140948e-02, Param MSE = 3.173983e-01, Grad norm = 1.301846e-04, Beta update rate = 7.364060e-05
Epoch  35800 (0.7%): Train pred MSE = 1.084655e-04, Test pred MSE = 3.140761e-02, Param MSE = 3.173645e-01, Grad norm = 1.290447e-04, Beta update rate = 7.300085e-05
Epoch  36000 (0.7%): Train pred MSE = 1.068149e-04, Test pred MSE = 3.140579e-02, Param MSE = 3.173315e-01, Grad norm = 1.279182e-04, Beta update rate = 7.236860e-05
Epoch  36200 (0.7%): Train pred MSE = 1.051930e-04, Test pred MSE = 3.140403e-02, Param MSE = 3.172991e-01, Grad norm = 1.268048e-04, Beta update rate = 7.174373e-05
Epoch  36400 (0.7%): Train pred MSE = 1.035991e-04, Test pred MSE = 3.140232e-02, Param MSE = 3.172673e-01, Grad norm = 1.257043e-04, Beta update rate = 7.112610e-05
Epoch  36600 (0.7%): Train pred MSE = 1.020327e-04, Test pred MSE = 3.140066e-02, Param MSE = 3.172361e-01, Grad norm = 1.246166e-04, Beta update rate = 7.051560e-05
Epoch  36800 (0.7%): Train pred MSE = 1.004932e-04, Test pred MSE = 3.139904e-02, Param MSE = 3.172056e-01, Grad norm = 1.235413e-04, Beta update rate = 6.991210e-05
Epoch  37000 (0.7%): Train pred MSE = 9.898019e-05, Test pred MSE = 3.139747e-02, Param MSE = 3.171756e-01, Grad norm = 1.224784e-04, Beta update rate = 6.931550e-05
Epoch  37200 (0.7%): Train pred MSE = 9.749305e-05, Test pred MSE = 3.139595e-02, Param MSE = 3.171462e-01, Grad norm = 1.214276e-04, Beta update rate = 6.872567e-05
Epoch  37400 (0.7%): Train pred MSE = 9.603128e-05, Test pred MSE = 3.139448e-02, Param MSE = 3.171174e-01, Grad norm = 1.203887e-04, Beta update rate = 6.814251e-05
Epoch  37600 (0.8%): Train pred MSE = 9.459438e-05, Test pred MSE = 3.139305e-02, Param MSE = 3.170891e-01, Grad norm = 1.193616e-04, Beta update rate = 6.756591e-05
Epoch  37800 (0.8%): Train pred MSE = 9.318186e-05, Test pred MSE = 3.139166e-02, Param MSE = 3.170614e-01, Grad norm = 1.183460e-04, Beta update rate = 6.699576e-05
Epoch  38000 (0.8%): Train pred MSE = 9.179324e-05, Test pred MSE = 3.139032e-02, Param MSE = 3.170343e-01, Grad norm = 1.173418e-04, Beta update rate = 6.643196e-05
Epoch  38200 (0.8%): Train pred MSE = 9.042806e-05, Test pred MSE = 3.138901e-02, Param MSE = 3.170077e-01, Grad norm = 1.163488e-04, Beta update rate = 6.587441e-05
Epoch  38400 (0.8%): Train pred MSE = 8.908586e-05, Test pred MSE = 3.138775e-02, Param MSE = 3.169816e-01, Grad norm = 1.153668e-04, Beta update rate = 6.532301e-05
Epoch  38600 (0.8%): Train pred MSE = 8.776619e-05, Test pred MSE = 3.138653e-02, Param MSE = 3.169560e-01, Grad norm = 1.143957e-04, Beta update rate = 6.477767e-05
Epoch  38800 (0.8%): Train pred MSE = 8.646861e-05, Test pred MSE = 3.138535e-02, Param MSE = 3.169309e-01, Grad norm = 1.134353e-04, Beta update rate = 6.423829e-05
Epoch  39000 (0.8%): Train pred MSE = 8.519270e-05, Test pred MSE = 3.138421e-02, Param MSE = 3.169063e-01, Grad norm = 1.124854e-04, Beta update rate = 6.370477e-05
Epoch  39200 (0.8%): Train pred MSE = 8.393804e-05, Test pred MSE = 3.138310e-02, Param MSE = 3.168822e-01, Grad norm = 1.115458e-04, Beta update rate = 6.317704e-05
Epoch  39400 (0.8%): Train pred MSE = 8.270422e-05, Test pred MSE = 3.138204e-02, Param MSE = 3.168586e-01, Grad norm = 1.106166e-04, Beta update rate = 6.265500e-05
Epoch  39600 (0.8%): Train pred MSE = 8.149085e-05, Test pred MSE = 3.138101e-02, Param MSE = 3.168354e-01, Grad norm = 1.096973e-04, Beta update rate = 6.213856e-05
Epoch  39800 (0.8%): Train pred MSE = 8.029754e-05, Test pred MSE = 3.138001e-02, Param MSE = 3.168127e-01, Grad norm = 1.087880e-04, Beta update rate = 6.162765e-05
Epoch  40000 (0.8%): Train pred MSE = 7.912391e-05, Test pred MSE = 3.137905e-02, Param MSE = 3.167905e-01, Grad norm = 1.078885e-04, Beta update rate = 6.112217e-05
Epoch  40200 (0.8%): Train pred MSE = 7.796958e-05, Test pred MSE = 3.137812e-02, Param MSE = 3.167687e-01, Grad norm = 1.069986e-04, Beta update rate = 6.062205e-05
Epoch  40400 (0.8%): Train pred MSE = 7.683419e-05, Test pred MSE = 3.137723e-02, Param MSE = 3.167474e-01, Grad norm = 1.061182e-04, Beta update rate = 6.012722e-05
Epoch  40600 (0.8%): Train pred MSE = 7.571739e-05, Test pred MSE = 3.137637e-02, Param MSE = 3.167264e-01, Grad norm = 1.052472e-04, Beta update rate = 5.963759e-05
Epoch  40800 (0.8%): Train pred MSE = 7.461882e-05, Test pred MSE = 3.137555e-02, Param MSE = 3.167059e-01, Grad norm = 1.043854e-04, Beta update rate = 5.915308e-05
Epoch  41000 (0.8%): Train pred MSE = 7.353814e-05, Test pred MSE = 3.137475e-02, Param MSE = 3.166858e-01, Grad norm = 1.035327e-04, Beta update rate = 5.867363e-05
Epoch  41200 (0.8%): Train pred MSE = 7.247504e-05, Test pred MSE = 3.137399e-02, Param MSE = 3.166662e-01, Grad norm = 1.026889e-04, Beta update rate = 5.819916e-05
Epoch  41400 (0.8%): Train pred MSE = 7.142916e-05, Test pred MSE = 3.137325e-02, Param MSE = 3.166469e-01, Grad norm = 1.018540e-04, Beta update rate = 5.772961e-05
Epoch  41600 (0.8%): Train pred MSE = 7.040021e-05, Test pred MSE = 3.137255e-02, Param MSE = 3.166280e-01, Grad norm = 1.010278e-04, Beta update rate = 5.726489e-05
Epoch  41800 (0.8%): Train pred MSE = 6.938786e-05, Test pred MSE = 3.137187e-02, Param MSE = 3.166095e-01, Grad norm = 1.002102e-04, Beta update rate = 5.680494e-05
Epoch  42000 (0.8%): Train pred MSE = 6.839181e-05, Test pred MSE = 3.137123e-02, Param MSE = 3.165914e-01, Grad norm = 9.940110e-05, Beta update rate = 5.634971e-05
Epoch  42200 (0.8%): Train pred MSE = 6.741176e-05, Test pred MSE = 3.137061e-02, Param MSE = 3.165736e-01, Grad norm = 9.860032e-05, Beta update rate = 5.589911e-05
Epoch  42400 (0.8%): Train pred MSE = 6.644743e-05, Test pred MSE = 3.137002e-02, Param MSE = 3.165563e-01, Grad norm = 9.780778e-05, Beta update rate = 5.545309e-05
Epoch  42600 (0.9%): Train pred MSE = 6.549851e-05, Test pred MSE = 3.136945e-02, Param MSE = 3.165393e-01, Grad norm = 9.702337e-05, Beta update rate = 5.501158e-05
Epoch  42800 (0.9%): Train pred MSE = 6.456474e-05, Test pred MSE = 3.136892e-02, Param MSE = 3.165226e-01, Grad norm = 9.624697e-05, Beta update rate = 5.457453e-05
Epoch  43000 (0.9%): Train pred MSE = 6.364584e-05, Test pred MSE = 3.136840e-02, Param MSE = 3.165063e-01, Grad norm = 9.547848e-05, Beta update rate = 5.414186e-05
Epoch  43200 (0.9%): Train pred MSE = 6.274154e-05, Test pred MSE = 3.136792e-02, Param MSE = 3.164903e-01, Grad norm = 9.471779e-05, Beta update rate = 5.371353e-05
Epoch  43400 (0.9%): Train pred MSE = 6.185157e-05, Test pred MSE = 3.136746e-02, Param MSE = 3.164747e-01, Grad norm = 9.396479e-05, Beta update rate = 5.328947e-05
Epoch  43600 (0.9%): Train pred MSE = 6.097568e-05, Test pred MSE = 3.136702e-02, Param MSE = 3.164594e-01, Grad norm = 9.321939e-05, Beta update rate = 5.286963e-05
Epoch  43800 (0.9%): Train pred MSE = 6.011362e-05, Test pred MSE = 3.136661e-02, Param MSE = 3.164444e-01, Grad norm = 9.248148e-05, Beta update rate = 5.245395e-05
Epoch  44000 (0.9%): Train pred MSE = 5.926513e-05, Test pred MSE = 3.136622e-02, Param MSE = 3.164297e-01, Grad norm = 9.175096e-05, Beta update rate = 5.204238e-05
Epoch  44200 (0.9%): Train pred MSE = 5.842999e-05, Test pred MSE = 3.136585e-02, Param MSE = 3.164154e-01, Grad norm = 9.102773e-05, Beta update rate = 5.163486e-05
Epoch  44400 (0.9%): Train pred MSE = 5.760795e-05, Test pred MSE = 3.136550e-02, Param MSE = 3.164014e-01, Grad norm = 9.031170e-05, Beta update rate = 5.123133e-05
Epoch  44600 (0.9%): Train pred MSE = 5.679877e-05, Test pred MSE = 3.136518e-02, Param MSE = 3.163876e-01, Grad norm = 8.960277e-05, Beta update rate = 5.083176e-05
Epoch  44800 (0.9%): Train pred MSE = 5.600223e-05, Test pred MSE = 3.136488e-02, Param MSE = 3.163742e-01, Grad norm = 8.890086e-05, Beta update rate = 5.043608e-05
Epoch  45000 (0.9%): Train pred MSE = 5.521812e-05, Test pred MSE = 3.136460e-02, Param MSE = 3.163611e-01, Grad norm = 8.820586e-05, Beta update rate = 5.004424e-05
Epoch  45200 (0.9%): Train pred MSE = 5.444620e-05, Test pred MSE = 3.136434e-02, Param MSE = 3.163482e-01, Grad norm = 8.751770e-05, Beta update rate = 4.965620e-05
Epoch  45400 (0.9%): Train pred MSE = 5.368627e-05, Test pred MSE = 3.136410e-02, Param MSE = 3.163356e-01, Grad norm = 8.683628e-05, Beta update rate = 4.927190e-05
Epoch  45600 (0.9%): Train pred MSE = 5.293811e-05, Test pred MSE = 3.136388e-02, Param MSE = 3.163233e-01, Grad norm = 8.616151e-05, Beta update rate = 4.889131e-05
Epoch  45800 (0.9%): Train pred MSE = 5.220152e-05, Test pred MSE = 3.136368e-02, Param MSE = 3.163113e-01, Grad norm = 8.549332e-05, Beta update rate = 4.851437e-05
Epoch  46000 (0.9%): Train pred MSE = 5.147631e-05, Test pred MSE = 3.136350e-02, Param MSE = 3.162996e-01, Grad norm = 8.483161e-05, Beta update rate = 4.814104e-05
Epoch  46200 (0.9%): Train pred MSE = 5.076226e-05, Test pred MSE = 3.136334e-02, Param MSE = 3.162881e-01, Grad norm = 8.417631e-05, Beta update rate = 4.777127e-05
Epoch  46400 (0.9%): Train pred MSE = 5.005920e-05, Test pred MSE = 3.136319e-02, Param MSE = 3.162769e-01, Grad norm = 8.352734e-05, Beta update rate = 4.740501e-05
Epoch  46600 (0.9%): Train pred MSE = 4.936692e-05, Test pred MSE = 3.136307e-02, Param MSE = 3.162659e-01, Grad norm = 8.288461e-05, Beta update rate = 4.704223e-05
Epoch  46800 (0.9%): Train pred MSE = 4.868524e-05, Test pred MSE = 3.136296e-02, Param MSE = 3.162552e-01, Grad norm = 8.224805e-05, Beta update rate = 4.668288e-05
Epoch  47000 (0.9%): Train pred MSE = 4.801399e-05, Test pred MSE = 3.136287e-02, Param MSE = 3.162447e-01, Grad norm = 8.161757e-05, Beta update rate = 4.632692e-05
Epoch  47200 (0.9%): Train pred MSE = 4.735297e-05, Test pred MSE = 3.136279e-02, Param MSE = 3.162345e-01, Grad norm = 8.099312e-05, Beta update rate = 4.597431e-05
Epoch  47400 (0.9%): Train pred MSE = 4.670203e-05, Test pred MSE = 3.136273e-02, Param MSE = 3.162245e-01, Grad norm = 8.037460e-05, Beta update rate = 4.562500e-05
Epoch  47600 (1.0%): Train pred MSE = 4.606098e-05, Test pred MSE = 3.136269e-02, Param MSE = 3.162147e-01, Grad norm = 7.976196e-05, Beta update rate = 4.527896e-05
Epoch  47800 (1.0%): Train pred MSE = 4.542965e-05, Test pred MSE = 3.136267e-02, Param MSE = 3.162052e-01, Grad norm = 7.915511e-05, Beta update rate = 4.493615e-05
Epoch  48000 (1.0%): Train pred MSE = 4.480789e-05, Test pred MSE = 3.136265e-02, Param MSE = 3.161958e-01, Grad norm = 7.855398e-05, Beta update rate = 4.459653e-05
Epoch  48200 (1.0%): Train pred MSE = 4.419552e-05, Test pred MSE = 3.136266e-02, Param MSE = 3.161868e-01, Grad norm = 7.795851e-05, Beta update rate = 4.426005e-05
Epoch  48400 (1.0%): Train pred MSE = 4.359240e-05, Test pred MSE = 3.136268e-02, Param MSE = 3.161779e-01, Grad norm = 7.736863e-05, Beta update rate = 4.392669e-05
Epoch  48600 (1.0%): Train pred MSE = 4.299836e-05, Test pred MSE = 3.136271e-02, Param MSE = 3.161692e-01, Grad norm = 7.678426e-05, Beta update rate = 4.359640e-05
Epoch  48800 (1.0%): Train pred MSE = 4.241325e-05, Test pred MSE = 3.136276e-02, Param MSE = 3.161608e-01, Grad norm = 7.620535e-05, Beta update rate = 4.326916e-05
Epoch  49000 (1.0%): Train pred MSE = 4.183692e-05, Test pred MSE = 3.136282e-02, Param MSE = 3.161526e-01, Grad norm = 7.563183e-05, Beta update rate = 4.294491e-05
Epoch  49200 (1.0%): Train pred MSE = 4.126923e-05, Test pred MSE = 3.136289e-02, Param MSE = 3.161445e-01, Grad norm = 7.506363e-05, Beta update rate = 4.262364e-05
Epoch  49400 (1.0%): Train pred MSE = 4.071003e-05, Test pred MSE = 3.136298e-02, Param MSE = 3.161367e-01, Grad norm = 7.450070e-05, Beta update rate = 4.230530e-05
Epoch  49600 (1.0%): Train pred MSE = 4.015918e-05, Test pred MSE = 3.136308e-02, Param MSE = 3.161291e-01, Grad norm = 7.394296e-05, Beta update rate = 4.198985e-05
Epoch  49800 (1.0%): Train pred MSE = 3.961653e-05, Test pred MSE = 3.136319e-02, Param MSE = 3.161216e-01, Grad norm = 7.339036e-05, Beta update rate = 4.167728e-05
Epoch  50000 (1.0%): Train pred MSE = 3.908196e-05, Test pred MSE = 3.136332e-02, Param MSE = 3.161144e-01, Grad norm = 7.284283e-05, Beta update rate = 4.136753e-05
Epoch  50200 (1.0%): Train pred MSE = 3.855533e-05, Test pred MSE = 3.136346e-02, Param MSE = 3.161073e-01, Grad norm = 7.230032e-05, Beta update rate = 4.106059e-05
Epoch  50400 (1.0%): Train pred MSE = 3.803651e-05, Test pred MSE = 3.136361e-02, Param MSE = 3.161004e-01, Grad norm = 7.176277e-05, Beta update rate = 4.075641e-05
Epoch  50600 (1.0%): Train pred MSE = 3.752537e-05, Test pred MSE = 3.136377e-02, Param MSE = 3.160937e-01, Grad norm = 7.123012e-05, Beta update rate = 4.045497e-05
Epoch  50800 (1.0%): Train pred MSE = 3.702178e-05, Test pred MSE = 3.136394e-02, Param MSE = 3.160872e-01, Grad norm = 7.070232e-05, Beta update rate = 4.015624e-05
Epoch  51000 (1.0%): Train pred MSE = 3.652562e-05, Test pred MSE = 3.136412e-02, Param MSE = 3.160808e-01, Grad norm = 7.017930e-05, Beta update rate = 3.986018e-05
Epoch  51200 (1.0%): Train pred MSE = 3.603677e-05, Test pred MSE = 3.136432e-02, Param MSE = 3.160746e-01, Grad norm = 6.966102e-05, Beta update rate = 3.956676e-05
Epoch  51400 (1.0%): Train pred MSE = 3.555510e-05, Test pred MSE = 3.136452e-02, Param MSE = 3.160686e-01, Grad norm = 6.914741e-05, Beta update rate = 3.927596e-05
Epoch  51600 (1.0%): Train pred MSE = 3.508051e-05, Test pred MSE = 3.136474e-02, Param MSE = 3.160628e-01, Grad norm = 6.863843e-05, Beta update rate = 3.898774e-05
Epoch  51800 (1.0%): Train pred MSE = 3.461287e-05, Test pred MSE = 3.136496e-02, Param MSE = 3.160571e-01, Grad norm = 6.813403e-05, Beta update rate = 3.870209e-05
Epoch  52000 (1.0%): Train pred MSE = 3.415207e-05, Test pred MSE = 3.136520e-02, Param MSE = 3.160516e-01, Grad norm = 6.763414e-05, Beta update rate = 3.841896e-05
Epoch  52200 (1.0%): Train pred MSE = 3.369801e-05, Test pred MSE = 3.136545e-02, Param MSE = 3.160462e-01, Grad norm = 6.713873e-05, Beta update rate = 3.813833e-05
Epoch  52400 (1.0%): Train pred MSE = 3.325057e-05, Test pred MSE = 3.136570e-02, Param MSE = 3.160410e-01, Grad norm = 6.664773e-05, Beta update rate = 3.786017e-05
Epoch  52600 (1.1%): Train pred MSE = 3.280964e-05, Test pred MSE = 3.136596e-02, Param MSE = 3.160359e-01, Grad norm = 6.616110e-05, Beta update rate = 3.758445e-05
Epoch  52800 (1.1%): Train pred MSE = 3.237512e-05, Test pred MSE = 3.136624e-02, Param MSE = 3.160310e-01, Grad norm = 6.567879e-05, Beta update rate = 3.731116e-05
Epoch  53000 (1.1%): Train pred MSE = 3.194691e-05, Test pred MSE = 3.136652e-02, Param MSE = 3.160262e-01, Grad norm = 6.520076e-05, Beta update rate = 3.704026e-05
Epoch  53200 (1.1%): Train pred MSE = 3.152491e-05, Test pred MSE = 3.136681e-02, Param MSE = 3.160216e-01, Grad norm = 6.472695e-05, Beta update rate = 3.677172e-05
Epoch  53400 (1.1%): Train pred MSE = 3.110901e-05, Test pred MSE = 3.136711e-02, Param MSE = 3.160171e-01, Grad norm = 6.425732e-05, Beta update rate = 3.650552e-05
Epoch  53600 (1.1%): Train pred MSE = 3.069912e-05, Test pred MSE = 3.136742e-02, Param MSE = 3.160127e-01, Grad norm = 6.379182e-05, Beta update rate = 3.624164e-05
Epoch  53800 (1.1%): Train pred MSE = 3.029514e-05, Test pred MSE = 3.136773e-02, Param MSE = 3.160085e-01, Grad norm = 6.333041e-05, Beta update rate = 3.598005e-05
Epoch  54000 (1.1%): Train pred MSE = 2.989698e-05, Test pred MSE = 3.136805e-02, Param MSE = 3.160044e-01, Grad norm = 6.287304e-05, Beta update rate = 3.572073e-05
Epoch  54200 (1.1%): Train pred MSE = 2.950455e-05, Test pred MSE = 3.136838e-02, Param MSE = 3.160005e-01, Grad norm = 6.241966e-05, Beta update rate = 3.546364e-05
Epoch  54400 (1.1%): Train pred MSE = 2.911775e-05, Test pred MSE = 3.136872e-02, Param MSE = 3.159966e-01, Grad norm = 6.197024e-05, Beta update rate = 3.520877e-05
Epoch  54600 (1.1%): Train pred MSE = 2.873650e-05, Test pred MSE = 3.136907e-02, Param MSE = 3.159929e-01, Grad norm = 6.152473e-05, Beta update rate = 3.495610e-05
Epoch  54800 (1.1%): Train pred MSE = 2.836071e-05, Test pred MSE = 3.136942e-02, Param MSE = 3.159894e-01, Grad norm = 6.108309e-05, Beta update rate = 3.470559e-05
Epoch  55000 (1.1%): Train pred MSE = 2.799028e-05, Test pred MSE = 3.136978e-02, Param MSE = 3.159859e-01, Grad norm = 6.064527e-05, Beta update rate = 3.445724e-05
Epoch  55200 (1.1%): Train pred MSE = 2.762515e-05, Test pred MSE = 3.137014e-02, Param MSE = 3.159826e-01, Grad norm = 6.021124e-05, Beta update rate = 3.421100e-05
Epoch  55400 (1.1%): Train pred MSE = 2.726522e-05, Test pred MSE = 3.137052e-02, Param MSE = 3.159794e-01, Grad norm = 5.978096e-05, Beta update rate = 3.396687e-05
Epoch  55600 (1.1%): Train pred MSE = 2.691041e-05, Test pred MSE = 3.137090e-02, Param MSE = 3.159763e-01, Grad norm = 5.935438e-05, Beta update rate = 3.372482e-05
Epoch  55800 (1.1%): Train pred MSE = 2.656064e-05, Test pred MSE = 3.137128e-02, Param MSE = 3.159733e-01, Grad norm = 5.893146e-05, Beta update rate = 3.348483e-05
Epoch  56000 (1.1%): Train pred MSE = 2.621583e-05, Test pred MSE = 3.137167e-02, Param MSE = 3.159704e-01, Grad norm = 5.851217e-05, Beta update rate = 3.324687e-05
Epoch  56200 (1.1%): Train pred MSE = 2.587591e-05, Test pred MSE = 3.137207e-02, Param MSE = 3.159676e-01, Grad norm = 5.809646e-05, Beta update rate = 3.301093e-05
Epoch  56400 (1.1%): Train pred MSE = 2.554081e-05, Test pred MSE = 3.137247e-02, Param MSE = 3.159650e-01, Grad norm = 5.768431e-05, Beta update rate = 3.277699e-05
Epoch  56600 (1.1%): Train pred MSE = 2.521043e-05, Test pred MSE = 3.137288e-02, Param MSE = 3.159624e-01, Grad norm = 5.727567e-05, Beta update rate = 3.254502e-05
Epoch  56800 (1.1%): Train pred MSE = 2.488472e-05, Test pred MSE = 3.137329e-02, Param MSE = 3.159600e-01, Grad norm = 5.687050e-05, Beta update rate = 3.231500e-05
Epoch  57000 (1.1%): Train pred MSE = 2.456359e-05, Test pred MSE = 3.137371e-02, Param MSE = 3.159576e-01, Grad norm = 5.646877e-05, Beta update rate = 3.208692e-05
Epoch  57200 (1.1%): Train pred MSE = 2.424698e-05, Test pred MSE = 3.137414e-02, Param MSE = 3.159554e-01, Grad norm = 5.607044e-05, Beta update rate = 3.186075e-05
Epoch  57400 (1.1%): Train pred MSE = 2.393482e-05, Test pred MSE = 3.137457e-02, Param MSE = 3.159533e-01, Grad norm = 5.567548e-05, Beta update rate = 3.163647e-05
Epoch  57600 (1.2%): Train pred MSE = 2.362704e-05, Test pred MSE = 3.137500e-02, Param MSE = 3.159512e-01, Grad norm = 5.528385e-05, Beta update rate = 3.141407e-05
Epoch  57800 (1.2%): Train pred MSE = 2.332357e-05, Test pred MSE = 3.137544e-02, Param MSE = 3.159492e-01, Grad norm = 5.489552e-05, Beta update rate = 3.119352e-05
Epoch  58000 (1.2%): Train pred MSE = 2.302435e-05, Test pred MSE = 3.137588e-02, Param MSE = 3.159474e-01, Grad norm = 5.451045e-05, Beta update rate = 3.097482e-05
Epoch  58200 (1.2%): Train pred MSE = 2.272930e-05, Test pred MSE = 3.137633e-02, Param MSE = 3.159456e-01, Grad norm = 5.412861e-05, Beta update rate = 3.075793e-05
Epoch  58400 (1.2%): Train pred MSE = 2.243837e-05, Test pred MSE = 3.137679e-02, Param MSE = 3.159439e-01, Grad norm = 5.374996e-05, Beta update rate = 3.054284e-05
Epoch  58600 (1.2%): Train pred MSE = 2.215150e-05, Test pred MSE = 3.137724e-02, Param MSE = 3.159423e-01, Grad norm = 5.337448e-05, Beta update rate = 3.032953e-05
Epoch  58800 (1.2%): Train pred MSE = 2.186862e-05, Test pred MSE = 3.137770e-02, Param MSE = 3.159408e-01, Grad norm = 5.300213e-05, Beta update rate = 3.011799e-05
Epoch  59000 (1.2%): Train pred MSE = 2.158966e-05, Test pred MSE = 3.137817e-02, Param MSE = 3.159394e-01, Grad norm = 5.263288e-05, Beta update rate = 2.990819e-05
Epoch  59200 (1.2%): Train pred MSE = 2.131458e-05, Test pred MSE = 3.137864e-02, Param MSE = 3.159381e-01, Grad norm = 5.226670e-05, Beta update rate = 2.970012e-05
Epoch  59400 (1.2%): Train pred MSE = 2.104331e-05, Test pred MSE = 3.137911e-02, Param MSE = 3.159368e-01, Grad norm = 5.190355e-05, Beta update rate = 2.949377e-05
Epoch  59600 (1.2%): Train pred MSE = 2.077580e-05, Test pred MSE = 3.137959e-02, Param MSE = 3.159356e-01, Grad norm = 5.154341e-05, Beta update rate = 2.928910e-05
Epoch  59800 (1.2%): Train pred MSE = 2.051198e-05, Test pred MSE = 3.138007e-02, Param MSE = 3.159345e-01, Grad norm = 5.118624e-05, Beta update rate = 2.908612e-05
Epoch  60000 (1.2%): Train pred MSE = 2.025180e-05, Test pred MSE = 3.138055e-02, Param MSE = 3.159335e-01, Grad norm = 5.083202e-05, Beta update rate = 2.888480e-05
Epoch  60200 (1.2%): Train pred MSE = 1.999521e-05, Test pred MSE = 3.138104e-02, Param MSE = 3.159326e-01, Grad norm = 5.048072e-05, Beta update rate = 2.868512e-05
Epoch  60400 (1.2%): Train pred MSE = 1.974215e-05, Test pred MSE = 3.138153e-02, Param MSE = 3.159317e-01, Grad norm = 5.013230e-05, Beta update rate = 2.848707e-05
Epoch  60600 (1.2%): Train pred MSE = 1.949256e-05, Test pred MSE = 3.138202e-02, Param MSE = 3.159309e-01, Grad norm = 4.978674e-05, Beta update rate = 2.829064e-05
Epoch  60800 (1.2%): Train pred MSE = 1.924641e-05, Test pred MSE = 3.138251e-02, Param MSE = 3.159302e-01, Grad norm = 4.944400e-05, Beta update rate = 2.809580e-05
Epoch  61000 (1.2%): Train pred MSE = 1.900363e-05, Test pred MSE = 3.138301e-02, Param MSE = 3.159295e-01, Grad norm = 4.910407e-05, Beta update rate = 2.790255e-05
Epoch  61200 (1.2%): Train pred MSE = 1.876418e-05, Test pred MSE = 3.138352e-02, Param MSE = 3.159289e-01, Grad norm = 4.876691e-05, Beta update rate = 2.771086e-05
Epoch  61400 (1.2%): Train pred MSE = 1.852800e-05, Test pred MSE = 3.138402e-02, Param MSE = 3.159284e-01, Grad norm = 4.843250e-05, Beta update rate = 2.752072e-05
Epoch  61600 (1.2%): Train pred MSE = 1.829504e-05, Test pred MSE = 3.138453e-02, Param MSE = 3.159279e-01, Grad norm = 4.810080e-05, Beta update rate = 2.733211e-05
Epoch  61800 (1.2%): Train pred MSE = 1.806527e-05, Test pred MSE = 3.138504e-02, Param MSE = 3.159275e-01, Grad norm = 4.777179e-05, Beta update rate = 2.714503e-05
Epoch  62000 (1.2%): Train pred MSE = 1.783862e-05, Test pred MSE = 3.138555e-02, Param MSE = 3.159272e-01, Grad norm = 4.744546e-05, Beta update rate = 2.695945e-05
Epoch  62200 (1.2%): Train pred MSE = 1.761506e-05, Test pred MSE = 3.138606e-02, Param MSE = 3.159269e-01, Grad norm = 4.712176e-05, Beta update rate = 2.677537e-05
Epoch  62400 (1.2%): Train pred MSE = 1.739454e-05, Test pred MSE = 3.138658e-02, Param MSE = 3.159267e-01, Grad norm = 4.680067e-05, Beta update rate = 2.659276e-05
Epoch  62600 (1.3%): Train pred MSE = 1.717701e-05, Test pred MSE = 3.138710e-02, Param MSE = 3.159266e-01, Grad norm = 4.648217e-05, Beta update rate = 2.641162e-05
Epoch  62800 (1.3%): Train pred MSE = 1.696243e-05, Test pred MSE = 3.138762e-02, Param MSE = 3.159265e-01, Grad norm = 4.616623e-05, Beta update rate = 2.623192e-05
Epoch  63000 (1.3%): Train pred MSE = 1.675075e-05, Test pred MSE = 3.138814e-02, Param MSE = 3.159265e-01, Grad norm = 4.585283e-05, Beta update rate = 2.605366e-05
Epoch  63200 (1.3%): Train pred MSE = 1.654194e-05, Test pred MSE = 3.138867e-02, Param MSE = 3.159265e-01, Grad norm = 4.554195e-05, Beta update rate = 2.587683e-05
Epoch  63400 (1.3%): Train pred MSE = 1.633594e-05, Test pred MSE = 3.138919e-02, Param MSE = 3.159266e-01, Grad norm = 4.523355e-05, Beta update rate = 2.570140e-05
Epoch  63600 (1.3%): Train pred MSE = 1.613273e-05, Test pred MSE = 3.138972e-02, Param MSE = 3.159268e-01, Grad norm = 4.492762e-05, Beta update rate = 2.552736e-05
Epoch  63800 (1.3%): Train pred MSE = 1.593225e-05, Test pred MSE = 3.139025e-02, Param MSE = 3.159269e-01, Grad norm = 4.462412e-05, Beta update rate = 2.535471e-05
Epoch  64000 (1.3%): Train pred MSE = 1.573447e-05, Test pred MSE = 3.139078e-02, Param MSE = 3.159272e-01, Grad norm = 4.432305e-05, Beta update rate = 2.518343e-05
Epoch  64200 (1.3%): Train pred MSE = 1.553935e-05, Test pred MSE = 3.139132e-02, Param MSE = 3.159275e-01, Grad norm = 4.402437e-05, Beta update rate = 2.501350e-05
Epoch  64400 (1.3%): Train pred MSE = 1.534685e-05, Test pred MSE = 3.139185e-02, Param MSE = 3.159278e-01, Grad norm = 4.372806e-05, Beta update rate = 2.484491e-05
Epoch  64600 (1.3%): Train pred MSE = 1.515693e-05, Test pred MSE = 3.139239e-02, Param MSE = 3.159282e-01, Grad norm = 4.343410e-05, Beta update rate = 2.467766e-05
Epoch  64800 (1.3%): Train pred MSE = 1.496956e-05, Test pred MSE = 3.139292e-02, Param MSE = 3.159287e-01, Grad norm = 4.314247e-05, Beta update rate = 2.451172e-05
Epoch  65000 (1.3%): Train pred MSE = 1.478468e-05, Test pred MSE = 3.139346e-02, Param MSE = 3.159292e-01, Grad norm = 4.285314e-05, Beta update rate = 2.434709e-05
Epoch  65200 (1.3%): Train pred MSE = 1.460228e-05, Test pred MSE = 3.139400e-02, Param MSE = 3.159297e-01, Grad norm = 4.256609e-05, Beta update rate = 2.418375e-05
Epoch  65400 (1.3%): Train pred MSE = 1.442232e-05, Test pred MSE = 3.139454e-02, Param MSE = 3.159303e-01, Grad norm = 4.228131e-05, Beta update rate = 2.402170e-05
Epoch  65600 (1.3%): Train pred MSE = 1.424475e-05, Test pred MSE = 3.139508e-02, Param MSE = 3.159309e-01, Grad norm = 4.199876e-05, Beta update rate = 2.386091e-05
Epoch  65800 (1.3%): Train pred MSE = 1.406954e-05, Test pred MSE = 3.139563e-02, Param MSE = 3.159316e-01, Grad norm = 4.171844e-05, Beta update rate = 2.370138e-05
Epoch  66000 (1.3%): Train pred MSE = 1.389667e-05, Test pred MSE = 3.139617e-02, Param MSE = 3.159323e-01, Grad norm = 4.144031e-05, Beta update rate = 2.354310e-05
Epoch  66200 (1.3%): Train pred MSE = 1.372609e-05, Test pred MSE = 3.139672e-02, Param MSE = 3.159331e-01, Grad norm = 4.116436e-05, Beta update rate = 2.338605e-05
Epoch  66400 (1.3%): Train pred MSE = 1.355777e-05, Test pred MSE = 3.139726e-02, Param MSE = 3.159339e-01, Grad norm = 4.089056e-05, Beta update rate = 2.323023e-05
Epoch  66600 (1.3%): Train pred MSE = 1.339169e-05, Test pred MSE = 3.139781e-02, Param MSE = 3.159347e-01, Grad norm = 4.061890e-05, Beta update rate = 2.307561e-05
Epoch  66800 (1.3%): Train pred MSE = 1.322780e-05, Test pred MSE = 3.139835e-02, Param MSE = 3.159356e-01, Grad norm = 4.034936e-05, Beta update rate = 2.292220e-05
Epoch  67000 (1.3%): Train pred MSE = 1.306608e-05, Test pred MSE = 3.139890e-02, Param MSE = 3.159365e-01, Grad norm = 4.008192e-05, Beta update rate = 2.276998e-05
Epoch  67200 (1.3%): Train pred MSE = 1.290649e-05, Test pred MSE = 3.139945e-02, Param MSE = 3.159375e-01, Grad norm = 3.981655e-05, Beta update rate = 2.261894e-05
Epoch  67400 (1.3%): Train pred MSE = 1.274901e-05, Test pred MSE = 3.140000e-02, Param MSE = 3.159385e-01, Grad norm = 3.955324e-05, Beta update rate = 2.246906e-05
Epoch  67600 (1.4%): Train pred MSE = 1.259361e-05, Test pred MSE = 3.140055e-02, Param MSE = 3.159395e-01, Grad norm = 3.929197e-05, Beta update rate = 2.232034e-05
Epoch  67800 (1.4%): Train pred MSE = 1.244025e-05, Test pred MSE = 3.140110e-02, Param MSE = 3.159406e-01, Grad norm = 3.903273e-05, Beta update rate = 2.217277e-05
Epoch  68000 (1.4%): Train pred MSE = 1.228890e-05, Test pred MSE = 3.140165e-02, Param MSE = 3.159417e-01, Grad norm = 3.877548e-05, Beta update rate = 2.202634e-05
Epoch  68200 (1.4%): Train pred MSE = 1.213955e-05, Test pred MSE = 3.140220e-02, Param MSE = 3.159428e-01, Grad norm = 3.852022e-05, Beta update rate = 2.188103e-05
Epoch  68400 (1.4%): Train pred MSE = 1.199215e-05, Test pred MSE = 3.140275e-02, Param MSE = 3.159440e-01, Grad norm = 3.826692e-05, Beta update rate = 2.173684e-05
Epoch  68600 (1.4%): Train pred MSE = 1.184668e-05, Test pred MSE = 3.140330e-02, Param MSE = 3.159452e-01, Grad norm = 3.801557e-05, Beta update rate = 2.159375e-05
Epoch  68800 (1.4%): Train pred MSE = 1.170311e-05, Test pred MSE = 3.140385e-02, Param MSE = 3.159464e-01, Grad norm = 3.776615e-05, Beta update rate = 2.145177e-05
Epoch  69000 (1.4%): Train pred MSE = 1.156143e-05, Test pred MSE = 3.140440e-02, Param MSE = 3.159477e-01, Grad norm = 3.751864e-05, Beta update rate = 2.131086e-05
Epoch  69200 (1.4%): Train pred MSE = 1.142159e-05, Test pred MSE = 3.140495e-02, Param MSE = 3.159490e-01, Grad norm = 3.727303e-05, Beta update rate = 2.117104e-05
Epoch  69400 (1.4%): Train pred MSE = 1.128358e-05, Test pred MSE = 3.140550e-02, Param MSE = 3.159503e-01, Grad norm = 3.702929e-05, Beta update rate = 2.103228e-05
Epoch  69600 (1.4%): Train pred MSE = 1.114736e-05, Test pred MSE = 3.140605e-02, Param MSE = 3.159516e-01, Grad norm = 3.678742e-05, Beta update rate = 2.089457e-05
Epoch  69800 (1.4%): Train pred MSE = 1.101292e-05, Test pred MSE = 3.140660e-02, Param MSE = 3.159530e-01, Grad norm = 3.654738e-05, Beta update rate = 2.075792e-05
Epoch  70000 (1.4%): Train pred MSE = 1.088022e-05, Test pred MSE = 3.140715e-02, Param MSE = 3.159544e-01, Grad norm = 3.630918e-05, Beta update rate = 2.062230e-05
Epoch  70200 (1.4%): Train pred MSE = 1.074925e-05, Test pred MSE = 3.140770e-02, Param MSE = 3.159559e-01, Grad norm = 3.607279e-05, Beta update rate = 2.048771e-05
Epoch  70400 (1.4%): Train pred MSE = 1.061998e-05, Test pred MSE = 3.140825e-02, Param MSE = 3.159573e-01, Grad norm = 3.583819e-05, Beta update rate = 2.035415e-05
Epoch  70600 (1.4%): Train pred MSE = 1.049238e-05, Test pred MSE = 3.140880e-02, Param MSE = 3.159588e-01, Grad norm = 3.560536e-05, Beta update rate = 2.022159e-05
Epoch  70800 (1.4%): Train pred MSE = 1.036644e-05, Test pred MSE = 3.140935e-02, Param MSE = 3.159603e-01, Grad norm = 3.537431e-05, Beta update rate = 2.009004e-05
Epoch  71000 (1.4%): Train pred MSE = 1.024212e-05, Test pred MSE = 3.140990e-02, Param MSE = 3.159619e-01, Grad norm = 3.514499e-05, Beta update rate = 1.995948e-05
Epoch  71200 (1.4%): Train pred MSE = 1.011941e-05, Test pred MSE = 3.141045e-02, Param MSE = 3.159634e-01, Grad norm = 3.491741e-05, Beta update rate = 1.982990e-05
Epoch  71400 (1.4%): Train pred MSE = 9.998278e-06, Test pred MSE = 3.141100e-02, Param MSE = 3.159650e-01, Grad norm = 3.469154e-05, Beta update rate = 1.970130e-05
Epoch  71600 (1.4%): Train pred MSE = 9.878710e-06, Test pred MSE = 3.141155e-02, Param MSE = 3.159666e-01, Grad norm = 3.446738e-05, Beta update rate = 1.957367e-05
Epoch  71800 (1.4%): Train pred MSE = 9.760682e-06, Test pred MSE = 3.141210e-02, Param MSE = 3.159682e-01, Grad norm = 3.424490e-05, Beta update rate = 1.944699e-05
Epoch  72000 (1.4%): Train pred MSE = 9.644172e-06, Test pred MSE = 3.141265e-02, Param MSE = 3.159699e-01, Grad norm = 3.402409e-05, Beta update rate = 1.932127e-05
Epoch  72200 (1.4%): Train pred MSE = 9.529159e-06, Test pred MSE = 3.141320e-02, Param MSE = 3.159716e-01, Grad norm = 3.380493e-05, Beta update rate = 1.919649e-05
Epoch  72400 (1.4%): Train pred MSE = 9.415621e-06, Test pred MSE = 3.141374e-02, Param MSE = 3.159733e-01, Grad norm = 3.358742e-05, Beta update rate = 1.907264e-05
Epoch  72600 (1.5%): Train pred MSE = 9.303540e-06, Test pred MSE = 3.141429e-02, Param MSE = 3.159750e-01, Grad norm = 3.337153e-05, Beta update rate = 1.894971e-05
Epoch  72800 (1.5%): Train pred MSE = 9.192894e-06, Test pred MSE = 3.141483e-02, Param MSE = 3.159767e-01, Grad norm = 3.315725e-05, Beta update rate = 1.882771e-05
Epoch  73000 (1.5%): Train pred MSE = 9.083663e-06, Test pred MSE = 3.141538e-02, Param MSE = 3.159785e-01, Grad norm = 3.294458e-05, Beta update rate = 1.870661e-05
Epoch  73200 (1.5%): Train pred MSE = 8.975829e-06, Test pred MSE = 3.141592e-02, Param MSE = 3.159802e-01, Grad norm = 3.273348e-05, Beta update rate = 1.858642e-05
Epoch  73400 (1.5%): Train pred MSE = 8.869371e-06, Test pred MSE = 3.141647e-02, Param MSE = 3.159820e-01, Grad norm = 3.252396e-05, Beta update rate = 1.846712e-05
Epoch  73600 (1.5%): Train pred MSE = 8.764271e-06, Test pred MSE = 3.141701e-02, Param MSE = 3.159838e-01, Grad norm = 3.231599e-05, Beta update rate = 1.834870e-05
Epoch  73800 (1.5%): Train pred MSE = 8.660510e-06, Test pred MSE = 3.141755e-02, Param MSE = 3.159857e-01, Grad norm = 3.210956e-05, Beta update rate = 1.823117e-05
Epoch  74000 (1.5%): Train pred MSE = 8.558070e-06, Test pred MSE = 3.141809e-02, Param MSE = 3.159875e-01, Grad norm = 3.190467e-05, Beta update rate = 1.811450e-05
Epoch  74200 (1.5%): Train pred MSE = 8.456932e-06, Test pred MSE = 3.141863e-02, Param MSE = 3.159894e-01, Grad norm = 3.170129e-05, Beta update rate = 1.799870e-05
Epoch  74400 (1.5%): Train pred MSE = 8.357079e-06, Test pred MSE = 3.141917e-02, Param MSE = 3.159912e-01, Grad norm = 3.149941e-05, Beta update rate = 1.788375e-05
Epoch  74600 (1.5%): Train pred MSE = 8.258493e-06, Test pred MSE = 3.141971e-02, Param MSE = 3.159931e-01, Grad norm = 3.129902e-05, Beta update rate = 1.776965e-05
Epoch  74800 (1.5%): Train pred MSE = 8.161157e-06, Test pred MSE = 3.142025e-02, Param MSE = 3.159950e-01, Grad norm = 3.110011e-05, Beta update rate = 1.765640e-05
Epoch  75000 (1.5%): Train pred MSE = 8.065054e-06, Test pred MSE = 3.142079e-02, Param MSE = 3.159970e-01, Grad norm = 3.090267e-05, Beta update rate = 1.754398e-05
Epoch  75200 (1.5%): Train pred MSE = 7.970166e-06, Test pred MSE = 3.142132e-02, Param MSE = 3.159989e-01, Grad norm = 3.070667e-05, Beta update rate = 1.743238e-05
Epoch  75400 (1.5%): Train pred MSE = 7.876477e-06, Test pred MSE = 3.142186e-02, Param MSE = 3.160008e-01, Grad norm = 3.051212e-05, Beta update rate = 1.732160e-05
Epoch  75600 (1.5%): Train pred MSE = 7.783971e-06, Test pred MSE = 3.142239e-02, Param MSE = 3.160028e-01, Grad norm = 3.031899e-05, Beta update rate = 1.721164e-05
Epoch  75800 (1.5%): Train pred MSE = 7.692632e-06, Test pred MSE = 3.142293e-02, Param MSE = 3.160048e-01, Grad norm = 3.012728e-05, Beta update rate = 1.710248e-05
Epoch  76000 (1.5%): Train pred MSE = 7.602444e-06, Test pred MSE = 3.142346e-02, Param MSE = 3.160068e-01, Grad norm = 2.993696e-05, Beta update rate = 1.699413e-05
Epoch  76200 (1.5%): Train pred MSE = 7.513391e-06, Test pred MSE = 3.142399e-02, Param MSE = 3.160088e-01, Grad norm = 2.974804e-05, Beta update rate = 1.688656e-05
Epoch  76400 (1.5%): Train pred MSE = 7.425458e-06, Test pred MSE = 3.142452e-02, Param MSE = 3.160108e-01, Grad norm = 2.956050e-05, Beta update rate = 1.677978e-05
Epoch  76600 (1.5%): Train pred MSE = 7.338630e-06, Test pred MSE = 3.142505e-02, Param MSE = 3.160128e-01, Grad norm = 2.937432e-05, Beta update rate = 1.667378e-05
Epoch  76800 (1.5%): Train pred MSE = 7.252891e-06, Test pred MSE = 3.142558e-02, Param MSE = 3.160148e-01, Grad norm = 2.918950e-05, Beta update rate = 1.656855e-05
Epoch  77000 (1.5%): Train pred MSE = 7.168228e-06, Test pred MSE = 3.142611e-02, Param MSE = 3.160169e-01, Grad norm = 2.900602e-05, Beta update rate = 1.646409e-05
Epoch  77200 (1.5%): Train pred MSE = 7.084625e-06, Test pred MSE = 3.142663e-02, Param MSE = 3.160190e-01, Grad norm = 2.882388e-05, Beta update rate = 1.636038e-05
Epoch  77400 (1.5%): Train pred MSE = 7.002068e-06, Test pred MSE = 3.142716e-02, Param MSE = 3.160210e-01, Grad norm = 2.864305e-05, Beta update rate = 1.625743e-05
Epoch  77600 (1.6%): Train pred MSE = 6.920543e-06, Test pred MSE = 3.142768e-02, Param MSE = 3.160231e-01, Grad norm = 2.846354e-05, Beta update rate = 1.615523e-05
Epoch  77800 (1.6%): Train pred MSE = 6.840036e-06, Test pred MSE = 3.142820e-02, Param MSE = 3.160252e-01, Grad norm = 2.828532e-05, Beta update rate = 1.605377e-05
Epoch  78000 (1.6%): Train pred MSE = 6.760534e-06, Test pred MSE = 3.142872e-02, Param MSE = 3.160273e-01, Grad norm = 2.810839e-05, Beta update rate = 1.595304e-05
Epoch  78200 (1.6%): Train pred MSE = 6.682023e-06, Test pred MSE = 3.142925e-02, Param MSE = 3.160294e-01, Grad norm = 2.793274e-05, Beta update rate = 1.585303e-05
Epoch  78400 (1.6%): Train pred MSE = 6.604489e-06, Test pred MSE = 3.142976e-02, Param MSE = 3.160315e-01, Grad norm = 2.775836e-05, Beta update rate = 1.575376e-05
Epoch  78600 (1.6%): Train pred MSE = 6.527920e-06, Test pred MSE = 3.143028e-02, Param MSE = 3.160336e-01, Grad norm = 2.758523e-05, Beta update rate = 1.565519e-05
Epoch  78800 (1.6%): Train pred MSE = 6.452303e-06, Test pred MSE = 3.143080e-02, Param MSE = 3.160358e-01, Grad norm = 2.741334e-05, Beta update rate = 1.555734e-05
Epoch  79000 (1.6%): Train pred MSE = 6.377625e-06, Test pred MSE = 3.143131e-02, Param MSE = 3.160379e-01, Grad norm = 2.724269e-05, Beta update rate = 1.546019e-05
Epoch  79200 (1.6%): Train pred MSE = 6.303873e-06, Test pred MSE = 3.143183e-02, Param MSE = 3.160400e-01, Grad norm = 2.707326e-05, Beta update rate = 1.536374e-05
Epoch  79400 (1.6%): Train pred MSE = 6.231035e-06, Test pred MSE = 3.143234e-02, Param MSE = 3.160422e-01, Grad norm = 2.690505e-05, Beta update rate = 1.526798e-05
Epoch  79600 (1.6%): Train pred MSE = 6.159099e-06, Test pred MSE = 3.143285e-02, Param MSE = 3.160444e-01, Grad norm = 2.673804e-05, Beta update rate = 1.517290e-05
Epoch  79800 (1.6%): Train pred MSE = 6.088053e-06, Test pred MSE = 3.143336e-02, Param MSE = 3.160465e-01, Grad norm = 2.657223e-05, Beta update rate = 1.507851e-05
Epoch  80000 (1.6%): Train pred MSE = 6.017885e-06, Test pred MSE = 3.143387e-02, Param MSE = 3.160487e-01, Grad norm = 2.640760e-05, Beta update rate = 1.498480e-05
Epoch  80200 (1.6%): Train pred MSE = 5.948584e-06, Test pred MSE = 3.143438e-02, Param MSE = 3.160509e-01, Grad norm = 2.624414e-05, Beta update rate = 1.489175e-05
Epoch  80400 (1.6%): Train pred MSE = 5.880137e-06, Test pred MSE = 3.143488e-02, Param MSE = 3.160531e-01, Grad norm = 2.608185e-05, Beta update rate = 1.479937e-05
Epoch  80600 (1.6%): Train pred MSE = 5.812534e-06, Test pred MSE = 3.143539e-02, Param MSE = 3.160552e-01, Grad norm = 2.592071e-05, Beta update rate = 1.470764e-05
Epoch  80800 (1.6%): Train pred MSE = 5.745763e-06, Test pred MSE = 3.143589e-02, Param MSE = 3.160574e-01, Grad norm = 2.576072e-05, Beta update rate = 1.461657e-05
Epoch  81000 (1.6%): Train pred MSE = 5.679813e-06, Test pred MSE = 3.143639e-02, Param MSE = 3.160596e-01, Grad norm = 2.560186e-05, Beta update rate = 1.452615e-05
Epoch  81200 (1.6%): Train pred MSE = 5.614674e-06, Test pred MSE = 3.143689e-02, Param MSE = 3.160618e-01, Grad norm = 2.544413e-05, Beta update rate = 1.443637e-05
Epoch  81400 (1.6%): Train pred MSE = 5.550335e-06, Test pred MSE = 3.143739e-02, Param MSE = 3.160641e-01, Grad norm = 2.528752e-05, Beta update rate = 1.434723e-05
Epoch  81600 (1.6%): Train pred MSE = 5.486785e-06, Test pred MSE = 3.143789e-02, Param MSE = 3.160663e-01, Grad norm = 2.513202e-05, Beta update rate = 1.425872e-05
Epoch  81800 (1.6%): Train pred MSE = 5.424014e-06, Test pred MSE = 3.143839e-02, Param MSE = 3.160685e-01, Grad norm = 2.497761e-05, Beta update rate = 1.417083e-05
Epoch  82000 (1.6%): Train pred MSE = 5.362011e-06, Test pred MSE = 3.143888e-02, Param MSE = 3.160707e-01, Grad norm = 2.482429e-05, Beta update rate = 1.408357e-05
Epoch  82200 (1.6%): Train pred MSE = 5.300767e-06, Test pred MSE = 3.143937e-02, Param MSE = 3.160729e-01, Grad norm = 2.467206e-05, Beta update rate = 1.399693e-05
Epoch  82400 (1.6%): Train pred MSE = 5.240271e-06, Test pred MSE = 3.143987e-02, Param MSE = 3.160752e-01, Grad norm = 2.452090e-05, Beta update rate = 1.391089e-05
Epoch  82600 (1.7%): Train pred MSE = 5.180514e-06, Test pred MSE = 3.144036e-02, Param MSE = 3.160774e-01, Grad norm = 2.437080e-05, Beta update rate = 1.382547e-05
Epoch  82800 (1.7%): Train pred MSE = 5.121487e-06, Test pred MSE = 3.144085e-02, Param MSE = 3.160796e-01, Grad norm = 2.422175e-05, Beta update rate = 1.374064e-05
Epoch  83000 (1.7%): Train pred MSE = 5.063178e-06, Test pred MSE = 3.144133e-02, Param MSE = 3.160819e-01, Grad norm = 2.407375e-05, Beta update rate = 1.365642e-05
Epoch  83200 (1.7%): Train pred MSE = 5.005580e-06, Test pred MSE = 3.144182e-02, Param MSE = 3.160841e-01, Grad norm = 2.392679e-05, Beta update rate = 1.357278e-05
Epoch  83400 (1.7%): Train pred MSE = 4.948682e-06, Test pred MSE = 3.144230e-02, Param MSE = 3.160864e-01, Grad norm = 2.378086e-05, Beta update rate = 1.348973e-05
Epoch  83600 (1.7%): Train pred MSE = 4.892476e-06, Test pred MSE = 3.144279e-02, Param MSE = 3.160886e-01, Grad norm = 2.363595e-05, Beta update rate = 1.340727e-05
Epoch  83800 (1.7%): Train pred MSE = 4.836952e-06, Test pred MSE = 3.144327e-02, Param MSE = 3.160908e-01, Grad norm = 2.349205e-05, Beta update rate = 1.332538e-05
Epoch  84000 (1.7%): Train pred MSE = 4.782103e-06, Test pred MSE = 3.144375e-02, Param MSE = 3.160931e-01, Grad norm = 2.334916e-05, Beta update rate = 1.324407e-05
Epoch  84200 (1.7%): Train pred MSE = 4.727918e-06, Test pred MSE = 3.144423e-02, Param MSE = 3.160953e-01, Grad norm = 2.320726e-05, Beta update rate = 1.316332e-05
Epoch  84400 (1.7%): Train pred MSE = 4.674389e-06, Test pred MSE = 3.144470e-02, Param MSE = 3.160976e-01, Grad norm = 2.306636e-05, Beta update rate = 1.308314e-05
Epoch  84600 (1.7%): Train pred MSE = 4.621509e-06, Test pred MSE = 3.144518e-02, Param MSE = 3.160999e-01, Grad norm = 2.292643e-05, Beta update rate = 1.300352e-05
Epoch  84800 (1.7%): Train pred MSE = 4.569267e-06, Test pred MSE = 3.144565e-02, Param MSE = 3.161021e-01, Grad norm = 2.278747e-05, Beta update rate = 1.292445e-05
Epoch  85000 (1.7%): Train pred MSE = 4.517657e-06, Test pred MSE = 3.144613e-02, Param MSE = 3.161044e-01, Grad norm = 2.264948e-05, Beta update rate = 1.284593e-05
Epoch  85200 (1.7%): Train pred MSE = 4.466669e-06, Test pred MSE = 3.144660e-02, Param MSE = 3.161066e-01, Grad norm = 2.251245e-05, Beta update rate = 1.276796e-05
Epoch  85400 (1.7%): Train pred MSE = 4.416297e-06, Test pred MSE = 3.144707e-02, Param MSE = 3.161089e-01, Grad norm = 2.237636e-05, Beta update rate = 1.269054e-05
Epoch  85600 (1.7%): Train pred MSE = 4.366531e-06, Test pred MSE = 3.144753e-02, Param MSE = 3.161111e-01, Grad norm = 2.224122e-05, Beta update rate = 1.261365e-05
Epoch  85800 (1.7%): Train pred MSE = 4.317364e-06, Test pred MSE = 3.144800e-02, Param MSE = 3.161134e-01, Grad norm = 2.210701e-05, Beta update rate = 1.253729e-05
Epoch  86000 (1.7%): Train pred MSE = 4.268789e-06, Test pred MSE = 3.144846e-02, Param MSE = 3.161156e-01, Grad norm = 2.197373e-05, Beta update rate = 1.246146e-05
Epoch  86200 (1.7%): Train pred MSE = 4.220797e-06, Test pred MSE = 3.144893e-02, Param MSE = 3.161179e-01, Grad norm = 2.184137e-05, Beta update rate = 1.238616e-05
Epoch  86400 (1.7%): Train pred MSE = 4.173382e-06, Test pred MSE = 3.144939e-02, Param MSE = 3.161202e-01, Grad norm = 2.170992e-05, Beta update rate = 1.231137e-05
Epoch  86600 (1.7%): Train pred MSE = 4.126535e-06, Test pred MSE = 3.144985e-02, Param MSE = 3.161224e-01, Grad norm = 2.157937e-05, Beta update rate = 1.223711e-05
Epoch  86800 (1.7%): Train pred MSE = 4.080249e-06, Test pred MSE = 3.145031e-02, Param MSE = 3.161247e-01, Grad norm = 2.144972e-05, Beta update rate = 1.216335e-05
Epoch  87000 (1.7%): Train pred MSE = 4.034518e-06, Test pred MSE = 3.145076e-02, Param MSE = 3.161269e-01, Grad norm = 2.132097e-05, Beta update rate = 1.209011e-05
Epoch  87200 (1.7%): Train pred MSE = 3.989334e-06, Test pred MSE = 3.145122e-02, Param MSE = 3.161292e-01, Grad norm = 2.119309e-05, Beta update rate = 1.201736e-05
Epoch  87400 (1.7%): Train pred MSE = 3.944691e-06, Test pred MSE = 3.145167e-02, Param MSE = 3.161314e-01, Grad norm = 2.106610e-05, Beta update rate = 1.194512e-05
Epoch  87600 (1.8%): Train pred MSE = 3.900580e-06, Test pred MSE = 3.145212e-02, Param MSE = 3.161337e-01, Grad norm = 2.093997e-05, Beta update rate = 1.187338e-05
Epoch  87800 (1.8%): Train pred MSE = 3.856996e-06, Test pred MSE = 3.145257e-02, Param MSE = 3.161359e-01, Grad norm = 2.081471e-05, Beta update rate = 1.180213e-05
Epoch  88000 (1.8%): Train pred MSE = 3.813931e-06, Test pred MSE = 3.145302e-02, Param MSE = 3.161382e-01, Grad norm = 2.069030e-05, Beta update rate = 1.173136e-05
Epoch  88200 (1.8%): Train pred MSE = 3.771380e-06, Test pred MSE = 3.145347e-02, Param MSE = 3.161404e-01, Grad norm = 2.056674e-05, Beta update rate = 1.166108e-05
Epoch  88400 (1.8%): Train pred MSE = 3.729335e-06, Test pred MSE = 3.145392e-02, Param MSE = 3.161427e-01, Grad norm = 2.044402e-05, Beta update rate = 1.159128e-05
Epoch  88600 (1.8%): Train pred MSE = 3.687790e-06, Test pred MSE = 3.145436e-02, Param MSE = 3.161449e-01, Grad norm = 2.032214e-05, Beta update rate = 1.152196e-05
Epoch  88800 (1.8%): Train pred MSE = 3.646739e-06, Test pred MSE = 3.145480e-02, Param MSE = 3.161472e-01, Grad norm = 2.020109e-05, Beta update rate = 1.145312e-05
Epoch  89000 (1.8%): Train pred MSE = 3.606175e-06, Test pred MSE = 3.145524e-02, Param MSE = 3.161494e-01, Grad norm = 2.008086e-05, Beta update rate = 1.138474e-05
Epoch  89200 (1.8%): Train pred MSE = 3.566092e-06, Test pred MSE = 3.145568e-02, Param MSE = 3.161517e-01, Grad norm = 1.996145e-05, Beta update rate = 1.131683e-05
Epoch  89400 (1.8%): Train pred MSE = 3.526484e-06, Test pred MSE = 3.145612e-02, Param MSE = 3.161539e-01, Grad norm = 1.984285e-05, Beta update rate = 1.124938e-05
Epoch  89600 (1.8%): Train pred MSE = 3.487346e-06, Test pred MSE = 3.145656e-02, Param MSE = 3.161561e-01, Grad norm = 1.972505e-05, Beta update rate = 1.118239e-05
Epoch  89800 (1.8%): Train pred MSE = 3.448670e-06, Test pred MSE = 3.145699e-02, Param MSE = 3.161584e-01, Grad norm = 1.960805e-05, Beta update rate = 1.111585e-05
Epoch  90000 (1.8%): Train pred MSE = 3.410452e-06, Test pred MSE = 3.145742e-02, Param MSE = 3.161606e-01, Grad norm = 1.949184e-05, Beta update rate = 1.104977e-05
Epoch  90200 (1.8%): Train pred MSE = 3.372685e-06, Test pred MSE = 3.145785e-02, Param MSE = 3.161628e-01, Grad norm = 1.937641e-05, Beta update rate = 1.098413e-05
Epoch  90400 (1.8%): Train pred MSE = 3.335365e-06, Test pred MSE = 3.145828e-02, Param MSE = 3.161651e-01, Grad norm = 1.926177e-05, Beta update rate = 1.091894e-05
Epoch  90600 (1.8%): Train pred MSE = 3.298484e-06, Test pred MSE = 3.145871e-02, Param MSE = 3.161673e-01, Grad norm = 1.914790e-05, Beta update rate = 1.085419e-05
Epoch  90800 (1.8%): Train pred MSE = 3.262038e-06, Test pred MSE = 3.145914e-02, Param MSE = 3.161695e-01, Grad norm = 1.903479e-05, Beta update rate = 1.078988e-05
Epoch  91000 (1.8%): Train pred MSE = 3.226020e-06, Test pred MSE = 3.145956e-02, Param MSE = 3.161717e-01, Grad norm = 1.892245e-05, Beta update rate = 1.072600e-05
Epoch  91200 (1.8%): Train pred MSE = 3.190427e-06, Test pred MSE = 3.145999e-02, Param MSE = 3.161739e-01, Grad norm = 1.881086e-05, Beta update rate = 1.066256e-05
Epoch  91400 (1.8%): Train pred MSE = 3.155252e-06, Test pred MSE = 3.146041e-02, Param MSE = 3.161761e-01, Grad norm = 1.870002e-05, Beta update rate = 1.059954e-05
Epoch  91600 (1.8%): Train pred MSE = 3.120490e-06, Test pred MSE = 3.146083e-02, Param MSE = 3.161783e-01, Grad norm = 1.858993e-05, Beta update rate = 1.053695e-05
Epoch  91800 (1.8%): Train pred MSE = 3.086136e-06, Test pred MSE = 3.146125e-02, Param MSE = 3.161806e-01, Grad norm = 1.848057e-05, Beta update rate = 1.047477e-05
Epoch  92000 (1.8%): Train pred MSE = 3.052185e-06, Test pred MSE = 3.146166e-02, Param MSE = 3.161828e-01, Grad norm = 1.837195e-05, Beta update rate = 1.041302e-05
Epoch  92200 (1.8%): Train pred MSE = 3.018632e-06, Test pred MSE = 3.146208e-02, Param MSE = 3.161850e-01, Grad norm = 1.826405e-05, Beta update rate = 1.035168e-05
Epoch  92400 (1.8%): Train pred MSE = 2.985471e-06, Test pred MSE = 3.146249e-02, Param MSE = 3.161871e-01, Grad norm = 1.815687e-05, Beta update rate = 1.029075e-05
Epoch  92600 (1.9%): Train pred MSE = 2.952699e-06, Test pred MSE = 3.146290e-02, Param MSE = 3.161893e-01, Grad norm = 1.805041e-05, Beta update rate = 1.023023e-05
Epoch  92800 (1.9%): Train pred MSE = 2.920309e-06, Test pred MSE = 3.146331e-02, Param MSE = 3.161915e-01, Grad norm = 1.794466e-05, Beta update rate = 1.017012e-05
Epoch  93000 (1.9%): Train pred MSE = 2.888298e-06, Test pred MSE = 3.146372e-02, Param MSE = 3.161937e-01, Grad norm = 1.783962e-05, Beta update rate = 1.011041e-05
Epoch  93200 (1.9%): Train pred MSE = 2.856660e-06, Test pred MSE = 3.146413e-02, Param MSE = 3.161959e-01, Grad norm = 1.773527e-05, Beta update rate = 1.005109e-05
Epoch  93400 (1.9%): Train pred MSE = 2.825391e-06, Test pred MSE = 3.146453e-02, Param MSE = 3.161981e-01, Grad norm = 1.763162e-05, Beta update rate = 9.992176e-06
Epoch  93600 (1.9%): Train pred MSE = 2.794487e-06, Test pred MSE = 3.146494e-02, Param MSE = 3.162002e-01, Grad norm = 1.752865e-05, Beta update rate = 9.933653e-06
Epoch  93800 (1.9%): Train pred MSE = 2.763942e-06, Test pred MSE = 3.146534e-02, Param MSE = 3.162024e-01, Grad norm = 1.742637e-05, Beta update rate = 9.875519e-06
Epoch  94000 (1.9%): Train pred MSE = 2.733752e-06, Test pred MSE = 3.146574e-02, Param MSE = 3.162046e-01, Grad norm = 1.732477e-05, Beta update rate = 9.817772e-06
Epoch  94200 (1.9%): Train pred MSE = 2.703913e-06, Test pred MSE = 3.146614e-02, Param MSE = 3.162067e-01, Grad norm = 1.722384e-05, Beta update rate = 9.760409e-06
Epoch  94400 (1.9%): Train pred MSE = 2.674421e-06, Test pred MSE = 3.146654e-02, Param MSE = 3.162089e-01, Grad norm = 1.712358e-05, Beta update rate = 9.703428e-06
Epoch  94600 (1.9%): Train pred MSE = 2.645271e-06, Test pred MSE = 3.146693e-02, Param MSE = 3.162110e-01, Grad norm = 1.702398e-05, Beta update rate = 9.646825e-06
Epoch  94800 (1.9%): Train pred MSE = 2.616459e-06, Test pred MSE = 3.146733e-02, Param MSE = 3.162132e-01, Grad norm = 1.692504e-05, Beta update rate = 9.590597e-06
Epoch  95000 (1.9%): Train pred MSE = 2.587981e-06, Test pred MSE = 3.146772e-02, Param MSE = 3.162153e-01, Grad norm = 1.682676e-05, Beta update rate = 9.534742e-06
Epoch  95200 (1.9%): Train pred MSE = 2.559832e-06, Test pred MSE = 3.146811e-02, Param MSE = 3.162175e-01, Grad norm = 1.672912e-05, Beta update rate = 9.479257e-06
Epoch  95400 (1.9%): Train pred MSE = 2.532009e-06, Test pred MSE = 3.146850e-02, Param MSE = 3.162196e-01, Grad norm = 1.663212e-05, Beta update rate = 9.424139e-06
Epoch  95600 (1.9%): Train pred MSE = 2.504508e-06, Test pred MSE = 3.146889e-02, Param MSE = 3.162217e-01, Grad norm = 1.653576e-05, Beta update rate = 9.369385e-06
Epoch  95800 (1.9%): Train pred MSE = 2.477324e-06, Test pred MSE = 3.146927e-02, Param MSE = 3.162238e-01, Grad norm = 1.644004e-05, Beta update rate = 9.314993e-06
Epoch  96000 (1.9%): Train pred MSE = 2.450454e-06, Test pred MSE = 3.146966e-02, Param MSE = 3.162260e-01, Grad norm = 1.634494e-05, Beta update rate = 9.260959e-06
Epoch  96200 (1.9%): Train pred MSE = 2.423894e-06, Test pred MSE = 3.147004e-02, Param MSE = 3.162281e-01, Grad norm = 1.625047e-05, Beta update rate = 9.207282e-06
Epoch  96400 (1.9%): Train pred MSE = 2.397639e-06, Test pred MSE = 3.147042e-02, Param MSE = 3.162302e-01, Grad norm = 1.615662e-05, Beta update rate = 9.153958e-06
Epoch  96600 (1.9%): Train pred MSE = 2.371687e-06, Test pred MSE = 3.147080e-02, Param MSE = 3.162323e-01, Grad norm = 1.606339e-05, Beta update rate = 9.100985e-06
Epoch  96800 (1.9%): Train pred MSE = 2.346034e-06, Test pred MSE = 3.147118e-02, Param MSE = 3.162344e-01, Grad norm = 1.597076e-05, Beta update rate = 9.048359e-06
Epoch  97000 (1.9%): Train pred MSE = 2.320675e-06, Test pred MSE = 3.147156e-02, Param MSE = 3.162365e-01, Grad norm = 1.587874e-05, Beta update rate = 8.996080e-06
Epoch  97200 (1.9%): Train pred MSE = 2.295608e-06, Test pred MSE = 3.147193e-02, Param MSE = 3.162386e-01, Grad norm = 1.578732e-05, Beta update rate = 8.944143e-06
Epoch  97400 (1.9%): Train pred MSE = 2.270828e-06, Test pred MSE = 3.147231e-02, Param MSE = 3.162406e-01, Grad norm = 1.569649e-05, Beta update rate = 8.892547e-06
Epoch  97600 (2.0%): Train pred MSE = 2.246333e-06, Test pred MSE = 3.147268e-02, Param MSE = 3.162427e-01, Grad norm = 1.560626e-05, Beta update rate = 8.841288e-06
Epoch  97800 (2.0%): Train pred MSE = 2.222118e-06, Test pred MSE = 3.147305e-02, Param MSE = 3.162448e-01, Grad norm = 1.551662e-05, Beta update rate = 8.790365e-06
Epoch  98000 (2.0%): Train pred MSE = 2.198181e-06, Test pred MSE = 3.147342e-02, Param MSE = 3.162469e-01, Grad norm = 1.542756e-05, Beta update rate = 8.739775e-06
Epoch  98200 (2.0%): Train pred MSE = 2.174517e-06, Test pred MSE = 3.147379e-02, Param MSE = 3.162489e-01, Grad norm = 1.533908e-05, Beta update rate = 8.689515e-06
Epoch  98400 (2.0%): Train pred MSE = 2.151124e-06, Test pred MSE = 3.147415e-02, Param MSE = 3.162510e-01, Grad norm = 1.525117e-05, Beta update rate = 8.639582e-06
Epoch  98600 (2.0%): Train pred MSE = 2.127998e-06, Test pred MSE = 3.147452e-02, Param MSE = 3.162530e-01, Grad norm = 1.516384e-05, Beta update rate = 8.589976e-06
Epoch  98800 (2.0%): Train pred MSE = 2.105137e-06, Test pred MSE = 3.147488e-02, Param MSE = 3.162551e-01, Grad norm = 1.507707e-05, Beta update rate = 8.540692e-06
Epoch  99000 (2.0%): Train pred MSE = 2.082536e-06, Test pred MSE = 3.147524e-02, Param MSE = 3.162571e-01, Grad norm = 1.499086e-05, Beta update rate = 8.491729e-06
Epoch  99200 (2.0%): Train pred MSE = 2.060192e-06, Test pred MSE = 3.147560e-02, Param MSE = 3.162592e-01, Grad norm = 1.490521e-05, Beta update rate = 8.443084e-06
Epoch  99400 (2.0%): Train pred MSE = 2.038104e-06, Test pred MSE = 3.147596e-02, Param MSE = 3.162612e-01, Grad norm = 1.482012e-05, Beta update rate = 8.394755e-06
Epoch  99600 (2.0%): Train pred MSE = 2.016266e-06, Test pred MSE = 3.147632e-02, Param MSE = 3.162632e-01, Grad norm = 1.473557e-05, Beta update rate = 8.346740e-06
Epoch  99800 (2.0%): Train pred MSE = 1.994677e-06, Test pred MSE = 3.147667e-02, Param MSE = 3.162652e-01, Grad norm = 1.465157e-05, Beta update rate = 8.299036e-06
Epoch 100000 (2.0%): Train pred MSE = 1.973333e-06, Test pred MSE = 3.147703e-02, Param MSE = 3.162673e-01, Grad norm = 1.456812e-05, Beta update rate = 8.251641e-06
Epoch 100200 (2.0%): Train pred MSE = 1.952232e-06, Test pred MSE = 3.147738e-02, Param MSE = 3.162693e-01, Grad norm = 1.448520e-05, Beta update rate = 8.204552e-06
Epoch 100400 (2.0%): Train pred MSE = 1.931370e-06, Test pred MSE = 3.147773e-02, Param MSE = 3.162713e-01, Grad norm = 1.440281e-05, Beta update rate = 8.157768e-06
Epoch 100600 (2.0%): Train pred MSE = 1.910744e-06, Test pred MSE = 3.147808e-02, Param MSE = 3.162733e-01, Grad norm = 1.432095e-05, Beta update rate = 8.111286e-06
Epoch 100800 (2.0%): Train pred MSE = 1.890353e-06, Test pred MSE = 3.147843e-02, Param MSE = 3.162753e-01, Grad norm = 1.423962e-05, Beta update rate = 8.065105e-06
Epoch 101000 (2.0%): Train pred MSE = 1.870192e-06, Test pred MSE = 3.147877e-02, Param MSE = 3.162772e-01, Grad norm = 1.415881e-05, Beta update rate = 8.019221e-06
Epoch 101200 (2.0%): Train pred MSE = 1.850259e-06, Test pred MSE = 3.147912e-02, Param MSE = 3.162792e-01, Grad norm = 1.407852e-05, Beta update rate = 7.973632e-06
Epoch 101400 (2.0%): Train pred MSE = 1.830552e-06, Test pred MSE = 3.147946e-02, Param MSE = 3.162812e-01, Grad norm = 1.399875e-05, Beta update rate = 7.928337e-06
Epoch 101600 (2.0%): Train pred MSE = 1.811067e-06, Test pred MSE = 3.147980e-02, Param MSE = 3.162832e-01, Grad norm = 1.391948e-05, Beta update rate = 7.883333e-06
Epoch 101800 (2.0%): Train pred MSE = 1.791802e-06, Test pred MSE = 3.148014e-02, Param MSE = 3.162851e-01, Grad norm = 1.384073e-05, Beta update rate = 7.838618e-06
Epoch 102000 (2.0%): Train pred MSE = 1.772754e-06, Test pred MSE = 3.148048e-02, Param MSE = 3.162871e-01, Grad norm = 1.376247e-05, Beta update rate = 7.794191e-06
Epoch 102200 (2.0%): Train pred MSE = 1.753922e-06, Test pred MSE = 3.148082e-02, Param MSE = 3.162891e-01, Grad norm = 1.368472e-05, Beta update rate = 7.750048e-06
Epoch 102400 (2.0%): Train pred MSE = 1.735301e-06, Test pred MSE = 3.148115e-02, Param MSE = 3.162910e-01, Grad norm = 1.360746e-05, Beta update rate = 7.706188e-06
Epoch 102600 (2.1%): Train pred MSE = 1.716890e-06, Test pred MSE = 3.148149e-02, Param MSE = 3.162929e-01, Grad norm = 1.353069e-05, Beta update rate = 7.662609e-06
Epoch 102800 (2.1%): Train pred MSE = 1.698686e-06, Test pred MSE = 3.148182e-02, Param MSE = 3.162949e-01, Grad norm = 1.345442e-05, Beta update rate = 7.619309e-06
Epoch 103000 (2.1%): Train pred MSE = 1.680686e-06, Test pred MSE = 3.148215e-02, Param MSE = 3.162968e-01, Grad norm = 1.337863e-05, Beta update rate = 7.576285e-06
Epoch 103200 (2.1%): Train pred MSE = 1.662889e-06, Test pred MSE = 3.148248e-02, Param MSE = 3.162987e-01, Grad norm = 1.330332e-05, Beta update rate = 7.533536e-06
Epoch 103400 (2.1%): Train pred MSE = 1.645291e-06, Test pred MSE = 3.148281e-02, Param MSE = 3.163006e-01, Grad norm = 1.322849e-05, Beta update rate = 7.491060e-06
Epoch 103600 (2.1%): Train pred MSE = 1.627891e-06, Test pred MSE = 3.148314e-02, Param MSE = 3.163026e-01, Grad norm = 1.315413e-05, Beta update rate = 7.448854e-06
Epoch 103800 (2.1%): Train pred MSE = 1.610686e-06, Test pred MSE = 3.148347e-02, Param MSE = 3.163045e-01, Grad norm = 1.308025e-05, Beta update rate = 7.406918e-06
Epoch 104000 (2.1%): Train pred MSE = 1.593673e-06, Test pred MSE = 3.148379e-02, Param MSE = 3.163064e-01, Grad norm = 1.300683e-05, Beta update rate = 7.365248e-06
Epoch 104200 (2.1%): Train pred MSE = 1.576851e-06, Test pred MSE = 3.148411e-02, Param MSE = 3.163083e-01, Grad norm = 1.293388e-05, Beta update rate = 7.323843e-06
Epoch 104400 (2.1%): Train pred MSE = 1.560217e-06, Test pred MSE = 3.148443e-02, Param MSE = 3.163101e-01, Grad norm = 1.286139e-05, Beta update rate = 7.282701e-06
Epoch 104600 (2.1%): Train pred MSE = 1.543768e-06, Test pred MSE = 3.148475e-02, Param MSE = 3.163120e-01, Grad norm = 1.278936e-05, Beta update rate = 7.241820e-06
Epoch 104800 (2.1%): Train pred MSE = 1.527504e-06, Test pred MSE = 3.148507e-02, Param MSE = 3.163139e-01, Grad norm = 1.271778e-05, Beta update rate = 7.201199e-06
Epoch 105000 (2.1%): Train pred MSE = 1.511421e-06, Test pred MSE = 3.148539e-02, Param MSE = 3.163158e-01, Grad norm = 1.264665e-05, Beta update rate = 7.160835e-06
Epoch 105200 (2.1%): Train pred MSE = 1.495517e-06, Test pred MSE = 3.148571e-02, Param MSE = 3.163176e-01, Grad norm = 1.257598e-05, Beta update rate = 7.120726e-06
Epoch 105400 (2.1%): Train pred MSE = 1.479790e-06, Test pred MSE = 3.148602e-02, Param MSE = 3.163195e-01, Grad norm = 1.250574e-05, Beta update rate = 7.080871e-06
Epoch 105600 (2.1%): Train pred MSE = 1.464239e-06, Test pred MSE = 3.148633e-02, Param MSE = 3.163213e-01, Grad norm = 1.243595e-05, Beta update rate = 7.041268e-06
Epoch 105800 (2.1%): Train pred MSE = 1.448860e-06, Test pred MSE = 3.148664e-02, Param MSE = 3.163232e-01, Grad norm = 1.236660e-05, Beta update rate = 7.001915e-06
Epoch 106000 (2.1%): Train pred MSE = 1.433653e-06, Test pred MSE = 3.148695e-02, Param MSE = 3.163250e-01, Grad norm = 1.229769e-05, Beta update rate = 6.962810e-06
Epoch 106200 (2.1%): Train pred MSE = 1.418614e-06, Test pred MSE = 3.148726e-02, Param MSE = 3.163269e-01, Grad norm = 1.222920e-05, Beta update rate = 6.923951e-06
Epoch 106400 (2.1%): Train pred MSE = 1.403743e-06, Test pred MSE = 3.148757e-02, Param MSE = 3.163287e-01, Grad norm = 1.216115e-05, Beta update rate = 6.885338e-06
Epoch 106600 (2.1%): Train pred MSE = 1.389036e-06, Test pred MSE = 3.148788e-02, Param MSE = 3.163305e-01, Grad norm = 1.209352e-05, Beta update rate = 6.846967e-06
Epoch 106800 (2.1%): Train pred MSE = 1.374493e-06, Test pred MSE = 3.148818e-02, Param MSE = 3.163323e-01, Grad norm = 1.202632e-05, Beta update rate = 6.808838e-06
Epoch 107000 (2.1%): Train pred MSE = 1.360110e-06, Test pred MSE = 3.148848e-02, Param MSE = 3.163341e-01, Grad norm = 1.195954e-05, Beta update rate = 6.770948e-06
Epoch 107200 (2.1%): Train pred MSE = 1.345887e-06, Test pred MSE = 3.148879e-02, Param MSE = 3.163359e-01, Grad norm = 1.189317e-05, Beta update rate = 6.733295e-06
Epoch 107400 (2.1%): Train pred MSE = 1.331821e-06, Test pred MSE = 3.148909e-02, Param MSE = 3.163377e-01, Grad norm = 1.182722e-05, Beta update rate = 6.695879e-06
Epoch 107600 (2.2%): Train pred MSE = 1.317911e-06, Test pred MSE = 3.148939e-02, Param MSE = 3.163395e-01, Grad norm = 1.176168e-05, Beta update rate = 6.658698e-06
Epoch 107800 (2.2%): Train pred MSE = 1.304154e-06, Test pred MSE = 3.148968e-02, Param MSE = 3.163413e-01, Grad norm = 1.169655e-05, Beta update rate = 6.621749e-06
Epoch 108000 (2.2%): Train pred MSE = 1.290550e-06, Test pred MSE = 3.148998e-02, Param MSE = 3.163431e-01, Grad norm = 1.163182e-05, Beta update rate = 6.585031e-06
Epoch 108200 (2.2%): Train pred MSE = 1.277095e-06, Test pred MSE = 3.149028e-02, Param MSE = 3.163448e-01, Grad norm = 1.156750e-05, Beta update rate = 6.548543e-06
Epoch 108400 (2.2%): Train pred MSE = 1.263789e-06, Test pred MSE = 3.149057e-02, Param MSE = 3.163466e-01, Grad norm = 1.150358e-05, Beta update rate = 6.512283e-06
Epoch 108600 (2.2%): Train pred MSE = 1.250629e-06, Test pred MSE = 3.149086e-02, Param MSE = 3.163484e-01, Grad norm = 1.144005e-05, Beta update rate = 6.476248e-06
Epoch 108800 (2.2%): Train pred MSE = 1.237614e-06, Test pred MSE = 3.149115e-02, Param MSE = 3.163501e-01, Grad norm = 1.137692e-05, Beta update rate = 6.440439e-06
Epoch 109000 (2.2%): Train pred MSE = 1.224743e-06, Test pred MSE = 3.149144e-02, Param MSE = 3.163519e-01, Grad norm = 1.131418e-05, Beta update rate = 6.404853e-06
Epoch 109200 (2.2%): Train pred MSE = 1.212013e-06, Test pred MSE = 3.149173e-02, Param MSE = 3.163536e-01, Grad norm = 1.125183e-05, Beta update rate = 6.369488e-06
Epoch 109400 (2.2%): Train pred MSE = 1.199423e-06, Test pred MSE = 3.149202e-02, Param MSE = 3.163554e-01, Grad norm = 1.118987e-05, Beta update rate = 6.334343e-06
Epoch 109600 (2.2%): Train pred MSE = 1.186971e-06, Test pred MSE = 3.149230e-02, Param MSE = 3.163571e-01, Grad norm = 1.112829e-05, Beta update rate = 6.299416e-06
Epoch 109800 (2.2%): Train pred MSE = 1.174655e-06, Test pred MSE = 3.149259e-02, Param MSE = 3.163588e-01, Grad norm = 1.106708e-05, Beta update rate = 6.264706e-06
Epoch 110000 (2.2%): Train pred MSE = 1.162475e-06, Test pred MSE = 3.149287e-02, Param MSE = 3.163605e-01, Grad norm = 1.100626e-05, Beta update rate = 6.230211e-06
Epoch 110200 (2.2%): Train pred MSE = 1.150428e-06, Test pred MSE = 3.149315e-02, Param MSE = 3.163622e-01, Grad norm = 1.094582e-05, Beta update rate = 6.195931e-06
Epoch 110400 (2.2%): Train pred MSE = 1.138513e-06, Test pred MSE = 3.149344e-02, Param MSE = 3.163639e-01, Grad norm = 1.088574e-05, Beta update rate = 6.161862e-06
Epoch 110600 (2.2%): Train pred MSE = 1.126729e-06, Test pred MSE = 3.149372e-02, Param MSE = 3.163656e-01, Grad norm = 1.082604e-05, Beta update rate = 6.128005e-06
Epoch 110800 (2.2%): Train pred MSE = 1.115073e-06, Test pred MSE = 3.149399e-02, Param MSE = 3.163673e-01, Grad norm = 1.076670e-05, Beta update rate = 6.094356e-06
Epoch 111000 (2.2%): Train pred MSE = 1.103545e-06, Test pred MSE = 3.149427e-02, Param MSE = 3.163690e-01, Grad norm = 1.070773e-05, Beta update rate = 6.060916e-06
Epoch 111200 (2.2%): Train pred MSE = 1.092143e-06, Test pred MSE = 3.149455e-02, Param MSE = 3.163707e-01, Grad norm = 1.064912e-05, Beta update rate = 6.027682e-06
Epoch 111400 (2.2%): Train pred MSE = 1.080865e-06, Test pred MSE = 3.149482e-02, Param MSE = 3.163724e-01, Grad norm = 1.059088e-05, Beta update rate = 5.994653e-06
Epoch 111600 (2.2%): Train pred MSE = 1.069710e-06, Test pred MSE = 3.149509e-02, Param MSE = 3.163740e-01, Grad norm = 1.053299e-05, Beta update rate = 5.961827e-06
Epoch 111800 (2.2%): Train pred MSE = 1.058676e-06, Test pred MSE = 3.149536e-02, Param MSE = 3.163757e-01, Grad norm = 1.047545e-05, Beta update rate = 5.929204e-06
Epoch 112000 (2.2%): Train pred MSE = 1.047763e-06, Test pred MSE = 3.149564e-02, Param MSE = 3.163774e-01, Grad norm = 1.041827e-05, Beta update rate = 5.896781e-06
Epoch 112200 (2.2%): Train pred MSE = 1.036969e-06, Test pred MSE = 3.149590e-02, Param MSE = 3.163790e-01, Grad norm = 1.036143e-05, Beta update rate = 5.864558e-06
Epoch 112400 (2.2%): Train pred MSE = 1.026292e-06, Test pred MSE = 3.149617e-02, Param MSE = 3.163807e-01, Grad norm = 1.030495e-05, Beta update rate = 5.832532e-06
Epoch 112600 (2.3%): Train pred MSE = 1.015731e-06, Test pred MSE = 3.149644e-02, Param MSE = 3.163823e-01, Grad norm = 1.024881e-05, Beta update rate = 5.800703e-06
Epoch 112800 (2.3%): Train pred MSE = 1.005284e-06, Test pred MSE = 3.149671e-02, Param MSE = 3.163839e-01, Grad norm = 1.019301e-05, Beta update rate = 5.769069e-06
Epoch 113000 (2.3%): Train pred MSE = 9.949516e-07, Test pred MSE = 3.149697e-02, Param MSE = 3.163855e-01, Grad norm = 1.013756e-05, Beta update rate = 5.737629e-06
Epoch 113200 (2.3%): Train pred MSE = 9.847309e-07, Test pred MSE = 3.149723e-02, Param MSE = 3.163872e-01, Grad norm = 1.008244e-05, Beta update rate = 5.706382e-06
Epoch 113400 (2.3%): Train pred MSE = 9.746209e-07, Test pred MSE = 3.149749e-02, Param MSE = 3.163888e-01, Grad norm = 1.002766e-05, Beta update rate = 5.675326e-06
Epoch 113600 (2.3%): Train pred MSE = 9.646205e-07, Test pred MSE = 3.149776e-02, Param MSE = 3.163904e-01, Grad norm = 9.973208e-06, Beta update rate = 5.644459e-06
Epoch 113800 (2.3%): Train pred MSE = 9.547283e-07, Test pred MSE = 3.149802e-02, Param MSE = 3.163920e-01, Grad norm = 9.919090e-06, Beta update rate = 5.613781e-06
Epoch 114000 (2.3%): Train pred MSE = 9.449432e-07, Test pred MSE = 3.149827e-02, Param MSE = 3.163936e-01, Grad norm = 9.865302e-06, Beta update rate = 5.583291e-06
Epoch 114200 (2.3%): Train pred MSE = 9.352639e-07, Test pred MSE = 3.149853e-02, Param MSE = 3.163952e-01, Grad norm = 9.811840e-06, Beta update rate = 5.552986e-06
Epoch 114400 (2.3%): Train pred MSE = 9.256892e-07, Test pred MSE = 3.149879e-02, Param MSE = 3.163968e-01, Grad norm = 9.758703e-06, Beta update rate = 5.522866e-06
Epoch 114600 (2.3%): Train pred MSE = 9.162178e-07, Test pred MSE = 3.149904e-02, Param MSE = 3.163983e-01, Grad norm = 9.705888e-06, Beta update rate = 5.492929e-06
Epoch 114800 (2.3%): Train pred MSE = 9.068487e-07, Test pred MSE = 3.149929e-02, Param MSE = 3.163999e-01, Grad norm = 9.653394e-06, Beta update rate = 5.463174e-06
Epoch 115000 (2.3%): Train pred MSE = 8.975806e-07, Test pred MSE = 3.149955e-02, Param MSE = 3.164015e-01, Grad norm = 9.601217e-06, Beta update rate = 5.433600e-06
Epoch 115200 (2.3%): Train pred MSE = 8.884124e-07, Test pred MSE = 3.149980e-02, Param MSE = 3.164030e-01, Grad norm = 9.549356e-06, Beta update rate = 5.404206e-06
Epoch 115400 (2.3%): Train pred MSE = 8.793429e-07, Test pred MSE = 3.150005e-02, Param MSE = 3.164046e-01, Grad norm = 9.497808e-06, Beta update rate = 5.374990e-06
Epoch 115600 (2.3%): Train pred MSE = 8.703711e-07, Test pred MSE = 3.150030e-02, Param MSE = 3.164061e-01, Grad norm = 9.446572e-06, Beta update rate = 5.345952e-06
Epoch 115800 (2.3%): Train pred MSE = 8.614957e-07, Test pred MSE = 3.150054e-02, Param MSE = 3.164077e-01, Grad norm = 9.395645e-06, Beta update rate = 5.317089e-06
Epoch 116000 (2.3%): Train pred MSE = 8.527158e-07, Test pred MSE = 3.150079e-02, Param MSE = 3.164092e-01, Grad norm = 9.345025e-06, Beta update rate = 5.288401e-06
Epoch 116200 (2.3%): Train pred MSE = 8.440302e-07, Test pred MSE = 3.150104e-02, Param MSE = 3.164107e-01, Grad norm = 9.294711e-06, Beta update rate = 5.259886e-06
Epoch 116400 (2.3%): Train pred MSE = 8.354378e-07, Test pred MSE = 3.150128e-02, Param MSE = 3.164123e-01, Grad norm = 9.244699e-06, Beta update rate = 5.231544e-06
Epoch 116600 (2.3%): Train pred MSE = 8.269376e-07, Test pred MSE = 3.150152e-02, Param MSE = 3.164138e-01, Grad norm = 9.194989e-06, Beta update rate = 5.203373e-06
Epoch 116800 (2.3%): Train pred MSE = 8.185286e-07, Test pred MSE = 3.150177e-02, Param MSE = 3.164153e-01, Grad norm = 9.145577e-06, Beta update rate = 5.175373e-06
Epoch 117000 (2.3%): Train pred MSE = 8.102096e-07, Test pred MSE = 3.150201e-02, Param MSE = 3.164168e-01, Grad norm = 9.096462e-06, Beta update rate = 5.147541e-06
Epoch 117200 (2.3%): Train pred MSE = 8.019798e-07, Test pred MSE = 3.150225e-02, Param MSE = 3.164183e-01, Grad norm = 9.047642e-06, Beta update rate = 5.119876e-06
Epoch 117400 (2.3%): Train pred MSE = 7.938380e-07, Test pred MSE = 3.150249e-02, Param MSE = 3.164198e-01, Grad norm = 8.999115e-06, Beta update rate = 5.092378e-06
Epoch 117600 (2.4%): Train pred MSE = 7.857833e-07, Test pred MSE = 3.150272e-02, Param MSE = 3.164213e-01, Grad norm = 8.950879e-06, Beta update rate = 5.065046e-06
Epoch 117800 (2.4%): Train pred MSE = 7.778147e-07, Test pred MSE = 3.150296e-02, Param MSE = 3.164228e-01, Grad norm = 8.902932e-06, Beta update rate = 5.037878e-06
Epoch 118000 (2.4%): Train pred MSE = 7.699312e-07, Test pred MSE = 3.150319e-02, Param MSE = 3.164243e-01, Grad norm = 8.855272e-06, Beta update rate = 5.010873e-06
Epoch 118200 (2.4%): Train pred MSE = 7.621318e-07, Test pred MSE = 3.150343e-02, Param MSE = 3.164257e-01, Grad norm = 8.807896e-06, Beta update rate = 4.984030e-06
Epoch 118400 (2.4%): Train pred MSE = 7.544157e-07, Test pred MSE = 3.150366e-02, Param MSE = 3.164272e-01, Grad norm = 8.760804e-06, Beta update rate = 4.957349e-06
Epoch 118600 (2.4%): Train pred MSE = 7.467818e-07, Test pred MSE = 3.150389e-02, Param MSE = 3.164286e-01, Grad norm = 8.713993e-06, Beta update rate = 4.930827e-06
Epoch 118800 (2.4%): Train pred MSE = 7.392292e-07, Test pred MSE = 3.150412e-02, Param MSE = 3.164301e-01, Grad norm = 8.667462e-06, Beta update rate = 4.904464e-06
Epoch 119000 (2.4%): Train pred MSE = 7.317571e-07, Test pred MSE = 3.150435e-02, Param MSE = 3.164316e-01, Grad norm = 8.621208e-06, Beta update rate = 4.878258e-06
Epoch 119200 (2.4%): Train pred MSE = 7.243645e-07, Test pred MSE = 3.150458e-02, Param MSE = 3.164330e-01, Grad norm = 8.575229e-06, Beta update rate = 4.852210e-06
Epoch 119400 (2.4%): Train pred MSE = 7.170505e-07, Test pred MSE = 3.150481e-02, Param MSE = 3.164344e-01, Grad norm = 8.529525e-06, Beta update rate = 4.826317e-06
Epoch 119600 (2.4%): Train pred MSE = 7.098142e-07, Test pred MSE = 3.150504e-02, Param MSE = 3.164359e-01, Grad norm = 8.484092e-06, Beta update rate = 4.800578e-06
Epoch 119800 (2.4%): Train pred MSE = 7.026548e-07, Test pred MSE = 3.150526e-02, Param MSE = 3.164373e-01, Grad norm = 8.438929e-06, Beta update rate = 4.774993e-06
Epoch 120000 (2.4%): Train pred MSE = 6.955714e-07, Test pred MSE = 3.150549e-02, Param MSE = 3.164387e-01, Grad norm = 8.394035e-06, Beta update rate = 4.749561e-06
Epoch 120200 (2.4%): Train pred MSE = 6.885631e-07, Test pred MSE = 3.150571e-02, Param MSE = 3.164401e-01, Grad norm = 8.349407e-06, Beta update rate = 4.724280e-06
Epoch 120400 (2.4%): Train pred MSE = 6.816291e-07, Test pred MSE = 3.150593e-02, Param MSE = 3.164415e-01, Grad norm = 8.305043e-06, Beta update rate = 4.699149e-06
Epoch 120600 (2.4%): Train pred MSE = 6.747686e-07, Test pred MSE = 3.150615e-02, Param MSE = 3.164429e-01, Grad norm = 8.260943e-06, Beta update rate = 4.674168e-06
Epoch 120800 (2.4%): Train pred MSE = 6.679808e-07, Test pred MSE = 3.150637e-02, Param MSE = 3.164443e-01, Grad norm = 8.217104e-06, Beta update rate = 4.649335e-06
Epoch 121000 (2.4%): Train pred MSE = 6.612648e-07, Test pred MSE = 3.150659e-02, Param MSE = 3.164457e-01, Grad norm = 8.173524e-06, Beta update rate = 4.624650e-06
Epoch 121200 (2.4%): Train pred MSE = 6.546197e-07, Test pred MSE = 3.150681e-02, Param MSE = 3.164471e-01, Grad norm = 8.130202e-06, Beta update rate = 4.600111e-06
Epoch 121400 (2.4%): Train pred MSE = 6.480450e-07, Test pred MSE = 3.150703e-02, Param MSE = 3.164485e-01, Grad norm = 8.087136e-06, Beta update rate = 4.575718e-06
Epoch 121600 (2.4%): Train pred MSE = 6.415397e-07, Test pred MSE = 3.150724e-02, Param MSE = 3.164499e-01, Grad norm = 8.044324e-06, Beta update rate = 4.551469e-06
Epoch 121800 (2.4%): Train pred MSE = 6.351030e-07, Test pred MSE = 3.150746e-02, Param MSE = 3.164512e-01, Grad norm = 8.001765e-06, Beta update rate = 4.527364e-06
Epoch 122000 (2.4%): Train pred MSE = 6.287343e-07, Test pred MSE = 3.150767e-02, Param MSE = 3.164526e-01, Grad norm = 7.959457e-06, Beta update rate = 4.503401e-06
Epoch 122200 (2.4%): Train pred MSE = 6.224327e-07, Test pred MSE = 3.150789e-02, Param MSE = 3.164540e-01, Grad norm = 7.917398e-06, Beta update rate = 4.479580e-06
Epoch 122400 (2.4%): Train pred MSE = 6.161975e-07, Test pred MSE = 3.150810e-02, Param MSE = 3.164553e-01, Grad norm = 7.875586e-06, Beta update rate = 4.455900e-06
Epoch 122600 (2.5%): Train pred MSE = 6.100279e-07, Test pred MSE = 3.150831e-02, Param MSE = 3.164567e-01, Grad norm = 7.834021e-06, Beta update rate = 4.432360e-06
Epoch 122800 (2.5%): Train pred MSE = 6.039233e-07, Test pred MSE = 3.150852e-02, Param MSE = 3.164580e-01, Grad norm = 7.792700e-06, Beta update rate = 4.408958e-06
Epoch 123000 (2.5%): Train pred MSE = 5.978830e-07, Test pred MSE = 3.150873e-02, Param MSE = 3.164593e-01, Grad norm = 7.751621e-06, Beta update rate = 4.385694e-06
Epoch 123200 (2.5%): Train pred MSE = 5.919061e-07, Test pred MSE = 3.150893e-02, Param MSE = 3.164607e-01, Grad norm = 7.710784e-06, Beta update rate = 4.362567e-06
Epoch 123400 (2.5%): Train pred MSE = 5.859920e-07, Test pred MSE = 3.150914e-02, Param MSE = 3.164620e-01, Grad norm = 7.670186e-06, Beta update rate = 4.339576e-06
Epoch 123600 (2.5%): Train pred MSE = 5.801399e-07, Test pred MSE = 3.150935e-02, Param MSE = 3.164633e-01, Grad norm = 7.629826e-06, Beta update rate = 4.316721e-06
Epoch 123800 (2.5%): Train pred MSE = 5.743493e-07, Test pred MSE = 3.150955e-02, Param MSE = 3.164646e-01, Grad norm = 7.589703e-06, Beta update rate = 4.293999e-06
Epoch 124000 (2.5%): Train pred MSE = 5.686195e-07, Test pred MSE = 3.150976e-02, Param MSE = 3.164659e-01, Grad norm = 7.549814e-06, Beta update rate = 4.271411e-06
Epoch 124200 (2.5%): Train pred MSE = 5.629496e-07, Test pred MSE = 3.150996e-02, Param MSE = 3.164672e-01, Grad norm = 7.510159e-06, Beta update rate = 4.248956e-06
Epoch 124400 (2.5%): Train pred MSE = 5.573392e-07, Test pred MSE = 3.151016e-02, Param MSE = 3.164685e-01, Grad norm = 7.470735e-06, Beta update rate = 4.226632e-06
Epoch 124600 (2.5%): Train pred MSE = 5.517875e-07, Test pred MSE = 3.151036e-02, Param MSE = 3.164698e-01, Grad norm = 7.431542e-06, Beta update rate = 4.204439e-06
Epoch 124800 (2.5%): Train pred MSE = 5.462938e-07, Test pred MSE = 3.151056e-02, Param MSE = 3.164711e-01, Grad norm = 7.392577e-06, Beta update rate = 4.182376e-06
Epoch 125000 (2.5%): Train pred MSE = 5.408576e-07, Test pred MSE = 3.151076e-02, Param MSE = 3.164724e-01, Grad norm = 7.353840e-06, Beta update rate = 4.160442e-06
Epoch 125200 (2.5%): Train pred MSE = 5.354783e-07, Test pred MSE = 3.151096e-02, Param MSE = 3.164737e-01, Grad norm = 7.315328e-06, Beta update rate = 4.138636e-06
Epoch 125400 (2.5%): Train pred MSE = 5.301551e-07, Test pred MSE = 3.151116e-02, Param MSE = 3.164750e-01, Grad norm = 7.277040e-06, Beta update rate = 4.116957e-06
Epoch 125600 (2.5%): Train pred MSE = 5.248874e-07, Test pred MSE = 3.151135e-02, Param MSE = 3.164762e-01, Grad norm = 7.238976e-06, Beta update rate = 4.095405e-06
Epoch 125800 (2.5%): Train pred MSE = 5.196747e-07, Test pred MSE = 3.151155e-02, Param MSE = 3.164775e-01, Grad norm = 7.201132e-06, Beta update rate = 4.073979e-06
Epoch 126000 (2.5%): Train pred MSE = 5.145164e-07, Test pred MSE = 3.151174e-02, Param MSE = 3.164787e-01, Grad norm = 7.163509e-06, Beta update rate = 4.052677e-06
Epoch 126200 (2.5%): Train pred MSE = 5.094117e-07, Test pred MSE = 3.151194e-02, Param MSE = 3.164800e-01, Grad norm = 7.126104e-06, Beta update rate = 4.031500e-06
Epoch 126400 (2.5%): Train pred MSE = 5.043603e-07, Test pred MSE = 3.151213e-02, Param MSE = 3.164812e-01, Grad norm = 7.088915e-06, Beta update rate = 4.010445e-06
Epoch 126600 (2.5%): Train pred MSE = 4.993614e-07, Test pred MSE = 3.151232e-02, Param MSE = 3.164825e-01, Grad norm = 7.051943e-06, Beta update rate = 3.989513e-06
Epoch 126800 (2.5%): Train pred MSE = 4.944145e-07, Test pred MSE = 3.151251e-02, Param MSE = 3.164837e-01, Grad norm = 7.015185e-06, Beta update rate = 3.968703e-06
Epoch 127000 (2.5%): Train pred MSE = 4.895190e-07, Test pred MSE = 3.151270e-02, Param MSE = 3.164849e-01, Grad norm = 6.978639e-06, Beta update rate = 3.948014e-06
Epoch 127200 (2.5%): Train pred MSE = 4.846744e-07, Test pred MSE = 3.151289e-02, Param MSE = 3.164862e-01, Grad norm = 6.942305e-06, Beta update rate = 3.927444e-06
Epoch 127400 (2.5%): Train pred MSE = 4.798801e-07, Test pred MSE = 3.151308e-02, Param MSE = 3.164874e-01, Grad norm = 6.906181e-06, Beta update rate = 3.906994e-06
Epoch 127600 (2.6%): Train pred MSE = 4.751355e-07, Test pred MSE = 3.151327e-02, Param MSE = 3.164886e-01, Grad norm = 6.870266e-06, Beta update rate = 3.886662e-06
Epoch 127800 (2.6%): Train pred MSE = 4.704402e-07, Test pred MSE = 3.151345e-02, Param MSE = 3.164898e-01, Grad norm = 6.834558e-06, Beta update rate = 3.866448e-06
Epoch 128000 (2.6%): Train pred MSE = 4.657935e-07, Test pred MSE = 3.151364e-02, Param MSE = 3.164910e-01, Grad norm = 6.799056e-06, Beta update rate = 3.846351e-06
Epoch 128200 (2.6%): Train pred MSE = 4.611949e-07, Test pred MSE = 3.151382e-02, Param MSE = 3.164922e-01, Grad norm = 6.763758e-06, Beta update rate = 3.826370e-06
Epoch 128400 (2.6%): Train pred MSE = 4.566440e-07, Test pred MSE = 3.151401e-02, Param MSE = 3.164934e-01, Grad norm = 6.728664e-06, Beta update rate = 3.806505e-06
Epoch 128600 (2.6%): Train pred MSE = 4.521401e-07, Test pred MSE = 3.151419e-02, Param MSE = 3.164946e-01, Grad norm = 6.693772e-06, Beta update rate = 3.786754e-06
Epoch 128800 (2.6%): Train pred MSE = 4.476829e-07, Test pred MSE = 3.151437e-02, Param MSE = 3.164958e-01, Grad norm = 6.659081e-06, Beta update rate = 3.767117e-06
Epoch 129000 (2.6%): Train pred MSE = 4.432716e-07, Test pred MSE = 3.151455e-02, Param MSE = 3.164970e-01, Grad norm = 6.624589e-06, Beta update rate = 3.747594e-06
Epoch 129200 (2.6%): Train pred MSE = 4.389060e-07, Test pred MSE = 3.151473e-02, Param MSE = 3.164981e-01, Grad norm = 6.590295e-06, Beta update rate = 3.728182e-06
Epoch 129400 (2.6%): Train pred MSE = 4.345854e-07, Test pred MSE = 3.151491e-02, Param MSE = 3.164993e-01, Grad norm = 6.556198e-06, Beta update rate = 3.708883e-06
Epoch 129600 (2.6%): Train pred MSE = 4.303094e-07, Test pred MSE = 3.151509e-02, Param MSE = 3.165005e-01, Grad norm = 6.522297e-06, Beta update rate = 3.689694e-06
Epoch 129800 (2.6%): Train pred MSE = 4.260775e-07, Test pred MSE = 3.151527e-02, Param MSE = 3.165016e-01, Grad norm = 6.488589e-06, Beta update rate = 3.670616e-06
Epoch 130000 (2.6%): Train pred MSE = 4.218892e-07, Test pred MSE = 3.151544e-02, Param MSE = 3.165028e-01, Grad norm = 6.455075e-06, Beta update rate = 3.651647e-06
Epoch 130200 (2.6%): Train pred MSE = 4.177441e-07, Test pred MSE = 3.151562e-02, Param MSE = 3.165039e-01, Grad norm = 6.421753e-06, Beta update rate = 3.632787e-06
Epoch 130400 (2.6%): Train pred MSE = 4.136416e-07, Test pred MSE = 3.151579e-02, Param MSE = 3.165051e-01, Grad norm = 6.388622e-06, Beta update rate = 3.614036e-06
Epoch 130600 (2.6%): Train pred MSE = 4.095814e-07, Test pred MSE = 3.151597e-02, Param MSE = 3.165062e-01, Grad norm = 6.355680e-06, Beta update rate = 3.595392e-06
Epoch 130800 (2.6%): Train pred MSE = 4.055628e-07, Test pred MSE = 3.151614e-02, Param MSE = 3.165074e-01, Grad norm = 6.322926e-06, Beta update rate = 3.576854e-06
Epoch 131000 (2.6%): Train pred MSE = 4.015856e-07, Test pred MSE = 3.151631e-02, Param MSE = 3.165085e-01, Grad norm = 6.290359e-06, Beta update rate = 3.558423e-06
Epoch 131200 (2.6%): Train pred MSE = 3.976493e-07, Test pred MSE = 3.151649e-02, Param MSE = 3.165096e-01, Grad norm = 6.257977e-06, Beta update rate = 3.540097e-06
Epoch 131400 (2.6%): Train pred MSE = 3.937533e-07, Test pred MSE = 3.151666e-02, Param MSE = 3.165107e-01, Grad norm = 6.225781e-06, Beta update rate = 3.521875e-06
Epoch 131600 (2.6%): Train pred MSE = 3.898974e-07, Test pred MSE = 3.151683e-02, Param MSE = 3.165119e-01, Grad norm = 6.193767e-06, Beta update rate = 3.503758e-06
Epoch 131800 (2.6%): Train pred MSE = 3.860809e-07, Test pred MSE = 3.151700e-02, Param MSE = 3.165130e-01, Grad norm = 6.161936e-06, Beta update rate = 3.485744e-06
Epoch 132000 (2.6%): Train pred MSE = 3.823036e-07, Test pred MSE = 3.151716e-02, Param MSE = 3.165141e-01, Grad norm = 6.130286e-06, Beta update rate = 3.467833e-06
Epoch 132200 (2.6%): Train pred MSE = 3.785650e-07, Test pred MSE = 3.151733e-02, Param MSE = 3.165152e-01, Grad norm = 6.098816e-06, Beta update rate = 3.450024e-06
Epoch 132400 (2.6%): Train pred MSE = 3.748647e-07, Test pred MSE = 3.151750e-02, Param MSE = 3.165163e-01, Grad norm = 6.067525e-06, Beta update rate = 3.432317e-06
Epoch 132600 (2.7%): Train pred MSE = 3.712022e-07, Test pred MSE = 3.151766e-02, Param MSE = 3.165174e-01, Grad norm = 6.036411e-06, Beta update rate = 3.414710e-06
Epoch 132800 (2.7%): Train pred MSE = 3.675772e-07, Test pred MSE = 3.151783e-02, Param MSE = 3.165185e-01, Grad norm = 6.005474e-06, Beta update rate = 3.397203e-06
Epoch 133000 (2.7%): Train pred MSE = 3.639892e-07, Test pred MSE = 3.151799e-02, Param MSE = 3.165195e-01, Grad norm = 5.974712e-06, Beta update rate = 3.379796e-06
Epoch 133200 (2.7%): Train pred MSE = 3.604379e-07, Test pred MSE = 3.151816e-02, Param MSE = 3.165206e-01, Grad norm = 5.944125e-06, Beta update rate = 3.362487e-06
Epoch 133400 (2.7%): Train pred MSE = 3.569228e-07, Test pred MSE = 3.151832e-02, Param MSE = 3.165217e-01, Grad norm = 5.913710e-06, Beta update rate = 3.345277e-06
Epoch 133600 (2.7%): Train pred MSE = 3.534436e-07, Test pred MSE = 3.151848e-02, Param MSE = 3.165228e-01, Grad norm = 5.883468e-06, Beta update rate = 3.328165e-06
Epoch 133800 (2.7%): Train pred MSE = 3.499999e-07, Test pred MSE = 3.151864e-02, Param MSE = 3.165238e-01, Grad norm = 5.853396e-06, Beta update rate = 3.311149e-06
Epoch 134000 (2.7%): Train pred MSE = 3.465913e-07, Test pred MSE = 3.151880e-02, Param MSE = 3.165249e-01, Grad norm = 5.823495e-06, Beta update rate = 3.294230e-06
Epoch 134200 (2.7%): Train pred MSE = 3.432174e-07, Test pred MSE = 3.151896e-02, Param MSE = 3.165260e-01, Grad norm = 5.793762e-06, Beta update rate = 3.277406e-06
Epoch 134400 (2.7%): Train pred MSE = 3.398779e-07, Test pred MSE = 3.151912e-02, Param MSE = 3.165270e-01, Grad norm = 5.764197e-06, Beta update rate = 3.260678e-06
Epoch 134600 (2.7%): Train pred MSE = 3.365724e-07, Test pred MSE = 3.151928e-02, Param MSE = 3.165281e-01, Grad norm = 5.734799e-06, Beta update rate = 3.244044e-06
Epoch 134800 (2.7%): Train pred MSE = 3.333004e-07, Test pred MSE = 3.151944e-02, Param MSE = 3.165291e-01, Grad norm = 5.705566e-06, Beta update rate = 3.227504e-06
Epoch 135000 (2.7%): Train pred MSE = 3.300618e-07, Test pred MSE = 3.151959e-02, Param MSE = 3.165301e-01, Grad norm = 5.676498e-06, Beta update rate = 3.211057e-06
Epoch 135200 (2.7%): Train pred MSE = 3.268560e-07, Test pred MSE = 3.151975e-02, Param MSE = 3.165312e-01, Grad norm = 5.647594e-06, Beta update rate = 3.194703e-06
Epoch 135400 (2.7%): Train pred MSE = 3.236829e-07, Test pred MSE = 3.151991e-02, Param MSE = 3.165322e-01, Grad norm = 5.618852e-06, Beta update rate = 3.178441e-06
Epoch 135600 (2.7%): Train pred MSE = 3.205419e-07, Test pred MSE = 3.152006e-02, Param MSE = 3.165332e-01, Grad norm = 5.590271e-06, Beta update rate = 3.162271e-06
Epoch 135800 (2.7%): Train pred MSE = 3.174328e-07, Test pred MSE = 3.152021e-02, Param MSE = 3.165342e-01, Grad norm = 5.561852e-06, Beta update rate = 3.146192e-06
Epoch 136000 (2.7%): Train pred MSE = 3.143552e-07, Test pred MSE = 3.152037e-02, Param MSE = 3.165353e-01, Grad norm = 5.533591e-06, Beta update rate = 3.130203e-06
Epoch 136200 (2.7%): Train pred MSE = 3.113087e-07, Test pred MSE = 3.152052e-02, Param MSE = 3.165363e-01, Grad norm = 5.505489e-06, Beta update rate = 3.114304e-06
Epoch 136400 (2.7%): Train pred MSE = 3.082932e-07, Test pred MSE = 3.152067e-02, Param MSE = 3.165373e-01, Grad norm = 5.477544e-06, Beta update rate = 3.098494e-06
Epoch 136600 (2.7%): Train pred MSE = 3.053082e-07, Test pred MSE = 3.152082e-02, Param MSE = 3.165383e-01, Grad norm = 5.449756e-06, Beta update rate = 3.082774e-06
Epoch 136800 (2.7%): Train pred MSE = 3.023533e-07, Test pred MSE = 3.152097e-02, Param MSE = 3.165393e-01, Grad norm = 5.422124e-06, Beta update rate = 3.067141e-06
Epoch 137000 (2.7%): Train pred MSE = 2.994284e-07, Test pred MSE = 3.152112e-02, Param MSE = 3.165403e-01, Grad norm = 5.394646e-06, Beta update rate = 3.051596e-06
Epoch 137200 (2.7%): Train pred MSE = 2.965330e-07, Test pred MSE = 3.152127e-02, Param MSE = 3.165413e-01, Grad norm = 5.367321e-06, Beta update rate = 3.036137e-06
Epoch 137400 (2.7%): Train pred MSE = 2.936669e-07, Test pred MSE = 3.152142e-02, Param MSE = 3.165422e-01, Grad norm = 5.340150e-06, Beta update rate = 3.020766e-06
Epoch 137600 (2.8%): Train pred MSE = 2.908297e-07, Test pred MSE = 3.152156e-02, Param MSE = 3.165432e-01, Grad norm = 5.313129e-06, Beta update rate = 3.005480e-06
Epoch 137800 (2.8%): Train pred MSE = 2.880211e-07, Test pred MSE = 3.152171e-02, Param MSE = 3.165442e-01, Grad norm = 5.286260e-06, Beta update rate = 2.990280e-06
Epoch 138000 (2.8%): Train pred MSE = 2.852409e-07, Test pred MSE = 3.152186e-02, Param MSE = 3.165452e-01, Grad norm = 5.259540e-06, Beta update rate = 2.975165e-06
Epoch 138200 (2.8%): Train pred MSE = 2.824887e-07, Test pred MSE = 3.152200e-02, Param MSE = 3.165461e-01, Grad norm = 5.232970e-06, Beta update rate = 2.960134e-06
Epoch 138400 (2.8%): Train pred MSE = 2.797642e-07, Test pred MSE = 3.152214e-02, Param MSE = 3.165471e-01, Grad norm = 5.206547e-06, Beta update rate = 2.945187e-06
Epoch 138600 (2.8%): Train pred MSE = 2.770672e-07, Test pred MSE = 3.152229e-02, Param MSE = 3.165481e-01, Grad norm = 5.180271e-06, Beta update rate = 2.930323e-06
Epoch 138800 (2.8%): Train pred MSE = 2.743973e-07, Test pred MSE = 3.152243e-02, Param MSE = 3.165490e-01, Grad norm = 5.154141e-06, Beta update rate = 2.915542e-06
Epoch 139000 (2.8%): Train pred MSE = 2.717542e-07, Test pred MSE = 3.152257e-02, Param MSE = 3.165500e-01, Grad norm = 5.128156e-06, Beta update rate = 2.900843e-06
Epoch 139200 (2.8%): Train pred MSE = 2.691378e-07, Test pred MSE = 3.152271e-02, Param MSE = 3.165509e-01, Grad norm = 5.102316e-06, Beta update rate = 2.886226e-06
Epoch 139400 (2.8%): Train pred MSE = 2.665476e-07, Test pred MSE = 3.152286e-02, Param MSE = 3.165519e-01, Grad norm = 5.076619e-06, Beta update rate = 2.871690e-06
Epoch 139600 (2.8%): Train pred MSE = 2.639835e-07, Test pred MSE = 3.152300e-02, Param MSE = 3.165528e-01, Grad norm = 5.051064e-06, Beta update rate = 2.857235e-06
Epoch 139800 (2.8%): Train pred MSE = 2.614451e-07, Test pred MSE = 3.152314e-02, Param MSE = 3.165537e-01, Grad norm = 5.025651e-06, Beta update rate = 2.842861e-06
Epoch 140000 (2.8%): Train pred MSE = 2.589321e-07, Test pred MSE = 3.152327e-02, Param MSE = 3.165547e-01, Grad norm = 5.000379e-06, Beta update rate = 2.828566e-06
Epoch 140200 (2.8%): Train pred MSE = 2.564444e-07, Test pred MSE = 3.152341e-02, Param MSE = 3.165556e-01, Grad norm = 4.975247e-06, Beta update rate = 2.814350e-06
Epoch 140400 (2.8%): Train pred MSE = 2.539816e-07, Test pred MSE = 3.152355e-02, Param MSE = 3.165565e-01, Grad norm = 4.950253e-06, Beta update rate = 2.800213e-06
Epoch 140600 (2.8%): Train pred MSE = 2.515435e-07, Test pred MSE = 3.152369e-02, Param MSE = 3.165574e-01, Grad norm = 4.925398e-06, Beta update rate = 2.786154e-06
Epoch 140800 (2.8%): Train pred MSE = 2.491298e-07, Test pred MSE = 3.152382e-02, Param MSE = 3.165584e-01, Grad norm = 4.900680e-06, Beta update rate = 2.772173e-06
Epoch 141000 (2.8%): Train pred MSE = 2.467403e-07, Test pred MSE = 3.152396e-02, Param MSE = 3.165593e-01, Grad norm = 4.876099e-06, Beta update rate = 2.758270e-06
Epoch 141200 (2.8%): Train pred MSE = 2.443746e-07, Test pred MSE = 3.152409e-02, Param MSE = 3.165602e-01, Grad norm = 4.851653e-06, Beta update rate = 2.744443e-06
Epoch 141400 (2.8%): Train pred MSE = 2.420327e-07, Test pred MSE = 3.152423e-02, Param MSE = 3.165611e-01, Grad norm = 4.827342e-06, Beta update rate = 2.730693e-06
Epoch 141600 (2.8%): Train pred MSE = 2.397141e-07, Test pred MSE = 3.152436e-02, Param MSE = 3.165620e-01, Grad norm = 4.803164e-06, Beta update rate = 2.717018e-06
Epoch 141800 (2.8%): Train pred MSE = 2.374187e-07, Test pred MSE = 3.152449e-02, Param MSE = 3.165629e-01, Grad norm = 4.779120e-06, Beta update rate = 2.703419e-06
Epoch 142000 (2.8%): Train pred MSE = 2.351462e-07, Test pred MSE = 3.152463e-02, Param MSE = 3.165638e-01, Grad norm = 4.755208e-06, Beta update rate = 2.689895e-06
Epoch 142200 (2.8%): Train pred MSE = 2.328964e-07, Test pred MSE = 3.152476e-02, Param MSE = 3.165647e-01, Grad norm = 4.731428e-06, Beta update rate = 2.676445e-06
Epoch 142400 (2.8%): Train pred MSE = 2.306690e-07, Test pred MSE = 3.152489e-02, Param MSE = 3.165655e-01, Grad norm = 4.707778e-06, Beta update rate = 2.663069e-06
Epoch 142600 (2.9%): Train pred MSE = 2.284638e-07, Test pred MSE = 3.152502e-02, Param MSE = 3.165664e-01, Grad norm = 4.684259e-06, Beta update rate = 2.649767e-06
Epoch 142800 (2.9%): Train pred MSE = 2.262806e-07, Test pred MSE = 3.152515e-02, Param MSE = 3.165673e-01, Grad norm = 4.660868e-06, Beta update rate = 2.636538e-06
Epoch 143000 (2.9%): Train pred MSE = 2.241192e-07, Test pred MSE = 3.152528e-02, Param MSE = 3.165682e-01, Grad norm = 4.637605e-06, Beta update rate = 2.623382e-06
Epoch 143200 (2.9%): Train pred MSE = 2.219792e-07, Test pred MSE = 3.152541e-02, Param MSE = 3.165690e-01, Grad norm = 4.614470e-06, Beta update rate = 2.610297e-06
Epoch 143400 (2.9%): Train pred MSE = 2.198606e-07, Test pred MSE = 3.152553e-02, Param MSE = 3.165699e-01, Grad norm = 4.591462e-06, Beta update rate = 2.597285e-06
Epoch 143600 (2.9%): Train pred MSE = 2.177630e-07, Test pred MSE = 3.152566e-02, Param MSE = 3.165708e-01, Grad norm = 4.568580e-06, Beta update rate = 2.584344e-06
Epoch 143800 (2.9%): Train pred MSE = 2.156863e-07, Test pred MSE = 3.152579e-02, Param MSE = 3.165716e-01, Grad norm = 4.545823e-06, Beta update rate = 2.571474e-06
Epoch 144000 (2.9%): Train pred MSE = 2.136302e-07, Test pred MSE = 3.152591e-02, Param MSE = 3.165725e-01, Grad norm = 4.523190e-06, Beta update rate = 2.558674e-06
Epoch 144200 (2.9%): Train pred MSE = 2.115945e-07, Test pred MSE = 3.152604e-02, Param MSE = 3.165733e-01, Grad norm = 4.500681e-06, Beta update rate = 2.545945e-06
Epoch 144400 (2.9%): Train pred MSE = 2.095791e-07, Test pred MSE = 3.152616e-02, Param MSE = 3.165742e-01, Grad norm = 4.478295e-06, Beta update rate = 2.533285e-06
Epoch 144600 (2.9%): Train pred MSE = 2.075836e-07, Test pred MSE = 3.152629e-02, Param MSE = 3.165750e-01, Grad norm = 4.456031e-06, Beta update rate = 2.520694e-06
Epoch 144800 (2.9%): Train pred MSE = 2.056079e-07, Test pred MSE = 3.152641e-02, Param MSE = 3.165758e-01, Grad norm = 4.433888e-06, Beta update rate = 2.508172e-06
Epoch 145000 (2.9%): Train pred MSE = 2.036518e-07, Test pred MSE = 3.152653e-02, Param MSE = 3.165767e-01, Grad norm = 4.411866e-06, Beta update rate = 2.495718e-06
Epoch 145200 (2.9%): Train pred MSE = 2.017151e-07, Test pred MSE = 3.152666e-02, Param MSE = 3.165775e-01, Grad norm = 4.389964e-06, Beta update rate = 2.483332e-06
Epoch 145400 (2.9%): Train pred MSE = 1.997975e-07, Test pred MSE = 3.152678e-02, Param MSE = 3.165783e-01, Grad norm = 4.368181e-06, Beta update rate = 2.471014e-06
Epoch 145600 (2.9%): Train pred MSE = 1.978989e-07, Test pred MSE = 3.152690e-02, Param MSE = 3.165792e-01, Grad norm = 4.346517e-06, Beta update rate = 2.458763e-06
Epoch 145800 (2.9%): Train pred MSE = 1.960191e-07, Test pred MSE = 3.152702e-02, Param MSE = 3.165800e-01, Grad norm = 4.324970e-06, Beta update rate = 2.446578e-06
Epoch 146000 (2.9%): Train pred MSE = 1.941579e-07, Test pred MSE = 3.152714e-02, Param MSE = 3.165808e-01, Grad norm = 4.303541e-06, Beta update rate = 2.434460e-06
Epoch 146200 (2.9%): Train pred MSE = 1.923151e-07, Test pred MSE = 3.152726e-02, Param MSE = 3.165816e-01, Grad norm = 4.282228e-06, Beta update rate = 2.422407e-06
Epoch 146400 (2.9%): Train pred MSE = 1.904905e-07, Test pred MSE = 3.152738e-02, Param MSE = 3.165824e-01, Grad norm = 4.261030e-06, Beta update rate = 2.410421e-06
Epoch 146600 (2.9%): Train pred MSE = 1.886839e-07, Test pred MSE = 3.152750e-02, Param MSE = 3.165832e-01, Grad norm = 4.239948e-06, Beta update rate = 2.398499e-06
Epoch 146800 (2.9%): Train pred MSE = 1.868952e-07, Test pred MSE = 3.152761e-02, Param MSE = 3.165840e-01, Grad norm = 4.218979e-06, Beta update rate = 2.386642e-06
Epoch 147000 (2.9%): Train pred MSE = 1.851240e-07, Test pred MSE = 3.152773e-02, Param MSE = 3.165848e-01, Grad norm = 4.198125e-06, Beta update rate = 2.374849e-06
Epoch 147200 (2.9%): Train pred MSE = 1.833704e-07, Test pred MSE = 3.152785e-02, Param MSE = 3.165856e-01, Grad norm = 4.177383e-06, Beta update rate = 2.363120e-06
Epoch 147400 (2.9%): Train pred MSE = 1.816340e-07, Test pred MSE = 3.152796e-02, Param MSE = 3.165864e-01, Grad norm = 4.156753e-06, Beta update rate = 2.351454e-06
Epoch 147600 (3.0%): Train pred MSE = 1.799147e-07, Test pred MSE = 3.152808e-02, Param MSE = 3.165872e-01, Grad norm = 4.136235e-06, Beta update rate = 2.339852e-06
Epoch 147800 (3.0%): Train pred MSE = 1.782124e-07, Test pred MSE = 3.152820e-02, Param MSE = 3.165880e-01, Grad norm = 4.115828e-06, Beta update rate = 2.328313e-06
Epoch 148000 (3.0%): Train pred MSE = 1.765268e-07, Test pred MSE = 3.152831e-02, Param MSE = 3.165888e-01, Grad norm = 4.095531e-06, Beta update rate = 2.316835e-06
Epoch 148200 (3.0%): Train pred MSE = 1.748578e-07, Test pred MSE = 3.152842e-02, Param MSE = 3.165895e-01, Grad norm = 4.075343e-06, Beta update rate = 2.305420e-06
Epoch 148400 (3.0%): Train pred MSE = 1.732052e-07, Test pred MSE = 3.152854e-02, Param MSE = 3.165903e-01, Grad norm = 4.055264e-06, Beta update rate = 2.294067e-06
Epoch 148600 (3.0%): Train pred MSE = 1.715688e-07, Test pred MSE = 3.152865e-02, Param MSE = 3.165911e-01, Grad norm = 4.035294e-06, Beta update rate = 2.282775e-06
Epoch 148800 (3.0%): Train pred MSE = 1.699485e-07, Test pred MSE = 3.152876e-02, Param MSE = 3.165919e-01, Grad norm = 4.015431e-06, Beta update rate = 2.271543e-06
Epoch 149000 (3.0%): Train pred MSE = 1.683441e-07, Test pred MSE = 3.152887e-02, Param MSE = 3.165926e-01, Grad norm = 3.995674e-06, Beta update rate = 2.260372e-06
Epoch 149200 (3.0%): Train pred MSE = 1.667555e-07, Test pred MSE = 3.152898e-02, Param MSE = 3.165934e-01, Grad norm = 3.976025e-06, Beta update rate = 2.249262e-06
Epoch 149400 (3.0%): Train pred MSE = 1.651824e-07, Test pred MSE = 3.152909e-02, Param MSE = 3.165941e-01, Grad norm = 3.956480e-06, Beta update rate = 2.238211e-06
Epoch 149600 (3.0%): Train pred MSE = 1.636248e-07, Test pred MSE = 3.152920e-02, Param MSE = 3.165949e-01, Grad norm = 3.937041e-06, Beta update rate = 2.227219e-06
Epoch 149800 (3.0%): Train pred MSE = 1.620824e-07, Test pred MSE = 3.152931e-02, Param MSE = 3.165956e-01, Grad norm = 3.917707e-06, Beta update rate = 2.216287e-06
Epoch 150000 (3.0%): Train pred MSE = 1.605552e-07, Test pred MSE = 3.152942e-02, Param MSE = 3.165964e-01, Grad norm = 3.898475e-06, Beta update rate = 2.205413e-06
Epoch 150200 (3.0%): Train pred MSE = 1.590429e-07, Test pred MSE = 3.152953e-02, Param MSE = 3.165971e-01, Grad norm = 3.879348e-06, Beta update rate = 2.194598e-06
Epoch 150400 (3.0%): Train pred MSE = 1.575454e-07, Test pred MSE = 3.152964e-02, Param MSE = 3.165979e-01, Grad norm = 3.860322e-06, Beta update rate = 2.183841e-06
Epoch 150600 (3.0%): Train pred MSE = 1.560625e-07, Test pred MSE = 3.152975e-02, Param MSE = 3.165986e-01, Grad norm = 3.841399e-06, Beta update rate = 2.173141e-06
Epoch 150800 (3.0%): Train pred MSE = 1.545942e-07, Test pred MSE = 3.152985e-02, Param MSE = 3.165993e-01, Grad norm = 3.822577e-06, Beta update rate = 2.162499e-06
Epoch 151000 (3.0%): Train pred MSE = 1.531402e-07, Test pred MSE = 3.152996e-02, Param MSE = 3.166001e-01, Grad norm = 3.803855e-06, Beta update rate = 2.151914e-06
Epoch 151200 (3.0%): Train pred MSE = 1.517004e-07, Test pred MSE = 3.153007e-02, Param MSE = 3.166008e-01, Grad norm = 3.785234e-06, Beta update rate = 2.141385e-06
Epoch 151400 (3.0%): Train pred MSE = 1.502746e-07, Test pred MSE = 3.153017e-02, Param MSE = 3.166015e-01, Grad norm = 3.766712e-06, Beta update rate = 2.130913e-06
Epoch 151600 (3.0%): Train pred MSE = 1.488628e-07, Test pred MSE = 3.153028e-02, Param MSE = 3.166022e-01, Grad norm = 3.748289e-06, Beta update rate = 2.120497e-06
Epoch 151800 (3.0%): Train pred MSE = 1.474647e-07, Test pred MSE = 3.153038e-02, Param MSE = 3.166030e-01, Grad norm = 3.729964e-06, Beta update rate = 2.110136e-06
Epoch 152000 (3.0%): Train pred MSE = 1.460803e-07, Test pred MSE = 3.153048e-02, Param MSE = 3.166037e-01, Grad norm = 3.711737e-06, Beta update rate = 2.099831e-06
Epoch 152200 (3.0%): Train pred MSE = 1.447094e-07, Test pred MSE = 3.153059e-02, Param MSE = 3.166044e-01, Grad norm = 3.693608e-06, Beta update rate = 2.089580e-06
Epoch 152400 (3.0%): Train pred MSE = 1.433518e-07, Test pred MSE = 3.153069e-02, Param MSE = 3.166051e-01, Grad norm = 3.675575e-06, Beta update rate = 2.079384e-06
Epoch 152600 (3.1%): Train pred MSE = 1.420075e-07, Test pred MSE = 3.153079e-02, Param MSE = 3.166058e-01, Grad norm = 3.657637e-06, Beta update rate = 2.069243e-06
Epoch 152800 (3.1%): Train pred MSE = 1.406762e-07, Test pred MSE = 3.153090e-02, Param MSE = 3.166065e-01, Grad norm = 3.639796e-06, Beta update rate = 2.059156e-06
Epoch 153000 (3.1%): Train pred MSE = 1.393579e-07, Test pred MSE = 3.153100e-02, Param MSE = 3.166072e-01, Grad norm = 3.622049e-06, Beta update rate = 2.049122e-06
Epoch 153200 (3.1%): Train pred MSE = 1.380524e-07, Test pred MSE = 3.153110e-02, Param MSE = 3.166079e-01, Grad norm = 3.604396e-06, Beta update rate = 2.039142e-06
Epoch 153400 (3.1%): Train pred MSE = 1.367596e-07, Test pred MSE = 3.153120e-02, Param MSE = 3.166086e-01, Grad norm = 3.586838e-06, Beta update rate = 2.029215e-06
Epoch 153600 (3.1%): Train pred MSE = 1.354794e-07, Test pred MSE = 3.153130e-02, Param MSE = 3.166093e-01, Grad norm = 3.569372e-06, Beta update rate = 2.019340e-06
Epoch 153800 (3.1%): Train pred MSE = 1.342116e-07, Test pred MSE = 3.153140e-02, Param MSE = 3.166100e-01, Grad norm = 3.552000e-06, Beta update rate = 2.009518e-06
Epoch 154000 (3.1%): Train pred MSE = 1.329561e-07, Test pred MSE = 3.153150e-02, Param MSE = 3.166106e-01, Grad norm = 3.534719e-06, Beta update rate = 1.999748e-06
Epoch 154200 (3.1%): Train pred MSE = 1.317128e-07, Test pred MSE = 3.153159e-02, Param MSE = 3.166113e-01, Grad norm = 3.517530e-06, Beta update rate = 1.990030e-06
Epoch 154400 (3.1%): Train pred MSE = 1.304816e-07, Test pred MSE = 3.153169e-02, Param MSE = 3.166120e-01, Grad norm = 3.500432e-06, Beta update rate = 1.980363e-06
Epoch 154600 (3.1%): Train pred MSE = 1.292622e-07, Test pred MSE = 3.153179e-02, Param MSE = 3.166127e-01, Grad norm = 3.483424e-06, Beta update rate = 1.970748e-06
Epoch 154800 (3.1%): Train pred MSE = 1.280548e-07, Test pred MSE = 3.153189e-02, Param MSE = 3.166134e-01, Grad norm = 3.466507e-06, Beta update rate = 1.961183e-06
Epoch 155000 (3.1%): Train pred MSE = 1.268590e-07, Test pred MSE = 3.153198e-02, Param MSE = 3.166140e-01, Grad norm = 3.449678e-06, Beta update rate = 1.951669e-06
Epoch 155200 (3.1%): Train pred MSE = 1.256747e-07, Test pred MSE = 3.153208e-02, Param MSE = 3.166147e-01, Grad norm = 3.432939e-06, Beta update rate = 1.942206e-06
Epoch 155400 (3.1%): Train pred MSE = 1.245020e-07, Test pred MSE = 3.153218e-02, Param MSE = 3.166154e-01, Grad norm = 3.416288e-06, Beta update rate = 1.932792e-06
Epoch 155600 (3.1%): Train pred MSE = 1.233406e-07, Test pred MSE = 3.153227e-02, Param MSE = 3.166160e-01, Grad norm = 3.399725e-06, Beta update rate = 1.923428e-06
Epoch 155800 (3.1%): Train pred MSE = 1.221904e-07, Test pred MSE = 3.153237e-02, Param MSE = 3.166167e-01, Grad norm = 3.383250e-06, Beta update rate = 1.914114e-06
Epoch 156000 (3.1%): Train pred MSE = 1.210514e-07, Test pred MSE = 3.153246e-02, Param MSE = 3.166173e-01, Grad norm = 3.366861e-06, Beta update rate = 1.904849e-06
Epoch 156200 (3.1%): Train pred MSE = 1.199233e-07, Test pred MSE = 3.153255e-02, Param MSE = 3.166180e-01, Grad norm = 3.350559e-06, Beta update rate = 1.895632e-06
Epoch 156400 (3.1%): Train pred MSE = 1.188062e-07, Test pred MSE = 3.153265e-02, Param MSE = 3.166186e-01, Grad norm = 3.334342e-06, Beta update rate = 1.886464e-06
Epoch 156600 (3.1%): Train pred MSE = 1.176998e-07, Test pred MSE = 3.153274e-02, Param MSE = 3.166193e-01, Grad norm = 3.318211e-06, Beta update rate = 1.877345e-06
Epoch 156800 (3.1%): Train pred MSE = 1.166041e-07, Test pred MSE = 3.153283e-02, Param MSE = 3.166199e-01, Grad norm = 3.302165e-06, Beta update rate = 1.868273e-06
Epoch 157000 (3.1%): Train pred MSE = 1.155190e-07, Test pred MSE = 3.153292e-02, Param MSE = 3.166205e-01, Grad norm = 3.286202e-06, Beta update rate = 1.859249e-06
Epoch 157200 (3.1%): Train pred MSE = 1.144443e-07, Test pred MSE = 3.153302e-02, Param MSE = 3.166212e-01, Grad norm = 3.270324e-06, Beta update rate = 1.850273e-06
Epoch 157400 (3.1%): Train pred MSE = 1.133800e-07, Test pred MSE = 3.153311e-02, Param MSE = 3.166218e-01, Grad norm = 3.254530e-06, Beta update rate = 1.841343e-06
Epoch 157600 (3.2%): Train pred MSE = 1.123260e-07, Test pred MSE = 3.153320e-02, Param MSE = 3.166224e-01, Grad norm = 3.238818e-06, Beta update rate = 1.832461e-06
Epoch 157800 (3.2%): Train pred MSE = 1.112821e-07, Test pred MSE = 3.153329e-02, Param MSE = 3.166231e-01, Grad norm = 3.223188e-06, Beta update rate = 1.823625e-06
Epoch 158000 (3.2%): Train pred MSE = 1.102482e-07, Test pred MSE = 3.153338e-02, Param MSE = 3.166237e-01, Grad norm = 3.207641e-06, Beta update rate = 1.814835e-06
Epoch 158200 (3.2%): Train pred MSE = 1.092243e-07, Test pred MSE = 3.153347e-02, Param MSE = 3.166243e-01, Grad norm = 3.192174e-06, Beta update rate = 1.806092e-06
Epoch 158400 (3.2%): Train pred MSE = 1.082103e-07, Test pred MSE = 3.153356e-02, Param MSE = 3.166249e-01, Grad norm = 3.176789e-06, Beta update rate = 1.797394e-06
Epoch 158600 (3.2%): Train pred MSE = 1.072060e-07, Test pred MSE = 3.153365e-02, Param MSE = 3.166256e-01, Grad norm = 3.161485e-06, Beta update rate = 1.788742e-06
Epoch 158800 (3.2%): Train pred MSE = 1.062113e-07, Test pred MSE = 3.153373e-02, Param MSE = 3.166262e-01, Grad norm = 3.146260e-06, Beta update rate = 1.780135e-06
Epoch 159000 (3.2%): Train pred MSE = 1.052262e-07, Test pred MSE = 3.153382e-02, Param MSE = 3.166268e-01, Grad norm = 3.131115e-06, Beta update rate = 1.771573e-06
Epoch 159200 (3.2%): Train pred MSE = 1.042506e-07, Test pred MSE = 3.153391e-02, Param MSE = 3.166274e-01, Grad norm = 3.116049e-06, Beta update rate = 1.763056e-06
Epoch 159400 (3.2%): Train pred MSE = 1.032843e-07, Test pred MSE = 3.153400e-02, Param MSE = 3.166280e-01, Grad norm = 3.101062e-06, Beta update rate = 1.754584e-06
Epoch 159600 (3.2%): Train pred MSE = 1.023273e-07, Test pred MSE = 3.153408e-02, Param MSE = 3.166286e-01, Grad norm = 3.086153e-06, Beta update rate = 1.746155e-06
Epoch 159800 (3.2%): Train pred MSE = 1.013795e-07, Test pred MSE = 3.153417e-02, Param MSE = 3.166292e-01, Grad norm = 3.071321e-06, Beta update rate = 1.737771e-06
Epoch 160000 (3.2%): Train pred MSE = 1.004407e-07, Test pred MSE = 3.153425e-02, Param MSE = 3.166298e-01, Grad norm = 3.056567e-06, Beta update rate = 1.729430e-06
Epoch 160200 (3.2%): Train pred MSE = 9.951098e-08, Test pred MSE = 3.153434e-02, Param MSE = 3.166304e-01, Grad norm = 3.041890e-06, Beta update rate = 1.721133e-06
Epoch 160400 (3.2%): Train pred MSE = 9.859014e-08, Test pred MSE = 3.153442e-02, Param MSE = 3.166310e-01, Grad norm = 3.027289e-06, Beta update rate = 1.712879e-06
Epoch 160600 (3.2%): Train pred MSE = 9.767812e-08, Test pred MSE = 3.153451e-02, Param MSE = 3.166316e-01, Grad norm = 3.012765e-06, Beta update rate = 1.704668e-06
Epoch 160800 (3.2%): Train pred MSE = 9.677482e-08, Test pred MSE = 3.153459e-02, Param MSE = 3.166322e-01, Grad norm = 2.998315e-06, Beta update rate = 1.696499e-06
Epoch 161000 (3.2%): Train pred MSE = 9.588017e-08, Test pred MSE = 3.153468e-02, Param MSE = 3.166328e-01, Grad norm = 2.983941e-06, Beta update rate = 1.688374e-06
Epoch 161200 (3.2%): Train pred MSE = 9.499408e-08, Test pred MSE = 3.153476e-02, Param MSE = 3.166333e-01, Grad norm = 2.969642e-06, Beta update rate = 1.680290e-06
Epoch 161400 (3.2%): Train pred MSE = 9.411645e-08, Test pred MSE = 3.153484e-02, Param MSE = 3.166339e-01, Grad norm = 2.955417e-06, Beta update rate = 1.672248e-06
Epoch 161600 (3.2%): Train pred MSE = 9.324722e-08, Test pred MSE = 3.153492e-02, Param MSE = 3.166345e-01, Grad norm = 2.941265e-06, Beta update rate = 1.664248e-06
Epoch 161800 (3.2%): Train pred MSE = 9.238628e-08, Test pred MSE = 3.153501e-02, Param MSE = 3.166351e-01, Grad norm = 2.927187e-06, Beta update rate = 1.656290e-06
Epoch 162000 (3.2%): Train pred MSE = 9.153357e-08, Test pred MSE = 3.153509e-02, Param MSE = 3.166356e-01, Grad norm = 2.913182e-06, Beta update rate = 1.648373e-06
Epoch 162200 (3.2%): Train pred MSE = 9.068899e-08, Test pred MSE = 3.153517e-02, Param MSE = 3.166362e-01, Grad norm = 2.899249e-06, Beta update rate = 1.640497e-06
Epoch 162400 (3.2%): Train pred MSE = 8.985247e-08, Test pred MSE = 3.153525e-02, Param MSE = 3.166368e-01, Grad norm = 2.885389e-06, Beta update rate = 1.632661e-06
Epoch 162600 (3.3%): Train pred MSE = 8.902393e-08, Test pred MSE = 3.153533e-02, Param MSE = 3.166373e-01, Grad norm = 2.871600e-06, Beta update rate = 1.624866e-06
Epoch 162800 (3.3%): Train pred MSE = 8.820328e-08, Test pred MSE = 3.153541e-02, Param MSE = 3.166379e-01, Grad norm = 2.857883e-06, Beta update rate = 1.617112e-06
Epoch 163000 (3.3%): Train pred MSE = 8.739046e-08, Test pred MSE = 3.153549e-02, Param MSE = 3.166385e-01, Grad norm = 2.844237e-06, Beta update rate = 1.609397e-06
Epoch 163200 (3.3%): Train pred MSE = 8.658538e-08, Test pred MSE = 3.153557e-02, Param MSE = 3.166390e-01, Grad norm = 2.830661e-06, Beta update rate = 1.601723e-06
Epoch 163400 (3.3%): Train pred MSE = 8.578797e-08, Test pred MSE = 3.153565e-02, Param MSE = 3.166396e-01, Grad norm = 2.817155e-06, Beta update rate = 1.594088e-06
Epoch 163600 (3.3%): Train pred MSE = 8.499814e-08, Test pred MSE = 3.153573e-02, Param MSE = 3.166401e-01, Grad norm = 2.803719e-06, Beta update rate = 1.586492e-06
Epoch 163800 (3.3%): Train pred MSE = 8.421583e-08, Test pred MSE = 3.153581e-02, Param MSE = 3.166407e-01, Grad norm = 2.790352e-06, Beta update rate = 1.578936e-06
Epoch 164000 (3.3%): Train pred MSE = 8.344096e-08, Test pred MSE = 3.153588e-02, Param MSE = 3.166412e-01, Grad norm = 2.777054e-06, Beta update rate = 1.571419e-06
Epoch 164200 (3.3%): Train pred MSE = 8.267345e-08, Test pred MSE = 3.153596e-02, Param MSE = 3.166418e-01, Grad norm = 2.763824e-06, Beta update rate = 1.563940e-06
Epoch 164400 (3.3%): Train pred MSE = 8.191324e-08, Test pred MSE = 3.153604e-02, Param MSE = 3.166423e-01, Grad norm = 2.750663e-06, Beta update rate = 1.556500e-06
Epoch 164600 (3.3%): Train pred MSE = 8.116026e-08, Test pred MSE = 3.153611e-02, Param MSE = 3.166428e-01, Grad norm = 2.737570e-06, Beta update rate = 1.549098e-06
Epoch 164800 (3.3%): Train pred MSE = 8.041442e-08, Test pred MSE = 3.153619e-02, Param MSE = 3.166434e-01, Grad norm = 2.724543e-06, Beta update rate = 1.541735e-06
Epoch 165000 (3.3%): Train pred MSE = 7.967566e-08, Test pred MSE = 3.153627e-02, Param MSE = 3.166439e-01, Grad norm = 2.711584e-06, Beta update rate = 1.534409e-06
Epoch 165200 (3.3%): Train pred MSE = 7.894391e-08, Test pred MSE = 3.153634e-02, Param MSE = 3.166445e-01, Grad norm = 2.698691e-06, Beta update rate = 1.527120e-06
Epoch 165400 (3.3%): Train pred MSE = 7.821910e-08, Test pred MSE = 3.153642e-02, Param MSE = 3.166450e-01, Grad norm = 2.685865e-06, Beta update rate = 1.519870e-06
Epoch 165600 (3.3%): Train pred MSE = 7.750116e-08, Test pred MSE = 3.153649e-02, Param MSE = 3.166455e-01, Grad norm = 2.673104e-06, Beta update rate = 1.512656e-06
Epoch 165800 (3.3%): Train pred MSE = 7.679003e-08, Test pred MSE = 3.153657e-02, Param MSE = 3.166460e-01, Grad norm = 2.660409e-06, Beta update rate = 1.505479e-06
Epoch 166000 (3.3%): Train pred MSE = 7.608564e-08, Test pred MSE = 3.153664e-02, Param MSE = 3.166466e-01, Grad norm = 2.647779e-06, Beta update rate = 1.498340e-06
Epoch 166200 (3.3%): Train pred MSE = 7.538791e-08, Test pred MSE = 3.153671e-02, Param MSE = 3.166471e-01, Grad norm = 2.635214e-06, Beta update rate = 1.491236e-06
Epoch 166400 (3.3%): Train pred MSE = 7.469679e-08, Test pred MSE = 3.153679e-02, Param MSE = 3.166476e-01, Grad norm = 2.622713e-06, Beta update rate = 1.484170e-06
Epoch 166600 (3.3%): Train pred MSE = 7.401221e-08, Test pred MSE = 3.153686e-02, Param MSE = 3.166481e-01, Grad norm = 2.610276e-06, Beta update rate = 1.477139e-06
Epoch 166800 (3.3%): Train pred MSE = 7.333411e-08, Test pred MSE = 3.153693e-02, Param MSE = 3.166486e-01, Grad norm = 2.597903e-06, Beta update rate = 1.470144e-06
Epoch 167000 (3.3%): Train pred MSE = 7.266242e-08, Test pred MSE = 3.153701e-02, Param MSE = 3.166491e-01, Grad norm = 2.585592e-06, Beta update rate = 1.463185e-06
Epoch 167200 (3.3%): Train pred MSE = 7.199708e-08, Test pred MSE = 3.153708e-02, Param MSE = 3.166497e-01, Grad norm = 2.573345e-06, Beta update rate = 1.456262e-06
Epoch 167400 (3.3%): Train pred MSE = 7.133803e-08, Test pred MSE = 3.153715e-02, Param MSE = 3.166502e-01, Grad norm = 2.561161e-06, Beta update rate = 1.449374e-06
Epoch 167600 (3.4%): Train pred MSE = 7.068520e-08, Test pred MSE = 3.153722e-02, Param MSE = 3.166507e-01, Grad norm = 2.549038e-06, Beta update rate = 1.442521e-06
Epoch 167800 (3.4%): Train pred MSE = 7.003853e-08, Test pred MSE = 3.153729e-02, Param MSE = 3.166512e-01, Grad norm = 2.536978e-06, Beta update rate = 1.435704e-06
Epoch 168000 (3.4%): Train pred MSE = 6.939797e-08, Test pred MSE = 3.153736e-02, Param MSE = 3.166517e-01, Grad norm = 2.524979e-06, Beta update rate = 1.428920e-06
Epoch 168200 (3.4%): Train pred MSE = 6.876346e-08, Test pred MSE = 3.153743e-02, Param MSE = 3.166522e-01, Grad norm = 2.513041e-06, Beta update rate = 1.422172e-06
Epoch 168400 (3.4%): Train pred MSE = 6.813492e-08, Test pred MSE = 3.153750e-02, Param MSE = 3.166527e-01, Grad norm = 2.501164e-06, Beta update rate = 1.415458e-06
Epoch 168600 (3.4%): Train pred MSE = 6.751232e-08, Test pred MSE = 3.153757e-02, Param MSE = 3.166532e-01, Grad norm = 2.489347e-06, Beta update rate = 1.408778e-06
Epoch 168800 (3.4%): Train pred MSE = 6.689558e-08, Test pred MSE = 3.153764e-02, Param MSE = 3.166536e-01, Grad norm = 2.477591e-06, Beta update rate = 1.402132e-06
Epoch 169000 (3.4%): Train pred MSE = 6.628465e-08, Test pred MSE = 3.153771e-02, Param MSE = 3.166541e-01, Grad norm = 2.465894e-06, Beta update rate = 1.395520e-06
Epoch 169200 (3.4%): Train pred MSE = 6.567948e-08, Test pred MSE = 3.153778e-02, Param MSE = 3.166546e-01, Grad norm = 2.454257e-06, Beta update rate = 1.388941e-06
Epoch 169400 (3.4%): Train pred MSE = 6.508000e-08, Test pred MSE = 3.153785e-02, Param MSE = 3.166551e-01, Grad norm = 2.442679e-06, Beta update rate = 1.382396e-06
Epoch 169600 (3.4%): Train pred MSE = 6.448616e-08, Test pred MSE = 3.153792e-02, Param MSE = 3.166556e-01, Grad norm = 2.431160e-06, Beta update rate = 1.375885e-06
Epoch 169800 (3.4%): Train pred MSE = 6.389791e-08, Test pred MSE = 3.153798e-02, Param MSE = 3.166561e-01, Grad norm = 2.419699e-06, Beta update rate = 1.369406e-06
Epoch 170000 (3.4%): Train pred MSE = 6.331520e-08, Test pred MSE = 3.153805e-02, Param MSE = 3.166565e-01, Grad norm = 2.408297e-06, Beta update rate = 1.362960e-06
Epoch 170200 (3.4%): Train pred MSE = 6.273796e-08, Test pred MSE = 3.153812e-02, Param MSE = 3.166570e-01, Grad norm = 2.396952e-06, Beta update rate = 1.356547e-06
Epoch 170400 (3.4%): Train pred MSE = 6.216614e-08, Test pred MSE = 3.153819e-02, Param MSE = 3.166575e-01, Grad norm = 2.385665e-06, Beta update rate = 1.350166e-06
Epoch 170600 (3.4%): Train pred MSE = 6.159970e-08, Test pred MSE = 3.153825e-02, Param MSE = 3.166580e-01, Grad norm = 2.374435e-06, Beta update rate = 1.343817e-06
Epoch 170800 (3.4%): Train pred MSE = 6.103858e-08, Test pred MSE = 3.153832e-02, Param MSE = 3.166584e-01, Grad norm = 2.363262e-06, Beta update rate = 1.337501e-06
Epoch 171000 (3.4%): Train pred MSE = 6.048272e-08, Test pred MSE = 3.153838e-02, Param MSE = 3.166589e-01, Grad norm = 2.352145e-06, Beta update rate = 1.331217e-06
Epoch 171200 (3.4%): Train pred MSE = 5.993208e-08, Test pred MSE = 3.153845e-02, Param MSE = 3.166594e-01, Grad norm = 2.341085e-06, Beta update rate = 1.324964e-06
Epoch 171400 (3.4%): Train pred MSE = 5.938661e-08, Test pred MSE = 3.153852e-02, Param MSE = 3.166598e-01, Grad norm = 2.330080e-06, Beta update rate = 1.318743e-06
Epoch 171600 (3.4%): Train pred MSE = 5.884625e-08, Test pred MSE = 3.153858e-02, Param MSE = 3.166603e-01, Grad norm = 2.319131e-06, Beta update rate = 1.312554e-06
Epoch 171800 (3.4%): Train pred MSE = 5.831096e-08, Test pred MSE = 3.153864e-02, Param MSE = 3.166608e-01, Grad norm = 2.308238e-06, Beta update rate = 1.306396e-06
Epoch 172000 (3.4%): Train pred MSE = 5.778068e-08, Test pred MSE = 3.153871e-02, Param MSE = 3.166612e-01, Grad norm = 2.297399e-06, Beta update rate = 1.300268e-06
Epoch 172200 (3.4%): Train pred MSE = 5.725537e-08, Test pred MSE = 3.153877e-02, Param MSE = 3.166617e-01, Grad norm = 2.286615e-06, Beta update rate = 1.294172e-06
Epoch 172400 (3.4%): Train pred MSE = 5.673498e-08, Test pred MSE = 3.153884e-02, Param MSE = 3.166621e-01, Grad norm = 2.275886e-06, Beta update rate = 1.288107e-06
Epoch 172600 (3.5%): Train pred MSE = 5.621946e-08, Test pred MSE = 3.153890e-02, Param MSE = 3.166626e-01, Grad norm = 2.265210e-06, Beta update rate = 1.282072e-06
Epoch 172800 (3.5%): Train pred MSE = 5.570876e-08, Test pred MSE = 3.153896e-02, Param MSE = 3.166630e-01, Grad norm = 2.254589e-06, Beta update rate = 1.276067e-06
Epoch 173000 (3.5%): Train pred MSE = 5.520285e-08, Test pred MSE = 3.153903e-02, Param MSE = 3.166635e-01, Grad norm = 2.244021e-06, Beta update rate = 1.270093e-06
Epoch 173200 (3.5%): Train pred MSE = 5.470166e-08, Test pred MSE = 3.153909e-02, Param MSE = 3.166639e-01, Grad norm = 2.233506e-06, Beta update rate = 1.264148e-06
Epoch 173400 (3.5%): Train pred MSE = 5.420516e-08, Test pred MSE = 3.153915e-02, Param MSE = 3.166644e-01, Grad norm = 2.223044e-06, Beta update rate = 1.258234e-06
Epoch 173600 (3.5%): Train pred MSE = 5.371329e-08, Test pred MSE = 3.153921e-02, Param MSE = 3.166648e-01, Grad norm = 2.212634e-06, Beta update rate = 1.252349e-06
Epoch 173800 (3.5%): Train pred MSE = 5.322602e-08, Test pred MSE = 3.153927e-02, Param MSE = 3.166652e-01, Grad norm = 2.202277e-06, Beta update rate = 1.246494e-06
Epoch 174000 (3.5%): Train pred MSE = 5.274331e-08, Test pred MSE = 3.153934e-02, Param MSE = 3.166657e-01, Grad norm = 2.191972e-06, Beta update rate = 1.240669e-06
Epoch 174200 (3.5%): Train pred MSE = 5.226510e-08, Test pred MSE = 3.153940e-02, Param MSE = 3.166661e-01, Grad norm = 2.181719e-06, Beta update rate = 1.234872e-06
Epoch 174400 (3.5%): Train pred MSE = 5.179135e-08, Test pred MSE = 3.153946e-02, Param MSE = 3.166666e-01, Grad norm = 2.171517e-06, Beta update rate = 1.229105e-06
Epoch 174600 (3.5%): Train pred MSE = 5.132202e-08, Test pred MSE = 3.153952e-02, Param MSE = 3.166670e-01, Grad norm = 2.161366e-06, Beta update rate = 1.223366e-06
Epoch 174800 (3.5%): Train pred MSE = 5.085707e-08, Test pred MSE = 3.153958e-02, Param MSE = 3.166674e-01, Grad norm = 2.151266e-06, Beta update rate = 1.217657e-06
Epoch 175000 (3.5%): Train pred MSE = 5.039645e-08, Test pred MSE = 3.153964e-02, Param MSE = 3.166678e-01, Grad norm = 2.141217e-06, Beta update rate = 1.211975e-06
Epoch 175200 (3.5%): Train pred MSE = 4.994012e-08, Test pred MSE = 3.153970e-02, Param MSE = 3.166683e-01, Grad norm = 2.131218e-06, Beta update rate = 1.206323e-06
Epoch 175400 (3.5%): Train pred MSE = 4.948805e-08, Test pred MSE = 3.153976e-02, Param MSE = 3.166687e-01, Grad norm = 2.121269e-06, Beta update rate = 1.200698e-06
Epoch 175600 (3.5%): Train pred MSE = 4.904018e-08, Test pred MSE = 3.153982e-02, Param MSE = 3.166691e-01, Grad norm = 2.111370e-06, Beta update rate = 1.195102e-06
Epoch 175800 (3.5%): Train pred MSE = 4.859649e-08, Test pred MSE = 3.153987e-02, Param MSE = 3.166695e-01, Grad norm = 2.101520e-06, Beta update rate = 1.189534e-06
Epoch 176000 (3.5%): Train pred MSE = 4.815692e-08, Test pred MSE = 3.153993e-02, Param MSE = 3.166700e-01, Grad norm = 2.091720e-06, Beta update rate = 1.183993e-06
Epoch 176200 (3.5%): Train pred MSE = 4.772145e-08, Test pred MSE = 3.153999e-02, Param MSE = 3.166704e-01, Grad norm = 2.081969e-06, Beta update rate = 1.178481e-06
Epoch 176400 (3.5%): Train pred MSE = 4.729002e-08, Test pred MSE = 3.154005e-02, Param MSE = 3.166708e-01, Grad norm = 2.072266e-06, Beta update rate = 1.172995e-06
Epoch 176600 (3.5%): Train pred MSE = 4.686261e-08, Test pred MSE = 3.154011e-02, Param MSE = 3.166712e-01, Grad norm = 2.062612e-06, Beta update rate = 1.167537e-06
Epoch 176800 (3.5%): Train pred MSE = 4.643917e-08, Test pred MSE = 3.154016e-02, Param MSE = 3.166716e-01, Grad norm = 2.053006e-06, Beta update rate = 1.162107e-06
Epoch 177000 (3.5%): Train pred MSE = 4.601966e-08, Test pred MSE = 3.154022e-02, Param MSE = 3.166720e-01, Grad norm = 2.043447e-06, Beta update rate = 1.156703e-06
Epoch 177200 (3.5%): Train pred MSE = 4.560405e-08, Test pred MSE = 3.154028e-02, Param MSE = 3.166724e-01, Grad norm = 2.033937e-06, Beta update rate = 1.151326e-06
Epoch 177400 (3.5%): Train pred MSE = 4.519229e-08, Test pred MSE = 3.154033e-02, Param MSE = 3.166728e-01, Grad norm = 2.024474e-06, Beta update rate = 1.145976e-06
Epoch 177600 (3.6%): Train pred MSE = 4.478436e-08, Test pred MSE = 3.154039e-02, Param MSE = 3.166732e-01, Grad norm = 2.015058e-06, Beta update rate = 1.140653e-06
Epoch 177800 (3.6%): Train pred MSE = 4.438022e-08, Test pred MSE = 3.154045e-02, Param MSE = 3.166736e-01, Grad norm = 2.005688e-06, Beta update rate = 1.135356e-06
Epoch 178000 (3.6%): Train pred MSE = 4.397982e-08, Test pred MSE = 3.154050e-02, Param MSE = 3.166740e-01, Grad norm = 1.996366e-06, Beta update rate = 1.130086e-06
Epoch 178200 (3.6%): Train pred MSE = 4.358314e-08, Test pred MSE = 3.154056e-02, Param MSE = 3.166744e-01, Grad norm = 1.987090e-06, Beta update rate = 1.124841e-06
Epoch 178400 (3.6%): Train pred MSE = 4.319013e-08, Test pred MSE = 3.154061e-02, Param MSE = 3.166748e-01, Grad norm = 1.977859e-06, Beta update rate = 1.119623e-06
Epoch 178600 (3.6%): Train pred MSE = 4.280077e-08, Test pred MSE = 3.154067e-02, Param MSE = 3.166752e-01, Grad norm = 1.968675e-06, Beta update rate = 1.114431e-06
Epoch 178800 (3.6%): Train pred MSE = 4.241501e-08, Test pred MSE = 3.154072e-02, Param MSE = 3.166756e-01, Grad norm = 1.959536e-06, Beta update rate = 1.109264e-06
Epoch 179000 (3.6%): Train pred MSE = 4.203283e-08, Test pred MSE = 3.154078e-02, Param MSE = 3.166760e-01, Grad norm = 1.950443e-06, Beta update rate = 1.104123e-06
Epoch 179200 (3.6%): Train pred MSE = 4.165418e-08, Test pred MSE = 3.154083e-02, Param MSE = 3.166764e-01, Grad norm = 1.941395e-06, Beta update rate = 1.099008e-06
Epoch 179400 (3.6%): Train pred MSE = 4.127904e-08, Test pred MSE = 3.154089e-02, Param MSE = 3.166768e-01, Grad norm = 1.932392e-06, Beta update rate = 1.093918e-06
Epoch 179600 (3.6%): Train pred MSE = 4.090737e-08, Test pred MSE = 3.154094e-02, Param MSE = 3.166772e-01, Grad norm = 1.923433e-06, Beta update rate = 1.088853e-06
Epoch 179800 (3.6%): Train pred MSE = 4.053914e-08, Test pred MSE = 3.154099e-02, Param MSE = 3.166776e-01, Grad norm = 1.914518e-06, Beta update rate = 1.083813e-06
Epoch 180000 (3.6%): Train pred MSE = 4.017431e-08, Test pred MSE = 3.154105e-02, Param MSE = 3.166779e-01, Grad norm = 1.905648e-06, Beta update rate = 1.078798e-06
Epoch 180200 (3.6%): Train pred MSE = 3.981285e-08, Test pred MSE = 3.154110e-02, Param MSE = 3.166783e-01, Grad norm = 1.896822e-06, Beta update rate = 1.073808e-06
Epoch 180400 (3.6%): Train pred MSE = 3.945474e-08, Test pred MSE = 3.154115e-02, Param MSE = 3.166787e-01, Grad norm = 1.888039e-06, Beta update rate = 1.068842e-06
Epoch 180600 (3.6%): Train pred MSE = 3.909993e-08, Test pred MSE = 3.154120e-02, Param MSE = 3.166791e-01, Grad norm = 1.879300e-06, Beta update rate = 1.063901e-06
Epoch 180800 (3.6%): Train pred MSE = 3.874840e-08, Test pred MSE = 3.154126e-02, Param MSE = 3.166795e-01, Grad norm = 1.870604e-06, Beta update rate = 1.058985e-06
Epoch 181000 (3.6%): Train pred MSE = 3.840011e-08, Test pred MSE = 3.154131e-02, Param MSE = 3.166798e-01, Grad norm = 1.861951e-06, Beta update rate = 1.054093e-06
Epoch 181200 (3.6%): Train pred MSE = 3.805504e-08, Test pred MSE = 3.154136e-02, Param MSE = 3.166802e-01, Grad norm = 1.853340e-06, Beta update rate = 1.049225e-06
Epoch 181400 (3.6%): Train pred MSE = 3.771315e-08, Test pred MSE = 3.154141e-02, Param MSE = 3.166806e-01, Grad norm = 1.844773e-06, Beta update rate = 1.044380e-06
Epoch 181600 (3.6%): Train pred MSE = 3.737441e-08, Test pred MSE = 3.154146e-02, Param MSE = 3.166809e-01, Grad norm = 1.836247e-06, Beta update rate = 1.039560e-06
Epoch 181800 (3.6%): Train pred MSE = 3.703880e-08, Test pred MSE = 3.154151e-02, Param MSE = 3.166813e-01, Grad norm = 1.827763e-06, Beta update rate = 1.034764e-06
Epoch 182000 (3.6%): Train pred MSE = 3.670628e-08, Test pred MSE = 3.154156e-02, Param MSE = 3.166817e-01, Grad norm = 1.819322e-06, Beta update rate = 1.029991e-06
Epoch 182200 (3.6%): Train pred MSE = 3.637683e-08, Test pred MSE = 3.154161e-02, Param MSE = 3.166820e-01, Grad norm = 1.810921e-06, Beta update rate = 1.025242e-06
Epoch 182400 (3.6%): Train pred MSE = 3.605041e-08, Test pred MSE = 3.154166e-02, Param MSE = 3.166824e-01, Grad norm = 1.802563e-06, Beta update rate = 1.020516e-06
Epoch 182600 (3.7%): Train pred MSE = 3.572700e-08, Test pred MSE = 3.154171e-02, Param MSE = 3.166828e-01, Grad norm = 1.794245e-06, Beta update rate = 1.015813e-06
Epoch 182800 (3.7%): Train pred MSE = 3.540656e-08, Test pred MSE = 3.154176e-02, Param MSE = 3.166831e-01, Grad norm = 1.785968e-06, Beta update rate = 1.011133e-06
Epoch 183000 (3.7%): Train pred MSE = 3.508907e-08, Test pred MSE = 3.154181e-02, Param MSE = 3.166835e-01, Grad norm = 1.777732e-06, Beta update rate = 1.006477e-06
Epoch 183200 (3.7%): Train pred MSE = 3.477451e-08, Test pred MSE = 3.154186e-02, Param MSE = 3.166838e-01, Grad norm = 1.769536e-06, Beta update rate = 1.001843e-06
Epoch 183400 (3.7%): Train pred MSE = 3.446283e-08, Test pred MSE = 3.154191e-02, Param MSE = 3.166842e-01, Grad norm = 1.761381e-06, Beta update rate = 9.972319e-07
Epoch 183600 (3.7%): Train pred MSE = 3.415403e-08, Test pred MSE = 3.154196e-02, Param MSE = 3.166846e-01, Grad norm = 1.753266e-06, Beta update rate = 9.926436e-07
Epoch 183800 (3.7%): Train pred MSE = 3.384806e-08, Test pred MSE = 3.154201e-02, Param MSE = 3.166849e-01, Grad norm = 1.745190e-06, Beta update rate = 9.880777e-07
Epoch 184000 (3.7%): Train pred MSE = 3.354490e-08, Test pred MSE = 3.154206e-02, Param MSE = 3.166853e-01, Grad norm = 1.737155e-06, Beta update rate = 9.835342e-07
Epoch 184200 (3.7%): Train pred MSE = 3.324453e-08, Test pred MSE = 3.154211e-02, Param MSE = 3.166856e-01, Grad norm = 1.729158e-06, Beta update rate = 9.790130e-07
Epoch 184400 (3.7%): Train pred MSE = 3.294691e-08, Test pred MSE = 3.154215e-02, Param MSE = 3.166860e-01, Grad norm = 1.721201e-06, Beta update rate = 9.745139e-07
Epoch 184600 (3.7%): Train pred MSE = 3.265203e-08, Test pred MSE = 3.154220e-02, Param MSE = 3.166863e-01, Grad norm = 1.713283e-06, Beta update rate = 9.700368e-07
Epoch 184800 (3.7%): Train pred MSE = 3.235986e-08, Test pred MSE = 3.154225e-02, Param MSE = 3.166866e-01, Grad norm = 1.705403e-06, Beta update rate = 9.655817e-07
Epoch 185000 (3.7%): Train pred MSE = 3.207036e-08, Test pred MSE = 3.154230e-02, Param MSE = 3.166870e-01, Grad norm = 1.697562e-06, Beta update rate = 9.611483e-07
Epoch 185200 (3.7%): Train pred MSE = 3.178353e-08, Test pred MSE = 3.154234e-02, Param MSE = 3.166873e-01, Grad norm = 1.689760e-06, Beta update rate = 9.567366e-07
Epoch 185400 (3.7%): Train pred MSE = 3.149932e-08, Test pred MSE = 3.154239e-02, Param MSE = 3.166877e-01, Grad norm = 1.681995e-06, Beta update rate = 9.523465e-07
Epoch 185600 (3.7%): Train pred MSE = 3.121772e-08, Test pred MSE = 3.154244e-02, Param MSE = 3.166880e-01, Grad norm = 1.674269e-06, Beta update rate = 9.479778e-07
Epoch 185800 (3.7%): Train pred MSE = 3.093869e-08, Test pred MSE = 3.154248e-02, Param MSE = 3.166883e-01, Grad norm = 1.666580e-06, Beta update rate = 9.436305e-07
Epoch 186000 (3.7%): Train pred MSE = 3.066223e-08, Test pred MSE = 3.154253e-02, Param MSE = 3.166887e-01, Grad norm = 1.658929e-06, Beta update rate = 9.393043e-07
Epoch 186200 (3.7%): Train pred MSE = 3.038830e-08, Test pred MSE = 3.154258e-02, Param MSE = 3.166890e-01, Grad norm = 1.651316e-06, Beta update rate = 9.349993e-07
Epoch 186400 (3.7%): Train pred MSE = 3.011687e-08, Test pred MSE = 3.154262e-02, Param MSE = 3.166893e-01, Grad norm = 1.643739e-06, Beta update rate = 9.307153e-07
Epoch 186600 (3.7%): Train pred MSE = 2.984793e-08, Test pred MSE = 3.154267e-02, Param MSE = 3.166897e-01, Grad norm = 1.636199e-06, Beta update rate = 9.264521e-07
Epoch 186800 (3.7%): Train pred MSE = 2.958145e-08, Test pred MSE = 3.154271e-02, Param MSE = 3.166900e-01, Grad norm = 1.628697e-06, Beta update rate = 9.222097e-07
Epoch 187000 (3.7%): Train pred MSE = 2.931741e-08, Test pred MSE = 3.154276e-02, Param MSE = 3.166903e-01, Grad norm = 1.621230e-06, Beta update rate = 9.179880e-07
Epoch 187200 (3.7%): Train pred MSE = 2.905578e-08, Test pred MSE = 3.154280e-02, Param MSE = 3.166907e-01, Grad norm = 1.613800e-06, Beta update rate = 9.137868e-07
Epoch 187400 (3.7%): Train pred MSE = 2.879655e-08, Test pred MSE = 3.154285e-02, Param MSE = 3.166910e-01, Grad norm = 1.606407e-06, Beta update rate = 9.096061e-07
Epoch 187600 (3.8%): Train pred MSE = 2.853969e-08, Test pred MSE = 3.154289e-02, Param MSE = 3.166913e-01, Grad norm = 1.599049e-06, Beta update rate = 9.054457e-07
Epoch 187800 (3.8%): Train pred MSE = 2.828517e-08, Test pred MSE = 3.154294e-02, Param MSE = 3.166916e-01, Grad norm = 1.591727e-06, Beta update rate = 9.013055e-07
Epoch 188000 (3.8%): Train pred MSE = 2.803298e-08, Test pred MSE = 3.154298e-02, Param MSE = 3.166919e-01, Grad norm = 1.584441e-06, Beta update rate = 8.971854e-07
Epoch 188200 (3.8%): Train pred MSE = 2.778309e-08, Test pred MSE = 3.154302e-02, Param MSE = 3.166923e-01, Grad norm = 1.577190e-06, Beta update rate = 8.930853e-07
Epoch 188400 (3.8%): Train pred MSE = 2.753548e-08, Test pred MSE = 3.154307e-02, Param MSE = 3.166926e-01, Grad norm = 1.569974e-06, Beta update rate = 8.890052e-07
Epoch 188600 (3.8%): Train pred MSE = 2.729014e-08, Test pred MSE = 3.154311e-02, Param MSE = 3.166929e-01, Grad norm = 1.562793e-06, Beta update rate = 8.849448e-07
Epoch 188800 (3.8%): Train pred MSE = 2.704703e-08, Test pred MSE = 3.154315e-02, Param MSE = 3.166932e-01, Grad norm = 1.555648e-06, Beta update rate = 8.809042e-07
Epoch 189000 (3.8%): Train pred MSE = 2.680614e-08, Test pred MSE = 3.154320e-02, Param MSE = 3.166935e-01, Grad norm = 1.548536e-06, Beta update rate = 8.768831e-07
Epoch 189200 (3.8%): Train pred MSE = 2.656744e-08, Test pred MSE = 3.154324e-02, Param MSE = 3.166938e-01, Grad norm = 1.541460e-06, Beta update rate = 8.728815e-07
Epoch 189400 (3.8%): Train pred MSE = 2.633093e-08, Test pred MSE = 3.154328e-02, Param MSE = 3.166942e-01, Grad norm = 1.534418e-06, Beta update rate = 8.688993e-07
Epoch 189600 (3.8%): Train pred MSE = 2.609657e-08, Test pred MSE = 3.154332e-02, Param MSE = 3.166945e-01, Grad norm = 1.527409e-06, Beta update rate = 8.649364e-07
Epoch 189800 (3.8%): Train pred MSE = 2.586434e-08, Test pred MSE = 3.154337e-02, Param MSE = 3.166948e-01, Grad norm = 1.520435e-06, Beta update rate = 8.609927e-07
Epoch 190000 (3.8%): Train pred MSE = 2.563423e-08, Test pred MSE = 3.154341e-02, Param MSE = 3.166951e-01, Grad norm = 1.513495e-06, Beta update rate = 8.570680e-07
Epoch 190200 (3.8%): Train pred MSE = 2.540622e-08, Test pred MSE = 3.154345e-02, Param MSE = 3.166954e-01, Grad norm = 1.506588e-06, Beta update rate = 8.531623e-07
Epoch 190400 (3.8%): Train pred MSE = 2.518028e-08, Test pred MSE = 3.154349e-02, Param MSE = 3.166957e-01, Grad norm = 1.499714e-06, Beta update rate = 8.492755e-07
Epoch 190600 (3.8%): Train pred MSE = 2.495640e-08, Test pred MSE = 3.154353e-02, Param MSE = 3.166960e-01, Grad norm = 1.492874e-06, Beta update rate = 8.454075e-07
Epoch 190800 (3.8%): Train pred MSE = 2.473455e-08, Test pred MSE = 3.154358e-02, Param MSE = 3.166963e-01, Grad norm = 1.486067e-06, Beta update rate = 8.415582e-07
Epoch 191000 (3.8%): Train pred MSE = 2.451473e-08, Test pred MSE = 3.154362e-02, Param MSE = 3.166966e-01, Grad norm = 1.479293e-06, Beta update rate = 8.377274e-07
Epoch 191200 (3.8%): Train pred MSE = 2.429690e-08, Test pred MSE = 3.154366e-02, Param MSE = 3.166969e-01, Grad norm = 1.472551e-06, Beta update rate = 8.339151e-07
Epoch 191400 (3.8%): Train pred MSE = 2.408105e-08, Test pred MSE = 3.154370e-02, Param MSE = 3.166972e-01, Grad norm = 1.465843e-06, Beta update rate = 8.301213e-07
Epoch 191600 (3.8%): Train pred MSE = 2.386717e-08, Test pred MSE = 3.154374e-02, Param MSE = 3.166975e-01, Grad norm = 1.459166e-06, Beta update rate = 8.263457e-07
Epoch 191800 (3.8%): Train pred MSE = 2.365523e-08, Test pred MSE = 3.154378e-02, Param MSE = 3.166978e-01, Grad norm = 1.452522e-06, Beta update rate = 8.225883e-07
Epoch 192000 (3.8%): Train pred MSE = 2.344521e-08, Test pred MSE = 3.154382e-02, Param MSE = 3.166981e-01, Grad norm = 1.445909e-06, Beta update rate = 8.188490e-07
Epoch 192200 (3.8%): Train pred MSE = 2.323711e-08, Test pred MSE = 3.154386e-02, Param MSE = 3.166984e-01, Grad norm = 1.439329e-06, Beta update rate = 8.151277e-07
Epoch 192400 (3.8%): Train pred MSE = 2.303089e-08, Test pred MSE = 3.154390e-02, Param MSE = 3.166987e-01, Grad norm = 1.432780e-06, Beta update rate = 8.114244e-07
Epoch 192600 (3.9%): Train pred MSE = 2.282654e-08, Test pred MSE = 3.154394e-02, Param MSE = 3.166989e-01, Grad norm = 1.426263e-06, Beta update rate = 8.077388e-07
Epoch 192800 (3.9%): Train pred MSE = 2.262405e-08, Test pred MSE = 3.154398e-02, Param MSE = 3.166992e-01, Grad norm = 1.419777e-06, Beta update rate = 8.040710e-07
Epoch 193000 (3.9%): Train pred MSE = 2.242340e-08, Test pred MSE = 3.154402e-02, Param MSE = 3.166995e-01, Grad norm = 1.413323e-06, Beta update rate = 8.004208e-07
Epoch 193200 (3.9%): Train pred MSE = 2.222456e-08, Test pred MSE = 3.154406e-02, Param MSE = 3.166998e-01, Grad norm = 1.406899e-06, Beta update rate = 7.967882e-07
Epoch 193400 (3.9%): Train pred MSE = 2.202753e-08, Test pred MSE = 3.154409e-02, Param MSE = 3.167001e-01, Grad norm = 1.400507e-06, Beta update rate = 7.931730e-07
Epoch 193600 (3.9%): Train pred MSE = 2.183229e-08, Test pred MSE = 3.154413e-02, Param MSE = 3.167004e-01, Grad norm = 1.394145e-06, Beta update rate = 7.895752e-07
Epoch 193800 (3.9%): Train pred MSE = 2.163881e-08, Test pred MSE = 3.154417e-02, Param MSE = 3.167007e-01, Grad norm = 1.387813e-06, Beta update rate = 7.859946e-07
Epoch 194000 (3.9%): Train pred MSE = 2.144709e-08, Test pred MSE = 3.154421e-02, Param MSE = 3.167009e-01, Grad norm = 1.381512e-06, Beta update rate = 7.824312e-07
Epoch 194200 (3.9%): Train pred MSE = 2.125710e-08, Test pred MSE = 3.154425e-02, Param MSE = 3.167012e-01, Grad norm = 1.375242e-06, Beta update rate = 7.788849e-07
Epoch 194400 (3.9%): Train pred MSE = 2.106884e-08, Test pred MSE = 3.154429e-02, Param MSE = 3.167015e-01, Grad norm = 1.369001e-06, Beta update rate = 7.753556e-07
Epoch 194600 (3.9%): Train pred MSE = 2.088228e-08, Test pred MSE = 3.154432e-02, Param MSE = 3.167018e-01, Grad norm = 1.362790e-06, Beta update rate = 7.718432e-07
Epoch 194800 (3.9%): Train pred MSE = 2.069741e-08, Test pred MSE = 3.154436e-02, Param MSE = 3.167020e-01, Grad norm = 1.356610e-06, Beta update rate = 7.683477e-07
Epoch 195000 (3.9%): Train pred MSE = 2.051421e-08, Test pred MSE = 3.154440e-02, Param MSE = 3.167023e-01, Grad norm = 1.350458e-06, Beta update rate = 7.648689e-07
Epoch 195200 (3.9%): Train pred MSE = 2.033267e-08, Test pred MSE = 3.154444e-02, Param MSE = 3.167026e-01, Grad norm = 1.344337e-06, Beta update rate = 7.614067e-07
Epoch 195400 (3.9%): Train pred MSE = 2.015277e-08, Test pred MSE = 3.154447e-02, Param MSE = 3.167029e-01, Grad norm = 1.338244e-06, Beta update rate = 7.579611e-07
Epoch 195600 (3.9%): Train pred MSE = 1.997449e-08, Test pred MSE = 3.154451e-02, Param MSE = 3.167031e-01, Grad norm = 1.332181e-06, Beta update rate = 7.545320e-07
Epoch 195800 (3.9%): Train pred MSE = 1.979783e-08, Test pred MSE = 3.154455e-02, Param MSE = 3.167034e-01, Grad norm = 1.326147e-06, Beta update rate = 7.511192e-07
Epoch 196000 (3.9%): Train pred MSE = 1.962277e-08, Test pred MSE = 3.154458e-02, Param MSE = 3.167037e-01, Grad norm = 1.320141e-06, Beta update rate = 7.477228e-07
Epoch 196200 (3.9%): Train pred MSE = 1.944929e-08, Test pred MSE = 3.154462e-02, Param MSE = 3.167039e-01, Grad norm = 1.314165e-06, Beta update rate = 7.443426e-07
Epoch 196400 (3.9%): Train pred MSE = 1.927737e-08, Test pred MSE = 3.154466e-02, Param MSE = 3.167042e-01, Grad norm = 1.308217e-06, Beta update rate = 7.409786e-07
Epoch 196600 (3.9%): Train pred MSE = 1.910701e-08, Test pred MSE = 3.154469e-02, Param MSE = 3.167045e-01, Grad norm = 1.302297e-06, Beta update rate = 7.376306e-07
Epoch 196800 (3.9%): Train pred MSE = 1.893818e-08, Test pred MSE = 3.154473e-02, Param MSE = 3.167047e-01, Grad norm = 1.296406e-06, Beta update rate = 7.342985e-07
Epoch 197000 (3.9%): Train pred MSE = 1.877088e-08, Test pred MSE = 3.154476e-02, Param MSE = 3.167050e-01, Grad norm = 1.290542e-06, Beta update rate = 7.309824e-07
Epoch 197200 (3.9%): Train pred MSE = 1.860509e-08, Test pred MSE = 3.154480e-02, Param MSE = 3.167053e-01, Grad norm = 1.284707e-06, Beta update rate = 7.276821e-07
Epoch 197400 (3.9%): Train pred MSE = 1.844079e-08, Test pred MSE = 3.154483e-02, Param MSE = 3.167055e-01, Grad norm = 1.278900e-06, Beta update rate = 7.243975e-07
Epoch 197600 (4.0%): Train pred MSE = 1.827798e-08, Test pred MSE = 3.154487e-02, Param MSE = 3.167058e-01, Grad norm = 1.273120e-06, Beta update rate = 7.211285e-07
Epoch 197800 (4.0%): Train pred MSE = 1.811663e-08, Test pred MSE = 3.154490e-02, Param MSE = 3.167060e-01, Grad norm = 1.267368e-06, Beta update rate = 7.178751e-07
Epoch 198000 (4.0%): Train pred MSE = 1.795674e-08, Test pred MSE = 3.154494e-02, Param MSE = 3.167063e-01, Grad norm = 1.261643e-06, Beta update rate = 7.146372e-07
Epoch 198200 (4.0%): Train pred MSE = 1.779829e-08, Test pred MSE = 3.154497e-02, Param MSE = 3.167066e-01, Grad norm = 1.255945e-06, Beta update rate = 7.114147e-07
Epoch 198400 (4.0%): Train pred MSE = 1.764127e-08, Test pred MSE = 3.154501e-02, Param MSE = 3.167068e-01, Grad norm = 1.250275e-06, Beta update rate = 7.082076e-07
Epoch 198600 (4.0%): Train pred MSE = 1.748566e-08, Test pred MSE = 3.154504e-02, Param MSE = 3.167071e-01, Grad norm = 1.244632e-06, Beta update rate = 7.050156e-07
Epoch 198800 (4.0%): Train pred MSE = 1.733145e-08, Test pred MSE = 3.154508e-02, Param MSE = 3.167073e-01, Grad norm = 1.239015e-06, Beta update rate = 7.018389e-07
Epoch 199000 (4.0%): Train pred MSE = 1.717863e-08, Test pred MSE = 3.154511e-02, Param MSE = 3.167076e-01, Grad norm = 1.233425e-06, Beta update rate = 6.986772e-07
Epoch 199200 (4.0%): Train pred MSE = 1.702719e-08, Test pred MSE = 3.154515e-02, Param MSE = 3.167078e-01, Grad norm = 1.227862e-06, Beta update rate = 6.955306e-07
Epoch 199400 (4.0%): Train pred MSE = 1.687711e-08, Test pred MSE = 3.154518e-02, Param MSE = 3.167081e-01, Grad norm = 1.222325e-06, Beta update rate = 6.923989e-07
Epoch 199600 (4.0%): Train pred MSE = 1.672838e-08, Test pred MSE = 3.154521e-02, Param MSE = 3.167083e-01, Grad norm = 1.216815e-06, Beta update rate = 6.892820e-07
Epoch 199800 (4.0%): Train pred MSE = 1.658099e-08, Test pred MSE = 3.154525e-02, Param MSE = 3.167086e-01, Grad norm = 1.211331e-06, Beta update rate = 6.861800e-07
Epoch 200000 (4.0%): Train pred MSE = 1.643492e-08, Test pred MSE = 3.154528e-02, Param MSE = 3.167088e-01, Grad norm = 1.205872e-06, Beta update rate = 6.830926e-07
Epoch 200200 (4.0%): Train pred MSE = 1.629017e-08, Test pred MSE = 3.154531e-02, Param MSE = 3.167091e-01, Grad norm = 1.200440e-06, Beta update rate = 6.800199e-07
Epoch 200400 (4.0%): Train pred MSE = 1.614672e-08, Test pred MSE = 3.154535e-02, Param MSE = 3.167093e-01, Grad norm = 1.195033e-06, Beta update rate = 6.769618e-07
Epoch 200600 (4.0%): Train pred MSE = 1.600455e-08, Test pred MSE = 3.154538e-02, Param MSE = 3.167095e-01, Grad norm = 1.189652e-06, Beta update rate = 6.739181e-07
Epoch 200800 (4.0%): Train pred MSE = 1.586367e-08, Test pred MSE = 3.154541e-02, Param MSE = 3.167098e-01, Grad norm = 1.184297e-06, Beta update rate = 6.708888e-07
Epoch 201000 (4.0%): Train pred MSE = 1.572405e-08, Test pred MSE = 3.154544e-02, Param MSE = 3.167100e-01, Grad norm = 1.178967e-06, Beta update rate = 6.678739e-07
Epoch 201200 (4.0%): Train pred MSE = 1.558568e-08, Test pred MSE = 3.154548e-02, Param MSE = 3.167103e-01, Grad norm = 1.173662e-06, Beta update rate = 6.648732e-07
Epoch 201400 (4.0%): Train pred MSE = 1.544855e-08, Test pred MSE = 3.154551e-02, Param MSE = 3.167105e-01, Grad norm = 1.168382e-06, Beta update rate = 6.618868e-07
Epoch 201600 (4.0%): Train pred MSE = 1.531266e-08, Test pred MSE = 3.154554e-02, Param MSE = 3.167107e-01, Grad norm = 1.163128e-06, Beta update rate = 6.589144e-07
Epoch 201800 (4.0%): Train pred MSE = 1.517799e-08, Test pred MSE = 3.154557e-02, Param MSE = 3.167110e-01, Grad norm = 1.157898e-06, Beta update rate = 6.559561e-07
Epoch 202000 (4.0%): Train pred MSE = 1.504452e-08, Test pred MSE = 3.154560e-02, Param MSE = 3.167112e-01, Grad norm = 1.152693e-06, Beta update rate = 6.530118e-07
Epoch 202200 (4.0%): Train pred MSE = 1.491225e-08, Test pred MSE = 3.154564e-02, Param MSE = 3.167114e-01, Grad norm = 1.147512e-06, Beta update rate = 6.500814e-07
Epoch 202400 (4.0%): Train pred MSE = 1.478117e-08, Test pred MSE = 3.154567e-02, Param MSE = 3.167117e-01, Grad norm = 1.142356e-06, Beta update rate = 6.471648e-07
Epoch 202600 (4.1%): Train pred MSE = 1.465126e-08, Test pred MSE = 3.154570e-02, Param MSE = 3.167119e-01, Grad norm = 1.137224e-06, Beta update rate = 6.442620e-07
Epoch 202800 (4.1%): Train pred MSE = 1.452252e-08, Test pred MSE = 3.154573e-02, Param MSE = 3.167121e-01, Grad norm = 1.132117e-06, Beta update rate = 6.413728e-07
Epoch 203000 (4.1%): Train pred MSE = 1.439493e-08, Test pred MSE = 3.154576e-02, Param MSE = 3.167124e-01, Grad norm = 1.127034e-06, Beta update rate = 6.384973e-07
Epoch 203200 (4.1%): Train pred MSE = 1.426848e-08, Test pred MSE = 3.154579e-02, Param MSE = 3.167126e-01, Grad norm = 1.121974e-06, Beta update rate = 6.356353e-07
Epoch 203400 (4.1%): Train pred MSE = 1.414317e-08, Test pred MSE = 3.154582e-02, Param MSE = 3.167128e-01, Grad norm = 1.116939e-06, Beta update rate = 6.327869e-07
Epoch 203600 (4.1%): Train pred MSE = 1.401898e-08, Test pred MSE = 3.154585e-02, Param MSE = 3.167131e-01, Grad norm = 1.111927e-06, Beta update rate = 6.299518e-07
Epoch 203800 (4.1%): Train pred MSE = 1.389590e-08, Test pred MSE = 3.154588e-02, Param MSE = 3.167133e-01, Grad norm = 1.106939e-06, Beta update rate = 6.271301e-07
Epoch 204000 (4.1%): Train pred MSE = 1.377392e-08, Test pred MSE = 3.154591e-02, Param MSE = 3.167135e-01, Grad norm = 1.101975e-06, Beta update rate = 6.243217e-07
Epoch 204200 (4.1%): Train pred MSE = 1.365303e-08, Test pred MSE = 3.154594e-02, Param MSE = 3.167137e-01, Grad norm = 1.097034e-06, Beta update rate = 6.215265e-07
Epoch 204400 (4.1%): Train pred MSE = 1.353323e-08, Test pred MSE = 3.154597e-02, Param MSE = 3.167140e-01, Grad norm = 1.092116e-06, Beta update rate = 6.187444e-07
Epoch 204600 (4.1%): Train pred MSE = 1.341449e-08, Test pred MSE = 3.154600e-02, Param MSE = 3.167142e-01, Grad norm = 1.087221e-06, Beta update rate = 6.159754e-07
Epoch 204800 (4.1%): Train pred MSE = 1.329682e-08, Test pred MSE = 3.154603e-02, Param MSE = 3.167144e-01, Grad norm = 1.082349e-06, Beta update rate = 6.132195e-07
Epoch 205000 (4.1%): Train pred MSE = 1.318020e-08, Test pred MSE = 3.154606e-02, Param MSE = 3.167146e-01, Grad norm = 1.077500e-06, Beta update rate = 6.104765e-07
Epoch 205200 (4.1%): Train pred MSE = 1.306463e-08, Test pred MSE = 3.154609e-02, Param MSE = 3.167148e-01, Grad norm = 1.072674e-06, Beta update rate = 6.077463e-07
Epoch 205400 (4.1%): Train pred MSE = 1.295008e-08, Test pred MSE = 3.154612e-02, Param MSE = 3.167151e-01, Grad norm = 1.067871e-06, Beta update rate = 6.050290e-07
Epoch 205600 (4.1%): Train pred MSE = 1.283656e-08, Test pred MSE = 3.154615e-02, Param MSE = 3.167153e-01, Grad norm = 1.063090e-06, Beta update rate = 6.023244e-07
Epoch 205800 (4.1%): Train pred MSE = 1.272405e-08, Test pred MSE = 3.154618e-02, Param MSE = 3.167155e-01, Grad norm = 1.058332e-06, Beta update rate = 5.996326e-07
Epoch 206000 (4.1%): Train pred MSE = 1.261255e-08, Test pred MSE = 3.154621e-02, Param MSE = 3.167157e-01, Grad norm = 1.053596e-06, Beta update rate = 5.969533e-07
Epoch 206200 (4.1%): Train pred MSE = 1.250204e-08, Test pred MSE = 3.154624e-02, Param MSE = 3.167159e-01, Grad norm = 1.048883e-06, Beta update rate = 5.942866e-07
Epoch 206400 (4.1%): Train pred MSE = 1.239252e-08, Test pred MSE = 3.154627e-02, Param MSE = 3.167161e-01, Grad norm = 1.044191e-06, Beta update rate = 5.916325e-07
Epoch 206600 (4.1%): Train pred MSE = 1.228398e-08, Test pred MSE = 3.154630e-02, Param MSE = 3.167163e-01, Grad norm = 1.039522e-06, Beta update rate = 5.889907e-07
Epoch 206800 (4.1%): Train pred MSE = 1.217641e-08, Test pred MSE = 3.154633e-02, Param MSE = 3.167166e-01, Grad norm = 1.034874e-06, Beta update rate = 5.863613e-07
Epoch 207000 (4.1%): Train pred MSE = 1.206979e-08, Test pred MSE = 3.154635e-02, Param MSE = 3.167168e-01, Grad norm = 1.030248e-06, Beta update rate = 5.837443e-07
Epoch 207200 (4.1%): Train pred MSE = 1.196413e-08, Test pred MSE = 3.154638e-02, Param MSE = 3.167170e-01, Grad norm = 1.025644e-06, Beta update rate = 5.811394e-07
Epoch 207400 (4.1%): Train pred MSE = 1.185941e-08, Test pred MSE = 3.154641e-02, Param MSE = 3.167172e-01, Grad norm = 1.021061e-06, Beta update rate = 5.785468e-07
Epoch 207600 (4.2%): Train pred MSE = 1.175562e-08, Test pred MSE = 3.154644e-02, Param MSE = 3.167174e-01, Grad norm = 1.016500e-06, Beta update rate = 5.759663e-07
Epoch 207800 (4.2%): Train pred MSE = 1.165276e-08, Test pred MSE = 3.154647e-02, Param MSE = 3.167176e-01, Grad norm = 1.011960e-06, Beta update rate = 5.733979e-07
Epoch 208000 (4.2%): Train pred MSE = 1.155081e-08, Test pred MSE = 3.154649e-02, Param MSE = 3.167178e-01, Grad norm = 1.007442e-06, Beta update rate = 5.708414e-07
Epoch 208200 (4.2%): Train pred MSE = 1.144977e-08, Test pred MSE = 3.154652e-02, Param MSE = 3.167180e-01, Grad norm = 1.002944e-06, Beta update rate = 5.682969e-07
Epoch 208400 (4.2%): Train pred MSE = 1.134964e-08, Test pred MSE = 3.154655e-02, Param MSE = 3.167182e-01, Grad norm = 9.984681e-07, Beta update rate = 5.657643e-07
Epoch 208600 (4.2%): Train pred MSE = 1.125039e-08, Test pred MSE = 3.154658e-02, Param MSE = 3.167184e-01, Grad norm = 9.940127e-07, Beta update rate = 5.632435e-07
Epoch 208800 (4.2%): Train pred MSE = 1.115203e-08, Test pred MSE = 3.154660e-02, Param MSE = 3.167186e-01, Grad norm = 9.895781e-07, Beta update rate = 5.607345e-07
Epoch 209000 (4.2%): Train pred MSE = 1.105454e-08, Test pred MSE = 3.154663e-02, Param MSE = 3.167188e-01, Grad norm = 9.851642e-07, Beta update rate = 5.582372e-07
Epoch 209200 (4.2%): Train pred MSE = 1.095792e-08, Test pred MSE = 3.154666e-02, Param MSE = 3.167190e-01, Grad norm = 9.807709e-07, Beta update rate = 5.557516e-07
Epoch 209400 (4.2%): Train pred MSE = 1.086216e-08, Test pred MSE = 3.154668e-02, Param MSE = 3.167192e-01, Grad norm = 9.763982e-07, Beta update rate = 5.532775e-07
Epoch 209600 (4.2%): Train pred MSE = 1.076726e-08, Test pred MSE = 3.154671e-02, Param MSE = 3.167194e-01, Grad norm = 9.720458e-07, Beta update rate = 5.508150e-07
Epoch 209800 (4.2%): Train pred MSE = 1.067319e-08, Test pred MSE = 3.154674e-02, Param MSE = 3.167196e-01, Grad norm = 9.677138e-07, Beta update rate = 5.483639e-07
Epoch 210000 (4.2%): Train pred MSE = 1.057997e-08, Test pred MSE = 3.154676e-02, Param MSE = 3.167198e-01, Grad norm = 9.634020e-07, Beta update rate = 5.459243e-07
Epoch 210200 (4.2%): Train pred MSE = 1.048757e-08, Test pred MSE = 3.154679e-02, Param MSE = 3.167200e-01, Grad norm = 9.591103e-07, Beta update rate = 5.434960e-07
Epoch 210400 (4.2%): Train pred MSE = 1.039599e-08, Test pred MSE = 3.154682e-02, Param MSE = 3.167202e-01, Grad norm = 9.548386e-07, Beta update rate = 5.410790e-07
Epoch 210600 (4.2%): Train pred MSE = 1.030523e-08, Test pred MSE = 3.154684e-02, Param MSE = 3.167204e-01, Grad norm = 9.505868e-07, Beta update rate = 5.386733e-07
Epoch 210800 (4.2%): Train pred MSE = 1.021527e-08, Test pred MSE = 3.154687e-02, Param MSE = 3.167206e-01, Grad norm = 9.463548e-07, Beta update rate = 5.362787e-07
Epoch 211000 (4.2%): Train pred MSE = 1.012611e-08, Test pred MSE = 3.154689e-02, Param MSE = 3.167208e-01, Grad norm = 9.421425e-07, Beta update rate = 5.338953e-07
Epoch 211200 (4.2%): Train pred MSE = 1.003775e-08, Test pred MSE = 3.154692e-02, Param MSE = 3.167210e-01, Grad norm = 9.379498e-07, Beta update rate = 5.315230e-07
Epoch 211400 (4.2%): Train pred MSE = 9.950167e-09, Test pred MSE = 3.154695e-02, Param MSE = 3.167212e-01, Grad norm = 9.337766e-07, Beta update rate = 5.291617e-07
Epoch 211600 (4.2%): Train pred MSE = 9.863364e-09, Test pred MSE = 3.154697e-02, Param MSE = 3.167214e-01, Grad norm = 9.296229e-07, Beta update rate = 5.268114e-07
Epoch 211800 (4.2%): Train pred MSE = 9.777331e-09, Test pred MSE = 3.154700e-02, Param MSE = 3.167216e-01, Grad norm = 9.254885e-07, Beta update rate = 5.244720e-07
Epoch 212000 (4.2%): Train pred MSE = 9.692062e-09, Test pred MSE = 3.154702e-02, Param MSE = 3.167218e-01, Grad norm = 9.213733e-07, Beta update rate = 5.221434e-07
Epoch 212200 (4.2%): Train pred MSE = 9.607549e-09, Test pred MSE = 3.154705e-02, Param MSE = 3.167219e-01, Grad norm = 9.172772e-07, Beta update rate = 5.198257e-07
Epoch 212400 (4.2%): Train pred MSE = 9.523786e-09, Test pred MSE = 3.154707e-02, Param MSE = 3.167221e-01, Grad norm = 9.132001e-07, Beta update rate = 5.175187e-07
Epoch 212600 (4.3%): Train pred MSE = 9.440765e-09, Test pred MSE = 3.154710e-02, Param MSE = 3.167223e-01, Grad norm = 9.091420e-07, Beta update rate = 5.152224e-07
Epoch 212800 (4.3%): Train pred MSE = 9.358481e-09, Test pred MSE = 3.154712e-02, Param MSE = 3.167225e-01, Grad norm = 9.051028e-07, Beta update rate = 5.129367e-07
Epoch 213000 (4.3%): Train pred MSE = 9.276926e-09, Test pred MSE = 3.154715e-02, Param MSE = 3.167227e-01, Grad norm = 9.010823e-07, Beta update rate = 5.106617e-07
Epoch 213200 (4.3%): Train pred MSE = 9.196094e-09, Test pred MSE = 3.154717e-02, Param MSE = 3.167229e-01, Grad norm = 8.970804e-07, Beta update rate = 5.083972e-07
Epoch 213400 (4.3%): Train pred MSE = 9.115979e-09, Test pred MSE = 3.154720e-02, Param MSE = 3.167231e-01, Grad norm = 8.930971e-07, Beta update rate = 5.061432e-07
Epoch 213600 (4.3%): Train pred MSE = 9.036573e-09, Test pred MSE = 3.154722e-02, Param MSE = 3.167232e-01, Grad norm = 8.891323e-07, Beta update rate = 5.038996e-07
Epoch 213800 (4.3%): Train pred MSE = 8.957871e-09, Test pred MSE = 3.154724e-02, Param MSE = 3.167234e-01, Grad norm = 8.851859e-07, Beta update rate = 5.016664e-07
Epoch 214000 (4.3%): Train pred MSE = 8.879865e-09, Test pred MSE = 3.154727e-02, Param MSE = 3.167236e-01, Grad norm = 8.812577e-07, Beta update rate = 4.994436e-07
Epoch 214200 (4.3%): Train pred MSE = 8.802551e-09, Test pred MSE = 3.154729e-02, Param MSE = 3.167238e-01, Grad norm = 8.773478e-07, Beta update rate = 4.972310e-07
Epoch 214400 (4.3%): Train pred MSE = 8.725921e-09, Test pred MSE = 3.154732e-02, Param MSE = 3.167240e-01, Grad norm = 8.734559e-07, Beta update rate = 4.950287e-07
Epoch 214600 (4.3%): Train pred MSE = 8.649969e-09, Test pred MSE = 3.154734e-02, Param MSE = 3.167241e-01, Grad norm = 8.695821e-07, Beta update rate = 4.928365e-07
Epoch 214800 (4.3%): Train pred MSE = 8.574689e-09, Test pred MSE = 3.154736e-02, Param MSE = 3.167243e-01, Grad norm = 8.657263e-07, Beta update rate = 4.906545e-07
Epoch 215000 (4.3%): Train pred MSE = 8.500075e-09, Test pred MSE = 3.154739e-02, Param MSE = 3.167245e-01, Grad norm = 8.618882e-07, Beta update rate = 4.884825e-07
Epoch 215200 (4.3%): Train pred MSE = 8.426122e-09, Test pred MSE = 3.154741e-02, Param MSE = 3.167247e-01, Grad norm = 8.580679e-07, Beta update rate = 4.863206e-07
Epoch 215400 (4.3%): Train pred MSE = 8.352822e-09, Test pred MSE = 3.154743e-02, Param MSE = 3.167248e-01, Grad norm = 8.542653e-07, Beta update rate = 4.841687e-07
Epoch 215600 (4.3%): Train pred MSE = 8.280171e-09, Test pred MSE = 3.154746e-02, Param MSE = 3.167250e-01, Grad norm = 8.504803e-07, Beta update rate = 4.820267e-07
Epoch 215800 (4.3%): Train pred MSE = 8.208162e-09, Test pred MSE = 3.154748e-02, Param MSE = 3.167252e-01, Grad norm = 8.467127e-07, Beta update rate = 4.798946e-07
Epoch 216000 (4.3%): Train pred MSE = 8.136789e-09, Test pred MSE = 3.154750e-02, Param MSE = 3.167254e-01, Grad norm = 8.429626e-07, Beta update rate = 4.777724e-07
Epoch 216200 (4.3%): Train pred MSE = 8.066047e-09, Test pred MSE = 3.154753e-02, Param MSE = 3.167255e-01, Grad norm = 8.392298e-07, Beta update rate = 4.756599e-07
Epoch 216400 (4.3%): Train pred MSE = 7.995931e-09, Test pred MSE = 3.154755e-02, Param MSE = 3.167257e-01, Grad norm = 8.355142e-07, Beta update rate = 4.735572e-07
Epoch 216600 (4.3%): Train pred MSE = 7.926433e-09, Test pred MSE = 3.154757e-02, Param MSE = 3.167259e-01, Grad norm = 8.318158e-07, Beta update rate = 4.714641e-07
Epoch 216800 (4.3%): Train pred MSE = 7.857550e-09, Test pred MSE = 3.154759e-02, Param MSE = 3.167261e-01, Grad norm = 8.281344e-07, Beta update rate = 4.693807e-07
Epoch 217000 (4.3%): Train pred MSE = 7.789275e-09, Test pred MSE = 3.154762e-02, Param MSE = 3.167262e-01, Grad norm = 8.244701e-07, Beta update rate = 4.673069e-07
Epoch 217200 (4.3%): Train pred MSE = 7.721602e-09, Test pred MSE = 3.154764e-02, Param MSE = 3.167264e-01, Grad norm = 8.208226e-07, Beta update rate = 4.652427e-07
Epoch 217400 (4.3%): Train pred MSE = 7.654527e-09, Test pred MSE = 3.154766e-02, Param MSE = 3.167266e-01, Grad norm = 8.171919e-07, Beta update rate = 4.631879e-07
Epoch 217600 (4.4%): Train pred MSE = 7.588044e-09, Test pred MSE = 3.154768e-02, Param MSE = 3.167267e-01, Grad norm = 8.135780e-07, Beta update rate = 4.611426e-07
Epoch 217800 (4.4%): Train pred MSE = 7.522148e-09, Test pred MSE = 3.154771e-02, Param MSE = 3.167269e-01, Grad norm = 8.099808e-07, Beta update rate = 4.591067e-07
Epoch 218000 (4.4%): Train pred MSE = 7.456833e-09, Test pred MSE = 3.154773e-02, Param MSE = 3.167271e-01, Grad norm = 8.064001e-07, Beta update rate = 4.570802e-07
Epoch 218200 (4.4%): Train pred MSE = 7.392095e-09, Test pred MSE = 3.154775e-02, Param MSE = 3.167272e-01, Grad norm = 8.028359e-07, Beta update rate = 4.550630e-07
Epoch 218400 (4.4%): Train pred MSE = 7.327927e-09, Test pred MSE = 3.154777e-02, Param MSE = 3.167274e-01, Grad norm = 7.992881e-07, Beta update rate = 4.530551e-07
Epoch 218600 (4.4%): Train pred MSE = 7.264325e-09, Test pred MSE = 3.154779e-02, Param MSE = 3.167276e-01, Grad norm = 7.957566e-07, Beta update rate = 4.510564e-07
Epoch 218800 (4.4%): Train pred MSE = 7.201284e-09, Test pred MSE = 3.154782e-02, Param MSE = 3.167277e-01, Grad norm = 7.922414e-07, Beta update rate = 4.490669e-07
Epoch 219000 (4.4%): Train pred MSE = 7.138798e-09, Test pred MSE = 3.154784e-02, Param MSE = 3.167279e-01, Grad norm = 7.887423e-07, Beta update rate = 4.470865e-07
Epoch 219200 (4.4%): Train pred MSE = 7.076863e-09, Test pred MSE = 3.154786e-02, Param MSE = 3.167280e-01, Grad norm = 7.852593e-07, Beta update rate = 4.451152e-07
Epoch 219400 (4.4%): Train pred MSE = 7.015474e-09, Test pred MSE = 3.154788e-02, Param MSE = 3.167282e-01, Grad norm = 7.817924e-07, Beta update rate = 4.431530e-07
Epoch 219600 (4.4%): Train pred MSE = 6.954626e-09, Test pred MSE = 3.154790e-02, Param MSE = 3.167284e-01, Grad norm = 7.783414e-07, Beta update rate = 4.411997e-07
Epoch 219800 (4.4%): Train pred MSE = 6.894313e-09, Test pred MSE = 3.154792e-02, Param MSE = 3.167285e-01, Grad norm = 7.749062e-07, Beta update rate = 4.392555e-07
Epoch 220000 (4.4%): Train pred MSE = 6.834532e-09, Test pred MSE = 3.154794e-02, Param MSE = 3.167287e-01, Grad norm = 7.714868e-07, Beta update rate = 4.373201e-07
Epoch 220200 (4.4%): Train pred MSE = 6.775277e-09, Test pred MSE = 3.154796e-02, Param MSE = 3.167288e-01, Grad norm = 7.680831e-07, Beta update rate = 4.353936e-07
Epoch 220400 (4.4%): Train pred MSE = 6.716544e-09, Test pred MSE = 3.154799e-02, Param MSE = 3.167290e-01, Grad norm = 7.646951e-07, Beta update rate = 4.334760e-07
Epoch 220600 (4.4%): Train pred MSE = 6.658328e-09, Test pred MSE = 3.154801e-02, Param MSE = 3.167292e-01, Grad norm = 7.613226e-07, Beta update rate = 4.315671e-07
Epoch 220800 (4.4%): Train pred MSE = 6.600624e-09, Test pred MSE = 3.154803e-02, Param MSE = 3.167293e-01, Grad norm = 7.579655e-07, Beta update rate = 4.296670e-07
Epoch 221000 (4.4%): Train pred MSE = 6.543428e-09, Test pred MSE = 3.154805e-02, Param MSE = 3.167295e-01, Grad norm = 7.546239e-07, Beta update rate = 4.277756e-07
Epoch 221200 (4.4%): Train pred MSE = 6.486735e-09, Test pred MSE = 3.154807e-02, Param MSE = 3.167296e-01, Grad norm = 7.512975e-07, Beta update rate = 4.258928e-07
Epoch 221400 (4.4%): Train pred MSE = 6.430541e-09, Test pred MSE = 3.154809e-02, Param MSE = 3.167298e-01, Grad norm = 7.479865e-07, Beta update rate = 4.240187e-07
Epoch 221600 (4.4%): Train pred MSE = 6.374840e-09, Test pred MSE = 3.154811e-02, Param MSE = 3.167299e-01, Grad norm = 7.446906e-07, Beta update rate = 4.221531e-07
Epoch 221800 (4.4%): Train pred MSE = 6.319630e-09, Test pred MSE = 3.154813e-02, Param MSE = 3.167301e-01, Grad norm = 7.414098e-07, Beta update rate = 4.202961e-07
Epoch 222000 (4.4%): Train pred MSE = 6.264905e-09, Test pred MSE = 3.154815e-02, Param MSE = 3.167302e-01, Grad norm = 7.381440e-07, Beta update rate = 4.184475e-07
Epoch 222200 (4.4%): Train pred MSE = 6.210661e-09, Test pred MSE = 3.154817e-02, Param MSE = 3.167304e-01, Grad norm = 7.348932e-07, Beta update rate = 4.166074e-07
Epoch 222400 (4.4%): Train pred MSE = 6.156893e-09, Test pred MSE = 3.154819e-02, Param MSE = 3.167305e-01, Grad norm = 7.316572e-07, Beta update rate = 4.147757e-07
Epoch 222600 (4.5%): Train pred MSE = 6.103598e-09, Test pred MSE = 3.154821e-02, Param MSE = 3.167307e-01, Grad norm = 7.284361e-07, Beta update rate = 4.129524e-07
Epoch 222800 (4.5%): Train pred MSE = 6.050772e-09, Test pred MSE = 3.154823e-02, Param MSE = 3.167308e-01, Grad norm = 7.252297e-07, Beta update rate = 4.111374e-07
Epoch 223000 (4.5%): Train pred MSE = 5.998409e-09, Test pred MSE = 3.154825e-02, Param MSE = 3.167310e-01, Grad norm = 7.220379e-07, Beta update rate = 4.093307e-07
Epoch 223200 (4.5%): Train pred MSE = 5.946506e-09, Test pred MSE = 3.154827e-02, Param MSE = 3.167311e-01, Grad norm = 7.188608e-07, Beta update rate = 4.075323e-07
Epoch 223400 (4.5%): Train pred MSE = 5.895059e-09, Test pred MSE = 3.154829e-02, Param MSE = 3.167313e-01, Grad norm = 7.156982e-07, Beta update rate = 4.057420e-07
Epoch 223600 (4.5%): Train pred MSE = 5.844063e-09, Test pred MSE = 3.154831e-02, Param MSE = 3.167314e-01, Grad norm = 7.125500e-07, Beta update rate = 4.039600e-07
Epoch 223800 (4.5%): Train pred MSE = 5.793515e-09, Test pred MSE = 3.154833e-02, Param MSE = 3.167316e-01, Grad norm = 7.094162e-07, Beta update rate = 4.021860e-07
Epoch 224000 (4.5%): Train pred MSE = 5.743411e-09, Test pred MSE = 3.154835e-02, Param MSE = 3.167317e-01, Grad norm = 7.062967e-07, Beta update rate = 4.004202e-07
Epoch 224200 (4.5%): Train pred MSE = 5.693746e-09, Test pred MSE = 3.154836e-02, Param MSE = 3.167319e-01, Grad norm = 7.031915e-07, Beta update rate = 3.986624e-07
Epoch 224400 (4.5%): Train pred MSE = 5.644517e-09, Test pred MSE = 3.154838e-02, Param MSE = 3.167320e-01, Grad norm = 7.001004e-07, Beta update rate = 3.969126e-07
Epoch 224600 (4.5%): Train pred MSE = 5.595720e-09, Test pred MSE = 3.154840e-02, Param MSE = 3.167322e-01, Grad norm = 6.970235e-07, Beta update rate = 3.951707e-07
Epoch 224800 (4.5%): Train pred MSE = 5.547351e-09, Test pred MSE = 3.154842e-02, Param MSE = 3.167323e-01, Grad norm = 6.939606e-07, Beta update rate = 3.934369e-07
Epoch 225000 (4.5%): Train pred MSE = 5.499406e-09, Test pred MSE = 3.154844e-02, Param MSE = 3.167324e-01, Grad norm = 6.909116e-07, Beta update rate = 3.917109e-07
Epoch 225200 (4.5%): Train pred MSE = 5.451881e-09, Test pred MSE = 3.154846e-02, Param MSE = 3.167326e-01, Grad norm = 6.878766e-07, Beta update rate = 3.899927e-07
Epoch 225400 (4.5%): Train pred MSE = 5.404773e-09, Test pred MSE = 3.154848e-02, Param MSE = 3.167327e-01, Grad norm = 6.848554e-07, Beta update rate = 3.882824e-07
Epoch 225600 (4.5%): Train pred MSE = 5.358078e-09, Test pred MSE = 3.154850e-02, Param MSE = 3.167329e-01, Grad norm = 6.818479e-07, Beta update rate = 3.865799e-07
Epoch 225800 (4.5%): Train pred MSE = 5.311791e-09, Test pred MSE = 3.154851e-02, Param MSE = 3.167330e-01, Grad norm = 6.788542e-07, Beta update rate = 3.848851e-07
Epoch 226000 (4.5%): Train pred MSE = 5.265911e-09, Test pred MSE = 3.154853e-02, Param MSE = 3.167331e-01, Grad norm = 6.758741e-07, Beta update rate = 3.831980e-07
Epoch 226200 (4.5%): Train pred MSE = 5.220432e-09, Test pred MSE = 3.154855e-02, Param MSE = 3.167333e-01, Grad norm = 6.729075e-07, Beta update rate = 3.815186e-07
Epoch 226400 (4.5%): Train pred MSE = 5.175352e-09, Test pred MSE = 3.154857e-02, Param MSE = 3.167334e-01, Grad norm = 6.699545e-07, Beta update rate = 3.798468e-07
Epoch 226600 (4.5%): Train pred MSE = 5.130666e-09, Test pred MSE = 3.154859e-02, Param MSE = 3.167336e-01, Grad norm = 6.670149e-07, Beta update rate = 3.781826e-07
Epoch 226800 (4.5%): Train pred MSE = 5.086372e-09, Test pred MSE = 3.154861e-02, Param MSE = 3.167337e-01, Grad norm = 6.640887e-07, Beta update rate = 3.765260e-07
Epoch 227000 (4.5%): Train pred MSE = 5.042465e-09, Test pred MSE = 3.154862e-02, Param MSE = 3.167338e-01, Grad norm = 6.611758e-07, Beta update rate = 3.748769e-07
Epoch 227200 (4.5%): Train pred MSE = 4.998943e-09, Test pred MSE = 3.154864e-02, Param MSE = 3.167340e-01, Grad norm = 6.582762e-07, Beta update rate = 3.732353e-07
Epoch 227400 (4.5%): Train pred MSE = 4.955801e-09, Test pred MSE = 3.154866e-02, Param MSE = 3.167341e-01, Grad norm = 6.553897e-07, Beta update rate = 3.716012e-07
Epoch 227600 (4.6%): Train pred MSE = 4.913037e-09, Test pred MSE = 3.154868e-02, Param MSE = 3.167342e-01, Grad norm = 6.525163e-07, Beta update rate = 3.699744e-07
Epoch 227800 (4.6%): Train pred MSE = 4.870647e-09, Test pred MSE = 3.154869e-02, Param MSE = 3.167344e-01, Grad norm = 6.496560e-07, Beta update rate = 3.683551e-07
Epoch 228000 (4.6%): Train pred MSE = 4.828628e-09, Test pred MSE = 3.154871e-02, Param MSE = 3.167345e-01, Grad norm = 6.468087e-07, Beta update rate = 3.667431e-07
Epoch 228200 (4.6%): Train pred MSE = 4.786977e-09, Test pred MSE = 3.154873e-02, Param MSE = 3.167346e-01, Grad norm = 6.439744e-07, Beta update rate = 3.651383e-07
Epoch 228400 (4.6%): Train pred MSE = 4.745689e-09, Test pred MSE = 3.154875e-02, Param MSE = 3.167348e-01, Grad norm = 6.411529e-07, Beta update rate = 3.635409e-07
Epoch 228600 (4.6%): Train pred MSE = 4.704763e-09, Test pred MSE = 3.154876e-02, Param MSE = 3.167349e-01, Grad norm = 6.383442e-07, Beta update rate = 3.619507e-07
Epoch 228800 (4.6%): Train pred MSE = 4.664194e-09, Test pred MSE = 3.154878e-02, Param MSE = 3.167350e-01, Grad norm = 6.355482e-07, Beta update rate = 3.603677e-07
Epoch 229000 (4.6%): Train pred MSE = 4.623980e-09, Test pred MSE = 3.154880e-02, Param MSE = 3.167352e-01, Grad norm = 6.327649e-07, Beta update rate = 3.587919e-07
Epoch 229200 (4.6%): Train pred MSE = 4.584118e-09, Test pred MSE = 3.154882e-02, Param MSE = 3.167353e-01, Grad norm = 6.299943e-07, Beta update rate = 3.572232e-07
Epoch 229400 (4.6%): Train pred MSE = 4.544603e-09, Test pred MSE = 3.154883e-02, Param MSE = 3.167354e-01, Grad norm = 6.272362e-07, Beta update rate = 3.556617e-07
Epoch 229600 (4.6%): Train pred MSE = 4.505434e-09, Test pred MSE = 3.154885e-02, Param MSE = 3.167356e-01, Grad norm = 6.244907e-07, Beta update rate = 3.541072e-07
Epoch 229800 (4.6%): Train pred MSE = 4.466607e-09, Test pred MSE = 3.154887e-02, Param MSE = 3.167357e-01, Grad norm = 6.217575e-07, Beta update rate = 3.525597e-07
Epoch 230000 (4.6%): Train pred MSE = 4.428119e-09, Test pred MSE = 3.154888e-02, Param MSE = 3.167358e-01, Grad norm = 6.190368e-07, Beta update rate = 3.510192e-07
Epoch 230200 (4.6%): Train pred MSE = 4.389967e-09, Test pred MSE = 3.154890e-02, Param MSE = 3.167359e-01, Grad norm = 6.163284e-07, Beta update rate = 3.494857e-07
Epoch 230400 (4.6%): Train pred MSE = 4.352149e-09, Test pred MSE = 3.154892e-02, Param MSE = 3.167361e-01, Grad norm = 6.136322e-07, Beta update rate = 3.479591e-07
Epoch 230600 (4.6%): Train pred MSE = 4.314660e-09, Test pred MSE = 3.154893e-02, Param MSE = 3.167362e-01, Grad norm = 6.109483e-07, Beta update rate = 3.464395e-07
Epoch 230800 (4.6%): Train pred MSE = 4.277499e-09, Test pred MSE = 3.154895e-02, Param MSE = 3.167363e-01, Grad norm = 6.082765e-07, Beta update rate = 3.449267e-07
Epoch 231000 (4.6%): Train pred MSE = 4.240661e-09, Test pred MSE = 3.154897e-02, Param MSE = 3.167364e-01, Grad norm = 6.056168e-07, Beta update rate = 3.434207e-07
Epoch 231200 (4.6%): Train pred MSE = 4.204146e-09, Test pred MSE = 3.154898e-02, Param MSE = 3.167366e-01, Grad norm = 6.029691e-07, Beta update rate = 3.419215e-07
Epoch 231400 (4.6%): Train pred MSE = 4.167948e-09, Test pred MSE = 3.154900e-02, Param MSE = 3.167367e-01, Grad norm = 6.003334e-07, Beta update rate = 3.404291e-07
Epoch 231600 (4.6%): Train pred MSE = 4.132067e-09, Test pred MSE = 3.154902e-02, Param MSE = 3.167368e-01, Grad norm = 5.977096e-07, Beta update rate = 3.389435e-07
Epoch 231800 (4.6%): Train pred MSE = 4.096499e-09, Test pred MSE = 3.154903e-02, Param MSE = 3.167369e-01, Grad norm = 5.950977e-07, Beta update rate = 3.374645e-07
Epoch 232000 (4.6%): Train pred MSE = 4.061240e-09, Test pred MSE = 3.154905e-02, Param MSE = 3.167371e-01, Grad norm = 5.924976e-07, Beta update rate = 3.359923e-07
Epoch 232200 (4.6%): Train pred MSE = 4.026289e-09, Test pred MSE = 3.154906e-02, Param MSE = 3.167372e-01, Grad norm = 5.899092e-07, Beta update rate = 3.345266e-07
Epoch 232400 (4.6%): Train pred MSE = 3.991643e-09, Test pred MSE = 3.154908e-02, Param MSE = 3.167373e-01, Grad norm = 5.873326e-07, Beta update rate = 3.330676e-07
Epoch 232600 (4.7%): Train pred MSE = 3.957299e-09, Test pred MSE = 3.154910e-02, Param MSE = 3.167374e-01, Grad norm = 5.847675e-07, Beta update rate = 3.316152e-07
Epoch 232800 (4.7%): Train pred MSE = 3.923254e-09, Test pred MSE = 3.154911e-02, Param MSE = 3.167375e-01, Grad norm = 5.822141e-07, Beta update rate = 3.301693e-07
Epoch 233000 (4.7%): Train pred MSE = 3.889505e-09, Test pred MSE = 3.154913e-02, Param MSE = 3.167377e-01, Grad norm = 5.796722e-07, Beta update rate = 3.287299e-07
Epoch 233200 (4.7%): Train pred MSE = 3.856051e-09, Test pred MSE = 3.154914e-02, Param MSE = 3.167378e-01, Grad norm = 5.771417e-07, Beta update rate = 3.272970e-07
Epoch 233400 (4.7%): Train pred MSE = 3.822888e-09, Test pred MSE = 3.154916e-02, Param MSE = 3.167379e-01, Grad norm = 5.746227e-07, Beta update rate = 3.258706e-07
Epoch 233600 (4.7%): Train pred MSE = 3.790014e-09, Test pred MSE = 3.154917e-02, Param MSE = 3.167380e-01, Grad norm = 5.721150e-07, Beta update rate = 3.244506e-07
Epoch 233800 (4.7%): Train pred MSE = 3.757426e-09, Test pred MSE = 3.154919e-02, Param MSE = 3.167381e-01, Grad norm = 5.696187e-07, Beta update rate = 3.230369e-07
Epoch 234000 (4.7%): Train pred MSE = 3.725122e-09, Test pred MSE = 3.154920e-02, Param MSE = 3.167383e-01, Grad norm = 5.671336e-07, Beta update rate = 3.216297e-07
Epoch 234200 (4.7%): Train pred MSE = 3.693100e-09, Test pred MSE = 3.154922e-02, Param MSE = 3.167384e-01, Grad norm = 5.646597e-07, Beta update rate = 3.202288e-07
Epoch 234400 (4.7%): Train pred MSE = 3.661356e-09, Test pred MSE = 3.154924e-02, Param MSE = 3.167385e-01, Grad norm = 5.621969e-07, Beta update rate = 3.188341e-07
Epoch 234600 (4.7%): Train pred MSE = 3.629888e-09, Test pred MSE = 3.154925e-02, Param MSE = 3.167386e-01, Grad norm = 5.597453e-07, Beta update rate = 3.174458e-07
Epoch 234800 (4.7%): Train pred MSE = 3.598694e-09, Test pred MSE = 3.154927e-02, Param MSE = 3.167387e-01, Grad norm = 5.573047e-07, Beta update rate = 3.160637e-07
Epoch 235000 (4.7%): Train pred MSE = 3.567771e-09, Test pred MSE = 3.154928e-02, Param MSE = 3.167388e-01, Grad norm = 5.548751e-07, Beta update rate = 3.146878e-07
Epoch 235200 (4.7%): Train pred MSE = 3.537118e-09, Test pred MSE = 3.154930e-02, Param MSE = 3.167390e-01, Grad norm = 5.524564e-07, Beta update rate = 3.133181e-07
Epoch 235400 (4.7%): Train pred MSE = 3.506731e-09, Test pred MSE = 3.154931e-02, Param MSE = 3.167391e-01, Grad norm = 5.500486e-07, Beta update rate = 3.119546e-07
Epoch 235600 (4.7%): Train pred MSE = 3.476608e-09, Test pred MSE = 3.154933e-02, Param MSE = 3.167392e-01, Grad norm = 5.476516e-07, Beta update rate = 3.105972e-07
Epoch 235800 (4.7%): Train pred MSE = 3.446748e-09, Test pred MSE = 3.154934e-02, Param MSE = 3.167393e-01, Grad norm = 5.452655e-07, Beta update rate = 3.092458e-07
Epoch 236000 (4.7%): Train pred MSE = 3.417147e-09, Test pred MSE = 3.154935e-02, Param MSE = 3.167394e-01, Grad norm = 5.428900e-07, Beta update rate = 3.079006e-07
Epoch 236200 (4.7%): Train pred MSE = 3.387803e-09, Test pred MSE = 3.154937e-02, Param MSE = 3.167395e-01, Grad norm = 5.405253e-07, Beta update rate = 3.065614e-07
Epoch 236400 (4.7%): Train pred MSE = 3.358714e-09, Test pred MSE = 3.154938e-02, Param MSE = 3.167396e-01, Grad norm = 5.381712e-07, Beta update rate = 3.052282e-07
Epoch 236600 (4.7%): Train pred MSE = 3.329878e-09, Test pred MSE = 3.154940e-02, Param MSE = 3.167397e-01, Grad norm = 5.358276e-07, Beta update rate = 3.039010e-07
Epoch 236800 (4.7%): Train pred MSE = 3.301293e-09, Test pred MSE = 3.154941e-02, Param MSE = 3.167399e-01, Grad norm = 5.334946e-07, Beta update rate = 3.025797e-07
Epoch 237000 (4.7%): Train pred MSE = 3.272956e-09, Test pred MSE = 3.154943e-02, Param MSE = 3.167400e-01, Grad norm = 5.311721e-07, Beta update rate = 3.012644e-07
Epoch 237200 (4.7%): Train pred MSE = 3.244865e-09, Test pred MSE = 3.154944e-02, Param MSE = 3.167401e-01, Grad norm = 5.288600e-07, Beta update rate = 2.999550e-07
Epoch 237400 (4.7%): Train pred MSE = 3.217019e-09, Test pred MSE = 3.154946e-02, Param MSE = 3.167402e-01, Grad norm = 5.265583e-07, Beta update rate = 2.986514e-07
Epoch 237600 (4.8%): Train pred MSE = 3.189414e-09, Test pred MSE = 3.154947e-02, Param MSE = 3.167403e-01, Grad norm = 5.242670e-07, Beta update rate = 2.973537e-07
Epoch 237800 (4.8%): Train pred MSE = 3.162049e-09, Test pred MSE = 3.154948e-02, Param MSE = 3.167404e-01, Grad norm = 5.219859e-07, Beta update rate = 2.960618e-07
Epoch 238000 (4.8%): Train pred MSE = 3.134921e-09, Test pred MSE = 3.154950e-02, Param MSE = 3.167405e-01, Grad norm = 5.197150e-07, Beta update rate = 2.947757e-07
Epoch 238200 (4.8%): Train pred MSE = 3.108029e-09, Test pred MSE = 3.154951e-02, Param MSE = 3.167406e-01, Grad norm = 5.174544e-07, Beta update rate = 2.934953e-07
Epoch 238400 (4.8%): Train pred MSE = 3.081370e-09, Test pred MSE = 3.154953e-02, Param MSE = 3.167407e-01, Grad norm = 5.152039e-07, Beta update rate = 2.922207e-07
Epoch 238600 (4.8%): Train pred MSE = 3.054943e-09, Test pred MSE = 3.154954e-02, Param MSE = 3.167408e-01, Grad norm = 5.129634e-07, Beta update rate = 2.909518e-07
Epoch 238800 (4.8%): Train pred MSE = 3.028745e-09, Test pred MSE = 3.154955e-02, Param MSE = 3.167409e-01, Grad norm = 5.107331e-07, Beta update rate = 2.896886e-07
Epoch 239000 (4.8%): Train pred MSE = 3.002774e-09, Test pred MSE = 3.154957e-02, Param MSE = 3.167410e-01, Grad norm = 5.085127e-07, Beta update rate = 2.884310e-07
Epoch 239200 (4.8%): Train pred MSE = 2.977029e-09, Test pred MSE = 3.154958e-02, Param MSE = 3.167411e-01, Grad norm = 5.063023e-07, Beta update rate = 2.871791e-07
Epoch 239400 (4.8%): Train pred MSE = 2.951507e-09, Test pred MSE = 3.154959e-02, Param MSE = 3.167412e-01, Grad norm = 5.041017e-07, Beta update rate = 2.859327e-07
Epoch 239600 (4.8%): Train pred MSE = 2.926206e-09, Test pred MSE = 3.154961e-02, Param MSE = 3.167414e-01, Grad norm = 5.019111e-07, Beta update rate = 2.846920e-07
Epoch 239800 (4.8%): Train pred MSE = 2.901125e-09, Test pred MSE = 3.154962e-02, Param MSE = 3.167415e-01, Grad norm = 4.997302e-07, Beta update rate = 2.834567e-07
Epoch 240000 (4.8%): Train pred MSE = 2.876261e-09, Test pred MSE = 3.154964e-02, Param MSE = 3.167416e-01, Grad norm = 4.975592e-07, Beta update rate = 2.822270e-07
Epoch 240200 (4.8%): Train pred MSE = 2.851613e-09, Test pred MSE = 3.154965e-02, Param MSE = 3.167417e-01, Grad norm = 4.953978e-07, Beta update rate = 2.810028e-07
Epoch 240400 (4.8%): Train pred MSE = 2.827178e-09, Test pred MSE = 3.154966e-02, Param MSE = 3.167418e-01, Grad norm = 4.932461e-07, Beta update rate = 2.797841e-07
Epoch 240600 (4.8%): Train pred MSE = 2.802956e-09, Test pred MSE = 3.154968e-02, Param MSE = 3.167419e-01, Grad norm = 4.911041e-07, Beta update rate = 2.785708e-07
Epoch 240800 (4.8%): Train pred MSE = 2.778943e-09, Test pred MSE = 3.154969e-02, Param MSE = 3.167420e-01, Grad norm = 4.889716e-07, Beta update rate = 2.773630e-07
Epoch 241000 (4.8%): Train pred MSE = 2.755138e-09, Test pred MSE = 3.154970e-02, Param MSE = 3.167421e-01, Grad norm = 4.868487e-07, Beta update rate = 2.761605e-07
Epoch 241200 (4.8%): Train pred MSE = 2.731539e-09, Test pred MSE = 3.154971e-02, Param MSE = 3.167422e-01, Grad norm = 4.847352e-07, Beta update rate = 2.749634e-07
Epoch 241400 (4.8%): Train pred MSE = 2.708145e-09, Test pred MSE = 3.154973e-02, Param MSE = 3.167423e-01, Grad norm = 4.826312e-07, Beta update rate = 2.737716e-07
Epoch 241600 (4.8%): Train pred MSE = 2.684954e-09, Test pred MSE = 3.154974e-02, Param MSE = 3.167424e-01, Grad norm = 4.805366e-07, Beta update rate = 2.725852e-07
Epoch 241800 (4.8%): Train pred MSE = 2.661963e-09, Test pred MSE = 3.154975e-02, Param MSE = 3.167425e-01, Grad norm = 4.784514e-07, Beta update rate = 2.714041e-07
Epoch 242000 (4.8%): Train pred MSE = 2.639171e-09, Test pred MSE = 3.154977e-02, Param MSE = 3.167426e-01, Grad norm = 4.763755e-07, Beta update rate = 2.702282e-07
Epoch 242200 (4.8%): Train pred MSE = 2.616577e-09, Test pred MSE = 3.154978e-02, Param MSE = 3.167427e-01, Grad norm = 4.743089e-07, Beta update rate = 2.690575e-07
Epoch 242400 (4.8%): Train pred MSE = 2.594179e-09, Test pred MSE = 3.154979e-02, Param MSE = 3.167428e-01, Grad norm = 4.722515e-07, Beta update rate = 2.678921e-07
Epoch 242600 (4.9%): Train pred MSE = 2.571974e-09, Test pred MSE = 3.154980e-02, Param MSE = 3.167429e-01, Grad norm = 4.702033e-07, Beta update rate = 2.667319e-07
Epoch 242800 (4.9%): Train pred MSE = 2.549961e-09, Test pred MSE = 3.154982e-02, Param MSE = 3.167430e-01, Grad norm = 4.681642e-07, Beta update rate = 2.655769e-07
Epoch 243000 (4.9%): Train pred MSE = 2.528139e-09, Test pred MSE = 3.154983e-02, Param MSE = 3.167431e-01, Grad norm = 4.661342e-07, Beta update rate = 2.644270e-07
Epoch 243200 (4.9%): Train pred MSE = 2.506506e-09, Test pred MSE = 3.154984e-02, Param MSE = 3.167432e-01, Grad norm = 4.641133e-07, Beta update rate = 2.632822e-07
Epoch 243400 (4.9%): Train pred MSE = 2.485060e-09, Test pred MSE = 3.154985e-02, Param MSE = 3.167432e-01, Grad norm = 4.621015e-07, Beta update rate = 2.621426e-07
Epoch 243600 (4.9%): Train pred MSE = 2.463799e-09, Test pred MSE = 3.154987e-02, Param MSE = 3.167433e-01, Grad norm = 4.600985e-07, Beta update rate = 2.610080e-07
Epoch 243800 (4.9%): Train pred MSE = 2.442722e-09, Test pred MSE = 3.154988e-02, Param MSE = 3.167434e-01, Grad norm = 4.581046e-07, Beta update rate = 2.598784e-07
Epoch 244000 (4.9%): Train pred MSE = 2.421828e-09, Test pred MSE = 3.154989e-02, Param MSE = 3.167435e-01, Grad norm = 4.561195e-07, Beta update rate = 2.587539e-07
Epoch 244200 (4.9%): Train pred MSE = 2.401114e-09, Test pred MSE = 3.154990e-02, Param MSE = 3.167436e-01, Grad norm = 4.541432e-07, Beta update rate = 2.576344e-07
Epoch 244400 (4.9%): Train pred MSE = 2.380580e-09, Test pred MSE = 3.154992e-02, Param MSE = 3.167437e-01, Grad norm = 4.521758e-07, Beta update rate = 2.565199e-07
Epoch 244600 (4.9%): Train pred MSE = 2.360223e-09, Test pred MSE = 3.154993e-02, Param MSE = 3.167438e-01, Grad norm = 4.502171e-07, Beta update rate = 2.554103e-07
Epoch 244800 (4.9%): Train pred MSE = 2.340041e-09, Test pred MSE = 3.154994e-02, Param MSE = 3.167439e-01, Grad norm = 4.482672e-07, Beta update rate = 2.543057e-07
Epoch 245000 (4.9%): Train pred MSE = 2.320035e-09, Test pred MSE = 3.154995e-02, Param MSE = 3.167440e-01, Grad norm = 4.463259e-07, Beta update rate = 2.532060e-07
Epoch 245200 (4.9%): Train pred MSE = 2.300201e-09, Test pred MSE = 3.154996e-02, Param MSE = 3.167441e-01, Grad norm = 4.443933e-07, Beta update rate = 2.521111e-07
Epoch 245400 (4.9%): Train pred MSE = 2.280538e-09, Test pred MSE = 3.154998e-02, Param MSE = 3.167442e-01, Grad norm = 4.424693e-07, Beta update rate = 2.510212e-07
Epoch 245600 (4.9%): Train pred MSE = 2.261046e-09, Test pred MSE = 3.154999e-02, Param MSE = 3.167443e-01, Grad norm = 4.405539e-07, Beta update rate = 2.499361e-07
Epoch 245800 (4.9%): Train pred MSE = 2.241722e-09, Test pred MSE = 3.155000e-02, Param MSE = 3.167444e-01, Grad norm = 4.386470e-07, Beta update rate = 2.488558e-07
Epoch 246000 (4.9%): Train pred MSE = 2.222564e-09, Test pred MSE = 3.155001e-02, Param MSE = 3.167445e-01, Grad norm = 4.367486e-07, Beta update rate = 2.477803e-07
Epoch 246200 (4.9%): Train pred MSE = 2.203572e-09, Test pred MSE = 3.155002e-02, Param MSE = 3.167446e-01, Grad norm = 4.348586e-07, Beta update rate = 2.467095e-07
Epoch 246400 (4.9%): Train pred MSE = 2.184745e-09, Test pred MSE = 3.155003e-02, Param MSE = 3.167446e-01, Grad norm = 4.329770e-07, Beta update rate = 2.456436e-07
Epoch 246600 (4.9%): Train pred MSE = 2.166079e-09, Test pred MSE = 3.155005e-02, Param MSE = 3.167447e-01, Grad norm = 4.311038e-07, Beta update rate = 2.445824e-07
Epoch 246800 (4.9%): Train pred MSE = 2.147575e-09, Test pred MSE = 3.155006e-02, Param MSE = 3.167448e-01, Grad norm = 4.292390e-07, Beta update rate = 2.435258e-07
Epoch 247000 (4.9%): Train pred MSE = 2.129231e-09, Test pred MSE = 3.155007e-02, Param MSE = 3.167449e-01, Grad norm = 4.273824e-07, Beta update rate = 2.424740e-07
Epoch 247200 (4.9%): Train pred MSE = 2.111045e-09, Test pred MSE = 3.155008e-02, Param MSE = 3.167450e-01, Grad norm = 4.255340e-07, Beta update rate = 2.414268e-07
Epoch 247400 (4.9%): Train pred MSE = 2.093016e-09, Test pred MSE = 3.155009e-02, Param MSE = 3.167451e-01, Grad norm = 4.236939e-07, Beta update rate = 2.403843e-07
Epoch 247600 (5.0%): Train pred MSE = 2.075142e-09, Test pred MSE = 3.155010e-02, Param MSE = 3.167452e-01, Grad norm = 4.218620e-07, Beta update rate = 2.393464e-07
Epoch 247800 (5.0%): Train pred MSE = 2.057423e-09, Test pred MSE = 3.155012e-02, Param MSE = 3.167453e-01, Grad norm = 4.200382e-07, Beta update rate = 2.383132e-07
Epoch 248000 (5.0%): Train pred MSE = 2.039856e-09, Test pred MSE = 3.155013e-02, Param MSE = 3.167453e-01, Grad norm = 4.182225e-07, Beta update rate = 2.372844e-07
Epoch 248200 (5.0%): Train pred MSE = 2.022442e-09, Test pred MSE = 3.155014e-02, Param MSE = 3.167454e-01, Grad norm = 4.164148e-07, Beta update rate = 2.362603e-07
Epoch 248400 (5.0%): Train pred MSE = 2.005177e-09, Test pred MSE = 3.155015e-02, Param MSE = 3.167455e-01, Grad norm = 4.146152e-07, Beta update rate = 2.352407e-07
Epoch 248600 (5.0%): Train pred MSE = 1.988061e-09, Test pred MSE = 3.155016e-02, Param MSE = 3.167456e-01, Grad norm = 4.128236e-07, Beta update rate = 2.342256e-07
Epoch 248800 (5.0%): Train pred MSE = 1.971093e-09, Test pred MSE = 3.155017e-02, Param MSE = 3.167457e-01, Grad norm = 4.110399e-07, Beta update rate = 2.332150e-07
Epoch 249000 (5.0%): Train pred MSE = 1.954271e-09, Test pred MSE = 3.155018e-02, Param MSE = 3.167458e-01, Grad norm = 4.092642e-07, Beta update rate = 2.322089e-07
Epoch 249200 (5.0%): Train pred MSE = 1.937594e-09, Test pred MSE = 3.155019e-02, Param MSE = 3.167459e-01, Grad norm = 4.074963e-07, Beta update rate = 2.312073e-07
Epoch 249400 (5.0%): Train pred MSE = 1.921061e-09, Test pred MSE = 3.155020e-02, Param MSE = 3.167459e-01, Grad norm = 4.057362e-07, Beta update rate = 2.302100e-07
Epoch 249600 (5.0%): Train pred MSE = 1.904670e-09, Test pred MSE = 3.155021e-02, Param MSE = 3.167460e-01, Grad norm = 4.039840e-07, Beta update rate = 2.292172e-07
Epoch 249800 (5.0%): Train pred MSE = 1.888421e-09, Test pred MSE = 3.155023e-02, Param MSE = 3.167461e-01, Grad norm = 4.022395e-07, Beta update rate = 2.282288e-07
Epoch 250000 (5.0%): Train pred MSE = 1.872312e-09, Test pred MSE = 3.155024e-02, Param MSE = 3.167462e-01, Grad norm = 4.005028e-07, Beta update rate = 2.272448e-07
Epoch 250200 (5.0%): Train pred MSE = 1.856341e-09, Test pred MSE = 3.155025e-02, Param MSE = 3.167463e-01, Grad norm = 3.987738e-07, Beta update rate = 2.262651e-07
Epoch 250400 (5.0%): Train pred MSE = 1.840508e-09, Test pred MSE = 3.155026e-02, Param MSE = 3.167464e-01, Grad norm = 3.970524e-07, Beta update rate = 2.252897e-07
Epoch 250600 (5.0%): Train pred MSE = 1.824812e-09, Test pred MSE = 3.155027e-02, Param MSE = 3.167464e-01, Grad norm = 3.953386e-07, Beta update rate = 2.243187e-07
Epoch 250800 (5.0%): Train pred MSE = 1.809250e-09, Test pred MSE = 3.155028e-02, Param MSE = 3.167465e-01, Grad norm = 3.936325e-07, Beta update rate = 2.233520e-07
Epoch 251000 (5.0%): Train pred MSE = 1.793823e-09, Test pred MSE = 3.155029e-02, Param MSE = 3.167466e-01, Grad norm = 3.919339e-07, Beta update rate = 2.223895e-07
Epoch 251200 (5.0%): Train pred MSE = 1.778529e-09, Test pred MSE = 3.155030e-02, Param MSE = 3.167467e-01, Grad norm = 3.902428e-07, Beta update rate = 2.214313e-07
Epoch 251400 (5.0%): Train pred MSE = 1.763366e-09, Test pred MSE = 3.155031e-02, Param MSE = 3.167468e-01, Grad norm = 3.885592e-07, Beta update rate = 2.204773e-07
Epoch 251600 (5.0%): Train pred MSE = 1.748333e-09, Test pred MSE = 3.155032e-02, Param MSE = 3.167469e-01, Grad norm = 3.868830e-07, Beta update rate = 2.195276e-07
Epoch 251800 (5.0%): Train pred MSE = 1.733431e-09, Test pred MSE = 3.155033e-02, Param MSE = 3.167469e-01, Grad norm = 3.852143e-07, Beta update rate = 2.185820e-07
Epoch 252000 (5.0%): Train pred MSE = 1.718656e-09, Test pred MSE = 3.155034e-02, Param MSE = 3.167470e-01, Grad norm = 3.835529e-07, Beta update rate = 2.176406e-07
Epoch 252200 (5.0%): Train pred MSE = 1.704009e-09, Test pred MSE = 3.155035e-02, Param MSE = 3.167471e-01, Grad norm = 3.818989e-07, Beta update rate = 2.167034e-07
Epoch 252400 (5.0%): Train pred MSE = 1.689487e-09, Test pred MSE = 3.155036e-02, Param MSE = 3.167472e-01, Grad norm = 3.802523e-07, Beta update rate = 2.157703e-07
Epoch 252600 (5.1%): Train pred MSE = 1.675091e-09, Test pred MSE = 3.155037e-02, Param MSE = 3.167473e-01, Grad norm = 3.786129e-07, Beta update rate = 2.148413e-07
Epoch 252800 (5.1%): Train pred MSE = 1.660818e-09, Test pred MSE = 3.155038e-02, Param MSE = 3.167473e-01, Grad norm = 3.769807e-07, Beta update rate = 2.139164e-07
Epoch 253000 (5.1%): Train pred MSE = 1.646669e-09, Test pred MSE = 3.155039e-02, Param MSE = 3.167474e-01, Grad norm = 3.753558e-07, Beta update rate = 2.129957e-07
Epoch 253200 (5.1%): Train pred MSE = 1.632640e-09, Test pred MSE = 3.155040e-02, Param MSE = 3.167475e-01, Grad norm = 3.737380e-07, Beta update rate = 2.120789e-07
Epoch 253400 (5.1%): Train pred MSE = 1.618733e-09, Test pred MSE = 3.155041e-02, Param MSE = 3.167476e-01, Grad norm = 3.721274e-07, Beta update rate = 2.111663e-07
Epoch 253600 (5.1%): Train pred MSE = 1.604945e-09, Test pred MSE = 3.155042e-02, Param MSE = 3.167476e-01, Grad norm = 3.705239e-07, Beta update rate = 2.102576e-07
Epoch 253800 (5.1%): Train pred MSE = 1.591276e-09, Test pred MSE = 3.155043e-02, Param MSE = 3.167477e-01, Grad norm = 3.689275e-07, Beta update rate = 2.093529e-07
Epoch 254000 (5.1%): Train pred MSE = 1.577724e-09, Test pred MSE = 3.155044e-02, Param MSE = 3.167478e-01, Grad norm = 3.673382e-07, Beta update rate = 2.084523e-07
Epoch 254200 (5.1%): Train pred MSE = 1.564289e-09, Test pred MSE = 3.155045e-02, Param MSE = 3.167479e-01, Grad norm = 3.657558e-07, Beta update rate = 2.075556e-07
Epoch 254400 (5.1%): Train pred MSE = 1.550969e-09, Test pred MSE = 3.155046e-02, Param MSE = 3.167479e-01, Grad norm = 3.641805e-07, Beta update rate = 2.066629e-07
Epoch 254600 (5.1%): Train pred MSE = 1.537764e-09, Test pred MSE = 3.155047e-02, Param MSE = 3.167480e-01, Grad norm = 3.626121e-07, Beta update rate = 2.057741e-07
Epoch 254800 (5.1%): Train pred MSE = 1.524672e-09, Test pred MSE = 3.155048e-02, Param MSE = 3.167481e-01, Grad norm = 3.610506e-07, Beta update rate = 2.048892e-07
Epoch 255000 (5.1%): Train pred MSE = 1.511693e-09, Test pred MSE = 3.155049e-02, Param MSE = 3.167482e-01, Grad norm = 3.594960e-07, Beta update rate = 2.040082e-07
Epoch 255200 (5.1%): Train pred MSE = 1.498825e-09, Test pred MSE = 3.155050e-02, Param MSE = 3.167482e-01, Grad norm = 3.579483e-07, Beta update rate = 2.031311e-07
Epoch 255400 (5.1%): Train pred MSE = 1.486068e-09, Test pred MSE = 3.155051e-02, Param MSE = 3.167483e-01, Grad norm = 3.564074e-07, Beta update rate = 2.022578e-07
Epoch 255600 (5.1%): Train pred MSE = 1.473421e-09, Test pred MSE = 3.155052e-02, Param MSE = 3.167484e-01, Grad norm = 3.548733e-07, Beta update rate = 2.013884e-07
Epoch 255800 (5.1%): Train pred MSE = 1.460882e-09, Test pred MSE = 3.155053e-02, Param MSE = 3.167485e-01, Grad norm = 3.533459e-07, Beta update rate = 2.005229e-07
Epoch 256000 (5.1%): Train pred MSE = 1.448451e-09, Test pred MSE = 3.155054e-02, Param MSE = 3.167485e-01, Grad norm = 3.518253e-07, Beta update rate = 1.996611e-07
Epoch 256200 (5.1%): Train pred MSE = 1.436126e-09, Test pred MSE = 3.155055e-02, Param MSE = 3.167486e-01, Grad norm = 3.503114e-07, Beta update rate = 1.988032e-07
Epoch 256400 (5.1%): Train pred MSE = 1.423907e-09, Test pred MSE = 3.155056e-02, Param MSE = 3.167487e-01, Grad norm = 3.488042e-07, Beta update rate = 1.979490e-07
Epoch 256600 (5.1%): Train pred MSE = 1.411794e-09, Test pred MSE = 3.155057e-02, Param MSE = 3.167488e-01, Grad norm = 3.473036e-07, Beta update rate = 1.970985e-07
Epoch 256800 (5.1%): Train pred MSE = 1.399784e-09, Test pred MSE = 3.155058e-02, Param MSE = 3.167488e-01, Grad norm = 3.458096e-07, Beta update rate = 1.962518e-07
Epoch 257000 (5.1%): Train pred MSE = 1.387877e-09, Test pred MSE = 3.155058e-02, Param MSE = 3.167489e-01, Grad norm = 3.443222e-07, Beta update rate = 1.954089e-07
Epoch 257200 (5.1%): Train pred MSE = 1.376073e-09, Test pred MSE = 3.155059e-02, Param MSE = 3.167490e-01, Grad norm = 3.428413e-07, Beta update rate = 1.945696e-07
Epoch 257400 (5.1%): Train pred MSE = 1.364370e-09, Test pred MSE = 3.155060e-02, Param MSE = 3.167490e-01, Grad norm = 3.413670e-07, Beta update rate = 1.937340e-07
Epoch 257600 (5.2%): Train pred MSE = 1.352767e-09, Test pred MSE = 3.155061e-02, Param MSE = 3.167491e-01, Grad norm = 3.398992e-07, Beta update rate = 1.929021e-07
Epoch 257800 (5.2%): Train pred MSE = 1.341264e-09, Test pred MSE = 3.155062e-02, Param MSE = 3.167492e-01, Grad norm = 3.384378e-07, Beta update rate = 1.920739e-07
Epoch 258000 (5.2%): Train pred MSE = 1.329859e-09, Test pred MSE = 3.155063e-02, Param MSE = 3.167493e-01, Grad norm = 3.369829e-07, Beta update rate = 1.912493e-07
Epoch 258200 (5.2%): Train pred MSE = 1.318553e-09, Test pred MSE = 3.155064e-02, Param MSE = 3.167493e-01, Grad norm = 3.355343e-07, Beta update rate = 1.904283e-07
Epoch 258400 (5.2%): Train pred MSE = 1.307343e-09, Test pred MSE = 3.155065e-02, Param MSE = 3.167494e-01, Grad norm = 3.340921e-07, Beta update rate = 1.896109e-07
Epoch 258600 (5.2%): Train pred MSE = 1.296230e-09, Test pred MSE = 3.155066e-02, Param MSE = 3.167495e-01, Grad norm = 3.326563e-07, Beta update rate = 1.887971e-07
Epoch 258800 (5.2%): Train pred MSE = 1.285212e-09, Test pred MSE = 3.155067e-02, Param MSE = 3.167495e-01, Grad norm = 3.312268e-07, Beta update rate = 1.879869e-07
Epoch 259000 (5.2%): Train pred MSE = 1.274288e-09, Test pred MSE = 3.155067e-02, Param MSE = 3.167496e-01, Grad norm = 3.298036e-07, Beta update rate = 1.871803e-07
Epoch 259200 (5.2%): Train pred MSE = 1.263458e-09, Test pred MSE = 3.155068e-02, Param MSE = 3.167497e-01, Grad norm = 3.283866e-07, Beta update rate = 1.863772e-07
Epoch 259400 (5.2%): Train pred MSE = 1.252721e-09, Test pred MSE = 3.155069e-02, Param MSE = 3.167497e-01, Grad norm = 3.269759e-07, Beta update rate = 1.855776e-07
Epoch 259600 (5.2%): Train pred MSE = 1.242076e-09, Test pred MSE = 3.155070e-02, Param MSE = 3.167498e-01, Grad norm = 3.255713e-07, Beta update rate = 1.847815e-07
Epoch 259800 (5.2%): Train pred MSE = 1.231522e-09, Test pred MSE = 3.155071e-02, Param MSE = 3.167499e-01, Grad norm = 3.241730e-07, Beta update rate = 1.839889e-07
Epoch 260000 (5.2%): Train pred MSE = 1.221059e-09, Test pred MSE = 3.155072e-02, Param MSE = 3.167499e-01, Grad norm = 3.227808e-07, Beta update rate = 1.831998e-07
Epoch 260200 (5.2%): Train pred MSE = 1.210685e-09, Test pred MSE = 3.155073e-02, Param MSE = 3.167500e-01, Grad norm = 3.213947e-07, Beta update rate = 1.824141e-07
Epoch 260400 (5.2%): Train pred MSE = 1.200400e-09, Test pred MSE = 3.155074e-02, Param MSE = 3.167501e-01, Grad norm = 3.200146e-07, Beta update rate = 1.816319e-07
Epoch 260600 (5.2%): Train pred MSE = 1.190203e-09, Test pred MSE = 3.155074e-02, Param MSE = 3.167501e-01, Grad norm = 3.186407e-07, Beta update rate = 1.808532e-07
Epoch 260800 (5.2%): Train pred MSE = 1.180094e-09, Test pred MSE = 3.155075e-02, Param MSE = 3.167502e-01, Grad norm = 3.172728e-07, Beta update rate = 1.800778e-07
Epoch 261000 (5.2%): Train pred MSE = 1.170071e-09, Test pred MSE = 3.155076e-02, Param MSE = 3.167503e-01, Grad norm = 3.159109e-07, Beta update rate = 1.793059e-07
Epoch 261200 (5.2%): Train pred MSE = 1.160135e-09, Test pred MSE = 3.155077e-02, Param MSE = 3.167503e-01, Grad norm = 3.145549e-07, Beta update rate = 1.785373e-07
Epoch 261400 (5.2%): Train pred MSE = 1.150283e-09, Test pred MSE = 3.155078e-02, Param MSE = 3.167504e-01, Grad norm = 3.132049e-07, Beta update rate = 1.777721e-07
Epoch 261600 (5.2%): Train pred MSE = 1.140515e-09, Test pred MSE = 3.155079e-02, Param MSE = 3.167505e-01, Grad norm = 3.118609e-07, Beta update rate = 1.770102e-07
Epoch 261800 (5.2%): Train pred MSE = 1.130832e-09, Test pred MSE = 3.155079e-02, Param MSE = 3.167505e-01, Grad norm = 3.105227e-07, Beta update rate = 1.762517e-07
Epoch 262000 (5.2%): Train pred MSE = 1.121231e-09, Test pred MSE = 3.155080e-02, Param MSE = 3.167506e-01, Grad norm = 3.091904e-07, Beta update rate = 1.754965e-07
Epoch 262200 (5.2%): Train pred MSE = 1.111712e-09, Test pred MSE = 3.155081e-02, Param MSE = 3.167507e-01, Grad norm = 3.078640e-07, Beta update rate = 1.747446e-07
Epoch 262400 (5.2%): Train pred MSE = 1.102275e-09, Test pred MSE = 3.155082e-02, Param MSE = 3.167507e-01, Grad norm = 3.065433e-07, Beta update rate = 1.739960e-07
Epoch 262600 (5.3%): Train pred MSE = 1.092919e-09, Test pred MSE = 3.155083e-02, Param MSE = 3.167508e-01, Grad norm = 3.052285e-07, Beta update rate = 1.732507e-07
Epoch 262800 (5.3%): Train pred MSE = 1.083643e-09, Test pred MSE = 3.155084e-02, Param MSE = 3.167509e-01, Grad norm = 3.039194e-07, Beta update rate = 1.725086e-07
Epoch 263000 (5.3%): Train pred MSE = 1.074446e-09, Test pred MSE = 3.155084e-02, Param MSE = 3.167509e-01, Grad norm = 3.026161e-07, Beta update rate = 1.717698e-07
Epoch 263200 (5.3%): Train pred MSE = 1.065328e-09, Test pred MSE = 3.155085e-02, Param MSE = 3.167510e-01, Grad norm = 3.013184e-07, Beta update rate = 1.710343e-07
Epoch 263400 (5.3%): Train pred MSE = 1.056288e-09, Test pred MSE = 3.155086e-02, Param MSE = 3.167511e-01, Grad norm = 3.000265e-07, Beta update rate = 1.703019e-07
Epoch 263600 (5.3%): Train pred MSE = 1.047325e-09, Test pred MSE = 3.155087e-02, Param MSE = 3.167511e-01, Grad norm = 2.987402e-07, Beta update rate = 1.695727e-07
Epoch 263800 (5.3%): Train pred MSE = 1.038439e-09, Test pred MSE = 3.155088e-02, Param MSE = 3.167512e-01, Grad norm = 2.974596e-07, Beta update rate = 1.688468e-07
Epoch 264000 (5.3%): Train pred MSE = 1.029629e-09, Test pred MSE = 3.155088e-02, Param MSE = 3.167512e-01, Grad norm = 2.961845e-07, Beta update rate = 1.681240e-07
Epoch 264200 (5.3%): Train pred MSE = 1.020894e-09, Test pred MSE = 3.155089e-02, Param MSE = 3.167513e-01, Grad norm = 2.949151e-07, Beta update rate = 1.674044e-07
Epoch 264400 (5.3%): Train pred MSE = 1.012234e-09, Test pred MSE = 3.155090e-02, Param MSE = 3.167514e-01, Grad norm = 2.936512e-07, Beta update rate = 1.666879e-07
Epoch 264600 (5.3%): Train pred MSE = 1.003648e-09, Test pred MSE = 3.155091e-02, Param MSE = 3.167514e-01, Grad norm = 2.923928e-07, Beta update rate = 1.659745e-07
Epoch 264800 (5.3%): Train pred MSE = 9.951359e-10, Test pred MSE = 3.155091e-02, Param MSE = 3.167515e-01, Grad norm = 2.911400e-07, Beta update rate = 1.652643e-07
Epoch 265000 (5.3%): Train pred MSE = 9.866962e-10, Test pred MSE = 3.155092e-02, Param MSE = 3.167515e-01, Grad norm = 2.898926e-07, Beta update rate = 1.645572e-07
Epoch 265200 (5.3%): Train pred MSE = 9.783287e-10, Test pred MSE = 3.155093e-02, Param MSE = 3.167516e-01, Grad norm = 2.886507e-07, Beta update rate = 1.638531e-07
Epoch 265400 (5.3%): Train pred MSE = 9.700327e-10, Test pred MSE = 3.155094e-02, Param MSE = 3.167517e-01, Grad norm = 2.874142e-07, Beta update rate = 1.631522e-07
Epoch 265600 (5.3%): Train pred MSE = 9.618076e-10, Test pred MSE = 3.155095e-02, Param MSE = 3.167517e-01, Grad norm = 2.861831e-07, Beta update rate = 1.624543e-07
Epoch 265800 (5.3%): Train pred MSE = 9.536529e-10, Test pred MSE = 3.155095e-02, Param MSE = 3.167518e-01, Grad norm = 2.849575e-07, Beta update rate = 1.617594e-07
Epoch 266000 (5.3%): Train pred MSE = 9.455678e-10, Test pred MSE = 3.155096e-02, Param MSE = 3.167518e-01, Grad norm = 2.837371e-07, Beta update rate = 1.610676e-07
Epoch 266200 (5.3%): Train pred MSE = 9.375518e-10, Test pred MSE = 3.155097e-02, Param MSE = 3.167519e-01, Grad norm = 2.825221e-07, Beta update rate = 1.603788e-07
Epoch 266400 (5.3%): Train pred MSE = 9.296044e-10, Test pred MSE = 3.155098e-02, Param MSE = 3.167520e-01, Grad norm = 2.813125e-07, Beta update rate = 1.596930e-07
Epoch 266600 (5.3%): Train pred MSE = 9.217248e-10, Test pred MSE = 3.155098e-02, Param MSE = 3.167520e-01, Grad norm = 2.801081e-07, Beta update rate = 1.590102e-07
Epoch 266800 (5.3%): Train pred MSE = 9.139126e-10, Test pred MSE = 3.155099e-02, Param MSE = 3.167521e-01, Grad norm = 2.789090e-07, Beta update rate = 1.583304e-07
Epoch 267000 (5.3%): Train pred MSE = 9.061671e-10, Test pred MSE = 3.155100e-02, Param MSE = 3.167521e-01, Grad norm = 2.777151e-07, Beta update rate = 1.576535e-07
Epoch 267200 (5.3%): Train pred MSE = 8.984877e-10, Test pred MSE = 3.155101e-02, Param MSE = 3.167522e-01, Grad norm = 2.765264e-07, Beta update rate = 1.569796e-07
Epoch 267400 (5.3%): Train pred MSE = 8.908740e-10, Test pred MSE = 3.155101e-02, Param MSE = 3.167523e-01, Grad norm = 2.753429e-07, Beta update rate = 1.563086e-07
Epoch 267600 (5.4%): Train pred MSE = 8.833253e-10, Test pred MSE = 3.155102e-02, Param MSE = 3.167523e-01, Grad norm = 2.741646e-07, Beta update rate = 1.556406e-07
Epoch 267800 (5.4%): Train pred MSE = 8.758411e-10, Test pred MSE = 3.155103e-02, Param MSE = 3.167524e-01, Grad norm = 2.729915e-07, Beta update rate = 1.549755e-07
Epoch 268000 (5.4%): Train pred MSE = 8.684207e-10, Test pred MSE = 3.155103e-02, Param MSE = 3.167524e-01, Grad norm = 2.718234e-07, Beta update rate = 1.543133e-07
Epoch 268200 (5.4%): Train pred MSE = 8.610637e-10, Test pred MSE = 3.155104e-02, Param MSE = 3.167525e-01, Grad norm = 2.706605e-07, Beta update rate = 1.536539e-07
Epoch 268400 (5.4%): Train pred MSE = 8.537696e-10, Test pred MSE = 3.155105e-02, Param MSE = 3.167525e-01, Grad norm = 2.695027e-07, Beta update rate = 1.529975e-07
Epoch 268600 (5.4%): Train pred MSE = 8.465377e-10, Test pred MSE = 3.155106e-02, Param MSE = 3.167526e-01, Grad norm = 2.683498e-07, Beta update rate = 1.523439e-07
Epoch 268800 (5.4%): Train pred MSE = 8.393675e-10, Test pred MSE = 3.155106e-02, Param MSE = 3.167526e-01, Grad norm = 2.672021e-07, Beta update rate = 1.516931e-07
Epoch 269000 (5.4%): Train pred MSE = 8.322586e-10, Test pred MSE = 3.155107e-02, Param MSE = 3.167527e-01, Grad norm = 2.660593e-07, Beta update rate = 1.510452e-07
Epoch 269200 (5.4%): Train pred MSE = 8.252103e-10, Test pred MSE = 3.155108e-02, Param MSE = 3.167528e-01, Grad norm = 2.649215e-07, Beta update rate = 1.504001e-07
Epoch 269400 (5.4%): Train pred MSE = 8.182222e-10, Test pred MSE = 3.155108e-02, Param MSE = 3.167528e-01, Grad norm = 2.637887e-07, Beta update rate = 1.497578e-07
Epoch 269600 (5.4%): Train pred MSE = 8.112937e-10, Test pred MSE = 3.155109e-02, Param MSE = 3.167529e-01, Grad norm = 2.626609e-07, Beta update rate = 1.491183e-07
Epoch 269800 (5.4%): Train pred MSE = 8.044243e-10, Test pred MSE = 3.155110e-02, Param MSE = 3.167529e-01, Grad norm = 2.615379e-07, Beta update rate = 1.484816e-07
Epoch 270000 (5.4%): Train pred MSE = 7.976135e-10, Test pred MSE = 3.155111e-02, Param MSE = 3.167530e-01, Grad norm = 2.604198e-07, Beta update rate = 1.478477e-07
Epoch 270200 (5.4%): Train pred MSE = 7.908609e-10, Test pred MSE = 3.155111e-02, Param MSE = 3.167530e-01, Grad norm = 2.593067e-07, Beta update rate = 1.472165e-07
Epoch 270400 (5.4%): Train pred MSE = 7.841658e-10, Test pred MSE = 3.155112e-02, Param MSE = 3.167531e-01, Grad norm = 2.581983e-07, Beta update rate = 1.465881e-07
Epoch 270600 (5.4%): Train pred MSE = 7.775279e-10, Test pred MSE = 3.155113e-02, Param MSE = 3.167531e-01, Grad norm = 2.570948e-07, Beta update rate = 1.459624e-07
Epoch 270800 (5.4%): Train pred MSE = 7.709465e-10, Test pred MSE = 3.155113e-02, Param MSE = 3.167532e-01, Grad norm = 2.559961e-07, Beta update rate = 1.453395e-07
Epoch 271000 (5.4%): Train pred MSE = 7.644213e-10, Test pred MSE = 3.155114e-02, Param MSE = 3.167532e-01, Grad norm = 2.549022e-07, Beta update rate = 1.447192e-07
Epoch 271200 (5.4%): Train pred MSE = 7.579518e-10, Test pred MSE = 3.155115e-02, Param MSE = 3.167533e-01, Grad norm = 2.538131e-07, Beta update rate = 1.441017e-07
Epoch 271400 (5.4%): Train pred MSE = 7.515374e-10, Test pred MSE = 3.155115e-02, Param MSE = 3.167534e-01, Grad norm = 2.527287e-07, Beta update rate = 1.434868e-07
Epoch 271600 (5.4%): Train pred MSE = 7.451776e-10, Test pred MSE = 3.155116e-02, Param MSE = 3.167534e-01, Grad norm = 2.516491e-07, Beta update rate = 1.428746e-07
Epoch 271800 (5.4%): Train pred MSE = 7.388722e-10, Test pred MSE = 3.155117e-02, Param MSE = 3.167535e-01, Grad norm = 2.505741e-07, Beta update rate = 1.422651e-07
Epoch 272000 (5.4%): Train pred MSE = 7.326204e-10, Test pred MSE = 3.155117e-02, Param MSE = 3.167535e-01, Grad norm = 2.495038e-07, Beta update rate = 1.416582e-07
Epoch 272200 (5.4%): Train pred MSE = 7.264220e-10, Test pred MSE = 3.155118e-02, Param MSE = 3.167536e-01, Grad norm = 2.484382e-07, Beta update rate = 1.410539e-07
Epoch 272400 (5.4%): Train pred MSE = 7.202764e-10, Test pred MSE = 3.155119e-02, Param MSE = 3.167536e-01, Grad norm = 2.473772e-07, Beta update rate = 1.404523e-07
Epoch 272600 (5.5%): Train pred MSE = 7.141831e-10, Test pred MSE = 3.155119e-02, Param MSE = 3.167537e-01, Grad norm = 2.463208e-07, Beta update rate = 1.398533e-07
Epoch 272800 (5.5%): Train pred MSE = 7.081418e-10, Test pred MSE = 3.155120e-02, Param MSE = 3.167537e-01, Grad norm = 2.452691e-07, Beta update rate = 1.392569e-07
Epoch 273000 (5.5%): Train pred MSE = 7.021520e-10, Test pred MSE = 3.155121e-02, Param MSE = 3.167538e-01, Grad norm = 2.442219e-07, Beta update rate = 1.386631e-07
Epoch 273200 (5.5%): Train pred MSE = 6.962132e-10, Test pred MSE = 3.155121e-02, Param MSE = 3.167538e-01, Grad norm = 2.431793e-07, Beta update rate = 1.380719e-07
Epoch 273400 (5.5%): Train pred MSE = 6.903250e-10, Test pred MSE = 3.155122e-02, Param MSE = 3.167539e-01, Grad norm = 2.421412e-07, Beta update rate = 1.374832e-07
Epoch 273600 (5.5%): Train pred MSE = 6.844869e-10, Test pred MSE = 3.155123e-02, Param MSE = 3.167539e-01, Grad norm = 2.411076e-07, Beta update rate = 1.368971e-07
Epoch 273800 (5.5%): Train pred MSE = 6.786986e-10, Test pred MSE = 3.155123e-02, Param MSE = 3.167540e-01, Grad norm = 2.400785e-07, Beta update rate = 1.363136e-07
Epoch 274000 (5.5%): Train pred MSE = 6.729596e-10, Test pred MSE = 3.155124e-02, Param MSE = 3.167540e-01, Grad norm = 2.390539e-07, Beta update rate = 1.357325e-07
Epoch 274200 (5.5%): Train pred MSE = 6.672695e-10, Test pred MSE = 3.155124e-02, Param MSE = 3.167541e-01, Grad norm = 2.380337e-07, Beta update rate = 1.351540e-07
Epoch 274400 (5.5%): Train pred MSE = 6.616278e-10, Test pred MSE = 3.155125e-02, Param MSE = 3.167541e-01, Grad norm = 2.370180e-07, Beta update rate = 1.345780e-07
Epoch 274600 (5.5%): Train pred MSE = 6.560342e-10, Test pred MSE = 3.155126e-02, Param MSE = 3.167542e-01, Grad norm = 2.360067e-07, Beta update rate = 1.340046e-07
Epoch 274800 (5.5%): Train pred MSE = 6.504882e-10, Test pred MSE = 3.155126e-02, Param MSE = 3.167542e-01, Grad norm = 2.349998e-07, Beta update rate = 1.334336e-07
Epoch 275000 (5.5%): Train pred MSE = 6.449895e-10, Test pred MSE = 3.155127e-02, Param MSE = 3.167543e-01, Grad norm = 2.339973e-07, Beta update rate = 1.328650e-07
Epoch 275200 (5.5%): Train pred MSE = 6.395375e-10, Test pred MSE = 3.155128e-02, Param MSE = 3.167543e-01, Grad norm = 2.329991e-07, Beta update rate = 1.322990e-07
Epoch 275400 (5.5%): Train pred MSE = 6.341320e-10, Test pred MSE = 3.155128e-02, Param MSE = 3.167544e-01, Grad norm = 2.320052e-07, Beta update rate = 1.317354e-07
Epoch 275600 (5.5%): Train pred MSE = 6.287724e-10, Test pred MSE = 3.155129e-02, Param MSE = 3.167544e-01, Grad norm = 2.310157e-07, Beta update rate = 1.311742e-07
Epoch 275800 (5.5%): Train pred MSE = 6.234585e-10, Test pred MSE = 3.155129e-02, Param MSE = 3.167545e-01, Grad norm = 2.300305e-07, Beta update rate = 1.306155e-07
Epoch 276000 (5.5%): Train pred MSE = 6.181898e-10, Test pred MSE = 3.155130e-02, Param MSE = 3.167545e-01, Grad norm = 2.290496e-07, Beta update rate = 1.300592e-07
Epoch 276200 (5.5%): Train pred MSE = 6.129660e-10, Test pred MSE = 3.155131e-02, Param MSE = 3.167546e-01, Grad norm = 2.280729e-07, Beta update rate = 1.295053e-07
Epoch 276400 (5.5%): Train pred MSE = 6.077866e-10, Test pred MSE = 3.155131e-02, Param MSE = 3.167546e-01, Grad norm = 2.271004e-07, Beta update rate = 1.289538e-07
Epoch 276600 (5.5%): Train pred MSE = 6.026513e-10, Test pred MSE = 3.155132e-02, Param MSE = 3.167547e-01, Grad norm = 2.261322e-07, Beta update rate = 1.284047e-07
Epoch 276800 (5.5%): Train pred MSE = 5.975596e-10, Test pred MSE = 3.155132e-02, Param MSE = 3.167547e-01, Grad norm = 2.251682e-07, Beta update rate = 1.278580e-07
Epoch 277000 (5.5%): Train pred MSE = 5.925113e-10, Test pred MSE = 3.155133e-02, Param MSE = 3.167548e-01, Grad norm = 2.242084e-07, Beta update rate = 1.273137e-07
Epoch 277200 (5.5%): Train pred MSE = 5.875060e-10, Test pred MSE = 3.155134e-02, Param MSE = 3.167548e-01, Grad norm = 2.232527e-07, Beta update rate = 1.267717e-07
Epoch 277400 (5.5%): Train pred MSE = 5.825432e-10, Test pred MSE = 3.155134e-02, Param MSE = 3.167548e-01, Grad norm = 2.223012e-07, Beta update rate = 1.262321e-07
Epoch 277600 (5.6%): Train pred MSE = 5.776226e-10, Test pred MSE = 3.155135e-02, Param MSE = 3.167549e-01, Grad norm = 2.213538e-07, Beta update rate = 1.256948e-07
Epoch 277800 (5.6%): Train pred MSE = 5.727439e-10, Test pred MSE = 3.155135e-02, Param MSE = 3.167549e-01, Grad norm = 2.204105e-07, Beta update rate = 1.251598e-07
Epoch 278000 (5.6%): Train pred MSE = 5.679066e-10, Test pred MSE = 3.155136e-02, Param MSE = 3.167550e-01, Grad norm = 2.194713e-07, Beta update rate = 1.246271e-07
Epoch 278200 (5.6%): Train pred MSE = 5.631105e-10, Test pred MSE = 3.155137e-02, Param MSE = 3.167550e-01, Grad norm = 2.185362e-07, Beta update rate = 1.240968e-07
Epoch 278400 (5.6%): Train pred MSE = 5.583552e-10, Test pred MSE = 3.155137e-02, Param MSE = 3.167551e-01, Grad norm = 2.176051e-07, Beta update rate = 1.235687e-07
Epoch 278600 (5.6%): Train pred MSE = 5.536403e-10, Test pred MSE = 3.155138e-02, Param MSE = 3.167551e-01, Grad norm = 2.166781e-07, Beta update rate = 1.230430e-07
Epoch 278800 (5.6%): Train pred MSE = 5.489655e-10, Test pred MSE = 3.155138e-02, Param MSE = 3.167552e-01, Grad norm = 2.157551e-07, Beta update rate = 1.225195e-07
Epoch 279000 (5.6%): Train pred MSE = 5.443305e-10, Test pred MSE = 3.155139e-02, Param MSE = 3.167552e-01, Grad norm = 2.148361e-07, Beta update rate = 1.219982e-07
Epoch 279200 (5.6%): Train pred MSE = 5.397348e-10, Test pred MSE = 3.155139e-02, Param MSE = 3.167553e-01, Grad norm = 2.139210e-07, Beta update rate = 1.214793e-07
Epoch 279400 (5.6%): Train pred MSE = 5.351782e-10, Test pred MSE = 3.155140e-02, Param MSE = 3.167553e-01, Grad norm = 2.130100e-07, Beta update rate = 1.209626e-07
Epoch 279600 (5.6%): Train pred MSE = 5.306603e-10, Test pred MSE = 3.155141e-02, Param MSE = 3.167553e-01, Grad norm = 2.121029e-07, Beta update rate = 1.204481e-07
Epoch 279800 (5.6%): Train pred MSE = 5.261808e-10, Test pred MSE = 3.155141e-02, Param MSE = 3.167554e-01, Grad norm = 2.111997e-07, Beta update rate = 1.199358e-07
Epoch 280000 (5.6%): Train pred MSE = 5.217394e-10, Test pred MSE = 3.155142e-02, Param MSE = 3.167554e-01, Grad norm = 2.103004e-07, Beta update rate = 1.194258e-07
Epoch 280200 (5.6%): Train pred MSE = 5.173358e-10, Test pred MSE = 3.155142e-02, Param MSE = 3.167555e-01, Grad norm = 2.094051e-07, Beta update rate = 1.189179e-07
Epoch 280400 (5.6%): Train pred MSE = 5.129695e-10, Test pred MSE = 3.155143e-02, Param MSE = 3.167555e-01, Grad norm = 2.085136e-07, Beta update rate = 1.184123e-07
Epoch 280600 (5.6%): Train pred MSE = 5.086404e-10, Test pred MSE = 3.155143e-02, Param MSE = 3.167556e-01, Grad norm = 2.076259e-07, Beta update rate = 1.179088e-07
Epoch 280800 (5.6%): Train pred MSE = 5.043480e-10, Test pred MSE = 3.155144e-02, Param MSE = 3.167556e-01, Grad norm = 2.067422e-07, Beta update rate = 1.174075e-07
Epoch 281000 (5.6%): Train pred MSE = 5.000921e-10, Test pred MSE = 3.155144e-02, Param MSE = 3.167557e-01, Grad norm = 2.058622e-07, Beta update rate = 1.169084e-07
Epoch 281200 (5.6%): Train pred MSE = 4.958723e-10, Test pred MSE = 3.155145e-02, Param MSE = 3.167557e-01, Grad norm = 2.049860e-07, Beta update rate = 1.164115e-07
Epoch 281400 (5.6%): Train pred MSE = 4.916884e-10, Test pred MSE = 3.155145e-02, Param MSE = 3.167557e-01, Grad norm = 2.041137e-07, Beta update rate = 1.159167e-07
Epoch 281600 (5.6%): Train pred MSE = 4.875400e-10, Test pred MSE = 3.155146e-02, Param MSE = 3.167558e-01, Grad norm = 2.032451e-07, Beta update rate = 1.154240e-07
Epoch 281800 (5.6%): Train pred MSE = 4.834268e-10, Test pred MSE = 3.155147e-02, Param MSE = 3.167558e-01, Grad norm = 2.023803e-07, Beta update rate = 1.149335e-07
Epoch 282000 (5.6%): Train pred MSE = 4.793486e-10, Test pred MSE = 3.155147e-02, Param MSE = 3.167559e-01, Grad norm = 2.015192e-07, Beta update rate = 1.144451e-07
Epoch 282200 (5.6%): Train pred MSE = 4.753050e-10, Test pred MSE = 3.155148e-02, Param MSE = 3.167559e-01, Grad norm = 2.006618e-07, Beta update rate = 1.139587e-07
Epoch 282400 (5.6%): Train pred MSE = 4.712957e-10, Test pred MSE = 3.155148e-02, Param MSE = 3.167560e-01, Grad norm = 1.998082e-07, Beta update rate = 1.134745e-07
Epoch 282600 (5.7%): Train pred MSE = 4.673205e-10, Test pred MSE = 3.155149e-02, Param MSE = 3.167560e-01, Grad norm = 1.989582e-07, Beta update rate = 1.129924e-07
Epoch 282800 (5.7%): Train pred MSE = 4.633790e-10, Test pred MSE = 3.155149e-02, Param MSE = 3.167560e-01, Grad norm = 1.981120e-07, Beta update rate = 1.125124e-07
Epoch 283000 (5.7%): Train pred MSE = 4.594710e-10, Test pred MSE = 3.155150e-02, Param MSE = 3.167561e-01, Grad norm = 1.972693e-07, Beta update rate = 1.120344e-07
Epoch 283200 (5.7%): Train pred MSE = 4.555961e-10, Test pred MSE = 3.155150e-02, Param MSE = 3.167561e-01, Grad norm = 1.964304e-07, Beta update rate = 1.115585e-07
Epoch 283400 (5.7%): Train pred MSE = 4.517541e-10, Test pred MSE = 3.155151e-02, Param MSE = 3.167562e-01, Grad norm = 1.955950e-07, Beta update rate = 1.110847e-07
Epoch 283600 (5.7%): Train pred MSE = 4.479448e-10, Test pred MSE = 3.155151e-02, Param MSE = 3.167562e-01, Grad norm = 1.947633e-07, Beta update rate = 1.106129e-07
Epoch 283800 (5.7%): Train pred MSE = 4.441677e-10, Test pred MSE = 3.155152e-02, Param MSE = 3.167562e-01, Grad norm = 1.939351e-07, Beta update rate = 1.101431e-07
Epoch 284000 (5.7%): Train pred MSE = 4.404228e-10, Test pred MSE = 3.155152e-02, Param MSE = 3.167563e-01, Grad norm = 1.931106e-07, Beta update rate = 1.096754e-07
Epoch 284200 (5.7%): Train pred MSE = 4.367095e-10, Test pred MSE = 3.155153e-02, Param MSE = 3.167563e-01, Grad norm = 1.922896e-07, Beta update rate = 1.092097e-07
Epoch 284400 (5.7%): Train pred MSE = 4.330278e-10, Test pred MSE = 3.155153e-02, Param MSE = 3.167564e-01, Grad norm = 1.914721e-07, Beta update rate = 1.087460e-07
Epoch 284600 (5.7%): Train pred MSE = 4.293774e-10, Test pred MSE = 3.155154e-02, Param MSE = 3.167564e-01, Grad norm = 1.906582e-07, Beta update rate = 1.082843e-07
Epoch 284800 (5.7%): Train pred MSE = 4.257579e-10, Test pred MSE = 3.155154e-02, Param MSE = 3.167564e-01, Grad norm = 1.898478e-07, Beta update rate = 1.078246e-07
Epoch 285000 (5.7%): Train pred MSE = 4.221691e-10, Test pred MSE = 3.155155e-02, Param MSE = 3.167565e-01, Grad norm = 1.890409e-07, Beta update rate = 1.073668e-07
Epoch 285200 (5.7%): Train pred MSE = 4.186107e-10, Test pred MSE = 3.155155e-02, Param MSE = 3.167565e-01, Grad norm = 1.882375e-07, Beta update rate = 1.069111e-07
Epoch 285400 (5.7%): Train pred MSE = 4.150825e-10, Test pred MSE = 3.155156e-02, Param MSE = 3.167566e-01, Grad norm = 1.874375e-07, Beta update rate = 1.064573e-07
Epoch 285600 (5.7%): Train pred MSE = 4.115843e-10, Test pred MSE = 3.155156e-02, Param MSE = 3.167566e-01, Grad norm = 1.866411e-07, Beta update rate = 1.060054e-07
Epoch 285800 (5.7%): Train pred MSE = 4.081157e-10, Test pred MSE = 3.155157e-02, Param MSE = 3.167566e-01, Grad norm = 1.858480e-07, Beta update rate = 1.055556e-07
Epoch 286000 (5.7%): Train pred MSE = 4.046765e-10, Test pred MSE = 3.155157e-02, Param MSE = 3.167567e-01, Grad norm = 1.850584e-07, Beta update rate = 1.051076e-07
Epoch 286200 (5.7%): Train pred MSE = 4.012665e-10, Test pred MSE = 3.155158e-02, Param MSE = 3.167567e-01, Grad norm = 1.842721e-07, Beta update rate = 1.046616e-07
Epoch 286400 (5.7%): Train pred MSE = 3.978854e-10, Test pred MSE = 3.155158e-02, Param MSE = 3.167568e-01, Grad norm = 1.834893e-07, Beta update rate = 1.042175e-07
Epoch 286600 (5.7%): Train pred MSE = 3.945330e-10, Test pred MSE = 3.155159e-02, Param MSE = 3.167568e-01, Grad norm = 1.827099e-07, Beta update rate = 1.037753e-07
Epoch 286800 (5.7%): Train pred MSE = 3.912090e-10, Test pred MSE = 3.155159e-02, Param MSE = 3.167568e-01, Grad norm = 1.819338e-07, Beta update rate = 1.033351e-07
Epoch 287000 (5.7%): Train pred MSE = 3.879131e-10, Test pred MSE = 3.155160e-02, Param MSE = 3.167569e-01, Grad norm = 1.811611e-07, Beta update rate = 1.028967e-07
Epoch 287200 (5.7%): Train pred MSE = 3.846452e-10, Test pred MSE = 3.155160e-02, Param MSE = 3.167569e-01, Grad norm = 1.803917e-07, Beta update rate = 1.024602e-07
Epoch 287400 (5.7%): Train pred MSE = 3.814050e-10, Test pred MSE = 3.155161e-02, Param MSE = 3.167569e-01, Grad norm = 1.796256e-07, Beta update rate = 1.020256e-07
Epoch 287600 (5.8%): Train pred MSE = 3.781923e-10, Test pred MSE = 3.155161e-02, Param MSE = 3.167570e-01, Grad norm = 1.788628e-07, Beta update rate = 1.015928e-07
Epoch 287800 (5.8%): Train pred MSE = 3.750068e-10, Test pred MSE = 3.155162e-02, Param MSE = 3.167570e-01, Grad norm = 1.781033e-07, Beta update rate = 1.011620e-07
Epoch 288000 (5.8%): Train pred MSE = 3.718483e-10, Test pred MSE = 3.155162e-02, Param MSE = 3.167571e-01, Grad norm = 1.773471e-07, Beta update rate = 1.007330e-07
Epoch 288200 (5.8%): Train pred MSE = 3.687165e-10, Test pred MSE = 3.155163e-02, Param MSE = 3.167571e-01, Grad norm = 1.765941e-07, Beta update rate = 1.003058e-07
Epoch 288400 (5.8%): Train pred MSE = 3.656113e-10, Test pred MSE = 3.155163e-02, Param MSE = 3.167571e-01, Grad norm = 1.758444e-07, Beta update rate = 9.988046e-08
Epoch 288600 (5.8%): Train pred MSE = 3.625324e-10, Test pred MSE = 3.155164e-02, Param MSE = 3.167572e-01, Grad norm = 1.750980e-07, Beta update rate = 9.945696e-08
Epoch 288800 (5.8%): Train pred MSE = 3.594796e-10, Test pred MSE = 3.155164e-02, Param MSE = 3.167572e-01, Grad norm = 1.743547e-07, Beta update rate = 9.903528e-08
Epoch 289000 (5.8%): Train pred MSE = 3.564526e-10, Test pred MSE = 3.155164e-02, Param MSE = 3.167572e-01, Grad norm = 1.736147e-07, Beta update rate = 9.861542e-08
Epoch 289200 (5.8%): Train pred MSE = 3.534513e-10, Test pred MSE = 3.155165e-02, Param MSE = 3.167573e-01, Grad norm = 1.728778e-07, Beta update rate = 9.819737e-08
Epoch 289400 (5.8%): Train pred MSE = 3.504754e-10, Test pred MSE = 3.155165e-02, Param MSE = 3.167573e-01, Grad norm = 1.721441e-07, Beta update rate = 9.778111e-08
Epoch 289600 (5.8%): Train pred MSE = 3.475247e-10, Test pred MSE = 3.155166e-02, Param MSE = 3.167574e-01, Grad norm = 1.714136e-07, Beta update rate = 9.736665e-08
Epoch 289800 (5.8%): Train pred MSE = 3.445990e-10, Test pred MSE = 3.155166e-02, Param MSE = 3.167574e-01, Grad norm = 1.706862e-07, Beta update rate = 9.695397e-08
Epoch 290000 (5.8%): Train pred MSE = 3.416980e-10, Test pred MSE = 3.155167e-02, Param MSE = 3.167574e-01, Grad norm = 1.699620e-07, Beta update rate = 9.654306e-08
Epoch 290200 (5.8%): Train pred MSE = 3.388217e-10, Test pred MSE = 3.155167e-02, Param MSE = 3.167575e-01, Grad norm = 1.692408e-07, Beta update rate = 9.613393e-08
Epoch 290400 (5.8%): Train pred MSE = 3.359696e-10, Test pred MSE = 3.155168e-02, Param MSE = 3.167575e-01, Grad norm = 1.685228e-07, Beta update rate = 9.572655e-08
Epoch 290600 (5.8%): Train pred MSE = 3.331418e-10, Test pred MSE = 3.155168e-02, Param MSE = 3.167575e-01, Grad norm = 1.678079e-07, Beta update rate = 9.532092e-08
Epoch 290800 (5.8%): Train pred MSE = 3.303379e-10, Test pred MSE = 3.155169e-02, Param MSE = 3.167576e-01, Grad norm = 1.670960e-07, Beta update rate = 9.491704e-08
Epoch 291000 (5.8%): Train pred MSE = 3.275577e-10, Test pred MSE = 3.155169e-02, Param MSE = 3.167576e-01, Grad norm = 1.663873e-07, Beta update rate = 9.451489e-08
Epoch 291200 (5.8%): Train pred MSE = 3.248010e-10, Test pred MSE = 3.155169e-02, Param MSE = 3.167576e-01, Grad norm = 1.656815e-07, Beta update rate = 9.411448e-08
Epoch 291400 (5.8%): Train pred MSE = 3.220677e-10, Test pred MSE = 3.155170e-02, Param MSE = 3.167577e-01, Grad norm = 1.649788e-07, Beta update rate = 9.371578e-08
Epoch 291600 (5.8%): Train pred MSE = 3.193575e-10, Test pred MSE = 3.155170e-02, Param MSE = 3.167577e-01, Grad norm = 1.642792e-07, Beta update rate = 9.331880e-08
Epoch 291800 (5.8%): Train pred MSE = 3.166703e-10, Test pred MSE = 3.155171e-02, Param MSE = 3.167577e-01, Grad norm = 1.635825e-07, Beta update rate = 9.292353e-08
Epoch 292000 (5.8%): Train pred MSE = 3.140058e-10, Test pred MSE = 3.155171e-02, Param MSE = 3.167578e-01, Grad norm = 1.628888e-07, Beta update rate = 9.252995e-08
Epoch 292200 (5.8%): Train pred MSE = 3.113638e-10, Test pred MSE = 3.155172e-02, Param MSE = 3.167578e-01, Grad norm = 1.621982e-07, Beta update rate = 9.213806e-08
Epoch 292400 (5.8%): Train pred MSE = 3.087442e-10, Test pred MSE = 3.155172e-02, Param MSE = 3.167578e-01, Grad norm = 1.615105e-07, Beta update rate = 9.174786e-08
Epoch 292600 (5.9%): Train pred MSE = 3.061468e-10, Test pred MSE = 3.155172e-02, Param MSE = 3.167579e-01, Grad norm = 1.608257e-07, Beta update rate = 9.135934e-08
Epoch 292800 (5.9%): Train pred MSE = 3.035714e-10, Test pred MSE = 3.155173e-02, Param MSE = 3.167579e-01, Grad norm = 1.601439e-07, Beta update rate = 9.097248e-08
Epoch 293000 (5.9%): Train pred MSE = 3.010177e-10, Test pred MSE = 3.155173e-02, Param MSE = 3.167579e-01, Grad norm = 1.594651e-07, Beta update rate = 9.058729e-08
Epoch 293200 (5.9%): Train pred MSE = 2.984856e-10, Test pred MSE = 3.155174e-02, Param MSE = 3.167580e-01, Grad norm = 1.587891e-07, Beta update rate = 9.020375e-08
Epoch 293400 (5.9%): Train pred MSE = 2.959750e-10, Test pred MSE = 3.155174e-02, Param MSE = 3.167580e-01, Grad norm = 1.581161e-07, Beta update rate = 8.982185e-08
Epoch 293600 (5.9%): Train pred MSE = 2.934856e-10, Test pred MSE = 3.155175e-02, Param MSE = 3.167580e-01, Grad norm = 1.574459e-07, Beta update rate = 8.944160e-08
Epoch 293800 (5.9%): Train pred MSE = 2.910173e-10, Test pred MSE = 3.155175e-02, Param MSE = 3.167581e-01, Grad norm = 1.567787e-07, Beta update rate = 8.906298e-08
Epoch 294000 (5.9%): Train pred MSE = 2.885698e-10, Test pred MSE = 3.155175e-02, Param MSE = 3.167581e-01, Grad norm = 1.561143e-07, Beta update rate = 8.868599e-08
Epoch 294200 (5.9%): Train pred MSE = 2.861430e-10, Test pred MSE = 3.155176e-02, Param MSE = 3.167581e-01, Grad norm = 1.554527e-07, Beta update rate = 8.831061e-08
Epoch 294400 (5.9%): Train pred MSE = 2.837368e-10, Test pred MSE = 3.155176e-02, Param MSE = 3.167582e-01, Grad norm = 1.547940e-07, Beta update rate = 8.793684e-08
Epoch 294600 (5.9%): Train pred MSE = 2.813509e-10, Test pred MSE = 3.155177e-02, Param MSE = 3.167582e-01, Grad norm = 1.541382e-07, Beta update rate = 8.756468e-08
Epoch 294800 (5.9%): Train pred MSE = 2.789851e-10, Test pred MSE = 3.155177e-02, Param MSE = 3.167582e-01, Grad norm = 1.534851e-07, Beta update rate = 8.719412e-08
Epoch 295000 (5.9%): Train pred MSE = 2.766394e-10, Test pred MSE = 3.155177e-02, Param MSE = 3.167583e-01, Grad norm = 1.528349e-07, Beta update rate = 8.682515e-08
Epoch 295200 (5.9%): Train pred MSE = 2.743135e-10, Test pred MSE = 3.155178e-02, Param MSE = 3.167583e-01, Grad norm = 1.521875e-07, Beta update rate = 8.645776e-08
Epoch 295400 (5.9%): Train pred MSE = 2.720073e-10, Test pred MSE = 3.155178e-02, Param MSE = 3.167583e-01, Grad norm = 1.515428e-07, Beta update rate = 8.609194e-08
Epoch 295600 (5.9%): Train pred MSE = 2.697206e-10, Test pred MSE = 3.155179e-02, Param MSE = 3.167584e-01, Grad norm = 1.509009e-07, Beta update rate = 8.572770e-08
Epoch 295800 (5.9%): Train pred MSE = 2.674532e-10, Test pred MSE = 3.155179e-02, Param MSE = 3.167584e-01, Grad norm = 1.502618e-07, Beta update rate = 8.536501e-08
Epoch 296000 (5.9%): Train pred MSE = 2.652050e-10, Test pred MSE = 3.155179e-02, Param MSE = 3.167584e-01, Grad norm = 1.496254e-07, Beta update rate = 8.500389e-08
Epoch 296200 (5.9%): Train pred MSE = 2.629757e-10, Test pred MSE = 3.155180e-02, Param MSE = 3.167585e-01, Grad norm = 1.489917e-07, Beta update rate = 8.464431e-08
Epoch 296400 (5.9%): Train pred MSE = 2.607653e-10, Test pred MSE = 3.155180e-02, Param MSE = 3.167585e-01, Grad norm = 1.483608e-07, Beta update rate = 8.428627e-08
Epoch 296600 (5.9%): Train pred MSE = 2.585736e-10, Test pred MSE = 3.155181e-02, Param MSE = 3.167585e-01, Grad norm = 1.477326e-07, Beta update rate = 8.392977e-08
Epoch 296800 (5.9%): Train pred MSE = 2.564004e-10, Test pred MSE = 3.155181e-02, Param MSE = 3.167586e-01, Grad norm = 1.471070e-07, Beta update rate = 8.357480e-08
Epoch 297000 (5.9%): Train pred MSE = 2.542456e-10, Test pred MSE = 3.155181e-02, Param MSE = 3.167586e-01, Grad norm = 1.464842e-07, Beta update rate = 8.322135e-08
Epoch 297200 (5.9%): Train pred MSE = 2.521090e-10, Test pred MSE = 3.155182e-02, Param MSE = 3.167586e-01, Grad norm = 1.458640e-07, Beta update rate = 8.286941e-08
Epoch 297400 (5.9%): Train pred MSE = 2.499904e-10, Test pred MSE = 3.155182e-02, Param MSE = 3.167587e-01, Grad norm = 1.452465e-07, Beta update rate = 8.251899e-08
Epoch 297600 (6.0%): Train pred MSE = 2.478898e-10, Test pred MSE = 3.155182e-02, Param MSE = 3.167587e-01, Grad norm = 1.446316e-07, Beta update rate = 8.217006e-08
Epoch 297800 (6.0%): Train pred MSE = 2.458069e-10, Test pred MSE = 3.155183e-02, Param MSE = 3.167587e-01, Grad norm = 1.440194e-07, Beta update rate = 8.182263e-08
Epoch 298000 (6.0%): Train pred MSE = 2.437415e-10, Test pred MSE = 3.155183e-02, Param MSE = 3.167587e-01, Grad norm = 1.434098e-07, Beta update rate = 8.147669e-08
Epoch 298200 (6.0%): Train pred MSE = 2.416937e-10, Test pred MSE = 3.155184e-02, Param MSE = 3.167588e-01, Grad norm = 1.428028e-07, Beta update rate = 8.113223e-08
Epoch 298400 (6.0%): Train pred MSE = 2.396631e-10, Test pred MSE = 3.155184e-02, Param MSE = 3.167588e-01, Grad norm = 1.421985e-07, Beta update rate = 8.078925e-08
Epoch 298600 (6.0%): Train pred MSE = 2.376497e-10, Test pred MSE = 3.155184e-02, Param MSE = 3.167588e-01, Grad norm = 1.415967e-07, Beta update rate = 8.044774e-08
Epoch 298800 (6.0%): Train pred MSE = 2.356532e-10, Test pred MSE = 3.155185e-02, Param MSE = 3.167589e-01, Grad norm = 1.409975e-07, Beta update rate = 8.010769e-08
Epoch 299000 (6.0%): Train pred MSE = 2.336737e-10, Test pred MSE = 3.155185e-02, Param MSE = 3.167589e-01, Grad norm = 1.404009e-07, Beta update rate = 7.976909e-08
Epoch 299200 (6.0%): Train pred MSE = 2.317108e-10, Test pred MSE = 3.155185e-02, Param MSE = 3.167589e-01, Grad norm = 1.398068e-07, Beta update rate = 7.943195e-08
Epoch 299400 (6.0%): Train pred MSE = 2.297646e-10, Test pred MSE = 3.155186e-02, Param MSE = 3.167590e-01, Grad norm = 1.392153e-07, Beta update rate = 7.909625e-08
Epoch 299600 (6.0%): Train pred MSE = 2.278347e-10, Test pred MSE = 3.155186e-02, Param MSE = 3.167590e-01, Grad norm = 1.386263e-07, Beta update rate = 7.876199e-08
Epoch 299800 (6.0%): Train pred MSE = 2.259212e-10, Test pred MSE = 3.155187e-02, Param MSE = 3.167590e-01, Grad norm = 1.380398e-07, Beta update rate = 7.842915e-08
Epoch 300000 (6.0%): Train pred MSE = 2.240238e-10, Test pred MSE = 3.155187e-02, Param MSE = 3.167590e-01, Grad norm = 1.374559e-07, Beta update rate = 7.809775e-08
Epoch 300200 (6.0%): Train pred MSE = 2.221425e-10, Test pred MSE = 3.155187e-02, Param MSE = 3.167591e-01, Grad norm = 1.368744e-07, Beta update rate = 7.776776e-08
Epoch 300400 (6.0%): Train pred MSE = 2.202770e-10, Test pred MSE = 3.155188e-02, Param MSE = 3.167591e-01, Grad norm = 1.362955e-07, Beta update rate = 7.743918e-08
Epoch 300600 (6.0%): Train pred MSE = 2.184272e-10, Test pred MSE = 3.155188e-02, Param MSE = 3.167591e-01, Grad norm = 1.357190e-07, Beta update rate = 7.711202e-08
Epoch 300800 (6.0%): Train pred MSE = 2.165931e-10, Test pred MSE = 3.155188e-02, Param MSE = 3.167592e-01, Grad norm = 1.351450e-07, Beta update rate = 7.678625e-08
Epoch 301000 (6.0%): Train pred MSE = 2.147745e-10, Test pred MSE = 3.155189e-02, Param MSE = 3.167592e-01, Grad norm = 1.345735e-07, Beta update rate = 7.646187e-08
Epoch 301200 (6.0%): Train pred MSE = 2.129712e-10, Test pred MSE = 3.155189e-02, Param MSE = 3.167592e-01, Grad norm = 1.340044e-07, Beta update rate = 7.613889e-08
Epoch 301400 (6.0%): Train pred MSE = 2.111831e-10, Test pred MSE = 3.155189e-02, Param MSE = 3.167592e-01, Grad norm = 1.334377e-07, Beta update rate = 7.581728e-08
Epoch 301600 (6.0%): Train pred MSE = 2.094101e-10, Test pred MSE = 3.155190e-02, Param MSE = 3.167593e-01, Grad norm = 1.328735e-07, Beta update rate = 7.549705e-08
Epoch 301800 (6.0%): Train pred MSE = 2.076521e-10, Test pred MSE = 3.155190e-02, Param MSE = 3.167593e-01, Grad norm = 1.323117e-07, Beta update rate = 7.517819e-08
Epoch 302000 (6.0%): Train pred MSE = 2.059089e-10, Test pred MSE = 3.155191e-02, Param MSE = 3.167593e-01, Grad norm = 1.317523e-07, Beta update rate = 7.486070e-08
Epoch 302200 (6.0%): Train pred MSE = 2.041804e-10, Test pred MSE = 3.155191e-02, Param MSE = 3.167594e-01, Grad norm = 1.311953e-07, Beta update rate = 7.454456e-08
Epoch 302400 (6.0%): Train pred MSE = 2.024665e-10, Test pred MSE = 3.155191e-02, Param MSE = 3.167594e-01, Grad norm = 1.306407e-07, Beta update rate = 7.422978e-08
Epoch 302600 (6.1%): Train pred MSE = 2.007671e-10, Test pred MSE = 3.155192e-02, Param MSE = 3.167594e-01, Grad norm = 1.300884e-07, Beta update rate = 7.391634e-08
Epoch 302800 (6.1%): Train pred MSE = 1.990820e-10, Test pred MSE = 3.155192e-02, Param MSE = 3.167594e-01, Grad norm = 1.295385e-07, Beta update rate = 7.360424e-08
Epoch 303000 (6.1%): Train pred MSE = 1.974111e-10, Test pred MSE = 3.155192e-02, Param MSE = 3.167595e-01, Grad norm = 1.289910e-07, Beta update rate = 7.329348e-08
Epoch 303200 (6.1%): Train pred MSE = 1.957543e-10, Test pred MSE = 3.155193e-02, Param MSE = 3.167595e-01, Grad norm = 1.284458e-07, Beta update rate = 7.298404e-08
Epoch 303400 (6.1%): Train pred MSE = 1.941115e-10, Test pred MSE = 3.155193e-02, Param MSE = 3.167595e-01, Grad norm = 1.279030e-07, Beta update rate = 7.267593e-08
Epoch 303600 (6.1%): Train pred MSE = 1.924826e-10, Test pred MSE = 3.155193e-02, Param MSE = 3.167595e-01, Grad norm = 1.273625e-07, Beta update rate = 7.236913e-08
Epoch 303800 (6.1%): Train pred MSE = 1.908674e-10, Test pred MSE = 3.155194e-02, Param MSE = 3.167596e-01, Grad norm = 1.268242e-07, Beta update rate = 7.206365e-08
Epoch 304000 (6.1%): Train pred MSE = 1.892658e-10, Test pred MSE = 3.155194e-02, Param MSE = 3.167596e-01, Grad norm = 1.262883e-07, Beta update rate = 7.175947e-08
Epoch 304200 (6.1%): Train pred MSE = 1.876777e-10, Test pred MSE = 3.155194e-02, Param MSE = 3.167596e-01, Grad norm = 1.257547e-07, Beta update rate = 7.145659e-08
Epoch 304400 (6.1%): Train pred MSE = 1.861030e-10, Test pred MSE = 3.155195e-02, Param MSE = 3.167597e-01, Grad norm = 1.252234e-07, Beta update rate = 7.115500e-08
Epoch 304600 (6.1%): Train pred MSE = 1.845416e-10, Test pred MSE = 3.155195e-02, Param MSE = 3.167597e-01, Grad norm = 1.246943e-07, Beta update rate = 7.085471e-08
Epoch 304800 (6.1%): Train pred MSE = 1.829933e-10, Test pred MSE = 3.155195e-02, Param MSE = 3.167597e-01, Grad norm = 1.241675e-07, Beta update rate = 7.055570e-08
Epoch 305000 (6.1%): Train pred MSE = 1.814581e-10, Test pred MSE = 3.155196e-02, Param MSE = 3.167597e-01, Grad norm = 1.236430e-07, Beta update rate = 7.025796e-08
Epoch 305200 (6.1%): Train pred MSE = 1.799358e-10, Test pred MSE = 3.155196e-02, Param MSE = 3.167598e-01, Grad norm = 1.231207e-07, Beta update rate = 6.996150e-08
Epoch 305400 (6.1%): Train pred MSE = 1.784264e-10, Test pred MSE = 3.155196e-02, Param MSE = 3.167598e-01, Grad norm = 1.226006e-07, Beta update rate = 6.966630e-08
Epoch 305600 (6.1%): Train pred MSE = 1.769297e-10, Test pred MSE = 3.155197e-02, Param MSE = 3.167598e-01, Grad norm = 1.220828e-07, Beta update rate = 6.937236e-08
Epoch 305800 (6.1%): Train pred MSE = 1.754456e-10, Test pred MSE = 3.155197e-02, Param MSE = 3.167598e-01, Grad norm = 1.215672e-07, Beta update rate = 6.907968e-08
Epoch 306000 (6.1%): Train pred MSE = 1.739741e-10, Test pred MSE = 3.155197e-02, Param MSE = 3.167599e-01, Grad norm = 1.210537e-07, Beta update rate = 6.878825e-08
Epoch 306200 (6.1%): Train pred MSE = 1.725149e-10, Test pred MSE = 3.155197e-02, Param MSE = 3.167599e-01, Grad norm = 1.205425e-07, Beta update rate = 6.849806e-08
Epoch 306400 (6.1%): Train pred MSE = 1.710680e-10, Test pred MSE = 3.155198e-02, Param MSE = 3.167599e-01, Grad norm = 1.200335e-07, Beta update rate = 6.820911e-08
Epoch 306600 (6.1%): Train pred MSE = 1.696333e-10, Test pred MSE = 3.155198e-02, Param MSE = 3.167599e-01, Grad norm = 1.195266e-07, Beta update rate = 6.792140e-08
Epoch 306800 (6.1%): Train pred MSE = 1.682108e-10, Test pred MSE = 3.155198e-02, Param MSE = 3.167600e-01, Grad norm = 1.190219e-07, Beta update rate = 6.763491e-08
Epoch 307000 (6.1%): Train pred MSE = 1.668002e-10, Test pred MSE = 3.155199e-02, Param MSE = 3.167600e-01, Grad norm = 1.185194e-07, Beta update rate = 6.734965e-08
Epoch 307200 (6.1%): Train pred MSE = 1.654014e-10, Test pred MSE = 3.155199e-02, Param MSE = 3.167600e-01, Grad norm = 1.180190e-07, Beta update rate = 6.706560e-08
Epoch 307400 (6.1%): Train pred MSE = 1.640145e-10, Test pred MSE = 3.155199e-02, Param MSE = 3.167600e-01, Grad norm = 1.175207e-07, Beta update rate = 6.678277e-08
Epoch 307600 (6.2%): Train pred MSE = 1.626393e-10, Test pred MSE = 3.155200e-02, Param MSE = 3.167601e-01, Grad norm = 1.170246e-07, Beta update rate = 6.650114e-08
Epoch 307800 (6.2%): Train pred MSE = 1.612756e-10, Test pred MSE = 3.155200e-02, Param MSE = 3.167601e-01, Grad norm = 1.165306e-07, Beta update rate = 6.622072e-08
Epoch 308000 (6.2%): Train pred MSE = 1.599234e-10, Test pred MSE = 3.155200e-02, Param MSE = 3.167601e-01, Grad norm = 1.160387e-07, Beta update rate = 6.594149e-08
Epoch 308200 (6.2%): Train pred MSE = 1.585827e-10, Test pred MSE = 3.155201e-02, Param MSE = 3.167601e-01, Grad norm = 1.155489e-07, Beta update rate = 6.566345e-08
Epoch 308400 (6.2%): Train pred MSE = 1.572532e-10, Test pred MSE = 3.155201e-02, Param MSE = 3.167602e-01, Grad norm = 1.150612e-07, Beta update rate = 6.538660e-08
Epoch 308600 (6.2%): Train pred MSE = 1.559349e-10, Test pred MSE = 3.155201e-02, Param MSE = 3.167602e-01, Grad norm = 1.145756e-07, Beta update rate = 6.511093e-08
Epoch 308800 (6.2%): Train pred MSE = 1.546277e-10, Test pred MSE = 3.155202e-02, Param MSE = 3.167602e-01, Grad norm = 1.140920e-07, Beta update rate = 6.483644e-08
Epoch 309000 (6.2%): Train pred MSE = 1.533316e-10, Test pred MSE = 3.155202e-02, Param MSE = 3.167602e-01, Grad norm = 1.136106e-07, Beta update rate = 6.456312e-08
Epoch 309200 (6.2%): Train pred MSE = 1.520463e-10, Test pred MSE = 3.155202e-02, Param MSE = 3.167603e-01, Grad norm = 1.131311e-07, Beta update rate = 6.429096e-08
Epoch 309400 (6.2%): Train pred MSE = 1.507719e-10, Test pred MSE = 3.155202e-02, Param MSE = 3.167603e-01, Grad norm = 1.126538e-07, Beta update rate = 6.401996e-08
Epoch 309600 (6.2%): Train pred MSE = 1.495082e-10, Test pred MSE = 3.155203e-02, Param MSE = 3.167603e-01, Grad norm = 1.121784e-07, Beta update rate = 6.375012e-08
Epoch 309800 (6.2%): Train pred MSE = 1.482551e-10, Test pred MSE = 3.155203e-02, Param MSE = 3.167603e-01, Grad norm = 1.117051e-07, Beta update rate = 6.348143e-08
Epoch 310000 (6.2%): Train pred MSE = 1.470126e-10, Test pred MSE = 3.155203e-02, Param MSE = 3.167604e-01, Grad norm = 1.112338e-07, Beta update rate = 6.321389e-08
Epoch 310200 (6.2%): Train pred MSE = 1.457806e-10, Test pred MSE = 3.155204e-02, Param MSE = 3.167604e-01, Grad norm = 1.107646e-07, Beta update rate = 6.294748e-08
Epoch 310400 (6.2%): Train pred MSE = 1.445589e-10, Test pred MSE = 3.155204e-02, Param MSE = 3.167604e-01, Grad norm = 1.102973e-07, Beta update rate = 6.268221e-08
Epoch 310600 (6.2%): Train pred MSE = 1.433475e-10, Test pred MSE = 3.155204e-02, Param MSE = 3.167604e-01, Grad norm = 1.098320e-07, Beta update rate = 6.241807e-08
Epoch 310800 (6.2%): Train pred MSE = 1.421463e-10, Test pred MSE = 3.155204e-02, Param MSE = 3.167604e-01, Grad norm = 1.093687e-07, Beta update rate = 6.215506e-08
Epoch 311000 (6.2%): Train pred MSE = 1.409553e-10, Test pred MSE = 3.155205e-02, Param MSE = 3.167605e-01, Grad norm = 1.089074e-07, Beta update rate = 6.189317e-08
Epoch 311200 (6.2%): Train pred MSE = 1.397742e-10, Test pred MSE = 3.155205e-02, Param MSE = 3.167605e-01, Grad norm = 1.084481e-07, Beta update rate = 6.163240e-08
Epoch 311400 (6.2%): Train pred MSE = 1.386031e-10, Test pred MSE = 3.155205e-02, Param MSE = 3.167605e-01, Grad norm = 1.079907e-07, Beta update rate = 6.137273e-08
Epoch 311600 (6.2%): Train pred MSE = 1.374419e-10, Test pred MSE = 3.155206e-02, Param MSE = 3.167605e-01, Grad norm = 1.075352e-07, Beta update rate = 6.111417e-08
Epoch 311800 (6.2%): Train pred MSE = 1.362904e-10, Test pred MSE = 3.155206e-02, Param MSE = 3.167606e-01, Grad norm = 1.070818e-07, Beta update rate = 6.085672e-08
Epoch 312000 (6.2%): Train pred MSE = 1.351486e-10, Test pred MSE = 3.155206e-02, Param MSE = 3.167606e-01, Grad norm = 1.066302e-07, Beta update rate = 6.060036e-08
Epoch 312200 (6.2%): Train pred MSE = 1.340164e-10, Test pred MSE = 3.155206e-02, Param MSE = 3.167606e-01, Grad norm = 1.061806e-07, Beta update rate = 6.034509e-08
Epoch 312400 (6.2%): Train pred MSE = 1.328938e-10, Test pred MSE = 3.155207e-02, Param MSE = 3.167606e-01, Grad norm = 1.057329e-07, Beta update rate = 6.009091e-08
Epoch 312600 (6.3%): Train pred MSE = 1.317806e-10, Test pred MSE = 3.155207e-02, Param MSE = 3.167607e-01, Grad norm = 1.052870e-07, Beta update rate = 5.983781e-08
Epoch 312800 (6.3%): Train pred MSE = 1.306768e-10, Test pred MSE = 3.155207e-02, Param MSE = 3.167607e-01, Grad norm = 1.048431e-07, Beta update rate = 5.958579e-08
Epoch 313000 (6.3%): Train pred MSE = 1.295822e-10, Test pred MSE = 3.155208e-02, Param MSE = 3.167607e-01, Grad norm = 1.044011e-07, Beta update rate = 5.933485e-08
Epoch 313200 (6.3%): Train pred MSE = 1.284969e-10, Test pred MSE = 3.155208e-02, Param MSE = 3.167607e-01, Grad norm = 1.039610e-07, Beta update rate = 5.908497e-08
Epoch 313400 (6.3%): Train pred MSE = 1.274207e-10, Test pred MSE = 3.155208e-02, Param MSE = 3.167607e-01, Grad norm = 1.035228e-07, Beta update rate = 5.883616e-08
Epoch 313600 (6.3%): Train pred MSE = 1.263535e-10, Test pred MSE = 3.155208e-02, Param MSE = 3.167608e-01, Grad norm = 1.030864e-07, Beta update rate = 5.858840e-08
Epoch 313800 (6.3%): Train pred MSE = 1.252954e-10, Test pred MSE = 3.155209e-02, Param MSE = 3.167608e-01, Grad norm = 1.026519e-07, Beta update rate = 5.834171e-08
Epoch 314000 (6.3%): Train pred MSE = 1.242461e-10, Test pred MSE = 3.155209e-02, Param MSE = 3.167608e-01, Grad norm = 1.022192e-07, Beta update rate = 5.809606e-08
Epoch 314200 (6.3%): Train pred MSE = 1.232057e-10, Test pred MSE = 3.155209e-02, Param MSE = 3.167608e-01, Grad norm = 1.017884e-07, Beta update rate = 5.785145e-08
Epoch 314400 (6.3%): Train pred MSE = 1.221740e-10, Test pred MSE = 3.155209e-02, Param MSE = 3.167608e-01, Grad norm = 1.013594e-07, Beta update rate = 5.760789e-08
Epoch 314600 (6.3%): Train pred MSE = 1.211510e-10, Test pred MSE = 3.155210e-02, Param MSE = 3.167609e-01, Grad norm = 1.009322e-07, Beta update rate = 5.736537e-08
Epoch 314800 (6.3%): Train pred MSE = 1.201366e-10, Test pred MSE = 3.155210e-02, Param MSE = 3.167609e-01, Grad norm = 1.005069e-07, Beta update rate = 5.712387e-08
Epoch 315000 (6.3%): Train pred MSE = 1.191307e-10, Test pred MSE = 3.155210e-02, Param MSE = 3.167609e-01, Grad norm = 1.000834e-07, Beta update rate = 5.688341e-08
Epoch 315200 (6.3%): Train pred MSE = 1.181333e-10, Test pred MSE = 3.155211e-02, Param MSE = 3.167609e-01, Grad norm = 9.966163e-08, Beta update rate = 5.664396e-08
Epoch 315400 (6.3%): Train pred MSE = 1.171442e-10, Test pred MSE = 3.155211e-02, Param MSE = 3.167610e-01, Grad norm = 9.924171e-08, Beta update rate = 5.640554e-08
Epoch 315600 (6.3%): Train pred MSE = 1.161635e-10, Test pred MSE = 3.155211e-02, Param MSE = 3.167610e-01, Grad norm = 9.882357e-08, Beta update rate = 5.616813e-08
Epoch 315800 (6.3%): Train pred MSE = 1.151910e-10, Test pred MSE = 3.155211e-02, Param MSE = 3.167610e-01, Grad norm = 9.840722e-08, Beta update rate = 5.593173e-08
Epoch 316000 (6.3%): Train pred MSE = 1.142268e-10, Test pred MSE = 3.155212e-02, Param MSE = 3.167610e-01, Grad norm = 9.799263e-08, Beta update rate = 5.569634e-08
Epoch 316200 (6.3%): Train pred MSE = 1.132706e-10, Test pred MSE = 3.155212e-02, Param MSE = 3.167610e-01, Grad norm = 9.757982e-08, Beta update rate = 5.546195e-08
Epoch 316400 (6.3%): Train pred MSE = 1.123224e-10, Test pred MSE = 3.155212e-02, Param MSE = 3.167611e-01, Grad norm = 9.716876e-08, Beta update rate = 5.522855e-08
Epoch 316600 (6.3%): Train pred MSE = 1.113823e-10, Test pred MSE = 3.155212e-02, Param MSE = 3.167611e-01, Grad norm = 9.675945e-08, Beta update rate = 5.499615e-08
Epoch 316800 (6.3%): Train pred MSE = 1.104500e-10, Test pred MSE = 3.155213e-02, Param MSE = 3.167611e-01, Grad norm = 9.635189e-08, Beta update rate = 5.476473e-08
Epoch 317000 (6.3%): Train pred MSE = 1.095256e-10, Test pred MSE = 3.155213e-02, Param MSE = 3.167611e-01, Grad norm = 9.594606e-08, Beta update rate = 5.453430e-08
Epoch 317200 (6.3%): Train pred MSE = 1.086089e-10, Test pred MSE = 3.155213e-02, Param MSE = 3.167611e-01, Grad norm = 9.554196e-08, Beta update rate = 5.430485e-08
Epoch 317400 (6.3%): Train pred MSE = 1.076999e-10, Test pred MSE = 3.155213e-02, Param MSE = 3.167612e-01, Grad norm = 9.513958e-08, Beta update rate = 5.407638e-08
Epoch 317600 (6.4%): Train pred MSE = 1.067986e-10, Test pred MSE = 3.155214e-02, Param MSE = 3.167612e-01, Grad norm = 9.473891e-08, Beta update rate = 5.384888e-08
Epoch 317800 (6.4%): Train pred MSE = 1.059049e-10, Test pred MSE = 3.155214e-02, Param MSE = 3.167612e-01, Grad norm = 9.433994e-08, Beta update rate = 5.362234e-08
Epoch 318000 (6.4%): Train pred MSE = 1.050187e-10, Test pred MSE = 3.155214e-02, Param MSE = 3.167612e-01, Grad norm = 9.394268e-08, Beta update rate = 5.339677e-08
Epoch 318200 (6.4%): Train pred MSE = 1.041399e-10, Test pred MSE = 3.155214e-02, Param MSE = 3.167612e-01, Grad norm = 9.354711e-08, Beta update rate = 5.317215e-08
Epoch 318400 (6.4%): Train pred MSE = 1.032685e-10, Test pred MSE = 3.155215e-02, Param MSE = 3.167613e-01, Grad norm = 9.315322e-08, Beta update rate = 5.294849e-08
Epoch 318600 (6.4%): Train pred MSE = 1.024044e-10, Test pred MSE = 3.155215e-02, Param MSE = 3.167613e-01, Grad norm = 9.276100e-08, Beta update rate = 5.272579e-08
Epoch 318800 (6.4%): Train pred MSE = 1.015476e-10, Test pred MSE = 3.155215e-02, Param MSE = 3.167613e-01, Grad norm = 9.237046e-08, Beta update rate = 5.250402e-08
Epoch 319000 (6.4%): Train pred MSE = 1.006980e-10, Test pred MSE = 3.155215e-02, Param MSE = 3.167613e-01, Grad norm = 9.198157e-08, Beta update rate = 5.228320e-08
Epoch 319200 (6.4%): Train pred MSE = 9.985550e-11, Test pred MSE = 3.155216e-02, Param MSE = 3.167613e-01, Grad norm = 9.159435e-08, Beta update rate = 5.206332e-08

Training completed at epoch 319200
Stop reason: train_pred_mse
Final Train pred MSE = 9.985550e-11
Final Test pred MSE = 3.155216e-02
Final Param MSE = 3.167613e-01
Final Grad norm = 9.159435e-08
Final Beta update rate = 5.206332e-08
Success flag: True (train_pred_mse < 1.00e-10)
Results metadata saved to results/diagonal/step2_support/c_nz=0.001000--c_z=0.500000--alpha=0.800000--seed=2/results_meta.json
Saved c_vec to results/diagonal/step2_support/c_nz=0.001000--c_z=0.500000--alpha=0.800000--seed=2/c_vec.npy

Results saved to results/diagonal/step2_support/c_nz=0.001000--c_z=0.500000--alpha=0.800000--seed=2/
Total jobs in this sweep: 72
Cases: good (c_nz=0.001, c_z=0.5), bad (c_nz=0.5, c_z=0.001)
Alpha values: [0.05, 0.1, 0.2, 0.25, 0.3, 0.4, 0.5, 0.6, 0.7, 0.8, 0.9, 1.0]
Seeds: [0, 1, 2]
================================================================================
Step 2 Support Sweep - Experiment Parameters:
================================================================================
  c: 0.001
  c_mode: support
  c_nz: 0.001
  c_z: 0.5
  epochs: 5000000
  init_method: complex
  inp_dim: 1000
  lmda: 0.0
  lr: 0.5
  n_test: 10000
  n_train: 800
  no_tuning: True
  rho: 0.04
  save_folder: results/diagonal/step2_support/c_nz=0.001000--c_z=0.500000--alpha=0.800000--seed=2/
  scaling: 1.0
  seed: 2
  test_every_n_epochs: 200
  threshold: 1e-12
================================================================================

Case: good (c_nz=0.001, c_z=0.5)

Running training script...

Extracting results and saving to CSV...
Results appended to /home/na658/multi-task2/experiment_results_step2_support.csv

✓ Experiment 29 completed successfully
[SLURM] Job 20446134 task 29 finished
