[SLURM] Job 20446157 task 45 starting on cpu-q-57
[SLURM] Step 2 Support Sweep
[SLURM] Using Python: /home/na658/.conda/envs/mtl_ft/bin/python
Starting diagonal network pretrain BG script...

================================================================================
SCRIPT STARTED - Running diagonal network BG experiment...
================================================================================

================================================================================
EXPERIMENT SETTINGS
================================================================================
Seed: 0
Input dimension: 1000
Sparsity (rho): 0.04
Training samples: 250
Test samples: 10000
Learning rate: 0.5
Max epochs: 5000000
Test every N epochs: 200
Convergence threshold: 1e-12
Stop pred MSE: 1e-10
Stop beta rate: disabled
Stop grad norm: disabled
LR decay: disabled
LR decay interval: 2000
Scaling: 1.0
Lambda (λ): 0.0
C parameter: 0.001
Initialization method: complex
Learning rate tuning: False
Save folder: results/diagonal/step2_support/c_nz=0.500000--c_z=0.001000--alpha=0.250000--seed=0/
C mode: support
  c_nz=0.5, c_z=0.001
================================================================================
Starting training...
================================================================================
[c_mode=support] support fraction=0.0570 (rho=0.04)
[c_mode=support] c_nz=0.5, c_z=0.001
Per-coordinate c init: c_vec range [0.001000, 0.500000]

Starting training loop (max 5000000 epochs, threshold=1.00e-12)...
Epoch      0 (0.0%): Train pred MSE = 6.688748e+00, Test pred MSE = 1.601078e-01, Param MSE = 1.596684e+00, Grad norm = 3.772528e-01, Beta update rate = nan
Epoch    200 (0.0%): Train pred MSE = 6.430038e-02, Test pred MSE = 3.826811e-03, Param MSE = 3.756054e-02, Grad norm = 4.167538e-02, Beta update rate = 1.875493e-01
Epoch    400 (0.0%): Train pred MSE = 5.871692e-03, Test pred MSE = 4.210606e-04, Param MSE = 4.158683e-03, Grad norm = 1.169450e-02, Beta update rate = 2.159659e-02
Epoch    600 (0.0%): Train pred MSE = 8.419803e-04, Test pred MSE = 8.469938e-05, Param MSE = 8.384704e-04, Grad norm = 3.713753e-03, Beta update rate = 6.023015e-03
Epoch    800 (0.0%): Train pred MSE = 2.132695e-04, Test pred MSE = 3.222445e-05, Param MSE = 3.182462e-04, Grad norm = 1.545076e-03, Beta update rate = 1.926185e-03
Epoch   1000 (0.0%): Train pred MSE = 9.154207e-05, Test pred MSE = 1.936167e-05, Param MSE = 1.914847e-04, Grad norm = 7.398709e-04, Beta update rate = 7.912705e-04
Epoch   1200 (0.0%): Train pred MSE = 6.062441e-05, Test pred MSE = 1.521345e-05, Param MSE = 1.509679e-04, Grad norm = 4.051509e-04, Beta update rate = 3.621873e-04
Epoch   1400 (0.0%): Train pred MSE = 4.996929e-05, Test pred MSE = 1.351590e-05, Param MSE = 1.344749e-04, Grad norm = 2.643475e-04, Beta update rate = 1.784750e-04
Epoch   1600 (0.0%): Train pred MSE = 4.459527e-05, Test pred MSE = 1.264658e-05, Param MSE = 1.260195e-04, Grad norm = 2.069350e-04, Beta update rate = 9.420480e-05
Epoch   1800 (0.0%): Train pred MSE = 4.087931e-05, Test pred MSE = 1.210462e-05, Param MSE = 1.207184e-04, Grad norm = 1.814583e-04, Beta update rate = 5.475572e-05
Epoch   2000 (0.0%): Train pred MSE = 3.786186e-05, Test pred MSE = 1.171199e-05, Param MSE = 1.168533e-04, Grad norm = 1.669767e-04, Beta update rate = 3.650650e-05
Epoch   2200 (0.0%): Train pred MSE = 3.525343e-05, Test pred MSE = 1.139731e-05, Param MSE = 1.137403e-04, Grad norm = 1.564642e-04, Beta update rate = 2.802666e-05
Epoch   2400 (0.0%): Train pred MSE = 3.294363e-05, Test pred MSE = 1.112883e-05, Param MSE = 1.110761e-04, Grad norm = 1.477361e-04, Beta update rate = 2.372367e-05
Epoch   2600 (0.1%): Train pred MSE = 3.087522e-05, Test pred MSE = 1.089110e-05, Param MSE = 1.087130e-04, Grad norm = 1.400744e-04, Beta update rate = 2.114480e-05
Epoch   2800 (0.1%): Train pred MSE = 2.901020e-05, Test pred MSE = 1.067587e-05, Param MSE = 1.065719e-04, Grad norm = 1.331960e-04, Beta update rate = 1.932475e-05
Epoch   3000 (0.1%): Train pred MSE = 2.731979e-05, Test pred MSE = 1.047839e-05, Param MSE = 1.046068e-04, Grad norm = 1.269542e-04, Beta update rate = 1.789038e-05
Epoch   3200 (0.1%): Train pred MSE = 2.578092e-05, Test pred MSE = 1.029564e-05, Param MSE = 1.027881e-04, Grad norm = 1.212529e-04, Beta update rate = 1.668695e-05
Epoch   3400 (0.1%): Train pred MSE = 2.437457e-05, Test pred MSE = 1.012552e-05, Param MSE = 1.010953e-04, Grad norm = 1.160196e-04, Beta update rate = 1.564193e-05
Epoch   3600 (0.1%): Train pred MSE = 2.308484e-05, Test pred MSE = 9.966487e-06, Param MSE = 9.951317e-05, Grad norm = 1.111959e-04, Beta update rate = 1.471626e-05
Epoch   3800 (0.1%): Train pred MSE = 2.189832e-05, Test pred MSE = 9.817329e-06, Param MSE = 9.802953e-05, Grad norm = 1.067336e-04, Beta update rate = 1.388607e-05
Epoch   4000 (0.1%): Train pred MSE = 2.080360e-05, Test pred MSE = 9.677048e-06, Param MSE = 9.663448e-05, Grad norm = 1.025921e-04, Beta update rate = 1.313520e-05
Epoch   4200 (0.1%): Train pred MSE = 1.979089e-05, Test pred MSE = 9.544806e-06, Param MSE = 9.531965e-05, Grad norm = 9.873687e-05, Beta update rate = 1.245183e-05
Epoch   4400 (0.1%): Train pred MSE = 1.885175e-05, Test pred MSE = 9.419881e-06, Param MSE = 9.407782e-05, Grad norm = 9.513839e-05, Beta update rate = 1.182687e-05
Epoch   4600 (0.1%): Train pred MSE = 1.797885e-05, Test pred MSE = 9.301647e-06, Param MSE = 9.290273e-05, Grad norm = 9.177120e-05, Beta update rate = 1.125302e-05
Epoch   4800 (0.1%): Train pred MSE = 1.716582e-05, Test pred MSE = 9.189551e-06, Param MSE = 9.178886e-05, Grad norm = 8.861321e-05, Beta update rate = 1.072425e-05
Epoch   5000 (0.1%): Train pred MSE = 1.640705e-05, Test pred MSE = 9.083105e-06, Param MSE = 9.073132e-05, Grad norm = 8.564514e-05, Beta update rate = 1.023554e-05
Epoch   5200 (0.1%): Train pred MSE = 1.569763e-05, Test pred MSE = 8.981874e-06, Param MSE = 8.972577e-05, Grad norm = 8.285012e-05, Beta update rate = 9.782602e-06
Epoch   5400 (0.1%): Train pred MSE = 1.503319e-05, Test pred MSE = 8.885468e-06, Param MSE = 8.876832e-05, Grad norm = 8.021327e-05, Beta update rate = 9.361757e-06
Epoch   5600 (0.1%): Train pred MSE = 1.440989e-05, Test pred MSE = 8.793539e-06, Param MSE = 8.785546e-05, Grad norm = 7.772140e-05, Beta update rate = 8.969823e-06
Epoch   5800 (0.1%): Train pred MSE = 1.382427e-05, Test pred MSE = 8.705770e-06, Param MSE = 8.698404e-05, Grad norm = 7.536281e-05, Beta update rate = 8.604029e-06
Epoch   6000 (0.1%): Train pred MSE = 1.327327e-05, Test pred MSE = 8.621876e-06, Param MSE = 8.615123e-05, Grad norm = 7.312707e-05, Beta update rate = 8.261945e-06
Epoch   6200 (0.1%): Train pred MSE = 1.275413e-05, Test pred MSE = 8.541599e-06, Param MSE = 8.535443e-05, Grad norm = 7.100482e-05, Beta update rate = 7.941435e-06
Epoch   6400 (0.1%): Train pred MSE = 1.226437e-05, Test pred MSE = 8.464704e-06, Param MSE = 8.459130e-05, Grad norm = 6.898766e-05, Beta update rate = 7.640608e-06
Epoch   6600 (0.1%): Train pred MSE = 1.180176e-05, Test pred MSE = 8.390975e-06, Param MSE = 8.385969e-05, Grad norm = 6.706801e-05, Beta update rate = 7.357790e-06
Epoch   6800 (0.1%): Train pred MSE = 1.136430e-05, Test pred MSE = 8.320217e-06, Param MSE = 8.315764e-05, Grad norm = 6.523902e-05, Beta update rate = 7.091486e-06
Epoch   7000 (0.1%): Train pred MSE = 1.095013e-05, Test pred MSE = 8.252250e-06, Param MSE = 8.248337e-05, Grad norm = 6.349448e-05, Beta update rate = 6.840362e-06
Epoch   7200 (0.1%): Train pred MSE = 1.055762e-05, Test pred MSE = 8.186908e-06, Param MSE = 8.183521e-05, Grad norm = 6.182874e-05, Beta update rate = 6.603222e-06
Epoch   7400 (0.1%): Train pred MSE = 1.018525e-05, Test pred MSE = 8.124040e-06, Param MSE = 8.121167e-05, Grad norm = 6.023666e-05, Beta update rate = 6.378990e-06
Epoch   7600 (0.2%): Train pred MSE = 9.831632e-06, Test pred MSE = 8.063506e-06, Param MSE = 8.061134e-05, Grad norm = 5.871354e-05, Beta update rate = 6.166698e-06
Epoch   7800 (0.2%): Train pred MSE = 9.495520e-06, Test pred MSE = 8.005177e-06, Param MSE = 8.003293e-05, Grad norm = 5.725505e-05, Beta update rate = 5.965467e-06
Epoch   8000 (0.2%): Train pred MSE = 9.175759e-06, Test pred MSE = 7.948932e-06, Param MSE = 7.947525e-05, Grad norm = 5.585727e-05, Beta update rate = 5.774505e-06
Epoch   8200 (0.2%): Train pred MSE = 8.871291e-06, Test pred MSE = 7.894662e-06, Param MSE = 7.893719e-05, Grad norm = 5.451654e-05, Beta update rate = 5.593088e-06
Epoch   8400 (0.2%): Train pred MSE = 8.581146e-06, Test pred MSE = 7.842263e-06, Param MSE = 7.841773e-05, Grad norm = 5.322953e-05, Beta update rate = 5.420560e-06
Epoch   8600 (0.2%): Train pred MSE = 8.304429e-06, Test pred MSE = 7.791639e-06, Param MSE = 7.791592e-05, Grad norm = 5.199313e-05, Beta update rate = 5.256323e-06
Epoch   8800 (0.2%): Train pred MSE = 8.040319e-06, Test pred MSE = 7.742702e-06, Param MSE = 7.743087e-05, Grad norm = 5.080451e-05, Beta update rate = 5.099827e-06
Epoch   9000 (0.2%): Train pred MSE = 7.788055e-06, Test pred MSE = 7.695368e-06, Param MSE = 7.696174e-05, Grad norm = 4.966100e-05, Beta update rate = 4.950571e-06
Epoch   9200 (0.2%): Train pred MSE = 7.546935e-06, Test pred MSE = 7.649559e-06, Param MSE = 7.650778e-05, Grad norm = 4.856017e-05, Beta update rate = 4.808095e-06
Epoch   9400 (0.2%): Train pred MSE = 7.316307e-06, Test pred MSE = 7.605204e-06, Param MSE = 7.606825e-05, Grad norm = 4.749972e-05, Beta update rate = 4.671975e-06
Epoch   9600 (0.2%): Train pred MSE = 7.095571e-06, Test pred MSE = 7.562235e-06, Param MSE = 7.564247e-05, Grad norm = 4.647755e-05, Beta update rate = 4.541821e-06
Epoch   9800 (0.2%): Train pred MSE = 6.884165e-06, Test pred MSE = 7.520587e-06, Param MSE = 7.522983e-05, Grad norm = 4.549168e-05, Beta update rate = 4.417275e-06
Epoch  10000 (0.2%): Train pred MSE = 6.681571e-06, Test pred MSE = 7.480202e-06, Param MSE = 7.482972e-05, Grad norm = 4.454026e-05, Beta update rate = 4.298005e-06
Epoch  10200 (0.2%): Train pred MSE = 6.487305e-06, Test pred MSE = 7.441023e-06, Param MSE = 7.444158e-05, Grad norm = 4.362158e-05, Beta update rate = 4.183702e-06
Epoch  10400 (0.2%): Train pred MSE = 6.300917e-06, Test pred MSE = 7.402997e-06, Param MSE = 7.406490e-05, Grad norm = 4.273404e-05, Beta update rate = 4.074084e-06
Epoch  10600 (0.2%): Train pred MSE = 6.121986e-06, Test pred MSE = 7.366075e-06, Param MSE = 7.369917e-05, Grad norm = 4.187613e-05, Beta update rate = 3.968886e-06
Epoch  10800 (0.2%): Train pred MSE = 5.950122e-06, Test pred MSE = 7.330210e-06, Param MSE = 7.334393e-05, Grad norm = 4.104644e-05, Beta update rate = 3.867864e-06
Epoch  11000 (0.2%): Train pred MSE = 5.784957e-06, Test pred MSE = 7.295359e-06, Param MSE = 7.299875e-05, Grad norm = 4.024365e-05, Beta update rate = 3.770790e-06
Epoch  11200 (0.2%): Train pred MSE = 5.626149e-06, Test pred MSE = 7.261478e-06, Param MSE = 7.266321e-05, Grad norm = 3.946651e-05, Beta update rate = 3.677452e-06
Epoch  11400 (0.2%): Train pred MSE = 5.473377e-06, Test pred MSE = 7.228530e-06, Param MSE = 7.233691e-05, Grad norm = 3.871388e-05, Beta update rate = 3.587653e-06
Epoch  11600 (0.2%): Train pred MSE = 5.326342e-06, Test pred MSE = 7.196477e-06, Param MSE = 7.201949e-05, Grad norm = 3.798464e-05, Beta update rate = 3.501209e-06
Epoch  11800 (0.2%): Train pred MSE = 5.184761e-06, Test pred MSE = 7.165284e-06, Param MSE = 7.171060e-05, Grad norm = 3.727777e-05, Beta update rate = 3.417947e-06
Epoch  12000 (0.2%): Train pred MSE = 5.048369e-06, Test pred MSE = 7.134917e-06, Param MSE = 7.140991e-05, Grad norm = 3.659230e-05, Beta update rate = 3.337706e-06
Epoch  12200 (0.2%): Train pred MSE = 4.916918e-06, Test pred MSE = 7.105344e-06, Param MSE = 7.111710e-05, Grad norm = 3.592730e-05, Beta update rate = 3.260338e-06
Epoch  12400 (0.2%): Train pred MSE = 4.790175e-06, Test pred MSE = 7.076536e-06, Param MSE = 7.083187e-05, Grad norm = 3.528190e-05, Beta update rate = 3.185699e-06
Epoch  12600 (0.3%): Train pred MSE = 4.667918e-06, Test pred MSE = 7.048465e-06, Param MSE = 7.055395e-05, Grad norm = 3.465530e-05, Beta update rate = 3.113658e-06
Epoch  12800 (0.3%): Train pred MSE = 4.549942e-06, Test pred MSE = 7.021103e-06, Param MSE = 7.028305e-05, Grad norm = 3.404672e-05, Beta update rate = 3.044092e-06
Epoch  13000 (0.3%): Train pred MSE = 4.436050e-06, Test pred MSE = 6.994424e-06, Param MSE = 7.001893e-05, Grad norm = 3.345542e-05, Beta update rate = 2.976883e-06
Epoch  13200 (0.3%): Train pred MSE = 4.326058e-06, Test pred MSE = 6.968404e-06, Param MSE = 6.976134e-05, Grad norm = 3.288072e-05, Beta update rate = 2.911922e-06
Epoch  13400 (0.3%): Train pred MSE = 4.219793e-06, Test pred MSE = 6.943019e-06, Param MSE = 6.951005e-05, Grad norm = 3.232195e-05, Beta update rate = 2.849106e-06
Epoch  13600 (0.3%): Train pred MSE = 4.117090e-06, Test pred MSE = 6.918248e-06, Param MSE = 6.926484e-05, Grad norm = 3.177849e-05, Beta update rate = 2.788338e-06
Epoch  13800 (0.3%): Train pred MSE = 4.017794e-06, Test pred MSE = 6.894069e-06, Param MSE = 6.902550e-05, Grad norm = 3.124975e-05, Beta update rate = 2.729526e-06
Epoch  14000 (0.3%): Train pred MSE = 3.921757e-06, Test pred MSE = 6.870462e-06, Param MSE = 6.879183e-05, Grad norm = 3.073517e-05, Beta update rate = 2.672585e-06
Epoch  14200 (0.3%): Train pred MSE = 3.828842e-06, Test pred MSE = 6.847408e-06, Param MSE = 6.856363e-05, Grad norm = 3.023421e-05, Beta update rate = 2.617433e-06
Epoch  14400 (0.3%): Train pred MSE = 3.738916e-06, Test pred MSE = 6.824887e-06, Param MSE = 6.834073e-05, Grad norm = 2.974637e-05, Beta update rate = 2.563993e-06
Epoch  14600 (0.3%): Train pred MSE = 3.651854e-06, Test pred MSE = 6.802884e-06, Param MSE = 6.812294e-05, Grad norm = 2.927117e-05, Beta update rate = 2.512192e-06
Epoch  14800 (0.3%): Train pred MSE = 3.567538e-06, Test pred MSE = 6.781379e-06, Param MSE = 6.791011e-05, Grad norm = 2.880814e-05, Beta update rate = 2.461962e-06
Epoch  15000 (0.3%): Train pred MSE = 3.485855e-06, Test pred MSE = 6.760359e-06, Param MSE = 6.770206e-05, Grad norm = 2.835684e-05, Beta update rate = 2.413238e-06
Epoch  15200 (0.3%): Train pred MSE = 3.406700e-06, Test pred MSE = 6.739806e-06, Param MSE = 6.749865e-05, Grad norm = 2.791686e-05, Beta update rate = 2.365957e-06
Epoch  15400 (0.3%): Train pred MSE = 3.329970e-06, Test pred MSE = 6.719707e-06, Param MSE = 6.729973e-05, Grad norm = 2.748781e-05, Beta update rate = 2.320062e-06
Epoch  15600 (0.3%): Train pred MSE = 3.255570e-06, Test pred MSE = 6.700047e-06, Param MSE = 6.710516e-05, Grad norm = 2.706929e-05, Beta update rate = 2.275498e-06
Epoch  15800 (0.3%): Train pred MSE = 3.183408e-06, Test pred MSE = 6.680812e-06, Param MSE = 6.691480e-05, Grad norm = 2.666095e-05, Beta update rate = 2.232211e-06
Epoch  16000 (0.3%): Train pred MSE = 3.113397e-06, Test pred MSE = 6.661990e-06, Param MSE = 6.672853e-05, Grad norm = 2.626245e-05, Beta update rate = 2.190152e-06
Epoch  16200 (0.3%): Train pred MSE = 3.045453e-06, Test pred MSE = 6.643567e-06, Param MSE = 6.654622e-05, Grad norm = 2.587344e-05, Beta update rate = 2.149274e-06
Epoch  16400 (0.3%): Train pred MSE = 2.979499e-06, Test pred MSE = 6.625533e-06, Param MSE = 6.636775e-05, Grad norm = 2.549361e-05, Beta update rate = 2.109531e-06
Epoch  16600 (0.3%): Train pred MSE = 2.915458e-06, Test pred MSE = 6.607875e-06, Param MSE = 6.619301e-05, Grad norm = 2.512266e-05, Beta update rate = 2.070880e-06
Epoch  16800 (0.3%): Train pred MSE = 2.853260e-06, Test pred MSE = 6.590583e-06, Param MSE = 6.602188e-05, Grad norm = 2.476031e-05, Beta update rate = 2.033281e-06
Epoch  17000 (0.3%): Train pred MSE = 2.792835e-06, Test pred MSE = 6.573645e-06, Param MSE = 6.585427e-05, Grad norm = 2.440626e-05, Beta update rate = 1.996695e-06
Epoch  17200 (0.3%): Train pred MSE = 2.734118e-06, Test pred MSE = 6.557052e-06, Param MSE = 6.569007e-05, Grad norm = 2.406025e-05, Beta update rate = 1.961085e-06
Epoch  17400 (0.3%): Train pred MSE = 2.677048e-06, Test pred MSE = 6.540793e-06, Param MSE = 6.552918e-05, Grad norm = 2.372204e-05, Beta update rate = 1.926416e-06
Epoch  17600 (0.4%): Train pred MSE = 2.621564e-06, Test pred MSE = 6.524859e-06, Param MSE = 6.537150e-05, Grad norm = 2.339137e-05, Beta update rate = 1.892653e-06
Epoch  17800 (0.4%): Train pred MSE = 2.567609e-06, Test pred MSE = 6.509242e-06, Param MSE = 6.521696e-05, Grad norm = 2.306801e-05, Beta update rate = 1.859765e-06
Epoch  18000 (0.4%): Train pred MSE = 2.515130e-06, Test pred MSE = 6.493931e-06, Param MSE = 6.506545e-05, Grad norm = 2.275173e-05, Beta update rate = 1.827721e-06
Epoch  18200 (0.4%): Train pred MSE = 2.464075e-06, Test pred MSE = 6.478919e-06, Param MSE = 6.491691e-05, Grad norm = 2.244231e-05, Beta update rate = 1.796493e-06
Epoch  18400 (0.4%): Train pred MSE = 2.414393e-06, Test pred MSE = 6.464198e-06, Param MSE = 6.477123e-05, Grad norm = 2.213956e-05, Beta update rate = 1.766051e-06
Epoch  18600 (0.4%): Train pred MSE = 2.366037e-06, Test pred MSE = 6.449759e-06, Param MSE = 6.462836e-05, Grad norm = 2.184326e-05, Beta update rate = 1.736369e-06
Epoch  18800 (0.4%): Train pred MSE = 2.318962e-06, Test pred MSE = 6.435596e-06, Param MSE = 6.448820e-05, Grad norm = 2.155323e-05, Beta update rate = 1.707421e-06
Epoch  19000 (0.4%): Train pred MSE = 2.273124e-06, Test pred MSE = 6.421700e-06, Param MSE = 6.435070e-05, Grad norm = 2.126928e-05, Beta update rate = 1.679184e-06
Epoch  19200 (0.4%): Train pred MSE = 2.228481e-06, Test pred MSE = 6.408065e-06, Param MSE = 6.421577e-05, Grad norm = 2.099124e-05, Beta update rate = 1.651633e-06
Epoch  19400 (0.4%): Train pred MSE = 2.184993e-06, Test pred MSE = 6.394684e-06, Param MSE = 6.408336e-05, Grad norm = 2.071892e-05, Beta update rate = 1.624746e-06
Epoch  19600 (0.4%): Train pred MSE = 2.142622e-06, Test pred MSE = 6.381549e-06, Param MSE = 6.395339e-05, Grad norm = 2.045217e-05, Beta update rate = 1.598501e-06
Epoch  19800 (0.4%): Train pred MSE = 2.101331e-06, Test pred MSE = 6.368656e-06, Param MSE = 6.382580e-05, Grad norm = 2.019083e-05, Beta update rate = 1.572879e-06
Epoch  20000 (0.4%): Train pred MSE = 2.061084e-06, Test pred MSE = 6.355998e-06, Param MSE = 6.370054e-05, Grad norm = 1.993475e-05, Beta update rate = 1.547858e-06
Epoch  20200 (0.4%): Train pred MSE = 2.021849e-06, Test pred MSE = 6.343568e-06, Param MSE = 6.357754e-05, Grad norm = 1.968377e-05, Beta update rate = 1.523421e-06
Epoch  20400 (0.4%): Train pred MSE = 1.983591e-06, Test pred MSE = 6.331361e-06, Param MSE = 6.345674e-05, Grad norm = 1.943776e-05, Beta update rate = 1.499548e-06
Epoch  20600 (0.4%): Train pred MSE = 1.946280e-06, Test pred MSE = 6.319371e-06, Param MSE = 6.333810e-05, Grad norm = 1.919657e-05, Beta update rate = 1.476223e-06
Epoch  20800 (0.4%): Train pred MSE = 1.909886e-06, Test pred MSE = 6.307594e-06, Param MSE = 6.322155e-05, Grad norm = 1.896008e-05, Beta update rate = 1.453428e-06
Epoch  21000 (0.4%): Train pred MSE = 1.874380e-06, Test pred MSE = 6.296023e-06, Param MSE = 6.310705e-05, Grad norm = 1.872816e-05, Beta update rate = 1.431147e-06
Epoch  21200 (0.4%): Train pred MSE = 1.839735e-06, Test pred MSE = 6.284654e-06, Param MSE = 6.299455e-05, Grad norm = 1.850068e-05, Beta update rate = 1.409365e-06
Epoch  21400 (0.4%): Train pred MSE = 1.805923e-06, Test pred MSE = 6.273482e-06, Param MSE = 6.288399e-05, Grad norm = 1.827753e-05, Beta update rate = 1.388067e-06
Epoch  21600 (0.4%): Train pred MSE = 1.772919e-06, Test pred MSE = 6.262502e-06, Param MSE = 6.277533e-05, Grad norm = 1.805859e-05, Beta update rate = 1.367238e-06
Epoch  21800 (0.4%): Train pred MSE = 1.740698e-06, Test pred MSE = 6.251710e-06, Param MSE = 6.266853e-05, Grad norm = 1.784375e-05, Beta update rate = 1.346865e-06
Epoch  22000 (0.4%): Train pred MSE = 1.709237e-06, Test pred MSE = 6.241101e-06, Param MSE = 6.256353e-05, Grad norm = 1.763290e-05, Beta update rate = 1.326934e-06
Epoch  22200 (0.4%): Train pred MSE = 1.678512e-06, Test pred MSE = 6.230670e-06, Param MSE = 6.246031e-05, Grad norm = 1.742593e-05, Beta update rate = 1.307433e-06
Epoch  22400 (0.4%): Train pred MSE = 1.648503e-06, Test pred MSE = 6.220415e-06, Param MSE = 6.235881e-05, Grad norm = 1.722276e-05, Beta update rate = 1.288348e-06
Epoch  22600 (0.5%): Train pred MSE = 1.619186e-06, Test pred MSE = 6.210329e-06, Param MSE = 6.225900e-05, Grad norm = 1.702327e-05, Beta update rate = 1.269669e-06
Epoch  22800 (0.5%): Train pred MSE = 1.590542e-06, Test pred MSE = 6.200411e-06, Param MSE = 6.216084e-05, Grad norm = 1.682739e-05, Beta update rate = 1.251383e-06
Epoch  23000 (0.5%): Train pred MSE = 1.562552e-06, Test pred MSE = 6.190655e-06, Param MSE = 6.206429e-05, Grad norm = 1.663501e-05, Beta update rate = 1.233480e-06
Epoch  23200 (0.5%): Train pred MSE = 1.535196e-06, Test pred MSE = 6.181059e-06, Param MSE = 6.196931e-05, Grad norm = 1.644604e-05, Beta update rate = 1.215949e-06
Epoch  23400 (0.5%): Train pred MSE = 1.508456e-06, Test pred MSE = 6.171618e-06, Param MSE = 6.187587e-05, Grad norm = 1.626041e-05, Beta update rate = 1.198780e-06
Epoch  23600 (0.5%): Train pred MSE = 1.482315e-06, Test pred MSE = 6.162329e-06, Param MSE = 6.178394e-05, Grad norm = 1.607803e-05, Beta update rate = 1.181962e-06
Epoch  23800 (0.5%): Train pred MSE = 1.456755e-06, Test pred MSE = 6.153189e-06, Param MSE = 6.169347e-05, Grad norm = 1.589882e-05, Beta update rate = 1.165487e-06
Epoch  24000 (0.5%): Train pred MSE = 1.431759e-06, Test pred MSE = 6.144194e-06, Param MSE = 6.160445e-05, Grad norm = 1.572270e-05, Beta update rate = 1.149344e-06
Epoch  24200 (0.5%): Train pred MSE = 1.407313e-06, Test pred MSE = 6.135342e-06, Param MSE = 6.151683e-05, Grad norm = 1.554960e-05, Beta update rate = 1.133525e-06
Epoch  24400 (0.5%): Train pred MSE = 1.383400e-06, Test pred MSE = 6.126628e-06, Param MSE = 6.143058e-05, Grad norm = 1.537945e-05, Beta update rate = 1.118022e-06
Epoch  24600 (0.5%): Train pred MSE = 1.360006e-06, Test pred MSE = 6.118051e-06, Param MSE = 6.134568e-05, Grad norm = 1.521217e-05, Beta update rate = 1.102825e-06
Epoch  24800 (0.5%): Train pred MSE = 1.337117e-06, Test pred MSE = 6.109607e-06, Param MSE = 6.126210e-05, Grad norm = 1.504770e-05, Beta update rate = 1.087927e-06
Epoch  25000 (0.5%): Train pred MSE = 1.314719e-06, Test pred MSE = 6.101294e-06, Param MSE = 6.117981e-05, Grad norm = 1.488597e-05, Beta update rate = 1.073320e-06
Epoch  25200 (0.5%): Train pred MSE = 1.292798e-06, Test pred MSE = 6.093108e-06, Param MSE = 6.109878e-05, Grad norm = 1.472692e-05, Beta update rate = 1.058997e-06
Epoch  25400 (0.5%): Train pred MSE = 1.271342e-06, Test pred MSE = 6.085047e-06, Param MSE = 6.101898e-05, Grad norm = 1.457047e-05, Beta update rate = 1.044949e-06
Epoch  25600 (0.5%): Train pred MSE = 1.250338e-06, Test pred MSE = 6.077108e-06, Param MSE = 6.094039e-05, Grad norm = 1.441659e-05, Beta update rate = 1.031171e-06
Epoch  25800 (0.5%): Train pred MSE = 1.229774e-06, Test pred MSE = 6.069289e-06, Param MSE = 6.086299e-05, Grad norm = 1.426520e-05, Beta update rate = 1.017654e-06
Epoch  26000 (0.5%): Train pred MSE = 1.209638e-06, Test pred MSE = 6.061587e-06, Param MSE = 6.078675e-05, Grad norm = 1.411624e-05, Beta update rate = 1.004394e-06
Epoch  26200 (0.5%): Train pred MSE = 1.189919e-06, Test pred MSE = 6.054000e-06, Param MSE = 6.071164e-05, Grad norm = 1.396967e-05, Beta update rate = 9.913822e-07
Epoch  26400 (0.5%): Train pred MSE = 1.170607e-06, Test pred MSE = 6.046526e-06, Param MSE = 6.063764e-05, Grad norm = 1.382543e-05, Beta update rate = 9.786136e-07
Epoch  26600 (0.5%): Train pred MSE = 1.151690e-06, Test pred MSE = 6.039162e-06, Param MSE = 6.056473e-05, Grad norm = 1.368346e-05, Beta update rate = 9.660819e-07
Epoch  26800 (0.5%): Train pred MSE = 1.133159e-06, Test pred MSE = 6.031906e-06, Param MSE = 6.049289e-05, Grad norm = 1.354372e-05, Beta update rate = 9.537813e-07
Epoch  27000 (0.5%): Train pred MSE = 1.115003e-06, Test pred MSE = 6.024756e-06, Param MSE = 6.042210e-05, Grad norm = 1.340616e-05, Beta update rate = 9.417060e-07
Epoch  27200 (0.5%): Train pred MSE = 1.097214e-06, Test pred MSE = 6.017709e-06, Param MSE = 6.035233e-05, Grad norm = 1.327073e-05, Beta update rate = 9.298507e-07
Epoch  27400 (0.5%): Train pred MSE = 1.079781e-06, Test pred MSE = 6.010764e-06, Param MSE = 6.028357e-05, Grad norm = 1.313738e-05, Beta update rate = 9.182100e-07
Epoch  27600 (0.6%): Train pred MSE = 1.062695e-06, Test pred MSE = 6.003919e-06, Param MSE = 6.021579e-05, Grad norm = 1.300606e-05, Beta update rate = 9.067787e-07
Epoch  27800 (0.6%): Train pred MSE = 1.045949e-06, Test pred MSE = 5.997171e-06, Param MSE = 6.014898e-05, Grad norm = 1.287674e-05, Beta update rate = 8.955519e-07
Epoch  28000 (0.6%): Train pred MSE = 1.029533e-06, Test pred MSE = 5.990520e-06, Param MSE = 6.008312e-05, Grad norm = 1.274938e-05, Beta update rate = 8.845247e-07
Epoch  28200 (0.6%): Train pred MSE = 1.013439e-06, Test pred MSE = 5.983962e-06, Param MSE = 6.001818e-05, Grad norm = 1.262392e-05, Beta update rate = 8.736924e-07
Epoch  28400 (0.6%): Train pred MSE = 9.976598e-07, Test pred MSE = 5.977497e-06, Param MSE = 5.995416e-05, Grad norm = 1.250032e-05, Beta update rate = 8.630504e-07
Epoch  28600 (0.6%): Train pred MSE = 9.821872e-07, Test pred MSE = 5.971122e-06, Param MSE = 5.989103e-05, Grad norm = 1.237856e-05, Beta update rate = 8.525942e-07
Epoch  28800 (0.6%): Train pred MSE = 9.670139e-07, Test pred MSE = 5.964835e-06, Param MSE = 5.982878e-05, Grad norm = 1.225859e-05, Beta update rate = 8.423196e-07
Epoch  29000 (0.6%): Train pred MSE = 9.521324e-07, Test pred MSE = 5.958636e-06, Param MSE = 5.976738e-05, Grad norm = 1.214038e-05, Beta update rate = 8.322225e-07
Epoch  29200 (0.6%): Train pred MSE = 9.375359e-07, Test pred MSE = 5.952522e-06, Param MSE = 5.970683e-05, Grad norm = 1.202388e-05, Beta update rate = 8.222986e-07
Epoch  29400 (0.6%): Train pred MSE = 9.232176e-07, Test pred MSE = 5.946491e-06, Param MSE = 5.964711e-05, Grad norm = 1.190906e-05, Beta update rate = 8.125441e-07
Epoch  29600 (0.6%): Train pred MSE = 9.091707e-07, Test pred MSE = 5.940543e-06, Param MSE = 5.958820e-05, Grad norm = 1.179589e-05, Beta update rate = 8.029552e-07
Epoch  29800 (0.6%): Train pred MSE = 8.953888e-07, Test pred MSE = 5.934676e-06, Param MSE = 5.953009e-05, Grad norm = 1.168434e-05, Beta update rate = 7.935281e-07
Epoch  30000 (0.6%): Train pred MSE = 8.818658e-07, Test pred MSE = 5.928888e-06, Param MSE = 5.947276e-05, Grad norm = 1.157437e-05, Beta update rate = 7.842591e-07
Epoch  30200 (0.6%): Train pred MSE = 8.685955e-07, Test pred MSE = 5.923177e-06, Param MSE = 5.941620e-05, Grad norm = 1.146595e-05, Beta update rate = 7.751449e-07
Epoch  30400 (0.6%): Train pred MSE = 8.555721e-07, Test pred MSE = 5.917543e-06, Param MSE = 5.936039e-05, Grad norm = 1.135904e-05, Beta update rate = 7.661819e-07
Epoch  30600 (0.6%): Train pred MSE = 8.427899e-07, Test pred MSE = 5.911984e-06, Param MSE = 5.930533e-05, Grad norm = 1.125363e-05, Beta update rate = 7.573668e-07
Epoch  30800 (0.6%): Train pred MSE = 8.302432e-07, Test pred MSE = 5.906498e-06, Param MSE = 5.925099e-05, Grad norm = 1.114968e-05, Beta update rate = 7.486964e-07
Epoch  31000 (0.6%): Train pred MSE = 8.179268e-07, Test pred MSE = 5.901085e-06, Param MSE = 5.919737e-05, Grad norm = 1.104716e-05, Beta update rate = 7.401675e-07
Epoch  31200 (0.6%): Train pred MSE = 8.058353e-07, Test pred MSE = 5.895743e-06, Param MSE = 5.914445e-05, Grad norm = 1.094604e-05, Beta update rate = 7.317771e-07
Epoch  31400 (0.6%): Train pred MSE = 7.939636e-07, Test pred MSE = 5.890470e-06, Param MSE = 5.909221e-05, Grad norm = 1.084630e-05, Beta update rate = 7.235221e-07
Epoch  31600 (0.6%): Train pred MSE = 7.823068e-07, Test pred MSE = 5.885267e-06, Param MSE = 5.904066e-05, Grad norm = 1.074791e-05, Beta update rate = 7.153998e-07
Epoch  31800 (0.6%): Train pred MSE = 7.708601e-07, Test pred MSE = 5.880130e-06, Param MSE = 5.898977e-05, Grad norm = 1.065084e-05, Beta update rate = 7.074072e-07
Epoch  32000 (0.6%): Train pred MSE = 7.596187e-07, Test pred MSE = 5.875059e-06, Param MSE = 5.893954e-05, Grad norm = 1.055507e-05, Beta update rate = 6.995416e-07
Epoch  32200 (0.6%): Train pred MSE = 7.485781e-07, Test pred MSE = 5.870054e-06, Param MSE = 5.888994e-05, Grad norm = 1.046058e-05, Beta update rate = 6.918004e-07
Epoch  32400 (0.6%): Train pred MSE = 7.377340e-07, Test pred MSE = 5.865112e-06, Param MSE = 5.884098e-05, Grad norm = 1.036734e-05, Beta update rate = 6.841808e-07
Epoch  32600 (0.7%): Train pred MSE = 7.270818e-07, Test pred MSE = 5.860234e-06, Param MSE = 5.879264e-05, Grad norm = 1.027532e-05, Beta update rate = 6.766805e-07
Epoch  32800 (0.7%): Train pred MSE = 7.166175e-07, Test pred MSE = 5.855416e-06, Param MSE = 5.874491e-05, Grad norm = 1.018451e-05, Beta update rate = 6.692969e-07
Epoch  33000 (0.7%): Train pred MSE = 7.063370e-07, Test pred MSE = 5.850660e-06, Param MSE = 5.869778e-05, Grad norm = 1.009488e-05, Beta update rate = 6.620275e-07
Epoch  33200 (0.7%): Train pred MSE = 6.962363e-07, Test pred MSE = 5.845963e-06, Param MSE = 5.865124e-05, Grad norm = 1.000641e-05, Beta update rate = 6.548702e-07
Epoch  33400 (0.7%): Train pred MSE = 6.863114e-07, Test pred MSE = 5.841325e-06, Param MSE = 5.860528e-05, Grad norm = 9.919079e-06, Beta update rate = 6.478225e-07
Epoch  33600 (0.7%): Train pred MSE = 6.765587e-07, Test pred MSE = 5.836745e-06, Param MSE = 5.855989e-05, Grad norm = 9.832866e-06, Beta update rate = 6.408822e-07
Epoch  33800 (0.7%): Train pred MSE = 6.669744e-07, Test pred MSE = 5.832221e-06, Param MSE = 5.851506e-05, Grad norm = 9.747752e-06, Beta update rate = 6.340472e-07
Epoch  34000 (0.7%): Train pred MSE = 6.575550e-07, Test pred MSE = 5.827753e-06, Param MSE = 5.847078e-05, Grad norm = 9.663716e-06, Beta update rate = 6.273154e-07
Epoch  34200 (0.7%): Train pred MSE = 6.482970e-07, Test pred MSE = 5.823340e-06, Param MSE = 5.842704e-05, Grad norm = 9.580739e-06, Beta update rate = 6.206846e-07
Epoch  34400 (0.7%): Train pred MSE = 6.391970e-07, Test pred MSE = 5.818980e-06, Param MSE = 5.838384e-05, Grad norm = 9.498803e-06, Beta update rate = 6.141529e-07
Epoch  34600 (0.7%): Train pred MSE = 6.302516e-07, Test pred MSE = 5.814674e-06, Param MSE = 5.834116e-05, Grad norm = 9.417888e-06, Beta update rate = 6.077183e-07
Epoch  34800 (0.7%): Train pred MSE = 6.214577e-07, Test pred MSE = 5.810420e-06, Param MSE = 5.829899e-05, Grad norm = 9.337978e-06, Beta update rate = 6.013790e-07
Epoch  35000 (0.7%): Train pred MSE = 6.128121e-07, Test pred MSE = 5.806217e-06, Param MSE = 5.825734e-05, Grad norm = 9.259053e-06, Beta update rate = 5.951329e-07
Epoch  35200 (0.7%): Train pred MSE = 6.043118e-07, Test pred MSE = 5.802065e-06, Param MSE = 5.821618e-05, Grad norm = 9.181098e-06, Beta update rate = 5.889783e-07
Epoch  35400 (0.7%): Train pred MSE = 5.959537e-07, Test pred MSE = 5.797963e-06, Param MSE = 5.817551e-05, Grad norm = 9.104096e-06, Beta update rate = 5.829135e-07
Epoch  35600 (0.7%): Train pred MSE = 5.877350e-07, Test pred MSE = 5.793909e-06, Param MSE = 5.813533e-05, Grad norm = 9.028029e-06, Beta update rate = 5.769367e-07
Epoch  35800 (0.7%): Train pred MSE = 5.796527e-07, Test pred MSE = 5.789904e-06, Param MSE = 5.809563e-05, Grad norm = 8.952883e-06, Beta update rate = 5.710461e-07
Epoch  36000 (0.7%): Train pred MSE = 5.717042e-07, Test pred MSE = 5.785946e-06, Param MSE = 5.805639e-05, Grad norm = 8.878641e-06, Beta update rate = 5.652402e-07
Epoch  36200 (0.7%): Train pred MSE = 5.638868e-07, Test pred MSE = 5.782034e-06, Param MSE = 5.801761e-05, Grad norm = 8.805288e-06, Beta update rate = 5.595173e-07
Epoch  36400 (0.7%): Train pred MSE = 5.561977e-07, Test pred MSE = 5.778169e-06, Param MSE = 5.797929e-05, Grad norm = 8.732810e-06, Beta update rate = 5.538759e-07
Epoch  36600 (0.7%): Train pred MSE = 5.486345e-07, Test pred MSE = 5.774349e-06, Param MSE = 5.794141e-05, Grad norm = 8.661191e-06, Beta update rate = 5.483144e-07
Epoch  36800 (0.7%): Train pred MSE = 5.411946e-07, Test pred MSE = 5.770573e-06, Param MSE = 5.790398e-05, Grad norm = 8.590417e-06, Beta update rate = 5.428313e-07
Epoch  37000 (0.7%): Train pred MSE = 5.338755e-07, Test pred MSE = 5.766841e-06, Param MSE = 5.786698e-05, Grad norm = 8.520474e-06, Beta update rate = 5.374252e-07
Epoch  37200 (0.7%): Train pred MSE = 5.266750e-07, Test pred MSE = 5.763152e-06, Param MSE = 5.783040e-05, Grad norm = 8.451349e-06, Beta update rate = 5.320946e-07
Epoch  37400 (0.7%): Train pred MSE = 5.195906e-07, Test pred MSE = 5.759506e-06, Param MSE = 5.779424e-05, Grad norm = 8.383028e-06, Beta update rate = 5.268381e-07
Epoch  37600 (0.8%): Train pred MSE = 5.126200e-07, Test pred MSE = 5.755901e-06, Param MSE = 5.775850e-05, Grad norm = 8.315498e-06, Beta update rate = 5.216543e-07
Epoch  37800 (0.8%): Train pred MSE = 5.057612e-07, Test pred MSE = 5.752338e-06, Param MSE = 5.772316e-05, Grad norm = 8.248746e-06, Beta update rate = 5.165420e-07
Epoch  38000 (0.8%): Train pred MSE = 4.990118e-07, Test pred MSE = 5.748815e-06, Param MSE = 5.768823e-05, Grad norm = 8.182760e-06, Beta update rate = 5.114998e-07
Epoch  38200 (0.8%): Train pred MSE = 4.923698e-07, Test pred MSE = 5.745332e-06, Param MSE = 5.765369e-05, Grad norm = 8.117527e-06, Beta update rate = 5.065264e-07
Epoch  38400 (0.8%): Train pred MSE = 4.858330e-07, Test pred MSE = 5.741889e-06, Param MSE = 5.761954e-05, Grad norm = 8.053035e-06, Beta update rate = 5.016206e-07
Epoch  38600 (0.8%): Train pred MSE = 4.793996e-07, Test pred MSE = 5.738484e-06, Param MSE = 5.758577e-05, Grad norm = 7.989273e-06, Beta update rate = 4.967812e-07
Epoch  38800 (0.8%): Train pred MSE = 4.730675e-07, Test pred MSE = 5.735117e-06, Param MSE = 5.755238e-05, Grad norm = 7.926228e-06, Beta update rate = 4.920070e-07
Epoch  39000 (0.8%): Train pred MSE = 4.668347e-07, Test pred MSE = 5.731788e-06, Param MSE = 5.751937e-05, Grad norm = 7.863891e-06, Beta update rate = 4.872968e-07
Epoch  39200 (0.8%): Train pred MSE = 4.606994e-07, Test pred MSE = 5.728497e-06, Param MSE = 5.748672e-05, Grad norm = 7.802249e-06, Beta update rate = 4.826495e-07
Epoch  39400 (0.8%): Train pred MSE = 4.546598e-07, Test pred MSE = 5.725241e-06, Param MSE = 5.745443e-05, Grad norm = 7.741292e-06, Beta update rate = 4.780640e-07
Epoch  39600 (0.8%): Train pred MSE = 4.487140e-07, Test pred MSE = 5.722022e-06, Param MSE = 5.742250e-05, Grad norm = 7.681008e-06, Beta update rate = 4.735391e-07
Epoch  39800 (0.8%): Train pred MSE = 4.428603e-07, Test pred MSE = 5.718838e-06, Param MSE = 5.739091e-05, Grad norm = 7.621389e-06, Beta update rate = 4.690739e-07
Epoch  40000 (0.8%): Train pred MSE = 4.370970e-07, Test pred MSE = 5.715689e-06, Param MSE = 5.735968e-05, Grad norm = 7.562423e-06, Beta update rate = 4.646673e-07
Epoch  40200 (0.8%): Train pred MSE = 4.314224e-07, Test pred MSE = 5.712575e-06, Param MSE = 5.732878e-05, Grad norm = 7.504101e-06, Beta update rate = 4.603182e-07
Epoch  40400 (0.8%): Train pred MSE = 4.258348e-07, Test pred MSE = 5.709495e-06, Param MSE = 5.729822e-05, Grad norm = 7.446412e-06, Beta update rate = 4.560256e-07
Epoch  40600 (0.8%): Train pred MSE = 4.203327e-07, Test pred MSE = 5.706448e-06, Param MSE = 5.726799e-05, Grad norm = 7.389348e-06, Beta update rate = 4.517887e-07
Epoch  40800 (0.8%): Train pred MSE = 4.149144e-07, Test pred MSE = 5.703434e-06, Param MSE = 5.723809e-05, Grad norm = 7.332898e-06, Beta update rate = 4.476064e-07
Epoch  41000 (0.8%): Train pred MSE = 4.095785e-07, Test pred MSE = 5.700452e-06, Param MSE = 5.720851e-05, Grad norm = 7.277055e-06, Beta update rate = 4.434778e-07
Epoch  41200 (0.8%): Train pred MSE = 4.043234e-07, Test pred MSE = 5.697503e-06, Param MSE = 5.717925e-05, Grad norm = 7.221807e-06, Beta update rate = 4.394020e-07
Epoch  41400 (0.8%): Train pred MSE = 3.991477e-07, Test pred MSE = 5.694585e-06, Param MSE = 5.715030e-05, Grad norm = 7.167148e-06, Beta update rate = 4.353781e-07
Epoch  41600 (0.8%): Train pred MSE = 3.940499e-07, Test pred MSE = 5.691699e-06, Param MSE = 5.712166e-05, Grad norm = 7.113067e-06, Beta update rate = 4.314052e-07
Epoch  41800 (0.8%): Train pred MSE = 3.890287e-07, Test pred MSE = 5.688843e-06, Param MSE = 5.709332e-05, Grad norm = 7.059557e-06, Beta update rate = 4.274825e-07
Epoch  42000 (0.8%): Train pred MSE = 3.840826e-07, Test pred MSE = 5.686018e-06, Param MSE = 5.706528e-05, Grad norm = 7.006609e-06, Beta update rate = 4.236091e-07
Epoch  42200 (0.8%): Train pred MSE = 3.792103e-07, Test pred MSE = 5.683222e-06, Param MSE = 5.703754e-05, Grad norm = 6.954215e-06, Beta update rate = 4.197842e-07
Epoch  42400 (0.8%): Train pred MSE = 3.744105e-07, Test pred MSE = 5.680456e-06, Param MSE = 5.701009e-05, Grad norm = 6.902367e-06, Beta update rate = 4.160070e-07
Epoch  42600 (0.9%): Train pred MSE = 3.696819e-07, Test pred MSE = 5.677719e-06, Param MSE = 5.698293e-05, Grad norm = 6.851057e-06, Beta update rate = 4.122768e-07
Epoch  42800 (0.9%): Train pred MSE = 3.650232e-07, Test pred MSE = 5.675011e-06, Param MSE = 5.695605e-05, Grad norm = 6.800278e-06, Beta update rate = 4.085926e-07
Epoch  43000 (0.9%): Train pred MSE = 3.604332e-07, Test pred MSE = 5.672331e-06, Param MSE = 5.692945e-05, Grad norm = 6.750021e-06, Beta update rate = 4.049539e-07
Epoch  43200 (0.9%): Train pred MSE = 3.559107e-07, Test pred MSE = 5.669679e-06, Param MSE = 5.690313e-05, Grad norm = 6.700280e-06, Beta update rate = 4.013598e-07
Epoch  43400 (0.9%): Train pred MSE = 3.514546e-07, Test pred MSE = 5.667054e-06, Param MSE = 5.687708e-05, Grad norm = 6.651047e-06, Beta update rate = 3.978097e-07
Epoch  43600 (0.9%): Train pred MSE = 3.470636e-07, Test pred MSE = 5.664457e-06, Param MSE = 5.685130e-05, Grad norm = 6.602314e-06, Beta update rate = 3.943027e-07
Epoch  43800 (0.9%): Train pred MSE = 3.427366e-07, Test pred MSE = 5.661886e-06, Param MSE = 5.682579e-05, Grad norm = 6.554076e-06, Beta update rate = 3.908383e-07
Epoch  44000 (0.9%): Train pred MSE = 3.384725e-07, Test pred MSE = 5.659342e-06, Param MSE = 5.680053e-05, Grad norm = 6.506324e-06, Beta update rate = 3.874158e-07
Epoch  44200 (0.9%): Train pred MSE = 3.342702e-07, Test pred MSE = 5.656824e-06, Param MSE = 5.677553e-05, Grad norm = 6.459053e-06, Beta update rate = 3.840344e-07
Epoch  44400 (0.9%): Train pred MSE = 3.301287e-07, Test pred MSE = 5.654332e-06, Param MSE = 5.675079e-05, Grad norm = 6.412255e-06, Beta update rate = 3.806935e-07
Epoch  44600 (0.9%): Train pred MSE = 3.260469e-07, Test pred MSE = 5.651865e-06, Param MSE = 5.672630e-05, Grad norm = 6.365924e-06, Beta update rate = 3.773925e-07
Epoch  44800 (0.9%): Train pred MSE = 3.220238e-07, Test pred MSE = 5.649423e-06, Param MSE = 5.670206e-05, Grad norm = 6.320053e-06, Beta update rate = 3.741307e-07
Epoch  45000 (0.9%): Train pred MSE = 3.180584e-07, Test pred MSE = 5.647006e-06, Param MSE = 5.667806e-05, Grad norm = 6.274637e-06, Beta update rate = 3.709076e-07
Epoch  45200 (0.9%): Train pred MSE = 3.141497e-07, Test pred MSE = 5.644614e-06, Param MSE = 5.665431e-05, Grad norm = 6.229669e-06, Beta update rate = 3.677225e-07
Epoch  45400 (0.9%): Train pred MSE = 3.102967e-07, Test pred MSE = 5.642245e-06, Param MSE = 5.663079e-05, Grad norm = 6.185143e-06, Beta update rate = 3.645748e-07
Epoch  45600 (0.9%): Train pred MSE = 3.064986e-07, Test pred MSE = 5.639900e-06, Param MSE = 5.660751e-05, Grad norm = 6.141054e-06, Beta update rate = 3.614640e-07
Epoch  45800 (0.9%): Train pred MSE = 3.027543e-07, Test pred MSE = 5.637579e-06, Param MSE = 5.658446e-05, Grad norm = 6.097394e-06, Beta update rate = 3.583895e-07
Epoch  46000 (0.9%): Train pred MSE = 2.990631e-07, Test pred MSE = 5.635281e-06, Param MSE = 5.656164e-05, Grad norm = 6.054159e-06, Beta update rate = 3.553507e-07
Epoch  46200 (0.9%): Train pred MSE = 2.954239e-07, Test pred MSE = 5.633006e-06, Param MSE = 5.653905e-05, Grad norm = 6.011342e-06, Beta update rate = 3.523470e-07
Epoch  46400 (0.9%): Train pred MSE = 2.918359e-07, Test pred MSE = 5.630753e-06, Param MSE = 5.651668e-05, Grad norm = 5.968939e-06, Beta update rate = 3.493781e-07
Epoch  46600 (0.9%): Train pred MSE = 2.882983e-07, Test pred MSE = 5.628522e-06, Param MSE = 5.649453e-05, Grad norm = 5.926944e-06, Beta update rate = 3.464432e-07
Epoch  46800 (0.9%): Train pred MSE = 2.848103e-07, Test pred MSE = 5.626314e-06, Param MSE = 5.647260e-05, Grad norm = 5.885351e-06, Beta update rate = 3.435419e-07
Epoch  47000 (0.9%): Train pred MSE = 2.813709e-07, Test pred MSE = 5.624127e-06, Param MSE = 5.645088e-05, Grad norm = 5.844155e-06, Beta update rate = 3.406737e-07
Epoch  47200 (0.9%): Train pred MSE = 2.779795e-07, Test pred MSE = 5.621962e-06, Param MSE = 5.642938e-05, Grad norm = 5.803351e-06, Beta update rate = 3.378382e-07
Epoch  47400 (0.9%): Train pred MSE = 2.746353e-07, Test pred MSE = 5.619818e-06, Param MSE = 5.640808e-05, Grad norm = 5.762934e-06, Beta update rate = 3.350347e-07
Epoch  47600 (1.0%): Train pred MSE = 2.713374e-07, Test pred MSE = 5.617695e-06, Param MSE = 5.638700e-05, Grad norm = 5.722898e-06, Beta update rate = 3.322628e-07
Epoch  47800 (1.0%): Train pred MSE = 2.680850e-07, Test pred MSE = 5.615593e-06, Param MSE = 5.636611e-05, Grad norm = 5.683240e-06, Beta update rate = 3.295221e-07
Epoch  48000 (1.0%): Train pred MSE = 2.648776e-07, Test pred MSE = 5.613511e-06, Param MSE = 5.634543e-05, Grad norm = 5.643954e-06, Beta update rate = 3.268121e-07
Epoch  48200 (1.0%): Train pred MSE = 2.617143e-07, Test pred MSE = 5.611449e-06, Param MSE = 5.632495e-05, Grad norm = 5.605035e-06, Beta update rate = 3.241323e-07
Epoch  48400 (1.0%): Train pred MSE = 2.585944e-07, Test pred MSE = 5.609407e-06, Param MSE = 5.630467e-05, Grad norm = 5.566479e-06, Beta update rate = 3.214824e-07
Epoch  48600 (1.0%): Train pred MSE = 2.555172e-07, Test pred MSE = 5.607385e-06, Param MSE = 5.628458e-05, Grad norm = 5.528281e-06, Beta update rate = 3.188617e-07
Epoch  48800 (1.0%): Train pred MSE = 2.524821e-07, Test pred MSE = 5.605382e-06, Param MSE = 5.626468e-05, Grad norm = 5.490436e-06, Beta update rate = 3.162701e-07
Epoch  49000 (1.0%): Train pred MSE = 2.494884e-07, Test pred MSE = 5.603398e-06, Param MSE = 5.624498e-05, Grad norm = 5.452940e-06, Beta update rate = 3.137069e-07
Epoch  49200 (1.0%): Train pred MSE = 2.465353e-07, Test pred MSE = 5.601434e-06, Param MSE = 5.622546e-05, Grad norm = 5.415790e-06, Beta update rate = 3.111718e-07
Epoch  49400 (1.0%): Train pred MSE = 2.436223e-07, Test pred MSE = 5.599488e-06, Param MSE = 5.620612e-05, Grad norm = 5.378979e-06, Beta update rate = 3.086645e-07
Epoch  49600 (1.0%): Train pred MSE = 2.407487e-07, Test pred MSE = 5.597560e-06, Param MSE = 5.618697e-05, Grad norm = 5.342505e-06, Beta update rate = 3.061844e-07
Epoch  49800 (1.0%): Train pred MSE = 2.379139e-07, Test pred MSE = 5.595651e-06, Param MSE = 5.616800e-05, Grad norm = 5.306362e-06, Beta update rate = 3.037312e-07
Epoch  50000 (1.0%): Train pred MSE = 2.351173e-07, Test pred MSE = 5.593760e-06, Param MSE = 5.614921e-05, Grad norm = 5.270548e-06, Beta update rate = 3.013046e-07
Epoch  50200 (1.0%): Train pred MSE = 2.323582e-07, Test pred MSE = 5.591886e-06, Param MSE = 5.613059e-05, Grad norm = 5.235057e-06, Beta update rate = 2.989040e-07
Epoch  50400 (1.0%): Train pred MSE = 2.296362e-07, Test pred MSE = 5.590031e-06, Param MSE = 5.611215e-05, Grad norm = 5.199887e-06, Beta update rate = 2.965293e-07
Epoch  50600 (1.0%): Train pred MSE = 2.269506e-07, Test pred MSE = 5.588192e-06, Param MSE = 5.609388e-05, Grad norm = 5.165032e-06, Beta update rate = 2.941800e-07
Epoch  50800 (1.0%): Train pred MSE = 2.243008e-07, Test pred MSE = 5.586371e-06, Param MSE = 5.607579e-05, Grad norm = 5.130489e-06, Beta update rate = 2.918557e-07
Epoch  51000 (1.0%): Train pred MSE = 2.216863e-07, Test pred MSE = 5.584567e-06, Param MSE = 5.605786e-05, Grad norm = 5.096255e-06, Beta update rate = 2.895562e-07
Epoch  51200 (1.0%): Train pred MSE = 2.191065e-07, Test pred MSE = 5.582780e-06, Param MSE = 5.604009e-05, Grad norm = 5.062325e-06, Beta update rate = 2.872809e-07
Epoch  51400 (1.0%): Train pred MSE = 2.165609e-07, Test pred MSE = 5.581009e-06, Param MSE = 5.602249e-05, Grad norm = 5.028697e-06, Beta update rate = 2.850298e-07
Epoch  51600 (1.0%): Train pred MSE = 2.140490e-07, Test pred MSE = 5.579254e-06, Param MSE = 5.600506e-05, Grad norm = 4.995365e-06, Beta update rate = 2.828023e-07
Epoch  51800 (1.0%): Train pred MSE = 2.115703e-07, Test pred MSE = 5.577516e-06, Param MSE = 5.598778e-05, Grad norm = 4.962328e-06, Beta update rate = 2.805981e-07
Epoch  52000 (1.0%): Train pred MSE = 2.091241e-07, Test pred MSE = 5.575794e-06, Param MSE = 5.597066e-05, Grad norm = 4.929581e-06, Beta update rate = 2.784170e-07
Epoch  52200 (1.0%): Train pred MSE = 2.067102e-07, Test pred MSE = 5.574088e-06, Param MSE = 5.595370e-05, Grad norm = 4.897120e-06, Beta update rate = 2.762586e-07
Epoch  52400 (1.0%): Train pred MSE = 2.043279e-07, Test pred MSE = 5.572397e-06, Param MSE = 5.593690e-05, Grad norm = 4.864943e-06, Beta update rate = 2.741226e-07
Epoch  52600 (1.1%): Train pred MSE = 2.019767e-07, Test pred MSE = 5.570722e-06, Param MSE = 5.592025e-05, Grad norm = 4.833047e-06, Beta update rate = 2.720088e-07
Epoch  52800 (1.1%): Train pred MSE = 1.996563e-07, Test pred MSE = 5.569062e-06, Param MSE = 5.590374e-05, Grad norm = 4.801427e-06, Beta update rate = 2.699167e-07
Epoch  53000 (1.1%): Train pred MSE = 1.973661e-07, Test pred MSE = 5.567417e-06, Param MSE = 5.588739e-05, Grad norm = 4.770081e-06, Beta update rate = 2.678462e-07
Epoch  53200 (1.1%): Train pred MSE = 1.951056e-07, Test pred MSE = 5.565787e-06, Param MSE = 5.587119e-05, Grad norm = 4.739005e-06, Beta update rate = 2.657968e-07
Epoch  53400 (1.1%): Train pred MSE = 1.928745e-07, Test pred MSE = 5.564172e-06, Param MSE = 5.585513e-05, Grad norm = 4.708197e-06, Beta update rate = 2.637684e-07
Epoch  53600 (1.1%): Train pred MSE = 1.906723e-07, Test pred MSE = 5.562572e-06, Param MSE = 5.583922e-05, Grad norm = 4.677652e-06, Beta update rate = 2.617607e-07
Epoch  53800 (1.1%): Train pred MSE = 1.884985e-07, Test pred MSE = 5.560986e-06, Param MSE = 5.582345e-05, Grad norm = 4.647369e-06, Beta update rate = 2.597733e-07
Epoch  54000 (1.1%): Train pred MSE = 1.863527e-07, Test pred MSE = 5.559414e-06, Param MSE = 5.580782e-05, Grad norm = 4.617344e-06, Beta update rate = 2.578061e-07
Epoch  54200 (1.1%): Train pred MSE = 1.842346e-07, Test pred MSE = 5.557856e-06, Param MSE = 5.579234e-05, Grad norm = 4.587574e-06, Beta update rate = 2.558587e-07
Epoch  54400 (1.1%): Train pred MSE = 1.821436e-07, Test pred MSE = 5.556312e-06, Param MSE = 5.577699e-05, Grad norm = 4.558057e-06, Beta update rate = 2.539309e-07
Epoch  54600 (1.1%): Train pred MSE = 1.800795e-07, Test pred MSE = 5.554782e-06, Param MSE = 5.576177e-05, Grad norm = 4.528789e-06, Beta update rate = 2.520224e-07
Epoch  54800 (1.1%): Train pred MSE = 1.780417e-07, Test pred MSE = 5.553266e-06, Param MSE = 5.574669e-05, Grad norm = 4.499768e-06, Beta update rate = 2.501329e-07
Epoch  55000 (1.1%): Train pred MSE = 1.760299e-07, Test pred MSE = 5.551763e-06, Param MSE = 5.573175e-05, Grad norm = 4.470990e-06, Beta update rate = 2.482623e-07
Epoch  55200 (1.1%): Train pred MSE = 1.740438e-07, Test pred MSE = 5.550274e-06, Param MSE = 5.571694e-05, Grad norm = 4.442454e-06, Beta update rate = 2.464103e-07
Epoch  55400 (1.1%): Train pred MSE = 1.720829e-07, Test pred MSE = 5.548798e-06, Param MSE = 5.570226e-05, Grad norm = 4.414155e-06, Beta update rate = 2.445766e-07
Epoch  55600 (1.1%): Train pred MSE = 1.701469e-07, Test pred MSE = 5.547334e-06, Param MSE = 5.568770e-05, Grad norm = 4.386093e-06, Beta update rate = 2.427610e-07
Epoch  55800 (1.1%): Train pred MSE = 1.682354e-07, Test pred MSE = 5.545884e-06, Param MSE = 5.567328e-05, Grad norm = 4.358264e-06, Beta update rate = 2.409632e-07
Epoch  56000 (1.1%): Train pred MSE = 1.663481e-07, Test pred MSE = 5.544446e-06, Param MSE = 5.565898e-05, Grad norm = 4.330665e-06, Beta update rate = 2.391831e-07
Epoch  56200 (1.1%): Train pred MSE = 1.644846e-07, Test pred MSE = 5.543021e-06, Param MSE = 5.564481e-05, Grad norm = 4.303294e-06, Beta update rate = 2.374204e-07
Epoch  56400 (1.1%): Train pred MSE = 1.626445e-07, Test pred MSE = 5.541609e-06, Param MSE = 5.563076e-05, Grad norm = 4.276148e-06, Beta update rate = 2.356749e-07
Epoch  56600 (1.1%): Train pred MSE = 1.608275e-07, Test pred MSE = 5.540209e-06, Param MSE = 5.561683e-05, Grad norm = 4.249226e-06, Beta update rate = 2.339464e-07
Epoch  56800 (1.1%): Train pred MSE = 1.590334e-07, Test pred MSE = 5.538821e-06, Param MSE = 5.560303e-05, Grad norm = 4.222524e-06, Beta update rate = 2.322346e-07
Epoch  57000 (1.1%): Train pred MSE = 1.572617e-07, Test pred MSE = 5.537445e-06, Param MSE = 5.558934e-05, Grad norm = 4.196040e-06, Beta update rate = 2.305393e-07
Epoch  57200 (1.1%): Train pred MSE = 1.555121e-07, Test pred MSE = 5.536081e-06, Param MSE = 5.557577e-05, Grad norm = 4.169771e-06, Beta update rate = 2.288604e-07
Epoch  57400 (1.1%): Train pred MSE = 1.537843e-07, Test pred MSE = 5.534729e-06, Param MSE = 5.556232e-05, Grad norm = 4.143717e-06, Beta update rate = 2.271976e-07
Epoch  57600 (1.2%): Train pred MSE = 1.520781e-07, Test pred MSE = 5.533389e-06, Param MSE = 5.554899e-05, Grad norm = 4.117873e-06, Beta update rate = 2.255507e-07
Epoch  57800 (1.2%): Train pred MSE = 1.503930e-07, Test pred MSE = 5.532060e-06, Param MSE = 5.553577e-05, Grad norm = 4.092238e-06, Beta update rate = 2.239196e-07
Epoch  58000 (1.2%): Train pred MSE = 1.487288e-07, Test pred MSE = 5.530742e-06, Param MSE = 5.552266e-05, Grad norm = 4.066809e-06, Beta update rate = 2.223040e-07
Epoch  58200 (1.2%): Train pred MSE = 1.470853e-07, Test pred MSE = 5.529436e-06, Param MSE = 5.550967e-05, Grad norm = 4.041585e-06, Beta update rate = 2.207037e-07
Epoch  58400 (1.2%): Train pred MSE = 1.454620e-07, Test pred MSE = 5.528141e-06, Param MSE = 5.549678e-05, Grad norm = 4.016563e-06, Beta update rate = 2.191185e-07
Epoch  58600 (1.2%): Train pred MSE = 1.438588e-07, Test pred MSE = 5.526858e-06, Param MSE = 5.548401e-05, Grad norm = 3.991741e-06, Beta update rate = 2.175484e-07
Epoch  58800 (1.2%): Train pred MSE = 1.422753e-07, Test pred MSE = 5.525585e-06, Param MSE = 5.547134e-05, Grad norm = 3.967117e-06, Beta update rate = 2.159930e-07
Epoch  59000 (1.2%): Train pred MSE = 1.407112e-07, Test pred MSE = 5.524323e-06, Param MSE = 5.545878e-05, Grad norm = 3.942689e-06, Beta update rate = 2.144522e-07
Epoch  59200 (1.2%): Train pred MSE = 1.391664e-07, Test pred MSE = 5.523071e-06, Param MSE = 5.544633e-05, Grad norm = 3.918454e-06, Beta update rate = 2.129258e-07
Epoch  59400 (1.2%): Train pred MSE = 1.376404e-07, Test pred MSE = 5.521831e-06, Param MSE = 5.543399e-05, Grad norm = 3.894411e-06, Beta update rate = 2.114136e-07
Epoch  59600 (1.2%): Train pred MSE = 1.361331e-07, Test pred MSE = 5.520601e-06, Param MSE = 5.542175e-05, Grad norm = 3.870558e-06, Beta update rate = 2.099155e-07
Epoch  59800 (1.2%): Train pred MSE = 1.346442e-07, Test pred MSE = 5.519381e-06, Param MSE = 5.540961e-05, Grad norm = 3.846892e-06, Beta update rate = 2.084313e-07
Epoch  60000 (1.2%): Train pred MSE = 1.331735e-07, Test pred MSE = 5.518171e-06, Param MSE = 5.539757e-05, Grad norm = 3.823412e-06, Beta update rate = 2.069609e-07
Epoch  60200 (1.2%): Train pred MSE = 1.317206e-07, Test pred MSE = 5.516972e-06, Param MSE = 5.538563e-05, Grad norm = 3.800116e-06, Beta update rate = 2.055040e-07
Epoch  60400 (1.2%): Train pred MSE = 1.302853e-07, Test pred MSE = 5.515783e-06, Param MSE = 5.537380e-05, Grad norm = 3.777002e-06, Beta update rate = 2.040605e-07
Epoch  60600 (1.2%): Train pred MSE = 1.288675e-07, Test pred MSE = 5.514603e-06, Param MSE = 5.536206e-05, Grad norm = 3.754067e-06, Beta update rate = 2.026302e-07
Epoch  60800 (1.2%): Train pred MSE = 1.274668e-07, Test pred MSE = 5.513434e-06, Param MSE = 5.535042e-05, Grad norm = 3.731311e-06, Beta update rate = 2.012131e-07
Epoch  61000 (1.2%): Train pred MSE = 1.260830e-07, Test pred MSE = 5.512274e-06, Param MSE = 5.533888e-05, Grad norm = 3.708731e-06, Beta update rate = 1.998088e-07
Epoch  61200 (1.2%): Train pred MSE = 1.247159e-07, Test pred MSE = 5.511124e-06, Param MSE = 5.532743e-05, Grad norm = 3.686326e-06, Beta update rate = 1.984174e-07
Epoch  61400 (1.2%): Train pred MSE = 1.233652e-07, Test pred MSE = 5.509984e-06, Param MSE = 5.531608e-05, Grad norm = 3.664094e-06, Beta update rate = 1.970385e-07
Epoch  61600 (1.2%): Train pred MSE = 1.220308e-07, Test pred MSE = 5.508853e-06, Param MSE = 5.530482e-05, Grad norm = 3.642032e-06, Beta update rate = 1.956722e-07
Epoch  61800 (1.2%): Train pred MSE = 1.207124e-07, Test pred MSE = 5.507731e-06, Param MSE = 5.529366e-05, Grad norm = 3.620140e-06, Beta update rate = 1.943181e-07
Epoch  62000 (1.2%): Train pred MSE = 1.194098e-07, Test pred MSE = 5.506619e-06, Param MSE = 5.528258e-05, Grad norm = 3.598415e-06, Beta update rate = 1.929763e-07
Epoch  62200 (1.2%): Train pred MSE = 1.181227e-07, Test pred MSE = 5.505516e-06, Param MSE = 5.527160e-05, Grad norm = 3.576856e-06, Beta update rate = 1.916464e-07
Epoch  62400 (1.2%): Train pred MSE = 1.168510e-07, Test pred MSE = 5.504422e-06, Param MSE = 5.526071e-05, Grad norm = 3.555461e-06, Beta update rate = 1.903285e-07
Epoch  62600 (1.3%): Train pred MSE = 1.155945e-07, Test pred MSE = 5.503337e-06, Param MSE = 5.524991e-05, Grad norm = 3.534229e-06, Beta update rate = 1.890224e-07
Epoch  62800 (1.3%): Train pred MSE = 1.143529e-07, Test pred MSE = 5.502261e-06, Param MSE = 5.523919e-05, Grad norm = 3.513157e-06, Beta update rate = 1.877278e-07
Epoch  63000 (1.3%): Train pred MSE = 1.131261e-07, Test pred MSE = 5.501193e-06, Param MSE = 5.522856e-05, Grad norm = 3.492245e-06, Beta update rate = 1.864448e-07
Epoch  63200 (1.3%): Train pred MSE = 1.119138e-07, Test pred MSE = 5.500135e-06, Param MSE = 5.521802e-05, Grad norm = 3.471491e-06, Beta update rate = 1.851731e-07
Epoch  63400 (1.3%): Train pred MSE = 1.107159e-07, Test pred MSE = 5.499085e-06, Param MSE = 5.520757e-05, Grad norm = 3.450892e-06, Beta update rate = 1.839127e-07
Epoch  63600 (1.3%): Train pred MSE = 1.095321e-07, Test pred MSE = 5.498043e-06, Param MSE = 5.519720e-05, Grad norm = 3.430449e-06, Beta update rate = 1.826633e-07
Epoch  63800 (1.3%): Train pred MSE = 1.083623e-07, Test pred MSE = 5.497010e-06, Param MSE = 5.518691e-05, Grad norm = 3.410158e-06, Beta update rate = 1.814250e-07
Epoch  64000 (1.3%): Train pred MSE = 1.072063e-07, Test pred MSE = 5.495986e-06, Param MSE = 5.517671e-05, Grad norm = 3.390019e-06, Beta update rate = 1.801975e-07
Epoch  64200 (1.3%): Train pred MSE = 1.060639e-07, Test pred MSE = 5.494970e-06, Param MSE = 5.516659e-05, Grad norm = 3.370030e-06, Beta update rate = 1.789807e-07
Epoch  64400 (1.3%): Train pred MSE = 1.049350e-07, Test pred MSE = 5.493961e-06, Param MSE = 5.515655e-05, Grad norm = 3.350190e-06, Beta update rate = 1.777745e-07
Epoch  64600 (1.3%): Train pred MSE = 1.038192e-07, Test pred MSE = 5.492961e-06, Param MSE = 5.514659e-05, Grad norm = 3.330496e-06, Beta update rate = 1.765788e-07
Epoch  64800 (1.3%): Train pred MSE = 1.027166e-07, Test pred MSE = 5.491970e-06, Param MSE = 5.513671e-05, Grad norm = 3.310949e-06, Beta update rate = 1.753934e-07
Epoch  65000 (1.3%): Train pred MSE = 1.016268e-07, Test pred MSE = 5.490986e-06, Param MSE = 5.512691e-05, Grad norm = 3.291546e-06, Beta update rate = 1.742184e-07
Epoch  65200 (1.3%): Train pred MSE = 1.005497e-07, Test pred MSE = 5.490010e-06, Param MSE = 5.511719e-05, Grad norm = 3.272285e-06, Beta update rate = 1.730534e-07
Epoch  65400 (1.3%): Train pred MSE = 9.948526e-08, Test pred MSE = 5.489041e-06, Param MSE = 5.510755e-05, Grad norm = 3.253166e-06, Beta update rate = 1.718985e-07
Epoch  65600 (1.3%): Train pred MSE = 9.843317e-08, Test pred MSE = 5.488081e-06, Param MSE = 5.509798e-05, Grad norm = 3.234188e-06, Beta update rate = 1.707535e-07
Epoch  65800 (1.3%): Train pred MSE = 9.739330e-08, Test pred MSE = 5.487128e-06, Param MSE = 5.508849e-05, Grad norm = 3.215348e-06, Beta update rate = 1.696183e-07
Epoch  66000 (1.3%): Train pred MSE = 9.636551e-08, Test pred MSE = 5.486183e-06, Param MSE = 5.507908e-05, Grad norm = 3.196646e-06, Beta update rate = 1.684927e-07
Epoch  66200 (1.3%): Train pred MSE = 9.534963e-08, Test pred MSE = 5.485245e-06, Param MSE = 5.506974e-05, Grad norm = 3.178080e-06, Beta update rate = 1.673768e-07
Epoch  66400 (1.3%): Train pred MSE = 9.434551e-08, Test pred MSE = 5.484315e-06, Param MSE = 5.506047e-05, Grad norm = 3.159649e-06, Beta update rate = 1.662704e-07
Epoch  66600 (1.3%): Train pred MSE = 9.335299e-08, Test pred MSE = 5.483392e-06, Param MSE = 5.505128e-05, Grad norm = 3.141351e-06, Beta update rate = 1.651733e-07
Epoch  66800 (1.3%): Train pred MSE = 9.237193e-08, Test pred MSE = 5.482477e-06, Param MSE = 5.504216e-05, Grad norm = 3.123186e-06, Beta update rate = 1.640855e-07
Epoch  67000 (1.3%): Train pred MSE = 9.140217e-08, Test pred MSE = 5.481568e-06, Param MSE = 5.503311e-05, Grad norm = 3.105152e-06, Beta update rate = 1.630069e-07
Epoch  67200 (1.3%): Train pred MSE = 9.044357e-08, Test pred MSE = 5.480667e-06, Param MSE = 5.502413e-05, Grad norm = 3.087247e-06, Beta update rate = 1.619373e-07
Epoch  67400 (1.3%): Train pred MSE = 8.949599e-08, Test pred MSE = 5.479773e-06, Param MSE = 5.501522e-05, Grad norm = 3.069472e-06, Beta update rate = 1.608767e-07
Epoch  67600 (1.4%): Train pred MSE = 8.855927e-08, Test pred MSE = 5.478886e-06, Param MSE = 5.500638e-05, Grad norm = 3.051824e-06, Beta update rate = 1.598250e-07
Epoch  67800 (1.4%): Train pred MSE = 8.763329e-08, Test pred MSE = 5.478006e-06, Param MSE = 5.499761e-05, Grad norm = 3.034302e-06, Beta update rate = 1.587821e-07
Epoch  68000 (1.4%): Train pred MSE = 8.671791e-08, Test pred MSE = 5.477133e-06, Param MSE = 5.498891e-05, Grad norm = 3.016905e-06, Beta update rate = 1.577479e-07
Epoch  68200 (1.4%): Train pred MSE = 8.581298e-08, Test pred MSE = 5.476266e-06, Param MSE = 5.498028e-05, Grad norm = 2.999632e-06, Beta update rate = 1.567222e-07
Epoch  68400 (1.4%): Train pred MSE = 8.491838e-08, Test pred MSE = 5.475407e-06, Param MSE = 5.497171e-05, Grad norm = 2.982482e-06, Beta update rate = 1.557051e-07
Epoch  68600 (1.4%): Train pred MSE = 8.403398e-08, Test pred MSE = 5.474554e-06, Param MSE = 5.496321e-05, Grad norm = 2.965453e-06, Beta update rate = 1.546963e-07
Epoch  68800 (1.4%): Train pred MSE = 8.315964e-08, Test pred MSE = 5.473707e-06, Param MSE = 5.495478e-05, Grad norm = 2.948545e-06, Beta update rate = 1.536959e-07
Epoch  69000 (1.4%): Train pred MSE = 8.229523e-08, Test pred MSE = 5.472868e-06, Param MSE = 5.494641e-05, Grad norm = 2.931756e-06, Beta update rate = 1.527037e-07
Epoch  69200 (1.4%): Train pred MSE = 8.144063e-08, Test pred MSE = 5.472035e-06, Param MSE = 5.493811e-05, Grad norm = 2.915086e-06, Beta update rate = 1.517197e-07
Epoch  69400 (1.4%): Train pred MSE = 8.059571e-08, Test pred MSE = 5.471208e-06, Param MSE = 5.492987e-05, Grad norm = 2.898533e-06, Beta update rate = 1.507437e-07
Epoch  69600 (1.4%): Train pred MSE = 7.976036e-08, Test pred MSE = 5.470387e-06, Param MSE = 5.492169e-05, Grad norm = 2.882096e-06, Beta update rate = 1.497757e-07
Epoch  69800 (1.4%): Train pred MSE = 7.893445e-08, Test pred MSE = 5.469573e-06, Param MSE = 5.491358e-05, Grad norm = 2.865774e-06, Beta update rate = 1.488156e-07
Epoch  70000 (1.4%): Train pred MSE = 7.811786e-08, Test pred MSE = 5.468766e-06, Param MSE = 5.490553e-05, Grad norm = 2.849566e-06, Beta update rate = 1.478633e-07
Epoch  70200 (1.4%): Train pred MSE = 7.731047e-08, Test pred MSE = 5.467964e-06, Param MSE = 5.489754e-05, Grad norm = 2.833471e-06, Beta update rate = 1.469188e-07
Epoch  70400 (1.4%): Train pred MSE = 7.651218e-08, Test pred MSE = 5.467169e-06, Param MSE = 5.488961e-05, Grad norm = 2.817488e-06, Beta update rate = 1.459818e-07
Epoch  70600 (1.4%): Train pred MSE = 7.572286e-08, Test pred MSE = 5.466379e-06, Param MSE = 5.488175e-05, Grad norm = 2.801616e-06, Beta update rate = 1.450525e-07
Epoch  70800 (1.4%): Train pred MSE = 7.494240e-08, Test pred MSE = 5.465596e-06, Param MSE = 5.487394e-05, Grad norm = 2.785854e-06, Beta update rate = 1.441306e-07
Epoch  71000 (1.4%): Train pred MSE = 7.417069e-08, Test pred MSE = 5.464819e-06, Param MSE = 5.486619e-05, Grad norm = 2.770201e-06, Beta update rate = 1.432161e-07
Epoch  71200 (1.4%): Train pred MSE = 7.340762e-08, Test pred MSE = 5.464047e-06, Param MSE = 5.485850e-05, Grad norm = 2.754656e-06, Beta update rate = 1.423090e-07
Epoch  71400 (1.4%): Train pred MSE = 7.265309e-08, Test pred MSE = 5.463282e-06, Param MSE = 5.485087e-05, Grad norm = 2.739219e-06, Beta update rate = 1.414091e-07
Epoch  71600 (1.4%): Train pred MSE = 7.190699e-08, Test pred MSE = 5.462522e-06, Param MSE = 5.484330e-05, Grad norm = 2.723887e-06, Beta update rate = 1.405164e-07
Epoch  71800 (1.4%): Train pred MSE = 7.116921e-08, Test pred MSE = 5.461768e-06, Param MSE = 5.483578e-05, Grad norm = 2.708660e-06, Beta update rate = 1.396308e-07
Epoch  72000 (1.4%): Train pred MSE = 7.043965e-08, Test pred MSE = 5.461020e-06, Param MSE = 5.482832e-05, Grad norm = 2.693538e-06, Beta update rate = 1.387523e-07
Epoch  72200 (1.4%): Train pred MSE = 6.971820e-08, Test pred MSE = 5.460278e-06, Param MSE = 5.482092e-05, Grad norm = 2.678519e-06, Beta update rate = 1.378807e-07
Epoch  72400 (1.4%): Train pred MSE = 6.900478e-08, Test pred MSE = 5.459541e-06, Param MSE = 5.481357e-05, Grad norm = 2.663603e-06, Beta update rate = 1.370160e-07
Epoch  72600 (1.5%): Train pred MSE = 6.829927e-08, Test pred MSE = 5.458809e-06, Param MSE = 5.480628e-05, Grad norm = 2.648788e-06, Beta update rate = 1.361582e-07
Epoch  72800 (1.5%): Train pred MSE = 6.760159e-08, Test pred MSE = 5.458083e-06, Param MSE = 5.479904e-05, Grad norm = 2.634073e-06, Beta update rate = 1.353070e-07
Epoch  73000 (1.5%): Train pred MSE = 6.691163e-08, Test pred MSE = 5.457363e-06, Param MSE = 5.479186e-05, Grad norm = 2.619458e-06, Beta update rate = 1.344626e-07
Epoch  73200 (1.5%): Train pred MSE = 6.622930e-08, Test pred MSE = 5.456648e-06, Param MSE = 5.478473e-05, Grad norm = 2.604943e-06, Beta update rate = 1.336248e-07
Epoch  73400 (1.5%): Train pred MSE = 6.555451e-08, Test pred MSE = 5.455938e-06, Param MSE = 5.477765e-05, Grad norm = 2.590525e-06, Beta update rate = 1.327936e-07
Epoch  73600 (1.5%): Train pred MSE = 6.488717e-08, Test pred MSE = 5.455234e-06, Param MSE = 5.477063e-05, Grad norm = 2.576204e-06, Beta update rate = 1.319688e-07
Epoch  73800 (1.5%): Train pred MSE = 6.422717e-08, Test pred MSE = 5.454535e-06, Param MSE = 5.476366e-05, Grad norm = 2.561980e-06, Beta update rate = 1.311505e-07
Epoch  74000 (1.5%): Train pred MSE = 6.357444e-08, Test pred MSE = 5.453841e-06, Param MSE = 5.475674e-05, Grad norm = 2.547851e-06, Beta update rate = 1.303385e-07
Epoch  74200 (1.5%): Train pred MSE = 6.292889e-08, Test pred MSE = 5.453153e-06, Param MSE = 5.474987e-05, Grad norm = 2.533817e-06, Beta update rate = 1.295328e-07
Epoch  74400 (1.5%): Train pred MSE = 6.229042e-08, Test pred MSE = 5.452469e-06, Param MSE = 5.474305e-05, Grad norm = 2.519876e-06, Beta update rate = 1.287334e-07
Epoch  74600 (1.5%): Train pred MSE = 6.165896e-08, Test pred MSE = 5.451791e-06, Param MSE = 5.473629e-05, Grad norm = 2.506029e-06, Beta update rate = 1.279401e-07
Epoch  74800 (1.5%): Train pred MSE = 6.103441e-08, Test pred MSE = 5.451117e-06, Param MSE = 5.472957e-05, Grad norm = 2.492274e-06, Beta update rate = 1.271529e-07
Epoch  75000 (1.5%): Train pred MSE = 6.041669e-08, Test pred MSE = 5.450449e-06, Param MSE = 5.472290e-05, Grad norm = 2.478610e-06, Beta update rate = 1.263718e-07
Epoch  75200 (1.5%): Train pred MSE = 5.980573e-08, Test pred MSE = 5.449785e-06, Param MSE = 5.471629e-05, Grad norm = 2.465037e-06, Beta update rate = 1.255967e-07
Epoch  75400 (1.5%): Train pred MSE = 5.920144e-08, Test pred MSE = 5.449127e-06, Param MSE = 5.470972e-05, Grad norm = 2.451554e-06, Beta update rate = 1.248275e-07
Epoch  75600 (1.5%): Train pred MSE = 5.860373e-08, Test pred MSE = 5.448473e-06, Param MSE = 5.470320e-05, Grad norm = 2.438160e-06, Beta update rate = 1.240641e-07
Epoch  75800 (1.5%): Train pred MSE = 5.801253e-08, Test pred MSE = 5.447824e-06, Param MSE = 5.469672e-05, Grad norm = 2.424855e-06, Beta update rate = 1.233066e-07
Epoch  76000 (1.5%): Train pred MSE = 5.742777e-08, Test pred MSE = 5.447180e-06, Param MSE = 5.469030e-05, Grad norm = 2.411637e-06, Beta update rate = 1.225549e-07
Epoch  76200 (1.5%): Train pred MSE = 5.684936e-08, Test pred MSE = 5.446540e-06, Param MSE = 5.468392e-05, Grad norm = 2.398506e-06, Beta update rate = 1.218088e-07
Epoch  76400 (1.5%): Train pred MSE = 5.627722e-08, Test pred MSE = 5.445905e-06, Param MSE = 5.467759e-05, Grad norm = 2.385462e-06, Beta update rate = 1.210684e-07
Epoch  76600 (1.5%): Train pred MSE = 5.571129e-08, Test pred MSE = 5.445275e-06, Param MSE = 5.467130e-05, Grad norm = 2.372502e-06, Beta update rate = 1.203336e-07
Epoch  76800 (1.5%): Train pred MSE = 5.515149e-08, Test pred MSE = 5.444650e-06, Param MSE = 5.466506e-05, Grad norm = 2.359628e-06, Beta update rate = 1.196044e-07
Epoch  77000 (1.5%): Train pred MSE = 5.459775e-08, Test pred MSE = 5.444029e-06, Param MSE = 5.465886e-05, Grad norm = 2.346837e-06, Beta update rate = 1.188806e-07
Epoch  77200 (1.5%): Train pred MSE = 5.404998e-08, Test pred MSE = 5.443413e-06, Param MSE = 5.465271e-05, Grad norm = 2.334130e-06, Beta update rate = 1.181623e-07
Epoch  77400 (1.5%): Train pred MSE = 5.350813e-08, Test pred MSE = 5.442801e-06, Param MSE = 5.464661e-05, Grad norm = 2.321506e-06, Beta update rate = 1.174493e-07
Epoch  77600 (1.6%): Train pred MSE = 5.297213e-08, Test pred MSE = 5.442193e-06, Param MSE = 5.464055e-05, Grad norm = 2.308963e-06, Beta update rate = 1.167417e-07
Epoch  77800 (1.6%): Train pred MSE = 5.244189e-08, Test pred MSE = 5.441590e-06, Param MSE = 5.463453e-05, Grad norm = 2.296502e-06, Beta update rate = 1.160394e-07
Epoch  78000 (1.6%): Train pred MSE = 5.191736e-08, Test pred MSE = 5.440991e-06, Param MSE = 5.462856e-05, Grad norm = 2.284121e-06, Beta update rate = 1.153422e-07
Epoch  78200 (1.6%): Train pred MSE = 5.139847e-08, Test pred MSE = 5.440397e-06, Param MSE = 5.462263e-05, Grad norm = 2.271821e-06, Beta update rate = 1.146503e-07
Epoch  78400 (1.6%): Train pred MSE = 5.088515e-08, Test pred MSE = 5.439807e-06, Param MSE = 5.461674e-05, Grad norm = 2.259599e-06, Beta update rate = 1.139635e-07
Epoch  78600 (1.6%): Train pred MSE = 5.037733e-08, Test pred MSE = 5.439221e-06, Param MSE = 5.461089e-05, Grad norm = 2.247456e-06, Beta update rate = 1.132818e-07
Epoch  78800 (1.6%): Train pred MSE = 4.987496e-08, Test pred MSE = 5.438639e-06, Param MSE = 5.460509e-05, Grad norm = 2.235392e-06, Beta update rate = 1.126051e-07
Epoch  79000 (1.6%): Train pred MSE = 4.937796e-08, Test pred MSE = 5.438062e-06, Param MSE = 5.459933e-05, Grad norm = 2.223404e-06, Beta update rate = 1.119334e-07
Epoch  79200 (1.6%): Train pred MSE = 4.888627e-08, Test pred MSE = 5.437489e-06, Param MSE = 5.459361e-05, Grad norm = 2.211494e-06, Beta update rate = 1.112667e-07
Epoch  79400 (1.6%): Train pred MSE = 4.839983e-08, Test pred MSE = 5.436920e-06, Param MSE = 5.458793e-05, Grad norm = 2.199659e-06, Beta update rate = 1.106048e-07
Epoch  79600 (1.6%): Train pred MSE = 4.791859e-08, Test pred MSE = 5.436355e-06, Param MSE = 5.458229e-05, Grad norm = 2.187900e-06, Beta update rate = 1.099478e-07
Epoch  79800 (1.6%): Train pred MSE = 4.744247e-08, Test pred MSE = 5.435794e-06, Param MSE = 5.457669e-05, Grad norm = 2.176216e-06, Beta update rate = 1.092956e-07
Epoch  80000 (1.6%): Train pred MSE = 4.697142e-08, Test pred MSE = 5.435236e-06, Param MSE = 5.457113e-05, Grad norm = 2.164607e-06, Beta update rate = 1.086482e-07
Epoch  80200 (1.6%): Train pred MSE = 4.650538e-08, Test pred MSE = 5.434683e-06, Param MSE = 5.456561e-05, Grad norm = 2.153071e-06, Beta update rate = 1.080054e-07
Epoch  80400 (1.6%): Train pred MSE = 4.604430e-08, Test pred MSE = 5.434134e-06, Param MSE = 5.456013e-05, Grad norm = 2.141608e-06, Beta update rate = 1.073674e-07
Epoch  80600 (1.6%): Train pred MSE = 4.558810e-08, Test pred MSE = 5.433589e-06, Param MSE = 5.455468e-05, Grad norm = 2.130217e-06, Beta update rate = 1.067340e-07
Epoch  80800 (1.6%): Train pred MSE = 4.513675e-08, Test pred MSE = 5.433048e-06, Param MSE = 5.454928e-05, Grad norm = 2.118899e-06, Beta update rate = 1.061051e-07
Epoch  81000 (1.6%): Train pred MSE = 4.469018e-08, Test pred MSE = 5.432510e-06, Param MSE = 5.454392e-05, Grad norm = 2.107652e-06, Beta update rate = 1.054808e-07
Epoch  81200 (1.6%): Train pred MSE = 4.424833e-08, Test pred MSE = 5.431977e-06, Param MSE = 5.453859e-05, Grad norm = 2.096475e-06, Beta update rate = 1.048610e-07
Epoch  81400 (1.6%): Train pred MSE = 4.381115e-08, Test pred MSE = 5.431447e-06, Param MSE = 5.453330e-05, Grad norm = 2.085369e-06, Beta update rate = 1.042457e-07
Epoch  81600 (1.6%): Train pred MSE = 4.337859e-08, Test pred MSE = 5.430921e-06, Param MSE = 5.452805e-05, Grad norm = 2.074333e-06, Beta update rate = 1.036348e-07
Epoch  81800 (1.6%): Train pred MSE = 4.295060e-08, Test pred MSE = 5.430398e-06, Param MSE = 5.452283e-05, Grad norm = 2.063366e-06, Beta update rate = 1.030283e-07
Epoch  82000 (1.6%): Train pred MSE = 4.252711e-08, Test pred MSE = 5.429879e-06, Param MSE = 5.451765e-05, Grad norm = 2.052467e-06, Beta update rate = 1.024261e-07
Epoch  82200 (1.6%): Train pred MSE = 4.210809e-08, Test pred MSE = 5.429364e-06, Param MSE = 5.451251e-05, Grad norm = 2.041636e-06, Beta update rate = 1.018282e-07
Epoch  82400 (1.6%): Train pred MSE = 4.169347e-08, Test pred MSE = 5.428853e-06, Param MSE = 5.450740e-05, Grad norm = 2.030873e-06, Beta update rate = 1.012346e-07
Epoch  82600 (1.7%): Train pred MSE = 4.128321e-08, Test pred MSE = 5.428345e-06, Param MSE = 5.450233e-05, Grad norm = 2.020177e-06, Beta update rate = 1.006452e-07
Epoch  82800 (1.7%): Train pred MSE = 4.087727e-08, Test pred MSE = 5.427841e-06, Param MSE = 5.449730e-05, Grad norm = 2.009547e-06, Beta update rate = 1.000600e-07
Epoch  83000 (1.7%): Train pred MSE = 4.047557e-08, Test pred MSE = 5.427340e-06, Param MSE = 5.449230e-05, Grad norm = 1.998984e-06, Beta update rate = 9.947892e-08
Epoch  83200 (1.7%): Train pred MSE = 4.007809e-08, Test pred MSE = 5.426842e-06, Param MSE = 5.448733e-05, Grad norm = 1.988485e-06, Beta update rate = 9.890197e-08
Epoch  83400 (1.7%): Train pred MSE = 3.968478e-08, Test pred MSE = 5.426349e-06, Param MSE = 5.448240e-05, Grad norm = 1.978052e-06, Beta update rate = 9.832910e-08
Epoch  83600 (1.7%): Train pred MSE = 3.929557e-08, Test pred MSE = 5.425858e-06, Param MSE = 5.447750e-05, Grad norm = 1.967683e-06, Beta update rate = 9.776027e-08
Epoch  83800 (1.7%): Train pred MSE = 3.891043e-08, Test pred MSE = 5.425371e-06, Param MSE = 5.447264e-05, Grad norm = 1.957378e-06, Beta update rate = 9.719543e-08
Epoch  84000 (1.7%): Train pred MSE = 3.852932e-08, Test pred MSE = 5.424888e-06, Param MSE = 5.446781e-05, Grad norm = 1.947136e-06, Beta update rate = 9.663457e-08
Epoch  84200 (1.7%): Train pred MSE = 3.815218e-08, Test pred MSE = 5.424407e-06, Param MSE = 5.446302e-05, Grad norm = 1.936958e-06, Beta update rate = 9.607764e-08
Epoch  84400 (1.7%): Train pred MSE = 3.777897e-08, Test pred MSE = 5.423931e-06, Param MSE = 5.445825e-05, Grad norm = 1.926842e-06, Beta update rate = 9.552461e-08
Epoch  84600 (1.7%): Train pred MSE = 3.740965e-08, Test pred MSE = 5.423457e-06, Param MSE = 5.445352e-05, Grad norm = 1.916787e-06, Beta update rate = 9.497544e-08
Epoch  84800 (1.7%): Train pred MSE = 3.704417e-08, Test pred MSE = 5.422987e-06, Param MSE = 5.444883e-05, Grad norm = 1.906795e-06, Beta update rate = 9.443010e-08
Epoch  85000 (1.7%): Train pred MSE = 3.668249e-08, Test pred MSE = 5.422520e-06, Param MSE = 5.444416e-05, Grad norm = 1.896863e-06, Beta update rate = 9.388855e-08
Epoch  85200 (1.7%): Train pred MSE = 3.632457e-08, Test pred MSE = 5.422056e-06, Param MSE = 5.443953e-05, Grad norm = 1.886992e-06, Beta update rate = 9.335077e-08
Epoch  85400 (1.7%): Train pred MSE = 3.597036e-08, Test pred MSE = 5.421595e-06, Param MSE = 5.443493e-05, Grad norm = 1.877181e-06, Beta update rate = 9.281671e-08
Epoch  85600 (1.7%): Train pred MSE = 3.561982e-08, Test pred MSE = 5.421138e-06, Param MSE = 5.443036e-05, Grad norm = 1.867430e-06, Beta update rate = 9.228636e-08
Epoch  85800 (1.7%): Train pred MSE = 3.527291e-08, Test pred MSE = 5.420683e-06, Param MSE = 5.442582e-05, Grad norm = 1.857738e-06, Beta update rate = 9.175967e-08
Epoch  86000 (1.7%): Train pred MSE = 3.492960e-08, Test pred MSE = 5.420232e-06, Param MSE = 5.442132e-05, Grad norm = 1.848104e-06, Beta update rate = 9.123661e-08
Epoch  86200 (1.7%): Train pred MSE = 3.458983e-08, Test pred MSE = 5.419784e-06, Param MSE = 5.441684e-05, Grad norm = 1.838529e-06, Beta update rate = 9.071715e-08
Epoch  86400 (1.7%): Train pred MSE = 3.425357e-08, Test pred MSE = 5.419339e-06, Param MSE = 5.441240e-05, Grad norm = 1.829012e-06, Beta update rate = 9.020126e-08
Epoch  86600 (1.7%): Train pred MSE = 3.392078e-08, Test pred MSE = 5.418897e-06, Param MSE = 5.440798e-05, Grad norm = 1.819553e-06, Beta update rate = 8.968892e-08
Epoch  86800 (1.7%): Train pred MSE = 3.359143e-08, Test pred MSE = 5.418458e-06, Param MSE = 5.440360e-05, Grad norm = 1.810150e-06, Beta update rate = 8.918008e-08
Epoch  87000 (1.7%): Train pred MSE = 3.326547e-08, Test pred MSE = 5.418022e-06, Param MSE = 5.439924e-05, Grad norm = 1.800804e-06, Beta update rate = 8.867472e-08
Epoch  87200 (1.7%): Train pred MSE = 3.294286e-08, Test pred MSE = 5.417589e-06, Param MSE = 5.439492e-05, Grad norm = 1.791514e-06, Beta update rate = 8.817281e-08
Epoch  87400 (1.7%): Train pred MSE = 3.262358e-08, Test pred MSE = 5.417159e-06, Param MSE = 5.439062e-05, Grad norm = 1.782280e-06, Beta update rate = 8.767432e-08
Epoch  87600 (1.8%): Train pred MSE = 3.230757e-08, Test pred MSE = 5.416732e-06, Param MSE = 5.438635e-05, Grad norm = 1.773101e-06, Beta update rate = 8.717922e-08
Epoch  87800 (1.8%): Train pred MSE = 3.199481e-08, Test pred MSE = 5.416308e-06, Param MSE = 5.438211e-05, Grad norm = 1.763977e-06, Beta update rate = 8.668748e-08
Epoch  88000 (1.8%): Train pred MSE = 3.168526e-08, Test pred MSE = 5.415887e-06, Param MSE = 5.437790e-05, Grad norm = 1.754908e-06, Beta update rate = 8.619907e-08
Epoch  88200 (1.8%): Train pred MSE = 3.137888e-08, Test pred MSE = 5.415468e-06, Param MSE = 5.437372e-05, Grad norm = 1.745892e-06, Beta update rate = 8.571397e-08
Epoch  88400 (1.8%): Train pred MSE = 3.107564e-08, Test pred MSE = 5.415052e-06, Param MSE = 5.436957e-05, Grad norm = 1.736931e-06, Beta update rate = 8.523215e-08
Epoch  88600 (1.8%): Train pred MSE = 3.077551e-08, Test pred MSE = 5.414640e-06, Param MSE = 5.436545e-05, Grad norm = 1.728023e-06, Beta update rate = 8.475357e-08
Epoch  88800 (1.8%): Train pred MSE = 3.047844e-08, Test pred MSE = 5.414230e-06, Param MSE = 5.436135e-05, Grad norm = 1.719167e-06, Beta update rate = 8.427822e-08
Epoch  89000 (1.8%): Train pred MSE = 3.018441e-08, Test pred MSE = 5.413822e-06, Param MSE = 5.435728e-05, Grad norm = 1.710364e-06, Beta update rate = 8.380606e-08
Epoch  89200 (1.8%): Train pred MSE = 2.989339e-08, Test pred MSE = 5.413418e-06, Param MSE = 5.435324e-05, Grad norm = 1.701614e-06, Beta update rate = 8.333707e-08
Epoch  89400 (1.8%): Train pred MSE = 2.960533e-08, Test pred MSE = 5.413016e-06, Param MSE = 5.434922e-05, Grad norm = 1.692915e-06, Beta update rate = 8.287122e-08
Epoch  89600 (1.8%): Train pred MSE = 2.932020e-08, Test pred MSE = 5.412617e-06, Param MSE = 5.434523e-05, Grad norm = 1.684268e-06, Beta update rate = 8.240849e-08
Epoch  89800 (1.8%): Train pred MSE = 2.903799e-08, Test pred MSE = 5.412220e-06, Param MSE = 5.434127e-05, Grad norm = 1.675671e-06, Beta update rate = 8.194884e-08
Epoch  90000 (1.8%): Train pred MSE = 2.875864e-08, Test pred MSE = 5.411827e-06, Param MSE = 5.433734e-05, Grad norm = 1.667125e-06, Beta update rate = 8.149226e-08
Epoch  90200 (1.8%): Train pred MSE = 2.848214e-08, Test pred MSE = 5.411435e-06, Param MSE = 5.433343e-05, Grad norm = 1.658630e-06, Beta update rate = 8.103871e-08
Epoch  90400 (1.8%): Train pred MSE = 2.820844e-08, Test pred MSE = 5.411047e-06, Param MSE = 5.432954e-05, Grad norm = 1.650184e-06, Beta update rate = 8.058818e-08
Epoch  90600 (1.8%): Train pred MSE = 2.793753e-08, Test pred MSE = 5.410661e-06, Param MSE = 5.432569e-05, Grad norm = 1.641788e-06, Beta update rate = 8.014064e-08
Epoch  90800 (1.8%): Train pred MSE = 2.766936e-08, Test pred MSE = 5.410278e-06, Param MSE = 5.432186e-05, Grad norm = 1.633442e-06, Beta update rate = 7.969606e-08
Epoch  91000 (1.8%): Train pred MSE = 2.740391e-08, Test pred MSE = 5.409897e-06, Param MSE = 5.431805e-05, Grad norm = 1.625144e-06, Beta update rate = 7.925441e-08
Epoch  91200 (1.8%): Train pred MSE = 2.714115e-08, Test pred MSE = 5.409519e-06, Param MSE = 5.431427e-05, Grad norm = 1.616894e-06, Beta update rate = 7.881569e-08
Epoch  91400 (1.8%): Train pred MSE = 2.688105e-08, Test pred MSE = 5.409143e-06, Param MSE = 5.431051e-05, Grad norm = 1.608693e-06, Beta update rate = 7.837985e-08
Epoch  91600 (1.8%): Train pred MSE = 2.662358e-08, Test pred MSE = 5.408770e-06, Param MSE = 5.430678e-05, Grad norm = 1.600539e-06, Beta update rate = 7.794688e-08
Epoch  91800 (1.8%): Train pred MSE = 2.636872e-08, Test pred MSE = 5.408399e-06, Param MSE = 5.430308e-05, Grad norm = 1.592434e-06, Beta update rate = 7.751675e-08
Epoch  92000 (1.8%): Train pred MSE = 2.611642e-08, Test pred MSE = 5.408030e-06, Param MSE = 5.429940e-05, Grad norm = 1.584375e-06, Beta update rate = 7.708944e-08
Epoch  92200 (1.8%): Train pred MSE = 2.586668e-08, Test pred MSE = 5.407665e-06, Param MSE = 5.429574e-05, Grad norm = 1.576363e-06, Beta update rate = 7.666493e-08
Epoch  92400 (1.8%): Train pred MSE = 2.561945e-08, Test pred MSE = 5.407301e-06, Param MSE = 5.429210e-05, Grad norm = 1.568397e-06, Beta update rate = 7.624320e-08
Epoch  92600 (1.9%): Train pred MSE = 2.537471e-08, Test pred MSE = 5.406940e-06, Param MSE = 5.428850e-05, Grad norm = 1.560478e-06, Beta update rate = 7.582421e-08
Epoch  92800 (1.9%): Train pred MSE = 2.513244e-08, Test pred MSE = 5.406581e-06, Param MSE = 5.428491e-05, Grad norm = 1.552604e-06, Beta update rate = 7.540796e-08
Epoch  93000 (1.9%): Train pred MSE = 2.489261e-08, Test pred MSE = 5.406225e-06, Param MSE = 5.428135e-05, Grad norm = 1.544776e-06, Beta update rate = 7.499441e-08
Epoch  93200 (1.9%): Train pred MSE = 2.465518e-08, Test pred MSE = 5.405871e-06, Param MSE = 5.427781e-05, Grad norm = 1.536993e-06, Beta update rate = 7.458355e-08
Epoch  93400 (1.9%): Train pred MSE = 2.442015e-08, Test pred MSE = 5.405519e-06, Param MSE = 5.427429e-05, Grad norm = 1.529255e-06, Beta update rate = 7.417536e-08
Epoch  93600 (1.9%): Train pred MSE = 2.418747e-08, Test pred MSE = 5.405170e-06, Param MSE = 5.427080e-05, Grad norm = 1.521561e-06, Beta update rate = 7.376981e-08
Epoch  93800 (1.9%): Train pred MSE = 2.395712e-08, Test pred MSE = 5.404823e-06, Param MSE = 5.426733e-05, Grad norm = 1.513912e-06, Beta update rate = 7.336688e-08
Epoch  94000 (1.9%): Train pred MSE = 2.372909e-08, Test pred MSE = 5.404478e-06, Param MSE = 5.426388e-05, Grad norm = 1.506307e-06, Beta update rate = 7.296654e-08
Epoch  94200 (1.9%): Train pred MSE = 2.350334e-08, Test pred MSE = 5.404136e-06, Param MSE = 5.426046e-05, Grad norm = 1.498745e-06, Beta update rate = 7.256879e-08
Epoch  94400 (1.9%): Train pred MSE = 2.327985e-08, Test pred MSE = 5.403796e-06, Param MSE = 5.425706e-05, Grad norm = 1.491226e-06, Beta update rate = 7.217360e-08
Epoch  94600 (1.9%): Train pred MSE = 2.305860e-08, Test pred MSE = 5.403458e-06, Param MSE = 5.425368e-05, Grad norm = 1.483751e-06, Beta update rate = 7.178095e-08
Epoch  94800 (1.9%): Train pred MSE = 2.283956e-08, Test pred MSE = 5.403122e-06, Param MSE = 5.425032e-05, Grad norm = 1.476318e-06, Beta update rate = 7.139082e-08
Epoch  95000 (1.9%): Train pred MSE = 2.262271e-08, Test pred MSE = 5.402788e-06, Param MSE = 5.424698e-05, Grad norm = 1.468928e-06, Beta update rate = 7.100318e-08
Epoch  95200 (1.9%): Train pred MSE = 2.240802e-08, Test pred MSE = 5.402457e-06, Param MSE = 5.424367e-05, Grad norm = 1.461579e-06, Beta update rate = 7.061803e-08
Epoch  95400 (1.9%): Train pred MSE = 2.219547e-08, Test pred MSE = 5.402127e-06, Param MSE = 5.424038e-05, Grad norm = 1.454273e-06, Beta update rate = 7.023534e-08
Epoch  95600 (1.9%): Train pred MSE = 2.198504e-08, Test pred MSE = 5.401800e-06, Param MSE = 5.423710e-05, Grad norm = 1.447008e-06, Beta update rate = 6.985508e-08
Epoch  95800 (1.9%): Train pred MSE = 2.177671e-08, Test pred MSE = 5.401475e-06, Param MSE = 5.423385e-05, Grad norm = 1.439784e-06, Beta update rate = 6.947725e-08
Epoch  96000 (1.9%): Train pred MSE = 2.157046e-08, Test pred MSE = 5.401152e-06, Param MSE = 5.423062e-05, Grad norm = 1.432602e-06, Beta update rate = 6.910182e-08
Epoch  96200 (1.9%): Train pred MSE = 2.136625e-08, Test pred MSE = 5.400831e-06, Param MSE = 5.422741e-05, Grad norm = 1.425460e-06, Beta update rate = 6.872877e-08
Epoch  96400 (1.9%): Train pred MSE = 2.116408e-08, Test pred MSE = 5.400512e-06, Param MSE = 5.422423e-05, Grad norm = 1.418358e-06, Beta update rate = 6.835808e-08
Epoch  96600 (1.9%): Train pred MSE = 2.096391e-08, Test pred MSE = 5.400196e-06, Param MSE = 5.422106e-05, Grad norm = 1.411297e-06, Beta update rate = 6.798975e-08
Epoch  96800 (1.9%): Train pred MSE = 2.076573e-08, Test pred MSE = 5.399881e-06, Param MSE = 5.421791e-05, Grad norm = 1.404275e-06, Beta update rate = 6.762374e-08
Epoch  97000 (1.9%): Train pred MSE = 2.056952e-08, Test pred MSE = 5.399568e-06, Param MSE = 5.421478e-05, Grad norm = 1.397293e-06, Beta update rate = 6.726004e-08
Epoch  97200 (1.9%): Train pred MSE = 2.037525e-08, Test pred MSE = 5.399258e-06, Param MSE = 5.421168e-05, Grad norm = 1.390351e-06, Beta update rate = 6.689863e-08
Epoch  97400 (1.9%): Train pred MSE = 2.018291e-08, Test pred MSE = 5.398949e-06, Param MSE = 5.420859e-05, Grad norm = 1.383447e-06, Beta update rate = 6.653950e-08
Epoch  97600 (2.0%): Train pred MSE = 1.999248e-08, Test pred MSE = 5.398642e-06, Param MSE = 5.420552e-05, Grad norm = 1.376583e-06, Beta update rate = 6.618262e-08
Epoch  97800 (2.0%): Train pred MSE = 1.980393e-08, Test pred MSE = 5.398338e-06, Param MSE = 5.420247e-05, Grad norm = 1.369756e-06, Beta update rate = 6.582798e-08
Epoch  98000 (2.0%): Train pred MSE = 1.961724e-08, Test pred MSE = 5.398035e-06, Param MSE = 5.419945e-05, Grad norm = 1.362968e-06, Beta update rate = 6.547557e-08
Epoch  98200 (2.0%): Train pred MSE = 1.943240e-08, Test pred MSE = 5.397734e-06, Param MSE = 5.419644e-05, Grad norm = 1.356218e-06, Beta update rate = 6.512536e-08
Epoch  98400 (2.0%): Train pred MSE = 1.924938e-08, Test pred MSE = 5.397435e-06, Param MSE = 5.419345e-05, Grad norm = 1.349506e-06, Beta update rate = 6.477734e-08
Epoch  98600 (2.0%): Train pred MSE = 1.906817e-08, Test pred MSE = 5.397138e-06, Param MSE = 5.419048e-05, Grad norm = 1.342832e-06, Beta update rate = 6.443149e-08
Epoch  98800 (2.0%): Train pred MSE = 1.888875e-08, Test pred MSE = 5.396843e-06, Param MSE = 5.418752e-05, Grad norm = 1.336194e-06, Beta update rate = 6.408779e-08
Epoch  99000 (2.0%): Train pred MSE = 1.871109e-08, Test pred MSE = 5.396550e-06, Param MSE = 5.418459e-05, Grad norm = 1.329594e-06, Beta update rate = 6.374623e-08
Epoch  99200 (2.0%): Train pred MSE = 1.853519e-08, Test pred MSE = 5.396259e-06, Param MSE = 5.418168e-05, Grad norm = 1.323030e-06, Beta update rate = 6.340680e-08
Epoch  99400 (2.0%): Train pred MSE = 1.836102e-08, Test pred MSE = 5.395969e-06, Param MSE = 5.417878e-05, Grad norm = 1.316503e-06, Beta update rate = 6.306947e-08
Epoch  99600 (2.0%): Train pred MSE = 1.818856e-08, Test pred MSE = 5.395682e-06, Param MSE = 5.417590e-05, Grad norm = 1.310012e-06, Beta update rate = 6.273423e-08
Epoch  99800 (2.0%): Train pred MSE = 1.801780e-08, Test pred MSE = 5.395396e-06, Param MSE = 5.417304e-05, Grad norm = 1.303557e-06, Beta update rate = 6.240106e-08
Epoch 100000 (2.0%): Train pred MSE = 1.784872e-08, Test pred MSE = 5.395112e-06, Param MSE = 5.417020e-05, Grad norm = 1.297138e-06, Beta update rate = 6.206996e-08
Epoch 100200 (2.0%): Train pred MSE = 1.768129e-08, Test pred MSE = 5.394830e-06, Param MSE = 5.416738e-05, Grad norm = 1.290755e-06, Beta update rate = 6.174089e-08
Epoch 100400 (2.0%): Train pred MSE = 1.751551e-08, Test pred MSE = 5.394549e-06, Param MSE = 5.416457e-05, Grad norm = 1.284407e-06, Beta update rate = 6.141386e-08
Epoch 100600 (2.0%): Train pred MSE = 1.735136e-08, Test pred MSE = 5.394271e-06, Param MSE = 5.416179e-05, Grad norm = 1.278094e-06, Beta update rate = 6.108883e-08
Epoch 100800 (2.0%): Train pred MSE = 1.718881e-08, Test pred MSE = 5.393994e-06, Param MSE = 5.415902e-05, Grad norm = 1.271816e-06, Beta update rate = 6.076580e-08
Epoch 101000 (2.0%): Train pred MSE = 1.702786e-08, Test pred MSE = 5.393719e-06, Param MSE = 5.415626e-05, Grad norm = 1.265572e-06, Beta update rate = 6.044476e-08
Epoch 101200 (2.0%): Train pred MSE = 1.686849e-08, Test pred MSE = 5.393445e-06, Param MSE = 5.415353e-05, Grad norm = 1.259363e-06, Beta update rate = 6.012568e-08
Epoch 101400 (2.0%): Train pred MSE = 1.671067e-08, Test pred MSE = 5.393174e-06, Param MSE = 5.415081e-05, Grad norm = 1.253188e-06, Beta update rate = 5.980856e-08
Epoch 101600 (2.0%): Train pred MSE = 1.655440e-08, Test pred MSE = 5.392904e-06, Param MSE = 5.414811e-05, Grad norm = 1.247047e-06, Beta update rate = 5.949337e-08
Epoch 101800 (2.0%): Train pred MSE = 1.639965e-08, Test pred MSE = 5.392635e-06, Param MSE = 5.414542e-05, Grad norm = 1.240940e-06, Beta update rate = 5.918011e-08
Epoch 102000 (2.0%): Train pred MSE = 1.624642e-08, Test pred MSE = 5.392369e-06, Param MSE = 5.414276e-05, Grad norm = 1.234866e-06, Beta update rate = 5.886875e-08
Epoch 102200 (2.0%): Train pred MSE = 1.609468e-08, Test pred MSE = 5.392104e-06, Param MSE = 5.414011e-05, Grad norm = 1.228825e-06, Beta update rate = 5.855930e-08
Epoch 102400 (2.0%): Train pred MSE = 1.594442e-08, Test pred MSE = 5.391841e-06, Param MSE = 5.413747e-05, Grad norm = 1.222818e-06, Beta update rate = 5.825172e-08
Epoch 102600 (2.1%): Train pred MSE = 1.579563e-08, Test pred MSE = 5.391579e-06, Param MSE = 5.413485e-05, Grad norm = 1.216843e-06, Beta update rate = 5.794601e-08
Epoch 102800 (2.1%): Train pred MSE = 1.564828e-08, Test pred MSE = 5.391319e-06, Param MSE = 5.413225e-05, Grad norm = 1.210901e-06, Beta update rate = 5.764216e-08
Epoch 103000 (2.1%): Train pred MSE = 1.550238e-08, Test pred MSE = 5.391061e-06, Param MSE = 5.412967e-05, Grad norm = 1.204992e-06, Beta update rate = 5.734014e-08
Epoch 103200 (2.1%): Train pred MSE = 1.535789e-08, Test pred MSE = 5.390804e-06, Param MSE = 5.412710e-05, Grad norm = 1.199115e-06, Beta update rate = 5.703995e-08
Epoch 103400 (2.1%): Train pred MSE = 1.521481e-08, Test pred MSE = 5.390549e-06, Param MSE = 5.412454e-05, Grad norm = 1.193269e-06, Beta update rate = 5.674158e-08
Epoch 103600 (2.1%): Train pred MSE = 1.507312e-08, Test pred MSE = 5.390295e-06, Param MSE = 5.412201e-05, Grad norm = 1.187456e-06, Beta update rate = 5.644500e-08
Epoch 103800 (2.1%): Train pred MSE = 1.493280e-08, Test pred MSE = 5.390044e-06, Param MSE = 5.411949e-05, Grad norm = 1.181674e-06, Beta update rate = 5.615021e-08
Epoch 104000 (2.1%): Train pred MSE = 1.479385e-08, Test pred MSE = 5.389793e-06, Param MSE = 5.411698e-05, Grad norm = 1.175924e-06, Beta update rate = 5.585720e-08
Epoch 104200 (2.1%): Train pred MSE = 1.465625e-08, Test pred MSE = 5.389544e-06, Param MSE = 5.411449e-05, Grad norm = 1.170205e-06, Beta update rate = 5.556594e-08
Epoch 104400 (2.1%): Train pred MSE = 1.451998e-08, Test pred MSE = 5.389297e-06, Param MSE = 5.411201e-05, Grad norm = 1.164517e-06, Beta update rate = 5.527644e-08
Epoch 104600 (2.1%): Train pred MSE = 1.438503e-08, Test pred MSE = 5.389051e-06, Param MSE = 5.410955e-05, Grad norm = 1.158859e-06, Beta update rate = 5.498867e-08
Epoch 104800 (2.1%): Train pred MSE = 1.425139e-08, Test pred MSE = 5.388807e-06, Param MSE = 5.410711e-05, Grad norm = 1.153232e-06, Beta update rate = 5.470262e-08
Epoch 105000 (2.1%): Train pred MSE = 1.411905e-08, Test pred MSE = 5.388564e-06, Param MSE = 5.410468e-05, Grad norm = 1.147636e-06, Beta update rate = 5.441828e-08
Epoch 105200 (2.1%): Train pred MSE = 1.398799e-08, Test pred MSE = 5.388323e-06, Param MSE = 5.410227e-05, Grad norm = 1.142070e-06, Beta update rate = 5.413564e-08
Epoch 105400 (2.1%): Train pred MSE = 1.385819e-08, Test pred MSE = 5.388084e-06, Param MSE = 5.409987e-05, Grad norm = 1.136534e-06, Beta update rate = 5.385469e-08
Epoch 105600 (2.1%): Train pred MSE = 1.372965e-08, Test pred MSE = 5.387845e-06, Param MSE = 5.409748e-05, Grad norm = 1.131028e-06, Beta update rate = 5.357541e-08
Epoch 105800 (2.1%): Train pred MSE = 1.360235e-08, Test pred MSE = 5.387609e-06, Param MSE = 5.409511e-05, Grad norm = 1.125551e-06, Beta update rate = 5.329779e-08
Epoch 106000 (2.1%): Train pred MSE = 1.347628e-08, Test pred MSE = 5.387373e-06, Param MSE = 5.409276e-05, Grad norm = 1.120104e-06, Beta update rate = 5.302182e-08
Epoch 106200 (2.1%): Train pred MSE = 1.335143e-08, Test pred MSE = 5.387139e-06, Param MSE = 5.409041e-05, Grad norm = 1.114686e-06, Beta update rate = 5.274749e-08
Epoch 106400 (2.1%): Train pred MSE = 1.322778e-08, Test pred MSE = 5.386907e-06, Param MSE = 5.408809e-05, Grad norm = 1.109297e-06, Beta update rate = 5.247479e-08
Epoch 106600 (2.1%): Train pred MSE = 1.310533e-08, Test pred MSE = 5.386676e-06, Param MSE = 5.408577e-05, Grad norm = 1.103937e-06, Beta update rate = 5.220370e-08
Epoch 106800 (2.1%): Train pred MSE = 1.298405e-08, Test pred MSE = 5.386446e-06, Param MSE = 5.408348e-05, Grad norm = 1.098606e-06, Beta update rate = 5.193421e-08
Epoch 107000 (2.1%): Train pred MSE = 1.286394e-08, Test pred MSE = 5.386218e-06, Param MSE = 5.408119e-05, Grad norm = 1.093304e-06, Beta update rate = 5.166631e-08
Epoch 107200 (2.1%): Train pred MSE = 1.274499e-08, Test pred MSE = 5.385991e-06, Param MSE = 5.407892e-05, Grad norm = 1.088029e-06, Beta update rate = 5.140000e-08
Epoch 107400 (2.1%): Train pred MSE = 1.262719e-08, Test pred MSE = 5.385766e-06, Param MSE = 5.407666e-05, Grad norm = 1.082783e-06, Beta update rate = 5.113525e-08
Epoch 107600 (2.2%): Train pred MSE = 1.251051e-08, Test pred MSE = 5.385542e-06, Param MSE = 5.407442e-05, Grad norm = 1.077565e-06, Beta update rate = 5.087207e-08
Epoch 107800 (2.2%): Train pred MSE = 1.239496e-08, Test pred MSE = 5.385320e-06, Param MSE = 5.407219e-05, Grad norm = 1.072375e-06, Beta update rate = 5.061042e-08
Epoch 108000 (2.2%): Train pred MSE = 1.228052e-08, Test pred MSE = 5.385098e-06, Param MSE = 5.406998e-05, Grad norm = 1.067213e-06, Beta update rate = 5.035032e-08
Epoch 108200 (2.2%): Train pred MSE = 1.216718e-08, Test pred MSE = 5.384878e-06, Param MSE = 5.406777e-05, Grad norm = 1.062078e-06, Beta update rate = 5.009174e-08
Epoch 108400 (2.2%): Train pred MSE = 1.205492e-08, Test pred MSE = 5.384660e-06, Param MSE = 5.406559e-05, Grad norm = 1.056970e-06, Beta update rate = 4.983468e-08
Epoch 108600 (2.2%): Train pred MSE = 1.194374e-08, Test pred MSE = 5.384442e-06, Param MSE = 5.406341e-05, Grad norm = 1.051890e-06, Beta update rate = 4.957912e-08
Epoch 108800 (2.2%): Train pred MSE = 1.183363e-08, Test pred MSE = 5.384227e-06, Param MSE = 5.406125e-05, Grad norm = 1.046836e-06, Beta update rate = 4.932505e-08
Epoch 109000 (2.2%): Train pred MSE = 1.172458e-08, Test pred MSE = 5.384012e-06, Param MSE = 5.405910e-05, Grad norm = 1.041809e-06, Beta update rate = 4.907247e-08
Epoch 109200 (2.2%): Train pred MSE = 1.161656e-08, Test pred MSE = 5.383799e-06, Param MSE = 5.405696e-05, Grad norm = 1.036809e-06, Beta update rate = 4.882136e-08
Epoch 109400 (2.2%): Train pred MSE = 1.150959e-08, Test pred MSE = 5.383587e-06, Param MSE = 5.405484e-05, Grad norm = 1.031836e-06, Beta update rate = 4.857171e-08
Epoch 109600 (2.2%): Train pred MSE = 1.140363e-08, Test pred MSE = 5.383376e-06, Param MSE = 5.405273e-05, Grad norm = 1.026889e-06, Beta update rate = 4.832351e-08
Epoch 109800 (2.2%): Train pred MSE = 1.129869e-08, Test pred MSE = 5.383166e-06, Param MSE = 5.405063e-05, Grad norm = 1.021968e-06, Beta update rate = 4.807676e-08
Epoch 110000 (2.2%): Train pred MSE = 1.119475e-08, Test pred MSE = 5.382958e-06, Param MSE = 5.404855e-05, Grad norm = 1.017073e-06, Beta update rate = 4.783144e-08
Epoch 110200 (2.2%): Train pred MSE = 1.109181e-08, Test pred MSE = 5.382751e-06, Param MSE = 5.404647e-05, Grad norm = 1.012203e-06, Beta update rate = 4.758754e-08
Epoch 110400 (2.2%): Train pred MSE = 1.098984e-08, Test pred MSE = 5.382546e-06, Param MSE = 5.404441e-05, Grad norm = 1.007360e-06, Beta update rate = 4.734505e-08
Epoch 110600 (2.2%): Train pred MSE = 1.088886e-08, Test pred MSE = 5.382341e-06, Param MSE = 5.404237e-05, Grad norm = 1.002542e-06, Beta update rate = 4.710396e-08
Epoch 110800 (2.2%): Train pred MSE = 1.078883e-08, Test pred MSE = 5.382138e-06, Param MSE = 5.404033e-05, Grad norm = 9.977492e-07, Beta update rate = 4.686427e-08
Epoch 111000 (2.2%): Train pred MSE = 1.068976e-08, Test pred MSE = 5.381936e-06, Param MSE = 5.403831e-05, Grad norm = 9.929818e-07, Beta update rate = 4.662597e-08
Epoch 111200 (2.2%): Train pred MSE = 1.059163e-08, Test pred MSE = 5.381735e-06, Param MSE = 5.403630e-05, Grad norm = 9.882394e-07, Beta update rate = 4.638903e-08
Epoch 111400 (2.2%): Train pred MSE = 1.049444e-08, Test pred MSE = 5.381536e-06, Param MSE = 5.403430e-05, Grad norm = 9.835220e-07, Beta update rate = 4.615346e-08
Epoch 111600 (2.2%): Train pred MSE = 1.039817e-08, Test pred MSE = 5.381337e-06, Param MSE = 5.403231e-05, Grad norm = 9.788293e-07, Beta update rate = 4.591925e-08
Epoch 111800 (2.2%): Train pred MSE = 1.030282e-08, Test pred MSE = 5.381140e-06, Param MSE = 5.403034e-05, Grad norm = 9.741613e-07, Beta update rate = 4.568638e-08
Epoch 112000 (2.2%): Train pred MSE = 1.020838e-08, Test pred MSE = 5.380944e-06, Param MSE = 5.402837e-05, Grad norm = 9.695177e-07, Beta update rate = 4.545485e-08
Epoch 112200 (2.2%): Train pred MSE = 1.011483e-08, Test pred MSE = 5.380749e-06, Param MSE = 5.402642e-05, Grad norm = 9.648984e-07, Beta update rate = 4.522464e-08
Epoch 112400 (2.2%): Train pred MSE = 1.002218e-08, Test pred MSE = 5.380556e-06, Param MSE = 5.402448e-05, Grad norm = 9.603033e-07, Beta update rate = 4.499576e-08
Epoch 112600 (2.3%): Train pred MSE = 9.930400e-09, Test pred MSE = 5.380363e-06, Param MSE = 5.402255e-05, Grad norm = 9.557322e-07, Beta update rate = 4.476818e-08
Epoch 112800 (2.3%): Train pred MSE = 9.839495e-09, Test pred MSE = 5.380172e-06, Param MSE = 5.402064e-05, Grad norm = 9.511850e-07, Beta update rate = 4.454190e-08
Epoch 113000 (2.3%): Train pred MSE = 9.749453e-09, Test pred MSE = 5.379982e-06, Param MSE = 5.401873e-05, Grad norm = 9.466615e-07, Beta update rate = 4.431692e-08
Epoch 113200 (2.3%): Train pred MSE = 9.660265e-09, Test pred MSE = 5.379793e-06, Param MSE = 5.401684e-05, Grad norm = 9.421616e-07, Beta update rate = 4.409322e-08
Epoch 113400 (2.3%): Train pred MSE = 9.571923e-09, Test pred MSE = 5.379605e-06, Param MSE = 5.401495e-05, Grad norm = 9.376852e-07, Beta update rate = 4.387079e-08
Epoch 113600 (2.3%): Train pred MSE = 9.484418e-09, Test pred MSE = 5.379418e-06, Param MSE = 5.401308e-05, Grad norm = 9.332321e-07, Beta update rate = 4.364963e-08
Epoch 113800 (2.3%): Train pred MSE = 9.397742e-09, Test pred MSE = 5.379232e-06, Param MSE = 5.401122e-05, Grad norm = 9.288021e-07, Beta update rate = 4.342973e-08
Epoch 114000 (2.3%): Train pred MSE = 9.311886e-09, Test pred MSE = 5.379048e-06, Param MSE = 5.400937e-05, Grad norm = 9.243952e-07, Beta update rate = 4.321108e-08
Epoch 114200 (2.3%): Train pred MSE = 9.226844e-09, Test pred MSE = 5.378864e-06, Param MSE = 5.400753e-05, Grad norm = 9.200111e-07, Beta update rate = 4.299366e-08
Epoch 114400 (2.3%): Train pred MSE = 9.142606e-09, Test pred MSE = 5.378682e-06, Param MSE = 5.400571e-05, Grad norm = 9.156498e-07, Beta update rate = 4.277748e-08
Epoch 114600 (2.3%): Train pred MSE = 9.059164e-09, Test pred MSE = 5.378500e-06, Param MSE = 5.400389e-05, Grad norm = 9.113112e-07, Beta update rate = 4.256252e-08
Epoch 114800 (2.3%): Train pred MSE = 8.976511e-09, Test pred MSE = 5.378320e-06, Param MSE = 5.400208e-05, Grad norm = 9.069950e-07, Beta update rate = 4.234878e-08
Epoch 115000 (2.3%): Train pred MSE = 8.894639e-09, Test pred MSE = 5.378141e-06, Param MSE = 5.400029e-05, Grad norm = 9.027012e-07, Beta update rate = 4.213625e-08
Epoch 115200 (2.3%): Train pred MSE = 8.813541e-09, Test pred MSE = 5.377963e-06, Param MSE = 5.399850e-05, Grad norm = 8.984295e-07, Beta update rate = 4.192491e-08
Epoch 115400 (2.3%): Train pred MSE = 8.733208e-09, Test pred MSE = 5.377786e-06, Param MSE = 5.399673e-05, Grad norm = 8.941800e-07, Beta update rate = 4.171477e-08
Epoch 115600 (2.3%): Train pred MSE = 8.653632e-09, Test pred MSE = 5.377610e-06, Param MSE = 5.399496e-05, Grad norm = 8.899524e-07, Beta update rate = 4.150581e-08
Epoch 115800 (2.3%): Train pred MSE = 8.574808e-09, Test pred MSE = 5.377435e-06, Param MSE = 5.399321e-05, Grad norm = 8.857467e-07, Beta update rate = 4.129803e-08
Epoch 116000 (2.3%): Train pred MSE = 8.496726e-09, Test pred MSE = 5.377261e-06, Param MSE = 5.399147e-05, Grad norm = 8.815627e-07, Beta update rate = 4.109141e-08
Epoch 116200 (2.3%): Train pred MSE = 8.419380e-09, Test pred MSE = 5.377088e-06, Param MSE = 5.398973e-05, Grad norm = 8.774002e-07, Beta update rate = 4.088595e-08
Epoch 116400 (2.3%): Train pred MSE = 8.342763e-09, Test pred MSE = 5.376916e-06, Param MSE = 5.398801e-05, Grad norm = 8.732591e-07, Beta update rate = 4.068165e-08
Epoch 116600 (2.3%): Train pred MSE = 8.266867e-09, Test pred MSE = 5.376745e-06, Param MSE = 5.398630e-05, Grad norm = 8.691394e-07, Beta update rate = 4.047849e-08
Epoch 116800 (2.3%): Train pred MSE = 8.191685e-09, Test pred MSE = 5.376575e-06, Param MSE = 5.398460e-05, Grad norm = 8.650409e-07, Beta update rate = 4.027647e-08
Epoch 117000 (2.3%): Train pred MSE = 8.117211e-09, Test pred MSE = 5.376406e-06, Param MSE = 5.398290e-05, Grad norm = 8.609634e-07, Beta update rate = 4.007558e-08
Epoch 117200 (2.3%): Train pred MSE = 8.043437e-09, Test pred MSE = 5.376238e-06, Param MSE = 5.398122e-05, Grad norm = 8.569069e-07, Beta update rate = 3.987582e-08
Epoch 117400 (2.3%): Train pred MSE = 7.970356e-09, Test pred MSE = 5.376071e-06, Param MSE = 5.397955e-05, Grad norm = 8.528712e-07, Beta update rate = 3.967716e-08
Epoch 117600 (2.4%): Train pred MSE = 7.897962e-09, Test pred MSE = 5.375905e-06, Param MSE = 5.397788e-05, Grad norm = 8.488562e-07, Beta update rate = 3.947962e-08
Epoch 117800 (2.4%): Train pred MSE = 7.826247e-09, Test pred MSE = 5.375740e-06, Param MSE = 5.397623e-05, Grad norm = 8.448618e-07, Beta update rate = 3.928317e-08
Epoch 118000 (2.4%): Train pred MSE = 7.755206e-09, Test pred MSE = 5.375576e-06, Param MSE = 5.397459e-05, Grad norm = 8.408879e-07, Beta update rate = 3.908782e-08
Epoch 118200 (2.4%): Train pred MSE = 7.684832e-09, Test pred MSE = 5.375413e-06, Param MSE = 5.397295e-05, Grad norm = 8.369342e-07, Beta update rate = 3.889356e-08
Epoch 118400 (2.4%): Train pred MSE = 7.615117e-09, Test pred MSE = 5.375251e-06, Param MSE = 5.397133e-05, Grad norm = 8.330008e-07, Beta update rate = 3.870037e-08
Epoch 118600 (2.4%): Train pred MSE = 7.546056e-09, Test pred MSE = 5.375090e-06, Param MSE = 5.396971e-05, Grad norm = 8.290875e-07, Beta update rate = 3.850826e-08
Epoch 118800 (2.4%): Train pred MSE = 7.477643e-09, Test pred MSE = 5.374930e-06, Param MSE = 5.396811e-05, Grad norm = 8.251942e-07, Beta update rate = 3.831721e-08
Epoch 119000 (2.4%): Train pred MSE = 7.409870e-09, Test pred MSE = 5.374770e-06, Param MSE = 5.396651e-05, Grad norm = 8.213208e-07, Beta update rate = 3.812723e-08
Epoch 119200 (2.4%): Train pred MSE = 7.342732e-09, Test pred MSE = 5.374612e-06, Param MSE = 5.396492e-05, Grad norm = 8.174671e-07, Beta update rate = 3.793829e-08
Epoch 119400 (2.4%): Train pred MSE = 7.276222e-09, Test pred MSE = 5.374455e-06, Param MSE = 5.396334e-05, Grad norm = 8.136330e-07, Beta update rate = 3.775039e-08
Epoch 119600 (2.4%): Train pred MSE = 7.210335e-09, Test pred MSE = 5.374298e-06, Param MSE = 5.396177e-05, Grad norm = 8.098185e-07, Beta update rate = 3.756354e-08
Epoch 119800 (2.4%): Train pred MSE = 7.145063e-09, Test pred MSE = 5.374142e-06, Param MSE = 5.396021e-05, Grad norm = 8.060234e-07, Beta update rate = 3.737772e-08
Epoch 120000 (2.4%): Train pred MSE = 7.080402e-09, Test pred MSE = 5.373988e-06, Param MSE = 5.395866e-05, Grad norm = 8.022476e-07, Beta update rate = 3.719292e-08
Epoch 120200 (2.4%): Train pred MSE = 7.016346e-09, Test pred MSE = 5.373834e-06, Param MSE = 5.395712e-05, Grad norm = 7.984909e-07, Beta update rate = 3.700914e-08
Epoch 120400 (2.4%): Train pred MSE = 6.952887e-09, Test pred MSE = 5.373681e-06, Param MSE = 5.395559e-05, Grad norm = 7.947534e-07, Beta update rate = 3.682637e-08
Epoch 120600 (2.4%): Train pred MSE = 6.890022e-09, Test pred MSE = 5.373529e-06, Param MSE = 5.395406e-05, Grad norm = 7.910348e-07, Beta update rate = 3.664460e-08
Epoch 120800 (2.4%): Train pred MSE = 6.827743e-09, Test pred MSE = 5.373378e-06, Param MSE = 5.395255e-05, Grad norm = 7.873351e-07, Beta update rate = 3.646384e-08
Epoch 121000 (2.4%): Train pred MSE = 6.766045e-09, Test pred MSE = 5.373228e-06, Param MSE = 5.395104e-05, Grad norm = 7.836541e-07, Beta update rate = 3.628406e-08
Epoch 121200 (2.4%): Train pred MSE = 6.704922e-09, Test pred MSE = 5.373078e-06, Param MSE = 5.394954e-05, Grad norm = 7.799918e-07, Beta update rate = 3.610527e-08
Epoch 121400 (2.4%): Train pred MSE = 6.644370e-09, Test pred MSE = 5.372930e-06, Param MSE = 5.394806e-05, Grad norm = 7.763481e-07, Beta update rate = 3.592746e-08
Epoch 121600 (2.4%): Train pred MSE = 6.584382e-09, Test pred MSE = 5.372782e-06, Param MSE = 5.394657e-05, Grad norm = 7.727227e-07, Beta update rate = 3.575063e-08
Epoch 121800 (2.4%): Train pred MSE = 6.524952e-09, Test pred MSE = 5.372635e-06, Param MSE = 5.394510e-05, Grad norm = 7.691157e-07, Beta update rate = 3.557476e-08
Epoch 122000 (2.4%): Train pred MSE = 6.466076e-09, Test pred MSE = 5.372489e-06, Param MSE = 5.394364e-05, Grad norm = 7.655269e-07, Beta update rate = 3.539985e-08
Epoch 122200 (2.4%): Train pred MSE = 6.407748e-09, Test pred MSE = 5.372344e-06, Param MSE = 5.394218e-05, Grad norm = 7.619562e-07, Beta update rate = 3.522590e-08
Epoch 122400 (2.4%): Train pred MSE = 6.349963e-09, Test pred MSE = 5.372199e-06, Param MSE = 5.394074e-05, Grad norm = 7.584036e-07, Beta update rate = 3.505290e-08
Epoch 122600 (2.5%): Train pred MSE = 6.292715e-09, Test pred MSE = 5.372056e-06, Param MSE = 5.393930e-05, Grad norm = 7.548688e-07, Beta update rate = 3.488084e-08
Epoch 122800 (2.5%): Train pred MSE = 6.236000e-09, Test pred MSE = 5.371913e-06, Param MSE = 5.393787e-05, Grad norm = 7.513519e-07, Beta update rate = 3.470971e-08
Epoch 123000 (2.5%): Train pred MSE = 6.179812e-09, Test pred MSE = 5.371771e-06, Param MSE = 5.393644e-05, Grad norm = 7.478527e-07, Beta update rate = 3.453952e-08
Epoch 123200 (2.5%): Train pred MSE = 6.124145e-09, Test pred MSE = 5.371630e-06, Param MSE = 5.393503e-05, Grad norm = 7.443711e-07, Beta update rate = 3.437025e-08
Epoch 123400 (2.5%): Train pred MSE = 6.068996e-09, Test pred MSE = 5.371490e-06, Param MSE = 5.393362e-05, Grad norm = 7.409070e-07, Beta update rate = 3.420190e-08
Epoch 123600 (2.5%): Train pred MSE = 6.014359e-09, Test pred MSE = 5.371351e-06, Param MSE = 5.393223e-05, Grad norm = 7.374603e-07, Beta update rate = 3.403447e-08
Epoch 123800 (2.5%): Train pred MSE = 5.960229e-09, Test pred MSE = 5.371212e-06, Param MSE = 5.393084e-05, Grad norm = 7.340309e-07, Beta update rate = 3.386794e-08
Epoch 124000 (2.5%): Train pred MSE = 5.906601e-09, Test pred MSE = 5.371074e-06, Param MSE = 5.392945e-05, Grad norm = 7.306188e-07, Beta update rate = 3.370231e-08
Epoch 124200 (2.5%): Train pred MSE = 5.853470e-09, Test pred MSE = 5.370937e-06, Param MSE = 5.392808e-05, Grad norm = 7.272237e-07, Beta update rate = 3.353758e-08
Epoch 124400 (2.5%): Train pred MSE = 5.800832e-09, Test pred MSE = 5.370801e-06, Param MSE = 5.392671e-05, Grad norm = 7.238457e-07, Beta update rate = 3.337374e-08
Epoch 124600 (2.5%): Train pred MSE = 5.748682e-09, Test pred MSE = 5.370665e-06, Param MSE = 5.392535e-05, Grad norm = 7.204846e-07, Beta update rate = 3.321079e-08
Epoch 124800 (2.5%): Train pred MSE = 5.697014e-09, Test pred MSE = 5.370531e-06, Param MSE = 5.392400e-05, Grad norm = 7.171403e-07, Beta update rate = 3.304872e-08
Epoch 125000 (2.5%): Train pred MSE = 5.645826e-09, Test pred MSE = 5.370397e-06, Param MSE = 5.392266e-05, Grad norm = 7.138128e-07, Beta update rate = 3.288752e-08
Epoch 125200 (2.5%): Train pred MSE = 5.595111e-09, Test pred MSE = 5.370263e-06, Param MSE = 5.392132e-05, Grad norm = 7.105019e-07, Beta update rate = 3.272719e-08
Epoch 125400 (2.5%): Train pred MSE = 5.544865e-09, Test pred MSE = 5.370131e-06, Param MSE = 5.391999e-05, Grad norm = 7.072076e-07, Beta update rate = 3.256772e-08
Epoch 125600 (2.5%): Train pred MSE = 5.495084e-09, Test pred MSE = 5.369999e-06, Param MSE = 5.391867e-05, Grad norm = 7.039297e-07, Beta update rate = 3.240911e-08
Epoch 125800 (2.5%): Train pred MSE = 5.445764e-09, Test pred MSE = 5.369868e-06, Param MSE = 5.391736e-05, Grad norm = 7.006682e-07, Beta update rate = 3.225135e-08
Epoch 126000 (2.5%): Train pred MSE = 5.396899e-09, Test pred MSE = 5.369738e-06, Param MSE = 5.391605e-05, Grad norm = 6.974229e-07, Beta update rate = 3.209444e-08
Epoch 126200 (2.5%): Train pred MSE = 5.348486e-09, Test pred MSE = 5.369609e-06, Param MSE = 5.391476e-05, Grad norm = 6.941939e-07, Beta update rate = 3.193837e-08
Epoch 126400 (2.5%): Train pred MSE = 5.300520e-09, Test pred MSE = 5.369480e-06, Param MSE = 5.391347e-05, Grad norm = 6.909809e-07, Beta update rate = 3.178314e-08
Epoch 126600 (2.5%): Train pred MSE = 5.252997e-09, Test pred MSE = 5.369352e-06, Param MSE = 5.391218e-05, Grad norm = 6.877839e-07, Beta update rate = 3.162874e-08
Epoch 126800 (2.5%): Train pred MSE = 5.205912e-09, Test pred MSE = 5.369225e-06, Param MSE = 5.391091e-05, Grad norm = 6.846029e-07, Beta update rate = 3.147517e-08
Epoch 127000 (2.5%): Train pred MSE = 5.159262e-09, Test pred MSE = 5.369098e-06, Param MSE = 5.390964e-05, Grad norm = 6.814377e-07, Beta update rate = 3.132242e-08
Epoch 127200 (2.5%): Train pred MSE = 5.113043e-09, Test pred MSE = 5.368972e-06, Param MSE = 5.390837e-05, Grad norm = 6.782882e-07, Beta update rate = 3.117048e-08
Epoch 127400 (2.5%): Train pred MSE = 5.067249e-09, Test pred MSE = 5.368847e-06, Param MSE = 5.390712e-05, Grad norm = 6.751543e-07, Beta update rate = 3.101936e-08
Epoch 127600 (2.6%): Train pred MSE = 5.021878e-09, Test pred MSE = 5.368723e-06, Param MSE = 5.390587e-05, Grad norm = 6.720360e-07, Beta update rate = 3.086904e-08
Epoch 127800 (2.6%): Train pred MSE = 4.976925e-09, Test pred MSE = 5.368599e-06, Param MSE = 5.390463e-05, Grad norm = 6.689332e-07, Beta update rate = 3.071953e-08
Epoch 128000 (2.6%): Train pred MSE = 4.932385e-09, Test pred MSE = 5.368476e-06, Param MSE = 5.390340e-05, Grad norm = 6.658458e-07, Beta update rate = 3.057081e-08
Epoch 128200 (2.6%): Train pred MSE = 4.888256e-09, Test pred MSE = 5.368354e-06, Param MSE = 5.390217e-05, Grad norm = 6.627737e-07, Beta update rate = 3.042288e-08
Epoch 128400 (2.6%): Train pred MSE = 4.844533e-09, Test pred MSE = 5.368232e-06, Param MSE = 5.390095e-05, Grad norm = 6.597168e-07, Beta update rate = 3.027574e-08
Epoch 128600 (2.6%): Train pred MSE = 4.801213e-09, Test pred MSE = 5.368111e-06, Param MSE = 5.389973e-05, Grad norm = 6.566750e-07, Beta update rate = 3.012939e-08
Epoch 128800 (2.6%): Train pred MSE = 4.758291e-09, Test pred MSE = 5.367991e-06, Param MSE = 5.389853e-05, Grad norm = 6.536483e-07, Beta update rate = 2.998381e-08
Epoch 129000 (2.6%): Train pred MSE = 4.715763e-09, Test pred MSE = 5.367871e-06, Param MSE = 5.389733e-05, Grad norm = 6.506366e-07, Beta update rate = 2.983900e-08
Epoch 129200 (2.6%): Train pred MSE = 4.673627e-09, Test pred MSE = 5.367752e-06, Param MSE = 5.389614e-05, Grad norm = 6.476398e-07, Beta update rate = 2.969496e-08
Epoch 129400 (2.6%): Train pred MSE = 4.631877e-09, Test pred MSE = 5.367634e-06, Param MSE = 5.389495e-05, Grad norm = 6.446577e-07, Beta update rate = 2.955168e-08
Epoch 129600 (2.6%): Train pred MSE = 4.590512e-09, Test pred MSE = 5.367516e-06, Param MSE = 5.389377e-05, Grad norm = 6.416904e-07, Beta update rate = 2.940916e-08
Epoch 129800 (2.6%): Train pred MSE = 4.549526e-09, Test pred MSE = 5.367399e-06, Param MSE = 5.389260e-05, Grad norm = 6.387377e-07, Beta update rate = 2.926740e-08
Epoch 130000 (2.6%): Train pred MSE = 4.508916e-09, Test pred MSE = 5.367283e-06, Param MSE = 5.389143e-05, Grad norm = 6.357996e-07, Beta update rate = 2.912639e-08
Epoch 130200 (2.6%): Train pred MSE = 4.468679e-09, Test pred MSE = 5.367167e-06, Param MSE = 5.389027e-05, Grad norm = 6.328760e-07, Beta update rate = 2.898612e-08
Epoch 130400 (2.6%): Train pred MSE = 4.428811e-09, Test pred MSE = 5.367052e-06, Param MSE = 5.388911e-05, Grad norm = 6.299668e-07, Beta update rate = 2.884659e-08
Epoch 130600 (2.6%): Train pred MSE = 4.389309e-09, Test pred MSE = 5.366938e-06, Param MSE = 5.388797e-05, Grad norm = 6.270719e-07, Beta update rate = 2.870779e-08
Epoch 130800 (2.6%): Train pred MSE = 4.350169e-09, Test pred MSE = 5.366824e-06, Param MSE = 5.388683e-05, Grad norm = 6.241913e-07, Beta update rate = 2.856973e-08
Epoch 131000 (2.6%): Train pred MSE = 4.311388e-09, Test pred MSE = 5.366711e-06, Param MSE = 5.388569e-05, Grad norm = 6.213248e-07, Beta update rate = 2.843240e-08
Epoch 131200 (2.6%): Train pred MSE = 4.272962e-09, Test pred MSE = 5.366599e-06, Param MSE = 5.388456e-05, Grad norm = 6.184724e-07, Beta update rate = 2.829579e-08
Epoch 131400 (2.6%): Train pred MSE = 4.234888e-09, Test pred MSE = 5.366487e-06, Param MSE = 5.388344e-05, Grad norm = 6.156340e-07, Beta update rate = 2.815989e-08
Epoch 131600 (2.6%): Train pred MSE = 4.197162e-09, Test pred MSE = 5.366376e-06, Param MSE = 5.388233e-05, Grad norm = 6.128096e-07, Beta update rate = 2.802472e-08
Epoch 131800 (2.6%): Train pred MSE = 4.159782e-09, Test pred MSE = 5.366265e-06, Param MSE = 5.388122e-05, Grad norm = 6.099991e-07, Beta update rate = 2.789025e-08
Epoch 132000 (2.6%): Train pred MSE = 4.122744e-09, Test pred MSE = 5.366155e-06, Param MSE = 5.388011e-05, Grad norm = 6.072023e-07, Beta update rate = 2.775648e-08
Epoch 132200 (2.6%): Train pred MSE = 4.086044e-09, Test pred MSE = 5.366046e-06, Param MSE = 5.387902e-05, Grad norm = 6.044192e-07, Beta update rate = 2.762342e-08
Epoch 132400 (2.6%): Train pred MSE = 4.049681e-09, Test pred MSE = 5.365937e-06, Param MSE = 5.387792e-05, Grad norm = 6.016498e-07, Beta update rate = 2.749106e-08
Epoch 132600 (2.7%): Train pred MSE = 4.013649e-09, Test pred MSE = 5.365829e-06, Param MSE = 5.387684e-05, Grad norm = 5.988939e-07, Beta update rate = 2.735939e-08
Epoch 132800 (2.7%): Train pred MSE = 3.977947e-09, Test pred MSE = 5.365721e-06, Param MSE = 5.387576e-05, Grad norm = 5.961516e-07, Beta update rate = 2.722840e-08
Epoch 133000 (2.7%): Train pred MSE = 3.942571e-09, Test pred MSE = 5.365614e-06, Param MSE = 5.387469e-05, Grad norm = 5.934226e-07, Beta update rate = 2.709811e-08
Epoch 133200 (2.7%): Train pred MSE = 3.907519e-09, Test pred MSE = 5.365508e-06, Param MSE = 5.387362e-05, Grad norm = 5.907070e-07, Beta update rate = 2.696849e-08
Epoch 133400 (2.7%): Train pred MSE = 3.872786e-09, Test pred MSE = 5.365402e-06, Param MSE = 5.387256e-05, Grad norm = 5.880047e-07, Beta update rate = 2.683955e-08
Epoch 133600 (2.7%): Train pred MSE = 3.838370e-09, Test pred MSE = 5.365297e-06, Param MSE = 5.387150e-05, Grad norm = 5.853156e-07, Beta update rate = 2.671128e-08
Epoch 133800 (2.7%): Train pred MSE = 3.804268e-09, Test pred MSE = 5.365192e-06, Param MSE = 5.387045e-05, Grad norm = 5.826396e-07, Beta update rate = 2.658368e-08
Epoch 134000 (2.7%): Train pred MSE = 3.770478e-09, Test pred MSE = 5.365088e-06, Param MSE = 5.386941e-05, Grad norm = 5.799767e-07, Beta update rate = 2.645675e-08
Epoch 134200 (2.7%): Train pred MSE = 3.736995e-09, Test pred MSE = 5.364985e-06, Param MSE = 5.386837e-05, Grad norm = 5.773267e-07, Beta update rate = 2.633048e-08
Epoch 134400 (2.7%): Train pred MSE = 3.703818e-09, Test pred MSE = 5.364882e-06, Param MSE = 5.386734e-05, Grad norm = 5.746897e-07, Beta update rate = 2.620486e-08
Epoch 134600 (2.7%): Train pred MSE = 3.670943e-09, Test pred MSE = 5.364780e-06, Param MSE = 5.386631e-05, Grad norm = 5.720655e-07, Beta update rate = 2.607990e-08
Epoch 134800 (2.7%): Train pred MSE = 3.638367e-09, Test pred MSE = 5.364678e-06, Param MSE = 5.386529e-05, Grad norm = 5.694541e-07, Beta update rate = 2.595558e-08
Epoch 135000 (2.7%): Train pred MSE = 3.606089e-09, Test pred MSE = 5.364577e-06, Param MSE = 5.386427e-05, Grad norm = 5.668555e-07, Beta update rate = 2.583191e-08
Epoch 135200 (2.7%): Train pred MSE = 3.574104e-09, Test pred MSE = 5.364476e-06, Param MSE = 5.386326e-05, Grad norm = 5.642694e-07, Beta update rate = 2.570889e-08
Epoch 135400 (2.7%): Train pred MSE = 3.542410e-09, Test pred MSE = 5.364376e-06, Param MSE = 5.386226e-05, Grad norm = 5.616960e-07, Beta update rate = 2.558650e-08
Epoch 135600 (2.7%): Train pred MSE = 3.511004e-09, Test pred MSE = 5.364276e-06, Param MSE = 5.386126e-05, Grad norm = 5.591350e-07, Beta update rate = 2.546474e-08
Epoch 135800 (2.7%): Train pred MSE = 3.479885e-09, Test pred MSE = 5.364177e-06, Param MSE = 5.386027e-05, Grad norm = 5.565865e-07, Beta update rate = 2.534362e-08
Epoch 136000 (2.7%): Train pred MSE = 3.449048e-09, Test pred MSE = 5.364079e-06, Param MSE = 5.385928e-05, Grad norm = 5.540504e-07, Beta update rate = 2.522312e-08
Epoch 136200 (2.7%): Train pred MSE = 3.418491e-09, Test pred MSE = 5.363981e-06, Param MSE = 5.385830e-05, Grad norm = 5.515266e-07, Beta update rate = 2.510325e-08
Epoch 136400 (2.7%): Train pred MSE = 3.388213e-09, Test pred MSE = 5.363884e-06, Param MSE = 5.385732e-05, Grad norm = 5.490150e-07, Beta update rate = 2.498399e-08
Epoch 136600 (2.7%): Train pred MSE = 3.358209e-09, Test pred MSE = 5.363787e-06, Param MSE = 5.385635e-05, Grad norm = 5.465156e-07, Beta update rate = 2.486535e-08
Epoch 136800 (2.7%): Train pred MSE = 3.328478e-09, Test pred MSE = 5.363690e-06, Param MSE = 5.385538e-05, Grad norm = 5.440284e-07, Beta update rate = 2.474733e-08
Epoch 137000 (2.7%): Train pred MSE = 3.299017e-09, Test pred MSE = 5.363595e-06, Param MSE = 5.385442e-05, Grad norm = 5.415531e-07, Beta update rate = 2.462991e-08
Epoch 137200 (2.7%): Train pred MSE = 3.269823e-09, Test pred MSE = 5.363499e-06, Param MSE = 5.385346e-05, Grad norm = 5.390899e-07, Beta update rate = 2.451310e-08
Epoch 137400 (2.7%): Train pred MSE = 3.240895e-09, Test pred MSE = 5.363405e-06, Param MSE = 5.385251e-05, Grad norm = 5.366386e-07, Beta update rate = 2.439688e-08
Epoch 137600 (2.8%): Train pred MSE = 3.212228e-09, Test pred MSE = 5.363310e-06, Param MSE = 5.385157e-05, Grad norm = 5.341991e-07, Beta update rate = 2.428127e-08
Epoch 137800 (2.8%): Train pred MSE = 3.183822e-09, Test pred MSE = 5.363217e-06, Param MSE = 5.385063e-05, Grad norm = 5.317715e-07, Beta update rate = 2.416625e-08
Epoch 138000 (2.8%): Train pred MSE = 3.155673e-09, Test pred MSE = 5.363123e-06, Param MSE = 5.384969e-05, Grad norm = 5.293555e-07, Beta update rate = 2.405182e-08
Epoch 138200 (2.8%): Train pred MSE = 3.127780e-09, Test pred MSE = 5.363031e-06, Param MSE = 5.384876e-05, Grad norm = 5.269513e-07, Beta update rate = 2.393798e-08
Epoch 138400 (2.8%): Train pred MSE = 3.100139e-09, Test pred MSE = 5.362939e-06, Param MSE = 5.384783e-05, Grad norm = 5.245586e-07, Beta update rate = 2.382473e-08
Epoch 138600 (2.8%): Train pred MSE = 3.072748e-09, Test pred MSE = 5.362847e-06, Param MSE = 5.384691e-05, Grad norm = 5.221775e-07, Beta update rate = 2.371205e-08
Epoch 138800 (2.8%): Train pred MSE = 3.045606e-09, Test pred MSE = 5.362756e-06, Param MSE = 5.384600e-05, Grad norm = 5.198079e-07, Beta update rate = 2.359996e-08
Epoch 139000 (2.8%): Train pred MSE = 3.018709e-09, Test pred MSE = 5.362665e-06, Param MSE = 5.384509e-05, Grad norm = 5.174497e-07, Beta update rate = 2.348844e-08
Epoch 139200 (2.8%): Train pred MSE = 2.992056e-09, Test pred MSE = 5.362575e-06, Param MSE = 5.384418e-05, Grad norm = 5.151029e-07, Beta update rate = 2.337748e-08
Epoch 139400 (2.8%): Train pred MSE = 2.965644e-09, Test pred MSE = 5.362485e-06, Param MSE = 5.384328e-05, Grad norm = 5.127674e-07, Beta update rate = 2.326710e-08
Epoch 139600 (2.8%): Train pred MSE = 2.939471e-09, Test pred MSE = 5.362396e-06, Param MSE = 5.384239e-05, Grad norm = 5.104431e-07, Beta update rate = 2.315728e-08
Epoch 139800 (2.8%): Train pred MSE = 2.913535e-09, Test pred MSE = 5.362307e-06, Param MSE = 5.384149e-05, Grad norm = 5.081301e-07, Beta update rate = 2.304802e-08
Epoch 140000 (2.8%): Train pred MSE = 2.887833e-09, Test pred MSE = 5.362219e-06, Param MSE = 5.384061e-05, Grad norm = 5.058281e-07, Beta update rate = 2.293932e-08
Epoch 140200 (2.8%): Train pred MSE = 2.862363e-09, Test pred MSE = 5.362131e-06, Param MSE = 5.383973e-05, Grad norm = 5.035372e-07, Beta update rate = 2.283118e-08
Epoch 140400 (2.8%): Train pred MSE = 2.837124e-09, Test pred MSE = 5.362044e-06, Param MSE = 5.383885e-05, Grad norm = 5.012574e-07, Beta update rate = 2.272358e-08
Epoch 140600 (2.8%): Train pred MSE = 2.812113e-09, Test pred MSE = 5.361957e-06, Param MSE = 5.383798e-05, Grad norm = 4.989885e-07, Beta update rate = 2.261654e-08
Epoch 140800 (2.8%): Train pred MSE = 2.787327e-09, Test pred MSE = 5.361871e-06, Param MSE = 5.383711e-05, Grad norm = 4.967304e-07, Beta update rate = 2.251004e-08
Epoch 141000 (2.8%): Train pred MSE = 2.762765e-09, Test pred MSE = 5.361785e-06, Param MSE = 5.383625e-05, Grad norm = 4.944833e-07, Beta update rate = 2.240408e-08
Epoch 141200 (2.8%): Train pred MSE = 2.738425e-09, Test pred MSE = 5.361699e-06, Param MSE = 5.383539e-05, Grad norm = 4.922469e-07, Beta update rate = 2.229866e-08
Epoch 141400 (2.8%): Train pred MSE = 2.714305e-09, Test pred MSE = 5.361614e-06, Param MSE = 5.383454e-05, Grad norm = 4.900212e-07, Beta update rate = 2.219378e-08
Epoch 141600 (2.8%): Train pred MSE = 2.690402e-09, Test pred MSE = 5.361530e-06, Param MSE = 5.383369e-05, Grad norm = 4.878062e-07, Beta update rate = 2.208943e-08
Epoch 141800 (2.8%): Train pred MSE = 2.666715e-09, Test pred MSE = 5.361446e-06, Param MSE = 5.383285e-05, Grad norm = 4.856018e-07, Beta update rate = 2.198561e-08
Epoch 142000 (2.8%): Train pred MSE = 2.643241e-09, Test pred MSE = 5.361362e-06, Param MSE = 5.383201e-05, Grad norm = 4.834080e-07, Beta update rate = 2.188232e-08
Epoch 142200 (2.8%): Train pred MSE = 2.619979e-09, Test pred MSE = 5.361279e-06, Param MSE = 5.383117e-05, Grad norm = 4.812247e-07, Beta update rate = 2.177955e-08
Epoch 142400 (2.8%): Train pred MSE = 2.596927e-09, Test pred MSE = 5.361196e-06, Param MSE = 5.383034e-05, Grad norm = 4.790518e-07, Beta update rate = 2.167730e-08
Epoch 142600 (2.9%): Train pred MSE = 2.574082e-09, Test pred MSE = 5.361114e-06, Param MSE = 5.382952e-05, Grad norm = 4.768893e-07, Beta update rate = 2.157558e-08
Epoch 142800 (2.9%): Train pred MSE = 2.551443e-09, Test pred MSE = 5.361032e-06, Param MSE = 5.382869e-05, Grad norm = 4.747372e-07, Beta update rate = 2.147436e-08
Epoch 143000 (2.9%): Train pred MSE = 2.529008e-09, Test pred MSE = 5.360951e-06, Param MSE = 5.382788e-05, Grad norm = 4.725953e-07, Beta update rate = 2.137366e-08
Epoch 143200 (2.9%): Train pred MSE = 2.506775e-09, Test pred MSE = 5.360870e-06, Param MSE = 5.382706e-05, Grad norm = 4.704637e-07, Beta update rate = 2.127347e-08
Epoch 143400 (2.9%): Train pred MSE = 2.484741e-09, Test pred MSE = 5.360789e-06, Param MSE = 5.382626e-05, Grad norm = 4.683423e-07, Beta update rate = 2.117378e-08
Epoch 143600 (2.9%): Train pred MSE = 2.462907e-09, Test pred MSE = 5.360709e-06, Param MSE = 5.382545e-05, Grad norm = 4.662310e-07, Beta update rate = 2.107460e-08
Epoch 143800 (2.9%): Train pred MSE = 2.441268e-09, Test pred MSE = 5.360629e-06, Param MSE = 5.382465e-05, Grad norm = 4.641297e-07, Beta update rate = 2.097592e-08
Epoch 144000 (2.9%): Train pred MSE = 2.419824e-09, Test pred MSE = 5.360550e-06, Param MSE = 5.382386e-05, Grad norm = 4.620385e-07, Beta update rate = 2.087773e-08
Epoch 144200 (2.9%): Train pred MSE = 2.398573e-09, Test pred MSE = 5.360471e-06, Param MSE = 5.382306e-05, Grad norm = 4.599573e-07, Beta update rate = 2.078004e-08
Epoch 144400 (2.9%): Train pred MSE = 2.377513e-09, Test pred MSE = 5.360393e-06, Param MSE = 5.382228e-05, Grad norm = 4.578860e-07, Beta update rate = 2.068285e-08
Epoch 144600 (2.9%): Train pred MSE = 2.356642e-09, Test pred MSE = 5.360315e-06, Param MSE = 5.382149e-05, Grad norm = 4.558245e-07, Beta update rate = 2.058614e-08
Epoch 144800 (2.9%): Train pred MSE = 2.335958e-09, Test pred MSE = 5.360237e-06, Param MSE = 5.382072e-05, Grad norm = 4.537729e-07, Beta update rate = 2.048992e-08
Epoch 145000 (2.9%): Train pred MSE = 2.315461e-09, Test pred MSE = 5.360160e-06, Param MSE = 5.381994e-05, Grad norm = 4.517310e-07, Beta update rate = 2.039418e-08
Epoch 145200 (2.9%): Train pred MSE = 2.295147e-09, Test pred MSE = 5.360084e-06, Param MSE = 5.381917e-05, Grad norm = 4.496988e-07, Beta update rate = 2.029893e-08
Epoch 145400 (2.9%): Train pred MSE = 2.275016e-09, Test pred MSE = 5.360007e-06, Param MSE = 5.381840e-05, Grad norm = 4.476763e-07, Beta update rate = 2.020415e-08
Epoch 145600 (2.9%): Train pred MSE = 2.255065e-09, Test pred MSE = 5.359931e-06, Param MSE = 5.381764e-05, Grad norm = 4.456635e-07, Beta update rate = 2.010985e-08
Epoch 145800 (2.9%): Train pred MSE = 2.235293e-09, Test pred MSE = 5.359856e-06, Param MSE = 5.381688e-05, Grad norm = 4.436601e-07, Beta update rate = 2.001603e-08
Epoch 146000 (2.9%): Train pred MSE = 2.215699e-09, Test pred MSE = 5.359781e-06, Param MSE = 5.381613e-05, Grad norm = 4.416663e-07, Beta update rate = 1.992267e-08
Epoch 146200 (2.9%): Train pred MSE = 2.196280e-09, Test pred MSE = 5.359706e-06, Param MSE = 5.381538e-05, Grad norm = 4.396820e-07, Beta update rate = 1.982979e-08
Epoch 146400 (2.9%): Train pred MSE = 2.177036e-09, Test pred MSE = 5.359632e-06, Param MSE = 5.381463e-05, Grad norm = 4.377071e-07, Beta update rate = 1.973736e-08
Epoch 146600 (2.9%): Train pred MSE = 2.157964e-09, Test pred MSE = 5.359558e-06, Param MSE = 5.381389e-05, Grad norm = 4.357416e-07, Beta update rate = 1.964540e-08
Epoch 146800 (2.9%): Train pred MSE = 2.139062e-09, Test pred MSE = 5.359484e-06, Param MSE = 5.381315e-05, Grad norm = 4.337853e-07, Beta update rate = 1.955391e-08
Epoch 147000 (2.9%): Train pred MSE = 2.120330e-09, Test pred MSE = 5.359411e-06, Param MSE = 5.381242e-05, Grad norm = 4.318384e-07, Beta update rate = 1.946286e-08
Epoch 147200 (2.9%): Train pred MSE = 2.101766e-09, Test pred MSE = 5.359338e-06, Param MSE = 5.381169e-05, Grad norm = 4.299007e-07, Beta update rate = 1.937228e-08
Epoch 147400 (2.9%): Train pred MSE = 2.083368e-09, Test pred MSE = 5.359266e-06, Param MSE = 5.381096e-05, Grad norm = 4.279721e-07, Beta update rate = 1.928215e-08
Epoch 147600 (3.0%): Train pred MSE = 2.065135e-09, Test pred MSE = 5.359194e-06, Param MSE = 5.381024e-05, Grad norm = 4.260527e-07, Beta update rate = 1.919246e-08
Epoch 147800 (3.0%): Train pred MSE = 2.047065e-09, Test pred MSE = 5.359122e-06, Param MSE = 5.380952e-05, Grad norm = 4.241424e-07, Beta update rate = 1.910323e-08
Epoch 148000 (3.0%): Train pred MSE = 2.029156e-09, Test pred MSE = 5.359051e-06, Param MSE = 5.380880e-05, Grad norm = 4.222411e-07, Beta update rate = 1.901444e-08
Epoch 148200 (3.0%): Train pred MSE = 2.011408e-09, Test pred MSE = 5.358980e-06, Param MSE = 5.380809e-05, Grad norm = 4.203488e-07, Beta update rate = 1.892609e-08
Epoch 148400 (3.0%): Train pred MSE = 1.993818e-09, Test pred MSE = 5.358910e-06, Param MSE = 5.380739e-05, Grad norm = 4.184655e-07, Beta update rate = 1.883819e-08
Epoch 148600 (3.0%): Train pred MSE = 1.976386e-09, Test pred MSE = 5.358840e-06, Param MSE = 5.380668e-05, Grad norm = 4.165910e-07, Beta update rate = 1.875072e-08
Epoch 148800 (3.0%): Train pred MSE = 1.959109e-09, Test pred MSE = 5.358770e-06, Param MSE = 5.380598e-05, Grad norm = 4.147254e-07, Beta update rate = 1.866368e-08
Epoch 149000 (3.0%): Train pred MSE = 1.941987e-09, Test pred MSE = 5.358701e-06, Param MSE = 5.380529e-05, Grad norm = 4.128686e-07, Beta update rate = 1.857708e-08
Epoch 149200 (3.0%): Train pred MSE = 1.925018e-09, Test pred MSE = 5.358632e-06, Param MSE = 5.380459e-05, Grad norm = 4.110206e-07, Beta update rate = 1.849091e-08
Epoch 149400 (3.0%): Train pred MSE = 1.908200e-09, Test pred MSE = 5.358563e-06, Param MSE = 5.380390e-05, Grad norm = 4.091813e-07, Beta update rate = 1.840517e-08
Epoch 149600 (3.0%): Train pred MSE = 1.891533e-09, Test pred MSE = 5.358495e-06, Param MSE = 5.380322e-05, Grad norm = 4.073507e-07, Beta update rate = 1.831986e-08
Epoch 149800 (3.0%): Train pred MSE = 1.875014e-09, Test pred MSE = 5.358427e-06, Param MSE = 5.380254e-05, Grad norm = 4.055287e-07, Beta update rate = 1.823497e-08
Epoch 150000 (3.0%): Train pred MSE = 1.858643e-09, Test pred MSE = 5.358359e-06, Param MSE = 5.380186e-05, Grad norm = 4.037153e-07, Beta update rate = 1.815050e-08
Epoch 150200 (3.0%): Train pred MSE = 1.842417e-09, Test pred MSE = 5.358292e-06, Param MSE = 5.380118e-05, Grad norm = 4.019105e-07, Beta update rate = 1.806645e-08
Epoch 150400 (3.0%): Train pred MSE = 1.826337e-09, Test pred MSE = 5.358225e-06, Param MSE = 5.380051e-05, Grad norm = 4.001141e-07, Beta update rate = 1.798281e-08
Epoch 150600 (3.0%): Train pred MSE = 1.810400e-09, Test pred MSE = 5.358159e-06, Param MSE = 5.379984e-05, Grad norm = 3.983262e-07, Beta update rate = 1.789959e-08
Epoch 150800 (3.0%): Train pred MSE = 1.794605e-09, Test pred MSE = 5.358093e-06, Param MSE = 5.379918e-05, Grad norm = 3.965467e-07, Beta update rate = 1.781678e-08
Epoch 151000 (3.0%): Train pred MSE = 1.778951e-09, Test pred MSE = 5.358027e-06, Param MSE = 5.379852e-05, Grad norm = 3.947756e-07, Beta update rate = 1.773439e-08
Epoch 151200 (3.0%): Train pred MSE = 1.763436e-09, Test pred MSE = 5.357962e-06, Param MSE = 5.379786e-05, Grad norm = 3.930128e-07, Beta update rate = 1.765240e-08
Epoch 151400 (3.0%): Train pred MSE = 1.748059e-09, Test pred MSE = 5.357896e-06, Param MSE = 5.379721e-05, Grad norm = 3.912583e-07, Beta update rate = 1.757081e-08
Epoch 151600 (3.0%): Train pred MSE = 1.732820e-09, Test pred MSE = 5.357832e-06, Param MSE = 5.379656e-05, Grad norm = 3.895121e-07, Beta update rate = 1.748963e-08
Epoch 151800 (3.0%): Train pred MSE = 1.717716e-09, Test pred MSE = 5.357767e-06, Param MSE = 5.379591e-05, Grad norm = 3.877740e-07, Beta update rate = 1.740885e-08
Epoch 152000 (3.0%): Train pred MSE = 1.702747e-09, Test pred MSE = 5.357703e-06, Param MSE = 5.379527e-05, Grad norm = 3.860442e-07, Beta update rate = 1.732847e-08
Epoch 152200 (3.0%): Train pred MSE = 1.687911e-09, Test pred MSE = 5.357639e-06, Param MSE = 5.379463e-05, Grad norm = 3.843224e-07, Beta update rate = 1.724848e-08
Epoch 152400 (3.0%): Train pred MSE = 1.673207e-09, Test pred MSE = 5.357576e-06, Param MSE = 5.379399e-05, Grad norm = 3.826087e-07, Beta update rate = 1.716889e-08
Epoch 152600 (3.1%): Train pred MSE = 1.658633e-09, Test pred MSE = 5.357513e-06, Param MSE = 5.379336e-05, Grad norm = 3.809031e-07, Beta update rate = 1.708969e-08
Epoch 152800 (3.1%): Train pred MSE = 1.644190e-09, Test pred MSE = 5.357450e-06, Param MSE = 5.379273e-05, Grad norm = 3.792054e-07, Beta update rate = 1.701089e-08
Epoch 153000 (3.1%): Train pred MSE = 1.629875e-09, Test pred MSE = 5.357388e-06, Param MSE = 5.379210e-05, Grad norm = 3.775157e-07, Beta update rate = 1.693247e-08
Epoch 153200 (3.1%): Train pred MSE = 1.615687e-09, Test pred MSE = 5.357326e-06, Param MSE = 5.379147e-05, Grad norm = 3.758340e-07, Beta update rate = 1.685443e-08
Epoch 153400 (3.1%): Train pred MSE = 1.601625e-09, Test pred MSE = 5.357264e-06, Param MSE = 5.379085e-05, Grad norm = 3.741601e-07, Beta update rate = 1.677678e-08
Epoch 153600 (3.1%): Train pred MSE = 1.587688e-09, Test pred MSE = 5.357203e-06, Param MSE = 5.379024e-05, Grad norm = 3.724940e-07, Beta update rate = 1.669952e-08
Epoch 153800 (3.1%): Train pred MSE = 1.573875e-09, Test pred MSE = 5.357141e-06, Param MSE = 5.378962e-05, Grad norm = 3.708358e-07, Beta update rate = 1.662263e-08
Epoch 154000 (3.1%): Train pred MSE = 1.560185e-09, Test pred MSE = 5.357081e-06, Param MSE = 5.378901e-05, Grad norm = 3.691853e-07, Beta update rate = 1.654612e-08
Epoch 154200 (3.1%): Train pred MSE = 1.546616e-09, Test pred MSE = 5.357020e-06, Param MSE = 5.378840e-05, Grad norm = 3.675425e-07, Beta update rate = 1.646999e-08
Epoch 154400 (3.1%): Train pred MSE = 1.533168e-09, Test pred MSE = 5.356960e-06, Param MSE = 5.378780e-05, Grad norm = 3.659074e-07, Beta update rate = 1.639423e-08
Epoch 154600 (3.1%): Train pred MSE = 1.519839e-09, Test pred MSE = 5.356900e-06, Param MSE = 5.378720e-05, Grad norm = 3.642799e-07, Beta update rate = 1.631884e-08
Epoch 154800 (3.1%): Train pred MSE = 1.506628e-09, Test pred MSE = 5.356841e-06, Param MSE = 5.378660e-05, Grad norm = 3.626601e-07, Beta update rate = 1.624382e-08
Epoch 155000 (3.1%): Train pred MSE = 1.493535e-09, Test pred MSE = 5.356781e-06, Param MSE = 5.378601e-05, Grad norm = 3.610478e-07, Beta update rate = 1.616917e-08
Epoch 155200 (3.1%): Train pred MSE = 1.480558e-09, Test pred MSE = 5.356722e-06, Param MSE = 5.378541e-05, Grad norm = 3.594431e-07, Beta update rate = 1.609488e-08
Epoch 155400 (3.1%): Train pred MSE = 1.467696e-09, Test pred MSE = 5.356664e-06, Param MSE = 5.378482e-05, Grad norm = 3.578458e-07, Beta update rate = 1.602096e-08
Epoch 155600 (3.1%): Train pred MSE = 1.454948e-09, Test pred MSE = 5.356605e-06, Param MSE = 5.378424e-05, Grad norm = 3.562560e-07, Beta update rate = 1.594740e-08
Epoch 155800 (3.1%): Train pred MSE = 1.442313e-09, Test pred MSE = 5.356547e-06, Param MSE = 5.378366e-05, Grad norm = 3.546736e-07, Beta update rate = 1.587420e-08
Epoch 156000 (3.1%): Train pred MSE = 1.429789e-09, Test pred MSE = 5.356490e-06, Param MSE = 5.378308e-05, Grad norm = 3.530986e-07, Beta update rate = 1.580136e-08
Epoch 156200 (3.1%): Train pred MSE = 1.417377e-09, Test pred MSE = 5.356432e-06, Param MSE = 5.378250e-05, Grad norm = 3.515310e-07, Beta update rate = 1.572887e-08
Epoch 156400 (3.1%): Train pred MSE = 1.405075e-09, Test pred MSE = 5.356375e-06, Param MSE = 5.378193e-05, Grad norm = 3.499706e-07, Beta update rate = 1.565674e-08
Epoch 156600 (3.1%): Train pred MSE = 1.392882e-09, Test pred MSE = 5.356318e-06, Param MSE = 5.378135e-05, Grad norm = 3.484175e-07, Beta update rate = 1.558496e-08
Epoch 156800 (3.1%): Train pred MSE = 1.380797e-09, Test pred MSE = 5.356262e-06, Param MSE = 5.378079e-05, Grad norm = 3.468716e-07, Beta update rate = 1.551353e-08
Epoch 157000 (3.1%): Train pred MSE = 1.368818e-09, Test pred MSE = 5.356205e-06, Param MSE = 5.378022e-05, Grad norm = 3.453330e-07, Beta update rate = 1.544245e-08
Epoch 157200 (3.1%): Train pred MSE = 1.356946e-09, Test pred MSE = 5.356150e-06, Param MSE = 5.377966e-05, Grad norm = 3.438015e-07, Beta update rate = 1.537171e-08
Epoch 157400 (3.1%): Train pred MSE = 1.345179e-09, Test pred MSE = 5.356094e-06, Param MSE = 5.377910e-05, Grad norm = 3.422771e-07, Beta update rate = 1.530132e-08
Epoch 157600 (3.2%): Train pred MSE = 1.333516e-09, Test pred MSE = 5.356039e-06, Param MSE = 5.377854e-05, Grad norm = 3.407598e-07, Beta update rate = 1.523128e-08
Epoch 157800 (3.2%): Train pred MSE = 1.321956e-09, Test pred MSE = 5.355983e-06, Param MSE = 5.377799e-05, Grad norm = 3.392496e-07, Beta update rate = 1.516157e-08
Epoch 158000 (3.2%): Train pred MSE = 1.310498e-09, Test pred MSE = 5.355929e-06, Param MSE = 5.377744e-05, Grad norm = 3.377464e-07, Beta update rate = 1.509221e-08
Epoch 158200 (3.2%): Train pred MSE = 1.299142e-09, Test pred MSE = 5.355874e-06, Param MSE = 5.377689e-05, Grad norm = 3.362502e-07, Beta update rate = 1.502318e-08
Epoch 158400 (3.2%): Train pred MSE = 1.287886e-09, Test pred MSE = 5.355820e-06, Param MSE = 5.377635e-05, Grad norm = 3.347609e-07, Beta update rate = 1.495448e-08
Epoch 158600 (3.2%): Train pred MSE = 1.276729e-09, Test pred MSE = 5.355766e-06, Param MSE = 5.377581e-05, Grad norm = 3.332785e-07, Beta update rate = 1.488612e-08
Epoch 158800 (3.2%): Train pred MSE = 1.265671e-09, Test pred MSE = 5.355712e-06, Param MSE = 5.377527e-05, Grad norm = 3.318030e-07, Beta update rate = 1.481810e-08
Epoch 159000 (3.2%): Train pred MSE = 1.254711e-09, Test pred MSE = 5.355659e-06, Param MSE = 5.377473e-05, Grad norm = 3.303344e-07, Beta update rate = 1.475040e-08
Epoch 159200 (3.2%): Train pred MSE = 1.243848e-09, Test pred MSE = 5.355606e-06, Param MSE = 5.377420e-05, Grad norm = 3.288726e-07, Beta update rate = 1.468303e-08
Epoch 159400 (3.2%): Train pred MSE = 1.233080e-09, Test pred MSE = 5.355553e-06, Param MSE = 5.377366e-05, Grad norm = 3.274176e-07, Beta update rate = 1.461599e-08
Epoch 159600 (3.2%): Train pred MSE = 1.222408e-09, Test pred MSE = 5.355500e-06, Param MSE = 5.377314e-05, Grad norm = 3.259693e-07, Beta update rate = 1.454928e-08
Epoch 159800 (3.2%): Train pred MSE = 1.211829e-09, Test pred MSE = 5.355448e-06, Param MSE = 5.377261e-05, Grad norm = 3.245277e-07, Beta update rate = 1.448288e-08
Epoch 160000 (3.2%): Train pred MSE = 1.201344e-09, Test pred MSE = 5.355396e-06, Param MSE = 5.377209e-05, Grad norm = 3.230928e-07, Beta update rate = 1.441681e-08
Epoch 160200 (3.2%): Train pred MSE = 1.190952e-09, Test pred MSE = 5.355344e-06, Param MSE = 5.377157e-05, Grad norm = 3.216645e-07, Beta update rate = 1.435106e-08
Epoch 160400 (3.2%): Train pred MSE = 1.180651e-09, Test pred MSE = 5.355293e-06, Param MSE = 5.377105e-05, Grad norm = 3.202429e-07, Beta update rate = 1.428563e-08
Epoch 160600 (3.2%): Train pred MSE = 1.170441e-09, Test pred MSE = 5.355241e-06, Param MSE = 5.377054e-05, Grad norm = 3.188278e-07, Beta update rate = 1.422051e-08
Epoch 160800 (3.2%): Train pred MSE = 1.160321e-09, Test pred MSE = 5.355190e-06, Param MSE = 5.377002e-05, Grad norm = 3.174193e-07, Beta update rate = 1.415571e-08
Epoch 161000 (3.2%): Train pred MSE = 1.150291e-09, Test pred MSE = 5.355140e-06, Param MSE = 5.376951e-05, Grad norm = 3.160173e-07, Beta update rate = 1.409122e-08
Epoch 161200 (3.2%): Train pred MSE = 1.140348e-09, Test pred MSE = 5.355089e-06, Param MSE = 5.376901e-05, Grad norm = 3.146218e-07, Beta update rate = 1.402705e-08
Epoch 161400 (3.2%): Train pred MSE = 1.130494e-09, Test pred MSE = 5.355039e-06, Param MSE = 5.376850e-05, Grad norm = 3.132327e-07, Beta update rate = 1.396318e-08
Epoch 161600 (3.2%): Train pred MSE = 1.120726e-09, Test pred MSE = 5.354989e-06, Param MSE = 5.376800e-05, Grad norm = 3.118500e-07, Beta update rate = 1.389963e-08
Epoch 161800 (3.2%): Train pred MSE = 1.111044e-09, Test pred MSE = 5.354939e-06, Param MSE = 5.376750e-05, Grad norm = 3.104738e-07, Beta update rate = 1.383638e-08
Epoch 162000 (3.2%): Train pred MSE = 1.101447e-09, Test pred MSE = 5.354890e-06, Param MSE = 5.376700e-05, Grad norm = 3.091039e-07, Beta update rate = 1.377343e-08
Epoch 162200 (3.2%): Train pred MSE = 1.091935e-09, Test pred MSE = 5.354841e-06, Param MSE = 5.376651e-05, Grad norm = 3.077403e-07, Beta update rate = 1.371079e-08
Epoch 162400 (3.2%): Train pred MSE = 1.082507e-09, Test pred MSE = 5.354792e-06, Param MSE = 5.376602e-05, Grad norm = 3.063830e-07, Beta update rate = 1.364845e-08
Epoch 162600 (3.3%): Train pred MSE = 1.073162e-09, Test pred MSE = 5.354743e-06, Param MSE = 5.376553e-05, Grad norm = 3.050320e-07, Beta update rate = 1.358641e-08
Epoch 162800 (3.3%): Train pred MSE = 1.063898e-09, Test pred MSE = 5.354695e-06, Param MSE = 5.376504e-05, Grad norm = 3.036872e-07, Beta update rate = 1.352467e-08
Epoch 163000 (3.3%): Train pred MSE = 1.054717e-09, Test pred MSE = 5.354647e-06, Param MSE = 5.376456e-05, Grad norm = 3.023486e-07, Beta update rate = 1.346322e-08
Epoch 163200 (3.3%): Train pred MSE = 1.045616e-09, Test pred MSE = 5.354599e-06, Param MSE = 5.376408e-05, Grad norm = 3.010162e-07, Beta update rate = 1.340208e-08
Epoch 163400 (3.3%): Train pred MSE = 1.036595e-09, Test pred MSE = 5.354551e-06, Param MSE = 5.376360e-05, Grad norm = 2.996899e-07, Beta update rate = 1.334122e-08
Epoch 163600 (3.3%): Train pred MSE = 1.027653e-09, Test pred MSE = 5.354503e-06, Param MSE = 5.376312e-05, Grad norm = 2.983697e-07, Beta update rate = 1.328066e-08
Epoch 163800 (3.3%): Train pred MSE = 1.018790e-09, Test pred MSE = 5.354456e-06, Param MSE = 5.376265e-05, Grad norm = 2.970556e-07, Beta update rate = 1.322039e-08
Epoch 164000 (3.3%): Train pred MSE = 1.010005e-09, Test pred MSE = 5.354409e-06, Param MSE = 5.376217e-05, Grad norm = 2.957476e-07, Beta update rate = 1.316041e-08
Epoch 164200 (3.3%): Train pred MSE = 1.001297e-09, Test pred MSE = 5.354363e-06, Param MSE = 5.376170e-05, Grad norm = 2.944456e-07, Beta update rate = 1.310072e-08
Epoch 164400 (3.3%): Train pred MSE = 9.926661e-10, Test pred MSE = 5.354316e-06, Param MSE = 5.376124e-05, Grad norm = 2.931496e-07, Beta update rate = 1.304131e-08
Epoch 164600 (3.3%): Train pred MSE = 9.841105e-10, Test pred MSE = 5.354270e-06, Param MSE = 5.376077e-05, Grad norm = 2.918595e-07, Beta update rate = 1.298219e-08
Epoch 164800 (3.3%): Train pred MSE = 9.756300e-10, Test pred MSE = 5.354224e-06, Param MSE = 5.376031e-05, Grad norm = 2.905754e-07, Beta update rate = 1.292336e-08
Epoch 165000 (3.3%): Train pred MSE = 9.672240e-10, Test pred MSE = 5.354178e-06, Param MSE = 5.375985e-05, Grad norm = 2.892972e-07, Beta update rate = 1.286480e-08
Epoch 165200 (3.3%): Train pred MSE = 9.588918e-10, Test pred MSE = 5.354132e-06, Param MSE = 5.375939e-05, Grad norm = 2.880248e-07, Beta update rate = 1.280653e-08
Epoch 165400 (3.3%): Train pred MSE = 9.506327e-10, Test pred MSE = 5.354087e-06, Param MSE = 5.375894e-05, Grad norm = 2.867583e-07, Beta update rate = 1.274853e-08
Epoch 165600 (3.3%): Train pred MSE = 9.424460e-10, Test pred MSE = 5.354042e-06, Param MSE = 5.375848e-05, Grad norm = 2.854976e-07, Beta update rate = 1.269082e-08
Epoch 165800 (3.3%): Train pred MSE = 9.343312e-10, Test pred MSE = 5.353997e-06, Param MSE = 5.375803e-05, Grad norm = 2.842427e-07, Beta update rate = 1.263338e-08
Epoch 166000 (3.3%): Train pred MSE = 9.262876e-10, Test pred MSE = 5.353952e-06, Param MSE = 5.375758e-05, Grad norm = 2.829936e-07, Beta update rate = 1.257621e-08
Epoch 166200 (3.3%): Train pred MSE = 9.183145e-10, Test pred MSE = 5.353908e-06, Param MSE = 5.375714e-05, Grad norm = 2.817502e-07, Beta update rate = 1.251932e-08
Epoch 166400 (3.3%): Train pred MSE = 9.104113e-10, Test pred MSE = 5.353864e-06, Param MSE = 5.375669e-05, Grad norm = 2.805125e-07, Beta update rate = 1.246270e-08
Epoch 166600 (3.3%): Train pred MSE = 9.025773e-10, Test pred MSE = 5.353820e-06, Param MSE = 5.375625e-05, Grad norm = 2.792805e-07, Beta update rate = 1.240635e-08
Epoch 166800 (3.3%): Train pred MSE = 8.948120e-10, Test pred MSE = 5.353776e-06, Param MSE = 5.375581e-05, Grad norm = 2.780541e-07, Beta update rate = 1.235027e-08
Epoch 167000 (3.3%): Train pred MSE = 8.871148e-10, Test pred MSE = 5.353733e-06, Param MSE = 5.375538e-05, Grad norm = 2.768334e-07, Beta update rate = 1.229445e-08
Epoch 167200 (3.3%): Train pred MSE = 8.794850e-10, Test pred MSE = 5.353689e-06, Param MSE = 5.375494e-05, Grad norm = 2.756182e-07, Beta update rate = 1.223891e-08
Epoch 167400 (3.3%): Train pred MSE = 8.719220e-10, Test pred MSE = 5.353646e-06, Param MSE = 5.375451e-05, Grad norm = 2.744086e-07, Beta update rate = 1.218363e-08
Epoch 167600 (3.4%): Train pred MSE = 8.644253e-10, Test pred MSE = 5.353603e-06, Param MSE = 5.375408e-05, Grad norm = 2.732046e-07, Beta update rate = 1.212861e-08
Epoch 167800 (3.4%): Train pred MSE = 8.569942e-10, Test pred MSE = 5.353561e-06, Param MSE = 5.375365e-05, Grad norm = 2.720061e-07, Beta update rate = 1.207385e-08
Epoch 168000 (3.4%): Train pred MSE = 8.496281e-10, Test pred MSE = 5.353518e-06, Param MSE = 5.375322e-05, Grad norm = 2.708130e-07, Beta update rate = 1.201936e-08
Epoch 168200 (3.4%): Train pred MSE = 8.423265e-10, Test pred MSE = 5.353476e-06, Param MSE = 5.375280e-05, Grad norm = 2.696254e-07, Beta update rate = 1.196513e-08
Epoch 168400 (3.4%): Train pred MSE = 8.350888e-10, Test pred MSE = 5.353434e-06, Param MSE = 5.375237e-05, Grad norm = 2.684433e-07, Beta update rate = 1.191115e-08
Epoch 168600 (3.4%): Train pred MSE = 8.279145e-10, Test pred MSE = 5.353392e-06, Param MSE = 5.375196e-05, Grad norm = 2.672665e-07, Beta update rate = 1.185743e-08
Epoch 168800 (3.4%): Train pred MSE = 8.208028e-10, Test pred MSE = 5.353351e-06, Param MSE = 5.375154e-05, Grad norm = 2.660952e-07, Beta update rate = 1.180397e-08
Epoch 169000 (3.4%): Train pred MSE = 8.137534e-10, Test pred MSE = 5.353309e-06, Param MSE = 5.375112e-05, Grad norm = 2.649292e-07, Beta update rate = 1.175076e-08
Epoch 169200 (3.4%): Train pred MSE = 8.067656e-10, Test pred MSE = 5.353268e-06, Param MSE = 5.375071e-05, Grad norm = 2.637685e-07, Beta update rate = 1.169780e-08
Epoch 169400 (3.4%): Train pred MSE = 7.998389e-10, Test pred MSE = 5.353227e-06, Param MSE = 5.375030e-05, Grad norm = 2.626131e-07, Beta update rate = 1.164510e-08
Epoch 169600 (3.4%): Train pred MSE = 7.929728e-10, Test pred MSE = 5.353187e-06, Param MSE = 5.374989e-05, Grad norm = 2.614630e-07, Beta update rate = 1.159264e-08
Epoch 169800 (3.4%): Train pred MSE = 7.861666e-10, Test pred MSE = 5.353146e-06, Param MSE = 5.374948e-05, Grad norm = 2.603182e-07, Beta update rate = 1.154044e-08
Epoch 170000 (3.4%): Train pred MSE = 7.794199e-10, Test pred MSE = 5.353106e-06, Param MSE = 5.374907e-05, Grad norm = 2.591786e-07, Beta update rate = 1.148848e-08
Epoch 170200 (3.4%): Train pred MSE = 7.727322e-10, Test pred MSE = 5.353065e-06, Param MSE = 5.374867e-05, Grad norm = 2.580442e-07, Beta update rate = 1.143677e-08
Epoch 170400 (3.4%): Train pred MSE = 7.661028e-10, Test pred MSE = 5.353026e-06, Param MSE = 5.374827e-05, Grad norm = 2.569149e-07, Beta update rate = 1.138531e-08
Epoch 170600 (3.4%): Train pred MSE = 7.595314e-10, Test pred MSE = 5.352986e-06, Param MSE = 5.374787e-05, Grad norm = 2.557908e-07, Beta update rate = 1.133409e-08
Epoch 170800 (3.4%): Train pred MSE = 7.530173e-10, Test pred MSE = 5.352946e-06, Param MSE = 5.374747e-05, Grad norm = 2.546719e-07, Beta update rate = 1.128311e-08
Epoch 171000 (3.4%): Train pred MSE = 7.465601e-10, Test pred MSE = 5.352907e-06, Param MSE = 5.374708e-05, Grad norm = 2.535580e-07, Beta update rate = 1.123237e-08
Epoch 171200 (3.4%): Train pred MSE = 7.401592e-10, Test pred MSE = 5.352868e-06, Param MSE = 5.374668e-05, Grad norm = 2.524492e-07, Beta update rate = 1.118188e-08
Epoch 171400 (3.4%): Train pred MSE = 7.338142e-10, Test pred MSE = 5.352829e-06, Param MSE = 5.374629e-05, Grad norm = 2.513455e-07, Beta update rate = 1.113162e-08
Epoch 171600 (3.4%): Train pred MSE = 7.275245e-10, Test pred MSE = 5.352790e-06, Param MSE = 5.374590e-05, Grad norm = 2.502468e-07, Beta update rate = 1.108160e-08
Epoch 171800 (3.4%): Train pred MSE = 7.212898e-10, Test pred MSE = 5.352752e-06, Param MSE = 5.374552e-05, Grad norm = 2.491531e-07, Beta update rate = 1.103182e-08
Epoch 172000 (3.4%): Train pred MSE = 7.151093e-10, Test pred MSE = 5.352713e-06, Param MSE = 5.374513e-05, Grad norm = 2.480644e-07, Beta update rate = 1.098227e-08
Epoch 172200 (3.4%): Train pred MSE = 7.089828e-10, Test pred MSE = 5.352675e-06, Param MSE = 5.374475e-05, Grad norm = 2.469806e-07, Beta update rate = 1.093296e-08
Epoch 172400 (3.4%): Train pred MSE = 7.029097e-10, Test pred MSE = 5.352637e-06, Param MSE = 5.374436e-05, Grad norm = 2.459018e-07, Beta update rate = 1.088388e-08
Epoch 172600 (3.5%): Train pred MSE = 6.968895e-10, Test pred MSE = 5.352599e-06, Param MSE = 5.374398e-05, Grad norm = 2.448279e-07, Beta update rate = 1.083504e-08
Epoch 172800 (3.5%): Train pred MSE = 6.909218e-10, Test pred MSE = 5.352562e-06, Param MSE = 5.374361e-05, Grad norm = 2.437588e-07, Beta update rate = 1.078642e-08
Epoch 173000 (3.5%): Train pred MSE = 6.850061e-10, Test pred MSE = 5.352524e-06, Param MSE = 5.374323e-05, Grad norm = 2.426947e-07, Beta update rate = 1.073803e-08
Epoch 173200 (3.5%): Train pred MSE = 6.791419e-10, Test pred MSE = 5.352487e-06, Param MSE = 5.374286e-05, Grad norm = 2.416353e-07, Beta update rate = 1.068988e-08
Epoch 173400 (3.5%): Train pred MSE = 6.733288e-10, Test pred MSE = 5.352450e-06, Param MSE = 5.374248e-05, Grad norm = 2.405808e-07, Beta update rate = 1.064195e-08
Epoch 173600 (3.5%): Train pred MSE = 6.675663e-10, Test pred MSE = 5.352413e-06, Param MSE = 5.374211e-05, Grad norm = 2.395310e-07, Beta update rate = 1.059424e-08
Epoch 173800 (3.5%): Train pred MSE = 6.618540e-10, Test pred MSE = 5.352376e-06, Param MSE = 5.374175e-05, Grad norm = 2.384861e-07, Beta update rate = 1.054676e-08
Epoch 174000 (3.5%): Train pred MSE = 6.561914e-10, Test pred MSE = 5.352340e-06, Param MSE = 5.374138e-05, Grad norm = 2.374459e-07, Beta update rate = 1.049951e-08
Epoch 174200 (3.5%): Train pred MSE = 6.505781e-10, Test pred MSE = 5.352304e-06, Param MSE = 5.374101e-05, Grad norm = 2.364104e-07, Beta update rate = 1.045247e-08
Epoch 174400 (3.5%): Train pred MSE = 6.450136e-10, Test pred MSE = 5.352268e-06, Param MSE = 5.374065e-05, Grad norm = 2.353796e-07, Beta update rate = 1.040566e-08
Epoch 174600 (3.5%): Train pred MSE = 6.394976e-10, Test pred MSE = 5.352232e-06, Param MSE = 5.374029e-05, Grad norm = 2.343534e-07, Beta update rate = 1.035907e-08
Epoch 174800 (3.5%): Train pred MSE = 6.340296e-10, Test pred MSE = 5.352196e-06, Param MSE = 5.373993e-05, Grad norm = 2.333320e-07, Beta update rate = 1.031270e-08
Epoch 175000 (3.5%): Train pred MSE = 6.286091e-10, Test pred MSE = 5.352160e-06, Param MSE = 5.373957e-05, Grad norm = 2.323151e-07, Beta update rate = 1.026655e-08
Epoch 175200 (3.5%): Train pred MSE = 6.232357e-10, Test pred MSE = 5.352125e-06, Param MSE = 5.373922e-05, Grad norm = 2.313029e-07, Beta update rate = 1.022061e-08
Epoch 175400 (3.5%): Train pred MSE = 6.179091e-10, Test pred MSE = 5.352090e-06, Param MSE = 5.373886e-05, Grad norm = 2.302953e-07, Beta update rate = 1.017489e-08
Epoch 175600 (3.5%): Train pred MSE = 6.126287e-10, Test pred MSE = 5.352055e-06, Param MSE = 5.373851e-05, Grad norm = 2.292922e-07, Beta update rate = 1.012938e-08
Epoch 175800 (3.5%): Train pred MSE = 6.073943e-10, Test pred MSE = 5.352020e-06, Param MSE = 5.373816e-05, Grad norm = 2.282937e-07, Beta update rate = 1.008409e-08
Epoch 176000 (3.5%): Train pred MSE = 6.022053e-10, Test pred MSE = 5.351985e-06, Param MSE = 5.373781e-05, Grad norm = 2.272997e-07, Beta update rate = 1.003901e-08
Epoch 176200 (3.5%): Train pred MSE = 5.970615e-10, Test pred MSE = 5.351950e-06, Param MSE = 5.373746e-05, Grad norm = 2.263102e-07, Beta update rate = 9.994147e-09
Epoch 176400 (3.5%): Train pred MSE = 5.919623e-10, Test pred MSE = 5.351916e-06, Param MSE = 5.373712e-05, Grad norm = 2.253252e-07, Beta update rate = 9.949491e-09
Epoch 176600 (3.5%): Train pred MSE = 5.869074e-10, Test pred MSE = 5.351882e-06, Param MSE = 5.373677e-05, Grad norm = 2.243446e-07, Beta update rate = 9.905044e-09
Epoch 176800 (3.5%): Train pred MSE = 5.818964e-10, Test pred MSE = 5.351848e-06, Param MSE = 5.373643e-05, Grad norm = 2.233685e-07, Beta update rate = 9.860806e-09
Epoch 177000 (3.5%): Train pred MSE = 5.769289e-10, Test pred MSE = 5.351814e-06, Param MSE = 5.373609e-05, Grad norm = 2.223968e-07, Beta update rate = 9.816776e-09
Epoch 177200 (3.5%): Train pred MSE = 5.720045e-10, Test pred MSE = 5.351780e-06, Param MSE = 5.373575e-05, Grad norm = 2.214295e-07, Beta update rate = 9.772951e-09
Epoch 177400 (3.5%): Train pred MSE = 5.671229e-10, Test pred MSE = 5.351747e-06, Param MSE = 5.373542e-05, Grad norm = 2.204665e-07, Beta update rate = 9.729333e-09
Epoch 177600 (3.6%): Train pred MSE = 5.622836e-10, Test pred MSE = 5.351713e-06, Param MSE = 5.373508e-05, Grad norm = 2.195079e-07, Beta update rate = 9.685918e-09
Epoch 177800 (3.6%): Train pred MSE = 5.574863e-10, Test pred MSE = 5.351680e-06, Param MSE = 5.373475e-05, Grad norm = 2.185537e-07, Beta update rate = 9.642707e-09
Epoch 178000 (3.6%): Train pred MSE = 5.527306e-10, Test pred MSE = 5.351647e-06, Param MSE = 5.373442e-05, Grad norm = 2.176038e-07, Beta update rate = 9.599699e-09
Epoch 178200 (3.6%): Train pred MSE = 5.480162e-10, Test pred MSE = 5.351614e-06, Param MSE = 5.373409e-05, Grad norm = 2.166581e-07, Beta update rate = 9.556891e-09
Epoch 178400 (3.6%): Train pred MSE = 5.433427e-10, Test pred MSE = 5.351582e-06, Param MSE = 5.373376e-05, Grad norm = 2.157167e-07, Beta update rate = 9.514284e-09
Epoch 178600 (3.6%): Train pred MSE = 5.387097e-10, Test pred MSE = 5.351549e-06, Param MSE = 5.373343e-05, Grad norm = 2.147796e-07, Beta update rate = 9.471877e-09
Epoch 178800 (3.6%): Train pred MSE = 5.341168e-10, Test pred MSE = 5.351517e-06, Param MSE = 5.373310e-05, Grad norm = 2.138467e-07, Beta update rate = 9.429667e-09
Epoch 179000 (3.6%): Train pred MSE = 5.295638e-10, Test pred MSE = 5.351485e-06, Param MSE = 5.373278e-05, Grad norm = 2.129180e-07, Beta update rate = 9.387655e-09
Epoch 179200 (3.6%): Train pred MSE = 5.250502e-10, Test pred MSE = 5.351453e-06, Param MSE = 5.373246e-05, Grad norm = 2.119935e-07, Beta update rate = 9.345840e-09
Epoch 179400 (3.6%): Train pred MSE = 5.205757e-10, Test pred MSE = 5.351421e-06, Param MSE = 5.373214e-05, Grad norm = 2.110732e-07, Beta update rate = 9.304219e-09
Epoch 179600 (3.6%): Train pred MSE = 5.161400e-10, Test pred MSE = 5.351389e-06, Param MSE = 5.373182e-05, Grad norm = 2.101570e-07, Beta update rate = 9.262793e-09
Epoch 179800 (3.6%): Train pred MSE = 5.117427e-10, Test pred MSE = 5.351357e-06, Param MSE = 5.373150e-05, Grad norm = 2.092450e-07, Beta update rate = 9.221561e-09
Epoch 180000 (3.6%): Train pred MSE = 5.073835e-10, Test pred MSE = 5.351326e-06, Param MSE = 5.373118e-05, Grad norm = 2.083370e-07, Beta update rate = 9.180521e-09
Epoch 180200 (3.6%): Train pred MSE = 5.030620e-10, Test pred MSE = 5.351295e-06, Param MSE = 5.373087e-05, Grad norm = 2.074332e-07, Beta update rate = 9.139672e-09
Epoch 180400 (3.6%): Train pred MSE = 4.987779e-10, Test pred MSE = 5.351263e-06, Param MSE = 5.373056e-05, Grad norm = 2.065334e-07, Beta update rate = 9.099014e-09
Epoch 180600 (3.6%): Train pred MSE = 4.945309e-10, Test pred MSE = 5.351233e-06, Param MSE = 5.373025e-05, Grad norm = 2.056377e-07, Beta update rate = 9.058545e-09
Epoch 180800 (3.6%): Train pred MSE = 4.903207e-10, Test pred MSE = 5.351202e-06, Param MSE = 5.372994e-05, Grad norm = 2.047460e-07, Beta update rate = 9.018266e-09
Epoch 181000 (3.6%): Train pred MSE = 4.861469e-10, Test pred MSE = 5.351171e-06, Param MSE = 5.372963e-05, Grad norm = 2.038583e-07, Beta update rate = 8.978173e-09
Epoch 181200 (3.6%): Train pred MSE = 4.820092e-10, Test pred MSE = 5.351141e-06, Param MSE = 5.372932e-05, Grad norm = 2.029746e-07, Beta update rate = 8.938268e-09
Epoch 181400 (3.6%): Train pred MSE = 4.779073e-10, Test pred MSE = 5.351110e-06, Param MSE = 5.372902e-05, Grad norm = 2.020949e-07, Beta update rate = 8.898549e-09
Epoch 181600 (3.6%): Train pred MSE = 4.738409e-10, Test pred MSE = 5.351080e-06, Param MSE = 5.372871e-05, Grad norm = 2.012192e-07, Beta update rate = 8.859014e-09
Epoch 181800 (3.6%): Train pred MSE = 4.698097e-10, Test pred MSE = 5.351050e-06, Param MSE = 5.372841e-05, Grad norm = 2.003474e-07, Beta update rate = 8.819663e-09
Epoch 182000 (3.6%): Train pred MSE = 4.658133e-10, Test pred MSE = 5.351020e-06, Param MSE = 5.372811e-05, Grad norm = 1.994795e-07, Beta update rate = 8.780496e-09
Epoch 182200 (3.6%): Train pred MSE = 4.618514e-10, Test pred MSE = 5.350990e-06, Param MSE = 5.372781e-05, Grad norm = 1.986155e-07, Beta update rate = 8.741510e-09
Epoch 182400 (3.6%): Train pred MSE = 4.579238e-10, Test pred MSE = 5.350961e-06, Param MSE = 5.372751e-05, Grad norm = 1.977554e-07, Beta update rate = 8.702706e-09
Epoch 182600 (3.7%): Train pred MSE = 4.540301e-10, Test pred MSE = 5.350931e-06, Param MSE = 5.372722e-05, Grad norm = 1.968992e-07, Beta update rate = 8.664083e-09
Epoch 182800 (3.7%): Train pred MSE = 4.501701e-10, Test pred MSE = 5.350902e-06, Param MSE = 5.372692e-05, Grad norm = 1.960468e-07, Beta update rate = 8.625638e-09
Epoch 183000 (3.7%): Train pred MSE = 4.463434e-10, Test pred MSE = 5.350873e-06, Param MSE = 5.372663e-05, Grad norm = 1.951983e-07, Beta update rate = 8.587373e-09
Epoch 183200 (3.7%): Train pred MSE = 4.425498e-10, Test pred MSE = 5.350844e-06, Param MSE = 5.372634e-05, Grad norm = 1.943535e-07, Beta update rate = 8.549285e-09
Epoch 183400 (3.7%): Train pred MSE = 4.387889e-10, Test pred MSE = 5.350815e-06, Param MSE = 5.372605e-05, Grad norm = 1.935126e-07, Beta update rate = 8.511374e-09
Epoch 183600 (3.7%): Train pred MSE = 4.350605e-10, Test pred MSE = 5.350786e-06, Param MSE = 5.372576e-05, Grad norm = 1.926754e-07, Beta update rate = 8.473638e-09
Epoch 183800 (3.7%): Train pred MSE = 4.313643e-10, Test pred MSE = 5.350757e-06, Param MSE = 5.372547e-05, Grad norm = 1.918420e-07, Beta update rate = 8.436078e-09
Epoch 184000 (3.7%): Train pred MSE = 4.277000e-10, Test pred MSE = 5.350729e-06, Param MSE = 5.372518e-05, Grad norm = 1.910123e-07, Beta update rate = 8.398693e-09
Epoch 184200 (3.7%): Train pred MSE = 4.240673e-10, Test pred MSE = 5.350700e-06, Param MSE = 5.372490e-05, Grad norm = 1.901863e-07, Beta update rate = 8.361480e-09
Epoch 184400 (3.7%): Train pred MSE = 4.204660e-10, Test pred MSE = 5.350672e-06, Param MSE = 5.372461e-05, Grad norm = 1.893641e-07, Beta update rate = 8.324440e-09
Epoch 184600 (3.7%): Train pred MSE = 4.168957e-10, Test pred MSE = 5.350644e-06, Param MSE = 5.372433e-05, Grad norm = 1.885455e-07, Beta update rate = 8.287572e-09
Epoch 184800 (3.7%): Train pred MSE = 4.133562e-10, Test pred MSE = 5.350616e-06, Param MSE = 5.372405e-05, Grad norm = 1.877306e-07, Beta update rate = 8.250874e-09
Epoch 185000 (3.7%): Train pred MSE = 4.098473e-10, Test pred MSE = 5.350589e-06, Param MSE = 5.372377e-05, Grad norm = 1.869193e-07, Beta update rate = 8.214347e-09
Epoch 185200 (3.7%): Train pred MSE = 4.063686e-10, Test pred MSE = 5.350561e-06, Param MSE = 5.372349e-05, Grad norm = 1.861117e-07, Beta update rate = 8.177988e-09
Epoch 185400 (3.7%): Train pred MSE = 4.029199e-10, Test pred MSE = 5.350533e-06, Param MSE = 5.372322e-05, Grad norm = 1.853077e-07, Beta update rate = 8.141798e-09
Epoch 185600 (3.7%): Train pred MSE = 3.995009e-10, Test pred MSE = 5.350506e-06, Param MSE = 5.372294e-05, Grad norm = 1.845073e-07, Beta update rate = 8.105775e-09
Epoch 185800 (3.7%): Train pred MSE = 3.961114e-10, Test pred MSE = 5.350479e-06, Param MSE = 5.372267e-05, Grad norm = 1.837105e-07, Beta update rate = 8.069919e-09
Epoch 186000 (3.7%): Train pred MSE = 3.927511e-10, Test pred MSE = 5.350452e-06, Param MSE = 5.372240e-05, Grad norm = 1.829173e-07, Beta update rate = 8.034229e-09
Epoch 186200 (3.7%): Train pred MSE = 3.894198e-10, Test pred MSE = 5.350425e-06, Param MSE = 5.372213e-05, Grad norm = 1.821276e-07, Beta update rate = 7.998704e-09
Epoch 186400 (3.7%): Train pred MSE = 3.861172e-10, Test pred MSE = 5.350398e-06, Param MSE = 5.372186e-05, Grad norm = 1.813414e-07, Beta update rate = 7.963343e-09
Epoch 186600 (3.7%): Train pred MSE = 3.828430e-10, Test pred MSE = 5.350371e-06, Param MSE = 5.372159e-05, Grad norm = 1.805588e-07, Beta update rate = 7.928145e-09
Epoch 186800 (3.7%): Train pred MSE = 3.795970e-10, Test pred MSE = 5.350344e-06, Param MSE = 5.372132e-05, Grad norm = 1.797796e-07, Beta update rate = 7.893110e-09
Epoch 187000 (3.7%): Train pred MSE = 3.763790e-10, Test pred MSE = 5.350318e-06, Param MSE = 5.372105e-05, Grad norm = 1.790040e-07, Beta update rate = 7.858237e-09
Epoch 187200 (3.7%): Train pred MSE = 3.731887e-10, Test pred MSE = 5.350292e-06, Param MSE = 5.372079e-05, Grad norm = 1.782318e-07, Beta update rate = 7.823524e-09
Epoch 187400 (3.7%): Train pred MSE = 3.700258e-10, Test pred MSE = 5.350265e-06, Param MSE = 5.372053e-05, Grad norm = 1.774631e-07, Beta update rate = 7.788972e-09
Epoch 187600 (3.8%): Train pred MSE = 3.668902e-10, Test pred MSE = 5.350239e-06, Param MSE = 5.372026e-05, Grad norm = 1.766977e-07, Beta update rate = 7.754580e-09
Epoch 187800 (3.8%): Train pred MSE = 3.637815e-10, Test pred MSE = 5.350213e-06, Param MSE = 5.372000e-05, Grad norm = 1.759359e-07, Beta update rate = 7.720345e-09
Epoch 188000 (3.8%): Train pred MSE = 3.606996e-10, Test pred MSE = 5.350188e-06, Param MSE = 5.371974e-05, Grad norm = 1.751774e-07, Beta update rate = 7.686269e-09
Epoch 188200 (3.8%): Train pred MSE = 3.576442e-10, Test pred MSE = 5.350162e-06, Param MSE = 5.371948e-05, Grad norm = 1.744223e-07, Beta update rate = 7.652350e-09
Epoch 188400 (3.8%): Train pred MSE = 3.546151e-10, Test pred MSE = 5.350136e-06, Param MSE = 5.371923e-05, Grad norm = 1.736706e-07, Beta update rate = 7.618587e-09
Epoch 188600 (3.8%): Train pred MSE = 3.516120e-10, Test pred MSE = 5.350111e-06, Param MSE = 5.371897e-05, Grad norm = 1.729222e-07, Beta update rate = 7.584980e-09
Epoch 188800 (3.8%): Train pred MSE = 3.486348e-10, Test pred MSE = 5.350086e-06, Param MSE = 5.371872e-05, Grad norm = 1.721772e-07, Beta update rate = 7.551528e-09
Epoch 189000 (3.8%): Train pred MSE = 3.456831e-10, Test pred MSE = 5.350060e-06, Param MSE = 5.371846e-05, Grad norm = 1.714355e-07, Beta update rate = 7.518229e-09
Epoch 189200 (3.8%): Train pred MSE = 3.427569e-10, Test pred MSE = 5.350035e-06, Param MSE = 5.371821e-05, Grad norm = 1.706971e-07, Beta update rate = 7.485084e-09
Epoch 189400 (3.8%): Train pred MSE = 3.398558e-10, Test pred MSE = 5.350010e-06, Param MSE = 5.371796e-05, Grad norm = 1.699620e-07, Beta update rate = 7.452092e-09
Epoch 189600 (3.8%): Train pred MSE = 3.369796e-10, Test pred MSE = 5.349986e-06, Param MSE = 5.371771e-05, Grad norm = 1.692301e-07, Beta update rate = 7.419251e-09
Epoch 189800 (3.8%): Train pred MSE = 3.341281e-10, Test pred MSE = 5.349961e-06, Param MSE = 5.371746e-05, Grad norm = 1.685016e-07, Beta update rate = 7.386561e-09
Epoch 190000 (3.8%): Train pred MSE = 3.313011e-10, Test pred MSE = 5.349936e-06, Param MSE = 5.371722e-05, Grad norm = 1.677763e-07, Beta update rate = 7.354022e-09
Epoch 190200 (3.8%): Train pred MSE = 3.284984e-10, Test pred MSE = 5.349912e-06, Param MSE = 5.371697e-05, Grad norm = 1.670542e-07, Beta update rate = 7.321632e-09
Epoch 190400 (3.8%): Train pred MSE = 3.257198e-10, Test pred MSE = 5.349887e-06, Param MSE = 5.371672e-05, Grad norm = 1.663353e-07, Beta update rate = 7.289391e-09
Epoch 190600 (3.8%): Train pred MSE = 3.229651e-10, Test pred MSE = 5.349863e-06, Param MSE = 5.371648e-05, Grad norm = 1.656197e-07, Beta update rate = 7.257298e-09
Epoch 190800 (3.8%): Train pred MSE = 3.202340e-10, Test pred MSE = 5.349839e-06, Param MSE = 5.371624e-05, Grad norm = 1.649072e-07, Beta update rate = 7.225352e-09
Epoch 191000 (3.8%): Train pred MSE = 3.175263e-10, Test pred MSE = 5.349815e-06, Param MSE = 5.371600e-05, Grad norm = 1.641979e-07, Beta update rate = 7.193554e-09
Epoch 191200 (3.8%): Train pred MSE = 3.148419e-10, Test pred MSE = 5.349791e-06, Param MSE = 5.371576e-05, Grad norm = 1.634917e-07, Beta update rate = 7.161901e-09
Epoch 191400 (3.8%): Train pred MSE = 3.121805e-10, Test pred MSE = 5.349767e-06, Param MSE = 5.371552e-05, Grad norm = 1.627887e-07, Beta update rate = 7.130393e-09
Epoch 191600 (3.8%): Train pred MSE = 3.095419e-10, Test pred MSE = 5.349744e-06, Param MSE = 5.371528e-05, Grad norm = 1.620889e-07, Beta update rate = 7.099030e-09
Epoch 191800 (3.8%): Train pred MSE = 3.069260e-10, Test pred MSE = 5.349720e-06, Param MSE = 5.371504e-05, Grad norm = 1.613921e-07, Beta update rate = 7.067811e-09
Epoch 192000 (3.8%): Train pred MSE = 3.043326e-10, Test pred MSE = 5.349697e-06, Param MSE = 5.371481e-05, Grad norm = 1.606984e-07, Beta update rate = 7.036735e-09
Epoch 192200 (3.8%): Train pred MSE = 3.017613e-10, Test pred MSE = 5.349673e-06, Param MSE = 5.371457e-05, Grad norm = 1.600079e-07, Beta update rate = 7.005802e-09
Epoch 192400 (3.8%): Train pred MSE = 2.992122e-10, Test pred MSE = 5.349650e-06, Param MSE = 5.371434e-05, Grad norm = 1.593204e-07, Beta update rate = 6.975010e-09
Epoch 192600 (3.9%): Train pred MSE = 2.966848e-10, Test pred MSE = 5.349627e-06, Param MSE = 5.371411e-05, Grad norm = 1.586359e-07, Beta update rate = 6.944359e-09
Epoch 192800 (3.9%): Train pred MSE = 2.941792e-10, Test pred MSE = 5.349604e-06, Param MSE = 5.371388e-05, Grad norm = 1.579545e-07, Beta update rate = 6.913849e-09
Epoch 193000 (3.9%): Train pred MSE = 2.916950e-10, Test pred MSE = 5.349581e-06, Param MSE = 5.371365e-05, Grad norm = 1.572761e-07, Beta update rate = 6.883478e-09
Epoch 193200 (3.9%): Train pred MSE = 2.892321e-10, Test pred MSE = 5.349559e-06, Param MSE = 5.371342e-05, Grad norm = 1.566008e-07, Beta update rate = 6.853247e-09
Epoch 193400 (3.9%): Train pred MSE = 2.867904e-10, Test pred MSE = 5.349536e-06, Param MSE = 5.371319e-05, Grad norm = 1.559284e-07, Beta update rate = 6.823154e-09
Epoch 193600 (3.9%): Train pred MSE = 2.843695e-10, Test pred MSE = 5.349513e-06, Param MSE = 5.371296e-05, Grad norm = 1.552590e-07, Beta update rate = 6.793198e-09
Epoch 193800 (3.9%): Train pred MSE = 2.819694e-10, Test pred MSE = 5.349491e-06, Param MSE = 5.371274e-05, Grad norm = 1.545926e-07, Beta update rate = 6.763380e-09
Epoch 194000 (3.9%): Train pred MSE = 2.795898e-10, Test pred MSE = 5.349469e-06, Param MSE = 5.371251e-05, Grad norm = 1.539292e-07, Beta update rate = 6.733698e-09
Epoch 194200 (3.9%): Train pred MSE = 2.772306e-10, Test pred MSE = 5.349446e-06, Param MSE = 5.371229e-05, Grad norm = 1.532686e-07, Beta update rate = 6.704151e-09
Epoch 194400 (3.9%): Train pred MSE = 2.748917e-10, Test pred MSE = 5.349424e-06, Param MSE = 5.371207e-05, Grad norm = 1.526111e-07, Beta update rate = 6.674740e-09
Epoch 194600 (3.9%): Train pred MSE = 2.725727e-10, Test pred MSE = 5.349402e-06, Param MSE = 5.371185e-05, Grad norm = 1.519564e-07, Beta update rate = 6.645463e-09
Epoch 194800 (3.9%): Train pred MSE = 2.702736e-10, Test pred MSE = 5.349380e-06, Param MSE = 5.371163e-05, Grad norm = 1.513047e-07, Beta update rate = 6.616320e-09
Epoch 195000 (3.9%): Train pred MSE = 2.679942e-10, Test pred MSE = 5.349359e-06, Param MSE = 5.371141e-05, Grad norm = 1.506558e-07, Beta update rate = 6.587310e-09
Epoch 195200 (3.9%): Train pred MSE = 2.657343e-10, Test pred MSE = 5.349337e-06, Param MSE = 5.371119e-05, Grad norm = 1.500098e-07, Beta update rate = 6.558433e-09
Epoch 195400 (3.9%): Train pred MSE = 2.634937e-10, Test pred MSE = 5.349315e-06, Param MSE = 5.371097e-05, Grad norm = 1.493667e-07, Beta update rate = 6.529687e-09
Epoch 195600 (3.9%): Train pred MSE = 2.612723e-10, Test pred MSE = 5.349294e-06, Param MSE = 5.371076e-05, Grad norm = 1.487264e-07, Beta update rate = 6.501072e-09
Epoch 195800 (3.9%): Train pred MSE = 2.590699e-10, Test pred MSE = 5.349273e-06, Param MSE = 5.371054e-05, Grad norm = 1.480890e-07, Beta update rate = 6.472588e-09
Epoch 196000 (3.9%): Train pred MSE = 2.568863e-10, Test pred MSE = 5.349251e-06, Param MSE = 5.371033e-05, Grad norm = 1.474544e-07, Beta update rate = 6.444234e-09
Epoch 196200 (3.9%): Train pred MSE = 2.547214e-10, Test pred MSE = 5.349230e-06, Param MSE = 5.371012e-05, Grad norm = 1.468226e-07, Beta update rate = 6.416009e-09
Epoch 196400 (3.9%): Train pred MSE = 2.525750e-10, Test pred MSE = 5.349209e-06, Param MSE = 5.370991e-05, Grad norm = 1.461936e-07, Beta update rate = 6.387913e-09
Epoch 196600 (3.9%): Train pred MSE = 2.504470e-10, Test pred MSE = 5.349188e-06, Param MSE = 5.370969e-05, Grad norm = 1.455673e-07, Beta update rate = 6.359945e-09
Epoch 196800 (3.9%): Train pred MSE = 2.483371e-10, Test pred MSE = 5.349167e-06, Param MSE = 5.370948e-05, Grad norm = 1.449439e-07, Beta update rate = 6.332105e-09
Epoch 197000 (3.9%): Train pred MSE = 2.462453e-10, Test pred MSE = 5.349147e-06, Param MSE = 5.370928e-05, Grad norm = 1.443232e-07, Beta update rate = 6.304391e-09
Epoch 197200 (3.9%): Train pred MSE = 2.441713e-10, Test pred MSE = 5.349126e-06, Param MSE = 5.370907e-05, Grad norm = 1.437053e-07, Beta update rate = 6.276803e-09
Epoch 197400 (3.9%): Train pred MSE = 2.421151e-10, Test pred MSE = 5.349105e-06, Param MSE = 5.370886e-05, Grad norm = 1.430901e-07, Beta update rate = 6.249341e-09
Epoch 197600 (4.0%): Train pred MSE = 2.400765e-10, Test pred MSE = 5.349085e-06, Param MSE = 5.370866e-05, Grad norm = 1.424776e-07, Beta update rate = 6.222004e-09
Epoch 197800 (4.0%): Train pred MSE = 2.380552e-10, Test pred MSE = 5.349065e-06, Param MSE = 5.370845e-05, Grad norm = 1.418678e-07, Beta update rate = 6.194792e-09
Epoch 198000 (4.0%): Train pred MSE = 2.360513e-10, Test pred MSE = 5.349044e-06, Param MSE = 5.370825e-05, Grad norm = 1.412607e-07, Beta update rate = 6.167703e-09
Epoch 198200 (4.0%): Train pred MSE = 2.340644e-10, Test pred MSE = 5.349024e-06, Param MSE = 5.370804e-05, Grad norm = 1.406563e-07, Beta update rate = 6.140738e-09
Epoch 198400 (4.0%): Train pred MSE = 2.320945e-10, Test pred MSE = 5.349004e-06, Param MSE = 5.370784e-05, Grad norm = 1.400546e-07, Beta update rate = 6.113895e-09
Epoch 198600 (4.0%): Train pred MSE = 2.301414e-10, Test pred MSE = 5.348984e-06, Param MSE = 5.370764e-05, Grad norm = 1.394555e-07, Beta update rate = 6.087174e-09
Epoch 198800 (4.0%): Train pred MSE = 2.282050e-10, Test pred MSE = 5.348964e-06, Param MSE = 5.370744e-05, Grad norm = 1.388591e-07, Beta update rate = 6.060575e-09
Epoch 199000 (4.0%): Train pred MSE = 2.262851e-10, Test pred MSE = 5.348944e-06, Param MSE = 5.370724e-05, Grad norm = 1.382653e-07, Beta update rate = 6.034096e-09
Epoch 199200 (4.0%): Train pred MSE = 2.243816e-10, Test pred MSE = 5.348925e-06, Param MSE = 5.370705e-05, Grad norm = 1.376742e-07, Beta update rate = 6.007738e-09
Epoch 199400 (4.0%): Train pred MSE = 2.224944e-10, Test pred MSE = 5.348905e-06, Param MSE = 5.370685e-05, Grad norm = 1.370856e-07, Beta update rate = 5.981499e-09
Epoch 199600 (4.0%): Train pred MSE = 2.206232e-10, Test pred MSE = 5.348886e-06, Param MSE = 5.370665e-05, Grad norm = 1.364996e-07, Beta update rate = 5.955380e-09
Epoch 199800 (4.0%): Train pred MSE = 2.187680e-10, Test pred MSE = 5.348866e-06, Param MSE = 5.370646e-05, Grad norm = 1.359163e-07, Beta update rate = 5.929379e-09
Epoch 200000 (4.0%): Train pred MSE = 2.169286e-10, Test pred MSE = 5.348847e-06, Param MSE = 5.370626e-05, Grad norm = 1.353355e-07, Beta update rate = 5.903496e-09
Epoch 200200 (4.0%): Train pred MSE = 2.151049e-10, Test pred MSE = 5.348828e-06, Param MSE = 5.370607e-05, Grad norm = 1.347572e-07, Beta update rate = 5.877731e-09
Epoch 200400 (4.0%): Train pred MSE = 2.132968e-10, Test pred MSE = 5.348808e-06, Param MSE = 5.370588e-05, Grad norm = 1.341816e-07, Beta update rate = 5.852083e-09
Epoch 200600 (4.0%): Train pred MSE = 2.115041e-10, Test pred MSE = 5.348789e-06, Param MSE = 5.370569e-05, Grad norm = 1.336084e-07, Beta update rate = 5.826551e-09
Epoch 200800 (4.0%): Train pred MSE = 2.097266e-10, Test pred MSE = 5.348771e-06, Param MSE = 5.370550e-05, Grad norm = 1.330378e-07, Beta update rate = 5.801134e-09
Epoch 201000 (4.0%): Train pred MSE = 2.079643e-10, Test pred MSE = 5.348752e-06, Param MSE = 5.370531e-05, Grad norm = 1.324697e-07, Beta update rate = 5.775833e-09
Epoch 201200 (4.0%): Train pred MSE = 2.062171e-10, Test pred MSE = 5.348733e-06, Param MSE = 5.370512e-05, Grad norm = 1.319041e-07, Beta update rate = 5.750646e-09
Epoch 201400 (4.0%): Train pred MSE = 2.044847e-10, Test pred MSE = 5.348714e-06, Param MSE = 5.370493e-05, Grad norm = 1.313410e-07, Beta update rate = 5.725574e-09
Epoch 201600 (4.0%): Train pred MSE = 2.027670e-10, Test pred MSE = 5.348696e-06, Param MSE = 5.370474e-05, Grad norm = 1.307804e-07, Beta update rate = 5.700615e-09
Epoch 201800 (4.0%): Train pred MSE = 2.010640e-10, Test pred MSE = 5.348677e-06, Param MSE = 5.370456e-05, Grad norm = 1.302222e-07, Beta update rate = 5.675770e-09
Epoch 202000 (4.0%): Train pred MSE = 1.993755e-10, Test pred MSE = 5.348659e-06, Param MSE = 5.370437e-05, Grad norm = 1.296666e-07, Beta update rate = 5.651036e-09
Epoch 202200 (4.0%): Train pred MSE = 1.977014e-10, Test pred MSE = 5.348640e-06, Param MSE = 5.370419e-05, Grad norm = 1.291133e-07, Beta update rate = 5.626415e-09
Epoch 202400 (4.0%): Train pred MSE = 1.960415e-10, Test pred MSE = 5.348622e-06, Param MSE = 5.370400e-05, Grad norm = 1.285625e-07, Beta update rate = 5.601905e-09
Epoch 202600 (4.1%): Train pred MSE = 1.943958e-10, Test pred MSE = 5.348604e-06, Param MSE = 5.370382e-05, Grad norm = 1.280141e-07, Beta update rate = 5.577506e-09
Epoch 202800 (4.1%): Train pred MSE = 1.927641e-10, Test pred MSE = 5.348586e-06, Param MSE = 5.370364e-05, Grad norm = 1.274681e-07, Beta update rate = 5.553217e-09
Epoch 203000 (4.1%): Train pred MSE = 1.911462e-10, Test pred MSE = 5.348568e-06, Param MSE = 5.370346e-05, Grad norm = 1.269246e-07, Beta update rate = 5.529038e-09
Epoch 203200 (4.1%): Train pred MSE = 1.895422e-10, Test pred MSE = 5.348550e-06, Param MSE = 5.370328e-05, Grad norm = 1.263834e-07, Beta update rate = 5.504969e-09
Epoch 203400 (4.1%): Train pred MSE = 1.879518e-10, Test pred MSE = 5.348532e-06, Param MSE = 5.370310e-05, Grad norm = 1.258446e-07, Beta update rate = 5.481008e-09
Epoch 203600 (4.1%): Train pred MSE = 1.863749e-10, Test pred MSE = 5.348515e-06, Param MSE = 5.370292e-05, Grad norm = 1.253082e-07, Beta update rate = 5.457156e-09
Epoch 203800 (4.1%): Train pred MSE = 1.848114e-10, Test pred MSE = 5.348497e-06, Param MSE = 5.370274e-05, Grad norm = 1.247741e-07, Beta update rate = 5.433411e-09
Epoch 204000 (4.1%): Train pred MSE = 1.832612e-10, Test pred MSE = 5.348479e-06, Param MSE = 5.370257e-05, Grad norm = 1.242424e-07, Beta update rate = 5.409774e-09
Epoch 204200 (4.1%): Train pred MSE = 1.817242e-10, Test pred MSE = 5.348462e-06, Param MSE = 5.370239e-05, Grad norm = 1.237130e-07, Beta update rate = 5.386243e-09
Epoch 204400 (4.1%): Train pred MSE = 1.802003e-10, Test pred MSE = 5.348444e-06, Param MSE = 5.370222e-05, Grad norm = 1.231860e-07, Beta update rate = 5.362819e-09
Epoch 204600 (4.1%): Train pred MSE = 1.786893e-10, Test pred MSE = 5.348427e-06, Param MSE = 5.370204e-05, Grad norm = 1.226612e-07, Beta update rate = 5.339500e-09
Epoch 204800 (4.1%): Train pred MSE = 1.771912e-10, Test pred MSE = 5.348410e-06, Param MSE = 5.370187e-05, Grad norm = 1.221388e-07, Beta update rate = 5.316286e-09
Epoch 205000 (4.1%): Train pred MSE = 1.757058e-10, Test pred MSE = 5.348393e-06, Param MSE = 5.370170e-05, Grad norm = 1.216187e-07, Beta update rate = 5.293178e-09
Epoch 205200 (4.1%): Train pred MSE = 1.742330e-10, Test pred MSE = 5.348376e-06, Param MSE = 5.370153e-05, Grad norm = 1.211008e-07, Beta update rate = 5.270173e-09
Epoch 205400 (4.1%): Train pred MSE = 1.727728e-10, Test pred MSE = 5.348359e-06, Param MSE = 5.370136e-05, Grad norm = 1.205852e-07, Beta update rate = 5.247272e-09
Epoch 205600 (4.1%): Train pred MSE = 1.713249e-10, Test pred MSE = 5.348342e-06, Param MSE = 5.370119e-05, Grad norm = 1.200719e-07, Beta update rate = 5.224475e-09
Epoch 205800 (4.1%): Train pred MSE = 1.698894e-10, Test pred MSE = 5.348325e-06, Param MSE = 5.370102e-05, Grad norm = 1.195609e-07, Beta update rate = 5.201780e-09
Epoch 206000 (4.1%): Train pred MSE = 1.684660e-10, Test pred MSE = 5.348308e-06, Param MSE = 5.370085e-05, Grad norm = 1.190520e-07, Beta update rate = 5.179188e-09
Epoch 206200 (4.1%): Train pred MSE = 1.670548e-10, Test pred MSE = 5.348292e-06, Param MSE = 5.370068e-05, Grad norm = 1.185455e-07, Beta update rate = 5.156697e-09
Epoch 206400 (4.1%): Train pred MSE = 1.656555e-10, Test pred MSE = 5.348275e-06, Param MSE = 5.370051e-05, Grad norm = 1.180411e-07, Beta update rate = 5.134307e-09
Epoch 206600 (4.1%): Train pred MSE = 1.642681e-10, Test pred MSE = 5.348259e-06, Param MSE = 5.370035e-05, Grad norm = 1.175389e-07, Beta update rate = 5.112019e-09
Epoch 206800 (4.1%): Train pred MSE = 1.628925e-10, Test pred MSE = 5.348242e-06, Param MSE = 5.370018e-05, Grad norm = 1.170390e-07, Beta update rate = 5.089831e-09
Epoch 207000 (4.1%): Train pred MSE = 1.615285e-10, Test pred MSE = 5.348226e-06, Param MSE = 5.370002e-05, Grad norm = 1.165412e-07, Beta update rate = 5.067742e-09
Epoch 207200 (4.1%): Train pred MSE = 1.601761e-10, Test pred MSE = 5.348210e-06, Param MSE = 5.369986e-05, Grad norm = 1.160457e-07, Beta update rate = 5.045753e-09
Epoch 207400 (4.1%): Train pred MSE = 1.588352e-10, Test pred MSE = 5.348193e-06, Param MSE = 5.369969e-05, Grad norm = 1.155523e-07, Beta update rate = 5.023863e-09
Epoch 207600 (4.2%): Train pred MSE = 1.575057e-10, Test pred MSE = 5.348177e-06, Param MSE = 5.369953e-05, Grad norm = 1.150610e-07, Beta update rate = 5.002072e-09
Epoch 207800 (4.2%): Train pred MSE = 1.561875e-10, Test pred MSE = 5.348161e-06, Param MSE = 5.369937e-05, Grad norm = 1.145719e-07, Beta update rate = 4.980378e-09
Epoch 208000 (4.2%): Train pred MSE = 1.548804e-10, Test pred MSE = 5.348145e-06, Param MSE = 5.369921e-05, Grad norm = 1.140850e-07, Beta update rate = 4.958782e-09
Epoch 208200 (4.2%): Train pred MSE = 1.535845e-10, Test pred MSE = 5.348129e-06, Param MSE = 5.369905e-05, Grad norm = 1.136002e-07, Beta update rate = 4.937284e-09
Epoch 208400 (4.2%): Train pred MSE = 1.522995e-10, Test pred MSE = 5.348114e-06, Param MSE = 5.369889e-05, Grad norm = 1.131175e-07, Beta update rate = 4.915881e-09
Epoch 208600 (4.2%): Train pred MSE = 1.510254e-10, Test pred MSE = 5.348098e-06, Param MSE = 5.369873e-05, Grad norm = 1.126369e-07, Beta update rate = 4.894575e-09
Epoch 208800 (4.2%): Train pred MSE = 1.497621e-10, Test pred MSE = 5.348082e-06, Param MSE = 5.369857e-05, Grad norm = 1.121584e-07, Beta update rate = 4.873365e-09
Epoch 209000 (4.2%): Train pred MSE = 1.485095e-10, Test pred MSE = 5.348067e-06, Param MSE = 5.369842e-05, Grad norm = 1.116821e-07, Beta update rate = 4.852250e-09
Epoch 209200 (4.2%): Train pred MSE = 1.472676e-10, Test pred MSE = 5.348051e-06, Param MSE = 5.369826e-05, Grad norm = 1.112078e-07, Beta update rate = 4.831229e-09
Epoch 209400 (4.2%): Train pred MSE = 1.460362e-10, Test pred MSE = 5.348036e-06, Param MSE = 5.369811e-05, Grad norm = 1.107356e-07, Beta update rate = 4.810303e-09
Epoch 209600 (4.2%): Train pred MSE = 1.448152e-10, Test pred MSE = 5.348020e-06, Param MSE = 5.369795e-05, Grad norm = 1.102654e-07, Beta update rate = 4.789471e-09
Epoch 209800 (4.2%): Train pred MSE = 1.436045e-10, Test pred MSE = 5.348005e-06, Param MSE = 5.369780e-05, Grad norm = 1.097973e-07, Beta update rate = 4.768733e-09
Epoch 210000 (4.2%): Train pred MSE = 1.424041e-10, Test pred MSE = 5.347990e-06, Param MSE = 5.369765e-05, Grad norm = 1.093313e-07, Beta update rate = 4.748087e-09
Epoch 210200 (4.2%): Train pred MSE = 1.412139e-10, Test pred MSE = 5.347975e-06, Param MSE = 5.369749e-05, Grad norm = 1.088673e-07, Beta update rate = 4.727535e-09
Epoch 210400 (4.2%): Train pred MSE = 1.400337e-10, Test pred MSE = 5.347960e-06, Param MSE = 5.369734e-05, Grad norm = 1.084053e-07, Beta update rate = 4.707074e-09
Epoch 210600 (4.2%): Train pred MSE = 1.388636e-10, Test pred MSE = 5.347945e-06, Param MSE = 5.369719e-05, Grad norm = 1.079453e-07, Beta update rate = 4.686705e-09
Epoch 210800 (4.2%): Train pred MSE = 1.377034e-10, Test pred MSE = 5.347930e-06, Param MSE = 5.369704e-05, Grad norm = 1.074874e-07, Beta update rate = 4.666427e-09
Epoch 211000 (4.2%): Train pred MSE = 1.365529e-10, Test pred MSE = 5.347915e-06, Param MSE = 5.369689e-05, Grad norm = 1.070314e-07, Beta update rate = 4.646240e-09
Epoch 211200 (4.2%): Train pred MSE = 1.354123e-10, Test pred MSE = 5.347900e-06, Param MSE = 5.369674e-05, Grad norm = 1.065775e-07, Beta update rate = 4.626144e-09
Epoch 211400 (4.2%): Train pred MSE = 1.342812e-10, Test pred MSE = 5.347885e-06, Param MSE = 5.369659e-05, Grad norm = 1.061255e-07, Beta update rate = 4.606138e-09
Epoch 211600 (4.2%): Train pred MSE = 1.331598e-10, Test pred MSE = 5.347871e-06, Param MSE = 5.369645e-05, Grad norm = 1.056755e-07, Beta update rate = 4.586221e-09
Epoch 211800 (4.2%): Train pred MSE = 1.320478e-10, Test pred MSE = 5.347856e-06, Param MSE = 5.369630e-05, Grad norm = 1.052275e-07, Beta update rate = 4.566394e-09
Epoch 212000 (4.2%): Train pred MSE = 1.309452e-10, Test pred MSE = 5.347841e-06, Param MSE = 5.369615e-05, Grad norm = 1.047814e-07, Beta update rate = 4.546655e-09
Epoch 212200 (4.2%): Train pred MSE = 1.298520e-10, Test pred MSE = 5.347827e-06, Param MSE = 5.369601e-05, Grad norm = 1.043373e-07, Beta update rate = 4.527004e-09
Epoch 212400 (4.2%): Train pred MSE = 1.287680e-10, Test pred MSE = 5.347813e-06, Param MSE = 5.369586e-05, Grad norm = 1.038951e-07, Beta update rate = 4.507442e-09
Epoch 212600 (4.3%): Train pred MSE = 1.276932e-10, Test pred MSE = 5.347798e-06, Param MSE = 5.369572e-05, Grad norm = 1.034548e-07, Beta update rate = 4.487967e-09
Epoch 212800 (4.3%): Train pred MSE = 1.266275e-10, Test pred MSE = 5.347784e-06, Param MSE = 5.369558e-05, Grad norm = 1.030165e-07, Beta update rate = 4.468579e-09
Epoch 213000 (4.3%): Train pred MSE = 1.255708e-10, Test pred MSE = 5.347770e-06, Param MSE = 5.369543e-05, Grad norm = 1.025801e-07, Beta update rate = 4.449278e-09
Epoch 213200 (4.3%): Train pred MSE = 1.245230e-10, Test pred MSE = 5.347756e-06, Param MSE = 5.369529e-05, Grad norm = 1.021455e-07, Beta update rate = 4.430063e-09
Epoch 213400 (4.3%): Train pred MSE = 1.234841e-10, Test pred MSE = 5.347742e-06, Param MSE = 5.369515e-05, Grad norm = 1.017129e-07, Beta update rate = 4.410934e-09
Epoch 213600 (4.3%): Train pred MSE = 1.224539e-10, Test pred MSE = 5.347728e-06, Param MSE = 5.369501e-05, Grad norm = 1.012822e-07, Beta update rate = 4.391891e-09
Epoch 213800 (4.3%): Train pred MSE = 1.214325e-10, Test pred MSE = 5.347714e-06, Param MSE = 5.369487e-05, Grad norm = 1.008533e-07, Beta update rate = 4.372933e-09
Epoch 214000 (4.3%): Train pred MSE = 1.204197e-10, Test pred MSE = 5.347700e-06, Param MSE = 5.369473e-05, Grad norm = 1.004263e-07, Beta update rate = 4.354059e-09
Epoch 214200 (4.3%): Train pred MSE = 1.194155e-10, Test pred MSE = 5.347686e-06, Param MSE = 5.369459e-05, Grad norm = 1.000012e-07, Beta update rate = 4.335270e-09
Epoch 214400 (4.3%): Train pred MSE = 1.184197e-10, Test pred MSE = 5.347672e-06, Param MSE = 5.369446e-05, Grad norm = 9.957790e-08, Beta update rate = 4.316564e-09
Epoch 214600 (4.3%): Train pred MSE = 1.174323e-10, Test pred MSE = 5.347659e-06, Param MSE = 5.369432e-05, Grad norm = 9.915646e-08, Beta update rate = 4.297942e-09
Epoch 214800 (4.3%): Train pred MSE = 1.164533e-10, Test pred MSE = 5.347645e-06, Param MSE = 5.369418e-05, Grad norm = 9.873686e-08, Beta update rate = 4.279403e-09
Epoch 215000 (4.3%): Train pred MSE = 1.154826e-10, Test pred MSE = 5.347632e-06, Param MSE = 5.369405e-05, Grad norm = 9.831908e-08, Beta update rate = 4.260947e-09
Epoch 215200 (4.3%): Train pred MSE = 1.145200e-10, Test pred MSE = 5.347618e-06, Param MSE = 5.369391e-05, Grad norm = 9.790313e-08, Beta update rate = 4.242574e-09
Epoch 215400 (4.3%): Train pred MSE = 1.135656e-10, Test pred MSE = 5.347605e-06, Param MSE = 5.369378e-05, Grad norm = 9.748899e-08, Beta update rate = 4.224282e-09
Epoch 215600 (4.3%): Train pred MSE = 1.126193e-10, Test pred MSE = 5.347591e-06, Param MSE = 5.369364e-05, Grad norm = 9.707665e-08, Beta update rate = 4.206072e-09
Epoch 215800 (4.3%): Train pred MSE = 1.116809e-10, Test pred MSE = 5.347578e-06, Param MSE = 5.369351e-05, Grad norm = 9.666610e-08, Beta update rate = 4.187943e-09
Epoch 216000 (4.3%): Train pred MSE = 1.107504e-10, Test pred MSE = 5.347565e-06, Param MSE = 5.369337e-05, Grad norm = 9.625734e-08, Beta update rate = 4.169895e-09
Epoch 216200 (4.3%): Train pred MSE = 1.098278e-10, Test pred MSE = 5.347552e-06, Param MSE = 5.369324e-05, Grad norm = 9.585036e-08, Beta update rate = 4.151927e-09
Epoch 216400 (4.3%): Train pred MSE = 1.089130e-10, Test pred MSE = 5.347539e-06, Param MSE = 5.369311e-05, Grad norm = 9.544515e-08, Beta update rate = 4.134039e-09
Epoch 216600 (4.3%): Train pred MSE = 1.080059e-10, Test pred MSE = 5.347526e-06, Param MSE = 5.369298e-05, Grad norm = 9.504171e-08, Beta update rate = 4.116232e-09
Epoch 216800 (4.3%): Train pred MSE = 1.071065e-10, Test pred MSE = 5.347513e-06, Param MSE = 5.369285e-05, Grad norm = 9.464001e-08, Beta update rate = 4.098503e-09
Epoch 217000 (4.3%): Train pred MSE = 1.062146e-10, Test pred MSE = 5.347500e-06, Param MSE = 5.369272e-05, Grad norm = 9.424007e-08, Beta update rate = 4.080853e-09
Epoch 217200 (4.3%): Train pred MSE = 1.053303e-10, Test pred MSE = 5.347487e-06, Param MSE = 5.369259e-05, Grad norm = 9.384186e-08, Beta update rate = 4.063282e-09
Epoch 217400 (4.3%): Train pred MSE = 1.044534e-10, Test pred MSE = 5.347474e-06, Param MSE = 5.369246e-05, Grad norm = 9.344539e-08, Beta update rate = 4.045790e-09
Epoch 217600 (4.4%): Train pred MSE = 1.035839e-10, Test pred MSE = 5.347461e-06, Param MSE = 5.369233e-05, Grad norm = 9.305064e-08, Beta update rate = 4.028375e-09
Epoch 217800 (4.4%): Train pred MSE = 1.027217e-10, Test pred MSE = 5.347449e-06, Param MSE = 5.369221e-05, Grad norm = 9.265760e-08, Beta update rate = 4.011037e-09
Epoch 218000 (4.4%): Train pred MSE = 1.018668e-10, Test pred MSE = 5.347436e-06, Param MSE = 5.369208e-05, Grad norm = 9.226627e-08, Beta update rate = 3.993777e-09
Epoch 218200 (4.4%): Train pred MSE = 1.010191e-10, Test pred MSE = 5.347424e-06, Param MSE = 5.369195e-05, Grad norm = 9.187664e-08, Beta update rate = 3.976593e-09
Epoch 218400 (4.4%): Train pred MSE = 1.001786e-10, Test pred MSE = 5.347411e-06, Param MSE = 5.369183e-05, Grad norm = 9.148870e-08, Beta update rate = 3.959486e-09
Epoch 218600 (4.4%): Train pred MSE = 9.934514e-11, Test pred MSE = 5.347399e-06, Param MSE = 5.369170e-05, Grad norm = 9.110245e-08, Beta update rate = 3.942455e-09

Training completed at epoch 218600
Stop reason: train_pred_mse
Final Train pred MSE = 9.934514e-11
Final Test pred MSE = 5.347399e-06
Final Param MSE = 5.369170e-05
Final Grad norm = 9.110245e-08
Final Beta update rate = 3.942455e-09
Success flag: True (train_pred_mse < 1.00e-10)
Results metadata saved to results/diagonal/step2_support/c_nz=0.500000--c_z=0.001000--alpha=0.250000--seed=0/results_meta.json
Saved c_vec to results/diagonal/step2_support/c_nz=0.500000--c_z=0.001000--alpha=0.250000--seed=0/c_vec.npy

Results saved to results/diagonal/step2_support/c_nz=0.500000--c_z=0.001000--alpha=0.250000--seed=0/
Total jobs in this sweep: 72
Cases: good (c_nz=0.001, c_z=0.5), bad (c_nz=0.5, c_z=0.001)
Alpha values: [0.05, 0.1, 0.2, 0.25, 0.3, 0.4, 0.5, 0.6, 0.7, 0.8, 0.9, 1.0]
Seeds: [0, 1, 2]
================================================================================
Step 2 Support Sweep - Experiment Parameters:
================================================================================
  c: 0.001
  c_mode: support
  c_nz: 0.5
  c_z: 0.001
  epochs: 5000000
  init_method: complex
  inp_dim: 1000
  lmda: 0.0
  lr: 0.5
  n_test: 10000
  n_train: 250
  no_tuning: True
  rho: 0.04
  save_folder: results/diagonal/step2_support/c_nz=0.500000--c_z=0.001000--alpha=0.250000--seed=0/
  scaling: 1.0
  seed: 0
  test_every_n_epochs: 200
  threshold: 1e-12
================================================================================

Case: bad (c_nz=0.5, c_z=0.001)

Running training script...

Extracting results and saving to CSV...
Results appended to /home/na658/multi-task2/experiment_results_step2_support.csv

✓ Experiment 45 completed successfully
[SLURM] Job 20446157 task 45 finished
