[SLURM] Job 20446655 task 86 starting on cpu-q-226
[SLURM] Step 3 Omega Sweep (PT+FT Oracle)
[SLURM] Using Python: /home/na658/.conda/envs/mtl_ft/bin/python
Starting PT+FT Oracle experiment...

================================================================================
STEP 3: PT+FT ORACLE EXPERIMENT
================================================================================

================================================================================
EXPERIMENT SETTINGS
================================================================================
Seed: 2
Input dimension: 1000
PT support fraction (rho_pt): 0.1
FT sparsity (rho_ft): 0.04
Overlap (omega): 1.0
PT amplitude (a_pt): 1.0
PT c parameter (c_pt): 0.001
PT lambda (lambda_pt): 0.0
Gamma reinit: 0.0
Training samples (FT): 300
Test samples: 10000
Learning rate: 0.5
Max epochs: 5000000
Save folder: results/diagonal/step3_omega/omega=1.00--alpha=0.300000--seed=2/
================================================================================

Sampling PT teacher (oracle)...
  PT support size: 100 / 1000 = 0.1000

Sampling FT teacher with overlap...
  FT support size: 40 / 1000 = 0.0400
  Overlap: 40 / 40 = 1.0000 (target: 1.0)

  Coordinate groups:
    OV (both):     40
    NEW (FT only): 0
    PTONLY:        60
    NONE:          900

Computing c_ft from Cosyne formula...

  c_ft statistics by group:
    OV:     mean=1.001000, range=[1.001000, 1.001000]
    NEW:    N/A
    PTONLY: mean=1.001000
    NONE:   mean=0.002000

Sampling FT data...

Initializing DiagonalNet with per-coordinate c_ft...
Per-coordinate c init: c_vec range [0.002000, 1.001000]

Training on FT data...

Starting training loop (max 5000000 epochs, threshold=1.00e-12)...
Epoch      0 (0.0%): Train pred MSE = 1.998025e+00, Test pred MSE = 5.958586e-02, Param MSE = 6.045099e-01, Grad norm = 2.736391e-01, Beta update rate = nan
Epoch    200 (0.0%): Train pred MSE = 2.617893e-02, Test pred MSE = 2.108954e-03, Param MSE = 2.133816e-02, Grad norm = 2.567075e-02, Beta update rate = 1.110779e-01
Epoch    400 (0.0%): Train pred MSE = 4.402684e-03, Test pred MSE = 4.734347e-04, Param MSE = 4.776685e-03, Grad norm = 7.818785e-03, Beta update rate = 1.333940e-02
Epoch    600 (0.0%): Train pred MSE = 1.288428e-03, Test pred MSE = 1.655289e-04, Param MSE = 1.671137e-03, Grad norm = 3.801814e-03, Beta update rate = 4.684471e-03
Epoch    800 (0.0%): Train pred MSE = 4.549534e-04, Test pred MSE = 6.976583e-05, Param MSE = 7.056644e-04, Grad norm = 2.109409e-03, Beta update rate = 2.352107e-03
Epoch   1000 (0.0%): Train pred MSE = 1.820330e-04, Test pred MSE = 3.380270e-05, Param MSE = 3.429200e-04, Grad norm = 1.253474e-03, Beta update rate = 1.321229e-03
Epoch   1200 (0.0%): Train pred MSE = 8.140586e-05, Test pred MSE = 1.854417e-05, Param MSE = 1.887461e-04, Grad norm = 7.820447e-04, Beta update rate = 7.902312e-04
Epoch   1400 (0.0%): Train pred MSE = 4.085240e-05, Test pred MSE = 1.143034e-05, Param MSE = 1.166680e-04, Grad norm = 5.072990e-04, Beta update rate = 4.948687e-04
Epoch   1600 (0.0%): Train pred MSE = 2.328462e-05, Test pred MSE = 7.850873e-06, Param MSE = 8.027839e-05, Grad norm = 3.399031e-04, Beta update rate = 3.214176e-04
Epoch   1800 (0.0%): Train pred MSE = 1.519619e-05, Test pred MSE = 5.932544e-06, Param MSE = 6.070563e-05, Grad norm = 2.342445e-04, Beta update rate = 2.149392e-04
Epoch   2000 (0.0%): Train pred MSE = 1.126220e-05, Test pred MSE = 4.847922e-06, Param MSE = 4.959851e-05, Grad norm = 1.658260e-04, Beta update rate = 1.470859e-04
Epoch   2200 (0.0%): Train pred MSE = 9.239629e-06, Test pred MSE = 4.205153e-06, Param MSE = 4.299265e-05, Grad norm = 1.208788e-04, Beta update rate = 1.024913e-04
Epoch   2400 (0.0%): Train pred MSE = 8.131166e-06, Test pred MSE = 3.807574e-06, Param MSE = 3.889306e-05, Grad norm = 9.129221e-05, Beta update rate = 7.245040e-05
Epoch   2600 (0.1%): Train pred MSE = 7.473886e-06, Test pred MSE = 3.551554e-06, Param MSE = 3.624547e-05, Grad norm = 7.201968e-05, Beta update rate = 5.182243e-05
Epoch   2800 (0.1%): Train pred MSE = 7.045589e-06, Test pred MSE = 3.380166e-06, Param MSE = 3.446899e-05, Grad norm = 5.970957e-05, Beta update rate = 3.745195e-05
Epoch   3000 (0.1%): Train pred MSE = 6.736813e-06, Test pred MSE = 3.260982e-06, Param MSE = 3.323165e-05, Grad norm = 5.200429e-05, Beta update rate = 2.733481e-05
Epoch   3200 (0.1%): Train pred MSE = 6.492518e-06, Test pred MSE = 3.174917e-06, Param MSE = 3.233743e-05, Grad norm = 4.722258e-05, Beta update rate = 2.016080e-05
Epoch   3400 (0.1%): Train pred MSE = 6.284555e-06, Test pred MSE = 3.110405e-06, Param MSE = 3.166716e-05, Grad norm = 4.421238e-05, Beta update rate = 1.505293e-05
Epoch   3600 (0.1%): Train pred MSE = 6.098310e-06, Test pred MSE = 3.060251e-06, Param MSE = 3.114644e-05, Grad norm = 4.223505e-05, Beta update rate = 1.141272e-05
Epoch   3800 (0.1%): Train pred MSE = 5.926077e-06, Test pred MSE = 3.019867e-06, Param MSE = 3.072769e-05, Grad norm = 4.084581e-05, Beta update rate = 8.824720e-06
Epoch   4000 (0.1%): Train pred MSE = 5.763716e-06, Test pred MSE = 2.986265e-06, Param MSE = 3.037985e-05, Grad norm = 3.978874e-05, Beta update rate = 6.995467e-06
Epoch   4200 (0.1%): Train pred MSE = 5.608948e-06, Test pred MSE = 2.957462e-06, Param MSE = 3.008223e-05, Grad norm = 3.892064e-05, Beta update rate = 5.713451e-06
Epoch   4400 (0.1%): Train pred MSE = 5.460474e-06, Test pred MSE = 2.932119e-06, Param MSE = 2.982084e-05, Grad norm = 3.816249e-05, Beta update rate = 4.823020e-06
Epoch   4600 (0.1%): Train pred MSE = 5.317512e-06, Test pred MSE = 2.909320e-06, Param MSE = 2.958608e-05, Grad norm = 3.747093e-05, Beta update rate = 4.208150e-06
Epoch   4800 (0.1%): Train pred MSE = 5.179562e-06, Test pred MSE = 2.888428e-06, Param MSE = 2.937129e-05, Grad norm = 3.682217e-05, Beta update rate = 3.782833e-06
Epoch   5000 (0.1%): Train pred MSE = 5.046274e-06, Test pred MSE = 2.868996e-06, Param MSE = 2.917176e-05, Grad norm = 3.620304e-05, Beta update rate = 3.484919e-06
Epoch   5200 (0.1%): Train pred MSE = 4.917384e-06, Test pred MSE = 2.850708e-06, Param MSE = 2.898418e-05, Grad norm = 3.560620e-05, Beta update rate = 3.271126e-06
Epoch   5400 (0.1%): Train pred MSE = 4.792679e-06, Test pred MSE = 2.833336e-06, Param MSE = 2.880615e-05, Grad norm = 3.502744e-05, Beta update rate = 3.112391e-06
Epoch   5600 (0.1%): Train pred MSE = 4.671972e-06, Test pred MSE = 2.816716e-06, Param MSE = 2.863594e-05, Grad norm = 3.446428e-05, Beta update rate = 2.989727e-06
Epoch   5800 (0.1%): Train pred MSE = 4.555097e-06, Test pred MSE = 2.800728e-06, Param MSE = 2.847229e-05, Grad norm = 3.391521e-05, Beta update rate = 2.890936e-06
Epoch   6000 (0.1%): Train pred MSE = 4.441902e-06, Test pred MSE = 2.785283e-06, Param MSE = 2.831427e-05, Grad norm = 3.337921e-05, Beta update rate = 2.808220e-06
Epoch   6200 (0.1%): Train pred MSE = 4.332243e-06, Test pred MSE = 2.770314e-06, Param MSE = 2.816117e-05, Grad norm = 3.285558e-05, Beta update rate = 2.736579e-06
Epoch   6400 (0.1%): Train pred MSE = 4.225986e-06, Test pred MSE = 2.755771e-06, Param MSE = 2.801246e-05, Grad norm = 3.234378e-05, Beta update rate = 2.672774e-06
Epoch   6600 (0.1%): Train pred MSE = 4.123002e-06, Test pred MSE = 2.741615e-06, Param MSE = 2.786774e-05, Grad norm = 3.184334e-05, Beta update rate = 2.614677e-06
Epoch   6800 (0.1%): Train pred MSE = 4.023170e-06, Test pred MSE = 2.727815e-06, Param MSE = 2.772669e-05, Grad norm = 3.135390e-05, Beta update rate = 2.560868e-06
Epoch   7000 (0.1%): Train pred MSE = 3.926374e-06, Test pred MSE = 2.714348e-06, Param MSE = 2.758905e-05, Grad norm = 3.087510e-05, Beta update rate = 2.510380e-06
Epoch   7200 (0.1%): Train pred MSE = 3.832502e-06, Test pred MSE = 2.701193e-06, Param MSE = 2.745462e-05, Grad norm = 3.040661e-05, Beta update rate = 2.462542e-06
Epoch   7400 (0.1%): Train pred MSE = 3.741448e-06, Test pred MSE = 2.688334e-06, Param MSE = 2.732322e-05, Grad norm = 2.994813e-05, Beta update rate = 2.416881e-06
Epoch   7600 (0.2%): Train pred MSE = 3.653111e-06, Test pred MSE = 2.675757e-06, Param MSE = 2.719472e-05, Grad norm = 2.949938e-05, Beta update rate = 2.373056e-06
Epoch   7800 (0.2%): Train pred MSE = 3.567393e-06, Test pred MSE = 2.663450e-06, Param MSE = 2.706898e-05, Grad norm = 2.906007e-05, Beta update rate = 2.330819e-06
Epoch   8000 (0.2%): Train pred MSE = 3.484202e-06, Test pred MSE = 2.651403e-06, Param MSE = 2.694591e-05, Grad norm = 2.862995e-05, Beta update rate = 2.289983e-06
Epoch   8200 (0.2%): Train pred MSE = 3.403448e-06, Test pred MSE = 2.639606e-06, Param MSE = 2.682539e-05, Grad norm = 2.820876e-05, Beta update rate = 2.250406e-06
Epoch   8400 (0.2%): Train pred MSE = 3.325045e-06, Test pred MSE = 2.628051e-06, Param MSE = 2.670735e-05, Grad norm = 2.779625e-05, Beta update rate = 2.211978e-06
Epoch   8600 (0.2%): Train pred MSE = 3.248911e-06, Test pred MSE = 2.616729e-06, Param MSE = 2.659170e-05, Grad norm = 2.739219e-05, Beta update rate = 2.174613e-06
Epoch   8800 (0.2%): Train pred MSE = 3.174969e-06, Test pred MSE = 2.605634e-06, Param MSE = 2.647836e-05, Grad norm = 2.699636e-05, Beta update rate = 2.138240e-06
Epoch   9000 (0.2%): Train pred MSE = 3.103142e-06, Test pred MSE = 2.594759e-06, Param MSE = 2.636727e-05, Grad norm = 2.660853e-05, Beta update rate = 2.102802e-06
Epoch   9200 (0.2%): Train pred MSE = 3.033358e-06, Test pred MSE = 2.584096e-06, Param MSE = 2.625836e-05, Grad norm = 2.622849e-05, Beta update rate = 2.068249e-06
Epoch   9400 (0.2%): Train pred MSE = 2.965547e-06, Test pred MSE = 2.573641e-06, Param MSE = 2.615157e-05, Grad norm = 2.585604e-05, Beta update rate = 2.034541e-06
Epoch   9600 (0.2%): Train pred MSE = 2.899644e-06, Test pred MSE = 2.563387e-06, Param MSE = 2.604684e-05, Grad norm = 2.549099e-05, Beta update rate = 2.001639e-06
Epoch   9800 (0.2%): Train pred MSE = 2.835582e-06, Test pred MSE = 2.553328e-06, Param MSE = 2.594411e-05, Grad norm = 2.513314e-05, Beta update rate = 1.969513e-06
Epoch  10000 (0.2%): Train pred MSE = 2.773302e-06, Test pred MSE = 2.543460e-06, Param MSE = 2.584332e-05, Grad norm = 2.478230e-05, Beta update rate = 1.938133e-06
Epoch  10200 (0.2%): Train pred MSE = 2.712743e-06, Test pred MSE = 2.533777e-06, Param MSE = 2.574443e-05, Grad norm = 2.443831e-05, Beta update rate = 1.907471e-06
Epoch  10400 (0.2%): Train pred MSE = 2.653850e-06, Test pred MSE = 2.524275e-06, Param MSE = 2.564738e-05, Grad norm = 2.410099e-05, Beta update rate = 1.877504e-06
Epoch  10600 (0.2%): Train pred MSE = 2.596566e-06, Test pred MSE = 2.514949e-06, Param MSE = 2.555213e-05, Grad norm = 2.377017e-05, Beta update rate = 1.848209e-06
Epoch  10800 (0.2%): Train pred MSE = 2.540840e-06, Test pred MSE = 2.505793e-06, Param MSE = 2.545862e-05, Grad norm = 2.344569e-05, Beta update rate = 1.819564e-06
Epoch  11000 (0.2%): Train pred MSE = 2.486621e-06, Test pred MSE = 2.496805e-06, Param MSE = 2.536683e-05, Grad norm = 2.312740e-05, Beta update rate = 1.791549e-06
Epoch  11200 (0.2%): Train pred MSE = 2.433859e-06, Test pred MSE = 2.487979e-06, Param MSE = 2.527669e-05, Grad norm = 2.281515e-05, Beta update rate = 1.764144e-06
Epoch  11400 (0.2%): Train pred MSE = 2.382510e-06, Test pred MSE = 2.479311e-06, Param MSE = 2.518817e-05, Grad norm = 2.250879e-05, Beta update rate = 1.737332e-06
Epoch  11600 (0.2%): Train pred MSE = 2.332526e-06, Test pred MSE = 2.470798e-06, Param MSE = 2.510123e-05, Grad norm = 2.220817e-05, Beta update rate = 1.711095e-06
Epoch  11800 (0.2%): Train pred MSE = 2.283865e-06, Test pred MSE = 2.462436e-06, Param MSE = 2.501583e-05, Grad norm = 2.191316e-05, Beta update rate = 1.685417e-06
Epoch  12000 (0.2%): Train pred MSE = 2.236484e-06, Test pred MSE = 2.454221e-06, Param MSE = 2.493194e-05, Grad norm = 2.162364e-05, Beta update rate = 1.660281e-06
Epoch  12200 (0.2%): Train pred MSE = 2.190344e-06, Test pred MSE = 2.446149e-06, Param MSE = 2.484951e-05, Grad norm = 2.133946e-05, Beta update rate = 1.635672e-06
Epoch  12400 (0.2%): Train pred MSE = 2.145406e-06, Test pred MSE = 2.438217e-06, Param MSE = 2.476851e-05, Grad norm = 2.106051e-05, Beta update rate = 1.611575e-06
Epoch  12600 (0.3%): Train pred MSE = 2.101632e-06, Test pred MSE = 2.430422e-06, Param MSE = 2.468890e-05, Grad norm = 2.078665e-05, Beta update rate = 1.587976e-06
Epoch  12800 (0.3%): Train pred MSE = 2.058986e-06, Test pred MSE = 2.422760e-06, Param MSE = 2.461066e-05, Grad norm = 2.051778e-05, Beta update rate = 1.564863e-06
Epoch  13000 (0.3%): Train pred MSE = 2.017433e-06, Test pred MSE = 2.415229e-06, Param MSE = 2.453375e-05, Grad norm = 2.025379e-05, Beta update rate = 1.542220e-06
Epoch  13200 (0.3%): Train pred MSE = 1.976940e-06, Test pred MSE = 2.407825e-06, Param MSE = 2.445814e-05, Grad norm = 1.999455e-05, Beta update rate = 1.520036e-06
Epoch  13400 (0.3%): Train pred MSE = 1.937474e-06, Test pred MSE = 2.400545e-06, Param MSE = 2.438380e-05, Grad norm = 1.973996e-05, Beta update rate = 1.498299e-06
Epoch  13600 (0.3%): Train pred MSE = 1.899004e-06, Test pred MSE = 2.393387e-06, Param MSE = 2.431069e-05, Grad norm = 1.948992e-05, Beta update rate = 1.476997e-06
Epoch  13800 (0.3%): Train pred MSE = 1.861500e-06, Test pred MSE = 2.386347e-06, Param MSE = 2.423880e-05, Grad norm = 1.924432e-05, Beta update rate = 1.456118e-06
Epoch  14000 (0.3%): Train pred MSE = 1.824932e-06, Test pred MSE = 2.379423e-06, Param MSE = 2.416809e-05, Grad norm = 1.900306e-05, Beta update rate = 1.435651e-06
Epoch  14200 (0.3%): Train pred MSE = 1.789274e-06, Test pred MSE = 2.372613e-06, Param MSE = 2.409854e-05, Grad norm = 1.876606e-05, Beta update rate = 1.415586e-06
Epoch  14400 (0.3%): Train pred MSE = 1.754497e-06, Test pred MSE = 2.365913e-06, Param MSE = 2.403013e-05, Grad norm = 1.853321e-05, Beta update rate = 1.395912e-06
Epoch  14600 (0.3%): Train pred MSE = 1.720576e-06, Test pred MSE = 2.359322e-06, Param MSE = 2.396281e-05, Grad norm = 1.830442e-05, Beta update rate = 1.376619e-06
Epoch  14800 (0.3%): Train pred MSE = 1.687485e-06, Test pred MSE = 2.352836e-06, Param MSE = 2.389658e-05, Grad norm = 1.807961e-05, Beta update rate = 1.357698e-06
Epoch  15000 (0.3%): Train pred MSE = 1.655199e-06, Test pred MSE = 2.346455e-06, Param MSE = 2.383141e-05, Grad norm = 1.785868e-05, Beta update rate = 1.339140e-06
Epoch  15200 (0.3%): Train pred MSE = 1.623696e-06, Test pred MSE = 2.340174e-06, Param MSE = 2.376727e-05, Grad norm = 1.764156e-05, Beta update rate = 1.320935e-06
Epoch  15400 (0.3%): Train pred MSE = 1.592953e-06, Test pred MSE = 2.333993e-06, Param MSE = 2.370414e-05, Grad norm = 1.742817e-05, Beta update rate = 1.303075e-06
Epoch  15600 (0.3%): Train pred MSE = 1.562947e-06, Test pred MSE = 2.327909e-06, Param MSE = 2.364200e-05, Grad norm = 1.721841e-05, Beta update rate = 1.285551e-06
Epoch  15800 (0.3%): Train pred MSE = 1.533656e-06, Test pred MSE = 2.321919e-06, Param MSE = 2.358084e-05, Grad norm = 1.701222e-05, Beta update rate = 1.268355e-06
Epoch  16000 (0.3%): Train pred MSE = 1.505062e-06, Test pred MSE = 2.316023e-06, Param MSE = 2.352062e-05, Grad norm = 1.680952e-05, Beta update rate = 1.251479e-06
Epoch  16200 (0.3%): Train pred MSE = 1.477143e-06, Test pred MSE = 2.310217e-06, Param MSE = 2.346133e-05, Grad norm = 1.661024e-05, Beta update rate = 1.234915e-06
Epoch  16400 (0.3%): Train pred MSE = 1.449880e-06, Test pred MSE = 2.304501e-06, Param MSE = 2.340295e-05, Grad norm = 1.641430e-05, Beta update rate = 1.218656e-06
Epoch  16600 (0.3%): Train pred MSE = 1.423256e-06, Test pred MSE = 2.298872e-06, Param MSE = 2.334545e-05, Grad norm = 1.622164e-05, Beta update rate = 1.202695e-06
Epoch  16800 (0.3%): Train pred MSE = 1.397251e-06, Test pred MSE = 2.293328e-06, Param MSE = 2.328883e-05, Grad norm = 1.603219e-05, Beta update rate = 1.187025e-06
Epoch  17000 (0.3%): Train pred MSE = 1.371848e-06, Test pred MSE = 2.287868e-06, Param MSE = 2.323307e-05, Grad norm = 1.584587e-05, Beta update rate = 1.171638e-06
Epoch  17200 (0.3%): Train pred MSE = 1.347031e-06, Test pred MSE = 2.282490e-06, Param MSE = 2.317814e-05, Grad norm = 1.566263e-05, Beta update rate = 1.156529e-06
Epoch  17400 (0.3%): Train pred MSE = 1.322784e-06, Test pred MSE = 2.277192e-06, Param MSE = 2.312402e-05, Grad norm = 1.548240e-05, Beta update rate = 1.141690e-06
Epoch  17600 (0.4%): Train pred MSE = 1.299089e-06, Test pred MSE = 2.271973e-06, Param MSE = 2.307072e-05, Grad norm = 1.530512e-05, Beta update rate = 1.127116e-06
Epoch  17800 (0.4%): Train pred MSE = 1.275933e-06, Test pred MSE = 2.266831e-06, Param MSE = 2.301819e-05, Grad norm = 1.513073e-05, Beta update rate = 1.112800e-06
Epoch  18000 (0.4%): Train pred MSE = 1.253301e-06, Test pred MSE = 2.261764e-06, Param MSE = 2.296644e-05, Grad norm = 1.495917e-05, Beta update rate = 1.098737e-06
Epoch  18200 (0.4%): Train pred MSE = 1.231177e-06, Test pred MSE = 2.256771e-06, Param MSE = 2.291544e-05, Grad norm = 1.479039e-05, Beta update rate = 1.084920e-06
Epoch  18400 (0.4%): Train pred MSE = 1.209549e-06, Test pred MSE = 2.251851e-06, Param MSE = 2.286519e-05, Grad norm = 1.462432e-05, Beta update rate = 1.071345e-06
Epoch  18600 (0.4%): Train pred MSE = 1.188402e-06, Test pred MSE = 2.247002e-06, Param MSE = 2.281566e-05, Grad norm = 1.446092e-05, Beta update rate = 1.058006e-06
Epoch  18800 (0.4%): Train pred MSE = 1.167724e-06, Test pred MSE = 2.242223e-06, Param MSE = 2.276684e-05, Grad norm = 1.430013e-05, Beta update rate = 1.044898e-06
Epoch  19000 (0.4%): Train pred MSE = 1.147503e-06, Test pred MSE = 2.237512e-06, Param MSE = 2.271871e-05, Grad norm = 1.414190e-05, Beta update rate = 1.032015e-06
Epoch  19200 (0.4%): Train pred MSE = 1.127725e-06, Test pred MSE = 2.232869e-06, Param MSE = 2.267128e-05, Grad norm = 1.398618e-05, Beta update rate = 1.019353e-06
Epoch  19400 (0.4%): Train pred MSE = 1.108379e-06, Test pred MSE = 2.228291e-06, Param MSE = 2.262451e-05, Grad norm = 1.383291e-05, Beta update rate = 1.006906e-06
Epoch  19600 (0.4%): Train pred MSE = 1.089455e-06, Test pred MSE = 2.223777e-06, Param MSE = 2.257840e-05, Grad norm = 1.368205e-05, Beta update rate = 9.946711e-07
Epoch  19800 (0.4%): Train pred MSE = 1.070939e-06, Test pred MSE = 2.219327e-06, Param MSE = 2.253294e-05, Grad norm = 1.353356e-05, Beta update rate = 9.826423e-07
Epoch  20000 (0.4%): Train pred MSE = 1.052823e-06, Test pred MSE = 2.214939e-06, Param MSE = 2.248812e-05, Grad norm = 1.338738e-05, Beta update rate = 9.708157e-07
Epoch  20200 (0.4%): Train pred MSE = 1.035094e-06, Test pred MSE = 2.210612e-06, Param MSE = 2.244391e-05, Grad norm = 1.324347e-05, Beta update rate = 9.591868e-07
Epoch  20400 (0.4%): Train pred MSE = 1.017744e-06, Test pred MSE = 2.206345e-06, Param MSE = 2.240031e-05, Grad norm = 1.310179e-05, Beta update rate = 9.477514e-07
Epoch  20600 (0.4%): Train pred MSE = 1.000762e-06, Test pred MSE = 2.202137e-06, Param MSE = 2.235732e-05, Grad norm = 1.296229e-05, Beta update rate = 9.365056e-07
Epoch  20800 (0.4%): Train pred MSE = 9.841395e-07, Test pred MSE = 2.197986e-06, Param MSE = 2.231491e-05, Grad norm = 1.282494e-05, Beta update rate = 9.254452e-07
Epoch  21000 (0.4%): Train pred MSE = 9.678662e-07, Test pred MSE = 2.193892e-06, Param MSE = 2.227308e-05, Grad norm = 1.268968e-05, Beta update rate = 9.145663e-07
Epoch  21200 (0.4%): Train pred MSE = 9.519335e-07, Test pred MSE = 2.189853e-06, Param MSE = 2.223181e-05, Grad norm = 1.255648e-05, Beta update rate = 9.038653e-07
Epoch  21400 (0.4%): Train pred MSE = 9.363328e-07, Test pred MSE = 2.185869e-06, Param MSE = 2.219110e-05, Grad norm = 1.242531e-05, Beta update rate = 8.933383e-07
Epoch  21600 (0.4%): Train pred MSE = 9.210555e-07, Test pred MSE = 2.181938e-06, Param MSE = 2.215094e-05, Grad norm = 1.229611e-05, Beta update rate = 8.829818e-07
Epoch  21800 (0.4%): Train pred MSE = 9.060936e-07, Test pred MSE = 2.178060e-06, Param MSE = 2.211131e-05, Grad norm = 1.216886e-05, Beta update rate = 8.727924e-07
Epoch  22000 (0.4%): Train pred MSE = 8.914390e-07, Test pred MSE = 2.174234e-06, Param MSE = 2.207221e-05, Grad norm = 1.204352e-05, Beta update rate = 8.627665e-07
Epoch  22200 (0.4%): Train pred MSE = 8.770840e-07, Test pred MSE = 2.170458e-06, Param MSE = 2.203363e-05, Grad norm = 1.192005e-05, Beta update rate = 8.529008e-07
Epoch  22400 (0.4%): Train pred MSE = 8.630212e-07, Test pred MSE = 2.166732e-06, Param MSE = 2.199555e-05, Grad norm = 1.179841e-05, Beta update rate = 8.431921e-07
Epoch  22600 (0.5%): Train pred MSE = 8.492433e-07, Test pred MSE = 2.163055e-06, Param MSE = 2.195798e-05, Grad norm = 1.167857e-05, Beta update rate = 8.336372e-07
Epoch  22800 (0.5%): Train pred MSE = 8.357432e-07, Test pred MSE = 2.159426e-06, Param MSE = 2.192089e-05, Grad norm = 1.156051e-05, Beta update rate = 8.242331e-07
Epoch  23000 (0.5%): Train pred MSE = 8.225140e-07, Test pred MSE = 2.155845e-06, Param MSE = 2.188429e-05, Grad norm = 1.144417e-05, Beta update rate = 8.149767e-07
Epoch  23200 (0.5%): Train pred MSE = 8.095491e-07, Test pred MSE = 2.152310e-06, Param MSE = 2.184816e-05, Grad norm = 1.132954e-05, Beta update rate = 8.058650e-07
Epoch  23400 (0.5%): Train pred MSE = 7.968421e-07, Test pred MSE = 2.148820e-06, Param MSE = 2.181250e-05, Grad norm = 1.121658e-05, Beta update rate = 7.968952e-07
Epoch  23600 (0.5%): Train pred MSE = 7.843866e-07, Test pred MSE = 2.145375e-06, Param MSE = 2.177729e-05, Grad norm = 1.110526e-05, Beta update rate = 7.880646e-07
Epoch  23800 (0.5%): Train pred MSE = 7.721766e-07, Test pred MSE = 2.141975e-06, Param MSE = 2.174253e-05, Grad norm = 1.099555e-05, Beta update rate = 7.793702e-07
Epoch  24000 (0.5%): Train pred MSE = 7.602060e-07, Test pred MSE = 2.138618e-06, Param MSE = 2.170822e-05, Grad norm = 1.088742e-05, Beta update rate = 7.708096e-07
Epoch  24200 (0.5%): Train pred MSE = 7.484692e-07, Test pred MSE = 2.135303e-06, Param MSE = 2.167434e-05, Grad norm = 1.078084e-05, Beta update rate = 7.623801e-07
Epoch  24400 (0.5%): Train pred MSE = 7.369606e-07, Test pred MSE = 2.132030e-06, Param MSE = 2.164088e-05, Grad norm = 1.067578e-05, Beta update rate = 7.540791e-07
Epoch  24600 (0.5%): Train pred MSE = 7.256746e-07, Test pred MSE = 2.128798e-06, Param MSE = 2.160785e-05, Grad norm = 1.057222e-05, Beta update rate = 7.459041e-07
Epoch  24800 (0.5%): Train pred MSE = 7.146061e-07, Test pred MSE = 2.125607e-06, Param MSE = 2.157523e-05, Grad norm = 1.047012e-05, Beta update rate = 7.378528e-07
Epoch  25000 (0.5%): Train pred MSE = 7.037499e-07, Test pred MSE = 2.122456e-06, Param MSE = 2.154301e-05, Grad norm = 1.036947e-05, Beta update rate = 7.299228e-07
Epoch  25200 (0.5%): Train pred MSE = 6.931009e-07, Test pred MSE = 2.119344e-06, Param MSE = 2.151120e-05, Grad norm = 1.027023e-05, Beta update rate = 7.221116e-07
Epoch  25400 (0.5%): Train pred MSE = 6.826543e-07, Test pred MSE = 2.116270e-06, Param MSE = 2.147977e-05, Grad norm = 1.017237e-05, Beta update rate = 7.144172e-07
Epoch  25600 (0.5%): Train pred MSE = 6.724053e-07, Test pred MSE = 2.113234e-06, Param MSE = 2.144874e-05, Grad norm = 1.007589e-05, Beta update rate = 7.068372e-07
Epoch  25800 (0.5%): Train pred MSE = 6.623495e-07, Test pred MSE = 2.110236e-06, Param MSE = 2.141808e-05, Grad norm = 9.980738e-06, Beta update rate = 6.993696e-07
Epoch  26000 (0.5%): Train pred MSE = 6.524823e-07, Test pred MSE = 2.107274e-06, Param MSE = 2.138780e-05, Grad norm = 9.886905e-06, Beta update rate = 6.920121e-07
Epoch  26200 (0.5%): Train pred MSE = 6.427993e-07, Test pred MSE = 2.104348e-06, Param MSE = 2.135788e-05, Grad norm = 9.794364e-06, Beta update rate = 6.847628e-07
Epoch  26400 (0.5%): Train pred MSE = 6.332963e-07, Test pred MSE = 2.101458e-06, Param MSE = 2.132833e-05, Grad norm = 9.703093e-06, Beta update rate = 6.776195e-07
Epoch  26600 (0.5%): Train pred MSE = 6.239692e-07, Test pred MSE = 2.098602e-06, Param MSE = 2.129913e-05, Grad norm = 9.613068e-06, Beta update rate = 6.705805e-07
Epoch  26800 (0.5%): Train pred MSE = 6.148141e-07, Test pred MSE = 2.095781e-06, Param MSE = 2.127029e-05, Grad norm = 9.524267e-06, Beta update rate = 6.636436e-07
Epoch  27000 (0.5%): Train pred MSE = 6.058269e-07, Test pred MSE = 2.092994e-06, Param MSE = 2.124178e-05, Grad norm = 9.436669e-06, Beta update rate = 6.568071e-07
Epoch  27200 (0.5%): Train pred MSE = 5.970039e-07, Test pred MSE = 2.090240e-06, Param MSE = 2.121362e-05, Grad norm = 9.350253e-06, Beta update rate = 6.500690e-07
Epoch  27400 (0.5%): Train pred MSE = 5.883414e-07, Test pred MSE = 2.087518e-06, Param MSE = 2.118579e-05, Grad norm = 9.264998e-06, Beta update rate = 6.434276e-07
Epoch  27600 (0.6%): Train pred MSE = 5.798359e-07, Test pred MSE = 2.084829e-06, Param MSE = 2.115829e-05, Grad norm = 9.180883e-06, Beta update rate = 6.368812e-07
Epoch  27800 (0.6%): Train pred MSE = 5.714837e-07, Test pred MSE = 2.082172e-06, Param MSE = 2.113112e-05, Grad norm = 9.097889e-06, Beta update rate = 6.304280e-07
Epoch  28000 (0.6%): Train pred MSE = 5.632816e-07, Test pred MSE = 2.079546e-06, Param MSE = 2.110426e-05, Grad norm = 9.015996e-06, Beta update rate = 6.240662e-07
Epoch  28200 (0.6%): Train pred MSE = 5.552261e-07, Test pred MSE = 2.076951e-06, Param MSE = 2.107772e-05, Grad norm = 8.935185e-06, Beta update rate = 6.177943e-07
Epoch  28400 (0.6%): Train pred MSE = 5.473141e-07, Test pred MSE = 2.074386e-06, Param MSE = 2.105148e-05, Grad norm = 8.855438e-06, Beta update rate = 6.116107e-07
Epoch  28600 (0.6%): Train pred MSE = 5.395423e-07, Test pred MSE = 2.071850e-06, Param MSE = 2.102555e-05, Grad norm = 8.776735e-06, Beta update rate = 6.055137e-07
Epoch  28800 (0.6%): Train pred MSE = 5.319079e-07, Test pred MSE = 2.069345e-06, Param MSE = 2.099992e-05, Grad norm = 8.699059e-06, Beta update rate = 5.995018e-07
Epoch  29000 (0.6%): Train pred MSE = 5.244076e-07, Test pred MSE = 2.066868e-06, Param MSE = 2.097458e-05, Grad norm = 8.622392e-06, Beta update rate = 5.935735e-07
Epoch  29200 (0.6%): Train pred MSE = 5.170388e-07, Test pred MSE = 2.064419e-06, Param MSE = 2.094954e-05, Grad norm = 8.546718e-06, Beta update rate = 5.877273e-07
Epoch  29400 (0.6%): Train pred MSE = 5.097984e-07, Test pred MSE = 2.061999e-06, Param MSE = 2.092478e-05, Grad norm = 8.472018e-06, Beta update rate = 5.819618e-07
Epoch  29600 (0.6%): Train pred MSE = 5.026838e-07, Test pred MSE = 2.059606e-06, Param MSE = 2.090030e-05, Grad norm = 8.398277e-06, Beta update rate = 5.762756e-07
Epoch  29800 (0.6%): Train pred MSE = 4.956922e-07, Test pred MSE = 2.057240e-06, Param MSE = 2.087610e-05, Grad norm = 8.325478e-06, Beta update rate = 5.706672e-07
Epoch  30000 (0.6%): Train pred MSE = 4.888211e-07, Test pred MSE = 2.054901e-06, Param MSE = 2.085217e-05, Grad norm = 8.253605e-06, Beta update rate = 5.651353e-07
Epoch  30200 (0.6%): Train pred MSE = 4.820679e-07, Test pred MSE = 2.052589e-06, Param MSE = 2.082851e-05, Grad norm = 8.182643e-06, Beta update rate = 5.596785e-07
Epoch  30400 (0.6%): Train pred MSE = 4.754300e-07, Test pred MSE = 2.050302e-06, Param MSE = 2.080512e-05, Grad norm = 8.112576e-06, Beta update rate = 5.542956e-07
Epoch  30600 (0.6%): Train pred MSE = 4.689051e-07, Test pred MSE = 2.048042e-06, Param MSE = 2.078199e-05, Grad norm = 8.043390e-06, Beta update rate = 5.489853e-07
Epoch  30800 (0.6%): Train pred MSE = 4.624908e-07, Test pred MSE = 2.045806e-06, Param MSE = 2.075912e-05, Grad norm = 7.975069e-06, Beta update rate = 5.437463e-07
Epoch  31000 (0.6%): Train pred MSE = 4.561848e-07, Test pred MSE = 2.043595e-06, Param MSE = 2.073650e-05, Grad norm = 7.907599e-06, Beta update rate = 5.385774e-07
Epoch  31200 (0.6%): Train pred MSE = 4.499849e-07, Test pred MSE = 2.041409e-06, Param MSE = 2.071413e-05, Grad norm = 7.840966e-06, Beta update rate = 5.334774e-07
Epoch  31400 (0.6%): Train pred MSE = 4.438887e-07, Test pred MSE = 2.039247e-06, Param MSE = 2.069200e-05, Grad norm = 7.775156e-06, Beta update rate = 5.284451e-07
Epoch  31600 (0.6%): Train pred MSE = 4.378943e-07, Test pred MSE = 2.037109e-06, Param MSE = 2.067012e-05, Grad norm = 7.710156e-06, Beta update rate = 5.234794e-07
Epoch  31800 (0.6%): Train pred MSE = 4.319995e-07, Test pred MSE = 2.034994e-06, Param MSE = 2.064848e-05, Grad norm = 7.645952e-06, Beta update rate = 5.185791e-07
Epoch  32000 (0.6%): Train pred MSE = 4.262023e-07, Test pred MSE = 2.032903e-06, Param MSE = 2.062708e-05, Grad norm = 7.582530e-06, Beta update rate = 5.137431e-07
Epoch  32200 (0.6%): Train pred MSE = 4.205006e-07, Test pred MSE = 2.030834e-06, Param MSE = 2.060590e-05, Grad norm = 7.519879e-06, Beta update rate = 5.089704e-07
Epoch  32400 (0.6%): Train pred MSE = 4.148926e-07, Test pred MSE = 2.028787e-06, Param MSE = 2.058496e-05, Grad norm = 7.457986e-06, Beta update rate = 5.042599e-07
Epoch  32600 (0.7%): Train pred MSE = 4.093764e-07, Test pred MSE = 2.026763e-06, Param MSE = 2.056424e-05, Grad norm = 7.396838e-06, Beta update rate = 4.996105e-07
Epoch  32800 (0.7%): Train pred MSE = 4.039500e-07, Test pred MSE = 2.024761e-06, Param MSE = 2.054375e-05, Grad norm = 7.336423e-06, Beta update rate = 4.950212e-07
Epoch  33000 (0.7%): Train pred MSE = 3.986118e-07, Test pred MSE = 2.022780e-06, Param MSE = 2.052348e-05, Grad norm = 7.276730e-06, Beta update rate = 4.904911e-07
Epoch  33200 (0.7%): Train pred MSE = 3.933599e-07, Test pred MSE = 2.020820e-06, Param MSE = 2.050342e-05, Grad norm = 7.217746e-06, Beta update rate = 4.860191e-07
Epoch  33400 (0.7%): Train pred MSE = 3.881927e-07, Test pred MSE = 2.018882e-06, Param MSE = 2.048357e-05, Grad norm = 7.159461e-06, Beta update rate = 4.816042e-07
Epoch  33600 (0.7%): Train pred MSE = 3.831084e-07, Test pred MSE = 2.016964e-06, Param MSE = 2.046394e-05, Grad norm = 7.101863e-06, Beta update rate = 4.772457e-07
Epoch  33800 (0.7%): Train pred MSE = 3.781055e-07, Test pred MSE = 2.015066e-06, Param MSE = 2.044451e-05, Grad norm = 7.044941e-06, Beta update rate = 4.729424e-07
Epoch  34000 (0.7%): Train pred MSE = 3.731823e-07, Test pred MSE = 2.013188e-06, Param MSE = 2.042529e-05, Grad norm = 6.988684e-06, Beta update rate = 4.686935e-07
Epoch  34200 (0.7%): Train pred MSE = 3.683372e-07, Test pred MSE = 2.011331e-06, Param MSE = 2.040627e-05, Grad norm = 6.933083e-06, Beta update rate = 4.644981e-07
Epoch  34400 (0.7%): Train pred MSE = 3.635688e-07, Test pred MSE = 2.009492e-06, Param MSE = 2.038745e-05, Grad norm = 6.878125e-06, Beta update rate = 4.603554e-07
Epoch  34600 (0.7%): Train pred MSE = 3.588756e-07, Test pred MSE = 2.007673e-06, Param MSE = 2.036883e-05, Grad norm = 6.823803e-06, Beta update rate = 4.562645e-07
Epoch  34800 (0.7%): Train pred MSE = 3.542560e-07, Test pred MSE = 2.005873e-06, Param MSE = 2.035040e-05, Grad norm = 6.770104e-06, Beta update rate = 4.522246e-07
Epoch  35000 (0.7%): Train pred MSE = 3.497088e-07, Test pred MSE = 2.004092e-06, Param MSE = 2.033216e-05, Grad norm = 6.717020e-06, Beta update rate = 4.482348e-07
Epoch  35200 (0.7%): Train pred MSE = 3.452324e-07, Test pred MSE = 2.002329e-06, Param MSE = 2.031411e-05, Grad norm = 6.664541e-06, Beta update rate = 4.442943e-07
Epoch  35400 (0.7%): Train pred MSE = 3.408256e-07, Test pred MSE = 2.000584e-06, Param MSE = 2.029625e-05, Grad norm = 6.612658e-06, Beta update rate = 4.404023e-07
Epoch  35600 (0.7%): Train pred MSE = 3.364871e-07, Test pred MSE = 1.998858e-06, Param MSE = 2.027857e-05, Grad norm = 6.561361e-06, Beta update rate = 4.365581e-07
Epoch  35800 (0.7%): Train pred MSE = 3.322154e-07, Test pred MSE = 1.997149e-06, Param MSE = 2.026107e-05, Grad norm = 6.510641e-06, Beta update rate = 4.327609e-07
Epoch  36000 (0.7%): Train pred MSE = 3.280095e-07, Test pred MSE = 1.995458e-06, Param MSE = 2.024375e-05, Grad norm = 6.460489e-06, Beta update rate = 4.290100e-07
Epoch  36200 (0.7%): Train pred MSE = 3.238679e-07, Test pred MSE = 1.993784e-06, Param MSE = 2.022661e-05, Grad norm = 6.410898e-06, Beta update rate = 4.253046e-07
Epoch  36400 (0.7%): Train pred MSE = 3.197896e-07, Test pred MSE = 1.992126e-06, Param MSE = 2.020964e-05, Grad norm = 6.361857e-06, Beta update rate = 4.216440e-07
Epoch  36600 (0.7%): Train pred MSE = 3.157734e-07, Test pred MSE = 1.990486e-06, Param MSE = 2.019284e-05, Grad norm = 6.313359e-06, Beta update rate = 4.180276e-07
Epoch  36800 (0.7%): Train pred MSE = 3.118180e-07, Test pred MSE = 1.988863e-06, Param MSE = 2.017621e-05, Grad norm = 6.265396e-06, Beta update rate = 4.144545e-07
Epoch  37000 (0.7%): Train pred MSE = 3.079224e-07, Test pred MSE = 1.987255e-06, Param MSE = 2.015975e-05, Grad norm = 6.217959e-06, Beta update rate = 4.109242e-07
Epoch  37200 (0.7%): Train pred MSE = 3.040855e-07, Test pred MSE = 1.985664e-06, Param MSE = 2.014345e-05, Grad norm = 6.171040e-06, Beta update rate = 4.074359e-07
Epoch  37400 (0.7%): Train pred MSE = 3.003061e-07, Test pred MSE = 1.984089e-06, Param MSE = 2.012732e-05, Grad norm = 6.124632e-06, Beta update rate = 4.039891e-07
Epoch  37600 (0.8%): Train pred MSE = 2.965833e-07, Test pred MSE = 1.982530e-06, Param MSE = 2.011135e-05, Grad norm = 6.078727e-06, Beta update rate = 4.005830e-07
Epoch  37800 (0.8%): Train pred MSE = 2.929160e-07, Test pred MSE = 1.980986e-06, Param MSE = 2.009553e-05, Grad norm = 6.033317e-06, Beta update rate = 3.972171e-07
Epoch  38000 (0.8%): Train pred MSE = 2.893032e-07, Test pred MSE = 1.979457e-06, Param MSE = 2.007988e-05, Grad norm = 5.988396e-06, Beta update rate = 3.938907e-07
Epoch  38200 (0.8%): Train pred MSE = 2.857439e-07, Test pred MSE = 1.977944e-06, Param MSE = 2.006437e-05, Grad norm = 5.943955e-06, Beta update rate = 3.906033e-07
Epoch  38400 (0.8%): Train pred MSE = 2.822372e-07, Test pred MSE = 1.976446e-06, Param MSE = 2.004902e-05, Grad norm = 5.899988e-06, Beta update rate = 3.873542e-07
Epoch  38600 (0.8%): Train pred MSE = 2.787820e-07, Test pred MSE = 1.974962e-06, Param MSE = 2.003382e-05, Grad norm = 5.856488e-06, Beta update rate = 3.841428e-07
Epoch  38800 (0.8%): Train pred MSE = 2.753776e-07, Test pred MSE = 1.973493e-06, Param MSE = 2.001877e-05, Grad norm = 5.813448e-06, Beta update rate = 3.809686e-07
Epoch  39000 (0.8%): Train pred MSE = 2.720229e-07, Test pred MSE = 1.972038e-06, Param MSE = 2.000387e-05, Grad norm = 5.770861e-06, Beta update rate = 3.778310e-07
Epoch  39200 (0.8%): Train pred MSE = 2.687171e-07, Test pred MSE = 1.970597e-06, Param MSE = 1.998911e-05, Grad norm = 5.728721e-06, Beta update rate = 3.747295e-07
Epoch  39400 (0.8%): Train pred MSE = 2.654593e-07, Test pred MSE = 1.969171e-06, Param MSE = 1.997450e-05, Grad norm = 5.687021e-06, Beta update rate = 3.716635e-07
Epoch  39600 (0.8%): Train pred MSE = 2.622487e-07, Test pred MSE = 1.967758e-06, Param MSE = 1.996002e-05, Grad norm = 5.645755e-06, Beta update rate = 3.686325e-07
Epoch  39800 (0.8%): Train pred MSE = 2.590845e-07, Test pred MSE = 1.966359e-06, Param MSE = 1.994569e-05, Grad norm = 5.604916e-06, Beta update rate = 3.656359e-07
Epoch  40000 (0.8%): Train pred MSE = 2.559658e-07, Test pred MSE = 1.964974e-06, Param MSE = 1.993149e-05, Grad norm = 5.564498e-06, Beta update rate = 3.626733e-07
Epoch  40200 (0.8%): Train pred MSE = 2.528918e-07, Test pred MSE = 1.963602e-06, Param MSE = 1.991743e-05, Grad norm = 5.524496e-06, Beta update rate = 3.597441e-07
Epoch  40400 (0.8%): Train pred MSE = 2.498618e-07, Test pred MSE = 1.962243e-06, Param MSE = 1.990350e-05, Grad norm = 5.484904e-06, Beta update rate = 3.568479e-07
Epoch  40600 (0.8%): Train pred MSE = 2.468750e-07, Test pred MSE = 1.960897e-06, Param MSE = 1.988971e-05, Grad norm = 5.445715e-06, Beta update rate = 3.539841e-07
Epoch  40800 (0.8%): Train pred MSE = 2.439307e-07, Test pred MSE = 1.959564e-06, Param MSE = 1.987605e-05, Grad norm = 5.406924e-06, Beta update rate = 3.511524e-07
Epoch  41000 (0.8%): Train pred MSE = 2.410281e-07, Test pred MSE = 1.958243e-06, Param MSE = 1.986252e-05, Grad norm = 5.368525e-06, Beta update rate = 3.483521e-07
Epoch  41200 (0.8%): Train pred MSE = 2.381666e-07, Test pred MSE = 1.956935e-06, Param MSE = 1.984911e-05, Grad norm = 5.330514e-06, Beta update rate = 3.455829e-07
Epoch  41400 (0.8%): Train pred MSE = 2.353453e-07, Test pred MSE = 1.955640e-06, Param MSE = 1.983583e-05, Grad norm = 5.292883e-06, Beta update rate = 3.428443e-07
Epoch  41600 (0.8%): Train pred MSE = 2.325637e-07, Test pred MSE = 1.954356e-06, Param MSE = 1.982268e-05, Grad norm = 5.255629e-06, Beta update rate = 3.401359e-07
Epoch  41800 (0.8%): Train pred MSE = 2.298211e-07, Test pred MSE = 1.953085e-06, Param MSE = 1.980965e-05, Grad norm = 5.218746e-06, Beta update rate = 3.374571e-07
Epoch  42000 (0.8%): Train pred MSE = 2.271167e-07, Test pred MSE = 1.951826e-06, Param MSE = 1.979674e-05, Grad norm = 5.182228e-06, Beta update rate = 3.348077e-07
Epoch  42200 (0.8%): Train pred MSE = 2.244501e-07, Test pred MSE = 1.950578e-06, Param MSE = 1.978395e-05, Grad norm = 5.146071e-06, Beta update rate = 3.321872e-07
Epoch  42400 (0.8%): Train pred MSE = 2.218204e-07, Test pred MSE = 1.949342e-06, Param MSE = 1.977129e-05, Grad norm = 5.110270e-06, Beta update rate = 3.295951e-07
Epoch  42600 (0.9%): Train pred MSE = 2.192271e-07, Test pred MSE = 1.948118e-06, Param MSE = 1.975873e-05, Grad norm = 5.074820e-06, Beta update rate = 3.270310e-07
Epoch  42800 (0.9%): Train pred MSE = 2.166697e-07, Test pred MSE = 1.946905e-06, Param MSE = 1.974630e-05, Grad norm = 5.039716e-06, Beta update rate = 3.244946e-07
Epoch  43000 (0.9%): Train pred MSE = 2.141475e-07, Test pred MSE = 1.945703e-06, Param MSE = 1.973398e-05, Grad norm = 5.004954e-06, Beta update rate = 3.219855e-07
Epoch  43200 (0.9%): Train pred MSE = 2.116599e-07, Test pred MSE = 1.944512e-06, Param MSE = 1.972177e-05, Grad norm = 4.970528e-06, Beta update rate = 3.195032e-07
Epoch  43400 (0.9%): Train pred MSE = 2.092063e-07, Test pred MSE = 1.943332e-06, Param MSE = 1.970968e-05, Grad norm = 4.936435e-06, Beta update rate = 3.170474e-07
Epoch  43600 (0.9%): Train pred MSE = 2.067862e-07, Test pred MSE = 1.942163e-06, Param MSE = 1.969769e-05, Grad norm = 4.902669e-06, Beta update rate = 3.146177e-07
Epoch  43800 (0.9%): Train pred MSE = 2.043991e-07, Test pred MSE = 1.941005e-06, Param MSE = 1.968582e-05, Grad norm = 4.869227e-06, Beta update rate = 3.122138e-07
Epoch  44000 (0.9%): Train pred MSE = 2.020444e-07, Test pred MSE = 1.939857e-06, Param MSE = 1.967405e-05, Grad norm = 4.836104e-06, Beta update rate = 3.098353e-07
Epoch  44200 (0.9%): Train pred MSE = 1.997216e-07, Test pred MSE = 1.938720e-06, Param MSE = 1.966239e-05, Grad norm = 4.803296e-06, Beta update rate = 3.074818e-07
Epoch  44400 (0.9%): Train pred MSE = 1.974302e-07, Test pred MSE = 1.937593e-06, Param MSE = 1.965084e-05, Grad norm = 4.770799e-06, Beta update rate = 3.051530e-07
Epoch  44600 (0.9%): Train pred MSE = 1.951696e-07, Test pred MSE = 1.936477e-06, Param MSE = 1.963939e-05, Grad norm = 4.738608e-06, Beta update rate = 3.028485e-07
Epoch  44800 (0.9%): Train pred MSE = 1.929394e-07, Test pred MSE = 1.935370e-06, Param MSE = 1.962804e-05, Grad norm = 4.706721e-06, Beta update rate = 3.005681e-07
Epoch  45000 (0.9%): Train pred MSE = 1.907390e-07, Test pred MSE = 1.934273e-06, Param MSE = 1.961679e-05, Grad norm = 4.675131e-06, Beta update rate = 2.983113e-07
Epoch  45200 (0.9%): Train pred MSE = 1.885680e-07, Test pred MSE = 1.933187e-06, Param MSE = 1.960565e-05, Grad norm = 4.643837e-06, Beta update rate = 2.960779e-07
Epoch  45400 (0.9%): Train pred MSE = 1.864260e-07, Test pred MSE = 1.932110e-06, Param MSE = 1.959461e-05, Grad norm = 4.612834e-06, Beta update rate = 2.938675e-07
Epoch  45600 (0.9%): Train pred MSE = 1.843125e-07, Test pred MSE = 1.931042e-06, Param MSE = 1.958366e-05, Grad norm = 4.582118e-06, Beta update rate = 2.916799e-07
Epoch  45800 (0.9%): Train pred MSE = 1.822269e-07, Test pred MSE = 1.929984e-06, Param MSE = 1.957281e-05, Grad norm = 4.551685e-06, Beta update rate = 2.895146e-07
Epoch  46000 (0.9%): Train pred MSE = 1.801690e-07, Test pred MSE = 1.928936e-06, Param MSE = 1.956206e-05, Grad norm = 4.521533e-06, Beta update rate = 2.873715e-07
Epoch  46200 (0.9%): Train pred MSE = 1.781381e-07, Test pred MSE = 1.927897e-06, Param MSE = 1.955140e-05, Grad norm = 4.491656e-06, Beta update rate = 2.852501e-07
Epoch  46400 (0.9%): Train pred MSE = 1.761340e-07, Test pred MSE = 1.926867e-06, Param MSE = 1.954084e-05, Grad norm = 4.462053e-06, Beta update rate = 2.831503e-07
Epoch  46600 (0.9%): Train pred MSE = 1.741562e-07, Test pred MSE = 1.925846e-06, Param MSE = 1.953037e-05, Grad norm = 4.432719e-06, Beta update rate = 2.810717e-07
Epoch  46800 (0.9%): Train pred MSE = 1.722043e-07, Test pred MSE = 1.924834e-06, Param MSE = 1.951999e-05, Grad norm = 4.403651e-06, Beta update rate = 2.790141e-07
Epoch  47000 (0.9%): Train pred MSE = 1.702778e-07, Test pred MSE = 1.923831e-06, Param MSE = 1.950970e-05, Grad norm = 4.374846e-06, Beta update rate = 2.769771e-07
Epoch  47200 (0.9%): Train pred MSE = 1.683765e-07, Test pred MSE = 1.922837e-06, Param MSE = 1.949950e-05, Grad norm = 4.346300e-06, Beta update rate = 2.749605e-07
Epoch  47400 (0.9%): Train pred MSE = 1.664998e-07, Test pred MSE = 1.921852e-06, Param MSE = 1.948940e-05, Grad norm = 4.318010e-06, Beta update rate = 2.729640e-07
Epoch  47600 (1.0%): Train pred MSE = 1.646475e-07, Test pred MSE = 1.920875e-06, Param MSE = 1.947938e-05, Grad norm = 4.289973e-06, Beta update rate = 2.709874e-07
Epoch  47800 (1.0%): Train pred MSE = 1.628191e-07, Test pred MSE = 1.919906e-06, Param MSE = 1.946944e-05, Grad norm = 4.262186e-06, Beta update rate = 2.690303e-07
Epoch  48000 (1.0%): Train pred MSE = 1.610143e-07, Test pred MSE = 1.918946e-06, Param MSE = 1.945959e-05, Grad norm = 4.234645e-06, Beta update rate = 2.670926e-07
Epoch  48200 (1.0%): Train pred MSE = 1.592327e-07, Test pred MSE = 1.917995e-06, Param MSE = 1.944983e-05, Grad norm = 4.207349e-06, Beta update rate = 2.651740e-07
Epoch  48400 (1.0%): Train pred MSE = 1.574740e-07, Test pred MSE = 1.917051e-06, Param MSE = 1.944015e-05, Grad norm = 4.180293e-06, Beta update rate = 2.632742e-07
Epoch  48600 (1.0%): Train pred MSE = 1.557378e-07, Test pred MSE = 1.916116e-06, Param MSE = 1.943056e-05, Grad norm = 4.153475e-06, Beta update rate = 2.613930e-07
Epoch  48800 (1.0%): Train pred MSE = 1.540238e-07, Test pred MSE = 1.915189e-06, Param MSE = 1.942104e-05, Grad norm = 4.126892e-06, Beta update rate = 2.595301e-07
Epoch  49000 (1.0%): Train pred MSE = 1.523316e-07, Test pred MSE = 1.914269e-06, Param MSE = 1.941161e-05, Grad norm = 4.100541e-06, Beta update rate = 2.576853e-07
Epoch  49200 (1.0%): Train pred MSE = 1.506610e-07, Test pred MSE = 1.913358e-06, Param MSE = 1.940226e-05, Grad norm = 4.074419e-06, Beta update rate = 2.558584e-07
Epoch  49400 (1.0%): Train pred MSE = 1.490115e-07, Test pred MSE = 1.912454e-06, Param MSE = 1.939299e-05, Grad norm = 4.048524e-06, Beta update rate = 2.540492e-07
Epoch  49600 (1.0%): Train pred MSE = 1.473829e-07, Test pred MSE = 1.911558e-06, Param MSE = 1.938379e-05, Grad norm = 4.022852e-06, Beta update rate = 2.522574e-07
Epoch  49800 (1.0%): Train pred MSE = 1.457749e-07, Test pred MSE = 1.910670e-06, Param MSE = 1.937468e-05, Grad norm = 3.997402e-06, Beta update rate = 2.504827e-07
Epoch  50000 (1.0%): Train pred MSE = 1.441871e-07, Test pred MSE = 1.909789e-06, Param MSE = 1.936564e-05, Grad norm = 3.972170e-06, Beta update rate = 2.487251e-07
Epoch  50200 (1.0%): Train pred MSE = 1.426193e-07, Test pred MSE = 1.908916e-06, Param MSE = 1.935668e-05, Grad norm = 3.947154e-06, Beta update rate = 2.469842e-07
Epoch  50400 (1.0%): Train pred MSE = 1.410711e-07, Test pred MSE = 1.908050e-06, Param MSE = 1.934779e-05, Grad norm = 3.922352e-06, Beta update rate = 2.452598e-07
Epoch  50600 (1.0%): Train pred MSE = 1.395424e-07, Test pred MSE = 1.907191e-06, Param MSE = 1.933898e-05, Grad norm = 3.897760e-06, Beta update rate = 2.435518e-07
Epoch  50800 (1.0%): Train pred MSE = 1.380327e-07, Test pred MSE = 1.906339e-06, Param MSE = 1.933024e-05, Grad norm = 3.873377e-06, Beta update rate = 2.418599e-07
Epoch  51000 (1.0%): Train pred MSE = 1.365418e-07, Test pred MSE = 1.905495e-06, Param MSE = 1.932157e-05, Grad norm = 3.849200e-06, Beta update rate = 2.401840e-07
Epoch  51200 (1.0%): Train pred MSE = 1.350695e-07, Test pred MSE = 1.904658e-06, Param MSE = 1.931298e-05, Grad norm = 3.825227e-06, Beta update rate = 2.385238e-07
Epoch  51400 (1.0%): Train pred MSE = 1.336154e-07, Test pred MSE = 1.903827e-06, Param MSE = 1.930446e-05, Grad norm = 3.801454e-06, Beta update rate = 2.368791e-07
Epoch  51600 (1.0%): Train pred MSE = 1.321793e-07, Test pred MSE = 1.903004e-06, Param MSE = 1.929600e-05, Grad norm = 3.777881e-06, Beta update rate = 2.352498e-07
Epoch  51800 (1.0%): Train pred MSE = 1.307610e-07, Test pred MSE = 1.902187e-06, Param MSE = 1.928762e-05, Grad norm = 3.754505e-06, Beta update rate = 2.336356e-07
Epoch  52000 (1.0%): Train pred MSE = 1.293601e-07, Test pred MSE = 1.901377e-06, Param MSE = 1.927931e-05, Grad norm = 3.731323e-06, Beta update rate = 2.320364e-07
Epoch  52200 (1.0%): Train pred MSE = 1.279765e-07, Test pred MSE = 1.900574e-06, Param MSE = 1.927107e-05, Grad norm = 3.708333e-06, Beta update rate = 2.304520e-07
Epoch  52400 (1.0%): Train pred MSE = 1.266098e-07, Test pred MSE = 1.899777e-06, Param MSE = 1.926289e-05, Grad norm = 3.685533e-06, Beta update rate = 2.288822e-07
Epoch  52600 (1.1%): Train pred MSE = 1.252599e-07, Test pred MSE = 1.898987e-06, Param MSE = 1.925478e-05, Grad norm = 3.662921e-06, Beta update rate = 2.273268e-07
Epoch  52800 (1.1%): Train pred MSE = 1.239264e-07, Test pred MSE = 1.898204e-06, Param MSE = 1.924674e-05, Grad norm = 3.640495e-06, Beta update rate = 2.257856e-07
Epoch  53000 (1.1%): Train pred MSE = 1.226093e-07, Test pred MSE = 1.897427e-06, Param MSE = 1.923876e-05, Grad norm = 3.618252e-06, Beta update rate = 2.242586e-07
Epoch  53200 (1.1%): Train pred MSE = 1.213081e-07, Test pred MSE = 1.896656e-06, Param MSE = 1.923085e-05, Grad norm = 3.596191e-06, Beta update rate = 2.227454e-07
Epoch  53400 (1.1%): Train pred MSE = 1.200228e-07, Test pred MSE = 1.895891e-06, Param MSE = 1.922300e-05, Grad norm = 3.574310e-06, Beta update rate = 2.212460e-07
Epoch  53600 (1.1%): Train pred MSE = 1.187530e-07, Test pred MSE = 1.895133e-06, Param MSE = 1.921522e-05, Grad norm = 3.552606e-06, Beta update rate = 2.197601e-07
Epoch  53800 (1.1%): Train pred MSE = 1.174986e-07, Test pred MSE = 1.894381e-06, Param MSE = 1.920749e-05, Grad norm = 3.531078e-06, Beta update rate = 2.182877e-07
Epoch  54000 (1.1%): Train pred MSE = 1.162594e-07, Test pred MSE = 1.893635e-06, Param MSE = 1.919984e-05, Grad norm = 3.509724e-06, Beta update rate = 2.168285e-07
Epoch  54200 (1.1%): Train pred MSE = 1.150350e-07, Test pred MSE = 1.892895e-06, Param MSE = 1.919224e-05, Grad norm = 3.488541e-06, Beta update rate = 2.153824e-07
Epoch  54400 (1.1%): Train pred MSE = 1.138254e-07, Test pred MSE = 1.892161e-06, Param MSE = 1.918470e-05, Grad norm = 3.467529e-06, Beta update rate = 2.139492e-07
Epoch  54600 (1.1%): Train pred MSE = 1.126303e-07, Test pred MSE = 1.891433e-06, Param MSE = 1.917723e-05, Grad norm = 3.446684e-06, Beta update rate = 2.125288e-07
Epoch  54800 (1.1%): Train pred MSE = 1.114495e-07, Test pred MSE = 1.890711e-06, Param MSE = 1.916981e-05, Grad norm = 3.426006e-06, Beta update rate = 2.111211e-07
Epoch  55000 (1.1%): Train pred MSE = 1.102829e-07, Test pred MSE = 1.889994e-06, Param MSE = 1.916245e-05, Grad norm = 3.405492e-06, Beta update rate = 2.097258e-07
Epoch  55200 (1.1%): Train pred MSE = 1.091301e-07, Test pred MSE = 1.889283e-06, Param MSE = 1.915515e-05, Grad norm = 3.385141e-06, Beta update rate = 2.083429e-07
Epoch  55400 (1.1%): Train pred MSE = 1.079911e-07, Test pred MSE = 1.888578e-06, Param MSE = 1.914791e-05, Grad norm = 3.364951e-06, Beta update rate = 2.069721e-07
Epoch  55600 (1.1%): Train pred MSE = 1.068656e-07, Test pred MSE = 1.887879e-06, Param MSE = 1.914073e-05, Grad norm = 3.344920e-06, Beta update rate = 2.056134e-07
Epoch  55800 (1.1%): Train pred MSE = 1.057534e-07, Test pred MSE = 1.887185e-06, Param MSE = 1.913361e-05, Grad norm = 3.325046e-06, Beta update rate = 2.042666e-07
Epoch  56000 (1.1%): Train pred MSE = 1.046544e-07, Test pred MSE = 1.886496e-06, Param MSE = 1.912654e-05, Grad norm = 3.305329e-06, Beta update rate = 2.029316e-07
Epoch  56200 (1.1%): Train pred MSE = 1.035684e-07, Test pred MSE = 1.885813e-06, Param MSE = 1.911952e-05, Grad norm = 3.285765e-06, Beta update rate = 2.016082e-07
Epoch  56400 (1.1%): Train pred MSE = 1.024952e-07, Test pred MSE = 1.885136e-06, Param MSE = 1.911256e-05, Grad norm = 3.266354e-06, Beta update rate = 2.002963e-07
Epoch  56600 (1.1%): Train pred MSE = 1.014346e-07, Test pred MSE = 1.884463e-06, Param MSE = 1.910566e-05, Grad norm = 3.247094e-06, Beta update rate = 1.989958e-07
Epoch  56800 (1.1%): Train pred MSE = 1.003865e-07, Test pred MSE = 1.883796e-06, Param MSE = 1.909881e-05, Grad norm = 3.227984e-06, Beta update rate = 1.977065e-07
Epoch  57000 (1.1%): Train pred MSE = 9.935070e-08, Test pred MSE = 1.883135e-06, Param MSE = 1.909201e-05, Grad norm = 3.209021e-06, Beta update rate = 1.964283e-07
Epoch  57200 (1.1%): Train pred MSE = 9.832700e-08, Test pred MSE = 1.882478e-06, Param MSE = 1.908527e-05, Grad norm = 3.190204e-06, Beta update rate = 1.951612e-07
Epoch  57400 (1.1%): Train pred MSE = 9.731525e-08, Test pred MSE = 1.881827e-06, Param MSE = 1.907858e-05, Grad norm = 3.171532e-06, Beta update rate = 1.939048e-07
Epoch  57600 (1.2%): Train pred MSE = 9.631531e-08, Test pred MSE = 1.881180e-06, Param MSE = 1.907194e-05, Grad norm = 3.153004e-06, Beta update rate = 1.926592e-07
Epoch  57800 (1.2%): Train pred MSE = 9.532700e-08, Test pred MSE = 1.880539e-06, Param MSE = 1.906535e-05, Grad norm = 3.134617e-06, Beta update rate = 1.914243e-07
Epoch  58000 (1.2%): Train pred MSE = 9.435018e-08, Test pred MSE = 1.879902e-06, Param MSE = 1.905882e-05, Grad norm = 3.116370e-06, Beta update rate = 1.901998e-07
Epoch  58200 (1.2%): Train pred MSE = 9.338468e-08, Test pred MSE = 1.879271e-06, Param MSE = 1.905233e-05, Grad norm = 3.098263e-06, Beta update rate = 1.889857e-07
Epoch  58400 (1.2%): Train pred MSE = 9.243037e-08, Test pred MSE = 1.878644e-06, Param MSE = 1.904590e-05, Grad norm = 3.080293e-06, Beta update rate = 1.877818e-07
Epoch  58600 (1.2%): Train pred MSE = 9.148708e-08, Test pred MSE = 1.878023e-06, Param MSE = 1.903951e-05, Grad norm = 3.062459e-06, Beta update rate = 1.865881e-07
Epoch  58800 (1.2%): Train pred MSE = 9.055467e-08, Test pred MSE = 1.877406e-06, Param MSE = 1.903317e-05, Grad norm = 3.044759e-06, Beta update rate = 1.854044e-07
Epoch  59000 (1.2%): Train pred MSE = 8.963300e-08, Test pred MSE = 1.876794e-06, Param MSE = 1.902688e-05, Grad norm = 3.027193e-06, Beta update rate = 1.842307e-07
Epoch  59200 (1.2%): Train pred MSE = 8.872192e-08, Test pred MSE = 1.876186e-06, Param MSE = 1.902064e-05, Grad norm = 3.009759e-06, Beta update rate = 1.830668e-07
Epoch  59400 (1.2%): Train pred MSE = 8.782130e-08, Test pred MSE = 1.875583e-06, Param MSE = 1.901445e-05, Grad norm = 2.992455e-06, Beta update rate = 1.819125e-07
Epoch  59600 (1.2%): Train pred MSE = 8.693099e-08, Test pred MSE = 1.874985e-06, Param MSE = 1.900831e-05, Grad norm = 2.975281e-06, Beta update rate = 1.807679e-07
Epoch  59800 (1.2%): Train pred MSE = 8.605087e-08, Test pred MSE = 1.874391e-06, Param MSE = 1.900221e-05, Grad norm = 2.958235e-06, Beta update rate = 1.796327e-07
Epoch  60000 (1.2%): Train pred MSE = 8.518079e-08, Test pred MSE = 1.873802e-06, Param MSE = 1.899615e-05, Grad norm = 2.941316e-06, Beta update rate = 1.785070e-07
Epoch  60200 (1.2%): Train pred MSE = 8.432063e-08, Test pred MSE = 1.873217e-06, Param MSE = 1.899015e-05, Grad norm = 2.924522e-06, Beta update rate = 1.773905e-07
Epoch  60400 (1.2%): Train pred MSE = 8.347026e-08, Test pred MSE = 1.872637e-06, Param MSE = 1.898419e-05, Grad norm = 2.907853e-06, Beta update rate = 1.762833e-07
Epoch  60600 (1.2%): Train pred MSE = 8.262954e-08, Test pred MSE = 1.872061e-06, Param MSE = 1.897827e-05, Grad norm = 2.891306e-06, Beta update rate = 1.751851e-07
Epoch  60800 (1.2%): Train pred MSE = 8.179836e-08, Test pred MSE = 1.871490e-06, Param MSE = 1.897240e-05, Grad norm = 2.874881e-06, Beta update rate = 1.740959e-07
Epoch  61000 (1.2%): Train pred MSE = 8.097658e-08, Test pred MSE = 1.870922e-06, Param MSE = 1.896657e-05, Grad norm = 2.858577e-06, Beta update rate = 1.730155e-07
Epoch  61200 (1.2%): Train pred MSE = 8.016410e-08, Test pred MSE = 1.870360e-06, Param MSE = 1.896078e-05, Grad norm = 2.842393e-06, Beta update rate = 1.719440e-07
Epoch  61400 (1.2%): Train pred MSE = 7.936077e-08, Test pred MSE = 1.869801e-06, Param MSE = 1.895504e-05, Grad norm = 2.826327e-06, Beta update rate = 1.708812e-07
Epoch  61600 (1.2%): Train pred MSE = 7.856650e-08, Test pred MSE = 1.869246e-06, Param MSE = 1.894935e-05, Grad norm = 2.810378e-06, Beta update rate = 1.698270e-07
Epoch  61800 (1.2%): Train pred MSE = 7.778116e-08, Test pred MSE = 1.868696e-06, Param MSE = 1.894369e-05, Grad norm = 2.794545e-06, Beta update rate = 1.687813e-07
Epoch  62000 (1.2%): Train pred MSE = 7.700463e-08, Test pred MSE = 1.868150e-06, Param MSE = 1.893808e-05, Grad norm = 2.778826e-06, Beta update rate = 1.677440e-07
Epoch  62200 (1.2%): Train pred MSE = 7.623681e-08, Test pred MSE = 1.867607e-06, Param MSE = 1.893251e-05, Grad norm = 2.763222e-06, Beta update rate = 1.667151e-07
Epoch  62400 (1.2%): Train pred MSE = 7.547758e-08, Test pred MSE = 1.867069e-06, Param MSE = 1.892697e-05, Grad norm = 2.747731e-06, Beta update rate = 1.656944e-07
Epoch  62600 (1.3%): Train pred MSE = 7.472683e-08, Test pred MSE = 1.866535e-06, Param MSE = 1.892149e-05, Grad norm = 2.732351e-06, Beta update rate = 1.646819e-07
Epoch  62800 (1.3%): Train pred MSE = 7.398446e-08, Test pred MSE = 1.866005e-06, Param MSE = 1.891604e-05, Grad norm = 2.717081e-06, Beta update rate = 1.636775e-07
Epoch  63000 (1.3%): Train pred MSE = 7.325035e-08, Test pred MSE = 1.865478e-06, Param MSE = 1.891063e-05, Grad norm = 2.701921e-06, Beta update rate = 1.626810e-07
Epoch  63200 (1.3%): Train pred MSE = 7.252441e-08, Test pred MSE = 1.864956e-06, Param MSE = 1.890526e-05, Grad norm = 2.686870e-06, Beta update rate = 1.616925e-07
Epoch  63400 (1.3%): Train pred MSE = 7.180653e-08, Test pred MSE = 1.864437e-06, Param MSE = 1.889993e-05, Grad norm = 2.671926e-06, Beta update rate = 1.607118e-07
Epoch  63600 (1.3%): Train pred MSE = 7.109660e-08, Test pred MSE = 1.863923e-06, Param MSE = 1.889464e-05, Grad norm = 2.657089e-06, Beta update rate = 1.597388e-07
Epoch  63800 (1.3%): Train pred MSE = 7.039453e-08, Test pred MSE = 1.863412e-06, Param MSE = 1.888939e-05, Grad norm = 2.642357e-06, Beta update rate = 1.587735e-07
Epoch  64000 (1.3%): Train pred MSE = 6.970021e-08, Test pred MSE = 1.862904e-06, Param MSE = 1.888417e-05, Grad norm = 2.627729e-06, Beta update rate = 1.578158e-07
Epoch  64200 (1.3%): Train pred MSE = 6.901356e-08, Test pred MSE = 1.862401e-06, Param MSE = 1.887900e-05, Grad norm = 2.613205e-06, Beta update rate = 1.568656e-07
Epoch  64400 (1.3%): Train pred MSE = 6.833447e-08, Test pred MSE = 1.861901e-06, Param MSE = 1.887386e-05, Grad norm = 2.598784e-06, Beta update rate = 1.559229e-07
Epoch  64600 (1.3%): Train pred MSE = 6.766285e-08, Test pred MSE = 1.861405e-06, Param MSE = 1.886876e-05, Grad norm = 2.584464e-06, Beta update rate = 1.549874e-07
Epoch  64800 (1.3%): Train pred MSE = 6.699860e-08, Test pred MSE = 1.860912e-06, Param MSE = 1.886370e-05, Grad norm = 2.570244e-06, Beta update rate = 1.540593e-07
Epoch  65000 (1.3%): Train pred MSE = 6.634164e-08, Test pred MSE = 1.860423e-06, Param MSE = 1.885867e-05, Grad norm = 2.556125e-06, Beta update rate = 1.531384e-07
Epoch  65200 (1.3%): Train pred MSE = 6.569187e-08, Test pred MSE = 1.859938e-06, Param MSE = 1.885368e-05, Grad norm = 2.542104e-06, Beta update rate = 1.522246e-07
Epoch  65400 (1.3%): Train pred MSE = 6.504921e-08, Test pred MSE = 1.859456e-06, Param MSE = 1.884873e-05, Grad norm = 2.528181e-06, Beta update rate = 1.513178e-07
Epoch  65600 (1.3%): Train pred MSE = 6.441356e-08, Test pred MSE = 1.858977e-06, Param MSE = 1.884381e-05, Grad norm = 2.514355e-06, Beta update rate = 1.504181e-07
Epoch  65800 (1.3%): Train pred MSE = 6.378483e-08, Test pred MSE = 1.858502e-06, Param MSE = 1.883893e-05, Grad norm = 2.500625e-06, Beta update rate = 1.495252e-07
Epoch  66000 (1.3%): Train pred MSE = 6.316295e-08, Test pred MSE = 1.858031e-06, Param MSE = 1.883408e-05, Grad norm = 2.486991e-06, Beta update rate = 1.486393e-07
Epoch  66200 (1.3%): Train pred MSE = 6.254783e-08, Test pred MSE = 1.857562e-06, Param MSE = 1.882926e-05, Grad norm = 2.473451e-06, Beta update rate = 1.477601e-07
Epoch  66400 (1.3%): Train pred MSE = 6.193938e-08, Test pred MSE = 1.857097e-06, Param MSE = 1.882449e-05, Grad norm = 2.460004e-06, Beta update rate = 1.468876e-07
Epoch  66600 (1.3%): Train pred MSE = 6.133753e-08, Test pred MSE = 1.856636e-06, Param MSE = 1.881974e-05, Grad norm = 2.446650e-06, Beta update rate = 1.460217e-07
Epoch  66800 (1.3%): Train pred MSE = 6.074219e-08, Test pred MSE = 1.856178e-06, Param MSE = 1.881503e-05, Grad norm = 2.433388e-06, Beta update rate = 1.451625e-07
Epoch  67000 (1.3%): Train pred MSE = 6.015328e-08, Test pred MSE = 1.855723e-06, Param MSE = 1.881035e-05, Grad norm = 2.420217e-06, Beta update rate = 1.443097e-07
Epoch  67200 (1.3%): Train pred MSE = 5.957072e-08, Test pred MSE = 1.855271e-06, Param MSE = 1.880571e-05, Grad norm = 2.407136e-06, Beta update rate = 1.434634e-07
Epoch  67400 (1.3%): Train pred MSE = 5.899444e-08, Test pred MSE = 1.854822e-06, Param MSE = 1.880110e-05, Grad norm = 2.394144e-06, Beta update rate = 1.426235e-07
Epoch  67600 (1.4%): Train pred MSE = 5.842436e-08, Test pred MSE = 1.854377e-06, Param MSE = 1.879652e-05, Grad norm = 2.381241e-06, Beta update rate = 1.417900e-07
Epoch  67800 (1.4%): Train pred MSE = 5.786040e-08, Test pred MSE = 1.853935e-06, Param MSE = 1.879197e-05, Grad norm = 2.368426e-06, Beta update rate = 1.409626e-07
Epoch  68000 (1.4%): Train pred MSE = 5.730249e-08, Test pred MSE = 1.853496e-06, Param MSE = 1.878746e-05, Grad norm = 2.355698e-06, Beta update rate = 1.401415e-07
Epoch  68200 (1.4%): Train pred MSE = 5.675055e-08, Test pred MSE = 1.853060e-06, Param MSE = 1.878298e-05, Grad norm = 2.343056e-06, Beta update rate = 1.393265e-07
Epoch  68400 (1.4%): Train pred MSE = 5.620453e-08, Test pred MSE = 1.852627e-06, Param MSE = 1.877852e-05, Grad norm = 2.330500e-06, Beta update rate = 1.385177e-07
Epoch  68600 (1.4%): Train pred MSE = 5.566433e-08, Test pred MSE = 1.852197e-06, Param MSE = 1.877410e-05, Grad norm = 2.318028e-06, Beta update rate = 1.377148e-07
Epoch  68800 (1.4%): Train pred MSE = 5.512989e-08, Test pred MSE = 1.851770e-06, Param MSE = 1.876972e-05, Grad norm = 2.305641e-06, Beta update rate = 1.369179e-07
Epoch  69000 (1.4%): Train pred MSE = 5.460115e-08, Test pred MSE = 1.851346e-06, Param MSE = 1.876536e-05, Grad norm = 2.293336e-06, Beta update rate = 1.361269e-07
Epoch  69200 (1.4%): Train pred MSE = 5.407804e-08, Test pred MSE = 1.850926e-06, Param MSE = 1.876103e-05, Grad norm = 2.281115e-06, Beta update rate = 1.353417e-07
Epoch  69400 (1.4%): Train pred MSE = 5.356048e-08, Test pred MSE = 1.850508e-06, Param MSE = 1.875673e-05, Grad norm = 2.268975e-06, Beta update rate = 1.345624e-07
Epoch  69600 (1.4%): Train pred MSE = 5.304841e-08, Test pred MSE = 1.850093e-06, Param MSE = 1.875247e-05, Grad norm = 2.256916e-06, Beta update rate = 1.337887e-07
Epoch  69800 (1.4%): Train pred MSE = 5.254176e-08, Test pred MSE = 1.849681e-06, Param MSE = 1.874823e-05, Grad norm = 2.244938e-06, Beta update rate = 1.330208e-07
Epoch  70000 (1.4%): Train pred MSE = 5.204048e-08, Test pred MSE = 1.849271e-06, Param MSE = 1.874402e-05, Grad norm = 2.233039e-06, Beta update rate = 1.322585e-07
Epoch  70200 (1.4%): Train pred MSE = 5.154449e-08, Test pred MSE = 1.848865e-06, Param MSE = 1.873984e-05, Grad norm = 2.221220e-06, Beta update rate = 1.315018e-07
Epoch  70400 (1.4%): Train pred MSE = 5.105373e-08, Test pred MSE = 1.848461e-06, Param MSE = 1.873569e-05, Grad norm = 2.209478e-06, Beta update rate = 1.307505e-07
Epoch  70600 (1.4%): Train pred MSE = 5.056815e-08, Test pred MSE = 1.848061e-06, Param MSE = 1.873157e-05, Grad norm = 2.197815e-06, Beta update rate = 1.300048e-07
Epoch  70800 (1.4%): Train pred MSE = 5.008767e-08, Test pred MSE = 1.847663e-06, Param MSE = 1.872748e-05, Grad norm = 2.186228e-06, Beta update rate = 1.292645e-07
Epoch  71000 (1.4%): Train pred MSE = 4.961224e-08, Test pred MSE = 1.847267e-06, Param MSE = 1.872341e-05, Grad norm = 2.174718e-06, Beta update rate = 1.285295e-07
Epoch  71200 (1.4%): Train pred MSE = 4.914181e-08, Test pred MSE = 1.846875e-06, Param MSE = 1.871937e-05, Grad norm = 2.163284e-06, Beta update rate = 1.277999e-07
Epoch  71400 (1.4%): Train pred MSE = 4.867630e-08, Test pred MSE = 1.846485e-06, Param MSE = 1.871536e-05, Grad norm = 2.151925e-06, Beta update rate = 1.270755e-07
Epoch  71600 (1.4%): Train pred MSE = 4.821567e-08, Test pred MSE = 1.846098e-06, Param MSE = 1.871138e-05, Grad norm = 2.140640e-06, Beta update rate = 1.263564e-07
Epoch  71800 (1.4%): Train pred MSE = 4.775985e-08, Test pred MSE = 1.845713e-06, Param MSE = 1.870743e-05, Grad norm = 2.129429e-06, Beta update rate = 1.256424e-07
Epoch  72000 (1.4%): Train pred MSE = 4.730879e-08, Test pred MSE = 1.845332e-06, Param MSE = 1.870350e-05, Grad norm = 2.118291e-06, Beta update rate = 1.249335e-07
Epoch  72200 (1.4%): Train pred MSE = 4.686244e-08, Test pred MSE = 1.844952e-06, Param MSE = 1.869960e-05, Grad norm = 2.107226e-06, Beta update rate = 1.242298e-07
Epoch  72400 (1.4%): Train pred MSE = 4.642073e-08, Test pred MSE = 1.844576e-06, Param MSE = 1.869573e-05, Grad norm = 2.096233e-06, Beta update rate = 1.235310e-07
Epoch  72600 (1.5%): Train pred MSE = 4.598362e-08, Test pred MSE = 1.844201e-06, Param MSE = 1.869188e-05, Grad norm = 2.085311e-06, Beta update rate = 1.228372e-07
Epoch  72800 (1.5%): Train pred MSE = 4.555104e-08, Test pred MSE = 1.843830e-06, Param MSE = 1.868806e-05, Grad norm = 2.074460e-06, Beta update rate = 1.221484e-07
Epoch  73000 (1.5%): Train pred MSE = 4.512295e-08, Test pred MSE = 1.843461e-06, Param MSE = 1.868426e-05, Grad norm = 2.063679e-06, Beta update rate = 1.214644e-07
Epoch  73200 (1.5%): Train pred MSE = 4.469930e-08, Test pred MSE = 1.843094e-06, Param MSE = 1.868049e-05, Grad norm = 2.052968e-06, Beta update rate = 1.207853e-07
Epoch  73400 (1.5%): Train pred MSE = 4.428003e-08, Test pred MSE = 1.842730e-06, Param MSE = 1.867674e-05, Grad norm = 2.042326e-06, Beta update rate = 1.201110e-07
Epoch  73600 (1.5%): Train pred MSE = 4.386510e-08, Test pred MSE = 1.842369e-06, Param MSE = 1.867303e-05, Grad norm = 2.031752e-06, Beta update rate = 1.194415e-07
Epoch  73800 (1.5%): Train pred MSE = 4.345445e-08, Test pred MSE = 1.842010e-06, Param MSE = 1.866933e-05, Grad norm = 2.021246e-06, Beta update rate = 1.187767e-07
Epoch  74000 (1.5%): Train pred MSE = 4.304803e-08, Test pred MSE = 1.841653e-06, Param MSE = 1.866566e-05, Grad norm = 2.010808e-06, Beta update rate = 1.181165e-07
Epoch  74200 (1.5%): Train pred MSE = 4.264579e-08, Test pred MSE = 1.841299e-06, Param MSE = 1.866202e-05, Grad norm = 2.000436e-06, Beta update rate = 1.174610e-07
Epoch  74400 (1.5%): Train pred MSE = 4.224769e-08, Test pred MSE = 1.840947e-06, Param MSE = 1.865840e-05, Grad norm = 1.990131e-06, Beta update rate = 1.168101e-07
Epoch  74600 (1.5%): Train pred MSE = 4.185368e-08, Test pred MSE = 1.840597e-06, Param MSE = 1.865480e-05, Grad norm = 1.979891e-06, Beta update rate = 1.161637e-07
Epoch  74800 (1.5%): Train pred MSE = 4.146372e-08, Test pred MSE = 1.840250e-06, Param MSE = 1.865123e-05, Grad norm = 1.969716e-06, Beta update rate = 1.155218e-07
Epoch  75000 (1.5%): Train pred MSE = 4.107774e-08, Test pred MSE = 1.839905e-06, Param MSE = 1.864768e-05, Grad norm = 1.959606e-06, Beta update rate = 1.148844e-07
Epoch  75200 (1.5%): Train pred MSE = 4.069572e-08, Test pred MSE = 1.839562e-06, Param MSE = 1.864415e-05, Grad norm = 1.949561e-06, Beta update rate = 1.142514e-07
Epoch  75400 (1.5%): Train pred MSE = 4.031760e-08, Test pred MSE = 1.839222e-06, Param MSE = 1.864065e-05, Grad norm = 1.939578e-06, Beta update rate = 1.136228e-07
Epoch  75600 (1.5%): Train pred MSE = 3.994334e-08, Test pred MSE = 1.838884e-06, Param MSE = 1.863717e-05, Grad norm = 1.929659e-06, Beta update rate = 1.129985e-07
Epoch  75800 (1.5%): Train pred MSE = 3.957290e-08, Test pred MSE = 1.838548e-06, Param MSE = 1.863372e-05, Grad norm = 1.919803e-06, Beta update rate = 1.123785e-07
Epoch  76000 (1.5%): Train pred MSE = 3.920623e-08, Test pred MSE = 1.838215e-06, Param MSE = 1.863029e-05, Grad norm = 1.910008e-06, Beta update rate = 1.117629e-07
Epoch  76200 (1.5%): Train pred MSE = 3.884328e-08, Test pred MSE = 1.837883e-06, Param MSE = 1.862688e-05, Grad norm = 1.900275e-06, Beta update rate = 1.111514e-07
Epoch  76400 (1.5%): Train pred MSE = 3.848403e-08, Test pred MSE = 1.837554e-06, Param MSE = 1.862349e-05, Grad norm = 1.890604e-06, Beta update rate = 1.105441e-07
Epoch  76600 (1.5%): Train pred MSE = 3.812842e-08, Test pred MSE = 1.837227e-06, Param MSE = 1.862013e-05, Grad norm = 1.880992e-06, Beta update rate = 1.099410e-07
Epoch  76800 (1.5%): Train pred MSE = 3.777642e-08, Test pred MSE = 1.836902e-06, Param MSE = 1.861678e-05, Grad norm = 1.871441e-06, Beta update rate = 1.093421e-07
Epoch  77000 (1.5%): Train pred MSE = 3.742798e-08, Test pred MSE = 1.836580e-06, Param MSE = 1.861346e-05, Grad norm = 1.861950e-06, Beta update rate = 1.087472e-07
Epoch  77200 (1.5%): Train pred MSE = 3.708306e-08, Test pred MSE = 1.836259e-06, Param MSE = 1.861017e-05, Grad norm = 1.852518e-06, Beta update rate = 1.081563e-07
Epoch  77400 (1.5%): Train pred MSE = 3.674162e-08, Test pred MSE = 1.835940e-06, Param MSE = 1.860689e-05, Grad norm = 1.843144e-06, Beta update rate = 1.075695e-07
Epoch  77600 (1.6%): Train pred MSE = 3.640363e-08, Test pred MSE = 1.835624e-06, Param MSE = 1.860363e-05, Grad norm = 1.833829e-06, Beta update rate = 1.069867e-07
Epoch  77800 (1.6%): Train pred MSE = 3.606905e-08, Test pred MSE = 1.835310e-06, Param MSE = 1.860040e-05, Grad norm = 1.824571e-06, Beta update rate = 1.064078e-07
Epoch  78000 (1.6%): Train pred MSE = 3.573784e-08, Test pred MSE = 1.834998e-06, Param MSE = 1.859719e-05, Grad norm = 1.815371e-06, Beta update rate = 1.058328e-07
Epoch  78200 (1.6%): Train pred MSE = 3.540995e-08, Test pred MSE = 1.834687e-06, Param MSE = 1.859399e-05, Grad norm = 1.806227e-06, Beta update rate = 1.052617e-07
Epoch  78400 (1.6%): Train pred MSE = 3.508536e-08, Test pred MSE = 1.834379e-06, Param MSE = 1.859082e-05, Grad norm = 1.797140e-06, Beta update rate = 1.046944e-07
Epoch  78600 (1.6%): Train pred MSE = 3.476402e-08, Test pred MSE = 1.834073e-06, Param MSE = 1.858767e-05, Grad norm = 1.788109e-06, Beta update rate = 1.041310e-07
Epoch  78800 (1.6%): Train pred MSE = 3.444590e-08, Test pred MSE = 1.833769e-06, Param MSE = 1.858454e-05, Grad norm = 1.779134e-06, Beta update rate = 1.035713e-07
Epoch  79000 (1.6%): Train pred MSE = 3.413097e-08, Test pred MSE = 1.833467e-06, Param MSE = 1.858143e-05, Grad norm = 1.770214e-06, Beta update rate = 1.030154e-07
Epoch  79200 (1.6%): Train pred MSE = 3.381918e-08, Test pred MSE = 1.833167e-06, Param MSE = 1.857834e-05, Grad norm = 1.761348e-06, Beta update rate = 1.024631e-07
Epoch  79400 (1.6%): Train pred MSE = 3.351051e-08, Test pred MSE = 1.832868e-06, Param MSE = 1.857527e-05, Grad norm = 1.752537e-06, Beta update rate = 1.019146e-07
Epoch  79600 (1.6%): Train pred MSE = 3.320492e-08, Test pred MSE = 1.832572e-06, Param MSE = 1.857222e-05, Grad norm = 1.743779e-06, Beta update rate = 1.013697e-07
Epoch  79800 (1.6%): Train pred MSE = 3.290237e-08, Test pred MSE = 1.832277e-06, Param MSE = 1.856919e-05, Grad norm = 1.735075e-06, Beta update rate = 1.008285e-07
Epoch  80000 (1.6%): Train pred MSE = 3.260283e-08, Test pred MSE = 1.831985e-06, Param MSE = 1.856618e-05, Grad norm = 1.726424e-06, Beta update rate = 1.002908e-07
Epoch  80200 (1.6%): Train pred MSE = 3.230627e-08, Test pred MSE = 1.831694e-06, Param MSE = 1.856319e-05, Grad norm = 1.717825e-06, Beta update rate = 9.975670e-08
Epoch  80400 (1.6%): Train pred MSE = 3.201266e-08, Test pred MSE = 1.831406e-06, Param MSE = 1.856022e-05, Grad norm = 1.709279e-06, Beta update rate = 9.922612e-08
Epoch  80600 (1.6%): Train pred MSE = 3.172196e-08, Test pred MSE = 1.831119e-06, Param MSE = 1.855726e-05, Grad norm = 1.700784e-06, Beta update rate = 9.869904e-08
Epoch  80800 (1.6%): Train pred MSE = 3.143414e-08, Test pred MSE = 1.830834e-06, Param MSE = 1.855433e-05, Grad norm = 1.692341e-06, Beta update rate = 9.817543e-08
Epoch  81000 (1.6%): Train pred MSE = 3.114916e-08, Test pred MSE = 1.830550e-06, Param MSE = 1.855141e-05, Grad norm = 1.683949e-06, Beta update rate = 9.765526e-08
Epoch  81200 (1.6%): Train pred MSE = 3.086701e-08, Test pred MSE = 1.830269e-06, Param MSE = 1.854852e-05, Grad norm = 1.675608e-06, Beta update rate = 9.713850e-08
Epoch  81400 (1.6%): Train pred MSE = 3.058764e-08, Test pred MSE = 1.829989e-06, Param MSE = 1.854564e-05, Grad norm = 1.667317e-06, Beta update rate = 9.662513e-08
Epoch  81600 (1.6%): Train pred MSE = 3.031103e-08, Test pred MSE = 1.829711e-06, Param MSE = 1.854278e-05, Grad norm = 1.659075e-06, Beta update rate = 9.611512e-08
Epoch  81800 (1.6%): Train pred MSE = 3.003715e-08, Test pred MSE = 1.829435e-06, Param MSE = 1.853994e-05, Grad norm = 1.650884e-06, Beta update rate = 9.560843e-08
Epoch  82000 (1.6%): Train pred MSE = 2.976596e-08, Test pred MSE = 1.829161e-06, Param MSE = 1.853711e-05, Grad norm = 1.642741e-06, Beta update rate = 9.510504e-08
Epoch  82200 (1.6%): Train pred MSE = 2.949744e-08, Test pred MSE = 1.828889e-06, Param MSE = 1.853431e-05, Grad norm = 1.634647e-06, Beta update rate = 9.460493e-08
Epoch  82400 (1.6%): Train pred MSE = 2.923155e-08, Test pred MSE = 1.828618e-06, Param MSE = 1.853152e-05, Grad norm = 1.626601e-06, Beta update rate = 9.410807e-08
Epoch  82600 (1.7%): Train pred MSE = 2.896828e-08, Test pred MSE = 1.828349e-06, Param MSE = 1.852875e-05, Grad norm = 1.618604e-06, Beta update rate = 9.361442e-08
Epoch  82800 (1.7%): Train pred MSE = 2.870759e-08, Test pred MSE = 1.828081e-06, Param MSE = 1.852600e-05, Grad norm = 1.610654e-06, Beta update rate = 9.312397e-08
Epoch  83000 (1.7%): Train pred MSE = 2.844945e-08, Test pred MSE = 1.827815e-06, Param MSE = 1.852326e-05, Grad norm = 1.602751e-06, Beta update rate = 9.263668e-08
Epoch  83200 (1.7%): Train pred MSE = 2.819384e-08, Test pred MSE = 1.827551e-06, Param MSE = 1.852054e-05, Grad norm = 1.594895e-06, Beta update rate = 9.215254e-08
Epoch  83400 (1.7%): Train pred MSE = 2.794072e-08, Test pred MSE = 1.827289e-06, Param MSE = 1.851784e-05, Grad norm = 1.587086e-06, Beta update rate = 9.167151e-08
Epoch  83600 (1.7%): Train pred MSE = 2.769008e-08, Test pred MSE = 1.827028e-06, Param MSE = 1.851516e-05, Grad norm = 1.579323e-06, Beta update rate = 9.119358e-08
Epoch  83800 (1.7%): Train pred MSE = 2.744188e-08, Test pred MSE = 1.826769e-06, Param MSE = 1.851249e-05, Grad norm = 1.571607e-06, Beta update rate = 9.071870e-08
Epoch  84000 (1.7%): Train pred MSE = 2.719610e-08, Test pred MSE = 1.826512e-06, Param MSE = 1.850984e-05, Grad norm = 1.563935e-06, Beta update rate = 9.024687e-08
Epoch  84200 (1.7%): Train pred MSE = 2.695271e-08, Test pred MSE = 1.826256e-06, Param MSE = 1.850720e-05, Grad norm = 1.556309e-06, Beta update rate = 8.977806e-08
Epoch  84400 (1.7%): Train pred MSE = 2.671169e-08, Test pred MSE = 1.826002e-06, Param MSE = 1.850459e-05, Grad norm = 1.548728e-06, Beta update rate = 8.931223e-08
Epoch  84600 (1.7%): Train pred MSE = 2.647301e-08, Test pred MSE = 1.825749e-06, Param MSE = 1.850199e-05, Grad norm = 1.541191e-06, Beta update rate = 8.884938e-08
Epoch  84800 (1.7%): Train pred MSE = 2.623664e-08, Test pred MSE = 1.825498e-06, Param MSE = 1.849940e-05, Grad norm = 1.533699e-06, Beta update rate = 8.838946e-08
Epoch  85000 (1.7%): Train pred MSE = 2.600257e-08, Test pred MSE = 1.825249e-06, Param MSE = 1.849683e-05, Grad norm = 1.526250e-06, Beta update rate = 8.793247e-08
Epoch  85200 (1.7%): Train pred MSE = 2.577076e-08, Test pred MSE = 1.825001e-06, Param MSE = 1.849428e-05, Grad norm = 1.518845e-06, Beta update rate = 8.747838e-08
Epoch  85400 (1.7%): Train pred MSE = 2.554120e-08, Test pred MSE = 1.824754e-06, Param MSE = 1.849174e-05, Grad norm = 1.511484e-06, Beta update rate = 8.702715e-08
Epoch  85600 (1.7%): Train pred MSE = 2.531385e-08, Test pred MSE = 1.824509e-06, Param MSE = 1.848922e-05, Grad norm = 1.504165e-06, Beta update rate = 8.657878e-08
Epoch  85800 (1.7%): Train pred MSE = 2.508871e-08, Test pred MSE = 1.824266e-06, Param MSE = 1.848672e-05, Grad norm = 1.496889e-06, Beta update rate = 8.613324e-08
Epoch  86000 (1.7%): Train pred MSE = 2.486573e-08, Test pred MSE = 1.824024e-06, Param MSE = 1.848423e-05, Grad norm = 1.489655e-06, Beta update rate = 8.569050e-08
Epoch  86200 (1.7%): Train pred MSE = 2.464490e-08, Test pred MSE = 1.823784e-06, Param MSE = 1.848175e-05, Grad norm = 1.482463e-06, Beta update rate = 8.525054e-08
Epoch  86400 (1.7%): Train pred MSE = 2.442620e-08, Test pred MSE = 1.823545e-06, Param MSE = 1.847929e-05, Grad norm = 1.475313e-06, Beta update rate = 8.481335e-08
Epoch  86600 (1.7%): Train pred MSE = 2.420960e-08, Test pred MSE = 1.823308e-06, Param MSE = 1.847685e-05, Grad norm = 1.468205e-06, Beta update rate = 8.437889e-08
Epoch  86800 (1.7%): Train pred MSE = 2.399508e-08, Test pred MSE = 1.823072e-06, Param MSE = 1.847442e-05, Grad norm = 1.461137e-06, Beta update rate = 8.394715e-08
Epoch  87000 (1.7%): Train pred MSE = 2.378262e-08, Test pred MSE = 1.822838e-06, Param MSE = 1.847200e-05, Grad norm = 1.454111e-06, Beta update rate = 8.351811e-08
Epoch  87200 (1.7%): Train pred MSE = 2.357220e-08, Test pred MSE = 1.822605e-06, Param MSE = 1.846961e-05, Grad norm = 1.447125e-06, Beta update rate = 8.309175e-08
Epoch  87400 (1.7%): Train pred MSE = 2.336380e-08, Test pred MSE = 1.822373e-06, Param MSE = 1.846722e-05, Grad norm = 1.440179e-06, Beta update rate = 8.266804e-08
Epoch  87600 (1.8%): Train pred MSE = 2.315739e-08, Test pred MSE = 1.822143e-06, Param MSE = 1.846485e-05, Grad norm = 1.433273e-06, Beta update rate = 8.224696e-08
Epoch  87800 (1.8%): Train pred MSE = 2.295295e-08, Test pred MSE = 1.821914e-06, Param MSE = 1.846250e-05, Grad norm = 1.426407e-06, Beta update rate = 8.182849e-08
Epoch  88000 (1.8%): Train pred MSE = 2.275047e-08, Test pred MSE = 1.821687e-06, Param MSE = 1.846015e-05, Grad norm = 1.419580e-06, Beta update rate = 8.141262e-08
Epoch  88200 (1.8%): Train pred MSE = 2.254992e-08, Test pred MSE = 1.821461e-06, Param MSE = 1.845783e-05, Grad norm = 1.412792e-06, Beta update rate = 8.099932e-08
Epoch  88400 (1.8%): Train pred MSE = 2.235128e-08, Test pred MSE = 1.821236e-06, Param MSE = 1.845552e-05, Grad norm = 1.406043e-06, Beta update rate = 8.058857e-08
Epoch  88600 (1.8%): Train pred MSE = 2.215453e-08, Test pred MSE = 1.821013e-06, Param MSE = 1.845322e-05, Grad norm = 1.399333e-06, Beta update rate = 8.018036e-08
Epoch  88800 (1.8%): Train pred MSE = 2.195966e-08, Test pred MSE = 1.820792e-06, Param MSE = 1.845093e-05, Grad norm = 1.392661e-06, Beta update rate = 7.977466e-08
Epoch  89000 (1.8%): Train pred MSE = 2.176664e-08, Test pred MSE = 1.820571e-06, Param MSE = 1.844866e-05, Grad norm = 1.386027e-06, Beta update rate = 7.937145e-08
Epoch  89200 (1.8%): Train pred MSE = 2.157545e-08, Test pred MSE = 1.820352e-06, Param MSE = 1.844641e-05, Grad norm = 1.379431e-06, Beta update rate = 7.897072e-08
Epoch  89400 (1.8%): Train pred MSE = 2.138608e-08, Test pred MSE = 1.820134e-06, Param MSE = 1.844416e-05, Grad norm = 1.372872e-06, Beta update rate = 7.857244e-08
Epoch  89600 (1.8%): Train pred MSE = 2.119850e-08, Test pred MSE = 1.819918e-06, Param MSE = 1.844193e-05, Grad norm = 1.366350e-06, Beta update rate = 7.817660e-08
Epoch  89800 (1.8%): Train pred MSE = 2.101270e-08, Test pred MSE = 1.819703e-06, Param MSE = 1.843972e-05, Grad norm = 1.359866e-06, Beta update rate = 7.778318e-08
Epoch  90000 (1.8%): Train pred MSE = 2.082866e-08, Test pred MSE = 1.819489e-06, Param MSE = 1.843751e-05, Grad norm = 1.353418e-06, Beta update rate = 7.739216e-08
Epoch  90200 (1.8%): Train pred MSE = 2.064636e-08, Test pred MSE = 1.819276e-06, Param MSE = 1.843533e-05, Grad norm = 1.347006e-06, Beta update rate = 7.700352e-08
Epoch  90400 (1.8%): Train pred MSE = 2.046578e-08, Test pred MSE = 1.819065e-06, Param MSE = 1.843315e-05, Grad norm = 1.340631e-06, Beta update rate = 7.661724e-08
Epoch  90600 (1.8%): Train pred MSE = 2.028691e-08, Test pred MSE = 1.818855e-06, Param MSE = 1.843099e-05, Grad norm = 1.334291e-06, Beta update rate = 7.623330e-08
Epoch  90800 (1.8%): Train pred MSE = 2.010972e-08, Test pred MSE = 1.818646e-06, Param MSE = 1.842884e-05, Grad norm = 1.327988e-06, Beta update rate = 7.585170e-08
Epoch  91000 (1.8%): Train pred MSE = 1.993421e-08, Test pred MSE = 1.818439e-06, Param MSE = 1.842670e-05, Grad norm = 1.321719e-06, Beta update rate = 7.547240e-08
Epoch  91200 (1.8%): Train pred MSE = 1.976034e-08, Test pred MSE = 1.818233e-06, Param MSE = 1.842458e-05, Grad norm = 1.315486e-06, Beta update rate = 7.509540e-08
Epoch  91400 (1.8%): Train pred MSE = 1.958811e-08, Test pred MSE = 1.818028e-06, Param MSE = 1.842246e-05, Grad norm = 1.309288e-06, Beta update rate = 7.472068e-08
Epoch  91600 (1.8%): Train pred MSE = 1.941750e-08, Test pred MSE = 1.817824e-06, Param MSE = 1.842037e-05, Grad norm = 1.303125e-06, Beta update rate = 7.434821e-08
Epoch  91800 (1.8%): Train pred MSE = 1.924849e-08, Test pred MSE = 1.817622e-06, Param MSE = 1.841828e-05, Grad norm = 1.296995e-06, Beta update rate = 7.397798e-08
Epoch  92000 (1.8%): Train pred MSE = 1.908107e-08, Test pred MSE = 1.817420e-06, Param MSE = 1.841621e-05, Grad norm = 1.290901e-06, Beta update rate = 7.360997e-08
Epoch  92200 (1.8%): Train pred MSE = 1.891521e-08, Test pred MSE = 1.817220e-06, Param MSE = 1.841414e-05, Grad norm = 1.284840e-06, Beta update rate = 7.324418e-08
Epoch  92400 (1.8%): Train pred MSE = 1.875091e-08, Test pred MSE = 1.817021e-06, Param MSE = 1.841210e-05, Grad norm = 1.278813e-06, Beta update rate = 7.288057e-08
Epoch  92600 (1.9%): Train pred MSE = 1.858815e-08, Test pred MSE = 1.816824e-06, Param MSE = 1.841006e-05, Grad norm = 1.272819e-06, Beta update rate = 7.251914e-08
Epoch  92800 (1.9%): Train pred MSE = 1.842691e-08, Test pred MSE = 1.816627e-06, Param MSE = 1.840803e-05, Grad norm = 1.266859e-06, Beta update rate = 7.215987e-08
Epoch  93000 (1.9%): Train pred MSE = 1.826717e-08, Test pred MSE = 1.816432e-06, Param MSE = 1.840602e-05, Grad norm = 1.260932e-06, Beta update rate = 7.180274e-08
Epoch  93200 (1.9%): Train pred MSE = 1.810892e-08, Test pred MSE = 1.816238e-06, Param MSE = 1.840402e-05, Grad norm = 1.255037e-06, Beta update rate = 7.144774e-08
Epoch  93400 (1.9%): Train pred MSE = 1.795215e-08, Test pred MSE = 1.816045e-06, Param MSE = 1.840203e-05, Grad norm = 1.249175e-06, Beta update rate = 7.109485e-08
Epoch  93600 (1.9%): Train pred MSE = 1.779684e-08, Test pred MSE = 1.815853e-06, Param MSE = 1.840005e-05, Grad norm = 1.243346e-06, Beta update rate = 7.074405e-08
Epoch  93800 (1.9%): Train pred MSE = 1.764298e-08, Test pred MSE = 1.815662e-06, Param MSE = 1.839809e-05, Grad norm = 1.237549e-06, Beta update rate = 7.039534e-08
Epoch  94000 (1.9%): Train pred MSE = 1.749054e-08, Test pred MSE = 1.815473e-06, Param MSE = 1.839614e-05, Grad norm = 1.231784e-06, Beta update rate = 7.004869e-08
Epoch  94200 (1.9%): Train pred MSE = 1.733952e-08, Test pred MSE = 1.815284e-06, Param MSE = 1.839419e-05, Grad norm = 1.226050e-06, Beta update rate = 6.970409e-08
Epoch  94400 (1.9%): Train pred MSE = 1.718991e-08, Test pred MSE = 1.815097e-06, Param MSE = 1.839226e-05, Grad norm = 1.220348e-06, Beta update rate = 6.936152e-08
Epoch  94600 (1.9%): Train pred MSE = 1.704168e-08, Test pred MSE = 1.814910e-06, Param MSE = 1.839034e-05, Grad norm = 1.214677e-06, Beta update rate = 6.902097e-08
Epoch  94800 (1.9%): Train pred MSE = 1.689482e-08, Test pred MSE = 1.814725e-06, Param MSE = 1.838844e-05, Grad norm = 1.209038e-06, Beta update rate = 6.868243e-08
Epoch  95000 (1.9%): Train pred MSE = 1.674933e-08, Test pred MSE = 1.814541e-06, Param MSE = 1.838654e-05, Grad norm = 1.203429e-06, Beta update rate = 6.834588e-08
Epoch  95200 (1.9%): Train pred MSE = 1.660518e-08, Test pred MSE = 1.814358e-06, Param MSE = 1.838465e-05, Grad norm = 1.197851e-06, Beta update rate = 6.801130e-08
Epoch  95400 (1.9%): Train pred MSE = 1.646237e-08, Test pred MSE = 1.814176e-06, Param MSE = 1.838278e-05, Grad norm = 1.192304e-06, Beta update rate = 6.767868e-08
Epoch  95600 (1.9%): Train pred MSE = 1.632087e-08, Test pred MSE = 1.813996e-06, Param MSE = 1.838091e-05, Grad norm = 1.186786e-06, Beta update rate = 6.734802e-08
Epoch  95800 (1.9%): Train pred MSE = 1.618068e-08, Test pred MSE = 1.813816e-06, Param MSE = 1.837906e-05, Grad norm = 1.181299e-06, Beta update rate = 6.701928e-08
Epoch  96000 (1.9%): Train pred MSE = 1.604178e-08, Test pred MSE = 1.813637e-06, Param MSE = 1.837722e-05, Grad norm = 1.175842e-06, Beta update rate = 6.669246e-08
Epoch  96200 (1.9%): Train pred MSE = 1.590416e-08, Test pred MSE = 1.813459e-06, Param MSE = 1.837539e-05, Grad norm = 1.170414e-06, Beta update rate = 6.636755e-08
Epoch  96400 (1.9%): Train pred MSE = 1.576781e-08, Test pred MSE = 1.813283e-06, Param MSE = 1.837357e-05, Grad norm = 1.165016e-06, Beta update rate = 6.604453e-08
Epoch  96600 (1.9%): Train pred MSE = 1.563272e-08, Test pred MSE = 1.813107e-06, Param MSE = 1.837176e-05, Grad norm = 1.159647e-06, Beta update rate = 6.572339e-08
Epoch  96800 (1.9%): Train pred MSE = 1.549886e-08, Test pred MSE = 1.812933e-06, Param MSE = 1.836996e-05, Grad norm = 1.154307e-06, Beta update rate = 6.540411e-08
Epoch  97000 (1.9%): Train pred MSE = 1.536624e-08, Test pred MSE = 1.812759e-06, Param MSE = 1.836817e-05, Grad norm = 1.148997e-06, Beta update rate = 6.508669e-08
Epoch  97200 (1.9%): Train pred MSE = 1.523483e-08, Test pred MSE = 1.812586e-06, Param MSE = 1.836639e-05, Grad norm = 1.143714e-06, Beta update rate = 6.477110e-08
Epoch  97400 (1.9%): Train pred MSE = 1.510462e-08, Test pred MSE = 1.812415e-06, Param MSE = 1.836462e-05, Grad norm = 1.138461e-06, Beta update rate = 6.445733e-08
Epoch  97600 (2.0%): Train pred MSE = 1.497561e-08, Test pred MSE = 1.812244e-06, Param MSE = 1.836287e-05, Grad norm = 1.133235e-06, Beta update rate = 6.414538e-08
Epoch  97800 (2.0%): Train pred MSE = 1.484778e-08, Test pred MSE = 1.812075e-06, Param MSE = 1.836112e-05, Grad norm = 1.128038e-06, Beta update rate = 6.383523e-08
Epoch  98000 (2.0%): Train pred MSE = 1.472112e-08, Test pred MSE = 1.811906e-06, Param MSE = 1.835938e-05, Grad norm = 1.122869e-06, Beta update rate = 6.352686e-08
Epoch  98200 (2.0%): Train pred MSE = 1.459562e-08, Test pred MSE = 1.811739e-06, Param MSE = 1.835765e-05, Grad norm = 1.117727e-06, Beta update rate = 6.322026e-08
Epoch  98400 (2.0%): Train pred MSE = 1.447127e-08, Test pred MSE = 1.811572e-06, Param MSE = 1.835594e-05, Grad norm = 1.112613e-06, Beta update rate = 6.291543e-08
Epoch  98600 (2.0%): Train pred MSE = 1.434805e-08, Test pred MSE = 1.811406e-06, Param MSE = 1.835423e-05, Grad norm = 1.107527e-06, Beta update rate = 6.261234e-08
Epoch  98800 (2.0%): Train pred MSE = 1.422595e-08, Test pred MSE = 1.811242e-06, Param MSE = 1.835253e-05, Grad norm = 1.102467e-06, Beta update rate = 6.231099e-08
Epoch  99000 (2.0%): Train pred MSE = 1.410496e-08, Test pred MSE = 1.811078e-06, Param MSE = 1.835084e-05, Grad norm = 1.097435e-06, Beta update rate = 6.201137e-08
Epoch  99200 (2.0%): Train pred MSE = 1.398508e-08, Test pred MSE = 1.810915e-06, Param MSE = 1.834917e-05, Grad norm = 1.092430e-06, Beta update rate = 6.171345e-08
Epoch  99400 (2.0%): Train pred MSE = 1.386629e-08, Test pred MSE = 1.810753e-06, Param MSE = 1.834750e-05, Grad norm = 1.087451e-06, Beta update rate = 6.141723e-08
Epoch  99600 (2.0%): Train pred MSE = 1.374857e-08, Test pred MSE = 1.810592e-06, Param MSE = 1.834584e-05, Grad norm = 1.082499e-06, Beta update rate = 6.112271e-08
Epoch  99800 (2.0%): Train pred MSE = 1.363193e-08, Test pred MSE = 1.810432e-06, Param MSE = 1.834419e-05, Grad norm = 1.077573e-06, Beta update rate = 6.082985e-08
Epoch 100000 (2.0%): Train pred MSE = 1.351635e-08, Test pred MSE = 1.810273e-06, Param MSE = 1.834255e-05, Grad norm = 1.072674e-06, Beta update rate = 6.053867e-08
Epoch 100200 (2.0%): Train pred MSE = 1.340181e-08, Test pred MSE = 1.810115e-06, Param MSE = 1.834092e-05, Grad norm = 1.067800e-06, Beta update rate = 6.024913e-08
Epoch 100400 (2.0%): Train pred MSE = 1.328831e-08, Test pred MSE = 1.809958e-06, Param MSE = 1.833930e-05, Grad norm = 1.062952e-06, Beta update rate = 5.996123e-08
Epoch 100600 (2.0%): Train pred MSE = 1.317584e-08, Test pred MSE = 1.809802e-06, Param MSE = 1.833768e-05, Grad norm = 1.058130e-06, Beta update rate = 5.967497e-08
Epoch 100800 (2.0%): Train pred MSE = 1.306439e-08, Test pred MSE = 1.809646e-06, Param MSE = 1.833608e-05, Grad norm = 1.053334e-06, Beta update rate = 5.939032e-08
Epoch 101000 (2.0%): Train pred MSE = 1.295394e-08, Test pred MSE = 1.809492e-06, Param MSE = 1.833449e-05, Grad norm = 1.048563e-06, Beta update rate = 5.910728e-08
Epoch 101200 (2.0%): Train pred MSE = 1.284450e-08, Test pred MSE = 1.809338e-06, Param MSE = 1.833290e-05, Grad norm = 1.043817e-06, Beta update rate = 5.882584e-08
Epoch 101400 (2.0%): Train pred MSE = 1.273604e-08, Test pred MSE = 1.809185e-06, Param MSE = 1.833133e-05, Grad norm = 1.039096e-06, Beta update rate = 5.854598e-08
Epoch 101600 (2.0%): Train pred MSE = 1.262856e-08, Test pred MSE = 1.809033e-06, Param MSE = 1.832976e-05, Grad norm = 1.034400e-06, Beta update rate = 5.826769e-08
Epoch 101800 (2.0%): Train pred MSE = 1.252204e-08, Test pred MSE = 1.808882e-06, Param MSE = 1.832820e-05, Grad norm = 1.029728e-06, Beta update rate = 5.799097e-08
Epoch 102000 (2.0%): Train pred MSE = 1.241649e-08, Test pred MSE = 1.808732e-06, Param MSE = 1.832665e-05, Grad norm = 1.025081e-06, Beta update rate = 5.771580e-08
Epoch 102200 (2.0%): Train pred MSE = 1.231189e-08, Test pred MSE = 1.808582e-06, Param MSE = 1.832511e-05, Grad norm = 1.020459e-06, Beta update rate = 5.744217e-08
Epoch 102400 (2.0%): Train pred MSE = 1.220823e-08, Test pred MSE = 1.808434e-06, Param MSE = 1.832358e-05, Grad norm = 1.015861e-06, Beta update rate = 5.717007e-08
Epoch 102600 (2.1%): Train pred MSE = 1.210550e-08, Test pred MSE = 1.808286e-06, Param MSE = 1.832206e-05, Grad norm = 1.011287e-06, Beta update rate = 5.689950e-08
Epoch 102800 (2.1%): Train pred MSE = 1.200369e-08, Test pred MSE = 1.808139e-06, Param MSE = 1.832055e-05, Grad norm = 1.006737e-06, Beta update rate = 5.663043e-08
Epoch 103000 (2.1%): Train pred MSE = 1.190280e-08, Test pred MSE = 1.807993e-06, Param MSE = 1.831904e-05, Grad norm = 1.002210e-06, Beta update rate = 5.636286e-08
Epoch 103200 (2.1%): Train pred MSE = 1.180281e-08, Test pred MSE = 1.807848e-06, Param MSE = 1.831754e-05, Grad norm = 9.977076e-07, Beta update rate = 5.609678e-08
Epoch 103400 (2.1%): Train pred MSE = 1.170372e-08, Test pred MSE = 1.807704e-06, Param MSE = 1.831605e-05, Grad norm = 9.932284e-07, Beta update rate = 5.583219e-08
Epoch 103600 (2.1%): Train pred MSE = 1.160551e-08, Test pred MSE = 1.807560e-06, Param MSE = 1.831457e-05, Grad norm = 9.887725e-07, Beta update rate = 5.556906e-08
Epoch 103800 (2.1%): Train pred MSE = 1.150819e-08, Test pred MSE = 1.807418e-06, Param MSE = 1.831310e-05, Grad norm = 9.843398e-07, Beta update rate = 5.530739e-08
Epoch 104000 (2.1%): Train pred MSE = 1.141173e-08, Test pred MSE = 1.807276e-06, Param MSE = 1.831164e-05, Grad norm = 9.799301e-07, Beta update rate = 5.504717e-08
Epoch 104200 (2.1%): Train pred MSE = 1.131614e-08, Test pred MSE = 1.807135e-06, Param MSE = 1.831018e-05, Grad norm = 9.755433e-07, Beta update rate = 5.478839e-08
Epoch 104400 (2.1%): Train pred MSE = 1.122140e-08, Test pred MSE = 1.806994e-06, Param MSE = 1.830874e-05, Grad norm = 9.711793e-07, Beta update rate = 5.453104e-08
Epoch 104600 (2.1%): Train pred MSE = 1.112750e-08, Test pred MSE = 1.806855e-06, Param MSE = 1.830730e-05, Grad norm = 9.668380e-07, Beta update rate = 5.427512e-08
Epoch 104800 (2.1%): Train pred MSE = 1.103445e-08, Test pred MSE = 1.806716e-06, Param MSE = 1.830587e-05, Grad norm = 9.625191e-07, Beta update rate = 5.402060e-08
Epoch 105000 (2.1%): Train pred MSE = 1.094222e-08, Test pred MSE = 1.806578e-06, Param MSE = 1.830444e-05, Grad norm = 9.582225e-07, Beta update rate = 5.376748e-08
Epoch 105200 (2.1%): Train pred MSE = 1.085081e-08, Test pred MSE = 1.806441e-06, Param MSE = 1.830303e-05, Grad norm = 9.539481e-07, Beta update rate = 5.351576e-08
Epoch 105400 (2.1%): Train pred MSE = 1.076022e-08, Test pred MSE = 1.806304e-06, Param MSE = 1.830162e-05, Grad norm = 9.496958e-07, Beta update rate = 5.326542e-08
Epoch 105600 (2.1%): Train pred MSE = 1.067043e-08, Test pred MSE = 1.806169e-06, Param MSE = 1.830022e-05, Grad norm = 9.454654e-07, Beta update rate = 5.301645e-08
Epoch 105800 (2.1%): Train pred MSE = 1.058144e-08, Test pred MSE = 1.806034e-06, Param MSE = 1.829883e-05, Grad norm = 9.412568e-07, Beta update rate = 5.276885e-08
Epoch 106000 (2.1%): Train pred MSE = 1.049324e-08, Test pred MSE = 1.805900e-06, Param MSE = 1.829745e-05, Grad norm = 9.370698e-07, Beta update rate = 5.252260e-08
Epoch 106200 (2.1%): Train pred MSE = 1.040583e-08, Test pred MSE = 1.805766e-06, Param MSE = 1.829607e-05, Grad norm = 9.329044e-07, Beta update rate = 5.227770e-08
Epoch 106400 (2.1%): Train pred MSE = 1.031918e-08, Test pred MSE = 1.805633e-06, Param MSE = 1.829470e-05, Grad norm = 9.287603e-07, Beta update rate = 5.203414e-08
Epoch 106600 (2.1%): Train pred MSE = 1.023331e-08, Test pred MSE = 1.805502e-06, Param MSE = 1.829334e-05, Grad norm = 9.246375e-07, Beta update rate = 5.179191e-08
Epoch 106800 (2.1%): Train pred MSE = 1.014820e-08, Test pred MSE = 1.805370e-06, Param MSE = 1.829199e-05, Grad norm = 9.205358e-07, Beta update rate = 5.155099e-08
Epoch 107000 (2.1%): Train pred MSE = 1.006384e-08, Test pred MSE = 1.805240e-06, Param MSE = 1.829064e-05, Grad norm = 9.164551e-07, Beta update rate = 5.131139e-08
Epoch 107200 (2.1%): Train pred MSE = 9.980221e-09, Test pred MSE = 1.805110e-06, Param MSE = 1.828930e-05, Grad norm = 9.123953e-07, Beta update rate = 5.107308e-08
Epoch 107400 (2.1%): Train pred MSE = 9.897346e-09, Test pred MSE = 1.804981e-06, Param MSE = 1.828797e-05, Grad norm = 9.083562e-07, Beta update rate = 5.083608e-08
Epoch 107600 (2.2%): Train pred MSE = 9.815202e-09, Test pred MSE = 1.804853e-06, Param MSE = 1.828665e-05, Grad norm = 9.043377e-07, Beta update rate = 5.060035e-08
Epoch 107800 (2.2%): Train pred MSE = 9.733784e-09, Test pred MSE = 1.804725e-06, Param MSE = 1.828533e-05, Grad norm = 9.003397e-07, Beta update rate = 5.036591e-08
Epoch 108000 (2.2%): Train pred MSE = 9.653083e-09, Test pred MSE = 1.804598e-06, Param MSE = 1.828402e-05, Grad norm = 8.963621e-07, Beta update rate = 5.013273e-08
Epoch 108200 (2.2%): Train pred MSE = 9.573094e-09, Test pred MSE = 1.804472e-06, Param MSE = 1.828272e-05, Grad norm = 8.924047e-07, Beta update rate = 4.990081e-08
Epoch 108400 (2.2%): Train pred MSE = 9.493809e-09, Test pred MSE = 1.804347e-06, Param MSE = 1.828143e-05, Grad norm = 8.884674e-07, Beta update rate = 4.967015e-08
Epoch 108600 (2.2%): Train pred MSE = 9.415222e-09, Test pred MSE = 1.804222e-06, Param MSE = 1.828014e-05, Grad norm = 8.845500e-07, Beta update rate = 4.944073e-08
Epoch 108800 (2.2%): Train pred MSE = 9.337326e-09, Test pred MSE = 1.804098e-06, Param MSE = 1.827886e-05, Grad norm = 8.806526e-07, Beta update rate = 4.921254e-08
Epoch 109000 (2.2%): Train pred MSE = 9.260115e-09, Test pred MSE = 1.803974e-06, Param MSE = 1.827759e-05, Grad norm = 8.767749e-07, Beta update rate = 4.898558e-08
Epoch 109200 (2.2%): Train pred MSE = 9.183582e-09, Test pred MSE = 1.803852e-06, Param MSE = 1.827632e-05, Grad norm = 8.729168e-07, Beta update rate = 4.875984e-08
Epoch 109400 (2.2%): Train pred MSE = 9.107721e-09, Test pred MSE = 1.803730e-06, Param MSE = 1.827506e-05, Grad norm = 8.690782e-07, Beta update rate = 4.853532e-08
Epoch 109600 (2.2%): Train pred MSE = 9.032526e-09, Test pred MSE = 1.803608e-06, Param MSE = 1.827381e-05, Grad norm = 8.652591e-07, Beta update rate = 4.831199e-08
Epoch 109800 (2.2%): Train pred MSE = 8.957989e-09, Test pred MSE = 1.803487e-06, Param MSE = 1.827256e-05, Grad norm = 8.614592e-07, Beta update rate = 4.808987e-08
Epoch 110000 (2.2%): Train pred MSE = 8.884106e-09, Test pred MSE = 1.803367e-06, Param MSE = 1.827132e-05, Grad norm = 8.576784e-07, Beta update rate = 4.786893e-08
Epoch 110200 (2.2%): Train pred MSE = 8.810870e-09, Test pred MSE = 1.803248e-06, Param MSE = 1.827009e-05, Grad norm = 8.539167e-07, Beta update rate = 4.764917e-08
Epoch 110400 (2.2%): Train pred MSE = 8.738274e-09, Test pred MSE = 1.803129e-06, Param MSE = 1.826887e-05, Grad norm = 8.501739e-07, Beta update rate = 4.743058e-08
Epoch 110600 (2.2%): Train pred MSE = 8.666313e-09, Test pred MSE = 1.803011e-06, Param MSE = 1.826765e-05, Grad norm = 8.464500e-07, Beta update rate = 4.721316e-08
Epoch 110800 (2.2%): Train pred MSE = 8.594981e-09, Test pred MSE = 1.802894e-06, Param MSE = 1.826643e-05, Grad norm = 8.427447e-07, Beta update rate = 4.699690e-08
Epoch 111000 (2.2%): Train pred MSE = 8.524272e-09, Test pred MSE = 1.802777e-06, Param MSE = 1.826523e-05, Grad norm = 8.390580e-07, Beta update rate = 4.678179e-08
Epoch 111200 (2.2%): Train pred MSE = 8.454180e-09, Test pred MSE = 1.802661e-06, Param MSE = 1.826403e-05, Grad norm = 8.353898e-07, Beta update rate = 4.656782e-08
Epoch 111400 (2.2%): Train pred MSE = 8.384700e-09, Test pred MSE = 1.802545e-06, Param MSE = 1.826284e-05, Grad norm = 8.317400e-07, Beta update rate = 4.635499e-08
Epoch 111600 (2.2%): Train pred MSE = 8.315825e-09, Test pred MSE = 1.802430e-06, Param MSE = 1.826165e-05, Grad norm = 8.281084e-07, Beta update rate = 4.614328e-08
Epoch 111800 (2.2%): Train pred MSE = 8.247550e-09, Test pred MSE = 1.802316e-06, Param MSE = 1.826047e-05, Grad norm = 8.244950e-07, Beta update rate = 4.593270e-08
Epoch 112000 (2.2%): Train pred MSE = 8.179869e-09, Test pred MSE = 1.802202e-06, Param MSE = 1.825930e-05, Grad norm = 8.208996e-07, Beta update rate = 4.572323e-08
Epoch 112200 (2.2%): Train pred MSE = 8.112777e-09, Test pred MSE = 1.802089e-06, Param MSE = 1.825813e-05, Grad norm = 8.173222e-07, Beta update rate = 4.551487e-08
Epoch 112400 (2.2%): Train pred MSE = 8.046268e-09, Test pred MSE = 1.801977e-06, Param MSE = 1.825697e-05, Grad norm = 8.137626e-07, Beta update rate = 4.530761e-08
Epoch 112600 (2.3%): Train pred MSE = 7.980338e-09, Test pred MSE = 1.801865e-06, Param MSE = 1.825582e-05, Grad norm = 8.102207e-07, Beta update rate = 4.510144e-08
Epoch 112800 (2.3%): Train pred MSE = 7.914979e-09, Test pred MSE = 1.801754e-06, Param MSE = 1.825467e-05, Grad norm = 8.066965e-07, Beta update rate = 4.489636e-08
Epoch 113000 (2.3%): Train pred MSE = 7.850188e-09, Test pred MSE = 1.801643e-06, Param MSE = 1.825353e-05, Grad norm = 8.031897e-07, Beta update rate = 4.469236e-08
Epoch 113200 (2.3%): Train pred MSE = 7.785959e-09, Test pred MSE = 1.801533e-06, Param MSE = 1.825239e-05, Grad norm = 7.997004e-07, Beta update rate = 4.448943e-08
Epoch 113400 (2.3%): Train pred MSE = 7.722287e-09, Test pred MSE = 1.801424e-06, Param MSE = 1.825126e-05, Grad norm = 7.962283e-07, Beta update rate = 4.428756e-08
Epoch 113600 (2.3%): Train pred MSE = 7.659166e-09, Test pred MSE = 1.801315e-06, Param MSE = 1.825014e-05, Grad norm = 7.927735e-07, Beta update rate = 4.408676e-08
Epoch 113800 (2.3%): Train pred MSE = 7.596591e-09, Test pred MSE = 1.801207e-06, Param MSE = 1.824902e-05, Grad norm = 7.893358e-07, Beta update rate = 4.388701e-08
Epoch 114000 (2.3%): Train pred MSE = 7.534558e-09, Test pred MSE = 1.801099e-06, Param MSE = 1.824791e-05, Grad norm = 7.859151e-07, Beta update rate = 4.368830e-08
Epoch 114200 (2.3%): Train pred MSE = 7.473061e-09, Test pred MSE = 1.800992e-06, Param MSE = 1.824681e-05, Grad norm = 7.825113e-07, Beta update rate = 4.349063e-08
Epoch 114400 (2.3%): Train pred MSE = 7.412095e-09, Test pred MSE = 1.800885e-06, Param MSE = 1.824571e-05, Grad norm = 7.791243e-07, Beta update rate = 4.329400e-08
Epoch 114600 (2.3%): Train pred MSE = 7.351656e-09, Test pred MSE = 1.800779e-06, Param MSE = 1.824461e-05, Grad norm = 7.757540e-07, Beta update rate = 4.309839e-08
Epoch 114800 (2.3%): Train pred MSE = 7.291739e-09, Test pred MSE = 1.800674e-06, Param MSE = 1.824353e-05, Grad norm = 7.724003e-07, Beta update rate = 4.290380e-08
Epoch 115000 (2.3%): Train pred MSE = 7.232338e-09, Test pred MSE = 1.800569e-06, Param MSE = 1.824245e-05, Grad norm = 7.690632e-07, Beta update rate = 4.271022e-08
Epoch 115200 (2.3%): Train pred MSE = 7.173449e-09, Test pred MSE = 1.800465e-06, Param MSE = 1.824137e-05, Grad norm = 7.657424e-07, Beta update rate = 4.251766e-08
Epoch 115400 (2.3%): Train pred MSE = 7.115068e-09, Test pred MSE = 1.800361e-06, Param MSE = 1.824030e-05, Grad norm = 7.624380e-07, Beta update rate = 4.232609e-08
Epoch 115600 (2.3%): Train pred MSE = 7.057189e-09, Test pred MSE = 1.800258e-06, Param MSE = 1.823923e-05, Grad norm = 7.591498e-07, Beta update rate = 4.213552e-08
Epoch 115800 (2.3%): Train pred MSE = 6.999809e-09, Test pred MSE = 1.800156e-06, Param MSE = 1.823818e-05, Grad norm = 7.558778e-07, Beta update rate = 4.194593e-08
Epoch 116000 (2.3%): Train pred MSE = 6.942921e-09, Test pred MSE = 1.800054e-06, Param MSE = 1.823712e-05, Grad norm = 7.526218e-07, Beta update rate = 4.175733e-08
Epoch 116200 (2.3%): Train pred MSE = 6.886523e-09, Test pred MSE = 1.799952e-06, Param MSE = 1.823608e-05, Grad norm = 7.493817e-07, Beta update rate = 4.156970e-08
Epoch 116400 (2.3%): Train pred MSE = 6.830609e-09, Test pred MSE = 1.799851e-06, Param MSE = 1.823503e-05, Grad norm = 7.461575e-07, Beta update rate = 4.138305e-08
Epoch 116600 (2.3%): Train pred MSE = 6.775175e-09, Test pred MSE = 1.799751e-06, Param MSE = 1.823400e-05, Grad norm = 7.429490e-07, Beta update rate = 4.119736e-08
Epoch 116800 (2.3%): Train pred MSE = 6.720216e-09, Test pred MSE = 1.799651e-06, Param MSE = 1.823297e-05, Grad norm = 7.397563e-07, Beta update rate = 4.101263e-08
Epoch 117000 (2.3%): Train pred MSE = 6.665729e-09, Test pred MSE = 1.799552e-06, Param MSE = 1.823194e-05, Grad norm = 7.365791e-07, Beta update rate = 4.082885e-08
Epoch 117200 (2.3%): Train pred MSE = 6.611709e-09, Test pred MSE = 1.799453e-06, Param MSE = 1.823092e-05, Grad norm = 7.334174e-07, Beta update rate = 4.064601e-08
Epoch 117400 (2.3%): Train pred MSE = 6.558151e-09, Test pred MSE = 1.799355e-06, Param MSE = 1.822991e-05, Grad norm = 7.302711e-07, Beta update rate = 4.046412e-08
Epoch 117600 (2.4%): Train pred MSE = 6.505051e-09, Test pred MSE = 1.799257e-06, Param MSE = 1.822890e-05, Grad norm = 7.271401e-07, Beta update rate = 4.028316e-08
Epoch 117800 (2.4%): Train pred MSE = 6.452406e-09, Test pred MSE = 1.799160e-06, Param MSE = 1.822789e-05, Grad norm = 7.240244e-07, Beta update rate = 4.010313e-08
Epoch 118000 (2.4%): Train pred MSE = 6.400211e-09, Test pred MSE = 1.799063e-06, Param MSE = 1.822690e-05, Grad norm = 7.209238e-07, Beta update rate = 3.992403e-08
Epoch 118200 (2.4%): Train pred MSE = 6.348462e-09, Test pred MSE = 1.798967e-06, Param MSE = 1.822590e-05, Grad norm = 7.178383e-07, Beta update rate = 3.974584e-08
Epoch 118400 (2.4%): Train pred MSE = 6.297155e-09, Test pred MSE = 1.798871e-06, Param MSE = 1.822491e-05, Grad norm = 7.147677e-07, Beta update rate = 3.956857e-08
Epoch 118600 (2.4%): Train pred MSE = 6.246285e-09, Test pred MSE = 1.798776e-06, Param MSE = 1.822393e-05, Grad norm = 7.117120e-07, Beta update rate = 3.939220e-08
Epoch 118800 (2.4%): Train pred MSE = 6.195850e-09, Test pred MSE = 1.798681e-06, Param MSE = 1.822295e-05, Grad norm = 7.086711e-07, Beta update rate = 3.921673e-08
Epoch 119000 (2.4%): Train pred MSE = 6.145844e-09, Test pred MSE = 1.798587e-06, Param MSE = 1.822198e-05, Grad norm = 7.056449e-07, Beta update rate = 3.904216e-08
Epoch 119200 (2.4%): Train pred MSE = 6.096265e-09, Test pred MSE = 1.798494e-06, Param MSE = 1.822101e-05, Grad norm = 7.026334e-07, Beta update rate = 3.886848e-08
Epoch 119400 (2.4%): Train pred MSE = 6.047108e-09, Test pred MSE = 1.798400e-06, Param MSE = 1.822005e-05, Grad norm = 6.996364e-07, Beta update rate = 3.869569e-08
Epoch 119600 (2.4%): Train pred MSE = 5.998369e-09, Test pred MSE = 1.798308e-06, Param MSE = 1.821910e-05, Grad norm = 6.966539e-07, Beta update rate = 3.852377e-08
Epoch 119800 (2.4%): Train pred MSE = 5.950044e-09, Test pred MSE = 1.798216e-06, Param MSE = 1.821814e-05, Grad norm = 6.936857e-07, Beta update rate = 3.835273e-08
Epoch 120000 (2.4%): Train pred MSE = 5.902130e-09, Test pred MSE = 1.798124e-06, Param MSE = 1.821720e-05, Grad norm = 6.907319e-07, Beta update rate = 3.818256e-08
Epoch 120200 (2.4%): Train pred MSE = 5.854624e-09, Test pred MSE = 1.798033e-06, Param MSE = 1.821625e-05, Grad norm = 6.877922e-07, Beta update rate = 3.801325e-08
Epoch 120400 (2.4%): Train pred MSE = 5.807521e-09, Test pred MSE = 1.797942e-06, Param MSE = 1.821532e-05, Grad norm = 6.848668e-07, Beta update rate = 3.784480e-08
Epoch 120600 (2.4%): Train pred MSE = 5.760817e-09, Test pred MSE = 1.797852e-06, Param MSE = 1.821438e-05, Grad norm = 6.819553e-07, Beta update rate = 3.767720e-08
Epoch 120800 (2.4%): Train pred MSE = 5.714510e-09, Test pred MSE = 1.797762e-06, Param MSE = 1.821346e-05, Grad norm = 6.790579e-07, Beta update rate = 3.751046e-08
Epoch 121000 (2.4%): Train pred MSE = 5.668595e-09, Test pred MSE = 1.797672e-06, Param MSE = 1.821253e-05, Grad norm = 6.761744e-07, Beta update rate = 3.734455e-08
Epoch 121200 (2.4%): Train pred MSE = 5.623069e-09, Test pred MSE = 1.797584e-06, Param MSE = 1.821162e-05, Grad norm = 6.733047e-07, Beta update rate = 3.717948e-08
Epoch 121400 (2.4%): Train pred MSE = 5.577929e-09, Test pred MSE = 1.797495e-06, Param MSE = 1.821070e-05, Grad norm = 6.704487e-07, Beta update rate = 3.701525e-08
Epoch 121600 (2.4%): Train pred MSE = 5.533171e-09, Test pred MSE = 1.797407e-06, Param MSE = 1.820980e-05, Grad norm = 6.676064e-07, Beta update rate = 3.685185e-08
Epoch 121800 (2.4%): Train pred MSE = 5.488791e-09, Test pred MSE = 1.797320e-06, Param MSE = 1.820889e-05, Grad norm = 6.647777e-07, Beta update rate = 3.668926e-08
Epoch 122000 (2.4%): Train pred MSE = 5.444786e-09, Test pred MSE = 1.797233e-06, Param MSE = 1.820799e-05, Grad norm = 6.619626e-07, Beta update rate = 3.652750e-08
Epoch 122200 (2.4%): Train pred MSE = 5.401154e-09, Test pred MSE = 1.797146e-06, Param MSE = 1.820710e-05, Grad norm = 6.591609e-07, Beta update rate = 3.636655e-08
Epoch 122400 (2.4%): Train pred MSE = 5.357889e-09, Test pred MSE = 1.797060e-06, Param MSE = 1.820621e-05, Grad norm = 6.563725e-07, Beta update rate = 3.620641e-08
Epoch 122600 (2.5%): Train pred MSE = 5.314990e-09, Test pred MSE = 1.796975e-06, Param MSE = 1.820533e-05, Grad norm = 6.535974e-07, Beta update rate = 3.604707e-08
Epoch 122800 (2.5%): Train pred MSE = 5.272453e-09, Test pred MSE = 1.796889e-06, Param MSE = 1.820445e-05, Grad norm = 6.508356e-07, Beta update rate = 3.588853e-08
Epoch 123000 (2.5%): Train pred MSE = 5.230275e-09, Test pred MSE = 1.796805e-06, Param MSE = 1.820357e-05, Grad norm = 6.480869e-07, Beta update rate = 3.573079e-08
Epoch 123200 (2.5%): Train pred MSE = 5.188451e-09, Test pred MSE = 1.796720e-06, Param MSE = 1.820270e-05, Grad norm = 6.453513e-07, Beta update rate = 3.557384e-08
Epoch 123400 (2.5%): Train pred MSE = 5.146980e-09, Test pred MSE = 1.796636e-06, Param MSE = 1.820183e-05, Grad norm = 6.426287e-07, Beta update rate = 3.541767e-08
Epoch 123600 (2.5%): Train pred MSE = 5.105859e-09, Test pred MSE = 1.796553e-06, Param MSE = 1.820097e-05, Grad norm = 6.399190e-07, Beta update rate = 3.526228e-08
Epoch 123800 (2.5%): Train pred MSE = 5.065083e-09, Test pred MSE = 1.796470e-06, Param MSE = 1.820011e-05, Grad norm = 6.372221e-07, Beta update rate = 3.510767e-08
Epoch 124000 (2.5%): Train pred MSE = 5.024650e-09, Test pred MSE = 1.796387e-06, Param MSE = 1.819926e-05, Grad norm = 6.345381e-07, Beta update rate = 3.495382e-08
Epoch 124200 (2.5%): Train pred MSE = 4.984557e-09, Test pred MSE = 1.796305e-06, Param MSE = 1.819841e-05, Grad norm = 6.318668e-07, Beta update rate = 3.480075e-08
Epoch 124400 (2.5%): Train pred MSE = 4.944800e-09, Test pred MSE = 1.796224e-06, Param MSE = 1.819757e-05, Grad norm = 6.292081e-07, Beta update rate = 3.464844e-08
Epoch 124600 (2.5%): Train pred MSE = 4.905378e-09, Test pred MSE = 1.796142e-06, Param MSE = 1.819673e-05, Grad norm = 6.265620e-07, Beta update rate = 3.449688e-08
Epoch 124800 (2.5%): Train pred MSE = 4.866286e-09, Test pred MSE = 1.796061e-06, Param MSE = 1.819589e-05, Grad norm = 6.239284e-07, Beta update rate = 3.434608e-08
Epoch 125000 (2.5%): Train pred MSE = 4.827522e-09, Test pred MSE = 1.795981e-06, Param MSE = 1.819506e-05, Grad norm = 6.213072e-07, Beta update rate = 3.419603e-08
Epoch 125200 (2.5%): Train pred MSE = 4.789083e-09, Test pred MSE = 1.795901e-06, Param MSE = 1.819423e-05, Grad norm = 6.186984e-07, Beta update rate = 3.404672e-08
Epoch 125400 (2.5%): Train pred MSE = 4.750966e-09, Test pred MSE = 1.795821e-06, Param MSE = 1.819341e-05, Grad norm = 6.161020e-07, Beta update rate = 3.389815e-08
Epoch 125600 (2.5%): Train pred MSE = 4.713168e-09, Test pred MSE = 1.795742e-06, Param MSE = 1.819259e-05, Grad norm = 6.135177e-07, Beta update rate = 3.375032e-08
Epoch 125800 (2.5%): Train pred MSE = 4.675686e-09, Test pred MSE = 1.795663e-06, Param MSE = 1.819178e-05, Grad norm = 6.109456e-07, Beta update rate = 3.360322e-08
Epoch 126000 (2.5%): Train pred MSE = 4.638518e-09, Test pred MSE = 1.795585e-06, Param MSE = 1.819097e-05, Grad norm = 6.083856e-07, Beta update rate = 3.345684e-08
Epoch 126200 (2.5%): Train pred MSE = 4.601661e-09, Test pred MSE = 1.795507e-06, Param MSE = 1.819016e-05, Grad norm = 6.058377e-07, Beta update rate = 3.331119e-08
Epoch 126400 (2.5%): Train pred MSE = 4.565112e-09, Test pred MSE = 1.795429e-06, Param MSE = 1.818936e-05, Grad norm = 6.033017e-07, Beta update rate = 3.316626e-08
Epoch 126600 (2.5%): Train pred MSE = 4.528868e-09, Test pred MSE = 1.795352e-06, Param MSE = 1.818856e-05, Grad norm = 6.007777e-07, Beta update rate = 3.302205e-08
Epoch 126800 (2.5%): Train pred MSE = 4.492926e-09, Test pred MSE = 1.795275e-06, Param MSE = 1.818777e-05, Grad norm = 5.982654e-07, Beta update rate = 3.287854e-08
Epoch 127000 (2.5%): Train pred MSE = 4.457285e-09, Test pred MSE = 1.795199e-06, Param MSE = 1.818698e-05, Grad norm = 5.957650e-07, Beta update rate = 3.273574e-08
Epoch 127200 (2.5%): Train pred MSE = 4.421941e-09, Test pred MSE = 1.795123e-06, Param MSE = 1.818620e-05, Grad norm = 5.932762e-07, Beta update rate = 3.259364e-08
Epoch 127400 (2.5%): Train pred MSE = 4.386891e-09, Test pred MSE = 1.795047e-06, Param MSE = 1.818541e-05, Grad norm = 5.907991e-07, Beta update rate = 3.245225e-08
Epoch 127600 (2.6%): Train pred MSE = 4.352133e-09, Test pred MSE = 1.794972e-06, Param MSE = 1.818464e-05, Grad norm = 5.883336e-07, Beta update rate = 3.231154e-08
Epoch 127800 (2.6%): Train pred MSE = 4.317665e-09, Test pred MSE = 1.794897e-06, Param MSE = 1.818386e-05, Grad norm = 5.858796e-07, Beta update rate = 3.217153e-08
Epoch 128000 (2.6%): Train pred MSE = 4.283483e-09, Test pred MSE = 1.794823e-06, Param MSE = 1.818309e-05, Grad norm = 5.834371e-07, Beta update rate = 3.203220e-08
Epoch 128200 (2.6%): Train pred MSE = 4.249586e-09, Test pred MSE = 1.794749e-06, Param MSE = 1.818233e-05, Grad norm = 5.810060e-07, Beta update rate = 3.189355e-08
Epoch 128400 (2.6%): Train pred MSE = 4.215971e-09, Test pred MSE = 1.794675e-06, Param MSE = 1.818157e-05, Grad norm = 5.785862e-07, Beta update rate = 3.175559e-08
Epoch 128600 (2.6%): Train pred MSE = 4.182635e-09, Test pred MSE = 1.794602e-06, Param MSE = 1.818081e-05, Grad norm = 5.761777e-07, Beta update rate = 3.161830e-08
Epoch 128800 (2.6%): Train pred MSE = 4.149576e-09, Test pred MSE = 1.794529e-06, Param MSE = 1.818005e-05, Grad norm = 5.737804e-07, Beta update rate = 3.148167e-08
Epoch 129000 (2.6%): Train pred MSE = 4.116792e-09, Test pred MSE = 1.794456e-06, Param MSE = 1.817930e-05, Grad norm = 5.713942e-07, Beta update rate = 3.134572e-08
Epoch 129200 (2.6%): Train pred MSE = 4.084279e-09, Test pred MSE = 1.794384e-06, Param MSE = 1.817856e-05, Grad norm = 5.690192e-07, Beta update rate = 3.121043e-08
Epoch 129400 (2.6%): Train pred MSE = 4.052036e-09, Test pred MSE = 1.794312e-06, Param MSE = 1.817782e-05, Grad norm = 5.666552e-07, Beta update rate = 3.107580e-08
Epoch 129600 (2.6%): Train pred MSE = 4.020061e-09, Test pred MSE = 1.794241e-06, Param MSE = 1.817708e-05, Grad norm = 5.643021e-07, Beta update rate = 3.094182e-08
Epoch 129800 (2.6%): Train pred MSE = 3.988350e-09, Test pred MSE = 1.794169e-06, Param MSE = 1.817634e-05, Grad norm = 5.619600e-07, Beta update rate = 3.080850e-08
Epoch 130000 (2.6%): Train pred MSE = 3.956902e-09, Test pred MSE = 1.794099e-06, Param MSE = 1.817561e-05, Grad norm = 5.596287e-07, Beta update rate = 3.067582e-08
Epoch 130200 (2.6%): Train pred MSE = 3.925715e-09, Test pred MSE = 1.794028e-06, Param MSE = 1.817488e-05, Grad norm = 5.573083e-07, Beta update rate = 3.054379e-08
Epoch 130400 (2.6%): Train pred MSE = 3.894785e-09, Test pred MSE = 1.793958e-06, Param MSE = 1.817416e-05, Grad norm = 5.549985e-07, Beta update rate = 3.041240e-08
Epoch 130600 (2.6%): Train pred MSE = 3.864111e-09, Test pred MSE = 1.793889e-06, Param MSE = 1.817344e-05, Grad norm = 5.526995e-07, Beta update rate = 3.028165e-08
Epoch 130800 (2.6%): Train pred MSE = 3.833691e-09, Test pred MSE = 1.793819e-06, Param MSE = 1.817272e-05, Grad norm = 5.504111e-07, Beta update rate = 3.015153e-08
Epoch 131000 (2.6%): Train pred MSE = 3.803522e-09, Test pred MSE = 1.793750e-06, Param MSE = 1.817201e-05, Grad norm = 5.481333e-07, Beta update rate = 3.002204e-08
Epoch 131200 (2.6%): Train pred MSE = 3.773602e-09, Test pred MSE = 1.793682e-06, Param MSE = 1.817130e-05, Grad norm = 5.458660e-07, Beta update rate = 2.989318e-08
Epoch 131400 (2.6%): Train pred MSE = 3.743929e-09, Test pred MSE = 1.793613e-06, Param MSE = 1.817059e-05, Grad norm = 5.436091e-07, Beta update rate = 2.976494e-08
Epoch 131600 (2.6%): Train pred MSE = 3.714501e-09, Test pred MSE = 1.793546e-06, Param MSE = 1.816989e-05, Grad norm = 5.413626e-07, Beta update rate = 2.963731e-08
Epoch 131800 (2.6%): Train pred MSE = 3.685315e-09, Test pred MSE = 1.793478e-06, Param MSE = 1.816919e-05, Grad norm = 5.391265e-07, Beta update rate = 2.951031e-08
Epoch 132000 (2.6%): Train pred MSE = 3.656370e-09, Test pred MSE = 1.793411e-06, Param MSE = 1.816850e-05, Grad norm = 5.369007e-07, Beta update rate = 2.938392e-08
Epoch 132200 (2.6%): Train pred MSE = 3.627664e-09, Test pred MSE = 1.793344e-06, Param MSE = 1.816781e-05, Grad norm = 5.346852e-07, Beta update rate = 2.925814e-08
Epoch 132400 (2.6%): Train pred MSE = 3.599194e-09, Test pred MSE = 1.793277e-06, Param MSE = 1.816712e-05, Grad norm = 5.324798e-07, Beta update rate = 2.913296e-08
Epoch 132600 (2.7%): Train pred MSE = 3.570958e-09, Test pred MSE = 1.793211e-06, Param MSE = 1.816643e-05, Grad norm = 5.302845e-07, Beta update rate = 2.900838e-08
Epoch 132800 (2.7%): Train pred MSE = 3.542955e-09, Test pred MSE = 1.793145e-06, Param MSE = 1.816575e-05, Grad norm = 5.280993e-07, Beta update rate = 2.888441e-08
Epoch 133000 (2.7%): Train pred MSE = 3.515181e-09, Test pred MSE = 1.793080e-06, Param MSE = 1.816507e-05, Grad norm = 5.259242e-07, Beta update rate = 2.876103e-08
Epoch 133200 (2.7%): Train pred MSE = 3.487636e-09, Test pred MSE = 1.793014e-06, Param MSE = 1.816440e-05, Grad norm = 5.237590e-07, Beta update rate = 2.863824e-08
Epoch 133400 (2.7%): Train pred MSE = 3.460318e-09, Test pred MSE = 1.792949e-06, Param MSE = 1.816373e-05, Grad norm = 5.216038e-07, Beta update rate = 2.851604e-08
Epoch 133600 (2.7%): Train pred MSE = 3.433223e-09, Test pred MSE = 1.792885e-06, Param MSE = 1.816306e-05, Grad norm = 5.194584e-07, Beta update rate = 2.839443e-08
Epoch 133800 (2.7%): Train pred MSE = 3.406351e-09, Test pred MSE = 1.792821e-06, Param MSE = 1.816240e-05, Grad norm = 5.173228e-07, Beta update rate = 2.827340e-08
Epoch 134000 (2.7%): Train pred MSE = 3.379700e-09, Test pred MSE = 1.792757e-06, Param MSE = 1.816174e-05, Grad norm = 5.151970e-07, Beta update rate = 2.815294e-08
Epoch 134200 (2.7%): Train pred MSE = 3.353267e-09, Test pred MSE = 1.792693e-06, Param MSE = 1.816108e-05, Grad norm = 5.130809e-07, Beta update rate = 2.803307e-08
Epoch 134400 (2.7%): Train pred MSE = 3.327050e-09, Test pred MSE = 1.792630e-06, Param MSE = 1.816042e-05, Grad norm = 5.109745e-07, Beta update rate = 2.791377e-08
Epoch 134600 (2.7%): Train pred MSE = 3.301049e-09, Test pred MSE = 1.792567e-06, Param MSE = 1.815977e-05, Grad norm = 5.088777e-07, Beta update rate = 2.779503e-08
Epoch 134800 (2.7%): Train pred MSE = 3.275260e-09, Test pred MSE = 1.792504e-06, Param MSE = 1.815912e-05, Grad norm = 5.067904e-07, Beta update rate = 2.767687e-08
Epoch 135000 (2.7%): Train pred MSE = 3.249682e-09, Test pred MSE = 1.792442e-06, Param MSE = 1.815848e-05, Grad norm = 5.047126e-07, Beta update rate = 2.755926e-08
Epoch 135200 (2.7%): Train pred MSE = 3.224314e-09, Test pred MSE = 1.792380e-06, Param MSE = 1.815784e-05, Grad norm = 5.026444e-07, Beta update rate = 2.744222e-08
Epoch 135400 (2.7%): Train pred MSE = 3.199153e-09, Test pred MSE = 1.792318e-06, Param MSE = 1.815720e-05, Grad norm = 5.005855e-07, Beta update rate = 2.732573e-08
Epoch 135600 (2.7%): Train pred MSE = 3.174198e-09, Test pred MSE = 1.792257e-06, Param MSE = 1.815657e-05, Grad norm = 4.985360e-07, Beta update rate = 2.720980e-08
Epoch 135800 (2.7%): Train pred MSE = 3.149446e-09, Test pred MSE = 1.792196e-06, Param MSE = 1.815593e-05, Grad norm = 4.964958e-07, Beta update rate = 2.709442e-08
Epoch 136000 (2.7%): Train pred MSE = 3.124897e-09, Test pred MSE = 1.792135e-06, Param MSE = 1.815530e-05, Grad norm = 4.944649e-07, Beta update rate = 2.697959e-08
Epoch 136200 (2.7%): Train pred MSE = 3.100548e-09, Test pred MSE = 1.792074e-06, Param MSE = 1.815468e-05, Grad norm = 4.924432e-07, Beta update rate = 2.686530e-08
Epoch 136400 (2.7%): Train pred MSE = 3.076398e-09, Test pred MSE = 1.792014e-06, Param MSE = 1.815406e-05, Grad norm = 4.904306e-07, Beta update rate = 2.675155e-08
Epoch 136600 (2.7%): Train pred MSE = 3.052445e-09, Test pred MSE = 1.791954e-06, Param MSE = 1.815344e-05, Grad norm = 4.884272e-07, Beta update rate = 2.663835e-08
Epoch 136800 (2.7%): Train pred MSE = 3.028687e-09, Test pred MSE = 1.791895e-06, Param MSE = 1.815282e-05, Grad norm = 4.864329e-07, Beta update rate = 2.652567e-08
Epoch 137000 (2.7%): Train pred MSE = 3.005122e-09, Test pred MSE = 1.791835e-06, Param MSE = 1.815221e-05, Grad norm = 4.844476e-07, Beta update rate = 2.641354e-08
Epoch 137200 (2.7%): Train pred MSE = 2.981750e-09, Test pred MSE = 1.791776e-06, Param MSE = 1.815160e-05, Grad norm = 4.824713e-07, Beta update rate = 2.630193e-08
Epoch 137400 (2.7%): Train pred MSE = 2.958567e-09, Test pred MSE = 1.791718e-06, Param MSE = 1.815099e-05, Grad norm = 4.805039e-07, Beta update rate = 2.619085e-08
Epoch 137600 (2.8%): Train pred MSE = 2.935574e-09, Test pred MSE = 1.791659e-06, Param MSE = 1.815039e-05, Grad norm = 4.785454e-07, Beta update rate = 2.608029e-08
Epoch 137800 (2.8%): Train pred MSE = 2.912767e-09, Test pred MSE = 1.791601e-06, Param MSE = 1.814978e-05, Grad norm = 4.765958e-07, Beta update rate = 2.597026e-08
Epoch 138000 (2.8%): Train pred MSE = 2.890146e-09, Test pred MSE = 1.791543e-06, Param MSE = 1.814919e-05, Grad norm = 4.746549e-07, Beta update rate = 2.586074e-08
Epoch 138200 (2.8%): Train pred MSE = 2.867709e-09, Test pred MSE = 1.791486e-06, Param MSE = 1.814859e-05, Grad norm = 4.727228e-07, Beta update rate = 2.575174e-08
Epoch 138400 (2.8%): Train pred MSE = 2.845453e-09, Test pred MSE = 1.791428e-06, Param MSE = 1.814800e-05, Grad norm = 4.707994e-07, Beta update rate = 2.564326e-08
Epoch 138600 (2.8%): Train pred MSE = 2.823379e-09, Test pred MSE = 1.791371e-06, Param MSE = 1.814741e-05, Grad norm = 4.688847e-07, Beta update rate = 2.553528e-08
Epoch 138800 (2.8%): Train pred MSE = 2.801484e-09, Test pred MSE = 1.791315e-06, Param MSE = 1.814682e-05, Grad norm = 4.669786e-07, Beta update rate = 2.542781e-08
Epoch 139000 (2.8%): Train pred MSE = 2.779766e-09, Test pred MSE = 1.791258e-06, Param MSE = 1.814624e-05, Grad norm = 4.650811e-07, Beta update rate = 2.532085e-08
Epoch 139200 (2.8%): Train pred MSE = 2.758224e-09, Test pred MSE = 1.791202e-06, Param MSE = 1.814566e-05, Grad norm = 4.631921e-07, Beta update rate = 2.521439e-08
Epoch 139400 (2.8%): Train pred MSE = 2.736857e-09, Test pred MSE = 1.791146e-06, Param MSE = 1.814508e-05, Grad norm = 4.613116e-07, Beta update rate = 2.510843e-08
Epoch 139600 (2.8%): Train pred MSE = 2.715664e-09, Test pred MSE = 1.791091e-06, Param MSE = 1.814450e-05, Grad norm = 4.594395e-07, Beta update rate = 2.500296e-08
Epoch 139800 (2.8%): Train pred MSE = 2.694641e-09, Test pred MSE = 1.791035e-06, Param MSE = 1.814393e-05, Grad norm = 4.575758e-07, Beta update rate = 2.489799e-08
Epoch 140000 (2.8%): Train pred MSE = 2.673789e-09, Test pred MSE = 1.790980e-06, Param MSE = 1.814336e-05, Grad norm = 4.557205e-07, Beta update rate = 2.479351e-08
Epoch 140200 (2.8%): Train pred MSE = 2.653106e-09, Test pred MSE = 1.790925e-06, Param MSE = 1.814280e-05, Grad norm = 4.538735e-07, Beta update rate = 2.468952e-08
Epoch 140400 (2.8%): Train pred MSE = 2.632590e-09, Test pred MSE = 1.790871e-06, Param MSE = 1.814223e-05, Grad norm = 4.520348e-07, Beta update rate = 2.458602e-08
Epoch 140600 (2.8%): Train pred MSE = 2.612239e-09, Test pred MSE = 1.790817e-06, Param MSE = 1.814167e-05, Grad norm = 4.502043e-07, Beta update rate = 2.448300e-08
Epoch 140800 (2.8%): Train pred MSE = 2.592054e-09, Test pred MSE = 1.790763e-06, Param MSE = 1.814111e-05, Grad norm = 4.483820e-07, Beta update rate = 2.438046e-08
Epoch 141000 (2.8%): Train pred MSE = 2.572031e-09, Test pred MSE = 1.790709e-06, Param MSE = 1.814056e-05, Grad norm = 4.465679e-07, Beta update rate = 2.427839e-08
Epoch 141200 (2.8%): Train pred MSE = 2.552170e-09, Test pred MSE = 1.790656e-06, Param MSE = 1.814000e-05, Grad norm = 4.447619e-07, Beta update rate = 2.417681e-08
Epoch 141400 (2.8%): Train pred MSE = 2.532469e-09, Test pred MSE = 1.790602e-06, Param MSE = 1.813945e-05, Grad norm = 4.429639e-07, Beta update rate = 2.407569e-08
Epoch 141600 (2.8%): Train pred MSE = 2.512927e-09, Test pred MSE = 1.790549e-06, Param MSE = 1.813891e-05, Grad norm = 4.411739e-07, Beta update rate = 2.397505e-08
Epoch 141800 (2.8%): Train pred MSE = 2.493543e-09, Test pred MSE = 1.790497e-06, Param MSE = 1.813836e-05, Grad norm = 4.393920e-07, Beta update rate = 2.387488e-08
Epoch 142000 (2.8%): Train pred MSE = 2.474315e-09, Test pred MSE = 1.790444e-06, Param MSE = 1.813782e-05, Grad norm = 4.376179e-07, Beta update rate = 2.377517e-08
Epoch 142200 (2.8%): Train pred MSE = 2.455242e-09, Test pred MSE = 1.790392e-06, Param MSE = 1.813728e-05, Grad norm = 4.358518e-07, Beta update rate = 2.367592e-08
Epoch 142400 (2.8%): Train pred MSE = 2.436322e-09, Test pred MSE = 1.790340e-06, Param MSE = 1.813674e-05, Grad norm = 4.340936e-07, Beta update rate = 2.357714e-08
Epoch 142600 (2.9%): Train pred MSE = 2.417555e-09, Test pred MSE = 1.790289e-06, Param MSE = 1.813621e-05, Grad norm = 4.323431e-07, Beta update rate = 2.347881e-08
Epoch 142800 (2.9%): Train pred MSE = 2.398939e-09, Test pred MSE = 1.790237e-06, Param MSE = 1.813568e-05, Grad norm = 4.306005e-07, Beta update rate = 2.338094e-08
Epoch 143000 (2.9%): Train pred MSE = 2.380472e-09, Test pred MSE = 1.790186e-06, Param MSE = 1.813515e-05, Grad norm = 4.288656e-07, Beta update rate = 2.328353e-08
Epoch 143200 (2.9%): Train pred MSE = 2.362154e-09, Test pred MSE = 1.790135e-06, Param MSE = 1.813462e-05, Grad norm = 4.271384e-07, Beta update rate = 2.318656e-08
Epoch 143400 (2.9%): Train pred MSE = 2.343984e-09, Test pred MSE = 1.790085e-06, Param MSE = 1.813410e-05, Grad norm = 4.254189e-07, Beta update rate = 2.309004e-08
Epoch 143600 (2.9%): Train pred MSE = 2.325959e-09, Test pred MSE = 1.790034e-06, Param MSE = 1.813357e-05, Grad norm = 4.237070e-07, Beta update rate = 2.299397e-08
Epoch 143800 (2.9%): Train pred MSE = 2.308079e-09, Test pred MSE = 1.789984e-06, Param MSE = 1.813306e-05, Grad norm = 4.220027e-07, Beta update rate = 2.289835e-08
Epoch 144000 (2.9%): Train pred MSE = 2.290342e-09, Test pred MSE = 1.789934e-06, Param MSE = 1.813254e-05, Grad norm = 4.203059e-07, Beta update rate = 2.280316e-08
Epoch 144200 (2.9%): Train pred MSE = 2.272748e-09, Test pred MSE = 1.789885e-06, Param MSE = 1.813203e-05, Grad norm = 4.186167e-07, Beta update rate = 2.270841e-08
Epoch 144400 (2.9%): Train pred MSE = 2.255295e-09, Test pred MSE = 1.789835e-06, Param MSE = 1.813151e-05, Grad norm = 4.169349e-07, Beta update rate = 2.261410e-08
Epoch 144600 (2.9%): Train pred MSE = 2.237982e-09, Test pred MSE = 1.789786e-06, Param MSE = 1.813101e-05, Grad norm = 4.152606e-07, Beta update rate = 2.252023e-08
Epoch 144800 (2.9%): Train pred MSE = 2.220807e-09, Test pred MSE = 1.789737e-06, Param MSE = 1.813050e-05, Grad norm = 4.135937e-07, Beta update rate = 2.242679e-08
Epoch 145000 (2.9%): Train pred MSE = 2.203770e-09, Test pred MSE = 1.789688e-06, Param MSE = 1.813000e-05, Grad norm = 4.119341e-07, Beta update rate = 2.233378e-08
Epoch 145200 (2.9%): Train pred MSE = 2.186870e-09, Test pred MSE = 1.789640e-06, Param MSE = 1.812949e-05, Grad norm = 4.102819e-07, Beta update rate = 2.224119e-08
Epoch 145400 (2.9%): Train pred MSE = 2.170105e-09, Test pred MSE = 1.789592e-06, Param MSE = 1.812899e-05, Grad norm = 4.086370e-07, Beta update rate = 2.214903e-08
Epoch 145600 (2.9%): Train pred MSE = 2.153474e-09, Test pred MSE = 1.789544e-06, Param MSE = 1.812850e-05, Grad norm = 4.069993e-07, Beta update rate = 2.205730e-08
Epoch 145800 (2.9%): Train pred MSE = 2.136976e-09, Test pred MSE = 1.789496e-06, Param MSE = 1.812800e-05, Grad norm = 4.053688e-07, Beta update rate = 2.196598e-08
Epoch 146000 (2.9%): Train pred MSE = 2.120610e-09, Test pred MSE = 1.789448e-06, Param MSE = 1.812751e-05, Grad norm = 4.037456e-07, Beta update rate = 2.187509e-08
Epoch 146200 (2.9%): Train pred MSE = 2.104374e-09, Test pred MSE = 1.789401e-06, Param MSE = 1.812702e-05, Grad norm = 4.021294e-07, Beta update rate = 2.178461e-08
Epoch 146400 (2.9%): Train pred MSE = 2.088269e-09, Test pred MSE = 1.789354e-06, Param MSE = 1.812653e-05, Grad norm = 4.005204e-07, Beta update rate = 2.169454e-08
Epoch 146600 (2.9%): Train pred MSE = 2.072292e-09, Test pred MSE = 1.789307e-06, Param MSE = 1.812605e-05, Grad norm = 3.989185e-07, Beta update rate = 2.160489e-08
Epoch 146800 (2.9%): Train pred MSE = 2.056442e-09, Test pred MSE = 1.789261e-06, Param MSE = 1.812557e-05, Grad norm = 3.973236e-07, Beta update rate = 2.151565e-08
Epoch 147000 (2.9%): Train pred MSE = 2.040719e-09, Test pred MSE = 1.789214e-06, Param MSE = 1.812509e-05, Grad norm = 3.957357e-07, Beta update rate = 2.142682e-08
Epoch 147200 (2.9%): Train pred MSE = 2.025121e-09, Test pred MSE = 1.789168e-06, Param MSE = 1.812461e-05, Grad norm = 3.941548e-07, Beta update rate = 2.133839e-08
Epoch 147400 (2.9%): Train pred MSE = 2.009648e-09, Test pred MSE = 1.789122e-06, Param MSE = 1.812413e-05, Grad norm = 3.925808e-07, Beta update rate = 2.125037e-08
Epoch 147600 (3.0%): Train pred MSE = 1.994298e-09, Test pred MSE = 1.789076e-06, Param MSE = 1.812366e-05, Grad norm = 3.910138e-07, Beta update rate = 2.116274e-08
Epoch 147800 (3.0%): Train pred MSE = 1.979070e-09, Test pred MSE = 1.789031e-06, Param MSE = 1.812319e-05, Grad norm = 3.894536e-07, Beta update rate = 2.107552e-08
Epoch 148000 (3.0%): Train pred MSE = 1.963964e-09, Test pred MSE = 1.788986e-06, Param MSE = 1.812272e-05, Grad norm = 3.879002e-07, Beta update rate = 2.098870e-08
Epoch 148200 (3.0%): Train pred MSE = 1.948977e-09, Test pred MSE = 1.788941e-06, Param MSE = 1.812225e-05, Grad norm = 3.863537e-07, Beta update rate = 2.090227e-08
Epoch 148400 (3.0%): Train pred MSE = 1.934110e-09, Test pred MSE = 1.788896e-06, Param MSE = 1.812179e-05, Grad norm = 3.848139e-07, Beta update rate = 2.081623e-08
Epoch 148600 (3.0%): Train pred MSE = 1.919362e-09, Test pred MSE = 1.788851e-06, Param MSE = 1.812133e-05, Grad norm = 3.832808e-07, Beta update rate = 2.073059e-08
Epoch 148800 (3.0%): Train pred MSE = 1.904730e-09, Test pred MSE = 1.788807e-06, Param MSE = 1.812087e-05, Grad norm = 3.817545e-07, Beta update rate = 2.064533e-08
Epoch 149000 (3.0%): Train pred MSE = 1.890215e-09, Test pred MSE = 1.788763e-06, Param MSE = 1.812041e-05, Grad norm = 3.802348e-07, Beta update rate = 2.056047e-08
Epoch 149200 (3.0%): Train pred MSE = 1.875815e-09, Test pred MSE = 1.788719e-06, Param MSE = 1.811995e-05, Grad norm = 3.787217e-07, Beta update rate = 2.047599e-08
Epoch 149400 (3.0%): Train pred MSE = 1.861529e-09, Test pred MSE = 1.788675e-06, Param MSE = 1.811950e-05, Grad norm = 3.772153e-07, Beta update rate = 2.039189e-08
Epoch 149600 (3.0%): Train pred MSE = 1.847357e-09, Test pred MSE = 1.788631e-06, Param MSE = 1.811905e-05, Grad norm = 3.757154e-07, Beta update rate = 2.030817e-08
Epoch 149800 (3.0%): Train pred MSE = 1.833297e-09, Test pred MSE = 1.788588e-06, Param MSE = 1.811860e-05, Grad norm = 3.742221e-07, Beta update rate = 2.022483e-08
Epoch 150000 (3.0%): Train pred MSE = 1.819349e-09, Test pred MSE = 1.788545e-06, Param MSE = 1.811815e-05, Grad norm = 3.727353e-07, Beta update rate = 2.014187e-08
Epoch 150200 (3.0%): Train pred MSE = 1.805512e-09, Test pred MSE = 1.788502e-06, Param MSE = 1.811771e-05, Grad norm = 3.712549e-07, Beta update rate = 2.005929e-08
Epoch 150400 (3.0%): Train pred MSE = 1.791784e-09, Test pred MSE = 1.788459e-06, Param MSE = 1.811727e-05, Grad norm = 3.697810e-07, Beta update rate = 1.997708e-08
Epoch 150600 (3.0%): Train pred MSE = 1.778165e-09, Test pred MSE = 1.788417e-06, Param MSE = 1.811683e-05, Grad norm = 3.683136e-07, Beta update rate = 1.989524e-08
Epoch 150800 (3.0%): Train pred MSE = 1.764653e-09, Test pred MSE = 1.788374e-06, Param MSE = 1.811639e-05, Grad norm = 3.668524e-07, Beta update rate = 1.981377e-08
Epoch 151000 (3.0%): Train pred MSE = 1.751249e-09, Test pred MSE = 1.788332e-06, Param MSE = 1.811595e-05, Grad norm = 3.653977e-07, Beta update rate = 1.973267e-08
Epoch 151200 (3.0%): Train pred MSE = 1.737951e-09, Test pred MSE = 1.788290e-06, Param MSE = 1.811552e-05, Grad norm = 3.639493e-07, Beta update rate = 1.965193e-08
Epoch 151400 (3.0%): Train pred MSE = 1.724758e-09, Test pred MSE = 1.788248e-06, Param MSE = 1.811509e-05, Grad norm = 3.625071e-07, Beta update rate = 1.957156e-08
Epoch 151600 (3.0%): Train pred MSE = 1.711669e-09, Test pred MSE = 1.788207e-06, Param MSE = 1.811466e-05, Grad norm = 3.610712e-07, Beta update rate = 1.949155e-08
Epoch 151800 (3.0%): Train pred MSE = 1.698684e-09, Test pred MSE = 1.788166e-06, Param MSE = 1.811423e-05, Grad norm = 3.596416e-07, Beta update rate = 1.941191e-08
Epoch 152000 (3.0%): Train pred MSE = 1.685801e-09, Test pred MSE = 1.788124e-06, Param MSE = 1.811380e-05, Grad norm = 3.582181e-07, Beta update rate = 1.933262e-08
Epoch 152200 (3.0%): Train pred MSE = 1.673020e-09, Test pred MSE = 1.788083e-06, Param MSE = 1.811338e-05, Grad norm = 3.568008e-07, Beta update rate = 1.925369e-08
Epoch 152400 (3.0%): Train pred MSE = 1.660340e-09, Test pred MSE = 1.788043e-06, Param MSE = 1.811296e-05, Grad norm = 3.553896e-07, Beta update rate = 1.917511e-08
Epoch 152600 (3.1%): Train pred MSE = 1.647760e-09, Test pred MSE = 1.788002e-06, Param MSE = 1.811254e-05, Grad norm = 3.539846e-07, Beta update rate = 1.909688e-08
Epoch 152800 (3.1%): Train pred MSE = 1.635280e-09, Test pred MSE = 1.787962e-06, Param MSE = 1.811212e-05, Grad norm = 3.525856e-07, Beta update rate = 1.901901e-08
Epoch 153000 (3.1%): Train pred MSE = 1.622897e-09, Test pred MSE = 1.787922e-06, Param MSE = 1.811170e-05, Grad norm = 3.511927e-07, Beta update rate = 1.894149e-08
Epoch 153200 (3.1%): Train pred MSE = 1.610613e-09, Test pred MSE = 1.787882e-06, Param MSE = 1.811129e-05, Grad norm = 3.498058e-07, Beta update rate = 1.886431e-08
Epoch 153400 (3.1%): Train pred MSE = 1.598425e-09, Test pred MSE = 1.787842e-06, Param MSE = 1.811088e-05, Grad norm = 3.484249e-07, Beta update rate = 1.878748e-08
Epoch 153600 (3.1%): Train pred MSE = 1.586333e-09, Test pred MSE = 1.787802e-06, Param MSE = 1.811047e-05, Grad norm = 3.470499e-07, Beta update rate = 1.871100e-08
Epoch 153800 (3.1%): Train pred MSE = 1.574337e-09, Test pred MSE = 1.787763e-06, Param MSE = 1.811006e-05, Grad norm = 3.456809e-07, Beta update rate = 1.863486e-08
Epoch 154000 (3.1%): Train pred MSE = 1.562435e-09, Test pred MSE = 1.787724e-06, Param MSE = 1.810965e-05, Grad norm = 3.443178e-07, Beta update rate = 1.855906e-08
Epoch 154200 (3.1%): Train pred MSE = 1.550626e-09, Test pred MSE = 1.787685e-06, Param MSE = 1.810925e-05, Grad norm = 3.429605e-07, Beta update rate = 1.848359e-08
Epoch 154400 (3.1%): Train pred MSE = 1.538911e-09, Test pred MSE = 1.787646e-06, Param MSE = 1.810885e-05, Grad norm = 3.416091e-07, Beta update rate = 1.840847e-08
Epoch 154600 (3.1%): Train pred MSE = 1.527287e-09, Test pred MSE = 1.787607e-06, Param MSE = 1.810845e-05, Grad norm = 3.402636e-07, Beta update rate = 1.833368e-08
Epoch 154800 (3.1%): Train pred MSE = 1.515755e-09, Test pred MSE = 1.787569e-06, Param MSE = 1.810805e-05, Grad norm = 3.389238e-07, Beta update rate = 1.825923e-08
Epoch 155000 (3.1%): Train pred MSE = 1.504314e-09, Test pred MSE = 1.787530e-06, Param MSE = 1.810765e-05, Grad norm = 3.375898e-07, Beta update rate = 1.818510e-08
Epoch 155200 (3.1%): Train pred MSE = 1.492962e-09, Test pred MSE = 1.787492e-06, Param MSE = 1.810725e-05, Grad norm = 3.362615e-07, Beta update rate = 1.811131e-08
Epoch 155400 (3.1%): Train pred MSE = 1.481700e-09, Test pred MSE = 1.787454e-06, Param MSE = 1.810686e-05, Grad norm = 3.349389e-07, Beta update rate = 1.803785e-08
Epoch 155600 (3.1%): Train pred MSE = 1.470526e-09, Test pred MSE = 1.787417e-06, Param MSE = 1.810647e-05, Grad norm = 3.336220e-07, Beta update rate = 1.796471e-08
Epoch 155800 (3.1%): Train pred MSE = 1.459440e-09, Test pred MSE = 1.787379e-06, Param MSE = 1.810608e-05, Grad norm = 3.323107e-07, Beta update rate = 1.789190e-08
Epoch 156000 (3.1%): Train pred MSE = 1.448440e-09, Test pred MSE = 1.787342e-06, Param MSE = 1.810569e-05, Grad norm = 3.310051e-07, Beta update rate = 1.781942e-08
Epoch 156200 (3.1%): Train pred MSE = 1.437527e-09, Test pred MSE = 1.787304e-06, Param MSE = 1.810531e-05, Grad norm = 3.297051e-07, Beta update rate = 1.774725e-08
Epoch 156400 (3.1%): Train pred MSE = 1.426700e-09, Test pred MSE = 1.787267e-06, Param MSE = 1.810492e-05, Grad norm = 3.284107e-07, Beta update rate = 1.767541e-08
Epoch 156600 (3.1%): Train pred MSE = 1.415957e-09, Test pred MSE = 1.787231e-06, Param MSE = 1.810454e-05, Grad norm = 3.271218e-07, Beta update rate = 1.760389e-08
Epoch 156800 (3.1%): Train pred MSE = 1.405298e-09, Test pred MSE = 1.787194e-06, Param MSE = 1.810416e-05, Grad norm = 3.258384e-07, Beta update rate = 1.753268e-08
Epoch 157000 (3.1%): Train pred MSE = 1.394723e-09, Test pred MSE = 1.787157e-06, Param MSE = 1.810378e-05, Grad norm = 3.245605e-07, Beta update rate = 1.746180e-08
Epoch 157200 (3.1%): Train pred MSE = 1.384231e-09, Test pred MSE = 1.787121e-06, Param MSE = 1.810341e-05, Grad norm = 3.232881e-07, Beta update rate = 1.739122e-08
Epoch 157400 (3.1%): Train pred MSE = 1.373820e-09, Test pred MSE = 1.787085e-06, Param MSE = 1.810303e-05, Grad norm = 3.220211e-07, Beta update rate = 1.732096e-08
Epoch 157600 (3.2%): Train pred MSE = 1.363492e-09, Test pred MSE = 1.787049e-06, Param MSE = 1.810266e-05, Grad norm = 3.207595e-07, Beta update rate = 1.725101e-08
Epoch 157800 (3.2%): Train pred MSE = 1.353243e-09, Test pred MSE = 1.787013e-06, Param MSE = 1.810229e-05, Grad norm = 3.195034e-07, Beta update rate = 1.718137e-08
Epoch 158000 (3.2%): Train pred MSE = 1.343075e-09, Test pred MSE = 1.786977e-06, Param MSE = 1.810192e-05, Grad norm = 3.182526e-07, Beta update rate = 1.711204e-08
Epoch 158200 (3.2%): Train pred MSE = 1.332987e-09, Test pred MSE = 1.786942e-06, Param MSE = 1.810155e-05, Grad norm = 3.170071e-07, Beta update rate = 1.704301e-08
Epoch 158400 (3.2%): Train pred MSE = 1.322977e-09, Test pred MSE = 1.786906e-06, Param MSE = 1.810118e-05, Grad norm = 3.157669e-07, Beta update rate = 1.697429e-08
Epoch 158600 (3.2%): Train pred MSE = 1.313046e-09, Test pred MSE = 1.786871e-06, Param MSE = 1.810082e-05, Grad norm = 3.145321e-07, Beta update rate = 1.690587e-08
Epoch 158800 (3.2%): Train pred MSE = 1.303191e-09, Test pred MSE = 1.786836e-06, Param MSE = 1.810046e-05, Grad norm = 3.133025e-07, Beta update rate = 1.683776e-08
Epoch 159000 (3.2%): Train pred MSE = 1.293414e-09, Test pred MSE = 1.786801e-06, Param MSE = 1.810010e-05, Grad norm = 3.120781e-07, Beta update rate = 1.676995e-08
Epoch 159200 (3.2%): Train pred MSE = 1.283713e-09, Test pred MSE = 1.786767e-06, Param MSE = 1.809974e-05, Grad norm = 3.108589e-07, Beta update rate = 1.670243e-08
Epoch 159400 (3.2%): Train pred MSE = 1.274088e-09, Test pred MSE = 1.786732e-06, Param MSE = 1.809938e-05, Grad norm = 3.096450e-07, Beta update rate = 1.663521e-08
Epoch 159600 (3.2%): Train pred MSE = 1.264538e-09, Test pred MSE = 1.786698e-06, Param MSE = 1.809902e-05, Grad norm = 3.084361e-07, Beta update rate = 1.656829e-08
Epoch 159800 (3.2%): Train pred MSE = 1.255062e-09, Test pred MSE = 1.786664e-06, Param MSE = 1.809867e-05, Grad norm = 3.072325e-07, Beta update rate = 1.650167e-08
Epoch 160000 (3.2%): Train pred MSE = 1.245660e-09, Test pred MSE = 1.786630e-06, Param MSE = 1.809831e-05, Grad norm = 3.060339e-07, Beta update rate = 1.643534e-08
Epoch 160200 (3.2%): Train pred MSE = 1.236331e-09, Test pred MSE = 1.786596e-06, Param MSE = 1.809796e-05, Grad norm = 3.048405e-07, Beta update rate = 1.636930e-08
Epoch 160400 (3.2%): Train pred MSE = 1.227074e-09, Test pred MSE = 1.786562e-06, Param MSE = 1.809761e-05, Grad norm = 3.036521e-07, Beta update rate = 1.630355e-08
Epoch 160600 (3.2%): Train pred MSE = 1.217890e-09, Test pred MSE = 1.786528e-06, Param MSE = 1.809727e-05, Grad norm = 3.024687e-07, Beta update rate = 1.623808e-08
Epoch 160800 (3.2%): Train pred MSE = 1.208777e-09, Test pred MSE = 1.786495e-06, Param MSE = 1.809692e-05, Grad norm = 3.012904e-07, Beta update rate = 1.617291e-08
Epoch 161000 (3.2%): Train pred MSE = 1.199735e-09, Test pred MSE = 1.786462e-06, Param MSE = 1.809658e-05, Grad norm = 3.001171e-07, Beta update rate = 1.610802e-08
Epoch 161200 (3.2%): Train pred MSE = 1.190764e-09, Test pred MSE = 1.786429e-06, Param MSE = 1.809623e-05, Grad norm = 2.989487e-07, Beta update rate = 1.604342e-08
Epoch 161400 (3.2%): Train pred MSE = 1.181862e-09, Test pred MSE = 1.786396e-06, Param MSE = 1.809589e-05, Grad norm = 2.977853e-07, Beta update rate = 1.597910e-08
Epoch 161600 (3.2%): Train pred MSE = 1.173029e-09, Test pred MSE = 1.786363e-06, Param MSE = 1.809555e-05, Grad norm = 2.966268e-07, Beta update rate = 1.591507e-08
Epoch 161800 (3.2%): Train pred MSE = 1.164264e-09, Test pred MSE = 1.786330e-06, Param MSE = 1.809521e-05, Grad norm = 2.954732e-07, Beta update rate = 1.585131e-08
Epoch 162000 (3.2%): Train pred MSE = 1.155568e-09, Test pred MSE = 1.786298e-06, Param MSE = 1.809488e-05, Grad norm = 2.943245e-07, Beta update rate = 1.578783e-08
Epoch 162200 (3.2%): Train pred MSE = 1.146939e-09, Test pred MSE = 1.786265e-06, Param MSE = 1.809454e-05, Grad norm = 2.931806e-07, Beta update rate = 1.572463e-08
Epoch 162400 (3.2%): Train pred MSE = 1.138377e-09, Test pred MSE = 1.786233e-06, Param MSE = 1.809421e-05, Grad norm = 2.920416e-07, Beta update rate = 1.566171e-08
Epoch 162600 (3.3%): Train pred MSE = 1.129882e-09, Test pred MSE = 1.786201e-06, Param MSE = 1.809388e-05, Grad norm = 2.909074e-07, Beta update rate = 1.559906e-08
Epoch 162800 (3.3%): Train pred MSE = 1.121452e-09, Test pred MSE = 1.786169e-06, Param MSE = 1.809354e-05, Grad norm = 2.897780e-07, Beta update rate = 1.553669e-08
Epoch 163000 (3.3%): Train pred MSE = 1.113088e-09, Test pred MSE = 1.786138e-06, Param MSE = 1.809322e-05, Grad norm = 2.886533e-07, Beta update rate = 1.547459e-08
Epoch 163200 (3.3%): Train pred MSE = 1.104789e-09, Test pred MSE = 1.786106e-06, Param MSE = 1.809289e-05, Grad norm = 2.875334e-07, Beta update rate = 1.541276e-08
Epoch 163400 (3.3%): Train pred MSE = 1.096553e-09, Test pred MSE = 1.786075e-06, Param MSE = 1.809256e-05, Grad norm = 2.864182e-07, Beta update rate = 1.535120e-08
Epoch 163600 (3.3%): Train pred MSE = 1.088382e-09, Test pred MSE = 1.786043e-06, Param MSE = 1.809224e-05, Grad norm = 2.853077e-07, Beta update rate = 1.528991e-08
Epoch 163800 (3.3%): Train pred MSE = 1.080273e-09, Test pred MSE = 1.786012e-06, Param MSE = 1.809191e-05, Grad norm = 2.842019e-07, Beta update rate = 1.522888e-08
Epoch 164000 (3.3%): Train pred MSE = 1.072228e-09, Test pred MSE = 1.785981e-06, Param MSE = 1.809159e-05, Grad norm = 2.831008e-07, Beta update rate = 1.516812e-08
Epoch 164200 (3.3%): Train pred MSE = 1.064245e-09, Test pred MSE = 1.785950e-06, Param MSE = 1.809127e-05, Grad norm = 2.820043e-07, Beta update rate = 1.510763e-08
Epoch 164400 (3.3%): Train pred MSE = 1.056323e-09, Test pred MSE = 1.785919e-06, Param MSE = 1.809095e-05, Grad norm = 2.809123e-07, Beta update rate = 1.504740e-08
Epoch 164600 (3.3%): Train pred MSE = 1.048463e-09, Test pred MSE = 1.785889e-06, Param MSE = 1.809064e-05, Grad norm = 2.798250e-07, Beta update rate = 1.498743e-08
Epoch 164800 (3.3%): Train pred MSE = 1.040663e-09, Test pred MSE = 1.785858e-06, Param MSE = 1.809032e-05, Grad norm = 2.787423e-07, Beta update rate = 1.492772e-08
Epoch 165000 (3.3%): Train pred MSE = 1.032923e-09, Test pred MSE = 1.785828e-06, Param MSE = 1.809001e-05, Grad norm = 2.776641e-07, Beta update rate = 1.486827e-08
Epoch 165200 (3.3%): Train pred MSE = 1.025244e-09, Test pred MSE = 1.785798e-06, Param MSE = 1.808970e-05, Grad norm = 2.765904e-07, Beta update rate = 1.480908e-08
Epoch 165400 (3.3%): Train pred MSE = 1.017623e-09, Test pred MSE = 1.785768e-06, Param MSE = 1.808938e-05, Grad norm = 2.755212e-07, Beta update rate = 1.475015e-08
Epoch 165600 (3.3%): Train pred MSE = 1.010062e-09, Test pred MSE = 1.785738e-06, Param MSE = 1.808907e-05, Grad norm = 2.744566e-07, Beta update rate = 1.469147e-08
Epoch 165800 (3.3%): Train pred MSE = 1.002558e-09, Test pred MSE = 1.785708e-06, Param MSE = 1.808877e-05, Grad norm = 2.733964e-07, Beta update rate = 1.463305e-08
Epoch 166000 (3.3%): Train pred MSE = 9.951127e-10, Test pred MSE = 1.785679e-06, Param MSE = 1.808846e-05, Grad norm = 2.723406e-07, Beta update rate = 1.457488e-08
Epoch 166200 (3.3%): Train pred MSE = 9.877246e-10, Test pred MSE = 1.785649e-06, Param MSE = 1.808815e-05, Grad norm = 2.712892e-07, Beta update rate = 1.451696e-08
Epoch 166400 (3.3%): Train pred MSE = 9.803934e-10, Test pred MSE = 1.785620e-06, Param MSE = 1.808785e-05, Grad norm = 2.702423e-07, Beta update rate = 1.445929e-08
Epoch 166600 (3.3%): Train pred MSE = 9.731187e-10, Test pred MSE = 1.785591e-06, Param MSE = 1.808755e-05, Grad norm = 2.691997e-07, Beta update rate = 1.440188e-08
Epoch 166800 (3.3%): Train pred MSE = 9.659000e-10, Test pred MSE = 1.785562e-06, Param MSE = 1.808724e-05, Grad norm = 2.681615e-07, Beta update rate = 1.434471e-08
Epoch 167000 (3.3%): Train pred MSE = 9.587368e-10, Test pred MSE = 1.785533e-06, Param MSE = 1.808694e-05, Grad norm = 2.671277e-07, Beta update rate = 1.428779e-08
Epoch 167200 (3.3%): Train pred MSE = 9.516288e-10, Test pred MSE = 1.785504e-06, Param MSE = 1.808665e-05, Grad norm = 2.660981e-07, Beta update rate = 1.423111e-08
Epoch 167400 (3.3%): Train pred MSE = 9.445755e-10, Test pred MSE = 1.785475e-06, Param MSE = 1.808635e-05, Grad norm = 2.650729e-07, Beta update rate = 1.417468e-08
Epoch 167600 (3.4%): Train pred MSE = 9.375763e-10, Test pred MSE = 1.785447e-06, Param MSE = 1.808605e-05, Grad norm = 2.640520e-07, Beta update rate = 1.411849e-08
Epoch 167800 (3.4%): Train pred MSE = 9.306310e-10, Test pred MSE = 1.785418e-06, Param MSE = 1.808576e-05, Grad norm = 2.630353e-07, Beta update rate = 1.406255e-08
Epoch 168000 (3.4%): Train pred MSE = 9.237391e-10, Test pred MSE = 1.785390e-06, Param MSE = 1.808547e-05, Grad norm = 2.620228e-07, Beta update rate = 1.400685e-08
Epoch 168200 (3.4%): Train pred MSE = 9.169001e-10, Test pred MSE = 1.785362e-06, Param MSE = 1.808517e-05, Grad norm = 2.610146e-07, Beta update rate = 1.395138e-08
Epoch 168400 (3.4%): Train pred MSE = 9.101136e-10, Test pred MSE = 1.785334e-06, Param MSE = 1.808488e-05, Grad norm = 2.600106e-07, Beta update rate = 1.389616e-08
Epoch 168600 (3.4%): Train pred MSE = 9.033792e-10, Test pred MSE = 1.785306e-06, Param MSE = 1.808459e-05, Grad norm = 2.590107e-07, Beta update rate = 1.384117e-08
Epoch 168800 (3.4%): Train pred MSE = 8.966966e-10, Test pred MSE = 1.785278e-06, Param MSE = 1.808431e-05, Grad norm = 2.580151e-07, Beta update rate = 1.378642e-08
Epoch 169000 (3.4%): Train pred MSE = 8.900651e-10, Test pred MSE = 1.785251e-06, Param MSE = 1.808402e-05, Grad norm = 2.570236e-07, Beta update rate = 1.373191e-08
Epoch 169200 (3.4%): Train pred MSE = 8.834846e-10, Test pred MSE = 1.785223e-06, Param MSE = 1.808373e-05, Grad norm = 2.560362e-07, Beta update rate = 1.367763e-08
Epoch 169400 (3.4%): Train pred MSE = 8.769545e-10, Test pred MSE = 1.785196e-06, Param MSE = 1.808345e-05, Grad norm = 2.550529e-07, Beta update rate = 1.362359e-08
Epoch 169600 (3.4%): Train pred MSE = 8.704744e-10, Test pred MSE = 1.785168e-06, Param MSE = 1.808317e-05, Grad norm = 2.540737e-07, Beta update rate = 1.356977e-08
Epoch 169800 (3.4%): Train pred MSE = 8.640440e-10, Test pred MSE = 1.785141e-06, Param MSE = 1.808289e-05, Grad norm = 2.530986e-07, Beta update rate = 1.351619e-08
Epoch 170000 (3.4%): Train pred MSE = 8.576629e-10, Test pred MSE = 1.785114e-06, Param MSE = 1.808261e-05, Grad norm = 2.521275e-07, Beta update rate = 1.346284e-08
Epoch 170200 (3.4%): Train pred MSE = 8.513306e-10, Test pred MSE = 1.785087e-06, Param MSE = 1.808233e-05, Grad norm = 2.511604e-07, Beta update rate = 1.340971e-08
Epoch 170400 (3.4%): Train pred MSE = 8.450468e-10, Test pred MSE = 1.785061e-06, Param MSE = 1.808205e-05, Grad norm = 2.501974e-07, Beta update rate = 1.335682e-08
Epoch 170600 (3.4%): Train pred MSE = 8.388111e-10, Test pred MSE = 1.785034e-06, Param MSE = 1.808177e-05, Grad norm = 2.492384e-07, Beta update rate = 1.330415e-08
Epoch 170800 (3.4%): Train pred MSE = 8.326231e-10, Test pred MSE = 1.785008e-06, Param MSE = 1.808150e-05, Grad norm = 2.482833e-07, Beta update rate = 1.325171e-08
Epoch 171000 (3.4%): Train pred MSE = 8.264824e-10, Test pred MSE = 1.784981e-06, Param MSE = 1.808122e-05, Grad norm = 2.473323e-07, Beta update rate = 1.319949e-08
Epoch 171200 (3.4%): Train pred MSE = 8.203887e-10, Test pred MSE = 1.784955e-06, Param MSE = 1.808095e-05, Grad norm = 2.463851e-07, Beta update rate = 1.314750e-08
Epoch 171400 (3.4%): Train pred MSE = 8.143415e-10, Test pred MSE = 1.784929e-06, Param MSE = 1.808068e-05, Grad norm = 2.454419e-07, Beta update rate = 1.309572e-08
Epoch 171600 (3.4%): Train pred MSE = 8.083405e-10, Test pred MSE = 1.784903e-06, Param MSE = 1.808041e-05, Grad norm = 2.445026e-07, Beta update rate = 1.304417e-08
Epoch 171800 (3.4%): Train pred MSE = 8.023854e-10, Test pred MSE = 1.784877e-06, Param MSE = 1.808014e-05, Grad norm = 2.435671e-07, Beta update rate = 1.299284e-08
Epoch 172000 (3.4%): Train pred MSE = 7.964758e-10, Test pred MSE = 1.784851e-06, Param MSE = 1.807987e-05, Grad norm = 2.426356e-07, Beta update rate = 1.294173e-08
Epoch 172200 (3.4%): Train pred MSE = 7.906112e-10, Test pred MSE = 1.784825e-06, Param MSE = 1.807961e-05, Grad norm = 2.417079e-07, Beta update rate = 1.289084e-08
Epoch 172400 (3.4%): Train pred MSE = 7.847914e-10, Test pred MSE = 1.784800e-06, Param MSE = 1.807934e-05, Grad norm = 2.407840e-07, Beta update rate = 1.284016e-08
Epoch 172600 (3.5%): Train pred MSE = 7.790161e-10, Test pred MSE = 1.784774e-06, Param MSE = 1.807908e-05, Grad norm = 2.398640e-07, Beta update rate = 1.278971e-08
Epoch 172800 (3.5%): Train pred MSE = 7.732847e-10, Test pred MSE = 1.784749e-06, Param MSE = 1.807882e-05, Grad norm = 2.389477e-07, Beta update rate = 1.273946e-08
Epoch 173000 (3.5%): Train pred MSE = 7.675971e-10, Test pred MSE = 1.784724e-06, Param MSE = 1.807855e-05, Grad norm = 2.380353e-07, Beta update rate = 1.268943e-08
Epoch 173200 (3.5%): Train pred MSE = 7.619528e-10, Test pred MSE = 1.784699e-06, Param MSE = 1.807829e-05, Grad norm = 2.371266e-07, Beta update rate = 1.263962e-08
Epoch 173400 (3.5%): Train pred MSE = 7.563515e-10, Test pred MSE = 1.784674e-06, Param MSE = 1.807803e-05, Grad norm = 2.362216e-07, Beta update rate = 1.259001e-08
Epoch 173600 (3.5%): Train pred MSE = 7.507928e-10, Test pred MSE = 1.784649e-06, Param MSE = 1.807778e-05, Grad norm = 2.353204e-07, Beta update rate = 1.254062e-08
Epoch 173800 (3.5%): Train pred MSE = 7.452765e-10, Test pred MSE = 1.784624e-06, Param MSE = 1.807752e-05, Grad norm = 2.344229e-07, Beta update rate = 1.249144e-08
Epoch 174000 (3.5%): Train pred MSE = 7.398022e-10, Test pred MSE = 1.784599e-06, Param MSE = 1.807726e-05, Grad norm = 2.335291e-07, Beta update rate = 1.244246e-08
Epoch 174200 (3.5%): Train pred MSE = 7.343696e-10, Test pred MSE = 1.784575e-06, Param MSE = 1.807701e-05, Grad norm = 2.326390e-07, Beta update rate = 1.239370e-08
Epoch 174400 (3.5%): Train pred MSE = 7.289782e-10, Test pred MSE = 1.784550e-06, Param MSE = 1.807675e-05, Grad norm = 2.317525e-07, Beta update rate = 1.234514e-08
Epoch 174600 (3.5%): Train pred MSE = 7.236279e-10, Test pred MSE = 1.784526e-06, Param MSE = 1.807650e-05, Grad norm = 2.308697e-07, Beta update rate = 1.229679e-08
Epoch 174800 (3.5%): Train pred MSE = 7.183183e-10, Test pred MSE = 1.784502e-06, Param MSE = 1.807625e-05, Grad norm = 2.299906e-07, Beta update rate = 1.224864e-08
Epoch 175000 (3.5%): Train pred MSE = 7.130490e-10, Test pred MSE = 1.784478e-06, Param MSE = 1.807600e-05, Grad norm = 2.291150e-07, Beta update rate = 1.220070e-08
Epoch 175200 (3.5%): Train pred MSE = 7.078197e-10, Test pred MSE = 1.784454e-06, Param MSE = 1.807575e-05, Grad norm = 2.282431e-07, Beta update rate = 1.215296e-08
Epoch 175400 (3.5%): Train pred MSE = 7.026302e-10, Test pred MSE = 1.784430e-06, Param MSE = 1.807550e-05, Grad norm = 2.273747e-07, Beta update rate = 1.210543e-08
Epoch 175600 (3.5%): Train pred MSE = 6.974801e-10, Test pred MSE = 1.784406e-06, Param MSE = 1.807526e-05, Grad norm = 2.265099e-07, Beta update rate = 1.205809e-08
Epoch 175800 (3.5%): Train pred MSE = 6.923690e-10, Test pred MSE = 1.784382e-06, Param MSE = 1.807501e-05, Grad norm = 2.256486e-07, Beta update rate = 1.201096e-08
Epoch 176000 (3.5%): Train pred MSE = 6.872968e-10, Test pred MSE = 1.784359e-06, Param MSE = 1.807477e-05, Grad norm = 2.247909e-07, Beta update rate = 1.196402e-08
Epoch 176200 (3.5%): Train pred MSE = 6.822630e-10, Test pred MSE = 1.784335e-06, Param MSE = 1.807452e-05, Grad norm = 2.239367e-07, Beta update rate = 1.191729e-08
Epoch 176400 (3.5%): Train pred MSE = 6.772675e-10, Test pred MSE = 1.784312e-06, Param MSE = 1.807428e-05, Grad norm = 2.230860e-07, Beta update rate = 1.187075e-08
Epoch 176600 (3.5%): Train pred MSE = 6.723098e-10, Test pred MSE = 1.784289e-06, Param MSE = 1.807404e-05, Grad norm = 2.222388e-07, Beta update rate = 1.182441e-08
Epoch 176800 (3.5%): Train pred MSE = 6.673896e-10, Test pred MSE = 1.784266e-06, Param MSE = 1.807380e-05, Grad norm = 2.213951e-07, Beta update rate = 1.177826e-08
Epoch 177000 (3.5%): Train pred MSE = 6.625068e-10, Test pred MSE = 1.784243e-06, Param MSE = 1.807356e-05, Grad norm = 2.205548e-07, Beta update rate = 1.173231e-08
Epoch 177200 (3.5%): Train pred MSE = 6.576609e-10, Test pred MSE = 1.784220e-06, Param MSE = 1.807332e-05, Grad norm = 2.197180e-07, Beta update rate = 1.168656e-08
Epoch 177400 (3.5%): Train pred MSE = 6.528518e-10, Test pred MSE = 1.784197e-06, Param MSE = 1.807309e-05, Grad norm = 2.188845e-07, Beta update rate = 1.164100e-08
Epoch 177600 (3.6%): Train pred MSE = 6.480790e-10, Test pred MSE = 1.784174e-06, Param MSE = 1.807285e-05, Grad norm = 2.180545e-07, Beta update rate = 1.159562e-08
Epoch 177800 (3.6%): Train pred MSE = 6.433424e-10, Test pred MSE = 1.784152e-06, Param MSE = 1.807262e-05, Grad norm = 2.172279e-07, Beta update rate = 1.155045e-08
Epoch 178000 (3.6%): Train pred MSE = 6.386416e-10, Test pred MSE = 1.784129e-06, Param MSE = 1.807238e-05, Grad norm = 2.164047e-07, Beta update rate = 1.150546e-08
Epoch 178200 (3.6%): Train pred MSE = 6.339764e-10, Test pred MSE = 1.784107e-06, Param MSE = 1.807215e-05, Grad norm = 2.155848e-07, Beta update rate = 1.146066e-08
Epoch 178400 (3.6%): Train pred MSE = 6.293464e-10, Test pred MSE = 1.784084e-06, Param MSE = 1.807192e-05, Grad norm = 2.147683e-07, Beta update rate = 1.141605e-08
Epoch 178600 (3.6%): Train pred MSE = 6.247514e-10, Test pred MSE = 1.784062e-06, Param MSE = 1.807169e-05, Grad norm = 2.139552e-07, Beta update rate = 1.137163e-08
Epoch 178800 (3.6%): Train pred MSE = 6.201912e-10, Test pred MSE = 1.784040e-06, Param MSE = 1.807146e-05, Grad norm = 2.131453e-07, Beta update rate = 1.132739e-08
Epoch 179000 (3.6%): Train pred MSE = 6.156654e-10, Test pred MSE = 1.784018e-06, Param MSE = 1.807123e-05, Grad norm = 2.123387e-07, Beta update rate = 1.128334e-08
Epoch 179200 (3.6%): Train pred MSE = 6.111738e-10, Test pred MSE = 1.783996e-06, Param MSE = 1.807100e-05, Grad norm = 2.115355e-07, Beta update rate = 1.123948e-08
Epoch 179400 (3.6%): Train pred MSE = 6.067161e-10, Test pred MSE = 1.783974e-06, Param MSE = 1.807077e-05, Grad norm = 2.107355e-07, Beta update rate = 1.119580e-08
Epoch 179600 (3.6%): Train pred MSE = 6.022921e-10, Test pred MSE = 1.783952e-06, Param MSE = 1.807055e-05, Grad norm = 2.099388e-07, Beta update rate = 1.115230e-08
Epoch 179800 (3.6%): Train pred MSE = 5.979014e-10, Test pred MSE = 1.783931e-06, Param MSE = 1.807032e-05, Grad norm = 2.091453e-07, Beta update rate = 1.110899e-08
Epoch 180000 (3.6%): Train pred MSE = 5.935439e-10, Test pred MSE = 1.783909e-06, Param MSE = 1.807010e-05, Grad norm = 2.083550e-07, Beta update rate = 1.106586e-08
Epoch 180200 (3.6%): Train pred MSE = 5.892192e-10, Test pred MSE = 1.783888e-06, Param MSE = 1.806988e-05, Grad norm = 2.075680e-07, Beta update rate = 1.102291e-08
Epoch 180400 (3.6%): Train pred MSE = 5.849272e-10, Test pred MSE = 1.783866e-06, Param MSE = 1.806966e-05, Grad norm = 2.067842e-07, Beta update rate = 1.098014e-08
Epoch 180600 (3.6%): Train pred MSE = 5.806675e-10, Test pred MSE = 1.783845e-06, Param MSE = 1.806944e-05, Grad norm = 2.060035e-07, Beta update rate = 1.093754e-08
Epoch 180800 (3.6%): Train pred MSE = 5.764398e-10, Test pred MSE = 1.783824e-06, Param MSE = 1.806922e-05, Grad norm = 2.052261e-07, Beta update rate = 1.089513e-08
Epoch 181000 (3.6%): Train pred MSE = 5.722441e-10, Test pred MSE = 1.783803e-06, Param MSE = 1.806900e-05, Grad norm = 2.044518e-07, Beta update rate = 1.085290e-08
Epoch 181200 (3.6%): Train pred MSE = 5.680799e-10, Test pred MSE = 1.783782e-06, Param MSE = 1.806878e-05, Grad norm = 2.036806e-07, Beta update rate = 1.081084e-08
Epoch 181400 (3.6%): Train pred MSE = 5.639471e-10, Test pred MSE = 1.783761e-06, Param MSE = 1.806856e-05, Grad norm = 2.029126e-07, Beta update rate = 1.076896e-08
Epoch 181600 (3.6%): Train pred MSE = 5.598453e-10, Test pred MSE = 1.783740e-06, Param MSE = 1.806835e-05, Grad norm = 2.021477e-07, Beta update rate = 1.072725e-08
Epoch 181800 (3.6%): Train pred MSE = 5.557745e-10, Test pred MSE = 1.783720e-06, Param MSE = 1.806813e-05, Grad norm = 2.013859e-07, Beta update rate = 1.068572e-08
Epoch 182000 (3.6%): Train pred MSE = 5.517342e-10, Test pred MSE = 1.783699e-06, Param MSE = 1.806792e-05, Grad norm = 2.006271e-07, Beta update rate = 1.064436e-08
Epoch 182200 (3.6%): Train pred MSE = 5.477244e-10, Test pred MSE = 1.783679e-06, Param MSE = 1.806771e-05, Grad norm = 1.998715e-07, Beta update rate = 1.060318e-08
Epoch 182400 (3.6%): Train pred MSE = 5.437447e-10, Test pred MSE = 1.783658e-06, Param MSE = 1.806750e-05, Grad norm = 1.991189e-07, Beta update rate = 1.056216e-08
Epoch 182600 (3.7%): Train pred MSE = 5.397948e-10, Test pred MSE = 1.783638e-06, Param MSE = 1.806728e-05, Grad norm = 1.983694e-07, Beta update rate = 1.052132e-08
Epoch 182800 (3.7%): Train pred MSE = 5.358747e-10, Test pred MSE = 1.783618e-06, Param MSE = 1.806707e-05, Grad norm = 1.976229e-07, Beta update rate = 1.048065e-08
Epoch 183000 (3.7%): Train pred MSE = 5.319840e-10, Test pred MSE = 1.783598e-06, Param MSE = 1.806687e-05, Grad norm = 1.968795e-07, Beta update rate = 1.044015e-08
Epoch 183200 (3.7%): Train pred MSE = 5.281225e-10, Test pred MSE = 1.783578e-06, Param MSE = 1.806666e-05, Grad norm = 1.961390e-07, Beta update rate = 1.039981e-08
Epoch 183400 (3.7%): Train pred MSE = 5.242901e-10, Test pred MSE = 1.783558e-06, Param MSE = 1.806645e-05, Grad norm = 1.954016e-07, Beta update rate = 1.035965e-08
Epoch 183600 (3.7%): Train pred MSE = 5.204863e-10, Test pred MSE = 1.783538e-06, Param MSE = 1.806624e-05, Grad norm = 1.946671e-07, Beta update rate = 1.031965e-08
Epoch 183800 (3.7%): Train pred MSE = 5.167111e-10, Test pred MSE = 1.783518e-06, Param MSE = 1.806604e-05, Grad norm = 1.939356e-07, Beta update rate = 1.027982e-08
Epoch 184000 (3.7%): Train pred MSE = 5.129643e-10, Test pred MSE = 1.783498e-06, Param MSE = 1.806583e-05, Grad norm = 1.932071e-07, Beta update rate = 1.024016e-08
Epoch 184200 (3.7%): Train pred MSE = 5.092455e-10, Test pred MSE = 1.783479e-06, Param MSE = 1.806563e-05, Grad norm = 1.924815e-07, Beta update rate = 1.020066e-08
Epoch 184400 (3.7%): Train pred MSE = 5.055546e-10, Test pred MSE = 1.783459e-06, Param MSE = 1.806543e-05, Grad norm = 1.917588e-07, Beta update rate = 1.016132e-08
Epoch 184600 (3.7%): Train pred MSE = 5.018913e-10, Test pred MSE = 1.783440e-06, Param MSE = 1.806523e-05, Grad norm = 1.910390e-07, Beta update rate = 1.012215e-08
Epoch 184800 (3.7%): Train pred MSE = 4.982555e-10, Test pred MSE = 1.783420e-06, Param MSE = 1.806503e-05, Grad norm = 1.903222e-07, Beta update rate = 1.008314e-08
Epoch 185000 (3.7%): Train pred MSE = 4.946470e-10, Test pred MSE = 1.783401e-06, Param MSE = 1.806483e-05, Grad norm = 1.896082e-07, Beta update rate = 1.004429e-08
Epoch 185200 (3.7%): Train pred MSE = 4.910654e-10, Test pred MSE = 1.783382e-06, Param MSE = 1.806463e-05, Grad norm = 1.888972e-07, Beta update rate = 1.000561e-08
Epoch 185400 (3.7%): Train pred MSE = 4.875107e-10, Test pred MSE = 1.783363e-06, Param MSE = 1.806443e-05, Grad norm = 1.881890e-07, Beta update rate = 9.967082e-09
Epoch 185600 (3.7%): Train pred MSE = 4.839825e-10, Test pred MSE = 1.783344e-06, Param MSE = 1.806423e-05, Grad norm = 1.874836e-07, Beta update rate = 9.928717e-09
Epoch 185800 (3.7%): Train pred MSE = 4.804808e-10, Test pred MSE = 1.783325e-06, Param MSE = 1.806403e-05, Grad norm = 1.867811e-07, Beta update rate = 9.890511e-09
Epoch 186000 (3.7%): Train pred MSE = 4.770052e-10, Test pred MSE = 1.783306e-06, Param MSE = 1.806384e-05, Grad norm = 1.860814e-07, Beta update rate = 9.852464e-09
Epoch 186200 (3.7%): Train pred MSE = 4.735556e-10, Test pred MSE = 1.783287e-06, Param MSE = 1.806364e-05, Grad norm = 1.853845e-07, Beta update rate = 9.814574e-09
Epoch 186400 (3.7%): Train pred MSE = 4.701319e-10, Test pred MSE = 1.783269e-06, Param MSE = 1.806345e-05, Grad norm = 1.846905e-07, Beta update rate = 9.776842e-09
Epoch 186600 (3.7%): Train pred MSE = 4.667337e-10, Test pred MSE = 1.783250e-06, Param MSE = 1.806326e-05, Grad norm = 1.839992e-07, Beta update rate = 9.739265e-09
Epoch 186800 (3.7%): Train pred MSE = 4.633608e-10, Test pred MSE = 1.783232e-06, Param MSE = 1.806306e-05, Grad norm = 1.833107e-07, Beta update rate = 9.701845e-09
Epoch 187000 (3.7%): Train pred MSE = 4.600132e-10, Test pred MSE = 1.783213e-06, Param MSE = 1.806287e-05, Grad norm = 1.826250e-07, Beta update rate = 9.664579e-09
Epoch 187200 (3.7%): Train pred MSE = 4.566906e-10, Test pred MSE = 1.783195e-06, Param MSE = 1.806268e-05, Grad norm = 1.819421e-07, Beta update rate = 9.627467e-09
Epoch 187400 (3.7%): Train pred MSE = 4.533928e-10, Test pred MSE = 1.783176e-06, Param MSE = 1.806249e-05, Grad norm = 1.812618e-07, Beta update rate = 9.590509e-09
Epoch 187600 (3.8%): Train pred MSE = 4.501195e-10, Test pred MSE = 1.783158e-06, Param MSE = 1.806230e-05, Grad norm = 1.805844e-07, Beta update rate = 9.553704e-09
Epoch 187800 (3.8%): Train pred MSE = 4.468707e-10, Test pred MSE = 1.783140e-06, Param MSE = 1.806212e-05, Grad norm = 1.799096e-07, Beta update rate = 9.517050e-09
Epoch 188000 (3.8%): Train pred MSE = 4.436462e-10, Test pred MSE = 1.783122e-06, Param MSE = 1.806193e-05, Grad norm = 1.792375e-07, Beta update rate = 9.480549e-09
Epoch 188200 (3.8%): Train pred MSE = 4.404456e-10, Test pred MSE = 1.783104e-06, Param MSE = 1.806174e-05, Grad norm = 1.785682e-07, Beta update rate = 9.444198e-09
Epoch 188400 (3.8%): Train pred MSE = 4.372690e-10, Test pred MSE = 1.783086e-06, Param MSE = 1.806156e-05, Grad norm = 1.779015e-07, Beta update rate = 9.407997e-09
Epoch 188600 (3.8%): Train pred MSE = 4.341160e-10, Test pred MSE = 1.783069e-06, Param MSE = 1.806137e-05, Grad norm = 1.772375e-07, Beta update rate = 9.371945e-09
Epoch 188800 (3.8%): Train pred MSE = 4.309865e-10, Test pred MSE = 1.783051e-06, Param MSE = 1.806119e-05, Grad norm = 1.765761e-07, Beta update rate = 9.336042e-09
Epoch 189000 (3.8%): Train pred MSE = 4.278802e-10, Test pred MSE = 1.783033e-06, Param MSE = 1.806101e-05, Grad norm = 1.759174e-07, Beta update rate = 9.300287e-09
Epoch 189200 (3.8%): Train pred MSE = 4.247972e-10, Test pred MSE = 1.783016e-06, Param MSE = 1.806082e-05, Grad norm = 1.752614e-07, Beta update rate = 9.264680e-09
Epoch 189400 (3.8%): Train pred MSE = 4.217371e-10, Test pred MSE = 1.782998e-06, Param MSE = 1.806064e-05, Grad norm = 1.746080e-07, Beta update rate = 9.229219e-09
Epoch 189600 (3.8%): Train pred MSE = 4.186997e-10, Test pred MSE = 1.782981e-06, Param MSE = 1.806046e-05, Grad norm = 1.739571e-07, Beta update rate = 9.193904e-09
Epoch 189800 (3.8%): Train pred MSE = 4.156849e-10, Test pred MSE = 1.782964e-06, Param MSE = 1.806028e-05, Grad norm = 1.733089e-07, Beta update rate = 9.158735e-09
Epoch 190000 (3.8%): Train pred MSE = 4.126926e-10, Test pred MSE = 1.782946e-06, Param MSE = 1.806010e-05, Grad norm = 1.726633e-07, Beta update rate = 9.123710e-09
Epoch 190200 (3.8%): Train pred MSE = 4.097225e-10, Test pred MSE = 1.782929e-06, Param MSE = 1.805992e-05, Grad norm = 1.720203e-07, Beta update rate = 9.088829e-09
Epoch 190400 (3.8%): Train pred MSE = 4.067745e-10, Test pred MSE = 1.782912e-06, Param MSE = 1.805975e-05, Grad norm = 1.713798e-07, Beta update rate = 9.054092e-09
Epoch 190600 (3.8%): Train pred MSE = 4.038484e-10, Test pred MSE = 1.782895e-06, Param MSE = 1.805957e-05, Grad norm = 1.707419e-07, Beta update rate = 9.019498e-09
Epoch 190800 (3.8%): Train pred MSE = 4.009441e-10, Test pred MSE = 1.782878e-06, Param MSE = 1.805939e-05, Grad norm = 1.701065e-07, Beta update rate = 8.985046e-09
Epoch 191000 (3.8%): Train pred MSE = 3.980613e-10, Test pred MSE = 1.782861e-06, Param MSE = 1.805922e-05, Grad norm = 1.694737e-07, Beta update rate = 8.950735e-09
Epoch 191200 (3.8%): Train pred MSE = 3.951999e-10, Test pred MSE = 1.782844e-06, Param MSE = 1.805904e-05, Grad norm = 1.688434e-07, Beta update rate = 8.916565e-09
Epoch 191400 (3.8%): Train pred MSE = 3.923598e-10, Test pred MSE = 1.782828e-06, Param MSE = 1.805887e-05, Grad norm = 1.682156e-07, Beta update rate = 8.882536e-09
Epoch 191600 (3.8%): Train pred MSE = 3.895407e-10, Test pred MSE = 1.782811e-06, Param MSE = 1.805870e-05, Grad norm = 1.675903e-07, Beta update rate = 8.848646e-09
Epoch 191800 (3.8%): Train pred MSE = 3.867426e-10, Test pred MSE = 1.782794e-06, Param MSE = 1.805852e-05, Grad norm = 1.669676e-07, Beta update rate = 8.814895e-09
Epoch 192000 (3.8%): Train pred MSE = 3.839652e-10, Test pred MSE = 1.782778e-06, Param MSE = 1.805835e-05, Grad norm = 1.663472e-07, Beta update rate = 8.781282e-09
Epoch 192200 (3.8%): Train pred MSE = 3.812084e-10, Test pred MSE = 1.782762e-06, Param MSE = 1.805818e-05, Grad norm = 1.657294e-07, Beta update rate = 8.747807e-09
Epoch 192400 (3.8%): Train pred MSE = 3.784720e-10, Test pred MSE = 1.782745e-06, Param MSE = 1.805801e-05, Grad norm = 1.651140e-07, Beta update rate = 8.714470e-09
Epoch 192600 (3.9%): Train pred MSE = 3.757560e-10, Test pred MSE = 1.782729e-06, Param MSE = 1.805784e-05, Grad norm = 1.645011e-07, Beta update rate = 8.681268e-09
Epoch 192800 (3.9%): Train pred MSE = 3.730600e-10, Test pred MSE = 1.782713e-06, Param MSE = 1.805767e-05, Grad norm = 1.638906e-07, Beta update rate = 8.648203e-09
Epoch 193000 (3.9%): Train pred MSE = 3.703840e-10, Test pred MSE = 1.782696e-06, Param MSE = 1.805751e-05, Grad norm = 1.632826e-07, Beta update rate = 8.615273e-09
Epoch 193200 (3.9%): Train pred MSE = 3.677279e-10, Test pred MSE = 1.782680e-06, Param MSE = 1.805734e-05, Grad norm = 1.626769e-07, Beta update rate = 8.582478e-09
Epoch 193400 (3.9%): Train pred MSE = 3.650914e-10, Test pred MSE = 1.782664e-06, Param MSE = 1.805717e-05, Grad norm = 1.620737e-07, Beta update rate = 8.549817e-09
Epoch 193600 (3.9%): Train pred MSE = 3.624744e-10, Test pred MSE = 1.782648e-06, Param MSE = 1.805701e-05, Grad norm = 1.614729e-07, Beta update rate = 8.517289e-09
Epoch 193800 (3.9%): Train pred MSE = 3.598768e-10, Test pred MSE = 1.782633e-06, Param MSE = 1.805684e-05, Grad norm = 1.608744e-07, Beta update rate = 8.484894e-09
Epoch 194000 (3.9%): Train pred MSE = 3.572984e-10, Test pred MSE = 1.782617e-06, Param MSE = 1.805668e-05, Grad norm = 1.602783e-07, Beta update rate = 8.452632e-09
Epoch 194200 (3.9%): Train pred MSE = 3.547390e-10, Test pred MSE = 1.782601e-06, Param MSE = 1.805652e-05, Grad norm = 1.596846e-07, Beta update rate = 8.420501e-09
Epoch 194400 (3.9%): Train pred MSE = 3.521986e-10, Test pred MSE = 1.782585e-06, Param MSE = 1.805635e-05, Grad norm = 1.590933e-07, Beta update rate = 8.388502e-09
Epoch 194600 (3.9%): Train pred MSE = 3.496770e-10, Test pred MSE = 1.782570e-06, Param MSE = 1.805619e-05, Grad norm = 1.585043e-07, Beta update rate = 8.356633e-09
Epoch 194800 (3.9%): Train pred MSE = 3.471740e-10, Test pred MSE = 1.782554e-06, Param MSE = 1.805603e-05, Grad norm = 1.579176e-07, Beta update rate = 8.324894e-09
Epoch 195000 (3.9%): Train pred MSE = 3.446895e-10, Test pred MSE = 1.782539e-06, Param MSE = 1.805587e-05, Grad norm = 1.573333e-07, Beta update rate = 8.293284e-09
Epoch 195200 (3.9%): Train pred MSE = 3.422233e-10, Test pred MSE = 1.782523e-06, Param MSE = 1.805571e-05, Grad norm = 1.567513e-07, Beta update rate = 8.261803e-09
Epoch 195400 (3.9%): Train pred MSE = 3.397754e-10, Test pred MSE = 1.782508e-06, Param MSE = 1.805555e-05, Grad norm = 1.561716e-07, Beta update rate = 8.230451e-09
Epoch 195600 (3.9%): Train pred MSE = 3.373455e-10, Test pred MSE = 1.782493e-06, Param MSE = 1.805539e-05, Grad norm = 1.555941e-07, Beta update rate = 8.199226e-09
Epoch 195800 (3.9%): Train pred MSE = 3.349336e-10, Test pred MSE = 1.782478e-06, Param MSE = 1.805523e-05, Grad norm = 1.550190e-07, Beta update rate = 8.168128e-09
Epoch 196000 (3.9%): Train pred MSE = 3.325394e-10, Test pred MSE = 1.782463e-06, Param MSE = 1.805508e-05, Grad norm = 1.544461e-07, Beta update rate = 8.137157e-09
Epoch 196200 (3.9%): Train pred MSE = 3.301629e-10, Test pred MSE = 1.782448e-06, Param MSE = 1.805492e-05, Grad norm = 1.538756e-07, Beta update rate = 8.106312e-09
Epoch 196400 (3.9%): Train pred MSE = 3.278040e-10, Test pred MSE = 1.782433e-06, Param MSE = 1.805476e-05, Grad norm = 1.533072e-07, Beta update rate = 8.075592e-09
Epoch 196600 (3.9%): Train pred MSE = 3.254624e-10, Test pred MSE = 1.782418e-06, Param MSE = 1.805461e-05, Grad norm = 1.527411e-07, Beta update rate = 8.044997e-09
Epoch 196800 (3.9%): Train pred MSE = 3.231381e-10, Test pred MSE = 1.782403e-06, Param MSE = 1.805445e-05, Grad norm = 1.521773e-07, Beta update rate = 8.014527e-09
Epoch 197000 (3.9%): Train pred MSE = 3.208309e-10, Test pred MSE = 1.782388e-06, Param MSE = 1.805430e-05, Grad norm = 1.516157e-07, Beta update rate = 7.984180e-09
Epoch 197200 (3.9%): Train pred MSE = 3.185407e-10, Test pred MSE = 1.782373e-06, Param MSE = 1.805415e-05, Grad norm = 1.510563e-07, Beta update rate = 7.953957e-09
Epoch 197400 (3.9%): Train pred MSE = 3.162674e-10, Test pred MSE = 1.782359e-06, Param MSE = 1.805399e-05, Grad norm = 1.504991e-07, Beta update rate = 7.923856e-09
Epoch 197600 (4.0%): Train pred MSE = 3.140108e-10, Test pred MSE = 1.782344e-06, Param MSE = 1.805384e-05, Grad norm = 1.499441e-07, Beta update rate = 7.893877e-09
Epoch 197800 (4.0%): Train pred MSE = 3.117708e-10, Test pred MSE = 1.782329e-06, Param MSE = 1.805369e-05, Grad norm = 1.493913e-07, Beta update rate = 7.864020e-09
Epoch 198000 (4.0%): Train pred MSE = 3.095473e-10, Test pred MSE = 1.782315e-06, Param MSE = 1.805354e-05, Grad norm = 1.488407e-07, Beta update rate = 7.834284e-09
Epoch 198200 (4.0%): Train pred MSE = 3.073402e-10, Test pred MSE = 1.782301e-06, Param MSE = 1.805339e-05, Grad norm = 1.482922e-07, Beta update rate = 7.804669e-09
Epoch 198400 (4.0%): Train pred MSE = 3.051493e-10, Test pred MSE = 1.782286e-06, Param MSE = 1.805324e-05, Grad norm = 1.477459e-07, Beta update rate = 7.775174e-09
Epoch 198600 (4.0%): Train pred MSE = 3.029745e-10, Test pred MSE = 1.782272e-06, Param MSE = 1.805309e-05, Grad norm = 1.472018e-07, Beta update rate = 7.745798e-09
Epoch 198800 (4.0%): Train pred MSE = 3.008157e-10, Test pred MSE = 1.782258e-06, Param MSE = 1.805295e-05, Grad norm = 1.466598e-07, Beta update rate = 7.716541e-09
Epoch 199000 (4.0%): Train pred MSE = 2.986728e-10, Test pred MSE = 1.782243e-06, Param MSE = 1.805280e-05, Grad norm = 1.461199e-07, Beta update rate = 7.687402e-09
Epoch 199200 (4.0%): Train pred MSE = 2.965456e-10, Test pred MSE = 1.782229e-06, Param MSE = 1.805265e-05, Grad norm = 1.455822e-07, Beta update rate = 7.658382e-09
Epoch 199400 (4.0%): Train pred MSE = 2.944340e-10, Test pred MSE = 1.782215e-06, Param MSE = 1.805251e-05, Grad norm = 1.450466e-07, Beta update rate = 7.629478e-09
Epoch 199600 (4.0%): Train pred MSE = 2.923379e-10, Test pred MSE = 1.782201e-06, Param MSE = 1.805236e-05, Grad norm = 1.445131e-07, Beta update rate = 7.600692e-09
Epoch 199800 (4.0%): Train pred MSE = 2.902573e-10, Test pred MSE = 1.782187e-06, Param MSE = 1.805222e-05, Grad norm = 1.439817e-07, Beta update rate = 7.572022e-09
Epoch 200000 (4.0%): Train pred MSE = 2.881919e-10, Test pred MSE = 1.782174e-06, Param MSE = 1.805207e-05, Grad norm = 1.434524e-07, Beta update rate = 7.543468e-09
Epoch 200200 (4.0%): Train pred MSE = 2.861416e-10, Test pred MSE = 1.782160e-06, Param MSE = 1.805193e-05, Grad norm = 1.429251e-07, Beta update rate = 7.515029e-09
Epoch 200400 (4.0%): Train pred MSE = 2.841064e-10, Test pred MSE = 1.782146e-06, Param MSE = 1.805179e-05, Grad norm = 1.424000e-07, Beta update rate = 7.486705e-09
Epoch 200600 (4.0%): Train pred MSE = 2.820862e-10, Test pred MSE = 1.782132e-06, Param MSE = 1.805164e-05, Grad norm = 1.418769e-07, Beta update rate = 7.458496e-09
Epoch 200800 (4.0%): Train pred MSE = 2.800807e-10, Test pred MSE = 1.782119e-06, Param MSE = 1.805150e-05, Grad norm = 1.413558e-07, Beta update rate = 7.430400e-09
Epoch 201000 (4.0%): Train pred MSE = 2.780899e-10, Test pred MSE = 1.782105e-06, Param MSE = 1.805136e-05, Grad norm = 1.408368e-07, Beta update rate = 7.402417e-09
Epoch 201200 (4.0%): Train pred MSE = 2.761138e-10, Test pred MSE = 1.782092e-06, Param MSE = 1.805122e-05, Grad norm = 1.403199e-07, Beta update rate = 7.374548e-09
Epoch 201400 (4.0%): Train pred MSE = 2.741521e-10, Test pred MSE = 1.782078e-06, Param MSE = 1.805108e-05, Grad norm = 1.398049e-07, Beta update rate = 7.346791e-09
Epoch 201600 (4.0%): Train pred MSE = 2.722048e-10, Test pred MSE = 1.782065e-06, Param MSE = 1.805094e-05, Grad norm = 1.392920e-07, Beta update rate = 7.319145e-09
Epoch 201800 (4.0%): Train pred MSE = 2.702717e-10, Test pred MSE = 1.782051e-06, Param MSE = 1.805080e-05, Grad norm = 1.387811e-07, Beta update rate = 7.291611e-09
Epoch 202000 (4.0%): Train pred MSE = 2.683528e-10, Test pred MSE = 1.782038e-06, Param MSE = 1.805066e-05, Grad norm = 1.382722e-07, Beta update rate = 7.264188e-09
Epoch 202200 (4.0%): Train pred MSE = 2.664479e-10, Test pred MSE = 1.782025e-06, Param MSE = 1.805053e-05, Grad norm = 1.377653e-07, Beta update rate = 7.236875e-09
Epoch 202400 (4.0%): Train pred MSE = 2.645570e-10, Test pred MSE = 1.782012e-06, Param MSE = 1.805039e-05, Grad norm = 1.372604e-07, Beta update rate = 7.209672e-09
Epoch 202600 (4.1%): Train pred MSE = 2.626799e-10, Test pred MSE = 1.781999e-06, Param MSE = 1.805025e-05, Grad norm = 1.367575e-07, Beta update rate = 7.182579e-09
Epoch 202800 (4.1%): Train pred MSE = 2.608165e-10, Test pred MSE = 1.781986e-06, Param MSE = 1.805012e-05, Grad norm = 1.362565e-07, Beta update rate = 7.155595e-09
Epoch 203000 (4.1%): Train pred MSE = 2.589668e-10, Test pred MSE = 1.781973e-06, Param MSE = 1.804998e-05, Grad norm = 1.357575e-07, Beta update rate = 7.128719e-09
Epoch 203200 (4.1%): Train pred MSE = 2.571306e-10, Test pred MSE = 1.781960e-06, Param MSE = 1.804985e-05, Grad norm = 1.352604e-07, Beta update rate = 7.101951e-09
Epoch 203400 (4.1%): Train pred MSE = 2.553078e-10, Test pred MSE = 1.781947e-06, Param MSE = 1.804971e-05, Grad norm = 1.347653e-07, Beta update rate = 7.075290e-09
Epoch 203600 (4.1%): Train pred MSE = 2.534983e-10, Test pred MSE = 1.781934e-06, Param MSE = 1.804958e-05, Grad norm = 1.342721e-07, Beta update rate = 7.048737e-09
Epoch 203800 (4.1%): Train pred MSE = 2.517021e-10, Test pred MSE = 1.781921e-06, Param MSE = 1.804945e-05, Grad norm = 1.337808e-07, Beta update rate = 7.022290e-09
Epoch 204000 (4.1%): Train pred MSE = 2.499189e-10, Test pred MSE = 1.781908e-06, Param MSE = 1.804932e-05, Grad norm = 1.332915e-07, Beta update rate = 6.995949e-09
Epoch 204200 (4.1%): Train pred MSE = 2.481488e-10, Test pred MSE = 1.781896e-06, Param MSE = 1.804918e-05, Grad norm = 1.328041e-07, Beta update rate = 6.969715e-09
Epoch 204400 (4.1%): Train pred MSE = 2.463916e-10, Test pred MSE = 1.781883e-06, Param MSE = 1.804905e-05, Grad norm = 1.323186e-07, Beta update rate = 6.943585e-09
Epoch 204600 (4.1%): Train pred MSE = 2.446472e-10, Test pred MSE = 1.781871e-06, Param MSE = 1.804892e-05, Grad norm = 1.318349e-07, Beta update rate = 6.917560e-09
Epoch 204800 (4.1%): Train pred MSE = 2.429156e-10, Test pred MSE = 1.781858e-06, Param MSE = 1.804879e-05, Grad norm = 1.313532e-07, Beta update rate = 6.891639e-09
Epoch 205000 (4.1%): Train pred MSE = 2.411966e-10, Test pred MSE = 1.781846e-06, Param MSE = 1.804866e-05, Grad norm = 1.308734e-07, Beta update rate = 6.865822e-09
Epoch 205200 (4.1%): Train pred MSE = 2.394901e-10, Test pred MSE = 1.781833e-06, Param MSE = 1.804853e-05, Grad norm = 1.303954e-07, Beta update rate = 6.840109e-09
Epoch 205400 (4.1%): Train pred MSE = 2.377960e-10, Test pred MSE = 1.781821e-06, Param MSE = 1.804841e-05, Grad norm = 1.299192e-07, Beta update rate = 6.814499e-09
Epoch 205600 (4.1%): Train pred MSE = 2.361143e-10, Test pred MSE = 1.781809e-06, Param MSE = 1.804828e-05, Grad norm = 1.294450e-07, Beta update rate = 6.788991e-09
Epoch 205800 (4.1%): Train pred MSE = 2.344449e-10, Test pred MSE = 1.781796e-06, Param MSE = 1.804815e-05, Grad norm = 1.289726e-07, Beta update rate = 6.763585e-09
Epoch 206000 (4.1%): Train pred MSE = 2.327876e-10, Test pred MSE = 1.781784e-06, Param MSE = 1.804802e-05, Grad norm = 1.285020e-07, Beta update rate = 6.738281e-09
Epoch 206200 (4.1%): Train pred MSE = 2.311424e-10, Test pred MSE = 1.781772e-06, Param MSE = 1.804790e-05, Grad norm = 1.280332e-07, Beta update rate = 6.713077e-09
Epoch 206400 (4.1%): Train pred MSE = 2.295092e-10, Test pred MSE = 1.781760e-06, Param MSE = 1.804777e-05, Grad norm = 1.275663e-07, Beta update rate = 6.687975e-09
Epoch 206600 (4.1%): Train pred MSE = 2.278878e-10, Test pred MSE = 1.781748e-06, Param MSE = 1.804765e-05, Grad norm = 1.271012e-07, Beta update rate = 6.662973e-09
Epoch 206800 (4.1%): Train pred MSE = 2.262783e-10, Test pred MSE = 1.781736e-06, Param MSE = 1.804752e-05, Grad norm = 1.266379e-07, Beta update rate = 6.638071e-09
Epoch 207000 (4.1%): Train pred MSE = 2.246804e-10, Test pred MSE = 1.781724e-06, Param MSE = 1.804740e-05, Grad norm = 1.261764e-07, Beta update rate = 6.613268e-09
Epoch 207200 (4.1%): Train pred MSE = 2.230942e-10, Test pred MSE = 1.781712e-06, Param MSE = 1.804727e-05, Grad norm = 1.257167e-07, Beta update rate = 6.588565e-09
Epoch 207400 (4.1%): Train pred MSE = 2.215196e-10, Test pred MSE = 1.781700e-06, Param MSE = 1.804715e-05, Grad norm = 1.252588e-07, Beta update rate = 6.563960e-09
Epoch 207600 (4.2%): Train pred MSE = 2.199563e-10, Test pred MSE = 1.781689e-06, Param MSE = 1.804703e-05, Grad norm = 1.248027e-07, Beta update rate = 6.539453e-09
Epoch 207800 (4.2%): Train pred MSE = 2.184045e-10, Test pred MSE = 1.781677e-06, Param MSE = 1.804691e-05, Grad norm = 1.243483e-07, Beta update rate = 6.515043e-09
Epoch 208000 (4.2%): Train pred MSE = 2.168639e-10, Test pred MSE = 1.781665e-06, Param MSE = 1.804679e-05, Grad norm = 1.238957e-07, Beta update rate = 6.490732e-09
Epoch 208200 (4.2%): Train pred MSE = 2.153345e-10, Test pred MSE = 1.781654e-06, Param MSE = 1.804667e-05, Grad norm = 1.234449e-07, Beta update rate = 6.466517e-09
Epoch 208400 (4.2%): Train pred MSE = 2.138162e-10, Test pred MSE = 1.781642e-06, Param MSE = 1.804654e-05, Grad norm = 1.229958e-07, Beta update rate = 6.442398e-09
Epoch 208600 (4.2%): Train pred MSE = 2.123090e-10, Test pred MSE = 1.781630e-06, Param MSE = 1.804642e-05, Grad norm = 1.225485e-07, Beta update rate = 6.418376e-09
Epoch 208800 (4.2%): Train pred MSE = 2.108127e-10, Test pred MSE = 1.781619e-06, Param MSE = 1.804631e-05, Grad norm = 1.221028e-07, Beta update rate = 6.394449e-09
Epoch 209000 (4.2%): Train pred MSE = 2.093272e-10, Test pred MSE = 1.781608e-06, Param MSE = 1.804619e-05, Grad norm = 1.216590e-07, Beta update rate = 6.370617e-09
Epoch 209200 (4.2%): Train pred MSE = 2.078525e-10, Test pred MSE = 1.781596e-06, Param MSE = 1.804607e-05, Grad norm = 1.212168e-07, Beta update rate = 6.346881e-09
Epoch 209400 (4.2%): Train pred MSE = 2.063886e-10, Test pred MSE = 1.781585e-06, Param MSE = 1.804595e-05, Grad norm = 1.207763e-07, Beta update rate = 6.323238e-09
Epoch 209600 (4.2%): Train pred MSE = 2.049352e-10, Test pred MSE = 1.781574e-06, Param MSE = 1.804583e-05, Grad norm = 1.203376e-07, Beta update rate = 6.299690e-09
Epoch 209800 (4.2%): Train pred MSE = 2.034924e-10, Test pred MSE = 1.781562e-06, Param MSE = 1.804572e-05, Grad norm = 1.199006e-07, Beta update rate = 6.276235e-09
Epoch 210000 (4.2%): Train pred MSE = 2.020600e-10, Test pred MSE = 1.781551e-06, Param MSE = 1.804560e-05, Grad norm = 1.194652e-07, Beta update rate = 6.252874e-09
Epoch 210200 (4.2%): Train pred MSE = 2.006380e-10, Test pred MSE = 1.781540e-06, Param MSE = 1.804548e-05, Grad norm = 1.190315e-07, Beta update rate = 6.229605e-09
Epoch 210400 (4.2%): Train pred MSE = 1.992264e-10, Test pred MSE = 1.781529e-06, Param MSE = 1.804537e-05, Grad norm = 1.185995e-07, Beta update rate = 6.206429e-09
Epoch 210600 (4.2%): Train pred MSE = 1.978249e-10, Test pred MSE = 1.781518e-06, Param MSE = 1.804525e-05, Grad norm = 1.181692e-07, Beta update rate = 6.183345e-09
Epoch 210800 (4.2%): Train pred MSE = 1.964336e-10, Test pred MSE = 1.781507e-06, Param MSE = 1.804514e-05, Grad norm = 1.177406e-07, Beta update rate = 6.160352e-09
Epoch 211000 (4.2%): Train pred MSE = 1.950524e-10, Test pred MSE = 1.781496e-06, Param MSE = 1.804503e-05, Grad norm = 1.173136e-07, Beta update rate = 6.137451e-09
Epoch 211200 (4.2%): Train pred MSE = 1.936812e-10, Test pred MSE = 1.781485e-06, Param MSE = 1.804491e-05, Grad norm = 1.168882e-07, Beta update rate = 6.114640e-09
Epoch 211400 (4.2%): Train pred MSE = 1.923199e-10, Test pred MSE = 1.781474e-06, Param MSE = 1.804480e-05, Grad norm = 1.164645e-07, Beta update rate = 6.091920e-09
Epoch 211600 (4.2%): Train pred MSE = 1.909684e-10, Test pred MSE = 1.781463e-06, Param MSE = 1.804469e-05, Grad norm = 1.160425e-07, Beta update rate = 6.069290e-09
Epoch 211800 (4.2%): Train pred MSE = 1.896268e-10, Test pred MSE = 1.781453e-06, Param MSE = 1.804457e-05, Grad norm = 1.156220e-07, Beta update rate = 6.046749e-09
Epoch 212000 (4.2%): Train pred MSE = 1.882948e-10, Test pred MSE = 1.781442e-06, Param MSE = 1.804446e-05, Grad norm = 1.152032e-07, Beta update rate = 6.024298e-09
Epoch 212200 (4.2%): Train pred MSE = 1.869725e-10, Test pred MSE = 1.781431e-06, Param MSE = 1.804435e-05, Grad norm = 1.147860e-07, Beta update rate = 6.001936e-09
Epoch 212400 (4.2%): Train pred MSE = 1.856597e-10, Test pred MSE = 1.781420e-06, Param MSE = 1.804424e-05, Grad norm = 1.143704e-07, Beta update rate = 5.979662e-09
Epoch 212600 (4.3%): Train pred MSE = 1.843564e-10, Test pred MSE = 1.781410e-06, Param MSE = 1.804413e-05, Grad norm = 1.139564e-07, Beta update rate = 5.957477e-09
Epoch 212800 (4.3%): Train pred MSE = 1.830625e-10, Test pred MSE = 1.781399e-06, Param MSE = 1.804402e-05, Grad norm = 1.135440e-07, Beta update rate = 5.935379e-09
Epoch 213000 (4.3%): Train pred MSE = 1.817780e-10, Test pred MSE = 1.781389e-06, Param MSE = 1.804391e-05, Grad norm = 1.131332e-07, Beta update rate = 5.913369e-09
Epoch 213200 (4.3%): Train pred MSE = 1.805027e-10, Test pred MSE = 1.781378e-06, Param MSE = 1.804380e-05, Grad norm = 1.127240e-07, Beta update rate = 5.891445e-09
Epoch 213400 (4.3%): Train pred MSE = 1.792367e-10, Test pred MSE = 1.781368e-06, Param MSE = 1.804370e-05, Grad norm = 1.123164e-07, Beta update rate = 5.869609e-09
Epoch 213600 (4.3%): Train pred MSE = 1.779798e-10, Test pred MSE = 1.781358e-06, Param MSE = 1.804359e-05, Grad norm = 1.119103e-07, Beta update rate = 5.847858e-09
Epoch 213800 (4.3%): Train pred MSE = 1.767319e-10, Test pred MSE = 1.781347e-06, Param MSE = 1.804348e-05, Grad norm = 1.115058e-07, Beta update rate = 5.826194e-09
Epoch 214000 (4.3%): Train pred MSE = 1.754931e-10, Test pred MSE = 1.781337e-06, Param MSE = 1.804337e-05, Grad norm = 1.111028e-07, Beta update rate = 5.804615e-09
Epoch 214200 (4.3%): Train pred MSE = 1.742632e-10, Test pred MSE = 1.781327e-06, Param MSE = 1.804327e-05, Grad norm = 1.107014e-07, Beta update rate = 5.783121e-09
Epoch 214400 (4.3%): Train pred MSE = 1.730422e-10, Test pred MSE = 1.781317e-06, Param MSE = 1.804316e-05, Grad norm = 1.103016e-07, Beta update rate = 5.761712e-09
Epoch 214600 (4.3%): Train pred MSE = 1.718300e-10, Test pred MSE = 1.781306e-06, Param MSE = 1.804306e-05, Grad norm = 1.099033e-07, Beta update rate = 5.740388e-09
Epoch 214800 (4.3%): Train pred MSE = 1.706265e-10, Test pred MSE = 1.781296e-06, Param MSE = 1.804295e-05, Grad norm = 1.095065e-07, Beta update rate = 5.719148e-09
Epoch 215000 (4.3%): Train pred MSE = 1.694317e-10, Test pred MSE = 1.781286e-06, Param MSE = 1.804285e-05, Grad norm = 1.091112e-07, Beta update rate = 5.697991e-09
Epoch 215200 (4.3%): Train pred MSE = 1.682455e-10, Test pred MSE = 1.781276e-06, Param MSE = 1.804274e-05, Grad norm = 1.087175e-07, Beta update rate = 5.676918e-09
Epoch 215400 (4.3%): Train pred MSE = 1.670678e-10, Test pred MSE = 1.781266e-06, Param MSE = 1.804264e-05, Grad norm = 1.083252e-07, Beta update rate = 5.655928e-09
Epoch 215600 (4.3%): Train pred MSE = 1.658987e-10, Test pred MSE = 1.781256e-06, Param MSE = 1.804253e-05, Grad norm = 1.079345e-07, Beta update rate = 5.635020e-09
Epoch 215800 (4.3%): Train pred MSE = 1.647379e-10, Test pred MSE = 1.781246e-06, Param MSE = 1.804243e-05, Grad norm = 1.075453e-07, Beta update rate = 5.614195e-09
Epoch 216000 (4.3%): Train pred MSE = 1.635855e-10, Test pred MSE = 1.781237e-06, Param MSE = 1.804233e-05, Grad norm = 1.071575e-07, Beta update rate = 5.593452e-09
Epoch 216200 (4.3%): Train pred MSE = 1.624414e-10, Test pred MSE = 1.781227e-06, Param MSE = 1.804223e-05, Grad norm = 1.067713e-07, Beta update rate = 5.572790e-09
Epoch 216400 (4.3%): Train pred MSE = 1.613055e-10, Test pred MSE = 1.781217e-06, Param MSE = 1.804212e-05, Grad norm = 1.063865e-07, Beta update rate = 5.552210e-09
Epoch 216600 (4.3%): Train pred MSE = 1.601778e-10, Test pred MSE = 1.781207e-06, Param MSE = 1.804202e-05, Grad norm = 1.060032e-07, Beta update rate = 5.531711e-09
Epoch 216800 (4.3%): Train pred MSE = 1.590582e-10, Test pred MSE = 1.781198e-06, Param MSE = 1.804192e-05, Grad norm = 1.056214e-07, Beta update rate = 5.511292e-09
Epoch 217000 (4.3%): Train pred MSE = 1.579467e-10, Test pred MSE = 1.781188e-06, Param MSE = 1.804182e-05, Grad norm = 1.052411e-07, Beta update rate = 5.490954e-09
Epoch 217200 (4.3%): Train pred MSE = 1.568431e-10, Test pred MSE = 1.781178e-06, Param MSE = 1.804172e-05, Grad norm = 1.048622e-07, Beta update rate = 5.470695e-09
Epoch 217400 (4.3%): Train pred MSE = 1.557475e-10, Test pred MSE = 1.781169e-06, Param MSE = 1.804162e-05, Grad norm = 1.044847e-07, Beta update rate = 5.450516e-09
Epoch 217600 (4.4%): Train pred MSE = 1.546598e-10, Test pred MSE = 1.781159e-06, Param MSE = 1.804152e-05, Grad norm = 1.041087e-07, Beta update rate = 5.430416e-09
Epoch 217800 (4.4%): Train pred MSE = 1.535798e-10, Test pred MSE = 1.781150e-06, Param MSE = 1.804143e-05, Grad norm = 1.037341e-07, Beta update rate = 5.410396e-09
Epoch 218000 (4.4%): Train pred MSE = 1.525076e-10, Test pred MSE = 1.781140e-06, Param MSE = 1.804133e-05, Grad norm = 1.033610e-07, Beta update rate = 5.390453e-09
Epoch 218200 (4.4%): Train pred MSE = 1.514432e-10, Test pred MSE = 1.781131e-06, Param MSE = 1.804123e-05, Grad norm = 1.029893e-07, Beta update rate = 5.370589e-09
Epoch 218400 (4.4%): Train pred MSE = 1.503863e-10, Test pred MSE = 1.781122e-06, Param MSE = 1.804113e-05, Grad norm = 1.026190e-07, Beta update rate = 5.350803e-09
Epoch 218600 (4.4%): Train pred MSE = 1.493371e-10, Test pred MSE = 1.781112e-06, Param MSE = 1.804103e-05, Grad norm = 1.022502e-07, Beta update rate = 5.331095e-09
Epoch 218800 (4.4%): Train pred MSE = 1.482953e-10, Test pred MSE = 1.781103e-06, Param MSE = 1.804094e-05, Grad norm = 1.018827e-07, Beta update rate = 5.311464e-09
Epoch 219000 (4.4%): Train pred MSE = 1.472611e-10, Test pred MSE = 1.781094e-06, Param MSE = 1.804084e-05, Grad norm = 1.015166e-07, Beta update rate = 5.291909e-09
Epoch 219200 (4.4%): Train pred MSE = 1.462343e-10, Test pred MSE = 1.781084e-06, Param MSE = 1.804075e-05, Grad norm = 1.011520e-07, Beta update rate = 5.272432e-09
Epoch 219400 (4.4%): Train pred MSE = 1.452148e-10, Test pred MSE = 1.781075e-06, Param MSE = 1.804065e-05, Grad norm = 1.007887e-07, Beta update rate = 5.253030e-09
Epoch 219600 (4.4%): Train pred MSE = 1.442026e-10, Test pred MSE = 1.781066e-06, Param MSE = 1.804056e-05, Grad norm = 1.004268e-07, Beta update rate = 5.233705e-09
Epoch 219800 (4.4%): Train pred MSE = 1.431977e-10, Test pred MSE = 1.781057e-06, Param MSE = 1.804046e-05, Grad norm = 1.000663e-07, Beta update rate = 5.214455e-09
Epoch 220000 (4.4%): Train pred MSE = 1.422000e-10, Test pred MSE = 1.781048e-06, Param MSE = 1.804037e-05, Grad norm = 9.970723e-08, Beta update rate = 5.195281e-09
Epoch 220200 (4.4%): Train pred MSE = 1.412094e-10, Test pred MSE = 1.781039e-06, Param MSE = 1.804027e-05, Grad norm = 9.934948e-08, Beta update rate = 5.176181e-09
Epoch 220400 (4.4%): Train pred MSE = 1.402260e-10, Test pred MSE = 1.781030e-06, Param MSE = 1.804018e-05, Grad norm = 9.899309e-08, Beta update rate = 5.157157e-09
Epoch 220600 (4.4%): Train pred MSE = 1.392495e-10, Test pred MSE = 1.781021e-06, Param MSE = 1.804009e-05, Grad norm = 9.863806e-08, Beta update rate = 5.138206e-09
Epoch 220800 (4.4%): Train pred MSE = 1.382801e-10, Test pred MSE = 1.781012e-06, Param MSE = 1.803999e-05, Grad norm = 9.828439e-08, Beta update rate = 5.119330e-09
Epoch 221000 (4.4%): Train pred MSE = 1.373176e-10, Test pred MSE = 1.781003e-06, Param MSE = 1.803990e-05, Grad norm = 9.793206e-08, Beta update rate = 5.100527e-09
Epoch 221200 (4.4%): Train pred MSE = 1.363620e-10, Test pred MSE = 1.780994e-06, Param MSE = 1.803981e-05, Grad norm = 9.758108e-08, Beta update rate = 5.081798e-09
Epoch 221400 (4.4%): Train pred MSE = 1.354132e-10, Test pred MSE = 1.780986e-06, Param MSE = 1.803972e-05, Grad norm = 9.723143e-08, Beta update rate = 5.063142e-09
Epoch 221600 (4.4%): Train pred MSE = 1.344713e-10, Test pred MSE = 1.780977e-06, Param MSE = 1.803963e-05, Grad norm = 9.688311e-08, Beta update rate = 5.044559e-09
Epoch 221800 (4.4%): Train pred MSE = 1.335360e-10, Test pred MSE = 1.780968e-06, Param MSE = 1.803954e-05, Grad norm = 9.653612e-08, Beta update rate = 5.026049e-09
Epoch 222000 (4.4%): Train pred MSE = 1.326074e-10, Test pred MSE = 1.780960e-06, Param MSE = 1.803945e-05, Grad norm = 9.619045e-08, Beta update rate = 5.007610e-09
Epoch 222200 (4.4%): Train pred MSE = 1.316855e-10, Test pred MSE = 1.780951e-06, Param MSE = 1.803936e-05, Grad norm = 9.584609e-08, Beta update rate = 4.989244e-09
Epoch 222400 (4.4%): Train pred MSE = 1.307702e-10, Test pred MSE = 1.780942e-06, Param MSE = 1.803927e-05, Grad norm = 9.550304e-08, Beta update rate = 4.970949e-09
Epoch 222600 (4.5%): Train pred MSE = 1.298614e-10, Test pred MSE = 1.780934e-06, Param MSE = 1.803918e-05, Grad norm = 9.516130e-08, Beta update rate = 4.952725e-09
Epoch 222800 (4.5%): Train pred MSE = 1.289591e-10, Test pred MSE = 1.780925e-06, Param MSE = 1.803909e-05, Grad norm = 9.482085e-08, Beta update rate = 4.934573e-09
Epoch 223000 (4.5%): Train pred MSE = 1.280632e-10, Test pred MSE = 1.780917e-06, Param MSE = 1.803900e-05, Grad norm = 9.448170e-08, Beta update rate = 4.916491e-09
Epoch 223200 (4.5%): Train pred MSE = 1.271738e-10, Test pred MSE = 1.780908e-06, Param MSE = 1.803891e-05, Grad norm = 9.414384e-08, Beta update rate = 4.898479e-09
Epoch 223400 (4.5%): Train pred MSE = 1.262906e-10, Test pred MSE = 1.780900e-06, Param MSE = 1.803882e-05, Grad norm = 9.380726e-08, Beta update rate = 4.880538e-09
Epoch 223600 (4.5%): Train pred MSE = 1.254138e-10, Test pred MSE = 1.780891e-06, Param MSE = 1.803874e-05, Grad norm = 9.347196e-08, Beta update rate = 4.862667e-09
Epoch 223800 (4.5%): Train pred MSE = 1.245433e-10, Test pred MSE = 1.780883e-06, Param MSE = 1.803865e-05, Grad norm = 9.313793e-08, Beta update rate = 4.844865e-09
Epoch 224000 (4.5%): Train pred MSE = 1.236789e-10, Test pred MSE = 1.780875e-06, Param MSE = 1.803856e-05, Grad norm = 9.280517e-08, Beta update rate = 4.827132e-09
Epoch 224200 (4.5%): Train pred MSE = 1.228207e-10, Test pred MSE = 1.780866e-06, Param MSE = 1.803848e-05, Grad norm = 9.247367e-08, Beta update rate = 4.809468e-09
Epoch 224400 (4.5%): Train pred MSE = 1.219687e-10, Test pred MSE = 1.780858e-06, Param MSE = 1.803839e-05, Grad norm = 9.214342e-08, Beta update rate = 4.791873e-09
Epoch 224600 (4.5%): Train pred MSE = 1.211227e-10, Test pred MSE = 1.780850e-06, Param MSE = 1.803830e-05, Grad norm = 9.181443e-08, Beta update rate = 4.774347e-09
Epoch 224800 (4.5%): Train pred MSE = 1.202827e-10, Test pred MSE = 1.780842e-06, Param MSE = 1.803822e-05, Grad norm = 9.148669e-08, Beta update rate = 4.756888e-09
Epoch 225000 (4.5%): Train pred MSE = 1.194488e-10, Test pred MSE = 1.780833e-06, Param MSE = 1.803813e-05, Grad norm = 9.116019e-08, Beta update rate = 4.739497e-09
Epoch 225200 (4.5%): Train pred MSE = 1.186207e-10, Test pred MSE = 1.780825e-06, Param MSE = 1.803805e-05, Grad norm = 9.083492e-08, Beta update rate = 4.722174e-09
Epoch 225400 (4.5%): Train pred MSE = 1.177986e-10, Test pred MSE = 1.780817e-06, Param MSE = 1.803796e-05, Grad norm = 9.051089e-08, Beta update rate = 4.704918e-09
Epoch 225600 (4.5%): Train pred MSE = 1.169823e-10, Test pred MSE = 1.780809e-06, Param MSE = 1.803788e-05, Grad norm = 9.018808e-08, Beta update rate = 4.687729e-09
Epoch 225800 (4.5%): Train pred MSE = 1.161718e-10, Test pred MSE = 1.780801e-06, Param MSE = 1.803780e-05, Grad norm = 8.986649e-08, Beta update rate = 4.670607e-09
Epoch 226000 (4.5%): Train pred MSE = 1.153671e-10, Test pred MSE = 1.780793e-06, Param MSE = 1.803771e-05, Grad norm = 8.954613e-08, Beta update rate = 4.653551e-09
Epoch 226200 (4.5%): Train pred MSE = 1.145682e-10, Test pred MSE = 1.780785e-06, Param MSE = 1.803763e-05, Grad norm = 8.922697e-08, Beta update rate = 4.636562e-09
Epoch 226400 (4.5%): Train pred MSE = 1.137749e-10, Test pred MSE = 1.780777e-06, Param MSE = 1.803755e-05, Grad norm = 8.890902e-08, Beta update rate = 4.619638e-09
Epoch 226600 (4.5%): Train pred MSE = 1.129872e-10, Test pred MSE = 1.780769e-06, Param MSE = 1.803747e-05, Grad norm = 8.859227e-08, Beta update rate = 4.602780e-09
Epoch 226800 (4.5%): Train pred MSE = 1.122052e-10, Test pred MSE = 1.780762e-06, Param MSE = 1.803739e-05, Grad norm = 8.827672e-08, Beta update rate = 4.585987e-09
Epoch 227000 (4.5%): Train pred MSE = 1.114287e-10, Test pred MSE = 1.780754e-06, Param MSE = 1.803730e-05, Grad norm = 8.796236e-08, Beta update rate = 4.569259e-09
Epoch 227200 (4.5%): Train pred MSE = 1.106577e-10, Test pred MSE = 1.780746e-06, Param MSE = 1.803722e-05, Grad norm = 8.764919e-08, Beta update rate = 4.552596e-09
Epoch 227400 (4.5%): Train pred MSE = 1.098923e-10, Test pred MSE = 1.780738e-06, Param MSE = 1.803714e-05, Grad norm = 8.733720e-08, Beta update rate = 4.535997e-09
Epoch 227600 (4.6%): Train pred MSE = 1.091322e-10, Test pred MSE = 1.780730e-06, Param MSE = 1.803706e-05, Grad norm = 8.702639e-08, Beta update rate = 4.519463e-09
Epoch 227800 (4.6%): Train pred MSE = 1.083776e-10, Test pred MSE = 1.780723e-06, Param MSE = 1.803698e-05, Grad norm = 8.671676e-08, Beta update rate = 4.502992e-09
Epoch 228000 (4.6%): Train pred MSE = 1.076283e-10, Test pred MSE = 1.780715e-06, Param MSE = 1.803690e-05, Grad norm = 8.640829e-08, Beta update rate = 4.486586e-09
Epoch 228200 (4.6%): Train pred MSE = 1.068843e-10, Test pred MSE = 1.780707e-06, Param MSE = 1.803682e-05, Grad norm = 8.610098e-08, Beta update rate = 4.470242e-09
Epoch 228400 (4.6%): Train pred MSE = 1.061456e-10, Test pred MSE = 1.780700e-06, Param MSE = 1.803674e-05, Grad norm = 8.579484e-08, Beta update rate = 4.453962e-09
Epoch 228600 (4.6%): Train pred MSE = 1.054122e-10, Test pred MSE = 1.780692e-06, Param MSE = 1.803666e-05, Grad norm = 8.548984e-08, Beta update rate = 4.437745e-09
Epoch 228800 (4.6%): Train pred MSE = 1.046840e-10, Test pred MSE = 1.780685e-06, Param MSE = 1.803659e-05, Grad norm = 8.518600e-08, Beta update rate = 4.421591e-09
Epoch 229000 (4.6%): Train pred MSE = 1.039609e-10, Test pred MSE = 1.780677e-06, Param MSE = 1.803651e-05, Grad norm = 8.488331e-08, Beta update rate = 4.405499e-09
Epoch 229200 (4.6%): Train pred MSE = 1.032429e-10, Test pred MSE = 1.780670e-06, Param MSE = 1.803643e-05, Grad norm = 8.458175e-08, Beta update rate = 4.389469e-09
Epoch 229400 (4.6%): Train pred MSE = 1.025301e-10, Test pred MSE = 1.780662e-06, Param MSE = 1.803635e-05, Grad norm = 8.428133e-08, Beta update rate = 4.373500e-09
Epoch 229600 (4.6%): Train pred MSE = 1.018223e-10, Test pred MSE = 1.780655e-06, Param MSE = 1.803627e-05, Grad norm = 8.398204e-08, Beta update rate = 4.357594e-09
Epoch 229800 (4.6%): Train pred MSE = 1.011195e-10, Test pred MSE = 1.780648e-06, Param MSE = 1.803620e-05, Grad norm = 8.368388e-08, Beta update rate = 4.341749e-09
Epoch 230000 (4.6%): Train pred MSE = 1.004217e-10, Test pred MSE = 1.780640e-06, Param MSE = 1.803612e-05, Grad norm = 8.338683e-08, Beta update rate = 4.325965e-09
Epoch 230200 (4.6%): Train pred MSE = 9.972888e-11, Test pred MSE = 1.780633e-06, Param MSE = 1.803605e-05, Grad norm = 8.309091e-08, Beta update rate = 4.310242e-09
Epoch 230400 (4.6%): Train pred MSE = 9.904093e-11, Test pred MSE = 1.780626e-06, Param MSE = 1.803597e-05, Grad norm = 8.279610e-08, Beta update rate = 4.294579e-09
Epoch 230600 (4.6%): Train pred MSE = 9.835786e-11, Test pred MSE = 1.780618e-06, Param MSE = 1.803589e-05, Grad norm = 8.250240e-08, Beta update rate = 4.278977e-09
Epoch 230800 (4.6%): Train pred MSE = 9.767963e-11, Test pred MSE = 1.780611e-06, Param MSE = 1.803582e-05, Grad norm = 8.220980e-08, Beta update rate = 4.263435e-09
Epoch 231000 (4.6%): Train pred MSE = 9.700620e-11, Test pred MSE = 1.780604e-06, Param MSE = 1.803574e-05, Grad norm = 8.191830e-08, Beta update rate = 4.247953e-09
Epoch 231200 (4.6%): Train pred MSE = 9.633753e-11, Test pred MSE = 1.780597e-06, Param MSE = 1.803567e-05, Grad norm = 8.162790e-08, Beta update rate = 4.232531e-09
Epoch 231400 (4.6%): Train pred MSE = 9.567360e-11, Test pred MSE = 1.780590e-06, Param MSE = 1.803559e-05, Grad norm = 8.133859e-08, Beta update rate = 4.217167e-09
Epoch 231600 (4.6%): Train pred MSE = 9.501436e-11, Test pred MSE = 1.780582e-06, Param MSE = 1.803552e-05, Grad norm = 8.105036e-08, Beta update rate = 4.201863e-09
Epoch 231800 (4.6%): Train pred MSE = 9.435979e-11, Test pred MSE = 1.780575e-06, Param MSE = 1.803545e-05, Grad norm = 8.076322e-08, Beta update rate = 4.186618e-09
Epoch 232000 (4.6%): Train pred MSE = 9.370985e-11, Test pred MSE = 1.780568e-06, Param MSE = 1.803537e-05, Grad norm = 8.047715e-08, Beta update rate = 4.171432e-09
Epoch 232200 (4.6%): Train pred MSE = 9.306450e-11, Test pred MSE = 1.780561e-06, Param MSE = 1.803530e-05, Grad norm = 8.019216e-08, Beta update rate = 4.156304e-09
Epoch 232400 (4.6%): Train pred MSE = 9.242371e-11, Test pred MSE = 1.780554e-06, Param MSE = 1.803523e-05, Grad norm = 7.990824e-08, Beta update rate = 4.141234e-09
Epoch 232600 (4.7%): Train pred MSE = 9.178746e-11, Test pred MSE = 1.780547e-06, Param MSE = 1.803515e-05, Grad norm = 7.962538e-08, Beta update rate = 4.126222e-09
Epoch 232800 (4.7%): Train pred MSE = 9.115570e-11, Test pred MSE = 1.780540e-06, Param MSE = 1.803508e-05, Grad norm = 7.934358e-08, Beta update rate = 4.111267e-09
Epoch 233000 (4.7%): Train pred MSE = 9.052840e-11, Test pred MSE = 1.780533e-06, Param MSE = 1.803501e-05, Grad norm = 7.906284e-08, Beta update rate = 4.096370e-09
Epoch 233200 (4.7%): Train pred MSE = 8.990553e-11, Test pred MSE = 1.780527e-06, Param MSE = 1.803494e-05, Grad norm = 7.878315e-08, Beta update rate = 4.081531e-09
Epoch 233400 (4.7%): Train pred MSE = 8.928706e-11, Test pred MSE = 1.780520e-06, Param MSE = 1.803487e-05, Grad norm = 7.850451e-08, Beta update rate = 4.066748e-09
Epoch 233600 (4.7%): Train pred MSE = 8.867296e-11, Test pred MSE = 1.780513e-06, Param MSE = 1.803480e-05, Grad norm = 7.822691e-08, Beta update rate = 4.052022e-09
Epoch 233800 (4.7%): Train pred MSE = 8.806320e-11, Test pred MSE = 1.780506e-06, Param MSE = 1.803473e-05, Grad norm = 7.795035e-08, Beta update rate = 4.037352e-09
Epoch 234000 (4.7%): Train pred MSE = 8.745773e-11, Test pred MSE = 1.780499e-06, Param MSE = 1.803465e-05, Grad norm = 7.767483e-08, Beta update rate = 4.022739e-09
Epoch 234200 (4.7%): Train pred MSE = 8.685654e-11, Test pred MSE = 1.780493e-06, Param MSE = 1.803458e-05, Grad norm = 7.740034e-08, Beta update rate = 4.008182e-09
Epoch 234400 (4.7%): Train pred MSE = 8.625959e-11, Test pred MSE = 1.780486e-06, Param MSE = 1.803451e-05, Grad norm = 7.712687e-08, Beta update rate = 3.993681e-09
Epoch 234600 (4.7%): Train pred MSE = 8.566685e-11, Test pred MSE = 1.780479e-06, Param MSE = 1.803445e-05, Grad norm = 7.685443e-08, Beta update rate = 3.979235e-09
Epoch 234800 (4.7%): Train pred MSE = 8.507829e-11, Test pred MSE = 1.780473e-06, Param MSE = 1.803438e-05, Grad norm = 7.658301e-08, Beta update rate = 3.964844e-09
Epoch 235000 (4.7%): Train pred MSE = 8.449388e-11, Test pred MSE = 1.780466e-06, Param MSE = 1.803431e-05, Grad norm = 7.631260e-08, Beta update rate = 3.950509e-09
Epoch 235200 (4.7%): Train pred MSE = 8.391359e-11, Test pred MSE = 1.780459e-06, Param MSE = 1.803424e-05, Grad norm = 7.604320e-08, Beta update rate = 3.936229e-09
Epoch 235400 (4.7%): Train pred MSE = 8.333739e-11, Test pred MSE = 1.780453e-06, Param MSE = 1.803417e-05, Grad norm = 7.577481e-08, Beta update rate = 3.922003e-09
Epoch 235600 (4.7%): Train pred MSE = 8.276525e-11, Test pred MSE = 1.780446e-06, Param MSE = 1.803410e-05, Grad norm = 7.550742e-08, Beta update rate = 3.907832e-09
Epoch 235800 (4.7%): Train pred MSE = 8.219714e-11, Test pred MSE = 1.780440e-06, Param MSE = 1.803403e-05, Grad norm = 7.524103e-08, Beta update rate = 3.893715e-09
Epoch 236000 (4.7%): Train pred MSE = 8.163302e-11, Test pred MSE = 1.780433e-06, Param MSE = 1.803397e-05, Grad norm = 7.497564e-08, Beta update rate = 3.879651e-09
Epoch 236200 (4.7%): Train pred MSE = 8.107289e-11, Test pred MSE = 1.780427e-06, Param MSE = 1.803390e-05, Grad norm = 7.471123e-08, Beta update rate = 3.865642e-09
Epoch 236400 (4.7%): Train pred MSE = 8.051669e-11, Test pred MSE = 1.780420e-06, Param MSE = 1.803383e-05, Grad norm = 7.444782e-08, Beta update rate = 3.851687e-09
Epoch 236600 (4.7%): Train pred MSE = 7.996441e-11, Test pred MSE = 1.780414e-06, Param MSE = 1.803376e-05, Grad norm = 7.418538e-08, Beta update rate = 3.837784e-09
Epoch 236800 (4.7%): Train pred MSE = 7.941602e-11, Test pred MSE = 1.780407e-06, Param MSE = 1.803370e-05, Grad norm = 7.392393e-08, Beta update rate = 3.823935e-09
Epoch 237000 (4.7%): Train pred MSE = 7.887148e-11, Test pred MSE = 1.780401e-06, Param MSE = 1.803363e-05, Grad norm = 7.366344e-08, Beta update rate = 3.810139e-09
Epoch 237200 (4.7%): Train pred MSE = 7.833078e-11, Test pred MSE = 1.780395e-06, Param MSE = 1.803357e-05, Grad norm = 7.340393e-08, Beta update rate = 3.796395e-09
Epoch 237400 (4.7%): Train pred MSE = 7.779387e-11, Test pred MSE = 1.780388e-06, Param MSE = 1.803350e-05, Grad norm = 7.314539e-08, Beta update rate = 3.782704e-09
Epoch 237600 (4.8%): Train pred MSE = 7.726074e-11, Test pred MSE = 1.780382e-06, Param MSE = 1.803343e-05, Grad norm = 7.288781e-08, Beta update rate = 3.769065e-09
Epoch 237800 (4.8%): Train pred MSE = 7.673136e-11, Test pred MSE = 1.780376e-06, Param MSE = 1.803337e-05, Grad norm = 7.263119e-08, Beta update rate = 3.755478e-09
Epoch 238000 (4.8%): Train pred MSE = 7.620571e-11, Test pred MSE = 1.780370e-06, Param MSE = 1.803330e-05, Grad norm = 7.237553e-08, Beta update rate = 3.741943e-09
Epoch 238200 (4.8%): Train pred MSE = 7.568374e-11, Test pred MSE = 1.780363e-06, Param MSE = 1.803324e-05, Grad norm = 7.212082e-08, Beta update rate = 3.728460e-09
Epoch 238400 (4.8%): Train pred MSE = 7.516544e-11, Test pred MSE = 1.780357e-06, Param MSE = 1.803318e-05, Grad norm = 7.186705e-08, Beta update rate = 3.715028e-09
Epoch 238600 (4.8%): Train pred MSE = 7.465078e-11, Test pred MSE = 1.780351e-06, Param MSE = 1.803311e-05, Grad norm = 7.161423e-08, Beta update rate = 3.701647e-09
Epoch 238800 (4.8%): Train pred MSE = 7.413974e-11, Test pred MSE = 1.780345e-06, Param MSE = 1.803305e-05, Grad norm = 7.136235e-08, Beta update rate = 3.688318e-09
Epoch 239000 (4.8%): Train pred MSE = 7.363229e-11, Test pred MSE = 1.780339e-06, Param MSE = 1.803298e-05, Grad norm = 7.111141e-08, Beta update rate = 3.675039e-09
Epoch 239200 (4.8%): Train pred MSE = 7.312839e-11, Test pred MSE = 1.780333e-06, Param MSE = 1.803292e-05, Grad norm = 7.086140e-08, Beta update rate = 3.661810e-09
Epoch 239400 (4.8%): Train pred MSE = 7.262804e-11, Test pred MSE = 1.780327e-06, Param MSE = 1.803286e-05, Grad norm = 7.061232e-08, Beta update rate = 3.648632e-09
Epoch 239600 (4.8%): Train pred MSE = 7.213119e-11, Test pred MSE = 1.780321e-06, Param MSE = 1.803279e-05, Grad norm = 7.036417e-08, Beta update rate = 3.635505e-09
Epoch 239800 (4.8%): Train pred MSE = 7.163783e-11, Test pred MSE = 1.780315e-06, Param MSE = 1.803273e-05, Grad norm = 7.011693e-08, Beta update rate = 3.622427e-09
Epoch 240000 (4.8%): Train pred MSE = 7.114793e-11, Test pred MSE = 1.780309e-06, Param MSE = 1.803267e-05, Grad norm = 6.987062e-08, Beta update rate = 3.609399e-09
Epoch 240200 (4.8%): Train pred MSE = 7.066147e-11, Test pred MSE = 1.780303e-06, Param MSE = 1.803261e-05, Grad norm = 6.962522e-08, Beta update rate = 3.596420e-09
Epoch 240400 (4.8%): Train pred MSE = 7.017841e-11, Test pred MSE = 1.780297e-06, Param MSE = 1.803255e-05, Grad norm = 6.938073e-08, Beta update rate = 3.583491e-09
Epoch 240600 (4.8%): Train pred MSE = 6.969875e-11, Test pred MSE = 1.780291e-06, Param MSE = 1.803248e-05, Grad norm = 6.913715e-08, Beta update rate = 3.570611e-09
Epoch 240800 (4.8%): Train pred MSE = 6.922244e-11, Test pred MSE = 1.780285e-06, Param MSE = 1.803242e-05, Grad norm = 6.889448e-08, Beta update rate = 3.557780e-09
Epoch 241000 (4.8%): Train pred MSE = 6.874947e-11, Test pred MSE = 1.780279e-06, Param MSE = 1.803236e-05, Grad norm = 6.865270e-08, Beta update rate = 3.544998e-09
Epoch 241200 (4.8%): Train pred MSE = 6.827982e-11, Test pred MSE = 1.780273e-06, Param MSE = 1.803230e-05, Grad norm = 6.841182e-08, Beta update rate = 3.532264e-09
Epoch 241400 (4.8%): Train pred MSE = 6.781346e-11, Test pred MSE = 1.780267e-06, Param MSE = 1.803224e-05, Grad norm = 6.817184e-08, Beta update rate = 3.519579e-09
Epoch 241600 (4.8%): Train pred MSE = 6.735036e-11, Test pred MSE = 1.780262e-06, Param MSE = 1.803218e-05, Grad norm = 6.793274e-08, Beta update rate = 3.506942e-09
Epoch 241800 (4.8%): Train pred MSE = 6.689050e-11, Test pred MSE = 1.780256e-06, Param MSE = 1.803212e-05, Grad norm = 6.769453e-08, Beta update rate = 3.494353e-09
Epoch 242000 (4.8%): Train pred MSE = 6.643386e-11, Test pred MSE = 1.780250e-06, Param MSE = 1.803206e-05, Grad norm = 6.745720e-08, Beta update rate = 3.481811e-09
Epoch 242200 (4.8%): Train pred MSE = 6.598042e-11, Test pred MSE = 1.780244e-06, Param MSE = 1.803200e-05, Grad norm = 6.722075e-08, Beta update rate = 3.469318e-09
Epoch 242400 (4.8%): Train pred MSE = 6.553015e-11, Test pred MSE = 1.780239e-06, Param MSE = 1.803194e-05, Grad norm = 6.698518e-08, Beta update rate = 3.456871e-09
Epoch 242600 (4.9%): Train pred MSE = 6.508304e-11, Test pred MSE = 1.780233e-06, Param MSE = 1.803188e-05, Grad norm = 6.675048e-08, Beta update rate = 3.444472e-09
Epoch 242800 (4.9%): Train pred MSE = 6.463904e-11, Test pred MSE = 1.780227e-06, Param MSE = 1.803182e-05, Grad norm = 6.651665e-08, Beta update rate = 3.432120e-09
Epoch 243000 (4.9%): Train pred MSE = 6.419816e-11, Test pred MSE = 1.780222e-06, Param MSE = 1.803176e-05, Grad norm = 6.628368e-08, Beta update rate = 3.419815e-09
Epoch 243200 (4.9%): Train pred MSE = 6.376035e-11, Test pred MSE = 1.780216e-06, Param MSE = 1.803171e-05, Grad norm = 6.605158e-08, Beta update rate = 3.407556e-09
Epoch 243400 (4.9%): Train pred MSE = 6.332561e-11, Test pred MSE = 1.780211e-06, Param MSE = 1.803165e-05, Grad norm = 6.582033e-08, Beta update rate = 3.395344e-09
Epoch 243600 (4.9%): Train pred MSE = 6.289391e-11, Test pred MSE = 1.780205e-06, Param MSE = 1.803159e-05, Grad norm = 6.558994e-08, Beta update rate = 3.383178e-09
Epoch 243800 (4.9%): Train pred MSE = 6.246522e-11, Test pred MSE = 1.780199e-06, Param MSE = 1.803153e-05, Grad norm = 6.536040e-08, Beta update rate = 3.371058e-09
Epoch 244000 (4.9%): Train pred MSE = 6.203953e-11, Test pred MSE = 1.780194e-06, Param MSE = 1.803147e-05, Grad norm = 6.513171e-08, Beta update rate = 3.358984e-09
Epoch 244200 (4.9%): Train pred MSE = 6.161681e-11, Test pred MSE = 1.780188e-06, Param MSE = 1.803142e-05, Grad norm = 6.490387e-08, Beta update rate = 3.346956e-09
Epoch 244400 (4.9%): Train pred MSE = 6.119704e-11, Test pred MSE = 1.780183e-06, Param MSE = 1.803136e-05, Grad norm = 6.467686e-08, Beta update rate = 3.334973e-09
Epoch 244600 (4.9%): Train pred MSE = 6.078020e-11, Test pred MSE = 1.780177e-06, Param MSE = 1.803130e-05, Grad norm = 6.445070e-08, Beta update rate = 3.323035e-09
Epoch 244800 (4.9%): Train pred MSE = 6.036627e-11, Test pred MSE = 1.780172e-06, Param MSE = 1.803125e-05, Grad norm = 6.422537e-08, Beta update rate = 3.311143e-09
Epoch 245000 (4.9%): Train pred MSE = 5.995524e-11, Test pred MSE = 1.780167e-06, Param MSE = 1.803119e-05, Grad norm = 6.400087e-08, Beta update rate = 3.299296e-09
Epoch 245200 (4.9%): Train pred MSE = 5.954707e-11, Test pred MSE = 1.780161e-06, Param MSE = 1.803113e-05, Grad norm = 6.377720e-08, Beta update rate = 3.287493e-09
Epoch 245400 (4.9%): Train pred MSE = 5.914175e-11, Test pred MSE = 1.780156e-06, Param MSE = 1.803108e-05, Grad norm = 6.355436e-08, Beta update rate = 3.275735e-09
Epoch 245600 (4.9%): Train pred MSE = 5.873925e-11, Test pred MSE = 1.780151e-06, Param MSE = 1.803102e-05, Grad norm = 6.333233e-08, Beta update rate = 3.264022e-09
Epoch 245800 (4.9%): Train pred MSE = 5.833956e-11, Test pred MSE = 1.780145e-06, Param MSE = 1.803097e-05, Grad norm = 6.311113e-08, Beta update rate = 3.252352e-09
Epoch 246000 (4.9%): Train pred MSE = 5.794266e-11, Test pred MSE = 1.780140e-06, Param MSE = 1.803091e-05, Grad norm = 6.289074e-08, Beta update rate = 3.240727e-09
Epoch 246200 (4.9%): Train pred MSE = 5.754853e-11, Test pred MSE = 1.780135e-06, Param MSE = 1.803086e-05, Grad norm = 6.267117e-08, Beta update rate = 3.229146e-09
Epoch 246400 (4.9%): Train pred MSE = 5.715714e-11, Test pred MSE = 1.780129e-06, Param MSE = 1.803080e-05, Grad norm = 6.245240e-08, Beta update rate = 3.217608e-09
Epoch 246600 (4.9%): Train pred MSE = 5.676848e-11, Test pred MSE = 1.780124e-06, Param MSE = 1.803075e-05, Grad norm = 6.223444e-08, Beta update rate = 3.206114e-09
Epoch 246800 (4.9%): Train pred MSE = 5.638253e-11, Test pred MSE = 1.780119e-06, Param MSE = 1.803069e-05, Grad norm = 6.201728e-08, Beta update rate = 3.194663e-09
Epoch 247000 (4.9%): Train pred MSE = 5.599927e-11, Test pred MSE = 1.780114e-06, Param MSE = 1.803064e-05, Grad norm = 6.180093e-08, Beta update rate = 3.183256e-09
Epoch 247200 (4.9%): Train pred MSE = 5.561867e-11, Test pred MSE = 1.780109e-06, Param MSE = 1.803059e-05, Grad norm = 6.158537e-08, Beta update rate = 3.171891e-09
Epoch 247400 (4.9%): Train pred MSE = 5.524073e-11, Test pred MSE = 1.780103e-06, Param MSE = 1.803053e-05, Grad norm = 6.137060e-08, Beta update rate = 3.160569e-09
Epoch 247600 (5.0%): Train pred MSE = 5.486542e-11, Test pred MSE = 1.780098e-06, Param MSE = 1.803048e-05, Grad norm = 6.115662e-08, Beta update rate = 3.149290e-09
Epoch 247800 (5.0%): Train pred MSE = 5.449271e-11, Test pred MSE = 1.780093e-06, Param MSE = 1.803043e-05, Grad norm = 6.094343e-08, Beta update rate = 3.138054e-09
Epoch 248000 (5.0%): Train pred MSE = 5.412261e-11, Test pred MSE = 1.780088e-06, Param MSE = 1.803037e-05, Grad norm = 6.073102e-08, Beta update rate = 3.126860e-09
Epoch 248200 (5.0%): Train pred MSE = 5.375508e-11, Test pred MSE = 1.780083e-06, Param MSE = 1.803032e-05, Grad norm = 6.051940e-08, Beta update rate = 3.115708e-09
Epoch 248400 (5.0%): Train pred MSE = 5.339010e-11, Test pred MSE = 1.780078e-06, Param MSE = 1.803027e-05, Grad norm = 6.030855e-08, Beta update rate = 3.104598e-09
Epoch 248600 (5.0%): Train pred MSE = 5.302767e-11, Test pred MSE = 1.780073e-06, Param MSE = 1.803021e-05, Grad norm = 6.009848e-08, Beta update rate = 3.093529e-09
Epoch 248800 (5.0%): Train pred MSE = 5.266775e-11, Test pred MSE = 1.780068e-06, Param MSE = 1.803016e-05, Grad norm = 5.988918e-08, Beta update rate = 3.082503e-09
Epoch 249000 (5.0%): Train pred MSE = 5.231034e-11, Test pred MSE = 1.780063e-06, Param MSE = 1.803011e-05, Grad norm = 5.968065e-08, Beta update rate = 3.071518e-09
Epoch 249200 (5.0%): Train pred MSE = 5.195541e-11, Test pred MSE = 1.780058e-06, Param MSE = 1.803006e-05, Grad norm = 5.947288e-08, Beta update rate = 3.060574e-09
Epoch 249400 (5.0%): Train pred MSE = 5.160294e-11, Test pred MSE = 1.780053e-06, Param MSE = 1.803001e-05, Grad norm = 5.926588e-08, Beta update rate = 3.049671e-09
Epoch 249600 (5.0%): Train pred MSE = 5.125293e-11, Test pred MSE = 1.780048e-06, Param MSE = 1.802996e-05, Grad norm = 5.905964e-08, Beta update rate = 3.038810e-09
Epoch 249800 (5.0%): Train pred MSE = 5.090535e-11, Test pred MSE = 1.780043e-06, Param MSE = 1.802991e-05, Grad norm = 5.885415e-08, Beta update rate = 3.027989e-09
Epoch 250000 (5.0%): Train pred MSE = 5.056018e-11, Test pred MSE = 1.780038e-06, Param MSE = 1.802985e-05, Grad norm = 5.864942e-08, Beta update rate = 3.017209e-09
Epoch 250200 (5.0%): Train pred MSE = 5.021741e-11, Test pred MSE = 1.780034e-06, Param MSE = 1.802980e-05, Grad norm = 5.844544e-08, Beta update rate = 3.006469e-09
Epoch 250400 (5.0%): Train pred MSE = 4.987702e-11, Test pred MSE = 1.780029e-06, Param MSE = 1.802975e-05, Grad norm = 5.824221e-08, Beta update rate = 2.995770e-09
Epoch 250600 (5.0%): Train pred MSE = 4.953899e-11, Test pred MSE = 1.780024e-06, Param MSE = 1.802970e-05, Grad norm = 5.803972e-08, Beta update rate = 2.985110e-09
Epoch 250800 (5.0%): Train pred MSE = 4.920331e-11, Test pred MSE = 1.780019e-06, Param MSE = 1.802965e-05, Grad norm = 5.783798e-08, Beta update rate = 2.974491e-09
Epoch 251000 (5.0%): Train pred MSE = 4.886996e-11, Test pred MSE = 1.780014e-06, Param MSE = 1.802960e-05, Grad norm = 5.763697e-08, Beta update rate = 2.963912e-09
Epoch 251200 (5.0%): Train pred MSE = 4.853892e-11, Test pred MSE = 1.780009e-06, Param MSE = 1.802955e-05, Grad norm = 5.743670e-08, Beta update rate = 2.953372e-09
Epoch 251400 (5.0%): Train pred MSE = 4.821017e-11, Test pred MSE = 1.780005e-06, Param MSE = 1.802950e-05, Grad norm = 5.723717e-08, Beta update rate = 2.942872e-09
Epoch 251600 (5.0%): Train pred MSE = 4.788371e-11, Test pred MSE = 1.780000e-06, Param MSE = 1.802945e-05, Grad norm = 5.703836e-08, Beta update rate = 2.932412e-09
Epoch 251800 (5.0%): Train pred MSE = 4.755951e-11, Test pred MSE = 1.779995e-06, Param MSE = 1.802941e-05, Grad norm = 5.684029e-08, Beta update rate = 2.921990e-09
Epoch 252000 (5.0%): Train pred MSE = 4.723756e-11, Test pred MSE = 1.779991e-06, Param MSE = 1.802936e-05, Grad norm = 5.664293e-08, Beta update rate = 2.911608e-09
Epoch 252200 (5.0%): Train pred MSE = 4.691784e-11, Test pred MSE = 1.779986e-06, Param MSE = 1.802931e-05, Grad norm = 5.644631e-08, Beta update rate = 2.901264e-09
Epoch 252400 (5.0%): Train pred MSE = 4.660033e-11, Test pred MSE = 1.779981e-06, Param MSE = 1.802926e-05, Grad norm = 5.625040e-08, Beta update rate = 2.890959e-09
Epoch 252600 (5.1%): Train pred MSE = 4.628503e-11, Test pred MSE = 1.779977e-06, Param MSE = 1.802921e-05, Grad norm = 5.605520e-08, Beta update rate = 2.880693e-09
Epoch 252800 (5.1%): Train pred MSE = 4.597190e-11, Test pred MSE = 1.779972e-06, Param MSE = 1.802916e-05, Grad norm = 5.586072e-08, Beta update rate = 2.870466e-09
Epoch 253000 (5.1%): Train pred MSE = 4.566095e-11, Test pred MSE = 1.779967e-06, Param MSE = 1.802912e-05, Grad norm = 5.566695e-08, Beta update rate = 2.860276e-09
Epoch 253200 (5.1%): Train pred MSE = 4.535215e-11, Test pred MSE = 1.779963e-06, Param MSE = 1.802907e-05, Grad norm = 5.547389e-08, Beta update rate = 2.850125e-09
Epoch 253400 (5.1%): Train pred MSE = 4.504549e-11, Test pred MSE = 1.779958e-06, Param MSE = 1.802902e-05, Grad norm = 5.528154e-08, Beta update rate = 2.840012e-09
Epoch 253600 (5.1%): Train pred MSE = 4.474095e-11, Test pred MSE = 1.779954e-06, Param MSE = 1.802897e-05, Grad norm = 5.508989e-08, Beta update rate = 2.829936e-09
Epoch 253800 (5.1%): Train pred MSE = 4.443852e-11, Test pred MSE = 1.779949e-06, Param MSE = 1.802893e-05, Grad norm = 5.489893e-08, Beta update rate = 2.819898e-09
Epoch 254000 (5.1%): Train pred MSE = 4.413819e-11, Test pred MSE = 1.779945e-06, Param MSE = 1.802888e-05, Grad norm = 5.470868e-08, Beta update rate = 2.809898e-09
Epoch 254200 (5.1%): Train pred MSE = 4.383993e-11, Test pred MSE = 1.779940e-06, Param MSE = 1.802883e-05, Grad norm = 5.451912e-08, Beta update rate = 2.799935e-09
Epoch 254400 (5.1%): Train pred MSE = 4.354373e-11, Test pred MSE = 1.779936e-06, Param MSE = 1.802879e-05, Grad norm = 5.433025e-08, Beta update rate = 2.790010e-09
Epoch 254600 (5.1%): Train pred MSE = 4.324958e-11, Test pred MSE = 1.779931e-06, Param MSE = 1.802874e-05, Grad norm = 5.414207e-08, Beta update rate = 2.780121e-09
Epoch 254800 (5.1%): Train pred MSE = 4.295747e-11, Test pred MSE = 1.779927e-06, Param MSE = 1.802869e-05, Grad norm = 5.395458e-08, Beta update rate = 2.770270e-09
Epoch 255000 (5.1%): Train pred MSE = 4.266737e-11, Test pred MSE = 1.779922e-06, Param MSE = 1.802865e-05, Grad norm = 5.376777e-08, Beta update rate = 2.760455e-09
Epoch 255200 (5.1%): Train pred MSE = 4.237928e-11, Test pred MSE = 1.779918e-06, Param MSE = 1.802860e-05, Grad norm = 5.358165e-08, Beta update rate = 2.750677e-09
Epoch 255400 (5.1%): Train pred MSE = 4.209319e-11, Test pred MSE = 1.779914e-06, Param MSE = 1.802856e-05, Grad norm = 5.339620e-08, Beta update rate = 2.740935e-09
Epoch 255600 (5.1%): Train pred MSE = 4.180906e-11, Test pred MSE = 1.779909e-06, Param MSE = 1.802851e-05, Grad norm = 5.321142e-08, Beta update rate = 2.731230e-09
Epoch 255800 (5.1%): Train pred MSE = 4.152690e-11, Test pred MSE = 1.779905e-06, Param MSE = 1.802846e-05, Grad norm = 5.302733e-08, Beta update rate = 2.721561e-09
Epoch 256000 (5.1%): Train pred MSE = 4.124669e-11, Test pred MSE = 1.779901e-06, Param MSE = 1.802842e-05, Grad norm = 5.284390e-08, Beta update rate = 2.711928e-09
Epoch 256200 (5.1%): Train pred MSE = 4.096842e-11, Test pred MSE = 1.779896e-06, Param MSE = 1.802837e-05, Grad norm = 5.266114e-08, Beta update rate = 2.702331e-09
Epoch 256400 (5.1%): Train pred MSE = 4.069206e-11, Test pred MSE = 1.779892e-06, Param MSE = 1.802833e-05, Grad norm = 5.247904e-08, Beta update rate = 2.692769e-09
Epoch 256600 (5.1%): Train pred MSE = 4.041762e-11, Test pred MSE = 1.779888e-06, Param MSE = 1.802829e-05, Grad norm = 5.229761e-08, Beta update rate = 2.683244e-09
Epoch 256800 (5.1%): Train pred MSE = 4.014507e-11, Test pred MSE = 1.779883e-06, Param MSE = 1.802824e-05, Grad norm = 5.211684e-08, Beta update rate = 2.673754e-09
Epoch 257000 (5.1%): Train pred MSE = 3.987440e-11, Test pred MSE = 1.779879e-06, Param MSE = 1.802820e-05, Grad norm = 5.193672e-08, Beta update rate = 2.664299e-09
Epoch 257200 (5.1%): Train pred MSE = 3.960559e-11, Test pred MSE = 1.779875e-06, Param MSE = 1.802815e-05, Grad norm = 5.175727e-08, Beta update rate = 2.654879e-09
Epoch 257400 (5.1%): Train pred MSE = 3.933864e-11, Test pred MSE = 1.779871e-06, Param MSE = 1.802811e-05, Grad norm = 5.157846e-08, Beta update rate = 2.645495e-09
Epoch 257600 (5.2%): Train pred MSE = 3.907353e-11, Test pred MSE = 1.779867e-06, Param MSE = 1.802806e-05, Grad norm = 5.140031e-08, Beta update rate = 2.636145e-09
Epoch 257800 (5.2%): Train pred MSE = 3.881025e-11, Test pred MSE = 1.779862e-06, Param MSE = 1.802802e-05, Grad norm = 5.122280e-08, Beta update rate = 2.626830e-09
Epoch 258000 (5.2%): Train pred MSE = 3.854879e-11, Test pred MSE = 1.779858e-06, Param MSE = 1.802798e-05, Grad norm = 5.104594e-08, Beta update rate = 2.617550e-09
Epoch 258200 (5.2%): Train pred MSE = 3.828912e-11, Test pred MSE = 1.779854e-06, Param MSE = 1.802793e-05, Grad norm = 5.086972e-08, Beta update rate = 2.608305e-09
Epoch 258400 (5.2%): Train pred MSE = 3.803125e-11, Test pred MSE = 1.779850e-06, Param MSE = 1.802789e-05, Grad norm = 5.069414e-08, Beta update rate = 2.599094e-09
Epoch 258600 (5.2%): Train pred MSE = 3.777515e-11, Test pred MSE = 1.779846e-06, Param MSE = 1.802785e-05, Grad norm = 5.051919e-08, Beta update rate = 2.589917e-09
Epoch 258800 (5.2%): Train pred MSE = 3.752082e-11, Test pred MSE = 1.779842e-06, Param MSE = 1.802781e-05, Grad norm = 5.034489e-08, Beta update rate = 2.580774e-09
Epoch 259000 (5.2%): Train pred MSE = 3.726824e-11, Test pred MSE = 1.779838e-06, Param MSE = 1.802776e-05, Grad norm = 5.017122e-08, Beta update rate = 2.571665e-09
Epoch 259200 (5.2%): Train pred MSE = 3.701740e-11, Test pred MSE = 1.779834e-06, Param MSE = 1.802772e-05, Grad norm = 4.999817e-08, Beta update rate = 2.562590e-09
Epoch 259400 (5.2%): Train pred MSE = 3.676829e-11, Test pred MSE = 1.779830e-06, Param MSE = 1.802768e-05, Grad norm = 4.982576e-08, Beta update rate = 2.553549e-09
Epoch 259600 (5.2%): Train pred MSE = 3.652089e-11, Test pred MSE = 1.779826e-06, Param MSE = 1.802764e-05, Grad norm = 4.965397e-08, Beta update rate = 2.544541e-09
Epoch 259800 (5.2%): Train pred MSE = 3.627519e-11, Test pred MSE = 1.779822e-06, Param MSE = 1.802760e-05, Grad norm = 4.948280e-08, Beta update rate = 2.535567e-09
Epoch 260000 (5.2%): Train pred MSE = 3.603119e-11, Test pred MSE = 1.779818e-06, Param MSE = 1.802755e-05, Grad norm = 4.931226e-08, Beta update rate = 2.526626e-09
Epoch 260200 (5.2%): Train pred MSE = 3.578886e-11, Test pred MSE = 1.779814e-06, Param MSE = 1.802751e-05, Grad norm = 4.914233e-08, Beta update rate = 2.517718e-09
Epoch 260400 (5.2%): Train pred MSE = 3.554820e-11, Test pred MSE = 1.779810e-06, Param MSE = 1.802747e-05, Grad norm = 4.897302e-08, Beta update rate = 2.508844e-09
Epoch 260600 (5.2%): Train pred MSE = 3.530920e-11, Test pred MSE = 1.779806e-06, Param MSE = 1.802743e-05, Grad norm = 4.880432e-08, Beta update rate = 2.500002e-09
Epoch 260800 (5.2%): Train pred MSE = 3.507184e-11, Test pred MSE = 1.779802e-06, Param MSE = 1.802739e-05, Grad norm = 4.863623e-08, Beta update rate = 2.491193e-09
Epoch 261000 (5.2%): Train pred MSE = 3.483611e-11, Test pred MSE = 1.779798e-06, Param MSE = 1.802735e-05, Grad norm = 4.846876e-08, Beta update rate = 2.482417e-09
Epoch 261200 (5.2%): Train pred MSE = 3.460200e-11, Test pred MSE = 1.779794e-06, Param MSE = 1.802731e-05, Grad norm = 4.830188e-08, Beta update rate = 2.473673e-09
Epoch 261400 (5.2%): Train pred MSE = 3.436950e-11, Test pred MSE = 1.779790e-06, Param MSE = 1.802727e-05, Grad norm = 4.813562e-08, Beta update rate = 2.464962e-09
Epoch 261600 (5.2%): Train pred MSE = 3.413860e-11, Test pred MSE = 1.779786e-06, Param MSE = 1.802723e-05, Grad norm = 4.796995e-08, Beta update rate = 2.456283e-09
Epoch 261800 (5.2%): Train pred MSE = 3.390929e-11, Test pred MSE = 1.779782e-06, Param MSE = 1.802719e-05, Grad norm = 4.780489e-08, Beta update rate = 2.447636e-09
Epoch 262000 (5.2%): Train pred MSE = 3.368155e-11, Test pred MSE = 1.779779e-06, Param MSE = 1.802715e-05, Grad norm = 4.764042e-08, Beta update rate = 2.439021e-09
Epoch 262200 (5.2%): Train pred MSE = 3.345538e-11, Test pred MSE = 1.779775e-06, Param MSE = 1.802711e-05, Grad norm = 4.747655e-08, Beta update rate = 2.430438e-09
Epoch 262400 (5.2%): Train pred MSE = 3.323075e-11, Test pred MSE = 1.779771e-06, Param MSE = 1.802707e-05, Grad norm = 4.731327e-08, Beta update rate = 2.421887e-09
Epoch 262600 (5.3%): Train pred MSE = 3.300767e-11, Test pred MSE = 1.779767e-06, Param MSE = 1.802703e-05, Grad norm = 4.715058e-08, Beta update rate = 2.413368e-09
Epoch 262800 (5.3%): Train pred MSE = 3.278613e-11, Test pred MSE = 1.779763e-06, Param MSE = 1.802699e-05, Grad norm = 4.698847e-08, Beta update rate = 2.404880e-09
Epoch 263000 (5.3%): Train pred MSE = 3.256610e-11, Test pred MSE = 1.779760e-06, Param MSE = 1.802695e-05, Grad norm = 4.682696e-08, Beta update rate = 2.396423e-09
Epoch 263200 (5.3%): Train pred MSE = 3.234758e-11, Test pred MSE = 1.779756e-06, Param MSE = 1.802691e-05, Grad norm = 4.666603e-08, Beta update rate = 2.387998e-09
Epoch 263400 (5.3%): Train pred MSE = 3.213056e-11, Test pred MSE = 1.779752e-06, Param MSE = 1.802687e-05, Grad norm = 4.650567e-08, Beta update rate = 2.379604e-09
Epoch 263600 (5.3%): Train pred MSE = 3.191503e-11, Test pred MSE = 1.779748e-06, Param MSE = 1.802683e-05, Grad norm = 4.634590e-08, Beta update rate = 2.371241e-09
Epoch 263800 (5.3%): Train pred MSE = 3.170098e-11, Test pred MSE = 1.779745e-06, Param MSE = 1.802679e-05, Grad norm = 4.618671e-08, Beta update rate = 2.362909e-09
Epoch 264000 (5.3%): Train pred MSE = 3.148840e-11, Test pred MSE = 1.779741e-06, Param MSE = 1.802676e-05, Grad norm = 4.602809e-08, Beta update rate = 2.354607e-09
Epoch 264200 (5.3%): Train pred MSE = 3.127727e-11, Test pred MSE = 1.779737e-06, Param MSE = 1.802672e-05, Grad norm = 4.587004e-08, Beta update rate = 2.346337e-09
Epoch 264400 (5.3%): Train pred MSE = 3.106759e-11, Test pred MSE = 1.779734e-06, Param MSE = 1.802668e-05, Grad norm = 4.571256e-08, Beta update rate = 2.338096e-09
Epoch 264600 (5.3%): Train pred MSE = 3.085935e-11, Test pred MSE = 1.779730e-06, Param MSE = 1.802664e-05, Grad norm = 4.555565e-08, Beta update rate = 2.329887e-09
Epoch 264800 (5.3%): Train pred MSE = 3.065254e-11, Test pred MSE = 1.779726e-06, Param MSE = 1.802660e-05, Grad norm = 4.539931e-08, Beta update rate = 2.321707e-09
Epoch 265000 (5.3%): Train pred MSE = 3.044714e-11, Test pred MSE = 1.779723e-06, Param MSE = 1.802657e-05, Grad norm = 4.524353e-08, Beta update rate = 2.313558e-09
Epoch 265200 (5.3%): Train pred MSE = 3.024315e-11, Test pred MSE = 1.779719e-06, Param MSE = 1.802653e-05, Grad norm = 4.508831e-08, Beta update rate = 2.305439e-09
Epoch 265400 (5.3%): Train pred MSE = 3.004056e-11, Test pred MSE = 1.779716e-06, Param MSE = 1.802649e-05, Grad norm = 4.493366e-08, Beta update rate = 2.297350e-09
Epoch 265600 (5.3%): Train pred MSE = 2.983935e-11, Test pred MSE = 1.779712e-06, Param MSE = 1.802645e-05, Grad norm = 4.477955e-08, Beta update rate = 2.289291e-09
Epoch 265800 (5.3%): Train pred MSE = 2.963952e-11, Test pred MSE = 1.779708e-06, Param MSE = 1.802642e-05, Grad norm = 4.462601e-08, Beta update rate = 2.281261e-09
Epoch 266000 (5.3%): Train pred MSE = 2.944106e-11, Test pred MSE = 1.779705e-06, Param MSE = 1.802638e-05, Grad norm = 4.447302e-08, Beta update rate = 2.273261e-09
Epoch 266200 (5.3%): Train pred MSE = 2.924396e-11, Test pred MSE = 1.779701e-06, Param MSE = 1.802634e-05, Grad norm = 4.432057e-08, Beta update rate = 2.265291e-09
Epoch 266400 (5.3%): Train pred MSE = 2.904821e-11, Test pred MSE = 1.779698e-06, Param MSE = 1.802631e-05, Grad norm = 4.416868e-08, Beta update rate = 2.257349e-09
Epoch 266600 (5.3%): Train pred MSE = 2.885379e-11, Test pred MSE = 1.779694e-06, Param MSE = 1.802627e-05, Grad norm = 4.401734e-08, Beta update rate = 2.249438e-09
Epoch 266800 (5.3%): Train pred MSE = 2.866071e-11, Test pred MSE = 1.779691e-06, Param MSE = 1.802623e-05, Grad norm = 4.386653e-08, Beta update rate = 2.241555e-09
Epoch 267000 (5.3%): Train pred MSE = 2.846894e-11, Test pred MSE = 1.779687e-06, Param MSE = 1.802620e-05, Grad norm = 4.371628e-08, Beta update rate = 2.233701e-09
Epoch 267200 (5.3%): Train pred MSE = 2.827849e-11, Test pred MSE = 1.779684e-06, Param MSE = 1.802616e-05, Grad norm = 4.356656e-08, Beta update rate = 2.225876e-09
Epoch 267400 (5.3%): Train pred MSE = 2.808934e-11, Test pred MSE = 1.779680e-06, Param MSE = 1.802612e-05, Grad norm = 4.341738e-08, Beta update rate = 2.218080e-09
Epoch 267600 (5.4%): Train pred MSE = 2.790148e-11, Test pred MSE = 1.779677e-06, Param MSE = 1.802609e-05, Grad norm = 4.326874e-08, Beta update rate = 2.210313e-09
Epoch 267800 (5.4%): Train pred MSE = 2.771491e-11, Test pred MSE = 1.779674e-06, Param MSE = 1.802605e-05, Grad norm = 4.312063e-08, Beta update rate = 2.202575e-09
Epoch 268000 (5.4%): Train pred MSE = 2.752961e-11, Test pred MSE = 1.779670e-06, Param MSE = 1.802602e-05, Grad norm = 4.297305e-08, Beta update rate = 2.194864e-09
Epoch 268200 (5.4%): Train pred MSE = 2.734558e-11, Test pred MSE = 1.779667e-06, Param MSE = 1.802598e-05, Grad norm = 4.282600e-08, Beta update rate = 2.187183e-09
Epoch 268400 (5.4%): Train pred MSE = 2.716281e-11, Test pred MSE = 1.779663e-06, Param MSE = 1.802595e-05, Grad norm = 4.267949e-08, Beta update rate = 2.179529e-09
Epoch 268600 (5.4%): Train pred MSE = 2.698128e-11, Test pred MSE = 1.779660e-06, Param MSE = 1.802591e-05, Grad norm = 4.253349e-08, Beta update rate = 2.171903e-09
Epoch 268800 (5.4%): Train pred MSE = 2.680099e-11, Test pred MSE = 1.779657e-06, Param MSE = 1.802588e-05, Grad norm = 4.238803e-08, Beta update rate = 2.164306e-09
Epoch 269000 (5.4%): Train pred MSE = 2.662194e-11, Test pred MSE = 1.779653e-06, Param MSE = 1.802584e-05, Grad norm = 4.224308e-08, Beta update rate = 2.156737e-09
Epoch 269200 (5.4%): Train pred MSE = 2.644410e-11, Test pred MSE = 1.779650e-06, Param MSE = 1.802581e-05, Grad norm = 4.209866e-08, Beta update rate = 2.149195e-09
Epoch 269400 (5.4%): Train pred MSE = 2.626748e-11, Test pred MSE = 1.779647e-06, Param MSE = 1.802577e-05, Grad norm = 4.195475e-08, Beta update rate = 2.141681e-09
Epoch 269600 (5.4%): Train pred MSE = 2.609207e-11, Test pred MSE = 1.779643e-06, Param MSE = 1.802574e-05, Grad norm = 4.181136e-08, Beta update rate = 2.134194e-09
Epoch 269800 (5.4%): Train pred MSE = 2.591785e-11, Test pred MSE = 1.779640e-06, Param MSE = 1.802570e-05, Grad norm = 4.166849e-08, Beta update rate = 2.126736e-09
Epoch 270000 (5.4%): Train pred MSE = 2.574482e-11, Test pred MSE = 1.779637e-06, Param MSE = 1.802567e-05, Grad norm = 4.152612e-08, Beta update rate = 2.119304e-09
Epoch 270200 (5.4%): Train pred MSE = 2.557297e-11, Test pred MSE = 1.779634e-06, Param MSE = 1.802564e-05, Grad norm = 4.138427e-08, Beta update rate = 2.111900e-09
Epoch 270400 (5.4%): Train pred MSE = 2.540230e-11, Test pred MSE = 1.779630e-06, Param MSE = 1.802560e-05, Grad norm = 4.124293e-08, Beta update rate = 2.104523e-09
Epoch 270600 (5.4%): Train pred MSE = 2.523278e-11, Test pred MSE = 1.779627e-06, Param MSE = 1.802557e-05, Grad norm = 4.110209e-08, Beta update rate = 2.097173e-09
Epoch 270800 (5.4%): Train pred MSE = 2.506443e-11, Test pred MSE = 1.779624e-06, Param MSE = 1.802554e-05, Grad norm = 4.096176e-08, Beta update rate = 2.089850e-09
Epoch 271000 (5.4%): Train pred MSE = 2.489722e-11, Test pred MSE = 1.779621e-06, Param MSE = 1.802550e-05, Grad norm = 4.082192e-08, Beta update rate = 2.082554e-09
Epoch 271200 (5.4%): Train pred MSE = 2.473115e-11, Test pred MSE = 1.779617e-06, Param MSE = 1.802547e-05, Grad norm = 4.068260e-08, Beta update rate = 2.075284e-09
Epoch 271400 (5.4%): Train pred MSE = 2.456621e-11, Test pred MSE = 1.779614e-06, Param MSE = 1.802544e-05, Grad norm = 4.054376e-08, Beta update rate = 2.068041e-09
Epoch 271600 (5.4%): Train pred MSE = 2.440239e-11, Test pred MSE = 1.779611e-06, Param MSE = 1.802540e-05, Grad norm = 4.040543e-08, Beta update rate = 2.060825e-09
Epoch 271800 (5.4%): Train pred MSE = 2.423969e-11, Test pred MSE = 1.779608e-06, Param MSE = 1.802537e-05, Grad norm = 4.026759e-08, Beta update rate = 2.053635e-09
Epoch 272000 (5.4%): Train pred MSE = 2.407810e-11, Test pred MSE = 1.779605e-06, Param MSE = 1.802534e-05, Grad norm = 4.013025e-08, Beta update rate = 2.046472e-09
Epoch 272200 (5.4%): Train pred MSE = 2.391761e-11, Test pred MSE = 1.779602e-06, Param MSE = 1.802530e-05, Grad norm = 3.999339e-08, Beta update rate = 2.039334e-09
Epoch 272400 (5.4%): Train pred MSE = 2.375822e-11, Test pred MSE = 1.779599e-06, Param MSE = 1.802527e-05, Grad norm = 3.985703e-08, Beta update rate = 2.032223e-09
Epoch 272600 (5.5%): Train pred MSE = 2.359990e-11, Test pred MSE = 1.779595e-06, Param MSE = 1.802524e-05, Grad norm = 3.972115e-08, Beta update rate = 2.025138e-09
Epoch 272800 (5.5%): Train pred MSE = 2.344267e-11, Test pred MSE = 1.779592e-06, Param MSE = 1.802521e-05, Grad norm = 3.958576e-08, Beta update rate = 2.018079e-09
Epoch 273000 (5.5%): Train pred MSE = 2.328650e-11, Test pred MSE = 1.779589e-06, Param MSE = 1.802517e-05, Grad norm = 3.945086e-08, Beta update rate = 2.011046e-09
Epoch 273200 (5.5%): Train pred MSE = 2.313140e-11, Test pred MSE = 1.779586e-06, Param MSE = 1.802514e-05, Grad norm = 3.931643e-08, Beta update rate = 2.004038e-09
Epoch 273400 (5.5%): Train pred MSE = 2.297735e-11, Test pred MSE = 1.779583e-06, Param MSE = 1.802511e-05, Grad norm = 3.918249e-08, Beta update rate = 1.997056e-09
Epoch 273600 (5.5%): Train pred MSE = 2.282435e-11, Test pred MSE = 1.779580e-06, Param MSE = 1.802508e-05, Grad norm = 3.904902e-08, Beta update rate = 1.990100e-09
Epoch 273800 (5.5%): Train pred MSE = 2.267239e-11, Test pred MSE = 1.779577e-06, Param MSE = 1.802505e-05, Grad norm = 3.891604e-08, Beta update rate = 1.983169e-09
Epoch 274000 (5.5%): Train pred MSE = 2.252146e-11, Test pred MSE = 1.779574e-06, Param MSE = 1.802502e-05, Grad norm = 3.878352e-08, Beta update rate = 1.976263e-09
Epoch 274200 (5.5%): Train pred MSE = 2.237156e-11, Test pred MSE = 1.779571e-06, Param MSE = 1.802498e-05, Grad norm = 3.865148e-08, Beta update rate = 1.969383e-09
Epoch 274400 (5.5%): Train pred MSE = 2.222268e-11, Test pred MSE = 1.779568e-06, Param MSE = 1.802495e-05, Grad norm = 3.851991e-08, Beta update rate = 1.962527e-09
Epoch 274600 (5.5%): Train pred MSE = 2.207481e-11, Test pred MSE = 1.779565e-06, Param MSE = 1.802492e-05, Grad norm = 3.838881e-08, Beta update rate = 1.955697e-09
Epoch 274800 (5.5%): Train pred MSE = 2.192795e-11, Test pred MSE = 1.779562e-06, Param MSE = 1.802489e-05, Grad norm = 3.825818e-08, Beta update rate = 1.948892e-09
Epoch 275000 (5.5%): Train pred MSE = 2.178208e-11, Test pred MSE = 1.779559e-06, Param MSE = 1.802486e-05, Grad norm = 3.812801e-08, Beta update rate = 1.942111e-09
Epoch 275200 (5.5%): Train pred MSE = 2.163720e-11, Test pred MSE = 1.779556e-06, Param MSE = 1.802483e-05, Grad norm = 3.799831e-08, Beta update rate = 1.935355e-09
Epoch 275400 (5.5%): Train pred MSE = 2.149331e-11, Test pred MSE = 1.779553e-06, Param MSE = 1.802480e-05, Grad norm = 3.786907e-08, Beta update rate = 1.928624e-09
Epoch 275600 (5.5%): Train pred MSE = 2.135039e-11, Test pred MSE = 1.779550e-06, Param MSE = 1.802477e-05, Grad norm = 3.774029e-08, Beta update rate = 1.921918e-09
Epoch 275800 (5.5%): Train pred MSE = 2.120845e-11, Test pred MSE = 1.779547e-06, Param MSE = 1.802474e-05, Grad norm = 3.761197e-08, Beta update rate = 1.915236e-09
Epoch 276000 (5.5%): Train pred MSE = 2.106747e-11, Test pred MSE = 1.779544e-06, Param MSE = 1.802471e-05, Grad norm = 3.748411e-08, Beta update rate = 1.908578e-09
Epoch 276200 (5.5%): Train pred MSE = 2.092744e-11, Test pred MSE = 1.779541e-06, Param MSE = 1.802468e-05, Grad norm = 3.735671e-08, Beta update rate = 1.901945e-09
Epoch 276400 (5.5%): Train pred MSE = 2.078837e-11, Test pred MSE = 1.779539e-06, Param MSE = 1.802465e-05, Grad norm = 3.722975e-08, Beta update rate = 1.895335e-09
Epoch 276600 (5.5%): Train pred MSE = 2.065024e-11, Test pred MSE = 1.779536e-06, Param MSE = 1.802462e-05, Grad norm = 3.710325e-08, Beta update rate = 1.888750e-09
Epoch 276800 (5.5%): Train pred MSE = 2.051304e-11, Test pred MSE = 1.779533e-06, Param MSE = 1.802459e-05, Grad norm = 3.697720e-08, Beta update rate = 1.882189e-09
Epoch 277000 (5.5%): Train pred MSE = 2.037678e-11, Test pred MSE = 1.779530e-06, Param MSE = 1.802456e-05, Grad norm = 3.685160e-08, Beta update rate = 1.875652e-09
Epoch 277200 (5.5%): Train pred MSE = 2.024144e-11, Test pred MSE = 1.779527e-06, Param MSE = 1.802453e-05, Grad norm = 3.672645e-08, Beta update rate = 1.869138e-09
Epoch 277400 (5.5%): Train pred MSE = 2.010702e-11, Test pred MSE = 1.779524e-06, Param MSE = 1.802450e-05, Grad norm = 3.660174e-08, Beta update rate = 1.862649e-09
Epoch 277600 (5.6%): Train pred MSE = 1.997351e-11, Test pred MSE = 1.779521e-06, Param MSE = 1.802447e-05, Grad norm = 3.647747e-08, Beta update rate = 1.856183e-09
Epoch 277800 (5.6%): Train pred MSE = 1.984090e-11, Test pred MSE = 1.779519e-06, Param MSE = 1.802444e-05, Grad norm = 3.635365e-08, Beta update rate = 1.849740e-09
Epoch 278000 (5.6%): Train pred MSE = 1.970919e-11, Test pred MSE = 1.779516e-06, Param MSE = 1.802441e-05, Grad norm = 3.623026e-08, Beta update rate = 1.843321e-09
Epoch 278200 (5.6%): Train pred MSE = 1.957838e-11, Test pred MSE = 1.779513e-06, Param MSE = 1.802438e-05, Grad norm = 3.610732e-08, Beta update rate = 1.836925e-09
Epoch 278400 (5.6%): Train pred MSE = 1.944845e-11, Test pred MSE = 1.779510e-06, Param MSE = 1.802435e-05, Grad norm = 3.598481e-08, Beta update rate = 1.830553e-09
Epoch 278600 (5.6%): Train pred MSE = 1.931940e-11, Test pred MSE = 1.779508e-06, Param MSE = 1.802432e-05, Grad norm = 3.586274e-08, Beta update rate = 1.824204e-09
Epoch 278800 (5.6%): Train pred MSE = 1.919123e-11, Test pred MSE = 1.779505e-06, Param MSE = 1.802429e-05, Grad norm = 3.574110e-08, Beta update rate = 1.817877e-09
Epoch 279000 (5.6%): Train pred MSE = 1.906392e-11, Test pred MSE = 1.779502e-06, Param MSE = 1.802427e-05, Grad norm = 3.561989e-08, Beta update rate = 1.811574e-09
Epoch 279200 (5.6%): Train pred MSE = 1.893748e-11, Test pred MSE = 1.779499e-06, Param MSE = 1.802424e-05, Grad norm = 3.549912e-08, Beta update rate = 1.805294e-09
Epoch 279400 (5.6%): Train pred MSE = 1.881189e-11, Test pred MSE = 1.779497e-06, Param MSE = 1.802421e-05, Grad norm = 3.537877e-08, Beta update rate = 1.799036e-09
Epoch 279600 (5.6%): Train pred MSE = 1.868715e-11, Test pred MSE = 1.779494e-06, Param MSE = 1.802418e-05, Grad norm = 3.525885e-08, Beta update rate = 1.792802e-09
Epoch 279800 (5.6%): Train pred MSE = 1.856326e-11, Test pred MSE = 1.779491e-06, Param MSE = 1.802415e-05, Grad norm = 3.513936e-08, Beta update rate = 1.786589e-09
Epoch 280000 (5.6%): Train pred MSE = 1.844020e-11, Test pred MSE = 1.779489e-06, Param MSE = 1.802412e-05, Grad norm = 3.502029e-08, Beta update rate = 1.780400e-09
Epoch 280200 (5.6%): Train pred MSE = 1.831798e-11, Test pred MSE = 1.779486e-06, Param MSE = 1.802410e-05, Grad norm = 3.490164e-08, Beta update rate = 1.774233e-09
Epoch 280400 (5.6%): Train pred MSE = 1.819658e-11, Test pred MSE = 1.779483e-06, Param MSE = 1.802407e-05, Grad norm = 3.478341e-08, Beta update rate = 1.768088e-09
Epoch 280600 (5.6%): Train pred MSE = 1.807600e-11, Test pred MSE = 1.779481e-06, Param MSE = 1.802404e-05, Grad norm = 3.466560e-08, Beta update rate = 1.761966e-09
Epoch 280800 (5.6%): Train pred MSE = 1.795624e-11, Test pred MSE = 1.779478e-06, Param MSE = 1.802401e-05, Grad norm = 3.454821e-08, Beta update rate = 1.755866e-09
Epoch 281000 (5.6%): Train pred MSE = 1.783729e-11, Test pred MSE = 1.779475e-06, Param MSE = 1.802399e-05, Grad norm = 3.443124e-08, Beta update rate = 1.749788e-09
Epoch 281200 (5.6%): Train pred MSE = 1.771914e-11, Test pred MSE = 1.779473e-06, Param MSE = 1.802396e-05, Grad norm = 3.431468e-08, Beta update rate = 1.743732e-09
Epoch 281400 (5.6%): Train pred MSE = 1.760180e-11, Test pred MSE = 1.779470e-06, Param MSE = 1.802393e-05, Grad norm = 3.419854e-08, Beta update rate = 1.737698e-09
Epoch 281600 (5.6%): Train pred MSE = 1.748524e-11, Test pred MSE = 1.779467e-06, Param MSE = 1.802390e-05, Grad norm = 3.408280e-08, Beta update rate = 1.731685e-09
Epoch 281800 (5.6%): Train pred MSE = 1.736947e-11, Test pred MSE = 1.779465e-06, Param MSE = 1.802388e-05, Grad norm = 3.396748e-08, Beta update rate = 1.725695e-09
Epoch 282000 (5.6%): Train pred MSE = 1.725449e-11, Test pred MSE = 1.779462e-06, Param MSE = 1.802385e-05, Grad norm = 3.385256e-08, Beta update rate = 1.719727e-09
Epoch 282200 (5.6%): Train pred MSE = 1.714028e-11, Test pred MSE = 1.779460e-06, Param MSE = 1.802382e-05, Grad norm = 3.373805e-08, Beta update rate = 1.713779e-09
Epoch 282400 (5.6%): Train pred MSE = 1.702684e-11, Test pred MSE = 1.779457e-06, Param MSE = 1.802380e-05, Grad norm = 3.362395e-08, Beta update rate = 1.707854e-09
Epoch 282600 (5.7%): Train pred MSE = 1.691417e-11, Test pred MSE = 1.779454e-06, Param MSE = 1.802377e-05, Grad norm = 3.351025e-08, Beta update rate = 1.701950e-09
Epoch 282800 (5.7%): Train pred MSE = 1.680226e-11, Test pred MSE = 1.779452e-06, Param MSE = 1.802374e-05, Grad norm = 3.339695e-08, Beta update rate = 1.696067e-09
Epoch 283000 (5.7%): Train pred MSE = 1.669110e-11, Test pred MSE = 1.779449e-06, Param MSE = 1.802372e-05, Grad norm = 3.328405e-08, Beta update rate = 1.690206e-09
Epoch 283200 (5.7%): Train pred MSE = 1.658069e-11, Test pred MSE = 1.779447e-06, Param MSE = 1.802369e-05, Grad norm = 3.317155e-08, Beta update rate = 1.684366e-09
Epoch 283400 (5.7%): Train pred MSE = 1.647103e-11, Test pred MSE = 1.779444e-06, Param MSE = 1.802366e-05, Grad norm = 3.305946e-08, Beta update rate = 1.678547e-09
Epoch 283600 (5.7%): Train pred MSE = 1.636211e-11, Test pred MSE = 1.779442e-06, Param MSE = 1.802364e-05, Grad norm = 3.294775e-08, Beta update rate = 1.672749e-09
Epoch 283800 (5.7%): Train pred MSE = 1.625393e-11, Test pred MSE = 1.779439e-06, Param MSE = 1.802361e-05, Grad norm = 3.283644e-08, Beta update rate = 1.666972e-09
Epoch 284000 (5.7%): Train pred MSE = 1.614647e-11, Test pred MSE = 1.779437e-06, Param MSE = 1.802359e-05, Grad norm = 3.272553e-08, Beta update rate = 1.661216e-09
Epoch 284200 (5.7%): Train pred MSE = 1.603974e-11, Test pred MSE = 1.779434e-06, Param MSE = 1.802356e-05, Grad norm = 3.261500e-08, Beta update rate = 1.655481e-09
Epoch 284400 (5.7%): Train pred MSE = 1.593373e-11, Test pred MSE = 1.779432e-06, Param MSE = 1.802354e-05, Grad norm = 3.250487e-08, Beta update rate = 1.649766e-09
Epoch 284600 (5.7%): Train pred MSE = 1.582843e-11, Test pred MSE = 1.779429e-06, Param MSE = 1.802351e-05, Grad norm = 3.239513e-08, Beta update rate = 1.644072e-09
Epoch 284800 (5.7%): Train pred MSE = 1.572384e-11, Test pred MSE = 1.779427e-06, Param MSE = 1.802348e-05, Grad norm = 3.228577e-08, Beta update rate = 1.638399e-09
Epoch 285000 (5.7%): Train pred MSE = 1.561996e-11, Test pred MSE = 1.779425e-06, Param MSE = 1.802346e-05, Grad norm = 3.217680e-08, Beta update rate = 1.632746e-09
Epoch 285200 (5.7%): Train pred MSE = 1.551677e-11, Test pred MSE = 1.779422e-06, Param MSE = 1.802343e-05, Grad norm = 3.206822e-08, Beta update rate = 1.627114e-09
Epoch 285400 (5.7%): Train pred MSE = 1.541429e-11, Test pred MSE = 1.779420e-06, Param MSE = 1.802341e-05, Grad norm = 3.196001e-08, Beta update rate = 1.621502e-09
Epoch 285600 (5.7%): Train pred MSE = 1.531249e-11, Test pred MSE = 1.779417e-06, Param MSE = 1.802338e-05, Grad norm = 3.185219e-08, Beta update rate = 1.615910e-09
Epoch 285800 (5.7%): Train pred MSE = 1.521138e-11, Test pred MSE = 1.779415e-06, Param MSE = 1.802336e-05, Grad norm = 3.174475e-08, Beta update rate = 1.610339e-09
Epoch 286000 (5.7%): Train pred MSE = 1.511095e-11, Test pred MSE = 1.779413e-06, Param MSE = 1.802333e-05, Grad norm = 3.163769e-08, Beta update rate = 1.604787e-09
Epoch 286200 (5.7%): Train pred MSE = 1.501119e-11, Test pred MSE = 1.779410e-06, Param MSE = 1.802331e-05, Grad norm = 3.153101e-08, Beta update rate = 1.599256e-09
Epoch 286400 (5.7%): Train pred MSE = 1.491211e-11, Test pred MSE = 1.779408e-06, Param MSE = 1.802328e-05, Grad norm = 3.142470e-08, Beta update rate = 1.593744e-09
Epoch 286600 (5.7%): Train pred MSE = 1.481369e-11, Test pred MSE = 1.779405e-06, Param MSE = 1.802326e-05, Grad norm = 3.131877e-08, Beta update rate = 1.588253e-09
Epoch 286800 (5.7%): Train pred MSE = 1.471594e-11, Test pred MSE = 1.779403e-06, Param MSE = 1.802323e-05, Grad norm = 3.121321e-08, Beta update rate = 1.582781e-09
Epoch 287000 (5.7%): Train pred MSE = 1.461884e-11, Test pred MSE = 1.779401e-06, Param MSE = 1.802321e-05, Grad norm = 3.110802e-08, Beta update rate = 1.577329e-09
Epoch 287200 (5.7%): Train pred MSE = 1.452240e-11, Test pred MSE = 1.779398e-06, Param MSE = 1.802319e-05, Grad norm = 3.100321e-08, Beta update rate = 1.571896e-09
Epoch 287400 (5.7%): Train pred MSE = 1.442661e-11, Test pred MSE = 1.779396e-06, Param MSE = 1.802316e-05, Grad norm = 3.089876e-08, Beta update rate = 1.566483e-09
Epoch 287600 (5.8%): Train pred MSE = 1.433146e-11, Test pred MSE = 1.779394e-06, Param MSE = 1.802314e-05, Grad norm = 3.079468e-08, Beta update rate = 1.561090e-09
Epoch 287800 (5.8%): Train pred MSE = 1.423695e-11, Test pred MSE = 1.779391e-06, Param MSE = 1.802311e-05, Grad norm = 3.069096e-08, Beta update rate = 1.555716e-09
Epoch 288000 (5.8%): Train pred MSE = 1.414307e-11, Test pred MSE = 1.779389e-06, Param MSE = 1.802309e-05, Grad norm = 3.058762e-08, Beta update rate = 1.550362e-09
Epoch 288200 (5.8%): Train pred MSE = 1.404983e-11, Test pred MSE = 1.779387e-06, Param MSE = 1.802307e-05, Grad norm = 3.048463e-08, Beta update rate = 1.545026e-09
Epoch 288400 (5.8%): Train pred MSE = 1.395722e-11, Test pred MSE = 1.779385e-06, Param MSE = 1.802304e-05, Grad norm = 3.038201e-08, Beta update rate = 1.539710e-09
Epoch 288600 (5.8%): Train pred MSE = 1.386522e-11, Test pred MSE = 1.779382e-06, Param MSE = 1.802302e-05, Grad norm = 3.027975e-08, Beta update rate = 1.534413e-09
Epoch 288800 (5.8%): Train pred MSE = 1.377385e-11, Test pred MSE = 1.779380e-06, Param MSE = 1.802299e-05, Grad norm = 3.017785e-08, Beta update rate = 1.529136e-09
Epoch 289000 (5.8%): Train pred MSE = 1.368308e-11, Test pred MSE = 1.779378e-06, Param MSE = 1.802297e-05, Grad norm = 3.007630e-08, Beta update rate = 1.523877e-09
Epoch 289200 (5.8%): Train pred MSE = 1.359293e-11, Test pred MSE = 1.779376e-06, Param MSE = 1.802295e-05, Grad norm = 2.997512e-08, Beta update rate = 1.518637e-09
Epoch 289400 (5.8%): Train pred MSE = 1.350339e-11, Test pred MSE = 1.779373e-06, Param MSE = 1.802292e-05, Grad norm = 2.987429e-08, Beta update rate = 1.513416e-09
Epoch 289600 (5.8%): Train pred MSE = 1.341444e-11, Test pred MSE = 1.779371e-06, Param MSE = 1.802290e-05, Grad norm = 2.977381e-08, Beta update rate = 1.508213e-09
Epoch 289800 (5.8%): Train pred MSE = 1.332609e-11, Test pred MSE = 1.779369e-06, Param MSE = 1.802288e-05, Grad norm = 2.967369e-08, Beta update rate = 1.503030e-09
Epoch 290000 (5.8%): Train pred MSE = 1.323834e-11, Test pred MSE = 1.779367e-06, Param MSE = 1.802285e-05, Grad norm = 2.957392e-08, Beta update rate = 1.497865e-09
Epoch 290200 (5.8%): Train pred MSE = 1.315117e-11, Test pred MSE = 1.779364e-06, Param MSE = 1.802283e-05, Grad norm = 2.947450e-08, Beta update rate = 1.492718e-09
Epoch 290400 (5.8%): Train pred MSE = 1.306459e-11, Test pred MSE = 1.779362e-06, Param MSE = 1.802281e-05, Grad norm = 2.937542e-08, Beta update rate = 1.487590e-09
Epoch 290600 (5.8%): Train pred MSE = 1.297859e-11, Test pred MSE = 1.779360e-06, Param MSE = 1.802279e-05, Grad norm = 2.927670e-08, Beta update rate = 1.482481e-09
Epoch 290800 (5.8%): Train pred MSE = 1.289317e-11, Test pred MSE = 1.779358e-06, Param MSE = 1.802276e-05, Grad norm = 2.917832e-08, Beta update rate = 1.477390e-09
Epoch 291000 (5.8%): Train pred MSE = 1.280832e-11, Test pred MSE = 1.779356e-06, Param MSE = 1.802274e-05, Grad norm = 2.908029e-08, Beta update rate = 1.472317e-09
Epoch 291200 (5.8%): Train pred MSE = 1.272404e-11, Test pred MSE = 1.779354e-06, Param MSE = 1.802272e-05, Grad norm = 2.898260e-08, Beta update rate = 1.467262e-09
Epoch 291400 (5.8%): Train pred MSE = 1.264033e-11, Test pred MSE = 1.779351e-06, Param MSE = 1.802270e-05, Grad norm = 2.888526e-08, Beta update rate = 1.462226e-09
Epoch 291600 (5.8%): Train pred MSE = 1.255717e-11, Test pred MSE = 1.779349e-06, Param MSE = 1.802267e-05, Grad norm = 2.878825e-08, Beta update rate = 1.457207e-09
Epoch 291800 (5.8%): Train pred MSE = 1.247458e-11, Test pred MSE = 1.779347e-06, Param MSE = 1.802265e-05, Grad norm = 2.869159e-08, Beta update rate = 1.452207e-09
Epoch 292000 (5.8%): Train pred MSE = 1.239253e-11, Test pred MSE = 1.779345e-06, Param MSE = 1.802263e-05, Grad norm = 2.859527e-08, Beta update rate = 1.447224e-09
Epoch 292200 (5.8%): Train pred MSE = 1.231104e-11, Test pred MSE = 1.779343e-06, Param MSE = 1.802261e-05, Grad norm = 2.849928e-08, Beta update rate = 1.442260e-09
Epoch 292400 (5.8%): Train pred MSE = 1.223009e-11, Test pred MSE = 1.779341e-06, Param MSE = 1.802258e-05, Grad norm = 2.840363e-08, Beta update rate = 1.437313e-09
Epoch 292600 (5.9%): Train pred MSE = 1.214969e-11, Test pred MSE = 1.779339e-06, Param MSE = 1.802256e-05, Grad norm = 2.830831e-08, Beta update rate = 1.432384e-09
Epoch 292800 (5.9%): Train pred MSE = 1.206983e-11, Test pred MSE = 1.779337e-06, Param MSE = 1.802254e-05, Grad norm = 2.821333e-08, Beta update rate = 1.427473e-09
Epoch 293000 (5.9%): Train pred MSE = 1.199049e-11, Test pred MSE = 1.779334e-06, Param MSE = 1.802252e-05, Grad norm = 2.811868e-08, Beta update rate = 1.422579e-09
Epoch 293200 (5.9%): Train pred MSE = 1.191170e-11, Test pred MSE = 1.779332e-06, Param MSE = 1.802250e-05, Grad norm = 2.802437e-08, Beta update rate = 1.417702e-09
Epoch 293400 (5.9%): Train pred MSE = 1.183342e-11, Test pred MSE = 1.779330e-06, Param MSE = 1.802248e-05, Grad norm = 2.793038e-08, Beta update rate = 1.412844e-09
Epoch 293600 (5.9%): Train pred MSE = 1.175568e-11, Test pred MSE = 1.779328e-06, Param MSE = 1.802245e-05, Grad norm = 2.783672e-08, Beta update rate = 1.408002e-09
Epoch 293800 (5.9%): Train pred MSE = 1.167845e-11, Test pred MSE = 1.779326e-06, Param MSE = 1.802243e-05, Grad norm = 2.774339e-08, Beta update rate = 1.403178e-09
Epoch 294000 (5.9%): Train pred MSE = 1.160174e-11, Test pred MSE = 1.779324e-06, Param MSE = 1.802241e-05, Grad norm = 2.765039e-08, Beta update rate = 1.398371e-09
Epoch 294200 (5.9%): Train pred MSE = 1.152554e-11, Test pred MSE = 1.779322e-06, Param MSE = 1.802239e-05, Grad norm = 2.755771e-08, Beta update rate = 1.393582e-09
Epoch 294400 (5.9%): Train pred MSE = 1.144986e-11, Test pred MSE = 1.779320e-06, Param MSE = 1.802237e-05, Grad norm = 2.746536e-08, Beta update rate = 1.388809e-09
Epoch 294600 (5.9%): Train pred MSE = 1.137468e-11, Test pred MSE = 1.779318e-06, Param MSE = 1.802235e-05, Grad norm = 2.737333e-08, Beta update rate = 1.384054e-09
Epoch 294800 (5.9%): Train pred MSE = 1.130000e-11, Test pred MSE = 1.779316e-06, Param MSE = 1.802233e-05, Grad norm = 2.728162e-08, Beta update rate = 1.379316e-09
Epoch 295000 (5.9%): Train pred MSE = 1.122582e-11, Test pred MSE = 1.779314e-06, Param MSE = 1.802231e-05, Grad norm = 2.719023e-08, Beta update rate = 1.374594e-09
Epoch 295200 (5.9%): Train pred MSE = 1.115214e-11, Test pred MSE = 1.779312e-06, Param MSE = 1.802229e-05, Grad norm = 2.709916e-08, Beta update rate = 1.369890e-09
Epoch 295400 (5.9%): Train pred MSE = 1.107895e-11, Test pred MSE = 1.779310e-06, Param MSE = 1.802226e-05, Grad norm = 2.700841e-08, Beta update rate = 1.365202e-09
Epoch 295600 (5.9%): Train pred MSE = 1.100625e-11, Test pred MSE = 1.779308e-06, Param MSE = 1.802224e-05, Grad norm = 2.691798e-08, Beta update rate = 1.360531e-09
Epoch 295800 (5.9%): Train pred MSE = 1.093404e-11, Test pred MSE = 1.779306e-06, Param MSE = 1.802222e-05, Grad norm = 2.682786e-08, Beta update rate = 1.355877e-09
Epoch 296000 (5.9%): Train pred MSE = 1.086231e-11, Test pred MSE = 1.779304e-06, Param MSE = 1.802220e-05, Grad norm = 2.673806e-08, Beta update rate = 1.351239e-09
Epoch 296200 (5.9%): Train pred MSE = 1.079106e-11, Test pred MSE = 1.779302e-06, Param MSE = 1.802218e-05, Grad norm = 2.664857e-08, Beta update rate = 1.346618e-09
Epoch 296400 (5.9%): Train pred MSE = 1.072028e-11, Test pred MSE = 1.779300e-06, Param MSE = 1.802216e-05, Grad norm = 2.655939e-08, Beta update rate = 1.342014e-09
Epoch 296600 (5.9%): Train pred MSE = 1.064998e-11, Test pred MSE = 1.779298e-06, Param MSE = 1.802214e-05, Grad norm = 2.647052e-08, Beta update rate = 1.337426e-09
Epoch 296800 (5.9%): Train pred MSE = 1.058015e-11, Test pred MSE = 1.779296e-06, Param MSE = 1.802212e-05, Grad norm = 2.638197e-08, Beta update rate = 1.332854e-09
Epoch 297000 (5.9%): Train pred MSE = 1.051078e-11, Test pred MSE = 1.779294e-06, Param MSE = 1.802210e-05, Grad norm = 2.629372e-08, Beta update rate = 1.328299e-09
Epoch 297200 (5.9%): Train pred MSE = 1.044188e-11, Test pred MSE = 1.779292e-06, Param MSE = 1.802208e-05, Grad norm = 2.620578e-08, Beta update rate = 1.323760e-09
Epoch 297400 (5.9%): Train pred MSE = 1.037343e-11, Test pred MSE = 1.779290e-06, Param MSE = 1.802206e-05, Grad norm = 2.611815e-08, Beta update rate = 1.319237e-09
Epoch 297600 (6.0%): Train pred MSE = 1.030545e-11, Test pred MSE = 1.779289e-06, Param MSE = 1.802204e-05, Grad norm = 2.603083e-08, Beta update rate = 1.314730e-09
Epoch 297800 (6.0%): Train pred MSE = 1.023792e-11, Test pred MSE = 1.779287e-06, Param MSE = 1.802202e-05, Grad norm = 2.594381e-08, Beta update rate = 1.310239e-09
Epoch 298000 (6.0%): Train pred MSE = 1.017083e-11, Test pred MSE = 1.779285e-06, Param MSE = 1.802200e-05, Grad norm = 2.585709e-08, Beta update rate = 1.305765e-09
Epoch 298200 (6.0%): Train pred MSE = 1.010420e-11, Test pred MSE = 1.779283e-06, Param MSE = 1.802198e-05, Grad norm = 2.577067e-08, Beta update rate = 1.301306e-09
Epoch 298400 (6.0%): Train pred MSE = 1.003801e-11, Test pred MSE = 1.779281e-06, Param MSE = 1.802196e-05, Grad norm = 2.568456e-08, Beta update rate = 1.296863e-09
Epoch 298600 (6.0%): Train pred MSE = 9.972264e-12, Test pred MSE = 1.779279e-06, Param MSE = 1.802194e-05, Grad norm = 2.559874e-08, Beta update rate = 1.292436e-09
Epoch 298800 (6.0%): Train pred MSE = 9.906955e-12, Test pred MSE = 1.779277e-06, Param MSE = 1.802192e-05, Grad norm = 2.551323e-08, Beta update rate = 1.288025e-09
Epoch 299000 (6.0%): Train pred MSE = 9.842081e-12, Test pred MSE = 1.779275e-06, Param MSE = 1.802190e-05, Grad norm = 2.542801e-08, Beta update rate = 1.283629e-09
Epoch 299200 (6.0%): Train pred MSE = 9.777640e-12, Test pred MSE = 1.779274e-06, Param MSE = 1.802188e-05, Grad norm = 2.534309e-08, Beta update rate = 1.279250e-09
Epoch 299400 (6.0%): Train pred MSE = 9.713629e-12, Test pred MSE = 1.779272e-06, Param MSE = 1.802187e-05, Grad norm = 2.525846e-08, Beta update rate = 1.274885e-09
Epoch 299600 (6.0%): Train pred MSE = 9.650044e-12, Test pred MSE = 1.779270e-06, Param MSE = 1.802185e-05, Grad norm = 2.517413e-08, Beta update rate = 1.270537e-09
Epoch 299800 (6.0%): Train pred MSE = 9.586884e-12, Test pred MSE = 1.779268e-06, Param MSE = 1.802183e-05, Grad norm = 2.509010e-08, Beta update rate = 1.266204e-09
Epoch 300000 (6.0%): Train pred MSE = 9.524144e-12, Test pred MSE = 1.779266e-06, Param MSE = 1.802181e-05, Grad norm = 2.500635e-08, Beta update rate = 1.261886e-09
Epoch 300200 (6.0%): Train pred MSE = 9.461822e-12, Test pred MSE = 1.779264e-06, Param MSE = 1.802179e-05, Grad norm = 2.492290e-08, Beta update rate = 1.257583e-09
Epoch 300400 (6.0%): Train pred MSE = 9.399916e-12, Test pred MSE = 1.779263e-06, Param MSE = 1.802177e-05, Grad norm = 2.483973e-08, Beta update rate = 1.253296e-09
Epoch 300600 (6.0%): Train pred MSE = 9.338422e-12, Test pred MSE = 1.779261e-06, Param MSE = 1.802175e-05, Grad norm = 2.475686e-08, Beta update rate = 1.249024e-09
Epoch 300800 (6.0%): Train pred MSE = 9.277338e-12, Test pred MSE = 1.779259e-06, Param MSE = 1.802173e-05, Grad norm = 2.467427e-08, Beta update rate = 1.244768e-09
Epoch 301000 (6.0%): Train pred MSE = 9.216660e-12, Test pred MSE = 1.779257e-06, Param MSE = 1.802171e-05, Grad norm = 2.459198e-08, Beta update rate = 1.240526e-09
Epoch 301200 (6.0%): Train pred MSE = 9.156387e-12, Test pred MSE = 1.779255e-06, Param MSE = 1.802170e-05, Grad norm = 2.450996e-08, Beta update rate = 1.236300e-09
Epoch 301400 (6.0%): Train pred MSE = 9.096515e-12, Test pred MSE = 1.779254e-06, Param MSE = 1.802168e-05, Grad norm = 2.442824e-08, Beta update rate = 1.232088e-09
Epoch 301600 (6.0%): Train pred MSE = 9.037041e-12, Test pred MSE = 1.779252e-06, Param MSE = 1.802166e-05, Grad norm = 2.434679e-08, Beta update rate = 1.227892e-09
Epoch 301800 (6.0%): Train pred MSE = 8.977963e-12, Test pred MSE = 1.779250e-06, Param MSE = 1.802164e-05, Grad norm = 2.426563e-08, Beta update rate = 1.223710e-09
Epoch 302000 (6.0%): Train pred MSE = 8.919279e-12, Test pred MSE = 1.779248e-06, Param MSE = 1.802162e-05, Grad norm = 2.418475e-08, Beta update rate = 1.219544e-09
Epoch 302200 (6.0%): Train pred MSE = 8.860985e-12, Test pred MSE = 1.779247e-06, Param MSE = 1.802160e-05, Grad norm = 2.410416e-08, Beta update rate = 1.215392e-09
Epoch 302400 (6.0%): Train pred MSE = 8.803079e-12, Test pred MSE = 1.779245e-06, Param MSE = 1.802159e-05, Grad norm = 2.402384e-08, Beta update rate = 1.211255e-09
Epoch 302600 (6.1%): Train pred MSE = 8.745558e-12, Test pred MSE = 1.779243e-06, Param MSE = 1.802157e-05, Grad norm = 2.394380e-08, Beta update rate = 1.207132e-09
Epoch 302800 (6.1%): Train pred MSE = 8.688420e-12, Test pred MSE = 1.779241e-06, Param MSE = 1.802155e-05, Grad norm = 2.386404e-08, Beta update rate = 1.203025e-09
Epoch 303000 (6.1%): Train pred MSE = 8.631662e-12, Test pred MSE = 1.779240e-06, Param MSE = 1.802153e-05, Grad norm = 2.378455e-08, Beta update rate = 1.198931e-09
Epoch 303200 (6.1%): Train pred MSE = 8.575281e-12, Test pred MSE = 1.779238e-06, Param MSE = 1.802151e-05, Grad norm = 2.370534e-08, Beta update rate = 1.194853e-09
Epoch 303400 (6.1%): Train pred MSE = 8.519275e-12, Test pred MSE = 1.779236e-06, Param MSE = 1.802150e-05, Grad norm = 2.362641e-08, Beta update rate = 1.190789e-09
Epoch 303600 (6.1%): Train pred MSE = 8.463641e-12, Test pred MSE = 1.779235e-06, Param MSE = 1.802148e-05, Grad norm = 2.354775e-08, Beta update rate = 1.186739e-09
Epoch 303800 (6.1%): Train pred MSE = 8.408378e-12, Test pred MSE = 1.779233e-06, Param MSE = 1.802146e-05, Grad norm = 2.346936e-08, Beta update rate = 1.182703e-09
Epoch 304000 (6.1%): Train pred MSE = 8.353481e-12, Test pred MSE = 1.779231e-06, Param MSE = 1.802144e-05, Grad norm = 2.339125e-08, Beta update rate = 1.178682e-09
Epoch 304200 (6.1%): Train pred MSE = 8.298949e-12, Test pred MSE = 1.779229e-06, Param MSE = 1.802143e-05, Grad norm = 2.331340e-08, Beta update rate = 1.174675e-09
Epoch 304400 (6.1%): Train pred MSE = 8.244780e-12, Test pred MSE = 1.779228e-06, Param MSE = 1.802141e-05, Grad norm = 2.323583e-08, Beta update rate = 1.170683e-09
Epoch 304600 (6.1%): Train pred MSE = 8.190971e-12, Test pred MSE = 1.779226e-06, Param MSE = 1.802139e-05, Grad norm = 2.315852e-08, Beta update rate = 1.166704e-09
Epoch 304800 (6.1%): Train pred MSE = 8.137518e-12, Test pred MSE = 1.779224e-06, Param MSE = 1.802137e-05, Grad norm = 2.308148e-08, Beta update rate = 1.162740e-09
Epoch 305000 (6.1%): Train pred MSE = 8.084421e-12, Test pred MSE = 1.779223e-06, Param MSE = 1.802136e-05, Grad norm = 2.300471e-08, Beta update rate = 1.158790e-09
Epoch 305200 (6.1%): Train pred MSE = 8.031677e-12, Test pred MSE = 1.779221e-06, Param MSE = 1.802134e-05, Grad norm = 2.292820e-08, Beta update rate = 1.154853e-09
Epoch 305400 (6.1%): Train pred MSE = 7.979283e-12, Test pred MSE = 1.779220e-06, Param MSE = 1.802132e-05, Grad norm = 2.285196e-08, Beta update rate = 1.150931e-09
Epoch 305600 (6.1%): Train pred MSE = 7.927236e-12, Test pred MSE = 1.779218e-06, Param MSE = 1.802130e-05, Grad norm = 2.277599e-08, Beta update rate = 1.147022e-09
Epoch 305800 (6.1%): Train pred MSE = 7.875535e-12, Test pred MSE = 1.779216e-06, Param MSE = 1.802129e-05, Grad norm = 2.270027e-08, Beta update rate = 1.143128e-09
Epoch 306000 (6.1%): Train pred MSE = 7.824178e-12, Test pred MSE = 1.779215e-06, Param MSE = 1.802127e-05, Grad norm = 2.262482e-08, Beta update rate = 1.139247e-09
Epoch 306200 (6.1%): Train pred MSE = 7.773161e-12, Test pred MSE = 1.779213e-06, Param MSE = 1.802125e-05, Grad norm = 2.254963e-08, Beta update rate = 1.135380e-09
Epoch 306400 (6.1%): Train pred MSE = 7.722482e-12, Test pred MSE = 1.779211e-06, Param MSE = 1.802124e-05, Grad norm = 2.247470e-08, Beta update rate = 1.131526e-09
Epoch 306600 (6.1%): Train pred MSE = 7.672140e-12, Test pred MSE = 1.779210e-06, Param MSE = 1.802122e-05, Grad norm = 2.240003e-08, Beta update rate = 1.127686e-09
Epoch 306800 (6.1%): Train pred MSE = 7.622132e-12, Test pred MSE = 1.779208e-06, Param MSE = 1.802120e-05, Grad norm = 2.232561e-08, Beta update rate = 1.123860e-09
Epoch 307000 (6.1%): Train pred MSE = 7.572455e-12, Test pred MSE = 1.779207e-06, Param MSE = 1.802119e-05, Grad norm = 2.225146e-08, Beta update rate = 1.120047e-09
Epoch 307200 (6.1%): Train pred MSE = 7.523108e-12, Test pred MSE = 1.779205e-06, Param MSE = 1.802117e-05, Grad norm = 2.217756e-08, Beta update rate = 1.116248e-09
Epoch 307400 (6.1%): Train pred MSE = 7.474088e-12, Test pred MSE = 1.779203e-06, Param MSE = 1.802115e-05, Grad norm = 2.210391e-08, Beta update rate = 1.112462e-09
Epoch 307600 (6.2%): Train pred MSE = 7.425393e-12, Test pred MSE = 1.779202e-06, Param MSE = 1.802114e-05, Grad norm = 2.203052e-08, Beta update rate = 1.108690e-09
Epoch 307800 (6.2%): Train pred MSE = 7.377021e-12, Test pred MSE = 1.779200e-06, Param MSE = 1.802112e-05, Grad norm = 2.195739e-08, Beta update rate = 1.104931e-09
Epoch 308000 (6.2%): Train pred MSE = 7.328969e-12, Test pred MSE = 1.779199e-06, Param MSE = 1.802110e-05, Grad norm = 2.188450e-08, Beta update rate = 1.101185e-09
Epoch 308200 (6.2%): Train pred MSE = 7.281236e-12, Test pred MSE = 1.779197e-06, Param MSE = 1.802109e-05, Grad norm = 2.181187e-08, Beta update rate = 1.097453e-09
Epoch 308400 (6.2%): Train pred MSE = 7.233820e-12, Test pred MSE = 1.779196e-06, Param MSE = 1.802107e-05, Grad norm = 2.173949e-08, Beta update rate = 1.093733e-09
Epoch 308600 (6.2%): Train pred MSE = 7.186717e-12, Test pred MSE = 1.779194e-06, Param MSE = 1.802106e-05, Grad norm = 2.166736e-08, Beta update rate = 1.090027e-09
Epoch 308800 (6.2%): Train pred MSE = 7.139926e-12, Test pred MSE = 1.779193e-06, Param MSE = 1.802104e-05, Grad norm = 2.159548e-08, Beta update rate = 1.086334e-09
Epoch 309000 (6.2%): Train pred MSE = 7.093446e-12, Test pred MSE = 1.779191e-06, Param MSE = 1.802102e-05, Grad norm = 2.152384e-08, Beta update rate = 1.082654e-09
Epoch 309200 (6.2%): Train pred MSE = 7.047273e-12, Test pred MSE = 1.779189e-06, Param MSE = 1.802101e-05, Grad norm = 2.145246e-08, Beta update rate = 1.078987e-09
Epoch 309400 (6.2%): Train pred MSE = 7.001406e-12, Test pred MSE = 1.779188e-06, Param MSE = 1.802099e-05, Grad norm = 2.138132e-08, Beta update rate = 1.075332e-09
Epoch 309600 (6.2%): Train pred MSE = 6.955842e-12, Test pred MSE = 1.779186e-06, Param MSE = 1.802098e-05, Grad norm = 2.131042e-08, Beta update rate = 1.071691e-09
Epoch 309800 (6.2%): Train pred MSE = 6.910580e-12, Test pred MSE = 1.779185e-06, Param MSE = 1.802096e-05, Grad norm = 2.123977e-08, Beta update rate = 1.068063e-09
Epoch 310000 (6.2%): Train pred MSE = 6.865618e-12, Test pred MSE = 1.779183e-06, Param MSE = 1.802095e-05, Grad norm = 2.116936e-08, Beta update rate = 1.064447e-09
Epoch 310200 (6.2%): Train pred MSE = 6.820954e-12, Test pred MSE = 1.779182e-06, Param MSE = 1.802093e-05, Grad norm = 2.109920e-08, Beta update rate = 1.060844e-09
Epoch 310400 (6.2%): Train pred MSE = 6.776585e-12, Test pred MSE = 1.779180e-06, Param MSE = 1.802091e-05, Grad norm = 2.102928e-08, Beta update rate = 1.057254e-09
Epoch 310600 (6.2%): Train pred MSE = 6.732509e-12, Test pred MSE = 1.779179e-06, Param MSE = 1.802090e-05, Grad norm = 2.095960e-08, Beta update rate = 1.053676e-09
Epoch 310800 (6.2%): Train pred MSE = 6.688725e-12, Test pred MSE = 1.779177e-06, Param MSE = 1.802088e-05, Grad norm = 2.089016e-08, Beta update rate = 1.050111e-09
Epoch 311000 (6.2%): Train pred MSE = 6.645231e-12, Test pred MSE = 1.779176e-06, Param MSE = 1.802087e-05, Grad norm = 2.082095e-08, Beta update rate = 1.046559e-09
Epoch 311200 (6.2%): Train pred MSE = 6.602024e-12, Test pred MSE = 1.779174e-06, Param MSE = 1.802085e-05, Grad norm = 2.075199e-08, Beta update rate = 1.043019e-09
Epoch 311400 (6.2%): Train pred MSE = 6.559103e-12, Test pred MSE = 1.779173e-06, Param MSE = 1.802084e-05, Grad norm = 2.068326e-08, Beta update rate = 1.039492e-09
Epoch 311600 (6.2%): Train pred MSE = 6.516466e-12, Test pred MSE = 1.779172e-06, Param MSE = 1.802082e-05, Grad norm = 2.061477e-08, Beta update rate = 1.035977e-09
Epoch 311800 (6.2%): Train pred MSE = 6.474111e-12, Test pred MSE = 1.779170e-06, Param MSE = 1.802081e-05, Grad norm = 2.054652e-08, Beta update rate = 1.032474e-09
Epoch 312000 (6.2%): Train pred MSE = 6.432036e-12, Test pred MSE = 1.779169e-06, Param MSE = 1.802079e-05, Grad norm = 2.047850e-08, Beta update rate = 1.028984e-09
Epoch 312200 (6.2%): Train pred MSE = 6.390239e-12, Test pred MSE = 1.779167e-06, Param MSE = 1.802078e-05, Grad norm = 2.041072e-08, Beta update rate = 1.025506e-09
Epoch 312400 (6.2%): Train pred MSE = 6.348718e-12, Test pred MSE = 1.779166e-06, Param MSE = 1.802076e-05, Grad norm = 2.034317e-08, Beta update rate = 1.022040e-09
Epoch 312600 (6.3%): Train pred MSE = 6.307471e-12, Test pred MSE = 1.779164e-06, Param MSE = 1.802075e-05, Grad norm = 2.027585e-08, Beta update rate = 1.018587e-09
Epoch 312800 (6.3%): Train pred MSE = 6.266497e-12, Test pred MSE = 1.779163e-06, Param MSE = 1.802073e-05, Grad norm = 2.020876e-08, Beta update rate = 1.015145e-09
Epoch 313000 (6.3%): Train pred MSE = 6.225794e-12, Test pred MSE = 1.779161e-06, Param MSE = 1.802072e-05, Grad norm = 2.014190e-08, Beta update rate = 1.011716e-09
Epoch 313200 (6.3%): Train pred MSE = 6.185359e-12, Test pred MSE = 1.779160e-06, Param MSE = 1.802070e-05, Grad norm = 2.007528e-08, Beta update rate = 1.008299e-09
Epoch 313400 (6.3%): Train pred MSE = 6.145192e-12, Test pred MSE = 1.779159e-06, Param MSE = 1.802069e-05, Grad norm = 2.000888e-08, Beta update rate = 1.004894e-09
Epoch 313600 (6.3%): Train pred MSE = 6.105290e-12, Test pred MSE = 1.779157e-06, Param MSE = 1.802067e-05, Grad norm = 1.994271e-08, Beta update rate = 1.001500e-09
Epoch 313800 (6.3%): Train pred MSE = 6.065651e-12, Test pred MSE = 1.779156e-06, Param MSE = 1.802066e-05, Grad norm = 1.987677e-08, Beta update rate = 9.981192e-10
Epoch 314000 (6.3%): Train pred MSE = 6.026274e-12, Test pred MSE = 1.779154e-06, Param MSE = 1.802064e-05, Grad norm = 1.981105e-08, Beta update rate = 9.947497e-10
Epoch 314200 (6.3%): Train pred MSE = 5.987157e-12, Test pred MSE = 1.779153e-06, Param MSE = 1.802063e-05, Grad norm = 1.974556e-08, Beta update rate = 9.913922e-10
Epoch 314400 (6.3%): Train pred MSE = 5.948298e-12, Test pred MSE = 1.779152e-06, Param MSE = 1.802061e-05, Grad norm = 1.968030e-08, Beta update rate = 9.880464e-10
Epoch 314600 (6.3%): Train pred MSE = 5.909695e-12, Test pred MSE = 1.779150e-06, Param MSE = 1.802060e-05, Grad norm = 1.961526e-08, Beta update rate = 9.847124e-10
Epoch 314800 (6.3%): Train pred MSE = 5.871347e-12, Test pred MSE = 1.779149e-06, Param MSE = 1.802059e-05, Grad norm = 1.955044e-08, Beta update rate = 9.813901e-10
Epoch 315000 (6.3%): Train pred MSE = 5.833253e-12, Test pred MSE = 1.779148e-06, Param MSE = 1.802057e-05, Grad norm = 1.948585e-08, Beta update rate = 9.780794e-10
Epoch 315200 (6.3%): Train pred MSE = 5.795409e-12, Test pred MSE = 1.779146e-06, Param MSE = 1.802056e-05, Grad norm = 1.942148e-08, Beta update rate = 9.747804e-10
Epoch 315400 (6.3%): Train pred MSE = 5.757815e-12, Test pred MSE = 1.779145e-06, Param MSE = 1.802054e-05, Grad norm = 1.935732e-08, Beta update rate = 9.714930e-10
Epoch 315600 (6.3%): Train pred MSE = 5.720469e-12, Test pred MSE = 1.779143e-06, Param MSE = 1.802053e-05, Grad norm = 1.929339e-08, Beta update rate = 9.682171e-10
Epoch 315800 (6.3%): Train pred MSE = 5.683369e-12, Test pred MSE = 1.779142e-06, Param MSE = 1.802052e-05, Grad norm = 1.922968e-08, Beta update rate = 9.649526e-10
Epoch 316000 (6.3%): Train pred MSE = 5.646514e-12, Test pred MSE = 1.779141e-06, Param MSE = 1.802050e-05, Grad norm = 1.916619e-08, Beta update rate = 9.616997e-10
Epoch 316200 (6.3%): Train pred MSE = 5.609902e-12, Test pred MSE = 1.779139e-06, Param MSE = 1.802049e-05, Grad norm = 1.910291e-08, Beta update rate = 9.584581e-10
Epoch 316400 (6.3%): Train pred MSE = 5.573531e-12, Test pred MSE = 1.779138e-06, Param MSE = 1.802047e-05, Grad norm = 1.903985e-08, Beta update rate = 9.552280e-10
Epoch 316600 (6.3%): Train pred MSE = 5.537400e-12, Test pred MSE = 1.779137e-06, Param MSE = 1.802046e-05, Grad norm = 1.897701e-08, Beta update rate = 9.520091e-10
Epoch 316800 (6.3%): Train pred MSE = 5.501507e-12, Test pred MSE = 1.779135e-06, Param MSE = 1.802045e-05, Grad norm = 1.891438e-08, Beta update rate = 9.488016e-10
Epoch 317000 (6.3%): Train pred MSE = 5.465851e-12, Test pred MSE = 1.779134e-06, Param MSE = 1.802043e-05, Grad norm = 1.885197e-08, Beta update rate = 9.456052e-10
Epoch 317200 (6.3%): Train pred MSE = 5.430429e-12, Test pred MSE = 1.779133e-06, Param MSE = 1.802042e-05, Grad norm = 1.878977e-08, Beta update rate = 9.424201e-10
Epoch 317400 (6.3%): Train pred MSE = 5.395241e-12, Test pred MSE = 1.779132e-06, Param MSE = 1.802040e-05, Grad norm = 1.872778e-08, Beta update rate = 9.392462e-10
Epoch 317600 (6.4%): Train pred MSE = 5.360284e-12, Test pred MSE = 1.779130e-06, Param MSE = 1.802039e-05, Grad norm = 1.866601e-08, Beta update rate = 9.360833e-10
Epoch 317800 (6.4%): Train pred MSE = 5.325558e-12, Test pred MSE = 1.779129e-06, Param MSE = 1.802038e-05, Grad norm = 1.860445e-08, Beta update rate = 9.329316e-10
Epoch 318000 (6.4%): Train pred MSE = 5.291060e-12, Test pred MSE = 1.779128e-06, Param MSE = 1.802036e-05, Grad norm = 1.854310e-08, Beta update rate = 9.297908e-10
Epoch 318200 (6.4%): Train pred MSE = 5.256790e-12, Test pred MSE = 1.779126e-06, Param MSE = 1.802035e-05, Grad norm = 1.848196e-08, Beta update rate = 9.266611e-10
Epoch 318400 (6.4%): Train pred MSE = 5.222745e-12, Test pred MSE = 1.779125e-06, Param MSE = 1.802034e-05, Grad norm = 1.842103e-08, Beta update rate = 9.235424e-10
Epoch 318600 (6.4%): Train pred MSE = 5.188924e-12, Test pred MSE = 1.779124e-06, Param MSE = 1.802032e-05, Grad norm = 1.836030e-08, Beta update rate = 9.204345e-10
Epoch 318800 (6.4%): Train pred MSE = 5.155326e-12, Test pred MSE = 1.779123e-06, Param MSE = 1.802031e-05, Grad norm = 1.829979e-08, Beta update rate = 9.173375e-10
Epoch 319000 (6.4%): Train pred MSE = 5.121949e-12, Test pred MSE = 1.779121e-06, Param MSE = 1.802030e-05, Grad norm = 1.823948e-08, Beta update rate = 9.142514e-10
Epoch 319200 (6.4%): Train pred MSE = 5.088792e-12, Test pred MSE = 1.779120e-06, Param MSE = 1.802028e-05, Grad norm = 1.817938e-08, Beta update rate = 9.111761e-10
Epoch 319400 (6.4%): Train pred MSE = 5.055852e-12, Test pred MSE = 1.779119e-06, Param MSE = 1.802027e-05, Grad norm = 1.811948e-08, Beta update rate = 9.081115e-10
Epoch 319600 (6.4%): Train pred MSE = 5.023130e-12, Test pred MSE = 1.779117e-06, Param MSE = 1.802026e-05, Grad norm = 1.805979e-08, Beta update rate = 9.050576e-10
Epoch 319800 (6.4%): Train pred MSE = 4.990622e-12, Test pred MSE = 1.779116e-06, Param MSE = 1.802025e-05, Grad norm = 1.800030e-08, Beta update rate = 9.020144e-10
Epoch 320000 (6.4%): Train pred MSE = 4.958328e-12, Test pred MSE = 1.779115e-06, Param MSE = 1.802023e-05, Grad norm = 1.794102e-08, Beta update rate = 8.989819e-10
Epoch 320200 (6.4%): Train pred MSE = 4.926247e-12, Test pred MSE = 1.779114e-06, Param MSE = 1.802022e-05, Grad norm = 1.788194e-08, Beta update rate = 8.959600e-10
Epoch 320400 (6.4%): Train pred MSE = 4.894377e-12, Test pred MSE = 1.779113e-06, Param MSE = 1.802021e-05, Grad norm = 1.782306e-08, Beta update rate = 8.929486e-10
Epoch 320600 (6.4%): Train pred MSE = 4.862716e-12, Test pred MSE = 1.779111e-06, Param MSE = 1.802019e-05, Grad norm = 1.776438e-08, Beta update rate = 8.899478e-10
Epoch 320800 (6.4%): Train pred MSE = 4.831263e-12, Test pred MSE = 1.779110e-06, Param MSE = 1.802018e-05, Grad norm = 1.770591e-08, Beta update rate = 8.869574e-10
Epoch 321000 (6.4%): Train pred MSE = 4.800017e-12, Test pred MSE = 1.779109e-06, Param MSE = 1.802017e-05, Grad norm = 1.764763e-08, Beta update rate = 8.839774e-10
Epoch 321200 (6.4%): Train pred MSE = 4.768977e-12, Test pred MSE = 1.779108e-06, Param MSE = 1.802016e-05, Grad norm = 1.758955e-08, Beta update rate = 8.810079e-10
Epoch 321400 (6.4%): Train pred MSE = 4.738140e-12, Test pred MSE = 1.779106e-06, Param MSE = 1.802014e-05, Grad norm = 1.753167e-08, Beta update rate = 8.780488e-10
Epoch 321600 (6.4%): Train pred MSE = 4.707506e-12, Test pred MSE = 1.779105e-06, Param MSE = 1.802013e-05, Grad norm = 1.747399e-08, Beta update rate = 8.751000e-10
Epoch 321800 (6.4%): Train pred MSE = 4.677073e-12, Test pred MSE = 1.779104e-06, Param MSE = 1.802012e-05, Grad norm = 1.741650e-08, Beta update rate = 8.721614e-10
Epoch 322000 (6.4%): Train pred MSE = 4.646840e-12, Test pred MSE = 1.779103e-06, Param MSE = 1.802011e-05, Grad norm = 1.735921e-08, Beta update rate = 8.692332e-10
Epoch 322200 (6.4%): Train pred MSE = 4.616806e-12, Test pred MSE = 1.779102e-06, Param MSE = 1.802009e-05, Grad norm = 1.730212e-08, Beta update rate = 8.663151e-10
Epoch 322400 (6.4%): Train pred MSE = 4.586968e-12, Test pred MSE = 1.779100e-06, Param MSE = 1.802008e-05, Grad norm = 1.724522e-08, Beta update rate = 8.634073e-10
Epoch 322600 (6.5%): Train pred MSE = 4.557327e-12, Test pred MSE = 1.779099e-06, Param MSE = 1.802007e-05, Grad norm = 1.718851e-08, Beta update rate = 8.605095e-10
Epoch 322800 (6.5%): Train pred MSE = 4.527880e-12, Test pred MSE = 1.779098e-06, Param MSE = 1.802006e-05, Grad norm = 1.713200e-08, Beta update rate = 8.576219e-10
Epoch 323000 (6.5%): Train pred MSE = 4.498627e-12, Test pred MSE = 1.779097e-06, Param MSE = 1.802004e-05, Grad norm = 1.707568e-08, Beta update rate = 8.547444e-10
Epoch 323200 (6.5%): Train pred MSE = 4.469566e-12, Test pred MSE = 1.779096e-06, Param MSE = 1.802003e-05, Grad norm = 1.701955e-08, Beta update rate = 8.518769e-10
Epoch 323400 (6.5%): Train pred MSE = 4.440695e-12, Test pred MSE = 1.779095e-06, Param MSE = 1.802002e-05, Grad norm = 1.696362e-08, Beta update rate = 8.490194e-10
Epoch 323600 (6.5%): Train pred MSE = 4.412014e-12, Test pred MSE = 1.779093e-06, Param MSE = 1.802001e-05, Grad norm = 1.690787e-08, Beta update rate = 8.461718e-10
Epoch 323800 (6.5%): Train pred MSE = 4.383521e-12, Test pred MSE = 1.779092e-06, Param MSE = 1.802000e-05, Grad norm = 1.685232e-08, Beta update rate = 8.433342e-10
Epoch 324000 (6.5%): Train pred MSE = 4.355215e-12, Test pred MSE = 1.779091e-06, Param MSE = 1.801998e-05, Grad norm = 1.679695e-08, Beta update rate = 8.405064e-10
Epoch 324200 (6.5%): Train pred MSE = 4.327094e-12, Test pred MSE = 1.779090e-06, Param MSE = 1.801997e-05, Grad norm = 1.674178e-08, Beta update rate = 8.376886e-10
Epoch 324400 (6.5%): Train pred MSE = 4.299158e-12, Test pred MSE = 1.779089e-06, Param MSE = 1.801996e-05, Grad norm = 1.668679e-08, Beta update rate = 8.348805e-10
Epoch 324600 (6.5%): Train pred MSE = 4.271405e-12, Test pred MSE = 1.779088e-06, Param MSE = 1.801995e-05, Grad norm = 1.663199e-08, Beta update rate = 8.320822e-10
Epoch 324800 (6.5%): Train pred MSE = 4.243834e-12, Test pred MSE = 1.779086e-06, Param MSE = 1.801994e-05, Grad norm = 1.657737e-08, Beta update rate = 8.292937e-10
Epoch 325000 (6.5%): Train pred MSE = 4.216444e-12, Test pred MSE = 1.779085e-06, Param MSE = 1.801992e-05, Grad norm = 1.652294e-08, Beta update rate = 8.265148e-10
Epoch 325200 (6.5%): Train pred MSE = 4.189234e-12, Test pred MSE = 1.779084e-06, Param MSE = 1.801991e-05, Grad norm = 1.646870e-08, Beta update rate = 8.237456e-10
Epoch 325400 (6.5%): Train pred MSE = 4.162202e-12, Test pred MSE = 1.779083e-06, Param MSE = 1.801990e-05, Grad norm = 1.641464e-08, Beta update rate = 8.209861e-10
Epoch 325600 (6.5%): Train pred MSE = 4.135347e-12, Test pred MSE = 1.779082e-06, Param MSE = 1.801989e-05, Grad norm = 1.636076e-08, Beta update rate = 8.182361e-10
Epoch 325800 (6.5%): Train pred MSE = 4.108668e-12, Test pred MSE = 1.779081e-06, Param MSE = 1.801988e-05, Grad norm = 1.630707e-08, Beta update rate = 8.154958e-10
Epoch 326000 (6.5%): Train pred MSE = 4.082164e-12, Test pred MSE = 1.779080e-06, Param MSE = 1.801987e-05, Grad norm = 1.625356e-08, Beta update rate = 8.127649e-10
Epoch 326200 (6.5%): Train pred MSE = 4.055833e-12, Test pred MSE = 1.779079e-06, Param MSE = 1.801985e-05, Grad norm = 1.620024e-08, Beta update rate = 8.100436e-10
Epoch 326400 (6.5%): Train pred MSE = 4.029675e-12, Test pred MSE = 1.779078e-06, Param MSE = 1.801984e-05, Grad norm = 1.614709e-08, Beta update rate = 8.073317e-10
Epoch 326600 (6.5%): Train pred MSE = 4.003688e-12, Test pred MSE = 1.779076e-06, Param MSE = 1.801983e-05, Grad norm = 1.609412e-08, Beta update rate = 8.046293e-10
Epoch 326800 (6.5%): Train pred MSE = 3.977872e-12, Test pred MSE = 1.779075e-06, Param MSE = 1.801982e-05, Grad norm = 1.604134e-08, Beta update rate = 8.019362e-10
Epoch 327000 (6.5%): Train pred MSE = 3.952224e-12, Test pred MSE = 1.779074e-06, Param MSE = 1.801981e-05, Grad norm = 1.598873e-08, Beta update rate = 7.992526e-10
Epoch 327200 (6.5%): Train pred MSE = 3.926745e-12, Test pred MSE = 1.779073e-06, Param MSE = 1.801980e-05, Grad norm = 1.593631e-08, Beta update rate = 7.965782e-10
Epoch 327400 (6.5%): Train pred MSE = 3.901432e-12, Test pred MSE = 1.779072e-06, Param MSE = 1.801979e-05, Grad norm = 1.588406e-08, Beta update rate = 7.939131e-10
Epoch 327600 (6.6%): Train pred MSE = 3.876285e-12, Test pred MSE = 1.779071e-06, Param MSE = 1.801977e-05, Grad norm = 1.583199e-08, Beta update rate = 7.912573e-10
Epoch 327800 (6.6%): Train pred MSE = 3.851302e-12, Test pred MSE = 1.779070e-06, Param MSE = 1.801976e-05, Grad norm = 1.578009e-08, Beta update rate = 7.886107e-10
Epoch 328000 (6.6%): Train pred MSE = 3.826483e-12, Test pred MSE = 1.779069e-06, Param MSE = 1.801975e-05, Grad norm = 1.572838e-08, Beta update rate = 7.859733e-10
Epoch 328200 (6.6%): Train pred MSE = 3.801827e-12, Test pred MSE = 1.779068e-06, Param MSE = 1.801974e-05, Grad norm = 1.567683e-08, Beta update rate = 7.833451e-10
Epoch 328400 (6.6%): Train pred MSE = 3.777332e-12, Test pred MSE = 1.779067e-06, Param MSE = 1.801973e-05, Grad norm = 1.562547e-08, Beta update rate = 7.807260e-10
Epoch 328600 (6.6%): Train pred MSE = 3.752997e-12, Test pred MSE = 1.779066e-06, Param MSE = 1.801972e-05, Grad norm = 1.557427e-08, Beta update rate = 7.781160e-10
Epoch 328800 (6.6%): Train pred MSE = 3.728821e-12, Test pred MSE = 1.779065e-06, Param MSE = 1.801971e-05, Grad norm = 1.552325e-08, Beta update rate = 7.755150e-10
Epoch 329000 (6.6%): Train pred MSE = 3.704803e-12, Test pred MSE = 1.779064e-06, Param MSE = 1.801970e-05, Grad norm = 1.547241e-08, Beta update rate = 7.729231e-10
Epoch 329200 (6.6%): Train pred MSE = 3.680943e-12, Test pred MSE = 1.779063e-06, Param MSE = 1.801969e-05, Grad norm = 1.542173e-08, Beta update rate = 7.703401e-10
Epoch 329400 (6.6%): Train pred MSE = 3.657238e-12, Test pred MSE = 1.779061e-06, Param MSE = 1.801968e-05, Grad norm = 1.537123e-08, Beta update rate = 7.677661e-10
Epoch 329600 (6.6%): Train pred MSE = 3.633689e-12, Test pred MSE = 1.779060e-06, Param MSE = 1.801966e-05, Grad norm = 1.532090e-08, Beta update rate = 7.652011e-10
Epoch 329800 (6.6%): Train pred MSE = 3.610293e-12, Test pred MSE = 1.779059e-06, Param MSE = 1.801965e-05, Grad norm = 1.527074e-08, Beta update rate = 7.626449e-10
Epoch 330000 (6.6%): Train pred MSE = 3.587050e-12, Test pred MSE = 1.779058e-06, Param MSE = 1.801964e-05, Grad norm = 1.522075e-08, Beta update rate = 7.600976e-10
Epoch 330200 (6.6%): Train pred MSE = 3.563959e-12, Test pred MSE = 1.779057e-06, Param MSE = 1.801963e-05, Grad norm = 1.517093e-08, Beta update rate = 7.575591e-10
Epoch 330400 (6.6%): Train pred MSE = 3.541020e-12, Test pred MSE = 1.779056e-06, Param MSE = 1.801962e-05, Grad norm = 1.512128e-08, Beta update rate = 7.550295e-10
Epoch 330600 (6.6%): Train pred MSE = 3.518230e-12, Test pred MSE = 1.779055e-06, Param MSE = 1.801961e-05, Grad norm = 1.507180e-08, Beta update rate = 7.525086e-10
Epoch 330800 (6.6%): Train pred MSE = 3.495588e-12, Test pred MSE = 1.779054e-06, Param MSE = 1.801960e-05, Grad norm = 1.502249e-08, Beta update rate = 7.499964e-10
Epoch 331000 (6.6%): Train pred MSE = 3.473095e-12, Test pred MSE = 1.779053e-06, Param MSE = 1.801959e-05, Grad norm = 1.497334e-08, Beta update rate = 7.474929e-10
Epoch 331200 (6.6%): Train pred MSE = 3.450749e-12, Test pred MSE = 1.779052e-06, Param MSE = 1.801958e-05, Grad norm = 1.492436e-08, Beta update rate = 7.449981e-10
Epoch 331400 (6.6%): Train pred MSE = 3.428549e-12, Test pred MSE = 1.779051e-06, Param MSE = 1.801957e-05, Grad norm = 1.487554e-08, Beta update rate = 7.425120e-10
Epoch 331600 (6.6%): Train pred MSE = 3.406494e-12, Test pred MSE = 1.779050e-06, Param MSE = 1.801956e-05, Grad norm = 1.482689e-08, Beta update rate = 7.400344e-10
Epoch 331800 (6.6%): Train pred MSE = 3.384582e-12, Test pred MSE = 1.779049e-06, Param MSE = 1.801955e-05, Grad norm = 1.477841e-08, Beta update rate = 7.375654e-10
Epoch 332000 (6.6%): Train pred MSE = 3.362814e-12, Test pred MSE = 1.779048e-06, Param MSE = 1.801954e-05, Grad norm = 1.473008e-08, Beta update rate = 7.351050e-10
Epoch 332200 (6.6%): Train pred MSE = 3.341188e-12, Test pred MSE = 1.779047e-06, Param MSE = 1.801953e-05, Grad norm = 1.468193e-08, Beta update rate = 7.326531e-10
Epoch 332400 (6.6%): Train pred MSE = 3.319703e-12, Test pred MSE = 1.779046e-06, Param MSE = 1.801952e-05, Grad norm = 1.463393e-08, Beta update rate = 7.302097e-10
Epoch 332600 (6.7%): Train pred MSE = 3.298358e-12, Test pred MSE = 1.779045e-06, Param MSE = 1.801951e-05, Grad norm = 1.458610e-08, Beta update rate = 7.277747e-10
Epoch 332800 (6.7%): Train pred MSE = 3.277153e-12, Test pred MSE = 1.779044e-06, Param MSE = 1.801950e-05, Grad norm = 1.453843e-08, Beta update rate = 7.253481e-10
Epoch 333000 (6.7%): Train pred MSE = 3.256086e-12, Test pred MSE = 1.779043e-06, Param MSE = 1.801949e-05, Grad norm = 1.449092e-08, Beta update rate = 7.229300e-10
Epoch 333200 (6.7%): Train pred MSE = 3.235156e-12, Test pred MSE = 1.779042e-06, Param MSE = 1.801948e-05, Grad norm = 1.444357e-08, Beta update rate = 7.205202e-10
Epoch 333400 (6.7%): Train pred MSE = 3.214363e-12, Test pred MSE = 1.779041e-06, Param MSE = 1.801947e-05, Grad norm = 1.439638e-08, Beta update rate = 7.181188e-10
Epoch 333600 (6.7%): Train pred MSE = 3.193706e-12, Test pred MSE = 1.779040e-06, Param MSE = 1.801946e-05, Grad norm = 1.434936e-08, Beta update rate = 7.157256e-10
Epoch 333800 (6.7%): Train pred MSE = 3.173183e-12, Test pred MSE = 1.779040e-06, Param MSE = 1.801945e-05, Grad norm = 1.430249e-08, Beta update rate = 7.133407e-10
Epoch 334000 (6.7%): Train pred MSE = 3.152794e-12, Test pred MSE = 1.779039e-06, Param MSE = 1.801944e-05, Grad norm = 1.425578e-08, Beta update rate = 7.109641e-10
Epoch 334200 (6.7%): Train pred MSE = 3.132538e-12, Test pred MSE = 1.779038e-06, Param MSE = 1.801943e-05, Grad norm = 1.420922e-08, Beta update rate = 7.085956e-10
Epoch 334400 (6.7%): Train pred MSE = 3.112415e-12, Test pred MSE = 1.779037e-06, Param MSE = 1.801942e-05, Grad norm = 1.416283e-08, Beta update rate = 7.062354e-10
Epoch 334600 (6.7%): Train pred MSE = 3.092422e-12, Test pred MSE = 1.779036e-06, Param MSE = 1.801941e-05, Grad norm = 1.411659e-08, Beta update rate = 7.038833e-10
Epoch 334800 (6.7%): Train pred MSE = 3.072560e-12, Test pred MSE = 1.779035e-06, Param MSE = 1.801940e-05, Grad norm = 1.407050e-08, Beta update rate = 7.015393e-10
Epoch 335000 (6.7%): Train pred MSE = 3.052827e-12, Test pred MSE = 1.779034e-06, Param MSE = 1.801939e-05, Grad norm = 1.402458e-08, Beta update rate = 6.992034e-10
Epoch 335200 (6.7%): Train pred MSE = 3.033223e-12, Test pred MSE = 1.779033e-06, Param MSE = 1.801938e-05, Grad norm = 1.397881e-08, Beta update rate = 6.968756e-10
Epoch 335400 (6.7%): Train pred MSE = 3.013746e-12, Test pred MSE = 1.779032e-06, Param MSE = 1.801937e-05, Grad norm = 1.393319e-08, Beta update rate = 6.945558e-10
Epoch 335600 (6.7%): Train pred MSE = 2.994396e-12, Test pred MSE = 1.779031e-06, Param MSE = 1.801936e-05, Grad norm = 1.388772e-08, Beta update rate = 6.922441e-10
Epoch 335800 (6.7%): Train pred MSE = 2.975173e-12, Test pred MSE = 1.779030e-06, Param MSE = 1.801935e-05, Grad norm = 1.384241e-08, Beta update rate = 6.899402e-10
Epoch 336000 (6.7%): Train pred MSE = 2.956075e-12, Test pred MSE = 1.779029e-06, Param MSE = 1.801934e-05, Grad norm = 1.379726e-08, Beta update rate = 6.876444e-10
Epoch 336200 (6.7%): Train pred MSE = 2.937101e-12, Test pred MSE = 1.779028e-06, Param MSE = 1.801933e-05, Grad norm = 1.375225e-08, Beta update rate = 6.853565e-10
Epoch 336400 (6.7%): Train pred MSE = 2.918250e-12, Test pred MSE = 1.779027e-06, Param MSE = 1.801932e-05, Grad norm = 1.370740e-08, Beta update rate = 6.830764e-10
Epoch 336600 (6.7%): Train pred MSE = 2.899523e-12, Test pred MSE = 1.779026e-06, Param MSE = 1.801931e-05, Grad norm = 1.366270e-08, Beta update rate = 6.808043e-10
Epoch 336800 (6.7%): Train pred MSE = 2.880917e-12, Test pred MSE = 1.779026e-06, Param MSE = 1.801930e-05, Grad norm = 1.361815e-08, Beta update rate = 6.785399e-10
Epoch 337000 (6.7%): Train pred MSE = 2.862433e-12, Test pred MSE = 1.779025e-06, Param MSE = 1.801929e-05, Grad norm = 1.357375e-08, Beta update rate = 6.762834e-10
Epoch 337200 (6.7%): Train pred MSE = 2.844068e-12, Test pred MSE = 1.779024e-06, Param MSE = 1.801928e-05, Grad norm = 1.352950e-08, Beta update rate = 6.740347e-10
Epoch 337400 (6.7%): Train pred MSE = 2.825824e-12, Test pred MSE = 1.779023e-06, Param MSE = 1.801927e-05, Grad norm = 1.348540e-08, Beta update rate = 6.717937e-10
Epoch 337600 (6.8%): Train pred MSE = 2.807698e-12, Test pred MSE = 1.779022e-06, Param MSE = 1.801926e-05, Grad norm = 1.344144e-08, Beta update rate = 6.695604e-10
Epoch 337800 (6.8%): Train pred MSE = 2.789690e-12, Test pred MSE = 1.779021e-06, Param MSE = 1.801925e-05, Grad norm = 1.339764e-08, Beta update rate = 6.673348e-10
Epoch 338000 (6.8%): Train pred MSE = 2.771799e-12, Test pred MSE = 1.779020e-06, Param MSE = 1.801924e-05, Grad norm = 1.335398e-08, Beta update rate = 6.651169e-10
Epoch 338200 (6.8%): Train pred MSE = 2.754025e-12, Test pred MSE = 1.779019e-06, Param MSE = 1.801924e-05, Grad norm = 1.331047e-08, Beta update rate = 6.629066e-10
Epoch 338400 (6.8%): Train pred MSE = 2.736366e-12, Test pred MSE = 1.779018e-06, Param MSE = 1.801923e-05, Grad norm = 1.326711e-08, Beta update rate = 6.607040e-10
Epoch 338600 (6.8%): Train pred MSE = 2.718822e-12, Test pred MSE = 1.779018e-06, Param MSE = 1.801922e-05, Grad norm = 1.322389e-08, Beta update rate = 6.585089e-10
Epoch 338800 (6.8%): Train pred MSE = 2.701392e-12, Test pred MSE = 1.779017e-06, Param MSE = 1.801921e-05, Grad norm = 1.318082e-08, Beta update rate = 6.563214e-10
Epoch 339000 (6.8%): Train pred MSE = 2.684076e-12, Test pred MSE = 1.779016e-06, Param MSE = 1.801920e-05, Grad norm = 1.313789e-08, Beta update rate = 6.541414e-10
Epoch 339200 (6.8%): Train pred MSE = 2.666872e-12, Test pred MSE = 1.779015e-06, Param MSE = 1.801919e-05, Grad norm = 1.309511e-08, Beta update rate = 6.519689e-10
Epoch 339400 (6.8%): Train pred MSE = 2.649780e-12, Test pred MSE = 1.779014e-06, Param MSE = 1.801918e-05, Grad norm = 1.305247e-08, Beta update rate = 6.498039e-10
Epoch 339600 (6.8%): Train pred MSE = 2.632799e-12, Test pred MSE = 1.779013e-06, Param MSE = 1.801917e-05, Grad norm = 1.300998e-08, Beta update rate = 6.476463e-10
Epoch 339800 (6.8%): Train pred MSE = 2.615929e-12, Test pred MSE = 1.779012e-06, Param MSE = 1.801916e-05, Grad norm = 1.296763e-08, Beta update rate = 6.454962e-10
Epoch 340000 (6.8%): Train pred MSE = 2.599168e-12, Test pred MSE = 1.779011e-06, Param MSE = 1.801915e-05, Grad norm = 1.292542e-08, Beta update rate = 6.433534e-10
Epoch 340200 (6.8%): Train pred MSE = 2.582516e-12, Test pred MSE = 1.779011e-06, Param MSE = 1.801915e-05, Grad norm = 1.288335e-08, Beta update rate = 6.412180e-10
Epoch 340400 (6.8%): Train pred MSE = 2.565972e-12, Test pred MSE = 1.779010e-06, Param MSE = 1.801914e-05, Grad norm = 1.284143e-08, Beta update rate = 6.390900e-10
Epoch 340600 (6.8%): Train pred MSE = 2.549536e-12, Test pred MSE = 1.779009e-06, Param MSE = 1.801913e-05, Grad norm = 1.279964e-08, Beta update rate = 6.369693e-10
Epoch 340800 (6.8%): Train pred MSE = 2.533207e-12, Test pred MSE = 1.779008e-06, Param MSE = 1.801912e-05, Grad norm = 1.275800e-08, Beta update rate = 6.348559e-10
Epoch 341000 (6.8%): Train pred MSE = 2.516984e-12, Test pred MSE = 1.779007e-06, Param MSE = 1.801911e-05, Grad norm = 1.271650e-08, Beta update rate = 6.327497e-10
Epoch 341200 (6.8%): Train pred MSE = 2.500866e-12, Test pred MSE = 1.779006e-06, Param MSE = 1.801910e-05, Grad norm = 1.267513e-08, Beta update rate = 6.306508e-10
Epoch 341400 (6.8%): Train pred MSE = 2.484852e-12, Test pred MSE = 1.779006e-06, Param MSE = 1.801909e-05, Grad norm = 1.263391e-08, Beta update rate = 6.285591e-10
Epoch 341600 (6.8%): Train pred MSE = 2.468943e-12, Test pred MSE = 1.779005e-06, Param MSE = 1.801908e-05, Grad norm = 1.259282e-08, Beta update rate = 6.264746e-10
Epoch 341800 (6.8%): Train pred MSE = 2.453137e-12, Test pred MSE = 1.779004e-06, Param MSE = 1.801908e-05, Grad norm = 1.255187e-08, Beta update rate = 6.243972e-10
Epoch 342000 (6.8%): Train pred MSE = 2.437434e-12, Test pred MSE = 1.779003e-06, Param MSE = 1.801907e-05, Grad norm = 1.251106e-08, Beta update rate = 6.223269e-10
Epoch 342200 (6.8%): Train pred MSE = 2.421832e-12, Test pred MSE = 1.779002e-06, Param MSE = 1.801906e-05, Grad norm = 1.247039e-08, Beta update rate = 6.202638e-10
Epoch 342400 (6.8%): Train pred MSE = 2.406332e-12, Test pred MSE = 1.779001e-06, Param MSE = 1.801905e-05, Grad norm = 1.242985e-08, Beta update rate = 6.182078e-10
Epoch 342600 (6.9%): Train pred MSE = 2.390933e-12, Test pred MSE = 1.779001e-06, Param MSE = 1.801904e-05, Grad norm = 1.238945e-08, Beta update rate = 6.161588e-10
Epoch 342800 (6.9%): Train pred MSE = 2.375633e-12, Test pred MSE = 1.779000e-06, Param MSE = 1.801903e-05, Grad norm = 1.234918e-08, Beta update rate = 6.141168e-10
Epoch 343000 (6.9%): Train pred MSE = 2.360433e-12, Test pred MSE = 1.778999e-06, Param MSE = 1.801902e-05, Grad norm = 1.230905e-08, Beta update rate = 6.120819e-10
Epoch 343200 (6.9%): Train pred MSE = 2.345331e-12, Test pred MSE = 1.778998e-06, Param MSE = 1.801902e-05, Grad norm = 1.226906e-08, Beta update rate = 6.100539e-10
Epoch 343400 (6.9%): Train pred MSE = 2.330327e-12, Test pred MSE = 1.778997e-06, Param MSE = 1.801901e-05, Grad norm = 1.222920e-08, Beta update rate = 6.080329e-10
Epoch 343600 (6.9%): Train pred MSE = 2.315421e-12, Test pred MSE = 1.778997e-06, Param MSE = 1.801900e-05, Grad norm = 1.218947e-08, Beta update rate = 6.060189e-10
Epoch 343800 (6.9%): Train pred MSE = 2.300611e-12, Test pred MSE = 1.778996e-06, Param MSE = 1.801899e-05, Grad norm = 1.214988e-08, Beta update rate = 6.040117e-10
Epoch 344000 (6.9%): Train pred MSE = 2.285897e-12, Test pred MSE = 1.778995e-06, Param MSE = 1.801898e-05, Grad norm = 1.211042e-08, Beta update rate = 6.020114e-10
Epoch 344200 (6.9%): Train pred MSE = 2.271279e-12, Test pred MSE = 1.778994e-06, Param MSE = 1.801897e-05, Grad norm = 1.207109e-08, Beta update rate = 6.000180e-10
Epoch 344400 (6.9%): Train pred MSE = 2.256756e-12, Test pred MSE = 1.778993e-06, Param MSE = 1.801897e-05, Grad norm = 1.203189e-08, Beta update rate = 5.980314e-10
Epoch 344600 (6.9%): Train pred MSE = 2.242326e-12, Test pred MSE = 1.778993e-06, Param MSE = 1.801896e-05, Grad norm = 1.199282e-08, Beta update rate = 5.960516e-10
Epoch 344800 (6.9%): Train pred MSE = 2.227991e-12, Test pred MSE = 1.778992e-06, Param MSE = 1.801895e-05, Grad norm = 1.195389e-08, Beta update rate = 5.940786e-10
Epoch 345000 (6.9%): Train pred MSE = 2.213748e-12, Test pred MSE = 1.778991e-06, Param MSE = 1.801894e-05, Grad norm = 1.191509e-08, Beta update rate = 5.921124e-10
Epoch 345200 (6.9%): Train pred MSE = 2.199597e-12, Test pred MSE = 1.778990e-06, Param MSE = 1.801893e-05, Grad norm = 1.187641e-08, Beta update rate = 5.901529e-10
Epoch 345400 (6.9%): Train pred MSE = 2.185538e-12, Test pred MSE = 1.778990e-06, Param MSE = 1.801893e-05, Grad norm = 1.183787e-08, Beta update rate = 5.882001e-10
Epoch 345600 (6.9%): Train pred MSE = 2.171571e-12, Test pred MSE = 1.778989e-06, Param MSE = 1.801892e-05, Grad norm = 1.179945e-08, Beta update rate = 5.862540e-10
Epoch 345800 (6.9%): Train pred MSE = 2.157693e-12, Test pred MSE = 1.778988e-06, Param MSE = 1.801891e-05, Grad norm = 1.176117e-08, Beta update rate = 5.843146e-10
Epoch 346000 (6.9%): Train pred MSE = 2.143906e-12, Test pred MSE = 1.778987e-06, Param MSE = 1.801890e-05, Grad norm = 1.172301e-08, Beta update rate = 5.823818e-10
Epoch 346200 (6.9%): Train pred MSE = 2.130208e-12, Test pred MSE = 1.778987e-06, Param MSE = 1.801889e-05, Grad norm = 1.168498e-08, Beta update rate = 5.804556e-10
Epoch 346400 (6.9%): Train pred MSE = 2.116599e-12, Test pred MSE = 1.778986e-06, Param MSE = 1.801889e-05, Grad norm = 1.164708e-08, Beta update rate = 5.785360e-10
Epoch 346600 (6.9%): Train pred MSE = 2.103078e-12, Test pred MSE = 1.778985e-06, Param MSE = 1.801888e-05, Grad norm = 1.160930e-08, Beta update rate = 5.766230e-10
Epoch 346800 (6.9%): Train pred MSE = 2.089644e-12, Test pred MSE = 1.778984e-06, Param MSE = 1.801887e-05, Grad norm = 1.157165e-08, Beta update rate = 5.747165e-10
Epoch 347000 (6.9%): Train pred MSE = 2.076298e-12, Test pred MSE = 1.778983e-06, Param MSE = 1.801886e-05, Grad norm = 1.153413e-08, Beta update rate = 5.728166e-10
Epoch 347200 (6.9%): Train pred MSE = 2.063037e-12, Test pred MSE = 1.778983e-06, Param MSE = 1.801886e-05, Grad norm = 1.149673e-08, Beta update rate = 5.709231e-10
Epoch 347400 (6.9%): Train pred MSE = 2.049863e-12, Test pred MSE = 1.778982e-06, Param MSE = 1.801885e-05, Grad norm = 1.145946e-08, Beta update rate = 5.690362e-10
Epoch 347600 (7.0%): Train pred MSE = 2.036774e-12, Test pred MSE = 1.778981e-06, Param MSE = 1.801884e-05, Grad norm = 1.142231e-08, Beta update rate = 5.671557e-10
Epoch 347800 (7.0%): Train pred MSE = 2.023770e-12, Test pred MSE = 1.778981e-06, Param MSE = 1.801883e-05, Grad norm = 1.138529e-08, Beta update rate = 5.652816e-10
Epoch 348000 (7.0%): Train pred MSE = 2.010849e-12, Test pred MSE = 1.778980e-06, Param MSE = 1.801882e-05, Grad norm = 1.134839e-08, Beta update rate = 5.634139e-10
Epoch 348200 (7.0%): Train pred MSE = 1.998013e-12, Test pred MSE = 1.778979e-06, Param MSE = 1.801882e-05, Grad norm = 1.131161e-08, Beta update rate = 5.615526e-10
Epoch 348400 (7.0%): Train pred MSE = 1.985259e-12, Test pred MSE = 1.778978e-06, Param MSE = 1.801881e-05, Grad norm = 1.127496e-08, Beta update rate = 5.596977e-10
Epoch 348600 (7.0%): Train pred MSE = 1.972588e-12, Test pred MSE = 1.778978e-06, Param MSE = 1.801880e-05, Grad norm = 1.123843e-08, Beta update rate = 5.578491e-10
Epoch 348800 (7.0%): Train pred MSE = 1.959999e-12, Test pred MSE = 1.778977e-06, Param MSE = 1.801879e-05, Grad norm = 1.120202e-08, Beta update rate = 5.560068e-10
Epoch 349000 (7.0%): Train pred MSE = 1.947492e-12, Test pred MSE = 1.778976e-06, Param MSE = 1.801879e-05, Grad norm = 1.116574e-08, Beta update rate = 5.541708e-10
Epoch 349200 (7.0%): Train pred MSE = 1.935065e-12, Test pred MSE = 1.778975e-06, Param MSE = 1.801878e-05, Grad norm = 1.112957e-08, Beta update rate = 5.523411e-10
Epoch 349400 (7.0%): Train pred MSE = 1.922719e-12, Test pred MSE = 1.778975e-06, Param MSE = 1.801877e-05, Grad norm = 1.109353e-08, Beta update rate = 5.505176e-10
Epoch 349600 (7.0%): Train pred MSE = 1.910452e-12, Test pred MSE = 1.778974e-06, Param MSE = 1.801876e-05, Grad norm = 1.105760e-08, Beta update rate = 5.487004e-10
Epoch 349800 (7.0%): Train pred MSE = 1.898265e-12, Test pred MSE = 1.778973e-06, Param MSE = 1.801876e-05, Grad norm = 1.102180e-08, Beta update rate = 5.468893e-10
Epoch 350000 (7.0%): Train pred MSE = 1.886157e-12, Test pred MSE = 1.778973e-06, Param MSE = 1.801875e-05, Grad norm = 1.098611e-08, Beta update rate = 5.450845e-10
Epoch 350200 (7.0%): Train pred MSE = 1.874126e-12, Test pred MSE = 1.778972e-06, Param MSE = 1.801874e-05, Grad norm = 1.095055e-08, Beta update rate = 5.432858e-10
Epoch 350400 (7.0%): Train pred MSE = 1.862174e-12, Test pred MSE = 1.778971e-06, Param MSE = 1.801873e-05, Grad norm = 1.091510e-08, Beta update rate = 5.414932e-10
Epoch 350600 (7.0%): Train pred MSE = 1.850299e-12, Test pred MSE = 1.778970e-06, Param MSE = 1.801873e-05, Grad norm = 1.087978e-08, Beta update rate = 5.397068e-10
Epoch 350800 (7.0%): Train pred MSE = 1.838501e-12, Test pred MSE = 1.778970e-06, Param MSE = 1.801872e-05, Grad norm = 1.084457e-08, Beta update rate = 5.379265e-10
Epoch 351000 (7.0%): Train pred MSE = 1.826778e-12, Test pred MSE = 1.778969e-06, Param MSE = 1.801871e-05, Grad norm = 1.080947e-08, Beta update rate = 5.361522e-10
Epoch 351200 (7.0%): Train pred MSE = 1.815132e-12, Test pred MSE = 1.778968e-06, Param MSE = 1.801871e-05, Grad norm = 1.077450e-08, Beta update rate = 5.343840e-10
Epoch 351400 (7.0%): Train pred MSE = 1.803561e-12, Test pred MSE = 1.778968e-06, Param MSE = 1.801870e-05, Grad norm = 1.073964e-08, Beta update rate = 5.326218e-10
Epoch 351600 (7.0%): Train pred MSE = 1.792064e-12, Test pred MSE = 1.778967e-06, Param MSE = 1.801869e-05, Grad norm = 1.070490e-08, Beta update rate = 5.308656e-10
Epoch 351800 (7.0%): Train pred MSE = 1.780642e-12, Test pred MSE = 1.778966e-06, Param MSE = 1.801868e-05, Grad norm = 1.067027e-08, Beta update rate = 5.291154e-10
Epoch 352000 (7.0%): Train pred MSE = 1.769294e-12, Test pred MSE = 1.778966e-06, Param MSE = 1.801868e-05, Grad norm = 1.063576e-08, Beta update rate = 5.273712e-10
Epoch 352200 (7.0%): Train pred MSE = 1.758019e-12, Test pred MSE = 1.778965e-06, Param MSE = 1.801867e-05, Grad norm = 1.060137e-08, Beta update rate = 5.256329e-10
Epoch 352400 (7.0%): Train pred MSE = 1.746817e-12, Test pred MSE = 1.778964e-06, Param MSE = 1.801866e-05, Grad norm = 1.056709e-08, Beta update rate = 5.239006e-10
Epoch 352600 (7.1%): Train pred MSE = 1.735687e-12, Test pred MSE = 1.778964e-06, Param MSE = 1.801866e-05, Grad norm = 1.053292e-08, Beta update rate = 5.221741e-10
Epoch 352800 (7.1%): Train pred MSE = 1.724628e-12, Test pred MSE = 1.778963e-06, Param MSE = 1.801865e-05, Grad norm = 1.049887e-08, Beta update rate = 5.204535e-10
Epoch 353000 (7.1%): Train pred MSE = 1.713642e-12, Test pred MSE = 1.778962e-06, Param MSE = 1.801864e-05, Grad norm = 1.046493e-08, Beta update rate = 5.187388e-10
Epoch 353200 (7.1%): Train pred MSE = 1.702726e-12, Test pred MSE = 1.778962e-06, Param MSE = 1.801863e-05, Grad norm = 1.043110e-08, Beta update rate = 5.170300e-10
Epoch 353400 (7.1%): Train pred MSE = 1.691881e-12, Test pred MSE = 1.778961e-06, Param MSE = 1.801863e-05, Grad norm = 1.039739e-08, Beta update rate = 5.153269e-10
Epoch 353600 (7.1%): Train pred MSE = 1.681105e-12, Test pred MSE = 1.778960e-06, Param MSE = 1.801862e-05, Grad norm = 1.036379e-08, Beta update rate = 5.136296e-10
Epoch 353800 (7.1%): Train pred MSE = 1.670399e-12, Test pred MSE = 1.778960e-06, Param MSE = 1.801861e-05, Grad norm = 1.033030e-08, Beta update rate = 5.119382e-10
Epoch 354000 (7.1%): Train pred MSE = 1.659762e-12, Test pred MSE = 1.778959e-06, Param MSE = 1.801861e-05, Grad norm = 1.029692e-08, Beta update rate = 5.102524e-10
Epoch 354200 (7.1%): Train pred MSE = 1.649194e-12, Test pred MSE = 1.778958e-06, Param MSE = 1.801860e-05, Grad norm = 1.026366e-08, Beta update rate = 5.085725e-10
Epoch 354400 (7.1%): Train pred MSE = 1.638694e-12, Test pred MSE = 1.778958e-06, Param MSE = 1.801859e-05, Grad norm = 1.023050e-08, Beta update rate = 5.068982e-10
Epoch 354600 (7.1%): Train pred MSE = 1.628262e-12, Test pred MSE = 1.778957e-06, Param MSE = 1.801859e-05, Grad norm = 1.019746e-08, Beta update rate = 5.052296e-10
Epoch 354800 (7.1%): Train pred MSE = 1.617897e-12, Test pred MSE = 1.778956e-06, Param MSE = 1.801858e-05, Grad norm = 1.016452e-08, Beta update rate = 5.035667e-10
Epoch 355000 (7.1%): Train pred MSE = 1.607599e-12, Test pred MSE = 1.778956e-06, Param MSE = 1.801857e-05, Grad norm = 1.013170e-08, Beta update rate = 5.019095e-10
Epoch 355200 (7.1%): Train pred MSE = 1.597367e-12, Test pred MSE = 1.778955e-06, Param MSE = 1.801857e-05, Grad norm = 1.009898e-08, Beta update rate = 5.002579e-10
Epoch 355400 (7.1%): Train pred MSE = 1.587201e-12, Test pred MSE = 1.778954e-06, Param MSE = 1.801856e-05, Grad norm = 1.006637e-08, Beta update rate = 4.986119e-10
Epoch 355600 (7.1%): Train pred MSE = 1.577101e-12, Test pred MSE = 1.778954e-06, Param MSE = 1.801855e-05, Grad norm = 1.003387e-08, Beta update rate = 4.969715e-10
Epoch 355800 (7.1%): Train pred MSE = 1.567066e-12, Test pred MSE = 1.778953e-06, Param MSE = 1.801855e-05, Grad norm = 1.000148e-08, Beta update rate = 4.953367e-10
Epoch 356000 (7.1%): Train pred MSE = 1.557096e-12, Test pred MSE = 1.778952e-06, Param MSE = 1.801854e-05, Grad norm = 9.969202e-09, Beta update rate = 4.937074e-10
Epoch 356200 (7.1%): Train pred MSE = 1.547189e-12, Test pred MSE = 1.778952e-06, Param MSE = 1.801853e-05, Grad norm = 9.937027e-09, Beta update rate = 4.920837e-10
Epoch 356400 (7.1%): Train pred MSE = 1.537347e-12, Test pred MSE = 1.778951e-06, Param MSE = 1.801853e-05, Grad norm = 9.904959e-09, Beta update rate = 4.904655e-10
Epoch 356600 (7.1%): Train pred MSE = 1.527568e-12, Test pred MSE = 1.778951e-06, Param MSE = 1.801852e-05, Grad norm = 9.872998e-09, Beta update rate = 4.888528e-10
Epoch 356800 (7.1%): Train pred MSE = 1.517852e-12, Test pred MSE = 1.778950e-06, Param MSE = 1.801851e-05, Grad norm = 9.841142e-09, Beta update rate = 4.872456e-10
Epoch 357000 (7.1%): Train pred MSE = 1.508199e-12, Test pred MSE = 1.778949e-06, Param MSE = 1.801851e-05, Grad norm = 9.809393e-09, Beta update rate = 4.856438e-10
Epoch 357200 (7.1%): Train pred MSE = 1.498608e-12, Test pred MSE = 1.778949e-06, Param MSE = 1.801850e-05, Grad norm = 9.777750e-09, Beta update rate = 4.840475e-10
Epoch 357400 (7.1%): Train pred MSE = 1.489078e-12, Test pred MSE = 1.778948e-06, Param MSE = 1.801849e-05, Grad norm = 9.746211e-09, Beta update rate = 4.824566e-10
Epoch 357600 (7.2%): Train pred MSE = 1.479610e-12, Test pred MSE = 1.778947e-06, Param MSE = 1.801849e-05, Grad norm = 9.714777e-09, Beta update rate = 4.808711e-10
Epoch 357800 (7.2%): Train pred MSE = 1.470203e-12, Test pred MSE = 1.778947e-06, Param MSE = 1.801848e-05, Grad norm = 9.683448e-09, Beta update rate = 4.792910e-10
Epoch 358000 (7.2%): Train pred MSE = 1.460857e-12, Test pred MSE = 1.778946e-06, Param MSE = 1.801848e-05, Grad norm = 9.652223e-09, Beta update rate = 4.777162e-10
Epoch 358200 (7.2%): Train pred MSE = 1.451570e-12, Test pred MSE = 1.778946e-06, Param MSE = 1.801847e-05, Grad norm = 9.621102e-09, Beta update rate = 4.761468e-10
Epoch 358400 (7.2%): Train pred MSE = 1.442344e-12, Test pred MSE = 1.778945e-06, Param MSE = 1.801846e-05, Grad norm = 9.590084e-09, Beta update rate = 4.745827e-10
Epoch 358600 (7.2%): Train pred MSE = 1.433177e-12, Test pred MSE = 1.778944e-06, Param MSE = 1.801846e-05, Grad norm = 9.559169e-09, Beta update rate = 4.730239e-10
Epoch 358800 (7.2%): Train pred MSE = 1.424069e-12, Test pred MSE = 1.778944e-06, Param MSE = 1.801845e-05, Grad norm = 9.528357e-09, Beta update rate = 4.714704e-10
Epoch 359000 (7.2%): Train pred MSE = 1.415019e-12, Test pred MSE = 1.778943e-06, Param MSE = 1.801844e-05, Grad norm = 9.497647e-09, Beta update rate = 4.699222e-10
Epoch 359200 (7.2%): Train pred MSE = 1.406028e-12, Test pred MSE = 1.778943e-06, Param MSE = 1.801844e-05, Grad norm = 9.467039e-09, Beta update rate = 4.683792e-10
Epoch 359400 (7.2%): Train pred MSE = 1.397094e-12, Test pred MSE = 1.778942e-06, Param MSE = 1.801843e-05, Grad norm = 9.436532e-09, Beta update rate = 4.668415e-10
Epoch 359600 (7.2%): Train pred MSE = 1.388219e-12, Test pred MSE = 1.778941e-06, Param MSE = 1.801843e-05, Grad norm = 9.406127e-09, Beta update rate = 4.653089e-10
Epoch 359800 (7.2%): Train pred MSE = 1.379400e-12, Test pred MSE = 1.778941e-06, Param MSE = 1.801842e-05, Grad norm = 9.375823e-09, Beta update rate = 4.637816e-10
Epoch 360000 (7.2%): Train pred MSE = 1.370638e-12, Test pred MSE = 1.778940e-06, Param MSE = 1.801841e-05, Grad norm = 9.345619e-09, Beta update rate = 4.622594e-10
Epoch 360200 (7.2%): Train pred MSE = 1.361932e-12, Test pred MSE = 1.778940e-06, Param MSE = 1.801841e-05, Grad norm = 9.315516e-09, Beta update rate = 4.607424e-10
Epoch 360400 (7.2%): Train pred MSE = 1.353282e-12, Test pred MSE = 1.778939e-06, Param MSE = 1.801840e-05, Grad norm = 9.285512e-09, Beta update rate = 4.592305e-10
Epoch 360600 (7.2%): Train pred MSE = 1.344688e-12, Test pred MSE = 1.778938e-06, Param MSE = 1.801839e-05, Grad norm = 9.255608e-09, Beta update rate = 4.577238e-10
Epoch 360800 (7.2%): Train pred MSE = 1.336149e-12, Test pred MSE = 1.778938e-06, Param MSE = 1.801839e-05, Grad norm = 9.225803e-09, Beta update rate = 4.562222e-10
Epoch 361000 (7.2%): Train pred MSE = 1.327665e-12, Test pred MSE = 1.778937e-06, Param MSE = 1.801838e-05, Grad norm = 9.196097e-09, Beta update rate = 4.547256e-10
Epoch 361200 (7.2%): Train pred MSE = 1.319236e-12, Test pred MSE = 1.778937e-06, Param MSE = 1.801838e-05, Grad norm = 9.166490e-09, Beta update rate = 4.532341e-10
Epoch 361400 (7.2%): Train pred MSE = 1.310861e-12, Test pred MSE = 1.778936e-06, Param MSE = 1.801837e-05, Grad norm = 9.136980e-09, Beta update rate = 4.517477e-10
Epoch 361600 (7.2%): Train pred MSE = 1.302539e-12, Test pred MSE = 1.778936e-06, Param MSE = 1.801836e-05, Grad norm = 9.107569e-09, Beta update rate = 4.502663e-10
Epoch 361800 (7.2%): Train pred MSE = 1.294271e-12, Test pred MSE = 1.778935e-06, Param MSE = 1.801836e-05, Grad norm = 9.078255e-09, Beta update rate = 4.487899e-10
Epoch 362000 (7.2%): Train pred MSE = 1.286057e-12, Test pred MSE = 1.778934e-06, Param MSE = 1.801835e-05, Grad norm = 9.049038e-09, Beta update rate = 4.473185e-10
Epoch 362200 (7.2%): Train pred MSE = 1.277895e-12, Test pred MSE = 1.778934e-06, Param MSE = 1.801835e-05, Grad norm = 9.019917e-09, Beta update rate = 4.458521e-10
Epoch 362400 (7.2%): Train pred MSE = 1.269785e-12, Test pred MSE = 1.778933e-06, Param MSE = 1.801834e-05, Grad norm = 8.990894e-09, Beta update rate = 4.443907e-10
Epoch 362600 (7.3%): Train pred MSE = 1.261728e-12, Test pred MSE = 1.778933e-06, Param MSE = 1.801834e-05, Grad norm = 8.961966e-09, Beta update rate = 4.429342e-10
Epoch 362800 (7.3%): Train pred MSE = 1.253722e-12, Test pred MSE = 1.778932e-06, Param MSE = 1.801833e-05, Grad norm = 8.933134e-09, Beta update rate = 4.414826e-10
Epoch 363000 (7.3%): Train pred MSE = 1.245768e-12, Test pred MSE = 1.778932e-06, Param MSE = 1.801832e-05, Grad norm = 8.904398e-09, Beta update rate = 4.400359e-10
Epoch 363200 (7.3%): Train pred MSE = 1.237865e-12, Test pred MSE = 1.778931e-06, Param MSE = 1.801832e-05, Grad norm = 8.875757e-09, Beta update rate = 4.385941e-10
Epoch 363400 (7.3%): Train pred MSE = 1.230012e-12, Test pred MSE = 1.778931e-06, Param MSE = 1.801831e-05, Grad norm = 8.847211e-09, Beta update rate = 4.371572e-10
Epoch 363600 (7.3%): Train pred MSE = 1.222210e-12, Test pred MSE = 1.778930e-06, Param MSE = 1.801831e-05, Grad norm = 8.818759e-09, Beta update rate = 4.357252e-10
Epoch 363800 (7.3%): Train pred MSE = 1.214458e-12, Test pred MSE = 1.778929e-06, Param MSE = 1.801830e-05, Grad norm = 8.790402e-09, Beta update rate = 4.342980e-10
Epoch 364000 (7.3%): Train pred MSE = 1.206756e-12, Test pred MSE = 1.778929e-06, Param MSE = 1.801829e-05, Grad norm = 8.762138e-09, Beta update rate = 4.328756e-10
Epoch 364200 (7.3%): Train pred MSE = 1.199104e-12, Test pred MSE = 1.778928e-06, Param MSE = 1.801829e-05, Grad norm = 8.733968e-09, Beta update rate = 4.314581e-10
Epoch 364400 (7.3%): Train pred MSE = 1.191500e-12, Test pred MSE = 1.778928e-06, Param MSE = 1.801828e-05, Grad norm = 8.705891e-09, Beta update rate = 4.300453e-10
Epoch 364600 (7.3%): Train pred MSE = 1.183945e-12, Test pred MSE = 1.778927e-06, Param MSE = 1.801828e-05, Grad norm = 8.677907e-09, Beta update rate = 4.286373e-10
Epoch 364800 (7.3%): Train pred MSE = 1.176439e-12, Test pred MSE = 1.778927e-06, Param MSE = 1.801827e-05, Grad norm = 8.650015e-09, Beta update rate = 4.272340e-10
Epoch 365000 (7.3%): Train pred MSE = 1.168981e-12, Test pred MSE = 1.778926e-06, Param MSE = 1.801827e-05, Grad norm = 8.622216e-09, Beta update rate = 4.258355e-10
Epoch 365200 (7.3%): Train pred MSE = 1.161571e-12, Test pred MSE = 1.778926e-06, Param MSE = 1.801826e-05, Grad norm = 8.594508e-09, Beta update rate = 4.244417e-10
Epoch 365400 (7.3%): Train pred MSE = 1.154208e-12, Test pred MSE = 1.778925e-06, Param MSE = 1.801826e-05, Grad norm = 8.566893e-09, Beta update rate = 4.230526e-10
Epoch 365600 (7.3%): Train pred MSE = 1.146893e-12, Test pred MSE = 1.778925e-06, Param MSE = 1.801825e-05, Grad norm = 8.539368e-09, Beta update rate = 4.216682e-10
Epoch 365800 (7.3%): Train pred MSE = 1.139624e-12, Test pred MSE = 1.778924e-06, Param MSE = 1.801824e-05, Grad norm = 8.511935e-09, Beta update rate = 4.202885e-10
Epoch 366000 (7.3%): Train pred MSE = 1.132402e-12, Test pred MSE = 1.778923e-06, Param MSE = 1.801824e-05, Grad norm = 8.484592e-09, Beta update rate = 4.189135e-10
Epoch 366200 (7.3%): Train pred MSE = 1.125227e-12, Test pred MSE = 1.778923e-06, Param MSE = 1.801823e-05, Grad norm = 8.457340e-09, Beta update rate = 4.175430e-10
Epoch 366400 (7.3%): Train pred MSE = 1.118097e-12, Test pred MSE = 1.778922e-06, Param MSE = 1.801823e-05, Grad norm = 8.430177e-09, Beta update rate = 4.161772e-10
Epoch 366600 (7.3%): Train pred MSE = 1.111014e-12, Test pred MSE = 1.778922e-06, Param MSE = 1.801822e-05, Grad norm = 8.403105e-09, Beta update rate = 4.148160e-10
Epoch 366800 (7.3%): Train pred MSE = 1.103975e-12, Test pred MSE = 1.778921e-06, Param MSE = 1.801822e-05, Grad norm = 8.376122e-09, Beta update rate = 4.134595e-10
Epoch 367000 (7.3%): Train pred MSE = 1.096982e-12, Test pred MSE = 1.778921e-06, Param MSE = 1.801821e-05, Grad norm = 8.349228e-09, Beta update rate = 4.121074e-10
Epoch 367200 (7.3%): Train pred MSE = 1.090034e-12, Test pred MSE = 1.778920e-06, Param MSE = 1.801821e-05, Grad norm = 8.322422e-09, Beta update rate = 4.107600e-10
Epoch 367400 (7.3%): Train pred MSE = 1.083130e-12, Test pred MSE = 1.778920e-06, Param MSE = 1.801820e-05, Grad norm = 8.295706e-09, Beta update rate = 4.094171e-10
Epoch 367600 (7.4%): Train pred MSE = 1.076270e-12, Test pred MSE = 1.778919e-06, Param MSE = 1.801820e-05, Grad norm = 8.269077e-09, Beta update rate = 4.080787e-10
Epoch 367800 (7.4%): Train pred MSE = 1.069454e-12, Test pred MSE = 1.778919e-06, Param MSE = 1.801819e-05, Grad norm = 8.242537e-09, Beta update rate = 4.067448e-10
Epoch 368000 (7.4%): Train pred MSE = 1.062682e-12, Test pred MSE = 1.778918e-06, Param MSE = 1.801818e-05, Grad norm = 8.216084e-09, Beta update rate = 4.054154e-10
Epoch 368200 (7.4%): Train pred MSE = 1.055954e-12, Test pred MSE = 1.778918e-06, Param MSE = 1.801818e-05, Grad norm = 8.189718e-09, Beta update rate = 4.040905e-10
Epoch 368400 (7.4%): Train pred MSE = 1.049268e-12, Test pred MSE = 1.778917e-06, Param MSE = 1.801817e-05, Grad norm = 8.163440e-09, Beta update rate = 4.027701e-10
Epoch 368600 (7.4%): Train pred MSE = 1.042626e-12, Test pred MSE = 1.778917e-06, Param MSE = 1.801817e-05, Grad norm = 8.137248e-09, Beta update rate = 4.014541e-10
Epoch 368800 (7.4%): Train pred MSE = 1.036026e-12, Test pred MSE = 1.778916e-06, Param MSE = 1.801816e-05, Grad norm = 8.111142e-09, Beta update rate = 4.001425e-10
Epoch 369000 (7.4%): Train pred MSE = 1.029468e-12, Test pred MSE = 1.778916e-06, Param MSE = 1.801816e-05, Grad norm = 8.085123e-09, Beta update rate = 3.988354e-10
Epoch 369200 (7.4%): Train pred MSE = 1.022952e-12, Test pred MSE = 1.778915e-06, Param MSE = 1.801815e-05, Grad norm = 8.059190e-09, Beta update rate = 3.975327e-10
Epoch 369400 (7.4%): Train pred MSE = 1.016478e-12, Test pred MSE = 1.778915e-06, Param MSE = 1.801815e-05, Grad norm = 8.033342e-09, Beta update rate = 3.962343e-10
Epoch 369600 (7.4%): Train pred MSE = 1.010045e-12, Test pred MSE = 1.778914e-06, Param MSE = 1.801814e-05, Grad norm = 8.007579e-09, Beta update rate = 3.949403e-10
Epoch 369800 (7.4%): Train pred MSE = 1.003654e-12, Test pred MSE = 1.778914e-06, Param MSE = 1.801814e-05, Grad norm = 7.981901e-09, Beta update rate = 3.936507e-10

Training completed at epoch 369916
Stop reason: loss_threshold_legacy
Final Train pred MSE = 9.999655e-13
Final Test pred MSE = 1.778914e-06
Final Param MSE = 1.801814e-05
Final Grad norm = 7.966919e-09
Final Beta update rate = 3.926349e-10
Success flag: True (train_pred_mse < 1.00e-12)
Results metadata saved to results/diagonal/step3_omega/omega=1.00--alpha=0.300000--seed=2/results_meta.json
Group diagnostics saved to results/diagonal/step3_omega/omega=1.00--alpha=0.300000--seed=2/group_diagnostics.csv

Results saved to results/diagonal/step3_omega/omega=1.00--alpha=0.300000--seed=2/
Total jobs in this sweep: 108
Omega values: [0.0, 0.5, 1.0]
Alpha values: [0.05, 0.1, 0.2, 0.25, 0.3, 0.4, 0.5, 0.6, 0.7, 0.8, 0.9, 1.0]
Seeds: [0, 1, 2]
================================================================================
Step 3 Omega Sweep - Experiment Parameters:
================================================================================
  a_pt: 1.0
  c_pt: 0.001
  epochs: 5000000
  gamma_reinit: 0.0
  inp_dim: 1000
  lambda_pt: 0.0
  lr: 0.5
  n_test: 10000
  n_train: 300
  no_tuning: True
  omega: 1.0
  rho_ft: 0.04
  rho_pt: 0.1
  save_folder: results/diagonal/step3_omega/omega=1.00--alpha=0.300000--seed=2/
  seed: 2
  test_every_n_epochs: 200
  threshold: 1e-12
================================================================================

Omega: 1.0, Alpha: 0.3000

Running PT+FT Oracle script...

Extracting results and saving to CSV...
Results appended to /home/na658/multi-task2/experiment_results_step3_omega.csv

✓ Experiment 86 completed successfully
[SLURM] Job 20446655 task 86 finished
