[SLURM] Job 20446038 task 56 starting on cpu-q-226
[SLURM] Step 1 Mixture Sweep
[SLURM] Using Python: /home/na658/.conda/envs/mtl_ft/bin/python
Starting diagonal network pretrain BG script...

================================================================================
SCRIPT STARTED - Running diagonal network BG experiment...
================================================================================

================================================================================
EXPERIMENT SETTINGS
================================================================================
Seed: 2
Input dimension: 1000
Sparsity (rho): 0.04
Training samples: 500
Test samples: 10000
Learning rate: 0.5
Max epochs: 5000000
Test every N epochs: 200
Convergence threshold: 1e-12
Stop pred MSE: 1e-10
Stop beta rate: disabled
Stop grad norm: disabled
LR decay: disabled
LR decay interval: 2000
Scaling: 1.0
Lambda (λ): 0.0
C parameter: 0.001
Initialization method: complex
Learning rate tuning: False
Save folder: results/diagonal/step1_mixture/pi_A=0.50--alpha=0.500000--seed=2/
C mode: mixture
  c_A=0.001, c_B=0.5, pi_A=0.5
================================================================================
Starting training...
================================================================================
[c_mode=mixture] pi_A=0.5, empirical frac_A=0.4960
[c_mode=mixture] c_A=0.001, c_B=0.5
Per-coordinate c init: c_vec range [0.001000, 0.500000]

Starting training loop (max 5000000 epochs, threshold=1.00e-12)...
Epoch      0 (0.0%): Train pred MSE = 1.421018e+00, Test pred MSE = 8.216393e-02, Param MSE = 8.329859e-01, Grad norm = 1.350768e-01, Beta update rate = nan
Epoch    200 (0.0%): Train pred MSE = 3.623962e-01, Test pred MSE = 4.740412e-02, Param MSE = 4.881158e-01, Grad norm = 5.438030e-02, Beta update rate = 7.917554e-02
Epoch    400 (0.0%): Train pred MSE = 1.593514e-01, Test pred MSE = 3.686723e-02, Param MSE = 3.783497e-01, Grad norm = 3.176926e-02, Beta update rate = 3.639506e-02
Epoch    600 (0.0%): Train pred MSE = 8.821817e-02, Test pred MSE = 2.941999e-02, Param MSE = 3.007646e-01, Grad norm = 2.078758e-02, Beta update rate = 2.070209e-02
Epoch    800 (0.0%): Train pred MSE = 5.773322e-02, Test pred MSE = 2.513140e-02, Param MSE = 2.561353e-01, Grad norm = 1.481489e-02, Beta update rate = 1.316862e-02
Epoch   1000 (0.0%): Train pred MSE = 4.085202e-02, Test pred MSE = 2.247291e-02, Param MSE = 2.287012e-01, Grad norm = 1.143710e-02, Beta update rate = 9.194911e-03
Epoch   1200 (0.0%): Train pred MSE = 3.025114e-02, Test pred MSE = 2.051095e-02, Param MSE = 2.086930e-01, Grad norm = 9.232194e-03, Beta update rate = 6.933966e-03
Epoch   1400 (0.0%): Train pred MSE = 2.324356e-02, Test pred MSE = 1.895029e-02, Param MSE = 1.928843e-01, Grad norm = 7.586643e-03, Beta update rate = 5.533365e-03
Epoch   1600 (0.0%): Train pred MSE = 1.838555e-02, Test pred MSE = 1.768476e-02, Param MSE = 1.800889e-01, Grad norm = 6.407233e-03, Beta update rate = 4.480453e-03
Epoch   1800 (0.0%): Train pred MSE = 1.485458e-02, Test pred MSE = 1.662830e-02, Param MSE = 1.693954e-01, Grad norm = 5.505557e-03, Beta update rate = 3.742893e-03
Epoch   2000 (0.0%): Train pred MSE = 1.222755e-02, Test pred MSE = 1.573119e-02, Param MSE = 1.602905e-01, Grad norm = 4.764925e-03, Beta update rate = 3.210385e-03
Epoch   2200 (0.0%): Train pred MSE = 1.024634e-02, Test pred MSE = 1.496895e-02, Param MSE = 1.525292e-01, Grad norm = 4.155882e-03, Beta update rate = 2.779347e-03
Epoch   2400 (0.0%): Train pred MSE = 8.723972e-03, Test pred MSE = 1.432201e-02, Param MSE = 1.459210e-01, Grad norm = 3.663904e-03, Beta update rate = 2.414545e-03
Epoch   2600 (0.1%): Train pred MSE = 7.527758e-03, Test pred MSE = 1.377031e-02, Param MSE = 1.402707e-01, Grad norm = 3.266327e-03, Beta update rate = 2.110838e-03
Epoch   2800 (0.1%): Train pred MSE = 6.567491e-03, Test pred MSE = 1.329562e-02, Param MSE = 1.353997e-01, Grad norm = 2.941504e-03, Beta update rate = 1.861003e-03
Epoch   3000 (0.1%): Train pred MSE = 5.781749e-03, Test pred MSE = 1.288310e-02, Param MSE = 1.311607e-01, Grad norm = 2.672788e-03, Beta update rate = 1.654998e-03
Epoch   3200 (0.1%): Train pred MSE = 5.127923e-03, Test pred MSE = 1.252121e-02, Param MSE = 1.274382e-01, Grad norm = 2.447641e-03, Beta update rate = 1.483854e-03
Epoch   3400 (0.1%): Train pred MSE = 4.575915e-03, Test pred MSE = 1.220104e-02, Param MSE = 1.241427e-01, Grad norm = 2.256456e-03, Beta update rate = 1.340509e-03
Epoch   3600 (0.1%): Train pred MSE = 4.104113e-03, Test pred MSE = 1.191567e-02, Param MSE = 1.212041e-01, Grad norm = 2.091858e-03, Beta update rate = 1.219429e-03
Epoch   3800 (0.1%): Train pred MSE = 3.696728e-03, Test pred MSE = 1.165969e-02, Param MSE = 1.185674e-01, Grad norm = 1.948228e-03, Beta update rate = 1.116212e-03
Epoch   4000 (0.1%): Train pred MSE = 3.342005e-03, Test pred MSE = 1.142881e-02, Param MSE = 1.161890e-01, Grad norm = 1.821328e-03, Beta update rate = 1.027341e-03
Epoch   4200 (0.1%): Train pred MSE = 3.031007e-03, Test pred MSE = 1.121960e-02, Param MSE = 1.140336e-01, Grad norm = 1.707975e-03, Beta update rate = 9.500255e-04
Epoch   4400 (0.1%): Train pred MSE = 2.756805e-03, Test pred MSE = 1.102924e-02, Param MSE = 1.120727e-01, Grad norm = 1.605772e-03, Beta update rate = 8.820747e-04
Epoch   4600 (0.1%): Train pred MSE = 2.513910e-03, Test pred MSE = 1.085544e-02, Param MSE = 1.102827e-01, Grad norm = 1.512905e-03, Beta update rate = 8.217797e-04
Epoch   4800 (0.1%): Train pred MSE = 2.297903e-03, Test pred MSE = 1.069627e-02, Param MSE = 1.086436e-01, Grad norm = 1.427984e-03, Beta update rate = 7.678154e-04
Epoch   5000 (0.1%): Train pred MSE = 2.105162e-03, Test pred MSE = 1.055010e-02, Param MSE = 1.071389e-01, Grad norm = 1.349931e-03, Beta update rate = 7.191545e-04
Epoch   5200 (0.1%): Train pred MSE = 1.932677e-03, Test pred MSE = 1.041554e-02, Param MSE = 1.057540e-01, Grad norm = 1.277894e-03, Beta update rate = 6.749974e-04
Epoch   5400 (0.1%): Train pred MSE = 1.777918e-03, Test pred MSE = 1.029139e-02, Param MSE = 1.044767e-01, Grad norm = 1.211192e-03, Beta update rate = 6.347163e-04
Epoch   5600 (0.1%): Train pred MSE = 1.638736e-03, Test pred MSE = 1.017660e-02, Param MSE = 1.032962e-01, Grad norm = 1.149269e-03, Beta update rate = 5.978126e-04
Epoch   5800 (0.1%): Train pred MSE = 1.513288e-03, Test pred MSE = 1.007026e-02, Param MSE = 1.022031e-01, Grad norm = 1.091666e-03, Beta update rate = 5.638845e-04
Epoch   6000 (0.1%): Train pred MSE = 1.399988e-03, Test pred MSE = 9.971570e-03, Param MSE = 1.011890e-01, Grad norm = 1.037993e-03, Beta update rate = 5.326033e-04
Epoch   6200 (0.1%): Train pred MSE = 1.297455e-03, Test pred MSE = 9.879818e-03, Param MSE = 1.002467e-01, Grad norm = 9.879172e-04, Beta update rate = 5.036953e-04
Epoch   6400 (0.1%): Train pred MSE = 1.204489e-03, Test pred MSE = 9.794377e-03, Param MSE = 9.936957e-02, Grad norm = 9.411490e-04, Beta update rate = 4.769292e-04
Epoch   6600 (0.1%): Train pred MSE = 1.120039e-03, Test pred MSE = 9.714686e-03, Param MSE = 9.855189e-02, Grad norm = 8.974316e-04, Beta update rate = 4.521064e-04
Epoch   6800 (0.1%): Train pred MSE = 1.043182e-03, Test pred MSE = 9.640246e-03, Param MSE = 9.778848e-02, Grad norm = 8.565356e-04, Beta update rate = 4.290541e-04
Epoch   7000 (0.1%): Train pred MSE = 9.731057e-04, Test pred MSE = 9.570611e-03, Param MSE = 9.707469e-02, Grad norm = 8.182532e-04, Beta update rate = 4.076202e-04
Epoch   7200 (0.1%): Train pred MSE = 9.090957e-04, Test pred MSE = 9.505379e-03, Param MSE = 9.640639e-02, Grad norm = 7.823950e-04, Beta update rate = 3.876692e-04
Epoch   7400 (0.1%): Train pred MSE = 8.505203e-04, Test pred MSE = 9.444191e-03, Param MSE = 9.577983e-02, Grad norm = 7.487866e-04, Beta update rate = 3.690798e-04
Epoch   7600 (0.2%): Train pred MSE = 7.968211e-04, Test pred MSE = 9.386723e-03, Param MSE = 9.519165e-02, Grad norm = 7.172669e-04, Beta update rate = 3.517422e-04
Epoch   7800 (0.2%): Train pred MSE = 7.475039e-04, Test pred MSE = 9.332681e-03, Param MSE = 9.463881e-02, Grad norm = 6.876866e-04, Beta update rate = 3.355569e-04
Epoch   8000 (0.2%): Train pred MSE = 7.021308e-04, Test pred MSE = 9.281800e-03, Param MSE = 9.411856e-02, Grad norm = 6.599065e-04, Beta update rate = 3.204330e-04
Epoch   8200 (0.2%): Train pred MSE = 6.603134e-04, Test pred MSE = 9.233841e-03, Param MSE = 9.362842e-02, Grad norm = 6.337971e-04, Beta update rate = 3.062874e-04
Epoch   8400 (0.2%): Train pred MSE = 6.217069e-04, Test pred MSE = 9.188587e-03, Param MSE = 9.316614e-02, Grad norm = 6.092377e-04, Beta update rate = 2.930441e-04
Epoch   8600 (0.2%): Train pred MSE = 5.860049e-04, Test pred MSE = 9.145839e-03, Param MSE = 9.272964e-02, Grad norm = 5.861158e-04, Beta update rate = 2.806331e-04
Epoch   8800 (0.2%): Train pred MSE = 5.529347e-04, Test pred MSE = 9.105418e-03, Param MSE = 9.231708e-02, Grad norm = 5.643266e-04, Beta update rate = 2.689904e-04
Epoch   9000 (0.2%): Train pred MSE = 5.222536e-04, Test pred MSE = 9.067158e-03, Param MSE = 9.192673e-02, Grad norm = 5.437728e-04, Beta update rate = 2.580569e-04
Epoch   9200 (0.2%): Train pred MSE = 4.937451e-04, Test pred MSE = 9.030911e-03, Param MSE = 9.155705e-02, Grad norm = 5.243638e-04, Beta update rate = 2.477785e-04
Epoch   9400 (0.2%): Train pred MSE = 4.672161e-04, Test pred MSE = 8.996538e-03, Param MSE = 9.120661e-02, Grad norm = 5.060158e-04, Beta update rate = 2.381053e-04
Epoch   9600 (0.2%): Train pred MSE = 4.424939e-04, Test pred MSE = 8.963914e-03, Param MSE = 9.087410e-02, Grad norm = 4.886511e-04, Beta update rate = 2.289917e-04
Epoch   9800 (0.2%): Train pred MSE = 4.194238e-04, Test pred MSE = 8.932924e-03, Param MSE = 9.055834e-02, Grad norm = 4.721980e-04, Beta update rate = 2.203956e-04
Epoch  10000 (0.2%): Train pred MSE = 3.978673e-04, Test pred MSE = 8.903461e-03, Param MSE = 9.025821e-02, Grad norm = 4.565905e-04, Beta update rate = 2.122784e-04
Epoch  10200 (0.2%): Train pred MSE = 3.776999e-04, Test pred MSE = 8.875428e-03, Param MSE = 8.997272e-02, Grad norm = 4.417676e-04, Beta update rate = 2.046047e-04
Epoch  10400 (0.2%): Train pred MSE = 3.588098e-04, Test pred MSE = 8.848735e-03, Param MSE = 8.970092e-02, Grad norm = 4.276733e-04, Beta update rate = 1.973421e-04
Epoch  10600 (0.2%): Train pred MSE = 3.410959e-04, Test pred MSE = 8.823300e-03, Param MSE = 8.944197e-02, Grad norm = 4.142564e-04, Beta update rate = 1.904607e-04
Epoch  10800 (0.2%): Train pred MSE = 3.244674e-04, Test pred MSE = 8.799046e-03, Param MSE = 8.919506e-02, Grad norm = 4.014696e-04, Beta update rate = 1.839334e-04
Epoch  11000 (0.2%): Train pred MSE = 3.088418e-04, Test pred MSE = 8.775901e-03, Param MSE = 8.895947e-02, Grad norm = 3.892700e-04, Beta update rate = 1.777351e-04
Epoch  11200 (0.2%): Train pred MSE = 2.941444e-04, Test pred MSE = 8.753802e-03, Param MSE = 8.873453e-02, Grad norm = 3.776180e-04, Beta update rate = 1.718428e-04
Epoch  11400 (0.2%): Train pred MSE = 2.803076e-04, Test pred MSE = 8.732685e-03, Param MSE = 8.851959e-02, Grad norm = 3.664776e-04, Beta update rate = 1.662357e-04
Epoch  11600 (0.2%): Train pred MSE = 2.672697e-04, Test pred MSE = 8.712497e-03, Param MSE = 8.831408e-02, Grad norm = 3.558156e-04, Beta update rate = 1.608944e-04
Epoch  11800 (0.2%): Train pred MSE = 2.549744e-04, Test pred MSE = 8.693183e-03, Param MSE = 8.811746e-02, Grad norm = 3.456020e-04, Beta update rate = 1.558013e-04
Epoch  12000 (0.2%): Train pred MSE = 2.433704e-04, Test pred MSE = 8.674696e-03, Param MSE = 8.792923e-02, Grad norm = 3.358089e-04, Beta update rate = 1.509403e-04
Epoch  12200 (0.2%): Train pred MSE = 2.324107e-04, Test pred MSE = 8.656989e-03, Param MSE = 8.774891e-02, Grad norm = 3.264113e-04, Beta update rate = 1.462966e-04
Epoch  12400 (0.2%): Train pred MSE = 2.220523e-04, Test pred MSE = 8.640022e-03, Param MSE = 8.757608e-02, Grad norm = 3.173857e-04, Beta update rate = 1.418565e-04
Epoch  12600 (0.3%): Train pred MSE = 2.122555e-04, Test pred MSE = 8.623753e-03, Param MSE = 8.741033e-02, Grad norm = 3.087111e-04, Beta update rate = 1.376076e-04
Epoch  12800 (0.3%): Train pred MSE = 2.029840e-04, Test pred MSE = 8.608147e-03, Param MSE = 8.725127e-02, Grad norm = 3.003677e-04, Beta update rate = 1.335384e-04
Epoch  13000 (0.3%): Train pred MSE = 1.942043e-04, Test pred MSE = 8.593169e-03, Param MSE = 8.709856e-02, Grad norm = 2.923377e-04, Beta update rate = 1.296383e-04
Epoch  13200 (0.3%): Train pred MSE = 1.858853e-04, Test pred MSE = 8.578787e-03, Param MSE = 8.695187e-02, Grad norm = 2.846045e-04, Beta update rate = 1.258976e-04
Epoch  13400 (0.3%): Train pred MSE = 1.779984e-04, Test pred MSE = 8.564970e-03, Param MSE = 8.681088e-02, Grad norm = 2.771528e-04, Beta update rate = 1.223073e-04
Epoch  13600 (0.3%): Train pred MSE = 1.705171e-04, Test pred MSE = 8.551690e-03, Param MSE = 8.667530e-02, Grad norm = 2.699684e-04, Beta update rate = 1.188592e-04
Epoch  13800 (0.3%): Train pred MSE = 1.634168e-04, Test pred MSE = 8.538920e-03, Param MSE = 8.654486e-02, Grad norm = 2.630382e-04, Beta update rate = 1.155456e-04
Epoch  14000 (0.3%): Train pred MSE = 1.566746e-04, Test pred MSE = 8.526637e-03, Param MSE = 8.641932e-02, Grad norm = 2.563501e-04, Beta update rate = 1.123593e-04
Epoch  14200 (0.3%): Train pred MSE = 1.502694e-04, Test pred MSE = 8.514815e-03, Param MSE = 8.629842e-02, Grad norm = 2.498927e-04, Beta update rate = 1.092939e-04
Epoch  14400 (0.3%): Train pred MSE = 1.441814e-04, Test pred MSE = 8.503433e-03, Param MSE = 8.618195e-02, Grad norm = 2.436554e-04, Beta update rate = 1.063431e-04
Epoch  14600 (0.3%): Train pred MSE = 1.383922e-04, Test pred MSE = 8.492471e-03, Param MSE = 8.606969e-02, Grad norm = 2.376284e-04, Beta update rate = 1.035013e-04
Epoch  14800 (0.3%): Train pred MSE = 1.328845e-04, Test pred MSE = 8.481909e-03, Param MSE = 8.596144e-02, Grad norm = 2.318025e-04, Beta update rate = 1.007633e-04
Epoch  15000 (0.3%): Train pred MSE = 1.276425e-04, Test pred MSE = 8.471727e-03, Param MSE = 8.585703e-02, Grad norm = 2.261689e-04, Beta update rate = 9.812391e-05
Epoch  15200 (0.3%): Train pred MSE = 1.226511e-04, Test pred MSE = 8.461910e-03, Param MSE = 8.575626e-02, Grad norm = 2.207195e-04, Beta update rate = 9.557868e-05
Epoch  15400 (0.3%): Train pred MSE = 1.178963e-04, Test pred MSE = 8.452440e-03, Param MSE = 8.565898e-02, Grad norm = 2.154466e-04, Beta update rate = 9.312320e-05
Epoch  15600 (0.3%): Train pred MSE = 1.133651e-04, Test pred MSE = 8.443302e-03, Param MSE = 8.556502e-02, Grad norm = 2.103430e-04, Beta update rate = 9.075342e-05
Epoch  15800 (0.3%): Train pred MSE = 1.090451e-04, Test pred MSE = 8.434481e-03, Param MSE = 8.547425e-02, Grad norm = 2.054019e-04, Beta update rate = 8.846550e-05
Epoch  16000 (0.3%): Train pred MSE = 1.049249e-04, Test pred MSE = 8.425964e-03, Param MSE = 8.538651e-02, Grad norm = 2.006166e-04, Beta update rate = 8.625584e-05
Epoch  16200 (0.3%): Train pred MSE = 1.009937e-04, Test pred MSE = 8.417736e-03, Param MSE = 8.530168e-02, Grad norm = 1.959812e-04, Beta update rate = 8.412104e-05
Epoch  16400 (0.3%): Train pred MSE = 9.724126e-05, Test pred MSE = 8.409787e-03, Param MSE = 8.521964e-02, Grad norm = 1.914897e-04, Beta update rate = 8.205791e-05
Epoch  16600 (0.3%): Train pred MSE = 9.365820e-05, Test pred MSE = 8.402103e-03, Param MSE = 8.514026e-02, Grad norm = 1.871367e-04, Beta update rate = 8.006340e-05
Epoch  16800 (0.3%): Train pred MSE = 9.023555e-05, Test pred MSE = 8.394674e-03, Param MSE = 8.506343e-02, Grad norm = 1.829168e-04, Beta update rate = 7.813467e-05
Epoch  17000 (0.3%): Train pred MSE = 8.696492e-05, Test pred MSE = 8.387490e-03, Param MSE = 8.498904e-02, Grad norm = 1.788250e-04, Beta update rate = 7.626898e-05
Epoch  17200 (0.3%): Train pred MSE = 8.383840e-05, Test pred MSE = 8.380539e-03, Param MSE = 8.491701e-02, Grad norm = 1.748566e-04, Beta update rate = 7.446377e-05
Epoch  17400 (0.3%): Train pred MSE = 8.084857e-05, Test pred MSE = 8.373813e-03, Param MSE = 8.484722e-02, Grad norm = 1.710069e-04, Beta update rate = 7.271660e-05
Epoch  17600 (0.4%): Train pred MSE = 7.798844e-05, Test pred MSE = 8.367302e-03, Param MSE = 8.477959e-02, Grad norm = 1.672716e-04, Beta update rate = 7.102513e-05
Epoch  17800 (0.4%): Train pred MSE = 7.525141e-05, Test pred MSE = 8.360998e-03, Param MSE = 8.471404e-02, Grad norm = 1.636465e-04, Beta update rate = 6.938717e-05
Epoch  18000 (0.4%): Train pred MSE = 7.263127e-05, Test pred MSE = 8.354893e-03, Param MSE = 8.465047e-02, Grad norm = 1.601277e-04, Beta update rate = 6.780061e-05
Epoch  18200 (0.4%): Train pred MSE = 7.012217e-05, Test pred MSE = 8.348978e-03, Param MSE = 8.458882e-02, Grad norm = 1.567112e-04, Beta update rate = 6.626344e-05
Epoch  18400 (0.4%): Train pred MSE = 6.771859e-05, Test pred MSE = 8.343247e-03, Param MSE = 8.452901e-02, Grad norm = 1.533935e-04, Beta update rate = 6.477376e-05
Epoch  18600 (0.4%): Train pred MSE = 6.541532e-05, Test pred MSE = 8.337692e-03, Param MSE = 8.447097e-02, Grad norm = 1.501711e-04, Beta update rate = 6.332974e-05
Epoch  18800 (0.4%): Train pred MSE = 6.320745e-05, Test pred MSE = 8.332306e-03, Param MSE = 8.441463e-02, Grad norm = 1.470405e-04, Beta update rate = 6.192965e-05
Epoch  19000 (0.4%): Train pred MSE = 6.109032e-05, Test pred MSE = 8.327084e-03, Param MSE = 8.435993e-02, Grad norm = 1.439986e-04, Beta update rate = 6.057183e-05
Epoch  19200 (0.4%): Train pred MSE = 5.905955e-05, Test pred MSE = 8.322018e-03, Param MSE = 8.430680e-02, Grad norm = 1.410423e-04, Beta update rate = 5.925469e-05
Epoch  19400 (0.4%): Train pred MSE = 5.711101e-05, Test pred MSE = 8.317103e-03, Param MSE = 8.425520e-02, Grad norm = 1.381685e-04, Beta update rate = 5.797672e-05
Epoch  19600 (0.4%): Train pred MSE = 5.524076e-05, Test pred MSE = 8.312334e-03, Param MSE = 8.420506e-02, Grad norm = 1.353745e-04, Beta update rate = 5.673645e-05
Epoch  19800 (0.4%): Train pred MSE = 5.344511e-05, Test pred MSE = 8.307704e-03, Param MSE = 8.415633e-02, Grad norm = 1.326575e-04, Beta update rate = 5.553252e-05
Epoch  20000 (0.4%): Train pred MSE = 5.172056e-05, Test pred MSE = 8.303210e-03, Param MSE = 8.410896e-02, Grad norm = 1.300149e-04, Beta update rate = 5.436359e-05
Epoch  20200 (0.4%): Train pred MSE = 5.006377e-05, Test pred MSE = 8.298845e-03, Param MSE = 8.406291e-02, Grad norm = 1.274442e-04, Beta update rate = 5.322839e-05
Epoch  20400 (0.4%): Train pred MSE = 4.847162e-05, Test pred MSE = 8.294606e-03, Param MSE = 8.401812e-02, Grad norm = 1.249429e-04, Beta update rate = 5.212569e-05
Epoch  20600 (0.4%): Train pred MSE = 4.694112e-05, Test pred MSE = 8.290488e-03, Param MSE = 8.397455e-02, Grad norm = 1.225087e-04, Beta update rate = 5.105435e-05
Epoch  20800 (0.4%): Train pred MSE = 4.546946e-05, Test pred MSE = 8.286487e-03, Param MSE = 8.393216e-02, Grad norm = 1.201394e-04, Beta update rate = 5.001322e-05
Epoch  21000 (0.4%): Train pred MSE = 4.405398e-05, Test pred MSE = 8.282598e-03, Param MSE = 8.389091e-02, Grad norm = 1.178328e-04, Beta update rate = 4.900126e-05
Epoch  21200 (0.4%): Train pred MSE = 4.269213e-05, Test pred MSE = 8.278817e-03, Param MSE = 8.385076e-02, Grad norm = 1.155869e-04, Beta update rate = 4.801742e-05
Epoch  21400 (0.4%): Train pred MSE = 4.138152e-05, Test pred MSE = 8.275142e-03, Param MSE = 8.381168e-02, Grad norm = 1.133996e-04, Beta update rate = 4.706073e-05
Epoch  21600 (0.4%): Train pred MSE = 4.011987e-05, Test pred MSE = 8.271568e-03, Param MSE = 8.377362e-02, Grad norm = 1.112690e-04, Beta update rate = 4.613023e-05
Epoch  21800 (0.4%): Train pred MSE = 3.890501e-05, Test pred MSE = 8.268091e-03, Param MSE = 8.373656e-02, Grad norm = 1.091933e-04, Beta update rate = 4.522503e-05
Epoch  22000 (0.4%): Train pred MSE = 3.773490e-05, Test pred MSE = 8.264709e-03, Param MSE = 8.370046e-02, Grad norm = 1.071707e-04, Beta update rate = 4.434425e-05
Epoch  22200 (0.4%): Train pred MSE = 3.660759e-05, Test pred MSE = 8.261419e-03, Param MSE = 8.366529e-02, Grad norm = 1.051995e-04, Beta update rate = 4.348705e-05
Epoch  22400 (0.4%): Train pred MSE = 3.552122e-05, Test pred MSE = 8.258216e-03, Param MSE = 8.363103e-02, Grad norm = 1.032781e-04, Beta update rate = 4.265264e-05
Epoch  22600 (0.5%): Train pred MSE = 3.447404e-05, Test pred MSE = 8.255099e-03, Param MSE = 8.359763e-02, Grad norm = 1.014048e-04, Beta update rate = 4.184024e-05
Epoch  22800 (0.5%): Train pred MSE = 3.346437e-05, Test pred MSE = 8.252065e-03, Param MSE = 8.356507e-02, Grad norm = 9.957825e-05, Beta update rate = 4.104912e-05
Epoch  23000 (0.5%): Train pred MSE = 3.249062e-05, Test pred MSE = 8.249110e-03, Param MSE = 8.353334e-02, Grad norm = 9.779683e-05, Beta update rate = 4.027856e-05
Epoch  23200 (0.5%): Train pred MSE = 3.155129e-05, Test pred MSE = 8.246233e-03, Param MSE = 8.350239e-02, Grad norm = 9.605919e-05, Beta update rate = 3.952789e-05
Epoch  23400 (0.5%): Train pred MSE = 3.064493e-05, Test pred MSE = 8.243430e-03, Param MSE = 8.347221e-02, Grad norm = 9.436395e-05, Beta update rate = 3.879644e-05
Epoch  23600 (0.5%): Train pred MSE = 2.977017e-05, Test pred MSE = 8.240700e-03, Param MSE = 8.344278e-02, Grad norm = 9.270982e-05, Beta update rate = 3.808359e-05
Epoch  23800 (0.5%): Train pred MSE = 2.892571e-05, Test pred MSE = 8.238040e-03, Param MSE = 8.341406e-02, Grad norm = 9.109551e-05, Beta update rate = 3.738873e-05
Epoch  24000 (0.5%): Train pred MSE = 2.811030e-05, Test pred MSE = 8.235447e-03, Param MSE = 8.338604e-02, Grad norm = 8.951983e-05, Beta update rate = 3.671128e-05
Epoch  24200 (0.5%): Train pred MSE = 2.732277e-05, Test pred MSE = 8.232920e-03, Param MSE = 8.335870e-02, Grad norm = 8.798159e-05, Beta update rate = 3.605068e-05
Epoch  24400 (0.5%): Train pred MSE = 2.656199e-05, Test pred MSE = 8.230457e-03, Param MSE = 8.333202e-02, Grad norm = 8.647966e-05, Beta update rate = 3.540639e-05
Epoch  24600 (0.5%): Train pred MSE = 2.582687e-05, Test pred MSE = 8.228056e-03, Param MSE = 8.330597e-02, Grad norm = 8.501295e-05, Beta update rate = 3.477789e-05
Epoch  24800 (0.5%): Train pred MSE = 2.511640e-05, Test pred MSE = 8.225714e-03, Param MSE = 8.328054e-02, Grad norm = 8.358041e-05, Beta update rate = 3.416469e-05
Epoch  25000 (0.5%): Train pred MSE = 2.442959e-05, Test pred MSE = 8.223430e-03, Param MSE = 8.325571e-02, Grad norm = 8.218104e-05, Beta update rate = 3.356630e-05
Epoch  25200 (0.5%): Train pred MSE = 2.376552e-05, Test pred MSE = 8.221203e-03, Param MSE = 8.323146e-02, Grad norm = 8.081384e-05, Beta update rate = 3.298227e-05
Epoch  25400 (0.5%): Train pred MSE = 2.312329e-05, Test pred MSE = 8.219029e-03, Param MSE = 8.320778e-02, Grad norm = 7.947788e-05, Beta update rate = 3.241214e-05
Epoch  25600 (0.5%): Train pred MSE = 2.250205e-05, Test pred MSE = 8.216909e-03, Param MSE = 8.318465e-02, Grad norm = 7.817225e-05, Beta update rate = 3.185549e-05
Epoch  25800 (0.5%): Train pred MSE = 2.190100e-05, Test pred MSE = 8.214840e-03, Param MSE = 8.316205e-02, Grad norm = 7.689607e-05, Beta update rate = 3.131192e-05
Epoch  26000 (0.5%): Train pred MSE = 2.131934e-05, Test pred MSE = 8.212820e-03, Param MSE = 8.313997e-02, Grad norm = 7.564849e-05, Beta update rate = 3.078101e-05
Epoch  26200 (0.5%): Train pred MSE = 2.075636e-05, Test pred MSE = 8.210849e-03, Param MSE = 8.311839e-02, Grad norm = 7.442870e-05, Beta update rate = 3.026240e-05
Epoch  26400 (0.5%): Train pred MSE = 2.021132e-05, Test pred MSE = 8.208924e-03, Param MSE = 8.309730e-02, Grad norm = 7.323590e-05, Beta update rate = 2.975571e-05
Epoch  26600 (0.5%): Train pred MSE = 1.968357e-05, Test pred MSE = 8.207045e-03, Param MSE = 8.307669e-02, Grad norm = 7.206934e-05, Beta update rate = 2.926059e-05
Epoch  26800 (0.5%): Train pred MSE = 1.917244e-05, Test pred MSE = 8.205210e-03, Param MSE = 8.305654e-02, Grad norm = 7.092827e-05, Beta update rate = 2.877670e-05
Epoch  27000 (0.5%): Train pred MSE = 1.867732e-05, Test pred MSE = 8.203417e-03, Param MSE = 8.303683e-02, Grad norm = 6.981199e-05, Beta update rate = 2.830370e-05
Epoch  27200 (0.5%): Train pred MSE = 1.819762e-05, Test pred MSE = 8.201667e-03, Param MSE = 8.301757e-02, Grad norm = 6.871981e-05, Beta update rate = 2.784128e-05
Epoch  27400 (0.5%): Train pred MSE = 1.773276e-05, Test pred MSE = 8.199956e-03, Param MSE = 8.299873e-02, Grad norm = 6.765106e-05, Beta update rate = 2.738913e-05
Epoch  27600 (0.6%): Train pred MSE = 1.728221e-05, Test pred MSE = 8.198285e-03, Param MSE = 8.298030e-02, Grad norm = 6.660511e-05, Beta update rate = 2.694696e-05
Epoch  27800 (0.6%): Train pred MSE = 1.684545e-05, Test pred MSE = 8.196652e-03, Param MSE = 8.296227e-02, Grad norm = 6.558133e-05, Beta update rate = 2.651449e-05
Epoch  28000 (0.6%): Train pred MSE = 1.642197e-05, Test pred MSE = 8.195056e-03, Param MSE = 8.294464e-02, Grad norm = 6.457912e-05, Beta update rate = 2.609143e-05
Epoch  28200 (0.6%): Train pred MSE = 1.601130e-05, Test pred MSE = 8.193496e-03, Param MSE = 8.292739e-02, Grad norm = 6.359790e-05, Beta update rate = 2.567752e-05
Epoch  28400 (0.6%): Train pred MSE = 1.561297e-05, Test pred MSE = 8.191970e-03, Param MSE = 8.291050e-02, Grad norm = 6.263712e-05, Beta update rate = 2.527251e-05
Epoch  28600 (0.6%): Train pred MSE = 1.522656e-05, Test pred MSE = 8.190479e-03, Param MSE = 8.289398e-02, Grad norm = 6.169623e-05, Beta update rate = 2.487614e-05
Epoch  28800 (0.6%): Train pred MSE = 1.485164e-05, Test pred MSE = 8.189021e-03, Param MSE = 8.287781e-02, Grad norm = 6.077470e-05, Beta update rate = 2.448818e-05
Epoch  29000 (0.6%): Train pred MSE = 1.448780e-05, Test pred MSE = 8.187595e-03, Param MSE = 8.286198e-02, Grad norm = 5.987203e-05, Beta update rate = 2.410841e-05
Epoch  29200 (0.6%): Train pred MSE = 1.413466e-05, Test pred MSE = 8.186200e-03, Param MSE = 8.284648e-02, Grad norm = 5.898773e-05, Beta update rate = 2.373658e-05
Epoch  29400 (0.6%): Train pred MSE = 1.379184e-05, Test pred MSE = 8.184836e-03, Param MSE = 8.283131e-02, Grad norm = 5.812131e-05, Beta update rate = 2.337250e-05
Epoch  29600 (0.6%): Train pred MSE = 1.345900e-05, Test pred MSE = 8.183501e-03, Param MSE = 8.281645e-02, Grad norm = 5.727232e-05, Beta update rate = 2.301595e-05
Epoch  29800 (0.6%): Train pred MSE = 1.313578e-05, Test pred MSE = 8.182195e-03, Param MSE = 8.280191e-02, Grad norm = 5.644031e-05, Beta update rate = 2.266673e-05
Epoch  30000 (0.6%): Train pred MSE = 1.282186e-05, Test pred MSE = 8.180917e-03, Param MSE = 8.278766e-02, Grad norm = 5.562485e-05, Beta update rate = 2.232464e-05
Epoch  30200 (0.6%): Train pred MSE = 1.251692e-05, Test pred MSE = 8.179666e-03, Param MSE = 8.277370e-02, Grad norm = 5.482552e-05, Beta update rate = 2.198950e-05
Epoch  30400 (0.6%): Train pred MSE = 1.222066e-05, Test pred MSE = 8.178442e-03, Param MSE = 8.276003e-02, Grad norm = 5.404191e-05, Beta update rate = 2.166113e-05
Epoch  30600 (0.6%): Train pred MSE = 1.193278e-05, Test pred MSE = 8.177244e-03, Param MSE = 8.274663e-02, Grad norm = 5.327363e-05, Beta update rate = 2.133935e-05
Epoch  30800 (0.6%): Train pred MSE = 1.165301e-05, Test pred MSE = 8.176070e-03, Param MSE = 8.273351e-02, Grad norm = 5.252029e-05, Beta update rate = 2.102398e-05
Epoch  31000 (0.6%): Train pred MSE = 1.138108e-05, Test pred MSE = 8.174922e-03, Param MSE = 8.272065e-02, Grad norm = 5.178154e-05, Beta update rate = 2.071487e-05
Epoch  31200 (0.6%): Train pred MSE = 1.111672e-05, Test pred MSE = 8.173797e-03, Param MSE = 8.270805e-02, Grad norm = 5.105700e-05, Beta update rate = 2.041186e-05
Epoch  31400 (0.6%): Train pred MSE = 1.085969e-05, Test pred MSE = 8.172695e-03, Param MSE = 8.269570e-02, Grad norm = 5.034633e-05, Beta update rate = 2.011478e-05
Epoch  31600 (0.6%): Train pred MSE = 1.060974e-05, Test pred MSE = 8.171616e-03, Param MSE = 8.268359e-02, Grad norm = 4.964919e-05, Beta update rate = 1.982349e-05
Epoch  31800 (0.6%): Train pred MSE = 1.036665e-05, Test pred MSE = 8.170559e-03, Param MSE = 8.267172e-02, Grad norm = 4.896525e-05, Beta update rate = 1.953785e-05
Epoch  32000 (0.6%): Train pred MSE = 1.013020e-05, Test pred MSE = 8.169523e-03, Param MSE = 8.266009e-02, Grad norm = 4.829420e-05, Beta update rate = 1.925772e-05
Epoch  32200 (0.6%): Train pred MSE = 9.900167e-06, Test pred MSE = 8.168508e-03, Param MSE = 8.264868e-02, Grad norm = 4.763573e-05, Beta update rate = 1.898295e-05
Epoch  32400 (0.6%): Train pred MSE = 9.676347e-06, Test pred MSE = 8.167514e-03, Param MSE = 8.263750e-02, Grad norm = 4.698953e-05, Beta update rate = 1.871341e-05
Epoch  32600 (0.7%): Train pred MSE = 9.458544e-06, Test pred MSE = 8.166539e-03, Param MSE = 8.262653e-02, Grad norm = 4.635532e-05, Beta update rate = 1.844899e-05
Epoch  32800 (0.7%): Train pred MSE = 9.246565e-06, Test pred MSE = 8.165584e-03, Param MSE = 8.261577e-02, Grad norm = 4.573281e-05, Beta update rate = 1.818955e-05
Epoch  33000 (0.7%): Train pred MSE = 9.040228e-06, Test pred MSE = 8.164648e-03, Param MSE = 8.260522e-02, Grad norm = 4.512173e-05, Beta update rate = 1.793498e-05
Epoch  33200 (0.7%): Train pred MSE = 8.839354e-06, Test pred MSE = 8.163730e-03, Param MSE = 8.259487e-02, Grad norm = 4.452181e-05, Beta update rate = 1.768515e-05
Epoch  33400 (0.7%): Train pred MSE = 8.643774e-06, Test pred MSE = 8.162830e-03, Param MSE = 8.258471e-02, Grad norm = 4.393279e-05, Beta update rate = 1.743996e-05
Epoch  33600 (0.7%): Train pred MSE = 8.453321e-06, Test pred MSE = 8.161948e-03, Param MSE = 8.257475e-02, Grad norm = 4.335441e-05, Beta update rate = 1.719929e-05
Epoch  33800 (0.7%): Train pred MSE = 8.267838e-06, Test pred MSE = 8.161083e-03, Param MSE = 8.256498e-02, Grad norm = 4.278644e-05, Beta update rate = 1.696303e-05
Epoch  34000 (0.7%): Train pred MSE = 8.087171e-06, Test pred MSE = 8.160234e-03, Param MSE = 8.255539e-02, Grad norm = 4.222863e-05, Beta update rate = 1.673110e-05
Epoch  34200 (0.7%): Train pred MSE = 7.911173e-06, Test pred MSE = 8.159402e-03, Param MSE = 8.254597e-02, Grad norm = 4.168076e-05, Beta update rate = 1.650337e-05
Epoch  34400 (0.7%): Train pred MSE = 7.739701e-06, Test pred MSE = 8.158585e-03, Param MSE = 8.253674e-02, Grad norm = 4.114259e-05, Beta update rate = 1.627976e-05
Epoch  34600 (0.7%): Train pred MSE = 7.572618e-06, Test pred MSE = 8.157784e-03, Param MSE = 8.252767e-02, Grad norm = 4.061391e-05, Beta update rate = 1.606017e-05
Epoch  34800 (0.7%): Train pred MSE = 7.409792e-06, Test pred MSE = 8.156999e-03, Param MSE = 8.251877e-02, Grad norm = 4.009451e-05, Beta update rate = 1.584452e-05
Epoch  35000 (0.7%): Train pred MSE = 7.251094e-06, Test pred MSE = 8.156227e-03, Param MSE = 8.251003e-02, Grad norm = 3.958417e-05, Beta update rate = 1.563270e-05
Epoch  35200 (0.7%): Train pred MSE = 7.096400e-06, Test pred MSE = 8.155471e-03, Param MSE = 8.250145e-02, Grad norm = 3.908270e-05, Beta update rate = 1.542463e-05
Epoch  35400 (0.7%): Train pred MSE = 6.945592e-06, Test pred MSE = 8.154728e-03, Param MSE = 8.249303e-02, Grad norm = 3.858989e-05, Beta update rate = 1.522023e-05
Epoch  35600 (0.7%): Train pred MSE = 6.798555e-06, Test pred MSE = 8.153999e-03, Param MSE = 8.248476e-02, Grad norm = 3.810556e-05, Beta update rate = 1.501942e-05
Epoch  35800 (0.7%): Train pred MSE = 6.655176e-06, Test pred MSE = 8.153284e-03, Param MSE = 8.247664e-02, Grad norm = 3.762952e-05, Beta update rate = 1.482211e-05
Epoch  36000 (0.7%): Train pred MSE = 6.515350e-06, Test pred MSE = 8.152581e-03, Param MSE = 8.246867e-02, Grad norm = 3.716159e-05, Beta update rate = 1.462823e-05
Epoch  36200 (0.7%): Train pred MSE = 6.378972e-06, Test pred MSE = 8.151892e-03, Param MSE = 8.246083e-02, Grad norm = 3.670159e-05, Beta update rate = 1.443770e-05
Epoch  36400 (0.7%): Train pred MSE = 6.245941e-06, Test pred MSE = 8.151215e-03, Param MSE = 8.245314e-02, Grad norm = 3.624935e-05, Beta update rate = 1.425045e-05
Epoch  36600 (0.7%): Train pred MSE = 6.116161e-06, Test pred MSE = 8.150550e-03, Param MSE = 8.244558e-02, Grad norm = 3.580470e-05, Beta update rate = 1.406641e-05
Epoch  36800 (0.7%): Train pred MSE = 5.989539e-06, Test pred MSE = 8.149897e-03, Param MSE = 8.243816e-02, Grad norm = 3.536747e-05, Beta update rate = 1.388550e-05
Epoch  37000 (0.7%): Train pred MSE = 5.865983e-06, Test pred MSE = 8.149256e-03, Param MSE = 8.243086e-02, Grad norm = 3.493752e-05, Beta update rate = 1.370767e-05
Epoch  37200 (0.7%): Train pred MSE = 5.745406e-06, Test pred MSE = 8.148626e-03, Param MSE = 8.242370e-02, Grad norm = 3.451468e-05, Beta update rate = 1.353284e-05
Epoch  37400 (0.7%): Train pred MSE = 5.627724e-06, Test pred MSE = 8.148007e-03, Param MSE = 8.241665e-02, Grad norm = 3.409880e-05, Beta update rate = 1.336094e-05
Epoch  37600 (0.8%): Train pred MSE = 5.512855e-06, Test pred MSE = 8.147399e-03, Param MSE = 8.240973e-02, Grad norm = 3.368974e-05, Beta update rate = 1.319193e-05
Epoch  37800 (0.8%): Train pred MSE = 5.400719e-06, Test pred MSE = 8.146802e-03, Param MSE = 8.240293e-02, Grad norm = 3.328735e-05, Beta update rate = 1.302573e-05
Epoch  38000 (0.8%): Train pred MSE = 5.291240e-06, Test pred MSE = 8.146215e-03, Param MSE = 8.239625e-02, Grad norm = 3.289149e-05, Beta update rate = 1.286228e-05
Epoch  38200 (0.8%): Train pred MSE = 5.184344e-06, Test pred MSE = 8.145638e-03, Param MSE = 8.238968e-02, Grad norm = 3.250202e-05, Beta update rate = 1.270153e-05
Epoch  38400 (0.8%): Train pred MSE = 5.079959e-06, Test pred MSE = 8.145072e-03, Param MSE = 8.238322e-02, Grad norm = 3.211882e-05, Beta update rate = 1.254343e-05
Epoch  38600 (0.8%): Train pred MSE = 4.978016e-06, Test pred MSE = 8.144515e-03, Param MSE = 8.237687e-02, Grad norm = 3.174175e-05, Beta update rate = 1.238791e-05
Epoch  38800 (0.8%): Train pred MSE = 4.878447e-06, Test pred MSE = 8.143967e-03, Param MSE = 8.237063e-02, Grad norm = 3.137068e-05, Beta update rate = 1.223492e-05
Epoch  39000 (0.8%): Train pred MSE = 4.781188e-06, Test pred MSE = 8.143429e-03, Param MSE = 8.236450e-02, Grad norm = 3.100549e-05, Beta update rate = 1.208442e-05
Epoch  39200 (0.8%): Train pred MSE = 4.686175e-06, Test pred MSE = 8.142900e-03, Param MSE = 8.235846e-02, Grad norm = 3.064606e-05, Beta update rate = 1.193634e-05
Epoch  39400 (0.8%): Train pred MSE = 4.593348e-06, Test pred MSE = 8.142380e-03, Param MSE = 8.235253e-02, Grad norm = 3.029228e-05, Beta update rate = 1.179065e-05
Epoch  39600 (0.8%): Train pred MSE = 4.502648e-06, Test pred MSE = 8.141869e-03, Param MSE = 8.234670e-02, Grad norm = 2.994402e-05, Beta update rate = 1.164728e-05
Epoch  39800 (0.8%): Train pred MSE = 4.414016e-06, Test pred MSE = 8.141366e-03, Param MSE = 8.234096e-02, Grad norm = 2.960118e-05, Beta update rate = 1.150620e-05
Epoch  40000 (0.8%): Train pred MSE = 4.327399e-06, Test pred MSE = 8.140872e-03, Param MSE = 8.233532e-02, Grad norm = 2.926364e-05, Beta update rate = 1.136736e-05
Epoch  40200 (0.8%): Train pred MSE = 4.242741e-06, Test pred MSE = 8.140386e-03, Param MSE = 8.232977e-02, Grad norm = 2.893131e-05, Beta update rate = 1.123072e-05
Epoch  40400 (0.8%): Train pred MSE = 4.159992e-06, Test pred MSE = 8.139907e-03, Param MSE = 8.232431e-02, Grad norm = 2.860407e-05, Beta update rate = 1.109622e-05
Epoch  40600 (0.8%): Train pred MSE = 4.079100e-06, Test pred MSE = 8.139437e-03, Param MSE = 8.231894e-02, Grad norm = 2.828182e-05, Beta update rate = 1.096383e-05
Epoch  40800 (0.8%): Train pred MSE = 4.000017e-06, Test pred MSE = 8.138974e-03, Param MSE = 8.231366e-02, Grad norm = 2.796447e-05, Beta update rate = 1.083350e-05
Epoch  41000 (0.8%): Train pred MSE = 3.922695e-06, Test pred MSE = 8.138519e-03, Param MSE = 8.230847e-02, Grad norm = 2.765191e-05, Beta update rate = 1.070520e-05
Epoch  41200 (0.8%): Train pred MSE = 3.847089e-06, Test pred MSE = 8.138071e-03, Param MSE = 8.230335e-02, Grad norm = 2.734406e-05, Beta update rate = 1.057888e-05
Epoch  41400 (0.8%): Train pred MSE = 3.773154e-06, Test pred MSE = 8.137631e-03, Param MSE = 8.229832e-02, Grad norm = 2.704082e-05, Beta update rate = 1.045451e-05
Epoch  41600 (0.8%): Train pred MSE = 3.700846e-06, Test pred MSE = 8.137197e-03, Param MSE = 8.229338e-02, Grad norm = 2.674209e-05, Beta update rate = 1.033205e-05
Epoch  41800 (0.8%): Train pred MSE = 3.630124e-06, Test pred MSE = 8.136771e-03, Param MSE = 8.228851e-02, Grad norm = 2.644780e-05, Beta update rate = 1.021145e-05
Epoch  42000 (0.8%): Train pred MSE = 3.560947e-06, Test pred MSE = 8.136351e-03, Param MSE = 8.228371e-02, Grad norm = 2.615786e-05, Beta update rate = 1.009269e-05
Epoch  42200 (0.8%): Train pred MSE = 3.493276e-06, Test pred MSE = 8.135938e-03, Param MSE = 8.227900e-02, Grad norm = 2.587217e-05, Beta update rate = 9.975731e-06
Epoch  42400 (0.8%): Train pred MSE = 3.427072e-06, Test pred MSE = 8.135532e-03, Param MSE = 8.227435e-02, Grad norm = 2.559067e-05, Beta update rate = 9.860533e-06
Epoch  42600 (0.9%): Train pred MSE = 3.362298e-06, Test pred MSE = 8.135132e-03, Param MSE = 8.226979e-02, Grad norm = 2.531327e-05, Beta update rate = 9.747066e-06
Epoch  42800 (0.9%): Train pred MSE = 3.298918e-06, Test pred MSE = 8.134738e-03, Param MSE = 8.226529e-02, Grad norm = 2.503988e-05, Beta update rate = 9.635296e-06
Epoch  43000 (0.9%): Train pred MSE = 3.236897e-06, Test pred MSE = 8.134350e-03, Param MSE = 8.226086e-02, Grad norm = 2.477044e-05, Beta update rate = 9.525191e-06
Epoch  43200 (0.9%): Train pred MSE = 3.176202e-06, Test pred MSE = 8.133968e-03, Param MSE = 8.225650e-02, Grad norm = 2.450487e-05, Beta update rate = 9.416720e-06
Epoch  43400 (0.9%): Train pred MSE = 3.116798e-06, Test pred MSE = 8.133592e-03, Param MSE = 8.225221e-02, Grad norm = 2.424309e-05, Beta update rate = 9.309852e-06
Epoch  43600 (0.9%): Train pred MSE = 3.058655e-06, Test pred MSE = 8.133222e-03, Param MSE = 8.224799e-02, Grad norm = 2.398504e-05, Beta update rate = 9.204556e-06
Epoch  43800 (0.9%): Train pred MSE = 3.001741e-06, Test pred MSE = 8.132858e-03, Param MSE = 8.224383e-02, Grad norm = 2.373064e-05, Beta update rate = 9.100804e-06
Epoch  44000 (0.9%): Train pred MSE = 2.946026e-06, Test pred MSE = 8.132499e-03, Param MSE = 8.223974e-02, Grad norm = 2.347983e-05, Beta update rate = 8.998567e-06
Epoch  44200 (0.9%): Train pred MSE = 2.891480e-06, Test pred MSE = 8.132146e-03, Param MSE = 8.223570e-02, Grad norm = 2.323253e-05, Beta update rate = 8.897815e-06
Epoch  44400 (0.9%): Train pred MSE = 2.838075e-06, Test pred MSE = 8.131798e-03, Param MSE = 8.223173e-02, Grad norm = 2.298869e-05, Beta update rate = 8.798523e-06
Epoch  44600 (0.9%): Train pred MSE = 2.785783e-06, Test pred MSE = 8.131456e-03, Param MSE = 8.222782e-02, Grad norm = 2.274824e-05, Beta update rate = 8.700663e-06
Epoch  44800 (0.9%): Train pred MSE = 2.734577e-06, Test pred MSE = 8.131118e-03, Param MSE = 8.222397e-02, Grad norm = 2.251112e-05, Beta update rate = 8.604208e-06
Epoch  45000 (0.9%): Train pred MSE = 2.684432e-06, Test pred MSE = 8.130786e-03, Param MSE = 8.222018e-02, Grad norm = 2.227726e-05, Beta update rate = 8.509134e-06
Epoch  45200 (0.9%): Train pred MSE = 2.635322e-06, Test pred MSE = 8.130458e-03, Param MSE = 8.221645e-02, Grad norm = 2.204661e-05, Beta update rate = 8.415414e-06
Epoch  45400 (0.9%): Train pred MSE = 2.587221e-06, Test pred MSE = 8.130136e-03, Param MSE = 8.221277e-02, Grad norm = 2.181911e-05, Beta update rate = 8.323025e-06
Epoch  45600 (0.9%): Train pred MSE = 2.540106e-06, Test pred MSE = 8.129818e-03, Param MSE = 8.220915e-02, Grad norm = 2.159470e-05, Beta update rate = 8.231942e-06
Epoch  45800 (0.9%): Train pred MSE = 2.493954e-06, Test pred MSE = 8.129505e-03, Param MSE = 8.220558e-02, Grad norm = 2.137332e-05, Beta update rate = 8.142141e-06
Epoch  46000 (0.9%): Train pred MSE = 2.448742e-06, Test pred MSE = 8.129196e-03, Param MSE = 8.220206e-02, Grad norm = 2.115492e-05, Beta update rate = 8.053601e-06
Epoch  46200 (0.9%): Train pred MSE = 2.404448e-06, Test pred MSE = 8.128892e-03, Param MSE = 8.219860e-02, Grad norm = 2.093945e-05, Beta update rate = 7.966297e-06
Epoch  46400 (0.9%): Train pred MSE = 2.361050e-06, Test pred MSE = 8.128593e-03, Param MSE = 8.219518e-02, Grad norm = 2.072686e-05, Beta update rate = 7.880208e-06
Epoch  46600 (0.9%): Train pred MSE = 2.318527e-06, Test pred MSE = 8.128298e-03, Param MSE = 8.219182e-02, Grad norm = 2.051709e-05, Beta update rate = 7.795313e-06
Epoch  46800 (0.9%): Train pred MSE = 2.276859e-06, Test pred MSE = 8.128007e-03, Param MSE = 8.218851e-02, Grad norm = 2.031009e-05, Beta update rate = 7.711589e-06
Epoch  47000 (0.9%): Train pred MSE = 2.236027e-06, Test pred MSE = 8.127721e-03, Param MSE = 8.218524e-02, Grad norm = 2.010582e-05, Beta update rate = 7.629018e-06
Epoch  47200 (0.9%): Train pred MSE = 2.196010e-06, Test pred MSE = 8.127438e-03, Param MSE = 8.218203e-02, Grad norm = 1.990423e-05, Beta update rate = 7.547578e-06
Epoch  47400 (0.9%): Train pred MSE = 2.156791e-06, Test pred MSE = 8.127160e-03, Param MSE = 8.217886e-02, Grad norm = 1.970526e-05, Beta update rate = 7.467249e-06
Epoch  47600 (1.0%): Train pred MSE = 2.118351e-06, Test pred MSE = 8.126885e-03, Param MSE = 8.217574e-02, Grad norm = 1.950888e-05, Beta update rate = 7.388012e-06
Epoch  47800 (1.0%): Train pred MSE = 2.080671e-06, Test pred MSE = 8.126615e-03, Param MSE = 8.217266e-02, Grad norm = 1.931504e-05, Beta update rate = 7.309849e-06
Epoch  48000 (1.0%): Train pred MSE = 2.043736e-06, Test pred MSE = 8.126348e-03, Param MSE = 8.216963e-02, Grad norm = 1.912369e-05, Beta update rate = 7.232740e-06
Epoch  48200 (1.0%): Train pred MSE = 2.007528e-06, Test pred MSE = 8.126085e-03, Param MSE = 8.216664e-02, Grad norm = 1.893480e-05, Beta update rate = 7.156667e-06
Epoch  48400 (1.0%): Train pred MSE = 1.972031e-06, Test pred MSE = 8.125826e-03, Param MSE = 8.216369e-02, Grad norm = 1.874831e-05, Beta update rate = 7.081613e-06
Epoch  48600 (1.0%): Train pred MSE = 1.937228e-06, Test pred MSE = 8.125571e-03, Param MSE = 8.216079e-02, Grad norm = 1.856420e-05, Beta update rate = 7.007559e-06
Epoch  48800 (1.0%): Train pred MSE = 1.903105e-06, Test pred MSE = 8.125319e-03, Param MSE = 8.215793e-02, Grad norm = 1.838241e-05, Beta update rate = 6.934490e-06
Epoch  49000 (1.0%): Train pred MSE = 1.869646e-06, Test pred MSE = 8.125071e-03, Param MSE = 8.215510e-02, Grad norm = 1.820292e-05, Beta update rate = 6.862388e-06
Epoch  49200 (1.0%): Train pred MSE = 1.836836e-06, Test pred MSE = 8.124826e-03, Param MSE = 8.215232e-02, Grad norm = 1.802567e-05, Beta update rate = 6.791236e-06
Epoch  49400 (1.0%): Train pred MSE = 1.804661e-06, Test pred MSE = 8.124585e-03, Param MSE = 8.214958e-02, Grad norm = 1.785064e-05, Beta update rate = 6.721020e-06
Epoch  49600 (1.0%): Train pred MSE = 1.773107e-06, Test pred MSE = 8.124346e-03, Param MSE = 8.214688e-02, Grad norm = 1.767778e-05, Beta update rate = 6.651722e-06
Epoch  49800 (1.0%): Train pred MSE = 1.742160e-06, Test pred MSE = 8.124112e-03, Param MSE = 8.214422e-02, Grad norm = 1.750707e-05, Beta update rate = 6.583327e-06
Epoch  50000 (1.0%): Train pred MSE = 1.711807e-06, Test pred MSE = 8.123880e-03, Param MSE = 8.214159e-02, Grad norm = 1.733846e-05, Beta update rate = 6.515821e-06
Epoch  50200 (1.0%): Train pred MSE = 1.682036e-06, Test pred MSE = 8.123652e-03, Param MSE = 8.213900e-02, Grad norm = 1.717191e-05, Beta update rate = 6.449189e-06
Epoch  50400 (1.0%): Train pred MSE = 1.652833e-06, Test pred MSE = 8.123427e-03, Param MSE = 8.213645e-02, Grad norm = 1.700741e-05, Beta update rate = 6.383415e-06
Epoch  50600 (1.0%): Train pred MSE = 1.624186e-06, Test pred MSE = 8.123205e-03, Param MSE = 8.213393e-02, Grad norm = 1.684490e-05, Beta update rate = 6.318487e-06
Epoch  50800 (1.0%): Train pred MSE = 1.596083e-06, Test pred MSE = 8.122986e-03, Param MSE = 8.213145e-02, Grad norm = 1.668437e-05, Beta update rate = 6.254389e-06
Epoch  51000 (1.0%): Train pred MSE = 1.568512e-06, Test pred MSE = 8.122770e-03, Param MSE = 8.212900e-02, Grad norm = 1.652577e-05, Beta update rate = 6.191109e-06
Epoch  51200 (1.0%): Train pred MSE = 1.541463e-06, Test pred MSE = 8.122557e-03, Param MSE = 8.212659e-02, Grad norm = 1.636908e-05, Beta update rate = 6.128632e-06
Epoch  51400 (1.0%): Train pred MSE = 1.514923e-06, Test pred MSE = 8.122346e-03, Param MSE = 8.212421e-02, Grad norm = 1.621426e-05, Beta update rate = 6.066946e-06
Epoch  51600 (1.0%): Train pred MSE = 1.488882e-06, Test pred MSE = 8.122139e-03, Param MSE = 8.212186e-02, Grad norm = 1.606129e-05, Beta update rate = 6.006038e-06
Epoch  51800 (1.0%): Train pred MSE = 1.463330e-06, Test pred MSE = 8.121934e-03, Param MSE = 8.211954e-02, Grad norm = 1.591014e-05, Beta update rate = 5.945896e-06
Epoch  52000 (1.0%): Train pred MSE = 1.438256e-06, Test pred MSE = 8.121733e-03, Param MSE = 8.211726e-02, Grad norm = 1.576077e-05, Beta update rate = 5.886506e-06
Epoch  52200 (1.0%): Train pred MSE = 1.413650e-06, Test pred MSE = 8.121534e-03, Param MSE = 8.211501e-02, Grad norm = 1.561316e-05, Beta update rate = 5.827858e-06
Epoch  52400 (1.0%): Train pred MSE = 1.389502e-06, Test pred MSE = 8.121337e-03, Param MSE = 8.211279e-02, Grad norm = 1.546729e-05, Beta update rate = 5.769938e-06
Epoch  52600 (1.1%): Train pred MSE = 1.365803e-06, Test pred MSE = 8.121143e-03, Param MSE = 8.211060e-02, Grad norm = 1.532311e-05, Beta update rate = 5.712736e-06
Epoch  52800 (1.1%): Train pred MSE = 1.342543e-06, Test pred MSE = 8.120952e-03, Param MSE = 8.210844e-02, Grad norm = 1.518062e-05, Beta update rate = 5.656239e-06
Epoch  53000 (1.1%): Train pred MSE = 1.319713e-06, Test pred MSE = 8.120764e-03, Param MSE = 8.210631e-02, Grad norm = 1.503977e-05, Beta update rate = 5.600437e-06
Epoch  53200 (1.1%): Train pred MSE = 1.297304e-06, Test pred MSE = 8.120578e-03, Param MSE = 8.210421e-02, Grad norm = 1.490056e-05, Beta update rate = 5.545320e-06
Epoch  53400 (1.1%): Train pred MSE = 1.275308e-06, Test pred MSE = 8.120394e-03, Param MSE = 8.210214e-02, Grad norm = 1.476294e-05, Beta update rate = 5.490875e-06
Epoch  53600 (1.1%): Train pred MSE = 1.253715e-06, Test pred MSE = 8.120213e-03, Param MSE = 8.210009e-02, Grad norm = 1.462690e-05, Beta update rate = 5.437092e-06
Epoch  53800 (1.1%): Train pred MSE = 1.232519e-06, Test pred MSE = 8.120034e-03, Param MSE = 8.209808e-02, Grad norm = 1.449241e-05, Beta update rate = 5.383962e-06
Epoch  54000 (1.1%): Train pred MSE = 1.211709e-06, Test pred MSE = 8.119857e-03, Param MSE = 8.209609e-02, Grad norm = 1.435945e-05, Beta update rate = 5.331474e-06
Epoch  54200 (1.1%): Train pred MSE = 1.191280e-06, Test pred MSE = 8.119683e-03, Param MSE = 8.209413e-02, Grad norm = 1.422799e-05, Beta update rate = 5.279617e-06
Epoch  54400 (1.1%): Train pred MSE = 1.171223e-06, Test pred MSE = 8.119511e-03, Param MSE = 8.209219e-02, Grad norm = 1.409802e-05, Beta update rate = 5.228383e-06
Epoch  54600 (1.1%): Train pred MSE = 1.151529e-06, Test pred MSE = 8.119342e-03, Param MSE = 8.209028e-02, Grad norm = 1.396951e-05, Beta update rate = 5.177762e-06
Epoch  54800 (1.1%): Train pred MSE = 1.132193e-06, Test pred MSE = 8.119174e-03, Param MSE = 8.208840e-02, Grad norm = 1.384243e-05, Beta update rate = 5.127744e-06
Epoch  55000 (1.1%): Train pred MSE = 1.113207e-06, Test pred MSE = 8.119009e-03, Param MSE = 8.208654e-02, Grad norm = 1.371678e-05, Beta update rate = 5.078319e-06
Epoch  55200 (1.1%): Train pred MSE = 1.094564e-06, Test pred MSE = 8.118846e-03, Param MSE = 8.208470e-02, Grad norm = 1.359252e-05, Beta update rate = 5.029480e-06
Epoch  55400 (1.1%): Train pred MSE = 1.076256e-06, Test pred MSE = 8.118685e-03, Param MSE = 8.208289e-02, Grad norm = 1.346963e-05, Beta update rate = 4.981217e-06
Epoch  55600 (1.1%): Train pred MSE = 1.058278e-06, Test pred MSE = 8.118526e-03, Param MSE = 8.208111e-02, Grad norm = 1.334811e-05, Beta update rate = 4.933522e-06
Epoch  55800 (1.1%): Train pred MSE = 1.040622e-06, Test pred MSE = 8.118369e-03, Param MSE = 8.207935e-02, Grad norm = 1.322791e-05, Beta update rate = 4.886385e-06
Epoch  56000 (1.1%): Train pred MSE = 1.023282e-06, Test pred MSE = 8.118215e-03, Param MSE = 8.207761e-02, Grad norm = 1.310904e-05, Beta update rate = 4.839799e-06
Epoch  56200 (1.1%): Train pred MSE = 1.006253e-06, Test pred MSE = 8.118062e-03, Param MSE = 8.207589e-02, Grad norm = 1.299146e-05, Beta update rate = 4.793755e-06
Epoch  56400 (1.1%): Train pred MSE = 9.895271e-07, Test pred MSE = 8.117911e-03, Param MSE = 8.207420e-02, Grad norm = 1.287516e-05, Beta update rate = 4.748245e-06
Epoch  56600 (1.1%): Train pred MSE = 9.730991e-07, Test pred MSE = 8.117762e-03, Param MSE = 8.207253e-02, Grad norm = 1.276012e-05, Beta update rate = 4.703262e-06
Epoch  56800 (1.1%): Train pred MSE = 9.569632e-07, Test pred MSE = 8.117615e-03, Param MSE = 8.207088e-02, Grad norm = 1.264632e-05, Beta update rate = 4.658797e-06
Epoch  57000 (1.1%): Train pred MSE = 9.411135e-07, Test pred MSE = 8.117470e-03, Param MSE = 8.206926e-02, Grad norm = 1.253374e-05, Beta update rate = 4.614842e-06
Epoch  57200 (1.1%): Train pred MSE = 9.255445e-07, Test pred MSE = 8.117327e-03, Param MSE = 8.206765e-02, Grad norm = 1.242238e-05, Beta update rate = 4.571391e-06
Epoch  57400 (1.1%): Train pred MSE = 9.102507e-07, Test pred MSE = 8.117185e-03, Param MSE = 8.206607e-02, Grad norm = 1.231220e-05, Beta update rate = 4.528436e-06
Epoch  57600 (1.2%): Train pred MSE = 8.952267e-07, Test pred MSE = 8.117046e-03, Param MSE = 8.206451e-02, Grad norm = 1.220320e-05, Beta update rate = 4.485970e-06
Epoch  57800 (1.2%): Train pred MSE = 8.804673e-07, Test pred MSE = 8.116908e-03, Param MSE = 8.206296e-02, Grad norm = 1.209535e-05, Beta update rate = 4.443986e-06
Epoch  58000 (1.2%): Train pred MSE = 8.659675e-07, Test pred MSE = 8.116772e-03, Param MSE = 8.206144e-02, Grad norm = 1.198865e-05, Beta update rate = 4.402476e-06
Epoch  58200 (1.2%): Train pred MSE = 8.517221e-07, Test pred MSE = 8.116638e-03, Param MSE = 8.205994e-02, Grad norm = 1.188307e-05, Beta update rate = 4.361434e-06
Epoch  58400 (1.2%): Train pred MSE = 8.377263e-07, Test pred MSE = 8.116505e-03, Param MSE = 8.205846e-02, Grad norm = 1.177860e-05, Beta update rate = 4.320853e-06
Epoch  58600 (1.2%): Train pred MSE = 8.239753e-07, Test pred MSE = 8.116374e-03, Param MSE = 8.205699e-02, Grad norm = 1.167522e-05, Beta update rate = 4.280726e-06
Epoch  58800 (1.2%): Train pred MSE = 8.104644e-07, Test pred MSE = 8.116245e-03, Param MSE = 8.205555e-02, Grad norm = 1.157293e-05, Beta update rate = 4.241048e-06
Epoch  59000 (1.2%): Train pred MSE = 7.971890e-07, Test pred MSE = 8.116117e-03, Param MSE = 8.205412e-02, Grad norm = 1.147169e-05, Beta update rate = 4.201811e-06
Epoch  59200 (1.2%): Train pred MSE = 7.841447e-07, Test pred MSE = 8.115991e-03, Param MSE = 8.205272e-02, Grad norm = 1.137151e-05, Beta update rate = 4.163010e-06
Epoch  59400 (1.2%): Train pred MSE = 7.713270e-07, Test pred MSE = 8.115866e-03, Param MSE = 8.205133e-02, Grad norm = 1.127237e-05, Beta update rate = 4.124638e-06
Epoch  59600 (1.2%): Train pred MSE = 7.587316e-07, Test pred MSE = 8.115743e-03, Param MSE = 8.204996e-02, Grad norm = 1.117425e-05, Beta update rate = 4.086689e-06
Epoch  59800 (1.2%): Train pred MSE = 7.463545e-07, Test pred MSE = 8.115622e-03, Param MSE = 8.204861e-02, Grad norm = 1.107713e-05, Beta update rate = 4.049158e-06
Epoch  60000 (1.2%): Train pred MSE = 7.341913e-07, Test pred MSE = 8.115502e-03, Param MSE = 8.204727e-02, Grad norm = 1.098101e-05, Beta update rate = 4.012038e-06
Epoch  60200 (1.2%): Train pred MSE = 7.222382e-07, Test pred MSE = 8.115384e-03, Param MSE = 8.204595e-02, Grad norm = 1.088588e-05, Beta update rate = 3.975324e-06
Epoch  60400 (1.2%): Train pred MSE = 7.104911e-07, Test pred MSE = 8.115267e-03, Param MSE = 8.204465e-02, Grad norm = 1.079171e-05, Beta update rate = 3.939010e-06
Epoch  60600 (1.2%): Train pred MSE = 6.989462e-07, Test pred MSE = 8.115152e-03, Param MSE = 8.204337e-02, Grad norm = 1.069850e-05, Beta update rate = 3.903091e-06
Epoch  60800 (1.2%): Train pred MSE = 6.875998e-07, Test pred MSE = 8.115038e-03, Param MSE = 8.204210e-02, Grad norm = 1.060623e-05, Beta update rate = 3.867561e-06
Epoch  61000 (1.2%): Train pred MSE = 6.764480e-07, Test pred MSE = 8.114925e-03, Param MSE = 8.204085e-02, Grad norm = 1.051490e-05, Beta update rate = 3.832415e-06
Epoch  61200 (1.2%): Train pred MSE = 6.654874e-07, Test pred MSE = 8.114814e-03, Param MSE = 8.203961e-02, Grad norm = 1.042448e-05, Beta update rate = 3.797647e-06
Epoch  61400 (1.2%): Train pred MSE = 6.547143e-07, Test pred MSE = 8.114704e-03, Param MSE = 8.203839e-02, Grad norm = 1.033497e-05, Beta update rate = 3.763253e-06
Epoch  61600 (1.2%): Train pred MSE = 6.441253e-07, Test pred MSE = 8.114596e-03, Param MSE = 8.203719e-02, Grad norm = 1.024636e-05, Beta update rate = 3.729228e-06
Epoch  61800 (1.2%): Train pred MSE = 6.337170e-07, Test pred MSE = 8.114489e-03, Param MSE = 8.203600e-02, Grad norm = 1.015863e-05, Beta update rate = 3.695566e-06
Epoch  62000 (1.2%): Train pred MSE = 6.234860e-07, Test pred MSE = 8.114383e-03, Param MSE = 8.203483e-02, Grad norm = 1.007178e-05, Beta update rate = 3.662263e-06
Epoch  62200 (1.2%): Train pred MSE = 6.134290e-07, Test pred MSE = 8.114278e-03, Param MSE = 8.203367e-02, Grad norm = 9.985784e-06, Beta update rate = 3.629314e-06
Epoch  62400 (1.2%): Train pred MSE = 6.035430e-07, Test pred MSE = 8.114175e-03, Param MSE = 8.203253e-02, Grad norm = 9.900643e-06, Beta update rate = 3.596713e-06
Epoch  62600 (1.3%): Train pred MSE = 5.938247e-07, Test pred MSE = 8.114073e-03, Param MSE = 8.203140e-02, Grad norm = 9.816342e-06, Beta update rate = 3.564457e-06
Epoch  62800 (1.3%): Train pred MSE = 5.842711e-07, Test pred MSE = 8.113973e-03, Param MSE = 8.203028e-02, Grad norm = 9.732871e-06, Beta update rate = 3.532541e-06
Epoch  63000 (1.3%): Train pred MSE = 5.748792e-07, Test pred MSE = 8.113874e-03, Param MSE = 8.202918e-02, Grad norm = 9.650219e-06, Beta update rate = 3.500961e-06
Epoch  63200 (1.3%): Train pred MSE = 5.656460e-07, Test pred MSE = 8.113775e-03, Param MSE = 8.202810e-02, Grad norm = 9.568377e-06, Beta update rate = 3.469711e-06
Epoch  63400 (1.3%): Train pred MSE = 5.565686e-07, Test pred MSE = 8.113678e-03, Param MSE = 8.202703e-02, Grad norm = 9.487335e-06, Beta update rate = 3.438788e-06
Epoch  63600 (1.3%): Train pred MSE = 5.476443e-07, Test pred MSE = 8.113583e-03, Param MSE = 8.202597e-02, Grad norm = 9.407082e-06, Beta update rate = 3.408187e-06
Epoch  63800 (1.3%): Train pred MSE = 5.388702e-07, Test pred MSE = 8.113488e-03, Param MSE = 8.202492e-02, Grad norm = 9.327609e-06, Beta update rate = 3.377905e-06
Epoch  64000 (1.3%): Train pred MSE = 5.302437e-07, Test pred MSE = 8.113395e-03, Param MSE = 8.202389e-02, Grad norm = 9.248906e-06, Beta update rate = 3.347937e-06
Epoch  64200 (1.3%): Train pred MSE = 5.217620e-07, Test pred MSE = 8.113303e-03, Param MSE = 8.202287e-02, Grad norm = 9.170964e-06, Beta update rate = 3.318278e-06
Epoch  64400 (1.3%): Train pred MSE = 5.134226e-07, Test pred MSE = 8.113211e-03, Param MSE = 8.202187e-02, Grad norm = 9.093774e-06, Beta update rate = 3.288926e-06
Epoch  64600 (1.3%): Train pred MSE = 5.052228e-07, Test pred MSE = 8.113121e-03, Param MSE = 8.202087e-02, Grad norm = 9.017327e-06, Beta update rate = 3.259876e-06
Epoch  64800 (1.3%): Train pred MSE = 4.971603e-07, Test pred MSE = 8.113033e-03, Param MSE = 8.201989e-02, Grad norm = 8.941613e-06, Beta update rate = 3.231123e-06
Epoch  65000 (1.3%): Train pred MSE = 4.892325e-07, Test pred MSE = 8.112945e-03, Param MSE = 8.201892e-02, Grad norm = 8.866624e-06, Beta update rate = 3.202666e-06
Epoch  65200 (1.3%): Train pred MSE = 4.814371e-07, Test pred MSE = 8.112858e-03, Param MSE = 8.201797e-02, Grad norm = 8.792351e-06, Beta update rate = 3.174499e-06
Epoch  65400 (1.3%): Train pred MSE = 4.737717e-07, Test pred MSE = 8.112772e-03, Param MSE = 8.201702e-02, Grad norm = 8.718786e-06, Beta update rate = 3.146619e-06
Epoch  65600 (1.3%): Train pred MSE = 4.662339e-07, Test pred MSE = 8.112688e-03, Param MSE = 8.201609e-02, Grad norm = 8.645921e-06, Beta update rate = 3.119022e-06
Epoch  65800 (1.3%): Train pred MSE = 4.588215e-07, Test pred MSE = 8.112604e-03, Param MSE = 8.201517e-02, Grad norm = 8.573747e-06, Beta update rate = 3.091705e-06
Epoch  66000 (1.3%): Train pred MSE = 4.515322e-07, Test pred MSE = 8.112522e-03, Param MSE = 8.201426e-02, Grad norm = 8.502255e-06, Beta update rate = 3.064665e-06
Epoch  66200 (1.3%): Train pred MSE = 4.443640e-07, Test pred MSE = 8.112440e-03, Param MSE = 8.201337e-02, Grad norm = 8.431439e-06, Beta update rate = 3.037897e-06
Epoch  66400 (1.3%): Train pred MSE = 4.373146e-07, Test pred MSE = 8.112359e-03, Param MSE = 8.201248e-02, Grad norm = 8.361290e-06, Beta update rate = 3.011399e-06
Epoch  66600 (1.3%): Train pred MSE = 4.303819e-07, Test pred MSE = 8.112280e-03, Param MSE = 8.201161e-02, Grad norm = 8.291800e-06, Beta update rate = 2.985167e-06
Epoch  66800 (1.3%): Train pred MSE = 4.235640e-07, Test pred MSE = 8.112201e-03, Param MSE = 8.201074e-02, Grad norm = 8.222961e-06, Beta update rate = 2.959198e-06
Epoch  67000 (1.3%): Train pred MSE = 4.168587e-07, Test pred MSE = 8.112124e-03, Param MSE = 8.200989e-02, Grad norm = 8.154767e-06, Beta update rate = 2.933488e-06
Epoch  67200 (1.3%): Train pred MSE = 4.102641e-07, Test pred MSE = 8.112047e-03, Param MSE = 8.200905e-02, Grad norm = 8.087210e-06, Beta update rate = 2.908035e-06
Epoch  67400 (1.3%): Train pred MSE = 4.037783e-07, Test pred MSE = 8.111971e-03, Param MSE = 8.200822e-02, Grad norm = 8.020283e-06, Beta update rate = 2.882835e-06
Epoch  67600 (1.4%): Train pred MSE = 3.973993e-07, Test pred MSE = 8.111896e-03, Param MSE = 8.200740e-02, Grad norm = 7.953977e-06, Beta update rate = 2.857885e-06
Epoch  67800 (1.4%): Train pred MSE = 3.911253e-07, Test pred MSE = 8.111822e-03, Param MSE = 8.200659e-02, Grad norm = 7.888287e-06, Beta update rate = 2.833182e-06
Epoch  68000 (1.4%): Train pred MSE = 3.849544e-07, Test pred MSE = 8.111749e-03, Param MSE = 8.200579e-02, Grad norm = 7.823206e-06, Beta update rate = 2.808724e-06
Epoch  68200 (1.4%): Train pred MSE = 3.788849e-07, Test pred MSE = 8.111677e-03, Param MSE = 8.200499e-02, Grad norm = 7.758725e-06, Beta update rate = 2.784507e-06
Epoch  68400 (1.4%): Train pred MSE = 3.729150e-07, Test pred MSE = 8.111606e-03, Param MSE = 8.200421e-02, Grad norm = 7.694840e-06, Beta update rate = 2.760528e-06
Epoch  68600 (1.4%): Train pred MSE = 3.670430e-07, Test pred MSE = 8.111535e-03, Param MSE = 8.200344e-02, Grad norm = 7.631542e-06, Beta update rate = 2.736784e-06
Epoch  68800 (1.4%): Train pred MSE = 3.612671e-07, Test pred MSE = 8.111466e-03, Param MSE = 8.200268e-02, Grad norm = 7.568826e-06, Beta update rate = 2.713273e-06
Epoch  69000 (1.4%): Train pred MSE = 3.555857e-07, Test pred MSE = 8.111397e-03, Param MSE = 8.200193e-02, Grad norm = 7.506685e-06, Beta update rate = 2.689992e-06
Epoch  69200 (1.4%): Train pred MSE = 3.499972e-07, Test pred MSE = 8.111329e-03, Param MSE = 8.200119e-02, Grad norm = 7.445113e-06, Beta update rate = 2.666938e-06
Epoch  69400 (1.4%): Train pred MSE = 3.444999e-07, Test pred MSE = 8.111262e-03, Param MSE = 8.200046e-02, Grad norm = 7.384103e-06, Beta update rate = 2.644109e-06
Epoch  69600 (1.4%): Train pred MSE = 3.390924e-07, Test pred MSE = 8.111196e-03, Param MSE = 8.199973e-02, Grad norm = 7.323649e-06, Beta update rate = 2.621501e-06
Epoch  69800 (1.4%): Train pred MSE = 3.337729e-07, Test pred MSE = 8.111131e-03, Param MSE = 8.199902e-02, Grad norm = 7.263745e-06, Beta update rate = 2.599113e-06
Epoch  70000 (1.4%): Train pred MSE = 3.285401e-07, Test pred MSE = 8.111066e-03, Param MSE = 8.199831e-02, Grad norm = 7.204385e-06, Beta update rate = 2.576941e-06
Epoch  70200 (1.4%): Train pred MSE = 3.233924e-07, Test pred MSE = 8.111002e-03, Param MSE = 8.199762e-02, Grad norm = 7.145563e-06, Beta update rate = 2.554983e-06
Epoch  70400 (1.4%): Train pred MSE = 3.183284e-07, Test pred MSE = 8.110939e-03, Param MSE = 8.199693e-02, Grad norm = 7.087274e-06, Beta update rate = 2.533237e-06
Epoch  70600 (1.4%): Train pred MSE = 3.133467e-07, Test pred MSE = 8.110877e-03, Param MSE = 8.199625e-02, Grad norm = 7.029511e-06, Beta update rate = 2.511700e-06
Epoch  70800 (1.4%): Train pred MSE = 3.084458e-07, Test pred MSE = 8.110815e-03, Param MSE = 8.199558e-02, Grad norm = 6.972269e-06, Beta update rate = 2.490370e-06
Epoch  71000 (1.4%): Train pred MSE = 3.036243e-07, Test pred MSE = 8.110754e-03, Param MSE = 8.199492e-02, Grad norm = 6.915542e-06, Beta update rate = 2.469244e-06
Epoch  71200 (1.4%): Train pred MSE = 2.988810e-07, Test pred MSE = 8.110694e-03, Param MSE = 8.199426e-02, Grad norm = 6.859325e-06, Beta update rate = 2.448320e-06
Epoch  71400 (1.4%): Train pred MSE = 2.942144e-07, Test pred MSE = 8.110635e-03, Param MSE = 8.199362e-02, Grad norm = 6.803612e-06, Beta update rate = 2.427595e-06
Epoch  71600 (1.4%): Train pred MSE = 2.896233e-07, Test pred MSE = 8.110576e-03, Param MSE = 8.199298e-02, Grad norm = 6.748397e-06, Beta update rate = 2.407068e-06
Epoch  71800 (1.4%): Train pred MSE = 2.851064e-07, Test pred MSE = 8.110518e-03, Param MSE = 8.199235e-02, Grad norm = 6.693677e-06, Beta update rate = 2.386737e-06
Epoch  72000 (1.4%): Train pred MSE = 2.806624e-07, Test pred MSE = 8.110461e-03, Param MSE = 8.199173e-02, Grad norm = 6.639445e-06, Beta update rate = 2.366598e-06
Epoch  72200 (1.4%): Train pred MSE = 2.762900e-07, Test pred MSE = 8.110404e-03, Param MSE = 8.199111e-02, Grad norm = 6.585696e-06, Beta update rate = 2.346649e-06
Epoch  72400 (1.4%): Train pred MSE = 2.719882e-07, Test pred MSE = 8.110349e-03, Param MSE = 8.199051e-02, Grad norm = 6.532425e-06, Beta update rate = 2.326890e-06
Epoch  72600 (1.5%): Train pred MSE = 2.677556e-07, Test pred MSE = 8.110293e-03, Param MSE = 8.198991e-02, Grad norm = 6.479627e-06, Beta update rate = 2.307316e-06
Epoch  72800 (1.5%): Train pred MSE = 2.635912e-07, Test pred MSE = 8.110239e-03, Param MSE = 8.198932e-02, Grad norm = 6.427298e-06, Beta update rate = 2.287928e-06
Epoch  73000 (1.5%): Train pred MSE = 2.594937e-07, Test pred MSE = 8.110185e-03, Param MSE = 8.198873e-02, Grad norm = 6.375431e-06, Beta update rate = 2.268721e-06
Epoch  73200 (1.5%): Train pred MSE = 2.554621e-07, Test pred MSE = 8.110132e-03, Param MSE = 8.198816e-02, Grad norm = 6.324023e-06, Beta update rate = 2.249695e-06
Epoch  73400 (1.5%): Train pred MSE = 2.514952e-07, Test pred MSE = 8.110079e-03, Param MSE = 8.198759e-02, Grad norm = 6.273069e-06, Beta update rate = 2.230846e-06
Epoch  73600 (1.5%): Train pred MSE = 2.475919e-07, Test pred MSE = 8.110027e-03, Param MSE = 8.198702e-02, Grad norm = 6.222564e-06, Beta update rate = 2.212174e-06
Epoch  73800 (1.5%): Train pred MSE = 2.437513e-07, Test pred MSE = 8.109976e-03, Param MSE = 8.198647e-02, Grad norm = 6.172503e-06, Beta update rate = 2.193677e-06
Epoch  74000 (1.5%): Train pred MSE = 2.399721e-07, Test pred MSE = 8.109926e-03, Param MSE = 8.198592e-02, Grad norm = 6.122882e-06, Beta update rate = 2.175352e-06
Epoch  74200 (1.5%): Train pred MSE = 2.362534e-07, Test pred MSE = 8.109875e-03, Param MSE = 8.198538e-02, Grad norm = 6.073697e-06, Beta update rate = 2.157197e-06
Epoch  74400 (1.5%): Train pred MSE = 2.325943e-07, Test pred MSE = 8.109826e-03, Param MSE = 8.198484e-02, Grad norm = 6.024942e-06, Beta update rate = 2.139211e-06
Epoch  74600 (1.5%): Train pred MSE = 2.289936e-07, Test pred MSE = 8.109777e-03, Param MSE = 8.198432e-02, Grad norm = 5.976614e-06, Beta update rate = 2.121391e-06
Epoch  74800 (1.5%): Train pred MSE = 2.254504e-07, Test pred MSE = 8.109729e-03, Param MSE = 8.198379e-02, Grad norm = 5.928707e-06, Beta update rate = 2.103737e-06
Epoch  75000 (1.5%): Train pred MSE = 2.219638e-07, Test pred MSE = 8.109681e-03, Param MSE = 8.198328e-02, Grad norm = 5.881219e-06, Beta update rate = 2.086245e-06
Epoch  75200 (1.5%): Train pred MSE = 2.185327e-07, Test pred MSE = 8.109634e-03, Param MSE = 8.198277e-02, Grad norm = 5.834144e-06, Beta update rate = 2.068915e-06
Epoch  75400 (1.5%): Train pred MSE = 2.151564e-07, Test pred MSE = 8.109588e-03, Param MSE = 8.198227e-02, Grad norm = 5.787479e-06, Beta update rate = 2.051745e-06
Epoch  75600 (1.5%): Train pred MSE = 2.118339e-07, Test pred MSE = 8.109542e-03, Param MSE = 8.198177e-02, Grad norm = 5.741219e-06, Beta update rate = 2.034732e-06
Epoch  75800 (1.5%): Train pred MSE = 2.085642e-07, Test pred MSE = 8.109496e-03, Param MSE = 8.198128e-02, Grad norm = 5.695361e-06, Beta update rate = 2.017876e-06
Epoch  76000 (1.5%): Train pred MSE = 2.053465e-07, Test pred MSE = 8.109452e-03, Param MSE = 8.198080e-02, Grad norm = 5.649899e-06, Beta update rate = 2.001174e-06
Epoch  76200 (1.5%): Train pred MSE = 2.021800e-07, Test pred MSE = 8.109407e-03, Param MSE = 8.198032e-02, Grad norm = 5.604831e-06, Beta update rate = 1.984625e-06
Epoch  76400 (1.5%): Train pred MSE = 1.990638e-07, Test pred MSE = 8.109364e-03, Param MSE = 8.197985e-02, Grad norm = 5.560153e-06, Beta update rate = 1.968228e-06
Epoch  76600 (1.5%): Train pred MSE = 1.959971e-07, Test pred MSE = 8.109320e-03, Param MSE = 8.197939e-02, Grad norm = 5.515860e-06, Beta update rate = 1.951979e-06
Epoch  76800 (1.5%): Train pred MSE = 1.929790e-07, Test pred MSE = 8.109278e-03, Param MSE = 8.197893e-02, Grad norm = 5.471948e-06, Beta update rate = 1.935879e-06
Epoch  77000 (1.5%): Train pred MSE = 1.900087e-07, Test pred MSE = 8.109236e-03, Param MSE = 8.197847e-02, Grad norm = 5.428415e-06, Beta update rate = 1.919926e-06
Epoch  77200 (1.5%): Train pred MSE = 1.870855e-07, Test pred MSE = 8.109194e-03, Param MSE = 8.197803e-02, Grad norm = 5.385256e-06, Beta update rate = 1.904117e-06
Epoch  77400 (1.5%): Train pred MSE = 1.842086e-07, Test pred MSE = 8.109153e-03, Param MSE = 8.197758e-02, Grad norm = 5.342467e-06, Beta update rate = 1.888451e-06
Epoch  77600 (1.6%): Train pred MSE = 1.813772e-07, Test pred MSE = 8.109112e-03, Param MSE = 8.197715e-02, Grad norm = 5.300045e-06, Beta update rate = 1.872928e-06
Epoch  77800 (1.6%): Train pred MSE = 1.785906e-07, Test pred MSE = 8.109072e-03, Param MSE = 8.197671e-02, Grad norm = 5.257987e-06, Beta update rate = 1.857545e-06
Epoch  78000 (1.6%): Train pred MSE = 1.758480e-07, Test pred MSE = 8.109032e-03, Param MSE = 8.197629e-02, Grad norm = 5.216288e-06, Beta update rate = 1.842300e-06
Epoch  78200 (1.6%): Train pred MSE = 1.731487e-07, Test pred MSE = 8.108993e-03, Param MSE = 8.197587e-02, Grad norm = 5.174946e-06, Beta update rate = 1.827193e-06
Epoch  78400 (1.6%): Train pred MSE = 1.704921e-07, Test pred MSE = 8.108954e-03, Param MSE = 8.197545e-02, Grad norm = 5.133956e-06, Beta update rate = 1.812223e-06
Epoch  78600 (1.6%): Train pred MSE = 1.678773e-07, Test pred MSE = 8.108916e-03, Param MSE = 8.197504e-02, Grad norm = 5.093316e-06, Beta update rate = 1.797386e-06
Epoch  78800 (1.6%): Train pred MSE = 1.653038e-07, Test pred MSE = 8.108878e-03, Param MSE = 8.197464e-02, Grad norm = 5.053022e-06, Beta update rate = 1.782683e-06
Epoch  79000 (1.6%): Train pred MSE = 1.627708e-07, Test pred MSE = 8.108841e-03, Param MSE = 8.197424e-02, Grad norm = 5.013071e-06, Beta update rate = 1.768112e-06
Epoch  79200 (1.6%): Train pred MSE = 1.602777e-07, Test pred MSE = 8.108804e-03, Param MSE = 8.197384e-02, Grad norm = 4.973459e-06, Beta update rate = 1.753671e-06
Epoch  79400 (1.6%): Train pred MSE = 1.578238e-07, Test pred MSE = 8.108768e-03, Param MSE = 8.197345e-02, Grad norm = 4.934183e-06, Beta update rate = 1.739359e-06
Epoch  79600 (1.6%): Train pred MSE = 1.554085e-07, Test pred MSE = 8.108732e-03, Param MSE = 8.197307e-02, Grad norm = 4.895240e-06, Beta update rate = 1.725175e-06
Epoch  79800 (1.6%): Train pred MSE = 1.530312e-07, Test pred MSE = 8.108697e-03, Param MSE = 8.197269e-02, Grad norm = 4.856626e-06, Beta update rate = 1.711118e-06
Epoch  80000 (1.6%): Train pred MSE = 1.506913e-07, Test pred MSE = 8.108662e-03, Param MSE = 8.197231e-02, Grad norm = 4.818339e-06, Beta update rate = 1.697186e-06
Epoch  80200 (1.6%): Train pred MSE = 1.483880e-07, Test pred MSE = 8.108627e-03, Param MSE = 8.197194e-02, Grad norm = 4.780376e-06, Beta update rate = 1.683377e-06
Epoch  80400 (1.6%): Train pred MSE = 1.461209e-07, Test pred MSE = 8.108593e-03, Param MSE = 8.197158e-02, Grad norm = 4.742733e-06, Beta update rate = 1.669691e-06
Epoch  80600 (1.6%): Train pred MSE = 1.438894e-07, Test pred MSE = 8.108559e-03, Param MSE = 8.197122e-02, Grad norm = 4.705408e-06, Beta update rate = 1.656127e-06
Epoch  80800 (1.6%): Train pred MSE = 1.416928e-07, Test pred MSE = 8.108526e-03, Param MSE = 8.197086e-02, Grad norm = 4.668396e-06, Beta update rate = 1.642683e-06
Epoch  81000 (1.6%): Train pred MSE = 1.395307e-07, Test pred MSE = 8.108493e-03, Param MSE = 8.197051e-02, Grad norm = 4.631696e-06, Beta update rate = 1.629357e-06
Epoch  81200 (1.6%): Train pred MSE = 1.374024e-07, Test pred MSE = 8.108460e-03, Param MSE = 8.197016e-02, Grad norm = 4.595305e-06, Beta update rate = 1.616150e-06
Epoch  81400 (1.6%): Train pred MSE = 1.353074e-07, Test pred MSE = 8.108428e-03, Param MSE = 8.196982e-02, Grad norm = 4.559219e-06, Beta update rate = 1.603059e-06
Epoch  81600 (1.6%): Train pred MSE = 1.332451e-07, Test pred MSE = 8.108396e-03, Param MSE = 8.196948e-02, Grad norm = 4.523436e-06, Beta update rate = 1.590083e-06
Epoch  81800 (1.6%): Train pred MSE = 1.312152e-07, Test pred MSE = 8.108365e-03, Param MSE = 8.196915e-02, Grad norm = 4.487952e-06, Beta update rate = 1.577222e-06
Epoch  82000 (1.6%): Train pred MSE = 1.292169e-07, Test pred MSE = 8.108334e-03, Param MSE = 8.196882e-02, Grad norm = 4.452766e-06, Beta update rate = 1.564473e-06
Epoch  82200 (1.6%): Train pred MSE = 1.272498e-07, Test pred MSE = 8.108303e-03, Param MSE = 8.196849e-02, Grad norm = 4.417874e-06, Beta update rate = 1.551837e-06
Epoch  82400 (1.6%): Train pred MSE = 1.253134e-07, Test pred MSE = 8.108273e-03, Param MSE = 8.196817e-02, Grad norm = 4.383273e-06, Beta update rate = 1.539311e-06
Epoch  82600 (1.7%): Train pred MSE = 1.234072e-07, Test pred MSE = 8.108243e-03, Param MSE = 8.196785e-02, Grad norm = 4.348962e-06, Beta update rate = 1.526895e-06
Epoch  82800 (1.7%): Train pred MSE = 1.215308e-07, Test pred MSE = 8.108214e-03, Param MSE = 8.196754e-02, Grad norm = 4.314936e-06, Beta update rate = 1.514588e-06
Epoch  83000 (1.7%): Train pred MSE = 1.196836e-07, Test pred MSE = 8.108185e-03, Param MSE = 8.196723e-02, Grad norm = 4.281194e-06, Beta update rate = 1.502389e-06
Epoch  83200 (1.7%): Train pred MSE = 1.178651e-07, Test pred MSE = 8.108156e-03, Param MSE = 8.196692e-02, Grad norm = 4.247732e-06, Beta update rate = 1.490295e-06
Epoch  83400 (1.7%): Train pred MSE = 1.160750e-07, Test pred MSE = 8.108128e-03, Param MSE = 8.196662e-02, Grad norm = 4.214549e-06, Beta update rate = 1.478308e-06
Epoch  83600 (1.7%): Train pred MSE = 1.143127e-07, Test pred MSE = 8.108100e-03, Param MSE = 8.196632e-02, Grad norm = 4.181642e-06, Beta update rate = 1.466424e-06
Epoch  83800 (1.7%): Train pred MSE = 1.125778e-07, Test pred MSE = 8.108072e-03, Param MSE = 8.196603e-02, Grad norm = 4.149008e-06, Beta update rate = 1.454644e-06
Epoch  84000 (1.7%): Train pred MSE = 1.108699e-07, Test pred MSE = 8.108045e-03, Param MSE = 8.196574e-02, Grad norm = 4.116644e-06, Beta update rate = 1.442967e-06
Epoch  84200 (1.7%): Train pred MSE = 1.091885e-07, Test pred MSE = 8.108018e-03, Param MSE = 8.196545e-02, Grad norm = 4.084549e-06, Beta update rate = 1.431391e-06
Epoch  84400 (1.7%): Train pred MSE = 1.075332e-07, Test pred MSE = 8.107991e-03, Param MSE = 8.196517e-02, Grad norm = 4.052719e-06, Beta update rate = 1.419915e-06
Epoch  84600 (1.7%): Train pred MSE = 1.059037e-07, Test pred MSE = 8.107965e-03, Param MSE = 8.196489e-02, Grad norm = 4.021153e-06, Beta update rate = 1.408538e-06
Epoch  84800 (1.7%): Train pred MSE = 1.042994e-07, Test pred MSE = 8.107939e-03, Param MSE = 8.196461e-02, Grad norm = 3.989847e-06, Beta update rate = 1.397260e-06
Epoch  85000 (1.7%): Train pred MSE = 1.027199e-07, Test pred MSE = 8.107913e-03, Param MSE = 8.196434e-02, Grad norm = 3.958800e-06, Beta update rate = 1.386080e-06
Epoch  85200 (1.7%): Train pred MSE = 1.011650e-07, Test pred MSE = 8.107888e-03, Param MSE = 8.196407e-02, Grad norm = 3.928010e-06, Beta update rate = 1.374996e-06
Epoch  85400 (1.7%): Train pred MSE = 9.963414e-08, Test pred MSE = 8.107863e-03, Param MSE = 8.196381e-02, Grad norm = 3.897473e-06, Beta update rate = 1.364007e-06
Epoch  85600 (1.7%): Train pred MSE = 9.812699e-08, Test pred MSE = 8.107838e-03, Param MSE = 8.196355e-02, Grad norm = 3.867187e-06, Beta update rate = 1.353113e-06
Epoch  85800 (1.7%): Train pred MSE = 9.664316e-08, Test pred MSE = 8.107813e-03, Param MSE = 8.196329e-02, Grad norm = 3.837151e-06, Beta update rate = 1.342313e-06
Epoch  86000 (1.7%): Train pred MSE = 9.518229e-08, Test pred MSE = 8.107789e-03, Param MSE = 8.196303e-02, Grad norm = 3.807362e-06, Beta update rate = 1.331606e-06
Epoch  86200 (1.7%): Train pred MSE = 9.374401e-08, Test pred MSE = 8.107766e-03, Param MSE = 8.196278e-02, Grad norm = 3.777818e-06, Beta update rate = 1.320991e-06
Epoch  86400 (1.7%): Train pred MSE = 9.232796e-08, Test pred MSE = 8.107742e-03, Param MSE = 8.196253e-02, Grad norm = 3.748516e-06, Beta update rate = 1.310466e-06
Epoch  86600 (1.7%): Train pred MSE = 9.093378e-08, Test pred MSE = 8.107719e-03, Param MSE = 8.196229e-02, Grad norm = 3.719454e-06, Beta update rate = 1.300032e-06
Epoch  86800 (1.7%): Train pred MSE = 8.956114e-08, Test pred MSE = 8.107696e-03, Param MSE = 8.196205e-02, Grad norm = 3.690631e-06, Beta update rate = 1.289688e-06
Epoch  87000 (1.7%): Train pred MSE = 8.820968e-08, Test pred MSE = 8.107673e-03, Param MSE = 8.196181e-02, Grad norm = 3.662044e-06, Beta update rate = 1.279432e-06
Epoch  87200 (1.7%): Train pred MSE = 8.687907e-08, Test pred MSE = 8.107651e-03, Param MSE = 8.196157e-02, Grad norm = 3.633691e-06, Beta update rate = 1.269263e-06
Epoch  87400 (1.7%): Train pred MSE = 8.556898e-08, Test pred MSE = 8.107629e-03, Param MSE = 8.196134e-02, Grad norm = 3.605570e-06, Beta update rate = 1.259181e-06
Epoch  87600 (1.8%): Train pred MSE = 8.427908e-08, Test pred MSE = 8.107607e-03, Param MSE = 8.196111e-02, Grad norm = 3.577679e-06, Beta update rate = 1.249185e-06
Epoch  87800 (1.8%): Train pred MSE = 8.300907e-08, Test pred MSE = 8.107586e-03, Param MSE = 8.196089e-02, Grad norm = 3.550015e-06, Beta update rate = 1.239275e-06
Epoch  88000 (1.8%): Train pred MSE = 8.175861e-08, Test pred MSE = 8.107565e-03, Param MSE = 8.196066e-02, Grad norm = 3.522577e-06, Beta update rate = 1.229449e-06
Epoch  88200 (1.8%): Train pred MSE = 8.052740e-08, Test pred MSE = 8.107544e-03, Param MSE = 8.196044e-02, Grad norm = 3.495363e-06, Beta update rate = 1.219706e-06
Epoch  88400 (1.8%): Train pred MSE = 7.931513e-08, Test pred MSE = 8.107523e-03, Param MSE = 8.196022e-02, Grad norm = 3.468371e-06, Beta update rate = 1.210046e-06
Epoch  88600 (1.8%): Train pred MSE = 7.812152e-08, Test pred MSE = 8.107503e-03, Param MSE = 8.196001e-02, Grad norm = 3.441599e-06, Beta update rate = 1.200468e-06
Epoch  88800 (1.8%): Train pred MSE = 7.694625e-08, Test pred MSE = 8.107483e-03, Param MSE = 8.195980e-02, Grad norm = 3.415044e-06, Beta update rate = 1.190971e-06
Epoch  89000 (1.8%): Train pred MSE = 7.578905e-08, Test pred MSE = 8.107463e-03, Param MSE = 8.195959e-02, Grad norm = 3.388705e-06, Beta update rate = 1.181555e-06
Epoch  89200 (1.8%): Train pred MSE = 7.464963e-08, Test pred MSE = 8.107443e-03, Param MSE = 8.195938e-02, Grad norm = 3.362581e-06, Beta update rate = 1.172218e-06
Epoch  89400 (1.8%): Train pred MSE = 7.352770e-08, Test pred MSE = 8.107424e-03, Param MSE = 8.195918e-02, Grad norm = 3.336668e-06, Beta update rate = 1.162961e-06
Epoch  89600 (1.8%): Train pred MSE = 7.242300e-08, Test pred MSE = 8.107405e-03, Param MSE = 8.195898e-02, Grad norm = 3.310966e-06, Beta update rate = 1.153781e-06
Epoch  89800 (1.8%): Train pred MSE = 7.133524e-08, Test pred MSE = 8.107386e-03, Param MSE = 8.195878e-02, Grad norm = 3.285472e-06, Beta update rate = 1.144679e-06
Epoch  90000 (1.8%): Train pred MSE = 7.026417e-08, Test pred MSE = 8.107367e-03, Param MSE = 8.195858e-02, Grad norm = 3.260185e-06, Beta update rate = 1.135654e-06
Epoch  90200 (1.8%): Train pred MSE = 6.920952e-08, Test pred MSE = 8.107349e-03, Param MSE = 8.195839e-02, Grad norm = 3.235102e-06, Beta update rate = 1.126705e-06
Epoch  90400 (1.8%): Train pred MSE = 6.817103e-08, Test pred MSE = 8.107330e-03, Param MSE = 8.195820e-02, Grad norm = 3.210223e-06, Beta update rate = 1.117831e-06
Epoch  90600 (1.8%): Train pred MSE = 6.714844e-08, Test pred MSE = 8.107313e-03, Param MSE = 8.195801e-02, Grad norm = 3.185545e-06, Beta update rate = 1.109032e-06
Epoch  90800 (1.8%): Train pred MSE = 6.614152e-08, Test pred MSE = 8.107295e-03, Param MSE = 8.195783e-02, Grad norm = 3.161066e-06, Beta update rate = 1.100307e-06
Epoch  91000 (1.8%): Train pred MSE = 6.515001e-08, Test pred MSE = 8.107277e-03, Param MSE = 8.195764e-02, Grad norm = 3.136785e-06, Beta update rate = 1.091655e-06
Epoch  91200 (1.8%): Train pred MSE = 6.417367e-08, Test pred MSE = 8.107260e-03, Param MSE = 8.195746e-02, Grad norm = 3.112699e-06, Beta update rate = 1.083075e-06
Epoch  91400 (1.8%): Train pred MSE = 6.321227e-08, Test pred MSE = 8.107243e-03, Param MSE = 8.195728e-02, Grad norm = 3.088809e-06, Beta update rate = 1.074568e-06
Epoch  91600 (1.8%): Train pred MSE = 6.226556e-08, Test pred MSE = 8.107226e-03, Param MSE = 8.195711e-02, Grad norm = 3.065110e-06, Beta update rate = 1.066132e-06
Epoch  91800 (1.8%): Train pred MSE = 6.133332e-08, Test pred MSE = 8.107210e-03, Param MSE = 8.195694e-02, Grad norm = 3.041603e-06, Beta update rate = 1.057766e-06
Epoch  92000 (1.8%): Train pred MSE = 6.041532e-08, Test pred MSE = 8.107194e-03, Param MSE = 8.195676e-02, Grad norm = 3.018285e-06, Beta update rate = 1.049471e-06
Epoch  92200 (1.8%): Train pred MSE = 5.951134e-08, Test pred MSE = 8.107177e-03, Param MSE = 8.195660e-02, Grad norm = 2.995154e-06, Beta update rate = 1.041244e-06
Epoch  92400 (1.8%): Train pred MSE = 5.862116e-08, Test pred MSE = 8.107161e-03, Param MSE = 8.195643e-02, Grad norm = 2.972210e-06, Beta update rate = 1.033087e-06
Epoch  92600 (1.9%): Train pred MSE = 5.774456e-08, Test pred MSE = 8.107146e-03, Param MSE = 8.195627e-02, Grad norm = 2.949450e-06, Beta update rate = 1.024997e-06
Epoch  92800 (1.9%): Train pred MSE = 5.688134e-08, Test pred MSE = 8.107130e-03, Param MSE = 8.195610e-02, Grad norm = 2.926872e-06, Beta update rate = 1.016975e-06
Epoch  93000 (1.9%): Train pred MSE = 5.603128e-08, Test pred MSE = 8.107115e-03, Param MSE = 8.195594e-02, Grad norm = 2.904476e-06, Beta update rate = 1.009020e-06
Epoch  93200 (1.9%): Train pred MSE = 5.519417e-08, Test pred MSE = 8.107100e-03, Param MSE = 8.195579e-02, Grad norm = 2.882260e-06, Beta update rate = 1.001130e-06
Epoch  93400 (1.9%): Train pred MSE = 5.436982e-08, Test pred MSE = 8.107085e-03, Param MSE = 8.195563e-02, Grad norm = 2.860222e-06, Beta update rate = 9.933069e-07
Epoch  93600 (1.9%): Train pred MSE = 5.355803e-08, Test pred MSE = 8.107070e-03, Param MSE = 8.195548e-02, Grad norm = 2.838360e-06, Beta update rate = 9.855484e-07
Epoch  93800 (1.9%): Train pred MSE = 5.275859e-08, Test pred MSE = 8.107056e-03, Param MSE = 8.195533e-02, Grad norm = 2.816673e-06, Beta update rate = 9.778543e-07
Epoch  94000 (1.9%): Train pred MSE = 5.197133e-08, Test pred MSE = 8.107042e-03, Param MSE = 8.195518e-02, Grad norm = 2.795160e-06, Beta update rate = 9.702240e-07
Epoch  94200 (1.9%): Train pred MSE = 5.119604e-08, Test pred MSE = 8.107027e-03, Param MSE = 8.195503e-02, Grad norm = 2.773819e-06, Beta update rate = 9.626569e-07
Epoch  94400 (1.9%): Train pred MSE = 5.043254e-08, Test pred MSE = 8.107013e-03, Param MSE = 8.195489e-02, Grad norm = 2.752648e-06, Beta update rate = 9.551525e-07
Epoch  94600 (1.9%): Train pred MSE = 4.968065e-08, Test pred MSE = 8.107000e-03, Param MSE = 8.195474e-02, Grad norm = 2.731647e-06, Beta update rate = 9.477103e-07
Epoch  94800 (1.9%): Train pred MSE = 4.894018e-08, Test pred MSE = 8.106986e-03, Param MSE = 8.195460e-02, Grad norm = 2.710814e-06, Beta update rate = 9.403296e-07
Epoch  95000 (1.9%): Train pred MSE = 4.821097e-08, Test pred MSE = 8.106973e-03, Param MSE = 8.195446e-02, Grad norm = 2.690146e-06, Beta update rate = 9.330099e-07
Epoch  95200 (1.9%): Train pred MSE = 4.749283e-08, Test pred MSE = 8.106960e-03, Param MSE = 8.195433e-02, Grad norm = 2.669644e-06, Beta update rate = 9.257506e-07
Epoch  95400 (1.9%): Train pred MSE = 4.678560e-08, Test pred MSE = 8.106947e-03, Param MSE = 8.195419e-02, Grad norm = 2.649305e-06, Beta update rate = 9.185513e-07
Epoch  95600 (1.9%): Train pred MSE = 4.608909e-08, Test pred MSE = 8.106934e-03, Param MSE = 8.195406e-02, Grad norm = 2.629128e-06, Beta update rate = 9.114113e-07
Epoch  95800 (1.9%): Train pred MSE = 4.540316e-08, Test pred MSE = 8.106921e-03, Param MSE = 8.195393e-02, Grad norm = 2.609111e-06, Beta update rate = 9.043301e-07
Epoch  96000 (1.9%): Train pred MSE = 4.472763e-08, Test pred MSE = 8.106909e-03, Param MSE = 8.195380e-02, Grad norm = 2.589254e-06, Beta update rate = 8.973073e-07
Epoch  96200 (1.9%): Train pred MSE = 4.406233e-08, Test pred MSE = 8.106896e-03, Param MSE = 8.195367e-02, Grad norm = 2.569555e-06, Beta update rate = 8.903423e-07
Epoch  96400 (1.9%): Train pred MSE = 4.340713e-08, Test pred MSE = 8.106884e-03, Param MSE = 8.195354e-02, Grad norm = 2.550012e-06, Beta update rate = 8.834345e-07
Epoch  96600 (1.9%): Train pred MSE = 4.276184e-08, Test pred MSE = 8.106872e-03, Param MSE = 8.195342e-02, Grad norm = 2.530625e-06, Beta update rate = 8.765835e-07
Epoch  96800 (1.9%): Train pred MSE = 4.212634e-08, Test pred MSE = 8.106860e-03, Param MSE = 8.195330e-02, Grad norm = 2.511392e-06, Beta update rate = 8.697887e-07
Epoch  97000 (1.9%): Train pred MSE = 4.150045e-08, Test pred MSE = 8.106849e-03, Param MSE = 8.195318e-02, Grad norm = 2.492311e-06, Beta update rate = 8.630497e-07
Epoch  97200 (1.9%): Train pred MSE = 4.088403e-08, Test pred MSE = 8.106837e-03, Param MSE = 8.195306e-02, Grad norm = 2.473382e-06, Beta update rate = 8.563660e-07
Epoch  97400 (1.9%): Train pred MSE = 4.027695e-08, Test pred MSE = 8.106826e-03, Param MSE = 8.195294e-02, Grad norm = 2.454603e-06, Beta update rate = 8.497370e-07
Epoch  97600 (2.0%): Train pred MSE = 3.967904e-08, Test pred MSE = 8.106815e-03, Param MSE = 8.195282e-02, Grad norm = 2.435973e-06, Beta update rate = 8.431623e-07
Epoch  97800 (2.0%): Train pred MSE = 3.909017e-08, Test pred MSE = 8.106804e-03, Param MSE = 8.195271e-02, Grad norm = 2.417490e-06, Beta update rate = 8.366414e-07
Epoch  98000 (2.0%): Train pred MSE = 3.851021e-08, Test pred MSE = 8.106793e-03, Param MSE = 8.195260e-02, Grad norm = 2.399154e-06, Beta update rate = 8.301739e-07
Epoch  98200 (2.0%): Train pred MSE = 3.793901e-08, Test pred MSE = 8.106782e-03, Param MSE = 8.195249e-02, Grad norm = 2.380963e-06, Beta update rate = 8.237592e-07
Epoch  98400 (2.0%): Train pred MSE = 3.737643e-08, Test pred MSE = 8.106771e-03, Param MSE = 8.195238e-02, Grad norm = 2.362915e-06, Beta update rate = 8.173969e-07
Epoch  98600 (2.0%): Train pred MSE = 3.682235e-08, Test pred MSE = 8.106761e-03, Param MSE = 8.195227e-02, Grad norm = 2.345011e-06, Beta update rate = 8.110865e-07
Epoch  98800 (2.0%): Train pred MSE = 3.627664e-08, Test pred MSE = 8.106751e-03, Param MSE = 8.195216e-02, Grad norm = 2.327248e-06, Beta update rate = 8.048276e-07
Epoch  99000 (2.0%): Train pred MSE = 3.573916e-08, Test pred MSE = 8.106741e-03, Param MSE = 8.195206e-02, Grad norm = 2.309625e-06, Beta update rate = 7.986196e-07
Epoch  99200 (2.0%): Train pred MSE = 3.520978e-08, Test pred MSE = 8.106731e-03, Param MSE = 8.195196e-02, Grad norm = 2.292141e-06, Beta update rate = 7.924623e-07
Epoch  99400 (2.0%): Train pred MSE = 3.468839e-08, Test pred MSE = 8.106721e-03, Param MSE = 8.195185e-02, Grad norm = 2.274795e-06, Beta update rate = 7.863551e-07
Epoch  99600 (2.0%): Train pred MSE = 3.417486e-08, Test pred MSE = 8.106711e-03, Param MSE = 8.195175e-02, Grad norm = 2.257586e-06, Beta update rate = 7.802975e-07
Epoch  99800 (2.0%): Train pred MSE = 3.366907e-08, Test pred MSE = 8.106701e-03, Param MSE = 8.195166e-02, Grad norm = 2.240513e-06, Beta update rate = 7.742892e-07
Epoch 100000 (2.0%): Train pred MSE = 3.317090e-08, Test pred MSE = 8.106692e-03, Param MSE = 8.195156e-02, Grad norm = 2.223574e-06, Beta update rate = 7.683298e-07
Epoch 100200 (2.0%): Train pred MSE = 3.268023e-08, Test pred MSE = 8.106683e-03, Param MSE = 8.195146e-02, Grad norm = 2.206769e-06, Beta update rate = 7.624187e-07
Epoch 100400 (2.0%): Train pred MSE = 3.219695e-08, Test pred MSE = 8.106674e-03, Param MSE = 8.195137e-02, Grad norm = 2.190096e-06, Beta update rate = 7.565555e-07
Epoch 100600 (2.0%): Train pred MSE = 3.172094e-08, Test pred MSE = 8.106664e-03, Param MSE = 8.195128e-02, Grad norm = 2.173554e-06, Beta update rate = 7.507400e-07
Epoch 100800 (2.0%): Train pred MSE = 3.125210e-08, Test pred MSE = 8.106656e-03, Param MSE = 8.195118e-02, Grad norm = 2.157142e-06, Beta update rate = 7.449715e-07
Epoch 101000 (2.0%): Train pred MSE = 3.079031e-08, Test pred MSE = 8.106647e-03, Param MSE = 8.195109e-02, Grad norm = 2.140859e-06, Beta update rate = 7.392498e-07
Epoch 101200 (2.0%): Train pred MSE = 3.033546e-08, Test pred MSE = 8.106638e-03, Param MSE = 8.195101e-02, Grad norm = 2.124704e-06, Beta update rate = 7.335744e-07
Epoch 101400 (2.0%): Train pred MSE = 2.988745e-08, Test pred MSE = 8.106630e-03, Param MSE = 8.195092e-02, Grad norm = 2.108676e-06, Beta update rate = 7.279449e-07
Epoch 101600 (2.0%): Train pred MSE = 2.944617e-08, Test pred MSE = 8.106621e-03, Param MSE = 8.195083e-02, Grad norm = 2.092774e-06, Beta update rate = 7.223609e-07
Epoch 101800 (2.0%): Train pred MSE = 2.901153e-08, Test pred MSE = 8.106613e-03, Param MSE = 8.195075e-02, Grad norm = 2.076997e-06, Beta update rate = 7.168220e-07
Epoch 102000 (2.0%): Train pred MSE = 2.858341e-08, Test pred MSE = 8.106605e-03, Param MSE = 8.195066e-02, Grad norm = 2.061343e-06, Beta update rate = 7.113279e-07
Epoch 102200 (2.0%): Train pred MSE = 2.816171e-08, Test pred MSE = 8.106597e-03, Param MSE = 8.195058e-02, Grad norm = 2.045813e-06, Beta update rate = 7.058780e-07
Epoch 102400 (2.0%): Train pred MSE = 2.774635e-08, Test pred MSE = 8.106589e-03, Param MSE = 8.195050e-02, Grad norm = 2.030403e-06, Beta update rate = 7.004722e-07
Epoch 102600 (2.1%): Train pred MSE = 2.733722e-08, Test pred MSE = 8.106581e-03, Param MSE = 8.195042e-02, Grad norm = 2.015115e-06, Beta update rate = 6.951099e-07
Epoch 102800 (2.1%): Train pred MSE = 2.693423e-08, Test pred MSE = 8.106573e-03, Param MSE = 8.195034e-02, Grad norm = 1.999946e-06, Beta update rate = 6.897908e-07
Epoch 103000 (2.1%): Train pred MSE = 2.653728e-08, Test pred MSE = 8.106566e-03, Param MSE = 8.195026e-02, Grad norm = 1.984896e-06, Beta update rate = 6.845146e-07
Epoch 103200 (2.1%): Train pred MSE = 2.614628e-08, Test pred MSE = 8.106558e-03, Param MSE = 8.195019e-02, Grad norm = 1.969964e-06, Beta update rate = 6.792808e-07
Epoch 103400 (2.1%): Train pred MSE = 2.576114e-08, Test pred MSE = 8.106551e-03, Param MSE = 8.195011e-02, Grad norm = 1.955149e-06, Beta update rate = 6.740890e-07
Epoch 103600 (2.1%): Train pred MSE = 2.538177e-08, Test pred MSE = 8.106544e-03, Param MSE = 8.195004e-02, Grad norm = 1.940449e-06, Beta update rate = 6.689391e-07
Epoch 103800 (2.1%): Train pred MSE = 2.500809e-08, Test pred MSE = 8.106536e-03, Param MSE = 8.194997e-02, Grad norm = 1.925864e-06, Beta update rate = 6.638304e-07
Epoch 104000 (2.1%): Train pred MSE = 2.463999e-08, Test pred MSE = 8.106529e-03, Param MSE = 8.194990e-02, Grad norm = 1.911393e-06, Beta update rate = 6.587628e-07
Epoch 104200 (2.1%): Train pred MSE = 2.427741e-08, Test pred MSE = 8.106523e-03, Param MSE = 8.194982e-02, Grad norm = 1.897035e-06, Beta update rate = 6.537359e-07
Epoch 104400 (2.1%): Train pred MSE = 2.392026e-08, Test pred MSE = 8.106516e-03, Param MSE = 8.194976e-02, Grad norm = 1.882789e-06, Beta update rate = 6.487493e-07
Epoch 104600 (2.1%): Train pred MSE = 2.356845e-08, Test pred MSE = 8.106509e-03, Param MSE = 8.194969e-02, Grad norm = 1.868655e-06, Beta update rate = 6.438026e-07
Epoch 104800 (2.1%): Train pred MSE = 2.322190e-08, Test pred MSE = 8.106502e-03, Param MSE = 8.194962e-02, Grad norm = 1.854630e-06, Beta update rate = 6.388956e-07
Epoch 105000 (2.1%): Train pred MSE = 2.288053e-08, Test pred MSE = 8.106496e-03, Param MSE = 8.194955e-02, Grad norm = 1.840715e-06, Beta update rate = 6.340278e-07
Epoch 105200 (2.1%): Train pred MSE = 2.254426e-08, Test pred MSE = 8.106489e-03, Param MSE = 8.194949e-02, Grad norm = 1.826908e-06, Beta update rate = 6.291990e-07
Epoch 105400 (2.1%): Train pred MSE = 2.221302e-08, Test pred MSE = 8.106483e-03, Param MSE = 8.194942e-02, Grad norm = 1.813209e-06, Beta update rate = 6.244088e-07
Epoch 105600 (2.1%): Train pred MSE = 2.188673e-08, Test pred MSE = 8.106477e-03, Param MSE = 8.194936e-02, Grad norm = 1.799616e-06, Beta update rate = 6.196569e-07
Epoch 105800 (2.1%): Train pred MSE = 2.156531e-08, Test pred MSE = 8.106471e-03, Param MSE = 8.194930e-02, Grad norm = 1.786129e-06, Beta update rate = 6.149430e-07
Epoch 106000 (2.1%): Train pred MSE = 2.124869e-08, Test pred MSE = 8.106465e-03, Param MSE = 8.194924e-02, Grad norm = 1.772747e-06, Beta update rate = 6.102667e-07
Epoch 106200 (2.1%): Train pred MSE = 2.093680e-08, Test pred MSE = 8.106459e-03, Param MSE = 8.194918e-02, Grad norm = 1.759469e-06, Beta update rate = 6.056277e-07
Epoch 106400 (2.1%): Train pred MSE = 2.062955e-08, Test pred MSE = 8.106453e-03, Param MSE = 8.194912e-02, Grad norm = 1.746294e-06, Beta update rate = 6.010257e-07
Epoch 106600 (2.1%): Train pred MSE = 2.032690e-08, Test pred MSE = 8.106447e-03, Param MSE = 8.194906e-02, Grad norm = 1.733222e-06, Beta update rate = 5.964604e-07
Epoch 106800 (2.1%): Train pred MSE = 2.002875e-08, Test pred MSE = 8.106442e-03, Param MSE = 8.194900e-02, Grad norm = 1.720251e-06, Beta update rate = 5.919315e-07
Epoch 107000 (2.1%): Train pred MSE = 1.973506e-08, Test pred MSE = 8.106436e-03, Param MSE = 8.194895e-02, Grad norm = 1.707381e-06, Beta update rate = 5.874386e-07
Epoch 107200 (2.1%): Train pred MSE = 1.944573e-08, Test pred MSE = 8.106431e-03, Param MSE = 8.194889e-02, Grad norm = 1.694611e-06, Beta update rate = 5.829815e-07
Epoch 107400 (2.1%): Train pred MSE = 1.916072e-08, Test pred MSE = 8.106425e-03, Param MSE = 8.194884e-02, Grad norm = 1.681940e-06, Beta update rate = 5.785599e-07
Epoch 107600 (2.2%): Train pred MSE = 1.887996e-08, Test pred MSE = 8.106420e-03, Param MSE = 8.194878e-02, Grad norm = 1.669367e-06, Beta update rate = 5.741734e-07
Epoch 107800 (2.2%): Train pred MSE = 1.860338e-08, Test pred MSE = 8.106415e-03, Param MSE = 8.194873e-02, Grad norm = 1.656891e-06, Beta update rate = 5.698217e-07
Epoch 108000 (2.2%): Train pred MSE = 1.833091e-08, Test pred MSE = 8.106410e-03, Param MSE = 8.194868e-02, Grad norm = 1.644512e-06, Beta update rate = 5.655047e-07
Epoch 108200 (2.2%): Train pred MSE = 1.806250e-08, Test pred MSE = 8.106404e-03, Param MSE = 8.194863e-02, Grad norm = 1.632229e-06, Beta update rate = 5.612219e-07
Epoch 108400 (2.2%): Train pred MSE = 1.779809e-08, Test pred MSE = 8.106399e-03, Param MSE = 8.194858e-02, Grad norm = 1.620042e-06, Beta update rate = 5.569731e-07
Epoch 108600 (2.2%): Train pred MSE = 1.753761e-08, Test pred MSE = 8.106395e-03, Param MSE = 8.194853e-02, Grad norm = 1.607948e-06, Beta update rate = 5.527579e-07
Epoch 108800 (2.2%): Train pred MSE = 1.728100e-08, Test pred MSE = 8.106390e-03, Param MSE = 8.194848e-02, Grad norm = 1.595948e-06, Beta update rate = 5.485762e-07
Epoch 109000 (2.2%): Train pred MSE = 1.702820e-08, Test pred MSE = 8.106385e-03, Param MSE = 8.194843e-02, Grad norm = 1.584041e-06, Beta update rate = 5.444277e-07
Epoch 109200 (2.2%): Train pred MSE = 1.677917e-08, Test pred MSE = 8.106380e-03, Param MSE = 8.194839e-02, Grad norm = 1.572226e-06, Beta update rate = 5.403119e-07
Epoch 109400 (2.2%): Train pred MSE = 1.653383e-08, Test pred MSE = 8.106376e-03, Param MSE = 8.194834e-02, Grad norm = 1.560502e-06, Beta update rate = 5.362288e-07
Epoch 109600 (2.2%): Train pred MSE = 1.629214e-08, Test pred MSE = 8.106371e-03, Param MSE = 8.194830e-02, Grad norm = 1.548869e-06, Beta update rate = 5.321779e-07
Epoch 109800 (2.2%): Train pred MSE = 1.605404e-08, Test pred MSE = 8.106367e-03, Param MSE = 8.194825e-02, Grad norm = 1.537326e-06, Beta update rate = 5.281591e-07
Epoch 110000 (2.2%): Train pred MSE = 1.581948e-08, Test pred MSE = 8.106363e-03, Param MSE = 8.194821e-02, Grad norm = 1.525872e-06, Beta update rate = 5.241721e-07
Epoch 110200 (2.2%): Train pred MSE = 1.558840e-08, Test pred MSE = 8.106358e-03, Param MSE = 8.194817e-02, Grad norm = 1.514506e-06, Beta update rate = 5.202165e-07
Epoch 110400 (2.2%): Train pred MSE = 1.536074e-08, Test pred MSE = 8.106354e-03, Param MSE = 8.194813e-02, Grad norm = 1.503228e-06, Beta update rate = 5.162922e-07
Epoch 110600 (2.2%): Train pred MSE = 1.513647e-08, Test pred MSE = 8.106350e-03, Param MSE = 8.194808e-02, Grad norm = 1.492036e-06, Beta update rate = 5.123988e-07
Epoch 110800 (2.2%): Train pred MSE = 1.491552e-08, Test pred MSE = 8.106346e-03, Param MSE = 8.194804e-02, Grad norm = 1.480932e-06, Beta update rate = 5.085362e-07
Epoch 111000 (2.2%): Train pred MSE = 1.469784e-08, Test pred MSE = 8.106342e-03, Param MSE = 8.194800e-02, Grad norm = 1.469912e-06, Beta update rate = 5.047040e-07
Epoch 111200 (2.2%): Train pred MSE = 1.448340e-08, Test pred MSE = 8.106338e-03, Param MSE = 8.194796e-02, Grad norm = 1.458978e-06, Beta update rate = 5.009020e-07
Epoch 111400 (2.2%): Train pred MSE = 1.427213e-08, Test pred MSE = 8.106334e-03, Param MSE = 8.194793e-02, Grad norm = 1.448128e-06, Beta update rate = 4.971299e-07
Epoch 111600 (2.2%): Train pred MSE = 1.406399e-08, Test pred MSE = 8.106330e-03, Param MSE = 8.194789e-02, Grad norm = 1.437361e-06, Beta update rate = 4.933876e-07
Epoch 111800 (2.2%): Train pred MSE = 1.385893e-08, Test pred MSE = 8.106327e-03, Param MSE = 8.194785e-02, Grad norm = 1.426677e-06, Beta update rate = 4.896747e-07
Epoch 112000 (2.2%): Train pred MSE = 1.365691e-08, Test pred MSE = 8.106323e-03, Param MSE = 8.194782e-02, Grad norm = 1.416076e-06, Beta update rate = 4.859910e-07
Epoch 112200 (2.2%): Train pred MSE = 1.345789e-08, Test pred MSE = 8.106319e-03, Param MSE = 8.194778e-02, Grad norm = 1.405555e-06, Beta update rate = 4.823363e-07
Epoch 112400 (2.2%): Train pred MSE = 1.326180e-08, Test pred MSE = 8.106316e-03, Param MSE = 8.194775e-02, Grad norm = 1.395116e-06, Beta update rate = 4.787102e-07
Epoch 112600 (2.3%): Train pred MSE = 1.306862e-08, Test pred MSE = 8.106312e-03, Param MSE = 8.194771e-02, Grad norm = 1.384757e-06, Beta update rate = 4.751127e-07
Epoch 112800 (2.3%): Train pred MSE = 1.287830e-08, Test pred MSE = 8.106309e-03, Param MSE = 8.194768e-02, Grad norm = 1.374478e-06, Beta update rate = 4.715434e-07
Epoch 113000 (2.3%): Train pred MSE = 1.269079e-08, Test pred MSE = 8.106306e-03, Param MSE = 8.194765e-02, Grad norm = 1.364277e-06, Beta update rate = 4.680022e-07
Epoch 113200 (2.3%): Train pred MSE = 1.250606e-08, Test pred MSE = 8.106302e-03, Param MSE = 8.194761e-02, Grad norm = 1.354155e-06, Beta update rate = 4.644887e-07
Epoch 113400 (2.3%): Train pred MSE = 1.232405e-08, Test pred MSE = 8.106299e-03, Param MSE = 8.194758e-02, Grad norm = 1.344111e-06, Beta update rate = 4.610027e-07
Epoch 113600 (2.3%): Train pred MSE = 1.214474e-08, Test pred MSE = 8.106296e-03, Param MSE = 8.194755e-02, Grad norm = 1.334143e-06, Beta update rate = 4.575441e-07
Epoch 113800 (2.3%): Train pred MSE = 1.196807e-08, Test pred MSE = 8.106293e-03, Param MSE = 8.194752e-02, Grad norm = 1.324252e-06, Beta update rate = 4.541126e-07
Epoch 114000 (2.3%): Train pred MSE = 1.179401e-08, Test pred MSE = 8.106290e-03, Param MSE = 8.194749e-02, Grad norm = 1.314437e-06, Beta update rate = 4.507079e-07
Epoch 114200 (2.3%): Train pred MSE = 1.162253e-08, Test pred MSE = 8.106287e-03, Param MSE = 8.194746e-02, Grad norm = 1.304697e-06, Beta update rate = 4.473299e-07
Epoch 114400 (2.3%): Train pred MSE = 1.145357e-08, Test pred MSE = 8.106284e-03, Param MSE = 8.194743e-02, Grad norm = 1.295032e-06, Beta update rate = 4.439783e-07
Epoch 114600 (2.3%): Train pred MSE = 1.128711e-08, Test pred MSE = 8.106281e-03, Param MSE = 8.194740e-02, Grad norm = 1.285441e-06, Beta update rate = 4.406529e-07
Epoch 114800 (2.3%): Train pred MSE = 1.112311e-08, Test pred MSE = 8.106278e-03, Param MSE = 8.194738e-02, Grad norm = 1.275923e-06, Beta update rate = 4.373535e-07
Epoch 115000 (2.3%): Train pred MSE = 1.096152e-08, Test pred MSE = 8.106276e-03, Param MSE = 8.194735e-02, Grad norm = 1.266478e-06, Beta update rate = 4.340799e-07
Epoch 115200 (2.3%): Train pred MSE = 1.080232e-08, Test pred MSE = 8.106273e-03, Param MSE = 8.194732e-02, Grad norm = 1.257105e-06, Beta update rate = 4.308319e-07
Epoch 115400 (2.3%): Train pred MSE = 1.064547e-08, Test pred MSE = 8.106270e-03, Param MSE = 8.194730e-02, Grad norm = 1.247805e-06, Beta update rate = 4.276092e-07
Epoch 115600 (2.3%): Train pred MSE = 1.049092e-08, Test pred MSE = 8.106268e-03, Param MSE = 8.194727e-02, Grad norm = 1.238575e-06, Beta update rate = 4.244116e-07
Epoch 115800 (2.3%): Train pred MSE = 1.033866e-08, Test pred MSE = 8.106265e-03, Param MSE = 8.194725e-02, Grad norm = 1.229415e-06, Beta update rate = 4.212390e-07
Epoch 116000 (2.3%): Train pred MSE = 1.018864e-08, Test pred MSE = 8.106263e-03, Param MSE = 8.194722e-02, Grad norm = 1.220326e-06, Beta update rate = 4.180911e-07
Epoch 116200 (2.3%): Train pred MSE = 1.004082e-08, Test pred MSE = 8.106260e-03, Param MSE = 8.194720e-02, Grad norm = 1.211306e-06, Beta update rate = 4.149678e-07
Epoch 116400 (2.3%): Train pred MSE = 9.895189e-09, Test pred MSE = 8.106258e-03, Param MSE = 8.194718e-02, Grad norm = 1.202355e-06, Beta update rate = 4.118688e-07
Epoch 116600 (2.3%): Train pred MSE = 9.751697e-09, Test pred MSE = 8.106256e-03, Param MSE = 8.194715e-02, Grad norm = 1.193473e-06, Beta update rate = 4.087939e-07
Epoch 116800 (2.3%): Train pred MSE = 9.610318e-09, Test pred MSE = 8.106253e-03, Param MSE = 8.194713e-02, Grad norm = 1.184658e-06, Beta update rate = 4.057429e-07
Epoch 117000 (2.3%): Train pred MSE = 9.471020e-09, Test pred MSE = 8.106251e-03, Param MSE = 8.194711e-02, Grad norm = 1.175910e-06, Beta update rate = 4.027157e-07
Epoch 117200 (2.3%): Train pred MSE = 9.333770e-09, Test pred MSE = 8.106249e-03, Param MSE = 8.194709e-02, Grad norm = 1.167230e-06, Beta update rate = 3.997120e-07
Epoch 117400 (2.3%): Train pred MSE = 9.198540e-09, Test pred MSE = 8.106247e-03, Param MSE = 8.194707e-02, Grad norm = 1.158615e-06, Beta update rate = 3.967317e-07
Epoch 117600 (2.4%): Train pred MSE = 9.065298e-09, Test pred MSE = 8.106245e-03, Param MSE = 8.194705e-02, Grad norm = 1.150066e-06, Beta update rate = 3.937745e-07
Epoch 117800 (2.4%): Train pred MSE = 8.934014e-09, Test pred MSE = 8.106243e-03, Param MSE = 8.194703e-02, Grad norm = 1.141582e-06, Beta update rate = 3.908403e-07
Epoch 118000 (2.4%): Train pred MSE = 8.804660e-09, Test pred MSE = 8.106241e-03, Param MSE = 8.194701e-02, Grad norm = 1.133163e-06, Beta update rate = 3.879288e-07
Epoch 118200 (2.4%): Train pred MSE = 8.677207e-09, Test pred MSE = 8.106239e-03, Param MSE = 8.194699e-02, Grad norm = 1.124808e-06, Beta update rate = 3.850400e-07
Epoch 118400 (2.4%): Train pred MSE = 8.551627e-09, Test pred MSE = 8.106237e-03, Param MSE = 8.194697e-02, Grad norm = 1.116516e-06, Beta update rate = 3.821736e-07
Epoch 118600 (2.4%): Train pred MSE = 8.427890e-09, Test pred MSE = 8.106235e-03, Param MSE = 8.194695e-02, Grad norm = 1.108288e-06, Beta update rate = 3.793294e-07
Epoch 118800 (2.4%): Train pred MSE = 8.305971e-09, Test pred MSE = 8.106233e-03, Param MSE = 8.194694e-02, Grad norm = 1.100122e-06, Beta update rate = 3.765072e-07
Epoch 119000 (2.4%): Train pred MSE = 8.185841e-09, Test pred MSE = 8.106231e-03, Param MSE = 8.194692e-02, Grad norm = 1.092019e-06, Beta update rate = 3.737069e-07
Epoch 119200 (2.4%): Train pred MSE = 8.067474e-09, Test pred MSE = 8.106229e-03, Param MSE = 8.194690e-02, Grad norm = 1.083977e-06, Beta update rate = 3.709283e-07
Epoch 119400 (2.4%): Train pred MSE = 7.950844e-09, Test pred MSE = 8.106228e-03, Param MSE = 8.194689e-02, Grad norm = 1.075996e-06, Beta update rate = 3.681712e-07
Epoch 119600 (2.4%): Train pred MSE = 7.835925e-09, Test pred MSE = 8.106226e-03, Param MSE = 8.194687e-02, Grad norm = 1.068076e-06, Beta update rate = 3.654354e-07
Epoch 119800 (2.4%): Train pred MSE = 7.722691e-09, Test pred MSE = 8.106224e-03, Param MSE = 8.194686e-02, Grad norm = 1.060216e-06, Beta update rate = 3.627208e-07
Epoch 120000 (2.4%): Train pred MSE = 7.611117e-09, Test pred MSE = 8.106223e-03, Param MSE = 8.194684e-02, Grad norm = 1.052415e-06, Beta update rate = 3.600272e-07
Epoch 120200 (2.4%): Train pred MSE = 7.501179e-09, Test pred MSE = 8.106221e-03, Param MSE = 8.194683e-02, Grad norm = 1.044674e-06, Beta update rate = 3.573544e-07
Epoch 120400 (2.4%): Train pred MSE = 7.392853e-09, Test pred MSE = 8.106220e-03, Param MSE = 8.194681e-02, Grad norm = 1.036992e-06, Beta update rate = 3.547022e-07
Epoch 120600 (2.4%): Train pred MSE = 7.286113e-09, Test pred MSE = 8.106218e-03, Param MSE = 8.194680e-02, Grad norm = 1.029368e-06, Beta update rate = 3.520706e-07
Epoch 120800 (2.4%): Train pred MSE = 7.180937e-09, Test pred MSE = 8.106217e-03, Param MSE = 8.194679e-02, Grad norm = 1.021802e-06, Beta update rate = 3.494592e-07
Epoch 121000 (2.4%): Train pred MSE = 7.077301e-09, Test pred MSE = 8.106215e-03, Param MSE = 8.194677e-02, Grad norm = 1.014293e-06, Beta update rate = 3.468680e-07
Epoch 121200 (2.4%): Train pred MSE = 6.975183e-09, Test pred MSE = 8.106214e-03, Param MSE = 8.194676e-02, Grad norm = 1.006841e-06, Beta update rate = 3.442968e-07
Epoch 121400 (2.4%): Train pred MSE = 6.874559e-09, Test pred MSE = 8.106213e-03, Param MSE = 8.194675e-02, Grad norm = 9.994457e-07, Beta update rate = 3.417454e-07
Epoch 121600 (2.4%): Train pred MSE = 6.775408e-09, Test pred MSE = 8.106211e-03, Param MSE = 8.194674e-02, Grad norm = 9.921064e-07, Beta update rate = 3.392137e-07
Epoch 121800 (2.4%): Train pred MSE = 6.677708e-09, Test pred MSE = 8.106210e-03, Param MSE = 8.194672e-02, Grad norm = 9.848226e-07, Beta update rate = 3.367015e-07
Epoch 122000 (2.4%): Train pred MSE = 6.581436e-09, Test pred MSE = 8.106209e-03, Param MSE = 8.194671e-02, Grad norm = 9.775940e-07, Beta update rate = 3.342086e-07
Epoch 122200 (2.4%): Train pred MSE = 6.486573e-09, Test pred MSE = 8.106208e-03, Param MSE = 8.194670e-02, Grad norm = 9.704202e-07, Beta update rate = 3.317349e-07
Epoch 122400 (2.4%): Train pred MSE = 6.393097e-09, Test pred MSE = 8.106207e-03, Param MSE = 8.194669e-02, Grad norm = 9.633006e-07, Beta update rate = 3.292803e-07
Epoch 122600 (2.5%): Train pred MSE = 6.300987e-09, Test pred MSE = 8.106205e-03, Param MSE = 8.194668e-02, Grad norm = 9.562349e-07, Beta update rate = 3.268445e-07
Epoch 122800 (2.5%): Train pred MSE = 6.210223e-09, Test pred MSE = 8.106204e-03, Param MSE = 8.194667e-02, Grad norm = 9.492227e-07, Beta update rate = 3.244275e-07
Epoch 123000 (2.5%): Train pred MSE = 6.120785e-09, Test pred MSE = 8.106203e-03, Param MSE = 8.194666e-02, Grad norm = 9.422635e-07, Beta update rate = 3.220290e-07
Epoch 123200 (2.5%): Train pred MSE = 6.032654e-09, Test pred MSE = 8.106202e-03, Param MSE = 8.194665e-02, Grad norm = 9.353568e-07, Beta update rate = 3.196490e-07
Epoch 123400 (2.5%): Train pred MSE = 5.945810e-09, Test pred MSE = 8.106201e-03, Param MSE = 8.194664e-02, Grad norm = 9.285024e-07, Beta update rate = 3.172873e-07
Epoch 123600 (2.5%): Train pred MSE = 5.860234e-09, Test pred MSE = 8.106200e-03, Param MSE = 8.194664e-02, Grad norm = 9.216998e-07, Beta update rate = 3.149437e-07
Epoch 123800 (2.5%): Train pred MSE = 5.775907e-09, Test pred MSE = 8.106199e-03, Param MSE = 8.194663e-02, Grad norm = 9.149486e-07, Beta update rate = 3.126181e-07
Epoch 124000 (2.5%): Train pred MSE = 5.692811e-09, Test pred MSE = 8.106198e-03, Param MSE = 8.194662e-02, Grad norm = 9.082484e-07, Beta update rate = 3.103103e-07
Epoch 124200 (2.5%): Train pred MSE = 5.610927e-09, Test pred MSE = 8.106198e-03, Param MSE = 8.194661e-02, Grad norm = 9.015987e-07, Beta update rate = 3.080202e-07
Epoch 124400 (2.5%): Train pred MSE = 5.530238e-09, Test pred MSE = 8.106197e-03, Param MSE = 8.194660e-02, Grad norm = 8.949992e-07, Beta update rate = 3.057477e-07
Epoch 124600 (2.5%): Train pred MSE = 5.450726e-09, Test pred MSE = 8.106196e-03, Param MSE = 8.194660e-02, Grad norm = 8.884495e-07, Beta update rate = 3.034926e-07
Epoch 124800 (2.5%): Train pred MSE = 5.372372e-09, Test pred MSE = 8.106195e-03, Param MSE = 8.194659e-02, Grad norm = 8.819493e-07, Beta update rate = 3.012548e-07
Epoch 125000 (2.5%): Train pred MSE = 5.295162e-09, Test pred MSE = 8.106194e-03, Param MSE = 8.194658e-02, Grad norm = 8.754980e-07, Beta update rate = 2.990341e-07
Epoch 125200 (2.5%): Train pred MSE = 5.219076e-09, Test pred MSE = 8.106194e-03, Param MSE = 8.194658e-02, Grad norm = 8.690954e-07, Beta update rate = 2.968304e-07
Epoch 125400 (2.5%): Train pred MSE = 5.144099e-09, Test pred MSE = 8.106193e-03, Param MSE = 8.194657e-02, Grad norm = 8.627410e-07, Beta update rate = 2.946436e-07
Epoch 125600 (2.5%): Train pred MSE = 5.070214e-09, Test pred MSE = 8.106192e-03, Param MSE = 8.194657e-02, Grad norm = 8.564346e-07, Beta update rate = 2.924735e-07
Epoch 125800 (2.5%): Train pred MSE = 4.997406e-09, Test pred MSE = 8.106192e-03, Param MSE = 8.194656e-02, Grad norm = 8.501756e-07, Beta update rate = 2.903200e-07
Epoch 126000 (2.5%): Train pred MSE = 4.925657e-09, Test pred MSE = 8.106191e-03, Param MSE = 8.194656e-02, Grad norm = 8.439638e-07, Beta update rate = 2.881830e-07
Epoch 126200 (2.5%): Train pred MSE = 4.854953e-09, Test pred MSE = 8.106190e-03, Param MSE = 8.194655e-02, Grad norm = 8.377987e-07, Beta update rate = 2.860623e-07
Epoch 126400 (2.5%): Train pred MSE = 4.785279e-09, Test pred MSE = 8.106190e-03, Param MSE = 8.194655e-02, Grad norm = 8.316800e-07, Beta update rate = 2.839578e-07
Epoch 126600 (2.5%): Train pred MSE = 4.716618e-09, Test pred MSE = 8.106189e-03, Param MSE = 8.194654e-02, Grad norm = 8.256074e-07, Beta update rate = 2.818693e-07
Epoch 126800 (2.5%): Train pred MSE = 4.648956e-09, Test pred MSE = 8.106189e-03, Param MSE = 8.194654e-02, Grad norm = 8.195804e-07, Beta update rate = 2.797968e-07
Epoch 127000 (2.5%): Train pred MSE = 4.582278e-09, Test pred MSE = 8.106188e-03, Param MSE = 8.194653e-02, Grad norm = 8.135988e-07, Beta update rate = 2.777401e-07
Epoch 127200 (2.5%): Train pred MSE = 4.516569e-09, Test pred MSE = 8.106188e-03, Param MSE = 8.194653e-02, Grad norm = 8.076622e-07, Beta update rate = 2.756992e-07
Epoch 127400 (2.5%): Train pred MSE = 4.451816e-09, Test pred MSE = 8.106187e-03, Param MSE = 8.194653e-02, Grad norm = 8.017701e-07, Beta update rate = 2.736737e-07
Epoch 127600 (2.6%): Train pred MSE = 4.388005e-09, Test pred MSE = 8.106187e-03, Param MSE = 8.194652e-02, Grad norm = 7.959224e-07, Beta update rate = 2.716637e-07
Epoch 127800 (2.6%): Train pred MSE = 4.325120e-09, Test pred MSE = 8.106186e-03, Param MSE = 8.194652e-02, Grad norm = 7.901186e-07, Beta update rate = 2.696691e-07
Epoch 128000 (2.6%): Train pred MSE = 4.263150e-09, Test pred MSE = 8.106186e-03, Param MSE = 8.194652e-02, Grad norm = 7.843583e-07, Beta update rate = 2.676896e-07
Epoch 128200 (2.6%): Train pred MSE = 4.202079e-09, Test pred MSE = 8.106186e-03, Param MSE = 8.194652e-02, Grad norm = 7.786414e-07, Beta update rate = 2.657252e-07
Epoch 128400 (2.6%): Train pred MSE = 4.141895e-09, Test pred MSE = 8.106185e-03, Param MSE = 8.194651e-02, Grad norm = 7.729673e-07, Beta update rate = 2.637757e-07
Epoch 128600 (2.6%): Train pred MSE = 4.082586e-09, Test pred MSE = 8.106185e-03, Param MSE = 8.194651e-02, Grad norm = 7.673358e-07, Beta update rate = 2.618411e-07
Epoch 128800 (2.6%): Train pred MSE = 4.024137e-09, Test pred MSE = 8.106185e-03, Param MSE = 8.194651e-02, Grad norm = 7.617466e-07, Beta update rate = 2.599212e-07
Epoch 129000 (2.6%): Train pred MSE = 3.966536e-09, Test pred MSE = 8.106184e-03, Param MSE = 8.194651e-02, Grad norm = 7.561993e-07, Beta update rate = 2.580159e-07
Epoch 129200 (2.6%): Train pred MSE = 3.909771e-09, Test pred MSE = 8.106184e-03, Param MSE = 8.194651e-02, Grad norm = 7.506936e-07, Beta update rate = 2.561251e-07
Epoch 129400 (2.6%): Train pred MSE = 3.853830e-09, Test pred MSE = 8.106184e-03, Param MSE = 8.194651e-02, Grad norm = 7.452291e-07, Beta update rate = 2.542487e-07
Epoch 129600 (2.6%): Train pred MSE = 3.798700e-09, Test pred MSE = 8.106184e-03, Param MSE = 8.194651e-02, Grad norm = 7.398057e-07, Beta update rate = 2.523865e-07
Epoch 129800 (2.6%): Train pred MSE = 3.744370e-09, Test pred MSE = 8.106183e-03, Param MSE = 8.194650e-02, Grad norm = 7.344228e-07, Beta update rate = 2.505384e-07
Epoch 130000 (2.6%): Train pred MSE = 3.690827e-09, Test pred MSE = 8.106183e-03, Param MSE = 8.194650e-02, Grad norm = 7.290803e-07, Beta update rate = 2.487044e-07
Epoch 130200 (2.6%): Train pred MSE = 3.638060e-09, Test pred MSE = 8.106183e-03, Param MSE = 8.194650e-02, Grad norm = 7.237778e-07, Beta update rate = 2.468843e-07
Epoch 130400 (2.6%): Train pred MSE = 3.586058e-09, Test pred MSE = 8.106183e-03, Param MSE = 8.194650e-02, Grad norm = 7.185150e-07, Beta update rate = 2.450780e-07
Epoch 130600 (2.6%): Train pred MSE = 3.534809e-09, Test pred MSE = 8.106183e-03, Param MSE = 8.194650e-02, Grad norm = 7.132915e-07, Beta update rate = 2.432853e-07
Epoch 130800 (2.6%): Train pred MSE = 3.484303e-09, Test pred MSE = 8.106183e-03, Param MSE = 8.194650e-02, Grad norm = 7.081072e-07, Beta update rate = 2.415063e-07
Epoch 131000 (2.6%): Train pred MSE = 3.434528e-09, Test pred MSE = 8.106183e-03, Param MSE = 8.194650e-02, Grad norm = 7.029617e-07, Beta update rate = 2.397408e-07
Epoch 131200 (2.6%): Train pred MSE = 3.385474e-09, Test pred MSE = 8.106183e-03, Param MSE = 8.194651e-02, Grad norm = 6.978546e-07, Beta update rate = 2.379886e-07
Epoch 131400 (2.6%): Train pred MSE = 3.337130e-09, Test pred MSE = 8.106183e-03, Param MSE = 8.194651e-02, Grad norm = 6.927857e-07, Beta update rate = 2.362497e-07
Epoch 131600 (2.6%): Train pred MSE = 3.289485e-09, Test pred MSE = 8.106183e-03, Param MSE = 8.194651e-02, Grad norm = 6.877547e-07, Beta update rate = 2.345240e-07
Epoch 131800 (2.6%): Train pred MSE = 3.242530e-09, Test pred MSE = 8.106183e-03, Param MSE = 8.194651e-02, Grad norm = 6.827613e-07, Beta update rate = 2.328113e-07
Epoch 132000 (2.6%): Train pred MSE = 3.196254e-09, Test pred MSE = 8.106183e-03, Param MSE = 8.194651e-02, Grad norm = 6.778053e-07, Beta update rate = 2.311116e-07
Epoch 132200 (2.6%): Train pred MSE = 3.150648e-09, Test pred MSE = 8.106183e-03, Param MSE = 8.194651e-02, Grad norm = 6.728862e-07, Beta update rate = 2.294248e-07
Epoch 132400 (2.6%): Train pred MSE = 3.105701e-09, Test pred MSE = 8.106183e-03, Param MSE = 8.194651e-02, Grad norm = 6.680039e-07, Beta update rate = 2.277507e-07
Epoch 132600 (2.7%): Train pred MSE = 3.061404e-09, Test pred MSE = 8.106183e-03, Param MSE = 8.194651e-02, Grad norm = 6.631580e-07, Beta update rate = 2.260892e-07
Epoch 132800 (2.7%): Train pred MSE = 3.017747e-09, Test pred MSE = 8.106183e-03, Param MSE = 8.194652e-02, Grad norm = 6.583483e-07, Beta update rate = 2.244403e-07
Epoch 133000 (2.7%): Train pred MSE = 2.974721e-09, Test pred MSE = 8.106183e-03, Param MSE = 8.194652e-02, Grad norm = 6.535745e-07, Beta update rate = 2.228039e-07
Epoch 133200 (2.7%): Train pred MSE = 2.932316e-09, Test pred MSE = 8.106183e-03, Param MSE = 8.194652e-02, Grad norm = 6.488363e-07, Beta update rate = 2.211798e-07
Epoch 133400 (2.7%): Train pred MSE = 2.890525e-09, Test pred MSE = 8.106183e-03, Param MSE = 8.194652e-02, Grad norm = 6.441334e-07, Beta update rate = 2.195680e-07
Epoch 133600 (2.7%): Train pred MSE = 2.849336e-09, Test pred MSE = 8.106183e-03, Param MSE = 8.194652e-02, Grad norm = 6.394656e-07, Beta update rate = 2.179683e-07
Epoch 133800 (2.7%): Train pred MSE = 2.808743e-09, Test pred MSE = 8.106183e-03, Param MSE = 8.194653e-02, Grad norm = 6.348326e-07, Beta update rate = 2.163807e-07
Epoch 134000 (2.7%): Train pred MSE = 2.768735e-09, Test pred MSE = 8.106183e-03, Param MSE = 8.194653e-02, Grad norm = 6.302342e-07, Beta update rate = 2.148051e-07
Epoch 134200 (2.7%): Train pred MSE = 2.729305e-09, Test pred MSE = 8.106184e-03, Param MSE = 8.194653e-02, Grad norm = 6.256700e-07, Beta update rate = 2.132413e-07
Epoch 134400 (2.7%): Train pred MSE = 2.690444e-09, Test pred MSE = 8.106184e-03, Param MSE = 8.194654e-02, Grad norm = 6.211398e-07, Beta update rate = 2.116893e-07
Epoch 134600 (2.7%): Train pred MSE = 2.652144e-09, Test pred MSE = 8.106184e-03, Param MSE = 8.194654e-02, Grad norm = 6.166433e-07, Beta update rate = 2.101491e-07
Epoch 134800 (2.7%): Train pred MSE = 2.614396e-09, Test pred MSE = 8.106184e-03, Param MSE = 8.194654e-02, Grad norm = 6.121803e-07, Beta update rate = 2.086204e-07
Epoch 135000 (2.7%): Train pred MSE = 2.577192e-09, Test pred MSE = 8.106184e-03, Param MSE = 8.194655e-02, Grad norm = 6.077506e-07, Beta update rate = 2.071032e-07
Epoch 135200 (2.7%): Train pred MSE = 2.540525e-09, Test pred MSE = 8.106185e-03, Param MSE = 8.194655e-02, Grad norm = 6.033538e-07, Beta update rate = 2.055975e-07
Epoch 135400 (2.7%): Train pred MSE = 2.504387e-09, Test pred MSE = 8.106185e-03, Param MSE = 8.194655e-02, Grad norm = 5.989897e-07, Beta update rate = 2.041030e-07
Epoch 135600 (2.7%): Train pred MSE = 2.468769e-09, Test pred MSE = 8.106185e-03, Param MSE = 8.194656e-02, Grad norm = 5.946580e-07, Beta update rate = 2.026199e-07
Epoch 135800 (2.7%): Train pred MSE = 2.433664e-09, Test pred MSE = 8.106185e-03, Param MSE = 8.194656e-02, Grad norm = 5.903586e-07, Beta update rate = 2.011478e-07
Epoch 136000 (2.7%): Train pred MSE = 2.399065e-09, Test pred MSE = 8.106186e-03, Param MSE = 8.194657e-02, Grad norm = 5.860912e-07, Beta update rate = 1.996869e-07
Epoch 136200 (2.7%): Train pred MSE = 2.364965e-09, Test pred MSE = 8.106186e-03, Param MSE = 8.194657e-02, Grad norm = 5.818554e-07, Beta update rate = 1.982369e-07
Epoch 136400 (2.7%): Train pred MSE = 2.331356e-09, Test pred MSE = 8.106186e-03, Param MSE = 8.194657e-02, Grad norm = 5.776512e-07, Beta update rate = 1.967978e-07
Epoch 136600 (2.7%): Train pred MSE = 2.298230e-09, Test pred MSE = 8.106187e-03, Param MSE = 8.194658e-02, Grad norm = 5.734782e-07, Beta update rate = 1.953695e-07
Epoch 136800 (2.7%): Train pred MSE = 2.265581e-09, Test pred MSE = 8.106187e-03, Param MSE = 8.194658e-02, Grad norm = 5.693361e-07, Beta update rate = 1.939519e-07
Epoch 137000 (2.7%): Train pred MSE = 2.233403e-09, Test pred MSE = 8.106187e-03, Param MSE = 8.194659e-02, Grad norm = 5.652249e-07, Beta update rate = 1.925450e-07
Epoch 137200 (2.7%): Train pred MSE = 2.201687e-09, Test pred MSE = 8.106188e-03, Param MSE = 8.194659e-02, Grad norm = 5.611441e-07, Beta update rate = 1.911486e-07
Epoch 137400 (2.7%): Train pred MSE = 2.170427e-09, Test pred MSE = 8.106188e-03, Param MSE = 8.194660e-02, Grad norm = 5.570936e-07, Beta update rate = 1.897627e-07
Epoch 137600 (2.8%): Train pred MSE = 2.139617e-09, Test pred MSE = 8.106188e-03, Param MSE = 8.194660e-02, Grad norm = 5.530732e-07, Beta update rate = 1.883872e-07
Epoch 137800 (2.8%): Train pred MSE = 2.109250e-09, Test pred MSE = 8.106189e-03, Param MSE = 8.194661e-02, Grad norm = 5.490826e-07, Beta update rate = 1.870220e-07
Epoch 138000 (2.8%): Train pred MSE = 2.079320e-09, Test pred MSE = 8.106189e-03, Param MSE = 8.194661e-02, Grad norm = 5.451217e-07, Beta update rate = 1.856671e-07
Epoch 138200 (2.8%): Train pred MSE = 2.049820e-09, Test pred MSE = 8.106190e-03, Param MSE = 8.194662e-02, Grad norm = 5.411900e-07, Beta update rate = 1.843223e-07
Epoch 138400 (2.8%): Train pred MSE = 2.020744e-09, Test pred MSE = 8.106190e-03, Param MSE = 8.194662e-02, Grad norm = 5.372876e-07, Beta update rate = 1.829875e-07
Epoch 138600 (2.8%): Train pred MSE = 1.992085e-09, Test pred MSE = 8.106190e-03, Param MSE = 8.194663e-02, Grad norm = 5.334140e-07, Beta update rate = 1.816628e-07
Epoch 138800 (2.8%): Train pred MSE = 1.963839e-09, Test pred MSE = 8.106191e-03, Param MSE = 8.194663e-02, Grad norm = 5.295692e-07, Beta update rate = 1.803479e-07
Epoch 139000 (2.8%): Train pred MSE = 1.935998e-09, Test pred MSE = 8.106191e-03, Param MSE = 8.194664e-02, Grad norm = 5.257528e-07, Beta update rate = 1.790429e-07
Epoch 139200 (2.8%): Train pred MSE = 1.908557e-09, Test pred MSE = 8.106192e-03, Param MSE = 8.194664e-02, Grad norm = 5.219647e-07, Beta update rate = 1.777477e-07
Epoch 139400 (2.8%): Train pred MSE = 1.881509e-09, Test pred MSE = 8.106192e-03, Param MSE = 8.194665e-02, Grad norm = 5.182047e-07, Beta update rate = 1.764621e-07
Epoch 139600 (2.8%): Train pred MSE = 1.854850e-09, Test pred MSE = 8.106193e-03, Param MSE = 8.194666e-02, Grad norm = 5.144725e-07, Beta update rate = 1.751862e-07
Epoch 139800 (2.8%): Train pred MSE = 1.828574e-09, Test pred MSE = 8.106193e-03, Param MSE = 8.194666e-02, Grad norm = 5.107679e-07, Beta update rate = 1.739197e-07
Epoch 140000 (2.8%): Train pred MSE = 1.802675e-09, Test pred MSE = 8.106194e-03, Param MSE = 8.194667e-02, Grad norm = 5.070907e-07, Beta update rate = 1.726628e-07
Epoch 140200 (2.8%): Train pred MSE = 1.777147e-09, Test pred MSE = 8.106194e-03, Param MSE = 8.194667e-02, Grad norm = 5.034407e-07, Beta update rate = 1.714152e-07
Epoch 140400 (2.8%): Train pred MSE = 1.751985e-09, Test pred MSE = 8.106195e-03, Param MSE = 8.194668e-02, Grad norm = 4.998177e-07, Beta update rate = 1.701770e-07
Epoch 140600 (2.8%): Train pred MSE = 1.727184e-09, Test pred MSE = 8.106195e-03, Param MSE = 8.194669e-02, Grad norm = 4.962215e-07, Beta update rate = 1.689480e-07
Epoch 140800 (2.8%): Train pred MSE = 1.702739e-09, Test pred MSE = 8.106196e-03, Param MSE = 8.194669e-02, Grad norm = 4.926519e-07, Beta update rate = 1.677281e-07
Epoch 141000 (2.8%): Train pred MSE = 1.678644e-09, Test pred MSE = 8.106196e-03, Param MSE = 8.194670e-02, Grad norm = 4.891086e-07, Beta update rate = 1.665174e-07
Epoch 141200 (2.8%): Train pred MSE = 1.654894e-09, Test pred MSE = 8.106197e-03, Param MSE = 8.194671e-02, Grad norm = 4.855916e-07, Beta update rate = 1.653157e-07
Epoch 141400 (2.8%): Train pred MSE = 1.631485e-09, Test pred MSE = 8.106197e-03, Param MSE = 8.194671e-02, Grad norm = 4.821005e-07, Beta update rate = 1.641229e-07
Epoch 141600 (2.8%): Train pred MSE = 1.608411e-09, Test pred MSE = 8.106198e-03, Param MSE = 8.194672e-02, Grad norm = 4.786352e-07, Beta update rate = 1.629391e-07
Epoch 141800 (2.8%): Train pred MSE = 1.585667e-09, Test pred MSE = 8.106198e-03, Param MSE = 8.194673e-02, Grad norm = 4.751955e-07, Beta update rate = 1.617640e-07
Epoch 142000 (2.8%): Train pred MSE = 1.563250e-09, Test pred MSE = 8.106199e-03, Param MSE = 8.194673e-02, Grad norm = 4.717812e-07, Beta update rate = 1.605977e-07
Epoch 142200 (2.8%): Train pred MSE = 1.541153e-09, Test pred MSE = 8.106200e-03, Param MSE = 8.194674e-02, Grad norm = 4.683921e-07, Beta update rate = 1.594401e-07
Epoch 142400 (2.8%): Train pred MSE = 1.519372e-09, Test pred MSE = 8.106200e-03, Param MSE = 8.194675e-02, Grad norm = 4.650280e-07, Beta update rate = 1.582911e-07
Epoch 142600 (2.9%): Train pred MSE = 1.497903e-09, Test pred MSE = 8.106201e-03, Param MSE = 8.194675e-02, Grad norm = 4.616887e-07, Beta update rate = 1.571507e-07
Epoch 142800 (2.9%): Train pred MSE = 1.476742e-09, Test pred MSE = 8.106201e-03, Param MSE = 8.194676e-02, Grad norm = 4.583740e-07, Beta update rate = 1.560187e-07
Epoch 143000 (2.9%): Train pred MSE = 1.455883e-09, Test pred MSE = 8.106202e-03, Param MSE = 8.194677e-02, Grad norm = 4.550838e-07, Beta update rate = 1.548952e-07
Epoch 143200 (2.9%): Train pred MSE = 1.435322e-09, Test pred MSE = 8.106203e-03, Param MSE = 8.194678e-02, Grad norm = 4.518179e-07, Beta update rate = 1.537800e-07
Epoch 143400 (2.9%): Train pred MSE = 1.415056e-09, Test pred MSE = 8.106203e-03, Param MSE = 8.194678e-02, Grad norm = 4.485760e-07, Beta update rate = 1.526731e-07
Epoch 143600 (2.9%): Train pred MSE = 1.395079e-09, Test pred MSE = 8.106204e-03, Param MSE = 8.194679e-02, Grad norm = 4.453580e-07, Beta update rate = 1.515744e-07
Epoch 143800 (2.9%): Train pred MSE = 1.375388e-09, Test pred MSE = 8.106204e-03, Param MSE = 8.194680e-02, Grad norm = 4.421637e-07, Beta update rate = 1.504839e-07
Epoch 144000 (2.9%): Train pred MSE = 1.355978e-09, Test pred MSE = 8.106205e-03, Param MSE = 8.194680e-02, Grad norm = 4.389929e-07, Beta update rate = 1.494015e-07
Epoch 144200 (2.9%): Train pred MSE = 1.336846e-09, Test pred MSE = 8.106206e-03, Param MSE = 8.194681e-02, Grad norm = 4.358455e-07, Beta update rate = 1.483271e-07
Epoch 144400 (2.9%): Train pred MSE = 1.317986e-09, Test pred MSE = 8.106206e-03, Param MSE = 8.194682e-02, Grad norm = 4.327212e-07, Beta update rate = 1.472607e-07
Epoch 144600 (2.9%): Train pred MSE = 1.299397e-09, Test pred MSE = 8.106207e-03, Param MSE = 8.194683e-02, Grad norm = 4.296200e-07, Beta update rate = 1.462023e-07
Epoch 144800 (2.9%): Train pred MSE = 1.281073e-09, Test pred MSE = 8.106208e-03, Param MSE = 8.194683e-02, Grad norm = 4.265415e-07, Beta update rate = 1.451516e-07
Epoch 145000 (2.9%): Train pred MSE = 1.263010e-09, Test pred MSE = 8.106208e-03, Param MSE = 8.194684e-02, Grad norm = 4.234857e-07, Beta update rate = 1.441088e-07
Epoch 145200 (2.9%): Train pred MSE = 1.245205e-09, Test pred MSE = 8.106209e-03, Param MSE = 8.194685e-02, Grad norm = 4.204524e-07, Beta update rate = 1.430737e-07
Epoch 145400 (2.9%): Train pred MSE = 1.227655e-09, Test pred MSE = 8.106210e-03, Param MSE = 8.194686e-02, Grad norm = 4.174414e-07, Beta update rate = 1.420462e-07
Epoch 145600 (2.9%): Train pred MSE = 1.210354e-09, Test pred MSE = 8.106210e-03, Param MSE = 8.194686e-02, Grad norm = 4.144525e-07, Beta update rate = 1.410264e-07
Epoch 145800 (2.9%): Train pred MSE = 1.193301e-09, Test pred MSE = 8.106211e-03, Param MSE = 8.194687e-02, Grad norm = 4.114856e-07, Beta update rate = 1.400141e-07
Epoch 146000 (2.9%): Train pred MSE = 1.176491e-09, Test pred MSE = 8.106212e-03, Param MSE = 8.194688e-02, Grad norm = 4.085405e-07, Beta update rate = 1.390093e-07
Epoch 146200 (2.9%): Train pred MSE = 1.159921e-09, Test pred MSE = 8.106212e-03, Param MSE = 8.194689e-02, Grad norm = 4.056171e-07, Beta update rate = 1.380120e-07
Epoch 146400 (2.9%): Train pred MSE = 1.143587e-09, Test pred MSE = 8.106213e-03, Param MSE = 8.194690e-02, Grad norm = 4.027151e-07, Beta update rate = 1.370221e-07
Epoch 146600 (2.9%): Train pred MSE = 1.127485e-09, Test pred MSE = 8.106214e-03, Param MSE = 8.194690e-02, Grad norm = 3.998344e-07, Beta update rate = 1.360394e-07
Epoch 146800 (2.9%): Train pred MSE = 1.111614e-09, Test pred MSE = 8.106214e-03, Param MSE = 8.194691e-02, Grad norm = 3.969749e-07, Beta update rate = 1.350641e-07
Epoch 147000 (2.9%): Train pred MSE = 1.095968e-09, Test pred MSE = 8.106215e-03, Param MSE = 8.194692e-02, Grad norm = 3.941364e-07, Beta update rate = 1.340959e-07
Epoch 147200 (2.9%): Train pred MSE = 1.080546e-09, Test pred MSE = 8.106216e-03, Param MSE = 8.194693e-02, Grad norm = 3.913187e-07, Beta update rate = 1.331349e-07
Epoch 147400 (2.9%): Train pred MSE = 1.065343e-09, Test pred MSE = 8.106216e-03, Param MSE = 8.194694e-02, Grad norm = 3.885216e-07, Beta update rate = 1.321810e-07
Epoch 147600 (3.0%): Train pred MSE = 1.050356e-09, Test pred MSE = 8.106217e-03, Param MSE = 8.194694e-02, Grad norm = 3.857451e-07, Beta update rate = 1.312342e-07
Epoch 147800 (3.0%): Train pred MSE = 1.035583e-09, Test pred MSE = 8.106218e-03, Param MSE = 8.194695e-02, Grad norm = 3.829890e-07, Beta update rate = 1.302943e-07
Epoch 148000 (3.0%): Train pred MSE = 1.021021e-09, Test pred MSE = 8.106219e-03, Param MSE = 8.194696e-02, Grad norm = 3.802530e-07, Beta update rate = 1.293614e-07
Epoch 148200 (3.0%): Train pred MSE = 1.006665e-09, Test pred MSE = 8.106219e-03, Param MSE = 8.194697e-02, Grad norm = 3.775372e-07, Beta update rate = 1.284354e-07
Epoch 148400 (3.0%): Train pred MSE = 9.925144e-10, Test pred MSE = 8.106220e-03, Param MSE = 8.194698e-02, Grad norm = 3.748412e-07, Beta update rate = 1.275162e-07
Epoch 148600 (3.0%): Train pred MSE = 9.785648e-10, Test pred MSE = 8.106221e-03, Param MSE = 8.194699e-02, Grad norm = 3.721650e-07, Beta update rate = 1.266038e-07
Epoch 148800 (3.0%): Train pred MSE = 9.648136e-10, Test pred MSE = 8.106222e-03, Param MSE = 8.194699e-02, Grad norm = 3.695084e-07, Beta update rate = 1.256981e-07
Epoch 149000 (3.0%): Train pred MSE = 9.512580e-10, Test pred MSE = 8.106222e-03, Param MSE = 8.194700e-02, Grad norm = 3.668712e-07, Beta update rate = 1.247992e-07
Epoch 149200 (3.0%): Train pred MSE = 9.378952e-10, Test pred MSE = 8.106223e-03, Param MSE = 8.194701e-02, Grad norm = 3.642534e-07, Beta update rate = 1.239068e-07
Epoch 149400 (3.0%): Train pred MSE = 9.247224e-10, Test pred MSE = 8.106224e-03, Param MSE = 8.194702e-02, Grad norm = 3.616547e-07, Beta update rate = 1.230210e-07
Epoch 149600 (3.0%): Train pred MSE = 9.117369e-10, Test pred MSE = 8.106224e-03, Param MSE = 8.194703e-02, Grad norm = 3.590750e-07, Beta update rate = 1.221417e-07
Epoch 149800 (3.0%): Train pred MSE = 8.989359e-10, Test pred MSE = 8.106225e-03, Param MSE = 8.194704e-02, Grad norm = 3.565143e-07, Beta update rate = 1.212690e-07
Epoch 150000 (3.0%): Train pred MSE = 8.863169e-10, Test pred MSE = 8.106226e-03, Param MSE = 8.194704e-02, Grad norm = 3.539722e-07, Beta update rate = 1.204026e-07
Epoch 150200 (3.0%): Train pred MSE = 8.738771e-10, Test pred MSE = 8.106227e-03, Param MSE = 8.194705e-02, Grad norm = 3.514488e-07, Beta update rate = 1.195426e-07
Epoch 150400 (3.0%): Train pred MSE = 8.616141e-10, Test pred MSE = 8.106227e-03, Param MSE = 8.194706e-02, Grad norm = 3.489438e-07, Beta update rate = 1.186890e-07
Epoch 150600 (3.0%): Train pred MSE = 8.495252e-10, Test pred MSE = 8.106228e-03, Param MSE = 8.194707e-02, Grad norm = 3.464571e-07, Beta update rate = 1.178416e-07
Epoch 150800 (3.0%): Train pred MSE = 8.376080e-10, Test pred MSE = 8.106229e-03, Param MSE = 8.194708e-02, Grad norm = 3.439886e-07, Beta update rate = 1.170005e-07
Epoch 151000 (3.0%): Train pred MSE = 8.258600e-10, Test pred MSE = 8.106230e-03, Param MSE = 8.194709e-02, Grad norm = 3.415382e-07, Beta update rate = 1.161655e-07
Epoch 151200 (3.0%): Train pred MSE = 8.142788e-10, Test pred MSE = 8.106231e-03, Param MSE = 8.194710e-02, Grad norm = 3.391057e-07, Beta update rate = 1.153367e-07
Epoch 151400 (3.0%): Train pred MSE = 8.028619e-10, Test pred MSE = 8.106231e-03, Param MSE = 8.194710e-02, Grad norm = 3.366909e-07, Beta update rate = 1.145140e-07
Epoch 151600 (3.0%): Train pred MSE = 7.916071e-10, Test pred MSE = 8.106232e-03, Param MSE = 8.194711e-02, Grad norm = 3.342938e-07, Beta update rate = 1.136973e-07
Epoch 151800 (3.0%): Train pred MSE = 7.805119e-10, Test pred MSE = 8.106233e-03, Param MSE = 8.194712e-02, Grad norm = 3.319141e-07, Beta update rate = 1.128867e-07
Epoch 152000 (3.0%): Train pred MSE = 7.695741e-10, Test pred MSE = 8.106234e-03, Param MSE = 8.194713e-02, Grad norm = 3.295519e-07, Beta update rate = 1.120820e-07
Epoch 152200 (3.0%): Train pred MSE = 7.587914e-10, Test pred MSE = 8.106234e-03, Param MSE = 8.194714e-02, Grad norm = 3.272069e-07, Beta update rate = 1.112832e-07
Epoch 152400 (3.0%): Train pred MSE = 7.481617e-10, Test pred MSE = 8.106235e-03, Param MSE = 8.194715e-02, Grad norm = 3.248790e-07, Beta update rate = 1.104902e-07
Epoch 152600 (3.1%): Train pred MSE = 7.376826e-10, Test pred MSE = 8.106236e-03, Param MSE = 8.194716e-02, Grad norm = 3.225680e-07, Beta update rate = 1.097031e-07
Epoch 152800 (3.1%): Train pred MSE = 7.273520e-10, Test pred MSE = 8.106237e-03, Param MSE = 8.194716e-02, Grad norm = 3.202740e-07, Beta update rate = 1.089217e-07
Epoch 153000 (3.1%): Train pred MSE = 7.171679e-10, Test pred MSE = 8.106237e-03, Param MSE = 8.194717e-02, Grad norm = 3.179967e-07, Beta update rate = 1.081461e-07
Epoch 153200 (3.1%): Train pred MSE = 7.071280e-10, Test pred MSE = 8.106238e-03, Param MSE = 8.194718e-02, Grad norm = 3.157360e-07, Beta update rate = 1.073762e-07
Epoch 153400 (3.1%): Train pred MSE = 6.972304e-10, Test pred MSE = 8.106239e-03, Param MSE = 8.194719e-02, Grad norm = 3.134917e-07, Beta update rate = 1.066119e-07
Epoch 153600 (3.1%): Train pred MSE = 6.874730e-10, Test pred MSE = 8.106240e-03, Param MSE = 8.194720e-02, Grad norm = 3.112638e-07, Beta update rate = 1.058532e-07
Epoch 153800 (3.1%): Train pred MSE = 6.778538e-10, Test pred MSE = 8.106241e-03, Param MSE = 8.194721e-02, Grad norm = 3.090522e-07, Beta update rate = 1.051001e-07
Epoch 154000 (3.1%): Train pred MSE = 6.683707e-10, Test pred MSE = 8.106241e-03, Param MSE = 8.194722e-02, Grad norm = 3.068567e-07, Beta update rate = 1.043525e-07
Epoch 154200 (3.1%): Train pred MSE = 6.590219e-10, Test pred MSE = 8.106242e-03, Param MSE = 8.194723e-02, Grad norm = 3.046771e-07, Beta update rate = 1.036104e-07
Epoch 154400 (3.1%): Train pred MSE = 6.498054e-10, Test pred MSE = 8.106243e-03, Param MSE = 8.194723e-02, Grad norm = 3.025135e-07, Beta update rate = 1.028737e-07
Epoch 154600 (3.1%): Train pred MSE = 6.407194e-10, Test pred MSE = 8.106244e-03, Param MSE = 8.194724e-02, Grad norm = 3.003656e-07, Beta update rate = 1.021424e-07
Epoch 154800 (3.1%): Train pred MSE = 6.317619e-10, Test pred MSE = 8.106244e-03, Param MSE = 8.194725e-02, Grad norm = 2.982333e-07, Beta update rate = 1.014164e-07
Epoch 155000 (3.1%): Train pred MSE = 6.229311e-10, Test pred MSE = 8.106245e-03, Param MSE = 8.194726e-02, Grad norm = 2.961165e-07, Beta update rate = 1.006958e-07
Epoch 155200 (3.1%): Train pred MSE = 6.142252e-10, Test pred MSE = 8.106246e-03, Param MSE = 8.194727e-02, Grad norm = 2.940152e-07, Beta update rate = 9.998044e-08
Epoch 155400 (3.1%): Train pred MSE = 6.056425e-10, Test pred MSE = 8.106247e-03, Param MSE = 8.194728e-02, Grad norm = 2.919291e-07, Beta update rate = 9.927030e-08
Epoch 155600 (3.1%): Train pred MSE = 5.971810e-10, Test pred MSE = 8.106248e-03, Param MSE = 8.194729e-02, Grad norm = 2.898582e-07, Beta update rate = 9.856536e-08
Epoch 155800 (3.1%): Train pred MSE = 5.888392e-10, Test pred MSE = 8.106248e-03, Param MSE = 8.194729e-02, Grad norm = 2.878024e-07, Beta update rate = 9.786557e-08
Epoch 156000 (3.1%): Train pred MSE = 5.806153e-10, Test pred MSE = 8.106249e-03, Param MSE = 8.194730e-02, Grad norm = 2.857615e-07, Beta update rate = 9.717089e-08
Epoch 156200 (3.1%): Train pred MSE = 5.725076e-10, Test pred MSE = 8.106250e-03, Param MSE = 8.194731e-02, Grad norm = 2.837355e-07, Beta update rate = 9.648128e-08
Epoch 156400 (3.1%): Train pred MSE = 5.645145e-10, Test pred MSE = 8.106251e-03, Param MSE = 8.194732e-02, Grad norm = 2.817242e-07, Beta update rate = 9.579671e-08
Epoch 156600 (3.1%): Train pred MSE = 5.566342e-10, Test pred MSE = 8.106252e-03, Param MSE = 8.194733e-02, Grad norm = 2.797274e-07, Beta update rate = 9.511714e-08
Epoch 156800 (3.1%): Train pred MSE = 5.488653e-10, Test pred MSE = 8.106252e-03, Param MSE = 8.194734e-02, Grad norm = 2.777452e-07, Beta update rate = 9.444253e-08
Epoch 157000 (3.1%): Train pred MSE = 5.412060e-10, Test pred MSE = 8.106253e-03, Param MSE = 8.194735e-02, Grad norm = 2.757774e-07, Beta update rate = 9.377285e-08
Epoch 157200 (3.1%): Train pred MSE = 5.336549e-10, Test pred MSE = 8.106254e-03, Param MSE = 8.194736e-02, Grad norm = 2.738239e-07, Beta update rate = 9.310805e-08
Epoch 157400 (3.1%): Train pred MSE = 5.262104e-10, Test pred MSE = 8.106255e-03, Param MSE = 8.194737e-02, Grad norm = 2.718846e-07, Beta update rate = 9.244810e-08
Epoch 157600 (3.2%): Train pred MSE = 5.188710e-10, Test pred MSE = 8.106256e-03, Param MSE = 8.194737e-02, Grad norm = 2.699593e-07, Beta update rate = 9.179296e-08
Epoch 157800 (3.2%): Train pred MSE = 5.116351e-10, Test pred MSE = 8.106256e-03, Param MSE = 8.194738e-02, Grad norm = 2.680481e-07, Beta update rate = 9.114259e-08
Epoch 158000 (3.2%): Train pred MSE = 5.045013e-10, Test pred MSE = 8.106257e-03, Param MSE = 8.194739e-02, Grad norm = 2.661506e-07, Beta update rate = 9.049697e-08
Epoch 158200 (3.2%): Train pred MSE = 4.974681e-10, Test pred MSE = 8.106258e-03, Param MSE = 8.194740e-02, Grad norm = 2.642670e-07, Beta update rate = 8.985605e-08
Epoch 158400 (3.2%): Train pred MSE = 4.905341e-10, Test pred MSE = 8.106259e-03, Param MSE = 8.194741e-02, Grad norm = 2.623970e-07, Beta update rate = 8.921980e-08
Epoch 158600 (3.2%): Train pred MSE = 4.836979e-10, Test pred MSE = 8.106260e-03, Param MSE = 8.194742e-02, Grad norm = 2.605406e-07, Beta update rate = 8.858819e-08
Epoch 158800 (3.2%): Train pred MSE = 4.769581e-10, Test pred MSE = 8.106260e-03, Param MSE = 8.194743e-02, Grad norm = 2.586976e-07, Beta update rate = 8.796117e-08
Epoch 159000 (3.2%): Train pred MSE = 4.703133e-10, Test pred MSE = 8.106261e-03, Param MSE = 8.194743e-02, Grad norm = 2.568680e-07, Beta update rate = 8.733872e-08
Epoch 159200 (3.2%): Train pred MSE = 4.637621e-10, Test pred MSE = 8.106262e-03, Param MSE = 8.194744e-02, Grad norm = 2.550516e-07, Beta update rate = 8.672080e-08
Epoch 159400 (3.2%): Train pred MSE = 4.573033e-10, Test pred MSE = 8.106263e-03, Param MSE = 8.194745e-02, Grad norm = 2.532485e-07, Beta update rate = 8.610737e-08
Epoch 159600 (3.2%): Train pred MSE = 4.509354e-10, Test pred MSE = 8.106263e-03, Param MSE = 8.194746e-02, Grad norm = 2.514583e-07, Beta update rate = 8.549841e-08
Epoch 159800 (3.2%): Train pred MSE = 4.446573e-10, Test pred MSE = 8.106264e-03, Param MSE = 8.194747e-02, Grad norm = 2.496812e-07, Beta update rate = 8.489387e-08
Epoch 160000 (3.2%): Train pred MSE = 4.384675e-10, Test pred MSE = 8.106265e-03, Param MSE = 8.194748e-02, Grad norm = 2.479169e-07, Beta update rate = 8.429373e-08
Epoch 160200 (3.2%): Train pred MSE = 4.323650e-10, Test pred MSE = 8.106266e-03, Param MSE = 8.194749e-02, Grad norm = 2.461654e-07, Beta update rate = 8.369795e-08
Epoch 160400 (3.2%): Train pred MSE = 4.263483e-10, Test pred MSE = 8.106267e-03, Param MSE = 8.194750e-02, Grad norm = 2.444265e-07, Beta update rate = 8.310651e-08
Epoch 160600 (3.2%): Train pred MSE = 4.204163e-10, Test pred MSE = 8.106267e-03, Param MSE = 8.194750e-02, Grad norm = 2.427003e-07, Beta update rate = 8.251935e-08
Epoch 160800 (3.2%): Train pred MSE = 4.145678e-10, Test pred MSE = 8.106268e-03, Param MSE = 8.194751e-02, Grad norm = 2.409865e-07, Beta update rate = 8.193647e-08
Epoch 161000 (3.2%): Train pred MSE = 4.088016e-10, Test pred MSE = 8.106269e-03, Param MSE = 8.194752e-02, Grad norm = 2.392851e-07, Beta update rate = 8.135781e-08
Epoch 161200 (3.2%): Train pred MSE = 4.031166e-10, Test pred MSE = 8.106270e-03, Param MSE = 8.194753e-02, Grad norm = 2.375960e-07, Beta update rate = 8.078336e-08
Epoch 161400 (3.2%): Train pred MSE = 3.975115e-10, Test pred MSE = 8.106271e-03, Param MSE = 8.194754e-02, Grad norm = 2.359192e-07, Beta update rate = 8.021308e-08
Epoch 161600 (3.2%): Train pred MSE = 3.919852e-10, Test pred MSE = 8.106271e-03, Param MSE = 8.194755e-02, Grad norm = 2.342545e-07, Beta update rate = 7.964693e-08
Epoch 161800 (3.2%): Train pred MSE = 3.865367e-10, Test pred MSE = 8.106272e-03, Param MSE = 8.194756e-02, Grad norm = 2.326018e-07, Beta update rate = 7.908489e-08
Epoch 162000 (3.2%): Train pred MSE = 3.811647e-10, Test pred MSE = 8.106273e-03, Param MSE = 8.194756e-02, Grad norm = 2.309610e-07, Beta update rate = 7.852693e-08
Epoch 162200 (3.2%): Train pred MSE = 3.758683e-10, Test pred MSE = 8.106274e-03, Param MSE = 8.194757e-02, Grad norm = 2.293321e-07, Beta update rate = 7.797302e-08
Epoch 162400 (3.2%): Train pred MSE = 3.706463e-10, Test pred MSE = 8.106275e-03, Param MSE = 8.194758e-02, Grad norm = 2.277150e-07, Beta update rate = 7.742312e-08
Epoch 162600 (3.3%): Train pred MSE = 3.654977e-10, Test pred MSE = 8.106275e-03, Param MSE = 8.194759e-02, Grad norm = 2.261096e-07, Beta update rate = 7.687720e-08
Epoch 162800 (3.3%): Train pred MSE = 3.604214e-10, Test pred MSE = 8.106276e-03, Param MSE = 8.194760e-02, Grad norm = 2.245157e-07, Beta update rate = 7.633524e-08
Epoch 163000 (3.3%): Train pred MSE = 3.554164e-10, Test pred MSE = 8.106277e-03, Param MSE = 8.194761e-02, Grad norm = 2.229333e-07, Beta update rate = 7.579721e-08
Epoch 163200 (3.3%): Train pred MSE = 3.504817e-10, Test pred MSE = 8.106278e-03, Param MSE = 8.194762e-02, Grad norm = 2.213624e-07, Beta update rate = 7.526307e-08
Epoch 163400 (3.3%): Train pred MSE = 3.456163e-10, Test pred MSE = 8.106278e-03, Param MSE = 8.194762e-02, Grad norm = 2.198028e-07, Beta update rate = 7.473280e-08
Epoch 163600 (3.3%): Train pred MSE = 3.408192e-10, Test pred MSE = 8.106279e-03, Param MSE = 8.194763e-02, Grad norm = 2.182545e-07, Beta update rate = 7.420637e-08
Epoch 163800 (3.3%): Train pred MSE = 3.360895e-10, Test pred MSE = 8.106280e-03, Param MSE = 8.194764e-02, Grad norm = 2.167173e-07, Beta update rate = 7.368375e-08
Epoch 164000 (3.3%): Train pred MSE = 3.314261e-10, Test pred MSE = 8.106281e-03, Param MSE = 8.194765e-02, Grad norm = 2.151913e-07, Beta update rate = 7.316491e-08
Epoch 164200 (3.3%): Train pred MSE = 3.268282e-10, Test pred MSE = 8.106282e-03, Param MSE = 8.194766e-02, Grad norm = 2.136762e-07, Beta update rate = 7.264983e-08
Epoch 164400 (3.3%): Train pred MSE = 3.222948e-10, Test pred MSE = 8.106282e-03, Param MSE = 8.194767e-02, Grad norm = 2.121720e-07, Beta update rate = 7.213847e-08
Epoch 164600 (3.3%): Train pred MSE = 3.178250e-10, Test pred MSE = 8.106283e-03, Param MSE = 8.194768e-02, Grad norm = 2.106787e-07, Beta update rate = 7.163081e-08
Epoch 164800 (3.3%): Train pred MSE = 3.134179e-10, Test pred MSE = 8.106284e-03, Param MSE = 8.194768e-02, Grad norm = 2.091962e-07, Beta update rate = 7.112681e-08
Epoch 165000 (3.3%): Train pred MSE = 3.090726e-10, Test pred MSE = 8.106285e-03, Param MSE = 8.194769e-02, Grad norm = 2.077243e-07, Beta update rate = 7.062646e-08
Epoch 165200 (3.3%): Train pred MSE = 3.047882e-10, Test pred MSE = 8.106285e-03, Param MSE = 8.194770e-02, Grad norm = 2.062631e-07, Beta update rate = 7.012973e-08
Epoch 165400 (3.3%): Train pred MSE = 3.005638e-10, Test pred MSE = 8.106286e-03, Param MSE = 8.194771e-02, Grad norm = 2.048123e-07, Beta update rate = 6.963658e-08
Epoch 165600 (3.3%): Train pred MSE = 2.963987e-10, Test pred MSE = 8.106287e-03, Param MSE = 8.194772e-02, Grad norm = 2.033720e-07, Beta update rate = 6.914699e-08
Epoch 165800 (3.3%): Train pred MSE = 2.922920e-10, Test pred MSE = 8.106288e-03, Param MSE = 8.194773e-02, Grad norm = 2.019421e-07, Beta update rate = 6.866094e-08
Epoch 166000 (3.3%): Train pred MSE = 2.882427e-10, Test pred MSE = 8.106288e-03, Param MSE = 8.194773e-02, Grad norm = 2.005225e-07, Beta update rate = 6.817840e-08
Epoch 166200 (3.3%): Train pred MSE = 2.842503e-10, Test pred MSE = 8.106289e-03, Param MSE = 8.194774e-02, Grad norm = 1.991131e-07, Beta update rate = 6.769934e-08
Epoch 166400 (3.3%): Train pred MSE = 2.803137e-10, Test pred MSE = 8.106290e-03, Param MSE = 8.194775e-02, Grad norm = 1.977138e-07, Beta update rate = 6.722374e-08
Epoch 166600 (3.3%): Train pred MSE = 2.764322e-10, Test pred MSE = 8.106291e-03, Param MSE = 8.194776e-02, Grad norm = 1.963247e-07, Beta update rate = 6.675157e-08
Epoch 166800 (3.3%): Train pred MSE = 2.726052e-10, Test pred MSE = 8.106291e-03, Param MSE = 8.194777e-02, Grad norm = 1.949455e-07, Beta update rate = 6.628280e-08
Epoch 167000 (3.3%): Train pred MSE = 2.688316e-10, Test pred MSE = 8.106292e-03, Param MSE = 8.194778e-02, Grad norm = 1.935762e-07, Beta update rate = 6.581741e-08
Epoch 167200 (3.3%): Train pred MSE = 2.651110e-10, Test pred MSE = 8.106293e-03, Param MSE = 8.194778e-02, Grad norm = 1.922167e-07, Beta update rate = 6.535538e-08
Epoch 167400 (3.3%): Train pred MSE = 2.614423e-10, Test pred MSE = 8.106294e-03, Param MSE = 8.194779e-02, Grad norm = 1.908671e-07, Beta update rate = 6.489668e-08
Epoch 167600 (3.4%): Train pred MSE = 2.578251e-10, Test pred MSE = 8.106294e-03, Param MSE = 8.194780e-02, Grad norm = 1.895271e-07, Beta update rate = 6.444128e-08
Epoch 167800 (3.4%): Train pred MSE = 2.542584e-10, Test pred MSE = 8.106295e-03, Param MSE = 8.194781e-02, Grad norm = 1.881968e-07, Beta update rate = 6.398917e-08
Epoch 168000 (3.4%): Train pred MSE = 2.507416e-10, Test pred MSE = 8.106296e-03, Param MSE = 8.194782e-02, Grad norm = 1.868760e-07, Beta update rate = 6.354031e-08
Epoch 168200 (3.4%): Train pred MSE = 2.472740e-10, Test pred MSE = 8.106297e-03, Param MSE = 8.194782e-02, Grad norm = 1.855647e-07, Beta update rate = 6.309468e-08
Epoch 168400 (3.4%): Train pred MSE = 2.438549e-10, Test pred MSE = 8.106297e-03, Param MSE = 8.194783e-02, Grad norm = 1.842629e-07, Beta update rate = 6.265226e-08
Epoch 168600 (3.4%): Train pred MSE = 2.404835e-10, Test pred MSE = 8.106298e-03, Param MSE = 8.194784e-02, Grad norm = 1.829703e-07, Beta update rate = 6.221303e-08
Epoch 168800 (3.4%): Train pred MSE = 2.371594e-10, Test pred MSE = 8.106299e-03, Param MSE = 8.194785e-02, Grad norm = 1.816871e-07, Beta update rate = 6.177695e-08
Epoch 169000 (3.4%): Train pred MSE = 2.338816e-10, Test pred MSE = 8.106300e-03, Param MSE = 8.194786e-02, Grad norm = 1.804131e-07, Beta update rate = 6.134401e-08
Epoch 169200 (3.4%): Train pred MSE = 2.306497e-10, Test pred MSE = 8.106300e-03, Param MSE = 8.194786e-02, Grad norm = 1.791482e-07, Beta update rate = 6.091419e-08
Epoch 169400 (3.4%): Train pred MSE = 2.274629e-10, Test pred MSE = 8.106301e-03, Param MSE = 8.194787e-02, Grad norm = 1.778924e-07, Beta update rate = 6.048746e-08
Epoch 169600 (3.4%): Train pred MSE = 2.243207e-10, Test pred MSE = 8.106302e-03, Param MSE = 8.194788e-02, Grad norm = 1.766456e-07, Beta update rate = 6.006379e-08
Epoch 169800 (3.4%): Train pred MSE = 2.212223e-10, Test pred MSE = 8.106303e-03, Param MSE = 8.194789e-02, Grad norm = 1.754077e-07, Beta update rate = 5.964317e-08
Epoch 170000 (3.4%): Train pred MSE = 2.181672e-10, Test pred MSE = 8.106303e-03, Param MSE = 8.194790e-02, Grad norm = 1.741788e-07, Beta update rate = 5.922558e-08
Epoch 170200 (3.4%): Train pred MSE = 2.151548e-10, Test pred MSE = 8.106304e-03, Param MSE = 8.194790e-02, Grad norm = 1.729586e-07, Beta update rate = 5.881098e-08
Epoch 170400 (3.4%): Train pred MSE = 2.121844e-10, Test pred MSE = 8.106305e-03, Param MSE = 8.194791e-02, Grad norm = 1.717472e-07, Beta update rate = 5.839936e-08
Epoch 170600 (3.4%): Train pred MSE = 2.092555e-10, Test pred MSE = 8.106306e-03, Param MSE = 8.194792e-02, Grad norm = 1.705444e-07, Beta update rate = 5.799070e-08
Epoch 170800 (3.4%): Train pred MSE = 2.063675e-10, Test pred MSE = 8.106306e-03, Param MSE = 8.194793e-02, Grad norm = 1.693503e-07, Beta update rate = 5.758497e-08
Epoch 171000 (3.4%): Train pred MSE = 2.035197e-10, Test pred MSE = 8.106307e-03, Param MSE = 8.194794e-02, Grad norm = 1.681648e-07, Beta update rate = 5.718215e-08
Epoch 171200 (3.4%): Train pred MSE = 2.007117e-10, Test pred MSE = 8.106308e-03, Param MSE = 8.194794e-02, Grad norm = 1.669877e-07, Beta update rate = 5.678222e-08
Epoch 171400 (3.4%): Train pred MSE = 1.979428e-10, Test pred MSE = 8.106308e-03, Param MSE = 8.194795e-02, Grad norm = 1.658191e-07, Beta update rate = 5.638517e-08
Epoch 171600 (3.4%): Train pred MSE = 1.952126e-10, Test pred MSE = 8.106309e-03, Param MSE = 8.194796e-02, Grad norm = 1.646588e-07, Beta update rate = 5.599096e-08
Epoch 171800 (3.4%): Train pred MSE = 1.925204e-10, Test pred MSE = 8.106310e-03, Param MSE = 8.194797e-02, Grad norm = 1.635068e-07, Beta update rate = 5.559958e-08
Epoch 172000 (3.4%): Train pred MSE = 1.898658e-10, Test pred MSE = 8.106311e-03, Param MSE = 8.194797e-02, Grad norm = 1.623631e-07, Beta update rate = 5.521100e-08
Epoch 172200 (3.4%): Train pred MSE = 1.872482e-10, Test pred MSE = 8.106311e-03, Param MSE = 8.194798e-02, Grad norm = 1.612276e-07, Beta update rate = 5.482521e-08
Epoch 172400 (3.4%): Train pred MSE = 1.846670e-10, Test pred MSE = 8.106312e-03, Param MSE = 8.194799e-02, Grad norm = 1.601002e-07, Beta update rate = 5.444219e-08
Epoch 172600 (3.5%): Train pred MSE = 1.821219e-10, Test pred MSE = 8.106313e-03, Param MSE = 8.194800e-02, Grad norm = 1.589808e-07, Beta update rate = 5.406191e-08
Epoch 172800 (3.5%): Train pred MSE = 1.796122e-10, Test pred MSE = 8.106313e-03, Param MSE = 8.194800e-02, Grad norm = 1.578695e-07, Beta update rate = 5.368435e-08
Epoch 173000 (3.5%): Train pred MSE = 1.771374e-10, Test pred MSE = 8.106314e-03, Param MSE = 8.194801e-02, Grad norm = 1.567661e-07, Beta update rate = 5.330950e-08
Epoch 173200 (3.5%): Train pred MSE = 1.746971e-10, Test pred MSE = 8.106315e-03, Param MSE = 8.194802e-02, Grad norm = 1.556706e-07, Beta update rate = 5.293733e-08
Epoch 173400 (3.5%): Train pred MSE = 1.722908e-10, Test pred MSE = 8.106316e-03, Param MSE = 8.194803e-02, Grad norm = 1.545830e-07, Beta update rate = 5.256783e-08
Epoch 173600 (3.5%): Train pred MSE = 1.699180e-10, Test pred MSE = 8.106316e-03, Param MSE = 8.194804e-02, Grad norm = 1.535031e-07, Beta update rate = 5.220097e-08
Epoch 173800 (3.5%): Train pred MSE = 1.675783e-10, Test pred MSE = 8.106317e-03, Param MSE = 8.194804e-02, Grad norm = 1.524309e-07, Beta update rate = 5.183674e-08
Epoch 174000 (3.5%): Train pred MSE = 1.652711e-10, Test pred MSE = 8.106318e-03, Param MSE = 8.194805e-02, Grad norm = 1.513664e-07, Beta update rate = 5.147511e-08
Epoch 174200 (3.5%): Train pred MSE = 1.629960e-10, Test pred MSE = 8.106318e-03, Param MSE = 8.194806e-02, Grad norm = 1.503095e-07, Beta update rate = 5.111607e-08
Epoch 174400 (3.5%): Train pred MSE = 1.607526e-10, Test pred MSE = 8.106319e-03, Param MSE = 8.194807e-02, Grad norm = 1.492601e-07, Beta update rate = 5.075960e-08
Epoch 174600 (3.5%): Train pred MSE = 1.585404e-10, Test pred MSE = 8.106320e-03, Param MSE = 8.194807e-02, Grad norm = 1.482183e-07, Beta update rate = 5.040567e-08
Epoch 174800 (3.5%): Train pred MSE = 1.563589e-10, Test pred MSE = 8.106320e-03, Param MSE = 8.194808e-02, Grad norm = 1.471839e-07, Beta update rate = 5.005428e-08
Epoch 175000 (3.5%): Train pred MSE = 1.542078e-10, Test pred MSE = 8.106321e-03, Param MSE = 8.194809e-02, Grad norm = 1.461568e-07, Beta update rate = 4.970539e-08
Epoch 175200 (3.5%): Train pred MSE = 1.520867e-10, Test pred MSE = 8.106322e-03, Param MSE = 8.194809e-02, Grad norm = 1.451371e-07, Beta update rate = 4.935900e-08
Epoch 175400 (3.5%): Train pred MSE = 1.499950e-10, Test pred MSE = 8.106322e-03, Param MSE = 8.194810e-02, Grad norm = 1.441247e-07, Beta update rate = 4.901509e-08
Epoch 175600 (3.5%): Train pred MSE = 1.479324e-10, Test pred MSE = 8.106323e-03, Param MSE = 8.194811e-02, Grad norm = 1.431195e-07, Beta update rate = 4.867363e-08
Epoch 175800 (3.5%): Train pred MSE = 1.458984e-10, Test pred MSE = 8.106324e-03, Param MSE = 8.194812e-02, Grad norm = 1.421214e-07, Beta update rate = 4.833461e-08
Epoch 176000 (3.5%): Train pred MSE = 1.438927e-10, Test pred MSE = 8.106324e-03, Param MSE = 8.194812e-02, Grad norm = 1.411305e-07, Beta update rate = 4.799801e-08
Epoch 176200 (3.5%): Train pred MSE = 1.419149e-10, Test pred MSE = 8.106325e-03, Param MSE = 8.194813e-02, Grad norm = 1.401467e-07, Beta update rate = 4.766381e-08
Epoch 176400 (3.5%): Train pred MSE = 1.399646e-10, Test pred MSE = 8.106326e-03, Param MSE = 8.194814e-02, Grad norm = 1.391698e-07, Beta update rate = 4.733200e-08
Epoch 176600 (3.5%): Train pred MSE = 1.380414e-10, Test pred MSE = 8.106326e-03, Param MSE = 8.194815e-02, Grad norm = 1.381999e-07, Beta update rate = 4.700255e-08
Epoch 176800 (3.5%): Train pred MSE = 1.361448e-10, Test pred MSE = 8.106327e-03, Param MSE = 8.194815e-02, Grad norm = 1.372370e-07, Beta update rate = 4.667546e-08
Epoch 177000 (3.5%): Train pred MSE = 1.342746e-10, Test pred MSE = 8.106328e-03, Param MSE = 8.194816e-02, Grad norm = 1.362809e-07, Beta update rate = 4.635070e-08
Epoch 177200 (3.5%): Train pred MSE = 1.324304e-10, Test pred MSE = 8.106328e-03, Param MSE = 8.194817e-02, Grad norm = 1.353316e-07, Beta update rate = 4.602825e-08
Epoch 177400 (3.5%): Train pred MSE = 1.306118e-10, Test pred MSE = 8.106329e-03, Param MSE = 8.194817e-02, Grad norm = 1.343891e-07, Beta update rate = 4.570810e-08
Epoch 177600 (3.6%): Train pred MSE = 1.288184e-10, Test pred MSE = 8.106330e-03, Param MSE = 8.194818e-02, Grad norm = 1.334532e-07, Beta update rate = 4.539023e-08
Epoch 177800 (3.6%): Train pred MSE = 1.270499e-10, Test pred MSE = 8.106330e-03, Param MSE = 8.194819e-02, Grad norm = 1.325241e-07, Beta update rate = 4.507463e-08
Epoch 178000 (3.6%): Train pred MSE = 1.253059e-10, Test pred MSE = 8.106331e-03, Param MSE = 8.194820e-02, Grad norm = 1.316015e-07, Beta update rate = 4.476128e-08
Epoch 178200 (3.6%): Train pred MSE = 1.235862e-10, Test pred MSE = 8.106332e-03, Param MSE = 8.194820e-02, Grad norm = 1.306856e-07, Beta update rate = 4.445016e-08
Epoch 178400 (3.6%): Train pred MSE = 1.218903e-10, Test pred MSE = 8.106332e-03, Param MSE = 8.194821e-02, Grad norm = 1.297761e-07, Beta update rate = 4.414125e-08
Epoch 178600 (3.6%): Train pred MSE = 1.202179e-10, Test pred MSE = 8.106333e-03, Param MSE = 8.194822e-02, Grad norm = 1.288731e-07, Beta update rate = 4.383455e-08
Epoch 178800 (3.6%): Train pred MSE = 1.185687e-10, Test pred MSE = 8.106334e-03, Param MSE = 8.194822e-02, Grad norm = 1.279766e-07, Beta update rate = 4.353002e-08
Epoch 179000 (3.6%): Train pred MSE = 1.169423e-10, Test pred MSE = 8.106334e-03, Param MSE = 8.194823e-02, Grad norm = 1.270864e-07, Beta update rate = 4.322767e-08
Epoch 179200 (3.6%): Train pred MSE = 1.153385e-10, Test pred MSE = 8.106335e-03, Param MSE = 8.194824e-02, Grad norm = 1.262026e-07, Beta update rate = 4.292746e-08
Epoch 179400 (3.6%): Train pred MSE = 1.137570e-10, Test pred MSE = 8.106336e-03, Param MSE = 8.194824e-02, Grad norm = 1.253250e-07, Beta update rate = 4.262940e-08
Epoch 179600 (3.6%): Train pred MSE = 1.121973e-10, Test pred MSE = 8.106336e-03, Param MSE = 8.194825e-02, Grad norm = 1.244537e-07, Beta update rate = 4.233345e-08
Epoch 179800 (3.6%): Train pred MSE = 1.106593e-10, Test pred MSE = 8.106337e-03, Param MSE = 8.194826e-02, Grad norm = 1.235885e-07, Beta update rate = 4.203960e-08
Epoch 180000 (3.6%): Train pred MSE = 1.091426e-10, Test pred MSE = 8.106338e-03, Param MSE = 8.194826e-02, Grad norm = 1.227296e-07, Beta update rate = 4.174785e-08
Epoch 180200 (3.6%): Train pred MSE = 1.076468e-10, Test pred MSE = 8.106338e-03, Param MSE = 8.194827e-02, Grad norm = 1.218767e-07, Beta update rate = 4.145817e-08
Epoch 180400 (3.6%): Train pred MSE = 1.061718e-10, Test pred MSE = 8.106339e-03, Param MSE = 8.194828e-02, Grad norm = 1.210299e-07, Beta update rate = 4.117054e-08
Epoch 180600 (3.6%): Train pred MSE = 1.047173e-10, Test pred MSE = 8.106339e-03, Param MSE = 8.194828e-02, Grad norm = 1.201890e-07, Beta update rate = 4.088497e-08
Epoch 180800 (3.6%): Train pred MSE = 1.032828e-10, Test pred MSE = 8.106340e-03, Param MSE = 8.194829e-02, Grad norm = 1.193542e-07, Beta update rate = 4.060142e-08
Epoch 181000 (3.6%): Train pred MSE = 1.018682e-10, Test pred MSE = 8.106341e-03, Param MSE = 8.194830e-02, Grad norm = 1.185253e-07, Beta update rate = 4.031988e-08
Epoch 181200 (3.6%): Train pred MSE = 1.004732e-10, Test pred MSE = 8.106341e-03, Param MSE = 8.194830e-02, Grad norm = 1.177023e-07, Beta update rate = 4.004034e-08
Epoch 181400 (3.6%): Train pred MSE = 9.909751e-11, Test pred MSE = 8.106342e-03, Param MSE = 8.194831e-02, Grad norm = 1.168851e-07, Beta update rate = 3.976279e-08

Training completed at epoch 181400
Stop reason: train_pred_mse
Final Train pred MSE = 9.909751e-11
Final Test pred MSE = 8.106342e-03
Final Param MSE = 8.194831e-02
Final Grad norm = 1.168851e-07
Final Beta update rate = 3.976279e-08
Success flag: True (train_pred_mse < 1.00e-10)
Results metadata saved to results/diagonal/step1_mixture/pi_A=0.50--alpha=0.500000--seed=2/results_meta.json
Saved c_vec to results/diagonal/step1_mixture/pi_A=0.50--alpha=0.500000--seed=2/c_vec.npy

Results saved to results/diagonal/step1_mixture/pi_A=0.50--alpha=0.500000--seed=2/
Total jobs in this sweep: 108
Pi_A values: [0.1, 0.5, 0.9]
Alpha values: [0.05, 0.1, 0.2, 0.25, 0.3, 0.4, 0.5, 0.6, 0.7, 0.8, 0.9, 1.0]
Seeds: [0, 1, 2]
================================================================================
Step 1 Mixture Sweep - Experiment Parameters:
================================================================================
  c: 0.001
  c_A: 0.001
  c_B: 0.5
  c_mode: mixture
  epochs: 5000000
  init_method: complex
  inp_dim: 1000
  lmda: 0.0
  lr: 0.5
  n_test: 10000
  n_train: 500
  no_tuning: True
  pi_A: 0.5
  rho: 0.04
  save_folder: results/diagonal/step1_mixture/pi_A=0.50--alpha=0.500000--seed=2/
  scaling: 1.0
  seed: 2
  test_every_n_epochs: 200
  threshold: 1e-12
================================================================================

Running training script...

Extracting results and saving to CSV...
Results appended to /home/na658/multi-task2/experiment_results_step1_mixture.csv

✓ Experiment 56 completed successfully
[SLURM] Job 20446038 task 56 finished
